Data/Hora,Chuva Horária (mm),Nível adotado (cm),,,,,,,,,,,,,,,,,,
4/6/2024 20:45,0,853,,,,,,,,,,,,,,,,,,
4/6/2024 20:30,0,,,,,,,,,,,,,,,,,,,
4/6/2024 20:15,0,855,,,,,,,,,,,,,,,,,,
4/6/2024 20:00,0,854,,,,,,,,,,,,,,,,,,
4/6/2024 19:45,0,855,,,,,,,,,,,,,,,,,,
4/6/2024 19:30,0,,,,,,,,,,,,,,,,,,,
4/6/2024 19:15,0,,,,,,,,,,,,,,,,,,,
4/6/2024 19:00,0,858,,,,,,,,,,,,,,,,,,
4/6/2024 18:45,0,859,,,,,,,,,,,,,,,,,,
4/6/2024 18:30,0,,,,,,,,,,,,,,,,,,,
4/6/2024 18:15,0,859,,,,,,,,,,,,,,,,,,
4/6/2024 18:00,0,861,,,,,,,,,,,,,,,,,,
4/6/2024 17:45,0,1108,,,,,,,,,,,,,,,,,,
4/6/2024 17:30,0,862,,,,,,,,,,,,,,,,,,
4/6/2024 17:15,0,,,,,,,,,,,,,,,,,,,
4/6/2024 17:00,0,,,,,,,,,,,,,,,,,,,
4/6/2024 16:45,0,,,,,,,,,,,,,,,,,,,
4/6/2024 16:30,0,,,,,,,,,,,,,,,,,,,
4/6/2024 16:15,0,,,,,,,,,,,,,,,,,,,
4/6/2024 16:00,0,865,,,,,,,,,,,,,,,,,,
4/6/2024 15:45,0,,,,,,,,,,,,,,,,,,,
4/6/2024 15:30,0,,,,,,,,,,,,,,,,,,,
4/6/2024 15:15,0,866,,,,,,,,,,,,,,,,,,
4/6/2024 15:00,0,869,,,,,,,,,,,,,,,,,,
4/6/2024 14:45,0,868,,,,,,,,,,,,,,,,,,
4/6/2024 14:30,0,,,,,,,,,,,,,,,,,,,
4/6/2024 14:15,0,871,,,,,,,,,,,,,,,,,,
4/6/2024 14:00,0,,,,,,,,,,,,,,,,,,,
4/6/2024 13:45,0,,,,,,,,,,,,,,,,,,,
4/6/2024 13:30,0,,,,,,,,,,,,,,,,,,,
4/6/2024 13:15,0,,,,,,,,,,,,,,,,,,,
4/6/2024 13:00,0,,,,,,,,,,,,,,,,,,,
4/6/2024 12:45,0,,,,,,,,,,,,,,,,,,,
4/6/2024 12:30,0,,,,,,,,,,,,,,,,,,,
4/6/2024 12:15,0,,,,,,,,,,,,,,,,,,,
4/6/2024 12:00,0,,,,,,,,,,,,,,,,,,,
4/6/2024 11:45,0,,,,,,,,,,,,,,,,,,,
4/6/2024 11:30,0,,,,,,,,,,,,,,,,,,,
4/6/2024 11:15,0,,,,,,,,,,,,,,,,,,,
4/6/2024 11:00,0,,,,,,,,,,,,,,,,,,,
4/6/2024 10:45,0,,,,,,,,,,,,,,,,,,,
4/6/2024 10:30,0,,,,,,,,,,,,,,,,,,,
4/6/2024 10:15,0,,,,,,,,,,,,,,,,,,,
4/6/2024 10:00,0,,,,,,,,,,,,,,,,,,,
4/6/2024 9:45,0,,,,,,,,,,,,,,,,,,,
4/6/2024 9:30,0,,,,,,,,,,,,,,,,,,,
4/6/2024 9:15,0,,,,,,,,,,,,,,,,,,,
4/6/2024 9:00,0,885,,,,,,,,,,,,,,,,,,
4/6/2024 8:45,0,887,,,,,,,,,,,,,,,,,,
4/6/2024 8:30,0,887,,,,,,,,,,,,,,,,,,
4/6/2024 8:15,0,888,,,,,,,,,,,,,,,,,,
4/6/2024 8:00,0,,,,,,,,,,,,,,,,,,,
4/6/2024 7:45,0,,,,,,,,,,,,,,,,,,,
4/6/2024 7:30,0,,,,,,,,,,,,,,,,,,,
4/6/2024 7:15,0,,,,,,,,,,,,,,,,,,,
4/6/2024 7:00,0,,,,,,,,,,,,,,,,,,,
4/6/2024 6:45,0,,,,,,,,,,,,,,,,,,,
4/6/2024 6:30,0,,,,,,,,,,,,,,,,,,,
4/6/2024 6:15,0,,,,,,,,,,,,,,,,,,,
4/6/2024 6:00,0,,,,,,,,,,,,,,,,,,,
4/6/2024 5:45,0,,,,,,,,,,,,,,,,,,,
4/6/2024 5:30,0,,,,,,,,,,,,,,,,,,,
4/6/2024 5:15,0,895,,,,,,,,,,,,,,,,,,
4/6/2024 5:00,0,897,,,,,,,,,,,,,,,,,,
4/6/2024 4:45,0,898,,,,,,,,,,,,,,,,,,
4/6/2024 4:30,0,899,,,,,,,,,,,,,,,,,,
4/6/2024 4:15,0,,,,,,,,,,,,,,,,,,,
4/6/2024 4:00,0,,,,,,,,,,,,,,,,,,,
4/6/2024 3:45,0,,,,,,,,,,,,,,,,,,,
4/6/2024 3:30,0,901,,,,,,,,,,,,,,,,,,
4/6/2024 3:15,0,902,,,,,,,,,,,,,,,,,,
4/6/2024 3:00,0,902,,,,,,,,,,,,,,,,,,
4/6/2024 2:45,0,928,,,,,,,,,,,,,,,,,,
4/6/2024 2:30,0,904,,,,,,,,,,,,,,,,,,
4/6/2024 2:15,0,905,,,,,,,,,,,,,,,,,,
4/6/2024 2:00,0,905,,,,,,,,,,,,,,,,,,
4/6/2024 1:45,0,906,,,,,,,,,,,,,,,,,,
4/6/2024 1:30,0,,,,,,,,,,,,,,,,,,,
4/6/2024 1:15,0,,,,,,,,,,,,,,,,,,,
4/6/2024 1:00,0,,,,,,,,,,,,,,,,,,,
4/6/2024 0:45,0,,,,,,,,,,,,,,,,,,,
4/6/2024 0:30,0,,,,,,,,,,,,,,,,,,,
4/6/2024 0:15,0,,,,,,,,,,,,,,,,,,,
4/6/2024 0:00,0,,,,,,,,,,,,,,,,,,,
3/6/2024 23:45,0,,,,,,,,,,,,,,,,,,,
3/6/2024 23:30,0,,,,,,,,,,,,,,,,,,,
3/6/2024 23:15,0,,,,,,,,,,,,,,,,,,,
3/6/2024 23:00,0,,,,,,,,,,,,,,,,,,,
3/6/2024 22:45,0,,,,,,,,,,,,,,,,,,,
3/6/2024 22:30,0,,,,,,,,,,,,,,,,,,,
3/6/2024 22:15,0,,,,,,,,,,,,,,,,,,,
3/6/2024 22:00,0,,,,,,,,,,,,,,,,,,,
3/6/2024 21:45,0,,,,,,,,,,,,,,,,,,,
3/6/2024 21:30,0,,,,,,,,,,,,,,,,,,,
3/6/2024 21:15,0,,,,,,,,,,,,,,,,,,,
3/6/2024 21:00,0,,,,,,,,,,,,,,,,,,,
3/6/2024 20:45,0,,,,,,,,,,,,,,,,,,,
3/6/2024 20:30,0,,,,,,,,,,,,,,,,,,,
3/6/2024 20:15,0,957,,,,,,,,,,,,,,,,,,
3/6/2024 20:00,0,957,,,,,,,,,,,,,,,,,,
3/6/2024 19:45,0,957,,,,,,,,,,,,,,,,,,
3/6/2024 19:30,0,957,,,,,,,,,,,,,,,,,,
3/6/2024 19:15,0,957,,,,,,,,,,,,,,,,,,
3/6/2024 19:00,0,957,,,,,,,,,,,,,,,,,,
3/6/2024 18:45,0,,,,,,,,,,,,,,,,,,,
3/6/2024 18:30,0,926,,,,,,,,,,,,,,,,,,
3/6/2024 18:15,0,927,,,,,,,,,,,,,,,,,,
3/6/2024 18:00,0,928,,,,,,,,,,,,,,,,,,
3/6/2024 17:45,0,931,,,,,,,,,,,,,,,,,,
3/6/2024 17:30,0.2,933,,,,,,,,,,,,,,,,,,
3/6/2024 17:15,0,934,,,,,,,,,,,,,,,,,,
3/6/2024 17:00,0,934,,,,,,,,,,,,,,,,,,
3/6/2024 16:45,0,935,,,,,,,,,,,,,,,,,,
3/6/2024 16:30,0,934,,,,,,,,,,,,,,,,,,
3/6/2024 16:15,0,934,,,,,,,,,,,,,,,,,,
3/6/2024 16:00,0,935,,,,,,,,,,,,,,,,,,
3/6/2024 15:45,0,936,,,,,,,,,,,,,,,,,,
3/6/2024 15:30,0,936,,,,,,,,,,,,,,,,,,
3/6/2024 15:15,0,938,,,,,,,,,,,,,,,,,,
3/6/2024 15:00,0,939,,,,,,,,,,,,,,,,,,
3/6/2024 14:45,0,939,,,,,,,,,,,,,,,,,,
3/6/2024 14:30,0,940,,,,,,,,,,,,,,,,,,
3/6/2024 14:15,0,941,,,,,,,,,,,,,,,,,,
3/6/2024 14:00,0,942,,,,,,,,,,,,,,,,,,
3/6/2024 13:45,0,942,,,,,,,,,,,,,,,,,,
3/6/2024 13:30,0,943,,,,,,,,,,,,,,,,,,
3/6/2024 13:15,0,944,,,,,,,,,,,,,,,,,,
3/6/2024 13:00,0,944,,,,,,,,,,,,,,,,,,
3/6/2024 12:45,0,945,,,,,,,,,,,,,,,,,,
3/6/2024 12:30,0,946,,,,,,,,,,,,,,,,,,
3/6/2024 12:15,0,947,,,,,,,,,,,,,,,,,,
3/6/2024 12:00,0,948,,,,,,,,,,,,,,,,,,
3/6/2024 11:45,0,948,,,,,,,,,,,,,,,,,,
3/6/2024 11:30,0,949,,,,,,,,,,,,,,,,,,
3/6/2024 11:15,0,949,,,,,,,,,,,,,,,,,,
3/6/2024 11:00,0,950,,,,,,,,,,,,,,,,,,
3/6/2024 10:45,0.2,951,,,,,,,,,,,,,,,,,,
3/6/2024 10:30,0.4,952,,,,,,,,,,,,,,,,,,
3/6/2024 10:15,0,952,,,,,,,,,,,,,,,,,,
3/6/2024 10:00,0,952,,,,,,,,,,,,,,,,,,
3/6/2024 9:45,0,953,,,,,,,,,,,,,,,,,,
3/6/2024 9:30,0.4,954,,,,,,,,,,,,,,,,,,
3/6/2024 9:15,1,955,,,,,,,,,,,,,,,,,,
3/6/2024 9:00,0.4,955,,,,,,,,,,,,,,,,,,
3/6/2024 8:45,1.8,956,,,,,,,,,,,,,,,,,,
3/6/2024 8:30,2,956,,,,,,,,,,,,,,,,,,
3/6/2024 8:15,1.8,957,,,,,,,,,,,,,,,,,,
3/6/2024 8:00,1.6,958,,,,,,,,,,,,,,,,,,
3/6/2024 7:45,3.2,958,,,,,,,,,,,,,,,,,,
3/6/2024 7:30,1.8,959,,,,,,,,,,,,,,,,,,
3/6/2024 7:15,0.4,959,,,,,,,,,,,,,,,,,,
3/6/2024 7:00,1,960,,,,,,,,,,,,,,,,,,
3/6/2024 6:45,0.6,961,,,,,,,,,,,,,,,,,,
3/6/2024 6:30,0,962,,,,,,,,,,,,,,,,,,
3/6/2024 6:15,0,961,,,,,,,,,,,,,,,,,,
3/6/2024 6:00,0,963,,,,,,,,,,,,,,,,,,
3/6/2024 5:45,0,963,,,,,,,,,,,,,,,,,,
3/6/2024 5:30,0,964,,,,,,,,,,,,,,,,,,
3/6/2024 5:15,0,965,,,,,,,,,,,,,,,,,,
3/6/2024 5:00,0,964,,,,,,,,,,,,,,,,,,
3/6/2024 4:45,0,967,,,,,,,,,,,,,,,,,,
3/6/2024 4:30,0,965,,,,,,,,,,,,,,,,,,
3/6/2024 4:15,0,966,,,,,,,,,,,,,,,,,,
3/6/2024 4:00,0,967,,,,,,,,,,,,,,,,,,
3/6/2024 3:45,0,968,,,,,,,,,,,,,,,,,,
3/6/2024 3:30,0,,,,,,,,,,,,,,,,,,,
3/6/2024 3:15,0,,,,,,,,,,,,,,,,,,,
3/6/2024 3:00,0,,,,,,,,,,,,,,,,,,,
3/6/2024 2:45,0,,,,,,,,,,,,,,,,,,,
3/6/2024 2:30,0,,,,,,,,,,,,,,,,,,,
3/6/2024 2:15,0,,,,,,,,,,,,,,,,,,,
3/6/2024 2:00,0,,,,,,,,,,,,,,,,,,,
3/6/2024 1:45,0,,,,,,,,,,,,,,,,,,,
3/6/2024 1:30,0,,,,,,,,,,,,,,,,,,,
3/6/2024 1:15,0,,,,,,,,,,,,,,,,,,,
3/6/2024 1:00,0,,,,,,,,,,,,,,,,,,,
3/6/2024 0:45,0,,,,,,,,,,,,,,,,,,,
3/6/2024 0:30,0,,,,,,,,,,,,,,,,,,,
3/6/2024 0:15,0,,,,,,,,,,,,,,,,,,,
3/6/2024 0:00,0,,,,,,,,,,,,,,,,,,,
2/6/2024 23:45,0,,,,,,,,,,,,,,,,,,,
2/6/2024 23:30,0,,,,,,,,,,,,,,,,,,,
2/6/2024 23:15,0,,,,,,,,,,,,,,,,,,,
2/6/2024 23:00,0,,,,,,,,,,,,,,,,,,,
2/6/2024 22:45,0,,,,,,,,,,,,,,,,,,,
2/6/2024 22:30,0,,,,,,,,,,,,,,,,,,,
2/6/2024 22:15,0,,,,,,,,,,,,,,,,,,,
2/6/2024 22:00,0,,,,,,,,,,,,,,,,,,,
2/6/2024 21:45,0,,,,,,,,,,,,,,,,,,,
2/6/2024 21:30,0,,,,,,,,,,,,,,,,,,,
2/6/2024 21:15,0,,,,,,,,,,,,,,,,,,,
2/6/2024 21:00,0,,,,,,,,,,,,,,,,,,,
2/6/2024 20:45,0,,,,,,,,,,,,,,,,,,,
2/6/2024 20:30,0,,,,,,,,,,,,,,,,,,,
2/6/2024 20:15,0,,,,,,,,,,,,,,,,,,,
2/6/2024 20:00,0,990,,,,,,,,,,,,,,,,,,
2/6/2024 19:45,0,989,,,,,,,,,,,,,,,,,,
2/6/2024 19:30,0,991,,,,,,,,,,,,,,,,,,
2/6/2024 19:15,0,,,,,,,,,,,,,,,,,,,
2/6/2024 19:00,0,,,,,,,,,,,,,,,,,,,
2/6/2024 18:45,0,993,,,,,,,,,,,,,,,,,,
2/6/2024 18:30,0,994,,,,,,,,,,,,,,,,,,
2/6/2024 18:15,0,994,,,,,,,,,,,,,,,,,,
2/6/2024 18:00,0,995,,,,,,,,,,,,,,,,,,
2/6/2024 17:45,0,997,,,,,,,,,,,,,,,,,,
2/6/2024 17:30,0,995,,,,,,,,,,,,,,,,,,
2/6/2024 17:15,0,996,,,,,,,,,,,,,,,,,,
2/6/2024 17:00,0,998,,,,,,,,,,,,,,,,,,
2/6/2024 16:45,0,998,,,,,,,,,,,,,,,,,,
2/6/2024 16:30,0,999,,,,,,,,,,,,,,,,,,
2/6/2024 16:15,0,998,,,,,,,,,,,,,,,,,,
2/6/2024 16:00,0,999,,,,,,,,,,,,,,,,,,
2/6/2024 15:45,0,1001,,,,,,,,,,,,,,,,,,
2/6/2024 15:30,0,1001,,,,,,,,,,,,,,,,,,
2/6/2024 15:15,0,1003,,,,,,,,,,,,,,,,,,
2/6/2024 15:00,0,1003,,,,,,,,,,,,,,,,,,
2/6/2024 14:45,0,1005,,,,,,,,,,,,,,,,,,
2/6/2024 14:30,0,1005,,,,,,,,,,,,,,,,,,
2/6/2024 14:15,0,1005,,,,,,,,,,,,,,,,,,
2/6/2024 14:00,0,1006,,,,,,,,,,,,,,,,,,
2/6/2024 13:45,0,1006,,,,,,,,,,,,,,,,,,
2/6/2024 13:30,0,1007,,,,,,,,,,,,,,,,,,
2/6/2024 13:15,0,1008,,,,,,,,,,,,,,,,,,
2/6/2024 13:00,0,1008,,,,,,,,,,,,,,,,,,
2/6/2024 12:45,0,1009,,,,,,,,,,,,,,,,,,
2/6/2024 12:30,0,1011,,,,,,,,,,,,,,,,,,
2/6/2024 12:15,0,1010,,,,,,,,,,,,,,,,,,
2/6/2024 12:00,0,1010,,,,,,,,,,,,,,,,,,
2/6/2024 11:45,0,1012,,,,,,,,,,,,,,,,,,
2/6/2024 11:30,0,1011,,,,,,,,,,,,,,,,,,
2/6/2024 11:15,0,1014,,,,,,,,,,,,,,,,,,
2/6/2024 11:00,0,1013,,,,,,,,,,,,,,,,,,
2/6/2024 10:45,0,1013,,,,,,,,,,,,,,,,,,
2/6/2024 10:30,0,1014,,,,,,,,,,,,,,,,,,
2/6/2024 10:15,0,1015,,,,,,,,,,,,,,,,,,
2/6/2024 10:00,0.2,1017,,,,,,,,,,,,,,,,,,
2/6/2024 9:45,0,1017,,,,,,,,,,,,,,,,,,
2/6/2024 9:30,0,1017,,,,,,,,,,,,,,,,,,
2/6/2024 9:15,0,1017,,,,,,,,,,,,,,,,,,
2/6/2024 9:00,0,1018,,,,,,,,,,,,,,,,,,
2/6/2024 8:45,0,1019,,,,,,,,,,,,,,,,,,
2/6/2024 8:30,0,1019,,,,,,,,,,,,,,,,,,
2/6/2024 8:15,0,1020,,,,,,,,,,,,,,,,,,
2/6/2024 8:00,0,1022,,,,,,,,,,,,,,,,,,
2/6/2024 7:45,0,1022,,,,,,,,,,,,,,,,,,
2/6/2024 7:30,0,1022,,,,,,,,,,,,,,,,,,
2/6/2024 7:15,0,1023,,,,,,,,,,,,,,,,,,
2/6/2024 7:00,0,1025,,,,,,,,,,,,,,,,,,
2/6/2024 6:45,0,1025,,,,,,,,,,,,,,,,,,
2/6/2024 6:30,0,1025,,,,,,,,,,,,,,,,,,
2/6/2024 6:15,0,1026,,,,,,,,,,,,,,,,,,
2/6/2024 6:00,0,1027,,,,,,,,,,,,,,,,,,
2/6/2024 5:45,0,1027,,,,,,,,,,,,,,,,,,
2/6/2024 5:30,0,1027,,,,,,,,,,,,,,,,,,
2/6/2024 5:15,0,1027,,,,,,,,,,,,,,,,,,
2/6/2024 5:00,0,1028,,,,,,,,,,,,,,,,,,
2/6/2024 4:45,0,1030,,,,,,,,,,,,,,,,,,
2/6/2024 4:30,0,1030,,,,,,,,,,,,,,,,,,
2/6/2024 4:15,0,1030,,,,,,,,,,,,,,,,,,
2/6/2024 4:00,0,1031,,,,,,,,,,,,,,,,,,
2/6/2024 3:45,0,1031,,,,,,,,,,,,,,,,,,
2/6/2024 3:30,0,1030,,,,,,,,,,,,,,,,,,
2/6/2024 3:15,0,1032,,,,,,,,,,,,,,,,,,
2/6/2024 3:00,0,1033,,,,,,,,,,,,,,,,,,
2/6/2024 2:45,0,1033,,,,,,,,,,,,,,,,,,
2/6/2024 2:30,0,1033,,,,,,,,,,,,,,,,,,
2/6/2024 2:15,0,1035,,,,,,,,,,,,,,,,,,
2/6/2024 2:00,0,1035,,,,,,,,,,,,,,,,,,
2/6/2024 1:45,0,1039,,,,,,,,,,,,,,,,,,
2/6/2024 1:30,0,1040,,,,,,,,,,,,,,,,,,
2/6/2024 1:15,0,1039,,,,,,,,,,,,,,,,,,
2/6/2024 1:00,0,1041,,,,,,,,,,,,,,,,,,
2/6/2024 0:45,0,1039,,,,,,,,,,,,,,,,,,
2/6/2024 0:30,0,1040,,,,,,,,,,,,,,,,,,
2/6/2024 0:15,0,1039,,,,,,,,,,,,,,,,,,
2/6/2024 0:00,0,1041,,,,,,,,,,,,,,,,,,
1/6/2024 23:45,0,1042,,,,,,,,,,,,,,,,,,
1/6/2024 23:30,0,1041,,,,,,,,,,,,,,,,,,
1/6/2024 23:15,0,,,,,,,,,,,,,,,,,,,
1/6/2024 23:00,0,,,,,,,,,,,,,,,,,,,
1/6/2024 22:45,0,,,,,,,,,,,,,,,,,,,
1/6/2024 22:30,0,,,,,,,,,,,,,,,,,,,
1/6/2024 22:15,0,,,,,,,,,,,,,,,,,,,
1/6/2024 22:00,0,,,,,,,,,,,,,,,,,,,
1/6/2024 21:45,0,,,,,,,,,,,,,,,,,,,
1/6/2024 21:30,0,,,,,,,,,,,,,,,,,,,
1/6/2024 21:15,0,,,,,,,,,,,,,,,,,,,
1/6/2024 21:00,0,,,,,,,,,,,,,,,,,,,
1/6/2024 20:45,0,,,,,,,,,,,,,,,,,,,
1/6/2024 20:30,0,1046,,,,,,,,,,,,,,,,,,
1/6/2024 20:15,0,1049,,,,,,,,,,,,,,,,,,
1/6/2024 20:00,0,1048,,,,,,,,,,,,,,,,,,
1/6/2024 19:45,0,1050,,,,,,,,,,,,,,,,,,
1/6/2024 19:30,0,1050,,,,,,,,,,,,,,,,,,
1/6/2024 19:15,0,1050,,,,,,,,,,,,,,,,,,
1/6/2024 19:00,0,1051,,,,,,,,,,,,,,,,,,
1/6/2024 18:45,0,1051,,,,,,,,,,,,,,,,,,
1/6/2024 18:30,0,,,,,,,,,,,,,,,,,,,
1/6/2024 18:15,0,,,,,,,,,,,,,,,,,,,
1/6/2024 18:00,0,1056,,,,,,,,,,,,,,,,,,
1/6/2024 17:45,0,1056,,,,,,,,,,,,,,,,,,
1/6/2024 17:30,0,1056,,,,,,,,,,,,,,,,,,
1/6/2024 17:15,0,1057,,,,,,,,,,,,,,,,,,
1/6/2024 17:00,0,1059,,,,,,,,,,,,,,,,,,
1/6/2024 16:45,0,1059,,,,,,,,,,,,,,,,,,
1/6/2024 16:30,0,1060,,,,,,,,,,,,,,,,,,
1/6/2024 16:15,0,1061,,,,,,,,,,,,,,,,,,
1/6/2024 16:00,0,1060,,,,,,,,,,,,,,,,,,
1/6/2024 15:45,0,1059,,,,,,,,,,,,,,,,,,
1/6/2024 15:30,0,1060,,,,,,,,,,,,,,,,,,
1/6/2024 15:15,0,1058,,,,,,,,,,,,,,,,,,
1/6/2024 15:00,0,1061,,,,,,,,,,,,,,,,,,
1/6/2024 14:45,0,1062,,,,,,,,,,,,,,,,,,
1/6/2024 14:30,0,1061,,,,,,,,,,,,,,,,,,
1/6/2024 14:15,0,,,,,,,,,,,,,,,,,,,
1/6/2024 14:00,0,1059,,,,,,,,,,,,,,,,,,
1/6/2024 13:45,0,1060,,,,,,,,,,,,,,,,,,
1/6/2024 13:30,0,,,,,,,,,,,,,,,,,,,
1/6/2024 13:15,0,,,,,,,,,,,,,,,,,,,
1/6/2024 13:00,0,1060,,,,,,,,,,,,,,,,,,
1/6/2024 12:45,0,1063,,,,,,,,,,,,,,,,,,
1/6/2024 12:30,0,,,,,,,,,,,,,,,,,,,
1/6/2024 12:15,0,1066,,,,,,,,,,,,,,,,,,
1/6/2024 12:00,0,1066,,,,,,,,,,,,,,,,,,
1/6/2024 11:45,0,1065,,,,,,,,,,,,,,,,,,
1/6/2024 11:30,0,1066,,,,,,,,,,,,,,,,,,
1/6/2024 11:15,0,1068,,,,,,,,,,,,,,,,,,
1/6/2024 11:00,0,,,,,,,,,,,,,,,,,,,
1/6/2024 10:45,0,1066,,,,,,,,,,,,,,,,,,
1/6/2024 10:30,0,1070,,,,,,,,,,,,,,,,,,
1/6/2024 10:15,0,1069,,,,,,,,,,,,,,,,,,
1/6/2024 10:00,0,1069,,,,,,,,,,,,,,,,,,
1/6/2024 9:45,0,1070,,,,,,,,,,,,,,,,,,
1/6/2024 9:30,0,1070,,,,,,,,,,,,,,,,,,
1/6/2024 9:15,0,1071,,,,,,,,,,,,,,,,,,
1/6/2024 9:00,0,1072,,,,,,,,,,,,,,,,,,
1/6/2024 8:45,0,1070,,,,,,,,,,,,,,,,,,
1/6/2024 8:30,0,1073,,,,,,,,,,,,,,,,,,
1/6/2024 8:15,0,1073,,,,,,,,,,,,,,,,,,
1/6/2024 8:00,0,1073,,,,,,,,,,,,,,,,,,
1/6/2024 7:45,0,1074,,,,,,,,,,,,,,,,,,
1/6/2024 7:30,0,1073,,,,,,,,,,,,,,,,,,
1/6/2024 7:15,0.2,1074,,,,,,,,,,,,,,,,,,
1/6/2024 7:00,0,1074,,,,,,,,,,,,,,,,,,
1/6/2024 6:45,0,1073,,,,,,,,,,,,,,,,,,
1/6/2024 6:30,0,,,,,,,,,,,,,,,,,,,
1/6/2024 6:15,0,1075,,,,,,,,,,,,,,,,,,
1/6/2024 6:00,0,1074,,,,,,,,,,,,,,,,,,
1/6/2024 5:45,0,1078,,,,,,,,,,,,,,,,,,
1/6/2024 5:30,0,1079,,,,,,,,,,,,,,,,,,
1/6/2024 5:15,0,1078,,,,,,,,,,,,,,,,,,
1/6/2024 5:00,0,1078,,,,,,,,,,,,,,,,,,
1/6/2024 4:45,0,1077,,,,,,,,,,,,,,,,,,
1/6/2024 4:30,0,1079,,,,,,,,,,,,,,,,,,
1/6/2024 4:15,0,1080,,,,,,,,,,,,,,,,,,
1/6/2024 4:00,0,1080,,,,,,,,,,,,,,,,,,
1/6/2024 3:45,0,1083,,,,,,,,,,,,,,,,,,
1/6/2024 3:30,0,,,,,,,,,,,,,,,,,,,
1/6/2024 3:15,0,,,,,,,,,,,,,,,,,,,
1/6/2024 3:00,0,,,,,,,,,,,,,,,,,,,
1/6/2024 2:45,0,,,,,,,,,,,,,,,,,,,
1/6/2024 2:30,0,,,,,,,,,,,,,,,,,,,
1/6/2024 2:15,0.2,,,,,,,,,,,,,,,,,,,
1/6/2024 2:00,0,,,,,,,,,,,,,,,,,,,
1/6/2024 1:45,0,,,,,,,,,,,,,,,,,,,
1/6/2024 1:30,0,,,,,,,,,,,,,,,,,,,
1/6/2024 1:15,0,,,,,,,,,,,,,,,,,,,
1/6/2024 1:00,0,,,,,,,,,,,,,,,,,,,
1/6/2024 0:45,0,,,,,,,,,,,,,,,,,,,
1/6/2024 0:30,0,,,,,,,,,,,,,,,,,,,
1/6/2024 0:15,0,,,,,,,,,,,,,,,,,,,
1/6/2024 0:00,0,,,,,,,,,,,,,,,,,,,
31/05/2024 23:45:00,0,,,,,,,,,,,,,,,,,,,
31/05/2024 23:30:00,0,,,,,,,,,,,,,,,,,,,
31/05/2024 23:15:00,0,,,,,,,,,,,,,,,,,,,
31/05/2024 23:00:00,0,,,,,,,,,,,,,,,,,,,
31/05/2024 22:45:00,0,,,,,,,,,,,,,,,,,,,
31/05/2024 22:30:00,0,,,,,,,,,,,,,,,,,,,
31/05/2024 22:15:00,0,,,,,,,,,,,,,,,,,,,
31/05/2024 22:00:00,0,,,,,,,,,,,,,,,,,,,
31/05/2024 21:45:00,0,,,,,,,,,,,,,,,,,,,
31/05/2024 21:30:00,0,,,,,,,,,,,,,,,,,,,
31/05/2024 21:15:00,0,,,,,,,,,,,,,,,,,,,
31/05/2024 21:00:00,0,,,,,,,,,,,,,,,,,,,
31/05/2024 20:45:00,0,,,,,,,,,,,,,,,,,,,
31/05/2024 20:30:00,0,,,,,,,,,,,,,,,,,,,
31/05/2024 20:15:00,0,,,,,,,,,,,,,,,,,,,
31/05/2024 20:00:00,0,1107,,,,,,,,,,,,,,,,,,
31/05/2024 19:45:00,0,,,,,,,,,,,,,,,,,,,
31/05/2024 19:30:00,0,,,,,,,,,,,,,,,,,,,
31/05/2024 19:15:00,0,,,,,,,,,,,,,,,,,,,
31/05/2024 19:00:00,0,,,,,,,,,,,,,,,,,,,
31/05/2024 18:45:00,0,1116,,,,,,,,,,,,,,,,,,
31/05/2024 18:30:00,0,,,,,,,,,,,,,,,,,,,
31/05/2024 18:15:00,0,,,,,,,,,,,,,,,,,,,
31/05/2024 18:00:00,0,,,,,,,,,,,,,,,,,,,
31/05/2024 17:45:00,0,,,,,,,,,,,,,,,,,,,
31/05/2024 17:30:00,0,,,,,,,,,,,,,,,,,,,
31/05/2024 17:15:00,0,,,,,,,,,,,,,,,,,,,
31/05/2024 17:00:00,0,,,,,,,,,,,,,,,,,,,
31/05/2024 16:45:00,0,,,,,,,,,,,,,,,,,,,
31/05/2024 16:30:00,0,,,,,,,,,,,,,,,,,,,
31/05/2024 16:15:00,0,,,,,,,,,,,,,,,,,,,
31/05/2024 16:00:00,0,,,,,,,,,,,,,,,,,,,
31/05/2024 15:45:00,0,,,,,,,,,,,,,,,,,,,
31/05/2024 15:30:00,0,,,,,,,,,,,,,,,,,,,
31/05/2024 15:15:00,0,,,,,,,,,,,,,,,,,,,
31/05/2024 15:00:00,0,,,,,,,,,,,,,,,,,,,
31/05/2024 14:45:00,0,,,,,,,,,,,,,,,,,,,
31/05/2024 14:30:00,0,,,,,,,,,,,,,,,,,,,
31/05/2024 14:15:00,0,,,,,,,,,,,,,,,,,,,
31/05/2024 14:00:00,0,,,,,,,,,,,,,,,,,,,
31/05/2024 13:45:00,0,,,,,,,,,,,,,,,,,,,
31/05/2024 13:30:00,0,,,,,,,,,,,,,,,,,,,
31/05/2024 13:15:00,0,,,,,,,,,,,,,,,,,,,
31/05/2024 13:00:00,0,,,,,,,,,,,,,,,,,,,
31/05/2024 12:45:00,0,,,,,,,,,,,,,,,,,,,
31/05/2024 12:30:00,0,,,,,,,,,,,,,,,,,,,
31/05/2024 12:15:00,0,,,,,,,,,,,,,,,,,,,
31/05/2024 12:00:00,0,,,,,,,,,,,,,,,,,,,
31/05/2024 11:45:00,0,,,,,,,,,,,,,,,,,,,
31/05/2024 11:30:00,0,,,,,,,,,,,,,,,,,,,
31/05/2024 11:15:00,0,,,,,,,,,,,,,,,,,,,
31/05/2024 11:00:00,0,,,,,,,,,,,,,,,,,,,
31/05/2024 10:45:00,0,,,,,,,,,,,,,,,,,,,
31/05/2024 10:30:00,0,,,,,,,,,,,,,,,,,,,
31/05/2024 10:15:00,0,,,,,,,,,,,,,,,,,,,
31/05/2024 10:00:00,0,,,,,,,,,,,,,,,,,,,
31/05/2024 09:45:00,0.2,,,,,,,,,,,,,,,,,,,
31/05/2024 09:30:00,0,,,,,,,,,,,,,,,,,,,
31/05/2024 09:15:00,0,,,,,,,,,,,,,,,,,,,
31/05/2024 09:00:00,0,,,,,,,,,,,,,,,,,,,
31/05/2024 08:45:00,0,,,,,,,,,,,,,,,,,,,
31/05/2024 08:30:00,0,,,,,,,,,,,,,,,,,,,
31/05/2024 08:15:00,0,,,,,,,,,,,,,,,,,,,
31/05/2024 08:00:00,0,,,,,,,,,,,,,,,,,,,
31/05/2024 07:45:00,0,,,,,,,,,,,,,,,,,,,
31/05/2024 07:30:00,0,,,,,,,,,,,,,,,,,,,
31/05/2024 07:15:00,0,,,,,,,,,,,,,,,,,,,
31/05/2024 07:00:00,0,1096,,,,,,,,,,,,,,,,,,
31/05/2024 06:45:00,0,,,,,,,,,,,,,,,,,,,
31/05/2024 06:30:00,0,,,,,,,,,,,,,,,,,,,
31/05/2024 06:15:00,0,,,,,,,,,,,,,,,,,,,
31/05/2024 06:00:00,0,,,,,,,,,,,,,,,,,,,
31/05/2024 05:45:00,0,,,,,,,,,,,,,,,,,,,
31/05/2024 05:30:00,0,,,,,,,,,,,,,,,,,,,
31/05/2024 05:15:00,0,,,,,,,,,,,,,,,,,,,
31/05/2024 05:00:00,0,,,,,,,,,,,,,,,,,,,
31/05/2024 04:45:00,0,,,,,,,,,,,,,,,,,,,
31/05/2024 04:30:00,0,,,,,,,,,,,,,,,,,,,
31/05/2024 04:15:00,0,,,,,,,,,,,,,,,,,,,
31/05/2024 04:00:00,0,,,,,,,,,,,,,,,,,,,
31/05/2024 03:45:00,0,,,,,,,,,,,,,,,,,,,
31/05/2024 03:30:00,0,,,,,,,,,,,,,,,,,,,
31/05/2024 03:15:00,0.2,,,,,,,,,,,,,,,,,,,
31/05/2024 03:00:00,0,,,,,,,,,,,,,,,,,,,
31/05/2024 02:45:00,0,,,,,,,,,,,,,,,,,,,
31/05/2024 02:30:00,0,,,,,,,,,,,,,,,,,,,
31/05/2024 02:15:00,0,,,,,,,,,,,,,,,,,,,
31/05/2024 02:00:00,0,,,,,,,,,,,,,,,,,,,
31/05/2024 01:45:00,0,,,,,,,,,,,,,,,,,,,
31/05/2024 01:30:00,0,,,,,,,,,,,,,,,,,,,
31/05/2024 01:15:00,0,,,,,,,,,,,,,,,,,,,
31/05/2024 01:00:00,0,,,,,,,,,,,,,,,,,,,
31/05/2024 00:45:00,0,,,,,,,,,,,,,,,,,,,
31/05/2024 00:30:00,0,,,,,,,,,,,,,,,,,,,
31/05/2024 00:15:00,0,,,,,,,,,,,,,,,,,,,
31/05/2024 00:00:00,0,,,,,,,,,,,,,,,,,,,
30/05/2024 23:45:00,0,,,,,,,,,,,,,,,,,,,
30/05/2024 23:30:00,0,,,,,,,,,,,,,,,,,,,
30/05/2024 23:15:00,0,,,,,,,,,,,,,,,,,,,
30/05/2024 23:00:00,0,,,,,,,,,,,,,,,,,,,
30/05/2024 22:45:00,0,,,,,,,,,,,,,,,,,,,
30/05/2024 22:30:00,0,,,,,,,,,,,,,,,,,,,
30/05/2024 22:15:00,0,,,,,,,,,,,,,,,,,,,
30/05/2024 22:00:00,0,,,,,,,,,,,,,,,,,,,
30/05/2024 21:45:00,0,,,,,,,,,,,,,,,,,,,
30/05/2024 21:30:00,0,,,,,,,,,,,,,,,,,,,
30/05/2024 21:15:00,0,,,,,,,,,,,,,,,,,,,
30/05/2024 21:00:00,0,,,,,,,,,,,,,,,,,,,
30/05/2024 20:45:00,0,,,,,,,,,,,,,,,,,,,
30/05/2024 20:30:00,0,,,,,,,,,,,,,,,,,,,
30/05/2024 20:15:00,0,,,,,,,,,,,,,,,,,,,
30/05/2024 20:00:00,0,,,,,,,,,,,,,,,,,,,
30/05/2024 19:45:00,0,,,,,,,,,,,,,,,,,,,
30/05/2024 19:30:00,0,,,,,,,,,,,,,,,,,,,
30/05/2024 19:15:00,0,,,,,,,,,,,,,,,,,,,
30/05/2024 19:00:00,0,,,,,,,,,,,,,,,,,,,
30/05/2024 18:45:00,0,,,,,,,,,,,,,,,,,,,
30/05/2024 18:30:00,0,,,,,,,,,,,,,,,,,,,
30/05/2024 18:15:00,0,,,,,,,,,,,,,,,,,,,
30/05/2024 18:00:00,0,,,,,,,,,,,,,,,,,,,
30/05/2024 17:45:00,0,,,,,,,,,,,,,,,,,,,
30/05/2024 17:30:00,0,,,,,,,,,,,,,,,,,,,
30/05/2024 17:15:00,0,,,,,,,,,,,,,,,,,,,
30/05/2024 17:00:00,0,1108,,,,,,,,,,,,,,,,,,
30/05/2024 16:45:00,0,,,,,,,,,,,,,,,,,,,
30/05/2024 16:30:00,0,,,,,,,,,,,,,,,,,,,
30/05/2024 16:15:00,0,,,,,,,,,,,,,,,,,,,
30/05/2024 16:00:00,0,,,,,,,,,,,,,,,,,,,
30/05/2024 15:45:00,0,,,,,,,,,,,,,,,,,,,
30/05/2024 15:30:00,0,,,,,,,,,,,,,,,,,,,
30/05/2024 15:15:00,0,,,,,,,,,,,,,,,,,,,
30/05/2024 15:00:00,0,,,,,,,,,,,,,,,,,,,
30/05/2024 14:45:00,0,,,,,,,,,,,,,,,,,,,
30/05/2024 14:30:00,0,,,,,,,,,,,,,,,,,,,
30/05/2024 14:15:00,0,,,,,,,,,,,,,,,,,,,
30/05/2024 14:00:00,0,,,,,,,,,,,,,,,,,,,
30/05/2024 13:45:00,0,,,,,,,,,,,,,,,,,,,
30/05/2024 13:30:00,0,,,,,,,,,,,,,,,,,,,
30/05/2024 13:15:00,0,,,,,,,,,,,,,,,,,,,
30/05/2024 13:00:00,0,,,,,,,,,,,,,,,,,,,
30/05/2024 12:45:00,0,,,,,,,,,,,,,,,,,,,
30/05/2024 12:30:00,0,,,,,,,,,,,,,,,,,,,
30/05/2024 12:15:00,0,,,,,,,,,,,,,,,,,,,
30/05/2024 12:00:00,0,,,,,,,,,,,,,,,,,,,
30/05/2024 11:45:00,0,,,,,,,,,,,,,,,,,,,
30/05/2024 11:30:00,0,,,,,,,,,,,,,,,,,,,
30/05/2024 11:15:00,0,,,,,,,,,,,,,,,,,,,
30/05/2024 11:00:00,0,,,,,,,,,,,,,,,,,,,
30/05/2024 10:45:00,0,,,,,,,,,,,,,,,,,,,
30/05/2024 10:30:00,0.2,,,,,,,,,,,,,,,,,,,
30/05/2024 10:15:00,0,,,,,,,,,,,,,,,,,,,
30/05/2024 10:00:00,0,,,,,,,,,,,,,,,,,,,
30/05/2024 09:45:00,0,,,,,,,,,,,,,,,,,,,
30/05/2024 09:30:00,0,,,,,,,,,,,,,,,,,,,
30/05/2024 09:15:00,0,,,,,,,,,,,,,,,,,,,
30/05/2024 09:00:00,0,,,,,,,,,,,,,,,,,,,
30/05/2024 08:45:00,0,,,,,,,,,,,,,,,,,,,
30/05/2024 08:30:00,0,,,,,,,,,,,,,,,,,,,
30/05/2024 08:15:00,0,,,,,,,,,,,,,,,,,,,
30/05/2024 08:00:00,0,,,,,,,,,,,,,,,,,,,
30/05/2024 07:45:00,0,,,,,,,,,,,,,,,,,,,
30/05/2024 07:30:00,0,,,,,,,,,,,,,,,,,,,
30/05/2024 07:15:00,0,,,,,,,,,,,,,,,,,,,
30/05/2024 07:00:00,0,1110,,,,,,,,,,,,,,,,,,
30/05/2024 06:45:00,0,,,,,,,,,,,,,,,,,,,
30/05/2024 06:30:00,0,,,,,,,,,,,,,,,,,,,
30/05/2024 06:15:00,0,1134,,,,,,,,,,,,,,,,,,
30/05/2024 06:00:00,0,1137,,,,,,,,,,,,,,,,,,
30/05/2024 05:45:00,0,1136,,,,,,,,,,,,,,,,,,
30/05/2024 05:30:00,0,1133,,,,,,,,,,,,,,,,,,
30/05/2024 05:15:00,0,1136,,,,,,,,,,,,,,,,,,
30/05/2024 05:00:00,0.2,1135,,,,,,,,,,,,,,,,,,
30/05/2024 04:45:00,0,1136,,,,,,,,,,,,,,,,,,
30/05/2024 04:30:00,0,1137,,,,,,,,,,,,,,,,,,
30/05/2024 04:15:00,0,1134,,,,,,,,,,,,,,,,,,
30/05/2024 04:00:00,0,1135,,,,,,,,,,,,,,,,,,
30/05/2024 03:45:00,0,1135,,,,,,,,,,,,,,,,,,
30/05/2024 03:30:00,0,1135,,,,,,,,,,,,,,,,,,
30/05/2024 03:15:00,0,1134,,,,,,,,,,,,,,,,,,
30/05/2024 03:00:00,0,1135,,,,,,,,,,,,,,,,,,
30/05/2024 02:45:00,0,1133,,,,,,,,,,,,,,,,,,
30/05/2024 02:30:00,0,1133,,,,,,,,,,,,,,,,,,
30/05/2024 02:15:00,0,1132,,,,,,,,,,,,,,,,,,
30/05/2024 02:00:00,0,1133,,,,,,,,,,,,,,,,,,
30/05/2024 01:45:00,0,1134,,,,,,,,,,,,,,,,,,
30/05/2024 01:30:00,0,1134,,,,,,,,,,,,,,,,,,
30/05/2024 01:15:00,0,1135,,,,,,,,,,,,,,,,,,
30/05/2024 01:00:00,0.2,1134,,,,,,,,,,,,,,,,,,
30/05/2024 00:45:00,0,1135,,,,,,,,,,,,,,,,,,
30/05/2024 00:30:00,0,1132,,,,,,,,,,,,,,,,,,
30/05/2024 00:15:00,0,1134,,,,,,,,,,,,,,,,,,
30/05/2024 00:00:00,0,1132,,,,,,,,,,,,,,,,,,
29/05/2024 23:45:00,0,1135,,,,,,,,,,,,,,,,,,
29/05/2024 23:30:00,0,1137,,,,,,,,,,,,,,,,,,
29/05/2024 23:15:00,0,1137,,,,,,,,,,,,,,,,,,
29/05/2024 23:00:00,0,1137,,,,,,,,,,,,,,,,,,
29/05/2024 22:45:00,0,1136,,,,,,,,,,,,,,,,,,
29/05/2024 22:30:00,0,1135,,,,,,,,,,,,,,,,,,
29/05/2024 22:15:00,0,,,,,,,,,,,,,,,,,,,
29/05/2024 22:00:00,0,1126,,,,,,,,,,,,,,,,,,
29/05/2024 21:45:00,0,1125,,,,,,,,,,,,,,,,,,
29/05/2024 21:30:00,0,1128,,,,,,,,,,,,,,,,,,
29/05/2024 21:15:00,0,1127,,,,,,,,,,,,,,,,,,
29/05/2024 21:00:00,0,1127,,,,,,,,,,,,,,,,,,
29/05/2024 20:45:00,0,1126,,,,,,,,,,,,,,,,,,
29/05/2024 20:30:00,0,1125,,,,,,,,,,,,,,,,,,
29/05/2024 20:15:00,0,1127,,,,,,,,,,,,,,,,,,
29/05/2024 20:00:00,0,1128,,,,,,,,,,,,,,,,,,
29/05/2024 19:45:00,0,1128,,,,,,,,,,,,,,,,,,
29/05/2024 19:30:00,0,1127,,,,,,,,,,,,,,,,,,
29/05/2024 19:15:00,0,1127,,,,,,,,,,,,,,,,,,
29/05/2024 19:00:00,0,1128,,,,,,,,,,,,,,,,,,
29/05/2024 18:45:00,0,1127,,,,,,,,,,,,,,,,,,
29/05/2024 18:30:00,0,1126,,,,,,,,,,,,,,,,,,
29/05/2024 18:15:00,0,1127,,,,,,,,,,,,,,,,,,
29/05/2024 18:00:00,0,1126,,,,,,,,,,,,,,,,,,
29/05/2024 17:45:00,0,1126,,,,,,,,,,,,,,,,,,
29/05/2024 17:30:00,0,1127,,,,,,,,,,,,,,,,,,
29/05/2024 17:15:00,0,1127,,,,,,,,,,,,,,,,,,
29/05/2024 17:00:00,0,,,,,,,,,,,,,,,,,,,
29/05/2024 16:45:00,0,1126,,,,,,,,,,,,,,,,,,
29/05/2024 16:30:00,0,1124,,,,,,,,,,,,,,,,,,
29/05/2024 16:15:00,0,1124,,,,,,,,,,,,,,,,,,
29/05/2024 16:00:00,0,1125,,,,,,,,,,,,,,,,,,
29/05/2024 15:45:00,0,,,,,,,,,,,,,,,,,,,
29/05/2024 15:30:00,0,1122,,,,,,,,,,,,,,,,,,
29/05/2024 15:15:00,0,1123,,,,,,,,,,,,,,,,,,
29/05/2024 15:00:00,0,,,,,,,,,,,,,,,,,,,
29/05/2024 14:45:00,0,1122,,,,,,,,,,,,,,,,,,
29/05/2024 14:30:00,0.2,1121,,,,,,,,,,,,,,,,,,
29/05/2024 14:15:00,0,1121,,,,,,,,,,,,,,,,,,
29/05/2024 14:00:00,0,1120,,,,,,,,,,,,,,,,,,
29/05/2024 13:45:00,0,1122,,,,,,,,,,,,,,,,,,
29/05/2024 13:30:00,0,1123,,,,,,,,,,,,,,,,,,
29/05/2024 13:15:00,0,1120,,,,,,,,,,,,,,,,,,
29/05/2024 13:00:00,0,1121,,,,,,,,,,,,,,,,,,
29/05/2024 12:45:00,0,1122,,,,,,,,,,,,,,,,,,
29/05/2024 12:30:00,0,1120,,,,,,,,,,,,,,,,,,
29/05/2024 12:15:00,0,1122,,,,,,,,,,,,,,,,,,
29/05/2024 12:00:00,0,1121,,,,,,,,,,,,,,,,,,
29/05/2024 11:45:00,0,1122,,,,,,,,,,,,,,,,,,
29/05/2024 11:30:00,0,1120,,,,,,,,,,,,,,,,,,
29/05/2024 11:15:00,0,1119,,,,,,,,,,,,,,,,,,
29/05/2024 11:00:00,0,1122,,,,,,,,,,,,,,,,,,
29/05/2024 10:45:00,0,1121,,,,,,,,,,,,,,,,,,
29/05/2024 10:30:00,0,1120,,,,,,,,,,,,,,,,,,
29/05/2024 10:15:00,0,1121,,,,,,,,,,,,,,,,,,
29/05/2024 10:00:00,0,1118,,,,,,,,,,,,,,,,,,
29/05/2024 09:45:00,0,1119,,,,,,,,,,,,,,,,,,
29/05/2024 09:30:00,0,1120,,,,,,,,,,,,,,,,,,
29/05/2024 09:15:00,0,1121,,,,,,,,,,,,,,,,,,
29/05/2024 09:00:00,0,1117,,,,,,,,,,,,,,,,,,
29/05/2024 08:45:00,0,1118,,,,,,,,,,,,,,,,,,
29/05/2024 08:30:00,0,1120,,,,,,,,,,,,,,,,,,
29/05/2024 08:15:00,0,1119,,,,,,,,,,,,,,,,,,
29/05/2024 08:00:00,0,1118,,,,,,,,,,,,,,,,,,
29/05/2024 07:45:00,0,1120,,,,,,,,,,,,,,,,,,
29/05/2024 07:30:00,0,1119,,,,,,,,,,,,,,,,,,
29/05/2024 07:15:00,0,1116,,,,,,,,,,,,,,,,,,
29/05/2024 07:00:00,0,,,,,,,,,,,,,,,,,,,
29/05/2024 06:45:00,0,1118,,,,,,,,,,,,,,,,,,
29/05/2024 06:30:00,0,1118,,,,,,,,,,,,,,,,,,
29/05/2024 06:15:00,0,1119,,,,,,,,,,,,,,,,,,
29/05/2024 06:00:00,0,1119,,,,,,,,,,,,,,,,,,
29/05/2024 05:45:00,0,1116,,,,,,,,,,,,,,,,,,
29/05/2024 05:30:00,0,1117,,,,,,,,,,,,,,,,,,
29/05/2024 05:15:00,0,1115,,,,,,,,,,,,,,,,,,
29/05/2024 05:00:00,0,1117,,,,,,,,,,,,,,,,,,
29/05/2024 04:45:00,0,1117,,,,,,,,,,,,,,,,,,
29/05/2024 04:30:00,0,1116,,,,,,,,,,,,,,,,,,
29/05/2024 04:15:00,0,1117,,,,,,,,,,,,,,,,,,
29/05/2024 04:00:00,0,1115,,,,,,,,,,,,,,,,,,
29/05/2024 03:45:00,0,1116,,,,,,,,,,,,,,,,,,
29/05/2024 03:30:00,0,1116,,,,,,,,,,,,,,,,,,
29/05/2024 03:15:00,0,1117,,,,,,,,,,,,,,,,,,
29/05/2024 03:00:00,0,1114,,,,,,,,,,,,,,,,,,
29/05/2024 02:45:00,0,1115,,,,,,,,,,,,,,,,,,
29/05/2024 02:30:00,0,1113,,,,,,,,,,,,,,,,,,
29/05/2024 02:15:00,0,1114,,,,,,,,,,,,,,,,,,
29/05/2024 02:00:00,0,,,,,,,,,,,,,,,,,,,
29/05/2024 01:45:00,0,,,,,,,,,,,,,,,,,,,
29/05/2024 01:30:00,0,,,,,,,,,,,,,,,,,,,
29/05/2024 01:15:00,0,,,,,,,,,,,,,,,,,,,
29/05/2024 01:00:00,0,,,,,,,,,,,,,,,,,,,
29/05/2024 00:45:00,0,,,,,,,,,,,,,,,,,,,
29/05/2024 00:30:00,0,,,,,,,,,,,,,,,,,,,
29/05/2024 00:15:00,0,,,,,,,,,,,,,,,,,,,
29/05/2024 00:00:00,0,,,,,,,,,,,,,,,,,,,
28/05/2024 23:45:00,0,,,,,,,,,,,,,,,,,,,
28/05/2024 23:30:00,0,,,,,,,,,,,,,,,,,,,
28/05/2024 23:15:00,0,,,,,,,,,,,,,,,,,,,
28/05/2024 23:00:00,0,,,,,,,,,,,,,,,,,,,
28/05/2024 22:45:00,0,,,,,,,,,,,,,,,,,,,
28/05/2024 22:30:00,0,,,,,,,,,,,,,,,,,,,
28/05/2024 22:15:00,0,,,,,,,,,,,,,,,,,,,
28/05/2024 22:00:00,0,,,,,,,,,,,,,,,,,,,
28/05/2024 21:45:00,0,,,,,,,,,,,,,,,,,,,
28/05/2024 21:30:00,0,,,,,,,,,,,,,,,,,,,
28/05/2024 21:15:00,0,,,,,,,,,,,,,,,,,,,
28/05/2024 21:00:00,0,,,,,,,,,,,,,,,,,,,
28/05/2024 20:45:00,0,,,,,,,,,,,,,,,,,,,
28/05/2024 20:30:00,0,,,,,,,,,,,,,,,,,,,
28/05/2024 20:15:00,0,,,,,,,,,,,,,,,,,,,
28/05/2024 20:00:00,0,,,,,,,,,,,,,,,,,,,
28/05/2024 19:45:00,0,,,,,,,,,,,,,,,,,,,
28/05/2024 19:30:00,0,,,,,,,,,,,,,,,,,,,
28/05/2024 19:15:00,0,,,,,,,,,,,,,,,,,,,
28/05/2024 19:00:00,0,1106,,,,,,,,,,,,,,,,,,
28/05/2024 18:45:00,0,1106,,,,,,,,,,,,,,,,,,
28/05/2024 18:30:00,0,1106,,,,,,,,,,,,,,,,,,
28/05/2024 18:15:00,0,1107,,,,,,,,,,,,,,,,,,
28/05/2024 18:00:00,0,1106,,,,,,,,,,,,,,,,,,
28/05/2024 17:45:00,0,1107,,,,,,,,,,,,,,,,,,
28/05/2024 17:30:00,0,1105,,,,,,,,,,,,,,,,,,
28/05/2024 17:15:00,0,,,,,,,,,,,,,,,,,,,
28/05/2024 17:00:00,0,1096,,,,,,,,,,,,,,,,,,
28/05/2024 16:45:00,0,,,,,,,,,,,,,,,,,,,
28/05/2024 16:30:00,0,,,,,,,,,,,,,,,,,,,
28/05/2024 16:15:00,0,,,,,,,,,,,,,,,,,,,
28/05/2024 16:00:00,0,,,,,,,,,,,,,,,,,,,
28/05/2024 15:45:00,0,,,,,,,,,,,,,,,,,,,
28/05/2024 15:30:00,0,,,,,,,,,,,,,,,,,,,
28/05/2024 15:15:00,0,,,,,,,,,,,,,,,,,,,
28/05/2024 15:00:00,0,,,,,,,,,,,,,,,,,,,
28/05/2024 14:45:00,0,,,,,,,,,,,,,,,,,,,
28/05/2024 14:30:00,0,,,,,,,,,,,,,,,,,,,
28/05/2024 14:15:00,0,,,,,,,,,,,,,,,,,,,
28/05/2024 14:00:00,0.2,,,,,,,,,,,,,,,,,,,
28/05/2024 13:45:00,0,,,,,,,,,,,,,,,,,,,
28/05/2024 13:30:00,0,,,,,,,,,,,,,,,,,,,
28/05/2024 13:15:00,0,,,,,,,,,,,,,,,,,,,
28/05/2024 13:00:00,0,,,,,,,,,,,,,,,,,,,
28/05/2024 12:45:00,0,,,,,,,,,,,,,,,,,,,
28/05/2024 12:30:00,0,,,,,,,,,,,,,,,,,,,
28/05/2024 12:15:00,0,,,,,,,,,,,,,,,,,,,
28/05/2024 12:00:00,0,,,,,,,,,,,,,,,,,,,
28/05/2024 11:45:00,0,,,,,,,,,,,,,,,,,,,
28/05/2024 11:30:00,0.2,,,,,,,,,,,,,,,,,,,
28/05/2024 11:15:00,0,,,,,,,,,,,,,,,,,,,
28/05/2024 11:00:00,0,,,,,,,,,,,,,,,,,,,
28/05/2024 10:45:00,0.2,,,,,,,,,,,,,,,,,,,
28/05/2024 10:30:00,0,,,,,,,,,,,,,,,,,,,
28/05/2024 10:15:00,0,,,,,,,,,,,,,,,,,,,
28/05/2024 10:00:00,0,,,,,,,,,,,,,,,,,,,
28/05/2024 09:45:00,0,,,,,,,,,,,,,,,,,,,
28/05/2024 09:30:00,0.2,,,,,,,,,,,,,,,,,,,
28/05/2024 09:15:00,0,,,,,,,,,,,,,,,,,,,
28/05/2024 09:00:00,0,,,,,,,,,,,,,,,,,,,
28/05/2024 08:45:00,0.4,,,,,,,,,,,,,,,,,,,
28/05/2024 08:30:00,0,,,,,,,,,,,,,,,,,,,
28/05/2024 08:15:00,0,,,,,,,,,,,,,,,,,,,
28/05/2024 08:00:00,0,,,,,,,,,,,,,,,,,,,
28/05/2024 07:45:00,0,,,,,,,,,,,,,,,,,,,
28/05/2024 07:30:00,0,,,,,,,,,,,,,,,,,,,
28/05/2024 07:15:00,0,,,,,,,,,,,,,,,,,,,
28/05/2024 07:00:00,0,1083,,,,,,,,,,,,,,,,,,
28/05/2024 06:45:00,0,,,,,,,,,,,,,,,,,,,
28/05/2024 06:30:00,0,,,,,,,,,,,,,,,,,,,
28/05/2024 06:15:00,0,,,,,,,,,,,,,,,,,,,
28/05/2024 06:00:00,0,,,,,,,,,,,,,,,,,,,
28/05/2024 05:45:00,0,,,,,,,,,,,,,,,,,,,
28/05/2024 05:30:00,0,,,,,,,,,,,,,,,,,,,
28/05/2024 05:15:00,0,,,,,,,,,,,,,,,,,,,
28/05/2024 05:00:00,0,,,,,,,,,,,,,,,,,,,
28/05/2024 04:45:00,0,,,,,,,,,,,,,,,,,,,
28/05/2024 04:30:00,0,,,,,,,,,,,,,,,,,,,
28/05/2024 04:15:00,0,,,,,,,,,,,,,,,,,,,
28/05/2024 04:00:00,0,,,,,,,,,,,,,,,,,,,
28/05/2024 03:45:00,0,,,,,,,,,,,,,,,,,,,
28/05/2024 03:30:00,0,,,,,,,,,,,,,,,,,,,
28/05/2024 03:15:00,0,,,,,,,,,,,,,,,,,,,
28/05/2024 03:00:00,0,,,,,,,,,,,,,,,,,,,
28/05/2024 02:45:00,0,,,,,,,,,,,,,,,,,,,
28/05/2024 02:30:00,0,,,,,,,,,,,,,,,,,,,
28/05/2024 02:15:00,0,,,,,,,,,,,,,,,,,,,
28/05/2024 02:00:00,0,,,,,,,,,,,,,,,,,,,
28/05/2024 01:45:00,0,,,,,,,,,,,,,,,,,,,
28/05/2024 01:30:00,0,,,,,,,,,,,,,,,,,,,
28/05/2024 01:15:00,0,,,,,,,,,,,,,,,,,,,
28/05/2024 01:00:00,0,,,,,,,,,,,,,,,,,,,
28/05/2024 00:45:00,0,,,,,,,,,,,,,,,,,,,
28/05/2024 00:30:00,0,,,,,,,,,,,,,,,,,,,
28/05/2024 00:15:00,0,,,,,,,,,,,,,,,,,,,
28/05/2024 00:00:00,0,,,,,,,,,,,,,,,,,,,
27/05/2024 23:45:00,0,,,,,,,,,,,,,,,,,,,
27/05/2024 23:30:00,0,,,,,,,,,,,,,,,,,,,
27/05/2024 23:15:00,0,,,,,,,,,,,,,,,,,,,
27/05/2024 23:00:00,0,,,,,,,,,,,,,,,,,,,
27/05/2024 22:45:00,0,,,,,,,,,,,,,,,,,,,
27/05/2024 22:30:00,0,,,,,,,,,,,,,,,,,,,
27/05/2024 22:15:00,0,,,,,,,,,,,,,,,,,,,
27/05/2024 22:00:00,0,,,,,,,,,,,,,,,,,,,
27/05/2024 21:45:00,0,,,,,,,,,,,,,,,,,,,
27/05/2024 21:30:00,0,,,,,,,,,,,,,,,,,,,
27/05/2024 21:15:00,0,,,,,,,,,,,,,,,,,,,
27/05/2024 21:00:00,0,,,,,,,,,,,,,,,,,,,
27/05/2024 20:45:00,0,,,,,,,,,,,,,,,,,,,
27/05/2024 20:30:00,0,,,,,,,,,,,,,,,,,,,
27/05/2024 20:15:00,0,,,,,,,,,,,,,,,,,,,
27/05/2024 20:00:00,0,,,,,,,,,,,,,,,,,,,
27/05/2024 19:45:00,0,,,,,,,,,,,,,,,,,,,
27/05/2024 19:30:00,0,,,,,,,,,,,,,,,,,,,
27/05/2024 19:15:00,0,,,,,,,,,,,,,,,,,,,
27/05/2024 19:00:00,0,,,,,,,,,,,,,,,,,,,
27/05/2024 18:45:00,0,,,,,,,,,,,,,,,,,,,
27/05/2024 18:30:00,0,,,,,,,,,,,,,,,,,,,
27/05/2024 18:15:00,0,,,,,,,,,,,,,,,,,,,
27/05/2024 18:00:00,0.2,,,,,,,,,,,,,,,,,,,
27/05/2024 17:45:00,0,,,,,,,,,,,,,,,,,,,
27/05/2024 17:30:00,0,,,,,,,,,,,,,,,,,,,
27/05/2024 17:15:00,0.2,,,,,,,,,,,,,,,,,,,
27/05/2024 17:00:00,0.6,1063,,,,,,,,,,,,,,,,,,
27/05/2024 16:45:00,0.4,,,,,,,,,,,,,,,,,,,
27/05/2024 16:30:00,0.6,,,,,,,,,,,,,,,,,,,
27/05/2024 16:15:00,0.2,,,,,,,,,,,,,,,,,,,
27/05/2024 16:00:00,0.4,,,,,,,,,,,,,,,,,,,
27/05/2024 15:45:00,0.4,,,,,,,,,,,,,,,,,,,
27/05/2024 15:30:00,0.6,,,,,,,,,,,,,,,,,,,
27/05/2024 15:15:00,0,,,,,,,,,,,,,,,,,,,
27/05/2024 15:00:00,0,,,,,,,,,,,,,,,,,,,
27/05/2024 14:45:00,0.4,,,,,,,,,,,,,,,,,,,
27/05/2024 14:30:00,0,,,,,,,,,,,,,,,,,,,
27/05/2024 14:15:00,0.6,,,,,,,,,,,,,,,,,,,
27/05/2024 14:00:00,0.4,,,,,,,,,,,,,,,,,,,
27/05/2024 13:45:00,0,,,,,,,,,,,,,,,,,,,
27/05/2024 13:30:00,0.2,,,,,,,,,,,,,,,,,,,
27/05/2024 13:15:00,0,,,,,,,,,,,,,,,,,,,
27/05/2024 13:00:00,0,1070,,,,,,,,,,,,,,,,,,
27/05/2024 12:45:00,0,1067,,,,,,,,,,,,,,,,,,
27/05/2024 12:30:00,0,1064,,,,,,,,,,,,,,,,,,
27/05/2024 12:15:00,0.4,1065,,,,,,,,,,,,,,,,,,
27/05/2024 12:00:00,0.4,1064,,,,,,,,,,,,,,,,,,
27/05/2024 11:45:00,0.2,1064,,,,,,,,,,,,,,,,,,
27/05/2024 11:30:00,0,1063,,,,,,,,,,,,,,,,,,
27/05/2024 11:15:00,0.2,1063,,,,,,,,,,,,,,,,,,
27/05/2024 11:00:00,0.2,1063,,,,,,,,,,,,,,,,,,
27/05/2024 10:45:00,0.4,1063,,,,,,,,,,,,,,,,,,
27/05/2024 10:30:00,0.2,1063,,,,,,,,,,,,,,,,,,
27/05/2024 10:15:00,0.4,1062,,,,,,,,,,,,,,,,,,
27/05/2024 10:00:00,0.4,1062,,,,,,,,,,,,,,,,,,
27/05/2024 09:45:00,0.2,1061,,,,,,,,,,,,,,,,,,
27/05/2024 09:30:00,0.4,1061,,,,,,,,,,,,,,,,,,
27/05/2024 09:15:00,0.8,1061,,,,,,,,,,,,,,,,,,
27/05/2024 09:00:00,0.6,1059,,,,,,,,,,,,,,,,,,
27/05/2024 08:45:00,0.2,1059,,,,,,,,,,,,,,,,,,
27/05/2024 08:30:00,0,1059,,,,,,,,,,,,,,,,,,
27/05/2024 08:15:00,0.2,1059,,,,,,,,,,,,,,,,,,
27/05/2024 08:00:00,0.6,1059,,,,,,,,,,,,,,,,,,
27/05/2024 07:45:00,0.4,1058,,,,,,,,,,,,,,,,,,
27/05/2024 07:30:00,0.6,1057,,,,,,,,,,,,,,,,,,
27/05/2024 07:15:00,0.4,1057,,,,,,,,,,,,,,,,,,
27/05/2024 07:00:00,0.8,1057,,,,,,,,,,,,,,,,,,
27/05/2024 06:45:00,0.8,1056,,,,,,,,,,,,,,,,,,
27/05/2024 06:30:00,0,1056,,,,,,,,,,,,,,,,,,
27/05/2024 06:15:00,0.2,1055,,,,,,,,,,,,,,,,,,
27/05/2024 06:00:00,0.4,1055,,,,,,,,,,,,,,,,,,
27/05/2024 05:45:00,0,1055,,,,,,,,,,,,,,,,,,
27/05/2024 05:30:00,0.2,1054,,,,,,,,,,,,,,,,,,
27/05/2024 05:15:00,0,1054,,,,,,,,,,,,,,,,,,
27/05/2024 05:00:00,0.6,1053,,,,,,,,,,,,,,,,,,
27/05/2024 04:45:00,0,1054,,,,,,,,,,,,,,,,,,
27/05/2024 04:30:00,0,1053,,,,,,,,,,,,,,,,,,
27/05/2024 04:15:00,0,1052,,,,,,,,,,,,,,,,,,
27/05/2024 04:00:00,0.4,1053,,,,,,,,,,,,,,,,,,
27/05/2024 03:45:00,0,1052,,,,,,,,,,,,,,,,,,
27/05/2024 03:30:00,0,1051,,,,,,,,,,,,,,,,,,
27/05/2024 03:15:00,0,1051,,,,,,,,,,,,,,,,,,
27/05/2024 03:00:00,0,1050,,,,,,,,,,,,,,,,,,
27/05/2024 02:45:00,0,1050,,,,,,,,,,,,,,,,,,
27/05/2024 02:30:00,0,1049,,,,,,,,,,,,,,,,,,
27/05/2024 02:15:00,0,1049,,,,,,,,,,,,,,,,,,
27/05/2024 02:00:00,0,1049,,,,,,,,,,,,,,,,,,
27/05/2024 01:45:00,0,1048,,,,,,,,,,,,,,,,,,
27/05/2024 01:30:00,0,1048,,,,,,,,,,,,,,,,,,
27/05/2024 01:15:00,0,1046,,,,,,,,,,,,,,,,,,
27/05/2024 01:00:00,0,1047,,,,,,,,,,,,,,,,,,
27/05/2024 00:45:00,0,1046,,,,,,,,,,,,,,,,,,
27/05/2024 00:30:00,0,1047,,,,,,,,,,,,,,,,,,
27/05/2024 00:15:00,0,1046,,,,,,,,,,,,,,,,,,
27/05/2024 00:00:00,0,1044,,,,,,,,,,,,,,,,,,
26/05/2024 23:45:00,0,1046,,,,,,,,,,,,,,,,,,
26/05/2024 23:30:00,0,1045,,,,,,,,,,,,,,,,,,
26/05/2024 23:15:00,0,1044,,,,,,,,,,,,,,,,,,
26/05/2024 23:00:00,0,1044,,,,,,,,,,,,,,,,,,
26/05/2024 22:45:00,0,1043,,,,,,,,,,,,,,,,,,
26/05/2024 22:30:00,0,1044,,,,,,,,,,,,,,,,,,
26/05/2024 22:15:00,0,1043,,,,,,,,,,,,,,,,,,
26/05/2024 22:00:00,0,1042,,,,,,,,,,,,,,,,,,
26/05/2024 21:45:00,0,1042,,,,,,,,,,,,,,,,,,
26/05/2024 21:30:00,0,1042,,,,,,,,,,,,,,,,,,
26/05/2024 21:15:00,0,1040,,,,,,,,,,,,,,,,,,
26/05/2024 21:00:00,0,1041,,,,,,,,,,,,,,,,,,
26/05/2024 20:45:00,0,1040,,,,,,,,,,,,,,,,,,
26/05/2024 20:30:00,0,1040,,,,,,,,,,,,,,,,,,
26/05/2024 20:15:00,0,1038,,,,,,,,,,,,,,,,,,
26/05/2024 20:00:00,0,1037,,,,,,,,,,,,,,,,,,
26/05/2024 19:45:00,0,1040,,,,,,,,,,,,,,,,,,
26/05/2024 19:30:00,0,1040,,,,,,,,,,,,,,,,,,
26/05/2024 19:15:00,0,1038,,,,,,,,,,,,,,,,,,
26/05/2024 19:00:00,0,1037,,,,,,,,,,,,,,,,,,
26/05/2024 18:45:00,0,1036,,,,,,,,,,,,,,,,,,
26/05/2024 18:30:00,0,1036,,,,,,,,,,,,,,,,,,
26/05/2024 18:15:00,0,1037,,,,,,,,,,,,,,,,,,
26/05/2024 18:00:00,0,1038,,,,,,,,,,,,,,,,,,
26/05/2024 17:45:00,0,1038,,,,,,,,,,,,,,,,,,
26/05/2024 17:30:00,0,1037,,,,,,,,,,,,,,,,,,
26/05/2024 17:15:00,0,1037,,,,,,,,,,,,,,,,,,
26/05/2024 17:00:00,0,1037,,,,,,,,,,,,,,,,,,
26/05/2024 16:45:00,0,1036,,,,,,,,,,,,,,,,,,
26/05/2024 16:30:00,0,1036,,,,,,,,,,,,,,,,,,
26/05/2024 16:15:00,0,1034,,,,,,,,,,,,,,,,,,
26/05/2024 16:00:00,0,1035,,,,,,,,,,,,,,,,,,
26/05/2024 15:45:00,0,1034,,,,,,,,,,,,,,,,,,
26/05/2024 15:30:00,0,1033,,,,,,,,,,,,,,,,,,
26/05/2024 15:15:00,0,1033,,,,,,,,,,,,,,,,,,
26/05/2024 15:00:00,0,1032,,,,,,,,,,,,,,,,,,
26/05/2024 14:45:00,0,1032,,,,,,,,,,,,,,,,,,
26/05/2024 14:30:00,0,1031,,,,,,,,,,,,,,,,,,
26/05/2024 14:15:00,0,1030,,,,,,,,,,,,,,,,,,
26/05/2024 14:00:00,0,1028,,,,,,,,,,,,,,,,,,
26/05/2024 13:45:00,0,1029,,,,,,,,,,,,,,,,,,
26/05/2024 13:30:00,0,1028,,,,,,,,,,,,,,,,,,
26/05/2024 13:15:00,0,1027,,,,,,,,,,,,,,,,,,
26/05/2024 13:00:00,0,1027,,,,,,,,,,,,,,,,,,
26/05/2024 12:45:00,0,1027,,,,,,,,,,,,,,,,,,
26/05/2024 12:30:00,0,1027,,,,,,,,,,,,,,,,,,
26/05/2024 12:15:00,0,1026,,,,,,,,,,,,,,,,,,
26/05/2024 12:00:00,0,1025,,,,,,,,,,,,,,,,,,
26/05/2024 11:45:00,0,1024,,,,,,,,,,,,,,,,,,
26/05/2024 11:30:00,0,1024,,,,,,,,,,,,,,,,,,
26/05/2024 11:15:00,0,1022,,,,,,,,,,,,,,,,,,
26/05/2024 11:00:00,0,1023,,,,,,,,,,,,,,,,,,
26/05/2024 10:45:00,0,1021,,,,,,,,,,,,,,,,,,
26/05/2024 10:30:00,0,1022,,,,,,,,,,,,,,,,,,
26/05/2024 10:15:00,0,1021,,,,,,,,,,,,,,,,,,
26/05/2024 10:00:00,0,1020,,,,,,,,,,,,,,,,,,
26/05/2024 09:45:00,0,1019,,,,,,,,,,,,,,,,,,
26/05/2024 09:30:00,0,1018,,,,,,,,,,,,,,,,,,
26/05/2024 09:15:00,0,,,,,,,,,,,,,,,,,,,
26/05/2024 09:00:00,0,,,,,,,,,,,,,,,,,,,
26/05/2024 08:45:00,0,,,,,,,,,,,,,,,,,,,
26/05/2024 08:30:00,0,,,,,,,,,,,,,,,,,,,
26/05/2024 08:15:00,0,,,,,,,,,,,,,,,,,,,
26/05/2024 08:00:00,0,,,,,,,,,,,,,,,,,,,
26/05/2024 07:45:00,0.2,,,,,,,,,,,,,,,,,,,
26/05/2024 07:30:00,0,,,,,,,,,,,,,,,,,,,
26/05/2024 07:15:00,0,,,,,,,,,,,,,,,,,,,
26/05/2024 07:00:00,0,,,,,,,,,,,,,,,,,,,
26/05/2024 06:45:00,0,,,,,,,,,,,,,,,,,,,
26/05/2024 06:30:00,0,,,,,,,,,,,,,,,,,,,
26/05/2024 06:15:00,0,,,,,,,,,,,,,,,,,,,
26/05/2024 06:00:00,0,,,,,,,,,,,,,,,,,,,
26/05/2024 05:45:00,0,,,,,,,,,,,,,,,,,,,
26/05/2024 05:30:00,0,,,,,,,,,,,,,,,,,,,
26/05/2024 05:15:00,0,,,,,,,,,,,,,,,,,,,
26/05/2024 05:00:00,0,,,,,,,,,,,,,,,,,,,
26/05/2024 04:45:00,0,,,,,,,,,,,,,,,,,,,
26/05/2024 04:30:00,0,,,,,,,,,,,,,,,,,,,
26/05/2024 04:15:00,0,,,,,,,,,,,,,,,,,,,
26/05/2024 04:00:00,0,,,,,,,,,,,,,,,,,,,
26/05/2024 03:45:00,0,,,,,,,,,,,,,,,,,,,
26/05/2024 03:30:00,0,,,,,,,,,,,,,,,,,,,
26/05/2024 03:15:00,0,,,,,,,,,,,,,,,,,,,
26/05/2024 03:00:00,0,,,,,,,,,,,,,,,,,,,
26/05/2024 02:45:00,0,,,,,,,,,,,,,,,,,,,
26/05/2024 02:30:00,0,,,,,,,,,,,,,,,,,,,
26/05/2024 02:15:00,0,,,,,,,,,,,,,,,,,,,
26/05/2024 02:00:00,0,,,,,,,,,,,,,,,,,,,
26/05/2024 01:45:00,0,,,,,,,,,,,,,,,,,,,
26/05/2024 01:30:00,0,,,,,,,,,,,,,,,,,,,
26/05/2024 01:15:00,0,,,,,,,,,,,,,,,,,,,
26/05/2024 01:00:00,0,,,,,,,,,,,,,,,,,,,
26/05/2024 00:45:00,0,,,,,,,,,,,,,,,,,,,
26/05/2024 00:30:00,0,,,,,,,,,,,,,,,,,,,
26/05/2024 00:15:00,0,,,,,,,,,,,,,,,,,,,
26/05/2024 00:00:00,0,,,,,,,,,,,,,,,,,,,
25/05/2024 23:45:00,0,,,,,,,,,,,,,,,,,,,
25/05/2024 23:30:00,0,,,,,,,,,,,,,,,,,,,
25/05/2024 23:15:00,0,,,,,,,,,,,,,,,,,,,
25/05/2024 23:00:00,0,,,,,,,,,,,,,,,,,,,
25/05/2024 22:45:00,0,,,,,,,,,,,,,,,,,,,
25/05/2024 22:30:00,0,,,,,,,,,,,,,,,,,,,
25/05/2024 22:15:00,0,,,,,,,,,,,,,,,,,,,
25/05/2024 22:00:00,0,,,,,,,,,,,,,,,,,,,
25/05/2024 21:45:00,0,,,,,,,,,,,,,,,,,,,
25/05/2024 21:30:00,0,,,,,,,,,,,,,,,,,,,
25/05/2024 21:15:00,0,,,,,,,,,,,,,,,,,,,
25/05/2024 21:00:00,0.2,,,,,,,,,,,,,,,,,,,
25/05/2024 20:45:00,0,,,,,,,,,,,,,,,,,,,
25/05/2024 20:30:00,0,,,,,,,,,,,,,,,,,,,
25/05/2024 20:15:00,0,,,,,,,,,,,,,,,,,,,
25/05/2024 20:00:00,0,,,,,,,,,,,,,,,,,,,
25/05/2024 19:45:00,0,,,,,,,,,,,,,,,,,,,
25/05/2024 19:30:00,0,,,,,,,,,,,,,,,,,,,
25/05/2024 19:15:00,0,,,,,,,,,,,,,,,,,,,
25/05/2024 19:00:00,0,,,,,,,,,,,,,,,,,,,
25/05/2024 18:45:00,0,,,,,,,,,,,,,,,,,,,
25/05/2024 18:30:00,0,,,,,,,,,,,,,,,,,,,
25/05/2024 18:15:00,0,,,,,,,,,,,,,,,,,,,
25/05/2024 18:00:00,0,,,,,,,,,,,,,,,,,,,
25/05/2024 17:45:00,0,,,,,,,,,,,,,,,,,,,
25/05/2024 17:30:00,0,,,,,,,,,,,,,,,,,,,
25/05/2024 17:15:00,0,,,,,,,,,,,,,,,,,,,
25/05/2024 17:00:00,0,,,,,,,,,,,,,,,,,,,
25/05/2024 16:45:00,0,,,,,,,,,,,,,,,,,,,
25/05/2024 16:30:00,0,,,,,,,,,,,,,,,,,,,
25/05/2024 16:15:00,0,,,,,,,,,,,,,,,,,,,
25/05/2024 16:00:00,0,,,,,,,,,,,,,,,,,,,
25/05/2024 15:45:00,0,,,,,,,,,,,,,,,,,,,
25/05/2024 15:30:00,0,,,,,,,,,,,,,,,,,,,
25/05/2024 15:15:00,0,,,,,,,,,,,,,,,,,,,
25/05/2024 15:00:00,0,,,,,,,,,,,,,,,,,,,
25/05/2024 14:45:00,0,,,,,,,,,,,,,,,,,,,
25/05/2024 14:30:00,0,,,,,,,,,,,,,,,,,,,
25/05/2024 14:15:00,0,,,,,,,,,,,,,,,,,,,
25/05/2024 14:00:00,0,,,,,,,,,,,,,,,,,,,
25/05/2024 13:45:00,0,,,,,,,,,,,,,,,,,,,
25/05/2024 13:30:00,0,,,,,,,,,,,,,,,,,,,
25/05/2024 13:15:00,0,,,,,,,,,,,,,,,,,,,
25/05/2024 13:00:00,0,,,,,,,,,,,,,,,,,,,
25/05/2024 12:45:00,0,,,,,,,,,,,,,,,,,,,
25/05/2024 12:30:00,0,,,,,,,,,,,,,,,,,,,
25/05/2024 12:15:00,0,,,,,,,,,,,,,,,,,,,
25/05/2024 12:00:00,0,,,,,,,,,,,,,,,,,,,
25/05/2024 11:45:00,0,,,,,,,,,,,,,,,,,,,
25/05/2024 11:30:00,0,,,,,,,,,,,,,,,,,,,
25/05/2024 11:15:00,0,,,,,,,,,,,,,,,,,,,
25/05/2024 11:00:00,0,,,,,,,,,,,,,,,,,,,
25/05/2024 10:45:00,0,,,,,,,,,,,,,,,,,,,
25/05/2024 10:30:00,0,,,,,,,,,,,,,,,,,,,
25/05/2024 10:15:00,0,949,,,,,,,,,,,,,,,,,,
25/05/2024 10:00:00,0,948,,,,,,,,,,,,,,,,,,
25/05/2024 09:45:00,0,948,,,,,,,,,,,,,,,,,,
25/05/2024 09:30:00,0,947,,,,,,,,,,,,,,,,,,
25/05/2024 09:15:00,0,947,,,,,,,,,,,,,,,,,,
25/05/2024 09:00:00,0,945,,,,,,,,,,,,,,,,,,
25/05/2024 08:45:00,0,946,,,,,,,,,,,,,,,,,,
25/05/2024 08:30:00,0,944,,,,,,,,,,,,,,,,,,
25/05/2024 08:15:00,0,944,,,,,,,,,,,,,,,,,,
25/05/2024 08:00:00,0,944,,,,,,,,,,,,,,,,,,
25/05/2024 07:45:00,0,943,,,,,,,,,,,,,,,,,,
25/05/2024 07:30:00,0,943,,,,,,,,,,,,,,,,,,
25/05/2024 07:15:00,0,942,,,,,,,,,,,,,,,,,,
25/05/2024 07:00:00,0,942,,,,,,,,,,,,,,,,,,
25/05/2024 06:45:00,0,941,,,,,,,,,,,,,,,,,,
25/05/2024 06:30:00,0,941,,,,,,,,,,,,,,,,,,
25/05/2024 06:15:00,0,941,,,,,,,,,,,,,,,,,,
25/05/2024 06:00:00,0,940,,,,,,,,,,,,,,,,,,
25/05/2024 05:45:00,0,939,,,,,,,,,,,,,,,,,,
25/05/2024 05:30:00,0,939,,,,,,,,,,,,,,,,,,
25/05/2024 05:15:00,0,939,,,,,,,,,,,,,,,,,,
25/05/2024 05:00:00,0,938,,,,,,,,,,,,,,,,,,
25/05/2024 04:45:00,0,938,,,,,,,,,,,,,,,,,,
25/05/2024 04:30:00,0,938,,,,,,,,,,,,,,,,,,
25/05/2024 04:15:00,0,937,,,,,,,,,,,,,,,,,,
25/05/2024 04:00:00,0,937,,,,,,,,,,,,,,,,,,
25/05/2024 03:45:00,0,937,,,,,,,,,,,,,,,,,,
25/05/2024 03:30:00,0,936,,,,,,,,,,,,,,,,,,
25/05/2024 03:15:00,0,935,,,,,,,,,,,,,,,,,,
25/05/2024 03:00:00,0,935,,,,,,,,,,,,,,,,,,
25/05/2024 02:45:00,0,935,,,,,,,,,,,,,,,,,,
25/05/2024 02:30:00,0,935,,,,,,,,,,,,,,,,,,
25/05/2024 02:15:00,0,932,,,,,,,,,,,,,,,,,,
25/05/2024 02:00:00,0,934,,,,,,,,,,,,,,,,,,
25/05/2024 01:45:00,0,933,,,,,,,,,,,,,,,,,,
25/05/2024 01:30:00,0,933,,,,,,,,,,,,,,,,,,
25/05/2024 01:15:00,0,933,,,,,,,,,,,,,,,,,,
25/05/2024 01:00:00,0,933,,,,,,,,,,,,,,,,,,
25/05/2024 00:45:00,0,933,,,,,,,,,,,,,,,,,,
25/05/2024 00:30:00,0,933,,,,,,,,,,,,,,,,,,
25/05/2024 00:15:00,0,932,,,,,,,,,,,,,,,,,,
25/05/2024 00:00:00,0,931,,,,,,,,,,,,,,,,,,
24/05/2024 23:45:00,0,931,,,,,,,,,,,,,,,,,,
24/05/2024 23:30:00,0,931,,,,,,,,,,,,,,,,,,
24/05/2024 23:15:00,0,931,,,,,,,,,,,,,,,,,,
24/05/2024 23:00:00,0,930,,,,,,,,,,,,,,,,,,
24/05/2024 22:45:00,0,930,,,,,,,,,,,,,,,,,,
24/05/2024 22:30:00,0,930,,,,,,,,,,,,,,,,,,
24/05/2024 22:15:00,0,929,,,,,,,,,,,,,,,,,,
24/05/2024 22:00:00,0,929,,,,,,,,,,,,,,,,,,
24/05/2024 21:45:00,0,929,,,,,,,,,,,,,,,,,,
24/05/2024 21:30:00,0,929,,,,,,,,,,,,,,,,,,
24/05/2024 21:15:00,0,928,,,,,,,,,,,,,,,,,,
24/05/2024 21:00:00,0,928,,,,,,,,,,,,,,,,,,
24/05/2024 20:45:00,0,929,,,,,,,,,,,,,,,,,,
24/05/2024 20:30:00,0,928,,,,,,,,,,,,,,,,,,
24/05/2024 20:15:00,0,929,,,,,,,,,,,,,,,,,,
24/05/2024 20:00:00,0,929,,,,,,,,,,,,,,,,,,
24/05/2024 19:45:00,0,928,,,,,,,,,,,,,,,,,,
24/05/2024 19:30:00,0,927,,,,,,,,,,,,,,,,,,
24/05/2024 19:15:00,0,927,,,,,,,,,,,,,,,,,,
24/05/2024 19:00:00,0,927,,,,,,,,,,,,,,,,,,
24/05/2024 18:45:00,0.2,928,,,,,,,,,,,,,,,,,,
24/05/2024 18:30:00,0,927,,,,,,,,,,,,,,,,,,
24/05/2024 18:15:00,0,927,,,,,,,,,,,,,,,,,,
24/05/2024 18:00:00,0.2,927,,,,,,,,,,,,,,,,,,
24/05/2024 17:45:00,0,927,,,,,,,,,,,,,,,,,,
24/05/2024 17:30:00,0,925,,,,,,,,,,,,,,,,,,
24/05/2024 17:15:00,0,926,,,,,,,,,,,,,,,,,,
24/05/2024 17:00:00,0,926,,,,,,,,,,,,,,,,,,
24/05/2024 16:45:00,0,925,,,,,,,,,,,,,,,,,,
24/05/2024 16:30:00,0,926,,,,,,,,,,,,,,,,,,
24/05/2024 16:15:00,0.2,924,,,,,,,,,,,,,,,,,,
24/05/2024 16:00:00,0.2,925,,,,,,,,,,,,,,,,,,
24/05/2024 15:45:00,0,925,,,,,,,,,,,,,,,,,,
24/05/2024 15:30:00,0.2,925,,,,,,,,,,,,,,,,,,
24/05/2024 15:15:00,0.2,924,,,,,,,,,,,,,,,,,,
24/05/2024 15:00:00,0.2,924,,,,,,,,,,,,,,,,,,
24/05/2024 14:45:00,0.2,924,,,,,,,,,,,,,,,,,,
24/05/2024 14:30:00,0.6,925,,,,,,,,,,,,,,,,,,
24/05/2024 14:15:00,0.2,925,,,,,,,,,,,,,,,,,,
24/05/2024 14:00:00,4.2,924,,,,,,,,,,,,,,,,,,
24/05/2024 13:45:00,2.4,924,,,,,,,,,,,,,,,,,,
24/05/2024 13:30:00,0,923,,,,,,,,,,,,,,,,,,
24/05/2024 13:15:00,0,924,,,,,,,,,,,,,,,,,,
24/05/2024 13:00:00,0,924,,,,,,,,,,,,,,,,,,
24/05/2024 12:45:00,0,924,,,,,,,,,,,,,,,,,,
24/05/2024 12:30:00,0,923,,,,,,,,,,,,,,,,,,
24/05/2024 12:15:00,0,923,,,,,,,,,,,,,,,,,,
24/05/2024 12:00:00,0,923,,,,,,,,,,,,,,,,,,
24/05/2024 11:45:00,0,923,,,,,,,,,,,,,,,,,,
24/05/2024 11:30:00,0,923,,,,,,,,,,,,,,,,,,
24/05/2024 11:15:00,0,923,,,,,,,,,,,,,,,,,,
24/05/2024 11:00:00,0,923,,,,,,,,,,,,,,,,,,
24/05/2024 10:45:00,0,923,,,,,,,,,,,,,,,,,,
24/05/2024 10:30:00,0,923,,,,,,,,,,,,,,,,,,
24/05/2024 10:15:00,0,922,,,,,,,,,,,,,,,,,,
24/05/2024 10:00:00,0,923,,,,,,,,,,,,,,,,,,
24/05/2024 09:45:00,0,923,,,,,,,,,,,,,,,,,,
24/05/2024 09:30:00,0,922,,,,,,,,,,,,,,,,,,
24/05/2024 09:15:00,0,922,,,,,,,,,,,,,,,,,,
24/05/2024 09:00:00,0,922,,,,,,,,,,,,,,,,,,
24/05/2024 08:45:00,0,923,,,,,,,,,,,,,,,,,,
24/05/2024 08:30:00,0,923,,,,,,,,,,,,,,,,,,
24/05/2024 08:15:00,0,923,,,,,,,,,,,,,,,,,,
24/05/2024 08:00:00,0,923,,,,,,,,,,,,,,,,,,
24/05/2024 07:45:00,0,923,,,,,,,,,,,,,,,,,,
24/05/2024 07:30:00,0,923,,,,,,,,,,,,,,,,,,
24/05/2024 07:15:00,0,923,,,,,,,,,,,,,,,,,,
24/05/2024 07:00:00,0,924,,,,,,,,,,,,,,,,,,
24/05/2024 06:45:00,0,923,,,,,,,,,,,,,,,,,,
24/05/2024 06:30:00,0,923,,,,,,,,,,,,,,,,,,
24/05/2024 06:15:00,0,923,,,,,,,,,,,,,,,,,,
24/05/2024 06:00:00,0,923,,,,,,,,,,,,,,,,,,
24/05/2024 05:45:00,0.2,923,,,,,,,,,,,,,,,,,,
24/05/2024 05:30:00,0.2,923,,,,,,,,,,,,,,,,,,
24/05/2024 05:15:00,0,923,,,,,,,,,,,,,,,,,,
24/05/2024 05:00:00,0,923,,,,,,,,,,,,,,,,,,
24/05/2024 04:45:00,0.2,923,,,,,,,,,,,,,,,,,,
24/05/2024 04:30:00,0,923,,,,,,,,,,,,,,,,,,
24/05/2024 04:15:00,0,923,,,,,,,,,,,,,,,,,,
24/05/2024 04:00:00,0,923,,,,,,,,,,,,,,,,,,
24/05/2024 03:45:00,0,923,,,,,,,,,,,,,,,,,,
24/05/2024 03:30:00,0,923,,,,,,,,,,,,,,,,,,
24/05/2024 03:15:00,0.2,923,,,,,,,,,,,,,,,,,,
24/05/2024 03:00:00,0,923,,,,,,,,,,,,,,,,,,
24/05/2024 02:45:00,0,923,,,,,,,,,,,,,,,,,,
24/05/2024 02:30:00,0.2,923,,,,,,,,,,,,,,,,,,
24/05/2024 02:15:00,0,923,,,,,,,,,,,,,,,,,,
24/05/2024 02:00:00,0,923,,,,,,,,,,,,,,,,,,
24/05/2024 01:45:00,0.2,922,,,,,,,,,,,,,,,,,,
24/05/2024 01:30:00,0.6,922,,,,,,,,,,,,,,,,,,
24/05/2024 01:15:00,0.2,924,,,,,,,,,,,,,,,,,,
24/05/2024 01:00:00,0,923,,,,,,,,,,,,,,,,,,
24/05/2024 00:45:00,0.2,922,,,,,,,,,,,,,,,,,,
24/05/2024 00:30:00,0.4,923,,,,,,,,,,,,,,,,,,
24/05/2024 00:15:00,0.2,923,,,,,,,,,,,,,,,,,,
24/05/2024 00:00:00,0.2,922,,,,,,,,,,,,,,,,,,
23/05/2024 23:45:00,0,922,,,,,,,,,,,,,,,,,,
23/05/2024 23:30:00,0,922,,,,,,,,,,,,,,,,,,
23/05/2024 23:15:00,0,921,,,,,,,,,,,,,,,,,,
23/05/2024 23:00:00,0,921,,,,,,,,,,,,,,,,,,
23/05/2024 22:45:00,0,922,,,,,,,,,,,,,,,,,,
23/05/2024 22:30:00,0,922,,,,,,,,,,,,,,,,,,
23/05/2024 22:15:00,0,921,,,,,,,,,,,,,,,,,,
23/05/2024 22:00:00,0.2,922,,,,,,,,,,,,,,,,,,
23/05/2024 21:45:00,0,922,,,,,,,,,,,,,,,,,,
23/05/2024 21:30:00,0,922,,,,,,,,,,,,,,,,,,
23/05/2024 21:15:00,0,922,,,,,,,,,,,,,,,,,,
23/05/2024 21:00:00,0,922,,,,,,,,,,,,,,,,,,
23/05/2024 20:45:00,0,922,,,,,,,,,,,,,,,,,,
23/05/2024 20:30:00,0,922,,,,,,,,,,,,,,,,,,
23/05/2024 20:15:00,1,922,,,,,,,,,,,,,,,,,,
23/05/2024 20:00:00,0.8,921,,,,,,,,,,,,,,,,,,
23/05/2024 19:45:00,1.4,921,,,,,,,,,,,,,,,,,,
23/05/2024 19:30:00,1.4,921,,,,,,,,,,,,,,,,,,
23/05/2024 19:15:00,2.8,921,,,,,,,,,,,,,,,,,,
23/05/2024 19:00:00,0.2,921,,,,,,,,,,,,,,,,,,
23/05/2024 18:45:00,0.4,920,,,,,,,,,,,,,,,,,,
23/05/2024 18:30:00,1.4,921,,,,,,,,,,,,,,,,,,
23/05/2024 18:15:00,0.2,920,,,,,,,,,,,,,,,,,,
23/05/2024 18:00:00,0.2,919,,,,,,,,,,,,,,,,,,
23/05/2024 17:45:00,0,920,,,,,,,,,,,,,,,,,,
23/05/2024 17:30:00,0.2,920,,,,,,,,,,,,,,,,,,
23/05/2024 17:15:00,0.2,921,,,,,,,,,,,,,,,,,,
23/05/2024 17:00:00,0.2,921,,,,,,,,,,,,,,,,,,
23/05/2024 16:45:00,0.2,921,,,,,,,,,,,,,,,,,,
23/05/2024 16:30:00,0.2,920,,,,,,,,,,,,,,,,,,
23/05/2024 16:15:00,0.2,921,,,,,,,,,,,,,,,,,,
23/05/2024 16:00:00,0.8,921,,,,,,,,,,,,,,,,,,
23/05/2024 15:45:00,0.4,921,,,,,,,,,,,,,,,,,,
23/05/2024 15:30:00,0,920,,,,,,,,,,,,,,,,,,
23/05/2024 15:15:00,0.8,920,,,,,,,,,,,,,,,,,,
23/05/2024 15:00:00,2,917,,,,,,,,,,,,,,,,,,
23/05/2024 14:45:00,3.8,917,,,,,,,,,,,,,,,,,,
23/05/2024 14:30:00,4.4,917,,,,,,,,,,,,,,,,,,
23/05/2024 14:15:00,5,917,,,,,,,,,,,,,,,,,,
23/05/2024 14:00:00,7.8,918,,,,,,,,,,,,,,,,,,
23/05/2024 13:45:00,3.8,918,,,,,,,,,,,,,,,,,,
23/05/2024 13:30:00,1.4,918,,,,,,,,,,,,,,,,,,
23/05/2024 13:15:00,2.6,915,,,,,,,,,,,,,,,,,,
23/05/2024 13:00:00,0.2,916,,,,,,,,,,,,,,,,,,
23/05/2024 12:45:00,1,915,,,,,,,,,,,,,,,,,,
23/05/2024 12:30:00,1.4,916,,,,,,,,,,,,,,,,,,
23/05/2024 12:15:00,1.4,916,,,,,,,,,,,,,,,,,,
23/05/2024 12:00:00,2.2,916,,,,,,,,,,,,,,,,,,
23/05/2024 11:45:00,1.6,916,,,,,,,,,,,,,,,,,,
23/05/2024 11:30:00,2,915,,,,,,,,,,,,,,,,,,
23/05/2024 11:15:00,1.6,916,,,,,,,,,,,,,,,,,,
23/05/2024 11:00:00,1.2,916,,,,,,,,,,,,,,,,,,
23/05/2024 10:45:00,1.2,917,,,,,,,,,,,,,,,,,,
23/05/2024 10:30:00,0.4,918,,,,,,,,,,,,,,,,,,
23/05/2024 10:15:00,0.6,917,,,,,,,,,,,,,,,,,,
23/05/2024 10:00:00,1.4,918,,,,,,,,,,,,,,,,,,
23/05/2024 09:45:00,1.4,919,,,,,,,,,,,,,,,,,,
23/05/2024 09:30:00,1.2,917,,,,,,,,,,,,,,,,,,
23/05/2024 09:15:00,1.4,,,,,,,,,,,,,,,,,,,
23/05/2024 09:00:00,3.2,917,,,,,,,,,,,,,,,,,,
23/05/2024 08:45:00,1.4,,,,,,,,,,,,,,,,,,,
23/05/2024 08:30:00,3.6,,,,,,,,,,,,,,,,,,,
23/05/2024 08:15:00,6.4,,,,,,,,,,,,,,,,,,,
23/05/2024 08:00:00,0.8,,,,,,,,,,,,,,,,,,,
23/05/2024 07:45:00,1.6,,,,,,,,,,,,,,,,,,,
23/05/2024 07:30:00,1.6,,,,,,,,,,,,,,,,,,,
23/05/2024 07:15:00,6.6,,,,,,,,,,,,,,,,,,,
23/05/2024 07:00:00,1.4,,,,,,,,,,,,,,,,,,,
23/05/2024 06:45:00,7.2,,,,,,,,,,,,,,,,,,,
23/05/2024 06:30:00,3.6,,,,,,,,,,,,,,,,,,,
23/05/2024 06:15:00,2.4,,,,,,,,,,,,,,,,,,,
23/05/2024 06:00:00,1.2,,,,,,,,,,,,,,,,,,,
23/05/2024 05:45:00,0.4,,,,,,,,,,,,,,,,,,,
23/05/2024 05:30:00,4.2,,,,,,,,,,,,,,,,,,,
23/05/2024 05:15:00,1,,,,,,,,,,,,,,,,,,,
23/05/2024 05:00:00,0.4,,,,,,,,,,,,,,,,,,,
23/05/2024 04:45:00,3.4,,,,,,,,,,,,,,,,,,,
23/05/2024 04:30:00,0,,,,,,,,,,,,,,,,,,,
23/05/2024 04:15:00,0.4,,,,,,,,,,,,,,,,,,,
23/05/2024 04:00:00,0,,,,,,,,,,,,,,,,,,,
23/05/2024 03:45:00,0.4,,,,,,,,,,,,,,,,,,,
23/05/2024 03:30:00,0.8,,,,,,,,,,,,,,,,,,,
23/05/2024 03:15:00,0.8,,,,,,,,,,,,,,,,,,,
23/05/2024 03:00:00,0.2,,,,,,,,,,,,,,,,,,,
23/05/2024 02:45:00,0.4,,,,,,,,,,,,,,,,,,,
23/05/2024 02:30:00,1,,,,,,,,,,,,,,,,,,,
23/05/2024 02:15:00,1.8,,,,,,,,,,,,,,,,,,,
23/05/2024 02:00:00,2.2,,,,,,,,,,,,,,,,,,,
23/05/2024 01:45:00,2.2,,,,,,,,,,,,,,,,,,,
23/05/2024 01:30:00,0.8,,,,,,,,,,,,,,,,,,,
23/05/2024 01:15:00,4,,,,,,,,,,,,,,,,,,,
23/05/2024 01:00:00,0.6,,,,,,,,,,,,,,,,,,,
23/05/2024 00:45:00,1.4,,,,,,,,,,,,,,,,,,,
23/05/2024 00:30:00,0.6,,,,,,,,,,,,,,,,,,,
23/05/2024 00:15:00,0.2,,,,,,,,,,,,,,,,,,,
23/05/2024 00:00:00,2,,,,,,,,,,,,,,,,,,,
22/05/2024 23:45:00,0.4,,,,,,,,,,,,,,,,,,,
22/05/2024 23:30:00,0,,,,,,,,,,,,,,,,,,,
22/05/2024 23:15:00,0,,,,,,,,,,,,,,,,,,,
22/05/2024 23:00:00,0,,,,,,,,,,,,,,,,,,,
22/05/2024 22:45:00,0,,,,,,,,,,,,,,,,,,,
22/05/2024 22:30:00,0,,,,,,,,,,,,,,,,,,,
22/05/2024 22:15:00,0,,,,,,,,,,,,,,,,,,,
22/05/2024 22:00:00,0,,,,,,,,,,,,,,,,,,,
22/05/2024 21:45:00,0,,,,,,,,,,,,,,,,,,,
22/05/2024 21:30:00,0,,,,,,,,,,,,,,,,,,,
22/05/2024 21:15:00,0,,,,,,,,,,,,,,,,,,,
22/05/2024 21:00:00,0,,,,,,,,,,,,,,,,,,,
22/05/2024 20:45:00,0,,,,,,,,,,,,,,,,,,,
22/05/2024 20:30:00,0,,,,,,,,,,,,,,,,,,,
22/05/2024 20:15:00,0,,,,,,,,,,,,,,,,,,,
22/05/2024 20:00:00,0,,,,,,,,,,,,,,,,,,,
22/05/2024 19:45:00,0,,,,,,,,,,,,,,,,,,,
22/05/2024 19:30:00,0,,,,,,,,,,,,,,,,,,,
22/05/2024 19:15:00,0,,,,,,,,,,,,,,,,,,,
22/05/2024 19:00:00,0,,,,,,,,,,,,,,,,,,,
22/05/2024 18:45:00,0,,,,,,,,,,,,,,,,,,,
22/05/2024 18:30:00,0,,,,,,,,,,,,,,,,,,,
22/05/2024 18:15:00,0,,,,,,,,,,,,,,,,,,,
22/05/2024 18:00:00,0,,,,,,,,,,,,,,,,,,,
22/05/2024 17:45:00,0,,,,,,,,,,,,,,,,,,,
22/05/2024 17:30:00,0,,,,,,,,,,,,,,,,,,,
22/05/2024 17:15:00,0,,,,,,,,,,,,,,,,,,,
22/05/2024 17:00:00,0,,,,,,,,,,,,,,,,,,,
22/05/2024 16:45:00,0,,,,,,,,,,,,,,,,,,,
22/05/2024 16:30:00,0,,,,,,,,,,,,,,,,,,,
22/05/2024 16:15:00,0,,,,,,,,,,,,,,,,,,,
22/05/2024 16:00:00,0,,,,,,,,,,,,,,,,,,,
22/05/2024 15:45:00,0,,,,,,,,,,,,,,,,,,,
22/05/2024 15:30:00,0,,,,,,,,,,,,,,,,,,,
22/05/2024 15:15:00,0,,,,,,,,,,,,,,,,,,,
22/05/2024 15:00:00,0,,,,,,,,,,,,,,,,,,,
22/05/2024 14:45:00,0,,,,,,,,,,,,,,,,,,,
22/05/2024 14:30:00,0,,,,,,,,,,,,,,,,,,,
22/05/2024 14:15:00,0,,,,,,,,,,,,,,,,,,,
22/05/2024 14:00:00,0,,,,,,,,,,,,,,,,,,,
22/05/2024 13:45:00,0,,,,,,,,,,,,,,,,,,,
22/05/2024 13:30:00,0,,,,,,,,,,,,,,,,,,,
22/05/2024 13:15:00,0,,,,,,,,,,,,,,,,,,,
22/05/2024 13:00:00,0,,,,,,,,,,,,,,,,,,,
22/05/2024 12:45:00,0,,,,,,,,,,,,,,,,,,,
22/05/2024 12:30:00,0,,,,,,,,,,,,,,,,,,,
22/05/2024 12:15:00,0,,,,,,,,,,,,,,,,,,,
22/05/2024 12:00:00,0,,,,,,,,,,,,,,,,,,,
22/05/2024 11:45:00,0,,,,,,,,,,,,,,,,,,,
22/05/2024 11:30:00,0,,,,,,,,,,,,,,,,,,,
22/05/2024 11:15:00,0,,,,,,,,,,,,,,,,,,,
22/05/2024 11:00:00,0,,,,,,,,,,,,,,,,,,,
22/05/2024 10:45:00,0,,,,,,,,,,,,,,,,,,,
22/05/2024 10:30:00,0,,,,,,,,,,,,,,,,,,,
22/05/2024 10:15:00,0,,,,,,,,,,,,,,,,,,,
22/05/2024 10:00:00,0,,,,,,,,,,,,,,,,,,,
22/05/2024 09:45:00,0,,,,,,,,,,,,,,,,,,,
22/05/2024 09:30:00,0,,,,,,,,,,,,,,,,,,,
22/05/2024 09:15:00,0,,,,,,,,,,,,,,,,,,,
22/05/2024 09:00:00,0,,,,,,,,,,,,,,,,,,,
22/05/2024 08:45:00,0,,,,,,,,,,,,,,,,,,,
22/05/2024 08:30:00,0,,,,,,,,,,,,,,,,,,,
22/05/2024 08:15:00,0,,,,,,,,,,,,,,,,,,,
22/05/2024 08:00:00,0,,,,,,,,,,,,,,,,,,,
22/05/2024 07:45:00,0,,,,,,,,,,,,,,,,,,,
22/05/2024 07:30:00,0,,,,,,,,,,,,,,,,,,,
22/05/2024 07:15:00,0,,,,,,,,,,,,,,,,,,,
22/05/2024 07:00:00,0,971,,,,,,,,,,,,,,,,,,
22/05/2024 06:45:00,0,,,,,,,,,,,,,,,,,,,
22/05/2024 06:30:00,0,,,,,,,,,,,,,,,,,,,
22/05/2024 06:15:00,0,,,,,,,,,,,,,,,,,,,
22/05/2024 06:00:00,0,,,,,,,,,,,,,,,,,,,
22/05/2024 05:45:00,0,,,,,,,,,,,,,,,,,,,
22/05/2024 05:30:00,0,,,,,,,,,,,,,,,,,,,
22/05/2024 05:15:00,0,,,,,,,,,,,,,,,,,,,
22/05/2024 05:00:00,0,,,,,,,,,,,,,,,,,,,
22/05/2024 04:45:00,0,,,,,,,,,,,,,,,,,,,
22/05/2024 04:30:00,0,,,,,,,,,,,,,,,,,,,
22/05/2024 04:15:00,0,,,,,,,,,,,,,,,,,,,
22/05/2024 04:00:00,0,,,,,,,,,,,,,,,,,,,
22/05/2024 03:45:00,0,,,,,,,,,,,,,,,,,,,
22/05/2024 03:30:00,0,,,,,,,,,,,,,,,,,,,
22/05/2024 03:15:00,0,,,,,,,,,,,,,,,,,,,
22/05/2024 03:00:00,0,,,,,,,,,,,,,,,,,,,
22/05/2024 02:45:00,0,,,,,,,,,,,,,,,,,,,
22/05/2024 02:30:00,0,,,,,,,,,,,,,,,,,,,
22/05/2024 02:15:00,0,,,,,,,,,,,,,,,,,,,
22/05/2024 02:00:00,0,,,,,,,,,,,,,,,,,,,
22/05/2024 01:45:00,0,,,,,,,,,,,,,,,,,,,
22/05/2024 01:30:00,0,,,,,,,,,,,,,,,,,,,
22/05/2024 01:15:00,0,,,,,,,,,,,,,,,,,,,
22/05/2024 01:00:00,0,,,,,,,,,,,,,,,,,,,
22/05/2024 00:45:00,0,,,,,,,,,,,,,,,,,,,
22/05/2024 00:30:00,0,,,,,,,,,,,,,,,,,,,
22/05/2024 00:15:00,0,,,,,,,,,,,,,,,,,,,
22/05/2024 00:00:00,0,,,,,,,,,,,,,,,,,,,
21/05/2024 23:45:00,0,,,,,,,,,,,,,,,,,,,
21/05/2024 23:30:00,0,,,,,,,,,,,,,,,,,,,
21/05/2024 23:15:00,0,,,,,,,,,,,,,,,,,,,
21/05/2024 23:00:00,0,,,,,,,,,,,,,,,,,,,
21/05/2024 22:45:00,0,,,,,,,,,,,,,,,,,,,
21/05/2024 22:30:00,0,,,,,,,,,,,,,,,,,,,
21/05/2024 22:15:00,0,,,,,,,,,,,,,,,,,,,
21/05/2024 22:00:00,0,,,,,,,,,,,,,,,,,,,
21/05/2024 21:45:00,0,,,,,,,,,,,,,,,,,,,
21/05/2024 21:30:00,0,,,,,,,,,,,,,,,,,,,
21/05/2024 21:15:00,0,,,,,,,,,,,,,,,,,,,
21/05/2024 21:00:00,0,,,,,,,,,,,,,,,,,,,
21/05/2024 20:45:00,0,,,,,,,,,,,,,,,,,,,
21/05/2024 20:30:00,0,,,,,,,,,,,,,,,,,,,
21/05/2024 20:15:00,0,,,,,,,,,,,,,,,,,,,
21/05/2024 20:00:00,0,,,,,,,,,,,,,,,,,,,
21/05/2024 19:45:00,0,,,,,,,,,,,,,,,,,,,
21/05/2024 19:30:00,0,,,,,,,,,,,,,,,,,,,
21/05/2024 19:15:00,0,,,,,,,,,,,,,,,,,,,
21/05/2024 19:00:00,0,,,,,,,,,,,,,,,,,,,
21/05/2024 18:45:00,0,,,,,,,,,,,,,,,,,,,
21/05/2024 18:30:00,0,,,,,,,,,,,,,,,,,,,
21/05/2024 18:15:00,0,,,,,,,,,,,,,,,,,,,
21/05/2024 18:00:00,0,,,,,,,,,,,,,,,,,,,
21/05/2024 17:45:00,0,,,,,,,,,,,,,,,,,,,
21/05/2024 17:30:00,0,,,,,,,,,,,,,,,,,,,
21/05/2024 17:15:00,0,1040,,,,,,,,,,,,,,,,,,
21/05/2024 17:00:00,0,1041,,,,,,,,,,,,,,,,,,
21/05/2024 16:45:00,0,1040,,,,,,,,,,,,,,,,,,
21/05/2024 16:30:00,0,1043,,,,,,,,,,,,,,,,,,
21/05/2024 16:15:00,0,1043,,,,,,,,,,,,,,,,,,
21/05/2024 16:00:00,0,1042,,,,,,,,,,,,,,,,,,
21/05/2024 15:45:00,0,1044,,,,,,,,,,,,,,,,,,
21/05/2024 15:30:00,0,1045,,,,,,,,,,,,,,,,,,
21/05/2024 15:15:00,0,1045,,,,,,,,,,,,,,,,,,
21/05/2024 15:00:00,0,1046,,,,,,,,,,,,,,,,,,
21/05/2024 14:45:00,0,1048,,,,,,,,,,,,,,,,,,
21/05/2024 14:30:00,0,1048,,,,,,,,,,,,,,,,,,
21/05/2024 14:15:00,0,1049,,,,,,,,,,,,,,,,,,
21/05/2024 14:00:00,0,1050,,,,,,,,,,,,,,,,,,
21/05/2024 13:45:00,0,1050,,,,,,,,,,,,,,,,,,
21/05/2024 13:30:00,0,1051,,,,,,,,,,,,,,,,,,
21/05/2024 13:15:00,0,1052,,,,,,,,,,,,,,,,,,
21/05/2024 13:00:00,0,1053,,,,,,,,,,,,,,,,,,
21/05/2024 12:45:00,0,1052,,,,,,,,,,,,,,,,,,
21/05/2024 12:30:00,0,1052,,,,,,,,,,,,,,,,,,
21/05/2024 12:15:00,0,1053,,,,,,,,,,,,,,,,,,
21/05/2024 12:00:00,0,1054,,,,,,,,,,,,,,,,,,
21/05/2024 11:45:00,0,1056,,,,,,,,,,,,,,,,,,
21/05/2024 11:30:00,0,1056,,,,,,,,,,,,,,,,,,
21/05/2024 11:15:00,0,1057,,,,,,,,,,,,,,,,,,
21/05/2024 11:00:00,0,1057,,,,,,,,,,,,,,,,,,
21/05/2024 10:45:00,0,1059,,,,,,,,,,,,,,,,,,
21/05/2024 10:30:00,0,1060,,,,,,,,,,,,,,,,,,
21/05/2024 10:15:00,0,1058,,,,,,,,,,,,,,,,,,
21/05/2024 10:00:00,0,1060,,,,,,,,,,,,,,,,,,
21/05/2024 09:45:00,0,1060,,,,,,,,,,,,,,,,,,
21/05/2024 09:30:00,0,1062,,,,,,,,,,,,,,,,,,
21/05/2024 09:15:00,0,,,,,,,,,,,,,,,,,,,
21/05/2024 09:00:00,0,1063,,,,,,,,,,,,,,,,,,
21/05/2024 08:45:00,0,1065,,,,,,,,,,,,,,,,,,
21/05/2024 08:30:00,0,1065,,,,,,,,,,,,,,,,,,
21/05/2024 08:15:00,0,1066,,,,,,,,,,,,,,,,,,
21/05/2024 08:00:00,0,1068,,,,,,,,,,,,,,,,,,
21/05/2024 07:45:00,0,1067,,,,,,,,,,,,,,,,,,
21/05/2024 07:30:00,0,1068,,,,,,,,,,,,,,,,,,
21/05/2024 07:15:00,0,1069,,,,,,,,,,,,,,,,,,
21/05/2024 07:00:00,0,,,,,,,,,,,,,,,,,,,
21/05/2024 06:45:00,0,1072,,,,,,,,,,,,,,,,,,
21/05/2024 06:30:00,0,1072,,,,,,,,,,,,,,,,,,
21/05/2024 06:15:00,0,1073,,,,,,,,,,,,,,,,,,
21/05/2024 06:00:00,0,1073,,,,,,,,,,,,,,,,,,
21/05/2024 05:45:00,0,1075,,,,,,,,,,,,,,,,,,
21/05/2024 05:30:00,0,1075,,,,,,,,,,,,,,,,,,
21/05/2024 05:15:00,0,1076,,,,,,,,,,,,,,,,,,
21/05/2024 05:00:00,0,1077,,,,,,,,,,,,,,,,,,
21/05/2024 04:45:00,0,1078,,,,,,,,,,,,,,,,,,
21/05/2024 04:30:00,0,1079,,,,,,,,,,,,,,,,,,
21/05/2024 04:15:00,0,1080,,,,,,,,,,,,,,,,,,
21/05/2024 04:00:00,0,1082,,,,,,,,,,,,,,,,,,
21/05/2024 03:45:00,0,1082,,,,,,,,,,,,,,,,,,
21/05/2024 03:30:00,0,1083,,,,,,,,,,,,,,,,,,
21/05/2024 03:15:00,0,1082,,,,,,,,,,,,,,,,,,
21/05/2024 03:00:00,0,1082,,,,,,,,,,,,,,,,,,
21/05/2024 02:45:00,0,1084,,,,,,,,,,,,,,,,,,
21/05/2024 02:30:00,0,1084,,,,,,,,,,,,,,,,,,
21/05/2024 02:15:00,0,1086,,,,,,,,,,,,,,,,,,
21/05/2024 02:00:00,0,1086,,,,,,,,,,,,,,,,,,
21/05/2024 01:45:00,0,1086,,,,,,,,,,,,,,,,,,
21/05/2024 01:30:00,0,1087,,,,,,,,,,,,,,,,,,
21/05/2024 01:15:00,0,1088,,,,,,,,,,,,,,,,,,
21/05/2024 01:00:00,0,1089,,,,,,,,,,,,,,,,,,
21/05/2024 00:45:00,0,1090,,,,,,,,,,,,,,,,,,
21/05/2024 00:30:00,0,1093,,,,,,,,,,,,,,,,,,
21/05/2024 00:15:00,0,1091,,,,,,,,,,,,,,,,,,
21/05/2024 00:00:00,0,1094,,,,,,,,,,,,,,,,,,
20/05/2024 23:45:00,0,1093,,,,,,,,,,,,,,,,,,
20/05/2024 23:30:00,0,1095,,,,,,,,,,,,,,,,,,
20/05/2024 23:15:00,0,1097,,,,,,,,,,,,,,,,,,
20/05/2024 23:00:00,0,1097,,,,,,,,,,,,,,,,,,
20/05/2024 22:45:00,0,1098,,,,,,,,,,,,,,,,,,
20/05/2024 22:30:00,0,1099,,,,,,,,,,,,,,,,,,
20/05/2024 22:15:00,0,1100,,,,,,,,,,,,,,,,,,
20/05/2024 22:00:00,0,1101,,,,,,,,,,,,,,,,,,
20/05/2024 21:45:00,0,1101,,,,,,,,,,,,,,,,,,
20/05/2024 21:30:00,0,1102,,,,,,,,,,,,,,,,,,
20/05/2024 21:15:00,0,1104,,,,,,,,,,,,,,,,,,
20/05/2024 21:00:00,0,1104,,,,,,,,,,,,,,,,,,
20/05/2024 20:45:00,0,1107,,,,,,,,,,,,,,,,,,
20/05/2024 20:30:00,0,1105,,,,,,,,,,,,,,,,,,
20/05/2024 20:15:00,0,1107,,,,,,,,,,,,,,,,,,
20/05/2024 20:00:00,0,1108,,,,,,,,,,,,,,,,,,
20/05/2024 19:45:00,0,1107,,,,,,,,,,,,,,,,,,
20/05/2024 19:30:00,0,1108,,,,,,,,,,,,,,,,,,
20/05/2024 19:15:00,0,1110,,,,,,,,,,,,,,,,,,
20/05/2024 19:00:00,0,1110,,,,,,,,,,,,,,,,,,
20/05/2024 18:45:00,0,1112,,,,,,,,,,,,,,,,,,
20/05/2024 18:30:00,0,1112,,,,,,,,,,,,,,,,,,
20/05/2024 18:15:00,0,1114,,,,,,,,,,,,,,,,,,
20/05/2024 18:00:00,0,1114,,,,,,,,,,,,,,,,,,
20/05/2024 17:45:00,0,1114,,,,,,,,,,,,,,,,,,
20/05/2024 17:30:00,0,1115,,,,,,,,,,,,,,,,,,
20/05/2024 17:15:00,0,1113,,,,,,,,,,,,,,,,,,
20/05/2024 17:00:00,0,1116,,,,,,,,,,,,,,,,,,
20/05/2024 16:45:00,0.2,1117,,,,,,,,,,,,,,,,,,
20/05/2024 16:30:00,0,1118,,,,,,,,,,,,,,,,,,
20/05/2024 16:15:00,0,1118,,,,,,,,,,,,,,,,,,
20/05/2024 16:00:00,0,1117,,,,,,,,,,,,,,,,,,
20/05/2024 15:45:00,0,1121,,,,,,,,,,,,,,,,,,
20/05/2024 15:30:00,0,1121,,,,,,,,,,,,,,,,,,
20/05/2024 15:15:00,0,1122,,,,,,,,,,,,,,,,,,
20/05/2024 15:00:00,0,1123,,,,,,,,,,,,,,,,,,
20/05/2024 14:45:00,0,1123,,,,,,,,,,,,,,,,,,
20/05/2024 14:30:00,0,1123,,,,,,,,,,,,,,,,,,
20/05/2024 14:15:00,0,1126,,,,,,,,,,,,,,,,,,
20/05/2024 14:00:00,0,1127,,,,,,,,,,,,,,,,,,
20/05/2024 13:45:00,0,1128,,,,,,,,,,,,,,,,,,
20/05/2024 13:30:00,0,1128,,,,,,,,,,,,,,,,,,
20/05/2024 13:15:00,0,1128,,,,,,,,,,,,,,,,,,
20/05/2024 13:00:00,0,1129,,,,,,,,,,,,,,,,,,
20/05/2024 12:45:00,0,1130,,,,,,,,,,,,,,,,,,
20/05/2024 12:30:00,0,1131,,,,,,,,,,,,,,,,,,
20/05/2024 12:15:00,0,1129,,,,,,,,,,,,,,,,,,
20/05/2024 12:00:00,0,1130,,,,,,,,,,,,,,,,,,
20/05/2024 11:45:00,0,1131,,,,,,,,,,,,,,,,,,
20/05/2024 11:30:00,0,1131,,,,,,,,,,,,,,,,,,
20/05/2024 11:15:00,0,1131,,,,,,,,,,,,,,,,,,
20/05/2024 11:00:00,0,1134,,,,,,,,,,,,,,,,,,
20/05/2024 10:45:00,0,1136,,,,,,,,,,,,,,,,,,
20/05/2024 10:30:00,0,1136,,,,,,,,,,,,,,,,,,
20/05/2024 10:15:00,0,1138,,,,,,,,,,,,,,,,,,
20/05/2024 10:00:00,0,1136,,,,,,,,,,,,,,,,,,
20/05/2024 09:45:00,0,1138,,,,,,,,,,,,,,,,,,
20/05/2024 09:30:00,0,1139,,,,,,,,,,,,,,,,,,
20/05/2024 09:15:00,0,1140,,,,,,,,,,,,,,,,,,
20/05/2024 09:00:00,0,1141,,,,,,,,,,,,,,,,,,
20/05/2024 08:45:00,0,1141,,,,,,,,,,,,,,,,,,
20/05/2024 08:30:00,0,1141,,,,,,,,,,,,,,,,,,
20/05/2024 08:15:00,0,1143,,,,,,,,,,,,,,,,,,
20/05/2024 08:00:00,0,1144,,,,,,,,,,,,,,,,,,
20/05/2024 07:45:00,0,1145,,,,,,,,,,,,,,,,,,
20/05/2024 07:30:00,0,1146,,,,,,,,,,,,,,,,,,
20/05/2024 07:15:00,0,1147,,,,,,,,,,,,,,,,,,
20/05/2024 07:00:00,0,1149,,,,,,,,,,,,,,,,,,
20/05/2024 06:45:00,0,1150,,,,,,,,,,,,,,,,,,
20/05/2024 06:30:00,0.2,1151,,,,,,,,,,,,,,,,,,
20/05/2024 06:15:00,0,1151,,,,,,,,,,,,,,,,,,
20/05/2024 06:00:00,0,1151,,,,,,,,,,,,,,,,,,
20/05/2024 05:45:00,0,1152,,,,,,,,,,,,,,,,,,
20/05/2024 05:30:00,0,1152,,,,,,,,,,,,,,,,,,
20/05/2024 05:15:00,0,1154,,,,,,,,,,,,,,,,,,
20/05/2024 05:00:00,0,1154,,,,,,,,,,,,,,,,,,
20/05/2024 04:45:00,0,1156,,,,,,,,,,,,,,,,,,
20/05/2024 04:30:00,0,1157,,,,,,,,,,,,,,,,,,
20/05/2024 04:15:00,0,1155,,,,,,,,,,,,,,,,,,
20/05/2024 04:00:00,0,1157,,,,,,,,,,,,,,,,,,
20/05/2024 03:45:00,0,1159,,,,,,,,,,,,,,,,,,
20/05/2024 03:30:00,0,1159,,,,,,,,,,,,,,,,,,
20/05/2024 03:15:00,0,1159,,,,,,,,,,,,,,,,,,
20/05/2024 03:00:00,0,1161,,,,,,,,,,,,,,,,,,
20/05/2024 02:45:00,0,1161,,,,,,,,,,,,,,,,,,
20/05/2024 02:30:00,0,1160,,,,,,,,,,,,,,,,,,
20/05/2024 02:15:00,0,1161,,,,,,,,,,,,,,,,,,
20/05/2024 02:00:00,0,1162,,,,,,,,,,,,,,,,,,
20/05/2024 01:45:00,0,1165,,,,,,,,,,,,,,,,,,
20/05/2024 01:30:00,0,1166,,,,,,,,,,,,,,,,,,
20/05/2024 01:15:00,0,1165,,,,,,,,,,,,,,,,,,
20/05/2024 01:00:00,0,1168,,,,,,,,,,,,,,,,,,
20/05/2024 00:45:00,0,1168,,,,,,,,,,,,,,,,,,
20/05/2024 00:30:00,0,1167,,,,,,,,,,,,,,,,,,
20/05/2024 00:15:00,0.4,1169,,,,,,,,,,,,,,,,,,
20/05/2024 00:00:00,0,1170,,,,,,,,,,,,,,,,,,
19/05/2024 23:45:00,0,1171,,,,,,,,,,,,,,,,,,
19/05/2024 23:30:00,0.2,1169,,,,,,,,,,,,,,,,,,
19/05/2024 23:15:00,0,1173,,,,,,,,,,,,,,,,,,
19/05/2024 23:00:00,0,1171,,,,,,,,,,,,,,,,,,
19/05/2024 22:45:00,0,1174,,,,,,,,,,,,,,,,,,
19/05/2024 22:30:00,0,1176,,,,,,,,,,,,,,,,,,
19/05/2024 22:15:00,0,1175,,,,,,,,,,,,,,,,,,
19/05/2024 22:00:00,0,1176,,,,,,,,,,,,,,,,,,
19/05/2024 21:45:00,0,1175,,,,,,,,,,,,,,,,,,
19/05/2024 21:30:00,0,1178,,,,,,,,,,,,,,,,,,
19/05/2024 21:15:00,0,1177,,,,,,,,,,,,,,,,,,
19/05/2024 21:00:00,0,1178,,,,,,,,,,,,,,,,,,
19/05/2024 20:45:00,0,1179,,,,,,,,,,,,,,,,,,
19/05/2024 20:30:00,0,1179,,,,,,,,,,,,,,,,,,
19/05/2024 20:15:00,0,1179,,,,,,,,,,,,,,,,,,
19/05/2024 20:00:00,0,1180,,,,,,,,,,,,,,,,,,
19/05/2024 19:45:00,0,1182,,,,,,,,,,,,,,,,,,
19/05/2024 19:30:00,0,1181,,,,,,,,,,,,,,,,,,
19/05/2024 19:15:00,0,1184,,,,,,,,,,,,,,,,,,
19/05/2024 19:00:00,0,1184,,,,,,,,,,,,,,,,,,
19/05/2024 18:45:00,0,1186,,,,,,,,,,,,,,,,,,
19/05/2024 18:30:00,0,1188,,,,,,,,,,,,,,,,,,
19/05/2024 18:15:00,0,1186,,,,,,,,,,,,,,,,,,
19/05/2024 18:00:00,0,1188,,,,,,,,,,,,,,,,,,
19/05/2024 17:45:00,0,1188,,,,,,,,,,,,,,,,,,
19/05/2024 17:30:00,0,1188,,,,,,,,,,,,,,,,,,
19/05/2024 17:15:00,0,1190,,,,,,,,,,,,,,,,,,
19/05/2024 17:00:00,0,1190,,,,,,,,,,,,,,,,,,
19/05/2024 16:45:00,0,1191,,,,,,,,,,,,,,,,,,
19/05/2024 16:30:00,0,1190,,,,,,,,,,,,,,,,,,
19/05/2024 16:15:00,0,1193,,,,,,,,,,,,,,,,,,
19/05/2024 16:00:00,0,1193,,,,,,,,,,,,,,,,,,
19/05/2024 15:45:00,0,1195,,,,,,,,,,,,,,,,,,
19/05/2024 15:30:00,0,1195,,,,,,,,,,,,,,,,,,
19/05/2024 15:15:00,0,1196,,,,,,,,,,,,,,,,,,
19/05/2024 15:00:00,0,1196,,,,,,,,,,,,,,,,,,
19/05/2024 14:45:00,0,1196,,,,,,,,,,,,,,,,,,
19/05/2024 14:30:00,0,1197,,,,,,,,,,,,,,,,,,
19/05/2024 14:15:00,0,1196,,,,,,,,,,,,,,,,,,
19/05/2024 14:00:00,0,1200,,,,,,,,,,,,,,,,,,
19/05/2024 13:45:00,0,1201,,,,,,,,,,,,,,,,,,
19/05/2024 13:30:00,0,1200,,,,,,,,,,,,,,,,,,
19/05/2024 13:15:00,0,1201,,,,,,,,,,,,,,,,,,
19/05/2024 13:00:00,0,1201,,,,,,,,,,,,,,,,,,
19/05/2024 12:45:00,0,1203,,,,,,,,,,,,,,,,,,
19/05/2024 12:30:00,0,1201,,,,,,,,,,,,,,,,,,
19/05/2024 12:15:00,0,1204,,,,,,,,,,,,,,,,,,
19/05/2024 12:00:00,0,1203,,,,,,,,,,,,,,,,,,
19/05/2024 11:45:00,0,1204,,,,,,,,,,,,,,,,,,
19/05/2024 11:30:00,0.2,1207,,,,,,,,,,,,,,,,,,
19/05/2024 11:15:00,0.2,1206,,,,,,,,,,,,,,,,,,
19/05/2024 11:00:00,0,1208,,,,,,,,,,,,,,,,,,
19/05/2024 10:45:00,0,1207,,,,,,,,,,,,,,,,,,
19/05/2024 10:30:00,0.2,1210,,,,,,,,,,,,,,,,,,
19/05/2024 10:15:00,0,1209,,,,,,,,,,,,,,,,,,
19/05/2024 10:00:00,0,1213,,,,,,,,,,,,,,,,,,
19/05/2024 09:45:00,0.2,1212,,,,,,,,,,,,,,,,,,
19/05/2024 09:30:00,0,1213,,,,,,,,,,,,,,,,,,
19/05/2024 09:15:00,0,1215,,,,,,,,,,,,,,,,,,
19/05/2024 09:00:00,0,1216,,,,,,,,,,,,,,,,,,
19/05/2024 08:45:00,0,1216,,,,,,,,,,,,,,,,,,
19/05/2024 08:30:00,0.2,1216,,,,,,,,,,,,,,,,,,
19/05/2024 08:15:00,0,1217,,,,,,,,,,,,,,,,,,
19/05/2024 08:00:00,0,1216,,,,,,,,,,,,,,,,,,
19/05/2024 07:45:00,0,1217,,,,,,,,,,,,,,,,,,
19/05/2024 07:30:00,0,1218,,,,,,,,,,,,,,,,,,
19/05/2024 07:15:00,0,1220,,,,,,,,,,,,,,,,,,
19/05/2024 07:00:00,0,1219,,,,,,,,,,,,,,,,,,
19/05/2024 06:45:00,0,1220,,,,,,,,,,,,,,,,,,
19/05/2024 06:30:00,0,1220,,,,,,,,,,,,,,,,,,
19/05/2024 06:15:00,0,1221,,,,,,,,,,,,,,,,,,
19/05/2024 06:00:00,0,1223,,,,,,,,,,,,,,,,,,
19/05/2024 05:45:00,0.2,1223,,,,,,,,,,,,,,,,,,
19/05/2024 05:30:00,0,1224,,,,,,,,,,,,,,,,,,
19/05/2024 05:15:00,0,1226,,,,,,,,,,,,,,,,,,
19/05/2024 05:00:00,0.2,1225,,,,,,,,,,,,,,,,,,
19/05/2024 04:45:00,0.2,1224,,,,,,,,,,,,,,,,,,
19/05/2024 04:30:00,0,1225,,,,,,,,,,,,,,,,,,
19/05/2024 04:15:00,0,1226,,,,,,,,,,,,,,,,,,
19/05/2024 04:00:00,0,,,,,,,,,,,,,,,,,,,
19/05/2024 03:45:00,0,,,,,,,,,,,,,,,,,,,
19/05/2024 03:30:00,0,,,,,,,,,,,,,,,,,,,
19/05/2024 03:15:00,0,,,,,,,,,,,,,,,,,,,
19/05/2024 03:00:00,0,,,,,,,,,,,,,,,,,,,
19/05/2024 02:45:00,0,,,,,,,,,,,,,,,,,,,
19/05/2024 02:30:00,0,,,,,,,,,,,,,,,,,,,
19/05/2024 02:15:00,0,,,,,,,,,,,,,,,,,,,
19/05/2024 02:00:00,0,,,,,,,,,,,,,,,,,,,
19/05/2024 01:45:00,0,,,,,,,,,,,,,,,,,,,
19/05/2024 01:30:00,0,,,,,,,,,,,,,,,,,,,
19/05/2024 01:15:00,0,1239,,,,,,,,,,,,,,,,,,
19/05/2024 01:00:00,0,1239,,,,,,,,,,,,,,,,,,
19/05/2024 00:45:00,0,1239,,,,,,,,,,,,,,,,,,
19/05/2024 00:30:00,0,1240,,,,,,,,,,,,,,,,,,
19/05/2024 00:15:00,0,1239,,,,,,,,,,,,,,,,,,
19/05/2024 00:00:00,0,1242,,,,,,,,,,,,,,,,,,
18/05/2024 23:45:00,0,1241,,,,,,,,,,,,,,,,,,
18/05/2024 23:30:00,0,1244,,,,,,,,,,,,,,,,,,
18/05/2024 23:15:00,0,1245,,,,,,,,,,,,,,,,,,
18/05/2024 23:00:00,0,1241,,,,,,,,,,,,,,,,,,
18/05/2024 22:45:00,,1244,,,,,,,,,,,,,,,,,,
18/05/2024 22:30:00,,1245,,,,,,,,,,,,,,,,,,
18/05/2024 22:15:00,,1247,,,,,,,,,,,,,,,,,,
18/05/2024 22:00:00,,1247,,,,,,,,,,,,,,,,,,
18/05/2024 21:45:00,0,1246,,,,,,,,,,,,,,,,,,
18/05/2024 21:30:00,0,1250,,,,,,,,,,,,,,,,,,
18/05/2024 21:15:00,0,1249,,,,,,,,,,,,,,,,,,
18/05/2024 21:00:00,0,1251,,,,,,,,,,,,,,,,,,
18/05/2024 20:45:00,0,1248,,,,,,,,,,,,,,,,,,
18/05/2024 20:30:00,0,1248,,,,,,,,,,,,,,,,,,
18/05/2024 20:15:00,0,1253,,,,,,,,,,,,,,,,,,
18/05/2024 20:00:00,0,1254,,,,,,,,,,,,,,,,,,
18/05/2024 19:45:00,0,1254,,,,,,,,,,,,,,,,,,
18/05/2024 19:30:00,0,1254,,,,,,,,,,,,,,,,,,
18/05/2024 19:15:00,0,1255,,,,,,,,,,,,,,,,,,
18/05/2024 19:00:00,0,1257,,,,,,,,,,,,,,,,,,
18/05/2024 18:45:00,0,1258,,,,,,,,,,,,,,,,,,
18/05/2024 18:30:00,0,1256,,,,,,,,,,,,,,,,,,
18/05/2024 18:15:00,0,1259,,,,,,,,,,,,,,,,,,
18/05/2024 18:00:00,0,1259,,,,,,,,,,,,,,,,,,
18/05/2024 17:45:00,0,1259,,,,,,,,,,,,,,,,,,
18/05/2024 17:30:00,0,1259,,,,,,,,,,,,,,,,,,
18/05/2024 17:15:00,0,1262,,,,,,,,,,,,,,,,,,
18/05/2024 17:00:00,0,1261,,,,,,,,,,,,,,,,,,
18/05/2024 16:45:00,0,1261,,,,,,,,,,,,,,,,,,
18/05/2024 16:30:00,0,1262,,,,,,,,,,,,,,,,,,
18/05/2024 16:15:00,0,1262,,,,,,,,,,,,,,,,,,
18/05/2024 16:00:00,0,1265,,,,,,,,,,,,,,,,,,
18/05/2024 15:45:00,0,1267,,,,,,,,,,,,,,,,,,
18/05/2024 15:30:00,0,1265,,,,,,,,,,,,,,,,,,
18/05/2024 15:15:00,0,1264,,,,,,,,,,,,,,,,,,
18/05/2024 15:00:00,0,1267,,,,,,,,,,,,,,,,,,
18/05/2024 14:45:00,0,1268,,,,,,,,,,,,,,,,,,
18/05/2024 14:30:00,0,1270,,,,,,,,,,,,,,,,,,
18/05/2024 14:15:00,0,1269,,,,,,,,,,,,,,,,,,
18/05/2024 14:00:00,0,1269,,,,,,,,,,,,,,,,,,
18/05/2024 13:45:00,0,1272,,,,,,,,,,,,,,,,,,
18/05/2024 13:30:00,0,1273,,,,,,,,,,,,,,,,,,
18/05/2024 13:15:00,0,1272,,,,,,,,,,,,,,,,,,
18/05/2024 13:00:00,0,1272,,,,,,,,,,,,,,,,,,
18/05/2024 12:45:00,0,1273,,,,,,,,,,,,,,,,,,
18/05/2024 12:30:00,0,1272,,,,,,,,,,,,,,,,,,
18/05/2024 12:15:00,0,1274,,,,,,,,,,,,,,,,,,
18/05/2024 12:00:00,0,1278,,,,,,,,,,,,,,,,,,
18/05/2024 11:45:00,0,1277,,,,,,,,,,,,,,,,,,
18/05/2024 11:30:00,0,1277,,,,,,,,,,,,,,,,,,
18/05/2024 11:15:00,0,1276,,,,,,,,,,,,,,,,,,
18/05/2024 11:00:00,0,1276,,,,,,,,,,,,,,,,,,
18/05/2024 10:45:00,0,1277,,,,,,,,,,,,,,,,,,
18/05/2024 10:30:00,0,1279,,,,,,,,,,,,,,,,,,
18/05/2024 10:15:00,0,1281,,,,,,,,,,,,,,,,,,
18/05/2024 10:00:00,0,1280,,,,,,,,,,,,,,,,,,
18/05/2024 09:45:00,0,1282,,,,,,,,,,,,,,,,,,
18/05/2024 09:30:00,0,1283,,,,,,,,,,,,,,,,,,
18/05/2024 09:15:00,0,1283,,,,,,,,,,,,,,,,,,
18/05/2024 09:00:00,0,1282,,,,,,,,,,,,,,,,,,
18/05/2024 08:45:00,0,1283,,,,,,,,,,,,,,,,,,
18/05/2024 08:30:00,0,1286,,,,,,,,,,,,,,,,,,
18/05/2024 08:15:00,0,1287,,,,,,,,,,,,,,,,,,
18/05/2024 08:00:00,0,1285,,,,,,,,,,,,,,,,,,
18/05/2024 07:45:00,0,1286,,,,,,,,,,,,,,,,,,
18/05/2024 07:30:00,0,1291,,,,,,,,,,,,,,,,,,
18/05/2024 07:15:00,0,1290,,,,,,,,,,,,,,,,,,
18/05/2024 07:00:00,0,1289,,,,,,,,,,,,,,,,,,
18/05/2024 06:45:00,0,1290,,,,,,,,,,,,,,,,,,
18/05/2024 06:30:00,0,1291,,,,,,,,,,,,,,,,,,
18/05/2024 06:15:00,0,1288,,,,,,,,,,,,,,,,,,
18/05/2024 06:00:00,0,1293,,,,,,,,,,,,,,,,,,
18/05/2024 05:45:00,0,1290,,,,,,,,,,,,,,,,,,
18/05/2024 05:30:00,0,1294,,,,,,,,,,,,,,,,,,
18/05/2024 05:15:00,0,1293,,,,,,,,,,,,,,,,,,
18/05/2024 05:00:00,0,1294,,,,,,,,,,,,,,,,,,
18/05/2024 04:45:00,0,1294,,,,,,,,,,,,,,,,,,
18/05/2024 04:30:00,0,1294,,,,,,,,,,,,,,,,,,
18/05/2024 04:15:00,0,1296,,,,,,,,,,,,,,,,,,
18/05/2024 04:00:00,0,1298,,,,,,,,,,,,,,,,,,
18/05/2024 03:45:00,0,1299,,,,,,,,,,,,,,,,,,
18/05/2024 03:30:00,0,1298,,,,,,,,,,,,,,,,,,
18/05/2024 03:15:00,0,1300,,,,,,,,,,,,,,,,,,
18/05/2024 03:00:00,0,1299,,,,,,,,,,,,,,,,,,
18/05/2024 02:45:00,0,1299,,,,,,,,,,,,,,,,,,
18/05/2024 02:30:00,0,1302,,,,,,,,,,,,,,,,,,
18/05/2024 02:15:00,0,1298,,,,,,,,,,,,,,,,,,
18/05/2024 02:00:00,0,1299,,,,,,,,,,,,,,,,,,
18/05/2024 01:45:00,0,1302,,,,,,,,,,,,,,,,,,
18/05/2024 01:30:00,0,1304,,,,,,,,,,,,,,,,,,
18/05/2024 01:15:00,0,1301,,,,,,,,,,,,,,,,,,
18/05/2024 01:00:00,0,1304,,,,,,,,,,,,,,,,,,
18/05/2024 00:45:00,0,1306,,,,,,,,,,,,,,,,,,
18/05/2024 00:30:00,0,1304,,,,,,,,,,,,,,,,,,
18/05/2024 00:15:00,0,1307,,,,,,,,,,,,,,,,,,
18/05/2024 00:00:00,0,1308,,,,,,,,,,,,,,,,,,
17/05/2024 23:45:00,0,1305,,,,,,,,,,,,,,,,,,
17/05/2024 23:30:00,0,1307,,,,,,,,,,,,,,,,,,
17/05/2024 23:15:00,0,1308,,,,,,,,,,,,,,,,,,
17/05/2024 23:00:00,0,1310,,,,,,,,,,,,,,,,,,
17/05/2024 22:45:00,0,1308,,,,,,,,,,,,,,,,,,
17/05/2024 22:30:00,0,1309,,,,,,,,,,,,,,,,,,
17/05/2024 22:15:00,0,1311,,,,,,,,,,,,,,,,,,
17/05/2024 22:00:00,0,1313,,,,,,,,,,,,,,,,,,
17/05/2024 21:45:00,0,1312,,,,,,,,,,,,,,,,,,
17/05/2024 21:30:00,0,1315,,,,,,,,,,,,,,,,,,
17/05/2024 21:15:00,0,1315,,,,,,,,,,,,,,,,,,
17/05/2024 21:00:00,0,1309.75,,,,,,,,,,,,,,,,,,
17/05/2024 20:45:00,0,1308.5,,,,,,,,,,,,,,,,,,
17/05/2024 20:30:00,0,1315.25,,,,,,,,,,,,,,,,,,
17/05/2024 20:15:00,0,1314,,,,,,,,,,,,,,,,,,
17/05/2024 20:00:00,0,1314,,,,,,,,,,,,,,,,,,
17/05/2024 19:45:00,0,1311,,,,,,,,,,,,,,,,,,
17/05/2024 19:30:00,0,1313,,,,,,,,,,,,,,,,,,
17/05/2024 19:15:00,0,1315,,,,,,,,,,,,,,,,,,
17/05/2024 19:00:00,0,1317,,,,,,,,,,,,,,,,,,
17/05/2024 18:45:00,0,1319,,,,,,,,,,,,,,,,,,
17/05/2024 18:30:00,0,1322,,,,,,,,,,,,,,,,,,
17/05/2024 18:15:00,0,1323,,,,,,,,,,,,,,,,,,
17/05/2024 18:00:00,0,1321,,,,,,,,,,,,,,,,,,
17/05/2024 17:45:00,0,1320,,,,,,,,,,,,,,,,,,
17/05/2024 17:30:00,0,1321,,,,,,,,,,,,,,,,,,
17/05/2024 17:15:00,0,1323,,,,,,,,,,,,,,,,,,
17/05/2024 17:00:00,0,1322,,,,,,,,,,,,,,,,,,
17/05/2024 16:45:00,0,1325,,,,,,,,,,,,,,,,,,
17/05/2024 16:30:00,0,1321,,,,,,,,,,,,,,,,,,
17/05/2024 16:15:00,0,1324,,,,,,,,,,,,,,,,,,
17/05/2024 16:00:00,0,1326,,,,,,,,,,,,,,,,,,
17/05/2024 15:45:00,0,1325,,,,,,,,,,,,,,,,,,
17/05/2024 15:30:00,0,1326,,,,,,,,,,,,,,,,,,
17/05/2024 15:15:00,0,1321,,,,,,,,,,,,,,,,,,
17/05/2024 15:00:00,0,1326,,,,,,,,,,,,,,,,,,
17/05/2024 14:45:00,0,,,,,,,,,,,,,,,,,,,
17/05/2024 14:30:00,0,,,,,,,,,,,,,,,,,,,
17/05/2024 14:15:00,0,,,,,,,,,,,,,,,,,,,
17/05/2024 14:00:00,0,,,,,,,,,,,,,,,,,,,
17/05/2024 13:45:00,0,,,,,,,,,,,,,,,,,,,
17/05/2024 13:30:00,0,,,,,,,,,,,,,,,,,,,
17/05/2024 13:15:00,0,,,,,,,,,,,,,,,,,,,
17/05/2024 13:00:00,0,,,,,,,,,,,,,,,,,,,
17/05/2024 12:45:00,,,,,,,,,,,,,,,,,,,,
17/05/2024 12:30:00,,,,,,,,,,,,,,,,,,,,
17/05/2024 12:15:00,,,,,,,,,,,,,,,,,,,,
17/05/2024 12:00:00,,,,,,,,,,,,,,,,,,,,
17/05/2024 11:45:00,0,,,,,,,,,,,,,,,,,,,
17/05/2024 11:30:00,0,,,,,,,,,,,,,,,,,,,
17/05/2024 11:15:00,0,,,,,,,,,,,,,,,,,,,
17/05/2024 11:00:00,0.2,,,,,,,,,,,,,,,,,,,
17/05/2024 10:45:00,0,,,,,,,,,,,,,,,,,,,
17/05/2024 10:30:00,0,,,,,,,,,,,,,,,,,,,
17/05/2024 10:15:00,0,,,,,,,,,,,,,,,,,,,
17/05/2024 10:00:00,0,,,,,,,,,,,,,,,,,,,
17/05/2024 09:45:00,0,,,,,,,,,,,,,,,,,,,
17/05/2024 09:30:00,0,,,,,,,,,,,,,,,,,,,
17/05/2024 09:15:00,0,,,,,,,,,,,,,,,,,,,
17/05/2024 09:00:00,0,,,,,,,,,,,,,,,,,,,
17/05/2024 08:45:00,0,,,,,,,,,,,,,,,,,,,
17/05/2024 08:30:00,0,,,,,,,,,,,,,,,,,,,
17/05/2024 08:15:00,0,,,,,,,,,,,,,,,,,,,
17/05/2024 08:00:00,0,,,,,,,,,,,,,,,,,,,
17/05/2024 07:45:00,0,,,,,,,,,,,,,,,,,,,
17/05/2024 07:30:00,0,,,,,,,,,,,,,,,,,,,
17/05/2024 07:15:00,0,,,,,,,,,,,,,,,,,,,
17/05/2024 07:00:00,0,,,,,,,,,,,,,,,,,,,
17/05/2024 06:45:00,0,,,,,,,,,,,,,,,,,,,
17/05/2024 06:30:00,0,,,,,,,,,,,,,,,,,,,
17/05/2024 06:15:00,0,,,,,,,,,,,,,,,,,,,
17/05/2024 06:00:00,0,,,,,,,,,,,,,,,,,,,
17/05/2024 05:45:00,0,,,,,,,,,,,,,,,,,,,
17/05/2024 05:30:00,0,,,,,,,,,,,,,,,,,,,
17/05/2024 05:15:00,0,,,,,,,,,,,,,,,,,,,
17/05/2024 05:00:00,0,,,,,,,,,,,,,,,,,,,
17/05/2024 04:45:00,0,,,,,,,,,,,,,,,,,,,
17/05/2024 04:30:00,0,,,,,,,,,,,,,,,,,,,
17/05/2024 04:15:00,0,,,,,,,,,,,,,,,,,,,
17/05/2024 04:00:00,0,,,,,,,,,,,,,,,,,,,
17/05/2024 03:45:00,0,,,,,,,,,,,,,,,,,,,
17/05/2024 03:30:00,0,,,,,,,,,,,,,,,,,,,
17/05/2024 03:15:00,0,,,,,,,,,,,,,,,,,,,
17/05/2024 03:00:00,0,,,,,,,,,,,,,,,,,,,
17/05/2024 02:45:00,0,,,,,,,,,,,,,,,,,,,
17/05/2024 02:30:00,0,,,,,,,,,,,,,,,,,,,
17/05/2024 02:15:00,0,,,,,,,,,,,,,,,,,,,
17/05/2024 02:00:00,0,,,,,,,,,,,,,,,,,,,
17/05/2024 01:45:00,0,,,,,,,,,,,,,,,,,,,
17/05/2024 01:30:00,0,,,,,,,,,,,,,,,,,,,
17/05/2024 01:15:00,0,,,,,,,,,,,,,,,,,,,
17/05/2024 01:00:00,0,,,,,,,,,,,,,,,,,,,
17/05/2024 00:45:00,0,,,,,,,,,,,,,,,,,,,
17/05/2024 00:30:00,0,,,,,,,,,,,,,,,,,,,
17/05/2024 00:15:00,0,,,,,,,,,,,,,,,,,,,
17/05/2024 00:00:00,0,,,,,,,,,,,,,,,,,,,
16/05/2024 23:45:00,0,,,,,,,,,,,,,,,,,,,
16/05/2024 23:30:00,0,,,,,,,,,,,,,,,,,,,
16/05/2024 23:15:00,0,,,,,,,,,,,,,,,,,,,
16/05/2024 23:00:00,0,,,,,,,,,,,,,,,,,,,
16/05/2024 22:45:00,0,,,,,,,,,,,,,,,,,,,
16/05/2024 22:30:00,0,,,,,,,,,,,,,,,,,,,
16/05/2024 22:15:00,0,,,,,,,,,,,,,,,,,,,
16/05/2024 22:00:00,0,,,,,,,,,,,,,,,,,,,
16/05/2024 21:45:00,0.2,,,,,,,,,,,,,,,,,,,
16/05/2024 21:30:00,0.2,,,,,,,,,,,,,,,,,,,
16/05/2024 21:15:00,0,,,,,,,,,,,,,,,,,,,
16/05/2024 21:00:00,0.2,,,,,,,,,,,,,,,,,,,
16/05/2024 20:45:00,0,,,,,,,,,,,,,,,,,,,
16/05/2024 20:30:00,0,,,,,,,,,,,,,,,,,,,
16/05/2024 20:15:00,0,,,,,,,,,,,,,,,,,,,
16/05/2024 20:00:00,0,,,,,,,,,,,,,,,,,,,
16/05/2024 19:45:00,0,,,,,,,,,,,,,,,,,,,
16/05/2024 19:30:00,0,,,,,,,,,,,,,,,,,,,
16/05/2024 19:15:00,0,,,,,,,,,,,,,,,,,,,
16/05/2024 19:00:00,0.4,,,,,,,,,,,,,,,,,,,
16/05/2024 18:45:00,0,,,,,,,,,,,,,,,,,,,
16/05/2024 18:30:00,0,,,,,,,,,,,,,,,,,,,
16/05/2024 18:15:00,0,,,,,,,,,,,,,,,,,,,
16/05/2024 18:00:00,0,,,,,,,,,,,,,,,,,,,
16/05/2024 17:45:00,0,,,,,,,,,,,,,,,,,,,
16/05/2024 17:30:00,0,,,,,,,,,,,,,,,,,,,
16/05/2024 17:15:00,0,,,,,,,,,,,,,,,,,,,
16/05/2024 17:00:00,0,,,,,,,,,,,,,,,,,,,
16/05/2024 16:45:00,0,,,,,,,,,,,,,,,,,,,
16/05/2024 16:30:00,0,,,,,,,,,,,,,,,,,,,
16/05/2024 16:15:00,0,,,,,,,,,,,,,,,,,,,
16/05/2024 16:00:00,0.2,,,,,,,,,,,,,,,,,,,
16/05/2024 15:45:00,0,,,,,,,,,,,,,,,,,,,
16/05/2024 15:30:00,0.2,,,,,,,,,,,,,,,,,,,
16/05/2024 15:15:00,0,1358,,,,,,,,,,,,,,,,,,
16/05/2024 15:00:00,0,1356,,,,,,,,,,,,,,,,,,
16/05/2024 14:45:00,0,1351,,,,,,,,,,,,,,,,,,
16/05/2024 14:30:00,0.2,1354,,,,,,,,,,,,,,,,,,
16/05/2024 14:15:00,0.2,1356,,,,,,,,,,,,,,,,,,
16/05/2024 14:00:00,0.2,1357,,,,,,,,,,,,,,,,,,
16/05/2024 13:45:00,0.2,1355,,,,,,,,,,,,,,,,,,
16/05/2024 13:30:00,0.2,1355,,,,,,,,,,,,,,,,,,
16/05/2024 13:15:00,0.6,1354,,,,,,,,,,,,,,,,,,
16/05/2024 13:00:00,0.2,1356,,,,,,,,,,,,,,,,,,
16/05/2024 12:45:00,0.4,1355,,,,,,,,,,,,,,,,,,
16/05/2024 12:30:00,0,1359,,,,,,,,,,,,,,,,,,
16/05/2024 12:15:00,0.2,1358,,,,,,,,,,,,,,,,,,
16/05/2024 12:00:00,0.2,1356,,,,,,,,,,,,,,,,,,
16/05/2024 11:45:00,0.2,1355,,,,,,,,,,,,,,,,,,
16/05/2024 11:30:00,0.2,1358,,,,,,,,,,,,,,,,,,
16/05/2024 11:15:00,0,1361,,,,,,,,,,,,,,,,,,
16/05/2024 11:00:00,0,1361,,,,,,,,,,,,,,,,,,
16/05/2024 10:45:00,0,1359,,,,,,,,,,,,,,,,,,
16/05/2024 10:30:00,0,1360,,,,,,,,,,,,,,,,,,
16/05/2024 10:15:00,0.2,1361,,,,,,,,,,,,,,,,,,
16/05/2024 10:00:00,0,1363,,,,,,,,,,,,,,,,,,
16/05/2024 09:45:00,0,1361,,,,,,,,,,,,,,,,,,
16/05/2024 09:30:00,0,1360,,,,,,,,,,,,,,,,,,
16/05/2024 09:15:00,0,1361,,,,,,,,,,,,,,,,,,
16/05/2024 09:00:00,0,1362,,,,,,,,,,,,,,,,,,
16/05/2024 08:45:00,0,1366,,,,,,,,,,,,,,,,,,
16/05/2024 08:30:00,0,1366,,,,,,,,,,,,,,,,,,
16/05/2024 08:15:00,0,1364,,,,,,,,,,,,,,,,,,
16/05/2024 08:00:00,0,1365,,,,,,,,,,,,,,,,,,
16/05/2024 07:45:00,0,1366,,,,,,,,,,,,,,,,,,
16/05/2024 07:30:00,0,1365,,,,,,,,,,,,,,,,,,
16/05/2024 07:15:00,0,1367,,,,,,,,,,,,,,,,,,
16/05/2024 07:00:00,0,1366,,,,,,,,,,,,,,,,,,
16/05/2024 06:45:00,0,1364,,,,,,,,,,,,,,,,,,
16/05/2024 06:30:00,0,1367,,,,,,,,,,,,,,,,,,
16/05/2024 06:15:00,0,,,,,,,,,,,,,,,,,,,
16/05/2024 06:00:00,0,,,,,,,,,,,,,,,,,,,
16/05/2024 05:45:00,0,,,,,,,,,,,,,,,,,,,
16/05/2024 05:30:00,0,1367,,,,,,,,,,,,,,,,,,
16/05/2024 05:15:00,0,1365,,,,,,,,,,,,,,,,,,
16/05/2024 05:00:00,0,1370,,,,,,,,,,,,,,,,,,
16/05/2024 04:45:00,0,1365,,,,,,,,,,,,,,,,,,
16/05/2024 04:30:00,0,1364,,,,,,,,,,,,,,,,,,
16/05/2024 04:15:00,0,1367,,,,,,,,,,,,,,,,,,
16/05/2024 04:00:00,0,1369,,,,,,,,,,,,,,,,,,
16/05/2024 03:45:00,0,1370,,,,,,,,,,,,,,,,,,
16/05/2024 03:30:00,0,1390,,,,,,,,,,,,,,,,,,
16/05/2024 03:15:00,0,1369,,,,,,,,,,,,,,,,,,
16/05/2024 03:00:00,0,1369,,,,,,,,,,,,,,,,,,
16/05/2024 02:45:00,0,,,,,,,,,,,,,,,,,,,
16/05/2024 02:30:00,0,1367,,,,,,,,,,,,,,,,,,
16/05/2024 02:15:00,0,1372,,,,,,,,,,,,,,,,,,
16/05/2024 02:00:00,0,1371,,,,,,,,,,,,,,,,,,
16/05/2024 01:45:00,0,1374,,,,,,,,,,,,,,,,,,
16/05/2024 01:30:00,0,1371,,,,,,,,,,,,,,,,,,
16/05/2024 01:15:00,0,1374,,,,,,,,,,,,,,,,,,
16/05/2024 01:00:00,0,1371,,,,,,,,,,,,,,,,,,
16/05/2024 00:45:00,0,1377,,,,,,,,,,,,,,,,,,
16/05/2024 00:30:00,0,1376,,,,,,,,,,,,,,,,,,
16/05/2024 00:15:00,0,1375,,,,,,,,,,,,,,,,,,
16/05/2024 00:00:00,0,1375,,,,,,,,,,,,,,,,,,
15/05/2024 23:45:00,0,1376,,,,,,,,,,,,,,,,,,
15/05/2024 23:30:00,0,1377,,,,,,,,,,,,,,,,,,
15/05/2024 23:15:00,0,1373,,,,,,,,,,,,,,,,,,
15/05/2024 23:00:00,0,1376,,,,,,,,,,,,,,,,,,
15/05/2024 22:45:00,0,1377,,,,,,,,,,,,,,,,,,
15/05/2024 22:30:00,0,1378,,,,,,,,,,,,,,,,,,
15/05/2024 22:15:00,0,1380,,,,,,,,,,,,,,,,,,
15/05/2024 22:00:00,0,1379,,,,,,,,,,,,,,,,,,
15/05/2024 21:45:00,0,1376,,,,,,,,,,,,,,,,,,
15/05/2024 21:30:00,0,1381,,,,,,,,,,,,,,,,,,
15/05/2024 21:15:00,0,1381,,,,,,,,,,,,,,,,,,
15/05/2024 21:00:00,0,1379,,,,,,,,,,,,,,,,,,
15/05/2024 20:45:00,0,1377,,,,,,,,,,,,,,,,,,
15/05/2024 20:30:00,0,1377,,,,,,,,,,,,,,,,,,
15/05/2024 20:15:00,0,1380,,,,,,,,,,,,,,,,,,
15/05/2024 20:00:00,0,1380,,,,,,,,,,,,,,,,,,
15/05/2024 19:45:00,0,1383,,,,,,,,,,,,,,,,,,
15/05/2024 19:30:00,0,1380,,,,,,,,,,,,,,,,,,
15/05/2024 19:15:00,0,1382,,,,,,,,,,,,,,,,,,
15/05/2024 19:00:00,0,1383,,,,,,,,,,,,,,,,,,
15/05/2024 18:45:00,0,1384,,,,,,,,,,,,,,,,,,
15/05/2024 18:30:00,0,1381,,,,,,,,,,,,,,,,,,
15/05/2024 18:15:00,0,1383,,,,,,,,,,,,,,,,,,
15/05/2024 18:00:00,0,1383,,,,,,,,,,,,,,,,,,
15/05/2024 17:45:00,0,1385,,,,,,,,,,,,,,,,,,
15/05/2024 17:30:00,0,1382,,,,,,,,,,,,,,,,,,
15/05/2024 17:15:00,0,1383,,,,,,,,,,,,,,,,,,
15/05/2024 17:00:00,0,1386,,,,,,,,,,,,,,,,,,
15/05/2024 16:45:00,0,1385,,,,,,,,,,,,,,,,,,
15/05/2024 16:30:00,0,1386,,,,,,,,,,,,,,,,,,
15/05/2024 16:15:00,0,1385,,,,,,,,,,,,,,,,,,
15/05/2024 16:00:00,0,1386,,,,,,,,,,,,,,,,,,
15/05/2024 15:45:00,0,1384,,,,,,,,,,,,,,,,,,
15/05/2024 15:30:00,0,1387,,,,,,,,,,,,,,,,,,
15/05/2024 15:15:00,0,1385,,,,,,,,,,,,,,,,,,
15/05/2024 15:00:00,0,1383,,,,,,,,,,,,,,,,,,
15/05/2024 14:45:00,0,1383,,,,,,,,,,,,,,,,,,
15/05/2024 14:30:00,0,1384,,,,,,,,,,,,,,,,,,
15/05/2024 14:15:00,0,1388,,,,,,,,,,,,,,,,,,
15/05/2024 14:00:00,0,1389,,,,,,,,,,,,,,,,,,
15/05/2024 13:45:00,0,1390,,,,,,,,,,,,,,,,,,
15/05/2024 13:30:00,0,1390,,,,,,,,,,,,,,,,,,
15/05/2024 13:15:00,0,1389,,,,,,,,,,,,,,,,,,
15/05/2024 13:00:00,0,1388,,,,,,,,,,,,,,,,,,
15/05/2024 12:45:00,0,1386,,,,,,,,,,,,,,,,,,
15/05/2024 12:30:00,0,1391,,,,,,,,,,,,,,,,,,
15/05/2024 12:15:00,0,1392,,,,,,,,,,,,,,,,,,
15/05/2024 12:00:00,0,1389,,,,,,,,,,,,,,,,,,
15/05/2024 11:45:00,0,1388,,,,,,,,,,,,,,,,,,
15/05/2024 11:30:00,0,1391,,,,,,,,,,,,,,,,,,
15/05/2024 11:15:00,0,1389,,,,,,,,,,,,,,,,,,
15/05/2024 11:00:00,0,1390,,,,,,,,,,,,,,,,,,
15/05/2024 10:45:00,0,1391,,,,,,,,,,,,,,,,,,
15/05/2024 10:30:00,0,1391,,,,,,,,,,,,,,,,,,
15/05/2024 10:15:00,0,1394,,,,,,,,,,,,,,,,,,
15/05/2024 10:00:00,0,1394,,,,,,,,,,,,,,,,,,
15/05/2024 09:45:00,0,1396,,,,,,,,,,,,,,,,,,
15/05/2024 09:30:00,0,1394,,,,,,,,,,,,,,,,,,
15/05/2024 09:15:00,0,1393,,,,,,,,,,,,,,,,,,
15/05/2024 09:00:00,0,1395,,,,,,,,,,,,,,,,,,
15/05/2024 08:45:00,0,1394,,,,,,,,,,,,,,,,,,
15/05/2024 08:30:00,0,1394,,,,,,,,,,,,,,,,,,
15/05/2024 08:15:00,0,1394,,,,,,,,,,,,,,,,,,
15/05/2024 08:00:00,0,1398,,,,,,,,,,,,,,,,,,
15/05/2024 07:45:00,0,1399,,,,,,,,,,,,,,,,,,
15/05/2024 07:30:00,0,1399,,,,,,,,,,,,,,,,,,
15/05/2024 07:15:00,0,1397,,,,,,,,,,,,,,,,,,
15/05/2024 07:00:00,0,1397,,,,,,,,,,,,,,,,,,
15/05/2024 06:45:00,0,1398,,,,,,,,,,,,,,,,,,
15/05/2024 06:30:00,0,1397,,,,,,,,,,,,,,,,,,
15/05/2024 06:15:00,0,1395,,,,,,,,,,,,,,,,,,
15/05/2024 06:00:00,0,1401,,,,,,,,,,,,,,,,,,
15/05/2024 05:45:00,0,1399,,,,,,,,,,,,,,,,,,
15/05/2024 05:30:00,0,1397,,,,,,,,,,,,,,,,,,
15/05/2024 05:15:00,0,1398,,,,,,,,,,,,,,,,,,
15/05/2024 05:00:00,0,1414,,,,,,,,,,,,,,,,,,
15/05/2024 04:45:00,0,1400,,,,,,,,,,,,,,,,,,
15/05/2024 04:30:00,0,1400,,,,,,,,,,,,,,,,,,
15/05/2024 04:15:00,0,1401,,,,,,,,,,,,,,,,,,
15/05/2024 04:00:00,0,1399,,,,,,,,,,,,,,,,,,
15/05/2024 03:45:00,0,1402,,,,,,,,,,,,,,,,,,
15/05/2024 03:30:00,0,1402,,,,,,,,,,,,,,,,,,
15/05/2024 03:15:00,0,1404,,,,,,,,,,,,,,,,,,
15/05/2024 03:00:00,0,1401,,,,,,,,,,,,,,,,,,
15/05/2024 02:45:00,0,1402,,,,,,,,,,,,,,,,,,
15/05/2024 02:30:00,0,1403,,,,,,,,,,,,,,,,,,
15/05/2024 02:15:00,0,1405,,,,,,,,,,,,,,,,,,
15/05/2024 02:00:00,0,1404,,,,,,,,,,,,,,,,,,
15/05/2024 01:45:00,0,1407,,,,,,,,,,,,,,,,,,
15/05/2024 01:30:00,0,1403,,,,,,,,,,,,,,,,,,
15/05/2024 01:15:00,0,1403,,,,,,,,,,,,,,,,,,
15/05/2024 01:00:00,0,1406,,,,,,,,,,,,,,,,,,
15/05/2024 00:45:00,0,1408,,,,,,,,,,,,,,,,,,
15/05/2024 00:30:00,0,1407,,,,,,,,,,,,,,,,,,
15/05/2024 00:15:00,0,1406,,,,,,,,,,,,,,,,,,
15/05/2024 00:00:00,0,1405,,,,,,,,,,,,,,,,,,
14/05/2024 23:45:00,0,,,,,,,,,,,,,,,,,,,
14/05/2024 23:30:00,0,1433,,,,,,,,,,,,,,,,,,
14/05/2024 23:15:00,0,1418,,,,,,,,,,,,,,,,,,
14/05/2024 23:00:00,0,1419,,,,,,,,,,,,,,,,,,
14/05/2024 22:45:00,0,1417,,,,,,,,,,,,,,,,,,
14/05/2024 22:30:00,0,1418,,,,,,,,,,,,,,,,,,
14/05/2024 22:15:00,0,1416,,,,,,,,,,,,,,,,,,
14/05/2024 22:00:00,0,1421,,,,,,,,,,,,,,,,,,
14/05/2024 21:45:00,0,1411,,,,,,,,,,,,,,,,,,
14/05/2024 21:30:00,0,1408,,,,,,,,,,,,,,,,,,
14/05/2024 21:15:00,0,1410,,,,,,,,,,,,,,,,,,
14/05/2024 21:00:00,0,1409,,,,,,,,,,,,,,,,,,
14/05/2024 20:45:00,0,1408,,,,,,,,,,,,,,,,,,
14/05/2024 20:30:00,0,1411,,,,,,,,,,,,,,,,,,
14/05/2024 20:15:00,0,1413,,,,,,,,,,,,,,,,,,
14/05/2024 20:00:00,0,1411,,,,,,,,,,,,,,,,,,
14/05/2024 19:45:00,0,1413,,,,,,,,,,,,,,,,,,
14/05/2024 19:30:00,0,1416,,,,,,,,,,,,,,,,,,
14/05/2024 19:15:00,0,1417,,,,,,,,,,,,,,,,,,
14/05/2024 19:00:00,0,1412,,,,,,,,,,,,,,,,,,
14/05/2024 18:45:00,0,1417,,,,,,,,,,,,,,,,,,
14/05/2024 18:30:00,0,1413,,,,,,,,,,,,,,,,,,
14/05/2024 18:15:00,0,1417,,,,,,,,,,,,,,,,,,
14/05/2024 18:00:00,0,1417,,,,,,,,,,,,,,,,,,
14/05/2024 17:45:00,0,1415,,,,,,,,,,,,,,,,,,
14/05/2024 17:30:00,0,1415,,,,,,,,,,,,,,,,,,
14/05/2024 17:15:00,0,1415,,,,,,,,,,,,,,,,,,
14/05/2024 17:00:00,0,1419,,,,,,,,,,,,,,,,,,
14/05/2024 16:45:00,0,1417,,,,,,,,,,,,,,,,,,
14/05/2024 16:30:00,0,1419,,,,,,,,,,,,,,,,,,
14/05/2024 16:15:00,0,1419,,,,,,,,,,,,,,,,,,
14/05/2024 16:00:00,0,1420,,,,,,,,,,,,,,,,,,
14/05/2024 15:45:00,0,1432,,,,,,,,,,,,,,,,,,
14/05/2024 15:30:00,0,1420,,,,,,,,,,,,,,,,,,
14/05/2024 15:15:00,0,1417,,,,,,,,,,,,,,,,,,
14/05/2024 15:00:00,0,1425,,,,,,,,,,,,,,,,,,
14/05/2024 14:45:00,0,1420,,,,,,,,,,,,,,,,,,
14/05/2024 14:30:00,0,1428,,,,,,,,,,,,,,,,,,
14/05/2024 14:15:00,0,1420,,,,,,,,,,,,,,,,,,
14/05/2024 14:00:00,0,1441,,,,,,,,,,,,,,,,,,
14/05/2024 13:45:00,0,1421,,,,,,,,,,,,,,,,,,
14/05/2024 13:30:00,0,1420,,,,,,,,,,,,,,,,,,
14/05/2024 13:15:00,0,,,,,,,,,,,,,,,,,,,
14/05/2024 13:00:00,0,1424,,,,,,,,,,,,,,,,,,
14/05/2024 12:45:00,0,1424,,,,,,,,,,,,,,,,,,
14/05/2024 12:30:00,0,1443,,,,,,,,,,,,,,,,,,
14/05/2024 12:15:00,0,1426,,,,,,,,,,,,,,,,,,
14/05/2024 12:00:00,0,1424,,,,,,,,,,,,,,,,,,
14/05/2024 11:45:00,0,1426,,,,,,,,,,,,,,,,,,
14/05/2024 11:30:00,0,1426,,,,,,,,,,,,,,,,,,
14/05/2024 11:15:00,0,1430,,,,,,,,,,,,,,,,,,
14/05/2024 11:00:00,0,1427,,,,,,,,,,,,,,,,,,
14/05/2024 10:45:00,0,1425,,,,,,,,,,,,,,,,,,
14/05/2024 10:30:00,0,1427,,,,,,,,,,,,,,,,,,
14/05/2024 10:15:00,0,1428,,,,,,,,,,,,,,,,,,
14/05/2024 10:00:00,0,1429,,,,,,,,,,,,,,,,,,
14/05/2024 09:45:00,0,1430,,,,,,,,,,,,,,,,,,
14/05/2024 09:30:00,0,1430,,,,,,,,,,,,,,,,,,
14/05/2024 09:15:00,0,1429,,,,,,,,,,,,,,,,,,
14/05/2024 09:00:00,0,1443,,,,,,,,,,,,,,,,,,
14/05/2024 08:45:00,0,,,,,,,,,,,,,,,,,,,
14/05/2024 08:30:00,0,,,,,,,,,,,,,,,,,,,
14/05/2024 08:15:00,0,,,,,,,,,,,,,,,,,,,
14/05/2024 08:00:00,0,,,,,,,,,,,,,,,,,,,
14/05/2024 07:45:00,0,1432,,,,,,,,,,,,,,,,,,
14/05/2024 07:30:00,0,1432,,,,,,,,,,,,,,,,,,
14/05/2024 07:15:00,0,1433,,,,,,,,,,,,,,,,,,
14/05/2024 06:45:00,0,1435,,,,,,,,,,,,,,,,,,
14/05/2024 06:30:00,0,1433,,,,,,,,,,,,,,,,,,
14/05/2024 06:15:00,0,1433,,,,,,,,,,,,,,,,,,
14/05/2024 06:00:00,0,1432,,,,,,,,,,,,,,,,,,
14/05/2024 05:45:00,0,1432,,,,,,,,,,,,,,,,,,
14/05/2024 05:30:00,0,1435,,,,,,,,,,,,,,,,,,
14/05/2024 05:15:00,0,1433,,,,,,,,,,,,,,,,,,
14/05/2024 05:00:00,0,1436,,,,,,,,,,,,,,,,,,
14/05/2024 04:45:00,0,1438,,,,,,,,,,,,,,,,,,
14/05/2024 04:30:00,0,1438,,,,,,,,,,,,,,,,,,
14/05/2024 04:15:00,0,1437,,,,,,,,,,,,,,,,,,
14/05/2024 04:00:00,0,1438,,,,,,,,,,,,,,,,,,
14/05/2024 03:45:00,0,1436,,,,,,,,,,,,,,,,,,
14/05/2024 03:30:00,0,1436,,,,,,,,,,,,,,,,,,
14/05/2024 03:15:00,0,1437,,,,,,,,,,,,,,,,,,
14/05/2024 03:00:00,0,1438,,,,,,,,,,,,,,,,,,
14/05/2024 02:45:00,0,1439,,,,,,,,,,,,,,,,,,
14/05/2024 02:30:00,0,1439,,,,,,,,,,,,,,,,,,
14/05/2024 02:15:00,0,1439,,,,,,,,,,,,,,,,,,
14/05/2024 02:00:00,0,1439,,,,,,,,,,,,,,,,,,
14/05/2024 01:45:00,0,1437,,,,,,,,,,,,,,,,,,
14/05/2024 01:30:00,0,1436,,,,,,,,,,,,,,,,,,
14/05/2024 01:15:00,0,1438,,,,,,,,,,,,,,,,,,
14/05/2024 01:00:00,0,1440,,,,,,,,,,,,,,,,,,
14/05/2024 00:45:00,0,1436,,,,,,,,,,,,,,,,,,
14/05/2024 00:30:00,0,1434,,,,,,,,,,,,,,,,,,
14/05/2024 00:15:00,0,1437,,,,,,,,,,,,,,,,,,
14/05/2024 00:00:00,0,,,,,,,,,,,,,,,,,,,
13/05/2024 23:45:00,0,,,,,,,,,,,,,,,,,,,
13/05/2024 23:30:00,0,1435,,,,,,,,,,,,,,,,,,
13/05/2024 23:15:00,0,1437,,,,,,,,,,,,,,,,,,
13/05/2024 23:00:00,0,1436,,,,,,,,,,,,,,,,,,
13/05/2024 22:45:00,0,1438,,,,,,,,,,,,,,,,,,
13/05/2024 22:30:00,0,1434,,,,,,,,,,,,,,,,,,
13/05/2024 22:15:00,0,1437,,,,,,,,,,,,,,,,,,
13/05/2024 22:00:00,0,1439,,,,,,,,,,,,,,,,,,
13/05/2024 21:45:00,0,1439,,,,,,,,,,,,,,,,,,
13/05/2024 21:30:00,0,1438,,,,,,,,,,,,,,,,,,
13/05/2024 21:15:00,0,1439,,,,,,,,,,,,,,,,,,
13/05/2024 21:00:00,0,1440,,,,,,,,,,,,,,,,,,
13/05/2024 20:45:00,0,1438,,,,,,,,,,,,,,,,,,
13/05/2024 20:30:00,0,1436,,,,,,,,,,,,,,,,,,
13/05/2024 20:15:00,0,1439,,,,,,,,,,,,,,,,,,
13/05/2024 20:00:00,0,,,,,,,,,,,,,,,,,,,
13/05/2024 19:45:00,0,,,,,,,,,,,,,,,,,,,
13/05/2024 19:30:00,0,,,,,,,,,,,,,,,,,,,
13/05/2024 19:15:00,0,,,,,,,,,,,,,,,,,,,
13/05/2024 19:00:00,0,,,,,,,,,,,,,,,,,,,
13/05/2024 18:45:00,0,,,,,,,,,,,,,,,,,,,
13/05/2024 18:30:00,0,,,,,,,,,,,,,,,,,,,
13/05/2024 18:15:00,0,,,,,,,,,,,,,,,,,,,
13/05/2024 18:00:00,0,,,,,,,,,,,,,,,,,,,
13/05/2024 17:45:00,0,,,,,,,,,,,,,,,,,,,
13/05/2024 17:30:00,0,,,,,,,,,,,,,,,,,,,
13/05/2024 17:15:00,0,,,,,,,,,,,,,,,,,,,
13/05/2024 17:00:00,0,,,,,,,,,,,,,,,,,,,
13/05/2024 16:45:00,0,,,,,,,,,,,,,,,,,,,
13/05/2024 16:30:00,0,,,,,,,,,,,,,,,,,,,
13/05/2024 16:15:00,0,,,,,,,,,,,,,,,,,,,
13/05/2024 16:00:00,0,,,,,,,,,,,,,,,,,,,
13/05/2024 15:45:00,0,,,,,,,,,,,,,,,,,,,
13/05/2024 15:30:00,0,,,,,,,,,,,,,,,,,,,
13/05/2024 15:15:00,0,,,,,,,,,,,,,,,,,,,
13/05/2024 15:00:00,0,,,,,,,,,,,,,,,,,,,
13/05/2024 14:45:00,0,,,,,,,,,,,,,,,,,,,
13/05/2024 14:30:00,0,,,,,,,,,,,,,,,,,,,
13/05/2024 14:15:00,0,,,,,,,,,,,,,,,,,,,
13/05/2024 14:00:00,0,,,,,,,,,,,,,,,,,,,
13/05/2024 13:45:00,0,,,,,,,,,,,,,,,,,,,
13/05/2024 13:30:00,0,,,,,,,,,,,,,,,,,,,
13/05/2024 13:15:00,0,,,,,,,,,,,,,,,,,,,
13/05/2024 13:00:00,0,,,,,,,,,,,,,,,,,,,
13/05/2024 12:45:00,0,,,,,,,,,,,,,,,,,,,
13/05/2024 12:30:00,0,,,,,,,,,,,,,,,,,,,
13/05/2024 12:15:00,0,,,,,,,,,,,,,,,,,,,
13/05/2024 12:00:00,0,,,,,,,,,,,,,,,,,,,
13/05/2024 11:45:00,0,,,,,,,,,,,,,,,,,,,
13/05/2024 11:30:00,0,,,,,,,,,,,,,,,,,,,
13/05/2024 11:15:00,0,,,,,,,,,,,,,,,,,,,
13/05/2024 11:00:00,0,,,,,,,,,,,,,,,,,,,
13/05/2024 10:45:00,0,,,,,,,,,,,,,,,,,,,
13/05/2024 10:30:00,0.2,,,,,,,,,,,,,,,,,,,
13/05/2024 10:15:00,0,,,,,,,,,,,,,,,,,,,
13/05/2024 10:00:00,0,,,,,,,,,,,,,,,,,,,
13/05/2024 09:45:00,0,,,,,,,,,,,,,,,,,,,
13/05/2024 09:30:00,0,,,,,,,,,,,,,,,,,,,
13/05/2024 09:15:00,0,,,,,,,,,,,,,,,,,,,
13/05/2024 09:00:00,0,,,,,,,,,,,,,,,,,,,
13/05/2024 08:45:00,0,,,,,,,,,,,,,,,,,,,
13/05/2024 08:30:00,0,,,,,,,,,,,,,,,,,,,
13/05/2024 08:15:00,0,,,,,,,,,,,,,,,,,,,
13/05/2024 08:00:00,0,,,,,,,,,,,,,,,,,,,
13/05/2024 07:45:00,0,,,,,,,,,,,,,,,,,,,
13/05/2024 07:30:00,0,,,,,,,,,,,,,,,,,,,
13/05/2024 07:15:00,0,,,,,,,,,,,,,,,,,,,
13/05/2024 07:00:00,0,,,,,,,,,,,,,,,,,,,
13/05/2024 06:45:00,0,,,,,,,,,,,,,,,,,,,
13/05/2024 06:30:00,0,,,,,,,,,,,,,,,,,,,
13/05/2024 06:15:00,0,,,,,,,,,,,,,,,,,,,
13/05/2024 06:00:00,0,,,,,,,,,,,,,,,,,,,
13/05/2024 05:45:00,0,,,,,,,,,,,,,,,,,,,
13/05/2024 05:30:00,0,,,,,,,,,,,,,,,,,,,
13/05/2024 05:15:00,0,,,,,,,,,,,,,,,,,,,
13/05/2024 05:00:00,0,,,,,,,,,,,,,,,,,,,
13/05/2024 04:45:00,0,,,,,,,,,,,,,,,,,,,
13/05/2024 04:30:00,0,,,,,,,,,,,,,,,,,,,
13/05/2024 04:15:00,0,,,,,,,,,,,,,,,,,,,
13/05/2024 04:00:00,0,,,,,,,,,,,,,,,,,,,
13/05/2024 03:45:00,0,,,,,,,,,,,,,,,,,,,
13/05/2024 03:30:00,0,,,,,,,,,,,,,,,,,,,
13/05/2024 03:15:00,0,,,,,,,,,,,,,,,,,,,
13/05/2024 03:00:00,0,,,,,,,,,,,,,,,,,,,
13/05/2024 02:45:00,0,,,,,,,,,,,,,,,,,,,
13/05/2024 02:30:00,0,,,,,,,,,,,,,,,,,,,
13/05/2024 02:15:00,0,,,,,,,,,,,,,,,,,,,
13/05/2024 02:00:00,0,,,,,,,,,,,,,,,,,,,
13/05/2024 01:45:00,0,,,,,,,,,,,,,,,,,,,
13/05/2024 01:30:00,0,,,,,,,,,,,,,,,,,,,
13/05/2024 01:15:00,0,,,,,,,,,,,,,,,,,,,
13/05/2024 01:00:00,0,,,,,,,,,,,,,,,,,,,
13/05/2024 00:45:00,0,,,,,,,,,,,,,,,,,,,
13/05/2024 00:30:00,0,,,,,,,,,,,,,,,,,,,
13/05/2024 00:15:00,0,,,,,,,,,,,,,,,,,,,
13/05/2024 00:00:00,0,,,,,,,,,,,,,,,,,,,
12/5/2024 23:45,0,,,,,,,,,,,,,,,,,,,
12/5/2024 23:30,0.2,,,,,,,,,,,,,,,,,,,
12/5/2024 23:15,0,,,,,,,,,,,,,,,,,,,
12/5/2024 23:00,0,,,,,,,,,,,,,,,,,,,
12/5/2024 22:45,0,,,,,,,,,,,,,,,,,,,
12/5/2024 22:30,0,,,,,,,,,,,,,,,,,,,
12/5/2024 22:15,0,,,,,,,,,,,,,,,,,,,
12/5/2024 22:00,0,,,,,,,,,,,,,,,,,,,
12/5/2024 21:45,0.4,,,,,,,,,,,,,,,,,,,
12/5/2024 21:30,0.2,,,,,,,,,,,,,,,,,,,
12/5/2024 21:15,0.6,,,,,,,,,,,,,,,,,,,
12/5/2024 21:00,0.6,,,,,,,,,,,,,,,,,,,
12/5/2024 20:45,0.4,,,,,,,,,,,,,,,,,,,
12/5/2024 20:30,0,,,,,,,,,,,,,,,,,,,
12/5/2024 20:15,0,,,,,,,,,,,,,,,,,,,
12/5/2024 20:00,0,,,,,,,,,,,,,,,,,,,
12/5/2024 19:45,0,,,,,,,,,,,,,,,,,,,
12/5/2024 19:30,0,,,,,,,,,,,,,,,,,,,
12/5/2024 19:15,0,,,,,,,,,,,,,,,,,,,
12/5/2024 19:00,0,,,,,,,,,,,,,,,,,,,
12/5/2024 18:45,0.2,,,,,,,,,,,,,,,,,,,
12/5/2024 18:30,0,,,,,,,,,,,,,,,,,,,
12/5/2024 18:15,0,,,,,,,,,,,,,,,,,,,
12/5/2024 18:00,0.2,,,,,,,,,,,,,,,,,,,
12/5/2024 17:45,0.4,,,,,,,,,,,,,,,,,,,
12/5/2024 17:30,0.4,,,,,,,,,,,,,,,,,,,
12/5/2024 17:15,0.2,1490,,,,,,,,,,,,,,,,,,
12/5/2024 17:00,0,1499,,,,,,,,,,,,,,,,,,
12/5/2024 16:45,0,1500,,,,,,,,,,,,,,,,,,
12/5/2024 16:30,0,1498,,,,,,,,,,,,,,,,,,
12/5/2024 16:15,0.8,1501,,,,,,,,,,,,,,,,,,
12/5/2024 16:00,1,,,,,,,,,,,,,,,,,,,
12/5/2024 15:45,1.4,,,,,,,,,,,,,,,,,,,
12/5/2024 15:30,3.8,,,,,,,,,,,,,,,,,,,
12/5/2024 15:15,3.4,,,,,,,,,,,,,,,,,,,
12/5/2024 15:00,2.6,,,,,,,,,,,,,,,,,,,
12/5/2024 14:45,6.6,,,,,,,,,,,,,,,,,,,
12/5/2024 14:30,7.2,,,,,,,,,,,,,,,,,,,
12/5/2024 14:15,0.6,,,,,,,,,,,,,,,,,,,
12/5/2024 14:00,1,,,,,,,,,,,,,,,,,,,
12/5/2024 13:45,1.2,,,,,,,,,,,,,,,,,,,
12/5/2024 13:30,1.2,,,,,,,,,,,,,,,,,,,
12/5/2024 13:15,1.4,,,,,,,,,,,,,,,,,,,
12/5/2024 13:00,0.2,,,,,,,,,,,,,,,,,,,
12/5/2024 12:45,0.4,1499,,,,,,,,,,,,,,,,,,
12/5/2024 12:30,1.6,1521,,,,,,,,,,,,,,,,,,
12/5/2024 12:15,1.6,,,,,,,,,,,,,,,,,,,
12/5/2024 12:00,0,,,,,,,,,,,,,,,,,,,
12/5/2024 11:45,1.8,,,,,,,,,,,,,,,,,,,
12/5/2024 11:30,0,,,,,,,,,,,,,,,,,,,
12/5/2024 11:15,0,,,,,,,,,,,,,,,,,,,
12/5/2024 11:00,0,,,,,,,,,,,,,,,,,,,
12/5/2024 10:45,0,,,,,,,,,,,,,,,,,,,
12/5/2024 10:30,0.4,,,,,,,,,,,,,,,,,,,
12/5/2024 10:15,0,,,,,,,,,,,,,,,,,,,
12/5/2024 10:00,1.2,,,,,,,,,,,,,,,,,,,
12/5/2024 9:45,0.4,,,,,,,,,,,,,,,,,,,
12/5/2024 9:30,0.2,,,,,,,,,,,,,,,,,,,
12/5/2024 9:15,0,,,,,,,,,,,,,,,,,,,
12/5/2024 9:00,0,,,,,,,,,,,,,,,,,,,
12/5/2024 8:45,0.6,,,,,,,,,,,,,,,,,,,
12/5/2024 8:30,0.6,,,,,,,,,,,,,,,,,,,
12/5/2024 8:15,0.2,,,,,,,,,,,,,,,,,,,
12/5/2024 8:00,0.8,,,,,,,,,,,,,,,,,,,
12/5/2024 7:45,0.6,,,,,,,,,,,,,,,,,,,
12/5/2024 7:30,0.6,,,,,,,,,,,,,,,,,,,
12/5/2024 7:15,0.4,,,,,,,,,,,,,,,,,,,
12/5/2024 7:00,1,,,,,,,,,,,,,,,,,,,
12/5/2024 6:45,0.8,,,,,,,,,,,,,,,,,,,
12/5/2024 6:30,0.2,,,,,,,,,,,,,,,,,,,
12/5/2024 6:15,0.4,,,,,,,,,,,,,,,,,,,
12/5/2024 6:00,1,,,,,,,,,,,,,,,,,,,
12/5/2024 5:45,0.6,,,,,,,,,,,,,,,,,,,
12/5/2024 5:30,1.2,,,,,,,,,,,,,,,,,,,
12/5/2024 5:15,1.4,,,,,,,,,,,,,,,,,,,
12/5/2024 5:00,1.8,,,,,,,,,,,,,,,,,,,
12/5/2024 4:45,1.2,,,,,,,,,,,,,,,,,,,
12/5/2024 4:30,1.6,,,,,,,,,,,,,,,,,,,
12/5/2024 4:15,1.4,,,,,,,,,,,,,,,,,,,
12/5/2024 4:00,2,,,,,,,,,,,,,,,,,,,
12/5/2024 3:45,2.8,,,,,,,,,,,,,,,,,,,
12/5/2024 3:30,3,,,,,,,,,,,,,,,,,,,
12/5/2024 3:15,1.4,,,,,,,,,,,,,,,,,,,
12/5/2024 3:00,1.4,,,,,,,,,,,,,,,,,,,
12/5/2024 2:45,1,,,,,,,,,,,,,,,,,,,
12/5/2024 2:30,0,,,,,,,,,,,,,,,,,,,
12/5/2024 2:15,0,,,,,,,,,,,,,,,,,,,
12/5/2024 2:00,0,,,,,,,,,,,,,,,,,,,
12/5/2024 1:45,0,,,,,,,,,,,,,,,,,,,
12/5/2024 1:30,0,,,,,,,,,,,,,,,,,,,
12/5/2024 1:15,0,,,,,,,,,,,,,,,,,,,
12/5/2024 1:00,0,,,,,,,,,,,,,,,,,,,
12/5/2024 0:45,0,,,,,,,,,,,,,,,,,,,
12/5/2024 0:30,0,,,,,,,,,,,,,,,,,,,
12/5/2024 0:15,0,,,,,,,,,,,,,,,,,,,
12/5/2024 0:00,0.2,,,,,,,,,,,,,,,,,,,
11/5/2024 23:45,0.2,,,,,,,,,,,,,,,,,,,
11/5/2024 23:30,0.6,,,,,,,,,,,,,,,,,,,
11/5/2024 23:15,0,,,,,,,,,,,,,,,,,,,
11/5/2024 23:00,0.4,,,,,,,,,,,,,,,,,,,
11/5/2024 22:45,0.6,,,,,,,,,,,,,,,,,,,
11/5/2024 22:30,0.4,,,,,,,,,,,,,,,,,,,
11/5/2024 22:15,0,,,,,,,,,,,,,,,,,,,
11/5/2024 22:00,0,,,,,,,,,,,,,,,,,,,
11/5/2024 21:45,0,,,,,,,,,,,,,,,,,,,
11/5/2024 21:30,0.2,,,,,,,,,,,,,,,,,,,
11/5/2024 21:15,0,,,,,,,,,,,,,,,,,,,
11/5/2024 21:00,0.8,,,,,,,,,,,,,,,,,,,
11/5/2024 20:45,0,,,,,,,,,,,,,,,,,,,
11/5/2024 20:30,0,,,,,,,,,,,,,,,,,,,
11/5/2024 20:15,0,,,,,,,,,,,,,,,,,,,
11/5/2024 20:00,0,,,,,,,,,,,,,,,,,,,
11/5/2024 19:45,0,,,,,,,,,,,,,,,,,,,
11/5/2024 19:30,0,,,,,,,,,,,,,,,,,,,
11/5/2024 19:15,0,,,,,,,,,,,,,,,,,,,
11/5/2024 19:00,0.2,,,,,,,,,,,,,,,,,,,
11/5/2024 18:45,0,,,,,,,,,,,,,,,,,,,
11/5/2024 18:30,0.8,,,,,,,,,,,,,,,,,,,
11/5/2024 18:15,0.4,,,,,,,,,,,,,,,,,,,
11/5/2024 18:00,1,,,,,,,,,,,,,,,,,,,
11/5/2024 17:45,0.8,1579,,,,,,,,,,,,,,,,,,
11/5/2024 17:30,0.4,1578,,,,,,,,,,,,,,,,,,
11/5/2024 17:15,0,1575,,,,,,,,,,,,,,,,,,
11/5/2024 17:00,0.6,1578,,,,,,,,,,,,,,,,,,
11/5/2024 16:45,0.2,1580,,,,,,,,,,,,,,,,,,
11/5/2024 16:30,0.2,1579,,,,,,,,,,,,,,,,,,
11/5/2024 16:15,0.4,1580,,,,,,,,,,,,,,,,,,
11/5/2024 16:00,0.4,1580,,,,,,,,,,,,,,,,,,
11/5/2024 15:45,0.2,1582,,,,,,,,,,,,,,,,,,
11/5/2024 15:30,1,1582,,,,,,,,,,,,,,,,,,
11/5/2024 15:15,0.4,1587,,,,,,,,,,,,,,,,,,
11/5/2024 15:00,0.6,1586,,,,,,,,,,,,,,,,,,
11/5/2024 14:45,0.2,1588,,,,,,,,,,,,,,,,,,
11/5/2024 14:30,0,1587,,,,,,,,,,,,,,,,,,
11/5/2024 14:15,0.2,1581,,,,,,,,,,,,,,,,,,
11/5/2024 14:00,0.2,1587,,,,,,,,,,,,,,,,,,
11/5/2024 13:45,0.6,1586,,,,,,,,,,,,,,,,,,
11/5/2024 13:30,0.8,1589,,,,,,,,,,,,,,,,,,
11/5/2024 13:15,2,1588,,,,,,,,,,,,,,,,,,
11/5/2024 13:00,1,1589,,,,,,,,,,,,,,,,,,
11/5/2024 12:45,1.2,1591,,,,,,,,,,,,,,,,,,
11/5/2024 12:30,1,1593,,,,,,,,,,,,,,,,,,
11/5/2024 12:15,1.4,1591,,,,,,,,,,,,,,,,,,
11/5/2024 12:00,1,1594,,,,,,,,,,,,,,,,,,
11/5/2024 11:45,1,1591,,,,,,,,,,,,,,,,,,
11/5/2024 11:30,1,,,,,,,,,,,,,,,,,,,
11/5/2024 11:15,0.8,1602,,,,,,,,,,,,,,,,,,
11/5/2024 11:00,0.6,1601,,,,,,,,,,,,,,,,,,
11/5/2024 10:45,0.2,1605,,,,,,,,,,,,,,,,,,
11/5/2024 10:30,0.2,1602,,,,,,,,,,,,,,,,,,
11/5/2024 10:15,1,1604,,,,,,,,,,,,,,,,,,
11/5/2024 10:00,3.2,,,,,,,,,,,,,,,,,,,
11/5/2024 9:45,2.8,,,,,,,,,,,,,,,,,,,
11/5/2024 9:30,0,,,,,,,,,,,,,,,,,,,
11/5/2024 9:15,0,,,,,,,,,,,,,,,,,,,
11/5/2024 9:00,0,1607,,,,,,,,,,,,,,,,,,
11/5/2024 8:45,0,1609,,,,,,,,,,,,,,,,,,
11/5/2024 8:30,0,1609,,,,,,,,,,,,,,,,,,
11/5/2024 8:15,0,1608,,,,,,,,,,,,,,,,,,
11/5/2024 8:00,0,,,,,,,,,,,,,,,,,,,
11/5/2024 7:45,0,,,,,,,,,,,,,,,,,,,
11/5/2024 7:30,0,1614,,,,,,,,,,,,,,,,,,
11/5/2024 7:15,0,1615,,,,,,,,,,,,,,,,,,
11/5/2024 7:00,0,1617,,,,,,,,,,,,,,,,,,
11/5/2024 6:45,0,1616,,,,,,,,,,,,,,,,,,
11/5/2024 6:30,0,1618,,,,,,,,,,,,,,,,,,
11/5/2024 6:15,0,1616,,,,,,,,,,,,,,,,,,
11/5/2024 6:00,0,1617,,,,,,,,,,,,,,,,,,
11/5/2024 5:45,0,1618,,,,,,,,,,,,,,,,,,
11/5/2024 5:30,0,1618,,,,,,,,,,,,,,,,,,
11/5/2024 5:15,0,1621,,,,,,,,,,,,,,,,,,
11/5/2024 5:00,0,1620,,,,,,,,,,,,,,,,,,
11/5/2024 4:45,0,1623,,,,,,,,,,,,,,,,,,
11/5/2024 4:30,0,1622,,,,,,,,,,,,,,,,,,
11/5/2024 4:15,0,1624,,,,,,,,,,,,,,,,,,
11/5/2024 4:00,0,1626,,,,,,,,,,,,,,,,,,
11/5/2024 3:45,0,1628,,,,,,,,,,,,,,,,,,
11/5/2024 3:30,0,1630,,,,,,,,,,,,,,,,,,
11/5/2024 3:15,0,1629,,,,,,,,,,,,,,,,,,
11/5/2024 3:00,0,1628,,,,,,,,,,,,,,,,,,
11/5/2024 2:45,0,1630,,,,,,,,,,,,,,,,,,
11/5/2024 2:30,0,1631,,,,,,,,,,,,,,,,,,
11/5/2024 2:15,0.2,1633,,,,,,,,,,,,,,,,,,
11/5/2024 2:00,0,1634,,,,,,,,,,,,,,,,,,
11/5/2024 1:45,0,1636,,,,,,,,,,,,,,,,,,
11/5/2024 1:30,0,1634,,,,,,,,,,,,,,,,,,
11/5/2024 1:15,0,1634,,,,,,,,,,,,,,,,,,
11/5/2024 1:00,0,1638,,,,,,,,,,,,,,,,,,
11/5/2024 0:45,0,1640,,,,,,,,,,,,,,,,,,
11/5/2024 0:30,0,1638,,,,,,,,,,,,,,,,,,
11/5/2024 0:15,0,1641,,,,,,,,,,,,,,,,,,
11/5/2024 0:00,0.2,1642,,,,,,,,,,,,,,,,,,
10/5/2024 23:45,0,1641,,,,,,,,,,,,,,,,,,
10/5/2024 23:30,0,1642,,,,,,,,,,,,,,,,,,
10/5/2024 23:15,0,1645,,,,,,,,,,,,,,,,,,
10/5/2024 23:00,0,1646,,,,,,,,,,,,,,,,,,
10/5/2024 22:45,0,1647,,,,,,,,,,,,,,,,,,
10/5/2024 22:30,0,1649,,,,,,,,,,,,,,,,,,
10/5/2024 22:15,0,1649,,,,,,,,,,,,,,,,,,
10/5/2024 22:00,0,1650,,,,,,,,,,,,,,,,,,
10/5/2024 21:45,0.4,1651,,,,,,,,,,,,,,,,,,
10/5/2024 21:30,0.2,1649,,,,,,,,,,,,,,,,,,
10/5/2024 21:15,0,1655,,,,,,,,,,,,,,,,,,
10/5/2024 21:00,0,1653,,,,,,,,,,,,,,,,,,
10/5/2024 20:45,0,1656,,,,,,,,,,,,,,,,,,
10/5/2024 20:30,3.4,1656,,,,,,,,,,,,,,,,,,
10/5/2024 20:15,1.8,1657,,,,,,,,,,,,,,,,,,
10/5/2024 20:00,6.4,1658,,,,,,,,,,,,,,,,,,
10/5/2024 19:45,2.6,1660,,,,,,,,,,,,,,,,,,
10/5/2024 19:30,3.6,1661,,,,,,,,,,,,,,,,,,
10/5/2024 19:15,0.2,1660,,,,,,,,,,,,,,,,,,
10/5/2024 19:00,1.2,1659,,,,,,,,,,,,,,,,,,
10/5/2024 18:45,1.4,1661,,,,,,,,,,,,,,,,,,
10/5/2024 18:30,0.4,1664,,,,,,,,,,,,,,,,,,
10/5/2024 18:15,0,1661,,,,,,,,,,,,,,,,,,
10/5/2024 18:00,0,1663,,,,,,,,,,,,,,,,,,
10/5/2024 17:45,0,1667,,,,,,,,,,,,,,,,,,
10/5/2024 17:30,0,1665,,,,,,,,,,,,,,,,,,
10/5/2024 17:15,0,1667,,,,,,,,,,,,,,,,,,
10/5/2024 17:00,0,1669,,,,,,,,,,,,,,,,,,
10/5/2024 16:45,0.6,1669,,,,,,,,,,,,,,,,,,
10/5/2024 16:30,0.2,1671,,,,,,,,,,,,,,,,,,
10/5/2024 16:15,0.2,1671,,,,,,,,,,,,,,,,,,
10/5/2024 16:00,0.4,1675,,,,,,,,,,,,,,,,,,
10/5/2024 15:45,0.2,1675,,,,,,,,,,,,,,,,,,
10/5/2024 15:30,0.4,1675,,,,,,,,,,,,,,,,,,
10/5/2024 15:15,1.4,1677,,,,,,,,,,,,,,,,,,
10/5/2024 15:00,0.4,1676,,,,,,,,,,,,,,,,,,
10/5/2024 14:45,0.4,1678,,,,,,,,,,,,,,,,,,
10/5/2024 14:30,0,1680,,,,,,,,,,,,,,,,,,
10/5/2024 14:15,0,1680,,,,,,,,,,,,,,,,,,
10/5/2024 14:00,2,1682,,,,,,,,,,,,,,,,,,
10/5/2024 13:45,0.2,1682,,,,,,,,,,,,,,,,,,
10/5/2024 13:30,0.6,1684,,,,,,,,,,,,,,,,,,
10/5/2024 13:15,5.6,1684,,,,,,,,,,,,,,,,,,
10/5/2024 13:00,0.4,1684,,,,,,,,,,,,,,,,,,
10/5/2024 12:45,0.6,1686,,,,,,,,,,,,,,,,,,
10/5/2024 12:30,0.6,1686,,,,,,,,,,,,,,,,,,
10/5/2024 12:15,0.4,1687,,,,,,,,,,,,,,,,,,
10/5/2024 12:00,0.2,1688,,,,,,,,,,,,,,,,,,
10/5/2024 11:45,0.4,1689,,,,,,,,,,,,,,,,,,
10/5/2024 11:30,0.2,1691,,,,,,,,,,,,,,,,,,
10/5/2024 11:15,1,1691,,,,,,,,,,,,,,,,,,
10/5/2024 11:00,0,1693,,,,,,,,,,,,,,,,,,
10/5/2024 10:45,0,1692,,,,,,,,,,,,,,,,,,
10/5/2024 10:30,0,1694,,,,,,,,,,,,,,,,,,
10/5/2024 10:15,0,1694,,,,,,,,,,,,,,,,,,
10/5/2024 10:00,0,1697,,,,,,,,,,,,,,,,,,
10/5/2024 9:45,0,1699,,,,,,,,,,,,,,,,,,
10/5/2024 9:30,0,1701,,,,,,,,,,,,,,,,,,
10/5/2024 9:15,0,1699,,,,,,,,,,,,,,,,,,
10/5/2024 9:00,0,1701,,,,,,,,,,,,,,,,,,
10/5/2024 8:45,0,1702,,,,,,,,,,,,,,,,,,
10/5/2024 8:30,0,1705,,,,,,,,,,,,,,,,,,
10/5/2024 8:15,0,1703,,,,,,,,,,,,,,,,,,
10/5/2024 8:00,0,1703,,,,,,,,,,,,,,,,,,
10/5/2024 7:45,0,1710,,,,,,,,,,,,,,,,,,
10/5/2024 7:30,0,1710,,,,,,,,,,,,,,,,,,
10/5/2024 7:15,0,1713,,,,,,,,,,,,,,,,,,
10/5/2024 7:00,0,1716,,,,,,,,,,,,,,,,,,
10/5/2024 6:45,0,1710,,,,,,,,,,,,,,,,,,
10/5/2024 6:30,0,1710,,,,,,,,,,,,,,,,,,
10/5/2024 6:15,0,1713,,,,,,,,,,,,,,,,,,
10/5/2024 6:00,0,1716,,,,,,,,,,,,,,,,,,
10/5/2024 5:45,0,1717,,,,,,,,,,,,,,,,,,
10/5/2024 5:30,0,1717,,,,,,,,,,,,,,,,,,
10/5/2024 5:15,0,1717,,,,,,,,,,,,,,,,,,
10/5/2024 5:00,0,1718,,,,,,,,,,,,,,,,,,
10/5/2024 4:45,0,1718,,,,,,,,,,,,,,,,,,
10/5/2024 4:30,0,1721,,,,,,,,,,,,,,,,,,
10/5/2024 4:15,0,1721,,,,,,,,,,,,,,,,,,
10/5/2024 4:00,0,1722,,,,,,,,,,,,,,,,,,
10/5/2024 3:45,0,1721,,,,,,,,,,,,,,,,,,
10/5/2024 3:30,0,1724,,,,,,,,,,,,,,,,,,
10/5/2024 3:15,0,1727,,,,,,,,,,,,,,,,,,
10/5/2024 3:00,0,1727,,,,,,,,,,,,,,,,,,
10/5/2024 2:45,0,1729,,,,,,,,,,,,,,,,,,
10/5/2024 2:30,0,1730,,,,,,,,,,,,,,,,,,
10/5/2024 2:15,0,1731,,,,,,,,,,,,,,,,,,
10/5/2024 2:00,0,1731,,,,,,,,,,,,,,,,,,
10/5/2024 1:45,0,1732,,,,,,,,,,,,,,,,,,
10/5/2024 1:30,0,1734,,,,,,,,,,,,,,,,,,
10/5/2024 1:15,0,1734,,,,,,,,,,,,,,,,,,
10/5/2024 1:00,0,1735,,,,,,,,,,,,,,,,,,
10/5/2024 0:45,0,1735,,,,,,,,,,,,,,,,,,
10/5/2024 0:30,0,1737,,,,,,,,,,,,,,,,,,
10/5/2024 0:15,0,1738,,,,,,,,,,,,,,,,,,
10/5/2024 0:00,0,1740,,,,,,,,,,,,,,,,,,
9/5/2024 23:45,0,1740,,,,,,,,,,,,,,,,,,
9/5/2024 23:30,0,1740,,,,,,,,,,,,,,,,,,
9/5/2024 23:15,0,1744,,,,,,,,,,,,,,,,,,
9/5/2024 23:00,0,1745,,,,,,,,,,,,,,,,,,
9/5/2024 22:45,0,1743,,,,,,,,,,,,,,,,,,
9/5/2024 22:30,0,1745,,,,,,,,,,,,,,,,,,
9/5/2024 22:15,0,1745,,,,,,,,,,,,,,,,,,
9/5/2024 22:00,0,1746,,,,,,,,,,,,,,,,,,
9/5/2024 21:45,0,1748,,,,,,,,,,,,,,,,,,
9/5/2024 21:30,0,1749,,,,,,,,,,,,,,,,,,
9/5/2024 21:15,0,1750,,,,,,,,,,,,,,,,,,
9/5/2024 21:00,0,1751,,,,,,,,,,,,,,,,,,
9/5/2024 20:45,0,1751,,,,,,,,,,,,,,,,,,
9/5/2024 20:30,0,1753,,,,,,,,,,,,,,,,,,
9/5/2024 20:15,0,1753,,,,,,,,,,,,,,,,,,
9/5/2024 20:00,0,1757,,,,,,,,,,,,,,,,,,
9/5/2024 19:45,0,1757,,,,,,,,,,,,,,,,,,
9/5/2024 19:30,0,1760,,,,,,,,,,,,,,,,,,
9/5/2024 19:15,0,1759,,,,,,,,,,,,,,,,,,
9/5/2024 19:00,0,1759,,,,,,,,,,,,,,,,,,
9/5/2024 18:45,0,1760,,,,,,,,,,,,,,,,,,
9/5/2024 18:30,0,1763,,,,,,,,,,,,,,,,,,
9/5/2024 18:15,0,1762,,,,,,,,,,,,,,,,,,
9/5/2024 18:00,0,1763,,,,,,,,,,,,,,,,,,
9/5/2024 17:45,0,1763,,,,,,,,,,,,,,,,,,
9/5/2024 17:30,0,1766,,,,,,,,,,,,,,,,,,
9/5/2024 17:15,0,1767,,,,,,,,,,,,,,,,,,
9/5/2024 17:00,0,,,,,,,,,,,,,,,,,,,
9/5/2024 16:45,0,1768,,,,,,,,,,,,,,,,,,
9/5/2024 16:30,0,1769,,,,,,,,,,,,,,,,,,
9/5/2024 16:15,0,1771,,,,,,,,,,,,,,,,,,
9/5/2024 16:00,0,1771,,,,,,,,,,,,,,,,,,
9/5/2024 15:45,0,1771,,,,,,,,,,,,,,,,,,
9/5/2024 15:30,0,1773,,,,,,,,,,,,,,,,,,
9/5/2024 15:15,0,1775,,,,,,,,,,,,,,,,,,
9/5/2024 15:00,0,1775,,,,,,,,,,,,,,,,,,
9/5/2024 14:45,0,1774,,,,,,,,,,,,,,,,,,
9/5/2024 14:30,0,1773,,,,,,,,,,,,,,,,,,
9/5/2024 14:15,0,1776,,,,,,,,,,,,,,,,,,
9/5/2024 14:00,0,1777,,,,,,,,,,,,,,,,,,
9/5/2024 13:45,0,1778,,,,,,,,,,,,,,,,,,
9/5/2024 13:30,0,1779,,,,,,,,,,,,,,,,,,
9/5/2024 13:15,0,1781,,,,,,,,,,,,,,,,,,
9/5/2024 13:00,0,1783,,,,,,,,,,,,,,,,,,
9/5/2024 12:45,0,1784,,,,,,,,,,,,,,,,,,
9/5/2024 12:30,0,1784,,,,,,,,,,,,,,,,,,
9/5/2024 12:15,0,1785,,,,,,,,,,,,,,,,,,
9/5/2024 12:00,0,1785,,,,,,,,,,,,,,,,,,
9/5/2024 11:45,0,1785,,,,,,,,,,,,,,,,,,
9/5/2024 11:30,0,1787,,,,,,,,,,,,,,,,,,
9/5/2024 11:15,0,1790,,,,,,,,,,,,,,,,,,
9/5/2024 11:00,0,1788,,,,,,,,,,,,,,,,,,
9/5/2024 10:45,0,1790,,,,,,,,,,,,,,,,,,
9/5/2024 10:30,0,1792,,,,,,,,,,,,,,,,,,
9/5/2024 10:15,0,1792,,,,,,,,,,,,,,,,,,
9/5/2024 10:00,0,1794,,,,,,,,,,,,,,,,,,
9/5/2024 9:45,0,1794,,,,,,,,,,,,,,,,,,
9/5/2024 9:30,0,1797,,,,,,,,,,,,,,,,,,
9/5/2024 9:15,0,1796,,,,,,,,,,,,,,,,,,
9/5/2024 9:00,0,1798,,,,,,,,,,,,,,,,,,
9/5/2024 8:45,0,1799,,,,,,,,,,,,,,,,,,
9/5/2024 8:30,0,1801,,,,,,,,,,,,,,,,,,
9/5/2024 8:15,0,1801,,,,,,,,,,,,,,,,,,
9/5/2024 8:00,0,1803,,,,,,,,,,,,,,,,,,
9/5/2024 7:45,0,1800,,,,,,,,,,,,,,,,,,
9/5/2024 7:30,0,1805,,,,,,,,,,,,,,,,,,
9/5/2024 7:15,0,1805,,,,,,,,,,,,,,,,,,
9/5/2024 7:00,0,1805,,,,,,,,,,,,,,,,,,
9/5/2024 6:45,0,1804,,,,,,,,,,,,,,,,,,
9/5/2024 6:30,0,1807,,,,,,,,,,,,,,,,,,
9/5/2024 6:15,0,1807,,,,,,,,,,,,,,,,,,
9/5/2024 6:00,0,1805,,,,,,,,,,,,,,,,,,
9/5/2024 5:45,0,1810,,,,,,,,,,,,,,,,,,
9/5/2024 5:30,0,1812,,,,,,,,,,,,,,,,,,
9/5/2024 5:15,0,1811,,,,,,,,,,,,,,,,,,
9/5/2024 5:00,0,1813,,,,,,,,,,,,,,,,,,
9/5/2024 4:45,0,1814,,,,,,,,,,,,,,,,,,
9/5/2024 4:30,0,1815,,,,,,,,,,,,,,,,,,
9/5/2024 4:15,0,1814,,,,,,,,,,,,,,,,,,
9/5/2024 4:00,0,1816,,,,,,,,,,,,,,,,,,
9/5/2024 3:45,0,1816,,,,,,,,,,,,,,,,,,
9/5/2024 3:30,0,1818,,,,,,,,,,,,,,,,,,
9/5/2024 3:15,0,1817,,,,,,,,,,,,,,,,,,
9/5/2024 3:00,0,1821,,,,,,,,,,,,,,,,,,
9/5/2024 2:45,0,1822,,,,,,,,,,,,,,,,,,
9/5/2024 2:30,0,1823,,,,,,,,,,,,,,,,,,
9/5/2024 2:15,0,1825,,,,,,,,,,,,,,,,,,
9/5/2024 2:00,0,1823,,,,,,,,,,,,,,,,,,
9/5/2024 1:45,0,1825,,,,,,,,,,,,,,,,,,
9/5/2024 1:30,0,1829,,,,,,,,,,,,,,,,,,
9/5/2024 1:15,0,1828,,,,,,,,,,,,,,,,,,
9/5/2024 1:00,0,1828,,,,,,,,,,,,,,,,,,
9/5/2024 0:45,0,1828,,,,,,,,,,,,,,,,,,
9/5/2024 0:30,0,1827,,,,,,,,,,,,,,,,,,
9/5/2024 0:15,0,1830,,,,,,,,,,,,,,,,,,
9/5/2024 0:00,0,1829,,,,,,,,,,,,,,,,,,
8/5/2024 23:45,0,1834,,,,,,,,,,,,,,,,,,
8/5/2024 23:30,0,1833,,,,,,,,,,,,,,,,,,
8/5/2024 23:15,0,1835,,,,,,,,,,,,,,,,,,
8/5/2024 23:00,0,1835,,,,,,,,,,,,,,,,,,
8/5/2024 22:45,0,1837,,,,,,,,,,,,,,,,,,
8/5/2024 22:30,0,1838,,,,,,,,,,,,,,,,,,
8/5/2024 22:15,0,1839,,,,,,,,,,,,,,,,,,
8/5/2024 22:00,0,1838,,,,,,,,,,,,,,,,,,
8/5/2024 21:45,0,1840,,,,,,,,,,,,,,,,,,
8/5/2024 21:30,0,1842,,,,,,,,,,,,,,,,,,
8/5/2024 21:15,0,1839,,,,,,,,,,,,,,,,,,
8/5/2024 21:00,0,1841,,,,,,,,,,,,,,,,,,
8/5/2024 20:45,0,1844,,,,,,,,,,,,,,,,,,
8/5/2024 20:30,0,1846,,,,,,,,,,,,,,,,,,
8/5/2024 20:15,0,1849,,,,,,,,,,,,,,,,,,
8/5/2024 20:00,0,1849,,,,,,,,,,,,,,,,,,
8/5/2024 19:45,0,1844,,,,,,,,,,,,,,,,,,
8/5/2024 19:30,0,1846,,,,,,,,,,,,,,,,,,
8/5/2024 19:15,0,1849,,,,,,,,,,,,,,,,,,
8/5/2024 19:00,0,1849,,,,,,,,,,,,,,,,,,
8/5/2024 18:45,0,1849,,,,,,,,,,,,,,,,,,
8/5/2024 18:30,0,1854,,,,,,,,,,,,,,,,,,
8/5/2024 18:15,0,1852,,,,,,,,,,,,,,,,,,
8/5/2024 18:00,0,1853,,,,,,,,,,,,,,,,,,
8/5/2024 17:45,0,1854,,,,,,,,,,,,,,,,,,
8/5/2024 17:30,0,1853,,,,,,,,,,,,,,,,,,
8/5/2024 17:15,0,1856,,,,,,,,,,,,,,,,,,
8/5/2024 17:00,0,1857,,,,,,,,,,,,,,,,,,
8/5/2024 16:45,0,1855,,,,,,,,,,,,,,,,,,
8/5/2024 16:30,0,1854,,,,,,,,,,,,,,,,,,
8/5/2024 16:15,0,1857,,,,,,,,,,,,,,,,,,
8/5/2024 16:00,0,1859,,,,,,,,,,,,,,,,,,
8/5/2024 15:45,0,1857,,,,,,,,,,,,,,,,,,
8/5/2024 15:30,0,1860,,,,,,,,,,,,,,,,,,
8/5/2024 15:15,0.8,1861,,,,,,,,,,,,,,,,,,
8/5/2024 15:00,0.4,1863,,,,,,,,,,,,,,,,,,
8/5/2024 14:45,2,1861,,,,,,,,,,,,,,,,,,
8/5/2024 14:30,4.6,1862,,,,,,,,,,,,,,,,,,
8/5/2024 14:15,0,1863,,,,,,,,,,,,,,,,,,
8/5/2024 14:00,1.2,1863,,,,,,,,,,,,,,,,,,
8/5/2024 13:45,1.6,1864,,,,,,,,,,,,,,,,,,
8/5/2024 13:30,1.8,1865,,,,,,,,,,,,,,,,,,
8/5/2024 13:15,0,1866,,,,,,,,,,,,,,,,,,
8/5/2024 13:00,0,1867,,,,,,,,,,,,,,,,,,
8/5/2024 12:45,0,1868,,,,,,,,,,,,,,,,,,
8/5/2024 12:30,0,1866,,,,,,,,,,,,,,,,,,
8/5/2024 12:15,0,1868,,,,,,,,,,,,,,,,,,
8/5/2024 12:00,0,1871,,,,,,,,,,,,,,,,,,
8/5/2024 11:45,0,1871,,,,,,,,,,,,,,,,,,
8/5/2024 11:30,0,1872,,,,,,,,,,,,,,,,,,
8/5/2024 11:15,0,1869,,,,,,,,,,,,,,,,,,
8/5/2024 11:00,0,1871,,,,,,,,,,,,,,,,,,
8/5/2024 10:45,0,1873,,,,,,,,,,,,,,,,,,
8/5/2024 10:30,0,1874,,,,,,,,,,,,,,,,,,
8/5/2024 10:15,0,1876,,,,,,,,,,,,,,,,,,
8/5/2024 10:00,0,1872,,,,,,,,,,,,,,,,,,
8/5/2024 9:45,0,1875,,,,,,,,,,,,,,,,,,
8/5/2024 9:30,0,1877,,,,,,,,,,,,,,,,,,
8/5/2024 9:15,0,1877,,,,,,,,,,,,,,,,,,
8/5/2024 9:00,0,1878,,,,,,,,,,,,,,,,,,
8/5/2024 8:45,0,1880,,,,,,,,,,,,,,,,,,
8/5/2024 8:30,0,1881,,,,,,,,,,,,,,,,,,
8/5/2024 8:15,0,1883,,,,,,,,,,,,,,,,,,
8/5/2024 8:00,0,1884,,,,,,,,,,,,,,,,,,
8/5/2024 7:45,0,1882,,,,,,,,,,,,,,,,,,
8/5/2024 7:30,0,1883,,,,,,,,,,,,,,,,,,
8/5/2024 7:15,0,1884,,,,,,,,,,,,,,,,,,
8/5/2024 7:00,0,1887,,,,,,,,,,,,,,,,,,
8/5/2024 6:45,0,1893,,,,,,,,,,,,,,,,,,
8/5/2024 6:30,0,1896,,,,,,,,,,,,,,,,,,
8/5/2024 6:15,0,1900,,,,,,,,,,,,,,,,,,
8/5/2024 6:00,0,1899,,,,,,,,,,,,,,,,,,
8/5/2024 5:45,0,1902,,,,,,,,,,,,,,,,,,
8/5/2024 5:30,0,1903,,,,,,,,,,,,,,,,,,
8/5/2024 5:15,0,1904,,,,,,,,,,,,,,,,,,
8/5/2024 5:00,0,1901,,,,,,,,,,,,,,,,,,
8/5/2024 4:45,0,1903,,,,,,,,,,,,,,,,,,
8/5/2024 4:30,0,1903,,,,,,,,,,,,,,,,,,
8/5/2024 4:15,0,1896,,,,,,,,,,,,,,,,,,
8/5/2024 4:00,0,1897,,,,,,,,,,,,,,,,,,
8/5/2024 3:45,0,1901,,,,,,,,,,,,,,,,,,
8/5/2024 3:30,0,1896,,,,,,,,,,,,,,,,,,
8/5/2024 3:15,0,1897,,,,,,,,,,,,,,,,,,
8/5/2024 3:00,0,1899,,,,,,,,,,,,,,,,,,
8/5/2024 2:45,0,1900,,,,,,,,,,,,,,,,,,
8/5/2024 2:30,0,1902,,,,,,,,,,,,,,,,,,
8/5/2024 2:15,0,1904,,,,,,,,,,,,,,,,,,
8/5/2024 2:00,0,1903,,,,,,,,,,,,,,,,,,
8/5/2024 1:45,0,1904,,,,,,,,,,,,,,,,,,
8/5/2024 1:30,0,1906,,,,,,,,,,,,,,,,,,
8/5/2024 1:15,0,1906,,,,,,,,,,,,,,,,,,
8/5/2024 1:00,0,1908,,,,,,,,,,,,,,,,,,
8/5/2024 0:45,0,1907,,,,,,,,,,,,,,,,,,
8/5/2024 0:30,0,1910,,,,,,,,,,,,,,,,,,
8/5/2024 0:15,0,1910,,,,,,,,,,,,,,,,,,
8/5/2024 0:00,0,1908,,,,,,,,,,,,,,,,,,
7/5/2024 23:45,0,1912,,,,,,,,,,,,,,,,,,
7/5/2024 23:30,0,1912,,,,,,,,,,,,,,,,,,
7/5/2024 23:15,0,1913,,,,,,,,,,,,,,,,,,
7/5/2024 23:00,0,1913,,,,,,,,,,,,,,,,,,
7/5/2024 22:45,0,1914,,,,,,,,,,,,,,,,,,
7/5/2024 22:30,0,1914,,,,,,,,,,,,,,,,,,
7/5/2024 22:15,0,1915,,,,,,,,,,,,,,,,,,
7/5/2024 22:00,0,1917,,,,,,,,,,,,,,,,,,
7/5/2024 21:45,0,1915,,,,,,,,,,,,,,,,,,
7/5/2024 21:30,0,1917,,,,,,,,,,,,,,,,,,
7/5/2024 21:15,0,1918,,,,,,,,,,,,,,,,,,
7/5/2024 21:00,0,1920,,,,,,,,,,,,,,,,,,
7/5/2024 20:45,0,1923,,,,,,,,,,,,,,,,,,
7/5/2024 20:30,0,1927,,,,,,,,,,,,,,,,,,
7/5/2024 20:15,0,1928,,,,,,,,,,,,,,,,,,
7/5/2024 20:00,0,1925,,,,,,,,,,,,,,,,,,
7/5/2024 19:45,0,1922,,,,,,,,,,,,,,,,,,
7/5/2024 19:30,0,1922,,,,,,,,,,,,,,,,,,
7/5/2024 19:15,0,1922,,,,,,,,,,,,,,,,,,
7/5/2024 19:00,0,1924,,,,,,,,,,,,,,,,,,
7/5/2024 18:45,0,1924,,,,,,,,,,,,,,,,,,
7/5/2024 18:30,0,1925,,,,,,,,,,,,,,,,,,
7/5/2024 18:15,0,1926,,,,,,,,,,,,,,,,,,
7/5/2024 18:00,0,1928,,,,,,,,,,,,,,,,,,
7/5/2024 17:45,0,1928,,,,,,,,,,,,,,,,,,
7/5/2024 17:30,0,1927,,,,,,,,,,,,,,,,,,
7/5/2024 17:15,0,1930,,,,,,,,,,,,,,,,,,
7/5/2024 17:00,0,1931,,,,,,,,,,,,,,,,,,
7/5/2024 16:45,0,1928,,,,,,,,,,,,,,,,,,
7/5/2024 16:30,0,1931,,,,,,,,,,,,,,,,,,
7/5/2024 16:15,0,1934,,,,,,,,,,,,,,,,,,
7/5/2024 16:00,0,1933,,,,,,,,,,,,,,,,,,
7/5/2024 15:45,0,1933,,,,,,,,,,,,,,,,,,
7/5/2024 15:30,0,1934,,,,,,,,,,,,,,,,,,
7/5/2024 15:15,0,1934,,,,,,,,,,,,,,,,,,
7/5/2024 15:00,0,1934,,,,,,,,,,,,,,,,,,
7/5/2024 14:45,0,1936,,,,,,,,,,,,,,,,,,
7/5/2024 14:30,0,1936,,,,,,,,,,,,,,,,,,
7/5/2024 14:15,0,1938,,,,,,,,,,,,,,,,,,
7/5/2024 14:00,0,1938,,,,,,,,,,,,,,,,,,
7/5/2024 13:45,0,1937,,,,,,,,,,,,,,,,,,
7/5/2024 13:30,0,1939,,,,,,,,,,,,,,,,,,
7/5/2024 13:15,0,1938,,,,,,,,,,,,,,,,,,
7/5/2024 13:00,0,1942,,,,,,,,,,,,,,,,,,
7/5/2024 12:45,0,1940,,,,,,,,,,,,,,,,,,
7/5/2024 12:30,0,1941,,,,,,,,,,,,,,,,,,
7/5/2024 12:15,0,1944,,,,,,,,,,,,,,,,,,
7/5/2024 12:00,0,1943,,,,,,,,,,,,,,,,,,
7/5/2024 11:45,0,1941,,,,,,,,,,,,,,,,,,
7/5/2024 11:30,0,1944,,,,,,,,,,,,,,,,,,
7/5/2024 11:15,0,1942,,,,,,,,,,,,,,,,,,
7/5/2024 11:00,0,1942,,,,,,,,,,,,,,,,,,
7/5/2024 10:45,0,1945,,,,,,,,,,,,,,,,,,
7/5/2024 10:30,0,1946,,,,,,,,,,,,,,,,,,
7/5/2024 10:15,0,1944,,,,,,,,,,,,,,,,,,
7/5/2024 10:00,0,1948,,,,,,,,,,,,,,,,,,
7/5/2024 9:45,0,1947,,,,,,,,,,,,,,,,,,
7/5/2024 9:30,0,1947,,,,,,,,,,,,,,,,,,
7/5/2024 9:15,0,1947,,,,,,,,,,,,,,,,,,
7/5/2024 9:00,0,1950,,,,,,,,,,,,,,,,,,
7/5/2024 8:45,0,1951,,,,,,,,,,,,,,,,,,
7/5/2024 8:30,0,1952,,,,,,,,,,,,,,,,,,
7/5/2024 8:15,0,1955,,,,,,,,,,,,,,,,,,
7/5/2024 8:00,0,1949,,,,,,,,,,,,,,,,,,
7/5/2024 7:45,0,1954,,,,,,,,,,,,,,,,,,
7/5/2024 7:30,0,1953,,,,,,,,,,,,,,,,,,
7/5/2024 7:15,0,1951,,,,,,,,,,,,,,,,,,
7/5/2024 7:00,0,1953,,,,,,,,,,,,,,,,,,
7/5/2024 6:45,0,1955,,,,,,,,,,,,,,,,,,
7/5/2024 6:30,0,1955,,,,,,,,,,,,,,,,,,
7/5/2024 6:15,0,1953,,,,,,,,,,,,,,,,,,
7/5/2024 6:00,0,1955,,,,,,,,,,,,,,,,,,
7/5/2024 5:45,0,1954,,,,,,,,,,,,,,,,,,
7/5/2024 5:30,0,1956,,,,,,,,,,,,,,,,,,
7/5/2024 5:15,0,1959,,,,,,,,,,,,,,,,,,
7/5/2024 5:00,0,1960,,,,,,,,,,,,,,,,,,
7/5/2024 4:45,0,1962,,,,,,,,,,,,,,,,,,
7/5/2024 4:30,0,1961,,,,,,,,,,,,,,,,,,
7/5/2024 4:15,0,1959,,,,,,,,,,,,,,,,,,
7/5/2024 4:00,0,1961,,,,,,,,,,,,,,,,,,
7/5/2024 3:45,0,1962,,,,,,,,,,,,,,,,,,
7/5/2024 3:30,0,1964,,,,,,,,,,,,,,,,,,
7/5/2024 3:15,0,1964,,,,,,,,,,,,,,,,,,
7/5/2024 3:00,0,1964,,,,,,,,,,,,,,,,,,
7/5/2024 2:45,0,1966,,,,,,,,,,,,,,,,,,
7/5/2024 2:30,0,1963,,,,,,,,,,,,,,,,,,
7/5/2024 2:15,0,1965,,,,,,,,,,,,,,,,,,
7/5/2024 2:00,0,1965,,,,,,,,,,,,,,,,,,
7/5/2024 1:45,0,1966,,,,,,,,,,,,,,,,,,
7/5/2024 1:30,0,1965,,,,,,,,,,,,,,,,,,
7/5/2024 1:15,0,1967,,,,,,,,,,,,,,,,,,
7/5/2024 1:00,0,1969,,,,,,,,,,,,,,,,,,
7/5/2024 0:45,0,1967,,,,,,,,,,,,,,,,,,
7/5/2024 0:30,0,1970,,,,,,,,,,,,,,,,,,
7/5/2024 0:15,0,1970,,,,,,,,,,,,,,,,,,
7/5/2024 0:00,0,1971,,,,,,,,,,,,,,,,,,
6/5/2024 23:45,0,1972,,,,,,,,,,,,,,,,,,
6/5/2024 23:30,0,1972,,,,,,,,,,,,,,,,,,
6/5/2024 23:15,0,1971,,,,,,,,,,,,,,,,,,
6/5/2024 23:00,0,1970,,,,,,,,,,,,,,,,,,
6/5/2024 22:45,0,1972,,,,,,,,,,,,,,,,,,
6/5/2024 22:30,0,1971,,,,,,,,,,,,,,,,,,
6/5/2024 22:15,0,1973,,,,,,,,,,,,,,,,,,
6/5/2024 22:00,0,1973,,,,,,,,,,,,,,,,,,
6/5/2024 21:45,0,1974,,,,,,,,,,,,,,,,,,
6/5/2024 21:30,0,1974,,,,,,,,,,,,,,,,,,
6/5/2024 21:15,0,1975,,,,,,,,,,,,,,,,,,
6/5/2024 21:00,0,1972,,,,,,,,,,,,,,,,,,
6/5/2024 20:45,0,1974,,,,,,,,,,,,,,,,,,
6/5/2024 20:30,0,1975,,,,,,,,,,,,,,,,,,
6/5/2024 20:15,0,1977,,,,,,,,,,,,,,,,,,
6/5/2024 20:00,0,1977,,,,,,,,,,,,,,,,,,
6/5/2024 19:45,0,1976,,,,,,,,,,,,,,,,,,
6/5/2024 19:30,0,1980,,,,,,,,,,,,,,,,,,
6/5/2024 19:15,0,1978,,,,,,,,,,,,,,,,,,
6/5/2024 19:00,0,1979,,,,,,,,,,,,,,,,,,
6/5/2024 18:45,0,1978,,,,,,,,,,,,,,,,,,
6/5/2024 18:30,0,1977,,,,,,,,,,,,,,,,,,
6/5/2024 18:15,0,1978,,,,,,,,,,,,,,,,,,
6/5/2024 18:00,0,1979,,,,,,,,,,,,,,,,,,
6/5/2024 17:45,0,1980,,,,,,,,,,,,,,,,,,
6/5/2024 17:30,0,1979,,,,,,,,,,,,,,,,,,
6/5/2024 17:15,0,1980,,,,,,,,,,,,,,,,,,
6/5/2024 17:00,0,1983,,,,,,,,,,,,,,,,,,
6/5/2024 16:45,0,1978,,,,,,,,,,,,,,,,,,
6/5/2024 16:30,0,1980,,,,,,,,,,,,,,,,,,
6/5/2024 16:15,0,1980,,,,,,,,,,,,,,,,,,
6/5/2024 16:00,0,1981,,,,,,,,,,,,,,,,,,
6/5/2024 15:45,0,1980,,,,,,,,,,,,,,,,,,
6/5/2024 15:30,,1981,,,,,,,,,,,,,,,,,,
6/5/2024 15:15,,1980,,,,,,,,,,,,,,,,,,
6/5/2024 15:00,,1982,,,,,,,,,,,,,,,,,,
6/5/2024 14:45,,1981,,,,,,,,,,,,,,,,,,
6/5/2024 14:30,,1982,,,,,,,,,,,,,,,,,,
6/5/2024 14:15,,1983,,,,,,,,,,,,,,,,,,
6/5/2024 14:00,,1980,,,,,,,,,,,,,,,,,,
6/5/2024 13:45,,1983,,,,,,,,,,,,,,,,,,
6/5/2024 13:30,,1982,,,,,,,,,,,,,,,,,,
6/5/2024 13:15,,1983,,,,,,,,,,,,,,,,,,
6/5/2024 13:00,,1985,,,,,,,,,,,,,,,,,,
6/5/2024 12:45,0,1992,,,,,,,,,,,,,,,,,,
6/5/2024 12:30,0,1991,,,,,,,,,,,,,,,,,,
6/5/2024 12:15,0,1990,,,,,,,,,,,,,,,,,,
6/5/2024 12:00,0,1994,,,,,,,,,,,,,,,,,,
6/5/2024 11:45,0,1987,,,,,,,,,,,,,,,,,,
6/5/2024 11:30,0,1988,,,,,,,,,,,,,,,,,,
6/5/2024 11:15,0,1989,,,,,,,,,,,,,,,,,,
6/5/2024 11:00,0,1990,,,,,,,,,,,,,,,,,,
6/5/2024 10:45,0,1989,,,,,,,,,,,,,,,,,,
6/5/2024 10:30,0,1989,,,,,,,,,,,,,,,,,,
6/5/2024 10:15,0,1988,,,,,,,,,,,,,,,,,,
6/5/2024 10:00,0,1991,,,,,,,,,,,,,,,,,,
6/5/2024 9:45,0,1990,,,,,,,,,,,,,,,,,,
6/5/2024 9:30,0,1990,,,,,,,,,,,,,,,,,,
6/5/2024 9:15,0,1991,,,,,,,,,,,,,,,,,,
6/5/2024 9:00,0,1992,,,,,,,,,,,,,,,,,,
6/5/2024 8:45,0,1990,,,,,,,,,,,,,,,,,,
6/5/2024 8:30,0,1992,,,,,,,,,,,,,,,,,,
6/5/2024 8:15,0,1992,,,,,,,,,,,,,,,,,,
6/5/2024 8:00,0,1991,,,,,,,,,,,,,,,,,,
6/5/2024 7:45,0,1991,,,,,,,,,,,,,,,,,,
6/5/2024 7:30,0,1991,,,,,,,,,,,,,,,,,,
6/5/2024 7:15,0,1990,,,,,,,,,,,,,,,,,,
6/5/2024 7:00,0,1988,,,,,,,,,,,,,,,,,,
6/5/2024 6:45,0,1990,,,,,,,,,,,,,,,,,,
6/5/2024 6:30,0,1989,,,,,,,,,,,,,,,,,,
6/5/2024 6:15,0,1989,,,,,,,,,,,,,,,,,,
6/5/2024 6:00,0,1992,,,,,,,,,,,,,,,,,,
6/5/2024 5:45,0,1993,,,,,,,,,,,,,,,,,,
6/5/2024 5:30,0,1993,,,,,,,,,,,,,,,,,,
6/5/2024 5:15,0,1992,,,,,,,,,,,,,,,,,,
6/5/2024 5:00,0,1995,,,,,,,,,,,,,,,,,,
6/5/2024 4:45,0,1993,,,,,,,,,,,,,,,,,,
6/5/2024 4:30,0,1990,,,,,,,,,,,,,,,,,,
6/5/2024 4:15,0,1992,,,,,,,,,,,,,,,,,,
6/5/2024 4:00,0,1992,,,,,,,,,,,,,,,,,,
6/5/2024 3:45,0,1991,,,,,,,,,,,,,,,,,,
6/5/2024 3:30,0,1999,,,,,,,,,,,,,,,,,,
6/5/2024 3:15,0,2000,,,,,,,,,,,,,,,,,,
6/5/2024 3:00,0,1998,,,,,,,,,,,,,,,,,,
6/5/2024 2:45,0,1999,,,,,,,,,,,,,,,,,,
6/5/2024 2:30,0,2000,,,,,,,,,,,,,,,,,,
6/5/2024 2:15,0,2002,,,,,,,,,,,,,,,,,,
6/5/2024 2:00,0,2003,,,,,,,,,,,,,,,,,,
6/5/2024 1:45,0,1993,,,,,,,,,,,,,,,,,,
6/5/2024 1:30,0,1996,,,,,,,,,,,,,,,,,,
6/5/2024 1:15,0,1992,,,,,,,,,,,,,,,,,,
6/5/2024 1:00,0,1996,,,,,,,,,,,,,,,,,,
6/5/2024 0:45,0,1994,,,,,,,,,,,,,,,,,,
6/5/2024 0:30,0,1994,,,,,,,,,,,,,,,,,,
6/5/2024 0:15,0,1995,,,,,,,,,,,,,,,,,,
6/5/2024 0:00,0,1994,,,,,,,,,,,,,,,,,,
5/5/2024 23:45,0,1995,,,,,,,,,,,,,,,,,,
5/5/2024 23:30,0,1995,,,,,,,,,,,,,,,,,,
5/5/2024 23:15,0,1994,,,,,,,,,,,,,,,,,,
5/5/2024 23:00,0,1992,,,,,,,,,,,,,,,,,,
5/5/2024 22:45,0,1993,,,,,,,,,,,,,,,,,,
5/5/2024 22:30,0,1996,,,,,,,,,,,,,,,,,,
5/5/2024 22:15,0,1992,,,,,,,,,,,,,,,,,,
5/5/2024 22:00,0,1995,,,,,,,,,,,,,,,,,,
5/5/2024 21:45,0,1995,,,,,,,,,,,,,,,,,,
5/5/2024 21:30,0,1997,,,,,,,,,,,,,,,,,,
5/5/2024 21:15,0,1996,,,,,,,,,,,,,,,,,,
5/5/2024 21:00,0,1994,,,,,,,,,,,,,,,,,,
5/5/2024 20:45,0,1994,,,,,,,,,,,,,,,,,,
5/5/2024 20:30,0,1992,,,,,,,,,,,,,,,,,,
5/5/2024 20:15,0,1997,,,,,,,,,,,,,,,,,,
5/5/2024 20:00,0,2000,,,,,,,,,,,,,,,,,,
5/5/2024 19:45,0,1998,,,,,,,,,,,,,,,,,,
5/5/2024 19:30,0,1996,,,,,,,,,,,,,,,,,,
5/5/2024 19:15,0,1997,,,,,,,,,,,,,,,,,,
5/5/2024 19:00,0,2004,,,,,,,,,,,,,,,,,,
5/5/2024 18:45,0,1998,,,,,,,,,,,,,,,,,,
5/5/2024 18:30,0,1998,,,,,,,,,,,,,,,,,,
5/5/2024 18:15,0,1997,,,,,,,,,,,,,,,,,,
5/5/2024 18:00,0,1999,,,,,,,,,,,,,,,,,,
5/5/2024 17:45,0,1997,,,,,,,,,,,,,,,,,,
5/5/2024 17:30,0,2000,,,,,,,,,,,,,,,,,,
5/5/2024 17:15,0,1996,,,,,,,,,,,,,,,,,,
5/5/2024 17:00,0,1995,,,,,,,,,,,,,,,,,,
5/5/2024 16:45,0,1997,,,,,,,,,,,,,,,,,,
5/5/2024 16:30,0,1998,,,,,,,,,,,,,,,,,,
5/5/2024 16:15,0,1996,,,,,,,,,,,,,,,,,,
5/5/2024 16:00,0,1996,,,,,,,,,,,,,,,,,,
5/5/2024 15:45,0,1995,,,,,,,,,,,,,,,,,,
5/5/2024 15:30,0,1997,,,,,,,,,,,,,,,,,,
5/5/2024 15:15,0,1996,,,,,,,,,,,,,,,,,,
5/5/2024 15:00,0,1993,,,,,,,,,,,,,,,,,,
5/5/2024 14:45,0,1998,,,,,,,,,,,,,,,,,,
5/5/2024 14:30,0,1996,,,,,,,,,,,,,,,,,,
5/5/2024 14:15,0,1999,,,,,,,,,,,,,,,,,,
5/5/2024 14:00,0,1997,,,,,,,,,,,,,,,,,,
5/5/2024 13:45,0,1995,,,,,,,,,,,,,,,,,,
5/5/2024 13:30,0,1994,,,,,,,,,,,,,,,,,,
5/5/2024 13:15,0,1994,,,,,,,,,,,,,,,,,,
5/5/2024 13:00,0,1993,,,,,,,,,,,,,,,,,,
5/5/2024 12:45,0,1995,,,,,,,,,,,,,,,,,,
5/5/2024 12:30,0,1994,,,,,,,,,,,,,,,,,,
5/5/2024 12:15,0,1993,,,,,,,,,,,,,,,,,,
5/5/2024 12:00,0,1994,,,,,,,,,,,,,,,,,,
5/5/2024 11:45,0,1992,,,,,,,,,,,,,,,,,,
5/5/2024 11:30,0,1993,,,,,,,,,,,,,,,,,,
5/5/2024 11:15,0,1992,,,,,,,,,,,,,,,,,,
5/5/2024 11:00,0,1990,,,,,,,,,,,,,,,,,,
5/5/2024 10:45,0,1992,,,,,,,,,,,,,,,,,,
5/5/2024 10:30,0,1993,,,,,,,,,,,,,,,,,,
5/5/2024 10:15,0,1995,,,,,,,,,,,,,,,,,,
5/5/2024 10:00,0,1995,,,,,,,,,,,,,,,,,,
5/5/2024 9:45,0,1996,,,,,,,,,,,,,,,,,,
5/5/2024 9:30,0,1993,,,,,,,,,,,,,,,,,,
5/5/2024 9:15,0,1993,,,,,,,,,,,,,,,,,,
5/5/2024 9:00,0,1991,,,,,,,,,,,,,,,,,,
5/5/2024 8:45,0,,,,,,,,,,,,,,,,,,,
5/5/2024 8:30,0,,,,,,,,,,,,,,,,,,,
5/5/2024 8:15,0,,,,,,,,,,,,,,,,,,,
5/5/2024 8:00,0,1987,,,,,,,,,,,,,,,,,,
5/5/2024 7:45,0,1986,,,,,,,,,,,,,,,,,,
5/5/2024 7:30,0,1984,,,,,,,,,,,,,,,,,,
5/5/2024 7:15,0,1983,,,,,,,,,,,,,,,,,,
5/5/2024 7:00,0,1984,,,,,,,,,,,,,,,,,,
5/5/2024 6:45,0,1983,,,,,,,,,,,,,,,,,,
5/5/2024 6:30,0,1983,,,,,,,,,,,,,,,,,,
5/5/2024 6:15,0,1984,,,,,,,,,,,,,,,,,,
5/5/2024 6:00,0,1982,,,,,,,,,,,,,,,,,,
5/5/2024 5:45,0,1980,,,,,,,,,,,,,,,,,,
5/5/2024 5:30,0,1982,,,,,,,,,,,,,,,,,,
5/5/2024 5:15,0,1981,,,,,,,,,,,,,,,,,,
5/5/2024 5:00,0,1981,,,,,,,,,,,,,,,,,,
5/5/2024 4:45,0.2,1981,,,,,,,,,,,,,,,,,,
5/5/2024 4:30,0,1982,,,,,,,,,,,,,,,,,,
5/5/2024 4:15,0.2,1984,,,,,,,,,,,,,,,,,,
5/5/2024 4:00,0.6,1985,,,,,,,,,,,,,,,,,,
5/5/2024 3:45,0,1991,,,,,,,,,,,,,,,,,,
5/5/2024 3:30,0.2,1987,,,,,,,,,,,,,,,,,,
5/5/2024 3:15,0.2,1990,,,,,,,,,,,,,,,,,,
5/5/2024 3:00,9.6,1988,,,,,,,,,,,,,,,,,,
5/5/2024 2:45,1.6,1984,,,,,,,,,,,,,,,,,,
5/5/2024 2:30,0.4,1986,,,,,,,,,,,,,,,,,,
5/5/2024 2:15,0.4,1987,,,,,,,,,,,,,,,,,,
5/5/2024 2:00,0.2,1986,,,,,,,,,,,,,,,,,,
5/5/2024 1:45,4.4,1986,,,,,,,,,,,,,,,,,,
5/5/2024 1:30,5.2,1977,,,,,,,,,,,,,,,,,,
5/5/2024 1:15,1.4,1974,,,,,,,,,,,,,,,,,,
5/5/2024 1:00,3.8,1970,,,,,,,,,,,,,,,,,,
5/5/2024 0:45,4.4,1973,,,,,,,,,,,,,,,,,,
5/5/2024 0:30,7,1971,,,,,,,,,,,,,,,,,,
5/5/2024 0:15,4.8,1971,,,,,,,,,,,,,,,,,,
5/5/2024 0:00,1,1965,,,,,,,,,,,,,,,,,,
4/5/2024 23:45,1.8,1969,,,,,,,,,,,,,,,,,,
4/5/2024 23:30,1,1968,,,,,,,,,,,,,,,,,,
4/5/2024 23:15,0.6,1967,,,,,,,,,,,,,,,,,,
4/5/2024 23:00,2.4,1966,,,,,,,,,,,,,,,,,,
4/5/2024 22:45,3.8,1964,,,,,,,,,,,,,,,,,,
4/5/2024 22:30,2,1965,,,,,,,,,,,,,,,,,,
4/5/2024 22:15,0.6,1961,,,,,,,,,,,,,,,,,,
4/5/2024 22:00,1,1961,,,,,,,,,,,,,,,,,,
4/5/2024 21:45,0.4,1961,,,,,,,,,,,,,,,,,,
4/5/2024 21:30,0.2,1962,,,,,,,,,,,,,,,,,,
4/5/2024 21:15,0.4,1960,,,,,,,,,,,,,,,,,,
4/5/2024 21:00,0.4,1959,,,,,,,,,,,,,,,,,,
4/5/2024 20:45,0.8,1960,,,,,,,,,,,,,,,,,,
4/5/2024 20:30,0.8,1957,,,,,,,,,,,,,,,,,,
4/5/2024 20:15,1.2,1956,,,,,,,,,,,,,,,,,,
4/5/2024 20:00,0.2,1961,,,,,,,,,,,,,,,,,,
4/5/2024 19:45,0.6,1956,,,,,,,,,,,,,,,,,,
4/5/2024 19:30,0.2,1960,,,,,,,,,,,,,,,,,,
4/5/2024 19:15,0,1956,,,,,,,,,,,,,,,,,,
4/5/2024 19:00,0,1963,,,,,,,,,,,,,,,,,,
4/5/2024 18:45,0,1955,,,,,,,,,,,,,,,,,,
4/5/2024 18:30,0,1954,,,,,,,,,,,,,,,,,,
4/5/2024 18:15,0,1954,,,,,,,,,,,,,,,,,,
4/5/2024 18:00,0,1949,,,,,,,,,,,,,,,,,,
4/5/2024 17:45,0,1951,,,,,,,,,,,,,,,,,,
4/5/2024 17:30,0,1947,,,,,,,,,,,,,,,,,,
4/5/2024 17:15,0,1946,,,,,,,,,,,,,,,,,,
4/5/2024 17:00,0,1948,,,,,,,,,,,,,,,,,,
4/5/2024 16:45,0,1951,,,,,,,,,,,,,,,,,,
4/5/2024 16:30,0,1948,,,,,,,,,,,,,,,,,,
4/5/2024 16:15,0,1952,,,,,,,,,,,,,,,,,,
4/5/2024 16:00,0,1949,,,,,,,,,,,,,,,,,,
4/5/2024 15:45,0,1947,,,,,,,,,,,,,,,,,,
4/5/2024 15:30,0,1942,,,,,,,,,,,,,,,,,,
4/5/2024 15:15,0,1949,,,,,,,,,,,,,,,,,,
4/5/2024 15:00,0,1942,,,,,,,,,,,,,,,,,,
4/5/2024 14:45,0,1941,,,,,,,,,,,,,,,,,,
4/5/2024 14:30,0,1939,,,,,,,,,,,,,,,,,,
4/5/2024 14:15,0,1939,,,,,,,,,,,,,,,,,,
4/5/2024 14:00,0,1938,,,,,,,,,,,,,,,,,,
4/5/2024 13:45,0,1937,,,,,,,,,,,,,,,,,,
4/5/2024 13:30,0,1935,,,,,,,,,,,,,,,,,,
4/5/2024 13:15,0,1932,,,,,,,,,,,,,,,,,,
4/5/2024 13:00,0,1930,,,,,,,,,,,,,,,,,,
4/5/2024 12:45,0,1928,,,,,,,,,,,,,,,,,,
4/5/2024 12:30,0,1926,,,,,,,,,,,,,,,,,,
4/5/2024 12:15,0,1925,,,,,,,,,,,,,,,,,,
4/5/2024 12:00,0,1923,,,,,,,,,,,,,,,,,,
4/5/2024 11:45,0,1923,,,,,,,,,,,,,,,,,,
4/5/2024 11:30,0,1942,,,,,,,,,,,,,,,,,,
4/5/2024 11:15,0,1921,,,,,,,,,,,,,,,,,,
4/5/2024 11:00,0,1919,,,,,,,,,,,,,,,,,,
4/5/2024 10:45,0,1934,,,,,,,,,,,,,,,,,,
4/5/2024 10:30,0,1919,,,,,,,,,,,,,,,,,,
4/5/2024 10:15,0,1919,,,,,,,,,,,,,,,,,,
4/5/2024 10:00,0,1916,,,,,,,,,,,,,,,,,,
4/5/2024 9:45,0,1916,,,,,,,,,,,,,,,,,,
4/5/2024 9:30,0,1919,,,,,,,,,,,,,,,,,,
4/5/2024 9:15,0,,,,,,,,,,,,,,,,,,,
4/5/2024 9:00,0,,,,,,,,,,,,,,,,,,,
4/5/2024 8:45,0,,,,,,,,,,,,,,,,,,,
4/5/2024 8:30,0,,,,,,,,,,,,,,,,,,,
4/5/2024 8:15,0,,,,,,,,,,,,,,,,,,,
4/5/2024 8:00,0,,,,,,,,,,,,,,,,,,,
4/5/2024 7:45,0,,,,,,,,,,,,,,,,,,,
4/5/2024 7:30,0,,,,,,,,,,,,,,,,,,,
4/5/2024 7:15,0,,,,,,,,,,,,,,,,,,,
4/5/2024 7:00,0,,,,,,,,,,,,,,,,,,,
4/5/2024 6:45,0,,,,,,,,,,,,,,,,,,,
4/5/2024 6:30,0,,,,,,,,,,,,,,,,,,,
4/5/2024 6:15,0,,,,,,,,,,,,,,,,,,,
4/5/2024 6:00,0,,,,,,,,,,,,,,,,,,,
4/5/2024 5:45,0,,,,,,,,,,,,,,,,,,,
4/5/2024 5:30,0,,,,,,,,,,,,,,,,,,,
4/5/2024 5:15,0,,,,,,,,,,,,,,,,,,,
4/5/2024 5:00,0,,,,,,,,,,,,,,,,,,,
4/5/2024 4:45,0,,,,,,,,,,,,,,,,,,,
4/5/2024 4:30,0,,,,,,,,,,,,,,,,,,,
4/5/2024 4:15,0,,,,,,,,,,,,,,,,,,,
4/5/2024 4:00,0,,,,,,,,,,,,,,,,,,,
4/5/2024 3:45,0.2,,,,,,,,,,,,,,,,,,,
4/5/2024 3:30,0,,,,,,,,,,,,,,,,,,,
4/5/2024 3:15,0,,,,,,,,,,,,,,,,,,,
4/5/2024 3:00,0,,,,,,,,,,,,,,,,,,,
4/5/2024 2:45,0,,,,,,,,,,,,,,,,,,,
4/5/2024 2:30,0,,,,,,,,,,,,,,,,,,,
4/5/2024 2:15,0,,,,,,,,,,,,,,,,,,,
4/5/2024 2:00,0,,,,,,,,,,,,,,,,,,,
4/5/2024 1:45,0,,,,,,,,,,,,,,,,,,,
4/5/2024 1:30,0,,,,,,,,,,,,,,,,,,,
4/5/2024 1:15,0,,,,,,,,,,,,,,,,,,,
4/5/2024 1:00,0.2,,,,,,,,,,,,,,,,,,,
4/5/2024 0:45,0,,,,,,,,,,,,,,,,,,,
4/5/2024 0:30,0.2,,,,,,,,,,,,,,,,,,,
4/5/2024 0:15,0,1849,,,,,,,,,,,,,,,,,,
4/5/2024 0:00,0,1848,,,,,,,,,,,,,,,,,,
3/5/2024 23:45,0,1846,,,,,,,,,,,,,,,,,,
3/5/2024 23:30,0,1843,,,,,,,,,,,,,,,,,,
3/5/2024 23:15,0,1841,,,,,,,,,,,,,,,,,,
3/5/2024 23:00,0,1837,,,,,,,,,,,,,,,,,,
3/5/2024 22:45,0,1836,,,,,,,,,,,,,,,,,,
3/5/2024 22:30,0,1833,,,,,,,,,,,,,,,,,,
3/5/2024 22:15,0,1833,,,,,,,,,,,,,,,,,,
3/5/2024 22:00,0.2,1831,,,,,,,,,,,,,,,,,,
3/5/2024 21:45,0,1828,,,,,,,,,,,,,,,,,,
3/5/2024 21:30,0,1826,,,,,,,,,,,,,,,,,,
3/5/2024 21:15,0.2,1825,,,,,,,,,,,,,,,,,,
3/5/2024 21:00,0,1821,,,,,,,,,,,,,,,,,,
3/5/2024 20:45,0.2,1819,,,,,,,,,,,,,,,,,,
3/5/2024 20:30,0,1816,,,,,,,,,,,,,,,,,,
3/5/2024 20:15,0.2,1818,,,,,,,,,,,,,,,,,,
3/5/2024 20:00,0.4,1809,,,,,,,,,,,,,,,,,,
3/5/2024 19:45,0,1808,,,,,,,,,,,,,,,,,,
3/5/2024 19:30,0.4,1807,,,,,,,,,,,,,,,,,,
3/5/2024 19:15,0.2,1803,,,,,,,,,,,,,,,,,,
3/5/2024 19:00,0.4,1802,,,,,,,,,,,,,,,,,,
3/5/2024 18:45,0,1802,,,,,,,,,,,,,,,,,,
3/5/2024 18:30,0.2,1798,,,,,,,,,,,,,,,,,,
3/5/2024 18:15,0,1796,,,,,,,,,,,,,,,,,,
3/5/2024 18:00,0,1793,,,,,,,,,,,,,,,,,,
3/5/2024 17:45,0,1790,,,,,,,,,,,,,,,,,,
3/5/2024 17:30,0,1788,,,,,,,,,,,,,,,,,,
3/5/2024 17:15,0,1782,,,,,,,,,,,,,,,,,,
3/5/2024 17:00,0,1783,,,,,,,,,,,,,,,,,,
3/5/2024 16:45,0,1779,,,,,,,,,,,,,,,,,,
3/5/2024 16:30,0,1777,,,,,,,,,,,,,,,,,,
3/5/2024 16:15,0,1776,,,,,,,,,,,,,,,,,,
3/5/2024 16:00,0,1772,,,,,,,,,,,,,,,,,,
3/5/2024 15:45,0,1768,,,,,,,,,,,,,,,,,,
3/5/2024 15:30,0,1763,,,,,,,,,,,,,,,,,,
3/5/2024 15:15,0,1761,,,,,,,,,,,,,,,,,,
3/5/2024 15:00,0,1759,,,,,,,,,,,,,,,,,,
3/5/2024 14:45,0,1756,,,,,,,,,,,,,,,,,,
3/5/2024 14:30,0,1751,,,,,,,,,,,,,,,,,,
3/5/2024 14:15,0,1749,,,,,,,,,,,,,,,,,,
3/5/2024 14:00,0,1751,,,,,,,,,,,,,,,,,,
3/5/2024 13:45,0,1747,,,,,,,,,,,,,,,,,,
3/5/2024 13:30,0,1745,,,,,,,,,,,,,,,,,,
3/5/2024 13:15,0,1743,,,,,,,,,,,,,,,,,,
3/5/2024 13:00,0,1746,,,,,,,,,,,,,,,,,,
3/5/2024 12:45,0,1736,,,,,,,,,,,,,,,,,,
3/5/2024 12:30,0,1732,,,,,,,,,,,,,,,,,,
3/5/2024 12:15,0,1723,,,,,,,,,,,,,,,,,,
3/5/2024 12:00,0,1723,,,,,,,,,,,,,,,,,,
3/5/2024 11:45,0,1719,,,,,,,,,,,,,,,,,,
3/5/2024 11:30,0,1718,,,,,,,,,,,,,,,,,,
3/5/2024 11:15,0,1714,,,,,,,,,,,,,,,,,,
3/5/2024 11:00,0,1711,,,,,,,,,,,,,,,,,,
3/5/2024 10:45,0,1706,,,,,,,,,,,,,,,,,,
3/5/2024 10:30,0,1701,,,,,,,,,,,,,,,,,,
3/5/2024 10:15,0,1698,,,,,,,,,,,,,,,,,,
3/5/2024 10:00,0,1697,,,,,,,,,,,,,,,,,,
3/5/2024 9:45,0,1695,,,,,,,,,,,,,,,,,,
3/5/2024 9:30,0,1692,,,,,,,,,,,,,,,,,,
3/5/2024 9:15,0,,,,,,,,,,,,,,,,,,,
3/5/2024 9:00,0,,,,,,,,,,,,,,,,,,,
3/5/2024 8:45,0,,,,,,,,,,,,,,,,,,,
3/5/2024 8:30,0,,,,,,,,,,,,,,,,,,,
3/5/2024 8:15,0,,,,,,,,,,,,,,,,,,,
3/5/2024 8:00,0,,,,,,,,,,,,,,,,,,,
3/5/2024 7:45,0,,,,,,,,,,,,,,,,,,,
3/5/2024 7:30,0,,,,,,,,,,,,,,,,,,,
3/5/2024 7:15,0,,,,,,,,,,,,,,,,,,,
3/5/2024 7:00,0,,,,,,,,,,,,,,,,,,,
3/5/2024 6:45,0,,,,,,,,,,,,,,,,,,,
3/5/2024 6:30,0,,,,,,,,,,,,,,,,,,,
3/5/2024 6:15,0,,,,,,,,,,,,,,,,,,,
3/5/2024 6:00,0.2,,,,,,,,,,,,,,,,,,,
3/5/2024 5:45,0,,,,,,,,,,,,,,,,,,,
3/5/2024 5:30,0,,,,,,,,,,,,,,,,,,,
3/5/2024 5:15,0,,,,,,,,,,,,,,,,,,,
3/5/2024 5:00,0,,,,,,,,,,,,,,,,,,,
3/5/2024 4:45,0,,,,,,,,,,,,,,,,,,,
3/5/2024 4:30,0,,,,,,,,,,,,,,,,,,,
3/5/2024 4:15,0.2,,,,,,,,,,,,,,,,,,,
3/5/2024 4:00,0,,,,,,,,,,,,,,,,,,,
3/5/2024 3:45,0,,,,,,,,,,,,,,,,,,,
3/5/2024 3:30,0,,,,,,,,,,,,,,,,,,,
3/5/2024 3:15,0.2,,,,,,,,,,,,,,,,,,,
3/5/2024 3:00,0.4,,,,,,,,,,,,,,,,,,,
3/5/2024 2:45,0,,,,,,,,,,,,,,,,,,,
3/5/2024 2:30,0,,,,,,,,,,,,,,,,,,,
3/5/2024 2:15,0.2,,,,,,,,,,,,,,,,,,,
3/5/2024 2:00,0,,,,,,,,,,,,,,,,,,,
3/5/2024 1:45,0,,,,,,,,,,,,,,,,,,,
3/5/2024 1:30,0.2,,,,,,,,,,,,,,,,,,,
3/5/2024 1:15,0,,,,,,,,,,,,,,,,,,,
3/5/2024 1:00,0,,,,,,,,,,,,,,,,,,,
3/5/2024 0:45,0,,,,,,,,,,,,,,,,,,,
3/5/2024 0:30,0,,,,,,,,,,,,,,,,,,,
3/5/2024 0:15,0.2,,,,,,,,,,,,,,,,,,,
3/5/2024 0:00,0,,,,,,,,,,,,,,,,,,,
2/5/2024 23:45,0.2,,,,,,,,,,,,,,,,,,,
2/5/2024 23:30,0,,,,,,,,,,,,,,,,,,,
2/5/2024 23:15,0,,,,,,,,,,,,,,,,,,,
2/5/2024 23:00,0,,,,,,,,,,,,,,,,,,,
2/5/2024 22:45,0,,,,,,,,,,,,,,,,,,,
2/5/2024 22:30,0,,,,,,,,,,,,,,,,,,,
2/5/2024 22:15,0,,,,,,,,,,,,,,,,,,,
2/5/2024 22:00,0,,,,,,,,,,,,,,,,,,,
2/5/2024 21:45,0,,,,,,,,,,,,,,,,,,,
2/5/2024 21:30,0,,,,,,,,,,,,,,,,,,,
2/5/2024 21:15,0,,,,,,,,,,,,,,,,,,,
2/5/2024 21:00,0,,,,,,,,,,,,,,,,,,,
2/5/2024 20:45,0,,,,,,,,,,,,,,,,,,,
2/5/2024 20:30,0,,,,,,,,,,,,,,,,,,,
2/5/2024 20:15,0,,,,,,,,,,,,,,,,,,,
2/5/2024 20:00,0,,,,,,,,,,,,,,,,,,,
2/5/2024 19:45,0,,,,,,,,,,,,,,,,,,,
2/5/2024 19:30,0,,,,,,,,,,,,,,,,,,,
2/5/2024 19:15,0,,,,,,,,,,,,,,,,,,,
2/5/2024 19:00,0,,,,,,,,,,,,,,,,,,,
2/5/2024 18:45,0,,,,,,,,,,,,,,,,,,,
2/5/2024 18:30,0,,,,,,,,,,,,,,,,,,,
2/5/2024 18:15,0,,,,,,,,,,,,,,,,,,,
2/5/2024 18:00,0,,,,,,,,,,,,,,,,,,,
2/5/2024 17:45,0,,,,,,,,,,,,,,,,,,,
2/5/2024 17:30,0,,,,,,,,,,,,,,,,,,,
2/5/2024 17:15,0,1463,,,,,,,,,,,,,,,,,,
2/5/2024 17:00,0,1450,,,,,,,,,,,,,,,,,,
2/5/2024 16:45,0,1444,,,,,,,,,,,,,,,,,,
2/5/2024 16:30,0,1442,,,,,,,,,,,,,,,,,,
2/5/2024 16:15,0,1436,,,,,,,,,,,,,,,,,,
2/5/2024 16:00,0,1428,,,,,,,,,,,,,,,,,,
2/5/2024 15:45,0,1451,,,,,,,,,,,,,,,,,,
2/5/2024 15:30,0.2,1424,,,,,,,,,,,,,,,,,,
2/5/2024 15:15,0,1424,,,,,,,,,,,,,,,,,,
2/5/2024 15:00,0.8,1421,,,,,,,,,,,,,,,,,,
2/5/2024 14:45,0.2,1417,,,,,,,,,,,,,,,,,,
2/5/2024 14:30,0,1412,,,,,,,,,,,,,,,,,,
2/5/2024 14:15,0.4,1409,,,,,,,,,,,,,,,,,,
2/5/2024 14:00,0,1402,,,,,,,,,,,,,,,,,,
2/5/2024 13:45,0.4,1398,,,,,,,,,,,,,,,,,,
2/5/2024 13:30,0,1395,,,,,,,,,,,,,,,,,,
2/5/2024 13:15,0.2,1392,,,,,,,,,,,,,,,,,,
2/5/2024 13:00,0,1391,,,,,,,,,,,,,,,,,,
2/5/2024 12:45,0.2,1389,,,,,,,,,,,,,,,,,,
2/5/2024 12:30,0,1386,,,,,,,,,,,,,,,,,,
2/5/2024 12:15,0.2,1379,,,,,,,,,,,,,,,,,,
2/5/2024 12:00,0,1379,,,,,,,,,,,,,,,,,,
2/5/2024 11:45,0.2,1375,,,,,,,,,,,,,,,,,,
2/5/2024 11:30,0,1371,,,,,,,,,,,,,,,,,,
2/5/2024 11:15,0.4,1367,,,,,,,,,,,,,,,,,,
2/5/2024 11:00,0.2,,,,,,,,,,,,,,,,,,,
2/5/2024 10:45,0.4,,,,,,,,,,,,,,,,,,,
2/5/2024 10:30,0,,,,,,,,,,,,,,,,,,,
2/5/2024 10:15,0,,,,,,,,,,,,,,,,,,,
2/5/2024 10:00,0,,,,,,,,,,,,,,,,,,,
2/5/2024 9:45,0,,,,,,,,,,,,,,,,,,,
2/5/2024 9:30,0,,,,,,,,,,,,,,,,,,,
2/5/2024 9:15,0,,,,,,,,,,,,,,,,,,,
2/5/2024 9:00,0,,,,,,,,,,,,,,,,,,,
2/5/2024 8:45,0,,,,,,,,,,,,,,,,,,,
2/5/2024 8:30,0,,,,,,,,,,,,,,,,,,,
2/5/2024 8:15,0,,,,,,,,,,,,,,,,,,,
2/5/2024 8:00,0,,,,,,,,,,,,,,,,,,,
2/5/2024 7:45,0,,,,,,,,,,,,,,,,,,,
2/5/2024 7:30,0,,,,,,,,,,,,,,,,,,,
2/5/2024 7:15,0,,,,,,,,,,,,,,,,,,,
2/5/2024 7:00,0,,,,,,,,,,,,,,,,,,,
2/5/2024 6:45,0,,,,,,,,,,,,,,,,,,,
2/5/2024 6:30,0,,,,,,,,,,,,,,,,,,,
2/5/2024 6:15,0,,,,,,,,,,,,,,,,,,,
2/5/2024 6:00,0,,,,,,,,,,,,,,,,,,,
2/5/2024 5:45,0,,,,,,,,,,,,,,,,,,,
2/5/2024 5:30,0,,,,,,,,,,,,,,,,,,,
2/5/2024 5:15,0,,,,,,,,,,,,,,,,,,,
2/5/2024 5:00,0,,,,,,,,,,,,,,,,,,,
2/5/2024 4:45,0,,,,,,,,,,,,,,,,,,,
2/5/2024 4:30,0,,,,,,,,,,,,,,,,,,,
2/5/2024 4:15,0.4,,,,,,,,,,,,,,,,,,,
2/5/2024 4:00,0.4,,,,,,,,,,,,,,,,,,,
2/5/2024 3:45,0.4,,,,,,,,,,,,,,,,,,,
2/5/2024 3:30,0.4,,,,,,,,,,,,,,,,,,,
2/5/2024 3:15,1.2,,,,,,,,,,,,,,,,,,,
2/5/2024 3:00,1.2,,,,,,,,,,,,,,,,,,,
2/5/2024 2:45,1.6,,,,,,,,,,,,,,,,,,,
2/5/2024 2:30,1.2,,,,,,,,,,,,,,,,,,,
2/5/2024 2:15,1.6,,,,,,,,,,,,,,,,,,,
2/5/2024 2:00,0.8,,,,,,,,,,,,,,,,,,,
2/5/2024 1:45,0.6,,,,,,,,,,,,,,,,,,,
2/5/2024 1:30,0.4,,,,,,,,,,,,,,,,,,,
2/5/2024 1:15,0.6,,,,,,,,,,,,,,,,,,,
2/5/2024 1:00,0,,,,,,,,,,,,,,,,,,,
2/5/2024 0:45,0.6,,,,,,,,,,,,,,,,,,,
2/5/2024 0:30,1.2,,,,,,,,,,,,,,,,,,,
2/5/2024 0:15,0.8,,,,,,,,,,,,,,,,,,,
2/5/2024 0:00,0.6,,,,,,,,,,,,,,,,,,,
1/5/2024 23:45,2,,,,,,,,,,,,,,,,,,,
1/5/2024 23:30,0.8,,,,,,,,,,,,,,,,,,,
1/5/2024 23:15,0.2,,,,,,,,,,,,,,,,,,,
1/5/2024 23:00,2.6,,,,,,,,,,,,,,,,,,,
1/5/2024 22:45,1.6,,,,,,,,,,,,,,,,,,,
1/5/2024 22:30,1.2,,,,,,,,,,,,,,,,,,,
1/5/2024 22:15,0,,,,,,,,,,,,,,,,,,,
1/5/2024 22:00,0,,,,,,,,,,,,,,,,,,,
1/5/2024 21:45,0.4,,,,,,,,,,,,,,,,,,,
1/5/2024 21:30,0.4,,,,,,,,,,,,,,,,,,,
1/5/2024 21:15,0,,,,,,,,,,,,,,,,,,,
1/5/2024 21:00,0.8,,,,,,,,,,,,,,,,,,,
1/5/2024 20:45,1.2,,,,,,,,,,,,,,,,,,,
1/5/2024 20:30,0,,,,,,,,,,,,,,,,,,,
1/5/2024 20:15,0,,,,,,,,,,,,,,,,,,,
1/5/2024 20:00,0,,,,,,,,,,,,,,,,,,,
1/5/2024 19:45,0,,,,,,,,,,,,,,,,,,,
1/5/2024 19:30,0,,,,,,,,,,,,,,,,,,,
1/5/2024 19:15,0.2,,,,,,,,,,,,,,,,,,,
1/5/2024 19:00,0.6,,,,,,,,,,,,,,,,,,,
1/5/2024 18:45,1.4,,,,,,,,,,,,,,,,,,,
1/5/2024 18:30,1.6,,,,,,,,,,,,,,,,,,,
1/5/2024 18:15,0.2,,,,,,,,,,,,,,,,,,,
1/5/2024 18:00,0.2,,,,,,,,,,,,,,,,,,,
1/5/2024 17:45,0.2,,,,,,,,,,,,,,,,,,,
1/5/2024 17:30,0.2,,,,,,,,,,,,,,,,,,,
1/5/2024 17:15,0.2,,,,,,,,,,,,,,,,,,,
1/5/2024 17:00,0.6,,,,,,,,,,,,,,,,,,,
1/5/2024 16:45,0.6,,,,,,,,,,,,,,,,,,,
1/5/2024 16:30,1,,,,,,,,,,,,,,,,,,,
1/5/2024 16:15,1.4,,,,,,,,,,,,,,,,,,,
1/5/2024 16:00,1.6,,,,,,,,,,,,,,,,,,,
1/5/2024 15:45,1.2,,,,,,,,,,,,,,,,,,,
1/5/2024 15:30,2,,,,,,,,,,,,,,,,,,,
1/5/2024 15:15,1.4,,,,,,,,,,,,,,,,,,,
1/5/2024 15:00,1.2,,,,,,,,,,,,,,,,,,,
1/5/2024 14:45,0.4,,,,,,,,,,,,,,,,,,,
1/5/2024 14:30,1,,,,,,,,,,,,,,,,,,,
1/5/2024 14:15,0.6,,,,,,,,,,,,,,,,,,,
1/5/2024 14:00,2.6,,,,,,,,,,,,,,,,,,,
1/5/2024 13:45,1.6,,,,,,,,,,,,,,,,,,,
1/5/2024 13:30,1.2,,,,,,,,,,,,,,,,,,,
1/5/2024 13:15,1.4,,,,,,,,,,,,,,,,,,,
1/5/2024 13:00,1.4,,,,,,,,,,,,,,,,,,,
1/5/2024 12:45,0.8,,,,,,,,,,,,,,,,,,,
1/5/2024 12:30,1.4,,,,,,,,,,,,,,,,,,,
1/5/2024 12:15,2.2,,,,,,,,,,,,,,,,,,,
1/5/2024 12:00,2.2,,,,,,,,,,,,,,,,,,,
1/5/2024 11:45,0.8,,,,,,,,,,,,,,,,,,,
1/5/2024 11:30,0.4,,,,,,,,,,,,,,,,,,,
1/5/2024 11:15,0.6,,,,,,,,,,,,,,,,,,,
1/5/2024 11:00,0.6,,,,,,,,,,,,,,,,,,,
1/5/2024 10:45,0.6,,,,,,,,,,,,,,,,,,,
1/5/2024 10:30,0.6,,,,,,,,,,,,,,,,,,,
1/5/2024 10:15,0.8,,,,,,,,,,,,,,,,,,,
1/5/2024 10:00,0.2,,,,,,,,,,,,,,,,,,,
1/5/2024 9:45,0.8,,,,,,,,,,,,,,,,,,,
1/5/2024 9:30,0.4,,,,,,,,,,,,,,,,,,,
1/5/2024 9:15,0.4,,,,,,,,,,,,,,,,,,,
1/5/2024 9:00,0.2,,,,,,,,,,,,,,,,,,,
1/5/2024 8:45,0.2,,,,,,,,,,,,,,,,,,,
1/5/2024 8:30,0.4,,,,,,,,,,,,,,,,,,,
1/5/2024 8:15,0.2,,,,,,,,,,,,,,,,,,,
1/5/2024 8:00,0,,,,,,,,,,,,,,,,,,,
1/5/2024 7:45,0,,,,,,,,,,,,,,,,,,,
1/5/2024 7:30,0.2,,,,,,,,,,,,,,,,,,,
1/5/2024 7:15,0.4,,,,,,,,,,,,,,,,,,,
1/5/2024 7:00,0,,,,,,,,,,,,,,,,,,,
1/5/2024 6:45,0,,,,,,,,,,,,,,,,,,,
1/5/2024 6:30,0,,,,,,,,,,,,,,,,,,,
1/5/2024 6:15,0,,,,,,,,,,,,,,,,,,,
1/5/2024 6:00,0.4,,,,,,,,,,,,,,,,,,,
1/5/2024 5:45,0,,,,,,,,,,,,,,,,,,,
1/5/2024 5:30,0,,,,,,,,,,,,,,,,,,,
1/5/2024 5:15,0,,,,,,,,,,,,,,,,,,,
1/5/2024 5:00,0,,,,,,,,,,,,,,,,,,,
1/5/2024 4:45,0.4,,,,,,,,,,,,,,,,,,,
1/5/2024 4:30,0,,,,,,,,,,,,,,,,,,,
1/5/2024 4:15,0,,,,,,,,,,,,,,,,,,,
1/5/2024 4:00,0.2,,,,,,,,,,,,,,,,,,,
1/5/2024 3:45,0.4,,,,,,,,,,,,,,,,,,,
1/5/2024 3:30,3,,,,,,,,,,,,,,,,,,,
1/5/2024 3:15,3.2,,,,,,,,,,,,,,,,,,,
1/5/2024 3:00,4,,,,,,,,,,,,,,,,,,,
1/5/2024 2:45,1.8,,,,,,,,,,,,,,,,,,,
1/5/2024 2:30,0,,,,,,,,,,,,,,,,,,,
1/5/2024 2:15,0,,,,,,,,,,,,,,,,,,,
1/5/2024 2:00,0.2,,,,,,,,,,,,,,,,,,,
1/5/2024 1:45,0,,,,,,,,,,,,,,,,,,,
1/5/2024 1:30,0.2,,,,,,,,,,,,,,,,,,,
1/5/2024 1:15,0,,,,,,,,,,,,,,,,,,,
1/5/2024 1:00,0,,,,,,,,,,,,,,,,,,,
1/5/2024 0:45,0,,,,,,,,,,,,,,,,,,,
1/5/2024 0:30,0,,,,,,,,,,,,,,,,,,,
1/5/2024 0:15,0,,,,,,,,,,,,,,,,,,,
1/5/2024 0:00,0.2,,,,,,,,,,,,,,,,,,,
30/04/2024 23:45:00,0,,,,,,,,,,,,,,,,,,,
30/04/2024 23:30:00,0,,,,,,,,,,,,,,,,,,,
30/04/2024 23:15:00,0.2,,,,,,,,,,,,,,,,,,,
30/04/2024 23:00:00,0.4,,,,,,,,,,,,,,,,,,,
30/04/2024 22:45:00,0,,,,,,,,,,,,,,,,,,,
30/04/2024 22:30:00,0,,,,,,,,,,,,,,,,,,,
30/04/2024 22:15:00,0,,,,,,,,,,,,,,,,,,,
30/04/2024 22:00:00,0,,,,,,,,,,,,,,,,,,,
30/04/2024 21:45:00,1.4,,,,,,,,,,,,,,,,,,,
30/04/2024 21:30:00,0,,,,,,,,,,,,,,,,,,,
30/04/2024 21:15:00,0.2,,,,,,,,,,,,,,,,,,,
30/04/2024 21:00:00,0.2,,,,,,,,,,,,,,,,,,,
30/04/2024 20:45:00,0,,,,,,,,,,,,,,,,,,,
30/04/2024 20:30:00,0,,,,,,,,,,,,,,,,,,,
30/04/2024 20:15:00,0.2,,,,,,,,,,,,,,,,,,,
30/04/2024 20:00:00,1.2,,,,,,,,,,,,,,,,,,,
30/04/2024 19:45:00,0.2,,,,,,,,,,,,,,,,,,,
30/04/2024 19:30:00,0,,,,,,,,,,,,,,,,,,,
30/04/2024 19:15:00,0,,,,,,,,,,,,,,,,,,,
30/04/2024 19:00:00,0.2,,,,,,,,,,,,,,,,,,,
30/04/2024 18:45:00,1,,,,,,,,,,,,,,,,,,,
30/04/2024 18:30:00,0.2,,,,,,,,,,,,,,,,,,,
30/04/2024 18:15:00,4,,,,,,,,,,,,,,,,,,,
30/04/2024 18:00:00,0.6,,,,,,,,,,,,,,,,,,,
30/04/2024 17:45:00,0.2,,,,,,,,,,,,,,,,,,,
30/04/2024 17:30:00,0.6,,,,,,,,,,,,,,,,,,,
30/04/2024 17:15:00,0.2,,,,,,,,,,,,,,,,,,,
30/04/2024 17:00:00,0.4,771,,,,,,,,,,,,,,,,,,
30/04/2024 16:45:00,0,,,,,,,,,,,,,,,,,,,
30/04/2024 16:30:00,0.4,,,,,,,,,,,,,,,,,,,
30/04/2024 16:15:00,1.4,,,,,,,,,,,,,,,,,,,
30/04/2024 16:00:00,3.8,,,,,,,,,,,,,,,,,,,
30/04/2024 15:45:00,0.8,,,,,,,,,,,,,,,,,,,
30/04/2024 15:30:00,1,,,,,,,,,,,,,,,,,,,
30/04/2024 15:15:00,1,,,,,,,,,,,,,,,,,,,
30/04/2024 15:00:00,1.2,,,,,,,,,,,,,,,,,,,
30/04/2024 14:45:00,0.4,,,,,,,,,,,,,,,,,,,
30/04/2024 14:30:00,0.6,,,,,,,,,,,,,,,,,,,
30/04/2024 14:15:00,0.6,,,,,,,,,,,,,,,,,,,
30/04/2024 14:00:00,1.4,,,,,,,,,,,,,,,,,,,
30/04/2024 13:45:00,0.4,,,,,,,,,,,,,,,,,,,
30/04/2024 13:30:00,1,,,,,,,,,,,,,,,,,,,
30/04/2024 13:15:00,0.8,,,,,,,,,,,,,,,,,,,
30/04/2024 13:00:00,1.2,,,,,,,,,,,,,,,,,,,
30/04/2024 12:45:00,0.6,,,,,,,,,,,,,,,,,,,
30/04/2024 12:30:00,0.4,,,,,,,,,,,,,,,,,,,
30/04/2024 12:15:00,0.2,,,,,,,,,,,,,,,,,,,
30/04/2024 12:00:00,0.6,,,,,,,,,,,,,,,,,,,
30/04/2024 11:45:00,0.8,,,,,,,,,,,,,,,,,,,
30/04/2024 11:30:00,0.6,,,,,,,,,,,,,,,,,,,
30/04/2024 11:15:00,0.6,,,,,,,,,,,,,,,,,,,
30/04/2024 11:00:00,0.2,,,,,,,,,,,,,,,,,,,
30/04/2024 10:45:00,0,,,,,,,,,,,,,,,,,,,
30/04/2024 10:30:00,0.4,,,,,,,,,,,,,,,,,,,
30/04/2024 10:15:00,0,,,,,,,,,,,,,,,,,,,
30/04/2024 10:00:00,0,,,,,,,,,,,,,,,,,,,
30/04/2024 09:45:00,0.2,703,,,,,,,,,,,,,,,,,,
30/04/2024 09:30:00,1.6,,,,,,,,,,,,,,,,,,,
30/04/2024 09:15:00,3.2,,,,,,,,,,,,,,,,,,,
30/04/2024 09:00:00,1.6,,,,,,,,,,,,,,,,,,,
30/04/2024 08:45:00,0.8,,,,,,,,,,,,,,,,,,,
30/04/2024 08:30:00,0.4,,,,,,,,,,,,,,,,,,,
30/04/2024 08:15:00,0.8,,,,,,,,,,,,,,,,,,,
30/04/2024 08:00:00,1,,,,,,,,,,,,,,,,,,,
30/04/2024 07:45:00,0.4,,,,,,,,,,,,,,,,,,,
30/04/2024 07:30:00,0,,,,,,,,,,,,,,,,,,,
30/04/2024 07:15:00,0.6,,,,,,,,,,,,,,,,,,,
30/04/2024 07:00:00,0.6,,,,,,,,,,,,,,,,,,,
30/04/2024 06:45:00,0.4,,,,,,,,,,,,,,,,,,,
30/04/2024 06:30:00,0.8,,,,,,,,,,,,,,,,,,,
30/04/2024 06:15:00,0.6,,,,,,,,,,,,,,,,,,,
30/04/2024 06:00:00,0,,,,,,,,,,,,,,,,,,,
30/04/2024 05:45:00,0.4,,,,,,,,,,,,,,,,,,,
30/04/2024 05:30:00,0.8,,,,,,,,,,,,,,,,,,,
30/04/2024 05:15:00,1.6,,,,,,,,,,,,,,,,,,,
30/04/2024 05:00:00,1,,,,,,,,,,,,,,,,,,,
30/04/2024 04:45:00,1,,,,,,,,,,,,,,,,,,,
30/04/2024 04:30:00,1,,,,,,,,,,,,,,,,,,,
30/04/2024 04:15:00,1.8,,,,,,,,,,,,,,,,,,,
30/04/2024 04:00:00,1.2,,,,,,,,,,,,,,,,,,,
30/04/2024 03:45:00,0.6,,,,,,,,,,,,,,,,,,,
30/04/2024 03:30:00,1.6,,,,,,,,,,,,,,,,,,,
30/04/2024 03:15:00,0.2,,,,,,,,,,,,,,,,,,,
30/04/2024 03:00:00,0.8,,,,,,,,,,,,,,,,,,,
30/04/2024 02:45:00,3.6,,,,,,,,,,,,,,,,,,,
30/04/2024 02:30:00,6.4,,,,,,,,,,,,,,,,,,,
30/04/2024 02:15:00,5.6,,,,,,,,,,,,,,,,,,,
30/04/2024 02:00:00,0,,,,,,,,,,,,,,,,,,,
30/04/2024 01:45:00,0.2,,,,,,,,,,,,,,,,,,,
30/04/2024 01:30:00,4.8,,,,,,,,,,,,,,,,,,,
30/04/2024 01:15:00,0,,,,,,,,,,,,,,,,,,,
30/04/2024 01:00:00,0,,,,,,,,,,,,,,,,,,,
30/04/2024 00:45:00,0.4,,,,,,,,,,,,,,,,,,,
30/04/2024 00:30:00,0,,,,,,,,,,,,,,,,,,,
30/04/2024 00:15:00,0.2,,,,,,,,,,,,,,,,,,,
30/04/2024 00:00:00,0.8,,,,,,,,,,,,,,,,,,,
29/04/2024 23:45:00,0,,,,,,,,,,,,,,,,,,,
29/04/2024 23:30:00,0.2,,,,,,,,,,,,,,,,,,,
29/04/2024 23:15:00,0.6,,,,,,,,,,,,,,,,,,,
29/04/2024 23:00:00,1.6,,,,,,,,,,,,,,,,,,,
29/04/2024 22:45:00,1.8,,,,,,,,,,,,,,,,,,,
29/04/2024 22:30:00,1.6,,,,,,,,,,,,,,,,,,,
29/04/2024 22:15:00,0.4,,,,,,,,,,,,,,,,,,,
29/04/2024 22:00:00,0,,,,,,,,,,,,,,,,,,,
29/04/2024 21:45:00,0,,,,,,,,,,,,,,,,,,,
29/04/2024 21:30:00,0.2,,,,,,,,,,,,,,,,,,,
29/04/2024 21:15:00,0.2,,,,,,,,,,,,,,,,,,,
29/04/2024 21:00:00,0,,,,,,,,,,,,,,,,,,,
29/04/2024 20:45:00,0,,,,,,,,,,,,,,,,,,,
29/04/2024 20:30:00,0,,,,,,,,,,,,,,,,,,,
29/04/2024 20:15:00,0.2,593,,,,,,,,,,,,,,,,,,
29/04/2024 20:00:00,0.8,592,,,,,,,,,,,,,,,,,,
29/04/2024 19:45:00,0,590,,,,,,,,,,,,,,,,,,
29/04/2024 19:30:00,3.4,589,,,,,,,,,,,,,,,,,,
29/04/2024 19:15:00,1,588,,,,,,,,,,,,,,,,,,
29/04/2024 19:00:00,0,587,,,,,,,,,,,,,,,,,,
29/04/2024 18:45:00,0.4,585,,,,,,,,,,,,,,,,,,
29/04/2024 18:30:00,0,583,,,,,,,,,,,,,,,,,,
29/04/2024 18:15:00,0,581,,,,,,,,,,,,,,,,,,
29/04/2024 18:00:00,0.2,581,,,,,,,,,,,,,,,,,,
29/04/2024 17:45:00,0,578,,,,,,,,,,,,,,,,,,
29/04/2024 17:30:00,0.2,578,,,,,,,,,,,,,,,,,,
29/04/2024 17:15:00,0,577,,,,,,,,,,,,,,,,,,
29/04/2024 17:00:00,2.2,575,,,,,,,,,,,,,,,,,,
29/04/2024 16:45:00,1.2,573,,,,,,,,,,,,,,,,,,
29/04/2024 16:30:00,0.4,572,,,,,,,,,,,,,,,,,,
29/04/2024 16:15:00,0.6,571,,,,,,,,,,,,,,,,,,
29/04/2024 16:00:00,4.2,569,,,,,,,,,,,,,,,,,,
29/04/2024 15:45:00,12.4,566,,,,,,,,,,,,,,,,,,
29/04/2024 15:30:00,0,566,,,,,,,,,,,,,,,,,,
29/04/2024 15:15:00,0,565,,,,,,,,,,,,,,,,,,
29/04/2024 15:00:00,0,564,,,,,,,,,,,,,,,,,,
29/04/2024 14:45:00,0.6,562,,,,,,,,,,,,,,,,,,
29/04/2024 14:30:00,0.2,562,,,,,,,,,,,,,,,,,,
29/04/2024 14:15:00,2.6,561,,,,,,,,,,,,,,,,,,
29/04/2024 14:00:00,3.4,561,,,,,,,,,,,,,,,,,,
29/04/2024 13:45:00,2.4,575,,,,,,,,,,,,,,,,,,
29/04/2024 13:30:00,0,562,,,,,,,,,,,,,,,,,,
29/04/2024 13:15:00,0.2,562,,,,,,,,,,,,,,,,,,
29/04/2024 13:00:00,0,561,,,,,,,,,,,,,,,,,,
29/04/2024 12:45:00,0.4,562,,,,,,,,,,,,,,,,,,
29/04/2024 12:30:00,0.6,560,,,,,,,,,,,,,,,,,,
29/04/2024 12:15:00,1.6,559,,,,,,,,,,,,,,,,,,
29/04/2024 12:00:00,1.6,556,,,,,,,,,,,,,,,,,,
29/04/2024 11:45:00,0.8,556,,,,,,,,,,,,,,,,,,
29/04/2024 11:30:00,0,556,,,,,,,,,,,,,,,,,,
29/04/2024 11:15:00,0.2,556,,,,,,,,,,,,,,,,,,
29/04/2024 11:00:00,0,553,,,,,,,,,,,,,,,,,,
29/04/2024 10:45:00,0,552,,,,,,,,,,,,,,,,,,
29/04/2024 10:30:00,0,553,,,,,,,,,,,,,,,,,,
29/04/2024 10:15:00,0,551,,,,,,,,,,,,,,,,,,
29/04/2024 10:00:00,0.2,551,,,,,,,,,,,,,,,,,,
29/04/2024 09:45:00,0,550,,,,,,,,,,,,,,,,,,
29/04/2024 09:30:00,0.6,550,,,,,,,,,,,,,,,,,,
29/04/2024 09:15:00,8.8,549,,,,,,,,,,,,,,,,,,
29/04/2024 09:00:00,9.8,546,,,,,,,,,,,,,,,,,,
29/04/2024 08:45:00,3,548,,,,,,,,,,,,,,,,,,
29/04/2024 08:30:00,0.6,546,,,,,,,,,,,,,,,,,,
29/04/2024 08:15:00,0,549,,,,,,,,,,,,,,,,,,
29/04/2024 08:00:00,3,544,,,,,,,,,,,,,,,,,,
29/04/2024 07:45:00,0,545,,,,,,,,,,,,,,,,,,
29/04/2024 07:30:00,0,545,,,,,,,,,,,,,,,,,,
29/04/2024 07:15:00,0,545,,,,,,,,,,,,,,,,,,
29/04/2024 07:00:00,0,547,,,,,,,,,,,,,,,,,,
29/04/2024 06:45:00,0,548,,,,,,,,,,,,,,,,,,
29/04/2024 06:30:00,0,544,,,,,,,,,,,,,,,,,,
29/04/2024 06:15:00,0,543,,,,,,,,,,,,,,,,,,
29/04/2024 06:00:00,0,543,,,,,,,,,,,,,,,,,,
29/04/2024 05:45:00,0,543,,,,,,,,,,,,,,,,,,
29/04/2024 05:30:00,0,542,,,,,,,,,,,,,,,,,,
29/04/2024 05:15:00,0,542,,,,,,,,,,,,,,,,,,
29/04/2024 05:00:00,0,542,,,,,,,,,,,,,,,,,,
29/04/2024 04:45:00,0,541,,,,,,,,,,,,,,,,,,
29/04/2024 04:30:00,0,541,,,,,,,,,,,,,,,,,,
29/04/2024 04:15:00,0,541,,,,,,,,,,,,,,,,,,
29/04/2024 04:00:00,0,540,,,,,,,,,,,,,,,,,,
29/04/2024 03:45:00,0,541,,,,,,,,,,,,,,,,,,
29/04/2024 03:30:00,0,539,,,,,,,,,,,,,,,,,,
29/04/2024 03:15:00,0,539,,,,,,,,,,,,,,,,,,
29/04/2024 03:00:00,0,539,,,,,,,,,,,,,,,,,,
29/04/2024 02:45:00,0,539,,,,,,,,,,,,,,,,,,
29/04/2024 02:30:00,0,539,,,,,,,,,,,,,,,,,,
29/04/2024 02:15:00,0,538,,,,,,,,,,,,,,,,,,
29/04/2024 02:00:00,0,537,,,,,,,,,,,,,,,,,,
29/04/2024 01:45:00,0,537,,,,,,,,,,,,,,,,,,
29/04/2024 01:30:00,0,536,,,,,,,,,,,,,,,,,,
29/04/2024 01:15:00,0,536,,,,,,,,,,,,,,,,,,
29/04/2024 01:00:00,0,536,,,,,,,,,,,,,,,,,,
29/04/2024 00:45:00,0,534,,,,,,,,,,,,,,,,,,
29/04/2024 00:30:00,0,534,,,,,,,,,,,,,,,,,,
29/04/2024 00:15:00,0,534,,,,,,,,,,,,,,,,,,
29/04/2024 00:00:00,0,533,,,,,,,,,,,,,,,,,,
28/04/2024 23:45:00,0,533,,,,,,,,,,,,,,,,,,
28/04/2024 23:30:00,0,531,,,,,,,,,,,,,,,,,,
28/04/2024 23:15:00,0,532,,,,,,,,,,,,,,,,,,
28/04/2024 23:00:00,0,532,,,,,,,,,,,,,,,,,,
28/04/2024 22:45:00,0,532,,,,,,,,,,,,,,,,,,
28/04/2024 22:30:00,0,532,,,,,,,,,,,,,,,,,,
28/04/2024 22:15:00,0,532,,,,,,,,,,,,,,,,,,
28/04/2024 22:00:00,0,530,,,,,,,,,,,,,,,,,,
28/04/2024 21:45:00,0,528,,,,,,,,,,,,,,,,,,
28/04/2024 21:30:00,0,528,,,,,,,,,,,,,,,,,,
28/04/2024 21:15:00,0,529,,,,,,,,,,,,,,,,,,
28/04/2024 21:00:00,0,528,,,,,,,,,,,,,,,,,,
28/04/2024 20:45:00,0,527,,,,,,,,,,,,,,,,,,
28/04/2024 20:30:00,0,527,,,,,,,,,,,,,,,,,,
28/04/2024 20:15:00,0,527,,,,,,,,,,,,,,,,,,
28/04/2024 20:00:00,0,526,,,,,,,,,,,,,,,,,,
28/04/2024 19:45:00,0,525,,,,,,,,,,,,,,,,,,
28/04/2024 19:30:00,0,525,,,,,,,,,,,,,,,,,,
28/04/2024 19:15:00,0,525,,,,,,,,,,,,,,,,,,
28/04/2024 19:00:00,0,525,,,,,,,,,,,,,,,,,,
28/04/2024 18:45:00,0,525,,,,,,,,,,,,,,,,,,
28/04/2024 18:30:00,0,524,,,,,,,,,,,,,,,,,,
28/04/2024 18:15:00,0,522,,,,,,,,,,,,,,,,,,
28/04/2024 18:00:00,0,523,,,,,,,,,,,,,,,,,,
28/04/2024 17:45:00,0,521,,,,,,,,,,,,,,,,,,
28/04/2024 17:30:00,0,523,,,,,,,,,,,,,,,,,,
28/04/2024 17:15:00,0,521,,,,,,,,,,,,,,,,,,
28/04/2024 17:00:00,0,521,,,,,,,,,,,,,,,,,,
28/04/2024 16:45:00,0,520,,,,,,,,,,,,,,,,,,
28/04/2024 16:30:00,0,520,,,,,,,,,,,,,,,,,,
28/04/2024 16:15:00,0,519,,,,,,,,,,,,,,,,,,
28/04/2024 16:00:00,0,518,,,,,,,,,,,,,,,,,,
28/04/2024 15:45:00,0,519,,,,,,,,,,,,,,,,,,
28/04/2024 15:30:00,0,519,,,,,,,,,,,,,,,,,,
28/04/2024 15:15:00,0,517,,,,,,,,,,,,,,,,,,
28/04/2024 15:00:00,0,516,,,,,,,,,,,,,,,,,,
28/04/2024 14:45:00,0,517,,,,,,,,,,,,,,,,,,
28/04/2024 14:30:00,0,517,,,,,,,,,,,,,,,,,,
28/04/2024 14:15:00,0,516,,,,,,,,,,,,,,,,,,
28/04/2024 14:00:00,0,516,,,,,,,,,,,,,,,,,,
28/04/2024 13:45:00,0,514,,,,,,,,,,,,,,,,,,
28/04/2024 13:30:00,0,515,,,,,,,,,,,,,,,,,,
28/04/2024 13:15:00,0,513,,,,,,,,,,,,,,,,,,
28/04/2024 13:00:00,0,514,,,,,,,,,,,,,,,,,,
28/04/2024 12:45:00,0,512,,,,,,,,,,,,,,,,,,
28/04/2024 12:30:00,0,512,,,,,,,,,,,,,,,,,,
28/04/2024 12:15:00,0,512,,,,,,,,,,,,,,,,,,
28/04/2024 12:00:00,0,513,,,,,,,,,,,,,,,,,,
28/04/2024 11:45:00,0,512,,,,,,,,,,,,,,,,,,
28/04/2024 11:30:00,0,511,,,,,,,,,,,,,,,,,,
28/04/2024 11:15:00,0,510,,,,,,,,,,,,,,,,,,
28/04/2024 11:00:00,0,509,,,,,,,,,,,,,,,,,,
28/04/2024 10:45:00,0,509,,,,,,,,,,,,,,,,,,
28/04/2024 10:30:00,0.2,509,,,,,,,,,,,,,,,,,,
28/04/2024 10:15:00,0,508,,,,,,,,,,,,,,,,,,
28/04/2024 10:00:00,0,508,,,,,,,,,,,,,,,,,,
28/04/2024 09:45:00,0,507,,,,,,,,,,,,,,,,,,
28/04/2024 09:30:00,0,507,,,,,,,,,,,,,,,,,,
28/04/2024 09:15:00,0,510,,,,,,,,,,,,,,,,,,
28/04/2024 09:00:00,0,506,,,,,,,,,,,,,,,,,,
28/04/2024 08:45:00,0,509,,,,,,,,,,,,,,,,,,
28/04/2024 08:30:00,0,504,,,,,,,,,,,,,,,,,,
28/04/2024 08:15:00,0,507,,,,,,,,,,,,,,,,,,
28/04/2024 08:00:00,0,506,,,,,,,,,,,,,,,,,,
28/04/2024 07:45:00,0,505,,,,,,,,,,,,,,,,,,
28/04/2024 07:30:00,0,504,,,,,,,,,,,,,,,,,,
28/04/2024 07:15:00,0,504,,,,,,,,,,,,,,,,,,
28/04/2024 07:00:00,0,505,,,,,,,,,,,,,,,,,,
28/04/2024 06:45:00,0,502,,,,,,,,,,,,,,,,,,
28/04/2024 06:30:00,0,502,,,,,,,,,,,,,,,,,,
28/04/2024 06:15:00,0,503,,,,,,,,,,,,,,,,,,
28/04/2024 06:00:00,0,501,,,,,,,,,,,,,,,,,,
28/04/2024 05:45:00,0,502,,,,,,,,,,,,,,,,,,
28/04/2024 05:30:00,0,501,,,,,,,,,,,,,,,,,,
28/04/2024 05:15:00,0,501,,,,,,,,,,,,,,,,,,
28/04/2024 05:00:00,0,500,,,,,,,,,,,,,,,,,,
28/04/2024 04:45:00,0,501,,,,,,,,,,,,,,,,,,
28/04/2024 04:30:00,0,500,,,,,,,,,,,,,,,,,,
28/04/2024 04:15:00,0,499,,,,,,,,,,,,,,,,,,
28/04/2024 04:00:00,0,499,,,,,,,,,,,,,,,,,,
28/04/2024 03:45:00,0,497,,,,,,,,,,,,,,,,,,
28/04/2024 03:30:00,0,497,,,,,,,,,,,,,,,,,,
28/04/2024 03:15:00,0,496,,,,,,,,,,,,,,,,,,
28/04/2024 03:00:00,0,496,,,,,,,,,,,,,,,,,,
28/04/2024 02:45:00,0,495,,,,,,,,,,,,,,,,,,
28/04/2024 02:30:00,0,495,,,,,,,,,,,,,,,,,,
28/04/2024 02:15:00,0,495,,,,,,,,,,,,,,,,,,
28/04/2024 02:00:00,0,494,,,,,,,,,,,,,,,,,,
28/04/2024 01:45:00,0,491,,,,,,,,,,,,,,,,,,
28/04/2024 01:30:00,0,491,,,,,,,,,,,,,,,,,,
28/04/2024 01:15:00,0,491,,,,,,,,,,,,,,,,,,
28/04/2024 01:00:00,0,490,,,,,,,,,,,,,,,,,,
28/04/2024 00:45:00,0,491,,,,,,,,,,,,,,,,,,
28/04/2024 00:30:00,0,491,,,,,,,,,,,,,,,,,,
28/04/2024 00:15:00,0,491,,,,,,,,,,,,,,,,,,
28/04/2024 00:00:00,0,490,,,,,,,,,,,,,,,,,,
27/04/2024 23:45:00,0,487,,,,,,,,,,,,,,,,,,
27/04/2024 23:30:00,0.4,487,,,,,,,,,,,,,,,,,,
27/04/2024 23:15:00,0,487,,,,,,,,,,,,,,,,,,
27/04/2024 23:00:00,0.4,486,,,,,,,,,,,,,,,,,,
27/04/2024 22:45:00,0.2,486,,,,,,,,,,,,,,,,,,
27/04/2024 22:30:00,0.4,485,,,,,,,,,,,,,,,,,,
27/04/2024 22:15:00,0.8,484,,,,,,,,,,,,,,,,,,
27/04/2024 22:00:00,0.2,484,,,,,,,,,,,,,,,,,,
27/04/2024 21:45:00,1.2,484,,,,,,,,,,,,,,,,,,
27/04/2024 21:30:00,2.4,483,,,,,,,,,,,,,,,,,,
27/04/2024 21:15:00,0.2,483,,,,,,,,,,,,,,,,,,
27/04/2024 21:00:00,0,482,,,,,,,,,,,,,,,,,,
27/04/2024 20:45:00,0,482,,,,,,,,,,,,,,,,,,
27/04/2024 20:30:00,0.6,481,,,,,,,,,,,,,,,,,,
27/04/2024 20:15:00,4.4,481,,,,,,,,,,,,,,,,,,
27/04/2024 20:00:00,3,481,,,,,,,,,,,,,,,,,,
27/04/2024 19:45:00,0,481,,,,,,,,,,,,,,,,,,
27/04/2024 19:30:00,0,480,,,,,,,,,,,,,,,,,,
27/04/2024 19:15:00,0.6,479,,,,,,,,,,,,,,,,,,
27/04/2024 19:00:00,0.2,480,,,,,,,,,,,,,,,,,,
27/04/2024 18:45:00,0,479,,,,,,,,,,,,,,,,,,
27/04/2024 18:30:00,8.8,480,,,,,,,,,,,,,,,,,,
27/04/2024 18:15:00,3.2,479,,,,,,,,,,,,,,,,,,
27/04/2024 18:00:00,9,479,,,,,,,,,,,,,,,,,,
27/04/2024 17:45:00,0,478,,,,,,,,,,,,,,,,,,
27/04/2024 17:30:00,0,479,,,,,,,,,,,,,,,,,,
27/04/2024 17:15:00,0,480,,,,,,,,,,,,,,,,,,
27/04/2024 17:00:00,0,479,,,,,,,,,,,,,,,,,,
27/04/2024 16:45:00,0,480,,,,,,,,,,,,,,,,,,
27/04/2024 16:30:00,0,480,,,,,,,,,,,,,,,,,,
27/04/2024 16:15:00,0,480,,,,,,,,,,,,,,,,,,
27/04/2024 16:00:00,0,480,,,,,,,,,,,,,,,,,,
27/04/2024 15:45:00,0.4,480,,,,,,,,,,,,,,,,,,
27/04/2024 15:30:00,0.8,481,,,,,,,,,,,,,,,,,,
27/04/2024 15:15:00,1.2,481,,,,,,,,,,,,,,,,,,
27/04/2024 15:00:00,0,481,,,,,,,,,,,,,,,,,,
27/04/2024 14:45:00,0.2,482,,,,,,,,,,,,,,,,,,
27/04/2024 14:30:00,0.8,482,,,,,,,,,,,,,,,,,,
27/04/2024 14:15:00,0.2,482,,,,,,,,,,,,,,,,,,
27/04/2024 14:00:00,0.2,483,,,,,,,,,,,,,,,,,,
27/04/2024 13:45:00,0.2,483,,,,,,,,,,,,,,,,,,
27/04/2024 13:30:00,0,484,,,,,,,,,,,,,,,,,,
27/04/2024 13:15:00,0,484,,,,,,,,,,,,,,,,,,
27/04/2024 13:00:00,0,484,,,,,,,,,,,,,,,,,,
27/04/2024 12:45:00,0,485,,,,,,,,,,,,,,,,,,
27/04/2024 12:30:00,0,486,,,,,,,,,,,,,,,,,,
27/04/2024 12:15:00,0,486,,,,,,,,,,,,,,,,,,
27/04/2024 12:00:00,0,486,,,,,,,,,,,,,,,,,,
27/04/2024 11:45:00,0,486,,,,,,,,,,,,,,,,,,
27/04/2024 11:30:00,0,486,,,,,,,,,,,,,,,,,,
27/04/2024 11:15:00,0,486,,,,,,,,,,,,,,,,,,
27/04/2024 11:00:00,0,487,,,,,,,,,,,,,,,,,,
27/04/2024 10:45:00,0,487,,,,,,,,,,,,,,,,,,
27/04/2024 10:30:00,0,488,,,,,,,,,,,,,,,,,,
27/04/2024 10:15:00,0,488,,,,,,,,,,,,,,,,,,
27/04/2024 10:00:00,0,489,,,,,,,,,,,,,,,,,,
27/04/2024 09:45:00,0,490,,,,,,,,,,,,,,,,,,
27/04/2024 09:30:00,0,490,,,,,,,,,,,,,,,,,,
27/04/2024 09:15:00,0,490,,,,,,,,,,,,,,,,,,
27/04/2024 09:00:00,0,492,,,,,,,,,,,,,,,,,,
27/04/2024 08:45:00,0,492,,,,,,,,,,,,,,,,,,
27/04/2024 08:30:00,0,492,,,,,,,,,,,,,,,,,,
27/04/2024 08:15:00,0,493,,,,,,,,,,,,,,,,,,
27/04/2024 08:00:00,0,492,,,,,,,,,,,,,,,,,,
27/04/2024 07:45:00,0,492,,,,,,,,,,,,,,,,,,
27/04/2024 07:30:00,0,494,,,,,,,,,,,,,,,,,,
27/04/2024 07:15:00,0,494,,,,,,,,,,,,,,,,,,
27/04/2024 07:00:00,0,495,,,,,,,,,,,,,,,,,,
27/04/2024 06:45:00,0,495,,,,,,,,,,,,,,,,,,
27/04/2024 06:30:00,0,496,,,,,,,,,,,,,,,,,,
27/04/2024 06:15:00,0,496,,,,,,,,,,,,,,,,,,
27/04/2024 06:00:00,0,497,,,,,,,,,,,,,,,,,,
27/04/2024 05:45:00,0,497,,,,,,,,,,,,,,,,,,
27/04/2024 05:30:00,0,498,,,,,,,,,,,,,,,,,,
27/04/2024 05:15:00,0,498,,,,,,,,,,,,,,,,,,
27/04/2024 05:00:00,0,499,,,,,,,,,,,,,,,,,,
27/04/2024 04:45:00,0.2,500,,,,,,,,,,,,,,,,,,
27/04/2024 04:30:00,0,500,,,,,,,,,,,,,,,,,,
27/04/2024 04:15:00,0,500,,,,,,,,,,,,,,,,,,
27/04/2024 04:00:00,0,501,,,,,,,,,,,,,,,,,,
27/04/2024 03:45:00,0,501,,,,,,,,,,,,,,,,,,
27/04/2024 03:30:00,0,502,,,,,,,,,,,,,,,,,,
27/04/2024 03:15:00,0,502,,,,,,,,,,,,,,,,,,
27/04/2024 03:00:00,0,503,,,,,,,,,,,,,,,,,,
27/04/2024 02:45:00,0,503,,,,,,,,,,,,,,,,,,
27/04/2024 02:30:00,0,504,,,,,,,,,,,,,,,,,,
27/04/2024 02:15:00,0,505,,,,,,,,,,,,,,,,,,
27/04/2024 02:00:00,0,505,,,,,,,,,,,,,,,,,,
27/04/2024 01:45:00,0,505,,,,,,,,,,,,,,,,,,
27/04/2024 01:30:00,0,506,,,,,,,,,,,,,,,,,,
27/04/2024 01:15:00,0,507,,,,,,,,,,,,,,,,,,
27/04/2024 01:00:00,0,508,,,,,,,,,,,,,,,,,,
27/04/2024 00:45:00,0,508,,,,,,,,,,,,,,,,,,
27/04/2024 00:30:00,0,508,,,,,,,,,,,,,,,,,,
27/04/2024 00:15:00,0,508,,,,,,,,,,,,,,,,,,
27/04/2024 00:00:00,0,510,,,,,,,,,,,,,,,,,,
26/04/2024 23:45:00,0,510,,,,,,,,,,,,,,,,,,
26/04/2024 23:30:00,0,510,,,,,,,,,,,,,,,,,,
26/04/2024 23:15:00,0,511,,,,,,,,,,,,,,,,,,
26/04/2024 23:00:00,0,512,,,,,,,,,,,,,,,,,,
26/04/2024 22:45:00,0,512,,,,,,,,,,,,,,,,,,
26/04/2024 22:30:00,0,513,,,,,,,,,,,,,,,,,,
26/04/2024 22:15:00,0,514,,,,,,,,,,,,,,,,,,
26/04/2024 22:00:00,0,514,,,,,,,,,,,,,,,,,,
26/04/2024 21:45:00,0,514,,,,,,,,,,,,,,,,,,
26/04/2024 21:30:00,0,515,,,,,,,,,,,,,,,,,,
26/04/2024 21:15:00,0,516,,,,,,,,,,,,,,,,,,
26/04/2024 21:00:00,0,516,,,,,,,,,,,,,,,,,,
26/04/2024 20:45:00,0,519,,,,,,,,,,,,,,,,,,
26/04/2024 20:30:00,0,520,,,,,,,,,,,,,,,,,,
26/04/2024 20:15:00,0,520,,,,,,,,,,,,,,,,,,
26/04/2024 20:00:00,0,520,,,,,,,,,,,,,,,,,,
26/04/2024 19:45:00,0,519,,,,,,,,,,,,,,,,,,
26/04/2024 19:30:00,0,520,,,,,,,,,,,,,,,,,,
26/04/2024 19:15:00,0,520,,,,,,,,,,,,,,,,,,
26/04/2024 19:00:00,0,520,,,,,,,,,,,,,,,,,,
26/04/2024 18:45:00,0,521,,,,,,,,,,,,,,,,,,
26/04/2024 18:30:00,0,521,,,,,,,,,,,,,,,,,,
26/04/2024 18:15:00,0,522,,,,,,,,,,,,,,,,,,
26/04/2024 18:00:00,0,522,,,,,,,,,,,,,,,,,,
26/04/2024 17:45:00,0,525,,,,,,,,,,,,,,,,,,
26/04/2024 17:30:00,0,523,,,,,,,,,,,,,,,,,,
26/04/2024 17:15:00,0,522,,,,,,,,,,,,,,,,,,
26/04/2024 17:00:00,0,523,,,,,,,,,,,,,,,,,,
26/04/2024 16:45:00,0,524,,,,,,,,,,,,,,,,,,
26/04/2024 16:30:00,0,525,,,,,,,,,,,,,,,,,,
26/04/2024 16:15:00,0,527,,,,,,,,,,,,,,,,,,
26/04/2024 16:00:00,0,525,,,,,,,,,,,,,,,,,,
26/04/2024 15:45:00,0,526,,,,,,,,,,,,,,,,,,
26/04/2024 15:30:00,0,526,,,,,,,,,,,,,,,,,,
26/04/2024 15:15:00,0,525,,,,,,,,,,,,,,,,,,
26/04/2024 15:00:00,0,528,,,,,,,,,,,,,,,,,,
26/04/2024 14:45:00,0,527,,,,,,,,,,,,,,,,,,
26/04/2024 14:30:00,0,529,,,,,,,,,,,,,,,,,,
26/04/2024 14:15:00,0,530,,,,,,,,,,,,,,,,,,
26/04/2024 14:00:00,0,530,,,,,,,,,,,,,,,,,,
26/04/2024 13:45:00,0,530,,,,,,,,,,,,,,,,,,
26/04/2024 13:30:00,19.6,531,,,,,,,,,,,,,,,,,,
26/04/2024 13:15:00,4.2,531,,,,,,,,,,,,,,,,,,
26/04/2024 13:00:00,1.4,531,,,,,,,,,,,,,,,,,,
26/04/2024 12:45:00,0,531,,,,,,,,,,,,,,,,,,
26/04/2024 12:30:00,0,532,,,,,,,,,,,,,,,,,,
26/04/2024 12:15:00,0,533,,,,,,,,,,,,,,,,,,
26/04/2024 12:00:00,0,532,,,,,,,,,,,,,,,,,,
26/04/2024 11:45:00,0,532,,,,,,,,,,,,,,,,,,
26/04/2024 11:30:00,1,535,,,,,,,,,,,,,,,,,,
26/04/2024 11:15:00,0.6,533,,,,,,,,,,,,,,,,,,
26/04/2024 11:00:00,0,535,,,,,,,,,,,,,,,,,,
26/04/2024 10:45:00,0,535,,,,,,,,,,,,,,,,,,
26/04/2024 10:30:00,0,535,,,,,,,,,,,,,,,,,,
26/04/2024 10:15:00,0,535,,,,,,,,,,,,,,,,,,
26/04/2024 10:00:00,0,536,,,,,,,,,,,,,,,,,,
26/04/2024 09:45:00,0,536,,,,,,,,,,,,,,,,,,
26/04/2024 09:30:00,0,537,,,,,,,,,,,,,,,,,,
26/04/2024 09:15:00,0,537,,,,,,,,,,,,,,,,,,
26/04/2024 09:00:00,0,539,,,,,,,,,,,,,,,,,,
26/04/2024 08:45:00,0,540,,,,,,,,,,,,,,,,,,
26/04/2024 08:30:00,0,540,,,,,,,,,,,,,,,,,,
26/04/2024 08:15:00,0,540,,,,,,,,,,,,,,,,,,
26/04/2024 08:00:00,0,541,,,,,,,,,,,,,,,,,,
26/04/2024 07:45:00,0,541,,,,,,,,,,,,,,,,,,
26/04/2024 07:30:00,0,542,,,,,,,,,,,,,,,,,,
26/04/2024 07:15:00,0,543,,,,,,,,,,,,,,,,,,
26/04/2024 07:00:00,0,542,,,,,,,,,,,,,,,,,,
26/04/2024 06:45:00,0,542,,,,,,,,,,,,,,,,,,
26/04/2024 06:30:00,0,543,,,,,,,,,,,,,,,,,,
26/04/2024 06:15:00,0,543,,,,,,,,,,,,,,,,,,
26/04/2024 06:00:00,0,544,,,,,,,,,,,,,,,,,,
26/04/2024 05:45:00,0,545,,,,,,,,,,,,,,,,,,
26/04/2024 05:30:00,0,545,,,,,,,,,,,,,,,,,,
26/04/2024 05:15:00,0,546,,,,,,,,,,,,,,,,,,
26/04/2024 05:00:00,0.6,545,,,,,,,,,,,,,,,,,,
26/04/2024 04:45:00,0,546,,,,,,,,,,,,,,,,,,
26/04/2024 04:30:00,0,546,,,,,,,,,,,,,,,,,,
26/04/2024 04:15:00,0,548,,,,,,,,,,,,,,,,,,
26/04/2024 04:00:00,0,548,,,,,,,,,,,,,,,,,,
26/04/2024 03:45:00,0,549,,,,,,,,,,,,,,,,,,
26/04/2024 03:30:00,0,549,,,,,,,,,,,,,,,,,,
26/04/2024 03:15:00,0,549,,,,,,,,,,,,,,,,,,
26/04/2024 03:00:00,0,549,,,,,,,,,,,,,,,,,,
26/04/2024 02:45:00,0,550,,,,,,,,,,,,,,,,,,
26/04/2024 02:30:00,0,550,,,,,,,,,,,,,,,,,,
26/04/2024 02:15:00,0,550,,,,,,,,,,,,,,,,,,
26/04/2024 02:00:00,0,551,,,,,,,,,,,,,,,,,,
26/04/2024 01:45:00,0,553,,,,,,,,,,,,,,,,,,
26/04/2024 01:30:00,0,552,,,,,,,,,,,,,,,,,,
26/04/2024 01:15:00,0,553,,,,,,,,,,,,,,,,,,
26/04/2024 01:00:00,0,553,,,,,,,,,,,,,,,,,,
26/04/2024 00:45:00,0,553,,,,,,,,,,,,,,,,,,
26/04/2024 00:30:00,0,554,,,,,,,,,,,,,,,,,,
26/04/2024 00:15:00,0,554,,,,,,,,,,,,,,,,,,
26/04/2024 00:00:00,0.2,555,,,,,,,,,,,,,,,,,,
25/04/2024 23:45:00,0,555,,,,,,,,,,,,,,,,,,
25/04/2024 23:30:00,1.2,557,,,,,,,,,,,,,,,,,,
25/04/2024 23:15:00,1.8,557,,,,,,,,,,,,,,,,,,
25/04/2024 23:00:00,0,557,,,,,,,,,,,,,,,,,,
25/04/2024 22:45:00,0,558,,,,,,,,,,,,,,,,,,
25/04/2024 22:30:00,0,559,,,,,,,,,,,,,,,,,,
25/04/2024 22:15:00,0,560,,,,,,,,,,,,,,,,,,
25/04/2024 22:00:00,0,560,,,,,,,,,,,,,,,,,,
25/04/2024 21:45:00,0,561,,,,,,,,,,,,,,,,,,
25/04/2024 21:30:00,0,561,,,,,,,,,,,,,,,,,,
25/04/2024 21:15:00,0,560,,,,,,,,,,,,,,,,,,
25/04/2024 21:00:00,0,562,,,,,,,,,,,,,,,,,,
25/04/2024 20:45:00,0,562,,,,,,,,,,,,,,,,,,
25/04/2024 20:30:00,0,563,,,,,,,,,,,,,,,,,,
25/04/2024 20:15:00,0,563,,,,,,,,,,,,,,,,,,
25/04/2024 20:00:00,0,565,,,,,,,,,,,,,,,,,,
25/04/2024 19:45:00,0,565,,,,,,,,,,,,,,,,,,
25/04/2024 19:30:00,0,565,,,,,,,,,,,,,,,,,,
25/04/2024 19:15:00,0,566,,,,,,,,,,,,,,,,,,
25/04/2024 19:00:00,0,567,,,,,,,,,,,,,,,,,,
25/04/2024 18:45:00,0,567,,,,,,,,,,,,,,,,,,
25/04/2024 18:30:00,0,567,,,,,,,,,,,,,,,,,,
25/04/2024 18:15:00,0,567,,,,,,,,,,,,,,,,,,
25/04/2024 18:00:00,0,568,,,,,,,,,,,,,,,,,,
25/04/2024 17:45:00,0,568,,,,,,,,,,,,,,,,,,
25/04/2024 17:30:00,0,570,,,,,,,,,,,,,,,,,,
25/04/2024 17:15:00,0,570,,,,,,,,,,,,,,,,,,
25/04/2024 17:00:00,0,569,,,,,,,,,,,,,,,,,,
25/04/2024 16:45:00,0,569,,,,,,,,,,,,,,,,,,
25/04/2024 16:30:00,0,570,,,,,,,,,,,,,,,,,,
25/04/2024 16:15:00,0,571,,,,,,,,,,,,,,,,,,
25/04/2024 16:00:00,0,571,,,,,,,,,,,,,,,,,,
25/04/2024 15:45:00,0,572,,,,,,,,,,,,,,,,,,
25/04/2024 15:30:00,0,573,,,,,,,,,,,,,,,,,,
25/04/2024 15:15:00,0,574,,,,,,,,,,,,,,,,,,
25/04/2024 15:00:00,0,574,,,,,,,,,,,,,,,,,,
25/04/2024 14:45:00,0,575,,,,,,,,,,,,,,,,,,
25/04/2024 14:30:00,0,575,,,,,,,,,,,,,,,,,,
25/04/2024 14:15:00,0,576,,,,,,,,,,,,,,,,,,
25/04/2024 14:00:00,0,575,,,,,,,,,,,,,,,,,,
25/04/2024 13:45:00,0,577,,,,,,,,,,,,,,,,,,
25/04/2024 13:30:00,0,577,,,,,,,,,,,,,,,,,,
25/04/2024 13:15:00,0,577,,,,,,,,,,,,,,,,,,
25/04/2024 13:00:00,0,578,,,,,,,,,,,,,,,,,,
25/04/2024 12:45:00,0,578,,,,,,,,,,,,,,,,,,
25/04/2024 12:30:00,0,578,,,,,,,,,,,,,,,,,,
25/04/2024 12:15:00,0,580,,,,,,,,,,,,,,,,,,
25/04/2024 12:00:00,0,580,,,,,,,,,,,,,,,,,,
25/04/2024 11:45:00,0,581,,,,,,,,,,,,,,,,,,
25/04/2024 11:30:00,0,581,,,,,,,,,,,,,,,,,,
25/04/2024 11:15:00,0,582,,,,,,,,,,,,,,,,,,
25/04/2024 11:00:00,0,581,,,,,,,,,,,,,,,,,,
25/04/2024 10:45:00,0,582,,,,,,,,,,,,,,,,,,
25/04/2024 10:30:00,0,583,,,,,,,,,,,,,,,,,,
25/04/2024 10:15:00,0,583,,,,,,,,,,,,,,,,,,
25/04/2024 10:00:00,0,584,,,,,,,,,,,,,,,,,,
25/04/2024 09:45:00,0,584,,,,,,,,,,,,,,,,,,
25/04/2024 09:30:00,0,585,,,,,,,,,,,,,,,,,,
25/04/2024 09:15:00,0,586,,,,,,,,,,,,,,,,,,
25/04/2024 09:00:00,0,586,,,,,,,,,,,,,,,,,,
25/04/2024 08:45:00,0,587,,,,,,,,,,,,,,,,,,
25/04/2024 08:30:00,0,587,,,,,,,,,,,,,,,,,,
25/04/2024 08:15:00,0,587,,,,,,,,,,,,,,,,,,
25/04/2024 08:00:00,0,588,,,,,,,,,,,,,,,,,,
25/04/2024 07:45:00,0,588,,,,,,,,,,,,,,,,,,
25/04/2024 07:30:00,0,589,,,,,,,,,,,,,,,,,,
25/04/2024 07:15:00,0,590,,,,,,,,,,,,,,,,,,
25/04/2024 07:00:00,0,590,,,,,,,,,,,,,,,,,,
25/04/2024 06:45:00,0,591,,,,,,,,,,,,,,,,,,
25/04/2024 06:30:00,0,592,,,,,,,,,,,,,,,,,,
25/04/2024 06:15:00,0,593,,,,,,,,,,,,,,,,,,
25/04/2024 06:00:00,0,593,,,,,,,,,,,,,,,,,,
25/04/2024 05:45:00,0,594,,,,,,,,,,,,,,,,,,
25/04/2024 05:30:00,0,594,,,,,,,,,,,,,,,,,,
25/04/2024 05:15:00,0,594,,,,,,,,,,,,,,,,,,
25/04/2024 05:00:00,0,595,,,,,,,,,,,,,,,,,,
25/04/2024 04:45:00,0,596,,,,,,,,,,,,,,,,,,
25/04/2024 04:30:00,0,596,,,,,,,,,,,,,,,,,,
25/04/2024 04:15:00,0,597,,,,,,,,,,,,,,,,,,
25/04/2024 04:00:00,0,597,,,,,,,,,,,,,,,,,,
25/04/2024 03:45:00,0,596,,,,,,,,,,,,,,,,,,
25/04/2024 03:30:00,0,597,,,,,,,,,,,,,,,,,,
25/04/2024 03:15:00,0,599,,,,,,,,,,,,,,,,,,
25/04/2024 03:00:00,0,599,,,,,,,,,,,,,,,,,,
25/04/2024 02:45:00,0,599,,,,,,,,,,,,,,,,,,
25/04/2024 02:30:00,0,599,,,,,,,,,,,,,,,,,,
25/04/2024 02:15:00,0,603,,,,,,,,,,,,,,,,,,
25/04/2024 02:00:00,0,601,,,,,,,,,,,,,,,,,,
25/04/2024 01:45:00,0,601,,,,,,,,,,,,,,,,,,
25/04/2024 01:30:00,0,602,,,,,,,,,,,,,,,,,,
25/04/2024 01:15:00,0,605,,,,,,,,,,,,,,,,,,
25/04/2024 01:00:00,0,606,,,,,,,,,,,,,,,,,,
25/04/2024 00:45:00,0,606,,,,,,,,,,,,,,,,,,
25/04/2024 00:30:00,0,603,,,,,,,,,,,,,,,,,,
25/04/2024 00:15:00,0,606,,,,,,,,,,,,,,,,,,
25/04/2024 00:00:00,0,606,,,,,,,,,,,,,,,,,,
24/04/2024 23:45:00,0,607,,,,,,,,,,,,,,,,,,
24/04/2024 23:30:00,0,607,,,,,,,,,,,,,,,,,,
24/04/2024 23:15:00,0,608,,,,,,,,,,,,,,,,,,
24/04/2024 23:00:00,0,609,,,,,,,,,,,,,,,,,,
24/04/2024 22:45:00,0,610,,,,,,,,,,,,,,,,,,
24/04/2024 22:30:00,0,611,,,,,,,,,,,,,,,,,,
24/04/2024 22:15:00,0,611,,,,,,,,,,,,,,,,,,
24/04/2024 22:00:00,0,611,,,,,,,,,,,,,,,,,,
24/04/2024 21:45:00,0,612,,,,,,,,,,,,,,,,,,
24/04/2024 21:30:00,0,613,,,,,,,,,,,,,,,,,,
24/04/2024 21:15:00,0,611,,,,,,,,,,,,,,,,,,
24/04/2024 21:00:00,0,612,,,,,,,,,,,,,,,,,,
24/04/2024 20:45:00,0,613,,,,,,,,,,,,,,,,,,
24/04/2024 20:30:00,0,613,,,,,,,,,,,,,,,,,,
24/04/2024 20:15:00,0,614,,,,,,,,,,,,,,,,,,
24/04/2024 20:00:00,0,615,,,,,,,,,,,,,,,,,,
24/04/2024 19:45:00,0,615,,,,,,,,,,,,,,,,,,
24/04/2024 19:30:00,0,617,,,,,,,,,,,,,,,,,,
24/04/2024 19:15:00,0,618,,,,,,,,,,,,,,,,,,
24/04/2024 19:00:00,0,619,,,,,,,,,,,,,,,,,,
24/04/2024 18:45:00,0,618,,,,,,,,,,,,,,,,,,
24/04/2024 18:30:00,0,619,,,,,,,,,,,,,,,,,,
24/04/2024 18:15:00,0,620,,,,,,,,,,,,,,,,,,
24/04/2024 18:00:00,0,620,,,,,,,,,,,,,,,,,,
24/04/2024 17:45:00,0,621,,,,,,,,,,,,,,,,,,
24/04/2024 17:30:00,0,619,,,,,,,,,,,,,,,,,,
24/04/2024 17:15:00,0,620,,,,,,,,,,,,,,,,,,
24/04/2024 17:00:00,0,620,,,,,,,,,,,,,,,,,,
24/04/2024 16:45:00,0,620,,,,,,,,,,,,,,,,,,
24/04/2024 16:30:00,0,621,,,,,,,,,,,,,,,,,,
24/04/2024 16:15:00,0,622,,,,,,,,,,,,,,,,,,
24/04/2024 16:00:00,0,621,,,,,,,,,,,,,,,,,,
24/04/2024 15:45:00,0,622,,,,,,,,,,,,,,,,,,
24/04/2024 15:30:00,0,624,,,,,,,,,,,,,,,,,,
24/04/2024 15:15:00,0,626,,,,,,,,,,,,,,,,,,
24/04/2024 15:00:00,0,624,,,,,,,,,,,,,,,,,,
24/04/2024 14:45:00,0,625,,,,,,,,,,,,,,,,,,
24/04/2024 14:30:00,0.2,625,,,,,,,,,,,,,,,,,,
24/04/2024 14:15:00,0,625,,,,,,,,,,,,,,,,,,
24/04/2024 14:00:00,0,626,,,,,,,,,,,,,,,,,,
24/04/2024 13:45:00,0,626,,,,,,,,,,,,,,,,,,
24/04/2024 13:30:00,0,626,,,,,,,,,,,,,,,,,,
24/04/2024 13:15:00,0,627,,,,,,,,,,,,,,,,,,
24/04/2024 13:00:00,0,627,,,,,,,,,,,,,,,,,,
24/04/2024 12:45:00,0,628,,,,,,,,,,,,,,,,,,
24/04/2024 12:30:00,0,628,,,,,,,,,,,,,,,,,,
24/04/2024 12:15:00,0,629,,,,,,,,,,,,,,,,,,
24/04/2024 12:00:00,0,629,,,,,,,,,,,,,,,,,,
24/04/2024 11:45:00,0,630,,,,,,,,,,,,,,,,,,
24/04/2024 11:30:00,0,630,,,,,,,,,,,,,,,,,,
24/04/2024 11:15:00,0,631,,,,,,,,,,,,,,,,,,
24/04/2024 11:00:00,0,631,,,,,,,,,,,,,,,,,,
24/04/2024 10:45:00,0,632,,,,,,,,,,,,,,,,,,
24/04/2024 10:30:00,0,633,,,,,,,,,,,,,,,,,,
24/04/2024 10:15:00,0,633,,,,,,,,,,,,,,,,,,
24/04/2024 10:00:00,0,633,,,,,,,,,,,,,,,,,,
24/04/2024 09:45:00,0,634,,,,,,,,,,,,,,,,,,
24/04/2024 09:30:00,0,634,,,,,,,,,,,,,,,,,,
24/04/2024 09:15:00,0,635,,,,,,,,,,,,,,,,,,
24/04/2024 09:00:00,0,635,,,,,,,,,,,,,,,,,,
24/04/2024 08:45:00,0,636,,,,,,,,,,,,,,,,,,
24/04/2024 08:30:00,0,636,,,,,,,,,,,,,,,,,,
24/04/2024 08:15:00,0,637,,,,,,,,,,,,,,,,,,
24/04/2024 08:00:00,0,638,,,,,,,,,,,,,,,,,,
24/04/2024 07:45:00,0,639,,,,,,,,,,,,,,,,,,
24/04/2024 07:30:00,0,639,,,,,,,,,,,,,,,,,,
24/04/2024 07:15:00,0,639,,,,,,,,,,,,,,,,,,
24/04/2024 07:00:00,0,640,,,,,,,,,,,,,,,,,,
24/04/2024 06:45:00,0,640,,,,,,,,,,,,,,,,,,
24/04/2024 06:30:00,0,641,,,,,,,,,,,,,,,,,,
24/04/2024 06:15:00,0,641,,,,,,,,,,,,,,,,,,
24/04/2024 06:00:00,0,641,,,,,,,,,,,,,,,,,,
24/04/2024 05:45:00,0,643,,,,,,,,,,,,,,,,,,
24/04/2024 05:30:00,0,643,,,,,,,,,,,,,,,,,,
24/04/2024 05:15:00,0,643,,,,,,,,,,,,,,,,,,
24/04/2024 05:00:00,0,644,,,,,,,,,,,,,,,,,,
24/04/2024 04:45:00,0,644,,,,,,,,,,,,,,,,,,
24/04/2024 04:30:00,0,645,,,,,,,,,,,,,,,,,,
24/04/2024 04:15:00,0,644,,,,,,,,,,,,,,,,,,
24/04/2024 04:00:00,0,645,,,,,,,,,,,,,,,,,,
24/04/2024 03:45:00,0,646,,,,,,,,,,,,,,,,,,
24/04/2024 03:30:00,0,646,,,,,,,,,,,,,,,,,,
24/04/2024 03:15:00,0,647,,,,,,,,,,,,,,,,,,
24/04/2024 03:00:00,0,647,,,,,,,,,,,,,,,,,,
24/04/2024 02:45:00,0,648,,,,,,,,,,,,,,,,,,
24/04/2024 02:30:00,1.4,648,,,,,,,,,,,,,,,,,,
24/04/2024 02:15:00,0,648,,,,,,,,,,,,,,,,,,
24/04/2024 02:00:00,0,649,,,,,,,,,,,,,,,,,,
24/04/2024 01:45:00,0,649,,,,,,,,,,,,,,,,,,
24/04/2024 01:30:00,0,651,,,,,,,,,,,,,,,,,,
24/04/2024 01:15:00,0,650,,,,,,,,,,,,,,,,,,
24/04/2024 01:00:00,0,650,,,,,,,,,,,,,,,,,,
24/04/2024 00:45:00,0,651,,,,,,,,,,,,,,,,,,
24/04/2024 00:30:00,0,652,,,,,,,,,,,,,,,,,,
24/04/2024 00:15:00,0,652,,,,,,,,,,,,,,,,,,
24/04/2024 00:00:00,0,652,,,,,,,,,,,,,,,,,,
23/04/2024 23:45:00,0,653,,,,,,,,,,,,,,,,,,
23/04/2024 23:30:00,0,655,,,,,,,,,,,,,,,,,,
23/04/2024 23:15:00,0,654,,,,,,,,,,,,,,,,,,
23/04/2024 23:00:00,0,654,,,,,,,,,,,,,,,,,,
23/04/2024 22:45:00,0,655,,,,,,,,,,,,,,,,,,
23/04/2024 22:30:00,0,655,,,,,,,,,,,,,,,,,,
23/04/2024 22:15:00,0,656,,,,,,,,,,,,,,,,,,
23/04/2024 22:00:00,0,656,,,,,,,,,,,,,,,,,,
23/04/2024 21:45:00,0,657,,,,,,,,,,,,,,,,,,
23/04/2024 21:30:00,0,658,,,,,,,,,,,,,,,,,,
23/04/2024 21:15:00,0,659,,,,,,,,,,,,,,,,,,
23/04/2024 21:00:00,0,660,,,,,,,,,,,,,,,,,,
23/04/2024 20:45:00,0,659,,,,,,,,,,,,,,,,,,
23/04/2024 20:30:00,0,660,,,,,,,,,,,,,,,,,,
23/04/2024 20:15:00,0,660,,,,,,,,,,,,,,,,,,
23/04/2024 20:00:00,0,661,,,,,,,,,,,,,,,,,,
23/04/2024 19:45:00,0,661,,,,,,,,,,,,,,,,,,
23/04/2024 19:30:00,0,662,,,,,,,,,,,,,,,,,,
23/04/2024 19:15:00,0,662,,,,,,,,,,,,,,,,,,
23/04/2024 19:00:00,0,662,,,,,,,,,,,,,,,,,,
23/04/2024 18:45:00,0,662,,,,,,,,,,,,,,,,,,
23/04/2024 18:30:00,0,664,,,,,,,,,,,,,,,,,,
23/04/2024 18:15:00,0,664,,,,,,,,,,,,,,,,,,
23/04/2024 18:00:00,0,665,,,,,,,,,,,,,,,,,,
23/04/2024 17:45:00,0,665,,,,,,,,,,,,,,,,,,
23/04/2024 17:30:00,0,665,,,,,,,,,,,,,,,,,,
23/04/2024 17:15:00,0,665,,,,,,,,,,,,,,,,,,
23/04/2024 17:00:00,0,667,,,,,,,,,,,,,,,,,,
23/04/2024 16:45:00,0,667,,,,,,,,,,,,,,,,,,
23/04/2024 16:30:00,0,667,,,,,,,,,,,,,,,,,,
23/04/2024 16:15:00,0,667,,,,,,,,,,,,,,,,,,
23/04/2024 16:00:00,0,668,,,,,,,,,,,,,,,,,,
23/04/2024 15:45:00,0,668,,,,,,,,,,,,,,,,,,
23/04/2024 15:30:00,0,669,,,,,,,,,,,,,,,,,,
23/04/2024 15:15:00,0,669,,,,,,,,,,,,,,,,,,
23/04/2024 15:00:00,0,670,,,,,,,,,,,,,,,,,,
23/04/2024 14:45:00,0,671,,,,,,,,,,,,,,,,,,
23/04/2024 14:30:00,0,670,,,,,,,,,,,,,,,,,,
23/04/2024 14:15:00,0,670,,,,,,,,,,,,,,,,,,
23/04/2024 14:00:00,0,671,,,,,,,,,,,,,,,,,,
23/04/2024 13:45:00,0,672,,,,,,,,,,,,,,,,,,
23/04/2024 13:30:00,0,672,,,,,,,,,,,,,,,,,,
23/04/2024 13:15:00,0,673,,,,,,,,,,,,,,,,,,
23/04/2024 13:00:00,0,673,,,,,,,,,,,,,,,,,,
23/04/2024 12:45:00,0,673,,,,,,,,,,,,,,,,,,
23/04/2024 12:30:00,0,674,,,,,,,,,,,,,,,,,,
23/04/2024 12:15:00,0,674,,,,,,,,,,,,,,,,,,
23/04/2024 12:00:00,0,675,,,,,,,,,,,,,,,,,,
23/04/2024 11:45:00,0,676,,,,,,,,,,,,,,,,,,
23/04/2024 11:30:00,0,675,,,,,,,,,,,,,,,,,,
23/04/2024 11:15:00,0,677,,,,,,,,,,,,,,,,,,
23/04/2024 11:00:00,0,677,,,,,,,,,,,,,,,,,,
23/04/2024 10:45:00,0,677,,,,,,,,,,,,,,,,,,
23/04/2024 10:30:00,0,678,,,,,,,,,,,,,,,,,,
23/04/2024 10:15:00,0,678,,,,,,,,,,,,,,,,,,
23/04/2024 10:00:00,0,678,,,,,,,,,,,,,,,,,,
23/04/2024 09:45:00,0,679,,,,,,,,,,,,,,,,,,
23/04/2024 09:30:00,0,679,,,,,,,,,,,,,,,,,,
23/04/2024 09:15:00,0,680,,,,,,,,,,,,,,,,,,
23/04/2024 09:00:00,0,681,,,,,,,,,,,,,,,,,,
23/04/2024 08:45:00,0,681,,,,,,,,,,,,,,,,,,
23/04/2024 08:30:00,0,681,,,,,,,,,,,,,,,,,,
23/04/2024 08:15:00,0,681,,,,,,,,,,,,,,,,,,
23/04/2024 08:00:00,0,682,,,,,,,,,,,,,,,,,,
23/04/2024 07:45:00,0,682,,,,,,,,,,,,,,,,,,
23/04/2024 07:30:00,0,683,,,,,,,,,,,,,,,,,,
23/04/2024 07:15:00,0,683,,,,,,,,,,,,,,,,,,
23/04/2024 07:00:00,0,683,,,,,,,,,,,,,,,,,,
23/04/2024 06:45:00,0,684,,,,,,,,,,,,,,,,,,
23/04/2024 06:30:00,0,684,,,,,,,,,,,,,,,,,,
23/04/2024 06:15:00,0,684,,,,,,,,,,,,,,,,,,
23/04/2024 06:00:00,0,685,,,,,,,,,,,,,,,,,,
23/04/2024 05:45:00,0,686,,,,,,,,,,,,,,,,,,
23/04/2024 05:30:00,0,685,,,,,,,,,,,,,,,,,,
23/04/2024 05:15:00,0,687,,,,,,,,,,,,,,,,,,
23/04/2024 05:00:00,0,686,,,,,,,,,,,,,,,,,,
23/04/2024 04:45:00,0,686,,,,,,,,,,,,,,,,,,
23/04/2024 04:30:00,0,687,,,,,,,,,,,,,,,,,,
23/04/2024 04:15:00,0,688,,,,,,,,,,,,,,,,,,
23/04/2024 04:00:00,0,688,,,,,,,,,,,,,,,,,,
23/04/2024 03:45:00,0,689,,,,,,,,,,,,,,,,,,
23/04/2024 03:30:00,0,689,,,,,,,,,,,,,,,,,,
23/04/2024 03:15:00,0,690,,,,,,,,,,,,,,,,,,
23/04/2024 03:00:00,0,690,,,,,,,,,,,,,,,,,,
23/04/2024 02:45:00,0,690,,,,,,,,,,,,,,,,,,
23/04/2024 02:30:00,0,691,,,,,,,,,,,,,,,,,,
23/04/2024 02:15:00,0,691,,,,,,,,,,,,,,,,,,
23/04/2024 02:00:00,0,691,,,,,,,,,,,,,,,,,,
23/04/2024 01:45:00,0,692,,,,,,,,,,,,,,,,,,
23/04/2024 01:30:00,0,692,,,,,,,,,,,,,,,,,,
23/04/2024 01:15:00,0,692,,,,,,,,,,,,,,,,,,
23/04/2024 01:00:00,0,692,,,,,,,,,,,,,,,,,,
23/04/2024 00:45:00,0,693,,,,,,,,,,,,,,,,,,
23/04/2024 00:30:00,0,694,,,,,,,,,,,,,,,,,,
23/04/2024 00:15:00,0,694,,,,,,,,,,,,,,,,,,
23/04/2024 00:00:00,0,693,,,,,,,,,,,,,,,,,,
22/04/2024 23:45:00,0,694,,,,,,,,,,,,,,,,,,
22/04/2024 23:30:00,0,695,,,,,,,,,,,,,,,,,,
22/04/2024 23:15:00,0,695,,,,,,,,,,,,,,,,,,
22/04/2024 23:00:00,0,695,,,,,,,,,,,,,,,,,,
22/04/2024 22:45:00,0,696,,,,,,,,,,,,,,,,,,
22/04/2024 22:30:00,0,696,,,,,,,,,,,,,,,,,,
22/04/2024 22:15:00,0,696,,,,,,,,,,,,,,,,,,
22/04/2024 22:00:00,0,697,,,,,,,,,,,,,,,,,,
22/04/2024 21:45:00,0,697,,,,,,,,,,,,,,,,,,
22/04/2024 21:30:00,0,698,,,,,,,,,,,,,,,,,,
22/04/2024 21:15:00,0,697,,,,,,,,,,,,,,,,,,
22/04/2024 21:00:00,0,699,,,,,,,,,,,,,,,,,,
22/04/2024 20:45:00,0,698,,,,,,,,,,,,,,,,,,
22/04/2024 20:30:00,0,699,,,,,,,,,,,,,,,,,,
22/04/2024 20:15:00,0,698,,,,,,,,,,,,,,,,,,
22/04/2024 20:00:00,0,698,,,,,,,,,,,,,,,,,,
22/04/2024 19:45:00,0,699,,,,,,,,,,,,,,,,,,
22/04/2024 19:30:00,0,699,,,,,,,,,,,,,,,,,,
22/04/2024 19:15:00,0,700,,,,,,,,,,,,,,,,,,
22/04/2024 19:00:00,0,699,,,,,,,,,,,,,,,,,,
22/04/2024 18:45:00,0,700,,,,,,,,,,,,,,,,,,
22/04/2024 18:30:00,0,701,,,,,,,,,,,,,,,,,,
22/04/2024 18:15:00,0,701,,,,,,,,,,,,,,,,,,
22/04/2024 18:00:00,0,700,,,,,,,,,,,,,,,,,,
22/04/2024 17:45:00,0,701,,,,,,,,,,,,,,,,,,
22/04/2024 17:30:00,0,702,,,,,,,,,,,,,,,,,,
22/04/2024 17:15:00,0,702,,,,,,,,,,,,,,,,,,
22/04/2024 17:00:00,0,702,,,,,,,,,,,,,,,,,,
22/04/2024 16:45:00,0,702,,,,,,,,,,,,,,,,,,
22/04/2024 16:30:00,0,702,,,,,,,,,,,,,,,,,,
22/04/2024 16:15:00,0,703,,,,,,,,,,,,,,,,,,
22/04/2024 16:00:00,0,703,,,,,,,,,,,,,,,,,,
22/04/2024 15:45:00,0,703,,,,,,,,,,,,,,,,,,
22/04/2024 15:30:00,0,703,,,,,,,,,,,,,,,,,,
22/04/2024 15:15:00,0,703,,,,,,,,,,,,,,,,,,
22/04/2024 15:00:00,0,704,,,,,,,,,,,,,,,,,,
22/04/2024 14:45:00,0,705,,,,,,,,,,,,,,,,,,
22/04/2024 14:30:00,0,703,,,,,,,,,,,,,,,,,,
22/04/2024 14:15:00,0,704,,,,,,,,,,,,,,,,,,
22/04/2024 14:00:00,0,705,,,,,,,,,,,,,,,,,,
22/04/2024 13:45:00,0,706,,,,,,,,,,,,,,,,,,
22/04/2024 13:30:00,0,705,,,,,,,,,,,,,,,,,,
22/04/2024 13:15:00,0,705,,,,,,,,,,,,,,,,,,
22/04/2024 13:00:00,0,705,,,,,,,,,,,,,,,,,,
22/04/2024 12:45:00,0,705,,,,,,,,,,,,,,,,,,
22/04/2024 12:30:00,0,706,,,,,,,,,,,,,,,,,,
22/04/2024 12:15:00,0,706,,,,,,,,,,,,,,,,,,
22/04/2024 12:00:00,0,707,,,,,,,,,,,,,,,,,,
22/04/2024 11:45:00,0,706,,,,,,,,,,,,,,,,,,
22/04/2024 11:30:00,0,707,,,,,,,,,,,,,,,,,,
22/04/2024 11:15:00,0,707,,,,,,,,,,,,,,,,,,
22/04/2024 11:00:00,0,707,,,,,,,,,,,,,,,,,,
22/04/2024 10:45:00,0,708,,,,,,,,,,,,,,,,,,
22/04/2024 10:30:00,0,707,,,,,,,,,,,,,,,,,,
22/04/2024 10:15:00,0,707,,,,,,,,,,,,,,,,,,
22/04/2024 10:00:00,0,708,,,,,,,,,,,,,,,,,,
22/04/2024 09:45:00,0,709,,,,,,,,,,,,,,,,,,
22/04/2024 09:30:00,0,709,,,,,,,,,,,,,,,,,,
22/04/2024 09:15:00,0,710,,,,,,,,,,,,,,,,,,
22/04/2024 09:00:00,0,710,,,,,,,,,,,,,,,,,,
22/04/2024 08:45:00,0,709,,,,,,,,,,,,,,,,,,
22/04/2024 08:30:00,0,710,,,,,,,,,,,,,,,,,,
22/04/2024 08:15:00,0,710,,,,,,,,,,,,,,,,,,
22/04/2024 08:00:00,0,710,,,,,,,,,,,,,,,,,,
22/04/2024 07:45:00,0,710,,,,,,,,,,,,,,,,,,
22/04/2024 07:30:00,0,710,,,,,,,,,,,,,,,,,,
22/04/2024 07:15:00,0,710,,,,,,,,,,,,,,,,,,
22/04/2024 07:00:00,0,710,,,,,,,,,,,,,,,,,,
22/04/2024 06:45:00,0,711,,,,,,,,,,,,,,,,,,
22/04/2024 06:30:00,0,711,,,,,,,,,,,,,,,,,,
22/04/2024 06:15:00,0,711,,,,,,,,,,,,,,,,,,
22/04/2024 06:00:00,0,711,,,,,,,,,,,,,,,,,,
22/04/2024 05:45:00,0,712,,,,,,,,,,,,,,,,,,
22/04/2024 05:30:00,0,711,,,,,,,,,,,,,,,,,,
22/04/2024 05:15:00,0,712,,,,,,,,,,,,,,,,,,
22/04/2024 05:00:00,0,712,,,,,,,,,,,,,,,,,,
22/04/2024 04:45:00,0,712,,,,,,,,,,,,,,,,,,
22/04/2024 04:30:00,0,713,,,,,,,,,,,,,,,,,,
22/04/2024 04:15:00,0,713,,,,,,,,,,,,,,,,,,
22/04/2024 04:00:00,0,713,,,,,,,,,,,,,,,,,,
22/04/2024 03:45:00,0,713,,,,,,,,,,,,,,,,,,
22/04/2024 03:30:00,0,713,,,,,,,,,,,,,,,,,,
22/04/2024 03:15:00,0,712,,,,,,,,,,,,,,,,,,
22/04/2024 03:00:00,0,714,,,,,,,,,,,,,,,,,,
22/04/2024 02:45:00,0,714,,,,,,,,,,,,,,,,,,
22/04/2024 02:30:00,0,714,,,,,,,,,,,,,,,,,,
22/04/2024 02:15:00,0,714,,,,,,,,,,,,,,,,,,
22/04/2024 02:00:00,0,715,,,,,,,,,,,,,,,,,,
22/04/2024 01:45:00,0,715,,,,,,,,,,,,,,,,,,
22/04/2024 01:30:00,0,715,,,,,,,,,,,,,,,,,,
22/04/2024 01:15:00,0,715,,,,,,,,,,,,,,,,,,
22/04/2024 01:00:00,0,715,,,,,,,,,,,,,,,,,,
22/04/2024 00:45:00,0,715,,,,,,,,,,,,,,,,,,
22/04/2024 00:30:00,0,715,,,,,,,,,,,,,,,,,,
22/04/2024 00:15:00,0,715,,,,,,,,,,,,,,,,,,
22/04/2024 00:00:00,0,716,,,,,,,,,,,,,,,,,,
21/04/2024 23:45:00,0,716,,,,,,,,,,,,,,,,,,
21/04/2024 23:30:00,0,716,,,,,,,,,,,,,,,,,,
21/04/2024 23:15:00,0,716,,,,,,,,,,,,,,,,,,
21/04/2024 23:00:00,0,716,,,,,,,,,,,,,,,,,,
21/04/2024 22:45:00,0,716,,,,,,,,,,,,,,,,,,
21/04/2024 22:30:00,0,715,,,,,,,,,,,,,,,,,,
21/04/2024 22:15:00,0,716,,,,,,,,,,,,,,,,,,
21/04/2024 22:00:00,0,717,,,,,,,,,,,,,,,,,,
21/04/2024 21:45:00,0,716,,,,,,,,,,,,,,,,,,
21/04/2024 21:30:00,0,715,,,,,,,,,,,,,,,,,,
21/04/2024 21:15:00,0,716,,,,,,,,,,,,,,,,,,
21/04/2024 21:00:00,0,716,,,,,,,,,,,,,,,,,,
21/04/2024 20:45:00,0,717,,,,,,,,,,,,,,,,,,
21/04/2024 20:30:00,0,716,,,,,,,,,,,,,,,,,,
21/04/2024 20:15:00,0,717,,,,,,,,,,,,,,,,,,
21/04/2024 20:00:00,0,717,,,,,,,,,,,,,,,,,,
21/04/2024 19:45:00,0,716,,,,,,,,,,,,,,,,,,
21/04/2024 19:30:00,0,716,,,,,,,,,,,,,,,,,,
21/04/2024 19:15:00,0,717,,,,,,,,,,,,,,,,,,
21/04/2024 19:00:00,0,717,,,,,,,,,,,,,,,,,,
21/04/2024 18:45:00,0,717,,,,,,,,,,,,,,,,,,
21/04/2024 18:30:00,0,718,,,,,,,,,,,,,,,,,,
21/04/2024 18:15:00,0,717,,,,,,,,,,,,,,,,,,
21/04/2024 18:00:00,0,716,,,,,,,,,,,,,,,,,,
21/04/2024 17:45:00,0,717,,,,,,,,,,,,,,,,,,
21/04/2024 17:30:00,0,718,,,,,,,,,,,,,,,,,,
21/04/2024 17:15:00,0,718,,,,,,,,,,,,,,,,,,
21/04/2024 17:00:00,0,717,,,,,,,,,,,,,,,,,,
21/04/2024 16:45:00,0,717,,,,,,,,,,,,,,,,,,
21/04/2024 16:30:00,0,719,,,,,,,,,,,,,,,,,,
21/04/2024 16:15:00,0,718,,,,,,,,,,,,,,,,,,
21/04/2024 16:00:00,0,717,,,,,,,,,,,,,,,,,,
21/04/2024 15:45:00,0,717,,,,,,,,,,,,,,,,,,
21/04/2024 15:30:00,0,718,,,,,,,,,,,,,,,,,,
21/04/2024 15:15:00,0,719,,,,,,,,,,,,,,,,,,
21/04/2024 15:00:00,0,719,,,,,,,,,,,,,,,,,,
21/04/2024 14:45:00,0,719,,,,,,,,,,,,,,,,,,
21/04/2024 14:30:00,0,719,,,,,,,,,,,,,,,,,,
21/04/2024 14:15:00,0,719,,,,,,,,,,,,,,,,,,
21/04/2024 14:00:00,0,718,,,,,,,,,,,,,,,,,,
21/04/2024 13:45:00,0,718,,,,,,,,,,,,,,,,,,
21/04/2024 13:30:00,0,719,,,,,,,,,,,,,,,,,,
21/04/2024 13:15:00,0,718,,,,,,,,,,,,,,,,,,
21/04/2024 13:00:00,0,719,,,,,,,,,,,,,,,,,,
21/04/2024 12:45:00,0,721,,,,,,,,,,,,,,,,,,
21/04/2024 12:30:00,0,720,,,,,,,,,,,,,,,,,,
21/04/2024 12:15:00,0,719,,,,,,,,,,,,,,,,,,
21/04/2024 12:00:00,0,720,,,,,,,,,,,,,,,,,,
21/04/2024 11:45:00,0,719,,,,,,,,,,,,,,,,,,
21/04/2024 11:30:00,0,719,,,,,,,,,,,,,,,,,,
21/04/2024 11:15:00,0,719,,,,,,,,,,,,,,,,,,
21/04/2024 11:00:00,0,719,,,,,,,,,,,,,,,,,,
21/04/2024 10:45:00,0,720,,,,,,,,,,,,,,,,,,
21/04/2024 10:30:00,0,718,,,,,,,,,,,,,,,,,,
21/04/2024 10:15:00,0,719,,,,,,,,,,,,,,,,,,
21/04/2024 10:00:00,0,719,,,,,,,,,,,,,,,,,,
21/04/2024 09:45:00,0,720,,,,,,,,,,,,,,,,,,
21/04/2024 09:30:00,0,721,,,,,,,,,,,,,,,,,,
21/04/2024 09:15:00,0,721,,,,,,,,,,,,,,,,,,
21/04/2024 09:00:00,0,720,,,,,,,,,,,,,,,,,,
21/04/2024 08:45:00,0,720,,,,,,,,,,,,,,,,,,
21/04/2024 08:30:00,0,719,,,,,,,,,,,,,,,,,,
21/04/2024 08:15:00,0,721,,,,,,,,,,,,,,,,,,
21/04/2024 08:00:00,0,721,,,,,,,,,,,,,,,,,,
21/04/2024 07:45:00,0,721,,,,,,,,,,,,,,,,,,
21/04/2024 07:30:00,0,721,,,,,,,,,,,,,,,,,,
21/04/2024 07:15:00,0,722,,,,,,,,,,,,,,,,,,
21/04/2024 07:00:00,0,723,,,,,,,,,,,,,,,,,,
21/04/2024 06:45:00,0.2,721,,,,,,,,,,,,,,,,,,
21/04/2024 06:30:00,0,722,,,,,,,,,,,,,,,,,,
21/04/2024 06:15:00,0,723,,,,,,,,,,,,,,,,,,
21/04/2024 06:00:00,0,722,,,,,,,,,,,,,,,,,,
21/04/2024 05:45:00,0,720,,,,,,,,,,,,,,,,,,
21/04/2024 05:30:00,0,721,,,,,,,,,,,,,,,,,,
21/04/2024 05:15:00,0,720,,,,,,,,,,,,,,,,,,
21/04/2024 05:00:00,0,720,,,,,,,,,,,,,,,,,,
21/04/2024 04:45:00,0,720,,,,,,,,,,,,,,,,,,
21/04/2024 04:30:00,0,721,,,,,,,,,,,,,,,,,,
21/04/2024 04:15:00,0,721,,,,,,,,,,,,,,,,,,
21/04/2024 04:00:00,0,721,,,,,,,,,,,,,,,,,,
21/04/2024 03:45:00,0,721,,,,,,,,,,,,,,,,,,
21/04/2024 03:30:00,0,721,,,,,,,,,,,,,,,,,,
21/04/2024 03:15:00,0,722,,,,,,,,,,,,,,,,,,
21/04/2024 03:00:00,0,722,,,,,,,,,,,,,,,,,,
21/04/2024 02:45:00,0,722,,,,,,,,,,,,,,,,,,
21/04/2024 02:30:00,0,722,,,,,,,,,,,,,,,,,,
21/04/2024 02:15:00,0,721,,,,,,,,,,,,,,,,,,
21/04/2024 02:00:00,0,721,,,,,,,,,,,,,,,,,,
21/04/2024 01:45:00,0,721,,,,,,,,,,,,,,,,,,
21/04/2024 01:30:00,0,720,,,,,,,,,,,,,,,,,,
21/04/2024 01:15:00,0,720,,,,,,,,,,,,,,,,,,
21/04/2024 01:00:00,0,720,,,,,,,,,,,,,,,,,,
21/04/2024 00:45:00,0,721,,,,,,,,,,,,,,,,,,
21/04/2024 00:30:00,0,721,,,,,,,,,,,,,,,,,,
21/04/2024 00:15:00,0,721,,,,,,,,,,,,,,,,,,
21/04/2024 00:00:00,0,721,,,,,,,,,,,,,,,,,,
20/04/2024 23:45:00,0,720,,,,,,,,,,,,,,,,,,
20/04/2024 23:30:00,0,720,,,,,,,,,,,,,,,,,,
20/04/2024 23:15:00,0,720,,,,,,,,,,,,,,,,,,
20/04/2024 23:00:00,0,720,,,,,,,,,,,,,,,,,,
20/04/2024 22:45:00,0,721,,,,,,,,,,,,,,,,,,
20/04/2024 22:30:00,0,721,,,,,,,,,,,,,,,,,,
20/04/2024 22:15:00,0,721,,,,,,,,,,,,,,,,,,
20/04/2024 22:00:00,0,720,,,,,,,,,,,,,,,,,,
20/04/2024 21:45:00,0,721,,,,,,,,,,,,,,,,,,
20/04/2024 21:30:00,0,720,,,,,,,,,,,,,,,,,,
20/04/2024 21:15:00,0,719,,,,,,,,,,,,,,,,,,
20/04/2024 21:00:00,0,720,,,,,,,,,,,,,,,,,,
20/04/2024 20:45:00,0,720,,,,,,,,,,,,,,,,,,
20/04/2024 20:30:00,0,724,,,,,,,,,,,,,,,,,,
20/04/2024 20:15:00,0,724,,,,,,,,,,,,,,,,,,
20/04/2024 20:00:00,0,723,,,,,,,,,,,,,,,,,,
20/04/2024 19:45:00,0,722,,,,,,,,,,,,,,,,,,
20/04/2024 19:30:00,0,724,,,,,,,,,,,,,,,,,,
20/04/2024 19:15:00,0,724,,,,,,,,,,,,,,,,,,
20/04/2024 19:00:00,0,725,,,,,,,,,,,,,,,,,,
20/04/2024 18:45:00,0,719,,,,,,,,,,,,,,,,,,
20/04/2024 18:30:00,0,723,,,,,,,,,,,,,,,,,,
20/04/2024 18:15:00,0,723,,,,,,,,,,,,,,,,,,
20/04/2024 18:00:00,0,723,,,,,,,,,,,,,,,,,,
20/04/2024 17:45:00,0,722,,,,,,,,,,,,,,,,,,
20/04/2024 17:30:00,0,721,,,,,,,,,,,,,,,,,,
20/04/2024 17:15:00,0,721,,,,,,,,,,,,,,,,,,
20/04/2024 17:00:00,0,720,,,,,,,,,,,,,,,,,,
20/04/2024 16:45:00,0,720,,,,,,,,,,,,,,,,,,
20/04/2024 16:30:00,0,720,,,,,,,,,,,,,,,,,,
20/04/2024 16:15:00,0,721,,,,,,,,,,,,,,,,,,
20/04/2024 16:00:00,0,721,,,,,,,,,,,,,,,,,,
20/04/2024 15:45:00,0,721,,,,,,,,,,,,,,,,,,
20/04/2024 15:30:00,0,722,,,,,,,,,,,,,,,,,,
20/04/2024 15:15:00,0,722,,,,,,,,,,,,,,,,,,
20/04/2024 15:00:00,0,721,,,,,,,,,,,,,,,,,,
20/04/2024 14:45:00,0,722,,,,,,,,,,,,,,,,,,
20/04/2024 14:30:00,0,720,,,,,,,,,,,,,,,,,,
20/04/2024 14:15:00,0,721,,,,,,,,,,,,,,,,,,
20/04/2024 14:00:00,0,721,,,,,,,,,,,,,,,,,,
20/04/2024 13:45:00,0,721,,,,,,,,,,,,,,,,,,
20/04/2024 13:30:00,0,722,,,,,,,,,,,,,,,,,,
20/04/2024 13:15:00,0,721,,,,,,,,,,,,,,,,,,
20/04/2024 13:00:00,0,719,,,,,,,,,,,,,,,,,,
20/04/2024 12:45:00,0,720,,,,,,,,,,,,,,,,,,
20/04/2024 12:30:00,0,723,,,,,,,,,,,,,,,,,,
20/04/2024 12:15:00,0,718,,,,,,,,,,,,,,,,,,
20/04/2024 12:00:00,0,718,,,,,,,,,,,,,,,,,,
20/04/2024 11:45:00,0,731,,,,,,,,,,,,,,,,,,
20/04/2024 11:30:00,0,719,,,,,,,,,,,,,,,,,,
20/04/2024 11:15:00,0,719,,,,,,,,,,,,,,,,,,
20/04/2024 11:00:00,0,718,,,,,,,,,,,,,,,,,,
20/04/2024 10:45:00,0,726,,,,,,,,,,,,,,,,,,
20/04/2024 10:30:00,0,737,,,,,,,,,,,,,,,,,,
20/04/2024 10:15:00,0,718,,,,,,,,,,,,,,,,,,
20/04/2024 10:00:00,0,717,,,,,,,,,,,,,,,,,,
20/04/2024 09:45:00,0,717,,,,,,,,,,,,,,,,,,
20/04/2024 09:30:00,0,718,,,,,,,,,,,,,,,,,,
20/04/2024 09:15:00,0,716,,,,,,,,,,,,,,,,,,
20/04/2024 09:00:00,0,716,,,,,,,,,,,,,,,,,,
20/04/2024 08:45:00,0,716,,,,,,,,,,,,,,,,,,
20/04/2024 08:30:00,0,717,,,,,,,,,,,,,,,,,,
20/04/2024 08:15:00,0,717,,,,,,,,,,,,,,,,,,
20/04/2024 08:00:00,0,720,,,,,,,,,,,,,,,,,,
20/04/2024 07:45:00,0,716,,,,,,,,,,,,,,,,,,
20/04/2024 07:30:00,0,716,,,,,,,,,,,,,,,,,,
20/04/2024 07:15:00,0.2,715,,,,,,,,,,,,,,,,,,
20/04/2024 07:00:00,0,715,,,,,,,,,,,,,,,,,,
20/04/2024 06:45:00,0,715,,,,,,,,,,,,,,,,,,
20/04/2024 06:30:00,0,715,,,,,,,,,,,,,,,,,,
20/04/2024 06:15:00,0,715,,,,,,,,,,,,,,,,,,
20/04/2024 06:00:00,0,715,,,,,,,,,,,,,,,,,,
20/04/2024 05:45:00,0,714,,,,,,,,,,,,,,,,,,
20/04/2024 05:30:00,0,713,,,,,,,,,,,,,,,,,,
20/04/2024 05:15:00,0,713,,,,,,,,,,,,,,,,,,
20/04/2024 05:00:00,0,713,,,,,,,,,,,,,,,,,,
20/04/2024 04:45:00,0,714,,,,,,,,,,,,,,,,,,
20/04/2024 04:30:00,0,713,,,,,,,,,,,,,,,,,,
20/04/2024 04:15:00,0,713,,,,,,,,,,,,,,,,,,
20/04/2024 04:00:00,0,712,,,,,,,,,,,,,,,,,,
20/04/2024 03:45:00,0,713,,,,,,,,,,,,,,,,,,
20/04/2024 03:30:00,0,712,,,,,,,,,,,,,,,,,,
20/04/2024 03:15:00,0,712,,,,,,,,,,,,,,,,,,
20/04/2024 03:00:00,0,712,,,,,,,,,,,,,,,,,,
20/04/2024 02:45:00,0,711,,,,,,,,,,,,,,,,,,
20/04/2024 02:30:00,0,711,,,,,,,,,,,,,,,,,,
20/04/2024 02:15:00,0,711,,,,,,,,,,,,,,,,,,
20/04/2024 02:00:00,0,711,,,,,,,,,,,,,,,,,,
20/04/2024 01:45:00,0,712,,,,,,,,,,,,,,,,,,
20/04/2024 01:30:00,0,711,,,,,,,,,,,,,,,,,,
20/04/2024 01:15:00,0,711,,,,,,,,,,,,,,,,,,
20/04/2024 01:00:00,0,710,,,,,,,,,,,,,,,,,,
20/04/2024 00:45:00,0,710,,,,,,,,,,,,,,,,,,
20/04/2024 00:30:00,0,711,,,,,,,,,,,,,,,,,,
20/04/2024 00:15:00,0,710,,,,,,,,,,,,,,,,,,
20/04/2024 00:00:00,0,710,,,,,,,,,,,,,,,,,,
19/04/2024 23:45:00,0,710,,,,,,,,,,,,,,,,,,
19/04/2024 23:30:00,0,708,,,,,,,,,,,,,,,,,,
19/04/2024 23:15:00,0,708,,,,,,,,,,,,,,,,,,
19/04/2024 23:00:00,0,709,,,,,,,,,,,,,,,,,,
19/04/2024 22:45:00,0,708,,,,,,,,,,,,,,,,,,
19/04/2024 22:30:00,0,709,,,,,,,,,,,,,,,,,,
19/04/2024 22:15:00,0,708,,,,,,,,,,,,,,,,,,
19/04/2024 22:00:00,0,708,,,,,,,,,,,,,,,,,,
19/04/2024 21:45:00,0,707,,,,,,,,,,,,,,,,,,
19/04/2024 21:30:00,0,705,,,,,,,,,,,,,,,,,,
19/04/2024 21:15:00,0,706,,,,,,,,,,,,,,,,,,
19/04/2024 21:00:00,0,707,,,,,,,,,,,,,,,,,,
19/04/2024 20:45:00,0,708,,,,,,,,,,,,,,,,,,
19/04/2024 20:30:00,0,707,,,,,,,,,,,,,,,,,,
19/04/2024 20:15:00,0,704,,,,,,,,,,,,,,,,,,
19/04/2024 20:00:00,0,704,,,,,,,,,,,,,,,,,,
19/04/2024 19:45:00,0,706,,,,,,,,,,,,,,,,,,
19/04/2024 19:30:00,0,706,,,,,,,,,,,,,,,,,,
19/04/2024 19:15:00,0,704,,,,,,,,,,,,,,,,,,
19/04/2024 19:00:00,0,703,,,,,,,,,,,,,,,,,,
19/04/2024 18:45:00,0,704,,,,,,,,,,,,,,,,,,
19/04/2024 18:30:00,0,705,,,,,,,,,,,,,,,,,,
19/04/2024 18:15:00,0,704,,,,,,,,,,,,,,,,,,
19/04/2024 18:00:00,0,703,,,,,,,,,,,,,,,,,,
19/04/2024 17:45:00,0,704,,,,,,,,,,,,,,,,,,
19/04/2024 17:30:00,0,704,,,,,,,,,,,,,,,,,,
19/04/2024 17:15:00,0,703,,,,,,,,,,,,,,,,,,
19/04/2024 17:00:00,0,704,,,,,,,,,,,,,,,,,,
19/04/2024 16:45:00,0,703,,,,,,,,,,,,,,,,,,
19/04/2024 16:30:00,0,703,,,,,,,,,,,,,,,,,,
19/04/2024 16:15:00,0,702,,,,,,,,,,,,,,,,,,
19/04/2024 16:00:00,0,702,,,,,,,,,,,,,,,,,,
19/04/2024 15:45:00,0,702,,,,,,,,,,,,,,,,,,
19/04/2024 15:30:00,0,702,,,,,,,,,,,,,,,,,,
19/04/2024 15:15:00,0,702,,,,,,,,,,,,,,,,,,
19/04/2024 15:00:00,0,701,,,,,,,,,,,,,,,,,,
19/04/2024 14:45:00,0,699,,,,,,,,,,,,,,,,,,
19/04/2024 14:30:00,0,701,,,,,,,,,,,,,,,,,,
19/04/2024 14:15:00,0,700,,,,,,,,,,,,,,,,,,
19/04/2024 14:00:00,0,700,,,,,,,,,,,,,,,,,,
19/04/2024 13:45:00,0,699,,,,,,,,,,,,,,,,,,
19/04/2024 13:30:00,0,698,,,,,,,,,,,,,,,,,,
19/04/2024 13:15:00,0,698,,,,,,,,,,,,,,,,,,
19/04/2024 13:00:00,0,698,,,,,,,,,,,,,,,,,,
19/04/2024 12:45:00,0,697,,,,,,,,,,,,,,,,,,
19/04/2024 12:30:00,0,696,,,,,,,,,,,,,,,,,,
19/04/2024 12:15:00,0,697,,,,,,,,,,,,,,,,,,
19/04/2024 12:00:00,0,696,,,,,,,,,,,,,,,,,,
19/04/2024 11:45:00,0,696,,,,,,,,,,,,,,,,,,
19/04/2024 11:30:00,0,696,,,,,,,,,,,,,,,,,,
19/04/2024 11:15:00,0,695,,,,,,,,,,,,,,,,,,
19/04/2024 11:00:00,0,695,,,,,,,,,,,,,,,,,,
19/04/2024 10:45:00,0,694,,,,,,,,,,,,,,,,,,
19/04/2024 10:30:00,0,693,,,,,,,,,,,,,,,,,,
19/04/2024 10:15:00,0,693,,,,,,,,,,,,,,,,,,
19/04/2024 10:00:00,0,693,,,,,,,,,,,,,,,,,,
19/04/2024 09:45:00,0,693,,,,,,,,,,,,,,,,,,
19/04/2024 09:30:00,0,692,,,,,,,,,,,,,,,,,,
19/04/2024 09:15:00,0,692,,,,,,,,,,,,,,,,,,
19/04/2024 09:00:00,0,692,,,,,,,,,,,,,,,,,,
19/04/2024 08:45:00,0,691,,,,,,,,,,,,,,,,,,
19/04/2024 08:30:00,0,691,,,,,,,,,,,,,,,,,,
19/04/2024 08:15:00,0,690,,,,,,,,,,,,,,,,,,
19/04/2024 08:00:00,0,691,,,,,,,,,,,,,,,,,,
19/04/2024 07:45:00,0.2,689,,,,,,,,,,,,,,,,,,
19/04/2024 07:30:00,0,689,,,,,,,,,,,,,,,,,,
19/04/2024 07:15:00,0,689,,,,,,,,,,,,,,,,,,
19/04/2024 07:00:00,0,688,,,,,,,,,,,,,,,,,,
19/04/2024 06:45:00,0,688,,,,,,,,,,,,,,,,,,
19/04/2024 06:30:00,0,686,,,,,,,,,,,,,,,,,,
19/04/2024 06:15:00,0,685,,,,,,,,,,,,,,,,,,
19/04/2024 06:00:00,0,684,,,,,,,,,,,,,,,,,,
19/04/2024 05:45:00,0,684,,,,,,,,,,,,,,,,,,
19/04/2024 05:30:00,0,684,,,,,,,,,,,,,,,,,,
19/04/2024 05:15:00,0,683,,,,,,,,,,,,,,,,,,
19/04/2024 05:00:00,0,682,,,,,,,,,,,,,,,,,,
19/04/2024 04:45:00,0,682,,,,,,,,,,,,,,,,,,
19/04/2024 04:30:00,0,681,,,,,,,,,,,,,,,,,,
19/04/2024 04:15:00,0,681,,,,,,,,,,,,,,,,,,
19/04/2024 04:00:00,0,681,,,,,,,,,,,,,,,,,,
19/04/2024 03:45:00,0,680,,,,,,,,,,,,,,,,,,
19/04/2024 03:30:00,0,680,,,,,,,,,,,,,,,,,,
19/04/2024 03:15:00,0,680,,,,,,,,,,,,,,,,,,
19/04/2024 03:00:00,0,679,,,,,,,,,,,,,,,,,,
19/04/2024 02:45:00,0,679,,,,,,,,,,,,,,,,,,
19/04/2024 02:30:00,0,679,,,,,,,,,,,,,,,,,,
19/04/2024 02:15:00,0,678,,,,,,,,,,,,,,,,,,
19/04/2024 02:00:00,0,678,,,,,,,,,,,,,,,,,,
19/04/2024 01:45:00,0,678,,,,,,,,,,,,,,,,,,
19/04/2024 01:30:00,0,676,,,,,,,,,,,,,,,,,,
19/04/2024 01:15:00,0,676,,,,,,,,,,,,,,,,,,
19/04/2024 01:00:00,0,675,,,,,,,,,,,,,,,,,,
19/04/2024 00:45:00,0,675,,,,,,,,,,,,,,,,,,
19/04/2024 00:30:00,0,675,,,,,,,,,,,,,,,,,,
19/04/2024 00:15:00,0,674,,,,,,,,,,,,,,,,,,
19/04/2024 00:00:00,0,673,,,,,,,,,,,,,,,,,,
18/04/2024 23:45:00,0,673,,,,,,,,,,,,,,,,,,
18/04/2024 23:30:00,0,673,,,,,,,,,,,,,,,,,,
18/04/2024 23:15:00,0,672,,,,,,,,,,,,,,,,,,
18/04/2024 23:00:00,0,671,,,,,,,,,,,,,,,,,,
18/04/2024 22:45:00,0,671,,,,,,,,,,,,,,,,,,
18/04/2024 22:30:00,0,670,,,,,,,,,,,,,,,,,,
18/04/2024 22:15:00,0,670,,,,,,,,,,,,,,,,,,
18/04/2024 22:00:00,0,670,,,,,,,,,,,,,,,,,,
18/04/2024 21:45:00,0,669,,,,,,,,,,,,,,,,,,
18/04/2024 21:30:00,0,669,,,,,,,,,,,,,,,,,,
18/04/2024 21:15:00,0,668,,,,,,,,,,,,,,,,,,
18/04/2024 21:00:00,0,667,,,,,,,,,,,,,,,,,,
18/04/2024 20:45:00,0,667,,,,,,,,,,,,,,,,,,
18/04/2024 20:30:00,0,666,,,,,,,,,,,,,,,,,,
18/04/2024 20:15:00,0,666,,,,,,,,,,,,,,,,,,
18/04/2024 20:00:00,0,666,,,,,,,,,,,,,,,,,,
18/04/2024 19:45:00,0,665,,,,,,,,,,,,,,,,,,
18/04/2024 19:30:00,0,664,,,,,,,,,,,,,,,,,,
18/04/2024 19:15:00,0,664,,,,,,,,,,,,,,,,,,
18/04/2024 19:00:00,0,663,,,,,,,,,,,,,,,,,,
18/04/2024 18:45:00,0,663,,,,,,,,,,,,,,,,,,
18/04/2024 18:30:00,0,663,,,,,,,,,,,,,,,,,,
18/04/2024 18:15:00,0,665,,,,,,,,,,,,,,,,,,
18/04/2024 18:00:00,0,663,,,,,,,,,,,,,,,,,,
18/04/2024 17:45:00,0,663,,,,,,,,,,,,,,,,,,
18/04/2024 17:30:00,0,661,,,,,,,,,,,,,,,,,,
18/04/2024 17:15:00,0,658,,,,,,,,,,,,,,,,,,
18/04/2024 17:00:00,0,658,,,,,,,,,,,,,,,,,,
18/04/2024 16:45:00,0,659,,,,,,,,,,,,,,,,,,
18/04/2024 16:30:00,0,657,,,,,,,,,,,,,,,,,,
18/04/2024 16:15:00,0,657,,,,,,,,,,,,,,,,,,
18/04/2024 16:00:00,0,656,,,,,,,,,,,,,,,,,,
18/04/2024 15:45:00,0,656,,,,,,,,,,,,,,,,,,
18/04/2024 15:30:00,0,655,,,,,,,,,,,,,,,,,,
18/04/2024 15:15:00,0,656,,,,,,,,,,,,,,,,,,
18/04/2024 15:00:00,0,654,,,,,,,,,,,,,,,,,,
18/04/2024 14:45:00,0,656,,,,,,,,,,,,,,,,,,
18/04/2024 14:30:00,0,653,,,,,,,,,,,,,,,,,,
18/04/2024 14:15:00,0,653,,,,,,,,,,,,,,,,,,
18/04/2024 14:00:00,0,654,,,,,,,,,,,,,,,,,,
18/04/2024 13:45:00,0,651,,,,,,,,,,,,,,,,,,
18/04/2024 13:30:00,0,650,,,,,,,,,,,,,,,,,,
18/04/2024 13:15:00,0,648,,,,,,,,,,,,,,,,,,
18/04/2024 13:00:00,0,649,,,,,,,,,,,,,,,,,,
18/04/2024 12:45:00,0,648,,,,,,,,,,,,,,,,,,
18/04/2024 12:30:00,0,648,,,,,,,,,,,,,,,,,,
18/04/2024 12:15:00,0,647,,,,,,,,,,,,,,,,,,
18/04/2024 12:00:00,0,645,,,,,,,,,,,,,,,,,,
18/04/2024 11:45:00,0,644,,,,,,,,,,,,,,,,,,
18/04/2024 11:30:00,0,644,,,,,,,,,,,,,,,,,,
18/04/2024 11:15:00,0,642,,,,,,,,,,,,,,,,,,
18/04/2024 11:00:00,0,644,,,,,,,,,,,,,,,,,,
18/04/2024 10:45:00,0,643,,,,,,,,,,,,,,,,,,
18/04/2024 10:30:00,0,641,,,,,,,,,,,,,,,,,,
18/04/2024 10:15:00,0,644,,,,,,,,,,,,,,,,,,
18/04/2024 10:00:00,0,644,,,,,,,,,,,,,,,,,,
18/04/2024 09:45:00,0,643,,,,,,,,,,,,,,,,,,
18/04/2024 09:30:00,0,643,,,,,,,,,,,,,,,,,,
18/04/2024 09:15:00,0,641,,,,,,,,,,,,,,,,,,
18/04/2024 09:00:00,0,641,,,,,,,,,,,,,,,,,,
18/04/2024 08:45:00,0,641,,,,,,,,,,,,,,,,,,
18/04/2024 08:30:00,0,640,,,,,,,,,,,,,,,,,,
18/04/2024 08:15:00,0,640,,,,,,,,,,,,,,,,,,
18/04/2024 08:00:00,0,637,,,,,,,,,,,,,,,,,,
18/04/2024 07:45:00,0,635,,,,,,,,,,,,,,,,,,
18/04/2024 07:30:00,0,635,,,,,,,,,,,,,,,,,,
18/04/2024 07:15:00,0,633,,,,,,,,,,,,,,,,,,
18/04/2024 07:00:00,0,634,,,,,,,,,,,,,,,,,,
18/04/2024 06:45:00,0,633,,,,,,,,,,,,,,,,,,
18/04/2024 06:30:00,0,631,,,,,,,,,,,,,,,,,,
18/04/2024 06:15:00,0,631,,,,,,,,,,,,,,,,,,
18/04/2024 06:00:00,0,631,,,,,,,,,,,,,,,,,,
18/04/2024 05:45:00,0,630,,,,,,,,,,,,,,,,,,
18/04/2024 05:30:00,0,630,,,,,,,,,,,,,,,,,,
18/04/2024 05:15:00,0,627,,,,,,,,,,,,,,,,,,
18/04/2024 05:00:00,0,628,,,,,,,,,,,,,,,,,,
18/04/2024 04:45:00,0,627,,,,,,,,,,,,,,,,,,
18/04/2024 04:30:00,0,627,,,,,,,,,,,,,,,,,,
18/04/2024 04:15:00,0,626,,,,,,,,,,,,,,,,,,
18/04/2024 04:00:00,0,626,,,,,,,,,,,,,,,,,,
18/04/2024 03:45:00,0,624,,,,,,,,,,,,,,,,,,
18/04/2024 03:30:00,0,623,,,,,,,,,,,,,,,,,,
18/04/2024 03:15:00,0,623,,,,,,,,,,,,,,,,,,
18/04/2024 03:00:00,0,623,,,,,,,,,,,,,,,,,,
18/04/2024 02:45:00,0,621,,,,,,,,,,,,,,,,,,
18/04/2024 02:30:00,0,620,,,,,,,,,,,,,,,,,,
18/04/2024 02:15:00,0,621,,,,,,,,,,,,,,,,,,
18/04/2024 02:00:00,0,620,,,,,,,,,,,,,,,,,,
18/04/2024 01:45:00,0,619,,,,,,,,,,,,,,,,,,
18/04/2024 01:30:00,0,619,,,,,,,,,,,,,,,,,,
18/04/2024 01:15:00,0,618,,,,,,,,,,,,,,,,,,
18/04/2024 01:00:00,0,617,,,,,,,,,,,,,,,,,,
18/04/2024 00:45:00,0,616,,,,,,,,,,,,,,,,,,
18/04/2024 00:30:00,0,616,,,,,,,,,,,,,,,,,,
18/04/2024 00:15:00,0,615,,,,,,,,,,,,,,,,,,
18/04/2024 00:00:00,0,614,,,,,,,,,,,,,,,,,,
17/04/2024 23:45:00,0,613,,,,,,,,,,,,,,,,,,
17/04/2024 23:30:00,0,613,,,,,,,,,,,,,,,,,,
17/04/2024 23:15:00,0,613,,,,,,,,,,,,,,,,,,
17/04/2024 23:00:00,0,610,,,,,,,,,,,,,,,,,,
17/04/2024 22:45:00,0,610,,,,,,,,,,,,,,,,,,
17/04/2024 22:30:00,0,609,,,,,,,,,,,,,,,,,,
17/04/2024 22:15:00,0,610,,,,,,,,,,,,,,,,,,
17/04/2024 22:00:00,0,611,,,,,,,,,,,,,,,,,,
17/04/2024 21:45:00,0,610,,,,,,,,,,,,,,,,,,
17/04/2024 21:30:00,0,607,,,,,,,,,,,,,,,,,,
17/04/2024 21:15:00,0,605,,,,,,,,,,,,,,,,,,
17/04/2024 21:00:00,0,605,,,,,,,,,,,,,,,,,,
17/04/2024 20:45:00,0,604,,,,,,,,,,,,,,,,,,
17/04/2024 20:30:00,0,604,,,,,,,,,,,,,,,,,,
17/04/2024 20:15:00,0,603,,,,,,,,,,,,,,,,,,
17/04/2024 20:00:00,0,602,,,,,,,,,,,,,,,,,,
17/04/2024 19:45:00,0,601,,,,,,,,,,,,,,,,,,
17/04/2024 19:30:00,0,601,,,,,,,,,,,,,,,,,,
17/04/2024 19:15:00,0,600,,,,,,,,,,,,,,,,,,
17/04/2024 19:00:00,0,600,,,,,,,,,,,,,,,,,,
17/04/2024 18:45:00,0,598,,,,,,,,,,,,,,,,,,
17/04/2024 18:30:00,0,598,,,,,,,,,,,,,,,,,,
17/04/2024 18:15:00,0,597,,,,,,,,,,,,,,,,,,
17/04/2024 18:00:00,0,597,,,,,,,,,,,,,,,,,,
17/04/2024 17:45:00,0,596,,,,,,,,,,,,,,,,,,
17/04/2024 17:30:00,0,594,,,,,,,,,,,,,,,,,,
17/04/2024 17:15:00,0,592,,,,,,,,,,,,,,,,,,
17/04/2024 17:00:00,0,592,,,,,,,,,,,,,,,,,,
17/04/2024 16:45:00,0,591,,,,,,,,,,,,,,,,,,
17/04/2024 16:30:00,0,590,,,,,,,,,,,,,,,,,,
17/04/2024 16:15:00,0,590,,,,,,,,,,,,,,,,,,
17/04/2024 16:00:00,0,589,,,,,,,,,,,,,,,,,,
17/04/2024 15:45:00,0,587,,,,,,,,,,,,,,,,,,
17/04/2024 15:30:00,0,586,,,,,,,,,,,,,,,,,,
17/04/2024 15:15:00,0,589,,,,,,,,,,,,,,,,,,
17/04/2024 15:00:00,0,588,,,,,,,,,,,,,,,,,,
17/04/2024 14:45:00,0,589,,,,,,,,,,,,,,,,,,
17/04/2024 14:30:00,0,587,,,,,,,,,,,,,,,,,,
17/04/2024 14:15:00,0,584,,,,,,,,,,,,,,,,,,
17/04/2024 14:00:00,0,584,,,,,,,,,,,,,,,,,,
17/04/2024 13:45:00,0,582,,,,,,,,,,,,,,,,,,
17/04/2024 13:30:00,0,581,,,,,,,,,,,,,,,,,,
17/04/2024 13:15:00,0,582,,,,,,,,,,,,,,,,,,
17/04/2024 13:00:00,0,579,,,,,,,,,,,,,,,,,,
17/04/2024 12:45:00,0,578,,,,,,,,,,,,,,,,,,
17/04/2024 12:30:00,0,577,,,,,,,,,,,,,,,,,,
17/04/2024 12:15:00,0,577,,,,,,,,,,,,,,,,,,
17/04/2024 12:00:00,0.2,577,,,,,,,,,,,,,,,,,,
17/04/2024 11:45:00,0,577,,,,,,,,,,,,,,,,,,
17/04/2024 11:30:00,0,577,,,,,,,,,,,,,,,,,,
17/04/2024 11:15:00,0,591,,,,,,,,,,,,,,,,,,
17/04/2024 11:00:00,0,586,,,,,,,,,,,,,,,,,,
17/04/2024 10:45:00,0,587,,,,,,,,,,,,,,,,,,
17/04/2024 10:30:00,0,580,,,,,,,,,,,,,,,,,,
17/04/2024 10:15:00,0,576,,,,,,,,,,,,,,,,,,
17/04/2024 10:00:00,0,575,,,,,,,,,,,,,,,,,,
17/04/2024 09:45:00,0,574,,,,,,,,,,,,,,,,,,
17/04/2024 09:30:00,0,573,,,,,,,,,,,,,,,,,,
17/04/2024 09:15:00,0,572,,,,,,,,,,,,,,,,,,
17/04/2024 09:00:00,0,573,,,,,,,,,,,,,,,,,,
17/04/2024 08:45:00,0,571,,,,,,,,,,,,,,,,,,
17/04/2024 08:30:00,0,571,,,,,,,,,,,,,,,,,,
17/04/2024 08:15:00,0,570,,,,,,,,,,,,,,,,,,
17/04/2024 08:00:00,0,,,,,,,,,,,,,,,,,,,
17/04/2024 07:45:00,0,567,,,,,,,,,,,,,,,,,,
17/04/2024 07:30:00,0,,,,,,,,,,,,,,,,,,,
17/04/2024 07:15:00,0,,,,,,,,,,,,,,,,,,,
17/04/2024 07:00:00,0,,,,,,,,,,,,,,,,,,,
17/04/2024 06:45:00,0,,,,,,,,,,,,,,,,,,,
17/04/2024 06:30:00,0,,,,,,,,,,,,,,,,,,,
17/04/2024 06:15:00,0,,,,,,,,,,,,,,,,,,,
17/04/2024 06:00:00,0,,,,,,,,,,,,,,,,,,,
17/04/2024 05:45:00,0,,,,,,,,,,,,,,,,,,,
17/04/2024 05:30:00,0,,,,,,,,,,,,,,,,,,,
17/04/2024 05:15:00,0,,,,,,,,,,,,,,,,,,,
17/04/2024 05:00:00,0,,,,,,,,,,,,,,,,,,,
17/04/2024 04:45:00,0,,,,,,,,,,,,,,,,,,,
17/04/2024 04:30:00,0,,,,,,,,,,,,,,,,,,,
17/04/2024 04:15:00,0,,,,,,,,,,,,,,,,,,,
17/04/2024 04:00:00,0,,,,,,,,,,,,,,,,,,,
17/04/2024 03:45:00,0,,,,,,,,,,,,,,,,,,,
17/04/2024 03:30:00,0,,,,,,,,,,,,,,,,,,,
17/04/2024 03:15:00,0,550,,,,,,,,,,,,,,,,,,
17/04/2024 03:00:00,0,549,,,,,,,,,,,,,,,,,,
17/04/2024 02:45:00,0,547,,,,,,,,,,,,,,,,,,
17/04/2024 02:30:00,0,546,,,,,,,,,,,,,,,,,,
17/04/2024 02:15:00,0.2,547,,,,,,,,,,,,,,,,,,
17/04/2024 02:00:00,0,546,,,,,,,,,,,,,,,,,,
17/04/2024 01:45:00,0,545,,,,,,,,,,,,,,,,,,
17/04/2024 01:30:00,0,544,,,,,,,,,,,,,,,,,,
17/04/2024 01:15:00,0,542,,,,,,,,,,,,,,,,,,
17/04/2024 01:00:00,0,543,,,,,,,,,,,,,,,,,,
17/04/2024 00:45:00,0,541,,,,,,,,,,,,,,,,,,
17/04/2024 00:30:00,0,541,,,,,,,,,,,,,,,,,,
17/04/2024 00:15:00,0,539,,,,,,,,,,,,,,,,,,
17/04/2024 00:00:00,0,539,,,,,,,,,,,,,,,,,,
16/04/2024 23:45:00,0,538,,,,,,,,,,,,,,,,,,
16/04/2024 23:30:00,0,538,,,,,,,,,,,,,,,,,,
16/04/2024 23:15:00,0,537,,,,,,,,,,,,,,,,,,
16/04/2024 23:00:00,0,535,,,,,,,,,,,,,,,,,,
16/04/2024 22:45:00,0,535,,,,,,,,,,,,,,,,,,
16/04/2024 22:30:00,0,534,,,,,,,,,,,,,,,,,,
16/04/2024 22:15:00,0,534,,,,,,,,,,,,,,,,,,
16/04/2024 22:00:00,0,532,,,,,,,,,,,,,,,,,,
16/04/2024 21:45:00,0,531,,,,,,,,,,,,,,,,,,
16/04/2024 21:30:00,0,530,,,,,,,,,,,,,,,,,,
16/04/2024 21:15:00,0,530,,,,,,,,,,,,,,,,,,
16/04/2024 21:00:00,0,528,,,,,,,,,,,,,,,,,,
16/04/2024 20:45:00,0,527,,,,,,,,,,,,,,,,,,
16/04/2024 20:30:00,0,527,,,,,,,,,,,,,,,,,,
16/04/2024 20:15:00,0,526,,,,,,,,,,,,,,,,,,
16/04/2024 20:00:00,0,524,,,,,,,,,,,,,,,,,,
16/04/2024 19:45:00,0,523,,,,,,,,,,,,,,,,,,
16/04/2024 19:30:00,0,522,,,,,,,,,,,,,,,,,,
16/04/2024 19:15:00,0,521,,,,,,,,,,,,,,,,,,
16/04/2024 19:00:00,0,521,,,,,,,,,,,,,,,,,,
16/04/2024 18:45:00,0,519,,,,,,,,,,,,,,,,,,
16/04/2024 18:30:00,0,518,,,,,,,,,,,,,,,,,,
16/04/2024 18:15:00,0,517,,,,,,,,,,,,,,,,,,
16/04/2024 18:00:00,0,516,,,,,,,,,,,,,,,,,,
16/04/2024 17:45:00,0,515,,,,,,,,,,,,,,,,,,
16/04/2024 17:30:00,0.2,514,,,,,,,,,,,,,,,,,,
16/04/2024 17:15:00,0,512,,,,,,,,,,,,,,,,,,
16/04/2024 17:00:00,0.2,512,,,,,,,,,,,,,,,,,,
16/04/2024 16:45:00,0.2,511,,,,,,,,,,,,,,,,,,
16/04/2024 16:30:00,0,510,,,,,,,,,,,,,,,,,,
16/04/2024 16:15:00,0.8,508,,,,,,,,,,,,,,,,,,
16/04/2024 16:00:00,0,507,,,,,,,,,,,,,,,,,,
16/04/2024 15:45:00,0,506,,,,,,,,,,,,,,,,,,
16/04/2024 15:30:00,0.2,505,,,,,,,,,,,,,,,,,,
16/04/2024 15:15:00,0,504,,,,,,,,,,,,,,,,,,
16/04/2024 15:00:00,0,502,,,,,,,,,,,,,,,,,,
16/04/2024 14:45:00,0,501,,,,,,,,,,,,,,,,,,
16/04/2024 14:30:00,0.6,500,,,,,,,,,,,,,,,,,,
16/04/2024 14:15:00,0.2,499,,,,,,,,,,,,,,,,,,
16/04/2024 14:00:00,1.2,498,,,,,,,,,,,,,,,,,,
16/04/2024 13:45:00,0.6,492,,,,,,,,,,,,,,,,,,
16/04/2024 13:30:00,0.8,490,,,,,,,,,,,,,,,,,,
16/04/2024 13:15:00,0.8,489,,,,,,,,,,,,,,,,,,
16/04/2024 13:00:00,,488,,,,,,,,,,,,,,,,,,
16/04/2024 12:45:00,0.6,492,,,,,,,,,,,,,,,,,,
16/04/2024 12:30:00,0.8,490,,,,,,,,,,,,,,,,,,
16/04/2024 12:15:00,0.8,489,,,,,,,,,,,,,,,,,,
16/04/2024 12:00:00,1,488,,,,,,,,,,,,,,,,,,
16/04/2024 11:45:00,1.6,487,,,,,,,,,,,,,,,,,,
16/04/2024 11:30:00,3.4,485,,,,,,,,,,,,,,,,,,
16/04/2024 11:15:00,4.4,484,,,,,,,,,,,,,,,,,,
16/04/2024 11:00:00,3.2,484,,,,,,,,,,,,,,,,,,
16/04/2024 10:45:00,1.6,484,,,,,,,,,,,,,,,,,,
16/04/2024 10:30:00,0.4,482,,,,,,,,,,,,,,,,,,
16/04/2024 10:15:00,0.8,481,,,,,,,,,,,,,,,,,,
16/04/2024 10:00:00,0.2,480,,,,,,,,,,,,,,,,,,
16/04/2024 09:45:00,0,479,,,,,,,,,,,,,,,,,,
16/04/2024 09:30:00,0,479,,,,,,,,,,,,,,,,,,
16/04/2024 09:15:00,0,477,,,,,,,,,,,,,,,,,,
16/04/2024 09:00:00,0,476,,,,,,,,,,,,,,,,,,
16/04/2024 08:45:00,0.2,474,,,,,,,,,,,,,,,,,,
16/04/2024 08:30:00,0.2,474,,,,,,,,,,,,,,,,,,
16/04/2024 08:15:00,1.2,474,,,,,,,,,,,,,,,,,,
16/04/2024 08:00:00,0,472,,,,,,,,,,,,,,,,,,
16/04/2024 07:45:00,0.6,472,,,,,,,,,,,,,,,,,,
16/04/2024 07:30:00,1.6,471,,,,,,,,,,,,,,,,,,
16/04/2024 07:15:00,1.2,470,,,,,,,,,,,,,,,,,,
16/04/2024 07:00:00,1.2,470,,,,,,,,,,,,,,,,,,
16/04/2024 06:45:00,7.8,469,,,,,,,,,,,,,,,,,,
16/04/2024 06:30:00,4.8,468,,,,,,,,,,,,,,,,,,
16/04/2024 06:15:00,0.4,466,,,,,,,,,,,,,,,,,,
16/04/2024 06:00:00,3.2,466,,,,,,,,,,,,,,,,,,
16/04/2024 05:45:00,0,465,,,,,,,,,,,,,,,,,,
16/04/2024 05:30:00,0,464,,,,,,,,,,,,,,,,,,
16/04/2024 05:15:00,0,462,,,,,,,,,,,,,,,,,,
16/04/2024 05:00:00,0.6,461,,,,,,,,,,,,,,,,,,
16/04/2024 04:45:00,0,461,,,,,,,,,,,,,,,,,,
16/04/2024 04:30:00,0,460,,,,,,,,,,,,,,,,,,
16/04/2024 04:15:00,0,459,,,,,,,,,,,,,,,,,,
16/04/2024 04:00:00,0.2,459,,,,,,,,,,,,,,,,,,
16/04/2024 03:45:00,0,458,,,,,,,,,,,,,,,,,,
16/04/2024 03:30:00,0,459,,,,,,,,,,,,,,,,,,
16/04/2024 03:15:00,0,457,,,,,,,,,,,,,,,,,,
16/04/2024 03:00:00,0,456,,,,,,,,,,,,,,,,,,
16/04/2024 02:45:00,0,455,,,,,,,,,,,,,,,,,,
16/04/2024 02:30:00,0,456,,,,,,,,,,,,,,,,,,
16/04/2024 02:15:00,0,454,,,,,,,,,,,,,,,,,,
16/04/2024 02:00:00,0,454,,,,,,,,,,,,,,,,,,
16/04/2024 01:45:00,0,453,,,,,,,,,,,,,,,,,,
16/04/2024 01:30:00,0,452,,,,,,,,,,,,,,,,,,
16/04/2024 01:15:00,0,452,,,,,,,,,,,,,,,,,,
16/04/2024 01:00:00,0,450,,,,,,,,,,,,,,,,,,
16/04/2024 00:45:00,0,450,,,,,,,,,,,,,,,,,,
16/04/2024 00:30:00,0,449,,,,,,,,,,,,,,,,,,
16/04/2024 00:15:00,0,449,,,,,,,,,,,,,,,,,,
16/04/2024 00:00:00,0,448,,,,,,,,,,,,,,,,,,
15/04/2024 23:45:00,0,447,,,,,,,,,,,,,,,,,,
15/04/2024 23:30:00,0,447,,,,,,,,,,,,,,,,,,
15/04/2024 23:15:00,0,446,,,,,,,,,,,,,,,,,,
15/04/2024 23:00:00,0,445,,,,,,,,,,,,,,,,,,
15/04/2024 22:45:00,0,445,,,,,,,,,,,,,,,,,,
15/04/2024 22:30:00,0,445,,,,,,,,,,,,,,,,,,
15/04/2024 22:15:00,0,443,,,,,,,,,,,,,,,,,,
15/04/2024 22:00:00,0,443,,,,,,,,,,,,,,,,,,
15/04/2024 21:45:00,0,442,,,,,,,,,,,,,,,,,,
15/04/2024 21:30:00,0,442,,,,,,,,,,,,,,,,,,
15/04/2024 21:15:00,0.8,441,,,,,,,,,,,,,,,,,,
15/04/2024 21:00:00,0,439,,,,,,,,,,,,,,,,,,
15/04/2024 20:45:00,0,439,,,,,,,,,,,,,,,,,,
15/04/2024 20:30:00,0,437,,,,,,,,,,,,,,,,,,
15/04/2024 20:15:00,0,437,,,,,,,,,,,,,,,,,,
15/04/2024 20:00:00,0,438,,,,,,,,,,,,,,,,,,
15/04/2024 19:45:00,0,436,,,,,,,,,,,,,,,,,,
15/04/2024 19:30:00,0,436,,,,,,,,,,,,,,,,,,
15/04/2024 19:15:00,0,435,,,,,,,,,,,,,,,,,,
15/04/2024 19:00:00,0,435,,,,,,,,,,,,,,,,,,
15/04/2024 18:45:00,0,435,,,,,,,,,,,,,,,,,,
15/04/2024 18:30:00,0,434,,,,,,,,,,,,,,,,,,
15/04/2024 18:15:00,0,433,,,,,,,,,,,,,,,,,,
15/04/2024 18:00:00,0,432,,,,,,,,,,,,,,,,,,
15/04/2024 17:45:00,0,431,,,,,,,,,,,,,,,,,,
15/04/2024 17:30:00,0,430,,,,,,,,,,,,,,,,,,
15/04/2024 17:15:00,0,432,,,,,,,,,,,,,,,,,,
15/04/2024 17:00:00,0,430,,,,,,,,,,,,,,,,,,
15/04/2024 16:45:00,0,432,,,,,,,,,,,,,,,,,,
15/04/2024 16:30:00,0,432,,,,,,,,,,,,,,,,,,
15/04/2024 16:15:00,0,431,,,,,,,,,,,,,,,,,,
15/04/2024 16:00:00,0,430,,,,,,,,,,,,,,,,,,
15/04/2024 15:45:00,0,429,,,,,,,,,,,,,,,,,,
15/04/2024 15:30:00,0,429,,,,,,,,,,,,,,,,,,
15/04/2024 15:15:00,0,429,,,,,,,,,,,,,,,,,,
15/04/2024 15:00:00,0,428,,,,,,,,,,,,,,,,,,
15/04/2024 14:45:00,0,427,,,,,,,,,,,,,,,,,,
15/04/2024 14:30:00,0,426,,,,,,,,,,,,,,,,,,
15/04/2024 14:15:00,0,425,,,,,,,,,,,,,,,,,,
15/04/2024 14:00:00,0,424,,,,,,,,,,,,,,,,,,
15/04/2024 13:45:00,0,424,,,,,,,,,,,,,,,,,,
15/04/2024 13:30:00,0,423,,,,,,,,,,,,,,,,,,
15/04/2024 13:15:00,0,422,,,,,,,,,,,,,,,,,,
15/04/2024 13:00:00,0,421,,,,,,,,,,,,,,,,,,
15/04/2024 12:45:00,0,421,,,,,,,,,,,,,,,,,,
15/04/2024 12:30:00,0,420,,,,,,,,,,,,,,,,,,
15/04/2024 12:15:00,0,420,,,,,,,,,,,,,,,,,,
15/04/2024 12:00:00,0,420,,,,,,,,,,,,,,,,,,
15/04/2024 11:45:00,0,419,,,,,,,,,,,,,,,,,,
15/04/2024 11:30:00,0,418,,,,,,,,,,,,,,,,,,
15/04/2024 11:15:00,0,417,,,,,,,,,,,,,,,,,,
15/04/2024 11:00:00,0,418,,,,,,,,,,,,,,,,,,
15/04/2024 10:45:00,0,417,,,,,,,,,,,,,,,,,,
15/04/2024 10:30:00,0,416,,,,,,,,,,,,,,,,,,
15/04/2024 10:15:00,0,415,,,,,,,,,,,,,,,,,,
15/04/2024 10:00:00,0,414,,,,,,,,,,,,,,,,,,
15/04/2024 09:45:00,0,415,,,,,,,,,,,,,,,,,,
15/04/2024 09:30:00,0,415,,,,,,,,,,,,,,,,,,
15/04/2024 09:15:00,0,414,,,,,,,,,,,,,,,,,,
15/04/2024 09:00:00,0,412,,,,,,,,,,,,,,,,,,
15/04/2024 08:45:00,0,413,,,,,,,,,,,,,,,,,,
15/04/2024 08:30:00,0,414,,,,,,,,,,,,,,,,,,
15/04/2024 08:15:00,0,410,,,,,,,,,,,,,,,,,,
15/04/2024 08:00:00,0,409,,,,,,,,,,,,,,,,,,
15/04/2024 07:45:00,0,409,,,,,,,,,,,,,,,,,,
15/04/2024 07:30:00,0,409,,,,,,,,,,,,,,,,,,
15/04/2024 07:15:00,0,407,,,,,,,,,,,,,,,,,,
15/04/2024 07:00:00,0,407,,,,,,,,,,,,,,,,,,
15/04/2024 06:45:00,0,407,,,,,,,,,,,,,,,,,,
15/04/2024 06:30:00,0,406,,,,,,,,,,,,,,,,,,
15/04/2024 06:15:00,0,405,,,,,,,,,,,,,,,,,,
15/04/2024 06:00:00,0,405,,,,,,,,,,,,,,,,,,
15/04/2024 05:45:00,0,404,,,,,,,,,,,,,,,,,,
15/04/2024 05:30:00,0,403,,,,,,,,,,,,,,,,,,
15/04/2024 05:15:00,0,404,,,,,,,,,,,,,,,,,,
15/04/2024 05:00:00,0,403,,,,,,,,,,,,,,,,,,
15/04/2024 04:45:00,0,403,,,,,,,,,,,,,,,,,,
15/04/2024 04:30:00,0,402,,,,,,,,,,,,,,,,,,
15/04/2024 04:15:00,0,402,,,,,,,,,,,,,,,,,,
15/04/2024 04:00:00,0,402,,,,,,,,,,,,,,,,,,
15/04/2024 03:45:00,0,401,,,,,,,,,,,,,,,,,,
15/04/2024 03:30:00,0,400,,,,,,,,,,,,,,,,,,
15/04/2024 03:15:00,0,400,,,,,,,,,,,,,,,,,,
15/04/2024 03:00:00,0,400,,,,,,,,,,,,,,,,,,
15/04/2024 02:45:00,0,400,,,,,,,,,,,,,,,,,,
15/04/2024 02:30:00,0,399,,,,,,,,,,,,,,,,,,
15/04/2024 02:15:00,0,399,,,,,,,,,,,,,,,,,,
15/04/2024 02:00:00,0,398,,,,,,,,,,,,,,,,,,
15/04/2024 01:45:00,0,398,,,,,,,,,,,,,,,,,,
15/04/2024 01:30:00,0,398,,,,,,,,,,,,,,,,,,
15/04/2024 01:15:00,0,396,,,,,,,,,,,,,,,,,,
15/04/2024 01:00:00,0,397,,,,,,,,,,,,,,,,,,
15/04/2024 00:45:00,0,397,,,,,,,,,,,,,,,,,,
15/04/2024 00:30:00,0,397,,,,,,,,,,,,,,,,,,
15/04/2024 00:15:00,0,396,,,,,,,,,,,,,,,,,,
15/04/2024 00:00:00,0,396,,,,,,,,,,,,,,,,,,
14/04/2024 23:45:00,0,396,,,,,,,,,,,,,,,,,,
14/04/2024 23:30:00,0,396,,,,,,,,,,,,,,,,,,
14/04/2024 23:15:00,0,396,,,,,,,,,,,,,,,,,,
14/04/2024 23:00:00,0,395,,,,,,,,,,,,,,,,,,
14/04/2024 22:45:00,0,396,,,,,,,,,,,,,,,,,,
14/04/2024 22:30:00,0,395,,,,,,,,,,,,,,,,,,
14/04/2024 22:15:00,0,394,,,,,,,,,,,,,,,,,,
14/04/2024 22:00:00,0.2,393,,,,,,,,,,,,,,,,,,
14/04/2024 21:45:00,0,393,,,,,,,,,,,,,,,,,,
14/04/2024 21:30:00,0,393,,,,,,,,,,,,,,,,,,
14/04/2024 21:15:00,0,393,,,,,,,,,,,,,,,,,,
14/04/2024 21:00:00,0,394,,,,,,,,,,,,,,,,,,
14/04/2024 20:45:00,0,392,,,,,,,,,,,,,,,,,,
14/04/2024 20:30:00,0,393,,,,,,,,,,,,,,,,,,
14/04/2024 20:15:00,0,393,,,,,,,,,,,,,,,,,,
14/04/2024 20:00:00,0,392,,,,,,,,,,,,,,,,,,
14/04/2024 19:45:00,0,392,,,,,,,,,,,,,,,,,,
14/04/2024 19:30:00,0.4,392,,,,,,,,,,,,,,,,,,
14/04/2024 19:15:00,1.8,392,,,,,,,,,,,,,,,,,,
14/04/2024 19:00:00,3,392,,,,,,,,,,,,,,,,,,
14/04/2024 18:45:00,0.6,391,,,,,,,,,,,,,,,,,,
14/04/2024 18:30:00,0,391,,,,,,,,,,,,,,,,,,
14/04/2024 18:15:00,0,392,,,,,,,,,,,,,,,,,,
14/04/2024 18:00:00,0,392,,,,,,,,,,,,,,,,,,
14/04/2024 17:45:00,0,394,,,,,,,,,,,,,,,,,,
14/04/2024 17:30:00,0.2,393,,,,,,,,,,,,,,,,,,
14/04/2024 17:15:00,0,394,,,,,,,,,,,,,,,,,,
14/04/2024 17:00:00,0,394,,,,,,,,,,,,,,,,,,
14/04/2024 16:45:00,0.2,392,,,,,,,,,,,,,,,,,,
14/04/2024 16:30:00,1.4,391,,,,,,,,,,,,,,,,,,
14/04/2024 16:15:00,2.4,393,,,,,,,,,,,,,,,,,,
14/04/2024 16:00:00,0,392,,,,,,,,,,,,,,,,,,
14/04/2024 15:45:00,0,392,,,,,,,,,,,,,,,,,,
14/04/2024 15:30:00,0,388,,,,,,,,,,,,,,,,,,
14/04/2024 15:15:00,0,391,,,,,,,,,,,,,,,,,,
14/04/2024 15:00:00,0,392,,,,,,,,,,,,,,,,,,
14/04/2024 14:45:00,0,392,,,,,,,,,,,,,,,,,,
14/04/2024 14:30:00,0,391,,,,,,,,,,,,,,,,,,
14/04/2024 14:15:00,0,392,,,,,,,,,,,,,,,,,,
14/04/2024 14:00:00,0.2,390,,,,,,,,,,,,,,,,,,
14/04/2024 13:45:00,0,390,,,,,,,,,,,,,,,,,,
14/04/2024 13:30:00,0,391,,,,,,,,,,,,,,,,,,
14/04/2024 13:15:00,0,390,,,,,,,,,,,,,,,,,,
14/04/2024 13:00:00,0,391,,,,,,,,,,,,,,,,,,
14/04/2024 12:45:00,0,391,,,,,,,,,,,,,,,,,,
14/04/2024 12:30:00,0,392,,,,,,,,,,,,,,,,,,
14/04/2024 12:15:00,0,391,,,,,,,,,,,,,,,,,,
14/04/2024 12:00:00,0,391,,,,,,,,,,,,,,,,,,
14/04/2024 11:45:00,0,391,,,,,,,,,,,,,,,,,,
14/04/2024 11:30:00,0,392,,,,,,,,,,,,,,,,,,
14/04/2024 11:15:00,0,390,,,,,,,,,,,,,,,,,,
14/04/2024 11:00:00,0,392,,,,,,,,,,,,,,,,,,
14/04/2024 10:45:00,0,392,,,,,,,,,,,,,,,,,,
14/04/2024 10:30:00,0,390,,,,,,,,,,,,,,,,,,
14/04/2024 10:15:00,0,391,,,,,,,,,,,,,,,,,,
14/04/2024 10:00:00,0,392,,,,,,,,,,,,,,,,,,
14/04/2024 09:45:00,0,392,,,,,,,,,,,,,,,,,,
14/04/2024 09:30:00,0,393,,,,,,,,,,,,,,,,,,
14/04/2024 09:15:00,0,392,,,,,,,,,,,,,,,,,,
14/04/2024 09:00:00,0,393,,,,,,,,,,,,,,,,,,
14/04/2024 08:45:00,0,392,,,,,,,,,,,,,,,,,,
14/04/2024 08:30:00,0,392,,,,,,,,,,,,,,,,,,
14/04/2024 08:15:00,0,392,,,,,,,,,,,,,,,,,,
14/04/2024 08:00:00,0,393,,,,,,,,,,,,,,,,,,
14/04/2024 07:45:00,0.2,391,,,,,,,,,,,,,,,,,,
14/04/2024 07:30:00,0,392,,,,,,,,,,,,,,,,,,
14/04/2024 07:15:00,0.4,392,,,,,,,,,,,,,,,,,,
14/04/2024 07:00:00,0,392,,,,,,,,,,,,,,,,,,
14/04/2024 06:45:00,0,391,,,,,,,,,,,,,,,,,,
14/04/2024 06:30:00,0,392,,,,,,,,,,,,,,,,,,
14/04/2024 06:15:00,0,392,,,,,,,,,,,,,,,,,,
14/04/2024 06:00:00,0,391,,,,,,,,,,,,,,,,,,
14/04/2024 05:45:00,0,391,,,,,,,,,,,,,,,,,,
14/04/2024 05:30:00,0,392,,,,,,,,,,,,,,,,,,
14/04/2024 05:15:00,0,391,,,,,,,,,,,,,,,,,,
14/04/2024 05:00:00,0,391,,,,,,,,,,,,,,,,,,
14/04/2024 04:45:00,0.2,393,,,,,,,,,,,,,,,,,,
14/04/2024 04:30:00,0,396,,,,,,,,,,,,,,,,,,
14/04/2024 04:15:00,0,395,,,,,,,,,,,,,,,,,,
14/04/2024 04:00:00,0,397,,,,,,,,,,,,,,,,,,
14/04/2024 03:45:00,0,398,,,,,,,,,,,,,,,,,,
14/04/2024 03:30:00,0,402,,,,,,,,,,,,,,,,,,
14/04/2024 03:15:00,0,400,,,,,,,,,,,,,,,,,,
14/04/2024 03:00:00,0,402,,,,,,,,,,,,,,,,,,
14/04/2024 02:45:00,0,395,,,,,,,,,,,,,,,,,,
14/04/2024 02:30:00,0,394,,,,,,,,,,,,,,,,,,
14/04/2024 02:15:00,0,395,,,,,,,,,,,,,,,,,,
14/04/2024 02:00:00,0,398,,,,,,,,,,,,,,,,,,
14/04/2024 01:45:00,0,397,,,,,,,,,,,,,,,,,,
14/04/2024 01:30:00,0,396,,,,,,,,,,,,,,,,,,
14/04/2024 01:15:00,0,396,,,,,,,,,,,,,,,,,,
14/04/2024 01:00:00,0,395,,,,,,,,,,,,,,,,,,
14/04/2024 00:45:00,0,394,,,,,,,,,,,,,,,,,,
14/04/2024 00:30:00,0,394,,,,,,,,,,,,,,,,,,
14/04/2024 00:15:00,0,394,,,,,,,,,,,,,,,,,,
14/04/2024 00:00:00,0,395,,,,,,,,,,,,,,,,,,
13/04/2024 23:45:00,0,394,,,,,,,,,,,,,,,,,,
13/04/2024 23:30:00,0.2,394,,,,,,,,,,,,,,,,,,
13/04/2024 23:15:00,0.4,394,,,,,,,,,,,,,,,,,,
13/04/2024 23:00:00,0.2,394,,,,,,,,,,,,,,,,,,
13/04/2024 22:45:00,0.6,395,,,,,,,,,,,,,,,,,,
13/04/2024 22:30:00,0.6,395,,,,,,,,,,,,,,,,,,
13/04/2024 22:15:00,0.6,394,,,,,,,,,,,,,,,,,,
13/04/2024 22:00:00,0.2,394,,,,,,,,,,,,,,,,,,
13/04/2024 21:45:00,0.2,394,,,,,,,,,,,,,,,,,,
13/04/2024 21:30:00,0.6,393,,,,,,,,,,,,,,,,,,
13/04/2024 21:15:00,0.2,395,,,,,,,,,,,,,,,,,,
13/04/2024 21:00:00,0,395,,,,,,,,,,,,,,,,,,
13/04/2024 20:45:00,0.2,395,,,,,,,,,,,,,,,,,,
13/04/2024 20:30:00,0,395,,,,,,,,,,,,,,,,,,
13/04/2024 20:15:00,0,397,,,,,,,,,,,,,,,,,,
13/04/2024 20:00:00,0,394,,,,,,,,,,,,,,,,,,
13/04/2024 19:45:00,0.4,396,,,,,,,,,,,,,,,,,,
13/04/2024 19:30:00,0.4,395,,,,,,,,,,,,,,,,,,
13/04/2024 19:15:00,0.4,396,,,,,,,,,,,,,,,,,,
13/04/2024 19:00:00,0.8,396,,,,,,,,,,,,,,,,,,
13/04/2024 18:45:00,0.8,395,,,,,,,,,,,,,,,,,,
13/04/2024 18:30:00,1,396,,,,,,,,,,,,,,,,,,
13/04/2024 18:15:00,0.8,395,,,,,,,,,,,,,,,,,,
13/04/2024 18:00:00,1.2,396,,,,,,,,,,,,,,,,,,
13/04/2024 17:45:00,1.4,396,,,,,,,,,,,,,,,,,,
13/04/2024 17:30:00,1,396,,,,,,,,,,,,,,,,,,
13/04/2024 17:15:00,1,396,,,,,,,,,,,,,,,,,,
13/04/2024 17:00:00,0.6,397,,,,,,,,,,,,,,,,,,
13/04/2024 16:45:00,0.4,397,,,,,,,,,,,,,,,,,,
13/04/2024 16:30:00,0.6,397,,,,,,,,,,,,,,,,,,
13/04/2024 16:15:00,0.2,396,,,,,,,,,,,,,,,,,,
13/04/2024 16:00:00,0.4,395,,,,,,,,,,,,,,,,,,
13/04/2024 15:45:00,0.2,395,,,,,,,,,,,,,,,,,,
13/04/2024 15:30:00,0.6,395,,,,,,,,,,,,,,,,,,
13/04/2024 15:15:00,0.4,394,,,,,,,,,,,,,,,,,,
13/04/2024 15:00:00,0.2,409,,,,,,,,,,,,,,,,,,
13/04/2024 14:45:00,0,403,,,,,,,,,,,,,,,,,,
13/04/2024 14:30:00,0,395,,,,,,,,,,,,,,,,,,
13/04/2024 14:15:00,0,395,,,,,,,,,,,,,,,,,,
13/04/2024 14:00:00,0,397,,,,,,,,,,,,,,,,,,
13/04/2024 13:45:00,0,399,,,,,,,,,,,,,,,,,,
13/04/2024 13:30:00,0,396,,,,,,,,,,,,,,,,,,
13/04/2024 13:15:00,0,397,,,,,,,,,,,,,,,,,,
13/04/2024 13:00:00,0,396,,,,,,,,,,,,,,,,,,
13/04/2024 12:45:00,0,397,,,,,,,,,,,,,,,,,,
13/04/2024 12:30:00,0,399,,,,,,,,,,,,,,,,,,
13/04/2024 12:15:00,0,399,,,,,,,,,,,,,,,,,,
13/04/2024 12:00:00,0,395,,,,,,,,,,,,,,,,,,
13/04/2024 11:45:00,0,395,,,,,,,,,,,,,,,,,,
13/04/2024 11:30:00,0,394,,,,,,,,,,,,,,,,,,
13/04/2024 11:15:00,0,394,,,,,,,,,,,,,,,,,,
13/04/2024 11:00:00,0,395,,,,,,,,,,,,,,,,,,
13/04/2024 10:45:00,0,395,,,,,,,,,,,,,,,,,,
13/04/2024 10:30:00,0.2,394,,,,,,,,,,,,,,,,,,
13/04/2024 10:15:00,0,395,,,,,,,,,,,,,,,,,,
13/04/2024 10:00:00,0.2,393,,,,,,,,,,,,,,,,,,
13/04/2024 09:45:00,0.2,393,,,,,,,,,,,,,,,,,,
13/04/2024 09:30:00,0.2,394,,,,,,,,,,,,,,,,,,
13/04/2024 09:15:00,0.4,395,,,,,,,,,,,,,,,,,,
13/04/2024 09:00:00,0.4,394,,,,,,,,,,,,,,,,,,
13/04/2024 08:45:00,0.6,394,,,,,,,,,,,,,,,,,,
13/04/2024 08:30:00,0.4,396,,,,,,,,,,,,,,,,,,
13/04/2024 08:15:00,0,394,,,,,,,,,,,,,,,,,,
13/04/2024 08:00:00,0.2,394,,,,,,,,,,,,,,,,,,
13/04/2024 07:45:00,0,393,,,,,,,,,,,,,,,,,,
13/04/2024 07:30:00,0,392,,,,,,,,,,,,,,,,,,
13/04/2024 07:15:00,0,393,,,,,,,,,,,,,,,,,,
13/04/2024 07:00:00,0,392,,,,,,,,,,,,,,,,,,
13/04/2024 06:45:00,0,392,,,,,,,,,,,,,,,,,,
13/04/2024 06:30:00,0,391,,,,,,,,,,,,,,,,,,
13/04/2024 06:15:00,0,396,,,,,,,,,,,,,,,,,,
13/04/2024 06:00:00,0,393,,,,,,,,,,,,,,,,,,
13/04/2024 05:45:00,0,402,,,,,,,,,,,,,,,,,,
13/04/2024 05:30:00,0,392,,,,,,,,,,,,,,,,,,
13/04/2024 05:15:00,0,391,,,,,,,,,,,,,,,,,,
13/04/2024 05:00:00,0,391,,,,,,,,,,,,,,,,,,
13/04/2024 04:45:00,0,391,,,,,,,,,,,,,,,,,,
13/04/2024 04:30:00,0,391,,,,,,,,,,,,,,,,,,
13/04/2024 04:15:00,0,390,,,,,,,,,,,,,,,,,,
13/04/2024 04:00:00,0,390,,,,,,,,,,,,,,,,,,
13/04/2024 03:45:00,0,390,,,,,,,,,,,,,,,,,,
13/04/2024 03:30:00,0,390,,,,,,,,,,,,,,,,,,
13/04/2024 03:15:00,0,392,,,,,,,,,,,,,,,,,,
13/04/2024 03:00:00,0,395,,,,,,,,,,,,,,,,,,
13/04/2024 02:45:00,0,392,,,,,,,,,,,,,,,,,,
13/04/2024 02:30:00,0,392,,,,,,,,,,,,,,,,,,
13/04/2024 02:15:00,0,392,,,,,,,,,,,,,,,,,,
13/04/2024 02:00:00,0,391,,,,,,,,,,,,,,,,,,
13/04/2024 01:45:00,0,392,,,,,,,,,,,,,,,,,,
13/04/2024 01:30:00,0,390,,,,,,,,,,,,,,,,,,
13/04/2024 01:15:00,0,390,,,,,,,,,,,,,,,,,,
13/04/2024 01:00:00,0,390,,,,,,,,,,,,,,,,,,
13/04/2024 00:45:00,0,390,,,,,,,,,,,,,,,,,,
13/04/2024 00:30:00,0,389,,,,,,,,,,,,,,,,,,
13/04/2024 00:15:00,0,388,,,,,,,,,,,,,,,,,,
13/04/2024 00:00:00,0,389,,,,,,,,,,,,,,,,,,
12/4/2024 23:45,0,389,,,,,,,,,,,,,,,,,,
12/4/2024 23:30,0,387,,,,,,,,,,,,,,,,,,
12/4/2024 23:15,0,388,,,,,,,,,,,,,,,,,,
12/4/2024 23:00,0,386,,,,,,,,,,,,,,,,,,
12/4/2024 22:45,0,387,,,,,,,,,,,,,,,,,,
12/4/2024 22:30,0,387,,,,,,,,,,,,,,,,,,
12/4/2024 22:15,0,387,,,,,,,,,,,,,,,,,,
12/4/2024 22:00,0,387,,,,,,,,,,,,,,,,,,
12/4/2024 21:45,0,389,,,,,,,,,,,,,,,,,,
12/4/2024 21:30,0,388,,,,,,,,,,,,,,,,,,
12/4/2024 21:15,0,386,,,,,,,,,,,,,,,,,,
12/4/2024 21:00,0,386,,,,,,,,,,,,,,,,,,
12/4/2024 20:45,0,386,,,,,,,,,,,,,,,,,,
12/4/2024 20:30,0,385,,,,,,,,,,,,,,,,,,
12/4/2024 20:15,0,383,,,,,,,,,,,,,,,,,,
12/4/2024 20:00,0,385,,,,,,,,,,,,,,,,,,
12/4/2024 19:45,0,386,,,,,,,,,,,,,,,,,,
12/4/2024 19:30,0,385,,,,,,,,,,,,,,,,,,
12/4/2024 19:15,0,385,,,,,,,,,,,,,,,,,,
12/4/2024 19:00,0,385,,,,,,,,,,,,,,,,,,
12/4/2024 18:45,0,384,,,,,,,,,,,,,,,,,,
12/4/2024 18:30,0,384,,,,,,,,,,,,,,,,,,
12/4/2024 18:15,0,384,,,,,,,,,,,,,,,,,,
12/4/2024 18:00,0,385,,,,,,,,,,,,,,,,,,
12/4/2024 17:45,0,382,,,,,,,,,,,,,,,,,,
12/4/2024 17:30,0,383,,,,,,,,,,,,,,,,,,
12/4/2024 17:15,0,382,,,,,,,,,,,,,,,,,,
12/4/2024 17:00,0,382,,,,,,,,,,,,,,,,,,
12/4/2024 16:45,0.4,383,,,,,,,,,,,,,,,,,,
12/4/2024 16:30,0.2,384,,,,,,,,,,,,,,,,,,
12/4/2024 16:15,0.2,382,,,,,,,,,,,,,,,,,,
12/4/2024 16:00,0,382,,,,,,,,,,,,,,,,,,
12/4/2024 15:45,0.2,383,,,,,,,,,,,,,,,,,,
12/4/2024 15:30,0.4,382,,,,,,,,,,,,,,,,,,
12/4/2024 15:15,0.2,381,,,,,,,,,,,,,,,,,,
12/4/2024 15:00,0.2,382,,,,,,,,,,,,,,,,,,
12/4/2024 14:45,0,381,,,,,,,,,,,,,,,,,,
12/4/2024 14:30,0,382,,,,,,,,,,,,,,,,,,
12/4/2024 14:15,0,382,,,,,,,,,,,,,,,,,,
12/4/2024 14:00,0,383,,,,,,,,,,,,,,,,,,
12/4/2024 13:45,0,381,,,,,,,,,,,,,,,,,,
12/4/2024 13:30,0,382,,,,,,,,,,,,,,,,,,
12/4/2024 13:15,0,380,,,,,,,,,,,,,,,,,,
12/4/2024 13:00,0,381,,,,,,,,,,,,,,,,,,
12/4/2024 12:45,0,382,,,,,,,,,,,,,,,,,,
12/4/2024 12:30,0,381,,,,,,,,,,,,,,,,,,
12/4/2024 12:15,0.2,380,,,,,,,,,,,,,,,,,,
12/4/2024 12:00,0,381,,,,,,,,,,,,,,,,,,
12/4/2024 11:45,0.2,380,,,,,,,,,,,,,,,,,,
12/4/2024 11:30,0,381,,,,,,,,,,,,,,,,,,
12/4/2024 11:15,0,380,,,,,,,,,,,,,,,,,,
12/4/2024 11:00,0,379,,,,,,,,,,,,,,,,,,
12/4/2024 10:45,0,377,,,,,,,,,,,,,,,,,,
12/4/2024 10:30,0,378,,,,,,,,,,,,,,,,,,
12/4/2024 10:15,0,377,,,,,,,,,,,,,,,,,,
12/4/2024 10:00,0,377,,,,,,,,,,,,,,,,,,
12/4/2024 9:45,0,378,,,,,,,,,,,,,,,,,,
12/4/2024 9:30,0,377,,,,,,,,,,,,,,,,,,
12/4/2024 9:15,0,378,,,,,,,,,,,,,,,,,,
12/4/2024 9:00,0,376,,,,,,,,,,,,,,,,,,
12/4/2024 8:45,0,376,,,,,,,,,,,,,,,,,,
12/4/2024 8:30,0,376,,,,,,,,,,,,,,,,,,
12/4/2024 8:15,0,376,,,,,,,,,,,,,,,,,,
12/4/2024 8:00,0,375,,,,,,,,,,,,,,,,,,
12/4/2024 7:45,0,376,,,,,,,,,,,,,,,,,,
12/4/2024 7:30,0,377,,,,,,,,,,,,,,,,,,
12/4/2024 7:15,0,375,,,,,,,,,,,,,,,,,,
12/4/2024 7:00,0,376,,,,,,,,,,,,,,,,,,
12/4/2024 6:45,0,377,,,,,,,,,,,,,,,,,,
12/4/2024 6:30,0,376,,,,,,,,,,,,,,,,,,
12/4/2024 6:15,0.2,378,,,,,,,,,,,,,,,,,,
12/4/2024 6:00,0,378,,,,,,,,,,,,,,,,,,
12/4/2024 5:45,0,377,,,,,,,,,,,,,,,,,,
12/4/2024 5:30,0,376,,,,,,,,,,,,,,,,,,
12/4/2024 5:15,0,377,,,,,,,,,,,,,,,,,,
12/4/2024 5:00,0,377,,,,,,,,,,,,,,,,,,
12/4/2024 4:45,0,378,,,,,,,,,,,,,,,,,,
12/4/2024 4:30,0,377,,,,,,,,,,,,,,,,,,
12/4/2024 4:15,0,379,,,,,,,,,,,,,,,,,,
12/4/2024 4:00,0,376,,,,,,,,,,,,,,,,,,
12/4/2024 3:45,0,376,,,,,,,,,,,,,,,,,,
12/4/2024 3:30,0,376,,,,,,,,,,,,,,,,,,
12/4/2024 3:15,0,376,,,,,,,,,,,,,,,,,,
12/4/2024 3:00,0,376,,,,,,,,,,,,,,,,,,
12/4/2024 2:45,0,376,,,,,,,,,,,,,,,,,,
12/4/2024 2:30,0,376,,,,,,,,,,,,,,,,,,
12/4/2024 2:15,0,376,,,,,,,,,,,,,,,,,,
12/4/2024 2:00,0,376,,,,,,,,,,,,,,,,,,
12/4/2024 1:45,0,376,,,,,,,,,,,,,,,,,,
12/4/2024 1:30,0,376,,,,,,,,,,,,,,,,,,
12/4/2024 1:15,0,376,,,,,,,,,,,,,,,,,,
12/4/2024 1:00,0,376,,,,,,,,,,,,,,,,,,
12/4/2024 0:45,0,376,,,,,,,,,,,,,,,,,,
12/4/2024 0:30,0,376,,,,,,,,,,,,,,,,,,
12/4/2024 0:15,0,376,,,,,,,,,,,,,,,,,,
12/4/2024 0:00,0,376,,,,,,,,,,,,,,,,,,
11/4/2024 23:45,0,376,,,,,,,,,,,,,,,,,,
11/4/2024 23:30,0,377,,,,,,,,,,,,,,,,,,
11/4/2024 23:15,0,377,,,,,,,,,,,,,,,,,,
11/4/2024 23:00,0,376,,,,,,,,,,,,,,,,,,
11/4/2024 22:45,0,377,,,,,,,,,,,,,,,,,,
11/4/2024 22:30,0,378,,,,,,,,,,,,,,,,,,
11/4/2024 22:15,0,378,,,,,,,,,,,,,,,,,,
11/4/2024 22:00,0,376,,,,,,,,,,,,,,,,,,
11/4/2024 21:45,0,376,,,,,,,,,,,,,,,,,,
11/4/2024 21:30,0,378,,,,,,,,,,,,,,,,,,
11/4/2024 21:15,0,378,,,,,,,,,,,,,,,,,,
11/4/2024 21:00,0,377,,,,,,,,,,,,,,,,,,
11/4/2024 20:45,0,376,,,,,,,,,,,,,,,,,,
11/4/2024 20:30,0,378,,,,,,,,,,,,,,,,,,
11/4/2024 20:15,0,376,,,,,,,,,,,,,,,,,,
11/4/2024 20:00,0,376,,,,,,,,,,,,,,,,,,
11/4/2024 19:45,0,378,,,,,,,,,,,,,,,,,,
11/4/2024 19:30,0,377,,,,,,,,,,,,,,,,,,
11/4/2024 19:15,0,376,,,,,,,,,,,,,,,,,,
11/4/2024 19:00,0,381,,,,,,,,,,,,,,,,,,
11/4/2024 18:45,0,379,,,,,,,,,,,,,,,,,,
11/4/2024 18:30,0,377,,,,,,,,,,,,,,,,,,
11/4/2024 18:15,0,378,,,,,,,,,,,,,,,,,,
11/4/2024 18:00,0,378,,,,,,,,,,,,,,,,,,
11/4/2024 17:45,0,377,,,,,,,,,,,,,,,,,,
11/4/2024 17:30,0,378,,,,,,,,,,,,,,,,,,
11/4/2024 17:15,0,378,,,,,,,,,,,,,,,,,,
11/4/2024 17:00,0,378,,,,,,,,,,,,,,,,,,
11/4/2024 16:45,0,378,,,,,,,,,,,,,,,,,,
11/4/2024 16:30,0,377,,,,,,,,,,,,,,,,,,
11/4/2024 16:15,0,377,,,,,,,,,,,,,,,,,,
11/4/2024 16:00,0,379,,,,,,,,,,,,,,,,,,
11/4/2024 15:45,0,379,,,,,,,,,,,,,,,,,,
11/4/2024 15:30,0,378,,,,,,,,,,,,,,,,,,
11/4/2024 15:15,0,378,,,,,,,,,,,,,,,,,,
11/4/2024 15:00,0,379,,,,,,,,,,,,,,,,,,
11/4/2024 14:45,0,380,,,,,,,,,,,,,,,,,,
11/4/2024 14:30,0,379,,,,,,,,,,,,,,,,,,
11/4/2024 14:15,0,379,,,,,,,,,,,,,,,,,,
11/4/2024 14:00,0,380,,,,,,,,,,,,,,,,,,
11/4/2024 13:45,0,380,,,,,,,,,,,,,,,,,,
11/4/2024 13:30,0,378,,,,,,,,,,,,,,,,,,
11/4/2024 13:15,0,379,,,,,,,,,,,,,,,,,,
11/4/2024 13:00,0,379,,,,,,,,,,,,,,,,,,
11/4/2024 12:45,0,379,,,,,,,,,,,,,,,,,,
11/4/2024 12:30,0,379,,,,,,,,,,,,,,,,,,
11/4/2024 12:15,0,379,,,,,,,,,,,,,,,,,,
11/4/2024 12:00,0,380,,,,,,,,,,,,,,,,,,
11/4/2024 11:45,0,380,,,,,,,,,,,,,,,,,,
11/4/2024 11:30,0,381,,,,,,,,,,,,,,,,,,
11/4/2024 11:15,0,380,,,,,,,,,,,,,,,,,,
11/4/2024 11:00,0,380,,,,,,,,,,,,,,,,,,
11/4/2024 10:45,0,381,,,,,,,,,,,,,,,,,,
11/4/2024 10:30,0,383,,,,,,,,,,,,,,,,,,
11/4/2024 10:15,0,383,,,,,,,,,,,,,,,,,,
11/4/2024 10:00,0,389,,,,,,,,,,,,,,,,,,
11/4/2024 9:45,0,383,,,,,,,,,,,,,,,,,,
11/4/2024 9:30,0,383,,,,,,,,,,,,,,,,,,
11/4/2024 9:15,0,383,,,,,,,,,,,,,,,,,,
11/4/2024 9:00,0,382,,,,,,,,,,,,,,,,,,
11/4/2024 8:45,0,382,,,,,,,,,,,,,,,,,,
11/4/2024 8:30,0,382,,,,,,,,,,,,,,,,,,
11/4/2024 8:15,0.2,381,,,,,,,,,,,,,,,,,,
11/4/2024 8:00,0,382,,,,,,,,,,,,,,,,,,
11/4/2024 7:45,0,385,,,,,,,,,,,,,,,,,,
11/4/2024 7:30,0,388,,,,,,,,,,,,,,,,,,
11/4/2024 7:15,0,394,,,,,,,,,,,,,,,,,,
11/4/2024 7:00,0,391,,,,,,,,,,,,,,,,,,
11/4/2024 6:45,0,384,,,,,,,,,,,,,,,,,,
11/4/2024 6:30,0,383,,,,,,,,,,,,,,,,,,
11/4/2024 6:15,0,383,,,,,,,,,,,,,,,,,,
11/4/2024 6:00,0,384,,,,,,,,,,,,,,,,,,
11/4/2024 5:45,0,383,,,,,,,,,,,,,,,,,,
11/4/2024 5:30,0,383,,,,,,,,,,,,,,,,,,
11/4/2024 5:15,0,384,,,,,,,,,,,,,,,,,,
11/4/2024 5:00,0,384,,,,,,,,,,,,,,,,,,
11/4/2024 4:45,0,384,,,,,,,,,,,,,,,,,,
11/4/2024 4:30,0,385,,,,,,,,,,,,,,,,,,
11/4/2024 4:15,0,384,,,,,,,,,,,,,,,,,,
11/4/2024 4:00,0,385,,,,,,,,,,,,,,,,,,
11/4/2024 3:45,0,384,,,,,,,,,,,,,,,,,,
11/4/2024 3:30,0.2,384,,,,,,,,,,,,,,,,,,
11/4/2024 3:15,0,385,,,,,,,,,,,,,,,,,,
11/4/2024 3:00,0,385,,,,,,,,,,,,,,,,,,
11/4/2024 2:45,0,385,,,,,,,,,,,,,,,,,,
11/4/2024 2:30,0,385,,,,,,,,,,,,,,,,,,
11/4/2024 2:15,0,385,,,,,,,,,,,,,,,,,,
11/4/2024 2:00,0,385,,,,,,,,,,,,,,,,,,
11/4/2024 1:45,0,385,,,,,,,,,,,,,,,,,,
11/4/2024 1:30,0,386,,,,,,,,,,,,,,,,,,
11/4/2024 1:15,0,387,,,,,,,,,,,,,,,,,,
11/4/2024 1:00,0,385,,,,,,,,,,,,,,,,,,
11/4/2024 0:45,0,385,,,,,,,,,,,,,,,,,,
11/4/2024 0:30,0,385,,,,,,,,,,,,,,,,,,
11/4/2024 0:15,0,385,,,,,,,,,,,,,,,,,,
11/4/2024 0:00,0,385,,,,,,,,,,,,,,,,,,
10/4/2024 23:45,0,385,,,,,,,,,,,,,,,,,,
10/4/2024 23:30,0,385,,,,,,,,,,,,,,,,,,
10/4/2024 23:15,0,385,,,,,,,,,,,,,,,,,,
10/4/2024 23:00,0,385,,,,,,,,,,,,,,,,,,
10/4/2024 22:45,0,386,,,,,,,,,,,,,,,,,,
10/4/2024 22:30,0,385,,,,,,,,,,,,,,,,,,
10/4/2024 22:15,0,385,,,,,,,,,,,,,,,,,,
10/4/2024 22:00,0,386,,,,,,,,,,,,,,,,,,
10/4/2024 21:45,0,385,,,,,,,,,,,,,,,,,,
10/4/2024 21:30,0,385,,,,,,,,,,,,,,,,,,
10/4/2024 21:15,0,386,,,,,,,,,,,,,,,,,,
10/4/2024 21:00,0,385,,,,,,,,,,,,,,,,,,
10/4/2024 20:45,0,386,,,,,,,,,,,,,,,,,,
10/4/2024 20:30,0,386,,,,,,,,,,,,,,,,,,
10/4/2024 20:15,0,386,,,,,,,,,,,,,,,,,,
10/4/2024 20:00,0,386,,,,,,,,,,,,,,,,,,
10/4/2024 19:45,0,386,,,,,,,,,,,,,,,,,,
10/4/2024 19:30,0,385,,,,,,,,,,,,,,,,,,
10/4/2024 19:15,0,388,,,,,,,,,,,,,,,,,,
10/4/2024 19:00,0,389,,,,,,,,,,,,,,,,,,
10/4/2024 18:45,0,387,,,,,,,,,,,,,,,,,,
10/4/2024 18:30,0,387,,,,,,,,,,,,,,,,,,
10/4/2024 18:15,0,387,,,,,,,,,,,,,,,,,,
10/4/2024 18:00,0,386,,,,,,,,,,,,,,,,,,
10/4/2024 17:45,0,385,,,,,,,,,,,,,,,,,,
10/4/2024 17:30,0,386,,,,,,,,,,,,,,,,,,
10/4/2024 17:15,0,387,,,,,,,,,,,,,,,,,,
10/4/2024 17:00,0,384,,,,,,,,,,,,,,,,,,
10/4/2024 16:45,0,386,,,,,,,,,,,,,,,,,,
10/4/2024 16:30,0,394,,,,,,,,,,,,,,,,,,
10/4/2024 16:15,0,388,,,,,,,,,,,,,,,,,,
10/4/2024 16:00,0,386,,,,,,,,,,,,,,,,,,
10/4/2024 15:45,0,387,,,,,,,,,,,,,,,,,,
10/4/2024 15:30,0,387,,,,,,,,,,,,,,,,,,
10/4/2024 15:15,0,387,,,,,,,,,,,,,,,,,,
10/4/2024 15:00,0,394,,,,,,,,,,,,,,,,,,
10/4/2024 14:45,0,396,,,,,,,,,,,,,,,,,,
10/4/2024 14:30,0,388,,,,,,,,,,,,,,,,,,
10/4/2024 14:15,0,387,,,,,,,,,,,,,,,,,,
10/4/2024 14:00,0,387,,,,,,,,,,,,,,,,,,
10/4/2024 13:45,0,396,,,,,,,,,,,,,,,,,,
10/4/2024 13:30,0,389,,,,,,,,,,,,,,,,,,
10/4/2024 13:15,0,388,,,,,,,,,,,,,,,,,,
10/4/2024 13:00,0,386,,,,,,,,,,,,,,,,,,
10/4/2024 12:45,0,399,,,,,,,,,,,,,,,,,,
10/4/2024 12:30,0,386,,,,,,,,,,,,,,,,,,
10/4/2024 12:15,0,387,,,,,,,,,,,,,,,,,,
10/4/2024 12:00,0,388,,,,,,,,,,,,,,,,,,
10/4/2024 11:45,0,390,,,,,,,,,,,,,,,,,,
10/4/2024 11:30,0,388,,,,,,,,,,,,,,,,,,
10/4/2024 11:15,0,387,,,,,,,,,,,,,,,,,,
10/4/2024 11:00,0,389,,,,,,,,,,,,,,,,,,
10/4/2024 10:45,0,387,,,,,,,,,,,,,,,,,,
10/4/2024 10:30,0,387,,,,,,,,,,,,,,,,,,
10/4/2024 10:15,0,388,,,,,,,,,,,,,,,,,,
10/4/2024 10:00,0,389,,,,,,,,,,,,,,,,,,
10/4/2024 9:45,0,388,,,,,,,,,,,,,,,,,,
10/4/2024 9:30,0,390,,,,,,,,,,,,,,,,,,
10/4/2024 9:15,0,388,,,,,,,,,,,,,,,,,,
10/4/2024 9:00,0,388,,,,,,,,,,,,,,,,,,
10/4/2024 8:45,0,388,,,,,,,,,,,,,,,,,,
10/4/2024 8:30,0,388,,,,,,,,,,,,,,,,,,
10/4/2024 8:15,0,388,,,,,,,,,,,,,,,,,,
10/4/2024 8:00,0,388,,,,,,,,,,,,,,,,,,
10/4/2024 7:45,0,388,,,,,,,,,,,,,,,,,,
10/4/2024 7:30,0,389,,,,,,,,,,,,,,,,,,
10/4/2024 7:15,0,389,,,,,,,,,,,,,,,,,,
10/4/2024 7:00,0,388,,,,,,,,,,,,,,,,,,
10/4/2024 6:45,0,388,,,,,,,,,,,,,,,,,,
10/4/2024 6:30,0,388,,,,,,,,,,,,,,,,,,
10/4/2024 6:15,0,389,,,,,,,,,,,,,,,,,,
10/4/2024 6:00,0,388,,,,,,,,,,,,,,,,,,
10/4/2024 5:45,0,388,,,,,,,,,,,,,,,,,,
10/4/2024 5:30,0,388,,,,,,,,,,,,,,,,,,
10/4/2024 5:15,0,388,,,,,,,,,,,,,,,,,,
10/4/2024 5:00,0,387,,,,,,,,,,,,,,,,,,
10/4/2024 4:45,0,388,,,,,,,,,,,,,,,,,,
10/4/2024 4:30,0,388,,,,,,,,,,,,,,,,,,
10/4/2024 4:15,0,389,,,,,,,,,,,,,,,,,,
10/4/2024 4:00,0,389,,,,,,,,,,,,,,,,,,
10/4/2024 3:45,0,390,,,,,,,,,,,,,,,,,,
10/4/2024 3:30,0,391,,,,,,,,,,,,,,,,,,
10/4/2024 3:15,0,388,,,,,,,,,,,,,,,,,,
10/4/2024 3:00,0,388,,,,,,,,,,,,,,,,,,
10/4/2024 2:45,0,388,,,,,,,,,,,,,,,,,,
10/4/2024 2:30,0,388,,,,,,,,,,,,,,,,,,
10/4/2024 2:15,0,388,,,,,,,,,,,,,,,,,,
10/4/2024 2:00,0,389,,,,,,,,,,,,,,,,,,
10/4/2024 1:45,0,385,,,,,,,,,,,,,,,,,,
10/4/2024 1:30,0,392,,,,,,,,,,,,,,,,,,
10/4/2024 1:15,0,390,,,,,,,,,,,,,,,,,,
10/4/2024 1:00,0,388,,,,,,,,,,,,,,,,,,
10/4/2024 0:45,0,385,,,,,,,,,,,,,,,,,,
10/4/2024 0:30,0,392,,,,,,,,,,,,,,,,,,
10/4/2024 0:15,0,390,,,,,,,,,,,,,,,,,,
10/4/2024 0:00,0,388,,,,,,,,,,,,,,,,,,
9/4/2024 23:45,0,389,,,,,,,,,,,,,,,,,,
9/4/2024 23:30,0,387,,,,,,,,,,,,,,,,,,
9/4/2024 23:15,0,387,,,,,,,,,,,,,,,,,,
9/4/2024 23:00,0,388,,,,,,,,,,,,,,,,,,
9/4/2024 22:45,0,387,,,,,,,,,,,,,,,,,,
9/4/2024 22:30,0,386,,,,,,,,,,,,,,,,,,
9/4/2024 22:15,0,387,,,,,,,,,,,,,,,,,,
9/4/2024 22:00,0,388,,,,,,,,,,,,,,,,,,
9/4/2024 21:45,0,387,,,,,,,,,,,,,,,,,,
9/4/2024 21:30,0,384,,,,,,,,,,,,,,,,,,
9/4/2024 21:15,0,388,,,,,,,,,,,,,,,,,,
9/4/2024 21:00,0,388,,,,,,,,,,,,,,,,,,
9/4/2024 20:45,0,386,,,,,,,,,,,,,,,,,,
9/4/2024 20:30,0,390,,,,,,,,,,,,,,,,,,
9/4/2024 20:15,0,388,,,,,,,,,,,,,,,,,,
9/4/2024 20:00,0,383,,,,,,,,,,,,,,,,,,
9/4/2024 19:45,0,383,,,,,,,,,,,,,,,,,,
9/4/2024 19:30,0,384,,,,,,,,,,,,,,,,,,
9/4/2024 19:15,0,383,,,,,,,,,,,,,,,,,,
9/4/2024 19:00,0,386,,,,,,,,,,,,,,,,,,
9/4/2024 18:45,0,391,,,,,,,,,,,,,,,,,,
9/4/2024 18:30,0,399,,,,,,,,,,,,,,,,,,
9/4/2024 18:15,0,387,,,,,,,,,,,,,,,,,,
9/4/2024 18:00,0,387,,,,,,,,,,,,,,,,,,
9/4/2024 17:45,0,385,,,,,,,,,,,,,,,,,,
9/4/2024 17:30,0,385,,,,,,,,,,,,,,,,,,
9/4/2024 17:15,0,384,,,,,,,,,,,,,,,,,,
9/4/2024 17:00,0,383,,,,,,,,,,,,,,,,,,
9/4/2024 16:45,0,382,,,,,,,,,,,,,,,,,,
9/4/2024 16:30,0,383,,,,,,,,,,,,,,,,,,
9/4/2024 16:15,0,383,,,,,,,,,,,,,,,,,,
9/4/2024 16:00,0,381,,,,,,,,,,,,,,,,,,
9/4/2024 15:45,0,380,,,,,,,,,,,,,,,,,,
9/4/2024 15:30,0,384,,,,,,,,,,,,,,,,,,
9/4/2024 15:15,0,388,,,,,,,,,,,,,,,,,,
9/4/2024 15:00,0,389,,,,,,,,,,,,,,,,,,
9/4/2024 14:45,0,380,,,,,,,,,,,,,,,,,,
9/4/2024 14:30,0,382,,,,,,,,,,,,,,,,,,
9/4/2024 14:15,0,397,,,,,,,,,,,,,,,,,,
9/4/2024 14:00,0,396,,,,,,,,,,,,,,,,,,
9/4/2024 13:45,0,383,,,,,,,,,,,,,,,,,,
9/4/2024 13:30,0,382,,,,,,,,,,,,,,,,,,
9/4/2024 13:15,0,382,,,,,,,,,,,,,,,,,,
9/4/2024 13:00,0,382,,,,,,,,,,,,,,,,,,
9/4/2024 12:45,0,384,,,,,,,,,,,,,,,,,,
9/4/2024 12:30,0,382,,,,,,,,,,,,,,,,,,
9/4/2024 12:15,0,382,,,,,,,,,,,,,,,,,,
9/4/2024 12:00,0,380,,,,,,,,,,,,,,,,,,
9/4/2024 11:45,0,384,,,,,,,,,,,,,,,,,,
9/4/2024 11:30,0,381,,,,,,,,,,,,,,,,,,
9/4/2024 11:15,0,381,,,,,,,,,,,,,,,,,,
9/4/2024 11:00,0,381,,,,,,,,,,,,,,,,,,
9/4/2024 10:45,0,381,,,,,,,,,,,,,,,,,,
9/4/2024 10:30,0,380,,,,,,,,,,,,,,,,,,
9/4/2024 10:15,0,380,,,,,,,,,,,,,,,,,,
9/4/2024 10:00,0,380,,,,,,,,,,,,,,,,,,
9/4/2024 9:45,0,380,,,,,,,,,,,,,,,,,,
9/4/2024 9:30,0,380,,,,,,,,,,,,,,,,,,
9/4/2024 9:15,0,379,,,,,,,,,,,,,,,,,,
9/4/2024 9:00,0,379,,,,,,,,,,,,,,,,,,
9/4/2024 8:45,0,379,,,,,,,,,,,,,,,,,,
9/4/2024 8:30,0,378,,,,,,,,,,,,,,,,,,
9/4/2024 8:15,0,379,,,,,,,,,,,,,,,,,,
9/4/2024 8:00,0,378,,,,,,,,,,,,,,,,,,
9/4/2024 7:45,0,378,,,,,,,,,,,,,,,,,,
9/4/2024 7:30,0,377,,,,,,,,,,,,,,,,,,
9/4/2024 7:15,0,378,,,,,,,,,,,,,,,,,,
9/4/2024 7:00,0,377,,,,,,,,,,,,,,,,,,
9/4/2024 6:45,0,376,,,,,,,,,,,,,,,,,,
9/4/2024 6:30,0,377,,,,,,,,,,,,,,,,,,
9/4/2024 6:15,0,376,,,,,,,,,,,,,,,,,,
9/4/2024 6:00,0,376,,,,,,,,,,,,,,,,,,
9/4/2024 5:45,0,375,,,,,,,,,,,,,,,,,,
9/4/2024 5:30,0,375,,,,,,,,,,,,,,,,,,
9/4/2024 5:15,0,375,,,,,,,,,,,,,,,,,,
9/4/2024 5:00,0,374,,,,,,,,,,,,,,,,,,
9/4/2024 4:45,0,376,,,,,,,,,,,,,,,,,,
9/4/2024 4:30,0,376,,,,,,,,,,,,,,,,,,
9/4/2024 4:15,0,375,,,,,,,,,,,,,,,,,,
9/4/2024 4:00,0,375,,,,,,,,,,,,,,,,,,
9/4/2024 3:45,0,376,,,,,,,,,,,,,,,,,,
9/4/2024 3:30,0,372,,,,,,,,,,,,,,,,,,
9/4/2024 3:15,0,372,,,,,,,,,,,,,,,,,,
9/4/2024 3:00,0,372,,,,,,,,,,,,,,,,,,
9/4/2024 2:45,0,372,,,,,,,,,,,,,,,,,,
9/4/2024 2:30,0,372,,,,,,,,,,,,,,,,,,
9/4/2024 2:15,0,373,,,,,,,,,,,,,,,,,,
9/4/2024 2:00,0,372,,,,,,,,,,,,,,,,,,
9/4/2024 1:45,0,369,,,,,,,,,,,,,,,,,,
9/4/2024 1:30,0,369,,,,,,,,,,,,,,,,,,
9/4/2024 1:15,0,370,,,,,,,,,,,,,,,,,,
9/4/2024 1:00,0,370,,,,,,,,,,,,,,,,,,
9/4/2024 0:45,0,367,,,,,,,,,,,,,,,,,,
9/4/2024 0:30,0,367,,,,,,,,,,,,,,,,,,
9/4/2024 0:15,0,364,,,,,,,,,,,,,,,,,,
9/4/2024 0:00,0,372,,,,,,,,,,,,,,,,,,
8/4/2024 23:45,0,369,,,,,,,,,,,,,,,,,,
8/4/2024 23:30,0,362,,,,,,,,,,,,,,,,,,
8/4/2024 23:15,0,363,,,,,,,,,,,,,,,,,,
8/4/2024 23:00,0,363,,,,,,,,,,,,,,,,,,
8/4/2024 22:45,0,365,,,,,,,,,,,,,,,,,,
8/4/2024 22:30,0,364,,,,,,,,,,,,,,,,,,
8/4/2024 22:15,0,363,,,,,,,,,,,,,,,,,,
8/4/2024 22:00,0,362,,,,,,,,,,,,,,,,,,
8/4/2024 21:45,0,362,,,,,,,,,,,,,,,,,,
8/4/2024 21:30,0,361,,,,,,,,,,,,,,,,,,
8/4/2024 21:15,0,361,,,,,,,,,,,,,,,,,,
8/4/2024 21:00,0,362,,,,,,,,,,,,,,,,,,
8/4/2024 20:45,0,362,,,,,,,,,,,,,,,,,,
8/4/2024 20:30,0,361,,,,,,,,,,,,,,,,,,
8/4/2024 20:15,0,360,,,,,,,,,,,,,,,,,,
8/4/2024 20:00,0,360,,,,,,,,,,,,,,,,,,
8/4/2024 19:45,0,359,,,,,,,,,,,,,,,,,,
8/4/2024 19:30,0,357,,,,,,,,,,,,,,,,,,
8/4/2024 19:15,0,357,,,,,,,,,,,,,,,,,,
8/4/2024 19:00,0,356,,,,,,,,,,,,,,,,,,
8/4/2024 18:45,0,355,,,,,,,,,,,,,,,,,,
8/4/2024 18:30,0,355,,,,,,,,,,,,,,,,,,
8/4/2024 18:15,0,355,,,,,,,,,,,,,,,,,,
8/4/2024 18:00,0,354,,,,,,,,,,,,,,,,,,
8/4/2024 17:45,0,353,,,,,,,,,,,,,,,,,,
8/4/2024 17:30,0,351,,,,,,,,,,,,,,,,,,
8/4/2024 17:15,0,349,,,,,,,,,,,,,,,,,,
8/4/2024 17:00,0,348,,,,,,,,,,,,,,,,,,
8/4/2024 16:45,0,348,,,,,,,,,,,,,,,,,,
8/4/2024 16:30,0,348,,,,,,,,,,,,,,,,,,
8/4/2024 16:15,0,347,,,,,,,,,,,,,,,,,,
8/4/2024 16:00,0,347,,,,,,,,,,,,,,,,,,
8/4/2024 15:45,0,346,,,,,,,,,,,,,,,,,,
8/4/2024 15:30,0,345,,,,,,,,,,,,,,,,,,
8/4/2024 15:15,0,345,,,,,,,,,,,,,,,,,,
8/4/2024 15:00,0,345,,,,,,,,,,,,,,,,,,
8/4/2024 14:45,0.2,344,,,,,,,,,,,,,,,,,,
8/4/2024 14:30,0,343,,,,,,,,,,,,,,,,,,
8/4/2024 14:15,0,342,,,,,,,,,,,,,,,,,,
8/4/2024 14:00,0,342,,,,,,,,,,,,,,,,,,
8/4/2024 13:45,0,341,,,,,,,,,,,,,,,,,,
8/4/2024 13:30,0,340,,,,,,,,,,,,,,,,,,
8/4/2024 13:15,0,339,,,,,,,,,,,,,,,,,,
8/4/2024 13:00,0,339,,,,,,,,,,,,,,,,,,
8/4/2024 12:45,0,337,,,,,,,,,,,,,,,,,,
8/4/2024 12:30,0,335,,,,,,,,,,,,,,,,,,
8/4/2024 12:15,0,334,,,,,,,,,,,,,,,,,,
8/4/2024 12:00,0,335,,,,,,,,,,,,,,,,,,
8/4/2024 11:45,0,334,,,,,,,,,,,,,,,,,,
8/4/2024 11:30,0,334,,,,,,,,,,,,,,,,,,
8/4/2024 11:15,0,333,,,,,,,,,,,,,,,,,,
8/4/2024 11:00,0,332,,,,,,,,,,,,,,,,,,
8/4/2024 10:45,0,331,,,,,,,,,,,,,,,,,,
8/4/2024 10:30,0,330,,,,,,,,,,,,,,,,,,
8/4/2024 10:15,0,329,,,,,,,,,,,,,,,,,,
8/4/2024 10:00,0,329,,,,,,,,,,,,,,,,,,
8/4/2024 9:45,0,328,,,,,,,,,,,,,,,,,,
8/4/2024 9:30,0,327,,,,,,,,,,,,,,,,,,
8/4/2024 9:15,0,326,,,,,,,,,,,,,,,,,,
8/4/2024 9:00,0,325,,,,,,,,,,,,,,,,,,
8/4/2024 8:45,0,325,,,,,,,,,,,,,,,,,,
8/4/2024 8:30,0,324,,,,,,,,,,,,,,,,,,
8/4/2024 8:15,0,323,,,,,,,,,,,,,,,,,,
8/4/2024 8:00,0,322,,,,,,,,,,,,,,,,,,
8/4/2024 7:45,0,322,,,,,,,,,,,,,,,,,,
8/4/2024 7:30,0,320,,,,,,,,,,,,,,,,,,
8/4/2024 7:15,0,320,,,,,,,,,,,,,,,,,,
8/4/2024 7:00,0.2,318,,,,,,,,,,,,,,,,,,
8/4/2024 6:45,0,317,,,,,,,,,,,,,,,,,,
8/4/2024 6:30,0,317,,,,,,,,,,,,,,,,,,
8/4/2024 6:15,0,316,,,,,,,,,,,,,,,,,,
8/4/2024 6:00,0,315,,,,,,,,,,,,,,,,,,
8/4/2024 5:45,0,316,,,,,,,,,,,,,,,,,,
8/4/2024 5:30,0,315,,,,,,,,,,,,,,,,,,
8/4/2024 5:15,0,314,,,,,,,,,,,,,,,,,,
8/4/2024 5:00,0,313,,,,,,,,,,,,,,,,,,
8/4/2024 4:45,0,312,,,,,,,,,,,,,,,,,,
8/4/2024 4:30,0,312,,,,,,,,,,,,,,,,,,
8/4/2024 4:15,0,311,,,,,,,,,,,,,,,,,,
8/4/2024 4:00,0,311,,,,,,,,,,,,,,,,,,
8/4/2024 3:45,0,310,,,,,,,,,,,,,,,,,,
8/4/2024 3:30,0,309,,,,,,,,,,,,,,,,,,
8/4/2024 3:15,0,308,,,,,,,,,,,,,,,,,,
8/4/2024 3:00,0,307,,,,,,,,,,,,,,,,,,
8/4/2024 2:45,0,306,,,,,,,,,,,,,,,,,,
8/4/2024 2:30,0,306,,,,,,,,,,,,,,,,,,
8/4/2024 2:15,0,305,,,,,,,,,,,,,,,,,,
8/4/2024 2:00,0,305,,,,,,,,,,,,,,,,,,
8/4/2024 1:45,0,305,,,,,,,,,,,,,,,,,,
8/4/2024 1:30,0,304,,,,,,,,,,,,,,,,,,
8/4/2024 1:15,0,303,,,,,,,,,,,,,,,,,,
8/4/2024 1:00,0,303,,,,,,,,,,,,,,,,,,
8/4/2024 0:45,0,304,,,,,,,,,,,,,,,,,,
8/4/2024 0:30,0.2,303,,,,,,,,,,,,,,,,,,
8/4/2024 0:15,0,302,,,,,,,,,,,,,,,,,,
8/4/2024 0:00,0.6,302,,,,,,,,,,,,,,,,,,
7/4/2024 23:45,0.2,301,,,,,,,,,,,,,,,,,,
7/4/2024 23:30,0.2,301,,,,,,,,,,,,,,,,,,
7/4/2024 23:15,0,300,,,,,,,,,,,,,,,,,,
7/4/2024 23:00,0.2,301,,,,,,,,,,,,,,,,,,
7/4/2024 22:45,0,300,,,,,,,,,,,,,,,,,,
7/4/2024 22:30,0,299,,,,,,,,,,,,,,,,,,
7/4/2024 22:15,0,298,,,,,,,,,,,,,,,,,,
7/4/2024 22:00,0,299,,,,,,,,,,,,,,,,,,
7/4/2024 21:45,0,299,,,,,,,,,,,,,,,,,,
7/4/2024 21:30,0,297,,,,,,,,,,,,,,,,,,
7/4/2024 21:15,0,298,,,,,,,,,,,,,,,,,,
7/4/2024 21:00,0,297,,,,,,,,,,,,,,,,,,
7/4/2024 20:45,0,296,,,,,,,,,,,,,,,,,,
7/4/2024 20:30,0,297,,,,,,,,,,,,,,,,,,
7/4/2024 20:15,0,296,,,,,,,,,,,,,,,,,,
7/4/2024 20:00,0.2,296,,,,,,,,,,,,,,,,,,
7/4/2024 19:45,0,295,,,,,,,,,,,,,,,,,,
7/4/2024 19:30,0,296,,,,,,,,,,,,,,,,,,
7/4/2024 19:15,0.2,295,,,,,,,,,,,,,,,,,,
7/4/2024 19:00,0,295,,,,,,,,,,,,,,,,,,
7/4/2024 18:45,0,295,,,,,,,,,,,,,,,,,,
7/4/2024 18:30,0.4,294,,,,,,,,,,,,,,,,,,
7/4/2024 18:15,0.2,293,,,,,,,,,,,,,,,,,,
7/4/2024 18:00,1.2,293,,,,,,,,,,,,,,,,,,
7/4/2024 17:45,0.2,294,,,,,,,,,,,,,,,,,,
7/4/2024 17:30,0.2,293,,,,,,,,,,,,,,,,,,
7/4/2024 17:15,0,293,,,,,,,,,,,,,,,,,,
7/4/2024 17:00,0,294,,,,,,,,,,,,,,,,,,
7/4/2024 16:45,0,293,,,,,,,,,,,,,,,,,,
7/4/2024 16:30,0,293,,,,,,,,,,,,,,,,,,
7/4/2024 16:15,0,292,,,,,,,,,,,,,,,,,,
7/4/2024 16:00,0,292,,,,,,,,,,,,,,,,,,
7/4/2024 15:45,0,292,,,,,,,,,,,,,,,,,,
7/4/2024 15:30,0,291,,,,,,,,,,,,,,,,,,
7/4/2024 15:15,0,291,,,,,,,,,,,,,,,,,,
7/4/2024 15:00,0,291,,,,,,,,,,,,,,,,,,
7/4/2024 14:45,0,290,,,,,,,,,,,,,,,,,,
7/4/2024 14:30,0,289,,,,,,,,,,,,,,,,,,
7/4/2024 14:15,0,290,,,,,,,,,,,,,,,,,,
7/4/2024 14:00,0,289,,,,,,,,,,,,,,,,,,
7/4/2024 13:45,0,288,,,,,,,,,,,,,,,,,,
7/4/2024 13:30,0,288,,,,,,,,,,,,,,,,,,
7/4/2024 13:15,0,287,,,,,,,,,,,,,,,,,,
7/4/2024 13:00,0,287,,,,,,,,,,,,,,,,,,
7/4/2024 12:45,0,287,,,,,,,,,,,,,,,,,,
7/4/2024 12:30,0,285,,,,,,,,,,,,,,,,,,
7/4/2024 12:15,0,284,,,,,,,,,,,,,,,,,,
7/4/2024 12:00,0,286,,,,,,,,,,,,,,,,,,
7/4/2024 11:45,0,284,,,,,,,,,,,,,,,,,,
7/4/2024 11:30,0,283,,,,,,,,,,,,,,,,,,
7/4/2024 11:15,0,284,,,,,,,,,,,,,,,,,,
7/4/2024 11:00,0,283,,,,,,,,,,,,,,,,,,
7/4/2024 10:45,0,283,,,,,,,,,,,,,,,,,,
7/4/2024 10:30,0,283,,,,,,,,,,,,,,,,,,
7/4/2024 10:15,0,282,,,,,,,,,,,,,,,,,,
7/4/2024 10:00,0,282,,,,,,,,,,,,,,,,,,
7/4/2024 9:45,0,283,,,,,,,,,,,,,,,,,,
7/4/2024 9:30,0,283,,,,,,,,,,,,,,,,,,
7/4/2024 9:15,0,282,,,,,,,,,,,,,,,,,,
7/4/2024 9:00,0,281,,,,,,,,,,,,,,,,,,
7/4/2024 8:45,0,281,,,,,,,,,,,,,,,,,,
7/4/2024 8:30,0,279,,,,,,,,,,,,,,,,,,
7/4/2024 8:15,0,279,,,,,,,,,,,,,,,,,,
7/4/2024 8:00,0,280,,,,,,,,,,,,,,,,,,
7/4/2024 7:45,0,278,,,,,,,,,,,,,,,,,,
7/4/2024 7:30,0,279,,,,,,,,,,,,,,,,,,
7/4/2024 7:15,0,279,,,,,,,,,,,,,,,,,,
7/4/2024 7:00,1.2,277,,,,,,,,,,,,,,,,,,
7/4/2024 6:45,0.4,278,,,,,,,,,,,,,,,,,,
7/4/2024 6:30,0.6,278,,,,,,,,,,,,,,,,,,
7/4/2024 6:15,0.6,278,,,,,,,,,,,,,,,,,,
7/4/2024 6:00,1,278,,,,,,,,,,,,,,,,,,
7/4/2024 5:45,0.6,278,,,,,,,,,,,,,,,,,,
7/4/2024 5:30,0,277,,,,,,,,,,,,,,,,,,
7/4/2024 5:15,0.4,275,,,,,,,,,,,,,,,,,,
7/4/2024 5:00,0,275,,,,,,,,,,,,,,,,,,
7/4/2024 4:45,0,275,,,,,,,,,,,,,,,,,,
7/4/2024 4:30,0,274,,,,,,,,,,,,,,,,,,
7/4/2024 4:15,0,274,,,,,,,,,,,,,,,,,,
7/4/2024 4:00,0,274,,,,,,,,,,,,,,,,,,
7/4/2024 3:45,0,274,,,,,,,,,,,,,,,,,,
7/4/2024 3:30,0,273,,,,,,,,,,,,,,,,,,
7/4/2024 3:15,0,273,,,,,,,,,,,,,,,,,,
7/4/2024 3:00,0,273,,,,,,,,,,,,,,,,,,
7/4/2024 2:45,0,272,,,,,,,,,,,,,,,,,,
7/4/2024 2:30,0,272,,,,,,,,,,,,,,,,,,
7/4/2024 2:15,0,272,,,,,,,,,,,,,,,,,,
7/4/2024 2:00,0,271,,,,,,,,,,,,,,,,,,
7/4/2024 1:45,0,272,,,,,,,,,,,,,,,,,,
7/4/2024 1:30,0,272,,,,,,,,,,,,,,,,,,
7/4/2024 1:15,0,271,,,,,,,,,,,,,,,,,,
7/4/2024 1:00,0,271,,,,,,,,,,,,,,,,,,
7/4/2024 0:45,0,271,,,,,,,,,,,,,,,,,,
7/4/2024 0:30,0,271,,,,,,,,,,,,,,,,,,
7/4/2024 0:15,0,271,,,,,,,,,,,,,,,,,,
7/4/2024 0:00,0,270,,,,,,,,,,,,,,,,,,
6/4/2024 23:45,0,270,,,,,,,,,,,,,,,,,,
6/4/2024 23:30,0,271,,,,,,,,,,,,,,,,,,
6/4/2024 23:15,0,270,,,,,,,,,,,,,,,,,,
6/4/2024 23:00,0,271,,,,,,,,,,,,,,,,,,
6/4/2024 22:45,0,268,,,,,,,,,,,,,,,,,,
6/4/2024 22:30,0,269,,,,,,,,,,,,,,,,,,
6/4/2024 22:15,0,269,,,,,,,,,,,,,,,,,,
6/4/2024 22:00,0,270,,,,,,,,,,,,,,,,,,
6/4/2024 21:45,0,269,,,,,,,,,,,,,,,,,,
6/4/2024 21:30,0,268,,,,,,,,,,,,,,,,,,
6/4/2024 21:15,0,269,,,,,,,,,,,,,,,,,,
6/4/2024 21:00,0,269,,,,,,,,,,,,,,,,,,
6/4/2024 20:45,0,270,,,,,,,,,,,,,,,,,,
6/4/2024 20:30,0,269,,,,,,,,,,,,,,,,,,
6/4/2024 20:15,0,269,,,,,,,,,,,,,,,,,,
6/4/2024 20:00,0,269,,,,,,,,,,,,,,,,,,
6/4/2024 19:45,0,269,,,,,,,,,,,,,,,,,,
6/4/2024 19:30,0,269,,,,,,,,,,,,,,,,,,
6/4/2024 19:15,0,268,,,,,,,,,,,,,,,,,,
6/4/2024 19:00,0,268,,,,,,,,,,,,,,,,,,
6/4/2024 18:45,0,268,,,,,,,,,,,,,,,,,,
6/4/2024 18:30,0,266,,,,,,,,,,,,,,,,,,
6/4/2024 18:15,0,268,,,,,,,,,,,,,,,,,,
6/4/2024 18:00,0,266,,,,,,,,,,,,,,,,,,
6/4/2024 17:45,0,266,,,,,,,,,,,,,,,,,,
6/4/2024 17:30,0,266,,,,,,,,,,,,,,,,,,
6/4/2024 17:15,0,268,,,,,,,,,,,,,,,,,,
6/4/2024 17:00,0,268,,,,,,,,,,,,,,,,,,
6/4/2024 16:45,0,267,,,,,,,,,,,,,,,,,,
6/4/2024 16:30,0,266,,,,,,,,,,,,,,,,,,
6/4/2024 16:15,0,268,,,,,,,,,,,,,,,,,,
6/4/2024 16:00,0,268,,,,,,,,,,,,,,,,,,
6/4/2024 15:45,0,265,,,,,,,,,,,,,,,,,,
6/4/2024 15:30,0,265,,,,,,,,,,,,,,,,,,
6/4/2024 15:15,0,267,,,,,,,,,,,,,,,,,,
6/4/2024 15:00,0,267,,,,,,,,,,,,,,,,,,
6/4/2024 14:45,0,270,,,,,,,,,,,,,,,,,,
6/4/2024 14:30,0,267,,,,,,,,,,,,,,,,,,
6/4/2024 14:15,0,268,,,,,,,,,,,,,,,,,,
6/4/2024 14:00,0,267,,,,,,,,,,,,,,,,,,
6/4/2024 13:45,0,268,,,,,,,,,,,,,,,,,,
6/4/2024 13:30,0,269,,,,,,,,,,,,,,,,,,
6/4/2024 13:15,0,265,,,,,,,,,,,,,,,,,,
6/4/2024 13:00,0,267,,,,,,,,,,,,,,,,,,
6/4/2024 12:45,0,265,,,,,,,,,,,,,,,,,,
6/4/2024 12:30,0,268,,,,,,,,,,,,,,,,,,
6/4/2024 12:15,0.2,267,,,,,,,,,,,,,,,,,,
6/4/2024 12:00,0,265,,,,,,,,,,,,,,,,,,
6/4/2024 11:45,0,265,,,,,,,,,,,,,,,,,,
6/4/2024 11:30,0,264,,,,,,,,,,,,,,,,,,
6/4/2024 11:15,0,264,,,,,,,,,,,,,,,,,,
6/4/2024 11:00,0,264,,,,,,,,,,,,,,,,,,
6/4/2024 10:45,0,264,,,,,,,,,,,,,,,,,,
6/4/2024 10:30,0,264,,,,,,,,,,,,,,,,,,
6/4/2024 10:15,0,262,,,,,,,,,,,,,,,,,,
6/4/2024 10:00,0,264,,,,,,,,,,,,,,,,,,
6/4/2024 9:45,0,265,,,,,,,,,,,,,,,,,,
6/4/2024 9:30,0,265,,,,,,,,,,,,,,,,,,
6/4/2024 9:15,0,,,,,,,,,,,,,,,,,,,
6/4/2024 9:00,0,265,,,,,,,,,,,,,,,,,,
6/4/2024 8:45,0,267,,,,,,,,,,,,,,,,,,
6/4/2024 8:30,0,270,,,,,,,,,,,,,,,,,,
6/4/2024 8:15,0,266,,,,,,,,,,,,,,,,,,
6/4/2024 8:00,0,266,,,,,,,,,,,,,,,,,,
6/4/2024 7:45,0,266,,,,,,,,,,,,,,,,,,
6/4/2024 7:30,0,268,,,,,,,,,,,,,,,,,,
6/4/2024 7:15,0,267,,,,,,,,,,,,,,,,,,
6/4/2024 7:00,0,270,,,,,,,,,,,,,,,,,,
6/4/2024 6:45,0,267,,,,,,,,,,,,,,,,,,
6/4/2024 6:30,0,273,,,,,,,,,,,,,,,,,,
6/4/2024 6:15,0,271,,,,,,,,,,,,,,,,,,
6/4/2024 6:00,0,266,,,,,,,,,,,,,,,,,,
6/4/2024 5:45,0,266,,,,,,,,,,,,,,,,,,
6/4/2024 5:30,0.2,266,,,,,,,,,,,,,,,,,,
6/4/2024 5:15,0,267,,,,,,,,,,,,,,,,,,
6/4/2024 5:00,0,266,,,,,,,,,,,,,,,,,,
6/4/2024 4:45,0,267,,,,,,,,,,,,,,,,,,
6/4/2024 4:30,0,267,,,,,,,,,,,,,,,,,,
6/4/2024 4:15,0,266,,,,,,,,,,,,,,,,,,
6/4/2024 4:00,0,266,,,,,,,,,,,,,,,,,,
6/4/2024 3:45,0,267,,,,,,,,,,,,,,,,,,
6/4/2024 3:30,0,268,,,,,,,,,,,,,,,,,,
6/4/2024 3:15,0,267,,,,,,,,,,,,,,,,,,
6/4/2024 3:00,0,269,,,,,,,,,,,,,,,,,,
6/4/2024 2:45,0,267,,,,,,,,,,,,,,,,,,
6/4/2024 2:30,0,265,,,,,,,,,,,,,,,,,,
6/4/2024 2:15,0,265,,,,,,,,,,,,,,,,,,
6/4/2024 2:00,0,266,,,,,,,,,,,,,,,,,,
6/4/2024 1:45,0,266,,,,,,,,,,,,,,,,,,
6/4/2024 1:30,0,265,,,,,,,,,,,,,,,,,,
6/4/2024 1:15,0,266,,,,,,,,,,,,,,,,,,
6/4/2024 1:00,0,266,,,,,,,,,,,,,,,,,,
6/4/2024 0:45,0,267,,,,,,,,,,,,,,,,,,
6/4/2024 0:30,0,266,,,,,,,,,,,,,,,,,,
6/4/2024 0:15,0,266,,,,,,,,,,,,,,,,,,
6/4/2024 0:00,0,267,,,,,,,,,,,,,,,,,,
5/4/2024 23:45,0,266,,,,,,,,,,,,,,,,,,
5/4/2024 23:30,0,265,,,,,,,,,,,,,,,,,,
5/4/2024 23:15,0,267,,,,,,,,,,,,,,,,,,
5/4/2024 23:00,0,266,,,,,,,,,,,,,,,,,,
5/4/2024 22:45,0,265,,,,,,,,,,,,,,,,,,
5/4/2024 22:30,0,267,,,,,,,,,,,,,,,,,,
5/4/2024 22:15,0,265,,,,,,,,,,,,,,,,,,
5/4/2024 22:00,0,268,,,,,,,,,,,,,,,,,,
5/4/2024 21:45,0,267,,,,,,,,,,,,,,,,,,
5/4/2024 21:30,0,266,,,,,,,,,,,,,,,,,,
5/4/2024 21:15,0,265,,,,,,,,,,,,,,,,,,
5/4/2024 21:00,0,263,,,,,,,,,,,,,,,,,,
5/4/2024 20:45,0,265,,,,,,,,,,,,,,,,,,
5/4/2024 20:30,0,265,,,,,,,,,,,,,,,,,,
5/4/2024 20:15,0,266,,,,,,,,,,,,,,,,,,
5/4/2024 20:00,0,265,,,,,,,,,,,,,,,,,,
5/4/2024 19:45,0,265,,,,,,,,,,,,,,,,,,
5/4/2024 19:30,0,267,,,,,,,,,,,,,,,,,,
5/4/2024 19:15,0,267,,,,,,,,,,,,,,,,,,
5/4/2024 19:00,0,264,,,,,,,,,,,,,,,,,,
5/4/2024 18:45,0,264,,,,,,,,,,,,,,,,,,
5/4/2024 18:30,0,264,,,,,,,,,,,,,,,,,,
5/4/2024 18:15,0,264,,,,,,,,,,,,,,,,,,
5/4/2024 18:00,0,264,,,,,,,,,,,,,,,,,,
5/4/2024 17:45,0,264,,,,,,,,,,,,,,,,,,
5/4/2024 17:30,0,263,,,,,,,,,,,,,,,,,,
5/4/2024 17:15,0,265,,,,,,,,,,,,,,,,,,
5/4/2024 17:00,0,264,,,,,,,,,,,,,,,,,,
5/4/2024 16:45,0,264,,,,,,,,,,,,,,,,,,
5/4/2024 16:30,0,264,,,,,,,,,,,,,,,,,,
5/4/2024 16:15,0,264,,,,,,,,,,,,,,,,,,
5/4/2024 16:00,0,265,,,,,,,,,,,,,,,,,,
5/4/2024 15:45,0,266,,,,,,,,,,,,,,,,,,
5/4/2024 15:30,0,266,,,,,,,,,,,,,,,,,,
5/4/2024 15:15,0,266,,,,,,,,,,,,,,,,,,
5/4/2024 15:00,0,265,,,,,,,,,,,,,,,,,,
5/4/2024 14:45,0,265,,,,,,,,,,,,,,,,,,
5/4/2024 14:30,0,267,,,,,,,,,,,,,,,,,,
5/4/2024 14:15,0,267,,,,,,,,,,,,,,,,,,
5/4/2024 14:00,0,265,,,,,,,,,,,,,,,,,,
5/4/2024 13:45,0,265,,,,,,,,,,,,,,,,,,
5/4/2024 13:30,0,264,,,,,,,,,,,,,,,,,,
5/4/2024 13:15,0,265,,,,,,,,,,,,,,,,,,
5/4/2024 13:00,0,265,,,,,,,,,,,,,,,,,,
5/4/2024 12:45,0.2,264,,,,,,,,,,,,,,,,,,
5/4/2024 12:30,0,263,,,,,,,,,,,,,,,,,,
5/4/2024 12:15,0.2,265,,,,,,,,,,,,,,,,,,
5/4/2024 12:00,1,265,,,,,,,,,,,,,,,,,,
5/4/2024 11:45,0,264,,,,,,,,,,,,,,,,,,
5/4/2024 11:30,0,265,,,,,,,,,,,,,,,,,,
5/4/2024 11:15,0,264,,,,,,,,,,,,,,,,,,
5/4/2024 11:00,0,264,,,,,,,,,,,,,,,,,,
5/4/2024 10:45,0,265,,,,,,,,,,,,,,,,,,
5/4/2024 10:30,0,265,,,,,,,,,,,,,,,,,,
5/4/2024 10:15,0,263,,,,,,,,,,,,,,,,,,
5/4/2024 10:00,0,266,,,,,,,,,,,,,,,,,,
5/4/2024 9:45,0,265,,,,,,,,,,,,,,,,,,
5/4/2024 9:30,0,265,,,,,,,,,,,,,,,,,,
5/4/2024 9:15,0,266,,,,,,,,,,,,,,,,,,
5/4/2024 9:00,0,265,,,,,,,,,,,,,,,,,,
5/4/2024 8:45,0,265,,,,,,,,,,,,,,,,,,
5/4/2024 8:30,0,265,,,,,,,,,,,,,,,,,,
5/4/2024 8:15,0,264,,,,,,,,,,,,,,,,,,
5/4/2024 8:00,0,265,,,,,,,,,,,,,,,,,,
5/4/2024 7:45,0,265,,,,,,,,,,,,,,,,,,
5/4/2024 7:30,0,265,,,,,,,,,,,,,,,,,,
5/4/2024 7:15,0,263,,,,,,,,,,,,,,,,,,
5/4/2024 7:00,0,264,,,,,,,,,,,,,,,,,,
5/4/2024 6:45,0,263,,,,,,,,,,,,,,,,,,
5/4/2024 6:30,0,264,,,,,,,,,,,,,,,,,,
5/4/2024 6:15,0,264,,,,,,,,,,,,,,,,,,
5/4/2024 6:00,0,264,,,,,,,,,,,,,,,,,,
5/4/2024 5:45,0,263,,,,,,,,,,,,,,,,,,
5/4/2024 5:30,0,264,,,,,,,,,,,,,,,,,,
5/4/2024 5:15,0,264,,,,,,,,,,,,,,,,,,
5/4/2024 5:00,0,264,,,,,,,,,,,,,,,,,,
5/4/2024 4:45,0,264,,,,,,,,,,,,,,,,,,
5/4/2024 4:30,0,264,,,,,,,,,,,,,,,,,,
5/4/2024 4:15,0,264,,,,,,,,,,,,,,,,,,
5/4/2024 4:00,0,263,,,,,,,,,,,,,,,,,,
5/4/2024 3:45,0,263,,,,,,,,,,,,,,,,,,
5/4/2024 3:30,0,264,,,,,,,,,,,,,,,,,,
5/4/2024 3:15,0,264,,,,,,,,,,,,,,,,,,
5/4/2024 3:00,0,264,,,,,,,,,,,,,,,,,,
5/4/2024 2:45,0,264,,,,,,,,,,,,,,,,,,
5/4/2024 2:30,0,263,,,,,,,,,,,,,,,,,,
5/4/2024 2:15,0,264,,,,,,,,,,,,,,,,,,
5/4/2024 2:00,0,263,,,,,,,,,,,,,,,,,,
5/4/2024 1:45,0,263,,,,,,,,,,,,,,,,,,
5/4/2024 1:30,0,262,,,,,,,,,,,,,,,,,,
5/4/2024 1:15,0,262,,,,,,,,,,,,,,,,,,
5/4/2024 1:00,0,262,,,,,,,,,,,,,,,,,,
5/4/2024 0:45,0,263,,,,,,,,,,,,,,,,,,
5/4/2024 0:30,0,262,,,,,,,,,,,,,,,,,,
5/4/2024 0:15,0,262,,,,,,,,,,,,,,,,,,
5/4/2024 0:00,0,262,,,,,,,,,,,,,,,,,,
4/4/2024 23:45,0,263,,,,,,,,,,,,,,,,,,
4/4/2024 23:30,0,261,,,,,,,,,,,,,,,,,,
4/4/2024 23:15,0,263,,,,,,,,,,,,,,,,,,
4/4/2024 23:00,0,262,,,,,,,,,,,,,,,,,,
4/4/2024 22:45,0,262,,,,,,,,,,,,,,,,,,
4/4/2024 22:30,0,263,,,,,,,,,,,,,,,,,,
4/4/2024 22:15,0,261,,,,,,,,,,,,,,,,,,
4/4/2024 22:00,0,261,,,,,,,,,,,,,,,,,,
4/4/2024 21:45,0,261,,,,,,,,,,,,,,,,,,
4/4/2024 21:30,0,260,,,,,,,,,,,,,,,,,,
4/4/2024 21:15,0,260,,,,,,,,,,,,,,,,,,
4/4/2024 21:00,0,264,,,,,,,,,,,,,,,,,,
4/4/2024 20:45,0,262,,,,,,,,,,,,,,,,,,
4/4/2024 20:30,0,261,,,,,,,,,,,,,,,,,,
4/4/2024 20:15,0,261,,,,,,,,,,,,,,,,,,
4/4/2024 20:00,0,261,,,,,,,,,,,,,,,,,,
4/4/2024 19:45,0,262,,,,,,,,,,,,,,,,,,
4/4/2024 19:30,0,262,,,,,,,,,,,,,,,,,,
4/4/2024 19:15,0,262,,,,,,,,,,,,,,,,,,
4/4/2024 19:00,0,263,,,,,,,,,,,,,,,,,,
4/4/2024 18:45,0,261,,,,,,,,,,,,,,,,,,
4/4/2024 18:30,0,260,,,,,,,,,,,,,,,,,,
4/4/2024 18:15,0,259,,,,,,,,,,,,,,,,,,
4/4/2024 18:00,0,260,,,,,,,,,,,,,,,,,,
4/4/2024 17:45,0,260,,,,,,,,,,,,,,,,,,
4/4/2024 17:30,0,260,,,,,,,,,,,,,,,,,,
4/4/2024 17:15,0,261,,,,,,,,,,,,,,,,,,
4/4/2024 17:00,0,260,,,,,,,,,,,,,,,,,,
4/4/2024 16:45,0.2,262,,,,,,,,,,,,,,,,,,
4/4/2024 16:30,0,260,,,,,,,,,,,,,,,,,,
4/4/2024 16:15,0,260,,,,,,,,,,,,,,,,,,
4/4/2024 16:00,0,259,,,,,,,,,,,,,,,,,,
4/4/2024 15:45,0,258,,,,,,,,,,,,,,,,,,
4/4/2024 15:30,0,258,,,,,,,,,,,,,,,,,,
4/4/2024 15:15,0,261,,,,,,,,,,,,,,,,,,
4/4/2024 15:00,0,260,,,,,,,,,,,,,,,,,,
4/4/2024 14:45,0,260,,,,,,,,,,,,,,,,,,
4/4/2024 14:30,0,260,,,,,,,,,,,,,,,,,,
4/4/2024 14:15,0,260,,,,,,,,,,,,,,,,,,
4/4/2024 14:00,0,262,,,,,,,,,,,,,,,,,,
4/4/2024 13:45,0,260,,,,,,,,,,,,,,,,,,
4/4/2024 13:30,0,260,,,,,,,,,,,,,,,,,,
4/4/2024 13:15,0,260,,,,,,,,,,,,,,,,,,
4/4/2024 13:00,0,260,,,,,,,,,,,,,,,,,,
4/4/2024 12:45,0,259,,,,,,,,,,,,,,,,,,
4/4/2024 12:30,0,257,,,,,,,,,,,,,,,,,,
4/4/2024 12:15,0,258,,,,,,,,,,,,,,,,,,
4/4/2024 12:00,0,257,,,,,,,,,,,,,,,,,,
4/4/2024 11:45,0,256,,,,,,,,,,,,,,,,,,
4/4/2024 11:30,0.2,258,,,,,,,,,,,,,,,,,,
4/4/2024 11:15,0,257,,,,,,,,,,,,,,,,,,
4/4/2024 11:00,0.8,257,,,,,,,,,,,,,,,,,,
4/4/2024 10:45,0.2,256,,,,,,,,,,,,,,,,,,
4/4/2024 10:30,0,255,,,,,,,,,,,,,,,,,,
4/4/2024 10:15,0,257,,,,,,,,,,,,,,,,,,
4/4/2024 10:00,0,257,,,,,,,,,,,,,,,,,,
4/4/2024 9:45,0,257,,,,,,,,,,,,,,,,,,
4/4/2024 9:30,0,256,,,,,,,,,,,,,,,,,,
4/4/2024 9:15,0,256,,,,,,,,,,,,,,,,,,
4/4/2024 9:00,0,256,,,,,,,,,,,,,,,,,,
4/4/2024 8:45,0,257,,,,,,,,,,,,,,,,,,
4/4/2024 8:30,0,257,,,,,,,,,,,,,,,,,,
4/4/2024 8:15,0,256,,,,,,,,,,,,,,,,,,
4/4/2024 8:00,0,256,,,,,,,,,,,,,,,,,,
4/4/2024 7:45,0,256,,,,,,,,,,,,,,,,,,
4/4/2024 7:30,0,256,,,,,,,,,,,,,,,,,,
4/4/2024 7:15,0,256,,,,,,,,,,,,,,,,,,
4/4/2024 7:00,0,256,,,,,,,,,,,,,,,,,,
4/4/2024 6:45,0,255,,,,,,,,,,,,,,,,,,
4/4/2024 6:30,0,256,,,,,,,,,,,,,,,,,,
4/4/2024 6:15,0,255,,,,,,,,,,,,,,,,,,
4/4/2024 6:00,0,255,,,,,,,,,,,,,,,,,,
4/4/2024 5:45,0,253,,,,,,,,,,,,,,,,,,
4/4/2024 5:30,0,253,,,,,,,,,,,,,,,,,,
4/4/2024 5:15,0,253,,,,,,,,,,,,,,,,,,
4/4/2024 5:00,0,254,,,,,,,,,,,,,,,,,,
4/4/2024 4:45,0,254,,,,,,,,,,,,,,,,,,
4/4/2024 4:30,0,253,,,,,,,,,,,,,,,,,,
4/4/2024 4:15,0,253,,,,,,,,,,,,,,,,,,
4/4/2024 4:00,0,255,,,,,,,,,,,,,,,,,,
4/4/2024 3:45,0,255,,,,,,,,,,,,,,,,,,
4/4/2024 3:30,0,254,,,,,,,,,,,,,,,,,,
4/4/2024 3:15,0,254,,,,,,,,,,,,,,,,,,
4/4/2024 3:00,0,253,,,,,,,,,,,,,,,,,,
4/4/2024 2:45,0,251,,,,,,,,,,,,,,,,,,
4/4/2024 2:30,0,251,,,,,,,,,,,,,,,,,,
4/4/2024 2:15,0,252,,,,,,,,,,,,,,,,,,
4/4/2024 2:00,0,252,,,,,,,,,,,,,,,,,,
4/4/2024 1:45,0,251,,,,,,,,,,,,,,,,,,
4/4/2024 1:30,0,253,,,,,,,,,,,,,,,,,,
4/4/2024 1:15,0,253,,,,,,,,,,,,,,,,,,
4/4/2024 1:00,0,253,,,,,,,,,,,,,,,,,,
4/4/2024 0:45,0,252,,,,,,,,,,,,,,,,,,
4/4/2024 0:30,0,252,,,,,,,,,,,,,,,,,,
4/4/2024 0:15,0,252,,,,,,,,,,,,,,,,,,
4/4/2024 0:00,0,252,,,,,,,,,,,,,,,,,,
3/4/2024 23:45,0,252,,,,,,,,,,,,,,,,,,
3/4/2024 23:30,0,251,,,,,,,,,,,,,,,,,,
3/4/2024 23:15,0,252,,,,,,,,,,,,,,,,,,
3/4/2024 23:00,0,251,,,,,,,,,,,,,,,,,,
3/4/2024 22:45,0,250,,,,,,,,,,,,,,,,,,
3/4/2024 22:30,0,250,,,,,,,,,,,,,,,,,,
3/4/2024 22:15,0,248,,,,,,,,,,,,,,,,,,
3/4/2024 22:00,0,245,,,,,,,,,,,,,,,,,,
3/4/2024 21:45,0,250,,,,,,,,,,,,,,,,,,
3/4/2024 21:30,0,249,,,,,,,,,,,,,,,,,,
3/4/2024 21:15,0,248,,,,,,,,,,,,,,,,,,
3/4/2024 21:00,0,250,,,,,,,,,,,,,,,,,,
3/4/2024 20:45,0,248,,,,,,,,,,,,,,,,,,
3/4/2024 20:30,0,248,,,,,,,,,,,,,,,,,,
3/4/2024 20:15,0,247,,,,,,,,,,,,,,,,,,
3/4/2024 20:00,0,248,,,,,,,,,,,,,,,,,,
3/4/2024 19:45,0,247,,,,,,,,,,,,,,,,,,
3/4/2024 19:30,0,247,,,,,,,,,,,,,,,,,,
3/4/2024 19:15,0,246,,,,,,,,,,,,,,,,,,
3/4/2024 19:00,0,247,,,,,,,,,,,,,,,,,,
3/4/2024 18:45,0,247,,,,,,,,,,,,,,,,,,
3/4/2024 18:30,0,246,,,,,,,,,,,,,,,,,,
3/4/2024 18:15,0,247,,,,,,,,,,,,,,,,,,
3/4/2024 18:00,0,246,,,,,,,,,,,,,,,,,,
3/4/2024 17:45,0,246,,,,,,,,,,,,,,,,,,
3/4/2024 17:30,0,246,,,,,,,,,,,,,,,,,,
3/4/2024 17:15,0,246,,,,,,,,,,,,,,,,,,
3/4/2024 17:00,0,245,,,,,,,,,,,,,,,,,,
3/4/2024 16:45,0,246,,,,,,,,,,,,,,,,,,
3/4/2024 16:30,0,245,,,,,,,,,,,,,,,,,,
3/4/2024 16:15,0,245,,,,,,,,,,,,,,,,,,
3/4/2024 16:00,0,245,,,,,,,,,,,,,,,,,,
3/4/2024 15:45,0,245,,,,,,,,,,,,,,,,,,
3/4/2024 15:30,0,246,,,,,,,,,,,,,,,,,,
3/4/2024 15:15,0,244,,,,,,,,,,,,,,,,,,
3/4/2024 15:00,0,243,,,,,,,,,,,,,,,,,,
3/4/2024 14:45,0,244,,,,,,,,,,,,,,,,,,
3/4/2024 14:30,0,244,,,,,,,,,,,,,,,,,,
3/4/2024 14:15,0,245,,,,,,,,,,,,,,,,,,
3/4/2024 14:00,0,244,,,,,,,,,,,,,,,,,,
3/4/2024 13:45,0,243,,,,,,,,,,,,,,,,,,
3/4/2024 13:30,0,243,,,,,,,,,,,,,,,,,,
3/4/2024 13:15,0,243,,,,,,,,,,,,,,,,,,
3/4/2024 13:00,0,242,,,,,,,,,,,,,,,,,,
3/4/2024 12:45,0,243,,,,,,,,,,,,,,,,,,
3/4/2024 12:30,0,243,,,,,,,,,,,,,,,,,,
3/4/2024 12:15,0,243,,,,,,,,,,,,,,,,,,
3/4/2024 12:00,0,243,,,,,,,,,,,,,,,,,,
3/4/2024 11:45,0,242,,,,,,,,,,,,,,,,,,
3/4/2024 11:30,0,243,,,,,,,,,,,,,,,,,,
3/4/2024 11:15,0,242,,,,,,,,,,,,,,,,,,
3/4/2024 11:00,0,242,,,,,,,,,,,,,,,,,,
3/4/2024 10:45,0,243,,,,,,,,,,,,,,,,,,
3/4/2024 10:30,0,241,,,,,,,,,,,,,,,,,,
3/4/2024 10:15,0,241,,,,,,,,,,,,,,,,,,
3/4/2024 10:00,0,242,,,,,,,,,,,,,,,,,,
3/4/2024 9:45,0,242,,,,,,,,,,,,,,,,,,
3/4/2024 9:30,0,242,,,,,,,,,,,,,,,,,,
3/4/2024 9:15,0,242,,,,,,,,,,,,,,,,,,
3/4/2024 9:00,0,241,,,,,,,,,,,,,,,,,,
3/4/2024 8:45,0,242,,,,,,,,,,,,,,,,,,
3/4/2024 8:30,0,242,,,,,,,,,,,,,,,,,,
3/4/2024 8:15,0,243,,,,,,,,,,,,,,,,,,
3/4/2024 8:00,0,243,,,,,,,,,,,,,,,,,,
3/4/2024 7:45,0,243,,,,,,,,,,,,,,,,,,
3/4/2024 7:30,0,243,,,,,,,,,,,,,,,,,,
3/4/2024 7:15,0,242,,,,,,,,,,,,,,,,,,
3/4/2024 7:00,0,244,,,,,,,,,,,,,,,,,,
3/4/2024 6:45,0,244,,,,,,,,,,,,,,,,,,
3/4/2024 6:30,0,244,,,,,,,,,,,,,,,,,,
3/4/2024 6:15,0,242,,,,,,,,,,,,,,,,,,
3/4/2024 6:00,0,242,,,,,,,,,,,,,,,,,,
3/4/2024 5:45,0,243,,,,,,,,,,,,,,,,,,
3/4/2024 5:30,0,242,,,,,,,,,,,,,,,,,,
3/4/2024 5:15,0,242,,,,,,,,,,,,,,,,,,
3/4/2024 5:00,0,242,,,,,,,,,,,,,,,,,,
3/4/2024 4:45,0,241,,,,,,,,,,,,,,,,,,
3/4/2024 4:30,0,243,,,,,,,,,,,,,,,,,,
3/4/2024 4:15,0,242,,,,,,,,,,,,,,,,,,
3/4/2024 4:00,0,243,,,,,,,,,,,,,,,,,,
3/4/2024 3:45,0,242,,,,,,,,,,,,,,,,,,
3/4/2024 3:30,0,243,,,,,,,,,,,,,,,,,,
3/4/2024 3:15,0,243,,,,,,,,,,,,,,,,,,
3/4/2024 3:00,0,243,,,,,,,,,,,,,,,,,,
3/4/2024 2:45,0,243,,,,,,,,,,,,,,,,,,
3/4/2024 2:30,0,244,,,,,,,,,,,,,,,,,,
3/4/2024 2:15,0,243,,,,,,,,,,,,,,,,,,
3/4/2024 2:00,0,244,,,,,,,,,,,,,,,,,,
3/4/2024 1:45,0,244,,,,,,,,,,,,,,,,,,
3/4/2024 1:30,0,243,,,,,,,,,,,,,,,,,,
3/4/2024 1:15,0,244,,,,,,,,,,,,,,,,,,
3/4/2024 1:00,0,243,,,,,,,,,,,,,,,,,,
3/4/2024 0:45,0,243,,,,,,,,,,,,,,,,,,
3/4/2024 0:30,0,243,,,,,,,,,,,,,,,,,,
3/4/2024 0:15,0,244,,,,,,,,,,,,,,,,,,
3/4/2024 0:00,0,245,,,,,,,,,,,,,,,,,,
2/4/2024 23:45,0,245,,,,,,,,,,,,,,,,,,
2/4/2024 23:30,0,245,,,,,,,,,,,,,,,,,,
2/4/2024 23:15,0,245,,,,,,,,,,,,,,,,,,
2/4/2024 23:00,0,241,,,,,,,,,,,,,,,,,,
2/4/2024 22:45,0,244,,,,,,,,,,,,,,,,,,
2/4/2024 22:30,0,244,,,,,,,,,,,,,,,,,,
2/4/2024 22:15,0,242,,,,,,,,,,,,,,,,,,
2/4/2024 22:00,0,245,,,,,,,,,,,,,,,,,,
2/4/2024 21:45,0,244,,,,,,,,,,,,,,,,,,
2/4/2024 21:30,0,244,,,,,,,,,,,,,,,,,,
2/4/2024 21:15,0,245,,,,,,,,,,,,,,,,,,
2/4/2024 21:00,0,246,,,,,,,,,,,,,,,,,,
2/4/2024 20:45,0,244,,,,,,,,,,,,,,,,,,
2/4/2024 20:30,0,244,,,,,,,,,,,,,,,,,,
2/4/2024 20:15,0,245,,,,,,,,,,,,,,,,,,
2/4/2024 20:00,0,245,,,,,,,,,,,,,,,,,,
2/4/2024 19:45,0,247,,,,,,,,,,,,,,,,,,
2/4/2024 19:30,0,248,,,,,,,,,,,,,,,,,,
2/4/2024 19:15,0,248,,,,,,,,,,,,,,,,,,
2/4/2024 19:00,0,247,,,,,,,,,,,,,,,,,,
2/4/2024 18:45,0,246,,,,,,,,,,,,,,,,,,
2/4/2024 18:30,0,247,,,,,,,,,,,,,,,,,,
2/4/2024 18:15,0,247,,,,,,,,,,,,,,,,,,
2/4/2024 18:00,0,248,,,,,,,,,,,,,,,,,,
2/4/2024 17:45,0,247,,,,,,,,,,,,,,,,,,
2/4/2024 17:30,0,247,,,,,,,,,,,,,,,,,,
2/4/2024 17:15,0,247,,,,,,,,,,,,,,,,,,
2/4/2024 17:00,0,247,,,,,,,,,,,,,,,,,,
2/4/2024 16:45,0,247,,,,,,,,,,,,,,,,,,
2/4/2024 16:30,0,246,,,,,,,,,,,,,,,,,,
2/4/2024 16:15,0,244,,,,,,,,,,,,,,,,,,
2/4/2024 16:00,0,245,,,,,,,,,,,,,,,,,,
2/4/2024 15:45,0,246,,,,,,,,,,,,,,,,,,
2/4/2024 15:30,0,246,,,,,,,,,,,,,,,,,,
2/4/2024 15:15,0,246,,,,,,,,,,,,,,,,,,
2/4/2024 15:00,0,246,,,,,,,,,,,,,,,,,,
2/4/2024 14:45,0,245,,,,,,,,,,,,,,,,,,
2/4/2024 14:30,0,246,,,,,,,,,,,,,,,,,,
2/4/2024 14:15,0,246,,,,,,,,,,,,,,,,,,
2/4/2024 14:00,0,247,,,,,,,,,,,,,,,,,,
2/4/2024 13:45,0,247,,,,,,,,,,,,,,,,,,
2/4/2024 13:30,0,247,,,,,,,,,,,,,,,,,,
2/4/2024 13:15,0,247,,,,,,,,,,,,,,,,,,
2/4/2024 13:00,0,247,,,,,,,,,,,,,,,,,,
2/4/2024 12:45,0,247,,,,,,,,,,,,,,,,,,
2/4/2024 12:30,0,246.07,,,,,,,,,,,,,,,,,,
2/4/2024 12:15,0,244.14,,,,,,,,,,,,,,,,,,
2/4/2024 12:00,0,244.21,,,,,,,,,,,,,,,,,,
2/4/2024 11:45,0,245.28,,,,,,,,,,,,,,,,,,
2/4/2024 11:30,0,242.35,,,,,,,,,,,,,,,,,,
2/4/2024 11:15,0,246.42,,,,,,,,,,,,,,,,,,
2/4/2024 11:00,0,246.49,,,,,,,,,,,,,,,,,,
2/4/2024 10:45,0,248.56,,,,,,,,,,,,,,,,,,
2/4/2024 10:30,0,246.63,,,,,,,,,,,,,,,,,,
2/4/2024 10:15,0,245.7,,,,,,,,,,,,,,,,,,
2/4/2024 10:00,0,241.77,,,,,,,,,,,,,,,,,,
2/4/2024 9:45,0,249.84,,,,,,,,,,,,,,,,,,
2/4/2024 9:30,0,251.91,,,,,,,,,,,,,,,,,,
2/4/2024 9:15,0,258.98,,,,,,,,,,,,,,,,,,
2/4/2024 9:00,0,246.05,,,,,,,,,,,,,,,,,,
2/4/2024 8:45,0,245.12,,,,,,,,,,,,,,,,,,
2/4/2024 8:30,0,246.19,,,,,,,,,,,,,,,,,,
2/4/2024 8:15,0,248.26,,,,,,,,,,,,,,,,,,
2/4/2024 8:00,0,249.33,,,,,,,,,,,,,,,,,,
2/4/2024 7:45,0,249.4,,,,,,,,,,,,,,,,,,
2/4/2024 7:30,0,248.47,,,,,,,,,,,,,,,,,,
2/4/2024 7:15,0,246.53,,,,,,,,,,,,,,,,,,
2/4/2024 7:00,0,248.6,,,,,,,,,,,,,,,,,,
2/4/2024 6:45,0,248.67,,,,,,,,,,,,,,,,,,
2/4/2024 6:30,0,249.74,,,,,,,,,,,,,,,,,,
2/4/2024 6:15,0,247.81,,,,,,,,,,,,,,,,,,
2/4/2024 6:00,0,246.88,,,,,,,,,,,,,,,,,,
2/4/2024 5:45,0,245.95,,,,,,,,,,,,,,,,,,
2/4/2024 5:30,0,247.02,,,,,,,,,,,,,,,,,,
2/4/2024 5:15,0,257.09,,,,,,,,,,,,,,,,,,
2/4/2024 5:00,0,260.16,,,,,,,,,,,,,,,,,,
2/4/2024 4:45,0,261.23,,,,,,,,,,,,,,,,,,
2/4/2024 4:30,0,248.3,,,,,,,,,,,,,,,,,,
2/4/2024 4:15,0,249.37,,,,,,,,,,,,,,,,,,
2/4/2024 4:00,0,249.44,,,,,,,,,,,,,,,,,,
2/4/2024 3:45,0,250.51,,,,,,,,,,,,,,,,,,
2/4/2024 3:30,0,250.58,,,,,,,,,,,,,,,,,,
2/4/2024 3:15,0,250.65,,,,,,,,,,,,,,,,,,
2/4/2024 3:00,0,250.72,,,,,,,,,,,,,,,,,,
2/4/2024 2:45,0,250.79,,,,,,,,,,,,,,,,,,
2/4/2024 2:30,0,251.86,,,,,,,,,,,,,,,,,,
2/4/2024 2:15,0,251.93,,,,,,,,,,,,,,,,,,
2/4/2024 2:00,0,257,,,,,,,,,,,,,,,,,,
2/4/2024 1:45,0,255.07,,,,,,,,,,,,,,,,,,
2/4/2024 1:30,0,267.14,,,,,,,,,,,,,,,,,,
2/4/2024 1:15,0,261.21,,,,,,,,,,,,,,,,,,
2/4/2024 1:00,0,264.28,,,,,,,,,,,,,,,,,,
2/4/2024 0:45,0,266.35,,,,,,,,,,,,,,,,,,
2/4/2024 0:30,0,269.42,,,,,,,,,,,,,,,,,,
2/4/2024 0:15,0,265.49,,,,,,,,,,,,,,,,,,
2/4/2024 0:00,0,257.56,,,,,,,,,,,,,,,,,,
1/4/2024 23:45,0,256.63,,,,,,,,,,,,,,,,,,
1/4/2024 23:30,0,258.7,,,,,,,,,,,,,,,,,,
1/4/2024 23:15,0,257.77,,,,,,,,,,,,,,,,,,
1/4/2024 23:00,0,257.84,,,,,,,,,,,,,,,,,,
1/4/2024 22:45,0,257.91,,,,,,,,,,,,,,,,,,
1/4/2024 22:30,0,259.98,,,,,,,,,,,,,,,,,,
1/4/2024 22:15,0,262.05,,,,,,,,,,,,,,,,,,
1/4/2024 22:00,0,266.12,,,,,,,,,,,,,,,,,,
1/4/2024 21:45,0,261.19,,,,,,,,,,,,,,,,,,
1/4/2024 21:30,0,258.26,,,,,,,,,,,,,,,,,,
1/4/2024 21:15,0,259.33,,,,,,,,,,,,,,,,,,
1/4/2024 21:00,0,260.4,,,,,,,,,,,,,,,,,,
1/4/2024 20:45,0,260.47,,,,,,,,,,,,,,,,,,
1/4/2024 20:30,0,261.53,,,,,,,,,,,,,,,,,,
1/4/2024 20:15,0,261.6,,,,,,,,,,,,,,,,,,
1/4/2024 20:00,0,261.67,,,,,,,,,,,,,,,,,,
1/4/2024 19:45,0,262.74,,,,,,,,,,,,,,,,,,
1/4/2024 19:30,0,258.81,,,,,,,,,,,,,,,,,,
1/4/2024 19:15,0,259.88,,,,,,,,,,,,,,,,,,
1/4/2024 19:00,0,259.95,,,,,,,,,,,,,,,,,,
1/4/2024 18:45,0,260.02,,,,,,,,,,,,,,,,,,
1/4/2024 18:30,0,261.09,,,,,,,,,,,,,,,,,,
1/4/2024 18:15,0,261.16,,,,,,,,,,,,,,,,,,
1/4/2024 18:00,0,262.23,,,,,,,,,,,,,,,,,,
1/4/2024 17:45,0,262.3,,,,,,,,,,,,,,,,,,
1/4/2024 17:30,0,261.37,,,,,,,,,,,,,,,,,,
1/4/2024 17:15,0,262.44,,,,,,,,,,,,,,,,,,
1/4/2024 17:00,0,262.51,,,,,,,,,,,,,,,,,,
1/4/2024 16:45,0,262.58,,,,,,,,,,,,,,,,,,
1/4/2024 16:30,0,262.65,,,,,,,,,,,,,,,,,,
1/4/2024 16:15,0,263.72,,,,,,,,,,,,,,,,,,
1/4/2024 16:00,0,264.79,,,,,,,,,,,,,,,,,,
1/4/2024 15:45,0,262.86,,,,,,,,,,,,,,,,,,
1/4/2024 15:30,0,277.93,,,,,,,,,,,,,,,,,,
1/4/2024 15:15,0,277,,,,,,,,,,,,,,,,,,
1/4/2024 15:00,0,264,,,,,,,,,,,,,,,,,,
1/4/2024 14:45,0,264,,,,,,,,,,,,,,,,,,
1/4/2024 14:30,0,264,,,,,,,,,,,,,,,,,,
1/4/2024 14:15,0,262,,,,,,,,,,,,,,,,,,
1/4/2024 14:00,0,263,,,,,,,,,,,,,,,,,,
1/4/2024 13:45,0,263,,,,,,,,,,,,,,,,,,
1/4/2024 13:30,0,263,,,,,,,,,,,,,,,,,,
1/4/2024 13:15,0,263,,,,,,,,,,,,,,,,,,
1/4/2024 13:00,0,262,,,,,,,,,,,,,,,,,,
1/4/2024 12:45,0,261,,,,,,,,,,,,,,,,,,
1/4/2024 12:30,0,261,,,,,,,,,,,,,,,,,,
1/4/2024 12:15,0,263,,,,,,,,,,,,,,,,,,
1/4/2024 12:00,0,263,,,,,,,,,,,,,,,,,,
1/4/2024 11:45,0,262,,,,,,,,,,,,,,,,,,
1/4/2024 11:30,0,262,,,,,,,,,,,,,,,,,,
1/4/2024 11:15,0,262,,,,,,,,,,,,,,,,,,
1/4/2024 11:00,0,262,,,,,,,,,,,,,,,,,,
1/4/2024 10:45,0,262,,,,,,,,,,,,,,,,,,
1/4/2024 10:30,0,262,,,,,,,,,,,,,,,,,,
1/4/2024 10:15,0,263,,,,,,,,,,,,,,,,,,
1/4/2024 10:00,0,263,,,,,,,,,,,,,,,,,,
1/4/2024 9:45,0,263,,,,,,,,,,,,,,,,,,
1/4/2024 9:30,0,262,,,,,,,,,,,,,,,,,,
1/4/2024 9:15,0,261,,,,,,,,,,,,,,,,,,
1/4/2024 9:00,0,262,,,,,,,,,,,,,,,,,,
1/4/2024 8:45,0,264,,,,,,,,,,,,,,,,,,
1/4/2024 8:30,0,264,,,,,,,,,,,,,,,,,,
1/4/2024 8:15,0,264,,,,,,,,,,,,,,,,,,
1/4/2024 8:00,0,264,,,,,,,,,,,,,,,,,,
1/4/2024 7:45,0,264,,,,,,,,,,,,,,,,,,
1/4/2024 7:30,0,265,,,,,,,,,,,,,,,,,,
1/4/2024 7:15,0,264,,,,,,,,,,,,,,,,,,
1/4/2024 7:00,0,264,,,,,,,,,,,,,,,,,,
1/4/2024 6:45,0,265,,,,,,,,,,,,,,,,,,
1/4/2024 6:30,0,264,,,,,,,,,,,,,,,,,,
1/4/2024 6:15,0,263,,,,,,,,,,,,,,,,,,
1/4/2024 6:00,0,263,,,,,,,,,,,,,,,,,,
1/4/2024 5:45,0,265,,,,,,,,,,,,,,,,,,
1/4/2024 5:30,0,264,,,,,,,,,,,,,,,,,,
1/4/2024 5:15,0,264,,,,,,,,,,,,,,,,,,
1/4/2024 5:00,0,264,,,,,,,,,,,,,,,,,,
1/4/2024 4:45,0,264,,,,,,,,,,,,,,,,,,
1/4/2024 4:30,0,265,,,,,,,,,,,,,,,,,,
1/4/2024 4:15,0,265,,,,,,,,,,,,,,,,,,
1/4/2024 4:00,0,265,,,,,,,,,,,,,,,,,,
1/4/2024 3:45,0,265,,,,,,,,,,,,,,,,,,
1/4/2024 3:30,0,265,,,,,,,,,,,,,,,,,,
1/4/2024 3:15,0,265,,,,,,,,,,,,,,,,,,
1/4/2024 3:00,0,265,,,,,,,,,,,,,,,,,,
1/4/2024 2:45,0,266,,,,,,,,,,,,,,,,,,
1/4/2024 2:30,0,267,,,,,,,,,,,,,,,,,,
1/4/2024 2:15,0,266,,,,,,,,,,,,,,,,,,
1/4/2024 2:00,0,265,,,,,,,,,,,,,,,,,,
1/4/2024 1:45,0,266,,,,,,,,,,,,,,,,,,
1/4/2024 1:30,0,267,,,,,,,,,,,,,,,,,,
1/4/2024 1:15,0,266,,,,,,,,,,,,,,,,,,
1/4/2024 1:00,0,267,,,,,,,,,,,,,,,,,,
1/4/2024 0:45,0,266,,,,,,,,,,,,,,,,,,
1/4/2024 0:30,0,261,,,,,,,,,,,,,,,,,,
1/4/2024 0:15,0,269,,,,,,,,,,,,,,,,,,
1/4/2024 0:00,0,265,,,,,,,,,,,,,,,,,,
31/03/2024 23:45:00,0,266,,,,,,,,,,,,,,,,,,
31/03/2024 23:30:00,0,267,,,,,,,,,,,,,,,,,,
31/03/2024 23:15:00,0,266,,,,,,,,,,,,,,,,,,
31/03/2024 23:00:00,0,265,,,,,,,,,,,,,,,,,,
31/03/2024 22:45:00,0,266,,,,,,,,,,,,,,,,,,
31/03/2024 22:30:00,0,266,,,,,,,,,,,,,,,,,,
31/03/2024 22:15:00,0,266,,,,,,,,,,,,,,,,,,
31/03/2024 22:00:00,0,267,,,,,,,,,,,,,,,,,,
31/03/2024 21:45:00,0,267,,,,,,,,,,,,,,,,,,
31/03/2024 21:30:00,0,268,,,,,,,,,,,,,,,,,,
31/03/2024 21:15:00,0,268,,,,,,,,,,,,,,,,,,
31/03/2024 21:00:00,0,267,,,,,,,,,,,,,,,,,,
31/03/2024 20:45:00,0,267,,,,,,,,,,,,,,,,,,
31/03/2024 20:30:00,0,266,,,,,,,,,,,,,,,,,,
31/03/2024 20:15:00,0,270,,,,,,,,,,,,,,,,,,
31/03/2024 20:00:00,0,269,,,,,,,,,,,,,,,,,,
31/03/2024 19:45:00,0,268,,,,,,,,,,,,,,,,,,
31/03/2024 19:30:00,0,269,,,,,,,,,,,,,,,,,,
31/03/2024 19:15:00,0,271,,,,,,,,,,,,,,,,,,
31/03/2024 19:00:00,0,271,,,,,,,,,,,,,,,,,,
31/03/2024 18:45:00,0,271,,,,,,,,,,,,,,,,,,
31/03/2024 18:30:00,0,271,,,,,,,,,,,,,,,,,,
31/03/2024 18:15:00,0,272,,,,,,,,,,,,,,,,,,
31/03/2024 18:00:00,0,272,,,,,,,,,,,,,,,,,,
31/03/2024 17:45:00,0,272,,,,,,,,,,,,,,,,,,
31/03/2024 17:30:00,0,272,,,,,,,,,,,,,,,,,,
31/03/2024 17:15:00,0,273,,,,,,,,,,,,,,,,,,
31/03/2024 17:00:00,0,273,,,,,,,,,,,,,,,,,,
31/03/2024 16:45:00,0,274,,,,,,,,,,,,,,,,,,
31/03/2024 16:30:00,0,273,,,,,,,,,,,,,,,,,,
31/03/2024 16:15:00,0,274,,,,,,,,,,,,,,,,,,
31/03/2024 16:00:00,0,273,,,,,,,,,,,,,,,,,,
31/03/2024 15:45:00,0,273,,,,,,,,,,,,,,,,,,
31/03/2024 15:30:00,0,275,,,,,,,,,,,,,,,,,,
31/03/2024 15:15:00,0,274,,,,,,,,,,,,,,,,,,
31/03/2024 15:00:00,0,277,,,,,,,,,,,,,,,,,,
31/03/2024 14:45:00,0,277,,,,,,,,,,,,,,,,,,
31/03/2024 14:30:00,0,278,,,,,,,,,,,,,,,,,,
31/03/2024 14:15:00,0,278,,,,,,,,,,,,,,,,,,
31/03/2024 14:00:00,0,278,,,,,,,,,,,,,,,,,,
31/03/2024 13:45:00,0,279,,,,,,,,,,,,,,,,,,
31/03/2024 13:30:00,0,279,,,,,,,,,,,,,,,,,,
31/03/2024 13:15:00,0,279,,,,,,,,,,,,,,,,,,
31/03/2024 13:00:00,0,280,,,,,,,,,,,,,,,,,,
31/03/2024 12:45:00,0,281,,,,,,,,,,,,,,,,,,
31/03/2024 12:30:00,0,279,,,,,,,,,,,,,,,,,,
31/03/2024 12:15:00,0,280,,,,,,,,,,,,,,,,,,
31/03/2024 12:00:00,0,280,,,,,,,,,,,,,,,,,,
31/03/2024 11:45:00,0,280,,,,,,,,,,,,,,,,,,
31/03/2024 11:30:00,0,282,,,,,,,,,,,,,,,,,,
31/03/2024 11:15:00,0,281,,,,,,,,,,,,,,,,,,
31/03/2024 11:00:00,0,282,,,,,,,,,,,,,,,,,,
31/03/2024 10:45:00,0,282,,,,,,,,,,,,,,,,,,
31/03/2024 10:30:00,0,283,,,,,,,,,,,,,,,,,,
31/03/2024 10:15:00,0,284,,,,,,,,,,,,,,,,,,
31/03/2024 10:00:00,0,282,,,,,,,,,,,,,,,,,,
31/03/2024 09:45:00,0,282,,,,,,,,,,,,,,,,,,
31/03/2024 09:30:00,0,281,,,,,,,,,,,,,,,,,,
31/03/2024 09:15:00,0,283,,,,,,,,,,,,,,,,,,
31/03/2024 09:00:00,0,282,,,,,,,,,,,,,,,,,,
31/03/2024 08:45:00,0,283,,,,,,,,,,,,,,,,,,
31/03/2024 08:30:00,0,284,,,,,,,,,,,,,,,,,,
31/03/2024 08:15:00,0,284,,,,,,,,,,,,,,,,,,
31/03/2024 08:00:00,0,285,,,,,,,,,,,,,,,,,,
31/03/2024 07:45:00,0.2,285,,,,,,,,,,,,,,,,,,
31/03/2024 07:30:00,0,285,,,,,,,,,,,,,,,,,,
31/03/2024 07:15:00,0,286,,,,,,,,,,,,,,,,,,
31/03/2024 07:00:00,0,285,,,,,,,,,,,,,,,,,,
31/03/2024 06:45:00,0,287,,,,,,,,,,,,,,,,,,
31/03/2024 06:30:00,0,286,,,,,,,,,,,,,,,,,,
31/03/2024 06:15:00,0,286,,,,,,,,,,,,,,,,,,
31/03/2024 06:00:00,0,287,,,,,,,,,,,,,,,,,,
31/03/2024 05:45:00,0,287,,,,,,,,,,,,,,,,,,
31/03/2024 05:30:00,0,288,,,,,,,,,,,,,,,,,,
31/03/2024 05:15:00,0,289,,,,,,,,,,,,,,,,,,
31/03/2024 05:00:00,0,288,,,,,,,,,,,,,,,,,,
31/03/2024 04:45:00,0,289,,,,,,,,,,,,,,,,,,
31/03/2024 04:30:00,0,289,,,,,,,,,,,,,,,,,,
31/03/2024 04:15:00,0,289,,,,,,,,,,,,,,,,,,
31/03/2024 04:00:00,0.2,291,,,,,,,,,,,,,,,,,,
31/03/2024 03:45:00,0,290,,,,,,,,,,,,,,,,,,
31/03/2024 03:30:00,0,290,,,,,,,,,,,,,,,,,,
31/03/2024 03:15:00,0,291,,,,,,,,,,,,,,,,,,
31/03/2024 03:00:00,0,293,,,,,,,,,,,,,,,,,,
31/03/2024 02:45:00,0,292,,,,,,,,,,,,,,,,,,
31/03/2024 02:30:00,0,292,,,,,,,,,,,,,,,,,,
31/03/2024 02:15:00,0,293,,,,,,,,,,,,,,,,,,
31/03/2024 02:00:00,0,293,,,,,,,,,,,,,,,,,,
31/03/2024 01:45:00,0,294,,,,,,,,,,,,,,,,,,
31/03/2024 01:30:00,0,294,,,,,,,,,,,,,,,,,,
31/03/2024 01:15:00,0,295,,,,,,,,,,,,,,,,,,
31/03/2024 01:00:00,0,295,,,,,,,,,,,,,,,,,,
31/03/2024 00:45:00,0,295,,,,,,,,,,,,,,,,,,
31/03/2024 00:30:00,0,296,,,,,,,,,,,,,,,,,,
31/03/2024 00:15:00,0,297,,,,,,,,,,,,,,,,,,
31/03/2024 00:00:00,0,296,,,,,,,,,,,,,,,,,,
30/03/2024 23:45:00,0,297,,,,,,,,,,,,,,,,,,
30/03/2024 23:30:00,0,297,,,,,,,,,,,,,,,,,,
30/03/2024 23:15:00,0,298,,,,,,,,,,,,,,,,,,
30/03/2024 23:00:00,0,298,,,,,,,,,,,,,,,,,,
30/03/2024 22:45:00,0,299,,,,,,,,,,,,,,,,,,
30/03/2024 22:30:00,0,299,,,,,,,,,,,,,,,,,,
30/03/2024 22:15:00,0,299,,,,,,,,,,,,,,,,,,
30/03/2024 22:00:00,0,300,,,,,,,,,,,,,,,,,,
30/03/2024 21:45:00,0,300,,,,,,,,,,,,,,,,,,
30/03/2024 21:30:00,0,301,,,,,,,,,,,,,,,,,,
30/03/2024 21:15:00,0,302,,,,,,,,,,,,,,,,,,
30/03/2024 21:00:00,0,301,,,,,,,,,,,,,,,,,,
30/03/2024 20:45:00,0,302,,,,,,,,,,,,,,,,,,
30/03/2024 20:30:00,0,303,,,,,,,,,,,,,,,,,,
30/03/2024 20:15:00,0,303,,,,,,,,,,,,,,,,,,
30/03/2024 20:00:00,0,303,,,,,,,,,,,,,,,,,,
30/03/2024 19:45:00,0,304,,,,,,,,,,,,,,,,,,
30/03/2024 19:30:00,0,304,,,,,,,,,,,,,,,,,,
30/03/2024 19:15:00,0,304,,,,,,,,,,,,,,,,,,
30/03/2024 19:00:00,0,305,,,,,,,,,,,,,,,,,,
30/03/2024 18:45:00,0,305,,,,,,,,,,,,,,,,,,
30/03/2024 18:30:00,0,304,,,,,,,,,,,,,,,,,,
30/03/2024 18:15:00,0,306,,,,,,,,,,,,,,,,,,
30/03/2024 18:00:00,0,306,,,,,,,,,,,,,,,,,,
30/03/2024 17:45:00,0,307,,,,,,,,,,,,,,,,,,
30/03/2024 17:30:00,0,307,,,,,,,,,,,,,,,,,,
30/03/2024 17:15:00,0,307,,,,,,,,,,,,,,,,,,
30/03/2024 17:00:00,0,307,,,,,,,,,,,,,,,,,,
30/03/2024 16:45:00,0,308,,,,,,,,,,,,,,,,,,
30/03/2024 16:30:00,0,308,,,,,,,,,,,,,,,,,,
30/03/2024 16:15:00,0,310,,,,,,,,,,,,,,,,,,
30/03/2024 16:00:00,0,310,,,,,,,,,,,,,,,,,,
30/03/2024 15:45:00,0,309,,,,,,,,,,,,,,,,,,
30/03/2024 15:30:00,0,311,,,,,,,,,,,,,,,,,,
30/03/2024 15:15:00,0,311,,,,,,,,,,,,,,,,,,
30/03/2024 15:00:00,0,312,,,,,,,,,,,,,,,,,,
30/03/2024 14:45:00,0,312,,,,,,,,,,,,,,,,,,
30/03/2024 14:30:00,0,312,,,,,,,,,,,,,,,,,,
30/03/2024 14:15:00,0,312,,,,,,,,,,,,,,,,,,
30/03/2024 14:00:00,0,312,,,,,,,,,,,,,,,,,,
30/03/2024 13:45:00,0,312,,,,,,,,,,,,,,,,,,
30/03/2024 13:30:00,0,312,,,,,,,,,,,,,,,,,,
30/03/2024 13:15:00,0,312,,,,,,,,,,,,,,,,,,
30/03/2024 13:00:00,0,312,,,,,,,,,,,,,,,,,,
30/03/2024 12:45:00,0,312,,,,,,,,,,,,,,,,,,
30/03/2024 12:30:00,0,312,,,,,,,,,,,,,,,,,,
30/03/2024 12:15:00,0,313,,,,,,,,,,,,,,,,,,
30/03/2024 12:00:00,0,314,,,,,,,,,,,,,,,,,,
30/03/2024 11:45:00,0,313,,,,,,,,,,,,,,,,,,
30/03/2024 11:30:00,0,314,,,,,,,,,,,,,,,,,,
30/03/2024 11:15:00,0,314,,,,,,,,,,,,,,,,,,
30/03/2024 11:00:00,0,314,,,,,,,,,,,,,,,,,,
30/03/2024 10:45:00,0,314,,,,,,,,,,,,,,,,,,
30/03/2024 10:30:00,0,315,,,,,,,,,,,,,,,,,,
30/03/2024 10:15:00,0,314,,,,,,,,,,,,,,,,,,
30/03/2024 10:00:00,0,315,,,,,,,,,,,,,,,,,,
30/03/2024 09:45:00,0,314,,,,,,,,,,,,,,,,,,
30/03/2024 09:30:00,0,315,,,,,,,,,,,,,,,,,,
30/03/2024 09:15:00,0,315,,,,,,,,,,,,,,,,,,
30/03/2024 09:00:00,0,315,,,,,,,,,,,,,,,,,,
30/03/2024 08:45:00,0,315,,,,,,,,,,,,,,,,,,
30/03/2024 08:30:00,0,315,,,,,,,,,,,,,,,,,,
30/03/2024 08:15:00,0,314,,,,,,,,,,,,,,,,,,
30/03/2024 08:00:00,0,315,,,,,,,,,,,,,,,,,,
30/03/2024 07:45:00,0,314,,,,,,,,,,,,,,,,,,
30/03/2024 07:30:00,0.2,315,,,,,,,,,,,,,,,,,,
30/03/2024 07:15:00,0,315,,,,,,,,,,,,,,,,,,
30/03/2024 07:00:00,0,315,,,,,,,,,,,,,,,,,,
30/03/2024 06:45:00,0,315,,,,,,,,,,,,,,,,,,
30/03/2024 06:30:00,0,316,,,,,,,,,,,,,,,,,,
30/03/2024 06:15:00,0,315,,,,,,,,,,,,,,,,,,
30/03/2024 06:00:00,0,315,,,,,,,,,,,,,,,,,,
30/03/2024 05:45:00,0,315,,,,,,,,,,,,,,,,,,
30/03/2024 05:30:00,0,316,,,,,,,,,,,,,,,,,,
30/03/2024 05:15:00,0,315,,,,,,,,,,,,,,,,,,
30/03/2024 05:00:00,0,315,,,,,,,,,,,,,,,,,,
30/03/2024 04:45:00,0,316,,,,,,,,,,,,,,,,,,
30/03/2024 04:30:00,0,315,,,,,,,,,,,,,,,,,,
30/03/2024 04:15:00,0,315,,,,,,,,,,,,,,,,,,
30/03/2024 04:00:00,0,316,,,,,,,,,,,,,,,,,,
30/03/2024 03:45:00,0,316,,,,,,,,,,,,,,,,,,
30/03/2024 03:30:00,0,316,,,,,,,,,,,,,,,,,,
30/03/2024 03:15:00,0,316,,,,,,,,,,,,,,,,,,
30/03/2024 03:00:00,0,317,,,,,,,,,,,,,,,,,,
30/03/2024 02:45:00,0,316,,,,,,,,,,,,,,,,,,
30/03/2024 02:30:00,0,316,,,,,,,,,,,,,,,,,,
30/03/2024 02:15:00,0.2,318,,,,,,,,,,,,,,,,,,
30/03/2024 02:00:00,0,317,,,,,,,,,,,,,,,,,,
30/03/2024 01:45:00,0,317,,,,,,,,,,,,,,,,,,
30/03/2024 01:30:00,0,317,,,,,,,,,,,,,,,,,,
30/03/2024 01:15:00,0,316,,,,,,,,,,,,,,,,,,
30/03/2024 01:00:00,0,318,,,,,,,,,,,,,,,,,,
30/03/2024 00:45:00,0,317,,,,,,,,,,,,,,,,,,
30/03/2024 00:30:00,0,316,,,,,,,,,,,,,,,,,,
30/03/2024 00:15:00,0,318,,,,,,,,,,,,,,,,,,
30/03/2024 00:00:00,0,316,,,,,,,,,,,,,,,,,,
29/03/2024 23:45:00,0,318,,,,,,,,,,,,,,,,,,
29/03/2024 23:30:00,0,315,,,,,,,,,,,,,,,,,,
29/03/2024 23:15:00,0,318,,,,,,,,,,,,,,,,,,
29/03/2024 23:00:00,0,316,,,,,,,,,,,,,,,,,,
29/03/2024 22:45:00,0,317,,,,,,,,,,,,,,,,,,
29/03/2024 22:30:00,0,316,,,,,,,,,,,,,,,,,,
29/03/2024 22:15:00,0,315,,,,,,,,,,,,,,,,,,
29/03/2024 22:00:00,0,315,,,,,,,,,,,,,,,,,,
29/03/2024 21:45:00,0,317,,,,,,,,,,,,,,,,,,
29/03/2024 21:30:00,0,316,,,,,,,,,,,,,,,,,,
29/03/2024 21:15:00,0,314,,,,,,,,,,,,,,,,,,
29/03/2024 21:00:00,0,315,,,,,,,,,,,,,,,,,,
29/03/2024 20:45:00,0,316,,,,,,,,,,,,,,,,,,
29/03/2024 20:30:00,0.2,317,,,,,,,,,,,,,,,,,,
29/03/2024 20:15:00,1.2,317,,,,,,,,,,,,,,,,,,
29/03/2024 20:00:00,0.4,317,,,,,,,,,,,,,,,,,,
29/03/2024 19:45:00,0.8,318,,,,,,,,,,,,,,,,,,
29/03/2024 19:30:00,0.2,318,,,,,,,,,,,,,,,,,,
29/03/2024 19:15:00,0,317,,,,,,,,,,,,,,,,,,
29/03/2024 19:00:00,0,317,,,,,,,,,,,,,,,,,,
29/03/2024 18:45:00,0,318,,,,,,,,,,,,,,,,,,
29/03/2024 18:30:00,0,318,,,,,,,,,,,,,,,,,,
29/03/2024 18:15:00,0.2,318,,,,,,,,,,,,,,,,,,
29/03/2024 18:00:00,0,318,,,,,,,,,,,,,,,,,,
29/03/2024 17:45:00,0,319,,,,,,,,,,,,,,,,,,
29/03/2024 17:30:00,0.6,316,,,,,,,,,,,,,,,,,,
29/03/2024 17:15:00,4.6,319,,,,,,,,,,,,,,,,,,
29/03/2024 17:00:00,20.2,318,,,,,,,,,,,,,,,,,,
29/03/2024 16:45:00,2,317,,,,,,,,,,,,,,,,,,
29/03/2024 16:30:00,0,315,,,,,,,,,,,,,,,,,,
29/03/2024 16:15:00,0,317,,,,,,,,,,,,,,,,,,
29/03/2024 16:00:00,0,317,,,,,,,,,,,,,,,,,,
29/03/2024 15:45:00,0,319,,,,,,,,,,,,,,,,,,
29/03/2024 15:30:00,0,316,,,,,,,,,,,,,,,,,,
29/03/2024 15:15:00,0,320,,,,,,,,,,,,,,,,,,
29/03/2024 15:00:00,0,321,,,,,,,,,,,,,,,,,,
29/03/2024 14:45:00,0,320,,,,,,,,,,,,,,,,,,
29/03/2024 14:30:00,0,320,,,,,,,,,,,,,,,,,,
29/03/2024 14:15:00,0,320,,,,,,,,,,,,,,,,,,
29/03/2024 14:00:00,0,321,,,,,,,,,,,,,,,,,,
29/03/2024 13:45:00,0,318,,,,,,,,,,,,,,,,,,
29/03/2024 13:30:00,0,319,,,,,,,,,,,,,,,,,,
29/03/2024 13:15:00,0,320,,,,,,,,,,,,,,,,,,
29/03/2024 13:00:00,0,320,,,,,,,,,,,,,,,,,,
29/03/2024 12:45:00,0,320,,,,,,,,,,,,,,,,,,
29/03/2024 12:30:00,0,319,,,,,,,,,,,,,,,,,,
29/03/2024 12:15:00,0,319,,,,,,,,,,,,,,,,,,
29/03/2024 12:00:00,0,320,,,,,,,,,,,,,,,,,,
29/03/2024 11:45:00,0,320,,,,,,,,,,,,,,,,,,
29/03/2024 11:30:00,0,320,,,,,,,,,,,,,,,,,,
29/03/2024 11:15:00,0,322,,,,,,,,,,,,,,,,,,
29/03/2024 11:00:00,0,320,,,,,,,,,,,,,,,,,,
29/03/2024 10:45:00,0,320,,,,,,,,,,,,,,,,,,
29/03/2024 10:30:00,0,320,,,,,,,,,,,,,,,,,,
29/03/2024 10:15:00,0,321,,,,,,,,,,,,,,,,,,
29/03/2024 10:00:00,0,320,,,,,,,,,,,,,,,,,,
29/03/2024 09:45:00,0,319,,,,,,,,,,,,,,,,,,
29/03/2024 09:30:00,0,320,,,,,,,,,,,,,,,,,,
29/03/2024 09:15:00,0,320,,,,,,,,,,,,,,,,,,
29/03/2024 09:00:00,0,322,,,,,,,,,,,,,,,,,,
29/03/2024 08:45:00,0,319,,,,,,,,,,,,,,,,,,
29/03/2024 08:30:00,0,322,,,,,,,,,,,,,,,,,,
29/03/2024 08:15:00,0,321,,,,,,,,,,,,,,,,,,
29/03/2024 08:00:00,0,322,,,,,,,,,,,,,,,,,,
29/03/2024 07:45:00,0,322,,,,,,,,,,,,,,,,,,
29/03/2024 07:30:00,0,321,,,,,,,,,,,,,,,,,,
29/03/2024 07:15:00,0,323,,,,,,,,,,,,,,,,,,
29/03/2024 07:00:00,0,326,,,,,,,,,,,,,,,,,,
29/03/2024 06:45:00,0,327,,,,,,,,,,,,,,,,,,
29/03/2024 06:30:00,0,328,,,,,,,,,,,,,,,,,,
29/03/2024 06:15:00,0,326,,,,,,,,,,,,,,,,,,
29/03/2024 06:00:00,0,326,,,,,,,,,,,,,,,,,,
29/03/2024 05:45:00,0,326,,,,,,,,,,,,,,,,,,
29/03/2024 05:30:00,0,326,,,,,,,,,,,,,,,,,,
29/03/2024 05:15:00,0,327,,,,,,,,,,,,,,,,,,
29/03/2024 05:00:00,0,327,,,,,,,,,,,,,,,,,,
29/03/2024 04:45:00,0,327,,,,,,,,,,,,,,,,,,
29/03/2024 04:30:00,0,327,,,,,,,,,,,,,,,,,,
29/03/2024 04:15:00,0,328,,,,,,,,,,,,,,,,,,
29/03/2024 04:00:00,0,326,,,,,,,,,,,,,,,,,,
29/03/2024 03:45:00,0,329,,,,,,,,,,,,,,,,,,
29/03/2024 03:30:00,0,328,,,,,,,,,,,,,,,,,,
29/03/2024 03:15:00,0,329,,,,,,,,,,,,,,,,,,
29/03/2024 03:00:00,0,329,,,,,,,,,,,,,,,,,,
29/03/2024 02:45:00,0,329,,,,,,,,,,,,,,,,,,
29/03/2024 02:30:00,0,330,,,,,,,,,,,,,,,,,,
29/03/2024 02:15:00,0,329,,,,,,,,,,,,,,,,,,
29/03/2024 02:00:00,0,329,,,,,,,,,,,,,,,,,,
29/03/2024 01:45:00,0,330,,,,,,,,,,,,,,,,,,
29/03/2024 01:30:00,0,331,,,,,,,,,,,,,,,,,,
29/03/2024 01:15:00,0,330,,,,,,,,,,,,,,,,,,
29/03/2024 01:00:00,0,331,,,,,,,,,,,,,,,,,,
29/03/2024 00:45:00,0,331,,,,,,,,,,,,,,,,,,
29/03/2024 00:30:00,0,332,,,,,,,,,,,,,,,,,,
29/03/2024 00:15:00,0,331,,,,,,,,,,,,,,,,,,
29/03/2024 00:00:00,0,331,,,,,,,,,,,,,,,,,,
28/03/2024 23:45:00,0,332,,,,,,,,,,,,,,,,,,
28/03/2024 23:30:00,0,332,,,,,,,,,,,,,,,,,,
28/03/2024 23:15:00,0,333,,,,,,,,,,,,,,,,,,
28/03/2024 23:00:00,0,332,,,,,,,,,,,,,,,,,,
28/03/2024 22:45:00,0,334,,,,,,,,,,,,,,,,,,
28/03/2024 22:30:00,0,333,,,,,,,,,,,,,,,,,,
28/03/2024 22:15:00,0,334,,,,,,,,,,,,,,,,,,
28/03/2024 22:00:00,0,333,,,,,,,,,,,,,,,,,,
28/03/2024 21:45:00,0,334,,,,,,,,,,,,,,,,,,
28/03/2024 21:30:00,0,335,,,,,,,,,,,,,,,,,,
28/03/2024 21:15:00,0,336,,,,,,,,,,,,,,,,,,
28/03/2024 21:00:00,0,338,,,,,,,,,,,,,,,,,,
28/03/2024 20:45:00,0,336,,,,,,,,,,,,,,,,,,
28/03/2024 20:30:00,0,335,,,,,,,,,,,,,,,,,,
28/03/2024 20:15:00,0,335,,,,,,,,,,,,,,,,,,
28/03/2024 20:00:00,0,333,,,,,,,,,,,,,,,,,,
28/03/2024 19:45:00,0,334,,,,,,,,,,,,,,,,,,
28/03/2024 19:30:00,0,337,,,,,,,,,,,,,,,,,,
28/03/2024 19:15:00,0,336,,,,,,,,,,,,,,,,,,
28/03/2024 19:00:00,0,336,,,,,,,,,,,,,,,,,,
28/03/2024 18:45:00,0,337,,,,,,,,,,,,,,,,,,
28/03/2024 18:30:00,0,337,,,,,,,,,,,,,,,,,,
28/03/2024 18:15:00,0,336,,,,,,,,,,,,,,,,,,
28/03/2024 18:00:00,0,337,,,,,,,,,,,,,,,,,,
28/03/2024 17:45:00,0,337,,,,,,,,,,,,,,,,,,
28/03/2024 17:30:00,0,337,,,,,,,,,,,,,,,,,,
28/03/2024 17:15:00,0,337,,,,,,,,,,,,,,,,,,
28/03/2024 17:00:00,0,338,,,,,,,,,,,,,,,,,,
28/03/2024 16:45:00,0,337,,,,,,,,,,,,,,,,,,
28/03/2024 16:30:00,0,340,,,,,,,,,,,,,,,,,,
28/03/2024 16:15:00,0,340,,,,,,,,,,,,,,,,,,
28/03/2024 16:00:00,0,342,,,,,,,,,,,,,,,,,,
28/03/2024 15:45:00,0,339,,,,,,,,,,,,,,,,,,
28/03/2024 15:30:00,0,340,,,,,,,,,,,,,,,,,,
28/03/2024 15:15:00,0,340,,,,,,,,,,,,,,,,,,
28/03/2024 15:00:00,0,340,,,,,,,,,,,,,,,,,,
28/03/2024 14:45:00,0,340,,,,,,,,,,,,,,,,,,
28/03/2024 14:30:00,0,340,,,,,,,,,,,,,,,,,,
28/03/2024 14:15:00,0,341,,,,,,,,,,,,,,,,,,
28/03/2024 14:00:00,0,341,,,,,,,,,,,,,,,,,,
28/03/2024 13:45:00,0,342,,,,,,,,,,,,,,,,,,
28/03/2024 13:30:00,0,341,,,,,,,,,,,,,,,,,,
28/03/2024 13:15:00,0,341,,,,,,,,,,,,,,,,,,
28/03/2024 13:00:00,0,344,,,,,,,,,,,,,,,,,,
28/03/2024 12:45:00,0,337,,,,,,,,,,,,,,,,,,
28/03/2024 12:30:00,0,340,,,,,,,,,,,,,,,,,,
28/03/2024 12:15:00,0,342,,,,,,,,,,,,,,,,,,
28/03/2024 12:00:00,0,342,,,,,,,,,,,,,,,,,,
28/03/2024 11:45:00,0,343,,,,,,,,,,,,,,,,,,
28/03/2024 11:30:00,0,342,,,,,,,,,,,,,,,,,,
28/03/2024 11:15:00,0,342,,,,,,,,,,,,,,,,,,
28/03/2024 11:00:00,0,344,,,,,,,,,,,,,,,,,,
28/03/2024 10:45:00,0,343,,,,,,,,,,,,,,,,,,
28/03/2024 10:30:00,0,342,,,,,,,,,,,,,,,,,,
28/03/2024 10:15:00,0,343,,,,,,,,,,,,,,,,,,
28/03/2024 10:00:00,0,346,,,,,,,,,,,,,,,,,,
28/03/2024 09:45:00,0,344,,,,,,,,,,,,,,,,,,
28/03/2024 09:30:00,0,345,,,,,,,,,,,,,,,,,,
28/03/2024 09:15:00,0,346,,,,,,,,,,,,,,,,,,
28/03/2024 09:00:00,0,346,,,,,,,,,,,,,,,,,,
28/03/2024 08:45:00,0,347,,,,,,,,,,,,,,,,,,
28/03/2024 08:30:00,0,347,,,,,,,,,,,,,,,,,,
28/03/2024 08:15:00,0,346,,,,,,,,,,,,,,,,,,
28/03/2024 08:00:00,0,347,,,,,,,,,,,,,,,,,,
28/03/2024 07:45:00,0,348,,,,,,,,,,,,,,,,,,
28/03/2024 07:30:00,0,347,,,,,,,,,,,,,,,,,,
28/03/2024 07:15:00,0,348,,,,,,,,,,,,,,,,,,
28/03/2024 07:00:00,0,348,,,,,,,,,,,,,,,,,,
28/03/2024 06:45:00,0,348,,,,,,,,,,,,,,,,,,
28/03/2024 06:30:00,0,349,,,,,,,,,,,,,,,,,,
28/03/2024 06:15:00,0,348,,,,,,,,,,,,,,,,,,
28/03/2024 06:00:00,0,349,,,,,,,,,,,,,,,,,,
28/03/2024 05:45:00,0,349,,,,,,,,,,,,,,,,,,
28/03/2024 05:30:00,0,350,,,,,,,,,,,,,,,,,,
28/03/2024 05:15:00,0,351,,,,,,,,,,,,,,,,,,
28/03/2024 05:00:00,0,352,,,,,,,,,,,,,,,,,,
28/03/2024 04:45:00,0,350,,,,,,,,,,,,,,,,,,
28/03/2024 04:30:00,0,350,,,,,,,,,,,,,,,,,,
28/03/2024 04:15:00,0,350,,,,,,,,,,,,,,,,,,
28/03/2024 04:00:00,0,351,,,,,,,,,,,,,,,,,,
28/03/2024 03:45:00,0,351,,,,,,,,,,,,,,,,,,
28/03/2024 03:30:00,0,353,,,,,,,,,,,,,,,,,,
28/03/2024 03:15:00,0,353,,,,,,,,,,,,,,,,,,
28/03/2024 03:00:00,0,353,,,,,,,,,,,,,,,,,,
28/03/2024 02:45:00,0,354,,,,,,,,,,,,,,,,,,
28/03/2024 02:30:00,0,356,,,,,,,,,,,,,,,,,,
28/03/2024 02:15:00,0,352,,,,,,,,,,,,,,,,,,
28/03/2024 02:00:00,0,353,,,,,,,,,,,,,,,,,,
28/03/2024 01:45:00,0,353,,,,,,,,,,,,,,,,,,
28/03/2024 01:30:00,0,355,,,,,,,,,,,,,,,,,,
28/03/2024 01:15:00,0,354,,,,,,,,,,,,,,,,,,
28/03/2024 01:00:00,0,353,,,,,,,,,,,,,,,,,,
28/03/2024 00:45:00,0,354,,,,,,,,,,,,,,,,,,
28/03/2024 00:30:00,0,354,,,,,,,,,,,,,,,,,,
28/03/2024 00:15:00,0,354,,,,,,,,,,,,,,,,,,
28/03/2024 00:00:00,0,354,,,,,,,,,,,,,,,,,,
27/03/2024 23:45:00,0,354,,,,,,,,,,,,,,,,,,
27/03/2024 23:30:00,0,357,,,,,,,,,,,,,,,,,,
27/03/2024 23:15:00,0,357,,,,,,,,,,,,,,,,,,
27/03/2024 23:00:00,0,357,,,,,,,,,,,,,,,,,,
27/03/2024 22:45:00,0,357,,,,,,,,,,,,,,,,,,
27/03/2024 22:30:00,0,358,,,,,,,,,,,,,,,,,,
27/03/2024 22:15:00,0,358,,,,,,,,,,,,,,,,,,
27/03/2024 22:00:00,0,356,,,,,,,,,,,,,,,,,,
27/03/2024 21:45:00,0,358,,,,,,,,,,,,,,,,,,
27/03/2024 21:30:00,0,359,,,,,,,,,,,,,,,,,,
27/03/2024 21:15:00,0,360,,,,,,,,,,,,,,,,,,
27/03/2024 21:00:00,0,360,,,,,,,,,,,,,,,,,,
27/03/2024 20:45:00,0,360,,,,,,,,,,,,,,,,,,
27/03/2024 20:30:00,0,357,,,,,,,,,,,,,,,,,,
27/03/2024 20:15:00,0,360,,,,,,,,,,,,,,,,,,
27/03/2024 20:00:00,0,361,,,,,,,,,,,,,,,,,,
27/03/2024 19:45:00,0,360,,,,,,,,,,,,,,,,,,
27/03/2024 19:30:00,0,361,,,,,,,,,,,,,,,,,,
27/03/2024 19:15:00,0,362,,,,,,,,,,,,,,,,,,
27/03/2024 19:00:00,0,362,,,,,,,,,,,,,,,,,,
27/03/2024 18:45:00,0,362,,,,,,,,,,,,,,,,,,
27/03/2024 18:30:00,0,362,,,,,,,,,,,,,,,,,,
27/03/2024 18:15:00,0,362,,,,,,,,,,,,,,,,,,
27/03/2024 18:00:00,0,364,,,,,,,,,,,,,,,,,,
27/03/2024 17:45:00,0,364,,,,,,,,,,,,,,,,,,
27/03/2024 17:30:00,0,364,,,,,,,,,,,,,,,,,,
27/03/2024 17:15:00,0,363,,,,,,,,,,,,,,,,,,
27/03/2024 17:00:00,0,362,,,,,,,,,,,,,,,,,,
27/03/2024 16:45:00,0,363,,,,,,,,,,,,,,,,,,
27/03/2024 16:30:00,0,363,,,,,,,,,,,,,,,,,,
27/03/2024 16:15:00,0,365,,,,,,,,,,,,,,,,,,
27/03/2024 16:00:00,0,366,,,,,,,,,,,,,,,,,,
27/03/2024 15:45:00,0,363,,,,,,,,,,,,,,,,,,
27/03/2024 15:30:00,0,365,,,,,,,,,,,,,,,,,,
27/03/2024 15:15:00,0,365,,,,,,,,,,,,,,,,,,
27/03/2024 15:00:00,0,366,,,,,,,,,,,,,,,,,,
27/03/2024 14:45:00,0,366,,,,,,,,,,,,,,,,,,
27/03/2024 14:30:00,0,366,,,,,,,,,,,,,,,,,,
27/03/2024 14:15:00,0,368,,,,,,,,,,,,,,,,,,
27/03/2024 14:00:00,0,366,,,,,,,,,,,,,,,,,,
27/03/2024 13:45:00,0,364,,,,,,,,,,,,,,,,,,
27/03/2024 13:30:00,0,367,,,,,,,,,,,,,,,,,,
27/03/2024 13:15:00,0,367,,,,,,,,,,,,,,,,,,
27/03/2024 13:00:00,0,366,,,,,,,,,,,,,,,,,,
27/03/2024 12:45:00,0,367,,,,,,,,,,,,,,,,,,
27/03/2024 12:30:00,0,371,,,,,,,,,,,,,,,,,,
27/03/2024 12:15:00,0,365,,,,,,,,,,,,,,,,,,
27/03/2024 12:00:00,0,368,,,,,,,,,,,,,,,,,,
27/03/2024 11:45:00,0,368,,,,,,,,,,,,,,,,,,
27/03/2024 11:30:00,0,366,,,,,,,,,,,,,,,,,,
27/03/2024 11:15:00,0,370,,,,,,,,,,,,,,,,,,
27/03/2024 11:00:00,0,374,,,,,,,,,,,,,,,,,,
27/03/2024 10:45:00,0,371,,,,,,,,,,,,,,,,,,
27/03/2024 10:30:00,0,371,,,,,,,,,,,,,,,,,,
27/03/2024 10:15:00,0,371,,,,,,,,,,,,,,,,,,
27/03/2024 10:00:00,0,372,,,,,,,,,,,,,,,,,,
27/03/2024 09:45:00,0,372,,,,,,,,,,,,,,,,,,
27/03/2024 09:30:00,0,373,,,,,,,,,,,,,,,,,,
27/03/2024 09:15:00,0,375,,,,,,,,,,,,,,,,,,
27/03/2024 09:00:00,0,375,,,,,,,,,,,,,,,,,,
27/03/2024 08:45:00,0,375,,,,,,,,,,,,,,,,,,
27/03/2024 08:30:00,0,376,,,,,,,,,,,,,,,,,,
27/03/2024 08:15:00,0,376,,,,,,,,,,,,,,,,,,
27/03/2024 08:00:00,0,376,,,,,,,,,,,,,,,,,,
27/03/2024 07:45:00,0,376,,,,,,,,,,,,,,,,,,
27/03/2024 07:30:00,0,377,,,,,,,,,,,,,,,,,,
27/03/2024 07:15:00,0,377,,,,,,,,,,,,,,,,,,
27/03/2024 07:00:00,0,377,,,,,,,,,,,,,,,,,,
27/03/2024 06:45:00,0,377,,,,,,,,,,,,,,,,,,
27/03/2024 06:30:00,0,378,,,,,,,,,,,,,,,,,,
27/03/2024 06:15:00,0,378,,,,,,,,,,,,,,,,,,
27/03/2024 06:00:00,0,379,,,,,,,,,,,,,,,,,,
27/03/2024 05:45:00,0,381,,,,,,,,,,,,,,,,,,
27/03/2024 05:30:00,0,378,,,,,,,,,,,,,,,,,,
27/03/2024 05:15:00,0,384,,,,,,,,,,,,,,,,,,
27/03/2024 05:00:00,0,382,,,,,,,,,,,,,,,,,,
27/03/2024 04:45:00,0,380,,,,,,,,,,,,,,,,,,
27/03/2024 04:30:00,0,383,,,,,,,,,,,,,,,,,,
27/03/2024 04:15:00,0,385,,,,,,,,,,,,,,,,,,
27/03/2024 04:00:00,0,386,,,,,,,,,,,,,,,,,,
27/03/2024 03:45:00,0,384,,,,,,,,,,,,,,,,,,
27/03/2024 03:30:00,0,384,,,,,,,,,,,,,,,,,,
27/03/2024 03:15:00,0,382,,,,,,,,,,,,,,,,,,
27/03/2024 03:00:00,0,380,,,,,,,,,,,,,,,,,,
27/03/2024 02:45:00,0,381,,,,,,,,,,,,,,,,,,
27/03/2024 02:30:00,0,382,,,,,,,,,,,,,,,,,,
27/03/2024 02:15:00,0,382,,,,,,,,,,,,,,,,,,
27/03/2024 02:00:00,0,381,,,,,,,,,,,,,,,,,,
27/03/2024 01:45:00,0,382,,,,,,,,,,,,,,,,,,
27/03/2024 01:30:00,0,383,,,,,,,,,,,,,,,,,,
27/03/2024 01:15:00,0,383,,,,,,,,,,,,,,,,,,
27/03/2024 01:00:00,0,383,,,,,,,,,,,,,,,,,,
27/03/2024 00:45:00,0,384,,,,,,,,,,,,,,,,,,
27/03/2024 00:30:00,0,384,,,,,,,,,,,,,,,,,,
27/03/2024 00:15:00,0,384,,,,,,,,,,,,,,,,,,
27/03/2024 00:00:00,0,385,,,,,,,,,,,,,,,,,,
26/03/2024 23:45:00,0,385,,,,,,,,,,,,,,,,,,
26/03/2024 23:30:00,0,386,,,,,,,,,,,,,,,,,,
26/03/2024 23:15:00,0,385,,,,,,,,,,,,,,,,,,
26/03/2024 23:00:00,0,387,,,,,,,,,,,,,,,,,,
26/03/2024 22:45:00,0,388,,,,,,,,,,,,,,,,,,
26/03/2024 22:30:00,0,388,,,,,,,,,,,,,,,,,,
26/03/2024 22:15:00,0,388,,,,,,,,,,,,,,,,,,
26/03/2024 22:00:00,0,390,,,,,,,,,,,,,,,,,,
26/03/2024 21:45:00,0,392,,,,,,,,,,,,,,,,,,
26/03/2024 21:30:00,0,390,,,,,,,,,,,,,,,,,,
26/03/2024 21:15:00,0,390,,,,,,,,,,,,,,,,,,
26/03/2024 21:00:00,0,390,,,,,,,,,,,,,,,,,,
26/03/2024 20:45:00,0,390,,,,,,,,,,,,,,,,,,
26/03/2024 20:30:00,0,391,,,,,,,,,,,,,,,,,,
26/03/2024 20:15:00,0,391,,,,,,,,,,,,,,,,,,
26/03/2024 20:00:00,0,390,,,,,,,,,,,,,,,,,,
26/03/2024 19:45:00,0,389,,,,,,,,,,,,,,,,,,
26/03/2024 19:30:00,0,393,,,,,,,,,,,,,,,,,,
26/03/2024 19:15:00,0,391,,,,,,,,,,,,,,,,,,
26/03/2024 19:00:00,0,392,,,,,,,,,,,,,,,,,,
26/03/2024 18:45:00,0,392,,,,,,,,,,,,,,,,,,
26/03/2024 18:30:00,0,394,,,,,,,,,,,,,,,,,,
26/03/2024 18:15:00,0,392,,,,,,,,,,,,,,,,,,
26/03/2024 18:00:00,0,392,,,,,,,,,,,,,,,,,,
26/03/2024 17:45:00,0,393,,,,,,,,,,,,,,,,,,
26/03/2024 17:30:00,0,392,,,,,,,,,,,,,,,,,,
26/03/2024 17:15:00,0,393,,,,,,,,,,,,,,,,,,
26/03/2024 17:00:00,0,392,,,,,,,,,,,,,,,,,,
26/03/2024 16:45:00,0,395,,,,,,,,,,,,,,,,,,
26/03/2024 16:30:00,0,394,,,,,,,,,,,,,,,,,,
26/03/2024 16:15:00,0,398,,,,,,,,,,,,,,,,,,
26/03/2024 16:00:00,0,393,,,,,,,,,,,,,,,,,,
26/03/2024 15:45:00,0,394,,,,,,,,,,,,,,,,,,
26/03/2024 15:30:00,0,395,,,,,,,,,,,,,,,,,,
26/03/2024 15:15:00,0,395,,,,,,,,,,,,,,,,,,
26/03/2024 15:00:00,0,396,,,,,,,,,,,,,,,,,,
26/03/2024 14:45:00,0,396,,,,,,,,,,,,,,,,,,
26/03/2024 14:30:00,0,397,,,,,,,,,,,,,,,,,,
26/03/2024 14:15:00,0,396,,,,,,,,,,,,,,,,,,
26/03/2024 14:00:00,0,397,,,,,,,,,,,,,,,,,,
26/03/2024 13:45:00,0,395,,,,,,,,,,,,,,,,,,
26/03/2024 13:30:00,0,395,,,,,,,,,,,,,,,,,,
26/03/2024 13:15:00,0,398,,,,,,,,,,,,,,,,,,
26/03/2024 13:00:00,0,398,,,,,,,,,,,,,,,,,,
26/03/2024 12:45:00,0,398,,,,,,,,,,,,,,,,,,
26/03/2024 12:30:00,0,397,,,,,,,,,,,,,,,,,,
26/03/2024 12:15:00,0,397,,,,,,,,,,,,,,,,,,
26/03/2024 12:00:00,0,400,,,,,,,,,,,,,,,,,,
26/03/2024 11:45:00,0,400,,,,,,,,,,,,,,,,,,
26/03/2024 11:30:00,0,402,,,,,,,,,,,,,,,,,,
26/03/2024 11:15:00,0,401,,,,,,,,,,,,,,,,,,
26/03/2024 11:00:00,0,404,,,,,,,,,,,,,,,,,,
26/03/2024 10:45:00,0,402,,,,,,,,,,,,,,,,,,
26/03/2024 10:30:00,0,401,,,,,,,,,,,,,,,,,,
26/03/2024 10:15:00,0,401,,,,,,,,,,,,,,,,,,
26/03/2024 10:00:00,0,401,,,,,,,,,,,,,,,,,,
26/03/2024 09:45:00,0,401,,,,,,,,,,,,,,,,,,
26/03/2024 09:30:00,0,402,,,,,,,,,,,,,,,,,,
26/03/2024 09:15:00,0,402,,,,,,,,,,,,,,,,,,
26/03/2024 09:00:00,0,403,,,,,,,,,,,,,,,,,,
26/03/2024 08:45:00,0,403,,,,,,,,,,,,,,,,,,
26/03/2024 08:30:00,0,403,,,,,,,,,,,,,,,,,,
26/03/2024 08:15:00,0,403,,,,,,,,,,,,,,,,,,
26/03/2024 08:00:00,0,404,,,,,,,,,,,,,,,,,,
26/03/2024 07:45:00,0,405,,,,,,,,,,,,,,,,,,
26/03/2024 07:30:00,0.2,405,,,,,,,,,,,,,,,,,,
26/03/2024 07:15:00,0,405,,,,,,,,,,,,,,,,,,
26/03/2024 07:00:00,0,405,,,,,,,,,,,,,,,,,,
26/03/2024 06:45:00,0,405,,,,,,,,,,,,,,,,,,
26/03/2024 06:30:00,0,405,,,,,,,,,,,,,,,,,,
26/03/2024 06:15:00,0,406,,,,,,,,,,,,,,,,,,
26/03/2024 06:00:00,0,407,,,,,,,,,,,,,,,,,,
26/03/2024 05:45:00,0,408,,,,,,,,,,,,,,,,,,
26/03/2024 05:30:00,0,407,,,,,,,,,,,,,,,,,,
26/03/2024 05:15:00,0,408,,,,,,,,,,,,,,,,,,
26/03/2024 05:00:00,0,409,,,,,,,,,,,,,,,,,,
26/03/2024 04:45:00,0,409,,,,,,,,,,,,,,,,,,
26/03/2024 04:30:00,0,409,,,,,,,,,,,,,,,,,,
26/03/2024 04:15:00,0,409,,,,,,,,,,,,,,,,,,
26/03/2024 04:00:00,0,409,,,,,,,,,,,,,,,,,,
26/03/2024 03:45:00,0,409,,,,,,,,,,,,,,,,,,
26/03/2024 03:30:00,0,410,,,,,,,,,,,,,,,,,,
26/03/2024 03:15:00,0,411,,,,,,,,,,,,,,,,,,
26/03/2024 03:00:00,0,411,,,,,,,,,,,,,,,,,,
26/03/2024 02:45:00,0,411,,,,,,,,,,,,,,,,,,
26/03/2024 02:30:00,0,411,,,,,,,,,,,,,,,,,,
26/03/2024 02:15:00,0,412,,,,,,,,,,,,,,,,,,
26/03/2024 02:00:00,0,412,,,,,,,,,,,,,,,,,,
26/03/2024 01:45:00,0,414,,,,,,,,,,,,,,,,,,
26/03/2024 01:30:00,0,414,,,,,,,,,,,,,,,,,,
26/03/2024 01:15:00,0,414,,,,,,,,,,,,,,,,,,
26/03/2024 01:00:00,0,414,,,,,,,,,,,,,,,,,,
26/03/2024 00:45:00,0,414,,,,,,,,,,,,,,,,,,
26/03/2024 00:30:00,0,414,,,,,,,,,,,,,,,,,,
26/03/2024 00:15:00,0,414,,,,,,,,,,,,,,,,,,
26/03/2024 00:00:00,0,414,,,,,,,,,,,,,,,,,,
25/03/2024 23:45:00,0,415,,,,,,,,,,,,,,,,,,
25/03/2024 23:30:00,0,415,,,,,,,,,,,,,,,,,,
25/03/2024 23:15:00,0,415,,,,,,,,,,,,,,,,,,
25/03/2024 23:00:00,0,415,,,,,,,,,,,,,,,,,,
25/03/2024 22:45:00,0,416,,,,,,,,,,,,,,,,,,
25/03/2024 22:30:00,0,416,,,,,,,,,,,,,,,,,,
25/03/2024 22:15:00,0,417,,,,,,,,,,,,,,,,,,
25/03/2024 22:00:00,0,417,,,,,,,,,,,,,,,,,,
25/03/2024 21:45:00,0,417,,,,,,,,,,,,,,,,,,
25/03/2024 21:30:00,0,418,,,,,,,,,,,,,,,,,,
25/03/2024 21:15:00,0,418,,,,,,,,,,,,,,,,,,
25/03/2024 21:00:00,0,418,,,,,,,,,,,,,,,,,,
25/03/2024 20:45:00,0,418,,,,,,,,,,,,,,,,,,
25/03/2024 20:30:00,0,417,,,,,,,,,,,,,,,,,,
25/03/2024 20:15:00,0,419,,,,,,,,,,,,,,,,,,
25/03/2024 20:00:00,0,419,,,,,,,,,,,,,,,,,,
25/03/2024 19:45:00,0,420,,,,,,,,,,,,,,,,,,
25/03/2024 19:30:00,0,420,,,,,,,,,,,,,,,,,,
25/03/2024 19:15:00,0,421,,,,,,,,,,,,,,,,,,
25/03/2024 19:00:00,0,422,,,,,,,,,,,,,,,,,,
25/03/2024 18:45:00,0,422,,,,,,,,,,,,,,,,,,
25/03/2024 18:30:00,0,422,,,,,,,,,,,,,,,,,,
25/03/2024 18:15:00,0,422,,,,,,,,,,,,,,,,,,
25/03/2024 18:00:00,0,423,,,,,,,,,,,,,,,,,,
25/03/2024 17:45:00,0,424,,,,,,,,,,,,,,,,,,
25/03/2024 17:30:00,0,423,,,,,,,,,,,,,,,,,,
25/03/2024 17:15:00,0,423,,,,,,,,,,,,,,,,,,
25/03/2024 17:00:00,0,423,,,,,,,,,,,,,,,,,,
25/03/2024 16:45:00,0,425,,,,,,,,,,,,,,,,,,
25/03/2024 16:30:00,0,424,,,,,,,,,,,,,,,,,,
25/03/2024 16:15:00,0,426,,,,,,,,,,,,,,,,,,
25/03/2024 16:00:00,0,428,,,,,,,,,,,,,,,,,,
25/03/2024 15:45:00,0,427,,,,,,,,,,,,,,,,,,
25/03/2024 15:30:00,0,428,,,,,,,,,,,,,,,,,,
25/03/2024 15:15:00,0,427,,,,,,,,,,,,,,,,,,
25/03/2024 15:00:00,0,428,,,,,,,,,,,,,,,,,,
25/03/2024 14:45:00,0,428,,,,,,,,,,,,,,,,,,
25/03/2024 14:30:00,0,429,,,,,,,,,,,,,,,,,,
25/03/2024 14:15:00,0,430,,,,,,,,,,,,,,,,,,
25/03/2024 14:00:00,0,429,,,,,,,,,,,,,,,,,,
25/03/2024 13:45:00,0,430,,,,,,,,,,,,,,,,,,
25/03/2024 13:30:00,0,430,,,,,,,,,,,,,,,,,,
25/03/2024 13:15:00,0,430,,,,,,,,,,,,,,,,,,
25/03/2024 13:00:00,0,429,,,,,,,,,,,,,,,,,,
25/03/2024 12:45:00,0,431,,,,,,,,,,,,,,,,,,
25/03/2024 12:30:00,0,431,,,,,,,,,,,,,,,,,,
25/03/2024 12:15:00,0,431,,,,,,,,,,,,,,,,,,
25/03/2024 12:00:00,0,432,,,,,,,,,,,,,,,,,,
25/03/2024 11:45:00,0,431,,,,,,,,,,,,,,,,,,
25/03/2024 11:30:00,0,433,,,,,,,,,,,,,,,,,,
25/03/2024 11:15:00,0,433,,,,,,,,,,,,,,,,,,
25/03/2024 11:00:00,0,433,,,,,,,,,,,,,,,,,,
25/03/2024 10:45:00,0,432,,,,,,,,,,,,,,,,,,
25/03/2024 10:30:00,0,433,,,,,,,,,,,,,,,,,,
25/03/2024 10:15:00,0,434,,,,,,,,,,,,,,,,,,
25/03/2024 10:00:00,0,435,,,,,,,,,,,,,,,,,,
25/03/2024 09:45:00,0,435,,,,,,,,,,,,,,,,,,
25/03/2024 09:30:00,0,435,,,,,,,,,,,,,,,,,,
25/03/2024 09:15:00,0,435,,,,,,,,,,,,,,,,,,
25/03/2024 09:00:00,0,436,,,,,,,,,,,,,,,,,,
25/03/2024 08:45:00,0,436,,,,,,,,,,,,,,,,,,
25/03/2024 08:30:00,0,436,,,,,,,,,,,,,,,,,,
25/03/2024 08:15:00,0,436,,,,,,,,,,,,,,,,,,
25/03/2024 08:00:00,0,437,,,,,,,,,,,,,,,,,,
25/03/2024 07:45:00,0,437,,,,,,,,,,,,,,,,,,
25/03/2024 07:30:00,0.2,438,,,,,,,,,,,,,,,,,,
25/03/2024 07:15:00,0,438,,,,,,,,,,,,,,,,,,
25/03/2024 07:00:00,0,438,,,,,,,,,,,,,,,,,,
25/03/2024 06:45:00,0,438,,,,,,,,,,,,,,,,,,
25/03/2024 06:30:00,0,438,,,,,,,,,,,,,,,,,,
25/03/2024 06:15:00,0,438,,,,,,,,,,,,,,,,,,
25/03/2024 06:00:00,0,440,,,,,,,,,,,,,,,,,,
25/03/2024 05:45:00,0,440,,,,,,,,,,,,,,,,,,
25/03/2024 05:30:00,0,440,,,,,,,,,,,,,,,,,,
25/03/2024 05:15:00,0,440,,,,,,,,,,,,,,,,,,
25/03/2024 05:00:00,0,440,,,,,,,,,,,,,,,,,,
25/03/2024 04:45:00,0,441,,,,,,,,,,,,,,,,,,
25/03/2024 04:30:00,0,441,,,,,,,,,,,,,,,,,,
25/03/2024 04:15:00,0,441,,,,,,,,,,,,,,,,,,
25/03/2024 04:00:00,0,442,,,,,,,,,,,,,,,,,,
25/03/2024 03:45:00,0,441,,,,,,,,,,,,,,,,,,
25/03/2024 03:30:00,0,442,,,,,,,,,,,,,,,,,,
25/03/2024 03:15:00,0,443,,,,,,,,,,,,,,,,,,
25/03/2024 03:00:00,0,442,,,,,,,,,,,,,,,,,,
25/03/2024 02:45:00,0,442,,,,,,,,,,,,,,,,,,
25/03/2024 02:30:00,0,443,,,,,,,,,,,,,,,,,,
25/03/2024 02:15:00,0,444,,,,,,,,,,,,,,,,,,
25/03/2024 02:00:00,0,444,,,,,,,,,,,,,,,,,,
25/03/2024 01:45:00,0,445,,,,,,,,,,,,,,,,,,
25/03/2024 01:30:00,0,445,,,,,,,,,,,,,,,,,,
25/03/2024 01:15:00,0,445,,,,,,,,,,,,,,,,,,
25/03/2024 01:00:00,0,445,,,,,,,,,,,,,,,,,,
25/03/2024 00:45:00,0,446,,,,,,,,,,,,,,,,,,
25/03/2024 00:30:00,0,447,,,,,,,,,,,,,,,,,,
25/03/2024 00:15:00,0,446,,,,,,,,,,,,,,,,,,
25/03/2024 00:00:00,0,447,,,,,,,,,,,,,,,,,,
24/03/2024 23:45:00,0,447,,,,,,,,,,,,,,,,,,
24/03/2024 23:30:00,0,447,,,,,,,,,,,,,,,,,,
24/03/2024 23:15:00,0,448,,,,,,,,,,,,,,,,,,
24/03/2024 23:00:00,0,448,,,,,,,,,,,,,,,,,,
24/03/2024 22:45:00,0,448,,,,,,,,,,,,,,,,,,
24/03/2024 22:30:00,0,449,,,,,,,,,,,,,,,,,,
24/03/2024 22:15:00,0,449,,,,,,,,,,,,,,,,,,
24/03/2024 22:00:00,0,449,,,,,,,,,,,,,,,,,,
24/03/2024 21:45:00,0,451,,,,,,,,,,,,,,,,,,
24/03/2024 21:30:00,0,450,,,,,,,,,,,,,,,,,,
24/03/2024 21:15:00,0,451,,,,,,,,,,,,,,,,,,
24/03/2024 21:00:00,0,452,,,,,,,,,,,,,,,,,,
24/03/2024 20:45:00,0,452,,,,,,,,,,,,,,,,,,
24/03/2024 20:30:00,0,452,,,,,,,,,,,,,,,,,,
24/03/2024 20:15:00,0,452,,,,,,,,,,,,,,,,,,
24/03/2024 20:00:00,0,451,,,,,,,,,,,,,,,,,,
24/03/2024 19:45:00,0,451,,,,,,,,,,,,,,,,,,
24/03/2024 19:30:00,0,451,,,,,,,,,,,,,,,,,,
24/03/2024 19:15:00,0,451,,,,,,,,,,,,,,,,,,
24/03/2024 19:00:00,0,450,,,,,,,,,,,,,,,,,,
24/03/2024 18:45:00,0,450,,,,,,,,,,,,,,,,,,
24/03/2024 18:30:00,0,451,,,,,,,,,,,,,,,,,,
24/03/2024 18:15:00,0,453,,,,,,,,,,,,,,,,,,
24/03/2024 18:00:00,0,456,,,,,,,,,,,,,,,,,,
24/03/2024 17:45:00,0,458,,,,,,,,,,,,,,,,,,
24/03/2024 17:30:00,0,456,,,,,,,,,,,,,,,,,,
24/03/2024 17:15:00,0,460,,,,,,,,,,,,,,,,,,
24/03/2024 17:00:00,0,456,,,,,,,,,,,,,,,,,,
24/03/2024 16:45:00,0,457,,,,,,,,,,,,,,,,,,
24/03/2024 16:30:00,0,457,,,,,,,,,,,,,,,,,,
24/03/2024 16:15:00,0,456,,,,,,,,,,,,,,,,,,
24/03/2024 16:00:00,0,457,,,,,,,,,,,,,,,,,,
24/03/2024 15:45:00,0,459,,,,,,,,,,,,,,,,,,
24/03/2024 15:30:00,0,457,,,,,,,,,,,,,,,,,,
24/03/2024 15:15:00,0,458,,,,,,,,,,,,,,,,,,
24/03/2024 15:00:00,0,460,,,,,,,,,,,,,,,,,,
24/03/2024 14:45:00,0,457,,,,,,,,,,,,,,,,,,
24/03/2024 14:30:00,0,459,,,,,,,,,,,,,,,,,,
24/03/2024 14:15:00,0,459,,,,,,,,,,,,,,,,,,
24/03/2024 14:00:00,0,458,,,,,,,,,,,,,,,,,,
24/03/2024 13:45:00,0,457,,,,,,,,,,,,,,,,,,
24/03/2024 13:30:00,0,458,,,,,,,,,,,,,,,,,,
24/03/2024 13:15:00,0,460,,,,,,,,,,,,,,,,,,
24/03/2024 13:00:00,0,459,,,,,,,,,,,,,,,,,,
24/03/2024 12:45:00,0,457,,,,,,,,,,,,,,,,,,
24/03/2024 12:30:00,0,458,,,,,,,,,,,,,,,,,,
24/03/2024 12:15:00,0,460,,,,,,,,,,,,,,,,,,
24/03/2024 12:00:00,0,459,,,,,,,,,,,,,,,,,,
24/03/2024 11:45:00,0,461,,,,,,,,,,,,,,,,,,
24/03/2024 11:30:00,0,461,,,,,,,,,,,,,,,,,,
24/03/2024 11:15:00,0,461,,,,,,,,,,,,,,,,,,
24/03/2024 11:00:00,0,462,,,,,,,,,,,,,,,,,,
24/03/2024 10:45:00,0,461,,,,,,,,,,,,,,,,,,
24/03/2024 10:30:00,0,462,,,,,,,,,,,,,,,,,,
24/03/2024 10:15:00,0,462,,,,,,,,,,,,,,,,,,
24/03/2024 10:00:00,0,462,,,,,,,,,,,,,,,,,,
24/03/2024 09:45:00,0,463,,,,,,,,,,,,,,,,,,
24/03/2024 09:30:00,0,463,,,,,,,,,,,,,,,,,,
24/03/2024 09:15:00,0,463,,,,,,,,,,,,,,,,,,
24/03/2024 09:00:00,0,463,,,,,,,,,,,,,,,,,,
24/03/2024 08:45:00,0,463,,,,,,,,,,,,,,,,,,
24/03/2024 08:30:00,0,463,,,,,,,,,,,,,,,,,,
24/03/2024 08:15:00,0,464,,,,,,,,,,,,,,,,,,
24/03/2024 08:00:00,0,464,,,,,,,,,,,,,,,,,,
24/03/2024 07:45:00,0,466,,,,,,,,,,,,,,,,,,
24/03/2024 07:30:00,0,466,,,,,,,,,,,,,,,,,,
24/03/2024 07:15:00,0,465,,,,,,,,,,,,,,,,,,
24/03/2024 07:00:00,0,465,,,,,,,,,,,,,,,,,,
24/03/2024 06:45:00,0,464,,,,,,,,,,,,,,,,,,
24/03/2024 06:30:00,0,466,,,,,,,,,,,,,,,,,,
24/03/2024 06:15:00,0,467,,,,,,,,,,,,,,,,,,
24/03/2024 06:00:00,0,466,,,,,,,,,,,,,,,,,,
24/03/2024 05:45:00,0,465,,,,,,,,,,,,,,,,,,
24/03/2024 05:30:00,0,467,,,,,,,,,,,,,,,,,,
24/03/2024 05:15:00,0,467,,,,,,,,,,,,,,,,,,
24/03/2024 05:00:00,0,467,,,,,,,,,,,,,,,,,,
24/03/2024 04:45:00,0,467,,,,,,,,,,,,,,,,,,
24/03/2024 04:30:00,0,467,,,,,,,,,,,,,,,,,,
24/03/2024 04:15:00,0,468,,,,,,,,,,,,,,,,,,
24/03/2024 04:00:00,0,469,,,,,,,,,,,,,,,,,,
24/03/2024 03:45:00,0,470,,,,,,,,,,,,,,,,,,
24/03/2024 03:30:00,0,469,,,,,,,,,,,,,,,,,,
24/03/2024 03:15:00,0,470,,,,,,,,,,,,,,,,,,
24/03/2024 03:00:00,0,470,,,,,,,,,,,,,,,,,,
24/03/2024 02:45:00,0,470,,,,,,,,,,,,,,,,,,
24/03/2024 02:30:00,0,470,,,,,,,,,,,,,,,,,,
24/03/2024 02:15:00,0,470,,,,,,,,,,,,,,,,,,
24/03/2024 02:00:00,0,469,,,,,,,,,,,,,,,,,,
24/03/2024 01:45:00,0,469,,,,,,,,,,,,,,,,,,
24/03/2024 01:30:00,0,469,,,,,,,,,,,,,,,,,,
24/03/2024 01:15:00,0,470,,,,,,,,,,,,,,,,,,
24/03/2024 01:00:00,0,471,,,,,,,,,,,,,,,,,,
24/03/2024 00:45:00,0,470,,,,,,,,,,,,,,,,,,
24/03/2024 00:30:00,0,471,,,,,,,,,,,,,,,,,,
24/03/2024 00:15:00,0,470,,,,,,,,,,,,,,,,,,
24/03/2024 00:00:00,0,471,,,,,,,,,,,,,,,,,,
23/03/2024 23:45:00,0,471,,,,,,,,,,,,,,,,,,
23/03/2024 23:30:00,0,471,,,,,,,,,,,,,,,,,,
23/03/2024 23:15:00,0,472,,,,,,,,,,,,,,,,,,
23/03/2024 23:00:00,0,472,,,,,,,,,,,,,,,,,,
23/03/2024 22:45:00,0,472,,,,,,,,,,,,,,,,,,
23/03/2024 22:30:00,0,472,,,,,,,,,,,,,,,,,,
23/03/2024 22:15:00,0,473,,,,,,,,,,,,,,,,,,
23/03/2024 22:00:00,0,472,,,,,,,,,,,,,,,,,,
23/03/2024 21:45:00,0,472,,,,,,,,,,,,,,,,,,
23/03/2024 21:30:00,0,473,,,,,,,,,,,,,,,,,,
23/03/2024 21:15:00,0,474,,,,,,,,,,,,,,,,,,
23/03/2024 21:00:00,0,473,,,,,,,,,,,,,,,,,,
23/03/2024 20:45:00,0,474,,,,,,,,,,,,,,,,,,
23/03/2024 20:30:00,0,474,,,,,,,,,,,,,,,,,,
23/03/2024 20:15:00,0,474,,,,,,,,,,,,,,,,,,
23/03/2024 20:00:00,0,472,,,,,,,,,,,,,,,,,,
23/03/2024 19:45:00,0,473,,,,,,,,,,,,,,,,,,
23/03/2024 19:30:00,0,472,,,,,,,,,,,,,,,,,,
23/03/2024 19:15:00,0,473,,,,,,,,,,,,,,,,,,
23/03/2024 19:00:00,0,474,,,,,,,,,,,,,,,,,,
23/03/2024 18:45:00,0,472,,,,,,,,,,,,,,,,,,
23/03/2024 18:30:00,0,473,,,,,,,,,,,,,,,,,,
23/03/2024 18:15:00,0,473,,,,,,,,,,,,,,,,,,
23/03/2024 18:00:00,0,473,,,,,,,,,,,,,,,,,,
23/03/2024 17:45:00,0,472,,,,,,,,,,,,,,,,,,
23/03/2024 17:30:00,0,472,,,,,,,,,,,,,,,,,,
23/03/2024 17:15:00,0,472,,,,,,,,,,,,,,,,,,
23/03/2024 17:00:00,0,473,,,,,,,,,,,,,,,,,,
23/03/2024 16:45:00,0,472,,,,,,,,,,,,,,,,,,
23/03/2024 16:30:00,0,472,,,,,,,,,,,,,,,,,,
23/03/2024 16:15:00,0,472,,,,,,,,,,,,,,,,,,
23/03/2024 16:00:00,0,472,,,,,,,,,,,,,,,,,,
23/03/2024 15:45:00,0,472,,,,,,,,,,,,,,,,,,
23/03/2024 15:30:00,0,473,,,,,,,,,,,,,,,,,,
23/03/2024 15:15:00,0,472,,,,,,,,,,,,,,,,,,
23/03/2024 15:00:00,0,472,,,,,,,,,,,,,,,,,,
23/03/2024 14:45:00,0,471,,,,,,,,,,,,,,,,,,
23/03/2024 14:30:00,0,472,,,,,,,,,,,,,,,,,,
23/03/2024 14:15:00,0,471,,,,,,,,,,,,,,,,,,
23/03/2024 14:00:00,0,472,,,,,,,,,,,,,,,,,,
23/03/2024 13:45:00,0,472,,,,,,,,,,,,,,,,,,
23/03/2024 13:30:00,0,471,,,,,,,,,,,,,,,,,,
23/03/2024 13:15:00,0,472,,,,,,,,,,,,,,,,,,
23/03/2024 13:00:00,0,472,,,,,,,,,,,,,,,,,,
23/03/2024 12:45:00,0,470,,,,,,,,,,,,,,,,,,
23/03/2024 12:30:00,0,471,,,,,,,,,,,,,,,,,,
23/03/2024 12:15:00,0.2,471,,,,,,,,,,,,,,,,,,
23/03/2024 12:00:00,0,469,,,,,,,,,,,,,,,,,,
23/03/2024 11:45:00,0,470,,,,,,,,,,,,,,,,,,
23/03/2024 11:30:00,0,469,,,,,,,,,,,,,,,,,,
23/03/2024 11:15:00,0,468,,,,,,,,,,,,,,,,,,
23/03/2024 11:00:00,0,469,,,,,,,,,,,,,,,,,,
23/03/2024 10:45:00,0,469,,,,,,,,,,,,,,,,,,
23/03/2024 10:30:00,0,467,,,,,,,,,,,,,,,,,,
23/03/2024 10:15:00,0,467,,,,,,,,,,,,,,,,,,
23/03/2024 10:00:00,0,467,,,,,,,,,,,,,,,,,,
23/03/2024 09:45:00,0,467,,,,,,,,,,,,,,,,,,
23/03/2024 09:30:00,0,467,,,,,,,,,,,,,,,,,,
23/03/2024 09:15:00,0,467,,,,,,,,,,,,,,,,,,
23/03/2024 09:00:00,0,467,,,,,,,,,,,,,,,,,,
23/03/2024 08:45:00,0,467,,,,,,,,,,,,,,,,,,
23/03/2024 08:30:00,0,467,,,,,,,,,,,,,,,,,,
23/03/2024 08:15:00,0,467,,,,,,,,,,,,,,,,,,
23/03/2024 08:00:00,0,466,,,,,,,,,,,,,,,,,,
23/03/2024 07:45:00,0,466,,,,,,,,,,,,,,,,,,
23/03/2024 07:30:00,0,466,,,,,,,,,,,,,,,,,,
23/03/2024 07:15:00,0,465,,,,,,,,,,,,,,,,,,
23/03/2024 07:00:00,0,466,,,,,,,,,,,,,,,,,,
23/03/2024 06:45:00,0,464,,,,,,,,,,,,,,,,,,
23/03/2024 06:30:00,0,464,,,,,,,,,,,,,,,,,,
23/03/2024 06:15:00,0,464,,,,,,,,,,,,,,,,,,
23/03/2024 06:00:00,0,464,,,,,,,,,,,,,,,,,,
23/03/2024 05:45:00,0,464,,,,,,,,,,,,,,,,,,
23/03/2024 05:30:00,0,464,,,,,,,,,,,,,,,,,,
23/03/2024 05:15:00,0,463,,,,,,,,,,,,,,,,,,
23/03/2024 05:00:00,0,463,,,,,,,,,,,,,,,,,,
23/03/2024 04:45:00,0,463,,,,,,,,,,,,,,,,,,
23/03/2024 04:30:00,0,462,,,,,,,,,,,,,,,,,,
23/03/2024 04:15:00,0,462,,,,,,,,,,,,,,,,,,
23/03/2024 04:00:00,0,462,,,,,,,,,,,,,,,,,,
23/03/2024 03:45:00,0,461,,,,,,,,,,,,,,,,,,
23/03/2024 03:30:00,0,461,,,,,,,,,,,,,,,,,,
23/03/2024 03:15:00,0,460,,,,,,,,,,,,,,,,,,
23/03/2024 03:00:00,0,460,,,,,,,,,,,,,,,,,,
23/03/2024 02:45:00,0,459,,,,,,,,,,,,,,,,,,
23/03/2024 02:30:00,0,459,,,,,,,,,,,,,,,,,,
23/03/2024 02:15:00,0,459,,,,,,,,,,,,,,,,,,
23/03/2024 02:00:00,0,458,,,,,,,,,,,,,,,,,,
23/03/2024 01:45:00,0,458,,,,,,,,,,,,,,,,,,
23/03/2024 01:30:00,0,458,,,,,,,,,,,,,,,,,,
23/03/2024 01:15:00,0,458,,,,,,,,,,,,,,,,,,
23/03/2024 01:00:00,0,457,,,,,,,,,,,,,,,,,,
23/03/2024 00:45:00,0,456,,,,,,,,,,,,,,,,,,
23/03/2024 00:30:00,0,456,,,,,,,,,,,,,,,,,,
23/03/2024 00:15:00,0,456,,,,,,,,,,,,,,,,,,
23/03/2024 00:00:00,0,455,,,,,,,,,,,,,,,,,,
22/03/2024 23:45:00,0,454,,,,,,,,,,,,,,,,,,
22/03/2024 23:30:00,0,454,,,,,,,,,,,,,,,,,,
22/03/2024 23:15:00,0,454,,,,,,,,,,,,,,,,,,
22/03/2024 23:00:00,0,453,,,,,,,,,,,,,,,,,,
22/03/2024 22:45:00,0,452,,,,,,,,,,,,,,,,,,
22/03/2024 22:30:00,0,451,,,,,,,,,,,,,,,,,,
22/03/2024 22:15:00,0,452,,,,,,,,,,,,,,,,,,
22/03/2024 22:00:00,0,451,,,,,,,,,,,,,,,,,,
22/03/2024 21:45:00,0,451,,,,,,,,,,,,,,,,,,
22/03/2024 21:30:00,0,451,,,,,,,,,,,,,,,,,,
22/03/2024 21:15:00,0,449,,,,,,,,,,,,,,,,,,
22/03/2024 21:00:00,0,449,,,,,,,,,,,,,,,,,,
22/03/2024 20:45:00,0,450,,,,,,,,,,,,,,,,,,
22/03/2024 20:30:00,0,448,,,,,,,,,,,,,,,,,,
22/03/2024 20:15:00,0,448,,,,,,,,,,,,,,,,,,
22/03/2024 20:00:00,0,449,,,,,,,,,,,,,,,,,,
22/03/2024 19:45:00,0,447,,,,,,,,,,,,,,,,,,
22/03/2024 19:30:00,0,447,,,,,,,,,,,,,,,,,,
22/03/2024 19:15:00,0,447,,,,,,,,,,,,,,,,,,
22/03/2024 19:00:00,0,447,,,,,,,,,,,,,,,,,,
22/03/2024 18:45:00,0,447,,,,,,,,,,,,,,,,,,
22/03/2024 18:30:00,0,446,,,,,,,,,,,,,,,,,,
22/03/2024 18:15:00,0,445,,,,,,,,,,,,,,,,,,
22/03/2024 18:00:00,0,444,,,,,,,,,,,,,,,,,,
22/03/2024 17:45:00,0,444,,,,,,,,,,,,,,,,,,
22/03/2024 17:30:00,0,444,,,,,,,,,,,,,,,,,,
22/03/2024 17:15:00,0,444,,,,,,,,,,,,,,,,,,
22/03/2024 17:00:00,0,443,,,,,,,,,,,,,,,,,,
22/03/2024 16:45:00,0,443,,,,,,,,,,,,,,,,,,
22/03/2024 16:30:00,0,441,,,,,,,,,,,,,,,,,,
22/03/2024 16:15:00,0,442,,,,,,,,,,,,,,,,,,
22/03/2024 16:00:00,0,440,,,,,,,,,,,,,,,,,,
22/03/2024 15:45:00,0,440,,,,,,,,,,,,,,,,,,
22/03/2024 15:30:00,0,440,,,,,,,,,,,,,,,,,,
22/03/2024 15:15:00,0,440,,,,,,,,,,,,,,,,,,
22/03/2024 15:00:00,0,439,,,,,,,,,,,,,,,,,,
22/03/2024 14:45:00,0,438,,,,,,,,,,,,,,,,,,
22/03/2024 14:30:00,0,438,,,,,,,,,,,,,,,,,,
22/03/2024 14:15:00,0,437,,,,,,,,,,,,,,,,,,
22/03/2024 14:00:00,0,437,,,,,,,,,,,,,,,,,,
22/03/2024 13:45:00,0,437,,,,,,,,,,,,,,,,,,
22/03/2024 13:30:00,0,436,,,,,,,,,,,,,,,,,,
22/03/2024 13:15:00,0,436,,,,,,,,,,,,,,,,,,
22/03/2024 13:00:00,0,436,,,,,,,,,,,,,,,,,,
22/03/2024 12:45:00,0,435,,,,,,,,,,,,,,,,,,
22/03/2024 12:30:00,0,435,,,,,,,,,,,,,,,,,,
22/03/2024 12:15:00,0,434,,,,,,,,,,,,,,,,,,
22/03/2024 12:00:00,0,434,,,,,,,,,,,,,,,,,,
22/03/2024 11:45:00,0,434,,,,,,,,,,,,,,,,,,
22/03/2024 11:30:00,0,434,,,,,,,,,,,,,,,,,,
22/03/2024 11:15:00,0,433,,,,,,,,,,,,,,,,,,
22/03/2024 11:00:00,0,433,,,,,,,,,,,,,,,,,,
22/03/2024 10:45:00,0,433,,,,,,,,,,,,,,,,,,
22/03/2024 10:30:00,0,432,,,,,,,,,,,,,,,,,,
22/03/2024 10:15:00,0,432,,,,,,,,,,,,,,,,,,
22/03/2024 10:00:00,0,432,,,,,,,,,,,,,,,,,,
22/03/2024 09:45:00,0,431,,,,,,,,,,,,,,,,,,
22/03/2024 09:30:00,0,431,,,,,,,,,,,,,,,,,,
22/03/2024 09:15:00,0,430,,,,,,,,,,,,,,,,,,
22/03/2024 09:00:00,0,429,,,,,,,,,,,,,,,,,,
22/03/2024 08:45:00,0,429,,,,,,,,,,,,,,,,,,
22/03/2024 08:30:00,0,429,,,,,,,,,,,,,,,,,,
22/03/2024 08:15:00,0,429,,,,,,,,,,,,,,,,,,
22/03/2024 08:00:00,0,428,,,,,,,,,,,,,,,,,,
22/03/2024 07:45:00,0,428,,,,,,,,,,,,,,,,,,
22/03/2024 07:30:00,0,428,,,,,,,,,,,,,,,,,,
22/03/2024 07:15:00,0,428,,,,,,,,,,,,,,,,,,
22/03/2024 07:00:00,0,428,,,,,,,,,,,,,,,,,,
22/03/2024 06:45:00,0,426,,,,,,,,,,,,,,,,,,
22/03/2024 06:30:00,0,427,,,,,,,,,,,,,,,,,,
22/03/2024 06:15:00,0,427,,,,,,,,,,,,,,,,,,
22/03/2024 06:00:00,0,426,,,,,,,,,,,,,,,,,,
22/03/2024 05:45:00,0,426,,,,,,,,,,,,,,,,,,
22/03/2024 05:30:00,0,426,,,,,,,,,,,,,,,,,,
22/03/2024 05:15:00,0,426,,,,,,,,,,,,,,,,,,
22/03/2024 05:00:00,0,426,,,,,,,,,,,,,,,,,,
22/03/2024 04:45:00,0,425,,,,,,,,,,,,,,,,,,
22/03/2024 04:30:00,0,425,,,,,,,,,,,,,,,,,,
22/03/2024 04:15:00,0,425,,,,,,,,,,,,,,,,,,
22/03/2024 04:00:00,0,425,,,,,,,,,,,,,,,,,,
22/03/2024 03:45:00,0,425,,,,,,,,,,,,,,,,,,
22/03/2024 03:30:00,0,425,,,,,,,,,,,,,,,,,,
22/03/2024 03:15:00,0,425,,,,,,,,,,,,,,,,,,
22/03/2024 03:00:00,0,424,,,,,,,,,,,,,,,,,,
22/03/2024 02:45:00,0,424,,,,,,,,,,,,,,,,,,
22/03/2024 02:30:00,0,424,,,,,,,,,,,,,,,,,,
22/03/2024 02:15:00,0,424,,,,,,,,,,,,,,,,,,
22/03/2024 02:00:00,0,424,,,,,,,,,,,,,,,,,,
22/03/2024 01:45:00,0,424,,,,,,,,,,,,,,,,,,
22/03/2024 01:30:00,0,424,,,,,,,,,,,,,,,,,,
22/03/2024 01:15:00,0,424,,,,,,,,,,,,,,,,,,
22/03/2024 01:00:00,0,423,,,,,,,,,,,,,,,,,,
22/03/2024 00:45:00,0,423,,,,,,,,,,,,,,,,,,
22/03/2024 00:30:00,0,423,,,,,,,,,,,,,,,,,,
22/03/2024 00:15:00,0,423,,,,,,,,,,,,,,,,,,
22/03/2024 00:00:00,0,424,,,,,,,,,,,,,,,,,,
21/03/2024 23:45:00,0,423,,,,,,,,,,,,,,,,,,
21/03/2024 23:30:00,0,423,,,,,,,,,,,,,,,,,,
21/03/2024 23:15:00,0,423,,,,,,,,,,,,,,,,,,
21/03/2024 23:00:00,0,423,,,,,,,,,,,,,,,,,,
21/03/2024 22:45:00,0,423,,,,,,,,,,,,,,,,,,
21/03/2024 22:30:00,0,423,,,,,,,,,,,,,,,,,,
21/03/2024 22:15:00,0,423,,,,,,,,,,,,,,,,,,
21/03/2024 22:00:00,0,423,,,,,,,,,,,,,,,,,,
21/03/2024 21:45:00,0,422,,,,,,,,,,,,,,,,,,
21/03/2024 21:30:00,0,422,,,,,,,,,,,,,,,,,,
21/03/2024 21:15:00,0,423,,,,,,,,,,,,,,,,,,
21/03/2024 21:00:00,0,423,,,,,,,,,,,,,,,,,,
21/03/2024 20:45:00,0,423,,,,,,,,,,,,,,,,,,
21/03/2024 20:30:00,0,422,,,,,,,,,,,,,,,,,,
21/03/2024 20:15:00,0,422,,,,,,,,,,,,,,,,,,
21/03/2024 20:00:00,0,422,,,,,,,,,,,,,,,,,,
21/03/2024 19:45:00,0.2,422,,,,,,,,,,,,,,,,,,
21/03/2024 19:30:00,0,422,,,,,,,,,,,,,,,,,,
21/03/2024 19:15:00,0,423,,,,,,,,,,,,,,,,,,
21/03/2024 19:00:00,0,422,,,,,,,,,,,,,,,,,,
21/03/2024 18:45:00,0,422,,,,,,,,,,,,,,,,,,
21/03/2024 18:30:00,0,421,,,,,,,,,,,,,,,,,,
21/03/2024 18:15:00,0,421,,,,,,,,,,,,,,,,,,
21/03/2024 18:00:00,0.6,422,,,,,,,,,,,,,,,,,,
21/03/2024 17:45:00,0.2,422,,,,,,,,,,,,,,,,,,
21/03/2024 17:30:00,0,421,,,,,,,,,,,,,,,,,,
21/03/2024 17:15:00,0,420,,,,,,,,,,,,,,,,,,
21/03/2024 17:00:00,0,421,,,,,,,,,,,,,,,,,,
21/03/2024 16:45:00,0,420,,,,,,,,,,,,,,,,,,
21/03/2024 16:30:00,0,421,,,,,,,,,,,,,,,,,,
21/03/2024 16:15:00,0,421,,,,,,,,,,,,,,,,,,
21/03/2024 16:00:00,0,421,,,,,,,,,,,,,,,,,,
21/03/2024 15:45:00,0,420,,,,,,,,,,,,,,,,,,
21/03/2024 15:30:00,0,420,,,,,,,,,,,,,,,,,,
21/03/2024 15:15:00,0,420,,,,,,,,,,,,,,,,,,
21/03/2024 15:00:00,0,420,,,,,,,,,,,,,,,,,,
21/03/2024 14:45:00,0,420,,,,,,,,,,,,,,,,,,
21/03/2024 14:30:00,0,419,,,,,,,,,,,,,,,,,,
21/03/2024 14:15:00,0,419,,,,,,,,,,,,,,,,,,
21/03/2024 14:00:00,0,420,,,,,,,,,,,,,,,,,,
21/03/2024 13:45:00,0,419,,,,,,,,,,,,,,,,,,
21/03/2024 13:30:00,0,419,,,,,,,,,,,,,,,,,,
21/03/2024 13:15:00,0,419,,,,,,,,,,,,,,,,,,
21/03/2024 13:00:00,0,418,,,,,,,,,,,,,,,,,,
21/03/2024 12:45:00,0,418,,,,,,,,,,,,,,,,,,
21/03/2024 12:30:00,0,418,,,,,,,,,,,,,,,,,,
21/03/2024 12:15:00,0,417,,,,,,,,,,,,,,,,,,
21/03/2024 12:00:00,0,417,,,,,,,,,,,,,,,,,,
21/03/2024 11:45:00,0,418,,,,,,,,,,,,,,,,,,
21/03/2024 11:30:00,0.2,417,,,,,,,,,,,,,,,,,,
21/03/2024 11:15:00,0.4,416,,,,,,,,,,,,,,,,,,
21/03/2024 11:00:00,0,416,,,,,,,,,,,,,,,,,,
21/03/2024 10:45:00,0,416,,,,,,,,,,,,,,,,,,
21/03/2024 10:30:00,0,416,,,,,,,,,,,,,,,,,,
21/03/2024 10:15:00,0,416,,,,,,,,,,,,,,,,,,
21/03/2024 10:00:00,0,415,,,,,,,,,,,,,,,,,,
21/03/2024 09:45:00,0.2,414,,,,,,,,,,,,,,,,,,
21/03/2024 09:30:00,0,413,,,,,,,,,,,,,,,,,,
21/03/2024 09:15:00,0,413,,,,,,,,,,,,,,,,,,
21/03/2024 09:00:00,0,412,,,,,,,,,,,,,,,,,,
21/03/2024 08:45:00,0,412,,,,,,,,,,,,,,,,,,
21/03/2024 08:30:00,0.2,412,,,,,,,,,,,,,,,,,,
21/03/2024 08:15:00,0.2,413,,,,,,,,,,,,,,,,,,
21/03/2024 08:00:00,0.4,413,,,,,,,,,,,,,,,,,,
21/03/2024 07:45:00,0.8,412,,,,,,,,,,,,,,,,,,
21/03/2024 07:30:00,1,412,,,,,,,,,,,,,,,,,,
21/03/2024 07:15:00,0.4,411,,,,,,,,,,,,,,,,,,
21/03/2024 07:00:00,1,409,,,,,,,,,,,,,,,,,,
21/03/2024 06:45:00,0.8,409,,,,,,,,,,,,,,,,,,
21/03/2024 06:30:00,0.6,408,,,,,,,,,,,,,,,,,,
21/03/2024 06:15:00,0.6,409,,,,,,,,,,,,,,,,,,
21/03/2024 06:00:00,0,408,,,,,,,,,,,,,,,,,,
21/03/2024 05:45:00,0.4,410,,,,,,,,,,,,,,,,,,
21/03/2024 05:30:00,0.8,409,,,,,,,,,,,,,,,,,,
21/03/2024 05:15:00,1.8,409,,,,,,,,,,,,,,,,,,
21/03/2024 05:00:00,9,409,,,,,,,,,,,,,,,,,,
21/03/2024 04:45:00,3,405,,,,,,,,,,,,,,,,,,
21/03/2024 04:30:00,12.2,405,,,,,,,,,,,,,,,,,,
21/03/2024 04:15:00,0,407,,,,,,,,,,,,,,,,,,
21/03/2024 04:00:00,0,406,,,,,,,,,,,,,,,,,,
21/03/2024 03:45:00,0,406,,,,,,,,,,,,,,,,,,
21/03/2024 03:30:00,0,406,,,,,,,,,,,,,,,,,,
21/03/2024 03:15:00,0,405,,,,,,,,,,,,,,,,,,
21/03/2024 03:00:00,0,405,,,,,,,,,,,,,,,,,,
21/03/2024 02:45:00,0,405,,,,,,,,,,,,,,,,,,
21/03/2024 02:30:00,0,405,,,,,,,,,,,,,,,,,,
21/03/2024 02:15:00,0,405,,,,,,,,,,,,,,,,,,
21/03/2024 02:00:00,0,404,,,,,,,,,,,,,,,,,,
21/03/2024 01:45:00,0,403,,,,,,,,,,,,,,,,,,
21/03/2024 01:30:00,0,402,,,,,,,,,,,,,,,,,,
21/03/2024 01:15:00,0,403,,,,,,,,,,,,,,,,,,
21/03/2024 01:00:00,0,402,,,,,,,,,,,,,,,,,,
21/03/2024 00:45:00,0,403,,,,,,,,,,,,,,,,,,
21/03/2024 00:30:00,0,402,,,,,,,,,,,,,,,,,,
21/03/2024 00:15:00,0,403,,,,,,,,,,,,,,,,,,
21/03/2024 00:00:00,0,402,,,,,,,,,,,,,,,,,,
20/03/2024 23:45:00,0,402,,,,,,,,,,,,,,,,,,
20/03/2024 23:30:00,0,401,,,,,,,,,,,,,,,,,,
20/03/2024 23:15:00,0,401,,,,,,,,,,,,,,,,,,
20/03/2024 23:00:00,0,401,,,,,,,,,,,,,,,,,,
20/03/2024 22:45:00,0,400,,,,,,,,,,,,,,,,,,
20/03/2024 22:30:00,0,400,,,,,,,,,,,,,,,,,,
20/03/2024 22:15:00,0,400,,,,,,,,,,,,,,,,,,
20/03/2024 22:00:00,0,399,,,,,,,,,,,,,,,,,,
20/03/2024 21:45:00,0,399,,,,,,,,,,,,,,,,,,
20/03/2024 21:30:00,0,399,,,,,,,,,,,,,,,,,,
20/03/2024 21:15:00,0,396,,,,,,,,,,,,,,,,,,
20/03/2024 21:00:00,0,397,,,,,,,,,,,,,,,,,,
20/03/2024 20:45:00,0,397,,,,,,,,,,,,,,,,,,
20/03/2024 20:30:00,0,396,,,,,,,,,,,,,,,,,,
20/03/2024 20:15:00,0,398,,,,,,,,,,,,,,,,,,
20/03/2024 20:00:00,0,396,,,,,,,,,,,,,,,,,,
20/03/2024 19:45:00,0,395,,,,,,,,,,,,,,,,,,
20/03/2024 19:30:00,1.8,397,,,,,,,,,,,,,,,,,,
20/03/2024 19:15:00,1.8,398,,,,,,,,,,,,,,,,,,
20/03/2024 19:00:00,0,396,,,,,,,,,,,,,,,,,,
20/03/2024 18:45:00,0,395,,,,,,,,,,,,,,,,,,
20/03/2024 18:30:00,0,395,,,,,,,,,,,,,,,,,,
20/03/2024 18:15:00,0,394,,,,,,,,,,,,,,,,,,
20/03/2024 18:00:00,0,394,,,,,,,,,,,,,,,,,,
20/03/2024 17:45:00,0,395,,,,,,,,,,,,,,,,,,
20/03/2024 17:30:00,0,395,,,,,,,,,,,,,,,,,,
20/03/2024 17:15:00,0,394,,,,,,,,,,,,,,,,,,
20/03/2024 17:00:00,0,394,,,,,,,,,,,,,,,,,,
20/03/2024 16:45:00,0,394,,,,,,,,,,,,,,,,,,
20/03/2024 16:30:00,0,394,,,,,,,,,,,,,,,,,,
20/03/2024 16:15:00,0,394,,,,,,,,,,,,,,,,,,
20/03/2024 16:00:00,0,393,,,,,,,,,,,,,,,,,,
20/03/2024 15:45:00,0,393,,,,,,,,,,,,,,,,,,
20/03/2024 15:30:00,0,393,,,,,,,,,,,,,,,,,,
20/03/2024 15:15:00,0,393,,,,,,,,,,,,,,,,,,
20/03/2024 15:00:00,0,393,,,,,,,,,,,,,,,,,,
20/03/2024 14:45:00,0,393,,,,,,,,,,,,,,,,,,
20/03/2024 14:30:00,0,393,,,,,,,,,,,,,,,,,,
20/03/2024 14:15:00,0,393,,,,,,,,,,,,,,,,,,
20/03/2024 14:00:00,0,392,,,,,,,,,,,,,,,,,,
20/03/2024 13:45:00,0,392,,,,,,,,,,,,,,,,,,
20/03/2024 13:30:00,0,391,,,,,,,,,,,,,,,,,,
20/03/2024 13:15:00,0,391,,,,,,,,,,,,,,,,,,
20/03/2024 13:00:00,0,391,,,,,,,,,,,,,,,,,,
20/03/2024 12:45:00,0,391,,,,,,,,,,,,,,,,,,
20/03/2024 12:30:00,0,391,,,,,,,,,,,,,,,,,,
20/03/2024 12:15:00,0,389,,,,,,,,,,,,,,,,,,
20/03/2024 12:00:00,0,389,,,,,,,,,,,,,,,,,,
20/03/2024 11:45:00,0,389,,,,,,,,,,,,,,,,,,
20/03/2024 11:30:00,0,390,,,,,,,,,,,,,,,,,,
20/03/2024 11:15:00,0,389,,,,,,,,,,,,,,,,,,
20/03/2024 11:00:00,0,388,,,,,,,,,,,,,,,,,,
20/03/2024 10:45:00,0,388,,,,,,,,,,,,,,,,,,
20/03/2024 10:30:00,0,388,,,,,,,,,,,,,,,,,,
20/03/2024 10:15:00,0,388,,,,,,,,,,,,,,,,,,
20/03/2024 10:00:00,0,388,,,,,,,,,,,,,,,,,,
20/03/2024 09:45:00,0,387,,,,,,,,,,,,,,,,,,
20/03/2024 09:30:00,0,388,,,,,,,,,,,,,,,,,,
20/03/2024 09:15:00,0,388,,,,,,,,,,,,,,,,,,
20/03/2024 09:00:00,0,388,,,,,,,,,,,,,,,,,,
20/03/2024 08:45:00,0,388,,,,,,,,,,,,,,,,,,
20/03/2024 08:30:00,0,387,,,,,,,,,,,,,,,,,,
20/03/2024 08:15:00,0,386,,,,,,,,,,,,,,,,,,
20/03/2024 08:00:00,0,386,,,,,,,,,,,,,,,,,,
20/03/2024 07:45:00,0,387,,,,,,,,,,,,,,,,,,
20/03/2024 07:30:00,0.2,387,,,,,,,,,,,,,,,,,,
20/03/2024 07:15:00,0,386,,,,,,,,,,,,,,,,,,
20/03/2024 07:00:00,0,387,,,,,,,,,,,,,,,,,,
20/03/2024 06:45:00,0,386,,,,,,,,,,,,,,,,,,
20/03/2024 06:30:00,0,386,,,,,,,,,,,,,,,,,,
20/03/2024 06:15:00,0,386,,,,,,,,,,,,,,,,,,
20/03/2024 06:00:00,0,386,,,,,,,,,,,,,,,,,,
20/03/2024 05:45:00,0,386,,,,,,,,,,,,,,,,,,
20/03/2024 05:30:00,0,386,,,,,,,,,,,,,,,,,,
20/03/2024 05:15:00,0,386,,,,,,,,,,,,,,,,,,
20/03/2024 05:00:00,0,386,,,,,,,,,,,,,,,,,,
20/03/2024 04:45:00,0,385,,,,,,,,,,,,,,,,,,
20/03/2024 04:30:00,0,386,,,,,,,,,,,,,,,,,,
20/03/2024 04:15:00,0,385,,,,,,,,,,,,,,,,,,
20/03/2024 04:00:00,0,385,,,,,,,,,,,,,,,,,,
20/03/2024 03:45:00,0,385,,,,,,,,,,,,,,,,,,
20/03/2024 03:30:00,0,385,,,,,,,,,,,,,,,,,,
20/03/2024 03:15:00,0,385,,,,,,,,,,,,,,,,,,
20/03/2024 03:00:00,0,385,,,,,,,,,,,,,,,,,,
20/03/2024 02:45:00,0,385,,,,,,,,,,,,,,,,,,
20/03/2024 02:30:00,0,385,,,,,,,,,,,,,,,,,,
20/03/2024 02:15:00,0,385,,,,,,,,,,,,,,,,,,
20/03/2024 02:00:00,0,384,,,,,,,,,,,,,,,,,,
20/03/2024 01:45:00,0,384,,,,,,,,,,,,,,,,,,
20/03/2024 01:30:00,0,384,,,,,,,,,,,,,,,,,,
20/03/2024 01:15:00,0,384,,,,,,,,,,,,,,,,,,
20/03/2024 01:00:00,0,384,,,,,,,,,,,,,,,,,,
20/03/2024 00:45:00,0,384,,,,,,,,,,,,,,,,,,
20/03/2024 00:30:00,0,384,,,,,,,,,,,,,,,,,,
20/03/2024 00:15:00,0,384,,,,,,,,,,,,,,,,,,
20/03/2024 00:00:00,0,384,,,,,,,,,,,,,,,,,,
19/03/2024 23:45:00,0,384,,,,,,,,,,,,,,,,,,
19/03/2024 23:30:00,0,384,,,,,,,,,,,,,,,,,,
19/03/2024 23:15:00,0,384,,,,,,,,,,,,,,,,,,
19/03/2024 23:00:00,0,384,,,,,,,,,,,,,,,,,,
19/03/2024 22:45:00,0,384,,,,,,,,,,,,,,,,,,
19/03/2024 22:30:00,0,383,,,,,,,,,,,,,,,,,,
19/03/2024 22:15:00,0,383,,,,,,,,,,,,,,,,,,
19/03/2024 22:00:00,0,383,,,,,,,,,,,,,,,,,,
19/03/2024 21:45:00,0,383,,,,,,,,,,,,,,,,,,
19/03/2024 21:30:00,0,383,,,,,,,,,,,,,,,,,,
19/03/2024 21:15:00,0,383,,,,,,,,,,,,,,,,,,
19/03/2024 21:00:00,0,383,,,,,,,,,,,,,,,,,,
19/03/2024 20:45:00,0,383,,,,,,,,,,,,,,,,,,
19/03/2024 20:30:00,0,383,,,,,,,,,,,,,,,,,,
19/03/2024 20:15:00,0,383,,,,,,,,,,,,,,,,,,
19/03/2024 20:00:00,0,383,,,,,,,,,,,,,,,,,,
19/03/2024 19:45:00,0,383,,,,,,,,,,,,,,,,,,
19/03/2024 19:30:00,0,383,,,,,,,,,,,,,,,,,,
19/03/2024 19:15:00,0,382,,,,,,,,,,,,,,,,,,
19/03/2024 19:00:00,0,382,,,,,,,,,,,,,,,,,,
19/03/2024 18:45:00,0,382,,,,,,,,,,,,,,,,,,
19/03/2024 18:30:00,0,382,,,,,,,,,,,,,,,,,,
19/03/2024 18:15:00,0,382,,,,,,,,,,,,,,,,,,
19/03/2024 18:00:00,0,382,,,,,,,,,,,,,,,,,,
19/03/2024 17:45:00,0,381,,,,,,,,,,,,,,,,,,
19/03/2024 17:30:00,0,381,,,,,,,,,,,,,,,,,,
19/03/2024 17:15:00,0,382,,,,,,,,,,,,,,,,,,
19/03/2024 17:00:00,0,382,,,,,,,,,,,,,,,,,,
19/03/2024 16:45:00,0,381,,,,,,,,,,,,,,,,,,
19/03/2024 16:30:00,0,381,,,,,,,,,,,,,,,,,,
19/03/2024 16:15:00,0,381,,,,,,,,,,,,,,,,,,
19/03/2024 16:00:00,0,381,,,,,,,,,,,,,,,,,,
19/03/2024 15:45:00,0,381,,,,,,,,,,,,,,,,,,
19/03/2024 15:30:00,0,381,,,,,,,,,,,,,,,,,,
19/03/2024 15:15:00,0,380,,,,,,,,,,,,,,,,,,
19/03/2024 15:00:00,0,379,,,,,,,,,,,,,,,,,,
19/03/2024 14:45:00,0,381,,,,,,,,,,,,,,,,,,
19/03/2024 14:30:00,0,380,,,,,,,,,,,,,,,,,,
19/03/2024 14:15:00,0,380,,,,,,,,,,,,,,,,,,
19/03/2024 14:00:00,0,380,,,,,,,,,,,,,,,,,,
19/03/2024 13:45:00,0,380,,,,,,,,,,,,,,,,,,
19/03/2024 13:30:00,0,380,,,,,,,,,,,,,,,,,,
19/03/2024 13:15:00,0,379,,,,,,,,,,,,,,,,,,
19/03/2024 13:00:00,0,379,,,,,,,,,,,,,,,,,,
19/03/2024 12:45:00,0,379,,,,,,,,,,,,,,,,,,
19/03/2024 12:30:00,0,379,,,,,,,,,,,,,,,,,,
19/03/2024 12:15:00,0,378,,,,,,,,,,,,,,,,,,
19/03/2024 12:00:00,0,378,,,,,,,,,,,,,,,,,,
19/03/2024 11:45:00,0,378,,,,,,,,,,,,,,,,,,
19/03/2024 11:30:00,0,378,,,,,,,,,,,,,,,,,,
19/03/2024 11:15:00,0,377,,,,,,,,,,,,,,,,,,
19/03/2024 11:00:00,0,377,,,,,,,,,,,,,,,,,,
19/03/2024 10:45:00,0,377,,,,,,,,,,,,,,,,,,
19/03/2024 10:30:00,0,377,,,,,,,,,,,,,,,,,,
19/03/2024 10:15:00,0,376,,,,,,,,,,,,,,,,,,
19/03/2024 10:00:00,0,377,,,,,,,,,,,,,,,,,,
19/03/2024 09:45:00,0,377,,,,,,,,,,,,,,,,,,
19/03/2024 09:30:00,0,376,,,,,,,,,,,,,,,,,,
19/03/2024 09:15:00,0,376,,,,,,,,,,,,,,,,,,
19/03/2024 09:00:00,0,376,,,,,,,,,,,,,,,,,,
19/03/2024 08:45:00,0,376,,,,,,,,,,,,,,,,,,
19/03/2024 08:30:00,0,376,,,,,,,,,,,,,,,,,,
19/03/2024 08:15:00,0,375,,,,,,,,,,,,,,,,,,
19/03/2024 08:00:00,0,375,,,,,,,,,,,,,,,,,,
19/03/2024 07:45:00,0,375,,,,,,,,,,,,,,,,,,
19/03/2024 07:30:00,0,375,,,,,,,,,,,,,,,,,,
19/03/2024 07:15:00,0,375,,,,,,,,,,,,,,,,,,
19/03/2024 07:00:00,0,374,,,,,,,,,,,,,,,,,,
19/03/2024 06:45:00,0,374,,,,,,,,,,,,,,,,,,
19/03/2024 06:30:00,0,374,,,,,,,,,,,,,,,,,,
19/03/2024 06:15:00,0,374,,,,,,,,,,,,,,,,,,
19/03/2024 06:00:00,0,374,,,,,,,,,,,,,,,,,,
19/03/2024 05:45:00,0,373,,,,,,,,,,,,,,,,,,
19/03/2024 05:30:00,0,373,,,,,,,,,,,,,,,,,,
19/03/2024 05:15:00,0,373,,,,,,,,,,,,,,,,,,
19/03/2024 05:00:00,0,373,,,,,,,,,,,,,,,,,,
19/03/2024 04:45:00,0,373,,,,,,,,,,,,,,,,,,
19/03/2024 04:30:00,0,373,,,,,,,,,,,,,,,,,,
19/03/2024 04:15:00,0,372,,,,,,,,,,,,,,,,,,
19/03/2024 04:00:00,0,372,,,,,,,,,,,,,,,,,,
19/03/2024 03:45:00,0,372,,,,,,,,,,,,,,,,,,
19/03/2024 03:30:00,0,372,,,,,,,,,,,,,,,,,,
19/03/2024 03:15:00,0,372,,,,,,,,,,,,,,,,,,
19/03/2024 03:00:00,0,372,,,,,,,,,,,,,,,,,,
19/03/2024 02:45:00,0,372,,,,,,,,,,,,,,,,,,
19/03/2024 02:30:00,0,371,,,,,,,,,,,,,,,,,,
19/03/2024 02:15:00,0,371,,,,,,,,,,,,,,,,,,
19/03/2024 02:00:00,0,371,,,,,,,,,,,,,,,,,,
19/03/2024 01:45:00,0,371,,,,,,,,,,,,,,,,,,
19/03/2024 01:30:00,0,371,,,,,,,,,,,,,,,,,,
19/03/2024 01:15:00,0,371,,,,,,,,,,,,,,,,,,
19/03/2024 01:00:00,0,371,,,,,,,,,,,,,,,,,,
19/03/2024 00:45:00,0,371,,,,,,,,,,,,,,,,,,
19/03/2024 00:30:00,0,370,,,,,,,,,,,,,,,,,,
19/03/2024 00:15:00,0,371,,,,,,,,,,,,,,,,,,
19/03/2024 00:00:00,0,370,,,,,,,,,,,,,,,,,,
18/03/2024 23:45:00,0,370,,,,,,,,,,,,,,,,,,
18/03/2024 23:30:00,0,370,,,,,,,,,,,,,,,,,,
18/03/2024 23:15:00,0,370,,,,,,,,,,,,,,,,,,
18/03/2024 23:00:00,0,370,,,,,,,,,,,,,,,,,,
18/03/2024 22:45:00,0,370,,,,,,,,,,,,,,,,,,
18/03/2024 22:30:00,0,370,,,,,,,,,,,,,,,,,,
18/03/2024 22:15:00,0,369,,,,,,,,,,,,,,,,,,
18/03/2024 22:00:00,0,370,,,,,,,,,,,,,,,,,,
18/03/2024 21:45:00,0,369,,,,,,,,,,,,,,,,,,
18/03/2024 21:30:00,0,369,,,,,,,,,,,,,,,,,,
18/03/2024 21:15:00,0,369,,,,,,,,,,,,,,,,,,
18/03/2024 21:00:00,0,369,,,,,,,,,,,,,,,,,,
18/03/2024 20:45:00,0,369,,,,,,,,,,,,,,,,,,
18/03/2024 20:30:00,0,369,,,,,,,,,,,,,,,,,,
18/03/2024 20:15:00,0,369,,,,,,,,,,,,,,,,,,
18/03/2024 20:00:00,0,368,,,,,,,,,,,,,,,,,,
18/03/2024 19:45:00,0,368,,,,,,,,,,,,,,,,,,
18/03/2024 19:30:00,0,368,,,,,,,,,,,,,,,,,,
18/03/2024 19:15:00,0,368,,,,,,,,,,,,,,,,,,
18/03/2024 19:00:00,0,368,,,,,,,,,,,,,,,,,,
18/03/2024 18:45:00,0,368,,,,,,,,,,,,,,,,,,
18/03/2024 18:30:00,0,368,,,,,,,,,,,,,,,,,,
18/03/2024 18:15:00,0,367,,,,,,,,,,,,,,,,,,
18/03/2024 18:00:00,0,367,,,,,,,,,,,,,,,,,,
18/03/2024 17:45:00,0,367,,,,,,,,,,,,,,,,,,
18/03/2024 17:30:00,0,367,,,,,,,,,,,,,,,,,,
18/03/2024 17:15:00,0,367,,,,,,,,,,,,,,,,,,
18/03/2024 17:00:00,0,367,,,,,,,,,,,,,,,,,,
18/03/2024 16:45:00,0,366,,,,,,,,,,,,,,,,,,
18/03/2024 16:30:00,0,366,,,,,,,,,,,,,,,,,,
18/03/2024 16:15:00,0,366,,,,,,,,,,,,,,,,,,
18/03/2024 16:00:00,0,366,,,,,,,,,,,,,,,,,,
18/03/2024 15:45:00,0,366,,,,,,,,,,,,,,,,,,
18/03/2024 15:30:00,0,365,,,,,,,,,,,,,,,,,,
18/03/2024 15:15:00,0,365,,,,,,,,,,,,,,,,,,
18/03/2024 15:00:00,0,365,,,,,,,,,,,,,,,,,,
18/03/2024 14:45:00,0,364,,,,,,,,,,,,,,,,,,
18/03/2024 14:30:00,0,364,,,,,,,,,,,,,,,,,,
18/03/2024 14:15:00,0,364,,,,,,,,,,,,,,,,,,
18/03/2024 14:00:00,0,363,,,,,,,,,,,,,,,,,,
18/03/2024 13:45:00,0,362,,,,,,,,,,,,,,,,,,
18/03/2024 13:30:00,0,362,,,,,,,,,,,,,,,,,,
18/03/2024 13:15:00,0,361,,,,,,,,,,,,,,,,,,
18/03/2024 13:00:00,0,361,,,,,,,,,,,,,,,,,,
18/03/2024 12:45:00,0,360,,,,,,,,,,,,,,,,,,
18/03/2024 12:30:00,0,359,,,,,,,,,,,,,,,,,,
18/03/2024 12:15:00,0,359,,,,,,,,,,,,,,,,,,
18/03/2024 12:00:00,0,359,,,,,,,,,,,,,,,,,,
18/03/2024 11:45:00,0,359,,,,,,,,,,,,,,,,,,
18/03/2024 11:30:00,0,359,,,,,,,,,,,,,,,,,,
18/03/2024 11:15:00,0,358,,,,,,,,,,,,,,,,,,
18/03/2024 11:00:00,0,359,,,,,,,,,,,,,,,,,,
18/03/2024 10:45:00,0,358,,,,,,,,,,,,,,,,,,
18/03/2024 10:30:00,0,358,,,,,,,,,,,,,,,,,,
18/03/2024 10:15:00,0,357,,,,,,,,,,,,,,,,,,
18/03/2024 10:00:00,0,357,,,,,,,,,,,,,,,,,,
18/03/2024 09:45:00,0,356,,,,,,,,,,,,,,,,,,
18/03/2024 09:30:00,0,356,,,,,,,,,,,,,,,,,,
18/03/2024 09:15:00,0,355,,,,,,,,,,,,,,,,,,
18/03/2024 09:00:00,0,356,,,,,,,,,,,,,,,,,,
18/03/2024 08:45:00,0,355,,,,,,,,,,,,,,,,,,
18/03/2024 08:30:00,0,354,,,,,,,,,,,,,,,,,,
18/03/2024 08:15:00,0,354,,,,,,,,,,,,,,,,,,
18/03/2024 08:00:00,0,355,,,,,,,,,,,,,,,,,,
18/03/2024 07:45:00,0,354,,,,,,,,,,,,,,,,,,
18/03/2024 07:30:00,0,353,,,,,,,,,,,,,,,,,,
18/03/2024 07:15:00,0,353,,,,,,,,,,,,,,,,,,
18/03/2024 06:45:00,0,352,,,,,,,,,,,,,,,,,,
18/03/2024 06:30:00,0,351,,,,,,,,,,,,,,,,,,
18/03/2024 06:15:00,0,351,,,,,,,,,,,,,,,,,,
18/03/2024 06:00:00,0,350,,,,,,,,,,,,,,,,,,
18/03/2024 05:45:00,0,350,,,,,,,,,,,,,,,,,,
18/03/2024 05:30:00,0,350,,,,,,,,,,,,,,,,,,
18/03/2024 05:15:00,0,349,,,,,,,,,,,,,,,,,,
18/03/2024 05:00:00,0,349,,,,,,,,,,,,,,,,,,
18/03/2024 04:45:00,0,348,,,,,,,,,,,,,,,,,,
18/03/2024 04:30:00,0,348,,,,,,,,,,,,,,,,,,
18/03/2024 04:15:00,0,347,,,,,,,,,,,,,,,,,,
18/03/2024 04:00:00,0,347,,,,,,,,,,,,,,,,,,
18/03/2024 03:45:00,0,346,,,,,,,,,,,,,,,,,,
18/03/2024 03:30:00,0,346,,,,,,,,,,,,,,,,,,
18/03/2024 03:15:00,0,345,,,,,,,,,,,,,,,,,,
18/03/2024 03:00:00,0,345,,,,,,,,,,,,,,,,,,
18/03/2024 02:45:00,0,344,,,,,,,,,,,,,,,,,,
18/03/2024 02:30:00,0,344,,,,,,,,,,,,,,,,,,
18/03/2024 02:15:00,0,343,,,,,,,,,,,,,,,,,,
18/03/2024 02:00:00,0,342,,,,,,,,,,,,,,,,,,
18/03/2024 01:45:00,0,342,,,,,,,,,,,,,,,,,,
18/03/2024 01:30:00,0,342,,,,,,,,,,,,,,,,,,
18/03/2024 01:15:00,0,341,,,,,,,,,,,,,,,,,,
18/03/2024 01:00:00,0,340,,,,,,,,,,,,,,,,,,
18/03/2024 00:45:00,0,339,,,,,,,,,,,,,,,,,,
18/03/2024 00:30:00,0,339,,,,,,,,,,,,,,,,,,
18/03/2024 00:15:00,0,339,,,,,,,,,,,,,,,,,,
18/03/2024 00:00:00,0,339,,,,,,,,,,,,,,,,,,
17/03/2024 23:45:00,0,337,,,,,,,,,,,,,,,,,,
17/03/2024 23:30:00,0,337,,,,,,,,,,,,,,,,,,
17/03/2024 23:15:00,0,337,,,,,,,,,,,,,,,,,,
17/03/2024 23:00:00,0,336,,,,,,,,,,,,,,,,,,
17/03/2024 22:45:00,0,335,,,,,,,,,,,,,,,,,,
17/03/2024 22:30:00,0,334,,,,,,,,,,,,,,,,,,
17/03/2024 22:15:00,0,333,,,,,,,,,,,,,,,,,,
17/03/2024 22:00:00,0,332,,,,,,,,,,,,,,,,,,
17/03/2024 21:45:00,0,331,,,,,,,,,,,,,,,,,,
17/03/2024 21:30:00,0,331,,,,,,,,,,,,,,,,,,
17/03/2024 21:15:00,0,332,,,,,,,,,,,,,,,,,,
17/03/2024 21:00:00,0,331,,,,,,,,,,,,,,,,,,
17/03/2024 20:45:00,0,331,,,,,,,,,,,,,,,,,,
17/03/2024 20:30:00,0,330,,,,,,,,,,,,,,,,,,
17/03/2024 20:15:00,0,330,,,,,,,,,,,,,,,,,,
17/03/2024 20:00:00,0,329,,,,,,,,,,,,,,,,,,
17/03/2024 19:45:00,0,328,,,,,,,,,,,,,,,,,,
17/03/2024 19:30:00,0,328,,,,,,,,,,,,,,,,,,
17/03/2024 19:15:00,0,326,,,,,,,,,,,,,,,,,,
17/03/2024 19:00:00,0,326,,,,,,,,,,,,,,,,,,
17/03/2024 18:45:00,0,325,,,,,,,,,,,,,,,,,,
17/03/2024 18:30:00,0,324,,,,,,,,,,,,,,,,,,
17/03/2024 18:15:00,0,324,,,,,,,,,,,,,,,,,,
17/03/2024 18:00:00,0,323,,,,,,,,,,,,,,,,,,
17/03/2024 17:45:00,0,323,,,,,,,,,,,,,,,,,,
17/03/2024 17:30:00,0,323,,,,,,,,,,,,,,,,,,
17/03/2024 17:15:00,0,322,,,,,,,,,,,,,,,,,,
17/03/2024 17:00:00,0,321,,,,,,,,,,,,,,,,,,
17/03/2024 16:45:00,0,320,,,,,,,,,,,,,,,,,,
17/03/2024 16:30:00,0,319,,,,,,,,,,,,,,,,,,
17/03/2024 16:15:00,0,319,,,,,,,,,,,,,,,,,,
17/03/2024 16:00:00,0,319,,,,,,,,,,,,,,,,,,
17/03/2024 15:45:00,0,317,,,,,,,,,,,,,,,,,,
17/03/2024 15:30:00,0,317,,,,,,,,,,,,,,,,,,
17/03/2024 15:15:00,0,317,,,,,,,,,,,,,,,,,,
17/03/2024 15:00:00,0,317,,,,,,,,,,,,,,,,,,
17/03/2024 14:45:00,0,316,,,,,,,,,,,,,,,,,,
17/03/2024 14:30:00,0,315,,,,,,,,,,,,,,,,,,
17/03/2024 14:15:00,0,314,,,,,,,,,,,,,,,,,,
17/03/2024 14:00:00,0,314,,,,,,,,,,,,,,,,,,
17/03/2024 13:45:00,0,313,,,,,,,,,,,,,,,,,,
17/03/2024 13:30:00,0,313,,,,,,,,,,,,,,,,,,
17/03/2024 13:15:00,0,310,,,,,,,,,,,,,,,,,,
17/03/2024 13:00:00,0.2,312,,,,,,,,,,,,,,,,,,
17/03/2024 12:45:00,0,311,,,,,,,,,,,,,,,,,,
17/03/2024 12:30:00,0,310,,,,,,,,,,,,,,,,,,
17/03/2024 12:15:00,0,310,,,,,,,,,,,,,,,,,,
17/03/2024 12:00:00,0,310,,,,,,,,,,,,,,,,,,
17/03/2024 11:45:00,0,309,,,,,,,,,,,,,,,,,,
17/03/2024 11:30:00,0,309,,,,,,,,,,,,,,,,,,
17/03/2024 11:15:00,0,308,,,,,,,,,,,,,,,,,,
17/03/2024 11:00:00,0,307,,,,,,,,,,,,,,,,,,
17/03/2024 10:45:00,0,305,,,,,,,,,,,,,,,,,,
17/03/2024 10:30:00,0,306,,,,,,,,,,,,,,,,,,
17/03/2024 10:15:00,0,306,,,,,,,,,,,,,,,,,,
17/03/2024 10:00:00,0,305,,,,,,,,,,,,,,,,,,
17/03/2024 09:45:00,0,305,,,,,,,,,,,,,,,,,,
17/03/2024 09:30:00,0,304,,,,,,,,,,,,,,,,,,
17/03/2024 09:15:00,0,304,,,,,,,,,,,,,,,,,,
17/03/2024 09:00:00,0,303,,,,,,,,,,,,,,,,,,
17/03/2024 08:45:00,0,303,,,,,,,,,,,,,,,,,,
17/03/2024 08:30:00,0,302,,,,,,,,,,,,,,,,,,
17/03/2024 08:15:00,0,302,,,,,,,,,,,,,,,,,,
17/03/2024 08:00:00,0,301,,,,,,,,,,,,,,,,,,
17/03/2024 07:45:00,0,301,,,,,,,,,,,,,,,,,,
17/03/2024 07:30:00,0,300,,,,,,,,,,,,,,,,,,
17/03/2024 07:15:00,0,299,,,,,,,,,,,,,,,,,,
17/03/2024 07:00:00,0,301,,,,,,,,,,,,,,,,,,
17/03/2024 06:45:00,0,299,,,,,,,,,,,,,,,,,,
17/03/2024 06:30:00,0,298,,,,,,,,,,,,,,,,,,
17/03/2024 06:15:00,0,298,,,,,,,,,,,,,,,,,,
17/03/2024 06:00:00,0,297,,,,,,,,,,,,,,,,,,
17/03/2024 05:45:00,0,297,,,,,,,,,,,,,,,,,,
17/03/2024 05:30:00,0,296,,,,,,,,,,,,,,,,,,
17/03/2024 05:15:00,0,296,,,,,,,,,,,,,,,,,,
17/03/2024 05:00:00,0,296,,,,,,,,,,,,,,,,,,
17/03/2024 04:45:00,0,295,,,,,,,,,,,,,,,,,,
17/03/2024 04:30:00,0,294,,,,,,,,,,,,,,,,,,
17/03/2024 04:15:00,0,294,,,,,,,,,,,,,,,,,,
17/03/2024 04:00:00,0,294,,,,,,,,,,,,,,,,,,
17/03/2024 03:45:00,0,293,,,,,,,,,,,,,,,,,,
17/03/2024 03:30:00,0,293,,,,,,,,,,,,,,,,,,
17/03/2024 03:15:00,0,292,,,,,,,,,,,,,,,,,,
17/03/2024 03:00:00,0,292,,,,,,,,,,,,,,,,,,
17/03/2024 02:45:00,0,291,,,,,,,,,,,,,,,,,,
17/03/2024 02:30:00,0,291,,,,,,,,,,,,,,,,,,
17/03/2024 02:15:00,0,291,,,,,,,,,,,,,,,,,,
17/03/2024 02:00:00,0,291,,,,,,,,,,,,,,,,,,
17/03/2024 01:45:00,0,290,,,,,,,,,,,,,,,,,,
17/03/2024 01:30:00,0,290,,,,,,,,,,,,,,,,,,
17/03/2024 01:15:00,0,290,,,,,,,,,,,,,,,,,,
17/03/2024 01:00:00,0,290,,,,,,,,,,,,,,,,,,
17/03/2024 00:45:00,0,289,,,,,,,,,,,,,,,,,,
17/03/2024 00:30:00,0,288,,,,,,,,,,,,,,,,,,
17/03/2024 00:15:00,0,288,,,,,,,,,,,,,,,,,,
17/03/2024 00:00:00,0,288,,,,,,,,,,,,,,,,,,
16/03/2024 23:45:00,0,288,,,,,,,,,,,,,,,,,,
16/03/2024 23:30:00,0,288,,,,,,,,,,,,,,,,,,
16/03/2024 23:15:00,0,286,,,,,,,,,,,,,,,,,,
16/03/2024 23:00:00,0,284,,,,,,,,,,,,,,,,,,
16/03/2024 22:45:00,0,287,,,,,,,,,,,,,,,,,,
16/03/2024 22:30:00,0,286,,,,,,,,,,,,,,,,,,
16/03/2024 22:15:00,0,286,,,,,,,,,,,,,,,,,,
16/03/2024 22:00:00,0,286,,,,,,,,,,,,,,,,,,
16/03/2024 21:45:00,0,285,,,,,,,,,,,,,,,,,,
16/03/2024 21:30:00,0,285,,,,,,,,,,,,,,,,,,
16/03/2024 21:15:00,0,285,,,,,,,,,,,,,,,,,,
16/03/2024 21:00:00,0,285,,,,,,,,,,,,,,,,,,
16/03/2024 20:45:00,0,283,,,,,,,,,,,,,,,,,,
16/03/2024 20:30:00,0.4,284,,,,,,,,,,,,,,,,,,
16/03/2024 20:15:00,0,284,,,,,,,,,,,,,,,,,,
16/03/2024 20:00:00,0,284,,,,,,,,,,,,,,,,,,
16/03/2024 19:45:00,0,284,,,,,,,,,,,,,,,,,,
16/03/2024 19:30:00,0,284,,,,,,,,,,,,,,,,,,
16/03/2024 19:15:00,0.2,284,,,,,,,,,,,,,,,,,,
16/03/2024 19:00:00,0,283,,,,,,,,,,,,,,,,,,
16/03/2024 18:45:00,0,283,,,,,,,,,,,,,,,,,,
16/03/2024 18:30:00,0,283,,,,,,,,,,,,,,,,,,
16/03/2024 18:15:00,0,283,,,,,,,,,,,,,,,,,,
16/03/2024 18:00:00,0,282,,,,,,,,,,,,,,,,,,
16/03/2024 17:45:00,0.2,282,,,,,,,,,,,,,,,,,,
16/03/2024 17:30:00,0,283,,,,,,,,,,,,,,,,,,
16/03/2024 17:15:00,0,281,,,,,,,,,,,,,,,,,,
16/03/2024 17:00:00,0,281,,,,,,,,,,,,,,,,,,
16/03/2024 16:45:00,0,281,,,,,,,,,,,,,,,,,,
16/03/2024 16:30:00,0.4,281,,,,,,,,,,,,,,,,,,
16/03/2024 16:15:00,0,281,,,,,,,,,,,,,,,,,,
16/03/2024 16:00:00,0.2,281,,,,,,,,,,,,,,,,,,
16/03/2024 15:45:00,0.6,281,,,,,,,,,,,,,,,,,,
16/03/2024 15:30:00,1.4,281,,,,,,,,,,,,,,,,,,
16/03/2024 15:15:00,0.4,280,,,,,,,,,,,,,,,,,,
16/03/2024 15:00:00,1,,,,,,,,,,,,,,,,,,,
16/03/2024 14:45:00,1.2,,,,,,,,,,,,,,,,,,,
16/03/2024 14:30:00,0.8,,,,,,,,,,,,,,,,,,,
16/03/2024 14:15:00,0,,,,,,,,,,,,,,,,,,,
16/03/2024 14:00:00,0.4,,,,,,,,,,,,,,,,,,,
16/03/2024 13:45:00,0.6,,,,,,,,,,,,,,,,,,,
16/03/2024 13:30:00,1.2,,,,,,,,,,,,,,,,,,,
16/03/2024 13:15:00,1,,,,,,,,,,,,,,,,,,,
16/03/2024 13:00:00,0.4,,,,,,,,,,,,,,,,,,,
16/03/2024 12:45:00,0,,,,,,,,,,,,,,,,,,,
16/03/2024 12:30:00,0,,,,,,,,,,,,,,,,,,,
16/03/2024 12:15:00,0,,,,,,,,,,,,,,,,,,,
16/03/2024 12:00:00,0,,,,,,,,,,,,,,,,,,,
16/03/2024 11:45:00,0,,,,,,,,,,,,,,,,,,,
16/03/2024 11:30:00,0,,,,,,,,,,,,,,,,,,,
16/03/2024 11:15:00,0,,,,,,,,,,,,,,,,,,,
16/03/2024 11:00:00,0,,,,,,,,,,,,,,,,,,,
16/03/2024 10:45:00,0,,,,,,,,,,,,,,,,,,,
16/03/2024 10:30:00,0,,,,,,,,,,,,,,,,,,,
16/03/2024 10:15:00,0,,,,,,,,,,,,,,,,,,,
16/03/2024 10:00:00,0,,,,,,,,,,,,,,,,,,,
16/03/2024 09:45:00,0,,,,,,,,,,,,,,,,,,,
16/03/2024 09:30:00,0,,,,,,,,,,,,,,,,,,,
16/03/2024 09:15:00,0,,,,,,,,,,,,,,,,,,,
16/03/2024 09:00:00,0,,,,,,,,,,,,,,,,,,,
16/03/2024 08:45:00,0,,,,,,,,,,,,,,,,,,,
16/03/2024 08:30:00,0,,,,,,,,,,,,,,,,,,,
16/03/2024 08:15:00,0,,,,,,,,,,,,,,,,,,,
16/03/2024 08:00:00,0,,,,,,,,,,,,,,,,,,,
16/03/2024 07:45:00,0,,,,,,,,,,,,,,,,,,,
16/03/2024 07:30:00,0,,,,,,,,,,,,,,,,,,,
16/03/2024 07:15:00,0,,,,,,,,,,,,,,,,,,,
16/03/2024 07:00:00,0,,,,,,,,,,,,,,,,,,,
16/03/2024 06:45:00,0,,,,,,,,,,,,,,,,,,,
16/03/2024 06:30:00,0,,,,,,,,,,,,,,,,,,,
16/03/2024 06:15:00,0,,,,,,,,,,,,,,,,,,,
16/03/2024 06:00:00,0,,,,,,,,,,,,,,,,,,,
16/03/2024 05:45:00,0,,,,,,,,,,,,,,,,,,,
16/03/2024 05:30:00,0,,,,,,,,,,,,,,,,,,,
16/03/2024 05:15:00,0,,,,,,,,,,,,,,,,,,,
16/03/2024 05:00:00,0,,,,,,,,,,,,,,,,,,,
16/03/2024 04:45:00,0,,,,,,,,,,,,,,,,,,,
16/03/2024 04:30:00,0,,,,,,,,,,,,,,,,,,,
16/03/2024 04:15:00,0,,,,,,,,,,,,,,,,,,,
16/03/2024 04:00:00,0,,,,,,,,,,,,,,,,,,,
16/03/2024 03:45:00,0,,,,,,,,,,,,,,,,,,,
16/03/2024 03:30:00,0,,,,,,,,,,,,,,,,,,,
16/03/2024 03:15:00,0,,,,,,,,,,,,,,,,,,,
16/03/2024 03:00:00,0,,,,,,,,,,,,,,,,,,,
16/03/2024 02:45:00,0,,,,,,,,,,,,,,,,,,,
16/03/2024 02:30:00,0,,,,,,,,,,,,,,,,,,,
16/03/2024 02:15:00,0,,,,,,,,,,,,,,,,,,,
16/03/2024 02:00:00,0,,,,,,,,,,,,,,,,,,,
16/03/2024 01:45:00,0,,,,,,,,,,,,,,,,,,,
16/03/2024 01:30:00,0,,,,,,,,,,,,,,,,,,,
16/03/2024 01:15:00,0,,,,,,,,,,,,,,,,,,,
16/03/2024 01:00:00,0,,,,,,,,,,,,,,,,,,,
16/03/2024 00:45:00,0,,,,,,,,,,,,,,,,,,,
16/03/2024 00:30:00,0,,,,,,,,,,,,,,,,,,,
16/03/2024 00:15:00,0,,,,,,,,,,,,,,,,,,,
16/03/2024 00:00:00,0,,,,,,,,,,,,,,,,,,,
15/03/2024 23:45:00,0,,,,,,,,,,,,,,,,,,,
15/03/2024 23:30:00,0,,,,,,,,,,,,,,,,,,,
15/03/2024 23:15:00,0,,,,,,,,,,,,,,,,,,,
15/03/2024 23:00:00,0,,,,,,,,,,,,,,,,,,,
15/03/2024 22:45:00,0,,,,,,,,,,,,,,,,,,,
15/03/2024 22:30:00,0,,,,,,,,,,,,,,,,,,,
15/03/2024 22:15:00,0,,,,,,,,,,,,,,,,,,,
15/03/2024 22:00:00,0,,,,,,,,,,,,,,,,,,,
15/03/2024 21:45:00,0,,,,,,,,,,,,,,,,,,,
15/03/2024 21:30:00,0,,,,,,,,,,,,,,,,,,,
15/03/2024 21:15:00,0,,,,,,,,,,,,,,,,,,,
15/03/2024 21:00:00,0,,,,,,,,,,,,,,,,,,,
15/03/2024 20:45:00,0,,,,,,,,,,,,,,,,,,,
15/03/2024 20:30:00,0,,,,,,,,,,,,,,,,,,,
15/03/2024 20:15:00,0,,,,,,,,,,,,,,,,,,,
15/03/2024 20:00:00,0,,,,,,,,,,,,,,,,,,,
15/03/2024 19:45:00,0,,,,,,,,,,,,,,,,,,,
15/03/2024 19:30:00,0,,,,,,,,,,,,,,,,,,,
15/03/2024 19:15:00,0,,,,,,,,,,,,,,,,,,,
15/03/2024 19:00:00,0,,,,,,,,,,,,,,,,,,,
15/03/2024 18:45:00,0,,,,,,,,,,,,,,,,,,,
15/03/2024 18:30:00,0,,,,,,,,,,,,,,,,,,,
15/03/2024 18:15:00,0,,,,,,,,,,,,,,,,,,,
15/03/2024 18:00:00,0,,,,,,,,,,,,,,,,,,,
15/03/2024 17:45:00,0,,,,,,,,,,,,,,,,,,,
15/03/2024 17:30:00,0,,,,,,,,,,,,,,,,,,,
15/03/2024 17:15:00,0,,,,,,,,,,,,,,,,,,,
15/03/2024 17:00:00,0.6,,,,,,,,,,,,,,,,,,,
15/03/2024 16:45:00,0.4,,,,,,,,,,,,,,,,,,,
15/03/2024 16:30:00,0.4,,,,,,,,,,,,,,,,,,,
15/03/2024 16:15:00,0.2,,,,,,,,,,,,,,,,,,,
15/03/2024 16:00:00,0,,,,,,,,,,,,,,,,,,,
15/03/2024 15:45:00,0.4,,,,,,,,,,,,,,,,,,,
15/03/2024 15:30:00,0.2,,,,,,,,,,,,,,,,,,,
15/03/2024 15:15:00,0.8,,,,,,,,,,,,,,,,,,,
15/03/2024 15:00:00,0,,,,,,,,,,,,,,,,,,,
15/03/2024 14:45:00,0,,,,,,,,,,,,,,,,,,,
15/03/2024 14:30:00,0,,,,,,,,,,,,,,,,,,,
15/03/2024 14:15:00,0,,,,,,,,,,,,,,,,,,,
15/03/2024 14:00:00,0,,,,,,,,,,,,,,,,,,,
15/03/2024 13:45:00,0.2,,,,,,,,,,,,,,,,,,,
15/03/2024 13:30:00,0,,,,,,,,,,,,,,,,,,,
15/03/2024 13:15:00,0,,,,,,,,,,,,,,,,,,,
15/03/2024 13:00:00,0,,,,,,,,,,,,,,,,,,,
15/03/2024 12:45:00,0.2,,,,,,,,,,,,,,,,,,,
15/03/2024 12:30:00,0,,,,,,,,,,,,,,,,,,,
15/03/2024 12:15:00,0,,,,,,,,,,,,,,,,,,,
15/03/2024 12:00:00,0,,,,,,,,,,,,,,,,,,,
15/03/2024 11:45:00,0,,,,,,,,,,,,,,,,,,,
15/03/2024 11:30:00,0,,,,,,,,,,,,,,,,,,,
15/03/2024 11:15:00,0,,,,,,,,,,,,,,,,,,,
15/03/2024 11:00:00,0,,,,,,,,,,,,,,,,,,,
15/03/2024 10:45:00,0,,,,,,,,,,,,,,,,,,,
15/03/2024 10:30:00,0,,,,,,,,,,,,,,,,,,,
15/03/2024 10:15:00,0,,,,,,,,,,,,,,,,,,,
15/03/2024 10:00:00,0,,,,,,,,,,,,,,,,,,,
15/03/2024 09:45:00,0,,,,,,,,,,,,,,,,,,,
15/03/2024 09:30:00,0,,,,,,,,,,,,,,,,,,,
15/03/2024 09:15:00,0,,,,,,,,,,,,,,,,,,,
15/03/2024 09:00:00,0,,,,,,,,,,,,,,,,,,,
15/03/2024 08:45:00,0,,,,,,,,,,,,,,,,,,,
15/03/2024 08:30:00,0,,,,,,,,,,,,,,,,,,,
15/03/2024 08:15:00,0,,,,,,,,,,,,,,,,,,,
15/03/2024 08:00:00,0.2,,,,,,,,,,,,,,,,,,,
15/03/2024 07:45:00,0,,,,,,,,,,,,,,,,,,,
15/03/2024 07:30:00,0,,,,,,,,,,,,,,,,,,,
15/03/2024 07:15:00,0,,,,,,,,,,,,,,,,,,,
15/03/2024 07:00:00,0,,,,,,,,,,,,,,,,,,,
15/03/2024 06:45:00,0,,,,,,,,,,,,,,,,,,,
15/03/2024 06:30:00,0.4,,,,,,,,,,,,,,,,,,,
15/03/2024 06:15:00,0.6,,,,,,,,,,,,,,,,,,,
15/03/2024 06:00:00,0.4,,,,,,,,,,,,,,,,,,,
15/03/2024 05:45:00,1,,,,,,,,,,,,,,,,,,,
15/03/2024 05:30:00,0.6,,,,,,,,,,,,,,,,,,,
15/03/2024 05:15:00,0.4,,,,,,,,,,,,,,,,,,,
15/03/2024 05:00:00,0.8,,,,,,,,,,,,,,,,,,,
15/03/2024 04:45:00,3.4,,,,,,,,,,,,,,,,,,,
15/03/2024 04:30:00,2.8,,,,,,,,,,,,,,,,,,,
15/03/2024 04:15:00,4.4,,,,,,,,,,,,,,,,,,,
15/03/2024 04:00:00,0,,,,,,,,,,,,,,,,,,,
15/03/2024 03:45:00,0,,,,,,,,,,,,,,,,,,,
15/03/2024 03:30:00,0,,,,,,,,,,,,,,,,,,,
15/03/2024 03:15:00,0,,,,,,,,,,,,,,,,,,,
15/03/2024 03:00:00,0,,,,,,,,,,,,,,,,,,,
15/03/2024 02:45:00,0,,,,,,,,,,,,,,,,,,,
15/03/2024 02:30:00,0,,,,,,,,,,,,,,,,,,,
15/03/2024 02:15:00,0,,,,,,,,,,,,,,,,,,,
15/03/2024 02:00:00,0,,,,,,,,,,,,,,,,,,,
15/03/2024 01:45:00,0,,,,,,,,,,,,,,,,,,,
15/03/2024 01:30:00,0,,,,,,,,,,,,,,,,,,,
15/03/2024 01:15:00,0,,,,,,,,,,,,,,,,,,,
15/03/2024 01:00:00,0,,,,,,,,,,,,,,,,,,,
15/03/2024 00:45:00,0,,,,,,,,,,,,,,,,,,,
15/03/2024 00:30:00,0,,,,,,,,,,,,,,,,,,,
15/03/2024 00:15:00,0,,,,,,,,,,,,,,,,,,,
15/03/2024 00:00:00,0,,,,,,,,,,,,,,,,,,,
14/03/2024 23:45:00,0,,,,,,,,,,,,,,,,,,,
14/03/2024 23:30:00,0,,,,,,,,,,,,,,,,,,,
14/03/2024 23:15:00,0,,,,,,,,,,,,,,,,,,,
14/03/2024 23:00:00,0,,,,,,,,,,,,,,,,,,,
14/03/2024 22:45:00,0,,,,,,,,,,,,,,,,,,,
14/03/2024 22:30:00,0,,,,,,,,,,,,,,,,,,,
14/03/2024 22:15:00,0,,,,,,,,,,,,,,,,,,,
14/03/2024 22:00:00,0,,,,,,,,,,,,,,,,,,,
14/03/2024 21:45:00,0,,,,,,,,,,,,,,,,,,,
14/03/2024 21:30:00,0,,,,,,,,,,,,,,,,,,,
14/03/2024 21:15:00,0,,,,,,,,,,,,,,,,,,,
14/03/2024 21:00:00,0,,,,,,,,,,,,,,,,,,,
14/03/2024 20:45:00,0,,,,,,,,,,,,,,,,,,,
14/03/2024 20:30:00,0,,,,,,,,,,,,,,,,,,,
14/03/2024 20:15:00,0,,,,,,,,,,,,,,,,,,,
14/03/2024 20:00:00,0,,,,,,,,,,,,,,,,,,,
14/03/2024 19:45:00,0,,,,,,,,,,,,,,,,,,,
14/03/2024 19:30:00,0,,,,,,,,,,,,,,,,,,,
14/03/2024 19:15:00,0,,,,,,,,,,,,,,,,,,,
14/03/2024 19:00:00,0,,,,,,,,,,,,,,,,,,,
14/03/2024 18:45:00,0,,,,,,,,,,,,,,,,,,,
14/03/2024 18:30:00,0,,,,,,,,,,,,,,,,,,,
14/03/2024 18:15:00,0,,,,,,,,,,,,,,,,,,,
14/03/2024 18:00:00,0,,,,,,,,,,,,,,,,,,,
14/03/2024 17:45:00,0,,,,,,,,,,,,,,,,,,,
14/03/2024 17:30:00,0,,,,,,,,,,,,,,,,,,,
14/03/2024 17:15:00,0,,,,,,,,,,,,,,,,,,,
14/03/2024 17:00:00,0,,,,,,,,,,,,,,,,,,,
14/03/2024 16:45:00,0,,,,,,,,,,,,,,,,,,,
14/03/2024 16:30:00,0,,,,,,,,,,,,,,,,,,,
14/03/2024 16:15:00,0,,,,,,,,,,,,,,,,,,,
14/03/2024 16:00:00,0,,,,,,,,,,,,,,,,,,,
14/03/2024 15:45:00,0,,,,,,,,,,,,,,,,,,,
14/03/2024 15:30:00,0,,,,,,,,,,,,,,,,,,,
14/03/2024 15:15:00,0,,,,,,,,,,,,,,,,,,,
14/03/2024 15:00:00,0,,,,,,,,,,,,,,,,,,,
14/03/2024 14:45:00,0,,,,,,,,,,,,,,,,,,,
14/03/2024 14:30:00,0,,,,,,,,,,,,,,,,,,,
14/03/2024 14:15:00,0,,,,,,,,,,,,,,,,,,,
14/03/2024 14:00:00,0,,,,,,,,,,,,,,,,,,,
14/03/2024 13:45:00,0,,,,,,,,,,,,,,,,,,,
14/03/2024 13:30:00,0,,,,,,,,,,,,,,,,,,,
14/03/2024 13:15:00,0,,,,,,,,,,,,,,,,,,,
14/03/2024 13:00:00,0,,,,,,,,,,,,,,,,,,,
14/03/2024 12:45:00,0,,,,,,,,,,,,,,,,,,,
14/03/2024 12:30:00,0,,,,,,,,,,,,,,,,,,,
14/03/2024 12:15:00,0,,,,,,,,,,,,,,,,,,,
14/03/2024 12:00:00,0,,,,,,,,,,,,,,,,,,,
14/03/2024 11:45:00,0,,,,,,,,,,,,,,,,,,,
14/03/2024 11:30:00,0,,,,,,,,,,,,,,,,,,,
14/03/2024 11:15:00,0,,,,,,,,,,,,,,,,,,,
14/03/2024 11:00:00,0,,,,,,,,,,,,,,,,,,,
14/03/2024 10:45:00,0,,,,,,,,,,,,,,,,,,,
14/03/2024 10:30:00,0,,,,,,,,,,,,,,,,,,,
14/03/2024 10:15:00,0,,,,,,,,,,,,,,,,,,,
14/03/2024 10:00:00,0,,,,,,,,,,,,,,,,,,,
14/03/2024 09:45:00,0,,,,,,,,,,,,,,,,,,,
14/03/2024 09:30:00,0,,,,,,,,,,,,,,,,,,,
14/03/2024 09:15:00,0,,,,,,,,,,,,,,,,,,,
14/03/2024 09:00:00,0,,,,,,,,,,,,,,,,,,,
14/03/2024 08:45:00,0,,,,,,,,,,,,,,,,,,,
14/03/2024 08:30:00,0,,,,,,,,,,,,,,,,,,,
14/03/2024 08:15:00,0,,,,,,,,,,,,,,,,,,,
14/03/2024 08:00:00,0,,,,,,,,,,,,,,,,,,,
14/03/2024 07:45:00,0,,,,,,,,,,,,,,,,,,,
14/03/2024 07:30:00,0,,,,,,,,,,,,,,,,,,,
14/03/2024 07:15:00,0,,,,,,,,,,,,,,,,,,,
14/03/2024 07:00:00,0,,,,,,,,,,,,,,,,,,,
14/03/2024 06:45:00,0.2,,,,,,,,,,,,,,,,,,,
14/03/2024 06:30:00,0,,,,,,,,,,,,,,,,,,,
14/03/2024 06:15:00,0,,,,,,,,,,,,,,,,,,,
14/03/2024 06:00:00,0,,,,,,,,,,,,,,,,,,,
14/03/2024 05:45:00,0,,,,,,,,,,,,,,,,,,,
14/03/2024 05:30:00,0,,,,,,,,,,,,,,,,,,,
14/03/2024 05:15:00,0,,,,,,,,,,,,,,,,,,,
14/03/2024 05:00:00,0,,,,,,,,,,,,,,,,,,,
14/03/2024 04:45:00,0,,,,,,,,,,,,,,,,,,,
14/03/2024 04:30:00,0,,,,,,,,,,,,,,,,,,,
14/03/2024 04:15:00,0,,,,,,,,,,,,,,,,,,,
14/03/2024 04:00:00,0,,,,,,,,,,,,,,,,,,,
14/03/2024 03:45:00,0,,,,,,,,,,,,,,,,,,,
14/03/2024 03:30:00,0,,,,,,,,,,,,,,,,,,,
14/03/2024 03:15:00,0,,,,,,,,,,,,,,,,,,,
14/03/2024 03:00:00,0,,,,,,,,,,,,,,,,,,,
14/03/2024 02:45:00,0,,,,,,,,,,,,,,,,,,,
14/03/2024 02:30:00,0,,,,,,,,,,,,,,,,,,,
14/03/2024 02:15:00,0,,,,,,,,,,,,,,,,,,,
14/03/2024 02:00:00,0,,,,,,,,,,,,,,,,,,,
14/03/2024 01:45:00,0,,,,,,,,,,,,,,,,,,,
14/03/2024 01:30:00,0,,,,,,,,,,,,,,,,,,,
14/03/2024 01:15:00,0,,,,,,,,,,,,,,,,,,,
14/03/2024 01:00:00,0,,,,,,,,,,,,,,,,,,,
14/03/2024 00:45:00,0,,,,,,,,,,,,,,,,,,,
14/03/2024 00:30:00,0,,,,,,,,,,,,,,,,,,,
14/03/2024 00:15:00,0,,,,,,,,,,,,,,,,,,,
14/03/2024 00:00:00,0,,,,,,,,,,,,,,,,,,,
13/03/2024 23:45:00,0,,,,,,,,,,,,,,,,,,,
13/03/2024 23:30:00,0,,,,,,,,,,,,,,,,,,,
13/03/2024 23:15:00,0,,,,,,,,,,,,,,,,,,,
13/03/2024 23:00:00,0,,,,,,,,,,,,,,,,,,,
13/03/2024 22:45:00,0,,,,,,,,,,,,,,,,,,,
13/03/2024 22:30:00,0,,,,,,,,,,,,,,,,,,,
13/03/2024 22:15:00,0,,,,,,,,,,,,,,,,,,,
13/03/2024 22:00:00,0,,,,,,,,,,,,,,,,,,,
13/03/2024 21:45:00,0,,,,,,,,,,,,,,,,,,,
13/03/2024 21:30:00,0,,,,,,,,,,,,,,,,,,,
13/03/2024 21:15:00,0,,,,,,,,,,,,,,,,,,,
13/03/2024 21:00:00,0,,,,,,,,,,,,,,,,,,,
13/03/2024 20:45:00,0,,,,,,,,,,,,,,,,,,,
13/03/2024 20:30:00,0,,,,,,,,,,,,,,,,,,,
13/03/2024 20:15:00,0,,,,,,,,,,,,,,,,,,,
13/03/2024 20:00:00,0,,,,,,,,,,,,,,,,,,,
13/03/2024 19:45:00,0,,,,,,,,,,,,,,,,,,,
13/03/2024 19:30:00,0,,,,,,,,,,,,,,,,,,,
13/03/2024 19:15:00,0,,,,,,,,,,,,,,,,,,,
13/03/2024 19:00:00,0,,,,,,,,,,,,,,,,,,,
13/03/2024 18:45:00,0,,,,,,,,,,,,,,,,,,,
13/03/2024 18:30:00,0,,,,,,,,,,,,,,,,,,,
13/03/2024 18:15:00,0,,,,,,,,,,,,,,,,,,,
13/03/2024 18:00:00,0,,,,,,,,,,,,,,,,,,,
13/03/2024 17:45:00,0,,,,,,,,,,,,,,,,,,,
13/03/2024 17:30:00,0,,,,,,,,,,,,,,,,,,,
13/03/2024 17:15:00,0,,,,,,,,,,,,,,,,,,,
13/03/2024 17:00:00,0,,,,,,,,,,,,,,,,,,,
13/03/2024 16:45:00,0,,,,,,,,,,,,,,,,,,,
13/03/2024 16:30:00,0,,,,,,,,,,,,,,,,,,,
13/03/2024 16:15:00,0,,,,,,,,,,,,,,,,,,,
13/03/2024 16:00:00,0,,,,,,,,,,,,,,,,,,,
13/03/2024 15:45:00,0,,,,,,,,,,,,,,,,,,,
13/03/2024 15:30:00,0,,,,,,,,,,,,,,,,,,,
13/03/2024 15:15:00,0,,,,,,,,,,,,,,,,,,,
13/03/2024 15:00:00,0,,,,,,,,,,,,,,,,,,,
13/03/2024 14:45:00,0,,,,,,,,,,,,,,,,,,,
13/03/2024 14:30:00,0,,,,,,,,,,,,,,,,,,,
13/03/2024 14:15:00,0,,,,,,,,,,,,,,,,,,,
13/03/2024 14:00:00,0,,,,,,,,,,,,,,,,,,,
13/03/2024 13:45:00,0,,,,,,,,,,,,,,,,,,,
13/03/2024 13:30:00,0,,,,,,,,,,,,,,,,,,,
13/03/2024 13:15:00,0,,,,,,,,,,,,,,,,,,,
13/03/2024 13:00:00,0,,,,,,,,,,,,,,,,,,,
13/03/2024 12:45:00,0,,,,,,,,,,,,,,,,,,,
13/03/2024 12:30:00,0,,,,,,,,,,,,,,,,,,,
13/03/2024 12:15:00,0,,,,,,,,,,,,,,,,,,,
13/03/2024 12:00:00,0,,,,,,,,,,,,,,,,,,,
13/03/2024 11:45:00,0,,,,,,,,,,,,,,,,,,,
13/03/2024 11:30:00,0,,,,,,,,,,,,,,,,,,,
13/03/2024 11:15:00,0,,,,,,,,,,,,,,,,,,,
13/03/2024 11:00:00,0,,,,,,,,,,,,,,,,,,,
13/03/2024 10:45:00,0,,,,,,,,,,,,,,,,,,,
13/03/2024 10:30:00,0,,,,,,,,,,,,,,,,,,,
13/03/2024 10:15:00,0,,,,,,,,,,,,,,,,,,,
13/03/2024 10:00:00,0,,,,,,,,,,,,,,,,,,,
13/03/2024 09:45:00,0,,,,,,,,,,,,,,,,,,,
13/03/2024 09:30:00,0,,,,,,,,,,,,,,,,,,,
13/03/2024 09:15:00,0,,,,,,,,,,,,,,,,,,,
13/03/2024 09:00:00,0,,,,,,,,,,,,,,,,,,,
13/03/2024 08:45:00,0,,,,,,,,,,,,,,,,,,,
13/03/2024 08:30:00,0,,,,,,,,,,,,,,,,,,,
13/03/2024 08:15:00,0,,,,,,,,,,,,,,,,,,,
13/03/2024 08:00:00,0,,,,,,,,,,,,,,,,,,,
13/03/2024 07:45:00,0,,,,,,,,,,,,,,,,,,,
13/03/2024 07:30:00,0,,,,,,,,,,,,,,,,,,,
13/03/2024 07:15:00,0,,,,,,,,,,,,,,,,,,,
13/03/2024 07:00:00,0,,,,,,,,,,,,,,,,,,,
13/03/2024 06:45:00,0,,,,,,,,,,,,,,,,,,,
13/03/2024 06:30:00,0,,,,,,,,,,,,,,,,,,,
13/03/2024 06:15:00,0,,,,,,,,,,,,,,,,,,,
13/03/2024 06:00:00,0,,,,,,,,,,,,,,,,,,,
13/03/2024 05:45:00,0,,,,,,,,,,,,,,,,,,,
13/03/2024 05:30:00,0,,,,,,,,,,,,,,,,,,,
13/03/2024 05:15:00,0,,,,,,,,,,,,,,,,,,,
13/03/2024 05:00:00,0,,,,,,,,,,,,,,,,,,,
13/03/2024 04:45:00,0,,,,,,,,,,,,,,,,,,,
13/03/2024 04:30:00,0,,,,,,,,,,,,,,,,,,,
13/03/2024 04:15:00,0,,,,,,,,,,,,,,,,,,,
13/03/2024 04:00:00,0,,,,,,,,,,,,,,,,,,,
13/03/2024 03:45:00,0,,,,,,,,,,,,,,,,,,,
13/03/2024 03:30:00,0,,,,,,,,,,,,,,,,,,,
13/03/2024 03:15:00,0,,,,,,,,,,,,,,,,,,,
13/03/2024 03:00:00,0,,,,,,,,,,,,,,,,,,,
13/03/2024 02:45:00,0,,,,,,,,,,,,,,,,,,,
13/03/2024 02:30:00,0,,,,,,,,,,,,,,,,,,,
13/03/2024 02:15:00,0,,,,,,,,,,,,,,,,,,,
13/03/2024 02:00:00,0,,,,,,,,,,,,,,,,,,,
13/03/2024 01:45:00,0,,,,,,,,,,,,,,,,,,,
13/03/2024 01:30:00,0,,,,,,,,,,,,,,,,,,,
13/03/2024 01:15:00,0,,,,,,,,,,,,,,,,,,,
13/03/2024 01:00:00,0,,,,,,,,,,,,,,,,,,,
13/03/2024 00:45:00,0,,,,,,,,,,,,,,,,,,,
13/03/2024 00:30:00,0,,,,,,,,,,,,,,,,,,,
13/03/2024 00:15:00,0,,,,,,,,,,,,,,,,,,,
13/03/2024 00:00:00,0,,,,,,,,,,,,,,,,,,,
12/3/2024 23:45,0,,,,,,,,,,,,,,,,,,,
12/3/2024 23:30,0,,,,,,,,,,,,,,,,,,,
12/3/2024 23:15,0,,,,,,,,,,,,,,,,,,,
12/3/2024 23:00,0,,,,,,,,,,,,,,,,,,,
12/3/2024 22:45,0,,,,,,,,,,,,,,,,,,,
12/3/2024 22:30,0,,,,,,,,,,,,,,,,,,,
12/3/2024 22:15,0,,,,,,,,,,,,,,,,,,,
12/3/2024 22:00,0,,,,,,,,,,,,,,,,,,,
12/3/2024 21:45,0,,,,,,,,,,,,,,,,,,,
12/3/2024 21:30,0,,,,,,,,,,,,,,,,,,,
12/3/2024 21:15,0,,,,,,,,,,,,,,,,,,,
12/3/2024 21:00,0,,,,,,,,,,,,,,,,,,,
12/3/2024 20:45,0,,,,,,,,,,,,,,,,,,,
12/3/2024 20:30,0,,,,,,,,,,,,,,,,,,,
12/3/2024 20:15,0,,,,,,,,,,,,,,,,,,,
12/3/2024 20:00,0,,,,,,,,,,,,,,,,,,,
12/3/2024 19:45,0,,,,,,,,,,,,,,,,,,,
12/3/2024 19:30,0,,,,,,,,,,,,,,,,,,,
12/3/2024 19:15,0,,,,,,,,,,,,,,,,,,,
12/3/2024 19:00,0,,,,,,,,,,,,,,,,,,,
12/3/2024 18:45,0,,,,,,,,,,,,,,,,,,,
12/3/2024 18:30,0,,,,,,,,,,,,,,,,,,,
12/3/2024 18:15,0,,,,,,,,,,,,,,,,,,,
12/3/2024 18:00,0,,,,,,,,,,,,,,,,,,,
12/3/2024 17:45,0,,,,,,,,,,,,,,,,,,,
12/3/2024 17:30,0,,,,,,,,,,,,,,,,,,,
12/3/2024 17:15,0,,,,,,,,,,,,,,,,,,,
12/3/2024 17:00,0,,,,,,,,,,,,,,,,,,,
12/3/2024 16:45,0,,,,,,,,,,,,,,,,,,,
12/3/2024 16:30,0,,,,,,,,,,,,,,,,,,,
12/3/2024 16:15,0,,,,,,,,,,,,,,,,,,,
12/3/2024 16:00,0,,,,,,,,,,,,,,,,,,,
12/3/2024 15:45,0,,,,,,,,,,,,,,,,,,,
12/3/2024 15:30,0,,,,,,,,,,,,,,,,,,,
12/3/2024 15:15,0,,,,,,,,,,,,,,,,,,,
12/3/2024 15:00,0,,,,,,,,,,,,,,,,,,,
12/3/2024 14:45,0,,,,,,,,,,,,,,,,,,,
12/3/2024 14:30,0,,,,,,,,,,,,,,,,,,,
12/3/2024 14:15,0,,,,,,,,,,,,,,,,,,,
12/3/2024 14:00,0,,,,,,,,,,,,,,,,,,,
12/3/2024 13:45,0,,,,,,,,,,,,,,,,,,,
12/3/2024 13:30,0,,,,,,,,,,,,,,,,,,,
12/3/2024 13:15,0,,,,,,,,,,,,,,,,,,,
12/3/2024 13:00,0,,,,,,,,,,,,,,,,,,,
12/3/2024 12:45,0,,,,,,,,,,,,,,,,,,,
12/3/2024 12:30,0,,,,,,,,,,,,,,,,,,,
12/3/2024 12:15,0,,,,,,,,,,,,,,,,,,,
12/3/2024 12:00,0,,,,,,,,,,,,,,,,,,,
12/3/2024 11:45,0,,,,,,,,,,,,,,,,,,,
12/3/2024 11:30,0,,,,,,,,,,,,,,,,,,,
12/3/2024 11:15,0,,,,,,,,,,,,,,,,,,,
12/3/2024 11:00,0,,,,,,,,,,,,,,,,,,,
12/3/2024 10:45,0,,,,,,,,,,,,,,,,,,,
12/3/2024 10:30,0,,,,,,,,,,,,,,,,,,,
12/3/2024 10:15,0,,,,,,,,,,,,,,,,,,,
12/3/2024 10:00,0,,,,,,,,,,,,,,,,,,,
12/3/2024 9:45,0,,,,,,,,,,,,,,,,,,,
12/3/2024 9:30,0,,,,,,,,,,,,,,,,,,,
12/3/2024 9:15,0,,,,,,,,,,,,,,,,,,,
12/3/2024 9:00,0,,,,,,,,,,,,,,,,,,,
12/3/2024 8:45,0,,,,,,,,,,,,,,,,,,,
12/3/2024 8:30,0,,,,,,,,,,,,,,,,,,,
12/3/2024 8:15,0,,,,,,,,,,,,,,,,,,,
12/3/2024 8:00,0,,,,,,,,,,,,,,,,,,,
12/3/2024 7:45,0,,,,,,,,,,,,,,,,,,,
12/3/2024 7:30,0,,,,,,,,,,,,,,,,,,,
12/3/2024 7:15,0,,,,,,,,,,,,,,,,,,,
12/3/2024 7:00,0,,,,,,,,,,,,,,,,,,,
12/3/2024 6:45,0,,,,,,,,,,,,,,,,,,,
12/3/2024 6:30,0,,,,,,,,,,,,,,,,,,,
12/3/2024 6:15,0,,,,,,,,,,,,,,,,,,,
12/3/2024 6:00,0,,,,,,,,,,,,,,,,,,,
12/3/2024 5:45,0,,,,,,,,,,,,,,,,,,,
12/3/2024 5:30,0,,,,,,,,,,,,,,,,,,,
12/3/2024 5:15,0,,,,,,,,,,,,,,,,,,,
12/3/2024 5:00,0,,,,,,,,,,,,,,,,,,,
12/3/2024 4:45,0,,,,,,,,,,,,,,,,,,,
12/3/2024 4:30,0,,,,,,,,,,,,,,,,,,,
12/3/2024 4:15,0,,,,,,,,,,,,,,,,,,,
12/3/2024 4:00,0,,,,,,,,,,,,,,,,,,,
12/3/2024 3:45,0,,,,,,,,,,,,,,,,,,,
12/3/2024 3:30,0,,,,,,,,,,,,,,,,,,,
12/3/2024 3:15,0,,,,,,,,,,,,,,,,,,,
12/3/2024 3:00,0,,,,,,,,,,,,,,,,,,,
12/3/2024 2:45,0,,,,,,,,,,,,,,,,,,,
12/3/2024 2:30,0,,,,,,,,,,,,,,,,,,,
12/3/2024 2:15,0,,,,,,,,,,,,,,,,,,,
12/3/2024 2:00,0,,,,,,,,,,,,,,,,,,,
12/3/2024 1:45,0,,,,,,,,,,,,,,,,,,,
12/3/2024 1:30,0,,,,,,,,,,,,,,,,,,,
12/3/2024 1:15,0,,,,,,,,,,,,,,,,,,,
12/3/2024 1:00,0,,,,,,,,,,,,,,,,,,,
12/3/2024 0:45,0,,,,,,,,,,,,,,,,,,,
12/3/2024 0:30,0,,,,,,,,,,,,,,,,,,,
12/3/2024 0:15,0,,,,,,,,,,,,,,,,,,,
12/3/2024 0:00,0,,,,,,,,,,,,,,,,,,,
11/3/2024 23:45,0,,,,,,,,,,,,,,,,,,,
11/3/2024 23:30,0,,,,,,,,,,,,,,,,,,,
11/3/2024 23:15,0,,,,,,,,,,,,,,,,,,,
11/3/2024 23:00,0,,,,,,,,,,,,,,,,,,,
11/3/2024 22:45,0,,,,,,,,,,,,,,,,,,,
11/3/2024 22:30,0,,,,,,,,,,,,,,,,,,,
11/3/2024 22:15,0,,,,,,,,,,,,,,,,,,,
11/3/2024 22:00,0,,,,,,,,,,,,,,,,,,,
11/3/2024 21:45,0,,,,,,,,,,,,,,,,,,,
11/3/2024 21:30,0,,,,,,,,,,,,,,,,,,,
11/3/2024 21:15,0,,,,,,,,,,,,,,,,,,,
11/3/2024 21:00,0,,,,,,,,,,,,,,,,,,,
11/3/2024 20:45,0,,,,,,,,,,,,,,,,,,,
11/3/2024 20:30,0,,,,,,,,,,,,,,,,,,,
11/3/2024 20:15,0,,,,,,,,,,,,,,,,,,,
11/3/2024 20:00,0,,,,,,,,,,,,,,,,,,,
11/3/2024 19:45,0,,,,,,,,,,,,,,,,,,,
11/3/2024 19:30,0,,,,,,,,,,,,,,,,,,,
11/3/2024 19:15,0,,,,,,,,,,,,,,,,,,,
11/3/2024 19:00,0,,,,,,,,,,,,,,,,,,,
11/3/2024 18:45,0,,,,,,,,,,,,,,,,,,,
11/3/2024 18:30,0,,,,,,,,,,,,,,,,,,,
11/3/2024 18:15,0,,,,,,,,,,,,,,,,,,,
11/3/2024 18:00,0,,,,,,,,,,,,,,,,,,,
11/3/2024 17:45,0,,,,,,,,,,,,,,,,,,,
11/3/2024 17:30,0,,,,,,,,,,,,,,,,,,,
11/3/2024 17:15,0,,,,,,,,,,,,,,,,,,,
11/3/2024 17:00,0,,,,,,,,,,,,,,,,,,,
11/3/2024 16:45,0,,,,,,,,,,,,,,,,,,,
11/3/2024 16:30,0,,,,,,,,,,,,,,,,,,,
11/3/2024 16:15,0,,,,,,,,,,,,,,,,,,,
11/3/2024 16:00,0,,,,,,,,,,,,,,,,,,,
11/3/2024 15:45,0,,,,,,,,,,,,,,,,,,,
11/3/2024 15:30,0,,,,,,,,,,,,,,,,,,,
11/3/2024 15:15,0,,,,,,,,,,,,,,,,,,,
11/3/2024 15:00,0,,,,,,,,,,,,,,,,,,,
11/3/2024 14:45,0,,,,,,,,,,,,,,,,,,,
11/3/2024 14:30,0,,,,,,,,,,,,,,,,,,,
11/3/2024 14:15,0,,,,,,,,,,,,,,,,,,,
11/3/2024 14:00,0,,,,,,,,,,,,,,,,,,,
11/3/2024 13:45,0,,,,,,,,,,,,,,,,,,,
11/3/2024 13:30,0,,,,,,,,,,,,,,,,,,,
11/3/2024 13:15,0,,,,,,,,,,,,,,,,,,,
11/3/2024 13:00,0,,,,,,,,,,,,,,,,,,,
11/3/2024 12:45,0,,,,,,,,,,,,,,,,,,,
11/3/2024 12:30,0,,,,,,,,,,,,,,,,,,,
11/3/2024 12:15,0,,,,,,,,,,,,,,,,,,,
11/3/2024 12:00,0,,,,,,,,,,,,,,,,,,,
11/3/2024 11:45,0,,,,,,,,,,,,,,,,,,,
11/3/2024 11:30,0,,,,,,,,,,,,,,,,,,,
11/3/2024 11:15,0,,,,,,,,,,,,,,,,,,,
11/3/2024 11:00,0,,,,,,,,,,,,,,,,,,,
11/3/2024 10:45,0,,,,,,,,,,,,,,,,,,,
11/3/2024 10:30,0,,,,,,,,,,,,,,,,,,,
11/3/2024 10:15,0,,,,,,,,,,,,,,,,,,,
11/3/2024 10:00,0,,,,,,,,,,,,,,,,,,,
11/3/2024 9:45,0,,,,,,,,,,,,,,,,,,,
11/3/2024 9:30,0,,,,,,,,,,,,,,,,,,,
11/3/2024 9:15,0,,,,,,,,,,,,,,,,,,,
11/3/2024 9:00,0,,,,,,,,,,,,,,,,,,,
11/3/2024 8:45,0,,,,,,,,,,,,,,,,,,,
11/3/2024 8:30,0,,,,,,,,,,,,,,,,,,,
11/3/2024 8:15,0,,,,,,,,,,,,,,,,,,,
11/3/2024 8:00,0,,,,,,,,,,,,,,,,,,,
11/3/2024 7:45,0,,,,,,,,,,,,,,,,,,,
11/3/2024 7:30,0,,,,,,,,,,,,,,,,,,,
11/3/2024 7:15,0,,,,,,,,,,,,,,,,,,,
11/3/2024 7:00,0,,,,,,,,,,,,,,,,,,,
11/3/2024 6:45,0,,,,,,,,,,,,,,,,,,,
11/3/2024 6:30,0,,,,,,,,,,,,,,,,,,,
11/3/2024 6:15,0,,,,,,,,,,,,,,,,,,,
11/3/2024 6:00,0,,,,,,,,,,,,,,,,,,,
11/3/2024 5:45,0,,,,,,,,,,,,,,,,,,,
11/3/2024 5:30,0,,,,,,,,,,,,,,,,,,,
11/3/2024 5:15,0,,,,,,,,,,,,,,,,,,,
11/3/2024 5:00,0,,,,,,,,,,,,,,,,,,,
11/3/2024 4:45,0,,,,,,,,,,,,,,,,,,,
11/3/2024 4:30,0,,,,,,,,,,,,,,,,,,,
11/3/2024 4:15,0,,,,,,,,,,,,,,,,,,,
11/3/2024 4:00,0,,,,,,,,,,,,,,,,,,,
11/3/2024 3:45,0,,,,,,,,,,,,,,,,,,,
11/3/2024 3:30,0,,,,,,,,,,,,,,,,,,,
11/3/2024 3:15,0,,,,,,,,,,,,,,,,,,,
11/3/2024 3:00,0,,,,,,,,,,,,,,,,,,,
11/3/2024 2:45,0,,,,,,,,,,,,,,,,,,,
11/3/2024 2:30,0,,,,,,,,,,,,,,,,,,,
11/3/2024 2:15,0,,,,,,,,,,,,,,,,,,,
11/3/2024 2:00,0,,,,,,,,,,,,,,,,,,,
11/3/2024 1:45,0,,,,,,,,,,,,,,,,,,,
11/3/2024 1:30,0,,,,,,,,,,,,,,,,,,,
11/3/2024 1:15,0,,,,,,,,,,,,,,,,,,,
11/3/2024 1:00,0,,,,,,,,,,,,,,,,,,,
11/3/2024 0:45,0,,,,,,,,,,,,,,,,,,,
11/3/2024 0:30,0,,,,,,,,,,,,,,,,,,,
11/3/2024 0:15,0,,,,,,,,,,,,,,,,,,,
11/3/2024 0:00,0,,,,,,,,,,,,,,,,,,,
10/3/2024 23:45,0,,,,,,,,,,,,,,,,,,,
10/3/2024 23:30,0,,,,,,,,,,,,,,,,,,,
10/3/2024 23:15,0,,,,,,,,,,,,,,,,,,,
10/3/2024 23:00,0,,,,,,,,,,,,,,,,,,,
10/3/2024 22:45,0,,,,,,,,,,,,,,,,,,,
10/3/2024 22:30,0,,,,,,,,,,,,,,,,,,,
10/3/2024 22:15,0,,,,,,,,,,,,,,,,,,,
10/3/2024 22:00,0,,,,,,,,,,,,,,,,,,,
10/3/2024 21:45,0,,,,,,,,,,,,,,,,,,,
10/3/2024 21:30,0,,,,,,,,,,,,,,,,,,,
10/3/2024 21:15,0,,,,,,,,,,,,,,,,,,,
10/3/2024 21:00,0,,,,,,,,,,,,,,,,,,,
10/3/2024 20:45,0,,,,,,,,,,,,,,,,,,,
10/3/2024 20:30,0,,,,,,,,,,,,,,,,,,,
10/3/2024 20:15,0,,,,,,,,,,,,,,,,,,,
10/3/2024 20:00,0,,,,,,,,,,,,,,,,,,,
10/3/2024 19:45,0,,,,,,,,,,,,,,,,,,,
10/3/2024 19:30,0,,,,,,,,,,,,,,,,,,,
10/3/2024 19:15,0,,,,,,,,,,,,,,,,,,,
10/3/2024 19:00,0,,,,,,,,,,,,,,,,,,,
10/3/2024 18:45,0,,,,,,,,,,,,,,,,,,,
10/3/2024 18:30,0,,,,,,,,,,,,,,,,,,,
10/3/2024 18:15,0,,,,,,,,,,,,,,,,,,,
10/3/2024 18:00,0,,,,,,,,,,,,,,,,,,,
10/3/2024 17:45,0,,,,,,,,,,,,,,,,,,,
10/3/2024 17:30,0,,,,,,,,,,,,,,,,,,,
10/3/2024 17:15,0,,,,,,,,,,,,,,,,,,,
10/3/2024 17:00,0,,,,,,,,,,,,,,,,,,,
10/3/2024 16:45,0,,,,,,,,,,,,,,,,,,,
10/3/2024 16:30,0,,,,,,,,,,,,,,,,,,,
10/3/2024 16:15,0,,,,,,,,,,,,,,,,,,,
10/3/2024 16:00,0,,,,,,,,,,,,,,,,,,,
10/3/2024 15:45,0,,,,,,,,,,,,,,,,,,,
10/3/2024 15:30,0,,,,,,,,,,,,,,,,,,,
10/3/2024 15:15,0,,,,,,,,,,,,,,,,,,,
10/3/2024 15:00,0,,,,,,,,,,,,,,,,,,,
10/3/2024 14:45,0,,,,,,,,,,,,,,,,,,,
10/3/2024 14:30,0,,,,,,,,,,,,,,,,,,,
10/3/2024 14:15,0,,,,,,,,,,,,,,,,,,,
10/3/2024 14:00,0,,,,,,,,,,,,,,,,,,,
10/3/2024 13:45,0,,,,,,,,,,,,,,,,,,,
10/3/2024 13:30,0,,,,,,,,,,,,,,,,,,,
10/3/2024 13:15,0,,,,,,,,,,,,,,,,,,,
10/3/2024 13:00,0,,,,,,,,,,,,,,,,,,,
10/3/2024 12:45,0,,,,,,,,,,,,,,,,,,,
10/3/2024 12:30,0,,,,,,,,,,,,,,,,,,,
10/3/2024 12:15,0,,,,,,,,,,,,,,,,,,,
10/3/2024 12:00,0,,,,,,,,,,,,,,,,,,,
10/3/2024 11:45,0,,,,,,,,,,,,,,,,,,,
10/3/2024 11:30,0,,,,,,,,,,,,,,,,,,,
10/3/2024 11:15,0,,,,,,,,,,,,,,,,,,,
10/3/2024 11:00,0,,,,,,,,,,,,,,,,,,,
10/3/2024 10:45,0,,,,,,,,,,,,,,,,,,,
10/3/2024 10:30,0,,,,,,,,,,,,,,,,,,,
10/3/2024 10:15,0,,,,,,,,,,,,,,,,,,,
10/3/2024 10:00,0,,,,,,,,,,,,,,,,,,,
10/3/2024 9:45,0,,,,,,,,,,,,,,,,,,,
10/3/2024 9:30,0,,,,,,,,,,,,,,,,,,,
10/3/2024 9:15,0,,,,,,,,,,,,,,,,,,,
10/3/2024 9:00,0,,,,,,,,,,,,,,,,,,,
10/3/2024 8:45,0,,,,,,,,,,,,,,,,,,,
10/3/2024 8:30,0,,,,,,,,,,,,,,,,,,,
10/3/2024 8:15,0.2,,,,,,,,,,,,,,,,,,,
10/3/2024 8:00,0,,,,,,,,,,,,,,,,,,,
10/3/2024 7:45,0,,,,,,,,,,,,,,,,,,,
10/3/2024 7:30,0,,,,,,,,,,,,,,,,,,,
10/3/2024 7:15,0,,,,,,,,,,,,,,,,,,,
10/3/2024 7:00,0,,,,,,,,,,,,,,,,,,,
10/3/2024 6:45,0,,,,,,,,,,,,,,,,,,,
10/3/2024 6:30,0,,,,,,,,,,,,,,,,,,,
10/3/2024 6:15,0,,,,,,,,,,,,,,,,,,,
10/3/2024 6:00,0,,,,,,,,,,,,,,,,,,,
10/3/2024 5:45,0,,,,,,,,,,,,,,,,,,,
10/3/2024 5:30,0,,,,,,,,,,,,,,,,,,,
10/3/2024 5:15,0,,,,,,,,,,,,,,,,,,,
10/3/2024 5:00,0,,,,,,,,,,,,,,,,,,,
10/3/2024 4:45,0,,,,,,,,,,,,,,,,,,,
10/3/2024 4:30,0,,,,,,,,,,,,,,,,,,,
10/3/2024 4:15,0,,,,,,,,,,,,,,,,,,,
10/3/2024 4:00,0,,,,,,,,,,,,,,,,,,,
10/3/2024 3:45,0,,,,,,,,,,,,,,,,,,,
10/3/2024 3:30,0,,,,,,,,,,,,,,,,,,,
10/3/2024 3:15,0,,,,,,,,,,,,,,,,,,,
10/3/2024 3:00,0,,,,,,,,,,,,,,,,,,,
10/3/2024 2:45,0,,,,,,,,,,,,,,,,,,,
10/3/2024 2:30,0,,,,,,,,,,,,,,,,,,,
10/3/2024 2:15,0,,,,,,,,,,,,,,,,,,,
10/3/2024 2:00,0,,,,,,,,,,,,,,,,,,,
10/3/2024 1:45,0,,,,,,,,,,,,,,,,,,,
10/3/2024 1:30,0,,,,,,,,,,,,,,,,,,,
10/3/2024 1:15,0,,,,,,,,,,,,,,,,,,,
10/3/2024 1:00,0,,,,,,,,,,,,,,,,,,,
10/3/2024 0:45,0,,,,,,,,,,,,,,,,,,,
10/3/2024 0:30,0,,,,,,,,,,,,,,,,,,,
10/3/2024 0:15,0,,,,,,,,,,,,,,,,,,,
10/3/2024 0:00,0,,,,,,,,,,,,,,,,,,,
9/3/2024 23:45,0,,,,,,,,,,,,,,,,,,,
9/3/2024 23:30,0,,,,,,,,,,,,,,,,,,,
9/3/2024 23:15,0,,,,,,,,,,,,,,,,,,,
9/3/2024 23:00,0,,,,,,,,,,,,,,,,,,,
9/3/2024 22:45,0,,,,,,,,,,,,,,,,,,,
9/3/2024 22:30,0,,,,,,,,,,,,,,,,,,,
9/3/2024 22:15,0,,,,,,,,,,,,,,,,,,,
9/3/2024 22:00,0,,,,,,,,,,,,,,,,,,,
9/3/2024 21:45,0,,,,,,,,,,,,,,,,,,,
9/3/2024 21:30,0,,,,,,,,,,,,,,,,,,,
9/3/2024 21:15,0,,,,,,,,,,,,,,,,,,,
9/3/2024 21:00,0,,,,,,,,,,,,,,,,,,,
9/3/2024 20:45,0,,,,,,,,,,,,,,,,,,,
9/3/2024 20:30,0,,,,,,,,,,,,,,,,,,,
9/3/2024 20:15,0,,,,,,,,,,,,,,,,,,,
9/3/2024 20:00,0,,,,,,,,,,,,,,,,,,,
9/3/2024 19:45,0,,,,,,,,,,,,,,,,,,,
9/3/2024 19:30,0,,,,,,,,,,,,,,,,,,,
9/3/2024 19:15,0,,,,,,,,,,,,,,,,,,,
9/3/2024 19:00,0,,,,,,,,,,,,,,,,,,,
9/3/2024 18:45,0,,,,,,,,,,,,,,,,,,,
9/3/2024 18:30,0,,,,,,,,,,,,,,,,,,,
9/3/2024 18:15,0,,,,,,,,,,,,,,,,,,,
9/3/2024 18:00,0,,,,,,,,,,,,,,,,,,,
9/3/2024 17:45,0,,,,,,,,,,,,,,,,,,,
9/3/2024 17:30,0,,,,,,,,,,,,,,,,,,,
9/3/2024 17:15,0,,,,,,,,,,,,,,,,,,,
9/3/2024 17:00,0,,,,,,,,,,,,,,,,,,,
9/3/2024 16:45,0,,,,,,,,,,,,,,,,,,,
9/3/2024 16:30,0,,,,,,,,,,,,,,,,,,,
9/3/2024 16:15,0,,,,,,,,,,,,,,,,,,,
9/3/2024 16:00,0,,,,,,,,,,,,,,,,,,,
9/3/2024 15:45,0,,,,,,,,,,,,,,,,,,,
9/3/2024 15:30,0,,,,,,,,,,,,,,,,,,,
9/3/2024 15:15,0,,,,,,,,,,,,,,,,,,,
9/3/2024 15:00,0,,,,,,,,,,,,,,,,,,,
9/3/2024 14:45,0,,,,,,,,,,,,,,,,,,,
9/3/2024 14:30,0,,,,,,,,,,,,,,,,,,,
9/3/2024 14:15,0.2,,,,,,,,,,,,,,,,,,,
9/3/2024 14:00,0,,,,,,,,,,,,,,,,,,,
9/3/2024 13:45,0,,,,,,,,,,,,,,,,,,,
9/3/2024 13:30,0,,,,,,,,,,,,,,,,,,,
9/3/2024 13:15,0,,,,,,,,,,,,,,,,,,,
9/3/2024 13:00,0,,,,,,,,,,,,,,,,,,,
9/3/2024 12:45,0,,,,,,,,,,,,,,,,,,,
9/3/2024 12:30,0,,,,,,,,,,,,,,,,,,,
9/3/2024 12:15,0,,,,,,,,,,,,,,,,,,,
9/3/2024 12:00,0,,,,,,,,,,,,,,,,,,,
9/3/2024 11:45,0,,,,,,,,,,,,,,,,,,,
9/3/2024 11:30,0,,,,,,,,,,,,,,,,,,,
9/3/2024 11:15,0,,,,,,,,,,,,,,,,,,,
9/3/2024 11:00,0,,,,,,,,,,,,,,,,,,,
9/3/2024 10:45,0,,,,,,,,,,,,,,,,,,,
9/3/2024 10:30,0,,,,,,,,,,,,,,,,,,,
9/3/2024 10:15,0,,,,,,,,,,,,,,,,,,,
9/3/2024 10:00,0,,,,,,,,,,,,,,,,,,,
9/3/2024 9:45,0,,,,,,,,,,,,,,,,,,,
9/3/2024 9:30,0,,,,,,,,,,,,,,,,,,,
9/3/2024 9:15,0,,,,,,,,,,,,,,,,,,,
9/3/2024 9:00,0,,,,,,,,,,,,,,,,,,,
9/3/2024 8:45,0,,,,,,,,,,,,,,,,,,,
9/3/2024 8:30,0,,,,,,,,,,,,,,,,,,,
9/3/2024 8:15,0,,,,,,,,,,,,,,,,,,,
9/3/2024 8:00,0,,,,,,,,,,,,,,,,,,,
9/3/2024 7:45,0,,,,,,,,,,,,,,,,,,,
9/3/2024 7:30,0,,,,,,,,,,,,,,,,,,,
9/3/2024 7:15,0,,,,,,,,,,,,,,,,,,,
9/3/2024 7:00,0,,,,,,,,,,,,,,,,,,,
9/3/2024 6:45,0,,,,,,,,,,,,,,,,,,,
9/3/2024 6:30,0,,,,,,,,,,,,,,,,,,,
9/3/2024 6:15,0,,,,,,,,,,,,,,,,,,,
9/3/2024 6:00,0,,,,,,,,,,,,,,,,,,,
9/3/2024 5:45,0,,,,,,,,,,,,,,,,,,,
9/3/2024 5:30,0,,,,,,,,,,,,,,,,,,,
9/3/2024 5:15,0,,,,,,,,,,,,,,,,,,,
9/3/2024 5:00,0,,,,,,,,,,,,,,,,,,,
9/3/2024 4:45,0,,,,,,,,,,,,,,,,,,,
9/3/2024 4:30,0,,,,,,,,,,,,,,,,,,,
9/3/2024 4:15,0,,,,,,,,,,,,,,,,,,,
9/3/2024 4:00,0,,,,,,,,,,,,,,,,,,,
9/3/2024 3:45,0,,,,,,,,,,,,,,,,,,,
9/3/2024 3:30,0,,,,,,,,,,,,,,,,,,,
9/3/2024 3:15,0,,,,,,,,,,,,,,,,,,,
9/3/2024 3:00,0,,,,,,,,,,,,,,,,,,,
9/3/2024 2:45,0,,,,,,,,,,,,,,,,,,,
9/3/2024 2:30,0,,,,,,,,,,,,,,,,,,,
9/3/2024 2:15,0,,,,,,,,,,,,,,,,,,,
9/3/2024 2:00,0,,,,,,,,,,,,,,,,,,,
9/3/2024 1:45,0,,,,,,,,,,,,,,,,,,,
9/3/2024 1:30,0,,,,,,,,,,,,,,,,,,,
9/3/2024 1:15,0,,,,,,,,,,,,,,,,,,,
9/3/2024 1:00,0.2,,,,,,,,,,,,,,,,,,,
9/3/2024 0:45,0,,,,,,,,,,,,,,,,,,,
9/3/2024 0:30,0,,,,,,,,,,,,,,,,,,,
9/3/2024 0:15,0,,,,,,,,,,,,,,,,,,,
9/3/2024 0:00,0,,,,,,,,,,,,,,,,,,,
8/3/2024 23:45,0,,,,,,,,,,,,,,,,,,,
8/3/2024 23:30,0,,,,,,,,,,,,,,,,,,,
8/3/2024 23:15,0,,,,,,,,,,,,,,,,,,,
8/3/2024 23:00,0,,,,,,,,,,,,,,,,,,,
8/3/2024 22:45,0,,,,,,,,,,,,,,,,,,,
8/3/2024 22:30,0,,,,,,,,,,,,,,,,,,,
8/3/2024 22:15,0,,,,,,,,,,,,,,,,,,,
8/3/2024 22:00,0,,,,,,,,,,,,,,,,,,,
8/3/2024 21:45,0,,,,,,,,,,,,,,,,,,,
8/3/2024 21:30,0,,,,,,,,,,,,,,,,,,,
8/3/2024 21:15,0,,,,,,,,,,,,,,,,,,,
8/3/2024 21:00,0,,,,,,,,,,,,,,,,,,,
8/3/2024 20:45,0,,,,,,,,,,,,,,,,,,,
8/3/2024 20:30,0,,,,,,,,,,,,,,,,,,,
8/3/2024 20:15,0,,,,,,,,,,,,,,,,,,,
8/3/2024 20:00,0,,,,,,,,,,,,,,,,,,,
8/3/2024 19:45,0,,,,,,,,,,,,,,,,,,,
8/3/2024 19:30,0,,,,,,,,,,,,,,,,,,,
8/3/2024 19:15,0,,,,,,,,,,,,,,,,,,,
8/3/2024 19:00,0,,,,,,,,,,,,,,,,,,,
8/3/2024 18:45,0.2,,,,,,,,,,,,,,,,,,,
8/3/2024 18:30,0.6,,,,,,,,,,,,,,,,,,,
8/3/2024 18:15,1.2,,,,,,,,,,,,,,,,,,,
8/3/2024 18:00,0.4,,,,,,,,,,,,,,,,,,,
8/3/2024 17:45,0,,,,,,,,,,,,,,,,,,,
8/3/2024 17:30,0,,,,,,,,,,,,,,,,,,,
8/3/2024 17:15,0.4,,,,,,,,,,,,,,,,,,,
8/3/2024 17:00,0,,,,,,,,,,,,,,,,,,,
8/3/2024 16:45,0.2,,,,,,,,,,,,,,,,,,,
8/3/2024 16:30,0,,,,,,,,,,,,,,,,,,,
8/3/2024 16:15,0,,,,,,,,,,,,,,,,,,,
8/3/2024 16:00,0.6,,,,,,,,,,,,,,,,,,,
8/3/2024 15:45,0.6,,,,,,,,,,,,,,,,,,,
8/3/2024 15:30,1.2,,,,,,,,,,,,,,,,,,,
8/3/2024 15:15,0.6,,,,,,,,,,,,,,,,,,,
8/3/2024 15:00,1.4,,,,,,,,,,,,,,,,,,,
8/3/2024 14:45,1.8,,,,,,,,,,,,,,,,,,,
8/3/2024 14:30,0.2,,,,,,,,,,,,,,,,,,,
8/3/2024 14:15,0,,,,,,,,,,,,,,,,,,,
8/3/2024 14:00,0.2,,,,,,,,,,,,,,,,,,,
8/3/2024 13:45,0.2,,,,,,,,,,,,,,,,,,,
8/3/2024 13:30,0,,,,,,,,,,,,,,,,,,,
8/3/2024 13:15,0,,,,,,,,,,,,,,,,,,,
8/3/2024 13:00,0,,,,,,,,,,,,,,,,,,,
8/3/2024 12:45,0,,,,,,,,,,,,,,,,,,,
8/3/2024 12:30,0,,,,,,,,,,,,,,,,,,,
8/3/2024 12:15,0,,,,,,,,,,,,,,,,,,,
8/3/2024 12:00,0.2,,,,,,,,,,,,,,,,,,,
8/3/2024 11:45,0.4,,,,,,,,,,,,,,,,,,,
8/3/2024 11:30,0.2,,,,,,,,,,,,,,,,,,,
8/3/2024 11:15,0,,,,,,,,,,,,,,,,,,,
8/3/2024 11:00,0.2,,,,,,,,,,,,,,,,,,,
8/3/2024 10:45,1.4,,,,,,,,,,,,,,,,,,,
8/3/2024 10:30,0,,,,,,,,,,,,,,,,,,,
8/3/2024 10:15,0.2,,,,,,,,,,,,,,,,,,,
8/3/2024 10:00,0,,,,,,,,,,,,,,,,,,,
8/3/2024 9:45,0,,,,,,,,,,,,,,,,,,,
8/3/2024 9:30,0.2,,,,,,,,,,,,,,,,,,,
8/3/2024 9:15,0.6,,,,,,,,,,,,,,,,,,,
8/3/2024 9:00,0.6,,,,,,,,,,,,,,,,,,,
8/3/2024 8:45,3.2,,,,,,,,,,,,,,,,,,,
8/3/2024 8:30,1,,,,,,,,,,,,,,,,,,,
8/3/2024 8:15,4,,,,,,,,,,,,,,,,,,,
8/3/2024 8:00,3.4,,,,,,,,,,,,,,,,,,,
8/3/2024 7:45,0.2,,,,,,,,,,,,,,,,,,,
8/3/2024 7:30,0,,,,,,,,,,,,,,,,,,,
8/3/2024 7:15,0,,,,,,,,,,,,,,,,,,,
8/3/2024 7:00,0,,,,,,,,,,,,,,,,,,,
8/3/2024 6:45,0.4,,,,,,,,,,,,,,,,,,,
8/3/2024 6:30,0.2,,,,,,,,,,,,,,,,,,,
8/3/2024 6:15,0.4,,,,,,,,,,,,,,,,,,,
8/3/2024 6:00,0,,,,,,,,,,,,,,,,,,,
8/3/2024 5:45,0,,,,,,,,,,,,,,,,,,,
8/3/2024 5:30,0,,,,,,,,,,,,,,,,,,,
8/3/2024 5:15,0,,,,,,,,,,,,,,,,,,,
8/3/2024 5:00,0,,,,,,,,,,,,,,,,,,,
8/3/2024 4:45,0,,,,,,,,,,,,,,,,,,,
8/3/2024 4:30,0,,,,,,,,,,,,,,,,,,,
8/3/2024 4:15,0,,,,,,,,,,,,,,,,,,,
8/3/2024 4:00,0,,,,,,,,,,,,,,,,,,,
8/3/2024 3:45,0,,,,,,,,,,,,,,,,,,,
8/3/2024 3:30,0,,,,,,,,,,,,,,,,,,,
8/3/2024 3:15,0,,,,,,,,,,,,,,,,,,,
8/3/2024 3:00,0,,,,,,,,,,,,,,,,,,,
8/3/2024 2:45,0,,,,,,,,,,,,,,,,,,,
8/3/2024 2:30,0,,,,,,,,,,,,,,,,,,,
8/3/2024 2:15,0,,,,,,,,,,,,,,,,,,,
8/3/2024 2:00,0,,,,,,,,,,,,,,,,,,,
8/3/2024 1:45,0,,,,,,,,,,,,,,,,,,,
8/3/2024 1:30,0,,,,,,,,,,,,,,,,,,,
8/3/2024 1:15,0,,,,,,,,,,,,,,,,,,,
8/3/2024 1:00,0,,,,,,,,,,,,,,,,,,,
8/3/2024 0:45,0,,,,,,,,,,,,,,,,,,,
8/3/2024 0:30,0,,,,,,,,,,,,,,,,,,,
8/3/2024 0:15,0,,,,,,,,,,,,,,,,,,,
8/3/2024 0:00,0,,,,,,,,,,,,,,,,,,,
7/3/2024 23:45,0,,,,,,,,,,,,,,,,,,,
7/3/2024 23:30,0,,,,,,,,,,,,,,,,,,,
7/3/2024 23:15,0,,,,,,,,,,,,,,,,,,,
7/3/2024 23:00,0,,,,,,,,,,,,,,,,,,,
7/3/2024 22:45,0,,,,,,,,,,,,,,,,,,,
7/3/2024 22:30,0,,,,,,,,,,,,,,,,,,,
7/3/2024 22:15,0,,,,,,,,,,,,,,,,,,,
7/3/2024 22:00,0,,,,,,,,,,,,,,,,,,,
7/3/2024 21:45,0,,,,,,,,,,,,,,,,,,,
7/3/2024 21:30,0,,,,,,,,,,,,,,,,,,,
7/3/2024 21:15,0,,,,,,,,,,,,,,,,,,,
7/3/2024 21:00,0,,,,,,,,,,,,,,,,,,,
7/3/2024 20:45,0,,,,,,,,,,,,,,,,,,,
7/3/2024 20:30,0,,,,,,,,,,,,,,,,,,,
7/3/2024 20:15,0,,,,,,,,,,,,,,,,,,,
7/3/2024 20:00,0,,,,,,,,,,,,,,,,,,,
7/3/2024 19:45,0,,,,,,,,,,,,,,,,,,,
7/3/2024 19:30,0,,,,,,,,,,,,,,,,,,,
7/3/2024 19:15,0,,,,,,,,,,,,,,,,,,,
7/3/2024 19:00,0,,,,,,,,,,,,,,,,,,,
7/3/2024 18:45,0,,,,,,,,,,,,,,,,,,,
7/3/2024 18:30,0,,,,,,,,,,,,,,,,,,,
7/3/2024 18:15,0,,,,,,,,,,,,,,,,,,,
7/3/2024 18:00,0,,,,,,,,,,,,,,,,,,,
7/3/2024 17:45,0,,,,,,,,,,,,,,,,,,,
7/3/2024 17:30,0,,,,,,,,,,,,,,,,,,,
7/3/2024 17:15,0,,,,,,,,,,,,,,,,,,,
7/3/2024 17:00,0,,,,,,,,,,,,,,,,,,,
7/3/2024 16:45,0,,,,,,,,,,,,,,,,,,,
7/3/2024 16:30,0,,,,,,,,,,,,,,,,,,,
7/3/2024 16:15,0,,,,,,,,,,,,,,,,,,,
7/3/2024 16:00,0,,,,,,,,,,,,,,,,,,,
7/3/2024 15:45,0,,,,,,,,,,,,,,,,,,,
7/3/2024 15:30,0,,,,,,,,,,,,,,,,,,,
7/3/2024 15:15,0,,,,,,,,,,,,,,,,,,,
7/3/2024 15:00,0,,,,,,,,,,,,,,,,,,,
7/3/2024 14:45,0,,,,,,,,,,,,,,,,,,,
7/3/2024 14:30,0,,,,,,,,,,,,,,,,,,,
7/3/2024 14:15,0,,,,,,,,,,,,,,,,,,,
7/3/2024 14:00,0,,,,,,,,,,,,,,,,,,,
7/3/2024 13:45,0,,,,,,,,,,,,,,,,,,,
7/3/2024 13:30,0,,,,,,,,,,,,,,,,,,,
7/3/2024 13:15,0,,,,,,,,,,,,,,,,,,,
7/3/2024 13:00,0,,,,,,,,,,,,,,,,,,,
7/3/2024 12:45,0,,,,,,,,,,,,,,,,,,,
7/3/2024 12:30,0,,,,,,,,,,,,,,,,,,,
7/3/2024 12:15,0,,,,,,,,,,,,,,,,,,,
7/3/2024 12:00,0,,,,,,,,,,,,,,,,,,,
7/3/2024 11:45,0,,,,,,,,,,,,,,,,,,,
7/3/2024 11:30,0,,,,,,,,,,,,,,,,,,,
7/3/2024 11:15,0,,,,,,,,,,,,,,,,,,,
7/3/2024 11:00,0,,,,,,,,,,,,,,,,,,,
7/3/2024 10:45,0,,,,,,,,,,,,,,,,,,,
7/3/2024 10:30,0,,,,,,,,,,,,,,,,,,,
7/3/2024 10:15,0,,,,,,,,,,,,,,,,,,,
7/3/2024 10:00,0,,,,,,,,,,,,,,,,,,,
7/3/2024 9:45,0,,,,,,,,,,,,,,,,,,,
7/3/2024 9:30,0,,,,,,,,,,,,,,,,,,,
7/3/2024 9:15,0,,,,,,,,,,,,,,,,,,,
7/3/2024 9:00,0,,,,,,,,,,,,,,,,,,,
7/3/2024 8:45,0,,,,,,,,,,,,,,,,,,,
7/3/2024 8:30,0,,,,,,,,,,,,,,,,,,,
7/3/2024 8:15,0,,,,,,,,,,,,,,,,,,,
7/3/2024 8:00,0,,,,,,,,,,,,,,,,,,,
7/3/2024 7:45,0,,,,,,,,,,,,,,,,,,,
7/3/2024 7:30,0,,,,,,,,,,,,,,,,,,,
7/3/2024 7:15,0,,,,,,,,,,,,,,,,,,,
7/3/2024 7:00,0,,,,,,,,,,,,,,,,,,,
7/3/2024 6:45,0,,,,,,,,,,,,,,,,,,,
7/3/2024 6:30,0,,,,,,,,,,,,,,,,,,,
7/3/2024 6:15,0,,,,,,,,,,,,,,,,,,,
7/3/2024 6:00,0,,,,,,,,,,,,,,,,,,,
7/3/2024 5:45,0,,,,,,,,,,,,,,,,,,,
7/3/2024 5:30,0,,,,,,,,,,,,,,,,,,,
7/3/2024 5:15,0,,,,,,,,,,,,,,,,,,,
7/3/2024 5:00,0,,,,,,,,,,,,,,,,,,,
7/3/2024 4:45,0,,,,,,,,,,,,,,,,,,,
7/3/2024 4:30,0,,,,,,,,,,,,,,,,,,,
7/3/2024 4:15,0,,,,,,,,,,,,,,,,,,,
7/3/2024 4:00,0,,,,,,,,,,,,,,,,,,,
7/3/2024 3:45,0,,,,,,,,,,,,,,,,,,,
7/3/2024 3:30,0,,,,,,,,,,,,,,,,,,,
7/3/2024 3:15,0,,,,,,,,,,,,,,,,,,,
7/3/2024 3:00,0,,,,,,,,,,,,,,,,,,,
7/3/2024 2:45,0,,,,,,,,,,,,,,,,,,,
7/3/2024 2:30,0,,,,,,,,,,,,,,,,,,,
7/3/2024 2:15,0,,,,,,,,,,,,,,,,,,,
7/3/2024 2:00,0,,,,,,,,,,,,,,,,,,,
7/3/2024 1:45,0,,,,,,,,,,,,,,,,,,,
7/3/2024 1:30,0,,,,,,,,,,,,,,,,,,,
7/3/2024 1:15,0,,,,,,,,,,,,,,,,,,,
7/3/2024 1:00,0,,,,,,,,,,,,,,,,,,,
7/3/2024 0:45,0,,,,,,,,,,,,,,,,,,,
7/3/2024 0:30,0,,,,,,,,,,,,,,,,,,,
7/3/2024 0:15,0,,,,,,,,,,,,,,,,,,,
7/3/2024 0:00,0,,,,,,,,,,,,,,,,,,,
6/3/2024 23:45,0,,,,,,,,,,,,,,,,,,,
6/3/2024 23:30,0,,,,,,,,,,,,,,,,,,,
6/3/2024 23:15,0,,,,,,,,,,,,,,,,,,,
6/3/2024 23:00,0,,,,,,,,,,,,,,,,,,,
6/3/2024 22:45,0,,,,,,,,,,,,,,,,,,,
6/3/2024 22:30,0,,,,,,,,,,,,,,,,,,,
6/3/2024 22:15,0,,,,,,,,,,,,,,,,,,,
6/3/2024 22:00,0,,,,,,,,,,,,,,,,,,,
6/3/2024 21:45,0,,,,,,,,,,,,,,,,,,,
6/3/2024 21:30,0,,,,,,,,,,,,,,,,,,,
6/3/2024 21:15,0,,,,,,,,,,,,,,,,,,,
6/3/2024 21:00,0,,,,,,,,,,,,,,,,,,,
6/3/2024 20:45,0,,,,,,,,,,,,,,,,,,,
6/3/2024 20:30,0,,,,,,,,,,,,,,,,,,,
6/3/2024 20:15,0,,,,,,,,,,,,,,,,,,,
6/3/2024 20:00,0,,,,,,,,,,,,,,,,,,,
6/3/2024 19:45,0,,,,,,,,,,,,,,,,,,,
6/3/2024 19:30,0,,,,,,,,,,,,,,,,,,,
6/3/2024 19:15,0,,,,,,,,,,,,,,,,,,,
6/3/2024 19:00,0,,,,,,,,,,,,,,,,,,,
6/3/2024 18:45,0,,,,,,,,,,,,,,,,,,,
6/3/2024 18:30,0,,,,,,,,,,,,,,,,,,,
6/3/2024 18:15,0,,,,,,,,,,,,,,,,,,,
6/3/2024 18:00,0,,,,,,,,,,,,,,,,,,,
6/3/2024 17:45,0,,,,,,,,,,,,,,,,,,,
6/3/2024 17:30,0,,,,,,,,,,,,,,,,,,,
6/3/2024 17:15,0,,,,,,,,,,,,,,,,,,,
6/3/2024 17:00,0,,,,,,,,,,,,,,,,,,,
6/3/2024 16:45,0,,,,,,,,,,,,,,,,,,,
6/3/2024 16:30,0,,,,,,,,,,,,,,,,,,,
6/3/2024 16:15,0,,,,,,,,,,,,,,,,,,,
6/3/2024 16:00,0,,,,,,,,,,,,,,,,,,,
6/3/2024 15:45,0,,,,,,,,,,,,,,,,,,,
6/3/2024 15:30,0,,,,,,,,,,,,,,,,,,,
6/3/2024 15:15,0,,,,,,,,,,,,,,,,,,,
6/3/2024 15:00,0,,,,,,,,,,,,,,,,,,,
6/3/2024 14:45,0,,,,,,,,,,,,,,,,,,,
6/3/2024 14:30,0,,,,,,,,,,,,,,,,,,,
6/3/2024 14:15,0,,,,,,,,,,,,,,,,,,,
6/3/2024 14:00,0,,,,,,,,,,,,,,,,,,,
6/3/2024 13:45,0,,,,,,,,,,,,,,,,,,,
6/3/2024 13:30,0,,,,,,,,,,,,,,,,,,,
6/3/2024 13:15,0,,,,,,,,,,,,,,,,,,,
6/3/2024 13:00,0,,,,,,,,,,,,,,,,,,,
6/3/2024 12:45,0,,,,,,,,,,,,,,,,,,,
6/3/2024 12:30,0,,,,,,,,,,,,,,,,,,,
6/3/2024 12:15,0,,,,,,,,,,,,,,,,,,,
6/3/2024 12:00,0,,,,,,,,,,,,,,,,,,,
6/3/2024 11:45,0,,,,,,,,,,,,,,,,,,,
6/3/2024 11:30,0,,,,,,,,,,,,,,,,,,,
6/3/2024 11:15,0,,,,,,,,,,,,,,,,,,,
6/3/2024 11:00,0,,,,,,,,,,,,,,,,,,,
6/3/2024 10:45,0,,,,,,,,,,,,,,,,,,,
6/3/2024 10:30,0,,,,,,,,,,,,,,,,,,,
6/3/2024 10:15,0,,,,,,,,,,,,,,,,,,,
6/3/2024 10:00,0,,,,,,,,,,,,,,,,,,,
6/3/2024 9:45,0,,,,,,,,,,,,,,,,,,,
6/3/2024 9:30,0,,,,,,,,,,,,,,,,,,,
6/3/2024 9:15,0,,,,,,,,,,,,,,,,,,,
6/3/2024 9:00,0,,,,,,,,,,,,,,,,,,,
6/3/2024 8:45,0,,,,,,,,,,,,,,,,,,,
6/3/2024 8:30,0,,,,,,,,,,,,,,,,,,,
6/3/2024 8:15,0,,,,,,,,,,,,,,,,,,,
6/3/2024 8:00,0,,,,,,,,,,,,,,,,,,,
6/3/2024 7:45,0,,,,,,,,,,,,,,,,,,,
6/3/2024 7:30,0,,,,,,,,,,,,,,,,,,,
6/3/2024 7:15,0,,,,,,,,,,,,,,,,,,,
6/3/2024 7:00,0,,,,,,,,,,,,,,,,,,,
6/3/2024 6:45,0,,,,,,,,,,,,,,,,,,,
6/3/2024 6:30,0,,,,,,,,,,,,,,,,,,,
6/3/2024 6:15,0,,,,,,,,,,,,,,,,,,,
6/3/2024 6:00,0,,,,,,,,,,,,,,,,,,,
6/3/2024 5:45,0,,,,,,,,,,,,,,,,,,,
6/3/2024 5:30,0,,,,,,,,,,,,,,,,,,,
6/3/2024 5:15,0,,,,,,,,,,,,,,,,,,,
6/3/2024 5:00,0,,,,,,,,,,,,,,,,,,,
6/3/2024 4:45,0,,,,,,,,,,,,,,,,,,,
6/3/2024 4:30,0,,,,,,,,,,,,,,,,,,,
6/3/2024 4:15,0,,,,,,,,,,,,,,,,,,,
6/3/2024 4:00,0,,,,,,,,,,,,,,,,,,,
6/3/2024 3:45,0,,,,,,,,,,,,,,,,,,,
6/3/2024 3:30,0,,,,,,,,,,,,,,,,,,,
6/3/2024 3:15,0,,,,,,,,,,,,,,,,,,,
6/3/2024 3:00,0,,,,,,,,,,,,,,,,,,,
6/3/2024 2:45,0,,,,,,,,,,,,,,,,,,,
6/3/2024 2:30,0,,,,,,,,,,,,,,,,,,,
6/3/2024 2:15,0,,,,,,,,,,,,,,,,,,,
6/3/2024 2:00,0,,,,,,,,,,,,,,,,,,,
6/3/2024 1:45,0,,,,,,,,,,,,,,,,,,,
6/3/2024 1:30,0,,,,,,,,,,,,,,,,,,,
6/3/2024 1:15,0,,,,,,,,,,,,,,,,,,,
6/3/2024 1:00,0,,,,,,,,,,,,,,,,,,,
6/3/2024 0:45,0,,,,,,,,,,,,,,,,,,,
6/3/2024 0:30,0,,,,,,,,,,,,,,,,,,,
6/3/2024 0:15,0,,,,,,,,,,,,,,,,,,,
6/3/2024 0:00,0,,,,,,,,,,,,,,,,,,,
5/3/2024 23:45,0,,,,,,,,,,,,,,,,,,,
5/3/2024 23:30,0,,,,,,,,,,,,,,,,,,,
5/3/2024 23:15,0,,,,,,,,,,,,,,,,,,,
5/3/2024 23:00,0,,,,,,,,,,,,,,,,,,,
5/3/2024 22:45,0,,,,,,,,,,,,,,,,,,,
5/3/2024 22:30,0,,,,,,,,,,,,,,,,,,,
5/3/2024 22:15,0,,,,,,,,,,,,,,,,,,,
5/3/2024 22:00,0,,,,,,,,,,,,,,,,,,,
5/3/2024 21:45,0,,,,,,,,,,,,,,,,,,,
5/3/2024 21:30,0,,,,,,,,,,,,,,,,,,,
5/3/2024 21:15,0,,,,,,,,,,,,,,,,,,,
5/3/2024 21:00,0,,,,,,,,,,,,,,,,,,,
5/3/2024 20:45,0,,,,,,,,,,,,,,,,,,,
5/3/2024 20:30,0,,,,,,,,,,,,,,,,,,,
5/3/2024 20:15,0,,,,,,,,,,,,,,,,,,,
5/3/2024 20:00,0,,,,,,,,,,,,,,,,,,,
5/3/2024 19:45,0,,,,,,,,,,,,,,,,,,,
5/3/2024 19:30,0,,,,,,,,,,,,,,,,,,,
5/3/2024 19:15,0,,,,,,,,,,,,,,,,,,,
5/3/2024 19:00,0,,,,,,,,,,,,,,,,,,,
5/3/2024 18:45,0,,,,,,,,,,,,,,,,,,,
5/3/2024 18:30,0,,,,,,,,,,,,,,,,,,,
5/3/2024 18:15,0,,,,,,,,,,,,,,,,,,,
5/3/2024 18:00,0,,,,,,,,,,,,,,,,,,,
5/3/2024 17:45,0,,,,,,,,,,,,,,,,,,,
5/3/2024 17:30,0,,,,,,,,,,,,,,,,,,,
5/3/2024 17:15,0,,,,,,,,,,,,,,,,,,,
5/3/2024 17:00,0,,,,,,,,,,,,,,,,,,,
5/3/2024 16:45,0,,,,,,,,,,,,,,,,,,,
5/3/2024 16:30,0,,,,,,,,,,,,,,,,,,,
5/3/2024 16:15,0,,,,,,,,,,,,,,,,,,,
5/3/2024 16:00,0,,,,,,,,,,,,,,,,,,,
5/3/2024 15:45,0,,,,,,,,,,,,,,,,,,,
5/3/2024 15:30,0,,,,,,,,,,,,,,,,,,,
5/3/2024 15:15,0,,,,,,,,,,,,,,,,,,,
5/3/2024 15:00,0,,,,,,,,,,,,,,,,,,,
5/3/2024 14:45,0,,,,,,,,,,,,,,,,,,,
5/3/2024 14:30,0,,,,,,,,,,,,,,,,,,,
5/3/2024 14:15,0,,,,,,,,,,,,,,,,,,,
5/3/2024 14:00,0,,,,,,,,,,,,,,,,,,,
5/3/2024 13:45,0,,,,,,,,,,,,,,,,,,,
5/3/2024 13:30,0,,,,,,,,,,,,,,,,,,,
5/3/2024 13:15,0,,,,,,,,,,,,,,,,,,,
5/3/2024 13:00,0,,,,,,,,,,,,,,,,,,,
5/3/2024 12:45,0.2,,,,,,,,,,,,,,,,,,,
5/3/2024 12:30,0,,,,,,,,,,,,,,,,,,,
5/3/2024 12:15,0,,,,,,,,,,,,,,,,,,,
5/3/2024 12:00,0,,,,,,,,,,,,,,,,,,,
5/3/2024 11:45,0,,,,,,,,,,,,,,,,,,,
5/3/2024 11:30,0,,,,,,,,,,,,,,,,,,,
5/3/2024 11:15,0,,,,,,,,,,,,,,,,,,,
5/3/2024 11:00,0,,,,,,,,,,,,,,,,,,,
5/3/2024 10:45,0,,,,,,,,,,,,,,,,,,,
5/3/2024 10:30,0,,,,,,,,,,,,,,,,,,,
5/3/2024 10:15,0,,,,,,,,,,,,,,,,,,,
5/3/2024 10:00,0,,,,,,,,,,,,,,,,,,,
5/3/2024 9:45,0,,,,,,,,,,,,,,,,,,,
5/3/2024 9:30,0,,,,,,,,,,,,,,,,,,,
5/3/2024 9:15,0,,,,,,,,,,,,,,,,,,,
5/3/2024 9:00,0,,,,,,,,,,,,,,,,,,,
5/3/2024 8:45,0,,,,,,,,,,,,,,,,,,,
5/3/2024 8:30,0,,,,,,,,,,,,,,,,,,,
5/3/2024 8:15,0,,,,,,,,,,,,,,,,,,,
5/3/2024 8:00,0,,,,,,,,,,,,,,,,,,,
5/3/2024 7:45,0,,,,,,,,,,,,,,,,,,,
5/3/2024 7:30,0,,,,,,,,,,,,,,,,,,,
5/3/2024 7:15,0,,,,,,,,,,,,,,,,,,,
5/3/2024 7:00,0,,,,,,,,,,,,,,,,,,,
5/3/2024 6:45,0,,,,,,,,,,,,,,,,,,,
5/3/2024 6:30,0,,,,,,,,,,,,,,,,,,,
5/3/2024 6:15,0,,,,,,,,,,,,,,,,,,,
5/3/2024 6:00,0,,,,,,,,,,,,,,,,,,,
5/3/2024 5:45,0,,,,,,,,,,,,,,,,,,,
5/3/2024 5:30,0,,,,,,,,,,,,,,,,,,,
5/3/2024 5:15,0,,,,,,,,,,,,,,,,,,,
5/3/2024 5:00,0,,,,,,,,,,,,,,,,,,,
5/3/2024 4:45,0,,,,,,,,,,,,,,,,,,,
5/3/2024 4:30,0,,,,,,,,,,,,,,,,,,,
5/3/2024 4:15,0,,,,,,,,,,,,,,,,,,,
5/3/2024 4:00,0,,,,,,,,,,,,,,,,,,,
5/3/2024 3:45,0,,,,,,,,,,,,,,,,,,,
5/3/2024 3:30,0,,,,,,,,,,,,,,,,,,,
5/3/2024 3:15,0,,,,,,,,,,,,,,,,,,,
5/3/2024 3:00,0,,,,,,,,,,,,,,,,,,,
5/3/2024 2:45,0,,,,,,,,,,,,,,,,,,,
5/3/2024 2:30,0,,,,,,,,,,,,,,,,,,,
5/3/2024 2:15,0,,,,,,,,,,,,,,,,,,,
5/3/2024 2:00,0,,,,,,,,,,,,,,,,,,,
5/3/2024 1:45,0,,,,,,,,,,,,,,,,,,,
5/3/2024 1:30,0,,,,,,,,,,,,,,,,,,,
5/3/2024 1:15,0,,,,,,,,,,,,,,,,,,,
5/3/2024 1:00,0,,,,,,,,,,,,,,,,,,,
5/3/2024 0:45,0,,,,,,,,,,,,,,,,,,,
5/3/2024 0:30,0,,,,,,,,,,,,,,,,,,,
5/3/2024 0:15,0,,,,,,,,,,,,,,,,,,,
5/3/2024 0:00,0,,,,,,,,,,,,,,,,,,,
4/3/2024 23:45,0,,,,,,,,,,,,,,,,,,,
4/3/2024 23:30,0,,,,,,,,,,,,,,,,,,,
4/3/2024 23:15,0,,,,,,,,,,,,,,,,,,,
4/3/2024 23:00,0,,,,,,,,,,,,,,,,,,,
4/3/2024 22:45,0,,,,,,,,,,,,,,,,,,,
4/3/2024 22:30,0,,,,,,,,,,,,,,,,,,,
4/3/2024 22:15,0,,,,,,,,,,,,,,,,,,,
4/3/2024 22:00,0,,,,,,,,,,,,,,,,,,,
4/3/2024 21:45,0,,,,,,,,,,,,,,,,,,,
4/3/2024 21:30,0,,,,,,,,,,,,,,,,,,,
4/3/2024 21:15,0,,,,,,,,,,,,,,,,,,,
4/3/2024 21:00,0,,,,,,,,,,,,,,,,,,,
4/3/2024 20:45,0,,,,,,,,,,,,,,,,,,,
4/3/2024 20:30,0,,,,,,,,,,,,,,,,,,,
4/3/2024 20:15,0,,,,,,,,,,,,,,,,,,,
4/3/2024 20:00,0,,,,,,,,,,,,,,,,,,,
4/3/2024 19:45,0,,,,,,,,,,,,,,,,,,,
4/3/2024 19:30,0,,,,,,,,,,,,,,,,,,,
4/3/2024 19:15,0,,,,,,,,,,,,,,,,,,,
4/3/2024 19:00,0,,,,,,,,,,,,,,,,,,,
4/3/2024 18:45,0,,,,,,,,,,,,,,,,,,,
4/3/2024 18:30,0,,,,,,,,,,,,,,,,,,,
4/3/2024 18:15,0,,,,,,,,,,,,,,,,,,,
4/3/2024 18:00,0,,,,,,,,,,,,,,,,,,,
4/3/2024 16:45,0,,,,,,,,,,,,,,,,,,,
4/3/2024 16:30,0,,,,,,,,,,,,,,,,,,,
4/3/2024 16:15,0,,,,,,,,,,,,,,,,,,,
4/3/2024 16:00,0,,,,,,,,,,,,,,,,,,,
4/3/2024 15:45,0,,,,,,,,,,,,,,,,,,,
4/3/2024 15:30,0,,,,,,,,,,,,,,,,,,,
4/3/2024 15:15,0,,,,,,,,,,,,,,,,,,,
4/3/2024 15:00,0,,,,,,,,,,,,,,,,,,,
4/3/2024 14:45,0,,,,,,,,,,,,,,,,,,,
4/3/2024 14:30,0,,,,,,,,,,,,,,,,,,,
4/3/2024 14:15,0,,,,,,,,,,,,,,,,,,,
4/3/2024 14:00,0,,,,,,,,,,,,,,,,,,,
4/3/2024 13:45,0,,,,,,,,,,,,,,,,,,,
4/3/2024 13:30,0,,,,,,,,,,,,,,,,,,,
4/3/2024 13:15,0,,,,,,,,,,,,,,,,,,,
4/3/2024 13:00,0,,,,,,,,,,,,,,,,,,,
4/3/2024 12:45,0,,,,,,,,,,,,,,,,,,,
4/3/2024 12:30,0,,,,,,,,,,,,,,,,,,,
4/3/2024 12:15,0,,,,,,,,,,,,,,,,,,,
4/3/2024 12:00,0,,,,,,,,,,,,,,,,,,,
4/3/2024 11:45,0,,,,,,,,,,,,,,,,,,,
4/3/2024 11:30,0,,,,,,,,,,,,,,,,,,,
4/3/2024 11:15,0,,,,,,,,,,,,,,,,,,,
4/3/2024 11:00,0,,,,,,,,,,,,,,,,,,,
4/3/2024 10:45,0,,,,,,,,,,,,,,,,,,,
4/3/2024 10:30,0,,,,,,,,,,,,,,,,,,,
4/3/2024 10:15,0,,,,,,,,,,,,,,,,,,,
4/3/2024 10:00,0,,,,,,,,,,,,,,,,,,,
4/3/2024 9:45,0,,,,,,,,,,,,,,,,,,,
4/3/2024 9:30,0,,,,,,,,,,,,,,,,,,,
4/3/2024 9:15,0,,,,,,,,,,,,,,,,,,,
4/3/2024 9:00,0,,,,,,,,,,,,,,,,,,,
4/3/2024 8:45,0,,,,,,,,,,,,,,,,,,,
4/3/2024 8:30,0,,,,,,,,,,,,,,,,,,,
4/3/2024 8:15,0,,,,,,,,,,,,,,,,,,,
4/3/2024 8:00,0,,,,,,,,,,,,,,,,,,,
4/3/2024 7:45,0,,,,,,,,,,,,,,,,,,,
4/3/2024 7:30,0,,,,,,,,,,,,,,,,,,,
4/3/2024 7:15,0,,,,,,,,,,,,,,,,,,,
4/3/2024 7:00,0,,,,,,,,,,,,,,,,,,,
4/3/2024 6:45,0,,,,,,,,,,,,,,,,,,,
4/3/2024 6:30,0,,,,,,,,,,,,,,,,,,,
4/3/2024 6:15,0,,,,,,,,,,,,,,,,,,,
4/3/2024 6:00,0,,,,,,,,,,,,,,,,,,,
4/3/2024 5:45,0,,,,,,,,,,,,,,,,,,,
4/3/2024 5:30,0,,,,,,,,,,,,,,,,,,,
4/3/2024 5:15,0,,,,,,,,,,,,,,,,,,,
4/3/2024 5:00,0,,,,,,,,,,,,,,,,,,,
4/3/2024 4:45,0,,,,,,,,,,,,,,,,,,,
4/3/2024 4:30,0,,,,,,,,,,,,,,,,,,,
4/3/2024 4:15,0,,,,,,,,,,,,,,,,,,,
4/3/2024 4:00,0,,,,,,,,,,,,,,,,,,,
4/3/2024 3:45,0,,,,,,,,,,,,,,,,,,,
4/3/2024 3:30,0,,,,,,,,,,,,,,,,,,,
4/3/2024 3:15,0,,,,,,,,,,,,,,,,,,,
4/3/2024 3:00,0,,,,,,,,,,,,,,,,,,,
4/3/2024 2:45,0,,,,,,,,,,,,,,,,,,,
4/3/2024 2:30,0,,,,,,,,,,,,,,,,,,,
4/3/2024 2:15,0,,,,,,,,,,,,,,,,,,,
4/3/2024 2:00,0,,,,,,,,,,,,,,,,,,,
4/3/2024 1:45,0,,,,,,,,,,,,,,,,,,,
4/3/2024 1:30,0,,,,,,,,,,,,,,,,,,,
4/3/2024 1:15,0,,,,,,,,,,,,,,,,,,,
4/3/2024 1:00,0,,,,,,,,,,,,,,,,,,,
4/3/2024 0:45,0,,,,,,,,,,,,,,,,,,,
4/3/2024 0:30,0,,,,,,,,,,,,,,,,,,,
4/3/2024 0:15,0,,,,,,,,,,,,,,,,,,,
4/3/2024 0:00,0,,,,,,,,,,,,,,,,,,,
3/3/2024 23:45,0,,,,,,,,,,,,,,,,,,,
3/3/2024 23:30,0,,,,,,,,,,,,,,,,,,,
3/3/2024 23:15,0,,,,,,,,,,,,,,,,,,,
3/3/2024 23:00,0,,,,,,,,,,,,,,,,,,,
3/3/2024 22:45,0,,,,,,,,,,,,,,,,,,,
3/3/2024 22:30,0,,,,,,,,,,,,,,,,,,,
3/3/2024 22:15,0,,,,,,,,,,,,,,,,,,,
3/3/2024 22:00,0,,,,,,,,,,,,,,,,,,,
3/3/2024 21:45,0,,,,,,,,,,,,,,,,,,,
3/3/2024 21:30,0,,,,,,,,,,,,,,,,,,,
3/3/2024 21:15,0,,,,,,,,,,,,,,,,,,,
3/3/2024 21:00,0,,,,,,,,,,,,,,,,,,,
3/3/2024 20:45,0,,,,,,,,,,,,,,,,,,,
3/3/2024 20:30,0,,,,,,,,,,,,,,,,,,,
3/3/2024 20:15,0,,,,,,,,,,,,,,,,,,,
3/3/2024 20:00,0,,,,,,,,,,,,,,,,,,,
3/3/2024 19:45,0,,,,,,,,,,,,,,,,,,,
3/3/2024 19:30,0,,,,,,,,,,,,,,,,,,,
3/3/2024 19:15,0,,,,,,,,,,,,,,,,,,,
3/3/2024 19:00,0,,,,,,,,,,,,,,,,,,,
3/3/2024 18:45,0,,,,,,,,,,,,,,,,,,,
3/3/2024 18:30,0,,,,,,,,,,,,,,,,,,,
3/3/2024 18:15,0,,,,,,,,,,,,,,,,,,,
3/3/2024 18:00,0,,,,,,,,,,,,,,,,,,,
3/3/2024 17:45,0,,,,,,,,,,,,,,,,,,,
3/3/2024 17:30,0,,,,,,,,,,,,,,,,,,,
3/3/2024 17:15,0,,,,,,,,,,,,,,,,,,,
3/3/2024 17:00,0,,,,,,,,,,,,,,,,,,,
3/3/2024 16:45,0,,,,,,,,,,,,,,,,,,,
3/3/2024 16:30,0,,,,,,,,,,,,,,,,,,,
3/3/2024 16:15,0,,,,,,,,,,,,,,,,,,,
3/3/2024 16:00,0,,,,,,,,,,,,,,,,,,,
3/3/2024 15:45,0,,,,,,,,,,,,,,,,,,,
3/3/2024 15:30,0,,,,,,,,,,,,,,,,,,,
3/3/2024 15:15,0,,,,,,,,,,,,,,,,,,,
3/3/2024 15:00,0,,,,,,,,,,,,,,,,,,,
3/3/2024 14:45,0,,,,,,,,,,,,,,,,,,,
3/3/2024 14:30,0,,,,,,,,,,,,,,,,,,,
3/3/2024 14:15,0,,,,,,,,,,,,,,,,,,,
3/3/2024 14:00,0,,,,,,,,,,,,,,,,,,,
3/3/2024 13:45,0,,,,,,,,,,,,,,,,,,,
3/3/2024 13:30,0,,,,,,,,,,,,,,,,,,,
3/3/2024 13:15,0,,,,,,,,,,,,,,,,,,,
3/3/2024 13:00,0,,,,,,,,,,,,,,,,,,,
3/3/2024 12:45,0,,,,,,,,,,,,,,,,,,,
3/3/2024 12:30,0,,,,,,,,,,,,,,,,,,,
3/3/2024 12:15,0,,,,,,,,,,,,,,,,,,,
3/3/2024 12:00,0,,,,,,,,,,,,,,,,,,,
3/3/2024 11:45,0,,,,,,,,,,,,,,,,,,,
3/3/2024 11:30,0,,,,,,,,,,,,,,,,,,,
3/3/2024 11:15,0,,,,,,,,,,,,,,,,,,,
3/3/2024 11:00,0,,,,,,,,,,,,,,,,,,,
3/3/2024 10:45,0,,,,,,,,,,,,,,,,,,,
3/3/2024 10:30,0,,,,,,,,,,,,,,,,,,,
3/3/2024 10:15,0,,,,,,,,,,,,,,,,,,,
3/3/2024 10:00,0,,,,,,,,,,,,,,,,,,,
3/3/2024 9:45,0,,,,,,,,,,,,,,,,,,,
3/3/2024 9:30,0,,,,,,,,,,,,,,,,,,,
3/3/2024 9:15,0,,,,,,,,,,,,,,,,,,,
3/3/2024 9:00,0,,,,,,,,,,,,,,,,,,,
3/3/2024 8:45,0,,,,,,,,,,,,,,,,,,,
3/3/2024 8:30,0,,,,,,,,,,,,,,,,,,,
3/3/2024 8:15,0,,,,,,,,,,,,,,,,,,,
3/3/2024 8:00,0,,,,,,,,,,,,,,,,,,,
3/3/2024 7:45,0,,,,,,,,,,,,,,,,,,,
3/3/2024 7:30,0,,,,,,,,,,,,,,,,,,,
3/3/2024 7:15,0,,,,,,,,,,,,,,,,,,,
3/3/2024 7:00,0,,,,,,,,,,,,,,,,,,,
3/3/2024 6:45,0,,,,,,,,,,,,,,,,,,,
3/3/2024 6:30,0,,,,,,,,,,,,,,,,,,,
3/3/2024 6:15,0,,,,,,,,,,,,,,,,,,,
3/3/2024 6:00,0,,,,,,,,,,,,,,,,,,,
3/3/2024 5:45,0,,,,,,,,,,,,,,,,,,,
3/3/2024 5:30,0,,,,,,,,,,,,,,,,,,,
3/3/2024 5:15,0,,,,,,,,,,,,,,,,,,,
3/3/2024 5:00,0,,,,,,,,,,,,,,,,,,,
3/3/2024 4:45,0,,,,,,,,,,,,,,,,,,,
3/3/2024 4:30,0,,,,,,,,,,,,,,,,,,,
3/3/2024 4:15,0,,,,,,,,,,,,,,,,,,,
3/3/2024 4:00,0,,,,,,,,,,,,,,,,,,,
3/3/2024 3:45,0,,,,,,,,,,,,,,,,,,,
3/3/2024 3:30,0,,,,,,,,,,,,,,,,,,,
3/3/2024 3:15,0,,,,,,,,,,,,,,,,,,,
3/3/2024 3:00,0,,,,,,,,,,,,,,,,,,,
3/3/2024 2:45,0,,,,,,,,,,,,,,,,,,,
3/3/2024 2:30,0,,,,,,,,,,,,,,,,,,,
3/3/2024 2:15,0,,,,,,,,,,,,,,,,,,,
3/3/2024 2:00,0,,,,,,,,,,,,,,,,,,,
3/3/2024 1:45,0,,,,,,,,,,,,,,,,,,,
3/3/2024 1:30,0,,,,,,,,,,,,,,,,,,,
3/3/2024 1:15,0,,,,,,,,,,,,,,,,,,,
3/3/2024 1:00,0,,,,,,,,,,,,,,,,,,,
3/3/2024 0:45,0,,,,,,,,,,,,,,,,,,,
3/3/2024 0:30,0,,,,,,,,,,,,,,,,,,,
3/3/2024 0:15,0,,,,,,,,,,,,,,,,,,,
3/3/2024 0:00,0,,,,,,,,,,,,,,,,,,,
2/3/2024 23:45,0,,,,,,,,,,,,,,,,,,,
2/3/2024 23:30,0,,,,,,,,,,,,,,,,,,,
2/3/2024 23:15,0,,,,,,,,,,,,,,,,,,,
2/3/2024 23:00,0,,,,,,,,,,,,,,,,,,,
2/3/2024 22:45,0,,,,,,,,,,,,,,,,,,,
2/3/2024 22:30,0,,,,,,,,,,,,,,,,,,,
2/3/2024 22:15,0,,,,,,,,,,,,,,,,,,,
2/3/2024 22:00,0,,,,,,,,,,,,,,,,,,,
2/3/2024 21:45,0,,,,,,,,,,,,,,,,,,,
2/3/2024 21:30,0,,,,,,,,,,,,,,,,,,,
2/3/2024 21:15,0,,,,,,,,,,,,,,,,,,,
2/3/2024 21:00,0,,,,,,,,,,,,,,,,,,,
2/3/2024 20:45,0,,,,,,,,,,,,,,,,,,,
2/3/2024 20:30,0,,,,,,,,,,,,,,,,,,,
2/3/2024 20:15,0,,,,,,,,,,,,,,,,,,,
2/3/2024 20:00,0,,,,,,,,,,,,,,,,,,,
2/3/2024 19:45,0,,,,,,,,,,,,,,,,,,,
2/3/2024 19:30,0,,,,,,,,,,,,,,,,,,,
2/3/2024 19:15,0,,,,,,,,,,,,,,,,,,,
2/3/2024 19:00,0,,,,,,,,,,,,,,,,,,,
2/3/2024 18:45,0,,,,,,,,,,,,,,,,,,,
2/3/2024 18:30,0,,,,,,,,,,,,,,,,,,,
2/3/2024 18:15,0,,,,,,,,,,,,,,,,,,,
2/3/2024 18:00,0,,,,,,,,,,,,,,,,,,,
2/3/2024 17:45,0,,,,,,,,,,,,,,,,,,,
2/3/2024 17:30,0,,,,,,,,,,,,,,,,,,,
2/3/2024 17:15,0,,,,,,,,,,,,,,,,,,,
2/3/2024 17:00,0,,,,,,,,,,,,,,,,,,,
2/3/2024 16:45,0,,,,,,,,,,,,,,,,,,,
2/3/2024 16:30,0,,,,,,,,,,,,,,,,,,,
2/3/2024 16:15,0,,,,,,,,,,,,,,,,,,,
2/3/2024 16:00,0,,,,,,,,,,,,,,,,,,,
2/3/2024 15:45,0,,,,,,,,,,,,,,,,,,,
2/3/2024 15:30,0,,,,,,,,,,,,,,,,,,,
2/3/2024 15:15,0,,,,,,,,,,,,,,,,,,,
2/3/2024 15:00,0,,,,,,,,,,,,,,,,,,,
2/3/2024 14:45,0,,,,,,,,,,,,,,,,,,,
2/3/2024 14:30,0,,,,,,,,,,,,,,,,,,,
2/3/2024 14:15,0,,,,,,,,,,,,,,,,,,,
2/3/2024 14:00,0,,,,,,,,,,,,,,,,,,,
2/3/2024 13:45,0,,,,,,,,,,,,,,,,,,,
2/3/2024 13:30,0,,,,,,,,,,,,,,,,,,,
2/3/2024 13:15,0,,,,,,,,,,,,,,,,,,,
2/3/2024 13:00,0,,,,,,,,,,,,,,,,,,,
2/3/2024 12:45,0,,,,,,,,,,,,,,,,,,,
2/3/2024 12:30,0,,,,,,,,,,,,,,,,,,,
2/3/2024 12:15,0,,,,,,,,,,,,,,,,,,,
2/3/2024 12:00,0,,,,,,,,,,,,,,,,,,,
2/3/2024 11:45,0,,,,,,,,,,,,,,,,,,,
2/3/2024 11:30,0,,,,,,,,,,,,,,,,,,,
2/3/2024 11:15,0,,,,,,,,,,,,,,,,,,,
2/3/2024 11:00,0,,,,,,,,,,,,,,,,,,,
2/3/2024 10:45,0,,,,,,,,,,,,,,,,,,,
2/3/2024 10:30,0,,,,,,,,,,,,,,,,,,,
2/3/2024 10:15,0,,,,,,,,,,,,,,,,,,,
2/3/2024 10:00,0,,,,,,,,,,,,,,,,,,,
2/3/2024 9:45,0,,,,,,,,,,,,,,,,,,,
2/3/2024 9:30,0,,,,,,,,,,,,,,,,,,,
2/3/2024 9:15,0,,,,,,,,,,,,,,,,,,,
2/3/2024 9:00,0,,,,,,,,,,,,,,,,,,,
2/3/2024 8:45,0,,,,,,,,,,,,,,,,,,,
2/3/2024 8:30,0,,,,,,,,,,,,,,,,,,,
2/3/2024 8:15,0,,,,,,,,,,,,,,,,,,,
2/3/2024 8:00,0,,,,,,,,,,,,,,,,,,,
2/3/2024 7:45,0,,,,,,,,,,,,,,,,,,,
2/3/2024 7:30,0,,,,,,,,,,,,,,,,,,,
2/3/2024 7:15,0,,,,,,,,,,,,,,,,,,,
2/3/2024 7:00,0,,,,,,,,,,,,,,,,,,,
2/3/2024 6:45,0,,,,,,,,,,,,,,,,,,,
2/3/2024 6:30,0,,,,,,,,,,,,,,,,,,,
2/3/2024 6:15,0,,,,,,,,,,,,,,,,,,,
2/3/2024 6:00,0,,,,,,,,,,,,,,,,,,,
2/3/2024 5:45,0,,,,,,,,,,,,,,,,,,,
2/3/2024 5:30,0,,,,,,,,,,,,,,,,,,,
2/3/2024 5:15,0,,,,,,,,,,,,,,,,,,,
2/3/2024 5:00,0,,,,,,,,,,,,,,,,,,,
2/3/2024 4:45,0,,,,,,,,,,,,,,,,,,,
2/3/2024 4:30,0,,,,,,,,,,,,,,,,,,,
2/3/2024 4:15,0,,,,,,,,,,,,,,,,,,,
2/3/2024 4:00,0,,,,,,,,,,,,,,,,,,,
2/3/2024 3:45,0,,,,,,,,,,,,,,,,,,,
2/3/2024 3:30,0,,,,,,,,,,,,,,,,,,,
2/3/2024 3:15,0,,,,,,,,,,,,,,,,,,,
2/3/2024 3:00,0,,,,,,,,,,,,,,,,,,,
2/3/2024 2:45,0,,,,,,,,,,,,,,,,,,,
2/3/2024 2:30,0,,,,,,,,,,,,,,,,,,,
2/3/2024 2:15,0,,,,,,,,,,,,,,,,,,,
2/3/2024 2:00,0,,,,,,,,,,,,,,,,,,,
2/3/2024 1:45,0,,,,,,,,,,,,,,,,,,,
2/3/2024 1:30,0,,,,,,,,,,,,,,,,,,,
2/3/2024 1:15,0,,,,,,,,,,,,,,,,,,,
2/3/2024 1:00,0,,,,,,,,,,,,,,,,,,,
2/3/2024 0:45,0,,,,,,,,,,,,,,,,,,,
2/3/2024 0:30,0,,,,,,,,,,,,,,,,,,,
2/3/2024 0:15,0,,,,,,,,,,,,,,,,,,,
2/3/2024 0:00,0,,,,,,,,,,,,,,,,,,,
1/3/2024 23:45,0,,,,,,,,,,,,,,,,,,,
1/3/2024 23:30,0,,,,,,,,,,,,,,,,,,,
1/3/2024 23:15,0,,,,,,,,,,,,,,,,,,,
1/3/2024 23:00,0,,,,,,,,,,,,,,,,,,,
1/3/2024 22:45,0,,,,,,,,,,,,,,,,,,,
1/3/2024 22:30,0,,,,,,,,,,,,,,,,,,,
1/3/2024 22:15,0,,,,,,,,,,,,,,,,,,,
1/3/2024 22:00,0,,,,,,,,,,,,,,,,,,,
1/3/2024 21:45,0,,,,,,,,,,,,,,,,,,,
1/3/2024 21:30,0,,,,,,,,,,,,,,,,,,,
1/3/2024 21:15,0,,,,,,,,,,,,,,,,,,,
1/3/2024 21:00,0,,,,,,,,,,,,,,,,,,,
1/3/2024 20:45,0,,,,,,,,,,,,,,,,,,,
1/3/2024 20:30,0,,,,,,,,,,,,,,,,,,,
1/3/2024 20:15,0,,,,,,,,,,,,,,,,,,,
1/3/2024 20:00,0,,,,,,,,,,,,,,,,,,,
1/3/2024 19:45,0,,,,,,,,,,,,,,,,,,,
1/3/2024 19:30,0,,,,,,,,,,,,,,,,,,,
1/3/2024 19:15,0,,,,,,,,,,,,,,,,,,,
1/3/2024 19:00,0,,,,,,,,,,,,,,,,,,,
1/3/2024 18:45,0,,,,,,,,,,,,,,,,,,,
1/3/2024 18:30,0,,,,,,,,,,,,,,,,,,,
1/3/2024 18:15,0,,,,,,,,,,,,,,,,,,,
1/3/2024 18:00,0,,,,,,,,,,,,,,,,,,,
1/3/2024 17:45,0,,,,,,,,,,,,,,,,,,,
1/3/2024 17:30,0,,,,,,,,,,,,,,,,,,,
1/3/2024 17:15,0,,,,,,,,,,,,,,,,,,,
1/3/2024 17:00,0,,,,,,,,,,,,,,,,,,,
1/3/2024 16:45,0,,,,,,,,,,,,,,,,,,,
1/3/2024 16:30,0,,,,,,,,,,,,,,,,,,,
1/3/2024 16:15,0,,,,,,,,,,,,,,,,,,,
1/3/2024 16:00,0,,,,,,,,,,,,,,,,,,,
1/3/2024 15:45,0,,,,,,,,,,,,,,,,,,,
1/3/2024 15:30,0,,,,,,,,,,,,,,,,,,,
1/3/2024 15:15,0,,,,,,,,,,,,,,,,,,,
1/3/2024 15:00,0,,,,,,,,,,,,,,,,,,,
1/3/2024 14:45,0,,,,,,,,,,,,,,,,,,,
1/3/2024 14:30,0,,,,,,,,,,,,,,,,,,,
1/3/2024 14:15,0,,,,,,,,,,,,,,,,,,,
1/3/2024 14:00,0,,,,,,,,,,,,,,,,,,,
1/3/2024 13:45,0,,,,,,,,,,,,,,,,,,,
1/3/2024 13:30,0,,,,,,,,,,,,,,,,,,,
1/3/2024 13:15,0,,,,,,,,,,,,,,,,,,,
1/3/2024 13:00,0,,,,,,,,,,,,,,,,,,,
1/3/2024 12:45,0,,,,,,,,,,,,,,,,,,,
1/3/2024 12:30,0,,,,,,,,,,,,,,,,,,,
1/3/2024 12:15,0,,,,,,,,,,,,,,,,,,,
1/3/2024 12:00,0,,,,,,,,,,,,,,,,,,,
1/3/2024 11:45,0,,,,,,,,,,,,,,,,,,,
1/3/2024 11:30,0,,,,,,,,,,,,,,,,,,,
1/3/2024 11:15,0,,,,,,,,,,,,,,,,,,,
1/3/2024 11:00,0,,,,,,,,,,,,,,,,,,,
1/3/2024 10:45,0,,,,,,,,,,,,,,,,,,,
1/3/2024 10:30,0,,,,,,,,,,,,,,,,,,,
1/3/2024 10:15,0,,,,,,,,,,,,,,,,,,,
1/3/2024 10:00,0,,,,,,,,,,,,,,,,,,,
1/3/2024 9:45,0,,,,,,,,,,,,,,,,,,,
1/3/2024 9:30,0,,,,,,,,,,,,,,,,,,,
1/3/2024 9:15,0,,,,,,,,,,,,,,,,,,,
1/3/2024 9:00,0,,,,,,,,,,,,,,,,,,,
1/3/2024 8:45,0,,,,,,,,,,,,,,,,,,,
1/3/2024 8:30,0,,,,,,,,,,,,,,,,,,,
1/3/2024 8:15,0,,,,,,,,,,,,,,,,,,,
1/3/2024 8:00,0,,,,,,,,,,,,,,,,,,,
1/3/2024 7:45,0,,,,,,,,,,,,,,,,,,,
1/3/2024 7:30,0,,,,,,,,,,,,,,,,,,,
1/3/2024 7:15,0,,,,,,,,,,,,,,,,,,,
1/3/2024 7:00,0,,,,,,,,,,,,,,,,,,,
1/3/2024 6:45,0,,,,,,,,,,,,,,,,,,,
1/3/2024 6:30,0,,,,,,,,,,,,,,,,,,,
1/3/2024 6:15,0,,,,,,,,,,,,,,,,,,,
1/3/2024 6:00,0,,,,,,,,,,,,,,,,,,,
1/3/2024 5:45,0,,,,,,,,,,,,,,,,,,,
1/3/2024 5:30,0,,,,,,,,,,,,,,,,,,,
1/3/2024 5:15,0,,,,,,,,,,,,,,,,,,,
1/3/2024 5:00,0,,,,,,,,,,,,,,,,,,,
1/3/2024 4:45,0,,,,,,,,,,,,,,,,,,,
1/3/2024 4:30,0,,,,,,,,,,,,,,,,,,,
1/3/2024 4:15,0,,,,,,,,,,,,,,,,,,,
1/3/2024 4:00,0,,,,,,,,,,,,,,,,,,,
1/3/2024 3:45,0,,,,,,,,,,,,,,,,,,,
1/3/2024 3:30,0,,,,,,,,,,,,,,,,,,,
1/3/2024 3:15,0,,,,,,,,,,,,,,,,,,,
1/3/2024 3:00,0,,,,,,,,,,,,,,,,,,,
1/3/2024 2:45,0,,,,,,,,,,,,,,,,,,,
1/3/2024 2:30,0,,,,,,,,,,,,,,,,,,,
1/3/2024 2:15,0,,,,,,,,,,,,,,,,,,,
1/3/2024 2:00,0,,,,,,,,,,,,,,,,,,,
1/3/2024 1:45,0,,,,,,,,,,,,,,,,,,,
1/3/2024 1:30,0,,,,,,,,,,,,,,,,,,,
1/3/2024 1:15,0,,,,,,,,,,,,,,,,,,,
1/3/2024 1:00,0,,,,,,,,,,,,,,,,,,,
1/3/2024 0:45,0,,,,,,,,,,,,,,,,,,,
1/3/2024 0:30,0,,,,,,,,,,,,,,,,,,,
1/3/2024 0:15,0,,,,,,,,,,,,,,,,,,,
1/3/2024 0:00,0,,,,,,,,,,,,,,,,,,,
29/02/2024 23:45:00,0,,,,,,,,,,,,,,,,,,,
29/02/2024 23:30:00,0,,,,,,,,,,,,,,,,,,,
29/02/2024 23:15:00,0,,,,,,,,,,,,,,,,,,,
29/02/2024 23:00:00,0,,,,,,,,,,,,,,,,,,,
29/02/2024 22:45:00,0,,,,,,,,,,,,,,,,,,,
29/02/2024 22:30:00,0,,,,,,,,,,,,,,,,,,,
29/02/2024 22:15:00,0,,,,,,,,,,,,,,,,,,,
29/02/2024 22:00:00,0,,,,,,,,,,,,,,,,,,,
29/02/2024 21:45:00,0,,,,,,,,,,,,,,,,,,,
29/02/2024 21:30:00,0,,,,,,,,,,,,,,,,,,,
29/02/2024 21:15:00,0,,,,,,,,,,,,,,,,,,,
29/02/2024 21:00:00,0,,,,,,,,,,,,,,,,,,,
29/02/2024 20:45:00,0,,,,,,,,,,,,,,,,,,,
29/02/2024 20:30:00,0,,,,,,,,,,,,,,,,,,,
29/02/2024 20:15:00,0,,,,,,,,,,,,,,,,,,,
29/02/2024 20:00:00,0,,,,,,,,,,,,,,,,,,,
29/02/2024 19:45:00,0,,,,,,,,,,,,,,,,,,,
29/02/2024 19:30:00,0,,,,,,,,,,,,,,,,,,,
29/02/2024 19:15:00,0,,,,,,,,,,,,,,,,,,,
29/02/2024 19:00:00,0,,,,,,,,,,,,,,,,,,,
29/02/2024 18:45:00,0,,,,,,,,,,,,,,,,,,,
29/02/2024 18:30:00,0,,,,,,,,,,,,,,,,,,,
29/02/2024 18:15:00,0,,,,,,,,,,,,,,,,,,,
29/02/2024 18:00:00,0,,,,,,,,,,,,,,,,,,,
29/02/2024 17:45:00,0,,,,,,,,,,,,,,,,,,,
29/02/2024 17:30:00,0,,,,,,,,,,,,,,,,,,,
29/02/2024 17:15:00,0,,,,,,,,,,,,,,,,,,,
29/02/2024 17:00:00,0,,,,,,,,,,,,,,,,,,,
29/02/2024 16:45:00,0,,,,,,,,,,,,,,,,,,,
29/02/2024 16:30:00,0,,,,,,,,,,,,,,,,,,,
29/02/2024 16:15:00,0,,,,,,,,,,,,,,,,,,,
29/02/2024 16:00:00,0,,,,,,,,,,,,,,,,,,,
29/02/2024 15:45:00,0,,,,,,,,,,,,,,,,,,,
29/02/2024 15:30:00,0,,,,,,,,,,,,,,,,,,,
29/02/2024 15:15:00,0,,,,,,,,,,,,,,,,,,,
29/02/2024 15:00:00,0,,,,,,,,,,,,,,,,,,,
29/02/2024 14:45:00,0,,,,,,,,,,,,,,,,,,,
29/02/2024 14:30:00,0,,,,,,,,,,,,,,,,,,,
29/02/2024 14:15:00,0,,,,,,,,,,,,,,,,,,,
29/02/2024 14:00:00,0,,,,,,,,,,,,,,,,,,,
29/02/2024 13:45:00,0,,,,,,,,,,,,,,,,,,,
29/02/2024 13:30:00,0,,,,,,,,,,,,,,,,,,,
29/02/2024 13:15:00,0,,,,,,,,,,,,,,,,,,,
29/02/2024 13:00:00,0,,,,,,,,,,,,,,,,,,,
29/02/2024 12:45:00,0,,,,,,,,,,,,,,,,,,,
29/02/2024 12:30:00,0,,,,,,,,,,,,,,,,,,,
29/02/2024 12:15:00,0,,,,,,,,,,,,,,,,,,,
29/02/2024 12:00:00,0,,,,,,,,,,,,,,,,,,,
29/02/2024 11:45:00,0,,,,,,,,,,,,,,,,,,,
29/02/2024 11:30:00,0,,,,,,,,,,,,,,,,,,,
29/02/2024 11:15:00,0,,,,,,,,,,,,,,,,,,,
29/02/2024 11:00:00,0,,,,,,,,,,,,,,,,,,,
29/02/2024 10:45:00,0,,,,,,,,,,,,,,,,,,,
29/02/2024 10:30:00,0,,,,,,,,,,,,,,,,,,,
29/02/2024 10:15:00,0,,,,,,,,,,,,,,,,,,,
29/02/2024 10:00:00,0,,,,,,,,,,,,,,,,,,,
29/02/2024 09:45:00,0,,,,,,,,,,,,,,,,,,,
29/02/2024 09:30:00,0,,,,,,,,,,,,,,,,,,,
29/02/2024 09:15:00,0,,,,,,,,,,,,,,,,,,,
29/02/2024 09:00:00,0,,,,,,,,,,,,,,,,,,,
29/02/2024 08:45:00,0,,,,,,,,,,,,,,,,,,,
29/02/2024 08:30:00,0,,,,,,,,,,,,,,,,,,,
29/02/2024 08:15:00,0,,,,,,,,,,,,,,,,,,,
29/02/2024 08:00:00,0,,,,,,,,,,,,,,,,,,,
29/02/2024 07:45:00,0,,,,,,,,,,,,,,,,,,,
29/02/2024 07:30:00,0,,,,,,,,,,,,,,,,,,,
29/02/2024 07:15:00,0,,,,,,,,,,,,,,,,,,,
29/02/2024 07:00:00,0,,,,,,,,,,,,,,,,,,,
29/02/2024 06:45:00,0,,,,,,,,,,,,,,,,,,,
29/02/2024 06:30:00,0,,,,,,,,,,,,,,,,,,,
29/02/2024 06:15:00,0,,,,,,,,,,,,,,,,,,,
29/02/2024 06:00:00,0,,,,,,,,,,,,,,,,,,,
29/02/2024 05:45:00,0,,,,,,,,,,,,,,,,,,,
29/02/2024 05:30:00,0,,,,,,,,,,,,,,,,,,,
29/02/2024 05:15:00,0,,,,,,,,,,,,,,,,,,,
29/02/2024 05:00:00,0,,,,,,,,,,,,,,,,,,,
29/02/2024 04:45:00,0,,,,,,,,,,,,,,,,,,,
29/02/2024 04:30:00,0,,,,,,,,,,,,,,,,,,,
29/02/2024 04:15:00,0,,,,,,,,,,,,,,,,,,,
29/02/2024 04:00:00,0,,,,,,,,,,,,,,,,,,,
29/02/2024 03:45:00,0,,,,,,,,,,,,,,,,,,,
29/02/2024 03:30:00,0,,,,,,,,,,,,,,,,,,,
29/02/2024 03:15:00,0,,,,,,,,,,,,,,,,,,,
29/02/2024 03:00:00,0,,,,,,,,,,,,,,,,,,,
29/02/2024 02:45:00,0,,,,,,,,,,,,,,,,,,,
29/02/2024 02:30:00,0,,,,,,,,,,,,,,,,,,,
29/02/2024 02:15:00,0,,,,,,,,,,,,,,,,,,,
29/02/2024 02:00:00,0,,,,,,,,,,,,,,,,,,,
29/02/2024 01:45:00,0,,,,,,,,,,,,,,,,,,,
29/02/2024 01:30:00,0,,,,,,,,,,,,,,,,,,,
29/02/2024 01:15:00,0,,,,,,,,,,,,,,,,,,,
29/02/2024 01:00:00,0,,,,,,,,,,,,,,,,,,,
29/02/2024 00:45:00,0,,,,,,,,,,,,,,,,,,,
29/02/2024 00:30:00,0,,,,,,,,,,,,,,,,,,,
29/02/2024 00:15:00,0,,,,,,,,,,,,,,,,,,,
29/02/2024 00:00:00,0,,,,,,,,,,,,,,,,,,,
28/02/2024 23:45:00,0,,,,,,,,,,,,,,,,,,,
28/02/2024 23:30:00,0,,,,,,,,,,,,,,,,,,,
28/02/2024 23:15:00,0,,,,,,,,,,,,,,,,,,,
28/02/2024 23:00:00,0,,,,,,,,,,,,,,,,,,,
28/02/2024 22:45:00,0,,,,,,,,,,,,,,,,,,,
28/02/2024 22:30:00,0,,,,,,,,,,,,,,,,,,,
28/02/2024 22:15:00,0,,,,,,,,,,,,,,,,,,,
28/02/2024 22:00:00,0,,,,,,,,,,,,,,,,,,,
28/02/2024 21:45:00,0,,,,,,,,,,,,,,,,,,,
28/02/2024 21:30:00,0,,,,,,,,,,,,,,,,,,,
28/02/2024 21:15:00,0,,,,,,,,,,,,,,,,,,,
28/02/2024 21:00:00,0,,,,,,,,,,,,,,,,,,,
28/02/2024 20:45:00,0,,,,,,,,,,,,,,,,,,,
28/02/2024 20:30:00,0,,,,,,,,,,,,,,,,,,,
28/02/2024 20:15:00,0,,,,,,,,,,,,,,,,,,,
28/02/2024 20:00:00,0,,,,,,,,,,,,,,,,,,,
28/02/2024 19:45:00,0,,,,,,,,,,,,,,,,,,,
28/02/2024 19:30:00,0,,,,,,,,,,,,,,,,,,,
28/02/2024 19:15:00,0,,,,,,,,,,,,,,,,,,,
28/02/2024 19:00:00,0,,,,,,,,,,,,,,,,,,,
28/02/2024 18:45:00,0,,,,,,,,,,,,,,,,,,,
28/02/2024 18:30:00,0,,,,,,,,,,,,,,,,,,,
28/02/2024 18:15:00,0,,,,,,,,,,,,,,,,,,,
28/02/2024 18:00:00,0,,,,,,,,,,,,,,,,,,,
28/02/2024 17:45:00,0,,,,,,,,,,,,,,,,,,,
28/02/2024 17:30:00,0,,,,,,,,,,,,,,,,,,,
28/02/2024 17:15:00,0,,,,,,,,,,,,,,,,,,,
28/02/2024 17:00:00,0,,,,,,,,,,,,,,,,,,,
28/02/2024 16:45:00,0,,,,,,,,,,,,,,,,,,,
28/02/2024 16:30:00,0,,,,,,,,,,,,,,,,,,,
28/02/2024 16:15:00,0,,,,,,,,,,,,,,,,,,,
28/02/2024 16:00:00,0,,,,,,,,,,,,,,,,,,,
28/02/2024 15:45:00,0,,,,,,,,,,,,,,,,,,,
28/02/2024 15:30:00,0,,,,,,,,,,,,,,,,,,,
28/02/2024 15:15:00,0,,,,,,,,,,,,,,,,,,,
28/02/2024 15:00:00,0,,,,,,,,,,,,,,,,,,,
28/02/2024 14:45:00,0,,,,,,,,,,,,,,,,,,,
28/02/2024 14:30:00,0,,,,,,,,,,,,,,,,,,,
28/02/2024 14:15:00,0,,,,,,,,,,,,,,,,,,,
28/02/2024 14:00:00,0,,,,,,,,,,,,,,,,,,,
28/02/2024 13:45:00,0,,,,,,,,,,,,,,,,,,,
28/02/2024 13:30:00,0,,,,,,,,,,,,,,,,,,,
28/02/2024 13:15:00,0,,,,,,,,,,,,,,,,,,,
28/02/2024 13:00:00,0,,,,,,,,,,,,,,,,,,,
28/02/2024 12:45:00,0,,,,,,,,,,,,,,,,,,,
28/02/2024 12:30:00,0,,,,,,,,,,,,,,,,,,,
28/02/2024 12:15:00,0,,,,,,,,,,,,,,,,,,,
28/02/2024 12:00:00,0,,,,,,,,,,,,,,,,,,,
28/02/2024 11:45:00,0,,,,,,,,,,,,,,,,,,,
28/02/2024 11:30:00,0,,,,,,,,,,,,,,,,,,,
28/02/2024 11:15:00,0,,,,,,,,,,,,,,,,,,,
28/02/2024 11:00:00,0,,,,,,,,,,,,,,,,,,,
28/02/2024 10:45:00,0,,,,,,,,,,,,,,,,,,,
28/02/2024 10:30:00,0,,,,,,,,,,,,,,,,,,,
28/02/2024 10:15:00,0,,,,,,,,,,,,,,,,,,,
28/02/2024 10:00:00,0,,,,,,,,,,,,,,,,,,,
28/02/2024 09:45:00,0,,,,,,,,,,,,,,,,,,,
28/02/2024 09:30:00,0,,,,,,,,,,,,,,,,,,,
28/02/2024 09:15:00,0,,,,,,,,,,,,,,,,,,,
28/02/2024 09:00:00,0,,,,,,,,,,,,,,,,,,,
28/02/2024 08:45:00,0,,,,,,,,,,,,,,,,,,,
28/02/2024 08:30:00,0,,,,,,,,,,,,,,,,,,,
28/02/2024 08:15:00,0,,,,,,,,,,,,,,,,,,,
28/02/2024 08:00:00,0,,,,,,,,,,,,,,,,,,,
28/02/2024 07:45:00,0,,,,,,,,,,,,,,,,,,,
28/02/2024 07:30:00,0,,,,,,,,,,,,,,,,,,,
28/02/2024 07:15:00,0,,,,,,,,,,,,,,,,,,,
28/02/2024 07:00:00,0,,,,,,,,,,,,,,,,,,,
28/02/2024 06:45:00,0,,,,,,,,,,,,,,,,,,,
28/02/2024 06:30:00,0,,,,,,,,,,,,,,,,,,,
28/02/2024 06:15:00,0,,,,,,,,,,,,,,,,,,,
28/02/2024 06:00:00,0,,,,,,,,,,,,,,,,,,,
28/02/2024 05:45:00,0,,,,,,,,,,,,,,,,,,,
28/02/2024 05:30:00,0,,,,,,,,,,,,,,,,,,,
28/02/2024 05:15:00,0,,,,,,,,,,,,,,,,,,,
28/02/2024 05:00:00,0,,,,,,,,,,,,,,,,,,,
28/02/2024 04:45:00,0,,,,,,,,,,,,,,,,,,,
28/02/2024 04:30:00,0,,,,,,,,,,,,,,,,,,,
28/02/2024 04:15:00,0,,,,,,,,,,,,,,,,,,,
28/02/2024 04:00:00,0,,,,,,,,,,,,,,,,,,,
28/02/2024 03:45:00,0,,,,,,,,,,,,,,,,,,,
28/02/2024 03:30:00,0,,,,,,,,,,,,,,,,,,,
28/02/2024 03:15:00,0,,,,,,,,,,,,,,,,,,,
28/02/2024 03:00:00,0,,,,,,,,,,,,,,,,,,,
28/02/2024 02:45:00,0,,,,,,,,,,,,,,,,,,,
28/02/2024 02:30:00,0,,,,,,,,,,,,,,,,,,,
28/02/2024 02:15:00,0,,,,,,,,,,,,,,,,,,,
28/02/2024 02:00:00,0,,,,,,,,,,,,,,,,,,,
28/02/2024 01:45:00,0,,,,,,,,,,,,,,,,,,,
28/02/2024 01:30:00,0,,,,,,,,,,,,,,,,,,,
28/02/2024 01:15:00,0,,,,,,,,,,,,,,,,,,,
28/02/2024 01:00:00,0,,,,,,,,,,,,,,,,,,,
28/02/2024 00:45:00,0,,,,,,,,,,,,,,,,,,,
28/02/2024 00:30:00,0,,,,,,,,,,,,,,,,,,,
28/02/2024 00:15:00,0,,,,,,,,,,,,,,,,,,,
28/02/2024 00:00:00,0,,,,,,,,,,,,,,,,,,,
27/02/2024 23:45:00,0,,,,,,,,,,,,,,,,,,,
27/02/2024 23:30:00,0,,,,,,,,,,,,,,,,,,,
27/02/2024 23:15:00,0,,,,,,,,,,,,,,,,,,,
27/02/2024 23:00:00,0,,,,,,,,,,,,,,,,,,,
27/02/2024 22:45:00,0,,,,,,,,,,,,,,,,,,,
27/02/2024 22:30:00,0,,,,,,,,,,,,,,,,,,,
27/02/2024 22:15:00,0,,,,,,,,,,,,,,,,,,,
27/02/2024 22:00:00,0,,,,,,,,,,,,,,,,,,,
27/02/2024 21:45:00,0,,,,,,,,,,,,,,,,,,,
27/02/2024 21:30:00,0,,,,,,,,,,,,,,,,,,,
27/02/2024 21:15:00,0,,,,,,,,,,,,,,,,,,,
27/02/2024 21:00:00,0,,,,,,,,,,,,,,,,,,,
27/02/2024 20:45:00,0,,,,,,,,,,,,,,,,,,,
27/02/2024 20:30:00,0,,,,,,,,,,,,,,,,,,,
27/02/2024 20:15:00,0,,,,,,,,,,,,,,,,,,,
27/02/2024 20:00:00,0,,,,,,,,,,,,,,,,,,,
27/02/2024 19:45:00,0,,,,,,,,,,,,,,,,,,,
27/02/2024 19:30:00,0,,,,,,,,,,,,,,,,,,,
27/02/2024 19:15:00,0,,,,,,,,,,,,,,,,,,,
27/02/2024 19:00:00,0,,,,,,,,,,,,,,,,,,,
27/02/2024 18:45:00,0,,,,,,,,,,,,,,,,,,,
27/02/2024 18:30:00,0,,,,,,,,,,,,,,,,,,,
27/02/2024 18:15:00,0,,,,,,,,,,,,,,,,,,,
27/02/2024 18:00:00,0,,,,,,,,,,,,,,,,,,,
27/02/2024 17:45:00,0,,,,,,,,,,,,,,,,,,,
27/02/2024 17:30:00,0,,,,,,,,,,,,,,,,,,,
27/02/2024 17:15:00,0,,,,,,,,,,,,,,,,,,,
27/02/2024 17:00:00,0,,,,,,,,,,,,,,,,,,,
27/02/2024 16:45:00,0,,,,,,,,,,,,,,,,,,,
27/02/2024 16:30:00,0,,,,,,,,,,,,,,,,,,,
27/02/2024 16:15:00,0,,,,,,,,,,,,,,,,,,,
27/02/2024 16:00:00,0,,,,,,,,,,,,,,,,,,,
27/02/2024 15:45:00,0,,,,,,,,,,,,,,,,,,,
27/02/2024 15:30:00,0,,,,,,,,,,,,,,,,,,,
27/02/2024 15:15:00,0,,,,,,,,,,,,,,,,,,,
27/02/2024 15:00:00,0,,,,,,,,,,,,,,,,,,,
27/02/2024 14:45:00,0,,,,,,,,,,,,,,,,,,,
27/02/2024 14:30:00,0,,,,,,,,,,,,,,,,,,,
27/02/2024 14:15:00,0,,,,,,,,,,,,,,,,,,,
27/02/2024 14:00:00,0,,,,,,,,,,,,,,,,,,,
27/02/2024 13:45:00,0,,,,,,,,,,,,,,,,,,,
27/02/2024 13:30:00,0,,,,,,,,,,,,,,,,,,,
27/02/2024 13:15:00,0,,,,,,,,,,,,,,,,,,,
27/02/2024 13:00:00,0,,,,,,,,,,,,,,,,,,,
27/02/2024 12:45:00,0,,,,,,,,,,,,,,,,,,,
27/02/2024 12:30:00,0,,,,,,,,,,,,,,,,,,,
27/02/2024 12:15:00,0,,,,,,,,,,,,,,,,,,,
27/02/2024 12:00:00,0,,,,,,,,,,,,,,,,,,,
27/02/2024 11:45:00,0,,,,,,,,,,,,,,,,,,,
27/02/2024 11:30:00,0,,,,,,,,,,,,,,,,,,,
27/02/2024 11:15:00,0,,,,,,,,,,,,,,,,,,,
27/02/2024 11:00:00,0,,,,,,,,,,,,,,,,,,,
27/02/2024 10:45:00,0,,,,,,,,,,,,,,,,,,,
27/02/2024 10:30:00,0,,,,,,,,,,,,,,,,,,,
27/02/2024 10:15:00,0,,,,,,,,,,,,,,,,,,,
27/02/2024 10:00:00,0,,,,,,,,,,,,,,,,,,,
27/02/2024 09:45:00,0,,,,,,,,,,,,,,,,,,,
27/02/2024 09:30:00,0,,,,,,,,,,,,,,,,,,,
27/02/2024 09:15:00,0,,,,,,,,,,,,,,,,,,,
27/02/2024 09:00:00,0,,,,,,,,,,,,,,,,,,,
27/02/2024 08:45:00,0,,,,,,,,,,,,,,,,,,,
27/02/2024 08:30:00,0,,,,,,,,,,,,,,,,,,,
27/02/2024 08:15:00,0,,,,,,,,,,,,,,,,,,,
27/02/2024 08:00:00,0,,,,,,,,,,,,,,,,,,,
27/02/2024 07:45:00,0,,,,,,,,,,,,,,,,,,,
27/02/2024 07:30:00,0,,,,,,,,,,,,,,,,,,,
27/02/2024 07:15:00,0,,,,,,,,,,,,,,,,,,,
27/02/2024 07:00:00,0,,,,,,,,,,,,,,,,,,,
27/02/2024 06:45:00,0,,,,,,,,,,,,,,,,,,,
27/02/2024 06:30:00,0,,,,,,,,,,,,,,,,,,,
27/02/2024 06:15:00,0,,,,,,,,,,,,,,,,,,,
27/02/2024 06:00:00,0,,,,,,,,,,,,,,,,,,,
27/02/2024 05:45:00,0,,,,,,,,,,,,,,,,,,,
27/02/2024 05:30:00,0,,,,,,,,,,,,,,,,,,,
27/02/2024 05:15:00,0,,,,,,,,,,,,,,,,,,,
27/02/2024 05:00:00,0,,,,,,,,,,,,,,,,,,,
27/02/2024 04:45:00,0,,,,,,,,,,,,,,,,,,,
27/02/2024 04:30:00,0.2,,,,,,,,,,,,,,,,,,,
27/02/2024 04:15:00,0,,,,,,,,,,,,,,,,,,,
27/02/2024 04:00:00,0,,,,,,,,,,,,,,,,,,,
27/02/2024 03:45:00,0,,,,,,,,,,,,,,,,,,,
27/02/2024 03:30:00,0,,,,,,,,,,,,,,,,,,,
27/02/2024 03:15:00,0,,,,,,,,,,,,,,,,,,,
27/02/2024 03:00:00,0,,,,,,,,,,,,,,,,,,,
27/02/2024 02:45:00,0,,,,,,,,,,,,,,,,,,,
27/02/2024 02:30:00,0,,,,,,,,,,,,,,,,,,,
27/02/2024 02:15:00,0,,,,,,,,,,,,,,,,,,,
27/02/2024 02:00:00,0,,,,,,,,,,,,,,,,,,,
27/02/2024 01:45:00,0,,,,,,,,,,,,,,,,,,,
27/02/2024 01:30:00,0,,,,,,,,,,,,,,,,,,,
27/02/2024 01:15:00,0,,,,,,,,,,,,,,,,,,,
27/02/2024 01:00:00,0,,,,,,,,,,,,,,,,,,,
27/02/2024 00:45:00,0,,,,,,,,,,,,,,,,,,,
27/02/2024 00:30:00,0,,,,,,,,,,,,,,,,,,,
27/02/2024 00:15:00,0,,,,,,,,,,,,,,,,,,,
27/02/2024 00:00:00,0,,,,,,,,,,,,,,,,,,,
26/02/2024 23:45:00,0,,,,,,,,,,,,,,,,,,,
26/02/2024 23:30:00,0,,,,,,,,,,,,,,,,,,,
26/02/2024 23:15:00,0,,,,,,,,,,,,,,,,,,,
26/02/2024 23:00:00,0.2,,,,,,,,,,,,,,,,,,,
26/02/2024 22:45:00,1.2,,,,,,,,,,,,,,,,,,,
26/02/2024 22:30:00,0.2,,,,,,,,,,,,,,,,,,,
26/02/2024 22:15:00,0,,,,,,,,,,,,,,,,,,,
26/02/2024 22:00:00,0,,,,,,,,,,,,,,,,,,,
26/02/2024 21:45:00,0,,,,,,,,,,,,,,,,,,,
26/02/2024 21:30:00,0.2,,,,,,,,,,,,,,,,,,,
26/02/2024 21:15:00,0.2,,,,,,,,,,,,,,,,,,,
26/02/2024 21:00:00,0,,,,,,,,,,,,,,,,,,,
26/02/2024 20:45:00,0,,,,,,,,,,,,,,,,,,,
26/02/2024 20:30:00,0,,,,,,,,,,,,,,,,,,,
26/02/2024 20:15:00,0,,,,,,,,,,,,,,,,,,,
26/02/2024 20:00:00,0,,,,,,,,,,,,,,,,,,,
26/02/2024 19:45:00,0.2,,,,,,,,,,,,,,,,,,,
26/02/2024 19:30:00,0,,,,,,,,,,,,,,,,,,,
26/02/2024 19:15:00,0,,,,,,,,,,,,,,,,,,,
26/02/2024 19:00:00,0.2,,,,,,,,,,,,,,,,,,,
26/02/2024 18:45:00,0,,,,,,,,,,,,,,,,,,,
26/02/2024 18:30:00,0,,,,,,,,,,,,,,,,,,,
26/02/2024 18:15:00,0,,,,,,,,,,,,,,,,,,,
26/02/2024 18:00:00,0,,,,,,,,,,,,,,,,,,,
26/02/2024 17:45:00,0,,,,,,,,,,,,,,,,,,,
26/02/2024 17:30:00,0,,,,,,,,,,,,,,,,,,,
26/02/2024 17:15:00,0,,,,,,,,,,,,,,,,,,,
26/02/2024 17:00:00,0,,,,,,,,,,,,,,,,,,,
26/02/2024 16:45:00,0,,,,,,,,,,,,,,,,,,,
26/02/2024 16:30:00,0,,,,,,,,,,,,,,,,,,,
26/02/2024 16:15:00,0,,,,,,,,,,,,,,,,,,,
26/02/2024 16:00:00,0,,,,,,,,,,,,,,,,,,,
26/02/2024 15:45:00,0,,,,,,,,,,,,,,,,,,,
26/02/2024 15:30:00,0,,,,,,,,,,,,,,,,,,,
26/02/2024 15:15:00,0,,,,,,,,,,,,,,,,,,,
26/02/2024 15:00:00,0,,,,,,,,,,,,,,,,,,,
26/02/2024 14:45:00,0,,,,,,,,,,,,,,,,,,,
26/02/2024 14:30:00,0,,,,,,,,,,,,,,,,,,,
26/02/2024 14:15:00,0,,,,,,,,,,,,,,,,,,,
26/02/2024 14:00:00,0.4,,,,,,,,,,,,,,,,,,,
26/02/2024 13:45:00,1.2,,,,,,,,,,,,,,,,,,,
26/02/2024 13:30:00,0,,,,,,,,,,,,,,,,,,,
26/02/2024 13:15:00,0,,,,,,,,,,,,,,,,,,,
26/02/2024 13:00:00,0,,,,,,,,,,,,,,,,,,,
26/02/2024 12:45:00,0,,,,,,,,,,,,,,,,,,,
26/02/2024 12:30:00,0,,,,,,,,,,,,,,,,,,,
26/02/2024 12:15:00,0,,,,,,,,,,,,,,,,,,,
26/02/2024 12:00:00,0,,,,,,,,,,,,,,,,,,,
26/02/2024 11:45:00,0,,,,,,,,,,,,,,,,,,,
26/02/2024 11:30:00,0,,,,,,,,,,,,,,,,,,,
26/02/2024 11:15:00,0.2,,,,,,,,,,,,,,,,,,,
26/02/2024 11:00:00,1.2,,,,,,,,,,,,,,,,,,,
26/02/2024 10:45:00,4.4,,,,,,,,,,,,,,,,,,,
26/02/2024 10:30:00,7.4,,,,,,,,,,,,,,,,,,,
26/02/2024 10:15:00,1.2,,,,,,,,,,,,,,,,,,,
26/02/2024 10:00:00,0.8,,,,,,,,,,,,,,,,,,,
26/02/2024 09:45:00,0,,,,,,,,,,,,,,,,,,,
26/02/2024 09:30:00,0,,,,,,,,,,,,,,,,,,,
26/02/2024 09:15:00,0,,,,,,,,,,,,,,,,,,,
26/02/2024 09:00:00,0,,,,,,,,,,,,,,,,,,,
26/02/2024 08:45:00,0,,,,,,,,,,,,,,,,,,,
26/02/2024 08:30:00,0,,,,,,,,,,,,,,,,,,,
26/02/2024 08:15:00,0,,,,,,,,,,,,,,,,,,,
26/02/2024 08:00:00,0,,,,,,,,,,,,,,,,,,,
26/02/2024 07:45:00,0,,,,,,,,,,,,,,,,,,,
26/02/2024 07:30:00,0,,,,,,,,,,,,,,,,,,,
26/02/2024 07:15:00,0,,,,,,,,,,,,,,,,,,,
26/02/2024 07:00:00,0,,,,,,,,,,,,,,,,,,,
26/02/2024 06:45:00,0,,,,,,,,,,,,,,,,,,,
26/02/2024 06:30:00,0,,,,,,,,,,,,,,,,,,,
26/02/2024 06:15:00,0,,,,,,,,,,,,,,,,,,,
26/02/2024 06:00:00,0,,,,,,,,,,,,,,,,,,,
26/02/2024 05:45:00,0,,,,,,,,,,,,,,,,,,,
26/02/2024 05:30:00,0,,,,,,,,,,,,,,,,,,,
26/02/2024 05:15:00,0,,,,,,,,,,,,,,,,,,,
26/02/2024 05:00:00,0,,,,,,,,,,,,,,,,,,,
26/02/2024 04:45:00,0,,,,,,,,,,,,,,,,,,,
26/02/2024 04:30:00,0,,,,,,,,,,,,,,,,,,,
26/02/2024 04:15:00,0,,,,,,,,,,,,,,,,,,,
26/02/2024 04:00:00,0,,,,,,,,,,,,,,,,,,,
26/02/2024 03:45:00,0,,,,,,,,,,,,,,,,,,,
26/02/2024 03:30:00,0,,,,,,,,,,,,,,,,,,,
26/02/2024 03:15:00,0,,,,,,,,,,,,,,,,,,,
26/02/2024 03:00:00,0,,,,,,,,,,,,,,,,,,,
26/02/2024 02:45:00,0,,,,,,,,,,,,,,,,,,,
26/02/2024 02:30:00,0,,,,,,,,,,,,,,,,,,,
26/02/2024 02:15:00,0,,,,,,,,,,,,,,,,,,,
26/02/2024 02:00:00,0,,,,,,,,,,,,,,,,,,,
26/02/2024 01:45:00,0,,,,,,,,,,,,,,,,,,,
26/02/2024 01:30:00,0,,,,,,,,,,,,,,,,,,,
26/02/2024 01:15:00,0,,,,,,,,,,,,,,,,,,,
26/02/2024 01:00:00,0,,,,,,,,,,,,,,,,,,,
26/02/2024 00:45:00,0,,,,,,,,,,,,,,,,,,,
26/02/2024 00:30:00,0,,,,,,,,,,,,,,,,,,,
26/02/2024 00:15:00,0,,,,,,,,,,,,,,,,,,,
26/02/2024 00:00:00,0,,,,,,,,,,,,,,,,,,,
25/02/2024 23:45:00,0,,,,,,,,,,,,,,,,,,,
25/02/2024 23:30:00,0,,,,,,,,,,,,,,,,,,,
25/02/2024 23:15:00,0,,,,,,,,,,,,,,,,,,,
25/02/2024 23:00:00,0,,,,,,,,,,,,,,,,,,,
25/02/2024 22:45:00,0,,,,,,,,,,,,,,,,,,,
25/02/2024 22:30:00,0,,,,,,,,,,,,,,,,,,,
25/02/2024 22:15:00,0,,,,,,,,,,,,,,,,,,,
25/02/2024 22:00:00,0,,,,,,,,,,,,,,,,,,,
25/02/2024 21:45:00,0,,,,,,,,,,,,,,,,,,,
25/02/2024 21:30:00,0,,,,,,,,,,,,,,,,,,,
25/02/2024 21:15:00,0,,,,,,,,,,,,,,,,,,,
25/02/2024 21:00:00,0,,,,,,,,,,,,,,,,,,,
25/02/2024 20:45:00,0,,,,,,,,,,,,,,,,,,,
25/02/2024 20:30:00,0,,,,,,,,,,,,,,,,,,,
25/02/2024 20:15:00,0,,,,,,,,,,,,,,,,,,,
25/02/2024 20:00:00,0,,,,,,,,,,,,,,,,,,,
25/02/2024 19:45:00,0,,,,,,,,,,,,,,,,,,,
25/02/2024 19:30:00,0,,,,,,,,,,,,,,,,,,,
25/02/2024 19:15:00,0,,,,,,,,,,,,,,,,,,,
25/02/2024 19:00:00,0,,,,,,,,,,,,,,,,,,,
25/02/2024 18:45:00,0,,,,,,,,,,,,,,,,,,,
25/02/2024 18:30:00,0,,,,,,,,,,,,,,,,,,,
25/02/2024 18:15:00,0,,,,,,,,,,,,,,,,,,,
25/02/2024 18:00:00,0,,,,,,,,,,,,,,,,,,,
25/02/2024 17:45:00,0,,,,,,,,,,,,,,,,,,,
25/02/2024 17:30:00,0,,,,,,,,,,,,,,,,,,,
25/02/2024 17:15:00,0,,,,,,,,,,,,,,,,,,,
25/02/2024 17:00:00,0,,,,,,,,,,,,,,,,,,,
25/02/2024 16:45:00,0,,,,,,,,,,,,,,,,,,,
25/02/2024 16:30:00,0,,,,,,,,,,,,,,,,,,,
25/02/2024 16:15:00,0,,,,,,,,,,,,,,,,,,,
25/02/2024 16:00:00,0,,,,,,,,,,,,,,,,,,,
25/02/2024 15:45:00,0,,,,,,,,,,,,,,,,,,,
25/02/2024 15:30:00,0,,,,,,,,,,,,,,,,,,,
25/02/2024 15:15:00,0,,,,,,,,,,,,,,,,,,,
25/02/2024 15:00:00,0,,,,,,,,,,,,,,,,,,,
25/02/2024 14:45:00,0,,,,,,,,,,,,,,,,,,,
25/02/2024 14:30:00,0,,,,,,,,,,,,,,,,,,,
25/02/2024 14:15:00,0,,,,,,,,,,,,,,,,,,,
25/02/2024 14:00:00,0,,,,,,,,,,,,,,,,,,,
25/02/2024 13:45:00,0,,,,,,,,,,,,,,,,,,,
25/02/2024 13:30:00,0,,,,,,,,,,,,,,,,,,,
25/02/2024 13:15:00,0,,,,,,,,,,,,,,,,,,,
25/02/2024 13:00:00,0,,,,,,,,,,,,,,,,,,,
25/02/2024 12:45:00,0,,,,,,,,,,,,,,,,,,,
25/02/2024 12:30:00,0,,,,,,,,,,,,,,,,,,,
25/02/2024 12:15:00,0,,,,,,,,,,,,,,,,,,,
25/02/2024 12:00:00,0,,,,,,,,,,,,,,,,,,,
25/02/2024 11:45:00,0,,,,,,,,,,,,,,,,,,,
25/02/2024 11:30:00,0,,,,,,,,,,,,,,,,,,,
25/02/2024 11:15:00,0,,,,,,,,,,,,,,,,,,,
25/02/2024 11:00:00,0,,,,,,,,,,,,,,,,,,,
25/02/2024 10:45:00,0,,,,,,,,,,,,,,,,,,,
25/02/2024 10:30:00,0,,,,,,,,,,,,,,,,,,,
25/02/2024 10:15:00,0,,,,,,,,,,,,,,,,,,,
25/02/2024 10:00:00,0,,,,,,,,,,,,,,,,,,,
25/02/2024 09:45:00,0,,,,,,,,,,,,,,,,,,,
25/02/2024 09:30:00,0,,,,,,,,,,,,,,,,,,,
25/02/2024 09:15:00,0,,,,,,,,,,,,,,,,,,,
25/02/2024 09:00:00,0,,,,,,,,,,,,,,,,,,,
25/02/2024 08:45:00,0,,,,,,,,,,,,,,,,,,,
25/02/2024 08:30:00,0,,,,,,,,,,,,,,,,,,,
25/02/2024 08:15:00,0,,,,,,,,,,,,,,,,,,,
25/02/2024 08:00:00,0,,,,,,,,,,,,,,,,,,,
25/02/2024 07:45:00,0,,,,,,,,,,,,,,,,,,,
25/02/2024 07:30:00,0,,,,,,,,,,,,,,,,,,,
25/02/2024 07:15:00,0,,,,,,,,,,,,,,,,,,,
25/02/2024 07:00:00,0,,,,,,,,,,,,,,,,,,,
25/02/2024 06:45:00,0,,,,,,,,,,,,,,,,,,,
25/02/2024 06:30:00,0,,,,,,,,,,,,,,,,,,,
25/02/2024 06:15:00,0,,,,,,,,,,,,,,,,,,,
25/02/2024 06:00:00,0,,,,,,,,,,,,,,,,,,,
25/02/2024 05:45:00,0,,,,,,,,,,,,,,,,,,,
25/02/2024 05:30:00,0,,,,,,,,,,,,,,,,,,,
25/02/2024 05:15:00,0,,,,,,,,,,,,,,,,,,,
25/02/2024 05:00:00,0,,,,,,,,,,,,,,,,,,,
25/02/2024 04:45:00,0,,,,,,,,,,,,,,,,,,,
25/02/2024 04:30:00,0,,,,,,,,,,,,,,,,,,,
25/02/2024 04:15:00,0,,,,,,,,,,,,,,,,,,,
25/02/2024 04:00:00,0,,,,,,,,,,,,,,,,,,,
25/02/2024 03:45:00,0,,,,,,,,,,,,,,,,,,,
25/02/2024 03:30:00,0,,,,,,,,,,,,,,,,,,,
25/02/2024 03:15:00,0,,,,,,,,,,,,,,,,,,,
25/02/2024 03:00:00,0,,,,,,,,,,,,,,,,,,,
25/02/2024 02:45:00,0,,,,,,,,,,,,,,,,,,,
25/02/2024 02:30:00,0,,,,,,,,,,,,,,,,,,,
25/02/2024 02:15:00,0,,,,,,,,,,,,,,,,,,,
25/02/2024 02:00:00,0,,,,,,,,,,,,,,,,,,,
25/02/2024 01:45:00,0,,,,,,,,,,,,,,,,,,,
25/02/2024 01:30:00,0,,,,,,,,,,,,,,,,,,,
25/02/2024 01:15:00,0,,,,,,,,,,,,,,,,,,,
25/02/2024 01:00:00,0,,,,,,,,,,,,,,,,,,,
25/02/2024 00:45:00,0,,,,,,,,,,,,,,,,,,,
25/02/2024 00:30:00,0,,,,,,,,,,,,,,,,,,,
25/02/2024 00:15:00,0,,,,,,,,,,,,,,,,,,,
25/02/2024 00:00:00,0,,,,,,,,,,,,,,,,,,,
24/02/2024 23:45:00,0,,,,,,,,,,,,,,,,,,,
24/02/2024 23:30:00,0,,,,,,,,,,,,,,,,,,,
24/02/2024 23:15:00,0,,,,,,,,,,,,,,,,,,,
24/02/2024 23:00:00,0,,,,,,,,,,,,,,,,,,,
24/02/2024 22:45:00,0,,,,,,,,,,,,,,,,,,,
24/02/2024 22:30:00,0,,,,,,,,,,,,,,,,,,,
24/02/2024 22:15:00,0,,,,,,,,,,,,,,,,,,,
24/02/2024 22:00:00,0,,,,,,,,,,,,,,,,,,,
24/02/2024 21:45:00,0,,,,,,,,,,,,,,,,,,,
24/02/2024 21:30:00,0,,,,,,,,,,,,,,,,,,,
24/02/2024 21:15:00,0,,,,,,,,,,,,,,,,,,,
24/02/2024 21:00:00,0,,,,,,,,,,,,,,,,,,,
24/02/2024 20:45:00,0,,,,,,,,,,,,,,,,,,,
24/02/2024 20:30:00,0,,,,,,,,,,,,,,,,,,,
24/02/2024 20:15:00,0,,,,,,,,,,,,,,,,,,,
24/02/2024 20:00:00,0,,,,,,,,,,,,,,,,,,,
24/02/2024 19:45:00,0,,,,,,,,,,,,,,,,,,,
24/02/2024 19:30:00,0,,,,,,,,,,,,,,,,,,,
24/02/2024 19:15:00,0,,,,,,,,,,,,,,,,,,,
24/02/2024 19:00:00,0,,,,,,,,,,,,,,,,,,,
24/02/2024 18:45:00,0,,,,,,,,,,,,,,,,,,,
24/02/2024 18:30:00,0,,,,,,,,,,,,,,,,,,,
24/02/2024 18:15:00,0,,,,,,,,,,,,,,,,,,,
24/02/2024 18:00:00,0,,,,,,,,,,,,,,,,,,,
24/02/2024 17:45:00,0,,,,,,,,,,,,,,,,,,,
24/02/2024 17:30:00,0,,,,,,,,,,,,,,,,,,,
24/02/2024 17:15:00,0,,,,,,,,,,,,,,,,,,,
24/02/2024 17:00:00,0,,,,,,,,,,,,,,,,,,,
24/02/2024 16:45:00,0,,,,,,,,,,,,,,,,,,,
24/02/2024 16:30:00,0,,,,,,,,,,,,,,,,,,,
24/02/2024 16:15:00,0,,,,,,,,,,,,,,,,,,,
24/02/2024 16:00:00,0,,,,,,,,,,,,,,,,,,,
24/02/2024 15:45:00,0,,,,,,,,,,,,,,,,,,,
24/02/2024 15:30:00,0,,,,,,,,,,,,,,,,,,,
24/02/2024 15:15:00,0,,,,,,,,,,,,,,,,,,,
24/02/2024 15:00:00,0,,,,,,,,,,,,,,,,,,,
24/02/2024 14:45:00,0,,,,,,,,,,,,,,,,,,,
24/02/2024 14:30:00,0,,,,,,,,,,,,,,,,,,,
24/02/2024 14:15:00,0,,,,,,,,,,,,,,,,,,,
24/02/2024 14:00:00,0,,,,,,,,,,,,,,,,,,,
24/02/2024 13:45:00,0,,,,,,,,,,,,,,,,,,,
24/02/2024 13:30:00,0,,,,,,,,,,,,,,,,,,,
24/02/2024 13:15:00,0,,,,,,,,,,,,,,,,,,,
24/02/2024 13:00:00,0,,,,,,,,,,,,,,,,,,,
24/02/2024 12:45:00,0,,,,,,,,,,,,,,,,,,,
24/02/2024 12:30:00,0,,,,,,,,,,,,,,,,,,,
24/02/2024 12:15:00,0,,,,,,,,,,,,,,,,,,,
24/02/2024 12:00:00,0,,,,,,,,,,,,,,,,,,,
24/02/2024 11:45:00,0,,,,,,,,,,,,,,,,,,,
24/02/2024 11:30:00,0,,,,,,,,,,,,,,,,,,,
24/02/2024 11:15:00,0,,,,,,,,,,,,,,,,,,,
24/02/2024 11:00:00,0,,,,,,,,,,,,,,,,,,,
24/02/2024 10:45:00,0,,,,,,,,,,,,,,,,,,,
24/02/2024 10:30:00,0,,,,,,,,,,,,,,,,,,,
24/02/2024 10:15:00,0,,,,,,,,,,,,,,,,,,,
24/02/2024 10:00:00,0,,,,,,,,,,,,,,,,,,,
24/02/2024 09:45:00,0,,,,,,,,,,,,,,,,,,,
24/02/2024 09:30:00,0,,,,,,,,,,,,,,,,,,,
24/02/2024 09:15:00,0,,,,,,,,,,,,,,,,,,,
24/02/2024 09:00:00,0,,,,,,,,,,,,,,,,,,,
24/02/2024 08:45:00,0,,,,,,,,,,,,,,,,,,,
24/02/2024 08:30:00,0,,,,,,,,,,,,,,,,,,,
24/02/2024 08:15:00,0,,,,,,,,,,,,,,,,,,,
24/02/2024 08:00:00,0,,,,,,,,,,,,,,,,,,,
24/02/2024 07:45:00,0,,,,,,,,,,,,,,,,,,,
24/02/2024 07:30:00,0,,,,,,,,,,,,,,,,,,,
24/02/2024 07:15:00,0,,,,,,,,,,,,,,,,,,,
24/02/2024 07:00:00,0,,,,,,,,,,,,,,,,,,,
24/02/2024 06:45:00,0,,,,,,,,,,,,,,,,,,,
24/02/2024 06:30:00,0,,,,,,,,,,,,,,,,,,,
24/02/2024 06:15:00,0,,,,,,,,,,,,,,,,,,,
24/02/2024 06:00:00,0,,,,,,,,,,,,,,,,,,,
24/02/2024 05:45:00,0,,,,,,,,,,,,,,,,,,,
24/02/2024 05:30:00,0,,,,,,,,,,,,,,,,,,,
24/02/2024 05:15:00,0,,,,,,,,,,,,,,,,,,,
24/02/2024 05:00:00,0,,,,,,,,,,,,,,,,,,,
24/02/2024 04:45:00,0,,,,,,,,,,,,,,,,,,,
24/02/2024 04:30:00,0,,,,,,,,,,,,,,,,,,,
24/02/2024 04:15:00,0,,,,,,,,,,,,,,,,,,,
24/02/2024 04:00:00,0,,,,,,,,,,,,,,,,,,,
24/02/2024 03:45:00,0,,,,,,,,,,,,,,,,,,,
24/02/2024 03:30:00,0,,,,,,,,,,,,,,,,,,,
24/02/2024 03:15:00,0,,,,,,,,,,,,,,,,,,,
24/02/2024 03:00:00,0,,,,,,,,,,,,,,,,,,,
24/02/2024 02:45:00,0,,,,,,,,,,,,,,,,,,,
24/02/2024 02:30:00,0,,,,,,,,,,,,,,,,,,,
24/02/2024 02:15:00,0,,,,,,,,,,,,,,,,,,,
24/02/2024 02:00:00,0,,,,,,,,,,,,,,,,,,,
24/02/2024 01:45:00,0,,,,,,,,,,,,,,,,,,,
24/02/2024 01:30:00,0,,,,,,,,,,,,,,,,,,,
24/02/2024 01:15:00,0,,,,,,,,,,,,,,,,,,,
24/02/2024 01:00:00,0,,,,,,,,,,,,,,,,,,,
24/02/2024 00:45:00,0,,,,,,,,,,,,,,,,,,,
24/02/2024 00:30:00,0,,,,,,,,,,,,,,,,,,,
24/02/2024 00:15:00,0,,,,,,,,,,,,,,,,,,,
24/02/2024 00:00:00,0,,,,,,,,,,,,,,,,,,,
23/02/2024 23:45:00,0,,,,,,,,,,,,,,,,,,,
23/02/2024 23:30:00,0,,,,,,,,,,,,,,,,,,,
23/02/2024 23:15:00,0,,,,,,,,,,,,,,,,,,,
23/02/2024 23:00:00,0,,,,,,,,,,,,,,,,,,,
23/02/2024 22:45:00,0,,,,,,,,,,,,,,,,,,,
23/02/2024 22:30:00,0,,,,,,,,,,,,,,,,,,,
23/02/2024 22:15:00,0,,,,,,,,,,,,,,,,,,,
23/02/2024 22:00:00,0,,,,,,,,,,,,,,,,,,,
23/02/2024 21:45:00,0,,,,,,,,,,,,,,,,,,,
23/02/2024 21:30:00,0,,,,,,,,,,,,,,,,,,,
23/02/2024 21:15:00,0,,,,,,,,,,,,,,,,,,,
23/02/2024 21:00:00,0,,,,,,,,,,,,,,,,,,,
23/02/2024 20:45:00,0,,,,,,,,,,,,,,,,,,,
23/02/2024 20:30:00,0,,,,,,,,,,,,,,,,,,,
23/02/2024 20:15:00,0,,,,,,,,,,,,,,,,,,,
23/02/2024 20:00:00,0,,,,,,,,,,,,,,,,,,,
23/02/2024 19:45:00,0,,,,,,,,,,,,,,,,,,,
23/02/2024 19:30:00,0,,,,,,,,,,,,,,,,,,,
23/02/2024 19:15:00,0,,,,,,,,,,,,,,,,,,,
23/02/2024 19:00:00,0,,,,,,,,,,,,,,,,,,,
23/02/2024 18:45:00,0,,,,,,,,,,,,,,,,,,,
23/02/2024 18:30:00,0,,,,,,,,,,,,,,,,,,,
23/02/2024 18:15:00,0,,,,,,,,,,,,,,,,,,,
23/02/2024 18:00:00,0,,,,,,,,,,,,,,,,,,,
23/02/2024 17:45:00,0,,,,,,,,,,,,,,,,,,,
23/02/2024 17:30:00,0,,,,,,,,,,,,,,,,,,,
23/02/2024 17:15:00,0,,,,,,,,,,,,,,,,,,,
23/02/2024 17:00:00,0,,,,,,,,,,,,,,,,,,,
23/02/2024 16:45:00,0,,,,,,,,,,,,,,,,,,,
23/02/2024 16:30:00,0,,,,,,,,,,,,,,,,,,,
23/02/2024 16:15:00,0,,,,,,,,,,,,,,,,,,,
23/02/2024 16:00:00,0,,,,,,,,,,,,,,,,,,,
23/02/2024 15:45:00,0,,,,,,,,,,,,,,,,,,,
23/02/2024 15:30:00,0,,,,,,,,,,,,,,,,,,,
23/02/2024 15:15:00,0,,,,,,,,,,,,,,,,,,,
23/02/2024 15:00:00,0,,,,,,,,,,,,,,,,,,,
23/02/2024 14:45:00,0,,,,,,,,,,,,,,,,,,,
23/02/2024 14:30:00,0,,,,,,,,,,,,,,,,,,,
23/02/2024 14:15:00,0,,,,,,,,,,,,,,,,,,,
23/02/2024 14:00:00,0,,,,,,,,,,,,,,,,,,,
23/02/2024 13:45:00,0,,,,,,,,,,,,,,,,,,,
23/02/2024 13:30:00,0,,,,,,,,,,,,,,,,,,,
23/02/2024 13:15:00,0,,,,,,,,,,,,,,,,,,,
23/02/2024 13:00:00,0,,,,,,,,,,,,,,,,,,,
23/02/2024 12:45:00,0,,,,,,,,,,,,,,,,,,,
23/02/2024 12:30:00,0,,,,,,,,,,,,,,,,,,,
23/02/2024 12:15:00,0,,,,,,,,,,,,,,,,,,,
23/02/2024 12:00:00,0,,,,,,,,,,,,,,,,,,,
23/02/2024 11:45:00,0,,,,,,,,,,,,,,,,,,,
23/02/2024 11:30:00,0,,,,,,,,,,,,,,,,,,,
23/02/2024 11:15:00,0,,,,,,,,,,,,,,,,,,,
23/02/2024 11:00:00,0,,,,,,,,,,,,,,,,,,,
23/02/2024 10:45:00,0,,,,,,,,,,,,,,,,,,,
23/02/2024 10:30:00,0,,,,,,,,,,,,,,,,,,,
23/02/2024 10:15:00,0,,,,,,,,,,,,,,,,,,,
23/02/2024 10:00:00,0,,,,,,,,,,,,,,,,,,,
23/02/2024 09:45:00,0,,,,,,,,,,,,,,,,,,,
23/02/2024 09:30:00,0,,,,,,,,,,,,,,,,,,,
23/02/2024 09:15:00,0,,,,,,,,,,,,,,,,,,,
23/02/2024 09:00:00,0,,,,,,,,,,,,,,,,,,,
23/02/2024 08:45:00,0,,,,,,,,,,,,,,,,,,,
23/02/2024 08:30:00,0,,,,,,,,,,,,,,,,,,,
23/02/2024 08:15:00,0,,,,,,,,,,,,,,,,,,,
23/02/2024 08:00:00,0,,,,,,,,,,,,,,,,,,,
23/02/2024 07:45:00,0,,,,,,,,,,,,,,,,,,,
23/02/2024 07:30:00,0,,,,,,,,,,,,,,,,,,,
23/02/2024 07:15:00,0,,,,,,,,,,,,,,,,,,,
23/02/2024 07:00:00,0,,,,,,,,,,,,,,,,,,,
23/02/2024 06:45:00,0,,,,,,,,,,,,,,,,,,,
23/02/2024 06:30:00,0,,,,,,,,,,,,,,,,,,,
23/02/2024 06:15:00,0,,,,,,,,,,,,,,,,,,,
23/02/2024 06:00:00,0,,,,,,,,,,,,,,,,,,,
23/02/2024 05:45:00,0,,,,,,,,,,,,,,,,,,,
23/02/2024 05:30:00,0,,,,,,,,,,,,,,,,,,,
23/02/2024 05:15:00,0,,,,,,,,,,,,,,,,,,,
23/02/2024 05:00:00,0,,,,,,,,,,,,,,,,,,,
23/02/2024 04:45:00,0,,,,,,,,,,,,,,,,,,,
23/02/2024 04:30:00,0,,,,,,,,,,,,,,,,,,,
23/02/2024 04:15:00,0,,,,,,,,,,,,,,,,,,,
23/02/2024 04:00:00,0,,,,,,,,,,,,,,,,,,,
23/02/2024 03:45:00,0,,,,,,,,,,,,,,,,,,,
23/02/2024 03:30:00,0,,,,,,,,,,,,,,,,,,,
23/02/2024 03:15:00,0,,,,,,,,,,,,,,,,,,,
23/02/2024 03:00:00,0,,,,,,,,,,,,,,,,,,,
23/02/2024 02:45:00,0,,,,,,,,,,,,,,,,,,,
23/02/2024 02:30:00,0,,,,,,,,,,,,,,,,,,,
23/02/2024 02:15:00,0,,,,,,,,,,,,,,,,,,,
23/02/2024 02:00:00,0,,,,,,,,,,,,,,,,,,,
23/02/2024 01:45:00,0,,,,,,,,,,,,,,,,,,,
23/02/2024 01:30:00,0,,,,,,,,,,,,,,,,,,,
23/02/2024 01:15:00,0,,,,,,,,,,,,,,,,,,,
23/02/2024 01:00:00,0,,,,,,,,,,,,,,,,,,,
23/02/2024 00:45:00,0,,,,,,,,,,,,,,,,,,,
23/02/2024 00:30:00,0,,,,,,,,,,,,,,,,,,,
23/02/2024 00:15:00,0,,,,,,,,,,,,,,,,,,,
23/02/2024 00:00:00,0,,,,,,,,,,,,,,,,,,,
22/02/2024 23:45:00,0,,,,,,,,,,,,,,,,,,,
22/02/2024 23:30:00,0,,,,,,,,,,,,,,,,,,,
22/02/2024 23:15:00,0,,,,,,,,,,,,,,,,,,,
22/02/2024 23:00:00,0,,,,,,,,,,,,,,,,,,,
22/02/2024 22:45:00,0,,,,,,,,,,,,,,,,,,,
22/02/2024 22:30:00,0,,,,,,,,,,,,,,,,,,,
22/02/2024 22:15:00,0,,,,,,,,,,,,,,,,,,,
22/02/2024 22:00:00,0,,,,,,,,,,,,,,,,,,,
22/02/2024 21:45:00,0,,,,,,,,,,,,,,,,,,,
22/02/2024 21:30:00,0,,,,,,,,,,,,,,,,,,,
22/02/2024 21:15:00,0,,,,,,,,,,,,,,,,,,,
22/02/2024 21:00:00,0,,,,,,,,,,,,,,,,,,,
22/02/2024 20:45:00,0,,,,,,,,,,,,,,,,,,,
22/02/2024 20:30:00,0,,,,,,,,,,,,,,,,,,,
22/02/2024 20:15:00,0,,,,,,,,,,,,,,,,,,,
22/02/2024 20:00:00,0,,,,,,,,,,,,,,,,,,,
22/02/2024 19:45:00,0,,,,,,,,,,,,,,,,,,,
22/02/2024 19:30:00,0,,,,,,,,,,,,,,,,,,,
22/02/2024 19:15:00,0,,,,,,,,,,,,,,,,,,,
22/02/2024 19:00:00,0,,,,,,,,,,,,,,,,,,,
22/02/2024 18:45:00,0,,,,,,,,,,,,,,,,,,,
22/02/2024 18:30:00,0,,,,,,,,,,,,,,,,,,,
22/02/2024 18:15:00,0,,,,,,,,,,,,,,,,,,,
22/02/2024 18:00:00,0,,,,,,,,,,,,,,,,,,,
22/02/2024 17:45:00,0,,,,,,,,,,,,,,,,,,,
22/02/2024 17:30:00,0,,,,,,,,,,,,,,,,,,,
22/02/2024 17:15:00,0,,,,,,,,,,,,,,,,,,,
22/02/2024 17:00:00,0,,,,,,,,,,,,,,,,,,,
22/02/2024 16:45:00,0,,,,,,,,,,,,,,,,,,,
22/02/2024 16:30:00,0,,,,,,,,,,,,,,,,,,,
22/02/2024 16:15:00,0,,,,,,,,,,,,,,,,,,,
22/02/2024 16:00:00,0,,,,,,,,,,,,,,,,,,,
22/02/2024 15:45:00,0,,,,,,,,,,,,,,,,,,,
22/02/2024 15:30:00,0,,,,,,,,,,,,,,,,,,,
22/02/2024 15:15:00,0,,,,,,,,,,,,,,,,,,,
22/02/2024 15:00:00,0,,,,,,,,,,,,,,,,,,,
22/02/2024 14:45:00,0,,,,,,,,,,,,,,,,,,,
22/02/2024 14:30:00,0,,,,,,,,,,,,,,,,,,,
22/02/2024 14:15:00,0,,,,,,,,,,,,,,,,,,,
22/02/2024 14:00:00,0,,,,,,,,,,,,,,,,,,,
22/02/2024 13:45:00,0,,,,,,,,,,,,,,,,,,,
22/02/2024 13:30:00,0,,,,,,,,,,,,,,,,,,,
22/02/2024 13:15:00,0,,,,,,,,,,,,,,,,,,,
22/02/2024 13:00:00,0,,,,,,,,,,,,,,,,,,,
22/02/2024 12:45:00,0,,,,,,,,,,,,,,,,,,,
22/02/2024 12:30:00,0,,,,,,,,,,,,,,,,,,,
22/02/2024 12:15:00,0,,,,,,,,,,,,,,,,,,,
22/02/2024 12:00:00,0,,,,,,,,,,,,,,,,,,,
22/02/2024 11:45:00,0,,,,,,,,,,,,,,,,,,,
22/02/2024 11:30:00,0,,,,,,,,,,,,,,,,,,,
22/02/2024 11:15:00,0,,,,,,,,,,,,,,,,,,,
22/02/2024 11:00:00,0,,,,,,,,,,,,,,,,,,,
22/02/2024 10:45:00,0,,,,,,,,,,,,,,,,,,,
22/02/2024 10:30:00,0,,,,,,,,,,,,,,,,,,,
22/02/2024 10:15:00,0,,,,,,,,,,,,,,,,,,,
22/02/2024 10:00:00,0,,,,,,,,,,,,,,,,,,,
22/02/2024 09:45:00,0,,,,,,,,,,,,,,,,,,,
22/02/2024 09:30:00,0,,,,,,,,,,,,,,,,,,,
22/02/2024 09:15:00,0,,,,,,,,,,,,,,,,,,,
22/02/2024 09:00:00,0,,,,,,,,,,,,,,,,,,,
22/02/2024 08:45:00,0,,,,,,,,,,,,,,,,,,,
22/02/2024 08:30:00,0,,,,,,,,,,,,,,,,,,,
22/02/2024 08:15:00,0,,,,,,,,,,,,,,,,,,,
22/02/2024 08:00:00,0,,,,,,,,,,,,,,,,,,,
22/02/2024 07:45:00,0,,,,,,,,,,,,,,,,,,,
22/02/2024 07:30:00,0,,,,,,,,,,,,,,,,,,,
22/02/2024 07:15:00,0,,,,,,,,,,,,,,,,,,,
22/02/2024 07:00:00,0,,,,,,,,,,,,,,,,,,,
22/02/2024 06:45:00,0,,,,,,,,,,,,,,,,,,,
22/02/2024 06:30:00,0,,,,,,,,,,,,,,,,,,,
22/02/2024 06:15:00,0,,,,,,,,,,,,,,,,,,,
22/02/2024 06:00:00,0,,,,,,,,,,,,,,,,,,,
22/02/2024 05:45:00,0,,,,,,,,,,,,,,,,,,,
22/02/2024 05:30:00,0,,,,,,,,,,,,,,,,,,,
22/02/2024 05:15:00,0,,,,,,,,,,,,,,,,,,,
22/02/2024 05:00:00,0,,,,,,,,,,,,,,,,,,,
22/02/2024 04:45:00,0,,,,,,,,,,,,,,,,,,,
22/02/2024 04:30:00,0,,,,,,,,,,,,,,,,,,,
22/02/2024 04:15:00,0,,,,,,,,,,,,,,,,,,,
22/02/2024 04:00:00,0,,,,,,,,,,,,,,,,,,,
22/02/2024 03:45:00,0,,,,,,,,,,,,,,,,,,,
22/02/2024 03:30:00,0,,,,,,,,,,,,,,,,,,,
22/02/2024 03:15:00,0,,,,,,,,,,,,,,,,,,,
22/02/2024 03:00:00,0,,,,,,,,,,,,,,,,,,,
22/02/2024 02:45:00,0,,,,,,,,,,,,,,,,,,,
22/02/2024 02:30:00,0,,,,,,,,,,,,,,,,,,,
22/02/2024 02:15:00,0,,,,,,,,,,,,,,,,,,,
22/02/2024 02:00:00,0,,,,,,,,,,,,,,,,,,,
22/02/2024 01:45:00,0,,,,,,,,,,,,,,,,,,,
22/02/2024 01:30:00,0,,,,,,,,,,,,,,,,,,,
22/02/2024 01:15:00,0,,,,,,,,,,,,,,,,,,,
22/02/2024 01:00:00,0,,,,,,,,,,,,,,,,,,,
22/02/2024 00:45:00,0,,,,,,,,,,,,,,,,,,,
22/02/2024 00:30:00,0,,,,,,,,,,,,,,,,,,,
22/02/2024 00:15:00,0,,,,,,,,,,,,,,,,,,,
22/02/2024 00:00:00,0,,,,,,,,,,,,,,,,,,,
21/02/2024 23:45:00,0,,,,,,,,,,,,,,,,,,,
21/02/2024 23:30:00,0,,,,,,,,,,,,,,,,,,,
21/02/2024 23:15:00,0,,,,,,,,,,,,,,,,,,,
21/02/2024 23:00:00,0,,,,,,,,,,,,,,,,,,,
21/02/2024 22:45:00,0,,,,,,,,,,,,,,,,,,,
21/02/2024 22:30:00,0,,,,,,,,,,,,,,,,,,,
21/02/2024 22:15:00,0,,,,,,,,,,,,,,,,,,,
21/02/2024 22:00:00,0,,,,,,,,,,,,,,,,,,,
21/02/2024 21:45:00,0,,,,,,,,,,,,,,,,,,,
21/02/2024 21:30:00,0,,,,,,,,,,,,,,,,,,,
21/02/2024 21:15:00,0,,,,,,,,,,,,,,,,,,,
21/02/2024 21:00:00,0,,,,,,,,,,,,,,,,,,,
21/02/2024 20:45:00,0,,,,,,,,,,,,,,,,,,,
21/02/2024 20:30:00,0,,,,,,,,,,,,,,,,,,,
21/02/2024 20:15:00,0,,,,,,,,,,,,,,,,,,,
21/02/2024 20:00:00,0,,,,,,,,,,,,,,,,,,,
21/02/2024 19:45:00,0,,,,,,,,,,,,,,,,,,,
21/02/2024 19:30:00,0,,,,,,,,,,,,,,,,,,,
21/02/2024 19:15:00,0,,,,,,,,,,,,,,,,,,,
21/02/2024 19:00:00,0,,,,,,,,,,,,,,,,,,,
21/02/2024 18:45:00,0,,,,,,,,,,,,,,,,,,,
21/02/2024 18:30:00,0,,,,,,,,,,,,,,,,,,,
21/02/2024 18:15:00,0,,,,,,,,,,,,,,,,,,,
21/02/2024 18:00:00,0,,,,,,,,,,,,,,,,,,,
21/02/2024 17:45:00,0,,,,,,,,,,,,,,,,,,,
21/02/2024 17:30:00,0,,,,,,,,,,,,,,,,,,,
21/02/2024 17:15:00,0,,,,,,,,,,,,,,,,,,,
21/02/2024 17:00:00,0,,,,,,,,,,,,,,,,,,,
21/02/2024 16:45:00,0,,,,,,,,,,,,,,,,,,,
21/02/2024 16:30:00,0,,,,,,,,,,,,,,,,,,,
21/02/2024 16:15:00,0,,,,,,,,,,,,,,,,,,,
21/02/2024 16:00:00,0,,,,,,,,,,,,,,,,,,,
21/02/2024 15:45:00,0,,,,,,,,,,,,,,,,,,,
21/02/2024 15:30:00,0,,,,,,,,,,,,,,,,,,,
21/02/2024 15:15:00,0,,,,,,,,,,,,,,,,,,,
21/02/2024 15:00:00,0,,,,,,,,,,,,,,,,,,,
21/02/2024 14:45:00,0,,,,,,,,,,,,,,,,,,,
21/02/2024 14:30:00,0,,,,,,,,,,,,,,,,,,,
21/02/2024 14:15:00,0,,,,,,,,,,,,,,,,,,,
21/02/2024 14:00:00,0,,,,,,,,,,,,,,,,,,,
21/02/2024 13:45:00,0,,,,,,,,,,,,,,,,,,,
21/02/2024 13:30:00,0,,,,,,,,,,,,,,,,,,,
21/02/2024 13:15:00,0,,,,,,,,,,,,,,,,,,,
21/02/2024 13:00:00,0,,,,,,,,,,,,,,,,,,,
21/02/2024 12:45:00,0,,,,,,,,,,,,,,,,,,,
21/02/2024 12:30:00,0,,,,,,,,,,,,,,,,,,,
21/02/2024 12:15:00,0,,,,,,,,,,,,,,,,,,,
21/02/2024 12:00:00,0,,,,,,,,,,,,,,,,,,,
21/02/2024 11:45:00,0,,,,,,,,,,,,,,,,,,,
21/02/2024 11:30:00,0,,,,,,,,,,,,,,,,,,,
21/02/2024 11:15:00,0,,,,,,,,,,,,,,,,,,,
21/02/2024 11:00:00,0,,,,,,,,,,,,,,,,,,,
21/02/2024 10:45:00,0,,,,,,,,,,,,,,,,,,,
21/02/2024 10:30:00,0,,,,,,,,,,,,,,,,,,,
21/02/2024 10:15:00,0,,,,,,,,,,,,,,,,,,,
21/02/2024 10:00:00,0,,,,,,,,,,,,,,,,,,,
21/02/2024 09:45:00,0,,,,,,,,,,,,,,,,,,,
21/02/2024 09:30:00,0,303.46,,,,,,,,,,,,,,,,,,
21/02/2024 09:15:00,0,303.47,,,,,,,,,,,,,,,,,,
21/02/2024 09:00:00,0,304.47,,,,,,,,,,,,,,,,,,
21/02/2024 08:45:00,0,307.48,,,,,,,,,,,,,,,,,,
21/02/2024 08:30:00,0,307.49,,,,,,,,,,,,,,,,,,
21/02/2024 08:15:00,0,307.5,,,,,,,,,,,,,,,,,,
21/02/2024 08:00:00,0,307.51,,,,,,,,,,,,,,,,,,
21/02/2024 07:45:00,0,307.51,,,,,,,,,,,,,,,,,,
21/02/2024 07:30:00,0,308.52,,,,,,,,,,,,,,,,,,
21/02/2024 07:15:00,0,308.53,,,,,,,,,,,,,,,,,,
21/02/2024 07:00:00,0,309.54,,,,,,,,,,,,,,,,,,
21/02/2024 06:45:00,0,309.54,,,,,,,,,,,,,,,,,,
21/02/2024 06:30:00,0,308.55,,,,,,,,,,,,,,,,,,
21/02/2024 06:15:00,0,309.56,,,,,,,,,,,,,,,,,,
21/02/2024 06:00:00,0,309.57,,,,,,,,,,,,,,,,,,
21/02/2024 05:45:00,0,309.57,,,,,,,,,,,,,,,,,,
21/02/2024 05:30:00,0,309.58,,,,,,,,,,,,,,,,,,
21/02/2024 05:15:00,0,309.59,,,,,,,,,,,,,,,,,,
21/02/2024 05:00:00,0,309.6,,,,,,,,,,,,,,,,,,
21/02/2024 04:45:00,0,309.61,,,,,,,,,,,,,,,,,,
21/02/2024 04:30:00,0,309.61,,,,,,,,,,,,,,,,,,
21/02/2024 04:15:00,0,309.62,,,,,,,,,,,,,,,,,,
21/02/2024 04:00:00,0,309.63,,,,,,,,,,,,,,,,,,
21/02/2024 03:45:00,0,309.64,,,,,,,,,,,,,,,,,,
21/02/2024 03:30:00,0,308.64,,,,,,,,,,,,,,,,,,
21/02/2024 03:15:00,0,309.65,,,,,,,,,,,,,,,,,,
21/02/2024 03:00:00,0,308.66,,,,,,,,,,,,,,,,,,
21/02/2024 02:45:00,0,309.67,,,,,,,,,,,,,,,,,,
21/02/2024 02:30:00,0,309.68,,,,,,,,,,,,,,,,,,
21/02/2024 02:15:00,0,308.68,,,,,,,,,,,,,,,,,,
21/02/2024 02:00:00,0,308.69,,,,,,,,,,,,,,,,,,
21/02/2024 01:45:00,0,309.7,,,,,,,,,,,,,,,,,,
21/02/2024 01:30:00,0,307.71,,,,,,,,,,,,,,,,,,
21/02/2024 01:15:00,0,308.71,,,,,,,,,,,,,,,,,,
21/02/2024 01:00:00,0,309.72,,,,,,,,,,,,,,,,,,
21/02/2024 00:45:00,0,309.73,,,,,,,,,,,,,,,,,,
21/02/2024 00:30:00,0,309.74,,,,,,,,,,,,,,,,,,
21/02/2024 00:15:00,0,309.74,,,,,,,,,,,,,,,,,,
21/02/2024 00:00:00,0,308.75,,,,,,,,,,,,,,,,,,
20/02/2024 23:45:00,0,308.76,,,,,,,,,,,,,,,,,,
20/02/2024 23:30:00,0,305.77,,,,,,,,,,,,,,,,,,
20/02/2024 23:15:00,0,307.78,,,,,,,,,,,,,,,,,,
20/02/2024 23:00:00,0,306.78,,,,,,,,,,,,,,,,,,
20/02/2024 22:45:00,0,306.79,,,,,,,,,,,,,,,,,,
20/02/2024 22:30:00,0,306.8,,,,,,,,,,,,,,,,,,
20/02/2024 22:15:00,0,304.81,,,,,,,,,,,,,,,,,,
20/02/2024 22:00:00,0,305.81,,,,,,,,,,,,,,,,,,
20/02/2024 21:45:00,0,304.82,,,,,,,,,,,,,,,,,,
20/02/2024 21:30:00,0,304.83,,,,,,,,,,,,,,,,,,
20/02/2024 21:15:00,0,305.84,,,,,,,,,,,,,,,,,,
20/02/2024 21:00:00,0,304.85,,,,,,,,,,,,,,,,,,
20/02/2024 20:45:00,0,304.85,,,,,,,,,,,,,,,,,,
20/02/2024 20:30:00,0,303.86,,,,,,,,,,,,,,,,,,
20/02/2024 20:15:00,0,303.87,,,,,,,,,,,,,,,,,,
20/02/2024 20:00:00,0,302.88,,,,,,,,,,,,,,,,,,
20/02/2024 19:45:00,0,302.88,,,,,,,,,,,,,,,,,,
20/02/2024 19:30:00,0,302.89,,,,,,,,,,,,,,,,,,
20/02/2024 19:15:00,0,303.9,,,,,,,,,,,,,,,,,,
20/02/2024 19:00:00,0,302.91,,,,,,,,,,,,,,,,,,
20/02/2024 18:45:00,0,302.91,,,,,,,,,,,,,,,,,,
20/02/2024 18:30:00,0,302.92,,,,,,,,,,,,,,,,,,
20/02/2024 18:15:00,0,301.93,,,,,,,,,,,,,,,,,,
20/02/2024 18:00:00,0,301.94,,,,,,,,,,,,,,,,,,
20/02/2024 17:45:00,0,302.95,,,,,,,,,,,,,,,,,,
20/02/2024 17:30:00,0,302.95,,,,,,,,,,,,,,,,,,
20/02/2024 17:15:00,0,301.96,,,,,,,,,,,,,,,,,,
20/02/2024 17:00:00,0,301.97,,,,,,,,,,,,,,,,,,
20/02/2024 16:45:00,0,301.98,,,,,,,,,,,,,,,,,,
20/02/2024 16:30:00,0,301.98,,,,,,,,,,,,,,,,,,
20/02/2024 16:15:00,,301.99,,,,,,,,,,,,,,,,,,
20/02/2024 16:00:00,,,,,,,,,,,,,,,,,,,,
20/02/2024 15:45:00,0,302,,,,,,,,,,,,,,,,,,
20/02/2024 15:30:00,0,301,,,,,,,,,,,,,,,,,,
20/02/2024 15:15:00,0,300,,,,,,,,,,,,,,,,,,
20/02/2024 15:00:00,0,301,,,,,,,,,,,,,,,,,,
20/02/2024 14:45:00,0,300,,,,,,,,,,,,,,,,,,
20/02/2024 14:30:00,0,301,,,,,,,,,,,,,,,,,,
20/02/2024 14:15:00,0,302,,,,,,,,,,,,,,,,,,
20/02/2024 14:00:00,0,301,,,,,,,,,,,,,,,,,,
20/02/2024 13:45:00,0,301,,,,,,,,,,,,,,,,,,
20/02/2024 13:30:00,0,301,,,,,,,,,,,,,,,,,,
20/02/2024 13:15:00,0,300,,,,,,,,,,,,,,,,,,
20/02/2024 13:00:00,0,301,,,,,,,,,,,,,,,,,,
20/02/2024 12:45:00,0,302,,,,,,,,,,,,,,,,,,
20/02/2024 12:30:00,0,300,,,,,,,,,,,,,,,,,,
20/02/2024 12:15:00,0,301,,,,,,,,,,,,,,,,,,
20/02/2024 12:00:00,0,301,,,,,,,,,,,,,,,,,,
20/02/2024 11:45:00,0,301,,,,,,,,,,,,,,,,,,
20/02/2024 11:30:00,0,301,,,,,,,,,,,,,,,,,,
20/02/2024 11:15:00,0,301,,,,,,,,,,,,,,,,,,
20/02/2024 11:00:00,0,302,,,,,,,,,,,,,,,,,,
20/02/2024 10:45:00,0,302,,,,,,,,,,,,,,,,,,
20/02/2024 10:30:00,0,303,,,,,,,,,,,,,,,,,,
20/02/2024 10:15:00,0,302,,,,,,,,,,,,,,,,,,
20/02/2024 10:00:00,0,303,,,,,,,,,,,,,,,,,,
20/02/2024 09:45:00,0,304,,,,,,,,,,,,,,,,,,
20/02/2024 09:30:00,0,305,,,,,,,,,,,,,,,,,,
20/02/2024 09:15:00,0,303,,,,,,,,,,,,,,,,,,
20/02/2024 09:00:00,0,304,,,,,,,,,,,,,,,,,,
20/02/2024 08:45:00,0,304,,,,,,,,,,,,,,,,,,
20/02/2024 08:30:00,0,305,,,,,,,,,,,,,,,,,,
20/02/2024 08:15:00,0,305,,,,,,,,,,,,,,,,,,
20/02/2024 08:00:00,0,304,,,,,,,,,,,,,,,,,,
20/02/2024 07:45:00,0,305,,,,,,,,,,,,,,,,,,
20/02/2024 07:30:00,0,305,,,,,,,,,,,,,,,,,,
20/02/2024 07:15:00,0,305,,,,,,,,,,,,,,,,,,
20/02/2024 07:00:00,0,306,,,,,,,,,,,,,,,,,,
20/02/2024 06:45:00,0,307,,,,,,,,,,,,,,,,,,
20/02/2024 06:30:00,0,307,,,,,,,,,,,,,,,,,,
20/02/2024 06:15:00,0,307,,,,,,,,,,,,,,,,,,
20/02/2024 06:00:00,0,306,,,,,,,,,,,,,,,,,,
20/02/2024 05:45:00,0,306,,,,,,,,,,,,,,,,,,
20/02/2024 05:30:00,0,308,,,,,,,,,,,,,,,,,,
20/02/2024 05:15:00,0,307,,,,,,,,,,,,,,,,,,
20/02/2024 05:00:00,0,307,,,,,,,,,,,,,,,,,,
20/02/2024 04:45:00,0,308,,,,,,,,,,,,,,,,,,
20/02/2024 04:30:00,0,308,,,,,,,,,,,,,,,,,,
20/02/2024 04:15:00,0,308,,,,,,,,,,,,,,,,,,
20/02/2024 04:00:00,0,307,,,,,,,,,,,,,,,,,,
20/02/2024 03:45:00,0,307,,,,,,,,,,,,,,,,,,
20/02/2024 03:30:00,0,309,,,,,,,,,,,,,,,,,,
20/02/2024 03:15:00,0,309,,,,,,,,,,,,,,,,,,
20/02/2024 03:00:00,0,309,,,,,,,,,,,,,,,,,,
20/02/2024 02:45:00,0,309,,,,,,,,,,,,,,,,,,
20/02/2024 02:30:00,0,310,,,,,,,,,,,,,,,,,,
20/02/2024 02:15:00,0,310,,,,,,,,,,,,,,,,,,
20/02/2024 02:00:00,0,311,,,,,,,,,,,,,,,,,,
20/02/2024 01:45:00,0,312,,,,,,,,,,,,,,,,,,
20/02/2024 01:30:00,0,311,,,,,,,,,,,,,,,,,,
20/02/2024 01:15:00,0,312,,,,,,,,,,,,,,,,,,
20/02/2024 01:00:00,0,313,,,,,,,,,,,,,,,,,,
20/02/2024 00:45:00,0,313,,,,,,,,,,,,,,,,,,
20/02/2024 00:30:00,0,313,,,,,,,,,,,,,,,,,,
20/02/2024 00:15:00,0,314,,,,,,,,,,,,,,,,,,
20/02/2024 00:00:00,0,314,,,,,,,,,,,,,,,,,,
19/02/2024 23:45:00,0,314,,,,,,,,,,,,,,,,,,
19/02/2024 23:30:00,0,313,,,,,,,,,,,,,,,,,,
19/02/2024 23:15:00,0,313,,,,,,,,,,,,,,,,,,
19/02/2024 23:00:00,0,313,,,,,,,,,,,,,,,,,,
19/02/2024 22:45:00,0,314,,,,,,,,,,,,,,,,,,
19/02/2024 22:30:00,0,314,,,,,,,,,,,,,,,,,,
19/02/2024 22:15:00,0,315,,,,,,,,,,,,,,,,,,
19/02/2024 22:00:00,0,314,,,,,,,,,,,,,,,,,,
19/02/2024 21:45:00,0,315,,,,,,,,,,,,,,,,,,
19/02/2024 21:30:00,0,316,,,,,,,,,,,,,,,,,,
19/02/2024 21:15:00,0,316,,,,,,,,,,,,,,,,,,
19/02/2024 21:00:00,0,317,,,,,,,,,,,,,,,,,,
19/02/2024 20:45:00,0,317,,,,,,,,,,,,,,,,,,
19/02/2024 20:30:00,0,317,,,,,,,,,,,,,,,,,,
19/02/2024 20:15:00,0,318,,,,,,,,,,,,,,,,,,
19/02/2024 20:00:00,0,318,,,,,,,,,,,,,,,,,,
19/02/2024 19:45:00,0,318,,,,,,,,,,,,,,,,,,
19/02/2024 19:30:00,0,319,,,,,,,,,,,,,,,,,,
19/02/2024 19:15:00,0,319,,,,,,,,,,,,,,,,,,
19/02/2024 19:00:00,0,320,,,,,,,,,,,,,,,,,,
19/02/2024 18:45:00,0,319,,,,,,,,,,,,,,,,,,
19/02/2024 18:30:00,0,320,,,,,,,,,,,,,,,,,,
19/02/2024 18:15:00,0,320,,,,,,,,,,,,,,,,,,
19/02/2024 18:00:00,0,320,,,,,,,,,,,,,,,,,,
19/02/2024 17:45:00,0,323,,,,,,,,,,,,,,,,,,
19/02/2024 17:30:00,0,322,,,,,,,,,,,,,,,,,,
19/02/2024 17:15:00,0,322,,,,,,,,,,,,,,,,,,
19/02/2024 17:00:00,0,322,,,,,,,,,,,,,,,,,,
19/02/2024 16:45:00,0,322,,,,,,,,,,,,,,,,,,
19/02/2024 16:30:00,0,321,,,,,,,,,,,,,,,,,,
19/02/2024 16:15:00,0,322,,,,,,,,,,,,,,,,,,
19/02/2024 16:00:00,0,322,,,,,,,,,,,,,,,,,,
19/02/2024 15:45:00,0,321,,,,,,,,,,,,,,,,,,
19/02/2024 15:30:00,0,321,,,,,,,,,,,,,,,,,,
19/02/2024 15:15:00,0,323,,,,,,,,,,,,,,,,,,
19/02/2024 15:00:00,0,322,,,,,,,,,,,,,,,,,,
19/02/2024 14:45:00,0,321,,,,,,,,,,,,,,,,,,
19/02/2024 14:30:00,0,323,,,,,,,,,,,,,,,,,,
19/02/2024 14:15:00,0,322,,,,,,,,,,,,,,,,,,
19/02/2024 14:00:00,0,323,,,,,,,,,,,,,,,,,,
19/02/2024 13:45:00,0,323,,,,,,,,,,,,,,,,,,
19/02/2024 13:30:00,0,322,,,,,,,,,,,,,,,,,,
19/02/2024 13:15:00,0,323,,,,,,,,,,,,,,,,,,
19/02/2024 13:00:00,0,321,,,,,,,,,,,,,,,,,,
19/02/2024 12:45:00,0,323,,,,,,,,,,,,,,,,,,
19/02/2024 12:30:00,0,324,,,,,,,,,,,,,,,,,,
19/02/2024 12:15:00,0,322,,,,,,,,,,,,,,,,,,
19/02/2024 12:00:00,0,322,,,,,,,,,,,,,,,,,,
19/02/2024 11:45:00,0,323,,,,,,,,,,,,,,,,,,
19/02/2024 11:30:00,0,323,,,,,,,,,,,,,,,,,,
19/02/2024 11:15:00,0,322,,,,,,,,,,,,,,,,,,
19/02/2024 11:00:00,0,323,,,,,,,,,,,,,,,,,,
19/02/2024 10:45:00,0,322,,,,,,,,,,,,,,,,,,
19/02/2024 10:30:00,0,322,,,,,,,,,,,,,,,,,,
19/02/2024 10:15:00,0,324,,,,,,,,,,,,,,,,,,
19/02/2024 10:00:00,0,322,,,,,,,,,,,,,,,,,,
19/02/2024 09:45:00,0,323,,,,,,,,,,,,,,,,,,
19/02/2024 09:30:00,0,322,,,,,,,,,,,,,,,,,,
19/02/2024 09:15:00,0,323,,,,,,,,,,,,,,,,,,
19/02/2024 09:00:00,0,322,,,,,,,,,,,,,,,,,,
19/02/2024 08:45:00,0,322,,,,,,,,,,,,,,,,,,
19/02/2024 08:30:00,0,324,,,,,,,,,,,,,,,,,,
19/02/2024 08:15:00,0,323,,,,,,,,,,,,,,,,,,
19/02/2024 08:00:00,0,324,,,,,,,,,,,,,,,,,,
19/02/2024 07:45:00,0,323,,,,,,,,,,,,,,,,,,
19/02/2024 07:30:00,0,323,,,,,,,,,,,,,,,,,,
19/02/2024 07:15:00,0,323,,,,,,,,,,,,,,,,,,
19/02/2024 07:00:00,0,323,,,,,,,,,,,,,,,,,,
19/02/2024 06:45:00,0,324,,,,,,,,,,,,,,,,,,
19/02/2024 06:30:00,0,324,,,,,,,,,,,,,,,,,,
19/02/2024 06:15:00,0,323,,,,,,,,,,,,,,,,,,
19/02/2024 06:00:00,0,323,,,,,,,,,,,,,,,,,,
19/02/2024 05:45:00,0,322,,,,,,,,,,,,,,,,,,
19/02/2024 05:30:00,0,324,,,,,,,,,,,,,,,,,,
19/02/2024 05:15:00,0,322,,,,,,,,,,,,,,,,,,
19/02/2024 05:00:00,0,322,,,,,,,,,,,,,,,,,,
19/02/2024 04:45:00,0,322,,,,,,,,,,,,,,,,,,
19/02/2024 04:30:00,0,320,,,,,,,,,,,,,,,,,,
19/02/2024 04:15:00,0,321,,,,,,,,,,,,,,,,,,
19/02/2024 04:00:00,0,320,,,,,,,,,,,,,,,,,,
19/02/2024 03:45:00,0,320,,,,,,,,,,,,,,,,,,
19/02/2024 03:30:00,0,319,,,,,,,,,,,,,,,,,,
19/02/2024 03:15:00,0,319,,,,,,,,,,,,,,,,,,
19/02/2024 03:00:00,0,321,,,,,,,,,,,,,,,,,,
19/02/2024 02:45:00,0,321,,,,,,,,,,,,,,,,,,
19/02/2024 02:30:00,0,320,,,,,,,,,,,,,,,,,,
19/02/2024 02:15:00,0,321,,,,,,,,,,,,,,,,,,
19/02/2024 02:00:00,0,320,,,,,,,,,,,,,,,,,,
19/02/2024 01:45:00,0,321,,,,,,,,,,,,,,,,,,
19/02/2024 01:30:00,0,321,,,,,,,,,,,,,,,,,,
19/02/2024 01:15:00,0,321,,,,,,,,,,,,,,,,,,
19/02/2024 01:00:00,0,320,,,,,,,,,,,,,,,,,,
19/02/2024 00:45:00,0,320,,,,,,,,,,,,,,,,,,
19/02/2024 00:30:00,0,320,,,,,,,,,,,,,,,,,,
19/02/2024 00:15:00,0,320,,,,,,,,,,,,,,,,,,
19/02/2024 00:00:00,0,320,,,,,,,,,,,,,,,,,,
18/02/2024 23:45:00,0,319,,,,,,,,,,,,,,,,,,
18/02/2024 23:30:00,0,319,,,,,,,,,,,,,,,,,,
18/02/2024 23:15:00,0,318,,,,,,,,,,,,,,,,,,
18/02/2024 23:00:00,0,319,,,,,,,,,,,,,,,,,,
18/02/2024 22:45:00,0,319,,,,,,,,,,,,,,,,,,
18/02/2024 22:30:00,0,320,,,,,,,,,,,,,,,,,,
18/02/2024 22:15:00,0,319,,,,,,,,,,,,,,,,,,
18/02/2024 22:00:00,0,319,,,,,,,,,,,,,,,,,,
18/02/2024 21:45:00,0,320,,,,,,,,,,,,,,,,,,
18/02/2024 21:30:00,0,319,,,,,,,,,,,,,,,,,,
18/02/2024 21:15:00,0,319,,,,,,,,,,,,,,,,,,
18/02/2024 21:00:00,0,318,,,,,,,,,,,,,,,,,,
18/02/2024 20:45:00,0,318,,,,,,,,,,,,,,,,,,
18/02/2024 20:30:00,0,318,,,,,,,,,,,,,,,,,,
18/02/2024 20:15:00,0,318,,,,,,,,,,,,,,,,,,
18/02/2024 20:00:00,0,319,,,,,,,,,,,,,,,,,,
18/02/2024 19:45:00,0,319,,,,,,,,,,,,,,,,,,
18/02/2024 19:30:00,0,318,,,,,,,,,,,,,,,,,,
18/02/2024 19:15:00,0,318,,,,,,,,,,,,,,,,,,
18/02/2024 19:00:00,0,318,,,,,,,,,,,,,,,,,,
18/02/2024 18:45:00,0,318,,,,,,,,,,,,,,,,,,
18/02/2024 18:30:00,0,319,,,,,,,,,,,,,,,,,,
18/02/2024 18:15:00,0,321,,,,,,,,,,,,,,,,,,
18/02/2024 18:00:00,0,318,,,,,,,,,,,,,,,,,,
18/02/2024 17:45:00,0,319,,,,,,,,,,,,,,,,,,
18/02/2024 17:30:00,0,318,,,,,,,,,,,,,,,,,,
18/02/2024 17:15:00,0,316,,,,,,,,,,,,,,,,,,
18/02/2024 17:00:00,0,318,,,,,,,,,,,,,,,,,,
18/02/2024 16:45:00,0,317,,,,,,,,,,,,,,,,,,
18/02/2024 16:30:00,0,318,,,,,,,,,,,,,,,,,,
18/02/2024 16:15:00,0,318,,,,,,,,,,,,,,,,,,
18/02/2024 16:00:00,0,316,,,,,,,,,,,,,,,,,,
18/02/2024 15:45:00,0,317,,,,,,,,,,,,,,,,,,
18/02/2024 15:30:00,0,316,,,,,,,,,,,,,,,,,,
18/02/2024 15:15:00,0,317,,,,,,,,,,,,,,,,,,
18/02/2024 15:00:00,0,318,,,,,,,,,,,,,,,,,,
18/02/2024 14:45:00,0,317,,,,,,,,,,,,,,,,,,
18/02/2024 14:30:00,0,316,,,,,,,,,,,,,,,,,,
18/02/2024 14:15:00,0,317,,,,,,,,,,,,,,,,,,
18/02/2024 14:00:00,0,317,,,,,,,,,,,,,,,,,,
18/02/2024 13:45:00,0,317,,,,,,,,,,,,,,,,,,
18/02/2024 13:30:00,0,316,,,,,,,,,,,,,,,,,,
18/02/2024 13:15:00,0,315,,,,,,,,,,,,,,,,,,
18/02/2024 13:00:00,0,316,,,,,,,,,,,,,,,,,,
18/02/2024 12:45:00,0,317,,,,,,,,,,,,,,,,,,
18/02/2024 12:30:00,0,316,,,,,,,,,,,,,,,,,,
18/02/2024 12:15:00,0,315,,,,,,,,,,,,,,,,,,
18/02/2024 12:00:00,0,316,,,,,,,,,,,,,,,,,,
18/02/2024 11:45:00,0,315,,,,,,,,,,,,,,,,,,
18/02/2024 11:30:00,0,314,,,,,,,,,,,,,,,,,,
18/02/2024 11:15:00,0,315,,,,,,,,,,,,,,,,,,
18/02/2024 11:00:00,0,315,,,,,,,,,,,,,,,,,,
18/02/2024 10:45:00,0,315,,,,,,,,,,,,,,,,,,
18/02/2024 10:30:00,0,313,,,,,,,,,,,,,,,,,,
18/02/2024 10:15:00,0,317,,,,,,,,,,,,,,,,,,
18/02/2024 10:00:00,0,315,,,,,,,,,,,,,,,,,,
18/02/2024 09:45:00,0,315,,,,,,,,,,,,,,,,,,
18/02/2024 09:30:00,0,315,,,,,,,,,,,,,,,,,,
18/02/2024 09:15:00,0,314,,,,,,,,,,,,,,,,,,
18/02/2024 09:00:00,0,315,,,,,,,,,,,,,,,,,,
18/02/2024 08:45:00,0,314,,,,,,,,,,,,,,,,,,
18/02/2024 08:30:00,0,314,,,,,,,,,,,,,,,,,,
18/02/2024 08:15:00,0,314,,,,,,,,,,,,,,,,,,
18/02/2024 08:00:00,0,314,,,,,,,,,,,,,,,,,,
18/02/2024 07:45:00,0,314,,,,,,,,,,,,,,,,,,
18/02/2024 07:30:00,0,314,,,,,,,,,,,,,,,,,,
18/02/2024 07:15:00,0,313,,,,,,,,,,,,,,,,,,
18/02/2024 07:00:00,0,313,,,,,,,,,,,,,,,,,,
18/02/2024 06:45:00,0,312,,,,,,,,,,,,,,,,,,
18/02/2024 06:30:00,0,314,,,,,,,,,,,,,,,,,,
18/02/2024 06:15:00,0,313,,,,,,,,,,,,,,,,,,
18/02/2024 06:00:00,0,314,,,,,,,,,,,,,,,,,,
18/02/2024 05:45:00,0,313,,,,,,,,,,,,,,,,,,
18/02/2024 05:30:00,0,313,,,,,,,,,,,,,,,,,,
18/02/2024 05:15:00,0,314,,,,,,,,,,,,,,,,,,
18/02/2024 05:00:00,0,314,,,,,,,,,,,,,,,,,,
18/02/2024 04:45:00,0,315,,,,,,,,,,,,,,,,,,
18/02/2024 04:30:00,0,314,,,,,,,,,,,,,,,,,,
18/02/2024 04:15:00,0,314,,,,,,,,,,,,,,,,,,
18/02/2024 04:00:00,0,312,,,,,,,,,,,,,,,,,,
18/02/2024 03:45:00,0,313,,,,,,,,,,,,,,,,,,
18/02/2024 03:30:00,0,312,,,,,,,,,,,,,,,,,,
18/02/2024 03:15:00,0,314,,,,,,,,,,,,,,,,,,
18/02/2024 03:00:00,0,314,,,,,,,,,,,,,,,,,,
18/02/2024 02:45:00,0,313,,,,,,,,,,,,,,,,,,
18/02/2024 02:30:00,0,312,,,,,,,,,,,,,,,,,,
18/02/2024 02:15:00,0,312,,,,,,,,,,,,,,,,,,
18/02/2024 02:00:00,0,313,,,,,,,,,,,,,,,,,,
18/02/2024 01:45:00,0,313,,,,,,,,,,,,,,,,,,
18/02/2024 01:30:00,0,314,,,,,,,,,,,,,,,,,,
18/02/2024 01:15:00,0,313,,,,,,,,,,,,,,,,,,
18/02/2024 01:00:00,0,313,,,,,,,,,,,,,,,,,,
18/02/2024 00:45:00,0,313,,,,,,,,,,,,,,,,,,
18/02/2024 00:30:00,0,313,,,,,,,,,,,,,,,,,,
18/02/2024 00:15:00,0,313,,,,,,,,,,,,,,,,,,
18/02/2024 00:00:00,0,314,,,,,,,,,,,,,,,,,,
17/02/2024 23:45:00,0,313,,,,,,,,,,,,,,,,,,
17/02/2024 23:30:00,0,312,,,,,,,,,,,,,,,,,,
17/02/2024 23:15:00,0,311,,,,,,,,,,,,,,,,,,
17/02/2024 23:00:00,0,309,,,,,,,,,,,,,,,,,,
17/02/2024 22:45:00,0,311,,,,,,,,,,,,,,,,,,
17/02/2024 22:30:00,0,312,,,,,,,,,,,,,,,,,,
17/02/2024 22:15:00,0,312,,,,,,,,,,,,,,,,,,
17/02/2024 22:00:00,0,314,,,,,,,,,,,,,,,,,,
17/02/2024 21:45:00,0,313,,,,,,,,,,,,,,,,,,
17/02/2024 21:30:00,0,312,,,,,,,,,,,,,,,,,,
17/02/2024 21:15:00,0,313,,,,,,,,,,,,,,,,,,
17/02/2024 21:00:00,0,313,,,,,,,,,,,,,,,,,,
17/02/2024 20:45:00,0,312,,,,,,,,,,,,,,,,,,
17/02/2024 20:30:00,0,312,,,,,,,,,,,,,,,,,,
17/02/2024 20:15:00,0,312,,,,,,,,,,,,,,,,,,
17/02/2024 20:00:00,0,311,,,,,,,,,,,,,,,,,,
17/02/2024 19:45:00,0,313,,,,,,,,,,,,,,,,,,
17/02/2024 19:30:00,0,313,,,,,,,,,,,,,,,,,,
17/02/2024 19:15:00,0,312,,,,,,,,,,,,,,,,,,
17/02/2024 19:00:00,0,311,,,,,,,,,,,,,,,,,,
17/02/2024 18:45:00,0,311,,,,,,,,,,,,,,,,,,
17/02/2024 18:30:00,0,311,,,,,,,,,,,,,,,,,,
17/02/2024 18:15:00,0,311,,,,,,,,,,,,,,,,,,
17/02/2024 18:00:00,0,312,,,,,,,,,,,,,,,,,,
17/02/2024 17:45:00,0,310,,,,,,,,,,,,,,,,,,
17/02/2024 17:30:00,0,309,,,,,,,,,,,,,,,,,,
17/02/2024 17:15:00,0,311,,,,,,,,,,,,,,,,,,
17/02/2024 17:00:00,0,310,,,,,,,,,,,,,,,,,,
17/02/2024 16:45:00,0,310,,,,,,,,,,,,,,,,,,
17/02/2024 16:30:00,0,310,,,,,,,,,,,,,,,,,,
17/02/2024 16:15:00,0,311,,,,,,,,,,,,,,,,,,
17/02/2024 16:00:00,0,309,,,,,,,,,,,,,,,,,,
17/02/2024 15:45:00,0,309,,,,,,,,,,,,,,,,,,
17/02/2024 15:30:00,0,308,,,,,,,,,,,,,,,,,,
17/02/2024 15:15:00,0,307,,,,,,,,,,,,,,,,,,
17/02/2024 15:00:00,0,309,,,,,,,,,,,,,,,,,,
17/02/2024 14:45:00,0,307,,,,,,,,,,,,,,,,,,
17/02/2024 14:30:00,0,307,,,,,,,,,,,,,,,,,,
17/02/2024 14:15:00,0,309,,,,,,,,,,,,,,,,,,
17/02/2024 14:00:00,0,308,,,,,,,,,,,,,,,,,,
17/02/2024 13:45:00,0,308,,,,,,,,,,,,,,,,,,
17/02/2024 13:30:00,0,307,,,,,,,,,,,,,,,,,,
17/02/2024 13:15:00,0,307,,,,,,,,,,,,,,,,,,
17/02/2024 13:00:00,0,307,,,,,,,,,,,,,,,,,,
17/02/2024 12:45:00,0,307,,,,,,,,,,,,,,,,,,
17/02/2024 12:30:00,0,306,,,,,,,,,,,,,,,,,,
17/02/2024 12:15:00,0,306,,,,,,,,,,,,,,,,,,
17/02/2024 12:00:00,0,307,,,,,,,,,,,,,,,,,,
17/02/2024 11:45:00,0,306,,,,,,,,,,,,,,,,,,
17/02/2024 11:30:00,0,306,,,,,,,,,,,,,,,,,,
17/02/2024 11:15:00,0,306,,,,,,,,,,,,,,,,,,
17/02/2024 11:00:00,0,306,,,,,,,,,,,,,,,,,,
17/02/2024 10:45:00,0,305,,,,,,,,,,,,,,,,,,
17/02/2024 10:30:00,0,306,,,,,,,,,,,,,,,,,,
17/02/2024 10:15:00,0,306,,,,,,,,,,,,,,,,,,
17/02/2024 10:00:00,0,305,,,,,,,,,,,,,,,,,,
17/02/2024 09:45:00,0,304,,,,,,,,,,,,,,,,,,
17/02/2024 09:30:00,0,305,,,,,,,,,,,,,,,,,,
17/02/2024 09:15:00,0,304,,,,,,,,,,,,,,,,,,
17/02/2024 09:00:00,0,305,,,,,,,,,,,,,,,,,,
17/02/2024 08:45:00,0,305,,,,,,,,,,,,,,,,,,
17/02/2024 08:30:00,0,304,,,,,,,,,,,,,,,,,,
17/02/2024 08:15:00,0,304,,,,,,,,,,,,,,,,,,
17/02/2024 08:00:00,0,305,,,,,,,,,,,,,,,,,,
17/02/2024 07:45:00,0,304,,,,,,,,,,,,,,,,,,
17/02/2024 07:30:00,0,305,,,,,,,,,,,,,,,,,,
17/02/2024 07:15:00,0,304,,,,,,,,,,,,,,,,,,
17/02/2024 07:00:00,0,305,,,,,,,,,,,,,,,,,,
17/02/2024 06:45:00,0,305,,,,,,,,,,,,,,,,,,
17/02/2024 06:30:00,0,303,,,,,,,,,,,,,,,,,,
17/02/2024 06:15:00,0,304,,,,,,,,,,,,,,,,,,
17/02/2024 06:00:00,0,304,,,,,,,,,,,,,,,,,,
17/02/2024 05:45:00,0,303,,,,,,,,,,,,,,,,,,
17/02/2024 05:30:00,0,303,,,,,,,,,,,,,,,,,,
17/02/2024 05:15:00,0,301,,,,,,,,,,,,,,,,,,
17/02/2024 05:00:00,0,304,,,,,,,,,,,,,,,,,,
17/02/2024 04:45:00,0,303,,,,,,,,,,,,,,,,,,
17/02/2024 04:30:00,0,302,,,,,,,,,,,,,,,,,,
17/02/2024 04:15:00,0,302,,,,,,,,,,,,,,,,,,
17/02/2024 04:00:00,0,302,,,,,,,,,,,,,,,,,,
17/02/2024 03:45:00,0,301,,,,,,,,,,,,,,,,,,
17/02/2024 03:30:00,0,302,,,,,,,,,,,,,,,,,,
17/02/2024 03:15:00,0,302,,,,,,,,,,,,,,,,,,
17/02/2024 03:00:00,0,303,,,,,,,,,,,,,,,,,,
17/02/2024 02:45:00,0,301,,,,,,,,,,,,,,,,,,
17/02/2024 02:30:00,0,301,,,,,,,,,,,,,,,,,,
17/02/2024 02:15:00,0,301,,,,,,,,,,,,,,,,,,
17/02/2024 02:00:00,0,302,,,,,,,,,,,,,,,,,,
17/02/2024 01:45:00,0,302,,,,,,,,,,,,,,,,,,
17/02/2024 01:30:00,0,302,,,,,,,,,,,,,,,,,,
17/02/2024 01:15:00,0,302,,,,,,,,,,,,,,,,,,
17/02/2024 01:00:00,0,303,,,,,,,,,,,,,,,,,,
17/02/2024 00:45:00,0,301,,,,,,,,,,,,,,,,,,
17/02/2024 00:30:00,0,300,,,,,,,,,,,,,,,,,,
17/02/2024 00:15:00,0,301,,,,,,,,,,,,,,,,,,
17/02/2024 00:00:00,0,302,,,,,,,,,,,,,,,,,,
16/02/2024 23:45:00,0,301,,,,,,,,,,,,,,,,,,
16/02/2024 23:30:00,0,301,,,,,,,,,,,,,,,,,,
16/02/2024 23:15:00,0,301,,,,,,,,,,,,,,,,,,
16/02/2024 23:00:00,0,300,,,,,,,,,,,,,,,,,,
16/02/2024 22:45:00,0,300,,,,,,,,,,,,,,,,,,
16/02/2024 22:30:00,0,300,,,,,,,,,,,,,,,,,,
16/02/2024 22:15:00,0,301,,,,,,,,,,,,,,,,,,
16/02/2024 22:00:00,0,301,,,,,,,,,,,,,,,,,,
16/02/2024 21:45:00,0,301,,,,,,,,,,,,,,,,,,
16/02/2024 21:30:00,0,299,,,,,,,,,,,,,,,,,,
16/02/2024 21:15:00,0,299,,,,,,,,,,,,,,,,,,
16/02/2024 21:00:00,0,300,,,,,,,,,,,,,,,,,,
16/02/2024 20:45:00,0,300,,,,,,,,,,,,,,,,,,
16/02/2024 20:30:00,0,301,,,,,,,,,,,,,,,,,,
16/02/2024 20:15:00,0,300,,,,,,,,,,,,,,,,,,
16/02/2024 20:00:00,0,299,,,,,,,,,,,,,,,,,,
16/02/2024 19:45:00,0,300,,,,,,,,,,,,,,,,,,
16/02/2024 19:30:00,0,299,,,,,,,,,,,,,,,,,,
16/02/2024 19:15:00,0,298,,,,,,,,,,,,,,,,,,
16/02/2024 19:00:00,0,299,,,,,,,,,,,,,,,,,,
16/02/2024 18:45:00,0,298,,,,,,,,,,,,,,,,,,
16/02/2024 18:30:00,0,298,,,,,,,,,,,,,,,,,,
16/02/2024 18:15:00,0,298,,,,,,,,,,,,,,,,,,
16/02/2024 18:00:00,0,298,,,,,,,,,,,,,,,,,,
16/02/2024 17:45:00,0,298,,,,,,,,,,,,,,,,,,
16/02/2024 17:30:00,0,297,,,,,,,,,,,,,,,,,,
16/02/2024 17:15:00,0,297,,,,,,,,,,,,,,,,,,
16/02/2024 17:00:00,0,296,,,,,,,,,,,,,,,,,,
16/02/2024 16:45:00,0,297,,,,,,,,,,,,,,,,,,
16/02/2024 16:30:00,0,297,,,,,,,,,,,,,,,,,,
16/02/2024 16:15:00,0,296,,,,,,,,,,,,,,,,,,
16/02/2024 16:00:00,0,296,,,,,,,,,,,,,,,,,,
16/02/2024 15:45:00,0,295,,,,,,,,,,,,,,,,,,
16/02/2024 15:30:00,0,295,,,,,,,,,,,,,,,,,,
16/02/2024 15:15:00,0,296,,,,,,,,,,,,,,,,,,
16/02/2024 15:00:00,0,295,,,,,,,,,,,,,,,,,,
16/02/2024 14:45:00,0,295,,,,,,,,,,,,,,,,,,
16/02/2024 14:30:00,0.2,294,,,,,,,,,,,,,,,,,,
16/02/2024 14:15:00,0,293,,,,,,,,,,,,,,,,,,
16/02/2024 14:00:00,0,293,,,,,,,,,,,,,,,,,,
16/02/2024 13:45:00,0,293,,,,,,,,,,,,,,,,,,
16/02/2024 13:30:00,0,294,,,,,,,,,,,,,,,,,,
16/02/2024 13:15:00,0,294,,,,,,,,,,,,,,,,,,
16/02/2024 13:00:00,0,293,,,,,,,,,,,,,,,,,,
16/02/2024 12:45:00,0,292,,,,,,,,,,,,,,,,,,
16/02/2024 12:30:00,0,291,,,,,,,,,,,,,,,,,,
16/02/2024 12:15:00,0.8,293,,,,,,,,,,,,,,,,,,
16/02/2024 12:00:00,0,290,,,,,,,,,,,,,,,,,,
16/02/2024 11:45:00,0.2,291,,,,,,,,,,,,,,,,,,
16/02/2024 11:30:00,0.4,291,,,,,,,,,,,,,,,,,,
16/02/2024 11:15:00,1.2,289,,,,,,,,,,,,,,,,,,
16/02/2024 11:00:00,0.6,289,,,,,,,,,,,,,,,,,,
16/02/2024 10:45:00,0.2,289,,,,,,,,,,,,,,,,,,
16/02/2024 10:30:00,0,288,,,,,,,,,,,,,,,,,,
16/02/2024 10:15:00,0,289,,,,,,,,,,,,,,,,,,
16/02/2024 10:00:00,0.8,288,,,,,,,,,,,,,,,,,,
16/02/2024 09:45:00,0.8,288,,,,,,,,,,,,,,,,,,
16/02/2024 09:30:00,4,288,,,,,,,,,,,,,,,,,,
16/02/2024 09:15:00,4.4,287,,,,,,,,,,,,,,,,,,
16/02/2024 09:00:00,4.4,287,,,,,,,,,,,,,,,,,,
16/02/2024 08:45:00,3.6,285,,,,,,,,,,,,,,,,,,
16/02/2024 08:30:00,0.8,284,,,,,,,,,,,,,,,,,,
16/02/2024 08:15:00,5.2,284,,,,,,,,,,,,,,,,,,
16/02/2024 08:00:00,2.4,283,,,,,,,,,,,,,,,,,,
16/02/2024 07:45:00,1,284,,,,,,,,,,,,,,,,,,
16/02/2024 07:30:00,1.8,283,,,,,,,,,,,,,,,,,,
16/02/2024 07:15:00,2.4,284,,,,,,,,,,,,,,,,,,
16/02/2024 07:00:00,2.4,282,,,,,,,,,,,,,,,,,,
16/02/2024 06:45:00,0.6,282,,,,,,,,,,,,,,,,,,
16/02/2024 06:30:00,0.6,281,,,,,,,,,,,,,,,,,,
16/02/2024 06:15:00,0.2,281,,,,,,,,,,,,,,,,,,
16/02/2024 06:00:00,0.4,281,,,,,,,,,,,,,,,,,,
16/02/2024 05:45:00,0.4,281,,,,,,,,,,,,,,,,,,
16/02/2024 05:30:00,0.6,281,,,,,,,,,,,,,,,,,,
16/02/2024 05:15:00,1.2,281,,,,,,,,,,,,,,,,,,
16/02/2024 05:00:00,0.6,280,,,,,,,,,,,,,,,,,,
16/02/2024 04:45:00,0.4,280,,,,,,,,,,,,,,,,,,
16/02/2024 04:30:00,0.2,281,,,,,,,,,,,,,,,,,,
16/02/2024 04:15:00,0.2,280,,,,,,,,,,,,,,,,,,
16/02/2024 04:00:00,0,279,,,,,,,,,,,,,,,,,,
16/02/2024 03:45:00,0,280,,,,,,,,,,,,,,,,,,
16/02/2024 03:30:00,0,280,,,,,,,,,,,,,,,,,,
16/02/2024 03:15:00,0,281,,,,,,,,,,,,,,,,,,
16/02/2024 03:00:00,0,280,,,,,,,,,,,,,,,,,,
16/02/2024 02:45:00,0,279,,,,,,,,,,,,,,,,,,
16/02/2024 02:30:00,0,281,,,,,,,,,,,,,,,,,,
16/02/2024 02:15:00,0,281,,,,,,,,,,,,,,,,,,
16/02/2024 02:00:00,0,281,,,,,,,,,,,,,,,,,,
16/02/2024 01:45:00,0.2,281,,,,,,,,,,,,,,,,,,
16/02/2024 01:30:00,0,280,,,,,,,,,,,,,,,,,,
16/02/2024 01:15:00,0,280,,,,,,,,,,,,,,,,,,
16/02/2024 01:00:00,0.2,281,,,,,,,,,,,,,,,,,,
16/02/2024 00:45:00,0,280,,,,,,,,,,,,,,,,,,
16/02/2024 00:30:00,0,279,,,,,,,,,,,,,,,,,,
16/02/2024 00:15:00,0,278,,,,,,,,,,,,,,,,,,
16/02/2024 00:00:00,0,277,,,,,,,,,,,,,,,,,,
15/02/2024 23:45:00,0,277,,,,,,,,,,,,,,,,,,
15/02/2024 23:30:00,0,277,,,,,,,,,,,,,,,,,,
15/02/2024 23:15:00,0,277,,,,,,,,,,,,,,,,,,
15/02/2024 23:00:00,0,278,,,,,,,,,,,,,,,,,,
15/02/2024 22:45:00,0,277,,,,,,,,,,,,,,,,,,
15/02/2024 22:30:00,0,276,,,,,,,,,,,,,,,,,,
15/02/2024 22:15:00,0,277,,,,,,,,,,,,,,,,,,
15/02/2024 22:00:00,0,277,,,,,,,,,,,,,,,,,,
15/02/2024 21:45:00,0,278,,,,,,,,,,,,,,,,,,
15/02/2024 21:30:00,0,276,,,,,,,,,,,,,,,,,,
15/02/2024 21:15:00,0,275,,,,,,,,,,,,,,,,,,
15/02/2024 21:00:00,0,277,,,,,,,,,,,,,,,,,,
15/02/2024 20:45:00,0,276,,,,,,,,,,,,,,,,,,
15/02/2024 20:30:00,0,274,,,,,,,,,,,,,,,,,,
15/02/2024 20:15:00,0,275,,,,,,,,,,,,,,,,,,
15/02/2024 20:00:00,0,275,,,,,,,,,,,,,,,,,,
15/02/2024 19:45:00,0,275,,,,,,,,,,,,,,,,,,
15/02/2024 19:30:00,0,274,,,,,,,,,,,,,,,,,,
15/02/2024 19:15:00,0,273,,,,,,,,,,,,,,,,,,
15/02/2024 19:00:00,0,275,,,,,,,,,,,,,,,,,,
15/02/2024 18:45:00,0,274,,,,,,,,,,,,,,,,,,
15/02/2024 18:30:00,0,274,,,,,,,,,,,,,,,,,,
15/02/2024 18:15:00,0,273,,,,,,,,,,,,,,,,,,
15/02/2024 18:00:00,0,274,,,,,,,,,,,,,,,,,,
15/02/2024 17:45:00,0,273,,,,,,,,,,,,,,,,,,
15/02/2024 17:30:00,0,272,,,,,,,,,,,,,,,,,,
15/02/2024 17:15:00,0,272,,,,,,,,,,,,,,,,,,
15/02/2024 17:00:00,0,272,,,,,,,,,,,,,,,,,,
15/02/2024 16:45:00,0,269,,,,,,,,,,,,,,,,,,
15/02/2024 16:30:00,0,270,,,,,,,,,,,,,,,,,,
15/02/2024 16:15:00,0,268,,,,,,,,,,,,,,,,,,
15/02/2024 16:00:00,0,268,,,,,,,,,,,,,,,,,,
15/02/2024 15:45:00,0,267,,,,,,,,,,,,,,,,,,
15/02/2024 15:30:00,0,268,,,,,,,,,,,,,,,,,,
15/02/2024 15:15:00,0,268,,,,,,,,,,,,,,,,,,
15/02/2024 15:00:00,0,268,,,,,,,,,,,,,,,,,,
15/02/2024 14:45:00,0,268,,,,,,,,,,,,,,,,,,
15/02/2024 14:30:00,0,270,,,,,,,,,,,,,,,,,,
15/02/2024 14:15:00,0,266,,,,,,,,,,,,,,,,,,
15/02/2024 14:00:00,0,268,,,,,,,,,,,,,,,,,,
15/02/2024 13:45:00,0,266,,,,,,,,,,,,,,,,,,
15/02/2024 13:30:00,0,267,,,,,,,,,,,,,,,,,,
15/02/2024 13:15:00,0,266,,,,,,,,,,,,,,,,,,
15/02/2024 13:00:00,0,266,,,,,,,,,,,,,,,,,,
15/02/2024 12:45:00,0,266,,,,,,,,,,,,,,,,,,
15/02/2024 12:30:00,0,266,,,,,,,,,,,,,,,,,,
15/02/2024 12:15:00,0,266,,,,,,,,,,,,,,,,,,
15/02/2024 12:00:00,0,265,,,,,,,,,,,,,,,,,,
15/02/2024 11:45:00,0,265,,,,,,,,,,,,,,,,,,
15/02/2024 11:30:00,0,265,,,,,,,,,,,,,,,,,,
15/02/2024 11:15:00,0,265,,,,,,,,,,,,,,,,,,
15/02/2024 11:00:00,0,265,,,,,,,,,,,,,,,,,,
15/02/2024 10:45:00,0,265,,,,,,,,,,,,,,,,,,
15/02/2024 10:30:00,0,265,,,,,,,,,,,,,,,,,,
15/02/2024 10:15:00,0,263,,,,,,,,,,,,,,,,,,
15/02/2024 10:00:00,0,263,,,,,,,,,,,,,,,,,,
15/02/2024 09:45:00,0,263,,,,,,,,,,,,,,,,,,
15/02/2024 09:30:00,0,263,,,,,,,,,,,,,,,,,,
15/02/2024 09:15:00,0,263,,,,,,,,,,,,,,,,,,
15/02/2024 09:00:00,0,261,,,,,,,,,,,,,,,,,,
15/02/2024 08:45:00,0,262,,,,,,,,,,,,,,,,,,
15/02/2024 08:30:00,0,260,,,,,,,,,,,,,,,,,,
15/02/2024 08:15:00,0,261,,,,,,,,,,,,,,,,,,
15/02/2024 08:00:00,0,263,,,,,,,,,,,,,,,,,,
15/02/2024 07:45:00,0,262,,,,,,,,,,,,,,,,,,
15/02/2024 07:30:00,0,260,,,,,,,,,,,,,,,,,,
15/02/2024 07:15:00,0,261,,,,,,,,,,,,,,,,,,
15/02/2024 07:00:00,0,262,,,,,,,,,,,,,,,,,,
15/02/2024 06:45:00,0,261,,,,,,,,,,,,,,,,,,
15/02/2024 06:30:00,0,259,,,,,,,,,,,,,,,,,,
15/02/2024 06:15:00,0,260,,,,,,,,,,,,,,,,,,
15/02/2024 06:00:00,0,260,,,,,,,,,,,,,,,,,,
15/02/2024 05:45:00,0,261,,,,,,,,,,,,,,,,,,
15/02/2024 05:30:00,0,260,,,,,,,,,,,,,,,,,,
15/02/2024 05:15:00,0,259,,,,,,,,,,,,,,,,,,
15/02/2024 05:00:00,0,260,,,,,,,,,,,,,,,,,,
15/02/2024 04:45:00,0,260,,,,,,,,,,,,,,,,,,
15/02/2024 04:30:00,0,258,,,,,,,,,,,,,,,,,,
15/02/2024 04:15:00,0,259,,,,,,,,,,,,,,,,,,
15/02/2024 04:00:00,0,259,,,,,,,,,,,,,,,,,,
15/02/2024 03:45:00,0,257,,,,,,,,,,,,,,,,,,
15/02/2024 03:30:00,0,257,,,,,,,,,,,,,,,,,,
15/02/2024 03:15:00,0,258,,,,,,,,,,,,,,,,,,
15/02/2024 03:00:00,0,258,,,,,,,,,,,,,,,,,,
15/02/2024 02:45:00,0,257,,,,,,,,,,,,,,,,,,
15/02/2024 02:30:00,0,257,,,,,,,,,,,,,,,,,,
15/02/2024 02:15:00,0,257,,,,,,,,,,,,,,,,,,
15/02/2024 02:00:00,0,257,,,,,,,,,,,,,,,,,,
15/02/2024 01:45:00,0,257,,,,,,,,,,,,,,,,,,
15/02/2024 01:30:00,0,256,,,,,,,,,,,,,,,,,,
15/02/2024 01:15:00,0,256,,,,,,,,,,,,,,,,,,
15/02/2024 01:00:00,0,254,,,,,,,,,,,,,,,,,,
15/02/2024 00:45:00,0,255,,,,,,,,,,,,,,,,,,
15/02/2024 00:30:00,0,255,,,,,,,,,,,,,,,,,,
15/02/2024 00:15:00,0,255,,,,,,,,,,,,,,,,,,
15/02/2024 00:00:00,0,254,,,,,,,,,,,,,,,,,,
14/02/2024 23:45:00,0,255,,,,,,,,,,,,,,,,,,
14/02/2024 23:30:00,0,254,,,,,,,,,,,,,,,,,,
14/02/2024 23:15:00,0,254,,,,,,,,,,,,,,,,,,
14/02/2024 23:00:00,0,253,,,,,,,,,,,,,,,,,,
14/02/2024 22:45:00,0,254,,,,,,,,,,,,,,,,,,
14/02/2024 22:30:00,0,253,,,,,,,,,,,,,,,,,,
14/02/2024 22:15:00,0,254,,,,,,,,,,,,,,,,,,
14/02/2024 22:00:00,0,253,,,,,,,,,,,,,,,,,,
14/02/2024 21:45:00,0,253,,,,,,,,,,,,,,,,,,
14/02/2024 21:30:00,0,253,,,,,,,,,,,,,,,,,,
14/02/2024 21:15:00,0,253,,,,,,,,,,,,,,,,,,
14/02/2024 21:00:00,0,253,,,,,,,,,,,,,,,,,,
14/02/2024 20:45:00,0,253,,,,,,,,,,,,,,,,,,
14/02/2024 20:30:00,0,253,,,,,,,,,,,,,,,,,,
14/02/2024 20:15:00,0,252,,,,,,,,,,,,,,,,,,
14/02/2024 20:00:00,0,253,,,,,,,,,,,,,,,,,,
14/02/2024 19:45:00,0,252,,,,,,,,,,,,,,,,,,
14/02/2024 19:30:00,0,252,,,,,,,,,,,,,,,,,,
14/02/2024 19:15:00,0,252,,,,,,,,,,,,,,,,,,
14/02/2024 19:00:00,0,252,,,,,,,,,,,,,,,,,,
14/02/2024 18:45:00,0,252,,,,,,,,,,,,,,,,,,
14/02/2024 18:30:00,0,251,,,,,,,,,,,,,,,,,,
14/02/2024 18:15:00,0,250,,,,,,,,,,,,,,,,,,
14/02/2024 18:00:00,0,251,,,,,,,,,,,,,,,,,,
14/02/2024 17:45:00,0,252,,,,,,,,,,,,,,,,,,
14/02/2024 17:30:00,0,251,,,,,,,,,,,,,,,,,,
14/02/2024 17:15:00,0,249,,,,,,,,,,,,,,,,,,
14/02/2024 17:00:00,0,252,,,,,,,,,,,,,,,,,,
14/02/2024 16:45:00,0,250,,,,,,,,,,,,,,,,,,
14/02/2024 16:30:00,0,251,,,,,,,,,,,,,,,,,,
14/02/2024 16:15:00,0,249,,,,,,,,,,,,,,,,,,
14/02/2024 16:00:00,0,249,,,,,,,,,,,,,,,,,,
14/02/2024 15:45:00,0,250,,,,,,,,,,,,,,,,,,
14/02/2024 15:30:00,0,249,,,,,,,,,,,,,,,,,,
14/02/2024 15:15:00,0,248,,,,,,,,,,,,,,,,,,
14/02/2024 15:00:00,0,248,,,,,,,,,,,,,,,,,,
14/02/2024 14:45:00,0,248,,,,,,,,,,,,,,,,,,
14/02/2024 14:30:00,0,247,,,,,,,,,,,,,,,,,,
14/02/2024 14:15:00,0,248,,,,,,,,,,,,,,,,,,
14/02/2024 14:00:00,0,248,,,,,,,,,,,,,,,,,,
14/02/2024 13:45:00,0,248,,,,,,,,,,,,,,,,,,
14/02/2024 13:30:00,0,248,,,,,,,,,,,,,,,,,,
14/02/2024 13:15:00,0,247,,,,,,,,,,,,,,,,,,
14/02/2024 13:00:00,0,246,,,,,,,,,,,,,,,,,,
14/02/2024 12:45:00,0,246,,,,,,,,,,,,,,,,,,
14/02/2024 12:30:00,0,246,,,,,,,,,,,,,,,,,,
14/02/2024 12:15:00,0,246,,,,,,,,,,,,,,,,,,
14/02/2024 12:00:00,0,245,,,,,,,,,,,,,,,,,,
14/02/2024 11:45:00,0,246,,,,,,,,,,,,,,,,,,
14/02/2024 11:30:00,0,245,,,,,,,,,,,,,,,,,,
14/02/2024 11:15:00,0,245,,,,,,,,,,,,,,,,,,
14/02/2024 11:00:00,0,245,,,,,,,,,,,,,,,,,,
14/02/2024 10:45:00,0,245,,,,,,,,,,,,,,,,,,
14/02/2024 10:30:00,0.2,244,,,,,,,,,,,,,,,,,,
14/02/2024 10:15:00,0,245,,,,,,,,,,,,,,,,,,
14/02/2024 10:00:00,0,244,,,,,,,,,,,,,,,,,,
14/02/2024 09:45:00,0,246,,,,,,,,,,,,,,,,,,
14/02/2024 09:30:00,0,245,,,,,,,,,,,,,,,,,,
14/02/2024 09:15:00,0,245,,,,,,,,,,,,,,,,,,
14/02/2024 09:00:00,0,245,,,,,,,,,,,,,,,,,,
14/02/2024 08:45:00,0,245,,,,,,,,,,,,,,,,,,
14/02/2024 08:30:00,0,244,,,,,,,,,,,,,,,,,,
14/02/2024 08:15:00,0,244,,,,,,,,,,,,,,,,,,
14/02/2024 08:00:00,0,244,,,,,,,,,,,,,,,,,,
14/02/2024 07:45:00,0,244,,,,,,,,,,,,,,,,,,
14/02/2024 07:30:00,0,244,,,,,,,,,,,,,,,,,,
14/02/2024 07:15:00,0,243,,,,,,,,,,,,,,,,,,
14/02/2024 07:00:00,0,243,,,,,,,,,,,,,,,,,,
14/02/2024 06:45:00,0,243,,,,,,,,,,,,,,,,,,
14/02/2024 06:30:00,0,242,,,,,,,,,,,,,,,,,,
14/02/2024 06:15:00,0,242,,,,,,,,,,,,,,,,,,
14/02/2024 06:00:00,0,242,,,,,,,,,,,,,,,,,,
14/02/2024 05:45:00,0,241,,,,,,,,,,,,,,,,,,
14/02/2024 05:30:00,0,241,,,,,,,,,,,,,,,,,,
14/02/2024 05:15:00,0,241,,,,,,,,,,,,,,,,,,
14/02/2024 05:00:00,0,241,,,,,,,,,,,,,,,,,,
14/02/2024 04:45:00,0,240,,,,,,,,,,,,,,,,,,
14/02/2024 04:30:00,0,240,,,,,,,,,,,,,,,,,,
14/02/2024 04:15:00,0,240,,,,,,,,,,,,,,,,,,
14/02/2024 04:00:00,0,240,,,,,,,,,,,,,,,,,,
14/02/2024 03:45:00,0,239,,,,,,,,,,,,,,,,,,
14/02/2024 03:30:00,0,239,,,,,,,,,,,,,,,,,,
14/02/2024 03:15:00,0,239,,,,,,,,,,,,,,,,,,
14/02/2024 03:00:00,0,239,,,,,,,,,,,,,,,,,,
14/02/2024 02:45:00,0,238,,,,,,,,,,,,,,,,,,
14/02/2024 02:30:00,0,239,,,,,,,,,,,,,,,,,,
14/02/2024 02:15:00,0,238,,,,,,,,,,,,,,,,,,
14/02/2024 02:00:00,0,238,,,,,,,,,,,,,,,,,,
14/02/2024 01:45:00,0,238,,,,,,,,,,,,,,,,,,
14/02/2024 01:30:00,0,237,,,,,,,,,,,,,,,,,,
14/02/2024 01:15:00,0,237,,,,,,,,,,,,,,,,,,
14/02/2024 01:00:00,0,237,,,,,,,,,,,,,,,,,,
14/02/2024 00:45:00,0,237,,,,,,,,,,,,,,,,,,
14/02/2024 00:30:00,0,237,,,,,,,,,,,,,,,,,,
14/02/2024 00:15:00,0.2,236,,,,,,,,,,,,,,,,,,
14/02/2024 00:00:00,0,235,,,,,,,,,,,,,,,,,,
13/02/2024 23:45:00,0,236,,,,,,,,,,,,,,,,,,
13/02/2024 23:30:00,0,236,,,,,,,,,,,,,,,,,,
13/02/2024 23:15:00,0,236,,,,,,,,,,,,,,,,,,
13/02/2024 23:00:00,0,235,,,,,,,,,,,,,,,,,,
13/02/2024 22:45:00,0,235,,,,,,,,,,,,,,,,,,
13/02/2024 22:30:00,0,235,,,,,,,,,,,,,,,,,,
13/02/2024 22:15:00,0,235,,,,,,,,,,,,,,,,,,
13/02/2024 22:00:00,0,235,,,,,,,,,,,,,,,,,,
13/02/2024 21:45:00,0,235,,,,,,,,,,,,,,,,,,
13/02/2024 21:30:00,0,234,,,,,,,,,,,,,,,,,,
13/02/2024 21:15:00,0,235,,,,,,,,,,,,,,,,,,
13/02/2024 21:00:00,0,235,,,,,,,,,,,,,,,,,,
13/02/2024 20:45:00,0,234,,,,,,,,,,,,,,,,,,
13/02/2024 20:30:00,0,234,,,,,,,,,,,,,,,,,,
13/02/2024 20:15:00,0,234,,,,,,,,,,,,,,,,,,
13/02/2024 20:00:00,0,234,,,,,,,,,,,,,,,,,,
13/02/2024 19:45:00,0,233,,,,,,,,,,,,,,,,,,
13/02/2024 19:30:00,0,233,,,,,,,,,,,,,,,,,,
13/02/2024 19:15:00,0,233,,,,,,,,,,,,,,,,,,
13/02/2024 19:00:00,0,233,,,,,,,,,,,,,,,,,,
13/02/2024 18:45:00,0,233,,,,,,,,,,,,,,,,,,
13/02/2024 18:30:00,0.2,233,,,,,,,,,,,,,,,,,,
13/02/2024 18:15:00,0,232,,,,,,,,,,,,,,,,,,
13/02/2024 18:00:00,0,232,,,,,,,,,,,,,,,,,,
13/02/2024 17:45:00,0,233,,,,,,,,,,,,,,,,,,
13/02/2024 17:30:00,0.2,231,,,,,,,,,,,,,,,,,,
13/02/2024 17:15:00,0,233,,,,,,,,,,,,,,,,,,
13/02/2024 17:00:00,0.2,234,,,,,,,,,,,,,,,,,,
13/02/2024 16:45:00,0,232,,,,,,,,,,,,,,,,,,
13/02/2024 16:30:00,0.2,232,,,,,,,,,,,,,,,,,,
13/02/2024 16:15:00,0.4,232,,,,,,,,,,,,,,,,,,
13/02/2024 16:00:00,0.8,233,,,,,,,,,,,,,,,,,,
13/02/2024 15:45:00,2.2,232,,,,,,,,,,,,,,,,,,
13/02/2024 15:30:00,4.8,232,,,,,,,,,,,,,,,,,,
13/02/2024 15:15:00,0.6,232,,,,,,,,,,,,,,,,,,
13/02/2024 15:00:00,0.2,232,,,,,,,,,,,,,,,,,,
13/02/2024 14:45:00,0.6,232,,,,,,,,,,,,,,,,,,
13/02/2024 14:30:00,1.2,232,,,,,,,,,,,,,,,,,,
13/02/2024 14:15:00,1.4,232,,,,,,,,,,,,,,,,,,
13/02/2024 14:00:00,1.2,231,,,,,,,,,,,,,,,,,,
13/02/2024 13:45:00,1.4,232,,,,,,,,,,,,,,,,,,
13/02/2024 13:30:00,0.2,231,,,,,,,,,,,,,,,,,,
13/02/2024 13:15:00,0,231,,,,,,,,,,,,,,,,,,
13/02/2024 13:00:00,0,231,,,,,,,,,,,,,,,,,,
13/02/2024 12:45:00,0,231,,,,,,,,,,,,,,,,,,
13/02/2024 12:30:00,0,231,,,,,,,,,,,,,,,,,,
13/02/2024 12:15:00,0,232,,,,,,,,,,,,,,,,,,
13/02/2024 12:00:00,0,231,,,,,,,,,,,,,,,,,,
13/02/2024 11:45:00,0,232,,,,,,,,,,,,,,,,,,
13/02/2024 11:30:00,0,232,,,,,,,,,,,,,,,,,,
13/02/2024 11:15:00,0,232,,,,,,,,,,,,,,,,,,
13/02/2024 11:00:00,0,232,,,,,,,,,,,,,,,,,,
13/02/2024 10:45:00,0,232,,,,,,,,,,,,,,,,,,
13/02/2024 10:30:00,0,232,,,,,,,,,,,,,,,,,,
13/02/2024 10:15:00,0,233,,,,,,,,,,,,,,,,,,
13/02/2024 10:00:00,0.6,233,,,,,,,,,,,,,,,,,,
13/02/2024 09:45:00,0.6,233,,,,,,,,,,,,,,,,,,
13/02/2024 09:30:00,0.6,233,,,,,,,,,,,,,,,,,,
13/02/2024 09:15:00,0,233,,,,,,,,,,,,,,,,,,
13/02/2024 09:00:00,0,233,,,,,,,,,,,,,,,,,,
13/02/2024 08:45:00,0,233,,,,,,,,,,,,,,,,,,
13/02/2024 08:30:00,0,233,,,,,,,,,,,,,,,,,,
13/02/2024 08:15:00,0,234,,,,,,,,,,,,,,,,,,
13/02/2024 08:00:00,0,233,,,,,,,,,,,,,,,,,,
13/02/2024 07:45:00,0,234,,,,,,,,,,,,,,,,,,
13/02/2024 07:30:00,0,234,,,,,,,,,,,,,,,,,,
13/02/2024 07:15:00,0,235,,,,,,,,,,,,,,,,,,
13/02/2024 07:00:00,0,234,,,,,,,,,,,,,,,,,,
13/02/2024 06:45:00,0,235,,,,,,,,,,,,,,,,,,
13/02/2024 06:30:00,0,235,,,,,,,,,,,,,,,,,,
13/02/2024 06:15:00,0.2,235,,,,,,,,,,,,,,,,,,
13/02/2024 06:00:00,0,236,,,,,,,,,,,,,,,,,,
13/02/2024 05:45:00,0,235,,,,,,,,,,,,,,,,,,
13/02/2024 05:30:00,0,235,,,,,,,,,,,,,,,,,,
13/02/2024 05:15:00,0,236,,,,,,,,,,,,,,,,,,
13/02/2024 05:00:00,0.2,236,,,,,,,,,,,,,,,,,,
13/02/2024 04:45:00,0.2,236,,,,,,,,,,,,,,,,,,
13/02/2024 04:30:00,0,236,,,,,,,,,,,,,,,,,,
13/02/2024 04:15:00,0,236,,,,,,,,,,,,,,,,,,
13/02/2024 04:00:00,0,236,,,,,,,,,,,,,,,,,,
13/02/2024 03:45:00,0.2,236,,,,,,,,,,,,,,,,,,
13/02/2024 03:30:00,0.2,237,,,,,,,,,,,,,,,,,,
13/02/2024 03:15:00,0.2,238,,,,,,,,,,,,,,,,,,
13/02/2024 03:00:00,0.2,238,,,,,,,,,,,,,,,,,,
13/02/2024 02:45:00,0,238,,,,,,,,,,,,,,,,,,
13/02/2024 02:30:00,0,238,,,,,,,,,,,,,,,,,,
13/02/2024 02:15:00,0,238,,,,,,,,,,,,,,,,,,
13/02/2024 02:00:00,0,238,,,,,,,,,,,,,,,,,,
13/02/2024 01:45:00,0,238,,,,,,,,,,,,,,,,,,
13/02/2024 01:30:00,0,239,,,,,,,,,,,,,,,,,,
13/02/2024 01:15:00,0,239,,,,,,,,,,,,,,,,,,
13/02/2024 01:00:00,0,239,,,,,,,,,,,,,,,,,,
13/02/2024 00:45:00,0,240,,,,,,,,,,,,,,,,,,
13/02/2024 00:30:00,0,240,,,,,,,,,,,,,,,,,,
13/02/2024 00:15:00,0,240,,,,,,,,,,,,,,,,,,
13/02/2024 00:00:00,0,240,,,,,,,,,,,,,,,,,,
12/2/2024 23:45,0,239,,,,,,,,,,,,,,,,,,
12/2/2024 23:30,0,240,,,,,,,,,,,,,,,,,,
12/2/2024 23:15,0,240,,,,,,,,,,,,,,,,,,
12/2/2024 23:00,0,240,,,,,,,,,,,,,,,,,,
12/2/2024 22:45,0,242,,,,,,,,,,,,,,,,,,
12/2/2024 22:30,0,242,,,,,,,,,,,,,,,,,,
12/2/2024 22:15,0,242,,,,,,,,,,,,,,,,,,
12/2/2024 22:00,0,243,,,,,,,,,,,,,,,,,,
12/2/2024 21:45,0,243,,,,,,,,,,,,,,,,,,
12/2/2024 21:30,0,243,,,,,,,,,,,,,,,,,,
12/2/2024 21:15,0,244,,,,,,,,,,,,,,,,,,
12/2/2024 21:00,0,244,,,,,,,,,,,,,,,,,,
12/2/2024 20:45,0,245,,,,,,,,,,,,,,,,,,
12/2/2024 20:30,0,243,,,,,,,,,,,,,,,,,,
12/2/2024 20:15,0,244,,,,,,,,,,,,,,,,,,
12/2/2024 20:00,0,243,,,,,,,,,,,,,,,,,,
12/2/2024 19:45,0,244,,,,,,,,,,,,,,,,,,
12/2/2024 19:30,0,245,,,,,,,,,,,,,,,,,,
12/2/2024 19:15,0.2,245,,,,,,,,,,,,,,,,,,
12/2/2024 19:00,0.8,246,,,,,,,,,,,,,,,,,,
12/2/2024 18:45,5.2,245,,,,,,,,,,,,,,,,,,
12/2/2024 18:30,0,246,,,,,,,,,,,,,,,,,,
12/2/2024 18:15,3.4,246,,,,,,,,,,,,,,,,,,
12/2/2024 18:00,0.2,244,,,,,,,,,,,,,,,,,,
12/2/2024 17:45,0,244,,,,,,,,,,,,,,,,,,
12/2/2024 17:30,2,245,,,,,,,,,,,,,,,,,,
12/2/2024 17:15,2.2,246,,,,,,,,,,,,,,,,,,
12/2/2024 17:00,0.8,247,,,,,,,,,,,,,,,,,,
12/2/2024 16:45,1.4,246,,,,,,,,,,,,,,,,,,
12/2/2024 16:30,0,247,,,,,,,,,,,,,,,,,,
12/2/2024 16:15,0,247,,,,,,,,,,,,,,,,,,
12/2/2024 16:00,0,247,,,,,,,,,,,,,,,,,,
12/2/2024 15:45,0,247,,,,,,,,,,,,,,,,,,
12/2/2024 15:30,0,248,,,,,,,,,,,,,,,,,,
12/2/2024 15:15,0,249,,,,,,,,,,,,,,,,,,
12/2/2024 15:00,0,249,,,,,,,,,,,,,,,,,,
12/2/2024 14:45,0,250,,,,,,,,,,,,,,,,,,
12/2/2024 14:30,0,249,,,,,,,,,,,,,,,,,,
12/2/2024 14:15,0,250,,,,,,,,,,,,,,,,,,
12/2/2024 14:00,0,250,,,,,,,,,,,,,,,,,,
12/2/2024 13:45,0,250,,,,,,,,,,,,,,,,,,
12/2/2024 13:30,0,249,,,,,,,,,,,,,,,,,,
12/2/2024 13:15,0,249,,,,,,,,,,,,,,,,,,
12/2/2024 13:00,0,248,,,,,,,,,,,,,,,,,,
12/2/2024 12:45,0,250,,,,,,,,,,,,,,,,,,
12/2/2024 12:30,0,250,,,,,,,,,,,,,,,,,,
12/2/2024 12:15,0,250,,,,,,,,,,,,,,,,,,
12/2/2024 12:00,0,250,,,,,,,,,,,,,,,,,,
12/2/2024 11:45,0,249,,,,,,,,,,,,,,,,,,
12/2/2024 11:30,0,249,,,,,,,,,,,,,,,,,,
12/2/2024 11:15,0,248,,,,,,,,,,,,,,,,,,
12/2/2024 11:00,0,249,,,,,,,,,,,,,,,,,,
12/2/2024 10:45,0,248,,,,,,,,,,,,,,,,,,
12/2/2024 10:30,0,250,,,,,,,,,,,,,,,,,,
12/2/2024 10:15,0,249,,,,,,,,,,,,,,,,,,
12/2/2024 10:00,0,250,,,,,,,,,,,,,,,,,,
12/2/2024 9:45,0,251,,,,,,,,,,,,,,,,,,
12/2/2024 9:30,0,251,,,,,,,,,,,,,,,,,,
12/2/2024 9:15,0,251,,,,,,,,,,,,,,,,,,
12/2/2024 9:00,0,251,,,,,,,,,,,,,,,,,,
12/2/2024 8:45,0,251,,,,,,,,,,,,,,,,,,
12/2/2024 8:30,0,250,,,,,,,,,,,,,,,,,,
12/2/2024 8:15,0,251,,,,,,,,,,,,,,,,,,
12/2/2024 8:00,0,251,,,,,,,,,,,,,,,,,,
12/2/2024 7:45,0,251,,,,,,,,,,,,,,,,,,
12/2/2024 7:30,0,251,,,,,,,,,,,,,,,,,,
12/2/2024 7:15,0,251,,,,,,,,,,,,,,,,,,
12/2/2024 7:00,0,250,,,,,,,,,,,,,,,,,,
12/2/2024 6:45,0,251,,,,,,,,,,,,,,,,,,
12/2/2024 6:30,0,251,,,,,,,,,,,,,,,,,,
12/2/2024 6:15,0,251,,,,,,,,,,,,,,,,,,
12/2/2024 6:00,0,251,,,,,,,,,,,,,,,,,,
12/2/2024 5:45,0,251,,,,,,,,,,,,,,,,,,
12/2/2024 5:30,0,251,,,,,,,,,,,,,,,,,,
12/2/2024 5:15,0,252,,,,,,,,,,,,,,,,,,
12/2/2024 5:00,0,251,,,,,,,,,,,,,,,,,,
12/2/2024 4:45,0,251,,,,,,,,,,,,,,,,,,
12/2/2024 4:30,0,251,,,,,,,,,,,,,,,,,,
12/2/2024 4:15,0,251,,,,,,,,,,,,,,,,,,
12/2/2024 4:00,0,251,,,,,,,,,,,,,,,,,,
12/2/2024 3:45,0,251,,,,,,,,,,,,,,,,,,
12/2/2024 3:30,0,251,,,,,,,,,,,,,,,,,,
12/2/2024 3:15,0,252,,,,,,,,,,,,,,,,,,
12/2/2024 3:00,0,251,,,,,,,,,,,,,,,,,,
12/2/2024 2:45,0,251,,,,,,,,,,,,,,,,,,
12/2/2024 2:30,0,251,,,,,,,,,,,,,,,,,,
12/2/2024 2:15,0,251,,,,,,,,,,,,,,,,,,
12/2/2024 2:00,0,251,,,,,,,,,,,,,,,,,,
12/2/2024 1:45,0,251,,,,,,,,,,,,,,,,,,
12/2/2024 1:30,0,252,,,,,,,,,,,,,,,,,,
12/2/2024 1:15,0,251,,,,,,,,,,,,,,,,,,
12/2/2024 1:00,0,251,,,,,,,,,,,,,,,,,,
12/2/2024 0:45,0,251,,,,,,,,,,,,,,,,,,
12/2/2024 0:30,0,251,,,,,,,,,,,,,,,,,,
12/2/2024 0:15,0,251,,,,,,,,,,,,,,,,,,
12/2/2024 0:00,0,250,,,,,,,,,,,,,,,,,,
11/2/2024 23:45,0,251,,,,,,,,,,,,,,,,,,
11/2/2024 23:30,0,251,,,,,,,,,,,,,,,,,,
11/2/2024 23:15,0,251,,,,,,,,,,,,,,,,,,
11/2/2024 23:00,0,251,,,,,,,,,,,,,,,,,,
11/2/2024 22:45,0,251,,,,,,,,,,,,,,,,,,
11/2/2024 22:30,0,251,,,,,,,,,,,,,,,,,,
11/2/2024 22:15,0,251,,,,,,,,,,,,,,,,,,
11/2/2024 22:00,0,251,,,,,,,,,,,,,,,,,,
11/2/2024 21:45,0,251,,,,,,,,,,,,,,,,,,
11/2/2024 21:30,0,251,,,,,,,,,,,,,,,,,,
11/2/2024 21:15,0,251,,,,,,,,,,,,,,,,,,
11/2/2024 21:00,0,251,,,,,,,,,,,,,,,,,,
11/2/2024 20:45,0,251,,,,,,,,,,,,,,,,,,
11/2/2024 20:30,0,252,,,,,,,,,,,,,,,,,,
11/2/2024 20:15,0,251,,,,,,,,,,,,,,,,,,
11/2/2024 20:00,0,250,,,,,,,,,,,,,,,,,,
11/2/2024 19:45,0,250,,,,,,,,,,,,,,,,,,
11/2/2024 19:30,0,250,,,,,,,,,,,,,,,,,,
11/2/2024 19:15,0,251,,,,,,,,,,,,,,,,,,
11/2/2024 19:00,0,250,,,,,,,,,,,,,,,,,,
11/2/2024 18:45,0,250,,,,,,,,,,,,,,,,,,
11/2/2024 18:30,0,251,,,,,,,,,,,,,,,,,,
11/2/2024 18:15,0,250,,,,,,,,,,,,,,,,,,
11/2/2024 18:00,0,250,,,,,,,,,,,,,,,,,,
11/2/2024 17:45,0,251,,,,,,,,,,,,,,,,,,
11/2/2024 17:30,0,250,,,,,,,,,,,,,,,,,,
11/2/2024 17:15,0,251,,,,,,,,,,,,,,,,,,
11/2/2024 17:00,0,252,,,,,,,,,,,,,,,,,,
11/2/2024 16:45,0,250,,,,,,,,,,,,,,,,,,
11/2/2024 16:30,0,251,,,,,,,,,,,,,,,,,,
11/2/2024 16:15,0,251,,,,,,,,,,,,,,,,,,
11/2/2024 16:00,0,251,,,,,,,,,,,,,,,,,,
11/2/2024 15:45,0,250,,,,,,,,,,,,,,,,,,
11/2/2024 15:30,0,251,,,,,,,,,,,,,,,,,,
11/2/2024 15:15,0,251,,,,,,,,,,,,,,,,,,
11/2/2024 15:00,0,251,,,,,,,,,,,,,,,,,,
11/2/2024 14:45,0,251,,,,,,,,,,,,,,,,,,
11/2/2024 14:30,0,251,,,,,,,,,,,,,,,,,,
11/2/2024 14:15,0,250,,,,,,,,,,,,,,,,,,
11/2/2024 14:00,0,250,,,,,,,,,,,,,,,,,,
11/2/2024 13:45,0,251,,,,,,,,,,,,,,,,,,
11/2/2024 13:30,0,250,,,,,,,,,,,,,,,,,,
11/2/2024 13:15,0,250,,,,,,,,,,,,,,,,,,
11/2/2024 13:00,0,250,,,,,,,,,,,,,,,,,,
11/2/2024 12:45,0,250,,,,,,,,,,,,,,,,,,
11/2/2024 12:30,0,250,,,,,,,,,,,,,,,,,,
11/2/2024 12:15,0,250,,,,,,,,,,,,,,,,,,
11/2/2024 12:00,0,250,,,,,,,,,,,,,,,,,,
11/2/2024 11:45,0,251,,,,,,,,,,,,,,,,,,
11/2/2024 11:30,0,250,,,,,,,,,,,,,,,,,,
11/2/2024 11:15,0,251,,,,,,,,,,,,,,,,,,
11/2/2024 11:00,0,252,,,,,,,,,,,,,,,,,,
11/2/2024 10:45,0,252,,,,,,,,,,,,,,,,,,
11/2/2024 10:30,0,253,,,,,,,,,,,,,,,,,,
11/2/2024 10:15,0,252,,,,,,,,,,,,,,,,,,
11/2/2024 10:00,0,252,,,,,,,,,,,,,,,,,,
11/2/2024 9:45,0,252,,,,,,,,,,,,,,,,,,
11/2/2024 9:30,0,252,,,,,,,,,,,,,,,,,,
11/2/2024 9:15,0,252,,,,,,,,,,,,,,,,,,
11/2/2024 9:00,0,253,,,,,,,,,,,,,,,,,,
11/2/2024 8:45,0,252,,,,,,,,,,,,,,,,,,
11/2/2024 8:30,0,253,,,,,,,,,,,,,,,,,,
11/2/2024 8:15,0,253,,,,,,,,,,,,,,,,,,
11/2/2024 8:00,0,252,,,,,,,,,,,,,,,,,,
11/2/2024 7:45,0,253,,,,,,,,,,,,,,,,,,
11/2/2024 7:30,0,253,,,,,,,,,,,,,,,,,,
11/2/2024 7:15,0,253,,,,,,,,,,,,,,,,,,
11/2/2024 7:00,0,252,,,,,,,,,,,,,,,,,,
11/2/2024 6:45,0,253,,,,,,,,,,,,,,,,,,
11/2/2024 6:30,0,253,,,,,,,,,,,,,,,,,,
11/2/2024 6:15,0,253,,,,,,,,,,,,,,,,,,
11/2/2024 6:00,0,254,,,,,,,,,,,,,,,,,,
11/2/2024 5:45,0,253,,,,,,,,,,,,,,,,,,
11/2/2024 5:30,0,252,,,,,,,,,,,,,,,,,,
11/2/2024 5:15,0,254,,,,,,,,,,,,,,,,,,
11/2/2024 5:00,0,254,,,,,,,,,,,,,,,,,,
11/2/2024 4:45,0,254,,,,,,,,,,,,,,,,,,
11/2/2024 4:30,0,254,,,,,,,,,,,,,,,,,,
11/2/2024 4:15,0,254,,,,,,,,,,,,,,,,,,
11/2/2024 4:00,0,254,,,,,,,,,,,,,,,,,,
11/2/2024 3:45,0,254,,,,,,,,,,,,,,,,,,
11/2/2024 3:30,0,254,,,,,,,,,,,,,,,,,,
11/2/2024 3:15,0,254,,,,,,,,,,,,,,,,,,
11/2/2024 3:00,0,254,,,,,,,,,,,,,,,,,,
11/2/2024 2:45,0,254,,,,,,,,,,,,,,,,,,
11/2/2024 2:30,0,254,,,,,,,,,,,,,,,,,,
11/2/2024 2:15,0,254,,,,,,,,,,,,,,,,,,
11/2/2024 2:00,0,254,,,,,,,,,,,,,,,,,,
11/2/2024 1:45,0,254,,,,,,,,,,,,,,,,,,
11/2/2024 1:30,0,254,,,,,,,,,,,,,,,,,,
11/2/2024 1:15,0,254,,,,,,,,,,,,,,,,,,
11/2/2024 1:00,0,254,,,,,,,,,,,,,,,,,,
11/2/2024 0:45,0,254,,,,,,,,,,,,,,,,,,
11/2/2024 0:30,0,254,,,,,,,,,,,,,,,,,,
11/2/2024 0:15,0,254,,,,,,,,,,,,,,,,,,
11/2/2024 0:00,0,255,,,,,,,,,,,,,,,,,,
10/2/2024 23:45,0,255,,,,,,,,,,,,,,,,,,
10/2/2024 23:30,0,255,,,,,,,,,,,,,,,,,,
10/2/2024 23:15,0,254,,,,,,,,,,,,,,,,,,
10/2/2024 23:00,0,254,,,,,,,,,,,,,,,,,,
10/2/2024 22:45,0,253,,,,,,,,,,,,,,,,,,
10/2/2024 22:30,0,254,,,,,,,,,,,,,,,,,,
10/2/2024 22:15,0,253,,,,,,,,,,,,,,,,,,
10/2/2024 22:00,0,255,,,,,,,,,,,,,,,,,,
10/2/2024 21:45,0,256,,,,,,,,,,,,,,,,,,
10/2/2024 21:30,0,255,,,,,,,,,,,,,,,,,,
10/2/2024 21:15,0,255,,,,,,,,,,,,,,,,,,
10/2/2024 21:00,0,255,,,,,,,,,,,,,,,,,,
10/2/2024 20:45,0,256,,,,,,,,,,,,,,,,,,
10/2/2024 20:30,0,254,,,,,,,,,,,,,,,,,,
10/2/2024 20:15,0,256,,,,,,,,,,,,,,,,,,
10/2/2024 20:00,0,256,,,,,,,,,,,,,,,,,,
10/2/2024 19:45,0,256,,,,,,,,,,,,,,,,,,
10/2/2024 19:30,0,255,,,,,,,,,,,,,,,,,,
10/2/2024 19:15,0,256,,,,,,,,,,,,,,,,,,
10/2/2024 19:00,0,256,,,,,,,,,,,,,,,,,,
10/2/2024 18:45,0,256,,,,,,,,,,,,,,,,,,
10/2/2024 18:30,0,255,,,,,,,,,,,,,,,,,,
10/2/2024 18:15,0,255,,,,,,,,,,,,,,,,,,
10/2/2024 18:00,0,256,,,,,,,,,,,,,,,,,,
10/2/2024 17:45,0,256,,,,,,,,,,,,,,,,,,
10/2/2024 17:30,0,256,,,,,,,,,,,,,,,,,,
10/2/2024 17:15,0,256,,,,,,,,,,,,,,,,,,
10/2/2024 17:00,0,256,,,,,,,,,,,,,,,,,,
10/2/2024 16:45,0,256,,,,,,,,,,,,,,,,,,
10/2/2024 16:30,0,254.98,,,,,,,,,,,,,,,,,,
10/2/2024 16:15,0,255.97,,,,,,,,,,,,,,,,,,
10/2/2024 16:00,0,254.96,,,,,,,,,,,,,,,,,,
10/2/2024 15:45,0,255.95,,,,,,,,,,,,,,,,,,
10/2/2024 15:30,0,255.93,,,,,,,,,,,,,,,,,,
10/2/2024 15:15,0,255.91,,,,,,,,,,,,,,,,,,
10/2/2024 15:00,0,255.9,,,,,,,,,,,,,,,,,,
10/2/2024 14:45,0,254.89,,,,,,,,,,,,,,,,,,
10/2/2024 14:30,0,254.88,,,,,,,,,,,,,,,,,,
10/2/2024 14:15,0,255.86,,,,,,,,,,,,,,,,,,
10/2/2024 14:00,0,255.84,,,,,,,,,,,,,,,,,,
10/2/2024 13:45,0,255.83,,,,,,,,,,,,,,,,,,
10/2/2024 13:30,0,256.82,,,,,,,,,,,,,,,,,,
10/2/2024 13:15,0,255.81,,,,,,,,,,,,,,,,,,
10/2/2024 13:00,0,255.79,,,,,,,,,,,,,,,,,,
10/2/2024 12:45,0,254.77,,,,,,,,,,,,,,,,,,
10/2/2024 12:30,0,255.76,,,,,,,,,,,,,,,,,,
10/2/2024 12:15,0,255.75,,,,,,,,,,,,,,,,,,
10/2/2024 12:00,0,255.74,,,,,,,,,,,,,,,,,,
10/2/2024 11:45,0,255.72,,,,,,,,,,,,,,,,,,
10/2/2024 11:30,0,254.7,,,,,,,,,,,,,,,,,,
10/2/2024 11:15,0,255.69,,,,,,,,,,,,,,,,,,
10/2/2024 11:00,0,254.68,,,,,,,,,,,,,,,,,,
10/2/2024 10:45,0,255.67,,,,,,,,,,,,,,,,,,
10/2/2024 10:30,0,255.65,,,,,,,,,,,,,,,,,,
10/2/2024 10:15,0,256.63,,,,,,,,,,,,,,,,,,
10/2/2024 10:00,0,256.62,,,,,,,,,,,,,,,,,,
10/2/2024 9:45,0,256.61,,,,,,,,,,,,,,,,,,
10/2/2024 9:30,0,255.6,,,,,,,,,,,,,,,,,,
10/2/2024 9:15,0,255.58,,,,,,,,,,,,,,,,,,
10/2/2024 9:00,0,255.56,,,,,,,,,,,,,,,,,,
10/2/2024 8:45,0,256.55,,,,,,,,,,,,,,,,,,
10/2/2024 8:30,0,255.54,,,,,,,,,,,,,,,,,,
10/2/2024 8:15,0,257.53,,,,,,,,,,,,,,,,,,
10/2/2024 8:00,0,255.51,,,,,,,,,,,,,,,,,,
10/2/2024 7:45,0,256.49,,,,,,,,,,,,,,,,,,
10/2/2024 7:30,0,256.49,,,,,,,,,,,,,,,,,,
10/2/2024 7:15,0,256.47,,,,,,,,,,,,,,,,,,
10/2/2024 7:00,0,256.46,,,,,,,,,,,,,,,,,,
10/2/2024 6:45,0,256.44,,,,,,,,,,,,,,,,,,
10/2/2024 6:30,0,256.42,,,,,,,,,,,,,,,,,,
10/2/2024 6:15,0,256.42,,,,,,,,,,,,,,,,,,
10/2/2024 6:00,0,255.4,,,,,,,,,,,,,,,,,,
10/2/2024 5:45,0,257.39,,,,,,,,,,,,,,,,,,
10/2/2024 5:30,0,257.37,,,,,,,,,,,,,,,,,,
10/2/2024 5:15,0,257.35,,,,,,,,,,,,,,,,,,
10/2/2024 5:00,0,256.35,,,,,,,,,,,,,,,,,,
10/2/2024 4:45,0,257.33,,,,,,,,,,,,,,,,,,
10/2/2024 4:30,0,258.32,,,,,,,,,,,,,,,,,,
10/2/2024 4:15,0,258.3,,,,,,,,,,,,,,,,,,
10/2/2024 4:00,0,258.28,,,,,,,,,,,,,,,,,,
10/2/2024 3:45,0,258.28,,,,,,,,,,,,,,,,,,
10/2/2024 3:30,0,259.26,,,,,,,,,,,,,,,,,,
10/2/2024 3:15,0,258.25,,,,,,,,,,,,,,,,,,
10/2/2024 3:00,0,259.23,,,,,,,,,,,,,,,,,,
10/2/2024 2:45,0,259.21,,,,,,,,,,,,,,,,,,
10/2/2024 2:30,0,260.21,,,,,,,,,,,,,,,,,,
10/2/2024 2:15,0,259.19,,,,,,,,,,,,,,,,,,
10/2/2024 2:00,0,259.18,,,,,,,,,,,,,,,,,,
10/2/2024 1:45,0,259.16,,,,,,,,,,,,,,,,,,
10/2/2024 1:30,0,259.14,,,,,,,,,,,,,,,,,,
10/2/2024 1:15,0,259.14,,,,,,,,,,,,,,,,,,
10/2/2024 1:00,0,260.12,,,,,,,,,,,,,,,,,,
10/2/2024 0:45,0,259.11,,,,,,,,,,,,,,,,,,
10/2/2024 0:30,0,259.09,,,,,,,,,,,,,,,,,,
10/2/2024 0:15,0,259.07,,,,,,,,,,,,,,,,,,
10/2/2024 0:00,0,258.07,,,,,,,,,,,,,,,,,,
9/2/2024 23:45,0,259.05,,,,,,,,,,,,,,,,,,
9/2/2024 23:30,0,260.04,,,,,,,,,,,,,,,,,,
9/2/2024 23:15,0,260.02,,,,,,,,,,,,,,,,,,
9/2/2024 23:00,0,260,,,,,,,,,,,,,,,,,,
9/2/2024 22:45,0,260,,,,,,,,,,,,,,,,,,
9/2/2024 22:30,0,259.98,,,,,,,,,,,,,,,,,,
9/2/2024 22:15,0,259.96,,,,,,,,,,,,,,,,,,
9/2/2024 22:00,0,259.95,,,,,,,,,,,,,,,,,,
9/2/2024 21:45,0,259.93,,,,,,,,,,,,,,,,,,
9/2/2024 21:30,0,259.93,,,,,,,,,,,,,,,,,,
9/2/2024 21:15,0,259.91,,,,,,,,,,,,,,,,,,
9/2/2024 21:00,0,258.89,,,,,,,,,,,,,,,,,,
9/2/2024 20:45,0,260.88,,,,,,,,,,,,,,,,,,
9/2/2024 20:30,0,259.86,,,,,,,,,,,,,,,,,,
9/2/2024 20:15,0,259.86,,,,,,,,,,,,,,,,,,
9/2/2024 20:00,0,259.84,,,,,,,,,,,,,,,,,,
9/2/2024 19:45,0,259.82,,,,,,,,,,,,,,,,,,
9/2/2024 19:30,0,260.81,,,,,,,,,,,,,,,,,,
9/2/2024 19:15,0,260.79,,,,,,,,,,,,,,,,,,
9/2/2024 19:00,0,260.79,,,,,,,,,,,,,,,,,,
9/2/2024 18:45,0,261.77,,,,,,,,,,,,,,,,,,
9/2/2024 18:30,0,261.75,,,,,,,,,,,,,,,,,,
9/2/2024 18:15,0,260.74,,,,,,,,,,,,,,,,,,
9/2/2024 18:00,0,261.72,,,,,,,,,,,,,,,,,,
9/2/2024 17:45,0,260.72,,,,,,,,,,,,,,,,,,
9/2/2024 17:30,0,261.7,,,,,,,,,,,,,,,,,,
9/2/2024 17:15,0,261.68,,,,,,,,,,,,,,,,,,
9/2/2024 17:00,0,262.67,,,,,,,,,,,,,,,,,,
9/2/2024 16:45,0,261.65,,,,,,,,,,,,,,,,,,
9/2/2024 16:30,0,261.65,,,,,,,,,,,,,,,,,,
9/2/2024 16:15,0,261.63,,,,,,,,,,,,,,,,,,
9/2/2024 16:00,0,262.61,,,,,,,,,,,,,,,,,,
9/2/2024 15:45,0,261.6,,,,,,,,,,,,,,,,,,
9/2/2024 15:30,0,261.58,,,,,,,,,,,,,,,,,,
9/2/2024 15:15,0,262.58,,,,,,,,,,,,,,,,,,
9/2/2024 15:00,0,262.56,,,,,,,,,,,,,,,,,,
9/2/2024 14:45,0,263.54,,,,,,,,,,,,,,,,,,
9/2/2024 14:30,0,261.53,,,,,,,,,,,,,,,,,,
9/2/2024 14:15,0,262.51,,,,,,,,,,,,,,,,,,
9/2/2024 14:00,0,263.51,,,,,,,,,,,,,,,,,,
9/2/2024 13:45,0,262.49,,,,,,,,,,,,,,,,,,
9/2/2024 13:30,0,262.47,,,,,,,,,,,,,,,,,,
9/2/2024 13:15,0,261.46,,,,,,,,,,,,,,,,,,
9/2/2024 13:00,0,261.45,,,,,,,,,,,,,,,,,,
9/2/2024 12:45,0,262.44,,,,,,,,,,,,,,,,,,
9/2/2024 12:30,0,263.42,,,,,,,,,,,,,,,,,,
9/2/2024 12:15,0,262.4,,,,,,,,,,,,,,,,,,
9/2/2024 12:00,0,262.39,,,,,,,,,,,,,,,,,,
9/2/2024 11:45,0,263.38,,,,,,,,,,,,,,,,,,
9/2/2024 11:30,0,262.37,,,,,,,,,,,,,,,,,,
9/2/2024 11:15,0,262.35,,,,,,,,,,,,,,,,,,
9/2/2024 11:00,0,263.33,,,,,,,,,,,,,,,,,,
9/2/2024 10:45,0,263.32,,,,,,,,,,,,,,,,,,
9/2/2024 10:30,0,263.31,,,,,,,,,,,,,,,,,,
9/2/2024 10:15,0,263.3,,,,,,,,,,,,,,,,,,
9/2/2024 10:00,0,264.28,,,,,,,,,,,,,,,,,,
9/2/2024 9:45,0,263.26,,,,,,,,,,,,,,,,,,
9/2/2024 9:30,0,263.25,,,,,,,,,,,,,,,,,,
9/2/2024 9:15,0,263.24,,,,,,,,,,,,,,,,,,
9/2/2024 9:00,0,263.23,,,,,,,,,,,,,,,,,,
9/2/2024 8:45,0,263.21,,,,,,,,,,,,,,,,,,
9/2/2024 8:30,0,264.19,,,,,,,,,,,,,,,,,,
9/2/2024 8:15,0,264.18,,,,,,,,,,,,,,,,,,
9/2/2024 8:00,0,265.17,,,,,,,,,,,,,,,,,,
9/2/2024 7:45,0,265.16,,,,,,,,,,,,,,,,,,
9/2/2024 7:30,0,265.14,,,,,,,,,,,,,,,,,,
9/2/2024 7:15,0,266.12,,,,,,,,,,,,,,,,,,
9/2/2024 7:00,0,266.11,,,,,,,,,,,,,,,,,,
9/2/2024 6:45,0,265.1,,,,,,,,,,,,,,,,,,
9/2/2024 6:30,0,266.09,,,,,,,,,,,,,,,,,,
9/2/2024 6:15,0,266.07,,,,,,,,,,,,,,,,,,
9/2/2024 6:00,0,266.05,,,,,,,,,,,,,,,,,,
9/2/2024 5:45,0,266.04,,,,,,,,,,,,,,,,,,
9/2/2024 5:30,0,266.03,,,,,,,,,,,,,,,,,,
9/2/2024 5:15,0,265.02,,,,,,,,,,,,,,,,,,
9/2/2024 5:00,0,264,,,,,,,,,,,,,,,,,,
9/2/2024 4:45,0,264,,,,,,,,,,,,,,,,,,
9/2/2024 4:30,0,265,,,,,,,,,,,,,,,,,,
9/2/2024 4:15,0,266,,,,,,,,,,,,,,,,,,
9/2/2024 4:00,0,266,,,,,,,,,,,,,,,,,,
9/2/2024 3:45,0,266,,,,,,,,,,,,,,,,,,
9/2/2024 3:30,0,267,,,,,,,,,,,,,,,,,,
9/2/2024 3:15,0,270,,,,,,,,,,,,,,,,,,
9/2/2024 3:00,0,270,,,,,,,,,,,,,,,,,,
9/2/2024 2:45,0,269,,,,,,,,,,,,,,,,,,
9/2/2024 2:30,0,271,,,,,,,,,,,,,,,,,,
9/2/2024 2:15,0,266,,,,,,,,,,,,,,,,,,
9/2/2024 2:00,0,266,,,,,,,,,,,,,,,,,,
9/2/2024 1:45,0,266,,,,,,,,,,,,,,,,,,
9/2/2024 1:30,0,265,,,,,,,,,,,,,,,,,,
9/2/2024 1:15,0,267,,,,,,,,,,,,,,,,,,
9/2/2024 1:00,0,267,,,,,,,,,,,,,,,,,,
9/2/2024 0:45,0,266,,,,,,,,,,,,,,,,,,
9/2/2024 0:30,0,266,,,,,,,,,,,,,,,,,,
9/2/2024 0:15,0,265,,,,,,,,,,,,,,,,,,
9/2/2024 0:00,0,266,,,,,,,,,,,,,,,,,,
8/2/2024 23:45,0,267,,,,,,,,,,,,,,,,,,
8/2/2024 23:30,0,265,,,,,,,,,,,,,,,,,,
8/2/2024 23:15,0,267,,,,,,,,,,,,,,,,,,
8/2/2024 23:00,0,268,,,,,,,,,,,,,,,,,,
8/2/2024 22:45,0,268,,,,,,,,,,,,,,,,,,
8/2/2024 22:30,0,267,,,,,,,,,,,,,,,,,,
8/2/2024 22:15,0,268,,,,,,,,,,,,,,,,,,
8/2/2024 22:00,0,268,,,,,,,,,,,,,,,,,,
8/2/2024 21:45,0,266,,,,,,,,,,,,,,,,,,
8/2/2024 21:30,0,267,,,,,,,,,,,,,,,,,,
8/2/2024 21:15,0,266,,,,,,,,,,,,,,,,,,
8/2/2024 21:00,0,266,,,,,,,,,,,,,,,,,,
8/2/2024 20:45,0,267,,,,,,,,,,,,,,,,,,
8/2/2024 20:30,0,269,,,,,,,,,,,,,,,,,,
8/2/2024 20:15,0,268,,,,,,,,,,,,,,,,,,
8/2/2024 20:00,0.2,266,,,,,,,,,,,,,,,,,,
8/2/2024 19:45,1.6,267,,,,,,,,,,,,,,,,,,
8/2/2024 19:30,1,267,,,,,,,,,,,,,,,,,,
8/2/2024 19:15,0,266,,,,,,,,,,,,,,,,,,
8/2/2024 19:00,0,269,,,,,,,,,,,,,,,,,,
8/2/2024 18:45,0,270,,,,,,,,,,,,,,,,,,
8/2/2024 18:30,0,270,,,,,,,,,,,,,,,,,,
8/2/2024 18:15,0,269,,,,,,,,,,,,,,,,,,
8/2/2024 18:00,0,270,,,,,,,,,,,,,,,,,,
8/2/2024 17:45,0,270,,,,,,,,,,,,,,,,,,
8/2/2024 17:30,0,270,,,,,,,,,,,,,,,,,,
8/2/2024 17:15,0,269,,,,,,,,,,,,,,,,,,
8/2/2024 17:00,0,270,,,,,,,,,,,,,,,,,,
8/2/2024 16:45,0,270,,,,,,,,,,,,,,,,,,
8/2/2024 16:30,0,270,,,,,,,,,,,,,,,,,,
8/2/2024 16:15,0,270,,,,,,,,,,,,,,,,,,
8/2/2024 16:00,0,269,,,,,,,,,,,,,,,,,,
8/2/2024 15:45,0,269,,,,,,,,,,,,,,,,,,
8/2/2024 15:30,0,270,,,,,,,,,,,,,,,,,,
8/2/2024 15:15,0,270,,,,,,,,,,,,,,,,,,
8/2/2024 15:00,0,269,,,,,,,,,,,,,,,,,,
8/2/2024 14:45,0,269,,,,,,,,,,,,,,,,,,
8/2/2024 14:30,0,269,,,,,,,,,,,,,,,,,,
8/2/2024 14:15,0,268,,,,,,,,,,,,,,,,,,
8/2/2024 14:00,0,269,,,,,,,,,,,,,,,,,,
8/2/2024 13:45,0,269,,,,,,,,,,,,,,,,,,
8/2/2024 13:30,0,269,,,,,,,,,,,,,,,,,,
8/2/2024 13:15,0,269,,,,,,,,,,,,,,,,,,
8/2/2024 13:00,0,269,,,,,,,,,,,,,,,,,,
8/2/2024 12:45,0,269,,,,,,,,,,,,,,,,,,
8/2/2024 12:30,0,268,,,,,,,,,,,,,,,,,,
8/2/2024 12:15,0,268,,,,,,,,,,,,,,,,,,
8/2/2024 12:00,0,268,,,,,,,,,,,,,,,,,,
8/2/2024 11:45,0,268,,,,,,,,,,,,,,,,,,
8/2/2024 11:30,0,268,,,,,,,,,,,,,,,,,,
8/2/2024 11:15,0,269,,,,,,,,,,,,,,,,,,
8/2/2024 11:00,0,268,,,,,,,,,,,,,,,,,,
8/2/2024 10:45,0,267,,,,,,,,,,,,,,,,,,
8/2/2024 10:30,0,267,,,,,,,,,,,,,,,,,,
8/2/2024 10:15,0,268,,,,,,,,,,,,,,,,,,
8/2/2024 10:00,0,268,,,,,,,,,,,,,,,,,,
8/2/2024 9:45,0,268,,,,,,,,,,,,,,,,,,
8/2/2024 9:30,0,267,,,,,,,,,,,,,,,,,,
8/2/2024 9:15,0,265,,,,,,,,,,,,,,,,,,
8/2/2024 9:00,0,266,,,,,,,,,,,,,,,,,,
8/2/2024 8:45,0,266,,,,,,,,,,,,,,,,,,
8/2/2024 8:30,0,268,,,,,,,,,,,,,,,,,,
8/2/2024 8:15,0,267,,,,,,,,,,,,,,,,,,
8/2/2024 8:00,0,267,,,,,,,,,,,,,,,,,,
8/2/2024 7:45,0,269,,,,,,,,,,,,,,,,,,
8/2/2024 7:30,0,269,,,,,,,,,,,,,,,,,,
8/2/2024 7:15,0,268,,,,,,,,,,,,,,,,,,
8/2/2024 7:00,0,268,,,,,,,,,,,,,,,,,,
8/2/2024 6:45,0,268,,,,,,,,,,,,,,,,,,
8/2/2024 6:30,0,267,,,,,,,,,,,,,,,,,,
8/2/2024 6:15,0,268,,,,,,,,,,,,,,,,,,
8/2/2024 6:00,0,266,,,,,,,,,,,,,,,,,,
8/2/2024 5:45,0,267,,,,,,,,,,,,,,,,,,
8/2/2024 5:30,0,268,,,,,,,,,,,,,,,,,,
8/2/2024 5:15,0,267,,,,,,,,,,,,,,,,,,
8/2/2024 5:00,0,266,,,,,,,,,,,,,,,,,,
8/2/2024 4:45,0,266,,,,,,,,,,,,,,,,,,
8/2/2024 4:30,0,268,,,,,,,,,,,,,,,,,,
8/2/2024 4:15,0,268,,,,,,,,,,,,,,,,,,
8/2/2024 4:00,0,268,,,,,,,,,,,,,,,,,,
8/2/2024 3:45,0,268,,,,,,,,,,,,,,,,,,
8/2/2024 3:30,0,268,,,,,,,,,,,,,,,,,,
8/2/2024 3:15,0,266,,,,,,,,,,,,,,,,,,
8/2/2024 3:00,0,268,,,,,,,,,,,,,,,,,,
8/2/2024 2:45,0,268,,,,,,,,,,,,,,,,,,
8/2/2024 2:30,0,268,,,,,,,,,,,,,,,,,,
8/2/2024 2:15,0,268,,,,,,,,,,,,,,,,,,
8/2/2024 2:00,0,268,,,,,,,,,,,,,,,,,,
8/2/2024 1:45,0,267,,,,,,,,,,,,,,,,,,
8/2/2024 1:30,0,266,,,,,,,,,,,,,,,,,,
8/2/2024 1:15,0,264,,,,,,,,,,,,,,,,,,
8/2/2024 1:00,0,265,,,,,,,,,,,,,,,,,,
8/2/2024 0:45,0,265,,,,,,,,,,,,,,,,,,
8/2/2024 0:30,0,264,,,,,,,,,,,,,,,,,,
8/2/2024 0:15,0,264,,,,,,,,,,,,,,,,,,
8/2/2024 0:00,0,264,,,,,,,,,,,,,,,,,,
7/2/2024 23:45,0,264,,,,,,,,,,,,,,,,,,
7/2/2024 23:30,0,264,,,,,,,,,,,,,,,,,,
7/2/2024 23:15,0,265,,,,,,,,,,,,,,,,,,
7/2/2024 23:00,0,265,,,,,,,,,,,,,,,,,,
7/2/2024 22:45,0,265,,,,,,,,,,,,,,,,,,
7/2/2024 22:30,0,263,,,,,,,,,,,,,,,,,,
7/2/2024 22:15,0,265,,,,,,,,,,,,,,,,,,
7/2/2024 22:00,0,263,,,,,,,,,,,,,,,,,,
7/2/2024 20:45,0,263,,,,,,,,,,,,,,,,,,
7/2/2024 20:30,0,265,,,,,,,,,,,,,,,,,,
7/2/2024 20:15,0,264,,,,,,,,,,,,,,,,,,
7/2/2024 20:00,0,263,,,,,,,,,,,,,,,,,,
7/2/2024 19:45,0,266,,,,,,,,,,,,,,,,,,
7/2/2024 19:30,0,266,,,,,,,,,,,,,,,,,,
7/2/2024 19:15,0,266,,,,,,,,,,,,,,,,,,
7/2/2024 19:00,0,266,,,,,,,,,,,,,,,,,,
7/2/2024 18:45,0,266,,,,,,,,,,,,,,,,,,
7/2/2024 18:30,0,266,,,,,,,,,,,,,,,,,,
7/2/2024 18:15,0,266,,,,,,,,,,,,,,,,,,
7/2/2024 18:00,0,266,,,,,,,,,,,,,,,,,,
7/2/2024 17:45,0,265,,,,,,,,,,,,,,,,,,
7/2/2024 17:30,0,266,,,,,,,,,,,,,,,,,,
7/2/2024 17:15,0,265,,,,,,,,,,,,,,,,,,
7/2/2024 17:00,0,265,,,,,,,,,,,,,,,,,,
7/2/2024 16:45,0,264,,,,,,,,,,,,,,,,,,
7/2/2024 16:30,0,265,,,,,,,,,,,,,,,,,,
7/2/2024 16:15,0,264,,,,,,,,,,,,,,,,,,
7/2/2024 16:00,0,264,,,,,,,,,,,,,,,,,,
7/2/2024 15:45,0,265,,,,,,,,,,,,,,,,,,
7/2/2024 15:30,0,264,,,,,,,,,,,,,,,,,,
7/2/2024 15:15,0,264,,,,,,,,,,,,,,,,,,
7/2/2024 15:00,0,264,,,,,,,,,,,,,,,,,,
7/2/2024 14:45,0,263,,,,,,,,,,,,,,,,,,
7/2/2024 14:30,0,262,,,,,,,,,,,,,,,,,,
7/2/2024 14:15,0,259,,,,,,,,,,,,,,,,,,
7/2/2024 14:00,0,263,,,,,,,,,,,,,,,,,,
7/2/2024 13:45,0,261,,,,,,,,,,,,,,,,,,
7/2/2024 13:30,0,262,,,,,,,,,,,,,,,,,,
7/2/2024 13:15,0,262,,,,,,,,,,,,,,,,,,
7/2/2024 13:00,0,262,,,,,,,,,,,,,,,,,,
7/2/2024 12:45,0,261,,,,,,,,,,,,,,,,,,
7/2/2024 12:30,0,260,,,,,,,,,,,,,,,,,,
7/2/2024 12:15,0,260,,,,,,,,,,,,,,,,,,
7/2/2024 12:00,0,260,,,,,,,,,,,,,,,,,,
7/2/2024 11:45,0,259,,,,,,,,,,,,,,,,,,
7/2/2024 11:30,0,260,,,,,,,,,,,,,,,,,,
7/2/2024 11:15,0,260,,,,,,,,,,,,,,,,,,
7/2/2024 11:00,0,258,,,,,,,,,,,,,,,,,,
7/2/2024 10:45,0,260,,,,,,,,,,,,,,,,,,
7/2/2024 10:30,0,257,,,,,,,,,,,,,,,,,,
7/2/2024 10:15,0,257,,,,,,,,,,,,,,,,,,
7/2/2024 10:00,0,258,,,,,,,,,,,,,,,,,,
7/2/2024 9:45,0,257,,,,,,,,,,,,,,,,,,
7/2/2024 9:30,0,257,,,,,,,,,,,,,,,,,,
7/2/2024 9:15,0,255,,,,,,,,,,,,,,,,,,
7/2/2024 9:00,0,256,,,,,,,,,,,,,,,,,,
7/2/2024 8:45,0,256,,,,,,,,,,,,,,,,,,
7/2/2024 8:30,0,256,,,,,,,,,,,,,,,,,,
7/2/2024 8:15,0,255,,,,,,,,,,,,,,,,,,
7/2/2024 8:00,0,257,,,,,,,,,,,,,,,,,,
7/2/2024 7:45,0,258,,,,,,,,,,,,,,,,,,
7/2/2024 7:30,0,258,,,,,,,,,,,,,,,,,,
7/2/2024 7:15,0,258,,,,,,,,,,,,,,,,,,
7/2/2024 7:00,0,256,,,,,,,,,,,,,,,,,,
7/2/2024 6:45,0,256,,,,,,,,,,,,,,,,,,
7/2/2024 6:30,0,256,,,,,,,,,,,,,,,,,,
7/2/2024 6:15,0,254,,,,,,,,,,,,,,,,,,
7/2/2024 6:00,0,254,,,,,,,,,,,,,,,,,,
7/2/2024 5:45,0,253,,,,,,,,,,,,,,,,,,
7/2/2024 5:30,0,253,,,,,,,,,,,,,,,,,,
7/2/2024 5:15,0,252,,,,,,,,,,,,,,,,,,
7/2/2024 5:00,0,253,,,,,,,,,,,,,,,,,,
7/2/2024 4:45,0,253,,,,,,,,,,,,,,,,,,
7/2/2024 4:30,0,253,,,,,,,,,,,,,,,,,,
7/2/2024 4:15,0,251,,,,,,,,,,,,,,,,,,
7/2/2024 4:00,0,251,,,,,,,,,,,,,,,,,,
7/2/2024 3:45,0,251,,,,,,,,,,,,,,,,,,
7/2/2024 3:30,0,251,,,,,,,,,,,,,,,,,,
7/2/2024 3:15,0,250,,,,,,,,,,,,,,,,,,
7/2/2024 3:00,0,251,,,,,,,,,,,,,,,,,,
7/2/2024 2:45,0,253,,,,,,,,,,,,,,,,,,
7/2/2024 2:30,0,253,,,,,,,,,,,,,,,,,,
7/2/2024 2:15,0,252,,,,,,,,,,,,,,,,,,
7/2/2024 2:00,0,252,,,,,,,,,,,,,,,,,,
7/2/2024 1:45,0,250,,,,,,,,,,,,,,,,,,
7/2/2024 1:30,0,249,,,,,,,,,,,,,,,,,,
7/2/2024 1:15,0,248,,,,,,,,,,,,,,,,,,
7/2/2024 1:00,0,249,,,,,,,,,,,,,,,,,,
7/2/2024 0:45,0,249,,,,,,,,,,,,,,,,,,
7/2/2024 0:30,0,249,,,,,,,,,,,,,,,,,,
7/2/2024 0:15,0,247,,,,,,,,,,,,,,,,,,
7/2/2024 0:00,0,249,,,,,,,,,,,,,,,,,,
6/2/2024 23:45,0,247,,,,,,,,,,,,,,,,,,
6/2/2024 23:30,0,247,,,,,,,,,,,,,,,,,,
6/2/2024 23:15,0,247,,,,,,,,,,,,,,,,,,
6/2/2024 23:00,0,247,,,,,,,,,,,,,,,,,,
6/2/2024 22:45,0,245,,,,,,,,,,,,,,,,,,
6/2/2024 22:30,0,246,,,,,,,,,,,,,,,,,,
6/2/2024 22:15,0,246,,,,,,,,,,,,,,,,,,
6/2/2024 22:00,0,245,,,,,,,,,,,,,,,,,,
6/2/2024 21:45,0,245,,,,,,,,,,,,,,,,,,
6/2/2024 21:30,0,245,,,,,,,,,,,,,,,,,,
6/2/2024 21:15,0,244,,,,,,,,,,,,,,,,,,
6/2/2024 21:00,0,243,,,,,,,,,,,,,,,,,,
6/2/2024 20:45,0,243,,,,,,,,,,,,,,,,,,
6/2/2024 20:30,0,243,,,,,,,,,,,,,,,,,,
6/2/2024 20:15,0,243,,,,,,,,,,,,,,,,,,
6/2/2024 20:00,0,242,,,,,,,,,,,,,,,,,,
6/2/2024 19:45,0,243,,,,,,,,,,,,,,,,,,
6/2/2024 19:30,0,242,,,,,,,,,,,,,,,,,,
6/2/2024 19:15,0,242,,,,,,,,,,,,,,,,,,
6/2/2024 19:00,0,241,,,,,,,,,,,,,,,,,,
6/2/2024 18:45,0,240,,,,,,,,,,,,,,,,,,
6/2/2024 18:30,0,241,,,,,,,,,,,,,,,,,,
6/2/2024 18:15,0,240,,,,,,,,,,,,,,,,,,
6/2/2024 18:00,0,241,,,,,,,,,,,,,,,,,,
6/2/2024 17:45,0,239,,,,,,,,,,,,,,,,,,
6/2/2024 17:30,0,239,,,,,,,,,,,,,,,,,,
6/2/2024 17:15,0,238,,,,,,,,,,,,,,,,,,
6/2/2024 17:00,0,239,,,,,,,,,,,,,,,,,,
6/2/2024 16:45,0,239,,,,,,,,,,,,,,,,,,
6/2/2024 16:30,0,237,,,,,,,,,,,,,,,,,,
6/2/2024 16:15,0,238,,,,,,,,,,,,,,,,,,
6/2/2024 16:00,0,238,,,,,,,,,,,,,,,,,,
6/2/2024 15:45,0,239,,,,,,,,,,,,,,,,,,
6/2/2024 15:30,0,237,,,,,,,,,,,,,,,,,,
6/2/2024 15:15,0,236,,,,,,,,,,,,,,,,,,
6/2/2024 15:00,0,236,,,,,,,,,,,,,,,,,,
6/2/2024 14:45,0,235,,,,,,,,,,,,,,,,,,
6/2/2024 14:30,0,233,,,,,,,,,,,,,,,,,,
6/2/2024 14:15,0,235,,,,,,,,,,,,,,,,,,
6/2/2024 14:00,0,234,,,,,,,,,,,,,,,,,,
6/2/2024 13:45,0,232,,,,,,,,,,,,,,,,,,
6/2/2024 13:30,0,234,,,,,,,,,,,,,,,,,,
6/2/2024 13:15,0,233,,,,,,,,,,,,,,,,,,
6/2/2024 13:00,0,232,,,,,,,,,,,,,,,,,,
6/2/2024 12:45,0,233,,,,,,,,,,,,,,,,,,
6/2/2024 12:30,0,232,,,,,,,,,,,,,,,,,,
6/2/2024 12:15,0,233,,,,,,,,,,,,,,,,,,
6/2/2024 12:00,0,231,,,,,,,,,,,,,,,,,,
6/2/2024 11:45,0,231,,,,,,,,,,,,,,,,,,
6/2/2024 11:30,0,230,,,,,,,,,,,,,,,,,,
6/2/2024 11:15,0,231,,,,,,,,,,,,,,,,,,
6/2/2024 11:00,0,228,,,,,,,,,,,,,,,,,,
6/2/2024 10:45,0,228,,,,,,,,,,,,,,,,,,
6/2/2024 10:30,0,227,,,,,,,,,,,,,,,,,,
6/2/2024 10:15,0,228,,,,,,,,,,,,,,,,,,
6/2/2024 10:00,0,229,,,,,,,,,,,,,,,,,,
6/2/2024 9:45,0,229,,,,,,,,,,,,,,,,,,
6/2/2024 9:30,0,227,,,,,,,,,,,,,,,,,,
6/2/2024 9:15,0,224,,,,,,,,,,,,,,,,,,
6/2/2024 9:00,0,225,,,,,,,,,,,,,,,,,,
6/2/2024 8:45,0,225,,,,,,,,,,,,,,,,,,
6/2/2024 8:30,0,226,,,,,,,,,,,,,,,,,,
6/2/2024 8:15,0,228,,,,,,,,,,,,,,,,,,
6/2/2024 8:00,0,227,,,,,,,,,,,,,,,,,,
6/2/2024 7:45,0,227,,,,,,,,,,,,,,,,,,
6/2/2024 7:30,0,227,,,,,,,,,,,,,,,,,,
6/2/2024 7:15,0,227,,,,,,,,,,,,,,,,,,
6/2/2024 7:00,0,227,,,,,,,,,,,,,,,,,,
6/2/2024 6:45,0,226,,,,,,,,,,,,,,,,,,
6/2/2024 6:30,0,226,,,,,,,,,,,,,,,,,,
6/2/2024 6:15,0,226,,,,,,,,,,,,,,,,,,
6/2/2024 6:00,0,225,,,,,,,,,,,,,,,,,,
6/2/2024 5:45,0,225,,,,,,,,,,,,,,,,,,
6/2/2024 5:30,0,225,,,,,,,,,,,,,,,,,,
6/2/2024 5:15,0,225,,,,,,,,,,,,,,,,,,
6/2/2024 5:00,0,225,,,,,,,,,,,,,,,,,,
6/2/2024 4:45,0,224,,,,,,,,,,,,,,,,,,
6/2/2024 4:30,0,224,,,,,,,,,,,,,,,,,,
6/2/2024 4:15,0,224,,,,,,,,,,,,,,,,,,
6/2/2024 4:00,0,223,,,,,,,,,,,,,,,,,,
6/2/2024 3:45,0,223,,,,,,,,,,,,,,,,,,
6/2/2024 3:30,0,223,,,,,,,,,,,,,,,,,,
6/2/2024 3:15,0,223,,,,,,,,,,,,,,,,,,
6/2/2024 3:00,0,223,,,,,,,,,,,,,,,,,,
6/2/2024 2:45,0,223,,,,,,,,,,,,,,,,,,
6/2/2024 2:30,0,222,,,,,,,,,,,,,,,,,,
6/2/2024 2:15,0,220,,,,,,,,,,,,,,,,,,
6/2/2024 2:00,0,220,,,,,,,,,,,,,,,,,,
6/2/2024 1:45,0,219,,,,,,,,,,,,,,,,,,
6/2/2024 1:30,0,220,,,,,,,,,,,,,,,,,,
6/2/2024 1:15,0,218,,,,,,,,,,,,,,,,,,
6/2/2024 1:00,0,217,,,,,,,,,,,,,,,,,,
6/2/2024 0:45,0,217,,,,,,,,,,,,,,,,,,
6/2/2024 0:30,0,218,,,,,,,,,,,,,,,,,,
6/2/2024 0:15,0,219,,,,,,,,,,,,,,,,,,
6/2/2024 0:00,0,218,,,,,,,,,,,,,,,,,,
5/2/2024 23:45,0,218,,,,,,,,,,,,,,,,,,
5/2/2024 23:30,0,219,,,,,,,,,,,,,,,,,,
5/2/2024 23:15,0,217,,,,,,,,,,,,,,,,,,
5/2/2024 23:00,0,217,,,,,,,,,,,,,,,,,,
5/2/2024 22:45,0,218,,,,,,,,,,,,,,,,,,
5/2/2024 22:30,0,217,,,,,,,,,,,,,,,,,,
5/2/2024 22:15,0,217,,,,,,,,,,,,,,,,,,
5/2/2024 22:00,0,217,,,,,,,,,,,,,,,,,,
5/2/2024 21:45,0,216,,,,,,,,,,,,,,,,,,
5/2/2024 21:30,0,216,,,,,,,,,,,,,,,,,,
5/2/2024 21:15,0,217,,,,,,,,,,,,,,,,,,
5/2/2024 21:00,0,216,,,,,,,,,,,,,,,,,,
5/2/2024 20:45,0,216,,,,,,,,,,,,,,,,,,
5/2/2024 20:30,0,216,,,,,,,,,,,,,,,,,,
5/2/2024 20:15,0,216,,,,,,,,,,,,,,,,,,
5/2/2024 20:00,0,215,,,,,,,,,,,,,,,,,,
5/2/2024 19:45,0,215,,,,,,,,,,,,,,,,,,
5/2/2024 19:30,0,216,,,,,,,,,,,,,,,,,,
5/2/2024 19:15,0,216,,,,,,,,,,,,,,,,,,
5/2/2024 19:00,0,217,,,,,,,,,,,,,,,,,,
5/2/2024 18:45,0,217,,,,,,,,,,,,,,,,,,
5/2/2024 18:30,0,219,,,,,,,,,,,,,,,,,,
5/2/2024 18:15,0,219,,,,,,,,,,,,,,,,,,
5/2/2024 18:00,0,218,,,,,,,,,,,,,,,,,,
5/2/2024 17:45,0,218,,,,,,,,,,,,,,,,,,
5/2/2024 17:30,0,217,,,,,,,,,,,,,,,,,,
5/2/2024 17:15,0,218,,,,,,,,,,,,,,,,,,
5/2/2024 17:00,0,220,,,,,,,,,,,,,,,,,,
5/2/2024 16:45,0,218,,,,,,,,,,,,,,,,,,
5/2/2024 16:30,0,220,,,,,,,,,,,,,,,,,,
5/2/2024 16:15,0,220,,,,,,,,,,,,,,,,,,
5/2/2024 16:00,0,220,,,,,,,,,,,,,,,,,,
5/2/2024 15:45,0,220,,,,,,,,,,,,,,,,,,
5/2/2024 15:30,0,219,,,,,,,,,,,,,,,,,,
5/2/2024 15:15,0,219,,,,,,,,,,,,,,,,,,
5/2/2024 15:00,0,217,,,,,,,,,,,,,,,,,,
5/2/2024 14:45,0,220,,,,,,,,,,,,,,,,,,
5/2/2024 14:30,0,220,,,,,,,,,,,,,,,,,,
5/2/2024 14:15,0,220,,,,,,,,,,,,,,,,,,
5/2/2024 14:00,0,219,,,,,,,,,,,,,,,,,,
5/2/2024 13:45,0,220,,,,,,,,,,,,,,,,,,
5/2/2024 13:30,0,217,,,,,,,,,,,,,,,,,,
5/2/2024 13:15,0,220,,,,,,,,,,,,,,,,,,
5/2/2024 13:00,0,220,,,,,,,,,,,,,,,,,,
5/2/2024 12:45,0,219,,,,,,,,,,,,,,,,,,
5/2/2024 12:30,0,220,,,,,,,,,,,,,,,,,,
5/2/2024 12:15,0,219,,,,,,,,,,,,,,,,,,
5/2/2024 12:00,0,218,,,,,,,,,,,,,,,,,,
5/2/2024 11:45,0,218,,,,,,,,,,,,,,,,,,
5/2/2024 11:30,0,218,,,,,,,,,,,,,,,,,,
5/2/2024 11:15,0,217,,,,,,,,,,,,,,,,,,
5/2/2024 11:00,0,218,,,,,,,,,,,,,,,,,,
5/2/2024 10:45,0,217,,,,,,,,,,,,,,,,,,
5/2/2024 10:30,0,217,,,,,,,,,,,,,,,,,,
5/2/2024 10:15,0,,,,,,,,,,,,,,,,,,,
5/2/2024 10:00,0,,,,,,,,,,,,,,,,,,,
5/2/2024 9:45,0,219,,,,,,,,,,,,,,,,,,
5/2/2024 9:30,0,219,,,,,,,,,,,,,,,,,,
5/2/2024 9:15,0,219,,,,,,,,,,,,,,,,,,
5/2/2024 9:00,0,220,,,,,,,,,,,,,,,,,,
5/2/2024 8:45,0,220,,,,,,,,,,,,,,,,,,
5/2/2024 8:30,0,220,,,,,,,,,,,,,,,,,,
5/2/2024 8:15,0,220,,,,,,,,,,,,,,,,,,
5/2/2024 8:00,0,220,,,,,,,,,,,,,,,,,,
5/2/2024 7:45,0,220,,,,,,,,,,,,,,,,,,
5/2/2024 7:30,0,220,,,,,,,,,,,,,,,,,,
5/2/2024 7:15,0,221,,,,,,,,,,,,,,,,,,
5/2/2024 7:00,0,221,,,,,,,,,,,,,,,,,,
5/2/2024 6:45,0,221,,,,,,,,,,,,,,,,,,
5/2/2024 6:30,0.2,221,,,,,,,,,,,,,,,,,,
5/2/2024 6:15,0,222,,,,,,,,,,,,,,,,,,
5/2/2024 6:00,0,222,,,,,,,,,,,,,,,,,,
5/2/2024 5:45,0,222,,,,,,,,,,,,,,,,,,
5/2/2024 5:30,0,222,,,,,,,,,,,,,,,,,,
5/2/2024 5:15,0,223,,,,,,,,,,,,,,,,,,
5/2/2024 5:00,0,223,,,,,,,,,,,,,,,,,,
5/2/2024 4:45,0,223,,,,,,,,,,,,,,,,,,
5/2/2024 4:30,0,223,,,,,,,,,,,,,,,,,,
5/2/2024 4:15,0,224,,,,,,,,,,,,,,,,,,
5/2/2024 4:00,0,224,,,,,,,,,,,,,,,,,,
5/2/2024 3:45,0,224,,,,,,,,,,,,,,,,,,
5/2/2024 3:30,0,225,,,,,,,,,,,,,,,,,,
5/2/2024 3:15,0,225,,,,,,,,,,,,,,,,,,
5/2/2024 3:00,0,226,,,,,,,,,,,,,,,,,,
5/2/2024 2:45,0,226,,,,,,,,,,,,,,,,,,
5/2/2024 2:30,0,226,,,,,,,,,,,,,,,,,,
5/2/2024 2:15,0,227,,,,,,,,,,,,,,,,,,
5/2/2024 2:00,0,227,,,,,,,,,,,,,,,,,,
5/2/2024 1:45,0,227,,,,,,,,,,,,,,,,,,
5/2/2024 1:30,0,228,,,,,,,,,,,,,,,,,,
5/2/2024 1:15,0,228,,,,,,,,,,,,,,,,,,
5/2/2024 1:00,0,229,,,,,,,,,,,,,,,,,,
5/2/2024 0:45,0,229,,,,,,,,,,,,,,,,,,
5/2/2024 0:30,0,229,,,,,,,,,,,,,,,,,,
5/2/2024 0:15,0,230,,,,,,,,,,,,,,,,,,
5/2/2024 0:00,0,230,,,,,,,,,,,,,,,,,,
4/2/2024 23:45,0,231,,,,,,,,,,,,,,,,,,
4/2/2024 23:30,0,229,,,,,,,,,,,,,,,,,,
4/2/2024 23:15,0,231,,,,,,,,,,,,,,,,,,
4/2/2024 23:00,0,229,,,,,,,,,,,,,,,,,,
4/2/2024 22:45,0,230,,,,,,,,,,,,,,,,,,
4/2/2024 22:30,0,230,,,,,,,,,,,,,,,,,,
4/2/2024 22:15,0,233,,,,,,,,,,,,,,,,,,
4/2/2024 22:00,0,234,,,,,,,,,,,,,,,,,,
4/2/2024 21:45,0,234,,,,,,,,,,,,,,,,,,
4/2/2024 21:30,0,235,,,,,,,,,,,,,,,,,,
4/2/2024 21:15,0,233,,,,,,,,,,,,,,,,,,
4/2/2024 21:00,0.4,234,,,,,,,,,,,,,,,,,,
4/2/2024 20:45,0.2,236,,,,,,,,,,,,,,,,,,
4/2/2024 20:30,1.4,236,,,,,,,,,,,,,,,,,,
4/2/2024 20:15,2.6,237,,,,,,,,,,,,,,,,,,
4/2/2024 20:00,5.2,237,,,,,,,,,,,,,,,,,,
4/2/2024 19:45,3.6,237,,,,,,,,,,,,,,,,,,
4/2/2024 19:30,1.8,237,,,,,,,,,,,,,,,,,,
4/2/2024 19:15,0,235,,,,,,,,,,,,,,,,,,
4/2/2024 19:00,0,237,,,,,,,,,,,,,,,,,,
4/2/2024 18:45,0,237,,,,,,,,,,,,,,,,,,
4/2/2024 18:30,0,238,,,,,,,,,,,,,,,,,,
4/2/2024 18:15,0,239,,,,,,,,,,,,,,,,,,
4/2/2024 18:00,0,238,,,,,,,,,,,,,,,,,,
4/2/2024 17:45,0,237,,,,,,,,,,,,,,,,,,
4/2/2024 17:30,0,237,,,,,,,,,,,,,,,,,,
4/2/2024 17:15,0,239,,,,,,,,,,,,,,,,,,
4/2/2024 17:00,0,236,,,,,,,,,,,,,,,,,,
4/2/2024 16:45,0,239,,,,,,,,,,,,,,,,,,
4/2/2024 16:30,0,240,,,,,,,,,,,,,,,,,,
4/2/2024 16:15,0,240,,,,,,,,,,,,,,,,,,
4/2/2024 16:00,0,240,,,,,,,,,,,,,,,,,,
4/2/2024 15:45,0,241,,,,,,,,,,,,,,,,,,
4/2/2024 15:30,0,242,,,,,,,,,,,,,,,,,,
4/2/2024 15:15,0,242,,,,,,,,,,,,,,,,,,
4/2/2024 15:00,0,242,,,,,,,,,,,,,,,,,,
4/2/2024 14:45,0,240,,,,,,,,,,,,,,,,,,
4/2/2024 14:30,0,240,,,,,,,,,,,,,,,,,,
4/2/2024 14:15,0,241,,,,,,,,,,,,,,,,,,
4/2/2024 14:00,0,242,,,,,,,,,,,,,,,,,,
4/2/2024 13:45,0,243,,,,,,,,,,,,,,,,,,
4/2/2024 13:30,0,243,,,,,,,,,,,,,,,,,,
4/2/2024 13:15,0,,,,,,,,,,,,,,,,,,,
4/2/2024 13:00,0,,,,,,,,,,,,,,,,,,,
4/2/2024 12:45,0,,,,,,,,,,,,,,,,,,,
4/2/2024 12:30,0,,,,,,,,,,,,,,,,,,,
4/2/2024 12:15,0,,,,,,,,,,,,,,,,,,,
4/2/2024 12:00,0,,,,,,,,,,,,,,,,,,,
4/2/2024 11:45,0,,,,,,,,,,,,,,,,,,,
4/2/2024 11:30,0,,,,,,,,,,,,,,,,,,,
4/2/2024 11:15,0,,,,,,,,,,,,,,,,,,,
4/2/2024 11:00,0,,,,,,,,,,,,,,,,,,,
4/2/2024 10:45,0,,,,,,,,,,,,,,,,,,,
4/2/2024 10:30,0,,,,,,,,,,,,,,,,,,,
4/2/2024 10:15,0,,,,,,,,,,,,,,,,,,,
4/2/2024 10:00,0,,,,,,,,,,,,,,,,,,,
4/2/2024 9:45,0,,,,,,,,,,,,,,,,,,,
4/2/2024 9:30,0,,,,,,,,,,,,,,,,,,,
4/2/2024 9:15,0,,,,,,,,,,,,,,,,,,,
4/2/2024 9:00,0,,,,,,,,,,,,,,,,,,,
4/2/2024 8:45,0,,,,,,,,,,,,,,,,,,,
4/2/2024 8:30,0,,,,,,,,,,,,,,,,,,,
4/2/2024 8:15,0,,,,,,,,,,,,,,,,,,,
4/2/2024 8:00,0,,,,,,,,,,,,,,,,,,,
4/2/2024 7:45,0,,,,,,,,,,,,,,,,,,,
4/2/2024 7:30,0,,,,,,,,,,,,,,,,,,,
4/2/2024 7:15,0,,,,,,,,,,,,,,,,,,,
4/2/2024 7:00,0,,,,,,,,,,,,,,,,,,,
4/2/2024 6:45,0,,,,,,,,,,,,,,,,,,,
4/2/2024 6:30,0,,,,,,,,,,,,,,,,,,,
4/2/2024 6:15,0,,,,,,,,,,,,,,,,,,,
4/2/2024 6:00,0,,,,,,,,,,,,,,,,,,,
4/2/2024 5:45,0,,,,,,,,,,,,,,,,,,,
4/2/2024 5:30,0,,,,,,,,,,,,,,,,,,,
4/2/2024 5:15,0,,,,,,,,,,,,,,,,,,,
4/2/2024 5:00,0,,,,,,,,,,,,,,,,,,,
4/2/2024 4:45,0,,,,,,,,,,,,,,,,,,,
4/2/2024 4:30,0,,,,,,,,,,,,,,,,,,,
4/2/2024 4:15,0,,,,,,,,,,,,,,,,,,,
4/2/2024 4:00,0,,,,,,,,,,,,,,,,,,,
4/2/2024 3:45,0,,,,,,,,,,,,,,,,,,,
4/2/2024 3:30,0,,,,,,,,,,,,,,,,,,,
4/2/2024 3:15,0,,,,,,,,,,,,,,,,,,,
4/2/2024 3:00,0,,,,,,,,,,,,,,,,,,,
4/2/2024 2:45,0,,,,,,,,,,,,,,,,,,,
4/2/2024 2:30,0,,,,,,,,,,,,,,,,,,,
4/2/2024 2:15,0,,,,,,,,,,,,,,,,,,,
4/2/2024 2:00,0,246,,,,,,,,,,,,,,,,,,
4/2/2024 1:45,0,246,,,,,,,,,,,,,,,,,,
4/2/2024 1:30,0,246,,,,,,,,,,,,,,,,,,
4/2/2024 1:15,0,246,,,,,,,,,,,,,,,,,,
4/2/2024 1:00,0,247,,,,,,,,,,,,,,,,,,
4/2/2024 0:45,0,247,,,,,,,,,,,,,,,,,,
4/2/2024 0:30,0,246,,,,,,,,,,,,,,,,,,
4/2/2024 0:15,0,246,,,,,,,,,,,,,,,,,,
4/2/2024 0:00,0,246,,,,,,,,,,,,,,,,,,
3/2/2024 23:45,0,247,,,,,,,,,,,,,,,,,,
3/2/2024 23:30,0,247,,,,,,,,,,,,,,,,,,
3/2/2024 23:15,0,247,,,,,,,,,,,,,,,,,,
3/2/2024 23:00,0,247,,,,,,,,,,,,,,,,,,
3/2/2024 22:45,0,247,,,,,,,,,,,,,,,,,,
3/2/2024 22:30,0,247,,,,,,,,,,,,,,,,,,
3/2/2024 22:15,0,247,,,,,,,,,,,,,,,,,,
3/2/2024 22:00,0,247,,,,,,,,,,,,,,,,,,
3/2/2024 21:45,0,247,,,,,,,,,,,,,,,,,,
3/2/2024 21:30,0,247,,,,,,,,,,,,,,,,,,
3/2/2024 21:15,0,246,,,,,,,,,,,,,,,,,,
3/2/2024 21:00,0,246,,,,,,,,,,,,,,,,,,
3/2/2024 20:45,0,246,,,,,,,,,,,,,,,,,,
3/2/2024 20:30,0,245,,,,,,,,,,,,,,,,,,
3/2/2024 20:15,0,,,,,,,,,,,,,,,,,,,
3/2/2024 20:00,0,,,,,,,,,,,,,,,,,,,
3/2/2024 19:45,0,,,,,,,,,,,,,,,,,,,
3/2/2024 19:30,0,,,,,,,,,,,,,,,,,,,
3/2/2024 19:15,0,,,,,,,,,,,,,,,,,,,
3/2/2024 19:00,0,,,,,,,,,,,,,,,,,,,
3/2/2024 18:45,0,,,,,,,,,,,,,,,,,,,
3/2/2024 18:30,0,,,,,,,,,,,,,,,,,,,
3/2/2024 18:15,0,,,,,,,,,,,,,,,,,,,
3/2/2024 18:00,0,,,,,,,,,,,,,,,,,,,
3/2/2024 17:45,0,,,,,,,,,,,,,,,,,,,
3/2/2024 17:30,0,,,,,,,,,,,,,,,,,,,
3/2/2024 17:15,0,,,,,,,,,,,,,,,,,,,
3/2/2024 17:00,0,,,,,,,,,,,,,,,,,,,
3/2/2024 16:45,0,,,,,,,,,,,,,,,,,,,
3/2/2024 16:30,0,,,,,,,,,,,,,,,,,,,
3/2/2024 16:15,0,,,,,,,,,,,,,,,,,,,
3/2/2024 16:00,0,,,,,,,,,,,,,,,,,,,
3/2/2024 15:45,0,,,,,,,,,,,,,,,,,,,
3/2/2024 15:30,0,,,,,,,,,,,,,,,,,,,
3/2/2024 15:15,0,,,,,,,,,,,,,,,,,,,
3/2/2024 15:00,0,,,,,,,,,,,,,,,,,,,
3/2/2024 14:45,0,,,,,,,,,,,,,,,,,,,
3/2/2024 14:30,0,,,,,,,,,,,,,,,,,,,
3/2/2024 14:15,0,,,,,,,,,,,,,,,,,,,
3/2/2024 14:00,0,,,,,,,,,,,,,,,,,,,
3/2/2024 13:45,0,,,,,,,,,,,,,,,,,,,
3/2/2024 13:30,0,,,,,,,,,,,,,,,,,,,
3/2/2024 13:15,0,,,,,,,,,,,,,,,,,,,
3/2/2024 13:00,0,,,,,,,,,,,,,,,,,,,
3/2/2024 12:45,0,,,,,,,,,,,,,,,,,,,
3/2/2024 12:30,0,,,,,,,,,,,,,,,,,,,
3/2/2024 12:15,0,,,,,,,,,,,,,,,,,,,
3/2/2024 12:00,0,,,,,,,,,,,,,,,,,,,
3/2/2024 11:45,0,,,,,,,,,,,,,,,,,,,
3/2/2024 11:30,0,,,,,,,,,,,,,,,,,,,
3/2/2024 11:15,0,,,,,,,,,,,,,,,,,,,
3/2/2024 11:00,0,,,,,,,,,,,,,,,,,,,
3/2/2024 10:45,0,,,,,,,,,,,,,,,,,,,
3/2/2024 10:30,0,,,,,,,,,,,,,,,,,,,
3/2/2024 10:15,0,,,,,,,,,,,,,,,,,,,
3/2/2024 10:00,0,,,,,,,,,,,,,,,,,,,
3/2/2024 9:45,0,,,,,,,,,,,,,,,,,,,
3/2/2024 9:30,0,,,,,,,,,,,,,,,,,,,
3/2/2024 9:15,0,,,,,,,,,,,,,,,,,,,
3/2/2024 9:00,0,,,,,,,,,,,,,,,,,,,
3/2/2024 8:45,0,,,,,,,,,,,,,,,,,,,
3/2/2024 8:30,0,,,,,,,,,,,,,,,,,,,
3/2/2024 8:15,0,,,,,,,,,,,,,,,,,,,
3/2/2024 8:00,0,,,,,,,,,,,,,,,,,,,
3/2/2024 7:45,0,,,,,,,,,,,,,,,,,,,
3/2/2024 7:30,0,,,,,,,,,,,,,,,,,,,
3/2/2024 7:15,0,,,,,,,,,,,,,,,,,,,
3/2/2024 7:00,0,,,,,,,,,,,,,,,,,,,
3/2/2024 6:45,0,,,,,,,,,,,,,,,,,,,
3/2/2024 6:30,0,,,,,,,,,,,,,,,,,,,
3/2/2024 6:15,0,,,,,,,,,,,,,,,,,,,
3/2/2024 6:00,0,,,,,,,,,,,,,,,,,,,
3/2/2024 5:45,0,,,,,,,,,,,,,,,,,,,
3/2/2024 5:30,0,,,,,,,,,,,,,,,,,,,
3/2/2024 5:15,0,,,,,,,,,,,,,,,,,,,
3/2/2024 5:00,0,,,,,,,,,,,,,,,,,,,
3/2/2024 4:45,0,,,,,,,,,,,,,,,,,,,
3/2/2024 4:30,0,,,,,,,,,,,,,,,,,,,
3/2/2024 4:15,0,,,,,,,,,,,,,,,,,,,
3/2/2024 4:00,0,,,,,,,,,,,,,,,,,,,
3/2/2024 3:45,0,,,,,,,,,,,,,,,,,,,
3/2/2024 3:30,0,,,,,,,,,,,,,,,,,,,
3/2/2024 3:15,0,,,,,,,,,,,,,,,,,,,
3/2/2024 3:00,0,,,,,,,,,,,,,,,,,,,
3/2/2024 2:45,0,,,,,,,,,,,,,,,,,,,
3/2/2024 2:30,0,,,,,,,,,,,,,,,,,,,
3/2/2024 2:15,0,247,,,,,,,,,,,,,,,,,,
3/2/2024 2:00,0,248,,,,,,,,,,,,,,,,,,
3/2/2024 1:45,0,248,,,,,,,,,,,,,,,,,,
3/2/2024 1:30,0,248,,,,,,,,,,,,,,,,,,
3/2/2024 1:15,0,247,,,,,,,,,,,,,,,,,,
3/2/2024 1:00,0,247,,,,,,,,,,,,,,,,,,
3/2/2024 0:45,0,246,,,,,,,,,,,,,,,,,,
3/2/2024 0:30,0,247,,,,,,,,,,,,,,,,,,
3/2/2024 0:15,0,247,,,,,,,,,,,,,,,,,,
3/2/2024 0:00,0,246,,,,,,,,,,,,,,,,,,
2/2/2024 23:45,0,246,,,,,,,,,,,,,,,,,,
2/2/2024 23:30,0,247,,,,,,,,,,,,,,,,,,
2/2/2024 23:15,0,247,,,,,,,,,,,,,,,,,,
2/2/2024 23:00,0,247,,,,,,,,,,,,,,,,,,
2/2/2024 22:45,0,248,,,,,,,,,,,,,,,,,,
2/2/2024 22:30,0,248,,,,,,,,,,,,,,,,,,
2/2/2024 22:15,0,249,,,,,,,,,,,,,,,,,,
2/2/2024 22:00,0,248,,,,,,,,,,,,,,,,,,
2/2/2024 20:45,0,249,,,,,,,,,,,,,,,,,,
2/2/2024 20:30,0,249,,,,,,,,,,,,,,,,,,
2/2/2024 20:15,0,,,,,,,,,,,,,,,,,,,
2/2/2024 20:00,0,,,,,,,,,,,,,,,,,,,
2/2/2024 19:45,0,,,,,,,,,,,,,,,,,,,
2/2/2024 19:30,0,,,,,,,,,,,,,,,,,,,
2/2/2024 19:15,0,,,,,,,,,,,,,,,,,,,
2/2/2024 19:00,0,,,,,,,,,,,,,,,,,,,
2/2/2024 18:45,0,,,,,,,,,,,,,,,,,,,
2/2/2024 18:30,0,,,,,,,,,,,,,,,,,,,
2/2/2024 18:15,0,,,,,,,,,,,,,,,,,,,
2/2/2024 18:00,0,,,,,,,,,,,,,,,,,,,
2/2/2024 17:45,0,,,,,,,,,,,,,,,,,,,
2/2/2024 17:30,0,,,,,,,,,,,,,,,,,,,
2/2/2024 17:15,0,,,,,,,,,,,,,,,,,,,
2/2/2024 17:00,0,,,,,,,,,,,,,,,,,,,
2/2/2024 16:45,0,,,,,,,,,,,,,,,,,,,
2/2/2024 16:30,0,,,,,,,,,,,,,,,,,,,
2/2/2024 16:15,0,,,,,,,,,,,,,,,,,,,
2/2/2024 16:00,0,,,,,,,,,,,,,,,,,,,
2/2/2024 15:45,0,,,,,,,,,,,,,,,,,,,
2/2/2024 15:30,0,,,,,,,,,,,,,,,,,,,
2/2/2024 15:15,0,,,,,,,,,,,,,,,,,,,
2/2/2024 15:00,0,,,,,,,,,,,,,,,,,,,
2/2/2024 14:45,0,,,,,,,,,,,,,,,,,,,
2/2/2024 14:30,0,,,,,,,,,,,,,,,,,,,
2/2/2024 14:15,0,,,,,,,,,,,,,,,,,,,
2/2/2024 14:00,0,,,,,,,,,,,,,,,,,,,
2/2/2024 13:45,0,,,,,,,,,,,,,,,,,,,
2/2/2024 13:30,0,,,,,,,,,,,,,,,,,,,
2/2/2024 13:15,0,,,,,,,,,,,,,,,,,,,
2/2/2024 13:00,0,,,,,,,,,,,,,,,,,,,
2/2/2024 12:45,0,,,,,,,,,,,,,,,,,,,
2/2/2024 12:30,0,,,,,,,,,,,,,,,,,,,
2/2/2024 12:15,0,,,,,,,,,,,,,,,,,,,
2/2/2024 12:00,0,,,,,,,,,,,,,,,,,,,
2/2/2024 11:45,0,,,,,,,,,,,,,,,,,,,
2/2/2024 11:30,0,,,,,,,,,,,,,,,,,,,
2/2/2024 11:15,0,,,,,,,,,,,,,,,,,,,
2/2/2024 11:00,0,,,,,,,,,,,,,,,,,,,
2/2/2024 10:45,0,,,,,,,,,,,,,,,,,,,
2/2/2024 10:30,0,,,,,,,,,,,,,,,,,,,
2/2/2024 10:15,0,,,,,,,,,,,,,,,,,,,
2/2/2024 10:00,0,,,,,,,,,,,,,,,,,,,
2/2/2024 9:45,0,,,,,,,,,,,,,,,,,,,
2/2/2024 9:30,0,,,,,,,,,,,,,,,,,,,
2/2/2024 9:15,0,,,,,,,,,,,,,,,,,,,
2/2/2024 9:00,0,,,,,,,,,,,,,,,,,,,
2/2/2024 8:45,0,,,,,,,,,,,,,,,,,,,
2/2/2024 8:30,0,,,,,,,,,,,,,,,,,,,
2/2/2024 8:15,0,,,,,,,,,,,,,,,,,,,
2/2/2024 8:00,0,,,,,,,,,,,,,,,,,,,
2/2/2024 7:45,0,,,,,,,,,,,,,,,,,,,
2/2/2024 7:30,0,,,,,,,,,,,,,,,,,,,
2/2/2024 7:15,0,,,,,,,,,,,,,,,,,,,
2/2/2024 7:00,0,,,,,,,,,,,,,,,,,,,
2/2/2024 6:45,0,,,,,,,,,,,,,,,,,,,
2/2/2024 6:30,0,,,,,,,,,,,,,,,,,,,
2/2/2024 6:15,0,,,,,,,,,,,,,,,,,,,
2/2/2024 6:00,0,,,,,,,,,,,,,,,,,,,
2/2/2024 5:45,0,,,,,,,,,,,,,,,,,,,
2/2/2024 5:30,0,,,,,,,,,,,,,,,,,,,
2/2/2024 5:15,0,,,,,,,,,,,,,,,,,,,
2/2/2024 5:00,0,,,,,,,,,,,,,,,,,,,
2/2/2024 4:45,0,,,,,,,,,,,,,,,,,,,
2/2/2024 4:30,0,,,,,,,,,,,,,,,,,,,
2/2/2024 4:15,0,,,,,,,,,,,,,,,,,,,
2/2/2024 4:00,0,,,,,,,,,,,,,,,,,,,
2/2/2024 3:45,0,,,,,,,,,,,,,,,,,,,
2/2/2024 3:30,0,,,,,,,,,,,,,,,,,,,
2/2/2024 3:15,0,,,,,,,,,,,,,,,,,,,
2/2/2024 3:00,0,,,,,,,,,,,,,,,,,,,
2/2/2024 2:45,0,254,,,,,,,,,,,,,,,,,,
2/2/2024 2:30,0,257,,,,,,,,,,,,,,,,,,
2/2/2024 2:15,0,257,,,,,,,,,,,,,,,,,,
2/2/2024 2:00,0,257,,,,,,,,,,,,,,,,,,
2/2/2024 1:45,0,257,,,,,,,,,,,,,,,,,,
2/2/2024 1:30,0,257,,,,,,,,,,,,,,,,,,
2/2/2024 1:15,0,257,,,,,,,,,,,,,,,,,,
2/2/2024 1:00,0,255,,,,,,,,,,,,,,,,,,
2/2/2024 0:45,0,255,,,,,,,,,,,,,,,,,,
2/2/2024 0:30,0,256,,,,,,,,,,,,,,,,,,
2/2/2024 0:15,0,254,,,,,,,,,,,,,,,,,,
2/2/2024 0:00,0,255,,,,,,,,,,,,,,,,,,
1/2/2024 23:45,0,255,,,,,,,,,,,,,,,,,,
1/2/2024 23:30,0,254,,,,,,,,,,,,,,,,,,
1/2/2024 23:15,0,257,,,,,,,,,,,,,,,,,,
1/2/2024 23:00,0,255,,,,,,,,,,,,,,,,,,
1/2/2024 20:45,0,254,,,,,,,,,,,,,,,,,,
1/2/2024 20:30,0,256,,,,,,,,,,,,,,,,,,
1/2/2024 20:15,0,,,,,,,,,,,,,,,,,,,
1/2/2024 20:00,0,,,,,,,,,,,,,,,,,,,
1/2/2024 19:45,0,,,,,,,,,,,,,,,,,,,
1/2/2024 19:30,0,,,,,,,,,,,,,,,,,,,
1/2/2024 19:15,0,,,,,,,,,,,,,,,,,,,
1/2/2024 19:00,0,,,,,,,,,,,,,,,,,,,
1/2/2024 18:45,0,,,,,,,,,,,,,,,,,,,
1/2/2024 18:30,0,,,,,,,,,,,,,,,,,,,
1/2/2024 18:15,0,,,,,,,,,,,,,,,,,,,
1/2/2024 18:00,0,,,,,,,,,,,,,,,,,,,
1/2/2024 17:45,0,,,,,,,,,,,,,,,,,,,
1/2/2024 17:30,0,,,,,,,,,,,,,,,,,,,
1/2/2024 17:15,0,,,,,,,,,,,,,,,,,,,
1/2/2024 17:00,0,,,,,,,,,,,,,,,,,,,
1/2/2024 16:45,0,,,,,,,,,,,,,,,,,,,
1/2/2024 16:30,0,,,,,,,,,,,,,,,,,,,
1/2/2024 16:15,0,,,,,,,,,,,,,,,,,,,
1/2/2024 16:00,0,,,,,,,,,,,,,,,,,,,
1/2/2024 15:45,0,,,,,,,,,,,,,,,,,,,
1/2/2024 15:30,0,,,,,,,,,,,,,,,,,,,
1/2/2024 15:15,0,,,,,,,,,,,,,,,,,,,
1/2/2024 15:00,0,,,,,,,,,,,,,,,,,,,
1/2/2024 14:45,0,,,,,,,,,,,,,,,,,,,
1/2/2024 14:30,0,,,,,,,,,,,,,,,,,,,
1/2/2024 14:15,0,,,,,,,,,,,,,,,,,,,
1/2/2024 14:00,0,,,,,,,,,,,,,,,,,,,
1/2/2024 13:45,0,,,,,,,,,,,,,,,,,,,
1/2/2024 13:30,0,,,,,,,,,,,,,,,,,,,
1/2/2024 13:15,0,,,,,,,,,,,,,,,,,,,
1/2/2024 13:00,0,,,,,,,,,,,,,,,,,,,
1/2/2024 12:45,0,,,,,,,,,,,,,,,,,,,
1/2/2024 12:30,0,,,,,,,,,,,,,,,,,,,
1/2/2024 12:15,0,,,,,,,,,,,,,,,,,,,
1/2/2024 12:00,0,,,,,,,,,,,,,,,,,,,
1/2/2024 11:45,0,,,,,,,,,,,,,,,,,,,
1/2/2024 11:30,0,,,,,,,,,,,,,,,,,,,
1/2/2024 11:15,0,,,,,,,,,,,,,,,,,,,
1/2/2024 11:00,0,,,,,,,,,,,,,,,,,,,
1/2/2024 10:45,0,,,,,,,,,,,,,,,,,,,
1/2/2024 10:30,0,,,,,,,,,,,,,,,,,,,
1/2/2024 10:15,0,,,,,,,,,,,,,,,,,,,
1/2/2024 10:00,0,,,,,,,,,,,,,,,,,,,
1/2/2024 9:45,0,,,,,,,,,,,,,,,,,,,
1/2/2024 9:30,0,,,,,,,,,,,,,,,,,,,
1/2/2024 9:15,0,,,,,,,,,,,,,,,,,,,
1/2/2024 9:00,0,,,,,,,,,,,,,,,,,,,
1/2/2024 8:45,0,,,,,,,,,,,,,,,,,,,
1/2/2024 8:30,0,,,,,,,,,,,,,,,,,,,
1/2/2024 8:15,0,,,,,,,,,,,,,,,,,,,
1/2/2024 8:00,0,,,,,,,,,,,,,,,,,,,
1/2/2024 7:45,0,,,,,,,,,,,,,,,,,,,
1/2/2024 7:30,0,,,,,,,,,,,,,,,,,,,
1/2/2024 7:15,0,,,,,,,,,,,,,,,,,,,
1/2/2024 7:00,0,,,,,,,,,,,,,,,,,,,
1/2/2024 6:45,0,,,,,,,,,,,,,,,,,,,
1/2/2024 6:30,0,,,,,,,,,,,,,,,,,,,
1/2/2024 6:15,0,,,,,,,,,,,,,,,,,,,
1/2/2024 6:00,0,,,,,,,,,,,,,,,,,,,
1/2/2024 5:45,0,,,,,,,,,,,,,,,,,,,
1/2/2024 5:30,0,,,,,,,,,,,,,,,,,,,
1/2/2024 5:15,0,,,,,,,,,,,,,,,,,,,
1/2/2024 5:00,0,,,,,,,,,,,,,,,,,,,
1/2/2024 4:45,0,,,,,,,,,,,,,,,,,,,
1/2/2024 4:30,0,,,,,,,,,,,,,,,,,,,
1/2/2024 4:15,0,,,,,,,,,,,,,,,,,,,
1/2/2024 4:00,0,,,,,,,,,,,,,,,,,,,
1/2/2024 3:45,0,,,,,,,,,,,,,,,,,,,
1/2/2024 3:30,0,,,,,,,,,,,,,,,,,,,
1/2/2024 3:15,0,,,,,,,,,,,,,,,,,,,
1/2/2024 3:00,0,,,,,,,,,,,,,,,,,,,
1/2/2024 2:45,0,,,,,,,,,,,,,,,,,,,
1/2/2024 2:30,0,,,,,,,,,,,,,,,,,,,
1/2/2024 2:15,0,251,,,,,,,,,,,,,,,,,,
1/2/2024 2:00,0,250,,,,,,,,,,,,,,,,,,
1/2/2024 1:45,0,250,,,,,,,,,,,,,,,,,,
1/2/2024 1:30,0,249,,,,,,,,,,,,,,,,,,
1/2/2024 1:15,0,249,,,,,,,,,,,,,,,,,,
1/2/2024 1:00,0,249,,,,,,,,,,,,,,,,,,
1/2/2024 0:45,0,251,,,,,,,,,,,,,,,,,,
1/2/2024 0:30,0,251,,,,,,,,,,,,,,,,,,
1/2/2024 0:15,0,251,,,,,,,,,,,,,,,,,,
1/2/2024 0:00,0,251,,,,,,,,,,,,,,,,,,
31/01/2024 23:45:00,0,251,,,,,,,,,,,,,,,,,,
31/01/2024 23:30:00,0,250,,,,,,,,,,,,,,,,,,
31/01/2024 23:15:00,0,249,,,,,,,,,,,,,,,,,,
31/01/2024 23:00:00,0,250,,,,,,,,,,,,,,,,,,
31/01/2024 22:45:00,0,249,,,,,,,,,,,,,,,,,,
31/01/2024 22:30:00,0,250,,,,,,,,,,,,,,,,,,
31/01/2024 22:15:00,0,250,,,,,,,,,,,,,,,,,,
31/01/2024 22:00:00,0,250,,,,,,,,,,,,,,,,,,
31/01/2024 21:45:00,0,250,,,,,,,,,,,,,,,,,,
31/01/2024 21:30:00,0,249,,,,,,,,,,,,,,,,,,
31/01/2024 21:15:00,0,250,,,,,,,,,,,,,,,,,,
31/01/2024 21:00:00,0,248,,,,,,,,,,,,,,,,,,
31/01/2024 20:45:00,0,248,,,,,,,,,,,,,,,,,,
31/01/2024 20:30:00,0,249,,,,,,,,,,,,,,,,,,
31/01/2024 20:15:00,0,,,,,,,,,,,,,,,,,,,
31/01/2024 20:00:00,0,,,,,,,,,,,,,,,,,,,
31/01/2024 19:45:00,0,,,,,,,,,,,,,,,,,,,
31/01/2024 19:30:00,0,,,,,,,,,,,,,,,,,,,
31/01/2024 19:15:00,0,,,,,,,,,,,,,,,,,,,
31/01/2024 19:00:00,0,,,,,,,,,,,,,,,,,,,
31/01/2024 18:45:00,0,,,,,,,,,,,,,,,,,,,
31/01/2024 18:30:00,0,,,,,,,,,,,,,,,,,,,
31/01/2024 18:15:00,0,,,,,,,,,,,,,,,,,,,
31/01/2024 18:00:00,0,,,,,,,,,,,,,,,,,,,
31/01/2024 17:45:00,0,,,,,,,,,,,,,,,,,,,
31/01/2024 17:30:00,0,,,,,,,,,,,,,,,,,,,
31/01/2024 17:15:00,0,,,,,,,,,,,,,,,,,,,
31/01/2024 17:00:00,0,,,,,,,,,,,,,,,,,,,
31/01/2024 16:45:00,0,,,,,,,,,,,,,,,,,,,
31/01/2024 16:30:00,0,,,,,,,,,,,,,,,,,,,
31/01/2024 16:15:00,0,,,,,,,,,,,,,,,,,,,
31/01/2024 16:00:00,0,,,,,,,,,,,,,,,,,,,
31/01/2024 15:45:00,0,,,,,,,,,,,,,,,,,,,
31/01/2024 15:30:00,0,,,,,,,,,,,,,,,,,,,
31/01/2024 15:15:00,0,,,,,,,,,,,,,,,,,,,
31/01/2024 15:00:00,0,,,,,,,,,,,,,,,,,,,
31/01/2024 14:45:00,0,,,,,,,,,,,,,,,,,,,
31/01/2024 14:30:00,0,,,,,,,,,,,,,,,,,,,
31/01/2024 14:15:00,0,,,,,,,,,,,,,,,,,,,
31/01/2024 14:00:00,0,,,,,,,,,,,,,,,,,,,
31/01/2024 13:45:00,0,,,,,,,,,,,,,,,,,,,
31/01/2024 13:30:00,0,,,,,,,,,,,,,,,,,,,
31/01/2024 13:15:00,0,,,,,,,,,,,,,,,,,,,
31/01/2024 13:00:00,0,,,,,,,,,,,,,,,,,,,
31/01/2024 12:45:00,0,,,,,,,,,,,,,,,,,,,
31/01/2024 12:30:00,0,,,,,,,,,,,,,,,,,,,
31/01/2024 12:15:00,0,,,,,,,,,,,,,,,,,,,
31/01/2024 12:00:00,0,,,,,,,,,,,,,,,,,,,
31/01/2024 11:45:00,0,,,,,,,,,,,,,,,,,,,
31/01/2024 11:30:00,0,,,,,,,,,,,,,,,,,,,
31/01/2024 11:15:00,0,,,,,,,,,,,,,,,,,,,
31/01/2024 11:00:00,0,,,,,,,,,,,,,,,,,,,
31/01/2024 10:45:00,0,,,,,,,,,,,,,,,,,,,
31/01/2024 10:30:00,0,,,,,,,,,,,,,,,,,,,
31/01/2024 10:15:00,0,,,,,,,,,,,,,,,,,,,
31/01/2024 10:00:00,0,,,,,,,,,,,,,,,,,,,
31/01/2024 09:45:00,0,,,,,,,,,,,,,,,,,,,
31/01/2024 09:30:00,0,,,,,,,,,,,,,,,,,,,
31/01/2024 09:15:00,0,,,,,,,,,,,,,,,,,,,
31/01/2024 09:00:00,0,,,,,,,,,,,,,,,,,,,
31/01/2024 08:45:00,0,,,,,,,,,,,,,,,,,,,
31/01/2024 08:30:00,0,,,,,,,,,,,,,,,,,,,
31/01/2024 08:15:00,0,,,,,,,,,,,,,,,,,,,
31/01/2024 08:00:00,0,,,,,,,,,,,,,,,,,,,
31/01/2024 07:45:00,0,,,,,,,,,,,,,,,,,,,
31/01/2024 07:30:00,0,,,,,,,,,,,,,,,,,,,
31/01/2024 07:15:00,0,,,,,,,,,,,,,,,,,,,
31/01/2024 07:00:00,0,,,,,,,,,,,,,,,,,,,
31/01/2024 06:45:00,0,,,,,,,,,,,,,,,,,,,
31/01/2024 06:30:00,0,,,,,,,,,,,,,,,,,,,
31/01/2024 06:15:00,0,,,,,,,,,,,,,,,,,,,
31/01/2024 06:00:00,0,,,,,,,,,,,,,,,,,,,
31/01/2024 05:45:00,0,,,,,,,,,,,,,,,,,,,
31/01/2024 05:30:00,0,,,,,,,,,,,,,,,,,,,
31/01/2024 05:15:00,0,,,,,,,,,,,,,,,,,,,
31/01/2024 05:00:00,0,,,,,,,,,,,,,,,,,,,
31/01/2024 04:45:00,0,,,,,,,,,,,,,,,,,,,
31/01/2024 04:30:00,0,,,,,,,,,,,,,,,,,,,
31/01/2024 04:15:00,0,,,,,,,,,,,,,,,,,,,
31/01/2024 04:00:00,0,,,,,,,,,,,,,,,,,,,
31/01/2024 03:45:00,0,,,,,,,,,,,,,,,,,,,
31/01/2024 03:30:00,0,,,,,,,,,,,,,,,,,,,
31/01/2024 03:15:00,0,,,,,,,,,,,,,,,,,,,
31/01/2024 03:00:00,0,,,,,,,,,,,,,,,,,,,
31/01/2024 02:45:00,0,,,,,,,,,,,,,,,,,,,
31/01/2024 02:30:00,0,,,,,,,,,,,,,,,,,,,
31/01/2024 02:15:00,0,234,,,,,,,,,,,,,,,,,,
31/01/2024 02:00:00,0,234,,,,,,,,,,,,,,,,,,
31/01/2024 01:45:00,0,234,,,,,,,,,,,,,,,,,,
31/01/2024 01:30:00,0,234,,,,,,,,,,,,,,,,,,
31/01/2024 01:15:00,0,234,,,,,,,,,,,,,,,,,,
31/01/2024 01:00:00,0,231,,,,,,,,,,,,,,,,,,
31/01/2024 00:45:00,0,230,,,,,,,,,,,,,,,,,,
31/01/2024 00:30:00,0,233,,,,,,,,,,,,,,,,,,
31/01/2024 00:15:00,0,233,,,,,,,,,,,,,,,,,,
31/01/2024 00:00:00,0,231,,,,,,,,,,,,,,,,,,
30/01/2024 23:45:00,0,230,,,,,,,,,,,,,,,,,,
30/01/2024 23:30:00,0,231,,,,,,,,,,,,,,,,,,
30/01/2024 23:15:00,0,231,,,,,,,,,,,,,,,,,,
30/01/2024 23:00:00,0,231,,,,,,,,,,,,,,,,,,
30/01/2024 22:45:00,0,233,,,,,,,,,,,,,,,,,,
30/01/2024 22:30:00,0,233,,,,,,,,,,,,,,,,,,
30/01/2024 22:15:00,0,234,,,,,,,,,,,,,,,,,,
30/01/2024 22:00:00,0,233,,,,,,,,,,,,,,,,,,
30/01/2024 21:45:00,0,234,,,,,,,,,,,,,,,,,,
30/01/2024 21:30:00,0,232,,,,,,,,,,,,,,,,,,
30/01/2024 21:15:00,0,234,,,,,,,,,,,,,,,,,,
30/01/2024 21:00:00,0,234,,,,,,,,,,,,,,,,,,
30/01/2024 20:45:00,0,234,,,,,,,,,,,,,,,,,,
30/01/2024 20:30:00,0,234,,,,,,,,,,,,,,,,,,
30/01/2024 20:15:00,0,,,,,,,,,,,,,,,,,,,
30/01/2024 20:00:00,0,,,,,,,,,,,,,,,,,,,
30/01/2024 19:45:00,0,,,,,,,,,,,,,,,,,,,
30/01/2024 19:30:00,0,,,,,,,,,,,,,,,,,,,
30/01/2024 19:15:00,0,,,,,,,,,,,,,,,,,,,
30/01/2024 19:00:00,0,,,,,,,,,,,,,,,,,,,
30/01/2024 18:45:00,0,,,,,,,,,,,,,,,,,,,
30/01/2024 18:30:00,0,,,,,,,,,,,,,,,,,,,
30/01/2024 18:15:00,0,,,,,,,,,,,,,,,,,,,
30/01/2024 18:00:00,0,,,,,,,,,,,,,,,,,,,
30/01/2024 17:45:00,0,,,,,,,,,,,,,,,,,,,
30/01/2024 17:30:00,0,,,,,,,,,,,,,,,,,,,
30/01/2024 17:15:00,0,,,,,,,,,,,,,,,,,,,
30/01/2024 17:00:00,0,,,,,,,,,,,,,,,,,,,
30/01/2024 16:45:00,0,,,,,,,,,,,,,,,,,,,
30/01/2024 16:30:00,0,,,,,,,,,,,,,,,,,,,
30/01/2024 16:15:00,0,,,,,,,,,,,,,,,,,,,
30/01/2024 16:00:00,0,,,,,,,,,,,,,,,,,,,
30/01/2024 15:45:00,0,,,,,,,,,,,,,,,,,,,
30/01/2024 15:30:00,0,,,,,,,,,,,,,,,,,,,
30/01/2024 15:15:00,0,,,,,,,,,,,,,,,,,,,
30/01/2024 15:00:00,0,,,,,,,,,,,,,,,,,,,
30/01/2024 14:45:00,0,,,,,,,,,,,,,,,,,,,
30/01/2024 14:30:00,0,,,,,,,,,,,,,,,,,,,
30/01/2024 14:15:00,0,,,,,,,,,,,,,,,,,,,
30/01/2024 14:00:00,0,,,,,,,,,,,,,,,,,,,
30/01/2024 13:45:00,0,,,,,,,,,,,,,,,,,,,
30/01/2024 13:30:00,0,,,,,,,,,,,,,,,,,,,
30/01/2024 13:15:00,0,,,,,,,,,,,,,,,,,,,
30/01/2024 13:00:00,0,,,,,,,,,,,,,,,,,,,
30/01/2024 12:45:00,0,,,,,,,,,,,,,,,,,,,
30/01/2024 12:30:00,0,,,,,,,,,,,,,,,,,,,
30/01/2024 12:15:00,0,,,,,,,,,,,,,,,,,,,
30/01/2024 12:00:00,0,,,,,,,,,,,,,,,,,,,
30/01/2024 11:45:00,0,,,,,,,,,,,,,,,,,,,
30/01/2024 11:30:00,0,,,,,,,,,,,,,,,,,,,
30/01/2024 11:15:00,0,,,,,,,,,,,,,,,,,,,
30/01/2024 11:00:00,0,,,,,,,,,,,,,,,,,,,
30/01/2024 10:45:00,0,,,,,,,,,,,,,,,,,,,
30/01/2024 10:30:00,0,,,,,,,,,,,,,,,,,,,
30/01/2024 10:15:00,0,,,,,,,,,,,,,,,,,,,
30/01/2024 10:00:00,0,,,,,,,,,,,,,,,,,,,
30/01/2024 09:45:00,0,,,,,,,,,,,,,,,,,,,
30/01/2024 09:30:00,0,,,,,,,,,,,,,,,,,,,
30/01/2024 09:15:00,0,,,,,,,,,,,,,,,,,,,
30/01/2024 09:00:00,0,,,,,,,,,,,,,,,,,,,
30/01/2024 08:45:00,0,,,,,,,,,,,,,,,,,,,
30/01/2024 08:30:00,0,,,,,,,,,,,,,,,,,,,
30/01/2024 08:15:00,0,,,,,,,,,,,,,,,,,,,
30/01/2024 08:00:00,0,,,,,,,,,,,,,,,,,,,
30/01/2024 07:45:00,0,,,,,,,,,,,,,,,,,,,
30/01/2024 07:30:00,0,,,,,,,,,,,,,,,,,,,
30/01/2024 07:15:00,0,,,,,,,,,,,,,,,,,,,
30/01/2024 07:00:00,0,240,,,,,,,,,,,,,,,,,,
30/01/2024 06:45:00,0,,,,,,,,,,,,,,,,,,,
30/01/2024 06:30:00,0,,,,,,,,,,,,,,,,,,,
30/01/2024 06:15:00,0,,,,,,,,,,,,,,,,,,,
30/01/2024 06:00:00,0,,,,,,,,,,,,,,,,,,,
30/01/2024 05:45:00,0,,,,,,,,,,,,,,,,,,,
30/01/2024 05:30:00,0,,,,,,,,,,,,,,,,,,,
30/01/2024 05:15:00,0,,,,,,,,,,,,,,,,,,,
30/01/2024 05:00:00,0,,,,,,,,,,,,,,,,,,,
30/01/2024 04:45:00,0,,,,,,,,,,,,,,,,,,,
30/01/2024 04:30:00,0,,,,,,,,,,,,,,,,,,,
30/01/2024 04:15:00,0,,,,,,,,,,,,,,,,,,,
30/01/2024 04:00:00,0,,,,,,,,,,,,,,,,,,,
30/01/2024 03:45:00,0,,,,,,,,,,,,,,,,,,,
30/01/2024 03:30:00,0,,,,,,,,,,,,,,,,,,,
30/01/2024 03:15:00,0,,,,,,,,,,,,,,,,,,,
30/01/2024 03:00:00,0,,,,,,,,,,,,,,,,,,,
30/01/2024 02:45:00,0,,,,,,,,,,,,,,,,,,,
30/01/2024 02:30:00,0,,,,,,,,,,,,,,,,,,,
30/01/2024 02:15:00,0,,,,,,,,,,,,,,,,,,,
30/01/2024 02:00:00,0,,,,,,,,,,,,,,,,,,,
30/01/2024 01:45:00,0,261,,,,,,,,,,,,,,,,,,
30/01/2024 01:30:00,0,262,,,,,,,,,,,,,,,,,,
30/01/2024 01:15:00,0,262,,,,,,,,,,,,,,,,,,
30/01/2024 01:00:00,0,263,,,,,,,,,,,,,,,,,,
30/01/2024 00:45:00,0,263,,,,,,,,,,,,,,,,,,
30/01/2024 00:30:00,0,264,,,,,,,,,,,,,,,,,,
30/01/2024 00:15:00,0,265,,,,,,,,,,,,,,,,,,
30/01/2024 00:00:00,0,265,,,,,,,,,,,,,,,,,,
29/01/2024 23:45:00,0,266,,,,,,,,,,,,,,,,,,
29/01/2024 23:30:00,0,266,,,,,,,,,,,,,,,,,,
29/01/2024 23:15:00,0,267,,,,,,,,,,,,,,,,,,
29/01/2024 23:00:00,0,267,,,,,,,,,,,,,,,,,,
29/01/2024 22:45:00,0,267,,,,,,,,,,,,,,,,,,
29/01/2024 22:30:00,0,268,,,,,,,,,,,,,,,,,,
29/01/2024 22:15:00,0,269,,,,,,,,,,,,,,,,,,
29/01/2024 22:00:00,0,269,,,,,,,,,,,,,,,,,,
29/01/2024 21:45:00,0,270,,,,,,,,,,,,,,,,,,
29/01/2024 21:30:00,0,270,,,,,,,,,,,,,,,,,,
29/01/2024 21:15:00,0,270,,,,,,,,,,,,,,,,,,
29/01/2024 21:00:00,0,271,,,,,,,,,,,,,,,,,,
29/01/2024 20:45:00,0,272,,,,,,,,,,,,,,,,,,
29/01/2024 20:30:00,0,272,,,,,,,,,,,,,,,,,,
29/01/2024 20:15:00,0,,,,,,,,,,,,,,,,,,,
29/01/2024 20:00:00,0,,,,,,,,,,,,,,,,,,,
29/01/2024 19:45:00,0,,,,,,,,,,,,,,,,,,,
29/01/2024 19:30:00,0,,,,,,,,,,,,,,,,,,,
29/01/2024 19:15:00,0,,,,,,,,,,,,,,,,,,,
29/01/2024 19:00:00,0,,,,,,,,,,,,,,,,,,,
29/01/2024 18:45:00,0,,,,,,,,,,,,,,,,,,,
29/01/2024 18:30:00,0,,,,,,,,,,,,,,,,,,,
29/01/2024 18:15:00,0,,,,,,,,,,,,,,,,,,,
29/01/2024 18:00:00,0,,,,,,,,,,,,,,,,,,,
29/01/2024 17:45:00,0,,,,,,,,,,,,,,,,,,,
29/01/2024 17:30:00,0,,,,,,,,,,,,,,,,,,,
29/01/2024 17:15:00,0,,,,,,,,,,,,,,,,,,,
29/01/2024 17:00:00,0,275,,,,,,,,,,,,,,,,,,
29/01/2024 16:45:00,0,,,,,,,,,,,,,,,,,,,
29/01/2024 16:30:00,0,,,,,,,,,,,,,,,,,,,
29/01/2024 16:15:00,0,,,,,,,,,,,,,,,,,,,
29/01/2024 16:00:00,0,,,,,,,,,,,,,,,,,,,
29/01/2024 15:45:00,0,,,,,,,,,,,,,,,,,,,
29/01/2024 15:30:00,0,,,,,,,,,,,,,,,,,,,
29/01/2024 15:15:00,0,,,,,,,,,,,,,,,,,,,
29/01/2024 15:00:00,0,,,,,,,,,,,,,,,,,,,
29/01/2024 14:45:00,0,,,,,,,,,,,,,,,,,,,
29/01/2024 14:30:00,0,,,,,,,,,,,,,,,,,,,
29/01/2024 14:15:00,0,,,,,,,,,,,,,,,,,,,
29/01/2024 14:00:00,0,,,,,,,,,,,,,,,,,,,
29/01/2024 13:45:00,0,,,,,,,,,,,,,,,,,,,
29/01/2024 13:30:00,0,,,,,,,,,,,,,,,,,,,
29/01/2024 13:15:00,0,,,,,,,,,,,,,,,,,,,
29/01/2024 13:00:00,0,,,,,,,,,,,,,,,,,,,
29/01/2024 12:45:00,0,,,,,,,,,,,,,,,,,,,
29/01/2024 12:30:00,0,,,,,,,,,,,,,,,,,,,
29/01/2024 12:15:00,0,,,,,,,,,,,,,,,,,,,
29/01/2024 12:00:00,0,,,,,,,,,,,,,,,,,,,
29/01/2024 11:45:00,0,,,,,,,,,,,,,,,,,,,
29/01/2024 11:30:00,0,,,,,,,,,,,,,,,,,,,
29/01/2024 11:15:00,0,,,,,,,,,,,,,,,,,,,
29/01/2024 11:00:00,0,,,,,,,,,,,,,,,,,,,
29/01/2024 10:45:00,0,,,,,,,,,,,,,,,,,,,
29/01/2024 10:30:00,0,,,,,,,,,,,,,,,,,,,
29/01/2024 10:15:00,0,,,,,,,,,,,,,,,,,,,
29/01/2024 10:00:00,0,,,,,,,,,,,,,,,,,,,
29/01/2024 09:45:00,0,,,,,,,,,,,,,,,,,,,
29/01/2024 09:30:00,0,,,,,,,,,,,,,,,,,,,
29/01/2024 09:15:00,0,,,,,,,,,,,,,,,,,,,
29/01/2024 09:00:00,0,,,,,,,,,,,,,,,,,,,
29/01/2024 08:45:00,0,,,,,,,,,,,,,,,,,,,
29/01/2024 08:30:00,0,,,,,,,,,,,,,,,,,,,
29/01/2024 08:15:00,0,,,,,,,,,,,,,,,,,,,
29/01/2024 08:00:00,0,,,,,,,,,,,,,,,,,,,
29/01/2024 07:45:00,0,,,,,,,,,,,,,,,,,,,
29/01/2024 07:30:00,0,,,,,,,,,,,,,,,,,,,
29/01/2024 07:15:00,0,,,,,,,,,,,,,,,,,,,
29/01/2024 07:00:00,0,286,,,,,,,,,,,,,,,,,,
29/01/2024 06:45:00,0,,,,,,,,,,,,,,,,,,,
29/01/2024 06:30:00,0,,,,,,,,,,,,,,,,,,,
29/01/2024 06:15:00,0,,,,,,,,,,,,,,,,,,,
29/01/2024 06:00:00,0,,,,,,,,,,,,,,,,,,,
29/01/2024 05:45:00,0.2,,,,,,,,,,,,,,,,,,,
29/01/2024 05:30:00,0,,,,,,,,,,,,,,,,,,,
29/01/2024 05:15:00,0,,,,,,,,,,,,,,,,,,,
29/01/2024 05:00:00,0,,,,,,,,,,,,,,,,,,,
29/01/2024 04:45:00,0,,,,,,,,,,,,,,,,,,,
29/01/2024 04:30:00,0,,,,,,,,,,,,,,,,,,,
29/01/2024 04:15:00,0,,,,,,,,,,,,,,,,,,,
29/01/2024 04:00:00,0,,,,,,,,,,,,,,,,,,,
29/01/2024 03:45:00,0,,,,,,,,,,,,,,,,,,,
29/01/2024 03:30:00,0,,,,,,,,,,,,,,,,,,,
29/01/2024 03:15:00,0,,,,,,,,,,,,,,,,,,,
29/01/2024 03:00:00,0,,,,,,,,,,,,,,,,,,,
29/01/2024 02:45:00,0,,,,,,,,,,,,,,,,,,,
29/01/2024 02:30:00,0,,,,,,,,,,,,,,,,,,,
29/01/2024 02:15:00,0,,,,,,,,,,,,,,,,,,,
29/01/2024 02:00:00,0,290,,,,,,,,,,,,,,,,,,
29/01/2024 01:45:00,0,290,,,,,,,,,,,,,,,,,,
29/01/2024 01:30:00,0,290,,,,,,,,,,,,,,,,,,
29/01/2024 01:15:00,0,290,,,,,,,,,,,,,,,,,,
29/01/2024 01:00:00,0,289,,,,,,,,,,,,,,,,,,
29/01/2024 00:45:00,0,291,,,,,,,,,,,,,,,,,,
29/01/2024 00:30:00,0,291,,,,,,,,,,,,,,,,,,
29/01/2024 00:15:00,0,291,,,,,,,,,,,,,,,,,,
29/01/2024 00:00:00,0,291,,,,,,,,,,,,,,,,,,
28/01/2024 23:45:00,0,292,,,,,,,,,,,,,,,,,,
28/01/2024 23:30:00,0,292,,,,,,,,,,,,,,,,,,
28/01/2024 23:15:00,0,292,,,,,,,,,,,,,,,,,,
28/01/2024 23:00:00,0,293,,,,,,,,,,,,,,,,,,
28/01/2024 22:45:00,0,293,,,,,,,,,,,,,,,,,,
28/01/2024 22:30:00,0,293,,,,,,,,,,,,,,,,,,
28/01/2024 22:15:00,0,293,,,,,,,,,,,,,,,,,,
28/01/2024 22:00:00,0,293,,,,,,,,,,,,,,,,,,
28/01/2024 21:45:00,0,294,,,,,,,,,,,,,,,,,,
28/01/2024 21:30:00,0,294,,,,,,,,,,,,,,,,,,
28/01/2024 21:15:00,0,294,,,,,,,,,,,,,,,,,,
28/01/2024 21:00:00,0,294,,,,,,,,,,,,,,,,,,
28/01/2024 20:45:00,0,295,,,,,,,,,,,,,,,,,,
28/01/2024 20:30:00,0,295,,,,,,,,,,,,,,,,,,
28/01/2024 20:15:00,0,,,,,,,,,,,,,,,,,,,
28/01/2024 20:00:00,0,,,,,,,,,,,,,,,,,,,
28/01/2024 19:45:00,0,,,,,,,,,,,,,,,,,,,
28/01/2024 19:30:00,0,,,,,,,,,,,,,,,,,,,
28/01/2024 19:15:00,0,,,,,,,,,,,,,,,,,,,
28/01/2024 19:00:00,0,,,,,,,,,,,,,,,,,,,
28/01/2024 18:45:00,0.2,,,,,,,,,,,,,,,,,,,
28/01/2024 18:30:00,0.2,,,,,,,,,,,,,,,,,,,
28/01/2024 18:15:00,0,,,,,,,,,,,,,,,,,,,
28/01/2024 18:00:00,0.2,,,,,,,,,,,,,,,,,,,
28/01/2024 17:45:00,0,,,,,,,,,,,,,,,,,,,
28/01/2024 17:30:00,0,,,,,,,,,,,,,,,,,,,
28/01/2024 17:15:00,0,,,,,,,,,,,,,,,,,,,
28/01/2024 17:00:00,0,296,,,,,,,,,,,,,,,,,,
28/01/2024 16:45:00,0,,,,,,,,,,,,,,,,,,,
28/01/2024 16:30:00,0,,,,,,,,,,,,,,,,,,,
28/01/2024 16:15:00,0,,,,,,,,,,,,,,,,,,,
28/01/2024 16:00:00,0,,,,,,,,,,,,,,,,,,,
28/01/2024 15:45:00,0,,,,,,,,,,,,,,,,,,,
28/01/2024 15:30:00,0,,,,,,,,,,,,,,,,,,,
28/01/2024 15:15:00,0,,,,,,,,,,,,,,,,,,,
28/01/2024 15:00:00,0,,,,,,,,,,,,,,,,,,,
28/01/2024 14:45:00,0,,,,,,,,,,,,,,,,,,,
28/01/2024 14:30:00,0,,,,,,,,,,,,,,,,,,,
28/01/2024 14:15:00,0,,,,,,,,,,,,,,,,,,,
28/01/2024 14:00:00,0,,,,,,,,,,,,,,,,,,,
28/01/2024 13:45:00,0,,,,,,,,,,,,,,,,,,,
28/01/2024 13:30:00,0,,,,,,,,,,,,,,,,,,,
28/01/2024 13:15:00,0,,,,,,,,,,,,,,,,,,,
28/01/2024 13:00:00,0,,,,,,,,,,,,,,,,,,,
28/01/2024 12:45:00,0,,,,,,,,,,,,,,,,,,,
28/01/2024 12:30:00,0,,,,,,,,,,,,,,,,,,,
28/01/2024 12:15:00,0,,,,,,,,,,,,,,,,,,,
28/01/2024 12:00:00,0,,,,,,,,,,,,,,,,,,,
28/01/2024 11:45:00,0,,,,,,,,,,,,,,,,,,,
28/01/2024 11:30:00,0,,,,,,,,,,,,,,,,,,,
28/01/2024 11:15:00,0,,,,,,,,,,,,,,,,,,,
28/01/2024 11:00:00,0,,,,,,,,,,,,,,,,,,,
28/01/2024 10:45:00,0,,,,,,,,,,,,,,,,,,,
28/01/2024 10:30:00,0,,,,,,,,,,,,,,,,,,,
28/01/2024 10:15:00,0,,,,,,,,,,,,,,,,,,,
28/01/2024 10:00:00,0,,,,,,,,,,,,,,,,,,,
28/01/2024 09:45:00,0,,,,,,,,,,,,,,,,,,,
28/01/2024 09:30:00,0,,,,,,,,,,,,,,,,,,,
28/01/2024 09:15:00,0,,,,,,,,,,,,,,,,,,,
28/01/2024 09:00:00,0,,,,,,,,,,,,,,,,,,,
28/01/2024 08:45:00,0,,,,,,,,,,,,,,,,,,,
28/01/2024 08:30:00,0,,,,,,,,,,,,,,,,,,,
28/01/2024 08:15:00,0,,,,,,,,,,,,,,,,,,,
28/01/2024 08:00:00,0,,,,,,,,,,,,,,,,,,,
28/01/2024 07:45:00,0,,,,,,,,,,,,,,,,,,,
28/01/2024 07:30:00,0,,,,,,,,,,,,,,,,,,,
28/01/2024 07:15:00,0,,,,,,,,,,,,,,,,,,,
28/01/2024 07:00:00,0,304,,,,,,,,,,,,,,,,,,
28/01/2024 06:45:00,0,,,,,,,,,,,,,,,,,,,
28/01/2024 06:30:00,0,,,,,,,,,,,,,,,,,,,
28/01/2024 06:15:00,0,,,,,,,,,,,,,,,,,,,
28/01/2024 06:00:00,0,,,,,,,,,,,,,,,,,,,
28/01/2024 05:45:00,0,,,,,,,,,,,,,,,,,,,
28/01/2024 05:30:00,0,,,,,,,,,,,,,,,,,,,
28/01/2024 05:15:00,0,,,,,,,,,,,,,,,,,,,
28/01/2024 05:00:00,0,,,,,,,,,,,,,,,,,,,
28/01/2024 04:45:00,0,,,,,,,,,,,,,,,,,,,
28/01/2024 04:30:00,0,,,,,,,,,,,,,,,,,,,
28/01/2024 04:15:00,0,,,,,,,,,,,,,,,,,,,
28/01/2024 04:00:00,0,,,,,,,,,,,,,,,,,,,
28/01/2024 03:45:00,0,,,,,,,,,,,,,,,,,,,
28/01/2024 03:30:00,0,,,,,,,,,,,,,,,,,,,
28/01/2024 03:15:00,0,,,,,,,,,,,,,,,,,,,
28/01/2024 03:00:00,0,,,,,,,,,,,,,,,,,,,
28/01/2024 02:45:00,0,,,,,,,,,,,,,,,,,,,
28/01/2024 02:30:00,0,,,,,,,,,,,,,,,,,,,
28/01/2024 02:15:00,0,,,,,,,,,,,,,,,,,,,
28/01/2024 02:00:00,0,,,,,,,,,,,,,,,,,,,
28/01/2024 01:45:00,0,,,,,,,,,,,,,,,,,,,
28/01/2024 01:30:00,0,,,,,,,,,,,,,,,,,,,
28/01/2024 01:15:00,0,,,,,,,,,,,,,,,,,,,
28/01/2024 01:00:00,0,,,,,,,,,,,,,,,,,,,
28/01/2024 00:45:00,0,,,,,,,,,,,,,,,,,,,
28/01/2024 00:30:00,0,,,,,,,,,,,,,,,,,,,
28/01/2024 00:15:00,0,319,,,,,,,,,,,,,,,,,,
28/01/2024 00:00:00,0,320,,,,,,,,,,,,,,,,,,
27/01/2024 23:45:00,0,320,,,,,,,,,,,,,,,,,,
27/01/2024 23:30:00,0,320,,,,,,,,,,,,,,,,,,
27/01/2024 23:15:00,0,321,,,,,,,,,,,,,,,,,,
27/01/2024 23:00:00,0,321,,,,,,,,,,,,,,,,,,
27/01/2024 22:45:00,0,321,,,,,,,,,,,,,,,,,,
27/01/2024 22:30:00,0,321,,,,,,,,,,,,,,,,,,
27/01/2024 22:15:00,0,321,,,,,,,,,,,,,,,,,,
27/01/2024 22:00:00,0,321,,,,,,,,,,,,,,,,,,
27/01/2024 21:45:00,0,321,,,,,,,,,,,,,,,,,,
27/01/2024 21:30:00,0,321,,,,,,,,,,,,,,,,,,
27/01/2024 21:15:00,0,322,,,,,,,,,,,,,,,,,,
27/01/2024 21:00:00,0,323,,,,,,,,,,,,,,,,,,
27/01/2024 20:45:00,0,323,,,,,,,,,,,,,,,,,,
27/01/2024 20:30:00,0,323,,,,,,,,,,,,,,,,,,
27/01/2024 20:15:00,0,,,,,,,,,,,,,,,,,,,
27/01/2024 20:00:00,0,,,,,,,,,,,,,,,,,,,
27/01/2024 19:45:00,0,,,,,,,,,,,,,,,,,,,
27/01/2024 19:30:00,0,,,,,,,,,,,,,,,,,,,
27/01/2024 19:15:00,0,,,,,,,,,,,,,,,,,,,
27/01/2024 19:00:00,0,,,,,,,,,,,,,,,,,,,
27/01/2024 18:45:00,0,,,,,,,,,,,,,,,,,,,
27/01/2024 18:30:00,0,,,,,,,,,,,,,,,,,,,
27/01/2024 18:15:00,0,,,,,,,,,,,,,,,,,,,
27/01/2024 18:00:00,0,,,,,,,,,,,,,,,,,,,
27/01/2024 17:45:00,0,,,,,,,,,,,,,,,,,,,
27/01/2024 17:30:00,0,,,,,,,,,,,,,,,,,,,
27/01/2024 17:15:00,0,,,,,,,,,,,,,,,,,,,
27/01/2024 17:00:00,0,335,,,,,,,,,,,,,,,,,,
27/01/2024 16:45:00,0,,,,,,,,,,,,,,,,,,,
27/01/2024 16:30:00,0,,,,,,,,,,,,,,,,,,,
27/01/2024 16:15:00,0,,,,,,,,,,,,,,,,,,,
27/01/2024 16:00:00,0,,,,,,,,,,,,,,,,,,,
27/01/2024 15:45:00,0,,,,,,,,,,,,,,,,,,,
27/01/2024 15:30:00,0,,,,,,,,,,,,,,,,,,,
27/01/2024 15:15:00,0,,,,,,,,,,,,,,,,,,,
27/01/2024 15:00:00,0,,,,,,,,,,,,,,,,,,,
27/01/2024 14:45:00,0,,,,,,,,,,,,,,,,,,,
27/01/2024 14:30:00,0,,,,,,,,,,,,,,,,,,,
27/01/2024 14:15:00,0,,,,,,,,,,,,,,,,,,,
27/01/2024 14:00:00,0,,,,,,,,,,,,,,,,,,,
27/01/2024 13:45:00,0,,,,,,,,,,,,,,,,,,,
27/01/2024 13:30:00,0,,,,,,,,,,,,,,,,,,,
27/01/2024 13:15:00,0,,,,,,,,,,,,,,,,,,,
27/01/2024 13:00:00,0,,,,,,,,,,,,,,,,,,,
27/01/2024 12:45:00,0,,,,,,,,,,,,,,,,,,,
27/01/2024 12:30:00,0,,,,,,,,,,,,,,,,,,,
27/01/2024 12:15:00,0,,,,,,,,,,,,,,,,,,,
27/01/2024 12:00:00,0,,,,,,,,,,,,,,,,,,,
27/01/2024 11:45:00,0,,,,,,,,,,,,,,,,,,,
27/01/2024 11:30:00,0,,,,,,,,,,,,,,,,,,,
27/01/2024 11:15:00,0,,,,,,,,,,,,,,,,,,,
27/01/2024 11:00:00,0,,,,,,,,,,,,,,,,,,,
27/01/2024 10:45:00,0,,,,,,,,,,,,,,,,,,,
27/01/2024 10:30:00,0,,,,,,,,,,,,,,,,,,,
27/01/2024 10:15:00,0,,,,,,,,,,,,,,,,,,,
27/01/2024 10:00:00,0,,,,,,,,,,,,,,,,,,,
27/01/2024 09:45:00,0,,,,,,,,,,,,,,,,,,,
27/01/2024 09:30:00,0,,,,,,,,,,,,,,,,,,,
27/01/2024 09:15:00,0,,,,,,,,,,,,,,,,,,,
27/01/2024 09:00:00,0,,,,,,,,,,,,,,,,,,,
27/01/2024 08:45:00,0,,,,,,,,,,,,,,,,,,,
27/01/2024 08:30:00,0,,,,,,,,,,,,,,,,,,,
27/01/2024 08:15:00,0,,,,,,,,,,,,,,,,,,,
27/01/2024 08:00:00,0,,,,,,,,,,,,,,,,,,,
27/01/2024 07:45:00,0,,,,,,,,,,,,,,,,,,,
27/01/2024 07:30:00,0,,,,,,,,,,,,,,,,,,,
27/01/2024 07:15:00,0,,,,,,,,,,,,,,,,,,,
27/01/2024 07:00:00,0,353,,,,,,,,,,,,,,,,,,
27/01/2024 06:45:00,0,,,,,,,,,,,,,,,,,,,
27/01/2024 06:30:00,0,,,,,,,,,,,,,,,,,,,
27/01/2024 06:15:00,0,,,,,,,,,,,,,,,,,,,
27/01/2024 06:00:00,0,,,,,,,,,,,,,,,,,,,
27/01/2024 05:45:00,0,,,,,,,,,,,,,,,,,,,
27/01/2024 05:30:00,0,,,,,,,,,,,,,,,,,,,
27/01/2024 05:15:00,0,,,,,,,,,,,,,,,,,,,
27/01/2024 05:00:00,0,,,,,,,,,,,,,,,,,,,
27/01/2024 04:45:00,0,,,,,,,,,,,,,,,,,,,
27/01/2024 04:30:00,0,,,,,,,,,,,,,,,,,,,
27/01/2024 04:15:00,0,,,,,,,,,,,,,,,,,,,
27/01/2024 04:00:00,0,,,,,,,,,,,,,,,,,,,
27/01/2024 03:45:00,0,,,,,,,,,,,,,,,,,,,
27/01/2024 03:30:00,0,,,,,,,,,,,,,,,,,,,
27/01/2024 03:15:00,0,,,,,,,,,,,,,,,,,,,
27/01/2024 03:00:00,0,,,,,,,,,,,,,,,,,,,
27/01/2024 02:45:00,0,,,,,,,,,,,,,,,,,,,
27/01/2024 02:30:00,0,,,,,,,,,,,,,,,,,,,
27/01/2024 02:15:00,0,,,,,,,,,,,,,,,,,,,
27/01/2024 02:00:00,0,,,,,,,,,,,,,,,,,,,
27/01/2024 01:45:00,0,,,,,,,,,,,,,,,,,,,
27/01/2024 01:30:00,0,,,,,,,,,,,,,,,,,,,
27/01/2024 01:15:00,0,354,,,,,,,,,,,,,,,,,,
27/01/2024 01:00:00,0,354,,,,,,,,,,,,,,,,,,
27/01/2024 00:45:00,0,354,,,,,,,,,,,,,,,,,,
27/01/2024 00:30:00,0,355,,,,,,,,,,,,,,,,,,
27/01/2024 00:15:00,0,355,,,,,,,,,,,,,,,,,,
27/01/2024 00:00:00,0,356,,,,,,,,,,,,,,,,,,
26/01/2024 23:45:00,0,356,,,,,,,,,,,,,,,,,,
26/01/2024 23:30:00,0,355,,,,,,,,,,,,,,,,,,
26/01/2024 23:15:00,0,355,,,,,,,,,,,,,,,,,,
26/01/2024 23:00:00,0,356,,,,,,,,,,,,,,,,,,
26/01/2024 22:45:00,0,356,,,,,,,,,,,,,,,,,,
26/01/2024 22:30:00,0,355,,,,,,,,,,,,,,,,,,
26/01/2024 22:15:00,0,356,,,,,,,,,,,,,,,,,,
26/01/2024 22:00:00,0,358,,,,,,,,,,,,,,,,,,
26/01/2024 21:45:00,0,357,,,,,,,,,,,,,,,,,,
26/01/2024 21:30:00,0,357,,,,,,,,,,,,,,,,,,
26/01/2024 21:15:00,0,355,,,,,,,,,,,,,,,,,,
26/01/2024 21:00:00,0,358,,,,,,,,,,,,,,,,,,
26/01/2024 20:45:00,0,359,,,,,,,,,,,,,,,,,,
26/01/2024 20:30:00,0,358,,,,,,,,,,,,,,,,,,
26/01/2024 20:15:00,0,,,,,,,,,,,,,,,,,,,
26/01/2024 20:00:00,0,,,,,,,,,,,,,,,,,,,
26/01/2024 19:45:00,0,,,,,,,,,,,,,,,,,,,
26/01/2024 19:30:00,0,,,,,,,,,,,,,,,,,,,
26/01/2024 19:15:00,0,,,,,,,,,,,,,,,,,,,
26/01/2024 19:00:00,0,,,,,,,,,,,,,,,,,,,
26/01/2024 18:45:00,0,,,,,,,,,,,,,,,,,,,
26/01/2024 18:30:00,0,,,,,,,,,,,,,,,,,,,
26/01/2024 18:15:00,0,,,,,,,,,,,,,,,,,,,
26/01/2024 18:00:00,0,,,,,,,,,,,,,,,,,,,
26/01/2024 17:45:00,0,,,,,,,,,,,,,,,,,,,
26/01/2024 17:30:00,0,,,,,,,,,,,,,,,,,,,
26/01/2024 17:15:00,0,,,,,,,,,,,,,,,,,,,
26/01/2024 17:00:00,0,372,,,,,,,,,,,,,,,,,,
26/01/2024 16:45:00,0,,,,,,,,,,,,,,,,,,,
26/01/2024 16:30:00,0,,,,,,,,,,,,,,,,,,,
26/01/2024 16:15:00,0,,,,,,,,,,,,,,,,,,,
26/01/2024 16:00:00,0,,,,,,,,,,,,,,,,,,,
26/01/2024 15:45:00,0,,,,,,,,,,,,,,,,,,,
26/01/2024 15:30:00,0,,,,,,,,,,,,,,,,,,,
26/01/2024 15:15:00,0,,,,,,,,,,,,,,,,,,,
26/01/2024 15:00:00,0,,,,,,,,,,,,,,,,,,,
26/01/2024 14:45:00,0,,,,,,,,,,,,,,,,,,,
26/01/2024 14:30:00,0,,,,,,,,,,,,,,,,,,,
26/01/2024 14:15:00,0,,,,,,,,,,,,,,,,,,,
26/01/2024 14:00:00,0,,,,,,,,,,,,,,,,,,,
26/01/2024 13:45:00,0,,,,,,,,,,,,,,,,,,,
26/01/2024 13:30:00,0,,,,,,,,,,,,,,,,,,,
26/01/2024 13:15:00,0,,,,,,,,,,,,,,,,,,,
26/01/2024 13:00:00,0,,,,,,,,,,,,,,,,,,,
26/01/2024 12:45:00,0,,,,,,,,,,,,,,,,,,,
26/01/2024 12:30:00,0,,,,,,,,,,,,,,,,,,,
26/01/2024 12:15:00,0,,,,,,,,,,,,,,,,,,,
26/01/2024 12:00:00,0,,,,,,,,,,,,,,,,,,,
26/01/2024 11:45:00,0,,,,,,,,,,,,,,,,,,,
26/01/2024 11:30:00,0,,,,,,,,,,,,,,,,,,,
26/01/2024 11:15:00,0,,,,,,,,,,,,,,,,,,,
26/01/2024 11:00:00,0,,,,,,,,,,,,,,,,,,,
26/01/2024 10:45:00,0,,,,,,,,,,,,,,,,,,,
26/01/2024 10:30:00,0,,,,,,,,,,,,,,,,,,,
26/01/2024 10:15:00,0,,,,,,,,,,,,,,,,,,,
26/01/2024 10:00:00,0,,,,,,,,,,,,,,,,,,,
26/01/2024 09:45:00,0,,,,,,,,,,,,,,,,,,,
26/01/2024 09:30:00,0,,,,,,,,,,,,,,,,,,,
26/01/2024 09:15:00,0,,,,,,,,,,,,,,,,,,,
26/01/2024 09:00:00,0,,,,,,,,,,,,,,,,,,,
26/01/2024 08:45:00,0,,,,,,,,,,,,,,,,,,,
26/01/2024 08:30:00,0,,,,,,,,,,,,,,,,,,,
26/01/2024 08:15:00,0,,,,,,,,,,,,,,,,,,,
26/01/2024 08:00:00,0,,,,,,,,,,,,,,,,,,,
26/01/2024 07:45:00,0,,,,,,,,,,,,,,,,,,,
26/01/2024 07:30:00,0,,,,,,,,,,,,,,,,,,,
26/01/2024 07:15:00,0,,,,,,,,,,,,,,,,,,,
26/01/2024 07:00:00,0,386,,,,,,,,,,,,,,,,,,
26/01/2024 06:45:00,0,,,,,,,,,,,,,,,,,,,
26/01/2024 06:30:00,0,,,,,,,,,,,,,,,,,,,
26/01/2024 06:15:00,0,,,,,,,,,,,,,,,,,,,
26/01/2024 06:00:00,0,,,,,,,,,,,,,,,,,,,
26/01/2024 05:45:00,0,,,,,,,,,,,,,,,,,,,
26/01/2024 05:30:00,0,,,,,,,,,,,,,,,,,,,
26/01/2024 05:15:00,0,,,,,,,,,,,,,,,,,,,
26/01/2024 05:00:00,0,,,,,,,,,,,,,,,,,,,
26/01/2024 04:45:00,0,,,,,,,,,,,,,,,,,,,
26/01/2024 04:30:00,0,,,,,,,,,,,,,,,,,,,
26/01/2024 04:15:00,0,,,,,,,,,,,,,,,,,,,
26/01/2024 04:00:00,0,,,,,,,,,,,,,,,,,,,
26/01/2024 03:45:00,0,,,,,,,,,,,,,,,,,,,
26/01/2024 03:30:00,0,,,,,,,,,,,,,,,,,,,
26/01/2024 03:15:00,0,,,,,,,,,,,,,,,,,,,
26/01/2024 03:00:00,0,,,,,,,,,,,,,,,,,,,
26/01/2024 02:45:00,0,,,,,,,,,,,,,,,,,,,
26/01/2024 02:30:00,0,,,,,,,,,,,,,,,,,,,
26/01/2024 02:15:00,0,394,,,,,,,,,,,,,,,,,,
26/01/2024 02:00:00,0,394,,,,,,,,,,,,,,,,,,
26/01/2024 01:45:00,0,395,,,,,,,,,,,,,,,,,,
26/01/2024 01:30:00,0,395,,,,,,,,,,,,,,,,,,
26/01/2024 01:15:00,0,396,,,,,,,,,,,,,,,,,,
26/01/2024 01:00:00,0,395,,,,,,,,,,,,,,,,,,
26/01/2024 00:45:00,0,395,,,,,,,,,,,,,,,,,,
26/01/2024 00:30:00,0,397,,,,,,,,,,,,,,,,,,
26/01/2024 00:15:00,0,396,,,,,,,,,,,,,,,,,,
26/01/2024 00:00:00,0,397,,,,,,,,,,,,,,,,,,
25/01/2024 23:45:00,0,399,,,,,,,,,,,,,,,,,,
25/01/2024 23:30:00,0,400,,,,,,,,,,,,,,,,,,
25/01/2024 23:15:00,0,400,,,,,,,,,,,,,,,,,,
25/01/2024 23:00:00,0,401,,,,,,,,,,,,,,,,,,
25/01/2024 22:45:00,0,401,,,,,,,,,,,,,,,,,,
25/01/2024 22:30:00,0,401,,,,,,,,,,,,,,,,,,
25/01/2024 22:15:00,0,402,,,,,,,,,,,,,,,,,,
25/01/2024 22:00:00,0,402,,,,,,,,,,,,,,,,,,
25/01/2024 21:45:00,0,401,,,,,,,,,,,,,,,,,,
25/01/2024 21:30:00,0,400,,,,,,,,,,,,,,,,,,
25/01/2024 21:15:00,0,402,,,,,,,,,,,,,,,,,,
25/01/2024 21:00:00,0,402,,,,,,,,,,,,,,,,,,
25/01/2024 20:45:00,0,404,,,,,,,,,,,,,,,,,,
25/01/2024 20:30:00,0,403,,,,,,,,,,,,,,,,,,
25/01/2024 20:15:00,0,,,,,,,,,,,,,,,,,,,
25/01/2024 20:00:00,0,,,,,,,,,,,,,,,,,,,
25/01/2024 19:45:00,0,,,,,,,,,,,,,,,,,,,
25/01/2024 19:30:00,0,,,,,,,,,,,,,,,,,,,
25/01/2024 19:15:00,0,,,,,,,,,,,,,,,,,,,
25/01/2024 19:00:00,0,,,,,,,,,,,,,,,,,,,
25/01/2024 18:45:00,0,,,,,,,,,,,,,,,,,,,
25/01/2024 18:30:00,0,,,,,,,,,,,,,,,,,,,
25/01/2024 18:15:00,0,,,,,,,,,,,,,,,,,,,
25/01/2024 18:00:00,0,,,,,,,,,,,,,,,,,,,
25/01/2024 17:45:00,0,,,,,,,,,,,,,,,,,,,
25/01/2024 17:30:00,0,,,,,,,,,,,,,,,,,,,
25/01/2024 17:15:00,0,,,,,,,,,,,,,,,,,,,
25/01/2024 17:00:00,0,418,,,,,,,,,,,,,,,,,,
25/01/2024 16:45:00,0,,,,,,,,,,,,,,,,,,,
25/01/2024 16:30:00,0,,,,,,,,,,,,,,,,,,,
25/01/2024 16:15:00,0,,,,,,,,,,,,,,,,,,,
25/01/2024 16:00:00,0,,,,,,,,,,,,,,,,,,,
25/01/2024 15:45:00,0,,,,,,,,,,,,,,,,,,,
25/01/2024 15:30:00,0,,,,,,,,,,,,,,,,,,,
25/01/2024 15:15:00,0,,,,,,,,,,,,,,,,,,,
25/01/2024 15:00:00,0,,,,,,,,,,,,,,,,,,,
25/01/2024 14:45:00,0,,,,,,,,,,,,,,,,,,,
25/01/2024 14:30:00,0,,,,,,,,,,,,,,,,,,,
25/01/2024 14:15:00,0,,,,,,,,,,,,,,,,,,,
25/01/2024 14:00:00,0,,,,,,,,,,,,,,,,,,,
25/01/2024 13:45:00,0,,,,,,,,,,,,,,,,,,,
25/01/2024 13:30:00,0,,,,,,,,,,,,,,,,,,,
25/01/2024 13:15:00,0,,,,,,,,,,,,,,,,,,,
25/01/2024 13:00:00,0,,,,,,,,,,,,,,,,,,,
25/01/2024 12:45:00,0,,,,,,,,,,,,,,,,,,,
25/01/2024 12:30:00,0,,,,,,,,,,,,,,,,,,,
25/01/2024 12:15:00,0,,,,,,,,,,,,,,,,,,,
25/01/2024 12:00:00,0,,,,,,,,,,,,,,,,,,,
25/01/2024 11:45:00,0,,,,,,,,,,,,,,,,,,,
25/01/2024 11:30:00,0,,,,,,,,,,,,,,,,,,,
25/01/2024 11:15:00,0,,,,,,,,,,,,,,,,,,,
25/01/2024 11:00:00,0,,,,,,,,,,,,,,,,,,,
25/01/2024 10:45:00,0,,,,,,,,,,,,,,,,,,,
25/01/2024 10:30:00,0,,,,,,,,,,,,,,,,,,,
25/01/2024 10:15:00,0,,,,,,,,,,,,,,,,,,,
25/01/2024 10:00:00,0,,,,,,,,,,,,,,,,,,,
25/01/2024 09:45:00,0,,,,,,,,,,,,,,,,,,,
25/01/2024 09:30:00,0,,,,,,,,,,,,,,,,,,,
25/01/2024 09:15:00,0,,,,,,,,,,,,,,,,,,,
25/01/2024 09:00:00,0,,,,,,,,,,,,,,,,,,,
25/01/2024 08:45:00,0,,,,,,,,,,,,,,,,,,,
25/01/2024 08:30:00,0,,,,,,,,,,,,,,,,,,,
25/01/2024 08:15:00,0,,,,,,,,,,,,,,,,,,,
25/01/2024 08:00:00,0,,,,,,,,,,,,,,,,,,,
25/01/2024 07:45:00,0,,,,,,,,,,,,,,,,,,,
25/01/2024 07:30:00,0,,,,,,,,,,,,,,,,,,,
25/01/2024 07:15:00,0,,,,,,,,,,,,,,,,,,,
25/01/2024 07:00:00,0,431,,,,,,,,,,,,,,,,,,
25/01/2024 06:45:00,0,,,,,,,,,,,,,,,,,,,
25/01/2024 06:30:00,0,,,,,,,,,,,,,,,,,,,
25/01/2024 06:15:00,0,,,,,,,,,,,,,,,,,,,
25/01/2024 06:00:00,0,,,,,,,,,,,,,,,,,,,
25/01/2024 05:45:00,0,,,,,,,,,,,,,,,,,,,
25/01/2024 05:30:00,0,,,,,,,,,,,,,,,,,,,
25/01/2024 05:15:00,0,,,,,,,,,,,,,,,,,,,
25/01/2024 05:00:00,0,,,,,,,,,,,,,,,,,,,
25/01/2024 04:45:00,0,,,,,,,,,,,,,,,,,,,
25/01/2024 04:30:00,0,,,,,,,,,,,,,,,,,,,
25/01/2024 04:15:00,0,,,,,,,,,,,,,,,,,,,
25/01/2024 04:00:00,0,,,,,,,,,,,,,,,,,,,
25/01/2024 03:45:00,0,,,,,,,,,,,,,,,,,,,
25/01/2024 03:30:00,0,,,,,,,,,,,,,,,,,,,
25/01/2024 03:15:00,0,,,,,,,,,,,,,,,,,,,
25/01/2024 03:00:00,0,,,,,,,,,,,,,,,,,,,
25/01/2024 02:45:00,0,,,,,,,,,,,,,,,,,,,
25/01/2024 02:30:00,0,,,,,,,,,,,,,,,,,,,
25/01/2024 02:15:00,0,,,,,,,,,,,,,,,,,,,
25/01/2024 02:00:00,0,,,,,,,,,,,,,,,,,,,
25/01/2024 01:45:00,0,,,,,,,,,,,,,,,,,,,
25/01/2024 01:30:00,0,,,,,,,,,,,,,,,,,,,
25/01/2024 01:15:00,0,,,,,,,,,,,,,,,,,,,
25/01/2024 01:00:00,0,,,,,,,,,,,,,,,,,,,
25/01/2024 00:45:00,0,,,,,,,,,,,,,,,,,,,
25/01/2024 00:30:00,0,442,,,,,,,,,,,,,,,,,,
25/01/2024 00:15:00,0,444,,,,,,,,,,,,,,,,,,
25/01/2024 00:00:00,0,443,,,,,,,,,,,,,,,,,,
24/01/2024 23:45:00,0,445,,,,,,,,,,,,,,,,,,
24/01/2024 23:30:00,0,445,,,,,,,,,,,,,,,,,,
24/01/2024 23:15:00,0,446,,,,,,,,,,,,,,,,,,
24/01/2024 23:00:00,0,446,,,,,,,,,,,,,,,,,,
24/01/2024 22:45:00,0,446,,,,,,,,,,,,,,,,,,
24/01/2024 22:30:00,0,447,,,,,,,,,,,,,,,,,,
24/01/2024 22:15:00,0,447,,,,,,,,,,,,,,,,,,
24/01/2024 22:00:00,0,447,,,,,,,,,,,,,,,,,,
24/01/2024 21:45:00,0,448,,,,,,,,,,,,,,,,,,
24/01/2024 21:30:00,0,449,,,,,,,,,,,,,,,,,,
24/01/2024 21:15:00,0,449,,,,,,,,,,,,,,,,,,
24/01/2024 21:00:00,0,450,,,,,,,,,,,,,,,,,,
24/01/2024 20:45:00,0,451,,,,,,,,,,,,,,,,,,
24/01/2024 20:30:00,0,,,,,,,,,,,,,,,,,,,
24/01/2024 20:15:00,0,,,,,,,,,,,,,,,,,,,
24/01/2024 20:00:00,0,,,,,,,,,,,,,,,,,,,
24/01/2024 19:45:00,0,,,,,,,,,,,,,,,,,,,
24/01/2024 19:30:00,0,,,,,,,,,,,,,,,,,,,
24/01/2024 19:15:00,0,,,,,,,,,,,,,,,,,,,
24/01/2024 19:00:00,0,,,,,,,,,,,,,,,,,,,
24/01/2024 18:45:00,0,,,,,,,,,,,,,,,,,,,
24/01/2024 18:30:00,0,,,,,,,,,,,,,,,,,,,
24/01/2024 18:15:00,0,,,,,,,,,,,,,,,,,,,
24/01/2024 18:00:00,0,,,,,,,,,,,,,,,,,,,
24/01/2024 17:45:00,0,,,,,,,,,,,,,,,,,,,
24/01/2024 17:30:00,0,,,,,,,,,,,,,,,,,,,
24/01/2024 17:15:00,0,,,,,,,,,,,,,,,,,,,
24/01/2024 17:00:00,0,460,,,,,,,,,,,,,,,,,,
24/01/2024 16:45:00,0,,,,,,,,,,,,,,,,,,,
24/01/2024 16:30:00,0,,,,,,,,,,,,,,,,,,,
24/01/2024 16:15:00,0,,,,,,,,,,,,,,,,,,,
24/01/2024 16:00:00,0,,,,,,,,,,,,,,,,,,,
24/01/2024 15:45:00,0,,,,,,,,,,,,,,,,,,,
24/01/2024 15:30:00,0,,,,,,,,,,,,,,,,,,,
24/01/2024 15:15:00,0,,,,,,,,,,,,,,,,,,,
24/01/2024 15:00:00,0,,,,,,,,,,,,,,,,,,,
24/01/2024 14:45:00,0,,,,,,,,,,,,,,,,,,,
24/01/2024 14:30:00,0,,,,,,,,,,,,,,,,,,,
24/01/2024 14:15:00,0,,,,,,,,,,,,,,,,,,,
24/01/2024 14:00:00,0,,,,,,,,,,,,,,,,,,,
24/01/2024 13:45:00,0,,,,,,,,,,,,,,,,,,,
24/01/2024 13:30:00,0,,,,,,,,,,,,,,,,,,,
24/01/2024 13:15:00,0,,,,,,,,,,,,,,,,,,,
24/01/2024 13:00:00,0,,,,,,,,,,,,,,,,,,,
24/01/2024 12:45:00,0,,,,,,,,,,,,,,,,,,,
24/01/2024 12:30:00,0,,,,,,,,,,,,,,,,,,,
24/01/2024 12:15:00,0,,,,,,,,,,,,,,,,,,,
24/01/2024 12:00:00,0,,,,,,,,,,,,,,,,,,,
24/01/2024 11:45:00,0,,,,,,,,,,,,,,,,,,,
24/01/2024 11:30:00,0,,,,,,,,,,,,,,,,,,,
24/01/2024 11:15:00,0,,,,,,,,,,,,,,,,,,,
24/01/2024 11:00:00,0,,,,,,,,,,,,,,,,,,,
24/01/2024 10:45:00,0,,,,,,,,,,,,,,,,,,,
24/01/2024 10:30:00,0,,,,,,,,,,,,,,,,,,,
24/01/2024 10:15:00,0,,,,,,,,,,,,,,,,,,,
24/01/2024 10:00:00,0,,,,,,,,,,,,,,,,,,,
24/01/2024 09:45:00,0,,,,,,,,,,,,,,,,,,,
24/01/2024 09:30:00,0,,,,,,,,,,,,,,,,,,,
24/01/2024 09:15:00,0,,,,,,,,,,,,,,,,,,,
24/01/2024 09:00:00,0,,,,,,,,,,,,,,,,,,,
24/01/2024 08:45:00,0,,,,,,,,,,,,,,,,,,,
24/01/2024 08:30:00,0,,,,,,,,,,,,,,,,,,,
24/01/2024 08:15:00,0,,,,,,,,,,,,,,,,,,,
24/01/2024 08:00:00,0,,,,,,,,,,,,,,,,,,,
24/01/2024 07:45:00,0,,,,,,,,,,,,,,,,,,,
24/01/2024 07:30:00,0,,,,,,,,,,,,,,,,,,,
24/01/2024 07:15:00,0,,,,,,,,,,,,,,,,,,,
24/01/2024 07:00:00,0,472,,,,,,,,,,,,,,,,,,
24/01/2024 06:45:00,0,,,,,,,,,,,,,,,,,,,
24/01/2024 06:30:00,0,,,,,,,,,,,,,,,,,,,
24/01/2024 06:15:00,0,,,,,,,,,,,,,,,,,,,
24/01/2024 06:00:00,0,,,,,,,,,,,,,,,,,,,
24/01/2024 05:45:00,0,,,,,,,,,,,,,,,,,,,
24/01/2024 05:30:00,0,,,,,,,,,,,,,,,,,,,
24/01/2024 05:15:00,0,,,,,,,,,,,,,,,,,,,
24/01/2024 05:00:00,0,,,,,,,,,,,,,,,,,,,
24/01/2024 04:45:00,0,,,,,,,,,,,,,,,,,,,
24/01/2024 04:30:00,0,,,,,,,,,,,,,,,,,,,
24/01/2024 04:15:00,0,,,,,,,,,,,,,,,,,,,
24/01/2024 04:00:00,0,,,,,,,,,,,,,,,,,,,
24/01/2024 03:45:00,0,,,,,,,,,,,,,,,,,,,
24/01/2024 03:30:00,0,,,,,,,,,,,,,,,,,,,
24/01/2024 03:15:00,0,,,,,,,,,,,,,,,,,,,
24/01/2024 03:00:00,0,,,,,,,,,,,,,,,,,,,
24/01/2024 02:45:00,0,,,,,,,,,,,,,,,,,,,
24/01/2024 02:30:00,0,,,,,,,,,,,,,,,,,,,
24/01/2024 02:15:00,0,,,,,,,,,,,,,,,,,,,
24/01/2024 02:00:00,0,,,,,,,,,,,,,,,,,,,
24/01/2024 01:45:00,0,,,,,,,,,,,,,,,,,,,
24/01/2024 01:30:00,0,476,,,,,,,,,,,,,,,,,,
24/01/2024 01:15:00,0,477,,,,,,,,,,,,,,,,,,
24/01/2024 01:00:00,0,477,,,,,,,,,,,,,,,,,,
24/01/2024 00:45:00,0,476,,,,,,,,,,,,,,,,,,
24/01/2024 00:30:00,0,478,,,,,,,,,,,,,,,,,,
24/01/2024 00:15:00,0,478,,,,,,,,,,,,,,,,,,
24/01/2024 00:00:00,0,479,,,,,,,,,,,,,,,,,,
23/01/2024 23:45:00,0,477,,,,,,,,,,,,,,,,,,
23/01/2024 23:30:00,0,478,,,,,,,,,,,,,,,,,,
23/01/2024 23:15:00,0,479,,,,,,,,,,,,,,,,,,
23/01/2024 23:00:00,0,481,,,,,,,,,,,,,,,,,,
23/01/2024 22:45:00,0,480,,,,,,,,,,,,,,,,,,
23/01/2024 22:30:00,0,479,,,,,,,,,,,,,,,,,,
23/01/2024 22:15:00,0,480,,,,,,,,,,,,,,,,,,
23/01/2024 22:00:00,0,480,,,,,,,,,,,,,,,,,,
23/01/2024 21:45:00,0,481,,,,,,,,,,,,,,,,,,
23/01/2024 21:30:00,0,482,,,,,,,,,,,,,,,,,,
23/01/2024 21:15:00,0,482,,,,,,,,,,,,,,,,,,
23/01/2024 21:00:00,0,481,,,,,,,,,,,,,,,,,,
23/01/2024 20:45:00,0,482,,,,,,,,,,,,,,,,,,
23/01/2024 20:30:00,0,483,,,,,,,,,,,,,,,,,,
23/01/2024 20:15:00,0,,,,,,,,,,,,,,,,,,,
23/01/2024 20:00:00,0,,,,,,,,,,,,,,,,,,,
23/01/2024 19:45:00,0,,,,,,,,,,,,,,,,,,,
23/01/2024 19:30:00,0,,,,,,,,,,,,,,,,,,,
23/01/2024 19:15:00,0,,,,,,,,,,,,,,,,,,,
23/01/2024 19:00:00,0,,,,,,,,,,,,,,,,,,,
23/01/2024 18:45:00,0,,,,,,,,,,,,,,,,,,,
23/01/2024 18:30:00,0,,,,,,,,,,,,,,,,,,,
23/01/2024 18:15:00,0,,,,,,,,,,,,,,,,,,,
23/01/2024 18:00:00,0,,,,,,,,,,,,,,,,,,,
23/01/2024 17:45:00,0,,,,,,,,,,,,,,,,,,,
23/01/2024 17:30:00,0,,,,,,,,,,,,,,,,,,,
23/01/2024 17:15:00,0,,,,,,,,,,,,,,,,,,,
23/01/2024 17:00:00,0,488,,,,,,,,,,,,,,,,,,
23/01/2024 16:45:00,0,,,,,,,,,,,,,,,,,,,
23/01/2024 16:30:00,0,,,,,,,,,,,,,,,,,,,
23/01/2024 16:15:00,0,,,,,,,,,,,,,,,,,,,
23/01/2024 16:00:00,0,,,,,,,,,,,,,,,,,,,
23/01/2024 15:45:00,0,,,,,,,,,,,,,,,,,,,
23/01/2024 15:30:00,0,,,,,,,,,,,,,,,,,,,
23/01/2024 15:15:00,0,,,,,,,,,,,,,,,,,,,
23/01/2024 15:00:00,0,,,,,,,,,,,,,,,,,,,
23/01/2024 14:45:00,0,,,,,,,,,,,,,,,,,,,
23/01/2024 14:30:00,0,,,,,,,,,,,,,,,,,,,
23/01/2024 14:15:00,0,,,,,,,,,,,,,,,,,,,
23/01/2024 14:00:00,0,,,,,,,,,,,,,,,,,,,
23/01/2024 13:45:00,0,,,,,,,,,,,,,,,,,,,
23/01/2024 13:30:00,0,,,,,,,,,,,,,,,,,,,
23/01/2024 13:15:00,0,,,,,,,,,,,,,,,,,,,
23/01/2024 13:00:00,0,,,,,,,,,,,,,,,,,,,
23/01/2024 12:45:00,0,,,,,,,,,,,,,,,,,,,
23/01/2024 12:30:00,0,,,,,,,,,,,,,,,,,,,
23/01/2024 12:15:00,0,,,,,,,,,,,,,,,,,,,
23/01/2024 12:00:00,0,,,,,,,,,,,,,,,,,,,
23/01/2024 11:45:00,0,,,,,,,,,,,,,,,,,,,
23/01/2024 11:30:00,0,,,,,,,,,,,,,,,,,,,
23/01/2024 11:15:00,0,,,,,,,,,,,,,,,,,,,
23/01/2024 11:00:00,0,,,,,,,,,,,,,,,,,,,
23/01/2024 10:45:00,0,,,,,,,,,,,,,,,,,,,
23/01/2024 10:30:00,0,,,,,,,,,,,,,,,,,,,
23/01/2024 10:15:00,0,,,,,,,,,,,,,,,,,,,
23/01/2024 10:00:00,0,,,,,,,,,,,,,,,,,,,
23/01/2024 09:45:00,0,,,,,,,,,,,,,,,,,,,
23/01/2024 09:30:00,0,,,,,,,,,,,,,,,,,,,
23/01/2024 09:15:00,0,,,,,,,,,,,,,,,,,,,
23/01/2024 09:00:00,0,,,,,,,,,,,,,,,,,,,
23/01/2024 08:45:00,0,,,,,,,,,,,,,,,,,,,
23/01/2024 08:30:00,0,,,,,,,,,,,,,,,,,,,
23/01/2024 08:15:00,0,,,,,,,,,,,,,,,,,,,
23/01/2024 08:00:00,0,,,,,,,,,,,,,,,,,,,
23/01/2024 07:45:00,0,,,,,,,,,,,,,,,,,,,
23/01/2024 07:30:00,0,,,,,,,,,,,,,,,,,,,
23/01/2024 07:15:00,0,,,,,,,,,,,,,,,,,,,
23/01/2024 07:00:00,0,501,,,,,,,,,,,,,,,,,,
23/01/2024 06:45:00,0,,,,,,,,,,,,,,,,,,,
23/01/2024 06:30:00,0,,,,,,,,,,,,,,,,,,,
23/01/2024 06:15:00,0,,,,,,,,,,,,,,,,,,,
23/01/2024 06:00:00,0,,,,,,,,,,,,,,,,,,,
23/01/2024 05:45:00,0,,,,,,,,,,,,,,,,,,,
23/01/2024 05:30:00,0,,,,,,,,,,,,,,,,,,,
23/01/2024 05:15:00,0,,,,,,,,,,,,,,,,,,,
23/01/2024 05:00:00,0,,,,,,,,,,,,,,,,,,,
23/01/2024 04:45:00,0,,,,,,,,,,,,,,,,,,,
23/01/2024 04:30:00,0,,,,,,,,,,,,,,,,,,,
23/01/2024 04:15:00,0,,,,,,,,,,,,,,,,,,,
23/01/2024 04:00:00,0,,,,,,,,,,,,,,,,,,,
23/01/2024 03:45:00,0,,,,,,,,,,,,,,,,,,,
23/01/2024 03:30:00,0,,,,,,,,,,,,,,,,,,,
23/01/2024 03:15:00,0,,,,,,,,,,,,,,,,,,,
23/01/2024 03:00:00,0,,,,,,,,,,,,,,,,,,,
23/01/2024 02:45:00,0,,,,,,,,,,,,,,,,,,,
23/01/2024 02:30:00,0,,,,,,,,,,,,,,,,,,,
23/01/2024 02:15:00,0,,,,,,,,,,,,,,,,,,,
23/01/2024 02:00:00,0,,,,,,,,,,,,,,,,,,,
23/01/2024 01:45:00,0,,,,,,,,,,,,,,,,,,,
23/01/2024 01:30:00,0,,,,,,,,,,,,,,,,,,,
23/01/2024 01:15:00,0,,,,,,,,,,,,,,,,,,,
23/01/2024 01:00:00,0,509,,,,,,,,,,,,,,,,,,
23/01/2024 00:45:00,0,508,,,,,,,,,,,,,,,,,,
23/01/2024 00:30:00,0,509,,,,,,,,,,,,,,,,,,
23/01/2024 00:15:00,0,508,,,,,,,,,,,,,,,,,,
23/01/2024 00:00:00,0,509,,,,,,,,,,,,,,,,,,
22/01/2024 23:45:00,0,508,,,,,,,,,,,,,,,,,,
22/01/2024 23:30:00,0,509,,,,,,,,,,,,,,,,,,
22/01/2024 23:15:00,0,510,,,,,,,,,,,,,,,,,,
22/01/2024 23:00:00,0,510,,,,,,,,,,,,,,,,,,
22/01/2024 22:45:00,0,509,,,,,,,,,,,,,,,,,,
22/01/2024 22:30:00,0,509,,,,,,,,,,,,,,,,,,
22/01/2024 22:15:00,0,510,,,,,,,,,,,,,,,,,,
22/01/2024 22:00:00,0,512,,,,,,,,,,,,,,,,,,
22/01/2024 21:45:00,0,510,,,,,,,,,,,,,,,,,,
22/01/2024 21:30:00,0,512,,,,,,,,,,,,,,,,,,
22/01/2024 21:15:00,0,512,,,,,,,,,,,,,,,,,,
22/01/2024 21:00:00,0,510,,,,,,,,,,,,,,,,,,
22/01/2024 20:45:00,0,512,,,,,,,,,,,,,,,,,,
22/01/2024 20:30:00,0,512,,,,,,,,,,,,,,,,,,
22/01/2024 20:15:00,0,,,,,,,,,,,,,,,,,,,
22/01/2024 20:00:00,0,,,,,,,,,,,,,,,,,,,
22/01/2024 19:45:00,0,,,,,,,,,,,,,,,,,,,
22/01/2024 19:30:00,0,,,,,,,,,,,,,,,,,,,
22/01/2024 19:15:00,0,,,,,,,,,,,,,,,,,,,
22/01/2024 19:00:00,0,,,,,,,,,,,,,,,,,,,
22/01/2024 18:45:00,0,,,,,,,,,,,,,,,,,,,
22/01/2024 18:30:00,0,,,,,,,,,,,,,,,,,,,
22/01/2024 18:15:00,0,,,,,,,,,,,,,,,,,,,
22/01/2024 18:00:00,0,,,,,,,,,,,,,,,,,,,
22/01/2024 17:45:00,0,,,,,,,,,,,,,,,,,,,
22/01/2024 17:30:00,0,,,,,,,,,,,,,,,,,,,
22/01/2024 17:15:00,0,,,,,,,,,,,,,,,,,,,
22/01/2024 17:00:00,0,518,,,,,,,,,,,,,,,,,,
22/01/2024 16:45:00,0,,,,,,,,,,,,,,,,,,,
22/01/2024 16:30:00,0,,,,,,,,,,,,,,,,,,,
22/01/2024 16:15:00,0,,,,,,,,,,,,,,,,,,,
22/01/2024 16:00:00,0,,,,,,,,,,,,,,,,,,,
22/01/2024 15:45:00,0,,,,,,,,,,,,,,,,,,,
22/01/2024 15:30:00,0,,,,,,,,,,,,,,,,,,,
22/01/2024 15:15:00,0,,,,,,,,,,,,,,,,,,,
22/01/2024 15:00:00,0,,,,,,,,,,,,,,,,,,,
22/01/2024 14:45:00,0,,,,,,,,,,,,,,,,,,,
22/01/2024 14:30:00,0,,,,,,,,,,,,,,,,,,,
22/01/2024 14:15:00,0,,,,,,,,,,,,,,,,,,,
22/01/2024 14:00:00,0,,,,,,,,,,,,,,,,,,,
22/01/2024 13:45:00,0,,,,,,,,,,,,,,,,,,,
22/01/2024 13:30:00,0,,,,,,,,,,,,,,,,,,,
22/01/2024 13:15:00,0,,,,,,,,,,,,,,,,,,,
22/01/2024 13:00:00,0,,,,,,,,,,,,,,,,,,,
22/01/2024 12:45:00,0,,,,,,,,,,,,,,,,,,,
22/01/2024 12:30:00,0,,,,,,,,,,,,,,,,,,,
22/01/2024 12:15:00,0,,,,,,,,,,,,,,,,,,,
22/01/2024 12:00:00,0,,,,,,,,,,,,,,,,,,,
22/01/2024 11:45:00,0,,,,,,,,,,,,,,,,,,,
22/01/2024 11:30:00,0,,,,,,,,,,,,,,,,,,,
22/01/2024 11:15:00,0,,,,,,,,,,,,,,,,,,,
22/01/2024 11:00:00,0,,,,,,,,,,,,,,,,,,,
22/01/2024 10:45:00,0,,,,,,,,,,,,,,,,,,,
22/01/2024 10:30:00,0,,,,,,,,,,,,,,,,,,,
22/01/2024 10:15:00,0,,,,,,,,,,,,,,,,,,,
22/01/2024 10:00:00,0,,,,,,,,,,,,,,,,,,,
22/01/2024 09:45:00,0,,,,,,,,,,,,,,,,,,,
22/01/2024 09:30:00,0,,,,,,,,,,,,,,,,,,,
22/01/2024 09:15:00,0,,,,,,,,,,,,,,,,,,,
22/01/2024 09:00:00,0,,,,,,,,,,,,,,,,,,,
22/01/2024 08:45:00,0,,,,,,,,,,,,,,,,,,,
22/01/2024 08:30:00,0,,,,,,,,,,,,,,,,,,,
22/01/2024 08:15:00,0,,,,,,,,,,,,,,,,,,,
22/01/2024 08:00:00,0,,,,,,,,,,,,,,,,,,,
22/01/2024 07:45:00,0,,,,,,,,,,,,,,,,,,,
22/01/2024 07:30:00,0,,,,,,,,,,,,,,,,,,,
22/01/2024 07:15:00,0,,,,,,,,,,,,,,,,,,,
22/01/2024 07:00:00,0,519,,,,,,,,,,,,,,,,,,
22/01/2024 06:45:00,0,,,,,,,,,,,,,,,,,,,
22/01/2024 06:30:00,0,,,,,,,,,,,,,,,,,,,
22/01/2024 06:15:00,0,,,,,,,,,,,,,,,,,,,
22/01/2024 06:00:00,0,,,,,,,,,,,,,,,,,,,
22/01/2024 05:45:00,0,,,,,,,,,,,,,,,,,,,
22/01/2024 05:30:00,0,,,,,,,,,,,,,,,,,,,
22/01/2024 05:15:00,0,,,,,,,,,,,,,,,,,,,
22/01/2024 05:00:00,0,,,,,,,,,,,,,,,,,,,
22/01/2024 04:45:00,0,,,,,,,,,,,,,,,,,,,
22/01/2024 04:30:00,0,,,,,,,,,,,,,,,,,,,
22/01/2024 04:15:00,0,,,,,,,,,,,,,,,,,,,
22/01/2024 04:00:00,0,,,,,,,,,,,,,,,,,,,
22/01/2024 03:45:00,0,,,,,,,,,,,,,,,,,,,
22/01/2024 03:30:00,0,,,,,,,,,,,,,,,,,,,
22/01/2024 03:15:00,0,,,,,,,,,,,,,,,,,,,
22/01/2024 03:00:00,0,,,,,,,,,,,,,,,,,,,
22/01/2024 02:45:00,0,,,,,,,,,,,,,,,,,,,
22/01/2024 02:30:00,0,,,,,,,,,,,,,,,,,,,
22/01/2024 02:15:00,0,,,,,,,,,,,,,,,,,,,
22/01/2024 02:00:00,0,,,,,,,,,,,,,,,,,,,
22/01/2024 01:45:00,0,,,,,,,,,,,,,,,,,,,
22/01/2024 01:30:00,0,,,,,,,,,,,,,,,,,,,
22/01/2024 01:15:00,0,,,,,,,,,,,,,,,,,,,
22/01/2024 01:00:00,0,,,,,,,,,,,,,,,,,,,
22/01/2024 00:45:00,0,,,,,,,,,,,,,,,,,,,
22/01/2024 00:30:00,0,,,,,,,,,,,,,,,,,,,
22/01/2024 00:15:00,0,,,,,,,,,,,,,,,,,,,
22/01/2024 00:00:00,0,,,,,,,,,,,,,,,,,,,
21/01/2024 23:45:00,0,,,,,,,,,,,,,,,,,,,
21/01/2024 23:30:00,0,522,,,,,,,,,,,,,,,,,,
21/01/2024 23:15:00,0,520,,,,,,,,,,,,,,,,,,
21/01/2024 23:00:00,0,519,,,,,,,,,,,,,,,,,,
21/01/2024 22:45:00,0,520,,,,,,,,,,,,,,,,,,
21/01/2024 22:30:00,0,520,,,,,,,,,,,,,,,,,,
21/01/2024 22:15:00,0,520,,,,,,,,,,,,,,,,,,
21/01/2024 22:00:00,0,521,,,,,,,,,,,,,,,,,,
21/01/2024 21:45:00,0,520,,,,,,,,,,,,,,,,,,
21/01/2024 21:30:00,0,520,,,,,,,,,,,,,,,,,,
21/01/2024 21:15:00,0,519,,,,,,,,,,,,,,,,,,
21/01/2024 21:00:00,0,522,,,,,,,,,,,,,,,,,,
21/01/2024 20:45:00,0,521,,,,,,,,,,,,,,,,,,
21/01/2024 20:30:00,0,521,,,,,,,,,,,,,,,,,,
21/01/2024 20:15:00,0,,,,,,,,,,,,,,,,,,,
21/01/2024 20:00:00,0,,,,,,,,,,,,,,,,,,,
21/01/2024 19:45:00,0,,,,,,,,,,,,,,,,,,,
21/01/2024 19:30:00,0,,,,,,,,,,,,,,,,,,,
21/01/2024 19:15:00,0,,,,,,,,,,,,,,,,,,,
21/01/2024 19:00:00,0,,,,,,,,,,,,,,,,,,,
21/01/2024 18:45:00,0,,,,,,,,,,,,,,,,,,,
21/01/2024 18:30:00,0,,,,,,,,,,,,,,,,,,,
21/01/2024 18:15:00,0,,,,,,,,,,,,,,,,,,,
21/01/2024 18:00:00,0,,,,,,,,,,,,,,,,,,,
21/01/2024 17:45:00,0,,,,,,,,,,,,,,,,,,,
21/01/2024 17:30:00,0,,,,,,,,,,,,,,,,,,,
21/01/2024 17:15:00,0,,,,,,,,,,,,,,,,,,,
21/01/2024 17:00:00,0,524,,,,,,,,,,,,,,,,,,
21/01/2024 16:45:00,0,,,,,,,,,,,,,,,,,,,
21/01/2024 16:30:00,0,,,,,,,,,,,,,,,,,,,
21/01/2024 16:15:00,0,,,,,,,,,,,,,,,,,,,
21/01/2024 16:00:00,0,,,,,,,,,,,,,,,,,,,
21/01/2024 15:45:00,0,,,,,,,,,,,,,,,,,,,
21/01/2024 15:30:00,0,,,,,,,,,,,,,,,,,,,
21/01/2024 15:15:00,0,,,,,,,,,,,,,,,,,,,
21/01/2024 15:00:00,0,,,,,,,,,,,,,,,,,,,
21/01/2024 14:45:00,0,,,,,,,,,,,,,,,,,,,
21/01/2024 14:30:00,0,,,,,,,,,,,,,,,,,,,
21/01/2024 14:15:00,0,,,,,,,,,,,,,,,,,,,
21/01/2024 14:00:00,0,,,,,,,,,,,,,,,,,,,
21/01/2024 13:45:00,0,,,,,,,,,,,,,,,,,,,
21/01/2024 13:30:00,0,,,,,,,,,,,,,,,,,,,
21/01/2024 13:15:00,0,,,,,,,,,,,,,,,,,,,
21/01/2024 13:00:00,0,,,,,,,,,,,,,,,,,,,
21/01/2024 12:45:00,0,,,,,,,,,,,,,,,,,,,
21/01/2024 12:30:00,0,,,,,,,,,,,,,,,,,,,
21/01/2024 12:15:00,0,,,,,,,,,,,,,,,,,,,
21/01/2024 12:00:00,0,,,,,,,,,,,,,,,,,,,
21/01/2024 11:45:00,0,,,,,,,,,,,,,,,,,,,
21/01/2024 11:30:00,0,,,,,,,,,,,,,,,,,,,
21/01/2024 11:15:00,0,,,,,,,,,,,,,,,,,,,
21/01/2024 11:00:00,0,,,,,,,,,,,,,,,,,,,
21/01/2024 10:45:00,0,,,,,,,,,,,,,,,,,,,
21/01/2024 10:30:00,0,,,,,,,,,,,,,,,,,,,
21/01/2024 10:15:00,0,,,,,,,,,,,,,,,,,,,
21/01/2024 10:00:00,0,,,,,,,,,,,,,,,,,,,
21/01/2024 09:45:00,0,,,,,,,,,,,,,,,,,,,
21/01/2024 09:30:00,0,,,,,,,,,,,,,,,,,,,
21/01/2024 09:15:00,0,,,,,,,,,,,,,,,,,,,
21/01/2024 09:00:00,0,,,,,,,,,,,,,,,,,,,
21/01/2024 08:45:00,0,,,,,,,,,,,,,,,,,,,
21/01/2024 08:30:00,0,,,,,,,,,,,,,,,,,,,
21/01/2024 08:15:00,0,,,,,,,,,,,,,,,,,,,
21/01/2024 08:00:00,0,,,,,,,,,,,,,,,,,,,
21/01/2024 07:45:00,0,,,,,,,,,,,,,,,,,,,
21/01/2024 07:30:00,0,,,,,,,,,,,,,,,,,,,
21/01/2024 07:15:00,0,,,,,,,,,,,,,,,,,,,
21/01/2024 07:00:00,0,527,,,,,,,,,,,,,,,,,,
21/01/2024 06:45:00,0,,,,,,,,,,,,,,,,,,,
21/01/2024 06:30:00,0,,,,,,,,,,,,,,,,,,,
21/01/2024 06:15:00,0,,,,,,,,,,,,,,,,,,,
21/01/2024 06:00:00,0,,,,,,,,,,,,,,,,,,,
21/01/2024 05:45:00,0,,,,,,,,,,,,,,,,,,,
21/01/2024 05:30:00,0,,,,,,,,,,,,,,,,,,,
21/01/2024 05:15:00,0,,,,,,,,,,,,,,,,,,,
21/01/2024 05:00:00,0,,,,,,,,,,,,,,,,,,,
21/01/2024 04:45:00,0,,,,,,,,,,,,,,,,,,,
21/01/2024 04:30:00,0,,,,,,,,,,,,,,,,,,,
21/01/2024 04:15:00,0,,,,,,,,,,,,,,,,,,,
21/01/2024 04:00:00,0,,,,,,,,,,,,,,,,,,,
21/01/2024 03:45:00,0,,,,,,,,,,,,,,,,,,,
21/01/2024 03:30:00,0,,,,,,,,,,,,,,,,,,,
21/01/2024 03:15:00,0,,,,,,,,,,,,,,,,,,,
21/01/2024 03:00:00,0,,,,,,,,,,,,,,,,,,,
21/01/2024 02:45:00,0,,,,,,,,,,,,,,,,,,,
21/01/2024 02:30:00,0,,,,,,,,,,,,,,,,,,,
21/01/2024 02:15:00,0,,,,,,,,,,,,,,,,,,,
21/01/2024 02:00:00,0,,,,,,,,,,,,,,,,,,,
21/01/2024 01:45:00,0,,,,,,,,,,,,,,,,,,,
21/01/2024 01:30:00,0,,,,,,,,,,,,,,,,,,,
21/01/2024 01:15:00,0,,,,,,,,,,,,,,,,,,,
21/01/2024 01:00:00,0,,,,,,,,,,,,,,,,,,,
21/01/2024 00:45:00,0,,,,,,,,,,,,,,,,,,,
21/01/2024 00:30:00,0,,,,,,,,,,,,,,,,,,,
21/01/2024 00:15:00,0,527,,,,,,,,,,,,,,,,,,
21/01/2024 00:00:00,0,526,,,,,,,,,,,,,,,,,,
20/01/2024 23:45:00,0,527,,,,,,,,,,,,,,,,,,
20/01/2024 23:30:00,0,527,,,,,,,,,,,,,,,,,,
20/01/2024 23:15:00,0,527,,,,,,,,,,,,,,,,,,
20/01/2024 23:00:00,0,527,,,,,,,,,,,,,,,,,,
20/01/2024 22:45:00,0,527,,,,,,,,,,,,,,,,,,
20/01/2024 22:30:00,0,526,,,,,,,,,,,,,,,,,,
20/01/2024 22:15:00,0,526,,,,,,,,,,,,,,,,,,
20/01/2024 22:00:00,0,525,,,,,,,,,,,,,,,,,,
20/01/2024 21:45:00,0,527,,,,,,,,,,,,,,,,,,
20/01/2024 21:30:00,0,527,,,,,,,,,,,,,,,,,,
20/01/2024 21:15:00,0,526,,,,,,,,,,,,,,,,,,
20/01/2024 21:00:00,0,527,,,,,,,,,,,,,,,,,,
20/01/2024 20:45:00,0,527,,,,,,,,,,,,,,,,,,
20/01/2024 20:30:00,0,527,,,,,,,,,,,,,,,,,,
20/01/2024 20:15:00,0,,,,,,,,,,,,,,,,,,,
20/01/2024 20:00:00,0,,,,,,,,,,,,,,,,,,,
20/01/2024 19:45:00,0,,,,,,,,,,,,,,,,,,,
20/01/2024 19:30:00,0,,,,,,,,,,,,,,,,,,,
20/01/2024 19:15:00,0,,,,,,,,,,,,,,,,,,,
20/01/2024 19:00:00,0,,,,,,,,,,,,,,,,,,,
20/01/2024 18:45:00,0,,,,,,,,,,,,,,,,,,,
20/01/2024 18:30:00,0,,,,,,,,,,,,,,,,,,,
20/01/2024 18:15:00,0,,,,,,,,,,,,,,,,,,,
20/01/2024 18:00:00,0.2,,,,,,,,,,,,,,,,,,,
20/01/2024 17:45:00,0.2,,,,,,,,,,,,,,,,,,,
20/01/2024 17:30:00,3.8,,,,,,,,,,,,,,,,,,,
20/01/2024 17:15:00,0.2,,,,,,,,,,,,,,,,,,,
20/01/2024 17:00:00,0,526,,,,,,,,,,,,,,,,,,
20/01/2024 16:45:00,0,,,,,,,,,,,,,,,,,,,
20/01/2024 16:30:00,0,,,,,,,,,,,,,,,,,,,
20/01/2024 16:15:00,0,,,,,,,,,,,,,,,,,,,
20/01/2024 16:00:00,0,,,,,,,,,,,,,,,,,,,
20/01/2024 15:45:00,0,,,,,,,,,,,,,,,,,,,
20/01/2024 15:30:00,0,,,,,,,,,,,,,,,,,,,
20/01/2024 15:15:00,0,,,,,,,,,,,,,,,,,,,
20/01/2024 15:00:00,0,,,,,,,,,,,,,,,,,,,
20/01/2024 14:45:00,0,,,,,,,,,,,,,,,,,,,
20/01/2024 14:30:00,0,,,,,,,,,,,,,,,,,,,
20/01/2024 14:15:00,0,,,,,,,,,,,,,,,,,,,
20/01/2024 14:00:00,0,,,,,,,,,,,,,,,,,,,
20/01/2024 13:45:00,0,,,,,,,,,,,,,,,,,,,
20/01/2024 13:30:00,0,,,,,,,,,,,,,,,,,,,
20/01/2024 13:15:00,0,,,,,,,,,,,,,,,,,,,
20/01/2024 13:00:00,0,,,,,,,,,,,,,,,,,,,
20/01/2024 12:45:00,0,,,,,,,,,,,,,,,,,,,
20/01/2024 12:30:00,0,,,,,,,,,,,,,,,,,,,
20/01/2024 12:15:00,0,,,,,,,,,,,,,,,,,,,
20/01/2024 12:00:00,0.2,,,,,,,,,,,,,,,,,,,
20/01/2024 11:45:00,0,,,,,,,,,,,,,,,,,,,
20/01/2024 11:30:00,0,,,,,,,,,,,,,,,,,,,
20/01/2024 11:15:00,0,,,,,,,,,,,,,,,,,,,
20/01/2024 11:00:00,0,,,,,,,,,,,,,,,,,,,
20/01/2024 10:45:00,0,,,,,,,,,,,,,,,,,,,
20/01/2024 10:30:00,0,,,,,,,,,,,,,,,,,,,
20/01/2024 10:15:00,0,,,,,,,,,,,,,,,,,,,
20/01/2024 10:00:00,0,,,,,,,,,,,,,,,,,,,
20/01/2024 09:45:00,0,,,,,,,,,,,,,,,,,,,
20/01/2024 09:30:00,0,,,,,,,,,,,,,,,,,,,
20/01/2024 09:15:00,0,,,,,,,,,,,,,,,,,,,
20/01/2024 09:00:00,0,,,,,,,,,,,,,,,,,,,
20/01/2024 08:45:00,0,,,,,,,,,,,,,,,,,,,
20/01/2024 08:30:00,0,,,,,,,,,,,,,,,,,,,
20/01/2024 08:15:00,0,,,,,,,,,,,,,,,,,,,
20/01/2024 08:00:00,0,,,,,,,,,,,,,,,,,,,
20/01/2024 07:45:00,0,,,,,,,,,,,,,,,,,,,
20/01/2024 07:30:00,0,,,,,,,,,,,,,,,,,,,
20/01/2024 07:15:00,0,,,,,,,,,,,,,,,,,,,
20/01/2024 07:00:00,0,522,,,,,,,,,,,,,,,,,,
20/01/2024 06:45:00,0.2,,,,,,,,,,,,,,,,,,,
20/01/2024 06:30:00,0,,,,,,,,,,,,,,,,,,,
20/01/2024 06:15:00,0,,,,,,,,,,,,,,,,,,,
20/01/2024 06:00:00,0,,,,,,,,,,,,,,,,,,,
20/01/2024 05:45:00,0,,,,,,,,,,,,,,,,,,,
20/01/2024 05:30:00,0,,,,,,,,,,,,,,,,,,,
20/01/2024 05:15:00,0,,,,,,,,,,,,,,,,,,,
20/01/2024 05:00:00,0,,,,,,,,,,,,,,,,,,,
20/01/2024 04:45:00,0,,,,,,,,,,,,,,,,,,,
20/01/2024 04:30:00,0,,,,,,,,,,,,,,,,,,,
20/01/2024 04:15:00,0,,,,,,,,,,,,,,,,,,,
20/01/2024 04:00:00,0,,,,,,,,,,,,,,,,,,,
20/01/2024 03:45:00,0,,,,,,,,,,,,,,,,,,,
20/01/2024 03:30:00,0,,,,,,,,,,,,,,,,,,,
20/01/2024 03:15:00,0,,,,,,,,,,,,,,,,,,,
20/01/2024 03:00:00,0,,,,,,,,,,,,,,,,,,,
20/01/2024 02:45:00,0,,,,,,,,,,,,,,,,,,,
20/01/2024 02:30:00,0.2,,,,,,,,,,,,,,,,,,,
20/01/2024 02:15:00,0,,,,,,,,,,,,,,,,,,,
20/01/2024 02:00:00,0,,,,,,,,,,,,,,,,,,,
20/01/2024 01:45:00,0,521,,,,,,,,,,,,,,,,,,
20/01/2024 01:30:00,0,521,,,,,,,,,,,,,,,,,,
20/01/2024 01:15:00,0,521,,,,,,,,,,,,,,,,,,
20/01/2024 01:00:00,0,521,,,,,,,,,,,,,,,,,,
20/01/2024 00:45:00,0,521,,,,,,,,,,,,,,,,,,
20/01/2024 00:30:00,0,521,,,,,,,,,,,,,,,,,,
20/01/2024 00:15:00,0,521,,,,,,,,,,,,,,,,,,
20/01/2024 00:00:00,0,521,,,,,,,,,,,,,,,,,,
19/01/2024 23:45:00,0,520,,,,,,,,,,,,,,,,,,
19/01/2024 23:30:00,0,520,,,,,,,,,,,,,,,,,,
19/01/2024 23:15:00,0,521,,,,,,,,,,,,,,,,,,
19/01/2024 23:00:00,0,520,,,,,,,,,,,,,,,,,,
19/01/2024 22:45:00,0,520,,,,,,,,,,,,,,,,,,
19/01/2024 22:30:00,0,520,,,,,,,,,,,,,,,,,,
19/01/2024 22:15:00,0,520,,,,,,,,,,,,,,,,,,
19/01/2024 22:00:00,0,520,,,,,,,,,,,,,,,,,,
19/01/2024 21:45:00,0,520,,,,,,,,,,,,,,,,,,
19/01/2024 21:30:00,0,520,,,,,,,,,,,,,,,,,,
19/01/2024 21:15:00,0,519,,,,,,,,,,,,,,,,,,
19/01/2024 21:00:00,0,520,,,,,,,,,,,,,,,,,,
19/01/2024 20:45:00,0,,,,,,,,,,,,,,,,,,,
19/01/2024 20:30:00,0,,,,,,,,,,,,,,,,,,,
19/01/2024 20:15:00,0,,,,,,,,,,,,,,,,,,,
19/01/2024 20:00:00,0,,,,,,,,,,,,,,,,,,,
19/01/2024 19:45:00,0,,,,,,,,,,,,,,,,,,,
19/01/2024 19:30:00,0,,,,,,,,,,,,,,,,,,,
19/01/2024 19:15:00,0,,,,,,,,,,,,,,,,,,,
19/01/2024 19:00:00,0,,,,,,,,,,,,,,,,,,,
19/01/2024 18:45:00,0,,,,,,,,,,,,,,,,,,,
19/01/2024 18:30:00,0,,,,,,,,,,,,,,,,,,,
19/01/2024 18:15:00,0,,,,,,,,,,,,,,,,,,,
19/01/2024 18:00:00,0,,,,,,,,,,,,,,,,,,,
19/01/2024 17:45:00,0,,,,,,,,,,,,,,,,,,,
19/01/2024 17:30:00,0,,,,,,,,,,,,,,,,,,,
19/01/2024 17:15:00,0,,,,,,,,,,,,,,,,,,,
19/01/2024 17:00:00,0,520,,,,,,,,,,,,,,,,,,
19/01/2024 16:45:00,0,,,,,,,,,,,,,,,,,,,
19/01/2024 16:30:00,0,,,,,,,,,,,,,,,,,,,
19/01/2024 16:15:00,0,,,,,,,,,,,,,,,,,,,
19/01/2024 16:00:00,0,,,,,,,,,,,,,,,,,,,
19/01/2024 15:45:00,0,,,,,,,,,,,,,,,,,,,
19/01/2024 15:30:00,0,,,,,,,,,,,,,,,,,,,
19/01/2024 15:15:00,0,,,,,,,,,,,,,,,,,,,
19/01/2024 15:00:00,0,,,,,,,,,,,,,,,,,,,
19/01/2024 14:45:00,0,,,,,,,,,,,,,,,,,,,
19/01/2024 14:30:00,0,,,,,,,,,,,,,,,,,,,
19/01/2024 14:15:00,0,,,,,,,,,,,,,,,,,,,
19/01/2024 14:00:00,0,,,,,,,,,,,,,,,,,,,
19/01/2024 13:45:00,0,,,,,,,,,,,,,,,,,,,
19/01/2024 13:30:00,0,,,,,,,,,,,,,,,,,,,
19/01/2024 13:15:00,0,,,,,,,,,,,,,,,,,,,
19/01/2024 13:00:00,0,,,,,,,,,,,,,,,,,,,
19/01/2024 12:45:00,0,,,,,,,,,,,,,,,,,,,
19/01/2024 12:30:00,0,,,,,,,,,,,,,,,,,,,
19/01/2024 12:15:00,0,,,,,,,,,,,,,,,,,,,
19/01/2024 12:00:00,0.2,,,,,,,,,,,,,,,,,,,
19/01/2024 11:45:00,0,,,,,,,,,,,,,,,,,,,
19/01/2024 11:30:00,0,,,,,,,,,,,,,,,,,,,
19/01/2024 11:15:00,0,,,,,,,,,,,,,,,,,,,
19/01/2024 11:00:00,0,,,,,,,,,,,,,,,,,,,
19/01/2024 10:45:00,0,,,,,,,,,,,,,,,,,,,
19/01/2024 10:30:00,0,,,,,,,,,,,,,,,,,,,
19/01/2024 10:15:00,0,,,,,,,,,,,,,,,,,,,
19/01/2024 10:00:00,0,,,,,,,,,,,,,,,,,,,
19/01/2024 09:45:00,0,,,,,,,,,,,,,,,,,,,
19/01/2024 09:30:00,0,,,,,,,,,,,,,,,,,,,
19/01/2024 09:15:00,0,,,,,,,,,,,,,,,,,,,
19/01/2024 09:00:00,0,,,,,,,,,,,,,,,,,,,
19/01/2024 08:45:00,0,,,,,,,,,,,,,,,,,,,
19/01/2024 08:30:00,0,,,,,,,,,,,,,,,,,,,
19/01/2024 08:15:00,0,,,,,,,,,,,,,,,,,,,
19/01/2024 08:00:00,0,,,,,,,,,,,,,,,,,,,
19/01/2024 07:45:00,0,,,,,,,,,,,,,,,,,,,
19/01/2024 07:30:00,0,,,,,,,,,,,,,,,,,,,
19/01/2024 07:15:00,0,,,,,,,,,,,,,,,,,,,
19/01/2024 07:00:00,0,500,,,,,,,,,,,,,,,,,,
19/01/2024 06:45:00,0,,,,,,,,,,,,,,,,,,,
19/01/2024 06:30:00,0,,,,,,,,,,,,,,,,,,,
19/01/2024 06:15:00,0,,,,,,,,,,,,,,,,,,,
19/01/2024 06:00:00,0,,,,,,,,,,,,,,,,,,,
19/01/2024 05:45:00,0,,,,,,,,,,,,,,,,,,,
19/01/2024 05:30:00,0,,,,,,,,,,,,,,,,,,,
19/01/2024 05:15:00,0,,,,,,,,,,,,,,,,,,,
19/01/2024 05:00:00,0,,,,,,,,,,,,,,,,,,,
19/01/2024 04:45:00,0.2,,,,,,,,,,,,,,,,,,,
19/01/2024 04:30:00,0.2,,,,,,,,,,,,,,,,,,,
19/01/2024 04:15:00,0,,,,,,,,,,,,,,,,,,,
19/01/2024 04:00:00,0,,,,,,,,,,,,,,,,,,,
19/01/2024 03:45:00,0,,,,,,,,,,,,,,,,,,,
19/01/2024 03:30:00,0,,,,,,,,,,,,,,,,,,,
19/01/2024 03:15:00,0,,,,,,,,,,,,,,,,,,,
19/01/2024 03:00:00,0,,,,,,,,,,,,,,,,,,,
19/01/2024 02:45:00,0,,,,,,,,,,,,,,,,,,,
19/01/2024 02:30:00,0,,,,,,,,,,,,,,,,,,,
19/01/2024 02:15:00,0,,,,,,,,,,,,,,,,,,,
19/01/2024 02:00:00,0,,,,,,,,,,,,,,,,,,,
19/01/2024 01:45:00,0,,,,,,,,,,,,,,,,,,,
19/01/2024 01:30:00,0,,,,,,,,,,,,,,,,,,,
19/01/2024 01:15:00,0,,,,,,,,,,,,,,,,,,,
19/01/2024 01:00:00,0,,,,,,,,,,,,,,,,,,,
19/01/2024 00:45:00,0,,,,,,,,,,,,,,,,,,,
19/01/2024 00:30:00,0,,,,,,,,,,,,,,,,,,,
19/01/2024 00:15:00,0,,,,,,,,,,,,,,,,,,,
19/01/2024 00:00:00,0,,,,,,,,,,,,,,,,,,,
18/01/2024 23:45:00,0,,,,,,,,,,,,,,,,,,,
18/01/2024 23:30:00,0,496,,,,,,,,,,,,,,,,,,
18/01/2024 23:15:00,0,496,,,,,,,,,,,,,,,,,,
18/01/2024 23:00:00,0,495,,,,,,,,,,,,,,,,,,
18/01/2024 22:45:00,0,494,,,,,,,,,,,,,,,,,,
18/01/2024 22:30:00,0,494,,,,,,,,,,,,,,,,,,
18/01/2024 22:15:00,0,494,,,,,,,,,,,,,,,,,,
18/01/2024 22:00:00,0,493,,,,,,,,,,,,,,,,,,
18/01/2024 21:45:00,0,493,,,,,,,,,,,,,,,,,,
18/01/2024 21:30:00,0,492,,,,,,,,,,,,,,,,,,
18/01/2024 21:15:00,0,490,,,,,,,,,,,,,,,,,,
18/01/2024 21:00:00,0,489,,,,,,,,,,,,,,,,,,
18/01/2024 20:45:00,0,488,,,,,,,,,,,,,,,,,,
18/01/2024 20:30:00,0,,,,,,,,,,,,,,,,,,,
18/01/2024 20:15:00,0,,,,,,,,,,,,,,,,,,,
18/01/2024 20:00:00,0,,,,,,,,,,,,,,,,,,,
18/01/2024 19:45:00,0,,,,,,,,,,,,,,,,,,,
18/01/2024 19:30:00,0,,,,,,,,,,,,,,,,,,,
18/01/2024 19:15:00,0,,,,,,,,,,,,,,,,,,,
18/01/2024 19:00:00,0,,,,,,,,,,,,,,,,,,,
18/01/2024 18:45:00,0,,,,,,,,,,,,,,,,,,,
18/01/2024 18:30:00,0,,,,,,,,,,,,,,,,,,,
18/01/2024 18:15:00,0,,,,,,,,,,,,,,,,,,,
18/01/2024 18:00:00,0,,,,,,,,,,,,,,,,,,,
18/01/2024 17:45:00,0,,,,,,,,,,,,,,,,,,,
18/01/2024 17:30:00,0,,,,,,,,,,,,,,,,,,,
18/01/2024 17:15:00,0,,,,,,,,,,,,,,,,,,,
18/01/2024 17:00:00,0,480,,,,,,,,,,,,,,,,,,
18/01/2024 16:45:00,0,,,,,,,,,,,,,,,,,,,
18/01/2024 16:30:00,0,,,,,,,,,,,,,,,,,,,
18/01/2024 16:15:00,0,,,,,,,,,,,,,,,,,,,
18/01/2024 16:00:00,0,,,,,,,,,,,,,,,,,,,
18/01/2024 15:45:00,0,,,,,,,,,,,,,,,,,,,
18/01/2024 15:30:00,0,,,,,,,,,,,,,,,,,,,
18/01/2024 15:15:00,0,,,,,,,,,,,,,,,,,,,
18/01/2024 15:00:00,0,,,,,,,,,,,,,,,,,,,
18/01/2024 14:45:00,0,,,,,,,,,,,,,,,,,,,
18/01/2024 14:30:00,0,,,,,,,,,,,,,,,,,,,
18/01/2024 14:15:00,0,,,,,,,,,,,,,,,,,,,
18/01/2024 14:00:00,0,,,,,,,,,,,,,,,,,,,
18/01/2024 13:45:00,0,,,,,,,,,,,,,,,,,,,
18/01/2024 13:30:00,0,,,,,,,,,,,,,,,,,,,
18/01/2024 13:15:00,0,,,,,,,,,,,,,,,,,,,
18/01/2024 13:00:00,0,,,,,,,,,,,,,,,,,,,
18/01/2024 12:45:00,0,,,,,,,,,,,,,,,,,,,
18/01/2024 12:30:00,0,,,,,,,,,,,,,,,,,,,
18/01/2024 12:15:00,0,,,,,,,,,,,,,,,,,,,
18/01/2024 12:00:00,0,,,,,,,,,,,,,,,,,,,
18/01/2024 11:45:00,0,,,,,,,,,,,,,,,,,,,
18/01/2024 11:30:00,0,,,,,,,,,,,,,,,,,,,
18/01/2024 11:15:00,0,,,,,,,,,,,,,,,,,,,
18/01/2024 11:00:00,0,,,,,,,,,,,,,,,,,,,
18/01/2024 10:45:00,0,,,,,,,,,,,,,,,,,,,
18/01/2024 10:30:00,0,,,,,,,,,,,,,,,,,,,
18/01/2024 10:15:00,0,,,,,,,,,,,,,,,,,,,
18/01/2024 10:00:00,0,,,,,,,,,,,,,,,,,,,
18/01/2024 09:45:00,0,,,,,,,,,,,,,,,,,,,
18/01/2024 09:30:00,0,,,,,,,,,,,,,,,,,,,
18/01/2024 09:15:00,0,,,,,,,,,,,,,,,,,,,
18/01/2024 09:00:00,0,,,,,,,,,,,,,,,,,,,
18/01/2024 08:45:00,0,,,,,,,,,,,,,,,,,,,
18/01/2024 08:30:00,0,,,,,,,,,,,,,,,,,,,
18/01/2024 08:15:00,0,,,,,,,,,,,,,,,,,,,
18/01/2024 08:00:00,0,,,,,,,,,,,,,,,,,,,
18/01/2024 07:45:00,0,,,,,,,,,,,,,,,,,,,
18/01/2024 07:30:00,0,,,,,,,,,,,,,,,,,,,
18/01/2024 07:15:00,0,,,,,,,,,,,,,,,,,,,
18/01/2024 07:00:00,0,449,,,,,,,,,,,,,,,,,,
18/01/2024 06:45:00,0,,,,,,,,,,,,,,,,,,,
18/01/2024 06:30:00,0,,,,,,,,,,,,,,,,,,,
18/01/2024 06:15:00,0,,,,,,,,,,,,,,,,,,,
18/01/2024 06:00:00,0,,,,,,,,,,,,,,,,,,,
18/01/2024 05:45:00,0,,,,,,,,,,,,,,,,,,,
18/01/2024 05:30:00,0,,,,,,,,,,,,,,,,,,,
18/01/2024 05:15:00,0,,,,,,,,,,,,,,,,,,,
18/01/2024 05:00:00,0,,,,,,,,,,,,,,,,,,,
18/01/2024 04:45:00,0,,,,,,,,,,,,,,,,,,,
18/01/2024 04:30:00,0,,,,,,,,,,,,,,,,,,,
18/01/2024 04:15:00,0,,,,,,,,,,,,,,,,,,,
18/01/2024 04:00:00,0,,,,,,,,,,,,,,,,,,,
18/01/2024 03:45:00,0,,,,,,,,,,,,,,,,,,,
18/01/2024 03:30:00,0,,,,,,,,,,,,,,,,,,,
18/01/2024 03:15:00,0,,,,,,,,,,,,,,,,,,,
18/01/2024 03:00:00,0,,,,,,,,,,,,,,,,,,,
18/01/2024 02:45:00,0,,,,,,,,,,,,,,,,,,,
18/01/2024 02:30:00,0,,,,,,,,,,,,,,,,,,,
18/01/2024 02:15:00,0,,,,,,,,,,,,,,,,,,,
18/01/2024 02:00:00,0,,,,,,,,,,,,,,,,,,,
18/01/2024 01:45:00,0,,,,,,,,,,,,,,,,,,,
18/01/2024 01:30:00,0,,,,,,,,,,,,,,,,,,,
18/01/2024 01:15:00,0,,,,,,,,,,,,,,,,,,,
18/01/2024 01:00:00,0,,,,,,,,,,,,,,,,,,,
18/01/2024 00:45:00,0,,,,,,,,,,,,,,,,,,,
18/01/2024 00:30:00,0,,,,,,,,,,,,,,,,,,,
18/01/2024 00:15:00,0,,,,,,,,,,,,,,,,,,,
18/01/2024 00:00:00,0,,,,,,,,,,,,,,,,,,,
17/01/2024 23:45:00,0,,,,,,,,,,,,,,,,,,,
17/01/2024 23:30:00,0,,,,,,,,,,,,,,,,,,,
17/01/2024 23:15:00,0,,,,,,,,,,,,,,,,,,,
17/01/2024 23:00:00,0,,,,,,,,,,,,,,,,,,,
17/01/2024 22:45:00,0.2,,,,,,,,,,,,,,,,,,,
17/01/2024 22:30:00,0,,,,,,,,,,,,,,,,,,,
17/01/2024 22:15:00,0,411,,,,,,,,,,,,,,,,,,
17/01/2024 22:00:00,0,412,,,,,,,,,,,,,,,,,,
17/01/2024 21:45:00,0,410,,,,,,,,,,,,,,,,,,
17/01/2024 21:30:00,0,409,,,,,,,,,,,,,,,,,,
17/01/2024 21:15:00,0,406,,,,,,,,,,,,,,,,,,
17/01/2024 21:00:00,0,406,,,,,,,,,,,,,,,,,,
17/01/2024 20:45:00,0,,,,,,,,,,,,,,,,,,,
17/01/2024 20:30:00,0,,,,,,,,,,,,,,,,,,,
17/01/2024 20:15:00,0,,,,,,,,,,,,,,,,,,,
17/01/2024 20:00:00,0,,,,,,,,,,,,,,,,,,,
17/01/2024 19:45:00,0,,,,,,,,,,,,,,,,,,,
17/01/2024 19:30:00,0,,,,,,,,,,,,,,,,,,,
17/01/2024 19:15:00,0.2,,,,,,,,,,,,,,,,,,,
17/01/2024 19:00:00,1,,,,,,,,,,,,,,,,,,,
17/01/2024 18:45:00,0.6,,,,,,,,,,,,,,,,,,,
17/01/2024 18:30:00,0,,,,,,,,,,,,,,,,,,,
17/01/2024 18:15:00,0,,,,,,,,,,,,,,,,,,,
17/01/2024 18:00:00,0,,,,,,,,,,,,,,,,,,,
17/01/2024 17:45:00,0,,,,,,,,,,,,,,,,,,,
17/01/2024 17:30:00,0,,,,,,,,,,,,,,,,,,,
17/01/2024 17:15:00,0,,,,,,,,,,,,,,,,,,,
17/01/2024 17:00:00,0,382,,,,,,,,,,,,,,,,,,
17/01/2024 16:45:00,0,,,,,,,,,,,,,,,,,,,
17/01/2024 16:30:00,0,,,,,,,,,,,,,,,,,,,
17/01/2024 16:15:00,0,,,,,,,,,,,,,,,,,,,
17/01/2024 16:00:00,0,,,,,,,,,,,,,,,,,,,
17/01/2024 15:45:00,0,,,,,,,,,,,,,,,,,,,
17/01/2024 15:30:00,0,,,,,,,,,,,,,,,,,,,
17/01/2024 15:15:00,0,,,,,,,,,,,,,,,,,,,
17/01/2024 15:00:00,0,,,,,,,,,,,,,,,,,,,
17/01/2024 14:45:00,0,,,,,,,,,,,,,,,,,,,
17/01/2024 14:30:00,0,,,,,,,,,,,,,,,,,,,
17/01/2024 14:15:00,0,,,,,,,,,,,,,,,,,,,
17/01/2024 14:00:00,0,,,,,,,,,,,,,,,,,,,
17/01/2024 13:45:00,0,,,,,,,,,,,,,,,,,,,
17/01/2024 13:30:00,0,,,,,,,,,,,,,,,,,,,
17/01/2024 13:15:00,0,,,,,,,,,,,,,,,,,,,
17/01/2024 13:00:00,0,,,,,,,,,,,,,,,,,,,
17/01/2024 12:45:00,0,,,,,,,,,,,,,,,,,,,
17/01/2024 12:30:00,0,,,,,,,,,,,,,,,,,,,
17/01/2024 12:15:00,0,,,,,,,,,,,,,,,,,,,
17/01/2024 12:00:00,0,,,,,,,,,,,,,,,,,,,
17/01/2024 11:45:00,0,,,,,,,,,,,,,,,,,,,
17/01/2024 11:30:00,0,,,,,,,,,,,,,,,,,,,
17/01/2024 11:15:00,0,,,,,,,,,,,,,,,,,,,
17/01/2024 11:00:00,0,,,,,,,,,,,,,,,,,,,
17/01/2024 10:45:00,0,,,,,,,,,,,,,,,,,,,
17/01/2024 10:30:00,0,,,,,,,,,,,,,,,,,,,
17/01/2024 10:15:00,0,,,,,,,,,,,,,,,,,,,
17/01/2024 10:00:00,0,,,,,,,,,,,,,,,,,,,
17/01/2024 09:45:00,0,,,,,,,,,,,,,,,,,,,
17/01/2024 09:30:00,0,,,,,,,,,,,,,,,,,,,
17/01/2024 09:15:00,0,,,,,,,,,,,,,,,,,,,
17/01/2024 09:00:00,0,,,,,,,,,,,,,,,,,,,
17/01/2024 08:45:00,0,,,,,,,,,,,,,,,,,,,
17/01/2024 08:30:00,0,,,,,,,,,,,,,,,,,,,
17/01/2024 08:15:00,0,,,,,,,,,,,,,,,,,,,
17/01/2024 08:00:00,0,,,,,,,,,,,,,,,,,,,
17/01/2024 07:45:00,0,,,,,,,,,,,,,,,,,,,
17/01/2024 07:30:00,0,,,,,,,,,,,,,,,,,,,
17/01/2024 07:15:00,0,,,,,,,,,,,,,,,,,,,
17/01/2024 07:00:00,0,351,,,,,,,,,,,,,,,,,,
17/01/2024 06:45:00,0,,,,,,,,,,,,,,,,,,,
17/01/2024 06:30:00,0,,,,,,,,,,,,,,,,,,,
17/01/2024 06:15:00,0,,,,,,,,,,,,,,,,,,,
17/01/2024 06:00:00,0,,,,,,,,,,,,,,,,,,,
17/01/2024 05:45:00,0,,,,,,,,,,,,,,,,,,,
17/01/2024 05:30:00,0,,,,,,,,,,,,,,,,,,,
17/01/2024 05:15:00,0,,,,,,,,,,,,,,,,,,,
17/01/2024 05:00:00,0,,,,,,,,,,,,,,,,,,,
17/01/2024 04:45:00,0,,,,,,,,,,,,,,,,,,,
17/01/2024 04:30:00,0,,,,,,,,,,,,,,,,,,,
17/01/2024 04:15:00,0,,,,,,,,,,,,,,,,,,,
17/01/2024 04:00:00,0,,,,,,,,,,,,,,,,,,,
17/01/2024 03:45:00,0,,,,,,,,,,,,,,,,,,,
17/01/2024 03:30:00,0,,,,,,,,,,,,,,,,,,,
17/01/2024 03:15:00,0,,,,,,,,,,,,,,,,,,,
17/01/2024 03:00:00,0,,,,,,,,,,,,,,,,,,,
17/01/2024 02:45:00,0,,,,,,,,,,,,,,,,,,,
17/01/2024 02:30:00,0,,,,,,,,,,,,,,,,,,,
17/01/2024 02:15:00,0,,,,,,,,,,,,,,,,,,,
17/01/2024 02:00:00,0,,,,,,,,,,,,,,,,,,,
17/01/2024 01:45:00,0.2,,,,,,,,,,,,,,,,,,,
17/01/2024 01:30:00,0.4,,,,,,,,,,,,,,,,,,,
17/01/2024 01:15:00,0.4,,,,,,,,,,,,,,,,,,,
17/01/2024 01:00:00,0.6,,,,,,,,,,,,,,,,,,,
17/01/2024 00:45:00,1.2,,,,,,,,,,,,,,,,,,,
17/01/2024 00:30:00,0.8,,,,,,,,,,,,,,,,,,,
17/01/2024 00:15:00,1.2,,,,,,,,,,,,,,,,,,,
17/01/2024 00:00:00,2,,,,,,,,,,,,,,,,,,,
16/01/2024 23:45:00,1.2,,,,,,,,,,,,,,,,,,,
16/01/2024 23:30:00,1.6,,,,,,,,,,,,,,,,,,,
16/01/2024 23:15:00,1.6,,,,,,,,,,,,,,,,,,,
16/01/2024 23:00:00,0.6,,,,,,,,,,,,,,,,,,,
16/01/2024 22:45:00,1.4,310,,,,,,,,,,,,,,,,,,
16/01/2024 22:30:00,5.4,310,,,,,,,,,,,,,,,,,,
16/01/2024 22:15:00,4.6,308,,,,,,,,,,,,,,,,,,
16/01/2024 22:00:00,21.6,307,,,,,,,,,,,,,,,,,,
16/01/2024 21:45:00,5,306,,,,,,,,,,,,,,,,,,
16/01/2024 21:30:00,0,307,,,,,,,,,,,,,,,,,,
16/01/2024 21:15:00,0,307,,,,,,,,,,,,,,,,,,
16/01/2024 21:00:00,0,305,,,,,,,,,,,,,,,,,,
16/01/2024 20:45:00,0,305,,,,,,,,,,,,,,,,,,
16/01/2024 20:30:00,0,306,,,,,,,,,,,,,,,,,,
16/01/2024 20:15:00,0,,,,,,,,,,,,,,,,,,,
16/01/2024 20:00:00,0,,,,,,,,,,,,,,,,,,,
16/01/2024 19:45:00,0,,,,,,,,,,,,,,,,,,,
16/01/2024 19:30:00,0,,,,,,,,,,,,,,,,,,,
16/01/2024 19:15:00,0,,,,,,,,,,,,,,,,,,,
16/01/2024 19:00:00,0,,,,,,,,,,,,,,,,,,,
16/01/2024 18:45:00,0,,,,,,,,,,,,,,,,,,,
16/01/2024 18:30:00,0,,,,,,,,,,,,,,,,,,,
16/01/2024 18:15:00,0,,,,,,,,,,,,,,,,,,,
16/01/2024 18:00:00,0,,,,,,,,,,,,,,,,,,,
16/01/2024 17:45:00,0,,,,,,,,,,,,,,,,,,,
16/01/2024 17:30:00,0,,,,,,,,,,,,,,,,,,,
16/01/2024 17:15:00,0,,,,,,,,,,,,,,,,,,,
16/01/2024 17:00:00,0,310,,,,,,,,,,,,,,,,,,
16/01/2024 16:45:00,0,,,,,,,,,,,,,,,,,,,
16/01/2024 16:30:00,0,,,,,,,,,,,,,,,,,,,
16/01/2024 16:15:00,0,,,,,,,,,,,,,,,,,,,
16/01/2024 16:00:00,0,,,,,,,,,,,,,,,,,,,
16/01/2024 15:45:00,0,,,,,,,,,,,,,,,,,,,
16/01/2024 15:30:00,0,,,,,,,,,,,,,,,,,,,
16/01/2024 15:15:00,0,,,,,,,,,,,,,,,,,,,
16/01/2024 15:00:00,0,,,,,,,,,,,,,,,,,,,
16/01/2024 14:45:00,0,,,,,,,,,,,,,,,,,,,
16/01/2024 14:30:00,0,,,,,,,,,,,,,,,,,,,
16/01/2024 14:15:00,0,,,,,,,,,,,,,,,,,,,
16/01/2024 14:00:00,0,,,,,,,,,,,,,,,,,,,
16/01/2024 13:45:00,0,,,,,,,,,,,,,,,,,,,
16/01/2024 13:30:00,0,,,,,,,,,,,,,,,,,,,
16/01/2024 13:15:00,0,,,,,,,,,,,,,,,,,,,
16/01/2024 13:00:00,0,,,,,,,,,,,,,,,,,,,
16/01/2024 12:45:00,0,,,,,,,,,,,,,,,,,,,
16/01/2024 12:30:00,0,,,,,,,,,,,,,,,,,,,
16/01/2024 12:15:00,0,,,,,,,,,,,,,,,,,,,
16/01/2024 12:00:00,0,,,,,,,,,,,,,,,,,,,
16/01/2024 11:45:00,0,,,,,,,,,,,,,,,,,,,
16/01/2024 11:30:00,0,,,,,,,,,,,,,,,,,,,
16/01/2024 11:15:00,0,,,,,,,,,,,,,,,,,,,
16/01/2024 11:00:00,0,,,,,,,,,,,,,,,,,,,
16/01/2024 10:45:00,0,,,,,,,,,,,,,,,,,,,
16/01/2024 10:30:00,0,,,,,,,,,,,,,,,,,,,
16/01/2024 10:15:00,0,,,,,,,,,,,,,,,,,,,
16/01/2024 10:00:00,0,,,,,,,,,,,,,,,,,,,
16/01/2024 09:45:00,0,,,,,,,,,,,,,,,,,,,
16/01/2024 09:30:00,0,,,,,,,,,,,,,,,,,,,
16/01/2024 09:15:00,0,,,,,,,,,,,,,,,,,,,
16/01/2024 09:00:00,0,,,,,,,,,,,,,,,,,,,
16/01/2024 08:45:00,0,,,,,,,,,,,,,,,,,,,
16/01/2024 08:30:00,0,,,,,,,,,,,,,,,,,,,
16/01/2024 08:15:00,0,,,,,,,,,,,,,,,,,,,
16/01/2024 08:00:00,0,,,,,,,,,,,,,,,,,,,
16/01/2024 07:45:00,0,,,,,,,,,,,,,,,,,,,
16/01/2024 07:30:00,0,,,,,,,,,,,,,,,,,,,
16/01/2024 07:15:00,0,,,,,,,,,,,,,,,,,,,
16/01/2024 07:00:00,0,304,,,,,,,,,,,,,,,,,,
16/01/2024 06:45:00,0,,,,,,,,,,,,,,,,,,,
16/01/2024 06:30:00,0,,,,,,,,,,,,,,,,,,,
16/01/2024 06:15:00,0,,,,,,,,,,,,,,,,,,,
16/01/2024 06:00:00,0,,,,,,,,,,,,,,,,,,,
16/01/2024 05:45:00,0,,,,,,,,,,,,,,,,,,,
16/01/2024 05:30:00,0,,,,,,,,,,,,,,,,,,,
16/01/2024 05:15:00,0,,,,,,,,,,,,,,,,,,,
16/01/2024 05:00:00,0,,,,,,,,,,,,,,,,,,,
16/01/2024 04:45:00,0,,,,,,,,,,,,,,,,,,,
16/01/2024 04:30:00,0,,,,,,,,,,,,,,,,,,,
16/01/2024 04:15:00,0,,,,,,,,,,,,,,,,,,,
16/01/2024 04:00:00,0,,,,,,,,,,,,,,,,,,,
16/01/2024 03:45:00,0,,,,,,,,,,,,,,,,,,,
16/01/2024 03:30:00,0,,,,,,,,,,,,,,,,,,,
16/01/2024 03:15:00,0,,,,,,,,,,,,,,,,,,,
16/01/2024 03:00:00,0,,,,,,,,,,,,,,,,,,,
16/01/2024 02:45:00,0,,,,,,,,,,,,,,,,,,,
16/01/2024 02:30:00,0,299,,,,,,,,,,,,,,,,,,
16/01/2024 02:15:00,0,300,,,,,,,,,,,,,,,,,,
16/01/2024 02:00:00,0,300,,,,,,,,,,,,,,,,,,
16/01/2024 01:45:00,0,300,,,,,,,,,,,,,,,,,,
16/01/2024 01:30:00,0,300,,,,,,,,,,,,,,,,,,
16/01/2024 01:15:00,0,299,,,,,,,,,,,,,,,,,,
16/01/2024 01:00:00,0,299,,,,,,,,,,,,,,,,,,
16/01/2024 00:45:00,0,299,,,,,,,,,,,,,,,,,,
16/01/2024 00:30:00,0,299,,,,,,,,,,,,,,,,,,
16/01/2024 00:15:00,0,299,,,,,,,,,,,,,,,,,,
16/01/2024 00:00:00,0,298,,,,,,,,,,,,,,,,,,
15/01/2024 23:45:00,0,298,,,,,,,,,,,,,,,,,,
15/01/2024 23:30:00,0,299,,,,,,,,,,,,,,,,,,
15/01/2024 23:15:00,0,298,,,,,,,,,,,,,,,,,,
15/01/2024 23:00:00,0,298,,,,,,,,,,,,,,,,,,
15/01/2024 22:45:00,0,298,,,,,,,,,,,,,,,,,,
15/01/2024 22:30:00,0,298,,,,,,,,,,,,,,,,,,
15/01/2024 22:15:00,0,298,,,,,,,,,,,,,,,,,,
15/01/2024 22:00:00,0,298,,,,,,,,,,,,,,,,,,
15/01/2024 21:45:00,0,298,,,,,,,,,,,,,,,,,,
15/01/2024 21:30:00,0,297,,,,,,,,,,,,,,,,,,
15/01/2024 21:15:00,0,298,,,,,,,,,,,,,,,,,,
15/01/2024 21:00:00,0,298,,,,,,,,,,,,,,,,,,
15/01/2024 20:45:00,0,298,,,,,,,,,,,,,,,,,,
15/01/2024 20:30:00,0,,,,,,,,,,,,,,,,,,,
15/01/2024 20:15:00,0,,,,,,,,,,,,,,,,,,,
15/01/2024 20:00:00,0,,,,,,,,,,,,,,,,,,,
15/01/2024 19:45:00,0,,,,,,,,,,,,,,,,,,,
15/01/2024 19:30:00,0,,,,,,,,,,,,,,,,,,,
15/01/2024 19:15:00,0,,,,,,,,,,,,,,,,,,,
15/01/2024 19:00:00,0,,,,,,,,,,,,,,,,,,,
15/01/2024 18:45:00,0,,,,,,,,,,,,,,,,,,,
15/01/2024 18:30:00,0,,,,,,,,,,,,,,,,,,,
15/01/2024 18:15:00,0,,,,,,,,,,,,,,,,,,,
15/01/2024 18:00:00,0,,,,,,,,,,,,,,,,,,,
15/01/2024 17:45:00,0,,,,,,,,,,,,,,,,,,,
15/01/2024 17:30:00,0,,,,,,,,,,,,,,,,,,,
15/01/2024 17:15:00,0,,,,,,,,,,,,,,,,,,,
15/01/2024 17:00:00,0,296,,,,,,,,,,,,,,,,,,
15/01/2024 16:45:00,0,,,,,,,,,,,,,,,,,,,
15/01/2024 16:30:00,0,,,,,,,,,,,,,,,,,,,
15/01/2024 16:15:00,0,,,,,,,,,,,,,,,,,,,
15/01/2024 16:00:00,0,,,,,,,,,,,,,,,,,,,
15/01/2024 15:45:00,0,,,,,,,,,,,,,,,,,,,
15/01/2024 15:30:00,0,,,,,,,,,,,,,,,,,,,
15/01/2024 15:15:00,0,,,,,,,,,,,,,,,,,,,
15/01/2024 15:00:00,0,,,,,,,,,,,,,,,,,,,
15/01/2024 14:45:00,0,,,,,,,,,,,,,,,,,,,
15/01/2024 14:30:00,0,,,,,,,,,,,,,,,,,,,
15/01/2024 14:15:00,0,,,,,,,,,,,,,,,,,,,
15/01/2024 14:00:00,0,,,,,,,,,,,,,,,,,,,
15/01/2024 13:45:00,0,,,,,,,,,,,,,,,,,,,
15/01/2024 13:30:00,0,,,,,,,,,,,,,,,,,,,
15/01/2024 13:15:00,0,,,,,,,,,,,,,,,,,,,
15/01/2024 13:00:00,0,,,,,,,,,,,,,,,,,,,
15/01/2024 12:45:00,0,,,,,,,,,,,,,,,,,,,
15/01/2024 12:30:00,0,,,,,,,,,,,,,,,,,,,
15/01/2024 12:15:00,0,,,,,,,,,,,,,,,,,,,
15/01/2024 12:00:00,0,,,,,,,,,,,,,,,,,,,
15/01/2024 11:45:00,0,,,,,,,,,,,,,,,,,,,
15/01/2024 11:30:00,0,,,,,,,,,,,,,,,,,,,
15/01/2024 11:15:00,0,,,,,,,,,,,,,,,,,,,
15/01/2024 11:00:00,0,,,,,,,,,,,,,,,,,,,
15/01/2024 10:45:00,0,,,,,,,,,,,,,,,,,,,
15/01/2024 10:30:00,0,,,,,,,,,,,,,,,,,,,
15/01/2024 10:15:00,0,,,,,,,,,,,,,,,,,,,
15/01/2024 10:00:00,0,,,,,,,,,,,,,,,,,,,
15/01/2024 09:45:00,0,,,,,,,,,,,,,,,,,,,
15/01/2024 09:30:00,0,,,,,,,,,,,,,,,,,,,
15/01/2024 09:15:00,0,,,,,,,,,,,,,,,,,,,
15/01/2024 09:00:00,0,,,,,,,,,,,,,,,,,,,
15/01/2024 08:45:00,0,,,,,,,,,,,,,,,,,,,
15/01/2024 08:30:00,0,,,,,,,,,,,,,,,,,,,
15/01/2024 08:15:00,0,,,,,,,,,,,,,,,,,,,
15/01/2024 08:00:00,0,,,,,,,,,,,,,,,,,,,
15/01/2024 07:45:00,0,,,,,,,,,,,,,,,,,,,
15/01/2024 07:30:00,0,,,,,,,,,,,,,,,,,,,
15/01/2024 07:15:00,0,,,,,,,,,,,,,,,,,,,
15/01/2024 07:00:00,,290,,,,,,,,,,,,,,,,,,
15/01/2024 06:45:00,0,,,,,,,,,,,,,,,,,,,
15/01/2024 06:30:00,0,,,,,,,,,,,,,,,,,,,
15/01/2024 06:15:00,0,,,,,,,,,,,,,,,,,,,
15/01/2024 06:00:00,0,,,,,,,,,,,,,,,,,,,
15/01/2024 05:45:00,0,,,,,,,,,,,,,,,,,,,
15/01/2024 05:30:00,0,,,,,,,,,,,,,,,,,,,
15/01/2024 05:15:00,0,,,,,,,,,,,,,,,,,,,
15/01/2024 05:00:00,0,,,,,,,,,,,,,,,,,,,
15/01/2024 04:45:00,0,,,,,,,,,,,,,,,,,,,
15/01/2024 04:30:00,0,,,,,,,,,,,,,,,,,,,
15/01/2024 04:15:00,0,,,,,,,,,,,,,,,,,,,
15/01/2024 04:00:00,0,,,,,,,,,,,,,,,,,,,
15/01/2024 03:45:00,0,,,,,,,,,,,,,,,,,,,
15/01/2024 03:30:00,0,,,,,,,,,,,,,,,,,,,
15/01/2024 03:15:00,0.2,,,,,,,,,,,,,,,,,,,
15/01/2024 03:00:00,0,,,,,,,,,,,,,,,,,,,
15/01/2024 02:45:00,0,,,,,,,,,,,,,,,,,,,
15/01/2024 02:30:00,0,,,,,,,,,,,,,,,,,,,
15/01/2024 02:15:00,0,,,,,,,,,,,,,,,,,,,
15/01/2024 02:00:00,0,,,,,,,,,,,,,,,,,,,
15/01/2024 01:45:00,0,,,,,,,,,,,,,,,,,,,
15/01/2024 01:30:00,0,,,,,,,,,,,,,,,,,,,
15/01/2024 01:15:00,0,,,,,,,,,,,,,,,,,,,
15/01/2024 01:00:00,0,,,,,,,,,,,,,,,,,,,
15/01/2024 00:45:00,0,,,,,,,,,,,,,,,,,,,
15/01/2024 00:30:00,0,,,,,,,,,,,,,,,,,,,
15/01/2024 00:15:00,0,,,,,,,,,,,,,,,,,,,
15/01/2024 00:00:00,0,,,,,,,,,,,,,,,,,,,
14/01/2024 23:45:00,0,,,,,,,,,,,,,,,,,,,
14/01/2024 23:30:00,0,,,,,,,,,,,,,,,,,,,
14/01/2024 23:15:00,0,,,,,,,,,,,,,,,,,,,
14/01/2024 23:00:00,0,,,,,,,,,,,,,,,,,,,
14/01/2024 22:45:00,0,,,,,,,,,,,,,,,,,,,
14/01/2024 22:30:00,0,,,,,,,,,,,,,,,,,,,
14/01/2024 22:15:00,0,,,,,,,,,,,,,,,,,,,
14/01/2024 22:00:00,0,,,,,,,,,,,,,,,,,,,
14/01/2024 21:45:00,0,274,,,,,,,,,,,,,,,,,,
14/01/2024 21:30:00,0,273,,,,,,,,,,,,,,,,,,
14/01/2024 21:15:00,0,273,,,,,,,,,,,,,,,,,,
14/01/2024 21:00:00,0,273,,,,,,,,,,,,,,,,,,
14/01/2024 20:45:00,0,273,,,,,,,,,,,,,,,,,,
14/01/2024 20:30:00,0,275,,,,,,,,,,,,,,,,,,
14/01/2024 20:15:00,0,274,,,,,,,,,,,,,,,,,,
14/01/2024 20:00:00,0.2,272,,,,,,,,,,,,,,,,,,
14/01/2024 19:45:00,0.4,274,,,,,,,,,,,,,,,,,,
14/01/2024 19:30:00,0.2,275,,,,,,,,,,,,,,,,,,
14/01/2024 19:15:00,1,276,,,,,,,,,,,,,,,,,,
14/01/2024 19:00:00,0.4,274,,,,,,,,,,,,,,,,,,
14/01/2024 18:45:00,3.4,275,,,,,,,,,,,,,,,,,,
14/01/2024 18:30:00,6.6,273,,,,,,,,,,,,,,,,,,
14/01/2024 18:15:00,5.2,273,,,,,,,,,,,,,,,,,,
14/01/2024 18:00:00,0.8,273,,,,,,,,,,,,,,,,,,
14/01/2024 17:45:00,1.8,272,,,,,,,,,,,,,,,,,,
14/01/2024 17:30:00,1,272,,,,,,,,,,,,,,,,,,
14/01/2024 17:15:00,0,,,,,,,,,,,,,,,,,,,
14/01/2024 17:00:00,0,276,,,,,,,,,,,,,,,,,,
14/01/2024 16:45:00,0,,,,,,,,,,,,,,,,,,,
14/01/2024 16:30:00,0,,,,,,,,,,,,,,,,,,,
14/01/2024 16:15:00,0,,,,,,,,,,,,,,,,,,,
14/01/2024 16:00:00,0,,,,,,,,,,,,,,,,,,,
14/01/2024 15:45:00,0,,,,,,,,,,,,,,,,,,,
14/01/2024 15:30:00,0,,,,,,,,,,,,,,,,,,,
14/01/2024 15:15:00,0,,,,,,,,,,,,,,,,,,,
14/01/2024 15:00:00,0,,,,,,,,,,,,,,,,,,,
14/01/2024 14:45:00,0,,,,,,,,,,,,,,,,,,,
14/01/2024 14:30:00,0,,,,,,,,,,,,,,,,,,,
14/01/2024 14:15:00,0,,,,,,,,,,,,,,,,,,,
14/01/2024 14:00:00,0,,,,,,,,,,,,,,,,,,,
14/01/2024 13:45:00,0,,,,,,,,,,,,,,,,,,,
14/01/2024 13:30:00,0,,,,,,,,,,,,,,,,,,,
14/01/2024 13:15:00,0,,,,,,,,,,,,,,,,,,,
14/01/2024 13:00:00,0,,,,,,,,,,,,,,,,,,,
14/01/2024 12:45:00,0,,,,,,,,,,,,,,,,,,,
14/01/2024 12:30:00,0,,,,,,,,,,,,,,,,,,,
14/01/2024 12:15:00,0,,,,,,,,,,,,,,,,,,,
14/01/2024 12:00:00,0,,,,,,,,,,,,,,,,,,,
14/01/2024 11:45:00,0,,,,,,,,,,,,,,,,,,,
14/01/2024 11:30:00,0,,,,,,,,,,,,,,,,,,,
14/01/2024 11:15:00,0,,,,,,,,,,,,,,,,,,,
14/01/2024 11:00:00,0,,,,,,,,,,,,,,,,,,,
14/01/2024 10:45:00,0,,,,,,,,,,,,,,,,,,,
14/01/2024 10:30:00,0,,,,,,,,,,,,,,,,,,,
14/01/2024 10:15:00,0,,,,,,,,,,,,,,,,,,,
14/01/2024 10:00:00,0,,,,,,,,,,,,,,,,,,,
14/01/2024 09:45:00,0,,,,,,,,,,,,,,,,,,,
14/01/2024 09:30:00,0,,,,,,,,,,,,,,,,,,,
14/01/2024 09:15:00,0,,,,,,,,,,,,,,,,,,,
14/01/2024 09:00:00,0,,,,,,,,,,,,,,,,,,,
14/01/2024 08:45:00,0,,,,,,,,,,,,,,,,,,,
14/01/2024 08:30:00,0,,,,,,,,,,,,,,,,,,,
14/01/2024 08:15:00,0,,,,,,,,,,,,,,,,,,,
14/01/2024 08:00:00,0,,,,,,,,,,,,,,,,,,,
14/01/2024 07:45:00,0,,,,,,,,,,,,,,,,,,,
14/01/2024 07:30:00,0,,,,,,,,,,,,,,,,,,,
14/01/2024 07:15:00,0,,,,,,,,,,,,,,,,,,,
14/01/2024 07:00:00,0,278,,,,,,,,,,,,,,,,,,
14/01/2024 06:45:00,0,,,,,,,,,,,,,,,,,,,
14/01/2024 06:30:00,0,,,,,,,,,,,,,,,,,,,
14/01/2024 06:15:00,0,,,,,,,,,,,,,,,,,,,
14/01/2024 06:00:00,0,,,,,,,,,,,,,,,,,,,
14/01/2024 05:45:00,0,,,,,,,,,,,,,,,,,,,
14/01/2024 05:30:00,0,,,,,,,,,,,,,,,,,,,
14/01/2024 05:15:00,0,,,,,,,,,,,,,,,,,,,
14/01/2024 05:00:00,0,,,,,,,,,,,,,,,,,,,
14/01/2024 04:45:00,0,,,,,,,,,,,,,,,,,,,
14/01/2024 04:30:00,0,,,,,,,,,,,,,,,,,,,
14/01/2024 04:15:00,0,,,,,,,,,,,,,,,,,,,
14/01/2024 04:00:00,0,,,,,,,,,,,,,,,,,,,
14/01/2024 03:45:00,0,,,,,,,,,,,,,,,,,,,
14/01/2024 03:30:00,0,,,,,,,,,,,,,,,,,,,
14/01/2024 03:15:00,0,,,,,,,,,,,,,,,,,,,
14/01/2024 03:00:00,0,,,,,,,,,,,,,,,,,,,
14/01/2024 02:45:00,0,,,,,,,,,,,,,,,,,,,
14/01/2024 02:30:00,0,280,,,,,,,,,,,,,,,,,,
14/01/2024 02:15:00,0,280,,,,,,,,,,,,,,,,,,
14/01/2024 02:00:00,0,281,,,,,,,,,,,,,,,,,,
14/01/2024 01:45:00,0,281,,,,,,,,,,,,,,,,,,
14/01/2024 01:30:00,0,281,,,,,,,,,,,,,,,,,,
14/01/2024 01:15:00,0,281,,,,,,,,,,,,,,,,,,
14/01/2024 01:00:00,0,280,,,,,,,,,,,,,,,,,,
14/01/2024 00:45:00,0,281,,,,,,,,,,,,,,,,,,
14/01/2024 00:30:00,0,281,,,,,,,,,,,,,,,,,,
14/01/2024 00:15:00,0,279,,,,,,,,,,,,,,,,,,
14/01/2024 00:00:00,0,279,,,,,,,,,,,,,,,,,,
13/01/2024 23:45:00,0,278,,,,,,,,,,,,,,,,,,
13/01/2024 23:30:00,0,280,,,,,,,,,,,,,,,,,,
13/01/2024 23:15:00,0,281,,,,,,,,,,,,,,,,,,
13/01/2024 23:00:00,0,280,,,,,,,,,,,,,,,,,,
13/01/2024 22:45:00,0,281,,,,,,,,,,,,,,,,,,
13/01/2024 22:30:00,0,281,,,,,,,,,,,,,,,,,,
13/01/2024 22:15:00,0,281,,,,,,,,,,,,,,,,,,
13/01/2024 22:00:00,0,281,,,,,,,,,,,,,,,,,,
13/01/2024 21:45:00,0,281,,,,,,,,,,,,,,,,,,
13/01/2024 21:30:00,0,281,,,,,,,,,,,,,,,,,,
13/01/2024 21:15:00,0,280,,,,,,,,,,,,,,,,,,
13/01/2024 21:00:00,0,281,,,,,,,,,,,,,,,,,,
13/01/2024 20:45:00,0,284,,,,,,,,,,,,,,,,,,
13/01/2024 20:30:00,0,,,,,,,,,,,,,,,,,,,
13/01/2024 20:15:00,0,,,,,,,,,,,,,,,,,,,
13/01/2024 20:00:00,0,,,,,,,,,,,,,,,,,,,
13/01/2024 19:45:00,0,,,,,,,,,,,,,,,,,,,
13/01/2024 19:30:00,0,,,,,,,,,,,,,,,,,,,
13/01/2024 19:15:00,0,,,,,,,,,,,,,,,,,,,
13/01/2024 19:00:00,0,,,,,,,,,,,,,,,,,,,
13/01/2024 18:45:00,0,,,,,,,,,,,,,,,,,,,
13/01/2024 18:30:00,0,,,,,,,,,,,,,,,,,,,
13/01/2024 18:15:00,0,,,,,,,,,,,,,,,,,,,
13/01/2024 18:00:00,0,,,,,,,,,,,,,,,,,,,
13/01/2024 17:45:00,0,,,,,,,,,,,,,,,,,,,
13/01/2024 17:30:00,0,,,,,,,,,,,,,,,,,,,
13/01/2024 17:15:00,0,,,,,,,,,,,,,,,,,,,
13/01/2024 17:00:00,0,288,,,,,,,,,,,,,,,,,,
13/01/2024 16:45:00,0,,,,,,,,,,,,,,,,,,,
13/01/2024 16:30:00,0,,,,,,,,,,,,,,,,,,,
13/01/2024 16:15:00,0,,,,,,,,,,,,,,,,,,,
13/01/2024 16:00:00,0,,,,,,,,,,,,,,,,,,,
13/01/2024 15:45:00,0,,,,,,,,,,,,,,,,,,,
13/01/2024 15:30:00,0,,,,,,,,,,,,,,,,,,,
13/01/2024 15:15:00,0,,,,,,,,,,,,,,,,,,,
13/01/2024 15:00:00,0,,,,,,,,,,,,,,,,,,,
13/01/2024 14:45:00,0,,,,,,,,,,,,,,,,,,,
13/01/2024 14:30:00,0,,,,,,,,,,,,,,,,,,,
13/01/2024 14:15:00,0,,,,,,,,,,,,,,,,,,,
13/01/2024 14:00:00,0,,,,,,,,,,,,,,,,,,,
13/01/2024 13:45:00,0,,,,,,,,,,,,,,,,,,,
13/01/2024 13:30:00,0,,,,,,,,,,,,,,,,,,,
13/01/2024 13:15:00,0,,,,,,,,,,,,,,,,,,,
13/01/2024 13:00:00,0,,,,,,,,,,,,,,,,,,,
13/01/2024 12:45:00,0,,,,,,,,,,,,,,,,,,,
13/01/2024 12:30:00,0,,,,,,,,,,,,,,,,,,,
13/01/2024 12:15:00,0,,,,,,,,,,,,,,,,,,,
13/01/2024 12:00:00,0,,,,,,,,,,,,,,,,,,,
13/01/2024 11:45:00,0,,,,,,,,,,,,,,,,,,,
13/01/2024 11:30:00,0,,,,,,,,,,,,,,,,,,,
13/01/2024 11:15:00,0,,,,,,,,,,,,,,,,,,,
13/01/2024 11:00:00,0,,,,,,,,,,,,,,,,,,,
13/01/2024 10:45:00,0,,,,,,,,,,,,,,,,,,,
13/01/2024 10:30:00,0,,,,,,,,,,,,,,,,,,,
13/01/2024 10:15:00,0,,,,,,,,,,,,,,,,,,,
13/01/2024 10:00:00,0,,,,,,,,,,,,,,,,,,,
13/01/2024 09:45:00,0,,,,,,,,,,,,,,,,,,,
13/01/2024 09:30:00,0,,,,,,,,,,,,,,,,,,,
13/01/2024 09:15:00,0,,,,,,,,,,,,,,,,,,,
13/01/2024 09:00:00,0,,,,,,,,,,,,,,,,,,,
13/01/2024 08:45:00,0,,,,,,,,,,,,,,,,,,,
13/01/2024 08:30:00,0,,,,,,,,,,,,,,,,,,,
13/01/2024 08:15:00,0,,,,,,,,,,,,,,,,,,,
13/01/2024 08:00:00,0,,,,,,,,,,,,,,,,,,,
13/01/2024 07:45:00,0,,,,,,,,,,,,,,,,,,,
13/01/2024 07:30:00,0,,,,,,,,,,,,,,,,,,,
13/01/2024 07:15:00,0,,,,,,,,,,,,,,,,,,,
13/01/2024 07:00:00,0,288,,,,,,,,,,,,,,,,,,
13/01/2024 06:45:00,0,,,,,,,,,,,,,,,,,,,
13/01/2024 06:30:00,0,,,,,,,,,,,,,,,,,,,
13/01/2024 06:15:00,0,,,,,,,,,,,,,,,,,,,
13/01/2024 06:00:00,0,,,,,,,,,,,,,,,,,,,
13/01/2024 05:45:00,0,,,,,,,,,,,,,,,,,,,
13/01/2024 05:30:00,0,,,,,,,,,,,,,,,,,,,
13/01/2024 05:15:00,0,,,,,,,,,,,,,,,,,,,
13/01/2024 05:00:00,0,,,,,,,,,,,,,,,,,,,
13/01/2024 04:45:00,0,,,,,,,,,,,,,,,,,,,
13/01/2024 04:30:00,0,,,,,,,,,,,,,,,,,,,
13/01/2024 04:15:00,0,,,,,,,,,,,,,,,,,,,
13/01/2024 04:00:00,0,,,,,,,,,,,,,,,,,,,
13/01/2024 03:45:00,0,,,,,,,,,,,,,,,,,,,
13/01/2024 03:30:00,0,,,,,,,,,,,,,,,,,,,
13/01/2024 03:15:00,0,,,,,,,,,,,,,,,,,,,
13/01/2024 03:00:00,0,,,,,,,,,,,,,,,,,,,
13/01/2024 02:45:00,0,,,,,,,,,,,,,,,,,,,
13/01/2024 02:30:00,0,,,,,,,,,,,,,,,,,,,
13/01/2024 02:15:00,0,,,,,,,,,,,,,,,,,,,
13/01/2024 02:00:00,0,,,,,,,,,,,,,,,,,,,
13/01/2024 01:45:00,0,295,,,,,,,,,,,,,,,,,,
13/01/2024 01:30:00,0,296,,,,,,,,,,,,,,,,,,
13/01/2024 01:15:00,0,296,,,,,,,,,,,,,,,,,,
13/01/2024 01:00:00,0,297,,,,,,,,,,,,,,,,,,
13/01/2024 00:45:00,0,295,,,,,,,,,,,,,,,,,,
13/01/2024 00:30:00,0,296,,,,,,,,,,,,,,,,,,
13/01/2024 00:15:00,0,296,,,,,,,,,,,,,,,,,,
13/01/2024 00:00:00,0,297,,,,,,,,,,,,,,,,,,
12/1/2024 23:45,0,297,,,,,,,,,,,,,,,,,,
12/1/2024 23:30,0,296,,,,,,,,,,,,,,,,,,
12/1/2024 23:15,0,297,,,,,,,,,,,,,,,,,,
12/1/2024 23:00,0,297,,,,,,,,,,,,,,,,,,
12/1/2024 22:45,0,298,,,,,,,,,,,,,,,,,,
12/1/2024 22:30,0,298,,,,,,,,,,,,,,,,,,
12/1/2024 22:15,0,298,,,,,,,,,,,,,,,,,,
12/1/2024 22:00,0,298,,,,,,,,,,,,,,,,,,
12/1/2024 21:45,0,296,,,,,,,,,,,,,,,,,,
12/1/2024 21:30,0,298,,,,,,,,,,,,,,,,,,
12/1/2024 21:15,0,299,,,,,,,,,,,,,,,,,,
12/1/2024 21:00,0,300,,,,,,,,,,,,,,,,,,
12/1/2024 20:45,0,300,,,,,,,,,,,,,,,,,,
12/1/2024 20:30,0,,,,,,,,,,,,,,,,,,,
12/1/2024 20:15,0,,,,,,,,,,,,,,,,,,,
12/1/2024 20:00,0,,,,,,,,,,,,,,,,,,,
12/1/2024 19:45,0,,,,,,,,,,,,,,,,,,,
12/1/2024 19:30,0,,,,,,,,,,,,,,,,,,,
12/1/2024 19:15,0,,,,,,,,,,,,,,,,,,,
12/1/2024 19:00,0,,,,,,,,,,,,,,,,,,,
12/1/2024 18:45,0,,,,,,,,,,,,,,,,,,,
12/1/2024 18:30,0,,,,,,,,,,,,,,,,,,,
12/1/2024 18:15,0,,,,,,,,,,,,,,,,,,,
12/1/2024 18:00,0,,,,,,,,,,,,,,,,,,,
12/1/2024 17:45,0,,,,,,,,,,,,,,,,,,,
12/1/2024 17:30,0,,,,,,,,,,,,,,,,,,,
12/1/2024 17:15,0,,,,,,,,,,,,,,,,,,,
12/1/2024 17:00,0,304,,,,,,,,,,,,,,,,,,
12/1/2024 16:45,0,,,,,,,,,,,,,,,,,,,
12/1/2024 16:30,0,,,,,,,,,,,,,,,,,,,
12/1/2024 16:15,0,,,,,,,,,,,,,,,,,,,
12/1/2024 16:00,0,,,,,,,,,,,,,,,,,,,
12/1/2024 15:45,0,,,,,,,,,,,,,,,,,,,
12/1/2024 15:30,0,,,,,,,,,,,,,,,,,,,
12/1/2024 15:15,0,,,,,,,,,,,,,,,,,,,
12/1/2024 15:00,0,,,,,,,,,,,,,,,,,,,
12/1/2024 14:45,0,,,,,,,,,,,,,,,,,,,
12/1/2024 14:30,0,,,,,,,,,,,,,,,,,,,
12/1/2024 14:15,0,,,,,,,,,,,,,,,,,,,
12/1/2024 14:00,0,,,,,,,,,,,,,,,,,,,
12/1/2024 13:45,0,,,,,,,,,,,,,,,,,,,
12/1/2024 13:30,0,,,,,,,,,,,,,,,,,,,
12/1/2024 13:15,0,,,,,,,,,,,,,,,,,,,
12/1/2024 13:00,0,,,,,,,,,,,,,,,,,,,
12/1/2024 12:45,0,,,,,,,,,,,,,,,,,,,
12/1/2024 12:30,0,,,,,,,,,,,,,,,,,,,
12/1/2024 12:15,0,,,,,,,,,,,,,,,,,,,
12/1/2024 12:00,0,,,,,,,,,,,,,,,,,,,
12/1/2024 11:45,0,,,,,,,,,,,,,,,,,,,
12/1/2024 11:30,0,,,,,,,,,,,,,,,,,,,
12/1/2024 11:15,0,,,,,,,,,,,,,,,,,,,
12/1/2024 11:00,0,,,,,,,,,,,,,,,,,,,
12/1/2024 10:45,0,,,,,,,,,,,,,,,,,,,
12/1/2024 10:30,0,,,,,,,,,,,,,,,,,,,
12/1/2024 10:15,0,,,,,,,,,,,,,,,,,,,
12/1/2024 10:00,0,,,,,,,,,,,,,,,,,,,
12/1/2024 9:45,0,,,,,,,,,,,,,,,,,,,
12/1/2024 9:30,0,,,,,,,,,,,,,,,,,,,
12/1/2024 9:15,0,,,,,,,,,,,,,,,,,,,
12/1/2024 9:00,0,,,,,,,,,,,,,,,,,,,
12/1/2024 8:45,0,,,,,,,,,,,,,,,,,,,
12/1/2024 8:30,0,,,,,,,,,,,,,,,,,,,
12/1/2024 8:15,0,,,,,,,,,,,,,,,,,,,
12/1/2024 8:00,0,,,,,,,,,,,,,,,,,,,
12/1/2024 7:45,0,,,,,,,,,,,,,,,,,,,
12/1/2024 7:30,0,,,,,,,,,,,,,,,,,,,
12/1/2024 7:15,0,,,,,,,,,,,,,,,,,,,
12/1/2024 7:00,0,307,,,,,,,,,,,,,,,,,,
12/1/2024 6:45,0,,,,,,,,,,,,,,,,,,,
12/1/2024 6:30,0,,,,,,,,,,,,,,,,,,,
12/1/2024 6:15,0,,,,,,,,,,,,,,,,,,,
12/1/2024 6:00,0,,,,,,,,,,,,,,,,,,,
12/1/2024 5:45,0,,,,,,,,,,,,,,,,,,,
12/1/2024 5:30,0,,,,,,,,,,,,,,,,,,,
12/1/2024 5:15,0,,,,,,,,,,,,,,,,,,,
12/1/2024 5:00,0,,,,,,,,,,,,,,,,,,,
12/1/2024 4:45,0,,,,,,,,,,,,,,,,,,,
12/1/2024 4:30,0,,,,,,,,,,,,,,,,,,,
12/1/2024 4:15,0,,,,,,,,,,,,,,,,,,,
12/1/2024 4:00,0,,,,,,,,,,,,,,,,,,,
12/1/2024 3:45,0,,,,,,,,,,,,,,,,,,,
12/1/2024 3:30,0,,,,,,,,,,,,,,,,,,,
12/1/2024 3:15,0,,,,,,,,,,,,,,,,,,,
12/1/2024 3:00,0,,,,,,,,,,,,,,,,,,,
12/1/2024 2:45,0,,,,,,,,,,,,,,,,,,,
12/1/2024 2:30,0,,,,,,,,,,,,,,,,,,,
12/1/2024 2:15,0,,,,,,,,,,,,,,,,,,,
12/1/2024 2:00,0,,,,,,,,,,,,,,,,,,,
12/1/2024 1:45,0,,,,,,,,,,,,,,,,,,,
12/1/2024 1:30,0,,,,,,,,,,,,,,,,,,,
12/1/2024 1:15,0,,,,,,,,,,,,,,,,,,,
12/1/2024 1:00,0,,,,,,,,,,,,,,,,,,,
12/1/2024 0:45,0,,,,,,,,,,,,,,,,,,,
12/1/2024 0:30,0,,,,,,,,,,,,,,,,,,,
12/1/2024 0:15,0,,,,,,,,,,,,,,,,,,,
12/1/2024 0:00,0,,,,,,,,,,,,,,,,,,,
11/1/2024 23:45,0,,,,,,,,,,,,,,,,,,,
11/1/2024 23:30,0,,,,,,,,,,,,,,,,,,,
11/1/2024 23:15,0,,,,,,,,,,,,,,,,,,,
11/1/2024 23:00,0,,,,,,,,,,,,,,,,,,,
11/1/2024 22:45,0,,,,,,,,,,,,,,,,,,,
11/1/2024 22:30,0,309,,,,,,,,,,,,,,,,,,
11/1/2024 22:15,0,309,,,,,,,,,,,,,,,,,,
11/1/2024 22:00,0,310,,,,,,,,,,,,,,,,,,
11/1/2024 21:45,0,310,,,,,,,,,,,,,,,,,,
11/1/2024 21:30,0,310,,,,,,,,,,,,,,,,,,
11/1/2024 21:15,0,310,,,,,,,,,,,,,,,,,,
11/1/2024 21:00,0,310,,,,,,,,,,,,,,,,,,
11/1/2024 20:45,0,310,,,,,,,,,,,,,,,,,,
11/1/2024 20:30,0,,,,,,,,,,,,,,,,,,,
11/1/2024 20:15,0,,,,,,,,,,,,,,,,,,,
11/1/2024 20:00,0,,,,,,,,,,,,,,,,,,,
11/1/2024 19:45,0,,,,,,,,,,,,,,,,,,,
11/1/2024 19:30,0,,,,,,,,,,,,,,,,,,,
11/1/2024 19:15,0,,,,,,,,,,,,,,,,,,,
11/1/2024 19:00,0,,,,,,,,,,,,,,,,,,,
11/1/2024 18:45,0,,,,,,,,,,,,,,,,,,,
11/1/2024 18:30,0,,,,,,,,,,,,,,,,,,,
11/1/2024 18:15,0,,,,,,,,,,,,,,,,,,,
11/1/2024 18:00,0.4,,,,,,,,,,,,,,,,,,,
11/1/2024 17:45,0.4,,,,,,,,,,,,,,,,,,,
11/1/2024 17:30,0.6,,,,,,,,,,,,,,,,,,,
11/1/2024 17:15,1.6,,,,,,,,,,,,,,,,,,,
11/1/2024 17:00,0,312,,,,,,,,,,,,,,,,,,
11/1/2024 16:45,0,,,,,,,,,,,,,,,,,,,
11/1/2024 16:30,0,,,,,,,,,,,,,,,,,,,
11/1/2024 16:15,0,,,,,,,,,,,,,,,,,,,
11/1/2024 16:00,0,,,,,,,,,,,,,,,,,,,
11/1/2024 15:45,0,,,,,,,,,,,,,,,,,,,
11/1/2024 15:30,0,,,,,,,,,,,,,,,,,,,
11/1/2024 15:15,0,,,,,,,,,,,,,,,,,,,
11/1/2024 15:00,0,,,,,,,,,,,,,,,,,,,
11/1/2024 14:45,0,,,,,,,,,,,,,,,,,,,
11/1/2024 14:30,0,,,,,,,,,,,,,,,,,,,
11/1/2024 14:15,0,,,,,,,,,,,,,,,,,,,
11/1/2024 14:00,0,,,,,,,,,,,,,,,,,,,
11/1/2024 13:45,0,,,,,,,,,,,,,,,,,,,
11/1/2024 13:30,0,,,,,,,,,,,,,,,,,,,
11/1/2024 13:15,0,,,,,,,,,,,,,,,,,,,
11/1/2024 13:00,0,,,,,,,,,,,,,,,,,,,
11/1/2024 12:45,0,,,,,,,,,,,,,,,,,,,
11/1/2024 12:30,0,,,,,,,,,,,,,,,,,,,
11/1/2024 12:15,0,,,,,,,,,,,,,,,,,,,
11/1/2024 12:00,0,,,,,,,,,,,,,,,,,,,
11/1/2024 11:45,0,,,,,,,,,,,,,,,,,,,
11/1/2024 11:30,0,,,,,,,,,,,,,,,,,,,
11/1/2024 11:15,0,,,,,,,,,,,,,,,,,,,
11/1/2024 11:00,0.4,,,,,,,,,,,,,,,,,,,
11/1/2024 10:45,1.8,,,,,,,,,,,,,,,,,,,
11/1/2024 10:30,1.4,,,,,,,,,,,,,,,,,,,
11/1/2024 10:15,0.2,,,,,,,,,,,,,,,,,,,
11/1/2024 10:00,0,,,,,,,,,,,,,,,,,,,
11/1/2024 9:45,0.6,,,,,,,,,,,,,,,,,,,
11/1/2024 9:30,0,,,,,,,,,,,,,,,,,,,
11/1/2024 9:15,0,,,,,,,,,,,,,,,,,,,
11/1/2024 9:00,2,,,,,,,,,,,,,,,,,,,
11/1/2024 8:45,2,,,,,,,,,,,,,,,,,,,
11/1/2024 8:30,0,,,,,,,,,,,,,,,,,,,
11/1/2024 8:15,0.2,,,,,,,,,,,,,,,,,,,
11/1/2024 8:00,2,,,,,,,,,,,,,,,,,,,
11/1/2024 7:45,0,,,,,,,,,,,,,,,,,,,
11/1/2024 7:30,1,,,,,,,,,,,,,,,,,,,
11/1/2024 7:15,0.4,,,,,,,,,,,,,,,,,,,
11/1/2024 7:00,1.2,312,,,,,,,,,,,,,,,,,,
11/1/2024 6:45,0,,,,,,,,,,,,,,,,,,,
11/1/2024 6:30,0,,,,,,,,,,,,,,,,,,,
11/1/2024 6:15,0,,,,,,,,,,,,,,,,,,,
11/1/2024 6:00,0,,,,,,,,,,,,,,,,,,,
11/1/2024 5:45,0,,,,,,,,,,,,,,,,,,,
11/1/2024 5:30,0,,,,,,,,,,,,,,,,,,,
11/1/2024 5:15,0,,,,,,,,,,,,,,,,,,,
11/1/2024 5:00,0,,,,,,,,,,,,,,,,,,,
11/1/2024 4:45,0,,,,,,,,,,,,,,,,,,,
11/1/2024 4:30,0,,,,,,,,,,,,,,,,,,,
11/1/2024 4:15,0,,,,,,,,,,,,,,,,,,,
11/1/2024 4:00,1,,,,,,,,,,,,,,,,,,,
11/1/2024 3:45,0.4,,,,,,,,,,,,,,,,,,,
11/1/2024 3:30,0,,,,,,,,,,,,,,,,,,,
11/1/2024 3:15,0,,,,,,,,,,,,,,,,,,,
11/1/2024 3:00,0,,,,,,,,,,,,,,,,,,,
11/1/2024 2:45,0,,,,,,,,,,,,,,,,,,,
11/1/2024 2:30,0,,,,,,,,,,,,,,,,,,,
11/1/2024 2:15,0,,,,,,,,,,,,,,,,,,,
11/1/2024 2:00,0,,,,,,,,,,,,,,,,,,,
11/1/2024 1:45,0,,,,,,,,,,,,,,,,,,,
11/1/2024 1:30,0,,,,,,,,,,,,,,,,,,,
11/1/2024 1:15,0,,,,,,,,,,,,,,,,,,,
11/1/2024 1:00,0,,,,,,,,,,,,,,,,,,,
11/1/2024 0:45,0.2,,,,,,,,,,,,,,,,,,,
11/1/2024 0:30,1.4,,,,,,,,,,,,,,,,,,,
11/1/2024 0:15,0,,,,,,,,,,,,,,,,,,,
11/1/2024 0:00,0,,,,,,,,,,,,,,,,,,,
10/1/2024 23:45,0.2,,,,,,,,,,,,,,,,,,,
10/1/2024 23:30,0,315,,,,,,,,,,,,,,,,,,
10/1/2024 23:15,0,316,,,,,,,,,,,,,,,,,,
10/1/2024 23:00,0,316,,,,,,,,,,,,,,,,,,
10/1/2024 22:45,0,316,,,,,,,,,,,,,,,,,,
10/1/2024 22:30,0,316,,,,,,,,,,,,,,,,,,
10/1/2024 22:15,0,316,,,,,,,,,,,,,,,,,,
10/1/2024 22:00,0,316,,,,,,,,,,,,,,,,,,
10/1/2024 21:45,0,316,,,,,,,,,,,,,,,,,,
10/1/2024 21:30,0,316,,,,,,,,,,,,,,,,,,
10/1/2024 21:15,0,316,,,,,,,,,,,,,,,,,,
10/1/2024 21:00,0,316,,,,,,,,,,,,,,,,,,
10/1/2024 20:45,0,317,,,,,,,,,,,,,,,,,,
10/1/2024 20:30,0,317,,,,,,,,,,,,,,,,,,
10/1/2024 20:15,0,,,,,,,,,,,,,,,,,,,
10/1/2024 20:00,0,,,,,,,,,,,,,,,,,,,
10/1/2024 19:45,0,,,,,,,,,,,,,,,,,,,
10/1/2024 19:30,0,,,,,,,,,,,,,,,,,,,
10/1/2024 19:15,0,,,,,,,,,,,,,,,,,,,
10/1/2024 19:00,0,,,,,,,,,,,,,,,,,,,
10/1/2024 18:45,0,,,,,,,,,,,,,,,,,,,
10/1/2024 18:30,0,,,,,,,,,,,,,,,,,,,
10/1/2024 18:15,0,,,,,,,,,,,,,,,,,,,
10/1/2024 18:00,0,,,,,,,,,,,,,,,,,,,
10/1/2024 17:45,0,,,,,,,,,,,,,,,,,,,
10/1/2024 17:30,0,,,,,,,,,,,,,,,,,,,
10/1/2024 17:15,0,,,,,,,,,,,,,,,,,,,
10/1/2024 17:00,0,316,,,,,,,,,,,,,,,,,,
10/1/2024 16:45,0,,,,,,,,,,,,,,,,,,,
10/1/2024 16:30,0,,,,,,,,,,,,,,,,,,,
10/1/2024 16:15,0,,,,,,,,,,,,,,,,,,,
10/1/2024 16:00,0,,,,,,,,,,,,,,,,,,,
10/1/2024 15:45,0,,,,,,,,,,,,,,,,,,,
10/1/2024 15:30,0,,,,,,,,,,,,,,,,,,,
10/1/2024 15:15,0,,,,,,,,,,,,,,,,,,,
10/1/2024 15:00,0,,,,,,,,,,,,,,,,,,,
10/1/2024 14:45,0,,,,,,,,,,,,,,,,,,,
10/1/2024 14:30,0,,,,,,,,,,,,,,,,,,,
10/1/2024 14:15,0,,,,,,,,,,,,,,,,,,,
10/1/2024 14:00,0,,,,,,,,,,,,,,,,,,,
10/1/2024 13:45,0,,,,,,,,,,,,,,,,,,,
10/1/2024 13:30,0,,,,,,,,,,,,,,,,,,,
10/1/2024 13:15,0,,,,,,,,,,,,,,,,,,,
10/1/2024 13:00,0,,,,,,,,,,,,,,,,,,,
10/1/2024 12:45,0,,,,,,,,,,,,,,,,,,,
10/1/2024 12:30,0,,,,,,,,,,,,,,,,,,,
10/1/2024 12:15,0,,,,,,,,,,,,,,,,,,,
10/1/2024 12:00,0,,,,,,,,,,,,,,,,,,,
10/1/2024 11:45,0,,,,,,,,,,,,,,,,,,,
10/1/2024 11:30,0,,,,,,,,,,,,,,,,,,,
10/1/2024 11:15,0,,,,,,,,,,,,,,,,,,,
10/1/2024 11:00,0,,,,,,,,,,,,,,,,,,,
10/1/2024 10:45,0,,,,,,,,,,,,,,,,,,,
10/1/2024 10:30,0,,,,,,,,,,,,,,,,,,,
10/1/2024 10:15,0,,,,,,,,,,,,,,,,,,,
10/1/2024 10:00,0,,,,,,,,,,,,,,,,,,,
10/1/2024 9:45,0,,,,,,,,,,,,,,,,,,,
10/1/2024 9:30,0,,,,,,,,,,,,,,,,,,,
10/1/2024 9:15,0,,,,,,,,,,,,,,,,,,,
10/1/2024 9:00,0,,,,,,,,,,,,,,,,,,,
10/1/2024 8:45,0,,,,,,,,,,,,,,,,,,,
10/1/2024 8:30,0,,,,,,,,,,,,,,,,,,,
10/1/2024 8:15,0,,,,,,,,,,,,,,,,,,,
10/1/2024 8:00,0,,,,,,,,,,,,,,,,,,,
10/1/2024 7:45,0,,,,,,,,,,,,,,,,,,,
10/1/2024 7:30,0,,,,,,,,,,,,,,,,,,,
10/1/2024 7:15,0,,,,,,,,,,,,,,,,,,,
10/1/2024 7:00,0,314,,,,,,,,,,,,,,,,,,
10/1/2024 6:45,0,,,,,,,,,,,,,,,,,,,
10/1/2024 6:30,0,,,,,,,,,,,,,,,,,,,
10/1/2024 6:15,0,,,,,,,,,,,,,,,,,,,
10/1/2024 6:00,0,,,,,,,,,,,,,,,,,,,
10/1/2024 5:45,0,,,,,,,,,,,,,,,,,,,
10/1/2024 5:30,0,,,,,,,,,,,,,,,,,,,
10/1/2024 5:15,0,,,,,,,,,,,,,,,,,,,
10/1/2024 5:00,0,,,,,,,,,,,,,,,,,,,
10/1/2024 4:45,0,,,,,,,,,,,,,,,,,,,
10/1/2024 4:30,0,,,,,,,,,,,,,,,,,,,
10/1/2024 4:15,0,,,,,,,,,,,,,,,,,,,
10/1/2024 4:00,0,,,,,,,,,,,,,,,,,,,
10/1/2024 3:45,0,,,,,,,,,,,,,,,,,,,
10/1/2024 3:30,0,,,,,,,,,,,,,,,,,,,
10/1/2024 3:15,0,,,,,,,,,,,,,,,,,,,
10/1/2024 3:00,0,,,,,,,,,,,,,,,,,,,
10/1/2024 2:45,0,,,,,,,,,,,,,,,,,,,
10/1/2024 2:30,0,,,,,,,,,,,,,,,,,,,
10/1/2024 2:15,0,,,,,,,,,,,,,,,,,,,
10/1/2024 2:00,0,,,,,,,,,,,,,,,,,,,
10/1/2024 1:45,0,,,,,,,,,,,,,,,,,,,
10/1/2024 1:30,0,,,,,,,,,,,,,,,,,,,
10/1/2024 1:15,0,,,,,,,,,,,,,,,,,,,
10/1/2024 1:00,0,,,,,,,,,,,,,,,,,,,
10/1/2024 0:45,0,,,,,,,,,,,,,,,,,,,
10/1/2024 0:30,0,,,,,,,,,,,,,,,,,,,
10/1/2024 0:15,0,,,,,,,,,,,,,,,,,,,
10/1/2024 0:00,0,,,,,,,,,,,,,,,,,,,
9/1/2024 23:45,0,,,,,,,,,,,,,,,,,,,
9/1/2024 23:30,0,306,,,,,,,,,,,,,,,,,,
9/1/2024 23:15,0,304,,,,,,,,,,,,,,,,,,
9/1/2024 23:00,0,304,,,,,,,,,,,,,,,,,,
9/1/2024 22:45,0,303,,,,,,,,,,,,,,,,,,
9/1/2024 22:30,0,304,,,,,,,,,,,,,,,,,,
9/1/2024 22:15,0,304,,,,,,,,,,,,,,,,,,
9/1/2024 22:00,0,304,,,,,,,,,,,,,,,,,,
9/1/2024 21:45,0,303,,,,,,,,,,,,,,,,,,
9/1/2024 21:30,0,304,,,,,,,,,,,,,,,,,,
9/1/2024 21:15,0,304,,,,,,,,,,,,,,,,,,
9/1/2024 21:00,0,304,,,,,,,,,,,,,,,,,,
9/1/2024 20:45,0,304,,,,,,,,,,,,,,,,,,
9/1/2024 20:30,0,,,,,,,,,,,,,,,,,,,
9/1/2024 20:15,0,,,,,,,,,,,,,,,,,,,
9/1/2024 20:00,0,,,,,,,,,,,,,,,,,,,
9/1/2024 19:45,0,,,,,,,,,,,,,,,,,,,
9/1/2024 19:30,0,,,,,,,,,,,,,,,,,,,
9/1/2024 19:15,0,,,,,,,,,,,,,,,,,,,
9/1/2024 19:00,0,,,,,,,,,,,,,,,,,,,
9/1/2024 18:45,0,,,,,,,,,,,,,,,,,,,
9/1/2024 18:30,0,,,,,,,,,,,,,,,,,,,
9/1/2024 18:15,0,,,,,,,,,,,,,,,,,,,
9/1/2024 18:00,0,,,,,,,,,,,,,,,,,,,
9/1/2024 17:45,0,,,,,,,,,,,,,,,,,,,
9/1/2024 17:30,0,,,,,,,,,,,,,,,,,,,
9/1/2024 17:15,0,,,,,,,,,,,,,,,,,,,
9/1/2024 17:00,0,308,,,,,,,,,,,,,,,,,,
9/1/2024 16:45,0,,,,,,,,,,,,,,,,,,,
9/1/2024 16:30,0,,,,,,,,,,,,,,,,,,,
9/1/2024 16:15,0,,,,,,,,,,,,,,,,,,,
9/1/2024 16:00,0,,,,,,,,,,,,,,,,,,,
9/1/2024 15:45,0,,,,,,,,,,,,,,,,,,,
9/1/2024 15:30,0,,,,,,,,,,,,,,,,,,,
9/1/2024 15:15,0,,,,,,,,,,,,,,,,,,,
9/1/2024 15:00,0,,,,,,,,,,,,,,,,,,,
9/1/2024 14:45,0,,,,,,,,,,,,,,,,,,,
9/1/2024 14:30,0,,,,,,,,,,,,,,,,,,,
9/1/2024 14:15,0,,,,,,,,,,,,,,,,,,,
9/1/2024 14:00,0,,,,,,,,,,,,,,,,,,,
9/1/2024 13:45,0,,,,,,,,,,,,,,,,,,,
9/1/2024 13:30,0,,,,,,,,,,,,,,,,,,,
9/1/2024 13:15,0,,,,,,,,,,,,,,,,,,,
9/1/2024 13:00,0,,,,,,,,,,,,,,,,,,,
9/1/2024 12:45,0,,,,,,,,,,,,,,,,,,,
9/1/2024 12:30,0,,,,,,,,,,,,,,,,,,,
9/1/2024 12:15,0,,,,,,,,,,,,,,,,,,,
9/1/2024 12:00,0,,,,,,,,,,,,,,,,,,,
9/1/2024 11:45,0,,,,,,,,,,,,,,,,,,,
9/1/2024 11:30,0,,,,,,,,,,,,,,,,,,,
9/1/2024 11:15,0,,,,,,,,,,,,,,,,,,,
9/1/2024 11:00,0,,,,,,,,,,,,,,,,,,,
9/1/2024 10:45,0,,,,,,,,,,,,,,,,,,,
9/1/2024 10:30,0,,,,,,,,,,,,,,,,,,,
9/1/2024 10:15,0,,,,,,,,,,,,,,,,,,,
9/1/2024 10:00,0,,,,,,,,,,,,,,,,,,,
9/1/2024 9:45,0,,,,,,,,,,,,,,,,,,,
9/1/2024 9:30,0,,,,,,,,,,,,,,,,,,,
9/1/2024 9:15,0,,,,,,,,,,,,,,,,,,,
9/1/2024 9:00,0,,,,,,,,,,,,,,,,,,,
9/1/2024 8:45,0,,,,,,,,,,,,,,,,,,,
9/1/2024 8:30,0,,,,,,,,,,,,,,,,,,,
9/1/2024 8:15,0,,,,,,,,,,,,,,,,,,,
9/1/2024 8:00,0,,,,,,,,,,,,,,,,,,,
9/1/2024 7:45,0,,,,,,,,,,,,,,,,,,,
9/1/2024 7:30,0,,,,,,,,,,,,,,,,,,,
9/1/2024 7:15,0,,,,,,,,,,,,,,,,,,,
9/1/2024 7:00,0,318,,,,,,,,,,,,,,,,,,
9/1/2024 6:45,0,,,,,,,,,,,,,,,,,,,
9/1/2024 6:30,0,,,,,,,,,,,,,,,,,,,
9/1/2024 6:15,0,,,,,,,,,,,,,,,,,,,
9/1/2024 6:00,0,,,,,,,,,,,,,,,,,,,
9/1/2024 5:45,0,,,,,,,,,,,,,,,,,,,
9/1/2024 5:30,0,,,,,,,,,,,,,,,,,,,
9/1/2024 5:15,0,,,,,,,,,,,,,,,,,,,
9/1/2024 5:00,0,,,,,,,,,,,,,,,,,,,
9/1/2024 4:45,0,,,,,,,,,,,,,,,,,,,
9/1/2024 4:30,0,,,,,,,,,,,,,,,,,,,
9/1/2024 4:15,0,,,,,,,,,,,,,,,,,,,
9/1/2024 4:00,0,,,,,,,,,,,,,,,,,,,
9/1/2024 3:45,0,,,,,,,,,,,,,,,,,,,
9/1/2024 3:30,0,,,,,,,,,,,,,,,,,,,
9/1/2024 3:15,0,,,,,,,,,,,,,,,,,,,
9/1/2024 3:00,0,,,,,,,,,,,,,,,,,,,
9/1/2024 2:45,0,,,,,,,,,,,,,,,,,,,
9/1/2024 2:30,0,,,,,,,,,,,,,,,,,,,
9/1/2024 2:15,0,,,,,,,,,,,,,,,,,,,
9/1/2024 2:00,0,,,,,,,,,,,,,,,,,,,
9/1/2024 1:45,0,,,,,,,,,,,,,,,,,,,
9/1/2024 1:30,0,,,,,,,,,,,,,,,,,,,
9/1/2024 1:15,0,,,,,,,,,,,,,,,,,,,
9/1/2024 1:00,0,,,,,,,,,,,,,,,,,,,
9/1/2024 0:45,0,,,,,,,,,,,,,,,,,,,
9/1/2024 0:30,0,,,,,,,,,,,,,,,,,,,
9/1/2024 0:15,0,,,,,,,,,,,,,,,,,,,
9/1/2024 0:00,0,,,,,,,,,,,,,,,,,,,
8/1/2024 23:45,0,,,,,,,,,,,,,,,,,,,
8/1/2024 23:30,0,329,,,,,,,,,,,,,,,,,,
8/1/2024 23:15,0,328,,,,,,,,,,,,,,,,,,
8/1/2024 23:00,0,329,,,,,,,,,,,,,,,,,,
8/1/2024 22:45,0,330,,,,,,,,,,,,,,,,,,
8/1/2024 22:30,0,330,,,,,,,,,,,,,,,,,,
8/1/2024 22:15,0,331,,,,,,,,,,,,,,,,,,
8/1/2024 22:00,0,331,,,,,,,,,,,,,,,,,,
8/1/2024 21:45,0,332,,,,,,,,,,,,,,,,,,
8/1/2024 21:30,0,332,,,,,,,,,,,,,,,,,,
8/1/2024 21:15,0,332,,,,,,,,,,,,,,,,,,
8/1/2024 21:00,0,333,,,,,,,,,,,,,,,,,,
8/1/2024 20:45,0,333,,,,,,,,,,,,,,,,,,
8/1/2024 20:30,0,,,,,,,,,,,,,,,,,,,
8/1/2024 20:15,0,,,,,,,,,,,,,,,,,,,
8/1/2024 20:00,0,,,,,,,,,,,,,,,,,,,
8/1/2024 19:45,0,,,,,,,,,,,,,,,,,,,
8/1/2024 19:30,0,,,,,,,,,,,,,,,,,,,
8/1/2024 19:15,0,,,,,,,,,,,,,,,,,,,
8/1/2024 19:00,0,,,,,,,,,,,,,,,,,,,
8/1/2024 18:45,0,,,,,,,,,,,,,,,,,,,
8/1/2024 18:30,0,,,,,,,,,,,,,,,,,,,
8/1/2024 18:15,0,,,,,,,,,,,,,,,,,,,
8/1/2024 18:00,0,,,,,,,,,,,,,,,,,,,
8/1/2024 17:45,0,,,,,,,,,,,,,,,,,,,
8/1/2024 17:30,0,,,,,,,,,,,,,,,,,,,
8/1/2024 17:15,0,,,,,,,,,,,,,,,,,,,
8/1/2024 17:00,0,340,,,,,,,,,,,,,,,,,,
8/1/2024 16:45,0,,,,,,,,,,,,,,,,,,,
8/1/2024 16:30,0,,,,,,,,,,,,,,,,,,,
8/1/2024 16:15,0,,,,,,,,,,,,,,,,,,,
8/1/2024 16:00,0,,,,,,,,,,,,,,,,,,,
8/1/2024 15:45,0,,,,,,,,,,,,,,,,,,,
8/1/2024 15:30,0,,,,,,,,,,,,,,,,,,,
8/1/2024 15:15,0,,,,,,,,,,,,,,,,,,,
8/1/2024 15:00,0,,,,,,,,,,,,,,,,,,,
8/1/2024 14:45,0,,,,,,,,,,,,,,,,,,,
8/1/2024 14:30,0,,,,,,,,,,,,,,,,,,,
8/1/2024 14:15,0,,,,,,,,,,,,,,,,,,,
8/1/2024 14:00,0,,,,,,,,,,,,,,,,,,,
8/1/2024 13:45,0,,,,,,,,,,,,,,,,,,,
8/1/2024 13:30,0,,,,,,,,,,,,,,,,,,,
8/1/2024 13:15,0,,,,,,,,,,,,,,,,,,,
8/1/2024 13:00,0,,,,,,,,,,,,,,,,,,,
8/1/2024 12:45,0,,,,,,,,,,,,,,,,,,,
8/1/2024 12:30,0,,,,,,,,,,,,,,,,,,,
8/1/2024 12:15,0,,,,,,,,,,,,,,,,,,,
8/1/2024 12:00,0,,,,,,,,,,,,,,,,,,,
8/1/2024 11:45,0,,,,,,,,,,,,,,,,,,,
8/1/2024 11:30,0,,,,,,,,,,,,,,,,,,,
8/1/2024 11:15,0,,,,,,,,,,,,,,,,,,,
8/1/2024 11:00,0,,,,,,,,,,,,,,,,,,,
8/1/2024 10:45,0,,,,,,,,,,,,,,,,,,,
8/1/2024 10:30,0,,,,,,,,,,,,,,,,,,,
8/1/2024 10:15,0,,,,,,,,,,,,,,,,,,,
8/1/2024 10:00,0,,,,,,,,,,,,,,,,,,,
8/1/2024 9:45,0,,,,,,,,,,,,,,,,,,,
8/1/2024 9:30,0,,,,,,,,,,,,,,,,,,,
8/1/2024 9:15,0,,,,,,,,,,,,,,,,,,,
8/1/2024 9:00,0,,,,,,,,,,,,,,,,,,,
8/1/2024 8:45,0,,,,,,,,,,,,,,,,,,,
8/1/2024 8:30,0,,,,,,,,,,,,,,,,,,,
8/1/2024 8:15,0,,,,,,,,,,,,,,,,,,,
8/1/2024 8:00,0,,,,,,,,,,,,,,,,,,,
8/1/2024 7:45,0,,,,,,,,,,,,,,,,,,,
8/1/2024 7:30,0,,,,,,,,,,,,,,,,,,,
8/1/2024 7:15,0,,,,,,,,,,,,,,,,,,,
8/1/2024 7:00,0,348,,,,,,,,,,,,,,,,,,
8/1/2024 6:45,0,,,,,,,,,,,,,,,,,,,
8/1/2024 6:30,0,,,,,,,,,,,,,,,,,,,
8/1/2024 6:15,0,,,,,,,,,,,,,,,,,,,
8/1/2024 6:00,0,,,,,,,,,,,,,,,,,,,
8/1/2024 5:45,0,,,,,,,,,,,,,,,,,,,
8/1/2024 5:30,0,,,,,,,,,,,,,,,,,,,
8/1/2024 5:15,0,,,,,,,,,,,,,,,,,,,
8/1/2024 5:00,0,,,,,,,,,,,,,,,,,,,
8/1/2024 4:45,0,,,,,,,,,,,,,,,,,,,
8/1/2024 4:30,0,,,,,,,,,,,,,,,,,,,
8/1/2024 4:15,0,,,,,,,,,,,,,,,,,,,
8/1/2024 4:00,0,,,,,,,,,,,,,,,,,,,
8/1/2024 3:45,0,,,,,,,,,,,,,,,,,,,
8/1/2024 3:30,0,,,,,,,,,,,,,,,,,,,
8/1/2024 3:15,0,,,,,,,,,,,,,,,,,,,
8/1/2024 3:00,0,,,,,,,,,,,,,,,,,,,
8/1/2024 2:45,0,,,,,,,,,,,,,,,,,,,
8/1/2024 2:30,0,,,,,,,,,,,,,,,,,,,
8/1/2024 2:15,0,,,,,,,,,,,,,,,,,,,
8/1/2024 2:00,0,,,,,,,,,,,,,,,,,,,
8/1/2024 1:45,0,365,,,,,,,,,,,,,,,,,,
8/1/2024 1:30,0,365,,,,,,,,,,,,,,,,,,
8/1/2024 1:15,0,366,,,,,,,,,,,,,,,,,,
8/1/2024 1:00,0,365,,,,,,,,,,,,,,,,,,
8/1/2024 0:45,0,367,,,,,,,,,,,,,,,,,,
8/1/2024 0:30,0,367,,,,,,,,,,,,,,,,,,
8/1/2024 0:15,0,368,,,,,,,,,,,,,,,,,,
8/1/2024 0:00,0,368,,,,,,,,,,,,,,,,,,
7/1/2024 23:45,0,368,,,,,,,,,,,,,,,,,,
7/1/2024 23:30,0,369,,,,,,,,,,,,,,,,,,
7/1/2024 23:15,0,369,,,,,,,,,,,,,,,,,,
7/1/2024 23:00,0,370,,,,,,,,,,,,,,,,,,
7/1/2024 22:45,0,370,,,,,,,,,,,,,,,,,,
7/1/2024 22:30,0,371,,,,,,,,,,,,,,,,,,
7/1/2024 22:15,0,371,,,,,,,,,,,,,,,,,,
7/1/2024 22:00,0,371,,,,,,,,,,,,,,,,,,
7/1/2024 21:45,0,372,,,,,,,,,,,,,,,,,,
7/1/2024 21:30,0,372,,,,,,,,,,,,,,,,,,
7/1/2024 21:15,0,372,,,,,,,,,,,,,,,,,,
7/1/2024 21:00,0,373,,,,,,,,,,,,,,,,,,
7/1/2024 20:45,0,373,,,,,,,,,,,,,,,,,,
7/1/2024 20:30,0,,,,,,,,,,,,,,,,,,,
7/1/2024 20:15,0,,,,,,,,,,,,,,,,,,,
7/1/2024 20:00,0,,,,,,,,,,,,,,,,,,,
7/1/2024 19:45,0,,,,,,,,,,,,,,,,,,,
7/1/2024 19:30,0,,,,,,,,,,,,,,,,,,,
7/1/2024 19:15,0,,,,,,,,,,,,,,,,,,,
7/1/2024 19:00,0,,,,,,,,,,,,,,,,,,,
7/1/2024 18:45,0,,,,,,,,,,,,,,,,,,,
7/1/2024 18:30,0,,,,,,,,,,,,,,,,,,,
7/1/2024 18:15,0,,,,,,,,,,,,,,,,,,,
7/1/2024 18:00,0,,,,,,,,,,,,,,,,,,,
7/1/2024 17:45,0,,,,,,,,,,,,,,,,,,,
7/1/2024 17:30,0,,,,,,,,,,,,,,,,,,,
7/1/2024 17:15,0,,,,,,,,,,,,,,,,,,,
7/1/2024 17:00,0,366,,,,,,,,,,,,,,,,,,
7/1/2024 16:45,0,,,,,,,,,,,,,,,,,,,
7/1/2024 16:30,0,,,,,,,,,,,,,,,,,,,
7/1/2024 16:15,0,,,,,,,,,,,,,,,,,,,
7/1/2024 16:00,0,,,,,,,,,,,,,,,,,,,
7/1/2024 15:45,0,,,,,,,,,,,,,,,,,,,
7/1/2024 15:30,0,,,,,,,,,,,,,,,,,,,
7/1/2024 15:15,0,,,,,,,,,,,,,,,,,,,
7/1/2024 15:00,0,,,,,,,,,,,,,,,,,,,
7/1/2024 14:45,0,,,,,,,,,,,,,,,,,,,
7/1/2024 14:30,0,,,,,,,,,,,,,,,,,,,
7/1/2024 14:15,0,,,,,,,,,,,,,,,,,,,
7/1/2024 14:00,0,,,,,,,,,,,,,,,,,,,
7/1/2024 13:45,0,,,,,,,,,,,,,,,,,,,
7/1/2024 13:30,0,,,,,,,,,,,,,,,,,,,
7/1/2024 13:15,0,,,,,,,,,,,,,,,,,,,
7/1/2024 13:00,0,,,,,,,,,,,,,,,,,,,
7/1/2024 12:45,0,,,,,,,,,,,,,,,,,,,
7/1/2024 12:30,0,,,,,,,,,,,,,,,,,,,
7/1/2024 12:15,0,,,,,,,,,,,,,,,,,,,
7/1/2024 12:00,0,,,,,,,,,,,,,,,,,,,
7/1/2024 11:45,0,,,,,,,,,,,,,,,,,,,
7/1/2024 11:30,0,,,,,,,,,,,,,,,,,,,
7/1/2024 11:15,0,,,,,,,,,,,,,,,,,,,
7/1/2024 11:00,0,,,,,,,,,,,,,,,,,,,
7/1/2024 10:45,0,,,,,,,,,,,,,,,,,,,
7/1/2024 10:30,0,,,,,,,,,,,,,,,,,,,
7/1/2024 10:15,0,,,,,,,,,,,,,,,,,,,
7/1/2024 10:00,0,,,,,,,,,,,,,,,,,,,
7/1/2024 9:45,0,,,,,,,,,,,,,,,,,,,
7/1/2024 9:30,0,,,,,,,,,,,,,,,,,,,
7/1/2024 9:15,0,,,,,,,,,,,,,,,,,,,
7/1/2024 9:00,0,,,,,,,,,,,,,,,,,,,
7/1/2024 8:45,0,,,,,,,,,,,,,,,,,,,
7/1/2024 8:30,0,,,,,,,,,,,,,,,,,,,
7/1/2024 8:15,0,,,,,,,,,,,,,,,,,,,
7/1/2024 8:00,0,,,,,,,,,,,,,,,,,,,
7/1/2024 7:45,0,,,,,,,,,,,,,,,,,,,
7/1/2024 7:30,0,,,,,,,,,,,,,,,,,,,
7/1/2024 7:15,0,,,,,,,,,,,,,,,,,,,
7/1/2024 7:00,0,384,,,,,,,,,,,,,,,,,,
7/1/2024 6:45,0,,,,,,,,,,,,,,,,,,,
7/1/2024 6:30,0,,,,,,,,,,,,,,,,,,,
7/1/2024 6:15,0,,,,,,,,,,,,,,,,,,,
7/1/2024 6:00,0,,,,,,,,,,,,,,,,,,,
7/1/2024 5:45,0,,,,,,,,,,,,,,,,,,,
7/1/2024 5:30,0,,,,,,,,,,,,,,,,,,,
7/1/2024 5:15,0,,,,,,,,,,,,,,,,,,,
7/1/2024 5:00,0,,,,,,,,,,,,,,,,,,,
7/1/2024 4:45,0,,,,,,,,,,,,,,,,,,,
7/1/2024 4:30,0,,,,,,,,,,,,,,,,,,,
7/1/2024 4:15,0,,,,,,,,,,,,,,,,,,,
7/1/2024 4:00,0,,,,,,,,,,,,,,,,,,,
7/1/2024 3:45,0,,,,,,,,,,,,,,,,,,,
7/1/2024 3:30,0,,,,,,,,,,,,,,,,,,,
7/1/2024 3:15,0,392,,,,,,,,,,,,,,,,,,
7/1/2024 3:00,0,392,,,,,,,,,,,,,,,,,,
7/1/2024 2:45,0,393,,,,,,,,,,,,,,,,,,
7/1/2024 2:30,0,393,,,,,,,,,,,,,,,,,,
7/1/2024 2:15,0,393,,,,,,,,,,,,,,,,,,
7/1/2024 2:00,0,394,,,,,,,,,,,,,,,,,,
7/1/2024 1:45,0,394,,,,,,,,,,,,,,,,,,
7/1/2024 1:30,0,395,,,,,,,,,,,,,,,,,,
7/1/2024 1:15,0,395,,,,,,,,,,,,,,,,,,
7/1/2024 1:00,0,396,,,,,,,,,,,,,,,,,,
7/1/2024 0:45,0,396,,,,,,,,,,,,,,,,,,
7/1/2024 0:30,0,396,,,,,,,,,,,,,,,,,,
7/1/2024 0:15,0,397,,,,,,,,,,,,,,,,,,
7/1/2024 0:00,0,397,,,,,,,,,,,,,,,,,,
6/1/2024 23:45,0,397,,,,,,,,,,,,,,,,,,
6/1/2024 23:30,0,397,,,,,,,,,,,,,,,,,,
6/1/2024 23:15,0,396,,,,,,,,,,,,,,,,,,
6/1/2024 23:00,0,397,,,,,,,,,,,,,,,,,,
6/1/2024 22:45,0,398,,,,,,,,,,,,,,,,,,
6/1/2024 22:30,0,398,,,,,,,,,,,,,,,,,,
6/1/2024 22:15,0,397,,,,,,,,,,,,,,,,,,
6/1/2024 22:00,0,397,,,,,,,,,,,,,,,,,,
6/1/2024 21:45,0,399,,,,,,,,,,,,,,,,,,
6/1/2024 21:30,0,400,,,,,,,,,,,,,,,,,,
6/1/2024 21:15,0,401,,,,,,,,,,,,,,,,,,
6/1/2024 21:00,0,401,,,,,,,,,,,,,,,,,,
6/1/2024 20:45,0,401,,,,,,,,,,,,,,,,,,
6/1/2024 20:30,0,,,,,,,,,,,,,,,,,,,
6/1/2024 20:15,0,,,,,,,,,,,,,,,,,,,
6/1/2024 20:00,0,,,,,,,,,,,,,,,,,,,
6/1/2024 19:45,0,,,,,,,,,,,,,,,,,,,
6/1/2024 19:30,0,,,,,,,,,,,,,,,,,,,
6/1/2024 19:15,0,,,,,,,,,,,,,,,,,,,
6/1/2024 19:00,0,,,,,,,,,,,,,,,,,,,
6/1/2024 18:45,0,,,,,,,,,,,,,,,,,,,
6/1/2024 18:30,0,,,,,,,,,,,,,,,,,,,
6/1/2024 18:15,0,,,,,,,,,,,,,,,,,,,
6/1/2024 18:00,0,,,,,,,,,,,,,,,,,,,
6/1/2024 17:45,0,,,,,,,,,,,,,,,,,,,
6/1/2024 17:30,0,,,,,,,,,,,,,,,,,,,
6/1/2024 17:15,0,,,,,,,,,,,,,,,,,,,
6/1/2024 17:00,0,410,,,,,,,,,,,,,,,,,,
6/1/2024 16:45,0,,,,,,,,,,,,,,,,,,,
6/1/2024 16:30,0,,,,,,,,,,,,,,,,,,,
6/1/2024 16:15,0,,,,,,,,,,,,,,,,,,,
6/1/2024 16:00,0,,,,,,,,,,,,,,,,,,,
6/1/2024 15:45,0,,,,,,,,,,,,,,,,,,,
6/1/2024 15:30,0,,,,,,,,,,,,,,,,,,,
6/1/2024 15:15,0,,,,,,,,,,,,,,,,,,,
6/1/2024 15:00,0,,,,,,,,,,,,,,,,,,,
6/1/2024 14:45,0,,,,,,,,,,,,,,,,,,,
6/1/2024 14:30,0,,,,,,,,,,,,,,,,,,,
6/1/2024 14:15,0,,,,,,,,,,,,,,,,,,,
6/1/2024 14:00,0,,,,,,,,,,,,,,,,,,,
6/1/2024 13:45,0,,,,,,,,,,,,,,,,,,,
6/1/2024 13:30,0,,,,,,,,,,,,,,,,,,,
6/1/2024 13:15,0,,,,,,,,,,,,,,,,,,,
6/1/2024 13:00,0,,,,,,,,,,,,,,,,,,,
6/1/2024 12:45,0,,,,,,,,,,,,,,,,,,,
6/1/2024 12:30,0,,,,,,,,,,,,,,,,,,,
6/1/2024 12:15,0,,,,,,,,,,,,,,,,,,,
6/1/2024 12:00,0,,,,,,,,,,,,,,,,,,,
6/1/2024 11:45,0,,,,,,,,,,,,,,,,,,,
6/1/2024 11:30,0,,,,,,,,,,,,,,,,,,,
6/1/2024 11:15,0,,,,,,,,,,,,,,,,,,,
6/1/2024 11:00,0,,,,,,,,,,,,,,,,,,,
6/1/2024 10:45,0,,,,,,,,,,,,,,,,,,,
6/1/2024 10:30,0,,,,,,,,,,,,,,,,,,,
6/1/2024 10:15,0,,,,,,,,,,,,,,,,,,,
6/1/2024 10:00,0,,,,,,,,,,,,,,,,,,,
6/1/2024 9:45,0,,,,,,,,,,,,,,,,,,,
6/1/2024 9:30,0,,,,,,,,,,,,,,,,,,,
6/1/2024 9:15,0,,,,,,,,,,,,,,,,,,,
6/1/2024 9:00,0,,,,,,,,,,,,,,,,,,,
6/1/2024 8:45,0,,,,,,,,,,,,,,,,,,,
6/1/2024 8:30,0,,,,,,,,,,,,,,,,,,,
6/1/2024 8:15,0,,,,,,,,,,,,,,,,,,,
6/1/2024 8:00,0,,,,,,,,,,,,,,,,,,,
6/1/2024 7:45,0,,,,,,,,,,,,,,,,,,,
6/1/2024 7:30,0,,,,,,,,,,,,,,,,,,,
6/1/2024 7:15,0,,,,,,,,,,,,,,,,,,,
6/1/2024 7:00,0,416,,,,,,,,,,,,,,,,,,
6/1/2024 6:45,0,,,,,,,,,,,,,,,,,,,
6/1/2024 6:30,0,,,,,,,,,,,,,,,,,,,
6/1/2024 6:15,0,,,,,,,,,,,,,,,,,,,
6/1/2024 6:00,0,,,,,,,,,,,,,,,,,,,
6/1/2024 5:45,0,,,,,,,,,,,,,,,,,,,
6/1/2024 5:30,0,,,,,,,,,,,,,,,,,,,
6/1/2024 5:15,0,,,,,,,,,,,,,,,,,,,
6/1/2024 5:00,0,,,,,,,,,,,,,,,,,,,
6/1/2024 4:45,0,,,,,,,,,,,,,,,,,,,
6/1/2024 4:30,0,,,,,,,,,,,,,,,,,,,
6/1/2024 4:15,0,,,,,,,,,,,,,,,,,,,
6/1/2024 4:00,0,,,,,,,,,,,,,,,,,,,
6/1/2024 3:45,0,,,,,,,,,,,,,,,,,,,
6/1/2024 3:30,0,,,,,,,,,,,,,,,,,,,
6/1/2024 3:15,0,,,,,,,,,,,,,,,,,,,
6/1/2024 3:00,0,,,,,,,,,,,,,,,,,,,
6/1/2024 2:45,0,,,,,,,,,,,,,,,,,,,
6/1/2024 2:30,0,,,,,,,,,,,,,,,,,,,
6/1/2024 2:15,0,420,,,,,,,,,,,,,,,,,,
6/1/2024 2:00,0,422,,,,,,,,,,,,,,,,,,
6/1/2024 1:45,0,421,,,,,,,,,,,,,,,,,,
6/1/2024 1:30,0,422,,,,,,,,,,,,,,,,,,
6/1/2024 1:15,0,423,,,,,,,,,,,,,,,,,,
6/1/2024 1:00,0,423,,,,,,,,,,,,,,,,,,
6/1/2024 0:45,0,423,,,,,,,,,,,,,,,,,,
6/1/2024 0:30,0,423,,,,,,,,,,,,,,,,,,
6/1/2024 0:15,0,423,,,,,,,,,,,,,,,,,,
6/1/2024 0:00,0,423,,,,,,,,,,,,,,,,,,
5/1/2024 23:45,0,424,,,,,,,,,,,,,,,,,,
5/1/2024 23:30,0,423,,,,,,,,,,,,,,,,,,
5/1/2024 23:15,0,423,,,,,,,,,,,,,,,,,,
5/1/2024 23:00,0,423,,,,,,,,,,,,,,,,,,
5/1/2024 22:45,0,423,,,,,,,,,,,,,,,,,,
5/1/2024 22:30,0,424,,,,,,,,,,,,,,,,,,
5/1/2024 22:15,0,424,,,,,,,,,,,,,,,,,,
5/1/2024 22:00,0,425,,,,,,,,,,,,,,,,,,
5/1/2024 21:45,0,425,,,,,,,,,,,,,,,,,,
5/1/2024 21:30,0,426,,,,,,,,,,,,,,,,,,
5/1/2024 21:15,0,424,,,,,,,,,,,,,,,,,,
5/1/2024 21:00,0,425,,,,,,,,,,,,,,,,,,
5/1/2024 20:45,0,426,,,,,,,,,,,,,,,,,,
5/1/2024 20:30,0,,,,,,,,,,,,,,,,,,,
5/1/2024 20:15,0,,,,,,,,,,,,,,,,,,,
5/1/2024 20:00,0,,,,,,,,,,,,,,,,,,,
5/1/2024 19:45,0,,,,,,,,,,,,,,,,,,,
5/1/2024 19:30,0,,,,,,,,,,,,,,,,,,,
5/1/2024 19:15,0,,,,,,,,,,,,,,,,,,,
5/1/2024 19:00,0,,,,,,,,,,,,,,,,,,,
5/1/2024 18:45,0,,,,,,,,,,,,,,,,,,,
5/1/2024 18:30,0,,,,,,,,,,,,,,,,,,,
5/1/2024 18:15,0,,,,,,,,,,,,,,,,,,,
5/1/2024 18:00,0,,,,,,,,,,,,,,,,,,,
5/1/2024 17:45,0,,,,,,,,,,,,,,,,,,,
5/1/2024 17:30,0,,,,,,,,,,,,,,,,,,,
5/1/2024 17:15,0,,,,,,,,,,,,,,,,,,,
5/1/2024 17:00,0,430,,,,,,,,,,,,,,,,,,
5/1/2024 16:45,0,,,,,,,,,,,,,,,,,,,
5/1/2024 16:30,0,,,,,,,,,,,,,,,,,,,
5/1/2024 16:15,0,,,,,,,,,,,,,,,,,,,
5/1/2024 16:00,0,,,,,,,,,,,,,,,,,,,
5/1/2024 15:45,0,,,,,,,,,,,,,,,,,,,
5/1/2024 15:30,0,,,,,,,,,,,,,,,,,,,
5/1/2024 15:15,0,,,,,,,,,,,,,,,,,,,
5/1/2024 15:00,0,,,,,,,,,,,,,,,,,,,
5/1/2024 14:45,0,,,,,,,,,,,,,,,,,,,
5/1/2024 14:30,0,,,,,,,,,,,,,,,,,,,
5/1/2024 14:15,0,,,,,,,,,,,,,,,,,,,
5/1/2024 14:00,0,,,,,,,,,,,,,,,,,,,
5/1/2024 13:45,0,,,,,,,,,,,,,,,,,,,
5/1/2024 13:30,0,,,,,,,,,,,,,,,,,,,
5/1/2024 13:15,0,,,,,,,,,,,,,,,,,,,
5/1/2024 13:00,0,,,,,,,,,,,,,,,,,,,
5/1/2024 12:45,0,,,,,,,,,,,,,,,,,,,
5/1/2024 12:30,0,,,,,,,,,,,,,,,,,,,
5/1/2024 12:15,0,,,,,,,,,,,,,,,,,,,
5/1/2024 12:00,0,,,,,,,,,,,,,,,,,,,
5/1/2024 11:45,0,,,,,,,,,,,,,,,,,,,
5/1/2024 11:30,0,,,,,,,,,,,,,,,,,,,
5/1/2024 11:15,0,,,,,,,,,,,,,,,,,,,
5/1/2024 11:00,0,,,,,,,,,,,,,,,,,,,
5/1/2024 10:45,0,,,,,,,,,,,,,,,,,,,
5/1/2024 10:30,0,,,,,,,,,,,,,,,,,,,
5/1/2024 10:15,0,,,,,,,,,,,,,,,,,,,
5/1/2024 10:00,0,,,,,,,,,,,,,,,,,,,
5/1/2024 9:45,0,,,,,,,,,,,,,,,,,,,
5/1/2024 9:30,0,,,,,,,,,,,,,,,,,,,
5/1/2024 9:15,0,,,,,,,,,,,,,,,,,,,
5/1/2024 9:00,0,,,,,,,,,,,,,,,,,,,
5/1/2024 8:45,0,,,,,,,,,,,,,,,,,,,
5/1/2024 8:30,0,,,,,,,,,,,,,,,,,,,
5/1/2024 8:15,0,,,,,,,,,,,,,,,,,,,
5/1/2024 8:00,0,,,,,,,,,,,,,,,,,,,
5/1/2024 7:45,0,,,,,,,,,,,,,,,,,,,
5/1/2024 7:30,0,,,,,,,,,,,,,,,,,,,
5/1/2024 7:15,0,,,,,,,,,,,,,,,,,,,
5/1/2024 7:00,0,436,,,,,,,,,,,,,,,,,,
5/1/2024 6:45,0,,,,,,,,,,,,,,,,,,,
5/1/2024 6:30,0,,,,,,,,,,,,,,,,,,,
5/1/2024 6:15,0,,,,,,,,,,,,,,,,,,,
5/1/2024 6:00,0,,,,,,,,,,,,,,,,,,,
5/1/2024 5:45,0,,,,,,,,,,,,,,,,,,,
5/1/2024 5:30,0,,,,,,,,,,,,,,,,,,,
5/1/2024 5:15,0,,,,,,,,,,,,,,,,,,,
5/1/2024 5:00,0,,,,,,,,,,,,,,,,,,,
5/1/2024 4:45,0,,,,,,,,,,,,,,,,,,,
5/1/2024 4:30,0,,,,,,,,,,,,,,,,,,,
5/1/2024 4:15,0,,,,,,,,,,,,,,,,,,,
5/1/2024 4:00,0,,,,,,,,,,,,,,,,,,,
5/1/2024 3:45,0,,,,,,,,,,,,,,,,,,,
5/1/2024 3:30,0,,,,,,,,,,,,,,,,,,,
5/1/2024 3:15,0,,,,,,,,,,,,,,,,,,,
5/1/2024 3:00,0,,,,,,,,,,,,,,,,,,,
5/1/2024 2:45,0,,,,,,,,,,,,,,,,,,,
5/1/2024 2:30,0,,,,,,,,,,,,,,,,,,,
5/1/2024 2:15,0,,,,,,,,,,,,,,,,,,,
5/1/2024 2:00,0,,,,,,,,,,,,,,,,,,,
5/1/2024 1:45,0,,,,,,,,,,,,,,,,,,,
5/1/2024 1:30,0,,,,,,,,,,,,,,,,,,,
5/1/2024 1:15,0,,,,,,,,,,,,,,,,,,,
5/1/2024 1:00,0,,,,,,,,,,,,,,,,,,,
5/1/2024 0:45,0,,,,,,,,,,,,,,,,,,,
5/1/2024 0:30,0,,,,,,,,,,,,,,,,,,,
5/1/2024 0:15,0,436,,,,,,,,,,,,,,,,,,
5/1/2024 0:00,0,437,,,,,,,,,,,,,,,,,,
4/1/2024 23:45,0,436,,,,,,,,,,,,,,,,,,
4/1/2024 23:30,0,437,,,,,,,,,,,,,,,,,,
4/1/2024 23:15,0,438,,,,,,,,,,,,,,,,,,
4/1/2024 23:00,0,436,,,,,,,,,,,,,,,,,,
4/1/2024 22:45,0,437,,,,,,,,,,,,,,,,,,
4/1/2024 22:30,0,438,,,,,,,,,,,,,,,,,,
4/1/2024 22:15,0,437,,,,,,,,,,,,,,,,,,
4/1/2024 22:00,0,437,,,,,,,,,,,,,,,,,,
4/1/2024 21:45,0,439,,,,,,,,,,,,,,,,,,
4/1/2024 21:30,0,438,,,,,,,,,,,,,,,,,,
4/1/2024 21:15,0,439,,,,,,,,,,,,,,,,,,
4/1/2024 21:00,0,439,,,,,,,,,,,,,,,,,,
4/1/2024 20:45,0,438,,,,,,,,,,,,,,,,,,
4/1/2024 20:30,0,,,,,,,,,,,,,,,,,,,
4/1/2024 20:15,0,,,,,,,,,,,,,,,,,,,
4/1/2024 20:00,0,,,,,,,,,,,,,,,,,,,
4/1/2024 19:45,0,,,,,,,,,,,,,,,,,,,
4/1/2024 19:30,0,,,,,,,,,,,,,,,,,,,
4/1/2024 19:15,0,,,,,,,,,,,,,,,,,,,
4/1/2024 19:00,0,,,,,,,,,,,,,,,,,,,
4/1/2024 18:45,0,,,,,,,,,,,,,,,,,,,
4/1/2024 18:30,0,,,,,,,,,,,,,,,,,,,
4/1/2024 18:15,0,,,,,,,,,,,,,,,,,,,
4/1/2024 18:00,0,,,,,,,,,,,,,,,,,,,
4/1/2024 17:45,0,,,,,,,,,,,,,,,,,,,
4/1/2024 17:30,0,,,,,,,,,,,,,,,,,,,
4/1/2024 17:15,0,,,,,,,,,,,,,,,,,,,
4/1/2024 17:00,0,442,,,,,,,,,,,,,,,,,,
4/1/2024 16:45,0,,,,,,,,,,,,,,,,,,,
4/1/2024 16:30,0,,,,,,,,,,,,,,,,,,,
4/1/2024 16:15,0,,,,,,,,,,,,,,,,,,,
4/1/2024 16:00,0,,,,,,,,,,,,,,,,,,,
4/1/2024 15:45,0,,,,,,,,,,,,,,,,,,,
4/1/2024 15:30,0,,,,,,,,,,,,,,,,,,,
4/1/2024 15:15,0,,,,,,,,,,,,,,,,,,,
4/1/2024 15:00,0,,,,,,,,,,,,,,,,,,,
4/1/2024 14:45,0,,,,,,,,,,,,,,,,,,,
4/1/2024 14:30,0,,,,,,,,,,,,,,,,,,,
4/1/2024 14:15,0,,,,,,,,,,,,,,,,,,,
4/1/2024 14:00,0,,,,,,,,,,,,,,,,,,,
4/1/2024 13:45,0,,,,,,,,,,,,,,,,,,,
4/1/2024 13:30,0,,,,,,,,,,,,,,,,,,,
4/1/2024 13:15,0,,,,,,,,,,,,,,,,,,,
4/1/2024 13:00,0,,,,,,,,,,,,,,,,,,,
4/1/2024 12:45,0,,,,,,,,,,,,,,,,,,,
4/1/2024 12:30,0,,,,,,,,,,,,,,,,,,,
4/1/2024 12:15,0,,,,,,,,,,,,,,,,,,,
4/1/2024 12:00,0,,,,,,,,,,,,,,,,,,,
4/1/2024 11:45,0,,,,,,,,,,,,,,,,,,,
4/1/2024 11:30,0,,,,,,,,,,,,,,,,,,,
4/1/2024 11:15,0,,,,,,,,,,,,,,,,,,,
4/1/2024 11:00,0,,,,,,,,,,,,,,,,,,,
4/1/2024 10:45,0,,,,,,,,,,,,,,,,,,,
4/1/2024 10:30,0,,,,,,,,,,,,,,,,,,,
4/1/2024 10:15,0,,,,,,,,,,,,,,,,,,,
4/1/2024 10:00,0,,,,,,,,,,,,,,,,,,,
4/1/2024 9:45,0,,,,,,,,,,,,,,,,,,,
4/1/2024 9:30,0,,,,,,,,,,,,,,,,,,,
4/1/2024 9:15,0,,,,,,,,,,,,,,,,,,,
4/1/2024 9:00,0,,,,,,,,,,,,,,,,,,,
4/1/2024 8:45,0,,,,,,,,,,,,,,,,,,,
4/1/2024 8:30,0,,,,,,,,,,,,,,,,,,,
4/1/2024 8:15,0,,,,,,,,,,,,,,,,,,,
4/1/2024 8:00,0,,,,,,,,,,,,,,,,,,,
4/1/2024 7:45,0,,,,,,,,,,,,,,,,,,,
4/1/2024 7:30,0,,,,,,,,,,,,,,,,,,,
4/1/2024 7:15,0,,,,,,,,,,,,,,,,,,,
4/1/2024 7:00,0,441,,,,,,,,,,,,,,,,,,
4/1/2024 6:45,0,,,,,,,,,,,,,,,,,,,
4/1/2024 6:30,0,,,,,,,,,,,,,,,,,,,
4/1/2024 6:15,0,,,,,,,,,,,,,,,,,,,
4/1/2024 6:00,0,,,,,,,,,,,,,,,,,,,
4/1/2024 5:45,0,,,,,,,,,,,,,,,,,,,
4/1/2024 5:30,0,,,,,,,,,,,,,,,,,,,
4/1/2024 5:15,0,,,,,,,,,,,,,,,,,,,
4/1/2024 5:00,0,,,,,,,,,,,,,,,,,,,
4/1/2024 4:45,0,,,,,,,,,,,,,,,,,,,
4/1/2024 4:30,0,,,,,,,,,,,,,,,,,,,
4/1/2024 4:15,0,,,,,,,,,,,,,,,,,,,
4/1/2024 4:00,0,,,,,,,,,,,,,,,,,,,
4/1/2024 3:45,0,,,,,,,,,,,,,,,,,,,
4/1/2024 3:30,0,,,,,,,,,,,,,,,,,,,
4/1/2024 3:15,0,,,,,,,,,,,,,,,,,,,
4/1/2024 3:00,0,,,,,,,,,,,,,,,,,,,
4/1/2024 2:45,0,,,,,,,,,,,,,,,,,,,
4/1/2024 2:30,0,,,,,,,,,,,,,,,,,,,
4/1/2024 2:15,0,,,,,,,,,,,,,,,,,,,
4/1/2024 2:00,0,,,,,,,,,,,,,,,,,,,
4/1/2024 1:45,0,,,,,,,,,,,,,,,,,,,
4/1/2024 1:30,0,,,,,,,,,,,,,,,,,,,
4/1/2024 1:15,0,,,,,,,,,,,,,,,,,,,
4/1/2024 1:00,0,,,,,,,,,,,,,,,,,,,
4/1/2024 0:45,0,434,,,,,,,,,,,,,,,,,,
4/1/2024 0:30,0,434,,,,,,,,,,,,,,,,,,
4/1/2024 0:15,0,434,,,,,,,,,,,,,,,,,,
4/1/2024 0:00,0,434,,,,,,,,,,,,,,,,,,
3/1/2024 23:45,0,434,,,,,,,,,,,,,,,,,,
3/1/2024 23:30,0,434,,,,,,,,,,,,,,,,,,
3/1/2024 23:15,0,432,,,,,,,,,,,,,,,,,,
3/1/2024 23:00,0,433,,,,,,,,,,,,,,,,,,
3/1/2024 22:45,0,432,,,,,,,,,,,,,,,,,,
3/1/2024 22:30,0,432,,,,,,,,,,,,,,,,,,
3/1/2024 22:15,0,432,,,,,,,,,,,,,,,,,,
3/1/2024 22:00,0,433,,,,,,,,,,,,,,,,,,
3/1/2024 21:45,0,433,,,,,,,,,,,,,,,,,,
3/1/2024 21:30,0,431,,,,,,,,,,,,,,,,,,
3/1/2024 21:15,0,432,,,,,,,,,,,,,,,,,,
3/1/2024 21:00,0,431,,,,,,,,,,,,,,,,,,
3/1/2024 20:45,0,432,,,,,,,,,,,,,,,,,,
3/1/2024 20:30,0,431,,,,,,,,,,,,,,,,,,
3/1/2024 20:15,0,,,,,,,,,,,,,,,,,,,
3/1/2024 20:00,0,,,,,,,,,,,,,,,,,,,
3/1/2024 19:45,0,,,,,,,,,,,,,,,,,,,
3/1/2024 19:30,0,,,,,,,,,,,,,,,,,,,
3/1/2024 19:15,0,,,,,,,,,,,,,,,,,,,
3/1/2024 19:00,0,,,,,,,,,,,,,,,,,,,
3/1/2024 18:45,0,,,,,,,,,,,,,,,,,,,
3/1/2024 18:30,0,,,,,,,,,,,,,,,,,,,
3/1/2024 18:15,0,,,,,,,,,,,,,,,,,,,
3/1/2024 18:00,0,,,,,,,,,,,,,,,,,,,
3/1/2024 17:45,0,,,,,,,,,,,,,,,,,,,
3/1/2024 17:30,0,,,,,,,,,,,,,,,,,,,
3/1/2024 17:15,0,,,,,,,,,,,,,,,,,,,
3/1/2024 17:00,0,430,,,,,,,,,,,,,,,,,,
3/1/2024 16:45,0,,,,,,,,,,,,,,,,,,,
3/1/2024 16:30,0,,,,,,,,,,,,,,,,,,,
3/1/2024 16:15,0,,,,,,,,,,,,,,,,,,,
3/1/2024 16:00,0,,,,,,,,,,,,,,,,,,,
3/1/2024 15:45,0,,,,,,,,,,,,,,,,,,,
3/1/2024 15:30,0,,,,,,,,,,,,,,,,,,,
3/1/2024 15:15,0,,,,,,,,,,,,,,,,,,,
3/1/2024 15:00,0,,,,,,,,,,,,,,,,,,,
3/1/2024 14:45,0,,,,,,,,,,,,,,,,,,,
3/1/2024 14:30,0,,,,,,,,,,,,,,,,,,,
3/1/2024 14:15,0,,,,,,,,,,,,,,,,,,,
3/1/2024 14:00,0,,,,,,,,,,,,,,,,,,,
3/1/2024 13:45,0,,,,,,,,,,,,,,,,,,,
3/1/2024 13:30,0,,,,,,,,,,,,,,,,,,,
3/1/2024 13:15,0,,,,,,,,,,,,,,,,,,,
3/1/2024 13:00,0,,,,,,,,,,,,,,,,,,,
3/1/2024 12:45,0,,,,,,,,,,,,,,,,,,,
3/1/2024 12:30,0,,,,,,,,,,,,,,,,,,,
3/1/2024 12:15,0,,,,,,,,,,,,,,,,,,,
3/1/2024 12:00,0,,,,,,,,,,,,,,,,,,,
3/1/2024 11:45,0,,,,,,,,,,,,,,,,,,,
3/1/2024 11:30,0,,,,,,,,,,,,,,,,,,,
3/1/2024 11:15,0,,,,,,,,,,,,,,,,,,,
3/1/2024 11:00,0,,,,,,,,,,,,,,,,,,,
3/1/2024 10:45,0,,,,,,,,,,,,,,,,,,,
3/1/2024 10:30,0,,,,,,,,,,,,,,,,,,,
3/1/2024 10:15,0,,,,,,,,,,,,,,,,,,,
3/1/2024 10:00,0,,,,,,,,,,,,,,,,,,,
3/1/2024 9:45,0,,,,,,,,,,,,,,,,,,,
3/1/2024 9:30,0,,,,,,,,,,,,,,,,,,,
3/1/2024 9:15,0,,,,,,,,,,,,,,,,,,,
3/1/2024 9:00,0,,,,,,,,,,,,,,,,,,,
3/1/2024 8:45,0,,,,,,,,,,,,,,,,,,,
3/1/2024 8:30,0,,,,,,,,,,,,,,,,,,,
3/1/2024 8:15,0,,,,,,,,,,,,,,,,,,,
3/1/2024 8:00,0,,,,,,,,,,,,,,,,,,,
3/1/2024 7:45,0,,,,,,,,,,,,,,,,,,,
3/1/2024 7:30,0,,,,,,,,,,,,,,,,,,,
3/1/2024 7:15,0,,,,,,,,,,,,,,,,,,,
3/1/2024 7:00,0,432,,,,,,,,,,,,,,,,,,
3/1/2024 6:45,0,,,,,,,,,,,,,,,,,,,
3/1/2024 6:30,0,,,,,,,,,,,,,,,,,,,
3/1/2024 6:15,0,,,,,,,,,,,,,,,,,,,
3/1/2024 6:00,0,,,,,,,,,,,,,,,,,,,
3/1/2024 5:45,0,,,,,,,,,,,,,,,,,,,
3/1/2024 5:30,0,,,,,,,,,,,,,,,,,,,
3/1/2024 5:15,0,,,,,,,,,,,,,,,,,,,
3/1/2024 5:00,0,,,,,,,,,,,,,,,,,,,
3/1/2024 4:45,0,,,,,,,,,,,,,,,,,,,
3/1/2024 4:30,0,,,,,,,,,,,,,,,,,,,
3/1/2024 4:15,0,,,,,,,,,,,,,,,,,,,
3/1/2024 4:00,0,,,,,,,,,,,,,,,,,,,
3/1/2024 3:45,0,,,,,,,,,,,,,,,,,,,
3/1/2024 3:30,0,,,,,,,,,,,,,,,,,,,
3/1/2024 3:15,0,,,,,,,,,,,,,,,,,,,
3/1/2024 3:00,0,,,,,,,,,,,,,,,,,,,
3/1/2024 2:45,0,,,,,,,,,,,,,,,,,,,
3/1/2024 2:30,0,,,,,,,,,,,,,,,,,,,
3/1/2024 2:15,0,,,,,,,,,,,,,,,,,,,
3/1/2024 2:00,0,,,,,,,,,,,,,,,,,,,
3/1/2024 1:45,0,,,,,,,,,,,,,,,,,,,
3/1/2024 1:30,0,,,,,,,,,,,,,,,,,,,
3/1/2024 1:15,0,,,,,,,,,,,,,,,,,,,
3/1/2024 1:00,0,,,,,,,,,,,,,,,,,,,
3/1/2024 0:45,0,,,,,,,,,,,,,,,,,,,
3/1/2024 0:30,0,435,,,,,,,,,,,,,,,,,,
3/1/2024 0:15,0,436,,,,,,,,,,,,,,,,,,
3/1/2024 0:00,0,434,,,,,,,,,,,,,,,,,,
2/1/2024 23:45,0,435,,,,,,,,,,,,,,,,,,
2/1/2024 23:30,0,436,,,,,,,,,,,,,,,,,,
2/1/2024 23:15,0,436,,,,,,,,,,,,,,,,,,
2/1/2024 23:00,0,437,,,,,,,,,,,,,,,,,,
2/1/2024 22:45,0,436,,,,,,,,,,,,,,,,,,
2/1/2024 22:30,0,436,,,,,,,,,,,,,,,,,,
2/1/2024 22:15,0,439,,,,,,,,,,,,,,,,,,
2/1/2024 22:00,0,438,,,,,,,,,,,,,,,,,,
2/1/2024 21:45,0,437,,,,,,,,,,,,,,,,,,
2/1/2024 21:30,0,438,,,,,,,,,,,,,,,,,,
2/1/2024 21:15,0,438,,,,,,,,,,,,,,,,,,
2/1/2024 21:00,0,437,,,,,,,,,,,,,,,,,,
2/1/2024 20:45,0,439,,,,,,,,,,,,,,,,,,
2/1/2024 20:30,0,439,,,,,,,,,,,,,,,,,,
2/1/2024 20:15,0,,,,,,,,,,,,,,,,,,,
2/1/2024 20:00,0,,,,,,,,,,,,,,,,,,,
2/1/2024 19:45,0,,,,,,,,,,,,,,,,,,,
2/1/2024 19:30,0,,,,,,,,,,,,,,,,,,,
2/1/2024 19:15,0,,,,,,,,,,,,,,,,,,,
2/1/2024 19:00,0,,,,,,,,,,,,,,,,,,,
2/1/2024 18:45,0,,,,,,,,,,,,,,,,,,,
2/1/2024 18:30,0,,,,,,,,,,,,,,,,,,,
2/1/2024 18:15,0,,,,,,,,,,,,,,,,,,,
2/1/2024 18:00,0,,,,,,,,,,,,,,,,,,,
2/1/2024 17:45,0,,,,,,,,,,,,,,,,,,,
2/1/2024 17:30,0,,,,,,,,,,,,,,,,,,,
2/1/2024 17:15,0,,,,,,,,,,,,,,,,,,,
2/1/2024 17:00,0,442,,,,,,,,,,,,,,,,,,
2/1/2024 16:45,0,,,,,,,,,,,,,,,,,,,
2/1/2024 16:30,0.4,,,,,,,,,,,,,,,,,,,
2/1/2024 16:15,0,,,,,,,,,,,,,,,,,,,
2/1/2024 16:00,0,,,,,,,,,,,,,,,,,,,
2/1/2024 15:45,0,,,,,,,,,,,,,,,,,,,
2/1/2024 15:30,0.2,,,,,,,,,,,,,,,,,,,
2/1/2024 15:15,0,,,,,,,,,,,,,,,,,,,
2/1/2024 15:00,0,,,,,,,,,,,,,,,,,,,
2/1/2024 14:45,0,,,,,,,,,,,,,,,,,,,
2/1/2024 14:30,0,,,,,,,,,,,,,,,,,,,
2/1/2024 14:15,0,,,,,,,,,,,,,,,,,,,
2/1/2024 14:00,0,,,,,,,,,,,,,,,,,,,
2/1/2024 13:45,0,,,,,,,,,,,,,,,,,,,
2/1/2024 13:30,0,,,,,,,,,,,,,,,,,,,
2/1/2024 13:15,0,,,,,,,,,,,,,,,,,,,
2/1/2024 13:00,0,,,,,,,,,,,,,,,,,,,
2/1/2024 12:45,0,,,,,,,,,,,,,,,,,,,
2/1/2024 12:30,0,,,,,,,,,,,,,,,,,,,
2/1/2024 12:15,0,,,,,,,,,,,,,,,,,,,
2/1/2024 12:00,0,,,,,,,,,,,,,,,,,,,
2/1/2024 11:45,0,,,,,,,,,,,,,,,,,,,
2/1/2024 11:30,0,,,,,,,,,,,,,,,,,,,
2/1/2024 11:15,0,,,,,,,,,,,,,,,,,,,
2/1/2024 11:00,0,,,,,,,,,,,,,,,,,,,
2/1/2024 10:45,0,,,,,,,,,,,,,,,,,,,
2/1/2024 10:30,0,,,,,,,,,,,,,,,,,,,
2/1/2024 10:15,0,,,,,,,,,,,,,,,,,,,
2/1/2024 10:00,0,,,,,,,,,,,,,,,,,,,
2/1/2024 9:45,0,,,,,,,,,,,,,,,,,,,
2/1/2024 9:30,0,,,,,,,,,,,,,,,,,,,
2/1/2024 9:15,0,,,,,,,,,,,,,,,,,,,
2/1/2024 9:00,0,,,,,,,,,,,,,,,,,,,
2/1/2024 8:45,0,,,,,,,,,,,,,,,,,,,
2/1/2024 8:30,0,,,,,,,,,,,,,,,,,,,
2/1/2024 8:15,0,,,,,,,,,,,,,,,,,,,
2/1/2024 8:00,0,,,,,,,,,,,,,,,,,,,
2/1/2024 7:45,0,,,,,,,,,,,,,,,,,,,
2/1/2024 7:30,0,,,,,,,,,,,,,,,,,,,
2/1/2024 7:15,0,,,,,,,,,,,,,,,,,,,
2/1/2024 7:00,0,452,,,,,,,,,,,,,,,,,,
2/1/2024 6:45,0,,,,,,,,,,,,,,,,,,,
2/1/2024 6:30,0,,,,,,,,,,,,,,,,,,,
2/1/2024 6:15,0,,,,,,,,,,,,,,,,,,,
2/1/2024 6:00,0,,,,,,,,,,,,,,,,,,,
2/1/2024 5:45,0,,,,,,,,,,,,,,,,,,,
2/1/2024 5:30,0,,,,,,,,,,,,,,,,,,,
2/1/2024 5:15,0,,,,,,,,,,,,,,,,,,,
2/1/2024 5:00,0,,,,,,,,,,,,,,,,,,,
2/1/2024 4:45,0,,,,,,,,,,,,,,,,,,,
2/1/2024 4:30,0,,,,,,,,,,,,,,,,,,,
2/1/2024 4:15,0,,,,,,,,,,,,,,,,,,,
2/1/2024 4:00,0,,,,,,,,,,,,,,,,,,,
2/1/2024 3:45,0,,,,,,,,,,,,,,,,,,,
2/1/2024 3:30,0,,,,,,,,,,,,,,,,,,,
2/1/2024 3:15,0,,,,,,,,,,,,,,,,,,,
2/1/2024 3:00,0,,,,,,,,,,,,,,,,,,,
2/1/2024 2:45,0,459,,,,,,,,,,,,,,,,,,
2/1/2024 2:30,0,459,,,,,,,,,,,,,,,,,,
2/1/2024 2:15,0,457,,,,,,,,,,,,,,,,,,
2/1/2024 2:00,0,459,,,,,,,,,,,,,,,,,,
2/1/2024 1:45,0,461,,,,,,,,,,,,,,,,,,
2/1/2024 1:30,0,461,,,,,,,,,,,,,,,,,,
2/1/2024 1:15,0,461,,,,,,,,,,,,,,,,,,
2/1/2024 1:00,0,459,,,,,,,,,,,,,,,,,,
2/1/2024 0:45,0,462,,,,,,,,,,,,,,,,,,
2/1/2024 0:30,0,461,,,,,,,,,,,,,,,,,,
2/1/2024 0:15,0,460,,,,,,,,,,,,,,,,,,
2/1/2024 0:00,0,461,,,,,,,,,,,,,,,,,,
1/1/2024 23:45,0,461,,,,,,,,,,,,,,,,,,
1/1/2024 23:30,0,461,,,,,,,,,,,,,,,,,,
1/1/2024 23:15,0,463,,,,,,,,,,,,,,,,,,
1/1/2024 23:00,0,461,,,,,,,,,,,,,,,,,,
1/1/2024 22:45,0,462,,,,,,,,,,,,,,,,,,
1/1/2024 22:30,0,463,,,,,,,,,,,,,,,,,,
1/1/2024 22:15,0,463,,,,,,,,,,,,,,,,,,
1/1/2024 22:00,0,463,,,,,,,,,,,,,,,,,,
1/1/2024 21:45,0,463,,,,,,,,,,,,,,,,,,
1/1/2024 21:30,0,465,,,,,,,,,,,,,,,,,,
1/1/2024 21:15,0,466,,,,,,,,,,,,,,,,,,
1/1/2024 21:00,0,465,,,,,,,,,,,,,,,,,,
1/1/2024 20:45,0,466,,,,,,,,,,,,,,,,,,
1/1/2024 20:30,0,466,,,,,,,,,,,,,,,,,,
1/1/2024 20:15,0,,,,,,,,,,,,,,,,,,,
1/1/2024 20:00,0,,,,,,,,,,,,,,,,,,,
1/1/2024 19:45,0,,,,,,,,,,,,,,,,,,,
1/1/2024 19:30,0,,,,,,,,,,,,,,,,,,,
1/1/2024 19:15,0,,,,,,,,,,,,,,,,,,,
1/1/2024 19:00,0,,,,,,,,,,,,,,,,,,,
1/1/2024 18:45,0,,,,,,,,,,,,,,,,,,,
1/1/2024 18:30,0,,,,,,,,,,,,,,,,,,,
1/1/2024 18:15,0,,,,,,,,,,,,,,,,,,,
1/1/2024 18:00,0,,,,,,,,,,,,,,,,,,,
1/1/2024 17:45,0,,,,,,,,,,,,,,,,,,,
1/1/2024 17:30,0,,,,,,,,,,,,,,,,,,,
1/1/2024 17:15,0,,,,,,,,,,,,,,,,,,,
1/1/2024 17:00,0,468,,,,,,,,,,,,,,,,,,
1/1/2024 16:45,0,,,,,,,,,,,,,,,,,,,
1/1/2024 16:30,0,,,,,,,,,,,,,,,,,,,
1/1/2024 16:15,0,,,,,,,,,,,,,,,,,,,
1/1/2024 16:00,0,,,,,,,,,,,,,,,,,,,
1/1/2024 15:45,0,,,,,,,,,,,,,,,,,,,
1/1/2024 15:30,0,,,,,,,,,,,,,,,,,,,
1/1/2024 15:15,0,,,,,,,,,,,,,,,,,,,
1/1/2024 15:00,0,,,,,,,,,,,,,,,,,,,
1/1/2024 14:45,0,,,,,,,,,,,,,,,,,,,
1/1/2024 14:30,0,,,,,,,,,,,,,,,,,,,
1/1/2024 14:15,0,,,,,,,,,,,,,,,,,,,
1/1/2024 14:00,0,,,,,,,,,,,,,,,,,,,
1/1/2024 13:45,0,,,,,,,,,,,,,,,,,,,
1/1/2024 13:30,0,,,,,,,,,,,,,,,,,,,
1/1/2024 13:15,0,,,,,,,,,,,,,,,,,,,
1/1/2024 13:00,0,,,,,,,,,,,,,,,,,,,
1/1/2024 12:45,0,,,,,,,,,,,,,,,,,,,
1/1/2024 12:30,0,,,,,,,,,,,,,,,,,,,
1/1/2024 12:15,0,,,,,,,,,,,,,,,,,,,
1/1/2024 12:00,0,,,,,,,,,,,,,,,,,,,
1/1/2024 11:45,0,,,,,,,,,,,,,,,,,,,
1/1/2024 11:30,0,,,,,,,,,,,,,,,,,,,
1/1/2024 11:15,0,,,,,,,,,,,,,,,,,,,
1/1/2024 11:00,0,,,,,,,,,,,,,,,,,,,
1/1/2024 10:45,0,,,,,,,,,,,,,,,,,,,
1/1/2024 10:30,0,,,,,,,,,,,,,,,,,,,
1/1/2024 10:15,0,,,,,,,,,,,,,,,,,,,
1/1/2024 10:00,0,,,,,,,,,,,,,,,,,,,
1/1/2024 9:45,0,,,,,,,,,,,,,,,,,,,
1/1/2024 9:30,0,,,,,,,,,,,,,,,,,,,
1/1/2024 9:15,0,,,,,,,,,,,,,,,,,,,
1/1/2024 9:00,0,,,,,,,,,,,,,,,,,,,
1/1/2024 8:45,0,,,,,,,,,,,,,,,,,,,
1/1/2024 8:30,0,,,,,,,,,,,,,,,,,,,
1/1/2024 8:15,0,,,,,,,,,,,,,,,,,,,
1/1/2024 8:00,0,,,,,,,,,,,,,,,,,,,
1/1/2024 7:45,0,,,,,,,,,,,,,,,,,,,
1/1/2024 7:30,0,,,,,,,,,,,,,,,,,,,
1/1/2024 7:15,0,,,,,,,,,,,,,,,,,,,
1/1/2024 7:00,0,482,,,,,,,,,,,,,,,,,,
1/1/2024 6:45,0,,,,,,,,,,,,,,,,,,,
1/1/2024 6:30,0,,,,,,,,,,,,,,,,,,,
1/1/2024 6:15,0,,,,,,,,,,,,,,,,,,,
1/1/2024 6:00,0,,,,,,,,,,,,,,,,,,,
1/1/2024 5:45,0,,,,,,,,,,,,,,,,,,,
1/1/2024 5:30,0,,,,,,,,,,,,,,,,,,,
1/1/2024 5:15,0,,,,,,,,,,,,,,,,,,,
1/1/2024 5:00,0,,,,,,,,,,,,,,,,,,,
1/1/2024 4:45,0,,,,,,,,,,,,,,,,,,,
1/1/2024 4:30,0,,,,,,,,,,,,,,,,,,,
1/1/2024 4:15,0,,,,,,,,,,,,,,,,,,,
1/1/2024 4:00,0,,,,,,,,,,,,,,,,,,,
1/1/2024 3:45,0,,,,,,,,,,,,,,,,,,,
1/1/2024 3:30,0,,,,,,,,,,,,,,,,,,,
1/1/2024 3:15,0,,,,,,,,,,,,,,,,,,,
1/1/2024 3:00,0,,,,,,,,,,,,,,,,,,,
1/1/2024 2:45,0,,,,,,,,,,,,,,,,,,,
1/1/2024 2:30,0,492,,,,,,,,,,,,,,,,,,
1/1/2024 2:15,0,493,,,,,,,,,,,,,,,,,,
1/1/2024 2:00,0,491,,,,,,,,,,,,,,,,,,
1/1/2024 1:45,0,492,,,,,,,,,,,,,,,,,,
1/1/2024 1:30,0,492,,,,,,,,,,,,,,,,,,
1/1/2024 1:15,0,492,,,,,,,,,,,,,,,,,,
1/1/2024 1:00,0,492,,,,,,,,,,,,,,,,,,
1/1/2024 0:45,0,493,,,,,,,,,,,,,,,,,,
1/1/2024 0:30,0,494,,,,,,,,,,,,,,,,,,
1/1/2024 0:15,0,494,,,,,,,,,,,,,,,,,,
1/1/2024 0:00,0,494,,,,,,,,,,,,,,,,,,
31/12/2023 23:45:00,0,495,,,,,,,,,,,,,,,,,,
31/12/2023 23:30:00,0,495,,,,,,,,,,,,,,,,,,
31/12/2023 23:15:00,0,495,,,,,,,,,,,,,,,,,,
31/12/2023 23:00:00,0,496,,,,,,,,,,,,,,,,,,
31/12/2023 22:45:00,0,496,,,,,,,,,,,,,,,,,,
31/12/2023 22:30:00,0,497,,,,,,,,,,,,,,,,,,
31/12/2023 22:15:00,0,498,,,,,,,,,,,,,,,,,,
31/12/2023 22:00:00,0,496,,,,,,,,,,,,,,,,,,
31/12/2023 21:45:00,0,497,,,,,,,,,,,,,,,,,,
31/12/2023 21:30:00,0,498,,,,,,,,,,,,,,,,,,
31/12/2023 21:15:00,0,498,,,,,,,,,,,,,,,,,,
31/12/2023 21:00:00,0,498,,,,,,,,,,,,,,,,,,
31/12/2023 20:45:00,0,498,,,,,,,,,,,,,,,,,,
31/12/2023 20:30:00,0,499,,,,,,,,,,,,,,,,,,
31/12/2023 20:15:00,0,,,,,,,,,,,,,,,,,,,
31/12/2023 20:00:00,0,,,,,,,,,,,,,,,,,,,
31/12/2023 19:45:00,0,,,,,,,,,,,,,,,,,,,
31/12/2023 19:30:00,0,,,,,,,,,,,,,,,,,,,
31/12/2023 19:15:00,0,,,,,,,,,,,,,,,,,,,
31/12/2023 19:00:00,0,,,,,,,,,,,,,,,,,,,
31/12/2023 18:45:00,0,,,,,,,,,,,,,,,,,,,
31/12/2023 18:30:00,0,,,,,,,,,,,,,,,,,,,
31/12/2023 18:15:00,0,,,,,,,,,,,,,,,,,,,
31/12/2023 18:00:00,0,,,,,,,,,,,,,,,,,,,
31/12/2023 17:45:00,0,,,,,,,,,,,,,,,,,,,
31/12/2023 17:30:00,0,,,,,,,,,,,,,,,,,,,
31/12/2023 17:15:00,0,,,,,,,,,,,,,,,,,,,
31/12/2023 17:00:00,0,508,,,,,,,,,,,,,,,,,,
31/12/2023 16:45:00,0,,,,,,,,,,,,,,,,,,,
31/12/2023 16:30:00,0,,,,,,,,,,,,,,,,,,,
31/12/2023 16:15:00,0,,,,,,,,,,,,,,,,,,,
31/12/2023 16:00:00,0,,,,,,,,,,,,,,,,,,,
31/12/2023 15:45:00,0,,,,,,,,,,,,,,,,,,,
31/12/2023 15:30:00,0,,,,,,,,,,,,,,,,,,,
31/12/2023 15:15:00,0,,,,,,,,,,,,,,,,,,,
31/12/2023 15:00:00,0,,,,,,,,,,,,,,,,,,,
31/12/2023 14:45:00,0,,,,,,,,,,,,,,,,,,,
31/12/2023 14:30:00,0,,,,,,,,,,,,,,,,,,,
31/12/2023 14:15:00,0,,,,,,,,,,,,,,,,,,,
31/12/2023 14:00:00,0,,,,,,,,,,,,,,,,,,,
31/12/2023 13:45:00,0,,,,,,,,,,,,,,,,,,,
31/12/2023 13:30:00,0,,,,,,,,,,,,,,,,,,,
31/12/2023 13:15:00,0,,,,,,,,,,,,,,,,,,,
31/12/2023 13:00:00,0,,,,,,,,,,,,,,,,,,,
31/12/2023 12:45:00,0,,,,,,,,,,,,,,,,,,,
31/12/2023 12:30:00,0,,,,,,,,,,,,,,,,,,,
31/12/2023 12:15:00,0,,,,,,,,,,,,,,,,,,,
31/12/2023 12:00:00,0,,,,,,,,,,,,,,,,,,,
31/12/2023 11:45:00,0,,,,,,,,,,,,,,,,,,,
31/12/2023 11:30:00,0,,,,,,,,,,,,,,,,,,,
31/12/2023 11:15:00,0,,,,,,,,,,,,,,,,,,,
31/12/2023 11:00:00,0,,,,,,,,,,,,,,,,,,,
31/12/2023 10:45:00,0,,,,,,,,,,,,,,,,,,,
31/12/2023 10:30:00,0,,,,,,,,,,,,,,,,,,,
31/12/2023 10:15:00,0,,,,,,,,,,,,,,,,,,,
31/12/2023 10:00:00,0,,,,,,,,,,,,,,,,,,,
31/12/2023 09:45:00,0,,,,,,,,,,,,,,,,,,,
31/12/2023 09:30:00,0,,,,,,,,,,,,,,,,,,,
31/12/2023 09:15:00,0,,,,,,,,,,,,,,,,,,,
31/12/2023 09:00:00,0,,,,,,,,,,,,,,,,,,,
31/12/2023 08:45:00,0,,,,,,,,,,,,,,,,,,,
31/12/2023 08:30:00,0,,,,,,,,,,,,,,,,,,,
31/12/2023 08:15:00,0,,,,,,,,,,,,,,,,,,,
31/12/2023 08:00:00,0,,,,,,,,,,,,,,,,,,,
31/12/2023 07:45:00,0,,,,,,,,,,,,,,,,,,,
31/12/2023 07:30:00,0,,,,,,,,,,,,,,,,,,,
31/12/2023 07:15:00,0,,,,,,,,,,,,,,,,,,,
31/12/2023 07:00:00,0,512,,,,,,,,,,,,,,,,,,
31/12/2023 06:45:00,0,,,,,,,,,,,,,,,,,,,
31/12/2023 06:30:00,0,,,,,,,,,,,,,,,,,,,
31/12/2023 06:15:00,0,,,,,,,,,,,,,,,,,,,
31/12/2023 06:00:00,0,,,,,,,,,,,,,,,,,,,
31/12/2023 05:45:00,0,,,,,,,,,,,,,,,,,,,
31/12/2023 05:30:00,0,,,,,,,,,,,,,,,,,,,
31/12/2023 05:15:00,0,,,,,,,,,,,,,,,,,,,
31/12/2023 05:00:00,0,,,,,,,,,,,,,,,,,,,
31/12/2023 04:45:00,0,,,,,,,,,,,,,,,,,,,
31/12/2023 04:30:00,0,,,,,,,,,,,,,,,,,,,
31/12/2023 04:15:00,0,,,,,,,,,,,,,,,,,,,
31/12/2023 04:00:00,0,,,,,,,,,,,,,,,,,,,
31/12/2023 03:45:00,0,,,,,,,,,,,,,,,,,,,
31/12/2023 03:30:00,0,,,,,,,,,,,,,,,,,,,
31/12/2023 03:15:00,0,513,,,,,,,,,,,,,,,,,,
31/12/2023 03:00:00,0,512,,,,,,,,,,,,,,,,,,
31/12/2023 02:45:00,0,514,,,,,,,,,,,,,,,,,,
31/12/2023 02:30:00,0,514,,,,,,,,,,,,,,,,,,
31/12/2023 02:15:00,0,514,,,,,,,,,,,,,,,,,,
31/12/2023 02:00:00,0,515,,,,,,,,,,,,,,,,,,
31/12/2023 01:45:00,0,515,,,,,,,,,,,,,,,,,,
31/12/2023 01:30:00,0,514,,,,,,,,,,,,,,,,,,
31/12/2023 01:15:00,0,513,,,,,,,,,,,,,,,,,,
31/12/2023 01:00:00,0,513,,,,,,,,,,,,,,,,,,
31/12/2023 00:45:00,0,515,,,,,,,,,,,,,,,,,,
31/12/2023 00:30:00,0,515,,,,,,,,,,,,,,,,,,
31/12/2023 00:15:00,0,513,,,,,,,,,,,,,,,,,,
31/12/2023 00:00:00,0,514,,,,,,,,,,,,,,,,,,
30/12/2023 23:45:00,0,515,,,,,,,,,,,,,,,,,,
30/12/2023 23:30:00,0,514,,,,,,,,,,,,,,,,,,
30/12/2023 23:15:00,0,514,,,,,,,,,,,,,,,,,,
30/12/2023 23:00:00,0,514,,,,,,,,,,,,,,,,,,
30/12/2023 22:45:00,0,514,,,,,,,,,,,,,,,,,,
30/12/2023 22:30:00,0,513,,,,,,,,,,,,,,,,,,
30/12/2023 22:15:00,0,514,,,,,,,,,,,,,,,,,,
30/12/2023 22:00:00,0,513,,,,,,,,,,,,,,,,,,
30/12/2023 21:45:00,0,513,,,,,,,,,,,,,,,,,,
30/12/2023 21:30:00,0,514,,,,,,,,,,,,,,,,,,
30/12/2023 21:15:00,0,515,,,,,,,,,,,,,,,,,,
30/12/2023 21:00:00,0,514,,,,,,,,,,,,,,,,,,
30/12/2023 20:45:00,0,515,,,,,,,,,,,,,,,,,,
30/12/2023 20:30:00,0,515,,,,,,,,,,,,,,,,,,
30/12/2023 20:15:00,0,,,,,,,,,,,,,,,,,,,
30/12/2023 20:00:00,0,,,,,,,,,,,,,,,,,,,
30/12/2023 19:45:00,0,,,,,,,,,,,,,,,,,,,
30/12/2023 19:30:00,0,,,,,,,,,,,,,,,,,,,
30/12/2023 19:15:00,0,,,,,,,,,,,,,,,,,,,
30/12/2023 19:00:00,0,,,,,,,,,,,,,,,,,,,
30/12/2023 18:45:00,0,,,,,,,,,,,,,,,,,,,
30/12/2023 18:30:00,0,,,,,,,,,,,,,,,,,,,
30/12/2023 18:15:00,0,,,,,,,,,,,,,,,,,,,
30/12/2023 18:00:00,0,,,,,,,,,,,,,,,,,,,
30/12/2023 17:45:00,0,,,,,,,,,,,,,,,,,,,
30/12/2023 17:30:00,0,,,,,,,,,,,,,,,,,,,
30/12/2023 17:15:00,0,,,,,,,,,,,,,,,,,,,
30/12/2023 17:00:00,0,517,,,,,,,,,,,,,,,,,,
30/12/2023 16:45:00,0,,,,,,,,,,,,,,,,,,,
30/12/2023 16:30:00,0,,,,,,,,,,,,,,,,,,,
30/12/2023 16:15:00,0,,,,,,,,,,,,,,,,,,,
30/12/2023 16:00:00,0,,,,,,,,,,,,,,,,,,,
30/12/2023 15:45:00,0,,,,,,,,,,,,,,,,,,,
30/12/2023 15:30:00,0,,,,,,,,,,,,,,,,,,,
30/12/2023 15:15:00,0,,,,,,,,,,,,,,,,,,,
30/12/2023 15:00:00,0,,,,,,,,,,,,,,,,,,,
30/12/2023 14:45:00,0,,,,,,,,,,,,,,,,,,,
30/12/2023 14:30:00,0,,,,,,,,,,,,,,,,,,,
30/12/2023 14:15:00,0,,,,,,,,,,,,,,,,,,,
30/12/2023 14:00:00,0,,,,,,,,,,,,,,,,,,,
30/12/2023 13:45:00,0,,,,,,,,,,,,,,,,,,,
30/12/2023 13:30:00,0,,,,,,,,,,,,,,,,,,,
30/12/2023 13:15:00,0,,,,,,,,,,,,,,,,,,,
30/12/2023 13:00:00,0,,,,,,,,,,,,,,,,,,,
30/12/2023 12:45:00,0,,,,,,,,,,,,,,,,,,,
30/12/2023 12:30:00,0,,,,,,,,,,,,,,,,,,,
30/12/2023 12:15:00,0,,,,,,,,,,,,,,,,,,,
30/12/2023 12:00:00,0,,,,,,,,,,,,,,,,,,,
30/12/2023 11:45:00,0,,,,,,,,,,,,,,,,,,,
30/12/2023 11:30:00,0,,,,,,,,,,,,,,,,,,,
30/12/2023 11:15:00,0,,,,,,,,,,,,,,,,,,,
30/12/2023 11:00:00,0,,,,,,,,,,,,,,,,,,,
30/12/2023 10:45:00,0,,,,,,,,,,,,,,,,,,,
30/12/2023 10:30:00,0,,,,,,,,,,,,,,,,,,,
30/12/2023 10:15:00,0,,,,,,,,,,,,,,,,,,,
30/12/2023 10:00:00,0,,,,,,,,,,,,,,,,,,,
30/12/2023 09:45:00,0,,,,,,,,,,,,,,,,,,,
30/12/2023 09:30:00,0,,,,,,,,,,,,,,,,,,,
30/12/2023 09:15:00,0,,,,,,,,,,,,,,,,,,,
30/12/2023 09:00:00,0,,,,,,,,,,,,,,,,,,,
30/12/2023 08:45:00,0,,,,,,,,,,,,,,,,,,,
30/12/2023 08:30:00,0,,,,,,,,,,,,,,,,,,,
30/12/2023 08:15:00,0,,,,,,,,,,,,,,,,,,,
30/12/2023 08:00:00,0,,,,,,,,,,,,,,,,,,,
30/12/2023 07:45:00,0,,,,,,,,,,,,,,,,,,,
30/12/2023 07:30:00,0,,,,,,,,,,,,,,,,,,,
30/12/2023 07:15:00,0,,,,,,,,,,,,,,,,,,,
30/12/2023 07:00:00,0,512,,,,,,,,,,,,,,,,,,
30/12/2023 06:45:00,0,,,,,,,,,,,,,,,,,,,
30/12/2023 06:30:00,0,,,,,,,,,,,,,,,,,,,
30/12/2023 06:15:00,0,,,,,,,,,,,,,,,,,,,
30/12/2023 06:00:00,0,,,,,,,,,,,,,,,,,,,
30/12/2023 05:45:00,0,,,,,,,,,,,,,,,,,,,
30/12/2023 05:30:00,0,,,,,,,,,,,,,,,,,,,
30/12/2023 05:15:00,0,,,,,,,,,,,,,,,,,,,
30/12/2023 05:00:00,0,,,,,,,,,,,,,,,,,,,
30/12/2023 04:45:00,0,,,,,,,,,,,,,,,,,,,
30/12/2023 04:30:00,0,,,,,,,,,,,,,,,,,,,
30/12/2023 04:15:00,0,,,,,,,,,,,,,,,,,,,
30/12/2023 04:00:00,0,,,,,,,,,,,,,,,,,,,
30/12/2023 03:45:00,0,,,,,,,,,,,,,,,,,,,
30/12/2023 03:30:00,0,,,,,,,,,,,,,,,,,,,
30/12/2023 03:15:00,0,,,,,,,,,,,,,,,,,,,
30/12/2023 03:00:00,0,,,,,,,,,,,,,,,,,,,
30/12/2023 02:45:00,0,,,,,,,,,,,,,,,,,,,
30/12/2023 02:30:00,0,,,,,,,,,,,,,,,,,,,
30/12/2023 02:15:00,0,,,,,,,,,,,,,,,,,,,
30/12/2023 02:00:00,0,,,,,,,,,,,,,,,,,,,
30/12/2023 01:45:00,0,,,,,,,,,,,,,,,,,,,
30/12/2023 01:30:00,0,,,,,,,,,,,,,,,,,,,
30/12/2023 01:15:00,0,502,,,,,,,,,,,,,,,,,,
30/12/2023 01:00:00,0,502,,,,,,,,,,,,,,,,,,
30/12/2023 00:45:00,0,501,,,,,,,,,,,,,,,,,,
30/12/2023 00:30:00,0,501,,,,,,,,,,,,,,,,,,
30/12/2023 00:15:00,0,500,,,,,,,,,,,,,,,,,,
30/12/2023 00:00:00,0,499,,,,,,,,,,,,,,,,,,
29/12/2023 23:45:00,0,499,,,,,,,,,,,,,,,,,,
29/12/2023 23:30:00,0,498,,,,,,,,,,,,,,,,,,
29/12/2023 23:15:00,0,499,,,,,,,,,,,,,,,,,,
29/12/2023 23:00:00,0,498,,,,,,,,,,,,,,,,,,
29/12/2023 22:45:00,0,498,,,,,,,,,,,,,,,,,,
29/12/2023 22:30:00,0,495,,,,,,,,,,,,,,,,,,
29/12/2023 22:15:00,0.2,496,,,,,,,,,,,,,,,,,,
29/12/2023 22:00:00,0,498,,,,,,,,,,,,,,,,,,
29/12/2023 21:45:00,0,497,,,,,,,,,,,,,,,,,,
29/12/2023 21:30:00,1.2,497,,,,,,,,,,,,,,,,,,
29/12/2023 21:15:00,0,497,,,,,,,,,,,,,,,,,,
29/12/2023 21:00:00,0,496,,,,,,,,,,,,,,,,,,
29/12/2023 20:45:00,0,495,,,,,,,,,,,,,,,,,,
29/12/2023 20:30:00,0,,,,,,,,,,,,,,,,,,,
29/12/2023 20:15:00,0,,,,,,,,,,,,,,,,,,,
29/12/2023 20:00:00,0,,,,,,,,,,,,,,,,,,,
29/12/2023 19:45:00,0,,,,,,,,,,,,,,,,,,,
29/12/2023 19:30:00,0,,,,,,,,,,,,,,,,,,,
29/12/2023 19:15:00,0,,,,,,,,,,,,,,,,,,,
29/12/2023 19:00:00,0,,,,,,,,,,,,,,,,,,,
29/12/2023 18:45:00,0,,,,,,,,,,,,,,,,,,,
29/12/2023 18:30:00,0,,,,,,,,,,,,,,,,,,,
29/12/2023 18:15:00,0,,,,,,,,,,,,,,,,,,,
29/12/2023 18:00:00,0,,,,,,,,,,,,,,,,,,,
29/12/2023 17:45:00,0,,,,,,,,,,,,,,,,,,,
29/12/2023 17:30:00,0,,,,,,,,,,,,,,,,,,,
29/12/2023 17:15:00,0,,,,,,,,,,,,,,,,,,,
29/12/2023 17:00:00,0,482,,,,,,,,,,,,,,,,,,
29/12/2023 16:45:00,0,,,,,,,,,,,,,,,,,,,
29/12/2023 16:30:00,0,,,,,,,,,,,,,,,,,,,
29/12/2023 16:15:00,0,,,,,,,,,,,,,,,,,,,
29/12/2023 16:00:00,0,,,,,,,,,,,,,,,,,,,
29/12/2023 15:45:00,0,,,,,,,,,,,,,,,,,,,
29/12/2023 15:30:00,0,,,,,,,,,,,,,,,,,,,
29/12/2023 15:15:00,0,,,,,,,,,,,,,,,,,,,
29/12/2023 15:00:00,0,,,,,,,,,,,,,,,,,,,
29/12/2023 14:45:00,0,,,,,,,,,,,,,,,,,,,
29/12/2023 14:30:00,0,,,,,,,,,,,,,,,,,,,
29/12/2023 14:15:00,0,,,,,,,,,,,,,,,,,,,
29/12/2023 14:00:00,0,,,,,,,,,,,,,,,,,,,
29/12/2023 13:45:00,0,,,,,,,,,,,,,,,,,,,
29/12/2023 13:30:00,0,,,,,,,,,,,,,,,,,,,
29/12/2023 13:15:00,0,,,,,,,,,,,,,,,,,,,
29/12/2023 13:00:00,0,,,,,,,,,,,,,,,,,,,
29/12/2023 12:45:00,0,,,,,,,,,,,,,,,,,,,
29/12/2023 12:30:00,0,,,,,,,,,,,,,,,,,,,
29/12/2023 12:15:00,0,,,,,,,,,,,,,,,,,,,
29/12/2023 12:00:00,0,,,,,,,,,,,,,,,,,,,
29/12/2023 11:45:00,0,,,,,,,,,,,,,,,,,,,
29/12/2023 11:30:00,0,,,,,,,,,,,,,,,,,,,
29/12/2023 11:15:00,0,,,,,,,,,,,,,,,,,,,
29/12/2023 11:00:00,0,,,,,,,,,,,,,,,,,,,
29/12/2023 10:45:00,0.4,,,,,,,,,,,,,,,,,,,
29/12/2023 10:30:00,0,,,,,,,,,,,,,,,,,,,
29/12/2023 10:15:00,0.4,,,,,,,,,,,,,,,,,,,
29/12/2023 10:00:00,0.4,,,,,,,,,,,,,,,,,,,
29/12/2023 09:45:00,0.2,,,,,,,,,,,,,,,,,,,
29/12/2023 09:30:00,0.2,,,,,,,,,,,,,,,,,,,
29/12/2023 09:15:00,0.6,,,,,,,,,,,,,,,,,,,
29/12/2023 09:00:00,0.6,,,,,,,,,,,,,,,,,,,
29/12/2023 08:45:00,0.4,,,,,,,,,,,,,,,,,,,
29/12/2023 08:30:00,0.4,,,,,,,,,,,,,,,,,,,
29/12/2023 08:15:00,0.4,,,,,,,,,,,,,,,,,,,
29/12/2023 08:00:00,8.8,,,,,,,,,,,,,,,,,,,
29/12/2023 07:45:00,5.6,,,,,,,,,,,,,,,,,,,
29/12/2023 07:30:00,1.6,,,,,,,,,,,,,,,,,,,
29/12/2023 07:15:00,5.8,,,,,,,,,,,,,,,,,,,
29/12/2023 07:00:00,,470,,,,,,,,,,,,,,,,,,
29/12/2023 06:45:00,5.6,,,,,,,,,,,,,,,,,,,
29/12/2023 06:30:00,1.6,,,,,,,,,,,,,,,,,,,
29/12/2023 06:15:00,5.8,,,,,,,,,,,,,,,,,,,
29/12/2023 06:00:00,4.6,,,,,,,,,,,,,,,,,,,
29/12/2023 05:45:00,2.2,,,,,,,,,,,,,,,,,,,
29/12/2023 05:30:00,1.4,,,,,,,,,,,,,,,,,,,
29/12/2023 05:15:00,4.2,,,,,,,,,,,,,,,,,,,
29/12/2023 05:00:00,9,,,,,,,,,,,,,,,,,,,
29/12/2023 04:45:00,0,,,,,,,,,,,,,,,,,,,
29/12/2023 04:30:00,0,,,,,,,,,,,,,,,,,,,
29/12/2023 04:15:00,0,,,,,,,,,,,,,,,,,,,
29/12/2023 04:00:00,0,,,,,,,,,,,,,,,,,,,
29/12/2023 03:45:00,0,461,,,,,,,,,,,,,,,,,,
29/12/2023 03:30:00,0,461,,,,,,,,,,,,,,,,,,
29/12/2023 03:15:00,0,461,,,,,,,,,,,,,,,,,,
29/12/2023 03:00:00,0,461,,,,,,,,,,,,,,,,,,
29/12/2023 02:45:00,0,461,,,,,,,,,,,,,,,,,,
29/12/2023 02:30:00,0,461,,,,,,,,,,,,,,,,,,
29/12/2023 02:15:00,0,461,,,,,,,,,,,,,,,,,,
29/12/2023 02:00:00,0,461,,,,,,,,,,,,,,,,,,
29/12/2023 01:45:00,0,461,,,,,,,,,,,,,,,,,,
29/12/2023 01:30:00,0,461,,,,,,,,,,,,,,,,,,
29/12/2023 01:15:00,0,461,,,,,,,,,,,,,,,,,,
29/12/2023 01:00:00,0,461,,,,,,,,,,,,,,,,,,
29/12/2023 00:45:00,0,461,,,,,,,,,,,,,,,,,,
29/12/2023 00:30:00,0,461,,,,,,,,,,,,,,,,,,
29/12/2023 00:15:00,0,461,,,,,,,,,,,,,,,,,,
29/12/2023 00:00:00,0,461,,,,,,,,,,,,,,,,,,
28/12/2023 23:45:00,0,461,,,,,,,,,,,,,,,,,,
28/12/2023 23:30:00,0,461,,,,,,,,,,,,,,,,,,
28/12/2023 23:15:00,0,461,,,,,,,,,,,,,,,,,,
28/12/2023 23:00:00,0,461,,,,,,,,,,,,,,,,,,
28/12/2023 22:45:00,0,462,,,,,,,,,,,,,,,,,,
28/12/2023 22:30:00,0,461,,,,,,,,,,,,,,,,,,
28/12/2023 22:15:00,0,461,,,,,,,,,,,,,,,,,,
28/12/2023 22:00:00,0,461,,,,,,,,,,,,,,,,,,
28/12/2023 21:45:00,0,461,,,,,,,,,,,,,,,,,,
28/12/2023 21:30:00,0,461,,,,,,,,,,,,,,,,,,
28/12/2023 21:15:00,0,461,,,,,,,,,,,,,,,,,,
28/12/2023 21:00:00,0,462,,,,,,,,,,,,,,,,,,
28/12/2023 20:45:00,0,462,,,,,,,,,,,,,,,,,,
28/12/2023 20:30:00,0,461,,,,,,,,,,,,,,,,,,
28/12/2023 20:15:00,0,,,,,,,,,,,,,,,,,,,
28/12/2023 20:00:00,0,,,,,,,,,,,,,,,,,,,
28/12/2023 19:45:00,0,,,,,,,,,,,,,,,,,,,
28/12/2023 19:30:00,0,,,,,,,,,,,,,,,,,,,
28/12/2023 19:15:00,0,,,,,,,,,,,,,,,,,,,
28/12/2023 19:00:00,0,,,,,,,,,,,,,,,,,,,
28/12/2023 18:45:00,0,,,,,,,,,,,,,,,,,,,
28/12/2023 18:30:00,0,,,,,,,,,,,,,,,,,,,
28/12/2023 18:15:00,0,,,,,,,,,,,,,,,,,,,
28/12/2023 18:00:00,0,,,,,,,,,,,,,,,,,,,
28/12/2023 17:45:00,0,,,,,,,,,,,,,,,,,,,
28/12/2023 17:30:00,0,,,,,,,,,,,,,,,,,,,
28/12/2023 17:15:00,0,,,,,,,,,,,,,,,,,,,
28/12/2023 17:00:00,0,460,,,,,,,,,,,,,,,,,,
28/12/2023 16:45:00,0,,,,,,,,,,,,,,,,,,,
28/12/2023 16:30:00,0,,,,,,,,,,,,,,,,,,,
28/12/2023 16:15:00,0,,,,,,,,,,,,,,,,,,,
28/12/2023 16:00:00,0,,,,,,,,,,,,,,,,,,,
28/12/2023 15:45:00,0,,,,,,,,,,,,,,,,,,,
28/12/2023 15:30:00,0,,,,,,,,,,,,,,,,,,,
28/12/2023 15:15:00,0,,,,,,,,,,,,,,,,,,,
28/12/2023 15:00:00,0,,,,,,,,,,,,,,,,,,,
28/12/2023 14:45:00,0,,,,,,,,,,,,,,,,,,,
28/12/2023 14:30:00,0,,,,,,,,,,,,,,,,,,,
28/12/2023 14:15:00,0,,,,,,,,,,,,,,,,,,,
28/12/2023 14:00:00,0,,,,,,,,,,,,,,,,,,,
28/12/2023 13:45:00,0,,,,,,,,,,,,,,,,,,,
28/12/2023 13:30:00,0,,,,,,,,,,,,,,,,,,,
28/12/2023 13:15:00,0,,,,,,,,,,,,,,,,,,,
28/12/2023 13:00:00,0,,,,,,,,,,,,,,,,,,,
28/12/2023 12:45:00,0,,,,,,,,,,,,,,,,,,,
28/12/2023 12:30:00,0,,,,,,,,,,,,,,,,,,,
28/12/2023 12:15:00,0,,,,,,,,,,,,,,,,,,,
28/12/2023 12:00:00,0,,,,,,,,,,,,,,,,,,,
28/12/2023 11:45:00,0,,,,,,,,,,,,,,,,,,,
28/12/2023 11:30:00,0,,,,,,,,,,,,,,,,,,,
28/12/2023 11:15:00,0,,,,,,,,,,,,,,,,,,,
28/12/2023 11:00:00,0,,,,,,,,,,,,,,,,,,,
28/12/2023 10:45:00,0,,,,,,,,,,,,,,,,,,,
28/12/2023 10:30:00,0,,,,,,,,,,,,,,,,,,,
28/12/2023 10:15:00,0,,,,,,,,,,,,,,,,,,,
28/12/2023 10:00:00,0,,,,,,,,,,,,,,,,,,,
28/12/2023 09:45:00,0,,,,,,,,,,,,,,,,,,,
28/12/2023 09:30:00,0,,,,,,,,,,,,,,,,,,,
28/12/2023 09:15:00,0,,,,,,,,,,,,,,,,,,,
28/12/2023 09:00:00,0,,,,,,,,,,,,,,,,,,,
28/12/2023 08:45:00,0,,,,,,,,,,,,,,,,,,,
28/12/2023 08:30:00,0,,,,,,,,,,,,,,,,,,,
28/12/2023 08:15:00,0,,,,,,,,,,,,,,,,,,,
28/12/2023 08:00:00,0,,,,,,,,,,,,,,,,,,,
28/12/2023 07:45:00,0,,,,,,,,,,,,,,,,,,,
28/12/2023 07:30:00,0,,,,,,,,,,,,,,,,,,,
28/12/2023 07:15:00,0,,,,,,,,,,,,,,,,,,,
28/12/2023 07:00:00,0,444,,,,,,,,,,,,,,,,,,
28/12/2023 06:45:00,0,,,,,,,,,,,,,,,,,,,
28/12/2023 06:30:00,0,,,,,,,,,,,,,,,,,,,
28/12/2023 06:15:00,0,,,,,,,,,,,,,,,,,,,
28/12/2023 06:00:00,0,,,,,,,,,,,,,,,,,,,
28/12/2023 05:45:00,0,,,,,,,,,,,,,,,,,,,
28/12/2023 05:30:00,0,,,,,,,,,,,,,,,,,,,
28/12/2023 05:15:00,0,,,,,,,,,,,,,,,,,,,
28/12/2023 05:00:00,0,,,,,,,,,,,,,,,,,,,
28/12/2023 04:45:00,0,,,,,,,,,,,,,,,,,,,
28/12/2023 04:30:00,0,,,,,,,,,,,,,,,,,,,
28/12/2023 04:15:00,0,,,,,,,,,,,,,,,,,,,
28/12/2023 04:00:00,0,451,,,,,,,,,,,,,,,,,,
28/12/2023 03:45:00,0,454,,,,,,,,,,,,,,,,,,
28/12/2023 03:30:00,0,453,,,,,,,,,,,,,,,,,,
28/12/2023 03:15:00,0,453,,,,,,,,,,,,,,,,,,
28/12/2023 03:00:00,0,453,,,,,,,,,,,,,,,,,,
28/12/2023 02:45:00,0,451,,,,,,,,,,,,,,,,,,
28/12/2023 02:30:00,0,450,,,,,,,,,,,,,,,,,,
28/12/2023 02:15:00,0,450,,,,,,,,,,,,,,,,,,
28/12/2023 02:00:00,0,451,,,,,,,,,,,,,,,,,,
28/12/2023 01:45:00,0,451,,,,,,,,,,,,,,,,,,
28/12/2023 01:30:00,0,449,,,,,,,,,,,,,,,,,,
28/12/2023 01:15:00,0,450,,,,,,,,,,,,,,,,,,
28/12/2023 01:00:00,0,449,,,,,,,,,,,,,,,,,,
28/12/2023 00:45:00,0,449,,,,,,,,,,,,,,,,,,
28/12/2023 00:30:00,0,450,,,,,,,,,,,,,,,,,,
28/12/2023 00:15:00,0,449,,,,,,,,,,,,,,,,,,
28/12/2023 00:00:00,0,449,,,,,,,,,,,,,,,,,,
27/12/2023 23:45:00,0,448,,,,,,,,,,,,,,,,,,
27/12/2023 23:30:00,0,448,,,,,,,,,,,,,,,,,,
27/12/2023 23:15:00,0,449,,,,,,,,,,,,,,,,,,
27/12/2023 23:00:00,0,448,,,,,,,,,,,,,,,,,,
27/12/2023 22:45:00,0,449,,,,,,,,,,,,,,,,,,
27/12/2023 22:30:00,0,449,,,,,,,,,,,,,,,,,,
27/12/2023 22:15:00,0,449,,,,,,,,,,,,,,,,,,
27/12/2023 22:00:00,0,448,,,,,,,,,,,,,,,,,,
27/12/2023 21:45:00,0,448,,,,,,,,,,,,,,,,,,
27/12/2023 21:30:00,0,450,,,,,,,,,,,,,,,,,,
27/12/2023 21:15:00,0,448,,,,,,,,,,,,,,,,,,
27/12/2023 21:00:00,0,448,,,,,,,,,,,,,,,,,,
27/12/2023 20:45:00,0,449,,,,,,,,,,,,,,,,,,
27/12/2023 20:30:00,0,450,,,,,,,,,,,,,,,,,,
27/12/2023 20:15:00,0,,,,,,,,,,,,,,,,,,,
27/12/2023 20:00:00,0,,,,,,,,,,,,,,,,,,,
27/12/2023 19:45:00,0,,,,,,,,,,,,,,,,,,,
27/12/2023 19:30:00,0,,,,,,,,,,,,,,,,,,,
27/12/2023 19:15:00,0,,,,,,,,,,,,,,,,,,,
27/12/2023 19:00:00,0,,,,,,,,,,,,,,,,,,,
27/12/2023 18:45:00,0,,,,,,,,,,,,,,,,,,,
27/12/2023 18:30:00,0,,,,,,,,,,,,,,,,,,,
27/12/2023 18:15:00,0,,,,,,,,,,,,,,,,,,,
27/12/2023 18:00:00,0,,,,,,,,,,,,,,,,,,,
27/12/2023 17:45:00,0,,,,,,,,,,,,,,,,,,,
27/12/2023 17:30:00,0,,,,,,,,,,,,,,,,,,,
27/12/2023 17:15:00,0,,,,,,,,,,,,,,,,,,,
27/12/2023 17:00:00,0,448,,,,,,,,,,,,,,,,,,
27/12/2023 16:45:00,0,,,,,,,,,,,,,,,,,,,
27/12/2023 16:30:00,0,,,,,,,,,,,,,,,,,,,
27/12/2023 16:15:00,0,,,,,,,,,,,,,,,,,,,
27/12/2023 16:00:00,0,,,,,,,,,,,,,,,,,,,
27/12/2023 15:45:00,0,,,,,,,,,,,,,,,,,,,
27/12/2023 15:30:00,0,,,,,,,,,,,,,,,,,,,
27/12/2023 15:15:00,0,,,,,,,,,,,,,,,,,,,
27/12/2023 15:00:00,0,,,,,,,,,,,,,,,,,,,
27/12/2023 14:45:00,0,,,,,,,,,,,,,,,,,,,
27/12/2023 14:30:00,0,,,,,,,,,,,,,,,,,,,
27/12/2023 14:15:00,0,,,,,,,,,,,,,,,,,,,
27/12/2023 14:00:00,0,,,,,,,,,,,,,,,,,,,
27/12/2023 13:45:00,0,,,,,,,,,,,,,,,,,,,
27/12/2023 13:30:00,0,,,,,,,,,,,,,,,,,,,
27/12/2023 13:15:00,0,,,,,,,,,,,,,,,,,,,
27/12/2023 13:00:00,0,,,,,,,,,,,,,,,,,,,
27/12/2023 12:45:00,0,,,,,,,,,,,,,,,,,,,
27/12/2023 12:30:00,0,,,,,,,,,,,,,,,,,,,
27/12/2023 12:15:00,0,,,,,,,,,,,,,,,,,,,
27/12/2023 12:00:00,0,,,,,,,,,,,,,,,,,,,
27/12/2023 11:45:00,0,,,,,,,,,,,,,,,,,,,
27/12/2023 11:30:00,0,,,,,,,,,,,,,,,,,,,
27/12/2023 11:15:00,0,,,,,,,,,,,,,,,,,,,
27/12/2023 11:00:00,0,,,,,,,,,,,,,,,,,,,
27/12/2023 10:45:00,0,,,,,,,,,,,,,,,,,,,
27/12/2023 10:30:00,0,,,,,,,,,,,,,,,,,,,
27/12/2023 10:15:00,0,,,,,,,,,,,,,,,,,,,
27/12/2023 10:00:00,0,,,,,,,,,,,,,,,,,,,
27/12/2023 09:45:00,0,,,,,,,,,,,,,,,,,,,
27/12/2023 09:30:00,0,,,,,,,,,,,,,,,,,,,
27/12/2023 09:15:00,0,,,,,,,,,,,,,,,,,,,
27/12/2023 09:00:00,0,,,,,,,,,,,,,,,,,,,
27/12/2023 08:45:00,0,,,,,,,,,,,,,,,,,,,
27/12/2023 08:30:00,0,,,,,,,,,,,,,,,,,,,
27/12/2023 08:15:00,0,,,,,,,,,,,,,,,,,,,
27/12/2023 08:00:00,0,,,,,,,,,,,,,,,,,,,
27/12/2023 07:45:00,0,,,,,,,,,,,,,,,,,,,
27/12/2023 07:30:00,0,,,,,,,,,,,,,,,,,,,
27/12/2023 07:15:00,0,,,,,,,,,,,,,,,,,,,
27/12/2023 07:00:00,0,450,,,,,,,,,,,,,,,,,,
27/12/2023 06:45:00,0,,,,,,,,,,,,,,,,,,,
27/12/2023 06:30:00,0,,,,,,,,,,,,,,,,,,,
27/12/2023 06:15:00,0,,,,,,,,,,,,,,,,,,,
27/12/2023 06:00:00,0,,,,,,,,,,,,,,,,,,,
27/12/2023 05:45:00,0,,,,,,,,,,,,,,,,,,,
27/12/2023 05:30:00,0,,,,,,,,,,,,,,,,,,,
27/12/2023 05:15:00,0,,,,,,,,,,,,,,,,,,,
27/12/2023 05:00:00,0,,,,,,,,,,,,,,,,,,,
27/12/2023 04:45:00,0,,,,,,,,,,,,,,,,,,,
27/12/2023 04:30:00,0,,,,,,,,,,,,,,,,,,,
27/12/2023 04:15:00,0,,,,,,,,,,,,,,,,,,,
27/12/2023 04:00:00,0,448,,,,,,,,,,,,,,,,,,
27/12/2023 03:45:00,0,449,,,,,,,,,,,,,,,,,,
27/12/2023 03:30:00,0,448,,,,,,,,,,,,,,,,,,
27/12/2023 03:15:00,0,449,,,,,,,,,,,,,,,,,,
27/12/2023 03:00:00,0,449,,,,,,,,,,,,,,,,,,
27/12/2023 02:45:00,0,449,,,,,,,,,,,,,,,,,,
27/12/2023 02:30:00,0,449,,,,,,,,,,,,,,,,,,
27/12/2023 02:15:00,0,450,,,,,,,,,,,,,,,,,,
27/12/2023 02:00:00,0,450,,,,,,,,,,,,,,,,,,
27/12/2023 01:45:00,0,450,,,,,,,,,,,,,,,,,,
27/12/2023 01:30:00,0,450,,,,,,,,,,,,,,,,,,
27/12/2023 01:15:00,0,450,,,,,,,,,,,,,,,,,,
27/12/2023 01:00:00,0,450,,,,,,,,,,,,,,,,,,
27/12/2023 00:45:00,0,450,,,,,,,,,,,,,,,,,,
27/12/2023 00:30:00,0,451,,,,,,,,,,,,,,,,,,
27/12/2023 00:15:00,0,451,,,,,,,,,,,,,,,,,,
27/12/2023 00:00:00,0,451,,,,,,,,,,,,,,,,,,
26/12/2023 23:45:00,0,451,,,,,,,,,,,,,,,,,,
26/12/2023 23:30:00,0,450,,,,,,,,,,,,,,,,,,
26/12/2023 23:15:00,0,450,,,,,,,,,,,,,,,,,,
26/12/2023 23:00:00,0,452,,,,,,,,,,,,,,,,,,
26/12/2023 22:45:00,0,452,,,,,,,,,,,,,,,,,,
26/12/2023 22:30:00,0,452,,,,,,,,,,,,,,,,,,
26/12/2023 22:15:00,0,452,,,,,,,,,,,,,,,,,,
26/12/2023 22:00:00,0,453,,,,,,,,,,,,,,,,,,
26/12/2023 21:45:00,0,453,,,,,,,,,,,,,,,,,,
26/12/2023 21:30:00,0,453,,,,,,,,,,,,,,,,,,
26/12/2023 21:15:00,0,454,,,,,,,,,,,,,,,,,,
26/12/2023 21:00:00,0,454,,,,,,,,,,,,,,,,,,
26/12/2023 20:45:00,0,453,,,,,,,,,,,,,,,,,,
26/12/2023 20:30:00,0,455,,,,,,,,,,,,,,,,,,
26/12/2023 20:15:00,0,,,,,,,,,,,,,,,,,,,
26/12/2023 20:00:00,0,,,,,,,,,,,,,,,,,,,
26/12/2023 19:45:00,0,,,,,,,,,,,,,,,,,,,
26/12/2023 19:30:00,0,,,,,,,,,,,,,,,,,,,
26/12/2023 19:15:00,0,,,,,,,,,,,,,,,,,,,
26/12/2023 19:00:00,0,,,,,,,,,,,,,,,,,,,
26/12/2023 18:45:00,0,,,,,,,,,,,,,,,,,,,
26/12/2023 18:30:00,0,,,,,,,,,,,,,,,,,,,
26/12/2023 18:15:00,0,,,,,,,,,,,,,,,,,,,
26/12/2023 18:00:00,0,,,,,,,,,,,,,,,,,,,
26/12/2023 17:45:00,0,,,,,,,,,,,,,,,,,,,
26/12/2023 17:30:00,0,,,,,,,,,,,,,,,,,,,
26/12/2023 17:15:00,0,,,,,,,,,,,,,,,,,,,
26/12/2023 17:00:00,0,460,,,,,,,,,,,,,,,,,,
26/12/2023 16:45:00,0,,,,,,,,,,,,,,,,,,,
26/12/2023 16:30:00,0,,,,,,,,,,,,,,,,,,,
26/12/2023 16:15:00,0,,,,,,,,,,,,,,,,,,,
26/12/2023 16:00:00,0,,,,,,,,,,,,,,,,,,,
26/12/2023 15:45:00,0,,,,,,,,,,,,,,,,,,,
26/12/2023 15:30:00,0,,,,,,,,,,,,,,,,,,,
26/12/2023 15:15:00,0,,,,,,,,,,,,,,,,,,,
26/12/2023 15:00:00,0,,,,,,,,,,,,,,,,,,,
26/12/2023 14:45:00,0,,,,,,,,,,,,,,,,,,,
26/12/2023 14:30:00,0,,,,,,,,,,,,,,,,,,,
26/12/2023 14:15:00,0,,,,,,,,,,,,,,,,,,,
26/12/2023 14:00:00,0,,,,,,,,,,,,,,,,,,,
26/12/2023 13:45:00,0,,,,,,,,,,,,,,,,,,,
26/12/2023 13:30:00,0,,,,,,,,,,,,,,,,,,,
26/12/2023 13:15:00,0,,,,,,,,,,,,,,,,,,,
26/12/2023 13:00:00,0,,,,,,,,,,,,,,,,,,,
26/12/2023 12:45:00,0,,,,,,,,,,,,,,,,,,,
26/12/2023 12:30:00,0,,,,,,,,,,,,,,,,,,,
26/12/2023 12:15:00,0,,,,,,,,,,,,,,,,,,,
26/12/2023 12:00:00,0,,,,,,,,,,,,,,,,,,,
26/12/2023 11:45:00,0,,,,,,,,,,,,,,,,,,,
26/12/2023 11:30:00,0,,,,,,,,,,,,,,,,,,,
26/12/2023 11:15:00,0,,,,,,,,,,,,,,,,,,,
26/12/2023 11:00:00,0,,,,,,,,,,,,,,,,,,,
26/12/2023 10:45:00,0,,,,,,,,,,,,,,,,,,,
26/12/2023 10:30:00,0,,,,,,,,,,,,,,,,,,,
26/12/2023 10:15:00,0,,,,,,,,,,,,,,,,,,,
26/12/2023 10:00:00,0,,,,,,,,,,,,,,,,,,,
26/12/2023 09:45:00,0,,,,,,,,,,,,,,,,,,,
26/12/2023 09:30:00,0,,,,,,,,,,,,,,,,,,,
26/12/2023 09:15:00,0,,,,,,,,,,,,,,,,,,,
26/12/2023 09:00:00,0,,,,,,,,,,,,,,,,,,,
26/12/2023 08:45:00,0,,,,,,,,,,,,,,,,,,,
26/12/2023 08:30:00,0,,,,,,,,,,,,,,,,,,,
26/12/2023 08:15:00,0,,,,,,,,,,,,,,,,,,,
26/12/2023 08:00:00,0,,,,,,,,,,,,,,,,,,,
26/12/2023 07:45:00,0,,,,,,,,,,,,,,,,,,,
26/12/2023 07:30:00,0,,,,,,,,,,,,,,,,,,,
26/12/2023 07:15:00,0,,,,,,,,,,,,,,,,,,,
26/12/2023 07:00:00,0,470,,,,,,,,,,,,,,,,,,
26/12/2023 06:45:00,0,,,,,,,,,,,,,,,,,,,
26/12/2023 06:30:00,0,,,,,,,,,,,,,,,,,,,
26/12/2023 06:15:00,0,,,,,,,,,,,,,,,,,,,
26/12/2023 06:00:00,0,,,,,,,,,,,,,,,,,,,
26/12/2023 05:45:00,0,,,,,,,,,,,,,,,,,,,
26/12/2023 05:30:00,0,,,,,,,,,,,,,,,,,,,
26/12/2023 05:15:00,0,,,,,,,,,,,,,,,,,,,
26/12/2023 05:00:00,0,,,,,,,,,,,,,,,,,,,
26/12/2023 04:45:00,0,,,,,,,,,,,,,,,,,,,
26/12/2023 04:30:00,0,,,,,,,,,,,,,,,,,,,
26/12/2023 04:15:00,0,,,,,,,,,,,,,,,,,,,
26/12/2023 04:00:00,0,,,,,,,,,,,,,,,,,,,
26/12/2023 03:45:00,0,,,,,,,,,,,,,,,,,,,
26/12/2023 03:30:00,0,,,,,,,,,,,,,,,,,,,
26/12/2023 03:15:00,0,,,,,,,,,,,,,,,,,,,
26/12/2023 03:00:00,0,,,,,,,,,,,,,,,,,,,
26/12/2023 02:45:00,0,,,,,,,,,,,,,,,,,,,
26/12/2023 02:30:00,0,,,,,,,,,,,,,,,,,,,
26/12/2023 02:15:00,0,,,,,,,,,,,,,,,,,,,
26/12/2023 02:00:00,0,,,,,,,,,,,,,,,,,,,
26/12/2023 01:45:00,0,,,,,,,,,,,,,,,,,,,
26/12/2023 01:30:00,0,,,,,,,,,,,,,,,,,,,
26/12/2023 01:15:00,0,,,,,,,,,,,,,,,,,,,
26/12/2023 01:00:00,0,,,,,,,,,,,,,,,,,,,
26/12/2023 00:45:00,0,487,,,,,,,,,,,,,,,,,,
26/12/2023 00:30:00,0,488,,,,,,,,,,,,,,,,,,
26/12/2023 00:15:00,0,489,,,,,,,,,,,,,,,,,,
26/12/2023 00:00:00,0,489,,,,,,,,,,,,,,,,,,
25/12/2023 23:45:00,0,490,,,,,,,,,,,,,,,,,,
25/12/2023 23:30:00,0,491,,,,,,,,,,,,,,,,,,
25/12/2023 23:15:00,0,491,,,,,,,,,,,,,,,,,,
25/12/2023 23:00:00,0,492,,,,,,,,,,,,,,,,,,
25/12/2023 22:45:00,0,493,,,,,,,,,,,,,,,,,,
25/12/2023 22:30:00,0,493,,,,,,,,,,,,,,,,,,
25/12/2023 22:15:00,0,494,,,,,,,,,,,,,,,,,,
25/12/2023 22:00:00,0,494,,,,,,,,,,,,,,,,,,
25/12/2023 21:45:00,0,495,,,,,,,,,,,,,,,,,,
25/12/2023 21:30:00,0,496,,,,,,,,,,,,,,,,,,
25/12/2023 21:15:00,0,497,,,,,,,,,,,,,,,,,,
25/12/2023 21:00:00,0,497,,,,,,,,,,,,,,,,,,
25/12/2023 20:45:00,0,498,,,,,,,,,,,,,,,,,,
25/12/2023 20:30:00,0,,,,,,,,,,,,,,,,,,,
25/12/2023 20:15:00,0,,,,,,,,,,,,,,,,,,,
25/12/2023 20:00:00,0,,,,,,,,,,,,,,,,,,,
25/12/2023 19:45:00,0,,,,,,,,,,,,,,,,,,,
25/12/2023 19:30:00,0,,,,,,,,,,,,,,,,,,,
25/12/2023 19:15:00,0,,,,,,,,,,,,,,,,,,,
25/12/2023 19:00:00,0,,,,,,,,,,,,,,,,,,,
25/12/2023 18:45:00,0,,,,,,,,,,,,,,,,,,,
25/12/2023 18:30:00,0.2,,,,,,,,,,,,,,,,,,,
25/12/2023 18:15:00,0,,,,,,,,,,,,,,,,,,,
25/12/2023 18:00:00,0.2,,,,,,,,,,,,,,,,,,,
25/12/2023 17:45:00,0,,,,,,,,,,,,,,,,,,,
25/12/2023 17:30:00,0,,,,,,,,,,,,,,,,,,,
25/12/2023 17:15:00,0.4,,,,,,,,,,,,,,,,,,,
25/12/2023 17:00:00,0,500,,,,,,,,,,,,,,,,,,
25/12/2023 16:45:00,0,,,,,,,,,,,,,,,,,,,
25/12/2023 16:30:00,0,,,,,,,,,,,,,,,,,,,
25/12/2023 16:15:00,0,,,,,,,,,,,,,,,,,,,
25/12/2023 16:00:00,0,,,,,,,,,,,,,,,,,,,
25/12/2023 15:45:00,0,,,,,,,,,,,,,,,,,,,
25/12/2023 15:30:00,0.4,,,,,,,,,,,,,,,,,,,
25/12/2023 15:15:00,0,,,,,,,,,,,,,,,,,,,
25/12/2023 15:00:00,0,,,,,,,,,,,,,,,,,,,
25/12/2023 14:45:00,0,,,,,,,,,,,,,,,,,,,
25/12/2023 14:30:00,0,,,,,,,,,,,,,,,,,,,
25/12/2023 14:15:00,0,,,,,,,,,,,,,,,,,,,
25/12/2023 14:00:00,0,,,,,,,,,,,,,,,,,,,
25/12/2023 13:45:00,0,,,,,,,,,,,,,,,,,,,
25/12/2023 13:30:00,0,,,,,,,,,,,,,,,,,,,
25/12/2023 13:15:00,0,,,,,,,,,,,,,,,,,,,
25/12/2023 13:00:00,0,,,,,,,,,,,,,,,,,,,
25/12/2023 12:45:00,0,,,,,,,,,,,,,,,,,,,
25/12/2023 12:30:00,0,,,,,,,,,,,,,,,,,,,
25/12/2023 12:15:00,0,,,,,,,,,,,,,,,,,,,
25/12/2023 12:00:00,0,,,,,,,,,,,,,,,,,,,
25/12/2023 11:45:00,0,,,,,,,,,,,,,,,,,,,
25/12/2023 11:30:00,0,,,,,,,,,,,,,,,,,,,
25/12/2023 11:15:00,0,,,,,,,,,,,,,,,,,,,
25/12/2023 11:00:00,0,,,,,,,,,,,,,,,,,,,
25/12/2023 10:45:00,0,,,,,,,,,,,,,,,,,,,
25/12/2023 10:30:00,0,,,,,,,,,,,,,,,,,,,
25/12/2023 10:15:00,0,,,,,,,,,,,,,,,,,,,
25/12/2023 10:00:00,0,,,,,,,,,,,,,,,,,,,
25/12/2023 09:45:00,0,,,,,,,,,,,,,,,,,,,
25/12/2023 09:30:00,0,,,,,,,,,,,,,,,,,,,
25/12/2023 09:15:00,0,,,,,,,,,,,,,,,,,,,
25/12/2023 09:00:00,0,,,,,,,,,,,,,,,,,,,
25/12/2023 08:45:00,0,,,,,,,,,,,,,,,,,,,
25/12/2023 08:30:00,0,,,,,,,,,,,,,,,,,,,
25/12/2023 08:15:00,0,,,,,,,,,,,,,,,,,,,
25/12/2023 08:00:00,0,,,,,,,,,,,,,,,,,,,
25/12/2023 07:45:00,0,,,,,,,,,,,,,,,,,,,
25/12/2023 07:30:00,0,,,,,,,,,,,,,,,,,,,
25/12/2023 07:15:00,0,,,,,,,,,,,,,,,,,,,
25/12/2023 07:00:00,0,529,,,,,,,,,,,,,,,,,,
25/12/2023 06:45:00,0,,,,,,,,,,,,,,,,,,,
25/12/2023 06:30:00,0,,,,,,,,,,,,,,,,,,,
25/12/2023 06:15:00,0,,,,,,,,,,,,,,,,,,,
25/12/2023 06:00:00,0,,,,,,,,,,,,,,,,,,,
25/12/2023 05:45:00,0,,,,,,,,,,,,,,,,,,,
25/12/2023 05:30:00,0,,,,,,,,,,,,,,,,,,,
25/12/2023 05:15:00,0,,,,,,,,,,,,,,,,,,,
25/12/2023 05:00:00,0,,,,,,,,,,,,,,,,,,,
25/12/2023 04:45:00,0,,,,,,,,,,,,,,,,,,,
25/12/2023 04:30:00,0,,,,,,,,,,,,,,,,,,,
25/12/2023 04:15:00,0,,,,,,,,,,,,,,,,,,,
25/12/2023 04:00:00,0,536.43,,,,,,,,,,,,,,,,,,
25/12/2023 03:45:00,0,537,,,,,,,,,,,,,,,,,,
25/12/2023 03:30:00,0,537,,,,,,,,,,,,,,,,,,
25/12/2023 03:15:00,0,537,,,,,,,,,,,,,,,,,,
25/12/2023 03:00:00,0,538,,,,,,,,,,,,,,,,,,
25/12/2023 02:45:00,0,538,,,,,,,,,,,,,,,,,,
25/12/2023 02:30:00,0,539,,,,,,,,,,,,,,,,,,
25/12/2023 02:15:00,0,540,,,,,,,,,,,,,,,,,,
25/12/2023 02:00:00,0,540,,,,,,,,,,,,,,,,,,
25/12/2023 01:45:00,0,538,,,,,,,,,,,,,,,,,,
25/12/2023 01:30:00,0,538,,,,,,,,,,,,,,,,,,
25/12/2023 01:15:00,0,539,,,,,,,,,,,,,,,,,,
25/12/2023 01:00:00,0,540,,,,,,,,,,,,,,,,,,
25/12/2023 00:45:00,0,540,,,,,,,,,,,,,,,,,,
25/12/2023 00:30:00,0,541,,,,,,,,,,,,,,,,,,
25/12/2023 00:15:00,0,541,,,,,,,,,,,,,,,,,,
25/12/2023 00:00:00,0,541,,,,,,,,,,,,,,,,,,
24/12/2023 23:45:00,0,542,,,,,,,,,,,,,,,,,,
24/12/2023 23:30:00,0,541,,,,,,,,,,,,,,,,,,
24/12/2023 23:15:00,0,541,,,,,,,,,,,,,,,,,,
24/12/2023 23:00:00,0,542,,,,,,,,,,,,,,,,,,
24/12/2023 22:45:00,0,543,,,,,,,,,,,,,,,,,,
24/12/2023 22:30:00,0,544,,,,,,,,,,,,,,,,,,
24/12/2023 22:15:00,0,543,,,,,,,,,,,,,,,,,,
24/12/2023 22:00:00,0,544,,,,,,,,,,,,,,,,,,
24/12/2023 21:45:00,0,543,,,,,,,,,,,,,,,,,,
24/12/2023 21:30:00,0,545,,,,,,,,,,,,,,,,,,
24/12/2023 21:15:00,0,546,,,,,,,,,,,,,,,,,,
24/12/2023 21:00:00,0,545,,,,,,,,,,,,,,,,,,
24/12/2023 20:45:00,0,547,,,,,,,,,,,,,,,,,,
24/12/2023 20:30:00,0,547,,,,,,,,,,,,,,,,,,
24/12/2023 20:15:00,0,,,,,,,,,,,,,,,,,,,
24/12/2023 20:00:00,0,,,,,,,,,,,,,,,,,,,
24/12/2023 19:45:00,0,,,,,,,,,,,,,,,,,,,
24/12/2023 19:30:00,0,,,,,,,,,,,,,,,,,,,
24/12/2023 19:15:00,0,,,,,,,,,,,,,,,,,,,
24/12/2023 19:00:00,0,,,,,,,,,,,,,,,,,,,
24/12/2023 18:45:00,0,,,,,,,,,,,,,,,,,,,
24/12/2023 18:30:00,0,,,,,,,,,,,,,,,,,,,
24/12/2023 18:15:00,0,,,,,,,,,,,,,,,,,,,
24/12/2023 18:00:00,0,,,,,,,,,,,,,,,,,,,
24/12/2023 17:45:00,0,,,,,,,,,,,,,,,,,,,
24/12/2023 17:30:00,0,,,,,,,,,,,,,,,,,,,
24/12/2023 17:15:00,0,,,,,,,,,,,,,,,,,,,
24/12/2023 17:00:00,0,541,,,,,,,,,,,,,,,,,,
24/12/2023 16:45:00,0,,,,,,,,,,,,,,,,,,,
24/12/2023 16:30:00,0,,,,,,,,,,,,,,,,,,,
24/12/2023 16:15:00,0,,,,,,,,,,,,,,,,,,,
24/12/2023 16:00:00,0,,,,,,,,,,,,,,,,,,,
24/12/2023 15:45:00,0,,,,,,,,,,,,,,,,,,,
24/12/2023 15:30:00,0,,,,,,,,,,,,,,,,,,,
24/12/2023 15:15:00,0,,,,,,,,,,,,,,,,,,,
24/12/2023 15:00:00,0,,,,,,,,,,,,,,,,,,,
24/12/2023 14:45:00,0,,,,,,,,,,,,,,,,,,,
24/12/2023 14:30:00,0,,,,,,,,,,,,,,,,,,,
24/12/2023 14:15:00,0,,,,,,,,,,,,,,,,,,,
24/12/2023 14:00:00,0,,,,,,,,,,,,,,,,,,,
24/12/2023 13:45:00,0,,,,,,,,,,,,,,,,,,,
24/12/2023 13:30:00,0,,,,,,,,,,,,,,,,,,,
24/12/2023 13:15:00,0,,,,,,,,,,,,,,,,,,,
24/12/2023 13:00:00,0,,,,,,,,,,,,,,,,,,,
24/12/2023 12:45:00,0,,,,,,,,,,,,,,,,,,,
24/12/2023 12:30:00,0,,,,,,,,,,,,,,,,,,,
24/12/2023 12:15:00,0,,,,,,,,,,,,,,,,,,,
24/12/2023 12:00:00,0,,,,,,,,,,,,,,,,,,,
24/12/2023 11:45:00,0,,,,,,,,,,,,,,,,,,,
24/12/2023 11:30:00,0,,,,,,,,,,,,,,,,,,,
24/12/2023 11:15:00,0,,,,,,,,,,,,,,,,,,,
24/12/2023 11:00:00,0,,,,,,,,,,,,,,,,,,,
24/12/2023 10:45:00,0,,,,,,,,,,,,,,,,,,,
24/12/2023 10:30:00,0,,,,,,,,,,,,,,,,,,,
24/12/2023 10:15:00,0,,,,,,,,,,,,,,,,,,,
24/12/2023 10:00:00,0,,,,,,,,,,,,,,,,,,,
24/12/2023 09:45:00,0,,,,,,,,,,,,,,,,,,,
24/12/2023 09:30:00,0,,,,,,,,,,,,,,,,,,,
24/12/2023 09:15:00,0,,,,,,,,,,,,,,,,,,,
24/12/2023 09:00:00,0,,,,,,,,,,,,,,,,,,,
24/12/2023 08:45:00,0,,,,,,,,,,,,,,,,,,,
24/12/2023 08:30:00,0,,,,,,,,,,,,,,,,,,,
24/12/2023 08:15:00,0,,,,,,,,,,,,,,,,,,,
24/12/2023 08:00:00,0,,,,,,,,,,,,,,,,,,,
24/12/2023 07:45:00,0,,,,,,,,,,,,,,,,,,,
24/12/2023 07:30:00,0,,,,,,,,,,,,,,,,,,,
24/12/2023 07:15:00,0,,,,,,,,,,,,,,,,,,,
24/12/2023 07:00:00,0,559,,,,,,,,,,,,,,,,,,
24/12/2023 06:45:00,0,,,,,,,,,,,,,,,,,,,
24/12/2023 06:30:00,0,,,,,,,,,,,,,,,,,,,
24/12/2023 06:15:00,0,,,,,,,,,,,,,,,,,,,
24/12/2023 06:00:00,0,,,,,,,,,,,,,,,,,,,
24/12/2023 05:45:00,0,,,,,,,,,,,,,,,,,,,
24/12/2023 05:30:00,0,,,,,,,,,,,,,,,,,,,
24/12/2023 05:15:00,0,,,,,,,,,,,,,,,,,,,
24/12/2023 05:00:00,0,,,,,,,,,,,,,,,,,,,
24/12/2023 04:45:00,0,,,,,,,,,,,,,,,,,,,
24/12/2023 04:30:00,0,,,,,,,,,,,,,,,,,,,
24/12/2023 04:15:00,0,,,,,,,,,,,,,,,,,,,
24/12/2023 04:00:00,0,,,,,,,,,,,,,,,,,,,
24/12/2023 03:45:00,0,,,,,,,,,,,,,,,,,,,
24/12/2023 03:30:00,0,,,,,,,,,,,,,,,,,,,
24/12/2023 03:15:00,0,561,,,,,,,,,,,,,,,,,,
24/12/2023 03:00:00,0,561,,,,,,,,,,,,,,,,,,
24/12/2023 02:45:00,0,561,,,,,,,,,,,,,,,,,,
24/12/2023 02:30:00,0,562,,,,,,,,,,,,,,,,,,
24/12/2023 02:15:00,0,561,,,,,,,,,,,,,,,,,,
24/12/2023 02:00:00,0,560,,,,,,,,,,,,,,,,,,
24/12/2023 01:45:00,0,561,,,,,,,,,,,,,,,,,,
24/12/2023 01:30:00,0,562,,,,,,,,,,,,,,,,,,
24/12/2023 01:15:00,0,561,,,,,,,,,,,,,,,,,,
24/12/2023 01:00:00,0,561,,,,,,,,,,,,,,,,,,
24/12/2023 00:45:00,0,562,,,,,,,,,,,,,,,,,,
24/12/2023 00:30:00,0,562,,,,,,,,,,,,,,,,,,
24/12/2023 00:15:00,0,561,,,,,,,,,,,,,,,,,,
24/12/2023 00:00:00,0,561,,,,,,,,,,,,,,,,,,
23/12/2023 23:45:00,0,562,,,,,,,,,,,,,,,,,,
23/12/2023 23:30:00,0,562,,,,,,,,,,,,,,,,,,
23/12/2023 23:15:00,0,562,,,,,,,,,,,,,,,,,,
23/12/2023 23:00:00,0,562,,,,,,,,,,,,,,,,,,
23/12/2023 22:45:00,0,562,,,,,,,,,,,,,,,,,,
23/12/2023 22:30:00,0,561,,,,,,,,,,,,,,,,,,
23/12/2023 22:15:00,0,561,,,,,,,,,,,,,,,,,,
23/12/2023 22:00:00,0,562,,,,,,,,,,,,,,,,,,
23/12/2023 21:45:00,0,562,,,,,,,,,,,,,,,,,,
23/12/2023 21:30:00,0,561,,,,,,,,,,,,,,,,,,
23/12/2023 21:15:00,0.2,561,,,,,,,,,,,,,,,,,,
23/12/2023 21:00:00,0,560,,,,,,,,,,,,,,,,,,
23/12/2023 20:45:00,0.2,559,,,,,,,,,,,,,,,,,,
23/12/2023 20:30:00,0.6,560,,,,,,,,,,,,,,,,,,
23/12/2023 20:15:00,6,,,,,,,,,,,,,,,,,,,
23/12/2023 20:00:00,2.2,,,,,,,,,,,,,,,,,,,
23/12/2023 19:45:00,0,,,,,,,,,,,,,,,,,,,
23/12/2023 19:30:00,0,,,,,,,,,,,,,,,,,,,
23/12/2023 19:15:00,0,,,,,,,,,,,,,,,,,,,
23/12/2023 19:00:00,0,,,,,,,,,,,,,,,,,,,
23/12/2023 18:45:00,0,,,,,,,,,,,,,,,,,,,
23/12/2023 18:30:00,0,,,,,,,,,,,,,,,,,,,
23/12/2023 18:15:00,0,,,,,,,,,,,,,,,,,,,
23/12/2023 18:00:00,0,,,,,,,,,,,,,,,,,,,
23/12/2023 17:45:00,0,,,,,,,,,,,,,,,,,,,
23/12/2023 17:30:00,0,,,,,,,,,,,,,,,,,,,
23/12/2023 17:15:00,0,,,,,,,,,,,,,,,,,,,
23/12/2023 17:00:00,0,557,,,,,,,,,,,,,,,,,,
23/12/2023 16:45:00,0,,,,,,,,,,,,,,,,,,,
23/12/2023 16:30:00,0,,,,,,,,,,,,,,,,,,,
23/12/2023 16:15:00,0,,,,,,,,,,,,,,,,,,,
23/12/2023 16:00:00,0,,,,,,,,,,,,,,,,,,,
23/12/2023 15:45:00,0,,,,,,,,,,,,,,,,,,,
23/12/2023 15:30:00,0,,,,,,,,,,,,,,,,,,,
23/12/2023 15:15:00,0,,,,,,,,,,,,,,,,,,,
23/12/2023 15:00:00,0,,,,,,,,,,,,,,,,,,,
23/12/2023 14:45:00,0,,,,,,,,,,,,,,,,,,,
23/12/2023 14:30:00,0,,,,,,,,,,,,,,,,,,,
23/12/2023 14:15:00,0,,,,,,,,,,,,,,,,,,,
23/12/2023 14:00:00,0,,,,,,,,,,,,,,,,,,,
23/12/2023 13:45:00,0,,,,,,,,,,,,,,,,,,,
23/12/2023 13:30:00,0,,,,,,,,,,,,,,,,,,,
23/12/2023 13:15:00,0,,,,,,,,,,,,,,,,,,,
23/12/2023 13:00:00,0,,,,,,,,,,,,,,,,,,,
23/12/2023 12:45:00,0,,,,,,,,,,,,,,,,,,,
23/12/2023 12:30:00,0,,,,,,,,,,,,,,,,,,,
23/12/2023 12:15:00,0,,,,,,,,,,,,,,,,,,,
23/12/2023 12:00:00,0,,,,,,,,,,,,,,,,,,,
23/12/2023 11:45:00,0,,,,,,,,,,,,,,,,,,,
23/12/2023 11:30:00,0,,,,,,,,,,,,,,,,,,,
23/12/2023 11:15:00,0,,,,,,,,,,,,,,,,,,,
23/12/2023 11:00:00,0,,,,,,,,,,,,,,,,,,,
23/12/2023 10:45:00,0,,,,,,,,,,,,,,,,,,,
23/12/2023 10:30:00,0,,,,,,,,,,,,,,,,,,,
23/12/2023 10:15:00,0,,,,,,,,,,,,,,,,,,,
23/12/2023 10:00:00,0,,,,,,,,,,,,,,,,,,,
23/12/2023 09:45:00,0,,,,,,,,,,,,,,,,,,,
23/12/2023 09:30:00,0,,,,,,,,,,,,,,,,,,,
23/12/2023 09:15:00,0,,,,,,,,,,,,,,,,,,,
23/12/2023 09:00:00,0,,,,,,,,,,,,,,,,,,,
23/12/2023 08:45:00,0,,,,,,,,,,,,,,,,,,,
23/12/2023 08:30:00,0,,,,,,,,,,,,,,,,,,,
23/12/2023 08:15:00,0,,,,,,,,,,,,,,,,,,,
23/12/2023 08:00:00,0,,,,,,,,,,,,,,,,,,,
23/12/2023 07:45:00,0,,,,,,,,,,,,,,,,,,,
23/12/2023 07:30:00,0,,,,,,,,,,,,,,,,,,,
23/12/2023 07:15:00,0,,,,,,,,,,,,,,,,,,,
23/12/2023 07:00:00,0,556,,,,,,,,,,,,,,,,,,
23/12/2023 06:45:00,0,,,,,,,,,,,,,,,,,,,
23/12/2023 06:30:00,0,,,,,,,,,,,,,,,,,,,
23/12/2023 06:15:00,0,,,,,,,,,,,,,,,,,,,
23/12/2023 06:00:00,0,,,,,,,,,,,,,,,,,,,
23/12/2023 05:45:00,0,,,,,,,,,,,,,,,,,,,
23/12/2023 05:30:00,0,,,,,,,,,,,,,,,,,,,
23/12/2023 05:15:00,0,,,,,,,,,,,,,,,,,,,
23/12/2023 05:00:00,0,,,,,,,,,,,,,,,,,,,
23/12/2023 04:45:00,0,,,,,,,,,,,,,,,,,,,
23/12/2023 04:30:00,0,,,,,,,,,,,,,,,,,,,
23/12/2023 04:15:00,0,,,,,,,,,,,,,,,,,,,
23/12/2023 04:00:00,0,,,,,,,,,,,,,,,,,,,
23/12/2023 03:45:00,0,,,,,,,,,,,,,,,,,,,
23/12/2023 03:30:00,0,,,,,,,,,,,,,,,,,,,
23/12/2023 03:15:00,0,,,,,,,,,,,,,,,,,,,
23/12/2023 03:00:00,0,,,,,,,,,,,,,,,,,,,
23/12/2023 02:45:00,0,,,,,,,,,,,,,,,,,,,
23/12/2023 02:30:00,0,,,,,,,,,,,,,,,,,,,
23/12/2023 02:15:00,0,,,,,,,,,,,,,,,,,,,
23/12/2023 02:00:00,0,,,,,,,,,,,,,,,,,,,
23/12/2023 01:45:00,0,,,,,,,,,,,,,,,,,,,
23/12/2023 01:30:00,0,,,,,,,,,,,,,,,,,,,
23/12/2023 01:15:00,0,,,,,,,,,,,,,,,,,,,
23/12/2023 01:00:00,0,,,,,,,,,,,,,,,,,,,
23/12/2023 00:45:00,0,,,,,,,,,,,,,,,,,,,
23/12/2023 00:30:00,0,,,,,,,,,,,,,,,,,,,
23/12/2023 00:15:00,0,548,,,,,,,,,,,,,,,,,,
23/12/2023 00:00:00,0,548,,,,,,,,,,,,,,,,,,
22/12/2023 23:45:00,0,548,,,,,,,,,,,,,,,,,,
22/12/2023 23:30:00,0,548,,,,,,,,,,,,,,,,,,
22/12/2023 23:15:00,0,546,,,,,,,,,,,,,,,,,,
22/12/2023 23:00:00,0,546,,,,,,,,,,,,,,,,,,
22/12/2023 22:45:00,0,545,,,,,,,,,,,,,,,,,,
22/12/2023 22:30:00,0.2,545,,,,,,,,,,,,,,,,,,
22/12/2023 22:15:00,0.2,544,,,,,,,,,,,,,,,,,,
22/12/2023 22:00:00,0,542,,,,,,,,,,,,,,,,,,
22/12/2023 21:45:00,0.2,544,,,,,,,,,,,,,,,,,,
22/12/2023 21:30:00,0.8,542,,,,,,,,,,,,,,,,,,
22/12/2023 21:15:00,2.8,542,,,,,,,,,,,,,,,,,,
22/12/2023 21:00:00,8.4,542,,,,,,,,,,,,,,,,,,
22/12/2023 20:45:00,7.8,543,,,,,,,,,,,,,,,,,,
22/12/2023 20:30:00,20.4,539,,,,,,,,,,,,,,,,,,
22/12/2023 20:15:00,3.6,539,,,,,,,,,,,,,,,,,,
22/12/2023 20:00:00,0.6,540,,,,,,,,,,,,,,,,,,
22/12/2023 19:45:00,0.2,539,,,,,,,,,,,,,,,,,,
22/12/2023 19:30:00,0.2,541,,,,,,,,,,,,,,,,,,
22/12/2023 19:15:00,0.6,541,,,,,,,,,,,,,,,,,,
22/12/2023 19:00:00,3,542,,,,,,,,,,,,,,,,,,
22/12/2023 18:45:00,0,542,,,,,,,,,,,,,,,,,,
22/12/2023 18:30:00,0,542,,,,,,,,,,,,,,,,,,
22/12/2023 18:15:00,0,,,,,,,,,,,,,,,,,,,
22/12/2023 18:00:00,0,,,,,,,,,,,,,,,,,,,
22/12/2023 17:45:00,0,,,,,,,,,,,,,,,,,,,
22/12/2023 17:30:00,0,,,,,,,,,,,,,,,,,,,
22/12/2023 17:15:00,0,,,,,,,,,,,,,,,,,,,
22/12/2023 17:00:00,0,560,,,,,,,,,,,,,,,,,,
22/12/2023 16:45:00,0,,,,,,,,,,,,,,,,,,,
22/12/2023 16:30:00,0,,,,,,,,,,,,,,,,,,,
22/12/2023 16:15:00,0,,,,,,,,,,,,,,,,,,,
22/12/2023 16:00:00,0,,,,,,,,,,,,,,,,,,,
22/12/2023 15:45:00,0,,,,,,,,,,,,,,,,,,,
22/12/2023 15:30:00,0,,,,,,,,,,,,,,,,,,,
22/12/2023 15:15:00,0,,,,,,,,,,,,,,,,,,,
22/12/2023 15:00:00,0,,,,,,,,,,,,,,,,,,,
22/12/2023 14:45:00,0,,,,,,,,,,,,,,,,,,,
22/12/2023 14:30:00,0,,,,,,,,,,,,,,,,,,,
22/12/2023 14:15:00,0,,,,,,,,,,,,,,,,,,,
22/12/2023 14:00:00,0,,,,,,,,,,,,,,,,,,,
22/12/2023 13:45:00,0,,,,,,,,,,,,,,,,,,,
22/12/2023 13:30:00,0,,,,,,,,,,,,,,,,,,,
22/12/2023 13:15:00,0,,,,,,,,,,,,,,,,,,,
22/12/2023 13:00:00,0,,,,,,,,,,,,,,,,,,,
22/12/2023 12:45:00,0,,,,,,,,,,,,,,,,,,,
22/12/2023 12:30:00,0,,,,,,,,,,,,,,,,,,,
22/12/2023 12:15:00,0,,,,,,,,,,,,,,,,,,,
22/12/2023 12:00:00,0,,,,,,,,,,,,,,,,,,,
22/12/2023 11:45:00,0,,,,,,,,,,,,,,,,,,,
22/12/2023 11:30:00,0,,,,,,,,,,,,,,,,,,,
22/12/2023 11:15:00,0,,,,,,,,,,,,,,,,,,,
22/12/2023 11:00:00,0,,,,,,,,,,,,,,,,,,,
22/12/2023 10:45:00,0,,,,,,,,,,,,,,,,,,,
22/12/2023 10:30:00,0,,,,,,,,,,,,,,,,,,,
22/12/2023 10:15:00,0,,,,,,,,,,,,,,,,,,,
22/12/2023 10:00:00,0,,,,,,,,,,,,,,,,,,,
22/12/2023 09:45:00,0,,,,,,,,,,,,,,,,,,,
22/12/2023 09:30:00,0,,,,,,,,,,,,,,,,,,,
22/12/2023 09:15:00,0,,,,,,,,,,,,,,,,,,,
22/12/2023 09:00:00,0,,,,,,,,,,,,,,,,,,,
22/12/2023 08:45:00,0,,,,,,,,,,,,,,,,,,,
22/12/2023 08:30:00,0,,,,,,,,,,,,,,,,,,,
22/12/2023 08:15:00,0,,,,,,,,,,,,,,,,,,,
22/12/2023 08:00:00,0,,,,,,,,,,,,,,,,,,,
22/12/2023 07:45:00,0,,,,,,,,,,,,,,,,,,,
22/12/2023 07:30:00,0,,,,,,,,,,,,,,,,,,,
22/12/2023 07:15:00,0,,,,,,,,,,,,,,,,,,,
22/12/2023 07:00:00,0,560,,,,,,,,,,,,,,,,,,
22/12/2023 06:45:00,0,,,,,,,,,,,,,,,,,,,
22/12/2023 06:30:00,0,,,,,,,,,,,,,,,,,,,
22/12/2023 06:15:00,0,,,,,,,,,,,,,,,,,,,
22/12/2023 06:00:00,0,,,,,,,,,,,,,,,,,,,
22/12/2023 05:45:00,0,,,,,,,,,,,,,,,,,,,
22/12/2023 05:30:00,0,,,,,,,,,,,,,,,,,,,
22/12/2023 05:15:00,0,,,,,,,,,,,,,,,,,,,
22/12/2023 05:00:00,0,,,,,,,,,,,,,,,,,,,
22/12/2023 04:45:00,0,,,,,,,,,,,,,,,,,,,
22/12/2023 04:30:00,0,,,,,,,,,,,,,,,,,,,
22/12/2023 04:15:00,0,,,,,,,,,,,,,,,,,,,
22/12/2023 04:00:00,0,,,,,,,,,,,,,,,,,,,
22/12/2023 03:45:00,0,,,,,,,,,,,,,,,,,,,
22/12/2023 03:30:00,0,,,,,,,,,,,,,,,,,,,
22/12/2023 03:15:00,0,,,,,,,,,,,,,,,,,,,
22/12/2023 03:00:00,0,,,,,,,,,,,,,,,,,,,
22/12/2023 02:45:00,0,,,,,,,,,,,,,,,,,,,
22/12/2023 02:30:00,0,566,,,,,,,,,,,,,,,,,,
22/12/2023 02:15:00,0,566,,,,,,,,,,,,,,,,,,
22/12/2023 02:00:00,0,566,,,,,,,,,,,,,,,,,,
22/12/2023 01:45:00,0,567,,,,,,,,,,,,,,,,,,
22/12/2023 01:30:00,0,567,,,,,,,,,,,,,,,,,,
22/12/2023 01:15:00,0,568,,,,,,,,,,,,,,,,,,
22/12/2023 01:00:00,0,568,,,,,,,,,,,,,,,,,,
22/12/2023 00:45:00,0,568,,,,,,,,,,,,,,,,,,
22/12/2023 00:30:00,0,567,,,,,,,,,,,,,,,,,,
22/12/2023 00:15:00,0,567,,,,,,,,,,,,,,,,,,
22/12/2023 00:00:00,0,570,,,,,,,,,,,,,,,,,,
21/12/2023 23:45:00,0,570,,,,,,,,,,,,,,,,,,
21/12/2023 23:30:00,0,570,,,,,,,,,,,,,,,,,,
21/12/2023 23:15:00,0,570,,,,,,,,,,,,,,,,,,
21/12/2023 23:00:00,0,568,,,,,,,,,,,,,,,,,,
21/12/2023 22:45:00,0,568,,,,,,,,,,,,,,,,,,
21/12/2023 22:30:00,0,569,,,,,,,,,,,,,,,,,,
21/12/2023 22:15:00,0,569,,,,,,,,,,,,,,,,,,
21/12/2023 22:00:00,0,569,,,,,,,,,,,,,,,,,,
21/12/2023 21:45:00,0,573,,,,,,,,,,,,,,,,,,
21/12/2023 21:30:00,0,573,,,,,,,,,,,,,,,,,,
21/12/2023 21:15:00,0,573,,,,,,,,,,,,,,,,,,
21/12/2023 21:00:00,0,574,,,,,,,,,,,,,,,,,,
21/12/2023 20:45:00,0,573,,,,,,,,,,,,,,,,,,
21/12/2023 20:30:00,0,574,,,,,,,,,,,,,,,,,,
21/12/2023 20:15:00,0,,,,,,,,,,,,,,,,,,,
21/12/2023 20:00:00,0,,,,,,,,,,,,,,,,,,,
21/12/2023 19:45:00,0,,,,,,,,,,,,,,,,,,,
21/12/2023 19:30:00,0,,,,,,,,,,,,,,,,,,,
21/12/2023 19:15:00,0,,,,,,,,,,,,,,,,,,,
21/12/2023 19:00:00,0,,,,,,,,,,,,,,,,,,,
21/12/2023 18:45:00,0,,,,,,,,,,,,,,,,,,,
21/12/2023 18:30:00,0,,,,,,,,,,,,,,,,,,,
21/12/2023 18:15:00,0,,,,,,,,,,,,,,,,,,,
21/12/2023 18:00:00,0,,,,,,,,,,,,,,,,,,,
21/12/2023 17:45:00,0,,,,,,,,,,,,,,,,,,,
21/12/2023 17:30:00,0,,,,,,,,,,,,,,,,,,,
21/12/2023 17:15:00,0,,,,,,,,,,,,,,,,,,,
21/12/2023 17:00:00,0,578,,,,,,,,,,,,,,,,,,
21/12/2023 16:45:00,0,,,,,,,,,,,,,,,,,,,
21/12/2023 16:30:00,0,,,,,,,,,,,,,,,,,,,
21/12/2023 16:15:00,0,,,,,,,,,,,,,,,,,,,
21/12/2023 16:00:00,0,,,,,,,,,,,,,,,,,,,
21/12/2023 15:45:00,0,,,,,,,,,,,,,,,,,,,
21/12/2023 15:30:00,0,,,,,,,,,,,,,,,,,,,
21/12/2023 15:15:00,0,,,,,,,,,,,,,,,,,,,
21/12/2023 15:00:00,0,,,,,,,,,,,,,,,,,,,
21/12/2023 14:45:00,0,,,,,,,,,,,,,,,,,,,
21/12/2023 14:30:00,0,,,,,,,,,,,,,,,,,,,
21/12/2023 14:15:00,0,,,,,,,,,,,,,,,,,,,
21/12/2023 14:00:00,0,,,,,,,,,,,,,,,,,,,
21/12/2023 13:45:00,0,,,,,,,,,,,,,,,,,,,
21/12/2023 13:30:00,0,,,,,,,,,,,,,,,,,,,
21/12/2023 13:15:00,0,,,,,,,,,,,,,,,,,,,
21/12/2023 13:00:00,0,,,,,,,,,,,,,,,,,,,
21/12/2023 12:45:00,0,,,,,,,,,,,,,,,,,,,
21/12/2023 12:30:00,0,,,,,,,,,,,,,,,,,,,
21/12/2023 12:15:00,0,,,,,,,,,,,,,,,,,,,
21/12/2023 12:00:00,0,,,,,,,,,,,,,,,,,,,
21/12/2023 11:45:00,0,,,,,,,,,,,,,,,,,,,
21/12/2023 11:30:00,0,,,,,,,,,,,,,,,,,,,
21/12/2023 11:15:00,0,,,,,,,,,,,,,,,,,,,
21/12/2023 11:00:00,0,,,,,,,,,,,,,,,,,,,
21/12/2023 10:45:00,0,,,,,,,,,,,,,,,,,,,
21/12/2023 10:30:00,0,,,,,,,,,,,,,,,,,,,
21/12/2023 10:15:00,0,,,,,,,,,,,,,,,,,,,
21/12/2023 10:00:00,0,,,,,,,,,,,,,,,,,,,
21/12/2023 09:45:00,0,,,,,,,,,,,,,,,,,,,
21/12/2023 09:30:00,0,,,,,,,,,,,,,,,,,,,
21/12/2023 09:15:00,0,,,,,,,,,,,,,,,,,,,
21/12/2023 09:00:00,0,,,,,,,,,,,,,,,,,,,
21/12/2023 08:45:00,0,,,,,,,,,,,,,,,,,,,
21/12/2023 08:30:00,0,,,,,,,,,,,,,,,,,,,
21/12/2023 08:15:00,0,,,,,,,,,,,,,,,,,,,
21/12/2023 08:00:00,0,,,,,,,,,,,,,,,,,,,
21/12/2023 07:45:00,0,,,,,,,,,,,,,,,,,,,
21/12/2023 07:30:00,0,,,,,,,,,,,,,,,,,,,
21/12/2023 07:15:00,0,,,,,,,,,,,,,,,,,,,
21/12/2023 07:00:00,0,588,,,,,,,,,,,,,,,,,,
21/12/2023 06:45:00,0,,,,,,,,,,,,,,,,,,,
21/12/2023 06:30:00,0,,,,,,,,,,,,,,,,,,,
21/12/2023 06:15:00,0,,,,,,,,,,,,,,,,,,,
21/12/2023 06:00:00,0,,,,,,,,,,,,,,,,,,,
21/12/2023 05:45:00,0,,,,,,,,,,,,,,,,,,,
21/12/2023 05:30:00,0,,,,,,,,,,,,,,,,,,,
21/12/2023 05:15:00,0,,,,,,,,,,,,,,,,,,,
21/12/2023 05:00:00,0,,,,,,,,,,,,,,,,,,,
21/12/2023 04:45:00,0,,,,,,,,,,,,,,,,,,,
21/12/2023 04:30:00,0,,,,,,,,,,,,,,,,,,,
21/12/2023 04:15:00,0,,,,,,,,,,,,,,,,,,,
21/12/2023 04:00:00,0,,,,,,,,,,,,,,,,,,,
21/12/2023 03:45:00,0,,,,,,,,,,,,,,,,,,,
21/12/2023 03:30:00,0,,,,,,,,,,,,,,,,,,,
21/12/2023 03:15:00,0,,,,,,,,,,,,,,,,,,,
21/12/2023 03:00:00,0,,,,,,,,,,,,,,,,,,,
21/12/2023 02:45:00,0,,,,,,,,,,,,,,,,,,,
21/12/2023 02:30:00,0,,,,,,,,,,,,,,,,,,,
21/12/2023 02:15:00,0,,,,,,,,,,,,,,,,,,,
21/12/2023 02:00:00,0,,,,,,,,,,,,,,,,,,,
21/12/2023 01:45:00,0,,,,,,,,,,,,,,,,,,,
21/12/2023 01:30:00,0,,,,,,,,,,,,,,,,,,,
21/12/2023 01:15:00,0,,,,,,,,,,,,,,,,,,,
21/12/2023 01:00:00,0,,,,,,,,,,,,,,,,,,,
21/12/2023 00:45:00,0,,,,,,,,,,,,,,,,,,,
21/12/2023 00:30:00,0,,,,,,,,,,,,,,,,,,,
21/12/2023 00:15:00,0,,,,,,,,,,,,,,,,,,,
21/12/2023 00:00:00,0,,,,,,,,,,,,,,,,,,,
20/12/2023 23:45:00,0,,,,,,,,,,,,,,,,,,,
20/12/2023 23:30:00,0,,,,,,,,,,,,,,,,,,,
20/12/2023 23:15:00,0,,,,,,,,,,,,,,,,,,,
20/12/2023 23:00:00,0,,,,,,,,,,,,,,,,,,,
20/12/2023 22:45:00,0,,,,,,,,,,,,,,,,,,,
20/12/2023 22:30:00,0,,,,,,,,,,,,,,,,,,,
20/12/2023 22:15:00,0,,,,,,,,,,,,,,,,,,,
20/12/2023 22:00:00,0,,,,,,,,,,,,,,,,,,,
20/12/2023 21:45:00,0,,,,,,,,,,,,,,,,,,,
20/12/2023 21:30:00,0,,,,,,,,,,,,,,,,,,,
20/12/2023 21:15:00,0,,,,,,,,,,,,,,,,,,,
20/12/2023 21:00:00,0,589,,,,,,,,,,,,,,,,,,
20/12/2023 20:45:00,0,590,,,,,,,,,,,,,,,,,,
20/12/2023 20:30:00,0,590,,,,,,,,,,,,,,,,,,
20/12/2023 20:15:00,0,590,,,,,,,,,,,,,,,,,,
20/12/2023 20:00:00,0,,,,,,,,,,,,,,,,,,,
20/12/2023 19:45:00,0,,,,,,,,,,,,,,,,,,,
20/12/2023 19:30:00,0,,,,,,,,,,,,,,,,,,,
20/12/2023 19:15:00,0,,,,,,,,,,,,,,,,,,,
20/12/2023 19:00:00,0,,,,,,,,,,,,,,,,,,,
20/12/2023 18:45:00,0,,,,,,,,,,,,,,,,,,,
20/12/2023 18:30:00,0,,,,,,,,,,,,,,,,,,,
20/12/2023 18:15:00,0,,,,,,,,,,,,,,,,,,,
20/12/2023 18:00:00,0,,,,,,,,,,,,,,,,,,,
20/12/2023 17:45:00,0,,,,,,,,,,,,,,,,,,,
20/12/2023 17:30:00,0,,,,,,,,,,,,,,,,,,,
20/12/2023 17:15:00,0,,,,,,,,,,,,,,,,,,,
20/12/2023 17:00:00,0,588,,,,,,,,,,,,,,,,,,
20/12/2023 16:45:00,0,,,,,,,,,,,,,,,,,,,
20/12/2023 16:30:00,0,,,,,,,,,,,,,,,,,,,
20/12/2023 16:15:00,0,,,,,,,,,,,,,,,,,,,
20/12/2023 16:00:00,0,,,,,,,,,,,,,,,,,,,
20/12/2023 15:45:00,0,,,,,,,,,,,,,,,,,,,
20/12/2023 15:30:00,0,,,,,,,,,,,,,,,,,,,
20/12/2023 15:15:00,0,,,,,,,,,,,,,,,,,,,
20/12/2023 15:00:00,0,,,,,,,,,,,,,,,,,,,
20/12/2023 14:45:00,0,,,,,,,,,,,,,,,,,,,
20/12/2023 14:30:00,0,,,,,,,,,,,,,,,,,,,
20/12/2023 14:15:00,0,,,,,,,,,,,,,,,,,,,
20/12/2023 14:00:00,0,,,,,,,,,,,,,,,,,,,
20/12/2023 13:45:00,0,,,,,,,,,,,,,,,,,,,
20/12/2023 13:30:00,0,,,,,,,,,,,,,,,,,,,
20/12/2023 13:15:00,0,,,,,,,,,,,,,,,,,,,
20/12/2023 13:00:00,0,,,,,,,,,,,,,,,,,,,
20/12/2023 12:45:00,0,,,,,,,,,,,,,,,,,,,
20/12/2023 12:30:00,0,,,,,,,,,,,,,,,,,,,
20/12/2023 12:15:00,0,,,,,,,,,,,,,,,,,,,
20/12/2023 12:00:00,0,,,,,,,,,,,,,,,,,,,
20/12/2023 11:45:00,0,,,,,,,,,,,,,,,,,,,
20/12/2023 11:30:00,0,,,,,,,,,,,,,,,,,,,
20/12/2023 11:15:00,0,,,,,,,,,,,,,,,,,,,
20/12/2023 11:00:00,0,,,,,,,,,,,,,,,,,,,
20/12/2023 10:45:00,0,,,,,,,,,,,,,,,,,,,
20/12/2023 10:30:00,0,,,,,,,,,,,,,,,,,,,
20/12/2023 10:15:00,0,,,,,,,,,,,,,,,,,,,
20/12/2023 10:00:00,0,,,,,,,,,,,,,,,,,,,
20/12/2023 09:45:00,0,,,,,,,,,,,,,,,,,,,
20/12/2023 09:30:00,0,,,,,,,,,,,,,,,,,,,
20/12/2023 09:15:00,0,,,,,,,,,,,,,,,,,,,
20/12/2023 09:00:00,0,,,,,,,,,,,,,,,,,,,
20/12/2023 08:45:00,0,,,,,,,,,,,,,,,,,,,
20/12/2023 08:30:00,0,,,,,,,,,,,,,,,,,,,
20/12/2023 08:15:00,0,,,,,,,,,,,,,,,,,,,
20/12/2023 08:00:00,0,,,,,,,,,,,,,,,,,,,
20/12/2023 07:45:00,0,,,,,,,,,,,,,,,,,,,
20/12/2023 07:30:00,0,,,,,,,,,,,,,,,,,,,
20/12/2023 07:15:00,0,,,,,,,,,,,,,,,,,,,
20/12/2023 07:00:00,0,588,,,,,,,,,,,,,,,,,,
20/12/2023 06:45:00,0,,,,,,,,,,,,,,,,,,,
20/12/2023 06:30:00,0,,,,,,,,,,,,,,,,,,,
20/12/2023 06:15:00,0,,,,,,,,,,,,,,,,,,,
20/12/2023 06:00:00,0,,,,,,,,,,,,,,,,,,,
20/12/2023 05:45:00,0,,,,,,,,,,,,,,,,,,,
20/12/2023 05:30:00,0,,,,,,,,,,,,,,,,,,,
20/12/2023 05:15:00,0,,,,,,,,,,,,,,,,,,,
20/12/2023 05:00:00,0,,,,,,,,,,,,,,,,,,,
20/12/2023 04:45:00,0,,,,,,,,,,,,,,,,,,,
20/12/2023 04:30:00,0,,,,,,,,,,,,,,,,,,,
20/12/2023 04:15:00,0,,,,,,,,,,,,,,,,,,,
20/12/2023 04:00:00,0,,,,,,,,,,,,,,,,,,,
20/12/2023 03:45:00,0,,,,,,,,,,,,,,,,,,,
20/12/2023 03:30:00,0,,,,,,,,,,,,,,,,,,,
20/12/2023 03:15:00,0,,,,,,,,,,,,,,,,,,,
20/12/2023 03:00:00,0,,,,,,,,,,,,,,,,,,,
20/12/2023 02:45:00,0,,,,,,,,,,,,,,,,,,,
20/12/2023 02:30:00,0,,,,,,,,,,,,,,,,,,,
20/12/2023 02:15:00,0,,,,,,,,,,,,,,,,,,,
20/12/2023 02:00:00,0,,,,,,,,,,,,,,,,,,,
20/12/2023 01:45:00,0,,,,,,,,,,,,,,,,,,,
20/12/2023 01:30:00,0,,,,,,,,,,,,,,,,,,,
20/12/2023 01:15:00,0,,,,,,,,,,,,,,,,,,,
20/12/2023 01:00:00,0,,,,,,,,,,,,,,,,,,,
20/12/2023 00:45:00,0,,,,,,,,,,,,,,,,,,,
20/12/2023 00:30:00,0,,,,,,,,,,,,,,,,,,,
20/12/2023 00:15:00,0,,,,,,,,,,,,,,,,,,,
20/12/2023 00:00:00,0,,,,,,,,,,,,,,,,,,,
19/12/2023 23:45:00,0,,,,,,,,,,,,,,,,,,,
19/12/2023 23:30:00,0,,,,,,,,,,,,,,,,,,,
19/12/2023 23:15:00,0,,,,,,,,,,,,,,,,,,,
19/12/2023 23:00:00,0,,,,,,,,,,,,,,,,,,,
19/12/2023 22:45:00,0,,,,,,,,,,,,,,,,,,,
19/12/2023 22:30:00,0,,,,,,,,,,,,,,,,,,,
19/12/2023 22:15:00,0,576,,,,,,,,,,,,,,,,,,
19/12/2023 22:00:00,0,576,,,,,,,,,,,,,,,,,,
19/12/2023 21:45:00,0,574,,,,,,,,,,,,,,,,,,
19/12/2023 21:30:00,0,575,,,,,,,,,,,,,,,,,,
19/12/2023 21:15:00,0,574,,,,,,,,,,,,,,,,,,
19/12/2023 21:00:00,0,574,,,,,,,,,,,,,,,,,,
19/12/2023 20:45:00,0,574,,,,,,,,,,,,,,,,,,
19/12/2023 20:30:00,0,573,,,,,,,,,,,,,,,,,,
19/12/2023 20:15:00,0,,,,,,,,,,,,,,,,,,,
19/12/2023 20:00:00,0,,,,,,,,,,,,,,,,,,,
19/12/2023 19:45:00,0,,,,,,,,,,,,,,,,,,,
19/12/2023 19:30:00,0,,,,,,,,,,,,,,,,,,,
19/12/2023 19:15:00,0,,,,,,,,,,,,,,,,,,,
19/12/2023 19:00:00,0,,,,,,,,,,,,,,,,,,,
19/12/2023 18:45:00,0,,,,,,,,,,,,,,,,,,,
19/12/2023 18:30:00,0,,,,,,,,,,,,,,,,,,,
19/12/2023 18:15:00,0,,,,,,,,,,,,,,,,,,,
19/12/2023 18:00:00,0,,,,,,,,,,,,,,,,,,,
19/12/2023 17:45:00,0,,,,,,,,,,,,,,,,,,,
19/12/2023 17:30:00,0,,,,,,,,,,,,,,,,,,,
19/12/2023 17:15:00,0,,,,,,,,,,,,,,,,,,,
19/12/2023 17:00:00,0,568,,,,,,,,,,,,,,,,,,
19/12/2023 16:45:00,0,,,,,,,,,,,,,,,,,,,
19/12/2023 16:30:00,0,,,,,,,,,,,,,,,,,,,
19/12/2023 16:15:00,0,,,,,,,,,,,,,,,,,,,
19/12/2023 16:00:00,0,,,,,,,,,,,,,,,,,,,
19/12/2023 15:45:00,0,,,,,,,,,,,,,,,,,,,
19/12/2023 15:30:00,0,,,,,,,,,,,,,,,,,,,
19/12/2023 15:15:00,0,,,,,,,,,,,,,,,,,,,
19/12/2023 15:00:00,0,,,,,,,,,,,,,,,,,,,
19/12/2023 14:45:00,0,,,,,,,,,,,,,,,,,,,
19/12/2023 14:30:00,0,,,,,,,,,,,,,,,,,,,
19/12/2023 14:15:00,0,,,,,,,,,,,,,,,,,,,
19/12/2023 14:00:00,0,,,,,,,,,,,,,,,,,,,
19/12/2023 13:45:00,0,,,,,,,,,,,,,,,,,,,
19/12/2023 13:30:00,0,,,,,,,,,,,,,,,,,,,
19/12/2023 13:15:00,0,,,,,,,,,,,,,,,,,,,
19/12/2023 13:00:00,0,,,,,,,,,,,,,,,,,,,
19/12/2023 12:45:00,0,,,,,,,,,,,,,,,,,,,
19/12/2023 12:30:00,0,,,,,,,,,,,,,,,,,,,
19/12/2023 12:15:00,0,,,,,,,,,,,,,,,,,,,
19/12/2023 12:00:00,0,,,,,,,,,,,,,,,,,,,
19/12/2023 11:45:00,0,,,,,,,,,,,,,,,,,,,
19/12/2023 11:30:00,0,,,,,,,,,,,,,,,,,,,
19/12/2023 11:15:00,0,,,,,,,,,,,,,,,,,,,
19/12/2023 11:00:00,0,,,,,,,,,,,,,,,,,,,
19/12/2023 10:45:00,0,,,,,,,,,,,,,,,,,,,
19/12/2023 10:30:00,0,,,,,,,,,,,,,,,,,,,
19/12/2023 10:15:00,0,,,,,,,,,,,,,,,,,,,
19/12/2023 10:00:00,0,,,,,,,,,,,,,,,,,,,
19/12/2023 09:45:00,0,,,,,,,,,,,,,,,,,,,
19/12/2023 09:30:00,0,,,,,,,,,,,,,,,,,,,
19/12/2023 09:15:00,0,,,,,,,,,,,,,,,,,,,
19/12/2023 09:00:00,0,,,,,,,,,,,,,,,,,,,
19/12/2023 08:45:00,0,,,,,,,,,,,,,,,,,,,
19/12/2023 08:30:00,0,,,,,,,,,,,,,,,,,,,
19/12/2023 08:15:00,0,,,,,,,,,,,,,,,,,,,
19/12/2023 08:00:00,0,,,,,,,,,,,,,,,,,,,
19/12/2023 07:45:00,0,,,,,,,,,,,,,,,,,,,
19/12/2023 07:30:00,0,,,,,,,,,,,,,,,,,,,
19/12/2023 07:15:00,0,,,,,,,,,,,,,,,,,,,
19/12/2023 07:00:00,0,546,,,,,,,,,,,,,,,,,,
19/12/2023 06:45:00,0,,,,,,,,,,,,,,,,,,,
19/12/2023 06:30:00,0,,,,,,,,,,,,,,,,,,,
19/12/2023 06:15:00,0,,,,,,,,,,,,,,,,,,,
19/12/2023 06:00:00,0,,,,,,,,,,,,,,,,,,,
19/12/2023 05:45:00,0,,,,,,,,,,,,,,,,,,,
19/12/2023 05:30:00,0,,,,,,,,,,,,,,,,,,,
19/12/2023 05:15:00,0,,,,,,,,,,,,,,,,,,,
19/12/2023 05:00:00,0,,,,,,,,,,,,,,,,,,,
19/12/2023 04:45:00,0,,,,,,,,,,,,,,,,,,,
19/12/2023 04:30:00,0.2,,,,,,,,,,,,,,,,,,,
19/12/2023 04:15:00,0,,,,,,,,,,,,,,,,,,,
19/12/2023 04:00:00,0,,,,,,,,,,,,,,,,,,,
19/12/2023 03:45:00,0,,,,,,,,,,,,,,,,,,,
19/12/2023 03:30:00,0,,,,,,,,,,,,,,,,,,,
19/12/2023 03:15:00,0,,,,,,,,,,,,,,,,,,,
19/12/2023 03:00:00,0,,,,,,,,,,,,,,,,,,,
19/12/2023 02:45:00,0,,,,,,,,,,,,,,,,,,,
19/12/2023 02:30:00,0,,,,,,,,,,,,,,,,,,,
19/12/2023 02:15:00,0,,,,,,,,,,,,,,,,,,,
19/12/2023 02:00:00,0,,,,,,,,,,,,,,,,,,,
19/12/2023 01:45:00,0,,,,,,,,,,,,,,,,,,,
19/12/2023 01:30:00,0,,,,,,,,,,,,,,,,,,,
19/12/2023 01:15:00,0,,,,,,,,,,,,,,,,,,,
19/12/2023 01:00:00,0,,,,,,,,,,,,,,,,,,,
19/12/2023 00:45:00,0,,,,,,,,,,,,,,,,,,,
19/12/2023 00:30:00,0,,,,,,,,,,,,,,,,,,,
19/12/2023 00:15:00,0,517,,,,,,,,,,,,,,,,,,
19/12/2023 00:00:00,0,515,,,,,,,,,,,,,,,,,,
18/12/2023 23:45:00,0,514,,,,,,,,,,,,,,,,,,
18/12/2023 23:30:00,0.2,513,,,,,,,,,,,,,,,,,,
18/12/2023 23:15:00,0.2,512,,,,,,,,,,,,,,,,,,
18/12/2023 23:00:00,0,510,,,,,,,,,,,,,,,,,,
18/12/2023 22:45:00,0,509,,,,,,,,,,,,,,,,,,
18/12/2023 22:30:00,0,506,,,,,,,,,,,,,,,,,,
18/12/2023 22:15:00,0,504,,,,,,,,,,,,,,,,,,
18/12/2023 22:00:00,0,504,,,,,,,,,,,,,,,,,,
18/12/2023 21:45:00,0.2,503,,,,,,,,,,,,,,,,,,
18/12/2023 21:30:00,0.4,502,,,,,,,,,,,,,,,,,,
18/12/2023 21:15:00,1.2,501,,,,,,,,,,,,,,,,,,
18/12/2023 21:00:00,1.2,496,,,,,,,,,,,,,,,,,,
18/12/2023 20:45:00,0.2,495,,,,,,,,,,,,,,,,,,
18/12/2023 20:30:00,3,494,,,,,,,,,,,,,,,,,,
18/12/2023 20:15:00,1.6,494,,,,,,,,,,,,,,,,,,
18/12/2023 20:00:00,6.4,495,,,,,,,,,,,,,,,,,,
18/12/2023 19:45:00,5.8,493,,,,,,,,,,,,,,,,,,
18/12/2023 19:30:00,0,497,,,,,,,,,,,,,,,,,,
18/12/2023 19:15:00,0,,,,,,,,,,,,,,,,,,,
18/12/2023 19:00:00,0,,,,,,,,,,,,,,,,,,,
18/12/2023 18:45:00,0,,,,,,,,,,,,,,,,,,,
18/12/2023 18:30:00,0,,,,,,,,,,,,,,,,,,,
18/12/2023 18:15:00,0,,,,,,,,,,,,,,,,,,,
18/12/2023 18:00:00,0,,,,,,,,,,,,,,,,,,,
18/12/2023 17:45:00,0,,,,,,,,,,,,,,,,,,,
18/12/2023 17:30:00,0,,,,,,,,,,,,,,,,,,,
18/12/2023 17:15:00,0,,,,,,,,,,,,,,,,,,,
18/12/2023 17:00:00,0,498,,,,,,,,,,,,,,,,,,
18/12/2023 16:45:00,0,,,,,,,,,,,,,,,,,,,
18/12/2023 16:30:00,0,,,,,,,,,,,,,,,,,,,
18/12/2023 16:15:00,0,,,,,,,,,,,,,,,,,,,
18/12/2023 16:00:00,0,,,,,,,,,,,,,,,,,,,
18/12/2023 15:45:00,0,,,,,,,,,,,,,,,,,,,
18/12/2023 15:30:00,0,,,,,,,,,,,,,,,,,,,
18/12/2023 15:15:00,0,,,,,,,,,,,,,,,,,,,
18/12/2023 15:00:00,0,,,,,,,,,,,,,,,,,,,
18/12/2023 14:45:00,0,,,,,,,,,,,,,,,,,,,
18/12/2023 14:30:00,0,,,,,,,,,,,,,,,,,,,
18/12/2023 14:15:00,0,,,,,,,,,,,,,,,,,,,
18/12/2023 14:00:00,0,,,,,,,,,,,,,,,,,,,
18/12/2023 13:45:00,0,,,,,,,,,,,,,,,,,,,
18/12/2023 13:30:00,0,,,,,,,,,,,,,,,,,,,
18/12/2023 13:15:00,0,,,,,,,,,,,,,,,,,,,
18/12/2023 13:00:00,0,,,,,,,,,,,,,,,,,,,
18/12/2023 12:45:00,0,,,,,,,,,,,,,,,,,,,
18/12/2023 12:30:00,0,,,,,,,,,,,,,,,,,,,
18/12/2023 12:15:00,0,,,,,,,,,,,,,,,,,,,
18/12/2023 12:00:00,0,,,,,,,,,,,,,,,,,,,
18/12/2023 11:45:00,0,,,,,,,,,,,,,,,,,,,
18/12/2023 11:30:00,0,,,,,,,,,,,,,,,,,,,
18/12/2023 11:15:00,0,,,,,,,,,,,,,,,,,,,
18/12/2023 11:00:00,0,,,,,,,,,,,,,,,,,,,
18/12/2023 10:45:00,0,,,,,,,,,,,,,,,,,,,
18/12/2023 10:30:00,0,,,,,,,,,,,,,,,,,,,
18/12/2023 10:15:00,0,,,,,,,,,,,,,,,,,,,
18/12/2023 10:00:00,0,,,,,,,,,,,,,,,,,,,
18/12/2023 09:45:00,0,,,,,,,,,,,,,,,,,,,
18/12/2023 09:30:00,0,,,,,,,,,,,,,,,,,,,
18/12/2023 09:15:00,0,,,,,,,,,,,,,,,,,,,
18/12/2023 09:00:00,0,,,,,,,,,,,,,,,,,,,
18/12/2023 08:45:00,0,,,,,,,,,,,,,,,,,,,
18/12/2023 08:30:00,0,,,,,,,,,,,,,,,,,,,
18/12/2023 08:15:00,0,,,,,,,,,,,,,,,,,,,
18/12/2023 08:00:00,0,,,,,,,,,,,,,,,,,,,
18/12/2023 07:45:00,0,,,,,,,,,,,,,,,,,,,
18/12/2023 07:30:00,0,,,,,,,,,,,,,,,,,,,
18/12/2023 07:15:00,0,,,,,,,,,,,,,,,,,,,
18/12/2023 07:00:00,0,494,,,,,,,,,,,,,,,,,,
18/12/2023 06:45:00,0,,,,,,,,,,,,,,,,,,,
18/12/2023 06:30:00,0,,,,,,,,,,,,,,,,,,,
18/12/2023 06:15:00,0,,,,,,,,,,,,,,,,,,,
18/12/2023 06:00:00,0,,,,,,,,,,,,,,,,,,,
18/12/2023 05:45:00,0,,,,,,,,,,,,,,,,,,,
18/12/2023 05:30:00,0,,,,,,,,,,,,,,,,,,,
18/12/2023 05:15:00,0,,,,,,,,,,,,,,,,,,,
18/12/2023 05:00:00,0,,,,,,,,,,,,,,,,,,,
18/12/2023 04:45:00,0,,,,,,,,,,,,,,,,,,,
18/12/2023 04:30:00,0,,,,,,,,,,,,,,,,,,,
18/12/2023 04:15:00,0,,,,,,,,,,,,,,,,,,,
18/12/2023 04:00:00,0,,,,,,,,,,,,,,,,,,,
18/12/2023 03:45:00,0,,,,,,,,,,,,,,,,,,,
18/12/2023 03:30:00,0,,,,,,,,,,,,,,,,,,,
18/12/2023 03:15:00,0,495,,,,,,,,,,,,,,,,,,
18/12/2023 03:00:00,0,495,,,,,,,,,,,,,,,,,,
18/12/2023 02:45:00,0,495,,,,,,,,,,,,,,,,,,
18/12/2023 02:30:00,0,495,,,,,,,,,,,,,,,,,,
18/12/2023 02:15:00,0,495,,,,,,,,,,,,,,,,,,
18/12/2023 02:00:00,0,495,,,,,,,,,,,,,,,,,,
18/12/2023 01:45:00,0,494,,,,,,,,,,,,,,,,,,
18/12/2023 01:30:00,0,494,,,,,,,,,,,,,,,,,,
18/12/2023 01:15:00,0,494,,,,,,,,,,,,,,,,,,
18/12/2023 01:00:00,0,493,,,,,,,,,,,,,,,,,,
18/12/2023 00:45:00,0,494,,,,,,,,,,,,,,,,,,
18/12/2023 00:30:00,0,494,,,,,,,,,,,,,,,,,,
18/12/2023 00:15:00,0,494,,,,,,,,,,,,,,,,,,
18/12/2023 00:00:00,0,493,,,,,,,,,,,,,,,,,,
17/12/2023 23:45:00,0,493,,,,,,,,,,,,,,,,,,
17/12/2023 23:30:00,0,493,,,,,,,,,,,,,,,,,,
17/12/2023 23:15:00,0,492,,,,,,,,,,,,,,,,,,
17/12/2023 23:00:00,0,493,,,,,,,,,,,,,,,,,,
17/12/2023 22:45:00,0,493,,,,,,,,,,,,,,,,,,
17/12/2023 22:30:00,0,493,,,,,,,,,,,,,,,,,,
17/12/2023 22:15:00,0,493,,,,,,,,,,,,,,,,,,
17/12/2023 22:00:00,0,493,,,,,,,,,,,,,,,,,,
17/12/2023 21:45:00,0,493,,,,,,,,,,,,,,,,,,
17/12/2023 21:30:00,0,493,,,,,,,,,,,,,,,,,,
17/12/2023 21:15:00,0,492,,,,,,,,,,,,,,,,,,
17/12/2023 21:00:00,0,491,,,,,,,,,,,,,,,,,,
17/12/2023 20:45:00,0,492,,,,,,,,,,,,,,,,,,
17/12/2023 20:30:00,0,491,,,,,,,,,,,,,,,,,,
17/12/2023 20:15:00,0,,,,,,,,,,,,,,,,,,,
17/12/2023 20:00:00,0,,,,,,,,,,,,,,,,,,,
17/12/2023 19:45:00,0,,,,,,,,,,,,,,,,,,,
17/12/2023 19:30:00,0,,,,,,,,,,,,,,,,,,,
17/12/2023 19:15:00,0,,,,,,,,,,,,,,,,,,,
17/12/2023 19:00:00,0,,,,,,,,,,,,,,,,,,,
17/12/2023 18:45:00,0,,,,,,,,,,,,,,,,,,,
17/12/2023 18:30:00,0,,,,,,,,,,,,,,,,,,,
17/12/2023 18:15:00,0,,,,,,,,,,,,,,,,,,,
17/12/2023 18:00:00,0,,,,,,,,,,,,,,,,,,,
17/12/2023 17:45:00,0,,,,,,,,,,,,,,,,,,,
17/12/2023 17:30:00,0,,,,,,,,,,,,,,,,,,,
17/12/2023 17:15:00,0,,,,,,,,,,,,,,,,,,,
17/12/2023 17:00:00,0,485,,,,,,,,,,,,,,,,,,
17/12/2023 16:45:00,0,,,,,,,,,,,,,,,,,,,
17/12/2023 16:30:00,0,,,,,,,,,,,,,,,,,,,
17/12/2023 16:15:00,0,,,,,,,,,,,,,,,,,,,
17/12/2023 16:00:00,0,,,,,,,,,,,,,,,,,,,
17/12/2023 15:45:00,0,,,,,,,,,,,,,,,,,,,
17/12/2023 15:30:00,0,,,,,,,,,,,,,,,,,,,
17/12/2023 15:15:00,0,,,,,,,,,,,,,,,,,,,
17/12/2023 15:00:00,0,,,,,,,,,,,,,,,,,,,
17/12/2023 14:45:00,0,,,,,,,,,,,,,,,,,,,
17/12/2023 14:30:00,0,,,,,,,,,,,,,,,,,,,
17/12/2023 14:15:00,0,,,,,,,,,,,,,,,,,,,
17/12/2023 14:00:00,0,,,,,,,,,,,,,,,,,,,
17/12/2023 13:45:00,0,,,,,,,,,,,,,,,,,,,
17/12/2023 13:30:00,0,,,,,,,,,,,,,,,,,,,
17/12/2023 13:15:00,0,,,,,,,,,,,,,,,,,,,
17/12/2023 13:00:00,0,,,,,,,,,,,,,,,,,,,
17/12/2023 12:45:00,0,,,,,,,,,,,,,,,,,,,
17/12/2023 12:30:00,0,,,,,,,,,,,,,,,,,,,
17/12/2023 12:15:00,0,,,,,,,,,,,,,,,,,,,
17/12/2023 12:00:00,0,,,,,,,,,,,,,,,,,,,
17/12/2023 11:45:00,0,,,,,,,,,,,,,,,,,,,
17/12/2023 11:30:00,0,,,,,,,,,,,,,,,,,,,
17/12/2023 11:15:00,0,,,,,,,,,,,,,,,,,,,
17/12/2023 11:00:00,0,,,,,,,,,,,,,,,,,,,
17/12/2023 10:45:00,0,,,,,,,,,,,,,,,,,,,
17/12/2023 10:30:00,0,,,,,,,,,,,,,,,,,,,
17/12/2023 10:15:00,0,,,,,,,,,,,,,,,,,,,
17/12/2023 10:00:00,0,,,,,,,,,,,,,,,,,,,
17/12/2023 09:45:00,0,,,,,,,,,,,,,,,,,,,
17/12/2023 09:30:00,0,,,,,,,,,,,,,,,,,,,
17/12/2023 09:15:00,0,,,,,,,,,,,,,,,,,,,
17/12/2023 09:00:00,0,,,,,,,,,,,,,,,,,,,
17/12/2023 08:45:00,0,,,,,,,,,,,,,,,,,,,
17/12/2023 08:30:00,0,,,,,,,,,,,,,,,,,,,
17/12/2023 08:15:00,0,,,,,,,,,,,,,,,,,,,
17/12/2023 08:00:00,0,,,,,,,,,,,,,,,,,,,
17/12/2023 07:45:00,0,,,,,,,,,,,,,,,,,,,
17/12/2023 07:30:00,0,,,,,,,,,,,,,,,,,,,
17/12/2023 07:15:00,0,,,,,,,,,,,,,,,,,,,
17/12/2023 07:00:00,0,481,,,,,,,,,,,,,,,,,,
17/12/2023 06:45:00,0,,,,,,,,,,,,,,,,,,,
17/12/2023 06:30:00,0,,,,,,,,,,,,,,,,,,,
17/12/2023 06:15:00,0,,,,,,,,,,,,,,,,,,,
17/12/2023 06:00:00,0,,,,,,,,,,,,,,,,,,,
17/12/2023 05:45:00,0,,,,,,,,,,,,,,,,,,,
17/12/2023 05:30:00,0,,,,,,,,,,,,,,,,,,,
17/12/2023 05:15:00,0,,,,,,,,,,,,,,,,,,,
17/12/2023 05:00:00,0,,,,,,,,,,,,,,,,,,,
17/12/2023 04:45:00,0,,,,,,,,,,,,,,,,,,,
17/12/2023 04:30:00,0,,,,,,,,,,,,,,,,,,,
17/12/2023 04:15:00,0,,,,,,,,,,,,,,,,,,,
17/12/2023 04:00:00,0,,,,,,,,,,,,,,,,,,,
17/12/2023 03:45:00,0,,,,,,,,,,,,,,,,,,,
17/12/2023 03:30:00,0,,,,,,,,,,,,,,,,,,,
17/12/2023 03:15:00,0,,,,,,,,,,,,,,,,,,,
17/12/2023 03:00:00,0,480,,,,,,,,,,,,,,,,,,
17/12/2023 02:45:00,0,480,,,,,,,,,,,,,,,,,,
17/12/2023 02:30:00,0,480,,,,,,,,,,,,,,,,,,
17/12/2023 02:15:00,0,479,,,,,,,,,,,,,,,,,,
17/12/2023 02:00:00,0,478,,,,,,,,,,,,,,,,,,
17/12/2023 01:45:00,0,477,,,,,,,,,,,,,,,,,,
17/12/2023 01:30:00,0,475,,,,,,,,,,,,,,,,,,
17/12/2023 01:15:00,0,476,,,,,,,,,,,,,,,,,,
17/12/2023 01:00:00,0,476,,,,,,,,,,,,,,,,,,
17/12/2023 00:45:00,0,476,,,,,,,,,,,,,,,,,,
17/12/2023 00:30:00,0,475,,,,,,,,,,,,,,,,,,
17/12/2023 00:15:00,0,476,,,,,,,,,,,,,,,,,,
17/12/2023 00:00:00,0,476,,,,,,,,,,,,,,,,,,
16/12/2023 23:45:00,0,474,,,,,,,,,,,,,,,,,,
16/12/2023 23:30:00,0,476,,,,,,,,,,,,,,,,,,
16/12/2023 23:15:00,0,477,,,,,,,,,,,,,,,,,,
16/12/2023 23:00:00,0,476,,,,,,,,,,,,,,,,,,
16/12/2023 22:45:00,0,476,,,,,,,,,,,,,,,,,,
16/12/2023 22:30:00,0,476,,,,,,,,,,,,,,,,,,
16/12/2023 22:15:00,0,476,,,,,,,,,,,,,,,,,,
16/12/2023 22:00:00,0,476,,,,,,,,,,,,,,,,,,
16/12/2023 21:45:00,0,475,,,,,,,,,,,,,,,,,,
16/12/2023 21:30:00,0,476,,,,,,,,,,,,,,,,,,
16/12/2023 21:15:00,0,476,,,,,,,,,,,,,,,,,,
16/12/2023 21:00:00,0,475,,,,,,,,,,,,,,,,,,
16/12/2023 20:45:00,0,475,,,,,,,,,,,,,,,,,,
16/12/2023 20:30:00,0,475,,,,,,,,,,,,,,,,,,
16/12/2023 20:15:00,0,,,,,,,,,,,,,,,,,,,
16/12/2023 20:00:00,0,,,,,,,,,,,,,,,,,,,
16/12/2023 19:45:00,0,,,,,,,,,,,,,,,,,,,
16/12/2023 19:30:00,0,,,,,,,,,,,,,,,,,,,
16/12/2023 19:15:00,0,,,,,,,,,,,,,,,,,,,
16/12/2023 19:00:00,0,,,,,,,,,,,,,,,,,,,
16/12/2023 18:45:00,0,,,,,,,,,,,,,,,,,,,
16/12/2023 18:30:00,0,,,,,,,,,,,,,,,,,,,
16/12/2023 18:15:00,0,,,,,,,,,,,,,,,,,,,
16/12/2023 18:00:00,0,,,,,,,,,,,,,,,,,,,
16/12/2023 17:45:00,0,,,,,,,,,,,,,,,,,,,
16/12/2023 17:30:00,0,,,,,,,,,,,,,,,,,,,
16/12/2023 17:15:00,0,,,,,,,,,,,,,,,,,,,
16/12/2023 17:00:00,0,460,,,,,,,,,,,,,,,,,,
16/12/2023 16:45:00,0,,,,,,,,,,,,,,,,,,,
16/12/2023 16:30:00,0,,,,,,,,,,,,,,,,,,,
16/12/2023 16:15:00,0,,,,,,,,,,,,,,,,,,,
16/12/2023 16:00:00,0,,,,,,,,,,,,,,,,,,,
16/12/2023 15:45:00,0,,,,,,,,,,,,,,,,,,,
16/12/2023 15:30:00,0,,,,,,,,,,,,,,,,,,,
16/12/2023 15:15:00,0,,,,,,,,,,,,,,,,,,,
16/12/2023 15:00:00,0,,,,,,,,,,,,,,,,,,,
16/12/2023 14:45:00,0,,,,,,,,,,,,,,,,,,,
16/12/2023 14:30:00,0,,,,,,,,,,,,,,,,,,,
16/12/2023 14:15:00,0,,,,,,,,,,,,,,,,,,,
16/12/2023 14:00:00,0,,,,,,,,,,,,,,,,,,,
16/12/2023 13:45:00,0,,,,,,,,,,,,,,,,,,,
16/12/2023 13:30:00,0,,,,,,,,,,,,,,,,,,,
16/12/2023 13:15:00,0,,,,,,,,,,,,,,,,,,,
16/12/2023 13:00:00,0,,,,,,,,,,,,,,,,,,,
16/12/2023 12:45:00,0,,,,,,,,,,,,,,,,,,,
16/12/2023 12:30:00,0,,,,,,,,,,,,,,,,,,,
16/12/2023 12:15:00,0,,,,,,,,,,,,,,,,,,,
16/12/2023 12:00:00,0,,,,,,,,,,,,,,,,,,,
16/12/2023 11:45:00,0,,,,,,,,,,,,,,,,,,,
16/12/2023 11:30:00,0,,,,,,,,,,,,,,,,,,,
16/12/2023 11:15:00,0.2,,,,,,,,,,,,,,,,,,,
16/12/2023 11:00:00,0,,,,,,,,,,,,,,,,,,,
16/12/2023 10:45:00,0,,,,,,,,,,,,,,,,,,,
16/12/2023 10:30:00,0,,,,,,,,,,,,,,,,,,,
16/12/2023 10:15:00,0,,,,,,,,,,,,,,,,,,,
16/12/2023 10:00:00,0,,,,,,,,,,,,,,,,,,,
16/12/2023 09:45:00,0,,,,,,,,,,,,,,,,,,,
16/12/2023 09:30:00,0,,,,,,,,,,,,,,,,,,,
16/12/2023 09:15:00,0,,,,,,,,,,,,,,,,,,,
16/12/2023 09:00:00,0,,,,,,,,,,,,,,,,,,,
16/12/2023 08:45:00,0,,,,,,,,,,,,,,,,,,,
16/12/2023 08:30:00,0,,,,,,,,,,,,,,,,,,,
16/12/2023 08:15:00,0,,,,,,,,,,,,,,,,,,,
16/12/2023 08:00:00,0,,,,,,,,,,,,,,,,,,,
16/12/2023 07:45:00,0,,,,,,,,,,,,,,,,,,,
16/12/2023 07:30:00,0,,,,,,,,,,,,,,,,,,,
16/12/2023 07:15:00,0,,,,,,,,,,,,,,,,,,,
16/12/2023 07:00:00,0,452,,,,,,,,,,,,,,,,,,
16/12/2023 06:45:00,0,,,,,,,,,,,,,,,,,,,
16/12/2023 06:30:00,0,,,,,,,,,,,,,,,,,,,
16/12/2023 06:15:00,0,,,,,,,,,,,,,,,,,,,
16/12/2023 06:00:00,0,,,,,,,,,,,,,,,,,,,
16/12/2023 05:45:00,0,,,,,,,,,,,,,,,,,,,
16/12/2023 05:30:00,0,,,,,,,,,,,,,,,,,,,
16/12/2023 05:15:00,0,,,,,,,,,,,,,,,,,,,
16/12/2023 05:00:00,0,,,,,,,,,,,,,,,,,,,
16/12/2023 04:45:00,0,,,,,,,,,,,,,,,,,,,
16/12/2023 04:30:00,0,,,,,,,,,,,,,,,,,,,
16/12/2023 04:15:00,0,,,,,,,,,,,,,,,,,,,
16/12/2023 04:00:00,0,,,,,,,,,,,,,,,,,,,
16/12/2023 03:45:00,0,,,,,,,,,,,,,,,,,,,
16/12/2023 03:30:00,0,,,,,,,,,,,,,,,,,,,
16/12/2023 03:15:00,0,,,,,,,,,,,,,,,,,,,
16/12/2023 03:00:00,0,,,,,,,,,,,,,,,,,,,
16/12/2023 02:45:00,0,,,,,,,,,,,,,,,,,,,
16/12/2023 02:30:00,0,,,,,,,,,,,,,,,,,,,
16/12/2023 02:15:00,0,,,,,,,,,,,,,,,,,,,
16/12/2023 02:00:00,0,,,,,,,,,,,,,,,,,,,
16/12/2023 01:45:00,0,,,,,,,,,,,,,,,,,,,
16/12/2023 01:30:00,0,,,,,,,,,,,,,,,,,,,
16/12/2023 01:15:00,0,,,,,,,,,,,,,,,,,,,
16/12/2023 01:00:00,0,,,,,,,,,,,,,,,,,,,
16/12/2023 00:45:00,0,,,,,,,,,,,,,,,,,,,
16/12/2023 00:30:00,0,,,,,,,,,,,,,,,,,,,
16/12/2023 00:15:00,0,,,,,,,,,,,,,,,,,,,
16/12/2023 00:00:00,0,,,,,,,,,,,,,,,,,,,
15/12/2023 23:45:00,0,,,,,,,,,,,,,,,,,,,
15/12/2023 23:30:00,0,,,,,,,,,,,,,,,,,,,
15/12/2023 23:15:00,0,,,,,,,,,,,,,,,,,,,
15/12/2023 23:00:00,0,,,,,,,,,,,,,,,,,,,
15/12/2023 22:45:00,0,,,,,,,,,,,,,,,,,,,
15/12/2023 22:30:00,0,,,,,,,,,,,,,,,,,,,
15/12/2023 22:15:00,0,,,,,,,,,,,,,,,,,,,
15/12/2023 22:00:00,0,,,,,,,,,,,,,,,,,,,
15/12/2023 21:45:00,0,,,,,,,,,,,,,,,,,,,
15/12/2023 21:30:00,0.2,,,,,,,,,,,,,,,,,,,
15/12/2023 21:15:00,0,,,,,,,,,,,,,,,,,,,
15/12/2023 21:00:00,0,466,,,,,,,,,,,,,,,,,,
15/12/2023 20:45:00,0,468,,,,,,,,,,,,,,,,,,
15/12/2023 20:30:00,0,466,,,,,,,,,,,,,,,,,,
15/12/2023 20:15:00,0,468,,,,,,,,,,,,,,,,,,
15/12/2023 20:00:00,0,468,,,,,,,,,,,,,,,,,,
15/12/2023 19:45:00,0,469,,,,,,,,,,,,,,,,,,
15/12/2023 19:30:00,0.4,469,,,,,,,,,,,,,,,,,,
15/12/2023 19:15:00,0.2,469,,,,,,,,,,,,,,,,,,
15/12/2023 19:00:00,0,468,,,,,,,,,,,,,,,,,,
15/12/2023 18:45:00,0.8,469,,,,,,,,,,,,,,,,,,
15/12/2023 18:30:00,0.2,470,,,,,,,,,,,,,,,,,,
15/12/2023 18:15:00,1.6,471,,,,,,,,,,,,,,,,,,
15/12/2023 18:00:00,2.6,471,,,,,,,,,,,,,,,,,,
15/12/2023 17:45:00,5.4,470,,,,,,,,,,,,,,,,,,
15/12/2023 17:30:00,17.2,469,,,,,,,,,,,,,,,,,,
15/12/2023 17:15:00,11.4,467,,,,,,,,,,,,,,,,,,
15/12/2023 17:00:00,0,470,,,,,,,,,,,,,,,,,,
15/12/2023 16:45:00,0,,,,,,,,,,,,,,,,,,,
15/12/2023 16:30:00,0,,,,,,,,,,,,,,,,,,,
15/12/2023 16:15:00,0,,,,,,,,,,,,,,,,,,,
15/12/2023 16:00:00,0,,,,,,,,,,,,,,,,,,,
15/12/2023 15:45:00,0,,,,,,,,,,,,,,,,,,,
15/12/2023 15:30:00,0,,,,,,,,,,,,,,,,,,,
15/12/2023 15:15:00,0,,,,,,,,,,,,,,,,,,,
15/12/2023 15:00:00,0,,,,,,,,,,,,,,,,,,,
15/12/2023 14:45:00,0,,,,,,,,,,,,,,,,,,,
15/12/2023 14:30:00,0,,,,,,,,,,,,,,,,,,,
15/12/2023 14:15:00,0,,,,,,,,,,,,,,,,,,,
15/12/2023 14:00:00,0,,,,,,,,,,,,,,,,,,,
15/12/2023 13:45:00,0,,,,,,,,,,,,,,,,,,,
15/12/2023 13:30:00,0,,,,,,,,,,,,,,,,,,,
15/12/2023 13:15:00,0.2,,,,,,,,,,,,,,,,,,,
15/12/2023 13:00:00,0,,,,,,,,,,,,,,,,,,,
15/12/2023 12:45:00,0,,,,,,,,,,,,,,,,,,,
15/12/2023 12:30:00,0,,,,,,,,,,,,,,,,,,,
15/12/2023 12:15:00,0,,,,,,,,,,,,,,,,,,,
15/12/2023 12:00:00,0,,,,,,,,,,,,,,,,,,,
15/12/2023 11:45:00,0,,,,,,,,,,,,,,,,,,,
15/12/2023 11:30:00,0,,,,,,,,,,,,,,,,,,,
15/12/2023 11:15:00,0,,,,,,,,,,,,,,,,,,,
15/12/2023 11:00:00,0,,,,,,,,,,,,,,,,,,,
15/12/2023 10:45:00,0,,,,,,,,,,,,,,,,,,,
15/12/2023 10:30:00,0,,,,,,,,,,,,,,,,,,,
15/12/2023 10:15:00,0,,,,,,,,,,,,,,,,,,,
15/12/2023 10:00:00,0.2,,,,,,,,,,,,,,,,,,,
15/12/2023 09:45:00,0,,,,,,,,,,,,,,,,,,,
15/12/2023 09:30:00,0,,,,,,,,,,,,,,,,,,,
15/12/2023 09:15:00,0,,,,,,,,,,,,,,,,,,,
15/12/2023 09:00:00,0,,,,,,,,,,,,,,,,,,,
15/12/2023 08:45:00,0,,,,,,,,,,,,,,,,,,,
15/12/2023 08:30:00,0,,,,,,,,,,,,,,,,,,,
15/12/2023 08:15:00,0,,,,,,,,,,,,,,,,,,,
15/12/2023 08:00:00,0,,,,,,,,,,,,,,,,,,,
15/12/2023 07:45:00,0,,,,,,,,,,,,,,,,,,,
15/12/2023 07:30:00,0,,,,,,,,,,,,,,,,,,,
15/12/2023 07:15:00,0,,,,,,,,,,,,,,,,,,,
15/12/2023 07:00:00,0,494,,,,,,,,,,,,,,,,,,
15/12/2023 06:45:00,0,,,,,,,,,,,,,,,,,,,
15/12/2023 06:30:00,0,,,,,,,,,,,,,,,,,,,
15/12/2023 06:15:00,0,,,,,,,,,,,,,,,,,,,
15/12/2023 06:00:00,0,,,,,,,,,,,,,,,,,,,
15/12/2023 05:45:00,0,,,,,,,,,,,,,,,,,,,
15/12/2023 05:30:00,0,,,,,,,,,,,,,,,,,,,
15/12/2023 05:15:00,0,,,,,,,,,,,,,,,,,,,
15/12/2023 05:00:00,0,,,,,,,,,,,,,,,,,,,
15/12/2023 04:45:00,0,,,,,,,,,,,,,,,,,,,
15/12/2023 04:30:00,0,,,,,,,,,,,,,,,,,,,
15/12/2023 04:15:00,0,,,,,,,,,,,,,,,,,,,
15/12/2023 04:00:00,0,,,,,,,,,,,,,,,,,,,
15/12/2023 03:45:00,0,,,,,,,,,,,,,,,,,,,
15/12/2023 03:30:00,0,,,,,,,,,,,,,,,,,,,
15/12/2023 03:15:00,0,,,,,,,,,,,,,,,,,,,
15/12/2023 03:00:00,0,,,,,,,,,,,,,,,,,,,
15/12/2023 02:45:00,0.2,,,,,,,,,,,,,,,,,,,
15/12/2023 02:30:00,0,,,,,,,,,,,,,,,,,,,
15/12/2023 02:15:00,0,,,,,,,,,,,,,,,,,,,
15/12/2023 02:00:00,0,,,,,,,,,,,,,,,,,,,
15/12/2023 01:45:00,0,,,,,,,,,,,,,,,,,,,
15/12/2023 01:30:00,0,,,,,,,,,,,,,,,,,,,
15/12/2023 01:15:00,0,,,,,,,,,,,,,,,,,,,
15/12/2023 01:00:00,0,,,,,,,,,,,,,,,,,,,
15/12/2023 00:45:00,0,,,,,,,,,,,,,,,,,,,
15/12/2023 00:30:00,0,,,,,,,,,,,,,,,,,,,
15/12/2023 00:15:00,0,513,,,,,,,,,,,,,,,,,,
15/12/2023 00:00:00,0,514,,,,,,,,,,,,,,,,,,
14/12/2023 23:45:00,0,515,,,,,,,,,,,,,,,,,,
14/12/2023 23:30:00,0,515,,,,,,,,,,,,,,,,,,
14/12/2023 23:15:00,0,515,,,,,,,,,,,,,,,,,,
14/12/2023 23:00:00,0,514,,,,,,,,,,,,,,,,,,
14/12/2023 22:45:00,0,518,,,,,,,,,,,,,,,,,,
14/12/2023 22:30:00,0,518,,,,,,,,,,,,,,,,,,
14/12/2023 22:15:00,0,518,,,,,,,,,,,,,,,,,,
14/12/2023 22:00:00,0,519,,,,,,,,,,,,,,,,,,
14/12/2023 21:45:00,0,520,,,,,,,,,,,,,,,,,,
14/12/2023 21:30:00,0,519,,,,,,,,,,,,,,,,,,
14/12/2023 21:15:00,0.2,522,,,,,,,,,,,,,,,,,,
14/12/2023 21:00:00,0,523,,,,,,,,,,,,,,,,,,
14/12/2023 20:45:00,0.2,524,,,,,,,,,,,,,,,,,,
14/12/2023 20:30:00,0,524,,,,,,,,,,,,,,,,,,
14/12/2023 20:15:00,0,525,,,,,,,,,,,,,,,,,,
14/12/2023 20:00:00,0,526,,,,,,,,,,,,,,,,,,
14/12/2023 19:45:00,0,,,,,,,,,,,,,,,,,,,
14/12/2023 19:30:00,0.2,,,,,,,,,,,,,,,,,,,
14/12/2023 19:15:00,0,,,,,,,,,,,,,,,,,,,
14/12/2023 19:00:00,0.2,,,,,,,,,,,,,,,,,,,
14/12/2023 18:45:00,0.2,,,,,,,,,,,,,,,,,,,
14/12/2023 18:30:00,0,,,,,,,,,,,,,,,,,,,
14/12/2023 18:15:00,0,,,,,,,,,,,,,,,,,,,
14/12/2023 18:00:00,0.4,,,,,,,,,,,,,,,,,,,
14/12/2023 17:45:00,0,,,,,,,,,,,,,,,,,,,
14/12/2023 17:30:00,0.8,,,,,,,,,,,,,,,,,,,
14/12/2023 17:15:00,1.6,,,,,,,,,,,,,,,,,,,
14/12/2023 17:00:00,0,527,,,,,,,,,,,,,,,,,,
14/12/2023 16:45:00,0,,,,,,,,,,,,,,,,,,,
14/12/2023 16:30:00,0,,,,,,,,,,,,,,,,,,,
14/12/2023 16:15:00,0,,,,,,,,,,,,,,,,,,,
14/12/2023 16:00:00,0,,,,,,,,,,,,,,,,,,,
14/12/2023 15:45:00,0,,,,,,,,,,,,,,,,,,,
14/12/2023 15:30:00,0,,,,,,,,,,,,,,,,,,,
14/12/2023 15:15:00,0,,,,,,,,,,,,,,,,,,,
14/12/2023 15:00:00,0,,,,,,,,,,,,,,,,,,,
14/12/2023 14:45:00,0,,,,,,,,,,,,,,,,,,,
14/12/2023 14:30:00,0,,,,,,,,,,,,,,,,,,,
14/12/2023 14:15:00,0,,,,,,,,,,,,,,,,,,,
14/12/2023 14:00:00,0,,,,,,,,,,,,,,,,,,,
14/12/2023 13:45:00,0,,,,,,,,,,,,,,,,,,,
14/12/2023 13:30:00,0,,,,,,,,,,,,,,,,,,,
14/12/2023 13:15:00,0,,,,,,,,,,,,,,,,,,,
14/12/2023 13:00:00,0,,,,,,,,,,,,,,,,,,,
14/12/2023 12:45:00,0,,,,,,,,,,,,,,,,,,,
14/12/2023 12:30:00,0,,,,,,,,,,,,,,,,,,,
14/12/2023 12:15:00,0,,,,,,,,,,,,,,,,,,,
14/12/2023 12:00:00,0,,,,,,,,,,,,,,,,,,,
14/12/2023 11:45:00,0,,,,,,,,,,,,,,,,,,,
14/12/2023 11:30:00,0,,,,,,,,,,,,,,,,,,,
14/12/2023 11:15:00,0,,,,,,,,,,,,,,,,,,,
14/12/2023 11:00:00,0,,,,,,,,,,,,,,,,,,,
14/12/2023 10:45:00,0,,,,,,,,,,,,,,,,,,,
14/12/2023 10:30:00,0,,,,,,,,,,,,,,,,,,,
14/12/2023 10:15:00,0,,,,,,,,,,,,,,,,,,,
14/12/2023 10:00:00,0,,,,,,,,,,,,,,,,,,,
14/12/2023 09:45:00,0,,,,,,,,,,,,,,,,,,,
14/12/2023 09:30:00,0,,,,,,,,,,,,,,,,,,,
14/12/2023 09:15:00,0,,,,,,,,,,,,,,,,,,,
14/12/2023 09:00:00,0,,,,,,,,,,,,,,,,,,,
14/12/2023 08:45:00,0,,,,,,,,,,,,,,,,,,,
14/12/2023 08:30:00,0,,,,,,,,,,,,,,,,,,,
14/12/2023 08:15:00,0,,,,,,,,,,,,,,,,,,,
14/12/2023 08:00:00,0,,,,,,,,,,,,,,,,,,,
14/12/2023 07:45:00,0,,,,,,,,,,,,,,,,,,,
14/12/2023 07:30:00,0,,,,,,,,,,,,,,,,,,,
14/12/2023 07:15:00,0,,,,,,,,,,,,,,,,,,,
14/12/2023 07:00:00,0,560,,,,,,,,,,,,,,,,,,
14/12/2023 06:45:00,0,,,,,,,,,,,,,,,,,,,
14/12/2023 06:30:00,0,,,,,,,,,,,,,,,,,,,
14/12/2023 06:15:00,0,,,,,,,,,,,,,,,,,,,
14/12/2023 06:00:00,0,,,,,,,,,,,,,,,,,,,
14/12/2023 05:45:00,0,,,,,,,,,,,,,,,,,,,
14/12/2023 05:30:00,0,,,,,,,,,,,,,,,,,,,
14/12/2023 05:15:00,0,,,,,,,,,,,,,,,,,,,
14/12/2023 05:00:00,0,,,,,,,,,,,,,,,,,,,
14/12/2023 04:45:00,0,,,,,,,,,,,,,,,,,,,
14/12/2023 04:30:00,0,,,,,,,,,,,,,,,,,,,
14/12/2023 04:15:00,0,,,,,,,,,,,,,,,,,,,
14/12/2023 04:00:00,0,,,,,,,,,,,,,,,,,,,
14/12/2023 03:45:00,0,,,,,,,,,,,,,,,,,,,
14/12/2023 03:30:00,0,,,,,,,,,,,,,,,,,,,
14/12/2023 03:15:00,0,,,,,,,,,,,,,,,,,,,
14/12/2023 03:00:00,0,,,,,,,,,,,,,,,,,,,
14/12/2023 02:45:00,0,,,,,,,,,,,,,,,,,,,
14/12/2023 02:30:00,0,,,,,,,,,,,,,,,,,,,
14/12/2023 02:15:00,0,,,,,,,,,,,,,,,,,,,
14/12/2023 02:00:00,0,,,,,,,,,,,,,,,,,,,
14/12/2023 01:45:00,0,,,,,,,,,,,,,,,,,,,
14/12/2023 01:30:00,0,,,,,,,,,,,,,,,,,,,
14/12/2023 01:15:00,0,,,,,,,,,,,,,,,,,,,
14/12/2023 01:00:00,0,,,,,,,,,,,,,,,,,,,
14/12/2023 00:45:00,0,,,,,,,,,,,,,,,,,,,
14/12/2023 00:30:00,0,,,,,,,,,,,,,,,,,,,
14/12/2023 00:15:00,0,,,,,,,,,,,,,,,,,,,
14/12/2023 00:00:00,0,,,,,,,,,,,,,,,,,,,
13/12/2023 23:45:00,0,,,,,,,,,,,,,,,,,,,
13/12/2023 23:30:00,0,,,,,,,,,,,,,,,,,,,
13/12/2023 23:15:00,0,579,,,,,,,,,,,,,,,,,,
13/12/2023 23:00:00,0,580,,,,,,,,,,,,,,,,,,
13/12/2023 22:45:00,0,580,,,,,,,,,,,,,,,,,,
13/12/2023 22:30:00,0,580,,,,,,,,,,,,,,,,,,
13/12/2023 22:15:00,0,580,,,,,,,,,,,,,,,,,,
13/12/2023 22:00:00,0,581,,,,,,,,,,,,,,,,,,
13/12/2023 21:45:00,0,581,,,,,,,,,,,,,,,,,,
13/12/2023 21:30:00,0,582,,,,,,,,,,,,,,,,,,
13/12/2023 21:15:00,0,582,,,,,,,,,,,,,,,,,,
13/12/2023 21:00:00,0,581,,,,,,,,,,,,,,,,,,
13/12/2023 20:45:00,0,581,,,,,,,,,,,,,,,,,,
13/12/2023 20:30:00,0,584,,,,,,,,,,,,,,,,,,
13/12/2023 20:15:00,0,584,,,,,,,,,,,,,,,,,,
13/12/2023 20:00:00,0,584,,,,,,,,,,,,,,,,,,
13/12/2023 19:45:00,0,,,,,,,,,,,,,,,,,,,
13/12/2023 19:30:00,0,,,,,,,,,,,,,,,,,,,
13/12/2023 19:15:00,0,,,,,,,,,,,,,,,,,,,
13/12/2023 19:00:00,0,,,,,,,,,,,,,,,,,,,
13/12/2023 18:45:00,0,,,,,,,,,,,,,,,,,,,
13/12/2023 18:30:00,0,,,,,,,,,,,,,,,,,,,
13/12/2023 18:15:00,0,,,,,,,,,,,,,,,,,,,
13/12/2023 18:00:00,0,,,,,,,,,,,,,,,,,,,
13/12/2023 17:45:00,0,,,,,,,,,,,,,,,,,,,
13/12/2023 17:30:00,0,,,,,,,,,,,,,,,,,,,
13/12/2023 17:15:00,0,,,,,,,,,,,,,,,,,,,
13/12/2023 17:00:00,0,586,,,,,,,,,,,,,,,,,,
13/12/2023 16:45:00,0,,,,,,,,,,,,,,,,,,,
13/12/2023 16:30:00,0,,,,,,,,,,,,,,,,,,,
13/12/2023 16:15:00,0,,,,,,,,,,,,,,,,,,,
13/12/2023 16:00:00,0,,,,,,,,,,,,,,,,,,,
13/12/2023 15:45:00,0,,,,,,,,,,,,,,,,,,,
13/12/2023 15:30:00,0,,,,,,,,,,,,,,,,,,,
13/12/2023 15:15:00,0,,,,,,,,,,,,,,,,,,,
13/12/2023 15:00:00,0,,,,,,,,,,,,,,,,,,,
13/12/2023 14:45:00,0,,,,,,,,,,,,,,,,,,,
13/12/2023 14:30:00,0,,,,,,,,,,,,,,,,,,,
13/12/2023 14:15:00,0,,,,,,,,,,,,,,,,,,,
13/12/2023 14:00:00,0,,,,,,,,,,,,,,,,,,,
13/12/2023 13:45:00,0,,,,,,,,,,,,,,,,,,,
13/12/2023 13:30:00,0,,,,,,,,,,,,,,,,,,,
13/12/2023 13:15:00,0,,,,,,,,,,,,,,,,,,,
13/12/2023 13:00:00,0,,,,,,,,,,,,,,,,,,,
13/12/2023 12:45:00,0,,,,,,,,,,,,,,,,,,,
13/12/2023 12:30:00,0,,,,,,,,,,,,,,,,,,,
13/12/2023 12:15:00,0,,,,,,,,,,,,,,,,,,,
13/12/2023 12:00:00,0,,,,,,,,,,,,,,,,,,,
13/12/2023 11:45:00,0,,,,,,,,,,,,,,,,,,,
13/12/2023 11:30:00,0,,,,,,,,,,,,,,,,,,,
13/12/2023 11:15:00,0,,,,,,,,,,,,,,,,,,,
13/12/2023 11:00:00,0,,,,,,,,,,,,,,,,,,,
13/12/2023 10:45:00,0,,,,,,,,,,,,,,,,,,,
13/12/2023 10:30:00,0,,,,,,,,,,,,,,,,,,,
13/12/2023 10:15:00,0,,,,,,,,,,,,,,,,,,,
13/12/2023 10:00:00,0,,,,,,,,,,,,,,,,,,,
13/12/2023 09:45:00,0,,,,,,,,,,,,,,,,,,,
13/12/2023 09:30:00,0,,,,,,,,,,,,,,,,,,,
13/12/2023 09:15:00,0,,,,,,,,,,,,,,,,,,,
13/12/2023 09:00:00,0,,,,,,,,,,,,,,,,,,,
13/12/2023 08:45:00,0,,,,,,,,,,,,,,,,,,,
13/12/2023 08:30:00,0,,,,,,,,,,,,,,,,,,,
13/12/2023 08:15:00,0,,,,,,,,,,,,,,,,,,,
13/12/2023 08:00:00,0,,,,,,,,,,,,,,,,,,,
13/12/2023 07:45:00,0,,,,,,,,,,,,,,,,,,,
13/12/2023 07:30:00,0,,,,,,,,,,,,,,,,,,,
13/12/2023 07:15:00,0,,,,,,,,,,,,,,,,,,,
13/12/2023 07:00:00,0,590,,,,,,,,,,,,,,,,,,
13/12/2023 06:45:00,0,,,,,,,,,,,,,,,,,,,
13/12/2023 06:30:00,0,,,,,,,,,,,,,,,,,,,
13/12/2023 06:15:00,0,,,,,,,,,,,,,,,,,,,
13/12/2023 06:00:00,0,,,,,,,,,,,,,,,,,,,
13/12/2023 05:45:00,0,,,,,,,,,,,,,,,,,,,
13/12/2023 05:30:00,0,,,,,,,,,,,,,,,,,,,
13/12/2023 05:15:00,0,,,,,,,,,,,,,,,,,,,
13/12/2023 05:00:00,0,,,,,,,,,,,,,,,,,,,
13/12/2023 04:45:00,0,,,,,,,,,,,,,,,,,,,
13/12/2023 04:30:00,0,,,,,,,,,,,,,,,,,,,
13/12/2023 04:15:00,0,,,,,,,,,,,,,,,,,,,
13/12/2023 04:00:00,0,592,,,,,,,,,,,,,,,,,,
13/12/2023 03:45:00,0,590,,,,,,,,,,,,,,,,,,
13/12/2023 03:30:00,0,591,,,,,,,,,,,,,,,,,,
13/12/2023 03:15:00,0,591,,,,,,,,,,,,,,,,,,
13/12/2023 03:00:00,0,593,,,,,,,,,,,,,,,,,,
13/12/2023 02:45:00,0,593,,,,,,,,,,,,,,,,,,
13/12/2023 02:30:00,0,593,,,,,,,,,,,,,,,,,,
13/12/2023 02:15:00,0,594,,,,,,,,,,,,,,,,,,
13/12/2023 02:00:00,0,593,,,,,,,,,,,,,,,,,,
13/12/2023 01:45:00,0,593,,,,,,,,,,,,,,,,,,
13/12/2023 01:30:00,0,593,,,,,,,,,,,,,,,,,,
13/12/2023 01:15:00,0,593,,,,,,,,,,,,,,,,,,
13/12/2023 01:00:00,0,593,,,,,,,,,,,,,,,,,,
13/12/2023 00:45:00,0,593,,,,,,,,,,,,,,,,,,
13/12/2023 00:30:00,0,594,,,,,,,,,,,,,,,,,,
13/12/2023 00:15:00,0,593,,,,,,,,,,,,,,,,,,
13/12/2023 00:00:00,0,593,,,,,,,,,,,,,,,,,,
12/12/2023 23:45,0,593,,,,,,,,,,,,,,,,,,
12/12/2023 23:30,0,591,,,,,,,,,,,,,,,,,,
12/12/2023 23:15,0,592,,,,,,,,,,,,,,,,,,
12/12/2023 23:00,0,592,,,,,,,,,,,,,,,,,,
12/12/2023 22:45,0,593,,,,,,,,,,,,,,,,,,
12/12/2023 22:30,0,591,,,,,,,,,,,,,,,,,,
12/12/2023 22:15,0,592,,,,,,,,,,,,,,,,,,
12/12/2023 22:00,0,592,,,,,,,,,,,,,,,,,,
12/12/2023 21:45,0,592,,,,,,,,,,,,,,,,,,
12/12/2023 21:30,0,592,,,,,,,,,,,,,,,,,,
12/12/2023 21:15,0,593,,,,,,,,,,,,,,,,,,
12/12/2023 21:00,0,593,,,,,,,,,,,,,,,,,,
12/12/2023 20:45,0,592,,,,,,,,,,,,,,,,,,
12/12/2023 20:30,0,590,,,,,,,,,,,,,,,,,,
12/12/2023 20:15,0,,,,,,,,,,,,,,,,,,,
12/12/2023 20:00,0,,,,,,,,,,,,,,,,,,,
12/12/2023 19:45,0,,,,,,,,,,,,,,,,,,,
12/12/2023 19:30,0,,,,,,,,,,,,,,,,,,,
12/12/2023 19:15,0,,,,,,,,,,,,,,,,,,,
12/12/2023 19:00,0,,,,,,,,,,,,,,,,,,,
12/12/2023 18:45,0,,,,,,,,,,,,,,,,,,,
12/12/2023 18:30,0,,,,,,,,,,,,,,,,,,,
12/12/2023 18:15,0,,,,,,,,,,,,,,,,,,,
12/12/2023 18:00,0,,,,,,,,,,,,,,,,,,,
12/12/2023 17:45,0,,,,,,,,,,,,,,,,,,,
12/12/2023 17:30,0,,,,,,,,,,,,,,,,,,,
12/12/2023 17:15,0,,,,,,,,,,,,,,,,,,,
12/12/2023 17:00,0,590,,,,,,,,,,,,,,,,,,
12/12/2023 16:45,0,,,,,,,,,,,,,,,,,,,
12/12/2023 16:30,0,,,,,,,,,,,,,,,,,,,
12/12/2023 16:15,0,,,,,,,,,,,,,,,,,,,
12/12/2023 16:00,0,,,,,,,,,,,,,,,,,,,
12/12/2023 15:45,0,,,,,,,,,,,,,,,,,,,
12/12/2023 15:30,0,,,,,,,,,,,,,,,,,,,
12/12/2023 15:15,0,,,,,,,,,,,,,,,,,,,
12/12/2023 15:00,0,,,,,,,,,,,,,,,,,,,
12/12/2023 14:45,0,,,,,,,,,,,,,,,,,,,
12/12/2023 14:30,0,,,,,,,,,,,,,,,,,,,
12/12/2023 14:15,0,,,,,,,,,,,,,,,,,,,
12/12/2023 14:00,0,,,,,,,,,,,,,,,,,,,
12/12/2023 13:45,0,,,,,,,,,,,,,,,,,,,
12/12/2023 13:30,0,,,,,,,,,,,,,,,,,,,
12/12/2023 13:15,0,,,,,,,,,,,,,,,,,,,
12/12/2023 13:00,0,,,,,,,,,,,,,,,,,,,
12/12/2023 12:45,0,,,,,,,,,,,,,,,,,,,
12/12/2023 12:30,0,,,,,,,,,,,,,,,,,,,
12/12/2023 12:15,0,,,,,,,,,,,,,,,,,,,
12/12/2023 12:00,0,,,,,,,,,,,,,,,,,,,
12/12/2023 11:45,0,,,,,,,,,,,,,,,,,,,
12/12/2023 11:30,0,,,,,,,,,,,,,,,,,,,
12/12/2023 11:15,0,,,,,,,,,,,,,,,,,,,
12/12/2023 11:00,0,,,,,,,,,,,,,,,,,,,
12/12/2023 10:45,0,,,,,,,,,,,,,,,,,,,
12/12/2023 10:30,0,,,,,,,,,,,,,,,,,,,
12/12/2023 10:15,0,,,,,,,,,,,,,,,,,,,
12/12/2023 10:00,0,,,,,,,,,,,,,,,,,,,
12/12/2023 9:45,0,,,,,,,,,,,,,,,,,,,
12/12/2023 9:30,0,,,,,,,,,,,,,,,,,,,
12/12/2023 9:15,0,,,,,,,,,,,,,,,,,,,
12/12/2023 9:00,0,,,,,,,,,,,,,,,,,,,
12/12/2023 8:45,0,,,,,,,,,,,,,,,,,,,
12/12/2023 8:30,0,,,,,,,,,,,,,,,,,,,
12/12/2023 8:15,0,,,,,,,,,,,,,,,,,,,
12/12/2023 8:00,0,,,,,,,,,,,,,,,,,,,
12/12/2023 7:45,0,,,,,,,,,,,,,,,,,,,
12/12/2023 7:30,0,,,,,,,,,,,,,,,,,,,
12/12/2023 7:15,0,,,,,,,,,,,,,,,,,,,
12/12/2023 7:00,0,590,,,,,,,,,,,,,,,,,,
12/12/2023 6:45,0,,,,,,,,,,,,,,,,,,,
12/12/2023 6:30,0,,,,,,,,,,,,,,,,,,,
12/12/2023 6:15,0,,,,,,,,,,,,,,,,,,,
12/12/2023 6:00,0,,,,,,,,,,,,,,,,,,,
12/12/2023 5:45,0,,,,,,,,,,,,,,,,,,,
12/12/2023 5:30,0,,,,,,,,,,,,,,,,,,,
12/12/2023 5:15,0,,,,,,,,,,,,,,,,,,,
12/12/2023 5:00,0,,,,,,,,,,,,,,,,,,,
12/12/2023 4:45,0,,,,,,,,,,,,,,,,,,,
12/12/2023 4:30,0,,,,,,,,,,,,,,,,,,,
12/12/2023 4:15,0,,,,,,,,,,,,,,,,,,,
12/12/2023 4:00,0,,,,,,,,,,,,,,,,,,,
12/12/2023 3:45,0,,,,,,,,,,,,,,,,,,,
12/12/2023 3:30,0,589,,,,,,,,,,,,,,,,,,
12/12/2023 3:15,0,589,,,,,,,,,,,,,,,,,,
12/12/2023 3:00,0,589,,,,,,,,,,,,,,,,,,
12/12/2023 2:45,0,589,,,,,,,,,,,,,,,,,,
12/12/2023 2:30,0,589,,,,,,,,,,,,,,,,,,
12/12/2023 2:15,0,589,,,,,,,,,,,,,,,,,,
12/12/2023 2:00,0,589,,,,,,,,,,,,,,,,,,
12/12/2023 1:45,0,589,,,,,,,,,,,,,,,,,,
12/12/2023 1:30,0,589,,,,,,,,,,,,,,,,,,
12/12/2023 1:15,0,587,,,,,,,,,,,,,,,,,,
12/12/2023 1:00,0,590,,,,,,,,,,,,,,,,,,
12/12/2023 0:45,0,589,,,,,,,,,,,,,,,,,,
12/12/2023 0:30,0,589,,,,,,,,,,,,,,,,,,
12/12/2023 0:15,0,587,,,,,,,,,,,,,,,,,,
12/12/2023 0:00,0,588,,,,,,,,,,,,,,,,,,
11/12/2023 23:45,0,588,,,,,,,,,,,,,,,,,,
11/12/2023 23:30,0,588,,,,,,,,,,,,,,,,,,
11/12/2023 23:15,0,587,,,,,,,,,,,,,,,,,,
11/12/2023 23:00,0,587,,,,,,,,,,,,,,,,,,
11/12/2023 22:45,0,586,,,,,,,,,,,,,,,,,,
11/12/2023 22:30,0,587,,,,,,,,,,,,,,,,,,
11/12/2023 22:15,0,588,,,,,,,,,,,,,,,,,,
11/12/2023 22:00,0,588,,,,,,,,,,,,,,,,,,
11/12/2023 21:45,0,589,,,,,,,,,,,,,,,,,,
11/12/2023 21:30,0,588,,,,,,,,,,,,,,,,,,
11/12/2023 21:15,0,588,,,,,,,,,,,,,,,,,,
11/12/2023 21:00,0,589,,,,,,,,,,,,,,,,,,
11/12/2023 20:45,0,588,,,,,,,,,,,,,,,,,,
11/12/2023 20:30,0,587,,,,,,,,,,,,,,,,,,
11/12/2023 20:15,0,,,,,,,,,,,,,,,,,,,
11/12/2023 20:00,0,,,,,,,,,,,,,,,,,,,
11/12/2023 19:45,0,,,,,,,,,,,,,,,,,,,
11/12/2023 19:30,0,,,,,,,,,,,,,,,,,,,
11/12/2023 19:15,0,,,,,,,,,,,,,,,,,,,
11/12/2023 19:00,0,,,,,,,,,,,,,,,,,,,
11/12/2023 18:45,0,,,,,,,,,,,,,,,,,,,
11/12/2023 18:30,0,,,,,,,,,,,,,,,,,,,
11/12/2023 18:15,0,,,,,,,,,,,,,,,,,,,
11/12/2023 18:00,0,,,,,,,,,,,,,,,,,,,
11/12/2023 17:45,0,,,,,,,,,,,,,,,,,,,
11/12/2023 17:30,0,,,,,,,,,,,,,,,,,,,
11/12/2023 17:15,0,,,,,,,,,,,,,,,,,,,
11/12/2023 17:00,0,592,,,,,,,,,,,,,,,,,,
11/12/2023 16:45,0,,,,,,,,,,,,,,,,,,,
11/12/2023 16:30,0,,,,,,,,,,,,,,,,,,,
11/12/2023 16:15,0,,,,,,,,,,,,,,,,,,,
11/12/2023 16:00,0,,,,,,,,,,,,,,,,,,,
11/12/2023 15:45,0,,,,,,,,,,,,,,,,,,,
11/12/2023 15:30,0,,,,,,,,,,,,,,,,,,,
11/12/2023 15:15,0,,,,,,,,,,,,,,,,,,,
11/12/2023 15:00,0,,,,,,,,,,,,,,,,,,,
11/12/2023 14:45,0,,,,,,,,,,,,,,,,,,,
11/12/2023 14:30,0,,,,,,,,,,,,,,,,,,,
11/12/2023 14:15,0,,,,,,,,,,,,,,,,,,,
11/12/2023 14:00,0,,,,,,,,,,,,,,,,,,,
11/12/2023 13:45,0,,,,,,,,,,,,,,,,,,,
11/12/2023 13:30,0,,,,,,,,,,,,,,,,,,,
11/12/2023 13:15,0,,,,,,,,,,,,,,,,,,,
11/12/2023 13:00,0,,,,,,,,,,,,,,,,,,,
11/12/2023 12:45,0,,,,,,,,,,,,,,,,,,,
11/12/2023 12:30,0,,,,,,,,,,,,,,,,,,,
11/12/2023 12:15,0,,,,,,,,,,,,,,,,,,,
11/12/2023 12:00,0,,,,,,,,,,,,,,,,,,,
11/12/2023 11:45,0,,,,,,,,,,,,,,,,,,,
11/12/2023 11:30,0,,,,,,,,,,,,,,,,,,,
11/12/2023 11:15,0,,,,,,,,,,,,,,,,,,,
11/12/2023 11:00,0,,,,,,,,,,,,,,,,,,,
11/12/2023 10:45,0,,,,,,,,,,,,,,,,,,,
11/12/2023 10:30,0,,,,,,,,,,,,,,,,,,,
11/12/2023 10:15,0,,,,,,,,,,,,,,,,,,,
11/12/2023 10:00,0,,,,,,,,,,,,,,,,,,,
11/12/2023 9:45,0,,,,,,,,,,,,,,,,,,,
11/12/2023 9:30,0,,,,,,,,,,,,,,,,,,,
11/12/2023 9:15,0,,,,,,,,,,,,,,,,,,,
11/12/2023 9:00,0,,,,,,,,,,,,,,,,,,,
11/12/2023 8:45,0,,,,,,,,,,,,,,,,,,,
11/12/2023 8:30,0,,,,,,,,,,,,,,,,,,,
11/12/2023 8:15,0,,,,,,,,,,,,,,,,,,,
11/12/2023 8:00,0,,,,,,,,,,,,,,,,,,,
11/12/2023 7:45,0,,,,,,,,,,,,,,,,,,,
11/12/2023 7:30,0,,,,,,,,,,,,,,,,,,,
11/12/2023 7:15,0,,,,,,,,,,,,,,,,,,,
11/12/2023 7:00,0,592,,,,,,,,,,,,,,,,,,
11/12/2023 6:45,0,,,,,,,,,,,,,,,,,,,
11/12/2023 6:30,0,,,,,,,,,,,,,,,,,,,
11/12/2023 6:15,0,,,,,,,,,,,,,,,,,,,
11/12/2023 6:00,0,,,,,,,,,,,,,,,,,,,
11/12/2023 5:45,0,,,,,,,,,,,,,,,,,,,
11/12/2023 5:30,0,,,,,,,,,,,,,,,,,,,
11/12/2023 5:15,0,,,,,,,,,,,,,,,,,,,
11/12/2023 5:00,0,,,,,,,,,,,,,,,,,,,
11/12/2023 4:45,0,,,,,,,,,,,,,,,,,,,
11/12/2023 4:30,0,,,,,,,,,,,,,,,,,,,
11/12/2023 4:15,0,,,,,,,,,,,,,,,,,,,
11/12/2023 4:00,0,,,,,,,,,,,,,,,,,,,
11/12/2023 3:45,0,,,,,,,,,,,,,,,,,,,
11/12/2023 3:30,0,,,,,,,,,,,,,,,,,,,
11/12/2023 3:15,0,,,,,,,,,,,,,,,,,,,
11/12/2023 3:00,0,,,,,,,,,,,,,,,,,,,
11/12/2023 2:45,0,,,,,,,,,,,,,,,,,,,
11/12/2023 2:30,0,,,,,,,,,,,,,,,,,,,
11/12/2023 2:15,0,,,,,,,,,,,,,,,,,,,
11/12/2023 2:00,0,,,,,,,,,,,,,,,,,,,
11/12/2023 1:45,0,,,,,,,,,,,,,,,,,,,
11/12/2023 1:30,0,,,,,,,,,,,,,,,,,,,
11/12/2023 1:15,0,,,,,,,,,,,,,,,,,,,
11/12/2023 1:00,0,,,,,,,,,,,,,,,,,,,
11/12/2023 0:45,0,,,,,,,,,,,,,,,,,,,
11/12/2023 0:30,0,,,,,,,,,,,,,,,,,,,
11/12/2023 0:15,0,,,,,,,,,,,,,,,,,,,
11/12/2023 0:00,0,,,,,,,,,,,,,,,,,,,
10/12/2023 23:45,0,,,,,,,,,,,,,,,,,,,
10/12/2023 23:30,0,,,,,,,,,,,,,,,,,,,
10/12/2023 23:15,0,,,,,,,,,,,,,,,,,,,
10/12/2023 23:00,0,,,,,,,,,,,,,,,,,,,
10/12/2023 22:45,0,,,,,,,,,,,,,,,,,,,
10/12/2023 22:30,0,,,,,,,,,,,,,,,,,,,
10/12/2023 22:15,0,,,,,,,,,,,,,,,,,,,
10/12/2023 22:00,0,,,,,,,,,,,,,,,,,,,
10/12/2023 21:45,0,,,,,,,,,,,,,,,,,,,
10/12/2023 21:30,0,,,,,,,,,,,,,,,,,,,
10/12/2023 21:15,0,,,,,,,,,,,,,,,,,,,
10/12/2023 21:00,0,,,,,,,,,,,,,,,,,,,
10/12/2023 20:45,0,,,,,,,,,,,,,,,,,,,
10/12/2023 20:30,0,589.97,,,,,,,,,,,,,,,,,,
10/12/2023 20:15,0,590,,,,,,,,,,,,,,,,,,
10/12/2023 20:00,0,,,,,,,,,,,,,,,,,,,
10/12/2023 19:45,0,,,,,,,,,,,,,,,,,,,
10/12/2023 19:30,0,,,,,,,,,,,,,,,,,,,
10/12/2023 19:15,0,,,,,,,,,,,,,,,,,,,
10/12/2023 19:00,0,,,,,,,,,,,,,,,,,,,
10/12/2023 18:45,0,,,,,,,,,,,,,,,,,,,
10/12/2023 18:30,0,,,,,,,,,,,,,,,,,,,
10/12/2023 18:15,0,,,,,,,,,,,,,,,,,,,
10/12/2023 18:00,0,,,,,,,,,,,,,,,,,,,
10/12/2023 17:45,0,,,,,,,,,,,,,,,,,,,
10/12/2023 17:30,0,,,,,,,,,,,,,,,,,,,
10/12/2023 17:15,0,588,,,,,,,,,,,,,,,,,,
10/12/2023 17:00,0,590,,,,,,,,,,,,,,,,,,
10/12/2023 16:45,0,587,,,,,,,,,,,,,,,,,,
10/12/2023 16:30,0,587,,,,,,,,,,,,,,,,,,
10/12/2023 16:15,0,588,,,,,,,,,,,,,,,,,,
10/12/2023 16:00,0,586,,,,,,,,,,,,,,,,,,
10/12/2023 15:45,0,587,,,,,,,,,,,,,,,,,,
10/12/2023 15:30,0,587,,,,,,,,,,,,,,,,,,
10/12/2023 15:15,0,587,,,,,,,,,,,,,,,,,,
10/12/2023 15:00,0,587,,,,,,,,,,,,,,,,,,
10/12/2023 14:45,0,587,,,,,,,,,,,,,,,,,,
10/12/2023 14:30,0,586,,,,,,,,,,,,,,,,,,
10/12/2023 14:15,0,585,,,,,,,,,,,,,,,,,,
10/12/2023 14:00,0,585,,,,,,,,,,,,,,,,,,
10/12/2023 13:45,0,585,,,,,,,,,,,,,,,,,,
10/12/2023 13:30,0,585,,,,,,,,,,,,,,,,,,
10/12/2023 13:15,0,586,,,,,,,,,,,,,,,,,,
10/12/2023 13:00,0,586,,,,,,,,,,,,,,,,,,
10/12/2023 12:45,0,586,,,,,,,,,,,,,,,,,,
10/12/2023 12:30,0.2,585,,,,,,,,,,,,,,,,,,
10/12/2023 12:15,0.4,585,,,,,,,,,,,,,,,,,,
10/12/2023 12:00,3.8,,,,,,,,,,,,,,,,,,,
10/12/2023 11:45,0.8,,,,,,,,,,,,,,,,,,,
10/12/2023 11:30,0,,,,,,,,,,,,,,,,,,,
10/12/2023 11:15,0,,,,,,,,,,,,,,,,,,,
10/12/2023 11:00,0,,,,,,,,,,,,,,,,,,,
10/12/2023 10:45,0,,,,,,,,,,,,,,,,,,,
10/12/2023 10:30,0,,,,,,,,,,,,,,,,,,,
10/12/2023 10:15,0,,,,,,,,,,,,,,,,,,,
10/12/2023 10:00,0,,,,,,,,,,,,,,,,,,,
10/12/2023 9:45,0,,,,,,,,,,,,,,,,,,,
10/12/2023 9:30,0,,,,,,,,,,,,,,,,,,,
10/12/2023 9:15,0,,,,,,,,,,,,,,,,,,,
10/12/2023 9:00,0,,,,,,,,,,,,,,,,,,,
10/12/2023 8:45,0,,,,,,,,,,,,,,,,,,,
10/12/2023 8:30,0,,,,,,,,,,,,,,,,,,,
10/12/2023 8:15,0,,,,,,,,,,,,,,,,,,,
10/12/2023 8:00,0,,,,,,,,,,,,,,,,,,,
10/12/2023 7:45,0,,,,,,,,,,,,,,,,,,,
10/12/2023 7:30,0,,,,,,,,,,,,,,,,,,,
10/12/2023 7:15,0,,,,,,,,,,,,,,,,,,,
10/12/2023 7:00,0,585,,,,,,,,,,,,,,,,,,
10/12/2023 6:45,0,,,,,,,,,,,,,,,,,,,
10/12/2023 6:30,0,,,,,,,,,,,,,,,,,,,
10/12/2023 6:15,0,,,,,,,,,,,,,,,,,,,
10/12/2023 6:00,0,,,,,,,,,,,,,,,,,,,
10/12/2023 5:45,0,,,,,,,,,,,,,,,,,,,
10/12/2023 5:30,0,,,,,,,,,,,,,,,,,,,
10/12/2023 5:15,0,,,,,,,,,,,,,,,,,,,
10/12/2023 5:00,0,,,,,,,,,,,,,,,,,,,
10/12/2023 4:45,0,,,,,,,,,,,,,,,,,,,
10/12/2023 4:30,0,,,,,,,,,,,,,,,,,,,
10/12/2023 4:15,0,,,,,,,,,,,,,,,,,,,
10/12/2023 4:00,0,,,,,,,,,,,,,,,,,,,
10/12/2023 3:45,0,,,,,,,,,,,,,,,,,,,
10/12/2023 3:30,0,,,,,,,,,,,,,,,,,,,
10/12/2023 3:15,0,,,,,,,,,,,,,,,,,,,
10/12/2023 3:00,0,,,,,,,,,,,,,,,,,,,
10/12/2023 2:45,0,573,,,,,,,,,,,,,,,,,,
10/12/2023 2:30,0,573,,,,,,,,,,,,,,,,,,
10/12/2023 2:15,0,572,,,,,,,,,,,,,,,,,,
10/12/2023 2:00,0,572,,,,,,,,,,,,,,,,,,
10/12/2023 1:45,0,573,,,,,,,,,,,,,,,,,,
10/12/2023 1:30,0,571,,,,,,,,,,,,,,,,,,
10/12/2023 1:15,0,572,,,,,,,,,,,,,,,,,,
10/12/2023 1:00,0,571,,,,,,,,,,,,,,,,,,
10/12/2023 0:45,0,572,,,,,,,,,,,,,,,,,,
10/12/2023 0:30,0,572,,,,,,,,,,,,,,,,,,
10/12/2023 0:15,0,571,,,,,,,,,,,,,,,,,,
10/12/2023 0:00,0,571,,,,,,,,,,,,,,,,,,
9/12/2023 23:45,0,571,,,,,,,,,,,,,,,,,,
9/12/2023 23:30,0,568,,,,,,,,,,,,,,,,,,
9/12/2023 23:15,0,569,,,,,,,,,,,,,,,,,,
9/12/2023 23:00,0,568,,,,,,,,,,,,,,,,,,
9/12/2023 22:45,0,569,,,,,,,,,,,,,,,,,,
9/12/2023 22:30,0,568,,,,,,,,,,,,,,,,,,
9/12/2023 22:15,0,568,,,,,,,,,,,,,,,,,,
9/12/2023 22:00,0,568,,,,,,,,,,,,,,,,,,
9/12/2023 21:45,0,567,,,,,,,,,,,,,,,,,,
9/12/2023 21:30,0,567,,,,,,,,,,,,,,,,,,
9/12/2023 21:15,0,567,,,,,,,,,,,,,,,,,,
9/12/2023 21:00,0,566,,,,,,,,,,,,,,,,,,
9/12/2023 20:45,0,567,,,,,,,,,,,,,,,,,,
9/12/2023 20:30,0,564,,,,,,,,,,,,,,,,,,
9/12/2023 20:15,0,565,,,,,,,,,,,,,,,,,,
9/12/2023 20:00,0,,,,,,,,,,,,,,,,,,,
9/12/2023 19:45,0,,,,,,,,,,,,,,,,,,,
9/12/2023 19:30,0,,,,,,,,,,,,,,,,,,,
9/12/2023 19:15,0,,,,,,,,,,,,,,,,,,,
9/12/2023 19:00,0,,,,,,,,,,,,,,,,,,,
9/12/2023 18:45,0,,,,,,,,,,,,,,,,,,,
9/12/2023 18:30,0,,,,,,,,,,,,,,,,,,,
9/12/2023 18:15,0,,,,,,,,,,,,,,,,,,,
9/12/2023 18:00,0,,,,,,,,,,,,,,,,,,,
9/12/2023 17:45,0,,,,,,,,,,,,,,,,,,,
9/12/2023 17:30,0,,,,,,,,,,,,,,,,,,,
9/12/2023 17:15,0,,,,,,,,,,,,,,,,,,,
9/12/2023 17:00,0,567,,,,,,,,,,,,,,,,,,
9/12/2023 16:45,0,,,,,,,,,,,,,,,,,,,
9/12/2023 16:30,0,,,,,,,,,,,,,,,,,,,
9/12/2023 16:15,0,,,,,,,,,,,,,,,,,,,
9/12/2023 16:00,0,,,,,,,,,,,,,,,,,,,
9/12/2023 15:45,0,,,,,,,,,,,,,,,,,,,
9/12/2023 15:30,0,,,,,,,,,,,,,,,,,,,
9/12/2023 15:15,0,,,,,,,,,,,,,,,,,,,
9/12/2023 15:00,0,,,,,,,,,,,,,,,,,,,
9/12/2023 14:45,0,,,,,,,,,,,,,,,,,,,
9/12/2023 14:30,0,,,,,,,,,,,,,,,,,,,
9/12/2023 14:15,0,,,,,,,,,,,,,,,,,,,
9/12/2023 14:00,0,,,,,,,,,,,,,,,,,,,
9/12/2023 13:45,0,,,,,,,,,,,,,,,,,,,
9/12/2023 13:30,0,,,,,,,,,,,,,,,,,,,
9/12/2023 13:15,0,,,,,,,,,,,,,,,,,,,
9/12/2023 13:00,0,,,,,,,,,,,,,,,,,,,
9/12/2023 12:45,0,,,,,,,,,,,,,,,,,,,
9/12/2023 12:30,0,,,,,,,,,,,,,,,,,,,
9/12/2023 12:15,0,,,,,,,,,,,,,,,,,,,
9/12/2023 12:00,0,,,,,,,,,,,,,,,,,,,
9/12/2023 11:45,0,,,,,,,,,,,,,,,,,,,
9/12/2023 11:30,0,,,,,,,,,,,,,,,,,,,
9/12/2023 11:15,0,,,,,,,,,,,,,,,,,,,
9/12/2023 11:00,0,,,,,,,,,,,,,,,,,,,
9/12/2023 10:45,0,,,,,,,,,,,,,,,,,,,
9/12/2023 10:30,0,,,,,,,,,,,,,,,,,,,
9/12/2023 10:15,0,,,,,,,,,,,,,,,,,,,
9/12/2023 10:00,0,,,,,,,,,,,,,,,,,,,
9/12/2023 9:45,0,,,,,,,,,,,,,,,,,,,
9/12/2023 9:30,0,,,,,,,,,,,,,,,,,,,
9/12/2023 9:15,0,,,,,,,,,,,,,,,,,,,
9/12/2023 9:00,0,,,,,,,,,,,,,,,,,,,
9/12/2023 8:45,0,,,,,,,,,,,,,,,,,,,
9/12/2023 8:30,0,,,,,,,,,,,,,,,,,,,
9/12/2023 8:15,0,,,,,,,,,,,,,,,,,,,
9/12/2023 8:00,0,,,,,,,,,,,,,,,,,,,
9/12/2023 7:45,0,,,,,,,,,,,,,,,,,,,
9/12/2023 7:30,0,,,,,,,,,,,,,,,,,,,
9/12/2023 7:15,0,,,,,,,,,,,,,,,,,,,
9/12/2023 7:00,0,540,,,,,,,,,,,,,,,,,,
9/12/2023 6:45,0,,,,,,,,,,,,,,,,,,,
9/12/2023 6:30,0,,,,,,,,,,,,,,,,,,,
9/12/2023 6:15,0,,,,,,,,,,,,,,,,,,,
9/12/2023 6:00,0,,,,,,,,,,,,,,,,,,,
9/12/2023 5:45,0,,,,,,,,,,,,,,,,,,,
9/12/2023 5:30,0,,,,,,,,,,,,,,,,,,,
9/12/2023 5:15,0,,,,,,,,,,,,,,,,,,,
9/12/2023 5:00,0,,,,,,,,,,,,,,,,,,,
9/12/2023 4:45,0,,,,,,,,,,,,,,,,,,,
9/12/2023 4:30,0,,,,,,,,,,,,,,,,,,,
9/12/2023 4:15,0,534,,,,,,,,,,,,,,,,,,
9/12/2023 4:00,0,533,,,,,,,,,,,,,,,,,,
9/12/2023 3:45,0,533,,,,,,,,,,,,,,,,,,
9/12/2023 3:30,0,532,,,,,,,,,,,,,,,,,,
9/12/2023 3:15,0,531,,,,,,,,,,,,,,,,,,
9/12/2023 3:00,0,531,,,,,,,,,,,,,,,,,,
9/12/2023 2:45,0,530,,,,,,,,,,,,,,,,,,
9/12/2023 2:30,0,529,,,,,,,,,,,,,,,,,,
9/12/2023 2:15,0,529,,,,,,,,,,,,,,,,,,
9/12/2023 2:00,0,529,,,,,,,,,,,,,,,,,,
9/12/2023 1:45,0,528,,,,,,,,,,,,,,,,,,
9/12/2023 1:30,0,527,,,,,,,,,,,,,,,,,,
9/12/2023 1:15,0,526,,,,,,,,,,,,,,,,,,
9/12/2023 1:00,0,526,,,,,,,,,,,,,,,,,,
9/12/2023 0:45,0,525,,,,,,,,,,,,,,,,,,
9/12/2023 0:30,0,524,,,,,,,,,,,,,,,,,,
9/12/2023 0:15,0,524,,,,,,,,,,,,,,,,,,
9/12/2023 0:00,0,522,,,,,,,,,,,,,,,,,,
8/12/2023 23:45,0,521,,,,,,,,,,,,,,,,,,
8/12/2023 23:30,0,521,,,,,,,,,,,,,,,,,,
8/12/2023 23:15,0,519,,,,,,,,,,,,,,,,,,
8/12/2023 23:00,0,519,,,,,,,,,,,,,,,,,,
8/12/2023 22:45,0,518,,,,,,,,,,,,,,,,,,
8/12/2023 22:30,0,517,,,,,,,,,,,,,,,,,,
8/12/2023 22:15,0,516,,,,,,,,,,,,,,,,,,
8/12/2023 22:00,0,515,,,,,,,,,,,,,,,,,,
8/12/2023 21:45,0,513,,,,,,,,,,,,,,,,,,
8/12/2023 21:30,0,513,,,,,,,,,,,,,,,,,,
8/12/2023 21:15,0,513,,,,,,,,,,,,,,,,,,
8/12/2023 21:00,0,512,,,,,,,,,,,,,,,,,,
8/12/2023 20:45,0,511,,,,,,,,,,,,,,,,,,
8/12/2023 20:30,0,511,,,,,,,,,,,,,,,,,,
8/12/2023 20:15,0,511,,,,,,,,,,,,,,,,,,
8/12/2023 20:00,0,,,,,,,,,,,,,,,,,,,
8/12/2023 19:45,0,,,,,,,,,,,,,,,,,,,
8/12/2023 19:30,0,,,,,,,,,,,,,,,,,,,
8/12/2023 19:15,0,,,,,,,,,,,,,,,,,,,
8/12/2023 19:00,0,,,,,,,,,,,,,,,,,,,
8/12/2023 18:45,0,,,,,,,,,,,,,,,,,,,
8/12/2023 18:30,0,,,,,,,,,,,,,,,,,,,
8/12/2023 18:15,0,,,,,,,,,,,,,,,,,,,
8/12/2023 18:00,0,,,,,,,,,,,,,,,,,,,
8/12/2023 17:45,0,,,,,,,,,,,,,,,,,,,
8/12/2023 17:30,0,,,,,,,,,,,,,,,,,,,
8/12/2023 17:15,0,,,,,,,,,,,,,,,,,,,
8/12/2023 17:00,0,508,,,,,,,,,,,,,,,,,,
8/12/2023 16:45,0,,,,,,,,,,,,,,,,,,,
8/12/2023 16:30,0,,,,,,,,,,,,,,,,,,,
8/12/2023 16:15,0,,,,,,,,,,,,,,,,,,,
8/12/2023 16:00,0,,,,,,,,,,,,,,,,,,,
8/12/2023 15:45,0,,,,,,,,,,,,,,,,,,,
8/12/2023 15:30,0,,,,,,,,,,,,,,,,,,,
8/12/2023 15:15,0,,,,,,,,,,,,,,,,,,,
8/12/2023 15:00,0,,,,,,,,,,,,,,,,,,,
8/12/2023 14:45,0,,,,,,,,,,,,,,,,,,,
8/12/2023 14:30,0,,,,,,,,,,,,,,,,,,,
8/12/2023 14:15,0,,,,,,,,,,,,,,,,,,,
8/12/2023 14:00,0,,,,,,,,,,,,,,,,,,,
8/12/2023 13:45,0,,,,,,,,,,,,,,,,,,,
8/12/2023 13:30,0,,,,,,,,,,,,,,,,,,,
8/12/2023 13:15,0,,,,,,,,,,,,,,,,,,,
8/12/2023 13:00,0,,,,,,,,,,,,,,,,,,,
8/12/2023 12:45,0,,,,,,,,,,,,,,,,,,,
8/12/2023 12:30,0,,,,,,,,,,,,,,,,,,,
8/12/2023 12:15,0,,,,,,,,,,,,,,,,,,,
8/12/2023 12:00,0,,,,,,,,,,,,,,,,,,,
8/12/2023 11:45,0,,,,,,,,,,,,,,,,,,,
8/12/2023 11:30,0,,,,,,,,,,,,,,,,,,,
8/12/2023 11:15,0,,,,,,,,,,,,,,,,,,,
8/12/2023 11:00,0.2,,,,,,,,,,,,,,,,,,,
8/12/2023 10:45,0,,,,,,,,,,,,,,,,,,,
8/12/2023 10:30,0,,,,,,,,,,,,,,,,,,,
8/12/2023 10:15,0,,,,,,,,,,,,,,,,,,,
8/12/2023 10:00,0,,,,,,,,,,,,,,,,,,,
8/12/2023 9:45,0,,,,,,,,,,,,,,,,,,,
8/12/2023 9:30,0,,,,,,,,,,,,,,,,,,,
8/12/2023 9:15,0,,,,,,,,,,,,,,,,,,,
8/12/2023 9:00,0,,,,,,,,,,,,,,,,,,,
8/12/2023 8:45,0,,,,,,,,,,,,,,,,,,,
8/12/2023 8:30,0,,,,,,,,,,,,,,,,,,,
8/12/2023 8:15,0,,,,,,,,,,,,,,,,,,,
8/12/2023 8:00,0,,,,,,,,,,,,,,,,,,,
8/12/2023 7:45,0,,,,,,,,,,,,,,,,,,,
8/12/2023 7:30,0,,,,,,,,,,,,,,,,,,,
8/12/2023 7:15,0,,,,,,,,,,,,,,,,,,,
8/12/2023 7:00,0,470,,,,,,,,,,,,,,,,,,
8/12/2023 6:45,0,,,,,,,,,,,,,,,,,,,
8/12/2023 6:30,0,,,,,,,,,,,,,,,,,,,
8/12/2023 6:15,0,,,,,,,,,,,,,,,,,,,
8/12/2023 6:00,0,,,,,,,,,,,,,,,,,,,
8/12/2023 5:45,0,,,,,,,,,,,,,,,,,,,
8/12/2023 5:30,0,,,,,,,,,,,,,,,,,,,
8/12/2023 5:15,0,,,,,,,,,,,,,,,,,,,
8/12/2023 5:00,0,,,,,,,,,,,,,,,,,,,
8/12/2023 4:45,0,,,,,,,,,,,,,,,,,,,
8/12/2023 4:30,0,,,,,,,,,,,,,,,,,,,
8/12/2023 4:15,0,,,,,,,,,,,,,,,,,,,
8/12/2023 4:00,0,,,,,,,,,,,,,,,,,,,
8/12/2023 3:45,0,,,,,,,,,,,,,,,,,,,
8/12/2023 3:30,0,,,,,,,,,,,,,,,,,,,
8/12/2023 3:15,0,,,,,,,,,,,,,,,,,,,
8/12/2023 3:00,0,,,,,,,,,,,,,,,,,,,
8/12/2023 2:45,0,,,,,,,,,,,,,,,,,,,
8/12/2023 2:30,0,,,,,,,,,,,,,,,,,,,
8/12/2023 2:15,0,,,,,,,,,,,,,,,,,,,
8/12/2023 2:00,0,,,,,,,,,,,,,,,,,,,
8/12/2023 1:45,0,,,,,,,,,,,,,,,,,,,
8/12/2023 1:30,0,,,,,,,,,,,,,,,,,,,
8/12/2023 1:15,0,,,,,,,,,,,,,,,,,,,
8/12/2023 1:00,0,,,,,,,,,,,,,,,,,,,
8/12/2023 0:45,0,,,,,,,,,,,,,,,,,,,
8/12/2023 0:30,0,,,,,,,,,,,,,,,,,,,
8/12/2023 0:15,0,,,,,,,,,,,,,,,,,,,
8/12/2023 0:00,0,457,,,,,,,,,,,,,,,,,,
7/12/2023 23:45,0,459,,,,,,,,,,,,,,,,,,
7/12/2023 23:30,0,458,,,,,,,,,,,,,,,,,,
7/12/2023 23:15,0,459,,,,,,,,,,,,,,,,,,
7/12/2023 23:00,0,458,,,,,,,,,,,,,,,,,,
7/12/2023 22:45,0,458,,,,,,,,,,,,,,,,,,
7/12/2023 22:30,0,458,,,,,,,,,,,,,,,,,,
7/12/2023 22:15,0,458,,,,,,,,,,,,,,,,,,
7/12/2023 22:00,0.2,457,,,,,,,,,,,,,,,,,,
7/12/2023 21:45,0,456,,,,,,,,,,,,,,,,,,
7/12/2023 21:30,1.4,456,,,,,,,,,,,,,,,,,,
7/12/2023 21:15,0.2,457,,,,,,,,,,,,,,,,,,
7/12/2023 21:00,0,458,,,,,,,,,,,,,,,,,,
7/12/2023 20:45,0,458,,,,,,,,,,,,,,,,,,
7/12/2023 20:30,0,458,,,,,,,,,,,,,,,,,,
7/12/2023 20:15,0,,,,,,,,,,,,,,,,,,,
7/12/2023 20:00,0,,,,,,,,,,,,,,,,,,,
7/12/2023 19:45,0,,,,,,,,,,,,,,,,,,,
7/12/2023 19:30,0,,,,,,,,,,,,,,,,,,,
7/12/2023 19:15,0,,,,,,,,,,,,,,,,,,,
7/12/2023 19:00,0,,,,,,,,,,,,,,,,,,,
7/12/2023 18:45,0,,,,,,,,,,,,,,,,,,,
7/12/2023 18:30,0,,,,,,,,,,,,,,,,,,,
7/12/2023 18:15,0,,,,,,,,,,,,,,,,,,,
7/12/2023 18:00,0,,,,,,,,,,,,,,,,,,,
7/12/2023 17:45,0,,,,,,,,,,,,,,,,,,,
7/12/2023 17:30,0,,,,,,,,,,,,,,,,,,,
7/12/2023 17:15,0,,,,,,,,,,,,,,,,,,,
7/12/2023 17:00,0,475,,,,,,,,,,,,,,,,,,
7/12/2023 16:45,0,,,,,,,,,,,,,,,,,,,
7/12/2023 16:30,0,,,,,,,,,,,,,,,,,,,
7/12/2023 16:15,0,,,,,,,,,,,,,,,,,,,
7/12/2023 16:00,0,,,,,,,,,,,,,,,,,,,
7/12/2023 15:45,0,,,,,,,,,,,,,,,,,,,
7/12/2023 15:30,0,,,,,,,,,,,,,,,,,,,
7/12/2023 15:15,0,,,,,,,,,,,,,,,,,,,
7/12/2023 15:00,0,,,,,,,,,,,,,,,,,,,
7/12/2023 14:45,0,,,,,,,,,,,,,,,,,,,
7/12/2023 14:30,0,,,,,,,,,,,,,,,,,,,
7/12/2023 14:15,0,,,,,,,,,,,,,,,,,,,
7/12/2023 14:00,0,,,,,,,,,,,,,,,,,,,
7/12/2023 13:45,0,,,,,,,,,,,,,,,,,,,
7/12/2023 13:30,0,,,,,,,,,,,,,,,,,,,
7/12/2023 13:15,0,,,,,,,,,,,,,,,,,,,
7/12/2023 13:00,0,,,,,,,,,,,,,,,,,,,
7/12/2023 12:45,0,,,,,,,,,,,,,,,,,,,
7/12/2023 12:30,0,,,,,,,,,,,,,,,,,,,
7/12/2023 12:15,0,,,,,,,,,,,,,,,,,,,
7/12/2023 12:00,0,,,,,,,,,,,,,,,,,,,
7/12/2023 11:45,0,,,,,,,,,,,,,,,,,,,
7/12/2023 11:30,0,,,,,,,,,,,,,,,,,,,
7/12/2023 11:15,0,,,,,,,,,,,,,,,,,,,
7/12/2023 11:00,0,,,,,,,,,,,,,,,,,,,
7/12/2023 10:45,0.2,,,,,,,,,,,,,,,,,,,
7/12/2023 10:30,0,,,,,,,,,,,,,,,,,,,
7/12/2023 10:15,0,,,,,,,,,,,,,,,,,,,
7/12/2023 10:00,0,,,,,,,,,,,,,,,,,,,
7/12/2023 9:45,0,,,,,,,,,,,,,,,,,,,
7/12/2023 9:30,0,,,,,,,,,,,,,,,,,,,
7/12/2023 9:15,0.8,,,,,,,,,,,,,,,,,,,
7/12/2023 9:00,0.8,,,,,,,,,,,,,,,,,,,
7/12/2023 8:45,0,,,,,,,,,,,,,,,,,,,
7/12/2023 8:30,0,,,,,,,,,,,,,,,,,,,
7/12/2023 8:15,0,,,,,,,,,,,,,,,,,,,
7/12/2023 8:00,0,,,,,,,,,,,,,,,,,,,
7/12/2023 7:45,0,,,,,,,,,,,,,,,,,,,
7/12/2023 7:30,0,,,,,,,,,,,,,,,,,,,
7/12/2023 7:15,0,,,,,,,,,,,,,,,,,,,
7/12/2023 7:00,0,481,,,,,,,,,,,,,,,,,,
7/12/2023 6:45,0,,,,,,,,,,,,,,,,,,,
7/12/2023 6:30,0,,,,,,,,,,,,,,,,,,,
7/12/2023 6:15,0,,,,,,,,,,,,,,,,,,,
7/12/2023 6:00,0,,,,,,,,,,,,,,,,,,,
7/12/2023 5:45,0,,,,,,,,,,,,,,,,,,,
7/12/2023 5:30,0,,,,,,,,,,,,,,,,,,,
7/12/2023 5:15,0,,,,,,,,,,,,,,,,,,,
7/12/2023 5:00,0,,,,,,,,,,,,,,,,,,,
7/12/2023 4:45,0,,,,,,,,,,,,,,,,,,,
7/12/2023 4:30,0,,,,,,,,,,,,,,,,,,,
7/12/2023 4:15,0,,,,,,,,,,,,,,,,,,,
7/12/2023 4:00,0,,,,,,,,,,,,,,,,,,,
7/12/2023 3:45,0,,,,,,,,,,,,,,,,,,,
7/12/2023 3:30,0,,,,,,,,,,,,,,,,,,,
7/12/2023 3:15,0,,,,,,,,,,,,,,,,,,,
7/12/2023 3:00,0,,,,,,,,,,,,,,,,,,,
7/12/2023 2:45,0,,,,,,,,,,,,,,,,,,,
7/12/2023 2:30,0,,,,,,,,,,,,,,,,,,,
7/12/2023 2:15,0,,,,,,,,,,,,,,,,,,,
7/12/2023 2:00,0,,,,,,,,,,,,,,,,,,,
7/12/2023 1:45,0,,,,,,,,,,,,,,,,,,,
7/12/2023 1:30,0,,,,,,,,,,,,,,,,,,,
7/12/2023 1:15,0,,,,,,,,,,,,,,,,,,,
7/12/2023 1:00,0,,,,,,,,,,,,,,,,,,,
7/12/2023 0:45,0,,,,,,,,,,,,,,,,,,,
7/12/2023 0:30,0,,,,,,,,,,,,,,,,,,,
7/12/2023 0:15,0,,,,,,,,,,,,,,,,,,,
7/12/2023 0:00,0,,,,,,,,,,,,,,,,,,,
6/12/2023 23:45,0,,,,,,,,,,,,,,,,,,,
6/12/2023 23:30,0,,,,,,,,,,,,,,,,,,,
6/12/2023 23:15,0,,,,,,,,,,,,,,,,,,,
6/12/2023 23:00,0.2,,,,,,,,,,,,,,,,,,,
6/12/2023 22:45,0,495,,,,,,,,,,,,,,,,,,
6/12/2023 22:30,0.2,495,,,,,,,,,,,,,,,,,,
6/12/2023 22:15,0,496,,,,,,,,,,,,,,,,,,
6/12/2023 22:00,0,496,,,,,,,,,,,,,,,,,,
6/12/2023 21:45,0.4,497,,,,,,,,,,,,,,,,,,
6/12/2023 21:30,0.4,497,,,,,,,,,,,,,,,,,,
6/12/2023 21:15,0.6,498,,,,,,,,,,,,,,,,,,
6/12/2023 21:00,0,499,,,,,,,,,,,,,,,,,,
6/12/2023 20:45,0,498,,,,,,,,,,,,,,,,,,
6/12/2023 20:30,1.6,499,,,,,,,,,,,,,,,,,,
6/12/2023 20:15,0,501,,,,,,,,,,,,,,,,,,
6/12/2023 20:00,0,,,,,,,,,,,,,,,,,,,
6/12/2023 19:45,0,,,,,,,,,,,,,,,,,,,
6/12/2023 19:30,0,,,,,,,,,,,,,,,,,,,
6/12/2023 19:15,0.2,,,,,,,,,,,,,,,,,,,
6/12/2023 19:00,0.6,,,,,,,,,,,,,,,,,,,
6/12/2023 18:45,1,,,,,,,,,,,,,,,,,,,
6/12/2023 18:30,0,,,,,,,,,,,,,,,,,,,
6/12/2023 18:15,0.2,,,,,,,,,,,,,,,,,,,
6/12/2023 18:00,0,,,,,,,,,,,,,,,,,,,
6/12/2023 17:45,0.8,,,,,,,,,,,,,,,,,,,
6/12/2023 17:30,0.4,,,,,,,,,,,,,,,,,,,
6/12/2023 17:15,0.2,,,,,,,,,,,,,,,,,,,
6/12/2023 17:00,0,500,,,,,,,,,,,,,,,,,,
6/12/2023 16:45,0.4,,,,,,,,,,,,,,,,,,,
6/12/2023 16:30,0.2,,,,,,,,,,,,,,,,,,,
6/12/2023 16:15,0.4,,,,,,,,,,,,,,,,,,,
6/12/2023 16:00,0.2,,,,,,,,,,,,,,,,,,,
6/12/2023 15:45,1,,,,,,,,,,,,,,,,,,,
6/12/2023 15:30,0,,,,,,,,,,,,,,,,,,,
6/12/2023 15:15,0,,,,,,,,,,,,,,,,,,,
6/12/2023 15:00,0,,,,,,,,,,,,,,,,,,,
6/12/2023 14:45,0,,,,,,,,,,,,,,,,,,,
6/12/2023 14:30,0.4,,,,,,,,,,,,,,,,,,,
6/12/2023 14:15,0.8,,,,,,,,,,,,,,,,,,,
6/12/2023 14:00,0,,,,,,,,,,,,,,,,,,,
6/12/2023 13:45,0,,,,,,,,,,,,,,,,,,,
6/12/2023 13:30,0,,,,,,,,,,,,,,,,,,,
6/12/2023 13:15,0,,,,,,,,,,,,,,,,,,,
6/12/2023 13:00,0,,,,,,,,,,,,,,,,,,,
6/12/2023 12:45,0,,,,,,,,,,,,,,,,,,,
6/12/2023 12:30,0,,,,,,,,,,,,,,,,,,,
6/12/2023 12:15,0,,,,,,,,,,,,,,,,,,,
6/12/2023 12:00,0,,,,,,,,,,,,,,,,,,,
6/12/2023 11:45,0,,,,,,,,,,,,,,,,,,,
6/12/2023 11:30,0,,,,,,,,,,,,,,,,,,,
6/12/2023 11:15,0,,,,,,,,,,,,,,,,,,,
6/12/2023 11:00,0,,,,,,,,,,,,,,,,,,,
6/12/2023 10:45,0,,,,,,,,,,,,,,,,,,,
6/12/2023 10:30,0,,,,,,,,,,,,,,,,,,,
6/12/2023 10:15,0,,,,,,,,,,,,,,,,,,,
6/12/2023 10:00,0,,,,,,,,,,,,,,,,,,,
6/12/2023 9:45,0,,,,,,,,,,,,,,,,,,,
6/12/2023 9:30,0,,,,,,,,,,,,,,,,,,,
6/12/2023 9:15,0,,,,,,,,,,,,,,,,,,,
6/12/2023 9:00,0,,,,,,,,,,,,,,,,,,,
6/12/2023 8:45,0,,,,,,,,,,,,,,,,,,,
6/12/2023 8:30,0,,,,,,,,,,,,,,,,,,,
6/12/2023 8:15,0,,,,,,,,,,,,,,,,,,,
6/12/2023 8:00,0,,,,,,,,,,,,,,,,,,,
6/12/2023 7:45,0,,,,,,,,,,,,,,,,,,,
6/12/2023 7:30,0,,,,,,,,,,,,,,,,,,,
6/12/2023 7:15,0,,,,,,,,,,,,,,,,,,,
6/12/2023 7:00,0,528,,,,,,,,,,,,,,,,,,
6/12/2023 6:45,0,,,,,,,,,,,,,,,,,,,
6/12/2023 6:30,0,,,,,,,,,,,,,,,,,,,
6/12/2023 6:15,0,,,,,,,,,,,,,,,,,,,
6/12/2023 6:00,0,,,,,,,,,,,,,,,,,,,
6/12/2023 5:45,0,,,,,,,,,,,,,,,,,,,
6/12/2023 5:30,0,,,,,,,,,,,,,,,,,,,
6/12/2023 5:15,0,,,,,,,,,,,,,,,,,,,
6/12/2023 5:00,0,,,,,,,,,,,,,,,,,,,
6/12/2023 4:45,0,,,,,,,,,,,,,,,,,,,
6/12/2023 4:30,0,,,,,,,,,,,,,,,,,,,
6/12/2023 4:15,0,,,,,,,,,,,,,,,,,,,
6/12/2023 4:00,0,,,,,,,,,,,,,,,,,,,
6/12/2023 3:45,0,,,,,,,,,,,,,,,,,,,
6/12/2023 3:30,0,,,,,,,,,,,,,,,,,,,
6/12/2023 3:15,0,,,,,,,,,,,,,,,,,,,
6/12/2023 3:00,0,,,,,,,,,,,,,,,,,,,
6/12/2023 2:45,0,,,,,,,,,,,,,,,,,,,
6/12/2023 2:30,0,,,,,,,,,,,,,,,,,,,
6/12/2023 2:15,0,,,,,,,,,,,,,,,,,,,
6/12/2023 2:00,0,,,,,,,,,,,,,,,,,,,
6/12/2023 1:45,0,,,,,,,,,,,,,,,,,,,
6/12/2023 1:30,0,,,,,,,,,,,,,,,,,,,
6/12/2023 1:15,0,,,,,,,,,,,,,,,,,,,
6/12/2023 1:00,0,,,,,,,,,,,,,,,,,,,
6/12/2023 0:45,0,,,,,,,,,,,,,,,,,,,
6/12/2023 0:30,0,,,,,,,,,,,,,,,,,,,
6/12/2023 0:15,0,,,,,,,,,,,,,,,,,,,
6/12/2023 0:00,0,,,,,,,,,,,,,,,,,,,
5/12/2023 23:45,0,,,,,,,,,,,,,,,,,,,
5/12/2023 23:30,0,540,,,,,,,,,,,,,,,,,,
5/12/2023 23:15,0,542,,,,,,,,,,,,,,,,,,
5/12/2023 23:00,0,541,,,,,,,,,,,,,,,,,,
5/12/2023 22:45,0,542,,,,,,,,,,,,,,,,,,
5/12/2023 22:30,0,543,,,,,,,,,,,,,,,,,,
5/12/2023 22:15,0,543,,,,,,,,,,,,,,,,,,
5/12/2023 22:00,0,543,,,,,,,,,,,,,,,,,,
5/12/2023 21:45,0,545,,,,,,,,,,,,,,,,,,
5/12/2023 21:30,0,545,,,,,,,,,,,,,,,,,,
5/12/2023 21:15,0,545,,,,,,,,,,,,,,,,,,
5/12/2023 21:00,0,545,,,,,,,,,,,,,,,,,,
5/12/2023 20:45,0,547,,,,,,,,,,,,,,,,,,
5/12/2023 20:30,0,547,,,,,,,,,,,,,,,,,,
5/12/2023 20:15,0,548,,,,,,,,,,,,,,,,,,
5/12/2023 20:00,0,,,,,,,,,,,,,,,,,,,
5/12/2023 19:45,0,,,,,,,,,,,,,,,,,,,
5/12/2023 19:30,0,,,,,,,,,,,,,,,,,,,
5/12/2023 19:15,0,,,,,,,,,,,,,,,,,,,
5/12/2023 19:00,0,,,,,,,,,,,,,,,,,,,
5/12/2023 18:45,0,,,,,,,,,,,,,,,,,,,
5/12/2023 18:30,0,,,,,,,,,,,,,,,,,,,
5/12/2023 18:15,0,,,,,,,,,,,,,,,,,,,
5/12/2023 18:00,0,,,,,,,,,,,,,,,,,,,
5/12/2023 17:45,0,,,,,,,,,,,,,,,,,,,
5/12/2023 17:30,0,,,,,,,,,,,,,,,,,,,
5/12/2023 17:15,0,,,,,,,,,,,,,,,,,,,
5/12/2023 17:00,0,552,,,,,,,,,,,,,,,,,,
5/12/2023 16:45,0,,,,,,,,,,,,,,,,,,,
5/12/2023 16:30,0,,,,,,,,,,,,,,,,,,,
5/12/2023 16:15,0,,,,,,,,,,,,,,,,,,,
5/12/2023 16:00,0,,,,,,,,,,,,,,,,,,,
5/12/2023 15:45,0,,,,,,,,,,,,,,,,,,,
5/12/2023 15:30,0,,,,,,,,,,,,,,,,,,,
5/12/2023 15:15,0,,,,,,,,,,,,,,,,,,,
5/12/2023 15:00,0,,,,,,,,,,,,,,,,,,,
5/12/2023 14:45,0,,,,,,,,,,,,,,,,,,,
5/12/2023 14:30,0,,,,,,,,,,,,,,,,,,,
5/12/2023 14:15,0,,,,,,,,,,,,,,,,,,,
5/12/2023 14:00,0,,,,,,,,,,,,,,,,,,,
5/12/2023 13:45,0,,,,,,,,,,,,,,,,,,,
5/12/2023 13:30,0,,,,,,,,,,,,,,,,,,,
5/12/2023 13:15,0,,,,,,,,,,,,,,,,,,,
5/12/2023 13:00,0,,,,,,,,,,,,,,,,,,,
5/12/2023 12:45,0,,,,,,,,,,,,,,,,,,,
5/12/2023 12:30,0,,,,,,,,,,,,,,,,,,,
5/12/2023 12:15,0,,,,,,,,,,,,,,,,,,,
5/12/2023 12:00,0,,,,,,,,,,,,,,,,,,,
5/12/2023 11:45,0,,,,,,,,,,,,,,,,,,,
5/12/2023 11:30,0,,,,,,,,,,,,,,,,,,,
5/12/2023 11:15,0,,,,,,,,,,,,,,,,,,,
5/12/2023 11:00,0,,,,,,,,,,,,,,,,,,,
5/12/2023 10:45,0,,,,,,,,,,,,,,,,,,,
5/12/2023 10:30,0,,,,,,,,,,,,,,,,,,,
5/12/2023 10:15,0,,,,,,,,,,,,,,,,,,,
5/12/2023 10:00,0,,,,,,,,,,,,,,,,,,,
5/12/2023 9:45,0,,,,,,,,,,,,,,,,,,,
5/12/2023 9:30,0,,,,,,,,,,,,,,,,,,,
5/12/2023 9:15,0,,,,,,,,,,,,,,,,,,,
5/12/2023 9:00,0,,,,,,,,,,,,,,,,,,,
5/12/2023 8:45,0,,,,,,,,,,,,,,,,,,,
5/12/2023 8:30,0,,,,,,,,,,,,,,,,,,,
5/12/2023 8:15,0,,,,,,,,,,,,,,,,,,,
5/12/2023 8:00,0,,,,,,,,,,,,,,,,,,,
5/12/2023 7:45,0,,,,,,,,,,,,,,,,,,,
5/12/2023 7:30,0,,,,,,,,,,,,,,,,,,,
5/12/2023 7:15,0,,,,,,,,,,,,,,,,,,,
5/12/2023 7:00,0,573,,,,,,,,,,,,,,,,,,
5/12/2023 6:45,0,,,,,,,,,,,,,,,,,,,
5/12/2023 6:30,0,,,,,,,,,,,,,,,,,,,
5/12/2023 6:15,0,,,,,,,,,,,,,,,,,,,
5/12/2023 6:00,0,,,,,,,,,,,,,,,,,,,
5/12/2023 5:45,0,,,,,,,,,,,,,,,,,,,
5/12/2023 5:30,0,,,,,,,,,,,,,,,,,,,
5/12/2023 5:15,0,,,,,,,,,,,,,,,,,,,
5/12/2023 5:00,0,,,,,,,,,,,,,,,,,,,
5/12/2023 4:45,0,,,,,,,,,,,,,,,,,,,
5/12/2023 4:30,0,,,,,,,,,,,,,,,,,,,
5/12/2023 4:15,0,,,,,,,,,,,,,,,,,,,
5/12/2023 4:00,0,,,,,,,,,,,,,,,,,,,
5/12/2023 3:45,0,,,,,,,,,,,,,,,,,,,
5/12/2023 3:30,0,,,,,,,,,,,,,,,,,,,
5/12/2023 3:15,0,,,,,,,,,,,,,,,,,,,
5/12/2023 3:00,0,,,,,,,,,,,,,,,,,,,
5/12/2023 2:45,0,,,,,,,,,,,,,,,,,,,
5/12/2023 2:30,0,,,,,,,,,,,,,,,,,,,
5/12/2023 2:15,0,,,,,,,,,,,,,,,,,,,
5/12/2023 2:00,0,,,,,,,,,,,,,,,,,,,
5/12/2023 1:45,0,,,,,,,,,,,,,,,,,,,
5/12/2023 1:30,0,,,,,,,,,,,,,,,,,,,
5/12/2023 1:15,0,,,,,,,,,,,,,,,,,,,
5/12/2023 1:00,0,,,,,,,,,,,,,,,,,,,
5/12/2023 0:45,0,,,,,,,,,,,,,,,,,,,
5/12/2023 0:30,0,,,,,,,,,,,,,,,,,,,
5/12/2023 0:15,0,,,,,,,,,,,,,,,,,,,
5/12/2023 0:00,0,,,,,,,,,,,,,,,,,,,
4/12/2023 23:45,0,,,,,,,,,,,,,,,,,,,
4/12/2023 23:30,0,,,,,,,,,,,,,,,,,,,
4/12/2023 23:15,0,,,,,,,,,,,,,,,,,,,
4/12/2023 23:00,0,,,,,,,,,,,,,,,,,,,
4/12/2023 22:45,0,,,,,,,,,,,,,,,,,,,
4/12/2023 22:30,0,,,,,,,,,,,,,,,,,,,
4/12/2023 22:15,0,,,,,,,,,,,,,,,,,,,
4/12/2023 22:00,0,,,,,,,,,,,,,,,,,,,
4/12/2023 21:45,0,,,,,,,,,,,,,,,,,,,
4/12/2023 21:30,0,,,,,,,,,,,,,,,,,,,
4/12/2023 21:15,0,,,,,,,,,,,,,,,,,,,
4/12/2023 21:00,0,,,,,,,,,,,,,,,,,,,
