Data/Hora,Chuva Horária (mm),Nível adotado (cm),,,,,,,,,,,,,,,,,,
3/6/2024 17:00,,470,,,,,,,,,,,,,,,,,,
3/6/2024 7:00,,480,,,,,,,,,,,,,,,,,,
2/6/2024 17:00,,472,,,,,,,,,,,,,,,,,,
2/6/2024 7:00,,484,,,,,,,,,,,,,,,,,,
1/6/2024 17:00,,508,,,,,,,,,,,,,,,,,,
1/6/2024 7:00,,520,,,,,,,,,,,,,,,,,,
31/05/2024 17:00:00,,558,,,,,,,,,,,,,,,,,,
31/05/2024 07:00:00,,570,,,,,,,,,,,,,,,,,,
30/05/2024 17:00:00,,600,,,,,,,,,,,,,,,,,,
30/05/2024 07:00:00,,616,,,,,,,,,,,,,,,,,,
29/05/2024 17:00:00,,632,,,,,,,,,,,,,,,,,,
29/05/2024 07:00:00,,640,,,,,,,,,,,,,,,,,,
28/05/2024 17:00:00,,600,,,,,,,,,,,,,,,,,,
28/05/2024 07:00:00,,620,,,,,,,,,,,,,,,,,,
27/05/2024 17:00:00,,640,,,,,,,,,,,,,,,,,,
27/05/2024 07:00:00,,660,,,,,,,,,,,,,,,,,,
26/05/2024 07:00:00,,762,,,,,,,,,,,,,,,,,,
25/05/2024 17:00:00,,806,,,,,,,,,,,,,,,,,,
25/05/2024 07:00:00,,826,,,,,,,,,,,,,,,,,,
24/05/2024 16:00:00,,840,,,,,,,,,,,,,,,,,,
24/05/2024 07:00:00,,860,,,,,,,,,,,,,,,,,,
23/05/2024 07:00:00,,544,,,,,,,,,,,,,,,,,,
22/05/2024 17:00:00,,558,,,,,,,,,,,,,,,,,,
22/05/2024 07:00:00,,590,,,,,,,,,,,,,,,,,,
21/05/2024 17:00:00,,630,,,,,,,,,,,,,,,,,,
21/05/2024 07:00:00,,634,,,,,,,,,,,,,,,,,,
20/05/2024 17:00:00,,694,,,,,,,,,,,,,,,,,,
20/05/2024 07:00:00,,710,,,,,,,,,,,,,,,,,,
19/05/2024 07:00:00,,806,,,,,,,,,,,,,,,,,,
18/05/2024 07:00:00,,790,,,,,,,,,,,,,,,,,,
17/05/2024 07:00:00,,840,,,,,,,,,,,,,,,,,,
16/05/2024 17:00:00,,930,,,,,,,,,,,,,,,,,,
16/05/2024 07:00:00,,1020,,,,,,,,,,,,,,,,,,
15/05/2024 17:00:00,,1142,,,,,,,,,,,,,,,,,,
15/05/2024 07:00:00,,1322,,,,,,,,,,,,,,,,,,
14/05/2024 17:00:00,,1394,,,,,,,,,,,,,,,,,,
11/5/2024 7:00,,1014,,,,,,,,,,,,,,,,,,
11/5/2024 0:07,,,,,,,,,,,,,,,,,,,,
10/5/2024 7:00,,914,,,,,,,,,,,,,,,,,,
9/5/2024 17:00,,956,,,,,,,,,,,,,,,,,,
9/5/2024 7:00,,990,,,,,,,,,,,,,,,,,,
8/5/2024 17:00,,1050,,,,,,,,,,,,,,,,,,
8/5/2024 12:00,,1074,,,,,,,,,,,,,,,,,,
8/5/2024 7:00,,1074,,,,,,,,,,,,,,,,,,
7/5/2024 17:00,,1218,,,,,,,,,,,,,,,,,,
7/5/2024 13:00,,1218,,,,,,,,,,,,,,,,,,
2/5/2024 11:30,0.2,,,,,,,,,,,,,,,,,,,
2/5/2024 11:15,0,,,,,,,,,,,,,,,,,,,
2/5/2024 11:00,0,,,,,,,,,,,,,,,,,,,
2/5/2024 10:45,0,,,,,,,,,,,,,,,,,,,
2/5/2024 10:30,0,,,,,,,,,,,,,,,,,,,
2/5/2024 10:15,0.4,,,,,,,,,,,,,,,,,,,
2/5/2024 10:00,0.2,,,,,,,,,,,,,,,,,,,
2/5/2024 9:45,0.6,,,,,,,,,,,,,,,,,,,
2/5/2024 9:30,0.4,,,,,,,,,,,,,,,,,,,
2/5/2024 9:15,0.2,,,,,,,,,,,,,,,,,,,
2/5/2024 9:00,0,,,,,,,,,,,,,,,,,,,
2/5/2024 8:45,0,,,,,,,,,,,,,,,,,,,
2/5/2024 8:30,0,,,,,,,,,,,,,,,,,,,
2/5/2024 8:15,0,1654,,,,,,,,,,,,,,,,,,
2/5/2024 8:00,0,1651,,,,,,,,,,,,,,,,,,
2/5/2024 7:45,0,1649,,,,,,,,,,,,,,,,,,
2/5/2024 7:30,0,1659,,,,,,,,,,,,,,,,,,
2/5/2024 7:15,0,1657,,,,,,,,,,,,,,,,,,
2/5/2024 7:00,0,1649,,,,,,,,,,,,,,,,,,
2/5/2024 6:45,0,1656,,,,,,,,,,,,,,,,,,
2/5/2024 6:30,0.4,1649,,,,,,,,,,,,,,,,,,
2/5/2024 6:15,0,1648,,,,,,,,,,,,,,,,,,
2/5/2024 6:00,0,1648,,,,,,,,,,,,,,,,,,
2/5/2024 5:45,0,1645,,,,,,,,,,,,,,,,,,
2/5/2024 5:30,0,1650,,,,,,,,,,,,,,,,,,
2/5/2024 5:15,0,1652,,,,,,,,,,,,,,,,,,
2/5/2024 5:00,0,1646,,,,,,,,,,,,,,,,,,
2/5/2024 4:45,0.6,1647,,,,,,,,,,,,,,,,,,
2/5/2024 4:30,0.4,1644,,,,,,,,,,,,,,,,,,
2/5/2024 4:15,0.2,1641,,,,,,,,,,,,,,,,,,
2/5/2024 4:00,0.2,1640,,,,,,,,,,,,,,,,,,
2/5/2024 3:45,0.4,1637,,,,,,,,,,,,,,,,,,
2/5/2024 3:30,1.4,1631,,,,,,,,,,,,,,,,,,
2/5/2024 3:15,1,1628,,,,,,,,,,,,,,,,,,
2/5/2024 3:00,0.8,1627,,,,,,,,,,,,,,,,,,
2/5/2024 2:45,1.2,1621,,,,,,,,,,,,,,,,,,
2/5/2024 2:30,0.6,1616,,,,,,,,,,,,,,,,,,
2/5/2024 2:15,1,1614,,,,,,,,,,,,,,,,,,
2/5/2024 2:00,1.4,1612,,,,,,,,,,,,,,,,,,
2/5/2024 1:45,10.6,1609,,,,,,,,,,,,,,,,,,
2/5/2024 1:30,5.4,1605,,,,,,,,,,,,,,,,,,
2/5/2024 1:15,4.2,1602,,,,,,,,,,,,,,,,,,
2/5/2024 1:00,1.4,1597,,,,,,,,,,,,,,,,,,
2/5/2024 0:45,4.6,1594,,,,,,,,,,,,,,,,,,
2/5/2024 0:30,0.6,1590,,,,,,,,,,,,,,,,,,
2/5/2024 0:15,0.8,1590,,,,,,,,,,,,,,,,,,
2/5/2024 0:00,0.2,1584,,,,,,,,,,,,,,,,,,
1/5/2024 23:45,0.2,1582,,,,,,,,,,,,,,,,,,
1/5/2024 23:30,0,1578,,,,,,,,,,,,,,,,,,
1/5/2024 23:15,0.4,1575,,,,,,,,,,,,,,,,,,
1/5/2024 23:00,0.2,1572,,,,,,,,,,,,,,,,,,
1/5/2024 22:45,0,1571,,,,,,,,,,,,,,,,,,
1/5/2024 22:30,0.6,1569,,,,,,,,,,,,,,,,,,
1/5/2024 22:15,0.6,1567,,,,,,,,,,,,,,,,,,
1/5/2024 22:00,0.2,1563,,,,,,,,,,,,,,,,,,
1/5/2024 21:45,0,1562,,,,,,,,,,,,,,,,,,
1/5/2024 21:30,0,1557,,,,,,,,,,,,,,,,,,
1/5/2024 21:15,0,1556,,,,,,,,,,,,,,,,,,
1/5/2024 21:00,0.2,1555,,,,,,,,,,,,,,,,,,
1/5/2024 20:45,0,1551,,,,,,,,,,,,,,,,,,
1/5/2024 20:30,0.8,1551,,,,,,,,,,,,,,,,,,
1/5/2024 20:15,0.4,1551,,,,,,,,,,,,,,,,,,
1/5/2024 20:00,0,1548,,,,,,,,,,,,,,,,,,
1/5/2024 19:45,0,1546,,,,,,,,,,,,,,,,,,
1/5/2024 19:30,0,1547,,,,,,,,,,,,,,,,,,
1/5/2024 19:15,0,1546,,,,,,,,,,,,,,,,,,
1/5/2024 19:00,0.2,1545,,,,,,,,,,,,,,,,,,
1/5/2024 18:45,1.4,1542,,,,,,,,,,,,,,,,,,
1/5/2024 18:30,0.2,1541,,,,,,,,,,,,,,,,,,
1/5/2024 18:15,1.2,1540,,,,,,,,,,,,,,,,,,
1/5/2024 18:00,0,1540,,,,,,,,,,,,,,,,,,
1/5/2024 17:45,0,1539,,,,,,,,,,,,,,,,,,
1/5/2024 17:30,0,1537,,,,,,,,,,,,,,,,,,
1/5/2024 17:15,0.2,1536,,,,,,,,,,,,,,,,,,
1/5/2024 17:00,0,1537,,,,,,,,,,,,,,,,,,
1/5/2024 16:45,1.2,1536,,,,,,,,,,,,,,,,,,
1/5/2024 16:30,1.4,1534,,,,,,,,,,,,,,,,,,
1/5/2024 16:15,0.4,1532,,,,,,,,,,,,,,,,,,
1/5/2024 16:00,0.4,1532,,,,,,,,,,,,,,,,,,
1/5/2024 15:45,0.8,1532,,,,,,,,,,,,,,,,,,
1/5/2024 15:30,3.2,1530,,,,,,,,,,,,,,,,,,
1/5/2024 15:15,1.8,1530,,,,,,,,,,,,,,,,,,
1/5/2024 15:00,2.2,1529,,,,,,,,,,,,,,,,,,
1/5/2024 14:45,1.4,1529,,,,,,,,,,,,,,,,,,
1/5/2024 14:30,1.4,1528,,,,,,,,,,,,,,,,,,
1/5/2024 14:15,1.8,1527,,,,,,,,,,,,,,,,,,
1/5/2024 14:00,1.2,1527,,,,,,,,,,,,,,,,,,
1/5/2024 13:45,1,1526,,,,,,,,,,,,,,,,,,
1/5/2024 13:30,1,1525,,,,,,,,,,,,,,,,,,
1/5/2024 13:15,1.4,1523,,,,,,,,,,,,,,,,,,
1/5/2024 13:00,2,1524,,,,,,,,,,,,,,,,,,
1/5/2024 12:45,1.8,1524,,,,,,,,,,,,,,,,,,
1/5/2024 12:30,2,1524,,,,,,,,,,,,,,,,,,
1/5/2024 12:15,1.8,1524,,,,,,,,,,,,,,,,,,
1/5/2024 12:00,5.4,1523,,,,,,,,,,,,,,,,,,
1/5/2024 11:45,5.2,1520,,,,,,,,,,,,,,,,,,
1/5/2024 11:30,3.6,1519,,,,,,,,,,,,,,,,,,
1/5/2024 11:15,1.2,1519,,,,,,,,,,,,,,,,,,
1/5/2024 11:00,0.2,1517,,,,,,,,,,,,,,,,,,
1/5/2024 10:45,0.4,1517,,,,,,,,,,,,,,,,,,
1/5/2024 10:30,0.2,1516,,,,,,,,,,,,,,,,,,
1/5/2024 10:15,1.2,1514,,,,,,,,,,,,,,,,,,
1/5/2024 10:00,0.8,1512,,,,,,,,,,,,,,,,,,
1/5/2024 9:45,0.8,1511,,,,,,,,,,,,,,,,,,
1/5/2024 9:30,1.4,1513,,,,,,,,,,,,,,,,,,
1/5/2024 9:15,1,1512,,,,,,,,,,,,,,,,,,
1/5/2024 9:00,0.8,1509,,,,,,,,,,,,,,,,,,
1/5/2024 8:45,1,1508,,,,,,,,,,,,,,,,,,
1/5/2024 8:30,1,1509,,,,,,,,,,,,,,,,,,
1/5/2024 8:15,0.2,1508,,,,,,,,,,,,,,,,,,
1/5/2024 8:00,0.2,1506,,,,,,,,,,,,,,,,,,
1/5/2024 7:45,0.2,1504,,,,,,,,,,,,,,,,,,
1/5/2024 7:30,0.6,1502,,,,,,,,,,,,,,,,,,
1/5/2024 7:15,0,1501,,,,,,,,,,,,,,,,,,
1/5/2024 7:00,0,1500,,,,,,,,,,,,,,,,,,
1/5/2024 6:45,0.2,1496,,,,,,,,,,,,,,,,,,
1/5/2024 6:30,0.2,1495,,,,,,,,,,,,,,,,,,
1/5/2024 6:15,0.2,1494,,,,,,,,,,,,,,,,,,
1/5/2024 6:00,0.2,1491,,,,,,,,,,,,,,,,,,
1/5/2024 5:45,0,1488,,,,,,,,,,,,,,,,,,
1/5/2024 5:30,0.2,1485,,,,,,,,,,,,,,,,,,
1/5/2024 5:15,0,1483,,,,,,,,,,,,,,,,,,
1/5/2024 5:00,0.2,1481,,,,,,,,,,,,,,,,,,
1/5/2024 4:45,4.6,1478,,,,,,,,,,,,,,,,,,
1/5/2024 4:30,0.8,1475,,,,,,,,,,,,,,,,,,
1/5/2024 4:15,0.2,1472,,,,,,,,,,,,,,,,,,
1/5/2024 4:00,0.4,1468,,,,,,,,,,,,,,,,,,
1/5/2024 3:45,2.2,1466,,,,,,,,,,,,,,,,,,
1/5/2024 3:30,2,1463,,,,,,,,,,,,,,,,,,
1/5/2024 3:15,0.2,1461,,,,,,,,,,,,,,,,,,
1/5/2024 3:00,0.6,1457,,,,,,,,,,,,,,,,,,
1/5/2024 2:45,0.8,1454,,,,,,,,,,,,,,,,,,
1/5/2024 2:30,0,1451,,,,,,,,,,,,,,,,,,
1/5/2024 2:15,0.2,1449,,,,,,,,,,,,,,,,,,
1/5/2024 2:00,0.4,1445,,,,,,,,,,,,,,,,,,
1/5/2024 1:45,0.2,1440,,,,,,,,,,,,,,,,,,
1/5/2024 1:30,0.2,1438,,,,,,,,,,,,,,,,,,
1/5/2024 1:15,0.2,1436,,,,,,,,,,,,,,,,,,
1/5/2024 1:00,0.2,1433,,,,,,,,,,,,,,,,,,
1/5/2024 0:45,0.4,1431,,,,,,,,,,,,,,,,,,
1/5/2024 0:30,0,1429,,,,,,,,,,,,,,,,,,
1/5/2024 0:15,0.2,1427,,,,,,,,,,,,,,,,,,
1/5/2024 0:00,0.2,1425,,,,,,,,,,,,,,,,,,
30/04/2024 23:45:00,0.2,1423,,,,,,,,,,,,,,,,,,
30/04/2024 23:30:00,0,1421,,,,,,,,,,,,,,,,,,
30/04/2024 23:15:00,0,1421,,,,,,,,,,,,,,,,,,
30/04/2024 23:00:00,0,1419,,,,,,,,,,,,,,,,,,
30/04/2024 22:45:00,0,1419,,,,,,,,,,,,,,,,,,
30/04/2024 22:30:00,0,1418,,,,,,,,,,,,,,,,,,
30/04/2024 22:15:00,0.2,1417,,,,,,,,,,,,,,,,,,
30/04/2024 22:00:00,0,1416,,,,,,,,,,,,,,,,,,
30/04/2024 21:45:00,1.6,1414,,,,,,,,,,,,,,,,,,
30/04/2024 21:30:00,2,1412,,,,,,,,,,,,,,,,,,
30/04/2024 21:15:00,0.4,1412,,,,,,,,,,,,,,,,,,
30/04/2024 21:00:00,0.2,1409,,,,,,,,,,,,,,,,,,
30/04/2024 20:45:00,0,1408,,,,,,,,,,,,,,,,,,
30/04/2024 20:30:00,0,1405,,,,,,,,,,,,,,,,,,
30/04/2024 20:15:00,0.2,1406,,,,,,,,,,,,,,,,,,
30/04/2024 20:00:00,0.4,1403,,,,,,,,,,,,,,,,,,
30/04/2024 19:45:00,0.2,1402,,,,,,,,,,,,,,,,,,
30/04/2024 19:30:00,0.2,1400,,,,,,,,,,,,,,,,,,
30/04/2024 19:15:00,0.2,1398,,,,,,,,,,,,,,,,,,
30/04/2024 19:00:00,0.6,1398,,,,,,,,,,,,,,,,,,
30/04/2024 18:45:00,1,1395,,,,,,,,,,,,,,,,,,
30/04/2024 18:30:00,0.6,1392,,,,,,,,,,,,,,,,,,
30/04/2024 18:15:00,0.2,1392,,,,,,,,,,,,,,,,,,
30/04/2024 18:00:00,0.6,1389,,,,,,,,,,,,,,,,,,
30/04/2024 17:45:00,0,1388,,,,,,,,,,,,,,,,,,
30/04/2024 17:30:00,0.4,1385,,,,,,,,,,,,,,,,,,
30/04/2024 17:15:00,0.8,1383,,,,,,,,,,,,,,,,,,
30/04/2024 17:00:00,0.8,1380,,,,,,,,,,,,,,,,,,
30/04/2024 16:45:00,0.2,1376,,,,,,,,,,,,,,,,,,
30/04/2024 16:30:00,0.2,1373,,,,,,,,,,,,,,,,,,
30/04/2024 16:15:00,0.2,1369,,,,,,,,,,,,,,,,,,
30/04/2024 16:00:00,0.2,1364,,,,,,,,,,,,,,,,,,
30/04/2024 15:45:00,1.4,1360,,,,,,,,,,,,,,,,,,
30/04/2024 15:30:00,5.4,1355,,,,,,,,,,,,,,,,,,
30/04/2024 15:15:00,5,1350,,,,,,,,,,,,,,,,,,
30/04/2024 15:00:00,1.6,1344,,,,,,,,,,,,,,,,,,
30/04/2024 14:45:00,0.4,1336,,,,,,,,,,,,,,,,,,
30/04/2024 14:30:00,0.8,1331,,,,,,,,,,,,,,,,,,
30/04/2024 14:15:00,0.4,1324,,,,,,,,,,,,,,,,,,
30/04/2024 14:00:00,0.2,1314,,,,,,,,,,,,,,,,,,
30/04/2024 13:45:00,0.2,1306,,,,,,,,,,,,,,,,,,
30/04/2024 13:30:00,0.2,1298,,,,,,,,,,,,,,,,,,
30/04/2024 13:15:00,0.6,1289,,,,,,,,,,,,,,,,,,
30/04/2024 13:00:00,0.4,1280,,,,,,,,,,,,,,,,,,
30/04/2024 12:45:00,0.2,1271,,,,,,,,,,,,,,,,,,
30/04/2024 12:30:00,0.4,1261,,,,,,,,,,,,,,,,,,
30/04/2024 12:15:00,0.4,1250,,,,,,,,,,,,,,,,,,
30/04/2024 12:00:00,1,1240,,,,,,,,,,,,,,,,,,
30/04/2024 11:45:00,1,1228,,,,,,,,,,,,,,,,,,
30/04/2024 11:30:00,0.6,1219,,,,,,,,,,,,,,,,,,
30/04/2024 11:15:00,0.6,1207,,,,,,,,,,,,,,,,,,
30/04/2024 11:00:00,0.8,1196,,,,,,,,,,,,,,,,,,
30/04/2024 10:45:00,1.4,1186,,,,,,,,,,,,,,,,,,
30/04/2024 10:30:00,1.4,1174,,,,,,,,,,,,,,,,,,
30/04/2024 10:15:00,1.8,1163,,,,,,,,,,,,,,,,,,
30/04/2024 10:00:00,2,1154,,,,,,,,,,,,,,,,,,
30/04/2024 09:45:00,2.6,1144,,,,,,,,,,,,,,,,,,
30/04/2024 09:30:00,6.8,1134,,,,,,,,,,,,,,,,,,
30/04/2024 09:15:00,3.2,1125,,,,,,,,,,,,,,,,,,
30/04/2024 09:00:00,2.8,1116,,,,,,,,,,,,,,,,,,
30/04/2024 08:45:00,3.4,1107,,,,,,,,,,,,,,,,,,
30/04/2024 08:30:00,3.2,1098,,,,,,,,,,,,,,,,,,
30/04/2024 08:15:00,2,1091,,,,,,,,,,,,,,,,,,
30/04/2024 08:00:00,1.8,1083,,,,,,,,,,,,,,,,,,
30/04/2024 07:45:00,0,1074,,,,,,,,,,,,,,,,,,
30/04/2024 07:30:00,0,1068,,,,,,,,,,,,,,,,,,
30/04/2024 07:15:00,0,1060,,,,,,,,,,,,,,,,,,
30/04/2024 07:00:00,0.4,1054,,,,,,,,,,,,,,,,,,
30/04/2024 06:45:00,0.6,1047,,,,,,,,,,,,,,,,,,
30/04/2024 06:30:00,0.8,1041,,,,,,,,,,,,,,,,,,
30/04/2024 06:15:00,1.6,1034,,,,,,,,,,,,,,,,,,
30/04/2024 06:00:00,1.4,1029,,,,,,,,,,,,,,,,,,
30/04/2024 05:45:00,1,1022,,,,,,,,,,,,,,,,,,
30/04/2024 05:30:00,0.8,1016,,,,,,,,,,,,,,,,,,
30/04/2024 05:15:00,0.4,1009,,,,,,,,,,,,,,,,,,
30/04/2024 05:00:00,0.4,1002,,,,,,,,,,,,,,,,,,
30/04/2024 04:45:00,0.6,996,,,,,,,,,,,,,,,,,,
30/04/2024 04:30:00,0.8,988,,,,,,,,,,,,,,,,,,
30/04/2024 04:15:00,0.4,981,,,,,,,,,,,,,,,,,,
30/04/2024 04:00:00,0.6,974,,,,,,,,,,,,,,,,,,
30/04/2024 03:45:00,0.4,968,,,,,,,,,,,,,,,,,,
30/04/2024 03:30:00,1.2,963,,,,,,,,,,,,,,,,,,
30/04/2024 03:15:00,3.4,958,,,,,,,,,,,,,,,,,,
30/04/2024 03:00:00,5.4,951,,,,,,,,,,,,,,,,,,
30/04/2024 02:45:00,8,944,,,,,,,,,,,,,,,,,,
30/04/2024 02:30:00,0,938,,,,,,,,,,,,,,,,,,
30/04/2024 02:15:00,0,932,,,,,,,,,,,,,,,,,,
30/04/2024 02:00:00,0,927,,,,,,,,,,,,,,,,,,
30/04/2024 01:45:00,0,920,,,,,,,,,,,,,,,,,,
30/04/2024 01:30:00,0,914,,,,,,,,,,,,,,,,,,
30/04/2024 01:15:00,0,905,,,,,,,,,,,,,,,,,,
30/04/2024 01:00:00,0,896,,,,,,,,,,,,,,,,,,
30/04/2024 00:45:00,0,883,,,,,,,,,,,,,,,,,,
30/04/2024 00:30:00,0,864,,,,,,,,,,,,,,,,,,
30/04/2024 00:15:00,0,847,,,,,,,,,,,,,,,,,,
30/04/2024 00:00:00,0.2,827,,,,,,,,,,,,,,,,,,
29/04/2024 23:45:00,0,814,,,,,,,,,,,,,,,,,,
29/04/2024 23:30:00,0,805,,,,,,,,,,,,,,,,,,
29/04/2024 23:15:00,0,795,,,,,,,,,,,,,,,,,,
29/04/2024 23:00:00,0,782,,,,,,,,,,,,,,,,,,
29/04/2024 22:45:00,0,764,,,,,,,,,,,,,,,,,,
29/04/2024 22:30:00,0,748,,,,,,,,,,,,,,,,,,
29/04/2024 22:15:00,0,730,,,,,,,,,,,,,,,,,,
29/04/2024 22:00:00,0,713,,,,,,,,,,,,,,,,,,
29/04/2024 21:45:00,0,702,,,,,,,,,,,,,,,,,,
29/04/2024 21:30:00,0,671,,,,,,,,,,,,,,,,,,
29/04/2024 21:15:00,0,649,,,,,,,,,,,,,,,,,,
29/04/2024 21:00:00,0,637,,,,,,,,,,,,,,,,,,
29/04/2024 20:45:00,0,623,,,,,,,,,,,,,,,,,,
29/04/2024 20:30:00,0.2,623,,,,,,,,,,,,,,,,,,
29/04/2024 20:15:00,0.2,606,,,,,,,,,,,,,,,,,,
29/04/2024 20:00:00,0.6,582,,,,,,,,,,,,,,,,,,
29/04/2024 19:45:00,6.4,571,,,,,,,,,,,,,,,,,,
29/04/2024 19:30:00,0.8,558,,,,,,,,,,,,,,,,,,
29/04/2024 19:15:00,0.4,544,,,,,,,,,,,,,,,,,,
29/04/2024 19:00:00,0.2,528,,,,,,,,,,,,,,,,,,
29/04/2024 18:45:00,0.2,513,,,,,,,,,,,,,,,,,,
29/04/2024 18:30:00,0.2,493,,,,,,,,,,,,,,,,,,
29/04/2024 18:15:00,0.4,480,,,,,,,,,,,,,,,,,,
29/04/2024 18:00:00,0,473,,,,,,,,,,,,,,,,,,
29/04/2024 17:45:00,0.2,465,,,,,,,,,,,,,,,,,,
29/04/2024 17:30:00,0.2,456,,,,,,,,,,,,,,,,,,
29/04/2024 17:15:00,0.8,455,,,,,,,,,,,,,,,,,,
29/04/2024 17:00:00,3.2,454,,,,,,,,,,,,,,,,,,
29/04/2024 16:45:00,4.4,455,,,,,,,,,,,,,,,,,,
29/04/2024 16:30:00,8,453,,,,,,,,,,,,,,,,,,
29/04/2024 16:15:00,1.4,453,,,,,,,,,,,,,,,,,,
29/04/2024 16:00:00,1.2,453,,,,,,,,,,,,,,,,,,
29/04/2024 15:45:00,0.2,453,,,,,,,,,,,,,,,,,,
29/04/2024 15:30:00,0.4,454,,,,,,,,,,,,,,,,,,
29/04/2024 15:15:00,0.4,453,,,,,,,,,,,,,,,,,,
29/04/2024 15:00:00,0.4,455,,,,,,,,,,,,,,,,,,
29/04/2024 14:45:00,0.8,455,,,,,,,,,,,,,,,,,,
29/04/2024 14:30:00,2.6,455,,,,,,,,,,,,,,,,,,
29/04/2024 14:15:00,0.8,456,,,,,,,,,,,,,,,,,,
29/04/2024 14:00:00,1,457,,,,,,,,,,,,,,,,,,
29/04/2024 13:45:00,0,458,,,,,,,,,,,,,,,,,,
29/04/2024 13:30:00,0.4,459,,,,,,,,,,,,,,,,,,
29/04/2024 13:15:00,0.4,461,,,,,,,,,,,,,,,,,,
29/04/2024 13:00:00,0.6,463,,,,,,,,,,,,,,,,,,
29/04/2024 12:45:00,5,464,,,,,,,,,,,,,,,,,,
29/04/2024 12:30:00,2.2,466,,,,,,,,,,,,,,,,,,
29/04/2024 12:15:00,0,470,,,,,,,,,,,,,,,,,,
29/04/2024 12:00:00,0,471,,,,,,,,,,,,,,,,,,
29/04/2024 11:45:00,0,470,,,,,,,,,,,,,,,,,,
29/04/2024 11:30:00,0,470,,,,,,,,,,,,,,,,,,
29/04/2024 11:15:00,0,469,,,,,,,,,,,,,,,,,,
29/04/2024 11:00:00,0,468,,,,,,,,,,,,,,,,,,
29/04/2024 10:45:00,0,468,,,,,,,,,,,,,,,,,,
29/04/2024 10:30:00,0,466,,,,,,,,,,,,,,,,,,
29/04/2024 10:15:00,0,464,,,,,,,,,,,,,,,,,,
29/04/2024 10:00:00,0,462,,,,,,,,,,,,,,,,,,
29/04/2024 09:45:00,0,459,,,,,,,,,,,,,,,,,,
29/04/2024 09:30:00,0,457,,,,,,,,,,,,,,,,,,
29/04/2024 09:15:00,0,453,,,,,,,,,,,,,,,,,,
29/04/2024 09:00:00,0.2,450,,,,,,,,,,,,,,,,,,
29/04/2024 08:45:00,0,445,,,,,,,,,,,,,,,,,,
29/04/2024 08:30:00,0,441,,,,,,,,,,,,,,,,,,
29/04/2024 08:15:00,0,436,,,,,,,,,,,,,,,,,,
29/04/2024 08:00:00,0,429,,,,,,,,,,,,,,,,,,
29/04/2024 07:45:00,0,423,,,,,,,,,,,,,,,,,,
29/04/2024 07:30:00,0.6,415,,,,,,,,,,,,,,,,,,
29/04/2024 07:15:00,0,407,,,,,,,,,,,,,,,,,,
29/04/2024 07:00:00,0,401,,,,,,,,,,,,,,,,,,
29/04/2024 06:45:00,0,398,,,,,,,,,,,,,,,,,,
29/04/2024 06:30:00,0,394,,,,,,,,,,,,,,,,,,
29/04/2024 06:15:00,0,389,,,,,,,,,,,,,,,,,,
29/04/2024 06:00:00,0,390,,,,,,,,,,,,,,,,,,
29/04/2024 05:45:00,0,391,,,,,,,,,,,,,,,,,,
29/04/2024 05:30:00,0,392,,,,,,,,,,,,,,,,,,
29/04/2024 05:15:00,0,394,,,,,,,,,,,,,,,,,,
29/04/2024 05:00:00,0,396,,,,,,,,,,,,,,,,,,
29/04/2024 04:45:00,0,398,,,,,,,,,,,,,,,,,,
29/04/2024 04:30:00,0,400,,,,,,,,,,,,,,,,,,
29/04/2024 04:15:00,0,402,,,,,,,,,,,,,,,,,,
29/04/2024 04:00:00,0,404,,,,,,,,,,,,,,,,,,
29/04/2024 03:45:00,0,407,,,,,,,,,,,,,,,,,,
29/04/2024 03:30:00,0,410,,,,,,,,,,,,,,,,,,
29/04/2024 03:15:00,0,414,,,,,,,,,,,,,,,,,,
29/04/2024 03:00:00,0,418,,,,,,,,,,,,,,,,,,
29/04/2024 02:45:00,0,422,,,,,,,,,,,,,,,,,,
29/04/2024 02:30:00,0,428,,,,,,,,,,,,,,,,,,
29/04/2024 02:15:00,0,435,,,,,,,,,,,,,,,,,,
29/04/2024 02:00:00,0,436,,,,,,,,,,,,,,,,,,
29/04/2024 01:45:00,0,436,,,,,,,,,,,,,,,,,,
29/04/2024 01:30:00,0,437,,,,,,,,,,,,,,,,,,
29/04/2024 01:15:00,0,438,,,,,,,,,,,,,,,,,,
29/04/2024 01:00:00,0,439,,,,,,,,,,,,,,,,,,
29/04/2024 00:45:00,0,440,,,,,,,,,,,,,,,,,,
29/04/2024 00:30:00,0,441,,,,,,,,,,,,,,,,,,
29/04/2024 00:15:00,0,442,,,,,,,,,,,,,,,,,,
29/04/2024 00:00:00,0,443,,,,,,,,,,,,,,,,,,
28/04/2024 23:45:00,0,445,,,,,,,,,,,,,,,,,,
28/04/2024 23:30:00,0,446,,,,,,,,,,,,,,,,,,
28/04/2024 23:15:00,0,448,,,,,,,,,,,,,,,,,,
28/04/2024 23:00:00,0,450,,,,,,,,,,,,,,,,,,
28/04/2024 22:45:00,0,451,,,,,,,,,,,,,,,,,,
28/04/2024 22:30:00,0,454,,,,,,,,,,,,,,,,,,
28/04/2024 22:15:00,0,456,,,,,,,,,,,,,,,,,,
28/04/2024 22:00:00,0,459,,,,,,,,,,,,,,,,,,
28/04/2024 21:45:00,0,462,,,,,,,,,,,,,,,,,,
28/04/2024 21:30:00,0,468,,,,,,,,,,,,,,,,,,
28/04/2024 21:15:00,0,469,,,,,,,,,,,,,,,,,,
28/04/2024 21:00:00,0,468,,,,,,,,,,,,,,,,,,
28/04/2024 20:45:00,0,469,,,,,,,,,,,,,,,,,,
28/04/2024 20:30:00,0,469,,,,,,,,,,,,,,,,,,
28/04/2024 20:15:00,0,468,,,,,,,,,,,,,,,,,,
28/04/2024 20:00:00,0,468,,,,,,,,,,,,,,,,,,
28/04/2024 19:45:00,0,468,,,,,,,,,,,,,,,,,,
28/04/2024 19:30:00,0,468,,,,,,,,,,,,,,,,,,
28/04/2024 19:15:00,0,468,,,,,,,,,,,,,,,,,,
28/04/2024 19:00:00,0,468,,,,,,,,,,,,,,,,,,
28/04/2024 18:45:00,0,467,,,,,,,,,,,,,,,,,,
28/04/2024 18:30:00,0,468,,,,,,,,,,,,,,,,,,
28/04/2024 18:15:00,0,470,,,,,,,,,,,,,,,,,,
28/04/2024 18:00:00,0,472,,,,,,,,,,,,,,,,,,
28/04/2024 17:45:00,0,473,,,,,,,,,,,,,,,,,,
28/04/2024 17:30:00,0,475,,,,,,,,,,,,,,,,,,
28/04/2024 17:15:00,0,477,,,,,,,,,,,,,,,,,,
28/04/2024 17:00:00,0,480,,,,,,,,,,,,,,,,,,
28/04/2024 16:45:00,0,483,,,,,,,,,,,,,,,,,,
28/04/2024 16:30:00,0,487,,,,,,,,,,,,,,,,,,
28/04/2024 16:15:00,0,491,,,,,,,,,,,,,,,,,,
28/04/2024 16:00:00,0,496,,,,,,,,,,,,,,,,,,
28/04/2024 15:45:00,0,497,,,,,,,,,,,,,,,,,,
28/04/2024 15:30:00,0,497,,,,,,,,,,,,,,,,,,
28/04/2024 15:15:00,0,497,,,,,,,,,,,,,,,,,,
28/04/2024 15:00:00,0,497,,,,,,,,,,,,,,,,,,
28/04/2024 14:45:00,0,497,,,,,,,,,,,,,,,,,,
28/04/2024 14:30:00,0,497,,,,,,,,,,,,,,,,,,
28/04/2024 14:15:00,0,497,,,,,,,,,,,,,,,,,,
28/04/2024 14:00:00,0,497,,,,,,,,,,,,,,,,,,
28/04/2024 13:45:00,0,498,,,,,,,,,,,,,,,,,,
28/04/2024 13:30:00,0,498,,,,,,,,,,,,,,,,,,
28/04/2024 13:15:00,0,498,,,,,,,,,,,,,,,,,,
28/04/2024 13:00:00,0,498,,,,,,,,,,,,,,,,,,
28/04/2024 12:45:00,0,499,,,,,,,,,,,,,,,,,,
28/04/2024 12:30:00,0,499,,,,,,,,,,,,,,,,,,
28/04/2024 12:15:00,0,499,,,,,,,,,,,,,,,,,,
28/04/2024 12:00:00,0,500,,,,,,,,,,,,,,,,,,
28/04/2024 11:45:00,0,501,,,,,,,,,,,,,,,,,,
28/04/2024 11:30:00,0,502,,,,,,,,,,,,,,,,,,
28/04/2024 11:15:00,0,502,,,,,,,,,,,,,,,,,,
28/04/2024 11:00:00,0,503,,,,,,,,,,,,,,,,,,
28/04/2024 10:45:00,0,504,,,,,,,,,,,,,,,,,,
28/04/2024 10:30:00,0,506,,,,,,,,,,,,,,,,,,
28/04/2024 10:15:00,0,507,,,,,,,,,,,,,,,,,,
28/04/2024 10:00:00,0,509,,,,,,,,,,,,,,,,,,
28/04/2024 09:45:00,0,513,,,,,,,,,,,,,,,,,,
28/04/2024 09:30:00,0,511,,,,,,,,,,,,,,,,,,
28/04/2024 09:15:00,0,510,,,,,,,,,,,,,,,,,,
28/04/2024 09:00:00,0,509,,,,,,,,,,,,,,,,,,
28/04/2024 08:45:00,0,503,,,,,,,,,,,,,,,,,,
28/04/2024 08:30:00,0,497,,,,,,,,,,,,,,,,,,
28/04/2024 08:15:00,0,489,,,,,,,,,,,,,,,,,,
28/04/2024 08:00:00,0,481,,,,,,,,,,,,,,,,,,
28/04/2024 07:45:00,0,470,,,,,,,,,,,,,,,,,,
28/04/2024 07:30:00,0,455,,,,,,,,,,,,,,,,,,
28/04/2024 07:15:00,0,450,,,,,,,,,,,,,,,,,,
28/04/2024 07:00:00,0,446,,,,,,,,,,,,,,,,,,
28/04/2024 06:45:00,0,440,,,,,,,,,,,,,,,,,,
28/04/2024 06:30:00,0,435,,,,,,,,,,,,,,,,,,
28/04/2024 06:15:00,0,429,,,,,,,,,,,,,,,,,,
28/04/2024 06:00:00,0,422,,,,,,,,,,,,,,,,,,
28/04/2024 05:45:00,0,413,,,,,,,,,,,,,,,,,,
28/04/2024 05:30:00,0,405,,,,,,,,,,,,,,,,,,
28/04/2024 05:15:00,0,401,,,,,,,,,,,,,,,,,,
28/04/2024 05:00:00,0,397,,,,,,,,,,,,,,,,,,
28/04/2024 04:45:00,0,392,,,,,,,,,,,,,,,,,,
28/04/2024 04:30:00,0,387,,,,,,,,,,,,,,,,,,
28/04/2024 04:15:00,0,379,,,,,,,,,,,,,,,,,,
28/04/2024 04:00:00,0,376,,,,,,,,,,,,,,,,,,
28/04/2024 03:45:00,0,373,,,,,,,,,,,,,,,,,,
28/04/2024 03:30:00,0,370,,,,,,,,,,,,,,,,,,
28/04/2024 03:15:00,0,366,,,,,,,,,,,,,,,,,,
28/04/2024 03:00:00,0,363,,,,,,,,,,,,,,,,,,
28/04/2024 02:45:00,0,359,,,,,,,,,,,,,,,,,,
28/04/2024 02:30:00,0,355,,,,,,,,,,,,,,,,,,
28/04/2024 02:15:00,0,350,,,,,,,,,,,,,,,,,,
28/04/2024 02:00:00,0,345,,,,,,,,,,,,,,,,,,
28/04/2024 01:45:00,0,340,,,,,,,,,,,,,,,,,,
28/04/2024 01:30:00,0,334,,,,,,,,,,,,,,,,,,
28/04/2024 01:15:00,0.4,328,,,,,,,,,,,,,,,,,,
28/04/2024 01:00:00,0,320,,,,,,,,,,,,,,,,,,
28/04/2024 00:45:00,0,313,,,,,,,,,,,,,,,,,,
28/04/2024 00:30:00,0,311,,,,,,,,,,,,,,,,,,
28/04/2024 00:15:00,0,307,,,,,,,,,,,,,,,,,,
28/04/2024 00:00:00,0,304,,,,,,,,,,,,,,,,,,
27/04/2024 23:45:00,0.4,300,,,,,,,,,,,,,,,,,,
27/04/2024 23:30:00,0.4,296,,,,,,,,,,,,,,,,,,
27/04/2024 23:15:00,0.4,291,,,,,,,,,,,,,,,,,,
27/04/2024 23:00:00,0.4,286,,,,,,,,,,,,,,,,,,
27/04/2024 22:45:00,1,280,,,,,,,,,,,,,,,,,,
27/04/2024 22:30:00,0.4,274,,,,,,,,,,,,,,,,,,
27/04/2024 22:15:00,1,271,,,,,,,,,,,,,,,,,,
27/04/2024 22:00:00,0.4,268,,,,,,,,,,,,,,,,,,
27/04/2024 21:45:00,1,264,,,,,,,,,,,,,,,,,,
27/04/2024 21:30:00,0.2,261,,,,,,,,,,,,,,,,,,
27/04/2024 21:15:00,0.2,261,,,,,,,,,,,,,,,,,,
27/04/2024 21:00:00,0.8,261,,,,,,,,,,,,,,,,,,
27/04/2024 20:45:00,0,260,,,,,,,,,,,,,,,,,,
27/04/2024 20:30:00,2.4,260,,,,,,,,,,,,,,,,,,
27/04/2024 20:15:00,0,260,,,,,,,,,,,,,,,,,,
27/04/2024 20:00:00,0,260,,,,,,,,,,,,,,,,,,
27/04/2024 19:45:00,2.8,259,,,,,,,,,,,,,,,,,,
27/04/2024 19:30:00,7.4,259,,,,,,,,,,,,,,,,,,
27/04/2024 19:15:00,6,259,,,,,,,,,,,,,,,,,,
27/04/2024 19:00:00,0.8,259,,,,,,,,,,,,,,,,,,
27/04/2024 18:45:00,0,259,,,,,,,,,,,,,,,,,,
27/04/2024 18:30:00,1.2,259,,,,,,,,,,,,,,,,,,
27/04/2024 18:15:00,5.2,259,,,,,,,,,,,,,,,,,,
27/04/2024 18:00:00,2,260,,,,,,,,,,,,,,,,,,
27/04/2024 17:45:00,0,260,,,,,,,,,,,,,,,,,,
27/04/2024 17:30:00,1,261,,,,,,,,,,,,,,,,,,
27/04/2024 17:15:00,2.8,261,,,,,,,,,,,,,,,,,,
27/04/2024 17:00:00,3.6,263,,,,,,,,,,,,,,,,,,
27/04/2024 16:45:00,0,262,,,,,,,,,,,,,,,,,,
27/04/2024 16:30:00,1.2,261,,,,,,,,,,,,,,,,,,
27/04/2024 16:15:00,1.2,259,,,,,,,,,,,,,,,,,,
27/04/2024 16:00:00,1.4,258,,,,,,,,,,,,,,,,,,
27/04/2024 15:45:00,3.6,257,,,,,,,,,,,,,,,,,,
27/04/2024 15:30:00,3,254,,,,,,,,,,,,,,,,,,
27/04/2024 15:15:00,0,252,,,,,,,,,,,,,,,,,,
27/04/2024 15:00:00,7.4,250,,,,,,,,,,,,,,,,,,
27/04/2024 14:45:00,1.8,248,,,,,,,,,,,,,,,,,,
27/04/2024 14:30:00,0,246,,,,,,,,,,,,,,,,,,
27/04/2024 14:15:00,0,243,,,,,,,,,,,,,,,,,,
27/04/2024 14:00:00,0,240,,,,,,,,,,,,,,,,,,
27/04/2024 13:45:00,0,237,,,,,,,,,,,,,,,,,,
27/04/2024 13:30:00,0,234,,,,,,,,,,,,,,,,,,
27/04/2024 13:15:00,0,230,,,,,,,,,,,,,,,,,,
27/04/2024 13:00:00,0,226,,,,,,,,,,,,,,,,,,
27/04/2024 12:45:00,0,221,,,,,,,,,,,,,,,,,,
27/04/2024 12:30:00,0,222,,,,,,,,,,,,,,,,,,
27/04/2024 12:15:00,0,222,,,,,,,,,,,,,,,,,,
27/04/2024 12:00:00,0,222,,,,,,,,,,,,,,,,,,
27/04/2024 11:45:00,0,222,,,,,,,,,,,,,,,,,,
27/04/2024 11:30:00,0,222,,,,,,,,,,,,,,,,,,
27/04/2024 11:15:00,0,222,,,,,,,,,,,,,,,,,,
27/04/2024 11:00:00,0,221,,,,,,,,,,,,,,,,,,
27/04/2024 10:45:00,0,222,,,,,,,,,,,,,,,,,,
27/04/2024 10:30:00,0,222,,,,,,,,,,,,,,,,,,
27/04/2024 10:15:00,0,222,,,,,,,,,,,,,,,,,,
27/04/2024 10:00:00,0,222,,,,,,,,,,,,,,,,,,
27/04/2024 09:45:00,0,222,,,,,,,,,,,,,,,,,,
27/04/2024 09:30:00,0,222,,,,,,,,,,,,,,,,,,
27/04/2024 09:15:00,0,222,,,,,,,,,,,,,,,,,,
27/04/2024 09:00:00,0,222,,,,,,,,,,,,,,,,,,
27/04/2024 08:45:00,0,223,,,,,,,,,,,,,,,,,,
27/04/2024 08:30:00,0,223,,,,,,,,,,,,,,,,,,
27/04/2024 08:15:00,0,223,,,,,,,,,,,,,,,,,,
27/04/2024 08:00:00,0,223,,,,,,,,,,,,,,,,,,
27/04/2024 07:45:00,0,223,,,,,,,,,,,,,,,,,,
27/04/2024 07:30:00,0,223,,,,,,,,,,,,,,,,,,
27/04/2024 07:15:00,0,223,,,,,,,,,,,,,,,,,,
27/04/2024 07:00:00,0,224,,,,,,,,,,,,,,,,,,
27/04/2024 06:45:00,0,224,,,,,,,,,,,,,,,,,,
27/04/2024 06:30:00,0,224,,,,,,,,,,,,,,,,,,
27/04/2024 06:15:00,0,224,,,,,,,,,,,,,,,,,,
27/04/2024 06:00:00,0,225,,,,,,,,,,,,,,,,,,
27/04/2024 05:45:00,0,225,,,,,,,,,,,,,,,,,,
27/04/2024 05:30:00,0,225,,,,,,,,,,,,,,,,,,
27/04/2024 05:15:00,0,225,,,,,,,,,,,,,,,,,,
27/04/2024 05:00:00,0,225,,,,,,,,,,,,,,,,,,
27/04/2024 04:45:00,0,226,,,,,,,,,,,,,,,,,,
27/04/2024 04:30:00,0,226,,,,,,,,,,,,,,,,,,
27/04/2024 04:15:00,0,226,,,,,,,,,,,,,,,,,,
27/04/2024 04:00:00,0,226,,,,,,,,,,,,,,,,,,
27/04/2024 03:45:00,0,226,,,,,,,,,,,,,,,,,,
27/04/2024 03:30:00,0,227,,,,,,,,,,,,,,,,,,
27/04/2024 03:15:00,0,227,,,,,,,,,,,,,,,,,,
27/04/2024 03:00:00,0,227,,,,,,,,,,,,,,,,,,
27/04/2024 02:45:00,0,227,,,,,,,,,,,,,,,,,,
27/04/2024 02:30:00,0,228,,,,,,,,,,,,,,,,,,
27/04/2024 02:15:00,0,228,,,,,,,,,,,,,,,,,,
27/04/2024 02:00:00,0,228,,,,,,,,,,,,,,,,,,
27/04/2024 01:45:00,0,228,,,,,,,,,,,,,,,,,,
27/04/2024 01:30:00,0,229,,,,,,,,,,,,,,,,,,
27/04/2024 01:15:00,0,229,,,,,,,,,,,,,,,,,,
27/04/2024 01:00:00,0,229,,,,,,,,,,,,,,,,,,
27/04/2024 00:45:00,0,230,,,,,,,,,,,,,,,,,,
27/04/2024 00:30:00,0,230,,,,,,,,,,,,,,,,,,
27/04/2024 00:15:00,0,230,,,,,,,,,,,,,,,,,,
27/04/2024 00:00:00,0,231,,,,,,,,,,,,,,,,,,
26/04/2024 23:45:00,0,231,,,,,,,,,,,,,,,,,,
26/04/2024 23:30:00,0,232,,,,,,,,,,,,,,,,,,
26/04/2024 23:15:00,0,232,,,,,,,,,,,,,,,,,,
26/04/2024 23:00:00,0,233,,,,,,,,,,,,,,,,,,
26/04/2024 22:45:00,0,234,,,,,,,,,,,,,,,,,,
26/04/2024 22:30:00,0,235,,,,,,,,,,,,,,,,,,
26/04/2024 22:15:00,0,235,,,,,,,,,,,,,,,,,,
26/04/2024 22:00:00,0,237,,,,,,,,,,,,,,,,,,
26/04/2024 21:45:00,0,238,,,,,,,,,,,,,,,,,,
26/04/2024 21:30:00,0,240,,,,,,,,,,,,,,,,,,
26/04/2024 21:15:00,0,242,,,,,,,,,,,,,,,,,,
26/04/2024 21:00:00,0,244,,,,,,,,,,,,,,,,,,
26/04/2024 20:45:00,0,246,,,,,,,,,,,,,,,,,,
26/04/2024 20:30:00,0,246,,,,,,,,,,,,,,,,,,
26/04/2024 20:15:00,0,248,,,,,,,,,,,,,,,,,,
26/04/2024 20:00:00,0,251,,,,,,,,,,,,,,,,,,
26/04/2024 19:45:00,0,251,,,,,,,,,,,,,,,,,,
26/04/2024 19:30:00,0,252,,,,,,,,,,,,,,,,,,
26/04/2024 19:15:00,0,252,,,,,,,,,,,,,,,,,,
26/04/2024 19:00:00,0,253,,,,,,,,,,,,,,,,,,
26/04/2024 18:45:00,0,253,,,,,,,,,,,,,,,,,,
26/04/2024 18:30:00,0,254,,,,,,,,,,,,,,,,,,
26/04/2024 18:15:00,0,255,,,,,,,,,,,,,,,,,,
26/04/2024 18:00:00,0,256,,,,,,,,,,,,,,,,,,
26/04/2024 17:45:00,0,257,,,,,,,,,,,,,,,,,,
26/04/2024 17:30:00,0,258,,,,,,,,,,,,,,,,,,
26/04/2024 17:15:00,0,259,,,,,,,,,,,,,,,,,,
26/04/2024 17:00:00,0,260,,,,,,,,,,,,,,,,,,
26/04/2024 16:45:00,0,260,,,,,,,,,,,,,,,,,,
26/04/2024 16:30:00,0,260,,,,,,,,,,,,,,,,,,
26/04/2024 16:15:00,0,260,,,,,,,,,,,,,,,,,,
26/04/2024 16:00:00,0,260,,,,,,,,,,,,,,,,,,
26/04/2024 15:45:00,0,260,,,,,,,,,,,,,,,,,,
26/04/2024 15:30:00,0,260,,,,,,,,,,,,,,,,,,
26/04/2024 15:15:00,0,260,,,,,,,,,,,,,,,,,,
26/04/2024 15:00:00,0,260,,,,,,,,,,,,,,,,,,
26/04/2024 14:45:00,0,259,,,,,,,,,,,,,,,,,,
26/04/2024 14:30:00,0,259,,,,,,,,,,,,,,,,,,
26/04/2024 14:15:00,0,258,,,,,,,,,,,,,,,,,,
26/04/2024 14:00:00,0,258,,,,,,,,,,,,,,,,,,
26/04/2024 13:45:00,0,258,,,,,,,,,,,,,,,,,,
26/04/2024 13:30:00,0,257,,,,,,,,,,,,,,,,,,
26/04/2024 13:15:00,0,257,,,,,,,,,,,,,,,,,,
26/04/2024 13:00:00,0,257,,,,,,,,,,,,,,,,,,
26/04/2024 12:45:00,0,255,,,,,,,,,,,,,,,,,,
26/04/2024 12:30:00,0,255,,,,,,,,,,,,,,,,,,
26/04/2024 12:15:00,0.2,254,,,,,,,,,,,,,,,,,,
26/04/2024 12:00:00,0,253,,,,,,,,,,,,,,,,,,
26/04/2024 11:45:00,0,252,,,,,,,,,,,,,,,,,,
26/04/2024 11:30:00,0,251,,,,,,,,,,,,,,,,,,
26/04/2024 11:15:00,0,250,,,,,,,,,,,,,,,,,,
26/04/2024 11:00:00,0,249,,,,,,,,,,,,,,,,,,
26/04/2024 10:45:00,0,247,,,,,,,,,,,,,,,,,,
26/04/2024 10:30:00,0,246,,,,,,,,,,,,,,,,,,
26/04/2024 10:15:00,0,244,,,,,,,,,,,,,,,,,,
26/04/2024 10:00:00,0,242,,,,,,,,,,,,,,,,,,
26/04/2024 09:45:00,0,240,,,,,,,,,,,,,,,,,,
26/04/2024 09:30:00,0,238,,,,,,,,,,,,,,,,,,
26/04/2024 09:15:00,0,235,,,,,,,,,,,,,,,,,,
26/04/2024 09:00:00,0,232,,,,,,,,,,,,,,,,,,
26/04/2024 08:45:00,0,228,,,,,,,,,,,,,,,,,,
26/04/2024 08:30:00,0,226,,,,,,,,,,,,,,,,,,
26/04/2024 08:15:00,0,226,,,,,,,,,,,,,,,,,,
26/04/2024 08:00:00,0,226,,,,,,,,,,,,,,,,,,
26/04/2024 07:45:00,0,226,,,,,,,,,,,,,,,,,,
26/04/2024 07:30:00,0,226,,,,,,,,,,,,,,,,,,
26/04/2024 07:15:00,0,227,,,,,,,,,,,,,,,,,,
26/04/2024 07:00:00,0,226,,,,,,,,,,,,,,,,,,
26/04/2024 06:45:00,0,227,,,,,,,,,,,,,,,,,,
26/04/2024 06:30:00,0.2,227,,,,,,,,,,,,,,,,,,
26/04/2024 06:15:00,0,228,,,,,,,,,,,,,,,,,,
26/04/2024 06:00:00,0,228,,,,,,,,,,,,,,,,,,
26/04/2024 05:45:00,0,228,,,,,,,,,,,,,,,,,,
26/04/2024 05:30:00,0,229,,,,,,,,,,,,,,,,,,
26/04/2024 05:15:00,0.4,229,,,,,,,,,,,,,,,,,,
26/04/2024 05:00:00,1.4,229,,,,,,,,,,,,,,,,,,
26/04/2024 04:45:00,0,230,,,,,,,,,,,,,,,,,,
26/04/2024 04:30:00,2.4,230,,,,,,,,,,,,,,,,,,
26/04/2024 04:15:00,0.6,230,,,,,,,,,,,,,,,,,,
26/04/2024 04:00:00,0,230,,,,,,,,,,,,,,,,,,
26/04/2024 03:45:00,0,231,,,,,,,,,,,,,,,,,,
26/04/2024 03:30:00,0,231,,,,,,,,,,,,,,,,,,
26/04/2024 03:15:00,0,232,,,,,,,,,,,,,,,,,,
26/04/2024 03:00:00,0,232,,,,,,,,,,,,,,,,,,
26/04/2024 02:45:00,0,233,,,,,,,,,,,,,,,,,,
26/04/2024 02:30:00,0,234,,,,,,,,,,,,,,,,,,
26/04/2024 02:15:00,0,234,,,,,,,,,,,,,,,,,,
26/04/2024 02:00:00,0,235,,,,,,,,,,,,,,,,,,
26/04/2024 01:45:00,0,235,,,,,,,,,,,,,,,,,,
26/04/2024 01:30:00,0,236,,,,,,,,,,,,,,,,,,
26/04/2024 01:15:00,0,237,,,,,,,,,,,,,,,,,,
26/04/2024 01:00:00,0,238,,,,,,,,,,,,,,,,,,
26/04/2024 00:45:00,0,239,,,,,,,,,,,,,,,,,,
26/04/2024 00:30:00,0,240,,,,,,,,,,,,,,,,,,
26/04/2024 00:15:00,0,241,,,,,,,,,,,,,,,,,,
26/04/2024 00:00:00,0,242,,,,,,,,,,,,,,,,,,
25/04/2024 23:45:00,0.2,244,,,,,,,,,,,,,,,,,,
25/04/2024 23:30:00,0,245,,,,,,,,,,,,,,,,,,
25/04/2024 23:15:00,0,247,,,,,,,,,,,,,,,,,,
25/04/2024 23:00:00,0,249,,,,,,,,,,,,,,,,,,
25/04/2024 22:45:00,0,251,,,,,,,,,,,,,,,,,,
25/04/2024 22:30:00,0,253,,,,,,,,,,,,,,,,,,
25/04/2024 22:15:00,0,253,,,,,,,,,,,,,,,,,,
25/04/2024 22:00:00,0,253,,,,,,,,,,,,,,,,,,
25/04/2024 21:45:00,0,253,,,,,,,,,,,,,,,,,,
25/04/2024 21:30:00,0,253,,,,,,,,,,,,,,,,,,
25/04/2024 21:15:00,0,253,,,,,,,,,,,,,,,,,,
25/04/2024 21:00:00,0,253,,,,,,,,,,,,,,,,,,
25/04/2024 20:45:00,0,253,,,,,,,,,,,,,,,,,,
25/04/2024 20:30:00,0,253,,,,,,,,,,,,,,,,,,
25/04/2024 20:15:00,0,253,,,,,,,,,,,,,,,,,,
25/04/2024 20:00:00,0,254,,,,,,,,,,,,,,,,,,
25/04/2024 19:45:00,0,254,,,,,,,,,,,,,,,,,,
25/04/2024 19:30:00,0,254,,,,,,,,,,,,,,,,,,
25/04/2024 19:15:00,0,254,,,,,,,,,,,,,,,,,,
25/04/2024 19:00:00,0,254,,,,,,,,,,,,,,,,,,
25/04/2024 18:45:00,0,254,,,,,,,,,,,,,,,,,,
25/04/2024 18:30:00,0,254,,,,,,,,,,,,,,,,,,
25/04/2024 18:15:00,0,254,,,,,,,,,,,,,,,,,,
25/04/2024 18:00:00,0,254,,,,,,,,,,,,,,,,,,
25/04/2024 17:45:00,0,254,,,,,,,,,,,,,,,,,,
25/04/2024 17:30:00,0,254,,,,,,,,,,,,,,,,,,
25/04/2024 17:15:00,0,254,,,,,,,,,,,,,,,,,,
25/04/2024 17:00:00,0,253,,,,,,,,,,,,,,,,,,
25/04/2024 16:45:00,0,253,,,,,,,,,,,,,,,,,,
25/04/2024 16:30:00,0,253,,,,,,,,,,,,,,,,,,
25/04/2024 16:15:00,0,253,,,,,,,,,,,,,,,,,,
25/04/2024 16:00:00,0,253,,,,,,,,,,,,,,,,,,
25/04/2024 15:45:00,0,253,,,,,,,,,,,,,,,,,,
25/04/2024 15:30:00,0,252,,,,,,,,,,,,,,,,,,
25/04/2024 15:15:00,0,252,,,,,,,,,,,,,,,,,,
25/04/2024 15:00:00,0,252,,,,,,,,,,,,,,,,,,
25/04/2024 14:45:00,0,251,,,,,,,,,,,,,,,,,,
25/04/2024 14:30:00,0,251,,,,,,,,,,,,,,,,,,
25/04/2024 14:15:00,0,251,,,,,,,,,,,,,,,,,,
25/04/2024 14:00:00,0,251,,,,,,,,,,,,,,,,,,
25/04/2024 13:45:00,0,250,,,,,,,,,,,,,,,,,,
25/04/2024 13:30:00,0,250,,,,,,,,,,,,,,,,,,
25/04/2024 13:15:00,0,250,,,,,,,,,,,,,,,,,,
25/04/2024 13:00:00,0,249,,,,,,,,,,,,,,,,,,
25/04/2024 12:45:00,0,249,,,,,,,,,,,,,,,,,,
25/04/2024 12:30:00,0,249,,,,,,,,,,,,,,,,,,
25/04/2024 12:15:00,0,248,,,,,,,,,,,,,,,,,,
25/04/2024 12:00:00,0,248,,,,,,,,,,,,,,,,,,
25/04/2024 11:45:00,0,247,,,,,,,,,,,,,,,,,,
25/04/2024 11:30:00,0,246,,,,,,,,,,,,,,,,,,
25/04/2024 11:15:00,0,246,,,,,,,,,,,,,,,,,,
25/04/2024 11:00:00,0,245,,,,,,,,,,,,,,,,,,
25/04/2024 10:45:00,0,244,,,,,,,,,,,,,,,,,,
25/04/2024 10:30:00,0,243,,,,,,,,,,,,,,,,,,
25/04/2024 10:15:00,0,242,,,,,,,,,,,,,,,,,,
25/04/2024 10:00:00,0,241,,,,,,,,,,,,,,,,,,
25/04/2024 09:45:00,0,240,,,,,,,,,,,,,,,,,,
25/04/2024 09:30:00,0,239,,,,,,,,,,,,,,,,,,
25/04/2024 09:15:00,0,237,,,,,,,,,,,,,,,,,,
25/04/2024 09:00:00,0,236,,,,,,,,,,,,,,,,,,
25/04/2024 08:45:00,0,234,,,,,,,,,,,,,,,,,,
25/04/2024 08:30:00,0,232,,,,,,,,,,,,,,,,,,
25/04/2024 08:15:00,0,229,,,,,,,,,,,,,,,,,,
25/04/2024 08:00:00,0,227,,,,,,,,,,,,,,,,,,
25/04/2024 07:45:00,0,225,,,,,,,,,,,,,,,,,,
25/04/2024 07:30:00,0,220,,,,,,,,,,,,,,,,,,
25/04/2024 07:15:00,0,221,,,,,,,,,,,,,,,,,,
25/04/2024 07:00:00,0,221,,,,,,,,,,,,,,,,,,
25/04/2024 06:45:00,0,222,,,,,,,,,,,,,,,,,,
25/04/2024 06:30:00,0,223,,,,,,,,,,,,,,,,,,
25/04/2024 06:15:00,0,224,,,,,,,,,,,,,,,,,,
25/04/2024 06:00:00,0,225,,,,,,,,,,,,,,,,,,
25/04/2024 05:45:00,0,226,,,,,,,,,,,,,,,,,,
25/04/2024 05:30:00,0,228,,,,,,,,,,,,,,,,,,
25/04/2024 05:15:00,0,229,,,,,,,,,,,,,,,,,,
25/04/2024 05:00:00,0,231,,,,,,,,,,,,,,,,,,
25/04/2024 04:45:00,0,233,,,,,,,,,,,,,,,,,,
25/04/2024 04:30:00,0,235,,,,,,,,,,,,,,,,,,
25/04/2024 04:15:00,0,237,,,,,,,,,,,,,,,,,,
25/04/2024 04:00:00,0,240,,,,,,,,,,,,,,,,,,
25/04/2024 03:45:00,0,242,,,,,,,,,,,,,,,,,,
25/04/2024 03:30:00,0,246,,,,,,,,,,,,,,,,,,
25/04/2024 03:15:00,0,248,,,,,,,,,,,,,,,,,,
25/04/2024 03:00:00,0,251,,,,,,,,,,,,,,,,,,
25/04/2024 02:45:00,0,255,,,,,,,,,,,,,,,,,,
25/04/2024 02:30:00,0,258,,,,,,,,,,,,,,,,,,
25/04/2024 02:15:00,0,261,,,,,,,,,,,,,,,,,,
25/04/2024 02:00:00,0,265,,,,,,,,,,,,,,,,,,
25/04/2024 01:45:00,0,268,,,,,,,,,,,,,,,,,,
25/04/2024 01:30:00,0,269,,,,,,,,,,,,,,,,,,
25/04/2024 01:15:00,0,270,,,,,,,,,,,,,,,,,,
25/04/2024 01:00:00,0,270,,,,,,,,,,,,,,,,,,
25/04/2024 00:45:00,0,271,,,,,,,,,,,,,,,,,,
25/04/2024 00:30:00,0,273,,,,,,,,,,,,,,,,,,
25/04/2024 00:15:00,0,274,,,,,,,,,,,,,,,,,,
25/04/2024 00:00:00,0,275,,,,,,,,,,,,,,,,,,
24/04/2024 23:45:00,0,276,,,,,,,,,,,,,,,,,,
24/04/2024 23:30:00,0,277,,,,,,,,,,,,,,,,,,
24/04/2024 23:15:00,0,279,,,,,,,,,,,,,,,,,,
24/04/2024 23:00:00,0,281,,,,,,,,,,,,,,,,,,
24/04/2024 22:45:00,0,281,,,,,,,,,,,,,,,,,,
24/04/2024 22:30:00,0,281,,,,,,,,,,,,,,,,,,
24/04/2024 22:15:00,0,281,,,,,,,,,,,,,,,,,,
24/04/2024 22:00:00,0,281,,,,,,,,,,,,,,,,,,
24/04/2024 21:45:00,0,281,,,,,,,,,,,,,,,,,,
24/04/2024 21:30:00,0,281,,,,,,,,,,,,,,,,,,
24/04/2024 21:15:00,0,281,,,,,,,,,,,,,,,,,,
24/04/2024 21:00:00,0,280,,,,,,,,,,,,,,,,,,
24/04/2024 20:45:00,0,280,,,,,,,,,,,,,,,,,,
24/04/2024 20:30:00,0,280,,,,,,,,,,,,,,,,,,
24/04/2024 20:15:00,0,280,,,,,,,,,,,,,,,,,,
24/04/2024 20:00:00,0,280,,,,,,,,,,,,,,,,,,
24/04/2024 19:45:00,0,279,,,,,,,,,,,,,,,,,,
24/04/2024 19:30:00,0,279,,,,,,,,,,,,,,,,,,
24/04/2024 19:15:00,0,278,,,,,,,,,,,,,,,,,,
24/04/2024 19:00:00,0,278,,,,,,,,,,,,,,,,,,
24/04/2024 18:45:00,0,277,,,,,,,,,,,,,,,,,,
24/04/2024 18:30:00,0,277,,,,,,,,,,,,,,,,,,
24/04/2024 18:15:00,0,277,,,,,,,,,,,,,,,,,,
24/04/2024 18:00:00,0,276,,,,,,,,,,,,,,,,,,
24/04/2024 17:45:00,0,276,,,,,,,,,,,,,,,,,,
24/04/2024 17:30:00,0,275,,,,,,,,,,,,,,,,,,
24/04/2024 17:15:00,0,275,,,,,,,,,,,,,,,,,,
24/04/2024 17:00:00,0.2,275,,,,,,,,,,,,,,,,,,
24/04/2024 16:45:00,0,274,,,,,,,,,,,,,,,,,,
24/04/2024 16:30:00,0,274,,,,,,,,,,,,,,,,,,
24/04/2024 16:15:00,0,273,,,,,,,,,,,,,,,,,,
24/04/2024 16:00:00,0,273,,,,,,,,,,,,,,,,,,
24/04/2024 15:45:00,0,272,,,,,,,,,,,,,,,,,,
24/04/2024 15:30:00,0,271,,,,,,,,,,,,,,,,,,
24/04/2024 15:15:00,0,271,,,,,,,,,,,,,,,,,,
24/04/2024 15:00:00,0,270,,,,,,,,,,,,,,,,,,
24/04/2024 14:45:00,0,269,,,,,,,,,,,,,,,,,,
24/04/2024 14:30:00,0,268,,,,,,,,,,,,,,,,,,
24/04/2024 14:15:00,0,267,,,,,,,,,,,,,,,,,,
24/04/2024 14:00:00,0,266,,,,,,,,,,,,,,,,,,
24/04/2024 13:45:00,0,265,,,,,,,,,,,,,,,,,,
24/04/2024 13:30:00,0,264,,,,,,,,,,,,,,,,,,
24/04/2024 13:15:00,0,262,,,,,,,,,,,,,,,,,,
24/04/2024 13:00:00,0,262,,,,,,,,,,,,,,,,,,
24/04/2024 12:45:00,0,262,,,,,,,,,,,,,,,,,,
24/04/2024 12:30:00,0,263,,,,,,,,,,,,,,,,,,
24/04/2024 12:15:00,0,263,,,,,,,,,,,,,,,,,,
24/04/2024 12:00:00,0,264,,,,,,,,,,,,,,,,,,
24/04/2024 11:45:00,0,265,,,,,,,,,,,,,,,,,,
24/04/2024 11:30:00,0,266,,,,,,,,,,,,,,,,,,
24/04/2024 11:15:00,0,267,,,,,,,,,,,,,,,,,,
24/04/2024 11:00:00,0,268,,,,,,,,,,,,,,,,,,
24/04/2024 10:45:00,0,269,,,,,,,,,,,,,,,,,,
24/04/2024 10:30:00,0,271,,,,,,,,,,,,,,,,,,
24/04/2024 10:15:00,0,273,,,,,,,,,,,,,,,,,,
24/04/2024 10:00:00,0,274,,,,,,,,,,,,,,,,,,
24/04/2024 09:45:00,0,276,,,,,,,,,,,,,,,,,,
24/04/2024 09:30:00,0,279,,,,,,,,,,,,,,,,,,
24/04/2024 09:15:00,0,283,,,,,,,,,,,,,,,,,,
24/04/2024 09:00:00,0,283,,,,,,,,,,,,,,,,,,
24/04/2024 08:45:00,0,283,,,,,,,,,,,,,,,,,,
24/04/2024 08:30:00,0,282,,,,,,,,,,,,,,,,,,
24/04/2024 08:15:00,0,281,,,,,,,,,,,,,,,,,,
24/04/2024 08:00:00,0,281,,,,,,,,,,,,,,,,,,
24/04/2024 07:45:00,0,280,,,,,,,,,,,,,,,,,,
24/04/2024 07:30:00,0,279,,,,,,,,,,,,,,,,,,
24/04/2024 07:15:00,0,278,,,,,,,,,,,,,,,,,,
24/04/2024 07:00:00,0,277,,,,,,,,,,,,,,,,,,
24/04/2024 06:45:00,0,276,,,,,,,,,,,,,,,,,,
24/04/2024 06:30:00,0,275,,,,,,,,,,,,,,,,,,
24/04/2024 06:15:00,0,274,,,,,,,,,,,,,,,,,,
24/04/2024 06:00:00,0,272,,,,,,,,,,,,,,,,,,
24/04/2024 05:45:00,0,271,,,,,,,,,,,,,,,,,,
24/04/2024 05:30:00,0,269,,,,,,,,,,,,,,,,,,
24/04/2024 05:15:00,0,267,,,,,,,,,,,,,,,,,,
24/04/2024 05:00:00,0,265,,,,,,,,,,,,,,,,,,
24/04/2024 04:45:00,0.4,263,,,,,,,,,,,,,,,,,,
24/04/2024 04:30:00,0.2,261,,,,,,,,,,,,,,,,,,
24/04/2024 04:15:00,0.4,259,,,,,,,,,,,,,,,,,,
24/04/2024 04:00:00,0.4,256,,,,,,,,,,,,,,,,,,
24/04/2024 03:45:00,0,253,,,,,,,,,,,,,,,,,,
24/04/2024 03:30:00,0.2,248,,,,,,,,,,,,,,,,,,
24/04/2024 03:15:00,0,248,,,,,,,,,,,,,,,,,,
24/04/2024 03:00:00,0,248,,,,,,,,,,,,,,,,,,
24/04/2024 02:45:00,0,248,,,,,,,,,,,,,,,,,,
24/04/2024 02:30:00,0,248,,,,,,,,,,,,,,,,,,
24/04/2024 02:15:00,0,248,,,,,,,,,,,,,,,,,,
24/04/2024 02:00:00,0,248,,,,,,,,,,,,,,,,,,
24/04/2024 01:45:00,0,248,,,,,,,,,,,,,,,,,,
24/04/2024 01:30:00,0,248,,,,,,,,,,,,,,,,,,
24/04/2024 01:15:00,0,248,,,,,,,,,,,,,,,,,,
24/04/2024 01:00:00,0,248,,,,,,,,,,,,,,,,,,
24/04/2024 00:45:00,0,248,,,,,,,,,,,,,,,,,,
24/04/2024 00:30:00,0,248,,,,,,,,,,,,,,,,,,
24/04/2024 00:15:00,0,248,,,,,,,,,,,,,,,,,,
24/04/2024 00:00:00,0,248,,,,,,,,,,,,,,,,,,
23/04/2024 23:45:00,0,248,,,,,,,,,,,,,,,,,,
23/04/2024 23:30:00,0,248,,,,,,,,,,,,,,,,,,
23/04/2024 23:15:00,0,248,,,,,,,,,,,,,,,,,,
23/04/2024 23:00:00,0,248,,,,,,,,,,,,,,,,,,
23/04/2024 22:45:00,0,248,,,,,,,,,,,,,,,,,,
23/04/2024 22:30:00,0,249,,,,,,,,,,,,,,,,,,
23/04/2024 22:15:00,0,249,,,,,,,,,,,,,,,,,,
23/04/2024 22:00:00,0,248,,,,,,,,,,,,,,,,,,
23/04/2024 21:45:00,0,249,,,,,,,,,,,,,,,,,,
23/04/2024 21:30:00,0,248,,,,,,,,,,,,,,,,,,
23/04/2024 21:15:00,0,247,,,,,,,,,,,,,,,,,,
23/04/2024 21:00:00,0,247,,,,,,,,,,,,,,,,,,
23/04/2024 20:45:00,0,247,,,,,,,,,,,,,,,,,,
23/04/2024 20:30:00,0,247,,,,,,,,,,,,,,,,,,
23/04/2024 20:15:00,0,247,,,,,,,,,,,,,,,,,,
23/04/2024 20:00:00,0,247,,,,,,,,,,,,,,,,,,
23/04/2024 19:45:00,0,248,,,,,,,,,,,,,,,,,,
23/04/2024 19:30:00,0,248,,,,,,,,,,,,,,,,,,
23/04/2024 19:15:00,0,248,,,,,,,,,,,,,,,,,,
23/04/2024 19:00:00,0,248,,,,,,,,,,,,,,,,,,
23/04/2024 18:45:00,0,248,,,,,,,,,,,,,,,,,,
23/04/2024 18:30:00,0,249,,,,,,,,,,,,,,,,,,
23/04/2024 18:15:00,0,249,,,,,,,,,,,,,,,,,,
23/04/2024 18:00:00,0,249,,,,,,,,,,,,,,,,,,
23/04/2024 17:45:00,0,249,,,,,,,,,,,,,,,,,,
23/04/2024 17:30:00,0,250,,,,,,,,,,,,,,,,,,
23/04/2024 17:15:00,0,250,,,,,,,,,,,,,,,,,,
23/04/2024 17:00:00,0,250,,,,,,,,,,,,,,,,,,
23/04/2024 16:45:00,0,251,,,,,,,,,,,,,,,,,,
23/04/2024 16:30:00,0,251,,,,,,,,,,,,,,,,,,
23/04/2024 16:15:00,0,252,,,,,,,,,,,,,,,,,,
23/04/2024 16:00:00,0,252,,,,,,,,,,,,,,,,,,
23/04/2024 15:45:00,0,253,,,,,,,,,,,,,,,,,,
23/04/2024 15:30:00,0,254,,,,,,,,,,,,,,,,,,
23/04/2024 15:15:00,0,255,,,,,,,,,,,,,,,,,,
23/04/2024 15:00:00,0,256,,,,,,,,,,,,,,,,,,
23/04/2024 14:45:00,0,257,,,,,,,,,,,,,,,,,,
23/04/2024 14:30:00,0,257,,,,,,,,,,,,,,,,,,
23/04/2024 14:15:00,0,259,,,,,,,,,,,,,,,,,,
23/04/2024 14:00:00,0,260,,,,,,,,,,,,,,,,,,
23/04/2024 13:45:00,0,261,,,,,,,,,,,,,,,,,,
23/04/2024 13:30:00,0,263,,,,,,,,,,,,,,,,,,
23/04/2024 13:15:00,0,264,,,,,,,,,,,,,,,,,,
23/04/2024 13:00:00,0,266,,,,,,,,,,,,,,,,,,
23/04/2024 12:45:00,0,267,,,,,,,,,,,,,,,,,,
23/04/2024 12:30:00,0,269,,,,,,,,,,,,,,,,,,
23/04/2024 12:15:00,0,271,,,,,,,,,,,,,,,,,,
23/04/2024 12:00:00,0,273,,,,,,,,,,,,,,,,,,
23/04/2024 11:45:00,0,276,,,,,,,,,,,,,,,,,,
23/04/2024 11:30:00,0,278,,,,,,,,,,,,,,,,,,
23/04/2024 11:15:00,0,283,,,,,,,,,,,,,,,,,,
23/04/2024 11:00:00,0,283,,,,,,,,,,,,,,,,,,
23/04/2024 10:45:00,0,283,,,,,,,,,,,,,,,,,,
23/04/2024 10:30:00,0,283,,,,,,,,,,,,,,,,,,
23/04/2024 10:15:00,0,283,,,,,,,,,,,,,,,,,,
23/04/2024 10:00:00,0,282,,,,,,,,,,,,,,,,,,
23/04/2024 09:45:00,0,282,,,,,,,,,,,,,,,,,,
23/04/2024 09:30:00,0,282,,,,,,,,,,,,,,,,,,
23/04/2024 09:15:00,0,281,,,,,,,,,,,,,,,,,,
23/04/2024 09:00:00,0,281,,,,,,,,,,,,,,,,,,
23/04/2024 08:45:00,0,280,,,,,,,,,,,,,,,,,,
23/04/2024 08:30:00,0,279,,,,,,,,,,,,,,,,,,
23/04/2024 08:15:00,0,278,,,,,,,,,,,,,,,,,,
23/04/2024 08:00:00,0,278,,,,,,,,,,,,,,,,,,
23/04/2024 07:45:00,0,277,,,,,,,,,,,,,,,,,,
23/04/2024 07:30:00,0,276,,,,,,,,,,,,,,,,,,
23/04/2024 07:15:00,0,275,,,,,,,,,,,,,,,,,,
23/04/2024 07:00:00,0,273,,,,,,,,,,,,,,,,,,
23/04/2024 06:45:00,0,272,,,,,,,,,,,,,,,,,,
23/04/2024 06:30:00,0,270,,,,,,,,,,,,,,,,,,
23/04/2024 06:15:00,0,268,,,,,,,,,,,,,,,,,,
23/04/2024 06:00:00,0,266,,,,,,,,,,,,,,,,,,
23/04/2024 05:45:00,0,264,,,,,,,,,,,,,,,,,,
23/04/2024 05:30:00,0,262,,,,,,,,,,,,,,,,,,
23/04/2024 05:15:00,0,259,,,,,,,,,,,,,,,,,,
23/04/2024 05:00:00,0,256,,,,,,,,,,,,,,,,,,
23/04/2024 04:45:00,0,253,,,,,,,,,,,,,,,,,,
23/04/2024 04:30:00,0,250,,,,,,,,,,,,,,,,,,
23/04/2024 04:15:00,0,246,,,,,,,,,,,,,,,,,,
23/04/2024 04:00:00,0,242,,,,,,,,,,,,,,,,,,
23/04/2024 03:45:00,0,237,,,,,,,,,,,,,,,,,,
23/04/2024 03:30:00,0,230,,,,,,,,,,,,,,,,,,
23/04/2024 03:15:00,0,228,,,,,,,,,,,,,,,,,,
23/04/2024 03:00:00,0,231,,,,,,,,,,,,,,,,,,
23/04/2024 02:45:00,0,233,,,,,,,,,,,,,,,,,,
23/04/2024 02:30:00,0,233,,,,,,,,,,,,,,,,,,
23/04/2024 02:15:00,0,234,,,,,,,,,,,,,,,,,,
23/04/2024 02:00:00,0,234,,,,,,,,,,,,,,,,,,
23/04/2024 01:45:00,0,235,,,,,,,,,,,,,,,,,,
23/04/2024 01:30:00,0,235,,,,,,,,,,,,,,,,,,
23/04/2024 01:15:00,0,235,,,,,,,,,,,,,,,,,,
23/04/2024 01:00:00,0,236,,,,,,,,,,,,,,,,,,
23/04/2024 00:45:00,0,237,,,,,,,,,,,,,,,,,,
23/04/2024 00:30:00,0,237,,,,,,,,,,,,,,,,,,
23/04/2024 00:15:00,0,238,,,,,,,,,,,,,,,,,,
23/04/2024 00:00:00,0,239,,,,,,,,,,,,,,,,,,
22/04/2024 23:45:00,0,240,,,,,,,,,,,,,,,,,,
22/04/2024 23:30:00,0,241,,,,,,,,,,,,,,,,,,
22/04/2024 23:15:00,0,242,,,,,,,,,,,,,,,,,,
22/04/2024 23:00:00,0,243,,,,,,,,,,,,,,,,,,
22/04/2024 22:45:00,0,244,,,,,,,,,,,,,,,,,,
22/04/2024 22:30:00,0,246,,,,,,,,,,,,,,,,,,
22/04/2024 22:15:00,0,247,,,,,,,,,,,,,,,,,,
22/04/2024 22:00:00,0,249,,,,,,,,,,,,,,,,,,
22/04/2024 21:45:00,0,250,,,,,,,,,,,,,,,,,,
22/04/2024 21:30:00,0,252,,,,,,,,,,,,,,,,,,
22/04/2024 21:15:00,0,254,,,,,,,,,,,,,,,,,,
22/04/2024 21:00:00,0,257,,,,,,,,,,,,,,,,,,
22/04/2024 20:45:00,0,259,,,,,,,,,,,,,,,,,,
22/04/2024 20:30:00,0,262,,,,,,,,,,,,,,,,,,
22/04/2024 20:15:00,0,265,,,,,,,,,,,,,,,,,,
22/04/2024 20:00:00,0,269,,,,,,,,,,,,,,,,,,
22/04/2024 19:45:00,0,271,,,,,,,,,,,,,,,,,,
22/04/2024 19:30:00,0,272,,,,,,,,,,,,,,,,,,
22/04/2024 19:15:00,0,274,,,,,,,,,,,,,,,,,,
22/04/2024 19:00:00,0,276,,,,,,,,,,,,,,,,,,
22/04/2024 18:45:00,0,278,,,,,,,,,,,,,,,,,,
22/04/2024 18:30:00,0,281,,,,,,,,,,,,,,,,,,
22/04/2024 18:15:00,0,283,,,,,,,,,,,,,,,,,,
22/04/2024 18:00:00,0,286,,,,,,,,,,,,,,,,,,
22/04/2024 17:45:00,0,288,,,,,,,,,,,,,,,,,,
22/04/2024 17:30:00,0,289,,,,,,,,,,,,,,,,,,
22/04/2024 17:15:00,0,291,,,,,,,,,,,,,,,,,,
22/04/2024 17:00:00,0,293,,,,,,,,,,,,,,,,,,
22/04/2024 16:45:00,0,294,,,,,,,,,,,,,,,,,,
22/04/2024 16:30:00,0,294,,,,,,,,,,,,,,,,,,
22/04/2024 16:15:00,0,294,,,,,,,,,,,,,,,,,,
22/04/2024 16:00:00,0,294,,,,,,,,,,,,,,,,,,
22/04/2024 15:45:00,0,293,,,,,,,,,,,,,,,,,,
22/04/2024 15:30:00,0,293,,,,,,,,,,,,,,,,,,
22/04/2024 15:15:00,0,292,,,,,,,,,,,,,,,,,,
22/04/2024 15:00:00,0,292,,,,,,,,,,,,,,,,,,
22/04/2024 14:45:00,0,292,,,,,,,,,,,,,,,,,,
22/04/2024 14:30:00,0,291,,,,,,,,,,,,,,,,,,
22/04/2024 14:15:00,0,290,,,,,,,,,,,,,,,,,,
22/04/2024 14:00:00,0,289,,,,,,,,,,,,,,,,,,
22/04/2024 13:45:00,0,289,,,,,,,,,,,,,,,,,,
22/04/2024 13:30:00,0,288,,,,,,,,,,,,,,,,,,
22/04/2024 13:15:00,0,287,,,,,,,,,,,,,,,,,,
22/04/2024 13:00:00,0,286,,,,,,,,,,,,,,,,,,
22/04/2024 12:45:00,0,284,,,,,,,,,,,,,,,,,,
22/04/2024 12:30:00,0,283,,,,,,,,,,,,,,,,,,
22/04/2024 12:15:00,0,281,,,,,,,,,,,,,,,,,,
22/04/2024 12:00:00,0,280,,,,,,,,,,,,,,,,,,
22/04/2024 11:45:00,0,278,,,,,,,,,,,,,,,,,,
22/04/2024 11:30:00,0,275,,,,,,,,,,,,,,,,,,
22/04/2024 11:15:00,0,274,,,,,,,,,,,,,,,,,,
22/04/2024 11:00:00,0,274,,,,,,,,,,,,,,,,,,
22/04/2024 10:45:00,0,274,,,,,,,,,,,,,,,,,,
22/04/2024 10:30:00,0,273,,,,,,,,,,,,,,,,,,
22/04/2024 10:15:00,0,273,,,,,,,,,,,,,,,,,,
22/04/2024 10:00:00,0,272,,,,,,,,,,,,,,,,,,
22/04/2024 09:45:00,0,271,,,,,,,,,,,,,,,,,,
22/04/2024 09:30:00,0,271,,,,,,,,,,,,,,,,,,
22/04/2024 09:15:00,0,270,,,,,,,,,,,,,,,,,,
22/04/2024 09:00:00,0,269,,,,,,,,,,,,,,,,,,
22/04/2024 08:45:00,0,269,,,,,,,,,,,,,,,,,,
22/04/2024 08:30:00,0,268,,,,,,,,,,,,,,,,,,
22/04/2024 08:15:00,0,267,,,,,,,,,,,,,,,,,,
22/04/2024 08:00:00,0,266,,,,,,,,,,,,,,,,,,
22/04/2024 07:45:00,0,265,,,,,,,,,,,,,,,,,,
22/04/2024 07:30:00,0,264,,,,,,,,,,,,,,,,,,
22/04/2024 07:15:00,0,262,,,,,,,,,,,,,,,,,,
22/04/2024 07:00:00,0,260,,,,,,,,,,,,,,,,,,
22/04/2024 06:45:00,0,259,,,,,,,,,,,,,,,,,,
22/04/2024 06:30:00,0,256,,,,,,,,,,,,,,,,,,
22/04/2024 06:15:00,0,257,,,,,,,,,,,,,,,,,,
22/04/2024 06:00:00,0,257,,,,,,,,,,,,,,,,,,
22/04/2024 05:45:00,0,258,,,,,,,,,,,,,,,,,,
22/04/2024 05:30:00,0,258,,,,,,,,,,,,,,,,,,
22/04/2024 05:15:00,0,259,,,,,,,,,,,,,,,,,,
22/04/2024 05:00:00,0,259,,,,,,,,,,,,,,,,,,
22/04/2024 04:45:00,0,260,,,,,,,,,,,,,,,,,,
22/04/2024 04:30:00,0,260,,,,,,,,,,,,,,,,,,
22/04/2024 04:15:00,0,261,,,,,,,,,,,,,,,,,,
22/04/2024 04:00:00,0,262,,,,,,,,,,,,,,,,,,
22/04/2024 03:45:00,0,263,,,,,,,,,,,,,,,,,,
22/04/2024 03:30:00,0,263,,,,,,,,,,,,,,,,,,
22/04/2024 03:15:00,0,264,,,,,,,,,,,,,,,,,,
22/04/2024 03:00:00,0,265,,,,,,,,,,,,,,,,,,
22/04/2024 02:45:00,0,266,,,,,,,,,,,,,,,,,,
22/04/2024 02:30:00,0,268,,,,,,,,,,,,,,,,,,
22/04/2024 02:15:00,0,269,,,,,,,,,,,,,,,,,,
22/04/2024 02:00:00,0,270,,,,,,,,,,,,,,,,,,
22/04/2024 01:45:00,0,272,,,,,,,,,,,,,,,,,,
22/04/2024 01:30:00,0,273,,,,,,,,,,,,,,,,,,
22/04/2024 01:15:00,0,275,,,,,,,,,,,,,,,,,,
22/04/2024 01:00:00,0,277,,,,,,,,,,,,,,,,,,
22/04/2024 00:45:00,0,279,,,,,,,,,,,,,,,,,,
22/04/2024 00:30:00,0,281,,,,,,,,,,,,,,,,,,
22/04/2024 00:15:00,0,284,,,,,,,,,,,,,,,,,,
22/04/2024 00:00:00,0,286,,,,,,,,,,,,,,,,,,
21/04/2024 23:45:00,0,289,,,,,,,,,,,,,,,,,,
21/04/2024 23:30:00,0,294,,,,,,,,,,,,,,,,,,
21/04/2024 23:15:00,0,293,,,,,,,,,,,,,,,,,,
21/04/2024 23:00:00,0,294,,,,,,,,,,,,,,,,,,
21/04/2024 22:45:00,0,294,,,,,,,,,,,,,,,,,,
21/04/2024 22:30:00,0,294,,,,,,,,,,,,,,,,,,
21/04/2024 22:15:00,0,295,,,,,,,,,,,,,,,,,,
21/04/2024 22:00:00,0,295,,,,,,,,,,,,,,,,,,
21/04/2024 21:45:00,0,296,,,,,,,,,,,,,,,,,,
21/04/2024 21:30:00,0,296,,,,,,,,,,,,,,,,,,
21/04/2024 21:15:00,0,297,,,,,,,,,,,,,,,,,,
21/04/2024 21:00:00,0,297,,,,,,,,,,,,,,,,,,
21/04/2024 20:45:00,0,298,,,,,,,,,,,,,,,,,,
21/04/2024 20:30:00,0,298,,,,,,,,,,,,,,,,,,
21/04/2024 20:15:00,0,299,,,,,,,,,,,,,,,,,,
21/04/2024 20:00:00,0,299,,,,,,,,,,,,,,,,,,
21/04/2024 19:45:00,0,300,,,,,,,,,,,,,,,,,,
21/04/2024 19:30:00,0,301,,,,,,,,,,,,,,,,,,
21/04/2024 19:15:00,0,302,,,,,,,,,,,,,,,,,,
21/04/2024 19:00:00,0,303,,,,,,,,,,,,,,,,,,
21/04/2024 18:45:00,0,304,,,,,,,,,,,,,,,,,,
21/04/2024 18:30:00,0,305,,,,,,,,,,,,,,,,,,
21/04/2024 18:15:00,0,306,,,,,,,,,,,,,,,,,,
21/04/2024 18:00:00,0,307,,,,,,,,,,,,,,,,,,
21/04/2024 17:45:00,0,309,,,,,,,,,,,,,,,,,,
21/04/2024 17:30:00,0,311,,,,,,,,,,,,,,,,,,
21/04/2024 17:15:00,0,312,,,,,,,,,,,,,,,,,,
21/04/2024 17:00:00,0,314,,,,,,,,,,,,,,,,,,
21/04/2024 16:45:00,0,316,,,,,,,,,,,,,,,,,,
21/04/2024 16:30:00,0,319,,,,,,,,,,,,,,,,,,
21/04/2024 16:15:00,0,319,,,,,,,,,,,,,,,,,,
21/04/2024 16:00:00,0,319,,,,,,,,,,,,,,,,,,
21/04/2024 15:45:00,0,319,,,,,,,,,,,,,,,,,,
21/04/2024 15:30:00,0,319,,,,,,,,,,,,,,,,,,
21/04/2024 15:15:00,0,319,,,,,,,,,,,,,,,,,,
21/04/2024 15:00:00,0,319,,,,,,,,,,,,,,,,,,
21/04/2024 14:45:00,0,319,,,,,,,,,,,,,,,,,,
21/04/2024 14:30:00,0,320,,,,,,,,,,,,,,,,,,
21/04/2024 14:15:00,0,320,,,,,,,,,,,,,,,,,,
21/04/2024 14:00:00,0,320,,,,,,,,,,,,,,,,,,
21/04/2024 13:45:00,0,320,,,,,,,,,,,,,,,,,,
21/04/2024 13:30:00,0,321,,,,,,,,,,,,,,,,,,
21/04/2024 13:15:00,0,321,,,,,,,,,,,,,,,,,,
21/04/2024 13:00:00,0,321,,,,,,,,,,,,,,,,,,
21/04/2024 12:45:00,0,321,,,,,,,,,,,,,,,,,,
21/04/2024 12:30:00,0,322,,,,,,,,,,,,,,,,,,
21/04/2024 12:15:00,0,322,,,,,,,,,,,,,,,,,,
21/04/2024 12:00:00,0,322,,,,,,,,,,,,,,,,,,
21/04/2024 11:45:00,0,323,,,,,,,,,,,,,,,,,,
21/04/2024 11:30:00,0,323,,,,,,,,,,,,,,,,,,
21/04/2024 11:15:00,0,324,,,,,,,,,,,,,,,,,,
21/04/2024 11:00:00,0,324,,,,,,,,,,,,,,,,,,
21/04/2024 10:45:00,0,324,,,,,,,,,,,,,,,,,,
21/04/2024 10:30:00,0,325,,,,,,,,,,,,,,,,,,
21/04/2024 10:15:00,0,325,,,,,,,,,,,,,,,,,,
21/04/2024 10:00:00,0,326,,,,,,,,,,,,,,,,,,
21/04/2024 09:45:00,0,327,,,,,,,,,,,,,,,,,,
21/04/2024 09:30:00,0,327,,,,,,,,,,,,,,,,,,
21/04/2024 09:15:00,0,328,,,,,,,,,,,,,,,,,,
21/04/2024 09:00:00,0,329,,,,,,,,,,,,,,,,,,
21/04/2024 08:45:00,0,329,,,,,,,,,,,,,,,,,,
21/04/2024 08:30:00,0,330,,,,,,,,,,,,,,,,,,
21/04/2024 08:15:00,0,331,,,,,,,,,,,,,,,,,,
21/04/2024 08:00:00,0,332,,,,,,,,,,,,,,,,,,
21/04/2024 07:45:00,0,333,,,,,,,,,,,,,,,,,,
21/04/2024 07:30:00,0,336,,,,,,,,,,,,,,,,,,
21/04/2024 07:15:00,0,335,,,,,,,,,,,,,,,,,,
21/04/2024 07:00:00,0,334,,,,,,,,,,,,,,,,,,
21/04/2024 06:45:00,0,334,,,,,,,,,,,,,,,,,,
21/04/2024 06:30:00,0,333,,,,,,,,,,,,,,,,,,
21/04/2024 06:15:00,0,332,,,,,,,,,,,,,,,,,,
21/04/2024 06:00:00,0,331,,,,,,,,,,,,,,,,,,
21/04/2024 05:45:00,0,330,,,,,,,,,,,,,,,,,,
21/04/2024 05:30:00,0,328,,,,,,,,,,,,,,,,,,
21/04/2024 05:15:00,0,327,,,,,,,,,,,,,,,,,,
21/04/2024 05:00:00,0,325,,,,,,,,,,,,,,,,,,
21/04/2024 04:45:00,0,324,,,,,,,,,,,,,,,,,,
21/04/2024 04:30:00,0,322,,,,,,,,,,,,,,,,,,
21/04/2024 04:15:00,0,319,,,,,,,,,,,,,,,,,,
21/04/2024 04:00:00,0,317,,,,,,,,,,,,,,,,,,
21/04/2024 03:45:00,0,314,,,,,,,,,,,,,,,,,,
21/04/2024 03:30:00,0,311,,,,,,,,,,,,,,,,,,
21/04/2024 03:15:00,0,311,,,,,,,,,,,,,,,,,,
21/04/2024 03:00:00,0,311,,,,,,,,,,,,,,,,,,
21/04/2024 02:45:00,0,311,,,,,,,,,,,,,,,,,,
21/04/2024 02:30:00,0,311,,,,,,,,,,,,,,,,,,
21/04/2024 02:15:00,0,312,,,,,,,,,,,,,,,,,,
21/04/2024 02:00:00,0,311,,,,,,,,,,,,,,,,,,
21/04/2024 01:45:00,0,312,,,,,,,,,,,,,,,,,,
21/04/2024 01:30:00,0,312,,,,,,,,,,,,,,,,,,
21/04/2024 01:15:00,0,312,,,,,,,,,,,,,,,,,,
21/04/2024 01:00:00,0,312,,,,,,,,,,,,,,,,,,
21/04/2024 00:45:00,0,312,,,,,,,,,,,,,,,,,,
21/04/2024 00:30:00,0,313,,,,,,,,,,,,,,,,,,
21/04/2024 00:15:00,0,313,,,,,,,,,,,,,,,,,,
21/04/2024 00:00:00,0,313,,,,,,,,,,,,,,,,,,
20/04/2024 23:45:00,0,313,,,,,,,,,,,,,,,,,,
20/04/2024 23:30:00,0,314,,,,,,,,,,,,,,,,,,
20/04/2024 23:15:00,0,314,,,,,,,,,,,,,,,,,,
20/04/2024 23:00:00,0,314,,,,,,,,,,,,,,,,,,
20/04/2024 22:45:00,0,315,,,,,,,,,,,,,,,,,,
20/04/2024 22:30:00,0,315,,,,,,,,,,,,,,,,,,
20/04/2024 22:15:00,0,316,,,,,,,,,,,,,,,,,,
20/04/2024 22:00:00,0,316,,,,,,,,,,,,,,,,,,
20/04/2024 21:45:00,0,317,,,,,,,,,,,,,,,,,,
20/04/2024 21:30:00,0,319,,,,,,,,,,,,,,,,,,
20/04/2024 21:15:00,0,319,,,,,,,,,,,,,,,,,,
20/04/2024 21:00:00,0,321,,,,,,,,,,,,,,,,,,
20/04/2024 20:45:00,0,322,,,,,,,,,,,,,,,,,,
20/04/2024 20:30:00,0,322,,,,,,,,,,,,,,,,,,
20/04/2024 20:15:00,0,322,,,,,,,,,,,,,,,,,,
20/04/2024 20:00:00,0,324,,,,,,,,,,,,,,,,,,
20/04/2024 19:45:00,0,325,,,,,,,,,,,,,,,,,,
20/04/2024 19:30:00,0,327,,,,,,,,,,,,,,,,,,
20/04/2024 19:15:00,0,328,,,,,,,,,,,,,,,,,,
20/04/2024 19:00:00,0,330,,,,,,,,,,,,,,,,,,
20/04/2024 18:45:00,0,332,,,,,,,,,,,,,,,,,,
20/04/2024 18:30:00,0,334,,,,,,,,,,,,,,,,,,
20/04/2024 18:15:00,0,337,,,,,,,,,,,,,,,,,,
20/04/2024 18:00:00,0,339,,,,,,,,,,,,,,,,,,
20/04/2024 17:45:00,0,342,,,,,,,,,,,,,,,,,,
20/04/2024 17:30:00,0,345,,,,,,,,,,,,,,,,,,
20/04/2024 17:15:00,0,349,,,,,,,,,,,,,,,,,,
20/04/2024 17:00:00,0,351,,,,,,,,,,,,,,,,,,
20/04/2024 16:45:00,0,354,,,,,,,,,,,,,,,,,,
20/04/2024 16:30:00,0,356,,,,,,,,,,,,,,,,,,
20/04/2024 16:15:00,0,359,,,,,,,,,,,,,,,,,,
20/04/2024 16:00:00,0,362,,,,,,,,,,,,,,,,,,
20/04/2024 15:45:00,0,367,,,,,,,,,,,,,,,,,,
20/04/2024 15:30:00,0,367,,,,,,,,,,,,,,,,,,
20/04/2024 15:15:00,0,366,,,,,,,,,,,,,,,,,,
20/04/2024 15:00:00,0,366,,,,,,,,,,,,,,,,,,
20/04/2024 14:45:00,0,366,,,,,,,,,,,,,,,,,,
20/04/2024 14:30:00,0,365,,,,,,,,,,,,,,,,,,
20/04/2024 14:15:00,0,365,,,,,,,,,,,,,,,,,,
20/04/2024 14:00:00,0,364,,,,,,,,,,,,,,,,,,
20/04/2024 13:45:00,0,363,,,,,,,,,,,,,,,,,,
20/04/2024 13:30:00,0,362,,,,,,,,,,,,,,,,,,
20/04/2024 13:15:00,0,362,,,,,,,,,,,,,,,,,,
20/04/2024 13:00:00,0,360,,,,,,,,,,,,,,,,,,
20/04/2024 12:45:00,0,359,,,,,,,,,,,,,,,,,,
20/04/2024 12:30:00,0,358,,,,,,,,,,,,,,,,,,
20/04/2024 12:15:00,0,357,,,,,,,,,,,,,,,,,,
20/04/2024 12:00:00,0,355,,,,,,,,,,,,,,,,,,
20/04/2024 11:45:00,0,353,,,,,,,,,,,,,,,,,,
20/04/2024 11:30:00,0,351,,,,,,,,,,,,,,,,,,
20/04/2024 11:15:00,0,349,,,,,,,,,,,,,,,,,,
20/04/2024 11:00:00,0,346,,,,,,,,,,,,,,,,,,
20/04/2024 10:45:00,0,344,,,,,,,,,,,,,,,,,,
20/04/2024 10:30:00,0,340,,,,,,,,,,,,,,,,,,
20/04/2024 10:15:00,0,337,,,,,,,,,,,,,,,,,,
20/04/2024 10:00:00,0,334,,,,,,,,,,,,,,,,,,
20/04/2024 09:45:00,0,333,,,,,,,,,,,,,,,,,,
20/04/2024 09:30:00,0,331,,,,,,,,,,,,,,,,,,
20/04/2024 09:15:00,0,330,,,,,,,,,,,,,,,,,,
20/04/2024 09:00:00,0,328,,,,,,,,,,,,,,,,,,
20/04/2024 08:45:00,0,328,,,,,,,,,,,,,,,,,,
20/04/2024 08:30:00,0,330,,,,,,,,,,,,,,,,,,
20/04/2024 08:15:00,0,332,,,,,,,,,,,,,,,,,,
20/04/2024 08:00:00,0,334,,,,,,,,,,,,,,,,,,
20/04/2024 07:45:00,0,337,,,,,,,,,,,,,,,,,,
20/04/2024 07:30:00,0,340,,,,,,,,,,,,,,,,,,
20/04/2024 07:15:00,0,343,,,,,,,,,,,,,,,,,,
20/04/2024 07:00:00,0,347,,,,,,,,,,,,,,,,,,
20/04/2024 06:45:00,0,351,,,,,,,,,,,,,,,,,,
20/04/2024 06:30:00,0,355,,,,,,,,,,,,,,,,,,
20/04/2024 06:15:00,0,360,,,,,,,,,,,,,,,,,,
20/04/2024 06:00:00,0,366,,,,,,,,,,,,,,,,,,
20/04/2024 05:45:00,0,372,,,,,,,,,,,,,,,,,,
20/04/2024 05:30:00,0,379,,,,,,,,,,,,,,,,,,
20/04/2024 05:15:00,0,391,,,,,,,,,,,,,,,,,,
20/04/2024 05:00:00,0,390,,,,,,,,,,,,,,,,,,
20/04/2024 04:45:00,0,390,,,,,,,,,,,,,,,,,,
20/04/2024 04:30:00,0,390,,,,,,,,,,,,,,,,,,
20/04/2024 04:15:00,0,389,,,,,,,,,,,,,,,,,,
20/04/2024 04:00:00,0,389,,,,,,,,,,,,,,,,,,
20/04/2024 03:45:00,0,389,,,,,,,,,,,,,,,,,,
20/04/2024 03:30:00,0,388,,,,,,,,,,,,,,,,,,
20/04/2024 03:15:00,0,388,,,,,,,,,,,,,,,,,,
20/04/2024 03:00:00,0,387,,,,,,,,,,,,,,,,,,
20/04/2024 02:45:00,0,386,,,,,,,,,,,,,,,,,,
20/04/2024 02:30:00,0,386,,,,,,,,,,,,,,,,,,
20/04/2024 02:15:00,0,385,,,,,,,,,,,,,,,,,,
20/04/2024 02:00:00,0,385,,,,,,,,,,,,,,,,,,
20/04/2024 01:45:00,0,382,,,,,,,,,,,,,,,,,,
20/04/2024 01:30:00,0,379,,,,,,,,,,,,,,,,,,
20/04/2024 01:15:00,0,376,,,,,,,,,,,,,,,,,,
20/04/2024 01:00:00,0,372,,,,,,,,,,,,,,,,,,
20/04/2024 00:45:00,0,368,,,,,,,,,,,,,,,,,,
20/04/2024 00:30:00,0,363,,,,,,,,,,,,,,,,,,
20/04/2024 00:15:00,0,357,,,,,,,,,,,,,,,,,,
20/04/2024 00:00:00,0,351,,,,,,,,,,,,,,,,,,
19/04/2024 23:45:00,0,343,,,,,,,,,,,,,,,,,,
19/04/2024 23:30:00,0,336,,,,,,,,,,,,,,,,,,
19/04/2024 23:15:00,0,330,,,,,,,,,,,,,,,,,,
19/04/2024 23:00:00,0,326,,,,,,,,,,,,,,,,,,
19/04/2024 22:45:00,0,326,,,,,,,,,,,,,,,,,,
19/04/2024 22:30:00,0,325,,,,,,,,,,,,,,,,,,
19/04/2024 22:15:00,0,328,,,,,,,,,,,,,,,,,,
19/04/2024 22:00:00,0,332,,,,,,,,,,,,,,,,,,
19/04/2024 21:45:00,0,336,,,,,,,,,,,,,,,,,,
19/04/2024 21:30:00,0,341,,,,,,,,,,,,,,,,,,
19/04/2024 21:15:00,0,346,,,,,,,,,,,,,,,,,,
19/04/2024 21:00:00,0,351,,,,,,,,,,,,,,,,,,
19/04/2024 20:45:00,0,357,,,,,,,,,,,,,,,,,,
19/04/2024 20:30:00,0,363,,,,,,,,,,,,,,,,,,
19/04/2024 20:15:00,0,370,,,,,,,,,,,,,,,,,,
19/04/2024 20:00:00,0,377,,,,,,,,,,,,,,,,,,
19/04/2024 19:45:00,0,383,,,,,,,,,,,,,,,,,,
19/04/2024 19:30:00,0,389,,,,,,,,,,,,,,,,,,
19/04/2024 19:15:00,0,399,,,,,,,,,,,,,,,,,,
19/04/2024 19:00:00,0,407,,,,,,,,,,,,,,,,,,
19/04/2024 18:45:00,0,409,,,,,,,,,,,,,,,,,,
19/04/2024 18:30:00,0,412,,,,,,,,,,,,,,,,,,
19/04/2024 18:15:00,0,415,,,,,,,,,,,,,,,,,,
19/04/2024 18:00:00,0,420,,,,,,,,,,,,,,,,,,
19/04/2024 17:45:00,0,420,,,,,,,,,,,,,,,,,,
19/04/2024 17:30:00,0,421,,,,,,,,,,,,,,,,,,
19/04/2024 17:15:00,0,422,,,,,,,,,,,,,,,,,,
19/04/2024 17:00:00,0,423,,,,,,,,,,,,,,,,,,
19/04/2024 16:45:00,0,424,,,,,,,,,,,,,,,,,,
19/04/2024 16:30:00,0,424,,,,,,,,,,,,,,,,,,
19/04/2024 16:15:00,0,425,,,,,,,,,,,,,,,,,,
19/04/2024 16:00:00,0,427,,,,,,,,,,,,,,,,,,
19/04/2024 15:45:00,0,428,,,,,,,,,,,,,,,,,,
19/04/2024 15:30:00,0,429,,,,,,,,,,,,,,,,,,
19/04/2024 15:15:00,0,431,,,,,,,,,,,,,,,,,,
19/04/2024 15:00:00,0,432,,,,,,,,,,,,,,,,,,
19/04/2024 14:45:00,0,434,,,,,,,,,,,,,,,,,,
19/04/2024 14:30:00,0,436,,,,,,,,,,,,,,,,,,
19/04/2024 14:15:00,0,438,,,,,,,,,,,,,,,,,,
19/04/2024 14:00:00,0,441,,,,,,,,,,,,,,,,,,
19/04/2024 13:45:00,0,445,,,,,,,,,,,,,,,,,,
19/04/2024 13:30:00,0,445,,,,,,,,,,,,,,,,,,
19/04/2024 13:15:00,0,445,,,,,,,,,,,,,,,,,,
19/04/2024 13:00:00,0,445,,,,,,,,,,,,,,,,,,
19/04/2024 12:45:00,0,445,,,,,,,,,,,,,,,,,,
19/04/2024 12:30:00,0,445,,,,,,,,,,,,,,,,,,
19/04/2024 12:15:00,0,445,,,,,,,,,,,,,,,,,,
19/04/2024 12:00:00,0,445,,,,,,,,,,,,,,,,,,
19/04/2024 11:45:00,0,445,,,,,,,,,,,,,,,,,,
19/04/2024 11:30:00,0,445,,,,,,,,,,,,,,,,,,
19/04/2024 11:15:00,0,445,,,,,,,,,,,,,,,,,,
19/04/2024 11:00:00,0,444,,,,,,,,,,,,,,,,,,
19/04/2024 10:45:00,0,444,,,,,,,,,,,,,,,,,,
19/04/2024 10:30:00,0,444,,,,,,,,,,,,,,,,,,
19/04/2024 10:15:00,0,444,,,,,,,,,,,,,,,,,,
19/04/2024 10:00:00,0,444,,,,,,,,,,,,,,,,,,
19/04/2024 09:45:00,0,443,,,,,,,,,,,,,,,,,,
19/04/2024 09:30:00,0,443,,,,,,,,,,,,,,,,,,
19/04/2024 09:15:00,0,444,,,,,,,,,,,,,,,,,,
19/04/2024 09:00:00,0,445,,,,,,,,,,,,,,,,,,
19/04/2024 08:45:00,0,446,,,,,,,,,,,,,,,,,,
19/04/2024 08:30:00,0,448,,,,,,,,,,,,,,,,,,
19/04/2024 08:15:00,0,450,,,,,,,,,,,,,,,,,,
19/04/2024 08:00:00,0,452,,,,,,,,,,,,,,,,,,
19/04/2024 07:45:00,0,454,,,,,,,,,,,,,,,,,,
19/04/2024 07:30:00,0,456,,,,,,,,,,,,,,,,,,
19/04/2024 07:15:00,0,459,,,,,,,,,,,,,,,,,,
19/04/2024 07:00:00,0,463,,,,,,,,,,,,,,,,,,
19/04/2024 06:45:00,0,465,,,,,,,,,,,,,,,,,,
19/04/2024 06:30:00,0,466,,,,,,,,,,,,,,,,,,
19/04/2024 06:15:00,0,467,,,,,,,,,,,,,,,,,,
19/04/2024 06:00:00,0,468,,,,,,,,,,,,,,,,,,
19/04/2024 05:45:00,0,469,,,,,,,,,,,,,,,,,,
19/04/2024 05:30:00,0,472,,,,,,,,,,,,,,,,,,
19/04/2024 05:15:00,0,473,,,,,,,,,,,,,,,,,,
19/04/2024 05:00:00,0,475,,,,,,,,,,,,,,,,,,
19/04/2024 04:45:00,0,477,,,,,,,,,,,,,,,,,,
19/04/2024 04:30:00,0,477,,,,,,,,,,,,,,,,,,
19/04/2024 04:15:00,0,481,,,,,,,,,,,,,,,,,,
19/04/2024 04:00:00,0,482,,,,,,,,,,,,,,,,,,
19/04/2024 03:45:00,0,482,,,,,,,,,,,,,,,,,,
19/04/2024 03:30:00,0,481,,,,,,,,,,,,,,,,,,
19/04/2024 03:15:00,0,481,,,,,,,,,,,,,,,,,,
19/04/2024 03:00:00,0,480,,,,,,,,,,,,,,,,,,
19/04/2024 02:45:00,0,479,,,,,,,,,,,,,,,,,,
19/04/2024 02:30:00,0,478,,,,,,,,,,,,,,,,,,
19/04/2024 02:15:00,0,477,,,,,,,,,,,,,,,,,,
19/04/2024 02:00:00,0,476,,,,,,,,,,,,,,,,,,
19/04/2024 01:45:00,0,475,,,,,,,,,,,,,,,,,,
19/04/2024 01:30:00,0,473,,,,,,,,,,,,,,,,,,
19/04/2024 01:15:00,0,469,,,,,,,,,,,,,,,,,,
19/04/2024 01:00:00,0,470,,,,,,,,,,,,,,,,,,
19/04/2024 00:45:00,0,471,,,,,,,,,,,,,,,,,,
19/04/2024 00:30:00,0,473,,,,,,,,,,,,,,,,,,
19/04/2024 00:15:00,0,474,,,,,,,,,,,,,,,,,,
19/04/2024 00:00:00,0,476,,,,,,,,,,,,,,,,,,
18/04/2024 23:45:00,0,478,,,,,,,,,,,,,,,,,,
18/04/2024 23:30:00,0,480,,,,,,,,,,,,,,,,,,
18/04/2024 23:15:00,0,482,,,,,,,,,,,,,,,,,,
18/04/2024 23:00:00,0,485,,,,,,,,,,,,,,,,,,
18/04/2024 22:45:00,0,488,,,,,,,,,,,,,,,,,,
18/04/2024 22:30:00,0,492,,,,,,,,,,,,,,,,,,
18/04/2024 22:15:00,0,497,,,,,,,,,,,,,,,,,,
18/04/2024 22:00:00,0,497,,,,,,,,,,,,,,,,,,
18/04/2024 21:45:00,0,498,,,,,,,,,,,,,,,,,,
18/04/2024 21:30:00,0,499,,,,,,,,,,,,,,,,,,
18/04/2024 21:15:00,0,500,,,,,,,,,,,,,,,,,,
18/04/2024 21:00:00,0,500,,,,,,,,,,,,,,,,,,
18/04/2024 20:45:00,0,501,,,,,,,,,,,,,,,,,,
18/04/2024 20:30:00,0,502,,,,,,,,,,,,,,,,,,
18/04/2024 20:15:00,0,503,,,,,,,,,,,,,,,,,,
18/04/2024 20:00:00,0,505,,,,,,,,,,,,,,,,,,
18/04/2024 19:45:00,0,506,,,,,,,,,,,,,,,,,,
18/04/2024 19:30:00,0,507,,,,,,,,,,,,,,,,,,
18/04/2024 19:15:00,0,509,,,,,,,,,,,,,,,,,,
18/04/2024 19:00:00,0,511,,,,,,,,,,,,,,,,,,
18/04/2024 18:45:00,0,513,,,,,,,,,,,,,,,,,,
18/04/2024 18:30:00,0,516,,,,,,,,,,,,,,,,,,
18/04/2024 18:15:00,0,521,,,,,,,,,,,,,,,,,,
18/04/2024 18:00:00,0,521,,,,,,,,,,,,,,,,,,
18/04/2024 17:45:00,0,522,,,,,,,,,,,,,,,,,,
18/04/2024 17:30:00,0,523,,,,,,,,,,,,,,,,,,
18/04/2024 17:15:00,0,523,,,,,,,,,,,,,,,,,,
18/04/2024 17:00:00,0,524,,,,,,,,,,,,,,,,,,
18/04/2024 16:45:00,0,525,,,,,,,,,,,,,,,,,,
18/04/2024 16:30:00,0,525,,,,,,,,,,,,,,,,,,
18/04/2024 16:15:00,0,526,,,,,,,,,,,,,,,,,,
18/04/2024 16:00:00,0,528,,,,,,,,,,,,,,,,,,
18/04/2024 15:45:00,0,529,,,,,,,,,,,,,,,,,,
18/04/2024 15:30:00,0,530,,,,,,,,,,,,,,,,,,
18/04/2024 15:15:00,0,533,,,,,,,,,,,,,,,,,,
18/04/2024 15:00:00,0,534,,,,,,,,,,,,,,,,,,
18/04/2024 14:45:00,0,534,,,,,,,,,,,,,,,,,,
18/04/2024 14:30:00,0,535,,,,,,,,,,,,,,,,,,
18/04/2024 14:15:00,0,536,,,,,,,,,,,,,,,,,,
18/04/2024 14:00:00,0,536,,,,,,,,,,,,,,,,,,
18/04/2024 13:45:00,0,537,,,,,,,,,,,,,,,,,,
18/04/2024 13:30:00,0,538,,,,,,,,,,,,,,,,,,
18/04/2024 13:15:00,0,538,,,,,,,,,,,,,,,,,,
18/04/2024 13:00:00,0,539,,,,,,,,,,,,,,,,,,
18/04/2024 12:45:00,0,540,,,,,,,,,,,,,,,,,,
18/04/2024 12:30:00,0,542,,,,,,,,,,,,,,,,,,
18/04/2024 12:15:00,0,543,,,,,,,,,,,,,,,,,,
18/04/2024 12:00:00,0,544,,,,,,,,,,,,,,,,,,
18/04/2024 11:45:00,0,546,,,,,,,,,,,,,,,,,,
18/04/2024 11:30:00,0,548,,,,,,,,,,,,,,,,,,
18/04/2024 11:15:00,0,550,,,,,,,,,,,,,,,,,,
18/04/2024 11:00:00,0,553,,,,,,,,,,,,,,,,,,
18/04/2024 10:45:00,0,555,,,,,,,,,,,,,,,,,,
18/04/2024 10:30:00,0,558,,,,,,,,,,,,,,,,,,
18/04/2024 10:15:00,0,562,,,,,,,,,,,,,,,,,,
18/04/2024 10:00:00,0,566,,,,,,,,,,,,,,,,,,
18/04/2024 09:45:00,0,571,,,,,,,,,,,,,,,,,,
18/04/2024 09:30:00,0,580,,,,,,,,,,,,,,,,,,
18/04/2024 09:15:00,0,583,,,,,,,,,,,,,,,,,,
18/04/2024 09:00:00,0,584,,,,,,,,,,,,,,,,,,
18/04/2024 08:45:00,0,584,,,,,,,,,,,,,,,,,,
18/04/2024 08:30:00,0,585,,,,,,,,,,,,,,,,,,
18/04/2024 08:15:00,0,586,,,,,,,,,,,,,,,,,,
18/04/2024 08:00:00,0,587,,,,,,,,,,,,,,,,,,
18/04/2024 07:45:00,0,588,,,,,,,,,,,,,,,,,,
18/04/2024 07:30:00,0,589,,,,,,,,,,,,,,,,,,
18/04/2024 07:15:00,0,590,,,,,,,,,,,,,,,,,,
18/04/2024 07:00:00,0,592,,,,,,,,,,,,,,,,,,
18/04/2024 06:45:00,0,593,,,,,,,,,,,,,,,,,,
18/04/2024 06:30:00,0,594,,,,,,,,,,,,,,,,,,
18/04/2024 06:15:00,0,596,,,,,,,,,,,,,,,,,,
18/04/2024 06:00:00,0,598,,,,,,,,,,,,,,,,,,
18/04/2024 05:45:00,0,601,,,,,,,,,,,,,,,,,,
18/04/2024 05:30:00,0,603,,,,,,,,,,,,,,,,,,
18/04/2024 05:15:00,0,607,,,,,,,,,,,,,,,,,,
18/04/2024 05:00:00,0,611,,,,,,,,,,,,,,,,,,
18/04/2024 04:45:00,0,615,,,,,,,,,,,,,,,,,,
18/04/2024 04:30:00,0,621,,,,,,,,,,,,,,,,,,
18/04/2024 04:15:00,0,628,,,,,,,,,,,,,,,,,,
18/04/2024 04:00:00,0,637,,,,,,,,,,,,,,,,,,
18/04/2024 03:45:00,0,643,,,,,,,,,,,,,,,,,,
18/04/2024 03:30:00,0,644,,,,,,,,,,,,,,,,,,
18/04/2024 03:15:00,0,644,,,,,,,,,,,,,,,,,,
18/04/2024 03:00:00,0,645,,,,,,,,,,,,,,,,,,
18/04/2024 02:45:00,0,646,,,,,,,,,,,,,,,,,,
18/04/2024 02:30:00,0,647,,,,,,,,,,,,,,,,,,
18/04/2024 02:15:00,0,647,,,,,,,,,,,,,,,,,,
18/04/2024 02:00:00,0,648,,,,,,,,,,,,,,,,,,
18/04/2024 01:45:00,0,649,,,,,,,,,,,,,,,,,,
18/04/2024 01:30:00,0,649,,,,,,,,,,,,,,,,,,
18/04/2024 01:15:00,0,650,,,,,,,,,,,,,,,,,,
18/04/2024 01:00:00,0,651,,,,,,,,,,,,,,,,,,
18/04/2024 00:45:00,0,652,,,,,,,,,,,,,,,,,,
18/04/2024 00:30:00,0,653,,,,,,,,,,,,,,,,,,
18/04/2024 00:15:00,0,654,,,,,,,,,,,,,,,,,,
18/04/2024 00:00:00,0,655,,,,,,,,,,,,,,,,,,
17/04/2024 23:45:00,0,656,,,,,,,,,,,,,,,,,,
17/04/2024 23:30:00,0,658,,,,,,,,,,,,,,,,,,
17/04/2024 23:15:00,0,660,,,,,,,,,,,,,,,,,,
17/04/2024 23:00:00,0,662,,,,,,,,,,,,,,,,,,
17/04/2024 22:45:00,0,665,,,,,,,,,,,,,,,,,,
17/04/2024 22:30:00,0,670,,,,,,,,,,,,,,,,,,
17/04/2024 22:15:00,0,671,,,,,,,,,,,,,,,,,,
17/04/2024 22:00:00,0,672,,,,,,,,,,,,,,,,,,
17/04/2024 21:45:00,0,673,,,,,,,,,,,,,,,,,,
17/04/2024 21:30:00,0,677,,,,,,,,,,,,,,,,,,
17/04/2024 21:15:00,0,682,,,,,,,,,,,,,,,,,,
17/04/2024 21:00:00,0,684,,,,,,,,,,,,,,,,,,
17/04/2024 20:45:00,0,684,,,,,,,,,,,,,,,,,,
17/04/2024 20:30:00,0,684,,,,,,,,,,,,,,,,,,
17/04/2024 20:15:00,0,685,,,,,,,,,,,,,,,,,,
17/04/2024 20:00:00,0,685,,,,,,,,,,,,,,,,,,
17/04/2024 19:45:00,0,686,,,,,,,,,,,,,,,,,,
17/04/2024 19:30:00,0,687,,,,,,,,,,,,,,,,,,
17/04/2024 19:15:00,0,688,,,,,,,,,,,,,,,,,,
17/04/2024 19:00:00,0,689,,,,,,,,,,,,,,,,,,
17/04/2024 18:45:00,0,691,,,,,,,,,,,,,,,,,,
17/04/2024 18:30:00,0,691,,,,,,,,,,,,,,,,,,
17/04/2024 18:15:00,0,692,,,,,,,,,,,,,,,,,,
17/04/2024 18:00:00,0,692,,,,,,,,,,,,,,,,,,
17/04/2024 17:45:00,0,692,,,,,,,,,,,,,,,,,,
17/04/2024 17:30:00,0,694,,,,,,,,,,,,,,,,,,
17/04/2024 17:15:00,0,695,,,,,,,,,,,,,,,,,,
17/04/2024 17:00:00,0,696,,,,,,,,,,,,,,,,,,
17/04/2024 16:45:00,0,698,,,,,,,,,,,,,,,,,,
17/04/2024 16:30:00,0,698,,,,,,,,,,,,,,,,,,
17/04/2024 16:15:00,0,696,,,,,,,,,,,,,,,,,,
17/04/2024 16:00:00,0,695,,,,,,,,,,,,,,,,,,
17/04/2024 15:45:00,0,694,,,,,,,,,,,,,,,,,,
17/04/2024 15:30:00,0,691,,,,,,,,,,,,,,,,,,
17/04/2024 15:15:00,0,688,,,,,,,,,,,,,,,,,,
17/04/2024 15:00:00,0,686,,,,,,,,,,,,,,,,,,
17/04/2024 14:45:00,0.2,681,,,,,,,,,,,,,,,,,,
17/04/2024 14:30:00,0,674,,,,,,,,,,,,,,,,,,
17/04/2024 14:15:00,0,673,,,,,,,,,,,,,,,,,,
17/04/2024 14:00:00,0,673,,,,,,,,,,,,,,,,,,
17/04/2024 13:45:00,0,671,,,,,,,,,,,,,,,,,,
17/04/2024 13:30:00,0,671,,,,,,,,,,,,,,,,,,
17/04/2024 13:15:00,0,669,,,,,,,,,,,,,,,,,,
17/04/2024 13:00:00,0,668,,,,,,,,,,,,,,,,,,
17/04/2024 12:45:00,0,666,,,,,,,,,,,,,,,,,,
17/04/2024 12:30:00,0,665,,,,,,,,,,,,,,,,,,
17/04/2024 12:15:00,0,663,,,,,,,,,,,,,,,,,,
17/04/2024 12:00:00,0,661,,,,,,,,,,,,,,,,,,
17/04/2024 11:45:00,0,658,,,,,,,,,,,,,,,,,,
17/04/2024 11:30:00,0,655,,,,,,,,,,,,,,,,,,
17/04/2024 11:15:00,0,652,,,,,,,,,,,,,,,,,,
17/04/2024 11:00:00,0,649,,,,,,,,,,,,,,,,,,
17/04/2024 10:45:00,0,644,,,,,,,,,,,,,,,,,,
17/04/2024 10:30:00,0,638,,,,,,,,,,,,,,,,,,
17/04/2024 10:15:00,0,632,,,,,,,,,,,,,,,,,,
17/04/2024 10:00:00,0,625,,,,,,,,,,,,,,,,,,
17/04/2024 09:45:00,0,616,,,,,,,,,,,,,,,,,,
17/04/2024 09:30:00,0,601,,,,,,,,,,,,,,,,,,
17/04/2024 09:15:00,0,596,,,,,,,,,,,,,,,,,,
17/04/2024 09:00:00,0,593,,,,,,,,,,,,,,,,,,
17/04/2024 08:45:00,0,590,,,,,,,,,,,,,,,,,,
17/04/2024 08:30:00,0,586,,,,,,,,,,,,,,,,,,
17/04/2024 08:15:00,0,582,,,,,,,,,,,,,,,,,,
17/04/2024 08:00:00,0,577,,,,,,,,,,,,,,,,,,
17/04/2024 07:45:00,0,571,,,,,,,,,,,,,,,,,,
17/04/2024 07:30:00,0,562,,,,,,,,,,,,,,,,,,
17/04/2024 07:15:00,0,558,,,,,,,,,,,,,,,,,,
17/04/2024 07:00:00,0,553,,,,,,,,,,,,,,,,,,
17/04/2024 06:45:00,0,549,,,,,,,,,,,,,,,,,,
17/04/2024 06:30:00,0,544,,,,,,,,,,,,,,,,,,
17/04/2024 06:15:00,0,538,,,,,,,,,,,,,,,,,,
17/04/2024 06:00:00,0,532,,,,,,,,,,,,,,,,,,
17/04/2024 05:45:00,0,524,,,,,,,,,,,,,,,,,,
17/04/2024 05:30:00,0,515,,,,,,,,,,,,,,,,,,
17/04/2024 05:15:00,0,510,,,,,,,,,,,,,,,,,,
17/04/2024 05:00:00,0,505,,,,,,,,,,,,,,,,,,
17/04/2024 04:45:00,0,499,,,,,,,,,,,,,,,,,,
17/04/2024 04:30:00,0,492,,,,,,,,,,,,,,,,,,
17/04/2024 04:15:00,0,484,,,,,,,,,,,,,,,,,,
17/04/2024 04:00:00,0,473,,,,,,,,,,,,,,,,,,
17/04/2024 03:45:00,0,473,,,,,,,,,,,,,,,,,,
17/04/2024 03:30:00,0,472,,,,,,,,,,,,,,,,,,
17/04/2024 03:15:00,0,471,,,,,,,,,,,,,,,,,,
17/04/2024 03:00:00,0,470,,,,,,,,,,,,,,,,,,
17/04/2024 02:45:00,0,470,,,,,,,,,,,,,,,,,,
17/04/2024 02:30:00,0,469,,,,,,,,,,,,,,,,,,
17/04/2024 02:15:00,0,468,,,,,,,,,,,,,,,,,,
17/04/2024 02:00:00,0,467,,,,,,,,,,,,,,,,,,
17/04/2024 01:45:00,0,466,,,,,,,,,,,,,,,,,,
17/04/2024 01:30:00,0,464,,,,,,,,,,,,,,,,,,
17/04/2024 01:15:00,0,463,,,,,,,,,,,,,,,,,,
17/04/2024 01:00:00,0,462,,,,,,,,,,,,,,,,,,
17/04/2024 00:45:00,0,460,,,,,,,,,,,,,,,,,,
17/04/2024 00:30:00,0,458,,,,,,,,,,,,,,,,,,
17/04/2024 00:15:00,0,456,,,,,,,,,,,,,,,,,,
17/04/2024 00:00:00,0,454,,,,,,,,,,,,,,,,,,
16/04/2024 23:45:00,0,451,,,,,,,,,,,,,,,,,,
16/04/2024 23:30:00,0,448,,,,,,,,,,,,,,,,,,
16/04/2024 23:15:00,0,445,,,,,,,,,,,,,,,,,,
16/04/2024 23:00:00,0,440,,,,,,,,,,,,,,,,,,
16/04/2024 22:45:00,0,438,,,,,,,,,,,,,,,,,,
16/04/2024 22:30:00,0,437,,,,,,,,,,,,,,,,,,
16/04/2024 22:15:00,0,436,,,,,,,,,,,,,,,,,,
16/04/2024 22:00:00,0,434,,,,,,,,,,,,,,,,,,
16/04/2024 21:45:00,0,433,,,,,,,,,,,,,,,,,,
16/04/2024 21:30:00,0,431,,,,,,,,,,,,,,,,,,
16/04/2024 21:15:00,0,429,,,,,,,,,,,,,,,,,,
16/04/2024 21:00:00,0,427,,,,,,,,,,,,,,,,,,
16/04/2024 20:45:00,0,424,,,,,,,,,,,,,,,,,,
16/04/2024 20:30:00,0,420,,,,,,,,,,,,,,,,,,
16/04/2024 20:15:00,0,421,,,,,,,,,,,,,,,,,,
16/04/2024 20:00:00,0.2,421,,,,,,,,,,,,,,,,,,
16/04/2024 19:45:00,0,422,,,,,,,,,,,,,,,,,,
16/04/2024 19:30:00,0.2,422,,,,,,,,,,,,,,,,,,
16/04/2024 19:15:00,0.6,423,,,,,,,,,,,,,,,,,,
16/04/2024 19:00:00,0.6,424,,,,,,,,,,,,,,,,,,
16/04/2024 18:45:00,0.8,425,,,,,,,,,,,,,,,,,,
16/04/2024 18:30:00,0,427,,,,,,,,,,,,,,,,,,
16/04/2024 18:15:00,0,428,,,,,,,,,,,,,,,,,,
16/04/2024 18:00:00,0,430,,,,,,,,,,,,,,,,,,
16/04/2024 17:45:00,0.2,429,,,,,,,,,,,,,,,,,,
16/04/2024 17:30:00,0,429,,,,,,,,,,,,,,,,,,
16/04/2024 17:15:00,0.8,429,,,,,,,,,,,,,,,,,,
16/04/2024 17:00:00,0.6,428,,,,,,,,,,,,,,,,,,
16/04/2024 16:45:00,0,428,,,,,,,,,,,,,,,,,,
16/04/2024 16:30:00,0,427,,,,,,,,,,,,,,,,,,
16/04/2024 16:15:00,0,426,,,,,,,,,,,,,,,,,,
16/04/2024 16:00:00,0.4,426,,,,,,,,,,,,,,,,,,
16/04/2024 15:45:00,0.4,425,,,,,,,,,,,,,,,,,,
16/04/2024 15:30:00,0,424,,,,,,,,,,,,,,,,,,
16/04/2024 15:15:00,0.6,423,,,,,,,,,,,,,,,,,,
16/04/2024 15:00:00,0.6,421,,,,,,,,,,,,,,,,,,
16/04/2024 14:45:00,0.8,420,,,,,,,,,,,,,,,,,,
16/04/2024 14:30:00,0.8,418,,,,,,,,,,,,,,,,,,
16/04/2024 14:15:00,0.6,417,,,,,,,,,,,,,,,,,,
16/04/2024 14:00:00,0.2,417,,,,,,,,,,,,,,,,,,
16/04/2024 13:45:00,0.2,418,,,,,,,,,,,,,,,,,,
16/04/2024 13:30:00,1,418,,,,,,,,,,,,,,,,,,
16/04/2024 13:15:00,1.4,419,,,,,,,,,,,,,,,,,,
16/04/2024 13:00:00,1.2,419,,,,,,,,,,,,,,,,,,
16/04/2024 12:45:00,0.6,420,,,,,,,,,,,,,,,,,,
16/04/2024 12:30:00,0.6,421,,,,,,,,,,,,,,,,,,
16/04/2024 12:15:00,0.6,422,,,,,,,,,,,,,,,,,,
16/04/2024 12:00:00,11.4,422,,,,,,,,,,,,,,,,,,
16/04/2024 11:45:00,11.4,423,,,,,,,,,,,,,,,,,,
16/04/2024 11:30:00,4.4,423,,,,,,,,,,,,,,,,,,
16/04/2024 11:15:00,0,424,,,,,,,,,,,,,,,,,,
16/04/2024 11:00:00,0,425,,,,,,,,,,,,,,,,,,
16/04/2024 10:45:00,0,427,,,,,,,,,,,,,,,,,,
16/04/2024 10:30:00,0,429,,,,,,,,,,,,,,,,,,
16/04/2024 10:15:00,0,431,,,,,,,,,,,,,,,,,,
16/04/2024 10:00:00,0,433,,,,,,,,,,,,,,,,,,
16/04/2024 09:45:00,0,435,,,,,,,,,,,,,,,,,,
16/04/2024 09:30:00,0.2,438,,,,,,,,,,,,,,,,,,
16/04/2024 09:15:00,0,441,,,,,,,,,,,,,,,,,,
16/04/2024 09:00:00,0,445,,,,,,,,,,,,,,,,,,
16/04/2024 08:45:00,0,449,,,,,,,,,,,,,,,,,,
16/04/2024 08:30:00,0,450,,,,,,,,,,,,,,,,,,
16/04/2024 08:15:00,0,450,,,,,,,,,,,,,,,,,,
16/04/2024 08:00:00,0,451,,,,,,,,,,,,,,,,,,
16/04/2024 07:45:00,0,453,,,,,,,,,,,,,,,,,,
16/04/2024 07:30:00,0,454,,,,,,,,,,,,,,,,,,
16/04/2024 07:15:00,0,455,,,,,,,,,,,,,,,,,,
16/04/2024 07:00:00,0,458,,,,,,,,,,,,,,,,,,
16/04/2024 06:45:00,0.4,458,,,,,,,,,,,,,,,,,,
16/04/2024 06:30:00,0.8,459,,,,,,,,,,,,,,,,,,
16/04/2024 06:15:00,0,459,,,,,,,,,,,,,,,,,,
16/04/2024 06:00:00,0,459,,,,,,,,,,,,,,,,,,
16/04/2024 05:45:00,0,459,,,,,,,,,,,,,,,,,,
16/04/2024 05:30:00,0,460,,,,,,,,,,,,,,,,,,
16/04/2024 05:15:00,0,460,,,,,,,,,,,,,,,,,,
16/04/2024 05:00:00,0,460,,,,,,,,,,,,,,,,,,
16/04/2024 04:45:00,0,460,,,,,,,,,,,,,,,,,,
16/04/2024 04:30:00,0.2,461,,,,,,,,,,,,,,,,,,
16/04/2024 04:15:00,0,461,,,,,,,,,,,,,,,,,,
16/04/2024 04:00:00,0,461,,,,,,,,,,,,,,,,,,
16/04/2024 03:45:00,0,461,,,,,,,,,,,,,,,,,,
16/04/2024 03:30:00,0,461,,,,,,,,,,,,,,,,,,
16/04/2024 03:15:00,0,462,,,,,,,,,,,,,,,,,,
16/04/2024 03:00:00,0,462,,,,,,,,,,,,,,,,,,
16/04/2024 02:45:00,0,463,,,,,,,,,,,,,,,,,,
16/04/2024 02:30:00,0,463,,,,,,,,,,,,,,,,,,
16/04/2024 02:15:00,0,463,,,,,,,,,,,,,,,,,,
16/04/2024 02:00:00,0,464,,,,,,,,,,,,,,,,,,
16/04/2024 01:45:00,0,464,,,,,,,,,,,,,,,,,,
16/04/2024 01:30:00,0,465,,,,,,,,,,,,,,,,,,
16/04/2024 01:15:00,0,465,,,,,,,,,,,,,,,,,,
16/04/2024 01:00:00,0,466,,,,,,,,,,,,,,,,,,
16/04/2024 00:45:00,0,467,,,,,,,,,,,,,,,,,,
16/04/2024 00:30:00,0,467,,,,,,,,,,,,,,,,,,
16/04/2024 00:15:00,0,468,,,,,,,,,,,,,,,,,,
16/04/2024 00:00:00,0,469,,,,,,,,,,,,,,,,,,
15/04/2024 23:45:00,0,470,,,,,,,,,,,,,,,,,,
15/04/2024 23:30:00,0,471,,,,,,,,,,,,,,,,,,
15/04/2024 23:15:00,0,471,,,,,,,,,,,,,,,,,,
15/04/2024 23:00:00,0,474,,,,,,,,,,,,,,,,,,
15/04/2024 22:45:00,0,478,,,,,,,,,,,,,,,,,,
15/04/2024 22:30:00,0,481,,,,,,,,,,,,,,,,,,
15/04/2024 22:15:00,0,486,,,,,,,,,,,,,,,,,,
15/04/2024 22:00:00,0,490,,,,,,,,,,,,,,,,,,
15/04/2024 21:45:00,0,500,,,,,,,,,,,,,,,,,,
15/04/2024 21:30:00,0,501,,,,,,,,,,,,,,,,,,
15/04/2024 21:15:00,0,502,,,,,,,,,,,,,,,,,,
15/04/2024 21:00:00,0,502,,,,,,,,,,,,,,,,,,
15/04/2024 20:45:00,0,503,,,,,,,,,,,,,,,,,,
15/04/2024 20:30:00,0,504,,,,,,,,,,,,,,,,,,
15/04/2024 20:15:00,0,504,,,,,,,,,,,,,,,,,,
15/04/2024 20:00:00,0,505,,,,,,,,,,,,,,,,,,
15/04/2024 19:45:00,0,506,,,,,,,,,,,,,,,,,,
15/04/2024 19:30:00,0,507,,,,,,,,,,,,,,,,,,
15/04/2024 19:15:00,0,508,,,,,,,,,,,,,,,,,,
15/04/2024 19:00:00,0,509,,,,,,,,,,,,,,,,,,
15/04/2024 18:45:00,0,510,,,,,,,,,,,,,,,,,,
15/04/2024 18:30:00,0,511,,,,,,,,,,,,,,,,,,
15/04/2024 18:15:00,0,512,,,,,,,,,,,,,,,,,,
15/04/2024 18:00:00,0,513,,,,,,,,,,,,,,,,,,
15/04/2024 17:45:00,0,515,,,,,,,,,,,,,,,,,,
15/04/2024 17:30:00,0,517,,,,,,,,,,,,,,,,,,
15/04/2024 17:15:00,0,518,,,,,,,,,,,,,,,,,,
15/04/2024 17:00:00,0,521,,,,,,,,,,,,,,,,,,
15/04/2024 16:45:00,0,523,,,,,,,,,,,,,,,,,,
15/04/2024 16:30:00,0,525,,,,,,,,,,,,,,,,,,
15/04/2024 16:15:00,0,528,,,,,,,,,,,,,,,,,,
15/04/2024 16:00:00,0,531,,,,,,,,,,,,,,,,,,
15/04/2024 15:45:00,0,535,,,,,,,,,,,,,,,,,,
15/04/2024 15:30:00,0,539,,,,,,,,,,,,,,,,,,
15/04/2024 15:15:00,0,544,,,,,,,,,,,,,,,,,,
15/04/2024 15:00:00,0,548,,,,,,,,,,,,,,,,,,
15/04/2024 14:45:00,0,554,,,,,,,,,,,,,,,,,,
15/04/2024 14:30:00,0,561,,,,,,,,,,,,,,,,,,
15/04/2024 14:15:00,0,568,,,,,,,,,,,,,,,,,,
15/04/2024 14:00:00,0,579,,,,,,,,,,,,,,,,,,
15/04/2024 13:45:00,0,590,,,,,,,,,,,,,,,,,,
15/04/2024 13:30:00,0,592,,,,,,,,,,,,,,,,,,
15/04/2024 13:15:00,0,594,,,,,,,,,,,,,,,,,,
15/04/2024 13:00:00,0,596,,,,,,,,,,,,,,,,,,
15/04/2024 12:45:00,0,599,,,,,,,,,,,,,,,,,,
15/04/2024 12:30:00,0,602,,,,,,,,,,,,,,,,,,
15/04/2024 12:15:00,0,605,,,,,,,,,,,,,,,,,,
15/04/2024 12:00:00,0,609,,,,,,,,,,,,,,,,,,
15/04/2024 11:45:00,0,614,,,,,,,,,,,,,,,,,,
15/04/2024 11:30:00,0,621,,,,,,,,,,,,,,,,,,
15/04/2024 11:15:00,0,622,,,,,,,,,,,,,,,,,,
15/04/2024 11:00:00,0,623,,,,,,,,,,,,,,,,,,
15/04/2024 10:45:00,0,624,,,,,,,,,,,,,,,,,,
15/04/2024 10:30:00,0,626,,,,,,,,,,,,,,,,,,
15/04/2024 10:15:00,0,628,,,,,,,,,,,,,,,,,,
15/04/2024 10:00:00,0,631,,,,,,,,,,,,,,,,,,
15/04/2024 09:45:00,0,634,,,,,,,,,,,,,,,,,,
15/04/2024 09:30:00,0,635,,,,,,,,,,,,,,,,,,
15/04/2024 09:15:00,0,635,,,,,,,,,,,,,,,,,,
15/04/2024 09:00:00,0,635,,,,,,,,,,,,,,,,,,
15/04/2024 08:45:00,0,635,,,,,,,,,,,,,,,,,,
15/04/2024 08:30:00,0,635,,,,,,,,,,,,,,,,,,
15/04/2024 08:15:00,0,635,,,,,,,,,,,,,,,,,,
15/04/2024 08:00:00,0,635,,,,,,,,,,,,,,,,,,
15/04/2024 07:45:00,0,636,,,,,,,,,,,,,,,,,,
15/04/2024 07:30:00,0,636,,,,,,,,,,,,,,,,,,
15/04/2024 07:15:00,0,635,,,,,,,,,,,,,,,,,,
15/04/2024 07:00:00,0,635,,,,,,,,,,,,,,,,,,
15/04/2024 06:45:00,0,634,,,,,,,,,,,,,,,,,,
15/04/2024 06:30:00,0,635,,,,,,,,,,,,,,,,,,
15/04/2024 06:15:00,0,635,,,,,,,,,,,,,,,,,,
15/04/2024 06:00:00,0,637,,,,,,,,,,,,,,,,,,
15/04/2024 05:45:00,0,639,,,,,,,,,,,,,,,,,,
15/04/2024 05:30:00,0,644,,,,,,,,,,,,,,,,,,
15/04/2024 05:15:00,0,650,,,,,,,,,,,,,,,,,,
15/04/2024 05:00:00,0,652,,,,,,,,,,,,,,,,,,
15/04/2024 04:45:00,0,651,,,,,,,,,,,,,,,,,,
15/04/2024 04:30:00,0,651,,,,,,,,,,,,,,,,,,
15/04/2024 04:15:00,0,649,,,,,,,,,,,,,,,,,,
15/04/2024 04:00:00,0,647,,,,,,,,,,,,,,,,,,
15/04/2024 03:45:00,0,646,,,,,,,,,,,,,,,,,,
15/04/2024 03:30:00,0,644,,,,,,,,,,,,,,,,,,
15/04/2024 03:15:00,0,642,,,,,,,,,,,,,,,,,,
15/04/2024 03:00:00,0,639,,,,,,,,,,,,,,,,,,
15/04/2024 02:45:00,0,636,,,,,,,,,,,,,,,,,,
15/04/2024 02:30:00,0,633,,,,,,,,,,,,,,,,,,
15/04/2024 02:15:00,0,628,,,,,,,,,,,,,,,,,,
15/04/2024 02:00:00,0,624,,,,,,,,,,,,,,,,,,
15/04/2024 01:45:00,0,618,,,,,,,,,,,,,,,,,,
15/04/2024 01:30:00,0,612,,,,,,,,,,,,,,,,,,
15/04/2024 01:15:00,0,605,,,,,,,,,,,,,,,,,,
15/04/2024 01:00:00,0,596,,,,,,,,,,,,,,,,,,
15/04/2024 00:45:00,0,587,,,,,,,,,,,,,,,,,,
15/04/2024 00:30:00,0,575,,,,,,,,,,,,,,,,,,
15/04/2024 00:15:00,0,561,,,,,,,,,,,,,,,,,,
15/04/2024 00:00:00,0,542,,,,,,,,,,,,,,,,,,
14/04/2024 23:45:00,0,529,,,,,,,,,,,,,,,,,,
14/04/2024 23:30:00,0,518,,,,,,,,,,,,,,,,,,
14/04/2024 23:15:00,0,506,,,,,,,,,,,,,,,,,,
14/04/2024 23:00:00,0,489,,,,,,,,,,,,,,,,,,
14/04/2024 22:45:00,0,479,,,,,,,,,,,,,,,,,,
14/04/2024 22:30:00,0,471,,,,,,,,,,,,,,,,,,
14/04/2024 22:15:00,0,463,,,,,,,,,,,,,,,,,,
14/04/2024 22:00:00,0,452,,,,,,,,,,,,,,,,,,
14/04/2024 21:45:00,0,441,,,,,,,,,,,,,,,,,,
14/04/2024 21:30:00,0,427,,,,,,,,,,,,,,,,,,
14/04/2024 21:15:00,0,415,,,,,,,,,,,,,,,,,,
14/04/2024 21:00:00,0,404,,,,,,,,,,,,,,,,,,
14/04/2024 20:45:00,0,392,,,,,,,,,,,,,,,,,,
14/04/2024 20:30:00,0,377,,,,,,,,,,,,,,,,,,
14/04/2024 20:15:00,0,370,,,,,,,,,,,,,,,,,,
14/04/2024 20:00:00,0,362,,,,,,,,,,,,,,,,,,
14/04/2024 19:45:00,0,354,,,,,,,,,,,,,,,,,,
14/04/2024 19:30:00,0,344,,,,,,,,,,,,,,,,,,
14/04/2024 19:15:00,0,333,,,,,,,,,,,,,,,,,,
14/04/2024 19:00:00,0,321,,,,,,,,,,,,,,,,,,
14/04/2024 18:45:00,0,307,,,,,,,,,,,,,,,,,,
14/04/2024 18:30:00,0,297,,,,,,,,,,,,,,,,,,
14/04/2024 18:15:00,0,287,,,,,,,,,,,,,,,,,,
14/04/2024 18:00:00,0,277,,,,,,,,,,,,,,,,,,
14/04/2024 17:45:00,0,265,,,,,,,,,,,,,,,,,,
14/04/2024 17:30:00,0,256,,,,,,,,,,,,,,,,,,
14/04/2024 17:15:00,0,252,,,,,,,,,,,,,,,,,,
14/04/2024 17:00:00,0,248,,,,,,,,,,,,,,,,,,
14/04/2024 16:45:00,0,247,,,,,,,,,,,,,,,,,,
14/04/2024 16:30:00,0,246,,,,,,,,,,,,,,,,,,
14/04/2024 16:15:00,0,245,,,,,,,,,,,,,,,,,,
14/04/2024 16:00:00,0,244,,,,,,,,,,,,,,,,,,
14/04/2024 15:45:00,0,242,,,,,,,,,,,,,,,,,,
14/04/2024 15:30:00,0,241,,,,,,,,,,,,,,,,,,
14/04/2024 15:15:00,0,239,,,,,,,,,,,,,,,,,,
14/04/2024 15:00:00,0,237,,,,,,,,,,,,,,,,,,
14/04/2024 14:45:00,0,236,,,,,,,,,,,,,,,,,,
14/04/2024 14:30:00,0,234,,,,,,,,,,,,,,,,,,
14/04/2024 14:15:00,0,231,,,,,,,,,,,,,,,,,,
14/04/2024 14:00:00,0,229,,,,,,,,,,,,,,,,,,
14/04/2024 13:45:00,0,227,,,,,,,,,,,,,,,,,,
14/04/2024 13:30:00,0,224,,,,,,,,,,,,,,,,,,
14/04/2024 13:15:00,0,222,,,,,,,,,,,,,,,,,,
14/04/2024 13:00:00,0,219,,,,,,,,,,,,,,,,,,
14/04/2024 12:45:00,0,215,,,,,,,,,,,,,,,,,,
14/04/2024 12:30:00,0,212,,,,,,,,,,,,,,,,,,
14/04/2024 12:15:00,0,208,,,,,,,,,,,,,,,,,,
14/04/2024 12:00:00,0,206,,,,,,,,,,,,,,,,,,
14/04/2024 11:45:00,0,204,,,,,,,,,,,,,,,,,,
14/04/2024 11:30:00,0,202,,,,,,,,,,,,,,,,,,
14/04/2024 11:15:00,0,200,,,,,,,,,,,,,,,,,,
14/04/2024 11:00:00,0,198,,,,,,,,,,,,,,,,,,
14/04/2024 10:45:00,0,198,,,,,,,,,,,,,,,,,,
14/04/2024 10:30:00,0,198,,,,,,,,,,,,,,,,,,
14/04/2024 10:15:00,0,197,,,,,,,,,,,,,,,,,,
14/04/2024 10:00:00,0,197,,,,,,,,,,,,,,,,,,
14/04/2024 09:45:00,0,197,,,,,,,,,,,,,,,,,,
14/04/2024 09:30:00,0,196,,,,,,,,,,,,,,,,,,
14/04/2024 09:15:00,0,196,,,,,,,,,,,,,,,,,,
14/04/2024 09:00:00,0,195,,,,,,,,,,,,,,,,,,
14/04/2024 08:45:00,0,195,,,,,,,,,,,,,,,,,,
14/04/2024 08:30:00,0,194,,,,,,,,,,,,,,,,,,
14/04/2024 08:15:00,0,194,,,,,,,,,,,,,,,,,,
14/04/2024 08:00:00,0,193,,,,,,,,,,,,,,,,,,
14/04/2024 07:45:00,0,192,,,,,,,,,,,,,,,,,,
14/04/2024 07:30:00,0.2,191,,,,,,,,,,,,,,,,,,
14/04/2024 07:15:00,0.4,191,,,,,,,,,,,,,,,,,,
14/04/2024 07:00:00,0.4,189,,,,,,,,,,,,,,,,,,
14/04/2024 06:45:00,0.6,188,,,,,,,,,,,,,,,,,,
14/04/2024 06:30:00,0,187,,,,,,,,,,,,,,,,,,
14/04/2024 06:15:00,0,188,,,,,,,,,,,,,,,,,,
14/04/2024 06:00:00,0,188,,,,,,,,,,,,,,,,,,
14/04/2024 05:45:00,0,188,,,,,,,,,,,,,,,,,,
14/04/2024 05:30:00,0,188,,,,,,,,,,,,,,,,,,
14/04/2024 05:15:00,0,188,,,,,,,,,,,,,,,,,,
14/04/2024 05:00:00,0,188,,,,,,,,,,,,,,,,,,
14/04/2024 04:45:00,0,189,,,,,,,,,,,,,,,,,,
14/04/2024 04:30:00,0,189,,,,,,,,,,,,,,,,,,
14/04/2024 04:15:00,0,189,,,,,,,,,,,,,,,,,,
14/04/2024 04:00:00,0,189,,,,,,,,,,,,,,,,,,
14/04/2024 03:45:00,0,190,,,,,,,,,,,,,,,,,,
14/04/2024 03:30:00,0,190,,,,,,,,,,,,,,,,,,
14/04/2024 03:15:00,0,190,,,,,,,,,,,,,,,,,,
14/04/2024 03:00:00,0,190,,,,,,,,,,,,,,,,,,
14/04/2024 02:45:00,0,190,,,,,,,,,,,,,,,,,,
14/04/2024 02:30:00,0,190,,,,,,,,,,,,,,,,,,
14/04/2024 02:15:00,0,190,,,,,,,,,,,,,,,,,,
14/04/2024 02:00:00,0,191,,,,,,,,,,,,,,,,,,
14/04/2024 01:45:00,0,191,,,,,,,,,,,,,,,,,,
14/04/2024 01:30:00,0,191,,,,,,,,,,,,,,,,,,
14/04/2024 01:15:00,0.4,191,,,,,,,,,,,,,,,,,,
14/04/2024 01:00:00,0,191,,,,,,,,,,,,,,,,,,
14/04/2024 00:45:00,0,191,,,,,,,,,,,,,,,,,,
14/04/2024 00:30:00,0,191,,,,,,,,,,,,,,,,,,
14/04/2024 00:15:00,0,191,,,,,,,,,,,,,,,,,,
14/04/2024 00:00:00,0,191,,,,,,,,,,,,,,,,,,
13/04/2024 23:45:00,0.2,191,,,,,,,,,,,,,,,,,,
13/04/2024 23:30:00,0,191,,,,,,,,,,,,,,,,,,
13/04/2024 23:15:00,0.2,191,,,,,,,,,,,,,,,,,,
13/04/2024 23:00:00,0.2,190,,,,,,,,,,,,,,,,,,
13/04/2024 22:45:00,1,190,,,,,,,,,,,,,,,,,,
13/04/2024 22:30:00,0.2,190,,,,,,,,,,,,,,,,,,
13/04/2024 22:15:00,0.2,189,,,,,,,,,,,,,,,,,,
13/04/2024 22:00:00,0,189,,,,,,,,,,,,,,,,,,
13/04/2024 21:45:00,0.8,189,,,,,,,,,,,,,,,,,,
13/04/2024 21:30:00,0.8,188,,,,,,,,,,,,,,,,,,
13/04/2024 21:15:00,0.2,188,,,,,,,,,,,,,,,,,,
13/04/2024 21:00:00,0,188,,,,,,,,,,,,,,,,,,
13/04/2024 20:45:00,0,188,,,,,,,,,,,,,,,,,,
13/04/2024 20:30:00,0.2,188,,,,,,,,,,,,,,,,,,
13/04/2024 20:15:00,0.4,187,,,,,,,,,,,,,,,,,,
13/04/2024 20:00:00,0.2,187,,,,,,,,,,,,,,,,,,
13/04/2024 19:45:00,1,187,,,,,,,,,,,,,,,,,,
13/04/2024 19:30:00,0.8,186,,,,,,,,,,,,,,,,,,
13/04/2024 19:15:00,0.8,186,,,,,,,,,,,,,,,,,,
13/04/2024 19:00:00,0.8,185,,,,,,,,,,,,,,,,,,
13/04/2024 18:45:00,1.8,184,,,,,,,,,,,,,,,,,,
13/04/2024 18:30:00,3,184,,,,,,,,,,,,,,,,,,
13/04/2024 18:15:00,1.6,182,,,,,,,,,,,,,,,,,,
13/04/2024 18:00:00,1,182,,,,,,,,,,,,,,,,,,
13/04/2024 17:45:00,1,181,,,,,,,,,,,,,,,,,,
13/04/2024 17:30:00,0.6,180,,,,,,,,,,,,,,,,,,
13/04/2024 17:15:00,0,179,,,,,,,,,,,,,,,,,,
13/04/2024 17:00:00,0.6,178,,,,,,,,,,,,,,,,,,
13/04/2024 16:45:00,0.2,177,,,,,,,,,,,,,,,,,,
13/04/2024 16:30:00,0.2,175,,,,,,,,,,,,,,,,,,
13/04/2024 16:15:00,0,174,,,,,,,,,,,,,,,,,,
13/04/2024 16:00:00,0,173,,,,,,,,,,,,,,,,,,
13/04/2024 15:45:00,0,171,,,,,,,,,,,,,,,,,,
13/04/2024 15:30:00,0,171,,,,,,,,,,,,,,,,,,
13/04/2024 15:15:00,0,171,,,,,,,,,,,,,,,,,,
13/04/2024 15:00:00,0,171,,,,,,,,,,,,,,,,,,
13/04/2024 14:45:00,0,171,,,,,,,,,,,,,,,,,,
13/04/2024 14:30:00,0,171,,,,,,,,,,,,,,,,,,
13/04/2024 14:15:00,0,171,,,,,,,,,,,,,,,,,,
13/04/2024 14:00:00,0,171,,,,,,,,,,,,,,,,,,
13/04/2024 13:45:00,0,171,,,,,,,,,,,,,,,,,,
13/04/2024 13:30:00,0,171,,,,,,,,,,,,,,,,,,
13/04/2024 13:15:00,0,171,,,,,,,,,,,,,,,,,,
13/04/2024 13:00:00,0,171,,,,,,,,,,,,,,,,,,
13/04/2024 12:45:00,0,172,,,,,,,,,,,,,,,,,,
13/04/2024 12:30:00,0,172,,,,,,,,,,,,,,,,,,
13/04/2024 12:15:00,0,172,,,,,,,,,,,,,,,,,,
13/04/2024 12:00:00,0,172,,,,,,,,,,,,,,,,,,
13/04/2024 11:45:00,0,172,,,,,,,,,,,,,,,,,,
13/04/2024 11:30:00,0,173,,,,,,,,,,,,,,,,,,
13/04/2024 11:15:00,0,173,,,,,,,,,,,,,,,,,,
13/04/2024 11:00:00,0,173,,,,,,,,,,,,,,,,,,
13/04/2024 10:45:00,0,174,,,,,,,,,,,,,,,,,,
13/04/2024 10:30:00,0,174,,,,,,,,,,,,,,,,,,
13/04/2024 10:15:00,0,175,,,,,,,,,,,,,,,,,,
13/04/2024 10:00:00,0,175,,,,,,,,,,,,,,,,,,
13/04/2024 09:45:00,0,176,,,,,,,,,,,,,,,,,,
13/04/2024 09:30:00,0,176,,,,,,,,,,,,,,,,,,
13/04/2024 09:15:00,0,177,,,,,,,,,,,,,,,,,,
13/04/2024 09:00:00,0.2,178,,,,,,,,,,,,,,,,,,
13/04/2024 08:45:00,0,179,,,,,,,,,,,,,,,,,,
13/04/2024 08:30:00,0,180,,,,,,,,,,,,,,,,,,
13/04/2024 08:15:00,0,181,,,,,,,,,,,,,,,,,,
13/04/2024 08:00:00,0,182,,,,,,,,,,,,,,,,,,
13/04/2024 07:45:00,0,183,,,,,,,,,,,,,,,,,,
13/04/2024 07:30:00,0,184,,,,,,,,,,,,,,,,,,
13/04/2024 07:15:00,0,185,,,,,,,,,,,,,,,,,,
13/04/2024 07:00:00,0,185,,,,,,,,,,,,,,,,,,
13/04/2024 06:45:00,0,185,,,,,,,,,,,,,,,,,,
13/04/2024 06:30:00,0,185,,,,,,,,,,,,,,,,,,
13/04/2024 06:15:00,0,185,,,,,,,,,,,,,,,,,,
13/04/2024 06:00:00,0,185,,,,,,,,,,,,,,,,,,
13/04/2024 05:45:00,0,186,,,,,,,,,,,,,,,,,,
13/04/2024 05:30:00,0,186,,,,,,,,,,,,,,,,,,
13/04/2024 05:15:00,0,186,,,,,,,,,,,,,,,,,,
13/04/2024 05:00:00,0,186,,,,,,,,,,,,,,,,,,
13/04/2024 04:45:00,0,186,,,,,,,,,,,,,,,,,,
13/04/2024 04:30:00,0,186,,,,,,,,,,,,,,,,,,
13/04/2024 04:15:00,0,186,,,,,,,,,,,,,,,,,,
13/04/2024 04:00:00,0,186,,,,,,,,,,,,,,,,,,
13/04/2024 03:45:00,0,186,,,,,,,,,,,,,,,,,,
13/04/2024 03:30:00,0,186,,,,,,,,,,,,,,,,,,
13/04/2024 03:15:00,0,187,,,,,,,,,,,,,,,,,,
13/04/2024 03:00:00,0,187,,,,,,,,,,,,,,,,,,
13/04/2024 02:45:00,0,186,,,,,,,,,,,,,,,,,,
13/04/2024 02:30:00,0,186,,,,,,,,,,,,,,,,,,
13/04/2024 02:15:00,0,186,,,,,,,,,,,,,,,,,,
13/04/2024 02:00:00,0,186,,,,,,,,,,,,,,,,,,
13/04/2024 01:45:00,0,186,,,,,,,,,,,,,,,,,,
13/04/2024 01:30:00,0,185,,,,,,,,,,,,,,,,,,
13/04/2024 01:15:00,0,185,,,,,,,,,,,,,,,,,,
13/04/2024 01:00:00,0,185,,,,,,,,,,,,,,,,,,
13/04/2024 00:45:00,0,184,,,,,,,,,,,,,,,,,,
13/04/2024 00:30:00,0,184,,,,,,,,,,,,,,,,,,
13/04/2024 00:15:00,0,183,,,,,,,,,,,,,,,,,,
13/04/2024 00:00:00,0,183,,,,,,,,,,,,,,,,,,
12/4/2024 23:45,0,182,,,,,,,,,,,,,,,,,,
12/4/2024 23:30,0,182,,,,,,,,,,,,,,,,,,
12/4/2024 23:15,0,180,,,,,,,,,,,,,,,,,,
12/4/2024 23:00,0,180,,,,,,,,,,,,,,,,,,
12/4/2024 22:45,0,182,,,,,,,,,,,,,,,,,,
12/4/2024 22:30,0,183,,,,,,,,,,,,,,,,,,
12/4/2024 22:15,0,185,,,,,,,,,,,,,,,,,,
12/4/2024 22:00,0,187,,,,,,,,,,,,,,,,,,
12/4/2024 21:45,0,190,,,,,,,,,,,,,,,,,,
12/4/2024 21:30,0,192,,,,,,,,,,,,,,,,,,
12/4/2024 21:15,0,194,,,,,,,,,,,,,,,,,,
12/4/2024 21:00,0,197,,,,,,,,,,,,,,,,,,
12/4/2024 20:45,0,200,,,,,,,,,,,,,,,,,,
12/4/2024 20:30,0,203,,,,,,,,,,,,,,,,,,
12/4/2024 20:15,0,208,,,,,,,,,,,,,,,,,,
12/4/2024 20:00,0,208,,,,,,,,,,,,,,,,,,
12/4/2024 19:45,0.2,208,,,,,,,,,,,,,,,,,,
12/4/2024 19:30,0,209,,,,,,,,,,,,,,,,,,
12/4/2024 19:15,0,207,,,,,,,,,,,,,,,,,,
12/4/2024 19:00,0,205,,,,,,,,,,,,,,,,,,
12/4/2024 18:45,0,202,,,,,,,,,,,,,,,,,,
12/4/2024 18:30,0,200,,,,,,,,,,,,,,,,,,
12/4/2024 18:15,0,197,,,,,,,,,,,,,,,,,,
12/4/2024 18:00,0,194,,,,,,,,,,,,,,,,,,
12/4/2024 17:45,0,190,,,,,,,,,,,,,,,,,,
12/4/2024 17:30,0,186,,,,,,,,,,,,,,,,,,
12/4/2024 17:15,0,182,,,,,,,,,,,,,,,,,,
12/4/2024 17:00,0,177,,,,,,,,,,,,,,,,,,
12/4/2024 16:45,0,173,,,,,,,,,,,,,,,,,,
12/4/2024 16:30,0.2,172,,,,,,,,,,,,,,,,,,
12/4/2024 16:15,0,170,,,,,,,,,,,,,,,,,,
12/4/2024 16:00,0,169,,,,,,,,,,,,,,,,,,
12/4/2024 15:45,0,167,,,,,,,,,,,,,,,,,,
12/4/2024 15:30,0.2,167,,,,,,,,,,,,,,,,,,
12/4/2024 15:15,0.6,167,,,,,,,,,,,,,,,,,,
12/4/2024 15:00,0,167,,,,,,,,,,,,,,,,,,
12/4/2024 14:45,0,167,,,,,,,,,,,,,,,,,,
12/4/2024 14:30,0,168,,,,,,,,,,,,,,,,,,
12/4/2024 14:15,0,167,,,,,,,,,,,,,,,,,,
12/4/2024 14:00,0,167,,,,,,,,,,,,,,,,,,
12/4/2024 13:45,0,167,,,,,,,,,,,,,,,,,,
12/4/2024 13:30,0,167,,,,,,,,,,,,,,,,,,
12/4/2024 13:15,0.6,168,,,,,,,,,,,,,,,,,,
12/4/2024 13:00,0.4,168,,,,,,,,,,,,,,,,,,
12/4/2024 12:45,0.8,168,,,,,,,,,,,,,,,,,,
12/4/2024 12:30,1,169,,,,,,,,,,,,,,,,,,
12/4/2024 12:15,1,169,,,,,,,,,,,,,,,,,,
12/4/2024 12:00,0,170,,,,,,,,,,,,,,,,,,
12/4/2024 11:45,0.2,170,,,,,,,,,,,,,,,,,,
12/4/2024 11:30,0,171,,,,,,,,,,,,,,,,,,
12/4/2024 11:15,0,172,,,,,,,,,,,,,,,,,,
12/4/2024 11:00,0,173,,,,,,,,,,,,,,,,,,
12/4/2024 10:45,0,174,,,,,,,,,,,,,,,,,,
12/4/2024 10:30,0,175,,,,,,,,,,,,,,,,,,
12/4/2024 10:15,0,176,,,,,,,,,,,,,,,,,,
12/4/2024 10:00,0,177,,,,,,,,,,,,,,,,,,
12/4/2024 9:45,0,179,,,,,,,,,,,,,,,,,,
12/4/2024 9:30,0,180,,,,,,,,,,,,,,,,,,
12/4/2024 9:15,0,182,,,,,,,,,,,,,,,,,,
12/4/2024 9:00,0,184,,,,,,,,,,,,,,,,,,
12/4/2024 8:45,0,185,,,,,,,,,,,,,,,,,,
12/4/2024 8:30,0,185,,,,,,,,,,,,,,,,,,
12/4/2024 8:15,0,185,,,,,,,,,,,,,,,,,,
12/4/2024 8:00,0,186,,,,,,,,,,,,,,,,,,
12/4/2024 7:45,0,187,,,,,,,,,,,,,,,,,,
12/4/2024 7:30,0,187,,,,,,,,,,,,,,,,,,
12/4/2024 7:15,0,188,,,,,,,,,,,,,,,,,,
12/4/2024 7:00,0,188,,,,,,,,,,,,,,,,,,
12/4/2024 6:45,0,189,,,,,,,,,,,,,,,,,,
12/4/2024 6:30,0,189,,,,,,,,,,,,,,,,,,
12/4/2024 6:15,0.2,190,,,,,,,,,,,,,,,,,,
12/4/2024 6:00,0,191,,,,,,,,,,,,,,,,,,
12/4/2024 5:45,0,191,,,,,,,,,,,,,,,,,,
12/4/2024 5:30,0.2,192,,,,,,,,,,,,,,,,,,
12/4/2024 5:15,0,193,,,,,,,,,,,,,,,,,,
12/4/2024 5:00,0,194,,,,,,,,,,,,,,,,,,
12/4/2024 4:45,0.2,195,,,,,,,,,,,,,,,,,,
12/4/2024 4:30,0,195,,,,,,,,,,,,,,,,,,
12/4/2024 4:15,0,196,,,,,,,,,,,,,,,,,,
12/4/2024 4:00,0,197,,,,,,,,,,,,,,,,,,
12/4/2024 3:45,0,198,,,,,,,,,,,,,,,,,,
12/4/2024 3:30,0,199,,,,,,,,,,,,,,,,,,
12/4/2024 3:15,0,200,,,,,,,,,,,,,,,,,,
12/4/2024 3:00,0,202,,,,,,,,,,,,,,,,,,
12/4/2024 2:45,0,203,,,,,,,,,,,,,,,,,,
12/4/2024 2:30,0,205,,,,,,,,,,,,,,,,,,
12/4/2024 2:15,0,206,,,,,,,,,,,,,,,,,,
12/4/2024 2:00,0,208,,,,,,,,,,,,,,,,,,
12/4/2024 1:45,0,210,,,,,,,,,,,,,,,,,,
12/4/2024 1:30,0,212,,,,,,,,,,,,,,,,,,
12/4/2024 1:15,0,213,,,,,,,,,,,,,,,,,,
12/4/2024 1:00,0,215,,,,,,,,,,,,,,,,,,
12/4/2024 0:45,0,217,,,,,,,,,,,,,,,,,,
12/4/2024 0:30,0,220,,,,,,,,,,,,,,,,,,
12/4/2024 0:15,0,222,,,,,,,,,,,,,,,,,,
12/4/2024 0:00,0,225,,,,,,,,,,,,,,,,,,
11/4/2024 23:45,0,228,,,,,,,,,,,,,,,,,,
11/4/2024 23:30,0,231,,,,,,,,,,,,,,,,,,
11/4/2024 23:15,0,234,,,,,,,,,,,,,,,,,,
11/4/2024 23:00,0,238,,,,,,,,,,,,,,,,,,
11/4/2024 22:45,0,242,,,,,,,,,,,,,,,,,,
11/4/2024 22:30,0,244,,,,,,,,,,,,,,,,,,
11/4/2024 22:15,0,245,,,,,,,,,,,,,,,,,,
11/4/2024 22:00,0,247,,,,,,,,,,,,,,,,,,
11/4/2024 21:45,0,249,,,,,,,,,,,,,,,,,,
11/4/2024 21:30,0,249,,,,,,,,,,,,,,,,,,
11/4/2024 21:15,0,249,,,,,,,,,,,,,,,,,,
11/4/2024 21:00,0,249,,,,,,,,,,,,,,,,,,
11/4/2024 20:45,0,249,,,,,,,,,,,,,,,,,,
11/4/2024 20:30,0,249,,,,,,,,,,,,,,,,,,
11/4/2024 20:15,0,249,,,,,,,,,,,,,,,,,,
11/4/2024 20:00,0,249,,,,,,,,,,,,,,,,,,
11/4/2024 19:45,0,248,,,,,,,,,,,,,,,,,,
11/4/2024 19:30,0.2,247,,,,,,,,,,,,,,,,,,
11/4/2024 19:15,0,247,,,,,,,,,,,,,,,,,,
11/4/2024 19:00,0,246,,,,,,,,,,,,,,,,,,
11/4/2024 18:45,0,246,,,,,,,,,,,,,,,,,,
11/4/2024 18:30,0.4,245,,,,,,,,,,,,,,,,,,
11/4/2024 18:15,0,243,,,,,,,,,,,,,,,,,,
11/4/2024 18:00,0,242,,,,,,,,,,,,,,,,,,
11/4/2024 17:45,0,241,,,,,,,,,,,,,,,,,,
11/4/2024 17:30,0,239,,,,,,,,,,,,,,,,,,
11/4/2024 17:15,0,238,,,,,,,,,,,,,,,,,,
11/4/2024 17:00,0,235,,,,,,,,,,,,,,,,,,
11/4/2024 16:45,0,233,,,,,,,,,,,,,,,,,,
11/4/2024 16:30,0,231,,,,,,,,,,,,,,,,,,
11/4/2024 16:15,0,230,,,,,,,,,,,,,,,,,,
11/4/2024 16:00,0,230,,,,,,,,,,,,,,,,,,
11/4/2024 15:45,0,229,,,,,,,,,,,,,,,,,,
11/4/2024 15:30,0,229,,,,,,,,,,,,,,,,,,
11/4/2024 15:15,0,228,,,,,,,,,,,,,,,,,,
11/4/2024 15:00,0.2,228,,,,,,,,,,,,,,,,,,
11/4/2024 14:45,0,225,,,,,,,,,,,,,,,,,,
11/4/2024 14:30,0,226,,,,,,,,,,,,,,,,,,
11/4/2024 14:15,0,225,,,,,,,,,,,,,,,,,,
11/4/2024 14:00,0,224,,,,,,,,,,,,,,,,,,
11/4/2024 13:45,0,223,,,,,,,,,,,,,,,,,,
11/4/2024 13:30,0,222,,,,,,,,,,,,,,,,,,
11/4/2024 13:15,0,221,,,,,,,,,,,,,,,,,,
11/4/2024 13:00,0.4,220,,,,,,,,,,,,,,,,,,
11/4/2024 12:45,0.2,218,,,,,,,,,,,,,,,,,,
11/4/2024 12:30,0.4,217,,,,,,,,,,,,,,,,,,
11/4/2024 12:15,0.4,215,,,,,,,,,,,,,,,,,,
11/4/2024 12:00,0.2,213,,,,,,,,,,,,,,,,,,
11/4/2024 11:45,0.6,211,,,,,,,,,,,,,,,,,,
11/4/2024 11:30,0,210,,,,,,,,,,,,,,,,,,
11/4/2024 11:15,0,207,,,,,,,,,,,,,,,,,,
11/4/2024 11:00,0,205,,,,,,,,,,,,,,,,,,
11/4/2024 10:45,0,205,,,,,,,,,,,,,,,,,,
11/4/2024 10:30,0,205,,,,,,,,,,,,,,,,,,
11/4/2024 10:15,0,204,,,,,,,,,,,,,,,,,,
11/4/2024 10:00,0,203,,,,,,,,,,,,,,,,,,
11/4/2024 9:45,0,203,,,,,,,,,,,,,,,,,,
11/4/2024 9:30,0,202,,,,,,,,,,,,,,,,,,
11/4/2024 9:15,0,201,,,,,,,,,,,,,,,,,,
11/4/2024 9:00,0,201,,,,,,,,,,,,,,,,,,
11/4/2024 8:45,0,200,,,,,,,,,,,,,,,,,,
11/4/2024 8:30,0,200,,,,,,,,,,,,,,,,,,
11/4/2024 8:15,0,199,,,,,,,,,,,,,,,,,,
11/4/2024 8:00,0,198,,,,,,,,,,,,,,,,,,
11/4/2024 7:45,0,198,,,,,,,,,,,,,,,,,,
11/4/2024 7:30,0,197,,,,,,,,,,,,,,,,,,
11/4/2024 7:15,0,197,,,,,,,,,,,,,,,,,,
11/4/2024 7:00,0,197,,,,,,,,,,,,,,,,,,
11/4/2024 6:45,0,197,,,,,,,,,,,,,,,,,,
11/4/2024 6:30,0,197,,,,,,,,,,,,,,,,,,
11/4/2024 6:15,0,196,,,,,,,,,,,,,,,,,,
11/4/2024 6:00,0,196,,,,,,,,,,,,,,,,,,
11/4/2024 5:45,0,197,,,,,,,,,,,,,,,,,,
11/4/2024 5:30,0,197,,,,,,,,,,,,,,,,,,
11/4/2024 5:15,0.2,197,,,,,,,,,,,,,,,,,,
11/4/2024 5:00,0,197,,,,,,,,,,,,,,,,,,
11/4/2024 4:45,0,197,,,,,,,,,,,,,,,,,,
11/4/2024 4:30,0.2,197,,,,,,,,,,,,,,,,,,
11/4/2024 4:15,0,198,,,,,,,,,,,,,,,,,,
11/4/2024 4:00,0.2,198,,,,,,,,,,,,,,,,,,
11/4/2024 3:45,0.2,198,,,,,,,,,,,,,,,,,,
11/4/2024 3:30,0,198,,,,,,,,,,,,,,,,,,
11/4/2024 3:15,0,198,,,,,,,,,,,,,,,,,,
11/4/2024 3:00,0,198,,,,,,,,,,,,,,,,,,
11/4/2024 2:45,0,199,,,,,,,,,,,,,,,,,,
11/4/2024 2:30,0,199,,,,,,,,,,,,,,,,,,
11/4/2024 2:15,0,199,,,,,,,,,,,,,,,,,,
11/4/2024 2:00,0,199,,,,,,,,,,,,,,,,,,
11/4/2024 1:45,0,200,,,,,,,,,,,,,,,,,,
11/4/2024 1:30,0,200,,,,,,,,,,,,,,,,,,
11/4/2024 1:15,0,200,,,,,,,,,,,,,,,,,,
11/4/2024 1:00,0,200,,,,,,,,,,,,,,,,,,
11/4/2024 0:45,0,201,,,,,,,,,,,,,,,,,,
11/4/2024 0:30,0,201,,,,,,,,,,,,,,,,,,
11/4/2024 0:15,0,201,,,,,,,,,,,,,,,,,,
11/4/2024 0:00,0,202,,,,,,,,,,,,,,,,,,
10/4/2024 23:45,0,202,,,,,,,,,,,,,,,,,,
10/4/2024 23:30,0,202,,,,,,,,,,,,,,,,,,
10/4/2024 23:15,0,203,,,,,,,,,,,,,,,,,,
10/4/2024 23:00,0,203,,,,,,,,,,,,,,,,,,
10/4/2024 22:45,0,204,,,,,,,,,,,,,,,,,,
10/4/2024 22:30,0,204,,,,,,,,,,,,,,,,,,
10/4/2024 22:15,0,205,,,,,,,,,,,,,,,,,,
10/4/2024 22:00,0,205,,,,,,,,,,,,,,,,,,
10/4/2024 21:45,0,206,,,,,,,,,,,,,,,,,,
10/4/2024 21:30,0,207,,,,,,,,,,,,,,,,,,
10/4/2024 21:15,0,207,,,,,,,,,,,,,,,,,,
10/4/2024 21:00,0,208,,,,,,,,,,,,,,,,,,
10/4/2024 20:45,0,209,,,,,,,,,,,,,,,,,,
10/4/2024 20:30,0,211,,,,,,,,,,,,,,,,,,
10/4/2024 20:15,0,211,,,,,,,,,,,,,,,,,,
10/4/2024 20:00,0,211,,,,,,,,,,,,,,,,,,
10/4/2024 19:45,0,210,,,,,,,,,,,,,,,,,,
10/4/2024 19:30,0,210,,,,,,,,,,,,,,,,,,
10/4/2024 19:15,0,210,,,,,,,,,,,,,,,,,,
10/4/2024 19:00,0,210,,,,,,,,,,,,,,,,,,
10/4/2024 18:45,0,210,,,,,,,,,,,,,,,,,,
10/4/2024 18:30,0,210,,,,,,,,,,,,,,,,,,
10/4/2024 18:15,0,209,,,,,,,,,,,,,,,,,,
10/4/2024 18:00,0,209,,,,,,,,,,,,,,,,,,
10/4/2024 17:45,0,209,,,,,,,,,,,,,,,,,,
10/4/2024 17:30,0,209,,,,,,,,,,,,,,,,,,
10/4/2024 17:15,0,209,,,,,,,,,,,,,,,,,,
10/4/2024 17:00,0,208,,,,,,,,,,,,,,,,,,
10/4/2024 16:45,0,208,,,,,,,,,,,,,,,,,,
10/4/2024 16:30,0,208,,,,,,,,,,,,,,,,,,
10/4/2024 16:15,0,208,,,,,,,,,,,,,,,,,,
10/4/2024 16:00,0,208,,,,,,,,,,,,,,,,,,
10/4/2024 15:45,0,208,,,,,,,,,,,,,,,,,,
10/4/2024 15:30,0,207,,,,,,,,,,,,,,,,,,
10/4/2024 15:15,0,207,,,,,,,,,,,,,,,,,,
10/4/2024 15:00,0,208,,,,,,,,,,,,,,,,,,
10/4/2024 14:45,0,208,,,,,,,,,,,,,,,,,,
10/4/2024 14:30,0,208,,,,,,,,,,,,,,,,,,
10/4/2024 14:15,0,208,,,,,,,,,,,,,,,,,,
10/4/2024 14:00,0,208,,,,,,,,,,,,,,,,,,
10/4/2024 13:45,0,208,,,,,,,,,,,,,,,,,,
10/4/2024 13:30,0,207,,,,,,,,,,,,,,,,,,
10/4/2024 13:15,0,207,,,,,,,,,,,,,,,,,,
10/4/2024 13:00,0,207,,,,,,,,,,,,,,,,,,
10/4/2024 12:45,0,207,,,,,,,,,,,,,,,,,,
10/4/2024 12:30,0,207,,,,,,,,,,,,,,,,,,
10/4/2024 12:15,0,206,,,,,,,,,,,,,,,,,,
10/4/2024 12:00,0,206,,,,,,,,,,,,,,,,,,
10/4/2024 11:45,0,206,,,,,,,,,,,,,,,,,,
10/4/2024 11:30,0,205,,,,,,,,,,,,,,,,,,
10/4/2024 11:15,0,205,,,,,,,,,,,,,,,,,,
10/4/2024 11:00,0,205,,,,,,,,,,,,,,,,,,
10/4/2024 10:45,0,205,,,,,,,,,,,,,,,,,,
10/4/2024 10:30,0,205,,,,,,,,,,,,,,,,,,
10/4/2024 10:15,0,204,,,,,,,,,,,,,,,,,,
10/4/2024 10:00,0,204,,,,,,,,,,,,,,,,,,
10/4/2024 9:45,0,204,,,,,,,,,,,,,,,,,,
10/4/2024 9:30,0,204,,,,,,,,,,,,,,,,,,
10/4/2024 9:15,0,204,,,,,,,,,,,,,,,,,,
10/4/2024 9:00,0,204,,,,,,,,,,,,,,,,,,
10/4/2024 8:45,0,204,,,,,,,,,,,,,,,,,,
10/4/2024 8:30,0,204,,,,,,,,,,,,,,,,,,
10/4/2024 8:15,0,204,,,,,,,,,,,,,,,,,,
10/4/2024 8:00,0,203,,,,,,,,,,,,,,,,,,
10/4/2024 7:45,0,203,,,,,,,,,,,,,,,,,,
10/4/2024 7:30,0,204,,,,,,,,,,,,,,,,,,
10/4/2024 7:15,0,202,,,,,,,,,,,,,,,,,,
10/4/2024 7:00,0,202,,,,,,,,,,,,,,,,,,
10/4/2024 6:45,0,202,,,,,,,,,,,,,,,,,,
10/4/2024 6:30,0,201,,,,,,,,,,,,,,,,,,
10/4/2024 6:15,0,201,,,,,,,,,,,,,,,,,,
10/4/2024 6:00,0,200,,,,,,,,,,,,,,,,,,
10/4/2024 5:45,0,200,,,,,,,,,,,,,,,,,,
10/4/2024 5:30,0,199,,,,,,,,,,,,,,,,,,
10/4/2024 5:15,0,199,,,,,,,,,,,,,,,,,,
10/4/2024 5:00,0,198,,,,,,,,,,,,,,,,,,
10/4/2024 4:45,0,197,,,,,,,,,,,,,,,,,,
10/4/2024 4:30,0,196,,,,,,,,,,,,,,,,,,
10/4/2024 4:15,0,196,,,,,,,,,,,,,,,,,,
10/4/2024 4:00,0,195,,,,,,,,,,,,,,,,,,
10/4/2024 3:45,0,194,,,,,,,,,,,,,,,,,,
10/4/2024 3:30,0,193,,,,,,,,,,,,,,,,,,
10/4/2024 3:15,0,191,,,,,,,,,,,,,,,,,,
10/4/2024 3:00,0,191,,,,,,,,,,,,,,,,,,
10/4/2024 2:45,0,192,,,,,,,,,,,,,,,,,,
10/4/2024 2:30,0,192,,,,,,,,,,,,,,,,,,
10/4/2024 2:15,0,193,,,,,,,,,,,,,,,,,,
10/4/2024 2:00,0,193,,,,,,,,,,,,,,,,,,
10/4/2024 1:45,0,193,,,,,,,,,,,,,,,,,,
10/4/2024 1:30,0,194,,,,,,,,,,,,,,,,,,
10/4/2024 1:15,0,194,,,,,,,,,,,,,,,,,,
10/4/2024 1:00,0,194,,,,,,,,,,,,,,,,,,
10/4/2024 0:45,0,195,,,,,,,,,,,,,,,,,,
10/4/2024 0:30,0,196,,,,,,,,,,,,,,,,,,
10/4/2024 0:15,0,197,,,,,,,,,,,,,,,,,,
10/4/2024 0:00,0,197,,,,,,,,,,,,,,,,,,
9/4/2024 23:45,0,198,,,,,,,,,,,,,,,,,,
9/4/2024 23:30,0,199,,,,,,,,,,,,,,,,,,
9/4/2024 23:15,0,200,,,,,,,,,,,,,,,,,,
9/4/2024 23:00,0,200,,,,,,,,,,,,,,,,,,
9/4/2024 22:45,0,201,,,,,,,,,,,,,,,,,,
9/4/2024 22:30,0,202,,,,,,,,,,,,,,,,,,
9/4/2024 22:15,0,203,,,,,,,,,,,,,,,,,,
9/4/2024 22:00,0,204,,,,,,,,,,,,,,,,,,
9/4/2024 21:45,0,205,,,,,,,,,,,,,,,,,,
9/4/2024 21:30,0,207,,,,,,,,,,,,,,,,,,
9/4/2024 21:15,0,209,,,,,,,,,,,,,,,,,,
9/4/2024 21:00,0,212,,,,,,,,,,,,,,,,,,
9/4/2024 20:45,0,211,,,,,,,,,,,,,,,,,,
9/4/2024 20:30,0,211,,,,,,,,,,,,,,,,,,
9/4/2024 20:15,0,211,,,,,,,,,,,,,,,,,,
9/4/2024 20:00,0,211,,,,,,,,,,,,,,,,,,
9/4/2024 19:45,0,211,,,,,,,,,,,,,,,,,,
9/4/2024 19:30,0,211,,,,,,,,,,,,,,,,,,
9/4/2024 19:15,0,211,,,,,,,,,,,,,,,,,,
9/4/2024 19:00,0,211,,,,,,,,,,,,,,,,,,
9/4/2024 18:45,0,211,,,,,,,,,,,,,,,,,,
9/4/2024 18:30,0,211,,,,,,,,,,,,,,,,,,
9/4/2024 18:15,0,212,,,,,,,,,,,,,,,,,,
9/4/2024 18:00,0,212,,,,,,,,,,,,,,,,,,
9/4/2024 17:45,0,212,,,,,,,,,,,,,,,,,,
9/4/2024 17:30,0,213,,,,,,,,,,,,,,,,,,
9/4/2024 17:15,0,213,,,,,,,,,,,,,,,,,,
9/4/2024 17:00,0,214,,,,,,,,,,,,,,,,,,
9/4/2024 16:45,0,214,,,,,,,,,,,,,,,,,,
9/4/2024 16:30,0,215,,,,,,,,,,,,,,,,,,
9/4/2024 16:15,0,216,,,,,,,,,,,,,,,,,,
9/4/2024 16:00,0,217,,,,,,,,,,,,,,,,,,
9/4/2024 15:45,0,217,,,,,,,,,,,,,,,,,,
9/4/2024 15:30,0,218,,,,,,,,,,,,,,,,,,
9/4/2024 15:15,0,220,,,,,,,,,,,,,,,,,,
9/4/2024 15:00,0,221,,,,,,,,,,,,,,,,,,
9/4/2024 14:45,0,222,,,,,,,,,,,,,,,,,,
9/4/2024 14:30,0,223,,,,,,,,,,,,,,,,,,
9/4/2024 14:15,0,225,,,,,,,,,,,,,,,,,,
9/4/2024 14:00,0,226,,,,,,,,,,,,,,,,,,
9/4/2024 13:45,0,228,,,,,,,,,,,,,,,,,,
9/4/2024 13:30,0,228,,,,,,,,,,,,,,,,,,
9/4/2024 13:15,0,228,,,,,,,,,,,,,,,,,,
9/4/2024 13:00,0,228,,,,,,,,,,,,,,,,,,
9/4/2024 12:45,0,228,,,,,,,,,,,,,,,,,,
9/4/2024 12:30,0,228,,,,,,,,,,,,,,,,,,
9/4/2024 12:15,0,227,,,,,,,,,,,,,,,,,,
9/4/2024 12:00,0,228,,,,,,,,,,,,,,,,,,
9/4/2024 11:45,0,227,,,,,,,,,,,,,,,,,,
9/4/2024 11:30,0,227,,,,,,,,,,,,,,,,,,
9/4/2024 11:15,0,227,,,,,,,,,,,,,,,,,,
9/4/2024 11:00,0,227,,,,,,,,,,,,,,,,,,
9/4/2024 10:45,0,227,,,,,,,,,,,,,,,,,,
9/4/2024 10:30,0,226,,,,,,,,,,,,,,,,,,
9/4/2024 10:15,0,226,,,,,,,,,,,,,,,,,,
9/4/2024 10:00,0,226,,,,,,,,,,,,,,,,,,
9/4/2024 9:45,0,225,,,,,,,,,,,,,,,,,,
9/4/2024 9:30,0,225,,,,,,,,,,,,,,,,,,
9/4/2024 9:15,0,225,,,,,,,,,,,,,,,,,,
9/4/2024 9:00,0,224,,,,,,,,,,,,,,,,,,
9/4/2024 8:45,0,224,,,,,,,,,,,,,,,,,,
9/4/2024 8:30,0,223,,,,,,,,,,,,,,,,,,
9/4/2024 8:15,0,223,,,,,,,,,,,,,,,,,,
9/4/2024 8:00,0,222,,,,,,,,,,,,,,,,,,
9/4/2024 7:45,0,222,,,,,,,,,,,,,,,,,,
9/4/2024 7:30,0,221,,,,,,,,,,,,,,,,,,
9/4/2024 7:15,0,220,,,,,,,,,,,,,,,,,,
9/4/2024 7:00,0,219,,,,,,,,,,,,,,,,,,
9/4/2024 6:45,0,219,,,,,,,,,,,,,,,,,,
9/4/2024 6:30,0,218,,,,,,,,,,,,,,,,,,
9/4/2024 6:15,0,217,,,,,,,,,,,,,,,,,,
9/4/2024 6:00,0,216,,,,,,,,,,,,,,,,,,
9/4/2024 5:45,0,215,,,,,,,,,,,,,,,,,,
9/4/2024 5:30,0,213,,,,,,,,,,,,,,,,,,
9/4/2024 5:15,0,212,,,,,,,,,,,,,,,,,,
9/4/2024 5:00,0,210,,,,,,,,,,,,,,,,,,
9/4/2024 4:45,0,209,,,,,,,,,,,,,,,,,,
9/4/2024 4:30,0,206,,,,,,,,,,,,,,,,,,
9/4/2024 4:15,0,207,,,,,,,,,,,,,,,,,,
9/4/2024 4:00,0,209,,,,,,,,,,,,,,,,,,
9/4/2024 3:45,0,211,,,,,,,,,,,,,,,,,,
9/4/2024 3:30,0,213,,,,,,,,,,,,,,,,,,
9/4/2024 3:15,0,215,,,,,,,,,,,,,,,,,,
9/4/2024 3:00,0,217,,,,,,,,,,,,,,,,,,
9/4/2024 2:45,0,219,,,,,,,,,,,,,,,,,,
9/4/2024 2:30,0,222,,,,,,,,,,,,,,,,,,
9/4/2024 2:15,0,225,,,,,,,,,,,,,,,,,,
9/4/2024 2:00,0,228,,,,,,,,,,,,,,,,,,
9/4/2024 1:45,0,232,,,,,,,,,,,,,,,,,,
9/4/2024 1:30,0,234,,,,,,,,,,,,,,,,,,
9/4/2024 1:15,0,234,,,,,,,,,,,,,,,,,,
9/4/2024 1:00,0,235,,,,,,,,,,,,,,,,,,
9/4/2024 0:45,0,236,,,,,,,,,,,,,,,,,,
9/4/2024 0:30,0,236,,,,,,,,,,,,,,,,,,
9/4/2024 0:15,0,237,,,,,,,,,,,,,,,,,,
9/4/2024 0:00,0,238,,,,,,,,,,,,,,,,,,
8/4/2024 23:45,0,239,,,,,,,,,,,,,,,,,,
8/4/2024 23:30,0,241,,,,,,,,,,,,,,,,,,
8/4/2024 23:15,0,240,,,,,,,,,,,,,,,,,,
8/4/2024 23:00,0,240,,,,,,,,,,,,,,,,,,
8/4/2024 22:45,0,239,,,,,,,,,,,,,,,,,,
8/4/2024 22:30,0,238,,,,,,,,,,,,,,,,,,
8/4/2024 22:15,0,238,,,,,,,,,,,,,,,,,,
8/4/2024 22:00,0,237,,,,,,,,,,,,,,,,,,
8/4/2024 21:45,0,236,,,,,,,,,,,,,,,,,,
8/4/2024 21:30,0,235,,,,,,,,,,,,,,,,,,
8/4/2024 21:15,0,234,,,,,,,,,,,,,,,,,,
8/4/2024 21:00,0,233,,,,,,,,,,,,,,,,,,
8/4/2024 20:45,0,231,,,,,,,,,,,,,,,,,,
8/4/2024 20:30,0,230,,,,,,,,,,,,,,,,,,
8/4/2024 20:15,0,229,,,,,,,,,,,,,,,,,,
8/4/2024 20:00,0,227,,,,,,,,,,,,,,,,,,
8/4/2024 19:45,0,226,,,,,,,,,,,,,,,,,,
8/4/2024 19:30,0,224,,,,,,,,,,,,,,,,,,
8/4/2024 19:15,0,221,,,,,,,,,,,,,,,,,,
8/4/2024 19:00,0,221,,,,,,,,,,,,,,,,,,
8/4/2024 18:45,0,221,,,,,,,,,,,,,,,,,,
8/4/2024 18:30,0,221,,,,,,,,,,,,,,,,,,
8/4/2024 18:15,0,220,,,,,,,,,,,,,,,,,,
8/4/2024 18:00,0,220,,,,,,,,,,,,,,,,,,
8/4/2024 17:45,0,220,,,,,,,,,,,,,,,,,,
8/4/2024 17:30,0,220,,,,,,,,,,,,,,,,,,
8/4/2024 17:15,0,219,,,,,,,,,,,,,,,,,,
8/4/2024 17:00,0,219,,,,,,,,,,,,,,,,,,
8/4/2024 16:45,0,219,,,,,,,,,,,,,,,,,,
8/4/2024 16:30,0,219,,,,,,,,,,,,,,,,,,
8/4/2024 16:15,0,218,,,,,,,,,,,,,,,,,,
8/4/2024 16:00,0,218,,,,,,,,,,,,,,,,,,
8/4/2024 15:45,0,218,,,,,,,,,,,,,,,,,,
8/4/2024 15:30,0,218,,,,,,,,,,,,,,,,,,
8/4/2024 15:15,0,217,,,,,,,,,,,,,,,,,,
8/4/2024 15:00,0,217,,,,,,,,,,,,,,,,,,
8/4/2024 14:45,0,217,,,,,,,,,,,,,,,,,,
8/4/2024 14:30,0,216,,,,,,,,,,,,,,,,,,
8/4/2024 14:15,0,216,,,,,,,,,,,,,,,,,,
8/4/2024 14:00,0,215,,,,,,,,,,,,,,,,,,
8/4/2024 13:45,0,215,,,,,,,,,,,,,,,,,,
8/4/2024 13:30,0,214,,,,,,,,,,,,,,,,,,
8/4/2024 13:15,0,213,,,,,,,,,,,,,,,,,,
8/4/2024 13:00,0.2,212,,,,,,,,,,,,,,,,,,
8/4/2024 12:45,0,212,,,,,,,,,,,,,,,,,,
8/4/2024 12:30,0,210,,,,,,,,,,,,,,,,,,
8/4/2024 12:15,0,210,,,,,,,,,,,,,,,,,,
8/4/2024 12:00,0,209,,,,,,,,,,,,,,,,,,
8/4/2024 11:45,0,207,,,,,,,,,,,,,,,,,,
8/4/2024 11:30,0,206,,,,,,,,,,,,,,,,,,
8/4/2024 11:15,0,204,,,,,,,,,,,,,,,,,,
8/4/2024 11:00,0,203,,,,,,,,,,,,,,,,,,
8/4/2024 10:45,0,201,,,,,,,,,,,,,,,,,,
8/4/2024 10:30,0,199,,,,,,,,,,,,,,,,,,
8/4/2024 10:15,0,197,,,,,,,,,,,,,,,,,,
8/4/2024 10:00,0,195,,,,,,,,,,,,,,,,,,
8/4/2024 9:45,0,193,,,,,,,,,,,,,,,,,,
8/4/2024 9:30,0,190,,,,,,,,,,,,,,,,,,
8/4/2024 9:15,0,189,,,,,,,,,,,,,,,,,,
8/4/2024 9:00,0,189,,,,,,,,,,,,,,,,,,
8/4/2024 8:45,0,190,,,,,,,,,,,,,,,,,,
8/4/2024 8:30,0,190,,,,,,,,,,,,,,,,,,
8/4/2024 8:15,0,191,,,,,,,,,,,,,,,,,,
8/4/2024 8:00,0,191,,,,,,,,,,,,,,,,,,
8/4/2024 7:45,0,192,,,,,,,,,,,,,,,,,,
8/4/2024 7:30,0,193,,,,,,,,,,,,,,,,,,
8/4/2024 7:15,0,194,,,,,,,,,,,,,,,,,,
8/4/2024 7:00,0,195,,,,,,,,,,,,,,,,,,
8/4/2024 6:45,0,196,,,,,,,,,,,,,,,,,,
8/4/2024 6:30,0,197,,,,,,,,,,,,,,,,,,
8/4/2024 6:15,0,198,,,,,,,,,,,,,,,,,,
8/4/2024 6:00,0,199,,,,,,,,,,,,,,,,,,
8/4/2024 5:45,0,201,,,,,,,,,,,,,,,,,,
8/4/2024 5:30,0,203,,,,,,,,,,,,,,,,,,
8/4/2024 5:15,0,204,,,,,,,,,,,,,,,,,,
8/4/2024 5:00,0,206,,,,,,,,,,,,,,,,,,
8/4/2024 4:45,0,208,,,,,,,,,,,,,,,,,,
8/4/2024 4:30,0,211,,,,,,,,,,,,,,,,,,
8/4/2024 4:15,0,213,,,,,,,,,,,,,,,,,,
8/4/2024 4:00,0,216,,,,,,,,,,,,,,,,,,
8/4/2024 3:45,0,219,,,,,,,,,,,,,,,,,,
8/4/2024 3:30,0,221,,,,,,,,,,,,,,,,,,
8/4/2024 3:15,0,222,,,,,,,,,,,,,,,,,,
8/4/2024 3:00,0,222,,,,,,,,,,,,,,,,,,
8/4/2024 2:45,0,222,,,,,,,,,,,,,,,,,,
8/4/2024 2:30,0,222,,,,,,,,,,,,,,,,,,
8/4/2024 2:15,0,223,,,,,,,,,,,,,,,,,,
8/4/2024 2:00,0,223,,,,,,,,,,,,,,,,,,
8/4/2024 1:45,0,224,,,,,,,,,,,,,,,,,,
8/4/2024 1:30,0,224,,,,,,,,,,,,,,,,,,
8/4/2024 1:15,0,225,,,,,,,,,,,,,,,,,,
8/4/2024 1:00,0,225,,,,,,,,,,,,,,,,,,
8/4/2024 0:45,0,226,,,,,,,,,,,,,,,,,,
8/4/2024 0:30,0,227,,,,,,,,,,,,,,,,,,
8/4/2024 0:15,0,227,,,,,,,,,,,,,,,,,,
8/4/2024 0:00,0,228,,,,,,,,,,,,,,,,,,
7/4/2024 23:45,0,229,,,,,,,,,,,,,,,,,,
7/4/2024 23:30,0,230,,,,,,,,,,,,,,,,,,
7/4/2024 23:15,0,231,,,,,,,,,,,,,,,,,,
7/4/2024 23:00,0,233,,,,,,,,,,,,,,,,,,
7/4/2024 22:45,0,235,,,,,,,,,,,,,,,,,,
7/4/2024 22:30,0,235,,,,,,,,,,,,,,,,,,
7/4/2024 22:15,0,234,,,,,,,,,,,,,,,,,,
7/4/2024 22:00,0,234,,,,,,,,,,,,,,,,,,
7/4/2024 21:45,0,234,,,,,,,,,,,,,,,,,,
7/4/2024 21:30,0,234,,,,,,,,,,,,,,,,,,
7/4/2024 21:15,0,234,,,,,,,,,,,,,,,,,,
7/4/2024 21:00,0,233,,,,,,,,,,,,,,,,,,
7/4/2024 20:45,0,233,,,,,,,,,,,,,,,,,,
7/4/2024 20:30,0,233,,,,,,,,,,,,,,,,,,
7/4/2024 20:15,0,233,,,,,,,,,,,,,,,,,,
7/4/2024 20:00,0,232,,,,,,,,,,,,,,,,,,
7/4/2024 19:45,0,232,,,,,,,,,,,,,,,,,,
7/4/2024 19:30,0,231,,,,,,,,,,,,,,,,,,
7/4/2024 19:15,0,231,,,,,,,,,,,,,,,,,,
7/4/2024 19:00,0,231,,,,,,,,,,,,,,,,,,
7/4/2024 18:45,0,230,,,,,,,,,,,,,,,,,,
7/4/2024 18:30,0,230,,,,,,,,,,,,,,,,,,
7/4/2024 18:15,0,229,,,,,,,,,,,,,,,,,,
7/4/2024 18:00,0,228,,,,,,,,,,,,,,,,,,
7/4/2024 17:45,0.2,228,,,,,,,,,,,,,,,,,,
7/4/2024 17:30,0.6,227,,,,,,,,,,,,,,,,,,
7/4/2024 17:15,0.8,226,,,,,,,,,,,,,,,,,,
7/4/2024 17:00,0.4,225,,,,,,,,,,,,,,,,,,
7/4/2024 16:45,0,224,,,,,,,,,,,,,,,,,,
7/4/2024 16:30,0,223,,,,,,,,,,,,,,,,,,
7/4/2024 16:15,0,222,,,,,,,,,,,,,,,,,,
7/4/2024 16:00,0,220,,,,,,,,,,,,,,,,,,
7/4/2024 15:45,0,219,,,,,,,,,,,,,,,,,,
7/4/2024 15:30,0,217,,,,,,,,,,,,,,,,,,
7/4/2024 15:15,0,215,,,,,,,,,,,,,,,,,,
7/4/2024 15:00,0,214,,,,,,,,,,,,,,,,,,
7/4/2024 14:45,0,211,,,,,,,,,,,,,,,,,,
7/4/2024 14:30,0,209,,,,,,,,,,,,,,,,,,
7/4/2024 14:15,0,207,,,,,,,,,,,,,,,,,,
7/4/2024 14:00,0,204,,,,,,,,,,,,,,,,,,
7/4/2024 13:45,0,202,,,,,,,,,,,,,,,,,,
7/4/2024 13:30,0,199,,,,,,,,,,,,,,,,,,
7/4/2024 13:15,0,195,,,,,,,,,,,,,,,,,,
7/4/2024 13:00,0,192,,,,,,,,,,,,,,,,,,
7/4/2024 12:45,0,188,,,,,,,,,,,,,,,,,,
7/4/2024 12:30,0,184,,,,,,,,,,,,,,,,,,
7/4/2024 12:15,0,179,,,,,,,,,,,,,,,,,,
7/4/2024 12:00,0,174,,,,,,,,,,,,,,,,,,
7/4/2024 11:45,0,169,,,,,,,,,,,,,,,,,,
7/4/2024 11:30,0,164,,,,,,,,,,,,,,,,,,
7/4/2024 11:15,0,159,,,,,,,,,,,,,,,,,,
7/4/2024 11:00,0,157,,,,,,,,,,,,,,,,,,
7/4/2024 10:45,0,156,,,,,,,,,,,,,,,,,,
7/4/2024 10:30,0,154,,,,,,,,,,,,,,,,,,
7/4/2024 10:15,0,153,,,,,,,,,,,,,,,,,,
7/4/2024 10:00,0,151,,,,,,,,,,,,,,,,,,
7/4/2024 9:45,0,149,,,,,,,,,,,,,,,,,,
7/4/2024 9:30,0,147,,,,,,,,,,,,,,,,,,
7/4/2024 9:15,0,145,,,,,,,,,,,,,,,,,,
7/4/2024 9:00,0,142,,,,,,,,,,,,,,,,,,
7/4/2024 8:45,0,142,,,,,,,,,,,,,,,,,,
7/4/2024 8:30,0,143,,,,,,,,,,,,,,,,,,
7/4/2024 8:15,0,144,,,,,,,,,,,,,,,,,,
7/4/2024 8:00,0,145,,,,,,,,,,,,,,,,,,
7/4/2024 7:45,0.6,145,,,,,,,,,,,,,,,,,,
7/4/2024 7:30,0.6,146,,,,,,,,,,,,,,,,,,
7/4/2024 7:15,1.4,147,,,,,,,,,,,,,,,,,,
7/4/2024 7:00,1.2,148,,,,,,,,,,,,,,,,,,
7/4/2024 6:45,0.4,148,,,,,,,,,,,,,,,,,,
7/4/2024 6:30,1,149,,,,,,,,,,,,,,,,,,
7/4/2024 6:15,0.8,150,,,,,,,,,,,,,,,,,,
7/4/2024 6:00,0.8,151,,,,,,,,,,,,,,,,,,
7/4/2024 5:45,0,152,,,,,,,,,,,,,,,,,,
7/4/2024 5:30,0,153,,,,,,,,,,,,,,,,,,
7/4/2024 5:15,0,154,,,,,,,,,,,,,,,,,,
7/4/2024 5:00,0,155,,,,,,,,,,,,,,,,,,
7/4/2024 4:45,0,156,,,,,,,,,,,,,,,,,,
7/4/2024 4:30,0,158,,,,,,,,,,,,,,,,,,
7/4/2024 4:15,0,160,,,,,,,,,,,,,,,,,,
7/4/2024 4:00,0,161,,,,,,,,,,,,,,,,,,
7/4/2024 3:45,0,163,,,,,,,,,,,,,,,,,,
7/4/2024 3:30,0,164,,,,,,,,,,,,,,,,,,
7/4/2024 3:15,0,166,,,,,,,,,,,,,,,,,,
7/4/2024 3:00,0,168,,,,,,,,,,,,,,,,,,
7/4/2024 2:45,0,170,,,,,,,,,,,,,,,,,,
7/4/2024 2:30,0,172,,,,,,,,,,,,,,,,,,
7/4/2024 2:15,0,174,,,,,,,,,,,,,,,,,,
7/4/2024 2:00,0,176,,,,,,,,,,,,,,,,,,
7/4/2024 1:45,0,178,,,,,,,,,,,,,,,,,,
7/4/2024 1:30,0,181,,,,,,,,,,,,,,,,,,
7/4/2024 1:15,0,183,,,,,,,,,,,,,,,,,,
7/4/2024 1:00,0,186,,,,,,,,,,,,,,,,,,
7/4/2024 0:45,0,189,,,,,,,,,,,,,,,,,,
7/4/2024 0:30,0,192,,,,,,,,,,,,,,,,,,
7/4/2024 0:15,0,195,,,,,,,,,,,,,,,,,,
7/4/2024 0:00,0,199,,,,,,,,,,,,,,,,,,
6/4/2024 23:45,0,202,,,,,,,,,,,,,,,,,,
6/4/2024 23:30,0,206,,,,,,,,,,,,,,,,,,
6/4/2024 23:15,0,212,,,,,,,,,,,,,,,,,,
6/4/2024 23:00,0,215,,,,,,,,,,,,,,,,,,
6/4/2024 22:45,0,213,,,,,,,,,,,,,,,,,,
6/4/2024 22:30,0,211,,,,,,,,,,,,,,,,,,
6/4/2024 22:15,0,210,,,,,,,,,,,,,,,,,,
6/4/2024 22:00,0,208,,,,,,,,,,,,,,,,,,
6/4/2024 21:45,0,205,,,,,,,,,,,,,,,,,,
6/4/2024 21:30,0,203,,,,,,,,,,,,,,,,,,
6/4/2024 21:15,0,200,,,,,,,,,,,,,,,,,,
6/4/2024 21:00,0,197,,,,,,,,,,,,,,,,,,
6/4/2024 20:45,0,194,,,,,,,,,,,,,,,,,,
6/4/2024 20:30,0,190,,,,,,,,,,,,,,,,,,
6/4/2024 20:15,0,186,,,,,,,,,,,,,,,,,,
6/4/2024 20:00,0,182,,,,,,,,,,,,,,,,,,
6/4/2024 19:45,0,177,,,,,,,,,,,,,,,,,,
6/4/2024 19:30,0,172,,,,,,,,,,,,,,,,,,
6/4/2024 19:15,0,166,,,,,,,,,,,,,,,,,,
6/4/2024 19:00,0,160,,,,,,,,,,,,,,,,,,
6/4/2024 18:45,0,158,,,,,,,,,,,,,,,,,,
6/4/2024 18:30,0,156,,,,,,,,,,,,,,,,,,
6/4/2024 18:15,0,151,,,,,,,,,,,,,,,,,,
6/4/2024 18:00,0,150,,,,,,,,,,,,,,,,,,
6/4/2024 17:45,0,149,,,,,,,,,,,,,,,,,,
6/4/2024 17:30,0,147,,,,,,,,,,,,,,,,,,
6/4/2024 17:15,0,147,,,,,,,,,,,,,,,,,,
6/4/2024 17:00,0,146,,,,,,,,,,,,,,,,,,
6/4/2024 16:45,0,144,,,,,,,,,,,,,,,,,,
6/4/2024 16:30,0,144,,,,,,,,,,,,,,,,,,
6/4/2024 16:15,0,143,,,,,,,,,,,,,,,,,,
6/4/2024 16:00,0,143,,,,,,,,,,,,,,,,,,
6/4/2024 15:45,0,143,,,,,,,,,,,,,,,,,,
6/4/2024 15:30,0,142,,,,,,,,,,,,,,,,,,
6/4/2024 15:15,0,142,,,,,,,,,,,,,,,,,,
6/4/2024 15:00,0,141,,,,,,,,,,,,,,,,,,
6/4/2024 14:45,0,141,,,,,,,,,,,,,,,,,,
6/4/2024 14:30,0,141,,,,,,,,,,,,,,,,,,
6/4/2024 14:15,0,141,,,,,,,,,,,,,,,,,,
6/4/2024 14:00,0,142,,,,,,,,,,,,,,,,,,
6/4/2024 13:45,0,142,,,,,,,,,,,,,,,,,,
6/4/2024 13:30,0,142,,,,,,,,,,,,,,,,,,
6/4/2024 13:15,0,142,,,,,,,,,,,,,,,,,,
6/4/2024 13:00,0,142,,,,,,,,,,,,,,,,,,
6/4/2024 12:45,0,143,,,,,,,,,,,,,,,,,,
6/4/2024 12:30,0,143,,,,,,,,,,,,,,,,,,
6/4/2024 12:15,0,143,,,,,,,,,,,,,,,,,,
6/4/2024 12:00,0,144,,,,,,,,,,,,,,,,,,
6/4/2024 11:45,0,145,,,,,,,,,,,,,,,,,,
6/4/2024 11:30,0,145,,,,,,,,,,,,,,,,,,
6/4/2024 11:15,0,146,,,,,,,,,,,,,,,,,,
6/4/2024 11:00,0,147,,,,,,,,,,,,,,,,,,
6/4/2024 10:45,0,148,,,,,,,,,,,,,,,,,,
6/4/2024 10:30,0,149,,,,,,,,,,,,,,,,,,
6/4/2024 10:15,0,150,,,,,,,,,,,,,,,,,,
6/4/2024 10:00,0,151,,,,,,,,,,,,,,,,,,
6/4/2024 9:45,0,153,,,,,,,,,,,,,,,,,,
6/4/2024 9:30,0,154,,,,,,,,,,,,,,,,,,
6/4/2024 9:15,0,155,,,,,,,,,,,,,,,,,,
6/4/2024 9:00,0,157,,,,,,,,,,,,,,,,,,
6/4/2024 8:45,0,159,,,,,,,,,,,,,,,,,,
6/4/2024 8:30,0,160,,,,,,,,,,,,,,,,,,
6/4/2024 8:15,0,162,,,,,,,,,,,,,,,,,,
6/4/2024 8:00,0.2,164,,,,,,,,,,,,,,,,,,
6/4/2024 7:45,0,167,,,,,,,,,,,,,,,,,,
6/4/2024 7:30,0,168,,,,,,,,,,,,,,,,,,
6/4/2024 7:15,0,170,,,,,,,,,,,,,,,,,,
6/4/2024 7:00,0,172,,,,,,,,,,,,,,,,,,
6/4/2024 6:45,0,175,,,,,,,,,,,,,,,,,,
6/4/2024 6:30,0,175,,,,,,,,,,,,,,,,,,
6/4/2024 6:15,0,176,,,,,,,,,,,,,,,,,,
6/4/2024 6:00,0,176,,,,,,,,,,,,,,,,,,
6/4/2024 5:45,0,177,,,,,,,,,,,,,,,,,,
6/4/2024 5:30,0,177,,,,,,,,,,,,,,,,,,
6/4/2024 5:15,0,178,,,,,,,,,,,,,,,,,,
6/4/2024 5:00,0,178,,,,,,,,,,,,,,,,,,
6/4/2024 4:45,0,179,,,,,,,,,,,,,,,,,,
6/4/2024 4:30,0,179,,,,,,,,,,,,,,,,,,
6/4/2024 4:15,0,180,,,,,,,,,,,,,,,,,,
6/4/2024 4:00,0,180,,,,,,,,,,,,,,,,,,
6/4/2024 3:45,0,181,,,,,,,,,,,,,,,,,,
6/4/2024 3:30,0,181,,,,,,,,,,,,,,,,,,
6/4/2024 3:15,0,182,,,,,,,,,,,,,,,,,,
6/4/2024 3:00,0,182,,,,,,,,,,,,,,,,,,
6/4/2024 2:45,0,183,,,,,,,,,,,,,,,,,,
6/4/2024 2:30,0,183,,,,,,,,,,,,,,,,,,
6/4/2024 2:15,0,183,,,,,,,,,,,,,,,,,,
6/4/2024 2:00,0,184,,,,,,,,,,,,,,,,,,
6/4/2024 1:45,0,184,,,,,,,,,,,,,,,,,,
6/4/2024 1:30,0,184,,,,,,,,,,,,,,,,,,
6/4/2024 1:15,0,185,,,,,,,,,,,,,,,,,,
6/4/2024 1:00,0,185,,,,,,,,,,,,,,,,,,
6/4/2024 0:45,0,185,,,,,,,,,,,,,,,,,,
6/4/2024 0:30,0,185,,,,,,,,,,,,,,,,,,
6/4/2024 0:15,0,185,,,,,,,,,,,,,,,,,,
6/4/2024 0:00,0,184,,,,,,,,,,,,,,,,,,
5/4/2024 23:45,0,184,,,,,,,,,,,,,,,,,,
5/4/2024 23:30,0,184,,,,,,,,,,,,,,,,,,
5/4/2024 23:15,0,183,,,,,,,,,,,,,,,,,,
5/4/2024 23:00,0,183,,,,,,,,,,,,,,,,,,
5/4/2024 22:45,0,182,,,,,,,,,,,,,,,,,,
5/4/2024 22:30,0,181,,,,,,,,,,,,,,,,,,
5/4/2024 22:15,0,180,,,,,,,,,,,,,,,,,,
5/4/2024 22:00,0,179,,,,,,,,,,,,,,,,,,
5/4/2024 21:45,0,178,,,,,,,,,,,,,,,,,,
5/4/2024 21:30,0,177,,,,,,,,,,,,,,,,,,
5/4/2024 21:15,0,174,,,,,,,,,,,,,,,,,,
5/4/2024 21:00,0,174,,,,,,,,,,,,,,,,,,
5/4/2024 20:45,0,173,,,,,,,,,,,,,,,,,,
5/4/2024 20:30,0,172,,,,,,,,,,,,,,,,,,
5/4/2024 20:15,0,172,,,,,,,,,,,,,,,,,,
5/4/2024 20:00,0,170,,,,,,,,,,,,,,,,,,
5/4/2024 19:45,0,169,,,,,,,,,,,,,,,,,,
5/4/2024 19:30,0,167,,,,,,,,,,,,,,,,,,
5/4/2024 19:15,0,165,,,,,,,,,,,,,,,,,,
5/4/2024 19:00,0,163,,,,,,,,,,,,,,,,,,
5/4/2024 18:45,0,160,,,,,,,,,,,,,,,,,,
5/4/2024 18:30,0,160,,,,,,,,,,,,,,,,,,
5/4/2024 18:15,0,158,,,,,,,,,,,,,,,,,,
5/4/2024 18:00,0,157,,,,,,,,,,,,,,,,,,
5/4/2024 17:45,0,155,,,,,,,,,,,,,,,,,,
5/4/2024 17:30,0,153,,,,,,,,,,,,,,,,,,
5/4/2024 17:15,0,151,,,,,,,,,,,,,,,,,,
5/4/2024 17:00,0,149,,,,,,,,,,,,,,,,,,
5/4/2024 16:45,0,148,,,,,,,,,,,,,,,,,,
5/4/2024 16:30,0,147,,,,,,,,,,,,,,,,,,
5/4/2024 16:15,0,146,,,,,,,,,,,,,,,,,,
5/4/2024 16:00,0,145,,,,,,,,,,,,,,,,,,
5/4/2024 15:45,0,144,,,,,,,,,,,,,,,,,,
5/4/2024 15:30,0,143,,,,,,,,,,,,,,,,,,
5/4/2024 15:15,0,143,,,,,,,,,,,,,,,,,,
5/4/2024 15:00,0,142,,,,,,,,,,,,,,,,,,
5/4/2024 14:45,0,142,,,,,,,,,,,,,,,,,,
5/4/2024 14:30,0,142,,,,,,,,,,,,,,,,,,
5/4/2024 14:15,0,142,,,,,,,,,,,,,,,,,,
5/4/2024 14:00,0,141,,,,,,,,,,,,,,,,,,
5/4/2024 13:45,0,141,,,,,,,,,,,,,,,,,,
5/4/2024 13:30,0,141,,,,,,,,,,,,,,,,,,
5/4/2024 13:15,0,141,,,,,,,,,,,,,,,,,,
5/4/2024 13:00,0,141,,,,,,,,,,,,,,,,,,
5/4/2024 12:45,0,141,,,,,,,,,,,,,,,,,,
5/4/2024 12:30,0,141,,,,,,,,,,,,,,,,,,
5/4/2024 12:15,0,141,,,,,,,,,,,,,,,,,,
5/4/2024 12:00,0,142,,,,,,,,,,,,,,,,,,
5/4/2024 11:45,0,142,,,,,,,,,,,,,,,,,,
5/4/2024 11:30,0,142,,,,,,,,,,,,,,,,,,
5/4/2024 11:15,0,142,,,,,,,,,,,,,,,,,,
5/4/2024 11:00,0,143,,,,,,,,,,,,,,,,,,
5/4/2024 10:45,0,143,,,,,,,,,,,,,,,,,,
5/4/2024 10:30,0,143,,,,,,,,,,,,,,,,,,
5/4/2024 10:15,0,144,,,,,,,,,,,,,,,,,,
5/4/2024 10:00,0,144,,,,,,,,,,,,,,,,,,
5/4/2024 9:45,0,145,,,,,,,,,,,,,,,,,,
5/4/2024 9:30,0,145,,,,,,,,,,,,,,,,,,
5/4/2024 9:15,0,145,,,,,,,,,,,,,,,,,,
5/4/2024 9:00,0.2,146,,,,,,,,,,,,,,,,,,
5/4/2024 8:45,0,146,,,,,,,,,,,,,,,,,,
5/4/2024 8:30,0,147,,,,,,,,,,,,,,,,,,
5/4/2024 8:15,0,147,,,,,,,,,,,,,,,,,,
5/4/2024 8:00,0,148,,,,,,,,,,,,,,,,,,
5/4/2024 7:45,0,148,,,,,,,,,,,,,,,,,,
5/4/2024 7:30,0,149,,,,,,,,,,,,,,,,,,
5/4/2024 7:15,0,149,,,,,,,,,,,,,,,,,,
5/4/2024 7:00,0,150,,,,,,,,,,,,,,,,,,
5/4/2024 6:45,0,151,,,,,,,,,,,,,,,,,,
5/4/2024 6:30,0,151,,,,,,,,,,,,,,,,,,
5/4/2024 6:15,0,152,,,,,,,,,,,,,,,,,,
5/4/2024 6:00,0,152,,,,,,,,,,,,,,,,,,
5/4/2024 5:45,0,153,,,,,,,,,,,,,,,,,,
5/4/2024 5:30,0,153,,,,,,,,,,,,,,,,,,
5/4/2024 5:15,0,154,,,,,,,,,,,,,,,,,,
5/4/2024 5:00,0,154,,,,,,,,,,,,,,,,,,
5/4/2024 4:45,0,155,,,,,,,,,,,,,,,,,,
5/4/2024 4:30,0,155,,,,,,,,,,,,,,,,,,
5/4/2024 4:15,0,156,,,,,,,,,,,,,,,,,,
5/4/2024 4:00,0,156,,,,,,,,,,,,,,,,,,
5/4/2024 3:45,0,157,,,,,,,,,,,,,,,,,,
5/4/2024 3:30,0,158,,,,,,,,,,,,,,,,,,
5/4/2024 3:15,0,158,,,,,,,,,,,,,,,,,,
5/4/2024 3:00,0,158,,,,,,,,,,,,,,,,,,
5/4/2024 2:45,0,159,,,,,,,,,,,,,,,,,,
5/4/2024 2:30,0,159,,,,,,,,,,,,,,,,,,
5/4/2024 2:15,0,159,,,,,,,,,,,,,,,,,,
5/4/2024 2:00,0,159,,,,,,,,,,,,,,,,,,
5/4/2024 1:45,0,159,,,,,,,,,,,,,,,,,,
5/4/2024 1:30,0,158,,,,,,,,,,,,,,,,,,
5/4/2024 1:15,0,158,,,,,,,,,,,,,,,,,,
5/4/2024 1:00,0,158,,,,,,,,,,,,,,,,,,
5/4/2024 0:45,0,158,,,,,,,,,,,,,,,,,,
5/4/2024 0:30,0,158,,,,,,,,,,,,,,,,,,
5/4/2024 0:15,0,158,,,,,,,,,,,,,,,,,,
5/4/2024 0:00,0,158,,,,,,,,,,,,,,,,,,
4/4/2024 23:45,0,158,,,,,,,,,,,,,,,,,,
4/4/2024 23:30,0,158,,,,,,,,,,,,,,,,,,
4/4/2024 23:15,0,158,,,,,,,,,,,,,,,,,,
4/4/2024 23:00,0,158,,,,,,,,,,,,,,,,,,
4/4/2024 22:45,0,158,,,,,,,,,,,,,,,,,,
4/4/2024 22:30,0,158,,,,,,,,,,,,,,,,,,
4/4/2024 22:15,0,156,,,,,,,,,,,,,,,,,,
4/4/2024 22:00,0,155,,,,,,,,,,,,,,,,,,
4/4/2024 21:45,0,153,,,,,,,,,,,,,,,,,,
4/4/2024 21:30,0,150,,,,,,,,,,,,,,,,,,
4/4/2024 21:15,0,148,,,,,,,,,,,,,,,,,,
4/4/2024 21:00,0,146,,,,,,,,,,,,,,,,,,
4/4/2024 20:45,0,143,,,,,,,,,,,,,,,,,,
4/4/2024 20:30,0,143,,,,,,,,,,,,,,,,,,
4/4/2024 20:15,0,139,,,,,,,,,,,,,,,,,,
4/4/2024 20:00,0,136,,,,,,,,,,,,,,,,,,
4/4/2024 19:45,0,134,,,,,,,,,,,,,,,,,,
4/4/2024 19:30,0,131,,,,,,,,,,,,,,,,,,
4/4/2024 19:15,0,131,,,,,,,,,,,,,,,,,,
4/4/2024 19:00,0,130,,,,,,,,,,,,,,,,,,
4/4/2024 18:45,0,131,,,,,,,,,,,,,,,,,,
4/4/2024 18:30,0,131,,,,,,,,,,,,,,,,,,
4/4/2024 18:15,0,131,,,,,,,,,,,,,,,,,,
4/4/2024 18:00,0,132,,,,,,,,,,,,,,,,,,
4/4/2024 17:45,0,132,,,,,,,,,,,,,,,,,,
4/4/2024 17:30,0,132,,,,,,,,,,,,,,,,,,
4/4/2024 17:15,0,132,,,,,,,,,,,,,,,,,,
4/4/2024 17:00,0,133,,,,,,,,,,,,,,,,,,
4/4/2024 16:45,0,133,,,,,,,,,,,,,,,,,,
4/4/2024 16:30,0,133,,,,,,,,,,,,,,,,,,
4/4/2024 16:15,0,134,,,,,,,,,,,,,,,,,,
4/4/2024 16:00,0,135,,,,,,,,,,,,,,,,,,
4/4/2024 15:45,0,136,,,,,,,,,,,,,,,,,,
4/4/2024 15:30,0,137,,,,,,,,,,,,,,,,,,
4/4/2024 15:15,0,138,,,,,,,,,,,,,,,,,,
4/4/2024 15:00,0,139,,,,,,,,,,,,,,,,,,
4/4/2024 14:45,0,141,,,,,,,,,,,,,,,,,,
4/4/2024 14:30,0,142,,,,,,,,,,,,,,,,,,
4/4/2024 14:15,0,143,,,,,,,,,,,,,,,,,,
4/4/2024 14:00,0,145,,,,,,,,,,,,,,,,,,
4/4/2024 13:45,0,146,,,,,,,,,,,,,,,,,,
4/4/2024 13:30,0,147,,,,,,,,,,,,,,,,,,
4/4/2024 13:15,0,149,,,,,,,,,,,,,,,,,,
4/4/2024 13:00,0,151,,,,,,,,,,,,,,,,,,
4/4/2024 12:45,0,152,,,,,,,,,,,,,,,,,,
4/4/2024 12:30,0,154,,,,,,,,,,,,,,,,,,
4/4/2024 12:15,0.2,156,,,,,,,,,,,,,,,,,,
4/4/2024 12:00,0,158,,,,,,,,,,,,,,,,,,
4/4/2024 11:45,0,160,,,,,,,,,,,,,,,,,,
4/4/2024 11:30,0,162,,,,,,,,,,,,,,,,,,
4/4/2024 11:15,0,164,,,,,,,,,,,,,,,,,,
4/4/2024 11:00,0,166,,,,,,,,,,,,,,,,,,
4/4/2024 10:45,0,168,,,,,,,,,,,,,,,,,,
4/4/2024 10:30,0,171,,,,,,,,,,,,,,,,,,
4/4/2024 10:15,0,173,,,,,,,,,,,,,,,,,,
4/4/2024 10:00,0,176,,,,,,,,,,,,,,,,,,
4/4/2024 9:45,0,178,,,,,,,,,,,,,,,,,,
4/4/2024 9:30,0,183,,,,,,,,,,,,,,,,,,
4/4/2024 9:15,0,183,,,,,,,,,,,,,,,,,,
4/4/2024 9:00,0,183,,,,,,,,,,,,,,,,,,
4/4/2024 8:45,0,183,,,,,,,,,,,,,,,,,,
4/4/2024 8:30,0,183,,,,,,,,,,,,,,,,,,
4/4/2024 8:15,0,183,,,,,,,,,,,,,,,,,,
4/4/2024 8:00,0,183,,,,,,,,,,,,,,,,,,
4/4/2024 7:45,0,183,,,,,,,,,,,,,,,,,,
4/4/2024 7:30,0,184,,,,,,,,,,,,,,,,,,
4/4/2024 7:15,0,183,,,,,,,,,,,,,,,,,,
4/4/2024 7:00,0,184,,,,,,,,,,,,,,,,,,
4/4/2024 6:45,0,184,,,,,,,,,,,,,,,,,,
4/4/2024 6:30,0,184,,,,,,,,,,,,,,,,,,
4/4/2024 6:15,0,185,,,,,,,,,,,,,,,,,,
4/4/2024 6:00,0,185,,,,,,,,,,,,,,,,,,
4/4/2024 5:45,0,186,,,,,,,,,,,,,,,,,,
4/4/2024 5:30,0,186,,,,,,,,,,,,,,,,,,
4/4/2024 5:15,0,186,,,,,,,,,,,,,,,,,,
4/4/2024 5:00,0,187,,,,,,,,,,,,,,,,,,
4/4/2024 4:45,0,187,,,,,,,,,,,,,,,,,,
4/4/2024 4:30,0,188,,,,,,,,,,,,,,,,,,
4/4/2024 4:15,0,188,,,,,,,,,,,,,,,,,,
4/4/2024 4:00,0,189,,,,,,,,,,,,,,,,,,
4/4/2024 3:45,0,190,,,,,,,,,,,,,,,,,,
4/4/2024 3:30,0,190,,,,,,,,,,,,,,,,,,
4/4/2024 3:15,0,191,,,,,,,,,,,,,,,,,,
4/4/2024 3:00,0,191,,,,,,,,,,,,,,,,,,
4/4/2024 2:45,0,192,,,,,,,,,,,,,,,,,,
4/4/2024 2:30,0,192,,,,,,,,,,,,,,,,,,
4/4/2024 2:15,0,193,,,,,,,,,,,,,,,,,,
4/4/2024 2:00,0,193,,,,,,,,,,,,,,,,,,
4/4/2024 1:45,0,194,,,,,,,,,,,,,,,,,,
4/4/2024 1:30,0,194,,,,,,,,,,,,,,,,,,
4/4/2024 1:15,0,195,,,,,,,,,,,,,,,,,,
4/4/2024 1:00,0,195,,,,,,,,,,,,,,,,,,
4/4/2024 0:45,0,196,,,,,,,,,,,,,,,,,,
4/4/2024 0:30,0,196,,,,,,,,,,,,,,,,,,
4/4/2024 0:15,0,197,,,,,,,,,,,,,,,,,,
4/4/2024 0:00,0,197,,,,,,,,,,,,,,,,,,
3/4/2024 23:45,0,198,,,,,,,,,,,,,,,,,,
3/4/2024 23:30,0,199,,,,,,,,,,,,,,,,,,
3/4/2024 23:15,0,198,,,,,,,,,,,,,,,,,,
3/4/2024 23:00,0,199,,,,,,,,,,,,,,,,,,
3/4/2024 22:45,0,199,,,,,,,,,,,,,,,,,,
3/4/2024 22:30,0,198,,,,,,,,,,,,,,,,,,
3/4/2024 22:15,0,198,,,,,,,,,,,,,,,,,,
3/4/2024 22:00,0,198,,,,,,,,,,,,,,,,,,
3/4/2024 21:45,0,198,,,,,,,,,,,,,,,,,,
3/4/2024 21:30,0,197,,,,,,,,,,,,,,,,,,
3/4/2024 21:15,0,197,,,,,,,,,,,,,,,,,,
3/4/2024 21:00,0,197,,,,,,,,,,,,,,,,,,
3/4/2024 20:45,0,196,,,,,,,,,,,,,,,,,,
3/4/2024 20:30,0,196,,,,,,,,,,,,,,,,,,
3/4/2024 20:15,0,195,,,,,,,,,,,,,,,,,,
3/4/2024 20:00,0,195,,,,,,,,,,,,,,,,,,
3/4/2024 19:45,0,194,,,,,,,,,,,,,,,,,,
3/4/2024 19:30,0,194,,,,,,,,,,,,,,,,,,
3/4/2024 19:15,0,193,,,,,,,,,,,,,,,,,,
3/4/2024 19:00,0,193,,,,,,,,,,,,,,,,,,
3/4/2024 18:45,0,193,,,,,,,,,,,,,,,,,,
3/4/2024 18:30,0,192,,,,,,,,,,,,,,,,,,
3/4/2024 18:15,0,192,,,,,,,,,,,,,,,,,,
3/4/2024 18:00,0,191,,,,,,,,,,,,,,,,,,
3/4/2024 17:45,0,191,,,,,,,,,,,,,,,,,,
3/4/2024 17:30,0,190,,,,,,,,,,,,,,,,,,
3/4/2024 17:15,0,190,,,,,,,,,,,,,,,,,,
3/4/2024 17:00,0,189,,,,,,,,,,,,,,,,,,
3/4/2024 16:45,0,189,,,,,,,,,,,,,,,,,,
3/4/2024 16:30,0,188,,,,,,,,,,,,,,,,,,
3/4/2024 16:15,0,188,,,,,,,,,,,,,,,,,,
3/4/2024 16:00,0,187,,,,,,,,,,,,,,,,,,
3/4/2024 15:45,0,187,,,,,,,,,,,,,,,,,,
3/4/2024 15:30,0,187,,,,,,,,,,,,,,,,,,
3/4/2024 15:15,0,187,,,,,,,,,,,,,,,,,,
3/4/2024 15:00,0,187,,,,,,,,,,,,,,,,,,
3/4/2024 14:45,0,186,,,,,,,,,,,,,,,,,,
3/4/2024 14:30,0,186,,,,,,,,,,,,,,,,,,
3/4/2024 14:15,0,186,,,,,,,,,,,,,,,,,,
3/4/2024 14:00,0,186,,,,,,,,,,,,,,,,,,
3/4/2024 13:45,0,185,,,,,,,,,,,,,,,,,,
3/4/2024 13:30,0,185,,,,,,,,,,,,,,,,,,
3/4/2024 13:15,0,185,,,,,,,,,,,,,,,,,,
3/4/2024 13:00,0,185,,,,,,,,,,,,,,,,,,
3/4/2024 12:45,0,184,,,,,,,,,,,,,,,,,,
3/4/2024 12:30,0,184,,,,,,,,,,,,,,,,,,
3/4/2024 12:15,0,183,,,,,,,,,,,,,,,,,,
3/4/2024 12:00,0,183,,,,,,,,,,,,,,,,,,
3/4/2024 11:45,0,182,,,,,,,,,,,,,,,,,,
3/4/2024 11:30,0,182,,,,,,,,,,,,,,,,,,
3/4/2024 11:15,0,181,,,,,,,,,,,,,,,,,,
3/4/2024 11:00,0,181,,,,,,,,,,,,,,,,,,
3/4/2024 10:45,0,180,,,,,,,,,,,,,,,,,,
3/4/2024 10:30,0,179,,,,,,,,,,,,,,,,,,
3/4/2024 10:15,0,177,,,,,,,,,,,,,,,,,,
3/4/2024 10:00,0,177,,,,,,,,,,,,,,,,,,
3/4/2024 9:45,0,177,,,,,,,,,,,,,,,,,,
3/4/2024 9:30,0,178,,,,,,,,,,,,,,,,,,
3/4/2024 9:15,0,178,,,,,,,,,,,,,,,,,,
3/4/2024 9:00,0,178,,,,,,,,,,,,,,,,,,
3/4/2024 8:45,0,179,,,,,,,,,,,,,,,,,,
3/4/2024 8:30,0,179,,,,,,,,,,,,,,,,,,
3/4/2024 8:15,0,179,,,,,,,,,,,,,,,,,,
3/4/2024 8:00,0,180,,,,,,,,,,,,,,,,,,
3/4/2024 7:45,0,180,,,,,,,,,,,,,,,,,,
3/4/2024 7:30,0,180,,,,,,,,,,,,,,,,,,
3/4/2024 7:15,0,181,,,,,,,,,,,,,,,,,,
3/4/2024 7:00,0,181,,,,,,,,,,,,,,,,,,
3/4/2024 6:45,0,181,,,,,,,,,,,,,,,,,,
3/4/2024 6:30,0,182,,,,,,,,,,,,,,,,,,
3/4/2024 6:15,0,182,,,,,,,,,,,,,,,,,,
3/4/2024 6:00,0,183,,,,,,,,,,,,,,,,,,
3/4/2024 5:45,0,183,,,,,,,,,,,,,,,,,,
3/4/2024 5:30,0,183,,,,,,,,,,,,,,,,,,
3/4/2024 5:15,0,184,,,,,,,,,,,,,,,,,,
3/4/2024 5:00,0,184,,,,,,,,,,,,,,,,,,
3/4/2024 4:45,0,185,,,,,,,,,,,,,,,,,,
3/4/2024 4:30,0,185,,,,,,,,,,,,,,,,,,
3/4/2024 4:15,0,185,,,,,,,,,,,,,,,,,,
3/4/2024 4:00,0,186,,,,,,,,,,,,,,,,,,
3/4/2024 3:45,0,186,,,,,,,,,,,,,,,,,,
3/4/2024 3:30,0,187,,,,,,,,,,,,,,,,,,
3/4/2024 3:15,0,187,,,,,,,,,,,,,,,,,,
3/4/2024 3:00,0,187,,,,,,,,,,,,,,,,,,
3/4/2024 2:45,0,188,,,,,,,,,,,,,,,,,,
3/4/2024 2:30,0,188,,,,,,,,,,,,,,,,,,
3/4/2024 2:15,0,189,,,,,,,,,,,,,,,,,,
3/4/2024 2:00,0,190,,,,,,,,,,,,,,,,,,
3/4/2024 1:45,0,190,,,,,,,,,,,,,,,,,,
3/4/2024 1:30,0,191,,,,,,,,,,,,,,,,,,
3/4/2024 1:15,0,192,,,,,,,,,,,,,,,,,,
3/4/2024 1:00,0,193,,,,,,,,,,,,,,,,,,
3/4/2024 0:45,0,193,,,,,,,,,,,,,,,,,,
3/4/2024 0:30,0,194,,,,,,,,,,,,,,,,,,
3/4/2024 0:15,0,195,,,,,,,,,,,,,,,,,,
3/4/2024 0:00,0,195,,,,,,,,,,,,,,,,,,
2/4/2024 23:45,0,196,,,,,,,,,,,,,,,,,,
2/4/2024 23:30,0,197,,,,,,,,,,,,,,,,,,
2/4/2024 23:15,0,198,,,,,,,,,,,,,,,,,,
2/4/2024 23:00,0,199,,,,,,,,,,,,,,,,,,
2/4/2024 22:45,0,200,,,,,,,,,,,,,,,,,,
2/4/2024 22:30,0,201,,,,,,,,,,,,,,,,,,
2/4/2024 22:15,0,202,,,,,,,,,,,,,,,,,,
2/4/2024 22:00,0,204,,,,,,,,,,,,,,,,,,
2/4/2024 21:45,0,205,,,,,,,,,,,,,,,,,,
2/4/2024 21:30,0,208,,,,,,,,,,,,,,,,,,
2/4/2024 21:15,0,209,,,,,,,,,,,,,,,,,,
2/4/2024 21:00,0,211,,,,,,,,,,,,,,,,,,
2/4/2024 20:45,0,213,,,,,,,,,,,,,,,,,,
2/4/2024 20:30,0,213,,,,,,,,,,,,,,,,,,
2/4/2024 20:15,0,215,,,,,,,,,,,,,,,,,,
2/4/2024 20:00,0,217,,,,,,,,,,,,,,,,,,
2/4/2024 19:45,0,219,,,,,,,,,,,,,,,,,,
2/4/2024 19:30,0,221,,,,,,,,,,,,,,,,,,
2/4/2024 19:15,0,224,,,,,,,,,,,,,,,,,,
2/4/2024 19:00,0,227,,,,,,,,,,,,,,,,,,
2/4/2024 18:45,0,231,,,,,,,,,,,,,,,,,,
2/4/2024 18:30,0,235,,,,,,,,,,,,,,,,,,
2/4/2024 18:15,0,235,,,,,,,,,,,,,,,,,,
2/4/2024 18:00,0,235,,,,,,,,,,,,,,,,,,
2/4/2024 17:45,0,236,,,,,,,,,,,,,,,,,,
2/4/2024 17:30,0,236,,,,,,,,,,,,,,,,,,
2/4/2024 17:15,0,233,,,,,,,,,,,,,,,,,,
2/4/2024 17:00,0,230,,,,,,,,,,,,,,,,,,
2/4/2024 16:45,0,226,,,,,,,,,,,,,,,,,,
2/4/2024 16:30,0,222,,,,,,,,,,,,,,,,,,
2/4/2024 16:15,0,218,,,,,,,,,,,,,,,,,,
2/4/2024 16:00,0,214,,,,,,,,,,,,,,,,,,
2/4/2024 15:45,0,209,,,,,,,,,,,,,,,,,,
2/4/2024 15:30,0,203,,,,,,,,,,,,,,,,,,
2/4/2024 15:15,0,197,,,,,,,,,,,,,,,,,,
2/4/2024 15:00,0,192,,,,,,,,,,,,,,,,,,
2/4/2024 14:45,0,189,,,,,,,,,,,,,,,,,,
2/4/2024 14:30,0,185,,,,,,,,,,,,,,,,,,
2/4/2024 14:15,0,181,,,,,,,,,,,,,,,,,,
2/4/2024 14:00,0,180,,,,,,,,,,,,,,,,,,
2/4/2024 13:45,0,179,,,,,,,,,,,,,,,,,,
2/4/2024 13:30,0,178,,,,,,,,,,,,,,,,,,
2/4/2024 13:15,0,177,,,,,,,,,,,,,,,,,,
2/4/2024 13:00,0,177,,,,,,,,,,,,,,,,,,
2/4/2024 12:45,0,178,,,,,,,,,,,,,,,,,,
2/4/2024 12:30,0,179,,,,,,,,,,,,,,,,,,
2/4/2024 12:15,0,181,,,,,,,,,,,,,,,,,,
2/4/2024 12:00,0,182,,,,,,,,,,,,,,,,,,
2/4/2024 11:45,0,184,,,,,,,,,,,,,,,,,,
2/4/2024 11:30,0,186,,,,,,,,,,,,,,,,,,
2/4/2024 11:15,0,188,,,,,,,,,,,,,,,,,,
2/4/2024 11:00,0,190,,,,,,,,,,,,,,,,,,
2/4/2024 10:45,0,192,,,,,,,,,,,,,,,,,,
2/4/2024 10:30,0,195,,,,,,,,,,,,,,,,,,
2/4/2024 10:15,0,196,,,,,,,,,,,,,,,,,,
2/4/2024 10:00,0,198,,,,,,,,,,,,,,,,,,
2/4/2024 9:45,0,199,,,,,,,,,,,,,,,,,,
2/4/2024 9:30,0,201,,,,,,,,,,,,,,,,,,
2/4/2024 9:15,0,201,,,,,,,,,,,,,,,,,,
2/4/2024 9:00,0,201,,,,,,,,,,,,,,,,,,
2/4/2024 8:45,0,199,,,,,,,,,,,,,,,,,,
2/4/2024 8:30,0,196,,,,,,,,,,,,,,,,,,
2/4/2024 8:15,0,192,,,,,,,,,,,,,,,,,,
2/4/2024 8:00,0,188,,,,,,,,,,,,,,,,,,
2/4/2024 7:45,0,184,,,,,,,,,,,,,,,,,,
2/4/2024 7:30,0,180,,,,,,,,,,,,,,,,,,
2/4/2024 7:15,0,175,,,,,,,,,,,,,,,,,,
2/4/2024 7:00,0,170,,,,,,,,,,,,,,,,,,
2/4/2024 6:45,0,168,,,,,,,,,,,,,,,,,,
2/4/2024 6:30,0,166,,,,,,,,,,,,,,,,,,
2/4/2024 6:15,0,164,,,,,,,,,,,,,,,,,,
2/4/2024 6:00,0,162,,,,,,,,,,,,,,,,,,
2/4/2024 5:45,0,160,,,,,,,,,,,,,,,,,,
2/4/2024 5:30,0,157,,,,,,,,,,,,,,,,,,
2/4/2024 5:15,0,156,,,,,,,,,,,,,,,,,,
2/4/2024 5:00,0,156,,,,,,,,,,,,,,,,,,
2/4/2024 4:45,0,157,,,,,,,,,,,,,,,,,,
2/4/2024 4:30,0,158,,,,,,,,,,,,,,,,,,
2/4/2024 4:15,0,159,,,,,,,,,,,,,,,,,,
2/4/2024 4:00,0,159,,,,,,,,,,,,,,,,,,
2/4/2024 3:45,0,160,,,,,,,,,,,,,,,,,,
2/4/2024 3:30,0,162,,,,,,,,,,,,,,,,,,
2/4/2024 3:15,0,163,,,,,,,,,,,,,,,,,,
2/4/2024 3:00,0,165,,,,,,,,,,,,,,,,,,
2/4/2024 2:45,0,166,,,,,,,,,,,,,,,,,,
2/4/2024 2:30,0,168,,,,,,,,,,,,,,,,,,
2/4/2024 2:15,0,170,,,,,,,,,,,,,,,,,,
2/4/2024 2:00,0,172,,,,,,,,,,,,,,,,,,
2/4/2024 1:45,0,173,,,,,,,,,,,,,,,,,,
2/4/2024 1:30,0,173,,,,,,,,,,,,,,,,,,
2/4/2024 1:15,0,173,,,,,,,,,,,,,,,,,,
2/4/2024 1:00,0,173,,,,,,,,,,,,,,,,,,
2/4/2024 0:45,0,173,,,,,,,,,,,,,,,,,,
2/4/2024 0:30,0,173,,,,,,,,,,,,,,,,,,
2/4/2024 0:15,0,172,,,,,,,,,,,,,,,,,,
2/4/2024 0:00,0,171,,,,,,,,,,,,,,,,,,
1/4/2024 23:45,0,171,,,,,,,,,,,,,,,,,,
1/4/2024 23:30,0,170,,,,,,,,,,,,,,,,,,
1/4/2024 23:15,0,169,,,,,,,,,,,,,,,,,,
1/4/2024 23:00,0,167,,,,,,,,,,,,,,,,,,
1/4/2024 22:45,0,165,,,,,,,,,,,,,,,,,,
1/4/2024 22:30,0,163,,,,,,,,,,,,,,,,,,
1/4/2024 22:15,0,161,,,,,,,,,,,,,,,,,,
1/4/2024 22:00,0,158,,,,,,,,,,,,,,,,,,
1/4/2024 21:45,0,155,,,,,,,,,,,,,,,,,,
1/4/2024 21:30,0,152,,,,,,,,,,,,,,,,,,
1/4/2024 21:15,0,149,,,,,,,,,,,,,,,,,,
1/4/2024 21:00,0,145,,,,,,,,,,,,,,,,,,
1/4/2024 20:45,0,145,,,,,,,,,,,,,,,,,,
1/4/2024 20:30,0,146,,,,,,,,,,,,,,,,,,
1/4/2024 20:15,0,146,,,,,,,,,,,,,,,,,,
1/4/2024 20:00,0,146,,,,,,,,,,,,,,,,,,
1/4/2024 19:45,0,146,,,,,,,,,,,,,,,,,,
1/4/2024 19:30,0,146,,,,,,,,,,,,,,,,,,
1/4/2024 19:15,0,147,,,,,,,,,,,,,,,,,,
1/4/2024 19:00,0,147,,,,,,,,,,,,,,,,,,
1/4/2024 18:45,0,146,,,,,,,,,,,,,,,,,,
1/4/2024 18:30,0,147,,,,,,,,,,,,,,,,,,
1/4/2024 18:15,0.2,147,,,,,,,,,,,,,,,,,,
1/4/2024 18:00,0,147,,,,,,,,,,,,,,,,,,
1/4/2024 17:45,0,147,,,,,,,,,,,,,,,,,,
1/4/2024 17:30,0,148,,,,,,,,,,,,,,,,,,
1/4/2024 17:15,0,148,,,,,,,,,,,,,,,,,,
1/4/2024 17:00,0,148,,,,,,,,,,,,,,,,,,
1/4/2024 16:45,0,148,,,,,,,,,,,,,,,,,,
1/4/2024 16:30,0,149,,,,,,,,,,,,,,,,,,
1/4/2024 16:15,0,149,,,,,,,,,,,,,,,,,,
1/4/2024 16:00,0,149,,,,,,,,,,,,,,,,,,
1/4/2024 15:45,0,149,,,,,,,,,,,,,,,,,,
1/4/2024 15:30,0,150,,,,,,,,,,,,,,,,,,
1/4/2024 15:15,0,150,,,,,,,,,,,,,,,,,,
1/4/2024 15:00,0,150,,,,,,,,,,,,,,,,,,
1/4/2024 14:45,0,151,,,,,,,,,,,,,,,,,,
1/4/2024 14:30,0,151,,,,,,,,,,,,,,,,,,
1/4/2024 14:15,0,151,,,,,,,,,,,,,,,,,,
1/4/2024 14:00,0,151,,,,,,,,,,,,,,,,,,
1/4/2024 13:45,0,152,,,,,,,,,,,,,,,,,,
1/4/2024 13:30,0,152,,,,,,,,,,,,,,,,,,
1/4/2024 13:15,0,153,,,,,,,,,,,,,,,,,,
1/4/2024 13:00,0,153,,,,,,,,,,,,,,,,,,
1/4/2024 12:45,0,154,,,,,,,,,,,,,,,,,,
1/4/2024 12:30,0,154,,,,,,,,,,,,,,,,,,
1/4/2024 12:15,0,154,,,,,,,,,,,,,,,,,,
1/4/2024 12:00,0,154,,,,,,,,,,,,,,,,,,
1/4/2024 11:45,0,154,,,,,,,,,,,,,,,,,,
1/4/2024 11:30,0,155,,,,,,,,,,,,,,,,,,
1/4/2024 11:15,0,155,,,,,,,,,,,,,,,,,,
1/4/2024 11:00,0,156,,,,,,,,,,,,,,,,,,
1/4/2024 10:45,0,157,,,,,,,,,,,,,,,,,,
1/4/2024 10:30,0,157,,,,,,,,,,,,,,,,,,
1/4/2024 10:15,0,158,,,,,,,,,,,,,,,,,,
1/4/2024 10:00,0,158,,,,,,,,,,,,,,,,,,
1/4/2024 9:45,0,158,,,,,,,,,,,,,,,,,,
1/4/2024 9:30,0,159,,,,,,,,,,,,,,,,,,
1/4/2024 9:15,0,159,,,,,,,,,,,,,,,,,,
1/4/2024 9:00,0,160,,,,,,,,,,,,,,,,,,
1/4/2024 8:45,0,161,,,,,,,,,,,,,,,,,,
1/4/2024 8:30,0,161,,,,,,,,,,,,,,,,,,
1/4/2024 8:15,0,162,,,,,,,,,,,,,,,,,,
1/4/2024 8:00,0,163,,,,,,,,,,,,,,,,,,
1/4/2024 7:45,0,164,,,,,,,,,,,,,,,,,,
1/4/2024 7:30,0,165,,,,,,,,,,,,,,,,,,
1/4/2024 7:15,0,166,,,,,,,,,,,,,,,,,,
1/4/2024 7:00,0,167,,,,,,,,,,,,,,,,,,
1/4/2024 6:45,0,169,,,,,,,,,,,,,,,,,,
1/4/2024 6:30,0,170,,,,,,,,,,,,,,,,,,
1/4/2024 6:15,0,171,,,,,,,,,,,,,,,,,,
1/4/2024 6:00,0,173,,,,,,,,,,,,,,,,,,
1/4/2024 5:45,0,174,,,,,,,,,,,,,,,,,,
1/4/2024 5:30,0,175,,,,,,,,,,,,,,,,,,
1/4/2024 5:15,0,177,,,,,,,,,,,,,,,,,,
1/4/2024 5:00,0,179,,,,,,,,,,,,,,,,,,
1/4/2024 4:45,0,180,,,,,,,,,,,,,,,,,,
1/4/2024 4:30,0,182,,,,,,,,,,,,,,,,,,
1/4/2024 4:15,0,184,,,,,,,,,,,,,,,,,,
1/4/2024 4:00,0,186,,,,,,,,,,,,,,,,,,
1/4/2024 3:45,0,189,,,,,,,,,,,,,,,,,,
1/4/2024 3:30,0,190,,,,,,,,,,,,,,,,,,
1/4/2024 3:15,0,191,,,,,,,,,,,,,,,,,,
1/4/2024 3:00,0,191,,,,,,,,,,,,,,,,,,
1/4/2024 2:45,0,191,,,,,,,,,,,,,,,,,,
1/4/2024 2:30,0,191,,,,,,,,,,,,,,,,,,
1/4/2024 2:15,0,191,,,,,,,,,,,,,,,,,,
1/4/2024 2:00,0,191,,,,,,,,,,,,,,,,,,
1/4/2024 1:45,0,191,,,,,,,,,,,,,,,,,,
1/4/2024 1:30,0,191,,,,,,,,,,,,,,,,,,
1/4/2024 1:15,0,191,,,,,,,,,,,,,,,,,,
1/4/2024 1:00,0,191,,,,,,,,,,,,,,,,,,
1/4/2024 0:45,0,191,,,,,,,,,,,,,,,,,,
1/4/2024 0:30,0,191,,,,,,,,,,,,,,,,,,
1/4/2024 0:15,0,191,,,,,,,,,,,,,,,,,,
1/4/2024 0:00,0,190,,,,,,,,,,,,,,,,,,
31/03/2024 23:45:00,0,190,,,,,,,,,,,,,,,,,,
31/03/2024 23:30:00,0,190,,,,,,,,,,,,,,,,,,
31/03/2024 23:15:00,0,190,,,,,,,,,,,,,,,,,,
31/03/2024 23:00:00,0,189,,,,,,,,,,,,,,,,,,
31/03/2024 22:45:00,0,189,,,,,,,,,,,,,,,,,,
31/03/2024 22:30:00,0,188,,,,,,,,,,,,,,,,,,
31/03/2024 22:15:00,0,188,,,,,,,,,,,,,,,,,,
31/03/2024 22:00:00,0,187,,,,,,,,,,,,,,,,,,
31/03/2024 21:45:00,0,186,,,,,,,,,,,,,,,,,,
31/03/2024 21:30:00,0,185,,,,,,,,,,,,,,,,,,
31/03/2024 21:15:00,0,185,,,,,,,,,,,,,,,,,,
31/03/2024 21:00:00,0,185,,,,,,,,,,,,,,,,,,
31/03/2024 20:45:00,0,183,,,,,,,,,,,,,,,,,,
31/03/2024 20:30:00,0,183,,,,,,,,,,,,,,,,,,
31/03/2024 20:15:00,0,180,,,,,,,,,,,,,,,,,,
31/03/2024 20:00:00,0,178,,,,,,,,,,,,,,,,,,
31/03/2024 19:45:00,0,175,,,,,,,,,,,,,,,,,,
31/03/2024 19:30:00,0,173,,,,,,,,,,,,,,,,,,
31/03/2024 19:15:00,0,170,,,,,,,,,,,,,,,,,,
31/03/2024 19:00:00,0,167,,,,,,,,,,,,,,,,,,
31/03/2024 18:45:00,0,164,,,,,,,,,,,,,,,,,,
31/03/2024 18:30:00,0,161,,,,,,,,,,,,,,,,,,
31/03/2024 18:15:00,0,158,,,,,,,,,,,,,,,,,,
31/03/2024 18:00:00,0,155,,,,,,,,,,,,,,,,,,
31/03/2024 17:45:00,0,152,,,,,,,,,,,,,,,,,,
31/03/2024 17:30:00,0,150,,,,,,,,,,,,,,,,,,
31/03/2024 17:15:00,0,149,,,,,,,,,,,,,,,,,,
31/03/2024 17:00:00,0,147,,,,,,,,,,,,,,,,,,
31/03/2024 16:45:00,0,145,,,,,,,,,,,,,,,,,,
31/03/2024 16:30:00,0,146,,,,,,,,,,,,,,,,,,
31/03/2024 16:15:00,0,146,,,,,,,,,,,,,,,,,,
31/03/2024 16:00:00,0,146,,,,,,,,,,,,,,,,,,
31/03/2024 15:45:00,0,146,,,,,,,,,,,,,,,,,,
31/03/2024 15:30:00,0,146,,,,,,,,,,,,,,,,,,
31/03/2024 15:15:00,0,146,,,,,,,,,,,,,,,,,,
31/03/2024 15:00:00,0,147,,,,,,,,,,,,,,,,,,
31/03/2024 14:45:00,0,147,,,,,,,,,,,,,,,,,,
31/03/2024 14:30:00,0,147,,,,,,,,,,,,,,,,,,
31/03/2024 14:15:00,0,148,,,,,,,,,,,,,,,,,,
31/03/2024 14:00:00,0,148,,,,,,,,,,,,,,,,,,
31/03/2024 13:45:00,0,149,,,,,,,,,,,,,,,,,,
31/03/2024 13:30:00,0,149,,,,,,,,,,,,,,,,,,
31/03/2024 13:15:00,0,150,,,,,,,,,,,,,,,,,,
31/03/2024 13:00:00,0,150,,,,,,,,,,,,,,,,,,
31/03/2024 12:45:00,0,151,,,,,,,,,,,,,,,,,,
31/03/2024 12:30:00,0,151,,,,,,,,,,,,,,,,,,
31/03/2024 12:15:00,0,152,,,,,,,,,,,,,,,,,,
31/03/2024 12:00:00,0,153,,,,,,,,,,,,,,,,,,
31/03/2024 11:45:00,0,154,,,,,,,,,,,,,,,,,,
31/03/2024 11:30:00,0,155,,,,,,,,,,,,,,,,,,
31/03/2024 11:15:00,0,155,,,,,,,,,,,,,,,,,,
31/03/2024 11:00:00,0,155,,,,,,,,,,,,,,,,,,
31/03/2024 10:45:00,0,155,,,,,,,,,,,,,,,,,,
31/03/2024 10:30:00,0,155,,,,,,,,,,,,,,,,,,
31/03/2024 10:15:00,0,155,,,,,,,,,,,,,,,,,,
31/03/2024 10:00:00,0,155,,,,,,,,,,,,,,,,,,
31/03/2024 09:45:00,0,155,,,,,,,,,,,,,,,,,,
31/03/2024 09:30:00,0,155,,,,,,,,,,,,,,,,,,
31/03/2024 09:15:00,0,155,,,,,,,,,,,,,,,,,,
31/03/2024 09:00:00,0,154,,,,,,,,,,,,,,,,,,
31/03/2024 08:45:00,0,154,,,,,,,,,,,,,,,,,,
31/03/2024 08:30:00,0,154,,,,,,,,,,,,,,,,,,
31/03/2024 08:15:00,0,154,,,,,,,,,,,,,,,,,,
31/03/2024 08:00:00,0,154,,,,,,,,,,,,,,,,,,
31/03/2024 07:45:00,0,154,,,,,,,,,,,,,,,,,,
31/03/2024 07:30:00,0,153,,,,,,,,,,,,,,,,,,
31/03/2024 07:15:00,0,153,,,,,,,,,,,,,,,,,,
31/03/2024 07:00:00,0,153,,,,,,,,,,,,,,,,,,
31/03/2024 06:45:00,0,152,,,,,,,,,,,,,,,,,,
31/03/2024 06:30:00,0,152,,,,,,,,,,,,,,,,,,
31/03/2024 06:15:00,0,151,,,,,,,,,,,,,,,,,,
31/03/2024 06:00:00,0,151,,,,,,,,,,,,,,,,,,
31/03/2024 05:45:00,0,150,,,,,,,,,,,,,,,,,,
31/03/2024 05:30:00,0,149,,,,,,,,,,,,,,,,,,
31/03/2024 05:15:00,0,149,,,,,,,,,,,,,,,,,,
31/03/2024 05:00:00,0,148,,,,,,,,,,,,,,,,,,
31/03/2024 04:45:00,0,148,,,,,,,,,,,,,,,,,,
31/03/2024 04:30:00,0,148,,,,,,,,,,,,,,,,,,
31/03/2024 04:15:00,0,148,,,,,,,,,,,,,,,,,,
31/03/2024 04:00:00,0,148,,,,,,,,,,,,,,,,,,
31/03/2024 03:45:00,0,148,,,,,,,,,,,,,,,,,,
31/03/2024 03:30:00,0,148,,,,,,,,,,,,,,,,,,
31/03/2024 03:15:00,0,148,,,,,,,,,,,,,,,,,,
31/03/2024 03:00:00,0,148,,,,,,,,,,,,,,,,,,
31/03/2024 02:45:00,0,148,,,,,,,,,,,,,,,,,,
31/03/2024 02:30:00,0,148,,,,,,,,,,,,,,,,,,
31/03/2024 02:15:00,0,148,,,,,,,,,,,,,,,,,,
31/03/2024 02:00:00,0,147,,,,,,,,,,,,,,,,,,
31/03/2024 01:45:00,0,147,,,,,,,,,,,,,,,,,,
31/03/2024 01:30:00,0,147,,,,,,,,,,,,,,,,,,
31/03/2024 01:15:00,0,147,,,,,,,,,,,,,,,,,,
31/03/2024 01:00:00,0,147,,,,,,,,,,,,,,,,,,
31/03/2024 00:45:00,0,147,,,,,,,,,,,,,,,,,,
31/03/2024 00:30:00,0,146,,,,,,,,,,,,,,,,,,
31/03/2024 00:15:00,0,146,,,,,,,,,,,,,,,,,,
31/03/2024 00:00:00,0,146,,,,,,,,,,,,,,,,,,
30/03/2024 23:45:00,0,146,,,,,,,,,,,,,,,,,,
30/03/2024 23:30:00,0,146,,,,,,,,,,,,,,,,,,
30/03/2024 23:15:00,0,145,,,,,,,,,,,,,,,,,,
30/03/2024 23:00:00,0,145,,,,,,,,,,,,,,,,,,
30/03/2024 22:45:00,0,145,,,,,,,,,,,,,,,,,,
30/03/2024 22:30:00,0,145,,,,,,,,,,,,,,,,,,
30/03/2024 22:15:00,0,145,,,,,,,,,,,,,,,,,,
30/03/2024 22:00:00,0,145,,,,,,,,,,,,,,,,,,
30/03/2024 21:45:00,0,145,,,,,,,,,,,,,,,,,,
30/03/2024 21:30:00,0,145,,,,,,,,,,,,,,,,,,
30/03/2024 21:15:00,0,145,,,,,,,,,,,,,,,,,,
30/03/2024 21:00:00,0,145,,,,,,,,,,,,,,,,,,
30/03/2024 20:45:00,0,144,,,,,,,,,,,,,,,,,,
30/03/2024 20:30:00,0,144,,,,,,,,,,,,,,,,,,
30/03/2024 20:15:00,0,144,,,,,,,,,,,,,,,,,,
30/03/2024 20:00:00,0,144,,,,,,,,,,,,,,,,,,
30/03/2024 19:45:00,0,144,,,,,,,,,,,,,,,,,,
30/03/2024 19:30:00,0,144,,,,,,,,,,,,,,,,,,
30/03/2024 19:15:00,0,144,,,,,,,,,,,,,,,,,,
30/03/2024 19:00:00,0,144,,,,,,,,,,,,,,,,,,
30/03/2024 18:45:00,0,143,,,,,,,,,,,,,,,,,,
30/03/2024 18:30:00,0,143,,,,,,,,,,,,,,,,,,
30/03/2024 18:15:00,0,143,,,,,,,,,,,,,,,,,,
30/03/2024 18:00:00,0,143,,,,,,,,,,,,,,,,,,
30/03/2024 17:45:00,0,143,,,,,,,,,,,,,,,,,,
30/03/2024 17:30:00,0,143,,,,,,,,,,,,,,,,,,
30/03/2024 17:15:00,0,143,,,,,,,,,,,,,,,,,,
30/03/2024 17:00:00,0,143,,,,,,,,,,,,,,,,,,
30/03/2024 16:45:00,0,143,,,,,,,,,,,,,,,,,,
30/03/2024 16:30:00,0,142,,,,,,,,,,,,,,,,,,
30/03/2024 16:15:00,0,142,,,,,,,,,,,,,,,,,,
30/03/2024 16:00:00,0,142,,,,,,,,,,,,,,,,,,
30/03/2024 15:45:00,0,142,,,,,,,,,,,,,,,,,,
30/03/2024 15:30:00,0,141,,,,,,,,,,,,,,,,,,
30/03/2024 15:15:00,0,141,,,,,,,,,,,,,,,,,,
30/03/2024 15:00:00,0,141,,,,,,,,,,,,,,,,,,
30/03/2024 14:45:00,0,141,,,,,,,,,,,,,,,,,,
30/03/2024 14:30:00,0,141,,,,,,,,,,,,,,,,,,
30/03/2024 14:15:00,0,141,,,,,,,,,,,,,,,,,,
30/03/2024 14:00:00,0,141,,,,,,,,,,,,,,,,,,
30/03/2024 13:45:00,0,141,,,,,,,,,,,,,,,,,,
30/03/2024 13:30:00,0,141,,,,,,,,,,,,,,,,,,
30/03/2024 13:15:00,0,141,,,,,,,,,,,,,,,,,,
30/03/2024 13:00:00,0,141,,,,,,,,,,,,,,,,,,
30/03/2024 12:45:00,0,141,,,,,,,,,,,,,,,,,,
30/03/2024 12:30:00,0,141,,,,,,,,,,,,,,,,,,
30/03/2024 12:15:00,0,141,,,,,,,,,,,,,,,,,,
30/03/2024 12:00:00,0,142,,,,,,,,,,,,,,,,,,
30/03/2024 11:45:00,0,142,,,,,,,,,,,,,,,,,,
30/03/2024 11:30:00,0,142,,,,,,,,,,,,,,,,,,
30/03/2024 11:15:00,0,143,,,,,,,,,,,,,,,,,,
30/03/2024 11:00:00,0.2,144,,,,,,,,,,,,,,,,,,
30/03/2024 10:45:00,0,144,,,,,,,,,,,,,,,,,,
30/03/2024 10:30:00,0,145,,,,,,,,,,,,,,,,,,
30/03/2024 10:15:00,0,145,,,,,,,,,,,,,,,,,,
30/03/2024 10:00:00,0,146,,,,,,,,,,,,,,,,,,
30/03/2024 09:45:00,0,146,,,,,,,,,,,,,,,,,,
30/03/2024 09:30:00,0,147,,,,,,,,,,,,,,,,,,
30/03/2024 09:15:00,0,147,,,,,,,,,,,,,,,,,,
30/03/2024 09:00:00,0,148,,,,,,,,,,,,,,,,,,
30/03/2024 08:45:00,0,149,,,,,,,,,,,,,,,,,,
30/03/2024 08:30:00,0,150,,,,,,,,,,,,,,,,,,
30/03/2024 08:15:00,0,151,,,,,,,,,,,,,,,,,,
30/03/2024 08:00:00,0,152,,,,,,,,,,,,,,,,,,
30/03/2024 07:45:00,0,153,,,,,,,,,,,,,,,,,,
30/03/2024 07:30:00,0,154,,,,,,,,,,,,,,,,,,
30/03/2024 07:15:00,0,155,,,,,,,,,,,,,,,,,,
30/03/2024 07:00:00,0,157,,,,,,,,,,,,,,,,,,
30/03/2024 06:45:00,0,158,,,,,,,,,,,,,,,,,,
30/03/2024 06:30:00,0,158,,,,,,,,,,,,,,,,,,
30/03/2024 06:15:00,0,159,,,,,,,,,,,,,,,,,,
30/03/2024 06:00:00,0,159,,,,,,,,,,,,,,,,,,
30/03/2024 05:45:00,0,160,,,,,,,,,,,,,,,,,,
30/03/2024 05:30:00,0,161,,,,,,,,,,,,,,,,,,
30/03/2024 05:15:00,0,161,,,,,,,,,,,,,,,,,,
30/03/2024 05:00:00,0,162,,,,,,,,,,,,,,,,,,
30/03/2024 04:45:00,0,163,,,,,,,,,,,,,,,,,,
30/03/2024 04:30:00,0,163,,,,,,,,,,,,,,,,,,
30/03/2024 04:15:00,0,164,,,,,,,,,,,,,,,,,,
30/03/2024 04:00:00,0,165,,,,,,,,,,,,,,,,,,
30/03/2024 03:45:00,0,166,,,,,,,,,,,,,,,,,,
30/03/2024 03:30:00,0,167,,,,,,,,,,,,,,,,,,
30/03/2024 03:15:00,0,168,,,,,,,,,,,,,,,,,,
30/03/2024 03:00:00,0,168,,,,,,,,,,,,,,,,,,
30/03/2024 02:45:00,0,169,,,,,,,,,,,,,,,,,,
30/03/2024 02:30:00,0,170,,,,,,,,,,,,,,,,,,
30/03/2024 02:15:00,0,170,,,,,,,,,,,,,,,,,,
30/03/2024 02:00:00,0,171,,,,,,,,,,,,,,,,,,
30/03/2024 01:45:00,0,172,,,,,,,,,,,,,,,,,,
30/03/2024 01:30:00,0,174,,,,,,,,,,,,,,,,,,
30/03/2024 01:15:00,0,175,,,,,,,,,,,,,,,,,,
30/03/2024 01:00:00,0,176,,,,,,,,,,,,,,,,,,
30/03/2024 00:45:00,0,177,,,,,,,,,,,,,,,,,,
30/03/2024 00:30:00,0,179,,,,,,,,,,,,,,,,,,
30/03/2024 00:15:00,0,180,,,,,,,,,,,,,,,,,,
30/03/2024 00:00:00,0,182,,,,,,,,,,,,,,,,,,
29/03/2024 23:45:00,0,184,,,,,,,,,,,,,,,,,,
29/03/2024 23:30:00,0,186,,,,,,,,,,,,,,,,,,
29/03/2024 23:15:00,0,188,,,,,,,,,,,,,,,,,,
29/03/2024 23:00:00,0,189,,,,,,,,,,,,,,,,,,
29/03/2024 22:45:00,0,191,,,,,,,,,,,,,,,,,,
29/03/2024 22:30:00,0,193,,,,,,,,,,,,,,,,,,
29/03/2024 22:15:00,0,193,,,,,,,,,,,,,,,,,,
29/03/2024 22:00:00,0,193,,,,,,,,,,,,,,,,,,
29/03/2024 21:45:00,0,194,,,,,,,,,,,,,,,,,,
29/03/2024 21:30:00,0,191,,,,,,,,,,,,,,,,,,
29/03/2024 21:15:00,0,189,,,,,,,,,,,,,,,,,,
29/03/2024 21:00:00,0,187,,,,,,,,,,,,,,,,,,
29/03/2024 20:45:00,0,185,,,,,,,,,,,,,,,,,,
29/03/2024 20:30:00,0,185,,,,,,,,,,,,,,,,,,
29/03/2024 20:15:00,0,183,,,,,,,,,,,,,,,,,,
29/03/2024 20:00:00,0,180,,,,,,,,,,,,,,,,,,
29/03/2024 19:45:00,0,178,,,,,,,,,,,,,,,,,,
29/03/2024 19:30:00,0,175,,,,,,,,,,,,,,,,,,
29/03/2024 19:15:00,0,173,,,,,,,,,,,,,,,,,,
29/03/2024 19:00:00,0,169,,,,,,,,,,,,,,,,,,
29/03/2024 18:45:00,0.2,169,,,,,,,,,,,,,,,,,,
29/03/2024 18:30:00,1,168,,,,,,,,,,,,,,,,,,
29/03/2024 18:15:00,0.4,168,,,,,,,,,,,,,,,,,,
29/03/2024 18:00:00,0.8,168,,,,,,,,,,,,,,,,,,
29/03/2024 17:45:00,0.6,168,,,,,,,,,,,,,,,,,,
29/03/2024 17:30:00,0.4,168,,,,,,,,,,,,,,,,,,
29/03/2024 17:15:00,0.2,169,,,,,,,,,,,,,,,,,,
29/03/2024 17:00:00,0.2,169,,,,,,,,,,,,,,,,,,
29/03/2024 16:45:00,0,168,,,,,,,,,,,,,,,,,,
29/03/2024 16:30:00,0,169,,,,,,,,,,,,,,,,,,
29/03/2024 16:15:00,0,169,,,,,,,,,,,,,,,,,,
29/03/2024 16:00:00,0,169,,,,,,,,,,,,,,,,,,
29/03/2024 15:45:00,0,169,,,,,,,,,,,,,,,,,,
29/03/2024 15:30:00,0,169,,,,,,,,,,,,,,,,,,
29/03/2024 15:15:00,0,169,,,,,,,,,,,,,,,,,,
29/03/2024 15:00:00,0,170,,,,,,,,,,,,,,,,,,
29/03/2024 14:45:00,0,170,,,,,,,,,,,,,,,,,,
29/03/2024 14:30:00,0,170,,,,,,,,,,,,,,,,,,
29/03/2024 14:15:00,0,170,,,,,,,,,,,,,,,,,,
29/03/2024 14:00:00,0,170,,,,,,,,,,,,,,,,,,
29/03/2024 13:45:00,0,170,,,,,,,,,,,,,,,,,,
29/03/2024 13:30:00,0,171,,,,,,,,,,,,,,,,,,
29/03/2024 13:15:00,0,171,,,,,,,,,,,,,,,,,,
29/03/2024 13:00:00,0,171,,,,,,,,,,,,,,,,,,
29/03/2024 12:45:00,0,171,,,,,,,,,,,,,,,,,,
29/03/2024 12:30:00,0,171,,,,,,,,,,,,,,,,,,
29/03/2024 12:15:00,0,171,,,,,,,,,,,,,,,,,,
29/03/2024 12:00:00,0,172,,,,,,,,,,,,,,,,,,
29/03/2024 11:45:00,0,172,,,,,,,,,,,,,,,,,,
29/03/2024 11:30:00,0,172,,,,,,,,,,,,,,,,,,
29/03/2024 11:15:00,0,172,,,,,,,,,,,,,,,,,,
29/03/2024 11:00:00,0,172,,,,,,,,,,,,,,,,,,
29/03/2024 10:45:00,0,173,,,,,,,,,,,,,,,,,,
29/03/2024 10:30:00,0,173,,,,,,,,,,,,,,,,,,
29/03/2024 10:15:00,0,173,,,,,,,,,,,,,,,,,,
29/03/2024 10:00:00,0,173,,,,,,,,,,,,,,,,,,
29/03/2024 09:45:00,0,173,,,,,,,,,,,,,,,,,,
29/03/2024 09:30:00,0,173,,,,,,,,,,,,,,,,,,
29/03/2024 09:15:00,0,174,,,,,,,,,,,,,,,,,,
29/03/2024 09:00:00,0,174,,,,,,,,,,,,,,,,,,
29/03/2024 08:45:00,0,174,,,,,,,,,,,,,,,,,,
29/03/2024 08:30:00,0,174,,,,,,,,,,,,,,,,,,
29/03/2024 08:15:00,0,173,,,,,,,,,,,,,,,,,,
29/03/2024 08:00:00,0,173,,,,,,,,,,,,,,,,,,
29/03/2024 07:45:00,0,173,,,,,,,,,,,,,,,,,,
29/03/2024 07:30:00,0,173,,,,,,,,,,,,,,,,,,
29/03/2024 07:15:00,0,173,,,,,,,,,,,,,,,,,,
29/03/2024 07:00:00,0,173,,,,,,,,,,,,,,,,,,
29/03/2024 06:45:00,0,173,,,,,,,,,,,,,,,,,,
29/03/2024 06:30:00,0,172,,,,,,,,,,,,,,,,,,
29/03/2024 06:15:00,0,172,,,,,,,,,,,,,,,,,,
29/03/2024 06:00:00,0,172,,,,,,,,,,,,,,,,,,
29/03/2024 05:45:00,0,172,,,,,,,,,,,,,,,,,,
29/03/2024 05:30:00,0,171,,,,,,,,,,,,,,,,,,
29/03/2024 05:15:00,0,171,,,,,,,,,,,,,,,,,,
29/03/2024 05:00:00,0,171,,,,,,,,,,,,,,,,,,
29/03/2024 04:45:00,0,170,,,,,,,,,,,,,,,,,,
29/03/2024 04:30:00,0,170,,,,,,,,,,,,,,,,,,
29/03/2024 04:15:00,0,170,,,,,,,,,,,,,,,,,,
29/03/2024 04:00:00,0,169,,,,,,,,,,,,,,,,,,
29/03/2024 03:45:00,0,168,,,,,,,,,,,,,,,,,,
29/03/2024 03:30:00,0,168,,,,,,,,,,,,,,,,,,
29/03/2024 03:15:00,0,167,,,,,,,,,,,,,,,,,,
29/03/2024 03:00:00,0,166,,,,,,,,,,,,,,,,,,
29/03/2024 02:45:00,0,165,,,,,,,,,,,,,,,,,,
29/03/2024 02:30:00,0,164,,,,,,,,,,,,,,,,,,
29/03/2024 02:15:00,0,163,,,,,,,,,,,,,,,,,,
29/03/2024 02:00:00,0,163,,,,,,,,,,,,,,,,,,
29/03/2024 01:45:00,0,161,,,,,,,,,,,,,,,,,,
29/03/2024 01:30:00,0,162,,,,,,,,,,,,,,,,,,
29/03/2024 01:15:00,0,162,,,,,,,,,,,,,,,,,,
29/03/2024 01:00:00,0,163,,,,,,,,,,,,,,,,,,
29/03/2024 00:45:00,0,164,,,,,,,,,,,,,,,,,,
29/03/2024 00:30:00,0,165,,,,,,,,,,,,,,,,,,
29/03/2024 00:15:00,0,166,,,,,,,,,,,,,,,,,,
29/03/2024 00:00:00,0,168,,,,,,,,,,,,,,,,,,
28/03/2024 23:45:00,0,168,,,,,,,,,,,,,,,,,,
28/03/2024 23:30:00,0,169,,,,,,,,,,,,,,,,,,
28/03/2024 23:15:00,0,170,,,,,,,,,,,,,,,,,,
28/03/2024 23:00:00,0,171,,,,,,,,,,,,,,,,,,
28/03/2024 22:45:00,0,172,,,,,,,,,,,,,,,,,,
28/03/2024 22:30:00,0,174,,,,,,,,,,,,,,,,,,
28/03/2024 22:15:00,0,175,,,,,,,,,,,,,,,,,,
28/03/2024 22:00:00,0,177,,,,,,,,,,,,,,,,,,
28/03/2024 21:45:00,0,178,,,,,,,,,,,,,,,,,,
28/03/2024 21:30:00,0,182,,,,,,,,,,,,,,,,,,
28/03/2024 21:15:00,0,185,,,,,,,,,,,,,,,,,,
28/03/2024 21:00:00,0,185,,,,,,,,,,,,,,,,,,
28/03/2024 20:45:00,0,186,,,,,,,,,,,,,,,,,,
28/03/2024 20:30:00,0,186,,,,,,,,,,,,,,,,,,
28/03/2024 20:15:00,0,186,,,,,,,,,,,,,,,,,,
28/03/2024 20:00:00,0,187,,,,,,,,,,,,,,,,,,
28/03/2024 19:45:00,0,187,,,,,,,,,,,,,,,,,,
28/03/2024 19:30:00,0,187,,,,,,,,,,,,,,,,,,
28/03/2024 19:15:00,0,187,,,,,,,,,,,,,,,,,,
28/03/2024 19:00:00,0,188,,,,,,,,,,,,,,,,,,
28/03/2024 18:45:00,0,189,,,,,,,,,,,,,,,,,,
28/03/2024 18:30:00,0,190,,,,,,,,,,,,,,,,,,
28/03/2024 18:15:00,0,191,,,,,,,,,,,,,,,,,,
28/03/2024 18:00:00,0,192,,,,,,,,,,,,,,,,,,
28/03/2024 17:45:00,0,193,,,,,,,,,,,,,,,,,,
28/03/2024 17:30:00,0,194,,,,,,,,,,,,,,,,,,
28/03/2024 17:15:00,0,194,,,,,,,,,,,,,,,,,,
28/03/2024 17:00:00,0,193,,,,,,,,,,,,,,,,,,
28/03/2024 16:45:00,0,193,,,,,,,,,,,,,,,,,,
28/03/2024 16:30:00,0,193,,,,,,,,,,,,,,,,,,
28/03/2024 16:15:00,0,192,,,,,,,,,,,,,,,,,,
28/03/2024 16:00:00,0,192,,,,,,,,,,,,,,,,,,
28/03/2024 15:45:00,0,192,,,,,,,,,,,,,,,,,,
28/03/2024 15:30:00,0,191,,,,,,,,,,,,,,,,,,
28/03/2024 15:15:00,0,190,,,,,,,,,,,,,,,,,,
28/03/2024 15:00:00,0,190,,,,,,,,,,,,,,,,,,
28/03/2024 14:45:00,0,189,,,,,,,,,,,,,,,,,,
28/03/2024 14:30:00,0,189,,,,,,,,,,,,,,,,,,
28/03/2024 14:15:00,0,189,,,,,,,,,,,,,,,,,,
28/03/2024 14:00:00,0,188,,,,,,,,,,,,,,,,,,
28/03/2024 13:45:00,0,187,,,,,,,,,,,,,,,,,,
28/03/2024 13:30:00,0,186,,,,,,,,,,,,,,,,,,
28/03/2024 13:15:00,0,185,,,,,,,,,,,,,,,,,,
28/03/2024 13:00:00,0,184,,,,,,,,,,,,,,,,,,
28/03/2024 12:45:00,0,183,,,,,,,,,,,,,,,,,,
28/03/2024 12:30:00,0,182,,,,,,,,,,,,,,,,,,
28/03/2024 12:15:00,0,181,,,,,,,,,,,,,,,,,,
28/03/2024 12:00:00,0,179,,,,,,,,,,,,,,,,,,
28/03/2024 11:45:00,0,178,,,,,,,,,,,,,,,,,,
28/03/2024 11:30:00,0,176,,,,,,,,,,,,,,,,,,
28/03/2024 11:15:00,0,175,,,,,,,,,,,,,,,,,,
28/03/2024 11:00:00,0,173,,,,,,,,,,,,,,,,,,
28/03/2024 10:45:00,0,171,,,,,,,,,,,,,,,,,,
28/03/2024 10:30:00,0,169,,,,,,,,,,,,,,,,,,
28/03/2024 10:15:00,0,166,,,,,,,,,,,,,,,,,,
28/03/2024 10:00:00,0,163,,,,,,,,,,,,,,,,,,
28/03/2024 09:45:00,0,163,,,,,,,,,,,,,,,,,,
28/03/2024 09:30:00,0,163,,,,,,,,,,,,,,,,,,
28/03/2024 09:15:00,0,163,,,,,,,,,,,,,,,,,,
28/03/2024 09:00:00,0,163,,,,,,,,,,,,,,,,,,
28/03/2024 08:45:00,0,163,,,,,,,,,,,,,,,,,,
28/03/2024 08:30:00,0,163,,,,,,,,,,,,,,,,,,
28/03/2024 08:15:00,0,163,,,,,,,,,,,,,,,,,,
28/03/2024 08:00:00,0,163,,,,,,,,,,,,,,,,,,
28/03/2024 07:45:00,0,163,,,,,,,,,,,,,,,,,,
28/03/2024 07:30:00,0,164,,,,,,,,,,,,,,,,,,
28/03/2024 07:15:00,0,164,,,,,,,,,,,,,,,,,,
28/03/2024 07:00:00,0,165,,,,,,,,,,,,,,,,,,
28/03/2024 06:45:00,0,166,,,,,,,,,,,,,,,,,,
28/03/2024 06:30:00,0,168,,,,,,,,,,,,,,,,,,
28/03/2024 06:15:00,0,169,,,,,,,,,,,,,,,,,,
28/03/2024 06:00:00,0,170,,,,,,,,,,,,,,,,,,
28/03/2024 05:45:00,0,171,,,,,,,,,,,,,,,,,,
28/03/2024 05:30:00,0,173,,,,,,,,,,,,,,,,,,
28/03/2024 05:15:00,0,174,,,,,,,,,,,,,,,,,,
28/03/2024 05:00:00,0,176,,,,,,,,,,,,,,,,,,
28/03/2024 04:45:00,0,177,,,,,,,,,,,,,,,,,,
28/03/2024 04:30:00,0,179,,,,,,,,,,,,,,,,,,
28/03/2024 04:15:00,0,180,,,,,,,,,,,,,,,,,,
28/03/2024 04:00:00,0,183,,,,,,,,,,,,,,,,,,
28/03/2024 03:45:00,0,183,,,,,,,,,,,,,,,,,,
28/03/2024 03:30:00,0,183,,,,,,,,,,,,,,,,,,
28/03/2024 03:15:00,0,183,,,,,,,,,,,,,,,,,,
28/03/2024 03:00:00,0,184,,,,,,,,,,,,,,,,,,
28/03/2024 02:45:00,0,184,,,,,,,,,,,,,,,,,,
28/03/2024 02:30:00,0,184,,,,,,,,,,,,,,,,,,
28/03/2024 02:15:00,0,184,,,,,,,,,,,,,,,,,,
28/03/2024 02:00:00,0,184,,,,,,,,,,,,,,,,,,
28/03/2024 01:45:00,0,184,,,,,,,,,,,,,,,,,,
28/03/2024 01:30:00,0,184,,,,,,,,,,,,,,,,,,
28/03/2024 01:15:00,0,184,,,,,,,,,,,,,,,,,,
28/03/2024 01:00:00,0,185,,,,,,,,,,,,,,,,,,
28/03/2024 00:45:00,0,185,,,,,,,,,,,,,,,,,,
28/03/2024 00:30:00,0,185,,,,,,,,,,,,,,,,,,
28/03/2024 00:15:00,0,185,,,,,,,,,,,,,,,,,,
28/03/2024 00:00:00,0,184,,,,,,,,,,,,,,,,,,
27/03/2024 23:45:00,0,184,,,,,,,,,,,,,,,,,,
27/03/2024 23:30:00,0,184,,,,,,,,,,,,,,,,,,
27/03/2024 23:15:00,0,184,,,,,,,,,,,,,,,,,,
27/03/2024 23:00:00,0,184,,,,,,,,,,,,,,,,,,
27/03/2024 22:45:00,0,184,,,,,,,,,,,,,,,,,,
27/03/2024 22:30:00,0,184,,,,,,,,,,,,,,,,,,
27/03/2024 22:15:00,0,184,,,,,,,,,,,,,,,,,,
27/03/2024 22:00:00,0,183,,,,,,,,,,,,,,,,,,
27/03/2024 21:45:00,0,183,,,,,,,,,,,,,,,,,,
27/03/2024 21:30:00,0,183,,,,,,,,,,,,,,,,,,
27/03/2024 21:15:00,0,182,,,,,,,,,,,,,,,,,,
27/03/2024 21:00:00,0,182,,,,,,,,,,,,,,,,,,
27/03/2024 20:45:00,0,182,,,,,,,,,,,,,,,,,,
27/03/2024 20:30:00,0,182,,,,,,,,,,,,,,,,,,
27/03/2024 20:15:00,0,181,,,,,,,,,,,,,,,,,,
27/03/2024 20:00:00,0,181,,,,,,,,,,,,,,,,,,
27/03/2024 19:45:00,0,181,,,,,,,,,,,,,,,,,,
27/03/2024 19:30:00,0,181,,,,,,,,,,,,,,,,,,
27/03/2024 19:15:00,0,181,,,,,,,,,,,,,,,,,,
27/03/2024 19:00:00,0,181,,,,,,,,,,,,,,,,,,
27/03/2024 18:45:00,0,181,,,,,,,,,,,,,,,,,,
27/03/2024 18:30:00,0,181,,,,,,,,,,,,,,,,,,
27/03/2024 18:15:00,0,181,,,,,,,,,,,,,,,,,,
27/03/2024 18:00:00,0,181,,,,,,,,,,,,,,,,,,
27/03/2024 17:45:00,0,181,,,,,,,,,,,,,,,,,,
27/03/2024 17:30:00,0,181,,,,,,,,,,,,,,,,,,
27/03/2024 17:15:00,0,181,,,,,,,,,,,,,,,,,,
27/03/2024 17:00:00,0,181,,,,,,,,,,,,,,,,,,
27/03/2024 16:45:00,0,181,,,,,,,,,,,,,,,,,,
27/03/2024 16:30:00,0,181,,,,,,,,,,,,,,,,,,
27/03/2024 16:15:00,0,181,,,,,,,,,,,,,,,,,,
27/03/2024 16:00:00,0,181,,,,,,,,,,,,,,,,,,
27/03/2024 15:45:00,0,181,,,,,,,,,,,,,,,,,,
27/03/2024 15:30:00,0,182,,,,,,,,,,,,,,,,,,
27/03/2024 15:15:00,0,182,,,,,,,,,,,,,,,,,,
27/03/2024 15:00:00,0,182,,,,,,,,,,,,,,,,,,
27/03/2024 14:45:00,0,181,,,,,,,,,,,,,,,,,,
27/03/2024 14:30:00,0,181,,,,,,,,,,,,,,,,,,
27/03/2024 14:15:00,0,181,,,,,,,,,,,,,,,,,,
27/03/2024 14:00:00,0,181,,,,,,,,,,,,,,,,,,
27/03/2024 13:45:00,0,181,,,,,,,,,,,,,,,,,,
27/03/2024 13:30:00,0,181,,,,,,,,,,,,,,,,,,
27/03/2024 13:15:00,0,181,,,,,,,,,,,,,,,,,,
27/03/2024 13:00:00,0,181,,,,,,,,,,,,,,,,,,
27/03/2024 12:45:00,0,181,,,,,,,,,,,,,,,,,,
27/03/2024 12:30:00,0,181,,,,,,,,,,,,,,,,,,
27/03/2024 12:15:00,0,180,,,,,,,,,,,,,,,,,,
27/03/2024 12:00:00,0,180,,,,,,,,,,,,,,,,,,
27/03/2024 11:45:00,0,180,,,,,,,,,,,,,,,,,,
27/03/2024 11:30:00,0,180,,,,,,,,,,,,,,,,,,
27/03/2024 11:15:00,0,179,,,,,,,,,,,,,,,,,,
27/03/2024 11:00:00,0,179,,,,,,,,,,,,,,,,,,
27/03/2024 10:45:00,0,179,,,,,,,,,,,,,,,,,,
27/03/2024 10:30:00,0,178,,,,,,,,,,,,,,,,,,
27/03/2024 10:15:00,0,178,,,,,,,,,,,,,,,,,,
27/03/2024 10:00:00,0,177,,,,,,,,,,,,,,,,,,
27/03/2024 09:45:00,0,177,,,,,,,,,,,,,,,,,,
27/03/2024 09:30:00,0,176,,,,,,,,,,,,,,,,,,
27/03/2024 09:15:00,0,175,,,,,,,,,,,,,,,,,,
27/03/2024 09:00:00,0,175,,,,,,,,,,,,,,,,,,
27/03/2024 08:45:00,0,174,,,,,,,,,,,,,,,,,,
27/03/2024 08:30:00,0,173,,,,,,,,,,,,,,,,,,
27/03/2024 08:15:00,0,172,,,,,,,,,,,,,,,,,,
27/03/2024 08:00:00,0,171,,,,,,,,,,,,,,,,,,
27/03/2024 07:45:00,0,169,,,,,,,,,,,,,,,,,,
27/03/2024 07:30:00,0,168,,,,,,,,,,,,,,,,,,
27/03/2024 07:15:00,0,169,,,,,,,,,,,,,,,,,,
27/03/2024 07:00:00,0,170,,,,,,,,,,,,,,,,,,
27/03/2024 06:45:00,0,170,,,,,,,,,,,,,,,,,,
27/03/2024 06:30:00,0,171,,,,,,,,,,,,,,,,,,
27/03/2024 06:15:00,0,172,,,,,,,,,,,,,,,,,,
27/03/2024 06:00:00,0,173,,,,,,,,,,,,,,,,,,
27/03/2024 05:45:00,0,174,,,,,,,,,,,,,,,,,,
27/03/2024 05:30:00,0,174,,,,,,,,,,,,,,,,,,
27/03/2024 05:15:00,0,175,,,,,,,,,,,,,,,,,,
27/03/2024 05:00:00,0,176,,,,,,,,,,,,,,,,,,
27/03/2024 04:45:00,0,177,,,,,,,,,,,,,,,,,,
27/03/2024 04:30:00,0,178,,,,,,,,,,,,,,,,,,
27/03/2024 04:15:00,0,179,,,,,,,,,,,,,,,,,,
27/03/2024 04:00:00,0,181,,,,,,,,,,,,,,,,,,
27/03/2024 03:45:00,0,182,,,,,,,,,,,,,,,,,,
27/03/2024 03:30:00,0,183,,,,,,,,,,,,,,,,,,
27/03/2024 03:15:00,0,185,,,,,,,,,,,,,,,,,,
27/03/2024 03:00:00,0,187,,,,,,,,,,,,,,,,,,
27/03/2024 02:45:00,0,188,,,,,,,,,,,,,,,,,,
27/03/2024 02:30:00,0,190,,,,,,,,,,,,,,,,,,
27/03/2024 02:15:00,0,192,,,,,,,,,,,,,,,,,,
27/03/2024 02:00:00,0,194,,,,,,,,,,,,,,,,,,
27/03/2024 01:45:00,0,197,,,,,,,,,,,,,,,,,,
27/03/2024 01:30:00,0,199,,,,,,,,,,,,,,,,,,
27/03/2024 01:15:00,0,202,,,,,,,,,,,,,,,,,,
27/03/2024 01:00:00,0,205,,,,,,,,,,,,,,,,,,
27/03/2024 00:45:00,0,208,,,,,,,,,,,,,,,,,,
27/03/2024 00:30:00,0,211,,,,,,,,,,,,,,,,,,
27/03/2024 00:15:00,0,213,,,,,,,,,,,,,,,,,,
27/03/2024 00:00:00,0,214,,,,,,,,,,,,,,,,,,
26/03/2024 23:45:00,0,216,,,,,,,,,,,,,,,,,,
26/03/2024 23:30:00,0,219,,,,,,,,,,,,,,,,,,
26/03/2024 23:15:00,0,219,,,,,,,,,,,,,,,,,,
26/03/2024 23:00:00,0,219,,,,,,,,,,,,,,,,,,
26/03/2024 22:45:00,0,219,,,,,,,,,,,,,,,,,,
26/03/2024 22:30:00,0,219,,,,,,,,,,,,,,,,,,
26/03/2024 22:15:00,0,219,,,,,,,,,,,,,,,,,,
26/03/2024 22:00:00,0,220,,,,,,,,,,,,,,,,,,
26/03/2024 21:45:00,0,220,,,,,,,,,,,,,,,,,,
26/03/2024 21:30:00,0,220,,,,,,,,,,,,,,,,,,
26/03/2024 21:15:00,0,220,,,,,,,,,,,,,,,,,,
26/03/2024 21:00:00,0,221,,,,,,,,,,,,,,,,,,
26/03/2024 20:45:00,0,221,,,,,,,,,,,,,,,,,,
26/03/2024 20:30:00,0,221,,,,,,,,,,,,,,,,,,
26/03/2024 20:15:00,0,221,,,,,,,,,,,,,,,,,,
26/03/2024 20:00:00,0,222,,,,,,,,,,,,,,,,,,
26/03/2024 19:45:00,0,222,,,,,,,,,,,,,,,,,,
26/03/2024 19:30:00,0,222,,,,,,,,,,,,,,,,,,
26/03/2024 19:15:00,0,223,,,,,,,,,,,,,,,,,,
26/03/2024 19:00:00,0,223,,,,,,,,,,,,,,,,,,
26/03/2024 18:45:00,0,224,,,,,,,,,,,,,,,,,,
26/03/2024 18:30:00,0,225,,,,,,,,,,,,,,,,,,
26/03/2024 18:15:00,0,225,,,,,,,,,,,,,,,,,,
26/03/2024 18:00:00,0,224,,,,,,,,,,,,,,,,,,
26/03/2024 17:45:00,0,224,,,,,,,,,,,,,,,,,,
26/03/2024 17:30:00,0,223,,,,,,,,,,,,,,,,,,
26/03/2024 17:15:00,0,223,,,,,,,,,,,,,,,,,,
26/03/2024 17:00:00,0,222,,,,,,,,,,,,,,,,,,
26/03/2024 16:45:00,0,222,,,,,,,,,,,,,,,,,,
26/03/2024 16:30:00,0,221,,,,,,,,,,,,,,,,,,
26/03/2024 16:15:00,0,220,,,,,,,,,,,,,,,,,,
26/03/2024 16:00:00,0,220,,,,,,,,,,,,,,,,,,
26/03/2024 15:45:00,0,219,,,,,,,,,,,,,,,,,,
26/03/2024 15:30:00,0,218,,,,,,,,,,,,,,,,,,
26/03/2024 15:15:00,0,218,,,,,,,,,,,,,,,,,,
26/03/2024 15:00:00,0,217,,,,,,,,,,,,,,,,,,
26/03/2024 14:45:00,0,216,,,,,,,,,,,,,,,,,,
26/03/2024 14:30:00,0,215,,,,,,,,,,,,,,,,,,
26/03/2024 14:15:00,0,214,,,,,,,,,,,,,,,,,,
26/03/2024 14:00:00,0,213,,,,,,,,,,,,,,,,,,
26/03/2024 13:45:00,0,212,,,,,,,,,,,,,,,,,,
26/03/2024 13:30:00,0,211,,,,,,,,,,,,,,,,,,
26/03/2024 13:15:00,0,210,,,,,,,,,,,,,,,,,,
26/03/2024 13:00:00,0,208,,,,,,,,,,,,,,,,,,
26/03/2024 12:45:00,0,207,,,,,,,,,,,,,,,,,,
26/03/2024 12:30:00,0,205,,,,,,,,,,,,,,,,,,
26/03/2024 12:15:00,0,203,,,,,,,,,,,,,,,,,,
26/03/2024 12:00:00,0,201,,,,,,,,,,,,,,,,,,
26/03/2024 11:45:00,0,198,,,,,,,,,,,,,,,,,,
26/03/2024 11:30:00,0,198,,,,,,,,,,,,,,,,,,
26/03/2024 11:15:00,0,198,,,,,,,,,,,,,,,,,,
26/03/2024 11:00:00,0,199,,,,,,,,,,,,,,,,,,
26/03/2024 10:45:00,0,199,,,,,,,,,,,,,,,,,,
26/03/2024 10:30:00,0,200,,,,,,,,,,,,,,,,,,
26/03/2024 10:15:00,0,201,,,,,,,,,,,,,,,,,,
26/03/2024 10:00:00,0,202,,,,,,,,,,,,,,,,,,
26/03/2024 09:45:00,0,202,,,,,,,,,,,,,,,,,,
26/03/2024 09:30:00,0,202,,,,,,,,,,,,,,,,,,
26/03/2024 09:15:00,0,203,,,,,,,,,,,,,,,,,,
26/03/2024 09:00:00,0,204,,,,,,,,,,,,,,,,,,
26/03/2024 08:45:00,0,204,,,,,,,,,,,,,,,,,,
26/03/2024 08:30:00,0,205,,,,,,,,,,,,,,,,,,
26/03/2024 08:15:00,0,206,,,,,,,,,,,,,,,,,,
26/03/2024 08:00:00,0,207,,,,,,,,,,,,,,,,,,
26/03/2024 07:45:00,0,208,,,,,,,,,,,,,,,,,,
26/03/2024 07:30:00,0,209,,,,,,,,,,,,,,,,,,
26/03/2024 07:15:00,0,210,,,,,,,,,,,,,,,,,,
26/03/2024 07:00:00,0,210,,,,,,,,,,,,,,,,,,
26/03/2024 06:45:00,0,210,,,,,,,,,,,,,,,,,,
26/03/2024 06:30:00,0,211,,,,,,,,,,,,,,,,,,
26/03/2024 06:15:00,0,211,,,,,,,,,,,,,,,,,,
26/03/2024 06:00:00,0,211,,,,,,,,,,,,,,,,,,
26/03/2024 05:45:00,0,211,,,,,,,,,,,,,,,,,,
26/03/2024 05:30:00,0,212,,,,,,,,,,,,,,,,,,
26/03/2024 05:15:00,0,212,,,,,,,,,,,,,,,,,,
26/03/2024 05:00:00,0,212,,,,,,,,,,,,,,,,,,
26/03/2024 04:45:00,0,212,,,,,,,,,,,,,,,,,,
26/03/2024 04:30:00,0,213,,,,,,,,,,,,,,,,,,
26/03/2024 04:15:00,0,213,,,,,,,,,,,,,,,,,,
26/03/2024 04:00:00,0,213,,,,,,,,,,,,,,,,,,
26/03/2024 03:45:00,0,213,,,,,,,,,,,,,,,,,,
26/03/2024 03:30:00,0,214,,,,,,,,,,,,,,,,,,
26/03/2024 03:15:00,0,214,,,,,,,,,,,,,,,,,,
26/03/2024 03:00:00,0,214,,,,,,,,,,,,,,,,,,
26/03/2024 02:45:00,0,215,,,,,,,,,,,,,,,,,,
26/03/2024 02:30:00,0,215,,,,,,,,,,,,,,,,,,
26/03/2024 02:15:00,0,216,,,,,,,,,,,,,,,,,,
26/03/2024 02:00:00,0,216,,,,,,,,,,,,,,,,,,
26/03/2024 01:45:00,0,217,,,,,,,,,,,,,,,,,,
26/03/2024 01:30:00,0,217,,,,,,,,,,,,,,,,,,
26/03/2024 01:15:00,0,217,,,,,,,,,,,,,,,,,,
26/03/2024 01:00:00,0,218,,,,,,,,,,,,,,,,,,
26/03/2024 00:45:00,0,218,,,,,,,,,,,,,,,,,,
26/03/2024 00:30:00,0,217,,,,,,,,,,,,,,,,,,
26/03/2024 00:15:00,0,218,,,,,,,,,,,,,,,,,,
26/03/2024 00:00:00,0,218,,,,,,,,,,,,,,,,,,
25/03/2024 23:45:00,0,218,,,,,,,,,,,,,,,,,,
25/03/2024 23:30:00,0,218,,,,,,,,,,,,,,,,,,
25/03/2024 23:15:00,0,218,,,,,,,,,,,,,,,,,,
25/03/2024 23:00:00,0,218,,,,,,,,,,,,,,,,,,
25/03/2024 22:45:00,0,217,,,,,,,,,,,,,,,,,,
25/03/2024 22:30:00,0,218,,,,,,,,,,,,,,,,,,
25/03/2024 22:15:00,0,218,,,,,,,,,,,,,,,,,,
25/03/2024 22:00:00,0,218,,,,,,,,,,,,,,,,,,
25/03/2024 21:45:00,0,218,,,,,,,,,,,,,,,,,,
25/03/2024 21:30:00,0,219,,,,,,,,,,,,,,,,,,
25/03/2024 21:15:00,0,219,,,,,,,,,,,,,,,,,,
25/03/2024 21:00:00,0,219,,,,,,,,,,,,,,,,,,
25/03/2024 20:45:00,0,219,,,,,,,,,,,,,,,,,,
25/03/2024 20:30:00,0,219,,,,,,,,,,,,,,,,,,
25/03/2024 20:15:00,0,220,,,,,,,,,,,,,,,,,,
25/03/2024 20:00:00,0,220,,,,,,,,,,,,,,,,,,
25/03/2024 19:45:00,0,221,,,,,,,,,,,,,,,,,,
25/03/2024 19:30:00,0,221,,,,,,,,,,,,,,,,,,
25/03/2024 19:15:00,0,222,,,,,,,,,,,,,,,,,,
25/03/2024 19:00:00,0,223,,,,,,,,,,,,,,,,,,
25/03/2024 18:45:00,0,224,,,,,,,,,,,,,,,,,,
25/03/2024 18:30:00,0,225,,,,,,,,,,,,,,,,,,
25/03/2024 18:15:00,0,226,,,,,,,,,,,,,,,,,,
25/03/2024 18:00:00,0,227,,,,,,,,,,,,,,,,,,
25/03/2024 17:45:00,0,229,,,,,,,,,,,,,,,,,,
25/03/2024 17:30:00,0,231,,,,,,,,,,,,,,,,,,
25/03/2024 17:15:00,0,231,,,,,,,,,,,,,,,,,,
25/03/2024 17:00:00,0,232,,,,,,,,,,,,,,,,,,
25/03/2024 16:45:00,0,232,,,,,,,,,,,,,,,,,,
25/03/2024 16:30:00,0,232,,,,,,,,,,,,,,,,,,
25/03/2024 16:15:00,0,233,,,,,,,,,,,,,,,,,,
25/03/2024 16:00:00,0,233,,,,,,,,,,,,,,,,,,
25/03/2024 15:45:00,0,234,,,,,,,,,,,,,,,,,,
25/03/2024 15:30:00,0,234,,,,,,,,,,,,,,,,,,
25/03/2024 15:15:00,0,232,,,,,,,,,,,,,,,,,,
25/03/2024 15:00:00,0,230,,,,,,,,,,,,,,,,,,
25/03/2024 14:45:00,0,228,,,,,,,,,,,,,,,,,,
25/03/2024 14:30:00,0,226,,,,,,,,,,,,,,,,,,
25/03/2024 14:15:00,0,224,,,,,,,,,,,,,,,,,,
25/03/2024 14:00:00,0,222,,,,,,,,,,,,,,,,,,
25/03/2024 13:45:00,0,219,,,,,,,,,,,,,,,,,,
25/03/2024 13:30:00,0,217,,,,,,,,,,,,,,,,,,
25/03/2024 13:15:00,0,214,,,,,,,,,,,,,,,,,,
25/03/2024 13:00:00,0,210,,,,,,,,,,,,,,,,,,
25/03/2024 12:45:00,0,207,,,,,,,,,,,,,,,,,,
25/03/2024 12:30:00,0,203,,,,,,,,,,,,,,,,,,
25/03/2024 12:15:00,0,199,,,,,,,,,,,,,,,,,,
25/03/2024 12:00:00,0,195,,,,,,,,,,,,,,,,,,
25/03/2024 11:45:00,0,193,,,,,,,,,,,,,,,,,,
25/03/2024 11:30:00,0,191,,,,,,,,,,,,,,,,,,
25/03/2024 11:15:00,0,189,,,,,,,,,,,,,,,,,,
25/03/2024 11:00:00,0,187,,,,,,,,,,,,,,,,,,
25/03/2024 10:45:00,0,188,,,,,,,,,,,,,,,,,,
25/03/2024 10:30:00,0,188,,,,,,,,,,,,,,,,,,
25/03/2024 10:15:00,0,189,,,,,,,,,,,,,,,,,,
25/03/2024 10:00:00,0,189,,,,,,,,,,,,,,,,,,
25/03/2024 09:45:00,0,190,,,,,,,,,,,,,,,,,,
25/03/2024 09:30:00,0,190,,,,,,,,,,,,,,,,,,
25/03/2024 09:15:00,0,191,,,,,,,,,,,,,,,,,,
25/03/2024 09:00:00,0,192,,,,,,,,,,,,,,,,,,
25/03/2024 08:45:00,0,192,,,,,,,,,,,,,,,,,,
25/03/2024 08:30:00,0,193,,,,,,,,,,,,,,,,,,
25/03/2024 08:15:00,0,194,,,,,,,,,,,,,,,,,,
25/03/2024 08:00:00,0,195,,,,,,,,,,,,,,,,,,
25/03/2024 07:45:00,0,196,,,,,,,,,,,,,,,,,,
25/03/2024 07:30:00,0,197,,,,,,,,,,,,,,,,,,
25/03/2024 07:15:00,0,198,,,,,,,,,,,,,,,,,,
25/03/2024 07:00:00,0,199,,,,,,,,,,,,,,,,,,
25/03/2024 06:45:00,0,200,,,,,,,,,,,,,,,,,,
25/03/2024 06:30:00,0,201,,,,,,,,,,,,,,,,,,
25/03/2024 06:15:00,0,203,,,,,,,,,,,,,,,,,,
25/03/2024 06:00:00,0,204,,,,,,,,,,,,,,,,,,
25/03/2024 05:45:00,0,205,,,,,,,,,,,,,,,,,,
25/03/2024 05:30:00,0,207,,,,,,,,,,,,,,,,,,
25/03/2024 05:15:00,0,209,,,,,,,,,,,,,,,,,,
25/03/2024 05:00:00,0,211,,,,,,,,,,,,,,,,,,
25/03/2024 04:45:00,0,212,,,,,,,,,,,,,,,,,,
25/03/2024 04:30:00,0,214,,,,,,,,,,,,,,,,,,
25/03/2024 04:15:00,0,217,,,,,,,,,,,,,,,,,,
25/03/2024 04:00:00,0,217,,,,,,,,,,,,,,,,,,
25/03/2024 03:45:00,0,216,,,,,,,,,,,,,,,,,,
25/03/2024 03:30:00,0,216,,,,,,,,,,,,,,,,,,
25/03/2024 03:15:00,0,215,,,,,,,,,,,,,,,,,,
25/03/2024 03:00:00,0,215,,,,,,,,,,,,,,,,,,
25/03/2024 02:45:00,0,214,,,,,,,,,,,,,,,,,,
25/03/2024 02:30:00,0,213,,,,,,,,,,,,,,,,,,
25/03/2024 02:15:00,0,213,,,,,,,,,,,,,,,,,,
25/03/2024 02:00:00,0,212,,,,,,,,,,,,,,,,,,
25/03/2024 01:45:00,0,211,,,,,,,,,,,,,,,,,,
25/03/2024 01:30:00,0,209,,,,,,,,,,,,,,,,,,
25/03/2024 01:15:00,0,208,,,,,,,,,,,,,,,,,,
25/03/2024 01:00:00,0,207,,,,,,,,,,,,,,,,,,
25/03/2024 00:45:00,0,205,,,,,,,,,,,,,,,,,,
25/03/2024 00:30:00,0,203,,,,,,,,,,,,,,,,,,
25/03/2024 00:15:00,0,203,,,,,,,,,,,,,,,,,,
25/03/2024 00:00:00,0,202,,,,,,,,,,,,,,,,,,
24/03/2024 23:45:00,0,202,,,,,,,,,,,,,,,,,,
24/03/2024 23:30:00,0,201,,,,,,,,,,,,,,,,,,
24/03/2024 23:15:00,0,202,,,,,,,,,,,,,,,,,,
24/03/2024 23:00:00,0,203,,,,,,,,,,,,,,,,,,
24/03/2024 22:45:00,0,205,,,,,,,,,,,,,,,,,,
24/03/2024 22:30:00,0,207,,,,,,,,,,,,,,,,,,
24/03/2024 22:15:00,0,209,,,,,,,,,,,,,,,,,,
24/03/2024 22:00:00,0,212,,,,,,,,,,,,,,,,,,
24/03/2024 21:45:00,0,214,,,,,,,,,,,,,,,,,,
24/03/2024 21:30:00,0,220,,,,,,,,,,,,,,,,,,
24/03/2024 21:15:00,0,223,,,,,,,,,,,,,,,,,,
24/03/2024 21:00:00,0,226,,,,,,,,,,,,,,,,,,
24/03/2024 20:45:00,0,230,,,,,,,,,,,,,,,,,,
24/03/2024 20:30:00,0,230,,,,,,,,,,,,,,,,,,
24/03/2024 20:15:00,0,234,,,,,,,,,,,,,,,,,,
24/03/2024 20:00:00,0,240,,,,,,,,,,,,,,,,,,
24/03/2024 19:45:00,0,241,,,,,,,,,,,,,,,,,,
24/03/2024 19:30:00,0,241,,,,,,,,,,,,,,,,,,
24/03/2024 19:15:00,0,242,,,,,,,,,,,,,,,,,,
24/03/2024 19:00:00,0,243,,,,,,,,,,,,,,,,,,
24/03/2024 18:45:00,0,244,,,,,,,,,,,,,,,,,,
24/03/2024 18:30:00,0,244,,,,,,,,,,,,,,,,,,
24/03/2024 18:15:00,0,244,,,,,,,,,,,,,,,,,,
24/03/2024 18:00:00,0,244,,,,,,,,,,,,,,,,,,
24/03/2024 17:45:00,0,244,,,,,,,,,,,,,,,,,,
24/03/2024 17:30:00,0,244,,,,,,,,,,,,,,,,,,
24/03/2024 17:15:00,0,245,,,,,,,,,,,,,,,,,,
24/03/2024 17:00:00,0,245,,,,,,,,,,,,,,,,,,
24/03/2024 16:45:00,0,245,,,,,,,,,,,,,,,,,,
24/03/2024 16:30:00,0,246,,,,,,,,,,,,,,,,,,
24/03/2024 16:15:00,0,246,,,,,,,,,,,,,,,,,,
24/03/2024 16:00:00,0,247,,,,,,,,,,,,,,,,,,
24/03/2024 15:45:00,0,248,,,,,,,,,,,,,,,,,,
24/03/2024 15:30:00,0,249,,,,,,,,,,,,,,,,,,
24/03/2024 15:15:00,0,249,,,,,,,,,,,,,,,,,,
24/03/2024 15:00:00,0,249,,,,,,,,,,,,,,,,,,
24/03/2024 14:45:00,0,250,,,,,,,,,,,,,,,,,,
24/03/2024 14:30:00,0,251,,,,,,,,,,,,,,,,,,
24/03/2024 14:15:00,0,252,,,,,,,,,,,,,,,,,,
24/03/2024 14:00:00,0,253,,,,,,,,,,,,,,,,,,
24/03/2024 13:45:00,0,254,,,,,,,,,,,,,,,,,,
24/03/2024 13:30:00,0,255,,,,,,,,,,,,,,,,,,
24/03/2024 13:15:00,0,256,,,,,,,,,,,,,,,,,,
24/03/2024 13:00:00,0,257,,,,,,,,,,,,,,,,,,
24/03/2024 12:45:00,0,259,,,,,,,,,,,,,,,,,,
24/03/2024 12:30:00,0,260,,,,,,,,,,,,,,,,,,
24/03/2024 12:15:00,0,263,,,,,,,,,,,,,,,,,,
24/03/2024 12:00:00,0,263,,,,,,,,,,,,,,,,,,
24/03/2024 11:45:00,0,262,,,,,,,,,,,,,,,,,,
24/03/2024 11:30:00,0,262,,,,,,,,,,,,,,,,,,
24/03/2024 11:15:00,0,261,,,,,,,,,,,,,,,,,,
24/03/2024 11:00:00,0,261,,,,,,,,,,,,,,,,,,
24/03/2024 10:45:00,0,260,,,,,,,,,,,,,,,,,,
24/03/2024 10:30:00,0,259,,,,,,,,,,,,,,,,,,
24/03/2024 10:15:00,0,259,,,,,,,,,,,,,,,,,,
24/03/2024 10:00:00,0,258,,,,,,,,,,,,,,,,,,
24/03/2024 09:45:00,0,256,,,,,,,,,,,,,,,,,,
24/03/2024 09:30:00,0,255,,,,,,,,,,,,,,,,,,
24/03/2024 09:15:00,0,254,,,,,,,,,,,,,,,,,,
24/03/2024 09:00:00,0,253,,,,,,,,,,,,,,,,,,
24/03/2024 08:45:00,0,251,,,,,,,,,,,,,,,,,,
24/03/2024 08:30:00,0,249,,,,,,,,,,,,,,,,,,
24/03/2024 08:15:00,0,248,,,,,,,,,,,,,,,,,,
24/03/2024 08:00:00,0,246,,,,,,,,,,,,,,,,,,
24/03/2024 07:45:00,0,243,,,,,,,,,,,,,,,,,,
24/03/2024 07:30:00,0,241,,,,,,,,,,,,,,,,,,
24/03/2024 07:15:00,0,238,,,,,,,,,,,,,,,,,,
24/03/2024 07:00:00,0,235,,,,,,,,,,,,,,,,,,
24/03/2024 06:45:00,0,232,,,,,,,,,,,,,,,,,,
24/03/2024 06:30:00,0,229,,,,,,,,,,,,,,,,,,
24/03/2024 06:15:00,0,229,,,,,,,,,,,,,,,,,,
24/03/2024 06:00:00,0,229,,,,,,,,,,,,,,,,,,
24/03/2024 05:45:00,0,229,,,,,,,,,,,,,,,,,,
24/03/2024 05:30:00,0,228,,,,,,,,,,,,,,,,,,
24/03/2024 05:15:00,0,228,,,,,,,,,,,,,,,,,,
24/03/2024 05:00:00,0,228,,,,,,,,,,,,,,,,,,
24/03/2024 04:45:00,0,228,,,,,,,,,,,,,,,,,,
24/03/2024 04:30:00,0,227,,,,,,,,,,,,,,,,,,
24/03/2024 04:15:00,0,227,,,,,,,,,,,,,,,,,,
24/03/2024 04:00:00,0,226,,,,,,,,,,,,,,,,,,
24/03/2024 03:45:00,0,227,,,,,,,,,,,,,,,,,,
24/03/2024 03:30:00,0,228,,,,,,,,,,,,,,,,,,
24/03/2024 03:15:00,0,230,,,,,,,,,,,,,,,,,,
24/03/2024 03:00:00,0,231,,,,,,,,,,,,,,,,,,
24/03/2024 02:45:00,0,233,,,,,,,,,,,,,,,,,,
24/03/2024 02:30:00,0,235,,,,,,,,,,,,,,,,,,
24/03/2024 02:15:00,0,237,,,,,,,,,,,,,,,,,,
24/03/2024 02:00:00,0,239,,,,,,,,,,,,,,,,,,
24/03/2024 01:45:00,0,241,,,,,,,,,,,,,,,,,,
24/03/2024 01:30:00,0,243,,,,,,,,,,,,,,,,,,
24/03/2024 01:15:00,0,246,,,,,,,,,,,,,,,,,,
24/03/2024 01:00:00,0,249,,,,,,,,,,,,,,,,,,
24/03/2024 00:45:00,0,252,,,,,,,,,,,,,,,,,,
24/03/2024 00:30:00,0,255,,,,,,,,,,,,,,,,,,
24/03/2024 00:15:00,0,259,,,,,,,,,,,,,,,,,,
24/03/2024 00:00:00,0,261,,,,,,,,,,,,,,,,,,
23/03/2024 23:45:00,0,261,,,,,,,,,,,,,,,,,,
23/03/2024 23:30:00,0,262,,,,,,,,,,,,,,,,,,
23/03/2024 23:15:00,0,262,,,,,,,,,,,,,,,,,,
23/03/2024 23:00:00,0,263,,,,,,,,,,,,,,,,,,
23/03/2024 22:45:00,0,263,,,,,,,,,,,,,,,,,,
23/03/2024 22:30:00,0,264,,,,,,,,,,,,,,,,,,
23/03/2024 22:15:00,0,265,,,,,,,,,,,,,,,,,,
23/03/2024 22:00:00,0,266,,,,,,,,,,,,,,,,,,
23/03/2024 21:45:00,0,266,,,,,,,,,,,,,,,,,,
23/03/2024 21:30:00,0,268,,,,,,,,,,,,,,,,,,
23/03/2024 21:15:00,0,268,,,,,,,,,,,,,,,,,,
23/03/2024 21:00:00,0,268,,,,,,,,,,,,,,,,,,
23/03/2024 20:45:00,0,268,,,,,,,,,,,,,,,,,,
23/03/2024 20:30:00,0,268,,,,,,,,,,,,,,,,,,
23/03/2024 20:15:00,0,268,,,,,,,,,,,,,,,,,,
23/03/2024 20:00:00,0,269,,,,,,,,,,,,,,,,,,
23/03/2024 19:45:00,0,269,,,,,,,,,,,,,,,,,,
23/03/2024 19:30:00,0,270,,,,,,,,,,,,,,,,,,
23/03/2024 19:15:00,0,270,,,,,,,,,,,,,,,,,,
23/03/2024 19:00:00,0,271,,,,,,,,,,,,,,,,,,
23/03/2024 18:45:00,0,272,,,,,,,,,,,,,,,,,,
23/03/2024 18:30:00,0,273,,,,,,,,,,,,,,,,,,
23/03/2024 18:15:00,0,274,,,,,,,,,,,,,,,,,,
23/03/2024 18:00:00,0,275,,,,,,,,,,,,,,,,,,
23/03/2024 17:45:00,0,277,,,,,,,,,,,,,,,,,,
23/03/2024 17:30:00,0,278,,,,,,,,,,,,,,,,,,
23/03/2024 17:15:00,0,280,,,,,,,,,,,,,,,,,,
23/03/2024 17:00:00,0,281,,,,,,,,,,,,,,,,,,
23/03/2024 16:45:00,0,283,,,,,,,,,,,,,,,,,,
23/03/2024 16:30:00,0,285,,,,,,,,,,,,,,,,,,
23/03/2024 16:15:00,0,285,,,,,,,,,,,,,,,,,,
23/03/2024 16:00:00,0,285,,,,,,,,,,,,,,,,,,
23/03/2024 15:45:00,0,285,,,,,,,,,,,,,,,,,,
23/03/2024 15:30:00,0,284,,,,,,,,,,,,,,,,,,
23/03/2024 15:15:00,0,284,,,,,,,,,,,,,,,,,,
23/03/2024 15:00:00,0,284,,,,,,,,,,,,,,,,,,
23/03/2024 14:45:00,0,284,,,,,,,,,,,,,,,,,,
23/03/2024 14:30:00,0,283,,,,,,,,,,,,,,,,,,
23/03/2024 14:15:00,0,283,,,,,,,,,,,,,,,,,,
23/03/2024 14:00:00,0,282,,,,,,,,,,,,,,,,,,
23/03/2024 13:45:00,0,282,,,,,,,,,,,,,,,,,,
23/03/2024 13:30:00,0,282,,,,,,,,,,,,,,,,,,
23/03/2024 13:15:00,0,281,,,,,,,,,,,,,,,,,,
23/03/2024 13:00:00,0,280,,,,,,,,,,,,,,,,,,
23/03/2024 12:45:00,0,280,,,,,,,,,,,,,,,,,,
23/03/2024 12:30:00,0,279,,,,,,,,,,,,,,,,,,
23/03/2024 12:15:00,0,278,,,,,,,,,,,,,,,,,,
23/03/2024 12:00:00,0,277,,,,,,,,,,,,,,,,,,
23/03/2024 11:45:00,0,276,,,,,,,,,,,,,,,,,,
23/03/2024 11:30:00,0,275,,,,,,,,,,,,,,,,,,
23/03/2024 11:15:00,0,273,,,,,,,,,,,,,,,,,,
23/03/2024 11:00:00,0,272,,,,,,,,,,,,,,,,,,
23/03/2024 10:45:00,0,270,,,,,,,,,,,,,,,,,,
23/03/2024 10:30:00,0,268,,,,,,,,,,,,,,,,,,
23/03/2024 10:15:00,0,267,,,,,,,,,,,,,,,,,,
23/03/2024 10:00:00,0,264,,,,,,,,,,,,,,,,,,
23/03/2024 09:45:00,0,262,,,,,,,,,,,,,,,,,,
23/03/2024 09:30:00,0,259,,,,,,,,,,,,,,,,,,
23/03/2024 09:15:00,0,257,,,,,,,,,,,,,,,,,,
23/03/2024 09:00:00,0,253,,,,,,,,,,,,,,,,,,
23/03/2024 08:45:00,0,254,,,,,,,,,,,,,,,,,,
23/03/2024 08:30:00,0,255,,,,,,,,,,,,,,,,,,
23/03/2024 08:15:00,0,257,,,,,,,,,,,,,,,,,,
23/03/2024 08:00:00,0,258,,,,,,,,,,,,,,,,,,
23/03/2024 07:45:00,0,259,,,,,,,,,,,,,,,,,,
23/03/2024 07:30:00,0,261,,,,,,,,,,,,,,,,,,
23/03/2024 07:15:00,0,263,,,,,,,,,,,,,,,,,,
23/03/2024 07:00:00,0,265,,,,,,,,,,,,,,,,,,
23/03/2024 06:45:00,0,268,,,,,,,,,,,,,,,,,,
23/03/2024 06:30:00,0,272,,,,,,,,,,,,,,,,,,
23/03/2024 06:15:00,0,275,,,,,,,,,,,,,,,,,,
23/03/2024 06:00:00,0,279,,,,,,,,,,,,,,,,,,
23/03/2024 05:45:00,0,283,,,,,,,,,,,,,,,,,,
23/03/2024 05:30:00,0,288,,,,,,,,,,,,,,,,,,
23/03/2024 05:15:00,0,288,,,,,,,,,,,,,,,,,,
23/03/2024 05:00:00,0,288,,,,,,,,,,,,,,,,,,
23/03/2024 04:45:00,0,288,,,,,,,,,,,,,,,,,,
23/03/2024 04:30:00,0,289,,,,,,,,,,,,,,,,,,
23/03/2024 04:15:00,0,289,,,,,,,,,,,,,,,,,,
23/03/2024 04:00:00,0,289,,,,,,,,,,,,,,,,,,
23/03/2024 03:45:00,0,289,,,,,,,,,,,,,,,,,,
23/03/2024 03:30:00,0,289,,,,,,,,,,,,,,,,,,
23/03/2024 03:15:00,0,289,,,,,,,,,,,,,,,,,,
23/03/2024 03:00:00,0,290,,,,,,,,,,,,,,,,,,
23/03/2024 02:45:00,0,290,,,,,,,,,,,,,,,,,,
23/03/2024 02:30:00,0,290,,,,,,,,,,,,,,,,,,
23/03/2024 02:15:00,0,291,,,,,,,,,,,,,,,,,,
23/03/2024 02:00:00,0,291,,,,,,,,,,,,,,,,,,
23/03/2024 01:45:00,0,291,,,,,,,,,,,,,,,,,,
23/03/2024 01:30:00,0,292,,,,,,,,,,,,,,,,,,
23/03/2024 01:15:00,0,292,,,,,,,,,,,,,,,,,,
23/03/2024 01:00:00,0,293,,,,,,,,,,,,,,,,,,
23/03/2024 00:45:00,0,294,,,,,,,,,,,,,,,,,,
23/03/2024 00:30:00,0,294,,,,,,,,,,,,,,,,,,
23/03/2024 00:15:00,0,293,,,,,,,,,,,,,,,,,,
23/03/2024 00:00:00,0,291,,,,,,,,,,,,,,,,,,
22/03/2024 23:45:00,0,288,,,,,,,,,,,,,,,,,,
22/03/2024 23:30:00,0,273,,,,,,,,,,,,,,,,,,
22/03/2024 23:15:00,0,267,,,,,,,,,,,,,,,,,,
22/03/2024 23:00:00,0,266,,,,,,,,,,,,,,,,,,
22/03/2024 22:45:00,0,267,,,,,,,,,,,,,,,,,,
22/03/2024 22:30:00,0,268,,,,,,,,,,,,,,,,,,
22/03/2024 22:15:00,0,268,,,,,,,,,,,,,,,,,,
22/03/2024 22:00:00,0,272,,,,,,,,,,,,,,,,,,
22/03/2024 21:45:00,0,276,,,,,,,,,,,,,,,,,,
22/03/2024 21:30:00,0,280,,,,,,,,,,,,,,,,,,
22/03/2024 21:15:00,0,286,,,,,,,,,,,,,,,,,,
22/03/2024 21:00:00,0,290,,,,,,,,,,,,,,,,,,
22/03/2024 20:45:00,0,293,,,,,,,,,,,,,,,,,,
22/03/2024 20:30:00,0,296,,,,,,,,,,,,,,,,,,
22/03/2024 20:15:00,0,300,,,,,,,,,,,,,,,,,,
22/03/2024 20:00:00,0,301,,,,,,,,,,,,,,,,,,
22/03/2024 19:45:00,0,302,,,,,,,,,,,,,,,,,,
22/03/2024 19:30:00,0,303,,,,,,,,,,,,,,,,,,
22/03/2024 19:15:00,0,304,,,,,,,,,,,,,,,,,,
22/03/2024 19:00:00,0,306,,,,,,,,,,,,,,,,,,
22/03/2024 18:45:00,0,307,,,,,,,,,,,,,,,,,,
22/03/2024 18:30:00,0,309,,,,,,,,,,,,,,,,,,
22/03/2024 18:15:00,0,310,,,,,,,,,,,,,,,,,,
22/03/2024 18:00:00,0,310,,,,,,,,,,,,,,,,,,
22/03/2024 17:45:00,0,309,,,,,,,,,,,,,,,,,,
22/03/2024 17:30:00,0,309,,,,,,,,,,,,,,,,,,
22/03/2024 17:15:00,0,308,,,,,,,,,,,,,,,,,,
22/03/2024 17:00:00,0,308,,,,,,,,,,,,,,,,,,
22/03/2024 16:45:00,0,307,,,,,,,,,,,,,,,,,,
22/03/2024 16:30:00,0,306,,,,,,,,,,,,,,,,,,
22/03/2024 16:15:00,0,305,,,,,,,,,,,,,,,,,,
22/03/2024 16:00:00,0,304,,,,,,,,,,,,,,,,,,
22/03/2024 15:45:00,0,303,,,,,,,,,,,,,,,,,,
22/03/2024 15:30:00,0,302,,,,,,,,,,,,,,,,,,
22/03/2024 15:15:00,0,301,,,,,,,,,,,,,,,,,,
22/03/2024 15:00:00,0,299,,,,,,,,,,,,,,,,,,
22/03/2024 14:45:00,0,298,,,,,,,,,,,,,,,,,,
22/03/2024 14:30:00,0,296,,,,,,,,,,,,,,,,,,
22/03/2024 14:15:00,0,294,,,,,,,,,,,,,,,,,,
22/03/2024 14:00:00,0,292,,,,,,,,,,,,,,,,,,
22/03/2024 13:45:00,0,290,,,,,,,,,,,,,,,,,,
22/03/2024 13:30:00,0,287,,,,,,,,,,,,,,,,,,
22/03/2024 13:15:00,0,285,,,,,,,,,,,,,,,,,,
22/03/2024 13:00:00,0,285,,,,,,,,,,,,,,,,,,
22/03/2024 12:45:00,0,285,,,,,,,,,,,,,,,,,,
22/03/2024 12:30:00,0,285,,,,,,,,,,,,,,,,,,
22/03/2024 12:15:00,0,284,,,,,,,,,,,,,,,,,,
22/03/2024 12:00:00,0,284,,,,,,,,,,,,,,,,,,
22/03/2024 11:45:00,0,284,,,,,,,,,,,,,,,,,,
22/03/2024 11:30:00,0,284,,,,,,,,,,,,,,,,,,
22/03/2024 11:15:00,0,283,,,,,,,,,,,,,,,,,,
22/03/2024 11:00:00,0.2,283,,,,,,,,,,,,,,,,,,
22/03/2024 10:45:00,0,283,,,,,,,,,,,,,,,,,,
22/03/2024 10:30:00,0,283,,,,,,,,,,,,,,,,,,
22/03/2024 10:15:00,0,282,,,,,,,,,,,,,,,,,,
22/03/2024 10:00:00,0,282,,,,,,,,,,,,,,,,,,
22/03/2024 09:45:00,0,281,,,,,,,,,,,,,,,,,,
22/03/2024 09:30:00,0,281,,,,,,,,,,,,,,,,,,
22/03/2024 09:15:00,0,280,,,,,,,,,,,,,,,,,,
22/03/2024 09:00:00,0,279,,,,,,,,,,,,,,,,,,
22/03/2024 08:45:00,0,279,,,,,,,,,,,,,,,,,,
22/03/2024 08:30:00,0,278,,,,,,,,,,,,,,,,,,
22/03/2024 08:15:00,0,277,,,,,,,,,,,,,,,,,,
22/03/2024 08:00:00,0,276,,,,,,,,,,,,,,,,,,
22/03/2024 07:45:00,0,274,,,,,,,,,,,,,,,,,,
22/03/2024 07:30:00,0,273,,,,,,,,,,,,,,,,,,
22/03/2024 07:15:00,0,272,,,,,,,,,,,,,,,,,,
22/03/2024 07:00:00,0,269,,,,,,,,,,,,,,,,,,
22/03/2024 06:45:00,0,269,,,,,,,,,,,,,,,,,,
22/03/2024 06:30:00,0,269,,,,,,,,,,,,,,,,,,
22/03/2024 06:15:00,0,269,,,,,,,,,,,,,,,,,,
22/03/2024 06:00:00,0,269,,,,,,,,,,,,,,,,,,
22/03/2024 05:45:00,0,269,,,,,,,,,,,,,,,,,,
22/03/2024 05:30:00,0,269,,,,,,,,,,,,,,,,,,
22/03/2024 05:15:00,0,269,,,,,,,,,,,,,,,,,,
22/03/2024 05:00:00,0,269,,,,,,,,,,,,,,,,,,
22/03/2024 04:45:00,0,269,,,,,,,,,,,,,,,,,,
22/03/2024 04:30:00,0,269,,,,,,,,,,,,,,,,,,
22/03/2024 04:15:00,0,269,,,,,,,,,,,,,,,,,,
22/03/2024 04:00:00,0,269,,,,,,,,,,,,,,,,,,
22/03/2024 03:45:00,0,268,,,,,,,,,,,,,,,,,,
22/03/2024 03:30:00,0,268,,,,,,,,,,,,,,,,,,
22/03/2024 03:15:00,0,268,,,,,,,,,,,,,,,,,,
22/03/2024 03:00:00,0,268,,,,,,,,,,,,,,,,,,
22/03/2024 02:45:00,0,268,,,,,,,,,,,,,,,,,,
22/03/2024 02:30:00,0,267,,,,,,,,,,,,,,,,,,
22/03/2024 02:15:00,0,267,,,,,,,,,,,,,,,,,,
22/03/2024 02:00:00,0,267,,,,,,,,,,,,,,,,,,
22/03/2024 01:45:00,0,267,,,,,,,,,,,,,,,,,,
22/03/2024 01:30:00,0,267,,,,,,,,,,,,,,,,,,
22/03/2024 01:15:00,0,266,,,,,,,,,,,,,,,,,,
22/03/2024 01:00:00,0,266,,,,,,,,,,,,,,,,,,
22/03/2024 00:45:00,0,265,,,,,,,,,,,,,,,,,,
22/03/2024 00:30:00,0,265,,,,,,,,,,,,,,,,,,
22/03/2024 00:15:00,0,264,,,,,,,,,,,,,,,,,,
22/03/2024 00:00:00,0,263,,,,,,,,,,,,,,,,,,
21/03/2024 23:45:00,0,263,,,,,,,,,,,,,,,,,,
21/03/2024 23:30:00,0,261,,,,,,,,,,,,,,,,,,
21/03/2024 23:15:00,0,261,,,,,,,,,,,,,,,,,,
21/03/2024 23:00:00,0,260,,,,,,,,,,,,,,,,,,
21/03/2024 22:45:00,0,259,,,,,,,,,,,,,,,,,,
21/03/2024 22:30:00,0,259,,,,,,,,,,,,,,,,,,
21/03/2024 22:15:00,0.4,258,,,,,,,,,,,,,,,,,,
21/03/2024 22:00:00,0,258,,,,,,,,,,,,,,,,,,
21/03/2024 21:45:00,0,258,,,,,,,,,,,,,,,,,,
21/03/2024 21:30:00,0,258,,,,,,,,,,,,,,,,,,
21/03/2024 21:15:00,0,258,,,,,,,,,,,,,,,,,,
21/03/2024 21:00:00,0.2,258,,,,,,,,,,,,,,,,,,
21/03/2024 20:45:00,0,259,,,,,,,,,,,,,,,,,,
21/03/2024 20:30:00,0,260,,,,,,,,,,,,,,,,,,
21/03/2024 20:15:00,0,260,,,,,,,,,,,,,,,,,,
21/03/2024 20:00:00,0,261,,,,,,,,,,,,,,,,,,
21/03/2024 19:45:00,0,262,,,,,,,,,,,,,,,,,,
21/03/2024 19:30:00,0.2,263,,,,,,,,,,,,,,,,,,
21/03/2024 19:15:00,0,263,,,,,,,,,,,,,,,,,,
21/03/2024 19:00:00,0.4,264,,,,,,,,,,,,,,,,,,
21/03/2024 18:45:00,0.4,265,,,,,,,,,,,,,,,,,,
21/03/2024 18:30:00,0.8,266,,,,,,,,,,,,,,,,,,
21/03/2024 18:15:00,0,268,,,,,,,,,,,,,,,,,,
21/03/2024 18:00:00,0,267,,,,,,,,,,,,,,,,,,
21/03/2024 17:45:00,0,267,,,,,,,,,,,,,,,,,,
21/03/2024 17:30:00,0,267,,,,,,,,,,,,,,,,,,
21/03/2024 17:15:00,0,267,,,,,,,,,,,,,,,,,,
21/03/2024 17:00:00,0,265,,,,,,,,,,,,,,,,,,
21/03/2024 16:45:00,0,262,,,,,,,,,,,,,,,,,,
21/03/2024 16:30:00,0,260,,,,,,,,,,,,,,,,,,
21/03/2024 16:15:00,0,257,,,,,,,,,,,,,,,,,,
21/03/2024 16:00:00,0,254,,,,,,,,,,,,,,,,,,
21/03/2024 15:45:00,0,251,,,,,,,,,,,,,,,,,,
21/03/2024 15:30:00,0,247,,,,,,,,,,,,,,,,,,
21/03/2024 15:15:00,0,243,,,,,,,,,,,,,,,,,,
21/03/2024 15:00:00,0,237,,,,,,,,,,,,,,,,,,
21/03/2024 14:45:00,0,236,,,,,,,,,,,,,,,,,,
21/03/2024 14:30:00,0,235,,,,,,,,,,,,,,,,,,
21/03/2024 14:15:00,0,235,,,,,,,,,,,,,,,,,,
21/03/2024 14:00:00,0,234,,,,,,,,,,,,,,,,,,
21/03/2024 13:45:00,0,234,,,,,,,,,,,,,,,,,,
21/03/2024 13:30:00,0,234,,,,,,,,,,,,,,,,,,
21/03/2024 13:15:00,0,234,,,,,,,,,,,,,,,,,,
21/03/2024 13:00:00,0,234,,,,,,,,,,,,,,,,,,
21/03/2024 12:45:00,0,234,,,,,,,,,,,,,,,,,,
21/03/2024 12:30:00,0,234,,,,,,,,,,,,,,,,,,
21/03/2024 12:15:00,0.4,234,,,,,,,,,,,,,,,,,,
21/03/2024 12:00:00,0.2,233,,,,,,,,,,,,,,,,,,
21/03/2024 11:45:00,0,233,,,,,,,,,,,,,,,,,,
21/03/2024 11:30:00,0.2,232,,,,,,,,,,,,,,,,,,
21/03/2024 11:15:00,0,231,,,,,,,,,,,,,,,,,,
21/03/2024 11:00:00,0,229,,,,,,,,,,,,,,,,,,
21/03/2024 10:45:00,0,228,,,,,,,,,,,,,,,,,,
21/03/2024 10:30:00,0,227,,,,,,,,,,,,,,,,,,
21/03/2024 10:15:00,0,226,,,,,,,,,,,,,,,,,,
21/03/2024 10:00:00,0,225,,,,,,,,,,,,,,,,,,
21/03/2024 09:45:00,0,225,,,,,,,,,,,,,,,,,,
21/03/2024 09:30:00,0,224,,,,,,,,,,,,,,,,,,
21/03/2024 09:15:00,0.2,223,,,,,,,,,,,,,,,,,,
21/03/2024 09:00:00,0,223,,,,,,,,,,,,,,,,,,
21/03/2024 08:45:00,0.2,222,,,,,,,,,,,,,,,,,,
21/03/2024 08:30:00,0,221,,,,,,,,,,,,,,,,,,
21/03/2024 08:15:00,1,220,,,,,,,,,,,,,,,,,,
21/03/2024 08:00:00,0.8,219,,,,,,,,,,,,,,,,,,
21/03/2024 07:45:00,0.8,218,,,,,,,,,,,,,,,,,,
21/03/2024 07:30:00,0.6,217,,,,,,,,,,,,,,,,,,
21/03/2024 07:15:00,0.4,216,,,,,,,,,,,,,,,,,,
21/03/2024 07:00:00,0.8,216,,,,,,,,,,,,,,,,,,
21/03/2024 06:45:00,0.2,216,,,,,,,,,,,,,,,,,,
21/03/2024 06:30:00,0,216,,,,,,,,,,,,,,,,,,
21/03/2024 06:15:00,0.2,216,,,,,,,,,,,,,,,,,,
21/03/2024 06:00:00,0.4,216,,,,,,,,,,,,,,,,,,
21/03/2024 05:45:00,1,216,,,,,,,,,,,,,,,,,,
21/03/2024 05:30:00,2.2,214,,,,,,,,,,,,,,,,,,
21/03/2024 05:15:00,2.8,214,,,,,,,,,,,,,,,,,,
21/03/2024 05:00:00,0.2,215,,,,,,,,,,,,,,,,,,
21/03/2024 04:45:00,0.2,215,,,,,,,,,,,,,,,,,,
21/03/2024 04:30:00,0,216,,,,,,,,,,,,,,,,,,
21/03/2024 04:15:00,0,216,,,,,,,,,,,,,,,,,,
21/03/2024 04:00:00,0,216,,,,,,,,,,,,,,,,,,
21/03/2024 03:45:00,0,216,,,,,,,,,,,,,,,,,,
21/03/2024 03:30:00,0,216,,,,,,,,,,,,,,,,,,
21/03/2024 03:15:00,0,216,,,,,,,,,,,,,,,,,,
21/03/2024 03:00:00,0,216,,,,,,,,,,,,,,,,,,
21/03/2024 02:45:00,0,216,,,,,,,,,,,,,,,,,,
21/03/2024 02:30:00,0,216,,,,,,,,,,,,,,,,,,
21/03/2024 02:15:00,0,216,,,,,,,,,,,,,,,,,,
21/03/2024 02:00:00,0,216,,,,,,,,,,,,,,,,,,
21/03/2024 01:45:00,0,216,,,,,,,,,,,,,,,,,,
21/03/2024 01:30:00,0,216,,,,,,,,,,,,,,,,,,
21/03/2024 01:15:00,0,217,,,,,,,,,,,,,,,,,,
21/03/2024 01:00:00,0,217,,,,,,,,,,,,,,,,,,
21/03/2024 00:45:00,0,217,,,,,,,,,,,,,,,,,,
21/03/2024 00:30:00,0,217,,,,,,,,,,,,,,,,,,
21/03/2024 00:15:00,0,217,,,,,,,,,,,,,,,,,,
21/03/2024 00:00:00,0,217,,,,,,,,,,,,,,,,,,
20/03/2024 23:45:00,0,217,,,,,,,,,,,,,,,,,,
20/03/2024 23:30:00,0,217,,,,,,,,,,,,,,,,,,
20/03/2024 23:15:00,0,217,,,,,,,,,,,,,,,,,,
20/03/2024 23:00:00,0,217,,,,,,,,,,,,,,,,,,
20/03/2024 22:45:00,0,217,,,,,,,,,,,,,,,,,,
20/03/2024 22:30:00,0,218,,,,,,,,,,,,,,,,,,
20/03/2024 22:15:00,0,218,,,,,,,,,,,,,,,,,,
20/03/2024 22:00:00,0,218,,,,,,,,,,,,,,,,,,
20/03/2024 21:45:00,0,219,,,,,,,,,,,,,,,,,,
20/03/2024 21:30:00,0,219,,,,,,,,,,,,,,,,,,
20/03/2024 21:15:00,0,219,,,,,,,,,,,,,,,,,,
20/03/2024 21:00:00,0,220,,,,,,,,,,,,,,,,,,
20/03/2024 20:45:00,0,220,,,,,,,,,,,,,,,,,,
20/03/2024 20:30:00,0,220,,,,,,,,,,,,,,,,,,
20/03/2024 20:15:00,2,221,,,,,,,,,,,,,,,,,,
20/03/2024 20:00:00,2.6,221,,,,,,,,,,,,,,,,,,
20/03/2024 19:45:00,0,222,,,,,,,,,,,,,,,,,,
20/03/2024 19:30:00,0,222,,,,,,,,,,,,,,,,,,
20/03/2024 19:15:00,0,223,,,,,,,,,,,,,,,,,,
20/03/2024 19:00:00,0,224,,,,,,,,,,,,,,,,,,
20/03/2024 18:45:00,0,225,,,,,,,,,,,,,,,,,,
20/03/2024 18:30:00,0,226,,,,,,,,,,,,,,,,,,
20/03/2024 18:15:00,0,227,,,,,,,,,,,,,,,,,,
20/03/2024 18:00:00,0,229,,,,,,,,,,,,,,,,,,
20/03/2024 17:45:00,0,230,,,,,,,,,,,,,,,,,,
20/03/2024 17:30:00,0,231,,,,,,,,,,,,,,,,,,
20/03/2024 17:15:00,0,233,,,,,,,,,,,,,,,,,,
20/03/2024 17:00:00,0,235,,,,,,,,,,,,,,,,,,
20/03/2024 16:45:00,0,237,,,,,,,,,,,,,,,,,,
20/03/2024 16:30:00,0,239,,,,,,,,,,,,,,,,,,
20/03/2024 16:15:00,0,241,,,,,,,,,,,,,,,,,,
20/03/2024 16:00:00,0,244,,,,,,,,,,,,,,,,,,
20/03/2024 15:45:00,0,245,,,,,,,,,,,,,,,,,,
20/03/2024 15:30:00,0,247,,,,,,,,,,,,,,,,,,
20/03/2024 15:15:00,0,248,,,,,,,,,,,,,,,,,,
20/03/2024 15:00:00,0,250,,,,,,,,,,,,,,,,,,
20/03/2024 14:45:00,0,252,,,,,,,,,,,,,,,,,,
20/03/2024 14:30:00,0,252,,,,,,,,,,,,,,,,,,
20/03/2024 14:15:00,0,253,,,,,,,,,,,,,,,,,,
20/03/2024 14:00:00,0,254,,,,,,,,,,,,,,,,,,
20/03/2024 13:45:00,0,254,,,,,,,,,,,,,,,,,,
20/03/2024 13:30:00,0,255,,,,,,,,,,,,,,,,,,
20/03/2024 13:15:00,0,256,,,,,,,,,,,,,,,,,,
20/03/2024 13:00:00,0,257,,,,,,,,,,,,,,,,,,
20/03/2024 12:45:00,0,257,,,,,,,,,,,,,,,,,,
20/03/2024 12:30:00,0,258,,,,,,,,,,,,,,,,,,
20/03/2024 12:15:00,0,259,,,,,,,,,,,,,,,,,,
20/03/2024 12:00:00,0,260,,,,,,,,,,,,,,,,,,
20/03/2024 11:45:00,0,261,,,,,,,,,,,,,,,,,,
20/03/2024 11:30:00,0,262,,,,,,,,,,,,,,,,,,
20/03/2024 11:15:00,0,264,,,,,,,,,,,,,,,,,,
20/03/2024 11:00:00,0,265,,,,,,,,,,,,,,,,,,
20/03/2024 10:45:00,0,266,,,,,,,,,,,,,,,,,,
20/03/2024 10:30:00,0,268,,,,,,,,,,,,,,,,,,
20/03/2024 10:15:00,0,270,,,,,,,,,,,,,,,,,,
20/03/2024 10:00:00,0,272,,,,,,,,,,,,,,,,,,
20/03/2024 09:45:00,0,273,,,,,,,,,,,,,,,,,,
20/03/2024 09:30:00,0,270,,,,,,,,,,,,,,,,,,
20/03/2024 09:15:00,0,268,,,,,,,,,,,,,,,,,,
20/03/2024 09:00:00,0,265,,,,,,,,,,,,,,,,,,
20/03/2024 08:45:00,0,261,,,,,,,,,,,,,,,,,,
20/03/2024 08:30:00,0,258,,,,,,,,,,,,,,,,,,
20/03/2024 08:15:00,0,254,,,,,,,,,,,,,,,,,,
20/03/2024 08:00:00,0,250,,,,,,,,,,,,,,,,,,
20/03/2024 07:45:00,0,246,,,,,,,,,,,,,,,,,,
20/03/2024 07:30:00,0,241,,,,,,,,,,,,,,,,,,
20/03/2024 07:15:00,0,235,,,,,,,,,,,,,,,,,,
20/03/2024 07:00:00,0,229,,,,,,,,,,,,,,,,,,
20/03/2024 06:45:00,0,227,,,,,,,,,,,,,,,,,,
20/03/2024 06:30:00,0,226,,,,,,,,,,,,,,,,,,
20/03/2024 06:15:00,0,227,,,,,,,,,,,,,,,,,,
20/03/2024 06:00:00,0,229,,,,,,,,,,,,,,,,,,
20/03/2024 05:45:00,0,231,,,,,,,,,,,,,,,,,,
20/03/2024 05:30:00,0,233,,,,,,,,,,,,,,,,,,
20/03/2024 05:15:00,0,235,,,,,,,,,,,,,,,,,,
20/03/2024 05:00:00,0,238,,,,,,,,,,,,,,,,,,
20/03/2024 04:45:00,0,240,,,,,,,,,,,,,,,,,,
20/03/2024 04:30:00,0,243,,,,,,,,,,,,,,,,,,
20/03/2024 04:15:00,0,246,,,,,,,,,,,,,,,,,,
20/03/2024 04:00:00,0,249,,,,,,,,,,,,,,,,,,
20/03/2024 03:45:00,0,254,,,,,,,,,,,,,,,,,,
20/03/2024 03:30:00,0,256,,,,,,,,,,,,,,,,,,
20/03/2024 03:15:00,0,258,,,,,,,,,,,,,,,,,,
20/03/2024 03:00:00,0,259,,,,,,,,,,,,,,,,,,
20/03/2024 02:45:00,0,261,,,,,,,,,,,,,,,,,,
20/03/2024 02:30:00,0,263,,,,,,,,,,,,,,,,,,
20/03/2024 02:15:00,0,263,,,,,,,,,,,,,,,,,,
20/03/2024 02:00:00,0,264,,,,,,,,,,,,,,,,,,
20/03/2024 01:45:00,0,264,,,,,,,,,,,,,,,,,,
20/03/2024 01:30:00,0,265,,,,,,,,,,,,,,,,,,
20/03/2024 01:15:00,0,265,,,,,,,,,,,,,,,,,,
20/03/2024 01:00:00,0,266,,,,,,,,,,,,,,,,,,
20/03/2024 00:45:00,0,265,,,,,,,,,,,,,,,,,,
20/03/2024 00:30:00,0,267,,,,,,,,,,,,,,,,,,
20/03/2024 00:15:00,0,268,,,,,,,,,,,,,,,,,,
20/03/2024 00:00:00,0,268,,,,,,,,,,,,,,,,,,
19/03/2024 23:45:00,0,269,,,,,,,,,,,,,,,,,,
19/03/2024 23:30:00,0,270,,,,,,,,,,,,,,,,,,
19/03/2024 23:15:00,0,271,,,,,,,,,,,,,,,,,,
19/03/2024 23:00:00,0,272,,,,,,,,,,,,,,,,,,
19/03/2024 22:45:00,0,273,,,,,,,,,,,,,,,,,,
19/03/2024 22:30:00,0,274,,,,,,,,,,,,,,,,,,
19/03/2024 22:15:00,0,275,,,,,,,,,,,,,,,,,,
19/03/2024 22:00:00,0,276,,,,,,,,,,,,,,,,,,
19/03/2024 21:45:00,0,278,,,,,,,,,,,,,,,,,,
19/03/2024 21:30:00,0,279,,,,,,,,,,,,,,,,,,
19/03/2024 21:15:00,0,280,,,,,,,,,,,,,,,,,,
19/03/2024 21:00:00,0,282,,,,,,,,,,,,,,,,,,
19/03/2024 20:45:00,0,284,,,,,,,,,,,,,,,,,,
19/03/2024 20:30:00,0,286,,,,,,,,,,,,,,,,,,
19/03/2024 20:15:00,0,286,,,,,,,,,,,,,,,,,,
19/03/2024 20:00:00,0,286,,,,,,,,,,,,,,,,,,
19/03/2024 19:45:00,0,285,,,,,,,,,,,,,,,,,,
19/03/2024 19:30:00,0,285,,,,,,,,,,,,,,,,,,
19/03/2024 19:15:00,0,285,,,,,,,,,,,,,,,,,,
19/03/2024 19:00:00,0,285,,,,,,,,,,,,,,,,,,
19/03/2024 18:45:00,0,285,,,,,,,,,,,,,,,,,,
19/03/2024 18:30:00,0,284,,,,,,,,,,,,,,,,,,
19/03/2024 18:15:00,0,284,,,,,,,,,,,,,,,,,,
19/03/2024 18:00:00,0,284,,,,,,,,,,,,,,,,,,
19/03/2024 17:45:00,0,284,,,,,,,,,,,,,,,,,,
19/03/2024 17:30:00,0,284,,,,,,,,,,,,,,,,,,
19/03/2024 17:15:00,0,284,,,,,,,,,,,,,,,,,,
19/03/2024 17:00:00,0,284,,,,,,,,,,,,,,,,,,
19/03/2024 16:45:00,0,284,,,,,,,,,,,,,,,,,,
19/03/2024 16:30:00,0,283,,,,,,,,,,,,,,,,,,
19/03/2024 16:15:00,0,283,,,,,,,,,,,,,,,,,,
19/03/2024 16:00:00,0,283,,,,,,,,,,,,,,,,,,
19/03/2024 15:45:00,0,282,,,,,,,,,,,,,,,,,,
19/03/2024 08:45:00,,261,,,,,,,,,,,,,,,,,,
19/03/2024 08:30:00,,264,,,,,,,,,,,,,,,,,,
19/03/2024 08:15:00,,266,,,,,,,,,,,,,,,,,,
19/03/2024 08:00:00,,269,,,,,,,,,,,,,,,,,,
19/03/2024 07:45:00,,272,,,,,,,,,,,,,,,,,,
17/03/2024 18:30:00,0,248,,,,,,,,,,,,,,,,,,
17/03/2024 18:15:00,0,246,,,,,,,,,,,,,,,,,,
17/03/2024 18:00:00,0,245,,,,,,,,,,,,,,,,,,
17/03/2024 17:45:00,0,243,,,,,,,,,,,,,,,,,,
17/03/2024 17:30:00,0,240,,,,,,,,,,,,,,,,,,
17/03/2024 17:15:00,0,238,,,,,,,,,,,,,,,,,,
17/03/2024 17:00:00,0,235,,,,,,,,,,,,,,,,,,
17/03/2024 16:45:00,0,233,,,,,,,,,,,,,,,,,,
17/03/2024 16:30:00,0,230,,,,,,,,,,,,,,,,,,
17/03/2024 16:15:00,0,227,,,,,,,,,,,,,,,,,,
17/03/2024 16:00:00,0,225,,,,,,,,,,,,,,,,,,
17/03/2024 15:45:00,0,225,,,,,,,,,,,,,,,,,,
17/03/2024 15:30:00,0,226,,,,,,,,,,,,,,,,,,
17/03/2024 15:15:00,0,226,,,,,,,,,,,,,,,,,,
17/03/2024 15:00:00,0,226,,,,,,,,,,,,,,,,,,
17/03/2024 14:45:00,0,227,,,,,,,,,,,,,,,,,,
17/03/2024 14:30:00,0,227,,,,,,,,,,,,,,,,,,
17/03/2024 14:15:00,0.2,228,,,,,,,,,,,,,,,,,,
17/03/2024 14:00:00,0,229,,,,,,,,,,,,,,,,,,
17/03/2024 13:45:00,0,230,,,,,,,,,,,,,,,,,,
17/03/2024 13:30:00,0,231,,,,,,,,,,,,,,,,,,
17/03/2024 13:15:00,0,232,,,,,,,,,,,,,,,,,,
17/03/2024 13:00:00,0,233,,,,,,,,,,,,,,,,,,
17/03/2024 12:45:00,0,230,,,,,,,,,,,,,,,,,,
17/03/2024 12:30:00,0,227,,,,,,,,,,,,,,,,,,
17/03/2024 12:15:00,0,223,,,,,,,,,,,,,,,,,,
17/03/2024 12:00:00,0,219,,,,,,,,,,,,,,,,,,
17/03/2024 11:45:00,0,214,,,,,,,,,,,,,,,,,,
17/03/2024 11:30:00,0,209,,,,,,,,,,,,,,,,,,
17/03/2024 11:15:00,0,204,,,,,,,,,,,,,,,,,,
17/03/2024 11:00:00,0,198,,,,,,,,,,,,,,,,,,
17/03/2024 10:45:00,0,192,,,,,,,,,,,,,,,,,,
17/03/2024 10:30:00,0,185,,,,,,,,,,,,,,,,,,
17/03/2024 10:15:00,0,179,,,,,,,,,,,,,,,,,,
17/03/2024 10:00:00,0,176,,,,,,,,,,,,,,,,,,
17/03/2024 09:45:00,0,172,,,,,,,,,,,,,,,,,,
17/03/2024 09:30:00,0,168,,,,,,,,,,,,,,,,,,
17/03/2024 09:15:00,0,164,,,,,,,,,,,,,,,,,,
17/03/2024 09:00:00,0,161,,,,,,,,,,,,,,,,,,
17/03/2024 08:45:00,0,161,,,,,,,,,,,,,,,,,,
17/03/2024 08:30:00,0,161,,,,,,,,,,,,,,,,,,
17/03/2024 08:15:00,0,161,,,,,,,,,,,,,,,,,,
17/03/2024 08:00:00,0,161,,,,,,,,,,,,,,,,,,
17/03/2024 07:45:00,0,161,,,,,,,,,,,,,,,,,,
17/03/2024 07:30:00,0,160,,,,,,,,,,,,,,,,,,
17/03/2024 07:15:00,0,160,,,,,,,,,,,,,,,,,,
17/03/2024 07:00:00,0,160,,,,,,,,,,,,,,,,,,
17/03/2024 06:45:00,0,160,,,,,,,,,,,,,,,,,,
17/03/2024 06:30:00,0,160,,,,,,,,,,,,,,,,,,
17/03/2024 06:15:00,0,160,,,,,,,,,,,,,,,,,,
17/03/2024 06:00:00,0,160,,,,,,,,,,,,,,,,,,
17/03/2024 05:45:00,0,160,,,,,,,,,,,,,,,,,,
17/03/2024 05:30:00,0,160,,,,,,,,,,,,,,,,,,
17/03/2024 05:15:00,0,161,,,,,,,,,,,,,,,,,,
17/03/2024 05:00:00,0,161,,,,,,,,,,,,,,,,,,
17/03/2024 04:45:00,0,161,,,,,,,,,,,,,,,,,,
17/03/2024 04:30:00,0,162,,,,,,,,,,,,,,,,,,
17/03/2024 04:15:00,0,162,,,,,,,,,,,,,,,,,,
17/03/2024 04:00:00,0,163,,,,,,,,,,,,,,,,,,
17/03/2024 03:45:00,0,163,,,,,,,,,,,,,,,,,,
17/03/2024 03:30:00,0,164,,,,,,,,,,,,,,,,,,
17/03/2024 03:15:00,0,165,,,,,,,,,,,,,,,,,,
17/03/2024 03:00:00,0,166,,,,,,,,,,,,,,,,,,
17/03/2024 02:45:00,0,166,,,,,,,,,,,,,,,,,,
17/03/2024 02:30:00,0,167,,,,,,,,,,,,,,,,,,
17/03/2024 02:15:00,0,168,,,,,,,,,,,,,,,,,,
17/03/2024 02:00:00,0,169,,,,,,,,,,,,,,,,,,
17/03/2024 01:45:00,0,170,,,,,,,,,,,,,,,,,,
17/03/2024 01:30:00,0,170,,,,,,,,,,,,,,,,,,
17/03/2024 01:15:00,0,171,,,,,,,,,,,,,,,,,,
17/03/2024 01:00:00,0,172,,,,,,,,,,,,,,,,,,
17/03/2024 00:45:00,0,174,,,,,,,,,,,,,,,,,,
17/03/2024 00:30:00,0,175,,,,,,,,,,,,,,,,,,
17/03/2024 00:15:00,0,176,,,,,,,,,,,,,,,,,,
17/03/2024 00:00:00,0,178,,,,,,,,,,,,,,,,,,
16/03/2024 23:45:00,0,179,,,,,,,,,,,,,,,,,,
16/03/2024 23:30:00,0,181,,,,,,,,,,,,,,,,,,
16/03/2024 23:15:00,0,182,,,,,,,,,,,,,,,,,,
16/03/2024 23:00:00,0,184,,,,,,,,,,,,,,,,,,
16/03/2024 22:45:00,0,186,,,,,,,,,,,,,,,,,,
16/03/2024 22:30:00,0,187,,,,,,,,,,,,,,,,,,
16/03/2024 22:15:00,0,189,,,,,,,,,,,,,,,,,,
16/03/2024 22:00:00,0,191,,,,,,,,,,,,,,,,,,
16/03/2024 21:45:00,0,194,,,,,,,,,,,,,,,,,,
16/03/2024 21:30:00,0,194,,,,,,,,,,,,,,,,,,
16/03/2024 21:15:00,0,191,,,,,,,,,,,,,,,,,,
16/03/2024 21:00:00,0,189,,,,,,,,,,,,,,,,,,
16/03/2024 20:45:00,0,187,,,,,,,,,,,,,,,,,,
16/03/2024 20:30:00,0,187,,,,,,,,,,,,,,,,,,
16/03/2024 20:15:00,0,185,,,,,,,,,,,,,,,,,,
16/03/2024 20:00:00,0,182,,,,,,,,,,,,,,,,,,
16/03/2024 19:45:00,0,179,,,,,,,,,,,,,,,,,,
16/03/2024 19:30:00,0,176,,,,,,,,,,,,,,,,,,
16/03/2024 19:15:00,0.2,172,,,,,,,,,,,,,,,,,,
16/03/2024 19:00:00,0,168,,,,,,,,,,,,,,,,,,
16/03/2024 18:45:00,0.4,164,,,,,,,,,,,,,,,,,,
16/03/2024 18:30:00,0.6,164,,,,,,,,,,,,,,,,,,
16/03/2024 18:15:00,0.8,163,,,,,,,,,,,,,,,,,,
16/03/2024 18:00:00,0.2,163,,,,,,,,,,,,,,,,,,
16/03/2024 17:45:00,0,163,,,,,,,,,,,,,,,,,,
16/03/2024 17:30:00,0,163,,,,,,,,,,,,,,,,,,
16/03/2024 17:15:00,0,163,,,,,,,,,,,,,,,,,,
16/03/2024 17:00:00,0,163,,,,,,,,,,,,,,,,,,
16/03/2024 16:45:00,0.6,162,,,,,,,,,,,,,,,,,,
16/03/2024 16:30:00,0.6,162,,,,,,,,,,,,,,,,,,
16/03/2024 16:15:00,1.6,162,,,,,,,,,,,,,,,,,,
16/03/2024 16:00:00,0.8,161,,,,,,,,,,,,,,,,,,
16/03/2024 15:45:00,0.8,161,,,,,,,,,,,,,,,,,,
16/03/2024 15:30:00,0.4,161,,,,,,,,,,,,,,,,,,
16/03/2024 15:15:00,0.2,161,,,,,,,,,,,,,,,,,,
16/03/2024 15:00:00,1,160,,,,,,,,,,,,,,,,,,
16/03/2024 14:45:00,1,160,,,,,,,,,,,,,,,,,,
16/03/2024 14:30:00,0.8,160,,,,,,,,,,,,,,,,,,
16/03/2024 14:15:00,1.2,160,,,,,,,,,,,,,,,,,,
16/03/2024 14:00:00,1.2,160,,,,,,,,,,,,,,,,,,
16/03/2024 13:45:00,0.6,160,,,,,,,,,,,,,,,,,,
16/03/2024 13:30:00,1,160,,,,,,,,,,,,,,,,,,
16/03/2024 13:15:00,0.4,160,,,,,,,,,,,,,,,,,,
16/03/2024 13:00:00,0,160,,,,,,,,,,,,,,,,,,
16/03/2024 12:45:00,0,160,,,,,,,,,,,,,,,,,,
16/03/2024 12:30:00,0,160,,,,,,,,,,,,,,,,,,
16/03/2024 12:15:00,0,160,,,,,,,,,,,,,,,,,,
16/03/2024 12:00:00,0,159,,,,,,,,,,,,,,,,,,
16/03/2024 11:45:00,0,159,,,,,,,,,,,,,,,,,,
16/03/2024 11:30:00,0,160,,,,,,,,,,,,,,,,,,
16/03/2024 11:15:00,0,160,,,,,,,,,,,,,,,,,,
16/03/2024 11:00:00,0,160,,,,,,,,,,,,,,,,,,
16/03/2024 10:45:00,0,160,,,,,,,,,,,,,,,,,,
16/03/2024 10:30:00,0,160,,,,,,,,,,,,,,,,,,
16/03/2024 10:15:00,0,161,,,,,,,,,,,,,,,,,,
16/03/2024 10:00:00,0,161,,,,,,,,,,,,,,,,,,
16/03/2024 09:45:00,0,161,,,,,,,,,,,,,,,,,,
16/03/2024 09:30:00,0,162,,,,,,,,,,,,,,,,,,
16/03/2024 09:15:00,0,162,,,,,,,,,,,,,,,,,,
16/03/2024 09:00:00,0,162,,,,,,,,,,,,,,,,,,
16/03/2024 08:45:00,0,163,,,,,,,,,,,,,,,,,,
16/03/2024 08:30:00,0,163,,,,,,,,,,,,,,,,,,
16/03/2024 08:15:00,0,163,,,,,,,,,,,,,,,,,,
16/03/2024 08:00:00,0,164,,,,,,,,,,,,,,,,,,
16/03/2024 07:45:00,0,165,,,,,,,,,,,,,,,,,,
16/03/2024 07:30:00,0,165,,,,,,,,,,,,,,,,,,
16/03/2024 07:15:00,0,166,,,,,,,,,,,,,,,,,,
16/03/2024 07:00:00,0,167,,,,,,,,,,,,,,,,,,
16/03/2024 06:45:00,0,168,,,,,,,,,,,,,,,,,,
16/03/2024 06:30:00,0,169,,,,,,,,,,,,,,,,,,
16/03/2024 06:15:00,0,170,,,,,,,,,,,,,,,,,,
16/03/2024 06:00:00,0,171,,,,,,,,,,,,,,,,,,
16/03/2024 05:45:00,0,172,,,,,,,,,,,,,,,,,,
16/03/2024 05:30:00,0,173,,,,,,,,,,,,,,,,,,
16/03/2024 05:15:00,0,175,,,,,,,,,,,,,,,,,,
16/03/2024 05:00:00,0,176,,,,,,,,,,,,,,,,,,
16/03/2024 04:45:00,0,178,,,,,,,,,,,,,,,,,,
16/03/2024 04:30:00,0,179,,,,,,,,,,,,,,,,,,
16/03/2024 04:15:00,0,181,,,,,,,,,,,,,,,,,,
16/03/2024 04:00:00,0,183,,,,,,,,,,,,,,,,,,
16/03/2024 03:45:00,0,185,,,,,,,,,,,,,,,,,,
16/03/2024 03:30:00,0,185,,,,,,,,,,,,,,,,,,
16/03/2024 03:15:00,0,186,,,,,,,,,,,,,,,,,,
16/03/2024 03:00:00,0,186,,,,,,,,,,,,,,,,,,
16/03/2024 02:45:00,0,186,,,,,,,,,,,,,,,,,,
16/03/2024 02:30:00,0,186,,,,,,,,,,,,,,,,,,
16/03/2024 02:15:00,0,187,,,,,,,,,,,,,,,,,,
16/03/2024 02:00:00,0,187,,,,,,,,,,,,,,,,,,
16/03/2024 01:45:00,0,187,,,,,,,,,,,,,,,,,,
16/03/2024 01:30:00,0,188,,,,,,,,,,,,,,,,,,
16/03/2024 01:15:00,0,188,,,,,,,,,,,,,,,,,,
16/03/2024 01:00:00,0,189,,,,,,,,,,,,,,,,,,
16/03/2024 00:45:00,0,189,,,,,,,,,,,,,,,,,,
16/03/2024 00:30:00,0,190,,,,,,,,,,,,,,,,,,
16/03/2024 00:15:00,0,191,,,,,,,,,,,,,,,,,,
16/03/2024 00:00:00,0,191,,,,,,,,,,,,,,,,,,
15/03/2024 23:45:00,0,192,,,,,,,,,,,,,,,,,,
15/03/2024 23:30:00,0,192,,,,,,,,,,,,,,,,,,
15/03/2024 23:15:00,0,193,,,,,,,,,,,,,,,,,,
15/03/2024 23:00:00,0,194,,,,,,,,,,,,,,,,,,
15/03/2024 22:45:00,0,194,,,,,,,,,,,,,,,,,,
15/03/2024 22:30:00,0,195,,,,,,,,,,,,,,,,,,
15/03/2024 22:15:00,0,196,,,,,,,,,,,,,,,,,,
15/03/2024 22:00:00,0,196,,,,,,,,,,,,,,,,,,
15/03/2024 21:45:00,0,197,,,,,,,,,,,,,,,,,,
15/03/2024 21:30:00,0,198,,,,,,,,,,,,,,,,,,
15/03/2024 21:15:00,0,199,,,,,,,,,,,,,,,,,,
15/03/2024 21:00:00,0,201,,,,,,,,,,,,,,,,,,
15/03/2024 20:45:00,0,201,,,,,,,,,,,,,,,,,,
15/03/2024 20:30:00,0,203,,,,,,,,,,,,,,,,,,
15/03/2024 20:15:00,0,204,,,,,,,,,,,,,,,,,,
15/03/2024 20:00:00,0,206,,,,,,,,,,,,,,,,,,
15/03/2024 19:45:00,0,207,,,,,,,,,,,,,,,,,,
15/03/2024 19:30:00,0,209,,,,,,,,,,,,,,,,,,
15/03/2024 19:15:00,0,210,,,,,,,,,,,,,,,,,,
15/03/2024 19:00:00,0,213,,,,,,,,,,,,,,,,,,
15/03/2024 18:45:00,0,214,,,,,,,,,,,,,,,,,,
15/03/2024 18:30:00,0,217,,,,,,,,,,,,,,,,,,
15/03/2024 18:15:00,0,217,,,,,,,,,,,,,,,,,,
15/03/2024 18:00:00,0,218,,,,,,,,,,,,,,,,,,
15/03/2024 17:45:00,0,219,,,,,,,,,,,,,,,,,,
15/03/2024 17:30:00,0,217,,,,,,,,,,,,,,,,,,
15/03/2024 17:15:00,0.4,216,,,,,,,,,,,,,,,,,,
15/03/2024 17:00:00,0,214,,,,,,,,,,,,,,,,,,
15/03/2024 16:45:00,0.2,212,,,,,,,,,,,,,,,,,,
15/03/2024 16:30:00,0.6,210,,,,,,,,,,,,,,,,,,
15/03/2024 16:15:00,0.2,207,,,,,,,,,,,,,,,,,,
15/03/2024 16:00:00,0,205,,,,,,,,,,,,,,,,,,
15/03/2024 15:45:00,0,202,,,,,,,,,,,,,,,,,,
15/03/2024 15:30:00,0.4,199,,,,,,,,,,,,,,,,,,
15/03/2024 15:15:00,0.2,196,,,,,,,,,,,,,,,,,,
15/03/2024 15:00:00,0,193,,,,,,,,,,,,,,,,,,
15/03/2024 14:45:00,0,188,,,,,,,,,,,,,,,,,,
15/03/2024 14:30:00,0.4,188,,,,,,,,,,,,,,,,,,
15/03/2024 14:15:00,0.8,188,,,,,,,,,,,,,,,,,,
15/03/2024 14:00:00,0,188,,,,,,,,,,,,,,,,,,
15/03/2024 13:45:00,0,188,,,,,,,,,,,,,,,,,,
15/03/2024 13:30:00,0,188,,,,,,,,,,,,,,,,,,
15/03/2024 13:15:00,0,188,,,,,,,,,,,,,,,,,,
15/03/2024 13:00:00,0,188,,,,,,,,,,,,,,,,,,
15/03/2024 12:45:00,0,188,,,,,,,,,,,,,,,,,,
15/03/2024 12:30:00,0,188,,,,,,,,,,,,,,,,,,
15/03/2024 12:15:00,0,188,,,,,,,,,,,,,,,,,,
15/03/2024 12:00:00,0,189,,,,,,,,,,,,,,,,,,
15/03/2024 11:45:00,0,189,,,,,,,,,,,,,,,,,,
15/03/2024 11:30:00,0,189,,,,,,,,,,,,,,,,,,
15/03/2024 11:15:00,0,188,,,,,,,,,,,,,,,,,,
15/03/2024 11:00:00,0,187,,,,,,,,,,,,,,,,,,
15/03/2024 10:45:00,0,187,,,,,,,,,,,,,,,,,,
15/03/2024 10:30:00,0,187,,,,,,,,,,,,,,,,,,
15/03/2024 10:15:00,0,187,,,,,,,,,,,,,,,,,,
15/03/2024 10:00:00,0,187,,,,,,,,,,,,,,,,,,
15/03/2024 09:45:00,0,186,,,,,,,,,,,,,,,,,,
15/03/2024 09:30:00,0,186,,,,,,,,,,,,,,,,,,
15/03/2024 09:15:00,0,186,,,,,,,,,,,,,,,,,,
15/03/2024 09:00:00,0,186,,,,,,,,,,,,,,,,,,
15/03/2024 08:45:00,0,186,,,,,,,,,,,,,,,,,,
15/03/2024 08:30:00,0.2,186,,,,,,,,,,,,,,,,,,
15/03/2024 08:15:00,0,187,,,,,,,,,,,,,,,,,,
15/03/2024 08:00:00,0.2,187,,,,,,,,,,,,,,,,,,
15/03/2024 07:45:00,0,188,,,,,,,,,,,,,,,,,,
15/03/2024 07:30:00,0.2,188,,,,,,,,,,,,,,,,,,
15/03/2024 07:15:00,0,188,,,,,,,,,,,,,,,,,,
15/03/2024 07:00:00,0.2,189,,,,,,,,,,,,,,,,,,
15/03/2024 06:45:00,0.4,189,,,,,,,,,,,,,,,,,,
15/03/2024 06:30:00,0,190,,,,,,,,,,,,,,,,,,
15/03/2024 06:15:00,0.2,190,,,,,,,,,,,,,,,,,,
15/03/2024 06:00:00,0.4,191,,,,,,,,,,,,,,,,,,
15/03/2024 05:45:00,0,191,,,,,,,,,,,,,,,,,,
15/03/2024 05:30:00,0,191,,,,,,,,,,,,,,,,,,
15/03/2024 05:15:00,0.2,192,,,,,,,,,,,,,,,,,,
15/03/2024 05:00:00,1.4,193,,,,,,,,,,,,,,,,,,
15/03/2024 04:45:00,0,193,,,,,,,,,,,,,,,,,,
15/03/2024 04:30:00,0,194,,,,,,,,,,,,,,,,,,
15/03/2024 04:15:00,0,195,,,,,,,,,,,,,,,,,,
15/03/2024 04:00:00,0,196,,,,,,,,,,,,,,,,,,
15/03/2024 03:45:00,0,197,,,,,,,,,,,,,,,,,,
15/03/2024 03:30:00,0,198,,,,,,,,,,,,,,,,,,
15/03/2024 03:15:00,0,200,,,,,,,,,,,,,,,,,,
15/03/2024 03:00:00,0,201,,,,,,,,,,,,,,,,,,
15/03/2024 02:45:00,0,202,,,,,,,,,,,,,,,,,,
15/03/2024 02:30:00,0,204,,,,,,,,,,,,,,,,,,
15/03/2024 02:15:00,0,205,,,,,,,,,,,,,,,,,,
15/03/2024 02:00:00,0,207,,,,,,,,,,,,,,,,,,
15/03/2024 01:45:00,0,209,,,,,,,,,,,,,,,,,,
15/03/2024 01:30:00,0,211,,,,,,,,,,,,,,,,,,
15/03/2024 01:15:00,0,213,,,,,,,,,,,,,,,,,,
15/03/2024 01:00:00,0,215,,,,,,,,,,,,,,,,,,
15/03/2024 00:45:00,0,217,,,,,,,,,,,,,,,,,,
15/03/2024 00:30:00,0,220,,,,,,,,,,,,,,,,,,
15/03/2024 00:15:00,0,223,,,,,,,,,,,,,,,,,,
15/03/2024 00:00:00,0,224,,,,,,,,,,,,,,,,,,
14/03/2024 23:45:00,0,225,,,,,,,,,,,,,,,,,,
14/03/2024 23:30:00,0,227,,,,,,,,,,,,,,,,,,
14/03/2024 23:15:00,0,228,,,,,,,,,,,,,,,,,,
14/03/2024 23:00:00,0,230,,,,,,,,,,,,,,,,,,
14/03/2024 22:45:00,0,232,,,,,,,,,,,,,,,,,,
14/03/2024 22:30:00,0,234,,,,,,,,,,,,,,,,,,
14/03/2024 22:15:00,0,236,,,,,,,,,,,,,,,,,,
14/03/2024 22:00:00,0,234,,,,,,,,,,,,,,,,,,
14/03/2024 21:45:00,0,233,,,,,,,,,,,,,,,,,,
14/03/2024 21:30:00,0,231,,,,,,,,,,,,,,,,,,
14/03/2024 21:15:00,0,230,,,,,,,,,,,,,,,,,,
14/03/2024 21:00:00,0,228,,,,,,,,,,,,,,,,,,
14/03/2024 20:45:00,0,226,,,,,,,,,,,,,,,,,,
14/03/2024 20:30:00,0,224,,,,,,,,,,,,,,,,,,
14/03/2024 20:15:00,0,222,,,,,,,,,,,,,,,,,,
14/03/2024 20:00:00,0,219,,,,,,,,,,,,,,,,,,
14/03/2024 19:45:00,0,216,,,,,,,,,,,,,,,,,,
14/03/2024 19:30:00,0,213,,,,,,,,,,,,,,,,,,
14/03/2024 19:15:00,0,210,,,,,,,,,,,,,,,,,,
14/03/2024 19:00:00,0,206,,,,,,,,,,,,,,,,,,
14/03/2024 18:45:00,0,203,,,,,,,,,,,,,,,,,,
14/03/2024 18:30:00,0,199,,,,,,,,,,,,,,,,,,
14/03/2024 18:15:00,0,198,,,,,,,,,,,,,,,,,,
14/03/2024 18:00:00,0,198,,,,,,,,,,,,,,,,,,
14/03/2024 17:45:00,0,197,,,,,,,,,,,,,,,,,,
14/03/2024 17:30:00,0,196,,,,,,,,,,,,,,,,,,
14/03/2024 17:15:00,0,196,,,,,,,,,,,,,,,,,,
14/03/2024 17:00:00,0,195,,,,,,,,,,,,,,,,,,
14/03/2024 16:45:00,0,194,,,,,,,,,,,,,,,,,,
14/03/2024 16:30:00,0,194,,,,,,,,,,,,,,,,,,
14/03/2024 16:15:00,0,193,,,,,,,,,,,,,,,,,,
14/03/2024 16:00:00,0,192,,,,,,,,,,,,,,,,,,
14/03/2024 15:45:00,0,191,,,,,,,,,,,,,,,,,,
14/03/2024 15:30:00,0,191,,,,,,,,,,,,,,,,,,
14/03/2024 15:15:00,0,190,,,,,,,,,,,,,,,,,,
14/03/2024 15:00:00,0,189,,,,,,,,,,,,,,,,,,
14/03/2024 14:45:00,0,189,,,,,,,,,,,,,,,,,,
14/03/2024 14:30:00,0,188,,,,,,,,,,,,,,,,,,
14/03/2024 14:15:00,0,187,,,,,,,,,,,,,,,,,,
14/03/2024 14:00:00,0,187,,,,,,,,,,,,,,,,,,
14/03/2024 13:45:00,0,187,,,,,,,,,,,,,,,,,,
14/03/2024 13:30:00,0,187,,,,,,,,,,,,,,,,,,
14/03/2024 13:15:00,0,188,,,,,,,,,,,,,,,,,,
14/03/2024 13:00:00,0,188,,,,,,,,,,,,,,,,,,
14/03/2024 12:45:00,0,188,,,,,,,,,,,,,,,,,,
14/03/2024 12:30:00,0,188,,,,,,,,,,,,,,,,,,
14/03/2024 12:15:00,0,189,,,,,,,,,,,,,,,,,,
14/03/2024 12:00:00,0,189,,,,,,,,,,,,,,,,,,
14/03/2024 11:45:00,0,189,,,,,,,,,,,,,,,,,,
14/03/2024 11:30:00,0,189,,,,,,,,,,,,,,,,,,
14/03/2024 11:15:00,0,190,,,,,,,,,,,,,,,,,,
14/03/2024 11:00:00,0,190,,,,,,,,,,,,,,,,,,
14/03/2024 10:45:00,0,190,,,,,,,,,,,,,,,,,,
14/03/2024 10:30:00,0,191,,,,,,,,,,,,,,,,,,
14/03/2024 10:15:00,0,192,,,,,,,,,,,,,,,,,,
14/03/2024 10:00:00,0,192,,,,,,,,,,,,,,,,,,
14/03/2024 09:45:00,0,193,,,,,,,,,,,,,,,,,,
14/03/2024 09:30:00,0,194,,,,,,,,,,,,,,,,,,
14/03/2024 09:15:00,0,194,,,,,,,,,,,,,,,,,,
14/03/2024 09:00:00,0,195,,,,,,,,,,,,,,,,,,
14/03/2024 08:45:00,0,196,,,,,,,,,,,,,,,,,,
14/03/2024 08:30:00,0,197,,,,,,,,,,,,,,,,,,
14/03/2024 08:15:00,0,198,,,,,,,,,,,,,,,,,,
14/03/2024 08:00:00,0,199,,,,,,,,,,,,,,,,,,
14/03/2024 07:45:00,0,200,,,,,,,,,,,,,,,,,,
14/03/2024 07:30:00,0,201,,,,,,,,,,,,,,,,,,
14/03/2024 07:15:00,0,202,,,,,,,,,,,,,,,,,,
14/03/2024 07:00:00,0,203,,,,,,,,,,,,,,,,,,
14/03/2024 06:45:00,0,205,,,,,,,,,,,,,,,,,,
14/03/2024 06:30:00,0,206,,,,,,,,,,,,,,,,,,
14/03/2024 06:15:00,0,208,,,,,,,,,,,,,,,,,,
14/03/2024 06:00:00,0,209,,,,,,,,,,,,,,,,,,
14/03/2024 05:45:00,0,211,,,,,,,,,,,,,,,,,,
14/03/2024 05:30:00,0,213,,,,,,,,,,,,,,,,,,
14/03/2024 05:15:00,0,214,,,,,,,,,,,,,,,,,,
14/03/2024 05:00:00,0,216,,,,,,,,,,,,,,,,,,
14/03/2024 04:45:00,0,218,,,,,,,,,,,,,,,,,,
14/03/2024 04:30:00,0,220,,,,,,,,,,,,,,,,,,
14/03/2024 04:15:00,0,222,,,,,,,,,,,,,,,,,,
14/03/2024 04:00:00,0,224,,,,,,,,,,,,,,,,,,
14/03/2024 03:45:00,0,224,,,,,,,,,,,,,,,,,,
14/03/2024 03:30:00,0,224,,,,,,,,,,,,,,,,,,
14/03/2024 03:15:00,0,224,,,,,,,,,,,,,,,,,,
14/03/2024 03:00:00,0,224,,,,,,,,,,,,,,,,,,
14/03/2024 02:45:00,0,224,,,,,,,,,,,,,,,,,,
14/03/2024 02:30:00,0,224,,,,,,,,,,,,,,,,,,
14/03/2024 02:15:00,0,224,,,,,,,,,,,,,,,,,,
14/03/2024 02:00:00,0,224,,,,,,,,,,,,,,,,,,
14/03/2024 01:45:00,0,224,,,,,,,,,,,,,,,,,,
14/03/2024 01:30:00,0,225,,,,,,,,,,,,,,,,,,
14/03/2024 01:15:00,0,225,,,,,,,,,,,,,,,,,,
14/03/2024 01:00:00,0,225,,,,,,,,,,,,,,,,,,
14/03/2024 00:45:00,0,225,,,,,,,,,,,,,,,,,,
14/03/2024 00:30:00,0,225,,,,,,,,,,,,,,,,,,
14/03/2024 00:15:00,0,224,,,,,,,,,,,,,,,,,,
14/03/2024 00:00:00,0,224,,,,,,,,,,,,,,,,,,
13/03/2024 23:45:00,0,224,,,,,,,,,,,,,,,,,,
13/03/2024 23:30:00,0,224,,,,,,,,,,,,,,,,,,
13/03/2024 23:15:00,0,224,,,,,,,,,,,,,,,,,,
13/03/2024 23:00:00,0,224,,,,,,,,,,,,,,,,,,
13/03/2024 22:45:00,0,224,,,,,,,,,,,,,,,,,,
13/03/2024 22:30:00,0,224,,,,,,,,,,,,,,,,,,
13/03/2024 22:15:00,0,223,,,,,,,,,,,,,,,,,,
13/03/2024 22:00:00,0,223,,,,,,,,,,,,,,,,,,
13/03/2024 21:45:00,0,223,,,,,,,,,,,,,,,,,,
13/03/2024 21:30:00,0,223,,,,,,,,,,,,,,,,,,
13/03/2024 21:15:00,0,222,,,,,,,,,,,,,,,,,,
13/03/2024 21:00:00,0,222,,,,,,,,,,,,,,,,,,
13/03/2024 20:45:00,0,222,,,,,,,,,,,,,,,,,,
13/03/2024 20:30:00,0,222,,,,,,,,,,,,,,,,,,
13/03/2024 20:15:00,0,222,,,,,,,,,,,,,,,,,,
13/03/2024 20:00:00,0,221,,,,,,,,,,,,,,,,,,
13/03/2024 19:45:00,0,221,,,,,,,,,,,,,,,,,,
13/03/2024 19:30:00,0,221,,,,,,,,,,,,,,,,,,
13/03/2024 19:15:00,0,220,,,,,,,,,,,,,,,,,,
13/03/2024 19:00:00,0,220,,,,,,,,,,,,,,,,,,
13/03/2024 18:45:00,0,220,,,,,,,,,,,,,,,,,,
13/03/2024 18:30:00,0,219,,,,,,,,,,,,,,,,,,
13/03/2024 18:15:00,0,219,,,,,,,,,,,,,,,,,,
13/03/2024 18:00:00,0,219,,,,,,,,,,,,,,,,,,
13/03/2024 17:45:00,0,219,,,,,,,,,,,,,,,,,,
13/03/2024 17:30:00,0,219,,,,,,,,,,,,,,,,,,
13/03/2024 17:15:00,0,219,,,,,,,,,,,,,,,,,,
13/03/2024 17:00:00,0,219,,,,,,,,,,,,,,,,,,
13/03/2024 16:45:00,0,218,,,,,,,,,,,,,,,,,,
13/03/2024 16:30:00,0,218,,,,,,,,,,,,,,,,,,
13/03/2024 16:15:00,0,219,,,,,,,,,,,,,,,,,,
13/03/2024 16:00:00,0,218,,,,,,,,,,,,,,,,,,
13/03/2024 15:45:00,0,218,,,,,,,,,,,,,,,,,,
13/03/2024 15:30:00,0,218,,,,,,,,,,,,,,,,,,
13/03/2024 15:15:00,0,218,,,,,,,,,,,,,,,,,,
13/03/2024 15:00:00,0,219,,,,,,,,,,,,,,,,,,
13/03/2024 14:45:00,0,218,,,,,,,,,,,,,,,,,,
13/03/2024 14:30:00,0,218,,,,,,,,,,,,,,,,,,
13/03/2024 14:15:00,0,218,,,,,,,,,,,,,,,,,,
13/03/2024 14:00:00,0,219,,,,,,,,,,,,,,,,,,
13/03/2024 13:45:00,0,219,,,,,,,,,,,,,,,,,,
13/03/2024 13:30:00,0,218,,,,,,,,,,,,,,,,,,
13/03/2024 13:15:00,0,218,,,,,,,,,,,,,,,,,,
13/03/2024 13:00:00,0,218,,,,,,,,,,,,,,,,,,
13/03/2024 12:45:00,0,218,,,,,,,,,,,,,,,,,,
13/03/2024 12:30:00,0,218,,,,,,,,,,,,,,,,,,
13/03/2024 12:15:00,0,218,,,,,,,,,,,,,,,,,,
13/03/2024 12:00:00,0,218,,,,,,,,,,,,,,,,,,
13/03/2024 11:45:00,0,218,,,,,,,,,,,,,,,,,,
13/03/2024 11:30:00,0,218,,,,,,,,,,,,,,,,,,
13/03/2024 11:15:00,0,218,,,,,,,,,,,,,,,,,,
13/03/2024 11:00:00,0,218,,,,,,,,,,,,,,,,,,
13/03/2024 10:45:00,0,218,,,,,,,,,,,,,,,,,,
13/03/2024 10:30:00,0,218,,,,,,,,,,,,,,,,,,
13/03/2024 10:15:00,0,217,,,,,,,,,,,,,,,,,,
13/03/2024 10:00:00,0,217,,,,,,,,,,,,,,,,,,
13/03/2024 09:45:00,0,217,,,,,,,,,,,,,,,,,,
13/03/2024 09:30:00,0,216,,,,,,,,,,,,,,,,,,
13/03/2024 09:15:00,0,216,,,,,,,,,,,,,,,,,,
13/03/2024 09:00:00,0,216,,,,,,,,,,,,,,,,,,
13/03/2024 08:45:00,0,215,,,,,,,,,,,,,,,,,,
13/03/2024 08:30:00,0,215,,,,,,,,,,,,,,,,,,
13/03/2024 08:15:00,0,214,,,,,,,,,,,,,,,,,,
13/03/2024 08:00:00,0,213,,,,,,,,,,,,,,,,,,
13/03/2024 07:45:00,0,213,,,,,,,,,,,,,,,,,,
13/03/2024 07:30:00,0,212,,,,,,,,,,,,,,,,,,
13/03/2024 07:15:00,0,211,,,,,,,,,,,,,,,,,,
13/03/2024 07:00:00,0,211,,,,,,,,,,,,,,,,,,
13/03/2024 06:45:00,0,211,,,,,,,,,,,,,,,,,,
13/03/2024 06:30:00,0,212,,,,,,,,,,,,,,,,,,
13/03/2024 06:15:00,0,212,,,,,,,,,,,,,,,,,,
13/03/2024 06:00:00,0,213,,,,,,,,,,,,,,,,,,
13/03/2024 05:45:00,0,213,,,,,,,,,,,,,,,,,,
13/03/2024 05:30:00,0,214,,,,,,,,,,,,,,,,,,
13/03/2024 05:15:00,0,214,,,,,,,,,,,,,,,,,,
13/03/2024 05:00:00,0,215,,,,,,,,,,,,,,,,,,
13/03/2024 04:45:00,0,215,,,,,,,,,,,,,,,,,,
13/03/2024 04:30:00,0,216,,,,,,,,,,,,,,,,,,
13/03/2024 04:15:00,0,216,,,,,,,,,,,,,,,,,,
13/03/2024 04:00:00,0,217,,,,,,,,,,,,,,,,,,
13/03/2024 03:45:00,0,218,,,,,,,,,,,,,,,,,,
13/03/2024 03:30:00,0,218,,,,,,,,,,,,,,,,,,
13/03/2024 03:15:00,0,219,,,,,,,,,,,,,,,,,,
13/03/2024 03:00:00,0,220,,,,,,,,,,,,,,,,,,
13/03/2024 02:45:00,0,221,,,,,,,,,,,,,,,,,,
13/03/2024 02:30:00,0,222,,,,,,,,,,,,,,,,,,
13/03/2024 02:15:00,0,223,,,,,,,,,,,,,,,,,,
13/03/2024 02:00:00,0,224,,,,,,,,,,,,,,,,,,
13/03/2024 01:45:00,0,224,,,,,,,,,,,,,,,,,,
13/03/2024 01:30:00,0,226,,,,,,,,,,,,,,,,,,
13/03/2024 01:15:00,0,227,,,,,,,,,,,,,,,,,,
13/03/2024 01:00:00,0,228,,,,,,,,,,,,,,,,,,
13/03/2024 00:45:00,0,230,,,,,,,,,,,,,,,,,,
13/03/2024 00:30:00,0,231,,,,,,,,,,,,,,,,,,
13/03/2024 00:15:00,0,233,,,,,,,,,,,,,,,,,,
13/03/2024 00:00:00,0,234,,,,,,,,,,,,,,,,,,
12/3/2024 23:45,0,237,,,,,,,,,,,,,,,,,,
12/3/2024 23:30,0,238,,,,,,,,,,,,,,,,,,
12/3/2024 23:15,0,241,,,,,,,,,,,,,,,,,,
12/3/2024 23:00,0,243,,,,,,,,,,,,,,,,,,
12/3/2024 22:45,0,246,,,,,,,,,,,,,,,,,,
12/3/2024 22:30,0,249,,,,,,,,,,,,,,,,,,
12/3/2024 22:15,0,252,,,,,,,,,,,,,,,,,,
12/3/2024 22:00,0,255,,,,,,,,,,,,,,,,,,
12/3/2024 21:45,0,259,,,,,,,,,,,,,,,,,,
12/3/2024 21:30,0,259,,,,,,,,,,,,,,,,,,
12/3/2024 21:15,0,259,,,,,,,,,,,,,,,,,,
12/3/2024 21:00,0,259,,,,,,,,,,,,,,,,,,
12/3/2024 20:45,0,259,,,,,,,,,,,,,,,,,,
12/3/2024 20:30,0,259,,,,,,,,,,,,,,,,,,
12/3/2024 20:15,0,259,,,,,,,,,,,,,,,,,,
12/3/2024 20:00,0,259,,,,,,,,,,,,,,,,,,
12/3/2024 19:45,0,259,,,,,,,,,,,,,,,,,,
12/3/2024 19:30,0,259,,,,,,,,,,,,,,,,,,
12/3/2024 19:15,0,259,,,,,,,,,,,,,,,,,,
12/3/2024 19:00,0,259,,,,,,,,,,,,,,,,,,
12/3/2024 18:45,0,259,,,,,,,,,,,,,,,,,,
12/3/2024 18:30,0,259,,,,,,,,,,,,,,,,,,
12/3/2024 18:15,0,259,,,,,,,,,,,,,,,,,,
12/3/2024 18:00,0,259,,,,,,,,,,,,,,,,,,
12/3/2024 17:45,0,259,,,,,,,,,,,,,,,,,,
12/3/2024 17:30,0,259,,,,,,,,,,,,,,,,,,
12/3/2024 17:15,0,259,,,,,,,,,,,,,,,,,,
12/3/2024 17:00,0,259,,,,,,,,,,,,,,,,,,
12/3/2024 16:45,0,259,,,,,,,,,,,,,,,,,,
12/3/2024 16:30,0,259,,,,,,,,,,,,,,,,,,
12/3/2024 16:15,0,258,,,,,,,,,,,,,,,,,,
12/3/2024 16:00,0,258,,,,,,,,,,,,,,,,,,
12/3/2024 15:45,0,258,,,,,,,,,,,,,,,,,,
12/3/2024 15:30,0,258,,,,,,,,,,,,,,,,,,
12/3/2024 15:15,0,258,,,,,,,,,,,,,,,,,,
12/3/2024 15:00,0,258,,,,,,,,,,,,,,,,,,
12/3/2024 14:45,0,258,,,,,,,,,,,,,,,,,,
12/3/2024 14:30,0,257,,,,,,,,,,,,,,,,,,
12/3/2024 14:15,0,257,,,,,,,,,,,,,,,,,,
12/3/2024 14:00,0,257,,,,,,,,,,,,,,,,,,
12/3/2024 13:45,0,257,,,,,,,,,,,,,,,,,,
12/3/2024 13:30,0,257,,,,,,,,,,,,,,,,,,
12/3/2024 13:15,0,256,,,,,,,,,,,,,,,,,,
12/3/2024 13:00,0,256,,,,,,,,,,,,,,,,,,
12/3/2024 12:45,0,256,,,,,,,,,,,,,,,,,,
12/3/2024 12:30,0,256,,,,,,,,,,,,,,,,,,
12/3/2024 12:15,0,255,,,,,,,,,,,,,,,,,,
12/3/2024 12:00,0,255,,,,,,,,,,,,,,,,,,
12/3/2024 11:45,0,255,,,,,,,,,,,,,,,,,,
12/3/2024 11:30,0,254,,,,,,,,,,,,,,,,,,
12/3/2024 11:15,0,254,,,,,,,,,,,,,,,,,,
12/3/2024 11:00,0,253,,,,,,,,,,,,,,,,,,
12/3/2024 10:45,0,252,,,,,,,,,,,,,,,,,,
12/3/2024 10:30,0,252,,,,,,,,,,,,,,,,,,
12/3/2024 10:15,0,251,,,,,,,,,,,,,,,,,,
12/3/2024 10:00,0,250,,,,,,,,,,,,,,,,,,
12/3/2024 9:45,0,252,,,,,,,,,,,,,,,,,,
12/3/2024 9:30,0,253,,,,,,,,,,,,,,,,,,
12/3/2024 9:15,0,255,,,,,,,,,,,,,,,,,,
12/3/2024 9:00,0,257,,,,,,,,,,,,,,,,,,
12/3/2024 8:45,0,259,,,,,,,,,,,,,,,,,,
12/3/2024 8:30,0,261,,,,,,,,,,,,,,,,,,
12/3/2024 8:15,0,263,,,,,,,,,,,,,,,,,,
12/3/2024 8:00,0,265,,,,,,,,,,,,,,,,,,
12/3/2024 7:45,0,268,,,,,,,,,,,,,,,,,,
12/3/2024 7:30,0,271,,,,,,,,,,,,,,,,,,
12/3/2024 7:15,0,272,,,,,,,,,,,,,,,,,,
12/3/2024 7:00,0,274,,,,,,,,,,,,,,,,,,
12/3/2024 6:45,0,275,,,,,,,,,,,,,,,,,,
12/3/2024 6:30,0,275,,,,,,,,,,,,,,,,,,
12/3/2024 6:15,0,275,,,,,,,,,,,,,,,,,,
12/3/2024 6:00,0,275,,,,,,,,,,,,,,,,,,
12/3/2024 5:45,0,276,,,,,,,,,,,,,,,,,,
12/3/2024 5:30,0,276,,,,,,,,,,,,,,,,,,
12/3/2024 5:15,0,276,,,,,,,,,,,,,,,,,,
12/3/2024 5:00,0,276,,,,,,,,,,,,,,,,,,
12/3/2024 4:45,0,276,,,,,,,,,,,,,,,,,,
12/3/2024 4:30,0,276,,,,,,,,,,,,,,,,,,
12/3/2024 4:15,0,276,,,,,,,,,,,,,,,,,,
12/3/2024 4:00,0,276,,,,,,,,,,,,,,,,,,
12/3/2024 3:45,0,276,,,,,,,,,,,,,,,,,,
12/3/2024 3:30,0,276,,,,,,,,,,,,,,,,,,
12/3/2024 3:15,0,276,,,,,,,,,,,,,,,,,,
12/3/2024 3:00,0,275,,,,,,,,,,,,,,,,,,
12/3/2024 2:45,0,275,,,,,,,,,,,,,,,,,,
12/3/2024 2:30,0,275,,,,,,,,,,,,,,,,,,
12/3/2024 2:15,0,275,,,,,,,,,,,,,,,,,,
12/3/2024 2:00,0,275,,,,,,,,,,,,,,,,,,
12/3/2024 1:45,0,274,,,,,,,,,,,,,,,,,,
12/3/2024 1:30,0,274,,,,,,,,,,,,,,,,,,
12/3/2024 1:15,0,274,,,,,,,,,,,,,,,,,,
12/3/2024 1:00,0,273,,,,,,,,,,,,,,,,,,
12/3/2024 0:45,0,273,,,,,,,,,,,,,,,,,,
12/3/2024 0:30,0,272,,,,,,,,,,,,,,,,,,
12/3/2024 0:15,0,273,,,,,,,,,,,,,,,,,,
12/3/2024 0:00,0,274,,,,,,,,,,,,,,,,,,
11/3/2024 23:45,0,275,,,,,,,,,,,,,,,,,,
11/3/2024 23:30,0,276,,,,,,,,,,,,,,,,,,
11/3/2024 23:15,0,277,,,,,,,,,,,,,,,,,,
11/3/2024 23:00,0,278,,,,,,,,,,,,,,,,,,
11/3/2024 22:45,0,280,,,,,,,,,,,,,,,,,,
11/3/2024 22:30,0,282,,,,,,,,,,,,,,,,,,
11/3/2024 22:15,0,283,,,,,,,,,,,,,,,,,,
11/3/2024 22:00,0,285,,,,,,,,,,,,,,,,,,
11/3/2024 21:45,0,287,,,,,,,,,,,,,,,,,,
11/3/2024 21:30,0,292,,,,,,,,,,,,,,,,,,
11/3/2024 21:15,0,295,,,,,,,,,,,,,,,,,,
11/3/2024 21:00,0,299,,,,,,,,,,,,,,,,,,
11/3/2024 20:45,0,299,,,,,,,,,,,,,,,,,,
11/3/2024 20:30,0,299,,,,,,,,,,,,,,,,,,
11/3/2024 20:15,0,299,,,,,,,,,,,,,,,,,,
11/3/2024 20:00,0,299,,,,,,,,,,,,,,,,,,
11/3/2024 19:45,0,299,,,,,,,,,,,,,,,,,,
11/3/2024 19:30,0,299,,,,,,,,,,,,,,,,,,
11/3/2024 19:15,0,299,,,,,,,,,,,,,,,,,,
11/3/2024 19:00,0,299,,,,,,,,,,,,,,,,,,
11/3/2024 18:45,0,300,,,,,,,,,,,,,,,,,,
11/3/2024 18:30,0,300,,,,,,,,,,,,,,,,,,
11/3/2024 18:15,0,299,,,,,,,,,,,,,,,,,,
11/3/2024 18:00,0,300,,,,,,,,,,,,,,,,,,
11/3/2024 17:45,0,300,,,,,,,,,,,,,,,,,,
11/3/2024 17:30,0,300,,,,,,,,,,,,,,,,,,
11/3/2024 17:15,0,301,,,,,,,,,,,,,,,,,,
11/3/2024 17:00,0,301,,,,,,,,,,,,,,,,,,
11/3/2024 16:45,0,301,,,,,,,,,,,,,,,,,,
11/3/2024 16:30,0,301,,,,,,,,,,,,,,,,,,
11/3/2024 16:15,0,301,,,,,,,,,,,,,,,,,,
11/3/2024 16:00,0,301,,,,,,,,,,,,,,,,,,
11/3/2024 15:45,0,302,,,,,,,,,,,,,,,,,,
11/3/2024 15:30,0,302,,,,,,,,,,,,,,,,,,
11/3/2024 15:15,0,303,,,,,,,,,,,,,,,,,,
11/3/2024 15:00,0,303,,,,,,,,,,,,,,,,,,
11/3/2024 14:45,0,303,,,,,,,,,,,,,,,,,,
11/3/2024 14:30,0,304,,,,,,,,,,,,,,,,,,
11/3/2024 14:15,0,304,,,,,,,,,,,,,,,,,,
11/3/2024 14:00,0,305,,,,,,,,,,,,,,,,,,
11/3/2024 13:45,0,305,,,,,,,,,,,,,,,,,,
11/3/2024 13:30,0,306,,,,,,,,,,,,,,,,,,
11/3/2024 13:15,0,306,,,,,,,,,,,,,,,,,,
11/3/2024 13:00,0,307,,,,,,,,,,,,,,,,,,
11/3/2024 12:45,0,308,,,,,,,,,,,,,,,,,,
11/3/2024 12:30,0,309,,,,,,,,,,,,,,,,,,
11/3/2024 12:15,0,309,,,,,,,,,,,,,,,,,,
11/3/2024 12:00,0,310,,,,,,,,,,,,,,,,,,
11/3/2024 11:45,0,311,,,,,,,,,,,,,,,,,,
11/3/2024 11:30,0,312,,,,,,,,,,,,,,,,,,
11/3/2024 11:15,0,313,,,,,,,,,,,,,,,,,,
11/3/2024 11:00,0,315,,,,,,,,,,,,,,,,,,
11/3/2024 10:45,0,316,,,,,,,,,,,,,,,,,,
11/3/2024 10:30,0,318,,,,,,,,,,,,,,,,,,
11/3/2024 10:15,0,319,,,,,,,,,,,,,,,,,,
11/3/2024 10:00,0,321,,,,,,,,,,,,,,,,,,
11/3/2024 9:45,0,323,,,,,,,,,,,,,,,,,,
11/3/2024 9:30,0,325,,,,,,,,,,,,,,,,,,
11/3/2024 9:15,0,328,,,,,,,,,,,,,,,,,,
11/3/2024 9:00,0,332,,,,,,,,,,,,,,,,,,
11/3/2024 8:45,0,331,,,,,,,,,,,,,,,,,,
11/3/2024 8:30,0,328,,,,,,,,,,,,,,,,,,
11/3/2024 8:15,0,326,,,,,,,,,,,,,,,,,,
11/3/2024 8:00,0,323,,,,,,,,,,,,,,,,,,
11/3/2024 7:45,0,319,,,,,,,,,,,,,,,,,,
11/3/2024 7:30,0,315,,,,,,,,,,,,,,,,,,
11/3/2024 7:15,0,311,,,,,,,,,,,,,,,,,,
11/3/2024 7:00,0,305,,,,,,,,,,,,,,,,,,
11/3/2024 6:45,0,303,,,,,,,,,,,,,,,,,,
11/3/2024 6:30,0,298,,,,,,,,,,,,,,,,,,
11/3/2024 6:15,0,299,,,,,,,,,,,,,,,,,,
11/3/2024 6:00,0,301,,,,,,,,,,,,,,,,,,
11/3/2024 5:45,0,303,,,,,,,,,,,,,,,,,,
11/3/2024 5:30,0,305,,,,,,,,,,,,,,,,,,
11/3/2024 5:15,0,308,,,,,,,,,,,,,,,,,,
11/3/2024 5:00,0,311,,,,,,,,,,,,,,,,,,
11/3/2024 4:45,0,314,,,,,,,,,,,,,,,,,,
11/3/2024 4:30,0,318,,,,,,,,,,,,,,,,,,
11/3/2024 4:15,0,322,,,,,,,,,,,,,,,,,,
11/3/2024 4:00,0,326,,,,,,,,,,,,,,,,,,
11/3/2024 3:45,0,331,,,,,,,,,,,,,,,,,,
11/3/2024 3:30,0,337,,,,,,,,,,,,,,,,,,
11/3/2024 3:15,0,341,,,,,,,,,,,,,,,,,,
11/3/2024 3:00,0,341,,,,,,,,,,,,,,,,,,
11/3/2024 2:45,0,342,,,,,,,,,,,,,,,,,,
11/3/2024 2:30,0,342,,,,,,,,,,,,,,,,,,
11/3/2024 2:15,0,342,,,,,,,,,,,,,,,,,,
11/3/2024 2:00,0,342,,,,,,,,,,,,,,,,,,
11/3/2024 1:45,0,343,,,,,,,,,,,,,,,,,,
11/3/2024 1:30,0,343,,,,,,,,,,,,,,,,,,
11/3/2024 1:15,0,343,,,,,,,,,,,,,,,,,,
11/3/2024 1:00,0,343,,,,,,,,,,,,,,,,,,
11/3/2024 0:45,0,344,,,,,,,,,,,,,,,,,,
11/3/2024 0:30,0,344,,,,,,,,,,,,,,,,,,
11/3/2024 0:15,0,345,,,,,,,,,,,,,,,,,,
11/3/2024 0:00,0,345,,,,,,,,,,,,,,,,,,
10/3/2024 23:45,0,346,,,,,,,,,,,,,,,,,,
10/3/2024 23:30,0,346,,,,,,,,,,,,,,,,,,
10/3/2024 23:15,0,347,,,,,,,,,,,,,,,,,,
10/3/2024 23:00,0,347,,,,,,,,,,,,,,,,,,
10/3/2024 22:45,0,348,,,,,,,,,,,,,,,,,,
10/3/2024 22:30,0,349,,,,,,,,,,,,,,,,,,
10/3/2024 22:15,0,350,,,,,,,,,,,,,,,,,,
10/3/2024 22:00,0,351,,,,,,,,,,,,,,,,,,
10/3/2024 21:45,0,352,,,,,,,,,,,,,,,,,,
10/3/2024 21:30,0,353,,,,,,,,,,,,,,,,,,
10/3/2024 21:15,0,354,,,,,,,,,,,,,,,,,,
10/3/2024 21:00,0,355,,,,,,,,,,,,,,,,,,
10/3/2024 20:45,0,357,,,,,,,,,,,,,,,,,,
10/3/2024 20:30,0,359,,,,,,,,,,,,,,,,,,
10/3/2024 20:15,0,359,,,,,,,,,,,,,,,,,,
10/3/2024 20:00,0,359,,,,,,,,,,,,,,,,,,
10/3/2024 19:45,0,360,,,,,,,,,,,,,,,,,,
10/3/2024 19:30,0,360,,,,,,,,,,,,,,,,,,
10/3/2024 19:15,0,360,,,,,,,,,,,,,,,,,,
10/3/2024 19:00,0,361,,,,,,,,,,,,,,,,,,
10/3/2024 18:45,0,362,,,,,,,,,,,,,,,,,,
10/3/2024 18:30,0,362,,,,,,,,,,,,,,,,,,
10/3/2024 18:15,0,363,,,,,,,,,,,,,,,,,,
10/3/2024 18:00,0,364,,,,,,,,,,,,,,,,,,
10/3/2024 17:45,0,364,,,,,,,,,,,,,,,,,,
10/3/2024 17:30,0,365,,,,,,,,,,,,,,,,,,
10/3/2024 17:15,0,366,,,,,,,,,,,,,,,,,,
10/3/2024 17:00,0,367,,,,,,,,,,,,,,,,,,
10/3/2024 16:45,0,369,,,,,,,,,,,,,,,,,,
10/3/2024 16:30,0,370,,,,,,,,,,,,,,,,,,
10/3/2024 16:15,0,372,,,,,,,,,,,,,,,,,,
10/3/2024 16:00,0,374,,,,,,,,,,,,,,,,,,
10/3/2024 15:45,0,374,,,,,,,,,,,,,,,,,,
10/3/2024 15:30,0,374,,,,,,,,,,,,,,,,,,
10/3/2024 15:15,0,374,,,,,,,,,,,,,,,,,,
10/3/2024 15:00,0,374,,,,,,,,,,,,,,,,,,
10/3/2024 14:45,0,374,,,,,,,,,,,,,,,,,,
10/3/2024 14:30,0,374,,,,,,,,,,,,,,,,,,
10/3/2024 14:15,0,373,,,,,,,,,,,,,,,,,,
10/3/2024 14:00,0,373,,,,,,,,,,,,,,,,,,
10/3/2024 13:45,0,373,,,,,,,,,,,,,,,,,,
10/3/2024 13:30,0,374,,,,,,,,,,,,,,,,,,
10/3/2024 13:15,0,373,,,,,,,,,,,,,,,,,,
10/3/2024 13:00,0,372,,,,,,,,,,,,,,,,,,
10/3/2024 12:45,0,372,,,,,,,,,,,,,,,,,,
10/3/2024 12:30,0,372,,,,,,,,,,,,,,,,,,
10/3/2024 12:15,0,371,,,,,,,,,,,,,,,,,,
10/3/2024 12:00,0,371,,,,,,,,,,,,,,,,,,
10/3/2024 11:45,0,370,,,,,,,,,,,,,,,,,,
10/3/2024 11:30,0,370,,,,,,,,,,,,,,,,,,
10/3/2024 11:15,0,369,,,,,,,,,,,,,,,,,,
10/3/2024 11:00,0,368,,,,,,,,,,,,,,,,,,
10/3/2024 10:45,0,367,,,,,,,,,,,,,,,,,,
10/3/2024 10:30,0,365,,,,,,,,,,,,,,,,,,
10/3/2024 10:15,0,366,,,,,,,,,,,,,,,,,,
10/3/2024 10:00,0,367,,,,,,,,,,,,,,,,,,
10/3/2024 9:45,0,368,,,,,,,,,,,,,,,,,,
10/3/2024 9:30,0,370,,,,,,,,,,,,,,,,,,
10/3/2024 9:15,0,372,,,,,,,,,,,,,,,,,,
10/3/2024 9:00,0,374,,,,,,,,,,,,,,,,,,
10/3/2024 8:45,0,376,,,,,,,,,,,,,,,,,,
10/3/2024 8:30,0,378,,,,,,,,,,,,,,,,,,
10/3/2024 8:15,0,381,,,,,,,,,,,,,,,,,,
10/3/2024 8:00,0,383,,,,,,,,,,,,,,,,,,
10/3/2024 7:45,0,386,,,,,,,,,,,,,,,,,,
10/3/2024 7:30,0,391,,,,,,,,,,,,,,,,,,
10/3/2024 7:15,0,394,,,,,,,,,,,,,,,,,,
10/3/2024 7:00,0,398,,,,,,,,,,,,,,,,,,
10/3/2024 6:45,0,397,,,,,,,,,,,,,,,,,,
10/3/2024 6:30,0,397,,,,,,,,,,,,,,,,,,
10/3/2024 6:15,0,397,,,,,,,,,,,,,,,,,,
10/3/2024 6:00,0,397,,,,,,,,,,,,,,,,,,
10/3/2024 5:45,0,396,,,,,,,,,,,,,,,,,,
10/3/2024 5:30,0,396,,,,,,,,,,,,,,,,,,
10/3/2024 5:15,0,396,,,,,,,,,,,,,,,,,,
10/3/2024 5:00,0,395,,,,,,,,,,,,,,,,,,
10/3/2024 4:45,0,395,,,,,,,,,,,,,,,,,,
10/3/2024 4:30,0,394,,,,,,,,,,,,,,,,,,
10/3/2024 4:15,0,393,,,,,,,,,,,,,,,,,,
10/3/2024 4:00,0,392,,,,,,,,,,,,,,,,,,
10/3/2024 3:45,0,391,,,,,,,,,,,,,,,,,,
10/3/2024 3:30,0,390,,,,,,,,,,,,,,,,,,
10/3/2024 3:15,0,389,,,,,,,,,,,,,,,,,,
10/3/2024 3:00,0,388,,,,,,,,,,,,,,,,,,
10/3/2024 2:45,0,386,,,,,,,,,,,,,,,,,,
10/3/2024 2:30,0,385,,,,,,,,,,,,,,,,,,
10/3/2024 2:15,0,383,,,,,,,,,,,,,,,,,,
10/3/2024 2:00,0,381,,,,,,,,,,,,,,,,,,
10/3/2024 1:45,0,379,,,,,,,,,,,,,,,,,,
10/3/2024 1:30,0,376,,,,,,,,,,,,,,,,,,
10/3/2024 1:15,0,374,,,,,,,,,,,,,,,,,,
10/3/2024 1:00,0,371,,,,,,,,,,,,,,,,,,
10/3/2024 0:45,0,367,,,,,,,,,,,,,,,,,,
10/3/2024 0:30,0,363,,,,,,,,,,,,,,,,,,
10/3/2024 0:15,0,358,,,,,,,,,,,,,,,,,,
10/3/2024 0:00,0,357,,,,,,,,,,,,,,,,,,
9/3/2024 23:45,0,356,,,,,,,,,,,,,,,,,,
9/3/2024 23:30,0,354,,,,,,,,,,,,,,,,,,
9/3/2024 23:15,0,353,,,,,,,,,,,,,,,,,,
9/3/2024 23:00,0,352,,,,,,,,,,,,,,,,,,
9/3/2024 22:45,0,350,,,,,,,,,,,,,,,,,,
9/3/2024 22:30,0,348,,,,,,,,,,,,,,,,,,
9/3/2024 22:15,0,346,,,,,,,,,,,,,,,,,,
9/3/2024 22:00,0,344,,,,,,,,,,,,,,,,,,
9/3/2024 21:45,0,342,,,,,,,,,,,,,,,,,,
9/3/2024 21:30,0,337,,,,,,,,,,,,,,,,,,
9/3/2024 21:15,0,335,,,,,,,,,,,,,,,,,,
9/3/2024 21:00,0,332,,,,,,,,,,,,,,,,,,
9/3/2024 20:45,0,328,,,,,,,,,,,,,,,,,,
9/3/2024 20:30,0,328,,,,,,,,,,,,,,,,,,
9/3/2024 20:15,0,325,,,,,,,,,,,,,,,,,,
9/3/2024 20:00,0,320,,,,,,,,,,,,,,,,,,
9/3/2024 19:45,0,316,,,,,,,,,,,,,,,,,,
9/3/2024 19:30,0,310,,,,,,,,,,,,,,,,,,
9/3/2024 19:15,0,306,,,,,,,,,,,,,,,,,,
9/3/2024 19:00,0,304,,,,,,,,,,,,,,,,,,
9/3/2024 18:45,0,302,,,,,,,,,,,,,,,,,,
9/3/2024 18:30,0,300,,,,,,,,,,,,,,,,,,
9/3/2024 18:15,0,297,,,,,,,,,,,,,,,,,,
9/3/2024 18:00,0,295,,,,,,,,,,,,,,,,,,
9/3/2024 17:45,0,292,,,,,,,,,,,,,,,,,,
9/3/2024 17:30,0,289,,,,,,,,,,,,,,,,,,
9/3/2024 17:15,0,286,,,,,,,,,,,,,,,,,,
9/3/2024 17:00,0,282,,,,,,,,,,,,,,,,,,
9/3/2024 16:45,0,278,,,,,,,,,,,,,,,,,,
9/3/2024 16:30,0,274,,,,,,,,,,,,,,,,,,
9/3/2024 16:15,0,269,,,,,,,,,,,,,,,,,,
9/3/2024 16:00,0,264,,,,,,,,,,,,,,,,,,
9/3/2024 15:45,0,258,,,,,,,,,,,,,,,,,,
9/3/2024 15:30,0,252,,,,,,,,,,,,,,,,,,
9/3/2024 15:15,0,245,,,,,,,,,,,,,,,,,,
9/3/2024 15:00,0,238,,,,,,,,,,,,,,,,,,
9/3/2024 14:45,0,229,,,,,,,,,,,,,,,,,,
9/3/2024 14:30,0,221,,,,,,,,,,,,,,,,,,
9/3/2024 14:15,0,216,,,,,,,,,,,,,,,,,,
9/3/2024 14:00,0,211,,,,,,,,,,,,,,,,,,
9/3/2024 13:45,0.2,208,,,,,,,,,,,,,,,,,,
9/3/2024 13:30,0,206,,,,,,,,,,,,,,,,,,
9/3/2024 13:15,0,206,,,,,,,,,,,,,,,,,,
9/3/2024 13:00,0,206,,,,,,,,,,,,,,,,,,
9/3/2024 12:45,0,205,,,,,,,,,,,,,,,,,,
9/3/2024 12:30,0,205,,,,,,,,,,,,,,,,,,
9/3/2024 12:15,0,205,,,,,,,,,,,,,,,,,,
9/3/2024 12:00,0,204,,,,,,,,,,,,,,,,,,
9/3/2024 11:45,0,203,,,,,,,,,,,,,,,,,,
9/3/2024 11:30,0,203,,,,,,,,,,,,,,,,,,
9/3/2024 11:15,0,202,,,,,,,,,,,,,,,,,,
9/3/2024 11:00,0,201,,,,,,,,,,,,,,,,,,
9/3/2024 10:45,0,201,,,,,,,,,,,,,,,,,,
9/3/2024 10:30,0,200,,,,,,,,,,,,,,,,,,
9/3/2024 10:15,0,198,,,,,,,,,,,,,,,,,,
9/3/2024 10:00,0,197,,,,,,,,,,,,,,,,,,
9/3/2024 9:45,0,196,,,,,,,,,,,,,,,,,,
9/3/2024 9:30,0,195,,,,,,,,,,,,,,,,,,
9/3/2024 9:15,0,193,,,,,,,,,,,,,,,,,,
9/3/2024 9:00,0,192,,,,,,,,,,,,,,,,,,
9/3/2024 8:45,0,190,,,,,,,,,,,,,,,,,,
9/3/2024 8:30,0,188,,,,,,,,,,,,,,,,,,
9/3/2024 8:15,0,186,,,,,,,,,,,,,,,,,,
9/3/2024 8:00,0,183,,,,,,,,,,,,,,,,,,
9/3/2024 7:45,0,181,,,,,,,,,,,,,,,,,,
9/3/2024 7:30,0,179,,,,,,,,,,,,,,,,,,
9/3/2024 7:15,0,178,,,,,,,,,,,,,,,,,,
9/3/2024 7:00,0,177,,,,,,,,,,,,,,,,,,
9/3/2024 6:45,0,176,,,,,,,,,,,,,,,,,,
9/3/2024 6:30,0,175,,,,,,,,,,,,,,,,,,
9/3/2024 6:15,0,173,,,,,,,,,,,,,,,,,,
9/3/2024 6:00,0,174,,,,,,,,,,,,,,,,,,
9/3/2024 5:45,0,174,,,,,,,,,,,,,,,,,,
9/3/2024 5:30,0,175,,,,,,,,,,,,,,,,,,
9/3/2024 5:15,0,175,,,,,,,,,,,,,,,,,,
9/3/2024 5:00,0,176,,,,,,,,,,,,,,,,,,
9/3/2024 4:45,0,176,,,,,,,,,,,,,,,,,,
9/3/2024 4:30,0,177,,,,,,,,,,,,,,,,,,
9/3/2024 4:15,0,177,,,,,,,,,,,,,,,,,,
9/3/2024 4:00,0,178,,,,,,,,,,,,,,,,,,
9/3/2024 3:45,0,179,,,,,,,,,,,,,,,,,,
9/3/2024 3:30,0,179,,,,,,,,,,,,,,,,,,
9/3/2024 3:15,0,180,,,,,,,,,,,,,,,,,,
9/3/2024 3:00,0,181,,,,,,,,,,,,,,,,,,
9/3/2024 2:45,0,182,,,,,,,,,,,,,,,,,,
9/3/2024 2:30,0,183,,,,,,,,,,,,,,,,,,
9/3/2024 2:15,0,185,,,,,,,,,,,,,,,,,,
9/3/2024 2:00,0,186,,,,,,,,,,,,,,,,,,
9/3/2024 1:45,0,188,,,,,,,,,,,,,,,,,,
9/3/2024 1:30,0,189,,,,,,,,,,,,,,,,,,
9/3/2024 1:15,0,191,,,,,,,,,,,,,,,,,,
9/3/2024 1:00,0,193,,,,,,,,,,,,,,,,,,
9/3/2024 0:45,0,195,,,,,,,,,,,,,,,,,,
9/3/2024 0:30,0,197,,,,,,,,,,,,,,,,,,
9/3/2024 0:15,0,200,,,,,,,,,,,,,,,,,,
9/3/2024 0:00,0,202,,,,,,,,,,,,,,,,,,
8/3/2024 23:45,0,205,,,,,,,,,,,,,,,,,,
8/3/2024 23:30,0,206,,,,,,,,,,,,,,,,,,
8/3/2024 23:15,0,208,,,,,,,,,,,,,,,,,,
8/3/2024 23:00,0,210,,,,,,,,,,,,,,,,,,
8/3/2024 22:45,0,212,,,,,,,,,,,,,,,,,,
8/3/2024 22:30,0,212,,,,,,,,,,,,,,,,,,
8/3/2024 22:15,0,212,,,,,,,,,,,,,,,,,,
8/3/2024 22:00,0,212,,,,,,,,,,,,,,,,,,
8/3/2024 21:45,0,212,,,,,,,,,,,,,,,,,,
8/3/2024 21:30,0,213,,,,,,,,,,,,,,,,,,
8/3/2024 21:15,0,213,,,,,,,,,,,,,,,,,,
8/3/2024 21:00,0,213,,,,,,,,,,,,,,,,,,
8/3/2024 20:45,0,213,,,,,,,,,,,,,,,,,,
8/3/2024 20:30,0,213,,,,,,,,,,,,,,,,,,
8/3/2024 20:15,0,213,,,,,,,,,,,,,,,,,,
8/3/2024 20:00,0,213,,,,,,,,,,,,,,,,,,
8/3/2024 19:45,0,213,,,,,,,,,,,,,,,,,,
8/3/2024 19:30,0,213,,,,,,,,,,,,,,,,,,
8/3/2024 19:15,0.2,213,,,,,,,,,,,,,,,,,,
8/3/2024 19:00,0,212,,,,,,,,,,,,,,,,,,
8/3/2024 18:45,0,212,,,,,,,,,,,,,,,,,,
8/3/2024 18:30,0,212,,,,,,,,,,,,,,,,,,
8/3/2024 18:15,0,212,,,,,,,,,,,,,,,,,,
8/3/2024 18:00,0,212,,,,,,,,,,,,,,,,,,
8/3/2024 17:45,0,211,,,,,,,,,,,,,,,,,,
8/3/2024 17:30,0,211,,,,,,,,,,,,,,,,,,
8/3/2024 17:15,0,211,,,,,,,,,,,,,,,,,,
8/3/2024 17:00,0,211,,,,,,,,,,,,,,,,,,
8/3/2024 16:45,0,211,,,,,,,,,,,,,,,,,,
8/3/2024 16:30,0,211,,,,,,,,,,,,,,,,,,
8/3/2024 16:15,0,210,,,,,,,,,,,,,,,,,,
8/3/2024 16:00,0,210,,,,,,,,,,,,,,,,,,
8/3/2024 15:45,0,210,,,,,,,,,,,,,,,,,,
8/3/2024 15:30,0.2,210,,,,,,,,,,,,,,,,,,
8/3/2024 15:15,0.6,209,,,,,,,,,,,,,,,,,,
8/3/2024 15:00,1.2,209,,,,,,,,,,,,,,,,,,
8/3/2024 14:45,1,209,,,,,,,,,,,,,,,,,,
8/3/2024 14:30,0.8,208,,,,,,,,,,,,,,,,,,
8/3/2024 14:15,0.4,208,,,,,,,,,,,,,,,,,,
8/3/2024 14:00,0.2,208,,,,,,,,,,,,,,,,,,
8/3/2024 13:45,0,207,,,,,,,,,,,,,,,,,,
8/3/2024 13:30,0,207,,,,,,,,,,,,,,,,,,
8/3/2024 13:15,0,207,,,,,,,,,,,,,,,,,,
8/3/2024 13:00,0,206,,,,,,,,,,,,,,,,,,
8/3/2024 12:45,0,206,,,,,,,,,,,,,,,,,,
8/3/2024 12:30,0,206,,,,,,,,,,,,,,,,,,
8/3/2024 12:15,0,205,,,,,,,,,,,,,,,,,,
8/3/2024 12:00,0,205,,,,,,,,,,,,,,,,,,
8/3/2024 11:45,0,204,,,,,,,,,,,,,,,,,,
8/3/2024 11:30,0.2,204,,,,,,,,,,,,,,,,,,
8/3/2024 11:15,0,203,,,,,,,,,,,,,,,,,,
8/3/2024 11:00,0.8,202,,,,,,,,,,,,,,,,,,
8/3/2024 10:45,0.2,201,,,,,,,,,,,,,,,,,,
8/3/2024 10:30,0,200,,,,,,,,,,,,,,,,,,
8/3/2024 10:15,0.6,200,,,,,,,,,,,,,,,,,,
8/3/2024 10:00,0.6,199,,,,,,,,,,,,,,,,,,
8/3/2024 9:45,0.2,197,,,,,,,,,,,,,,,,,,
8/3/2024 9:30,1,196,,,,,,,,,,,,,,,,,,
8/3/2024 9:15,0.4,195,,,,,,,,,,,,,,,,,,
8/3/2024 9:00,0,193,,,,,,,,,,,,,,,,,,
8/3/2024 8:45,0,192,,,,,,,,,,,,,,,,,,
8/3/2024 8:30,0,191,,,,,,,,,,,,,,,,,,
8/3/2024 8:15,0,189,,,,,,,,,,,,,,,,,,
8/3/2024 8:00,0,188,,,,,,,,,,,,,,,,,,
8/3/2024 7:45,0,186,,,,,,,,,,,,,,,,,,
8/3/2024 7:30,0,184,,,,,,,,,,,,,,,,,,
8/3/2024 7:15,0,180,,,,,,,,,,,,,,,,,,
8/3/2024 7:00,0,182,,,,,,,,,,,,,,,,,,
8/3/2024 6:45,0,184,,,,,,,,,,,,,,,,,,
8/3/2024 6:30,0,185,,,,,,,,,,,,,,,,,,
8/3/2024 6:15,0,187,,,,,,,,,,,,,,,,,,
8/3/2024 6:00,0,189,,,,,,,,,,,,,,,,,,
8/3/2024 5:45,0,191,,,,,,,,,,,,,,,,,,
8/3/2024 5:30,0,193,,,,,,,,,,,,,,,,,,
8/3/2024 5:15,0,195,,,,,,,,,,,,,,,,,,
8/3/2024 5:00,0,197,,,,,,,,,,,,,,,,,,
8/3/2024 4:45,0,200,,,,,,,,,,,,,,,,,,
8/3/2024 4:30,0,202,,,,,,,,,,,,,,,,,,
8/3/2024 4:15,0,205,,,,,,,,,,,,,,,,,,
8/3/2024 4:00,0,208,,,,,,,,,,,,,,,,,,
8/3/2024 3:45,0,208,,,,,,,,,,,,,,,,,,
8/3/2024 3:30,0,208,,,,,,,,,,,,,,,,,,
8/3/2024 3:15,0,209,,,,,,,,,,,,,,,,,,
8/3/2024 3:00,0,209,,,,,,,,,,,,,,,,,,
8/3/2024 2:45,0,209,,,,,,,,,,,,,,,,,,
8/3/2024 2:30,0,209,,,,,,,,,,,,,,,,,,
8/3/2024 2:15,0,209,,,,,,,,,,,,,,,,,,
8/3/2024 2:00,0,210,,,,,,,,,,,,,,,,,,
8/3/2024 1:45,0,210,,,,,,,,,,,,,,,,,,
8/3/2024 1:30,0,210,,,,,,,,,,,,,,,,,,
8/3/2024 1:15,0,210,,,,,,,,,,,,,,,,,,
8/3/2024 1:00,0,210,,,,,,,,,,,,,,,,,,
8/3/2024 0:45,0,210,,,,,,,,,,,,,,,,,,
8/3/2024 0:30,0,210,,,,,,,,,,,,,,,,,,
8/3/2024 0:15,0,210,,,,,,,,,,,,,,,,,,
8/3/2024 0:00,0,210,,,,,,,,,,,,,,,,,,
7/3/2024 23:45,0,210,,,,,,,,,,,,,,,,,,
7/3/2024 23:30,0,210,,,,,,,,,,,,,,,,,,
7/3/2024 23:15,0,209,,,,,,,,,,,,,,,,,,
7/3/2024 23:00,0,210,,,,,,,,,,,,,,,,,,
7/3/2024 22:45,0,209,,,,,,,,,,,,,,,,,,
7/3/2024 22:30,0,209,,,,,,,,,,,,,,,,,,
7/3/2024 22:15,0,209,,,,,,,,,,,,,,,,,,
7/3/2024 22:00,0,209,,,,,,,,,,,,,,,,,,
7/3/2024 21:45,0,209,,,,,,,,,,,,,,,,,,
7/3/2024 21:30,0,208,,,,,,,,,,,,,,,,,,
7/3/2024 21:15,0,208,,,,,,,,,,,,,,,,,,
7/3/2024 21:00,0,208,,,,,,,,,,,,,,,,,,
7/3/2024 20:45,0,207,,,,,,,,,,,,,,,,,,
7/3/2024 20:30,0,207,,,,,,,,,,,,,,,,,,
7/3/2024 20:15,0,207,,,,,,,,,,,,,,,,,,
7/3/2024 20:00,0,207,,,,,,,,,,,,,,,,,,
7/3/2024 19:45,0,207,,,,,,,,,,,,,,,,,,
7/3/2024 19:30,0,207,,,,,,,,,,,,,,,,,,
7/3/2024 19:15,0,206,,,,,,,,,,,,,,,,,,
7/3/2024 19:00,0,206,,,,,,,,,,,,,,,,,,
7/3/2024 18:45,0,206,,,,,,,,,,,,,,,,,,
7/3/2024 18:30,0,206,,,,,,,,,,,,,,,,,,
7/3/2024 18:15,0,206,,,,,,,,,,,,,,,,,,
7/3/2024 18:00,0,206,,,,,,,,,,,,,,,,,,
7/3/2024 17:45,0,206,,,,,,,,,,,,,,,,,,
7/3/2024 17:30,0,206,,,,,,,,,,,,,,,,,,
7/3/2024 17:15,0,206,,,,,,,,,,,,,,,,,,
7/3/2024 17:00,0,206,,,,,,,,,,,,,,,,,,
7/3/2024 16:45,0,206,,,,,,,,,,,,,,,,,,
7/3/2024 16:30,0,207,,,,,,,,,,,,,,,,,,
7/3/2024 16:15,0,206,,,,,,,,,,,,,,,,,,
7/3/2024 16:00,0,206,,,,,,,,,,,,,,,,,,
7/3/2024 15:45,0,207,,,,,,,,,,,,,,,,,,
7/3/2024 15:30,0,207,,,,,,,,,,,,,,,,,,
7/3/2024 15:15,0,207,,,,,,,,,,,,,,,,,,
7/3/2024 15:00,0,207,,,,,,,,,,,,,,,,,,
7/3/2024 14:45,0,209,,,,,,,,,,,,,,,,,,
7/3/2024 14:30,0,211,,,,,,,,,,,,,,,,,,
7/3/2024 14:15,0,212,,,,,,,,,,,,,,,,,,
7/3/2024 14:00,0,215,,,,,,,,,,,,,,,,,,
7/3/2024 13:45,0,217,,,,,,,,,,,,,,,,,,
7/3/2024 13:30,0,219,,,,,,,,,,,,,,,,,,
7/3/2024 13:15,0,222,,,,,,,,,,,,,,,,,,
7/3/2024 13:00,0,225,,,,,,,,,,,,,,,,,,
7/3/2024 12:45,0,228,,,,,,,,,,,,,,,,,,
7/3/2024 12:30,0,231,,,,,,,,,,,,,,,,,,
7/3/2024 12:15,0,232,,,,,,,,,,,,,,,,,,
7/3/2024 12:00,0,232,,,,,,,,,,,,,,,,,,
7/3/2024 11:45,0,232,,,,,,,,,,,,,,,,,,
7/3/2024 11:30,0,232,,,,,,,,,,,,,,,,,,
7/3/2024 11:15,0,232,,,,,,,,,,,,,,,,,,
7/3/2024 11:00,0,233,,,,,,,,,,,,,,,,,,
7/3/2024 10:45,0,233,,,,,,,,,,,,,,,,,,
7/3/2024 10:30,0,233,,,,,,,,,,,,,,,,,,
7/3/2024 10:15,0,234,,,,,,,,,,,,,,,,,,
7/3/2024 10:00,0,233,,,,,,,,,,,,,,,,,,
7/3/2024 9:45,0,231,,,,,,,,,,,,,,,,,,
7/3/2024 9:30,0,229,,,,,,,,,,,,,,,,,,
7/3/2024 9:15,0,227,,,,,,,,,,,,,,,,,,
7/3/2024 9:00,0,225,,,,,,,,,,,,,,,,,,
7/3/2024 8:45,0,223,,,,,,,,,,,,,,,,,,
7/3/2024 8:30,0,221,,,,,,,,,,,,,,,,,,
7/3/2024 8:15,0,218,,,,,,,,,,,,,,,,,,
7/3/2024 8:00,0,216,,,,,,,,,,,,,,,,,,
7/3/2024 7:45,0,213,,,,,,,,,,,,,,,,,,
7/3/2024 7:30,0,210,,,,,,,,,,,,,,,,,,
7/3/2024 7:15,0,206,,,,,,,,,,,,,,,,,,
7/3/2024 7:00,0,203,,,,,,,,,,,,,,,,,,
7/3/2024 6:45,0,199,,,,,,,,,,,,,,,,,,
7/3/2024 6:30,0,195,,,,,,,,,,,,,,,,,,
7/3/2024 6:15,0,193,,,,,,,,,,,,,,,,,,
7/3/2024 6:00,0,191,,,,,,,,,,,,,,,,,,
7/3/2024 5:45,0,190,,,,,,,,,,,,,,,,,,
7/3/2024 5:30,0,190,,,,,,,,,,,,,,,,,,
7/3/2024 5:15,0,191,,,,,,,,,,,,,,,,,,
7/3/2024 5:00,0,191,,,,,,,,,,,,,,,,,,
7/3/2024 4:45,0,192,,,,,,,,,,,,,,,,,,
7/3/2024 4:30,0,192,,,,,,,,,,,,,,,,,,
7/3/2024 4:15,0,193,,,,,,,,,,,,,,,,,,
7/3/2024 4:00,0,193,,,,,,,,,,,,,,,,,,
7/3/2024 3:45,0,194,,,,,,,,,,,,,,,,,,
7/3/2024 3:30,0,194,,,,,,,,,,,,,,,,,,
7/3/2024 3:15,0,195,,,,,,,,,,,,,,,,,,
7/3/2024 3:00,0,196,,,,,,,,,,,,,,,,,,
7/3/2024 2:45,0,196,,,,,,,,,,,,,,,,,,
7/3/2024 2:30,0,197,,,,,,,,,,,,,,,,,,
7/3/2024 2:15,0,198,,,,,,,,,,,,,,,,,,
7/3/2024 2:00,0,199,,,,,,,,,,,,,,,,,,
7/3/2024 1:45,0,199,,,,,,,,,,,,,,,,,,
7/3/2024 1:30,0,200,,,,,,,,,,,,,,,,,,
7/3/2024 1:15,0,201,,,,,,,,,,,,,,,,,,
7/3/2024 1:00,0,202,,,,,,,,,,,,,,,,,,
7/3/2024 0:45,0,204,,,,,,,,,,,,,,,,,,
7/3/2024 0:30,0,205,,,,,,,,,,,,,,,,,,
7/3/2024 0:15,0,206,,,,,,,,,,,,,,,,,,
7/3/2024 0:00,0,208,,,,,,,,,,,,,,,,,,
6/3/2024 23:45,0,209,,,,,,,,,,,,,,,,,,
6/3/2024 23:30,0,211,,,,,,,,,,,,,,,,,,
6/3/2024 23:15,0,212,,,,,,,,,,,,,,,,,,
6/3/2024 23:00,0,214,,,,,,,,,,,,,,,,,,
6/3/2024 22:45,0,216,,,,,,,,,,,,,,,,,,
6/3/2024 22:30,0,218,,,,,,,,,,,,,,,,,,
6/3/2024 22:15,0,220,,,,,,,,,,,,,,,,,,
6/3/2024 22:00,0,222,,,,,,,,,,,,,,,,,,
6/3/2024 21:45,0,224,,,,,,,,,,,,,,,,,,
6/3/2024 21:30,0,230,,,,,,,,,,,,,,,,,,
6/3/2024 21:15,0,233,,,,,,,,,,,,,,,,,,
6/3/2024 21:00,0,235,,,,,,,,,,,,,,,,,,
6/3/2024 20:45,0,235,,,,,,,,,,,,,,,,,,
6/3/2024 20:30,0,235,,,,,,,,,,,,,,,,,,
6/3/2024 20:15,0,236,,,,,,,,,,,,,,,,,,
6/3/2024 20:00,0,236,,,,,,,,,,,,,,,,,,
6/3/2024 19:45,0,236,,,,,,,,,,,,,,,,,,
6/3/2024 19:30,0,236,,,,,,,,,,,,,,,,,,
6/3/2024 19:15,0,236,,,,,,,,,,,,,,,,,,
6/3/2024 19:00,0,236,,,,,,,,,,,,,,,,,,
6/3/2024 18:45,0,236,,,,,,,,,,,,,,,,,,
6/3/2024 18:30,0,236,,,,,,,,,,,,,,,,,,
6/3/2024 18:15,0,236,,,,,,,,,,,,,,,,,,
6/3/2024 18:00,0,237,,,,,,,,,,,,,,,,,,
6/3/2024 17:45,0,237,,,,,,,,,,,,,,,,,,
6/3/2024 17:30,0,237,,,,,,,,,,,,,,,,,,
6/3/2024 17:15,0,238,,,,,,,,,,,,,,,,,,
6/3/2024 17:00,0,238,,,,,,,,,,,,,,,,,,
6/3/2024 16:45,0,239,,,,,,,,,,,,,,,,,,
6/3/2024 16:30,0,240,,,,,,,,,,,,,,,,,,
6/3/2024 16:15,0,241,,,,,,,,,,,,,,,,,,
6/3/2024 16:00,0,239,,,,,,,,,,,,,,,,,,
6/3/2024 15:45,0,238,,,,,,,,,,,,,,,,,,
6/3/2024 15:30,0,236,,,,,,,,,,,,,,,,,,
6/3/2024 15:15,0,234,,,,,,,,,,,,,,,,,,
6/3/2024 15:00,0,232,,,,,,,,,,,,,,,,,,
6/3/2024 14:45,0,231,,,,,,,,,,,,,,,,,,
6/3/2024 14:30,0,228,,,,,,,,,,,,,,,,,,
6/3/2024 14:15,0,225,,,,,,,,,,,,,,,,,,
6/3/2024 14:00,0,223,,,,,,,,,,,,,,,,,,
6/3/2024 13:45,0,220,,,,,,,,,,,,,,,,,,
6/3/2024 13:30,0,216,,,,,,,,,,,,,,,,,,
6/3/2024 13:15,0,213,,,,,,,,,,,,,,,,,,
6/3/2024 13:00,0,209,,,,,,,,,,,,,,,,,,
6/3/2024 12:45,0,205,,,,,,,,,,,,,,,,,,
6/3/2024 12:30,0,201,,,,,,,,,,,,,,,,,,
6/3/2024 12:15,0,197,,,,,,,,,,,,,,,,,,
6/3/2024 12:00,0,196,,,,,,,,,,,,,,,,,,
6/3/2024 11:45,0,195,,,,,,,,,,,,,,,,,,
6/3/2024 11:30,0,195,,,,,,,,,,,,,,,,,,
6/3/2024 11:15,0,200,,,,,,,,,,,,,,,,,,
6/3/2024 11:00,0,204,,,,,,,,,,,,,,,,,,
6/3/2024 10:45,0,208,,,,,,,,,,,,,,,,,,
6/3/2024 10:30,0,212,,,,,,,,,,,,,,,,,,
6/3/2024 10:15,0,217,,,,,,,,,,,,,,,,,,
6/3/2024 10:00,0,223,,,,,,,,,,,,,,,,,,
6/3/2024 9:45,0,228,,,,,,,,,,,,,,,,,,
6/3/2024 9:30,0,235,,,,,,,,,,,,,,,,,,
6/3/2024 9:15,0,243,,,,,,,,,,,,,,,,,,
6/3/2024 9:00,0,248,,,,,,,,,,,,,,,,,,
6/3/2024 8:45,0,251,,,,,,,,,,,,,,,,,,
6/3/2024 8:30,0,252,,,,,,,,,,,,,,,,,,
6/3/2024 8:15,0,254,,,,,,,,,,,,,,,,,,
6/3/2024 8:00,0,256,,,,,,,,,,,,,,,,,,
6/3/2024 7:45,0,258,,,,,,,,,,,,,,,,,,
6/3/2024 7:30,0,260,,,,,,,,,,,,,,,,,,
6/3/2024 7:15,0,261,,,,,,,,,,,,,,,,,,
6/3/2024 7:00,0,262,,,,,,,,,,,,,,,,,,
6/3/2024 6:45,0,261,,,,,,,,,,,,,,,,,,
6/3/2024 6:30,0,261,,,,,,,,,,,,,,,,,,
6/3/2024 6:15,0,260,,,,,,,,,,,,,,,,,,
6/3/2024 6:00,0,260,,,,,,,,,,,,,,,,,,
6/3/2024 5:45,0,259,,,,,,,,,,,,,,,,,,
6/3/2024 5:30,0,258,,,,,,,,,,,,,,,,,,
6/3/2024 5:15,0,257,,,,,,,,,,,,,,,,,,
6/3/2024 5:00,0,255,,,,,,,,,,,,,,,,,,
6/3/2024 4:45,0,254,,,,,,,,,,,,,,,,,,
6/3/2024 4:30,0,253,,,,,,,,,,,,,,,,,,
6/3/2024 4:15,0,251,,,,,,,,,,,,,,,,,,
6/3/2024 4:00,0,250,,,,,,,,,,,,,,,,,,
6/3/2024 3:45,0,248,,,,,,,,,,,,,,,,,,
6/3/2024 3:30,0,245,,,,,,,,,,,,,,,,,,
6/3/2024 3:15,0,244,,,,,,,,,,,,,,,,,,
6/3/2024 3:00,0,242,,,,,,,,,,,,,,,,,,
6/3/2024 2:45,0,241,,,,,,,,,,,,,,,,,,
6/3/2024 2:30,0,241,,,,,,,,,,,,,,,,,,
6/3/2024 2:15,0,242,,,,,,,,,,,,,,,,,,
6/3/2024 2:00,0,243,,,,,,,,,,,,,,,,,,
6/3/2024 1:45,0,244,,,,,,,,,,,,,,,,,,
6/3/2024 1:30,0,245,,,,,,,,,,,,,,,,,,
6/3/2024 1:15,0,245,,,,,,,,,,,,,,,,,,
6/3/2024 1:00,0,246,,,,,,,,,,,,,,,,,,
6/3/2024 0:45,0,247,,,,,,,,,,,,,,,,,,
6/3/2024 0:30,0,249,,,,,,,,,,,,,,,,,,
6/3/2024 0:15,0,250,,,,,,,,,,,,,,,,,,
6/3/2024 0:00,0,251,,,,,,,,,,,,,,,,,,
5/3/2024 23:45,0,252,,,,,,,,,,,,,,,,,,
5/3/2024 23:30,0,254,,,,,,,,,,,,,,,,,,
5/3/2024 23:15,0,255,,,,,,,,,,,,,,,,,,
5/3/2024 23:00,0,257,,,,,,,,,,,,,,,,,,
5/3/2024 22:45,0,259,,,,,,,,,,,,,,,,,,
5/3/2024 22:30,0,262,,,,,,,,,,,,,,,,,,
5/3/2024 22:15,0,260,,,,,,,,,,,,,,,,,,
5/3/2024 22:00,0,258,,,,,,,,,,,,,,,,,,
5/3/2024 21:45,0,257,,,,,,,,,,,,,,,,,,
5/3/2024 21:30,0,253,,,,,,,,,,,,,,,,,,
5/3/2024 21:15,0,250,,,,,,,,,,,,,,,,,,
5/3/2024 21:00,0,247,,,,,,,,,,,,,,,,,,
5/3/2024 20:45,0,244,,,,,,,,,,,,,,,,,,
5/3/2024 20:30,0,244,,,,,,,,,,,,,,,,,,
5/3/2024 20:15,0,241,,,,,,,,,,,,,,,,,,
5/3/2024 20:00,0,238,,,,,,,,,,,,,,,,,,
5/3/2024 19:45,0,234,,,,,,,,,,,,,,,,,,
5/3/2024 19:30,0,230,,,,,,,,,,,,,,,,,,
5/3/2024 19:15,0,226,,,,,,,,,,,,,,,,,,
5/3/2024 19:00,0,221,,,,,,,,,,,,,,,,,,
5/3/2024 18:45,0,220,,,,,,,,,,,,,,,,,,
5/3/2024 18:30,0,218,,,,,,,,,,,,,,,,,,
5/3/2024 18:15,0,216,,,,,,,,,,,,,,,,,,
5/3/2024 18:00,0,217,,,,,,,,,,,,,,,,,,
5/3/2024 17:45,0,217,,,,,,,,,,,,,,,,,,
5/3/2024 17:30,0,218,,,,,,,,,,,,,,,,,,
5/3/2024 17:15,0,221,,,,,,,,,,,,,,,,,,
5/3/2024 17:00,0,222,,,,,,,,,,,,,,,,,,
5/3/2024 16:45,0,225,,,,,,,,,,,,,,,,,,
5/3/2024 16:30,0,229,,,,,,,,,,,,,,,,,,
5/3/2024 16:15,0,234,,,,,,,,,,,,,,,,,,
5/3/2024 16:00,0,239,,,,,,,,,,,,,,,,,,
5/3/2024 15:45,0,246,,,,,,,,,,,,,,,,,,
5/3/2024 15:30,0,250,,,,,,,,,,,,,,,,,,
5/3/2024 15:15,0,254,,,,,,,,,,,,,,,,,,
5/3/2024 15:00,0,259,,,,,,,,,,,,,,,,,,
5/3/2024 14:45,0,265,,,,,,,,,,,,,,,,,,
5/3/2024 14:30,0,268,,,,,,,,,,,,,,,,,,
5/3/2024 14:15,0,272,,,,,,,,,,,,,,,,,,
5/3/2024 14:00,0,271,,,,,,,,,,,,,,,,,,
5/3/2024 13:45,0,271,,,,,,,,,,,,,,,,,,
5/3/2024 13:30,0,271,,,,,,,,,,,,,,,,,,
5/3/2024 13:15,0,270,,,,,,,,,,,,,,,,,,
5/3/2024 13:00,0,269,,,,,,,,,,,,,,,,,,
5/3/2024 12:45,0,269,,,,,,,,,,,,,,,,,,
5/3/2024 12:30,0,268,,,,,,,,,,,,,,,,,,
5/3/2024 12:15,0,267,,,,,,,,,,,,,,,,,,
5/3/2024 12:00,0,267,,,,,,,,,,,,,,,,,,
5/3/2024 11:45,0,266,,,,,,,,,,,,,,,,,,
5/3/2024 11:30,0,265,,,,,,,,,,,,,,,,,,
5/3/2024 11:15,0,264,,,,,,,,,,,,,,,,,,
5/3/2024 11:00,0,262,,,,,,,,,,,,,,,,,,
5/3/2024 10:45,0,261,,,,,,,,,,,,,,,,,,
5/3/2024 10:30,0,260,,,,,,,,,,,,,,,,,,
5/3/2024 10:15,0,258,,,,,,,,,,,,,,,,,,
5/3/2024 10:00,0,257,,,,,,,,,,,,,,,,,,
5/3/2024 9:45,0,255,,,,,,,,,,,,,,,,,,
5/3/2024 9:30,0,253,,,,,,,,,,,,,,,,,,
5/3/2024 9:15,0,251,,,,,,,,,,,,,,,,,,
5/3/2024 9:00,0,250,,,,,,,,,,,,,,,,,,
5/3/2024 8:45,0,248,,,,,,,,,,,,,,,,,,
5/3/2024 8:30,0,244,,,,,,,,,,,,,,,,,,
5/3/2024 8:15,0,241,,,,,,,,,,,,,,,,,,
5/3/2024 8:00,0,237,,,,,,,,,,,,,,,,,,
5/3/2024 7:45,0,233,,,,,,,,,,,,,,,,,,
5/3/2024 7:30,0,228,,,,,,,,,,,,,,,,,,
5/3/2024 7:15,0,224,,,,,,,,,,,,,,,,,,
5/3/2024 7:00,0,220,,,,,,,,,,,,,,,,,,
5/3/2024 6:45,0,217,,,,,,,,,,,,,,,,,,
5/3/2024 6:30,0,213,,,,,,,,,,,,,,,,,,
5/3/2024 6:15,0,213,,,,,,,,,,,,,,,,,,
5/3/2024 6:00,0,213,,,,,,,,,,,,,,,,,,
5/3/2024 5:45,0,213,,,,,,,,,,,,,,,,,,
5/3/2024 5:30,0,213,,,,,,,,,,,,,,,,,,
5/3/2024 5:15,0,213,,,,,,,,,,,,,,,,,,
5/3/2024 5:00,0,213,,,,,,,,,,,,,,,,,,
5/3/2024 4:45,0,213,,,,,,,,,,,,,,,,,,
5/3/2024 4:30,0,213,,,,,,,,,,,,,,,,,,
5/3/2024 4:15,0,213,,,,,,,,,,,,,,,,,,
5/3/2024 4:00,0,213,,,,,,,,,,,,,,,,,,
5/3/2024 3:45,0,212,,,,,,,,,,,,,,,,,,
5/3/2024 3:30,0,212,,,,,,,,,,,,,,,,,,
5/3/2024 3:15,0,212,,,,,,,,,,,,,,,,,,
5/3/2024 3:00,0,212,,,,,,,,,,,,,,,,,,
5/3/2024 2:45,0,212,,,,,,,,,,,,,,,,,,
5/3/2024 2:30,0,211,,,,,,,,,,,,,,,,,,
5/3/2024 2:15,0,211,,,,,,,,,,,,,,,,,,
5/3/2024 2:00,0,211,,,,,,,,,,,,,,,,,,
5/3/2024 1:45,0,211,,,,,,,,,,,,,,,,,,
5/3/2024 1:30,0,211,,,,,,,,,,,,,,,,,,
5/3/2024 1:15,0,210,,,,,,,,,,,,,,,,,,
5/3/2024 1:00,0,210,,,,,,,,,,,,,,,,,,
5/3/2024 0:45,0,210,,,,,,,,,,,,,,,,,,
5/3/2024 0:30,0,209,,,,,,,,,,,,,,,,,,
5/3/2024 0:15,0,209,,,,,,,,,,,,,,,,,,
5/3/2024 0:00,0,208,,,,,,,,,,,,,,,,,,
4/3/2024 23:45,0,208,,,,,,,,,,,,,,,,,,
4/3/2024 23:30,0,207,,,,,,,,,,,,,,,,,,
4/3/2024 23:15,0,206,,,,,,,,,,,,,,,,,,
4/3/2024 23:00,0,206,,,,,,,,,,,,,,,,,,
4/3/2024 22:45,0,205,,,,,,,,,,,,,,,,,,
4/3/2024 22:30,0,204,,,,,,,,,,,,,,,,,,
4/3/2024 22:15,0,203,,,,,,,,,,,,,,,,,,
4/3/2024 22:00,0,202,,,,,,,,,,,,,,,,,,
4/3/2024 21:45,0,202,,,,,,,,,,,,,,,,,,
4/3/2024 21:30,0,200,,,,,,,,,,,,,,,,,,
4/3/2024 21:15,0,202,,,,,,,,,,,,,,,,,,
4/3/2024 21:00,0,205,,,,,,,,,,,,,,,,,,
4/3/2024 20:45,0,207,,,,,,,,,,,,,,,,,,
4/3/2024 20:30,0,210,,,,,,,,,,,,,,,,,,
4/3/2024 20:15,0,213,,,,,,,,,,,,,,,,,,
4/3/2024 20:00,0,216,,,,,,,,,,,,,,,,,,
4/3/2024 19:45,0,220,,,,,,,,,,,,,,,,,,
4/3/2024 19:30,0,224,,,,,,,,,,,,,,,,,,
4/3/2024 19:15,0,228,,,,,,,,,,,,,,,,,,
4/3/2024 19:00,0,234,,,,,,,,,,,,,,,,,,
4/3/2024 18:45,0,236,,,,,,,,,,,,,,,,,,
4/3/2024 18:30,0,238,,,,,,,,,,,,,,,,,,
4/3/2024 18:15,0,240,,,,,,,,,,,,,,,,,,
4/3/2024 18:00,0,238,,,,,,,,,,,,,,,,,,
4/3/2024 17:45,0,236,,,,,,,,,,,,,,,,,,
4/3/2024 17:30,0,234,,,,,,,,,,,,,,,,,,
4/3/2024 17:15,0,231,,,,,,,,,,,,,,,,,,
4/3/2024 17:00,0,226,,,,,,,,,,,,,,,,,,
4/3/2024 16:45,0,220,,,,,,,,,,,,,,,,,,
4/3/2024 16:30,0,215,,,,,,,,,,,,,,,,,,
4/3/2024 16:15,0,209,,,,,,,,,,,,,,,,,,
4/3/2024 16:00,0,202,,,,,,,,,,,,,,,,,,
4/3/2024 15:45,0,198,,,,,,,,,,,,,,,,,,
4/3/2024 15:30,0,196,,,,,,,,,,,,,,,,,,
4/3/2024 15:15,0,187,,,,,,,,,,,,,,,,,,
4/3/2024 15:00,0,180,,,,,,,,,,,,,,,,,,
4/3/2024 14:45,0,182,,,,,,,,,,,,,,,,,,
4/3/2024 14:30,0,183,,,,,,,,,,,,,,,,,,
4/3/2024 14:15,0,185,,,,,,,,,,,,,,,,,,
4/3/2024 14:00,0,188,,,,,,,,,,,,,,,,,,
4/3/2024 13:45,0,190,,,,,,,,,,,,,,,,,,
4/3/2024 13:30,0,191,,,,,,,,,,,,,,,,,,
4/3/2024 13:15,0,192,,,,,,,,,,,,,,,,,,
4/3/2024 13:00,0,193,,,,,,,,,,,,,,,,,,
4/3/2024 12:45,0,194,,,,,,,,,,,,,,,,,,
4/3/2024 12:30,0,195,,,,,,,,,,,,,,,,,,
4/3/2024 12:15,0,196,,,,,,,,,,,,,,,,,,
4/3/2024 12:00,0,197,,,,,,,,,,,,,,,,,,
4/3/2024 11:45,0,199,,,,,,,,,,,,,,,,,,
4/3/2024 11:30,0,200,,,,,,,,,,,,,,,,,,
4/3/2024 11:15,0,202,,,,,,,,,,,,,,,,,,
4/3/2024 11:00,0,203,,,,,,,,,,,,,,,,,,
4/3/2024 10:45,0,206,,,,,,,,,,,,,,,,,,
4/3/2024 10:30,0,208,,,,,,,,,,,,,,,,,,
4/3/2024 10:15,0,209,,,,,,,,,,,,,,,,,,
4/3/2024 10:00,0,212,,,,,,,,,,,,,,,,,,
4/3/2024 9:45,0,214,,,,,,,,,,,,,,,,,,
4/3/2024 9:30,0,217,,,,,,,,,,,,,,,,,,
4/3/2024 9:15,0,221,,,,,,,,,,,,,,,,,,
4/3/2024 9:00,0,221,,,,,,,,,,,,,,,,,,
4/3/2024 8:45,0,221,,,,,,,,,,,,,,,,,,
4/3/2024 8:30,0,222,,,,,,,,,,,,,,,,,,
4/3/2024 8:15,0,222,,,,,,,,,,,,,,,,,,
4/3/2024 8:00,0,222,,,,,,,,,,,,,,,,,,
4/3/2024 7:45,0.2,223,,,,,,,,,,,,,,,,,,
4/3/2024 7:30,0,223,,,,,,,,,,,,,,,,,,
4/3/2024 7:15,0.2,223,,,,,,,,,,,,,,,,,,
4/3/2024 7:00,0,224,,,,,,,,,,,,,,,,,,
4/3/2024 6:45,0.2,224,,,,,,,,,,,,,,,,,,
4/3/2024 6:30,0.2,224,,,,,,,,,,,,,,,,,,
4/3/2024 6:15,0,225,,,,,,,,,,,,,,,,,,
4/3/2024 6:00,0,225,,,,,,,,,,,,,,,,,,
4/3/2024 5:45,0,225,,,,,,,,,,,,,,,,,,
4/3/2024 5:30,0,226,,,,,,,,,,,,,,,,,,
4/3/2024 5:15,0,226,,,,,,,,,,,,,,,,,,
4/3/2024 5:00,0,226,,,,,,,,,,,,,,,,,,
4/3/2024 4:45,0,227,,,,,,,,,,,,,,,,,,
4/3/2024 4:30,0,227,,,,,,,,,,,,,,,,,,
4/3/2024 4:15,0,227,,,,,,,,,,,,,,,,,,
4/3/2024 4:00,0,228,,,,,,,,,,,,,,,,,,
4/3/2024 3:45,0,228,,,,,,,,,,,,,,,,,,
4/3/2024 3:30,0,228,,,,,,,,,,,,,,,,,,
4/3/2024 3:15,0,229,,,,,,,,,,,,,,,,,,
4/3/2024 3:00,0,229,,,,,,,,,,,,,,,,,,
4/3/2024 2:45,0,229,,,,,,,,,,,,,,,,,,
4/3/2024 2:30,0,230,,,,,,,,,,,,,,,,,,
4/3/2024 2:15,0,230,,,,,,,,,,,,,,,,,,
4/3/2024 2:00,0,230,,,,,,,,,,,,,,,,,,
4/3/2024 1:45,0,231,,,,,,,,,,,,,,,,,,
4/3/2024 1:30,0,231,,,,,,,,,,,,,,,,,,
4/3/2024 1:15,0,231,,,,,,,,,,,,,,,,,,
4/3/2024 1:00,0,232,,,,,,,,,,,,,,,,,,
4/3/2024 0:45,0,232,,,,,,,,,,,,,,,,,,
4/3/2024 0:30,0,232,,,,,,,,,,,,,,,,,,
4/3/2024 0:15,0,233,,,,,,,,,,,,,,,,,,
4/3/2024 0:00,0,233,,,,,,,,,,,,,,,,,,
3/3/2024 23:45,0,234,,,,,,,,,,,,,,,,,,
3/3/2024 23:30,0,234,,,,,,,,,,,,,,,,,,
3/3/2024 23:15,0,235,,,,,,,,,,,,,,,,,,
3/3/2024 23:00,0,235,,,,,,,,,,,,,,,,,,
3/3/2024 22:45,0,236,,,,,,,,,,,,,,,,,,
3/3/2024 22:30,0,237,,,,,,,,,,,,,,,,,,
3/3/2024 22:15,0,238,,,,,,,,,,,,,,,,,,
3/3/2024 22:00,0,239,,,,,,,,,,,,,,,,,,
3/3/2024 21:45,0,240,,,,,,,,,,,,,,,,,,
3/3/2024 21:30,0,241,,,,,,,,,,,,,,,,,,
3/3/2024 21:15,0,242,,,,,,,,,,,,,,,,,,
3/3/2024 21:00,0,243,,,,,,,,,,,,,,,,,,
3/3/2024 20:45,0,245,,,,,,,,,,,,,,,,,,
3/3/2024 20:30,0,246,,,,,,,,,,,,,,,,,,
3/3/2024 20:15,0,248,,,,,,,,,,,,,,,,,,
3/3/2024 20:00,0,250,,,,,,,,,,,,,,,,,,
3/3/2024 19:45,0,251,,,,,,,,,,,,,,,,,,
3/3/2024 19:30,0,252,,,,,,,,,,,,,,,,,,
3/3/2024 19:15,0,252,,,,,,,,,,,,,,,,,,
3/3/2024 19:00,0,254,,,,,,,,,,,,,,,,,,
3/3/2024 18:45,0,254,,,,,,,,,,,,,,,,,,
3/3/2024 18:30,0.2,256,,,,,,,,,,,,,,,,,,
3/3/2024 18:15,0,257,,,,,,,,,,,,,,,,,,
3/3/2024 18:00,2.8,258,,,,,,,,,,,,,,,,,,
3/3/2024 17:45,7.8,259,,,,,,,,,,,,,,,,,,
3/3/2024 17:30,11.2,261,,,,,,,,,,,,,,,,,,
3/3/2024 17:15,2,262,,,,,,,,,,,,,,,,,,
3/3/2024 17:00,0,264,,,,,,,,,,,,,,,,,,
3/3/2024 16:45,0,266,,,,,,,,,,,,,,,,,,
3/3/2024 16:30,0,266,,,,,,,,,,,,,,,,,,
3/3/2024 16:15,0,267,,,,,,,,,,,,,,,,,,
3/3/2024 16:00,0,268,,,,,,,,,,,,,,,,,,
3/3/2024 15:45,0,269,,,,,,,,,,,,,,,,,,
3/3/2024 15:30,0,270,,,,,,,,,,,,,,,,,,
3/3/2024 15:15,0,271,,,,,,,,,,,,,,,,,,
3/3/2024 15:00,0,272,,,,,,,,,,,,,,,,,,
3/3/2024 14:45,0,273,,,,,,,,,,,,,,,,,,
3/3/2024 14:30,0,270,,,,,,,,,,,,,,,,,,
3/3/2024 14:15,0,268,,,,,,,,,,,,,,,,,,
3/3/2024 14:00,0,264,,,,,,,,,,,,,,,,,,
3/3/2024 13:45,0,261,,,,,,,,,,,,,,,,,,
3/3/2024 13:30,0,258,,,,,,,,,,,,,,,,,,
3/3/2024 13:15,0,254,,,,,,,,,,,,,,,,,,
3/3/2024 13:00,0,250,,,,,,,,,,,,,,,,,,
3/3/2024 12:45,0,246,,,,,,,,,,,,,,,,,,
3/3/2024 12:30,0,241,,,,,,,,,,,,,,,,,,
3/3/2024 12:15,0,237,,,,,,,,,,,,,,,,,,
3/3/2024 12:00,0,236,,,,,,,,,,,,,,,,,,
3/3/2024 11:45,0,234,,,,,,,,,,,,,,,,,,
3/3/2024 11:30,0,233,,,,,,,,,,,,,,,,,,
3/3/2024 11:15,0,231,,,,,,,,,,,,,,,,,,
3/3/2024 11:00,0,231,,,,,,,,,,,,,,,,,,
3/3/2024 10:45,0,232,,,,,,,,,,,,,,,,,,
3/3/2024 10:30,0,232,,,,,,,,,,,,,,,,,,
3/3/2024 10:15,0,233,,,,,,,,,,,,,,,,,,
3/3/2024 10:00,0,233,,,,,,,,,,,,,,,,,,
3/3/2024 9:45,0,234,,,,,,,,,,,,,,,,,,
3/3/2024 9:30,0,235,,,,,,,,,,,,,,,,,,
3/3/2024 9:15,0,236,,,,,,,,,,,,,,,,,,
3/3/2024 9:00,0,237,,,,,,,,,,,,,,,,,,
3/3/2024 8:45,0,238,,,,,,,,,,,,,,,,,,
3/3/2024 8:30,0,239,,,,,,,,,,,,,,,,,,
3/3/2024 8:15,0,240,,,,,,,,,,,,,,,,,,
3/3/2024 8:00,0,241,,,,,,,,,,,,,,,,,,
3/3/2024 7:45,0,242,,,,,,,,,,,,,,,,,,
3/3/2024 7:30,0,244,,,,,,,,,,,,,,,,,,
3/3/2024 7:15,0,246,,,,,,,,,,,,,,,,,,
3/3/2024 7:00,0,246,,,,,,,,,,,,,,,,,,
3/3/2024 6:45,0,246,,,,,,,,,,,,,,,,,,
3/3/2024 6:30,0,246,,,,,,,,,,,,,,,,,,
3/3/2024 6:15,0,246,,,,,,,,,,,,,,,,,,
3/3/2024 6:00,0,246,,,,,,,,,,,,,,,,,,
3/3/2024 5:45,0,246,,,,,,,,,,,,,,,,,,
3/3/2024 5:30,0,247,,,,,,,,,,,,,,,,,,
3/3/2024 5:15,0,247,,,,,,,,,,,,,,,,,,
3/3/2024 5:00,0,247,,,,,,,,,,,,,,,,,,
3/3/2024 4:45,0,247,,,,,,,,,,,,,,,,,,
3/3/2024 4:30,0,247,,,,,,,,,,,,,,,,,,
3/3/2024 4:15,0,247,,,,,,,,,,,,,,,,,,
3/3/2024 4:00,0,248,,,,,,,,,,,,,,,,,,
3/3/2024 3:45,0,247,,,,,,,,,,,,,,,,,,
3/3/2024 3:30,0,248,,,,,,,,,,,,,,,,,,
3/3/2024 3:15,0,248,,,,,,,,,,,,,,,,,,
3/3/2024 3:00,0,248,,,,,,,,,,,,,,,,,,
3/3/2024 2:45,0,248,,,,,,,,,,,,,,,,,,
3/3/2024 2:30,0,248,,,,,,,,,,,,,,,,,,
3/3/2024 2:15,0,248,,,,,,,,,,,,,,,,,,
3/3/2024 2:00,0,249,,,,,,,,,,,,,,,,,,
3/3/2024 1:45,0,249,,,,,,,,,,,,,,,,,,
3/3/2024 1:30,0,249,,,,,,,,,,,,,,,,,,
3/3/2024 1:15,0,249,,,,,,,,,,,,,,,,,,
3/3/2024 1:00,0,249,,,,,,,,,,,,,,,,,,
3/3/2024 0:45,0,249,,,,,,,,,,,,,,,,,,
3/3/2024 0:30,0,250,,,,,,,,,,,,,,,,,,
3/3/2024 0:15,0,250,,,,,,,,,,,,,,,,,,
3/3/2024 0:00,0,250,,,,,,,,,,,,,,,,,,
2/3/2024 23:45,0,251,,,,,,,,,,,,,,,,,,
2/3/2024 23:30,0,251,,,,,,,,,,,,,,,,,,
2/3/2024 23:15,0,251,,,,,,,,,,,,,,,,,,
2/3/2024 23:00,0,251,,,,,,,,,,,,,,,,,,
2/3/2024 22:45,0,251,,,,,,,,,,,,,,,,,,
2/3/2024 22:30,0,252,,,,,,,,,,,,,,,,,,
2/3/2024 22:15,0,252,,,,,,,,,,,,,,,,,,
2/3/2024 22:00,0,252,,,,,,,,,,,,,,,,,,
2/3/2024 21:45,0,253,,,,,,,,,,,,,,,,,,
2/3/2024 21:30,0,253,,,,,,,,,,,,,,,,,,
2/3/2024 21:15,0,254,,,,,,,,,,,,,,,,,,
2/3/2024 21:00,0,256,,,,,,,,,,,,,,,,,,
2/3/2024 20:45,0,257,,,,,,,,,,,,,,,,,,
2/3/2024 20:30,0,259,,,,,,,,,,,,,,,,,,
2/3/2024 20:15,0,261,,,,,,,,,,,,,,,,,,
2/3/2024 20:00,0,263,,,,,,,,,,,,,,,,,,
2/3/2024 19:45,0,265,,,,,,,,,,,,,,,,,,
2/3/2024 19:30,0,267,,,,,,,,,,,,,,,,,,
2/3/2024 19:15,0,270,,,,,,,,,,,,,,,,,,
2/3/2024 19:00,0,273,,,,,,,,,,,,,,,,,,
2/3/2024 18:45,0,276,,,,,,,,,,,,,,,,,,
2/3/2024 18:30,0,279,,,,,,,,,,,,,,,,,,
2/3/2024 18:15,0,282,,,,,,,,,,,,,,,,,,
2/3/2024 18:00,0,287,,,,,,,,,,,,,,,,,,
2/3/2024 17:45,0,289,,,,,,,,,,,,,,,,,,
2/3/2024 17:30,0,291,,,,,,,,,,,,,,,,,,
2/3/2024 17:15,0,294,,,,,,,,,,,,,,,,,,
2/3/2024 17:00,0,297,,,,,,,,,,,,,,,,,,
2/3/2024 16:45,0,297,,,,,,,,,,,,,,,,,,
2/3/2024 16:30,0,297,,,,,,,,,,,,,,,,,,
2/3/2024 16:15,0,297,,,,,,,,,,,,,,,,,,
2/3/2024 16:00,0,297,,,,,,,,,,,,,,,,,,
2/3/2024 15:45,0,297,,,,,,,,,,,,,,,,,,
2/3/2024 15:30,0,297,,,,,,,,,,,,,,,,,,
2/3/2024 15:15,0,297,,,,,,,,,,,,,,,,,,
2/3/2024 15:00,0,297,,,,,,,,,,,,,,,,,,
2/3/2024 14:45,0,297,,,,,,,,,,,,,,,,,,
2/3/2024 14:30,0,297,,,,,,,,,,,,,,,,,,
2/3/2024 14:15,0,297,,,,,,,,,,,,,,,,,,
2/3/2024 14:00,0,297,,,,,,,,,,,,,,,,,,
2/3/2024 13:45,0,297,,,,,,,,,,,,,,,,,,
2/3/2024 13:30,0,297,,,,,,,,,,,,,,,,,,
2/3/2024 13:15,0,297,,,,,,,,,,,,,,,,,,
2/3/2024 13:00,0,297,,,,,,,,,,,,,,,,,,
2/3/2024 12:45,0,297,,,,,,,,,,,,,,,,,,
2/3/2024 12:30,0,297,,,,,,,,,,,,,,,,,,
2/3/2024 12:15,0,296,,,,,,,,,,,,,,,,,,
2/3/2024 12:00,0,297,,,,,,,,,,,,,,,,,,
2/3/2024 11:45,0,296,,,,,,,,,,,,,,,,,,
2/3/2024 11:30,0,296,,,,,,,,,,,,,,,,,,
2/3/2024 11:15,0,296,,,,,,,,,,,,,,,,,,
2/3/2024 11:00,0,296,,,,,,,,,,,,,,,,,,
2/3/2024 10:45,0,296,,,,,,,,,,,,,,,,,,
2/3/2024 10:30,0,295,,,,,,,,,,,,,,,,,,
2/3/2024 10:15,0,295,,,,,,,,,,,,,,,,,,
2/3/2024 10:00,0,295,,,,,,,,,,,,,,,,,,
2/3/2024 9:45,0,295,,,,,,,,,,,,,,,,,,
2/3/2024 9:30,0,295,,,,,,,,,,,,,,,,,,
2/3/2024 9:15,0,295,,,,,,,,,,,,,,,,,,
2/3/2024 9:00,0,294,,,,,,,,,,,,,,,,,,
2/3/2024 8:45,0,294,,,,,,,,,,,,,,,,,,
2/3/2024 8:30,0,293,,,,,,,,,,,,,,,,,,
2/3/2024 8:15,0,293,,,,,,,,,,,,,,,,,,
2/3/2024 8:00,0,292,,,,,,,,,,,,,,,,,,
2/3/2024 7:45,0,292,,,,,,,,,,,,,,,,,,
2/3/2024 7:30,0,291,,,,,,,,,,,,,,,,,,
2/3/2024 7:15,0,291,,,,,,,,,,,,,,,,,,
2/3/2024 7:00,0,290,,,,,,,,,,,,,,,,,,
2/3/2024 6:45,0,289,,,,,,,,,,,,,,,,,,
2/3/2024 6:30,0,288,,,,,,,,,,,,,,,,,,
2/3/2024 6:15,0,287,,,,,,,,,,,,,,,,,,
2/3/2024 6:00,0,286,,,,,,,,,,,,,,,,,,
2/3/2024 5:45,0,284,,,,,,,,,,,,,,,,,,
2/3/2024 5:30,0,283,,,,,,,,,,,,,,,,,,
2/3/2024 5:15,0,282,,,,,,,,,,,,,,,,,,
2/3/2024 5:00,0,280,,,,,,,,,,,,,,,,,,
2/3/2024 4:45,0,278,,,,,,,,,,,,,,,,,,
2/3/2024 4:30,0,276,,,,,,,,,,,,,,,,,,
2/3/2024 4:15,0,274,,,,,,,,,,,,,,,,,,
2/3/2024 4:00,0,274,,,,,,,,,,,,,,,,,,
2/3/2024 3:45,0,274,,,,,,,,,,,,,,,,,,
2/3/2024 3:30,0,274,,,,,,,,,,,,,,,,,,
2/3/2024 3:15,0,274,,,,,,,,,,,,,,,,,,
2/3/2024 3:00,0,274,,,,,,,,,,,,,,,,,,
2/3/2024 2:45,0,274,,,,,,,,,,,,,,,,,,
2/3/2024 2:30,0,274,,,,,,,,,,,,,,,,,,
2/3/2024 2:15,0,274,,,,,,,,,,,,,,,,,,
2/3/2024 2:00,0,274,,,,,,,,,,,,,,,,,,
2/3/2024 1:45,0,274,,,,,,,,,,,,,,,,,,
2/3/2024 1:30,0,275,,,,,,,,,,,,,,,,,,
2/3/2024 1:15,0,275,,,,,,,,,,,,,,,,,,
2/3/2024 1:00,0,275,,,,,,,,,,,,,,,,,,
2/3/2024 0:45,0,275,,,,,,,,,,,,,,,,,,
2/3/2024 0:30,0,275,,,,,,,,,,,,,,,,,,
2/3/2024 0:15,0,275,,,,,,,,,,,,,,,,,,
2/3/2024 0:00,0,275,,,,,,,,,,,,,,,,,,
1/3/2024 23:45,0,275,,,,,,,,,,,,,,,,,,
1/3/2024 23:30,0,275,,,,,,,,,,,,,,,,,,
1/3/2024 23:15,0,275,,,,,,,,,,,,,,,,,,
1/3/2024 23:00,0,275,,,,,,,,,,,,,,,,,,
1/3/2024 22:45,0,275,,,,,,,,,,,,,,,,,,
1/3/2024 22:30,0,275,,,,,,,,,,,,,,,,,,
1/3/2024 22:15,0,275,,,,,,,,,,,,,,,,,,
1/3/2024 22:00,0,275,,,,,,,,,,,,,,,,,,
1/3/2024 21:45,0,275,,,,,,,,,,,,,,,,,,
1/3/2024 21:30,0,276,,,,,,,,,,,,,,,,,,
1/3/2024 21:15,0,275,,,,,,,,,,,,,,,,,,
1/3/2024 21:00,0,276,,,,,,,,,,,,,,,,,,
1/3/2024 20:45,0,275,,,,,,,,,,,,,,,,,,
1/3/2024 20:30,0,275,,,,,,,,,,,,,,,,,,
1/3/2024 20:15,0,276,,,,,,,,,,,,,,,,,,
1/3/2024 20:00,0,278,,,,,,,,,,,,,,,,,,
1/3/2024 19:45,0,280,,,,,,,,,,,,,,,,,,
1/3/2024 19:30,0,282,,,,,,,,,,,,,,,,,,
1/3/2024 19:15,0,284,,,,,,,,,,,,,,,,,,
1/3/2024 19:00,0,287,,,,,,,,,,,,,,,,,,
1/3/2024 18:45,0,290,,,,,,,,,,,,,,,,,,
1/3/2024 18:30,0,293,,,,,,,,,,,,,,,,,,
1/3/2024 18:15,0,296,,,,,,,,,,,,,,,,,,
1/3/2024 18:00,0,300,,,,,,,,,,,,,,,,,,
1/3/2024 17:45,0,306,,,,,,,,,,,,,,,,,,
1/3/2024 17:30,0,308,,,,,,,,,,,,,,,,,,
1/3/2024 17:15,0,310,,,,,,,,,,,,,,,,,,
1/3/2024 17:00,0,313,,,,,,,,,,,,,,,,,,
1/3/2024 16:45,0,313,,,,,,,,,,,,,,,,,,
1/3/2024 16:30,0,311,,,,,,,,,,,,,,,,,,
1/3/2024 16:15,0,311,,,,,,,,,,,,,,,,,,
1/3/2024 16:00,0,310,,,,,,,,,,,,,,,,,,
1/3/2024 15:45,0,309,,,,,,,,,,,,,,,,,,
1/3/2024 15:30,0,308,,,,,,,,,,,,,,,,,,
1/3/2024 15:15,0,307,,,,,,,,,,,,,,,,,,
1/3/2024 15:00,0,305,,,,,,,,,,,,,,,,,,
1/3/2024 14:45,0,304,,,,,,,,,,,,,,,,,,
1/3/2024 14:30,0,302,,,,,,,,,,,,,,,,,,
1/3/2024 14:15,0,301,,,,,,,,,,,,,,,,,,
1/3/2024 14:00,0,299,,,,,,,,,,,,,,,,,,
1/3/2024 13:45,0,297,,,,,,,,,,,,,,,,,,
1/3/2024 13:30,0,294,,,,,,,,,,,,,,,,,,
1/3/2024 13:15,0,292,,,,,,,,,,,,,,,,,,
1/3/2024 13:00,0,289,,,,,,,,,,,,,,,,,,
1/3/2024 12:45,0,286,,,,,,,,,,,,,,,,,,
1/3/2024 12:30,0,282,,,,,,,,,,,,,,,,,,
1/3/2024 12:15,0,278,,,,,,,,,,,,,,,,,,
1/3/2024 12:00,0,274,,,,,,,,,,,,,,,,,,
1/3/2024 11:45,0,270,,,,,,,,,,,,,,,,,,
1/3/2024 11:30,0,265,,,,,,,,,,,,,,,,,,
1/3/2024 11:15,0,259,,,,,,,,,,,,,,,,,,
1/3/2024 11:00,0,256,,,,,,,,,,,,,,,,,,
1/3/2024 10:45,0,251,,,,,,,,,,,,,,,,,,
1/3/2024 10:30,0,248,,,,,,,,,,,,,,,,,,
1/3/2024 10:15,0,247,,,,,,,,,,,,,,,,,,
1/3/2024 10:00,0,247,,,,,,,,,,,,,,,,,,
1/3/2024 9:45,0,246,,,,,,,,,,,,,,,,,,
1/3/2024 9:30,0,246,,,,,,,,,,,,,,,,,,
1/3/2024 9:15,0,247,,,,,,,,,,,,,,,,,,
1/3/2024 9:00,0,248,,,,,,,,,,,,,,,,,,
1/3/2024 8:45,0,250,,,,,,,,,,,,,,,,,,
1/3/2024 8:30,0,251,,,,,,,,,,,,,,,,,,
1/3/2024 8:15,0,253,,,,,,,,,,,,,,,,,,
1/3/2024 8:00,0,255,,,,,,,,,,,,,,,,,,
1/3/2024 7:45,0,257,,,,,,,,,,,,,,,,,,
1/3/2024 7:30,0,259,,,,,,,,,,,,,,,,,,
1/3/2024 7:15,0,261,,,,,,,,,,,,,,,,,,
1/3/2024 7:00,0,264,,,,,,,,,,,,,,,,,,
1/3/2024 6:45,0,264,,,,,,,,,,,,,,,,,,
1/3/2024 6:30,0,265,,,,,,,,,,,,,,,,,,
1/3/2024 6:15,0,265,,,,,,,,,,,,,,,,,,
1/3/2024 6:00,0,265,,,,,,,,,,,,,,,,,,
1/3/2024 5:45,0,266,,,,,,,,,,,,,,,,,,
1/3/2024 5:30,0,266,,,,,,,,,,,,,,,,,,
1/3/2024 5:15,0,267,,,,,,,,,,,,,,,,,,
1/3/2024 5:00,0,267,,,,,,,,,,,,,,,,,,
1/3/2024 4:45,0,268,,,,,,,,,,,,,,,,,,
1/3/2024 4:30,0,268,,,,,,,,,,,,,,,,,,
1/3/2024 4:15,0,269,,,,,,,,,,,,,,,,,,
1/3/2024 4:00,0,270,,,,,,,,,,,,,,,,,,
1/3/2024 3:45,0,270,,,,,,,,,,,,,,,,,,
1/3/2024 3:30,0,271,,,,,,,,,,,,,,,,,,
1/3/2024 3:15,0,272,,,,,,,,,,,,,,,,,,
1/3/2024 3:00,0,273,,,,,,,,,,,,,,,,,,
1/3/2024 2:45,0,273,,,,,,,,,,,,,,,,,,
1/3/2024 2:30,0,274,,,,,,,,,,,,,,,,,,
1/3/2024 2:15,0,275,,,,,,,,,,,,,,,,,,
1/3/2024 2:00,0,276,,,,,,,,,,,,,,,,,,
1/3/2024 1:45,0,278,,,,,,,,,,,,,,,,,,
1/3/2024 1:30,0,279,,,,,,,,,,,,,,,,,,
1/3/2024 1:15,0,280,,,,,,,,,,,,,,,,,,
1/3/2024 1:00,0,282,,,,,,,,,,,,,,,,,,
1/3/2024 0:45,0,283,,,,,,,,,,,,,,,,,,
1/3/2024 0:30,0,285,,,,,,,,,,,,,,,,,,
1/3/2024 0:15,0,287,,,,,,,,,,,,,,,,,,
1/3/2024 0:00,0,289,,,,,,,,,,,,,,,,,,
29/02/2024 23:45:00,0,292,,,,,,,,,,,,,,,,,,
29/02/2024 23:30:00,0,293,,,,,,,,,,,,,,,,,,
29/02/2024 23:15:00,0,294,,,,,,,,,,,,,,,,,,
29/02/2024 23:00:00,0,295,,,,,,,,,,,,,,,,,,
29/02/2024 22:45:00,0,296,,,,,,,,,,,,,,,,,,
29/02/2024 22:30:00,0,297,,,,,,,,,,,,,,,,,,
29/02/2024 22:15:00,0,299,,,,,,,,,,,,,,,,,,
29/02/2024 22:00:00,0,300,,,,,,,,,,,,,,,,,,
29/02/2024 21:45:00,0,302,,,,,,,,,,,,,,,,,,
29/02/2024 21:30:00,0,304,,,,,,,,,,,,,,,,,,
29/02/2024 21:15:00,0,305,,,,,,,,,,,,,,,,,,
29/02/2024 21:00:00,0,306,,,,,,,,,,,,,,,,,,
29/02/2024 20:45:00,0,306,,,,,,,,,,,,,,,,,,
29/02/2024 20:30:00,0,306,,,,,,,,,,,,,,,,,,
29/02/2024 20:15:00,0,307,,,,,,,,,,,,,,,,,,
29/02/2024 20:00:00,0,308,,,,,,,,,,,,,,,,,,
29/02/2024 19:45:00,0,308,,,,,,,,,,,,,,,,,,
29/02/2024 19:30:00,0,309,,,,,,,,,,,,,,,,,,
29/02/2024 19:15:00,0,311,,,,,,,,,,,,,,,,,,
29/02/2024 19:00:00,0,310,,,,,,,,,,,,,,,,,,
29/02/2024 18:45:00,0,310,,,,,,,,,,,,,,,,,,
29/02/2024 18:30:00,0,310,,,,,,,,,,,,,,,,,,
29/02/2024 18:15:00,0,309,,,,,,,,,,,,,,,,,,
29/02/2024 18:00:00,0,309,,,,,,,,,,,,,,,,,,
29/02/2024 17:45:00,0,309,,,,,,,,,,,,,,,,,,
29/02/2024 17:30:00,0,309,,,,,,,,,,,,,,,,,,
29/02/2024 17:15:00,0,308,,,,,,,,,,,,,,,,,,
29/02/2024 17:00:00,0,308,,,,,,,,,,,,,,,,,,
29/02/2024 16:45:00,0,307,,,,,,,,,,,,,,,,,,
29/02/2024 16:30:00,0,306,,,,,,,,,,,,,,,,,,
29/02/2024 16:15:00,0,306,,,,,,,,,,,,,,,,,,
29/02/2024 16:00:00,0,305,,,,,,,,,,,,,,,,,,
29/02/2024 15:45:00,0,304,,,,,,,,,,,,,,,,,,
29/02/2024 15:30:00,0,304,,,,,,,,,,,,,,,,,,
29/02/2024 15:15:00,0,303,,,,,,,,,,,,,,,,,,
29/02/2024 15:00:00,0,302,,,,,,,,,,,,,,,,,,
29/02/2024 14:45:00,0,301,,,,,,,,,,,,,,,,,,
29/02/2024 14:30:00,0,300,,,,,,,,,,,,,,,,,,
29/02/2024 14:15:00,0,299,,,,,,,,,,,,,,,,,,
29/02/2024 14:00:00,0,297,,,,,,,,,,,,,,,,,,
29/02/2024 13:45:00,0,296,,,,,,,,,,,,,,,,,,
29/02/2024 13:30:00,0,294,,,,,,,,,,,,,,,,,,
29/02/2024 13:15:00,0,293,,,,,,,,,,,,,,,,,,
29/02/2024 13:00:00,0,291,,,,,,,,,,,,,,,,,,
29/02/2024 12:45:00,0,289,,,,,,,,,,,,,,,,,,
29/02/2024 12:30:00,0,287,,,,,,,,,,,,,,,,,,
29/02/2024 12:15:00,0,284,,,,,,,,,,,,,,,,,,
29/02/2024 12:00:00,0,282,,,,,,,,,,,,,,,,,,
29/02/2024 11:45:00,0,279,,,,,,,,,,,,,,,,,,
29/02/2024 11:30:00,0,276,,,,,,,,,,,,,,,,,,
29/02/2024 11:15:00,0,272,,,,,,,,,,,,,,,,,,
29/02/2024 11:00:00,0,269,,,,,,,,,,,,,,,,,,
29/02/2024 10:45:00,0,265,,,,,,,,,,,,,,,,,,
29/02/2024 10:30:00,0,262,,,,,,,,,,,,,,,,,,
29/02/2024 10:15:00,0,259,,,,,,,,,,,,,,,,,,
29/02/2024 10:00:00,0,256,,,,,,,,,,,,,,,,,,
29/02/2024 09:45:00,0,251,,,,,,,,,,,,,,,,,,
29/02/2024 09:30:00,0,252,,,,,,,,,,,,,,,,,,
29/02/2024 09:15:00,0,252,,,,,,,,,,,,,,,,,,
29/02/2024 09:00:00,0,253,,,,,,,,,,,,,,,,,,
29/02/2024 08:45:00,0,253,,,,,,,,,,,,,,,,,,
29/02/2024 08:30:00,0,256,,,,,,,,,,,,,,,,,,
29/02/2024 08:15:00,0,260,,,,,,,,,,,,,,,,,,
29/02/2024 08:00:00,0,264,,,,,,,,,,,,,,,,,,
29/02/2024 07:45:00,0,268,,,,,,,,,,,,,,,,,,
29/02/2024 07:30:00,0,275,,,,,,,,,,,,,,,,,,
29/02/2024 07:15:00,0,277,,,,,,,,,,,,,,,,,,
29/02/2024 07:00:00,0,279,,,,,,,,,,,,,,,,,,
29/02/2024 06:45:00,0,282,,,,,,,,,,,,,,,,,,
29/02/2024 06:30:00,0,281,,,,,,,,,,,,,,,,,,
29/02/2024 06:15:00,0,279,,,,,,,,,,,,,,,,,,
29/02/2024 06:00:00,0,278,,,,,,,,,,,,,,,,,,
29/02/2024 05:45:00,0,276,,,,,,,,,,,,,,,,,,
29/02/2024 05:30:00,0,275,,,,,,,,,,,,,,,,,,
29/02/2024 05:15:00,0,273,,,,,,,,,,,,,,,,,,
29/02/2024 05:00:00,0,271,,,,,,,,,,,,,,,,,,
29/02/2024 04:45:00,0,268,,,,,,,,,,,,,,,,,,
29/02/2024 04:30:00,0,266,,,,,,,,,,,,,,,,,,
29/02/2024 04:15:00,0,263,,,,,,,,,,,,,,,,,,
29/02/2024 04:00:00,0,260,,,,,,,,,,,,,,,,,,
29/02/2024 03:45:00,0,256,,,,,,,,,,,,,,,,,,
29/02/2024 03:30:00,0,253,,,,,,,,,,,,,,,,,,
29/02/2024 03:15:00,0,253,,,,,,,,,,,,,,,,,,
29/02/2024 03:00:00,0,253,,,,,,,,,,,,,,,,,,
29/02/2024 02:45:00,0,253,,,,,,,,,,,,,,,,,,
29/02/2024 02:30:00,0,253,,,,,,,,,,,,,,,,,,
29/02/2024 02:15:00,0,253,,,,,,,,,,,,,,,,,,
29/02/2024 02:00:00,0,252,,,,,,,,,,,,,,,,,,
29/02/2024 01:45:00,0,253,,,,,,,,,,,,,,,,,,
29/02/2024 01:30:00,0,253,,,,,,,,,,,,,,,,,,
29/02/2024 01:15:00,0,252,,,,,,,,,,,,,,,,,,
29/02/2024 01:00:00,0,252,,,,,,,,,,,,,,,,,,
29/02/2024 00:45:00,0,252,,,,,,,,,,,,,,,,,,
29/02/2024 00:30:00,0,252,,,,,,,,,,,,,,,,,,
29/02/2024 00:15:00,0,252,,,,,,,,,,,,,,,,,,
29/02/2024 00:00:00,0,252,,,,,,,,,,,,,,,,,,
28/02/2024 23:45:00,0,252,,,,,,,,,,,,,,,,,,
28/02/2024 23:30:00,0,252,,,,,,,,,,,,,,,,,,
28/02/2024 23:15:00,0,252,,,,,,,,,,,,,,,,,,
28/02/2024 23:00:00,0,251,,,,,,,,,,,,,,,,,,
28/02/2024 22:45:00,0,251,,,,,,,,,,,,,,,,,,
28/02/2024 22:30:00,0,251,,,,,,,,,,,,,,,,,,
28/02/2024 22:15:00,0,251,,,,,,,,,,,,,,,,,,
28/02/2024 22:00:00,0,251,,,,,,,,,,,,,,,,,,
28/02/2024 21:45:00,0,250,,,,,,,,,,,,,,,,,,
28/02/2024 21:30:00,0,250,,,,,,,,,,,,,,,,,,
28/02/2024 21:15:00,0,250,,,,,,,,,,,,,,,,,,
28/02/2024 21:00:00,0,250,,,,,,,,,,,,,,,,,,
28/02/2024 20:45:00,0,249,,,,,,,,,,,,,,,,,,
28/02/2024 20:30:00,0,249,,,,,,,,,,,,,,,,,,
28/02/2024 20:15:00,0,249,,,,,,,,,,,,,,,,,,
28/02/2024 20:00:00,0,249,,,,,,,,,,,,,,,,,,
28/02/2024 19:45:00,0,249,,,,,,,,,,,,,,,,,,
28/02/2024 19:30:00,0,248,,,,,,,,,,,,,,,,,,
28/02/2024 19:15:00,0,248,,,,,,,,,,,,,,,,,,
28/02/2024 19:00:00,0,248,,,,,,,,,,,,,,,,,,
28/02/2024 18:45:00,0,247,,,,,,,,,,,,,,,,,,
28/02/2024 18:30:00,0,247,,,,,,,,,,,,,,,,,,
28/02/2024 18:15:00,0,247,,,,,,,,,,,,,,,,,,
28/02/2024 18:00:00,0,246,,,,,,,,,,,,,,,,,,
28/02/2024 17:45:00,0,246,,,,,,,,,,,,,,,,,,
28/02/2024 17:30:00,0,245,,,,,,,,,,,,,,,,,,
28/02/2024 17:15:00,0,245,,,,,,,,,,,,,,,,,,
28/02/2024 17:00:00,0,244,,,,,,,,,,,,,,,,,,
28/02/2024 16:45:00,0,244,,,,,,,,,,,,,,,,,,
28/02/2024 16:30:00,0,243,,,,,,,,,,,,,,,,,,
28/02/2024 16:15:00,0,243,,,,,,,,,,,,,,,,,,
28/02/2024 16:00:00,0,242,,,,,,,,,,,,,,,,,,
28/02/2024 15:45:00,0,241,,,,,,,,,,,,,,,,,,
28/02/2024 15:30:00,0,234,,,,,,,,,,,,,,,,,,
28/02/2024 15:15:00,0,281,,,,,,,,,,,,,,,,,,
28/02/2024 15:00:00,0,12,,,,,,,,,,,,,,,,,,
28/02/2024 14:45:00,,12,,,,,,,,,,,,,,,,,,
28/02/2024 13:30:00,0,,,,,,,,,,,,,,,,,,,
28/02/2024 13:15:00,0,,,,,,,,,,,,,,,,,,,
28/02/2024 13:00:00,0,,,,,,,,,,,,,,,,,,,
28/02/2024 12:45:00,0,,,,,,,,,,,,,,,,,,,
28/02/2024 12:30:00,0,,,,,,,,,,,,,,,,,,,
28/02/2024 12:15:00,0,,,,,,,,,,,,,,,,,,,
28/02/2024 12:00:00,0,,,,,,,,,,,,,,,,,,,
28/02/2024 11:45:00,0,,,,,,,,,,,,,,,,,,,
28/02/2024 11:30:00,0,,,,,,,,,,,,,,,,,,,
28/02/2024 11:15:00,0,,,,,,,,,,,,,,,,,,,
28/02/2024 11:00:00,0,,,,,,,,,,,,,,,,,,,
28/02/2024 10:45:00,0,,,,,,,,,,,,,,,,,,,
28/02/2024 10:30:00,0,,,,,,,,,,,,,,,,,,,
28/02/2024 10:15:00,0,,,,,,,,,,,,,,,,,,,
28/02/2024 10:00:00,0,,,,,,,,,,,,,,,,,,,
28/02/2024 09:45:00,0,,,,,,,,,,,,,,,,,,,
28/02/2024 09:30:00,0,,,,,,,,,,,,,,,,,,,
28/02/2024 09:15:00,0,,,,,,,,,,,,,,,,,,,
28/02/2024 09:00:00,0,,,,,,,,,,,,,,,,,,,
28/02/2024 08:45:00,0,,,,,,,,,,,,,,,,,,,
28/02/2024 08:30:00,0,,,,,,,,,,,,,,,,,,,
28/02/2024 08:15:00,0,,,,,,,,,,,,,,,,,,,
28/02/2024 08:00:00,0,,,,,,,,,,,,,,,,,,,
28/02/2024 07:45:00,0,,,,,,,,,,,,,,,,,,,
28/02/2024 07:30:00,0,,,,,,,,,,,,,,,,,,,
28/02/2024 07:15:00,0,,,,,,,,,,,,,,,,,,,
28/02/2024 07:00:00,0,,,,,,,,,,,,,,,,,,,
28/02/2024 06:45:00,0,,,,,,,,,,,,,,,,,,,
28/02/2024 06:30:00,0,,,,,,,,,,,,,,,,,,,
28/02/2024 06:15:00,0,,,,,,,,,,,,,,,,,,,
28/02/2024 06:00:00,0,,,,,,,,,,,,,,,,,,,
28/02/2024 05:45:00,0,,,,,,,,,,,,,,,,,,,
28/02/2024 05:30:00,0,,,,,,,,,,,,,,,,,,,
28/02/2024 05:15:00,0,,,,,,,,,,,,,,,,,,,
28/02/2024 05:00:00,0,,,,,,,,,,,,,,,,,,,
28/02/2024 04:45:00,0,,,,,,,,,,,,,,,,,,,
28/02/2024 04:30:00,0,,,,,,,,,,,,,,,,,,,
28/02/2024 04:15:00,0,,,,,,,,,,,,,,,,,,,
28/02/2024 04:00:00,0,,,,,,,,,,,,,,,,,,,
28/02/2024 03:45:00,0,,,,,,,,,,,,,,,,,,,
28/02/2024 03:30:00,0,,,,,,,,,,,,,,,,,,,
28/02/2024 03:15:00,0,,,,,,,,,,,,,,,,,,,
28/02/2024 03:00:00,0,,,,,,,,,,,,,,,,,,,
28/02/2024 02:45:00,0,,,,,,,,,,,,,,,,,,,
28/02/2024 02:30:00,0,,,,,,,,,,,,,,,,,,,
28/02/2024 02:15:00,0,,,,,,,,,,,,,,,,,,,
28/02/2024 02:00:00,0,,,,,,,,,,,,,,,,,,,
28/02/2024 01:45:00,0,,,,,,,,,,,,,,,,,,,
28/02/2024 01:30:00,0,,,,,,,,,,,,,,,,,,,
28/02/2024 01:15:00,0,,,,,,,,,,,,,,,,,,,
28/02/2024 01:00:00,0,,,,,,,,,,,,,,,,,,,
28/02/2024 00:45:00,0,,,,,,,,,,,,,,,,,,,
28/02/2024 00:30:00,0,,,,,,,,,,,,,,,,,,,
28/02/2024 00:15:00,0,,,,,,,,,,,,,,,,,,,
28/02/2024 00:00:00,0,,,,,,,,,,,,,,,,,,,
27/02/2024 23:45:00,0,,,,,,,,,,,,,,,,,,,
27/02/2024 23:30:00,0,,,,,,,,,,,,,,,,,,,
27/02/2024 23:15:00,0,,,,,,,,,,,,,,,,,,,
27/02/2024 23:00:00,0,,,,,,,,,,,,,,,,,,,
27/02/2024 22:45:00,0,,,,,,,,,,,,,,,,,,,
27/02/2024 22:30:00,0,,,,,,,,,,,,,,,,,,,
27/02/2024 22:15:00,0,,,,,,,,,,,,,,,,,,,
27/02/2024 22:00:00,0,,,,,,,,,,,,,,,,,,,
27/02/2024 21:45:00,0,,,,,,,,,,,,,,,,,,,
27/02/2024 21:30:00,0,,,,,,,,,,,,,,,,,,,
27/02/2024 21:15:00,0,,,,,,,,,,,,,,,,,,,
27/02/2024 21:00:00,0,,,,,,,,,,,,,,,,,,,
27/02/2024 20:45:00,0,,,,,,,,,,,,,,,,,,,
27/02/2024 20:30:00,0,,,,,,,,,,,,,,,,,,,
27/02/2024 20:15:00,0,,,,,,,,,,,,,,,,,,,
27/02/2024 20:00:00,0,,,,,,,,,,,,,,,,,,,
27/02/2024 19:45:00,0,,,,,,,,,,,,,,,,,,,
27/02/2024 19:30:00,0,,,,,,,,,,,,,,,,,,,
27/02/2024 19:15:00,0,,,,,,,,,,,,,,,,,,,
27/02/2024 19:00:00,0,,,,,,,,,,,,,,,,,,,
27/02/2024 18:45:00,0,,,,,,,,,,,,,,,,,,,
27/02/2024 18:30:00,0,,,,,,,,,,,,,,,,,,,
27/02/2024 18:15:00,0,,,,,,,,,,,,,,,,,,,
27/02/2024 18:00:00,0,,,,,,,,,,,,,,,,,,,
27/02/2024 17:45:00,0,,,,,,,,,,,,,,,,,,,
27/02/2024 17:30:00,0,,,,,,,,,,,,,,,,,,,
27/02/2024 17:15:00,0,,,,,,,,,,,,,,,,,,,
27/02/2024 17:00:00,0,198,,,,,,,,,,,,,,,,,,
27/02/2024 16:45:00,0,,,,,,,,,,,,,,,,,,,
27/02/2024 16:30:00,0,,,,,,,,,,,,,,,,,,,
27/02/2024 16:15:00,0,,,,,,,,,,,,,,,,,,,
27/02/2024 16:00:00,0,,,,,,,,,,,,,,,,,,,
27/02/2024 15:45:00,0,,,,,,,,,,,,,,,,,,,
27/02/2024 15:30:00,0,,,,,,,,,,,,,,,,,,,
27/02/2024 15:15:00,0,,,,,,,,,,,,,,,,,,,
27/02/2024 15:00:00,0,,,,,,,,,,,,,,,,,,,
27/02/2024 14:45:00,0,,,,,,,,,,,,,,,,,,,
27/02/2024 14:30:00,0,,,,,,,,,,,,,,,,,,,
27/02/2024 14:15:00,0,,,,,,,,,,,,,,,,,,,
27/02/2024 14:00:00,0,,,,,,,,,,,,,,,,,,,
27/02/2024 13:45:00,0,,,,,,,,,,,,,,,,,,,
27/02/2024 13:30:00,0,,,,,,,,,,,,,,,,,,,
27/02/2024 13:15:00,0,,,,,,,,,,,,,,,,,,,
27/02/2024 13:00:00,0,,,,,,,,,,,,,,,,,,,
27/02/2024 12:45:00,0,,,,,,,,,,,,,,,,,,,
27/02/2024 12:30:00,0,,,,,,,,,,,,,,,,,,,
27/02/2024 12:15:00,0,,,,,,,,,,,,,,,,,,,
27/02/2024 12:00:00,0,,,,,,,,,,,,,,,,,,,
27/02/2024 11:45:00,0,,,,,,,,,,,,,,,,,,,
27/02/2024 11:30:00,0.2,,,,,,,,,,,,,,,,,,,
27/02/2024 11:15:00,0,,,,,,,,,,,,,,,,,,,
27/02/2024 11:00:00,0,,,,,,,,,,,,,,,,,,,
27/02/2024 10:45:00,0,,,,,,,,,,,,,,,,,,,
27/02/2024 10:30:00,0,,,,,,,,,,,,,,,,,,,
27/02/2024 10:15:00,0,,,,,,,,,,,,,,,,,,,
27/02/2024 10:00:00,0,,,,,,,,,,,,,,,,,,,
27/02/2024 09:45:00,0,,,,,,,,,,,,,,,,,,,
27/02/2024 09:30:00,0,,,,,,,,,,,,,,,,,,,
27/02/2024 09:15:00,0,,,,,,,,,,,,,,,,,,,
27/02/2024 09:00:00,0,,,,,,,,,,,,,,,,,,,
27/02/2024 08:45:00,0,,,,,,,,,,,,,,,,,,,
27/02/2024 08:30:00,0,,,,,,,,,,,,,,,,,,,
27/02/2024 08:15:00,0,,,,,,,,,,,,,,,,,,,
27/02/2024 08:00:00,0,,,,,,,,,,,,,,,,,,,
27/02/2024 07:45:00,0,,,,,,,,,,,,,,,,,,,
27/02/2024 07:30:00,0,,,,,,,,,,,,,,,,,,,
27/02/2024 07:15:00,0,,,,,,,,,,,,,,,,,,,
27/02/2024 07:00:00,0,182,,,,,,,,,,,,,,,,,,
27/02/2024 06:45:00,0,,,,,,,,,,,,,,,,,,,
27/02/2024 06:30:00,0,,,,,,,,,,,,,,,,,,,
27/02/2024 06:15:00,0,,,,,,,,,,,,,,,,,,,
27/02/2024 06:00:00,0,,,,,,,,,,,,,,,,,,,
27/02/2024 05:45:00,0,,,,,,,,,,,,,,,,,,,
27/02/2024 05:30:00,0,,,,,,,,,,,,,,,,,,,
27/02/2024 05:15:00,0,,,,,,,,,,,,,,,,,,,
27/02/2024 05:00:00,0,,,,,,,,,,,,,,,,,,,
27/02/2024 04:45:00,0,,,,,,,,,,,,,,,,,,,
27/02/2024 04:30:00,0,,,,,,,,,,,,,,,,,,,
27/02/2024 04:15:00,0,,,,,,,,,,,,,,,,,,,
27/02/2024 04:00:00,0,,,,,,,,,,,,,,,,,,,
27/02/2024 03:45:00,0,,,,,,,,,,,,,,,,,,,
27/02/2024 03:30:00,0,,,,,,,,,,,,,,,,,,,
27/02/2024 03:15:00,0,,,,,,,,,,,,,,,,,,,
27/02/2024 03:00:00,0,,,,,,,,,,,,,,,,,,,
27/02/2024 02:45:00,0,,,,,,,,,,,,,,,,,,,
27/02/2024 02:30:00,0,,,,,,,,,,,,,,,,,,,
27/02/2024 02:15:00,0,,,,,,,,,,,,,,,,,,,
27/02/2024 02:00:00,0,,,,,,,,,,,,,,,,,,,
27/02/2024 01:45:00,0,,,,,,,,,,,,,,,,,,,
27/02/2024 01:30:00,0,,,,,,,,,,,,,,,,,,,
27/02/2024 01:15:00,0,,,,,,,,,,,,,,,,,,,
27/02/2024 01:00:00,0,,,,,,,,,,,,,,,,,,,
27/02/2024 00:45:00,0.2,,,,,,,,,,,,,,,,,,,
27/02/2024 00:30:00,0,,,,,,,,,,,,,,,,,,,
27/02/2024 00:15:00,0.2,,,,,,,,,,,,,,,,,,,
27/02/2024 00:00:00,0.2,,,,,,,,,,,,,,,,,,,
26/02/2024 23:45:00,0.2,,,,,,,,,,,,,,,,,,,
26/02/2024 23:30:00,0.2,,,,,,,,,,,,,,,,,,,
26/02/2024 23:15:00,0,,,,,,,,,,,,,,,,,,,
26/02/2024 23:00:00,0,,,,,,,,,,,,,,,,,,,
26/02/2024 22:45:00,0.2,,,,,,,,,,,,,,,,,,,
26/02/2024 22:30:00,1.4,,,,,,,,,,,,,,,,,,,
26/02/2024 22:15:00,1.4,,,,,,,,,,,,,,,,,,,
26/02/2024 22:00:00,1,,,,,,,,,,,,,,,,,,,
26/02/2024 21:45:00,1,,,,,,,,,,,,,,,,,,,
26/02/2024 21:30:00,0.4,,,,,,,,,,,,,,,,,,,
26/02/2024 21:15:00,0.4,,,,,,,,,,,,,,,,,,,
26/02/2024 21:00:00,0.2,,,,,,,,,,,,,,,,,,,
26/02/2024 20:45:00,0,,,,,,,,,,,,,,,,,,,
26/02/2024 20:30:00,0,,,,,,,,,,,,,,,,,,,
26/02/2024 20:15:00,0,,,,,,,,,,,,,,,,,,,
26/02/2024 20:00:00,0,,,,,,,,,,,,,,,,,,,
26/02/2024 19:45:00,0,,,,,,,,,,,,,,,,,,,
26/02/2024 19:30:00,0,,,,,,,,,,,,,,,,,,,
26/02/2024 19:15:00,0,,,,,,,,,,,,,,,,,,,
26/02/2024 19:00:00,0,,,,,,,,,,,,,,,,,,,
26/02/2024 18:45:00,0,,,,,,,,,,,,,,,,,,,
26/02/2024 18:30:00,0,,,,,,,,,,,,,,,,,,,
26/02/2024 18:15:00,0,,,,,,,,,,,,,,,,,,,
26/02/2024 18:00:00,0,,,,,,,,,,,,,,,,,,,
26/02/2024 17:45:00,0.6,,,,,,,,,,,,,,,,,,,
26/02/2024 17:30:00,0,,,,,,,,,,,,,,,,,,,
26/02/2024 17:15:00,0,,,,,,,,,,,,,,,,,,,
26/02/2024 17:00:00,0,,,,,,,,,,,,,,,,,,,
26/02/2024 16:45:00,,,,,,,,,,,,,,,,,,,,
26/02/2024 16:30:00,0.6,,,,,,,,,,,,,,,,,,,
26/02/2024 16:15:00,0,,,,,,,,,,,,,,,,,,,
26/02/2024 16:00:00,0,,,,,,,,,,,,,,,,,,,
26/02/2024 15:45:00,0,,,,,,,,,,,,,,,,,,,
26/02/2024 15:30:00,0,,,,,,,,,,,,,,,,,,,
26/02/2024 15:15:00,0,,,,,,,,,,,,,,,,,,,
26/02/2024 15:00:00,0,,,,,,,,,,,,,,,,,,,
26/02/2024 14:45:00,0,,,,,,,,,,,,,,,,,,,
26/02/2024 14:30:00,0,,,,,,,,,,,,,,,,,,,
26/02/2024 14:15:00,0,,,,,,,,,,,,,,,,,,,
26/02/2024 14:00:00,0,,,,,,,,,,,,,,,,,,,
26/02/2024 13:45:00,0,,,,,,,,,,,,,,,,,,,
26/02/2024 13:30:00,0,,,,,,,,,,,,,,,,,,,
26/02/2024 13:15:00,0,,,,,,,,,,,,,,,,,,,
26/02/2024 13:00:00,0,,,,,,,,,,,,,,,,,,,
26/02/2024 12:45:00,0,,,,,,,,,,,,,,,,,,,
26/02/2024 12:30:00,0,,,,,,,,,,,,,,,,,,,
26/02/2024 12:15:00,0,,,,,,,,,,,,,,,,,,,
26/02/2024 12:00:00,0,,,,,,,,,,,,,,,,,,,
26/02/2024 11:45:00,0,,,,,,,,,,,,,,,,,,,
26/02/2024 11:30:00,0,,,,,,,,,,,,,,,,,,,
26/02/2024 11:15:00,0,,,,,,,,,,,,,,,,,,,
26/02/2024 11:00:00,0,,,,,,,,,,,,,,,,,,,
26/02/2024 10:45:00,0,,,,,,,,,,,,,,,,,,,
26/02/2024 10:30:00,0,,,,,,,,,,,,,,,,,,,
26/02/2024 10:15:00,0,,,,,,,,,,,,,,,,,,,
26/02/2024 10:00:00,0,,,,,,,,,,,,,,,,,,,
26/02/2024 09:45:00,0,,,,,,,,,,,,,,,,,,,
26/02/2024 09:30:00,0,,,,,,,,,,,,,,,,,,,
26/02/2024 09:15:00,0,,,,,,,,,,,,,,,,,,,
26/02/2024 09:00:00,0,,,,,,,,,,,,,,,,,,,
26/02/2024 08:45:00,0,,,,,,,,,,,,,,,,,,,
26/02/2024 08:30:00,0,,,,,,,,,,,,,,,,,,,
26/02/2024 08:15:00,0,,,,,,,,,,,,,,,,,,,
26/02/2024 08:00:00,0,,,,,,,,,,,,,,,,,,,
26/02/2024 07:45:00,0,,,,,,,,,,,,,,,,,,,
26/02/2024 07:30:00,0,,,,,,,,,,,,,,,,,,,
26/02/2024 07:15:00,0,,,,,,,,,,,,,,,,,,,
26/02/2024 07:00:00,0,180,,,,,,,,,,,,,,,,,,
26/02/2024 06:45:00,0,,,,,,,,,,,,,,,,,,,
26/02/2024 06:30:00,0,,,,,,,,,,,,,,,,,,,
26/02/2024 06:15:00,0,,,,,,,,,,,,,,,,,,,
26/02/2024 06:00:00,0,,,,,,,,,,,,,,,,,,,
26/02/2024 05:45:00,0,,,,,,,,,,,,,,,,,,,
26/02/2024 05:30:00,0,,,,,,,,,,,,,,,,,,,
26/02/2024 05:15:00,0,,,,,,,,,,,,,,,,,,,
26/02/2024 05:00:00,0,,,,,,,,,,,,,,,,,,,
26/02/2024 04:45:00,0,,,,,,,,,,,,,,,,,,,
26/02/2024 04:30:00,0,,,,,,,,,,,,,,,,,,,
26/02/2024 04:15:00,0,,,,,,,,,,,,,,,,,,,
26/02/2024 04:00:00,0,,,,,,,,,,,,,,,,,,,
26/02/2024 03:45:00,0,,,,,,,,,,,,,,,,,,,
26/02/2024 03:30:00,0,,,,,,,,,,,,,,,,,,,
26/02/2024 03:15:00,0,,,,,,,,,,,,,,,,,,,
26/02/2024 03:00:00,0,,,,,,,,,,,,,,,,,,,
26/02/2024 02:45:00,0,,,,,,,,,,,,,,,,,,,
26/02/2024 02:30:00,0,,,,,,,,,,,,,,,,,,,
26/02/2024 02:15:00,0,,,,,,,,,,,,,,,,,,,
26/02/2024 02:00:00,0,,,,,,,,,,,,,,,,,,,
26/02/2024 01:45:00,0,,,,,,,,,,,,,,,,,,,
26/02/2024 01:30:00,0,,,,,,,,,,,,,,,,,,,
26/02/2024 01:15:00,0,,,,,,,,,,,,,,,,,,,
26/02/2024 01:00:00,0,,,,,,,,,,,,,,,,,,,
26/02/2024 00:45:00,0,,,,,,,,,,,,,,,,,,,
26/02/2024 00:30:00,0,,,,,,,,,,,,,,,,,,,
26/02/2024 00:15:00,0,,,,,,,,,,,,,,,,,,,
26/02/2024 00:00:00,0,,,,,,,,,,,,,,,,,,,
25/02/2024 23:45:00,0,,,,,,,,,,,,,,,,,,,
25/02/2024 23:30:00,0,,,,,,,,,,,,,,,,,,,
25/02/2024 23:15:00,0,,,,,,,,,,,,,,,,,,,
25/02/2024 23:00:00,0,,,,,,,,,,,,,,,,,,,
25/02/2024 22:45:00,0,,,,,,,,,,,,,,,,,,,
25/02/2024 22:30:00,0,,,,,,,,,,,,,,,,,,,
25/02/2024 22:15:00,0,,,,,,,,,,,,,,,,,,,
25/02/2024 22:00:00,0,,,,,,,,,,,,,,,,,,,
25/02/2024 21:45:00,0,,,,,,,,,,,,,,,,,,,
25/02/2024 21:30:00,0,,,,,,,,,,,,,,,,,,,
25/02/2024 21:15:00,0,,,,,,,,,,,,,,,,,,,
25/02/2024 21:00:00,0,,,,,,,,,,,,,,,,,,,
25/02/2024 20:45:00,0,,,,,,,,,,,,,,,,,,,
25/02/2024 20:30:00,0,,,,,,,,,,,,,,,,,,,
25/02/2024 20:15:00,0,,,,,,,,,,,,,,,,,,,
25/02/2024 20:00:00,0,,,,,,,,,,,,,,,,,,,
25/02/2024 19:45:00,0,,,,,,,,,,,,,,,,,,,
25/02/2024 19:30:00,0,,,,,,,,,,,,,,,,,,,
25/02/2024 19:15:00,0,,,,,,,,,,,,,,,,,,,
25/02/2024 19:00:00,0,,,,,,,,,,,,,,,,,,,
25/02/2024 18:45:00,0,,,,,,,,,,,,,,,,,,,
25/02/2024 18:30:00,0,,,,,,,,,,,,,,,,,,,
25/02/2024 18:15:00,0,,,,,,,,,,,,,,,,,,,
25/02/2024 18:00:00,0,,,,,,,,,,,,,,,,,,,
25/02/2024 17:45:00,0,,,,,,,,,,,,,,,,,,,
25/02/2024 17:30:00,0,,,,,,,,,,,,,,,,,,,
25/02/2024 17:15:00,0,,,,,,,,,,,,,,,,,,,
25/02/2024 17:00:00,0,191,,,,,,,,,,,,,,,,,,
25/02/2024 16:45:00,0,,,,,,,,,,,,,,,,,,,
25/02/2024 16:30:00,0,,,,,,,,,,,,,,,,,,,
25/02/2024 16:15:00,0,,,,,,,,,,,,,,,,,,,
25/02/2024 16:00:00,0,,,,,,,,,,,,,,,,,,,
25/02/2024 15:45:00,0,,,,,,,,,,,,,,,,,,,
25/02/2024 15:30:00,0,,,,,,,,,,,,,,,,,,,
25/02/2024 15:15:00,0,,,,,,,,,,,,,,,,,,,
25/02/2024 15:00:00,0,,,,,,,,,,,,,,,,,,,
25/02/2024 14:45:00,0,,,,,,,,,,,,,,,,,,,
25/02/2024 14:30:00,0,,,,,,,,,,,,,,,,,,,
25/02/2024 14:15:00,0,,,,,,,,,,,,,,,,,,,
25/02/2024 14:00:00,0,,,,,,,,,,,,,,,,,,,
25/02/2024 13:45:00,0,,,,,,,,,,,,,,,,,,,
25/02/2024 13:30:00,0,,,,,,,,,,,,,,,,,,,
25/02/2024 13:15:00,0,,,,,,,,,,,,,,,,,,,
25/02/2024 13:00:00,0,,,,,,,,,,,,,,,,,,,
25/02/2024 12:45:00,0,,,,,,,,,,,,,,,,,,,
25/02/2024 12:30:00,0,,,,,,,,,,,,,,,,,,,
25/02/2024 12:15:00,0,,,,,,,,,,,,,,,,,,,
25/02/2024 12:00:00,0,,,,,,,,,,,,,,,,,,,
25/02/2024 11:45:00,0,,,,,,,,,,,,,,,,,,,
25/02/2024 11:30:00,0,,,,,,,,,,,,,,,,,,,
25/02/2024 11:15:00,0,,,,,,,,,,,,,,,,,,,
25/02/2024 11:00:00,0,,,,,,,,,,,,,,,,,,,
25/02/2024 10:45:00,0,,,,,,,,,,,,,,,,,,,
25/02/2024 10:30:00,0,,,,,,,,,,,,,,,,,,,
25/02/2024 10:15:00,0,,,,,,,,,,,,,,,,,,,
25/02/2024 10:00:00,0,,,,,,,,,,,,,,,,,,,
25/02/2024 09:45:00,0,,,,,,,,,,,,,,,,,,,
25/02/2024 09:30:00,0,,,,,,,,,,,,,,,,,,,
25/02/2024 09:15:00,0,,,,,,,,,,,,,,,,,,,
25/02/2024 09:00:00,0,,,,,,,,,,,,,,,,,,,
25/02/2024 08:45:00,0,,,,,,,,,,,,,,,,,,,
25/02/2024 08:30:00,0,,,,,,,,,,,,,,,,,,,
25/02/2024 08:15:00,0,,,,,,,,,,,,,,,,,,,
25/02/2024 08:00:00,0,,,,,,,,,,,,,,,,,,,
25/02/2024 07:45:00,0,,,,,,,,,,,,,,,,,,,
25/02/2024 07:30:00,0,,,,,,,,,,,,,,,,,,,
25/02/2024 07:15:00,0,,,,,,,,,,,,,,,,,,,
25/02/2024 07:00:00,0,182,,,,,,,,,,,,,,,,,,
25/02/2024 06:45:00,0,,,,,,,,,,,,,,,,,,,
25/02/2024 06:30:00,0,,,,,,,,,,,,,,,,,,,
25/02/2024 06:15:00,0,,,,,,,,,,,,,,,,,,,
25/02/2024 06:00:00,0,,,,,,,,,,,,,,,,,,,
25/02/2024 05:45:00,0,,,,,,,,,,,,,,,,,,,
25/02/2024 05:30:00,0,,,,,,,,,,,,,,,,,,,
25/02/2024 05:15:00,0,,,,,,,,,,,,,,,,,,,
25/02/2024 05:00:00,0,,,,,,,,,,,,,,,,,,,
25/02/2024 04:45:00,0,,,,,,,,,,,,,,,,,,,
25/02/2024 04:30:00,0,,,,,,,,,,,,,,,,,,,
25/02/2024 04:15:00,0,,,,,,,,,,,,,,,,,,,
25/02/2024 04:00:00,0,,,,,,,,,,,,,,,,,,,
25/02/2024 03:45:00,0,,,,,,,,,,,,,,,,,,,
25/02/2024 03:30:00,0,,,,,,,,,,,,,,,,,,,
25/02/2024 03:15:00,0,,,,,,,,,,,,,,,,,,,
25/02/2024 03:00:00,0,,,,,,,,,,,,,,,,,,,
25/02/2024 02:45:00,0,,,,,,,,,,,,,,,,,,,
25/02/2024 02:30:00,0,,,,,,,,,,,,,,,,,,,
25/02/2024 02:15:00,0,,,,,,,,,,,,,,,,,,,
25/02/2024 02:00:00,0,,,,,,,,,,,,,,,,,,,
25/02/2024 01:45:00,0,,,,,,,,,,,,,,,,,,,
25/02/2024 01:30:00,0,,,,,,,,,,,,,,,,,,,
25/02/2024 01:15:00,0,,,,,,,,,,,,,,,,,,,
25/02/2024 01:00:00,0,,,,,,,,,,,,,,,,,,,
25/02/2024 00:45:00,0,,,,,,,,,,,,,,,,,,,
25/02/2024 00:30:00,0,,,,,,,,,,,,,,,,,,,
25/02/2024 00:15:00,0,,,,,,,,,,,,,,,,,,,
25/02/2024 00:00:00,0,,,,,,,,,,,,,,,,,,,
24/02/2024 23:45:00,0,,,,,,,,,,,,,,,,,,,
24/02/2024 23:30:00,0,,,,,,,,,,,,,,,,,,,
24/02/2024 23:15:00,0,,,,,,,,,,,,,,,,,,,
24/02/2024 23:00:00,0,,,,,,,,,,,,,,,,,,,
24/02/2024 22:45:00,0,,,,,,,,,,,,,,,,,,,
24/02/2024 22:30:00,0,,,,,,,,,,,,,,,,,,,
24/02/2024 22:15:00,0,,,,,,,,,,,,,,,,,,,
24/02/2024 22:00:00,0,,,,,,,,,,,,,,,,,,,
24/02/2024 21:45:00,0,,,,,,,,,,,,,,,,,,,
24/02/2024 21:30:00,0,,,,,,,,,,,,,,,,,,,
24/02/2024 21:15:00,0,,,,,,,,,,,,,,,,,,,
24/02/2024 21:00:00,0,,,,,,,,,,,,,,,,,,,
24/02/2024 20:45:00,0,,,,,,,,,,,,,,,,,,,
24/02/2024 20:30:00,0,,,,,,,,,,,,,,,,,,,
24/02/2024 20:15:00,0,,,,,,,,,,,,,,,,,,,
24/02/2024 20:00:00,0,,,,,,,,,,,,,,,,,,,
24/02/2024 19:45:00,0,,,,,,,,,,,,,,,,,,,
24/02/2024 19:30:00,0,,,,,,,,,,,,,,,,,,,
24/02/2024 19:15:00,0,,,,,,,,,,,,,,,,,,,
24/02/2024 19:00:00,0,,,,,,,,,,,,,,,,,,,
24/02/2024 18:45:00,0,,,,,,,,,,,,,,,,,,,
24/02/2024 18:30:00,0,,,,,,,,,,,,,,,,,,,
24/02/2024 18:15:00,0,,,,,,,,,,,,,,,,,,,
24/02/2024 18:00:00,0,,,,,,,,,,,,,,,,,,,
24/02/2024 17:45:00,0,,,,,,,,,,,,,,,,,,,
24/02/2024 17:30:00,0,,,,,,,,,,,,,,,,,,,
24/02/2024 17:15:00,0,,,,,,,,,,,,,,,,,,,
24/02/2024 17:00:00,0,199,,,,,,,,,,,,,,,,,,
24/02/2024 16:45:00,0,,,,,,,,,,,,,,,,,,,
24/02/2024 16:30:00,0,,,,,,,,,,,,,,,,,,,
24/02/2024 16:15:00,0,,,,,,,,,,,,,,,,,,,
24/02/2024 16:00:00,0,,,,,,,,,,,,,,,,,,,
24/02/2024 15:45:00,0,,,,,,,,,,,,,,,,,,,
24/02/2024 15:30:00,0,,,,,,,,,,,,,,,,,,,
24/02/2024 15:15:00,0,,,,,,,,,,,,,,,,,,,
24/02/2024 15:00:00,0,,,,,,,,,,,,,,,,,,,
24/02/2024 14:45:00,0,,,,,,,,,,,,,,,,,,,
24/02/2024 14:30:00,0,,,,,,,,,,,,,,,,,,,
24/02/2024 14:15:00,0,,,,,,,,,,,,,,,,,,,
24/02/2024 14:00:00,0,,,,,,,,,,,,,,,,,,,
24/02/2024 13:45:00,0,,,,,,,,,,,,,,,,,,,
24/02/2024 13:30:00,0,,,,,,,,,,,,,,,,,,,
24/02/2024 13:15:00,0,,,,,,,,,,,,,,,,,,,
24/02/2024 13:00:00,0,,,,,,,,,,,,,,,,,,,
24/02/2024 12:45:00,0,,,,,,,,,,,,,,,,,,,
24/02/2024 12:30:00,0,,,,,,,,,,,,,,,,,,,
24/02/2024 12:15:00,0,,,,,,,,,,,,,,,,,,,
24/02/2024 12:00:00,0,,,,,,,,,,,,,,,,,,,
24/02/2024 11:45:00,0,,,,,,,,,,,,,,,,,,,
24/02/2024 11:30:00,0,,,,,,,,,,,,,,,,,,,
24/02/2024 11:15:00,0,,,,,,,,,,,,,,,,,,,
24/02/2024 11:00:00,0,,,,,,,,,,,,,,,,,,,
24/02/2024 10:45:00,0,,,,,,,,,,,,,,,,,,,
24/02/2024 10:30:00,0,,,,,,,,,,,,,,,,,,,
24/02/2024 10:15:00,0,,,,,,,,,,,,,,,,,,,
24/02/2024 10:00:00,0,,,,,,,,,,,,,,,,,,,
24/02/2024 09:45:00,0,,,,,,,,,,,,,,,,,,,
24/02/2024 09:30:00,0,,,,,,,,,,,,,,,,,,,
24/02/2024 09:15:00,0,,,,,,,,,,,,,,,,,,,
24/02/2024 09:00:00,0,,,,,,,,,,,,,,,,,,,
24/02/2024 08:45:00,0,,,,,,,,,,,,,,,,,,,
24/02/2024 08:30:00,0,,,,,,,,,,,,,,,,,,,
24/02/2024 08:15:00,0,,,,,,,,,,,,,,,,,,,
24/02/2024 08:00:00,0,,,,,,,,,,,,,,,,,,,
24/02/2024 07:45:00,0,,,,,,,,,,,,,,,,,,,
24/02/2024 07:30:00,0,,,,,,,,,,,,,,,,,,,
24/02/2024 07:15:00,0,,,,,,,,,,,,,,,,,,,
24/02/2024 07:00:00,0,210,,,,,,,,,,,,,,,,,,
24/02/2024 06:45:00,0,,,,,,,,,,,,,,,,,,,
24/02/2024 06:30:00,0,,,,,,,,,,,,,,,,,,,
24/02/2024 06:15:00,0,,,,,,,,,,,,,,,,,,,
24/02/2024 06:00:00,0,,,,,,,,,,,,,,,,,,,
24/02/2024 05:45:00,0,,,,,,,,,,,,,,,,,,,
24/02/2024 05:30:00,0,,,,,,,,,,,,,,,,,,,
24/02/2024 05:15:00,0,,,,,,,,,,,,,,,,,,,
24/02/2024 05:00:00,0,,,,,,,,,,,,,,,,,,,
24/02/2024 04:45:00,0,,,,,,,,,,,,,,,,,,,
24/02/2024 04:30:00,0,,,,,,,,,,,,,,,,,,,
24/02/2024 04:15:00,0,,,,,,,,,,,,,,,,,,,
24/02/2024 04:00:00,0,,,,,,,,,,,,,,,,,,,
24/02/2024 03:45:00,0,,,,,,,,,,,,,,,,,,,
24/02/2024 03:30:00,0,,,,,,,,,,,,,,,,,,,
24/02/2024 03:15:00,0,,,,,,,,,,,,,,,,,,,
24/02/2024 03:00:00,0,,,,,,,,,,,,,,,,,,,
24/02/2024 02:45:00,0,,,,,,,,,,,,,,,,,,,
24/02/2024 02:30:00,0,,,,,,,,,,,,,,,,,,,
24/02/2024 02:15:00,0,,,,,,,,,,,,,,,,,,,
24/02/2024 02:00:00,0,,,,,,,,,,,,,,,,,,,
24/02/2024 01:45:00,0,,,,,,,,,,,,,,,,,,,
24/02/2024 01:30:00,0,,,,,,,,,,,,,,,,,,,
24/02/2024 01:15:00,0,,,,,,,,,,,,,,,,,,,
24/02/2024 01:00:00,0,,,,,,,,,,,,,,,,,,,
24/02/2024 00:45:00,0,,,,,,,,,,,,,,,,,,,
24/02/2024 00:30:00,0,,,,,,,,,,,,,,,,,,,
24/02/2024 00:15:00,0,,,,,,,,,,,,,,,,,,,
24/02/2024 00:00:00,0,,,,,,,,,,,,,,,,,,,
23/02/2024 23:45:00,0,,,,,,,,,,,,,,,,,,,
23/02/2024 23:30:00,0,,,,,,,,,,,,,,,,,,,
23/02/2024 23:15:00,0,,,,,,,,,,,,,,,,,,,
23/02/2024 23:00:00,0,,,,,,,,,,,,,,,,,,,
23/02/2024 22:45:00,0,,,,,,,,,,,,,,,,,,,
23/02/2024 22:30:00,0,,,,,,,,,,,,,,,,,,,
23/02/2024 22:15:00,0,,,,,,,,,,,,,,,,,,,
23/02/2024 22:00:00,0,,,,,,,,,,,,,,,,,,,
23/02/2024 21:45:00,0,,,,,,,,,,,,,,,,,,,
23/02/2024 21:30:00,0,,,,,,,,,,,,,,,,,,,
23/02/2024 21:15:00,0,,,,,,,,,,,,,,,,,,,
23/02/2024 21:00:00,0,,,,,,,,,,,,,,,,,,,
23/02/2024 20:45:00,0,,,,,,,,,,,,,,,,,,,
23/02/2024 20:30:00,0,,,,,,,,,,,,,,,,,,,
23/02/2024 20:15:00,0,,,,,,,,,,,,,,,,,,,
23/02/2024 20:00:00,0,,,,,,,,,,,,,,,,,,,
23/02/2024 19:45:00,0,,,,,,,,,,,,,,,,,,,
23/02/2024 19:30:00,0,,,,,,,,,,,,,,,,,,,
23/02/2024 19:15:00,0,,,,,,,,,,,,,,,,,,,
23/02/2024 19:00:00,0,,,,,,,,,,,,,,,,,,,
23/02/2024 18:45:00,0,,,,,,,,,,,,,,,,,,,
23/02/2024 18:30:00,0,,,,,,,,,,,,,,,,,,,
23/02/2024 18:15:00,0,,,,,,,,,,,,,,,,,,,
23/02/2024 18:00:00,0,,,,,,,,,,,,,,,,,,,
23/02/2024 17:45:00,0,,,,,,,,,,,,,,,,,,,
23/02/2024 17:30:00,0,,,,,,,,,,,,,,,,,,,
23/02/2024 17:15:00,0,,,,,,,,,,,,,,,,,,,
23/02/2024 17:00:00,0,204,,,,,,,,,,,,,,,,,,
23/02/2024 16:45:00,0,,,,,,,,,,,,,,,,,,,
23/02/2024 16:30:00,0,,,,,,,,,,,,,,,,,,,
23/02/2024 16:15:00,0,,,,,,,,,,,,,,,,,,,
23/02/2024 16:00:00,0,,,,,,,,,,,,,,,,,,,
23/02/2024 15:45:00,0,,,,,,,,,,,,,,,,,,,
23/02/2024 15:30:00,0,,,,,,,,,,,,,,,,,,,
23/02/2024 15:15:00,0,,,,,,,,,,,,,,,,,,,
23/02/2024 15:00:00,0,,,,,,,,,,,,,,,,,,,
23/02/2024 14:45:00,0,,,,,,,,,,,,,,,,,,,
23/02/2024 14:30:00,0,,,,,,,,,,,,,,,,,,,
23/02/2024 14:15:00,0,,,,,,,,,,,,,,,,,,,
23/02/2024 14:00:00,0,,,,,,,,,,,,,,,,,,,
23/02/2024 13:45:00,0,,,,,,,,,,,,,,,,,,,
23/02/2024 13:30:00,0,,,,,,,,,,,,,,,,,,,
23/02/2024 13:15:00,0,,,,,,,,,,,,,,,,,,,
23/02/2024 13:00:00,0,,,,,,,,,,,,,,,,,,,
23/02/2024 12:45:00,0,,,,,,,,,,,,,,,,,,,
23/02/2024 12:30:00,0,,,,,,,,,,,,,,,,,,,
23/02/2024 12:15:00,0,,,,,,,,,,,,,,,,,,,
23/02/2024 12:00:00,0,,,,,,,,,,,,,,,,,,,
23/02/2024 11:45:00,0,,,,,,,,,,,,,,,,,,,
23/02/2024 11:30:00,0,,,,,,,,,,,,,,,,,,,
23/02/2024 11:15:00,0,,,,,,,,,,,,,,,,,,,
23/02/2024 11:00:00,0,,,,,,,,,,,,,,,,,,,
23/02/2024 10:45:00,0,,,,,,,,,,,,,,,,,,,
23/02/2024 10:30:00,0,,,,,,,,,,,,,,,,,,,
23/02/2024 10:15:00,0,,,,,,,,,,,,,,,,,,,
23/02/2024 10:00:00,0,,,,,,,,,,,,,,,,,,,
23/02/2024 09:45:00,0,,,,,,,,,,,,,,,,,,,
23/02/2024 09:30:00,0,,,,,,,,,,,,,,,,,,,
23/02/2024 09:15:00,0,,,,,,,,,,,,,,,,,,,
23/02/2024 09:00:00,0,,,,,,,,,,,,,,,,,,,
23/02/2024 08:45:00,0,,,,,,,,,,,,,,,,,,,
23/02/2024 08:30:00,0,,,,,,,,,,,,,,,,,,,
23/02/2024 08:15:00,0,,,,,,,,,,,,,,,,,,,
23/02/2024 08:00:00,0,,,,,,,,,,,,,,,,,,,
23/02/2024 07:45:00,0,,,,,,,,,,,,,,,,,,,
23/02/2024 07:30:00,0,,,,,,,,,,,,,,,,,,,
23/02/2024 07:15:00,0,,,,,,,,,,,,,,,,,,,
23/02/2024 07:00:00,0,197,,,,,,,,,,,,,,,,,,
23/02/2024 06:45:00,0,,,,,,,,,,,,,,,,,,,
23/02/2024 06:30:00,0,,,,,,,,,,,,,,,,,,,
23/02/2024 06:15:00,0,,,,,,,,,,,,,,,,,,,
23/02/2024 06:00:00,0,,,,,,,,,,,,,,,,,,,
23/02/2024 05:45:00,0,,,,,,,,,,,,,,,,,,,
23/02/2024 05:30:00,0,,,,,,,,,,,,,,,,,,,
23/02/2024 05:15:00,0,,,,,,,,,,,,,,,,,,,
23/02/2024 05:00:00,0,,,,,,,,,,,,,,,,,,,
23/02/2024 04:45:00,0,,,,,,,,,,,,,,,,,,,
23/02/2024 04:30:00,0,,,,,,,,,,,,,,,,,,,
23/02/2024 04:15:00,0,,,,,,,,,,,,,,,,,,,
23/02/2024 04:00:00,0,,,,,,,,,,,,,,,,,,,
23/02/2024 03:45:00,0,,,,,,,,,,,,,,,,,,,
23/02/2024 03:30:00,0,,,,,,,,,,,,,,,,,,,
23/02/2024 03:15:00,0,,,,,,,,,,,,,,,,,,,
23/02/2024 03:00:00,0,,,,,,,,,,,,,,,,,,,
23/02/2024 02:45:00,0,,,,,,,,,,,,,,,,,,,
23/02/2024 02:30:00,0,,,,,,,,,,,,,,,,,,,
23/02/2024 02:15:00,0,,,,,,,,,,,,,,,,,,,
23/02/2024 02:00:00,0,,,,,,,,,,,,,,,,,,,
23/02/2024 01:45:00,0,,,,,,,,,,,,,,,,,,,
23/02/2024 01:30:00,0,,,,,,,,,,,,,,,,,,,
23/02/2024 01:15:00,0,,,,,,,,,,,,,,,,,,,
23/02/2024 01:00:00,0,,,,,,,,,,,,,,,,,,,
23/02/2024 00:45:00,0,,,,,,,,,,,,,,,,,,,
23/02/2024 00:30:00,0,,,,,,,,,,,,,,,,,,,
23/02/2024 00:15:00,0,,,,,,,,,,,,,,,,,,,
23/02/2024 00:00:00,0,,,,,,,,,,,,,,,,,,,
22/02/2024 23:45:00,0,,,,,,,,,,,,,,,,,,,
22/02/2024 23:30:00,0,,,,,,,,,,,,,,,,,,,
22/02/2024 23:15:00,0,,,,,,,,,,,,,,,,,,,
22/02/2024 23:00:00,0,,,,,,,,,,,,,,,,,,,
22/02/2024 22:45:00,0,,,,,,,,,,,,,,,,,,,
22/02/2024 21:30:00,0,,,,,,,,,,,,,,,,,,,
22/02/2024 21:15:00,0,,,,,,,,,,,,,,,,,,,
22/02/2024 21:00:00,0,,,,,,,,,,,,,,,,,,,
22/02/2024 20:45:00,0,,,,,,,,,,,,,,,,,,,
22/02/2024 20:30:00,0,,,,,,,,,,,,,,,,,,,
22/02/2024 20:15:00,0,,,,,,,,,,,,,,,,,,,
22/02/2024 20:00:00,0,,,,,,,,,,,,,,,,,,,
22/02/2024 19:45:00,0,,,,,,,,,,,,,,,,,,,
22/02/2024 19:30:00,0,,,,,,,,,,,,,,,,,,,
22/02/2024 19:15:00,0,,,,,,,,,,,,,,,,,,,
22/02/2024 19:00:00,0,,,,,,,,,,,,,,,,,,,
22/02/2024 18:45:00,0,,,,,,,,,,,,,,,,,,,
22/02/2024 18:30:00,0,,,,,,,,,,,,,,,,,,,
22/02/2024 18:15:00,0,,,,,,,,,,,,,,,,,,,
22/02/2024 18:00:00,0,,,,,,,,,,,,,,,,,,,
22/02/2024 17:45:00,0,,,,,,,,,,,,,,,,,,,
22/02/2024 17:30:00,0,,,,,,,,,,,,,,,,,,,
22/02/2024 17:15:00,0,,,,,,,,,,,,,,,,,,,
22/02/2024 17:00:00,0,250,,,,,,,,,,,,,,,,,,
22/02/2024 16:45:00,0,,,,,,,,,,,,,,,,,,,
22/02/2024 16:30:00,0,,,,,,,,,,,,,,,,,,,
22/02/2024 16:15:00,0,,,,,,,,,,,,,,,,,,,
22/02/2024 16:00:00,0,,,,,,,,,,,,,,,,,,,
22/02/2024 15:45:00,0,,,,,,,,,,,,,,,,,,,
22/02/2024 15:30:00,0,,,,,,,,,,,,,,,,,,,
22/02/2024 15:15:00,0,,,,,,,,,,,,,,,,,,,
22/02/2024 15:00:00,0,,,,,,,,,,,,,,,,,,,
22/02/2024 14:45:00,0,,,,,,,,,,,,,,,,,,,
22/02/2024 14:30:00,0,,,,,,,,,,,,,,,,,,,
22/02/2024 14:15:00,0,,,,,,,,,,,,,,,,,,,
22/02/2024 14:00:00,0,,,,,,,,,,,,,,,,,,,
22/02/2024 13:45:00,0,,,,,,,,,,,,,,,,,,,
22/02/2024 13:30:00,0,,,,,,,,,,,,,,,,,,,
22/02/2024 13:15:00,0,,,,,,,,,,,,,,,,,,,
22/02/2024 13:00:00,0,,,,,,,,,,,,,,,,,,,
22/02/2024 12:45:00,0,,,,,,,,,,,,,,,,,,,
22/02/2024 12:30:00,0,,,,,,,,,,,,,,,,,,,
22/02/2024 12:15:00,0,,,,,,,,,,,,,,,,,,,
22/02/2024 12:00:00,0,,,,,,,,,,,,,,,,,,,
22/02/2024 11:45:00,0,,,,,,,,,,,,,,,,,,,
22/02/2024 11:30:00,0,,,,,,,,,,,,,,,,,,,
22/02/2024 11:15:00,0,,,,,,,,,,,,,,,,,,,
22/02/2024 11:00:00,0,,,,,,,,,,,,,,,,,,,
22/02/2024 10:45:00,0,,,,,,,,,,,,,,,,,,,
22/02/2024 10:30:00,0,,,,,,,,,,,,,,,,,,,
22/02/2024 10:15:00,0,,,,,,,,,,,,,,,,,,,
22/02/2024 10:00:00,0,,,,,,,,,,,,,,,,,,,
22/02/2024 09:45:00,0,,,,,,,,,,,,,,,,,,,
22/02/2024 09:30:00,0,,,,,,,,,,,,,,,,,,,
22/02/2024 09:15:00,0,,,,,,,,,,,,,,,,,,,
22/02/2024 09:00:00,0,,,,,,,,,,,,,,,,,,,
22/02/2024 08:45:00,0,,,,,,,,,,,,,,,,,,,
22/02/2024 08:30:00,0,,,,,,,,,,,,,,,,,,,
22/02/2024 08:15:00,0,,,,,,,,,,,,,,,,,,,
22/02/2024 08:00:00,0,,,,,,,,,,,,,,,,,,,
22/02/2024 07:45:00,0,,,,,,,,,,,,,,,,,,,
22/02/2024 07:30:00,0,,,,,,,,,,,,,,,,,,,
22/02/2024 07:15:00,0,,,,,,,,,,,,,,,,,,,
22/02/2024 07:00:00,0,258,,,,,,,,,,,,,,,,,,
22/02/2024 06:45:00,0,,,,,,,,,,,,,,,,,,,
22/02/2024 06:30:00,0,,,,,,,,,,,,,,,,,,,
22/02/2024 06:15:00,0,,,,,,,,,,,,,,,,,,,
22/02/2024 06:00:00,0,,,,,,,,,,,,,,,,,,,
22/02/2024 05:45:00,0,,,,,,,,,,,,,,,,,,,
22/02/2024 05:30:00,0,,,,,,,,,,,,,,,,,,,
22/02/2024 05:15:00,0,,,,,,,,,,,,,,,,,,,
22/02/2024 05:00:00,0,,,,,,,,,,,,,,,,,,,
22/02/2024 04:45:00,0,,,,,,,,,,,,,,,,,,,
22/02/2024 04:30:00,0,,,,,,,,,,,,,,,,,,,
22/02/2024 04:15:00,0,,,,,,,,,,,,,,,,,,,
22/02/2024 04:00:00,0,,,,,,,,,,,,,,,,,,,
22/02/2024 03:45:00,0,,,,,,,,,,,,,,,,,,,
22/02/2024 03:30:00,0,,,,,,,,,,,,,,,,,,,
22/02/2024 03:15:00,0,,,,,,,,,,,,,,,,,,,
22/02/2024 03:00:00,0,,,,,,,,,,,,,,,,,,,
22/02/2024 02:45:00,0,,,,,,,,,,,,,,,,,,,
22/02/2024 02:30:00,0,,,,,,,,,,,,,,,,,,,
22/02/2024 02:15:00,0,,,,,,,,,,,,,,,,,,,
22/02/2024 02:00:00,0,,,,,,,,,,,,,,,,,,,
22/02/2024 01:45:00,0,,,,,,,,,,,,,,,,,,,
22/02/2024 01:30:00,0,,,,,,,,,,,,,,,,,,,
22/02/2024 01:15:00,0,,,,,,,,,,,,,,,,,,,
22/02/2024 01:00:00,0,,,,,,,,,,,,,,,,,,,
22/02/2024 00:45:00,0,,,,,,,,,,,,,,,,,,,
22/02/2024 00:30:00,0,,,,,,,,,,,,,,,,,,,
22/02/2024 00:15:00,0,,,,,,,,,,,,,,,,,,,
22/02/2024 00:00:00,0,,,,,,,,,,,,,,,,,,,
21/02/2024 23:45:00,0,,,,,,,,,,,,,,,,,,,
21/02/2024 23:30:00,0,,,,,,,,,,,,,,,,,,,
21/02/2024 23:15:00,0,,,,,,,,,,,,,,,,,,,
21/02/2024 23:00:00,0,,,,,,,,,,,,,,,,,,,
21/02/2024 22:45:00,0,,,,,,,,,,,,,,,,,,,
21/02/2024 22:30:00,0,,,,,,,,,,,,,,,,,,,
21/02/2024 22:15:00,0,,,,,,,,,,,,,,,,,,,
21/02/2024 22:00:00,0,,,,,,,,,,,,,,,,,,,
21/02/2024 21:45:00,0,,,,,,,,,,,,,,,,,,,
21/02/2024 21:30:00,0,,,,,,,,,,,,,,,,,,,
21/02/2024 21:15:00,0,,,,,,,,,,,,,,,,,,,
21/02/2024 21:00:00,0,,,,,,,,,,,,,,,,,,,
21/02/2024 20:45:00,0,,,,,,,,,,,,,,,,,,,
21/02/2024 20:30:00,0,,,,,,,,,,,,,,,,,,,
21/02/2024 20:15:00,0,,,,,,,,,,,,,,,,,,,
21/02/2024 20:00:00,0,,,,,,,,,,,,,,,,,,,
21/02/2024 19:45:00,0,,,,,,,,,,,,,,,,,,,
21/02/2024 19:30:00,0,,,,,,,,,,,,,,,,,,,
21/02/2024 19:15:00,0,,,,,,,,,,,,,,,,,,,
21/02/2024 19:00:00,0,,,,,,,,,,,,,,,,,,,
21/02/2024 18:45:00,0,,,,,,,,,,,,,,,,,,,
21/02/2024 18:30:00,0,,,,,,,,,,,,,,,,,,,
21/02/2024 18:15:00,0,,,,,,,,,,,,,,,,,,,
21/02/2024 18:00:00,0,,,,,,,,,,,,,,,,,,,
21/02/2024 17:45:00,0,,,,,,,,,,,,,,,,,,,
21/02/2024 17:30:00,0,,,,,,,,,,,,,,,,,,,
21/02/2024 17:15:00,0,,,,,,,,,,,,,,,,,,,
21/02/2024 17:00:00,0,296,,,,,,,,,,,,,,,,,,
21/02/2024 16:45:00,0,,,,,,,,,,,,,,,,,,,
21/02/2024 16:30:00,0,,,,,,,,,,,,,,,,,,,
21/02/2024 16:15:00,0,,,,,,,,,,,,,,,,,,,
21/02/2024 16:00:00,0,,,,,,,,,,,,,,,,,,,
21/02/2024 15:45:00,0,,,,,,,,,,,,,,,,,,,
21/02/2024 15:30:00,0,,,,,,,,,,,,,,,,,,,
21/02/2024 15:15:00,0,,,,,,,,,,,,,,,,,,,
21/02/2024 15:00:00,0,,,,,,,,,,,,,,,,,,,
21/02/2024 14:45:00,0,,,,,,,,,,,,,,,,,,,
21/02/2024 14:30:00,0,,,,,,,,,,,,,,,,,,,
21/02/2024 14:15:00,0,,,,,,,,,,,,,,,,,,,
21/02/2024 14:00:00,0,,,,,,,,,,,,,,,,,,,
21/02/2024 13:45:00,0,,,,,,,,,,,,,,,,,,,
21/02/2024 13:30:00,0,,,,,,,,,,,,,,,,,,,
21/02/2024 13:15:00,0,,,,,,,,,,,,,,,,,,,
21/02/2024 13:00:00,0,,,,,,,,,,,,,,,,,,,
21/02/2024 12:45:00,0,,,,,,,,,,,,,,,,,,,
21/02/2024 12:30:00,0,,,,,,,,,,,,,,,,,,,
21/02/2024 12:15:00,0,,,,,,,,,,,,,,,,,,,
21/02/2024 12:00:00,0,,,,,,,,,,,,,,,,,,,
21/02/2024 11:45:00,0,,,,,,,,,,,,,,,,,,,
21/02/2024 11:30:00,0,,,,,,,,,,,,,,,,,,,
21/02/2024 11:15:00,0,,,,,,,,,,,,,,,,,,,
21/02/2024 11:00:00,0,,,,,,,,,,,,,,,,,,,
21/02/2024 10:45:00,0,,,,,,,,,,,,,,,,,,,
21/02/2024 10:30:00,0,,,,,,,,,,,,,,,,,,,
21/02/2024 10:15:00,0,,,,,,,,,,,,,,,,,,,
21/02/2024 10:00:00,0,,,,,,,,,,,,,,,,,,,
21/02/2024 09:45:00,0,,,,,,,,,,,,,,,,,,,
21/02/2024 09:30:00,0,,,,,,,,,,,,,,,,,,,
21/02/2024 09:15:00,0,,,,,,,,,,,,,,,,,,,
21/02/2024 09:00:00,0,,,,,,,,,,,,,,,,,,,
21/02/2024 08:45:00,0,,,,,,,,,,,,,,,,,,,
21/02/2024 08:30:00,0,,,,,,,,,,,,,,,,,,,
21/02/2024 08:15:00,0,,,,,,,,,,,,,,,,,,,
21/02/2024 08:00:00,0,,,,,,,,,,,,,,,,,,,
21/02/2024 07:45:00,0,,,,,,,,,,,,,,,,,,,
21/02/2024 07:30:00,0,,,,,,,,,,,,,,,,,,,
21/02/2024 07:15:00,0,,,,,,,,,,,,,,,,,,,
21/02/2024 07:00:00,0,306,,,,,,,,,,,,,,,,,,
21/02/2024 06:45:00,0,,,,,,,,,,,,,,,,,,,
21/02/2024 06:30:00,0,,,,,,,,,,,,,,,,,,,
21/02/2024 06:15:00,0,,,,,,,,,,,,,,,,,,,
21/02/2024 06:00:00,0,,,,,,,,,,,,,,,,,,,
21/02/2024 05:45:00,0,,,,,,,,,,,,,,,,,,,
21/02/2024 05:30:00,0,,,,,,,,,,,,,,,,,,,
21/02/2024 05:15:00,0,,,,,,,,,,,,,,,,,,,
21/02/2024 05:00:00,0,,,,,,,,,,,,,,,,,,,
21/02/2024 04:45:00,0,,,,,,,,,,,,,,,,,,,
21/02/2024 04:30:00,0,,,,,,,,,,,,,,,,,,,
21/02/2024 04:15:00,0,,,,,,,,,,,,,,,,,,,
21/02/2024 04:00:00,0,,,,,,,,,,,,,,,,,,,
21/02/2024 03:45:00,0,,,,,,,,,,,,,,,,,,,
21/02/2024 03:30:00,0,,,,,,,,,,,,,,,,,,,
21/02/2024 03:15:00,0,,,,,,,,,,,,,,,,,,,
21/02/2024 03:00:00,0,,,,,,,,,,,,,,,,,,,
21/02/2024 02:45:00,0,,,,,,,,,,,,,,,,,,,
21/02/2024 02:30:00,0,,,,,,,,,,,,,,,,,,,
21/02/2024 02:15:00,0,,,,,,,,,,,,,,,,,,,
21/02/2024 02:00:00,0,,,,,,,,,,,,,,,,,,,
21/02/2024 01:45:00,0,,,,,,,,,,,,,,,,,,,
21/02/2024 01:30:00,0,,,,,,,,,,,,,,,,,,,
21/02/2024 01:15:00,0,,,,,,,,,,,,,,,,,,,
21/02/2024 01:00:00,0,,,,,,,,,,,,,,,,,,,
21/02/2024 00:45:00,0,,,,,,,,,,,,,,,,,,,
21/02/2024 00:30:00,0,,,,,,,,,,,,,,,,,,,
21/02/2024 00:15:00,0,,,,,,,,,,,,,,,,,,,
21/02/2024 00:00:00,0,,,,,,,,,,,,,,,,,,,
20/02/2024 23:45:00,0,,,,,,,,,,,,,,,,,,,
20/02/2024 23:30:00,0,,,,,,,,,,,,,,,,,,,
20/02/2024 23:15:00,0,,,,,,,,,,,,,,,,,,,
20/02/2024 23:00:00,0,,,,,,,,,,,,,,,,,,,
20/02/2024 22:45:00,0,,,,,,,,,,,,,,,,,,,
20/02/2024 22:30:00,0,,,,,,,,,,,,,,,,,,,
20/02/2024 22:15:00,0,,,,,,,,,,,,,,,,,,,
20/02/2024 22:00:00,0,,,,,,,,,,,,,,,,,,,
20/02/2024 21:45:00,0,,,,,,,,,,,,,,,,,,,
20/02/2024 21:30:00,0,,,,,,,,,,,,,,,,,,,
20/02/2024 21:15:00,0,,,,,,,,,,,,,,,,,,,
20/02/2024 21:00:00,0,,,,,,,,,,,,,,,,,,,
20/02/2024 20:45:00,0,,,,,,,,,,,,,,,,,,,
20/02/2024 20:30:00,0,,,,,,,,,,,,,,,,,,,
20/02/2024 20:15:00,0,,,,,,,,,,,,,,,,,,,
20/02/2024 20:00:00,0,,,,,,,,,,,,,,,,,,,
20/02/2024 19:45:00,0,,,,,,,,,,,,,,,,,,,
20/02/2024 19:30:00,0,,,,,,,,,,,,,,,,,,,
20/02/2024 19:15:00,0,,,,,,,,,,,,,,,,,,,
20/02/2024 19:00:00,0,,,,,,,,,,,,,,,,,,,
20/02/2024 18:45:00,0,,,,,,,,,,,,,,,,,,,
20/02/2024 18:30:00,0,,,,,,,,,,,,,,,,,,,
20/02/2024 18:15:00,0,,,,,,,,,,,,,,,,,,,
20/02/2024 18:00:00,0,,,,,,,,,,,,,,,,,,,
20/02/2024 17:45:00,0,,,,,,,,,,,,,,,,,,,
20/02/2024 17:30:00,0,,,,,,,,,,,,,,,,,,,
20/02/2024 17:15:00,0,,,,,,,,,,,,,,,,,,,
20/02/2024 17:00:00,0,277,,,,,,,,,,,,,,,,,,
20/02/2024 16:45:00,0,,,,,,,,,,,,,,,,,,,
20/02/2024 16:30:00,0,,,,,,,,,,,,,,,,,,,
20/02/2024 16:15:00,0,,,,,,,,,,,,,,,,,,,
20/02/2024 16:00:00,0,,,,,,,,,,,,,,,,,,,
20/02/2024 15:45:00,0,,,,,,,,,,,,,,,,,,,
20/02/2024 15:30:00,0,,,,,,,,,,,,,,,,,,,
20/02/2024 15:15:00,0,,,,,,,,,,,,,,,,,,,
20/02/2024 15:00:00,0,,,,,,,,,,,,,,,,,,,
20/02/2024 14:45:00,0,,,,,,,,,,,,,,,,,,,
20/02/2024 14:30:00,0,,,,,,,,,,,,,,,,,,,
20/02/2024 14:15:00,0,,,,,,,,,,,,,,,,,,,
20/02/2024 14:00:00,0,,,,,,,,,,,,,,,,,,,
20/02/2024 13:45:00,0,,,,,,,,,,,,,,,,,,,
20/02/2024 13:30:00,0,,,,,,,,,,,,,,,,,,,
20/02/2024 13:15:00,0,,,,,,,,,,,,,,,,,,,
20/02/2024 13:00:00,0,,,,,,,,,,,,,,,,,,,
20/02/2024 12:45:00,0,,,,,,,,,,,,,,,,,,,
20/02/2024 12:30:00,0,,,,,,,,,,,,,,,,,,,
20/02/2024 12:15:00,0,,,,,,,,,,,,,,,,,,,
20/02/2024 12:00:00,0,,,,,,,,,,,,,,,,,,,
20/02/2024 11:45:00,0,,,,,,,,,,,,,,,,,,,
20/02/2024 11:30:00,0,,,,,,,,,,,,,,,,,,,
20/02/2024 11:15:00,0,,,,,,,,,,,,,,,,,,,
20/02/2024 11:00:00,0,,,,,,,,,,,,,,,,,,,
20/02/2024 10:45:00,0,,,,,,,,,,,,,,,,,,,
20/02/2024 10:30:00,0,,,,,,,,,,,,,,,,,,,
20/02/2024 10:15:00,0,,,,,,,,,,,,,,,,,,,
20/02/2024 10:07:00,,277,,,,,,,,,,,,,,,,,,
20/02/2024 10:00:00,0,,,,,,,,,,,,,,,,,,,
20/02/2024 09:45:00,0,,,,,,,,,,,,,,,,,,,
20/02/2024 09:30:00,0,,,,,,,,,,,,,,,,,,,
20/02/2024 09:15:00,0,,,,,,,,,,,,,,,,,,,
20/02/2024 09:00:00,0,,,,,,,,,,,,,,,,,,,
20/02/2024 08:45:00,0,,,,,,,,,,,,,,,,,,,
20/02/2024 08:30:00,0,,,,,,,,,,,,,,,,,,,
20/02/2024 08:15:00,0,,,,,,,,,,,,,,,,,,,
20/02/2024 08:00:00,0,,,,,,,,,,,,,,,,,,,
20/02/2024 07:45:00,0,,,,,,,,,,,,,,,,,,,
20/02/2024 07:30:00,0,,,,,,,,,,,,,,,,,,,
20/02/2024 07:15:00,0,,,,,,,,,,,,,,,,,,,
20/02/2024 07:00:00,0,298,,,,,,,,,,,,,,,,,,
20/02/2024 06:45:00,0,,,,,,,,,,,,,,,,,,,
20/02/2024 06:30:00,0,,,,,,,,,,,,,,,,,,,
20/02/2024 06:15:00,0,,,,,,,,,,,,,,,,,,,
20/02/2024 06:00:00,0,,,,,,,,,,,,,,,,,,,
20/02/2024 05:45:00,0,,,,,,,,,,,,,,,,,,,
20/02/2024 05:30:00,0,,,,,,,,,,,,,,,,,,,
20/02/2024 05:15:00,0,,,,,,,,,,,,,,,,,,,
20/02/2024 05:00:00,0,,,,,,,,,,,,,,,,,,,
20/02/2024 04:45:00,0,,,,,,,,,,,,,,,,,,,
20/02/2024 04:30:00,0,,,,,,,,,,,,,,,,,,,
20/02/2024 04:15:00,0,,,,,,,,,,,,,,,,,,,
20/02/2024 04:00:00,0,,,,,,,,,,,,,,,,,,,
20/02/2024 03:45:00,0,,,,,,,,,,,,,,,,,,,
20/02/2024 03:30:00,0,,,,,,,,,,,,,,,,,,,
20/02/2024 03:15:00,0,,,,,,,,,,,,,,,,,,,
20/02/2024 03:00:00,0,,,,,,,,,,,,,,,,,,,
20/02/2024 02:45:00,0,,,,,,,,,,,,,,,,,,,
20/02/2024 02:30:00,0,,,,,,,,,,,,,,,,,,,
20/02/2024 02:15:00,0,,,,,,,,,,,,,,,,,,,
20/02/2024 02:00:00,0,,,,,,,,,,,,,,,,,,,
20/02/2024 01:45:00,0,,,,,,,,,,,,,,,,,,,
20/02/2024 01:30:00,0,,,,,,,,,,,,,,,,,,,
20/02/2024 01:15:00,0,,,,,,,,,,,,,,,,,,,
20/02/2024 01:00:00,0,,,,,,,,,,,,,,,,,,,
20/02/2024 00:45:00,0,,,,,,,,,,,,,,,,,,,
20/02/2024 00:30:00,0,,,,,,,,,,,,,,,,,,,
20/02/2024 00:15:00,0,,,,,,,,,,,,,,,,,,,
20/02/2024 00:00:00,0,,,,,,,,,,,,,,,,,,,
19/02/2024 23:45:00,0,,,,,,,,,,,,,,,,,,,
19/02/2024 23:30:00,0,,,,,,,,,,,,,,,,,,,
19/02/2024 23:15:00,0,,,,,,,,,,,,,,,,,,,
19/02/2024 23:00:00,0,,,,,,,,,,,,,,,,,,,
19/02/2024 22:45:00,0,,,,,,,,,,,,,,,,,,,
19/02/2024 22:30:00,0,,,,,,,,,,,,,,,,,,,
19/02/2024 22:15:00,0,,,,,,,,,,,,,,,,,,,
19/02/2024 22:00:00,0,,,,,,,,,,,,,,,,,,,
19/02/2024 21:45:00,0,,,,,,,,,,,,,,,,,,,
19/02/2024 21:30:00,0,,,,,,,,,,,,,,,,,,,
19/02/2024 21:15:00,0,,,,,,,,,,,,,,,,,,,
19/02/2024 21:00:00,0,,,,,,,,,,,,,,,,,,,
19/02/2024 20:45:00,0,,,,,,,,,,,,,,,,,,,
19/02/2024 20:30:00,0,,,,,,,,,,,,,,,,,,,
19/02/2024 20:15:00,0,,,,,,,,,,,,,,,,,,,
19/02/2024 20:00:00,0,,,,,,,,,,,,,,,,,,,
19/02/2024 19:45:00,0,,,,,,,,,,,,,,,,,,,
19/02/2024 19:30:00,0,,,,,,,,,,,,,,,,,,,
19/02/2024 19:15:00,0,,,,,,,,,,,,,,,,,,,
19/02/2024 19:00:00,0,,,,,,,,,,,,,,,,,,,
19/02/2024 18:45:00,0,,,,,,,,,,,,,,,,,,,
19/02/2024 18:30:00,0,,,,,,,,,,,,,,,,,,,
19/02/2024 18:15:00,0,,,,,,,,,,,,,,,,,,,
19/02/2024 18:00:00,0,,,,,,,,,,,,,,,,,,,
19/02/2024 17:45:00,0,,,,,,,,,,,,,,,,,,,
19/02/2024 17:30:00,0,,,,,,,,,,,,,,,,,,,
19/02/2024 17:15:00,0,,,,,,,,,,,,,,,,,,,
19/02/2024 17:00:00,0,283,,,,,,,,,,,,,,,,,,
19/02/2024 16:45:00,0,,,,,,,,,,,,,,,,,,,
19/02/2024 16:30:00,0,,,,,,,,,,,,,,,,,,,
19/02/2024 16:15:00,0,,,,,,,,,,,,,,,,,,,
19/02/2024 16:00:00,0,,,,,,,,,,,,,,,,,,,
19/02/2024 15:45:00,0,,,,,,,,,,,,,,,,,,,
19/02/2024 15:30:00,0,,,,,,,,,,,,,,,,,,,
19/02/2024 15:15:00,0,,,,,,,,,,,,,,,,,,,
19/02/2024 15:00:00,0,,,,,,,,,,,,,,,,,,,
19/02/2024 14:45:00,0,,,,,,,,,,,,,,,,,,,
19/02/2024 14:30:00,0,,,,,,,,,,,,,,,,,,,
19/02/2024 14:15:00,0,,,,,,,,,,,,,,,,,,,
19/02/2024 14:00:00,0,,,,,,,,,,,,,,,,,,,
19/02/2024 13:45:00,0,,,,,,,,,,,,,,,,,,,
19/02/2024 13:30:00,0,,,,,,,,,,,,,,,,,,,
19/02/2024 13:15:00,0,,,,,,,,,,,,,,,,,,,
19/02/2024 13:00:00,0,,,,,,,,,,,,,,,,,,,
19/02/2024 12:45:00,0,,,,,,,,,,,,,,,,,,,
19/02/2024 12:30:00,0,,,,,,,,,,,,,,,,,,,
19/02/2024 12:15:00,0,,,,,,,,,,,,,,,,,,,
19/02/2024 12:00:00,0,,,,,,,,,,,,,,,,,,,
19/02/2024 11:45:00,0,,,,,,,,,,,,,,,,,,,
19/02/2024 11:30:00,0,,,,,,,,,,,,,,,,,,,
19/02/2024 11:15:00,0,,,,,,,,,,,,,,,,,,,
19/02/2024 11:00:00,0,,,,,,,,,,,,,,,,,,,
19/02/2024 10:45:00,0,,,,,,,,,,,,,,,,,,,
19/02/2024 10:30:00,0,,,,,,,,,,,,,,,,,,,
19/02/2024 10:15:00,0,,,,,,,,,,,,,,,,,,,
19/02/2024 10:00:00,0,,,,,,,,,,,,,,,,,,,
19/02/2024 09:45:00,0,,,,,,,,,,,,,,,,,,,
19/02/2024 09:30:00,0,,,,,,,,,,,,,,,,,,,
19/02/2024 09:15:00,0,,,,,,,,,,,,,,,,,,,
19/02/2024 09:00:00,0,,,,,,,,,,,,,,,,,,,
19/02/2024 08:45:00,0,,,,,,,,,,,,,,,,,,,
19/02/2024 08:30:00,0,,,,,,,,,,,,,,,,,,,
19/02/2024 08:15:00,0,,,,,,,,,,,,,,,,,,,
19/02/2024 08:00:00,0,,,,,,,,,,,,,,,,,,,
19/02/2024 07:45:00,0,,,,,,,,,,,,,,,,,,,
19/02/2024 07:30:00,0,,,,,,,,,,,,,,,,,,,
19/02/2024 07:15:00,0,,,,,,,,,,,,,,,,,,,
19/02/2024 07:00:00,0,286,,,,,,,,,,,,,,,,,,
19/02/2024 06:45:00,0,,,,,,,,,,,,,,,,,,,
19/02/2024 06:30:00,0,,,,,,,,,,,,,,,,,,,
19/02/2024 06:15:00,0,,,,,,,,,,,,,,,,,,,
19/02/2024 06:00:00,0,,,,,,,,,,,,,,,,,,,
19/02/2024 05:45:00,0,,,,,,,,,,,,,,,,,,,
19/02/2024 05:30:00,0,,,,,,,,,,,,,,,,,,,
19/02/2024 05:15:00,0,,,,,,,,,,,,,,,,,,,
19/02/2024 05:00:00,0,,,,,,,,,,,,,,,,,,,
19/02/2024 04:45:00,0,,,,,,,,,,,,,,,,,,,
19/02/2024 04:30:00,0,,,,,,,,,,,,,,,,,,,
19/02/2024 04:15:00,0,,,,,,,,,,,,,,,,,,,
19/02/2024 04:00:00,0,,,,,,,,,,,,,,,,,,,
19/02/2024 03:45:00,0,,,,,,,,,,,,,,,,,,,
19/02/2024 03:30:00,0,,,,,,,,,,,,,,,,,,,
19/02/2024 03:15:00,0,,,,,,,,,,,,,,,,,,,
19/02/2024 03:00:00,0,,,,,,,,,,,,,,,,,,,
19/02/2024 02:45:00,0,,,,,,,,,,,,,,,,,,,
19/02/2024 02:30:00,0,,,,,,,,,,,,,,,,,,,
19/02/2024 02:15:00,0,,,,,,,,,,,,,,,,,,,
19/02/2024 02:00:00,0,,,,,,,,,,,,,,,,,,,
19/02/2024 01:45:00,0,,,,,,,,,,,,,,,,,,,
19/02/2024 01:30:00,0,,,,,,,,,,,,,,,,,,,
19/02/2024 01:15:00,0,,,,,,,,,,,,,,,,,,,
19/02/2024 01:00:00,0,,,,,,,,,,,,,,,,,,,
19/02/2024 00:45:00,0,,,,,,,,,,,,,,,,,,,
19/02/2024 00:30:00,0,,,,,,,,,,,,,,,,,,,
19/02/2024 00:15:00,0,,,,,,,,,,,,,,,,,,,
19/02/2024 00:00:00,0,,,,,,,,,,,,,,,,,,,
18/02/2024 23:45:00,0,,,,,,,,,,,,,,,,,,,
18/02/2024 23:30:00,0,,,,,,,,,,,,,,,,,,,
18/02/2024 23:15:00,0,,,,,,,,,,,,,,,,,,,
18/02/2024 23:00:00,0,,,,,,,,,,,,,,,,,,,
18/02/2024 22:45:00,0,,,,,,,,,,,,,,,,,,,
18/02/2024 22:30:00,0,,,,,,,,,,,,,,,,,,,
18/02/2024 22:15:00,0,,,,,,,,,,,,,,,,,,,
18/02/2024 22:00:00,0,,,,,,,,,,,,,,,,,,,
18/02/2024 21:45:00,0,,,,,,,,,,,,,,,,,,,
18/02/2024 20:30:00,0,,,,,,,,,,,,,,,,,,,
18/02/2024 20:15:00,0,,,,,,,,,,,,,,,,,,,
18/02/2024 20:00:00,0,,,,,,,,,,,,,,,,,,,
18/02/2024 19:45:00,0,,,,,,,,,,,,,,,,,,,
18/02/2024 19:30:00,0,,,,,,,,,,,,,,,,,,,
18/02/2024 19:15:00,0,,,,,,,,,,,,,,,,,,,
18/02/2024 19:00:00,0,,,,,,,,,,,,,,,,,,,
18/02/2024 18:45:00,0,,,,,,,,,,,,,,,,,,,
18/02/2024 18:30:00,0,,,,,,,,,,,,,,,,,,,
18/02/2024 18:15:00,0,,,,,,,,,,,,,,,,,,,
18/02/2024 18:00:00,0,,,,,,,,,,,,,,,,,,,
18/02/2024 17:45:00,0,,,,,,,,,,,,,,,,,,,
18/02/2024 17:30:00,0,,,,,,,,,,,,,,,,,,,
18/02/2024 17:15:00,0,,,,,,,,,,,,,,,,,,,
18/02/2024 17:00:00,0,288,,,,,,,,,,,,,,,,,,
18/02/2024 16:45:00,0,,,,,,,,,,,,,,,,,,,
18/02/2024 16:30:00,0,,,,,,,,,,,,,,,,,,,
18/02/2024 16:15:00,0,,,,,,,,,,,,,,,,,,,
18/02/2024 16:00:00,0,,,,,,,,,,,,,,,,,,,
18/02/2024 15:45:00,0,,,,,,,,,,,,,,,,,,,
18/02/2024 15:30:00,0,,,,,,,,,,,,,,,,,,,
18/02/2024 15:15:00,0,,,,,,,,,,,,,,,,,,,
18/02/2024 15:00:00,0,,,,,,,,,,,,,,,,,,,
18/02/2024 14:45:00,0,,,,,,,,,,,,,,,,,,,
18/02/2024 14:30:00,0,,,,,,,,,,,,,,,,,,,
18/02/2024 14:15:00,0,,,,,,,,,,,,,,,,,,,
18/02/2024 14:00:00,0,,,,,,,,,,,,,,,,,,,
18/02/2024 13:45:00,0,,,,,,,,,,,,,,,,,,,
18/02/2024 13:30:00,0,,,,,,,,,,,,,,,,,,,
18/02/2024 13:15:00,0,,,,,,,,,,,,,,,,,,,
18/02/2024 13:00:00,0,,,,,,,,,,,,,,,,,,,
18/02/2024 12:45:00,0,,,,,,,,,,,,,,,,,,,
18/02/2024 12:30:00,0,,,,,,,,,,,,,,,,,,,
18/02/2024 12:15:00,0,,,,,,,,,,,,,,,,,,,
18/02/2024 12:00:00,0,,,,,,,,,,,,,,,,,,,
18/02/2024 11:45:00,0,,,,,,,,,,,,,,,,,,,
18/02/2024 11:30:00,0,,,,,,,,,,,,,,,,,,,
18/02/2024 11:15:00,0,,,,,,,,,,,,,,,,,,,
18/02/2024 11:00:00,0,,,,,,,,,,,,,,,,,,,
18/02/2024 10:45:00,0,,,,,,,,,,,,,,,,,,,
18/02/2024 10:30:00,0,,,,,,,,,,,,,,,,,,,
18/02/2024 10:15:00,0,,,,,,,,,,,,,,,,,,,
18/02/2024 10:00:00,0,,,,,,,,,,,,,,,,,,,
18/02/2024 09:45:00,0,,,,,,,,,,,,,,,,,,,
18/02/2024 09:30:00,0,,,,,,,,,,,,,,,,,,,
18/02/2024 09:15:00,0,,,,,,,,,,,,,,,,,,,
18/02/2024 09:00:00,0,,,,,,,,,,,,,,,,,,,
18/02/2024 08:45:00,0,,,,,,,,,,,,,,,,,,,
18/02/2024 08:30:00,0,,,,,,,,,,,,,,,,,,,
18/02/2024 08:15:00,0,,,,,,,,,,,,,,,,,,,
18/02/2024 08:00:00,0,,,,,,,,,,,,,,,,,,,
18/02/2024 07:45:00,0,,,,,,,,,,,,,,,,,,,
18/02/2024 07:30:00,0,,,,,,,,,,,,,,,,,,,
18/02/2024 07:15:00,0,,,,,,,,,,,,,,,,,,,
18/02/2024 07:00:00,0,307,,,,,,,,,,,,,,,,,,
18/02/2024 06:45:00,0,,,,,,,,,,,,,,,,,,,
18/02/2024 06:30:00,0,,,,,,,,,,,,,,,,,,,
18/02/2024 06:15:00,0,,,,,,,,,,,,,,,,,,,
18/02/2024 06:00:00,0,,,,,,,,,,,,,,,,,,,
18/02/2024 05:45:00,0,,,,,,,,,,,,,,,,,,,
18/02/2024 05:30:00,0,,,,,,,,,,,,,,,,,,,
18/02/2024 05:15:00,0,,,,,,,,,,,,,,,,,,,
18/02/2024 05:00:00,0,,,,,,,,,,,,,,,,,,,
18/02/2024 04:45:00,0,,,,,,,,,,,,,,,,,,,
18/02/2024 04:30:00,0,,,,,,,,,,,,,,,,,,,
18/02/2024 04:15:00,0,,,,,,,,,,,,,,,,,,,
18/02/2024 04:00:00,0,,,,,,,,,,,,,,,,,,,
18/02/2024 03:45:00,0,,,,,,,,,,,,,,,,,,,
18/02/2024 03:30:00,0,,,,,,,,,,,,,,,,,,,
18/02/2024 03:15:00,0,,,,,,,,,,,,,,,,,,,
18/02/2024 03:00:00,0,,,,,,,,,,,,,,,,,,,
18/02/2024 02:45:00,0,,,,,,,,,,,,,,,,,,,
18/02/2024 02:30:00,0,,,,,,,,,,,,,,,,,,,
18/02/2024 02:15:00,0,,,,,,,,,,,,,,,,,,,
18/02/2024 02:00:00,0,,,,,,,,,,,,,,,,,,,
18/02/2024 01:45:00,0,,,,,,,,,,,,,,,,,,,
18/02/2024 01:30:00,0,,,,,,,,,,,,,,,,,,,
18/02/2024 01:15:00,0,,,,,,,,,,,,,,,,,,,
18/02/2024 01:00:00,0,,,,,,,,,,,,,,,,,,,
18/02/2024 00:45:00,0,,,,,,,,,,,,,,,,,,,
18/02/2024 00:30:00,0,,,,,,,,,,,,,,,,,,,
18/02/2024 00:15:00,0,,,,,,,,,,,,,,,,,,,
18/02/2024 00:00:00,0,,,,,,,,,,,,,,,,,,,
17/02/2024 23:45:00,0,,,,,,,,,,,,,,,,,,,
17/02/2024 23:30:00,0,,,,,,,,,,,,,,,,,,,
17/02/2024 23:15:00,0,,,,,,,,,,,,,,,,,,,
17/02/2024 23:00:00,0,,,,,,,,,,,,,,,,,,,
17/02/2024 22:45:00,0,,,,,,,,,,,,,,,,,,,
17/02/2024 22:30:00,0,,,,,,,,,,,,,,,,,,,
17/02/2024 22:15:00,0,,,,,,,,,,,,,,,,,,,
17/02/2024 22:00:00,0,,,,,,,,,,,,,,,,,,,
17/02/2024 21:45:00,0,,,,,,,,,,,,,,,,,,,
17/02/2024 21:30:00,0,,,,,,,,,,,,,,,,,,,
17/02/2024 21:15:00,0,,,,,,,,,,,,,,,,,,,
17/02/2024 21:00:00,0,,,,,,,,,,,,,,,,,,,
17/02/2024 20:45:00,0,,,,,,,,,,,,,,,,,,,
17/02/2024 20:30:00,0,,,,,,,,,,,,,,,,,,,
17/02/2024 20:15:00,0,,,,,,,,,,,,,,,,,,,
17/02/2024 20:00:00,0,,,,,,,,,,,,,,,,,,,
17/02/2024 19:45:00,0,,,,,,,,,,,,,,,,,,,
17/02/2024 19:30:00,0,,,,,,,,,,,,,,,,,,,
17/02/2024 19:15:00,0,,,,,,,,,,,,,,,,,,,
17/02/2024 19:00:00,0,,,,,,,,,,,,,,,,,,,
17/02/2024 18:45:00,0,,,,,,,,,,,,,,,,,,,
17/02/2024 18:30:00,0,,,,,,,,,,,,,,,,,,,
17/02/2024 18:15:00,0,,,,,,,,,,,,,,,,,,,
17/02/2024 18:00:00,0,,,,,,,,,,,,,,,,,,,
17/02/2024 17:45:00,0,,,,,,,,,,,,,,,,,,,
17/02/2024 17:30:00,0,,,,,,,,,,,,,,,,,,,
17/02/2024 17:15:00,0,,,,,,,,,,,,,,,,,,,
17/02/2024 17:00:00,0,286,,,,,,,,,,,,,,,,,,
17/02/2024 16:45:00,0,,,,,,,,,,,,,,,,,,,
17/02/2024 16:30:00,0,,,,,,,,,,,,,,,,,,,
17/02/2024 16:15:00,0,,,,,,,,,,,,,,,,,,,
17/02/2024 16:00:00,0,,,,,,,,,,,,,,,,,,,
17/02/2024 15:45:00,0,,,,,,,,,,,,,,,,,,,
17/02/2024 15:30:00,0,,,,,,,,,,,,,,,,,,,
17/02/2024 15:15:00,0,,,,,,,,,,,,,,,,,,,
17/02/2024 15:00:00,0,,,,,,,,,,,,,,,,,,,
17/02/2024 14:45:00,0,,,,,,,,,,,,,,,,,,,
17/02/2024 14:30:00,0,,,,,,,,,,,,,,,,,,,
17/02/2024 14:15:00,0,,,,,,,,,,,,,,,,,,,
17/02/2024 14:00:00,0,,,,,,,,,,,,,,,,,,,
17/02/2024 13:45:00,0,,,,,,,,,,,,,,,,,,,
17/02/2024 13:30:00,0,,,,,,,,,,,,,,,,,,,
17/02/2024 13:15:00,0,,,,,,,,,,,,,,,,,,,
17/02/2024 13:00:00,0,,,,,,,,,,,,,,,,,,,
17/02/2024 12:45:00,0,,,,,,,,,,,,,,,,,,,
17/02/2024 12:30:00,0,,,,,,,,,,,,,,,,,,,
17/02/2024 12:15:00,0,,,,,,,,,,,,,,,,,,,
17/02/2024 12:00:00,0,,,,,,,,,,,,,,,,,,,
17/02/2024 11:45:00,0,,,,,,,,,,,,,,,,,,,
17/02/2024 11:30:00,0,,,,,,,,,,,,,,,,,,,
17/02/2024 11:15:00,0,,,,,,,,,,,,,,,,,,,
17/02/2024 11:00:00,0,,,,,,,,,,,,,,,,,,,
17/02/2024 10:45:00,0,,,,,,,,,,,,,,,,,,,
17/02/2024 10:30:00,0,,,,,,,,,,,,,,,,,,,
17/02/2024 10:15:00,0,,,,,,,,,,,,,,,,,,,
17/02/2024 10:00:00,0,,,,,,,,,,,,,,,,,,,
17/02/2024 09:45:00,0,,,,,,,,,,,,,,,,,,,
17/02/2024 09:30:00,0,,,,,,,,,,,,,,,,,,,
17/02/2024 09:15:00,0,,,,,,,,,,,,,,,,,,,
17/02/2024 09:00:00,0,,,,,,,,,,,,,,,,,,,
17/02/2024 08:45:00,0,,,,,,,,,,,,,,,,,,,
17/02/2024 08:30:00,0,,,,,,,,,,,,,,,,,,,
17/02/2024 08:15:00,0,,,,,,,,,,,,,,,,,,,
17/02/2024 08:00:00,0,,,,,,,,,,,,,,,,,,,
17/02/2024 07:45:00,0,,,,,,,,,,,,,,,,,,,
17/02/2024 07:30:00,0,,,,,,,,,,,,,,,,,,,
17/02/2024 07:15:00,0,,,,,,,,,,,,,,,,,,,
17/02/2024 07:00:00,0,283,,,,,,,,,,,,,,,,,,
17/02/2024 06:45:00,0,,,,,,,,,,,,,,,,,,,
17/02/2024 06:30:00,0,,,,,,,,,,,,,,,,,,,
17/02/2024 06:15:00,0,,,,,,,,,,,,,,,,,,,
17/02/2024 06:00:00,0,,,,,,,,,,,,,,,,,,,
17/02/2024 05:45:00,0,,,,,,,,,,,,,,,,,,,
17/02/2024 05:30:00,0,,,,,,,,,,,,,,,,,,,
17/02/2024 05:15:00,0,,,,,,,,,,,,,,,,,,,
17/02/2024 05:00:00,0,,,,,,,,,,,,,,,,,,,
17/02/2024 04:45:00,0,,,,,,,,,,,,,,,,,,,
17/02/2024 04:30:00,0,,,,,,,,,,,,,,,,,,,
17/02/2024 04:15:00,0,,,,,,,,,,,,,,,,,,,
17/02/2024 04:00:00,0,,,,,,,,,,,,,,,,,,,
17/02/2024 03:45:00,0,,,,,,,,,,,,,,,,,,,
17/02/2024 03:30:00,0,,,,,,,,,,,,,,,,,,,
17/02/2024 03:15:00,0,,,,,,,,,,,,,,,,,,,
17/02/2024 03:00:00,0,,,,,,,,,,,,,,,,,,,
17/02/2024 02:45:00,0,,,,,,,,,,,,,,,,,,,
17/02/2024 02:30:00,0,,,,,,,,,,,,,,,,,,,
17/02/2024 02:15:00,0,,,,,,,,,,,,,,,,,,,
17/02/2024 02:00:00,0,,,,,,,,,,,,,,,,,,,
17/02/2024 01:45:00,0,,,,,,,,,,,,,,,,,,,
17/02/2024 01:30:00,0,,,,,,,,,,,,,,,,,,,
17/02/2024 01:15:00,0,,,,,,,,,,,,,,,,,,,
17/02/2024 01:00:00,0,,,,,,,,,,,,,,,,,,,
17/02/2024 00:45:00,0,,,,,,,,,,,,,,,,,,,
17/02/2024 00:30:00,0,,,,,,,,,,,,,,,,,,,
17/02/2024 00:15:00,0,,,,,,,,,,,,,,,,,,,
17/02/2024 00:00:00,0,,,,,,,,,,,,,,,,,,,
16/02/2024 23:45:00,0,,,,,,,,,,,,,,,,,,,
16/02/2024 23:30:00,0,,,,,,,,,,,,,,,,,,,
16/02/2024 23:15:00,0,,,,,,,,,,,,,,,,,,,
16/02/2024 23:00:00,0,,,,,,,,,,,,,,,,,,,
16/02/2024 22:45:00,0,,,,,,,,,,,,,,,,,,,
16/02/2024 20:30:00,0,,,,,,,,,,,,,,,,,,,
16/02/2024 20:15:00,0,,,,,,,,,,,,,,,,,,,
16/02/2024 20:00:00,0,,,,,,,,,,,,,,,,,,,
16/02/2024 19:45:00,0,,,,,,,,,,,,,,,,,,,
16/02/2024 19:30:00,0,,,,,,,,,,,,,,,,,,,
16/02/2024 19:15:00,0,,,,,,,,,,,,,,,,,,,
16/02/2024 19:00:00,0,,,,,,,,,,,,,,,,,,,
16/02/2024 18:45:00,0,,,,,,,,,,,,,,,,,,,
16/02/2024 18:30:00,0,,,,,,,,,,,,,,,,,,,
16/02/2024 18:15:00,0,,,,,,,,,,,,,,,,,,,
16/02/2024 18:00:00,0,,,,,,,,,,,,,,,,,,,
16/02/2024 17:45:00,0,,,,,,,,,,,,,,,,,,,
16/02/2024 17:30:00,0,,,,,,,,,,,,,,,,,,,
16/02/2024 17:15:00,0,,,,,,,,,,,,,,,,,,,
16/02/2024 17:00:00,0,230,,,,,,,,,,,,,,,,,,
16/02/2024 16:45:00,0,,,,,,,,,,,,,,,,,,,
16/02/2024 16:30:00,0,,,,,,,,,,,,,,,,,,,
16/02/2024 16:15:00,0,,,,,,,,,,,,,,,,,,,
16/02/2024 16:00:00,0.2,,,,,,,,,,,,,,,,,,,
16/02/2024 15:45:00,0,,,,,,,,,,,,,,,,,,,
16/02/2024 15:30:00,0,,,,,,,,,,,,,,,,,,,
16/02/2024 15:15:00,0,,,,,,,,,,,,,,,,,,,
16/02/2024 15:00:00,0,,,,,,,,,,,,,,,,,,,
16/02/2024 14:45:00,0,,,,,,,,,,,,,,,,,,,
16/02/2024 14:30:00,0,,,,,,,,,,,,,,,,,,,
16/02/2024 14:15:00,0,,,,,,,,,,,,,,,,,,,
16/02/2024 14:00:00,0,,,,,,,,,,,,,,,,,,,
16/02/2024 13:45:00,0,,,,,,,,,,,,,,,,,,,
16/02/2024 13:30:00,0,,,,,,,,,,,,,,,,,,,
16/02/2024 13:15:00,0,,,,,,,,,,,,,,,,,,,
16/02/2024 13:00:00,0,,,,,,,,,,,,,,,,,,,
16/02/2024 12:45:00,0.2,,,,,,,,,,,,,,,,,,,
16/02/2024 12:30:00,0.2,,,,,,,,,,,,,,,,,,,
16/02/2024 12:15:00,0.8,,,,,,,,,,,,,,,,,,,
16/02/2024 12:00:00,0.8,,,,,,,,,,,,,,,,,,,
16/02/2024 11:45:00,1.4,,,,,,,,,,,,,,,,,,,
16/02/2024 11:30:00,3.8,,,,,,,,,,,,,,,,,,,
16/02/2024 11:15:00,1.6,,,,,,,,,,,,,,,,,,,
16/02/2024 11:00:00,1.4,,,,,,,,,,,,,,,,,,,
16/02/2024 10:45:00,1,,,,,,,,,,,,,,,,,,,
16/02/2024 10:30:00,1,,,,,,,,,,,,,,,,,,,
16/02/2024 10:15:00,0.4,,,,,,,,,,,,,,,,,,,
16/02/2024 10:00:00,1.2,,,,,,,,,,,,,,,,,,,
16/02/2024 09:45:00,0.8,,,,,,,,,,,,,,,,,,,
16/02/2024 09:30:00,0.4,,,,,,,,,,,,,,,,,,,
16/02/2024 09:15:00,0.4,,,,,,,,,,,,,,,,,,,
16/02/2024 09:00:00,0.4,,,,,,,,,,,,,,,,,,,
16/02/2024 08:45:00,0.6,,,,,,,,,,,,,,,,,,,
16/02/2024 08:30:00,0.2,,,,,,,,,,,,,,,,,,,
16/02/2024 08:15:00,0.2,,,,,,,,,,,,,,,,,,,
16/02/2024 08:00:00,0.2,,,,,,,,,,,,,,,,,,,
16/02/2024 07:45:00,0.2,,,,,,,,,,,,,,,,,,,
16/02/2024 07:30:00,0.2,,,,,,,,,,,,,,,,,,,
16/02/2024 07:15:00,0.4,,,,,,,,,,,,,,,,,,,
16/02/2024 07:00:00,0.2,221,,,,,,,,,,,,,,,,,,
16/02/2024 06:45:00,0.4,,,,,,,,,,,,,,,,,,,
16/02/2024 06:30:00,0,,,,,,,,,,,,,,,,,,,
16/02/2024 06:15:00,0,,,,,,,,,,,,,,,,,,,
16/02/2024 06:00:00,0,,,,,,,,,,,,,,,,,,,
16/02/2024 05:45:00,0,,,,,,,,,,,,,,,,,,,
16/02/2024 05:30:00,0,,,,,,,,,,,,,,,,,,,
16/02/2024 05:15:00,0,,,,,,,,,,,,,,,,,,,
16/02/2024 05:00:00,0,,,,,,,,,,,,,,,,,,,
16/02/2024 04:45:00,0,,,,,,,,,,,,,,,,,,,
16/02/2024 04:30:00,0,,,,,,,,,,,,,,,,,,,
16/02/2024 04:15:00,0,,,,,,,,,,,,,,,,,,,
16/02/2024 04:00:00,0.2,,,,,,,,,,,,,,,,,,,
16/02/2024 03:45:00,0,,,,,,,,,,,,,,,,,,,
16/02/2024 03:30:00,0,,,,,,,,,,,,,,,,,,,
16/02/2024 03:15:00,0,,,,,,,,,,,,,,,,,,,
16/02/2024 03:00:00,0,,,,,,,,,,,,,,,,,,,
16/02/2024 02:45:00,0,,,,,,,,,,,,,,,,,,,
16/02/2024 02:30:00,0,,,,,,,,,,,,,,,,,,,
16/02/2024 02:15:00,0,,,,,,,,,,,,,,,,,,,
16/02/2024 02:00:00,0,,,,,,,,,,,,,,,,,,,
16/02/2024 01:45:00,0,,,,,,,,,,,,,,,,,,,
16/02/2024 01:30:00,0,,,,,,,,,,,,,,,,,,,
16/02/2024 01:15:00,0,,,,,,,,,,,,,,,,,,,
16/02/2024 01:00:00,0,,,,,,,,,,,,,,,,,,,
16/02/2024 00:45:00,0,,,,,,,,,,,,,,,,,,,
16/02/2024 00:30:00,0,,,,,,,,,,,,,,,,,,,
16/02/2024 00:15:00,0,,,,,,,,,,,,,,,,,,,
16/02/2024 00:00:00,0,,,,,,,,,,,,,,,,,,,
15/02/2024 23:45:00,0,,,,,,,,,,,,,,,,,,,
15/02/2024 23:30:00,0,,,,,,,,,,,,,,,,,,,
15/02/2024 23:15:00,0,,,,,,,,,,,,,,,,,,,
15/02/2024 23:00:00,0,,,,,,,,,,,,,,,,,,,
15/02/2024 22:45:00,0,,,,,,,,,,,,,,,,,,,
15/02/2024 22:30:00,0,,,,,,,,,,,,,,,,,,,
15/02/2024 22:15:00,0,,,,,,,,,,,,,,,,,,,
15/02/2024 22:00:00,0,,,,,,,,,,,,,,,,,,,
15/02/2024 21:45:00,0,,,,,,,,,,,,,,,,,,,
15/02/2024 21:30:00,0,,,,,,,,,,,,,,,,,,,
15/02/2024 21:15:00,0,,,,,,,,,,,,,,,,,,,
15/02/2024 21:00:00,0,,,,,,,,,,,,,,,,,,,
15/02/2024 20:45:00,0,,,,,,,,,,,,,,,,,,,
15/02/2024 20:30:00,0,,,,,,,,,,,,,,,,,,,
15/02/2024 20:15:00,0,,,,,,,,,,,,,,,,,,,
15/02/2024 20:00:00,0,,,,,,,,,,,,,,,,,,,
15/02/2024 19:45:00,0,,,,,,,,,,,,,,,,,,,
15/02/2024 19:30:00,0,,,,,,,,,,,,,,,,,,,
15/02/2024 19:15:00,0,,,,,,,,,,,,,,,,,,,
15/02/2024 19:00:00,0,,,,,,,,,,,,,,,,,,,
15/02/2024 18:45:00,0,,,,,,,,,,,,,,,,,,,
15/02/2024 18:30:00,0,,,,,,,,,,,,,,,,,,,
15/02/2024 18:15:00,0,,,,,,,,,,,,,,,,,,,
15/02/2024 18:00:00,0,,,,,,,,,,,,,,,,,,,
15/02/2024 17:45:00,0,,,,,,,,,,,,,,,,,,,
15/02/2024 17:30:00,0,,,,,,,,,,,,,,,,,,,
15/02/2024 17:15:00,0,,,,,,,,,,,,,,,,,,,
15/02/2024 17:00:00,0,223,,,,,,,,,,,,,,,,,,
15/02/2024 16:45:00,0,,,,,,,,,,,,,,,,,,,
15/02/2024 16:30:00,0,,,,,,,,,,,,,,,,,,,
15/02/2024 16:15:00,0,,,,,,,,,,,,,,,,,,,
15/02/2024 16:00:00,0,,,,,,,,,,,,,,,,,,,
15/02/2024 15:45:00,0,,,,,,,,,,,,,,,,,,,
15/02/2024 15:30:00,0,,,,,,,,,,,,,,,,,,,
15/02/2024 15:15:00,0,,,,,,,,,,,,,,,,,,,
15/02/2024 15:00:00,0,,,,,,,,,,,,,,,,,,,
15/02/2024 14:45:00,0,,,,,,,,,,,,,,,,,,,
15/02/2024 14:30:00,0,,,,,,,,,,,,,,,,,,,
15/02/2024 14:15:00,0,,,,,,,,,,,,,,,,,,,
15/02/2024 14:00:00,0,,,,,,,,,,,,,,,,,,,
15/02/2024 13:45:00,0,,,,,,,,,,,,,,,,,,,
15/02/2024 13:30:00,0,,,,,,,,,,,,,,,,,,,
15/02/2024 13:15:00,0,,,,,,,,,,,,,,,,,,,
15/02/2024 13:00:00,0,,,,,,,,,,,,,,,,,,,
15/02/2024 12:45:00,0,,,,,,,,,,,,,,,,,,,
15/02/2024 12:30:00,0,,,,,,,,,,,,,,,,,,,
15/02/2024 12:15:00,0,,,,,,,,,,,,,,,,,,,
15/02/2024 12:00:00,0,,,,,,,,,,,,,,,,,,,
15/02/2024 11:45:00,0,,,,,,,,,,,,,,,,,,,
15/02/2024 11:30:00,0,,,,,,,,,,,,,,,,,,,
15/02/2024 11:15:00,0,,,,,,,,,,,,,,,,,,,
15/02/2024 11:00:00,0,,,,,,,,,,,,,,,,,,,
15/02/2024 10:45:00,0,,,,,,,,,,,,,,,,,,,
15/02/2024 10:30:00,0,,,,,,,,,,,,,,,,,,,
15/02/2024 10:15:00,0,,,,,,,,,,,,,,,,,,,
15/02/2024 10:00:00,0,,,,,,,,,,,,,,,,,,,
15/02/2024 09:45:00,0,,,,,,,,,,,,,,,,,,,
15/02/2024 09:30:00,0,,,,,,,,,,,,,,,,,,,
15/02/2024 09:15:00,0,,,,,,,,,,,,,,,,,,,
15/02/2024 09:00:00,0,,,,,,,,,,,,,,,,,,,
15/02/2024 08:45:00,0,,,,,,,,,,,,,,,,,,,
15/02/2024 08:30:00,0,,,,,,,,,,,,,,,,,,,
15/02/2024 08:15:00,0,,,,,,,,,,,,,,,,,,,
15/02/2024 08:00:00,0,,,,,,,,,,,,,,,,,,,
15/02/2024 07:45:00,0,,,,,,,,,,,,,,,,,,,
15/02/2024 07:30:00,0,,,,,,,,,,,,,,,,,,,
15/02/2024 07:15:00,0,,,,,,,,,,,,,,,,,,,
15/02/2024 07:00:00,0,232,,,,,,,,,,,,,,,,,,
15/02/2024 06:45:00,0,,,,,,,,,,,,,,,,,,,
15/02/2024 06:30:00,0,,,,,,,,,,,,,,,,,,,
15/02/2024 06:15:00,0,,,,,,,,,,,,,,,,,,,
15/02/2024 06:00:00,0,,,,,,,,,,,,,,,,,,,
15/02/2024 05:45:00,0,,,,,,,,,,,,,,,,,,,
15/02/2024 05:30:00,0,,,,,,,,,,,,,,,,,,,
15/02/2024 05:15:00,0,,,,,,,,,,,,,,,,,,,
15/02/2024 05:00:00,0,,,,,,,,,,,,,,,,,,,
15/02/2024 04:45:00,0,,,,,,,,,,,,,,,,,,,
15/02/2024 04:30:00,0,,,,,,,,,,,,,,,,,,,
15/02/2024 04:15:00,0,,,,,,,,,,,,,,,,,,,
15/02/2024 04:00:00,0,,,,,,,,,,,,,,,,,,,
15/02/2024 03:45:00,0,,,,,,,,,,,,,,,,,,,
15/02/2024 03:30:00,0,,,,,,,,,,,,,,,,,,,
15/02/2024 03:15:00,0,,,,,,,,,,,,,,,,,,,
15/02/2024 03:00:00,0,,,,,,,,,,,,,,,,,,,
15/02/2024 02:45:00,0,,,,,,,,,,,,,,,,,,,
15/02/2024 02:30:00,0,,,,,,,,,,,,,,,,,,,
15/02/2024 02:15:00,0,,,,,,,,,,,,,,,,,,,
15/02/2024 02:00:00,0,,,,,,,,,,,,,,,,,,,
15/02/2024 01:45:00,0,,,,,,,,,,,,,,,,,,,
15/02/2024 01:30:00,0,,,,,,,,,,,,,,,,,,,
15/02/2024 01:15:00,0,,,,,,,,,,,,,,,,,,,
15/02/2024 01:00:00,0,,,,,,,,,,,,,,,,,,,
15/02/2024 00:45:00,0,,,,,,,,,,,,,,,,,,,
15/02/2024 00:30:00,0,,,,,,,,,,,,,,,,,,,
15/02/2024 00:15:00,0,,,,,,,,,,,,,,,,,,,
15/02/2024 00:00:00,0,,,,,,,,,,,,,,,,,,,
14/02/2024 23:45:00,0,,,,,,,,,,,,,,,,,,,
14/02/2024 23:30:00,0,,,,,,,,,,,,,,,,,,,
14/02/2024 23:15:00,0,,,,,,,,,,,,,,,,,,,
14/02/2024 23:00:00,0,,,,,,,,,,,,,,,,,,,
14/02/2024 22:45:00,0,,,,,,,,,,,,,,,,,,,
14/02/2024 22:30:00,0,,,,,,,,,,,,,,,,,,,
14/02/2024 22:15:00,0,,,,,,,,,,,,,,,,,,,
14/02/2024 22:00:00,0,,,,,,,,,,,,,,,,,,,
14/02/2024 21:45:00,0,,,,,,,,,,,,,,,,,,,
14/02/2024 21:30:00,0,,,,,,,,,,,,,,,,,,,
14/02/2024 21:15:00,0,,,,,,,,,,,,,,,,,,,
14/02/2024 21:00:00,0,,,,,,,,,,,,,,,,,,,
14/02/2024 20:45:00,0,,,,,,,,,,,,,,,,,,,
14/02/2024 20:30:00,0,,,,,,,,,,,,,,,,,,,
14/02/2024 20:15:00,0,,,,,,,,,,,,,,,,,,,
14/02/2024 20:00:00,0,,,,,,,,,,,,,,,,,,,
14/02/2024 19:45:00,0,,,,,,,,,,,,,,,,,,,
14/02/2024 19:30:00,0,,,,,,,,,,,,,,,,,,,
14/02/2024 19:15:00,0,,,,,,,,,,,,,,,,,,,
14/02/2024 19:00:00,0,,,,,,,,,,,,,,,,,,,
14/02/2024 18:45:00,0,,,,,,,,,,,,,,,,,,,
14/02/2024 18:30:00,0,,,,,,,,,,,,,,,,,,,
14/02/2024 18:15:00,0,,,,,,,,,,,,,,,,,,,
14/02/2024 18:00:00,0,,,,,,,,,,,,,,,,,,,
14/02/2024 17:45:00,0,,,,,,,,,,,,,,,,,,,
14/02/2024 17:30:00,0,,,,,,,,,,,,,,,,,,,
14/02/2024 17:15:00,0,,,,,,,,,,,,,,,,,,,
14/02/2024 17:00:00,0,184,,,,,,,,,,,,,,,,,,
14/02/2024 16:45:00,0,,,,,,,,,,,,,,,,,,,
14/02/2024 16:30:00,0,,,,,,,,,,,,,,,,,,,
14/02/2024 16:15:00,0,,,,,,,,,,,,,,,,,,,
14/02/2024 16:00:00,0,,,,,,,,,,,,,,,,,,,
14/02/2024 15:45:00,0,,,,,,,,,,,,,,,,,,,
14/02/2024 15:30:00,0,,,,,,,,,,,,,,,,,,,
14/02/2024 15:15:00,0,,,,,,,,,,,,,,,,,,,
14/02/2024 15:00:00,0,,,,,,,,,,,,,,,,,,,
14/02/2024 14:45:00,0,,,,,,,,,,,,,,,,,,,
14/02/2024 14:30:00,0,,,,,,,,,,,,,,,,,,,
14/02/2024 14:15:00,0,,,,,,,,,,,,,,,,,,,
14/02/2024 14:00:00,0,,,,,,,,,,,,,,,,,,,
14/02/2024 13:45:00,0,,,,,,,,,,,,,,,,,,,
14/02/2024 13:30:00,0,,,,,,,,,,,,,,,,,,,
14/02/2024 13:15:00,0.2,,,,,,,,,,,,,,,,,,,
14/02/2024 13:00:00,0,,,,,,,,,,,,,,,,,,,
14/02/2024 12:45:00,0,,,,,,,,,,,,,,,,,,,
14/02/2024 12:30:00,0,,,,,,,,,,,,,,,,,,,
14/02/2024 12:15:00,0,,,,,,,,,,,,,,,,,,,
14/02/2024 12:00:00,0,,,,,,,,,,,,,,,,,,,
14/02/2024 11:45:00,0,,,,,,,,,,,,,,,,,,,
14/02/2024 11:30:00,0,,,,,,,,,,,,,,,,,,,
14/02/2024 11:15:00,0,,,,,,,,,,,,,,,,,,,
14/02/2024 11:00:00,0,,,,,,,,,,,,,,,,,,,
14/02/2024 10:45:00,0,,,,,,,,,,,,,,,,,,,
14/02/2024 10:30:00,0,,,,,,,,,,,,,,,,,,,
14/02/2024 10:15:00,0,,,,,,,,,,,,,,,,,,,
14/02/2024 10:00:00,0,,,,,,,,,,,,,,,,,,,
14/02/2024 09:45:00,0,,,,,,,,,,,,,,,,,,,
14/02/2024 09:30:00,0,,,,,,,,,,,,,,,,,,,
14/02/2024 09:15:00,0,,,,,,,,,,,,,,,,,,,
14/02/2024 09:00:00,0,,,,,,,,,,,,,,,,,,,
14/02/2024 08:45:00,0,,,,,,,,,,,,,,,,,,,
14/02/2024 08:30:00,0,,,,,,,,,,,,,,,,,,,
14/02/2024 08:15:00,0,,,,,,,,,,,,,,,,,,,
14/02/2024 08:00:00,0,,,,,,,,,,,,,,,,,,,
14/02/2024 07:45:00,0,,,,,,,,,,,,,,,,,,,
14/02/2024 07:30:00,0,,,,,,,,,,,,,,,,,,,
14/02/2024 07:15:00,0,,,,,,,,,,,,,,,,,,,
14/02/2024 07:00:00,0,157,,,,,,,,,,,,,,,,,,
14/02/2024 06:45:00,0,,,,,,,,,,,,,,,,,,,
14/02/2024 06:30:00,0,,,,,,,,,,,,,,,,,,,
14/02/2024 06:15:00,0,,,,,,,,,,,,,,,,,,,
14/02/2024 06:00:00,0,,,,,,,,,,,,,,,,,,,
14/02/2024 05:45:00,0,,,,,,,,,,,,,,,,,,,
14/02/2024 05:30:00,0,,,,,,,,,,,,,,,,,,,
14/02/2024 05:15:00,0,,,,,,,,,,,,,,,,,,,
14/02/2024 05:00:00,0,,,,,,,,,,,,,,,,,,,
14/02/2024 04:45:00,0,,,,,,,,,,,,,,,,,,,
14/02/2024 04:30:00,0,,,,,,,,,,,,,,,,,,,
14/02/2024 04:15:00,0,,,,,,,,,,,,,,,,,,,
14/02/2024 04:00:00,0,,,,,,,,,,,,,,,,,,,
14/02/2024 03:45:00,0,,,,,,,,,,,,,,,,,,,
14/02/2024 03:30:00,0,,,,,,,,,,,,,,,,,,,
14/02/2024 03:15:00,0,,,,,,,,,,,,,,,,,,,
14/02/2024 03:00:00,0,,,,,,,,,,,,,,,,,,,
14/02/2024 02:45:00,0,,,,,,,,,,,,,,,,,,,
14/02/2024 02:30:00,0,,,,,,,,,,,,,,,,,,,
14/02/2024 02:15:00,0,,,,,,,,,,,,,,,,,,,
14/02/2024 02:00:00,0,,,,,,,,,,,,,,,,,,,
14/02/2024 01:45:00,0,,,,,,,,,,,,,,,,,,,
14/02/2024 01:30:00,0,,,,,,,,,,,,,,,,,,,
14/02/2024 01:15:00,0,,,,,,,,,,,,,,,,,,,
14/02/2024 01:00:00,0,,,,,,,,,,,,,,,,,,,
14/02/2024 00:45:00,0,,,,,,,,,,,,,,,,,,,
14/02/2024 00:30:00,0,,,,,,,,,,,,,,,,,,,
14/02/2024 00:15:00,0,,,,,,,,,,,,,,,,,,,
14/02/2024 00:00:00,0,,,,,,,,,,,,,,,,,,,
13/02/2024 23:45:00,0,,,,,,,,,,,,,,,,,,,
13/02/2024 23:30:00,0,,,,,,,,,,,,,,,,,,,
13/02/2024 23:15:00,0,,,,,,,,,,,,,,,,,,,
13/02/2024 23:00:00,0,,,,,,,,,,,,,,,,,,,
13/02/2024 22:45:00,0,,,,,,,,,,,,,,,,,,,
13/02/2024 22:30:00,0,,,,,,,,,,,,,,,,,,,
13/02/2024 22:15:00,0,,,,,,,,,,,,,,,,,,,
13/02/2024 22:00:00,0,,,,,,,,,,,,,,,,,,,
13/02/2024 21:45:00,0,,,,,,,,,,,,,,,,,,,
13/02/2024 21:30:00,0,,,,,,,,,,,,,,,,,,,
13/02/2024 21:15:00,0,,,,,,,,,,,,,,,,,,,
13/02/2024 21:00:00,0,,,,,,,,,,,,,,,,,,,
13/02/2024 20:45:00,0,,,,,,,,,,,,,,,,,,,
13/02/2024 20:30:00,0,,,,,,,,,,,,,,,,,,,
13/02/2024 20:15:00,0,,,,,,,,,,,,,,,,,,,
13/02/2024 20:00:00,0,,,,,,,,,,,,,,,,,,,
13/02/2024 19:45:00,0,,,,,,,,,,,,,,,,,,,
13/02/2024 19:30:00,0,,,,,,,,,,,,,,,,,,,
13/02/2024 19:15:00,0,,,,,,,,,,,,,,,,,,,
13/02/2024 19:00:00,0.2,,,,,,,,,,,,,,,,,,,
13/02/2024 18:45:00,0,,,,,,,,,,,,,,,,,,,
13/02/2024 18:30:00,0,,,,,,,,,,,,,,,,,,,
13/02/2024 18:15:00,0,,,,,,,,,,,,,,,,,,,
13/02/2024 18:00:00,0.2,,,,,,,,,,,,,,,,,,,
13/02/2024 17:45:00,0.2,,,,,,,,,,,,,,,,,,,
13/02/2024 17:30:00,1.4,,,,,,,,,,,,,,,,,,,
13/02/2024 17:15:00,1.4,,,,,,,,,,,,,,,,,,,
13/02/2024 17:00:00,1.2,191,,,,,,,,,,,,,,,,,,
13/02/2024 16:45:00,0.4,,,,,,,,,,,,,,,,,,,
13/02/2024 16:30:00,0,,,,,,,,,,,,,,,,,,,
13/02/2024 16:15:00,0,,,,,,,,,,,,,,,,,,,
13/02/2024 16:00:00,0,,,,,,,,,,,,,,,,,,,
13/02/2024 15:45:00,0,,,,,,,,,,,,,,,,,,,
13/02/2024 15:30:00,0.2,,,,,,,,,,,,,,,,,,,
13/02/2024 15:15:00,0,,,,,,,,,,,,,,,,,,,
13/02/2024 15:00:00,0,,,,,,,,,,,,,,,,,,,
13/02/2024 14:45:00,0.2,,,,,,,,,,,,,,,,,,,
13/02/2024 14:30:00,0,,,,,,,,,,,,,,,,,,,
13/02/2024 14:15:00,0.2,,,,,,,,,,,,,,,,,,,
13/02/2024 14:00:00,1.4,,,,,,,,,,,,,,,,,,,
13/02/2024 13:45:00,0.2,,,,,,,,,,,,,,,,,,,
13/02/2024 13:30:00,0,,,,,,,,,,,,,,,,,,,
13/02/2024 13:15:00,0.6,,,,,,,,,,,,,,,,,,,
13/02/2024 13:00:00,2.8,,,,,,,,,,,,,,,,,,,
13/02/2024 12:45:00,6.2,,,,,,,,,,,,,,,,,,,
13/02/2024 12:30:00,1.6,,,,,,,,,,,,,,,,,,,
13/02/2024 12:15:00,1,,,,,,,,,,,,,,,,,,,
13/02/2024 12:00:00,0.8,,,,,,,,,,,,,,,,,,,
13/02/2024 11:45:00,1.6,,,,,,,,,,,,,,,,,,,
13/02/2024 11:30:00,0.6,,,,,,,,,,,,,,,,,,,
13/02/2024 11:15:00,0.2,,,,,,,,,,,,,,,,,,,
13/02/2024 11:00:00,0,,,,,,,,,,,,,,,,,,,
13/02/2024 10:45:00,0.2,,,,,,,,,,,,,,,,,,,
13/02/2024 10:30:00,0,,,,,,,,,,,,,,,,,,,
13/02/2024 10:15:00,0,,,,,,,,,,,,,,,,,,,
13/02/2024 10:00:00,0,,,,,,,,,,,,,,,,,,,
13/02/2024 09:45:00,0,,,,,,,,,,,,,,,,,,,
13/02/2024 09:30:00,0,,,,,,,,,,,,,,,,,,,
13/02/2024 09:15:00,0.2,,,,,,,,,,,,,,,,,,,
13/02/2024 09:00:00,1,,,,,,,,,,,,,,,,,,,
13/02/2024 08:45:00,2.2,,,,,,,,,,,,,,,,,,,
13/02/2024 08:30:00,0.8,,,,,,,,,,,,,,,,,,,
13/02/2024 08:15:00,0,,,,,,,,,,,,,,,,,,,
13/02/2024 08:00:00,0,,,,,,,,,,,,,,,,,,,
13/02/2024 07:45:00,0,,,,,,,,,,,,,,,,,,,
13/02/2024 07:30:00,0,,,,,,,,,,,,,,,,,,,
13/02/2024 07:15:00,0,,,,,,,,,,,,,,,,,,,
13/02/2024 07:00:00,0,150,,,,,,,,,,,,,,,,,,
13/02/2024 06:45:00,0,,,,,,,,,,,,,,,,,,,
13/02/2024 06:30:00,0,,,,,,,,,,,,,,,,,,,
13/02/2024 06:15:00,0,,,,,,,,,,,,,,,,,,,
13/02/2024 06:00:00,0,,,,,,,,,,,,,,,,,,,
13/02/2024 05:45:00,0,,,,,,,,,,,,,,,,,,,
13/02/2024 05:30:00,0.2,,,,,,,,,,,,,,,,,,,
13/02/2024 05:15:00,0,,,,,,,,,,,,,,,,,,,
13/02/2024 05:00:00,0,,,,,,,,,,,,,,,,,,,
13/02/2024 04:45:00,0,,,,,,,,,,,,,,,,,,,
13/02/2024 04:30:00,0,,,,,,,,,,,,,,,,,,,
13/02/2024 04:15:00,0,,,,,,,,,,,,,,,,,,,
13/02/2024 04:00:00,0,,,,,,,,,,,,,,,,,,,
13/02/2024 03:45:00,0.2,,,,,,,,,,,,,,,,,,,
13/02/2024 03:30:00,0,,,,,,,,,,,,,,,,,,,
13/02/2024 03:15:00,0,,,,,,,,,,,,,,,,,,,
13/02/2024 03:00:00,0,,,,,,,,,,,,,,,,,,,
13/02/2024 02:45:00,0,,,,,,,,,,,,,,,,,,,
13/02/2024 02:30:00,0,,,,,,,,,,,,,,,,,,,
13/02/2024 02:15:00,0,,,,,,,,,,,,,,,,,,,
13/02/2024 02:00:00,0,,,,,,,,,,,,,,,,,,,
13/02/2024 01:45:00,0,,,,,,,,,,,,,,,,,,,
13/02/2024 01:30:00,0,,,,,,,,,,,,,,,,,,,
13/02/2024 01:15:00,0,,,,,,,,,,,,,,,,,,,
13/02/2024 01:00:00,0,,,,,,,,,,,,,,,,,,,
13/02/2024 00:45:00,0,,,,,,,,,,,,,,,,,,,
13/02/2024 00:30:00,0,,,,,,,,,,,,,,,,,,,
13/02/2024 00:15:00,0,,,,,,,,,,,,,,,,,,,
13/02/2024 00:00:00,0,,,,,,,,,,,,,,,,,,,
12/2/2024 23:45,0,,,,,,,,,,,,,,,,,,,
12/2/2024 23:30,0,,,,,,,,,,,,,,,,,,,
12/2/2024 23:15,0,,,,,,,,,,,,,,,,,,,
12/2/2024 23:00,0,,,,,,,,,,,,,,,,,,,
12/2/2024 22:45,0,,,,,,,,,,,,,,,,,,,
12/2/2024 22:30,0,,,,,,,,,,,,,,,,,,,
12/2/2024 22:15,0,,,,,,,,,,,,,,,,,,,
12/2/2024 22:00,0,,,,,,,,,,,,,,,,,,,
12/2/2024 21:45,0,,,,,,,,,,,,,,,,,,,
12/2/2024 21:30,0,,,,,,,,,,,,,,,,,,,
12/2/2024 21:15,0,,,,,,,,,,,,,,,,,,,
12/2/2024 21:00,0,,,,,,,,,,,,,,,,,,,
12/2/2024 20:45,0,,,,,,,,,,,,,,,,,,,
12/2/2024 20:30,0,,,,,,,,,,,,,,,,,,,
12/2/2024 20:15,0,,,,,,,,,,,,,,,,,,,
12/2/2024 20:00,0,,,,,,,,,,,,,,,,,,,
12/2/2024 19:45,0,,,,,,,,,,,,,,,,,,,
12/2/2024 19:30,1.2,,,,,,,,,,,,,,,,,,,
12/2/2024 19:15,0,,,,,,,,,,,,,,,,,,,
12/2/2024 19:00,0,,,,,,,,,,,,,,,,,,,
12/2/2024 18:45,0,,,,,,,,,,,,,,,,,,,
12/2/2024 18:30,0,,,,,,,,,,,,,,,,,,,
12/2/2024 18:15,0,,,,,,,,,,,,,,,,,,,
12/2/2024 18:00,0,,,,,,,,,,,,,,,,,,,
12/2/2024 17:45,0,,,,,,,,,,,,,,,,,,,
12/2/2024 17:30,0,,,,,,,,,,,,,,,,,,,
12/2/2024 17:15,0,,,,,,,,,,,,,,,,,,,
12/2/2024 17:00,0,162,,,,,,,,,,,,,,,,,,
12/2/2024 16:45,0,,,,,,,,,,,,,,,,,,,
12/2/2024 16:30,0.8,,,,,,,,,,,,,,,,,,,
12/2/2024 16:15,0,,,,,,,,,,,,,,,,,,,
12/2/2024 16:00,0,,,,,,,,,,,,,,,,,,,
12/2/2024 15:45,0,,,,,,,,,,,,,,,,,,,
12/2/2024 15:30,0,,,,,,,,,,,,,,,,,,,
12/2/2024 15:15,0,,,,,,,,,,,,,,,,,,,
12/2/2024 15:00,0,,,,,,,,,,,,,,,,,,,
12/2/2024 14:45,0,,,,,,,,,,,,,,,,,,,
12/2/2024 14:30,0,,,,,,,,,,,,,,,,,,,
12/2/2024 14:15,0,,,,,,,,,,,,,,,,,,,
12/2/2024 14:00,0,,,,,,,,,,,,,,,,,,,
12/2/2024 13:45,0,,,,,,,,,,,,,,,,,,,
12/2/2024 13:30,0,,,,,,,,,,,,,,,,,,,
12/2/2024 13:15,0,,,,,,,,,,,,,,,,,,,
12/2/2024 13:00,0,,,,,,,,,,,,,,,,,,,
12/2/2024 12:45,0,,,,,,,,,,,,,,,,,,,
12/2/2024 12:30,0,,,,,,,,,,,,,,,,,,,
12/2/2024 12:15,0,,,,,,,,,,,,,,,,,,,
12/2/2024 12:00,0,,,,,,,,,,,,,,,,,,,
12/2/2024 11:45,0,,,,,,,,,,,,,,,,,,,
12/2/2024 11:30,0,,,,,,,,,,,,,,,,,,,
12/2/2024 11:15,0,,,,,,,,,,,,,,,,,,,
12/2/2024 11:00,0,,,,,,,,,,,,,,,,,,,
12/2/2024 10:45,0,,,,,,,,,,,,,,,,,,,
12/2/2024 10:30,0,,,,,,,,,,,,,,,,,,,
12/2/2024 10:15,0,,,,,,,,,,,,,,,,,,,
12/2/2024 10:00,0,,,,,,,,,,,,,,,,,,,
12/2/2024 9:45,0,,,,,,,,,,,,,,,,,,,
12/2/2024 9:30,0,,,,,,,,,,,,,,,,,,,
12/2/2024 9:15,0,,,,,,,,,,,,,,,,,,,
12/2/2024 9:00,0,,,,,,,,,,,,,,,,,,,
12/2/2024 8:45,0,,,,,,,,,,,,,,,,,,,
12/2/2024 8:30,0,,,,,,,,,,,,,,,,,,,
12/2/2024 8:15,0,,,,,,,,,,,,,,,,,,,
12/2/2024 8:00,0,,,,,,,,,,,,,,,,,,,
12/2/2024 7:45,0,,,,,,,,,,,,,,,,,,,
12/2/2024 7:30,0,,,,,,,,,,,,,,,,,,,
12/2/2024 7:15,0,,,,,,,,,,,,,,,,,,,
12/2/2024 7:00,0,144,,,,,,,,,,,,,,,,,,
12/2/2024 6:45,0,,,,,,,,,,,,,,,,,,,
12/2/2024 6:30,0,,,,,,,,,,,,,,,,,,,
12/2/2024 6:15,0,,,,,,,,,,,,,,,,,,,
12/2/2024 6:00,0,,,,,,,,,,,,,,,,,,,
12/2/2024 5:45,0,,,,,,,,,,,,,,,,,,,
12/2/2024 5:30,0,,,,,,,,,,,,,,,,,,,
12/2/2024 5:15,0,,,,,,,,,,,,,,,,,,,
12/2/2024 5:00,0,,,,,,,,,,,,,,,,,,,
12/2/2024 4:45,0,,,,,,,,,,,,,,,,,,,
12/2/2024 4:30,0,,,,,,,,,,,,,,,,,,,
12/2/2024 4:15,0,,,,,,,,,,,,,,,,,,,
12/2/2024 4:00,0,,,,,,,,,,,,,,,,,,,
12/2/2024 3:45,0,,,,,,,,,,,,,,,,,,,
12/2/2024 3:30,0,,,,,,,,,,,,,,,,,,,
12/2/2024 3:15,0,,,,,,,,,,,,,,,,,,,
12/2/2024 3:00,0,,,,,,,,,,,,,,,,,,,
12/2/2024 2:45,0,,,,,,,,,,,,,,,,,,,
12/2/2024 2:30,0,,,,,,,,,,,,,,,,,,,
12/2/2024 2:15,0,,,,,,,,,,,,,,,,,,,
12/2/2024 2:00,0,,,,,,,,,,,,,,,,,,,
12/2/2024 1:45,0,,,,,,,,,,,,,,,,,,,
12/2/2024 1:30,0,,,,,,,,,,,,,,,,,,,
12/2/2024 1:15,0,,,,,,,,,,,,,,,,,,,
12/2/2024 1:00,0,,,,,,,,,,,,,,,,,,,
12/2/2024 0:45,0,,,,,,,,,,,,,,,,,,,
12/2/2024 0:30,0,,,,,,,,,,,,,,,,,,,
12/2/2024 0:15,0,,,,,,,,,,,,,,,,,,,
12/2/2024 0:00,0,,,,,,,,,,,,,,,,,,,
11/2/2024 23:45,0,,,,,,,,,,,,,,,,,,,
11/2/2024 23:30,0,,,,,,,,,,,,,,,,,,,
11/2/2024 23:15,0,,,,,,,,,,,,,,,,,,,
11/2/2024 23:00,0,,,,,,,,,,,,,,,,,,,
11/2/2024 22:45,0,,,,,,,,,,,,,,,,,,,
11/2/2024 22:30,0,,,,,,,,,,,,,,,,,,,
11/2/2024 22:15,0,,,,,,,,,,,,,,,,,,,
11/2/2024 22:00,0,,,,,,,,,,,,,,,,,,,
11/2/2024 21:45,0,,,,,,,,,,,,,,,,,,,
11/2/2024 20:30,0,,,,,,,,,,,,,,,,,,,
11/2/2024 20:15,0,,,,,,,,,,,,,,,,,,,
11/2/2024 20:00,0,,,,,,,,,,,,,,,,,,,
11/2/2024 19:45,0,,,,,,,,,,,,,,,,,,,
11/2/2024 19:30,0,,,,,,,,,,,,,,,,,,,
11/2/2024 19:15,0,,,,,,,,,,,,,,,,,,,
11/2/2024 19:00,0,,,,,,,,,,,,,,,,,,,
11/2/2024 18:45,0,,,,,,,,,,,,,,,,,,,
11/2/2024 18:30,0,,,,,,,,,,,,,,,,,,,
11/2/2024 18:15,0,,,,,,,,,,,,,,,,,,,
11/2/2024 18:00,0,,,,,,,,,,,,,,,,,,,
11/2/2024 17:45,0,,,,,,,,,,,,,,,,,,,
11/2/2024 17:30,0,,,,,,,,,,,,,,,,,,,
11/2/2024 17:15,0,,,,,,,,,,,,,,,,,,,
11/2/2024 17:00,0,115,,,,,,,,,,,,,,,,,,
11/2/2024 16:45,0,,,,,,,,,,,,,,,,,,,
11/2/2024 16:30,0,,,,,,,,,,,,,,,,,,,
11/2/2024 16:15,0,,,,,,,,,,,,,,,,,,,
11/2/2024 16:00,0,,,,,,,,,,,,,,,,,,,
11/2/2024 15:45,0,,,,,,,,,,,,,,,,,,,
11/2/2024 15:30,0,,,,,,,,,,,,,,,,,,,
11/2/2024 15:15,0,,,,,,,,,,,,,,,,,,,
11/2/2024 15:00,0,,,,,,,,,,,,,,,,,,,
11/2/2024 14:45,0,,,,,,,,,,,,,,,,,,,
11/2/2024 14:30,0,,,,,,,,,,,,,,,,,,,
11/2/2024 14:15,0,,,,,,,,,,,,,,,,,,,
11/2/2024 14:00,0,,,,,,,,,,,,,,,,,,,
11/2/2024 13:45,0,,,,,,,,,,,,,,,,,,,
11/2/2024 13:30,0,,,,,,,,,,,,,,,,,,,
11/2/2024 13:15,0,,,,,,,,,,,,,,,,,,,
11/2/2024 13:00,0,,,,,,,,,,,,,,,,,,,
11/2/2024 12:45,0,,,,,,,,,,,,,,,,,,,
11/2/2024 12:30,0,,,,,,,,,,,,,,,,,,,
11/2/2024 12:15,0,,,,,,,,,,,,,,,,,,,
11/2/2024 12:00,0,,,,,,,,,,,,,,,,,,,
11/2/2024 11:45,0,,,,,,,,,,,,,,,,,,,
11/2/2024 11:30,0,,,,,,,,,,,,,,,,,,,
11/2/2024 11:15,0,,,,,,,,,,,,,,,,,,,
11/2/2024 11:00,0,,,,,,,,,,,,,,,,,,,
11/2/2024 10:45,0,,,,,,,,,,,,,,,,,,,
11/2/2024 10:30,0,,,,,,,,,,,,,,,,,,,
11/2/2024 10:15,0,,,,,,,,,,,,,,,,,,,
11/2/2024 10:00,0,,,,,,,,,,,,,,,,,,,
11/2/2024 9:45,0,,,,,,,,,,,,,,,,,,,
11/2/2024 9:30,0,,,,,,,,,,,,,,,,,,,
11/2/2024 9:15,0,,,,,,,,,,,,,,,,,,,
11/2/2024 9:00,0,,,,,,,,,,,,,,,,,,,
11/2/2024 8:45,0,,,,,,,,,,,,,,,,,,,
11/2/2024 8:30,0,,,,,,,,,,,,,,,,,,,
11/2/2024 8:15,0,,,,,,,,,,,,,,,,,,,
11/2/2024 8:00,0,,,,,,,,,,,,,,,,,,,
11/2/2024 7:45,0,,,,,,,,,,,,,,,,,,,
11/2/2024 7:30,0,,,,,,,,,,,,,,,,,,,
11/2/2024 7:15,0,,,,,,,,,,,,,,,,,,,
11/2/2024 7:00,0,110,,,,,,,,,,,,,,,,,,
11/2/2024 6:45,0,,,,,,,,,,,,,,,,,,,
11/2/2024 6:30,0,,,,,,,,,,,,,,,,,,,
11/2/2024 6:15,0,,,,,,,,,,,,,,,,,,,
11/2/2024 6:00,0,,,,,,,,,,,,,,,,,,,
11/2/2024 5:45,0,,,,,,,,,,,,,,,,,,,
11/2/2024 5:30,0,,,,,,,,,,,,,,,,,,,
11/2/2024 5:15,0,,,,,,,,,,,,,,,,,,,
11/2/2024 5:00,0,,,,,,,,,,,,,,,,,,,
11/2/2024 4:45,0,,,,,,,,,,,,,,,,,,,
11/2/2024 4:30,0,,,,,,,,,,,,,,,,,,,
11/2/2024 4:15,0,,,,,,,,,,,,,,,,,,,
11/2/2024 4:00,0,,,,,,,,,,,,,,,,,,,
11/2/2024 3:45,0,,,,,,,,,,,,,,,,,,,
11/2/2024 3:30,0,,,,,,,,,,,,,,,,,,,
11/2/2024 3:15,0,,,,,,,,,,,,,,,,,,,
11/2/2024 3:00,0,,,,,,,,,,,,,,,,,,,
11/2/2024 2:45,0,,,,,,,,,,,,,,,,,,,
11/2/2024 2:30,0,,,,,,,,,,,,,,,,,,,
11/2/2024 2:15,0,,,,,,,,,,,,,,,,,,,
11/2/2024 2:00,0,,,,,,,,,,,,,,,,,,,
11/2/2024 1:45,0,,,,,,,,,,,,,,,,,,,
11/2/2024 1:30,0,,,,,,,,,,,,,,,,,,,
11/2/2024 1:15,0,,,,,,,,,,,,,,,,,,,
11/2/2024 1:00,0,,,,,,,,,,,,,,,,,,,
11/2/2024 0:45,0,,,,,,,,,,,,,,,,,,,
11/2/2024 0:30,0,,,,,,,,,,,,,,,,,,,
11/2/2024 0:15,0,,,,,,,,,,,,,,,,,,,
11/2/2024 0:00,0,,,,,,,,,,,,,,,,,,,
10/2/2024 23:45,0,,,,,,,,,,,,,,,,,,,
10/2/2024 23:30,0,,,,,,,,,,,,,,,,,,,
10/2/2024 23:15,0,,,,,,,,,,,,,,,,,,,
10/2/2024 23:00,0,,,,,,,,,,,,,,,,,,,
10/2/2024 22:45,0,,,,,,,,,,,,,,,,,,,
10/2/2024 22:30,0,,,,,,,,,,,,,,,,,,,
10/2/2024 22:15,0,,,,,,,,,,,,,,,,,,,
10/2/2024 22:00,0,,,,,,,,,,,,,,,,,,,
10/2/2024 21:45,0,,,,,,,,,,,,,,,,,,,
10/2/2024 21:30,0,,,,,,,,,,,,,,,,,,,
10/2/2024 21:15,0,,,,,,,,,,,,,,,,,,,
10/2/2024 21:00,0,,,,,,,,,,,,,,,,,,,
10/2/2024 20:45,0,,,,,,,,,,,,,,,,,,,
10/2/2024 20:30,0,,,,,,,,,,,,,,,,,,,
10/2/2024 20:15,0,,,,,,,,,,,,,,,,,,,
10/2/2024 20:00,0,,,,,,,,,,,,,,,,,,,
10/2/2024 19:45,0,,,,,,,,,,,,,,,,,,,
10/2/2024 19:30,0,,,,,,,,,,,,,,,,,,,
10/2/2024 19:15,0,,,,,,,,,,,,,,,,,,,
10/2/2024 19:00,0,,,,,,,,,,,,,,,,,,,
10/2/2024 18:45,0,,,,,,,,,,,,,,,,,,,
10/2/2024 18:30,0,,,,,,,,,,,,,,,,,,,
10/2/2024 18:15,0,,,,,,,,,,,,,,,,,,,
10/2/2024 18:00,0,,,,,,,,,,,,,,,,,,,
10/2/2024 17:45,0,,,,,,,,,,,,,,,,,,,
10/2/2024 17:30,0,,,,,,,,,,,,,,,,,,,
10/2/2024 17:15,0,,,,,,,,,,,,,,,,,,,
10/2/2024 17:00,0,140,,,,,,,,,,,,,,,,,,
10/2/2024 16:45,0,,,,,,,,,,,,,,,,,,,
10/2/2024 16:30,0,,,,,,,,,,,,,,,,,,,
10/2/2024 16:15,0,,,,,,,,,,,,,,,,,,,
10/2/2024 16:00,0,,,,,,,,,,,,,,,,,,,
10/2/2024 15:45,0,,,,,,,,,,,,,,,,,,,
10/2/2024 15:30,0,,,,,,,,,,,,,,,,,,,
10/2/2024 15:15,0,,,,,,,,,,,,,,,,,,,
10/2/2024 15:00,0,,,,,,,,,,,,,,,,,,,
10/2/2024 14:45,0,,,,,,,,,,,,,,,,,,,
10/2/2024 14:30,0,,,,,,,,,,,,,,,,,,,
10/2/2024 14:15,0,,,,,,,,,,,,,,,,,,,
10/2/2024 14:00,0,,,,,,,,,,,,,,,,,,,
10/2/2024 13:45,0,,,,,,,,,,,,,,,,,,,
10/2/2024 13:30,0,,,,,,,,,,,,,,,,,,,
10/2/2024 13:15,0,,,,,,,,,,,,,,,,,,,
10/2/2024 13:00,0,,,,,,,,,,,,,,,,,,,
10/2/2024 12:45,0,,,,,,,,,,,,,,,,,,,
10/2/2024 12:30,0,,,,,,,,,,,,,,,,,,,
10/2/2024 12:15,0,,,,,,,,,,,,,,,,,,,
10/2/2024 12:00,0,,,,,,,,,,,,,,,,,,,
10/2/2024 11:45,0,,,,,,,,,,,,,,,,,,,
10/2/2024 11:30,0,,,,,,,,,,,,,,,,,,,
10/2/2024 11:15,0,,,,,,,,,,,,,,,,,,,
10/2/2024 11:00,0,,,,,,,,,,,,,,,,,,,
10/2/2024 10:45,0,,,,,,,,,,,,,,,,,,,
10/2/2024 10:30,0,,,,,,,,,,,,,,,,,,,
10/2/2024 10:15,0,,,,,,,,,,,,,,,,,,,
10/2/2024 10:00,0,,,,,,,,,,,,,,,,,,,
10/2/2024 9:45,0,,,,,,,,,,,,,,,,,,,
10/2/2024 9:30,0,,,,,,,,,,,,,,,,,,,
10/2/2024 9:15,0,,,,,,,,,,,,,,,,,,,
10/2/2024 9:00,0,,,,,,,,,,,,,,,,,,,
10/2/2024 8:45,0,,,,,,,,,,,,,,,,,,,
10/2/2024 8:30,0,,,,,,,,,,,,,,,,,,,
10/2/2024 8:15,0,,,,,,,,,,,,,,,,,,,
10/2/2024 8:00,0,,,,,,,,,,,,,,,,,,,
10/2/2024 7:45,0,,,,,,,,,,,,,,,,,,,
10/2/2024 7:30,0,,,,,,,,,,,,,,,,,,,
10/2/2024 7:15,0,,,,,,,,,,,,,,,,,,,
10/2/2024 7:00,0,128,,,,,,,,,,,,,,,,,,
10/2/2024 6:45,0,,,,,,,,,,,,,,,,,,,
10/2/2024 6:30,0,,,,,,,,,,,,,,,,,,,
10/2/2024 6:15,0,,,,,,,,,,,,,,,,,,,
10/2/2024 6:00,0,,,,,,,,,,,,,,,,,,,
10/2/2024 5:45,0,,,,,,,,,,,,,,,,,,,
10/2/2024 5:30,0,,,,,,,,,,,,,,,,,,,
10/2/2024 5:15,0,,,,,,,,,,,,,,,,,,,
10/2/2024 5:00,0,,,,,,,,,,,,,,,,,,,
10/2/2024 4:45,0,,,,,,,,,,,,,,,,,,,
10/2/2024 4:30,0,,,,,,,,,,,,,,,,,,,
10/2/2024 4:15,0,,,,,,,,,,,,,,,,,,,
10/2/2024 4:00,0,,,,,,,,,,,,,,,,,,,
10/2/2024 3:45,0,,,,,,,,,,,,,,,,,,,
10/2/2024 3:30,0,,,,,,,,,,,,,,,,,,,
10/2/2024 3:15,0,,,,,,,,,,,,,,,,,,,
10/2/2024 3:00,0,,,,,,,,,,,,,,,,,,,
10/2/2024 2:45,0,,,,,,,,,,,,,,,,,,,
10/2/2024 2:30,0,,,,,,,,,,,,,,,,,,,
10/2/2024 2:15,0,,,,,,,,,,,,,,,,,,,
10/2/2024 2:00,0,,,,,,,,,,,,,,,,,,,
10/2/2024 1:45,0,,,,,,,,,,,,,,,,,,,
10/2/2024 1:30,0,,,,,,,,,,,,,,,,,,,
10/2/2024 1:15,0,,,,,,,,,,,,,,,,,,,
10/2/2024 1:00,0,,,,,,,,,,,,,,,,,,,
10/2/2024 0:45,0,,,,,,,,,,,,,,,,,,,
10/2/2024 0:30,0,,,,,,,,,,,,,,,,,,,
10/2/2024 0:15,0,,,,,,,,,,,,,,,,,,,
10/2/2024 0:00,0,,,,,,,,,,,,,,,,,,,
9/2/2024 23:45,0,,,,,,,,,,,,,,,,,,,
9/2/2024 23:30,0,,,,,,,,,,,,,,,,,,,
9/2/2024 23:15,0,,,,,,,,,,,,,,,,,,,
9/2/2024 23:00,0,,,,,,,,,,,,,,,,,,,
9/2/2024 22:45,0,,,,,,,,,,,,,,,,,,,
9/2/2024 22:30,0,,,,,,,,,,,,,,,,,,,
9/2/2024 22:15,0,,,,,,,,,,,,,,,,,,,
9/2/2024 22:00,0,,,,,,,,,,,,,,,,,,,
9/2/2024 21:45,0,,,,,,,,,,,,,,,,,,,
9/2/2024 21:30,0,,,,,,,,,,,,,,,,,,,
9/2/2024 21:15,0,,,,,,,,,,,,,,,,,,,
9/2/2024 21:00,0,,,,,,,,,,,,,,,,,,,
9/2/2024 20:45,0,,,,,,,,,,,,,,,,,,,
9/2/2024 20:30,0,,,,,,,,,,,,,,,,,,,
9/2/2024 20:15,0,,,,,,,,,,,,,,,,,,,
9/2/2024 20:00,0,,,,,,,,,,,,,,,,,,,
9/2/2024 19:45,0,,,,,,,,,,,,,,,,,,,
9/2/2024 19:30,0,,,,,,,,,,,,,,,,,,,
9/2/2024 19:15,0,,,,,,,,,,,,,,,,,,,
9/2/2024 19:00,0,,,,,,,,,,,,,,,,,,,
9/2/2024 18:45,0,,,,,,,,,,,,,,,,,,,
9/2/2024 18:30,0,,,,,,,,,,,,,,,,,,,
9/2/2024 18:15,0,,,,,,,,,,,,,,,,,,,
9/2/2024 18:00,0,,,,,,,,,,,,,,,,,,,
9/2/2024 17:45,0,,,,,,,,,,,,,,,,,,,
9/2/2024 17:30,0,,,,,,,,,,,,,,,,,,,
9/2/2024 17:15,0,,,,,,,,,,,,,,,,,,,
9/2/2024 17:00,0,147,,,,,,,,,,,,,,,,,,
9/2/2024 16:45,0,,,,,,,,,,,,,,,,,,,
9/2/2024 16:30,0,,,,,,,,,,,,,,,,,,,
9/2/2024 16:15,0,,,,,,,,,,,,,,,,,,,
9/2/2024 16:00,0,,,,,,,,,,,,,,,,,,,
9/2/2024 15:45,0,,,,,,,,,,,,,,,,,,,
9/2/2024 15:30,0,,,,,,,,,,,,,,,,,,,
9/2/2024 15:15,0,,,,,,,,,,,,,,,,,,,
9/2/2024 15:00,0,,,,,,,,,,,,,,,,,,,
9/2/2024 14:45,0,,,,,,,,,,,,,,,,,,,
9/2/2024 14:30,0,,,,,,,,,,,,,,,,,,,
9/2/2024 14:15,0,,,,,,,,,,,,,,,,,,,
9/2/2024 14:00,0,,,,,,,,,,,,,,,,,,,
9/2/2024 13:45,0,,,,,,,,,,,,,,,,,,,
9/2/2024 13:30,0,,,,,,,,,,,,,,,,,,,
9/2/2024 13:15,0,,,,,,,,,,,,,,,,,,,
9/2/2024 13:00,0,,,,,,,,,,,,,,,,,,,
9/2/2024 12:45,0,,,,,,,,,,,,,,,,,,,
9/2/2024 12:30,0,,,,,,,,,,,,,,,,,,,
9/2/2024 12:15,0,,,,,,,,,,,,,,,,,,,
9/2/2024 12:00,0,,,,,,,,,,,,,,,,,,,
9/2/2024 11:45,0,,,,,,,,,,,,,,,,,,,
9/2/2024 11:30,0,,,,,,,,,,,,,,,,,,,
9/2/2024 11:15,0,,,,,,,,,,,,,,,,,,,
9/2/2024 11:00,0,,,,,,,,,,,,,,,,,,,
9/2/2024 10:45,0,,,,,,,,,,,,,,,,,,,
9/2/2024 10:30,0,,,,,,,,,,,,,,,,,,,
9/2/2024 10:15,0,,,,,,,,,,,,,,,,,,,
9/2/2024 10:00,0,,,,,,,,,,,,,,,,,,,
9/2/2024 9:45,0,,,,,,,,,,,,,,,,,,,
9/2/2024 9:30,0,,,,,,,,,,,,,,,,,,,
9/2/2024 9:15,0,,,,,,,,,,,,,,,,,,,
9/2/2024 9:00,0,,,,,,,,,,,,,,,,,,,
9/2/2024 8:45,0,,,,,,,,,,,,,,,,,,,
9/2/2024 8:30,0,,,,,,,,,,,,,,,,,,,
9/2/2024 8:15,0,,,,,,,,,,,,,,,,,,,
9/2/2024 8:00,0,,,,,,,,,,,,,,,,,,,
9/2/2024 7:45,0,,,,,,,,,,,,,,,,,,,
9/2/2024 7:30,0,,,,,,,,,,,,,,,,,,,
9/2/2024 7:15,0,,,,,,,,,,,,,,,,,,,
9/2/2024 7:00,0,136,,,,,,,,,,,,,,,,,,
9/2/2024 6:45,0,,,,,,,,,,,,,,,,,,,
9/2/2024 6:30,0,,,,,,,,,,,,,,,,,,,
9/2/2024 6:15,0,,,,,,,,,,,,,,,,,,,
9/2/2024 6:00,0,,,,,,,,,,,,,,,,,,,
9/2/2024 5:45,0,,,,,,,,,,,,,,,,,,,
9/2/2024 5:30,0,,,,,,,,,,,,,,,,,,,
9/2/2024 5:15,0,,,,,,,,,,,,,,,,,,,
9/2/2024 5:00,0,,,,,,,,,,,,,,,,,,,
9/2/2024 4:45,0,,,,,,,,,,,,,,,,,,,
9/2/2024 4:30,0,,,,,,,,,,,,,,,,,,,
9/2/2024 4:15,0,,,,,,,,,,,,,,,,,,,
9/2/2024 4:00,0,,,,,,,,,,,,,,,,,,,
9/2/2024 3:45,0,,,,,,,,,,,,,,,,,,,
9/2/2024 3:30,0,,,,,,,,,,,,,,,,,,,
9/2/2024 3:15,0,,,,,,,,,,,,,,,,,,,
9/2/2024 3:00,0,,,,,,,,,,,,,,,,,,,
9/2/2024 2:45,0,,,,,,,,,,,,,,,,,,,
9/2/2024 2:30,0,,,,,,,,,,,,,,,,,,,
9/2/2024 2:15,0,,,,,,,,,,,,,,,,,,,
9/2/2024 2:00,0,,,,,,,,,,,,,,,,,,,
9/2/2024 1:45,0,,,,,,,,,,,,,,,,,,,
9/2/2024 1:30,0,,,,,,,,,,,,,,,,,,,
9/2/2024 1:15,0,,,,,,,,,,,,,,,,,,,
9/2/2024 1:00,0,,,,,,,,,,,,,,,,,,,
9/2/2024 0:45,0,,,,,,,,,,,,,,,,,,,
9/2/2024 0:30,0,,,,,,,,,,,,,,,,,,,
9/2/2024 0:15,0,,,,,,,,,,,,,,,,,,,
9/2/2024 0:00,0,,,,,,,,,,,,,,,,,,,
8/2/2024 23:45,0,,,,,,,,,,,,,,,,,,,
8/2/2024 23:30,0,,,,,,,,,,,,,,,,,,,
8/2/2024 23:15,0,,,,,,,,,,,,,,,,,,,
8/2/2024 23:00,0,,,,,,,,,,,,,,,,,,,
8/2/2024 22:45,0,,,,,,,,,,,,,,,,,,,
8/2/2024 22:30,0,,,,,,,,,,,,,,,,,,,
8/2/2024 22:15,0,,,,,,,,,,,,,,,,,,,
8/2/2024 22:00,0,,,,,,,,,,,,,,,,,,,
8/2/2024 21:45,0,,,,,,,,,,,,,,,,,,,
8/2/2024 21:30,0,,,,,,,,,,,,,,,,,,,
8/2/2024 21:15,0,,,,,,,,,,,,,,,,,,,
8/2/2024 21:00,0,,,,,,,,,,,,,,,,,,,
8/2/2024 20:45,0,,,,,,,,,,,,,,,,,,,
8/2/2024 20:30,0,,,,,,,,,,,,,,,,,,,
8/2/2024 20:15,0,,,,,,,,,,,,,,,,,,,
8/2/2024 20:00,0,,,,,,,,,,,,,,,,,,,
8/2/2024 19:45,0,,,,,,,,,,,,,,,,,,,
8/2/2024 19:30,0,,,,,,,,,,,,,,,,,,,
8/2/2024 19:15,0,,,,,,,,,,,,,,,,,,,
8/2/2024 19:00,0,,,,,,,,,,,,,,,,,,,
8/2/2024 18:45,0,,,,,,,,,,,,,,,,,,,
8/2/2024 18:30,0,,,,,,,,,,,,,,,,,,,
8/2/2024 18:15,0,,,,,,,,,,,,,,,,,,,
8/2/2024 18:00,0,,,,,,,,,,,,,,,,,,,
8/2/2024 17:45,0,,,,,,,,,,,,,,,,,,,
8/2/2024 17:30,0,,,,,,,,,,,,,,,,,,,
8/2/2024 17:15,0,,,,,,,,,,,,,,,,,,,
8/2/2024 17:00,0,152,,,,,,,,,,,,,,,,,,
8/2/2024 16:45,0,,,,,,,,,,,,,,,,,,,
8/2/2024 16:30,0,,,,,,,,,,,,,,,,,,,
8/2/2024 16:15,0,,,,,,,,,,,,,,,,,,,
8/2/2024 16:00,0,,,,,,,,,,,,,,,,,,,
8/2/2024 15:45,0,,,,,,,,,,,,,,,,,,,
8/2/2024 15:30,0,,,,,,,,,,,,,,,,,,,
8/2/2024 15:15,0,,,,,,,,,,,,,,,,,,,
8/2/2024 15:00,0,,,,,,,,,,,,,,,,,,,
8/2/2024 14:45,0,,,,,,,,,,,,,,,,,,,
8/2/2024 14:30,0,,,,,,,,,,,,,,,,,,,
8/2/2024 14:15,0,,,,,,,,,,,,,,,,,,,
8/2/2024 14:00,0,,,,,,,,,,,,,,,,,,,
8/2/2024 13:45,0,,,,,,,,,,,,,,,,,,,
8/2/2024 13:30,0,,,,,,,,,,,,,,,,,,,
8/2/2024 13:15,0,,,,,,,,,,,,,,,,,,,
8/2/2024 13:00,0,,,,,,,,,,,,,,,,,,,
8/2/2024 12:45,0,,,,,,,,,,,,,,,,,,,
8/2/2024 12:30,0,,,,,,,,,,,,,,,,,,,
8/2/2024 12:15,0,,,,,,,,,,,,,,,,,,,
8/2/2024 12:00,0,,,,,,,,,,,,,,,,,,,
8/2/2024 11:45,0,,,,,,,,,,,,,,,,,,,
8/2/2024 11:30,0,,,,,,,,,,,,,,,,,,,
8/2/2024 11:15,0,,,,,,,,,,,,,,,,,,,
8/2/2024 11:00,0,,,,,,,,,,,,,,,,,,,
8/2/2024 10:45,0,,,,,,,,,,,,,,,,,,,
8/2/2024 10:30,0,,,,,,,,,,,,,,,,,,,
8/2/2024 10:15,0,,,,,,,,,,,,,,,,,,,
8/2/2024 10:00,0,,,,,,,,,,,,,,,,,,,
8/2/2024 9:45,0,,,,,,,,,,,,,,,,,,,
8/2/2024 9:30,0,,,,,,,,,,,,,,,,,,,
8/2/2024 9:15,0,,,,,,,,,,,,,,,,,,,
8/2/2024 9:00,0,,,,,,,,,,,,,,,,,,,
8/2/2024 8:45,0,,,,,,,,,,,,,,,,,,,
8/2/2024 8:30,0,,,,,,,,,,,,,,,,,,,
8/2/2024 8:15,0,,,,,,,,,,,,,,,,,,,
8/2/2024 8:00,0,,,,,,,,,,,,,,,,,,,
8/2/2024 7:45,0,,,,,,,,,,,,,,,,,,,
8/2/2024 7:30,0,,,,,,,,,,,,,,,,,,,
8/2/2024 7:15,0,,,,,,,,,,,,,,,,,,,
8/2/2024 7:00,0,145,,,,,,,,,,,,,,,,,,
8/2/2024 6:45,0,,,,,,,,,,,,,,,,,,,
8/2/2024 6:30,0,,,,,,,,,,,,,,,,,,,
8/2/2024 6:15,0,,,,,,,,,,,,,,,,,,,
8/2/2024 6:00,0,,,,,,,,,,,,,,,,,,,
8/2/2024 5:45,0,,,,,,,,,,,,,,,,,,,
8/2/2024 5:30,0,,,,,,,,,,,,,,,,,,,
8/2/2024 5:15,0,,,,,,,,,,,,,,,,,,,
8/2/2024 5:00,0,,,,,,,,,,,,,,,,,,,
8/2/2024 4:45,0,,,,,,,,,,,,,,,,,,,
8/2/2024 4:30,0,,,,,,,,,,,,,,,,,,,
8/2/2024 4:15,0,,,,,,,,,,,,,,,,,,,
8/2/2024 4:00,0,,,,,,,,,,,,,,,,,,,
8/2/2024 3:45,0,,,,,,,,,,,,,,,,,,,
8/2/2024 3:30,0,,,,,,,,,,,,,,,,,,,
8/2/2024 3:15,0,,,,,,,,,,,,,,,,,,,
8/2/2024 3:00,0,,,,,,,,,,,,,,,,,,,
8/2/2024 2:45,0,,,,,,,,,,,,,,,,,,,
8/2/2024 2:30,0,,,,,,,,,,,,,,,,,,,
8/2/2024 2:15,0,,,,,,,,,,,,,,,,,,,
8/2/2024 2:00,0,,,,,,,,,,,,,,,,,,,
8/2/2024 1:45,0,,,,,,,,,,,,,,,,,,,
8/2/2024 1:30,0,,,,,,,,,,,,,,,,,,,
8/2/2024 1:15,0,,,,,,,,,,,,,,,,,,,
8/2/2024 1:00,0,,,,,,,,,,,,,,,,,,,
8/2/2024 0:45,0,,,,,,,,,,,,,,,,,,,
8/2/2024 0:30,0,,,,,,,,,,,,,,,,,,,
8/2/2024 0:15,0,,,,,,,,,,,,,,,,,,,
8/2/2024 0:00,0,,,,,,,,,,,,,,,,,,,
7/2/2024 23:45,0,,,,,,,,,,,,,,,,,,,
7/2/2024 23:30,0,,,,,,,,,,,,,,,,,,,
7/2/2024 23:15,0,,,,,,,,,,,,,,,,,,,
7/2/2024 23:00,0,,,,,,,,,,,,,,,,,,,
7/2/2024 22:45,0,,,,,,,,,,,,,,,,,,,
7/2/2024 22:30,0,,,,,,,,,,,,,,,,,,,
7/2/2024 22:15,0,,,,,,,,,,,,,,,,,,,
7/2/2024 22:00,0,,,,,,,,,,,,,,,,,,,
7/2/2024 21:45,0,,,,,,,,,,,,,,,,,,,
7/2/2024 20:30,0,,,,,,,,,,,,,,,,,,,
7/2/2024 20:15,0,,,,,,,,,,,,,,,,,,,
7/2/2024 20:00,0,,,,,,,,,,,,,,,,,,,
7/2/2024 19:45,0,,,,,,,,,,,,,,,,,,,
7/2/2024 19:30,0,,,,,,,,,,,,,,,,,,,
7/2/2024 19:15,0,,,,,,,,,,,,,,,,,,,
7/2/2024 19:00,0,,,,,,,,,,,,,,,,,,,
7/2/2024 18:45,0,,,,,,,,,,,,,,,,,,,
7/2/2024 18:30,0,,,,,,,,,,,,,,,,,,,
7/2/2024 18:15,0,,,,,,,,,,,,,,,,,,,
7/2/2024 18:00,0,,,,,,,,,,,,,,,,,,,
7/2/2024 17:45,0,,,,,,,,,,,,,,,,,,,
7/2/2024 17:30,0,,,,,,,,,,,,,,,,,,,
7/2/2024 17:15,0,,,,,,,,,,,,,,,,,,,
7/2/2024 17:00,0,170,,,,,,,,,,,,,,,,,,
7/2/2024 16:45,0,,,,,,,,,,,,,,,,,,,
7/2/2024 16:30,0,,,,,,,,,,,,,,,,,,,
7/2/2024 16:15,0,,,,,,,,,,,,,,,,,,,
7/2/2024 16:00,0,,,,,,,,,,,,,,,,,,,
7/2/2024 15:45,0,,,,,,,,,,,,,,,,,,,
7/2/2024 15:30,0,,,,,,,,,,,,,,,,,,,
7/2/2024 15:15,0,,,,,,,,,,,,,,,,,,,
7/2/2024 15:00,0,,,,,,,,,,,,,,,,,,,
7/2/2024 14:45,0,,,,,,,,,,,,,,,,,,,
7/2/2024 14:30,0,,,,,,,,,,,,,,,,,,,
7/2/2024 14:15,0,,,,,,,,,,,,,,,,,,,
7/2/2024 14:00,0,,,,,,,,,,,,,,,,,,,
7/2/2024 13:45,0,,,,,,,,,,,,,,,,,,,
7/2/2024 13:30,0,,,,,,,,,,,,,,,,,,,
7/2/2024 13:15,0,,,,,,,,,,,,,,,,,,,
7/2/2024 13:00,0,,,,,,,,,,,,,,,,,,,
7/2/2024 12:45,0,,,,,,,,,,,,,,,,,,,
7/2/2024 12:30,0,,,,,,,,,,,,,,,,,,,
7/2/2024 12:15,0,,,,,,,,,,,,,,,,,,,
7/2/2024 12:00,0,,,,,,,,,,,,,,,,,,,
7/2/2024 11:45,0,,,,,,,,,,,,,,,,,,,
7/2/2024 11:30,0,,,,,,,,,,,,,,,,,,,
7/2/2024 11:15,0,,,,,,,,,,,,,,,,,,,
7/2/2024 11:00,0,,,,,,,,,,,,,,,,,,,
7/2/2024 10:45,0,,,,,,,,,,,,,,,,,,,
7/2/2024 10:30,0,,,,,,,,,,,,,,,,,,,
7/2/2024 10:15,0,,,,,,,,,,,,,,,,,,,
7/2/2024 10:00,0,,,,,,,,,,,,,,,,,,,
7/2/2024 9:45,0,,,,,,,,,,,,,,,,,,,
7/2/2024 9:30,0,,,,,,,,,,,,,,,,,,,
7/2/2024 9:15,0,,,,,,,,,,,,,,,,,,,
7/2/2024 9:00,0,,,,,,,,,,,,,,,,,,,
7/2/2024 8:45,0,,,,,,,,,,,,,,,,,,,
7/2/2024 8:30,0,,,,,,,,,,,,,,,,,,,
7/2/2024 8:15,0,,,,,,,,,,,,,,,,,,,
7/2/2024 8:00,0,,,,,,,,,,,,,,,,,,,
7/2/2024 7:45,0,,,,,,,,,,,,,,,,,,,
7/2/2024 7:30,0,,,,,,,,,,,,,,,,,,,
7/2/2024 7:15,0,,,,,,,,,,,,,,,,,,,
7/2/2024 7:00,0,166,,,,,,,,,,,,,,,,,,
7/2/2024 6:45,0,,,,,,,,,,,,,,,,,,,
7/2/2024 6:30,0,,,,,,,,,,,,,,,,,,,
7/2/2024 6:15,0,,,,,,,,,,,,,,,,,,,
7/2/2024 6:00,0,,,,,,,,,,,,,,,,,,,
7/2/2024 5:45,0,,,,,,,,,,,,,,,,,,,
7/2/2024 5:30,0,,,,,,,,,,,,,,,,,,,
7/2/2024 5:15,0,,,,,,,,,,,,,,,,,,,
7/2/2024 5:00,0,,,,,,,,,,,,,,,,,,,
7/2/2024 4:45,0,,,,,,,,,,,,,,,,,,,
7/2/2024 4:30,0,,,,,,,,,,,,,,,,,,,
7/2/2024 4:15,0,,,,,,,,,,,,,,,,,,,
7/2/2024 4:00,0,,,,,,,,,,,,,,,,,,,
7/2/2024 3:45,0,,,,,,,,,,,,,,,,,,,
7/2/2024 3:30,0,,,,,,,,,,,,,,,,,,,
7/2/2024 3:15,0,,,,,,,,,,,,,,,,,,,
7/2/2024 3:00,0,,,,,,,,,,,,,,,,,,,
7/2/2024 2:45,0,,,,,,,,,,,,,,,,,,,
7/2/2024 2:30,0,,,,,,,,,,,,,,,,,,,
7/2/2024 2:15,0,,,,,,,,,,,,,,,,,,,
7/2/2024 2:00,0,,,,,,,,,,,,,,,,,,,
7/2/2024 1:45,0,,,,,,,,,,,,,,,,,,,
7/2/2024 1:30,0,,,,,,,,,,,,,,,,,,,
7/2/2024 1:15,0,,,,,,,,,,,,,,,,,,,
7/2/2024 1:00,0,,,,,,,,,,,,,,,,,,,
7/2/2024 0:45,0,,,,,,,,,,,,,,,,,,,
7/2/2024 0:30,0,,,,,,,,,,,,,,,,,,,
7/2/2024 0:15,0,,,,,,,,,,,,,,,,,,,
7/2/2024 0:00,0,,,,,,,,,,,,,,,,,,,
6/2/2024 23:45,0,,,,,,,,,,,,,,,,,,,
6/2/2024 23:30,0,,,,,,,,,,,,,,,,,,,
6/2/2024 23:15,0,,,,,,,,,,,,,,,,,,,
6/2/2024 23:00,0,,,,,,,,,,,,,,,,,,,
6/2/2024 22:45,0,,,,,,,,,,,,,,,,,,,
6/2/2024 22:30,0,,,,,,,,,,,,,,,,,,,
6/2/2024 22:15,0,,,,,,,,,,,,,,,,,,,
6/2/2024 22:00,0,,,,,,,,,,,,,,,,,,,
6/2/2024 21:45,0,,,,,,,,,,,,,,,,,,,
6/2/2024 21:30,0,,,,,,,,,,,,,,,,,,,
6/2/2024 21:15,0,,,,,,,,,,,,,,,,,,,
6/2/2024 21:00,0,,,,,,,,,,,,,,,,,,,
6/2/2024 20:45,0,,,,,,,,,,,,,,,,,,,
6/2/2024 20:30,0,,,,,,,,,,,,,,,,,,,
6/2/2024 20:15,0,,,,,,,,,,,,,,,,,,,
6/2/2024 20:00,0,,,,,,,,,,,,,,,,,,,
6/2/2024 19:45,0,,,,,,,,,,,,,,,,,,,
6/2/2024 19:30,0,,,,,,,,,,,,,,,,,,,
6/2/2024 19:15,0,,,,,,,,,,,,,,,,,,,
6/2/2024 19:00,0,,,,,,,,,,,,,,,,,,,
6/2/2024 18:45,0,,,,,,,,,,,,,,,,,,,
6/2/2024 18:30,0,,,,,,,,,,,,,,,,,,,
6/2/2024 18:15,0,,,,,,,,,,,,,,,,,,,
6/2/2024 18:00,0,,,,,,,,,,,,,,,,,,,
6/2/2024 17:45,0,,,,,,,,,,,,,,,,,,,
6/2/2024 17:30,0,,,,,,,,,,,,,,,,,,,
6/2/2024 17:15,0,,,,,,,,,,,,,,,,,,,
6/2/2024 17:00,0,171,,,,,,,,,,,,,,,,,,
6/2/2024 16:45,0,,,,,,,,,,,,,,,,,,,
6/2/2024 16:30,0,,,,,,,,,,,,,,,,,,,
6/2/2024 16:15,0,,,,,,,,,,,,,,,,,,,
6/2/2024 16:00,0,,,,,,,,,,,,,,,,,,,
6/2/2024 15:45,0,,,,,,,,,,,,,,,,,,,
6/2/2024 15:30,0,,,,,,,,,,,,,,,,,,,
6/2/2024 15:15,0,,,,,,,,,,,,,,,,,,,
6/2/2024 15:00,0,,,,,,,,,,,,,,,,,,,
6/2/2024 14:45,0,,,,,,,,,,,,,,,,,,,
6/2/2024 14:30,0,,,,,,,,,,,,,,,,,,,
6/2/2024 14:15,0,,,,,,,,,,,,,,,,,,,
6/2/2024 14:00,0,,,,,,,,,,,,,,,,,,,
6/2/2024 13:45,0,,,,,,,,,,,,,,,,,,,
6/2/2024 13:30,0,,,,,,,,,,,,,,,,,,,
6/2/2024 13:15,0,,,,,,,,,,,,,,,,,,,
6/2/2024 13:00,0,,,,,,,,,,,,,,,,,,,
6/2/2024 12:45,0,,,,,,,,,,,,,,,,,,,
6/2/2024 12:30,0,,,,,,,,,,,,,,,,,,,
6/2/2024 12:15,0,,,,,,,,,,,,,,,,,,,
6/2/2024 12:00,0,,,,,,,,,,,,,,,,,,,
6/2/2024 11:45,0,,,,,,,,,,,,,,,,,,,
6/2/2024 11:30,0,,,,,,,,,,,,,,,,,,,
6/2/2024 11:15,0,,,,,,,,,,,,,,,,,,,
6/2/2024 11:00,0,,,,,,,,,,,,,,,,,,,
6/2/2024 10:45,0,,,,,,,,,,,,,,,,,,,
6/2/2024 10:30,0,,,,,,,,,,,,,,,,,,,
6/2/2024 10:15,0,,,,,,,,,,,,,,,,,,,
6/2/2024 10:00,0,,,,,,,,,,,,,,,,,,,
6/2/2024 9:45,0,,,,,,,,,,,,,,,,,,,
6/2/2024 9:30,0,,,,,,,,,,,,,,,,,,,
6/2/2024 9:15,0,,,,,,,,,,,,,,,,,,,
6/2/2024 9:00,0,,,,,,,,,,,,,,,,,,,
6/2/2024 8:45,0,,,,,,,,,,,,,,,,,,,
6/2/2024 8:30,0,,,,,,,,,,,,,,,,,,,
6/2/2024 8:15,0,,,,,,,,,,,,,,,,,,,
6/2/2024 8:00,0,,,,,,,,,,,,,,,,,,,
6/2/2024 7:45,0,,,,,,,,,,,,,,,,,,,
6/2/2024 7:30,0,,,,,,,,,,,,,,,,,,,
6/2/2024 7:15,0,,,,,,,,,,,,,,,,,,,
6/2/2024 7:00,0,169,,,,,,,,,,,,,,,,,,
6/2/2024 6:45,0,,,,,,,,,,,,,,,,,,,
6/2/2024 6:30,0,,,,,,,,,,,,,,,,,,,
6/2/2024 6:15,0,,,,,,,,,,,,,,,,,,,
6/2/2024 6:00,0,,,,,,,,,,,,,,,,,,,
6/2/2024 5:45,0,,,,,,,,,,,,,,,,,,,
6/2/2024 5:30,0,,,,,,,,,,,,,,,,,,,
6/2/2024 5:15,0,,,,,,,,,,,,,,,,,,,
6/2/2024 5:00,0,,,,,,,,,,,,,,,,,,,
6/2/2024 4:45,0,,,,,,,,,,,,,,,,,,,
6/2/2024 4:30,0,,,,,,,,,,,,,,,,,,,
6/2/2024 4:15,0,,,,,,,,,,,,,,,,,,,
6/2/2024 4:00,0,,,,,,,,,,,,,,,,,,,
6/2/2024 3:45,0,,,,,,,,,,,,,,,,,,,
6/2/2024 3:30,0,,,,,,,,,,,,,,,,,,,
6/2/2024 3:15,0,,,,,,,,,,,,,,,,,,,
6/2/2024 3:00,0,,,,,,,,,,,,,,,,,,,
6/2/2024 2:45,0,,,,,,,,,,,,,,,,,,,
6/2/2024 2:30,0,,,,,,,,,,,,,,,,,,,
6/2/2024 2:15,0,,,,,,,,,,,,,,,,,,,
6/2/2024 2:00,0,,,,,,,,,,,,,,,,,,,
6/2/2024 1:45,0,,,,,,,,,,,,,,,,,,,
6/2/2024 1:30,0,,,,,,,,,,,,,,,,,,,
6/2/2024 1:15,0,,,,,,,,,,,,,,,,,,,
6/2/2024 1:00,0,,,,,,,,,,,,,,,,,,,
6/2/2024 0:45,0,,,,,,,,,,,,,,,,,,,
6/2/2024 0:30,0,,,,,,,,,,,,,,,,,,,
6/2/2024 0:15,0,,,,,,,,,,,,,,,,,,,
6/2/2024 0:00,0,,,,,,,,,,,,,,,,,,,
5/2/2024 23:45,0,,,,,,,,,,,,,,,,,,,
5/2/2024 23:30,0,,,,,,,,,,,,,,,,,,,
5/2/2024 23:15,0,,,,,,,,,,,,,,,,,,,
5/2/2024 23:00,0,,,,,,,,,,,,,,,,,,,
5/2/2024 22:45,0,,,,,,,,,,,,,,,,,,,
5/2/2024 22:30,0,,,,,,,,,,,,,,,,,,,
5/2/2024 22:15,0,,,,,,,,,,,,,,,,,,,
5/2/2024 22:00,0,,,,,,,,,,,,,,,,,,,
5/2/2024 21:45,0,,,,,,,,,,,,,,,,,,,
5/2/2024 21:30,0,,,,,,,,,,,,,,,,,,,
5/2/2024 21:15,0,,,,,,,,,,,,,,,,,,,
5/2/2024 21:00,0,,,,,,,,,,,,,,,,,,,
5/2/2024 20:45,0,,,,,,,,,,,,,,,,,,,
5/2/2024 20:30,0,,,,,,,,,,,,,,,,,,,
5/2/2024 20:15,0,,,,,,,,,,,,,,,,,,,
5/2/2024 20:00,0,,,,,,,,,,,,,,,,,,,
5/2/2024 19:45,0,,,,,,,,,,,,,,,,,,,
5/2/2024 19:30,0,,,,,,,,,,,,,,,,,,,
5/2/2024 19:15,0,,,,,,,,,,,,,,,,,,,
5/2/2024 19:00,0,,,,,,,,,,,,,,,,,,,
5/2/2024 18:45,0,,,,,,,,,,,,,,,,,,,
5/2/2024 18:30,0,,,,,,,,,,,,,,,,,,,
5/2/2024 18:15,0,,,,,,,,,,,,,,,,,,,
5/2/2024 18:00,0,,,,,,,,,,,,,,,,,,,
5/2/2024 17:45,0,,,,,,,,,,,,,,,,,,,
5/2/2024 17:30,0,,,,,,,,,,,,,,,,,,,
5/2/2024 17:15,0,,,,,,,,,,,,,,,,,,,
5/2/2024 17:00,0,192,,,,,,,,,,,,,,,,,,
5/2/2024 16:45,0,,,,,,,,,,,,,,,,,,,
5/2/2024 16:30,0,,,,,,,,,,,,,,,,,,,
5/2/2024 16:15,0,,,,,,,,,,,,,,,,,,,
5/2/2024 16:00,0,,,,,,,,,,,,,,,,,,,
5/2/2024 15:45,0,,,,,,,,,,,,,,,,,,,
5/2/2024 15:30,0,,,,,,,,,,,,,,,,,,,
5/2/2024 15:15,0,,,,,,,,,,,,,,,,,,,
5/2/2024 15:00,0,,,,,,,,,,,,,,,,,,,
5/2/2024 14:45,0,,,,,,,,,,,,,,,,,,,
5/2/2024 14:30,0,,,,,,,,,,,,,,,,,,,
5/2/2024 14:15,0,,,,,,,,,,,,,,,,,,,
5/2/2024 14:00,0,,,,,,,,,,,,,,,,,,,
5/2/2024 13:45,0,,,,,,,,,,,,,,,,,,,
5/2/2024 13:30,0,,,,,,,,,,,,,,,,,,,
5/2/2024 13:15,0,,,,,,,,,,,,,,,,,,,
5/2/2024 13:00,0,,,,,,,,,,,,,,,,,,,
5/2/2024 12:45,0,,,,,,,,,,,,,,,,,,,
5/2/2024 12:30,0,,,,,,,,,,,,,,,,,,,
5/2/2024 12:15,0,,,,,,,,,,,,,,,,,,,
5/2/2024 12:00,0,,,,,,,,,,,,,,,,,,,
5/2/2024 11:45,0,,,,,,,,,,,,,,,,,,,
5/2/2024 11:30,0,,,,,,,,,,,,,,,,,,,
5/2/2024 11:15,0,,,,,,,,,,,,,,,,,,,
5/2/2024 11:00,0,,,,,,,,,,,,,,,,,,,
5/2/2024 10:45,0,,,,,,,,,,,,,,,,,,,
5/2/2024 10:30,0,,,,,,,,,,,,,,,,,,,
5/2/2024 10:15,0,,,,,,,,,,,,,,,,,,,
5/2/2024 10:00,0,,,,,,,,,,,,,,,,,,,
5/2/2024 9:45,0,,,,,,,,,,,,,,,,,,,
5/2/2024 9:30,0,,,,,,,,,,,,,,,,,,,
5/2/2024 9:15,0,,,,,,,,,,,,,,,,,,,
5/2/2024 9:00,0,,,,,,,,,,,,,,,,,,,
5/2/2024 8:45,0,,,,,,,,,,,,,,,,,,,
5/2/2024 8:30,0,,,,,,,,,,,,,,,,,,,
5/2/2024 8:15,0,,,,,,,,,,,,,,,,,,,
5/2/2024 8:00,0,,,,,,,,,,,,,,,,,,,
5/2/2024 7:45,0,,,,,,,,,,,,,,,,,,,
5/2/2024 7:30,0,,,,,,,,,,,,,,,,,,,
5/2/2024 7:15,0,,,,,,,,,,,,,,,,,,,
5/2/2024 7:00,0,151,,,,,,,,,,,,,,,,,,
5/2/2024 6:45,0,,,,,,,,,,,,,,,,,,,
5/2/2024 6:30,0,,,,,,,,,,,,,,,,,,,
5/2/2024 6:15,0,,,,,,,,,,,,,,,,,,,
5/2/2024 6:00,0,,,,,,,,,,,,,,,,,,,
5/2/2024 5:45,0,,,,,,,,,,,,,,,,,,,
5/2/2024 5:30,0,,,,,,,,,,,,,,,,,,,
5/2/2024 5:15,0,,,,,,,,,,,,,,,,,,,
5/2/2024 5:00,0,,,,,,,,,,,,,,,,,,,
5/2/2024 4:45,0,,,,,,,,,,,,,,,,,,,
5/2/2024 4:30,0,,,,,,,,,,,,,,,,,,,
5/2/2024 4:15,0,,,,,,,,,,,,,,,,,,,
5/2/2024 4:00,0,,,,,,,,,,,,,,,,,,,
5/2/2024 3:45,0,,,,,,,,,,,,,,,,,,,
5/2/2024 3:30,0,,,,,,,,,,,,,,,,,,,
5/2/2024 3:15,0,,,,,,,,,,,,,,,,,,,
5/2/2024 3:00,0,,,,,,,,,,,,,,,,,,,
5/2/2024 2:45,0,,,,,,,,,,,,,,,,,,,
5/2/2024 2:30,0,,,,,,,,,,,,,,,,,,,
5/2/2024 2:15,0,,,,,,,,,,,,,,,,,,,
5/2/2024 2:00,0,,,,,,,,,,,,,,,,,,,
5/2/2024 1:45,0,,,,,,,,,,,,,,,,,,,
5/2/2024 1:30,0,,,,,,,,,,,,,,,,,,,
5/2/2024 1:15,0,,,,,,,,,,,,,,,,,,,
5/2/2024 1:00,0,,,,,,,,,,,,,,,,,,,
5/2/2024 0:45,0,,,,,,,,,,,,,,,,,,,
5/2/2024 0:30,0,,,,,,,,,,,,,,,,,,,
5/2/2024 0:15,0,,,,,,,,,,,,,,,,,,,
5/2/2024 0:00,0,,,,,,,,,,,,,,,,,,,
4/2/2024 23:45,0,,,,,,,,,,,,,,,,,,,
4/2/2024 23:30,0,,,,,,,,,,,,,,,,,,,
4/2/2024 23:15,0,,,,,,,,,,,,,,,,,,,
4/2/2024 23:00,0,,,,,,,,,,,,,,,,,,,
4/2/2024 22:45,0,,,,,,,,,,,,,,,,,,,
4/2/2024 22:30,0,,,,,,,,,,,,,,,,,,,
4/2/2024 22:15,0,,,,,,,,,,,,,,,,,,,
4/2/2024 22:00,0,,,,,,,,,,,,,,,,,,,
4/2/2024 21:45,0,,,,,,,,,,,,,,,,,,,
4/2/2024 21:30,0,,,,,,,,,,,,,,,,,,,
4/2/2024 21:15,0,,,,,,,,,,,,,,,,,,,
4/2/2024 21:00,0,,,,,,,,,,,,,,,,,,,
4/2/2024 20:45,0,,,,,,,,,,,,,,,,,,,
4/2/2024 20:30,0,,,,,,,,,,,,,,,,,,,
4/2/2024 20:15,0,,,,,,,,,,,,,,,,,,,
4/2/2024 20:00,0,,,,,,,,,,,,,,,,,,,
4/2/2024 19:45,0,,,,,,,,,,,,,,,,,,,
4/2/2024 19:30,0,,,,,,,,,,,,,,,,,,,
4/2/2024 19:15,0,,,,,,,,,,,,,,,,,,,
4/2/2024 19:00,0,,,,,,,,,,,,,,,,,,,
4/2/2024 18:45,0,,,,,,,,,,,,,,,,,,,
4/2/2024 18:30,0,,,,,,,,,,,,,,,,,,,
4/2/2024 18:15,0,,,,,,,,,,,,,,,,,,,
4/2/2024 18:00,0,,,,,,,,,,,,,,,,,,,
4/2/2024 17:45,0,,,,,,,,,,,,,,,,,,,
4/2/2024 17:30,0,,,,,,,,,,,,,,,,,,,
4/2/2024 17:15,0,,,,,,,,,,,,,,,,,,,
4/2/2024 17:00,0,167,,,,,,,,,,,,,,,,,,
4/2/2024 16:45,0,,,,,,,,,,,,,,,,,,,
4/2/2024 16:30,0.2,,,,,,,,,,,,,,,,,,,
4/2/2024 16:15,3.8,,,,,,,,,,,,,,,,,,,
4/2/2024 16:00,0,,,,,,,,,,,,,,,,,,,
4/2/2024 15:45,0,,,,,,,,,,,,,,,,,,,
4/2/2024 15:30,0,,,,,,,,,,,,,,,,,,,
4/2/2024 15:15,0,,,,,,,,,,,,,,,,,,,
4/2/2024 15:00,0,,,,,,,,,,,,,,,,,,,
4/2/2024 14:45,0,,,,,,,,,,,,,,,,,,,
4/2/2024 14:30,0,,,,,,,,,,,,,,,,,,,
4/2/2024 14:15,0,,,,,,,,,,,,,,,,,,,
4/2/2024 14:00,0,,,,,,,,,,,,,,,,,,,
4/2/2024 13:45,0,,,,,,,,,,,,,,,,,,,
4/2/2024 13:30,0,,,,,,,,,,,,,,,,,,,
4/2/2024 13:15,0,,,,,,,,,,,,,,,,,,,
4/2/2024 13:00,0,,,,,,,,,,,,,,,,,,,
4/2/2024 12:45,0,,,,,,,,,,,,,,,,,,,
4/2/2024 12:30,0,,,,,,,,,,,,,,,,,,,
4/2/2024 12:15,0,,,,,,,,,,,,,,,,,,,
4/2/2024 12:00,0,,,,,,,,,,,,,,,,,,,
4/2/2024 11:45,0,,,,,,,,,,,,,,,,,,,
4/2/2024 11:30,0,,,,,,,,,,,,,,,,,,,
4/2/2024 11:15,0,,,,,,,,,,,,,,,,,,,
4/2/2024 11:00,0,,,,,,,,,,,,,,,,,,,
4/2/2024 10:45,0,,,,,,,,,,,,,,,,,,,
4/2/2024 10:30,0,,,,,,,,,,,,,,,,,,,
4/2/2024 10:15,0,,,,,,,,,,,,,,,,,,,
4/2/2024 10:00,0,,,,,,,,,,,,,,,,,,,
4/2/2024 9:45,0,,,,,,,,,,,,,,,,,,,
4/2/2024 9:30,0,,,,,,,,,,,,,,,,,,,
4/2/2024 9:15,0,,,,,,,,,,,,,,,,,,,
4/2/2024 9:00,0,,,,,,,,,,,,,,,,,,,
4/2/2024 8:45,0,,,,,,,,,,,,,,,,,,,
4/2/2024 8:30,0,,,,,,,,,,,,,,,,,,,
4/2/2024 8:15,0,,,,,,,,,,,,,,,,,,,
4/2/2024 8:00,0,,,,,,,,,,,,,,,,,,,
4/2/2024 7:45,0,,,,,,,,,,,,,,,,,,,
4/2/2024 7:30,0,,,,,,,,,,,,,,,,,,,
4/2/2024 7:15,0,,,,,,,,,,,,,,,,,,,
4/2/2024 7:00,0,160,,,,,,,,,,,,,,,,,,
4/2/2024 6:45,0,,,,,,,,,,,,,,,,,,,
4/2/2024 6:30,0,,,,,,,,,,,,,,,,,,,
4/2/2024 6:15,0,,,,,,,,,,,,,,,,,,,
4/2/2024 6:00,0,,,,,,,,,,,,,,,,,,,
4/2/2024 5:45,0,,,,,,,,,,,,,,,,,,,
4/2/2024 5:30,0,,,,,,,,,,,,,,,,,,,
4/2/2024 5:15,0,,,,,,,,,,,,,,,,,,,
4/2/2024 5:00,0,,,,,,,,,,,,,,,,,,,
4/2/2024 4:45,0,,,,,,,,,,,,,,,,,,,
4/2/2024 4:30,0,,,,,,,,,,,,,,,,,,,
4/2/2024 4:15,0,,,,,,,,,,,,,,,,,,,
4/2/2024 4:00,0,,,,,,,,,,,,,,,,,,,
4/2/2024 3:45,0,,,,,,,,,,,,,,,,,,,
4/2/2024 3:30,0,,,,,,,,,,,,,,,,,,,
4/2/2024 3:15,0,,,,,,,,,,,,,,,,,,,
4/2/2024 3:00,0,,,,,,,,,,,,,,,,,,,
4/2/2024 2:45,0,,,,,,,,,,,,,,,,,,,
4/2/2024 2:30,0,,,,,,,,,,,,,,,,,,,
4/2/2024 2:15,0,,,,,,,,,,,,,,,,,,,
4/2/2024 2:00,0,,,,,,,,,,,,,,,,,,,
4/2/2024 1:45,0,,,,,,,,,,,,,,,,,,,
4/2/2024 1:30,0,,,,,,,,,,,,,,,,,,,
4/2/2024 1:15,0,,,,,,,,,,,,,,,,,,,
4/2/2024 1:00,0,,,,,,,,,,,,,,,,,,,
4/2/2024 0:45,0,,,,,,,,,,,,,,,,,,,
4/2/2024 0:30,0,,,,,,,,,,,,,,,,,,,
4/2/2024 0:15,0,,,,,,,,,,,,,,,,,,,
4/2/2024 0:00,0,,,,,,,,,,,,,,,,,,,
3/2/2024 23:45,0,,,,,,,,,,,,,,,,,,,
3/2/2024 23:30,0,,,,,,,,,,,,,,,,,,,
3/2/2024 23:15,0,,,,,,,,,,,,,,,,,,,
3/2/2024 23:00,0,,,,,,,,,,,,,,,,,,,
3/2/2024 22:45,0,,,,,,,,,,,,,,,,,,,
3/2/2024 22:30,0,,,,,,,,,,,,,,,,,,,
3/2/2024 22:15,0,,,,,,,,,,,,,,,,,,,
3/2/2024 22:00,0,,,,,,,,,,,,,,,,,,,
3/2/2024 21:45,0,,,,,,,,,,,,,,,,,,,
3/2/2024 21:30,0,,,,,,,,,,,,,,,,,,,
3/2/2024 21:15,0,,,,,,,,,,,,,,,,,,,
3/2/2024 21:00,0,,,,,,,,,,,,,,,,,,,
3/2/2024 20:45,0,,,,,,,,,,,,,,,,,,,
3/2/2024 20:30,0,,,,,,,,,,,,,,,,,,,
3/2/2024 20:15,0,,,,,,,,,,,,,,,,,,,
3/2/2024 20:00,0,,,,,,,,,,,,,,,,,,,
3/2/2024 19:45,0,,,,,,,,,,,,,,,,,,,
3/2/2024 19:30,0,,,,,,,,,,,,,,,,,,,
3/2/2024 19:15,0,,,,,,,,,,,,,,,,,,,
3/2/2024 19:00,0,,,,,,,,,,,,,,,,,,,
3/2/2024 18:45,0,,,,,,,,,,,,,,,,,,,
3/2/2024 18:30,0,,,,,,,,,,,,,,,,,,,
3/2/2024 18:15,0,,,,,,,,,,,,,,,,,,,
3/2/2024 18:00,0,,,,,,,,,,,,,,,,,,,
3/2/2024 17:45,0,,,,,,,,,,,,,,,,,,,
3/2/2024 17:30,0,,,,,,,,,,,,,,,,,,,
3/2/2024 17:15,0,,,,,,,,,,,,,,,,,,,
3/2/2024 17:00,0,214,,,,,,,,,,,,,,,,,,
3/2/2024 16:45,0,,,,,,,,,,,,,,,,,,,
3/2/2024 16:30,0,,,,,,,,,,,,,,,,,,,
3/2/2024 16:15,0,,,,,,,,,,,,,,,,,,,
3/2/2024 16:00,0,,,,,,,,,,,,,,,,,,,
3/2/2024 15:45,0,,,,,,,,,,,,,,,,,,,
3/2/2024 15:30,0,,,,,,,,,,,,,,,,,,,
3/2/2024 15:15,0,,,,,,,,,,,,,,,,,,,
3/2/2024 15:00,0,,,,,,,,,,,,,,,,,,,
3/2/2024 14:45,0,,,,,,,,,,,,,,,,,,,
3/2/2024 14:30,0,,,,,,,,,,,,,,,,,,,
3/2/2024 14:15,0,,,,,,,,,,,,,,,,,,,
3/2/2024 14:00,0,,,,,,,,,,,,,,,,,,,
3/2/2024 13:45,0,,,,,,,,,,,,,,,,,,,
3/2/2024 13:30,0,,,,,,,,,,,,,,,,,,,
3/2/2024 13:15,0,,,,,,,,,,,,,,,,,,,
3/2/2024 13:00,0,,,,,,,,,,,,,,,,,,,
3/2/2024 12:45,0,,,,,,,,,,,,,,,,,,,
3/2/2024 12:30,0,,,,,,,,,,,,,,,,,,,
3/2/2024 12:15,0,,,,,,,,,,,,,,,,,,,
3/2/2024 12:00,0,,,,,,,,,,,,,,,,,,,
3/2/2024 11:45,0,,,,,,,,,,,,,,,,,,,
3/2/2024 11:30,0,,,,,,,,,,,,,,,,,,,
3/2/2024 11:15,0,,,,,,,,,,,,,,,,,,,
3/2/2024 11:00,0,,,,,,,,,,,,,,,,,,,
3/2/2024 10:45,0,,,,,,,,,,,,,,,,,,,
3/2/2024 10:30,0,,,,,,,,,,,,,,,,,,,
3/2/2024 10:15,0,,,,,,,,,,,,,,,,,,,
3/2/2024 10:00,0,,,,,,,,,,,,,,,,,,,
3/2/2024 9:45,0,,,,,,,,,,,,,,,,,,,
3/2/2024 9:30,0,,,,,,,,,,,,,,,,,,,
3/2/2024 9:15,0,,,,,,,,,,,,,,,,,,,
3/2/2024 9:00,0,,,,,,,,,,,,,,,,,,,
3/2/2024 8:45,0,,,,,,,,,,,,,,,,,,,
3/2/2024 8:30,0,,,,,,,,,,,,,,,,,,,
3/2/2024 8:15,0,,,,,,,,,,,,,,,,,,,
3/2/2024 8:00,0,,,,,,,,,,,,,,,,,,,
3/2/2024 7:45,0,,,,,,,,,,,,,,,,,,,
3/2/2024 7:30,0,,,,,,,,,,,,,,,,,,,
3/2/2024 7:15,0,,,,,,,,,,,,,,,,,,,
3/2/2024 7:00,0,193,,,,,,,,,,,,,,,,,,
3/2/2024 6:45,0,,,,,,,,,,,,,,,,,,,
3/2/2024 6:30,0,,,,,,,,,,,,,,,,,,,
3/2/2024 6:15,0,,,,,,,,,,,,,,,,,,,
3/2/2024 6:00,0,,,,,,,,,,,,,,,,,,,
3/2/2024 5:45,0,,,,,,,,,,,,,,,,,,,
3/2/2024 5:30,0,,,,,,,,,,,,,,,,,,,
3/2/2024 5:15,0,,,,,,,,,,,,,,,,,,,
3/2/2024 5:00,0,,,,,,,,,,,,,,,,,,,
3/2/2024 4:45,0,,,,,,,,,,,,,,,,,,,
3/2/2024 4:30,0,,,,,,,,,,,,,,,,,,,
3/2/2024 4:15,0,,,,,,,,,,,,,,,,,,,
3/2/2024 4:00,0,,,,,,,,,,,,,,,,,,,
3/2/2024 3:45,0,,,,,,,,,,,,,,,,,,,
3/2/2024 3:30,0,,,,,,,,,,,,,,,,,,,
3/2/2024 3:15,0,,,,,,,,,,,,,,,,,,,
3/2/2024 3:00,0,,,,,,,,,,,,,,,,,,,
3/2/2024 2:45,0,,,,,,,,,,,,,,,,,,,
3/2/2024 2:30,0,,,,,,,,,,,,,,,,,,,
3/2/2024 2:15,0,,,,,,,,,,,,,,,,,,,
3/2/2024 2:00,0,,,,,,,,,,,,,,,,,,,
3/2/2024 1:45,0,,,,,,,,,,,,,,,,,,,
3/2/2024 1:30,0,,,,,,,,,,,,,,,,,,,
3/2/2024 1:15,0,,,,,,,,,,,,,,,,,,,
3/2/2024 1:00,0,,,,,,,,,,,,,,,,,,,
3/2/2024 0:45,0,,,,,,,,,,,,,,,,,,,
3/2/2024 0:30,0,,,,,,,,,,,,,,,,,,,
3/2/2024 0:15,0,,,,,,,,,,,,,,,,,,,
3/2/2024 0:00,0,,,,,,,,,,,,,,,,,,,
2/2/2024 23:45,0,,,,,,,,,,,,,,,,,,,
2/2/2024 23:30,0,,,,,,,,,,,,,,,,,,,
2/2/2024 23:15,0,,,,,,,,,,,,,,,,,,,
2/2/2024 23:00,0,,,,,,,,,,,,,,,,,,,
2/2/2024 22:45,0,,,,,,,,,,,,,,,,,,,
2/2/2024 22:30,0,,,,,,,,,,,,,,,,,,,
2/2/2024 22:15,0,,,,,,,,,,,,,,,,,,,
2/2/2024 22:00,0,,,,,,,,,,,,,,,,,,,
2/2/2024 21:45,0,,,,,,,,,,,,,,,,,,,
2/2/2024 21:30,0,,,,,,,,,,,,,,,,,,,
2/2/2024 21:15,0,,,,,,,,,,,,,,,,,,,
2/2/2024 21:00,0,,,,,,,,,,,,,,,,,,,
2/2/2024 20:45,0,,,,,,,,,,,,,,,,,,,
2/2/2024 20:30,0,,,,,,,,,,,,,,,,,,,
2/2/2024 20:15,0,,,,,,,,,,,,,,,,,,,
2/2/2024 20:00,0,,,,,,,,,,,,,,,,,,,
2/2/2024 19:45,0,,,,,,,,,,,,,,,,,,,
2/2/2024 19:30,0,,,,,,,,,,,,,,,,,,,
2/2/2024 19:15,0,,,,,,,,,,,,,,,,,,,
2/2/2024 19:00,0,,,,,,,,,,,,,,,,,,,
2/2/2024 18:45,0,,,,,,,,,,,,,,,,,,,
2/2/2024 18:30,0,,,,,,,,,,,,,,,,,,,
2/2/2024 18:15,0,,,,,,,,,,,,,,,,,,,
2/2/2024 18:00,0,,,,,,,,,,,,,,,,,,,
2/2/2024 17:45,0,,,,,,,,,,,,,,,,,,,
2/2/2024 17:30,0,,,,,,,,,,,,,,,,,,,
2/2/2024 17:15,0,,,,,,,,,,,,,,,,,,,
2/2/2024 17:00,0,207,,,,,,,,,,,,,,,,,,
2/2/2024 16:45,0,,,,,,,,,,,,,,,,,,,
2/2/2024 16:30,0,,,,,,,,,,,,,,,,,,,
2/2/2024 16:15,0,,,,,,,,,,,,,,,,,,,
2/2/2024 16:00,0,,,,,,,,,,,,,,,,,,,
2/2/2024 15:45,0,,,,,,,,,,,,,,,,,,,
2/2/2024 15:30,0,,,,,,,,,,,,,,,,,,,
2/2/2024 15:15,0,,,,,,,,,,,,,,,,,,,
2/2/2024 15:00,0,,,,,,,,,,,,,,,,,,,
2/2/2024 14:45,0,,,,,,,,,,,,,,,,,,,
2/2/2024 14:30,0,,,,,,,,,,,,,,,,,,,
2/2/2024 14:15,0,,,,,,,,,,,,,,,,,,,
2/2/2024 14:00,0,,,,,,,,,,,,,,,,,,,
2/2/2024 13:45,0,,,,,,,,,,,,,,,,,,,
2/2/2024 13:30,0,,,,,,,,,,,,,,,,,,,
2/2/2024 13:15,0,,,,,,,,,,,,,,,,,,,
2/2/2024 13:00,0,,,,,,,,,,,,,,,,,,,
2/2/2024 12:45,0,,,,,,,,,,,,,,,,,,,
2/2/2024 12:30,0,,,,,,,,,,,,,,,,,,,
2/2/2024 12:15,0,,,,,,,,,,,,,,,,,,,
2/2/2024 12:00,0,,,,,,,,,,,,,,,,,,,
2/2/2024 11:45,0,,,,,,,,,,,,,,,,,,,
2/2/2024 11:30,0,,,,,,,,,,,,,,,,,,,
2/2/2024 11:15,0,,,,,,,,,,,,,,,,,,,
2/2/2024 11:00,0,,,,,,,,,,,,,,,,,,,
2/2/2024 10:45,0,,,,,,,,,,,,,,,,,,,
2/2/2024 10:30,0,,,,,,,,,,,,,,,,,,,
2/2/2024 10:15,0,,,,,,,,,,,,,,,,,,,
2/2/2024 10:00,0,,,,,,,,,,,,,,,,,,,
2/2/2024 9:45,0,,,,,,,,,,,,,,,,,,,
2/2/2024 9:30,0,,,,,,,,,,,,,,,,,,,
2/2/2024 9:15,0,,,,,,,,,,,,,,,,,,,
2/2/2024 9:00,0,,,,,,,,,,,,,,,,,,,
2/2/2024 8:45,0,,,,,,,,,,,,,,,,,,,
2/2/2024 8:30,0,,,,,,,,,,,,,,,,,,,
2/2/2024 8:15,0,,,,,,,,,,,,,,,,,,,
2/2/2024 8:00,0,,,,,,,,,,,,,,,,,,,
2/2/2024 7:45,0,,,,,,,,,,,,,,,,,,,
2/2/2024 7:30,0,,,,,,,,,,,,,,,,,,,
2/2/2024 7:15,0,,,,,,,,,,,,,,,,,,,
2/2/2024 7:00,0,202,,,,,,,,,,,,,,,,,,
2/2/2024 6:45,0,,,,,,,,,,,,,,,,,,,
2/2/2024 6:30,0,,,,,,,,,,,,,,,,,,,
2/2/2024 6:15,0,,,,,,,,,,,,,,,,,,,
2/2/2024 6:00,0,,,,,,,,,,,,,,,,,,,
2/2/2024 5:45,0,,,,,,,,,,,,,,,,,,,
2/2/2024 5:30,0,,,,,,,,,,,,,,,,,,,
2/2/2024 5:15,0,,,,,,,,,,,,,,,,,,,
2/2/2024 5:00,0,,,,,,,,,,,,,,,,,,,
2/2/2024 4:45,0,,,,,,,,,,,,,,,,,,,
2/2/2024 4:30,0,,,,,,,,,,,,,,,,,,,
2/2/2024 4:15,0,,,,,,,,,,,,,,,,,,,
2/2/2024 4:00,0,,,,,,,,,,,,,,,,,,,
2/2/2024 3:45,0,,,,,,,,,,,,,,,,,,,
2/2/2024 3:30,0,,,,,,,,,,,,,,,,,,,
2/2/2024 3:15,0,,,,,,,,,,,,,,,,,,,
2/2/2024 3:00,0,,,,,,,,,,,,,,,,,,,
2/2/2024 2:45,0,,,,,,,,,,,,,,,,,,,
2/2/2024 2:30,0,,,,,,,,,,,,,,,,,,,
2/2/2024 2:15,0,,,,,,,,,,,,,,,,,,,
2/2/2024 2:00,0,,,,,,,,,,,,,,,,,,,
2/2/2024 1:45,0,,,,,,,,,,,,,,,,,,,
2/2/2024 1:30,0,,,,,,,,,,,,,,,,,,,
2/2/2024 1:15,0,,,,,,,,,,,,,,,,,,,
2/2/2024 1:00,0,,,,,,,,,,,,,,,,,,,
2/2/2024 0:45,0,,,,,,,,,,,,,,,,,,,
2/2/2024 0:30,0,,,,,,,,,,,,,,,,,,,
2/2/2024 0:15,0,,,,,,,,,,,,,,,,,,,
2/2/2024 0:00,0,,,,,,,,,,,,,,,,,,,
1/2/2024 23:45,0,,,,,,,,,,,,,,,,,,,
1/2/2024 23:30,0,,,,,,,,,,,,,,,,,,,
1/2/2024 23:15,0,,,,,,,,,,,,,,,,,,,
1/2/2024 23:00,0,,,,,,,,,,,,,,,,,,,
1/2/2024 22:45,0,,,,,,,,,,,,,,,,,,,
1/2/2024 22:30,0,,,,,,,,,,,,,,,,,,,
1/2/2024 22:15,0,,,,,,,,,,,,,,,,,,,
1/2/2024 22:00,0,,,,,,,,,,,,,,,,,,,
1/2/2024 21:45,0,,,,,,,,,,,,,,,,,,,
1/2/2024 20:30,0,,,,,,,,,,,,,,,,,,,
1/2/2024 20:15,0,,,,,,,,,,,,,,,,,,,
1/2/2024 20:00,0,,,,,,,,,,,,,,,,,,,
1/2/2024 19:45,0,,,,,,,,,,,,,,,,,,,
1/2/2024 19:30,0,,,,,,,,,,,,,,,,,,,
1/2/2024 19:15,0,,,,,,,,,,,,,,,,,,,
1/2/2024 19:00,0,,,,,,,,,,,,,,,,,,,
1/2/2024 18:45,0,,,,,,,,,,,,,,,,,,,
1/2/2024 18:30,0,,,,,,,,,,,,,,,,,,,
1/2/2024 18:15,0,,,,,,,,,,,,,,,,,,,
1/2/2024 18:00,0,,,,,,,,,,,,,,,,,,,
1/2/2024 17:45,0,,,,,,,,,,,,,,,,,,,
1/2/2024 17:30,0,,,,,,,,,,,,,,,,,,,
1/2/2024 17:15,0,,,,,,,,,,,,,,,,,,,
1/2/2024 17:00,0,254,,,,,,,,,,,,,,,,,,
1/2/2024 16:45,0,,,,,,,,,,,,,,,,,,,
1/2/2024 16:30,0,,,,,,,,,,,,,,,,,,,
1/2/2024 16:15,0,,,,,,,,,,,,,,,,,,,
1/2/2024 16:00,0,,,,,,,,,,,,,,,,,,,
1/2/2024 15:45,0,,,,,,,,,,,,,,,,,,,
1/2/2024 15:30,0,,,,,,,,,,,,,,,,,,,
1/2/2024 15:15,0,,,,,,,,,,,,,,,,,,,
1/2/2024 15:00,0,,,,,,,,,,,,,,,,,,,
1/2/2024 14:45,0,,,,,,,,,,,,,,,,,,,
1/2/2024 14:30,0,,,,,,,,,,,,,,,,,,,
1/2/2024 14:15,0,,,,,,,,,,,,,,,,,,,
1/2/2024 14:00,0,,,,,,,,,,,,,,,,,,,
1/2/2024 13:45,0,,,,,,,,,,,,,,,,,,,
1/2/2024 13:30,0,,,,,,,,,,,,,,,,,,,
1/2/2024 13:15,0,,,,,,,,,,,,,,,,,,,
1/2/2024 13:00,0,,,,,,,,,,,,,,,,,,,
1/2/2024 12:45,0,,,,,,,,,,,,,,,,,,,
1/2/2024 12:30,0,,,,,,,,,,,,,,,,,,,
1/2/2024 12:15,0,,,,,,,,,,,,,,,,,,,
1/2/2024 12:00,0,,,,,,,,,,,,,,,,,,,
1/2/2024 11:45,0,,,,,,,,,,,,,,,,,,,
1/2/2024 11:30,0,,,,,,,,,,,,,,,,,,,
1/2/2024 11:15,0,,,,,,,,,,,,,,,,,,,
1/2/2024 11:00,0,,,,,,,,,,,,,,,,,,,
1/2/2024 10:45,0,,,,,,,,,,,,,,,,,,,
1/2/2024 10:30,0,,,,,,,,,,,,,,,,,,,
1/2/2024 10:15,0,,,,,,,,,,,,,,,,,,,
1/2/2024 10:00,0,,,,,,,,,,,,,,,,,,,
1/2/2024 9:45,0,,,,,,,,,,,,,,,,,,,
1/2/2024 9:30,0,,,,,,,,,,,,,,,,,,,
1/2/2024 9:15,0,,,,,,,,,,,,,,,,,,,
1/2/2024 9:00,0,,,,,,,,,,,,,,,,,,,
1/2/2024 8:45,0,,,,,,,,,,,,,,,,,,,
1/2/2024 8:30,0,,,,,,,,,,,,,,,,,,,
1/2/2024 8:15,0,,,,,,,,,,,,,,,,,,,
1/2/2024 8:00,0,,,,,,,,,,,,,,,,,,,
1/2/2024 7:45,0,,,,,,,,,,,,,,,,,,,
1/2/2024 7:30,0,,,,,,,,,,,,,,,,,,,
1/2/2024 7:15,0,,,,,,,,,,,,,,,,,,,
1/2/2024 7:00,0,230,,,,,,,,,,,,,,,,,,
1/2/2024 6:45,0,,,,,,,,,,,,,,,,,,,
1/2/2024 6:30,0,,,,,,,,,,,,,,,,,,,
1/2/2024 6:15,0,,,,,,,,,,,,,,,,,,,
1/2/2024 6:00,0,,,,,,,,,,,,,,,,,,,
1/2/2024 5:45,0,,,,,,,,,,,,,,,,,,,
1/2/2024 5:30,0,,,,,,,,,,,,,,,,,,,
1/2/2024 5:15,0,,,,,,,,,,,,,,,,,,,
1/2/2024 5:00,0,,,,,,,,,,,,,,,,,,,
1/2/2024 4:45,0,,,,,,,,,,,,,,,,,,,
1/2/2024 4:30,0,,,,,,,,,,,,,,,,,,,
1/2/2024 4:15,0,,,,,,,,,,,,,,,,,,,
1/2/2024 4:00,0,,,,,,,,,,,,,,,,,,,
1/2/2024 3:45,0,,,,,,,,,,,,,,,,,,,
1/2/2024 3:30,0,,,,,,,,,,,,,,,,,,,
1/2/2024 3:15,0,,,,,,,,,,,,,,,,,,,
1/2/2024 3:00,0,,,,,,,,,,,,,,,,,,,
1/2/2024 2:45,0,,,,,,,,,,,,,,,,,,,
1/2/2024 2:30,0,,,,,,,,,,,,,,,,,,,
1/2/2024 2:15,0,,,,,,,,,,,,,,,,,,,
1/2/2024 2:00,0,,,,,,,,,,,,,,,,,,,
1/2/2024 1:45,0,,,,,,,,,,,,,,,,,,,
1/2/2024 1:30,0,,,,,,,,,,,,,,,,,,,
1/2/2024 1:15,0,,,,,,,,,,,,,,,,,,,
1/2/2024 1:00,0,,,,,,,,,,,,,,,,,,,
1/2/2024 0:45,0,,,,,,,,,,,,,,,,,,,
1/2/2024 0:30,0,,,,,,,,,,,,,,,,,,,
1/2/2024 0:15,0,,,,,,,,,,,,,,,,,,,
1/2/2024 0:00,0,,,,,,,,,,,,,,,,,,,
31/01/2024 23:45:00,0,,,,,,,,,,,,,,,,,,,
31/01/2024 23:30:00,0,,,,,,,,,,,,,,,,,,,
31/01/2024 23:15:00,0,,,,,,,,,,,,,,,,,,,
31/01/2024 23:00:00,0,,,,,,,,,,,,,,,,,,,
31/01/2024 22:45:00,0,,,,,,,,,,,,,,,,,,,
31/01/2024 22:30:00,0,,,,,,,,,,,,,,,,,,,
31/01/2024 22:15:00,0,,,,,,,,,,,,,,,,,,,
31/01/2024 22:00:00,0,,,,,,,,,,,,,,,,,,,
31/01/2024 21:45:00,0,,,,,,,,,,,,,,,,,,,
31/01/2024 21:30:00,0,,,,,,,,,,,,,,,,,,,
31/01/2024 21:15:00,0,,,,,,,,,,,,,,,,,,,
31/01/2024 21:00:00,0,,,,,,,,,,,,,,,,,,,
31/01/2024 20:45:00,0,,,,,,,,,,,,,,,,,,,
31/01/2024 20:30:00,0,,,,,,,,,,,,,,,,,,,
31/01/2024 20:15:00,0,,,,,,,,,,,,,,,,,,,
31/01/2024 20:00:00,0,,,,,,,,,,,,,,,,,,,
31/01/2024 19:45:00,0,,,,,,,,,,,,,,,,,,,
31/01/2024 19:30:00,0,,,,,,,,,,,,,,,,,,,
31/01/2024 19:15:00,0,,,,,,,,,,,,,,,,,,,
31/01/2024 19:00:00,0,,,,,,,,,,,,,,,,,,,
31/01/2024 18:45:00,0,,,,,,,,,,,,,,,,,,,
31/01/2024 18:30:00,0,,,,,,,,,,,,,,,,,,,
31/01/2024 18:15:00,0,,,,,,,,,,,,,,,,,,,
31/01/2024 18:00:00,0,,,,,,,,,,,,,,,,,,,
31/01/2024 17:45:00,0,,,,,,,,,,,,,,,,,,,
31/01/2024 17:30:00,0,,,,,,,,,,,,,,,,,,,
31/01/2024 17:15:00,0,,,,,,,,,,,,,,,,,,,
31/01/2024 17:00:00,0,248,,,,,,,,,,,,,,,,,,
31/01/2024 16:45:00,0,,,,,,,,,,,,,,,,,,,
31/01/2024 16:30:00,0,,,,,,,,,,,,,,,,,,,
31/01/2024 16:15:00,0,,,,,,,,,,,,,,,,,,,
31/01/2024 16:00:00,0,,,,,,,,,,,,,,,,,,,
31/01/2024 15:45:00,0,,,,,,,,,,,,,,,,,,,
31/01/2024 15:30:00,0,,,,,,,,,,,,,,,,,,,
31/01/2024 15:15:00,0,,,,,,,,,,,,,,,,,,,
31/01/2024 15:00:00,0,,,,,,,,,,,,,,,,,,,
31/01/2024 14:45:00,0,,,,,,,,,,,,,,,,,,,
31/01/2024 14:30:00,0,,,,,,,,,,,,,,,,,,,
31/01/2024 14:15:00,0,,,,,,,,,,,,,,,,,,,
31/01/2024 14:00:00,0,,,,,,,,,,,,,,,,,,,
31/01/2024 13:45:00,0,,,,,,,,,,,,,,,,,,,
31/01/2024 13:30:00,0,,,,,,,,,,,,,,,,,,,
31/01/2024 13:15:00,0,,,,,,,,,,,,,,,,,,,
31/01/2024 13:00:00,0,,,,,,,,,,,,,,,,,,,
31/01/2024 12:45:00,0,,,,,,,,,,,,,,,,,,,
31/01/2024 12:30:00,0,,,,,,,,,,,,,,,,,,,
31/01/2024 12:15:00,0,,,,,,,,,,,,,,,,,,,
31/01/2024 12:00:00,0,,,,,,,,,,,,,,,,,,,
31/01/2024 11:45:00,0,,,,,,,,,,,,,,,,,,,
31/01/2024 11:30:00,0,,,,,,,,,,,,,,,,,,,
31/01/2024 11:15:00,0,,,,,,,,,,,,,,,,,,,
31/01/2024 11:00:00,0,,,,,,,,,,,,,,,,,,,
31/01/2024 10:45:00,0,,,,,,,,,,,,,,,,,,,
31/01/2024 10:30:00,0,,,,,,,,,,,,,,,,,,,
31/01/2024 10:15:00,0,,,,,,,,,,,,,,,,,,,
31/01/2024 10:00:00,0,,,,,,,,,,,,,,,,,,,
31/01/2024 09:45:00,0,,,,,,,,,,,,,,,,,,,
31/01/2024 09:30:00,0,,,,,,,,,,,,,,,,,,,
31/01/2024 09:15:00,0,,,,,,,,,,,,,,,,,,,
31/01/2024 09:00:00,0,,,,,,,,,,,,,,,,,,,
31/01/2024 08:45:00,0,,,,,,,,,,,,,,,,,,,
31/01/2024 08:30:00,0,,,,,,,,,,,,,,,,,,,
31/01/2024 08:15:00,0,,,,,,,,,,,,,,,,,,,
31/01/2024 08:00:00,0,,,,,,,,,,,,,,,,,,,
31/01/2024 07:45:00,0,,,,,,,,,,,,,,,,,,,
31/01/2024 07:30:00,0,,,,,,,,,,,,,,,,,,,
31/01/2024 07:15:00,0,,,,,,,,,,,,,,,,,,,
31/01/2024 07:00:00,0,237,,,,,,,,,,,,,,,,,,
31/01/2024 06:45:00,0,,,,,,,,,,,,,,,,,,,
31/01/2024 06:30:00,0,,,,,,,,,,,,,,,,,,,
31/01/2024 06:15:00,0,,,,,,,,,,,,,,,,,,,
31/01/2024 06:00:00,0,,,,,,,,,,,,,,,,,,,
31/01/2024 05:45:00,0,,,,,,,,,,,,,,,,,,,
31/01/2024 05:30:00,0,,,,,,,,,,,,,,,,,,,
31/01/2024 05:15:00,0,,,,,,,,,,,,,,,,,,,
31/01/2024 05:00:00,0,,,,,,,,,,,,,,,,,,,
31/01/2024 04:45:00,0,,,,,,,,,,,,,,,,,,,
31/01/2024 04:30:00,0,,,,,,,,,,,,,,,,,,,
31/01/2024 04:15:00,0,,,,,,,,,,,,,,,,,,,
31/01/2024 04:00:00,0,,,,,,,,,,,,,,,,,,,
31/01/2024 03:45:00,0,,,,,,,,,,,,,,,,,,,
31/01/2024 03:30:00,0,,,,,,,,,,,,,,,,,,,
31/01/2024 03:15:00,0,,,,,,,,,,,,,,,,,,,
31/01/2024 03:00:00,0,,,,,,,,,,,,,,,,,,,
31/01/2024 02:45:00,0,,,,,,,,,,,,,,,,,,,
31/01/2024 02:30:00,0,,,,,,,,,,,,,,,,,,,
31/01/2024 02:15:00,0,,,,,,,,,,,,,,,,,,,
31/01/2024 02:00:00,0,,,,,,,,,,,,,,,,,,,
31/01/2024 01:45:00,0,,,,,,,,,,,,,,,,,,,
31/01/2024 01:30:00,0,,,,,,,,,,,,,,,,,,,
31/01/2024 01:15:00,0,,,,,,,,,,,,,,,,,,,
31/01/2024 01:00:00,0,,,,,,,,,,,,,,,,,,,
31/01/2024 00:45:00,0,,,,,,,,,,,,,,,,,,,
31/01/2024 00:30:00,0,,,,,,,,,,,,,,,,,,,
31/01/2024 00:15:00,0,,,,,,,,,,,,,,,,,,,
31/01/2024 00:00:00,0,,,,,,,,,,,,,,,,,,,
30/01/2024 23:45:00,0,,,,,,,,,,,,,,,,,,,
30/01/2024 23:30:00,0,,,,,,,,,,,,,,,,,,,
30/01/2024 23:15:00,0,,,,,,,,,,,,,,,,,,,
30/01/2024 23:00:00,0,,,,,,,,,,,,,,,,,,,
30/01/2024 22:45:00,0,,,,,,,,,,,,,,,,,,,
30/01/2024 22:30:00,0,,,,,,,,,,,,,,,,,,,
30/01/2024 22:15:00,0,,,,,,,,,,,,,,,,,,,
30/01/2024 22:00:00,0,,,,,,,,,,,,,,,,,,,
30/01/2024 21:45:00,0,,,,,,,,,,,,,,,,,,,
30/01/2024 21:30:00,0,,,,,,,,,,,,,,,,,,,
30/01/2024 21:15:00,0,,,,,,,,,,,,,,,,,,,
30/01/2024 21:00:00,0,,,,,,,,,,,,,,,,,,,
30/01/2024 20:45:00,0,,,,,,,,,,,,,,,,,,,
30/01/2024 20:30:00,0,,,,,,,,,,,,,,,,,,,
30/01/2024 20:15:00,0,,,,,,,,,,,,,,,,,,,
30/01/2024 20:00:00,0,,,,,,,,,,,,,,,,,,,
30/01/2024 19:45:00,0,,,,,,,,,,,,,,,,,,,
30/01/2024 19:30:00,0,,,,,,,,,,,,,,,,,,,
30/01/2024 19:15:00,0,,,,,,,,,,,,,,,,,,,
30/01/2024 19:00:00,0,,,,,,,,,,,,,,,,,,,
30/01/2024 18:45:00,0,,,,,,,,,,,,,,,,,,,
30/01/2024 18:30:00,0,,,,,,,,,,,,,,,,,,,
30/01/2024 18:15:00,0,,,,,,,,,,,,,,,,,,,
30/01/2024 18:00:00,0,,,,,,,,,,,,,,,,,,,
30/01/2024 17:45:00,0,,,,,,,,,,,,,,,,,,,
30/01/2024 17:30:00,0,,,,,,,,,,,,,,,,,,,
30/01/2024 17:15:00,0,,,,,,,,,,,,,,,,,,,
30/01/2024 17:00:00,0,260,,,,,,,,,,,,,,,,,,
30/01/2024 16:45:00,0,,,,,,,,,,,,,,,,,,,
30/01/2024 16:30:00,0,,,,,,,,,,,,,,,,,,,
30/01/2024 16:15:00,0,,,,,,,,,,,,,,,,,,,
30/01/2024 16:00:00,0,,,,,,,,,,,,,,,,,,,
30/01/2024 15:45:00,0,,,,,,,,,,,,,,,,,,,
30/01/2024 15:30:00,0,,,,,,,,,,,,,,,,,,,
30/01/2024 15:15:00,0,,,,,,,,,,,,,,,,,,,
30/01/2024 15:00:00,0,,,,,,,,,,,,,,,,,,,
30/01/2024 14:45:00,0,,,,,,,,,,,,,,,,,,,
30/01/2024 14:30:00,0,,,,,,,,,,,,,,,,,,,
30/01/2024 14:15:00,0,,,,,,,,,,,,,,,,,,,
30/01/2024 14:00:00,0,,,,,,,,,,,,,,,,,,,
30/01/2024 13:45:00,0,,,,,,,,,,,,,,,,,,,
30/01/2024 13:30:00,0,,,,,,,,,,,,,,,,,,,
30/01/2024 13:15:00,0,,,,,,,,,,,,,,,,,,,
30/01/2024 13:00:00,0,,,,,,,,,,,,,,,,,,,
30/01/2024 12:45:00,0,,,,,,,,,,,,,,,,,,,
30/01/2024 12:30:00,0,,,,,,,,,,,,,,,,,,,
30/01/2024 12:15:00,0,,,,,,,,,,,,,,,,,,,
30/01/2024 12:00:00,0,,,,,,,,,,,,,,,,,,,
30/01/2024 11:45:00,0,,,,,,,,,,,,,,,,,,,
30/01/2024 11:30:00,0,,,,,,,,,,,,,,,,,,,
30/01/2024 11:15:00,0,,,,,,,,,,,,,,,,,,,
30/01/2024 11:00:00,0,,,,,,,,,,,,,,,,,,,
30/01/2024 10:45:00,0,,,,,,,,,,,,,,,,,,,
30/01/2024 10:30:00,0,,,,,,,,,,,,,,,,,,,
30/01/2024 10:15:00,0,,,,,,,,,,,,,,,,,,,
30/01/2024 10:00:00,0,,,,,,,,,,,,,,,,,,,
30/01/2024 09:45:00,0,,,,,,,,,,,,,,,,,,,
30/01/2024 09:30:00,0,,,,,,,,,,,,,,,,,,,
30/01/2024 09:15:00,0,,,,,,,,,,,,,,,,,,,
30/01/2024 09:00:00,0,,,,,,,,,,,,,,,,,,,
30/01/2024 08:45:00,0,,,,,,,,,,,,,,,,,,,
30/01/2024 08:30:00,0,,,,,,,,,,,,,,,,,,,
30/01/2024 08:15:00,0,,,,,,,,,,,,,,,,,,,
30/01/2024 08:00:00,0,,,,,,,,,,,,,,,,,,,
30/01/2024 07:45:00,0,,,,,,,,,,,,,,,,,,,
30/01/2024 07:30:00,0,,,,,,,,,,,,,,,,,,,
30/01/2024 07:15:00,0,,,,,,,,,,,,,,,,,,,
30/01/2024 07:00:00,0,268,,,,,,,,,,,,,,,,,,
30/01/2024 06:45:00,0,,,,,,,,,,,,,,,,,,,
30/01/2024 06:30:00,0,,,,,,,,,,,,,,,,,,,
30/01/2024 06:15:00,0,,,,,,,,,,,,,,,,,,,
30/01/2024 06:00:00,0,,,,,,,,,,,,,,,,,,,
30/01/2024 05:45:00,0,,,,,,,,,,,,,,,,,,,
30/01/2024 05:30:00,0,,,,,,,,,,,,,,,,,,,
30/01/2024 05:15:00,0,,,,,,,,,,,,,,,,,,,
30/01/2024 05:00:00,0,,,,,,,,,,,,,,,,,,,
30/01/2024 04:45:00,0,,,,,,,,,,,,,,,,,,,
30/01/2024 04:30:00,0,,,,,,,,,,,,,,,,,,,
30/01/2024 04:15:00,0,,,,,,,,,,,,,,,,,,,
30/01/2024 04:00:00,0,,,,,,,,,,,,,,,,,,,
30/01/2024 03:45:00,0,,,,,,,,,,,,,,,,,,,
30/01/2024 03:30:00,0,,,,,,,,,,,,,,,,,,,
30/01/2024 03:15:00,0,,,,,,,,,,,,,,,,,,,
30/01/2024 03:00:00,0,,,,,,,,,,,,,,,,,,,
30/01/2024 02:45:00,0,,,,,,,,,,,,,,,,,,,
30/01/2024 02:30:00,0,,,,,,,,,,,,,,,,,,,
30/01/2024 02:15:00,0,,,,,,,,,,,,,,,,,,,
30/01/2024 02:00:00,0,,,,,,,,,,,,,,,,,,,
30/01/2024 01:45:00,0,,,,,,,,,,,,,,,,,,,
30/01/2024 01:30:00,0,,,,,,,,,,,,,,,,,,,
30/01/2024 01:15:00,0,,,,,,,,,,,,,,,,,,,
30/01/2024 01:00:00,0,,,,,,,,,,,,,,,,,,,
30/01/2024 00:45:00,0,,,,,,,,,,,,,,,,,,,
30/01/2024 00:30:00,0,,,,,,,,,,,,,,,,,,,
30/01/2024 00:15:00,0,,,,,,,,,,,,,,,,,,,
30/01/2024 00:00:00,0,,,,,,,,,,,,,,,,,,,
29/01/2024 23:45:00,0,,,,,,,,,,,,,,,,,,,
29/01/2024 23:30:00,0,,,,,,,,,,,,,,,,,,,
29/01/2024 23:15:00,0,,,,,,,,,,,,,,,,,,,
29/01/2024 23:00:00,0,,,,,,,,,,,,,,,,,,,
29/01/2024 22:45:00,0,,,,,,,,,,,,,,,,,,,
29/01/2024 21:30:00,0,,,,,,,,,,,,,,,,,,,
29/01/2024 21:15:00,0,,,,,,,,,,,,,,,,,,,
29/01/2024 21:00:00,0,,,,,,,,,,,,,,,,,,,
29/01/2024 20:45:00,0,,,,,,,,,,,,,,,,,,,
29/01/2024 20:30:00,0,,,,,,,,,,,,,,,,,,,
29/01/2024 20:15:00,0,,,,,,,,,,,,,,,,,,,
29/01/2024 20:00:00,0,,,,,,,,,,,,,,,,,,,
29/01/2024 19:45:00,0,,,,,,,,,,,,,,,,,,,
29/01/2024 19:30:00,0,,,,,,,,,,,,,,,,,,,
29/01/2024 19:15:00,0,,,,,,,,,,,,,,,,,,,
29/01/2024 19:00:00,0,,,,,,,,,,,,,,,,,,,
29/01/2024 18:45:00,0,,,,,,,,,,,,,,,,,,,
29/01/2024 18:30:00,0,,,,,,,,,,,,,,,,,,,
29/01/2024 18:15:00,0,,,,,,,,,,,,,,,,,,,
29/01/2024 18:00:00,0,,,,,,,,,,,,,,,,,,,
29/01/2024 17:45:00,0,,,,,,,,,,,,,,,,,,,
29/01/2024 17:30:00,0,,,,,,,,,,,,,,,,,,,
29/01/2024 17:15:00,0,,,,,,,,,,,,,,,,,,,
29/01/2024 17:00:00,0,294,,,,,,,,,,,,,,,,,,
29/01/2024 16:45:00,0,,,,,,,,,,,,,,,,,,,
29/01/2024 16:30:00,0,,,,,,,,,,,,,,,,,,,
29/01/2024 16:15:00,0,,,,,,,,,,,,,,,,,,,
29/01/2024 16:00:00,0,,,,,,,,,,,,,,,,,,,
29/01/2024 15:45:00,0,,,,,,,,,,,,,,,,,,,
29/01/2024 15:30:00,0,,,,,,,,,,,,,,,,,,,
29/01/2024 15:15:00,0,,,,,,,,,,,,,,,,,,,
29/01/2024 15:00:00,0,,,,,,,,,,,,,,,,,,,
29/01/2024 14:45:00,0,,,,,,,,,,,,,,,,,,,
29/01/2024 14:30:00,0,,,,,,,,,,,,,,,,,,,
29/01/2024 14:15:00,0,,,,,,,,,,,,,,,,,,,
29/01/2024 14:00:00,0,,,,,,,,,,,,,,,,,,,
29/01/2024 13:45:00,0,,,,,,,,,,,,,,,,,,,
29/01/2024 13:30:00,0,,,,,,,,,,,,,,,,,,,
29/01/2024 13:15:00,0,,,,,,,,,,,,,,,,,,,
29/01/2024 13:00:00,0,,,,,,,,,,,,,,,,,,,
29/01/2024 12:45:00,0,,,,,,,,,,,,,,,,,,,
29/01/2024 12:30:00,0,,,,,,,,,,,,,,,,,,,
29/01/2024 12:15:00,0,,,,,,,,,,,,,,,,,,,
29/01/2024 12:00:00,0,,,,,,,,,,,,,,,,,,,
29/01/2024 11:45:00,0,,,,,,,,,,,,,,,,,,,
29/01/2024 11:30:00,0,,,,,,,,,,,,,,,,,,,
29/01/2024 11:15:00,0,,,,,,,,,,,,,,,,,,,
29/01/2024 11:00:00,0.2,,,,,,,,,,,,,,,,,,,
29/01/2024 10:45:00,0,,,,,,,,,,,,,,,,,,,
29/01/2024 10:30:00,0,,,,,,,,,,,,,,,,,,,
29/01/2024 10:15:00,0,,,,,,,,,,,,,,,,,,,
29/01/2024 10:00:00,0,,,,,,,,,,,,,,,,,,,
29/01/2024 09:45:00,0,,,,,,,,,,,,,,,,,,,
29/01/2024 09:30:00,0,,,,,,,,,,,,,,,,,,,
29/01/2024 09:15:00,0,,,,,,,,,,,,,,,,,,,
29/01/2024 09:00:00,0,,,,,,,,,,,,,,,,,,,
29/01/2024 08:45:00,0,,,,,,,,,,,,,,,,,,,
29/01/2024 08:30:00,0,,,,,,,,,,,,,,,,,,,
29/01/2024 08:15:00,0,,,,,,,,,,,,,,,,,,,
29/01/2024 08:00:00,0,,,,,,,,,,,,,,,,,,,
29/01/2024 07:45:00,0,,,,,,,,,,,,,,,,,,,
29/01/2024 07:30:00,0,,,,,,,,,,,,,,,,,,,
29/01/2024 07:15:00,0,,,,,,,,,,,,,,,,,,,
29/01/2024 07:00:00,0,,,,,,,,,,,,,,,,,,,
29/01/2024 06:45:00,0,,,,,,,,,,,,,,,,,,,
29/01/2024 06:30:00,0,,,,,,,,,,,,,,,,,,,
29/01/2024 06:15:00,0,,,,,,,,,,,,,,,,,,,
29/01/2024 06:00:00,0,,,,,,,,,,,,,,,,,,,
29/01/2024 05:45:00,0,,,,,,,,,,,,,,,,,,,
29/01/2024 05:30:00,0,,,,,,,,,,,,,,,,,,,
29/01/2024 05:15:00,0,,,,,,,,,,,,,,,,,,,
29/01/2024 05:00:00,0,,,,,,,,,,,,,,,,,,,
29/01/2024 04:45:00,0,,,,,,,,,,,,,,,,,,,
29/01/2024 04:30:00,0,,,,,,,,,,,,,,,,,,,
29/01/2024 04:15:00,0,,,,,,,,,,,,,,,,,,,
29/01/2024 04:00:00,0,,,,,,,,,,,,,,,,,,,
29/01/2024 03:45:00,0,,,,,,,,,,,,,,,,,,,
29/01/2024 03:30:00,0,,,,,,,,,,,,,,,,,,,
29/01/2024 03:15:00,0,,,,,,,,,,,,,,,,,,,
29/01/2024 03:00:00,0,,,,,,,,,,,,,,,,,,,
29/01/2024 02:45:00,0,,,,,,,,,,,,,,,,,,,
29/01/2024 02:30:00,0,,,,,,,,,,,,,,,,,,,
29/01/2024 02:15:00,0,,,,,,,,,,,,,,,,,,,
29/01/2024 02:00:00,0,,,,,,,,,,,,,,,,,,,
29/01/2024 01:45:00,0,,,,,,,,,,,,,,,,,,,
29/01/2024 01:30:00,0,,,,,,,,,,,,,,,,,,,
29/01/2024 01:15:00,0,,,,,,,,,,,,,,,,,,,
29/01/2024 01:00:00,0,,,,,,,,,,,,,,,,,,,
29/01/2024 00:45:00,0,,,,,,,,,,,,,,,,,,,
29/01/2024 00:30:00,0,,,,,,,,,,,,,,,,,,,
29/01/2024 00:15:00,0,,,,,,,,,,,,,,,,,,,
29/01/2024 00:00:00,0,,,,,,,,,,,,,,,,,,,
28/01/2024 23:45:00,0,,,,,,,,,,,,,,,,,,,
28/01/2024 23:30:00,0,,,,,,,,,,,,,,,,,,,
28/01/2024 23:15:00,0,,,,,,,,,,,,,,,,,,,
28/01/2024 23:00:00,0,,,,,,,,,,,,,,,,,,,
28/01/2024 22:45:00,0,,,,,,,,,,,,,,,,,,,
28/01/2024 22:30:00,0,,,,,,,,,,,,,,,,,,,
28/01/2024 22:15:00,0,,,,,,,,,,,,,,,,,,,
28/01/2024 22:00:00,0,,,,,,,,,,,,,,,,,,,
28/01/2024 21:45:00,0.2,,,,,,,,,,,,,,,,,,,
28/01/2024 20:30:00,0,,,,,,,,,,,,,,,,,,,
28/01/2024 20:15:00,0.2,,,,,,,,,,,,,,,,,,,
28/01/2024 20:00:00,0,,,,,,,,,,,,,,,,,,,
28/01/2024 19:45:00,0,,,,,,,,,,,,,,,,,,,
28/01/2024 19:30:00,0,,,,,,,,,,,,,,,,,,,
28/01/2024 19:15:00,0,,,,,,,,,,,,,,,,,,,
28/01/2024 19:00:00,0,,,,,,,,,,,,,,,,,,,
28/01/2024 18:45:00,0,,,,,,,,,,,,,,,,,,,
28/01/2024 18:30:00,0,,,,,,,,,,,,,,,,,,,
28/01/2024 18:15:00,0,,,,,,,,,,,,,,,,,,,
28/01/2024 18:00:00,1.4,,,,,,,,,,,,,,,,,,,
28/01/2024 17:45:00,0,,,,,,,,,,,,,,,,,,,
28/01/2024 17:30:00,0,,,,,,,,,,,,,,,,,,,
28/01/2024 17:15:00,0,,,,,,,,,,,,,,,,,,,
28/01/2024 17:00:00,0,,,,,,,,,,,,,,,,,,,
28/01/2024 16:45:00,0,,,,,,,,,,,,,,,,,,,
28/01/2024 16:30:00,0,,,,,,,,,,,,,,,,,,,
28/01/2024 16:15:00,0,,,,,,,,,,,,,,,,,,,
28/01/2024 16:00:00,0,,,,,,,,,,,,,,,,,,,
28/01/2024 15:45:00,0,,,,,,,,,,,,,,,,,,,
28/01/2024 15:30:00,0,,,,,,,,,,,,,,,,,,,
28/01/2024 15:15:00,0,,,,,,,,,,,,,,,,,,,
28/01/2024 15:00:00,0,,,,,,,,,,,,,,,,,,,
28/01/2024 14:45:00,0,,,,,,,,,,,,,,,,,,,
28/01/2024 14:30:00,0,,,,,,,,,,,,,,,,,,,
28/01/2024 14:15:00,0,,,,,,,,,,,,,,,,,,,
28/01/2024 14:00:00,0,,,,,,,,,,,,,,,,,,,
28/01/2024 13:45:00,0,,,,,,,,,,,,,,,,,,,
28/01/2024 13:30:00,0,,,,,,,,,,,,,,,,,,,
28/01/2024 13:15:00,0,,,,,,,,,,,,,,,,,,,
28/01/2024 13:00:00,0,,,,,,,,,,,,,,,,,,,
28/01/2024 12:45:00,0,,,,,,,,,,,,,,,,,,,
28/01/2024 12:30:00,0,,,,,,,,,,,,,,,,,,,
28/01/2024 12:15:00,0,,,,,,,,,,,,,,,,,,,
28/01/2024 12:00:00,0,,,,,,,,,,,,,,,,,,,
28/01/2024 11:45:00,0,,,,,,,,,,,,,,,,,,,
28/01/2024 11:30:00,0,,,,,,,,,,,,,,,,,,,
28/01/2024 11:15:00,0,,,,,,,,,,,,,,,,,,,
28/01/2024 11:00:00,0,,,,,,,,,,,,,,,,,,,
28/01/2024 10:45:00,0,,,,,,,,,,,,,,,,,,,
28/01/2024 10:30:00,0,,,,,,,,,,,,,,,,,,,
28/01/2024 10:15:00,0,,,,,,,,,,,,,,,,,,,
28/01/2024 10:00:00,0,,,,,,,,,,,,,,,,,,,
28/01/2024 09:45:00,0,,,,,,,,,,,,,,,,,,,
28/01/2024 09:30:00,0,,,,,,,,,,,,,,,,,,,
28/01/2024 09:15:00,0,,,,,,,,,,,,,,,,,,,
28/01/2024 09:00:00,0,,,,,,,,,,,,,,,,,,,
28/01/2024 08:45:00,0,,,,,,,,,,,,,,,,,,,
28/01/2024 08:30:00,0,,,,,,,,,,,,,,,,,,,
28/01/2024 08:15:00,0,,,,,,,,,,,,,,,,,,,
28/01/2024 08:00:00,0,,,,,,,,,,,,,,,,,,,
28/01/2024 07:45:00,0,,,,,,,,,,,,,,,,,,,
28/01/2024 07:30:00,0,,,,,,,,,,,,,,,,,,,
28/01/2024 07:15:00,0,,,,,,,,,,,,,,,,,,,
28/01/2024 07:00:00,0,,,,,,,,,,,,,,,,,,,
28/01/2024 06:45:00,0,,,,,,,,,,,,,,,,,,,
28/01/2024 06:30:00,0,,,,,,,,,,,,,,,,,,,
28/01/2024 06:15:00,0,,,,,,,,,,,,,,,,,,,
28/01/2024 06:00:00,0,,,,,,,,,,,,,,,,,,,
28/01/2024 05:45:00,0,,,,,,,,,,,,,,,,,,,
28/01/2024 05:30:00,0,,,,,,,,,,,,,,,,,,,
28/01/2024 05:15:00,0,,,,,,,,,,,,,,,,,,,
28/01/2024 05:00:00,0,,,,,,,,,,,,,,,,,,,
28/01/2024 04:45:00,0,,,,,,,,,,,,,,,,,,,
28/01/2024 04:30:00,0,,,,,,,,,,,,,,,,,,,
28/01/2024 04:15:00,0,,,,,,,,,,,,,,,,,,,
28/01/2024 04:00:00,0,,,,,,,,,,,,,,,,,,,
28/01/2024 03:45:00,0,,,,,,,,,,,,,,,,,,,
28/01/2024 03:30:00,0,,,,,,,,,,,,,,,,,,,
28/01/2024 03:15:00,0,,,,,,,,,,,,,,,,,,,
28/01/2024 03:00:00,0,,,,,,,,,,,,,,,,,,,
28/01/2024 02:45:00,0,,,,,,,,,,,,,,,,,,,
28/01/2024 02:30:00,0,,,,,,,,,,,,,,,,,,,
28/01/2024 02:15:00,0,,,,,,,,,,,,,,,,,,,
28/01/2024 02:00:00,0,,,,,,,,,,,,,,,,,,,
28/01/2024 01:45:00,0,,,,,,,,,,,,,,,,,,,
28/01/2024 01:30:00,0,,,,,,,,,,,,,,,,,,,
28/01/2024 01:15:00,0,,,,,,,,,,,,,,,,,,,
28/01/2024 01:00:00,0,,,,,,,,,,,,,,,,,,,
28/01/2024 00:45:00,0,,,,,,,,,,,,,,,,,,,
28/01/2024 00:30:00,0,,,,,,,,,,,,,,,,,,,
28/01/2024 00:15:00,0,,,,,,,,,,,,,,,,,,,
28/01/2024 00:00:00,0,,,,,,,,,,,,,,,,,,,
27/01/2024 23:45:00,0,,,,,,,,,,,,,,,,,,,
27/01/2024 23:30:00,0,,,,,,,,,,,,,,,,,,,
27/01/2024 23:15:00,0,,,,,,,,,,,,,,,,,,,
27/01/2024 23:00:00,0,,,,,,,,,,,,,,,,,,,
27/01/2024 22:45:00,0,,,,,,,,,,,,,,,,,,,
27/01/2024 22:30:00,0,,,,,,,,,,,,,,,,,,,
27/01/2024 22:15:00,0,,,,,,,,,,,,,,,,,,,
27/01/2024 22:00:00,0,,,,,,,,,,,,,,,,,,,
27/01/2024 21:45:00,0,,,,,,,,,,,,,,,,,,,
27/01/2024 21:30:00,0,,,,,,,,,,,,,,,,,,,
27/01/2024 21:15:00,0,,,,,,,,,,,,,,,,,,,
27/01/2024 21:00:00,0,,,,,,,,,,,,,,,,,,,
27/01/2024 20:45:00,0,,,,,,,,,,,,,,,,,,,
27/01/2024 20:30:00,0,,,,,,,,,,,,,,,,,,,
27/01/2024 20:15:00,0,,,,,,,,,,,,,,,,,,,
27/01/2024 20:00:00,0,,,,,,,,,,,,,,,,,,,
27/01/2024 19:45:00,0,,,,,,,,,,,,,,,,,,,
27/01/2024 19:30:00,0,,,,,,,,,,,,,,,,,,,
27/01/2024 19:15:00,0,,,,,,,,,,,,,,,,,,,
27/01/2024 19:00:00,0,,,,,,,,,,,,,,,,,,,
27/01/2024 18:45:00,0,,,,,,,,,,,,,,,,,,,
27/01/2024 18:30:00,0,,,,,,,,,,,,,,,,,,,
27/01/2024 18:15:00,0,,,,,,,,,,,,,,,,,,,
27/01/2024 18:00:00,0,,,,,,,,,,,,,,,,,,,
27/01/2024 17:45:00,0,,,,,,,,,,,,,,,,,,,
27/01/2024 17:30:00,0,,,,,,,,,,,,,,,,,,,
27/01/2024 17:15:00,0,,,,,,,,,,,,,,,,,,,
27/01/2024 17:00:00,0,,,,,,,,,,,,,,,,,,,
27/01/2024 16:45:00,0,,,,,,,,,,,,,,,,,,,
27/01/2024 16:30:00,0,,,,,,,,,,,,,,,,,,,
27/01/2024 16:15:00,0,,,,,,,,,,,,,,,,,,,
27/01/2024 16:00:00,0,,,,,,,,,,,,,,,,,,,
27/01/2024 15:45:00,0,,,,,,,,,,,,,,,,,,,
27/01/2024 15:30:00,0,,,,,,,,,,,,,,,,,,,
27/01/2024 15:15:00,0,,,,,,,,,,,,,,,,,,,
27/01/2024 15:00:00,0,,,,,,,,,,,,,,,,,,,
27/01/2024 14:45:00,0,,,,,,,,,,,,,,,,,,,
27/01/2024 14:30:00,0,,,,,,,,,,,,,,,,,,,
27/01/2024 14:15:00,0,,,,,,,,,,,,,,,,,,,
27/01/2024 14:00:00,0,,,,,,,,,,,,,,,,,,,
27/01/2024 13:45:00,0,,,,,,,,,,,,,,,,,,,
27/01/2024 13:30:00,0,,,,,,,,,,,,,,,,,,,
27/01/2024 13:15:00,0,,,,,,,,,,,,,,,,,,,
27/01/2024 13:00:00,0,,,,,,,,,,,,,,,,,,,
27/01/2024 12:45:00,0,,,,,,,,,,,,,,,,,,,
27/01/2024 12:30:00,0.2,,,,,,,,,,,,,,,,,,,
27/01/2024 12:15:00,0,,,,,,,,,,,,,,,,,,,
27/01/2024 12:00:00,0,,,,,,,,,,,,,,,,,,,
27/01/2024 11:45:00,0,,,,,,,,,,,,,,,,,,,
27/01/2024 11:30:00,0,,,,,,,,,,,,,,,,,,,
27/01/2024 11:15:00,0,,,,,,,,,,,,,,,,,,,
27/01/2024 11:00:00,0,,,,,,,,,,,,,,,,,,,
27/01/2024 10:45:00,0,,,,,,,,,,,,,,,,,,,
27/01/2024 10:30:00,0,,,,,,,,,,,,,,,,,,,
27/01/2024 10:15:00,0,,,,,,,,,,,,,,,,,,,
27/01/2024 10:00:00,0,,,,,,,,,,,,,,,,,,,
27/01/2024 09:45:00,0,,,,,,,,,,,,,,,,,,,
27/01/2024 09:30:00,0,,,,,,,,,,,,,,,,,,,
27/01/2024 09:15:00,0,,,,,,,,,,,,,,,,,,,
27/01/2024 09:00:00,0,,,,,,,,,,,,,,,,,,,
27/01/2024 08:45:00,0,,,,,,,,,,,,,,,,,,,
27/01/2024 08:30:00,0,,,,,,,,,,,,,,,,,,,
27/01/2024 08:15:00,0,,,,,,,,,,,,,,,,,,,
27/01/2024 08:00:00,0,,,,,,,,,,,,,,,,,,,
27/01/2024 07:45:00,0,,,,,,,,,,,,,,,,,,,
27/01/2024 07:30:00,0,,,,,,,,,,,,,,,,,,,
27/01/2024 07:15:00,0,,,,,,,,,,,,,,,,,,,
27/01/2024 07:00:00,0,,,,,,,,,,,,,,,,,,,
27/01/2024 06:45:00,0,,,,,,,,,,,,,,,,,,,
27/01/2024 06:30:00,0,,,,,,,,,,,,,,,,,,,
27/01/2024 06:15:00,0,,,,,,,,,,,,,,,,,,,
27/01/2024 06:00:00,0,,,,,,,,,,,,,,,,,,,
27/01/2024 05:45:00,0,,,,,,,,,,,,,,,,,,,
27/01/2024 05:30:00,0,,,,,,,,,,,,,,,,,,,
27/01/2024 05:15:00,0,,,,,,,,,,,,,,,,,,,
27/01/2024 05:00:00,0,,,,,,,,,,,,,,,,,,,
27/01/2024 04:45:00,0,,,,,,,,,,,,,,,,,,,
27/01/2024 04:30:00,0,,,,,,,,,,,,,,,,,,,
27/01/2024 04:15:00,0,,,,,,,,,,,,,,,,,,,
27/01/2024 04:00:00,0,,,,,,,,,,,,,,,,,,,
27/01/2024 03:45:00,0,,,,,,,,,,,,,,,,,,,
27/01/2024 03:30:00,0,,,,,,,,,,,,,,,,,,,
27/01/2024 03:15:00,0,,,,,,,,,,,,,,,,,,,
27/01/2024 03:00:00,0,,,,,,,,,,,,,,,,,,,
27/01/2024 02:45:00,0,,,,,,,,,,,,,,,,,,,
27/01/2024 02:30:00,0,,,,,,,,,,,,,,,,,,,
27/01/2024 02:15:00,0,,,,,,,,,,,,,,,,,,,
27/01/2024 02:00:00,0,,,,,,,,,,,,,,,,,,,
27/01/2024 01:45:00,0,,,,,,,,,,,,,,,,,,,
27/01/2024 01:30:00,0,,,,,,,,,,,,,,,,,,,
27/01/2024 01:15:00,0,,,,,,,,,,,,,,,,,,,
27/01/2024 01:00:00,0,,,,,,,,,,,,,,,,,,,
27/01/2024 00:45:00,0,,,,,,,,,,,,,,,,,,,
27/01/2024 00:30:00,0,,,,,,,,,,,,,,,,,,,
27/01/2024 00:15:00,0,,,,,,,,,,,,,,,,,,,
27/01/2024 00:00:00,0,,,,,,,,,,,,,,,,,,,
26/01/2024 23:45:00,0,,,,,,,,,,,,,,,,,,,
26/01/2024 23:30:00,0,,,,,,,,,,,,,,,,,,,
26/01/2024 23:15:00,0,,,,,,,,,,,,,,,,,,,
26/01/2024 23:00:00,0,,,,,,,,,,,,,,,,,,,
26/01/2024 22:45:00,0,,,,,,,,,,,,,,,,,,,
26/01/2024 22:30:00,0,,,,,,,,,,,,,,,,,,,
26/01/2024 22:15:00,0,,,,,,,,,,,,,,,,,,,
26/01/2024 22:00:00,0,,,,,,,,,,,,,,,,,,,
26/01/2024 21:45:00,0,,,,,,,,,,,,,,,,,,,
26/01/2024 21:30:00,0,,,,,,,,,,,,,,,,,,,
26/01/2024 21:15:00,0,,,,,,,,,,,,,,,,,,,
26/01/2024 21:00:00,0,,,,,,,,,,,,,,,,,,,
26/01/2024 20:45:00,0,,,,,,,,,,,,,,,,,,,
26/01/2024 20:30:00,0,,,,,,,,,,,,,,,,,,,
26/01/2024 20:15:00,0,,,,,,,,,,,,,,,,,,,
26/01/2024 20:00:00,0,,,,,,,,,,,,,,,,,,,
26/01/2024 19:45:00,0,,,,,,,,,,,,,,,,,,,
26/01/2024 19:30:00,0,,,,,,,,,,,,,,,,,,,
26/01/2024 19:15:00,0,,,,,,,,,,,,,,,,,,,
26/01/2024 19:00:00,0,,,,,,,,,,,,,,,,,,,
26/01/2024 18:45:00,0,,,,,,,,,,,,,,,,,,,
26/01/2024 18:30:00,0,,,,,,,,,,,,,,,,,,,
26/01/2024 18:15:00,0,,,,,,,,,,,,,,,,,,,
26/01/2024 18:00:00,0,,,,,,,,,,,,,,,,,,,
26/01/2024 17:45:00,0,,,,,,,,,,,,,,,,,,,
26/01/2024 17:30:00,0,,,,,,,,,,,,,,,,,,,
26/01/2024 17:15:00,0,,,,,,,,,,,,,,,,,,,
26/01/2024 17:00:00,0,,,,,,,,,,,,,,,,,,,
26/01/2024 16:45:00,0,,,,,,,,,,,,,,,,,,,
26/01/2024 16:30:00,0,,,,,,,,,,,,,,,,,,,
26/01/2024 16:15:00,0,,,,,,,,,,,,,,,,,,,
26/01/2024 16:00:00,0,,,,,,,,,,,,,,,,,,,
26/01/2024 15:45:00,0,,,,,,,,,,,,,,,,,,,
26/01/2024 15:30:00,0,,,,,,,,,,,,,,,,,,,
26/01/2024 15:15:00,0,,,,,,,,,,,,,,,,,,,
26/01/2024 15:00:00,0,,,,,,,,,,,,,,,,,,,
26/01/2024 14:45:00,0,,,,,,,,,,,,,,,,,,,
26/01/2024 14:30:00,0,,,,,,,,,,,,,,,,,,,
26/01/2024 14:15:00,0,,,,,,,,,,,,,,,,,,,
26/01/2024 14:00:00,0,,,,,,,,,,,,,,,,,,,
26/01/2024 13:45:00,0,,,,,,,,,,,,,,,,,,,
26/01/2024 13:30:00,0,,,,,,,,,,,,,,,,,,,
26/01/2024 13:15:00,0,,,,,,,,,,,,,,,,,,,
26/01/2024 13:00:00,0,,,,,,,,,,,,,,,,,,,
26/01/2024 12:45:00,0,,,,,,,,,,,,,,,,,,,
26/01/2024 12:30:00,0,,,,,,,,,,,,,,,,,,,
26/01/2024 12:15:00,0,,,,,,,,,,,,,,,,,,,
26/01/2024 12:00:00,0,,,,,,,,,,,,,,,,,,,
26/01/2024 11:45:00,0,,,,,,,,,,,,,,,,,,,
26/01/2024 11:30:00,0,,,,,,,,,,,,,,,,,,,
26/01/2024 11:15:00,0,,,,,,,,,,,,,,,,,,,
26/01/2024 11:00:00,0,,,,,,,,,,,,,,,,,,,
26/01/2024 10:45:00,0,,,,,,,,,,,,,,,,,,,
26/01/2024 10:30:00,0,,,,,,,,,,,,,,,,,,,
26/01/2024 10:15:00,0,,,,,,,,,,,,,,,,,,,
26/01/2024 10:00:00,0,,,,,,,,,,,,,,,,,,,
26/01/2024 09:45:00,0,,,,,,,,,,,,,,,,,,,
26/01/2024 09:30:00,0,,,,,,,,,,,,,,,,,,,
26/01/2024 09:15:00,0,,,,,,,,,,,,,,,,,,,
26/01/2024 09:00:00,0,,,,,,,,,,,,,,,,,,,
26/01/2024 08:45:00,0,,,,,,,,,,,,,,,,,,,
26/01/2024 08:30:00,0,,,,,,,,,,,,,,,,,,,
26/01/2024 08:15:00,0,,,,,,,,,,,,,,,,,,,
26/01/2024 08:00:00,0,,,,,,,,,,,,,,,,,,,
26/01/2024 07:45:00,0,,,,,,,,,,,,,,,,,,,
26/01/2024 07:30:00,0,,,,,,,,,,,,,,,,,,,
26/01/2024 07:15:00,0,,,,,,,,,,,,,,,,,,,
26/01/2024 07:00:00,0,,,,,,,,,,,,,,,,,,,
26/01/2024 06:45:00,0,,,,,,,,,,,,,,,,,,,
26/01/2024 06:30:00,0,,,,,,,,,,,,,,,,,,,
26/01/2024 06:15:00,0,,,,,,,,,,,,,,,,,,,
26/01/2024 06:00:00,0,,,,,,,,,,,,,,,,,,,
26/01/2024 05:45:00,0,,,,,,,,,,,,,,,,,,,
26/01/2024 05:30:00,0,,,,,,,,,,,,,,,,,,,
26/01/2024 05:15:00,0,,,,,,,,,,,,,,,,,,,
26/01/2024 05:00:00,0,,,,,,,,,,,,,,,,,,,
26/01/2024 04:45:00,0,,,,,,,,,,,,,,,,,,,
26/01/2024 04:30:00,0,,,,,,,,,,,,,,,,,,,
26/01/2024 04:15:00,0,,,,,,,,,,,,,,,,,,,
26/01/2024 04:00:00,0,,,,,,,,,,,,,,,,,,,
26/01/2024 03:45:00,0,,,,,,,,,,,,,,,,,,,
26/01/2024 03:30:00,0,,,,,,,,,,,,,,,,,,,
26/01/2024 03:15:00,0,,,,,,,,,,,,,,,,,,,
26/01/2024 03:00:00,0,,,,,,,,,,,,,,,,,,,
26/01/2024 02:45:00,0,,,,,,,,,,,,,,,,,,,
26/01/2024 02:30:00,0,,,,,,,,,,,,,,,,,,,
26/01/2024 02:15:00,0,,,,,,,,,,,,,,,,,,,
26/01/2024 02:00:00,0,,,,,,,,,,,,,,,,,,,
26/01/2024 01:45:00,0,,,,,,,,,,,,,,,,,,,
26/01/2024 01:30:00,0,,,,,,,,,,,,,,,,,,,
26/01/2024 01:15:00,0,,,,,,,,,,,,,,,,,,,
26/01/2024 01:00:00,0,,,,,,,,,,,,,,,,,,,
26/01/2024 00:45:00,0,,,,,,,,,,,,,,,,,,,
26/01/2024 00:30:00,0,,,,,,,,,,,,,,,,,,,
26/01/2024 00:15:00,0,,,,,,,,,,,,,,,,,,,
26/01/2024 00:00:00,0,,,,,,,,,,,,,,,,,,,
25/01/2024 23:45:00,0,,,,,,,,,,,,,,,,,,,
25/01/2024 23:30:00,0,,,,,,,,,,,,,,,,,,,
25/01/2024 23:15:00,0,,,,,,,,,,,,,,,,,,,
25/01/2024 23:00:00,0,,,,,,,,,,,,,,,,,,,
25/01/2024 22:45:00,0,,,,,,,,,,,,,,,,,,,
25/01/2024 22:30:00,0,,,,,,,,,,,,,,,,,,,
25/01/2024 22:15:00,0,,,,,,,,,,,,,,,,,,,
25/01/2024 22:00:00,0,,,,,,,,,,,,,,,,,,,
25/01/2024 21:45:00,0,,,,,,,,,,,,,,,,,,,
25/01/2024 21:30:00,0,,,,,,,,,,,,,,,,,,,
25/01/2024 21:15:00,0,,,,,,,,,,,,,,,,,,,
25/01/2024 21:00:00,0,,,,,,,,,,,,,,,,,,,
25/01/2024 20:45:00,0,,,,,,,,,,,,,,,,,,,
25/01/2024 20:30:00,0,,,,,,,,,,,,,,,,,,,
25/01/2024 20:15:00,0,,,,,,,,,,,,,,,,,,,
25/01/2024 20:00:00,0,,,,,,,,,,,,,,,,,,,
25/01/2024 19:45:00,0,,,,,,,,,,,,,,,,,,,
25/01/2024 19:30:00,0,,,,,,,,,,,,,,,,,,,
25/01/2024 19:15:00,0,,,,,,,,,,,,,,,,,,,
25/01/2024 19:00:00,0,,,,,,,,,,,,,,,,,,,
25/01/2024 18:45:00,0,,,,,,,,,,,,,,,,,,,
25/01/2024 18:30:00,0,,,,,,,,,,,,,,,,,,,
25/01/2024 18:15:00,0,,,,,,,,,,,,,,,,,,,
25/01/2024 18:00:00,0,,,,,,,,,,,,,,,,,,,
25/01/2024 17:45:00,0,,,,,,,,,,,,,,,,,,,
25/01/2024 17:30:00,0,,,,,,,,,,,,,,,,,,,
25/01/2024 17:15:00,0,,,,,,,,,,,,,,,,,,,
25/01/2024 17:00:00,0,,,,,,,,,,,,,,,,,,,
25/01/2024 16:45:00,0,,,,,,,,,,,,,,,,,,,
25/01/2024 16:30:00,0,,,,,,,,,,,,,,,,,,,
25/01/2024 16:15:00,0,,,,,,,,,,,,,,,,,,,
25/01/2024 16:00:00,0,,,,,,,,,,,,,,,,,,,
25/01/2024 15:45:00,0,,,,,,,,,,,,,,,,,,,
25/01/2024 15:30:00,0,,,,,,,,,,,,,,,,,,,
25/01/2024 15:15:00,0,,,,,,,,,,,,,,,,,,,
25/01/2024 15:00:00,0,,,,,,,,,,,,,,,,,,,
25/01/2024 14:45:00,0,,,,,,,,,,,,,,,,,,,
25/01/2024 14:30:00,0,,,,,,,,,,,,,,,,,,,
25/01/2024 14:15:00,0,,,,,,,,,,,,,,,,,,,
25/01/2024 14:00:00,0,,,,,,,,,,,,,,,,,,,
25/01/2024 13:45:00,0,,,,,,,,,,,,,,,,,,,
25/01/2024 13:30:00,0,,,,,,,,,,,,,,,,,,,
25/01/2024 13:15:00,0,,,,,,,,,,,,,,,,,,,
25/01/2024 13:00:00,0,,,,,,,,,,,,,,,,,,,
25/01/2024 12:45:00,0,,,,,,,,,,,,,,,,,,,
25/01/2024 12:30:00,0,,,,,,,,,,,,,,,,,,,
25/01/2024 12:15:00,0,,,,,,,,,,,,,,,,,,,
25/01/2024 12:00:00,0,,,,,,,,,,,,,,,,,,,
25/01/2024 11:45:00,0,,,,,,,,,,,,,,,,,,,
25/01/2024 11:30:00,0,,,,,,,,,,,,,,,,,,,
25/01/2024 11:15:00,0,,,,,,,,,,,,,,,,,,,
25/01/2024 11:00:00,0,,,,,,,,,,,,,,,,,,,
25/01/2024 10:45:00,0,,,,,,,,,,,,,,,,,,,
25/01/2024 10:30:00,0,,,,,,,,,,,,,,,,,,,
25/01/2024 10:15:00,0,,,,,,,,,,,,,,,,,,,
25/01/2024 10:00:00,0,,,,,,,,,,,,,,,,,,,
25/01/2024 09:45:00,0,,,,,,,,,,,,,,,,,,,
25/01/2024 09:30:00,0,,,,,,,,,,,,,,,,,,,
25/01/2024 09:15:00,0,,,,,,,,,,,,,,,,,,,
25/01/2024 09:00:00,0,,,,,,,,,,,,,,,,,,,
25/01/2024 08:45:00,0,,,,,,,,,,,,,,,,,,,
25/01/2024 08:30:00,0,,,,,,,,,,,,,,,,,,,
25/01/2024 08:15:00,0,,,,,,,,,,,,,,,,,,,
25/01/2024 08:00:00,0,,,,,,,,,,,,,,,,,,,
25/01/2024 07:45:00,0,,,,,,,,,,,,,,,,,,,
25/01/2024 07:30:00,0,,,,,,,,,,,,,,,,,,,
25/01/2024 07:15:00,0,,,,,,,,,,,,,,,,,,,
25/01/2024 07:00:00,0,,,,,,,,,,,,,,,,,,,
25/01/2024 06:45:00,0,,,,,,,,,,,,,,,,,,,
25/01/2024 06:30:00,0,,,,,,,,,,,,,,,,,,,
25/01/2024 06:15:00,0,,,,,,,,,,,,,,,,,,,
25/01/2024 06:00:00,0,,,,,,,,,,,,,,,,,,,
25/01/2024 05:45:00,0,,,,,,,,,,,,,,,,,,,
25/01/2024 05:30:00,0,,,,,,,,,,,,,,,,,,,
25/01/2024 05:15:00,0,,,,,,,,,,,,,,,,,,,
25/01/2024 05:00:00,0,,,,,,,,,,,,,,,,,,,
25/01/2024 04:45:00,0,,,,,,,,,,,,,,,,,,,
25/01/2024 04:30:00,0,,,,,,,,,,,,,,,,,,,
25/01/2024 04:15:00,0,,,,,,,,,,,,,,,,,,,
25/01/2024 04:00:00,0,,,,,,,,,,,,,,,,,,,
25/01/2024 03:45:00,0,,,,,,,,,,,,,,,,,,,
25/01/2024 03:30:00,0,,,,,,,,,,,,,,,,,,,
25/01/2024 03:15:00,0,,,,,,,,,,,,,,,,,,,
25/01/2024 03:00:00,0,,,,,,,,,,,,,,,,,,,
25/01/2024 02:45:00,0,,,,,,,,,,,,,,,,,,,
25/01/2024 02:30:00,0,,,,,,,,,,,,,,,,,,,
25/01/2024 02:15:00,0,,,,,,,,,,,,,,,,,,,
25/01/2024 02:00:00,0,,,,,,,,,,,,,,,,,,,
25/01/2024 01:45:00,0,,,,,,,,,,,,,,,,,,,
25/01/2024 01:30:00,0,,,,,,,,,,,,,,,,,,,
25/01/2024 01:15:00,0,,,,,,,,,,,,,,,,,,,
25/01/2024 01:00:00,0,,,,,,,,,,,,,,,,,,,
25/01/2024 00:45:00,0,,,,,,,,,,,,,,,,,,,
25/01/2024 00:30:00,0,,,,,,,,,,,,,,,,,,,
25/01/2024 00:15:00,0,,,,,,,,,,,,,,,,,,,
25/01/2024 00:00:00,0,,,,,,,,,,,,,,,,,,,
24/01/2024 23:45:00,0,,,,,,,,,,,,,,,,,,,
24/01/2024 23:30:00,0,,,,,,,,,,,,,,,,,,,
24/01/2024 23:15:00,0,,,,,,,,,,,,,,,,,,,
24/01/2024 23:00:00,0,,,,,,,,,,,,,,,,,,,
24/01/2024 22:45:00,0,,,,,,,,,,,,,,,,,,,
24/01/2024 22:30:00,0,,,,,,,,,,,,,,,,,,,
24/01/2024 22:15:00,0,,,,,,,,,,,,,,,,,,,
24/01/2024 22:00:00,0,,,,,,,,,,,,,,,,,,,
24/01/2024 21:45:00,0,,,,,,,,,,,,,,,,,,,
24/01/2024 21:30:00,0,,,,,,,,,,,,,,,,,,,
24/01/2024 21:15:00,0,,,,,,,,,,,,,,,,,,,
24/01/2024 21:00:00,0,,,,,,,,,,,,,,,,,,,
24/01/2024 20:45:00,0,,,,,,,,,,,,,,,,,,,
24/01/2024 20:30:00,0,,,,,,,,,,,,,,,,,,,
24/01/2024 20:15:00,0,,,,,,,,,,,,,,,,,,,
24/01/2024 20:00:00,0,,,,,,,,,,,,,,,,,,,
24/01/2024 19:45:00,0,,,,,,,,,,,,,,,,,,,
24/01/2024 19:30:00,0,,,,,,,,,,,,,,,,,,,
24/01/2024 19:15:00,0,,,,,,,,,,,,,,,,,,,
24/01/2024 19:00:00,0,,,,,,,,,,,,,,,,,,,
24/01/2024 18:45:00,0,,,,,,,,,,,,,,,,,,,
24/01/2024 18:30:00,0,,,,,,,,,,,,,,,,,,,
24/01/2024 18:15:00,0,,,,,,,,,,,,,,,,,,,
24/01/2024 18:00:00,0,,,,,,,,,,,,,,,,,,,
24/01/2024 17:45:00,0,,,,,,,,,,,,,,,,,,,
24/01/2024 17:30:00,0,,,,,,,,,,,,,,,,,,,
24/01/2024 17:15:00,0,,,,,,,,,,,,,,,,,,,
24/01/2024 17:00:00,0,,,,,,,,,,,,,,,,,,,
24/01/2024 16:45:00,0,,,,,,,,,,,,,,,,,,,
24/01/2024 16:30:00,0,,,,,,,,,,,,,,,,,,,
24/01/2024 16:15:00,0,,,,,,,,,,,,,,,,,,,
24/01/2024 16:00:00,0,,,,,,,,,,,,,,,,,,,
24/01/2024 15:45:00,0,,,,,,,,,,,,,,,,,,,
24/01/2024 15:30:00,0,,,,,,,,,,,,,,,,,,,
24/01/2024 15:15:00,0,,,,,,,,,,,,,,,,,,,
24/01/2024 15:00:00,0,,,,,,,,,,,,,,,,,,,
24/01/2024 14:45:00,0,,,,,,,,,,,,,,,,,,,
24/01/2024 14:30:00,0,,,,,,,,,,,,,,,,,,,
24/01/2024 14:15:00,0,,,,,,,,,,,,,,,,,,,
24/01/2024 14:00:00,0,,,,,,,,,,,,,,,,,,,
24/01/2024 13:45:00,0,,,,,,,,,,,,,,,,,,,
24/01/2024 13:30:00,0,,,,,,,,,,,,,,,,,,,
24/01/2024 13:15:00,0,,,,,,,,,,,,,,,,,,,
24/01/2024 13:00:00,0,,,,,,,,,,,,,,,,,,,
24/01/2024 12:45:00,0,,,,,,,,,,,,,,,,,,,
24/01/2024 12:30:00,0,,,,,,,,,,,,,,,,,,,
24/01/2024 12:15:00,0,,,,,,,,,,,,,,,,,,,
24/01/2024 12:00:00,0,,,,,,,,,,,,,,,,,,,
24/01/2024 11:45:00,0,,,,,,,,,,,,,,,,,,,
24/01/2024 11:30:00,0,,,,,,,,,,,,,,,,,,,
24/01/2024 11:15:00,0,,,,,,,,,,,,,,,,,,,
24/01/2024 11:00:00,0,,,,,,,,,,,,,,,,,,,
24/01/2024 10:45:00,0,,,,,,,,,,,,,,,,,,,
24/01/2024 10:30:00,0,,,,,,,,,,,,,,,,,,,
24/01/2024 10:15:00,0,,,,,,,,,,,,,,,,,,,
24/01/2024 10:00:00,0,,,,,,,,,,,,,,,,,,,
24/01/2024 09:45:00,0,,,,,,,,,,,,,,,,,,,
24/01/2024 09:30:00,0,,,,,,,,,,,,,,,,,,,
24/01/2024 09:15:00,0,,,,,,,,,,,,,,,,,,,
24/01/2024 09:00:00,0,,,,,,,,,,,,,,,,,,,
24/01/2024 08:45:00,0,,,,,,,,,,,,,,,,,,,
24/01/2024 08:30:00,0,,,,,,,,,,,,,,,,,,,
24/01/2024 08:15:00,0,,,,,,,,,,,,,,,,,,,
24/01/2024 08:00:00,0,,,,,,,,,,,,,,,,,,,
24/01/2024 07:45:00,0,,,,,,,,,,,,,,,,,,,
24/01/2024 07:30:00,0,,,,,,,,,,,,,,,,,,,
24/01/2024 07:15:00,0,,,,,,,,,,,,,,,,,,,
24/01/2024 07:00:00,0,,,,,,,,,,,,,,,,,,,
24/01/2024 06:45:00,0,,,,,,,,,,,,,,,,,,,
24/01/2024 06:30:00,0,,,,,,,,,,,,,,,,,,,
24/01/2024 06:15:00,0,,,,,,,,,,,,,,,,,,,
24/01/2024 06:00:00,0,,,,,,,,,,,,,,,,,,,
24/01/2024 05:45:00,0,,,,,,,,,,,,,,,,,,,
24/01/2024 05:30:00,0,,,,,,,,,,,,,,,,,,,
24/01/2024 05:15:00,0,,,,,,,,,,,,,,,,,,,
24/01/2024 05:00:00,0,,,,,,,,,,,,,,,,,,,
24/01/2024 04:45:00,0,,,,,,,,,,,,,,,,,,,
24/01/2024 04:30:00,0,,,,,,,,,,,,,,,,,,,
24/01/2024 04:15:00,0,,,,,,,,,,,,,,,,,,,
24/01/2024 04:00:00,0,,,,,,,,,,,,,,,,,,,
24/01/2024 03:45:00,0,,,,,,,,,,,,,,,,,,,
24/01/2024 03:30:00,0,,,,,,,,,,,,,,,,,,,
24/01/2024 03:15:00,0,,,,,,,,,,,,,,,,,,,
24/01/2024 03:00:00,0,,,,,,,,,,,,,,,,,,,
24/01/2024 02:45:00,0,,,,,,,,,,,,,,,,,,,
24/01/2024 02:30:00,0,,,,,,,,,,,,,,,,,,,
24/01/2024 02:15:00,0,,,,,,,,,,,,,,,,,,,
24/01/2024 02:00:00,0,,,,,,,,,,,,,,,,,,,
24/01/2024 01:45:00,0,,,,,,,,,,,,,,,,,,,
24/01/2024 01:30:00,0,,,,,,,,,,,,,,,,,,,
24/01/2024 01:15:00,0,,,,,,,,,,,,,,,,,,,
24/01/2024 01:00:00,0,,,,,,,,,,,,,,,,,,,
24/01/2024 00:45:00,0,,,,,,,,,,,,,,,,,,,
24/01/2024 00:30:00,0,,,,,,,,,,,,,,,,,,,
24/01/2024 00:15:00,0,,,,,,,,,,,,,,,,,,,
24/01/2024 00:00:00,0,,,,,,,,,,,,,,,,,,,
23/01/2024 23:45:00,0,,,,,,,,,,,,,,,,,,,
23/01/2024 23:30:00,0,,,,,,,,,,,,,,,,,,,
23/01/2024 23:15:00,0,,,,,,,,,,,,,,,,,,,
23/01/2024 23:00:00,0,,,,,,,,,,,,,,,,,,,
23/01/2024 22:45:00,0,,,,,,,,,,,,,,,,,,,
23/01/2024 22:30:00,0,,,,,,,,,,,,,,,,,,,
23/01/2024 22:15:00,0,,,,,,,,,,,,,,,,,,,
23/01/2024 22:00:00,0,,,,,,,,,,,,,,,,,,,
23/01/2024 21:45:00,0,,,,,,,,,,,,,,,,,,,
23/01/2024 21:30:00,0,,,,,,,,,,,,,,,,,,,
23/01/2024 21:15:00,0,,,,,,,,,,,,,,,,,,,
23/01/2024 21:00:00,0,,,,,,,,,,,,,,,,,,,
23/01/2024 20:45:00,0,,,,,,,,,,,,,,,,,,,
23/01/2024 20:30:00,0,,,,,,,,,,,,,,,,,,,
23/01/2024 20:15:00,0,,,,,,,,,,,,,,,,,,,
23/01/2024 20:00:00,0,,,,,,,,,,,,,,,,,,,
23/01/2024 19:45:00,0,,,,,,,,,,,,,,,,,,,
23/01/2024 19:30:00,0,,,,,,,,,,,,,,,,,,,
23/01/2024 19:15:00,0,,,,,,,,,,,,,,,,,,,
23/01/2024 19:00:00,0,,,,,,,,,,,,,,,,,,,
23/01/2024 18:45:00,0,,,,,,,,,,,,,,,,,,,
23/01/2024 18:30:00,0,,,,,,,,,,,,,,,,,,,
23/01/2024 18:15:00,0,,,,,,,,,,,,,,,,,,,
23/01/2024 18:00:00,0,,,,,,,,,,,,,,,,,,,
23/01/2024 17:45:00,0,,,,,,,,,,,,,,,,,,,
23/01/2024 17:30:00,0,,,,,,,,,,,,,,,,,,,
23/01/2024 17:15:00,0,,,,,,,,,,,,,,,,,,,
23/01/2024 17:00:00,0,,,,,,,,,,,,,,,,,,,
23/01/2024 16:45:00,0,,,,,,,,,,,,,,,,,,,
23/01/2024 16:30:00,0,,,,,,,,,,,,,,,,,,,
23/01/2024 16:15:00,0,,,,,,,,,,,,,,,,,,,
23/01/2024 16:00:00,0,,,,,,,,,,,,,,,,,,,
23/01/2024 15:45:00,0,,,,,,,,,,,,,,,,,,,
23/01/2024 15:30:00,0,,,,,,,,,,,,,,,,,,,
23/01/2024 15:15:00,0,,,,,,,,,,,,,,,,,,,
23/01/2024 15:00:00,0,,,,,,,,,,,,,,,,,,,
23/01/2024 14:45:00,0,,,,,,,,,,,,,,,,,,,
23/01/2024 14:30:00,0,,,,,,,,,,,,,,,,,,,
23/01/2024 14:15:00,0,,,,,,,,,,,,,,,,,,,
23/01/2024 14:00:00,0,,,,,,,,,,,,,,,,,,,
23/01/2024 13:45:00,0,,,,,,,,,,,,,,,,,,,
23/01/2024 13:30:00,0,,,,,,,,,,,,,,,,,,,
23/01/2024 13:15:00,0,,,,,,,,,,,,,,,,,,,
23/01/2024 13:00:00,0,,,,,,,,,,,,,,,,,,,
23/01/2024 12:45:00,0,,,,,,,,,,,,,,,,,,,
23/01/2024 12:30:00,0,,,,,,,,,,,,,,,,,,,
23/01/2024 12:15:00,0,,,,,,,,,,,,,,,,,,,
23/01/2024 12:00:00,0,,,,,,,,,,,,,,,,,,,
23/01/2024 11:45:00,0,,,,,,,,,,,,,,,,,,,
23/01/2024 11:30:00,0,,,,,,,,,,,,,,,,,,,
23/01/2024 11:15:00,0,,,,,,,,,,,,,,,,,,,
23/01/2024 11:00:00,0,,,,,,,,,,,,,,,,,,,
23/01/2024 10:45:00,0,,,,,,,,,,,,,,,,,,,
23/01/2024 10:30:00,0,,,,,,,,,,,,,,,,,,,
23/01/2024 10:15:00,0,,,,,,,,,,,,,,,,,,,
23/01/2024 10:00:00,0,,,,,,,,,,,,,,,,,,,
23/01/2024 09:45:00,0,,,,,,,,,,,,,,,,,,,
23/01/2024 09:30:00,0,,,,,,,,,,,,,,,,,,,
23/01/2024 09:15:00,0,,,,,,,,,,,,,,,,,,,
23/01/2024 09:00:00,0,,,,,,,,,,,,,,,,,,,
23/01/2024 08:45:00,0,,,,,,,,,,,,,,,,,,,
23/01/2024 08:30:00,0,,,,,,,,,,,,,,,,,,,
23/01/2024 08:15:00,0,,,,,,,,,,,,,,,,,,,
23/01/2024 08:00:00,0,,,,,,,,,,,,,,,,,,,
23/01/2024 07:45:00,0,,,,,,,,,,,,,,,,,,,
23/01/2024 07:30:00,0,,,,,,,,,,,,,,,,,,,
23/01/2024 07:15:00,0,,,,,,,,,,,,,,,,,,,
23/01/2024 07:00:00,0,,,,,,,,,,,,,,,,,,,
23/01/2024 06:45:00,0,,,,,,,,,,,,,,,,,,,
23/01/2024 06:30:00,0,,,,,,,,,,,,,,,,,,,
23/01/2024 06:15:00,0,,,,,,,,,,,,,,,,,,,
23/01/2024 06:00:00,0,,,,,,,,,,,,,,,,,,,
23/01/2024 05:45:00,0,,,,,,,,,,,,,,,,,,,
23/01/2024 05:30:00,0,,,,,,,,,,,,,,,,,,,
23/01/2024 05:15:00,0,,,,,,,,,,,,,,,,,,,
23/01/2024 05:00:00,0,,,,,,,,,,,,,,,,,,,
23/01/2024 04:45:00,0,,,,,,,,,,,,,,,,,,,
23/01/2024 04:30:00,0,,,,,,,,,,,,,,,,,,,
23/01/2024 04:15:00,0,,,,,,,,,,,,,,,,,,,
23/01/2024 04:00:00,0,,,,,,,,,,,,,,,,,,,
23/01/2024 03:45:00,0,,,,,,,,,,,,,,,,,,,
23/01/2024 03:30:00,0,,,,,,,,,,,,,,,,,,,
23/01/2024 03:15:00,0,,,,,,,,,,,,,,,,,,,
23/01/2024 03:00:00,0,,,,,,,,,,,,,,,,,,,
23/01/2024 02:45:00,0,,,,,,,,,,,,,,,,,,,
23/01/2024 02:30:00,0,,,,,,,,,,,,,,,,,,,
23/01/2024 02:15:00,0,,,,,,,,,,,,,,,,,,,
23/01/2024 02:00:00,0,,,,,,,,,,,,,,,,,,,
23/01/2024 01:45:00,0,,,,,,,,,,,,,,,,,,,
23/01/2024 01:30:00,0,,,,,,,,,,,,,,,,,,,
23/01/2024 01:15:00,0,,,,,,,,,,,,,,,,,,,
23/01/2024 01:00:00,0,,,,,,,,,,,,,,,,,,,
23/01/2024 00:45:00,0,,,,,,,,,,,,,,,,,,,
23/01/2024 00:30:00,0,,,,,,,,,,,,,,,,,,,
23/01/2024 00:15:00,0,,,,,,,,,,,,,,,,,,,
23/01/2024 00:00:00,0,,,,,,,,,,,,,,,,,,,
22/01/2024 23:45:00,0,,,,,,,,,,,,,,,,,,,
22/01/2024 23:30:00,0,,,,,,,,,,,,,,,,,,,
22/01/2024 23:15:00,0,,,,,,,,,,,,,,,,,,,
22/01/2024 23:00:00,0,,,,,,,,,,,,,,,,,,,
22/01/2024 22:45:00,0,,,,,,,,,,,,,,,,,,,
22/01/2024 22:30:00,0,,,,,,,,,,,,,,,,,,,
22/01/2024 22:15:00,0,,,,,,,,,,,,,,,,,,,
22/01/2024 22:00:00,0,,,,,,,,,,,,,,,,,,,
22/01/2024 21:45:00,0,,,,,,,,,,,,,,,,,,,
22/01/2024 21:30:00,0,,,,,,,,,,,,,,,,,,,
22/01/2024 21:15:00,0,,,,,,,,,,,,,,,,,,,
22/01/2024 21:00:00,0,,,,,,,,,,,,,,,,,,,
22/01/2024 20:45:00,0,,,,,,,,,,,,,,,,,,,
22/01/2024 20:30:00,0,,,,,,,,,,,,,,,,,,,
22/01/2024 20:15:00,0,,,,,,,,,,,,,,,,,,,
22/01/2024 20:00:00,0,,,,,,,,,,,,,,,,,,,
22/01/2024 19:45:00,0,,,,,,,,,,,,,,,,,,,
22/01/2024 19:30:00,0,,,,,,,,,,,,,,,,,,,
22/01/2024 19:15:00,0,,,,,,,,,,,,,,,,,,,
22/01/2024 19:00:00,0,,,,,,,,,,,,,,,,,,,
22/01/2024 18:45:00,0,,,,,,,,,,,,,,,,,,,
22/01/2024 18:30:00,0,,,,,,,,,,,,,,,,,,,
22/01/2024 18:15:00,0,,,,,,,,,,,,,,,,,,,
22/01/2024 18:00:00,0,,,,,,,,,,,,,,,,,,,
22/01/2024 17:45:00,0,,,,,,,,,,,,,,,,,,,
22/01/2024 17:30:00,0,,,,,,,,,,,,,,,,,,,
22/01/2024 17:15:00,0,,,,,,,,,,,,,,,,,,,
22/01/2024 17:00:00,0,,,,,,,,,,,,,,,,,,,
22/01/2024 16:45:00,0,,,,,,,,,,,,,,,,,,,
22/01/2024 16:30:00,0,,,,,,,,,,,,,,,,,,,
22/01/2024 16:15:00,0,,,,,,,,,,,,,,,,,,,
22/01/2024 16:00:00,0,,,,,,,,,,,,,,,,,,,
22/01/2024 15:45:00,0,,,,,,,,,,,,,,,,,,,
22/01/2024 15:30:00,0,,,,,,,,,,,,,,,,,,,
22/01/2024 15:15:00,0,,,,,,,,,,,,,,,,,,,
22/01/2024 15:00:00,0,,,,,,,,,,,,,,,,,,,
22/01/2024 14:45:00,0,,,,,,,,,,,,,,,,,,,
22/01/2024 14:30:00,0,,,,,,,,,,,,,,,,,,,
22/01/2024 14:15:00,0,,,,,,,,,,,,,,,,,,,
22/01/2024 14:00:00,0,,,,,,,,,,,,,,,,,,,
22/01/2024 13:45:00,0,,,,,,,,,,,,,,,,,,,
22/01/2024 13:30:00,0,,,,,,,,,,,,,,,,,,,
22/01/2024 13:15:00,0,,,,,,,,,,,,,,,,,,,
22/01/2024 13:00:00,0,,,,,,,,,,,,,,,,,,,
22/01/2024 12:45:00,0,,,,,,,,,,,,,,,,,,,
22/01/2024 12:30:00,0,,,,,,,,,,,,,,,,,,,
22/01/2024 12:15:00,0,,,,,,,,,,,,,,,,,,,
22/01/2024 12:00:00,0,,,,,,,,,,,,,,,,,,,
22/01/2024 11:45:00,0,,,,,,,,,,,,,,,,,,,
22/01/2024 11:30:00,0,,,,,,,,,,,,,,,,,,,
22/01/2024 11:15:00,0,,,,,,,,,,,,,,,,,,,
22/01/2024 11:00:00,0,,,,,,,,,,,,,,,,,,,
22/01/2024 10:45:00,0,,,,,,,,,,,,,,,,,,,
22/01/2024 10:30:00,0,,,,,,,,,,,,,,,,,,,
22/01/2024 10:15:00,0,,,,,,,,,,,,,,,,,,,
22/01/2024 10:00:00,0,,,,,,,,,,,,,,,,,,,
22/01/2024 09:45:00,0,,,,,,,,,,,,,,,,,,,
22/01/2024 09:30:00,0,,,,,,,,,,,,,,,,,,,
22/01/2024 09:15:00,0,,,,,,,,,,,,,,,,,,,
22/01/2024 09:00:00,0,,,,,,,,,,,,,,,,,,,
22/01/2024 08:45:00,0,,,,,,,,,,,,,,,,,,,
22/01/2024 08:30:00,0,,,,,,,,,,,,,,,,,,,
22/01/2024 08:15:00,0,,,,,,,,,,,,,,,,,,,
22/01/2024 08:00:00,0,,,,,,,,,,,,,,,,,,,
22/01/2024 07:45:00,0,,,,,,,,,,,,,,,,,,,
22/01/2024 07:30:00,0,,,,,,,,,,,,,,,,,,,
22/01/2024 07:15:00,0,,,,,,,,,,,,,,,,,,,
22/01/2024 07:00:00,0,,,,,,,,,,,,,,,,,,,
22/01/2024 06:45:00,0,,,,,,,,,,,,,,,,,,,
22/01/2024 06:30:00,0,,,,,,,,,,,,,,,,,,,
22/01/2024 06:15:00,0,,,,,,,,,,,,,,,,,,,
22/01/2024 06:00:00,0,,,,,,,,,,,,,,,,,,,
22/01/2024 05:45:00,0,,,,,,,,,,,,,,,,,,,
22/01/2024 05:30:00,0,,,,,,,,,,,,,,,,,,,
22/01/2024 05:15:00,0,,,,,,,,,,,,,,,,,,,
22/01/2024 05:00:00,0,,,,,,,,,,,,,,,,,,,
22/01/2024 04:45:00,0,,,,,,,,,,,,,,,,,,,
22/01/2024 04:30:00,0,,,,,,,,,,,,,,,,,,,
22/01/2024 04:15:00,0,,,,,,,,,,,,,,,,,,,
22/01/2024 04:00:00,0,,,,,,,,,,,,,,,,,,,
22/01/2024 03:45:00,0,,,,,,,,,,,,,,,,,,,
22/01/2024 03:30:00,0,,,,,,,,,,,,,,,,,,,
22/01/2024 03:15:00,0,,,,,,,,,,,,,,,,,,,
22/01/2024 03:00:00,0,,,,,,,,,,,,,,,,,,,
22/01/2024 02:45:00,0,,,,,,,,,,,,,,,,,,,
22/01/2024 02:30:00,0,,,,,,,,,,,,,,,,,,,
22/01/2024 02:15:00,0,,,,,,,,,,,,,,,,,,,
22/01/2024 02:00:00,0,,,,,,,,,,,,,,,,,,,
22/01/2024 01:45:00,0,,,,,,,,,,,,,,,,,,,
22/01/2024 01:30:00,0,,,,,,,,,,,,,,,,,,,
22/01/2024 01:15:00,0,,,,,,,,,,,,,,,,,,,
22/01/2024 01:00:00,0,,,,,,,,,,,,,,,,,,,
22/01/2024 00:45:00,0,,,,,,,,,,,,,,,,,,,
22/01/2024 00:30:00,0,,,,,,,,,,,,,,,,,,,
22/01/2024 00:15:00,0,,,,,,,,,,,,,,,,,,,
22/01/2024 00:00:00,0,,,,,,,,,,,,,,,,,,,
21/01/2024 23:45:00,0,,,,,,,,,,,,,,,,,,,
21/01/2024 23:30:00,0,,,,,,,,,,,,,,,,,,,
21/01/2024 23:15:00,0,,,,,,,,,,,,,,,,,,,
21/01/2024 23:00:00,0,,,,,,,,,,,,,,,,,,,
21/01/2024 22:45:00,0,,,,,,,,,,,,,,,,,,,
21/01/2024 22:30:00,0,,,,,,,,,,,,,,,,,,,
21/01/2024 22:15:00,0,,,,,,,,,,,,,,,,,,,
21/01/2024 22:00:00,0,,,,,,,,,,,,,,,,,,,
21/01/2024 21:45:00,0,,,,,,,,,,,,,,,,,,,
21/01/2024 21:30:00,0,,,,,,,,,,,,,,,,,,,
21/01/2024 21:15:00,0,,,,,,,,,,,,,,,,,,,
21/01/2024 21:00:00,0,,,,,,,,,,,,,,,,,,,
21/01/2024 20:45:00,0,,,,,,,,,,,,,,,,,,,
21/01/2024 20:30:00,0,,,,,,,,,,,,,,,,,,,
21/01/2024 20:15:00,0,,,,,,,,,,,,,,,,,,,
21/01/2024 20:00:00,0,,,,,,,,,,,,,,,,,,,
21/01/2024 19:45:00,0,,,,,,,,,,,,,,,,,,,
21/01/2024 19:30:00,0,,,,,,,,,,,,,,,,,,,
21/01/2024 19:15:00,0,,,,,,,,,,,,,,,,,,,
21/01/2024 19:00:00,0,,,,,,,,,,,,,,,,,,,
21/01/2024 18:45:00,0,,,,,,,,,,,,,,,,,,,
21/01/2024 18:30:00,0,,,,,,,,,,,,,,,,,,,
21/01/2024 18:15:00,0,,,,,,,,,,,,,,,,,,,
21/01/2024 18:00:00,0,,,,,,,,,,,,,,,,,,,
21/01/2024 17:45:00,0,,,,,,,,,,,,,,,,,,,
21/01/2024 17:30:00,0,,,,,,,,,,,,,,,,,,,
21/01/2024 17:15:00,0,,,,,,,,,,,,,,,,,,,
21/01/2024 17:00:00,0,,,,,,,,,,,,,,,,,,,
21/01/2024 16:45:00,0,,,,,,,,,,,,,,,,,,,
21/01/2024 16:30:00,0,,,,,,,,,,,,,,,,,,,
21/01/2024 16:15:00,0,,,,,,,,,,,,,,,,,,,
21/01/2024 16:00:00,0,,,,,,,,,,,,,,,,,,,
21/01/2024 15:45:00,0,,,,,,,,,,,,,,,,,,,
21/01/2024 15:30:00,0,,,,,,,,,,,,,,,,,,,
21/01/2024 15:15:00,0,,,,,,,,,,,,,,,,,,,
21/01/2024 15:00:00,0,,,,,,,,,,,,,,,,,,,
21/01/2024 14:45:00,0,,,,,,,,,,,,,,,,,,,
21/01/2024 14:30:00,0,,,,,,,,,,,,,,,,,,,
21/01/2024 14:15:00,0,,,,,,,,,,,,,,,,,,,
21/01/2024 14:00:00,0,,,,,,,,,,,,,,,,,,,
21/01/2024 13:45:00,0,,,,,,,,,,,,,,,,,,,
21/01/2024 13:30:00,0,,,,,,,,,,,,,,,,,,,
21/01/2024 13:15:00,0,,,,,,,,,,,,,,,,,,,
21/01/2024 13:00:00,0,,,,,,,,,,,,,,,,,,,
21/01/2024 12:45:00,0,,,,,,,,,,,,,,,,,,,
21/01/2024 12:30:00,0,,,,,,,,,,,,,,,,,,,
21/01/2024 12:15:00,0,,,,,,,,,,,,,,,,,,,
21/01/2024 12:00:00,0,,,,,,,,,,,,,,,,,,,
21/01/2024 11:45:00,0,,,,,,,,,,,,,,,,,,,
21/01/2024 11:30:00,0,,,,,,,,,,,,,,,,,,,
21/01/2024 11:15:00,0,,,,,,,,,,,,,,,,,,,
21/01/2024 11:00:00,0,,,,,,,,,,,,,,,,,,,
21/01/2024 10:45:00,0,,,,,,,,,,,,,,,,,,,
21/01/2024 10:30:00,0,,,,,,,,,,,,,,,,,,,
21/01/2024 10:15:00,0,,,,,,,,,,,,,,,,,,,
21/01/2024 10:00:00,0,,,,,,,,,,,,,,,,,,,
21/01/2024 09:45:00,0,,,,,,,,,,,,,,,,,,,
21/01/2024 09:30:00,0,,,,,,,,,,,,,,,,,,,
21/01/2024 09:15:00,0,,,,,,,,,,,,,,,,,,,
21/01/2024 09:00:00,0,,,,,,,,,,,,,,,,,,,
21/01/2024 08:45:00,0,,,,,,,,,,,,,,,,,,,
21/01/2024 08:30:00,0,,,,,,,,,,,,,,,,,,,
21/01/2024 08:15:00,0,,,,,,,,,,,,,,,,,,,
21/01/2024 08:00:00,0,,,,,,,,,,,,,,,,,,,
21/01/2024 07:45:00,0,,,,,,,,,,,,,,,,,,,
21/01/2024 07:30:00,0,,,,,,,,,,,,,,,,,,,
21/01/2024 07:15:00,0,,,,,,,,,,,,,,,,,,,
21/01/2024 07:00:00,0,,,,,,,,,,,,,,,,,,,
21/01/2024 06:45:00,0,,,,,,,,,,,,,,,,,,,
21/01/2024 06:30:00,0,,,,,,,,,,,,,,,,,,,
21/01/2024 06:15:00,0.2,,,,,,,,,,,,,,,,,,,
21/01/2024 06:00:00,0.2,,,,,,,,,,,,,,,,,,,
21/01/2024 05:45:00,0,,,,,,,,,,,,,,,,,,,
21/01/2024 05:30:00,0,,,,,,,,,,,,,,,,,,,
21/01/2024 05:15:00,0,,,,,,,,,,,,,,,,,,,
21/01/2024 05:00:00,0,,,,,,,,,,,,,,,,,,,
21/01/2024 04:45:00,0,,,,,,,,,,,,,,,,,,,
21/01/2024 04:30:00,0,,,,,,,,,,,,,,,,,,,
21/01/2024 04:15:00,0,,,,,,,,,,,,,,,,,,,
21/01/2024 04:00:00,0,,,,,,,,,,,,,,,,,,,
21/01/2024 03:45:00,0,,,,,,,,,,,,,,,,,,,
21/01/2024 03:30:00,0,,,,,,,,,,,,,,,,,,,
21/01/2024 03:15:00,0,,,,,,,,,,,,,,,,,,,
21/01/2024 03:00:00,0.2,,,,,,,,,,,,,,,,,,,
21/01/2024 02:45:00,0,,,,,,,,,,,,,,,,,,,
21/01/2024 02:30:00,0,,,,,,,,,,,,,,,,,,,
21/01/2024 02:15:00,0,,,,,,,,,,,,,,,,,,,
21/01/2024 02:00:00,0,,,,,,,,,,,,,,,,,,,
21/01/2024 01:45:00,0,,,,,,,,,,,,,,,,,,,
21/01/2024 01:30:00,0.2,,,,,,,,,,,,,,,,,,,
21/01/2024 01:15:00,0,,,,,,,,,,,,,,,,,,,
21/01/2024 01:00:00,0.2,,,,,,,,,,,,,,,,,,,
21/01/2024 00:45:00,0,,,,,,,,,,,,,,,,,,,
21/01/2024 00:30:00,0,,,,,,,,,,,,,,,,,,,
21/01/2024 00:15:00,0,,,,,,,,,,,,,,,,,,,
21/01/2024 00:00:00,0,,,,,,,,,,,,,,,,,,,
20/01/2024 23:45:00,0,,,,,,,,,,,,,,,,,,,
20/01/2024 23:30:00,0,,,,,,,,,,,,,,,,,,,
20/01/2024 23:15:00,0.2,,,,,,,,,,,,,,,,,,,
20/01/2024 23:00:00,0,,,,,,,,,,,,,,,,,,,
20/01/2024 22:45:00,0,,,,,,,,,,,,,,,,,,,
20/01/2024 22:30:00,0,,,,,,,,,,,,,,,,,,,
20/01/2024 22:15:00,0,,,,,,,,,,,,,,,,,,,
20/01/2024 22:00:00,0,,,,,,,,,,,,,,,,,,,
20/01/2024 21:45:00,0.4,,,,,,,,,,,,,,,,,,,
20/01/2024 21:30:00,0,,,,,,,,,,,,,,,,,,,
20/01/2024 21:15:00,0,,,,,,,,,,,,,,,,,,,
20/01/2024 21:00:00,0,,,,,,,,,,,,,,,,,,,
20/01/2024 20:45:00,0,,,,,,,,,,,,,,,,,,,
20/01/2024 20:30:00,0,,,,,,,,,,,,,,,,,,,
20/01/2024 20:15:00,0,,,,,,,,,,,,,,,,,,,
20/01/2024 20:00:00,0,,,,,,,,,,,,,,,,,,,
20/01/2024 19:45:00,0,,,,,,,,,,,,,,,,,,,
20/01/2024 19:30:00,0,,,,,,,,,,,,,,,,,,,
20/01/2024 19:15:00,0,,,,,,,,,,,,,,,,,,,
20/01/2024 19:00:00,0,,,,,,,,,,,,,,,,,,,
20/01/2024 18:45:00,0,,,,,,,,,,,,,,,,,,,
20/01/2024 18:30:00,0,,,,,,,,,,,,,,,,,,,
20/01/2024 18:15:00,0,,,,,,,,,,,,,,,,,,,
20/01/2024 18:00:00,0,,,,,,,,,,,,,,,,,,,
20/01/2024 17:45:00,0,,,,,,,,,,,,,,,,,,,
20/01/2024 17:30:00,0,,,,,,,,,,,,,,,,,,,
20/01/2024 17:15:00,0,,,,,,,,,,,,,,,,,,,
20/01/2024 17:00:00,0,,,,,,,,,,,,,,,,,,,
20/01/2024 16:45:00,0,,,,,,,,,,,,,,,,,,,
20/01/2024 16:30:00,0,,,,,,,,,,,,,,,,,,,
20/01/2024 16:15:00,0,,,,,,,,,,,,,,,,,,,
20/01/2024 16:00:00,0,,,,,,,,,,,,,,,,,,,
20/01/2024 15:45:00,0,,,,,,,,,,,,,,,,,,,
20/01/2024 15:30:00,0,,,,,,,,,,,,,,,,,,,
20/01/2024 15:15:00,0,,,,,,,,,,,,,,,,,,,
20/01/2024 15:00:00,0,,,,,,,,,,,,,,,,,,,
20/01/2024 14:45:00,0,,,,,,,,,,,,,,,,,,,
20/01/2024 14:30:00,0,,,,,,,,,,,,,,,,,,,
20/01/2024 14:15:00,0,,,,,,,,,,,,,,,,,,,
20/01/2024 14:00:00,0,,,,,,,,,,,,,,,,,,,
20/01/2024 13:45:00,0,,,,,,,,,,,,,,,,,,,
20/01/2024 13:30:00,0,,,,,,,,,,,,,,,,,,,
20/01/2024 13:15:00,0,,,,,,,,,,,,,,,,,,,
20/01/2024 13:00:00,0,,,,,,,,,,,,,,,,,,,
20/01/2024 12:45:00,0,,,,,,,,,,,,,,,,,,,
20/01/2024 12:30:00,0,,,,,,,,,,,,,,,,,,,
20/01/2024 12:15:00,0,,,,,,,,,,,,,,,,,,,
20/01/2024 12:00:00,0,,,,,,,,,,,,,,,,,,,
20/01/2024 11:45:00,0,,,,,,,,,,,,,,,,,,,
20/01/2024 11:30:00,0,,,,,,,,,,,,,,,,,,,
20/01/2024 11:15:00,0,,,,,,,,,,,,,,,,,,,
20/01/2024 11:00:00,0,,,,,,,,,,,,,,,,,,,
20/01/2024 10:45:00,0,,,,,,,,,,,,,,,,,,,
20/01/2024 10:30:00,0,,,,,,,,,,,,,,,,,,,
20/01/2024 10:15:00,0,,,,,,,,,,,,,,,,,,,
20/01/2024 10:00:00,0,,,,,,,,,,,,,,,,,,,
20/01/2024 09:45:00,0,,,,,,,,,,,,,,,,,,,
20/01/2024 09:30:00,0,,,,,,,,,,,,,,,,,,,
20/01/2024 09:15:00,0,,,,,,,,,,,,,,,,,,,
20/01/2024 09:00:00,0,,,,,,,,,,,,,,,,,,,
20/01/2024 08:45:00,0,,,,,,,,,,,,,,,,,,,
20/01/2024 08:30:00,0,,,,,,,,,,,,,,,,,,,
20/01/2024 08:15:00,0,,,,,,,,,,,,,,,,,,,
20/01/2024 08:00:00,0,,,,,,,,,,,,,,,,,,,
20/01/2024 07:45:00,0,,,,,,,,,,,,,,,,,,,
20/01/2024 07:30:00,0,,,,,,,,,,,,,,,,,,,
20/01/2024 07:15:00,0,,,,,,,,,,,,,,,,,,,
20/01/2024 07:00:00,0,,,,,,,,,,,,,,,,,,,
20/01/2024 06:45:00,0,,,,,,,,,,,,,,,,,,,
20/01/2024 06:30:00,0,,,,,,,,,,,,,,,,,,,
20/01/2024 06:15:00,0,,,,,,,,,,,,,,,,,,,
20/01/2024 06:00:00,0,,,,,,,,,,,,,,,,,,,
20/01/2024 05:45:00,0,,,,,,,,,,,,,,,,,,,
20/01/2024 05:30:00,0,,,,,,,,,,,,,,,,,,,
20/01/2024 05:15:00,0,,,,,,,,,,,,,,,,,,,
20/01/2024 05:00:00,0,,,,,,,,,,,,,,,,,,,
20/01/2024 04:45:00,0,,,,,,,,,,,,,,,,,,,
20/01/2024 04:30:00,0,,,,,,,,,,,,,,,,,,,
20/01/2024 04:15:00,0,,,,,,,,,,,,,,,,,,,
20/01/2024 04:00:00,0,,,,,,,,,,,,,,,,,,,
20/01/2024 03:45:00,0,,,,,,,,,,,,,,,,,,,
20/01/2024 03:30:00,0,,,,,,,,,,,,,,,,,,,
20/01/2024 03:15:00,0,,,,,,,,,,,,,,,,,,,
20/01/2024 03:00:00,0,,,,,,,,,,,,,,,,,,,
20/01/2024 02:45:00,0,,,,,,,,,,,,,,,,,,,
20/01/2024 02:30:00,0,,,,,,,,,,,,,,,,,,,
20/01/2024 02:15:00,0,,,,,,,,,,,,,,,,,,,
20/01/2024 02:00:00,0,,,,,,,,,,,,,,,,,,,
20/01/2024 01:45:00,0,,,,,,,,,,,,,,,,,,,
20/01/2024 01:30:00,0,,,,,,,,,,,,,,,,,,,
20/01/2024 01:15:00,0,,,,,,,,,,,,,,,,,,,
20/01/2024 01:00:00,0,,,,,,,,,,,,,,,,,,,
20/01/2024 00:45:00,0,,,,,,,,,,,,,,,,,,,
20/01/2024 00:30:00,0,,,,,,,,,,,,,,,,,,,
20/01/2024 00:15:00,0,,,,,,,,,,,,,,,,,,,
20/01/2024 00:00:00,0,,,,,,,,,,,,,,,,,,,
19/01/2024 23:45:00,0,,,,,,,,,,,,,,,,,,,
19/01/2024 23:30:00,0,,,,,,,,,,,,,,,,,,,
19/01/2024 23:15:00,0,,,,,,,,,,,,,,,,,,,
19/01/2024 23:00:00,0,,,,,,,,,,,,,,,,,,,
19/01/2024 22:45:00,0,,,,,,,,,,,,,,,,,,,
19/01/2024 22:30:00,0.2,,,,,,,,,,,,,,,,,,,
19/01/2024 22:15:00,0.8,,,,,,,,,,,,,,,,,,,
19/01/2024 22:00:00,0,,,,,,,,,,,,,,,,,,,
19/01/2024 21:45:00,0,,,,,,,,,,,,,,,,,,,
19/01/2024 21:30:00,0,,,,,,,,,,,,,,,,,,,
19/01/2024 21:15:00,0,,,,,,,,,,,,,,,,,,,
19/01/2024 21:00:00,0,,,,,,,,,,,,,,,,,,,
19/01/2024 20:45:00,0,,,,,,,,,,,,,,,,,,,
19/01/2024 20:30:00,0,,,,,,,,,,,,,,,,,,,
19/01/2024 20:15:00,0,,,,,,,,,,,,,,,,,,,
19/01/2024 20:00:00,0,,,,,,,,,,,,,,,,,,,
19/01/2024 19:45:00,0,,,,,,,,,,,,,,,,,,,
19/01/2024 19:30:00,0,,,,,,,,,,,,,,,,,,,
19/01/2024 19:15:00,0,,,,,,,,,,,,,,,,,,,
19/01/2024 19:00:00,0,,,,,,,,,,,,,,,,,,,
19/01/2024 18:45:00,0,,,,,,,,,,,,,,,,,,,
19/01/2024 18:30:00,0,,,,,,,,,,,,,,,,,,,
19/01/2024 18:15:00,0,,,,,,,,,,,,,,,,,,,
19/01/2024 18:00:00,0,,,,,,,,,,,,,,,,,,,
19/01/2024 17:45:00,0,,,,,,,,,,,,,,,,,,,
19/01/2024 17:30:00,0,,,,,,,,,,,,,,,,,,,
19/01/2024 17:15:00,0,,,,,,,,,,,,,,,,,,,
19/01/2024 17:00:00,0,,,,,,,,,,,,,,,,,,,
19/01/2024 16:45:00,0,,,,,,,,,,,,,,,,,,,
19/01/2024 16:30:00,0,,,,,,,,,,,,,,,,,,,
19/01/2024 16:15:00,0,,,,,,,,,,,,,,,,,,,
19/01/2024 16:00:00,0,,,,,,,,,,,,,,,,,,,
19/01/2024 15:45:00,0,,,,,,,,,,,,,,,,,,,
19/01/2024 15:30:00,0,,,,,,,,,,,,,,,,,,,
19/01/2024 15:15:00,0,,,,,,,,,,,,,,,,,,,
19/01/2024 15:00:00,0,,,,,,,,,,,,,,,,,,,
19/01/2024 14:45:00,0,,,,,,,,,,,,,,,,,,,
19/01/2024 14:30:00,0,,,,,,,,,,,,,,,,,,,
19/01/2024 14:15:00,0,,,,,,,,,,,,,,,,,,,
19/01/2024 14:00:00,0,,,,,,,,,,,,,,,,,,,
19/01/2024 13:45:00,0,,,,,,,,,,,,,,,,,,,
19/01/2024 13:30:00,0,,,,,,,,,,,,,,,,,,,
19/01/2024 13:15:00,0,,,,,,,,,,,,,,,,,,,
19/01/2024 13:00:00,0,,,,,,,,,,,,,,,,,,,
19/01/2024 12:45:00,0,,,,,,,,,,,,,,,,,,,
19/01/2024 12:30:00,0,,,,,,,,,,,,,,,,,,,
19/01/2024 12:15:00,0,,,,,,,,,,,,,,,,,,,
19/01/2024 12:00:00,0,,,,,,,,,,,,,,,,,,,
19/01/2024 11:45:00,0,,,,,,,,,,,,,,,,,,,
19/01/2024 11:30:00,0,,,,,,,,,,,,,,,,,,,
19/01/2024 11:15:00,0,,,,,,,,,,,,,,,,,,,
19/01/2024 11:00:00,0,,,,,,,,,,,,,,,,,,,
19/01/2024 10:45:00,0,,,,,,,,,,,,,,,,,,,
19/01/2024 10:30:00,0,,,,,,,,,,,,,,,,,,,
19/01/2024 10:15:00,0,,,,,,,,,,,,,,,,,,,
19/01/2024 10:00:00,0,,,,,,,,,,,,,,,,,,,
19/01/2024 09:45:00,0,,,,,,,,,,,,,,,,,,,
19/01/2024 09:30:00,0,,,,,,,,,,,,,,,,,,,
19/01/2024 09:15:00,0,,,,,,,,,,,,,,,,,,,
19/01/2024 09:00:00,0,,,,,,,,,,,,,,,,,,,
19/01/2024 08:45:00,0,,,,,,,,,,,,,,,,,,,
19/01/2024 08:30:00,0,,,,,,,,,,,,,,,,,,,
19/01/2024 08:15:00,0,,,,,,,,,,,,,,,,,,,
19/01/2024 08:00:00,0,,,,,,,,,,,,,,,,,,,
19/01/2024 07:45:00,0,,,,,,,,,,,,,,,,,,,
19/01/2024 07:30:00,0,,,,,,,,,,,,,,,,,,,
19/01/2024 07:15:00,0,,,,,,,,,,,,,,,,,,,
19/01/2024 07:00:00,0,,,,,,,,,,,,,,,,,,,
19/01/2024 06:45:00,0,,,,,,,,,,,,,,,,,,,
19/01/2024 06:30:00,0,,,,,,,,,,,,,,,,,,,
19/01/2024 06:15:00,0,,,,,,,,,,,,,,,,,,,
19/01/2024 06:00:00,0,,,,,,,,,,,,,,,,,,,
19/01/2024 05:45:00,0,,,,,,,,,,,,,,,,,,,
19/01/2024 05:30:00,0,,,,,,,,,,,,,,,,,,,
19/01/2024 05:15:00,0,,,,,,,,,,,,,,,,,,,
19/01/2024 05:00:00,0,,,,,,,,,,,,,,,,,,,
19/01/2024 04:45:00,0,,,,,,,,,,,,,,,,,,,
19/01/2024 04:30:00,0,,,,,,,,,,,,,,,,,,,
19/01/2024 04:15:00,0,,,,,,,,,,,,,,,,,,,
19/01/2024 04:00:00,0,,,,,,,,,,,,,,,,,,,
19/01/2024 03:45:00,0,,,,,,,,,,,,,,,,,,,
19/01/2024 03:30:00,0,,,,,,,,,,,,,,,,,,,
19/01/2024 03:15:00,0,,,,,,,,,,,,,,,,,,,
19/01/2024 03:00:00,0,,,,,,,,,,,,,,,,,,,
19/01/2024 02:45:00,0,,,,,,,,,,,,,,,,,,,
19/01/2024 02:30:00,0,,,,,,,,,,,,,,,,,,,
19/01/2024 02:15:00,0,,,,,,,,,,,,,,,,,,,
19/01/2024 02:00:00,0,,,,,,,,,,,,,,,,,,,
19/01/2024 01:45:00,0,,,,,,,,,,,,,,,,,,,
19/01/2024 01:30:00,0,,,,,,,,,,,,,,,,,,,
19/01/2024 01:15:00,0,,,,,,,,,,,,,,,,,,,
19/01/2024 01:00:00,0,,,,,,,,,,,,,,,,,,,
19/01/2024 00:45:00,0,,,,,,,,,,,,,,,,,,,
19/01/2024 00:30:00,0,,,,,,,,,,,,,,,,,,,
19/01/2024 00:15:00,0,,,,,,,,,,,,,,,,,,,
19/01/2024 00:00:00,0,,,,,,,,,,,,,,,,,,,
18/01/2024 23:45:00,0,,,,,,,,,,,,,,,,,,,
18/01/2024 23:30:00,0,,,,,,,,,,,,,,,,,,,
18/01/2024 23:15:00,0,,,,,,,,,,,,,,,,,,,
18/01/2024 23:00:00,0,,,,,,,,,,,,,,,,,,,
18/01/2024 22:45:00,0,,,,,,,,,,,,,,,,,,,
18/01/2024 22:30:00,0,,,,,,,,,,,,,,,,,,,
18/01/2024 22:15:00,0,,,,,,,,,,,,,,,,,,,
18/01/2024 22:00:00,0,,,,,,,,,,,,,,,,,,,
18/01/2024 21:45:00,0,,,,,,,,,,,,,,,,,,,
18/01/2024 21:30:00,0,,,,,,,,,,,,,,,,,,,
18/01/2024 21:15:00,0,,,,,,,,,,,,,,,,,,,
18/01/2024 21:00:00,0,,,,,,,,,,,,,,,,,,,
18/01/2024 20:45:00,0,,,,,,,,,,,,,,,,,,,
18/01/2024 20:30:00,0,,,,,,,,,,,,,,,,,,,
18/01/2024 20:15:00,0,,,,,,,,,,,,,,,,,,,
18/01/2024 20:00:00,0,,,,,,,,,,,,,,,,,,,
18/01/2024 19:45:00,0,,,,,,,,,,,,,,,,,,,
18/01/2024 19:30:00,0,,,,,,,,,,,,,,,,,,,
18/01/2024 19:15:00,0,,,,,,,,,,,,,,,,,,,
18/01/2024 19:00:00,0,,,,,,,,,,,,,,,,,,,
18/01/2024 18:45:00,0,,,,,,,,,,,,,,,,,,,
18/01/2024 18:30:00,0,,,,,,,,,,,,,,,,,,,
18/01/2024 18:15:00,0,,,,,,,,,,,,,,,,,,,
18/01/2024 18:00:00,0,,,,,,,,,,,,,,,,,,,
18/01/2024 17:45:00,0,,,,,,,,,,,,,,,,,,,
18/01/2024 17:30:00,0,,,,,,,,,,,,,,,,,,,
18/01/2024 17:15:00,0,,,,,,,,,,,,,,,,,,,
18/01/2024 17:00:00,0,,,,,,,,,,,,,,,,,,,
18/01/2024 16:45:00,0,,,,,,,,,,,,,,,,,,,
18/01/2024 16:30:00,0,,,,,,,,,,,,,,,,,,,
18/01/2024 16:15:00,0,,,,,,,,,,,,,,,,,,,
18/01/2024 16:00:00,0,,,,,,,,,,,,,,,,,,,
18/01/2024 15:45:00,0,,,,,,,,,,,,,,,,,,,
18/01/2024 15:30:00,0,,,,,,,,,,,,,,,,,,,
18/01/2024 15:15:00,0,,,,,,,,,,,,,,,,,,,
18/01/2024 15:00:00,0,,,,,,,,,,,,,,,,,,,
18/01/2024 14:45:00,0,,,,,,,,,,,,,,,,,,,
18/01/2024 14:30:00,0,,,,,,,,,,,,,,,,,,,
18/01/2024 14:15:00,0,,,,,,,,,,,,,,,,,,,
18/01/2024 14:00:00,0,,,,,,,,,,,,,,,,,,,
18/01/2024 13:45:00,0,,,,,,,,,,,,,,,,,,,
18/01/2024 13:30:00,0,,,,,,,,,,,,,,,,,,,
18/01/2024 13:15:00,0,,,,,,,,,,,,,,,,,,,
18/01/2024 13:00:00,0.2,,,,,,,,,,,,,,,,,,,
18/01/2024 12:45:00,0,,,,,,,,,,,,,,,,,,,
18/01/2024 12:30:00,0,,,,,,,,,,,,,,,,,,,
18/01/2024 12:15:00,0,,,,,,,,,,,,,,,,,,,
18/01/2024 12:00:00,0,,,,,,,,,,,,,,,,,,,
18/01/2024 11:45:00,0,,,,,,,,,,,,,,,,,,,
18/01/2024 11:30:00,0,,,,,,,,,,,,,,,,,,,
18/01/2024 11:15:00,0,,,,,,,,,,,,,,,,,,,
18/01/2024 11:00:00,0,,,,,,,,,,,,,,,,,,,
18/01/2024 10:45:00,0,,,,,,,,,,,,,,,,,,,
18/01/2024 10:30:00,0,,,,,,,,,,,,,,,,,,,
18/01/2024 10:15:00,0,,,,,,,,,,,,,,,,,,,
18/01/2024 10:00:00,0,,,,,,,,,,,,,,,,,,,
18/01/2024 09:45:00,0,,,,,,,,,,,,,,,,,,,
18/01/2024 09:30:00,0,,,,,,,,,,,,,,,,,,,
18/01/2024 09:15:00,0,,,,,,,,,,,,,,,,,,,
18/01/2024 09:00:00,0,,,,,,,,,,,,,,,,,,,
18/01/2024 08:45:00,0,,,,,,,,,,,,,,,,,,,
18/01/2024 08:30:00,0,,,,,,,,,,,,,,,,,,,
18/01/2024 08:15:00,0,,,,,,,,,,,,,,,,,,,
18/01/2024 08:00:00,0,,,,,,,,,,,,,,,,,,,
18/01/2024 07:45:00,0,,,,,,,,,,,,,,,,,,,
18/01/2024 07:30:00,0,,,,,,,,,,,,,,,,,,,
18/01/2024 07:15:00,0.2,,,,,,,,,,,,,,,,,,,
18/01/2024 07:00:00,0.2,,,,,,,,,,,,,,,,,,,
18/01/2024 06:45:00,0,,,,,,,,,,,,,,,,,,,
18/01/2024 06:30:00,0,,,,,,,,,,,,,,,,,,,
18/01/2024 06:15:00,0,,,,,,,,,,,,,,,,,,,
18/01/2024 06:00:00,0,,,,,,,,,,,,,,,,,,,
18/01/2024 05:45:00,0,,,,,,,,,,,,,,,,,,,
18/01/2024 05:30:00,0,,,,,,,,,,,,,,,,,,,
18/01/2024 05:15:00,0,,,,,,,,,,,,,,,,,,,
18/01/2024 05:00:00,0,,,,,,,,,,,,,,,,,,,
18/01/2024 04:45:00,0,,,,,,,,,,,,,,,,,,,
18/01/2024 04:30:00,0,,,,,,,,,,,,,,,,,,,
18/01/2024 04:15:00,0,,,,,,,,,,,,,,,,,,,
18/01/2024 04:00:00,0,,,,,,,,,,,,,,,,,,,
18/01/2024 03:45:00,0,,,,,,,,,,,,,,,,,,,
18/01/2024 03:30:00,0,,,,,,,,,,,,,,,,,,,
18/01/2024 03:15:00,0,,,,,,,,,,,,,,,,,,,
18/01/2024 03:00:00,0,,,,,,,,,,,,,,,,,,,
18/01/2024 02:45:00,0,,,,,,,,,,,,,,,,,,,
18/01/2024 02:30:00,0,,,,,,,,,,,,,,,,,,,
18/01/2024 02:15:00,0,,,,,,,,,,,,,,,,,,,
18/01/2024 02:00:00,0,,,,,,,,,,,,,,,,,,,
18/01/2024 01:45:00,0,,,,,,,,,,,,,,,,,,,
18/01/2024 01:30:00,0,,,,,,,,,,,,,,,,,,,
18/01/2024 01:15:00,0,,,,,,,,,,,,,,,,,,,
18/01/2024 01:00:00,0,,,,,,,,,,,,,,,,,,,
18/01/2024 00:45:00,0,,,,,,,,,,,,,,,,,,,
18/01/2024 00:30:00,0,,,,,,,,,,,,,,,,,,,
18/01/2024 00:15:00,0,,,,,,,,,,,,,,,,,,,
18/01/2024 00:00:00,0,,,,,,,,,,,,,,,,,,,
17/01/2024 23:45:00,0,,,,,,,,,,,,,,,,,,,
17/01/2024 23:30:00,0,,,,,,,,,,,,,,,,,,,
17/01/2024 23:15:00,0,,,,,,,,,,,,,,,,,,,
17/01/2024 23:00:00,0,,,,,,,,,,,,,,,,,,,
17/01/2024 22:45:00,0,,,,,,,,,,,,,,,,,,,
17/01/2024 22:30:00,0,,,,,,,,,,,,,,,,,,,
17/01/2024 22:15:00,0,,,,,,,,,,,,,,,,,,,
17/01/2024 22:00:00,0,,,,,,,,,,,,,,,,,,,
17/01/2024 21:45:00,0,,,,,,,,,,,,,,,,,,,
17/01/2024 21:30:00,0,,,,,,,,,,,,,,,,,,,
17/01/2024 21:15:00,0,,,,,,,,,,,,,,,,,,,
17/01/2024 21:00:00,0,,,,,,,,,,,,,,,,,,,
17/01/2024 20:45:00,0,,,,,,,,,,,,,,,,,,,
17/01/2024 20:30:00,0,,,,,,,,,,,,,,,,,,,
17/01/2024 20:15:00,0,,,,,,,,,,,,,,,,,,,
17/01/2024 20:00:00,0.2,,,,,,,,,,,,,,,,,,,
17/01/2024 19:45:00,0.2,,,,,,,,,,,,,,,,,,,
17/01/2024 19:30:00,0,,,,,,,,,,,,,,,,,,,
17/01/2024 19:15:00,0,,,,,,,,,,,,,,,,,,,
17/01/2024 19:00:00,0,,,,,,,,,,,,,,,,,,,
17/01/2024 18:45:00,0,,,,,,,,,,,,,,,,,,,
17/01/2024 18:30:00,0,,,,,,,,,,,,,,,,,,,
17/01/2024 18:15:00,0,,,,,,,,,,,,,,,,,,,
17/01/2024 18:00:00,0,,,,,,,,,,,,,,,,,,,
17/01/2024 17:45:00,0,,,,,,,,,,,,,,,,,,,
17/01/2024 17:30:00,0,,,,,,,,,,,,,,,,,,,
17/01/2024 17:15:00,0,,,,,,,,,,,,,,,,,,,
17/01/2024 17:00:00,0,,,,,,,,,,,,,,,,,,,
17/01/2024 16:45:00,0,,,,,,,,,,,,,,,,,,,
17/01/2024 16:30:00,0,,,,,,,,,,,,,,,,,,,
17/01/2024 16:15:00,0,,,,,,,,,,,,,,,,,,,
17/01/2024 16:00:00,0,,,,,,,,,,,,,,,,,,,
17/01/2024 15:45:00,0,,,,,,,,,,,,,,,,,,,
17/01/2024 15:30:00,0,,,,,,,,,,,,,,,,,,,
17/01/2024 15:15:00,0,,,,,,,,,,,,,,,,,,,
17/01/2024 15:00:00,0,,,,,,,,,,,,,,,,,,,
17/01/2024 14:45:00,0,,,,,,,,,,,,,,,,,,,
17/01/2024 14:30:00,0,,,,,,,,,,,,,,,,,,,
17/01/2024 14:15:00,0,,,,,,,,,,,,,,,,,,,
17/01/2024 14:00:00,0,,,,,,,,,,,,,,,,,,,
17/01/2024 13:45:00,0,,,,,,,,,,,,,,,,,,,
17/01/2024 13:30:00,0,,,,,,,,,,,,,,,,,,,
17/01/2024 13:15:00,0,,,,,,,,,,,,,,,,,,,
17/01/2024 13:00:00,0,,,,,,,,,,,,,,,,,,,
17/01/2024 12:45:00,0,,,,,,,,,,,,,,,,,,,
17/01/2024 12:30:00,0,,,,,,,,,,,,,,,,,,,
17/01/2024 12:15:00,0,,,,,,,,,,,,,,,,,,,
17/01/2024 12:00:00,0,,,,,,,,,,,,,,,,,,,
17/01/2024 11:45:00,0,,,,,,,,,,,,,,,,,,,
17/01/2024 11:30:00,0,,,,,,,,,,,,,,,,,,,
17/01/2024 11:15:00,0,,,,,,,,,,,,,,,,,,,
17/01/2024 11:00:00,0,,,,,,,,,,,,,,,,,,,
17/01/2024 10:45:00,0,,,,,,,,,,,,,,,,,,,
17/01/2024 10:30:00,0,,,,,,,,,,,,,,,,,,,
17/01/2024 10:15:00,0,,,,,,,,,,,,,,,,,,,
17/01/2024 10:00:00,0,,,,,,,,,,,,,,,,,,,
17/01/2024 09:45:00,0,,,,,,,,,,,,,,,,,,,
17/01/2024 09:30:00,0,,,,,,,,,,,,,,,,,,,
17/01/2024 09:15:00,0,,,,,,,,,,,,,,,,,,,
17/01/2024 09:00:00,0,,,,,,,,,,,,,,,,,,,
17/01/2024 08:45:00,0,,,,,,,,,,,,,,,,,,,
17/01/2024 08:30:00,0,,,,,,,,,,,,,,,,,,,
17/01/2024 08:15:00,0,,,,,,,,,,,,,,,,,,,
17/01/2024 08:00:00,0,,,,,,,,,,,,,,,,,,,
17/01/2024 07:45:00,0,,,,,,,,,,,,,,,,,,,
17/01/2024 07:30:00,0,,,,,,,,,,,,,,,,,,,
17/01/2024 07:15:00,0,,,,,,,,,,,,,,,,,,,
17/01/2024 07:00:00,0,,,,,,,,,,,,,,,,,,,
17/01/2024 06:45:00,0,,,,,,,,,,,,,,,,,,,
17/01/2024 06:30:00,0,,,,,,,,,,,,,,,,,,,
17/01/2024 06:15:00,0,,,,,,,,,,,,,,,,,,,
17/01/2024 06:00:00,0,,,,,,,,,,,,,,,,,,,
17/01/2024 05:45:00,0,,,,,,,,,,,,,,,,,,,
17/01/2024 05:30:00,0,,,,,,,,,,,,,,,,,,,
17/01/2024 05:15:00,0,,,,,,,,,,,,,,,,,,,
17/01/2024 05:00:00,0,,,,,,,,,,,,,,,,,,,
17/01/2024 04:45:00,0,,,,,,,,,,,,,,,,,,,
17/01/2024 04:30:00,0,,,,,,,,,,,,,,,,,,,
17/01/2024 04:15:00,0,,,,,,,,,,,,,,,,,,,
17/01/2024 04:00:00,0,,,,,,,,,,,,,,,,,,,
17/01/2024 03:45:00,0,,,,,,,,,,,,,,,,,,,
17/01/2024 03:30:00,0,,,,,,,,,,,,,,,,,,,
17/01/2024 03:15:00,0,,,,,,,,,,,,,,,,,,,
17/01/2024 03:00:00,0,,,,,,,,,,,,,,,,,,,
17/01/2024 02:45:00,0,,,,,,,,,,,,,,,,,,,
17/01/2024 02:30:00,0,,,,,,,,,,,,,,,,,,,
17/01/2024 02:15:00,0,,,,,,,,,,,,,,,,,,,
17/01/2024 02:00:00,0.2,,,,,,,,,,,,,,,,,,,
17/01/2024 01:45:00,0.2,,,,,,,,,,,,,,,,,,,
17/01/2024 01:30:00,0.4,,,,,,,,,,,,,,,,,,,
17/01/2024 01:15:00,1.2,,,,,,,,,,,,,,,,,,,
17/01/2024 01:00:00,1,,,,,,,,,,,,,,,,,,,
17/01/2024 00:45:00,1,,,,,,,,,,,,,,,,,,,
17/01/2024 00:30:00,1.4,,,,,,,,,,,,,,,,,,,
17/01/2024 00:15:00,1.6,,,,,,,,,,,,,,,,,,,
17/01/2024 00:00:00,1.8,,,,,,,,,,,,,,,,,,,
16/01/2024 23:45:00,1.2,,,,,,,,,,,,,,,,,,,
16/01/2024 23:30:00,0.8,,,,,,,,,,,,,,,,,,,
16/01/2024 23:15:00,2,,,,,,,,,,,,,,,,,,,
16/01/2024 23:00:00,17.2,,,,,,,,,,,,,,,,,,,
16/01/2024 22:45:00,40.2,,,,,,,,,,,,,,,,,,,
16/01/2024 22:30:00,17,,,,,,,,,,,,,,,,,,,
16/01/2024 22:15:00,0.8,,,,,,,,,,,,,,,,,,,
16/01/2024 22:00:00,0.4,,,,,,,,,,,,,,,,,,,
16/01/2024 21:45:00,0.2,,,,,,,,,,,,,,,,,,,
16/01/2024 21:30:00,0,,,,,,,,,,,,,,,,,,,
16/01/2024 21:15:00,0,,,,,,,,,,,,,,,,,,,
16/01/2024 21:00:00,0,,,,,,,,,,,,,,,,,,,
16/01/2024 20:45:00,0,,,,,,,,,,,,,,,,,,,
16/01/2024 20:30:00,0,,,,,,,,,,,,,,,,,,,
16/01/2024 20:15:00,0,,,,,,,,,,,,,,,,,,,
16/01/2024 20:00:00,0,,,,,,,,,,,,,,,,,,,
16/01/2024 19:45:00,0,,,,,,,,,,,,,,,,,,,
16/01/2024 19:30:00,0,,,,,,,,,,,,,,,,,,,
16/01/2024 19:15:00,0,,,,,,,,,,,,,,,,,,,
16/01/2024 19:00:00,0,,,,,,,,,,,,,,,,,,,
16/01/2024 18:45:00,0,,,,,,,,,,,,,,,,,,,
16/01/2024 18:30:00,0,,,,,,,,,,,,,,,,,,,
16/01/2024 18:15:00,0,,,,,,,,,,,,,,,,,,,
16/01/2024 18:00:00,0,,,,,,,,,,,,,,,,,,,
16/01/2024 17:45:00,0,,,,,,,,,,,,,,,,,,,
16/01/2024 17:30:00,0,,,,,,,,,,,,,,,,,,,
16/01/2024 17:15:00,0,,,,,,,,,,,,,,,,,,,
16/01/2024 17:00:00,0,,,,,,,,,,,,,,,,,,,
16/01/2024 16:45:00,2.8,,,,,,,,,,,,,,,,,,,
16/01/2024 16:30:00,1.4,,,,,,,,,,,,,,,,,,,
16/01/2024 16:15:00,0,,,,,,,,,,,,,,,,,,,
16/01/2024 16:00:00,0,,,,,,,,,,,,,,,,,,,
16/01/2024 15:45:00,0,,,,,,,,,,,,,,,,,,,
16/01/2024 15:30:00,0,,,,,,,,,,,,,,,,,,,
16/01/2024 15:15:00,0,,,,,,,,,,,,,,,,,,,
16/01/2024 15:00:00,0,,,,,,,,,,,,,,,,,,,
16/01/2024 14:45:00,0,,,,,,,,,,,,,,,,,,,
16/01/2024 14:30:00,0,,,,,,,,,,,,,,,,,,,
16/01/2024 14:15:00,0,,,,,,,,,,,,,,,,,,,
16/01/2024 14:00:00,0,,,,,,,,,,,,,,,,,,,
16/01/2024 13:45:00,0,,,,,,,,,,,,,,,,,,,
16/01/2024 13:30:00,0,,,,,,,,,,,,,,,,,,,
16/01/2024 13:15:00,0,,,,,,,,,,,,,,,,,,,
16/01/2024 13:00:00,0,,,,,,,,,,,,,,,,,,,
16/01/2024 12:45:00,0,,,,,,,,,,,,,,,,,,,
16/01/2024 12:30:00,0,,,,,,,,,,,,,,,,,,,
16/01/2024 12:15:00,0,,,,,,,,,,,,,,,,,,,
16/01/2024 12:00:00,0,,,,,,,,,,,,,,,,,,,
16/01/2024 11:45:00,0,,,,,,,,,,,,,,,,,,,
16/01/2024 11:30:00,0,,,,,,,,,,,,,,,,,,,
16/01/2024 11:15:00,0,,,,,,,,,,,,,,,,,,,
16/01/2024 11:00:00,0,,,,,,,,,,,,,,,,,,,
16/01/2024 10:45:00,0,,,,,,,,,,,,,,,,,,,
16/01/2024 10:30:00,0,,,,,,,,,,,,,,,,,,,
16/01/2024 10:15:00,0,,,,,,,,,,,,,,,,,,,
16/01/2024 10:00:00,0,,,,,,,,,,,,,,,,,,,
16/01/2024 09:45:00,0,,,,,,,,,,,,,,,,,,,
16/01/2024 09:30:00,0,,,,,,,,,,,,,,,,,,,
16/01/2024 09:15:00,0,,,,,,,,,,,,,,,,,,,
16/01/2024 09:00:00,0,,,,,,,,,,,,,,,,,,,
16/01/2024 08:45:00,0,,,,,,,,,,,,,,,,,,,
16/01/2024 08:30:00,0,,,,,,,,,,,,,,,,,,,
16/01/2024 08:15:00,0,,,,,,,,,,,,,,,,,,,
16/01/2024 08:00:00,0,,,,,,,,,,,,,,,,,,,
16/01/2024 07:45:00,0,,,,,,,,,,,,,,,,,,,
16/01/2024 07:30:00,0,,,,,,,,,,,,,,,,,,,
16/01/2024 07:15:00,0,,,,,,,,,,,,,,,,,,,
16/01/2024 07:00:00,0,,,,,,,,,,,,,,,,,,,
16/01/2024 06:45:00,0,,,,,,,,,,,,,,,,,,,
16/01/2024 06:30:00,0,,,,,,,,,,,,,,,,,,,
16/01/2024 06:15:00,0,,,,,,,,,,,,,,,,,,,
16/01/2024 06:00:00,0,,,,,,,,,,,,,,,,,,,
16/01/2024 05:45:00,0,,,,,,,,,,,,,,,,,,,
16/01/2024 05:30:00,0,,,,,,,,,,,,,,,,,,,
16/01/2024 05:15:00,0,,,,,,,,,,,,,,,,,,,
16/01/2024 05:00:00,0,,,,,,,,,,,,,,,,,,,
16/01/2024 04:45:00,0,,,,,,,,,,,,,,,,,,,
16/01/2024 04:30:00,0,,,,,,,,,,,,,,,,,,,
16/01/2024 04:15:00,0,,,,,,,,,,,,,,,,,,,
16/01/2024 04:00:00,0,,,,,,,,,,,,,,,,,,,
16/01/2024 03:45:00,0,,,,,,,,,,,,,,,,,,,
16/01/2024 03:30:00,0,,,,,,,,,,,,,,,,,,,
16/01/2024 03:15:00,0,,,,,,,,,,,,,,,,,,,
16/01/2024 03:00:00,0,,,,,,,,,,,,,,,,,,,
16/01/2024 02:45:00,0,,,,,,,,,,,,,,,,,,,
16/01/2024 02:30:00,0,,,,,,,,,,,,,,,,,,,
16/01/2024 02:15:00,0,,,,,,,,,,,,,,,,,,,
16/01/2024 02:00:00,0,,,,,,,,,,,,,,,,,,,
16/01/2024 01:45:00,0,,,,,,,,,,,,,,,,,,,
16/01/2024 01:30:00,0,,,,,,,,,,,,,,,,,,,
16/01/2024 01:15:00,0,,,,,,,,,,,,,,,,,,,
16/01/2024 01:00:00,0,,,,,,,,,,,,,,,,,,,
16/01/2024 00:45:00,0,,,,,,,,,,,,,,,,,,,
16/01/2024 00:30:00,0,,,,,,,,,,,,,,,,,,,
16/01/2024 00:15:00,0,,,,,,,,,,,,,,,,,,,
16/01/2024 00:00:00,0,,,,,,,,,,,,,,,,,,,
15/01/2024 23:45:00,0,,,,,,,,,,,,,,,,,,,
15/01/2024 23:30:00,0,,,,,,,,,,,,,,,,,,,
15/01/2024 23:15:00,0,,,,,,,,,,,,,,,,,,,
15/01/2024 23:00:00,0,,,,,,,,,,,,,,,,,,,
15/01/2024 22:45:00,0,,,,,,,,,,,,,,,,,,,
15/01/2024 22:30:00,0,,,,,,,,,,,,,,,,,,,
15/01/2024 22:15:00,0,,,,,,,,,,,,,,,,,,,
15/01/2024 22:00:00,0,,,,,,,,,,,,,,,,,,,
15/01/2024 21:45:00,0,,,,,,,,,,,,,,,,,,,
15/01/2024 21:30:00,0,,,,,,,,,,,,,,,,,,,
15/01/2024 21:15:00,0,,,,,,,,,,,,,,,,,,,
15/01/2024 21:00:00,0,,,,,,,,,,,,,,,,,,,
15/01/2024 20:45:00,0,,,,,,,,,,,,,,,,,,,
15/01/2024 20:30:00,0,,,,,,,,,,,,,,,,,,,
15/01/2024 20:15:00,0,,,,,,,,,,,,,,,,,,,
15/01/2024 20:00:00,0,,,,,,,,,,,,,,,,,,,
15/01/2024 19:45:00,0,,,,,,,,,,,,,,,,,,,
15/01/2024 19:30:00,0,,,,,,,,,,,,,,,,,,,
15/01/2024 19:15:00,0,,,,,,,,,,,,,,,,,,,
15/01/2024 19:00:00,0,,,,,,,,,,,,,,,,,,,
15/01/2024 18:45:00,0,,,,,,,,,,,,,,,,,,,
15/01/2024 18:30:00,0,,,,,,,,,,,,,,,,,,,
15/01/2024 18:15:00,0,,,,,,,,,,,,,,,,,,,
15/01/2024 18:00:00,0,,,,,,,,,,,,,,,,,,,
15/01/2024 17:45:00,0,,,,,,,,,,,,,,,,,,,
15/01/2024 17:30:00,0,,,,,,,,,,,,,,,,,,,
15/01/2024 17:15:00,0,,,,,,,,,,,,,,,,,,,
15/01/2024 17:00:00,0,,,,,,,,,,,,,,,,,,,
15/01/2024 16:45:00,0,,,,,,,,,,,,,,,,,,,
15/01/2024 16:30:00,0,,,,,,,,,,,,,,,,,,,
15/01/2024 16:15:00,0,,,,,,,,,,,,,,,,,,,
15/01/2024 16:00:00,0,,,,,,,,,,,,,,,,,,,
15/01/2024 15:45:00,0,,,,,,,,,,,,,,,,,,,
15/01/2024 15:30:00,0,,,,,,,,,,,,,,,,,,,
15/01/2024 15:15:00,0,,,,,,,,,,,,,,,,,,,
15/01/2024 15:00:00,0,,,,,,,,,,,,,,,,,,,
15/01/2024 14:45:00,0,,,,,,,,,,,,,,,,,,,
15/01/2024 14:30:00,0,,,,,,,,,,,,,,,,,,,
15/01/2024 14:15:00,0,,,,,,,,,,,,,,,,,,,
15/01/2024 14:00:00,0,,,,,,,,,,,,,,,,,,,
15/01/2024 13:45:00,0,,,,,,,,,,,,,,,,,,,
15/01/2024 13:30:00,0,,,,,,,,,,,,,,,,,,,
15/01/2024 13:15:00,0,,,,,,,,,,,,,,,,,,,
15/01/2024 13:00:00,0,,,,,,,,,,,,,,,,,,,
15/01/2024 12:45:00,0,,,,,,,,,,,,,,,,,,,
15/01/2024 12:30:00,0,,,,,,,,,,,,,,,,,,,
15/01/2024 12:15:00,0,,,,,,,,,,,,,,,,,,,
15/01/2024 12:00:00,0,,,,,,,,,,,,,,,,,,,
15/01/2024 11:45:00,0,,,,,,,,,,,,,,,,,,,
15/01/2024 11:30:00,0.2,,,,,,,,,,,,,,,,,,,
15/01/2024 11:15:00,0,,,,,,,,,,,,,,,,,,,
15/01/2024 11:00:00,0,,,,,,,,,,,,,,,,,,,
15/01/2024 10:45:00,0,,,,,,,,,,,,,,,,,,,
15/01/2024 10:30:00,0,,,,,,,,,,,,,,,,,,,
15/01/2024 10:15:00,0,,,,,,,,,,,,,,,,,,,
15/01/2024 10:00:00,0,,,,,,,,,,,,,,,,,,,
15/01/2024 09:45:00,0,,,,,,,,,,,,,,,,,,,
15/01/2024 09:30:00,0,,,,,,,,,,,,,,,,,,,
15/01/2024 09:15:00,0,,,,,,,,,,,,,,,,,,,
15/01/2024 09:00:00,0,,,,,,,,,,,,,,,,,,,
15/01/2024 08:45:00,0,,,,,,,,,,,,,,,,,,,
15/01/2024 08:30:00,0,,,,,,,,,,,,,,,,,,,
15/01/2024 08:15:00,0,,,,,,,,,,,,,,,,,,,
15/01/2024 08:00:00,0,,,,,,,,,,,,,,,,,,,
15/01/2024 07:45:00,0,,,,,,,,,,,,,,,,,,,
15/01/2024 07:30:00,0,,,,,,,,,,,,,,,,,,,
15/01/2024 07:15:00,0,,,,,,,,,,,,,,,,,,,
15/01/2024 07:00:00,0,,,,,,,,,,,,,,,,,,,
15/01/2024 06:45:00,0,,,,,,,,,,,,,,,,,,,
15/01/2024 06:30:00,0,,,,,,,,,,,,,,,,,,,
15/01/2024 06:15:00,0,,,,,,,,,,,,,,,,,,,
15/01/2024 06:00:00,0,,,,,,,,,,,,,,,,,,,
15/01/2024 05:45:00,0,,,,,,,,,,,,,,,,,,,
15/01/2024 05:30:00,0,,,,,,,,,,,,,,,,,,,
15/01/2024 05:15:00,0,,,,,,,,,,,,,,,,,,,
15/01/2024 05:00:00,0,,,,,,,,,,,,,,,,,,,
15/01/2024 04:45:00,0,,,,,,,,,,,,,,,,,,,
15/01/2024 04:30:00,0,,,,,,,,,,,,,,,,,,,
15/01/2024 04:15:00,0,,,,,,,,,,,,,,,,,,,
15/01/2024 04:00:00,0,,,,,,,,,,,,,,,,,,,
15/01/2024 03:45:00,0,,,,,,,,,,,,,,,,,,,
15/01/2024 03:30:00,0,,,,,,,,,,,,,,,,,,,
15/01/2024 03:15:00,0,,,,,,,,,,,,,,,,,,,
15/01/2024 03:00:00,0,,,,,,,,,,,,,,,,,,,
15/01/2024 02:45:00,0,,,,,,,,,,,,,,,,,,,
15/01/2024 02:30:00,0,,,,,,,,,,,,,,,,,,,
15/01/2024 02:15:00,0,,,,,,,,,,,,,,,,,,,
15/01/2024 02:00:00,0,,,,,,,,,,,,,,,,,,,
15/01/2024 01:45:00,0,,,,,,,,,,,,,,,,,,,
15/01/2024 01:30:00,0,,,,,,,,,,,,,,,,,,,
15/01/2024 01:15:00,0,,,,,,,,,,,,,,,,,,,
15/01/2024 01:00:00,0,,,,,,,,,,,,,,,,,,,
15/01/2024 00:45:00,0,,,,,,,,,,,,,,,,,,,
15/01/2024 00:30:00,0,,,,,,,,,,,,,,,,,,,
15/01/2024 00:15:00,0,,,,,,,,,,,,,,,,,,,
15/01/2024 00:00:00,0,,,,,,,,,,,,,,,,,,,
14/01/2024 23:45:00,0,,,,,,,,,,,,,,,,,,,
14/01/2024 23:30:00,0,,,,,,,,,,,,,,,,,,,
14/01/2024 23:15:00,0,,,,,,,,,,,,,,,,,,,
14/01/2024 23:00:00,0,,,,,,,,,,,,,,,,,,,
14/01/2024 22:45:00,0,,,,,,,,,,,,,,,,,,,
14/01/2024 22:30:00,0,,,,,,,,,,,,,,,,,,,
14/01/2024 22:15:00,0,,,,,,,,,,,,,,,,,,,
14/01/2024 22:00:00,0,,,,,,,,,,,,,,,,,,,
14/01/2024 21:45:00,0,,,,,,,,,,,,,,,,,,,
14/01/2024 21:30:00,0,,,,,,,,,,,,,,,,,,,
14/01/2024 21:15:00,0,,,,,,,,,,,,,,,,,,,
14/01/2024 21:00:00,0,,,,,,,,,,,,,,,,,,,
14/01/2024 20:45:00,0,,,,,,,,,,,,,,,,,,,
14/01/2024 20:30:00,0.2,,,,,,,,,,,,,,,,,,,
14/01/2024 20:15:00,0.4,,,,,,,,,,,,,,,,,,,
14/01/2024 20:00:00,0.6,,,,,,,,,,,,,,,,,,,
14/01/2024 19:45:00,0.8,,,,,,,,,,,,,,,,,,,
14/01/2024 19:30:00,0.8,,,,,,,,,,,,,,,,,,,
14/01/2024 19:15:00,1.2,,,,,,,,,,,,,,,,,,,
14/01/2024 19:00:00,0.2,,,,,,,,,,,,,,,,,,,
14/01/2024 18:45:00,2.2,,,,,,,,,,,,,,,,,,,
14/01/2024 18:30:00,14,,,,,,,,,,,,,,,,,,,
14/01/2024 18:15:00,0.2,,,,,,,,,,,,,,,,,,,
14/01/2024 18:00:00,0.2,,,,,,,,,,,,,,,,,,,
14/01/2024 17:45:00,0,,,,,,,,,,,,,,,,,,,
14/01/2024 17:30:00,0,,,,,,,,,,,,,,,,,,,
14/01/2024 17:15:00,2.2,,,,,,,,,,,,,,,,,,,
14/01/2024 17:00:00,6.4,,,,,,,,,,,,,,,,,,,
14/01/2024 16:45:00,3.4,,,,,,,,,,,,,,,,,,,
14/01/2024 16:30:00,0,,,,,,,,,,,,,,,,,,,
14/01/2024 16:15:00,0,,,,,,,,,,,,,,,,,,,
14/01/2024 16:00:00,0,,,,,,,,,,,,,,,,,,,
14/01/2024 15:45:00,0,,,,,,,,,,,,,,,,,,,
14/01/2024 15:30:00,0,,,,,,,,,,,,,,,,,,,
14/01/2024 15:15:00,0,,,,,,,,,,,,,,,,,,,
14/01/2024 15:00:00,0,,,,,,,,,,,,,,,,,,,
14/01/2024 14:45:00,0,,,,,,,,,,,,,,,,,,,
14/01/2024 14:30:00,0,,,,,,,,,,,,,,,,,,,
14/01/2024 14:15:00,0,,,,,,,,,,,,,,,,,,,
14/01/2024 14:00:00,0,,,,,,,,,,,,,,,,,,,
14/01/2024 13:45:00,0,,,,,,,,,,,,,,,,,,,
14/01/2024 13:30:00,0,,,,,,,,,,,,,,,,,,,
14/01/2024 13:15:00,0,,,,,,,,,,,,,,,,,,,
14/01/2024 13:00:00,0,,,,,,,,,,,,,,,,,,,
14/01/2024 12:45:00,0,,,,,,,,,,,,,,,,,,,
14/01/2024 12:30:00,0,,,,,,,,,,,,,,,,,,,
14/01/2024 12:15:00,0,,,,,,,,,,,,,,,,,,,
14/01/2024 12:00:00,0,,,,,,,,,,,,,,,,,,,
14/01/2024 11:45:00,0,,,,,,,,,,,,,,,,,,,
14/01/2024 11:30:00,0,,,,,,,,,,,,,,,,,,,
14/01/2024 11:15:00,0,,,,,,,,,,,,,,,,,,,
14/01/2024 11:00:00,0,,,,,,,,,,,,,,,,,,,
14/01/2024 10:45:00,0,,,,,,,,,,,,,,,,,,,
14/01/2024 10:30:00,0,,,,,,,,,,,,,,,,,,,
14/01/2024 10:15:00,0,,,,,,,,,,,,,,,,,,,
14/01/2024 10:00:00,0,,,,,,,,,,,,,,,,,,,
14/01/2024 09:45:00,0,,,,,,,,,,,,,,,,,,,
14/01/2024 09:30:00,0,,,,,,,,,,,,,,,,,,,
14/01/2024 09:15:00,0,,,,,,,,,,,,,,,,,,,
14/01/2024 09:00:00,0,,,,,,,,,,,,,,,,,,,
14/01/2024 08:45:00,0,,,,,,,,,,,,,,,,,,,
14/01/2024 08:30:00,0,,,,,,,,,,,,,,,,,,,
14/01/2024 08:15:00,0,,,,,,,,,,,,,,,,,,,
14/01/2024 08:00:00,0,,,,,,,,,,,,,,,,,,,
14/01/2024 07:45:00,0,,,,,,,,,,,,,,,,,,,
14/01/2024 07:30:00,0,,,,,,,,,,,,,,,,,,,
14/01/2024 07:15:00,0,,,,,,,,,,,,,,,,,,,
14/01/2024 07:00:00,0,,,,,,,,,,,,,,,,,,,
14/01/2024 06:45:00,0,,,,,,,,,,,,,,,,,,,
14/01/2024 06:30:00,0,,,,,,,,,,,,,,,,,,,
14/01/2024 06:15:00,0,,,,,,,,,,,,,,,,,,,
14/01/2024 06:00:00,0,,,,,,,,,,,,,,,,,,,
14/01/2024 05:45:00,0,,,,,,,,,,,,,,,,,,,
14/01/2024 05:30:00,0,,,,,,,,,,,,,,,,,,,
14/01/2024 05:15:00,0,,,,,,,,,,,,,,,,,,,
14/01/2024 05:00:00,0,,,,,,,,,,,,,,,,,,,
14/01/2024 04:45:00,0,,,,,,,,,,,,,,,,,,,
14/01/2024 04:30:00,0,,,,,,,,,,,,,,,,,,,
14/01/2024 04:15:00,0,,,,,,,,,,,,,,,,,,,
14/01/2024 04:00:00,0,,,,,,,,,,,,,,,,,,,
14/01/2024 03:45:00,0,,,,,,,,,,,,,,,,,,,
14/01/2024 03:30:00,0,,,,,,,,,,,,,,,,,,,
14/01/2024 03:15:00,0,,,,,,,,,,,,,,,,,,,
14/01/2024 03:00:00,0,,,,,,,,,,,,,,,,,,,
14/01/2024 02:45:00,0,,,,,,,,,,,,,,,,,,,
14/01/2024 02:30:00,0,,,,,,,,,,,,,,,,,,,
14/01/2024 02:15:00,0,,,,,,,,,,,,,,,,,,,
14/01/2024 02:00:00,0,,,,,,,,,,,,,,,,,,,
14/01/2024 01:45:00,0,,,,,,,,,,,,,,,,,,,
14/01/2024 01:30:00,0,,,,,,,,,,,,,,,,,,,
14/01/2024 01:15:00,0,,,,,,,,,,,,,,,,,,,
14/01/2024 01:00:00,0,,,,,,,,,,,,,,,,,,,
14/01/2024 00:45:00,0,,,,,,,,,,,,,,,,,,,
14/01/2024 00:30:00,0,,,,,,,,,,,,,,,,,,,
14/01/2024 00:15:00,0,,,,,,,,,,,,,,,,,,,
14/01/2024 00:00:00,0,,,,,,,,,,,,,,,,,,,
13/01/2024 23:45:00,0,,,,,,,,,,,,,,,,,,,
13/01/2024 23:30:00,0,,,,,,,,,,,,,,,,,,,
13/01/2024 23:15:00,0,,,,,,,,,,,,,,,,,,,
13/01/2024 23:00:00,0,,,,,,,,,,,,,,,,,,,
13/01/2024 22:45:00,0,,,,,,,,,,,,,,,,,,,
13/01/2024 22:30:00,0,,,,,,,,,,,,,,,,,,,
13/01/2024 22:15:00,0,,,,,,,,,,,,,,,,,,,
13/01/2024 22:00:00,0,,,,,,,,,,,,,,,,,,,
13/01/2024 21:45:00,0,,,,,,,,,,,,,,,,,,,
13/01/2024 21:30:00,0,,,,,,,,,,,,,,,,,,,
13/01/2024 21:15:00,0,,,,,,,,,,,,,,,,,,,
13/01/2024 21:00:00,0,,,,,,,,,,,,,,,,,,,
13/01/2024 20:45:00,0,,,,,,,,,,,,,,,,,,,
13/01/2024 20:30:00,0,,,,,,,,,,,,,,,,,,,
13/01/2024 20:15:00,0,,,,,,,,,,,,,,,,,,,
13/01/2024 20:00:00,0,,,,,,,,,,,,,,,,,,,
13/01/2024 19:45:00,0,,,,,,,,,,,,,,,,,,,
13/01/2024 19:30:00,0,,,,,,,,,,,,,,,,,,,
13/01/2024 19:15:00,0,,,,,,,,,,,,,,,,,,,
13/01/2024 19:00:00,0,,,,,,,,,,,,,,,,,,,
13/01/2024 18:45:00,0,,,,,,,,,,,,,,,,,,,
13/01/2024 18:30:00,0,,,,,,,,,,,,,,,,,,,
13/01/2024 18:15:00,0,,,,,,,,,,,,,,,,,,,
13/01/2024 18:00:00,0,,,,,,,,,,,,,,,,,,,
13/01/2024 17:45:00,0,,,,,,,,,,,,,,,,,,,
13/01/2024 17:30:00,0,,,,,,,,,,,,,,,,,,,
13/01/2024 17:15:00,0,,,,,,,,,,,,,,,,,,,
13/01/2024 17:00:00,0,,,,,,,,,,,,,,,,,,,
13/01/2024 16:45:00,0,,,,,,,,,,,,,,,,,,,
13/01/2024 16:30:00,0,,,,,,,,,,,,,,,,,,,
13/01/2024 16:15:00,0,,,,,,,,,,,,,,,,,,,
13/01/2024 16:00:00,0,,,,,,,,,,,,,,,,,,,
13/01/2024 15:45:00,0,,,,,,,,,,,,,,,,,,,
13/01/2024 15:30:00,0,,,,,,,,,,,,,,,,,,,
13/01/2024 15:15:00,0,,,,,,,,,,,,,,,,,,,
13/01/2024 15:00:00,0,,,,,,,,,,,,,,,,,,,
13/01/2024 14:45:00,0,,,,,,,,,,,,,,,,,,,
13/01/2024 14:30:00,0,,,,,,,,,,,,,,,,,,,
13/01/2024 14:15:00,0,,,,,,,,,,,,,,,,,,,
13/01/2024 14:00:00,0,,,,,,,,,,,,,,,,,,,
13/01/2024 13:45:00,0,,,,,,,,,,,,,,,,,,,
13/01/2024 13:30:00,0,,,,,,,,,,,,,,,,,,,
13/01/2024 13:15:00,0,,,,,,,,,,,,,,,,,,,
13/01/2024 13:00:00,0,,,,,,,,,,,,,,,,,,,
13/01/2024 12:45:00,0,,,,,,,,,,,,,,,,,,,
13/01/2024 12:30:00,0,,,,,,,,,,,,,,,,,,,
13/01/2024 12:15:00,0,,,,,,,,,,,,,,,,,,,
13/01/2024 12:00:00,0,,,,,,,,,,,,,,,,,,,
13/01/2024 11:45:00,0,,,,,,,,,,,,,,,,,,,
13/01/2024 11:30:00,0,,,,,,,,,,,,,,,,,,,
13/01/2024 11:15:00,0,,,,,,,,,,,,,,,,,,,
13/01/2024 11:00:00,0,,,,,,,,,,,,,,,,,,,
13/01/2024 10:45:00,0,,,,,,,,,,,,,,,,,,,
13/01/2024 10:30:00,0,,,,,,,,,,,,,,,,,,,
13/01/2024 10:15:00,0,,,,,,,,,,,,,,,,,,,
13/01/2024 10:00:00,0,,,,,,,,,,,,,,,,,,,
13/01/2024 09:45:00,0,,,,,,,,,,,,,,,,,,,
13/01/2024 09:30:00,0,,,,,,,,,,,,,,,,,,,
13/01/2024 09:15:00,0,,,,,,,,,,,,,,,,,,,
13/01/2024 09:00:00,0,,,,,,,,,,,,,,,,,,,
13/01/2024 08:45:00,0,,,,,,,,,,,,,,,,,,,
13/01/2024 08:30:00,0,,,,,,,,,,,,,,,,,,,
13/01/2024 08:15:00,0,,,,,,,,,,,,,,,,,,,
13/01/2024 08:00:00,0,,,,,,,,,,,,,,,,,,,
13/01/2024 07:45:00,0,,,,,,,,,,,,,,,,,,,
13/01/2024 07:30:00,0,,,,,,,,,,,,,,,,,,,
13/01/2024 07:15:00,0,,,,,,,,,,,,,,,,,,,
13/01/2024 06:45:00,0,,,,,,,,,,,,,,,,,,,
13/01/2024 06:30:00,0,,,,,,,,,,,,,,,,,,,
13/01/2024 06:15:00,0,,,,,,,,,,,,,,,,,,,
13/01/2024 06:00:00,0,,,,,,,,,,,,,,,,,,,
13/01/2024 05:45:00,0,,,,,,,,,,,,,,,,,,,
13/01/2024 05:30:00,0,,,,,,,,,,,,,,,,,,,
13/01/2024 05:15:00,0,,,,,,,,,,,,,,,,,,,
13/01/2024 05:00:00,0,,,,,,,,,,,,,,,,,,,
13/01/2024 04:45:00,0,,,,,,,,,,,,,,,,,,,
13/01/2024 04:30:00,0,,,,,,,,,,,,,,,,,,,
13/01/2024 04:15:00,0,,,,,,,,,,,,,,,,,,,
13/01/2024 04:00:00,0,,,,,,,,,,,,,,,,,,,
13/01/2024 03:45:00,0,,,,,,,,,,,,,,,,,,,
13/01/2024 03:30:00,0,,,,,,,,,,,,,,,,,,,
13/01/2024 03:15:00,0,,,,,,,,,,,,,,,,,,,
13/01/2024 03:00:00,0,,,,,,,,,,,,,,,,,,,
13/01/2024 02:45:00,0,,,,,,,,,,,,,,,,,,,
13/01/2024 02:30:00,0,,,,,,,,,,,,,,,,,,,
13/01/2024 02:15:00,0,,,,,,,,,,,,,,,,,,,
13/01/2024 02:00:00,0,,,,,,,,,,,,,,,,,,,
13/01/2024 01:45:00,0,,,,,,,,,,,,,,,,,,,
13/01/2024 01:30:00,0,,,,,,,,,,,,,,,,,,,
13/01/2024 01:15:00,0,,,,,,,,,,,,,,,,,,,
13/01/2024 01:00:00,0,,,,,,,,,,,,,,,,,,,
13/01/2024 00:45:00,0,,,,,,,,,,,,,,,,,,,
13/01/2024 00:30:00,0,,,,,,,,,,,,,,,,,,,
13/01/2024 00:15:00,0,,,,,,,,,,,,,,,,,,,
13/01/2024 00:00:00,0,,,,,,,,,,,,,,,,,,,
12/1/2024 23:45,0,,,,,,,,,,,,,,,,,,,
12/1/2024 23:30,0,,,,,,,,,,,,,,,,,,,
12/1/2024 23:15,0,,,,,,,,,,,,,,,,,,,
12/1/2024 23:00,0,,,,,,,,,,,,,,,,,,,
12/1/2024 22:45,0,,,,,,,,,,,,,,,,,,,
12/1/2024 22:30,0,,,,,,,,,,,,,,,,,,,
12/1/2024 22:15,0,,,,,,,,,,,,,,,,,,,
12/1/2024 22:00,0,,,,,,,,,,,,,,,,,,,
12/1/2024 21:45,0,,,,,,,,,,,,,,,,,,,
12/1/2024 21:30,0,,,,,,,,,,,,,,,,,,,
12/1/2024 21:15,0,,,,,,,,,,,,,,,,,,,
12/1/2024 21:00,0,,,,,,,,,,,,,,,,,,,
12/1/2024 20:45,0,,,,,,,,,,,,,,,,,,,
12/1/2024 20:30,0,,,,,,,,,,,,,,,,,,,
12/1/2024 20:15,0,,,,,,,,,,,,,,,,,,,
12/1/2024 20:00,0,,,,,,,,,,,,,,,,,,,
12/1/2024 19:45,0,,,,,,,,,,,,,,,,,,,
12/1/2024 19:30,0,,,,,,,,,,,,,,,,,,,
12/1/2024 19:15,0,,,,,,,,,,,,,,,,,,,
12/1/2024 19:00,0,,,,,,,,,,,,,,,,,,,
12/1/2024 18:45,0,,,,,,,,,,,,,,,,,,,
12/1/2024 18:30,0,,,,,,,,,,,,,,,,,,,
12/1/2024 18:15,0,,,,,,,,,,,,,,,,,,,
12/1/2024 18:00,0,,,,,,,,,,,,,,,,,,,
12/1/2024 17:45,0,,,,,,,,,,,,,,,,,,,
12/1/2024 17:30,0,,,,,,,,,,,,,,,,,,,
12/1/2024 17:15,0,,,,,,,,,,,,,,,,,,,
12/1/2024 17:00,0,,,,,,,,,,,,,,,,,,,
12/1/2024 16:45,0,,,,,,,,,,,,,,,,,,,
12/1/2024 16:30,0,,,,,,,,,,,,,,,,,,,
12/1/2024 16:15,0,,,,,,,,,,,,,,,,,,,
12/1/2024 16:00,0,,,,,,,,,,,,,,,,,,,
12/1/2024 15:45,0,,,,,,,,,,,,,,,,,,,
12/1/2024 15:30,0,,,,,,,,,,,,,,,,,,,
12/1/2024 15:15,0,,,,,,,,,,,,,,,,,,,
12/1/2024 15:00,0,,,,,,,,,,,,,,,,,,,
12/1/2024 14:45,0,,,,,,,,,,,,,,,,,,,
12/1/2024 14:30,0,,,,,,,,,,,,,,,,,,,
12/1/2024 14:15,0,,,,,,,,,,,,,,,,,,,
12/1/2024 14:00,0,,,,,,,,,,,,,,,,,,,
12/1/2024 13:45,0,,,,,,,,,,,,,,,,,,,
12/1/2024 13:30,0,,,,,,,,,,,,,,,,,,,
12/1/2024 13:15,0,,,,,,,,,,,,,,,,,,,
12/1/2024 13:00,0,,,,,,,,,,,,,,,,,,,
12/1/2024 12:45,0,,,,,,,,,,,,,,,,,,,
12/1/2024 12:30,0,,,,,,,,,,,,,,,,,,,
12/1/2024 12:15,0,,,,,,,,,,,,,,,,,,,
12/1/2024 12:00,0,,,,,,,,,,,,,,,,,,,
12/1/2024 11:45,0,,,,,,,,,,,,,,,,,,,
12/1/2024 11:30,0,,,,,,,,,,,,,,,,,,,
12/1/2024 11:15,0,,,,,,,,,,,,,,,,,,,
12/1/2024 11:00,0,,,,,,,,,,,,,,,,,,,
12/1/2024 10:45,0,,,,,,,,,,,,,,,,,,,
12/1/2024 10:30,0,,,,,,,,,,,,,,,,,,,
12/1/2024 10:15,0,,,,,,,,,,,,,,,,,,,
12/1/2024 10:00,0,,,,,,,,,,,,,,,,,,,
12/1/2024 9:45,0,,,,,,,,,,,,,,,,,,,
12/1/2024 9:30,0,,,,,,,,,,,,,,,,,,,
12/1/2024 9:15,0,,,,,,,,,,,,,,,,,,,
12/1/2024 9:00,0,,,,,,,,,,,,,,,,,,,
12/1/2024 8:45,0,,,,,,,,,,,,,,,,,,,
12/1/2024 8:30,0,,,,,,,,,,,,,,,,,,,
12/1/2024 8:15,0,,,,,,,,,,,,,,,,,,,
12/1/2024 8:00,0,,,,,,,,,,,,,,,,,,,
12/1/2024 7:45,0,,,,,,,,,,,,,,,,,,,
12/1/2024 7:30,0,,,,,,,,,,,,,,,,,,,
12/1/2024 7:15,0,,,,,,,,,,,,,,,,,,,
12/1/2024 7:00,0,,,,,,,,,,,,,,,,,,,
12/1/2024 6:45,0,,,,,,,,,,,,,,,,,,,
12/1/2024 6:30,0,,,,,,,,,,,,,,,,,,,
12/1/2024 6:15,0,,,,,,,,,,,,,,,,,,,
12/1/2024 6:00,0,,,,,,,,,,,,,,,,,,,
12/1/2024 5:45,0,,,,,,,,,,,,,,,,,,,
12/1/2024 5:30,0,,,,,,,,,,,,,,,,,,,
12/1/2024 5:15,0,,,,,,,,,,,,,,,,,,,
12/1/2024 5:00,0,,,,,,,,,,,,,,,,,,,
12/1/2024 4:45,0,,,,,,,,,,,,,,,,,,,
12/1/2024 4:30,0,,,,,,,,,,,,,,,,,,,
12/1/2024 4:15,0,,,,,,,,,,,,,,,,,,,
12/1/2024 4:00,0,,,,,,,,,,,,,,,,,,,
12/1/2024 3:45,0,,,,,,,,,,,,,,,,,,,
12/1/2024 3:30,0,,,,,,,,,,,,,,,,,,,
12/1/2024 3:15,0,,,,,,,,,,,,,,,,,,,
12/1/2024 3:00,0,,,,,,,,,,,,,,,,,,,
12/1/2024 2:45,0,,,,,,,,,,,,,,,,,,,
12/1/2024 2:30,0,,,,,,,,,,,,,,,,,,,
12/1/2024 2:15,0,,,,,,,,,,,,,,,,,,,
12/1/2024 2:00,0,,,,,,,,,,,,,,,,,,,
12/1/2024 1:45,0,,,,,,,,,,,,,,,,,,,
12/1/2024 1:30,0,,,,,,,,,,,,,,,,,,,
12/1/2024 1:15,0,,,,,,,,,,,,,,,,,,,
12/1/2024 1:00,0,,,,,,,,,,,,,,,,,,,
12/1/2024 0:45,0,,,,,,,,,,,,,,,,,,,
12/1/2024 0:30,0,,,,,,,,,,,,,,,,,,,
12/1/2024 0:15,0,,,,,,,,,,,,,,,,,,,
12/1/2024 0:00,0,,,,,,,,,,,,,,,,,,,
11/1/2024 23:45,0,,,,,,,,,,,,,,,,,,,
11/1/2024 23:30,0,,,,,,,,,,,,,,,,,,,
11/1/2024 23:15,0,,,,,,,,,,,,,,,,,,,
11/1/2024 23:00,0,,,,,,,,,,,,,,,,,,,
11/1/2024 22:45,0,,,,,,,,,,,,,,,,,,,
11/1/2024 21:30,0,,,,,,,,,,,,,,,,,,,
11/1/2024 21:15,0,,,,,,,,,,,,,,,,,,,
11/1/2024 21:00,0,,,,,,,,,,,,,,,,,,,
11/1/2024 20:45,0,,,,,,,,,,,,,,,,,,,
11/1/2024 20:30,0,,,,,,,,,,,,,,,,,,,
11/1/2024 20:15,0.2,,,,,,,,,,,,,,,,,,,
11/1/2024 20:00,0,,,,,,,,,,,,,,,,,,,
11/1/2024 19:45,0,,,,,,,,,,,,,,,,,,,
11/1/2024 19:30,0,,,,,,,,,,,,,,,,,,,
11/1/2024 19:15,0,,,,,,,,,,,,,,,,,,,
11/1/2024 19:00,0,,,,,,,,,,,,,,,,,,,
11/1/2024 18:45,0,,,,,,,,,,,,,,,,,,,
11/1/2024 18:30,0,,,,,,,,,,,,,,,,,,,
11/1/2024 18:15,0,,,,,,,,,,,,,,,,,,,
11/1/2024 18:00,0,,,,,,,,,,,,,,,,,,,
11/1/2024 17:45,0,,,,,,,,,,,,,,,,,,,
11/1/2024 17:30,0,,,,,,,,,,,,,,,,,,,
11/1/2024 17:15,0,,,,,,,,,,,,,,,,,,,
11/1/2024 17:00,0,,,,,,,,,,,,,,,,,,,
11/1/2024 16:45,0,,,,,,,,,,,,,,,,,,,
11/1/2024 16:30,0,,,,,,,,,,,,,,,,,,,
11/1/2024 16:15,0,,,,,,,,,,,,,,,,,,,
11/1/2024 16:00,0,,,,,,,,,,,,,,,,,,,
11/1/2024 15:45,0,,,,,,,,,,,,,,,,,,,
11/1/2024 15:30,0,,,,,,,,,,,,,,,,,,,
11/1/2024 15:15,0,,,,,,,,,,,,,,,,,,,
11/1/2024 15:00,0,,,,,,,,,,,,,,,,,,,
11/1/2024 14:45,0,,,,,,,,,,,,,,,,,,,
11/1/2024 14:30,0,,,,,,,,,,,,,,,,,,,
11/1/2024 14:15,0,,,,,,,,,,,,,,,,,,,
11/1/2024 14:00,0,,,,,,,,,,,,,,,,,,,
11/1/2024 13:45,0,,,,,,,,,,,,,,,,,,,
11/1/2024 13:30,0,,,,,,,,,,,,,,,,,,,
11/1/2024 13:15,0.2,,,,,,,,,,,,,,,,,,,
11/1/2024 13:00,0,,,,,,,,,,,,,,,,,,,
11/1/2024 12:45,0,,,,,,,,,,,,,,,,,,,
11/1/2024 12:30,0,,,,,,,,,,,,,,,,,,,
11/1/2024 12:15,0,,,,,,,,,,,,,,,,,,,
11/1/2024 12:00,0,,,,,,,,,,,,,,,,,,,
11/1/2024 11:45,2.4,,,,,,,,,,,,,,,,,,,
11/1/2024 11:30,0,,,,,,,,,,,,,,,,,,,
11/1/2024 11:15,0,,,,,,,,,,,,,,,,,,,
11/1/2024 11:00,0,,,,,,,,,,,,,,,,,,,
11/1/2024 10:45,0,,,,,,,,,,,,,,,,,,,
11/1/2024 10:30,0,,,,,,,,,,,,,,,,,,,
11/1/2024 10:15,0,,,,,,,,,,,,,,,,,,,
11/1/2024 10:00,0,,,,,,,,,,,,,,,,,,,
11/1/2024 9:45,0.2,,,,,,,,,,,,,,,,,,,
11/1/2024 9:30,0,,,,,,,,,,,,,,,,,,,
11/1/2024 9:15,3,,,,,,,,,,,,,,,,,,,
11/1/2024 9:00,6.2,,,,,,,,,,,,,,,,,,,
11/1/2024 8:45,3.4,,,,,,,,,,,,,,,,,,,
11/1/2024 8:30,0,,,,,,,,,,,,,,,,,,,
11/1/2024 8:15,0.2,,,,,,,,,,,,,,,,,,,
11/1/2024 8:00,0,,,,,,,,,,,,,,,,,,,
11/1/2024 7:45,0,,,,,,,,,,,,,,,,,,,
11/1/2024 7:30,0,,,,,,,,,,,,,,,,,,,
11/1/2024 7:15,0,,,,,,,,,,,,,,,,,,,
11/1/2024 7:00,0,,,,,,,,,,,,,,,,,,,
11/1/2024 6:45,0,,,,,,,,,,,,,,,,,,,
11/1/2024 6:30,0,,,,,,,,,,,,,,,,,,,
11/1/2024 6:15,0,,,,,,,,,,,,,,,,,,,
11/1/2024 6:00,0,,,,,,,,,,,,,,,,,,,
11/1/2024 5:45,0,,,,,,,,,,,,,,,,,,,
11/1/2024 5:30,0,,,,,,,,,,,,,,,,,,,
11/1/2024 5:15,0,,,,,,,,,,,,,,,,,,,
11/1/2024 5:00,0.2,,,,,,,,,,,,,,,,,,,
11/1/2024 4:45,0,,,,,,,,,,,,,,,,,,,
11/1/2024 4:30,0,,,,,,,,,,,,,,,,,,,
11/1/2024 4:15,1.4,,,,,,,,,,,,,,,,,,,
11/1/2024 4:00,0.6,,,,,,,,,,,,,,,,,,,
11/1/2024 3:45,0.8,,,,,,,,,,,,,,,,,,,
11/1/2024 3:30,0,,,,,,,,,,,,,,,,,,,
11/1/2024 3:15,0,,,,,,,,,,,,,,,,,,,
11/1/2024 3:00,0,,,,,,,,,,,,,,,,,,,
11/1/2024 2:45,0.6,,,,,,,,,,,,,,,,,,,
11/1/2024 2:30,0,,,,,,,,,,,,,,,,,,,
11/1/2024 2:15,0,,,,,,,,,,,,,,,,,,,
11/1/2024 2:00,0,,,,,,,,,,,,,,,,,,,
11/1/2024 1:45,0,,,,,,,,,,,,,,,,,,,
11/1/2024 1:30,0,,,,,,,,,,,,,,,,,,,
11/1/2024 1:15,0,,,,,,,,,,,,,,,,,,,
11/1/2024 1:00,0,,,,,,,,,,,,,,,,,,,
11/1/2024 0:45,0,,,,,,,,,,,,,,,,,,,
11/1/2024 0:30,0,,,,,,,,,,,,,,,,,,,
11/1/2024 0:15,0,,,,,,,,,,,,,,,,,,,
11/1/2024 0:00,0,,,,,,,,,,,,,,,,,,,
10/1/2024 23:45,0,,,,,,,,,,,,,,,,,,,
10/1/2024 23:30,0,,,,,,,,,,,,,,,,,,,
10/1/2024 23:15,0,,,,,,,,,,,,,,,,,,,
10/1/2024 23:00,0,,,,,,,,,,,,,,,,,,,
10/1/2024 22:45,0,,,,,,,,,,,,,,,,,,,
10/1/2024 22:30,0,,,,,,,,,,,,,,,,,,,
10/1/2024 22:15,0,,,,,,,,,,,,,,,,,,,
10/1/2024 22:00,0,,,,,,,,,,,,,,,,,,,
10/1/2024 21:45,0,,,,,,,,,,,,,,,,,,,
10/1/2024 21:30,0,,,,,,,,,,,,,,,,,,,
10/1/2024 21:15,0,,,,,,,,,,,,,,,,,,,
10/1/2024 21:00,0,,,,,,,,,,,,,,,,,,,
10/1/2024 20:45,0,,,,,,,,,,,,,,,,,,,
10/1/2024 20:30,0,,,,,,,,,,,,,,,,,,,
10/1/2024 20:15,0,,,,,,,,,,,,,,,,,,,
10/1/2024 20:00,0,,,,,,,,,,,,,,,,,,,
10/1/2024 19:45,0,,,,,,,,,,,,,,,,,,,
10/1/2024 19:30,0,,,,,,,,,,,,,,,,,,,
10/1/2024 19:15,0,,,,,,,,,,,,,,,,,,,
10/1/2024 19:00,0,,,,,,,,,,,,,,,,,,,
10/1/2024 18:45,0,,,,,,,,,,,,,,,,,,,
10/1/2024 18:30,0,,,,,,,,,,,,,,,,,,,
10/1/2024 18:15,0,,,,,,,,,,,,,,,,,,,
10/1/2024 18:00,0,,,,,,,,,,,,,,,,,,,
10/1/2024 17:45,0,,,,,,,,,,,,,,,,,,,
10/1/2024 17:30,0,,,,,,,,,,,,,,,,,,,
10/1/2024 17:15,0,,,,,,,,,,,,,,,,,,,
10/1/2024 17:00,0,,,,,,,,,,,,,,,,,,,
10/1/2024 16:45,0,,,,,,,,,,,,,,,,,,,
10/1/2024 16:30,0,,,,,,,,,,,,,,,,,,,
10/1/2024 16:15,0,,,,,,,,,,,,,,,,,,,
10/1/2024 16:00,0,,,,,,,,,,,,,,,,,,,
10/1/2024 15:45,0,,,,,,,,,,,,,,,,,,,
10/1/2024 15:30,0,,,,,,,,,,,,,,,,,,,
10/1/2024 15:15,0,,,,,,,,,,,,,,,,,,,
10/1/2024 15:00,0,,,,,,,,,,,,,,,,,,,
10/1/2024 14:45,0,,,,,,,,,,,,,,,,,,,
10/1/2024 14:30,0,,,,,,,,,,,,,,,,,,,
10/1/2024 14:15,0,,,,,,,,,,,,,,,,,,,
10/1/2024 14:00,0,,,,,,,,,,,,,,,,,,,
10/1/2024 13:45,0,,,,,,,,,,,,,,,,,,,
10/1/2024 13:30,0,,,,,,,,,,,,,,,,,,,
10/1/2024 13:15,0,,,,,,,,,,,,,,,,,,,
10/1/2024 13:00,0,,,,,,,,,,,,,,,,,,,
10/1/2024 12:45,0,,,,,,,,,,,,,,,,,,,
10/1/2024 12:30,0,,,,,,,,,,,,,,,,,,,
10/1/2024 12:15,0,,,,,,,,,,,,,,,,,,,
10/1/2024 12:00,0,,,,,,,,,,,,,,,,,,,
10/1/2024 11:45,0,,,,,,,,,,,,,,,,,,,
10/1/2024 11:30,0,,,,,,,,,,,,,,,,,,,
10/1/2024 11:15,0.2,,,,,,,,,,,,,,,,,,,
10/1/2024 11:00,0,,,,,,,,,,,,,,,,,,,
10/1/2024 10:45,0,,,,,,,,,,,,,,,,,,,
10/1/2024 10:30,0,,,,,,,,,,,,,,,,,,,
10/1/2024 10:15,0,,,,,,,,,,,,,,,,,,,
10/1/2024 10:00,0,,,,,,,,,,,,,,,,,,,
10/1/2024 9:45,0,,,,,,,,,,,,,,,,,,,
10/1/2024 9:30,0,,,,,,,,,,,,,,,,,,,
10/1/2024 9:15,0,,,,,,,,,,,,,,,,,,,
10/1/2024 9:00,0,,,,,,,,,,,,,,,,,,,
10/1/2024 8:45,0,,,,,,,,,,,,,,,,,,,
10/1/2024 8:30,0,,,,,,,,,,,,,,,,,,,
10/1/2024 8:15,0,,,,,,,,,,,,,,,,,,,
10/1/2024 8:00,0,,,,,,,,,,,,,,,,,,,
10/1/2024 7:45,0,,,,,,,,,,,,,,,,,,,
10/1/2024 7:30,0,,,,,,,,,,,,,,,,,,,
10/1/2024 7:15,0,,,,,,,,,,,,,,,,,,,
10/1/2024 7:00,0,,,,,,,,,,,,,,,,,,,
10/1/2024 6:45,0,,,,,,,,,,,,,,,,,,,
10/1/2024 6:30,0,,,,,,,,,,,,,,,,,,,
10/1/2024 6:15,0,,,,,,,,,,,,,,,,,,,
10/1/2024 6:00,0,,,,,,,,,,,,,,,,,,,
10/1/2024 5:45,0,,,,,,,,,,,,,,,,,,,
10/1/2024 5:30,0,,,,,,,,,,,,,,,,,,,
10/1/2024 5:15,0,,,,,,,,,,,,,,,,,,,
10/1/2024 5:00,0,,,,,,,,,,,,,,,,,,,
10/1/2024 4:45,0,,,,,,,,,,,,,,,,,,,
10/1/2024 4:30,0.2,,,,,,,,,,,,,,,,,,,
10/1/2024 4:15,0,,,,,,,,,,,,,,,,,,,
10/1/2024 4:00,0,,,,,,,,,,,,,,,,,,,
10/1/2024 3:45,0,,,,,,,,,,,,,,,,,,,
10/1/2024 3:30,0,,,,,,,,,,,,,,,,,,,
10/1/2024 3:15,0,,,,,,,,,,,,,,,,,,,
10/1/2024 3:00,0,,,,,,,,,,,,,,,,,,,
10/1/2024 2:45,0,,,,,,,,,,,,,,,,,,,
10/1/2024 2:30,0,,,,,,,,,,,,,,,,,,,
10/1/2024 2:15,0,,,,,,,,,,,,,,,,,,,
10/1/2024 2:00,0,,,,,,,,,,,,,,,,,,,
10/1/2024 1:45,0,,,,,,,,,,,,,,,,,,,
10/1/2024 1:30,0,,,,,,,,,,,,,,,,,,,
10/1/2024 1:15,0,,,,,,,,,,,,,,,,,,,
10/1/2024 1:00,0,,,,,,,,,,,,,,,,,,,
10/1/2024 0:45,0,,,,,,,,,,,,,,,,,,,
10/1/2024 0:30,0,,,,,,,,,,,,,,,,,,,
10/1/2024 0:15,0,,,,,,,,,,,,,,,,,,,
10/1/2024 0:00,0,,,,,,,,,,,,,,,,,,,
9/1/2024 23:45,0,,,,,,,,,,,,,,,,,,,
9/1/2024 23:30,0,,,,,,,,,,,,,,,,,,,
9/1/2024 23:15,0,,,,,,,,,,,,,,,,,,,
9/1/2024 23:00,0,,,,,,,,,,,,,,,,,,,
9/1/2024 22:45,0,,,,,,,,,,,,,,,,,,,
9/1/2024 22:30,0,,,,,,,,,,,,,,,,,,,
9/1/2024 22:15,0,,,,,,,,,,,,,,,,,,,
9/1/2024 22:00,0,,,,,,,,,,,,,,,,,,,
9/1/2024 21:45,0,,,,,,,,,,,,,,,,,,,
9/1/2024 21:30,0,,,,,,,,,,,,,,,,,,,
9/1/2024 21:15,0,,,,,,,,,,,,,,,,,,,
9/1/2024 21:00,0,,,,,,,,,,,,,,,,,,,
9/1/2024 20:45,0,,,,,,,,,,,,,,,,,,,
9/1/2024 20:30,0,,,,,,,,,,,,,,,,,,,
9/1/2024 20:15,0,,,,,,,,,,,,,,,,,,,
9/1/2024 20:00,0,,,,,,,,,,,,,,,,,,,
9/1/2024 19:45,0,,,,,,,,,,,,,,,,,,,
9/1/2024 19:30,0,,,,,,,,,,,,,,,,,,,
9/1/2024 19:15,0,,,,,,,,,,,,,,,,,,,
9/1/2024 19:00,0,,,,,,,,,,,,,,,,,,,
9/1/2024 18:45,0,,,,,,,,,,,,,,,,,,,
9/1/2024 18:30,0,,,,,,,,,,,,,,,,,,,
9/1/2024 18:15,2.8,,,,,,,,,,,,,,,,,,,
9/1/2024 18:00,6.2,,,,,,,,,,,,,,,,,,,
9/1/2024 17:45,0,,,,,,,,,,,,,,,,,,,
9/1/2024 17:30,0,,,,,,,,,,,,,,,,,,,
9/1/2024 17:15,0,,,,,,,,,,,,,,,,,,,
9/1/2024 16:45,0,,,,,,,,,,,,,,,,,,,
9/1/2024 16:30,0,,,,,,,,,,,,,,,,,,,
9/1/2024 16:15,0,,,,,,,,,,,,,,,,,,,
9/1/2024 16:00,0,,,,,,,,,,,,,,,,,,,
9/1/2024 15:45,0,,,,,,,,,,,,,,,,,,,
9/1/2024 15:30,0,,,,,,,,,,,,,,,,,,,
9/1/2024 15:15,0,,,,,,,,,,,,,,,,,,,
9/1/2024 15:00,0,,,,,,,,,,,,,,,,,,,
9/1/2024 14:45,0,,,,,,,,,,,,,,,,,,,
9/1/2024 14:30,0,,,,,,,,,,,,,,,,,,,
9/1/2024 14:15,0,,,,,,,,,,,,,,,,,,,
9/1/2024 14:00,0,,,,,,,,,,,,,,,,,,,
9/1/2024 13:45,0,,,,,,,,,,,,,,,,,,,
9/1/2024 13:30,0,,,,,,,,,,,,,,,,,,,
9/1/2024 13:15,0,,,,,,,,,,,,,,,,,,,
9/1/2024 13:00,0,,,,,,,,,,,,,,,,,,,
9/1/2024 12:45,0,,,,,,,,,,,,,,,,,,,
9/1/2024 12:30,0,,,,,,,,,,,,,,,,,,,
9/1/2024 12:15,0,,,,,,,,,,,,,,,,,,,
9/1/2024 12:00,0,,,,,,,,,,,,,,,,,,,
9/1/2024 11:45,0,,,,,,,,,,,,,,,,,,,
9/1/2024 11:30,0,,,,,,,,,,,,,,,,,,,
9/1/2024 11:15,0,,,,,,,,,,,,,,,,,,,
9/1/2024 11:00,0,,,,,,,,,,,,,,,,,,,
9/1/2024 10:45,0,,,,,,,,,,,,,,,,,,,
9/1/2024 10:30,0,,,,,,,,,,,,,,,,,,,
9/1/2024 10:15,0,,,,,,,,,,,,,,,,,,,
9/1/2024 10:00,0,,,,,,,,,,,,,,,,,,,
9/1/2024 9:45,0,,,,,,,,,,,,,,,,,,,
9/1/2024 9:30,0,,,,,,,,,,,,,,,,,,,
9/1/2024 9:15,0,,,,,,,,,,,,,,,,,,,
9/1/2024 9:00,0,,,,,,,,,,,,,,,,,,,
9/1/2024 8:45,0,,,,,,,,,,,,,,,,,,,
9/1/2024 8:30,0,,,,,,,,,,,,,,,,,,,
9/1/2024 8:15,0,,,,,,,,,,,,,,,,,,,
9/1/2024 8:00,0,,,,,,,,,,,,,,,,,,,
9/1/2024 7:45,0,,,,,,,,,,,,,,,,,,,
9/1/2024 7:30,0,,,,,,,,,,,,,,,,,,,
9/1/2024 7:15,0,,,,,,,,,,,,,,,,,,,
9/1/2024 6:45,0,,,,,,,,,,,,,,,,,,,
9/1/2024 6:30,0,,,,,,,,,,,,,,,,,,,
9/1/2024 6:15,0,,,,,,,,,,,,,,,,,,,
9/1/2024 6:00,0,,,,,,,,,,,,,,,,,,,
9/1/2024 5:45,0,,,,,,,,,,,,,,,,,,,
9/1/2024 5:30,0,,,,,,,,,,,,,,,,,,,
9/1/2024 5:15,0,,,,,,,,,,,,,,,,,,,
9/1/2024 5:00,0,,,,,,,,,,,,,,,,,,,
9/1/2024 4:45,0,,,,,,,,,,,,,,,,,,,
9/1/2024 4:30,0,,,,,,,,,,,,,,,,,,,
9/1/2024 4:15,0,,,,,,,,,,,,,,,,,,,
9/1/2024 4:00,0,,,,,,,,,,,,,,,,,,,
9/1/2024 3:45,0,,,,,,,,,,,,,,,,,,,
9/1/2024 3:30,0,,,,,,,,,,,,,,,,,,,
9/1/2024 3:15,0,,,,,,,,,,,,,,,,,,,
9/1/2024 3:00,0,,,,,,,,,,,,,,,,,,,
9/1/2024 2:45,0,,,,,,,,,,,,,,,,,,,
9/1/2024 2:30,0,,,,,,,,,,,,,,,,,,,
9/1/2024 2:15,0,,,,,,,,,,,,,,,,,,,
9/1/2024 2:00,0,,,,,,,,,,,,,,,,,,,
9/1/2024 1:45,0,,,,,,,,,,,,,,,,,,,
9/1/2024 1:30,0,,,,,,,,,,,,,,,,,,,
9/1/2024 1:15,0,,,,,,,,,,,,,,,,,,,
9/1/2024 1:00,0,,,,,,,,,,,,,,,,,,,
9/1/2024 0:45,0,,,,,,,,,,,,,,,,,,,
9/1/2024 0:30,0,,,,,,,,,,,,,,,,,,,
9/1/2024 0:15,0,,,,,,,,,,,,,,,,,,,
9/1/2024 0:00,0,,,,,,,,,,,,,,,,,,,
8/1/2024 23:45,0,,,,,,,,,,,,,,,,,,,
8/1/2024 23:30,0,,,,,,,,,,,,,,,,,,,
8/1/2024 23:15,0,,,,,,,,,,,,,,,,,,,
8/1/2024 23:00,0,,,,,,,,,,,,,,,,,,,
8/1/2024 22:45,0,,,,,,,,,,,,,,,,,,,
8/1/2024 20:30,0,,,,,,,,,,,,,,,,,,,
8/1/2024 20:15,0,,,,,,,,,,,,,,,,,,,
8/1/2024 20:00,0,,,,,,,,,,,,,,,,,,,
8/1/2024 19:45,0,,,,,,,,,,,,,,,,,,,
8/1/2024 19:30,0,,,,,,,,,,,,,,,,,,,
8/1/2024 19:15,0,,,,,,,,,,,,,,,,,,,
8/1/2024 19:00,0,,,,,,,,,,,,,,,,,,,
8/1/2024 18:45,0,,,,,,,,,,,,,,,,,,,
8/1/2024 18:30,0,,,,,,,,,,,,,,,,,,,
8/1/2024 18:15,0,,,,,,,,,,,,,,,,,,,
8/1/2024 18:00,0,,,,,,,,,,,,,,,,,,,
8/1/2024 17:45,0,,,,,,,,,,,,,,,,,,,
8/1/2024 17:30,0,,,,,,,,,,,,,,,,,,,
8/1/2024 17:15,0,,,,,,,,,,,,,,,,,,,
8/1/2024 16:45,0,,,,,,,,,,,,,,,,,,,
8/1/2024 16:30,0,,,,,,,,,,,,,,,,,,,
8/1/2024 16:15,0,,,,,,,,,,,,,,,,,,,
8/1/2024 16:00,0,,,,,,,,,,,,,,,,,,,
8/1/2024 15:45,0,,,,,,,,,,,,,,,,,,,
8/1/2024 15:30,0,,,,,,,,,,,,,,,,,,,
8/1/2024 15:15,0,,,,,,,,,,,,,,,,,,,
8/1/2024 15:00,0,,,,,,,,,,,,,,,,,,,
8/1/2024 14:45,0,,,,,,,,,,,,,,,,,,,
8/1/2024 14:30,0,,,,,,,,,,,,,,,,,,,
8/1/2024 14:15,0,,,,,,,,,,,,,,,,,,,
8/1/2024 14:00,0,,,,,,,,,,,,,,,,,,,
8/1/2024 13:45,0,,,,,,,,,,,,,,,,,,,
8/1/2024 13:30,0,,,,,,,,,,,,,,,,,,,
8/1/2024 13:15,0,,,,,,,,,,,,,,,,,,,
8/1/2024 13:00,0,,,,,,,,,,,,,,,,,,,
8/1/2024 12:45,0,,,,,,,,,,,,,,,,,,,
8/1/2024 12:30,0,,,,,,,,,,,,,,,,,,,
8/1/2024 12:15,0,,,,,,,,,,,,,,,,,,,
8/1/2024 12:00,0,,,,,,,,,,,,,,,,,,,
8/1/2024 11:45,0,,,,,,,,,,,,,,,,,,,
8/1/2024 11:30,0,,,,,,,,,,,,,,,,,,,
8/1/2024 11:15,0,,,,,,,,,,,,,,,,,,,
8/1/2024 11:00,0,,,,,,,,,,,,,,,,,,,
8/1/2024 10:45,0,,,,,,,,,,,,,,,,,,,
8/1/2024 10:30,0,,,,,,,,,,,,,,,,,,,
8/1/2024 10:15,0,,,,,,,,,,,,,,,,,,,
8/1/2024 10:00,0,,,,,,,,,,,,,,,,,,,
8/1/2024 9:45,0,,,,,,,,,,,,,,,,,,,
8/1/2024 9:30,0,,,,,,,,,,,,,,,,,,,
8/1/2024 9:15,0,,,,,,,,,,,,,,,,,,,
8/1/2024 9:00,0,,,,,,,,,,,,,,,,,,,
8/1/2024 8:45,0,,,,,,,,,,,,,,,,,,,
8/1/2024 8:30,0,,,,,,,,,,,,,,,,,,,
8/1/2024 8:15,0,,,,,,,,,,,,,,,,,,,
8/1/2024 8:00,0,,,,,,,,,,,,,,,,,,,
8/1/2024 7:45,0,,,,,,,,,,,,,,,,,,,
8/1/2024 7:30,0,,,,,,,,,,,,,,,,,,,
8/1/2024 7:15,0,,,,,,,,,,,,,,,,,,,
8/1/2024 6:45,0,,,,,,,,,,,,,,,,,,,
8/1/2024 6:30,0,,,,,,,,,,,,,,,,,,,
8/1/2024 6:15,0,,,,,,,,,,,,,,,,,,,
8/1/2024 6:00,0,,,,,,,,,,,,,,,,,,,
8/1/2024 5:45,0,,,,,,,,,,,,,,,,,,,
8/1/2024 5:30,0,,,,,,,,,,,,,,,,,,,
8/1/2024 5:15,0,,,,,,,,,,,,,,,,,,,
8/1/2024 5:00,0,,,,,,,,,,,,,,,,,,,
8/1/2024 4:45,0,,,,,,,,,,,,,,,,,,,
8/1/2024 4:30,0,,,,,,,,,,,,,,,,,,,
8/1/2024 4:15,0,,,,,,,,,,,,,,,,,,,
8/1/2024 4:00,0,,,,,,,,,,,,,,,,,,,
8/1/2024 3:45,0,,,,,,,,,,,,,,,,,,,
8/1/2024 3:30,0,,,,,,,,,,,,,,,,,,,
8/1/2024 3:15,0,,,,,,,,,,,,,,,,,,,
8/1/2024 3:00,0,,,,,,,,,,,,,,,,,,,
8/1/2024 2:45,0,,,,,,,,,,,,,,,,,,,
8/1/2024 2:30,0,,,,,,,,,,,,,,,,,,,
8/1/2024 2:15,0,,,,,,,,,,,,,,,,,,,
8/1/2024 2:00,0,,,,,,,,,,,,,,,,,,,
8/1/2024 1:45,0,,,,,,,,,,,,,,,,,,,
8/1/2024 1:30,0,,,,,,,,,,,,,,,,,,,
8/1/2024 1:15,0,,,,,,,,,,,,,,,,,,,
8/1/2024 1:00,0,,,,,,,,,,,,,,,,,,,
8/1/2024 0:45,0,,,,,,,,,,,,,,,,,,,
8/1/2024 0:30,0,,,,,,,,,,,,,,,,,,,
8/1/2024 0:15,0,,,,,,,,,,,,,,,,,,,
8/1/2024 0:00,0,,,,,,,,,,,,,,,,,,,
7/1/2024 23:45,0,,,,,,,,,,,,,,,,,,,
7/1/2024 23:30,0,,,,,,,,,,,,,,,,,,,
7/1/2024 23:15,0,,,,,,,,,,,,,,,,,,,
7/1/2024 23:00,0.2,,,,,,,,,,,,,,,,,,,
7/1/2024 22:45,0,,,,,,,,,,,,,,,,,,,
7/1/2024 22:30,0,,,,,,,,,,,,,,,,,,,
7/1/2024 22:15,0,,,,,,,,,,,,,,,,,,,
7/1/2024 22:00,0,,,,,,,,,,,,,,,,,,,
7/1/2024 21:45,0,,,,,,,,,,,,,,,,,,,
7/1/2024 21:30,0,,,,,,,,,,,,,,,,,,,
7/1/2024 21:15,0,,,,,,,,,,,,,,,,,,,
7/1/2024 21:00,0,,,,,,,,,,,,,,,,,,,
7/1/2024 20:45,0,,,,,,,,,,,,,,,,,,,
7/1/2024 20:30,0,,,,,,,,,,,,,,,,,,,
7/1/2024 20:15,0,,,,,,,,,,,,,,,,,,,
7/1/2024 20:00,0,,,,,,,,,,,,,,,,,,,
7/1/2024 19:45,0,,,,,,,,,,,,,,,,,,,
7/1/2024 19:30,0,,,,,,,,,,,,,,,,,,,
7/1/2024 19:15,0,,,,,,,,,,,,,,,,,,,
7/1/2024 19:00,0,,,,,,,,,,,,,,,,,,,
7/1/2024 18:45,0,,,,,,,,,,,,,,,,,,,
7/1/2024 18:30,0,,,,,,,,,,,,,,,,,,,
7/1/2024 18:15,0,,,,,,,,,,,,,,,,,,,
7/1/2024 18:00,0,,,,,,,,,,,,,,,,,,,
7/1/2024 17:45,0,,,,,,,,,,,,,,,,,,,
7/1/2024 17:30,0,,,,,,,,,,,,,,,,,,,
7/1/2024 17:15,0,,,,,,,,,,,,,,,,,,,
7/1/2024 16:45,0,,,,,,,,,,,,,,,,,,,
7/1/2024 16:30,0,,,,,,,,,,,,,,,,,,,
7/1/2024 16:15,0,,,,,,,,,,,,,,,,,,,
7/1/2024 16:00,0,,,,,,,,,,,,,,,,,,,
7/1/2024 15:45,0,,,,,,,,,,,,,,,,,,,
7/1/2024 15:30,0.2,,,,,,,,,,,,,,,,,,,
7/1/2024 15:15,1.2,,,,,,,,,,,,,,,,,,,
7/1/2024 15:00,0,,,,,,,,,,,,,,,,,,,
7/1/2024 14:45,0,,,,,,,,,,,,,,,,,,,
7/1/2024 14:30,3,,,,,,,,,,,,,,,,,,,
7/1/2024 14:15,7,,,,,,,,,,,,,,,,,,,
7/1/2024 14:00,0,,,,,,,,,,,,,,,,,,,
7/1/2024 13:45,1,,,,,,,,,,,,,,,,,,,
7/1/2024 13:30,6.2,,,,,,,,,,,,,,,,,,,
7/1/2024 13:15,0,,,,,,,,,,,,,,,,,,,
7/1/2024 13:00,0,,,,,,,,,,,,,,,,,,,
7/1/2024 12:45,0,,,,,,,,,,,,,,,,,,,
7/1/2024 12:30,0,,,,,,,,,,,,,,,,,,,
7/1/2024 12:15,0,,,,,,,,,,,,,,,,,,,
7/1/2024 12:00,0,,,,,,,,,,,,,,,,,,,
7/1/2024 11:45,0,,,,,,,,,,,,,,,,,,,
7/1/2024 11:30,0,,,,,,,,,,,,,,,,,,,
7/1/2024 11:15,0,,,,,,,,,,,,,,,,,,,
7/1/2024 11:00,0,,,,,,,,,,,,,,,,,,,
7/1/2024 10:45,0,,,,,,,,,,,,,,,,,,,
7/1/2024 10:30,0,,,,,,,,,,,,,,,,,,,
7/1/2024 10:15,0,,,,,,,,,,,,,,,,,,,
7/1/2024 10:00,0,,,,,,,,,,,,,,,,,,,
7/1/2024 9:45,0,,,,,,,,,,,,,,,,,,,
7/1/2024 9:30,0,,,,,,,,,,,,,,,,,,,
7/1/2024 9:15,0,,,,,,,,,,,,,,,,,,,
7/1/2024 9:00,0,,,,,,,,,,,,,,,,,,,
7/1/2024 8:45,0,,,,,,,,,,,,,,,,,,,
7/1/2024 8:30,0,,,,,,,,,,,,,,,,,,,
7/1/2024 8:15,0,,,,,,,,,,,,,,,,,,,
7/1/2024 8:00,0,,,,,,,,,,,,,,,,,,,
7/1/2024 7:45,0,,,,,,,,,,,,,,,,,,,
7/1/2024 7:30,0,,,,,,,,,,,,,,,,,,,
7/1/2024 7:15,0,,,,,,,,,,,,,,,,,,,
7/1/2024 6:45,0,,,,,,,,,,,,,,,,,,,
7/1/2024 6:30,0,,,,,,,,,,,,,,,,,,,
7/1/2024 6:15,0,,,,,,,,,,,,,,,,,,,
7/1/2024 6:00,0,,,,,,,,,,,,,,,,,,,
7/1/2024 5:45,0,,,,,,,,,,,,,,,,,,,
7/1/2024 5:30,0,,,,,,,,,,,,,,,,,,,
7/1/2024 5:15,0,,,,,,,,,,,,,,,,,,,
7/1/2024 5:00,0,,,,,,,,,,,,,,,,,,,
7/1/2024 4:45,0,,,,,,,,,,,,,,,,,,,
7/1/2024 4:30,0,,,,,,,,,,,,,,,,,,,
7/1/2024 4:15,0,,,,,,,,,,,,,,,,,,,
7/1/2024 4:00,0,,,,,,,,,,,,,,,,,,,
7/1/2024 3:45,0,,,,,,,,,,,,,,,,,,,
7/1/2024 3:30,0,,,,,,,,,,,,,,,,,,,
7/1/2024 3:15,0,,,,,,,,,,,,,,,,,,,
7/1/2024 3:00,0,,,,,,,,,,,,,,,,,,,
7/1/2024 2:45,0,,,,,,,,,,,,,,,,,,,
7/1/2024 2:30,0,,,,,,,,,,,,,,,,,,,
7/1/2024 2:15,0,,,,,,,,,,,,,,,,,,,
7/1/2024 2:00,0,,,,,,,,,,,,,,,,,,,
7/1/2024 1:45,0,,,,,,,,,,,,,,,,,,,
7/1/2024 1:30,0,,,,,,,,,,,,,,,,,,,
7/1/2024 1:15,0,,,,,,,,,,,,,,,,,,,
7/1/2024 1:00,0,,,,,,,,,,,,,,,,,,,
7/1/2024 0:45,0,,,,,,,,,,,,,,,,,,,
7/1/2024 0:30,0,,,,,,,,,,,,,,,,,,,
7/1/2024 0:15,0,,,,,,,,,,,,,,,,,,,
7/1/2024 0:00,0,,,,,,,,,,,,,,,,,,,
6/1/2024 23:45,0,,,,,,,,,,,,,,,,,,,
6/1/2024 23:30,0,,,,,,,,,,,,,,,,,,,
6/1/2024 23:15,0,,,,,,,,,,,,,,,,,,,
6/1/2024 23:00,0,,,,,,,,,,,,,,,,,,,
6/1/2024 22:45,0,,,,,,,,,,,,,,,,,,,
6/1/2024 22:30,0,,,,,,,,,,,,,,,,,,,
6/1/2024 22:15,0,,,,,,,,,,,,,,,,,,,
6/1/2024 22:00,0,,,,,,,,,,,,,,,,,,,
6/1/2024 21:45,0,,,,,,,,,,,,,,,,,,,
6/1/2024 21:30,0,,,,,,,,,,,,,,,,,,,
6/1/2024 21:15,0,,,,,,,,,,,,,,,,,,,
6/1/2024 21:00,0,,,,,,,,,,,,,,,,,,,
6/1/2024 20:45,0,,,,,,,,,,,,,,,,,,,
6/1/2024 20:30,0,,,,,,,,,,,,,,,,,,,
6/1/2024 20:15,0,,,,,,,,,,,,,,,,,,,
6/1/2024 20:00,0,,,,,,,,,,,,,,,,,,,
6/1/2024 19:45,0,,,,,,,,,,,,,,,,,,,
6/1/2024 19:30,0,,,,,,,,,,,,,,,,,,,
6/1/2024 19:15,0,,,,,,,,,,,,,,,,,,,
6/1/2024 19:00,0,,,,,,,,,,,,,,,,,,,
6/1/2024 18:45,0,,,,,,,,,,,,,,,,,,,
6/1/2024 18:30,0,,,,,,,,,,,,,,,,,,,
6/1/2024 18:15,0,,,,,,,,,,,,,,,,,,,
6/1/2024 18:00,0,,,,,,,,,,,,,,,,,,,
6/1/2024 17:45,0,,,,,,,,,,,,,,,,,,,
6/1/2024 17:30,0,,,,,,,,,,,,,,,,,,,
6/1/2024 17:15,0,,,,,,,,,,,,,,,,,,,
6/1/2024 17:00,0,,,,,,,,,,,,,,,,,,,
6/1/2024 16:45,0,,,,,,,,,,,,,,,,,,,
6/1/2024 16:30,0,,,,,,,,,,,,,,,,,,,
6/1/2024 16:15,0,,,,,,,,,,,,,,,,,,,
6/1/2024 16:00,0,,,,,,,,,,,,,,,,,,,
6/1/2024 15:45,0,,,,,,,,,,,,,,,,,,,
6/1/2024 15:30,0,,,,,,,,,,,,,,,,,,,
6/1/2024 15:15,0,,,,,,,,,,,,,,,,,,,
6/1/2024 15:00,0,,,,,,,,,,,,,,,,,,,
6/1/2024 14:45,0,,,,,,,,,,,,,,,,,,,
6/1/2024 14:30,0,,,,,,,,,,,,,,,,,,,
6/1/2024 14:15,0,,,,,,,,,,,,,,,,,,,
6/1/2024 14:00,0,,,,,,,,,,,,,,,,,,,
6/1/2024 13:45,0,,,,,,,,,,,,,,,,,,,
6/1/2024 13:30,0,,,,,,,,,,,,,,,,,,,
6/1/2024 13:15,0,,,,,,,,,,,,,,,,,,,
6/1/2024 13:00,0,,,,,,,,,,,,,,,,,,,
6/1/2024 12:45,0,,,,,,,,,,,,,,,,,,,
6/1/2024 12:30,0,,,,,,,,,,,,,,,,,,,
6/1/2024 12:15,0,,,,,,,,,,,,,,,,,,,
6/1/2024 12:00,0,,,,,,,,,,,,,,,,,,,
6/1/2024 11:45,0,,,,,,,,,,,,,,,,,,,
6/1/2024 11:30,0,,,,,,,,,,,,,,,,,,,
6/1/2024 11:15,0,,,,,,,,,,,,,,,,,,,
6/1/2024 11:00,0,,,,,,,,,,,,,,,,,,,
6/1/2024 10:45,0,,,,,,,,,,,,,,,,,,,
6/1/2024 10:30,0,,,,,,,,,,,,,,,,,,,
6/1/2024 10:15,0,,,,,,,,,,,,,,,,,,,
6/1/2024 10:00,0,,,,,,,,,,,,,,,,,,,
6/1/2024 9:45,0,,,,,,,,,,,,,,,,,,,
6/1/2024 9:30,0,,,,,,,,,,,,,,,,,,,
6/1/2024 9:15,0,,,,,,,,,,,,,,,,,,,
6/1/2024 9:00,0,,,,,,,,,,,,,,,,,,,
6/1/2024 8:45,0,,,,,,,,,,,,,,,,,,,
6/1/2024 8:30,0,,,,,,,,,,,,,,,,,,,
6/1/2024 8:15,0,,,,,,,,,,,,,,,,,,,
6/1/2024 8:00,0,,,,,,,,,,,,,,,,,,,
6/1/2024 7:45,0,,,,,,,,,,,,,,,,,,,
6/1/2024 7:30,0,,,,,,,,,,,,,,,,,,,
6/1/2024 7:15,0,,,,,,,,,,,,,,,,,,,
6/1/2024 7:00,0,,,,,,,,,,,,,,,,,,,
6/1/2024 6:45,0,,,,,,,,,,,,,,,,,,,
6/1/2024 6:30,0,,,,,,,,,,,,,,,,,,,
6/1/2024 6:15,0,,,,,,,,,,,,,,,,,,,
6/1/2024 6:00,0,,,,,,,,,,,,,,,,,,,
6/1/2024 5:45,0,,,,,,,,,,,,,,,,,,,
6/1/2024 5:30,0,,,,,,,,,,,,,,,,,,,
6/1/2024 5:15,0,,,,,,,,,,,,,,,,,,,
6/1/2024 5:00,0,,,,,,,,,,,,,,,,,,,
6/1/2024 4:45,0,,,,,,,,,,,,,,,,,,,
6/1/2024 4:30,0,,,,,,,,,,,,,,,,,,,
6/1/2024 4:15,0,,,,,,,,,,,,,,,,,,,
6/1/2024 4:00,0,,,,,,,,,,,,,,,,,,,
6/1/2024 3:45,0,,,,,,,,,,,,,,,,,,,
6/1/2024 3:30,0,,,,,,,,,,,,,,,,,,,
6/1/2024 3:15,0,,,,,,,,,,,,,,,,,,,
6/1/2024 3:00,0,,,,,,,,,,,,,,,,,,,
6/1/2024 2:45,0,,,,,,,,,,,,,,,,,,,
6/1/2024 2:30,0,,,,,,,,,,,,,,,,,,,
6/1/2024 2:15,0,,,,,,,,,,,,,,,,,,,
6/1/2024 2:00,0,,,,,,,,,,,,,,,,,,,
6/1/2024 1:45,0,,,,,,,,,,,,,,,,,,,
6/1/2024 1:30,0,,,,,,,,,,,,,,,,,,,
6/1/2024 1:15,0,,,,,,,,,,,,,,,,,,,
6/1/2024 1:00,0,,,,,,,,,,,,,,,,,,,
6/1/2024 0:45,0,,,,,,,,,,,,,,,,,,,
6/1/2024 0:30,0,,,,,,,,,,,,,,,,,,,
6/1/2024 0:15,0,,,,,,,,,,,,,,,,,,,
6/1/2024 0:00,0,,,,,,,,,,,,,,,,,,,
5/1/2024 23:45,0,,,,,,,,,,,,,,,,,,,
5/1/2024 23:30,0,,,,,,,,,,,,,,,,,,,
5/1/2024 23:15,0,,,,,,,,,,,,,,,,,,,
5/1/2024 23:00,0,,,,,,,,,,,,,,,,,,,
5/1/2024 22:45,0,,,,,,,,,,,,,,,,,,,
5/1/2024 22:30,0,,,,,,,,,,,,,,,,,,,
5/1/2024 22:15,0,,,,,,,,,,,,,,,,,,,
5/1/2024 22:00,0,,,,,,,,,,,,,,,,,,,
5/1/2024 21:45,0,,,,,,,,,,,,,,,,,,,
5/1/2024 21:30,0,,,,,,,,,,,,,,,,,,,
5/1/2024 21:15,0,,,,,,,,,,,,,,,,,,,
5/1/2024 21:00,0,,,,,,,,,,,,,,,,,,,
5/1/2024 20:45,0,,,,,,,,,,,,,,,,,,,
5/1/2024 20:30,0,,,,,,,,,,,,,,,,,,,
5/1/2024 20:15,0,,,,,,,,,,,,,,,,,,,
5/1/2024 20:00,0,,,,,,,,,,,,,,,,,,,
5/1/2024 19:45,0,,,,,,,,,,,,,,,,,,,
5/1/2024 19:30,0,,,,,,,,,,,,,,,,,,,
5/1/2024 19:15,0,,,,,,,,,,,,,,,,,,,
5/1/2024 19:00,0,,,,,,,,,,,,,,,,,,,
5/1/2024 18:45,0,,,,,,,,,,,,,,,,,,,
5/1/2024 18:30,0,,,,,,,,,,,,,,,,,,,
5/1/2024 18:15,0,,,,,,,,,,,,,,,,,,,
5/1/2024 18:00,0,,,,,,,,,,,,,,,,,,,
5/1/2024 17:45,0,,,,,,,,,,,,,,,,,,,
5/1/2024 17:30,0,,,,,,,,,,,,,,,,,,,
5/1/2024 17:15,0,,,,,,,,,,,,,,,,,,,
5/1/2024 17:00,0,,,,,,,,,,,,,,,,,,,
5/1/2024 16:45,0,,,,,,,,,,,,,,,,,,,
5/1/2024 16:30,0,,,,,,,,,,,,,,,,,,,
5/1/2024 16:15,0,,,,,,,,,,,,,,,,,,,
5/1/2024 16:00,0,,,,,,,,,,,,,,,,,,,
5/1/2024 15:45,0,,,,,,,,,,,,,,,,,,,
5/1/2024 15:30,0,,,,,,,,,,,,,,,,,,,
5/1/2024 15:15,0,,,,,,,,,,,,,,,,,,,
5/1/2024 15:00,0,,,,,,,,,,,,,,,,,,,
5/1/2024 14:45,0,,,,,,,,,,,,,,,,,,,
5/1/2024 14:30,0,,,,,,,,,,,,,,,,,,,
5/1/2024 14:15,0,,,,,,,,,,,,,,,,,,,
5/1/2024 14:00,0,,,,,,,,,,,,,,,,,,,
5/1/2024 13:45,0,,,,,,,,,,,,,,,,,,,
5/1/2024 13:30,0,,,,,,,,,,,,,,,,,,,
5/1/2024 13:15,0,,,,,,,,,,,,,,,,,,,
5/1/2024 13:00,0,,,,,,,,,,,,,,,,,,,
5/1/2024 12:45,0,,,,,,,,,,,,,,,,,,,
5/1/2024 12:30,0,,,,,,,,,,,,,,,,,,,
5/1/2024 12:15,0,,,,,,,,,,,,,,,,,,,
5/1/2024 12:00,0,,,,,,,,,,,,,,,,,,,
5/1/2024 11:45,0,,,,,,,,,,,,,,,,,,,
5/1/2024 11:30,0,,,,,,,,,,,,,,,,,,,
5/1/2024 11:15,0,,,,,,,,,,,,,,,,,,,
5/1/2024 11:00,0,,,,,,,,,,,,,,,,,,,
5/1/2024 10:45,0,,,,,,,,,,,,,,,,,,,
5/1/2024 10:30,0,,,,,,,,,,,,,,,,,,,
5/1/2024 10:15,0,,,,,,,,,,,,,,,,,,,
5/1/2024 10:00,0,,,,,,,,,,,,,,,,,,,
5/1/2024 9:45,0,,,,,,,,,,,,,,,,,,,
5/1/2024 9:30,0,,,,,,,,,,,,,,,,,,,
5/1/2024 9:15,0,,,,,,,,,,,,,,,,,,,
5/1/2024 9:00,0,,,,,,,,,,,,,,,,,,,
5/1/2024 8:45,0,,,,,,,,,,,,,,,,,,,
5/1/2024 8:30,0,,,,,,,,,,,,,,,,,,,
5/1/2024 8:15,0,,,,,,,,,,,,,,,,,,,
5/1/2024 8:00,0,,,,,,,,,,,,,,,,,,,
5/1/2024 7:45,0,,,,,,,,,,,,,,,,,,,
5/1/2024 7:30,0,,,,,,,,,,,,,,,,,,,
5/1/2024 7:15,0,,,,,,,,,,,,,,,,,,,
5/1/2024 7:00,0,,,,,,,,,,,,,,,,,,,
5/1/2024 6:45,0,,,,,,,,,,,,,,,,,,,
5/1/2024 6:30,0,,,,,,,,,,,,,,,,,,,
5/1/2024 6:15,0,,,,,,,,,,,,,,,,,,,
5/1/2024 6:00,0,,,,,,,,,,,,,,,,,,,
5/1/2024 5:45,0,,,,,,,,,,,,,,,,,,,
5/1/2024 5:30,0,,,,,,,,,,,,,,,,,,,
5/1/2024 5:15,0,,,,,,,,,,,,,,,,,,,
5/1/2024 5:00,0,,,,,,,,,,,,,,,,,,,
5/1/2024 4:45,0,,,,,,,,,,,,,,,,,,,
5/1/2024 4:30,0,,,,,,,,,,,,,,,,,,,
5/1/2024 4:15,0,,,,,,,,,,,,,,,,,,,
5/1/2024 4:00,0,,,,,,,,,,,,,,,,,,,
5/1/2024 3:45,0,,,,,,,,,,,,,,,,,,,
5/1/2024 3:30,0,,,,,,,,,,,,,,,,,,,
5/1/2024 3:15,0,,,,,,,,,,,,,,,,,,,
5/1/2024 3:00,0,,,,,,,,,,,,,,,,,,,
5/1/2024 2:45,0,,,,,,,,,,,,,,,,,,,
5/1/2024 2:30,0,,,,,,,,,,,,,,,,,,,
5/1/2024 2:15,0,,,,,,,,,,,,,,,,,,,
5/1/2024 2:00,0,,,,,,,,,,,,,,,,,,,
5/1/2024 1:45,0,,,,,,,,,,,,,,,,,,,
5/1/2024 1:30,0,,,,,,,,,,,,,,,,,,,
5/1/2024 1:15,0,,,,,,,,,,,,,,,,,,,
5/1/2024 1:00,0,,,,,,,,,,,,,,,,,,,
5/1/2024 0:45,0,,,,,,,,,,,,,,,,,,,
5/1/2024 0:30,0,,,,,,,,,,,,,,,,,,,
5/1/2024 0:15,0,,,,,,,,,,,,,,,,,,,
5/1/2024 0:00,0,,,,,,,,,,,,,,,,,,,
4/1/2024 23:45,0,,,,,,,,,,,,,,,,,,,
4/1/2024 23:30,0,,,,,,,,,,,,,,,,,,,
4/1/2024 23:15,0,,,,,,,,,,,,,,,,,,,
4/1/2024 23:00,0,,,,,,,,,,,,,,,,,,,
4/1/2024 22:45,0,,,,,,,,,,,,,,,,,,,
4/1/2024 22:30,0,,,,,,,,,,,,,,,,,,,
4/1/2024 22:15,0,,,,,,,,,,,,,,,,,,,
4/1/2024 22:00,0,,,,,,,,,,,,,,,,,,,
4/1/2024 21:45,0,,,,,,,,,,,,,,,,,,,
4/1/2024 21:30,0,,,,,,,,,,,,,,,,,,,
4/1/2024 21:15,0,,,,,,,,,,,,,,,,,,,
4/1/2024 21:00,0,,,,,,,,,,,,,,,,,,,
4/1/2024 20:45,0,,,,,,,,,,,,,,,,,,,
4/1/2024 20:30,0,,,,,,,,,,,,,,,,,,,
4/1/2024 20:15,0,,,,,,,,,,,,,,,,,,,
4/1/2024 20:00,0,,,,,,,,,,,,,,,,,,,
4/1/2024 19:45,0,,,,,,,,,,,,,,,,,,,
4/1/2024 19:30,0,,,,,,,,,,,,,,,,,,,
4/1/2024 19:15,0,,,,,,,,,,,,,,,,,,,
4/1/2024 19:00,0,,,,,,,,,,,,,,,,,,,
4/1/2024 18:45,0,,,,,,,,,,,,,,,,,,,
4/1/2024 18:30,0,,,,,,,,,,,,,,,,,,,
4/1/2024 18:15,0,,,,,,,,,,,,,,,,,,,
4/1/2024 18:00,0,,,,,,,,,,,,,,,,,,,
4/1/2024 17:45,0,,,,,,,,,,,,,,,,,,,
4/1/2024 17:30,0,,,,,,,,,,,,,,,,,,,
4/1/2024 17:15,0,,,,,,,,,,,,,,,,,,,
4/1/2024 17:00,0,,,,,,,,,,,,,,,,,,,
4/1/2024 16:45,0,,,,,,,,,,,,,,,,,,,
4/1/2024 16:30,0,,,,,,,,,,,,,,,,,,,
4/1/2024 16:15,0,,,,,,,,,,,,,,,,,,,
4/1/2024 16:00,0,,,,,,,,,,,,,,,,,,,
4/1/2024 15:45,0,,,,,,,,,,,,,,,,,,,
4/1/2024 15:30,0,,,,,,,,,,,,,,,,,,,
4/1/2024 15:15,0,,,,,,,,,,,,,,,,,,,
4/1/2024 15:00,0,,,,,,,,,,,,,,,,,,,
4/1/2024 14:45,0,,,,,,,,,,,,,,,,,,,
4/1/2024 14:30,0,,,,,,,,,,,,,,,,,,,
4/1/2024 14:15,0,,,,,,,,,,,,,,,,,,,
4/1/2024 14:00,0,,,,,,,,,,,,,,,,,,,
4/1/2024 13:45,0,,,,,,,,,,,,,,,,,,,
4/1/2024 13:30,0,,,,,,,,,,,,,,,,,,,
4/1/2024 13:15,0,,,,,,,,,,,,,,,,,,,
4/1/2024 13:00,0,,,,,,,,,,,,,,,,,,,
4/1/2024 12:45,0,,,,,,,,,,,,,,,,,,,
4/1/2024 12:30,0,,,,,,,,,,,,,,,,,,,
4/1/2024 12:15,0,,,,,,,,,,,,,,,,,,,
4/1/2024 12:00,0,,,,,,,,,,,,,,,,,,,
4/1/2024 11:45,0,,,,,,,,,,,,,,,,,,,
4/1/2024 11:30,0,,,,,,,,,,,,,,,,,,,
4/1/2024 11:15,0,,,,,,,,,,,,,,,,,,,
4/1/2024 11:00,0,,,,,,,,,,,,,,,,,,,
4/1/2024 10:45,0,,,,,,,,,,,,,,,,,,,
4/1/2024 10:30,0,,,,,,,,,,,,,,,,,,,
4/1/2024 10:15,0,,,,,,,,,,,,,,,,,,,
4/1/2024 10:00,0,,,,,,,,,,,,,,,,,,,
4/1/2024 9:45,0,,,,,,,,,,,,,,,,,,,
4/1/2024 9:30,0,,,,,,,,,,,,,,,,,,,
4/1/2024 9:15,0,,,,,,,,,,,,,,,,,,,
4/1/2024 9:00,0,,,,,,,,,,,,,,,,,,,
4/1/2024 8:45,0,,,,,,,,,,,,,,,,,,,
4/1/2024 8:30,0,,,,,,,,,,,,,,,,,,,
4/1/2024 8:15,0,,,,,,,,,,,,,,,,,,,
4/1/2024 8:00,0,,,,,,,,,,,,,,,,,,,
4/1/2024 7:45,0,,,,,,,,,,,,,,,,,,,
4/1/2024 7:30,0,,,,,,,,,,,,,,,,,,,
4/1/2024 7:15,0,,,,,,,,,,,,,,,,,,,
4/1/2024 7:00,0,,,,,,,,,,,,,,,,,,,
4/1/2024 6:45,0,,,,,,,,,,,,,,,,,,,
4/1/2024 6:30,0,,,,,,,,,,,,,,,,,,,
4/1/2024 6:15,0,,,,,,,,,,,,,,,,,,,
4/1/2024 6:00,0,,,,,,,,,,,,,,,,,,,
4/1/2024 5:45,0,,,,,,,,,,,,,,,,,,,
4/1/2024 5:30,0,,,,,,,,,,,,,,,,,,,
4/1/2024 5:15,0,,,,,,,,,,,,,,,,,,,
4/1/2024 5:00,0,,,,,,,,,,,,,,,,,,,
4/1/2024 4:45,0,,,,,,,,,,,,,,,,,,,
4/1/2024 4:30,0,,,,,,,,,,,,,,,,,,,
4/1/2024 4:15,0,,,,,,,,,,,,,,,,,,,
4/1/2024 4:00,0,,,,,,,,,,,,,,,,,,,
4/1/2024 3:45,0,,,,,,,,,,,,,,,,,,,
4/1/2024 3:30,0,,,,,,,,,,,,,,,,,,,
4/1/2024 3:15,0,,,,,,,,,,,,,,,,,,,
4/1/2024 3:00,0,,,,,,,,,,,,,,,,,,,
4/1/2024 2:45,0,,,,,,,,,,,,,,,,,,,
4/1/2024 2:30,0,,,,,,,,,,,,,,,,,,,
4/1/2024 2:15,0,,,,,,,,,,,,,,,,,,,
4/1/2024 2:00,0,,,,,,,,,,,,,,,,,,,
4/1/2024 1:45,0,,,,,,,,,,,,,,,,,,,
4/1/2024 1:30,0,,,,,,,,,,,,,,,,,,,
4/1/2024 1:15,0,,,,,,,,,,,,,,,,,,,
4/1/2024 1:00,0,,,,,,,,,,,,,,,,,,,
4/1/2024 0:45,0,,,,,,,,,,,,,,,,,,,
4/1/2024 0:30,0,,,,,,,,,,,,,,,,,,,
4/1/2024 0:15,0,,,,,,,,,,,,,,,,,,,
4/1/2024 0:00,0,,,,,,,,,,,,,,,,,,,
3/1/2024 23:45,0,,,,,,,,,,,,,,,,,,,
3/1/2024 23:30,0,,,,,,,,,,,,,,,,,,,
3/1/2024 23:15,0,,,,,,,,,,,,,,,,,,,
3/1/2024 23:00,0,,,,,,,,,,,,,,,,,,,
3/1/2024 22:45,0,,,,,,,,,,,,,,,,,,,
3/1/2024 22:30,0,,,,,,,,,,,,,,,,,,,
3/1/2024 22:15,0,,,,,,,,,,,,,,,,,,,
3/1/2024 22:00,0,,,,,,,,,,,,,,,,,,,
3/1/2024 21:45,0,,,,,,,,,,,,,,,,,,,
3/1/2024 21:30,0,,,,,,,,,,,,,,,,,,,
3/1/2024 21:15,0,,,,,,,,,,,,,,,,,,,
3/1/2024 21:00,0,,,,,,,,,,,,,,,,,,,
3/1/2024 20:45,0,,,,,,,,,,,,,,,,,,,
3/1/2024 20:30,0,,,,,,,,,,,,,,,,,,,
3/1/2024 20:15,0,,,,,,,,,,,,,,,,,,,
3/1/2024 20:00,0,,,,,,,,,,,,,,,,,,,
3/1/2024 19:45,0,,,,,,,,,,,,,,,,,,,
3/1/2024 19:30,0,,,,,,,,,,,,,,,,,,,
3/1/2024 19:15,0,,,,,,,,,,,,,,,,,,,
3/1/2024 19:00,0,,,,,,,,,,,,,,,,,,,
3/1/2024 18:45,0,,,,,,,,,,,,,,,,,,,
3/1/2024 18:30,0,,,,,,,,,,,,,,,,,,,
3/1/2024 18:15,0,,,,,,,,,,,,,,,,,,,
3/1/2024 18:00,0,,,,,,,,,,,,,,,,,,,
3/1/2024 17:45,0,,,,,,,,,,,,,,,,,,,
3/1/2024 17:30,0,,,,,,,,,,,,,,,,,,,
3/1/2024 17:15,0,,,,,,,,,,,,,,,,,,,
3/1/2024 17:00,0,,,,,,,,,,,,,,,,,,,
3/1/2024 16:45,0,,,,,,,,,,,,,,,,,,,
3/1/2024 16:30,0,,,,,,,,,,,,,,,,,,,
3/1/2024 16:15,0,,,,,,,,,,,,,,,,,,,
3/1/2024 16:00,0,,,,,,,,,,,,,,,,,,,
3/1/2024 15:45,0,,,,,,,,,,,,,,,,,,,
3/1/2024 15:30,0,,,,,,,,,,,,,,,,,,,
3/1/2024 15:15,0,,,,,,,,,,,,,,,,,,,
3/1/2024 15:00,0,,,,,,,,,,,,,,,,,,,
3/1/2024 14:45,0,,,,,,,,,,,,,,,,,,,
3/1/2024 14:30,0,,,,,,,,,,,,,,,,,,,
3/1/2024 14:15,0,,,,,,,,,,,,,,,,,,,
3/1/2024 14:00,0,,,,,,,,,,,,,,,,,,,
3/1/2024 13:45,0,,,,,,,,,,,,,,,,,,,
3/1/2024 13:30,0,,,,,,,,,,,,,,,,,,,
3/1/2024 13:15,0,,,,,,,,,,,,,,,,,,,
3/1/2024 13:00,0,,,,,,,,,,,,,,,,,,,
3/1/2024 12:45,0,,,,,,,,,,,,,,,,,,,
3/1/2024 12:30,0,,,,,,,,,,,,,,,,,,,
3/1/2024 12:15,0,,,,,,,,,,,,,,,,,,,
3/1/2024 12:00,0,,,,,,,,,,,,,,,,,,,
3/1/2024 11:45,0,,,,,,,,,,,,,,,,,,,
3/1/2024 11:30,0,,,,,,,,,,,,,,,,,,,
3/1/2024 11:15,0,,,,,,,,,,,,,,,,,,,
3/1/2024 11:00,0,,,,,,,,,,,,,,,,,,,
3/1/2024 10:45,0,,,,,,,,,,,,,,,,,,,
3/1/2024 10:30,0,,,,,,,,,,,,,,,,,,,
3/1/2024 10:15,0,,,,,,,,,,,,,,,,,,,
3/1/2024 10:00,0,,,,,,,,,,,,,,,,,,,
3/1/2024 9:45,0,,,,,,,,,,,,,,,,,,,
3/1/2024 9:30,0,,,,,,,,,,,,,,,,,,,
3/1/2024 9:15,0,,,,,,,,,,,,,,,,,,,
3/1/2024 9:00,0,,,,,,,,,,,,,,,,,,,
3/1/2024 8:45,0,,,,,,,,,,,,,,,,,,,
3/1/2024 8:30,0,,,,,,,,,,,,,,,,,,,
3/1/2024 8:15,0,,,,,,,,,,,,,,,,,,,
3/1/2024 8:00,0,,,,,,,,,,,,,,,,,,,
3/1/2024 7:45,0,,,,,,,,,,,,,,,,,,,
3/1/2024 7:30,0,,,,,,,,,,,,,,,,,,,
3/1/2024 7:15,0,,,,,,,,,,,,,,,,,,,
3/1/2024 7:00,0,,,,,,,,,,,,,,,,,,,
3/1/2024 6:45,0,,,,,,,,,,,,,,,,,,,
3/1/2024 6:30,0,,,,,,,,,,,,,,,,,,,
3/1/2024 6:15,0,,,,,,,,,,,,,,,,,,,
3/1/2024 6:00,0,,,,,,,,,,,,,,,,,,,
3/1/2024 5:45,0,,,,,,,,,,,,,,,,,,,
3/1/2024 5:30,0,,,,,,,,,,,,,,,,,,,
3/1/2024 5:15,0,,,,,,,,,,,,,,,,,,,
3/1/2024 5:00,0,,,,,,,,,,,,,,,,,,,
3/1/2024 4:45,0,,,,,,,,,,,,,,,,,,,
3/1/2024 4:30,0,,,,,,,,,,,,,,,,,,,
3/1/2024 4:15,0,,,,,,,,,,,,,,,,,,,
3/1/2024 4:00,0,,,,,,,,,,,,,,,,,,,
3/1/2024 3:45,0,,,,,,,,,,,,,,,,,,,
3/1/2024 3:30,0,,,,,,,,,,,,,,,,,,,
3/1/2024 3:15,0,,,,,,,,,,,,,,,,,,,
3/1/2024 3:00,0,,,,,,,,,,,,,,,,,,,
3/1/2024 2:45,0,,,,,,,,,,,,,,,,,,,
3/1/2024 2:30,0,,,,,,,,,,,,,,,,,,,
3/1/2024 2:15,0,,,,,,,,,,,,,,,,,,,
3/1/2024 2:00,0,,,,,,,,,,,,,,,,,,,
3/1/2024 1:45,0,,,,,,,,,,,,,,,,,,,
3/1/2024 1:30,0,,,,,,,,,,,,,,,,,,,
3/1/2024 1:15,0,,,,,,,,,,,,,,,,,,,
3/1/2024 1:00,0,,,,,,,,,,,,,,,,,,,
3/1/2024 0:45,0,,,,,,,,,,,,,,,,,,,
3/1/2024 0:30,0,,,,,,,,,,,,,,,,,,,
3/1/2024 0:15,0,,,,,,,,,,,,,,,,,,,
3/1/2024 0:00,0,,,,,,,,,,,,,,,,,,,
2/1/2024 23:45,0,,,,,,,,,,,,,,,,,,,
2/1/2024 23:30,0,,,,,,,,,,,,,,,,,,,
2/1/2024 23:15,0,,,,,,,,,,,,,,,,,,,
2/1/2024 23:00,0,,,,,,,,,,,,,,,,,,,
2/1/2024 22:45,0,,,,,,,,,,,,,,,,,,,
2/1/2024 22:30,0,,,,,,,,,,,,,,,,,,,
2/1/2024 22:15,0,,,,,,,,,,,,,,,,,,,
2/1/2024 22:00,0,,,,,,,,,,,,,,,,,,,
2/1/2024 21:45,0,,,,,,,,,,,,,,,,,,,
2/1/2024 21:30,0,,,,,,,,,,,,,,,,,,,
2/1/2024 21:15,0,,,,,,,,,,,,,,,,,,,
2/1/2024 21:00,0,,,,,,,,,,,,,,,,,,,
2/1/2024 20:45,0,,,,,,,,,,,,,,,,,,,
2/1/2024 20:30,0,,,,,,,,,,,,,,,,,,,
2/1/2024 20:15,0,,,,,,,,,,,,,,,,,,,
2/1/2024 20:00,0,,,,,,,,,,,,,,,,,,,
2/1/2024 19:45,0,,,,,,,,,,,,,,,,,,,
2/1/2024 19:30,0,,,,,,,,,,,,,,,,,,,
2/1/2024 19:15,0.2,,,,,,,,,,,,,,,,,,,
2/1/2024 19:00,0,,,,,,,,,,,,,,,,,,,
2/1/2024 18:45,0.6,,,,,,,,,,,,,,,,,,,
2/1/2024 18:30,0.2,,,,,,,,,,,,,,,,,,,
2/1/2024 18:15,0.4,,,,,,,,,,,,,,,,,,,
2/1/2024 18:00,3.4,,,,,,,,,,,,,,,,,,,
2/1/2024 17:45,13,,,,,,,,,,,,,,,,,,,
2/1/2024 17:30,0,,,,,,,,,,,,,,,,,,,
2/1/2024 17:15,0,,,,,,,,,,,,,,,,,,,
2/1/2024 17:00,0,,,,,,,,,,,,,,,,,,,
2/1/2024 16:45,0,,,,,,,,,,,,,,,,,,,
2/1/2024 16:30,0,,,,,,,,,,,,,,,,,,,
2/1/2024 16:15,0,,,,,,,,,,,,,,,,,,,
2/1/2024 16:00,0,,,,,,,,,,,,,,,,,,,
2/1/2024 15:45,0,,,,,,,,,,,,,,,,,,,
2/1/2024 15:30,0,,,,,,,,,,,,,,,,,,,
2/1/2024 15:15,0,,,,,,,,,,,,,,,,,,,
2/1/2024 15:00,0.2,,,,,,,,,,,,,,,,,,,
2/1/2024 14:45,0,,,,,,,,,,,,,,,,,,,
2/1/2024 14:30,0,,,,,,,,,,,,,,,,,,,
2/1/2024 14:15,0,,,,,,,,,,,,,,,,,,,
2/1/2024 14:00,0,,,,,,,,,,,,,,,,,,,
2/1/2024 13:45,0,,,,,,,,,,,,,,,,,,,
2/1/2024 13:30,0,,,,,,,,,,,,,,,,,,,
2/1/2024 13:15,0,,,,,,,,,,,,,,,,,,,
2/1/2024 13:00,0,,,,,,,,,,,,,,,,,,,
2/1/2024 12:45,0,,,,,,,,,,,,,,,,,,,
2/1/2024 12:30,0,,,,,,,,,,,,,,,,,,,
2/1/2024 12:15,0,,,,,,,,,,,,,,,,,,,
2/1/2024 12:00,0,,,,,,,,,,,,,,,,,,,
2/1/2024 11:45,0,,,,,,,,,,,,,,,,,,,
2/1/2024 11:30,0,,,,,,,,,,,,,,,,,,,
2/1/2024 11:15,0,,,,,,,,,,,,,,,,,,,
2/1/2024 11:00,0,,,,,,,,,,,,,,,,,,,
2/1/2024 10:45,0.2,,,,,,,,,,,,,,,,,,,
2/1/2024 10:30,3.8,,,,,,,,,,,,,,,,,,,
2/1/2024 10:15,1.2,,,,,,,,,,,,,,,,,,,
2/1/2024 10:00,0,,,,,,,,,,,,,,,,,,,
2/1/2024 9:45,0,,,,,,,,,,,,,,,,,,,
2/1/2024 9:30,0,,,,,,,,,,,,,,,,,,,
2/1/2024 9:15,0,,,,,,,,,,,,,,,,,,,
2/1/2024 9:00,0,,,,,,,,,,,,,,,,,,,
2/1/2024 8:45,0,,,,,,,,,,,,,,,,,,,
2/1/2024 8:30,0,,,,,,,,,,,,,,,,,,,
2/1/2024 8:15,0,,,,,,,,,,,,,,,,,,,
2/1/2024 8:00,0,,,,,,,,,,,,,,,,,,,
2/1/2024 7:45,0,,,,,,,,,,,,,,,,,,,
2/1/2024 7:30,0,,,,,,,,,,,,,,,,,,,
2/1/2024 7:15,0,,,,,,,,,,,,,,,,,,,
2/1/2024 7:00,0,,,,,,,,,,,,,,,,,,,
2/1/2024 6:45,0,,,,,,,,,,,,,,,,,,,
2/1/2024 6:30,0,,,,,,,,,,,,,,,,,,,
2/1/2024 6:15,0,,,,,,,,,,,,,,,,,,,
2/1/2024 6:00,0,,,,,,,,,,,,,,,,,,,
2/1/2024 5:45,0,,,,,,,,,,,,,,,,,,,
2/1/2024 5:30,0,,,,,,,,,,,,,,,,,,,
2/1/2024 5:15,0,,,,,,,,,,,,,,,,,,,
2/1/2024 5:00,0,,,,,,,,,,,,,,,,,,,
2/1/2024 4:45,0,,,,,,,,,,,,,,,,,,,
2/1/2024 4:30,0,,,,,,,,,,,,,,,,,,,
2/1/2024 4:15,0,,,,,,,,,,,,,,,,,,,
2/1/2024 4:00,0,,,,,,,,,,,,,,,,,,,
2/1/2024 3:45,0,,,,,,,,,,,,,,,,,,,
2/1/2024 3:30,0,,,,,,,,,,,,,,,,,,,
2/1/2024 3:15,0,,,,,,,,,,,,,,,,,,,
2/1/2024 3:00,0,,,,,,,,,,,,,,,,,,,
2/1/2024 2:45,0,,,,,,,,,,,,,,,,,,,
2/1/2024 2:30,0,,,,,,,,,,,,,,,,,,,
2/1/2024 2:15,0,,,,,,,,,,,,,,,,,,,
2/1/2024 2:00,0,,,,,,,,,,,,,,,,,,,
2/1/2024 1:45,0,,,,,,,,,,,,,,,,,,,
2/1/2024 1:30,0,,,,,,,,,,,,,,,,,,,
2/1/2024 1:15,0,,,,,,,,,,,,,,,,,,,
2/1/2024 1:00,0,,,,,,,,,,,,,,,,,,,
2/1/2024 0:45,0,,,,,,,,,,,,,,,,,,,
2/1/2024 0:30,0,,,,,,,,,,,,,,,,,,,
2/1/2024 0:15,0,,,,,,,,,,,,,,,,,,,
2/1/2024 0:00,0,,,,,,,,,,,,,,,,,,,
1/1/2024 23:45,0,,,,,,,,,,,,,,,,,,,
1/1/2024 23:30,0,,,,,,,,,,,,,,,,,,,
1/1/2024 23:15,0,,,,,,,,,,,,,,,,,,,
1/1/2024 23:00,0,,,,,,,,,,,,,,,,,,,
1/1/2024 22:45,0,,,,,,,,,,,,,,,,,,,
1/1/2024 22:30,0,,,,,,,,,,,,,,,,,,,
1/1/2024 22:15,0,,,,,,,,,,,,,,,,,,,
1/1/2024 22:00,0,,,,,,,,,,,,,,,,,,,
1/1/2024 21:45,0,,,,,,,,,,,,,,,,,,,
1/1/2024 21:30,0,,,,,,,,,,,,,,,,,,,
1/1/2024 21:15,0,,,,,,,,,,,,,,,,,,,
1/1/2024 21:00,0,,,,,,,,,,,,,,,,,,,
1/1/2024 20:45,0,,,,,,,,,,,,,,,,,,,
1/1/2024 20:30,0,,,,,,,,,,,,,,,,,,,
1/1/2024 20:15,0,,,,,,,,,,,,,,,,,,,
1/1/2024 20:00,0,,,,,,,,,,,,,,,,,,,
1/1/2024 19:45,0,,,,,,,,,,,,,,,,,,,
1/1/2024 19:30,0,,,,,,,,,,,,,,,,,,,
1/1/2024 19:15,0,,,,,,,,,,,,,,,,,,,
1/1/2024 19:00,0,,,,,,,,,,,,,,,,,,,
1/1/2024 18:45,0,,,,,,,,,,,,,,,,,,,
1/1/2024 18:30,0,,,,,,,,,,,,,,,,,,,
1/1/2024 18:15,0,,,,,,,,,,,,,,,,,,,
1/1/2024 18:00,0,,,,,,,,,,,,,,,,,,,
1/1/2024 17:45,0,,,,,,,,,,,,,,,,,,,
1/1/2024 17:30,0,,,,,,,,,,,,,,,,,,,
1/1/2024 17:15,0,,,,,,,,,,,,,,,,,,,
1/1/2024 17:00,0,,,,,,,,,,,,,,,,,,,
1/1/2024 16:45,0,,,,,,,,,,,,,,,,,,,
1/1/2024 16:30,0,,,,,,,,,,,,,,,,,,,
1/1/2024 16:15,0,,,,,,,,,,,,,,,,,,,
1/1/2024 16:00,0,,,,,,,,,,,,,,,,,,,
1/1/2024 15:45,0,,,,,,,,,,,,,,,,,,,
1/1/2024 15:30,0,,,,,,,,,,,,,,,,,,,
1/1/2024 15:15,0,,,,,,,,,,,,,,,,,,,
1/1/2024 15:00,0,,,,,,,,,,,,,,,,,,,
1/1/2024 14:45,0,,,,,,,,,,,,,,,,,,,
1/1/2024 14:30,0,,,,,,,,,,,,,,,,,,,
1/1/2024 14:15,0,,,,,,,,,,,,,,,,,,,
1/1/2024 14:00,0,,,,,,,,,,,,,,,,,,,
1/1/2024 13:45,0,,,,,,,,,,,,,,,,,,,
1/1/2024 13:30,0,,,,,,,,,,,,,,,,,,,
1/1/2024 13:15,0,,,,,,,,,,,,,,,,,,,
1/1/2024 13:00,0,,,,,,,,,,,,,,,,,,,
1/1/2024 12:45,0,,,,,,,,,,,,,,,,,,,
1/1/2024 12:30,0,,,,,,,,,,,,,,,,,,,
1/1/2024 12:15,0,,,,,,,,,,,,,,,,,,,
1/1/2024 12:00,0,,,,,,,,,,,,,,,,,,,
1/1/2024 11:45,0,,,,,,,,,,,,,,,,,,,
1/1/2024 11:30,0,,,,,,,,,,,,,,,,,,,
1/1/2024 11:15,0,,,,,,,,,,,,,,,,,,,
1/1/2024 11:00,0,,,,,,,,,,,,,,,,,,,
1/1/2024 10:45,0,,,,,,,,,,,,,,,,,,,
1/1/2024 10:30,0,,,,,,,,,,,,,,,,,,,
1/1/2024 10:15,0,,,,,,,,,,,,,,,,,,,
1/1/2024 10:00,0,,,,,,,,,,,,,,,,,,,
1/1/2024 9:45,0,,,,,,,,,,,,,,,,,,,
1/1/2024 9:30,0,,,,,,,,,,,,,,,,,,,
1/1/2024 9:15,0,,,,,,,,,,,,,,,,,,,
1/1/2024 9:00,0,,,,,,,,,,,,,,,,,,,
1/1/2024 8:45,0,,,,,,,,,,,,,,,,,,,
1/1/2024 8:30,0,,,,,,,,,,,,,,,,,,,
1/1/2024 8:15,0,,,,,,,,,,,,,,,,,,,
1/1/2024 8:00,0,,,,,,,,,,,,,,,,,,,
1/1/2024 7:45,0,,,,,,,,,,,,,,,,,,,
1/1/2024 7:30,0,,,,,,,,,,,,,,,,,,,
1/1/2024 7:15,0,,,,,,,,,,,,,,,,,,,
1/1/2024 7:00,0,,,,,,,,,,,,,,,,,,,
1/1/2024 6:45,0,,,,,,,,,,,,,,,,,,,
1/1/2024 6:30,0,,,,,,,,,,,,,,,,,,,
1/1/2024 6:15,0,,,,,,,,,,,,,,,,,,,
1/1/2024 6:00,0,,,,,,,,,,,,,,,,,,,
1/1/2024 5:45,0,,,,,,,,,,,,,,,,,,,
1/1/2024 5:30,0,,,,,,,,,,,,,,,,,,,
1/1/2024 5:15,0,,,,,,,,,,,,,,,,,,,
1/1/2024 5:00,0,,,,,,,,,,,,,,,,,,,
1/1/2024 4:45,0,,,,,,,,,,,,,,,,,,,
1/1/2024 4:30,0,,,,,,,,,,,,,,,,,,,
1/1/2024 4:15,0,,,,,,,,,,,,,,,,,,,
1/1/2024 4:00,0,,,,,,,,,,,,,,,,,,,
1/1/2024 3:45,0,,,,,,,,,,,,,,,,,,,
1/1/2024 3:30,0,,,,,,,,,,,,,,,,,,,
1/1/2024 3:15,0,,,,,,,,,,,,,,,,,,,
1/1/2024 3:00,0,,,,,,,,,,,,,,,,,,,
1/1/2024 2:45,0,,,,,,,,,,,,,,,,,,,
1/1/2024 2:30,0,,,,,,,,,,,,,,,,,,,
1/1/2024 2:15,0,,,,,,,,,,,,,,,,,,,
1/1/2024 2:00,0,,,,,,,,,,,,,,,,,,,
1/1/2024 1:45,0,,,,,,,,,,,,,,,,,,,
1/1/2024 1:30,0,,,,,,,,,,,,,,,,,,,
1/1/2024 1:15,0,,,,,,,,,,,,,,,,,,,
1/1/2024 1:00,0,,,,,,,,,,,,,,,,,,,
1/1/2024 0:45,0,,,,,,,,,,,,,,,,,,,
1/1/2024 0:30,0,,,,,,,,,,,,,,,,,,,
1/1/2024 0:15,0,,,,,,,,,,,,,,,,,,,
1/1/2024 0:00,0,,,,,,,,,,,,,,,,,,,
31/12/2023 23:45:00,0,,,,,,,,,,,,,,,,,,,
31/12/2023 23:30:00,0,,,,,,,,,,,,,,,,,,,
31/12/2023 23:15:00,0,,,,,,,,,,,,,,,,,,,
31/12/2023 23:00:00,0,,,,,,,,,,,,,,,,,,,
31/12/2023 22:45:00,0,,,,,,,,,,,,,,,,,,,
31/12/2023 22:30:00,0,,,,,,,,,,,,,,,,,,,
31/12/2023 22:15:00,0,,,,,,,,,,,,,,,,,,,
31/12/2023 22:00:00,0,,,,,,,,,,,,,,,,,,,
31/12/2023 21:45:00,0,,,,,,,,,,,,,,,,,,,
31/12/2023 21:30:00,0,,,,,,,,,,,,,,,,,,,
31/12/2023 21:15:00,0,,,,,,,,,,,,,,,,,,,
31/12/2023 21:00:00,0,,,,,,,,,,,,,,,,,,,
31/12/2023 20:45:00,0,,,,,,,,,,,,,,,,,,,
31/12/2023 20:30:00,0,,,,,,,,,,,,,,,,,,,
31/12/2023 20:15:00,0,,,,,,,,,,,,,,,,,,,
31/12/2023 20:00:00,0,,,,,,,,,,,,,,,,,,,
31/12/2023 19:45:00,0,,,,,,,,,,,,,,,,,,,
31/12/2023 19:30:00,0,,,,,,,,,,,,,,,,,,,
31/12/2023 19:15:00,0,,,,,,,,,,,,,,,,,,,
31/12/2023 19:00:00,0,,,,,,,,,,,,,,,,,,,
31/12/2023 18:45:00,0,,,,,,,,,,,,,,,,,,,
31/12/2023 18:30:00,0,,,,,,,,,,,,,,,,,,,
31/12/2023 18:15:00,0,,,,,,,,,,,,,,,,,,,
31/12/2023 18:00:00,0,,,,,,,,,,,,,,,,,,,
31/12/2023 17:45:00,0,,,,,,,,,,,,,,,,,,,
31/12/2023 17:30:00,0,,,,,,,,,,,,,,,,,,,
31/12/2023 17:15:00,0,,,,,,,,,,,,,,,,,,,
31/12/2023 17:00:00,0,,,,,,,,,,,,,,,,,,,
31/12/2023 16:45:00,0,,,,,,,,,,,,,,,,,,,
31/12/2023 16:30:00,0,,,,,,,,,,,,,,,,,,,
31/12/2023 16:15:00,0,,,,,,,,,,,,,,,,,,,
31/12/2023 16:00:00,0,,,,,,,,,,,,,,,,,,,
31/12/2023 15:45:00,0,,,,,,,,,,,,,,,,,,,
31/12/2023 15:30:00,0,,,,,,,,,,,,,,,,,,,
31/12/2023 15:15:00,0,,,,,,,,,,,,,,,,,,,
31/12/2023 15:00:00,0,,,,,,,,,,,,,,,,,,,
31/12/2023 14:45:00,0,,,,,,,,,,,,,,,,,,,
31/12/2023 14:30:00,0,,,,,,,,,,,,,,,,,,,
31/12/2023 14:15:00,0,,,,,,,,,,,,,,,,,,,
31/12/2023 14:00:00,0,,,,,,,,,,,,,,,,,,,
31/12/2023 13:45:00,0,,,,,,,,,,,,,,,,,,,
31/12/2023 13:30:00,0,,,,,,,,,,,,,,,,,,,
31/12/2023 13:15:00,0,,,,,,,,,,,,,,,,,,,
31/12/2023 13:00:00,0,,,,,,,,,,,,,,,,,,,
31/12/2023 12:45:00,0,,,,,,,,,,,,,,,,,,,
31/12/2023 12:30:00,0,,,,,,,,,,,,,,,,,,,
31/12/2023 12:15:00,0,,,,,,,,,,,,,,,,,,,
31/12/2023 12:00:00,0,,,,,,,,,,,,,,,,,,,
31/12/2023 11:45:00,0,,,,,,,,,,,,,,,,,,,
31/12/2023 11:30:00,0,,,,,,,,,,,,,,,,,,,
31/12/2023 11:15:00,0,,,,,,,,,,,,,,,,,,,
31/12/2023 11:00:00,0,,,,,,,,,,,,,,,,,,,
31/12/2023 10:45:00,0,,,,,,,,,,,,,,,,,,,
31/12/2023 10:30:00,0,,,,,,,,,,,,,,,,,,,
31/12/2023 10:15:00,0,,,,,,,,,,,,,,,,,,,
31/12/2023 10:00:00,0,,,,,,,,,,,,,,,,,,,
31/12/2023 09:45:00,0,,,,,,,,,,,,,,,,,,,
31/12/2023 09:30:00,0,,,,,,,,,,,,,,,,,,,
31/12/2023 09:15:00,0,,,,,,,,,,,,,,,,,,,
31/12/2023 09:00:00,0,,,,,,,,,,,,,,,,,,,
31/12/2023 08:45:00,0,,,,,,,,,,,,,,,,,,,
31/12/2023 08:30:00,0,,,,,,,,,,,,,,,,,,,
31/12/2023 08:15:00,0,,,,,,,,,,,,,,,,,,,
31/12/2023 08:00:00,0,,,,,,,,,,,,,,,,,,,
31/12/2023 07:45:00,0,,,,,,,,,,,,,,,,,,,
31/12/2023 07:30:00,0,,,,,,,,,,,,,,,,,,,
31/12/2023 07:15:00,0,,,,,,,,,,,,,,,,,,,
31/12/2023 07:00:00,0,,,,,,,,,,,,,,,,,,,
31/12/2023 06:45:00,0,,,,,,,,,,,,,,,,,,,
31/12/2023 06:30:00,0,,,,,,,,,,,,,,,,,,,
31/12/2023 06:15:00,0,,,,,,,,,,,,,,,,,,,
31/12/2023 06:00:00,0,,,,,,,,,,,,,,,,,,,
31/12/2023 05:45:00,0,,,,,,,,,,,,,,,,,,,
31/12/2023 05:30:00,0,,,,,,,,,,,,,,,,,,,
31/12/2023 05:15:00,0,,,,,,,,,,,,,,,,,,,
31/12/2023 05:00:00,0,,,,,,,,,,,,,,,,,,,
31/12/2023 04:45:00,0,,,,,,,,,,,,,,,,,,,
31/12/2023 04:30:00,0,,,,,,,,,,,,,,,,,,,
31/12/2023 04:15:00,0,,,,,,,,,,,,,,,,,,,
31/12/2023 04:00:00,0,,,,,,,,,,,,,,,,,,,
31/12/2023 03:45:00,0,,,,,,,,,,,,,,,,,,,
31/12/2023 03:30:00,0,,,,,,,,,,,,,,,,,,,
31/12/2023 03:15:00,0,,,,,,,,,,,,,,,,,,,
31/12/2023 03:00:00,0,,,,,,,,,,,,,,,,,,,
31/12/2023 02:45:00,0,,,,,,,,,,,,,,,,,,,
31/12/2023 02:30:00,0,,,,,,,,,,,,,,,,,,,
31/12/2023 02:15:00,0,,,,,,,,,,,,,,,,,,,
31/12/2023 02:00:00,0,,,,,,,,,,,,,,,,,,,
31/12/2023 01:45:00,0,,,,,,,,,,,,,,,,,,,
31/12/2023 01:30:00,0,,,,,,,,,,,,,,,,,,,
31/12/2023 01:15:00,0,,,,,,,,,,,,,,,,,,,
31/12/2023 01:00:00,0,,,,,,,,,,,,,,,,,,,
31/12/2023 00:45:00,0,,,,,,,,,,,,,,,,,,,
31/12/2023 00:30:00,0,,,,,,,,,,,,,,,,,,,
31/12/2023 00:15:00,0,,,,,,,,,,,,,,,,,,,
31/12/2023 00:00:00,0,,,,,,,,,,,,,,,,,,,
30/12/2023 23:45:00,0,,,,,,,,,,,,,,,,,,,
30/12/2023 23:30:00,0,,,,,,,,,,,,,,,,,,,
30/12/2023 23:15:00,0,,,,,,,,,,,,,,,,,,,
30/12/2023 23:00:00,0,,,,,,,,,,,,,,,,,,,
30/12/2023 22:45:00,0,,,,,,,,,,,,,,,,,,,
30/12/2023 22:30:00,0,,,,,,,,,,,,,,,,,,,
30/12/2023 22:15:00,0,,,,,,,,,,,,,,,,,,,
30/12/2023 22:00:00,0,,,,,,,,,,,,,,,,,,,
30/12/2023 21:45:00,0,,,,,,,,,,,,,,,,,,,
30/12/2023 21:30:00,0,,,,,,,,,,,,,,,,,,,
30/12/2023 21:15:00,0,,,,,,,,,,,,,,,,,,,
30/12/2023 21:00:00,0,,,,,,,,,,,,,,,,,,,
30/12/2023 20:45:00,0,,,,,,,,,,,,,,,,,,,
30/12/2023 20:30:00,0,,,,,,,,,,,,,,,,,,,
30/12/2023 20:15:00,0,,,,,,,,,,,,,,,,,,,
30/12/2023 20:00:00,0,,,,,,,,,,,,,,,,,,,
30/12/2023 19:45:00,0,,,,,,,,,,,,,,,,,,,
30/12/2023 19:30:00,0,,,,,,,,,,,,,,,,,,,
30/12/2023 19:15:00,0,,,,,,,,,,,,,,,,,,,
30/12/2023 19:00:00,0,,,,,,,,,,,,,,,,,,,
30/12/2023 18:45:00,0,,,,,,,,,,,,,,,,,,,
30/12/2023 18:30:00,0,,,,,,,,,,,,,,,,,,,
30/12/2023 18:15:00,0,,,,,,,,,,,,,,,,,,,
30/12/2023 18:00:00,0,,,,,,,,,,,,,,,,,,,
30/12/2023 17:45:00,0,,,,,,,,,,,,,,,,,,,
30/12/2023 17:30:00,0,,,,,,,,,,,,,,,,,,,
30/12/2023 17:15:00,0,,,,,,,,,,,,,,,,,,,
30/12/2023 17:00:00,0,,,,,,,,,,,,,,,,,,,
30/12/2023 16:45:00,0,,,,,,,,,,,,,,,,,,,
30/12/2023 16:30:00,0,,,,,,,,,,,,,,,,,,,
30/12/2023 16:15:00,0,,,,,,,,,,,,,,,,,,,
30/12/2023 16:00:00,0,,,,,,,,,,,,,,,,,,,
30/12/2023 15:45:00,0,,,,,,,,,,,,,,,,,,,
30/12/2023 15:30:00,0,,,,,,,,,,,,,,,,,,,
30/12/2023 15:15:00,0,,,,,,,,,,,,,,,,,,,
30/12/2023 15:00:00,0,,,,,,,,,,,,,,,,,,,
30/12/2023 14:45:00,0,,,,,,,,,,,,,,,,,,,
30/12/2023 14:30:00,0,,,,,,,,,,,,,,,,,,,
30/12/2023 14:15:00,0,,,,,,,,,,,,,,,,,,,
30/12/2023 14:00:00,0,,,,,,,,,,,,,,,,,,,
30/12/2023 13:45:00,0,,,,,,,,,,,,,,,,,,,
30/12/2023 13:30:00,0,,,,,,,,,,,,,,,,,,,
30/12/2023 13:15:00,0,,,,,,,,,,,,,,,,,,,
30/12/2023 13:00:00,0,,,,,,,,,,,,,,,,,,,
30/12/2023 12:45:00,0,,,,,,,,,,,,,,,,,,,
30/12/2023 12:30:00,0,,,,,,,,,,,,,,,,,,,
30/12/2023 12:15:00,0,,,,,,,,,,,,,,,,,,,
30/12/2023 12:00:00,0,,,,,,,,,,,,,,,,,,,
30/12/2023 11:45:00,0,,,,,,,,,,,,,,,,,,,
30/12/2023 11:30:00,0,,,,,,,,,,,,,,,,,,,
30/12/2023 11:15:00,0,,,,,,,,,,,,,,,,,,,
30/12/2023 11:00:00,0,,,,,,,,,,,,,,,,,,,
30/12/2023 10:45:00,0,,,,,,,,,,,,,,,,,,,
30/12/2023 10:30:00,0,,,,,,,,,,,,,,,,,,,
30/12/2023 10:15:00,0,,,,,,,,,,,,,,,,,,,
30/12/2023 10:00:00,0,,,,,,,,,,,,,,,,,,,
30/12/2023 09:45:00,0,,,,,,,,,,,,,,,,,,,
30/12/2023 09:30:00,0,,,,,,,,,,,,,,,,,,,
30/12/2023 09:15:00,0,,,,,,,,,,,,,,,,,,,
30/12/2023 09:00:00,0,,,,,,,,,,,,,,,,,,,
30/12/2023 08:45:00,0,,,,,,,,,,,,,,,,,,,
30/12/2023 08:30:00,0,,,,,,,,,,,,,,,,,,,
30/12/2023 08:15:00,0,,,,,,,,,,,,,,,,,,,
30/12/2023 08:00:00,0,,,,,,,,,,,,,,,,,,,
30/12/2023 07:45:00,0,,,,,,,,,,,,,,,,,,,
30/12/2023 07:30:00,0,,,,,,,,,,,,,,,,,,,
30/12/2023 07:15:00,0,,,,,,,,,,,,,,,,,,,
30/12/2023 07:00:00,0,,,,,,,,,,,,,,,,,,,
30/12/2023 06:45:00,0,,,,,,,,,,,,,,,,,,,
30/12/2023 06:30:00,0,,,,,,,,,,,,,,,,,,,
30/12/2023 06:15:00,0,,,,,,,,,,,,,,,,,,,
30/12/2023 06:00:00,0,,,,,,,,,,,,,,,,,,,
30/12/2023 05:45:00,0,,,,,,,,,,,,,,,,,,,
30/12/2023 05:30:00,0,,,,,,,,,,,,,,,,,,,
30/12/2023 05:15:00,0,,,,,,,,,,,,,,,,,,,
30/12/2023 05:00:00,0,,,,,,,,,,,,,,,,,,,
30/12/2023 04:45:00,0,,,,,,,,,,,,,,,,,,,
30/12/2023 04:30:00,0,,,,,,,,,,,,,,,,,,,
30/12/2023 04:15:00,0,,,,,,,,,,,,,,,,,,,
30/12/2023 04:00:00,0,,,,,,,,,,,,,,,,,,,
30/12/2023 03:45:00,0,,,,,,,,,,,,,,,,,,,
30/12/2023 03:30:00,0,,,,,,,,,,,,,,,,,,,
30/12/2023 03:15:00,0,,,,,,,,,,,,,,,,,,,
30/12/2023 03:00:00,0,,,,,,,,,,,,,,,,,,,
30/12/2023 02:45:00,0,,,,,,,,,,,,,,,,,,,
30/12/2023 02:30:00,0,,,,,,,,,,,,,,,,,,,
30/12/2023 02:15:00,0,,,,,,,,,,,,,,,,,,,
30/12/2023 02:00:00,0,,,,,,,,,,,,,,,,,,,
30/12/2023 01:45:00,0,,,,,,,,,,,,,,,,,,,
30/12/2023 01:30:00,0,,,,,,,,,,,,,,,,,,,
30/12/2023 01:15:00,0,,,,,,,,,,,,,,,,,,,
30/12/2023 01:00:00,0,,,,,,,,,,,,,,,,,,,
30/12/2023 00:45:00,0,,,,,,,,,,,,,,,,,,,
30/12/2023 00:30:00,0,,,,,,,,,,,,,,,,,,,
30/12/2023 00:15:00,0,,,,,,,,,,,,,,,,,,,
30/12/2023 00:00:00,0,,,,,,,,,,,,,,,,,,,
29/12/2023 23:45:00,0,,,,,,,,,,,,,,,,,,,
29/12/2023 23:30:00,0,,,,,,,,,,,,,,,,,,,
29/12/2023 23:15:00,0,,,,,,,,,,,,,,,,,,,
29/12/2023 23:00:00,0,,,,,,,,,,,,,,,,,,,
29/12/2023 22:45:00,0,,,,,,,,,,,,,,,,,,,
29/12/2023 22:30:00,1.6,,,,,,,,,,,,,,,,,,,
29/12/2023 22:15:00,1,,,,,,,,,,,,,,,,,,,
29/12/2023 22:00:00,0.2,,,,,,,,,,,,,,,,,,,
29/12/2023 21:45:00,4.6,,,,,,,,,,,,,,,,,,,
29/12/2023 21:30:00,0,,,,,,,,,,,,,,,,,,,
29/12/2023 21:15:00,0,,,,,,,,,,,,,,,,,,,
29/12/2023 21:00:00,0,,,,,,,,,,,,,,,,,,,
29/12/2023 20:45:00,0,,,,,,,,,,,,,,,,,,,
29/12/2023 20:30:00,0,,,,,,,,,,,,,,,,,,,
29/12/2023 20:15:00,0,,,,,,,,,,,,,,,,,,,
29/12/2023 20:00:00,0,,,,,,,,,,,,,,,,,,,
29/12/2023 19:45:00,0,,,,,,,,,,,,,,,,,,,
29/12/2023 19:30:00,0,,,,,,,,,,,,,,,,,,,
29/12/2023 19:15:00,0,,,,,,,,,,,,,,,,,,,
29/12/2023 19:00:00,0,,,,,,,,,,,,,,,,,,,
29/12/2023 18:45:00,0,,,,,,,,,,,,,,,,,,,
29/12/2023 18:30:00,0,,,,,,,,,,,,,,,,,,,
29/12/2023 18:15:00,0,,,,,,,,,,,,,,,,,,,
29/12/2023 18:00:00,0,,,,,,,,,,,,,,,,,,,
29/12/2023 17:45:00,0,,,,,,,,,,,,,,,,,,,
29/12/2023 17:30:00,0,,,,,,,,,,,,,,,,,,,
29/12/2023 17:15:00,0,,,,,,,,,,,,,,,,,,,
29/12/2023 17:00:00,0,,,,,,,,,,,,,,,,,,,
29/12/2023 16:45:00,0,,,,,,,,,,,,,,,,,,,
29/12/2023 16:30:00,0,,,,,,,,,,,,,,,,,,,
29/12/2023 16:15:00,0,,,,,,,,,,,,,,,,,,,
29/12/2023 16:00:00,0,,,,,,,,,,,,,,,,,,,
29/12/2023 15:45:00,0,,,,,,,,,,,,,,,,,,,
29/12/2023 15:30:00,0,,,,,,,,,,,,,,,,,,,
29/12/2023 15:15:00,0,,,,,,,,,,,,,,,,,,,
29/12/2023 15:00:00,0,,,,,,,,,,,,,,,,,,,
29/12/2023 14:45:00,0,,,,,,,,,,,,,,,,,,,
29/12/2023 14:30:00,0,,,,,,,,,,,,,,,,,,,
29/12/2023 14:15:00,0,,,,,,,,,,,,,,,,,,,
29/12/2023 14:00:00,0,,,,,,,,,,,,,,,,,,,
29/12/2023 13:45:00,0,,,,,,,,,,,,,,,,,,,
29/12/2023 13:30:00,0,,,,,,,,,,,,,,,,,,,
29/12/2023 13:15:00,0,,,,,,,,,,,,,,,,,,,
29/12/2023 13:00:00,0,,,,,,,,,,,,,,,,,,,
29/12/2023 12:45:00,0,,,,,,,,,,,,,,,,,,,
29/12/2023 12:30:00,0,,,,,,,,,,,,,,,,,,,
29/12/2023 12:15:00,0,,,,,,,,,,,,,,,,,,,
29/12/2023 12:00:00,0,,,,,,,,,,,,,,,,,,,
29/12/2023 11:45:00,0,,,,,,,,,,,,,,,,,,,
29/12/2023 11:30:00,0,,,,,,,,,,,,,,,,,,,
29/12/2023 11:15:00,0,,,,,,,,,,,,,,,,,,,
29/12/2023 11:00:00,0.2,,,,,,,,,,,,,,,,,,,
29/12/2023 10:45:00,0.6,,,,,,,,,,,,,,,,,,,
29/12/2023 10:30:00,0.6,,,,,,,,,,,,,,,,,,,
29/12/2023 10:15:00,0.2,,,,,,,,,,,,,,,,,,,
29/12/2023 10:00:00,0.4,,,,,,,,,,,,,,,,,,,
29/12/2023 09:45:00,0.2,,,,,,,,,,,,,,,,,,,
29/12/2023 09:30:00,0.4,,,,,,,,,,,,,,,,,,,
29/12/2023 09:15:00,0.2,,,,,,,,,,,,,,,,,,,
29/12/2023 09:00:00,0.4,,,,,,,,,,,,,,,,,,,
29/12/2023 08:45:00,0.4,,,,,,,,,,,,,,,,,,,
29/12/2023 08:30:00,0.2,,,,,,,,,,,,,,,,,,,
29/12/2023 08:15:00,0.2,,,,,,,,,,,,,,,,,,,
29/12/2023 08:00:00,0.4,,,,,,,,,,,,,,,,,,,
29/12/2023 07:45:00,0.8,,,,,,,,,,,,,,,,,,,
29/12/2023 07:30:00,0.6,,,,,,,,,,,,,,,,,,,
29/12/2023 07:15:00,1.2,,,,,,,,,,,,,,,,,,,
29/12/2023 07:00:00,12.2,,,,,,,,,,,,,,,,,,,
29/12/2023 06:45:00,1,,,,,,,,,,,,,,,,,,,
29/12/2023 06:30:00,0.2,,,,,,,,,,,,,,,,,,,
29/12/2023 06:15:00,0,,,,,,,,,,,,,,,,,,,
29/12/2023 06:00:00,0,,,,,,,,,,,,,,,,,,,
29/12/2023 05:45:00,0,,,,,,,,,,,,,,,,,,,
29/12/2023 05:30:00,0,,,,,,,,,,,,,,,,,,,
29/12/2023 05:15:00,0,,,,,,,,,,,,,,,,,,,
29/12/2023 05:00:00,0,,,,,,,,,,,,,,,,,,,
29/12/2023 04:45:00,0,,,,,,,,,,,,,,,,,,,
29/12/2023 04:30:00,0,,,,,,,,,,,,,,,,,,,
29/12/2023 04:15:00,0,,,,,,,,,,,,,,,,,,,
29/12/2023 04:00:00,0,,,,,,,,,,,,,,,,,,,
29/12/2023 03:45:00,0,,,,,,,,,,,,,,,,,,,
29/12/2023 03:30:00,0,,,,,,,,,,,,,,,,,,,
29/12/2023 03:15:00,0,,,,,,,,,,,,,,,,,,,
29/12/2023 03:00:00,0,,,,,,,,,,,,,,,,,,,
29/12/2023 02:45:00,0,,,,,,,,,,,,,,,,,,,
29/12/2023 02:30:00,0,,,,,,,,,,,,,,,,,,,
29/12/2023 02:15:00,0,,,,,,,,,,,,,,,,,,,
29/12/2023 02:00:00,0,,,,,,,,,,,,,,,,,,,
29/12/2023 01:45:00,0,,,,,,,,,,,,,,,,,,,
29/12/2023 01:30:00,0,,,,,,,,,,,,,,,,,,,
29/12/2023 01:15:00,0,,,,,,,,,,,,,,,,,,,
29/12/2023 01:00:00,0,,,,,,,,,,,,,,,,,,,
29/12/2023 00:45:00,0,,,,,,,,,,,,,,,,,,,
29/12/2023 00:30:00,0,,,,,,,,,,,,,,,,,,,
29/12/2023 00:15:00,0,,,,,,,,,,,,,,,,,,,
29/12/2023 00:00:00,0,,,,,,,,,,,,,,,,,,,
28/12/2023 23:45:00,0,,,,,,,,,,,,,,,,,,,
28/12/2023 23:30:00,0,,,,,,,,,,,,,,,,,,,
28/12/2023 23:15:00,0,,,,,,,,,,,,,,,,,,,
28/12/2023 23:00:00,0,,,,,,,,,,,,,,,,,,,
28/12/2023 22:45:00,0,,,,,,,,,,,,,,,,,,,
28/12/2023 22:30:00,0,,,,,,,,,,,,,,,,,,,
28/12/2023 22:15:00,0,,,,,,,,,,,,,,,,,,,
28/12/2023 22:00:00,0,,,,,,,,,,,,,,,,,,,
28/12/2023 21:45:00,0,,,,,,,,,,,,,,,,,,,
28/12/2023 21:30:00,0,,,,,,,,,,,,,,,,,,,
28/12/2023 21:15:00,0,,,,,,,,,,,,,,,,,,,
28/12/2023 21:00:00,0,,,,,,,,,,,,,,,,,,,
28/12/2023 20:45:00,0,,,,,,,,,,,,,,,,,,,
28/12/2023 20:30:00,0,,,,,,,,,,,,,,,,,,,
28/12/2023 20:15:00,0,,,,,,,,,,,,,,,,,,,
28/12/2023 20:00:00,0,,,,,,,,,,,,,,,,,,,
28/12/2023 19:45:00,0,,,,,,,,,,,,,,,,,,,
28/12/2023 19:30:00,0,,,,,,,,,,,,,,,,,,,
28/12/2023 19:15:00,0,,,,,,,,,,,,,,,,,,,
28/12/2023 19:00:00,0,,,,,,,,,,,,,,,,,,,
28/12/2023 18:45:00,0,,,,,,,,,,,,,,,,,,,
28/12/2023 18:30:00,0,,,,,,,,,,,,,,,,,,,
28/12/2023 18:15:00,0,,,,,,,,,,,,,,,,,,,
28/12/2023 18:00:00,0,,,,,,,,,,,,,,,,,,,
28/12/2023 17:45:00,0,,,,,,,,,,,,,,,,,,,
28/12/2023 17:30:00,0,,,,,,,,,,,,,,,,,,,
28/12/2023 17:15:00,0,,,,,,,,,,,,,,,,,,,
28/12/2023 17:00:00,0,,,,,,,,,,,,,,,,,,,
28/12/2023 16:45:00,0,,,,,,,,,,,,,,,,,,,
28/12/2023 16:30:00,0,,,,,,,,,,,,,,,,,,,
28/12/2023 16:15:00,0,,,,,,,,,,,,,,,,,,,
28/12/2023 16:00:00,0,,,,,,,,,,,,,,,,,,,
28/12/2023 15:45:00,0,,,,,,,,,,,,,,,,,,,
28/12/2023 15:30:00,0,,,,,,,,,,,,,,,,,,,
28/12/2023 15:15:00,0,,,,,,,,,,,,,,,,,,,
28/12/2023 15:00:00,0,,,,,,,,,,,,,,,,,,,
28/12/2023 14:45:00,0,,,,,,,,,,,,,,,,,,,
28/12/2023 14:30:00,0,,,,,,,,,,,,,,,,,,,
28/12/2023 14:15:00,0,,,,,,,,,,,,,,,,,,,
28/12/2023 14:00:00,0,,,,,,,,,,,,,,,,,,,
28/12/2023 13:45:00,0,,,,,,,,,,,,,,,,,,,
28/12/2023 13:30:00,0,,,,,,,,,,,,,,,,,,,
28/12/2023 13:15:00,0,,,,,,,,,,,,,,,,,,,
28/12/2023 13:00:00,0,,,,,,,,,,,,,,,,,,,
28/12/2023 12:45:00,0,,,,,,,,,,,,,,,,,,,
28/12/2023 12:30:00,0,,,,,,,,,,,,,,,,,,,
28/12/2023 12:15:00,0,,,,,,,,,,,,,,,,,,,
28/12/2023 12:00:00,0,,,,,,,,,,,,,,,,,,,
28/12/2023 11:45:00,0,,,,,,,,,,,,,,,,,,,
28/12/2023 11:30:00,0,,,,,,,,,,,,,,,,,,,
28/12/2023 11:15:00,0,,,,,,,,,,,,,,,,,,,
28/12/2023 11:00:00,0,,,,,,,,,,,,,,,,,,,
28/12/2023 10:45:00,0,,,,,,,,,,,,,,,,,,,
28/12/2023 10:30:00,0,,,,,,,,,,,,,,,,,,,
28/12/2023 10:15:00,0,,,,,,,,,,,,,,,,,,,
28/12/2023 10:00:00,0,,,,,,,,,,,,,,,,,,,
28/12/2023 09:45:00,0,,,,,,,,,,,,,,,,,,,
28/12/2023 09:30:00,0,,,,,,,,,,,,,,,,,,,
28/12/2023 09:15:00,0,,,,,,,,,,,,,,,,,,,
28/12/2023 09:00:00,0,,,,,,,,,,,,,,,,,,,
28/12/2023 08:45:00,0,,,,,,,,,,,,,,,,,,,
28/12/2023 08:30:00,0,,,,,,,,,,,,,,,,,,,
28/12/2023 08:15:00,0,,,,,,,,,,,,,,,,,,,
28/12/2023 08:00:00,0,,,,,,,,,,,,,,,,,,,
28/12/2023 07:45:00,0,,,,,,,,,,,,,,,,,,,
28/12/2023 07:30:00,0,,,,,,,,,,,,,,,,,,,
28/12/2023 07:15:00,0,,,,,,,,,,,,,,,,,,,
28/12/2023 07:00:00,0,,,,,,,,,,,,,,,,,,,
28/12/2023 06:45:00,0,,,,,,,,,,,,,,,,,,,
28/12/2023 06:30:00,0,,,,,,,,,,,,,,,,,,,
28/12/2023 06:15:00,0,,,,,,,,,,,,,,,,,,,
28/12/2023 06:00:00,0,,,,,,,,,,,,,,,,,,,
28/12/2023 05:45:00,0,,,,,,,,,,,,,,,,,,,
28/12/2023 05:30:00,0,,,,,,,,,,,,,,,,,,,
28/12/2023 05:15:00,0,,,,,,,,,,,,,,,,,,,
28/12/2023 05:00:00,0,,,,,,,,,,,,,,,,,,,
28/12/2023 04:45:00,0,,,,,,,,,,,,,,,,,,,
28/12/2023 04:30:00,0,,,,,,,,,,,,,,,,,,,
28/12/2023 04:15:00,0,,,,,,,,,,,,,,,,,,,
28/12/2023 04:00:00,0,,,,,,,,,,,,,,,,,,,
28/12/2023 03:45:00,0,,,,,,,,,,,,,,,,,,,
28/12/2023 03:30:00,0,,,,,,,,,,,,,,,,,,,
28/12/2023 03:15:00,0,,,,,,,,,,,,,,,,,,,
28/12/2023 03:00:00,0,,,,,,,,,,,,,,,,,,,
28/12/2023 02:45:00,0,,,,,,,,,,,,,,,,,,,
28/12/2023 02:30:00,0,,,,,,,,,,,,,,,,,,,
28/12/2023 02:15:00,0,,,,,,,,,,,,,,,,,,,
28/12/2023 02:00:00,0,,,,,,,,,,,,,,,,,,,
28/12/2023 01:45:00,0,,,,,,,,,,,,,,,,,,,
28/12/2023 01:30:00,0,,,,,,,,,,,,,,,,,,,
28/12/2023 01:15:00,0,,,,,,,,,,,,,,,,,,,
28/12/2023 01:00:00,0,,,,,,,,,,,,,,,,,,,
28/12/2023 00:45:00,0,,,,,,,,,,,,,,,,,,,
28/12/2023 00:30:00,0,,,,,,,,,,,,,,,,,,,
28/12/2023 00:15:00,0,,,,,,,,,,,,,,,,,,,
28/12/2023 00:00:00,0,,,,,,,,,,,,,,,,,,,
27/12/2023 23:45:00,0,,,,,,,,,,,,,,,,,,,
27/12/2023 23:30:00,0,,,,,,,,,,,,,,,,,,,
27/12/2023 23:15:00,0,,,,,,,,,,,,,,,,,,,
27/12/2023 23:00:00,0,,,,,,,,,,,,,,,,,,,
27/12/2023 22:45:00,0,,,,,,,,,,,,,,,,,,,
27/12/2023 22:30:00,0,,,,,,,,,,,,,,,,,,,
27/12/2023 22:15:00,0,,,,,,,,,,,,,,,,,,,
27/12/2023 22:00:00,0,,,,,,,,,,,,,,,,,,,
27/12/2023 21:45:00,0,,,,,,,,,,,,,,,,,,,
27/12/2023 21:30:00,0,,,,,,,,,,,,,,,,,,,
27/12/2023 21:15:00,0,,,,,,,,,,,,,,,,,,,
27/12/2023 21:00:00,0,,,,,,,,,,,,,,,,,,,
27/12/2023 20:45:00,0,,,,,,,,,,,,,,,,,,,
27/12/2023 20:30:00,0,,,,,,,,,,,,,,,,,,,
27/12/2023 20:15:00,0,,,,,,,,,,,,,,,,,,,
27/12/2023 20:00:00,0,,,,,,,,,,,,,,,,,,,
27/12/2023 19:45:00,0,,,,,,,,,,,,,,,,,,,
27/12/2023 19:30:00,0,,,,,,,,,,,,,,,,,,,
27/12/2023 19:15:00,0,,,,,,,,,,,,,,,,,,,
27/12/2023 19:00:00,0,,,,,,,,,,,,,,,,,,,
27/12/2023 18:45:00,0,,,,,,,,,,,,,,,,,,,
27/12/2023 18:30:00,0,,,,,,,,,,,,,,,,,,,
27/12/2023 18:15:00,0,,,,,,,,,,,,,,,,,,,
27/12/2023 18:00:00,0,,,,,,,,,,,,,,,,,,,
27/12/2023 17:45:00,0,,,,,,,,,,,,,,,,,,,
27/12/2023 17:30:00,0,,,,,,,,,,,,,,,,,,,
27/12/2023 17:15:00,0,,,,,,,,,,,,,,,,,,,
27/12/2023 17:00:00,0,,,,,,,,,,,,,,,,,,,
27/12/2023 16:45:00,0,,,,,,,,,,,,,,,,,,,
27/12/2023 16:30:00,0,,,,,,,,,,,,,,,,,,,
27/12/2023 16:15:00,0,,,,,,,,,,,,,,,,,,,
27/12/2023 16:00:00,0,,,,,,,,,,,,,,,,,,,
27/12/2023 15:45:00,0,,,,,,,,,,,,,,,,,,,
27/12/2023 15:30:00,0,,,,,,,,,,,,,,,,,,,
27/12/2023 15:15:00,0,,,,,,,,,,,,,,,,,,,
27/12/2023 15:00:00,0,,,,,,,,,,,,,,,,,,,
27/12/2023 14:45:00,0,,,,,,,,,,,,,,,,,,,
27/12/2023 14:30:00,0,,,,,,,,,,,,,,,,,,,
27/12/2023 14:15:00,0,,,,,,,,,,,,,,,,,,,
27/12/2023 14:00:00,0,,,,,,,,,,,,,,,,,,,
27/12/2023 13:45:00,0,,,,,,,,,,,,,,,,,,,
27/12/2023 13:30:00,0,,,,,,,,,,,,,,,,,,,
27/12/2023 13:15:00,0,,,,,,,,,,,,,,,,,,,
27/12/2023 13:00:00,0,,,,,,,,,,,,,,,,,,,
27/12/2023 12:45:00,0,,,,,,,,,,,,,,,,,,,
27/12/2023 12:30:00,0,,,,,,,,,,,,,,,,,,,
27/12/2023 12:15:00,0,,,,,,,,,,,,,,,,,,,
27/12/2023 12:00:00,0,,,,,,,,,,,,,,,,,,,
27/12/2023 11:45:00,0,,,,,,,,,,,,,,,,,,,
27/12/2023 11:30:00,0,,,,,,,,,,,,,,,,,,,
27/12/2023 11:15:00,0,,,,,,,,,,,,,,,,,,,
27/12/2023 11:00:00,0,,,,,,,,,,,,,,,,,,,
27/12/2023 10:45:00,0,,,,,,,,,,,,,,,,,,,
27/12/2023 10:30:00,0,,,,,,,,,,,,,,,,,,,
27/12/2023 10:15:00,0,,,,,,,,,,,,,,,,,,,
27/12/2023 10:00:00,0,,,,,,,,,,,,,,,,,,,
27/12/2023 09:45:00,0,,,,,,,,,,,,,,,,,,,
27/12/2023 09:30:00,0,,,,,,,,,,,,,,,,,,,
27/12/2023 09:15:00,0,,,,,,,,,,,,,,,,,,,
27/12/2023 09:00:00,0,,,,,,,,,,,,,,,,,,,
27/12/2023 08:45:00,0,,,,,,,,,,,,,,,,,,,
27/12/2023 08:30:00,0,,,,,,,,,,,,,,,,,,,
27/12/2023 08:15:00,0,,,,,,,,,,,,,,,,,,,
27/12/2023 08:00:00,0,,,,,,,,,,,,,,,,,,,
27/12/2023 07:45:00,0,,,,,,,,,,,,,,,,,,,
27/12/2023 07:30:00,0,,,,,,,,,,,,,,,,,,,
27/12/2023 07:15:00,0,,,,,,,,,,,,,,,,,,,
27/12/2023 07:00:00,0,,,,,,,,,,,,,,,,,,,
27/12/2023 06:45:00,0,,,,,,,,,,,,,,,,,,,
27/12/2023 06:30:00,0,,,,,,,,,,,,,,,,,,,
27/12/2023 06:15:00,0,,,,,,,,,,,,,,,,,,,
27/12/2023 06:00:00,0,,,,,,,,,,,,,,,,,,,
27/12/2023 05:45:00,0,,,,,,,,,,,,,,,,,,,
27/12/2023 05:30:00,0,,,,,,,,,,,,,,,,,,,
27/12/2023 05:15:00,0,,,,,,,,,,,,,,,,,,,
27/12/2023 05:00:00,0,,,,,,,,,,,,,,,,,,,
27/12/2023 04:45:00,0,,,,,,,,,,,,,,,,,,,
27/12/2023 04:30:00,0,,,,,,,,,,,,,,,,,,,
27/12/2023 04:15:00,0,,,,,,,,,,,,,,,,,,,
27/12/2023 04:00:00,0,,,,,,,,,,,,,,,,,,,
27/12/2023 03:45:00,0,,,,,,,,,,,,,,,,,,,
27/12/2023 03:30:00,0,,,,,,,,,,,,,,,,,,,
27/12/2023 03:15:00,0,,,,,,,,,,,,,,,,,,,
27/12/2023 03:00:00,0,,,,,,,,,,,,,,,,,,,
27/12/2023 02:45:00,0,,,,,,,,,,,,,,,,,,,
27/12/2023 02:30:00,0,,,,,,,,,,,,,,,,,,,
27/12/2023 02:15:00,0,,,,,,,,,,,,,,,,,,,
27/12/2023 02:00:00,0,,,,,,,,,,,,,,,,,,,
27/12/2023 01:45:00,0,,,,,,,,,,,,,,,,,,,
27/12/2023 01:30:00,0,,,,,,,,,,,,,,,,,,,
27/12/2023 01:15:00,0,,,,,,,,,,,,,,,,,,,
27/12/2023 01:00:00,0,,,,,,,,,,,,,,,,,,,
27/12/2023 00:45:00,0,,,,,,,,,,,,,,,,,,,
27/12/2023 00:30:00,0,,,,,,,,,,,,,,,,,,,
27/12/2023 00:15:00,0,,,,,,,,,,,,,,,,,,,
27/12/2023 00:00:00,0,,,,,,,,,,,,,,,,,,,
26/12/2023 23:45:00,0,,,,,,,,,,,,,,,,,,,
26/12/2023 23:30:00,0,,,,,,,,,,,,,,,,,,,
26/12/2023 23:15:00,0,,,,,,,,,,,,,,,,,,,
26/12/2023 23:00:00,0,,,,,,,,,,,,,,,,,,,
26/12/2023 22:45:00,0,,,,,,,,,,,,,,,,,,,
26/12/2023 22:30:00,0,,,,,,,,,,,,,,,,,,,
26/12/2023 22:15:00,0,,,,,,,,,,,,,,,,,,,
26/12/2023 22:00:00,0,,,,,,,,,,,,,,,,,,,
26/12/2023 21:45:00,0,,,,,,,,,,,,,,,,,,,
26/12/2023 21:30:00,0,,,,,,,,,,,,,,,,,,,
26/12/2023 21:15:00,0,,,,,,,,,,,,,,,,,,,
26/12/2023 21:00:00,0,,,,,,,,,,,,,,,,,,,
26/12/2023 20:45:00,0,,,,,,,,,,,,,,,,,,,
26/12/2023 20:30:00,0,,,,,,,,,,,,,,,,,,,
26/12/2023 20:15:00,0,,,,,,,,,,,,,,,,,,,
26/12/2023 20:00:00,0,,,,,,,,,,,,,,,,,,,
26/12/2023 19:45:00,0,,,,,,,,,,,,,,,,,,,
26/12/2023 19:30:00,0,,,,,,,,,,,,,,,,,,,
26/12/2023 19:15:00,0,,,,,,,,,,,,,,,,,,,
26/12/2023 19:00:00,0,,,,,,,,,,,,,,,,,,,
26/12/2023 18:45:00,0,,,,,,,,,,,,,,,,,,,
26/12/2023 18:30:00,0,,,,,,,,,,,,,,,,,,,
26/12/2023 18:15:00,0,,,,,,,,,,,,,,,,,,,
26/12/2023 18:00:00,0,,,,,,,,,,,,,,,,,,,
26/12/2023 17:45:00,0,,,,,,,,,,,,,,,,,,,
26/12/2023 17:30:00,0,,,,,,,,,,,,,,,,,,,
26/12/2023 17:15:00,0,,,,,,,,,,,,,,,,,,,
26/12/2023 17:00:00,0,,,,,,,,,,,,,,,,,,,
26/12/2023 16:45:00,0,,,,,,,,,,,,,,,,,,,
26/12/2023 16:30:00,0,,,,,,,,,,,,,,,,,,,
26/12/2023 16:15:00,0,,,,,,,,,,,,,,,,,,,
26/12/2023 16:00:00,0,,,,,,,,,,,,,,,,,,,
26/12/2023 15:45:00,0,,,,,,,,,,,,,,,,,,,
26/12/2023 15:30:00,0,,,,,,,,,,,,,,,,,,,
26/12/2023 15:15:00,0,,,,,,,,,,,,,,,,,,,
26/12/2023 15:00:00,0,,,,,,,,,,,,,,,,,,,
26/12/2023 14:45:00,0,,,,,,,,,,,,,,,,,,,
26/12/2023 14:30:00,0,,,,,,,,,,,,,,,,,,,
26/12/2023 14:15:00,0,,,,,,,,,,,,,,,,,,,
26/12/2023 14:00:00,0,,,,,,,,,,,,,,,,,,,
26/12/2023 13:45:00,0,,,,,,,,,,,,,,,,,,,
26/12/2023 13:30:00,0,,,,,,,,,,,,,,,,,,,
26/12/2023 13:15:00,0,,,,,,,,,,,,,,,,,,,
26/12/2023 13:00:00,0,,,,,,,,,,,,,,,,,,,
26/12/2023 12:45:00,0,,,,,,,,,,,,,,,,,,,
26/12/2023 12:30:00,0,,,,,,,,,,,,,,,,,,,
26/12/2023 12:15:00,0,,,,,,,,,,,,,,,,,,,
26/12/2023 12:00:00,0,,,,,,,,,,,,,,,,,,,
26/12/2023 11:45:00,0,,,,,,,,,,,,,,,,,,,
26/12/2023 11:30:00,0,,,,,,,,,,,,,,,,,,,
26/12/2023 11:15:00,0,,,,,,,,,,,,,,,,,,,
26/12/2023 11:00:00,0,,,,,,,,,,,,,,,,,,,
26/12/2023 10:45:00,0,,,,,,,,,,,,,,,,,,,
26/12/2023 10:30:00,0,,,,,,,,,,,,,,,,,,,
26/12/2023 10:15:00,0,,,,,,,,,,,,,,,,,,,
26/12/2023 10:00:00,0,,,,,,,,,,,,,,,,,,,
26/12/2023 09:45:00,0,,,,,,,,,,,,,,,,,,,
26/12/2023 09:30:00,0,,,,,,,,,,,,,,,,,,,
26/12/2023 09:15:00,0,,,,,,,,,,,,,,,,,,,
26/12/2023 09:00:00,0,,,,,,,,,,,,,,,,,,,
26/12/2023 08:45:00,0,,,,,,,,,,,,,,,,,,,
26/12/2023 08:30:00,0,,,,,,,,,,,,,,,,,,,
26/12/2023 08:15:00,0,,,,,,,,,,,,,,,,,,,
26/12/2023 08:00:00,0,,,,,,,,,,,,,,,,,,,
26/12/2023 07:45:00,0,,,,,,,,,,,,,,,,,,,
26/12/2023 07:30:00,0,,,,,,,,,,,,,,,,,,,
26/12/2023 07:15:00,0,,,,,,,,,,,,,,,,,,,
26/12/2023 07:00:00,0,,,,,,,,,,,,,,,,,,,
26/12/2023 06:45:00,0,,,,,,,,,,,,,,,,,,,
26/12/2023 06:30:00,0,,,,,,,,,,,,,,,,,,,
26/12/2023 06:15:00,0,,,,,,,,,,,,,,,,,,,
26/12/2023 06:00:00,0,,,,,,,,,,,,,,,,,,,
26/12/2023 05:45:00,0,,,,,,,,,,,,,,,,,,,
26/12/2023 05:30:00,0,,,,,,,,,,,,,,,,,,,
26/12/2023 05:15:00,0,,,,,,,,,,,,,,,,,,,
26/12/2023 05:00:00,0,,,,,,,,,,,,,,,,,,,
26/12/2023 04:45:00,0,,,,,,,,,,,,,,,,,,,
26/12/2023 04:30:00,0,,,,,,,,,,,,,,,,,,,
26/12/2023 04:15:00,0,,,,,,,,,,,,,,,,,,,
26/12/2023 04:00:00,0,,,,,,,,,,,,,,,,,,,
26/12/2023 03:45:00,0,,,,,,,,,,,,,,,,,,,
26/12/2023 03:30:00,0,,,,,,,,,,,,,,,,,,,
26/12/2023 03:15:00,0,,,,,,,,,,,,,,,,,,,
26/12/2023 03:00:00,0,,,,,,,,,,,,,,,,,,,
26/12/2023 02:45:00,0,,,,,,,,,,,,,,,,,,,
26/12/2023 02:30:00,0,,,,,,,,,,,,,,,,,,,
26/12/2023 02:15:00,0,,,,,,,,,,,,,,,,,,,
26/12/2023 02:00:00,0,,,,,,,,,,,,,,,,,,,
26/12/2023 01:45:00,0,,,,,,,,,,,,,,,,,,,
26/12/2023 01:30:00,0,,,,,,,,,,,,,,,,,,,
26/12/2023 01:15:00,0,,,,,,,,,,,,,,,,,,,
26/12/2023 01:00:00,0,,,,,,,,,,,,,,,,,,,
26/12/2023 00:45:00,0,,,,,,,,,,,,,,,,,,,
26/12/2023 00:30:00,0,,,,,,,,,,,,,,,,,,,
26/12/2023 00:15:00,0,,,,,,,,,,,,,,,,,,,
26/12/2023 00:00:00,0,,,,,,,,,,,,,,,,,,,
25/12/2023 23:45:00,0,,,,,,,,,,,,,,,,,,,
25/12/2023 23:30:00,0,,,,,,,,,,,,,,,,,,,
25/12/2023 23:15:00,0,,,,,,,,,,,,,,,,,,,
25/12/2023 23:00:00,0,,,,,,,,,,,,,,,,,,,
25/12/2023 22:45:00,0,,,,,,,,,,,,,,,,,,,
25/12/2023 22:30:00,0,,,,,,,,,,,,,,,,,,,
25/12/2023 22:15:00,0,,,,,,,,,,,,,,,,,,,
25/12/2023 22:00:00,0,,,,,,,,,,,,,,,,,,,
25/12/2023 21:45:00,0,,,,,,,,,,,,,,,,,,,
25/12/2023 21:30:00,0,,,,,,,,,,,,,,,,,,,
25/12/2023 21:15:00,0,,,,,,,,,,,,,,,,,,,
25/12/2023 21:00:00,0,,,,,,,,,,,,,,,,,,,
25/12/2023 20:45:00,0,,,,,,,,,,,,,,,,,,,
25/12/2023 20:30:00,0,,,,,,,,,,,,,,,,,,,
25/12/2023 20:15:00,0,,,,,,,,,,,,,,,,,,,
25/12/2023 20:00:00,0,,,,,,,,,,,,,,,,,,,
25/12/2023 19:45:00,0,,,,,,,,,,,,,,,,,,,
25/12/2023 19:30:00,0,,,,,,,,,,,,,,,,,,,
25/12/2023 19:15:00,0,,,,,,,,,,,,,,,,,,,
25/12/2023 19:00:00,0,,,,,,,,,,,,,,,,,,,
25/12/2023 18:45:00,0,,,,,,,,,,,,,,,,,,,
25/12/2023 18:30:00,0,,,,,,,,,,,,,,,,,,,
25/12/2023 18:15:00,0.2,,,,,,,,,,,,,,,,,,,
25/12/2023 18:00:00,0,,,,,,,,,,,,,,,,,,,
25/12/2023 17:45:00,0,,,,,,,,,,,,,,,,,,,
25/12/2023 17:30:00,0,,,,,,,,,,,,,,,,,,,
25/12/2023 17:15:00,0,,,,,,,,,,,,,,,,,,,
25/12/2023 17:00:00,0,,,,,,,,,,,,,,,,,,,
25/12/2023 16:45:00,0.4,,,,,,,,,,,,,,,,,,,
25/12/2023 16:30:00,10.6,,,,,,,,,,,,,,,,,,,
25/12/2023 16:15:00,0,,,,,,,,,,,,,,,,,,,
25/12/2023 16:00:00,0,,,,,,,,,,,,,,,,,,,
25/12/2023 15:45:00,0,,,,,,,,,,,,,,,,,,,
25/12/2023 15:30:00,0,,,,,,,,,,,,,,,,,,,
25/12/2023 15:15:00,0,,,,,,,,,,,,,,,,,,,
25/12/2023 15:00:00,0,,,,,,,,,,,,,,,,,,,
25/12/2023 14:45:00,3.4,,,,,,,,,,,,,,,,,,,
25/12/2023 14:30:00,3.8,,,,,,,,,,,,,,,,,,,
25/12/2023 14:15:00,0,,,,,,,,,,,,,,,,,,,
25/12/2023 14:00:00,0,,,,,,,,,,,,,,,,,,,
25/12/2023 13:45:00,0,,,,,,,,,,,,,,,,,,,
25/12/2023 13:30:00,0,,,,,,,,,,,,,,,,,,,
25/12/2023 13:15:00,0,,,,,,,,,,,,,,,,,,,
25/12/2023 13:00:00,0,,,,,,,,,,,,,,,,,,,
25/12/2023 12:45:00,0,,,,,,,,,,,,,,,,,,,
25/12/2023 12:30:00,0,,,,,,,,,,,,,,,,,,,
25/12/2023 12:15:00,0,,,,,,,,,,,,,,,,,,,
25/12/2023 12:00:00,0,,,,,,,,,,,,,,,,,,,
25/12/2023 11:45:00,0,,,,,,,,,,,,,,,,,,,
25/12/2023 11:30:00,0,,,,,,,,,,,,,,,,,,,
25/12/2023 11:15:00,0,,,,,,,,,,,,,,,,,,,
25/12/2023 11:00:00,0,,,,,,,,,,,,,,,,,,,
25/12/2023 10:45:00,0,,,,,,,,,,,,,,,,,,,
25/12/2023 10:30:00,0,,,,,,,,,,,,,,,,,,,
25/12/2023 10:15:00,0,,,,,,,,,,,,,,,,,,,
25/12/2023 10:00:00,0,,,,,,,,,,,,,,,,,,,
25/12/2023 09:45:00,0,,,,,,,,,,,,,,,,,,,
25/12/2023 09:30:00,0,,,,,,,,,,,,,,,,,,,
25/12/2023 09:15:00,0,,,,,,,,,,,,,,,,,,,
25/12/2023 09:00:00,0,,,,,,,,,,,,,,,,,,,
25/12/2023 08:45:00,0,,,,,,,,,,,,,,,,,,,
25/12/2023 08:30:00,0,,,,,,,,,,,,,,,,,,,
25/12/2023 08:15:00,0,,,,,,,,,,,,,,,,,,,
25/12/2023 08:00:00,0,,,,,,,,,,,,,,,,,,,
25/12/2023 07:45:00,0,,,,,,,,,,,,,,,,,,,
25/12/2023 07:30:00,0,,,,,,,,,,,,,,,,,,,
25/12/2023 07:15:00,0,,,,,,,,,,,,,,,,,,,
25/12/2023 07:00:00,0,,,,,,,,,,,,,,,,,,,
25/12/2023 06:45:00,0,,,,,,,,,,,,,,,,,,,
25/12/2023 06:30:00,0,,,,,,,,,,,,,,,,,,,
25/12/2023 06:15:00,0,,,,,,,,,,,,,,,,,,,
25/12/2023 06:00:00,0,,,,,,,,,,,,,,,,,,,
25/12/2023 05:45:00,0,,,,,,,,,,,,,,,,,,,
25/12/2023 05:30:00,0,,,,,,,,,,,,,,,,,,,
25/12/2023 05:15:00,0,,,,,,,,,,,,,,,,,,,
25/12/2023 05:00:00,0,,,,,,,,,,,,,,,,,,,
25/12/2023 04:45:00,0,,,,,,,,,,,,,,,,,,,
25/12/2023 04:30:00,0,,,,,,,,,,,,,,,,,,,
25/12/2023 04:15:00,0,,,,,,,,,,,,,,,,,,,
25/12/2023 04:00:00,0,,,,,,,,,,,,,,,,,,,
25/12/2023 03:45:00,0,,,,,,,,,,,,,,,,,,,
25/12/2023 03:30:00,0,,,,,,,,,,,,,,,,,,,
25/12/2023 03:15:00,0,,,,,,,,,,,,,,,,,,,
25/12/2023 03:00:00,0,,,,,,,,,,,,,,,,,,,
25/12/2023 02:45:00,0,,,,,,,,,,,,,,,,,,,
25/12/2023 02:30:00,0,,,,,,,,,,,,,,,,,,,
25/12/2023 02:15:00,0,,,,,,,,,,,,,,,,,,,
25/12/2023 02:00:00,0,,,,,,,,,,,,,,,,,,,
25/12/2023 01:45:00,0,,,,,,,,,,,,,,,,,,,
25/12/2023 01:30:00,0,,,,,,,,,,,,,,,,,,,
25/12/2023 01:15:00,0,,,,,,,,,,,,,,,,,,,
25/12/2023 01:00:00,0,,,,,,,,,,,,,,,,,,,
25/12/2023 00:45:00,0,,,,,,,,,,,,,,,,,,,
25/12/2023 00:30:00,0,,,,,,,,,,,,,,,,,,,
25/12/2023 00:15:00,0,,,,,,,,,,,,,,,,,,,
25/12/2023 00:00:00,0,,,,,,,,,,,,,,,,,,,
24/12/2023 23:45:00,0,,,,,,,,,,,,,,,,,,,
24/12/2023 23:30:00,0,,,,,,,,,,,,,,,,,,,
24/12/2023 23:15:00,0,,,,,,,,,,,,,,,,,,,
24/12/2023 23:00:00,0,,,,,,,,,,,,,,,,,,,
24/12/2023 22:45:00,0,,,,,,,,,,,,,,,,,,,
24/12/2023 22:30:00,0,,,,,,,,,,,,,,,,,,,
24/12/2023 22:15:00,0,,,,,,,,,,,,,,,,,,,
24/12/2023 22:00:00,0,,,,,,,,,,,,,,,,,,,
24/12/2023 21:45:00,0,,,,,,,,,,,,,,,,,,,
24/12/2023 21:30:00,0,,,,,,,,,,,,,,,,,,,
24/12/2023 21:15:00,0,,,,,,,,,,,,,,,,,,,
24/12/2023 21:00:00,0,,,,,,,,,,,,,,,,,,,
24/12/2023 20:45:00,0,,,,,,,,,,,,,,,,,,,
24/12/2023 20:30:00,0,,,,,,,,,,,,,,,,,,,
24/12/2023 20:15:00,0,,,,,,,,,,,,,,,,,,,
24/12/2023 20:00:00,0,,,,,,,,,,,,,,,,,,,
24/12/2023 19:45:00,0,,,,,,,,,,,,,,,,,,,
24/12/2023 19:30:00,0,,,,,,,,,,,,,,,,,,,
24/12/2023 19:15:00,0,,,,,,,,,,,,,,,,,,,
24/12/2023 19:00:00,0,,,,,,,,,,,,,,,,,,,
24/12/2023 18:45:00,0,,,,,,,,,,,,,,,,,,,
24/12/2023 18:30:00,0,,,,,,,,,,,,,,,,,,,
24/12/2023 18:15:00,0,,,,,,,,,,,,,,,,,,,
24/12/2023 18:00:00,0,,,,,,,,,,,,,,,,,,,
24/12/2023 17:45:00,0,,,,,,,,,,,,,,,,,,,
24/12/2023 17:30:00,0,,,,,,,,,,,,,,,,,,,
24/12/2023 17:15:00,0,,,,,,,,,,,,,,,,,,,
24/12/2023 17:00:00,0,,,,,,,,,,,,,,,,,,,
24/12/2023 16:45:00,0,,,,,,,,,,,,,,,,,,,
24/12/2023 16:30:00,0,,,,,,,,,,,,,,,,,,,
24/12/2023 16:15:00,0,,,,,,,,,,,,,,,,,,,
24/12/2023 16:00:00,0,,,,,,,,,,,,,,,,,,,
24/12/2023 15:45:00,0,,,,,,,,,,,,,,,,,,,
24/12/2023 15:30:00,0,,,,,,,,,,,,,,,,,,,
24/12/2023 15:15:00,0,,,,,,,,,,,,,,,,,,,
24/12/2023 15:00:00,0,,,,,,,,,,,,,,,,,,,
24/12/2023 14:45:00,0,,,,,,,,,,,,,,,,,,,
24/12/2023 14:30:00,0,,,,,,,,,,,,,,,,,,,
24/12/2023 14:15:00,0,,,,,,,,,,,,,,,,,,,
24/12/2023 14:00:00,0,,,,,,,,,,,,,,,,,,,
24/12/2023 13:45:00,0,,,,,,,,,,,,,,,,,,,
24/12/2023 13:30:00,0,,,,,,,,,,,,,,,,,,,
24/12/2023 13:15:00,0,,,,,,,,,,,,,,,,,,,
24/12/2023 13:00:00,0,,,,,,,,,,,,,,,,,,,
24/12/2023 12:45:00,0,,,,,,,,,,,,,,,,,,,
24/12/2023 12:30:00,0,,,,,,,,,,,,,,,,,,,
24/12/2023 12:15:00,0,,,,,,,,,,,,,,,,,,,
24/12/2023 12:00:00,0,,,,,,,,,,,,,,,,,,,
24/12/2023 11:45:00,0,,,,,,,,,,,,,,,,,,,
24/12/2023 11:30:00,0,,,,,,,,,,,,,,,,,,,
24/12/2023 11:15:00,0,,,,,,,,,,,,,,,,,,,
24/12/2023 11:00:00,0,,,,,,,,,,,,,,,,,,,
24/12/2023 10:45:00,0,,,,,,,,,,,,,,,,,,,
24/12/2023 10:30:00,0,,,,,,,,,,,,,,,,,,,
24/12/2023 10:15:00,0,,,,,,,,,,,,,,,,,,,
24/12/2023 10:00:00,0,,,,,,,,,,,,,,,,,,,
24/12/2023 09:45:00,0,,,,,,,,,,,,,,,,,,,
24/12/2023 09:30:00,0,,,,,,,,,,,,,,,,,,,
24/12/2023 09:15:00,0,,,,,,,,,,,,,,,,,,,
24/12/2023 09:00:00,0,,,,,,,,,,,,,,,,,,,
24/12/2023 08:45:00,0,,,,,,,,,,,,,,,,,,,
24/12/2023 08:30:00,0,,,,,,,,,,,,,,,,,,,
24/12/2023 08:15:00,0,,,,,,,,,,,,,,,,,,,
24/12/2023 08:00:00,0,,,,,,,,,,,,,,,,,,,
24/12/2023 07:45:00,0,,,,,,,,,,,,,,,,,,,
24/12/2023 07:30:00,0,,,,,,,,,,,,,,,,,,,
24/12/2023 07:15:00,0,,,,,,,,,,,,,,,,,,,
24/12/2023 07:00:00,0,,,,,,,,,,,,,,,,,,,
24/12/2023 06:45:00,0,,,,,,,,,,,,,,,,,,,
24/12/2023 06:30:00,0,,,,,,,,,,,,,,,,,,,
24/12/2023 06:15:00,0,,,,,,,,,,,,,,,,,,,
24/12/2023 06:00:00,0,,,,,,,,,,,,,,,,,,,
24/12/2023 05:45:00,0,,,,,,,,,,,,,,,,,,,
24/12/2023 05:30:00,0,,,,,,,,,,,,,,,,,,,
24/12/2023 05:15:00,0,,,,,,,,,,,,,,,,,,,
24/12/2023 05:00:00,0,,,,,,,,,,,,,,,,,,,
24/12/2023 04:45:00,0,,,,,,,,,,,,,,,,,,,
24/12/2023 04:30:00,0,,,,,,,,,,,,,,,,,,,
24/12/2023 04:15:00,0,,,,,,,,,,,,,,,,,,,
24/12/2023 04:00:00,0,,,,,,,,,,,,,,,,,,,
24/12/2023 03:45:00,0,,,,,,,,,,,,,,,,,,,
24/12/2023 03:30:00,0,,,,,,,,,,,,,,,,,,,
24/12/2023 03:15:00,0,,,,,,,,,,,,,,,,,,,
24/12/2023 03:00:00,0,,,,,,,,,,,,,,,,,,,
24/12/2023 02:45:00,0,,,,,,,,,,,,,,,,,,,
24/12/2023 02:30:00,0,,,,,,,,,,,,,,,,,,,
24/12/2023 02:15:00,0,,,,,,,,,,,,,,,,,,,
24/12/2023 02:00:00,0,,,,,,,,,,,,,,,,,,,
24/12/2023 01:45:00,0,,,,,,,,,,,,,,,,,,,
24/12/2023 01:30:00,0,,,,,,,,,,,,,,,,,,,
24/12/2023 01:15:00,0,,,,,,,,,,,,,,,,,,,
24/12/2023 01:00:00,0,,,,,,,,,,,,,,,,,,,
24/12/2023 00:45:00,0,,,,,,,,,,,,,,,,,,,
24/12/2023 00:30:00,0,,,,,,,,,,,,,,,,,,,
24/12/2023 00:15:00,0,,,,,,,,,,,,,,,,,,,
24/12/2023 00:00:00,0,,,,,,,,,,,,,,,,,,,
23/12/2023 23:45:00,0,,,,,,,,,,,,,,,,,,,
23/12/2023 23:30:00,0,,,,,,,,,,,,,,,,,,,
23/12/2023 23:15:00,0,,,,,,,,,,,,,,,,,,,
23/12/2023 23:00:00,0,,,,,,,,,,,,,,,,,,,
23/12/2023 22:45:00,0,,,,,,,,,,,,,,,,,,,
23/12/2023 22:30:00,0,,,,,,,,,,,,,,,,,,,
23/12/2023 22:15:00,0,,,,,,,,,,,,,,,,,,,
23/12/2023 22:00:00,0,,,,,,,,,,,,,,,,,,,
23/12/2023 21:45:00,0,,,,,,,,,,,,,,,,,,,
23/12/2023 21:30:00,0,,,,,,,,,,,,,,,,,,,
23/12/2023 21:15:00,0,,,,,,,,,,,,,,,,,,,
23/12/2023 21:00:00,0,,,,,,,,,,,,,,,,,,,
23/12/2023 20:45:00,0,,,,,,,,,,,,,,,,,,,
23/12/2023 20:30:00,0,,,,,,,,,,,,,,,,,,,
23/12/2023 20:15:00,0,,,,,,,,,,,,,,,,,,,
23/12/2023 20:00:00,0,,,,,,,,,,,,,,,,,,,
23/12/2023 19:45:00,0,,,,,,,,,,,,,,,,,,,
23/12/2023 19:30:00,0,,,,,,,,,,,,,,,,,,,
23/12/2023 19:15:00,0,,,,,,,,,,,,,,,,,,,
23/12/2023 19:00:00,0,,,,,,,,,,,,,,,,,,,
23/12/2023 18:45:00,0,,,,,,,,,,,,,,,,,,,
23/12/2023 18:30:00,0,,,,,,,,,,,,,,,,,,,
23/12/2023 18:15:00,0,,,,,,,,,,,,,,,,,,,
23/12/2023 18:00:00,0,,,,,,,,,,,,,,,,,,,
23/12/2023 17:45:00,0,,,,,,,,,,,,,,,,,,,
23/12/2023 17:30:00,0,,,,,,,,,,,,,,,,,,,
23/12/2023 17:15:00,0,,,,,,,,,,,,,,,,,,,
23/12/2023 17:00:00,0,,,,,,,,,,,,,,,,,,,
23/12/2023 16:45:00,0,,,,,,,,,,,,,,,,,,,
23/12/2023 16:30:00,0,,,,,,,,,,,,,,,,,,,
23/12/2023 16:15:00,0,,,,,,,,,,,,,,,,,,,
23/12/2023 16:00:00,0,,,,,,,,,,,,,,,,,,,
23/12/2023 15:45:00,0,,,,,,,,,,,,,,,,,,,
23/12/2023 15:30:00,0,,,,,,,,,,,,,,,,,,,
23/12/2023 15:15:00,0,,,,,,,,,,,,,,,,,,,
23/12/2023 15:00:00,0,,,,,,,,,,,,,,,,,,,
23/12/2023 14:45:00,0,,,,,,,,,,,,,,,,,,,
23/12/2023 14:30:00,0,,,,,,,,,,,,,,,,,,,
23/12/2023 14:15:00,0,,,,,,,,,,,,,,,,,,,
23/12/2023 14:00:00,0,,,,,,,,,,,,,,,,,,,
23/12/2023 13:45:00,0,,,,,,,,,,,,,,,,,,,
23/12/2023 13:30:00,0,,,,,,,,,,,,,,,,,,,
23/12/2023 13:15:00,0,,,,,,,,,,,,,,,,,,,
23/12/2023 13:00:00,0,,,,,,,,,,,,,,,,,,,
23/12/2023 12:45:00,0,,,,,,,,,,,,,,,,,,,
23/12/2023 12:30:00,0,,,,,,,,,,,,,,,,,,,
23/12/2023 12:15:00,0,,,,,,,,,,,,,,,,,,,
23/12/2023 12:00:00,0,,,,,,,,,,,,,,,,,,,
23/12/2023 11:45:00,0,,,,,,,,,,,,,,,,,,,
23/12/2023 11:30:00,0,,,,,,,,,,,,,,,,,,,
23/12/2023 11:15:00,0,,,,,,,,,,,,,,,,,,,
23/12/2023 11:00:00,0,,,,,,,,,,,,,,,,,,,
23/12/2023 10:45:00,0,,,,,,,,,,,,,,,,,,,
23/12/2023 10:30:00,0.2,,,,,,,,,,,,,,,,,,,
23/12/2023 10:15:00,0,,,,,,,,,,,,,,,,,,,
23/12/2023 10:00:00,0,,,,,,,,,,,,,,,,,,,
23/12/2023 09:45:00,0,,,,,,,,,,,,,,,,,,,
23/12/2023 09:30:00,0,,,,,,,,,,,,,,,,,,,
23/12/2023 09:15:00,0,,,,,,,,,,,,,,,,,,,
23/12/2023 09:00:00,0,,,,,,,,,,,,,,,,,,,
23/12/2023 08:45:00,0,,,,,,,,,,,,,,,,,,,
23/12/2023 08:30:00,0,,,,,,,,,,,,,,,,,,,
23/12/2023 08:15:00,0,,,,,,,,,,,,,,,,,,,
23/12/2023 08:00:00,0,,,,,,,,,,,,,,,,,,,
23/12/2023 07:45:00,0,,,,,,,,,,,,,,,,,,,
23/12/2023 07:30:00,0,,,,,,,,,,,,,,,,,,,
23/12/2023 07:15:00,0,,,,,,,,,,,,,,,,,,,
23/12/2023 07:00:00,0,,,,,,,,,,,,,,,,,,,
23/12/2023 06:45:00,0,,,,,,,,,,,,,,,,,,,
23/12/2023 06:30:00,0,,,,,,,,,,,,,,,,,,,
23/12/2023 06:15:00,0,,,,,,,,,,,,,,,,,,,
23/12/2023 06:00:00,0,,,,,,,,,,,,,,,,,,,
23/12/2023 05:45:00,0,,,,,,,,,,,,,,,,,,,
23/12/2023 05:30:00,0,,,,,,,,,,,,,,,,,,,
23/12/2023 05:15:00,0,,,,,,,,,,,,,,,,,,,
23/12/2023 05:00:00,0,,,,,,,,,,,,,,,,,,,
23/12/2023 04:45:00,0,,,,,,,,,,,,,,,,,,,
23/12/2023 04:30:00,0,,,,,,,,,,,,,,,,,,,
23/12/2023 04:15:00,0,,,,,,,,,,,,,,,,,,,
23/12/2023 04:00:00,0,,,,,,,,,,,,,,,,,,,
23/12/2023 03:45:00,0,,,,,,,,,,,,,,,,,,,
23/12/2023 03:30:00,0,,,,,,,,,,,,,,,,,,,
23/12/2023 03:15:00,0,,,,,,,,,,,,,,,,,,,
23/12/2023 03:00:00,0,,,,,,,,,,,,,,,,,,,
23/12/2023 02:45:00,0,,,,,,,,,,,,,,,,,,,
23/12/2023 02:30:00,0,,,,,,,,,,,,,,,,,,,
23/12/2023 02:15:00,0,,,,,,,,,,,,,,,,,,,
23/12/2023 02:00:00,0,,,,,,,,,,,,,,,,,,,
23/12/2023 01:45:00,0,,,,,,,,,,,,,,,,,,,
23/12/2023 01:30:00,0,,,,,,,,,,,,,,,,,,,
23/12/2023 01:15:00,0,,,,,,,,,,,,,,,,,,,
23/12/2023 01:00:00,0,,,,,,,,,,,,,,,,,,,
23/12/2023 00:45:00,0,,,,,,,,,,,,,,,,,,,
23/12/2023 00:30:00,0,,,,,,,,,,,,,,,,,,,
23/12/2023 00:15:00,0,,,,,,,,,,,,,,,,,,,
23/12/2023 00:00:00,0,,,,,,,,,,,,,,,,,,,
22/12/2023 23:45:00,0,,,,,,,,,,,,,,,,,,,
22/12/2023 23:30:00,0,,,,,,,,,,,,,,,,,,,
22/12/2023 23:15:00,0,,,,,,,,,,,,,,,,,,,
22/12/2023 23:00:00,0,,,,,,,,,,,,,,,,,,,
22/12/2023 22:45:00,1,,,,,,,,,,,,,,,,,,,
22/12/2023 21:30:00,0.6,,,,,,,,,,,,,,,,,,,
22/12/2023 21:15:00,0.4,,,,,,,,,,,,,,,,,,,
22/12/2023 21:00:00,0.6,,,,,,,,,,,,,,,,,,,
22/12/2023 20:45:00,0,,,,,,,,,,,,,,,,,,,
22/12/2023 20:30:00,0.4,,,,,,,,,,,,,,,,,,,
22/12/2023 20:15:00,0.4,,,,,,,,,,,,,,,,,,,
22/12/2023 20:00:00,0.6,,,,,,,,,,,,,,,,,,,
22/12/2023 19:45:00,0.8,,,,,,,,,,,,,,,,,,,
22/12/2023 19:30:00,0.6,,,,,,,,,,,,,,,,,,,
22/12/2023 19:15:00,0,,,,,,,,,,,,,,,,,,,
22/12/2023 19:00:00,0,,,,,,,,,,,,,,,,,,,
22/12/2023 18:45:00,0,,,,,,,,,,,,,,,,,,,
22/12/2023 18:30:00,0,,,,,,,,,,,,,,,,,,,
22/12/2023 18:15:00,0.2,,,,,,,,,,,,,,,,,,,
22/12/2023 18:00:00,0,,,,,,,,,,,,,,,,,,,
22/12/2023 17:45:00,0,,,,,,,,,,,,,,,,,,,
22/12/2023 17:30:00,0,,,,,,,,,,,,,,,,,,,
22/12/2023 17:15:00,0,,,,,,,,,,,,,,,,,,,
22/12/2023 17:00:00,0,,,,,,,,,,,,,,,,,,,
22/12/2023 16:45:00,0,,,,,,,,,,,,,,,,,,,
22/12/2023 16:30:00,0,,,,,,,,,,,,,,,,,,,
22/12/2023 16:15:00,0,,,,,,,,,,,,,,,,,,,
22/12/2023 16:00:00,0,,,,,,,,,,,,,,,,,,,
22/12/2023 15:45:00,0,,,,,,,,,,,,,,,,,,,
22/12/2023 15:30:00,0,,,,,,,,,,,,,,,,,,,
22/12/2023 15:15:00,0,,,,,,,,,,,,,,,,,,,
22/12/2023 15:00:00,0,,,,,,,,,,,,,,,,,,,
22/12/2023 14:45:00,0,,,,,,,,,,,,,,,,,,,
22/12/2023 14:30:00,0,,,,,,,,,,,,,,,,,,,
22/12/2023 14:15:00,0,,,,,,,,,,,,,,,,,,,
22/12/2023 14:00:00,0,,,,,,,,,,,,,,,,,,,
22/12/2023 13:45:00,0,,,,,,,,,,,,,,,,,,,
22/12/2023 13:30:00,0,,,,,,,,,,,,,,,,,,,
22/12/2023 13:15:00,0,,,,,,,,,,,,,,,,,,,
22/12/2023 13:00:00,0,,,,,,,,,,,,,,,,,,,
22/12/2023 12:45:00,0,,,,,,,,,,,,,,,,,,,
22/12/2023 12:30:00,0,,,,,,,,,,,,,,,,,,,
22/12/2023 12:15:00,0,,,,,,,,,,,,,,,,,,,
22/12/2023 12:00:00,0,,,,,,,,,,,,,,,,,,,
22/12/2023 11:45:00,0,,,,,,,,,,,,,,,,,,,
22/12/2023 11:30:00,0,,,,,,,,,,,,,,,,,,,
22/12/2023 11:15:00,0,,,,,,,,,,,,,,,,,,,
22/12/2023 11:00:00,0,,,,,,,,,,,,,,,,,,,
22/12/2023 10:45:00,0,,,,,,,,,,,,,,,,,,,
22/12/2023 10:30:00,0,,,,,,,,,,,,,,,,,,,
22/12/2023 10:15:00,0,,,,,,,,,,,,,,,,,,,
22/12/2023 10:00:00,0,,,,,,,,,,,,,,,,,,,
22/12/2023 09:45:00,0,,,,,,,,,,,,,,,,,,,
22/12/2023 09:30:00,0,,,,,,,,,,,,,,,,,,,
22/12/2023 09:15:00,0,,,,,,,,,,,,,,,,,,,
22/12/2023 09:00:00,0,,,,,,,,,,,,,,,,,,,
22/12/2023 08:45:00,0,,,,,,,,,,,,,,,,,,,
22/12/2023 08:30:00,0,,,,,,,,,,,,,,,,,,,
22/12/2023 08:15:00,0,,,,,,,,,,,,,,,,,,,
22/12/2023 08:00:00,0,,,,,,,,,,,,,,,,,,,
22/12/2023 07:45:00,0,,,,,,,,,,,,,,,,,,,
22/12/2023 07:30:00,0,,,,,,,,,,,,,,,,,,,
22/12/2023 07:15:00,0,,,,,,,,,,,,,,,,,,,
22/12/2023 07:00:00,0,,,,,,,,,,,,,,,,,,,
22/12/2023 06:45:00,0,,,,,,,,,,,,,,,,,,,
22/12/2023 06:30:00,0,,,,,,,,,,,,,,,,,,,
22/12/2023 06:15:00,0,,,,,,,,,,,,,,,,,,,
22/12/2023 06:00:00,0,,,,,,,,,,,,,,,,,,,
22/12/2023 05:45:00,0,,,,,,,,,,,,,,,,,,,
22/12/2023 05:30:00,0,,,,,,,,,,,,,,,,,,,
22/12/2023 05:15:00,0,,,,,,,,,,,,,,,,,,,
22/12/2023 05:00:00,0,,,,,,,,,,,,,,,,,,,
22/12/2023 04:45:00,0,,,,,,,,,,,,,,,,,,,
22/12/2023 04:30:00,0,,,,,,,,,,,,,,,,,,,
22/12/2023 04:15:00,0,,,,,,,,,,,,,,,,,,,
22/12/2023 04:00:00,0,,,,,,,,,,,,,,,,,,,
22/12/2023 03:45:00,0,,,,,,,,,,,,,,,,,,,
22/12/2023 03:30:00,0,,,,,,,,,,,,,,,,,,,
22/12/2023 03:15:00,0,,,,,,,,,,,,,,,,,,,
22/12/2023 03:00:00,0,,,,,,,,,,,,,,,,,,,
22/12/2023 02:45:00,0,,,,,,,,,,,,,,,,,,,
22/12/2023 02:30:00,0,,,,,,,,,,,,,,,,,,,
22/12/2023 02:15:00,0,,,,,,,,,,,,,,,,,,,
22/12/2023 02:00:00,0,,,,,,,,,,,,,,,,,,,
22/12/2023 01:45:00,0,,,,,,,,,,,,,,,,,,,
22/12/2023 01:30:00,0,,,,,,,,,,,,,,,,,,,
22/12/2023 01:15:00,0,,,,,,,,,,,,,,,,,,,
22/12/2023 01:00:00,0,,,,,,,,,,,,,,,,,,,
22/12/2023 00:45:00,0,,,,,,,,,,,,,,,,,,,
22/12/2023 00:30:00,0,,,,,,,,,,,,,,,,,,,
22/12/2023 00:15:00,0,,,,,,,,,,,,,,,,,,,
22/12/2023 00:00:00,0,,,,,,,,,,,,,,,,,,,
21/12/2023 23:45:00,0,,,,,,,,,,,,,,,,,,,
21/12/2023 23:30:00,0,,,,,,,,,,,,,,,,,,,
21/12/2023 23:15:00,0,,,,,,,,,,,,,,,,,,,
21/12/2023 23:00:00,0,,,,,,,,,,,,,,,,,,,
21/12/2023 22:45:00,0,,,,,,,,,,,,,,,,,,,
21/12/2023 22:30:00,0,,,,,,,,,,,,,,,,,,,
21/12/2023 22:15:00,0,,,,,,,,,,,,,,,,,,,
21/12/2023 22:00:00,0,,,,,,,,,,,,,,,,,,,
21/12/2023 21:45:00,0,,,,,,,,,,,,,,,,,,,
21/12/2023 21:30:00,0,,,,,,,,,,,,,,,,,,,
21/12/2023 21:15:00,0,,,,,,,,,,,,,,,,,,,
21/12/2023 21:00:00,0,,,,,,,,,,,,,,,,,,,
21/12/2023 20:45:00,0,,,,,,,,,,,,,,,,,,,
21/12/2023 20:30:00,0,,,,,,,,,,,,,,,,,,,
21/12/2023 20:15:00,0,,,,,,,,,,,,,,,,,,,
21/12/2023 20:00:00,0,,,,,,,,,,,,,,,,,,,
21/12/2023 19:45:00,0,,,,,,,,,,,,,,,,,,,
21/12/2023 19:30:00,0,,,,,,,,,,,,,,,,,,,
21/12/2023 19:15:00,0,,,,,,,,,,,,,,,,,,,
21/12/2023 19:00:00,0,,,,,,,,,,,,,,,,,,,
21/12/2023 18:45:00,0,,,,,,,,,,,,,,,,,,,
21/12/2023 18:30:00,0,,,,,,,,,,,,,,,,,,,
21/12/2023 18:15:00,0,,,,,,,,,,,,,,,,,,,
21/12/2023 18:00:00,0,,,,,,,,,,,,,,,,,,,
21/12/2023 17:45:00,0,,,,,,,,,,,,,,,,,,,
21/12/2023 17:30:00,0,,,,,,,,,,,,,,,,,,,
21/12/2023 17:15:00,0,,,,,,,,,,,,,,,,,,,
21/12/2023 17:00:00,0,,,,,,,,,,,,,,,,,,,
21/12/2023 16:45:00,0,,,,,,,,,,,,,,,,,,,
21/12/2023 16:30:00,0,,,,,,,,,,,,,,,,,,,
21/12/2023 16:15:00,0,,,,,,,,,,,,,,,,,,,
21/12/2023 16:00:00,0,,,,,,,,,,,,,,,,,,,
21/12/2023 15:45:00,0,,,,,,,,,,,,,,,,,,,
21/12/2023 15:30:00,0,,,,,,,,,,,,,,,,,,,
21/12/2023 15:15:00,0,,,,,,,,,,,,,,,,,,,
21/12/2023 15:00:00,0,,,,,,,,,,,,,,,,,,,
21/12/2023 14:45:00,0,,,,,,,,,,,,,,,,,,,
21/12/2023 14:30:00,0,,,,,,,,,,,,,,,,,,,
21/12/2023 14:15:00,0,,,,,,,,,,,,,,,,,,,
21/12/2023 14:00:00,0,,,,,,,,,,,,,,,,,,,
21/12/2023 13:45:00,0,,,,,,,,,,,,,,,,,,,
21/12/2023 13:30:00,0,,,,,,,,,,,,,,,,,,,
21/12/2023 13:15:00,0,,,,,,,,,,,,,,,,,,,
21/12/2023 13:00:00,0,,,,,,,,,,,,,,,,,,,
21/12/2023 12:45:00,0,,,,,,,,,,,,,,,,,,,
21/12/2023 12:30:00,0,,,,,,,,,,,,,,,,,,,
21/12/2023 12:15:00,0,,,,,,,,,,,,,,,,,,,
21/12/2023 12:00:00,0,,,,,,,,,,,,,,,,,,,
21/12/2023 11:45:00,0,,,,,,,,,,,,,,,,,,,
21/12/2023 11:30:00,0,,,,,,,,,,,,,,,,,,,
21/12/2023 11:15:00,0,,,,,,,,,,,,,,,,,,,
21/12/2023 11:00:00,0,,,,,,,,,,,,,,,,,,,
21/12/2023 10:45:00,0,,,,,,,,,,,,,,,,,,,
21/12/2023 10:30:00,0,,,,,,,,,,,,,,,,,,,
21/12/2023 10:15:00,0,,,,,,,,,,,,,,,,,,,
21/12/2023 10:00:00,0,,,,,,,,,,,,,,,,,,,
21/12/2023 09:45:00,0,,,,,,,,,,,,,,,,,,,
21/12/2023 09:30:00,0,,,,,,,,,,,,,,,,,,,
21/12/2023 09:15:00,0,,,,,,,,,,,,,,,,,,,
21/12/2023 09:00:00,0,,,,,,,,,,,,,,,,,,,
21/12/2023 08:45:00,0,,,,,,,,,,,,,,,,,,,
21/12/2023 08:30:00,0,,,,,,,,,,,,,,,,,,,
21/12/2023 08:15:00,0,,,,,,,,,,,,,,,,,,,
21/12/2023 08:00:00,0,,,,,,,,,,,,,,,,,,,
21/12/2023 07:45:00,0,,,,,,,,,,,,,,,,,,,
21/12/2023 07:30:00,0,,,,,,,,,,,,,,,,,,,
21/12/2023 07:15:00,0,,,,,,,,,,,,,,,,,,,
21/12/2023 07:00:00,0,,,,,,,,,,,,,,,,,,,
21/12/2023 06:45:00,0,,,,,,,,,,,,,,,,,,,
21/12/2023 06:30:00,0,,,,,,,,,,,,,,,,,,,
21/12/2023 06:15:00,0,,,,,,,,,,,,,,,,,,,
21/12/2023 06:00:00,0,,,,,,,,,,,,,,,,,,,
21/12/2023 05:45:00,0,,,,,,,,,,,,,,,,,,,
21/12/2023 05:30:00,0,,,,,,,,,,,,,,,,,,,
21/12/2023 05:15:00,0,,,,,,,,,,,,,,,,,,,
21/12/2023 05:00:00,0,,,,,,,,,,,,,,,,,,,
21/12/2023 04:45:00,0,,,,,,,,,,,,,,,,,,,
21/12/2023 04:30:00,0,,,,,,,,,,,,,,,,,,,
21/12/2023 04:15:00,0,,,,,,,,,,,,,,,,,,,
21/12/2023 04:00:00,0,,,,,,,,,,,,,,,,,,,
21/12/2023 03:45:00,0,,,,,,,,,,,,,,,,,,,
21/12/2023 03:30:00,0,,,,,,,,,,,,,,,,,,,
21/12/2023 03:15:00,0,,,,,,,,,,,,,,,,,,,
21/12/2023 03:00:00,0,,,,,,,,,,,,,,,,,,,
21/12/2023 02:45:00,0,,,,,,,,,,,,,,,,,,,
21/12/2023 02:30:00,0,,,,,,,,,,,,,,,,,,,
21/12/2023 02:15:00,0,,,,,,,,,,,,,,,,,,,
21/12/2023 02:00:00,0,,,,,,,,,,,,,,,,,,,
21/12/2023 01:45:00,0,,,,,,,,,,,,,,,,,,,
21/12/2023 01:30:00,0,,,,,,,,,,,,,,,,,,,
21/12/2023 01:15:00,0,,,,,,,,,,,,,,,,,,,
21/12/2023 01:00:00,0,,,,,,,,,,,,,,,,,,,
21/12/2023 00:45:00,0,,,,,,,,,,,,,,,,,,,
21/12/2023 00:30:00,0,,,,,,,,,,,,,,,,,,,
21/12/2023 00:15:00,0,,,,,,,,,,,,,,,,,,,
21/12/2023 00:00:00,0,,,,,,,,,,,,,,,,,,,
20/12/2023 23:45:00,0,,,,,,,,,,,,,,,,,,,
20/12/2023 23:30:00,0,,,,,,,,,,,,,,,,,,,
20/12/2023 23:15:00,0,,,,,,,,,,,,,,,,,,,
20/12/2023 23:00:00,0,,,,,,,,,,,,,,,,,,,
20/12/2023 22:45:00,0,,,,,,,,,,,,,,,,,,,
20/12/2023 22:30:00,0,,,,,,,,,,,,,,,,,,,
20/12/2023 22:15:00,0,,,,,,,,,,,,,,,,,,,
20/12/2023 22:00:00,0,,,,,,,,,,,,,,,,,,,
20/12/2023 21:45:00,0,,,,,,,,,,,,,,,,,,,
20/12/2023 21:30:00,0,,,,,,,,,,,,,,,,,,,
20/12/2023 21:15:00,0,,,,,,,,,,,,,,,,,,,
20/12/2023 21:00:00,0,,,,,,,,,,,,,,,,,,,
20/12/2023 20:45:00,0,,,,,,,,,,,,,,,,,,,
20/12/2023 20:30:00,0,,,,,,,,,,,,,,,,,,,
20/12/2023 20:15:00,0,,,,,,,,,,,,,,,,,,,
20/12/2023 20:00:00,0,,,,,,,,,,,,,,,,,,,
20/12/2023 19:45:00,0,,,,,,,,,,,,,,,,,,,
20/12/2023 19:30:00,0,,,,,,,,,,,,,,,,,,,
20/12/2023 19:15:00,0,,,,,,,,,,,,,,,,,,,
20/12/2023 19:00:00,0,,,,,,,,,,,,,,,,,,,
20/12/2023 18:45:00,0,,,,,,,,,,,,,,,,,,,
20/12/2023 18:30:00,0,,,,,,,,,,,,,,,,,,,
20/12/2023 18:15:00,0,,,,,,,,,,,,,,,,,,,
20/12/2023 18:00:00,0,,,,,,,,,,,,,,,,,,,
20/12/2023 17:45:00,0,,,,,,,,,,,,,,,,,,,
20/12/2023 17:30:00,0,,,,,,,,,,,,,,,,,,,
20/12/2023 17:15:00,0,,,,,,,,,,,,,,,,,,,
20/12/2023 17:00:00,0,,,,,,,,,,,,,,,,,,,
20/12/2023 16:45:00,0,,,,,,,,,,,,,,,,,,,
20/12/2023 16:30:00,0,,,,,,,,,,,,,,,,,,,
20/12/2023 16:15:00,0,,,,,,,,,,,,,,,,,,,
20/12/2023 16:00:00,0,,,,,,,,,,,,,,,,,,,
20/12/2023 15:45:00,0,,,,,,,,,,,,,,,,,,,
20/12/2023 15:30:00,0,,,,,,,,,,,,,,,,,,,
20/12/2023 15:15:00,0,,,,,,,,,,,,,,,,,,,
20/12/2023 15:00:00,0,,,,,,,,,,,,,,,,,,,
20/12/2023 14:45:00,0,,,,,,,,,,,,,,,,,,,
20/12/2023 14:30:00,0,,,,,,,,,,,,,,,,,,,
20/12/2023 14:15:00,0,,,,,,,,,,,,,,,,,,,
20/12/2023 14:00:00,0,,,,,,,,,,,,,,,,,,,
20/12/2023 13:45:00,0,,,,,,,,,,,,,,,,,,,
20/12/2023 13:30:00,0,,,,,,,,,,,,,,,,,,,
20/12/2023 13:15:00,0,,,,,,,,,,,,,,,,,,,
20/12/2023 13:00:00,0,,,,,,,,,,,,,,,,,,,
20/12/2023 12:45:00,0,,,,,,,,,,,,,,,,,,,
20/12/2023 12:30:00,0,,,,,,,,,,,,,,,,,,,
20/12/2023 12:15:00,0,,,,,,,,,,,,,,,,,,,
20/12/2023 12:00:00,0,,,,,,,,,,,,,,,,,,,
20/12/2023 11:45:00,0,,,,,,,,,,,,,,,,,,,
20/12/2023 11:30:00,0,,,,,,,,,,,,,,,,,,,
20/12/2023 11:15:00,0,,,,,,,,,,,,,,,,,,,
20/12/2023 11:00:00,0,,,,,,,,,,,,,,,,,,,
20/12/2023 10:45:00,0,,,,,,,,,,,,,,,,,,,
20/12/2023 10:30:00,0,,,,,,,,,,,,,,,,,,,
20/12/2023 10:15:00,0,,,,,,,,,,,,,,,,,,,
20/12/2023 10:00:00,0,,,,,,,,,,,,,,,,,,,
20/12/2023 09:45:00,0,,,,,,,,,,,,,,,,,,,
20/12/2023 09:30:00,0,,,,,,,,,,,,,,,,,,,
20/12/2023 09:15:00,0,,,,,,,,,,,,,,,,,,,
20/12/2023 09:00:00,0,,,,,,,,,,,,,,,,,,,
20/12/2023 08:45:00,0,,,,,,,,,,,,,,,,,,,
20/12/2023 08:30:00,0,,,,,,,,,,,,,,,,,,,
20/12/2023 08:15:00,0,,,,,,,,,,,,,,,,,,,
20/12/2023 08:00:00,0,,,,,,,,,,,,,,,,,,,
20/12/2023 07:45:00,0,,,,,,,,,,,,,,,,,,,
20/12/2023 07:30:00,0,,,,,,,,,,,,,,,,,,,
20/12/2023 07:15:00,0,,,,,,,,,,,,,,,,,,,
20/12/2023 07:00:00,0,,,,,,,,,,,,,,,,,,,
20/12/2023 06:45:00,0,,,,,,,,,,,,,,,,,,,
20/12/2023 06:30:00,0,,,,,,,,,,,,,,,,,,,
20/12/2023 06:15:00,0,,,,,,,,,,,,,,,,,,,
20/12/2023 06:00:00,0,,,,,,,,,,,,,,,,,,,
20/12/2023 05:45:00,0,,,,,,,,,,,,,,,,,,,
20/12/2023 05:30:00,0,,,,,,,,,,,,,,,,,,,
20/12/2023 05:15:00,0,,,,,,,,,,,,,,,,,,,
20/12/2023 05:00:00,0,,,,,,,,,,,,,,,,,,,
20/12/2023 04:45:00,0,,,,,,,,,,,,,,,,,,,
20/12/2023 04:30:00,0,,,,,,,,,,,,,,,,,,,
20/12/2023 04:15:00,0,,,,,,,,,,,,,,,,,,,
20/12/2023 04:00:00,0,,,,,,,,,,,,,,,,,,,
20/12/2023 03:45:00,0,,,,,,,,,,,,,,,,,,,
20/12/2023 03:30:00,0,,,,,,,,,,,,,,,,,,,
20/12/2023 03:15:00,0,,,,,,,,,,,,,,,,,,,
20/12/2023 03:00:00,0,,,,,,,,,,,,,,,,,,,
20/12/2023 02:45:00,0,,,,,,,,,,,,,,,,,,,
20/12/2023 02:30:00,0,,,,,,,,,,,,,,,,,,,
20/12/2023 02:15:00,0,,,,,,,,,,,,,,,,,,,
20/12/2023 02:00:00,0,,,,,,,,,,,,,,,,,,,
20/12/2023 01:45:00,0,,,,,,,,,,,,,,,,,,,
20/12/2023 01:30:00,0,,,,,,,,,,,,,,,,,,,
20/12/2023 01:15:00,0,,,,,,,,,,,,,,,,,,,
20/12/2023 01:00:00,0,,,,,,,,,,,,,,,,,,,
20/12/2023 00:45:00,0,,,,,,,,,,,,,,,,,,,
20/12/2023 00:30:00,0,,,,,,,,,,,,,,,,,,,
20/12/2023 00:15:00,0,,,,,,,,,,,,,,,,,,,
20/12/2023 00:00:00,0,,,,,,,,,,,,,,,,,,,
19/12/2023 23:45:00,0,,,,,,,,,,,,,,,,,,,
19/12/2023 23:30:00,0,,,,,,,,,,,,,,,,,,,
19/12/2023 23:15:00,0,,,,,,,,,,,,,,,,,,,
19/12/2023 23:00:00,0,,,,,,,,,,,,,,,,,,,
19/12/2023 22:45:00,0,,,,,,,,,,,,,,,,,,,
19/12/2023 22:30:00,0,,,,,,,,,,,,,,,,,,,
19/12/2023 22:15:00,0,,,,,,,,,,,,,,,,,,,
19/12/2023 22:00:00,0,,,,,,,,,,,,,,,,,,,
19/12/2023 21:45:00,0,,,,,,,,,,,,,,,,,,,
19/12/2023 21:30:00,0,,,,,,,,,,,,,,,,,,,
19/12/2023 21:15:00,0,,,,,,,,,,,,,,,,,,,
19/12/2023 21:00:00,0,,,,,,,,,,,,,,,,,,,
19/12/2023 20:45:00,0,,,,,,,,,,,,,,,,,,,
19/12/2023 20:30:00,0,,,,,,,,,,,,,,,,,,,
19/12/2023 20:15:00,0,,,,,,,,,,,,,,,,,,,
19/12/2023 20:00:00,0,,,,,,,,,,,,,,,,,,,
19/12/2023 19:45:00,0,,,,,,,,,,,,,,,,,,,
19/12/2023 19:30:00,0,,,,,,,,,,,,,,,,,,,
19/12/2023 19:15:00,0,,,,,,,,,,,,,,,,,,,
19/12/2023 19:00:00,0,,,,,,,,,,,,,,,,,,,
19/12/2023 18:45:00,0,,,,,,,,,,,,,,,,,,,
19/12/2023 18:30:00,0,,,,,,,,,,,,,,,,,,,
19/12/2023 18:15:00,0,,,,,,,,,,,,,,,,,,,
19/12/2023 18:00:00,0,,,,,,,,,,,,,,,,,,,
19/12/2023 17:45:00,0,,,,,,,,,,,,,,,,,,,
19/12/2023 17:30:00,0,,,,,,,,,,,,,,,,,,,
19/12/2023 17:15:00,0,,,,,,,,,,,,,,,,,,,
19/12/2023 17:00:00,0,,,,,,,,,,,,,,,,,,,
19/12/2023 16:45:00,0,,,,,,,,,,,,,,,,,,,
19/12/2023 16:30:00,0,,,,,,,,,,,,,,,,,,,
19/12/2023 16:15:00,0,,,,,,,,,,,,,,,,,,,
19/12/2023 16:00:00,0,,,,,,,,,,,,,,,,,,,
19/12/2023 15:45:00,0,,,,,,,,,,,,,,,,,,,
19/12/2023 15:30:00,0,,,,,,,,,,,,,,,,,,,
19/12/2023 15:15:00,0,,,,,,,,,,,,,,,,,,,
19/12/2023 15:00:00,0,,,,,,,,,,,,,,,,,,,
19/12/2023 14:45:00,0,,,,,,,,,,,,,,,,,,,
19/12/2023 14:30:00,0.2,,,,,,,,,,,,,,,,,,,
19/12/2023 14:15:00,0,,,,,,,,,,,,,,,,,,,
19/12/2023 14:00:00,0,,,,,,,,,,,,,,,,,,,
19/12/2023 13:45:00,0,,,,,,,,,,,,,,,,,,,
19/12/2023 13:30:00,0,,,,,,,,,,,,,,,,,,,
19/12/2023 13:15:00,0,,,,,,,,,,,,,,,,,,,
19/12/2023 13:00:00,0,,,,,,,,,,,,,,,,,,,
19/12/2023 12:45:00,0,,,,,,,,,,,,,,,,,,,
19/12/2023 12:30:00,0,,,,,,,,,,,,,,,,,,,
19/12/2023 12:15:00,0,,,,,,,,,,,,,,,,,,,
19/12/2023 12:00:00,0,,,,,,,,,,,,,,,,,,,
19/12/2023 11:45:00,0,,,,,,,,,,,,,,,,,,,
19/12/2023 11:30:00,0,,,,,,,,,,,,,,,,,,,
19/12/2023 11:15:00,0,,,,,,,,,,,,,,,,,,,
19/12/2023 11:00:00,0,,,,,,,,,,,,,,,,,,,
19/12/2023 10:45:00,0,,,,,,,,,,,,,,,,,,,
19/12/2023 10:30:00,0,,,,,,,,,,,,,,,,,,,
19/12/2023 10:15:00,0,,,,,,,,,,,,,,,,,,,
19/12/2023 10:00:00,0,,,,,,,,,,,,,,,,,,,
19/12/2023 09:45:00,0,,,,,,,,,,,,,,,,,,,
19/12/2023 09:30:00,0,,,,,,,,,,,,,,,,,,,
19/12/2023 09:15:00,0,,,,,,,,,,,,,,,,,,,
19/12/2023 09:00:00,0,,,,,,,,,,,,,,,,,,,
19/12/2023 08:45:00,0,,,,,,,,,,,,,,,,,,,
19/12/2023 08:30:00,0,,,,,,,,,,,,,,,,,,,
19/12/2023 08:15:00,0,,,,,,,,,,,,,,,,,,,
19/12/2023 08:00:00,0,,,,,,,,,,,,,,,,,,,
19/12/2023 07:45:00,0,,,,,,,,,,,,,,,,,,,
19/12/2023 07:30:00,0,,,,,,,,,,,,,,,,,,,
19/12/2023 07:15:00,0,,,,,,,,,,,,,,,,,,,
19/12/2023 07:00:00,0,,,,,,,,,,,,,,,,,,,
19/12/2023 06:45:00,0,,,,,,,,,,,,,,,,,,,
19/12/2023 06:30:00,0,,,,,,,,,,,,,,,,,,,
19/12/2023 06:15:00,0,,,,,,,,,,,,,,,,,,,
19/12/2023 06:00:00,0,,,,,,,,,,,,,,,,,,,
19/12/2023 05:45:00,0,,,,,,,,,,,,,,,,,,,
19/12/2023 05:30:00,0,,,,,,,,,,,,,,,,,,,
19/12/2023 05:15:00,0,,,,,,,,,,,,,,,,,,,
19/12/2023 05:00:00,0,,,,,,,,,,,,,,,,,,,
19/12/2023 04:45:00,0,,,,,,,,,,,,,,,,,,,
19/12/2023 04:30:00,0,,,,,,,,,,,,,,,,,,,
19/12/2023 04:15:00,0,,,,,,,,,,,,,,,,,,,
19/12/2023 04:00:00,0,,,,,,,,,,,,,,,,,,,
19/12/2023 03:45:00,0,,,,,,,,,,,,,,,,,,,
19/12/2023 03:30:00,0,,,,,,,,,,,,,,,,,,,
19/12/2023 03:15:00,0,,,,,,,,,,,,,,,,,,,
19/12/2023 03:00:00,0,,,,,,,,,,,,,,,,,,,
19/12/2023 02:45:00,0,,,,,,,,,,,,,,,,,,,
19/12/2023 02:30:00,0,,,,,,,,,,,,,,,,,,,
19/12/2023 02:15:00,0,,,,,,,,,,,,,,,,,,,
19/12/2023 02:00:00,0,,,,,,,,,,,,,,,,,,,
19/12/2023 01:45:00,0,,,,,,,,,,,,,,,,,,,
19/12/2023 01:30:00,0,,,,,,,,,,,,,,,,,,,
19/12/2023 01:15:00,0,,,,,,,,,,,,,,,,,,,
19/12/2023 01:00:00,0,,,,,,,,,,,,,,,,,,,
19/12/2023 00:45:00,0,,,,,,,,,,,,,,,,,,,
19/12/2023 00:30:00,0,,,,,,,,,,,,,,,,,,,
19/12/2023 00:15:00,0,,,,,,,,,,,,,,,,,,,
19/12/2023 00:00:00,0,,,,,,,,,,,,,,,,,,,
18/12/2023 23:45:00,0,,,,,,,,,,,,,,,,,,,
18/12/2023 23:30:00,0,,,,,,,,,,,,,,,,,,,
18/12/2023 23:15:00,0,,,,,,,,,,,,,,,,,,,
18/12/2023 23:00:00,0,,,,,,,,,,,,,,,,,,,
18/12/2023 22:45:00,0.2,,,,,,,,,,,,,,,,,,,
18/12/2023 22:30:00,0.2,,,,,,,,,,,,,,,,,,,
18/12/2023 22:15:00,1.2,,,,,,,,,,,,,,,,,,,
18/12/2023 22:00:00,0.8,,,,,,,,,,,,,,,,,,,
18/12/2023 21:45:00,2.4,,,,,,,,,,,,,,,,,,,
18/12/2023 21:30:00,1.2,,,,,,,,,,,,,,,,,,,
18/12/2023 21:15:00,1.6,,,,,,,,,,,,,,,,,,,
18/12/2023 21:00:00,1.2,,,,,,,,,,,,,,,,,,,
18/12/2023 20:45:00,0,,,,,,,,,,,,,,,,,,,
18/12/2023 20:30:00,3.6,,,,,,,,,,,,,,,,,,,
18/12/2023 20:15:00,3.6,,,,,,,,,,,,,,,,,,,
18/12/2023 20:00:00,3,,,,,,,,,,,,,,,,,,,
18/12/2023 19:45:00,0,,,,,,,,,,,,,,,,,,,
18/12/2023 19:30:00,0,,,,,,,,,,,,,,,,,,,
18/12/2023 19:15:00,0,,,,,,,,,,,,,,,,,,,
18/12/2023 19:00:00,0,,,,,,,,,,,,,,,,,,,
18/12/2023 18:45:00,0,,,,,,,,,,,,,,,,,,,
18/12/2023 18:30:00,0,,,,,,,,,,,,,,,,,,,
18/12/2023 18:15:00,0,,,,,,,,,,,,,,,,,,,
18/12/2023 18:00:00,0,,,,,,,,,,,,,,,,,,,
18/12/2023 17:45:00,0,,,,,,,,,,,,,,,,,,,
18/12/2023 17:30:00,0,,,,,,,,,,,,,,,,,,,
18/12/2023 17:15:00,0,,,,,,,,,,,,,,,,,,,
18/12/2023 17:00:00,0,,,,,,,,,,,,,,,,,,,
18/12/2023 16:45:00,0,,,,,,,,,,,,,,,,,,,
18/12/2023 16:30:00,0,,,,,,,,,,,,,,,,,,,
18/12/2023 16:15:00,0,,,,,,,,,,,,,,,,,,,
18/12/2023 16:00:00,0,,,,,,,,,,,,,,,,,,,
18/12/2023 15:45:00,0,,,,,,,,,,,,,,,,,,,
18/12/2023 15:30:00,0,,,,,,,,,,,,,,,,,,,
18/12/2023 15:15:00,0,,,,,,,,,,,,,,,,,,,
18/12/2023 15:00:00,0,,,,,,,,,,,,,,,,,,,
18/12/2023 14:45:00,0,,,,,,,,,,,,,,,,,,,
18/12/2023 14:30:00,0,,,,,,,,,,,,,,,,,,,
18/12/2023 14:15:00,0,,,,,,,,,,,,,,,,,,,
18/12/2023 14:00:00,0,,,,,,,,,,,,,,,,,,,
18/12/2023 13:45:00,0,,,,,,,,,,,,,,,,,,,
18/12/2023 13:30:00,0,,,,,,,,,,,,,,,,,,,
18/12/2023 13:15:00,0,,,,,,,,,,,,,,,,,,,
18/12/2023 13:00:00,0,,,,,,,,,,,,,,,,,,,
18/12/2023 12:45:00,0,,,,,,,,,,,,,,,,,,,
18/12/2023 12:30:00,0,,,,,,,,,,,,,,,,,,,
18/12/2023 12:15:00,0,,,,,,,,,,,,,,,,,,,
18/12/2023 12:00:00,0,,,,,,,,,,,,,,,,,,,
18/12/2023 11:45:00,0,,,,,,,,,,,,,,,,,,,
18/12/2023 11:30:00,0,,,,,,,,,,,,,,,,,,,
18/12/2023 11:15:00,0,,,,,,,,,,,,,,,,,,,
18/12/2023 11:00:00,0,,,,,,,,,,,,,,,,,,,
18/12/2023 10:45:00,0,,,,,,,,,,,,,,,,,,,
18/12/2023 10:30:00,0,,,,,,,,,,,,,,,,,,,
18/12/2023 10:15:00,0,,,,,,,,,,,,,,,,,,,
18/12/2023 10:00:00,0,,,,,,,,,,,,,,,,,,,
18/12/2023 09:45:00,0,,,,,,,,,,,,,,,,,,,
18/12/2023 09:30:00,0,,,,,,,,,,,,,,,,,,,
18/12/2023 09:15:00,0,,,,,,,,,,,,,,,,,,,
18/12/2023 09:00:00,0,,,,,,,,,,,,,,,,,,,
18/12/2023 08:45:00,0,,,,,,,,,,,,,,,,,,,
18/12/2023 08:30:00,0,,,,,,,,,,,,,,,,,,,
18/12/2023 08:15:00,0,,,,,,,,,,,,,,,,,,,
18/12/2023 08:00:00,0,,,,,,,,,,,,,,,,,,,
18/12/2023 07:45:00,0,,,,,,,,,,,,,,,,,,,
18/12/2023 07:30:00,0,,,,,,,,,,,,,,,,,,,
18/12/2023 07:15:00,0,,,,,,,,,,,,,,,,,,,
18/12/2023 07:00:00,0,,,,,,,,,,,,,,,,,,,
18/12/2023 06:45:00,0,,,,,,,,,,,,,,,,,,,
18/12/2023 06:30:00,0,,,,,,,,,,,,,,,,,,,
18/12/2023 06:15:00,0,,,,,,,,,,,,,,,,,,,
18/12/2023 06:00:00,0,,,,,,,,,,,,,,,,,,,
18/12/2023 05:45:00,0,,,,,,,,,,,,,,,,,,,
18/12/2023 05:30:00,0,,,,,,,,,,,,,,,,,,,
18/12/2023 05:15:00,0,,,,,,,,,,,,,,,,,,,
18/12/2023 05:00:00,0,,,,,,,,,,,,,,,,,,,
18/12/2023 04:45:00,0,,,,,,,,,,,,,,,,,,,
18/12/2023 04:30:00,0,,,,,,,,,,,,,,,,,,,
18/12/2023 04:15:00,0,,,,,,,,,,,,,,,,,,,
18/12/2023 04:00:00,0,,,,,,,,,,,,,,,,,,,
18/12/2023 03:45:00,0,,,,,,,,,,,,,,,,,,,
18/12/2023 03:30:00,0,,,,,,,,,,,,,,,,,,,
18/12/2023 03:15:00,0,,,,,,,,,,,,,,,,,,,
18/12/2023 03:00:00,0,,,,,,,,,,,,,,,,,,,
18/12/2023 02:45:00,0,,,,,,,,,,,,,,,,,,,
18/12/2023 02:30:00,0,,,,,,,,,,,,,,,,,,,
18/12/2023 02:15:00,0,,,,,,,,,,,,,,,,,,,
18/12/2023 02:00:00,0,,,,,,,,,,,,,,,,,,,
18/12/2023 01:45:00,0,,,,,,,,,,,,,,,,,,,
18/12/2023 01:30:00,0,,,,,,,,,,,,,,,,,,,
18/12/2023 01:15:00,0,,,,,,,,,,,,,,,,,,,
18/12/2023 01:00:00,0,,,,,,,,,,,,,,,,,,,
18/12/2023 00:45:00,0,,,,,,,,,,,,,,,,,,,
18/12/2023 00:30:00,0,,,,,,,,,,,,,,,,,,,
18/12/2023 00:15:00,0,,,,,,,,,,,,,,,,,,,
18/12/2023 00:00:00,0,,,,,,,,,,,,,,,,,,,
17/12/2023 23:45:00,0,,,,,,,,,,,,,,,,,,,
17/12/2023 23:30:00,0,,,,,,,,,,,,,,,,,,,
17/12/2023 23:15:00,0,,,,,,,,,,,,,,,,,,,
17/12/2023 23:00:00,0,,,,,,,,,,,,,,,,,,,
17/12/2023 22:45:00,0,,,,,,,,,,,,,,,,,,,
17/12/2023 22:30:00,0,,,,,,,,,,,,,,,,,,,
17/12/2023 22:15:00,0,,,,,,,,,,,,,,,,,,,
17/12/2023 22:00:00,0,,,,,,,,,,,,,,,,,,,
17/12/2023 21:45:00,0,,,,,,,,,,,,,,,,,,,
17/12/2023 21:30:00,0,,,,,,,,,,,,,,,,,,,
17/12/2023 21:15:00,0,,,,,,,,,,,,,,,,,,,
17/12/2023 21:00:00,0,,,,,,,,,,,,,,,,,,,
17/12/2023 20:45:00,0,,,,,,,,,,,,,,,,,,,
17/12/2023 20:30:00,0,,,,,,,,,,,,,,,,,,,
17/12/2023 20:15:00,0,,,,,,,,,,,,,,,,,,,
17/12/2023 20:00:00,0,,,,,,,,,,,,,,,,,,,
17/12/2023 19:45:00,0,,,,,,,,,,,,,,,,,,,
17/12/2023 19:30:00,0,,,,,,,,,,,,,,,,,,,
17/12/2023 19:15:00,0,,,,,,,,,,,,,,,,,,,
17/12/2023 19:00:00,0,,,,,,,,,,,,,,,,,,,
17/12/2023 18:45:00,0,,,,,,,,,,,,,,,,,,,
17/12/2023 18:30:00,0,,,,,,,,,,,,,,,,,,,
17/12/2023 18:15:00,0,,,,,,,,,,,,,,,,,,,
17/12/2023 18:00:00,0,,,,,,,,,,,,,,,,,,,
17/12/2023 17:45:00,0,,,,,,,,,,,,,,,,,,,
17/12/2023 17:30:00,0,,,,,,,,,,,,,,,,,,,
17/12/2023 17:15:00,0,,,,,,,,,,,,,,,,,,,
17/12/2023 17:00:00,0,,,,,,,,,,,,,,,,,,,
17/12/2023 16:45:00,0,,,,,,,,,,,,,,,,,,,
17/12/2023 16:30:00,0,,,,,,,,,,,,,,,,,,,
17/12/2023 16:15:00,0,,,,,,,,,,,,,,,,,,,
17/12/2023 16:00:00,0,,,,,,,,,,,,,,,,,,,
17/12/2023 15:45:00,0,,,,,,,,,,,,,,,,,,,
17/12/2023 15:30:00,0,,,,,,,,,,,,,,,,,,,
17/12/2023 15:15:00,0,,,,,,,,,,,,,,,,,,,
17/12/2023 15:00:00,0,,,,,,,,,,,,,,,,,,,
17/12/2023 14:45:00,0,,,,,,,,,,,,,,,,,,,
17/12/2023 14:30:00,0,,,,,,,,,,,,,,,,,,,
17/12/2023 14:15:00,0,,,,,,,,,,,,,,,,,,,
17/12/2023 14:00:00,0,,,,,,,,,,,,,,,,,,,
17/12/2023 13:45:00,0,,,,,,,,,,,,,,,,,,,
17/12/2023 13:30:00,0,,,,,,,,,,,,,,,,,,,
17/12/2023 13:15:00,0,,,,,,,,,,,,,,,,,,,
17/12/2023 13:00:00,0,,,,,,,,,,,,,,,,,,,
17/12/2023 12:45:00,0,,,,,,,,,,,,,,,,,,,
17/12/2023 12:30:00,0,,,,,,,,,,,,,,,,,,,
17/12/2023 12:15:00,0,,,,,,,,,,,,,,,,,,,
17/12/2023 12:00:00,0,,,,,,,,,,,,,,,,,,,
17/12/2023 11:45:00,0,,,,,,,,,,,,,,,,,,,
17/12/2023 11:30:00,0,,,,,,,,,,,,,,,,,,,
17/12/2023 11:15:00,0,,,,,,,,,,,,,,,,,,,
17/12/2023 11:00:00,0,,,,,,,,,,,,,,,,,,,
17/12/2023 10:45:00,0,,,,,,,,,,,,,,,,,,,
17/12/2023 10:30:00,0,,,,,,,,,,,,,,,,,,,
17/12/2023 10:15:00,0,,,,,,,,,,,,,,,,,,,
17/12/2023 10:00:00,0,,,,,,,,,,,,,,,,,,,
17/12/2023 09:45:00,0,,,,,,,,,,,,,,,,,,,
17/12/2023 09:30:00,0,,,,,,,,,,,,,,,,,,,
17/12/2023 09:15:00,0,,,,,,,,,,,,,,,,,,,
17/12/2023 09:00:00,0,,,,,,,,,,,,,,,,,,,
17/12/2023 08:45:00,0,,,,,,,,,,,,,,,,,,,
17/12/2023 08:30:00,0,,,,,,,,,,,,,,,,,,,
17/12/2023 08:15:00,0,,,,,,,,,,,,,,,,,,,
17/12/2023 08:00:00,0,,,,,,,,,,,,,,,,,,,
17/12/2023 07:45:00,0,,,,,,,,,,,,,,,,,,,
17/12/2023 07:30:00,0,,,,,,,,,,,,,,,,,,,
17/12/2023 07:15:00,0,,,,,,,,,,,,,,,,,,,
17/12/2023 07:00:00,0,,,,,,,,,,,,,,,,,,,
17/12/2023 06:45:00,0,,,,,,,,,,,,,,,,,,,
17/12/2023 06:30:00,0,,,,,,,,,,,,,,,,,,,
17/12/2023 06:15:00,0,,,,,,,,,,,,,,,,,,,
17/12/2023 06:00:00,0,,,,,,,,,,,,,,,,,,,
17/12/2023 05:45:00,0,,,,,,,,,,,,,,,,,,,
17/12/2023 05:30:00,0,,,,,,,,,,,,,,,,,,,
17/12/2023 05:15:00,0,,,,,,,,,,,,,,,,,,,
17/12/2023 05:00:00,0,,,,,,,,,,,,,,,,,,,
17/12/2023 04:45:00,0,,,,,,,,,,,,,,,,,,,
17/12/2023 04:30:00,0,,,,,,,,,,,,,,,,,,,
17/12/2023 04:15:00,0,,,,,,,,,,,,,,,,,,,
17/12/2023 04:00:00,0,,,,,,,,,,,,,,,,,,,
17/12/2023 03:45:00,0,,,,,,,,,,,,,,,,,,,
17/12/2023 03:30:00,0,,,,,,,,,,,,,,,,,,,
17/12/2023 03:15:00,0,,,,,,,,,,,,,,,,,,,
17/12/2023 03:00:00,0,,,,,,,,,,,,,,,,,,,
17/12/2023 02:45:00,0,,,,,,,,,,,,,,,,,,,
17/12/2023 02:30:00,0,,,,,,,,,,,,,,,,,,,
17/12/2023 02:15:00,0,,,,,,,,,,,,,,,,,,,
17/12/2023 02:00:00,0,,,,,,,,,,,,,,,,,,,
17/12/2023 01:45:00,0,,,,,,,,,,,,,,,,,,,
17/12/2023 01:30:00,0,,,,,,,,,,,,,,,,,,,
17/12/2023 01:15:00,0,,,,,,,,,,,,,,,,,,,
17/12/2023 01:00:00,0,,,,,,,,,,,,,,,,,,,
17/12/2023 00:45:00,0,,,,,,,,,,,,,,,,,,,
17/12/2023 00:30:00,0,,,,,,,,,,,,,,,,,,,
17/12/2023 00:15:00,0,,,,,,,,,,,,,,,,,,,
17/12/2023 00:00:00,0,,,,,,,,,,,,,,,,,,,
16/12/2023 23:45:00,0,,,,,,,,,,,,,,,,,,,
16/12/2023 23:30:00,0,,,,,,,,,,,,,,,,,,,
16/12/2023 23:15:00,0,,,,,,,,,,,,,,,,,,,
16/12/2023 23:00:00,0,,,,,,,,,,,,,,,,,,,
16/12/2023 22:45:00,0,,,,,,,,,,,,,,,,,,,
16/12/2023 22:30:00,0,,,,,,,,,,,,,,,,,,,
16/12/2023 22:15:00,0,,,,,,,,,,,,,,,,,,,
16/12/2023 22:00:00,0,,,,,,,,,,,,,,,,,,,
16/12/2023 21:45:00,0,,,,,,,,,,,,,,,,,,,
16/12/2023 21:30:00,0,,,,,,,,,,,,,,,,,,,
16/12/2023 21:15:00,0,,,,,,,,,,,,,,,,,,,
16/12/2023 21:00:00,0,,,,,,,,,,,,,,,,,,,
16/12/2023 20:45:00,0,,,,,,,,,,,,,,,,,,,
16/12/2023 20:30:00,0,,,,,,,,,,,,,,,,,,,
16/12/2023 20:15:00,0,,,,,,,,,,,,,,,,,,,
16/12/2023 20:00:00,0,,,,,,,,,,,,,,,,,,,
16/12/2023 19:45:00,0,,,,,,,,,,,,,,,,,,,
16/12/2023 19:30:00,0,,,,,,,,,,,,,,,,,,,
16/12/2023 19:15:00,0,,,,,,,,,,,,,,,,,,,
16/12/2023 19:00:00,0,,,,,,,,,,,,,,,,,,,
16/12/2023 18:45:00,0,,,,,,,,,,,,,,,,,,,
16/12/2023 18:30:00,0,,,,,,,,,,,,,,,,,,,
16/12/2023 18:15:00,0,,,,,,,,,,,,,,,,,,,
16/12/2023 18:00:00,0,,,,,,,,,,,,,,,,,,,
16/12/2023 17:45:00,0,,,,,,,,,,,,,,,,,,,
16/12/2023 17:30:00,0,,,,,,,,,,,,,,,,,,,
16/12/2023 17:15:00,0,,,,,,,,,,,,,,,,,,,
16/12/2023 17:00:00,0,,,,,,,,,,,,,,,,,,,
16/12/2023 16:45:00,0,,,,,,,,,,,,,,,,,,,
16/12/2023 16:30:00,0,,,,,,,,,,,,,,,,,,,
16/12/2023 16:15:00,0,,,,,,,,,,,,,,,,,,,
16/12/2023 16:00:00,0,,,,,,,,,,,,,,,,,,,
16/12/2023 15:45:00,0,,,,,,,,,,,,,,,,,,,
16/12/2023 15:30:00,0,,,,,,,,,,,,,,,,,,,
16/12/2023 15:15:00,0,,,,,,,,,,,,,,,,,,,
16/12/2023 15:00:00,0,,,,,,,,,,,,,,,,,,,
16/12/2023 14:45:00,0,,,,,,,,,,,,,,,,,,,
16/12/2023 14:30:00,0,,,,,,,,,,,,,,,,,,,
16/12/2023 14:15:00,0,,,,,,,,,,,,,,,,,,,
16/12/2023 14:00:00,0,,,,,,,,,,,,,,,,,,,
16/12/2023 13:45:00,0,,,,,,,,,,,,,,,,,,,
16/12/2023 13:30:00,0,,,,,,,,,,,,,,,,,,,
16/12/2023 13:15:00,0,,,,,,,,,,,,,,,,,,,
16/12/2023 13:00:00,0,,,,,,,,,,,,,,,,,,,
16/12/2023 12:45:00,0,,,,,,,,,,,,,,,,,,,
16/12/2023 12:30:00,0,,,,,,,,,,,,,,,,,,,
16/12/2023 12:15:00,0,,,,,,,,,,,,,,,,,,,
16/12/2023 12:00:00,0,,,,,,,,,,,,,,,,,,,
16/12/2023 11:45:00,0,,,,,,,,,,,,,,,,,,,
16/12/2023 11:30:00,0,,,,,,,,,,,,,,,,,,,
16/12/2023 11:15:00,0,,,,,,,,,,,,,,,,,,,
16/12/2023 11:00:00,0,,,,,,,,,,,,,,,,,,,
16/12/2023 10:45:00,0,,,,,,,,,,,,,,,,,,,
16/12/2023 10:30:00,0,,,,,,,,,,,,,,,,,,,
16/12/2023 10:15:00,0,,,,,,,,,,,,,,,,,,,
16/12/2023 10:00:00,0,,,,,,,,,,,,,,,,,,,
16/12/2023 09:45:00,0,,,,,,,,,,,,,,,,,,,
16/12/2023 09:30:00,0,,,,,,,,,,,,,,,,,,,
16/12/2023 09:15:00,0,,,,,,,,,,,,,,,,,,,
16/12/2023 09:00:00,0,,,,,,,,,,,,,,,,,,,
16/12/2023 08:45:00,0,,,,,,,,,,,,,,,,,,,
16/12/2023 08:30:00,0,,,,,,,,,,,,,,,,,,,
16/12/2023 08:15:00,0,,,,,,,,,,,,,,,,,,,
16/12/2023 08:00:00,0,,,,,,,,,,,,,,,,,,,
16/12/2023 07:45:00,0,,,,,,,,,,,,,,,,,,,
16/12/2023 07:30:00,0,,,,,,,,,,,,,,,,,,,
16/12/2023 07:15:00,0,,,,,,,,,,,,,,,,,,,
16/12/2023 07:00:00,0,,,,,,,,,,,,,,,,,,,
16/12/2023 06:45:00,0,,,,,,,,,,,,,,,,,,,
16/12/2023 06:30:00,0,,,,,,,,,,,,,,,,,,,
16/12/2023 06:15:00,0,,,,,,,,,,,,,,,,,,,
16/12/2023 06:00:00,0,,,,,,,,,,,,,,,,,,,
16/12/2023 05:45:00,0,,,,,,,,,,,,,,,,,,,
16/12/2023 05:30:00,0,,,,,,,,,,,,,,,,,,,
16/12/2023 05:15:00,0,,,,,,,,,,,,,,,,,,,
16/12/2023 05:00:00,0,,,,,,,,,,,,,,,,,,,
16/12/2023 04:45:00,0,,,,,,,,,,,,,,,,,,,
16/12/2023 04:30:00,0,,,,,,,,,,,,,,,,,,,
16/12/2023 04:15:00,0,,,,,,,,,,,,,,,,,,,
16/12/2023 04:00:00,0,,,,,,,,,,,,,,,,,,,
16/12/2023 03:45:00,0,,,,,,,,,,,,,,,,,,,
16/12/2023 03:30:00,0,,,,,,,,,,,,,,,,,,,
16/12/2023 03:15:00,0,,,,,,,,,,,,,,,,,,,
16/12/2023 03:00:00,0,,,,,,,,,,,,,,,,,,,
16/12/2023 02:45:00,0,,,,,,,,,,,,,,,,,,,
16/12/2023 02:30:00,0,,,,,,,,,,,,,,,,,,,
16/12/2023 02:15:00,0,,,,,,,,,,,,,,,,,,,
16/12/2023 02:00:00,0,,,,,,,,,,,,,,,,,,,
16/12/2023 01:45:00,0.2,,,,,,,,,,,,,,,,,,,
16/12/2023 01:30:00,0,,,,,,,,,,,,,,,,,,,
16/12/2023 01:15:00,0,,,,,,,,,,,,,,,,,,,
16/12/2023 01:00:00,0,,,,,,,,,,,,,,,,,,,
16/12/2023 00:45:00,0,,,,,,,,,,,,,,,,,,,
16/12/2023 00:30:00,0,,,,,,,,,,,,,,,,,,,
16/12/2023 00:15:00,0,,,,,,,,,,,,,,,,,,,
16/12/2023 00:00:00,0,,,,,,,,,,,,,,,,,,,
15/12/2023 23:45:00,0,,,,,,,,,,,,,,,,,,,
15/12/2023 23:30:00,0,,,,,,,,,,,,,,,,,,,
15/12/2023 23:15:00,0,,,,,,,,,,,,,,,,,,,
15/12/2023 23:00:00,0,,,,,,,,,,,,,,,,,,,
15/12/2023 22:45:00,0,,,,,,,,,,,,,,,,,,,
15/12/2023 22:30:00,0,,,,,,,,,,,,,,,,,,,
15/12/2023 22:15:00,0,,,,,,,,,,,,,,,,,,,
15/12/2023 22:00:00,0,,,,,,,,,,,,,,,,,,,
15/12/2023 21:45:00,0,,,,,,,,,,,,,,,,,,,
15/12/2023 21:30:00,0,,,,,,,,,,,,,,,,,,,
15/12/2023 21:15:00,0,,,,,,,,,,,,,,,,,,,
15/12/2023 21:00:00,0,,,,,,,,,,,,,,,,,,,
15/12/2023 20:45:00,0,,,,,,,,,,,,,,,,,,,
15/12/2023 20:30:00,0,,,,,,,,,,,,,,,,,,,
15/12/2023 20:15:00,0.2,,,,,,,,,,,,,,,,,,,
15/12/2023 20:00:00,0.8,,,,,,,,,,,,,,,,,,,
15/12/2023 19:45:00,0.8,,,,,,,,,,,,,,,,,,,
15/12/2023 19:30:00,0.8,,,,,,,,,,,,,,,,,,,
15/12/2023 19:15:00,0.6,,,,,,,,,,,,,,,,,,,
15/12/2023 19:00:00,0.4,,,,,,,,,,,,,,,,,,,
15/12/2023 18:45:00,0.4,,,,,,,,,,,,,,,,,,,
15/12/2023 18:30:00,1,,,,,,,,,,,,,,,,,,,
15/12/2023 18:15:00,20,,,,,,,,,,,,,,,,,,,
15/12/2023 18:00:00,9.8,,,,,,,,,,,,,,,,,,,
15/12/2023 17:45:00,0,,,,,,,,,,,,,,,,,,,
15/12/2023 17:30:00,0,,,,,,,,,,,,,,,,,,,
15/12/2023 17:15:00,0,,,,,,,,,,,,,,,,,,,
15/12/2023 17:00:00,0,,,,,,,,,,,,,,,,,,,
15/12/2023 16:45:00,0,,,,,,,,,,,,,,,,,,,
15/12/2023 16:30:00,0,,,,,,,,,,,,,,,,,,,
15/12/2023 16:15:00,0,,,,,,,,,,,,,,,,,,,
15/12/2023 16:00:00,0,,,,,,,,,,,,,,,,,,,
15/12/2023 15:45:00,0,,,,,,,,,,,,,,,,,,,
15/12/2023 15:30:00,0,,,,,,,,,,,,,,,,,,,
15/12/2023 15:15:00,0,,,,,,,,,,,,,,,,,,,
15/12/2023 15:00:00,0,,,,,,,,,,,,,,,,,,,
15/12/2023 14:45:00,0,,,,,,,,,,,,,,,,,,,
15/12/2023 14:30:00,0,,,,,,,,,,,,,,,,,,,
15/12/2023 14:15:00,0,,,,,,,,,,,,,,,,,,,
15/12/2023 14:00:00,0,,,,,,,,,,,,,,,,,,,
15/12/2023 13:45:00,0,,,,,,,,,,,,,,,,,,,
15/12/2023 13:30:00,0,,,,,,,,,,,,,,,,,,,
15/12/2023 13:15:00,0,,,,,,,,,,,,,,,,,,,
15/12/2023 13:00:00,0,,,,,,,,,,,,,,,,,,,
15/12/2023 12:45:00,0,,,,,,,,,,,,,,,,,,,
15/12/2023 12:30:00,0,,,,,,,,,,,,,,,,,,,
15/12/2023 12:15:00,0,,,,,,,,,,,,,,,,,,,
15/12/2023 12:00:00,0,,,,,,,,,,,,,,,,,,,
15/12/2023 11:45:00,0,,,,,,,,,,,,,,,,,,,
15/12/2023 11:30:00,0,,,,,,,,,,,,,,,,,,,
15/12/2023 11:15:00,0,,,,,,,,,,,,,,,,,,,
15/12/2023 11:00:00,0,,,,,,,,,,,,,,,,,,,
15/12/2023 10:45:00,0,,,,,,,,,,,,,,,,,,,
15/12/2023 10:30:00,0,,,,,,,,,,,,,,,,,,,
15/12/2023 10:15:00,0,,,,,,,,,,,,,,,,,,,
15/12/2023 10:00:00,0.2,,,,,,,,,,,,,,,,,,,
15/12/2023 09:45:00,0,,,,,,,,,,,,,,,,,,,
15/12/2023 09:30:00,0,,,,,,,,,,,,,,,,,,,
15/12/2023 09:15:00,0,,,,,,,,,,,,,,,,,,,
15/12/2023 09:00:00,0,,,,,,,,,,,,,,,,,,,
15/12/2023 08:45:00,0,,,,,,,,,,,,,,,,,,,
15/12/2023 08:30:00,0,,,,,,,,,,,,,,,,,,,
15/12/2023 08:15:00,0,,,,,,,,,,,,,,,,,,,
15/12/2023 08:00:00,0,,,,,,,,,,,,,,,,,,,
15/12/2023 07:45:00,0,,,,,,,,,,,,,,,,,,,
15/12/2023 07:30:00,0,,,,,,,,,,,,,,,,,,,
15/12/2023 07:15:00,0,,,,,,,,,,,,,,,,,,,
15/12/2023 07:00:00,0,,,,,,,,,,,,,,,,,,,
15/12/2023 06:45:00,0,,,,,,,,,,,,,,,,,,,
15/12/2023 06:30:00,0,,,,,,,,,,,,,,,,,,,
15/12/2023 06:15:00,0,,,,,,,,,,,,,,,,,,,
15/12/2023 06:00:00,0,,,,,,,,,,,,,,,,,,,
15/12/2023 05:45:00,0,,,,,,,,,,,,,,,,,,,
15/12/2023 05:30:00,0,,,,,,,,,,,,,,,,,,,
15/12/2023 05:15:00,0,,,,,,,,,,,,,,,,,,,
15/12/2023 05:00:00,0,,,,,,,,,,,,,,,,,,,
15/12/2023 04:45:00,0,,,,,,,,,,,,,,,,,,,
15/12/2023 04:30:00,0,,,,,,,,,,,,,,,,,,,
15/12/2023 04:15:00,0,,,,,,,,,,,,,,,,,,,
15/12/2023 04:00:00,0,,,,,,,,,,,,,,,,,,,
15/12/2023 03:45:00,0,,,,,,,,,,,,,,,,,,,
15/12/2023 03:30:00,0,,,,,,,,,,,,,,,,,,,
15/12/2023 03:15:00,0,,,,,,,,,,,,,,,,,,,
15/12/2023 03:00:00,0,,,,,,,,,,,,,,,,,,,
15/12/2023 02:45:00,0,,,,,,,,,,,,,,,,,,,
15/12/2023 02:30:00,0,,,,,,,,,,,,,,,,,,,
15/12/2023 02:15:00,0,,,,,,,,,,,,,,,,,,,
15/12/2023 02:00:00,0,,,,,,,,,,,,,,,,,,,
15/12/2023 01:45:00,0,,,,,,,,,,,,,,,,,,,
15/12/2023 01:30:00,0,,,,,,,,,,,,,,,,,,,
15/12/2023 01:15:00,0,,,,,,,,,,,,,,,,,,,
15/12/2023 01:00:00,0,,,,,,,,,,,,,,,,,,,
15/12/2023 00:45:00,0,,,,,,,,,,,,,,,,,,,
15/12/2023 00:30:00,0,,,,,,,,,,,,,,,,,,,
15/12/2023 00:15:00,0,,,,,,,,,,,,,,,,,,,
15/12/2023 00:00:00,0,,,,,,,,,,,,,,,,,,,
14/12/2023 23:45:00,0,,,,,,,,,,,,,,,,,,,
14/12/2023 23:30:00,0,,,,,,,,,,,,,,,,,,,
14/12/2023 23:15:00,0,,,,,,,,,,,,,,,,,,,
14/12/2023 23:00:00,0,,,,,,,,,,,,,,,,,,,
14/12/2023 22:45:00,0,,,,,,,,,,,,,,,,,,,
14/12/2023 22:30:00,0,,,,,,,,,,,,,,,,,,,
14/12/2023 22:15:00,0,,,,,,,,,,,,,,,,,,,
14/12/2023 22:00:00,0,,,,,,,,,,,,,,,,,,,
14/12/2023 21:45:00,0,,,,,,,,,,,,,,,,,,,
14/12/2023 21:30:00,0,,,,,,,,,,,,,,,,,,,
14/12/2023 21:15:00,0,,,,,,,,,,,,,,,,,,,
14/12/2023 21:00:00,0.6,,,,,,,,,,,,,,,,,,,
14/12/2023 20:45:00,0,,,,,,,,,,,,,,,,,,,
14/12/2023 20:30:00,0.8,,,,,,,,,,,,,,,,,,,
14/12/2023 20:15:00,0.4,,,,,,,,,,,,,,,,,,,
14/12/2023 20:00:00,0.2,,,,,,,,,,,,,,,,,,,
14/12/2023 19:45:00,0,,,,,,,,,,,,,,,,,,,
14/12/2023 19:30:00,0,,,,,,,,,,,,,,,,,,,
14/12/2023 19:15:00,0,,,,,,,,,,,,,,,,,,,
14/12/2023 19:00:00,0,,,,,,,,,,,,,,,,,,,
14/12/2023 18:45:00,0,,,,,,,,,,,,,,,,,,,
14/12/2023 18:30:00,0,,,,,,,,,,,,,,,,,,,
14/12/2023 18:15:00,0,,,,,,,,,,,,,,,,,,,
14/12/2023 18:00:00,0.2,,,,,,,,,,,,,,,,,,,
14/12/2023 17:45:00,1,,,,,,,,,,,,,,,,,,,
14/12/2023 17:30:00,0.2,,,,,,,,,,,,,,,,,,,
14/12/2023 17:15:00,3.4,,,,,,,,,,,,,,,,,,,
14/12/2023 17:00:00,0,,,,,,,,,,,,,,,,,,,
14/12/2023 16:45:00,0,,,,,,,,,,,,,,,,,,,
14/12/2023 16:30:00,0,,,,,,,,,,,,,,,,,,,
14/12/2023 16:15:00,0,,,,,,,,,,,,,,,,,,,
14/12/2023 16:00:00,0,,,,,,,,,,,,,,,,,,,
14/12/2023 15:45:00,0,,,,,,,,,,,,,,,,,,,
14/12/2023 15:30:00,0,,,,,,,,,,,,,,,,,,,
14/12/2023 15:15:00,0,,,,,,,,,,,,,,,,,,,
14/12/2023 15:00:00,0,,,,,,,,,,,,,,,,,,,
14/12/2023 14:45:00,0,,,,,,,,,,,,,,,,,,,
14/12/2023 14:30:00,0,,,,,,,,,,,,,,,,,,,
14/12/2023 14:15:00,0,,,,,,,,,,,,,,,,,,,
14/12/2023 14:00:00,0,,,,,,,,,,,,,,,,,,,
14/12/2023 13:45:00,0,,,,,,,,,,,,,,,,,,,
14/12/2023 13:30:00,0,,,,,,,,,,,,,,,,,,,
14/12/2023 13:15:00,0,,,,,,,,,,,,,,,,,,,
14/12/2023 13:00:00,0,,,,,,,,,,,,,,,,,,,
14/12/2023 12:45:00,0,,,,,,,,,,,,,,,,,,,
14/12/2023 12:30:00,0,,,,,,,,,,,,,,,,,,,
14/12/2023 12:15:00,0,,,,,,,,,,,,,,,,,,,
14/12/2023 12:00:00,0,,,,,,,,,,,,,,,,,,,
14/12/2023 11:45:00,0,,,,,,,,,,,,,,,,,,,
14/12/2023 11:30:00,0,,,,,,,,,,,,,,,,,,,
14/12/2023 11:15:00,0,,,,,,,,,,,,,,,,,,,
14/12/2023 11:00:00,0,,,,,,,,,,,,,,,,,,,
14/12/2023 10:45:00,0,,,,,,,,,,,,,,,,,,,
14/12/2023 10:30:00,0,,,,,,,,,,,,,,,,,,,
14/12/2023 10:15:00,0,,,,,,,,,,,,,,,,,,,
14/12/2023 10:00:00,0,,,,,,,,,,,,,,,,,,,
14/12/2023 09:45:00,0,,,,,,,,,,,,,,,,,,,
14/12/2023 09:30:00,0,,,,,,,,,,,,,,,,,,,
14/12/2023 09:15:00,0,,,,,,,,,,,,,,,,,,,
14/12/2023 09:00:00,0,,,,,,,,,,,,,,,,,,,
14/12/2023 08:45:00,0,,,,,,,,,,,,,,,,,,,
14/12/2023 08:30:00,0,,,,,,,,,,,,,,,,,,,
14/12/2023 08:15:00,0,,,,,,,,,,,,,,,,,,,
14/12/2023 08:00:00,0,,,,,,,,,,,,,,,,,,,
14/12/2023 07:45:00,0,,,,,,,,,,,,,,,,,,,
14/12/2023 07:30:00,0,,,,,,,,,,,,,,,,,,,
14/12/2023 07:15:00,0,,,,,,,,,,,,,,,,,,,
14/12/2023 07:00:00,0,,,,,,,,,,,,,,,,,,,
14/12/2023 06:45:00,0,,,,,,,,,,,,,,,,,,,
14/12/2023 06:30:00,0,,,,,,,,,,,,,,,,,,,
14/12/2023 06:15:00,0,,,,,,,,,,,,,,,,,,,
14/12/2023 06:00:00,0,,,,,,,,,,,,,,,,,,,
14/12/2023 05:45:00,0,,,,,,,,,,,,,,,,,,,
14/12/2023 05:30:00,0,,,,,,,,,,,,,,,,,,,
14/12/2023 05:15:00,0,,,,,,,,,,,,,,,,,,,
14/12/2023 05:00:00,0,,,,,,,,,,,,,,,,,,,
14/12/2023 04:45:00,0,,,,,,,,,,,,,,,,,,,
14/12/2023 04:30:00,0,,,,,,,,,,,,,,,,,,,
14/12/2023 04:15:00,0,,,,,,,,,,,,,,,,,,,
14/12/2023 04:00:00,0,,,,,,,,,,,,,,,,,,,
14/12/2023 03:45:00,0,,,,,,,,,,,,,,,,,,,
14/12/2023 03:30:00,0,,,,,,,,,,,,,,,,,,,
14/12/2023 03:15:00,0,,,,,,,,,,,,,,,,,,,
14/12/2023 03:00:00,0,,,,,,,,,,,,,,,,,,,
14/12/2023 02:45:00,0,,,,,,,,,,,,,,,,,,,
14/12/2023 02:30:00,0,,,,,,,,,,,,,,,,,,,
14/12/2023 02:15:00,0,,,,,,,,,,,,,,,,,,,
14/12/2023 02:00:00,0,,,,,,,,,,,,,,,,,,,
14/12/2023 01:45:00,0,,,,,,,,,,,,,,,,,,,
14/12/2023 01:30:00,0,,,,,,,,,,,,,,,,,,,
14/12/2023 01:15:00,0,,,,,,,,,,,,,,,,,,,
14/12/2023 01:00:00,0,,,,,,,,,,,,,,,,,,,
14/12/2023 00:45:00,0,,,,,,,,,,,,,,,,,,,
14/12/2023 00:30:00,0,,,,,,,,,,,,,,,,,,,
14/12/2023 00:15:00,0,,,,,,,,,,,,,,,,,,,
14/12/2023 00:00:00,0,,,,,,,,,,,,,,,,,,,
13/12/2023 23:45:00,0,,,,,,,,,,,,,,,,,,,
13/12/2023 23:30:00,0,,,,,,,,,,,,,,,,,,,
13/12/2023 23:15:00,0,,,,,,,,,,,,,,,,,,,
13/12/2023 23:00:00,0,,,,,,,,,,,,,,,,,,,
13/12/2023 22:45:00,0,,,,,,,,,,,,,,,,,,,
13/12/2023 22:30:00,0,,,,,,,,,,,,,,,,,,,
13/12/2023 22:15:00,0,,,,,,,,,,,,,,,,,,,
13/12/2023 22:00:00,0,,,,,,,,,,,,,,,,,,,
13/12/2023 21:45:00,0,,,,,,,,,,,,,,,,,,,
13/12/2023 21:30:00,0,,,,,,,,,,,,,,,,,,,
13/12/2023 21:15:00,0,,,,,,,,,,,,,,,,,,,
13/12/2023 21:00:00,0,,,,,,,,,,,,,,,,,,,
13/12/2023 20:45:00,0,,,,,,,,,,,,,,,,,,,
13/12/2023 20:30:00,0,,,,,,,,,,,,,,,,,,,
13/12/2023 20:15:00,0,,,,,,,,,,,,,,,,,,,
13/12/2023 20:00:00,0,,,,,,,,,,,,,,,,,,,
13/12/2023 19:45:00,0,,,,,,,,,,,,,,,,,,,
13/12/2023 19:30:00,0,,,,,,,,,,,,,,,,,,,
13/12/2023 19:15:00,0,,,,,,,,,,,,,,,,,,,
13/12/2023 19:00:00,0,,,,,,,,,,,,,,,,,,,
13/12/2023 18:45:00,0,,,,,,,,,,,,,,,,,,,
13/12/2023 18:30:00,0,,,,,,,,,,,,,,,,,,,
13/12/2023 18:15:00,0,,,,,,,,,,,,,,,,,,,
13/12/2023 18:00:00,0,,,,,,,,,,,,,,,,,,,
13/12/2023 17:45:00,0,,,,,,,,,,,,,,,,,,,
13/12/2023 17:30:00,0,,,,,,,,,,,,,,,,,,,
13/12/2023 17:15:00,0,,,,,,,,,,,,,,,,,,,
13/12/2023 17:00:00,0,,,,,,,,,,,,,,,,,,,
13/12/2023 16:45:00,0,,,,,,,,,,,,,,,,,,,
13/12/2023 16:30:00,0,,,,,,,,,,,,,,,,,,,
13/12/2023 16:15:00,0,,,,,,,,,,,,,,,,,,,
13/12/2023 16:00:00,0,,,,,,,,,,,,,,,,,,,
13/12/2023 15:45:00,0,,,,,,,,,,,,,,,,,,,
13/12/2023 15:30:00,0,,,,,,,,,,,,,,,,,,,
13/12/2023 15:15:00,0,,,,,,,,,,,,,,,,,,,
13/12/2023 15:00:00,0,,,,,,,,,,,,,,,,,,,
13/12/2023 14:45:00,0,,,,,,,,,,,,,,,,,,,
13/12/2023 14:30:00,0,,,,,,,,,,,,,,,,,,,
13/12/2023 14:15:00,0,,,,,,,,,,,,,,,,,,,
13/12/2023 14:00:00,0,,,,,,,,,,,,,,,,,,,
13/12/2023 13:45:00,0,,,,,,,,,,,,,,,,,,,
13/12/2023 13:30:00,0,,,,,,,,,,,,,,,,,,,
13/12/2023 13:15:00,0,,,,,,,,,,,,,,,,,,,
13/12/2023 13:00:00,0,,,,,,,,,,,,,,,,,,,
13/12/2023 12:45:00,0,,,,,,,,,,,,,,,,,,,
13/12/2023 12:30:00,0,,,,,,,,,,,,,,,,,,,
13/12/2023 12:15:00,0,,,,,,,,,,,,,,,,,,,
13/12/2023 12:00:00,0,,,,,,,,,,,,,,,,,,,
13/12/2023 11:45:00,0,,,,,,,,,,,,,,,,,,,
13/12/2023 11:30:00,0,,,,,,,,,,,,,,,,,,,
13/12/2023 11:15:00,0,,,,,,,,,,,,,,,,,,,
13/12/2023 11:00:00,0,,,,,,,,,,,,,,,,,,,
13/12/2023 10:45:00,0,,,,,,,,,,,,,,,,,,,
13/12/2023 10:30:00,0,,,,,,,,,,,,,,,,,,,
13/12/2023 10:15:00,0,,,,,,,,,,,,,,,,,,,
13/12/2023 10:00:00,0,,,,,,,,,,,,,,,,,,,
13/12/2023 09:45:00,0,,,,,,,,,,,,,,,,,,,
13/12/2023 09:30:00,0,,,,,,,,,,,,,,,,,,,
13/12/2023 09:15:00,0,,,,,,,,,,,,,,,,,,,
13/12/2023 09:00:00,0,,,,,,,,,,,,,,,,,,,
13/12/2023 08:45:00,0,,,,,,,,,,,,,,,,,,,
13/12/2023 08:30:00,0,,,,,,,,,,,,,,,,,,,
13/12/2023 08:15:00,0,,,,,,,,,,,,,,,,,,,
13/12/2023 08:00:00,0,,,,,,,,,,,,,,,,,,,
13/12/2023 07:45:00,0,,,,,,,,,,,,,,,,,,,
13/12/2023 07:30:00,0,,,,,,,,,,,,,,,,,,,
13/12/2023 07:15:00,0,,,,,,,,,,,,,,,,,,,
13/12/2023 07:00:00,0,,,,,,,,,,,,,,,,,,,
13/12/2023 06:45:00,0,,,,,,,,,,,,,,,,,,,
13/12/2023 06:30:00,0,,,,,,,,,,,,,,,,,,,
13/12/2023 06:15:00,0,,,,,,,,,,,,,,,,,,,
13/12/2023 06:00:00,0,,,,,,,,,,,,,,,,,,,
13/12/2023 05:45:00,0,,,,,,,,,,,,,,,,,,,
13/12/2023 05:30:00,0,,,,,,,,,,,,,,,,,,,
13/12/2023 05:15:00,0,,,,,,,,,,,,,,,,,,,
13/12/2023 05:00:00,0,,,,,,,,,,,,,,,,,,,
13/12/2023 04:45:00,0,,,,,,,,,,,,,,,,,,,
13/12/2023 04:30:00,0,,,,,,,,,,,,,,,,,,,
13/12/2023 04:15:00,0,,,,,,,,,,,,,,,,,,,
13/12/2023 04:00:00,0,,,,,,,,,,,,,,,,,,,
13/12/2023 03:45:00,0,,,,,,,,,,,,,,,,,,,
13/12/2023 03:30:00,0,,,,,,,,,,,,,,,,,,,
13/12/2023 03:15:00,0,,,,,,,,,,,,,,,,,,,
13/12/2023 03:00:00,0,,,,,,,,,,,,,,,,,,,
13/12/2023 02:45:00,0,,,,,,,,,,,,,,,,,,,
13/12/2023 02:30:00,0,,,,,,,,,,,,,,,,,,,
13/12/2023 02:15:00,0,,,,,,,,,,,,,,,,,,,
13/12/2023 02:00:00,0,,,,,,,,,,,,,,,,,,,
13/12/2023 01:45:00,0,,,,,,,,,,,,,,,,,,,
13/12/2023 01:30:00,0,,,,,,,,,,,,,,,,,,,
13/12/2023 01:15:00,0,,,,,,,,,,,,,,,,,,,
13/12/2023 01:00:00,0,,,,,,,,,,,,,,,,,,,
13/12/2023 00:45:00,0,,,,,,,,,,,,,,,,,,,
13/12/2023 00:30:00,0,,,,,,,,,,,,,,,,,,,
13/12/2023 00:15:00,0,,,,,,,,,,,,,,,,,,,
13/12/2023 00:00:00,0,,,,,,,,,,,,,,,,,,,
12/12/2023 23:45,0,,,,,,,,,,,,,,,,,,,
12/12/2023 23:30,0,,,,,,,,,,,,,,,,,,,
12/12/2023 23:15,0,,,,,,,,,,,,,,,,,,,
12/12/2023 23:00,0,,,,,,,,,,,,,,,,,,,
12/12/2023 22:45,0,,,,,,,,,,,,,,,,,,,
12/12/2023 22:30,0,,,,,,,,,,,,,,,,,,,
12/12/2023 22:15,0,,,,,,,,,,,,,,,,,,,
12/12/2023 22:00,0,,,,,,,,,,,,,,,,,,,
12/12/2023 21:45,0,,,,,,,,,,,,,,,,,,,
12/12/2023 21:30,0,,,,,,,,,,,,,,,,,,,
12/12/2023 21:15,0,,,,,,,,,,,,,,,,,,,
12/12/2023 21:00,0,,,,,,,,,,,,,,,,,,,
12/12/2023 20:45,0,,,,,,,,,,,,,,,,,,,
12/12/2023 20:30,0,,,,,,,,,,,,,,,,,,,
12/12/2023 20:15,0,,,,,,,,,,,,,,,,,,,
12/12/2023 20:00,0,,,,,,,,,,,,,,,,,,,
12/12/2023 19:45,0,,,,,,,,,,,,,,,,,,,
12/12/2023 19:30,0,,,,,,,,,,,,,,,,,,,
12/12/2023 19:15,0,,,,,,,,,,,,,,,,,,,
12/12/2023 19:00,0,,,,,,,,,,,,,,,,,,,
12/12/2023 18:45,0,,,,,,,,,,,,,,,,,,,
12/12/2023 18:30,0,,,,,,,,,,,,,,,,,,,
12/12/2023 18:15,0,,,,,,,,,,,,,,,,,,,
12/12/2023 18:00,0,,,,,,,,,,,,,,,,,,,
12/12/2023 17:45,0,,,,,,,,,,,,,,,,,,,
12/12/2023 17:30,0,,,,,,,,,,,,,,,,,,,
12/12/2023 17:15,0,,,,,,,,,,,,,,,,,,,
12/12/2023 17:00,0,,,,,,,,,,,,,,,,,,,
12/12/2023 16:45,0,,,,,,,,,,,,,,,,,,,
12/12/2023 16:30,0,,,,,,,,,,,,,,,,,,,
12/12/2023 16:15,0,,,,,,,,,,,,,,,,,,,
12/12/2023 16:00,0,,,,,,,,,,,,,,,,,,,
12/12/2023 15:45,0,,,,,,,,,,,,,,,,,,,
12/12/2023 15:30,0,,,,,,,,,,,,,,,,,,,
12/12/2023 15:15,0,,,,,,,,,,,,,,,,,,,
12/12/2023 15:00,0,,,,,,,,,,,,,,,,,,,
12/12/2023 14:45,0,,,,,,,,,,,,,,,,,,,
12/12/2023 14:30,0,,,,,,,,,,,,,,,,,,,
12/12/2023 14:15,0,,,,,,,,,,,,,,,,,,,
12/12/2023 14:00,0,,,,,,,,,,,,,,,,,,,
12/12/2023 13:45,0,,,,,,,,,,,,,,,,,,,
12/12/2023 13:30,0,,,,,,,,,,,,,,,,,,,
12/12/2023 13:15,0,,,,,,,,,,,,,,,,,,,
12/12/2023 13:00,0,,,,,,,,,,,,,,,,,,,
12/12/2023 12:45,0,,,,,,,,,,,,,,,,,,,
12/12/2023 12:30,0,,,,,,,,,,,,,,,,,,,
12/12/2023 12:15,0,,,,,,,,,,,,,,,,,,,
12/12/2023 12:00,0,,,,,,,,,,,,,,,,,,,
12/12/2023 11:45,0,,,,,,,,,,,,,,,,,,,
12/12/2023 11:30,0,,,,,,,,,,,,,,,,,,,
12/12/2023 11:15,0,,,,,,,,,,,,,,,,,,,
12/12/2023 11:00,0,,,,,,,,,,,,,,,,,,,
12/12/2023 10:45,0,,,,,,,,,,,,,,,,,,,
12/12/2023 10:30,0,,,,,,,,,,,,,,,,,,,
12/12/2023 10:15,0,,,,,,,,,,,,,,,,,,,
12/12/2023 10:00,0,,,,,,,,,,,,,,,,,,,
12/12/2023 9:45,0,,,,,,,,,,,,,,,,,,,
12/12/2023 9:30,0,,,,,,,,,,,,,,,,,,,
12/12/2023 9:15,0,,,,,,,,,,,,,,,,,,,
12/12/2023 9:00,0,,,,,,,,,,,,,,,,,,,
12/12/2023 8:45,0,,,,,,,,,,,,,,,,,,,
12/12/2023 8:30,0,,,,,,,,,,,,,,,,,,,
12/12/2023 8:15,0,,,,,,,,,,,,,,,,,,,
12/12/2023 8:00,0,,,,,,,,,,,,,,,,,,,
12/12/2023 7:45,0,,,,,,,,,,,,,,,,,,,
12/12/2023 7:30,0,,,,,,,,,,,,,,,,,,,
12/12/2023 7:15,0,,,,,,,,,,,,,,,,,,,
12/12/2023 7:00,0,,,,,,,,,,,,,,,,,,,
12/12/2023 6:45,0,,,,,,,,,,,,,,,,,,,
12/12/2023 6:30,0,,,,,,,,,,,,,,,,,,,
12/12/2023 6:15,0,,,,,,,,,,,,,,,,,,,
12/12/2023 6:00,0,,,,,,,,,,,,,,,,,,,
12/12/2023 5:45,0,,,,,,,,,,,,,,,,,,,
12/12/2023 5:30,0,,,,,,,,,,,,,,,,,,,
12/12/2023 5:15,0,,,,,,,,,,,,,,,,,,,
12/12/2023 5:00,0,,,,,,,,,,,,,,,,,,,
12/12/2023 4:45,0,,,,,,,,,,,,,,,,,,,
12/12/2023 4:30,0,,,,,,,,,,,,,,,,,,,
12/12/2023 4:15,0,,,,,,,,,,,,,,,,,,,
12/12/2023 4:00,0,,,,,,,,,,,,,,,,,,,
12/12/2023 3:45,0,,,,,,,,,,,,,,,,,,,
12/12/2023 3:30,0,,,,,,,,,,,,,,,,,,,
12/12/2023 3:15,0,,,,,,,,,,,,,,,,,,,
12/12/2023 3:00,0,,,,,,,,,,,,,,,,,,,
12/12/2023 2:45,0,,,,,,,,,,,,,,,,,,,
12/12/2023 2:30,0,,,,,,,,,,,,,,,,,,,
12/12/2023 2:15,0,,,,,,,,,,,,,,,,,,,
12/12/2023 2:00,0,,,,,,,,,,,,,,,,,,,
12/12/2023 1:45,0,,,,,,,,,,,,,,,,,,,
12/12/2023 1:30,0,,,,,,,,,,,,,,,,,,,
12/12/2023 1:15,0,,,,,,,,,,,,,,,,,,,
12/12/2023 1:00,0,,,,,,,,,,,,,,,,,,,
12/12/2023 0:45,0,,,,,,,,,,,,,,,,,,,
12/12/2023 0:30,0,,,,,,,,,,,,,,,,,,,
12/12/2023 0:15,0,,,,,,,,,,,,,,,,,,,
12/12/2023 0:00,0,,,,,,,,,,,,,,,,,,,
11/12/2023 23:45,0,,,,,,,,,,,,,,,,,,,
11/12/2023 23:30,0,,,,,,,,,,,,,,,,,,,
11/12/2023 23:15,0,,,,,,,,,,,,,,,,,,,
11/12/2023 23:00,0,,,,,,,,,,,,,,,,,,,
11/12/2023 22:45,0,,,,,,,,,,,,,,,,,,,
11/12/2023 22:30,0,,,,,,,,,,,,,,,,,,,
11/12/2023 22:15,0,,,,,,,,,,,,,,,,,,,
11/12/2023 22:00,0,,,,,,,,,,,,,,,,,,,
11/12/2023 21:45,0,,,,,,,,,,,,,,,,,,,
11/12/2023 21:30,0,,,,,,,,,,,,,,,,,,,
11/12/2023 21:15,0,,,,,,,,,,,,,,,,,,,
11/12/2023 21:00,0,,,,,,,,,,,,,,,,,,,
11/12/2023 20:45,0,,,,,,,,,,,,,,,,,,,
11/12/2023 20:30,0,,,,,,,,,,,,,,,,,,,
11/12/2023 20:15,0,,,,,,,,,,,,,,,,,,,
11/12/2023 20:00,0,,,,,,,,,,,,,,,,,,,
11/12/2023 19:45,0,,,,,,,,,,,,,,,,,,,
11/12/2023 19:30,0,,,,,,,,,,,,,,,,,,,
11/12/2023 19:15,0,,,,,,,,,,,,,,,,,,,
11/12/2023 19:00,0,,,,,,,,,,,,,,,,,,,
11/12/2023 18:45,0,,,,,,,,,,,,,,,,,,,
11/12/2023 18:30,0,,,,,,,,,,,,,,,,,,,
11/12/2023 18:15,0,,,,,,,,,,,,,,,,,,,
11/12/2023 18:00,0,,,,,,,,,,,,,,,,,,,
11/12/2023 17:45,0,,,,,,,,,,,,,,,,,,,
11/12/2023 17:30,0,,,,,,,,,,,,,,,,,,,
11/12/2023 17:15,0,,,,,,,,,,,,,,,,,,,
11/12/2023 17:00,0,,,,,,,,,,,,,,,,,,,
11/12/2023 16:45,0,,,,,,,,,,,,,,,,,,,
11/12/2023 16:30,0,,,,,,,,,,,,,,,,,,,
11/12/2023 16:15,0,,,,,,,,,,,,,,,,,,,
11/12/2023 16:00,0,,,,,,,,,,,,,,,,,,,
11/12/2023 15:45,0,,,,,,,,,,,,,,,,,,,
11/12/2023 15:30,0,,,,,,,,,,,,,,,,,,,
11/12/2023 15:15,0,,,,,,,,,,,,,,,,,,,
11/12/2023 15:00,0,,,,,,,,,,,,,,,,,,,
11/12/2023 14:45,0,,,,,,,,,,,,,,,,,,,
11/12/2023 14:30,0,,,,,,,,,,,,,,,,,,,
11/12/2023 14:15,0,,,,,,,,,,,,,,,,,,,
11/12/2023 14:00,0,,,,,,,,,,,,,,,,,,,
11/12/2023 13:45,0,,,,,,,,,,,,,,,,,,,
11/12/2023 13:30,0,,,,,,,,,,,,,,,,,,,
11/12/2023 13:15,0,,,,,,,,,,,,,,,,,,,
11/12/2023 13:00,0,,,,,,,,,,,,,,,,,,,
11/12/2023 12:45,0,,,,,,,,,,,,,,,,,,,
11/12/2023 12:30,0,,,,,,,,,,,,,,,,,,,
11/12/2023 12:15,0,,,,,,,,,,,,,,,,,,,
11/12/2023 12:00,0,,,,,,,,,,,,,,,,,,,
11/12/2023 11:45,0,,,,,,,,,,,,,,,,,,,
11/12/2023 11:30,0,,,,,,,,,,,,,,,,,,,
11/12/2023 11:15,0,,,,,,,,,,,,,,,,,,,
11/12/2023 11:00,0,,,,,,,,,,,,,,,,,,,
11/12/2023 10:45,0,,,,,,,,,,,,,,,,,,,
11/12/2023 10:30,0,,,,,,,,,,,,,,,,,,,
11/12/2023 10:15,0,,,,,,,,,,,,,,,,,,,
11/12/2023 10:00,0,,,,,,,,,,,,,,,,,,,
11/12/2023 9:45,0,,,,,,,,,,,,,,,,,,,
11/12/2023 9:30,0,,,,,,,,,,,,,,,,,,,
11/12/2023 9:15,0,,,,,,,,,,,,,,,,,,,
11/12/2023 9:00,0,,,,,,,,,,,,,,,,,,,
11/12/2023 8:45,0,,,,,,,,,,,,,,,,,,,
11/12/2023 8:30,0,,,,,,,,,,,,,,,,,,,
11/12/2023 8:15,0,,,,,,,,,,,,,,,,,,,
11/12/2023 8:00,0,,,,,,,,,,,,,,,,,,,
11/12/2023 7:45,0,,,,,,,,,,,,,,,,,,,
11/12/2023 7:30,0,,,,,,,,,,,,,,,,,,,
11/12/2023 7:15,0,,,,,,,,,,,,,,,,,,,
11/12/2023 7:00,0,,,,,,,,,,,,,,,,,,,
11/12/2023 6:45,0,,,,,,,,,,,,,,,,,,,
11/12/2023 6:30,0,,,,,,,,,,,,,,,,,,,
11/12/2023 6:15,0,,,,,,,,,,,,,,,,,,,
11/12/2023 6:00,0,,,,,,,,,,,,,,,,,,,
11/12/2023 5:45,0,,,,,,,,,,,,,,,,,,,
11/12/2023 5:30,0,,,,,,,,,,,,,,,,,,,
11/12/2023 5:15,0,,,,,,,,,,,,,,,,,,,
11/12/2023 5:00,0,,,,,,,,,,,,,,,,,,,
11/12/2023 4:45,0,,,,,,,,,,,,,,,,,,,
11/12/2023 4:30,0,,,,,,,,,,,,,,,,,,,
11/12/2023 4:15,0,,,,,,,,,,,,,,,,,,,
11/12/2023 4:00,0,,,,,,,,,,,,,,,,,,,
11/12/2023 3:45,0,,,,,,,,,,,,,,,,,,,
11/12/2023 3:30,0,,,,,,,,,,,,,,,,,,,
11/12/2023 3:15,0,,,,,,,,,,,,,,,,,,,
11/12/2023 3:00,0,,,,,,,,,,,,,,,,,,,
11/12/2023 2:45,0,,,,,,,,,,,,,,,,,,,
11/12/2023 2:30,0,,,,,,,,,,,,,,,,,,,
11/12/2023 2:15,0,,,,,,,,,,,,,,,,,,,
11/12/2023 2:00,0,,,,,,,,,,,,,,,,,,,
11/12/2023 1:45,0,,,,,,,,,,,,,,,,,,,
11/12/2023 1:30,0,,,,,,,,,,,,,,,,,,,
11/12/2023 1:15,0,,,,,,,,,,,,,,,,,,,
11/12/2023 1:00,0,,,,,,,,,,,,,,,,,,,
11/12/2023 0:45,0,,,,,,,,,,,,,,,,,,,
11/12/2023 0:30,0,,,,,,,,,,,,,,,,,,,
11/12/2023 0:15,0,,,,,,,,,,,,,,,,,,,
11/12/2023 0:00,0,,,,,,,,,,,,,,,,,,,
10/12/2023 23:45,0,,,,,,,,,,,,,,,,,,,
10/12/2023 23:30,0,,,,,,,,,,,,,,,,,,,
10/12/2023 23:15,0,,,,,,,,,,,,,,,,,,,
10/12/2023 23:00,0,,,,,,,,,,,,,,,,,,,
10/12/2023 22:45,0,,,,,,,,,,,,,,,,,,,
10/12/2023 22:30,0,,,,,,,,,,,,,,,,,,,
10/12/2023 22:15,0,,,,,,,,,,,,,,,,,,,
10/12/2023 22:00,0,,,,,,,,,,,,,,,,,,,
10/12/2023 21:45,0,,,,,,,,,,,,,,,,,,,
10/12/2023 21:30,0,,,,,,,,,,,,,,,,,,,
10/12/2023 21:15,0,,,,,,,,,,,,,,,,,,,
10/12/2023 21:00,0,,,,,,,,,,,,,,,,,,,
10/12/2023 20:45,0,,,,,,,,,,,,,,,,,,,
10/12/2023 20:30,0,,,,,,,,,,,,,,,,,,,
10/12/2023 20:15,0,,,,,,,,,,,,,,,,,,,
10/12/2023 20:00,0,,,,,,,,,,,,,,,,,,,
10/12/2023 19:45,0,,,,,,,,,,,,,,,,,,,
10/12/2023 19:30,0,,,,,,,,,,,,,,,,,,,
10/12/2023 19:15,0,,,,,,,,,,,,,,,,,,,
10/12/2023 19:00,0,,,,,,,,,,,,,,,,,,,
10/12/2023 18:45,0,,,,,,,,,,,,,,,,,,,
10/12/2023 18:30,0,,,,,,,,,,,,,,,,,,,
10/12/2023 18:15,0,,,,,,,,,,,,,,,,,,,
10/12/2023 18:00,0,,,,,,,,,,,,,,,,,,,
10/12/2023 17:45,0,,,,,,,,,,,,,,,,,,,
10/12/2023 17:30,0,,,,,,,,,,,,,,,,,,,
10/12/2023 17:15,0,,,,,,,,,,,,,,,,,,,
10/12/2023 17:00,0,,,,,,,,,,,,,,,,,,,
10/12/2023 16:45,0,,,,,,,,,,,,,,,,,,,
10/12/2023 16:30,0,,,,,,,,,,,,,,,,,,,
10/12/2023 16:15,0,,,,,,,,,,,,,,,,,,,
10/12/2023 16:00,0,,,,,,,,,,,,,,,,,,,
10/12/2023 15:45,0,,,,,,,,,,,,,,,,,,,
10/12/2023 15:30,0,,,,,,,,,,,,,,,,,,,
10/12/2023 15:15,0.4,,,,,,,,,,,,,,,,,,,
10/12/2023 15:00,0,,,,,,,,,,,,,,,,,,,
10/12/2023 14:45,0,,,,,,,,,,,,,,,,,,,
10/12/2023 14:30,0,,,,,,,,,,,,,,,,,,,
10/12/2023 14:15,0,,,,,,,,,,,,,,,,,,,
10/12/2023 14:00,0,,,,,,,,,,,,,,,,,,,
10/12/2023 13:45,0,,,,,,,,,,,,,,,,,,,
10/12/2023 13:30,0,,,,,,,,,,,,,,,,,,,
10/12/2023 13:15,0,,,,,,,,,,,,,,,,,,,
10/12/2023 13:00,0,,,,,,,,,,,,,,,,,,,
10/12/2023 12:45,0.4,,,,,,,,,,,,,,,,,,,
10/12/2023 12:30,0,,,,,,,,,,,,,,,,,,,
10/12/2023 12:15,1.6,,,,,,,,,,,,,,,,,,,
10/12/2023 12:00,0,,,,,,,,,,,,,,,,,,,
10/12/2023 11:45,0,,,,,,,,,,,,,,,,,,,
10/12/2023 11:30,0,,,,,,,,,,,,,,,,,,,
10/12/2023 11:15,0,,,,,,,,,,,,,,,,,,,
10/12/2023 11:00,0,,,,,,,,,,,,,,,,,,,
10/12/2023 10:45,0,,,,,,,,,,,,,,,,,,,
10/12/2023 10:30,0,,,,,,,,,,,,,,,,,,,
10/12/2023 10:15,0,,,,,,,,,,,,,,,,,,,
10/12/2023 10:00,0,,,,,,,,,,,,,,,,,,,
10/12/2023 9:45,0,,,,,,,,,,,,,,,,,,,
10/12/2023 9:30,0,,,,,,,,,,,,,,,,,,,
10/12/2023 9:15,0,,,,,,,,,,,,,,,,,,,
10/12/2023 9:00,0,,,,,,,,,,,,,,,,,,,
10/12/2023 8:45,0,,,,,,,,,,,,,,,,,,,
10/12/2023 8:30,0,,,,,,,,,,,,,,,,,,,
10/12/2023 8:15,0,,,,,,,,,,,,,,,,,,,
10/12/2023 8:00,0,,,,,,,,,,,,,,,,,,,
10/12/2023 7:45,0,,,,,,,,,,,,,,,,,,,
10/12/2023 7:30,0,,,,,,,,,,,,,,,,,,,
10/12/2023 7:15,0,,,,,,,,,,,,,,,,,,,
10/12/2023 7:00,0,,,,,,,,,,,,,,,,,,,
10/12/2023 6:45,0,,,,,,,,,,,,,,,,,,,
10/12/2023 6:30,0,,,,,,,,,,,,,,,,,,,
10/12/2023 6:15,0,,,,,,,,,,,,,,,,,,,
10/12/2023 6:00,0,,,,,,,,,,,,,,,,,,,
10/12/2023 5:45,0,,,,,,,,,,,,,,,,,,,
10/12/2023 5:30,0,,,,,,,,,,,,,,,,,,,
10/12/2023 5:15,0,,,,,,,,,,,,,,,,,,,
10/12/2023 5:00,0,,,,,,,,,,,,,,,,,,,
10/12/2023 4:45,0,,,,,,,,,,,,,,,,,,,
10/12/2023 4:30,0,,,,,,,,,,,,,,,,,,,
10/12/2023 4:15,0,,,,,,,,,,,,,,,,,,,
10/12/2023 4:00,0,,,,,,,,,,,,,,,,,,,
10/12/2023 3:45,0,,,,,,,,,,,,,,,,,,,
10/12/2023 3:30,0,,,,,,,,,,,,,,,,,,,
10/12/2023 3:15,0,,,,,,,,,,,,,,,,,,,
10/12/2023 3:00,0,,,,,,,,,,,,,,,,,,,
10/12/2023 2:45,0,,,,,,,,,,,,,,,,,,,
10/12/2023 2:30,0,,,,,,,,,,,,,,,,,,,
10/12/2023 2:15,0,,,,,,,,,,,,,,,,,,,
10/12/2023 2:00,0,,,,,,,,,,,,,,,,,,,
10/12/2023 1:45,0,,,,,,,,,,,,,,,,,,,
10/12/2023 1:30,0,,,,,,,,,,,,,,,,,,,
10/12/2023 1:15,0,,,,,,,,,,,,,,,,,,,
10/12/2023 1:00,0,,,,,,,,,,,,,,,,,,,
10/12/2023 0:45,0,,,,,,,,,,,,,,,,,,,
10/12/2023 0:30,0,,,,,,,,,,,,,,,,,,,
10/12/2023 0:15,0,,,,,,,,,,,,,,,,,,,
10/12/2023 0:00,0,,,,,,,,,,,,,,,,,,,
9/12/2023 23:45,0,,,,,,,,,,,,,,,,,,,
9/12/2023 23:30,0,,,,,,,,,,,,,,,,,,,
9/12/2023 23:15,0,,,,,,,,,,,,,,,,,,,
9/12/2023 23:00,0,,,,,,,,,,,,,,,,,,,
9/12/2023 22:45,0,,,,,,,,,,,,,,,,,,,
9/12/2023 22:30,0,,,,,,,,,,,,,,,,,,,
9/12/2023 22:15,0,,,,,,,,,,,,,,,,,,,
9/12/2023 22:00,0,,,,,,,,,,,,,,,,,,,
9/12/2023 21:45,0,,,,,,,,,,,,,,,,,,,
9/12/2023 21:30,0,,,,,,,,,,,,,,,,,,,
9/12/2023 21:15,0,,,,,,,,,,,,,,,,,,,
9/12/2023 21:00,0,,,,,,,,,,,,,,,,,,,
9/12/2023 20:45,0,,,,,,,,,,,,,,,,,,,
9/12/2023 20:30,0,,,,,,,,,,,,,,,,,,,
9/12/2023 20:15,0,,,,,,,,,,,,,,,,,,,
9/12/2023 20:00,0,,,,,,,,,,,,,,,,,,,
9/12/2023 19:45,0,,,,,,,,,,,,,,,,,,,
9/12/2023 19:30,0,,,,,,,,,,,,,,,,,,,
9/12/2023 19:15,0,,,,,,,,,,,,,,,,,,,
9/12/2023 19:00,0,,,,,,,,,,,,,,,,,,,
9/12/2023 18:45,0,,,,,,,,,,,,,,,,,,,
9/12/2023 18:30,0,,,,,,,,,,,,,,,,,,,
9/12/2023 18:15,0,,,,,,,,,,,,,,,,,,,
9/12/2023 18:00,0,,,,,,,,,,,,,,,,,,,
9/12/2023 17:45,0,,,,,,,,,,,,,,,,,,,
9/12/2023 17:30,0,,,,,,,,,,,,,,,,,,,
9/12/2023 17:15,0,,,,,,,,,,,,,,,,,,,
9/12/2023 17:00,0,,,,,,,,,,,,,,,,,,,
9/12/2023 16:45,0,,,,,,,,,,,,,,,,,,,
9/12/2023 16:30,0,,,,,,,,,,,,,,,,,,,
9/12/2023 16:15,0,,,,,,,,,,,,,,,,,,,
9/12/2023 16:00,0,,,,,,,,,,,,,,,,,,,
9/12/2023 15:45,0,,,,,,,,,,,,,,,,,,,
9/12/2023 15:30,0,,,,,,,,,,,,,,,,,,,
9/12/2023 15:15,0,,,,,,,,,,,,,,,,,,,
9/12/2023 15:00,0,,,,,,,,,,,,,,,,,,,
9/12/2023 14:45,0,,,,,,,,,,,,,,,,,,,
9/12/2023 14:30,0,,,,,,,,,,,,,,,,,,,
9/12/2023 14:15,0,,,,,,,,,,,,,,,,,,,
9/12/2023 14:00,0,,,,,,,,,,,,,,,,,,,
9/12/2023 13:45,0,,,,,,,,,,,,,,,,,,,
9/12/2023 13:30,0,,,,,,,,,,,,,,,,,,,
9/12/2023 13:15,0,,,,,,,,,,,,,,,,,,,
9/12/2023 13:00,0,,,,,,,,,,,,,,,,,,,
9/12/2023 12:45,0,,,,,,,,,,,,,,,,,,,
9/12/2023 12:30,0,,,,,,,,,,,,,,,,,,,
9/12/2023 12:15,0,,,,,,,,,,,,,,,,,,,
9/12/2023 12:00,0,,,,,,,,,,,,,,,,,,,
9/12/2023 11:45,0,,,,,,,,,,,,,,,,,,,
9/12/2023 11:30,0,,,,,,,,,,,,,,,,,,,
9/12/2023 11:15,0,,,,,,,,,,,,,,,,,,,
9/12/2023 11:00,0,,,,,,,,,,,,,,,,,,,
9/12/2023 10:45,0,,,,,,,,,,,,,,,,,,,
9/12/2023 10:30,0,,,,,,,,,,,,,,,,,,,
9/12/2023 10:15,0,,,,,,,,,,,,,,,,,,,
9/12/2023 10:00,0,,,,,,,,,,,,,,,,,,,
9/12/2023 9:45,0,,,,,,,,,,,,,,,,,,,
9/12/2023 9:30,0,,,,,,,,,,,,,,,,,,,
9/12/2023 9:15,0,,,,,,,,,,,,,,,,,,,
9/12/2023 9:00,0,,,,,,,,,,,,,,,,,,,
9/12/2023 8:45,0,,,,,,,,,,,,,,,,,,,
9/12/2023 8:30,0,,,,,,,,,,,,,,,,,,,
9/12/2023 8:15,0,,,,,,,,,,,,,,,,,,,
9/12/2023 8:00,0,,,,,,,,,,,,,,,,,,,
9/12/2023 7:45,0,,,,,,,,,,,,,,,,,,,
9/12/2023 7:30,0,,,,,,,,,,,,,,,,,,,
9/12/2023 7:15,0,,,,,,,,,,,,,,,,,,,
9/12/2023 7:00,0,,,,,,,,,,,,,,,,,,,
9/12/2023 6:45,0,,,,,,,,,,,,,,,,,,,
9/12/2023 6:30,0,,,,,,,,,,,,,,,,,,,
9/12/2023 6:15,0,,,,,,,,,,,,,,,,,,,
9/12/2023 6:00,0,,,,,,,,,,,,,,,,,,,
9/12/2023 5:45,0,,,,,,,,,,,,,,,,,,,
9/12/2023 5:30,0,,,,,,,,,,,,,,,,,,,
9/12/2023 5:15,0,,,,,,,,,,,,,,,,,,,
9/12/2023 5:00,0,,,,,,,,,,,,,,,,,,,
9/12/2023 4:45,0,,,,,,,,,,,,,,,,,,,
9/12/2023 4:30,0,,,,,,,,,,,,,,,,,,,
9/12/2023 4:15,0,,,,,,,,,,,,,,,,,,,
9/12/2023 4:00,0,,,,,,,,,,,,,,,,,,,
9/12/2023 3:45,0,,,,,,,,,,,,,,,,,,,
9/12/2023 3:30,0,,,,,,,,,,,,,,,,,,,
9/12/2023 3:15,0,,,,,,,,,,,,,,,,,,,
9/12/2023 3:00,0,,,,,,,,,,,,,,,,,,,
9/12/2023 2:45,0,,,,,,,,,,,,,,,,,,,
9/12/2023 2:30,0,,,,,,,,,,,,,,,,,,,
9/12/2023 2:15,0,,,,,,,,,,,,,,,,,,,
9/12/2023 2:00,0,,,,,,,,,,,,,,,,,,,
9/12/2023 1:45,0,,,,,,,,,,,,,,,,,,,
9/12/2023 1:30,0,,,,,,,,,,,,,,,,,,,
9/12/2023 1:15,0,,,,,,,,,,,,,,,,,,,
9/12/2023 1:00,0,,,,,,,,,,,,,,,,,,,
9/12/2023 0:45,0,,,,,,,,,,,,,,,,,,,
9/12/2023 0:30,0,,,,,,,,,,,,,,,,,,,
9/12/2023 0:15,0,,,,,,,,,,,,,,,,,,,
9/12/2023 0:00,0,,,,,,,,,,,,,,,,,,,
8/12/2023 23:45,0,,,,,,,,,,,,,,,,,,,
8/12/2023 23:30,0,,,,,,,,,,,,,,,,,,,
8/12/2023 23:15,0,,,,,,,,,,,,,,,,,,,
8/12/2023 23:00,0,,,,,,,,,,,,,,,,,,,
8/12/2023 22:45,0,,,,,,,,,,,,,,,,,,,
8/12/2023 22:30,0,,,,,,,,,,,,,,,,,,,
8/12/2023 22:15,0,,,,,,,,,,,,,,,,,,,
8/12/2023 22:00,0,,,,,,,,,,,,,,,,,,,
8/12/2023 21:45,0,,,,,,,,,,,,,,,,,,,
8/12/2023 21:30,0,,,,,,,,,,,,,,,,,,,
8/12/2023 21:15,0,,,,,,,,,,,,,,,,,,,
8/12/2023 21:00,0,,,,,,,,,,,,,,,,,,,
8/12/2023 20:45,0,,,,,,,,,,,,,,,,,,,
8/12/2023 20:30,0,,,,,,,,,,,,,,,,,,,
8/12/2023 20:15,0,,,,,,,,,,,,,,,,,,,
8/12/2023 20:00,0,,,,,,,,,,,,,,,,,,,
8/12/2023 19:45,0,,,,,,,,,,,,,,,,,,,
8/12/2023 19:30,0,,,,,,,,,,,,,,,,,,,
8/12/2023 19:15,0,,,,,,,,,,,,,,,,,,,
8/12/2023 19:00,0,,,,,,,,,,,,,,,,,,,
8/12/2023 18:45,0,,,,,,,,,,,,,,,,,,,
8/12/2023 18:30,0,,,,,,,,,,,,,,,,,,,
8/12/2023 18:15,0,,,,,,,,,,,,,,,,,,,
8/12/2023 18:00,0,,,,,,,,,,,,,,,,,,,
8/12/2023 17:45,0,,,,,,,,,,,,,,,,,,,
8/12/2023 17:30,0,,,,,,,,,,,,,,,,,,,
8/12/2023 17:15,0,,,,,,,,,,,,,,,,,,,
8/12/2023 17:00,0,,,,,,,,,,,,,,,,,,,
8/12/2023 16:45,0,,,,,,,,,,,,,,,,,,,
8/12/2023 16:30,0,,,,,,,,,,,,,,,,,,,
8/12/2023 16:15,0,,,,,,,,,,,,,,,,,,,
8/12/2023 16:00,0,,,,,,,,,,,,,,,,,,,
8/12/2023 15:45,0,,,,,,,,,,,,,,,,,,,
8/12/2023 15:30,0,,,,,,,,,,,,,,,,,,,
8/12/2023 15:15,0,,,,,,,,,,,,,,,,,,,
8/12/2023 15:00,0,,,,,,,,,,,,,,,,,,,
8/12/2023 14:45,0,,,,,,,,,,,,,,,,,,,
8/12/2023 14:30,0,,,,,,,,,,,,,,,,,,,
8/12/2023 14:15,0,,,,,,,,,,,,,,,,,,,
8/12/2023 14:00,0,,,,,,,,,,,,,,,,,,,
8/12/2023 13:45,0,,,,,,,,,,,,,,,,,,,
8/12/2023 13:30,0,,,,,,,,,,,,,,,,,,,
8/12/2023 13:15,0,,,,,,,,,,,,,,,,,,,
8/12/2023 13:00,0,,,,,,,,,,,,,,,,,,,
8/12/2023 12:45,0,,,,,,,,,,,,,,,,,,,
8/12/2023 12:30,0,,,,,,,,,,,,,,,,,,,
8/12/2023 12:15,0,,,,,,,,,,,,,,,,,,,
8/12/2023 12:00,0,,,,,,,,,,,,,,,,,,,
8/12/2023 11:45,0,,,,,,,,,,,,,,,,,,,
8/12/2023 11:30,0,,,,,,,,,,,,,,,,,,,
8/12/2023 11:15,0,,,,,,,,,,,,,,,,,,,
8/12/2023 11:00,0,,,,,,,,,,,,,,,,,,,
8/12/2023 10:45,0,,,,,,,,,,,,,,,,,,,
8/12/2023 10:30,0,,,,,,,,,,,,,,,,,,,
8/12/2023 10:15,0,,,,,,,,,,,,,,,,,,,
8/12/2023 10:00,0,,,,,,,,,,,,,,,,,,,
8/12/2023 9:45,0,,,,,,,,,,,,,,,,,,,
8/12/2023 9:30,0,,,,,,,,,,,,,,,,,,,
8/12/2023 9:15,0,,,,,,,,,,,,,,,,,,,
8/12/2023 9:00,0,,,,,,,,,,,,,,,,,,,
8/12/2023 8:45,0,,,,,,,,,,,,,,,,,,,
8/12/2023 8:30,0,,,,,,,,,,,,,,,,,,,
8/12/2023 8:15,0,,,,,,,,,,,,,,,,,,,
8/12/2023 8:00,0,,,,,,,,,,,,,,,,,,,
8/12/2023 7:45,0,,,,,,,,,,,,,,,,,,,
8/12/2023 7:30,0,,,,,,,,,,,,,,,,,,,
8/12/2023 7:15,0,,,,,,,,,,,,,,,,,,,
8/12/2023 7:00,0,,,,,,,,,,,,,,,,,,,
8/12/2023 6:45,0,,,,,,,,,,,,,,,,,,,
8/12/2023 6:30,0,,,,,,,,,,,,,,,,,,,
8/12/2023 6:15,0,,,,,,,,,,,,,,,,,,,
8/12/2023 6:00,0,,,,,,,,,,,,,,,,,,,
8/12/2023 5:45,0,,,,,,,,,,,,,,,,,,,
8/12/2023 5:30,0,,,,,,,,,,,,,,,,,,,
8/12/2023 5:15,0,,,,,,,,,,,,,,,,,,,
8/12/2023 5:00,0,,,,,,,,,,,,,,,,,,,
8/12/2023 4:45,0,,,,,,,,,,,,,,,,,,,
8/12/2023 4:30,0,,,,,,,,,,,,,,,,,,,
8/12/2023 4:15,0,,,,,,,,,,,,,,,,,,,
8/12/2023 4:00,0,,,,,,,,,,,,,,,,,,,
8/12/2023 3:45,0,,,,,,,,,,,,,,,,,,,
8/12/2023 3:30,0,,,,,,,,,,,,,,,,,,,
8/12/2023 3:15,0,,,,,,,,,,,,,,,,,,,
8/12/2023 3:00,0,,,,,,,,,,,,,,,,,,,
8/12/2023 2:45,0,,,,,,,,,,,,,,,,,,,
8/12/2023 2:30,0,,,,,,,,,,,,,,,,,,,
8/12/2023 2:15,0,,,,,,,,,,,,,,,,,,,
8/12/2023 2:00,0,,,,,,,,,,,,,,,,,,,
8/12/2023 1:45,0,,,,,,,,,,,,,,,,,,,
8/12/2023 1:30,0,,,,,,,,,,,,,,,,,,,
8/12/2023 1:15,0,,,,,,,,,,,,,,,,,,,
8/12/2023 1:00,0,,,,,,,,,,,,,,,,,,,
8/12/2023 0:45,0,,,,,,,,,,,,,,,,,,,
8/12/2023 0:30,0,,,,,,,,,,,,,,,,,,,
8/12/2023 0:15,0,,,,,,,,,,,,,,,,,,,
8/12/2023 0:00,0,,,,,,,,,,,,,,,,,,,
7/12/2023 23:45,0,,,,,,,,,,,,,,,,,,,
7/12/2023 23:30,0,,,,,,,,,,,,,,,,,,,
7/12/2023 23:15,0,,,,,,,,,,,,,,,,,,,
7/12/2023 23:00,0,,,,,,,,,,,,,,,,,,,
7/12/2023 22:45,0,,,,,,,,,,,,,,,,,,,
7/12/2023 22:30,0.6,,,,,,,,,,,,,,,,,,,
7/12/2023 22:15,1.2,,,,,,,,,,,,,,,,,,,
7/12/2023 22:00,0,,,,,,,,,,,,,,,,,,,
7/12/2023 21:45,0,,,,,,,,,,,,,,,,,,,
7/12/2023 21:30,0,,,,,,,,,,,,,,,,,,,
7/12/2023 21:15,0,,,,,,,,,,,,,,,,,,,
7/12/2023 21:00,0,,,,,,,,,,,,,,,,,,,
7/12/2023 20:45,0,,,,,,,,,,,,,,,,,,,
7/12/2023 20:30,0,,,,,,,,,,,,,,,,,,,
7/12/2023 20:15,0,,,,,,,,,,,,,,,,,,,
7/12/2023 20:00,0,,,,,,,,,,,,,,,,,,,
7/12/2023 19:45,0,,,,,,,,,,,,,,,,,,,
7/12/2023 19:30,0,,,,,,,,,,,,,,,,,,,
7/12/2023 19:15,0,,,,,,,,,,,,,,,,,,,
7/12/2023 19:00,0,,,,,,,,,,,,,,,,,,,
7/12/2023 18:45,0,,,,,,,,,,,,,,,,,,,
7/12/2023 18:30,0,,,,,,,,,,,,,,,,,,,
7/12/2023 18:15,0,,,,,,,,,,,,,,,,,,,
7/12/2023 18:00,0.2,,,,,,,,,,,,,,,,,,,
7/12/2023 17:45,0,,,,,,,,,,,,,,,,,,,
7/12/2023 17:30,0,,,,,,,,,,,,,,,,,,,
7/12/2023 17:15,0,,,,,,,,,,,,,,,,,,,
7/12/2023 17:00,0,,,,,,,,,,,,,,,,,,,
7/12/2023 16:45,0.2,,,,,,,,,,,,,,,,,,,
7/12/2023 16:30,0,,,,,,,,,,,,,,,,,,,
7/12/2023 16:15,0,,,,,,,,,,,,,,,,,,,
7/12/2023 16:00,0,,,,,,,,,,,,,,,,,,,
7/12/2023 15:45,0,,,,,,,,,,,,,,,,,,,
7/12/2023 15:30,0,,,,,,,,,,,,,,,,,,,
7/12/2023 15:15,0,,,,,,,,,,,,,,,,,,,
7/12/2023 15:00,0,,,,,,,,,,,,,,,,,,,
7/12/2023 14:45,0,,,,,,,,,,,,,,,,,,,
7/12/2023 14:30,0,,,,,,,,,,,,,,,,,,,
7/12/2023 14:15,0,,,,,,,,,,,,,,,,,,,
7/12/2023 14:00,0,,,,,,,,,,,,,,,,,,,
7/12/2023 13:45,0,,,,,,,,,,,,,,,,,,,
7/12/2023 13:30,0,,,,,,,,,,,,,,,,,,,
7/12/2023 13:15,0,,,,,,,,,,,,,,,,,,,
7/12/2023 13:00,0,,,,,,,,,,,,,,,,,,,
7/12/2023 12:45,0,,,,,,,,,,,,,,,,,,,
7/12/2023 12:30,0,,,,,,,,,,,,,,,,,,,
7/12/2023 12:15,0,,,,,,,,,,,,,,,,,,,
7/12/2023 12:00,0,,,,,,,,,,,,,,,,,,,
7/12/2023 11:45,0,,,,,,,,,,,,,,,,,,,
7/12/2023 11:30,0,,,,,,,,,,,,,,,,,,,
7/12/2023 11:15,0,,,,,,,,,,,,,,,,,,,
7/12/2023 11:00,0,,,,,,,,,,,,,,,,,,,
7/12/2023 10:45,0,,,,,,,,,,,,,,,,,,,
7/12/2023 10:30,0,,,,,,,,,,,,,,,,,,,
7/12/2023 10:15,0,,,,,,,,,,,,,,,,,,,
7/12/2023 10:00,0,,,,,,,,,,,,,,,,,,,
7/12/2023 9:45,0,,,,,,,,,,,,,,,,,,,
7/12/2023 9:30,0,,,,,,,,,,,,,,,,,,,
7/12/2023 9:15,0,,,,,,,,,,,,,,,,,,,
7/12/2023 9:00,0,,,,,,,,,,,,,,,,,,,
7/12/2023 8:45,0,,,,,,,,,,,,,,,,,,,
7/12/2023 8:30,0,,,,,,,,,,,,,,,,,,,
7/12/2023 8:15,0,,,,,,,,,,,,,,,,,,,
7/12/2023 8:00,0,,,,,,,,,,,,,,,,,,,
7/12/2023 7:45,0,,,,,,,,,,,,,,,,,,,
7/12/2023 7:30,0,,,,,,,,,,,,,,,,,,,
7/12/2023 7:15,0,,,,,,,,,,,,,,,,,,,
7/12/2023 7:00,0,,,,,,,,,,,,,,,,,,,
7/12/2023 6:45,0,,,,,,,,,,,,,,,,,,,
7/12/2023 6:30,0,,,,,,,,,,,,,,,,,,,
7/12/2023 6:15,0,,,,,,,,,,,,,,,,,,,
7/12/2023 6:00,0,,,,,,,,,,,,,,,,,,,
7/12/2023 5:45,0,,,,,,,,,,,,,,,,,,,
7/12/2023 5:30,0,,,,,,,,,,,,,,,,,,,
7/12/2023 5:15,0,,,,,,,,,,,,,,,,,,,
7/12/2023 5:00,0,,,,,,,,,,,,,,,,,,,
7/12/2023 4:45,0,,,,,,,,,,,,,,,,,,,
7/12/2023 4:30,0,,,,,,,,,,,,,,,,,,,
7/12/2023 4:15,0,,,,,,,,,,,,,,,,,,,
7/12/2023 4:00,0,,,,,,,,,,,,,,,,,,,
7/12/2023 3:45,0,,,,,,,,,,,,,,,,,,,
7/12/2023 3:30,0,,,,,,,,,,,,,,,,,,,
7/12/2023 3:15,0,,,,,,,,,,,,,,,,,,,
7/12/2023 3:00,0,,,,,,,,,,,,,,,,,,,
7/12/2023 2:45,0,,,,,,,,,,,,,,,,,,,
7/12/2023 2:30,0,,,,,,,,,,,,,,,,,,,
7/12/2023 2:15,0,,,,,,,,,,,,,,,,,,,
7/12/2023 2:00,0,,,,,,,,,,,,,,,,,,,
7/12/2023 1:45,0,,,,,,,,,,,,,,,,,,,
7/12/2023 1:30,0,,,,,,,,,,,,,,,,,,,
7/12/2023 1:15,0,,,,,,,,,,,,,,,,,,,
7/12/2023 1:00,0,,,,,,,,,,,,,,,,,,,
7/12/2023 0:45,0,,,,,,,,,,,,,,,,,,,
7/12/2023 0:30,0,,,,,,,,,,,,,,,,,,,
7/12/2023 0:15,0,,,,,,,,,,,,,,,,,,,
7/12/2023 0:00,0,,,,,,,,,,,,,,,,,,,
6/12/2023 23:45,0,,,,,,,,,,,,,,,,,,,
6/12/2023 23:30,0,,,,,,,,,,,,,,,,,,,
6/12/2023 23:15,0,,,,,,,,,,,,,,,,,,,
6/12/2023 23:00,0,,,,,,,,,,,,,,,,,,,
6/12/2023 22:45,0,,,,,,,,,,,,,,,,,,,
6/12/2023 22:30,0.2,,,,,,,,,,,,,,,,,,,
6/12/2023 22:15,0,,,,,,,,,,,,,,,,,,,
6/12/2023 22:00,0.2,,,,,,,,,,,,,,,,,,,
6/12/2023 21:45,0.2,,,,,,,,,,,,,,,,,,,
6/12/2023 21:30,0.4,,,,,,,,,,,,,,,,,,,
6/12/2023 21:15,0.4,,,,,,,,,,,,,,,,,,,
6/12/2023 21:00,0.6,,,,,,,,,,,,,,,,,,,
6/12/2023 20:45,0,,,,,,,,,,,,,,,,,,,
6/12/2023 20:30,0.2,,,,,,,,,,,,,,,,,,,
6/12/2023 20:15,0,,,,,,,,,,,,,,,,,,,
6/12/2023 20:00,0,,,,,,,,,,,,,,,,,,,
6/12/2023 19:45,0,,,,,,,,,,,,,,,,,,,
6/12/2023 19:30,0.2,,,,,,,,,,,,,,,,,,,
6/12/2023 19:15,0,,,,,,,,,,,,,,,,,,,
6/12/2023 19:00,0.2,,,,,,,,,,,,,,,,,,,
6/12/2023 18:45,0,,,,,,,,,,,,,,,,,,,
6/12/2023 18:30,0.2,,,,,,,,,,,,,,,,,,,
6/12/2023 18:15,0.6,,,,,,,,,,,,,,,,,,,
6/12/2023 18:00,0.6,,,,,,,,,,,,,,,,,,,
6/12/2023 17:45,0.4,,,,,,,,,,,,,,,,,,,
6/12/2023 17:30,0.8,,,,,,,,,,,,,,,,,,,
6/12/2023 17:15,0,,,,,,,,,,,,,,,,,,,
6/12/2023 17:00,0,,,,,,,,,,,,,,,,,,,
6/12/2023 16:45,0.6,,,,,,,,,,,,,,,,,,,
6/12/2023 16:30,0,,,,,,,,,,,,,,,,,,,
6/12/2023 16:15,1.2,,,,,,,,,,,,,,,,,,,
6/12/2023 16:00,0.8,,,,,,,,,,,,,,,,,,,
6/12/2023 15:45,0.8,,,,,,,,,,,,,,,,,,,
6/12/2023 15:30,0.4,,,,,,,,,,,,,,,,,,,
6/12/2023 15:15,0,,,,,,,,,,,,,,,,,,,
6/12/2023 15:00,0,,,,,,,,,,,,,,,,,,,
6/12/2023 14:45,0,,,,,,,,,,,,,,,,,,,
6/12/2023 14:30,0,,,,,,,,,,,,,,,,,,,
6/12/2023 14:15,0,,,,,,,,,,,,,,,,,,,
6/12/2023 14:00,0,,,,,,,,,,,,,,,,,,,
6/12/2023 13:45,0,,,,,,,,,,,,,,,,,,,
6/12/2023 13:30,0,,,,,,,,,,,,,,,,,,,
6/12/2023 13:15,0,,,,,,,,,,,,,,,,,,,
6/12/2023 13:00,0,,,,,,,,,,,,,,,,,,,
6/12/2023 12:45,0,,,,,,,,,,,,,,,,,,,
6/12/2023 12:30,0,,,,,,,,,,,,,,,,,,,
6/12/2023 12:15,0,,,,,,,,,,,,,,,,,,,
6/12/2023 12:00,0,,,,,,,,,,,,,,,,,,,
6/12/2023 11:45,0,,,,,,,,,,,,,,,,,,,
6/12/2023 11:30,0,,,,,,,,,,,,,,,,,,,
6/12/2023 11:15,0,,,,,,,,,,,,,,,,,,,
6/12/2023 11:00,0,,,,,,,,,,,,,,,,,,,
6/12/2023 10:45,0,,,,,,,,,,,,,,,,,,,
6/12/2023 10:30,0,,,,,,,,,,,,,,,,,,,
6/12/2023 10:15,0,,,,,,,,,,,,,,,,,,,
6/12/2023 10:00,0,,,,,,,,,,,,,,,,,,,
6/12/2023 9:45,0,,,,,,,,,,,,,,,,,,,
6/12/2023 9:30,0,,,,,,,,,,,,,,,,,,,
6/12/2023 9:15,0,,,,,,,,,,,,,,,,,,,
6/12/2023 9:00,0,,,,,,,,,,,,,,,,,,,
6/12/2023 8:45,0,,,,,,,,,,,,,,,,,,,
6/12/2023 8:30,0,,,,,,,,,,,,,,,,,,,
6/12/2023 8:15,0,,,,,,,,,,,,,,,,,,,
6/12/2023 8:00,0,,,,,,,,,,,,,,,,,,,
6/12/2023 7:45,0,,,,,,,,,,,,,,,,,,,
6/12/2023 7:30,0,,,,,,,,,,,,,,,,,,,
6/12/2023 7:15,0,,,,,,,,,,,,,,,,,,,
6/12/2023 7:00,0,,,,,,,,,,,,,,,,,,,
6/12/2023 6:45,0,,,,,,,,,,,,,,,,,,,
6/12/2023 6:30,0,,,,,,,,,,,,,,,,,,,
6/12/2023 6:15,0,,,,,,,,,,,,,,,,,,,
6/12/2023 6:00,0,,,,,,,,,,,,,,,,,,,
6/12/2023 5:45,0,,,,,,,,,,,,,,,,,,,
6/12/2023 5:30,0,,,,,,,,,,,,,,,,,,,
6/12/2023 5:15,0,,,,,,,,,,,,,,,,,,,
6/12/2023 5:00,0,,,,,,,,,,,,,,,,,,,
6/12/2023 4:45,0,,,,,,,,,,,,,,,,,,,
6/12/2023 4:30,0,,,,,,,,,,,,,,,,,,,
6/12/2023 4:15,0,,,,,,,,,,,,,,,,,,,
6/12/2023 4:00,0,,,,,,,,,,,,,,,,,,,
6/12/2023 3:45,0,,,,,,,,,,,,,,,,,,,
6/12/2023 3:30,0,,,,,,,,,,,,,,,,,,,
6/12/2023 3:15,0,,,,,,,,,,,,,,,,,,,
6/12/2023 3:00,0,,,,,,,,,,,,,,,,,,,
6/12/2023 2:45,0,,,,,,,,,,,,,,,,,,,
6/12/2023 2:30,0,,,,,,,,,,,,,,,,,,,
6/12/2023 2:15,0,,,,,,,,,,,,,,,,,,,
6/12/2023 2:00,0,,,,,,,,,,,,,,,,,,,
6/12/2023 1:45,0,,,,,,,,,,,,,,,,,,,
6/12/2023 1:30,0,,,,,,,,,,,,,,,,,,,
6/12/2023 1:15,0,,,,,,,,,,,,,,,,,,,
6/12/2023 1:00,0,,,,,,,,,,,,,,,,,,,
6/12/2023 0:45,0,,,,,,,,,,,,,,,,,,,
6/12/2023 0:30,0,,,,,,,,,,,,,,,,,,,
6/12/2023 0:15,0,,,,,,,,,,,,,,,,,,,
6/12/2023 0:00,0,,,,,,,,,,,,,,,,,,,
5/12/2023 23:45,0,,,,,,,,,,,,,,,,,,,
5/12/2023 23:30,0,,,,,,,,,,,,,,,,,,,
5/12/2023 23:15,0,,,,,,,,,,,,,,,,,,,
5/12/2023 23:00,0,,,,,,,,,,,,,,,,,,,
5/12/2023 22:45,0,,,,,,,,,,,,,,,,,,,
5/12/2023 22:30,0,,,,,,,,,,,,,,,,,,,
5/12/2023 22:15,0,,,,,,,,,,,,,,,,,,,
5/12/2023 22:00,0,,,,,,,,,,,,,,,,,,,
5/12/2023 21:45,0,,,,,,,,,,,,,,,,,,,
5/12/2023 21:30,0,,,,,,,,,,,,,,,,,,,
5/12/2023 21:15,0,,,,,,,,,,,,,,,,,,,
5/12/2023 21:00,0,,,,,,,,,,,,,,,,,,,
5/12/2023 20:45,0,,,,,,,,,,,,,,,,,,,
5/12/2023 20:30,0,,,,,,,,,,,,,,,,,,,
5/12/2023 20:15,0,,,,,,,,,,,,,,,,,,,
5/12/2023 20:00,0,,,,,,,,,,,,,,,,,,,
5/12/2023 19:45,0,,,,,,,,,,,,,,,,,,,
5/12/2023 19:30,0,,,,,,,,,,,,,,,,,,,
5/12/2023 19:15,0,,,,,,,,,,,,,,,,,,,
5/12/2023 19:00,0,,,,,,,,,,,,,,,,,,,
5/12/2023 18:45,0,,,,,,,,,,,,,,,,,,,
5/12/2023 18:30,0,,,,,,,,,,,,,,,,,,,
5/12/2023 18:15,0,,,,,,,,,,,,,,,,,,,
5/12/2023 18:00,0,,,,,,,,,,,,,,,,,,,
5/12/2023 17:45,0,,,,,,,,,,,,,,,,,,,
5/12/2023 17:30,0,,,,,,,,,,,,,,,,,,,
5/12/2023 17:15,0,,,,,,,,,,,,,,,,,,,
5/12/2023 17:00,0,,,,,,,,,,,,,,,,,,,
5/12/2023 16:45,0,,,,,,,,,,,,,,,,,,,
5/12/2023 16:30,0,,,,,,,,,,,,,,,,,,,
5/12/2023 16:15,0,,,,,,,,,,,,,,,,,,,
5/12/2023 16:00,0,,,,,,,,,,,,,,,,,,,
5/12/2023 15:45,0,,,,,,,,,,,,,,,,,,,
5/12/2023 15:30,0,,,,,,,,,,,,,,,,,,,
5/12/2023 15:15,0,,,,,,,,,,,,,,,,,,,
5/12/2023 15:00,0,,,,,,,,,,,,,,,,,,,
5/12/2023 14:45,0,,,,,,,,,,,,,,,,,,,
5/12/2023 14:30,0,,,,,,,,,,,,,,,,,,,
5/12/2023 14:15,0,,,,,,,,,,,,,,,,,,,
5/12/2023 14:00,0,,,,,,,,,,,,,,,,,,,
5/12/2023 13:45,0,,,,,,,,,,,,,,,,,,,
5/12/2023 13:30,0,,,,,,,,,,,,,,,,,,,
5/12/2023 13:15,0,,,,,,,,,,,,,,,,,,,
5/12/2023 13:00,0,,,,,,,,,,,,,,,,,,,
5/12/2023 12:45,0,,,,,,,,,,,,,,,,,,,
5/12/2023 12:30,0,,,,,,,,,,,,,,,,,,,
5/12/2023 12:15,0,,,,,,,,,,,,,,,,,,,
5/12/2023 12:00,0,,,,,,,,,,,,,,,,,,,
5/12/2023 11:45,0.2,,,,,,,,,,,,,,,,,,,
5/12/2023 11:30,0,,,,,,,,,,,,,,,,,,,
5/12/2023 11:15,0,,,,,,,,,,,,,,,,,,,
5/12/2023 11:00,0,,,,,,,,,,,,,,,,,,,
5/12/2023 10:45,0,,,,,,,,,,,,,,,,,,,
5/12/2023 10:30,0,,,,,,,,,,,,,,,,,,,
5/12/2023 10:15,0,,,,,,,,,,,,,,,,,,,
5/12/2023 10:00,0,,,,,,,,,,,,,,,,,,,
5/12/2023 9:45,0,,,,,,,,,,,,,,,,,,,
5/12/2023 9:30,0,,,,,,,,,,,,,,,,,,,
5/12/2023 9:15,0,,,,,,,,,,,,,,,,,,,
5/12/2023 9:00,0,,,,,,,,,,,,,,,,,,,
5/12/2023 8:45,0,,,,,,,,,,,,,,,,,,,
5/12/2023 8:30,0,,,,,,,,,,,,,,,,,,,
5/12/2023 8:15,0,,,,,,,,,,,,,,,,,,,
5/12/2023 8:00,0,,,,,,,,,,,,,,,,,,,
5/12/2023 7:45,0,,,,,,,,,,,,,,,,,,,
5/12/2023 7:30,0,,,,,,,,,,,,,,,,,,,
5/12/2023 7:15,0,,,,,,,,,,,,,,,,,,,
5/12/2023 7:00,0,,,,,,,,,,,,,,,,,,,
5/12/2023 6:45,0,,,,,,,,,,,,,,,,,,,
5/12/2023 6:30,0,,,,,,,,,,,,,,,,,,,
5/12/2023 6:15,0,,,,,,,,,,,,,,,,,,,
5/12/2023 6:00,0,,,,,,,,,,,,,,,,,,,
5/12/2023 5:45,0,,,,,,,,,,,,,,,,,,,
5/12/2023 5:30,0,,,,,,,,,,,,,,,,,,,
5/12/2023 5:15,0,,,,,,,,,,,,,,,,,,,
5/12/2023 5:00,0,,,,,,,,,,,,,,,,,,,
5/12/2023 4:45,0,,,,,,,,,,,,,,,,,,,
5/12/2023 4:30,0,,,,,,,,,,,,,,,,,,,
5/12/2023 4:15,0,,,,,,,,,,,,,,,,,,,
5/12/2023 4:00,0,,,,,,,,,,,,,,,,,,,
5/12/2023 3:45,0,,,,,,,,,,,,,,,,,,,
5/12/2023 3:30,0,,,,,,,,,,,,,,,,,,,
5/12/2023 3:15,0,,,,,,,,,,,,,,,,,,,
5/12/2023 3:00,0,,,,,,,,,,,,,,,,,,,
5/12/2023 2:45,0,,,,,,,,,,,,,,,,,,,
5/12/2023 2:30,0,,,,,,,,,,,,,,,,,,,
5/12/2023 2:15,0,,,,,,,,,,,,,,,,,,,
5/12/2023 2:00,0,,,,,,,,,,,,,,,,,,,
5/12/2023 1:45,0,,,,,,,,,,,,,,,,,,,
5/12/2023 1:30,0,,,,,,,,,,,,,,,,,,,
5/12/2023 1:15,0,,,,,,,,,,,,,,,,,,,
5/12/2023 1:00,0,,,,,,,,,,,,,,,,,,,
5/12/2023 0:45,0,,,,,,,,,,,,,,,,,,,
5/12/2023 0:30,0,,,,,,,,,,,,,,,,,,,
5/12/2023 0:15,0,,,,,,,,,,,,,,,,,,,
5/12/2023 0:00,0,,,,,,,,,,,,,,,,,,,
4/12/2023 23:45,0,,,,,,,,,,,,,,,,,,,
4/12/2023 23:30,0,,,,,,,,,,,,,,,,,,,
4/12/2023 23:15,0,,,,,,,,,,,,,,,,,,,
4/12/2023 23:00,0,,,,,,,,,,,,,,,,,,,
4/12/2023 22:45,0,,,,,,,,,,,,,,,,,,,
4/12/2023 22:30,0,,,,,,,,,,,,,,,,,,,
4/12/2023 22:15,0,,,,,,,,,,,,,,,,,,,
4/12/2023 22:00,0,,,,,,,,,,,,,,,,,,,
4/12/2023 21:45,0,,,,,,,,,,,,,,,,,,,
