Data/Hora,Chuva Horária (mm),Nível adotado (cm),,,,,,,,,,,,,,,,,,
27/04/2024 01:15:00,0,163,,,,,,,,,,,,,,,,,,
27/04/2024 01:00:00,0,163,,,,,,,,,,,,,,,,,,
27/04/2024 00:45:00,,163,,,,,,,,,,,,,,,,,,
27/04/2024 00:30:00,,,,,,,,,,,,,,,,,,,,
26/04/2024 18:15:00,0,154,,,,,,,,,,,,,,,,,,
26/04/2024 18:00:00,0,154,,,,,,,,,,,,,,,,,,
26/04/2024 17:45:00,,154,,,,,,,,,,,,,,,,,,
26/04/2024 17:30:00,,,,,,,,,,,,,,,,,,,,
26/04/2024 14:15:00,0,154,,,,,,,,,,,,,,,,,,
26/04/2024 14:00:00,0,155,,,,,,,,,,,,,,,,,,
26/04/2024 13:45:00,,155,,,,,,,,,,,,,,,,,,
26/04/2024 13:30:00,,,,,,,,,,,,,,,,,,,,
26/04/2024 13:15:00,0,155,,,,,,,,,,,,,,,,,,
26/04/2024 13:00:00,0,156,,,,,,,,,,,,,,,,,,
26/04/2024 12:45:00,,156,,,,,,,,,,,,,,,,,,
26/04/2024 12:30:00,,,,,,,,,,,,,,,,,,,,
26/04/2024 12:15:00,0.2,156,,,,,,,,,,,,,,,,,,
26/04/2024 12:00:00,0,157,,,,,,,,,,,,,,,,,,
26/04/2024 11:45:00,,157,,,,,,,,,,,,,,,,,,
26/04/2024 11:30:00,,,,,,,,,,,,,,,,,,,,
26/04/2024 11:15:00,0,158,,,,,,,,,,,,,,,,,,
26/04/2024 11:00:00,0.2,158,,,,,,,,,,,,,,,,,,
26/04/2024 10:45:00,,159,,,,,,,,,,,,,,,,,,
26/04/2024 10:30:00,,,,,,,,,,,,,,,,,,,,
26/04/2024 10:15:00,0,159,,,,,,,,,,,,,,,,,,
26/04/2024 10:00:00,0,159,,,,,,,,,,,,,,,,,,
26/04/2024 09:45:00,,160,,,,,,,,,,,,,,,,,,
26/04/2024 09:30:00,,,,,,,,,,,,,,,,,,,,
26/04/2024 09:15:00,0,161,,,,,,,,,,,,,,,,,,
26/04/2024 09:00:00,0,161,,,,,,,,,,,,,,,,,,
26/04/2024 08:45:00,,162,,,,,,,,,,,,,,,,,,
26/04/2024 08:30:00,,,,,,,,,,,,,,,,,,,,
26/04/2024 08:15:00,0,163,,,,,,,,,,,,,,,,,,
26/04/2024 08:00:00,0,163,,,,,,,,,,,,,,,,,,
26/04/2024 07:45:00,,163,,,,,,,,,,,,,,,,,,
26/04/2024 07:30:00,,,,,,,,,,,,,,,,,,,,
26/04/2024 07:15:00,2.2,163,,,,,,,,,,,,,,,,,,
26/04/2024 07:00:00,0.2,163,,,,,,,,,,,,,,,,,,
26/04/2024 06:45:00,,164,,,,,,,,,,,,,,,,,,
26/04/2024 06:30:00,,,,,,,,,,,,,,,,,,,,
26/04/2024 06:15:00,0,165,,,,,,,,,,,,,,,,,,
26/04/2024 06:00:00,0,165,,,,,,,,,,,,,,,,,,
26/04/2024 05:45:00,,166,,,,,,,,,,,,,,,,,,
26/04/2024 05:30:00,,,,,,,,,,,,,,,,,,,,
26/04/2024 05:15:00,0,167,,,,,,,,,,,,,,,,,,
26/04/2024 05:00:00,0,167,,,,,,,,,,,,,,,,,,
26/04/2024 04:45:00,,167,,,,,,,,,,,,,,,,,,
26/04/2024 04:30:00,,,,,,,,,,,,,,,,,,,,
26/04/2024 04:15:00,0,168,,,,,,,,,,,,,,,,,,
26/04/2024 04:00:00,0,168,,,,,,,,,,,,,,,,,,
26/04/2024 03:45:00,,169,,,,,,,,,,,,,,,,,,
26/04/2024 03:30:00,,,,,,,,,,,,,,,,,,,,
26/04/2024 03:15:00,0,170,,,,,,,,,,,,,,,,,,
26/04/2024 03:00:00,0,170,,,,,,,,,,,,,,,,,,
26/04/2024 02:45:00,,171,,,,,,,,,,,,,,,,,,
26/04/2024 02:30:00,,,,,,,,,,,,,,,,,,,,
26/04/2024 02:15:00,0,172,,,,,,,,,,,,,,,,,,
26/04/2024 02:00:00,0,172,,,,,,,,,,,,,,,,,,
26/04/2024 01:45:00,,172,,,,,,,,,,,,,,,,,,
26/04/2024 01:30:00,,,,,,,,,,,,,,,,,,,,
26/04/2024 01:15:00,0,173,,,,,,,,,,,,,,,,,,
26/04/2024 01:00:00,0,173,,,,,,,,,,,,,,,,,,
26/04/2024 00:45:00,,173,,,,,,,,,,,,,,,,,,
26/04/2024 00:30:00,,,,,,,,,,,,,,,,,,,,
26/04/2024 00:15:00,0,174,,,,,,,,,,,,,,,,,,
26/04/2024 00:00:00,0,174,,,,,,,,,,,,,,,,,,
25/04/2024 23:45:00,,174,,,,,,,,,,,,,,,,,,
25/04/2024 23:30:00,,,,,,,,,,,,,,,,,,,,
25/04/2024 23:15:00,0,175,,,,,,,,,,,,,,,,,,
25/04/2024 23:00:00,0,175,,,,,,,,,,,,,,,,,,
25/04/2024 22:45:00,,175,,,,,,,,,,,,,,,,,,
25/04/2024 22:30:00,,,,,,,,,,,,,,,,,,,,
25/04/2024 22:15:00,0,175,,,,,,,,,,,,,,,,,,
25/04/2024 22:00:00,0,175,,,,,,,,,,,,,,,,,,
25/04/2024 21:45:00,,176,,,,,,,,,,,,,,,,,,
25/04/2024 21:30:00,,,,,,,,,,,,,,,,,,,,
25/04/2024 21:15:00,0,176,,,,,,,,,,,,,,,,,,
25/04/2024 21:00:00,0,176,,,,,,,,,,,,,,,,,,
25/04/2024 20:45:00,,176,,,,,,,,,,,,,,,,,,
25/04/2024 20:30:00,,,,,,,,,,,,,,,,,,,,
25/04/2024 20:15:00,0,176,,,,,,,,,,,,,,,,,,
25/04/2024 20:00:00,0,176,,,,,,,,,,,,,,,,,,
25/04/2024 19:45:00,,176,,,,,,,,,,,,,,,,,,
25/04/2024 19:30:00,,,,,,,,,,,,,,,,,,,,
25/04/2024 19:15:00,0,177,,,,,,,,,,,,,,,,,,
25/04/2024 19:00:00,0,177,,,,,,,,,,,,,,,,,,
25/04/2024 18:45:00,,177,,,,,,,,,,,,,,,,,,
25/04/2024 18:30:00,,,,,,,,,,,,,,,,,,,,
25/04/2024 18:15:00,0,177,,,,,,,,,,,,,,,,,,
25/04/2024 18:00:00,0,177,,,,,,,,,,,,,,,,,,
25/04/2024 17:45:00,,177,,,,,,,,,,,,,,,,,,
25/04/2024 17:30:00,,,,,,,,,,,,,,,,,,,,
25/04/2024 16:15:00,0,177,,,,,,,,,,,,,,,,,,
25/04/2024 16:00:00,0,177,,,,,,,,,,,,,,,,,,
25/04/2024 15:45:00,,177,,,,,,,,,,,,,,,,,,
25/04/2024 15:30:00,,,,,,,,,,,,,,,,,,,,
25/04/2024 09:15:00,0,179,,,,,,,,,,,,,,,,,,
25/04/2024 09:00:00,0,180,,,,,,,,,,,,,,,,,,
25/04/2024 08:45:00,,180,,,,,,,,,,,,,,,,,,
25/04/2024 08:30:00,,,,,,,,,,,,,,,,,,,,
25/04/2024 08:15:00,0,181,,,,,,,,,,,,,,,,,,
25/04/2024 08:00:00,0,181,,,,,,,,,,,,,,,,,,
25/04/2024 07:45:00,,182,,,,,,,,,,,,,,,,,,
25/04/2024 07:30:00,,,,,,,,,,,,,,,,,,,,
25/04/2024 07:15:00,0,183,,,,,,,,,,,,,,,,,,
25/04/2024 07:00:00,0,183,,,,,,,,,,,,,,,,,,
25/04/2024 06:45:00,,184,,,,,,,,,,,,,,,,,,
25/04/2024 06:30:00,,,,,,,,,,,,,,,,,,,,
25/04/2024 06:15:00,0,185,,,,,,,,,,,,,,,,,,
25/04/2024 06:00:00,0,185,,,,,,,,,,,,,,,,,,
25/04/2024 05:45:00,,186,,,,,,,,,,,,,,,,,,
25/04/2024 05:30:00,,,,,,,,,,,,,,,,,,,,
25/04/2024 05:15:00,0,187,,,,,,,,,,,,,,,,,,
25/04/2024 05:00:00,0,187,,,,,,,,,,,,,,,,,,
25/04/2024 04:45:00,,187,,,,,,,,,,,,,,,,,,
25/04/2024 04:30:00,,,,,,,,,,,,,,,,,,,,
25/04/2024 04:15:00,0,188,,,,,,,,,,,,,,,,,,
25/04/2024 04:00:00,0,188,,,,,,,,,,,,,,,,,,
25/04/2024 03:45:00,,189,,,,,,,,,,,,,,,,,,
25/04/2024 03:30:00,,,,,,,,,,,,,,,,,,,,
25/04/2024 03:15:00,0,190,,,,,,,,,,,,,,,,,,
25/04/2024 03:00:00,0,190,,,,,,,,,,,,,,,,,,
25/04/2024 02:45:00,,190,,,,,,,,,,,,,,,,,,
25/04/2024 02:30:00,,,,,,,,,,,,,,,,,,,,
25/04/2024 02:15:00,0,190,,,,,,,,,,,,,,,,,,
25/04/2024 02:00:00,0,191,,,,,,,,,,,,,,,,,,
25/04/2024 01:45:00,,191,,,,,,,,,,,,,,,,,,
25/04/2024 01:30:00,,,,,,,,,,,,,,,,,,,,
25/04/2024 01:15:00,0,192,,,,,,,,,,,,,,,,,,
25/04/2024 01:00:00,0,192,,,,,,,,,,,,,,,,,,
25/04/2024 00:45:00,,192,,,,,,,,,,,,,,,,,,
25/04/2024 00:30:00,,,,,,,,,,,,,,,,,,,,
25/04/2024 00:15:00,0,193,,,,,,,,,,,,,,,,,,
25/04/2024 00:00:00,0,193,,,,,,,,,,,,,,,,,,
24/04/2024 23:45:00,,193,,,,,,,,,,,,,,,,,,
24/04/2024 23:30:00,,,,,,,,,,,,,,,,,,,,
24/04/2024 23:15:00,0,193,,,,,,,,,,,,,,,,,,
24/04/2024 23:00:00,0,193,,,,,,,,,,,,,,,,,,
24/04/2024 22:45:00,,194,,,,,,,,,,,,,,,,,,
24/04/2024 22:30:00,,,,,,,,,,,,,,,,,,,,
24/04/2024 22:15:00,0,194,,,,,,,,,,,,,,,,,,
24/04/2024 22:00:00,0,194,,,,,,,,,,,,,,,,,,
24/04/2024 21:45:00,,194,,,,,,,,,,,,,,,,,,
24/04/2024 21:30:00,,,,,,,,,,,,,,,,,,,,
24/04/2024 21:15:00,0,195,,,,,,,,,,,,,,,,,,
24/04/2024 21:00:00,0,195,,,,,,,,,,,,,,,,,,
24/04/2024 20:45:00,,195,,,,,,,,,,,,,,,,,,
24/04/2024 20:30:00,,,,,,,,,,,,,,,,,,,,
24/04/2024 03:15:00,0,172,,,,,,,,,,,,,,,,,,
24/04/2024 03:00:00,0,172,,,,,,,,,,,,,,,,,,
24/04/2024 02:45:00,,172,,,,,,,,,,,,,,,,,,
24/04/2024 02:30:00,,,,,,,,,,,,,,,,,,,,
23/04/2024 21:15:00,0,173,,,,,,,,,,,,,,,,,,
23/04/2024 21:00:00,0,173,,,,,,,,,,,,,,,,,,
23/04/2024 20:45:00,,173,,,,,,,,,,,,,,,,,,
23/04/2024 20:30:00,,,,,,,,,,,,,,,,,,,,
23/04/2024 09:15:00,0,175,,,,,,,,,,,,,,,,,,
23/04/2024 09:00:00,0,175,,,,,,,,,,,,,,,,,,
23/04/2024 08:45:00,,175,,,,,,,,,,,,,,,,,,
23/04/2024 08:30:00,,,,,,,,,,,,,,,,,,,,
23/04/2024 08:15:00,0,175,,,,,,,,,,,,,,,,,,
23/04/2024 08:00:00,0,175,,,,,,,,,,,,,,,,,,
23/04/2024 07:45:00,,174,,,,,,,,,,,,,,,,,,
23/04/2024 07:30:00,,,,,,,,,,,,,,,,,,,,
23/04/2024 07:15:00,0,174,,,,,,,,,,,,,,,,,,
23/04/2024 07:00:00,0,174,,,,,,,,,,,,,,,,,,
23/04/2024 06:45:00,,174,,,,,,,,,,,,,,,,,,
23/04/2024 06:30:00,,,,,,,,,,,,,,,,,,,,
23/04/2024 06:15:00,0,174,,,,,,,,,,,,,,,,,,
23/04/2024 06:00:00,0,174,,,,,,,,,,,,,,,,,,
23/04/2024 05:45:00,,174,,,,,,,,,,,,,,,,,,
23/04/2024 05:30:00,,,,,,,,,,,,,,,,,,,,
23/04/2024 05:15:00,0,174,,,,,,,,,,,,,,,,,,
23/04/2024 05:00:00,0,174,,,,,,,,,,,,,,,,,,
23/04/2024 04:45:00,,174,,,,,,,,,,,,,,,,,,
23/04/2024 04:30:00,,,,,,,,,,,,,,,,,,,,
23/04/2024 04:15:00,0,174,,,,,,,,,,,,,,,,,,
23/04/2024 04:00:00,0,174,,,,,,,,,,,,,,,,,,
23/04/2024 03:45:00,,174,,,,,,,,,,,,,,,,,,
23/04/2024 03:30:00,,,,,,,,,,,,,,,,,,,,
23/04/2024 03:15:00,0,174,,,,,,,,,,,,,,,,,,
23/04/2024 03:00:00,0,175,,,,,,,,,,,,,,,,,,
23/04/2024 02:45:00,,175,,,,,,,,,,,,,,,,,,
23/04/2024 02:30:00,,,,,,,,,,,,,,,,,,,,
23/04/2024 02:15:00,0,175,,,,,,,,,,,,,,,,,,
23/04/2024 02:00:00,0,175,,,,,,,,,,,,,,,,,,
23/04/2024 01:45:00,,176,,,,,,,,,,,,,,,,,,
23/04/2024 01:30:00,,,,,,,,,,,,,,,,,,,,
23/04/2024 01:15:00,0,176,,,,,,,,,,,,,,,,,,
23/04/2024 01:00:00,0,176,,,,,,,,,,,,,,,,,,
23/04/2024 00:45:00,,176,,,,,,,,,,,,,,,,,,
23/04/2024 00:30:00,,,,,,,,,,,,,,,,,,,,
23/04/2024 00:15:00,0,176,,,,,,,,,,,,,,,,,,
23/04/2024 00:00:00,0,176,,,,,,,,,,,,,,,,,,
22/04/2024 23:45:00,,176,,,,,,,,,,,,,,,,,,
22/04/2024 23:30:00,,,,,,,,,,,,,,,,,,,,
22/04/2024 23:15:00,0,176,,,,,,,,,,,,,,,,,,
22/04/2024 23:00:00,0,177,,,,,,,,,,,,,,,,,,
22/04/2024 22:45:00,,177,,,,,,,,,,,,,,,,,,
22/04/2024 22:30:00,,,,,,,,,,,,,,,,,,,,
22/04/2024 22:15:00,0,177,,,,,,,,,,,,,,,,,,
22/04/2024 22:00:00,0,177,,,,,,,,,,,,,,,,,,
22/04/2024 21:45:00,,178,,,,,,,,,,,,,,,,,,
22/04/2024 21:30:00,,,,,,,,,,,,,,,,,,,,
22/04/2024 21:15:00,0,178,,,,,,,,,,,,,,,,,,
22/04/2024 21:00:00,0,178,,,,,,,,,,,,,,,,,,
22/04/2024 20:45:00,,178,,,,,,,,,,,,,,,,,,
22/04/2024 20:30:00,,,,,,,,,,,,,,,,,,,,
22/04/2024 20:15:00,0,178,,,,,,,,,,,,,,,,,,
22/04/2024 20:00:00,0,178,,,,,,,,,,,,,,,,,,
22/04/2024 19:45:00,,178,,,,,,,,,,,,,,,,,,
22/04/2024 19:30:00,,,,,,,,,,,,,,,,,,,,
22/04/2024 19:15:00,0,178,,,,,,,,,,,,,,,,,,
22/04/2024 19:00:00,0,178,,,,,,,,,,,,,,,,,,
22/04/2024 18:45:00,,178,,,,,,,,,,,,,,,,,,
22/04/2024 18:30:00,,,,,,,,,,,,,,,,,,,,
22/04/2024 18:15:00,0,178,,,,,,,,,,,,,,,,,,
22/04/2024 18:00:00,0,178,,,,,,,,,,,,,,,,,,
22/04/2024 17:45:00,,178,,,,,,,,,,,,,,,,,,
22/04/2024 17:30:00,,,,,,,,,,,,,,,,,,,,
22/04/2024 17:15:00,0,178,,,,,,,,,,,,,,,,,,
22/04/2024 17:00:00,0,178,,,,,,,,,,,,,,,,,,
22/04/2024 16:45:00,,178,,,,,,,,,,,,,,,,,,
22/04/2024 16:30:00,,,,,,,,,,,,,,,,,,,,
22/04/2024 16:15:00,0,177,,,,,,,,,,,,,,,,,,
22/04/2024 16:00:00,0,177,,,,,,,,,,,,,,,,,,
22/04/2024 15:45:00,,178,,,,,,,,,,,,,,,,,,
22/04/2024 15:30:00,,,,,,,,,,,,,,,,,,,,
22/04/2024 15:15:00,0,178,,,,,,,,,,,,,,,,,,
22/04/2024 15:00:00,0,178,,,,,,,,,,,,,,,,,,
22/04/2024 14:45:00,,178,,,,,,,,,,,,,,,,,,
22/04/2024 14:30:00,,,,,,,,,,,,,,,,,,,,
22/04/2024 13:15:00,0,178,,,,,,,,,,,,,,,,,,
22/04/2024 13:00:00,0,177,,,,,,,,,,,,,,,,,,
22/04/2024 12:45:00,,177,,,,,,,,,,,,,,,,,,
22/04/2024 12:30:00,,,,,,,,,,,,,,,,,,,,
22/04/2024 12:15:00,0,177,,,,,,,,,,,,,,,,,,
22/04/2024 12:00:00,0,177,,,,,,,,,,,,,,,,,,
22/04/2024 11:45:00,,177,,,,,,,,,,,,,,,,,,
22/04/2024 11:30:00,,,,,,,,,,,,,,,,,,,,
22/04/2024 11:15:00,0,176,,,,,,,,,,,,,,,,,,
22/04/2024 11:00:00,0,176,,,,,,,,,,,,,,,,,,
22/04/2024 10:45:00,,176,,,,,,,,,,,,,,,,,,
22/04/2024 10:30:00,,,,,,,,,,,,,,,,,,,,
22/04/2024 10:15:00,0,176,,,,,,,,,,,,,,,,,,
22/04/2024 10:00:00,0,175,,,,,,,,,,,,,,,,,,
22/04/2024 09:45:00,,175,,,,,,,,,,,,,,,,,,
22/04/2024 09:30:00,,,,,,,,,,,,,,,,,,,,
22/04/2024 09:15:00,0,175,,,,,,,,,,,,,,,,,,
22/04/2024 09:00:00,0,175,,,,,,,,,,,,,,,,,,
22/04/2024 08:45:00,,175,,,,,,,,,,,,,,,,,,
22/04/2024 08:30:00,,,,,,,,,,,,,,,,,,,,
22/04/2024 08:15:00,0,175,,,,,,,,,,,,,,,,,,
22/04/2024 08:00:00,0,175,,,,,,,,,,,,,,,,,,
22/04/2024 07:45:00,,175,,,,,,,,,,,,,,,,,,
22/04/2024 07:30:00,,,,,,,,,,,,,,,,,,,,
22/04/2024 07:15:00,0,175,,,,,,,,,,,,,,,,,,
22/04/2024 07:00:00,0,175,,,,,,,,,,,,,,,,,,
22/04/2024 06:45:00,,175,,,,,,,,,,,,,,,,,,
22/04/2024 06:30:00,,,,,,,,,,,,,,,,,,,,
22/04/2024 06:15:00,0,175,,,,,,,,,,,,,,,,,,
22/04/2024 06:00:00,0,175,,,,,,,,,,,,,,,,,,
22/04/2024 05:45:00,,175,,,,,,,,,,,,,,,,,,
22/04/2024 05:30:00,,,,,,,,,,,,,,,,,,,,
22/04/2024 05:15:00,0,175,,,,,,,,,,,,,,,,,,
22/04/2024 05:00:00,0,176,,,,,,,,,,,,,,,,,,
22/04/2024 04:45:00,,176,,,,,,,,,,,,,,,,,,
22/04/2024 04:30:00,,,,,,,,,,,,,,,,,,,,
22/04/2024 04:15:00,0,176,,,,,,,,,,,,,,,,,,
22/04/2024 04:00:00,0,176,,,,,,,,,,,,,,,,,,
22/04/2024 03:45:00,,177,,,,,,,,,,,,,,,,,,
22/04/2024 03:30:00,,,,,,,,,,,,,,,,,,,,
22/04/2024 03:15:00,0,177,,,,,,,,,,,,,,,,,,
22/04/2024 03:00:00,0,177,,,,,,,,,,,,,,,,,,
22/04/2024 02:45:00,,177,,,,,,,,,,,,,,,,,,
22/04/2024 02:30:00,,,,,,,,,,,,,,,,,,,,
22/04/2024 02:15:00,0,177,,,,,,,,,,,,,,,,,,
22/04/2024 02:00:00,0,177,,,,,,,,,,,,,,,,,,
22/04/2024 01:45:00,,177,,,,,,,,,,,,,,,,,,
22/04/2024 01:30:00,,,,,,,,,,,,,,,,,,,,
22/04/2024 01:15:00,0,178,,,,,,,,,,,,,,,,,,
22/04/2024 01:00:00,0,178,,,,,,,,,,,,,,,,,,
22/04/2024 00:45:00,,178,,,,,,,,,,,,,,,,,,
22/04/2024 00:30:00,,,,,,,,,,,,,,,,,,,,
22/04/2024 00:15:00,0,178,,,,,,,,,,,,,,,,,,
22/04/2024 00:00:00,0,178,,,,,,,,,,,,,,,,,,
21/04/2024 23:45:00,,178,,,,,,,,,,,,,,,,,,
21/04/2024 23:30:00,,,,,,,,,,,,,,,,,,,,
21/04/2024 23:15:00,0,178,,,,,,,,,,,,,,,,,,
21/04/2024 23:00:00,0,178,,,,,,,,,,,,,,,,,,
21/04/2024 22:45:00,,178,,,,,,,,,,,,,,,,,,
21/04/2024 22:30:00,,,,,,,,,,,,,,,,,,,,
21/04/2024 22:15:00,0,178,,,,,,,,,,,,,,,,,,
21/04/2024 22:00:00,0,178,,,,,,,,,,,,,,,,,,
21/04/2024 21:45:00,,178,,,,,,,,,,,,,,,,,,
21/04/2024 21:30:00,,,,,,,,,,,,,,,,,,,,
21/04/2024 21:15:00,0,178,,,,,,,,,,,,,,,,,,
21/04/2024 21:00:00,0,178,,,,,,,,,,,,,,,,,,
21/04/2024 20:45:00,,177,,,,,,,,,,,,,,,,,,
21/04/2024 20:30:00,,,,,,,,,,,,,,,,,,,,
21/04/2024 20:15:00,0,177,,,,,,,,,,,,,,,,,,
21/04/2024 20:00:00,0,177,,,,,,,,,,,,,,,,,,
21/04/2024 19:45:00,,177,,,,,,,,,,,,,,,,,,
21/04/2024 19:30:00,,,,,,,,,,,,,,,,,,,,
21/04/2024 19:15:00,0,176,,,,,,,,,,,,,,,,,,
21/04/2024 19:00:00,0,175,,,,,,,,,,,,,,,,,,
21/04/2024 18:45:00,,175,,,,,,,,,,,,,,,,,,
21/04/2024 18:30:00,,,,,,,,,,,,,,,,,,,,
21/04/2024 18:15:00,0,175,,,,,,,,,,,,,,,,,,
21/04/2024 18:00:00,0,175,,,,,,,,,,,,,,,,,,
21/04/2024 17:45:00,,174,,,,,,,,,,,,,,,,,,
21/04/2024 17:30:00,,,,,,,,,,,,,,,,,,,,
21/04/2024 17:15:00,0,174,,,,,,,,,,,,,,,,,,
21/04/2024 17:00:00,0,174,,,,,,,,,,,,,,,,,,
21/04/2024 16:45:00,,173,,,,,,,,,,,,,,,,,,
21/04/2024 16:30:00,,,,,,,,,,,,,,,,,,,,
21/04/2024 16:15:00,0,173,,,,,,,,,,,,,,,,,,
21/04/2024 16:00:00,0,173,,,,,,,,,,,,,,,,,,
21/04/2024 15:45:00,,173,,,,,,,,,,,,,,,,,,
21/04/2024 15:30:00,,,,,,,,,,,,,,,,,,,,
21/04/2024 15:15:00,0,172,,,,,,,,,,,,,,,,,,
21/04/2024 15:00:00,0,172,,,,,,,,,,,,,,,,,,
21/04/2024 14:45:00,,172,,,,,,,,,,,,,,,,,,
21/04/2024 14:30:00,,,,,,,,,,,,,,,,,,,,
21/04/2024 14:15:00,0,172,,,,,,,,,,,,,,,,,,
21/04/2024 14:00:00,0,172,,,,,,,,,,,,,,,,,,
21/04/2024 13:45:00,,172,,,,,,,,,,,,,,,,,,
21/04/2024 13:30:00,,,,,,,,,,,,,,,,,,,,
21/04/2024 12:15:00,0,171,,,,,,,,,,,,,,,,,,
21/04/2024 12:00:00,0,171,,,,,,,,,,,,,,,,,,
21/04/2024 11:45:00,,172,,,,,,,,,,,,,,,,,,
21/04/2024 11:30:00,,,,,,,,,,,,,,,,,,,,
21/04/2024 11:15:00,0,172,,,,,,,,,,,,,,,,,,
21/04/2024 11:00:00,0,172,,,,,,,,,,,,,,,,,,
21/04/2024 10:45:00,,172,,,,,,,,,,,,,,,,,,
21/04/2024 10:30:00,,,,,,,,,,,,,,,,,,,,
21/04/2024 10:15:00,0,173,,,,,,,,,,,,,,,,,,
21/04/2024 10:00:00,0,173,,,,,,,,,,,,,,,,,,
21/04/2024 09:45:00,,173,,,,,,,,,,,,,,,,,,
21/04/2024 09:30:00,,,,,,,,,,,,,,,,,,,,
21/04/2024 09:15:00,0,173,,,,,,,,,,,,,,,,,,
21/04/2024 09:00:00,0,173,,,,,,,,,,,,,,,,,,
21/04/2024 08:45:00,,173,,,,,,,,,,,,,,,,,,
21/04/2024 08:30:00,,,,,,,,,,,,,,,,,,,,
21/04/2024 08:15:00,0,173,,,,,,,,,,,,,,,,,,
21/04/2024 08:00:00,0,173,,,,,,,,,,,,,,,,,,
21/04/2024 07:45:00,,173,,,,,,,,,,,,,,,,,,
21/04/2024 07:30:00,,,,,,,,,,,,,,,,,,,,
21/04/2024 07:15:00,0,173,,,,,,,,,,,,,,,,,,
21/04/2024 07:00:00,0,173,,,,,,,,,,,,,,,,,,
21/04/2024 06:45:00,,173,,,,,,,,,,,,,,,,,,
21/04/2024 06:30:00,,,,,,,,,,,,,,,,,,,,
21/04/2024 06:15:00,0,174,,,,,,,,,,,,,,,,,,
21/04/2024 06:00:00,0,174,,,,,,,,,,,,,,,,,,
21/04/2024 05:45:00,,174,,,,,,,,,,,,,,,,,,
21/04/2024 05:30:00,,,,,,,,,,,,,,,,,,,,
21/04/2024 05:15:00,0,174,,,,,,,,,,,,,,,,,,
21/04/2024 05:00:00,0,175,,,,,,,,,,,,,,,,,,
21/04/2024 04:45:00,,175,,,,,,,,,,,,,,,,,,
21/04/2024 04:30:00,,,,,,,,,,,,,,,,,,,,
21/04/2024 04:15:00,0,175,,,,,,,,,,,,,,,,,,
21/04/2024 04:00:00,0,175,,,,,,,,,,,,,,,,,,
21/04/2024 03:45:00,,175,,,,,,,,,,,,,,,,,,
21/04/2024 03:30:00,,,,,,,,,,,,,,,,,,,,
21/04/2024 03:15:00,0,175,,,,,,,,,,,,,,,,,,
21/04/2024 03:00:00,0,176,,,,,,,,,,,,,,,,,,
21/04/2024 02:45:00,,176,,,,,,,,,,,,,,,,,,
21/04/2024 02:30:00,,,,,,,,,,,,,,,,,,,,
21/04/2024 02:15:00,0,176,,,,,,,,,,,,,,,,,,
21/04/2024 02:00:00,0,176,,,,,,,,,,,,,,,,,,
21/04/2024 01:45:00,,176,,,,,,,,,,,,,,,,,,
21/04/2024 01:30:00,,,,,,,,,,,,,,,,,,,,
21/04/2024 01:15:00,0,176,,,,,,,,,,,,,,,,,,
21/04/2024 01:00:00,0,176,,,,,,,,,,,,,,,,,,
21/04/2024 00:45:00,,176,,,,,,,,,,,,,,,,,,
21/04/2024 00:30:00,,,,,,,,,,,,,,,,,,,,
21/04/2024 00:15:00,0,176,,,,,,,,,,,,,,,,,,
21/04/2024 00:00:00,0,176,,,,,,,,,,,,,,,,,,
20/04/2024 23:45:00,,176,,,,,,,,,,,,,,,,,,
20/04/2024 23:30:00,,,,,,,,,,,,,,,,,,,,
20/04/2024 23:15:00,0,176,,,,,,,,,,,,,,,,,,
20/04/2024 23:00:00,0,176,,,,,,,,,,,,,,,,,,
20/04/2024 22:45:00,,176,,,,,,,,,,,,,,,,,,
20/04/2024 22:30:00,,,,,,,,,,,,,,,,,,,,
20/04/2024 22:15:00,0,176,,,,,,,,,,,,,,,,,,
20/04/2024 22:00:00,0,176,,,,,,,,,,,,,,,,,,
20/04/2024 21:45:00,,175,,,,,,,,,,,,,,,,,,
20/04/2024 21:30:00,,,,,,,,,,,,,,,,,,,,
20/04/2024 21:15:00,0,175,,,,,,,,,,,,,,,,,,
20/04/2024 21:00:00,0,175,,,,,,,,,,,,,,,,,,
20/04/2024 20:45:00,,175,,,,,,,,,,,,,,,,,,
20/04/2024 20:30:00,,,,,,,,,,,,,,,,,,,,
20/04/2024 20:15:00,0,175,,,,,,,,,,,,,,,,,,
20/04/2024 20:00:00,0,175,,,,,,,,,,,,,,,,,,
20/04/2024 19:45:00,,175,,,,,,,,,,,,,,,,,,
20/04/2024 19:30:00,,,,,,,,,,,,,,,,,,,,
20/04/2024 19:15:00,0,174,,,,,,,,,,,,,,,,,,
20/04/2024 19:00:00,0,174,,,,,,,,,,,,,,,,,,
20/04/2024 18:45:00,,174,,,,,,,,,,,,,,,,,,
20/04/2024 18:30:00,,,,,,,,,,,,,,,,,,,,
20/04/2024 18:15:00,0,173,,,,,,,,,,,,,,,,,,
20/04/2024 18:00:00,0,173,,,,,,,,,,,,,,,,,,
20/04/2024 17:45:00,,173,,,,,,,,,,,,,,,,,,
20/04/2024 17:30:00,,,,,,,,,,,,,,,,,,,,
20/04/2024 17:15:00,0,173,,,,,,,,,,,,,,,,,,
20/04/2024 17:00:00,0,173,,,,,,,,,,,,,,,,,,
20/04/2024 16:45:00,,173,,,,,,,,,,,,,,,,,,
20/04/2024 16:30:00,,,,,,,,,,,,,,,,,,,,
20/04/2024 08:15:00,0,179,,,,,,,,,,,,,,,,,,
20/04/2024 08:00:00,0,179,,,,,,,,,,,,,,,,,,
20/04/2024 07:45:00,,179,,,,,,,,,,,,,,,,,,
20/04/2024 07:30:00,,,,,,,,,,,,,,,,,,,,
20/04/2024 07:15:00,0,180,,,,,,,,,,,,,,,,,,
20/04/2024 07:00:00,0,180,,,,,,,,,,,,,,,,,,
20/04/2024 06:45:00,,180,,,,,,,,,,,,,,,,,,
20/04/2024 06:30:00,,,,,,,,,,,,,,,,,,,,
20/04/2024 06:15:00,0,180,,,,,,,,,,,,,,,,,,
20/04/2024 06:00:00,0,180,,,,,,,,,,,,,,,,,,
20/04/2024 05:45:00,,180,,,,,,,,,,,,,,,,,,
20/04/2024 05:30:00,,,,,,,,,,,,,,,,,,,,
20/04/2024 05:15:00,0,179,,,,,,,,,,,,,,,,,,
20/04/2024 05:00:00,0,179,,,,,,,,,,,,,,,,,,
20/04/2024 04:45:00,,179,,,,,,,,,,,,,,,,,,
20/04/2024 04:30:00,,,,,,,,,,,,,,,,,,,,
20/04/2024 04:15:00,0,179,,,,,,,,,,,,,,,,,,
20/04/2024 04:00:00,0,179,,,,,,,,,,,,,,,,,,
20/04/2024 03:45:00,,178,,,,,,,,,,,,,,,,,,
20/04/2024 03:30:00,,,,,,,,,,,,,,,,,,,,
20/04/2024 03:15:00,0,178,,,,,,,,,,,,,,,,,,
20/04/2024 03:00:00,0,178,,,,,,,,,,,,,,,,,,
20/04/2024 02:45:00,,178,,,,,,,,,,,,,,,,,,
20/04/2024 02:30:00,,,,,,,,,,,,,,,,,,,,
20/04/2024 02:15:00,0,178,,,,,,,,,,,,,,,,,,
20/04/2024 02:00:00,0,178,,,,,,,,,,,,,,,,,,
20/04/2024 01:45:00,,178,,,,,,,,,,,,,,,,,,
20/04/2024 01:30:00,,,,,,,,,,,,,,,,,,,,
20/04/2024 01:15:00,0,178,,,,,,,,,,,,,,,,,,
20/04/2024 01:00:00,0,179,,,,,,,,,,,,,,,,,,
20/04/2024 00:45:00,,179,,,,,,,,,,,,,,,,,,
20/04/2024 00:30:00,,,,,,,,,,,,,,,,,,,,
20/04/2024 00:15:00,0,179,,,,,,,,,,,,,,,,,,
20/04/2024 00:00:00,0,180,,,,,,,,,,,,,,,,,,
19/04/2024 23:45:00,,180,,,,,,,,,,,,,,,,,,
19/04/2024 23:30:00,,,,,,,,,,,,,,,,,,,,
19/04/2024 23:15:00,0,180,,,,,,,,,,,,,,,,,,
19/04/2024 23:00:00,0,181,,,,,,,,,,,,,,,,,,
19/04/2024 22:45:00,,181,,,,,,,,,,,,,,,,,,
19/04/2024 22:30:00,,,,,,,,,,,,,,,,,,,,
19/04/2024 22:15:00,0,181,,,,,,,,,,,,,,,,,,
19/04/2024 22:00:00,0,181,,,,,,,,,,,,,,,,,,
19/04/2024 21:45:00,,181,,,,,,,,,,,,,,,,,,
19/04/2024 21:30:00,,,,,,,,,,,,,,,,,,,,
19/04/2024 21:15:00,0,181,,,,,,,,,,,,,,,,,,
19/04/2024 21:00:00,0,181,,,,,,,,,,,,,,,,,,
19/04/2024 20:45:00,,181,,,,,,,,,,,,,,,,,,
19/04/2024 20:30:00,,,,,,,,,,,,,,,,,,,,
19/04/2024 20:15:00,0,180,,,,,,,,,,,,,,,,,,
19/04/2024 20:00:00,0,180,,,,,,,,,,,,,,,,,,
19/04/2024 19:45:00,,180,,,,,,,,,,,,,,,,,,
19/04/2024 19:30:00,,,,,,,,,,,,,,,,,,,,
19/04/2024 19:15:00,0,180,,,,,,,,,,,,,,,,,,
19/04/2024 19:00:00,0,180,,,,,,,,,,,,,,,,,,
19/04/2024 18:45:00,,180,,,,,,,,,,,,,,,,,,
19/04/2024 18:30:00,,,,,,,,,,,,,,,,,,,,
19/04/2024 08:15:00,0,181,,,,,,,,,,,,,,,,,,
19/04/2024 08:00:00,0,181,,,,,,,,,,,,,,,,,,
19/04/2024 07:45:00,,181,,,,,,,,,,,,,,,,,,
19/04/2024 07:30:00,,,,,,,,,,,,,,,,,,,,
19/04/2024 07:15:00,0,181,,,,,,,,,,,,,,,,,,
19/04/2024 07:00:00,0,181,,,,,,,,,,,,,,,,,,
19/04/2024 06:45:00,,181,,,,,,,,,,,,,,,,,,
19/04/2024 06:30:00,,,,,,,,,,,,,,,,,,,,
19/04/2024 06:15:00,0,181,,,,,,,,,,,,,,,,,,
19/04/2024 06:00:00,0,182,,,,,,,,,,,,,,,,,,
19/04/2024 05:45:00,,182,,,,,,,,,,,,,,,,,,
19/04/2024 05:30:00,,,,,,,,,,,,,,,,,,,,
19/04/2024 05:15:00,0,182,,,,,,,,,,,,,,,,,,
19/04/2024 05:00:00,0,182,,,,,,,,,,,,,,,,,,
19/04/2024 04:45:00,,182,,,,,,,,,,,,,,,,,,
19/04/2024 04:30:00,,,,,,,,,,,,,,,,,,,,
19/04/2024 04:15:00,0,182,,,,,,,,,,,,,,,,,,
19/04/2024 04:00:00,0,182,,,,,,,,,,,,,,,,,,
19/04/2024 03:45:00,,183,,,,,,,,,,,,,,,,,,
19/04/2024 03:30:00,,,,,,,,,,,,,,,,,,,,
19/04/2024 03:15:00,0,183,,,,,,,,,,,,,,,,,,
19/04/2024 03:00:00,0,183,,,,,,,,,,,,,,,,,,
19/04/2024 02:45:00,,183,,,,,,,,,,,,,,,,,,
19/04/2024 02:30:00,,,,,,,,,,,,,,,,,,,,
19/04/2024 02:15:00,0,184,,,,,,,,,,,,,,,,,,
19/04/2024 02:00:00,0,184,,,,,,,,,,,,,,,,,,
19/04/2024 01:45:00,,184,,,,,,,,,,,,,,,,,,
19/04/2024 01:30:00,,,,,,,,,,,,,,,,,,,,
19/04/2024 00:15:00,0,184,,,,,,,,,,,,,,,,,,
19/04/2024 00:00:00,0,184,,,,,,,,,,,,,,,,,,
18/04/2024 23:45:00,,184,,,,,,,,,,,,,,,,,,
18/04/2024 23:30:00,,,,,,,,,,,,,,,,,,,,
18/04/2024 23:15:00,0,183,,,,,,,,,,,,,,,,,,
18/04/2024 23:00:00,0,183,,,,,,,,,,,,,,,,,,
18/04/2024 22:45:00,,183,,,,,,,,,,,,,,,,,,
18/04/2024 22:30:00,,,,,,,,,,,,,,,,,,,,
18/04/2024 22:15:00,0,183,,,,,,,,,,,,,,,,,,
18/04/2024 22:00:00,0,182,,,,,,,,,,,,,,,,,,
18/04/2024 21:45:00,,182,,,,,,,,,,,,,,,,,,
18/04/2024 21:30:00,,,,,,,,,,,,,,,,,,,,
13/04/2024 18:15:00,0.2,135,,,,,,,,,,,,,,,,,,
13/04/2024 18:00:00,0.6,136,,,,,,,,,,,,,,,,,,
13/04/2024 17:45:00,,136,,,,,,,,,,,,,,,,,,
13/04/2024 17:30:00,,,,,,,,,,,,,,,,,,,,
13/04/2024 13:15:00,0,135,,,,,,,,,,,,,,,,,,
13/04/2024 13:00:00,0,135,,,,,,,,,,,,,,,,,,
13/04/2024 12:45:00,,135,,,,,,,,,,,,,,,,,,
13/04/2024 12:30:00,,,,,,,,,,,,,,,,,,,,
13/04/2024 12:15:00,0.2,135,,,,,,,,,,,,,,,,,,
13/04/2024 12:00:00,0.2,135,,,,,,,,,,,,,,,,,,
13/04/2024 11:45:00,,134,,,,,,,,,,,,,,,,,,
13/04/2024 11:30:00,,,,,,,,,,,,,,,,,,,,
13/04/2024 10:15:00,0.2,135,,,,,,,,,,,,,,,,,,
13/04/2024 10:00:00,0,135,,,,,,,,,,,,,,,,,,
13/04/2024 09:45:00,,135,,,,,,,,,,,,,,,,,,
13/04/2024 09:30:00,,,,,,,,,,,,,,,,,,,,
13/04/2024 09:15:00,0,135,,,,,,,,,,,,,,,,,,
13/04/2024 09:00:00,0,135,,,,,,,,,,,,,,,,,,
13/04/2024 08:45:00,,135,,,,,,,,,,,,,,,,,,
13/04/2024 08:30:00,,,,,,,,,,,,,,,,,,,,
13/04/2024 08:15:00,0,135,,,,,,,,,,,,,,,,,,
13/04/2024 08:00:00,0,135,,,,,,,,,,,,,,,,,,
13/04/2024 07:45:00,,136,,,,,,,,,,,,,,,,,,
13/04/2024 07:30:00,,,,,,,,,,,,,,,,,,,,
13/04/2024 07:15:00,0,136,,,,,,,,,,,,,,,,,,
13/04/2024 07:00:00,0,137,,,,,,,,,,,,,,,,,,
13/04/2024 06:45:00,,137,,,,,,,,,,,,,,,,,,
13/04/2024 06:30:00,,,,,,,,,,,,,,,,,,,,
13/04/2024 06:15:00,0,137,,,,,,,,,,,,,,,,,,
13/04/2024 06:00:00,0,138,,,,,,,,,,,,,,,,,,
13/04/2024 05:45:00,,138,,,,,,,,,,,,,,,,,,
13/04/2024 05:30:00,,,,,,,,,,,,,,,,,,,,
13/04/2024 05:15:00,0,139,,,,,,,,,,,,,,,,,,
13/04/2024 05:00:00,0,139,,,,,,,,,,,,,,,,,,
13/04/2024 04:45:00,,139,,,,,,,,,,,,,,,,,,
13/04/2024 04:30:00,,,,,,,,,,,,,,,,,,,,
13/04/2024 04:15:00,0,140,,,,,,,,,,,,,,,,,,
13/04/2024 04:00:00,0,140,,,,,,,,,,,,,,,,,,
13/04/2024 03:45:00,,141,,,,,,,,,,,,,,,,,,
13/04/2024 03:30:00,,,,,,,,,,,,,,,,,,,,
13/04/2024 03:15:00,0,141,,,,,,,,,,,,,,,,,,
13/04/2024 03:00:00,0,141,,,,,,,,,,,,,,,,,,
13/04/2024 02:45:00,,141,,,,,,,,,,,,,,,,,,
13/04/2024 02:30:00,,,,,,,,,,,,,,,,,,,,
13/04/2024 02:15:00,0,142,,,,,,,,,,,,,,,,,,
13/04/2024 02:00:00,0,143,,,,,,,,,,,,,,,,,,
13/04/2024 01:45:00,,143,,,,,,,,,,,,,,,,,,
13/04/2024 01:30:00,,,,,,,,,,,,,,,,,,,,
13/04/2024 01:15:00,0,144,,,,,,,,,,,,,,,,,,
13/04/2024 01:00:00,0,145,,,,,,,,,,,,,,,,,,
13/04/2024 00:45:00,,145,,,,,,,,,,,,,,,,,,
13/04/2024 00:30:00,,,,,,,,,,,,,,,,,,,,
13/04/2024 00:15:00,0,145,,,,,,,,,,,,,,,,,,
13/04/2024 00:00:00,0,146,,,,,,,,,,,,,,,,,,
12/4/2024 23:45,,146,,,,,,,,,,,,,,,,,,
12/4/2024 23:30,,,,,,,,,,,,,,,,,,,,
12/4/2024 23:15,0,147,,,,,,,,,,,,,,,,,,
12/4/2024 23:00,0,147,,,,,,,,,,,,,,,,,,
12/4/2024 22:45,,147,,,,,,,,,,,,,,,,,,
12/4/2024 22:30,,,,,,,,,,,,,,,,,,,,
12/4/2024 22:15,0,148,,,,,,,,,,,,,,,,,,
12/4/2024 22:00,0,148,,,,,,,,,,,,,,,,,,
12/4/2024 21:45,,148,,,,,,,,,,,,,,,,,,
12/4/2024 21:30,,,,,,,,,,,,,,,,,,,,
12/4/2024 21:15,0,148,,,,,,,,,,,,,,,,,,
12/4/2024 21:00,0.2,148,,,,,,,,,,,,,,,,,,
12/4/2024 20:45,,148,,,,,,,,,,,,,,,,,,
12/4/2024 20:30,,,,,,,,,,,,,,,,,,,,
12/4/2024 20:15,0,148,,,,,,,,,,,,,,,,,,
12/4/2024 20:00,0,148,,,,,,,,,,,,,,,,,,
12/4/2024 19:45,,148,,,,,,,,,,,,,,,,,,
12/4/2024 19:30,,,,,,,,,,,,,,,,,,,,
12/4/2024 19:15,0,148,,,,,,,,,,,,,,,,,,
12/4/2024 19:00,0,148,,,,,,,,,,,,,,,,,,
12/4/2024 18:45,,148,,,,,,,,,,,,,,,,,,
12/4/2024 18:30,,,,,,,,,,,,,,,,,,,,
12/4/2024 18:15,0.4,148,,,,,,,,,,,,,,,,,,
12/4/2024 18:00,0.2,148,,,,,,,,,,,,,,,,,,
12/4/2024 17:45,,148,,,,,,,,,,,,,,,,,,
12/4/2024 17:30,,,,,,,,,,,,,,,,,,,,
12/4/2024 17:15,0,148,,,,,,,,,,,,,,,,,,
12/4/2024 17:00,0,148,,,,,,,,,,,,,,,,,,
12/4/2024 16:45,,148,,,,,,,,,,,,,,,,,,
12/4/2024 16:30,,,,,,,,,,,,,,,,,,,,
12/4/2024 16:15,0,148,,,,,,,,,,,,,,,,,,
12/4/2024 16:00,0,148,,,,,,,,,,,,,,,,,,
12/4/2024 15:45,,148,,,,,,,,,,,,,,,,,,
12/4/2024 15:30,,,,,,,,,,,,,,,,,,,,
12/4/2024 15:15,0,148,,,,,,,,,,,,,,,,,,
12/4/2024 15:00,0,147,,,,,,,,,,,,,,,,,,
12/4/2024 14:45,,148,,,,,,,,,,,,,,,,,,
12/4/2024 14:30,,,,,,,,,,,,,,,,,,,,
12/4/2024 14:15,0,147,,,,,,,,,,,,,,,,,,
12/4/2024 14:00,0,147,,,,,,,,,,,,,,,,,,
12/4/2024 13:45,,147,,,,,,,,,,,,,,,,,,
12/4/2024 13:30,,,,,,,,,,,,,,,,,,,,
12/4/2024 13:15,0,147,,,,,,,,,,,,,,,,,,
12/4/2024 13:00,0,147,,,,,,,,,,,,,,,,,,
12/4/2024 12:45,,147,,,,,,,,,,,,,,,,,,
12/4/2024 12:30,,,,,,,,,,,,,,,,,,,,
12/4/2024 12:15,0,147,,,,,,,,,,,,,,,,,,
12/4/2024 12:00,0,147,,,,,,,,,,,,,,,,,,
12/4/2024 11:45,,147,,,,,,,,,,,,,,,,,,
12/4/2024 11:30,,,,,,,,,,,,,,,,,,,,
12/4/2024 11:15,0,147,,,,,,,,,,,,,,,,,,
12/4/2024 11:00,0,147,,,,,,,,,,,,,,,,,,
12/4/2024 10:45,,147,,,,,,,,,,,,,,,,,,
12/4/2024 10:30,,,,,,,,,,,,,,,,,,,,
12/4/2024 10:15,0,147,,,,,,,,,,,,,,,,,,
12/4/2024 10:00,0,147,,,,,,,,,,,,,,,,,,
12/4/2024 9:45,,148,,,,,,,,,,,,,,,,,,
12/4/2024 9:30,,,,,,,,,,,,,,,,,,,,
12/4/2024 9:15,0,148,,,,,,,,,,,,,,,,,,
12/4/2024 9:00,0,148,,,,,,,,,,,,,,,,,,
12/4/2024 8:45,,149,,,,,,,,,,,,,,,,,,
12/4/2024 8:30,,,,,,,,,,,,,,,,,,,,
12/4/2024 8:15,0,149,,,,,,,,,,,,,,,,,,
12/4/2024 8:00,0,149,,,,,,,,,,,,,,,,,,
12/4/2024 7:45,,149,,,,,,,,,,,,,,,,,,
12/4/2024 7:30,,,,,,,,,,,,,,,,,,,,
12/4/2024 7:15,0,150,,,,,,,,,,,,,,,,,,
12/4/2024 7:00,0,150,,,,,,,,,,,,,,,,,,
12/4/2024 6:45,,151,,,,,,,,,,,,,,,,,,
12/4/2024 6:30,,,,,,,,,,,,,,,,,,,,
12/4/2024 6:15,0,151,,,,,,,,,,,,,,,,,,
12/4/2024 6:00,0,152,,,,,,,,,,,,,,,,,,
12/4/2024 5:45,,153,,,,,,,,,,,,,,,,,,
12/4/2024 5:30,,,,,,,,,,,,,,,,,,,,
12/4/2024 5:15,0,153,,,,,,,,,,,,,,,,,,
12/4/2024 5:00,0,153,,,,,,,,,,,,,,,,,,
12/4/2024 4:45,,154,,,,,,,,,,,,,,,,,,
12/4/2024 4:30,,,,,,,,,,,,,,,,,,,,
12/4/2024 4:15,0,154,,,,,,,,,,,,,,,,,,
12/4/2024 4:00,0,154,,,,,,,,,,,,,,,,,,
12/4/2024 3:45,,155,,,,,,,,,,,,,,,,,,
12/4/2024 3:30,,,,,,,,,,,,,,,,,,,,
12/4/2024 3:15,0,156,,,,,,,,,,,,,,,,,,
12/4/2024 3:00,0,156,,,,,,,,,,,,,,,,,,
12/4/2024 2:45,,157,,,,,,,,,,,,,,,,,,
12/4/2024 2:30,,,,,,,,,,,,,,,,,,,,
12/4/2024 2:15,0,158,,,,,,,,,,,,,,,,,,
12/4/2024 2:00,0,158,,,,,,,,,,,,,,,,,,
12/4/2024 1:45,,159,,,,,,,,,,,,,,,,,,
12/4/2024 1:30,,,,,,,,,,,,,,,,,,,,
12/4/2024 1:15,0,159,,,,,,,,,,,,,,,,,,
12/4/2024 1:00,0,160,,,,,,,,,,,,,,,,,,
12/4/2024 0:45,,160,,,,,,,,,,,,,,,,,,
12/4/2024 0:30,,,,,,,,,,,,,,,,,,,,
12/4/2024 0:15,0,161,,,,,,,,,,,,,,,,,,
12/4/2024 0:00,0,161,,,,,,,,,,,,,,,,,,
11/4/2024 23:45,,161,,,,,,,,,,,,,,,,,,
11/4/2024 23:30,,,,,,,,,,,,,,,,,,,,
11/4/2024 23:15,0,162,,,,,,,,,,,,,,,,,,
11/4/2024 23:00,0,162,,,,,,,,,,,,,,,,,,
11/4/2024 22:45,,162,,,,,,,,,,,,,,,,,,
11/4/2024 22:30,,,,,,,,,,,,,,,,,,,,
11/4/2024 22:15,0,163,,,,,,,,,,,,,,,,,,
11/4/2024 22:00,0,163,,,,,,,,,,,,,,,,,,
11/4/2024 21:45,,163,,,,,,,,,,,,,,,,,,
11/4/2024 21:30,,,,,,,,,,,,,,,,,,,,
11/4/2024 21:15,0,163,,,,,,,,,,,,,,,,,,
11/4/2024 21:00,0,163,,,,,,,,,,,,,,,,,,
11/4/2024 20:45,,164,,,,,,,,,,,,,,,,,,
11/4/2024 20:30,,,,,,,,,,,,,,,,,,,,
11/4/2024 20:15,0,165,,,,,,,,,,,,,,,,,,
11/4/2024 20:00,0,166,,,,,,,,,,,,,,,,,,
11/4/2024 19:45,,166,,,,,,,,,,,,,,,,,,
11/4/2024 19:30,,,,,,,,,,,,,,,,,,,,
11/4/2024 19:15,0,167,,,,,,,,,,,,,,,,,,
11/4/2024 19:00,0,168,,,,,,,,,,,,,,,,,,
11/4/2024 18:45,,168,,,,,,,,,,,,,,,,,,
11/4/2024 18:30,,,,,,,,,,,,,,,,,,,,
11/4/2024 18:15,0,169,,,,,,,,,,,,,,,,,,
11/4/2024 18:00,0,169,,,,,,,,,,,,,,,,,,
11/4/2024 17:45,,169,,,,,,,,,,,,,,,,,,
11/4/2024 17:30,,,,,,,,,,,,,,,,,,,,
11/4/2024 17:15,0,169,,,,,,,,,,,,,,,,,,
11/4/2024 17:00,0,169,,,,,,,,,,,,,,,,,,
11/4/2024 16:45,,169,,,,,,,,,,,,,,,,,,
11/4/2024 16:30,,,,,,,,,,,,,,,,,,,,
11/4/2024 16:15,0,169,,,,,,,,,,,,,,,,,,
11/4/2024 16:00,0,169,,,,,,,,,,,,,,,,,,
11/4/2024 15:45,,169,,,,,,,,,,,,,,,,,,
11/4/2024 15:30,,,,,,,,,,,,,,,,,,,,
11/4/2024 15:15,0,168,,,,,,,,,,,,,,,,,,
11/4/2024 15:00,0,168,,,,,,,,,,,,,,,,,,
11/4/2024 14:45,,168,,,,,,,,,,,,,,,,,,
11/4/2024 14:30,,,,,,,,,,,,,,,,,,,,
11/4/2024 14:15,0,167,,,,,,,,,,,,,,,,,,
11/4/2024 14:00,0,167,,,,,,,,,,,,,,,,,,
11/4/2024 13:45,,167,,,,,,,,,,,,,,,,,,
11/4/2024 13:30,,,,,,,,,,,,,,,,,,,,
11/4/2024 13:15,0,167,,,,,,,,,,,,,,,,,,
11/4/2024 13:00,0.2,167,,,,,,,,,,,,,,,,,,
11/4/2024 12:45,,167,,,,,,,,,,,,,,,,,,
11/4/2024 12:30,,,,,,,,,,,,,,,,,,,,
11/4/2024 12:15,0.2,167,,,,,,,,,,,,,,,,,,
11/4/2024 12:00,0,167,,,,,,,,,,,,,,,,,,
11/4/2024 11:45,,167,,,,,,,,,,,,,,,,,,
11/4/2024 11:30,,,,,,,,,,,,,,,,,,,,
11/4/2024 11:15,0,166,,,,,,,,,,,,,,,,,,
11/4/2024 11:00,0,165,,,,,,,,,,,,,,,,,,
11/4/2024 10:45,,165,,,,,,,,,,,,,,,,,,
11/4/2024 10:30,,,,,,,,,,,,,,,,,,,,
11/4/2024 10:15,0.2,164,,,,,,,,,,,,,,,,,,
11/4/2024 10:00,0,164,,,,,,,,,,,,,,,,,,
11/4/2024 9:45,,164,,,,,,,,,,,,,,,,,,
11/4/2024 9:30,,,,,,,,,,,,,,,,,,,,
11/4/2024 9:15,0,163,,,,,,,,,,,,,,,,,,
11/4/2024 9:00,0,163,,,,,,,,,,,,,,,,,,
11/4/2024 8:45,,161,,,,,,,,,,,,,,,,,,
11/4/2024 8:30,,,,,,,,,,,,,,,,,,,,
11/4/2024 8:15,0,159,,,,,,,,,,,,,,,,,,
11/4/2024 8:00,0,157,,,,,,,,,,,,,,,,,,
11/4/2024 7:45,,156,,,,,,,,,,,,,,,,,,
11/4/2024 7:30,,,,,,,,,,,,,,,,,,,,
11/4/2024 7:15,0,154,,,,,,,,,,,,,,,,,,
11/4/2024 7:00,0,153,,,,,,,,,,,,,,,,,,
11/4/2024 6:45,,152,,,,,,,,,,,,,,,,,,
11/4/2024 6:30,,,,,,,,,,,,,,,,,,,,
11/4/2024 6:15,0,150,,,,,,,,,,,,,,,,,,
11/4/2024 6:00,0,149,,,,,,,,,,,,,,,,,,
11/4/2024 5:45,,149,,,,,,,,,,,,,,,,,,
11/4/2024 5:30,,,,,,,,,,,,,,,,,,,,
11/4/2024 5:15,0,148,,,,,,,,,,,,,,,,,,
11/4/2024 5:00,0,147,,,,,,,,,,,,,,,,,,
11/4/2024 4:45,,146,,,,,,,,,,,,,,,,,,
11/4/2024 4:30,,,,,,,,,,,,,,,,,,,,
11/4/2024 4:15,0,146,,,,,,,,,,,,,,,,,,
11/4/2024 4:00,0,146,,,,,,,,,,,,,,,,,,
11/4/2024 3:45,,147,,,,,,,,,,,,,,,,,,
11/4/2024 3:30,,,,,,,,,,,,,,,,,,,,
11/4/2024 3:15,0,148,,,,,,,,,,,,,,,,,,
11/4/2024 3:00,0,148,,,,,,,,,,,,,,,,,,
11/4/2024 2:45,,148,,,,,,,,,,,,,,,,,,
11/4/2024 2:30,,,,,,,,,,,,,,,,,,,,
11/4/2024 2:15,0,149,,,,,,,,,,,,,,,,,,
11/4/2024 2:00,0,149,,,,,,,,,,,,,,,,,,
11/4/2024 1:45,,149,,,,,,,,,,,,,,,,,,
11/4/2024 1:30,,,,,,,,,,,,,,,,,,,,
11/4/2024 1:15,0,149,,,,,,,,,,,,,,,,,,
11/4/2024 1:00,0,149,,,,,,,,,,,,,,,,,,
11/4/2024 0:45,,149,,,,,,,,,,,,,,,,,,
11/4/2024 0:30,,,,,,,,,,,,,,,,,,,,
11/4/2024 0:15,0,150,,,,,,,,,,,,,,,,,,
11/4/2024 0:00,0,150,,,,,,,,,,,,,,,,,,
10/4/2024 23:45,,150,,,,,,,,,,,,,,,,,,
10/4/2024 23:30,,,,,,,,,,,,,,,,,,,,
10/4/2024 23:15,0,150,,,,,,,,,,,,,,,,,,
10/4/2024 23:00,0,149,,,,,,,,,,,,,,,,,,
10/4/2024 22:45,,149,,,,,,,,,,,,,,,,,,
10/4/2024 22:30,,,,,,,,,,,,,,,,,,,,
10/4/2024 22:15,0,149,,,,,,,,,,,,,,,,,,
10/4/2024 22:00,0,149,,,,,,,,,,,,,,,,,,
10/4/2024 21:45,,149,,,,,,,,,,,,,,,,,,
10/4/2024 21:30,,,,,,,,,,,,,,,,,,,,
10/4/2024 21:15,0,148,,,,,,,,,,,,,,,,,,
10/4/2024 21:00,0,148,,,,,,,,,,,,,,,,,,
10/4/2024 20:45,,147,,,,,,,,,,,,,,,,,,
10/4/2024 20:30,,,,,,,,,,,,,,,,,,,,
10/4/2024 20:15,0,146,,,,,,,,,,,,,,,,,,
10/4/2024 20:00,0,145,,,,,,,,,,,,,,,,,,
10/4/2024 19:45,,145,,,,,,,,,,,,,,,,,,
10/4/2024 19:30,,,,,,,,,,,,,,,,,,,,
10/4/2024 19:15,0,144,,,,,,,,,,,,,,,,,,
10/4/2024 19:00,0,143,,,,,,,,,,,,,,,,,,
10/4/2024 18:45,,142,,,,,,,,,,,,,,,,,,
10/4/2024 18:30,,,,,,,,,,,,,,,,,,,,
10/4/2024 18:15,0,141,,,,,,,,,,,,,,,,,,
10/4/2024 18:00,0,141,,,,,,,,,,,,,,,,,,
10/4/2024 17:45,,140,,,,,,,,,,,,,,,,,,
10/4/2024 17:30,,,,,,,,,,,,,,,,,,,,
10/4/2024 17:15,0,139,,,,,,,,,,,,,,,,,,
10/4/2024 17:00,0,139,,,,,,,,,,,,,,,,,,
10/4/2024 16:45,,138,,,,,,,,,,,,,,,,,,
10/4/2024 16:30,,,,,,,,,,,,,,,,,,,,
10/4/2024 16:15,0,138,,,,,,,,,,,,,,,,,,
10/4/2024 16:00,0,138,,,,,,,,,,,,,,,,,,
10/4/2024 15:45,,137,,,,,,,,,,,,,,,,,,
10/4/2024 15:30,,,,,,,,,,,,,,,,,,,,
10/4/2024 15:15,0,136,,,,,,,,,,,,,,,,,,
10/4/2024 15:00,0,136,,,,,,,,,,,,,,,,,,
10/4/2024 14:45,,135,,,,,,,,,,,,,,,,,,
10/4/2024 14:30,,,,,,,,,,,,,,,,,,,,
10/4/2024 14:15,0,134,,,,,,,,,,,,,,,,,,
10/4/2024 14:00,0,134,,,,,,,,,,,,,,,,,,
10/4/2024 13:45,,134,,,,,,,,,,,,,,,,,,
10/4/2024 13:30,,,,,,,,,,,,,,,,,,,,
10/4/2024 13:15,0,134,,,,,,,,,,,,,,,,,,
10/4/2024 13:00,0,134,,,,,,,,,,,,,,,,,,
10/4/2024 12:45,,134,,,,,,,,,,,,,,,,,,
10/4/2024 12:30,,,,,,,,,,,,,,,,,,,,
10/4/2024 12:15,0,133,,,,,,,,,,,,,,,,,,
10/4/2024 12:00,0,133,,,,,,,,,,,,,,,,,,
10/4/2024 11:45,,133,,,,,,,,,,,,,,,,,,
10/4/2024 11:30,,,,,,,,,,,,,,,,,,,,
10/4/2024 11:15,0,132,,,,,,,,,,,,,,,,,,
10/4/2024 11:00,0,132,,,,,,,,,,,,,,,,,,
10/4/2024 10:45,,131,,,,,,,,,,,,,,,,,,
10/4/2024 10:30,,,,,,,,,,,,,,,,,,,,
10/4/2024 10:15,0,131,,,,,,,,,,,,,,,,,,
10/4/2024 10:00,0,131,,,,,,,,,,,,,,,,,,
10/4/2024 9:45,,131,,,,,,,,,,,,,,,,,,
10/4/2024 9:30,,,,,,,,,,,,,,,,,,,,
10/4/2024 9:15,0,130,,,,,,,,,,,,,,,,,,
10/4/2024 9:00,0,130,,,,,,,,,,,,,,,,,,
10/4/2024 8:45,,130,,,,,,,,,,,,,,,,,,
10/4/2024 8:30,,,,,,,,,,,,,,,,,,,,
10/4/2024 8:15,0,130,,,,,,,,,,,,,,,,,,
10/4/2024 8:00,0,130,,,,,,,,,,,,,,,,,,
10/4/2024 7:45,,130,,,,,,,,,,,,,,,,,,
10/4/2024 7:30,,,,,,,,,,,,,,,,,,,,
10/4/2024 7:15,0,129,,,,,,,,,,,,,,,,,,
10/4/2024 7:00,0,130,,,,,,,,,,,,,,,,,,
10/4/2024 6:45,,130,,,,,,,,,,,,,,,,,,
10/4/2024 6:30,,,,,,,,,,,,,,,,,,,,
10/4/2024 6:15,0,130,,,,,,,,,,,,,,,,,,
10/4/2024 6:00,0,130,,,,,,,,,,,,,,,,,,
10/4/2024 5:45,,130,,,,,,,,,,,,,,,,,,
10/4/2024 5:30,,,,,,,,,,,,,,,,,,,,
10/4/2024 5:15,0,131,,,,,,,,,,,,,,,,,,
10/4/2024 5:00,0,131,,,,,,,,,,,,,,,,,,
10/4/2024 4:45,,131,,,,,,,,,,,,,,,,,,
10/4/2024 4:30,,,,,,,,,,,,,,,,,,,,
10/4/2024 4:15,0,131,,,,,,,,,,,,,,,,,,
10/4/2024 4:00,0,131,,,,,,,,,,,,,,,,,,
10/4/2024 3:45,,131,,,,,,,,,,,,,,,,,,
10/4/2024 3:30,,,,,,,,,,,,,,,,,,,,
10/4/2024 3:15,0,132,,,,,,,,,,,,,,,,,,
10/4/2024 3:00,0,132,,,,,,,,,,,,,,,,,,
10/4/2024 2:45,,133,,,,,,,,,,,,,,,,,,
10/4/2024 2:30,,,,,,,,,,,,,,,,,,,,
10/4/2024 2:15,0,133,,,,,,,,,,,,,,,,,,
10/4/2024 2:00,0,134,,,,,,,,,,,,,,,,,,
10/4/2024 1:45,,134,,,,,,,,,,,,,,,,,,
10/4/2024 1:30,,,,,,,,,,,,,,,,,,,,
10/4/2024 1:15,0,134,,,,,,,,,,,,,,,,,,
10/4/2024 1:00,0,135,,,,,,,,,,,,,,,,,,
10/4/2024 0:45,,135,,,,,,,,,,,,,,,,,,
10/4/2024 0:30,,,,,,,,,,,,,,,,,,,,
10/4/2024 0:15,0,136,,,,,,,,,,,,,,,,,,
10/4/2024 0:00,0,136,,,,,,,,,,,,,,,,,,
9/4/2024 23:45,,136,,,,,,,,,,,,,,,,,,
9/4/2024 23:30,,,,,,,,,,,,,,,,,,,,
9/4/2024 23:15,0,137,,,,,,,,,,,,,,,,,,
9/4/2024 23:00,0,137,,,,,,,,,,,,,,,,,,
9/4/2024 22:45,,137,,,,,,,,,,,,,,,,,,
9/4/2024 22:30,,,,,,,,,,,,,,,,,,,,
9/4/2024 22:15,0,137,,,,,,,,,,,,,,,,,,
9/4/2024 22:00,0,137,,,,,,,,,,,,,,,,,,
9/4/2024 21:45,,137,,,,,,,,,,,,,,,,,,
9/4/2024 21:30,,,,,,,,,,,,,,,,,,,,
9/4/2024 21:15,0,136,,,,,,,,,,,,,,,,,,
9/4/2024 21:00,0,136,,,,,,,,,,,,,,,,,,
9/4/2024 20:45,,135,,,,,,,,,,,,,,,,,,
9/4/2024 20:30,,,,,,,,,,,,,,,,,,,,
9/4/2024 20:15,0,134,,,,,,,,,,,,,,,,,,
9/4/2024 20:00,0,134,,,,,,,,,,,,,,,,,,
9/4/2024 19:45,,133,,,,,,,,,,,,,,,,,,
9/4/2024 19:30,,,,,,,,,,,,,,,,,,,,
9/4/2024 19:15,0,131,,,,,,,,,,,,,,,,,,
9/4/2024 19:00,0,130,,,,,,,,,,,,,,,,,,
9/4/2024 18:45,,130,,,,,,,,,,,,,,,,,,
9/4/2024 18:30,,,,,,,,,,,,,,,,,,,,
9/4/2024 18:15,0,128,,,,,,,,,,,,,,,,,,
9/4/2024 18:00,0,128,,,,,,,,,,,,,,,,,,
9/4/2024 17:45,,128,,,,,,,,,,,,,,,,,,
9/4/2024 17:30,,,,,,,,,,,,,,,,,,,,
9/4/2024 17:15,0,127,,,,,,,,,,,,,,,,,,
9/4/2024 17:00,0,126,,,,,,,,,,,,,,,,,,
9/4/2024 16:45,,126,,,,,,,,,,,,,,,,,,
9/4/2024 16:30,,,,,,,,,,,,,,,,,,,,
9/4/2024 15:15,0,125,,,,,,,,,,,,,,,,,,
9/4/2024 15:00,0,125,,,,,,,,,,,,,,,,,,
9/4/2024 14:45,,125,,,,,,,,,,,,,,,,,,
9/4/2024 14:30,,,,,,,,,,,,,,,,,,,,
9/4/2024 14:15,0,124,,,,,,,,,,,,,,,,,,
9/4/2024 14:00,0,124,,,,,,,,,,,,,,,,,,
9/4/2024 13:45,,124,,,,,,,,,,,,,,,,,,
9/4/2024 13:30,,,,,,,,,,,,,,,,,,,,
9/4/2024 13:15,0,124,,,,,,,,,,,,,,,,,,
9/4/2024 13:00,0,124,,,,,,,,,,,,,,,,,,
9/4/2024 12:45,,124,,,,,,,,,,,,,,,,,,
9/4/2024 12:30,,,,,,,,,,,,,,,,,,,,
9/4/2024 11:15,0,125,,,,,,,,,,,,,,,,,,
9/4/2024 11:00,0,125,,,,,,,,,,,,,,,,,,
9/4/2024 10:45,,125,,,,,,,,,,,,,,,,,,
9/4/2024 10:30,,,,,,,,,,,,,,,,,,,,
9/4/2024 10:15,0,125,,,,,,,,,,,,,,,,,,
9/4/2024 10:00,0,125,,,,,,,,,,,,,,,,,,
9/4/2024 9:45,,125,,,,,,,,,,,,,,,,,,
9/4/2024 9:30,,,,,,,,,,,,,,,,,,,,
9/4/2024 9:15,0,125,,,,,,,,,,,,,,,,,,
9/4/2024 9:00,0,125,,,,,,,,,,,,,,,,,,
9/4/2024 8:45,,124,,,,,,,,,,,,,,,,,,
9/4/2024 8:30,,,,,,,,,,,,,,,,,,,,
9/4/2024 8:15,0,124,,,,,,,,,,,,,,,,,,
9/4/2024 8:00,0,124,,,,,,,,,,,,,,,,,,
9/4/2024 7:45,,124,,,,,,,,,,,,,,,,,,
9/4/2024 7:30,,,,,,,,,,,,,,,,,,,,
9/4/2024 7:15,0,124,,,,,,,,,,,,,,,,,,
9/4/2024 7:00,0,124,,,,,,,,,,,,,,,,,,
9/4/2024 6:45,,124,,,,,,,,,,,,,,,,,,
9/4/2024 6:30,,,,,,,,,,,,,,,,,,,,
9/4/2024 6:15,0,124,,,,,,,,,,,,,,,,,,
9/4/2024 6:00,0,124,,,,,,,,,,,,,,,,,,
9/4/2024 5:45,,124,,,,,,,,,,,,,,,,,,
9/4/2024 5:30,,,,,,,,,,,,,,,,,,,,
9/4/2024 5:15,0,124,,,,,,,,,,,,,,,,,,
9/4/2024 5:00,0,124,,,,,,,,,,,,,,,,,,
9/4/2024 4:45,,124,,,,,,,,,,,,,,,,,,
9/4/2024 4:30,,,,,,,,,,,,,,,,,,,,
9/4/2024 4:15,0,124,,,,,,,,,,,,,,,,,,
9/4/2024 4:00,0,124,,,,,,,,,,,,,,,,,,
9/4/2024 3:45,,124,,,,,,,,,,,,,,,,,,
9/4/2024 3:30,,,,,,,,,,,,,,,,,,,,
9/4/2024 3:15,0,123,,,,,,,,,,,,,,,,,,
9/4/2024 3:00,0,123,,,,,,,,,,,,,,,,,,
9/4/2024 2:45,,123,,,,,,,,,,,,,,,,,,
9/4/2024 2:30,,,,,,,,,,,,,,,,,,,,
9/4/2024 2:15,0,122,,,,,,,,,,,,,,,,,,
9/4/2024 2:00,0,122,,,,,,,,,,,,,,,,,,
9/4/2024 1:45,,122,,,,,,,,,,,,,,,,,,
9/4/2024 1:30,,,,,,,,,,,,,,,,,,,,
9/4/2024 1:15,0,122,,,,,,,,,,,,,,,,,,
9/4/2024 1:00,0,122,,,,,,,,,,,,,,,,,,
9/4/2024 0:45,,121,,,,,,,,,,,,,,,,,,
9/4/2024 0:30,,,,,,,,,,,,,,,,,,,,
9/4/2024 0:15,0,121,,,,,,,,,,,,,,,,,,
9/4/2024 0:00,0,121,,,,,,,,,,,,,,,,,,
8/4/2024 23:45,,121,,,,,,,,,,,,,,,,,,
8/4/2024 23:30,,,,,,,,,,,,,,,,,,,,
8/4/2024 23:15,0,121,,,,,,,,,,,,,,,,,,
8/4/2024 23:00,0,121,,,,,,,,,,,,,,,,,,
8/4/2024 22:45,,121,,,,,,,,,,,,,,,,,,
8/4/2024 22:30,,,,,,,,,,,,,,,,,,,,
8/4/2024 22:15,0,121,,,,,,,,,,,,,,,,,,
8/4/2024 22:00,0,121,,,,,,,,,,,,,,,,,,
8/4/2024 21:45,,121,,,,,,,,,,,,,,,,,,
8/4/2024 21:30,,,,,,,,,,,,,,,,,,,,
8/4/2024 21:15,0,121,,,,,,,,,,,,,,,,,,
8/4/2024 21:00,0,121,,,,,,,,,,,,,,,,,,
8/4/2024 20:45,,121,,,,,,,,,,,,,,,,,,
8/4/2024 20:30,,,,,,,,,,,,,,,,,,,,
8/4/2024 20:15,0,121,,,,,,,,,,,,,,,,,,
8/4/2024 20:00,0,121,,,,,,,,,,,,,,,,,,
8/4/2024 19:45,,121,,,,,,,,,,,,,,,,,,
8/4/2024 19:30,,,,,,,,,,,,,,,,,,,,
8/4/2024 19:15,0,121,,,,,,,,,,,,,,,,,,
8/4/2024 19:00,0,121,,,,,,,,,,,,,,,,,,
8/4/2024 18:45,,121,,,,,,,,,,,,,,,,,,
8/4/2024 18:30,,,,,,,,,,,,,,,,,,,,
8/4/2024 18:15,0,121,,,,,,,,,,,,,,,,,,
8/4/2024 18:00,0,121,,,,,,,,,,,,,,,,,,
8/4/2024 17:45,,122,,,,,,,,,,,,,,,,,,
8/4/2024 17:30,,,,,,,,,,,,,,,,,,,,
8/4/2024 17:15,0,122,,,,,,,,,,,,,,,,,,
8/4/2024 17:00,0,122,,,,,,,,,,,,,,,,,,
8/4/2024 16:45,,122,,,,,,,,,,,,,,,,,,
8/4/2024 16:30,,,,,,,,,,,,,,,,,,,,
8/4/2024 16:15,0,122,,,,,,,,,,,,,,,,,,
8/4/2024 16:00,0,122,,,,,,,,,,,,,,,,,,
8/4/2024 15:45,,123,,,,,,,,,,,,,,,,,,
8/4/2024 15:30,,,,,,,,,,,,,,,,,,,,
8/4/2024 15:15,0,123,,,,,,,,,,,,,,,,,,
8/4/2024 15:00,0,123,,,,,,,,,,,,,,,,,,
8/4/2024 14:45,,123,,,,,,,,,,,,,,,,,,
8/4/2024 14:30,,,,,,,,,,,,,,,,,,,,
8/4/2024 14:15,0,124,,,,,,,,,,,,,,,,,,
8/4/2024 14:00,0,124,,,,,,,,,,,,,,,,,,
8/4/2024 13:45,,125,,,,,,,,,,,,,,,,,,
8/4/2024 13:30,,,,,,,,,,,,,,,,,,,,
8/4/2024 13:15,0,125,,,,,,,,,,,,,,,,,,
8/4/2024 13:00,0,126,,,,,,,,,,,,,,,,,,
8/4/2024 12:45,,126,,,,,,,,,,,,,,,,,,
8/4/2024 12:30,,,,,,,,,,,,,,,,,,,,
8/4/2024 12:15,0,127,,,,,,,,,,,,,,,,,,
8/4/2024 12:00,0,127,,,,,,,,,,,,,,,,,,
8/4/2024 11:45,,127,,,,,,,,,,,,,,,,,,
8/4/2024 11:30,,,,,,,,,,,,,,,,,,,,
8/4/2024 11:15,0,127,,,,,,,,,,,,,,,,,,
8/4/2024 11:00,0,127,,,,,,,,,,,,,,,,,,
8/4/2024 10:45,,127,,,,,,,,,,,,,,,,,,
8/4/2024 10:30,,,,,,,,,,,,,,,,,,,,
8/4/2024 10:15,0,127,,,,,,,,,,,,,,,,,,
8/4/2024 10:00,0,127,,,,,,,,,,,,,,,,,,
8/4/2024 9:45,,128,,,,,,,,,,,,,,,,,,
8/4/2024 9:30,,,,,,,,,,,,,,,,,,,,
8/4/2024 9:15,0,128,,,,,,,,,,,,,,,,,,
8/4/2024 9:00,0,128,,,,,,,,,,,,,,,,,,
8/4/2024 8:45,,128,,,,,,,,,,,,,,,,,,
8/4/2024 8:30,,,,,,,,,,,,,,,,,,,,
8/4/2024 8:15,0,127,,,,,,,,,,,,,,,,,,
8/4/2024 8:00,0,127,,,,,,,,,,,,,,,,,,
8/4/2024 7:45,,127,,,,,,,,,,,,,,,,,,
8/4/2024 7:30,,,,,,,,,,,,,,,,,,,,
8/4/2024 7:15,0,127,,,,,,,,,,,,,,,,,,
8/4/2024 7:00,0,126,,,,,,,,,,,,,,,,,,
8/4/2024 6:45,,126,,,,,,,,,,,,,,,,,,
8/4/2024 6:30,,,,,,,,,,,,,,,,,,,,
8/4/2024 6:15,0,126,,,,,,,,,,,,,,,,,,
8/4/2024 6:00,0,126,,,,,,,,,,,,,,,,,,
8/4/2024 5:45,,125,,,,,,,,,,,,,,,,,,
8/4/2024 5:30,,,,,,,,,,,,,,,,,,,,
8/4/2024 5:15,0,125,,,,,,,,,,,,,,,,,,
8/4/2024 5:00,0,125,,,,,,,,,,,,,,,,,,
8/4/2024 4:45,,125,,,,,,,,,,,,,,,,,,
8/4/2024 4:30,,,,,,,,,,,,,,,,,,,,
8/4/2024 4:15,0,124,,,,,,,,,,,,,,,,,,
8/4/2024 4:00,0,124,,,,,,,,,,,,,,,,,,
8/4/2024 3:45,,124,,,,,,,,,,,,,,,,,,
8/4/2024 3:30,,,,,,,,,,,,,,,,,,,,
8/4/2024 3:15,0,123,,,,,,,,,,,,,,,,,,
8/4/2024 3:00,0,123,,,,,,,,,,,,,,,,,,
8/4/2024 2:45,,123,,,,,,,,,,,,,,,,,,
8/4/2024 2:30,,,,,,,,,,,,,,,,,,,,
8/4/2024 2:15,0,123,,,,,,,,,,,,,,,,,,
8/4/2024 2:00,0,122,,,,,,,,,,,,,,,,,,
8/4/2024 1:45,,122,,,,,,,,,,,,,,,,,,
8/4/2024 1:30,,,,,,,,,,,,,,,,,,,,
8/4/2024 1:15,0,119,,,,,,,,,,,,,,,,,,
8/4/2024 1:00,0,119,,,,,,,,,,,,,,,,,,
8/4/2024 0:45,,118,,,,,,,,,,,,,,,,,,
8/4/2024 0:30,,,,,,,,,,,,,,,,,,,,
8/4/2024 0:15,0,119,,,,,,,,,,,,,,,,,,
8/4/2024 0:00,0,119,,,,,,,,,,,,,,,,,,
7/4/2024 23:45,,118,,,,,,,,,,,,,,,,,,
7/4/2024 23:30,,,,,,,,,,,,,,,,,,,,
7/4/2024 23:15,0,117,,,,,,,,,,,,,,,,,,
7/4/2024 23:00,0,117,,,,,,,,,,,,,,,,,,
7/4/2024 22:45,,117,,,,,,,,,,,,,,,,,,
7/4/2024 22:30,,,,,,,,,,,,,,,,,,,,
7/4/2024 22:15,0,116,,,,,,,,,,,,,,,,,,
7/4/2024 22:00,0,115,,,,,,,,,,,,,,,,,,
7/4/2024 21:45,,114,,,,,,,,,,,,,,,,,,
7/4/2024 21:30,,,,,,,,,,,,,,,,,,,,
7/4/2024 21:15,0.2,113,,,,,,,,,,,,,,,,,,
7/4/2024 21:00,0,113,,,,,,,,,,,,,,,,,,
7/4/2024 20:45,,113,,,,,,,,,,,,,,,,,,
7/4/2024 20:30,,,,,,,,,,,,,,,,,,,,
7/4/2024 20:15,0,112,,,,,,,,,,,,,,,,,,
7/4/2024 20:00,0,112,,,,,,,,,,,,,,,,,,
7/4/2024 19:45,,112,,,,,,,,,,,,,,,,,,
7/4/2024 19:30,,,,,,,,,,,,,,,,,,,,
7/4/2024 19:15,1,111,,,,,,,,,,,,,,,,,,
7/4/2024 19:00,2.4,111,,,,,,,,,,,,,,,,,,
7/4/2024 18:45,,111,,,,,,,,,,,,,,,,,,
7/4/2024 18:30,,,,,,,,,,,,,,,,,,,,
7/4/2024 18:15,0,111,,,,,,,,,,,,,,,,,,
7/4/2024 18:00,0,111,,,,,,,,,,,,,,,,,,
7/4/2024 17:45,,111,,,,,,,,,,,,,,,,,,
7/4/2024 17:30,,,,,,,,,,,,,,,,,,,,
7/4/2024 17:15,0,111,,,,,,,,,,,,,,,,,,
7/4/2024 17:00,0,111,,,,,,,,,,,,,,,,,,
7/4/2024 16:45,,111,,,,,,,,,,,,,,,,,,
7/4/2024 16:30,,,,,,,,,,,,,,,,,,,,
7/4/2024 16:15,0,112,,,,,,,,,,,,,,,,,,
7/4/2024 16:00,0,112,,,,,,,,,,,,,,,,,,
7/4/2024 15:45,,113,,,,,,,,,,,,,,,,,,
7/4/2024 15:30,,,,,,,,,,,,,,,,,,,,
7/4/2024 15:15,0,113,,,,,,,,,,,,,,,,,,
7/4/2024 15:00,0,113,,,,,,,,,,,,,,,,,,
7/4/2024 14:45,,114,,,,,,,,,,,,,,,,,,
7/4/2024 14:30,,,,,,,,,,,,,,,,,,,,
7/4/2024 14:15,0,115,,,,,,,,,,,,,,,,,,
7/4/2024 14:00,0,115,,,,,,,,,,,,,,,,,,
7/4/2024 13:45,,115,,,,,,,,,,,,,,,,,,
7/4/2024 13:30,,,,,,,,,,,,,,,,,,,,
7/4/2024 13:15,0,115,,,,,,,,,,,,,,,,,,
7/4/2024 13:00,0,115,,,,,,,,,,,,,,,,,,
7/4/2024 12:45,,116,,,,,,,,,,,,,,,,,,
7/4/2024 12:30,,,,,,,,,,,,,,,,,,,,
7/4/2024 12:15,0,116,,,,,,,,,,,,,,,,,,
7/4/2024 12:00,0,117,,,,,,,,,,,,,,,,,,
7/4/2024 11:45,,118,,,,,,,,,,,,,,,,,,
7/4/2024 11:30,,,,,,,,,,,,,,,,,,,,
7/4/2024 11:15,0,119,,,,,,,,,,,,,,,,,,
7/4/2024 11:00,0,120,,,,,,,,,,,,,,,,,,
7/4/2024 10:45,,120,,,,,,,,,,,,,,,,,,
7/4/2024 10:30,,,,,,,,,,,,,,,,,,,,
7/4/2024 10:15,0,121,,,,,,,,,,,,,,,,,,
7/4/2024 10:00,0,122,,,,,,,,,,,,,,,,,,
7/4/2024 9:45,,122,,,,,,,,,,,,,,,,,,
7/4/2024 9:30,,,,,,,,,,,,,,,,,,,,
7/4/2024 9:15,0,122,,,,,,,,,,,,,,,,,,
7/4/2024 9:00,0.4,122,,,,,,,,,,,,,,,,,,
7/4/2024 8:45,,123,,,,,,,,,,,,,,,,,,
7/4/2024 8:30,,,,,,,,,,,,,,,,,,,,
7/4/2024 8:15,1,122,,,,,,,,,,,,,,,,,,
7/4/2024 8:00,0.6,123,,,,,,,,,,,,,,,,,,
7/4/2024 7:45,,123,,,,,,,,,,,,,,,,,,
7/4/2024 7:30,,,,,,,,,,,,,,,,,,,,
7/4/2024 7:15,0.4,125,,,,,,,,,,,,,,,,,,
7/4/2024 7:00,0,125,,,,,,,,,,,,,,,,,,
7/4/2024 6:45,,126,,,,,,,,,,,,,,,,,,
7/4/2024 6:30,,,,,,,,,,,,,,,,,,,,
7/4/2024 6:15,0,128,,,,,,,,,,,,,,,,,,
7/4/2024 6:00,0,129,,,,,,,,,,,,,,,,,,
7/4/2024 5:45,,129,,,,,,,,,,,,,,,,,,
7/4/2024 5:30,,,,,,,,,,,,,,,,,,,,
7/4/2024 5:15,0,131,,,,,,,,,,,,,,,,,,
7/4/2024 5:00,0,131,,,,,,,,,,,,,,,,,,
7/4/2024 4:45,,132,,,,,,,,,,,,,,,,,,
7/4/2024 4:30,,,,,,,,,,,,,,,,,,,,
7/4/2024 4:15,0,133,,,,,,,,,,,,,,,,,,
7/4/2024 4:00,0,134,,,,,,,,,,,,,,,,,,
7/4/2024 3:45,,134,,,,,,,,,,,,,,,,,,
7/4/2024 3:30,,,,,,,,,,,,,,,,,,,,
7/4/2024 3:15,0,136,,,,,,,,,,,,,,,,,,
7/4/2024 3:00,0,137,,,,,,,,,,,,,,,,,,
7/4/2024 2:45,,138,,,,,,,,,,,,,,,,,,
7/4/2024 2:30,,,,,,,,,,,,,,,,,,,,
7/4/2024 2:15,0,141,,,,,,,,,,,,,,,,,,
7/4/2024 2:00,0,142,,,,,,,,,,,,,,,,,,
7/4/2024 1:45,,143,,,,,,,,,,,,,,,,,,
7/4/2024 1:30,,,,,,,,,,,,,,,,,,,,
7/4/2024 1:15,0,144,,,,,,,,,,,,,,,,,,
7/4/2024 1:00,0,145,,,,,,,,,,,,,,,,,,
7/4/2024 0:45,,146,,,,,,,,,,,,,,,,,,
7/4/2024 0:30,,,,,,,,,,,,,,,,,,,,
7/4/2024 0:15,0,147,,,,,,,,,,,,,,,,,,
7/4/2024 0:00,0,148,,,,,,,,,,,,,,,,,,
6/4/2024 23:45,,148,,,,,,,,,,,,,,,,,,
6/4/2024 23:30,,,,,,,,,,,,,,,,,,,,
6/4/2024 23:15,0,149,,,,,,,,,,,,,,,,,,
6/4/2024 23:00,0,149,,,,,,,,,,,,,,,,,,
6/4/2024 22:45,,150,,,,,,,,,,,,,,,,,,
6/4/2024 22:30,,,,,,,,,,,,,,,,,,,,
6/4/2024 22:15,0,149,,,,,,,,,,,,,,,,,,
6/4/2024 22:00,0,149,,,,,,,,,,,,,,,,,,
6/4/2024 21:45,,149,,,,,,,,,,,,,,,,,,
6/4/2024 21:30,,,,,,,,,,,,,,,,,,,,
6/4/2024 21:15,0,148,,,,,,,,,,,,,,,,,,
6/4/2024 21:00,0,148,,,,,,,,,,,,,,,,,,
6/4/2024 20:45,,147,,,,,,,,,,,,,,,,,,
6/4/2024 20:30,,,,,,,,,,,,,,,,,,,,
6/4/2024 20:15,0,146,,,,,,,,,,,,,,,,,,
6/4/2024 20:00,0,145,,,,,,,,,,,,,,,,,,
6/4/2024 19:45,,144,,,,,,,,,,,,,,,,,,
6/4/2024 19:30,,,,,,,,,,,,,,,,,,,,
6/4/2024 19:15,0,142,,,,,,,,,,,,,,,,,,
6/4/2024 19:00,0,141,,,,,,,,,,,,,,,,,,
6/4/2024 18:45,,140,,,,,,,,,,,,,,,,,,
6/4/2024 18:30,,,,,,,,,,,,,,,,,,,,
6/4/2024 18:15,0,137,,,,,,,,,,,,,,,,,,
6/4/2024 18:00,0,136,,,,,,,,,,,,,,,,,,
6/4/2024 17:45,,135,,,,,,,,,,,,,,,,,,
6/4/2024 17:30,,,,,,,,,,,,,,,,,,,,
6/4/2024 17:15,0,133,,,,,,,,,,,,,,,,,,
6/4/2024 17:00,0,132,,,,,,,,,,,,,,,,,,
6/4/2024 16:45,,130,,,,,,,,,,,,,,,,,,
6/4/2024 16:30,,,,,,,,,,,,,,,,,,,,
6/4/2024 16:15,0,128,,,,,,,,,,,,,,,,,,
6/4/2024 16:00,0,128,,,,,,,,,,,,,,,,,,
6/4/2024 15:45,,126,,,,,,,,,,,,,,,,,,
6/4/2024 15:30,,,,,,,,,,,,,,,,,,,,
6/4/2024 15:15,0,125,,,,,,,,,,,,,,,,,,
6/4/2024 15:00,0,125,,,,,,,,,,,,,,,,,,
6/4/2024 14:45,,124,,,,,,,,,,,,,,,,,,
6/4/2024 14:30,,,,,,,,,,,,,,,,,,,,
6/4/2024 14:15,0,124,,,,,,,,,,,,,,,,,,
6/4/2024 14:00,0.2,123,,,,,,,,,,,,,,,,,,
6/4/2024 13:45,,123,,,,,,,,,,,,,,,,,,
6/4/2024 13:30,,,,,,,,,,,,,,,,,,,,
6/4/2024 13:15,0,124,,,,,,,,,,,,,,,,,,
6/4/2024 13:00,0,124,,,,,,,,,,,,,,,,,,
6/4/2024 12:45,,124,,,,,,,,,,,,,,,,,,
6/4/2024 12:30,,,,,,,,,,,,,,,,,,,,
6/4/2024 12:15,0,124,,,,,,,,,,,,,,,,,,
6/4/2024 12:00,0,124,,,,,,,,,,,,,,,,,,
6/4/2024 11:45,,124,,,,,,,,,,,,,,,,,,
6/4/2024 11:30,,,,,,,,,,,,,,,,,,,,
6/4/2024 11:15,0,125,,,,,,,,,,,,,,,,,,
6/4/2024 11:00,0,125,,,,,,,,,,,,,,,,,,
6/4/2024 10:45,,125,,,,,,,,,,,,,,,,,,
6/4/2024 10:30,,,,,,,,,,,,,,,,,,,,
6/4/2024 10:15,0,126,,,,,,,,,,,,,,,,,,
6/4/2024 10:00,0,126,,,,,,,,,,,,,,,,,,
6/4/2024 9:45,,126,,,,,,,,,,,,,,,,,,
6/4/2024 9:30,,,,,,,,,,,,,,,,,,,,
6/4/2024 9:15,0,127,,,,,,,,,,,,,,,,,,
6/4/2024 9:00,0,127,,,,,,,,,,,,,,,,,,
6/4/2024 8:45,,128,,,,,,,,,,,,,,,,,,
6/4/2024 8:30,,,,,,,,,,,,,,,,,,,,
6/4/2024 8:15,0,128,,,,,,,,,,,,,,,,,,
6/4/2024 8:00,0,129,,,,,,,,,,,,,,,,,,
6/4/2024 7:45,,129,,,,,,,,,,,,,,,,,,
6/4/2024 7:30,,,,,,,,,,,,,,,,,,,,
6/4/2024 7:15,0,130,,,,,,,,,,,,,,,,,,
6/4/2024 7:00,0,130,,,,,,,,,,,,,,,,,,
6/4/2024 6:45,,130,,,,,,,,,,,,,,,,,,
6/4/2024 6:30,,,,,,,,,,,,,,,,,,,,
6/4/2024 6:15,0,131,,,,,,,,,,,,,,,,,,
6/4/2024 6:00,0,132,,,,,,,,,,,,,,,,,,
6/4/2024 5:45,,132,,,,,,,,,,,,,,,,,,
6/4/2024 5:30,,,,,,,,,,,,,,,,,,,,
6/4/2024 5:15,0,133,,,,,,,,,,,,,,,,,,
6/4/2024 5:00,0,134,,,,,,,,,,,,,,,,,,
6/4/2024 4:45,,135,,,,,,,,,,,,,,,,,,
6/4/2024 4:30,,,,,,,,,,,,,,,,,,,,
6/4/2024 4:15,0,136,,,,,,,,,,,,,,,,,,
6/4/2024 4:00,0,137,,,,,,,,,,,,,,,,,,
6/4/2024 3:45,,138,,,,,,,,,,,,,,,,,,
6/4/2024 3:30,,,,,,,,,,,,,,,,,,,,
6/4/2024 3:15,0,139,,,,,,,,,,,,,,,,,,
6/4/2024 3:00,0,140,,,,,,,,,,,,,,,,,,
6/4/2024 2:45,,141,,,,,,,,,,,,,,,,,,
6/4/2024 2:30,,,,,,,,,,,,,,,,,,,,
6/4/2024 2:15,0,143,,,,,,,,,,,,,,,,,,
6/4/2024 2:00,0,143,,,,,,,,,,,,,,,,,,
6/4/2024 1:45,,144,,,,,,,,,,,,,,,,,,
6/4/2024 1:30,,,,,,,,,,,,,,,,,,,,
6/4/2024 1:15,0,146,,,,,,,,,,,,,,,,,,
6/4/2024 1:00,0,147,,,,,,,,,,,,,,,,,,
6/4/2024 0:45,,148,,,,,,,,,,,,,,,,,,
6/4/2024 0:30,,,,,,,,,,,,,,,,,,,,
6/4/2024 0:15,0,150,,,,,,,,,,,,,,,,,,
6/4/2024 0:00,0,151,,,,,,,,,,,,,,,,,,
5/4/2024 23:45,,152,,,,,,,,,,,,,,,,,,
5/4/2024 23:30,,,,,,,,,,,,,,,,,,,,
5/4/2024 23:15,0,153,,,,,,,,,,,,,,,,,,
5/4/2024 23:00,0,153,,,,,,,,,,,,,,,,,,
5/4/2024 22:45,,154,,,,,,,,,,,,,,,,,,
5/4/2024 22:30,,,,,,,,,,,,,,,,,,,,
5/4/2024 22:15,0,154,,,,,,,,,,,,,,,,,,
5/4/2024 22:00,0,154,,,,,,,,,,,,,,,,,,
5/4/2024 21:45,,154,,,,,,,,,,,,,,,,,,
5/4/2024 21:30,,,,,,,,,,,,,,,,,,,,
5/4/2024 21:15,0,153,,,,,,,,,,,,,,,,,,
5/4/2024 21:00,0,153,,,,,,,,,,,,,,,,,,
5/4/2024 20:45,,152,,,,,,,,,,,,,,,,,,
5/4/2024 20:30,,,,,,,,,,,,,,,,,,,,
5/4/2024 20:15,0,151,,,,,,,,,,,,,,,,,,
5/4/2024 20:00,0,151,,,,,,,,,,,,,,,,,,
5/4/2024 19:45,,150,,,,,,,,,,,,,,,,,,
5/4/2024 19:30,,,,,,,,,,,,,,,,,,,,
5/4/2024 19:15,0,149,,,,,,,,,,,,,,,,,,
5/4/2024 19:00,0,148,,,,,,,,,,,,,,,,,,
5/4/2024 18:45,,147,,,,,,,,,,,,,,,,,,
5/4/2024 18:30,,,,,,,,,,,,,,,,,,,,
5/4/2024 18:15,0,145,,,,,,,,,,,,,,,,,,
5/4/2024 18:00,0.2,144,,,,,,,,,,,,,,,,,,
5/4/2024 17:45,,142,,,,,,,,,,,,,,,,,,
5/4/2024 17:30,,,,,,,,,,,,,,,,,,,,
5/4/2024 17:15,0,139,,,,,,,,,,,,,,,,,,
5/4/2024 17:00,0,138,,,,,,,,,,,,,,,,,,
5/4/2024 16:45,,137,,,,,,,,,,,,,,,,,,
5/4/2024 16:30,,,,,,,,,,,,,,,,,,,,
5/4/2024 16:15,0,135,,,,,,,,,,,,,,,,,,
5/4/2024 16:00,0,134,,,,,,,,,,,,,,,,,,
5/4/2024 15:45,,134,,,,,,,,,,,,,,,,,,
5/4/2024 15:30,,,,,,,,,,,,,,,,,,,,
5/4/2024 15:15,0,132,,,,,,,,,,,,,,,,,,
5/4/2024 15:00,0,131,,,,,,,,,,,,,,,,,,
5/4/2024 14:45,,130,,,,,,,,,,,,,,,,,,
5/4/2024 14:30,,,,,,,,,,,,,,,,,,,,
5/4/2024 14:15,0,129,,,,,,,,,,,,,,,,,,
5/4/2024 14:00,0,128,,,,,,,,,,,,,,,,,,
5/4/2024 13:45,,127,,,,,,,,,,,,,,,,,,
5/4/2024 13:30,,,,,,,,,,,,,,,,,,,,
5/4/2024 13:15,0,126,,,,,,,,,,,,,,,,,,
5/4/2024 13:00,0,126,,,,,,,,,,,,,,,,,,
5/4/2024 12:45,,126,,,,,,,,,,,,,,,,,,
5/4/2024 12:30,,,,,,,,,,,,,,,,,,,,
5/4/2024 12:15,0,126,,,,,,,,,,,,,,,,,,
5/4/2024 12:00,0,126,,,,,,,,,,,,,,,,,,
5/4/2024 11:45,,126,,,,,,,,,,,,,,,,,,
5/4/2024 11:30,,,,,,,,,,,,,,,,,,,,
5/4/2024 11:15,0,126,,,,,,,,,,,,,,,,,,
5/4/2024 11:00,0,126,,,,,,,,,,,,,,,,,,
5/4/2024 10:45,,126,,,,,,,,,,,,,,,,,,
5/4/2024 10:30,,,,,,,,,,,,,,,,,,,,
5/4/2024 10:15,0,127,,,,,,,,,,,,,,,,,,
5/4/2024 10:00,0,127,,,,,,,,,,,,,,,,,,
5/4/2024 9:45,,128,,,,,,,,,,,,,,,,,,
5/4/2024 9:30,,,,,,,,,,,,,,,,,,,,
5/4/2024 9:15,0,129,,,,,,,,,,,,,,,,,,
5/4/2024 9:00,0,129,,,,,,,,,,,,,,,,,,
5/4/2024 8:45,,130,,,,,,,,,,,,,,,,,,
5/4/2024 8:30,,,,,,,,,,,,,,,,,,,,
5/4/2024 8:15,0,131,,,,,,,,,,,,,,,,,,
5/4/2024 8:00,0,132,,,,,,,,,,,,,,,,,,
5/4/2024 7:45,,132,,,,,,,,,,,,,,,,,,
5/4/2024 7:30,,,,,,,,,,,,,,,,,,,,
5/4/2024 7:15,0,134,,,,,,,,,,,,,,,,,,
5/4/2024 7:00,0,134,,,,,,,,,,,,,,,,,,
5/4/2024 6:45,,135,,,,,,,,,,,,,,,,,,
5/4/2024 6:30,,,,,,,,,,,,,,,,,,,,
5/4/2024 6:15,0,136,,,,,,,,,,,,,,,,,,
5/4/2024 6:00,0,137,,,,,,,,,,,,,,,,,,
5/4/2024 5:45,,138,,,,,,,,,,,,,,,,,,
5/4/2024 5:30,,,,,,,,,,,,,,,,,,,,
5/4/2024 5:15,0,139,,,,,,,,,,,,,,,,,,
5/4/2024 5:00,0,140,,,,,,,,,,,,,,,,,,
5/4/2024 4:45,,141,,,,,,,,,,,,,,,,,,
5/4/2024 4:30,,,,,,,,,,,,,,,,,,,,
5/4/2024 4:15,0,142,,,,,,,,,,,,,,,,,,
5/4/2024 4:00,0,142,,,,,,,,,,,,,,,,,,
5/4/2024 3:45,,143,,,,,,,,,,,,,,,,,,
5/4/2024 3:30,,,,,,,,,,,,,,,,,,,,
5/4/2024 3:15,0,144,,,,,,,,,,,,,,,,,,
5/4/2024 3:00,0,144,,,,,,,,,,,,,,,,,,
5/4/2024 2:45,,145,,,,,,,,,,,,,,,,,,
5/4/2024 2:30,,,,,,,,,,,,,,,,,,,,
5/4/2024 2:15,0,146,,,,,,,,,,,,,,,,,,
5/4/2024 2:00,0,146,,,,,,,,,,,,,,,,,,
5/4/2024 1:45,,147,,,,,,,,,,,,,,,,,,
5/4/2024 1:30,,,,,,,,,,,,,,,,,,,,
5/4/2024 1:15,0,148,,,,,,,,,,,,,,,,,,
5/4/2024 1:00,0,148,,,,,,,,,,,,,,,,,,
5/4/2024 0:45,,148,,,,,,,,,,,,,,,,,,
5/4/2024 0:30,,,,,,,,,,,,,,,,,,,,
5/4/2024 0:15,0,147,,,,,,,,,,,,,,,,,,
5/4/2024 0:00,0,146,,,,,,,,,,,,,,,,,,
4/4/2024 23:45,,146,,,,,,,,,,,,,,,,,,
4/4/2024 23:30,,,,,,,,,,,,,,,,,,,,
4/4/2024 23:15,0,145,,,,,,,,,,,,,,,,,,
4/4/2024 23:00,0,144,,,,,,,,,,,,,,,,,,
4/4/2024 22:45,,143,,,,,,,,,,,,,,,,,,
4/4/2024 22:30,,,,,,,,,,,,,,,,,,,,
4/4/2024 22:15,0,142,,,,,,,,,,,,,,,,,,
4/4/2024 22:00,0,141,,,,,,,,,,,,,,,,,,
4/4/2024 21:45,,140,,,,,,,,,,,,,,,,,,
4/4/2024 21:30,,,,,,,,,,,,,,,,,,,,
4/4/2024 21:15,0,137,,,,,,,,,,,,,,,,,,
4/4/2024 21:00,0,136,,,,,,,,,,,,,,,,,,
4/4/2024 20:45,,134,,,,,,,,,,,,,,,,,,
4/4/2024 20:30,,,,,,,,,,,,,,,,,,,,
4/4/2024 20:15,0,131,,,,,,,,,,,,,,,,,,
4/4/2024 20:00,0,130,,,,,,,,,,,,,,,,,,
4/4/2024 19:45,,129,,,,,,,,,,,,,,,,,,
4/4/2024 19:30,,,,,,,,,,,,,,,,,,,,
4/4/2024 19:15,0,125,,,,,,,,,,,,,,,,,,
4/4/2024 19:00,0,123,,,,,,,,,,,,,,,,,,
4/4/2024 18:45,,121,,,,,,,,,,,,,,,,,,
4/4/2024 18:30,,,,,,,,,,,,,,,,,,,,
4/4/2024 18:15,0,117,,,,,,,,,,,,,,,,,,
4/4/2024 18:00,0,116,,,,,,,,,,,,,,,,,,
4/4/2024 17:45,,115,,,,,,,,,,,,,,,,,,
4/4/2024 17:30,,,,,,,,,,,,,,,,,,,,
4/4/2024 17:15,0,114,,,,,,,,,,,,,,,,,,
4/4/2024 17:00,0,115,,,,,,,,,,,,,,,,,,
4/4/2024 16:45,,115,,,,,,,,,,,,,,,,,,
4/4/2024 16:30,,,,,,,,,,,,,,,,,,,,
4/4/2024 16:15,0,114,,,,,,,,,,,,,,,,,,
4/4/2024 16:00,0,120,,,,,,,,,,,,,,,,,,
4/4/2024 15:45,,120,,,,,,,,,,,,,,,,,,
4/4/2024 15:30,,,,,,,,,,,,,,,,,,,,
4/4/2024 15:15,0,120,,,,,,,,,,,,,,,,,,
4/4/2024 15:00,0,119,,,,,,,,,,,,,,,,,,
4/4/2024 14:45,,120,,,,,,,,,,,,,,,,,,
4/4/2024 14:30,,,,,,,,,,,,,,,,,,,,
4/4/2024 14:15,0,121,,,,,,,,,,,,,,,,,,
4/4/2024 14:00,0,122,,,,,,,,,,,,,,,,,,
4/4/2024 13:45,,123,,,,,,,,,,,,,,,,,,
4/4/2024 13:30,,,,,,,,,,,,,,,,,,,,
4/4/2024 13:15,0,125,,,,,,,,,,,,,,,,,,
4/4/2024 13:00,0,126,,,,,,,,,,,,,,,,,,
4/4/2024 12:45,,126,,,,,,,,,,,,,,,,,,
4/4/2024 12:30,,,,,,,,,,,,,,,,,,,,
4/4/2024 12:15,0,127,,,,,,,,,,,,,,,,,,
4/4/2024 12:00,0,128,,,,,,,,,,,,,,,,,,
4/4/2024 11:45,,128,,,,,,,,,,,,,,,,,,
4/4/2024 11:30,,,,,,,,,,,,,,,,,,,,
4/4/2024 11:15,0,129,,,,,,,,,,,,,,,,,,
4/4/2024 11:00,0,130,,,,,,,,,,,,,,,,,,
4/4/2024 10:45,,130,,,,,,,,,,,,,,,,,,
4/4/2024 10:30,,,,,,,,,,,,,,,,,,,,
4/4/2024 10:15,0,130,,,,,,,,,,,,,,,,,,
4/4/2024 10:00,0,130,,,,,,,,,,,,,,,,,,
4/4/2024 9:45,,130,,,,,,,,,,,,,,,,,,
4/4/2024 9:30,,,,,,,,,,,,,,,,,,,,
4/4/2024 9:15,0,131,,,,,,,,,,,,,,,,,,
4/4/2024 9:00,0,131,,,,,,,,,,,,,,,,,,
4/4/2024 8:45,,131,,,,,,,,,,,,,,,,,,
4/4/2024 8:30,,,,,,,,,,,,,,,,,,,,
4/4/2024 8:15,0,131,,,,,,,,,,,,,,,,,,
4/4/2024 8:00,0,130,,,,,,,,,,,,,,,,,,
4/4/2024 7:45,,130,,,,,,,,,,,,,,,,,,
4/4/2024 7:30,,,,,,,,,,,,,,,,,,,,
4/4/2024 7:15,0,130,,,,,,,,,,,,,,,,,,
4/4/2024 7:00,0,129,,,,,,,,,,,,,,,,,,
4/4/2024 6:45,,129,,,,,,,,,,,,,,,,,,
4/4/2024 6:30,,,,,,,,,,,,,,,,,,,,
4/4/2024 6:15,0,129,,,,,,,,,,,,,,,,,,
4/4/2024 6:00,0,129,,,,,,,,,,,,,,,,,,
4/4/2024 5:45,,129,,,,,,,,,,,,,,,,,,
4/4/2024 5:30,,,,,,,,,,,,,,,,,,,,
4/4/2024 5:15,0,129,,,,,,,,,,,,,,,,,,
4/4/2024 5:00,0,129,,,,,,,,,,,,,,,,,,
4/4/2024 4:45,,128,,,,,,,,,,,,,,,,,,
4/4/2024 4:30,,,,,,,,,,,,,,,,,,,,
4/4/2024 4:15,0,130,,,,,,,,,,,,,,,,,,
4/4/2024 4:00,0,130,,,,,,,,,,,,,,,,,,
4/4/2024 3:45,,131,,,,,,,,,,,,,,,,,,
4/4/2024 3:30,,,,,,,,,,,,,,,,,,,,
4/4/2024 3:15,0,132,,,,,,,,,,,,,,,,,,
4/4/2024 3:00,0,132,,,,,,,,,,,,,,,,,,
4/4/2024 2:45,,133,,,,,,,,,,,,,,,,,,
4/4/2024 2:30,,,,,,,,,,,,,,,,,,,,
4/4/2024 2:15,0,134,,,,,,,,,,,,,,,,,,
4/4/2024 2:00,0,135,,,,,,,,,,,,,,,,,,
4/4/2024 1:45,,136,,,,,,,,,,,,,,,,,,
4/4/2024 1:30,,,,,,,,,,,,,,,,,,,,
4/4/2024 1:15,0,138,,,,,,,,,,,,,,,,,,
4/4/2024 1:00,0,138,,,,,,,,,,,,,,,,,,
4/4/2024 0:45,,139,,,,,,,,,,,,,,,,,,
4/4/2024 0:30,,,,,,,,,,,,,,,,,,,,
4/4/2024 0:15,0,140,,,,,,,,,,,,,,,,,,
4/4/2024 0:00,0,141,,,,,,,,,,,,,,,,,,
3/4/2024 23:45,,141,,,,,,,,,,,,,,,,,,
3/4/2024 23:30,,,,,,,,,,,,,,,,,,,,
3/4/2024 23:15,0,142,,,,,,,,,,,,,,,,,,
3/4/2024 23:00,0,143,,,,,,,,,,,,,,,,,,
3/4/2024 22:45,,143,,,,,,,,,,,,,,,,,,
3/4/2024 22:30,,,,,,,,,,,,,,,,,,,,
3/4/2024 22:15,0,143,,,,,,,,,,,,,,,,,,
3/4/2024 22:00,0,143,,,,,,,,,,,,,,,,,,
3/4/2024 21:45,,143,,,,,,,,,,,,,,,,,,
3/4/2024 21:30,,,,,,,,,,,,,,,,,,,,
3/4/2024 21:15,0,143,,,,,,,,,,,,,,,,,,
3/4/2024 21:00,0,143,,,,,,,,,,,,,,,,,,
3/4/2024 20:45,,143,,,,,,,,,,,,,,,,,,
3/4/2024 20:30,,,,,,,,,,,,,,,,,,,,
3/4/2024 20:15,0,142,,,,,,,,,,,,,,,,,,
3/4/2024 20:00,0,141,,,,,,,,,,,,,,,,,,
3/4/2024 19:45,,141,,,,,,,,,,,,,,,,,,
3/4/2024 19:30,,,,,,,,,,,,,,,,,,,,
3/4/2024 19:15,0,139,,,,,,,,,,,,,,,,,,
3/4/2024 19:00,0,139,,,,,,,,,,,,,,,,,,
3/4/2024 18:45,,138,,,,,,,,,,,,,,,,,,
3/4/2024 18:30,,,,,,,,,,,,,,,,,,,,
3/4/2024 18:15,0,136,,,,,,,,,,,,,,,,,,
3/4/2024 18:00,0,135,,,,,,,,,,,,,,,,,,
3/4/2024 17:45,,135,,,,,,,,,,,,,,,,,,
3/4/2024 17:30,,,,,,,,,,,,,,,,,,,,
3/4/2024 17:15,0,133,,,,,,,,,,,,,,,,,,
3/4/2024 17:00,0,132,,,,,,,,,,,,,,,,,,
3/4/2024 16:45,,132,,,,,,,,,,,,,,,,,,
3/4/2024 16:30,,,,,,,,,,,,,,,,,,,,
3/4/2024 16:15,0,131,,,,,,,,,,,,,,,,,,
3/4/2024 16:00,0,130,,,,,,,,,,,,,,,,,,
3/4/2024 15:45,,130,,,,,,,,,,,,,,,,,,
3/4/2024 15:30,,,,,,,,,,,,,,,,,,,,
3/4/2024 15:15,0,129,,,,,,,,,,,,,,,,,,
3/4/2024 15:00,0,128,,,,,,,,,,,,,,,,,,
3/4/2024 14:45,,128,,,,,,,,,,,,,,,,,,
3/4/2024 14:30,,,,,,,,,,,,,,,,,,,,
3/4/2024 14:15,0,127,,,,,,,,,,,,,,,,,,
3/4/2024 14:00,0,127,,,,,,,,,,,,,,,,,,
3/4/2024 13:45,,127,,,,,,,,,,,,,,,,,,
3/4/2024 13:30,,,,,,,,,,,,,,,,,,,,
3/4/2024 13:15,0,127,,,,,,,,,,,,,,,,,,
3/4/2024 13:00,0,127,,,,,,,,,,,,,,,,,,
3/4/2024 12:45,,127,,,,,,,,,,,,,,,,,,
3/4/2024 12:30,,,,,,,,,,,,,,,,,,,,
3/4/2024 12:15,0,127,,,,,,,,,,,,,,,,,,
3/4/2024 12:00,0,127,,,,,,,,,,,,,,,,,,
3/4/2024 11:45,,127,,,,,,,,,,,,,,,,,,
3/4/2024 11:30,,,,,,,,,,,,,,,,,,,,
3/4/2024 11:15,0,127,,,,,,,,,,,,,,,,,,
3/4/2024 11:00,0,127,,,,,,,,,,,,,,,,,,
3/4/2024 10:45,,127,,,,,,,,,,,,,,,,,,
3/4/2024 10:30,,,,,,,,,,,,,,,,,,,,
3/4/2024 10:15,0,128,,,,,,,,,,,,,,,,,,
3/4/2024 10:00,0,128,,,,,,,,,,,,,,,,,,
3/4/2024 9:45,,128,,,,,,,,,,,,,,,,,,
3/4/2024 9:30,,,,,,,,,,,,,,,,,,,,
3/4/2024 9:15,0,129,,,,,,,,,,,,,,,,,,
3/4/2024 9:00,0,129,,,,,,,,,,,,,,,,,,
3/4/2024 8:45,,130,,,,,,,,,,,,,,,,,,
3/4/2024 8:30,,,,,,,,,,,,,,,,,,,,
3/4/2024 8:15,0,130,,,,,,,,,,,,,,,,,,
3/4/2024 8:00,0,131,,,,,,,,,,,,,,,,,,
3/4/2024 7:45,,131,,,,,,,,,,,,,,,,,,
3/4/2024 7:30,,,,,,,,,,,,,,,,,,,,
3/4/2024 7:15,0,132,,,,,,,,,,,,,,,,,,
3/4/2024 7:00,0,132,,,,,,,,,,,,,,,,,,
3/4/2024 6:45,,132,,,,,,,,,,,,,,,,,,
3/4/2024 6:30,,,,,,,,,,,,,,,,,,,,
3/4/2024 6:15,0,133,,,,,,,,,,,,,,,,,,
3/4/2024 6:00,0,134,,,,,,,,,,,,,,,,,,
3/4/2024 5:45,,134,,,,,,,,,,,,,,,,,,
3/4/2024 5:30,,,,,,,,,,,,,,,,,,,,
3/4/2024 5:15,0,135,,,,,,,,,,,,,,,,,,
3/4/2024 5:00,0,135,,,,,,,,,,,,,,,,,,
3/4/2024 4:45,,136,,,,,,,,,,,,,,,,,,
3/4/2024 4:30,,,,,,,,,,,,,,,,,,,,
3/4/2024 4:15,0,136,,,,,,,,,,,,,,,,,,
3/4/2024 4:00,0,137,,,,,,,,,,,,,,,,,,
3/4/2024 3:45,,137,,,,,,,,,,,,,,,,,,
3/4/2024 3:30,,,,,,,,,,,,,,,,,,,,
3/4/2024 3:15,0,138,,,,,,,,,,,,,,,,,,
3/4/2024 3:00,0,139,,,,,,,,,,,,,,,,,,
3/4/2024 2:45,,139,,,,,,,,,,,,,,,,,,
3/4/2024 2:30,,,,,,,,,,,,,,,,,,,,
3/4/2024 2:15,0,140,,,,,,,,,,,,,,,,,,
3/4/2024 2:00,0,140,,,,,,,,,,,,,,,,,,
3/4/2024 1:45,,140,,,,,,,,,,,,,,,,,,
3/4/2024 1:30,,,,,,,,,,,,,,,,,,,,
3/4/2024 1:15,0,141,,,,,,,,,,,,,,,,,,
3/4/2024 1:00,0,141,,,,,,,,,,,,,,,,,,
3/4/2024 0:45,,142,,,,,,,,,,,,,,,,,,
3/4/2024 0:30,,,,,,,,,,,,,,,,,,,,
3/4/2024 0:15,0,143,,,,,,,,,,,,,,,,,,
3/4/2024 0:00,0,144,,,,,,,,,,,,,,,,,,
2/4/2024 23:45,,145,,,,,,,,,,,,,,,,,,
2/4/2024 23:30,,,,,,,,,,,,,,,,,,,,
2/4/2024 23:15,0,147,,,,,,,,,,,,,,,,,,
2/4/2024 23:00,0,147,,,,,,,,,,,,,,,,,,
2/4/2024 22:45,,148,,,,,,,,,,,,,,,,,,
2/4/2024 22:30,,,,,,,,,,,,,,,,,,,,
2/4/2024 22:15,0,148,,,,,,,,,,,,,,,,,,
2/4/2024 22:00,0,149,,,,,,,,,,,,,,,,,,
2/4/2024 21:45,,149,,,,,,,,,,,,,,,,,,
2/4/2024 21:30,,,,,,,,,,,,,,,,,,,,
2/4/2024 21:15,0,150,,,,,,,,,,,,,,,,,,
2/4/2024 21:00,0,150,,,,,,,,,,,,,,,,,,
2/4/2024 20:45,,150,,,,,,,,,,,,,,,,,,
2/4/2024 20:30,,,,,,,,,,,,,,,,,,,,
2/4/2024 20:15,0,150,,,,,,,,,,,,,,,,,,
2/4/2024 20:00,0,150,,,,,,,,,,,,,,,,,,
2/4/2024 19:45,,151,,,,,,,,,,,,,,,,,,
2/4/2024 19:30,,,,,,,,,,,,,,,,,,,,
2/4/2024 19:15,0,151,,,,,,,,,,,,,,,,,,
2/4/2024 19:00,0,150,,,,,,,,,,,,,,,,,,
2/4/2024 18:45,,150,,,,,,,,,,,,,,,,,,
2/4/2024 18:30,,,,,,,,,,,,,,,,,,,,
2/4/2024 18:15,0,148,,,,,,,,,,,,,,,,,,
2/4/2024 18:00,0,147,,,,,,,,,,,,,,,,,,
2/4/2024 17:45,,147,,,,,,,,,,,,,,,,,,
2/4/2024 17:30,,,,,,,,,,,,,,,,,,,,
2/4/2024 17:15,0,146,,,,,,,,,,,,,,,,,,
2/4/2024 17:00,0,146,,,,,,,,,,,,,,,,,,
2/4/2024 16:45,,146,,,,,,,,,,,,,,,,,,
2/4/2024 16:30,,,,,,,,,,,,,,,,,,,,
2/4/2024 16:15,0,146,,,,,,,,,,,,,,,,,,
2/4/2024 16:00,0,146,,,,,,,,,,,,,,,,,,
2/4/2024 15:45,,145,,,,,,,,,,,,,,,,,,
2/4/2024 15:30,,,,,,,,,,,,,,,,,,,,
2/4/2024 15:15,0,145,,,,,,,,,,,,,,,,,,
2/4/2024 15:00,0,144,,,,,,,,,,,,,,,,,,
2/4/2024 14:45,,144,,,,,,,,,,,,,,,,,,
2/4/2024 14:30,,,,,,,,,,,,,,,,,,,,
2/4/2024 14:15,0,145,,,,,,,,,,,,,,,,,,
2/4/2024 14:00,0,145,,,,,,,,,,,,,,,,,,
2/4/2024 13:45,,145,,,,,,,,,,,,,,,,,,
2/4/2024 13:30,,,,,,,,,,,,,,,,,,,,
2/4/2024 13:15,0,145,,,,,,,,,,,,,,,,,,
2/4/2024 13:00,0,144,,,,,,,,,,,,,,,,,,
2/4/2024 12:45,,143,,,,,,,,,,,,,,,,,,
2/4/2024 12:30,,,,,,,,,,,,,,,,,,,,
2/4/2024 12:15,0,141,,,,,,,,,,,,,,,,,,
2/4/2024 12:00,0,141,,,,,,,,,,,,,,,,,,
2/4/2024 11:45,,139,,,,,,,,,,,,,,,,,,
2/4/2024 11:30,,,,,,,,,,,,,,,,,,,,
2/4/2024 11:15,0,137,,,,,,,,,,,,,,,,,,
2/4/2024 11:00,0,135,,,,,,,,,,,,,,,,,,
2/4/2024 10:45,,134,,,,,,,,,,,,,,,,,,
2/4/2024 10:30,,,,,,,,,,,,,,,,,,,,
2/4/2024 10:15,0,133,,,,,,,,,,,,,,,,,,
2/4/2024 10:00,0,132,,,,,,,,,,,,,,,,,,
2/4/2024 9:45,,131,,,,,,,,,,,,,,,,,,
2/4/2024 9:30,,,,,,,,,,,,,,,,,,,,
2/4/2024 9:15,0,128,,,,,,,,,,,,,,,,,,
2/4/2024 9:00,0,127,,,,,,,,,,,,,,,,,,
2/4/2024 8:45,,125,,,,,,,,,,,,,,,,,,
2/4/2024 8:30,,,,,,,,,,,,,,,,,,,,
2/4/2024 8:15,0,124,,,,,,,,,,,,,,,,,,
2/4/2024 8:00,0,123,,,,,,,,,,,,,,,,,,
2/4/2024 7:45,,122,,,,,,,,,,,,,,,,,,
2/4/2024 7:30,,,,,,,,,,,,,,,,,,,,
2/4/2024 7:15,0,121,,,,,,,,,,,,,,,,,,
2/4/2024 7:00,0,120,,,,,,,,,,,,,,,,,,
2/4/2024 6:45,,120,,,,,,,,,,,,,,,,,,
2/4/2024 6:30,,,,,,,,,,,,,,,,,,,,
2/4/2024 6:15,0,120,,,,,,,,,,,,,,,,,,
2/4/2024 6:00,0,120,,,,,,,,,,,,,,,,,,
2/4/2024 5:45,,121,,,,,,,,,,,,,,,,,,
2/4/2024 5:30,,,,,,,,,,,,,,,,,,,,
2/4/2024 5:15,0,121,,,,,,,,,,,,,,,,,,
2/4/2024 5:00,0,121,,,,,,,,,,,,,,,,,,
2/4/2024 4:45,,122,,,,,,,,,,,,,,,,,,
2/4/2024 4:30,,,,,,,,,,,,,,,,,,,,
2/4/2024 4:15,0,123,,,,,,,,,,,,,,,,,,
2/4/2024 4:00,0,123,,,,,,,,,,,,,,,,,,
2/4/2024 3:45,,124,,,,,,,,,,,,,,,,,,
2/4/2024 3:30,,,,,,,,,,,,,,,,,,,,
2/4/2024 3:15,0,124,,,,,,,,,,,,,,,,,,
2/4/2024 3:00,0,124,,,,,,,,,,,,,,,,,,
2/4/2024 2:45,,124,,,,,,,,,,,,,,,,,,
2/4/2024 2:30,,,,,,,,,,,,,,,,,,,,
2/4/2024 2:15,0,123,,,,,,,,,,,,,,,,,,
2/4/2024 2:00,0,124,,,,,,,,,,,,,,,,,,
2/4/2024 1:45,,124,,,,,,,,,,,,,,,,,,
2/4/2024 1:30,,,,,,,,,,,,,,,,,,,,
2/4/2024 1:15,0,125,,,,,,,,,,,,,,,,,,
2/4/2024 1:00,0,125,,,,,,,,,,,,,,,,,,
2/4/2024 0:45,,125,,,,,,,,,,,,,,,,,,
2/4/2024 0:30,,,,,,,,,,,,,,,,,,,,
2/4/2024 0:15,0,124,,,,,,,,,,,,,,,,,,
2/4/2024 0:00,0,124,,,,,,,,,,,,,,,,,,
1/4/2024 23:45,,125,,,,,,,,,,,,,,,,,,
1/4/2024 23:30,,,,,,,,,,,,,,,,,,,,
1/4/2024 23:15,0,125,,,,,,,,,,,,,,,,,,
1/4/2024 23:00,0,124,,,,,,,,,,,,,,,,,,
1/4/2024 22:45,,123,,,,,,,,,,,,,,,,,,
1/4/2024 22:30,,,,,,,,,,,,,,,,,,,,
1/4/2024 22:15,0,121,,,,,,,,,,,,,,,,,,
1/4/2024 22:00,0,121,,,,,,,,,,,,,,,,,,
1/4/2024 21:45,,120,,,,,,,,,,,,,,,,,,
1/4/2024 21:30,,,,,,,,,,,,,,,,,,,,
1/4/2024 21:15,0,120,,,,,,,,,,,,,,,,,,
1/4/2024 21:00,0,120,,,,,,,,,,,,,,,,,,
1/4/2024 20:45,,119,,,,,,,,,,,,,,,,,,
1/4/2024 20:30,,,,,,,,,,,,,,,,,,,,
1/4/2024 20:15,0,119,,,,,,,,,,,,,,,,,,
1/4/2024 20:00,0,120,,,,,,,,,,,,,,,,,,
1/4/2024 19:45,,120,,,,,,,,,,,,,,,,,,
1/4/2024 19:30,,,,,,,,,,,,,,,,,,,,
1/4/2024 19:15,0,120,,,,,,,,,,,,,,,,,,
1/4/2024 19:00,0,120,,,,,,,,,,,,,,,,,,
1/4/2024 18:45,,120,,,,,,,,,,,,,,,,,,
1/4/2024 18:30,,,,,,,,,,,,,,,,,,,,
1/4/2024 18:15,0,120,,,,,,,,,,,,,,,,,,
1/4/2024 18:00,0,121,,,,,,,,,,,,,,,,,,
1/4/2024 17:45,,121,,,,,,,,,,,,,,,,,,
1/4/2024 17:30,,,,,,,,,,,,,,,,,,,,
1/4/2024 17:15,0,121,,,,,,,,,,,,,,,,,,
1/4/2024 17:00,0,122,,,,,,,,,,,,,,,,,,
1/4/2024 16:45,,122,,,,,,,,,,,,,,,,,,
1/4/2024 16:30,,,,,,,,,,,,,,,,,,,,
1/4/2024 16:15,0,122,,,,,,,,,,,,,,,,,,
1/4/2024 16:00,0,122,,,,,,,,,,,,,,,,,,
1/4/2024 15:45,,123,,,,,,,,,,,,,,,,,,
1/4/2024 15:30,,,,,,,,,,,,,,,,,,,,
1/4/2024 15:15,0,123,,,,,,,,,,,,,,,,,,
1/4/2024 15:00,0,123,,,,,,,,,,,,,,,,,,
1/4/2024 14:45,,123,,,,,,,,,,,,,,,,,,
1/4/2024 14:30,,,,,,,,,,,,,,,,,,,,
1/4/2024 14:15,0,123,,,,,,,,,,,,,,,,,,
1/4/2024 14:00,0,123,,,,,,,,,,,,,,,,,,
1/4/2024 13:45,,123,,,,,,,,,,,,,,,,,,
1/4/2024 13:30,,,,,,,,,,,,,,,,,,,,
1/4/2024 13:15,0,123,,,,,,,,,,,,,,,,,,
1/4/2024 13:00,0,123,,,,,,,,,,,,,,,,,,
1/4/2024 12:45,,123,,,,,,,,,,,,,,,,,,
1/4/2024 12:30,,,,,,,,,,,,,,,,,,,,
1/4/2024 12:15,0,123,,,,,,,,,,,,,,,,,,
1/4/2024 12:00,0,123,,,,,,,,,,,,,,,,,,
1/4/2024 11:45,,123,,,,,,,,,,,,,,,,,,
1/4/2024 11:30,,,,,,,,,,,,,,,,,,,,
1/4/2024 11:15,0,123,,,,,,,,,,,,,,,,,,
1/4/2024 11:00,0,123,,,,,,,,,,,,,,,,,,
1/4/2024 10:45,,124,,,,,,,,,,,,,,,,,,
1/4/2024 10:30,,,,,,,,,,,,,,,,,,,,
1/4/2024 10:15,0,124,,,,,,,,,,,,,,,,,,
1/4/2024 10:00,0,124,,,,,,,,,,,,,,,,,,
1/4/2024 9:45,,125,,,,,,,,,,,,,,,,,,
1/4/2024 9:30,,,,,,,,,,,,,,,,,,,,
1/4/2024 9:15,0,126,,,,,,,,,,,,,,,,,,
1/4/2024 9:00,0,126,,,,,,,,,,,,,,,,,,
1/4/2024 8:45,,127,,,,,,,,,,,,,,,,,,
1/4/2024 8:30,,,,,,,,,,,,,,,,,,,,
1/4/2024 8:15,0,128,,,,,,,,,,,,,,,,,,
1/4/2024 8:00,0,128,,,,,,,,,,,,,,,,,,
1/4/2024 7:45,,129,,,,,,,,,,,,,,,,,,
1/4/2024 7:30,,,,,,,,,,,,,,,,,,,,
1/4/2024 7:15,0,130,,,,,,,,,,,,,,,,,,
1/4/2024 7:00,0,130,,,,,,,,,,,,,,,,,,
1/4/2024 6:45,,131,,,,,,,,,,,,,,,,,,
1/4/2024 6:30,,,,,,,,,,,,,,,,,,,,
1/4/2024 6:15,0,132,,,,,,,,,,,,,,,,,,
1/4/2024 6:00,0,133,,,,,,,,,,,,,,,,,,
1/4/2024 5:45,,134,,,,,,,,,,,,,,,,,,
1/4/2024 5:30,,,,,,,,,,,,,,,,,,,,
1/4/2024 5:15,0,135,,,,,,,,,,,,,,,,,,
1/4/2024 5:00,0,136,,,,,,,,,,,,,,,,,,
1/4/2024 4:45,,137,,,,,,,,,,,,,,,,,,
1/4/2024 4:30,,,,,,,,,,,,,,,,,,,,
1/4/2024 4:15,0,138,,,,,,,,,,,,,,,,,,
1/4/2024 4:00,0,138,,,,,,,,,,,,,,,,,,
1/4/2024 3:45,,139,,,,,,,,,,,,,,,,,,
1/4/2024 3:30,,,,,,,,,,,,,,,,,,,,
1/4/2024 3:15,0,140,,,,,,,,,,,,,,,,,,
1/4/2024 3:00,0,140,,,,,,,,,,,,,,,,,,
1/4/2024 2:45,,141,,,,,,,,,,,,,,,,,,
1/4/2024 2:30,,,,,,,,,,,,,,,,,,,,
1/4/2024 2:15,0,142,,,,,,,,,,,,,,,,,,
1/4/2024 2:00,0,143,,,,,,,,,,,,,,,,,,
1/4/2024 1:45,,143,,,,,,,,,,,,,,,,,,
1/4/2024 1:30,,,,,,,,,,,,,,,,,,,,
1/4/2024 1:15,0,144,,,,,,,,,,,,,,,,,,
1/4/2024 1:00,0,144,,,,,,,,,,,,,,,,,,
1/4/2024 0:45,,144,,,,,,,,,,,,,,,,,,
1/4/2024 0:30,,,,,,,,,,,,,,,,,,,,
1/4/2024 0:15,0,143,,,,,,,,,,,,,,,,,,
1/4/2024 0:00,0,143,,,,,,,,,,,,,,,,,,
31/03/2024 23:45:00,,142,,,,,,,,,,,,,,,,,,
31/03/2024 23:30:00,,,,,,,,,,,,,,,,,,,,
31/03/2024 23:15:00,0,141,,,,,,,,,,,,,,,,,,
31/03/2024 23:00:00,0,140,,,,,,,,,,,,,,,,,,
31/03/2024 22:45:00,,140,,,,,,,,,,,,,,,,,,
31/03/2024 22:30:00,,,,,,,,,,,,,,,,,,,,
31/03/2024 22:15:00,0,138,,,,,,,,,,,,,,,,,,
31/03/2024 22:00:00,0,137,,,,,,,,,,,,,,,,,,
31/03/2024 21:45:00,,135,,,,,,,,,,,,,,,,,,
31/03/2024 21:30:00,,,,,,,,,,,,,,,,,,,,
31/03/2024 21:15:00,0,133,,,,,,,,,,,,,,,,,,
31/03/2024 21:00:00,0,131,,,,,,,,,,,,,,,,,,
31/03/2024 20:45:00,,129,,,,,,,,,,,,,,,,,,
31/03/2024 20:30:00,,,,,,,,,,,,,,,,,,,,
31/03/2024 20:15:00,0,126,,,,,,,,,,,,,,,,,,
31/03/2024 20:00:00,0,125,,,,,,,,,,,,,,,,,,
31/03/2024 19:45:00,,124,,,,,,,,,,,,,,,,,,
31/03/2024 19:30:00,,,,,,,,,,,,,,,,,,,,
31/03/2024 19:15:00,0,122,,,,,,,,,,,,,,,,,,
31/03/2024 19:00:00,0,121,,,,,,,,,,,,,,,,,,
31/03/2024 18:45:00,,120,,,,,,,,,,,,,,,,,,
31/03/2024 18:30:00,,,,,,,,,,,,,,,,,,,,
31/03/2024 18:15:00,0,119,,,,,,,,,,,,,,,,,,
31/03/2024 18:00:00,0,118,,,,,,,,,,,,,,,,,,
31/03/2024 17:45:00,,118,,,,,,,,,,,,,,,,,,
31/03/2024 17:30:00,,,,,,,,,,,,,,,,,,,,
31/03/2024 17:15:00,0,116,,,,,,,,,,,,,,,,,,
31/03/2024 17:00:00,0,116,,,,,,,,,,,,,,,,,,
31/03/2024 16:45:00,,116,,,,,,,,,,,,,,,,,,
31/03/2024 16:30:00,,,,,,,,,,,,,,,,,,,,
31/03/2024 16:15:00,0,115,,,,,,,,,,,,,,,,,,
31/03/2024 16:00:00,0,115,,,,,,,,,,,,,,,,,,
31/03/2024 15:45:00,,115,,,,,,,,,,,,,,,,,,
31/03/2024 15:30:00,,,,,,,,,,,,,,,,,,,,
31/03/2024 15:15:00,0,114,,,,,,,,,,,,,,,,,,
31/03/2024 15:00:00,0,113,,,,,,,,,,,,,,,,,,
31/03/2024 14:45:00,,113,,,,,,,,,,,,,,,,,,
31/03/2024 14:30:00,,,,,,,,,,,,,,,,,,,,
31/03/2024 14:15:00,0,112,,,,,,,,,,,,,,,,,,
31/03/2024 14:00:00,0,112,,,,,,,,,,,,,,,,,,
31/03/2024 13:45:00,,112,,,,,,,,,,,,,,,,,,
31/03/2024 13:30:00,,,,,,,,,,,,,,,,,,,,
31/03/2024 13:15:00,0,112,,,,,,,,,,,,,,,,,,
31/03/2024 13:00:00,0,111,,,,,,,,,,,,,,,,,,
31/03/2024 12:45:00,,111,,,,,,,,,,,,,,,,,,
31/03/2024 12:30:00,,,,,,,,,,,,,,,,,,,,
31/03/2024 12:15:00,0,111,,,,,,,,,,,,,,,,,,
31/03/2024 12:00:00,0,111,,,,,,,,,,,,,,,,,,
31/03/2024 11:45:00,,111,,,,,,,,,,,,,,,,,,
31/03/2024 11:30:00,,,,,,,,,,,,,,,,,,,,
31/03/2024 11:15:00,0,110,,,,,,,,,,,,,,,,,,
31/03/2024 11:00:00,0.2,110,,,,,,,,,,,,,,,,,,
31/03/2024 10:45:00,,110,,,,,,,,,,,,,,,,,,
31/03/2024 10:30:00,,,,,,,,,,,,,,,,,,,,
31/03/2024 10:15:00,0,111,,,,,,,,,,,,,,,,,,
31/03/2024 10:00:00,0,111,,,,,,,,,,,,,,,,,,
31/03/2024 09:45:00,,111,,,,,,,,,,,,,,,,,,
31/03/2024 09:30:00,,,,,,,,,,,,,,,,,,,,
31/03/2024 09:15:00,0,111,,,,,,,,,,,,,,,,,,
31/03/2024 09:00:00,0,111,,,,,,,,,,,,,,,,,,
31/03/2024 08:45:00,,112,,,,,,,,,,,,,,,,,,
31/03/2024 08:30:00,,,,,,,,,,,,,,,,,,,,
31/03/2024 08:15:00,0,112,,,,,,,,,,,,,,,,,,
31/03/2024 08:00:00,0,112,,,,,,,,,,,,,,,,,,
31/03/2024 07:45:00,,112,,,,,,,,,,,,,,,,,,
31/03/2024 07:30:00,,,,,,,,,,,,,,,,,,,,
31/03/2024 07:15:00,0,112,,,,,,,,,,,,,,,,,,
31/03/2024 07:00:00,0,113,,,,,,,,,,,,,,,,,,
31/03/2024 06:45:00,,113,,,,,,,,,,,,,,,,,,
31/03/2024 06:30:00,,,,,,,,,,,,,,,,,,,,
31/03/2024 06:15:00,0,114,,,,,,,,,,,,,,,,,,
31/03/2024 06:00:00,0,114,,,,,,,,,,,,,,,,,,
31/03/2024 05:45:00,,115,,,,,,,,,,,,,,,,,,
31/03/2024 05:30:00,,,,,,,,,,,,,,,,,,,,
31/03/2024 05:15:00,0,115,,,,,,,,,,,,,,,,,,
31/03/2024 05:00:00,0,115,,,,,,,,,,,,,,,,,,
31/03/2024 04:45:00,,115,,,,,,,,,,,,,,,,,,
31/03/2024 04:30:00,,,,,,,,,,,,,,,,,,,,
31/03/2024 04:15:00,0,116,,,,,,,,,,,,,,,,,,
31/03/2024 04:00:00,0,116,,,,,,,,,,,,,,,,,,
31/03/2024 03:45:00,,116,,,,,,,,,,,,,,,,,,
31/03/2024 03:30:00,,,,,,,,,,,,,,,,,,,,
31/03/2024 03:15:00,0,116,,,,,,,,,,,,,,,,,,
31/03/2024 03:00:00,0,116,,,,,,,,,,,,,,,,,,
31/03/2024 02:45:00,,116,,,,,,,,,,,,,,,,,,
31/03/2024 02:30:00,,,,,,,,,,,,,,,,,,,,
31/03/2024 02:15:00,0,117,,,,,,,,,,,,,,,,,,
31/03/2024 02:00:00,0,117,,,,,,,,,,,,,,,,,,
31/03/2024 01:45:00,,117,,,,,,,,,,,,,,,,,,
31/03/2024 01:30:00,,,,,,,,,,,,,,,,,,,,
31/03/2024 01:15:00,0,117,,,,,,,,,,,,,,,,,,
31/03/2024 01:00:00,0,117,,,,,,,,,,,,,,,,,,
31/03/2024 00:45:00,,117,,,,,,,,,,,,,,,,,,
31/03/2024 00:30:00,,,,,,,,,,,,,,,,,,,,
31/03/2024 00:15:00,0,116,,,,,,,,,,,,,,,,,,
31/03/2024 00:00:00,0,116,,,,,,,,,,,,,,,,,,
30/03/2024 23:45:00,,116,,,,,,,,,,,,,,,,,,
30/03/2024 23:30:00,,,,,,,,,,,,,,,,,,,,
30/03/2024 23:15:00,0,116,,,,,,,,,,,,,,,,,,
30/03/2024 23:00:00,0,116,,,,,,,,,,,,,,,,,,
30/03/2024 22:45:00,,116,,,,,,,,,,,,,,,,,,
30/03/2024 22:30:00,,,,,,,,,,,,,,,,,,,,
30/03/2024 22:15:00,0,116,,,,,,,,,,,,,,,,,,
30/03/2024 22:00:00,0,115,,,,,,,,,,,,,,,,,,
30/03/2024 21:45:00,,115,,,,,,,,,,,,,,,,,,
30/03/2024 21:30:00,,,,,,,,,,,,,,,,,,,,
30/03/2024 21:15:00,0,115,,,,,,,,,,,,,,,,,,
30/03/2024 21:00:00,0,115,,,,,,,,,,,,,,,,,,
30/03/2024 20:45:00,,115,,,,,,,,,,,,,,,,,,
30/03/2024 20:30:00,,,,,,,,,,,,,,,,,,,,
30/03/2024 20:15:00,0,115,,,,,,,,,,,,,,,,,,
30/03/2024 20:00:00,0,115,,,,,,,,,,,,,,,,,,
30/03/2024 19:45:00,,115,,,,,,,,,,,,,,,,,,
30/03/2024 19:30:00,,,,,,,,,,,,,,,,,,,,
30/03/2024 19:15:00,0,116,,,,,,,,,,,,,,,,,,
30/03/2024 19:00:00,0,116,,,,,,,,,,,,,,,,,,
30/03/2024 18:45:00,,116,,,,,,,,,,,,,,,,,,
30/03/2024 18:30:00,,,,,,,,,,,,,,,,,,,,
30/03/2024 18:15:00,0,116,,,,,,,,,,,,,,,,,,
30/03/2024 18:00:00,0,116,,,,,,,,,,,,,,,,,,
30/03/2024 17:45:00,,115,,,,,,,,,,,,,,,,,,
30/03/2024 17:30:00,,,,,,,,,,,,,,,,,,,,
30/03/2024 17:15:00,0,115,,,,,,,,,,,,,,,,,,
30/03/2024 17:00:00,0,115,,,,,,,,,,,,,,,,,,
30/03/2024 16:45:00,,115,,,,,,,,,,,,,,,,,,
30/03/2024 16:30:00,,,,,,,,,,,,,,,,,,,,
30/03/2024 16:15:00,0,115,,,,,,,,,,,,,,,,,,
30/03/2024 16:00:00,0,115,,,,,,,,,,,,,,,,,,
30/03/2024 15:45:00,,115,,,,,,,,,,,,,,,,,,
30/03/2024 15:30:00,,,,,,,,,,,,,,,,,,,,
30/03/2024 15:15:00,0,114,,,,,,,,,,,,,,,,,,
30/03/2024 15:00:00,0,114,,,,,,,,,,,,,,,,,,
30/03/2024 14:45:00,,113,,,,,,,,,,,,,,,,,,
30/03/2024 14:30:00,,,,,,,,,,,,,,,,,,,,
30/03/2024 14:15:00,0,112,,,,,,,,,,,,,,,,,,
30/03/2024 14:00:00,0,112,,,,,,,,,,,,,,,,,,
30/03/2024 13:45:00,,112,,,,,,,,,,,,,,,,,,
30/03/2024 13:30:00,,,,,,,,,,,,,,,,,,,,
30/03/2024 13:15:00,0,111,,,,,,,,,,,,,,,,,,
30/03/2024 13:00:00,0,111,,,,,,,,,,,,,,,,,,
30/03/2024 12:45:00,,111,,,,,,,,,,,,,,,,,,
30/03/2024 12:30:00,,,,,,,,,,,,,,,,,,,,
30/03/2024 12:15:00,0,111,,,,,,,,,,,,,,,,,,
30/03/2024 12:00:00,0,110,,,,,,,,,,,,,,,,,,
30/03/2024 11:45:00,,110,,,,,,,,,,,,,,,,,,
30/03/2024 11:30:00,,,,,,,,,,,,,,,,,,,,
30/03/2024 11:15:00,0,110,,,,,,,,,,,,,,,,,,
30/03/2024 11:00:00,0,110,,,,,,,,,,,,,,,,,,
30/03/2024 10:45:00,,109,,,,,,,,,,,,,,,,,,
30/03/2024 10:30:00,,,,,,,,,,,,,,,,,,,,
30/03/2024 10:15:00,0,109,,,,,,,,,,,,,,,,,,
30/03/2024 10:00:00,0,109,,,,,,,,,,,,,,,,,,
30/03/2024 09:45:00,,109,,,,,,,,,,,,,,,,,,
30/03/2024 09:30:00,,,,,,,,,,,,,,,,,,,,
30/03/2024 09:15:00,0,110,,,,,,,,,,,,,,,,,,
30/03/2024 09:00:00,0,110,,,,,,,,,,,,,,,,,,
30/03/2024 08:45:00,,110,,,,,,,,,,,,,,,,,,
30/03/2024 08:30:00,,,,,,,,,,,,,,,,,,,,
30/03/2024 08:15:00,0,110,,,,,,,,,,,,,,,,,,
30/03/2024 08:00:00,0,110,,,,,,,,,,,,,,,,,,
30/03/2024 07:45:00,,110,,,,,,,,,,,,,,,,,,
30/03/2024 07:30:00,,,,,,,,,,,,,,,,,,,,
30/03/2024 07:15:00,0,110,,,,,,,,,,,,,,,,,,
30/03/2024 07:00:00,0,110,,,,,,,,,,,,,,,,,,
30/03/2024 06:45:00,,110,,,,,,,,,,,,,,,,,,
30/03/2024 06:30:00,,,,,,,,,,,,,,,,,,,,
30/03/2024 06:15:00,0,111,,,,,,,,,,,,,,,,,,
30/03/2024 06:00:00,0,111,,,,,,,,,,,,,,,,,,
30/03/2024 05:45:00,,111,,,,,,,,,,,,,,,,,,
30/03/2024 05:30:00,,,,,,,,,,,,,,,,,,,,
30/03/2024 05:15:00,0,112,,,,,,,,,,,,,,,,,,
30/03/2024 05:00:00,0,112,,,,,,,,,,,,,,,,,,
30/03/2024 04:45:00,,113,,,,,,,,,,,,,,,,,,
30/03/2024 04:30:00,,,,,,,,,,,,,,,,,,,,
30/03/2024 04:15:00,0,114,,,,,,,,,,,,,,,,,,
30/03/2024 04:00:00,0,114,,,,,,,,,,,,,,,,,,
30/03/2024 03:45:00,,115,,,,,,,,,,,,,,,,,,
30/03/2024 03:30:00,,,,,,,,,,,,,,,,,,,,
30/03/2024 03:15:00,0,116,,,,,,,,,,,,,,,,,,
30/03/2024 03:00:00,0,116,,,,,,,,,,,,,,,,,,
30/03/2024 02:45:00,,117,,,,,,,,,,,,,,,,,,
30/03/2024 02:30:00,,,,,,,,,,,,,,,,,,,,
30/03/2024 02:15:00,0,119,,,,,,,,,,,,,,,,,,
30/03/2024 02:00:00,0,120,,,,,,,,,,,,,,,,,,
30/03/2024 01:45:00,,121,,,,,,,,,,,,,,,,,,
30/03/2024 01:30:00,,,,,,,,,,,,,,,,,,,,
30/03/2024 01:15:00,0,122,,,,,,,,,,,,,,,,,,
30/03/2024 01:00:00,0,122,,,,,,,,,,,,,,,,,,
30/03/2024 00:45:00,,121,,,,,,,,,,,,,,,,,,
30/03/2024 00:30:00,,,,,,,,,,,,,,,,,,,,
30/03/2024 00:15:00,0,120,,,,,,,,,,,,,,,,,,
30/03/2024 00:00:00,0,120,,,,,,,,,,,,,,,,,,
29/03/2024 23:45:00,,120,,,,,,,,,,,,,,,,,,
29/03/2024 23:30:00,,,,,,,,,,,,,,,,,,,,
29/03/2024 23:15:00,0,118,,,,,,,,,,,,,,,,,,
29/03/2024 23:00:00,0,118,,,,,,,,,,,,,,,,,,
29/03/2024 22:45:00,,118,,,,,,,,,,,,,,,,,,
29/03/2024 22:30:00,,,,,,,,,,,,,,,,,,,,
29/03/2024 22:15:00,0,120,,,,,,,,,,,,,,,,,,
29/03/2024 22:00:00,0,121,,,,,,,,,,,,,,,,,,
29/03/2024 21:45:00,,121,,,,,,,,,,,,,,,,,,
29/03/2024 21:30:00,,,,,,,,,,,,,,,,,,,,
29/03/2024 21:15:00,0,116,,,,,,,,,,,,,,,,,,
29/03/2024 21:00:00,0,113,,,,,,,,,,,,,,,,,,
29/03/2024 20:45:00,,113,,,,,,,,,,,,,,,,,,
29/03/2024 20:30:00,,,,,,,,,,,,,,,,,,,,
29/03/2024 20:15:00,0,114,,,,,,,,,,,,,,,,,,
29/03/2024 20:00:00,0.8,115,,,,,,,,,,,,,,,,,,
29/03/2024 19:45:00,,114,,,,,,,,,,,,,,,,,,
29/03/2024 19:30:00,,,,,,,,,,,,,,,,,,,,
29/03/2024 19:15:00,0.8,112,,,,,,,,,,,,,,,,,,
29/03/2024 19:00:00,6,112,,,,,,,,,,,,,,,,,,
29/03/2024 18:45:00,,111,,,,,,,,,,,,,,,,,,
29/03/2024 18:30:00,,,,,,,,,,,,,,,,,,,,
29/03/2024 18:15:00,0,110,,,,,,,,,,,,,,,,,,
29/03/2024 18:00:00,0,109,,,,,,,,,,,,,,,,,,
29/03/2024 17:45:00,,109,,,,,,,,,,,,,,,,,,
29/03/2024 17:30:00,,,,,,,,,,,,,,,,,,,,
29/03/2024 17:15:00,0,108,,,,,,,,,,,,,,,,,,
29/03/2024 17:00:00,0,108,,,,,,,,,,,,,,,,,,
29/03/2024 16:45:00,,107,,,,,,,,,,,,,,,,,,
29/03/2024 16:30:00,,,,,,,,,,,,,,,,,,,,
29/03/2024 16:15:00,0,107,,,,,,,,,,,,,,,,,,
29/03/2024 16:00:00,0,107,,,,,,,,,,,,,,,,,,
29/03/2024 15:45:00,,106,,,,,,,,,,,,,,,,,,
29/03/2024 15:30:00,,,,,,,,,,,,,,,,,,,,
29/03/2024 15:15:00,0,106,,,,,,,,,,,,,,,,,,
29/03/2024 15:00:00,0,102,,,,,,,,,,,,,,,,,,
29/03/2024 14:45:00,,111,,,,,,,,,,,,,,,,,,
29/03/2024 14:30:00,,,,,,,,,,,,,,,,,,,,
29/03/2024 14:15:00,0,112,,,,,,,,,,,,,,,,,,
29/03/2024 14:00:00,0,112,,,,,,,,,,,,,,,,,,
29/03/2024 13:45:00,,112,,,,,,,,,,,,,,,,,,
29/03/2024 13:30:00,,,,,,,,,,,,,,,,,,,,
29/03/2024 13:15:00,0,112,,,,,,,,,,,,,,,,,,
29/03/2024 13:00:00,0,113,,,,,,,,,,,,,,,,,,
29/03/2024 12:45:00,,113,,,,,,,,,,,,,,,,,,
29/03/2024 12:30:00,,,,,,,,,,,,,,,,,,,,
29/03/2024 12:15:00,0,113,,,,,,,,,,,,,,,,,,
29/03/2024 12:00:00,0,113,,,,,,,,,,,,,,,,,,
29/03/2024 11:45:00,,114,,,,,,,,,,,,,,,,,,
29/03/2024 11:30:00,,,,,,,,,,,,,,,,,,,,
29/03/2024 11:15:00,0,114,,,,,,,,,,,,,,,,,,
29/03/2024 11:00:00,0,114,,,,,,,,,,,,,,,,,,
29/03/2024 10:45:00,,114,,,,,,,,,,,,,,,,,,
29/03/2024 10:30:00,,,,,,,,,,,,,,,,,,,,
29/03/2024 10:15:00,0,115,,,,,,,,,,,,,,,,,,
29/03/2024 10:00:00,0,115,,,,,,,,,,,,,,,,,,
29/03/2024 09:45:00,,115,,,,,,,,,,,,,,,,,,
29/03/2024 09:30:00,,,,,,,,,,,,,,,,,,,,
29/03/2024 09:15:00,0,116,,,,,,,,,,,,,,,,,,
29/03/2024 09:00:00,0,116,,,,,,,,,,,,,,,,,,
29/03/2024 08:45:00,,116,,,,,,,,,,,,,,,,,,
29/03/2024 08:30:00,,,,,,,,,,,,,,,,,,,,
29/03/2024 08:15:00,0,117,,,,,,,,,,,,,,,,,,
29/03/2024 08:00:00,0,117,,,,,,,,,,,,,,,,,,
29/03/2024 07:45:00,,117,,,,,,,,,,,,,,,,,,
29/03/2024 07:30:00,,,,,,,,,,,,,,,,,,,,
29/03/2024 07:15:00,0,118,,,,,,,,,,,,,,,,,,
29/03/2024 07:00:00,0,118,,,,,,,,,,,,,,,,,,
29/03/2024 06:45:00,,118,,,,,,,,,,,,,,,,,,
29/03/2024 06:30:00,,,,,,,,,,,,,,,,,,,,
29/03/2024 06:15:00,0,119,,,,,,,,,,,,,,,,,,
29/03/2024 06:00:00,0,119,,,,,,,,,,,,,,,,,,
29/03/2024 05:45:00,,119,,,,,,,,,,,,,,,,,,
29/03/2024 05:30:00,,,,,,,,,,,,,,,,,,,,
29/03/2024 05:15:00,0,120,,,,,,,,,,,,,,,,,,
29/03/2024 05:00:00,0,120,,,,,,,,,,,,,,,,,,
29/03/2024 04:45:00,,120,,,,,,,,,,,,,,,,,,
29/03/2024 04:30:00,,,,,,,,,,,,,,,,,,,,
29/03/2024 04:15:00,0,121,,,,,,,,,,,,,,,,,,
29/03/2024 04:00:00,0,121,,,,,,,,,,,,,,,,,,
29/03/2024 03:45:00,,122,,,,,,,,,,,,,,,,,,
29/03/2024 03:30:00,,,,,,,,,,,,,,,,,,,,
29/03/2024 03:15:00,0,122,,,,,,,,,,,,,,,,,,
29/03/2024 03:00:00,0,123,,,,,,,,,,,,,,,,,,
29/03/2024 02:45:00,,123,,,,,,,,,,,,,,,,,,
29/03/2024 02:30:00,,,,,,,,,,,,,,,,,,,,
29/03/2024 02:15:00,0,125,,,,,,,,,,,,,,,,,,
29/03/2024 02:00:00,0,125,,,,,,,,,,,,,,,,,,
29/03/2024 01:45:00,,126,,,,,,,,,,,,,,,,,,
29/03/2024 01:30:00,,,,,,,,,,,,,,,,,,,,
29/03/2024 01:15:00,0,127,,,,,,,,,,,,,,,,,,
29/03/2024 01:00:00,0,127,,,,,,,,,,,,,,,,,,
29/03/2024 00:45:00,,128,,,,,,,,,,,,,,,,,,
29/03/2024 00:30:00,,,,,,,,,,,,,,,,,,,,
29/03/2024 00:15:00,0,129,,,,,,,,,,,,,,,,,,
29/03/2024 00:00:00,0,129,,,,,,,,,,,,,,,,,,
28/03/2024 23:45:00,,129,,,,,,,,,,,,,,,,,,
28/03/2024 23:30:00,,,,,,,,,,,,,,,,,,,,
28/03/2024 23:15:00,0,129,,,,,,,,,,,,,,,,,,
28/03/2024 23:00:00,0,130,,,,,,,,,,,,,,,,,,
28/03/2024 22:45:00,,130,,,,,,,,,,,,,,,,,,
28/03/2024 22:30:00,,,,,,,,,,,,,,,,,,,,
28/03/2024 22:15:00,0,130,,,,,,,,,,,,,,,,,,
28/03/2024 22:00:00,0,130,,,,,,,,,,,,,,,,,,
28/03/2024 21:45:00,,130,,,,,,,,,,,,,,,,,,
28/03/2024 21:30:00,,,,,,,,,,,,,,,,,,,,
28/03/2024 21:15:00,0,129,,,,,,,,,,,,,,,,,,
28/03/2024 21:00:00,0,129,,,,,,,,,,,,,,,,,,
28/03/2024 20:45:00,,128,,,,,,,,,,,,,,,,,,
28/03/2024 20:30:00,,,,,,,,,,,,,,,,,,,,
28/03/2024 20:15:00,0,127,,,,,,,,,,,,,,,,,,
28/03/2024 20:00:00,0,126,,,,,,,,,,,,,,,,,,
28/03/2024 19:45:00,,125,,,,,,,,,,,,,,,,,,
28/03/2024 19:30:00,,,,,,,,,,,,,,,,,,,,
28/03/2024 19:15:00,0,124,,,,,,,,,,,,,,,,,,
28/03/2024 19:00:00,0,123,,,,,,,,,,,,,,,,,,
28/03/2024 18:45:00,,123,,,,,,,,,,,,,,,,,,
28/03/2024 18:30:00,,,,,,,,,,,,,,,,,,,,
28/03/2024 18:15:00,0,122,,,,,,,,,,,,,,,,,,
28/03/2024 18:00:00,0,121,,,,,,,,,,,,,,,,,,
28/03/2024 17:45:00,,121,,,,,,,,,,,,,,,,,,
28/03/2024 17:30:00,,,,,,,,,,,,,,,,,,,,
28/03/2024 17:15:00,0,120,,,,,,,,,,,,,,,,,,
28/03/2024 17:00:00,0,120,,,,,,,,,,,,,,,,,,
28/03/2024 16:45:00,,120,,,,,,,,,,,,,,,,,,
28/03/2024 16:30:00,,,,,,,,,,,,,,,,,,,,
28/03/2024 16:15:00,0,119,,,,,,,,,,,,,,,,,,
28/03/2024 16:00:00,0,119,,,,,,,,,,,,,,,,,,
28/03/2024 15:45:00,,119,,,,,,,,,,,,,,,,,,
28/03/2024 15:30:00,,,,,,,,,,,,,,,,,,,,
28/03/2024 15:15:00,0,118,,,,,,,,,,,,,,,,,,
28/03/2024 15:00:00,0,118,,,,,,,,,,,,,,,,,,
28/03/2024 14:45:00,,118,,,,,,,,,,,,,,,,,,
28/03/2024 14:30:00,,,,,,,,,,,,,,,,,,,,
28/03/2024 14:15:00,0,118,,,,,,,,,,,,,,,,,,
28/03/2024 14:00:00,0,117,,,,,,,,,,,,,,,,,,
28/03/2024 13:45:00,,117,,,,,,,,,,,,,,,,,,
28/03/2024 13:30:00,,,,,,,,,,,,,,,,,,,,
28/03/2024 13:15:00,0,117,,,,,,,,,,,,,,,,,,
28/03/2024 13:00:00,0,117,,,,,,,,,,,,,,,,,,
28/03/2024 12:45:00,,117,,,,,,,,,,,,,,,,,,
28/03/2024 12:30:00,,,,,,,,,,,,,,,,,,,,
28/03/2024 12:15:00,0,117,,,,,,,,,,,,,,,,,,
28/03/2024 12:00:00,0,117,,,,,,,,,,,,,,,,,,
28/03/2024 11:45:00,,118,,,,,,,,,,,,,,,,,,
28/03/2024 11:30:00,,,,,,,,,,,,,,,,,,,,
28/03/2024 11:15:00,0,118,,,,,,,,,,,,,,,,,,
28/03/2024 11:00:00,0,118,,,,,,,,,,,,,,,,,,
28/03/2024 10:45:00,,118,,,,,,,,,,,,,,,,,,
28/03/2024 10:30:00,,,,,,,,,,,,,,,,,,,,
28/03/2024 10:15:00,0,119,,,,,,,,,,,,,,,,,,
28/03/2024 10:00:00,0,119,,,,,,,,,,,,,,,,,,
28/03/2024 09:45:00,,120,,,,,,,,,,,,,,,,,,
28/03/2024 09:30:00,,,,,,,,,,,,,,,,,,,,
28/03/2024 09:15:00,0,120,,,,,,,,,,,,,,,,,,
28/03/2024 09:00:00,0,121,,,,,,,,,,,,,,,,,,
28/03/2024 08:45:00,,121,,,,,,,,,,,,,,,,,,
28/03/2024 08:30:00,,,,,,,,,,,,,,,,,,,,
28/03/2024 08:15:00,0,122,,,,,,,,,,,,,,,,,,
28/03/2024 08:00:00,0,123,,,,,,,,,,,,,,,,,,
28/03/2024 07:45:00,,123,,,,,,,,,,,,,,,,,,
28/03/2024 07:30:00,,,,,,,,,,,,,,,,,,,,
28/03/2024 07:15:00,0,124,,,,,,,,,,,,,,,,,,
28/03/2024 07:00:00,0,125,,,,,,,,,,,,,,,,,,
28/03/2024 06:45:00,,125,,,,,,,,,,,,,,,,,,
28/03/2024 06:30:00,,,,,,,,,,,,,,,,,,,,
28/03/2024 06:15:00,0,126,,,,,,,,,,,,,,,,,,
28/03/2024 06:00:00,0,126,,,,,,,,,,,,,,,,,,
28/03/2024 05:45:00,,127,,,,,,,,,,,,,,,,,,
28/03/2024 05:30:00,,,,,,,,,,,,,,,,,,,,
28/03/2024 05:15:00,0,128,,,,,,,,,,,,,,,,,,
28/03/2024 05:00:00,0,128,,,,,,,,,,,,,,,,,,
28/03/2024 04:45:00,,129,,,,,,,,,,,,,,,,,,
28/03/2024 04:30:00,,,,,,,,,,,,,,,,,,,,
28/03/2024 04:15:00,0,130,,,,,,,,,,,,,,,,,,
28/03/2024 04:00:00,0,130,,,,,,,,,,,,,,,,,,
28/03/2024 03:45:00,,131,,,,,,,,,,,,,,,,,,
28/03/2024 03:30:00,,,,,,,,,,,,,,,,,,,,
28/03/2024 03:15:00,0,132,,,,,,,,,,,,,,,,,,
28/03/2024 03:00:00,0,133,,,,,,,,,,,,,,,,,,
28/03/2024 02:45:00,,133,,,,,,,,,,,,,,,,,,
28/03/2024 02:30:00,,,,,,,,,,,,,,,,,,,,
28/03/2024 02:15:00,0,134,,,,,,,,,,,,,,,,,,
28/03/2024 02:00:00,0,134,,,,,,,,,,,,,,,,,,
28/03/2024 01:45:00,,134,,,,,,,,,,,,,,,,,,
28/03/2024 01:30:00,,,,,,,,,,,,,,,,,,,,
28/03/2024 01:15:00,0,135,,,,,,,,,,,,,,,,,,
28/03/2024 01:00:00,0,135,,,,,,,,,,,,,,,,,,
28/03/2024 00:45:00,,135,,,,,,,,,,,,,,,,,,
28/03/2024 00:30:00,,,,,,,,,,,,,,,,,,,,
28/03/2024 00:15:00,0,136,,,,,,,,,,,,,,,,,,
28/03/2024 00:00:00,0,136,,,,,,,,,,,,,,,,,,
27/03/2024 23:45:00,,136,,,,,,,,,,,,,,,,,,
27/03/2024 23:30:00,,,,,,,,,,,,,,,,,,,,
27/03/2024 23:15:00,0,136,,,,,,,,,,,,,,,,,,
27/03/2024 23:00:00,0,135,,,,,,,,,,,,,,,,,,
27/03/2024 22:45:00,,135,,,,,,,,,,,,,,,,,,
27/03/2024 22:30:00,,,,,,,,,,,,,,,,,,,,
27/03/2024 22:15:00,0,135,,,,,,,,,,,,,,,,,,
27/03/2024 22:00:00,0,134,,,,,,,,,,,,,,,,,,
27/03/2024 21:45:00,,134,,,,,,,,,,,,,,,,,,
27/03/2024 21:30:00,,,,,,,,,,,,,,,,,,,,
27/03/2024 21:15:00,0,133,,,,,,,,,,,,,,,,,,
27/03/2024 21:00:00,0,133,,,,,,,,,,,,,,,,,,
27/03/2024 20:45:00,,132,,,,,,,,,,,,,,,,,,
27/03/2024 20:30:00,,,,,,,,,,,,,,,,,,,,
27/03/2024 20:15:00,0,131,,,,,,,,,,,,,,,,,,
27/03/2024 20:00:00,0,130,,,,,,,,,,,,,,,,,,
27/03/2024 19:45:00,,130,,,,,,,,,,,,,,,,,,
27/03/2024 19:30:00,,,,,,,,,,,,,,,,,,,,
27/03/2024 19:15:00,0,129,,,,,,,,,,,,,,,,,,
27/03/2024 19:00:00,0,129,,,,,,,,,,,,,,,,,,
27/03/2024 18:45:00,,128,,,,,,,,,,,,,,,,,,
27/03/2024 18:30:00,,,,,,,,,,,,,,,,,,,,
27/03/2024 18:15:00,0,127,,,,,,,,,,,,,,,,,,
27/03/2024 18:00:00,0,127,,,,,,,,,,,,,,,,,,
27/03/2024 17:45:00,,127,,,,,,,,,,,,,,,,,,
27/03/2024 17:30:00,,,,,,,,,,,,,,,,,,,,
27/03/2024 17:15:00,0,126,,,,,,,,,,,,,,,,,,
27/03/2024 17:00:00,0,126,,,,,,,,,,,,,,,,,,
27/03/2024 16:45:00,,126,,,,,,,,,,,,,,,,,,
27/03/2024 16:30:00,,,,,,,,,,,,,,,,,,,,
27/03/2024 16:15:00,0,126,,,,,,,,,,,,,,,,,,
27/03/2024 16:00:00,0,126,,,,,,,,,,,,,,,,,,
27/03/2024 15:45:00,,126,,,,,,,,,,,,,,,,,,
27/03/2024 15:30:00,,,,,,,,,,,,,,,,,,,,
27/03/2024 15:15:00,0,127,,,,,,,,,,,,,,,,,,
27/03/2024 15:00:00,0,127,,,,,,,,,,,,,,,,,,
27/03/2024 14:45:00,,127,,,,,,,,,,,,,,,,,,
27/03/2024 14:30:00,,,,,,,,,,,,,,,,,,,,
27/03/2024 14:15:00,0,127,,,,,,,,,,,,,,,,,,
27/03/2024 14:00:00,0,127,,,,,,,,,,,,,,,,,,
27/03/2024 13:45:00,,127,,,,,,,,,,,,,,,,,,
27/03/2024 13:30:00,,,,,,,,,,,,,,,,,,,,
27/03/2024 13:15:00,0,128,,,,,,,,,,,,,,,,,,
27/03/2024 13:00:00,0,128,,,,,,,,,,,,,,,,,,
27/03/2024 12:45:00,,128,,,,,,,,,,,,,,,,,,
27/03/2024 12:30:00,,,,,,,,,,,,,,,,,,,,
27/03/2024 12:15:00,0,128,,,,,,,,,,,,,,,,,,
27/03/2024 12:00:00,0,129,,,,,,,,,,,,,,,,,,
27/03/2024 11:45:00,,129,,,,,,,,,,,,,,,,,,
27/03/2024 11:30:00,,,,,,,,,,,,,,,,,,,,
27/03/2024 11:15:00,0,129,,,,,,,,,,,,,,,,,,
27/03/2024 11:00:00,0,129,,,,,,,,,,,,,,,,,,
27/03/2024 10:45:00,,130,,,,,,,,,,,,,,,,,,
27/03/2024 10:30:00,,,,,,,,,,,,,,,,,,,,
27/03/2024 10:15:00,0,130,,,,,,,,,,,,,,,,,,
27/03/2024 10:00:00,0,130,,,,,,,,,,,,,,,,,,
27/03/2024 09:45:00,,131,,,,,,,,,,,,,,,,,,
27/03/2024 09:30:00,,,,,,,,,,,,,,,,,,,,
27/03/2024 09:15:00,0,131,,,,,,,,,,,,,,,,,,
27/03/2024 09:00:00,0,132,,,,,,,,,,,,,,,,,,
27/03/2024 08:45:00,,132,,,,,,,,,,,,,,,,,,
27/03/2024 08:30:00,,,,,,,,,,,,,,,,,,,,
27/03/2024 08:15:00,0,133,,,,,,,,,,,,,,,,,,
27/03/2024 08:00:00,0,133,,,,,,,,,,,,,,,,,,
27/03/2024 07:45:00,,133,,,,,,,,,,,,,,,,,,
27/03/2024 07:30:00,,,,,,,,,,,,,,,,,,,,
27/03/2024 07:15:00,0,134,,,,,,,,,,,,,,,,,,
27/03/2024 07:00:00,0,134,,,,,,,,,,,,,,,,,,
27/03/2024 06:45:00,,135,,,,,,,,,,,,,,,,,,
27/03/2024 06:30:00,,,,,,,,,,,,,,,,,,,,
27/03/2024 06:15:00,0,136,,,,,,,,,,,,,,,,,,
27/03/2024 06:00:00,0,136,,,,,,,,,,,,,,,,,,
27/03/2024 05:45:00,,137,,,,,,,,,,,,,,,,,,
27/03/2024 05:30:00,,,,,,,,,,,,,,,,,,,,
27/03/2024 05:15:00,0,138,,,,,,,,,,,,,,,,,,
27/03/2024 05:00:00,0,138,,,,,,,,,,,,,,,,,,
27/03/2024 04:45:00,,139,,,,,,,,,,,,,,,,,,
27/03/2024 04:30:00,,,,,,,,,,,,,,,,,,,,
27/03/2024 04:15:00,0,140,,,,,,,,,,,,,,,,,,
27/03/2024 04:00:00,0,141,,,,,,,,,,,,,,,,,,
27/03/2024 03:45:00,,141,,,,,,,,,,,,,,,,,,
27/03/2024 03:30:00,,,,,,,,,,,,,,,,,,,,
27/03/2024 03:15:00,0,143,,,,,,,,,,,,,,,,,,
27/03/2024 03:00:00,0,143,,,,,,,,,,,,,,,,,,
27/03/2024 02:45:00,,144,,,,,,,,,,,,,,,,,,
27/03/2024 02:30:00,,,,,,,,,,,,,,,,,,,,
27/03/2024 02:15:00,0,145,,,,,,,,,,,,,,,,,,
27/03/2024 02:00:00,0,145,,,,,,,,,,,,,,,,,,
27/03/2024 01:45:00,,146,,,,,,,,,,,,,,,,,,
27/03/2024 01:30:00,,,,,,,,,,,,,,,,,,,,
27/03/2024 01:15:00,0,147,,,,,,,,,,,,,,,,,,
27/03/2024 01:00:00,0,148,,,,,,,,,,,,,,,,,,
27/03/2024 00:45:00,,148,,,,,,,,,,,,,,,,,,
27/03/2024 00:30:00,,,,,,,,,,,,,,,,,,,,
27/03/2024 00:15:00,0,149,,,,,,,,,,,,,,,,,,
27/03/2024 00:00:00,0,149,,,,,,,,,,,,,,,,,,
26/03/2024 23:45:00,,149,,,,,,,,,,,,,,,,,,
26/03/2024 23:30:00,,,,,,,,,,,,,,,,,,,,
26/03/2024 23:15:00,0,150,,,,,,,,,,,,,,,,,,
26/03/2024 23:00:00,0,150,,,,,,,,,,,,,,,,,,
26/03/2024 22:45:00,,150,,,,,,,,,,,,,,,,,,
26/03/2024 22:30:00,,,,,,,,,,,,,,,,,,,,
26/03/2024 22:15:00,0,150,,,,,,,,,,,,,,,,,,
26/03/2024 22:00:00,0,150,,,,,,,,,,,,,,,,,,
26/03/2024 21:45:00,,149,,,,,,,,,,,,,,,,,,
26/03/2024 21:30:00,,,,,,,,,,,,,,,,,,,,
26/03/2024 21:15:00,0,148,,,,,,,,,,,,,,,,,,
26/03/2024 21:00:00,0,148,,,,,,,,,,,,,,,,,,
26/03/2024 20:45:00,,147,,,,,,,,,,,,,,,,,,
26/03/2024 20:30:00,,,,,,,,,,,,,,,,,,,,
26/03/2024 20:15:00,0,146,,,,,,,,,,,,,,,,,,
26/03/2024 20:00:00,0,145,,,,,,,,,,,,,,,,,,
26/03/2024 19:45:00,,144,,,,,,,,,,,,,,,,,,
26/03/2024 19:30:00,,,,,,,,,,,,,,,,,,,,
26/03/2024 19:15:00,0,143,,,,,,,,,,,,,,,,,,
26/03/2024 19:00:00,0,143,,,,,,,,,,,,,,,,,,
26/03/2024 18:45:00,,142,,,,,,,,,,,,,,,,,,
26/03/2024 18:30:00,,,,,,,,,,,,,,,,,,,,
26/03/2024 18:15:00,0,140,,,,,,,,,,,,,,,,,,
26/03/2024 18:00:00,0,139,,,,,,,,,,,,,,,,,,
26/03/2024 17:45:00,,138,,,,,,,,,,,,,,,,,,
26/03/2024 17:30:00,,,,,,,,,,,,,,,,,,,,
26/03/2024 17:15:00,0,137,,,,,,,,,,,,,,,,,,
26/03/2024 17:00:00,0,136,,,,,,,,,,,,,,,,,,
26/03/2024 16:45:00,,135,,,,,,,,,,,,,,,,,,
26/03/2024 16:30:00,,,,,,,,,,,,,,,,,,,,
26/03/2024 16:15:00,0,133,,,,,,,,,,,,,,,,,,
26/03/2024 16:00:00,0,132,,,,,,,,,,,,,,,,,,
26/03/2024 15:45:00,,132,,,,,,,,,,,,,,,,,,
26/03/2024 15:30:00,,,,,,,,,,,,,,,,,,,,
26/03/2024 15:15:00,0,131,,,,,,,,,,,,,,,,,,
26/03/2024 15:00:00,0,131,,,,,,,,,,,,,,,,,,
26/03/2024 14:45:00,,131,,,,,,,,,,,,,,,,,,
26/03/2024 14:30:00,,,,,,,,,,,,,,,,,,,,
26/03/2024 14:15:00,0,130,,,,,,,,,,,,,,,,,,
26/03/2024 14:00:00,0,130,,,,,,,,,,,,,,,,,,
26/03/2024 13:45:00,,130,,,,,,,,,,,,,,,,,,
26/03/2024 13:30:00,,,,,,,,,,,,,,,,,,,,
26/03/2024 13:15:00,0,130,,,,,,,,,,,,,,,,,,
26/03/2024 13:00:00,0,130,,,,,,,,,,,,,,,,,,
26/03/2024 12:45:00,,130,,,,,,,,,,,,,,,,,,
26/03/2024 12:30:00,,,,,,,,,,,,,,,,,,,,
26/03/2024 12:15:00,0,130,,,,,,,,,,,,,,,,,,
26/03/2024 12:00:00,0,131,,,,,,,,,,,,,,,,,,
26/03/2024 11:45:00,,131,,,,,,,,,,,,,,,,,,
26/03/2024 11:30:00,,,,,,,,,,,,,,,,,,,,
26/03/2024 11:15:00,0,131,,,,,,,,,,,,,,,,,,
26/03/2024 11:00:00,0,132,,,,,,,,,,,,,,,,,,
26/03/2024 10:45:00,,132,,,,,,,,,,,,,,,,,,
26/03/2024 10:30:00,,,,,,,,,,,,,,,,,,,,
26/03/2024 10:15:00,0,133,,,,,,,,,,,,,,,,,,
26/03/2024 10:00:00,0,133,,,,,,,,,,,,,,,,,,
26/03/2024 09:45:00,,133,,,,,,,,,,,,,,,,,,
26/03/2024 09:30:00,,,,,,,,,,,,,,,,,,,,
26/03/2024 09:15:00,0,134,,,,,,,,,,,,,,,,,,
26/03/2024 09:00:00,0,134,,,,,,,,,,,,,,,,,,
26/03/2024 08:45:00,,135,,,,,,,,,,,,,,,,,,
26/03/2024 08:30:00,,,,,,,,,,,,,,,,,,,,
26/03/2024 08:15:00,0,136,,,,,,,,,,,,,,,,,,
26/03/2024 08:00:00,0,136,,,,,,,,,,,,,,,,,,
26/03/2024 07:45:00,,136,,,,,,,,,,,,,,,,,,
26/03/2024 07:30:00,,,,,,,,,,,,,,,,,,,,
26/03/2024 07:15:00,0,137,,,,,,,,,,,,,,,,,,
26/03/2024 07:00:00,0,138,,,,,,,,,,,,,,,,,,
26/03/2024 06:45:00,,138,,,,,,,,,,,,,,,,,,
26/03/2024 06:30:00,,,,,,,,,,,,,,,,,,,,
26/03/2024 06:15:00,0,139,,,,,,,,,,,,,,,,,,
26/03/2024 06:00:00,0,140,,,,,,,,,,,,,,,,,,
26/03/2024 05:45:00,,140,,,,,,,,,,,,,,,,,,
26/03/2024 05:30:00,,,,,,,,,,,,,,,,,,,,
26/03/2024 05:15:00,0,141,,,,,,,,,,,,,,,,,,
26/03/2024 05:00:00,0,142,,,,,,,,,,,,,,,,,,
26/03/2024 04:45:00,,142,,,,,,,,,,,,,,,,,,
26/03/2024 04:30:00,,,,,,,,,,,,,,,,,,,,
26/03/2024 04:15:00,0,144,,,,,,,,,,,,,,,,,,
26/03/2024 04:00:00,0,144,,,,,,,,,,,,,,,,,,
26/03/2024 03:45:00,,145,,,,,,,,,,,,,,,,,,
26/03/2024 03:30:00,,,,,,,,,,,,,,,,,,,,
26/03/2024 03:15:00,0,146,,,,,,,,,,,,,,,,,,
26/03/2024 03:00:00,0,146,,,,,,,,,,,,,,,,,,
26/03/2024 02:45:00,,147,,,,,,,,,,,,,,,,,,
26/03/2024 02:30:00,,,,,,,,,,,,,,,,,,,,
26/03/2024 02:15:00,0,148,,,,,,,,,,,,,,,,,,
26/03/2024 02:00:00,0,149,,,,,,,,,,,,,,,,,,
26/03/2024 01:45:00,,149,,,,,,,,,,,,,,,,,,
26/03/2024 01:30:00,,,,,,,,,,,,,,,,,,,,
26/03/2024 01:15:00,0,151,,,,,,,,,,,,,,,,,,
26/03/2024 01:00:00,0,151,,,,,,,,,,,,,,,,,,
26/03/2024 00:45:00,,152,,,,,,,,,,,,,,,,,,
26/03/2024 00:30:00,,,,,,,,,,,,,,,,,,,,
26/03/2024 00:15:00,0,153,,,,,,,,,,,,,,,,,,
26/03/2024 00:00:00,0,154,,,,,,,,,,,,,,,,,,
25/03/2024 23:45:00,,154,,,,,,,,,,,,,,,,,,
25/03/2024 23:30:00,,,,,,,,,,,,,,,,,,,,
25/03/2024 23:15:00,0,155,,,,,,,,,,,,,,,,,,
25/03/2024 23:00:00,0,155,,,,,,,,,,,,,,,,,,
25/03/2024 22:45:00,,155,,,,,,,,,,,,,,,,,,
25/03/2024 22:30:00,,,,,,,,,,,,,,,,,,,,
25/03/2024 22:15:00,0,155,,,,,,,,,,,,,,,,,,
25/03/2024 22:00:00,0,155,,,,,,,,,,,,,,,,,,
25/03/2024 21:45:00,,154,,,,,,,,,,,,,,,,,,
25/03/2024 21:30:00,,,,,,,,,,,,,,,,,,,,
25/03/2024 21:15:00,0,153,,,,,,,,,,,,,,,,,,
25/03/2024 21:00:00,0,152,,,,,,,,,,,,,,,,,,
25/03/2024 20:45:00,,151,,,,,,,,,,,,,,,,,,
25/03/2024 20:30:00,,,,,,,,,,,,,,,,,,,,
25/03/2024 20:15:00,0,150,,,,,,,,,,,,,,,,,,
25/03/2024 20:00:00,0,149,,,,,,,,,,,,,,,,,,
25/03/2024 19:45:00,,148,,,,,,,,,,,,,,,,,,
25/03/2024 19:30:00,,,,,,,,,,,,,,,,,,,,
25/03/2024 19:15:00,0,146,,,,,,,,,,,,,,,,,,
25/03/2024 19:00:00,0,144,,,,,,,,,,,,,,,,,,
25/03/2024 18:45:00,,143,,,,,,,,,,,,,,,,,,
25/03/2024 18:30:00,,,,,,,,,,,,,,,,,,,,
25/03/2024 18:15:00,0,140,,,,,,,,,,,,,,,,,,
25/03/2024 18:00:00,0,138,,,,,,,,,,,,,,,,,,
25/03/2024 17:45:00,,137,,,,,,,,,,,,,,,,,,
25/03/2024 17:30:00,,,,,,,,,,,,,,,,,,,,
25/03/2024 17:15:00,0,134,,,,,,,,,,,,,,,,,,
25/03/2024 17:00:00,0,133,,,,,,,,,,,,,,,,,,
25/03/2024 16:45:00,,131,,,,,,,,,,,,,,,,,,
25/03/2024 16:30:00,,,,,,,,,,,,,,,,,,,,
25/03/2024 16:15:00,0,129,,,,,,,,,,,,,,,,,,
25/03/2024 16:00:00,0,128,,,,,,,,,,,,,,,,,,
25/03/2024 15:45:00,,127,,,,,,,,,,,,,,,,,,
25/03/2024 15:30:00,,,,,,,,,,,,,,,,,,,,
25/03/2024 15:15:00,0,126,,,,,,,,,,,,,,,,,,
25/03/2024 15:00:00,0,125,,,,,,,,,,,,,,,,,,
25/03/2024 14:45:00,,124,,,,,,,,,,,,,,,,,,
25/03/2024 14:30:00,,,,,,,,,,,,,,,,,,,,
25/03/2024 14:15:00,0,124,,,,,,,,,,,,,,,,,,
25/03/2024 14:00:00,0,123,,,,,,,,,,,,,,,,,,
25/03/2024 13:45:00,,123,,,,,,,,,,,,,,,,,,
25/03/2024 13:30:00,,,,,,,,,,,,,,,,,,,,
25/03/2024 13:15:00,0,123,,,,,,,,,,,,,,,,,,
25/03/2024 13:00:00,0,123,,,,,,,,,,,,,,,,,,
25/03/2024 12:45:00,,123,,,,,,,,,,,,,,,,,,
25/03/2024 12:30:00,,,,,,,,,,,,,,,,,,,,
25/03/2024 12:15:00,0,123,,,,,,,,,,,,,,,,,,
25/03/2024 12:00:00,0,123,,,,,,,,,,,,,,,,,,
25/03/2024 11:45:00,,124,,,,,,,,,,,,,,,,,,
25/03/2024 11:30:00,,,,,,,,,,,,,,,,,,,,
25/03/2024 11:15:00,0,124,,,,,,,,,,,,,,,,,,
25/03/2024 11:00:00,0,124,,,,,,,,,,,,,,,,,,
25/03/2024 10:45:00,,124,,,,,,,,,,,,,,,,,,
25/03/2024 10:30:00,,,,,,,,,,,,,,,,,,,,
25/03/2024 10:15:00,0,124,,,,,,,,,,,,,,,,,,
25/03/2024 10:00:00,0,124,,,,,,,,,,,,,,,,,,
25/03/2024 09:45:00,,124,,,,,,,,,,,,,,,,,,
25/03/2024 09:30:00,,,,,,,,,,,,,,,,,,,,
25/03/2024 09:15:00,0,125,,,,,,,,,,,,,,,,,,
25/03/2024 09:00:00,0,125,,,,,,,,,,,,,,,,,,
25/03/2024 08:45:00,,125,,,,,,,,,,,,,,,,,,
25/03/2024 08:30:00,,,,,,,,,,,,,,,,,,,,
25/03/2024 08:15:00,0,125,,,,,,,,,,,,,,,,,,
25/03/2024 08:00:00,0,125,,,,,,,,,,,,,,,,,,
25/03/2024 07:45:00,,126,,,,,,,,,,,,,,,,,,
25/03/2024 07:30:00,,,,,,,,,,,,,,,,,,,,
25/03/2024 07:15:00,0,126,,,,,,,,,,,,,,,,,,
25/03/2024 07:00:00,0,126,,,,,,,,,,,,,,,,,,
25/03/2024 06:45:00,,127,,,,,,,,,,,,,,,,,,
25/03/2024 06:30:00,,,,,,,,,,,,,,,,,,,,
25/03/2024 06:15:00,0,127,,,,,,,,,,,,,,,,,,
25/03/2024 06:00:00,0,128,,,,,,,,,,,,,,,,,,
25/03/2024 05:45:00,,128,,,,,,,,,,,,,,,,,,
25/03/2024 05:30:00,,,,,,,,,,,,,,,,,,,,
25/03/2024 05:15:00,0,129,,,,,,,,,,,,,,,,,,
25/03/2024 05:00:00,0,129,,,,,,,,,,,,,,,,,,
25/03/2024 04:45:00,,129,,,,,,,,,,,,,,,,,,
25/03/2024 04:30:00,,,,,,,,,,,,,,,,,,,,
25/03/2024 04:15:00,0,130,,,,,,,,,,,,,,,,,,
25/03/2024 04:00:00,0,131,,,,,,,,,,,,,,,,,,
25/03/2024 03:45:00,,131,,,,,,,,,,,,,,,,,,
25/03/2024 03:30:00,,,,,,,,,,,,,,,,,,,,
25/03/2024 03:15:00,0,132,,,,,,,,,,,,,,,,,,
25/03/2024 03:00:00,0,133,,,,,,,,,,,,,,,,,,
25/03/2024 02:45:00,,133,,,,,,,,,,,,,,,,,,
25/03/2024 02:30:00,,,,,,,,,,,,,,,,,,,,
25/03/2024 02:15:00,0,134,,,,,,,,,,,,,,,,,,
25/03/2024 02:00:00,0,134,,,,,,,,,,,,,,,,,,
25/03/2024 01:45:00,,135,,,,,,,,,,,,,,,,,,
25/03/2024 01:30:00,,,,,,,,,,,,,,,,,,,,
25/03/2024 01:15:00,0,135,,,,,,,,,,,,,,,,,,
25/03/2024 01:00:00,0,136,,,,,,,,,,,,,,,,,,
25/03/2024 00:45:00,,136,,,,,,,,,,,,,,,,,,
25/03/2024 00:30:00,,,,,,,,,,,,,,,,,,,,
25/03/2024 00:15:00,0,137,,,,,,,,,,,,,,,,,,
25/03/2024 00:00:00,0,137,,,,,,,,,,,,,,,,,,
24/03/2024 23:45:00,,137,,,,,,,,,,,,,,,,,,
24/03/2024 23:30:00,,,,,,,,,,,,,,,,,,,,
24/03/2024 23:15:00,0,137,,,,,,,,,,,,,,,,,,
24/03/2024 23:00:00,0,137,,,,,,,,,,,,,,,,,,
24/03/2024 22:45:00,,137,,,,,,,,,,,,,,,,,,
24/03/2024 22:30:00,,,,,,,,,,,,,,,,,,,,
24/03/2024 22:15:00,0,137,,,,,,,,,,,,,,,,,,
24/03/2024 22:00:00,0,136,,,,,,,,,,,,,,,,,,
24/03/2024 21:45:00,,136,,,,,,,,,,,,,,,,,,
24/03/2024 21:30:00,,,,,,,,,,,,,,,,,,,,
24/03/2024 21:15:00,0,135,,,,,,,,,,,,,,,,,,
24/03/2024 21:00:00,0,134,,,,,,,,,,,,,,,,,,
24/03/2024 20:45:00,,133,,,,,,,,,,,,,,,,,,
24/03/2024 20:30:00,,,,,,,,,,,,,,,,,,,,
24/03/2024 20:15:00,0,131,,,,,,,,,,,,,,,,,,
24/03/2024 20:00:00,0,131,,,,,,,,,,,,,,,,,,
24/03/2024 19:45:00,,130,,,,,,,,,,,,,,,,,,
24/03/2024 19:30:00,,,,,,,,,,,,,,,,,,,,
24/03/2024 19:15:00,0,128,,,,,,,,,,,,,,,,,,
24/03/2024 19:00:00,0,127,,,,,,,,,,,,,,,,,,
24/03/2024 18:45:00,,126,,,,,,,,,,,,,,,,,,
24/03/2024 18:30:00,,,,,,,,,,,,,,,,,,,,
24/03/2024 18:15:00,0,124,,,,,,,,,,,,,,,,,,
24/03/2024 18:00:00,0,123,,,,,,,,,,,,,,,,,,
24/03/2024 17:45:00,,122,,,,,,,,,,,,,,,,,,
24/03/2024 17:30:00,,,,,,,,,,,,,,,,,,,,
24/03/2024 17:15:00,0,120,,,,,,,,,,,,,,,,,,
24/03/2024 17:00:00,0,119,,,,,,,,,,,,,,,,,,
24/03/2024 16:45:00,,118,,,,,,,,,,,,,,,,,,
24/03/2024 16:30:00,,,,,,,,,,,,,,,,,,,,
24/03/2024 16:15:00,0,116,,,,,,,,,,,,,,,,,,
24/03/2024 16:00:00,0,115,,,,,,,,,,,,,,,,,,
24/03/2024 15:45:00,,115,,,,,,,,,,,,,,,,,,
24/03/2024 15:30:00,,,,,,,,,,,,,,,,,,,,
24/03/2024 15:15:00,0,114,,,,,,,,,,,,,,,,,,
24/03/2024 15:00:00,0,114,,,,,,,,,,,,,,,,,,
24/03/2024 14:45:00,,114,,,,,,,,,,,,,,,,,,
24/03/2024 14:30:00,,,,,,,,,,,,,,,,,,,,
24/03/2024 14:15:00,0,113,,,,,,,,,,,,,,,,,,
24/03/2024 14:00:00,0,113,,,,,,,,,,,,,,,,,,
24/03/2024 13:45:00,,113,,,,,,,,,,,,,,,,,,
24/03/2024 13:30:00,,,,,,,,,,,,,,,,,,,,
24/03/2024 13:15:00,0,113,,,,,,,,,,,,,,,,,,
24/03/2024 13:00:00,0,113,,,,,,,,,,,,,,,,,,
24/03/2024 12:45:00,,113,,,,,,,,,,,,,,,,,,
24/03/2024 12:30:00,,,,,,,,,,,,,,,,,,,,
24/03/2024 12:15:00,0,113,,,,,,,,,,,,,,,,,,
24/03/2024 12:00:00,0,114,,,,,,,,,,,,,,,,,,
24/03/2024 11:45:00,,114,,,,,,,,,,,,,,,,,,
24/03/2024 11:30:00,,,,,,,,,,,,,,,,,,,,
24/03/2024 11:15:00,0,114,,,,,,,,,,,,,,,,,,
24/03/2024 11:00:00,0,114,,,,,,,,,,,,,,,,,,
24/03/2024 10:45:00,,114,,,,,,,,,,,,,,,,,,
24/03/2024 10:30:00,,,,,,,,,,,,,,,,,,,,
24/03/2024 10:15:00,0,115,,,,,,,,,,,,,,,,,,
24/03/2024 10:00:00,0,115,,,,,,,,,,,,,,,,,,
24/03/2024 09:45:00,,115,,,,,,,,,,,,,,,,,,
24/03/2024 09:30:00,,,,,,,,,,,,,,,,,,,,
24/03/2024 09:15:00,0,116,,,,,,,,,,,,,,,,,,
24/03/2024 09:00:00,0,116,,,,,,,,,,,,,,,,,,
24/03/2024 08:45:00,,117,,,,,,,,,,,,,,,,,,
24/03/2024 08:30:00,,,,,,,,,,,,,,,,,,,,
24/03/2024 08:15:00,0,118,,,,,,,,,,,,,,,,,,
24/03/2024 08:00:00,0,118,,,,,,,,,,,,,,,,,,
24/03/2024 07:45:00,,119,,,,,,,,,,,,,,,,,,
24/03/2024 07:30:00,,,,,,,,,,,,,,,,,,,,
24/03/2024 07:15:00,0,120,,,,,,,,,,,,,,,,,,
24/03/2024 07:00:00,0,120,,,,,,,,,,,,,,,,,,
24/03/2024 06:45:00,,121,,,,,,,,,,,,,,,,,,
24/03/2024 06:30:00,,,,,,,,,,,,,,,,,,,,
24/03/2024 06:15:00,0,122,,,,,,,,,,,,,,,,,,
24/03/2024 06:00:00,0,123,,,,,,,,,,,,,,,,,,
24/03/2024 05:45:00,,124,,,,,,,,,,,,,,,,,,
24/03/2024 05:30:00,,,,,,,,,,,,,,,,,,,,
24/03/2024 05:15:00,0,125,,,,,,,,,,,,,,,,,,
24/03/2024 05:00:00,0,126,,,,,,,,,,,,,,,,,,
24/03/2024 04:45:00,,127,,,,,,,,,,,,,,,,,,
24/03/2024 04:30:00,,,,,,,,,,,,,,,,,,,,
24/03/2024 04:15:00,0,128,,,,,,,,,,,,,,,,,,
24/03/2024 04:00:00,0,129,,,,,,,,,,,,,,,,,,
24/03/2024 03:45:00,,130,,,,,,,,,,,,,,,,,,
24/03/2024 03:30:00,,,,,,,,,,,,,,,,,,,,
24/03/2024 03:15:00,0,132,,,,,,,,,,,,,,,,,,
24/03/2024 03:00:00,0,132,,,,,,,,,,,,,,,,,,
24/03/2024 02:45:00,,133,,,,,,,,,,,,,,,,,,
24/03/2024 02:30:00,,,,,,,,,,,,,,,,,,,,
24/03/2024 02:15:00,0,134,,,,,,,,,,,,,,,,,,
24/03/2024 02:00:00,0,135,,,,,,,,,,,,,,,,,,
24/03/2024 01:45:00,,135,,,,,,,,,,,,,,,,,,
24/03/2024 01:30:00,,,,,,,,,,,,,,,,,,,,
24/03/2024 01:15:00,0,136,,,,,,,,,,,,,,,,,,
24/03/2024 01:00:00,0,137,,,,,,,,,,,,,,,,,,
24/03/2024 00:45:00,,137,,,,,,,,,,,,,,,,,,
24/03/2024 00:30:00,,,,,,,,,,,,,,,,,,,,
24/03/2024 00:15:00,0,137,,,,,,,,,,,,,,,,,,
24/03/2024 00:00:00,0,137,,,,,,,,,,,,,,,,,,
23/03/2024 23:45:00,,138,,,,,,,,,,,,,,,,,,
23/03/2024 23:30:00,,,,,,,,,,,,,,,,,,,,
23/03/2024 23:15:00,0,138,,,,,,,,,,,,,,,,,,
23/03/2024 23:00:00,0,138,,,,,,,,,,,,,,,,,,
23/03/2024 22:45:00,,138,,,,,,,,,,,,,,,,,,
23/03/2024 22:30:00,,,,,,,,,,,,,,,,,,,,
23/03/2024 22:15:00,0,138,,,,,,,,,,,,,,,,,,
23/03/2024 22:00:00,0,138,,,,,,,,,,,,,,,,,,
23/03/2024 21:45:00,,138,,,,,,,,,,,,,,,,,,
23/03/2024 21:30:00,,,,,,,,,,,,,,,,,,,,
23/03/2024 21:15:00,0,138,,,,,,,,,,,,,,,,,,
23/03/2024 21:00:00,0,138,,,,,,,,,,,,,,,,,,
23/03/2024 20:45:00,,138,,,,,,,,,,,,,,,,,,
23/03/2024 20:30:00,,,,,,,,,,,,,,,,,,,,
23/03/2024 20:15:00,0,138,,,,,,,,,,,,,,,,,,
23/03/2024 20:00:00,0,138,,,,,,,,,,,,,,,,,,
23/03/2024 19:45:00,,137,,,,,,,,,,,,,,,,,,
23/03/2024 19:30:00,,,,,,,,,,,,,,,,,,,,
23/03/2024 19:15:00,0,137,,,,,,,,,,,,,,,,,,
23/03/2024 19:00:00,0,137,,,,,,,,,,,,,,,,,,
23/03/2024 18:45:00,,137,,,,,,,,,,,,,,,,,,
23/03/2024 18:30:00,,,,,,,,,,,,,,,,,,,,
23/03/2024 18:15:00,0,137,,,,,,,,,,,,,,,,,,
23/03/2024 18:00:00,0,137,,,,,,,,,,,,,,,,,,
23/03/2024 17:45:00,,137,,,,,,,,,,,,,,,,,,
23/03/2024 17:30:00,,,,,,,,,,,,,,,,,,,,
23/03/2024 17:15:00,0,137,,,,,,,,,,,,,,,,,,
23/03/2024 17:00:00,0,137,,,,,,,,,,,,,,,,,,
23/03/2024 16:45:00,,137,,,,,,,,,,,,,,,,,,
23/03/2024 16:30:00,,,,,,,,,,,,,,,,,,,,
23/03/2024 16:15:00,0,138,,,,,,,,,,,,,,,,,,
23/03/2024 16:00:00,0,138,,,,,,,,,,,,,,,,,,
23/03/2024 15:45:00,,139,,,,,,,,,,,,,,,,,,
23/03/2024 15:30:00,,,,,,,,,,,,,,,,,,,,
23/03/2024 15:15:00,0,139,,,,,,,,,,,,,,,,,,
23/03/2024 15:00:00,0,139,,,,,,,,,,,,,,,,,,
23/03/2024 14:45:00,,139,,,,,,,,,,,,,,,,,,
23/03/2024 14:30:00,,,,,,,,,,,,,,,,,,,,
23/03/2024 14:15:00,0,139,,,,,,,,,,,,,,,,,,
23/03/2024 14:00:00,0,139,,,,,,,,,,,,,,,,,,
23/03/2024 13:45:00,,139,,,,,,,,,,,,,,,,,,
23/03/2024 13:30:00,,,,,,,,,,,,,,,,,,,,
23/03/2024 13:15:00,0,140,,,,,,,,,,,,,,,,,,
23/03/2024 13:00:00,0,140,,,,,,,,,,,,,,,,,,
23/03/2024 12:45:00,,141,,,,,,,,,,,,,,,,,,
23/03/2024 12:30:00,,,,,,,,,,,,,,,,,,,,
23/03/2024 12:15:00,0,141,,,,,,,,,,,,,,,,,,
23/03/2024 12:00:00,0,142,,,,,,,,,,,,,,,,,,
23/03/2024 11:45:00,,142,,,,,,,,,,,,,,,,,,
23/03/2024 11:30:00,,,,,,,,,,,,,,,,,,,,
23/03/2024 11:15:00,0,144,,,,,,,,,,,,,,,,,,
23/03/2024 11:00:00,0,144,,,,,,,,,,,,,,,,,,
23/03/2024 10:45:00,,145,,,,,,,,,,,,,,,,,,
23/03/2024 10:30:00,,,,,,,,,,,,,,,,,,,,
23/03/2024 10:15:00,0,146,,,,,,,,,,,,,,,,,,
23/03/2024 10:00:00,0,147,,,,,,,,,,,,,,,,,,
23/03/2024 09:45:00,,148,,,,,,,,,,,,,,,,,,
23/03/2024 09:30:00,,,,,,,,,,,,,,,,,,,,
23/03/2024 09:15:00,0,149,,,,,,,,,,,,,,,,,,
23/03/2024 09:00:00,0,150,,,,,,,,,,,,,,,,,,
23/03/2024 08:45:00,,150,,,,,,,,,,,,,,,,,,
23/03/2024 08:30:00,,,,,,,,,,,,,,,,,,,,
23/03/2024 08:15:00,0,151,,,,,,,,,,,,,,,,,,
23/03/2024 08:00:00,0,152,,,,,,,,,,,,,,,,,,
23/03/2024 07:45:00,,152,,,,,,,,,,,,,,,,,,
23/03/2024 07:30:00,,,,,,,,,,,,,,,,,,,,
23/03/2024 07:15:00,0,153,,,,,,,,,,,,,,,,,,
23/03/2024 07:00:00,0,154,,,,,,,,,,,,,,,,,,
23/03/2024 06:45:00,,155,,,,,,,,,,,,,,,,,,
23/03/2024 06:30:00,,,,,,,,,,,,,,,,,,,,
23/03/2024 06:15:00,0,155,,,,,,,,,,,,,,,,,,
23/03/2024 06:00:00,0,156,,,,,,,,,,,,,,,,,,
23/03/2024 05:45:00,,156,,,,,,,,,,,,,,,,,,
23/03/2024 05:30:00,,,,,,,,,,,,,,,,,,,,
23/03/2024 05:15:00,0,157,,,,,,,,,,,,,,,,,,
23/03/2024 05:00:00,0,157,,,,,,,,,,,,,,,,,,
23/03/2024 04:45:00,,157,,,,,,,,,,,,,,,,,,
23/03/2024 04:30:00,,,,,,,,,,,,,,,,,,,,
23/03/2024 04:15:00,0,157,,,,,,,,,,,,,,,,,,
23/03/2024 04:00:00,0,158,,,,,,,,,,,,,,,,,,
23/03/2024 03:45:00,,158,,,,,,,,,,,,,,,,,,
23/03/2024 03:30:00,,,,,,,,,,,,,,,,,,,,
23/03/2024 03:15:00,0,158,,,,,,,,,,,,,,,,,,
23/03/2024 03:00:00,0,158,,,,,,,,,,,,,,,,,,
23/03/2024 02:45:00,,158,,,,,,,,,,,,,,,,,,
23/03/2024 02:30:00,,,,,,,,,,,,,,,,,,,,
23/03/2024 02:15:00,0,157,,,,,,,,,,,,,,,,,,
23/03/2024 02:00:00,0,157,,,,,,,,,,,,,,,,,,
23/03/2024 01:45:00,,157,,,,,,,,,,,,,,,,,,
23/03/2024 01:30:00,,,,,,,,,,,,,,,,,,,,
23/03/2024 01:15:00,0,157,,,,,,,,,,,,,,,,,,
23/03/2024 01:00:00,0,157,,,,,,,,,,,,,,,,,,
23/03/2024 00:45:00,,157,,,,,,,,,,,,,,,,,,
23/03/2024 00:30:00,,,,,,,,,,,,,,,,,,,,
23/03/2024 00:15:00,0,157,,,,,,,,,,,,,,,,,,
23/03/2024 00:00:00,0,157,,,,,,,,,,,,,,,,,,
22/03/2024 23:45:00,,157,,,,,,,,,,,,,,,,,,
22/03/2024 23:30:00,,,,,,,,,,,,,,,,,,,,
22/03/2024 23:15:00,0,157,,,,,,,,,,,,,,,,,,
22/03/2024 23:00:00,0,156,,,,,,,,,,,,,,,,,,
22/03/2024 22:45:00,,156,,,,,,,,,,,,,,,,,,
22/03/2024 22:30:00,,,,,,,,,,,,,,,,,,,,
22/03/2024 22:15:00,0,155,,,,,,,,,,,,,,,,,,
22/03/2024 22:00:00,0,154,,,,,,,,,,,,,,,,,,
22/03/2024 21:45:00,,154,,,,,,,,,,,,,,,,,,
22/03/2024 21:30:00,,,,,,,,,,,,,,,,,,,,
22/03/2024 21:15:00,0,153,,,,,,,,,,,,,,,,,,
22/03/2024 21:00:00,0,153,,,,,,,,,,,,,,,,,,
22/03/2024 20:45:00,,153,,,,,,,,,,,,,,,,,,
22/03/2024 20:30:00,,,,,,,,,,,,,,,,,,,,
22/03/2024 20:15:00,0,152,,,,,,,,,,,,,,,,,,
22/03/2024 20:00:00,0,152,,,,,,,,,,,,,,,,,,
22/03/2024 19:45:00,,152,,,,,,,,,,,,,,,,,,
22/03/2024 19:30:00,,,,,,,,,,,,,,,,,,,,
22/03/2024 19:15:00,0,152,,,,,,,,,,,,,,,,,,
22/03/2024 19:00:00,0,151,,,,,,,,,,,,,,,,,,
22/03/2024 18:45:00,,151,,,,,,,,,,,,,,,,,,
22/03/2024 18:30:00,,,,,,,,,,,,,,,,,,,,
22/03/2024 18:15:00,0,151,,,,,,,,,,,,,,,,,,
22/03/2024 18:00:00,0,151,,,,,,,,,,,,,,,,,,
22/03/2024 17:45:00,,151,,,,,,,,,,,,,,,,,,
22/03/2024 17:30:00,,,,,,,,,,,,,,,,,,,,
22/03/2024 17:15:00,0,151,,,,,,,,,,,,,,,,,,
22/03/2024 17:00:00,0,151,,,,,,,,,,,,,,,,,,
22/03/2024 16:45:00,,151,,,,,,,,,,,,,,,,,,
22/03/2024 16:30:00,,,,,,,,,,,,,,,,,,,,
22/03/2024 16:15:00,0,151,,,,,,,,,,,,,,,,,,
22/03/2024 16:00:00,0,151,,,,,,,,,,,,,,,,,,
22/03/2024 15:45:00,,151,,,,,,,,,,,,,,,,,,
22/03/2024 15:30:00,,,,,,,,,,,,,,,,,,,,
22/03/2024 15:15:00,0,152,,,,,,,,,,,,,,,,,,
22/03/2024 15:00:00,0,152,,,,,,,,,,,,,,,,,,
22/03/2024 14:45:00,,152,,,,,,,,,,,,,,,,,,
22/03/2024 14:30:00,,,,,,,,,,,,,,,,,,,,
22/03/2024 14:15:00,0,153,,,,,,,,,,,,,,,,,,
22/03/2024 14:00:00,0,154,,,,,,,,,,,,,,,,,,
22/03/2024 13:45:00,,154,,,,,,,,,,,,,,,,,,
22/03/2024 13:30:00,,,,,,,,,,,,,,,,,,,,
22/03/2024 13:15:00,0.2,154,,,,,,,,,,,,,,,,,,
22/03/2024 13:00:00,0,155,,,,,,,,,,,,,,,,,,
22/03/2024 12:45:00,,155,,,,,,,,,,,,,,,,,,
22/03/2024 12:30:00,,,,,,,,,,,,,,,,,,,,
22/03/2024 12:15:00,0,156,,,,,,,,,,,,,,,,,,
22/03/2024 12:00:00,0,156,,,,,,,,,,,,,,,,,,
22/03/2024 11:45:00,,157,,,,,,,,,,,,,,,,,,
22/03/2024 11:30:00,,,,,,,,,,,,,,,,,,,,
22/03/2024 11:15:00,0,158,,,,,,,,,,,,,,,,,,
22/03/2024 11:00:00,0,159,,,,,,,,,,,,,,,,,,
22/03/2024 10:45:00,,159,,,,,,,,,,,,,,,,,,
22/03/2024 10:30:00,,,,,,,,,,,,,,,,,,,,
22/03/2024 10:15:00,0,161,,,,,,,,,,,,,,,,,,
22/03/2024 10:00:00,0,161,,,,,,,,,,,,,,,,,,
22/03/2024 09:45:00,,162,,,,,,,,,,,,,,,,,,
22/03/2024 09:30:00,,,,,,,,,,,,,,,,,,,,
22/03/2024 09:15:00,0,164,,,,,,,,,,,,,,,,,,
22/03/2024 09:00:00,0,164,,,,,,,,,,,,,,,,,,
22/03/2024 08:45:00,,165,,,,,,,,,,,,,,,,,,
22/03/2024 08:30:00,,,,,,,,,,,,,,,,,,,,
22/03/2024 08:15:00,0,167,,,,,,,,,,,,,,,,,,
22/03/2024 08:00:00,0,168,,,,,,,,,,,,,,,,,,
22/03/2024 07:45:00,,169,,,,,,,,,,,,,,,,,,
22/03/2024 07:30:00,,,,,,,,,,,,,,,,,,,,
22/03/2024 07:15:00,0,171,,,,,,,,,,,,,,,,,,
22/03/2024 07:00:00,0,171,,,,,,,,,,,,,,,,,,
22/03/2024 06:45:00,,172,,,,,,,,,,,,,,,,,,
22/03/2024 06:30:00,,,,,,,,,,,,,,,,,,,,
22/03/2024 06:15:00,0,174,,,,,,,,,,,,,,,,,,
22/03/2024 06:00:00,0,174,,,,,,,,,,,,,,,,,,
22/03/2024 05:45:00,,175,,,,,,,,,,,,,,,,,,
22/03/2024 05:30:00,,,,,,,,,,,,,,,,,,,,
22/03/2024 05:15:00,0,177,,,,,,,,,,,,,,,,,,
22/03/2024 05:00:00,0,177,,,,,,,,,,,,,,,,,,
22/03/2024 04:45:00,,178,,,,,,,,,,,,,,,,,,
22/03/2024 04:30:00,,,,,,,,,,,,,,,,,,,,
22/03/2024 04:15:00,0,180,,,,,,,,,,,,,,,,,,
22/03/2024 04:00:00,0,180,,,,,,,,,,,,,,,,,,
22/03/2024 03:45:00,,181,,,,,,,,,,,,,,,,,,
22/03/2024 03:30:00,,,,,,,,,,,,,,,,,,,,
22/03/2024 03:15:00,0,182,,,,,,,,,,,,,,,,,,
22/03/2024 03:00:00,0,182,,,,,,,,,,,,,,,,,,
22/03/2024 02:45:00,,182,,,,,,,,,,,,,,,,,,
22/03/2024 02:30:00,,,,,,,,,,,,,,,,,,,,
22/03/2024 02:15:00,0,182,,,,,,,,,,,,,,,,,,
22/03/2024 02:00:00,0,182,,,,,,,,,,,,,,,,,,
22/03/2024 01:45:00,,182,,,,,,,,,,,,,,,,,,
22/03/2024 01:30:00,,,,,,,,,,,,,,,,,,,,
22/03/2024 01:15:00,0,182,,,,,,,,,,,,,,,,,,
22/03/2024 01:00:00,0,181,,,,,,,,,,,,,,,,,,
22/03/2024 00:45:00,,180,,,,,,,,,,,,,,,,,,
22/03/2024 00:30:00,,,,,,,,,,,,,,,,,,,,
22/03/2024 00:15:00,0,179,,,,,,,,,,,,,,,,,,
22/03/2024 00:00:00,0,178,,,,,,,,,,,,,,,,,,
21/03/2024 23:45:00,,177,,,,,,,,,,,,,,,,,,
21/03/2024 23:30:00,,,,,,,,,,,,,,,,,,,,
21/03/2024 23:15:00,0,174,,,,,,,,,,,,,,,,,,
21/03/2024 23:00:00,0,172,,,,,,,,,,,,,,,,,,
21/03/2024 22:45:00,,170,,,,,,,,,,,,,,,,,,
21/03/2024 22:30:00,,,,,,,,,,,,,,,,,,,,
21/03/2024 22:15:00,0,164,,,,,,,,,,,,,,,,,,
21/03/2024 22:00:00,0,161,,,,,,,,,,,,,,,,,,
21/03/2024 21:45:00,,158,,,,,,,,,,,,,,,,,,
21/03/2024 21:30:00,,,,,,,,,,,,,,,,,,,,
21/03/2024 21:15:00,0,154,,,,,,,,,,,,,,,,,,
21/03/2024 21:00:00,0,153,,,,,,,,,,,,,,,,,,
21/03/2024 20:45:00,,150,,,,,,,,,,,,,,,,,,
21/03/2024 20:30:00,,,,,,,,,,,,,,,,,,,,
21/03/2024 20:15:00,0,143,,,,,,,,,,,,,,,,,,
21/03/2024 20:00:00,0,139,,,,,,,,,,,,,,,,,,
21/03/2024 19:45:00,,137,,,,,,,,,,,,,,,,,,
21/03/2024 19:30:00,,,,,,,,,,,,,,,,,,,,
21/03/2024 19:15:00,0,137,,,,,,,,,,,,,,,,,,
21/03/2024 19:00:00,0,137,,,,,,,,,,,,,,,,,,
21/03/2024 18:45:00,,137,,,,,,,,,,,,,,,,,,
21/03/2024 18:30:00,,,,,,,,,,,,,,,,,,,,
21/03/2024 18:15:00,0,138,,,,,,,,,,,,,,,,,,
21/03/2024 18:00:00,0,139,,,,,,,,,,,,,,,,,,
21/03/2024 17:45:00,,140,,,,,,,,,,,,,,,,,,
21/03/2024 17:30:00,,,,,,,,,,,,,,,,,,,,
21/03/2024 17:15:00,0,139,,,,,,,,,,,,,,,,,,
21/03/2024 17:00:00,0,139,,,,,,,,,,,,,,,,,,
21/03/2024 16:45:00,,138,,,,,,,,,,,,,,,,,,
21/03/2024 16:30:00,,,,,,,,,,,,,,,,,,,,
21/03/2024 16:15:00,0,136,,,,,,,,,,,,,,,,,,
21/03/2024 16:00:00,0,135,,,,,,,,,,,,,,,,,,
21/03/2024 15:45:00,,134,,,,,,,,,,,,,,,,,,
21/03/2024 15:30:00,,,,,,,,,,,,,,,,,,,,
21/03/2024 15:15:00,0,133,,,,,,,,,,,,,,,,,,
21/03/2024 15:00:00,0,132,,,,,,,,,,,,,,,,,,
21/03/2024 14:45:00,,132,,,,,,,,,,,,,,,,,,
21/03/2024 14:30:00,,,,,,,,,,,,,,,,,,,,
21/03/2024 14:15:00,0.2,133,,,,,,,,,,,,,,,,,,
21/03/2024 14:00:00,0,133,,,,,,,,,,,,,,,,,,
21/03/2024 13:45:00,,134,,,,,,,,,,,,,,,,,,
21/03/2024 13:30:00,,,,,,,,,,,,,,,,,,,,
21/03/2024 13:15:00,0,133,,,,,,,,,,,,,,,,,,
21/03/2024 13:00:00,0,132,,,,,,,,,,,,,,,,,,
21/03/2024 12:45:00,,129,,,,,,,,,,,,,,,,,,
21/03/2024 12:30:00,,,,,,,,,,,,,,,,,,,,
21/03/2024 12:15:00,0,123,,,,,,,,,,,,,,,,,,
21/03/2024 12:00:00,0,120,,,,,,,,,,,,,,,,,,
21/03/2024 11:45:00,,119,,,,,,,,,,,,,,,,,,
21/03/2024 11:30:00,,,,,,,,,,,,,,,,,,,,
21/03/2024 11:15:00,0,119,,,,,,,,,,,,,,,,,,
21/03/2024 11:00:00,0,121,,,,,,,,,,,,,,,,,,
21/03/2024 10:45:00,,124,,,,,,,,,,,,,,,,,,
21/03/2024 10:30:00,,,,,,,,,,,,,,,,,,,,
21/03/2024 10:15:00,0.2,127,,,,,,,,,,,,,,,,,,
21/03/2024 10:00:00,0,127,,,,,,,,,,,,,,,,,,
21/03/2024 09:45:00,,125,,,,,,,,,,,,,,,,,,
21/03/2024 09:30:00,,,,,,,,,,,,,,,,,,,,
21/03/2024 09:15:00,0.2,120,,,,,,,,,,,,,,,,,,
21/03/2024 09:00:00,0.4,117,,,,,,,,,,,,,,,,,,
21/03/2024 08:45:00,,113,,,,,,,,,,,,,,,,,,
21/03/2024 08:30:00,,,,,,,,,,,,,,,,,,,,
21/03/2024 08:15:00,1.2,111,,,,,,,,,,,,,,,,,,
21/03/2024 08:00:00,0.4,110,,,,,,,,,,,,,,,,,,
21/03/2024 07:45:00,,111,,,,,,,,,,,,,,,,,,
21/03/2024 07:30:00,,,,,,,,,,,,,,,,,,,,
21/03/2024 07:15:00,0.2,114,,,,,,,,,,,,,,,,,,
21/03/2024 07:00:00,0.2,115,,,,,,,,,,,,,,,,,,
21/03/2024 06:45:00,,116,,,,,,,,,,,,,,,,,,
21/03/2024 06:30:00,,,,,,,,,,,,,,,,,,,,
21/03/2024 06:15:00,0.8,116,,,,,,,,,,,,,,,,,,
21/03/2024 06:00:00,4.2,118,,,,,,,,,,,,,,,,,,
21/03/2024 05:45:00,,118,,,,,,,,,,,,,,,,,,
21/03/2024 05:30:00,,,,,,,,,,,,,,,,,,,,
21/03/2024 05:15:00,0,121,,,,,,,,,,,,,,,,,,
21/03/2024 05:00:00,0,120,,,,,,,,,,,,,,,,,,
21/03/2024 04:45:00,,124,,,,,,,,,,,,,,,,,,
21/03/2024 04:30:00,,,,,,,,,,,,,,,,,,,,
21/03/2024 04:15:00,0,124,,,,,,,,,,,,,,,,,,
21/03/2024 04:00:00,0,124,,,,,,,,,,,,,,,,,,
21/03/2024 03:45:00,,124,,,,,,,,,,,,,,,,,,
21/03/2024 03:30:00,,,,,,,,,,,,,,,,,,,,
21/03/2024 03:15:00,0,125,,,,,,,,,,,,,,,,,,
21/03/2024 03:00:00,0,125,,,,,,,,,,,,,,,,,,
21/03/2024 02:45:00,,125,,,,,,,,,,,,,,,,,,
21/03/2024 02:30:00,,,,,,,,,,,,,,,,,,,,
21/03/2024 02:15:00,0,126,,,,,,,,,,,,,,,,,,
21/03/2024 02:00:00,0,126,,,,,,,,,,,,,,,,,,
21/03/2024 01:45:00,,126,,,,,,,,,,,,,,,,,,
21/03/2024 01:30:00,,,,,,,,,,,,,,,,,,,,
21/03/2024 01:15:00,0,127,,,,,,,,,,,,,,,,,,
21/03/2024 01:00:00,0,127,,,,,,,,,,,,,,,,,,
21/03/2024 00:45:00,,127,,,,,,,,,,,,,,,,,,
21/03/2024 00:30:00,,,,,,,,,,,,,,,,,,,,
21/03/2024 00:15:00,0,127,,,,,,,,,,,,,,,,,,
21/03/2024 00:00:00,0,127,,,,,,,,,,,,,,,,,,
20/03/2024 23:45:00,,127,,,,,,,,,,,,,,,,,,
20/03/2024 23:30:00,,,,,,,,,,,,,,,,,,,,
20/03/2024 23:15:00,0,126,,,,,,,,,,,,,,,,,,
20/03/2024 23:00:00,0,126,,,,,,,,,,,,,,,,,,
20/03/2024 22:45:00,,126,,,,,,,,,,,,,,,,,,
20/03/2024 22:30:00,,,,,,,,,,,,,,,,,,,,
20/03/2024 22:15:00,0,126,,,,,,,,,,,,,,,,,,
20/03/2024 22:00:00,0.4,125,,,,,,,,,,,,,,,,,,
20/03/2024 21:45:00,,124,,,,,,,,,,,,,,,,,,
20/03/2024 21:30:00,,,,,,,,,,,,,,,,,,,,
20/03/2024 21:15:00,0,122,,,,,,,,,,,,,,,,,,
20/03/2024 21:00:00,0,123,,,,,,,,,,,,,,,,,,
20/03/2024 20:45:00,,122,,,,,,,,,,,,,,,,,,
20/03/2024 20:30:00,,,,,,,,,,,,,,,,,,,,
20/03/2024 20:15:00,0,121,,,,,,,,,,,,,,,,,,
20/03/2024 20:00:00,0,121,,,,,,,,,,,,,,,,,,
20/03/2024 19:45:00,,121,,,,,,,,,,,,,,,,,,
20/03/2024 19:30:00,,,,,,,,,,,,,,,,,,,,
20/03/2024 19:15:00,0,120,,,,,,,,,,,,,,,,,,
20/03/2024 19:00:00,0,119,,,,,,,,,,,,,,,,,,
20/03/2024 18:45:00,,118,,,,,,,,,,,,,,,,,,
20/03/2024 18:30:00,,,,,,,,,,,,,,,,,,,,
20/03/2024 18:15:00,0,118,,,,,,,,,,,,,,,,,,
20/03/2024 18:00:00,0,118,,,,,,,,,,,,,,,,,,
20/03/2024 17:45:00,,117,,,,,,,,,,,,,,,,,,
20/03/2024 17:30:00,,,,,,,,,,,,,,,,,,,,
20/03/2024 17:15:00,0,116,,,,,,,,,,,,,,,,,,
20/03/2024 17:00:00,0,116,,,,,,,,,,,,,,,,,,
20/03/2024 16:45:00,,116,,,,,,,,,,,,,,,,,,
20/03/2024 16:30:00,,,,,,,,,,,,,,,,,,,,
20/03/2024 16:15:00,0,115,,,,,,,,,,,,,,,,,,
20/03/2024 16:00:00,0,115,,,,,,,,,,,,,,,,,,
20/03/2024 15:45:00,,115,,,,,,,,,,,,,,,,,,
20/03/2024 15:30:00,,,,,,,,,,,,,,,,,,,,
20/03/2024 15:15:00,0,115,,,,,,,,,,,,,,,,,,
20/03/2024 15:00:00,0,115,,,,,,,,,,,,,,,,,,
20/03/2024 14:45:00,,115,,,,,,,,,,,,,,,,,,
20/03/2024 14:30:00,,,,,,,,,,,,,,,,,,,,
20/03/2024 14:15:00,0,115,,,,,,,,,,,,,,,,,,
20/03/2024 14:00:00,0,115,,,,,,,,,,,,,,,,,,
20/03/2024 13:45:00,,115,,,,,,,,,,,,,,,,,,
20/03/2024 13:30:00,,,,,,,,,,,,,,,,,,,,
20/03/2024 07:15:00,0,123,,,,,,,,,,,,,,,,,,
20/03/2024 07:00:00,0,123,,,,,,,,,,,,,,,,,,
20/03/2024 06:45:00,,123,,,,,,,,,,,,,,,,,,
20/03/2024 06:30:00,,,,,,,,,,,,,,,,,,,,
20/03/2024 06:15:00,0,128,,,,,,,,,,,,,,,,,,
20/03/2024 06:00:00,0,128,,,,,,,,,,,,,,,,,,
20/03/2024 05:45:00,,129,,,,,,,,,,,,,,,,,,
20/03/2024 05:30:00,,,,,,,,,,,,,,,,,,,,
20/03/2024 05:15:00,0,129,,,,,,,,,,,,,,,,,,
20/03/2024 05:00:00,0,129,,,,,,,,,,,,,,,,,,
20/03/2024 04:45:00,,130,,,,,,,,,,,,,,,,,,
20/03/2024 04:30:00,,,,,,,,,,,,,,,,,,,,
20/03/2024 04:15:00,0,130,,,,,,,,,,,,,,,,,,
20/03/2024 04:00:00,0,130,,,,,,,,,,,,,,,,,,
20/03/2024 03:45:00,,130,,,,,,,,,,,,,,,,,,
20/03/2024 03:30:00,,,,,,,,,,,,,,,,,,,,
20/03/2024 03:15:00,0,130,,,,,,,,,,,,,,,,,,
20/03/2024 03:00:00,0,130,,,,,,,,,,,,,,,,,,
20/03/2024 02:45:00,,130,,,,,,,,,,,,,,,,,,
20/03/2024 02:30:00,,,,,,,,,,,,,,,,,,,,
20/03/2024 02:15:00,0,130,,,,,,,,,,,,,,,,,,
20/03/2024 02:00:00,0,130,,,,,,,,,,,,,,,,,,
20/03/2024 01:45:00,,130,,,,,,,,,,,,,,,,,,
20/03/2024 01:30:00,,,,,,,,,,,,,,,,,,,,
20/03/2024 01:15:00,0,131,,,,,,,,,,,,,,,,,,
20/03/2024 01:00:00,0,131,,,,,,,,,,,,,,,,,,
20/03/2024 00:45:00,,132,,,,,,,,,,,,,,,,,,
20/03/2024 00:30:00,,,,,,,,,,,,,,,,,,,,
20/03/2024 00:15:00,0,132,,,,,,,,,,,,,,,,,,
20/03/2024 00:00:00,0,132,,,,,,,,,,,,,,,,,,
19/03/2024 23:45:00,,132,,,,,,,,,,,,,,,,,,
19/03/2024 23:30:00,,,,,,,,,,,,,,,,,,,,
19/03/2024 23:15:00,0,133,,,,,,,,,,,,,,,,,,
19/03/2024 23:00:00,0,133,,,,,,,,,,,,,,,,,,
19/03/2024 22:45:00,,134,,,,,,,,,,,,,,,,,,
19/03/2024 22:30:00,,,,,,,,,,,,,,,,,,,,
19/03/2024 22:15:00,0,134,,,,,,,,,,,,,,,,,,
19/03/2024 22:00:00,0,134,,,,,,,,,,,,,,,,,,
19/03/2024 21:45:00,,134,,,,,,,,,,,,,,,,,,
19/03/2024 21:30:00,,,,,,,,,,,,,,,,,,,,
19/03/2024 21:15:00,0,135,,,,,,,,,,,,,,,,,,
19/03/2024 21:00:00,0,134,,,,,,,,,,,,,,,,,,
19/03/2024 20:45:00,,135,,,,,,,,,,,,,,,,,,
19/03/2024 20:30:00,,,,,,,,,,,,,,,,,,,,
19/03/2024 20:15:00,0,134,,,,,,,,,,,,,,,,,,
19/03/2024 20:00:00,0,134,,,,,,,,,,,,,,,,,,
19/03/2024 19:45:00,,134,,,,,,,,,,,,,,,,,,
19/03/2024 19:30:00,,,,,,,,,,,,,,,,,,,,
19/03/2024 19:15:00,0,132,,,,,,,,,,,,,,,,,,
19/03/2024 19:00:00,0,132,,,,,,,,,,,,,,,,,,
19/03/2024 18:45:00,,131,,,,,,,,,,,,,,,,,,
19/03/2024 18:30:00,,,,,,,,,,,,,,,,,,,,
19/03/2024 18:15:00,0,130,,,,,,,,,,,,,,,,,,
19/03/2024 18:00:00,0,129,,,,,,,,,,,,,,,,,,
19/03/2024 17:45:00,,129,,,,,,,,,,,,,,,,,,
19/03/2024 17:30:00,,,,,,,,,,,,,,,,,,,,
19/03/2024 16:15:00,0,126,,,,,,,,,,,,,,,,,,
19/03/2024 16:00:00,0,125,,,,,,,,,,,,,,,,,,
19/03/2024 15:45:00,,125,,,,,,,,,,,,,,,,,,
19/03/2024 15:30:00,,,,,,,,,,,,,,,,,,,,
19/03/2024 14:15:00,0,122,,,,,,,,,,,,,,,,,,
19/03/2024 14:00:00,0,121,,,,,,,,,,,,,,,,,,
19/03/2024 13:45:00,,121,,,,,,,,,,,,,,,,,,
19/03/2024 13:30:00,,,,,,,,,,,,,,,,,,,,
19/03/2024 09:15:00,0,123,,,,,,,,,,,,,,,,,,
19/03/2024 09:00:00,0,124,,,,,,,,,,,,,,,,,,
19/03/2024 08:45:00,,124,,,,,,,,,,,,,,,,,,
19/03/2024 08:30:00,,,,,,,,,,,,,,,,,,,,
19/03/2024 08:15:00,0,125,,,,,,,,,,,,,,,,,,
19/03/2024 08:00:00,0,125,,,,,,,,,,,,,,,,,,
19/03/2024 07:45:00,,125,,,,,,,,,,,,,,,,,,
19/03/2024 07:30:00,,,,,,,,,,,,,,,,,,,,
19/03/2024 07:15:00,0,126,,,,,,,,,,,,,,,,,,
19/03/2024 07:00:00,0,127,,,,,,,,,,,,,,,,,,
19/03/2024 06:45:00,,127,,,,,,,,,,,,,,,,,,
19/03/2024 06:30:00,,,,,,,,,,,,,,,,,,,,
19/03/2024 06:15:00,0,128,,,,,,,,,,,,,,,,,,
19/03/2024 06:00:00,0,128,,,,,,,,,,,,,,,,,,
19/03/2024 05:45:00,,129,,,,,,,,,,,,,,,,,,
19/03/2024 05:30:00,,,,,,,,,,,,,,,,,,,,
19/03/2024 05:15:00,0,129,,,,,,,,,,,,,,,,,,
19/03/2024 05:00:00,0,129,,,,,,,,,,,,,,,,,,
19/03/2024 04:45:00,,129,,,,,,,,,,,,,,,,,,
19/03/2024 04:30:00,,,,,,,,,,,,,,,,,,,,
19/03/2024 04:15:00,0,130,,,,,,,,,,,,,,,,,,
19/03/2024 04:00:00,0,130,,,,,,,,,,,,,,,,,,
19/03/2024 03:45:00,,131,,,,,,,,,,,,,,,,,,
19/03/2024 03:30:00,,,,,,,,,,,,,,,,,,,,
19/03/2024 03:15:00,0,132,,,,,,,,,,,,,,,,,,
19/03/2024 03:00:00,0,132,,,,,,,,,,,,,,,,,,
19/03/2024 02:45:00,,132,,,,,,,,,,,,,,,,,,
19/03/2024 02:30:00,,,,,,,,,,,,,,,,,,,,
19/03/2024 02:15:00,0,133,,,,,,,,,,,,,,,,,,
19/03/2024 02:00:00,0,133,,,,,,,,,,,,,,,,,,
19/03/2024 01:45:00,,133,,,,,,,,,,,,,,,,,,
19/03/2024 01:30:00,,,,,,,,,,,,,,,,,,,,
19/03/2024 01:15:00,0,133,,,,,,,,,,,,,,,,,,
19/03/2024 01:00:00,0,133,,,,,,,,,,,,,,,,,,
19/03/2024 00:45:00,,133,,,,,,,,,,,,,,,,,,
19/03/2024 00:30:00,,,,,,,,,,,,,,,,,,,,
19/03/2024 00:15:00,0,133,,,,,,,,,,,,,,,,,,
19/03/2024 00:00:00,0,132,,,,,,,,,,,,,,,,,,
18/03/2024 23:45:00,,132,,,,,,,,,,,,,,,,,,
18/03/2024 23:30:00,,,,,,,,,,,,,,,,,,,,
18/03/2024 23:15:00,0,132,,,,,,,,,,,,,,,,,,
18/03/2024 23:00:00,0,131,,,,,,,,,,,,,,,,,,
18/03/2024 22:45:00,,131,,,,,,,,,,,,,,,,,,
18/03/2024 22:30:00,,,,,,,,,,,,,,,,,,,,
18/03/2024 22:15:00,0,130,,,,,,,,,,,,,,,,,,
18/03/2024 22:00:00,0,130,,,,,,,,,,,,,,,,,,
18/03/2024 21:45:00,,129,,,,,,,,,,,,,,,,,,
18/03/2024 21:30:00,,,,,,,,,,,,,,,,,,,,
18/03/2024 21:15:00,0,129,,,,,,,,,,,,,,,,,,
18/03/2024 21:00:00,0,128,,,,,,,,,,,,,,,,,,
18/03/2024 20:45:00,,128,,,,,,,,,,,,,,,,,,
18/03/2024 20:30:00,,,,,,,,,,,,,,,,,,,,
18/03/2024 20:15:00,0,129,,,,,,,,,,,,,,,,,,
18/03/2024 20:00:00,0,129,,,,,,,,,,,,,,,,,,
18/03/2024 19:45:00,,128,,,,,,,,,,,,,,,,,,
18/03/2024 19:30:00,,,,,,,,,,,,,,,,,,,,
18/03/2024 19:15:00,0,128,,,,,,,,,,,,,,,,,,
18/03/2024 19:00:00,0,128,,,,,,,,,,,,,,,,,,
18/03/2024 18:45:00,,128,,,,,,,,,,,,,,,,,,
18/03/2024 18:30:00,,,,,,,,,,,,,,,,,,,,
18/03/2024 07:15:00,0,127,,,,,,,,,,,,,,,,,,
18/03/2024 07:00:00,0,127,,,,,,,,,,,,,,,,,,
18/03/2024 06:45:00,,127,,,,,,,,,,,,,,,,,,
18/03/2024 06:30:00,,,,,,,,,,,,,,,,,,,,
18/03/2024 06:15:00,0,127,,,,,,,,,,,,,,,,,,
18/03/2024 06:00:00,0,127,,,,,,,,,,,,,,,,,,
18/03/2024 05:45:00,,127,,,,,,,,,,,,,,,,,,
18/03/2024 05:30:00,,,,,,,,,,,,,,,,,,,,
18/03/2024 05:15:00,0,127,,,,,,,,,,,,,,,,,,
18/03/2024 05:00:00,0,127,,,,,,,,,,,,,,,,,,
18/03/2024 04:45:00,,127,,,,,,,,,,,,,,,,,,
18/03/2024 04:30:00,,,,,,,,,,,,,,,,,,,,
18/03/2024 04:15:00,0,128,,,,,,,,,,,,,,,,,,
18/03/2024 04:00:00,0,128,,,,,,,,,,,,,,,,,,
18/03/2024 03:45:00,,128,,,,,,,,,,,,,,,,,,
18/03/2024 03:30:00,,,,,,,,,,,,,,,,,,,,
18/03/2024 03:15:00,0,128,,,,,,,,,,,,,,,,,,
18/03/2024 03:00:00,0,128,,,,,,,,,,,,,,,,,,
18/03/2024 02:45:00,,128,,,,,,,,,,,,,,,,,,
18/03/2024 02:30:00,,,,,,,,,,,,,,,,,,,,
18/03/2024 02:15:00,0,128,,,,,,,,,,,,,,,,,,
18/03/2024 02:00:00,0,128,,,,,,,,,,,,,,,,,,
18/03/2024 01:45:00,,128,,,,,,,,,,,,,,,,,,
18/03/2024 01:30:00,,,,,,,,,,,,,,,,,,,,
18/03/2024 01:15:00,0,128,,,,,,,,,,,,,,,,,,
18/03/2024 01:00:00,0,129,,,,,,,,,,,,,,,,,,
18/03/2024 00:45:00,,129,,,,,,,,,,,,,,,,,,
18/03/2024 00:30:00,,,,,,,,,,,,,,,,,,,,
18/03/2024 00:15:00,0,129,,,,,,,,,,,,,,,,,,
18/03/2024 00:00:00,0,129,,,,,,,,,,,,,,,,,,
17/03/2024 23:45:00,,129,,,,,,,,,,,,,,,,,,
17/03/2024 23:30:00,,,,,,,,,,,,,,,,,,,,
17/03/2024 23:15:00,0,129,,,,,,,,,,,,,,,,,,
17/03/2024 23:00:00,0,129,,,,,,,,,,,,,,,,,,
17/03/2024 22:45:00,,129,,,,,,,,,,,,,,,,,,
17/03/2024 22:30:00,,,,,,,,,,,,,,,,,,,,
17/03/2024 22:15:00,0,129,,,,,,,,,,,,,,,,,,
17/03/2024 22:00:00,0,129,,,,,,,,,,,,,,,,,,
17/03/2024 21:45:00,,130,,,,,,,,,,,,,,,,,,
17/03/2024 21:30:00,,,,,,,,,,,,,,,,,,,,
17/03/2024 21:15:00,0,130,,,,,,,,,,,,,,,,,,
17/03/2024 21:00:00,0,130,,,,,,,,,,,,,,,,,,
17/03/2024 20:45:00,,130,,,,,,,,,,,,,,,,,,
17/03/2024 20:30:00,,,,,,,,,,,,,,,,,,,,
17/03/2024 20:15:00,0,131,,,,,,,,,,,,,,,,,,
17/03/2024 20:00:00,0,131,,,,,,,,,,,,,,,,,,
17/03/2024 19:45:00,,131,,,,,,,,,,,,,,,,,,
17/03/2024 19:30:00,,,,,,,,,,,,,,,,,,,,
17/03/2024 19:15:00,0,131,,,,,,,,,,,,,,,,,,
17/03/2024 19:00:00,0,131,,,,,,,,,,,,,,,,,,
17/03/2024 18:45:00,,132,,,,,,,,,,,,,,,,,,
17/03/2024 18:30:00,,,,,,,,,,,,,,,,,,,,
17/03/2024 18:15:00,0,132,,,,,,,,,,,,,,,,,,
17/03/2024 18:00:00,0,132,,,,,,,,,,,,,,,,,,
17/03/2024 17:45:00,,132,,,,,,,,,,,,,,,,,,
17/03/2024 17:30:00,,,,,,,,,,,,,,,,,,,,
17/03/2024 15:15:00,0,127,,,,,,,,,,,,,,,,,,
17/03/2024 15:00:00,0,126,,,,,,,,,,,,,,,,,,
17/03/2024 14:45:00,,125,,,,,,,,,,,,,,,,,,
17/03/2024 14:30:00,,,,,,,,,,,,,,,,,,,,
17/03/2024 11:15:00,0,121,,,,,,,,,,,,,,,,,,
17/03/2024 11:00:00,0,121,,,,,,,,,,,,,,,,,,
17/03/2024 10:45:00,,122,,,,,,,,,,,,,,,,,,
17/03/2024 10:30:00,,,,,,,,,,,,,,,,,,,,
17/03/2024 10:15:00,0,122,,,,,,,,,,,,,,,,,,
17/03/2024 10:00:00,0,122,,,,,,,,,,,,,,,,,,
17/03/2024 09:45:00,,121,,,,,,,,,,,,,,,,,,
17/03/2024 09:30:00,,,,,,,,,,,,,,,,,,,,
17/03/2024 09:15:00,0,121,,,,,,,,,,,,,,,,,,
17/03/2024 09:00:00,0,120,,,,,,,,,,,,,,,,,,
17/03/2024 08:45:00,,120,,,,,,,,,,,,,,,,,,
17/03/2024 08:30:00,,,,,,,,,,,,,,,,,,,,
17/03/2024 08:15:00,0,119,,,,,,,,,,,,,,,,,,
17/03/2024 08:00:00,0,119,,,,,,,,,,,,,,,,,,
17/03/2024 07:45:00,,118,,,,,,,,,,,,,,,,,,
17/03/2024 07:30:00,,,,,,,,,,,,,,,,,,,,
17/03/2024 07:15:00,0,117,,,,,,,,,,,,,,,,,,
17/03/2024 07:00:00,0,116,,,,,,,,,,,,,,,,,,
17/03/2024 06:45:00,,116,,,,,,,,,,,,,,,,,,
17/03/2024 06:30:00,,,,,,,,,,,,,,,,,,,,
17/03/2024 06:15:00,0,117,,,,,,,,,,,,,,,,,,
17/03/2024 06:00:00,0,117,,,,,,,,,,,,,,,,,,
17/03/2024 05:45:00,,116,,,,,,,,,,,,,,,,,,
17/03/2024 05:30:00,,,,,,,,,,,,,,,,,,,,
17/03/2024 05:15:00,0,115,,,,,,,,,,,,,,,,,,
17/03/2024 05:00:00,0,115,,,,,,,,,,,,,,,,,,
17/03/2024 04:45:00,,114,,,,,,,,,,,,,,,,,,
17/03/2024 04:30:00,,,,,,,,,,,,,,,,,,,,
17/03/2024 04:15:00,0,114,,,,,,,,,,,,,,,,,,
17/03/2024 04:00:00,0,114,,,,,,,,,,,,,,,,,,
17/03/2024 03:45:00,,114,,,,,,,,,,,,,,,,,,
17/03/2024 03:30:00,,,,,,,,,,,,,,,,,,,,
17/03/2024 03:15:00,0,115,,,,,,,,,,,,,,,,,,
17/03/2024 03:00:00,0,115,,,,,,,,,,,,,,,,,,
17/03/2024 02:45:00,,114,,,,,,,,,,,,,,,,,,
17/03/2024 02:30:00,,,,,,,,,,,,,,,,,,,,
17/03/2024 02:15:00,0,114,,,,,,,,,,,,,,,,,,
17/03/2024 02:00:00,0,115,,,,,,,,,,,,,,,,,,
17/03/2024 01:45:00,,115,,,,,,,,,,,,,,,,,,
17/03/2024 01:30:00,,,,,,,,,,,,,,,,,,,,
17/03/2024 01:15:00,0,116,,,,,,,,,,,,,,,,,,
17/03/2024 01:00:00,0,117,,,,,,,,,,,,,,,,,,
17/03/2024 00:45:00,,117,,,,,,,,,,,,,,,,,,
17/03/2024 00:30:00,,,,,,,,,,,,,,,,,,,,
17/03/2024 00:15:00,0,118,,,,,,,,,,,,,,,,,,
17/03/2024 00:00:00,0,119,,,,,,,,,,,,,,,,,,
16/03/2024 23:45:00,,118,,,,,,,,,,,,,,,,,,
16/03/2024 23:30:00,,,,,,,,,,,,,,,,,,,,
16/03/2024 23:15:00,0,119,,,,,,,,,,,,,,,,,,
16/03/2024 23:00:00,0,119,,,,,,,,,,,,,,,,,,
16/03/2024 22:45:00,,120,,,,,,,,,,,,,,,,,,
16/03/2024 22:30:00,,,,,,,,,,,,,,,,,,,,
16/03/2024 22:15:00,0,121,,,,,,,,,,,,,,,,,,
16/03/2024 22:00:00,0,121,,,,,,,,,,,,,,,,,,
16/03/2024 21:45:00,,121,,,,,,,,,,,,,,,,,,
16/03/2024 21:30:00,,,,,,,,,,,,,,,,,,,,
16/03/2024 21:15:00,0,122,,,,,,,,,,,,,,,,,,
16/03/2024 21:00:00,0,122,,,,,,,,,,,,,,,,,,
16/03/2024 20:45:00,,123,,,,,,,,,,,,,,,,,,
16/03/2024 20:30:00,,,,,,,,,,,,,,,,,,,,
16/03/2024 20:15:00,0.4,124,,,,,,,,,,,,,,,,,,
16/03/2024 20:00:00,0.8,123,,,,,,,,,,,,,,,,,,
16/03/2024 19:45:00,,123,,,,,,,,,,,,,,,,,,
16/03/2024 19:30:00,,,,,,,,,,,,,,,,,,,,
16/03/2024 19:15:00,0,123,,,,,,,,,,,,,,,,,,
16/03/2024 19:00:00,0.2,122,,,,,,,,,,,,,,,,,,
16/03/2024 18:45:00,,123,,,,,,,,,,,,,,,,,,
16/03/2024 18:30:00,,,,,,,,,,,,,,,,,,,,
16/03/2024 18:15:00,0,123,,,,,,,,,,,,,,,,,,
16/03/2024 18:00:00,0,123,,,,,,,,,,,,,,,,,,
16/03/2024 17:45:00,,122,,,,,,,,,,,,,,,,,,
16/03/2024 17:30:00,,,,,,,,,,,,,,,,,,,,
16/03/2024 17:15:00,0,122,,,,,,,,,,,,,,,,,,
16/03/2024 17:00:00,0.4,122,,,,,,,,,,,,,,,,,,
16/03/2024 16:45:00,,122,,,,,,,,,,,,,,,,,,
16/03/2024 16:30:00,,,,,,,,,,,,,,,,,,,,
16/03/2024 16:15:00,1,121,,,,,,,,,,,,,,,,,,
16/03/2024 16:00:00,0.8,121,,,,,,,,,,,,,,,,,,
16/03/2024 15:45:00,,121,,,,,,,,,,,,,,,,,,
16/03/2024 15:30:00,,,,,,,,,,,,,,,,,,,,
16/03/2024 15:15:00,0.8,121,,,,,,,,,,,,,,,,,,
16/03/2024 15:00:00,0.8,120,,,,,,,,,,,,,,,,,,
16/03/2024 14:45:00,,119,,,,,,,,,,,,,,,,,,
16/03/2024 14:30:00,,,,,,,,,,,,,,,,,,,,
16/03/2024 14:15:00,0,119,,,,,,,,,,,,,,,,,,
16/03/2024 14:00:00,0,119,,,,,,,,,,,,,,,,,,
16/03/2024 13:45:00,,118,,,,,,,,,,,,,,,,,,
16/03/2024 13:30:00,,,,,,,,,,,,,,,,,,,,
16/03/2024 13:15:00,0,117,,,,,,,,,,,,,,,,,,
16/03/2024 13:00:00,0,117,,,,,,,,,,,,,,,,,,
16/03/2024 12:45:00,,117,,,,,,,,,,,,,,,,,,
16/03/2024 12:30:00,,,,,,,,,,,,,,,,,,,,
16/03/2024 12:15:00,0,117,,,,,,,,,,,,,,,,,,
16/03/2024 12:00:00,0,117,,,,,,,,,,,,,,,,,,
16/03/2024 11:45:00,,117,,,,,,,,,,,,,,,,,,
16/03/2024 11:30:00,,,,,,,,,,,,,,,,,,,,
16/03/2024 11:15:00,0,117,,,,,,,,,,,,,,,,,,
16/03/2024 11:00:00,0,117,,,,,,,,,,,,,,,,,,
16/03/2024 10:45:00,,116,,,,,,,,,,,,,,,,,,
16/03/2024 10:30:00,,,,,,,,,,,,,,,,,,,,
16/03/2024 10:15:00,0,116,,,,,,,,,,,,,,,,,,
16/03/2024 10:00:00,0,115,,,,,,,,,,,,,,,,,,
16/03/2024 09:45:00,,115,,,,,,,,,,,,,,,,,,
16/03/2024 09:30:00,,,,,,,,,,,,,,,,,,,,
16/03/2024 09:15:00,0,115,,,,,,,,,,,,,,,,,,
16/03/2024 09:00:00,0,115,,,,,,,,,,,,,,,,,,
16/03/2024 08:45:00,,115,,,,,,,,,,,,,,,,,,
16/03/2024 08:30:00,,,,,,,,,,,,,,,,,,,,
16/03/2024 08:15:00,0,115,,,,,,,,,,,,,,,,,,
16/03/2024 08:00:00,0,115,,,,,,,,,,,,,,,,,,
16/03/2024 07:45:00,,115,,,,,,,,,,,,,,,,,,
16/03/2024 07:30:00,,,,,,,,,,,,,,,,,,,,
16/03/2024 07:15:00,0,115,,,,,,,,,,,,,,,,,,
16/03/2024 07:00:00,0,115,,,,,,,,,,,,,,,,,,
16/03/2024 06:45:00,,115,,,,,,,,,,,,,,,,,,
16/03/2024 06:30:00,,,,,,,,,,,,,,,,,,,,
16/03/2024 06:15:00,0,115,,,,,,,,,,,,,,,,,,
16/03/2024 06:00:00,0,115,,,,,,,,,,,,,,,,,,
16/03/2024 05:45:00,,115,,,,,,,,,,,,,,,,,,
16/03/2024 05:30:00,,,,,,,,,,,,,,,,,,,,
16/03/2024 05:15:00,0,114,,,,,,,,,,,,,,,,,,
16/03/2024 05:00:00,0,114,,,,,,,,,,,,,,,,,,
16/03/2024 04:45:00,,114,,,,,,,,,,,,,,,,,,
16/03/2024 04:30:00,,,,,,,,,,,,,,,,,,,,
16/03/2024 04:15:00,0,115,,,,,,,,,,,,,,,,,,
16/03/2024 04:00:00,0,115,,,,,,,,,,,,,,,,,,
16/03/2024 03:45:00,,115,,,,,,,,,,,,,,,,,,
16/03/2024 03:30:00,,,,,,,,,,,,,,,,,,,,
16/03/2024 03:15:00,0,115,,,,,,,,,,,,,,,,,,
16/03/2024 03:00:00,0,115,,,,,,,,,,,,,,,,,,
16/03/2024 02:45:00,,115,,,,,,,,,,,,,,,,,,
16/03/2024 02:30:00,,,,,,,,,,,,,,,,,,,,
16/03/2024 02:15:00,0,116,,,,,,,,,,,,,,,,,,
16/03/2024 02:00:00,0,116,,,,,,,,,,,,,,,,,,
16/03/2024 01:45:00,,116,,,,,,,,,,,,,,,,,,
16/03/2024 01:30:00,,,,,,,,,,,,,,,,,,,,
16/03/2024 01:15:00,0.2,115,,,,,,,,,,,,,,,,,,
16/03/2024 01:00:00,0,116,,,,,,,,,,,,,,,,,,
16/03/2024 00:45:00,,115,,,,,,,,,,,,,,,,,,
16/03/2024 00:30:00,,,,,,,,,,,,,,,,,,,,
16/03/2024 00:15:00,0,115,,,,,,,,,,,,,,,,,,
16/03/2024 00:00:00,0,116,,,,,,,,,,,,,,,,,,
15/03/2024 23:45:00,,116,,,,,,,,,,,,,,,,,,
15/03/2024 23:30:00,,,,,,,,,,,,,,,,,,,,
15/03/2024 23:15:00,0,116,,,,,,,,,,,,,,,,,,
15/03/2024 23:00:00,0,116,,,,,,,,,,,,,,,,,,
15/03/2024 22:45:00,,116,,,,,,,,,,,,,,,,,,
15/03/2024 22:30:00,,,,,,,,,,,,,,,,,,,,
15/03/2024 22:15:00,0,118,,,,,,,,,,,,,,,,,,
15/03/2024 22:00:00,0,118,,,,,,,,,,,,,,,,,,
15/03/2024 21:45:00,,118,,,,,,,,,,,,,,,,,,
15/03/2024 21:30:00,,,,,,,,,,,,,,,,,,,,
15/03/2024 21:15:00,0,119,,,,,,,,,,,,,,,,,,
15/03/2024 21:00:00,0,119,,,,,,,,,,,,,,,,,,
15/03/2024 20:45:00,,119,,,,,,,,,,,,,,,,,,
15/03/2024 20:30:00,,,,,,,,,,,,,,,,,,,,
15/03/2024 20:15:00,0,119,,,,,,,,,,,,,,,,,,
15/03/2024 20:00:00,0,120,,,,,,,,,,,,,,,,,,
15/03/2024 19:45:00,,120,,,,,,,,,,,,,,,,,,
15/03/2024 19:30:00,,,,,,,,,,,,,,,,,,,,
15/03/2024 19:15:00,0,121,,,,,,,,,,,,,,,,,,
15/03/2024 19:00:00,0,120,,,,,,,,,,,,,,,,,,
15/03/2024 18:45:00,,120,,,,,,,,,,,,,,,,,,
15/03/2024 18:30:00,,,,,,,,,,,,,,,,,,,,
15/03/2024 18:15:00,0,120,,,,,,,,,,,,,,,,,,
15/03/2024 18:00:00,0,120,,,,,,,,,,,,,,,,,,
15/03/2024 17:45:00,,120,,,,,,,,,,,,,,,,,,
15/03/2024 17:30:00,,,,,,,,,,,,,,,,,,,,
15/03/2024 17:15:00,0,120,,,,,,,,,,,,,,,,,,
15/03/2024 17:00:00,0,120,,,,,,,,,,,,,,,,,,
15/03/2024 16:45:00,,120,,,,,,,,,,,,,,,,,,
15/03/2024 16:30:00,,,,,,,,,,,,,,,,,,,,
15/03/2024 16:15:00,0,121,,,,,,,,,,,,,,,,,,
15/03/2024 16:00:00,0,121,,,,,,,,,,,,,,,,,,
15/03/2024 15:45:00,,122,,,,,,,,,,,,,,,,,,
15/03/2024 15:30:00,,,,,,,,,,,,,,,,,,,,
15/03/2024 15:15:00,0,122,,,,,,,,,,,,,,,,,,
15/03/2024 15:00:00,0,122,,,,,,,,,,,,,,,,,,
15/03/2024 14:45:00,,122,,,,,,,,,,,,,,,,,,
15/03/2024 14:30:00,,,,,,,,,,,,,,,,,,,,
15/03/2024 14:15:00,0,122,,,,,,,,,,,,,,,,,,
15/03/2024 14:00:00,0,121,,,,,,,,,,,,,,,,,,
15/03/2024 13:45:00,,122,,,,,,,,,,,,,,,,,,
15/03/2024 13:30:00,,,,,,,,,,,,,,,,,,,,
15/03/2024 13:15:00,0,122,,,,,,,,,,,,,,,,,,
15/03/2024 13:00:00,0,123,,,,,,,,,,,,,,,,,,
15/03/2024 12:45:00,,123,,,,,,,,,,,,,,,,,,
15/03/2024 12:30:00,,,,,,,,,,,,,,,,,,,,
15/03/2024 12:15:00,0,124,,,,,,,,,,,,,,,,,,
15/03/2024 12:00:00,0,124,,,,,,,,,,,,,,,,,,
15/03/2024 11:45:00,,123,,,,,,,,,,,,,,,,,,
15/03/2024 11:30:00,,,,,,,,,,,,,,,,,,,,
15/03/2024 11:15:00,0,122,,,,,,,,,,,,,,,,,,
15/03/2024 11:00:00,0,122,,,,,,,,,,,,,,,,,,
15/03/2024 10:45:00,,122,,,,,,,,,,,,,,,,,,
15/03/2024 10:30:00,,,,,,,,,,,,,,,,,,,,
15/03/2024 10:15:00,0,122,,,,,,,,,,,,,,,,,,
15/03/2024 10:00:00,0,121,,,,,,,,,,,,,,,,,,
15/03/2024 09:45:00,,121,,,,,,,,,,,,,,,,,,
15/03/2024 09:30:00,,,,,,,,,,,,,,,,,,,,
15/03/2024 09:15:00,0.2,119,,,,,,,,,,,,,,,,,,
15/03/2024 09:00:00,0,118,,,,,,,,,,,,,,,,,,
15/03/2024 08:45:00,,118,,,,,,,,,,,,,,,,,,
15/03/2024 08:30:00,,,,,,,,,,,,,,,,,,,,
15/03/2024 08:15:00,0,117,,,,,,,,,,,,,,,,,,
15/03/2024 08:00:00,0,115,,,,,,,,,,,,,,,,,,
15/03/2024 07:45:00,,114,,,,,,,,,,,,,,,,,,
15/03/2024 07:30:00,,,,,,,,,,,,,,,,,,,,
15/03/2024 07:15:00,0.4,113,,,,,,,,,,,,,,,,,,
15/03/2024 07:00:00,0.2,112,,,,,,,,,,,,,,,,,,
15/03/2024 06:45:00,,112,,,,,,,,,,,,,,,,,,
15/03/2024 06:30:00,,,,,,,,,,,,,,,,,,,,
15/03/2024 06:15:00,0.2,111,,,,,,,,,,,,,,,,,,
15/03/2024 06:00:00,0,111,,,,,,,,,,,,,,,,,,
15/03/2024 05:45:00,,111,,,,,,,,,,,,,,,,,,
15/03/2024 05:30:00,,,,,,,,,,,,,,,,,,,,
15/03/2024 05:15:00,0,111,,,,,,,,,,,,,,,,,,
15/03/2024 05:00:00,0,112,,,,,,,,,,,,,,,,,,
15/03/2024 04:45:00,,112,,,,,,,,,,,,,,,,,,
15/03/2024 04:30:00,,,,,,,,,,,,,,,,,,,,
15/03/2024 04:15:00,0,111,,,,,,,,,,,,,,,,,,
15/03/2024 04:00:00,0,109,,,,,,,,,,,,,,,,,,
15/03/2024 03:45:00,,116,,,,,,,,,,,,,,,,,,
15/03/2024 03:30:00,,,,,,,,,,,,,,,,,,,,
15/03/2024 03:15:00,0,117,,,,,,,,,,,,,,,,,,
15/03/2024 03:00:00,0,117,,,,,,,,,,,,,,,,,,
15/03/2024 02:45:00,,117,,,,,,,,,,,,,,,,,,
15/03/2024 02:30:00,,,,,,,,,,,,,,,,,,,,
15/03/2024 02:15:00,0,117,,,,,,,,,,,,,,,,,,
15/03/2024 02:00:00,0,118,,,,,,,,,,,,,,,,,,
15/03/2024 01:45:00,,118,,,,,,,,,,,,,,,,,,
15/03/2024 01:30:00,,,,,,,,,,,,,,,,,,,,
15/03/2024 01:15:00,0,118,,,,,,,,,,,,,,,,,,
15/03/2024 01:00:00,0,119,,,,,,,,,,,,,,,,,,
15/03/2024 00:45:00,,119,,,,,,,,,,,,,,,,,,
15/03/2024 00:30:00,,,,,,,,,,,,,,,,,,,,
15/03/2024 00:15:00,0,120,,,,,,,,,,,,,,,,,,
15/03/2024 00:00:00,0,120,,,,,,,,,,,,,,,,,,
14/03/2024 23:45:00,,120,,,,,,,,,,,,,,,,,,
14/03/2024 23:30:00,,,,,,,,,,,,,,,,,,,,
14/03/2024 23:15:00,0,121,,,,,,,,,,,,,,,,,,
14/03/2024 23:00:00,0,121,,,,,,,,,,,,,,,,,,
14/03/2024 22:45:00,,121,,,,,,,,,,,,,,,,,,
14/03/2024 22:30:00,,,,,,,,,,,,,,,,,,,,
14/03/2024 22:15:00,0,121,,,,,,,,,,,,,,,,,,
14/03/2024 22:00:00,0,121,,,,,,,,,,,,,,,,,,
14/03/2024 21:45:00,,121,,,,,,,,,,,,,,,,,,
14/03/2024 21:30:00,,,,,,,,,,,,,,,,,,,,
14/03/2024 21:15:00,0,121,,,,,,,,,,,,,,,,,,
14/03/2024 21:00:00,0,120,,,,,,,,,,,,,,,,,,
14/03/2024 20:45:00,,120,,,,,,,,,,,,,,,,,,
14/03/2024 20:30:00,,,,,,,,,,,,,,,,,,,,
14/03/2024 20:15:00,0,121,,,,,,,,,,,,,,,,,,
14/03/2024 20:00:00,0,120,,,,,,,,,,,,,,,,,,
14/03/2024 19:45:00,,120,,,,,,,,,,,,,,,,,,
14/03/2024 19:30:00,,,,,,,,,,,,,,,,,,,,
14/03/2024 19:15:00,0,120,,,,,,,,,,,,,,,,,,
14/03/2024 19:00:00,0,119,,,,,,,,,,,,,,,,,,
14/03/2024 18:45:00,,119,,,,,,,,,,,,,,,,,,
14/03/2024 18:30:00,,,,,,,,,,,,,,,,,,,,
14/03/2024 18:15:00,0,119,,,,,,,,,,,,,,,,,,
14/03/2024 18:00:00,0,119,,,,,,,,,,,,,,,,,,
14/03/2024 17:45:00,,118,,,,,,,,,,,,,,,,,,
14/03/2024 17:30:00,,,,,,,,,,,,,,,,,,,,
14/03/2024 17:15:00,0,118,,,,,,,,,,,,,,,,,,
14/03/2024 17:00:00,0,118,,,,,,,,,,,,,,,,,,
14/03/2024 16:45:00,,118,,,,,,,,,,,,,,,,,,
14/03/2024 16:30:00,,,,,,,,,,,,,,,,,,,,
14/03/2024 16:15:00,0,117,,,,,,,,,,,,,,,,,,
14/03/2024 16:00:00,0,116,,,,,,,,,,,,,,,,,,
14/03/2024 15:45:00,,115,,,,,,,,,,,,,,,,,,
14/03/2024 15:30:00,,,,,,,,,,,,,,,,,,,,
14/03/2024 15:15:00,0,114,,,,,,,,,,,,,,,,,,
14/03/2024 15:00:00,0,113,,,,,,,,,,,,,,,,,,
14/03/2024 14:45:00,,113,,,,,,,,,,,,,,,,,,
14/03/2024 14:30:00,,,,,,,,,,,,,,,,,,,,
14/03/2024 14:15:00,0,112,,,,,,,,,,,,,,,,,,
14/03/2024 14:00:00,0,111,,,,,,,,,,,,,,,,,,
14/03/2024 13:45:00,,111,,,,,,,,,,,,,,,,,,
14/03/2024 13:30:00,,,,,,,,,,,,,,,,,,,,
14/03/2024 13:15:00,0,110,,,,,,,,,,,,,,,,,,
14/03/2024 13:00:00,0,110,,,,,,,,,,,,,,,,,,
14/03/2024 12:45:00,,110,,,,,,,,,,,,,,,,,,
14/03/2024 12:30:00,,,,,,,,,,,,,,,,,,,,
14/03/2024 12:15:00,0,109,,,,,,,,,,,,,,,,,,
14/03/2024 12:00:00,0,109,,,,,,,,,,,,,,,,,,
14/03/2024 11:45:00,,109,,,,,,,,,,,,,,,,,,
14/03/2024 11:30:00,,,,,,,,,,,,,,,,,,,,
14/03/2024 11:15:00,0,108,,,,,,,,,,,,,,,,,,
14/03/2024 11:00:00,0,108,,,,,,,,,,,,,,,,,,
14/03/2024 10:45:00,,108,,,,,,,,,,,,,,,,,,
14/03/2024 10:30:00,,,,,,,,,,,,,,,,,,,,
14/03/2024 10:15:00,0,108,,,,,,,,,,,,,,,,,,
14/03/2024 10:00:00,0,108,,,,,,,,,,,,,,,,,,
14/03/2024 09:45:00,,109,,,,,,,,,,,,,,,,,,
14/03/2024 09:30:00,,,,,,,,,,,,,,,,,,,,
14/03/2024 09:15:00,0,109,,,,,,,,,,,,,,,,,,
14/03/2024 09:00:00,0,109,,,,,,,,,,,,,,,,,,
14/03/2024 08:45:00,,109,,,,,,,,,,,,,,,,,,
14/03/2024 08:30:00,,,,,,,,,,,,,,,,,,,,
14/03/2024 08:15:00,0,110,,,,,,,,,,,,,,,,,,
14/03/2024 08:00:00,0,110,,,,,,,,,,,,,,,,,,
14/03/2024 07:45:00,,110,,,,,,,,,,,,,,,,,,
14/03/2024 07:30:00,,,,,,,,,,,,,,,,,,,,
14/03/2024 07:15:00,0,111,,,,,,,,,,,,,,,,,,
14/03/2024 07:00:00,0,111,,,,,,,,,,,,,,,,,,
14/03/2024 06:45:00,,111,,,,,,,,,,,,,,,,,,
14/03/2024 06:30:00,,,,,,,,,,,,,,,,,,,,
14/03/2024 06:15:00,0,112,,,,,,,,,,,,,,,,,,
14/03/2024 06:00:00,0,112,,,,,,,,,,,,,,,,,,
14/03/2024 05:45:00,,113,,,,,,,,,,,,,,,,,,
14/03/2024 05:30:00,,,,,,,,,,,,,,,,,,,,
14/03/2024 05:15:00,0,113,,,,,,,,,,,,,,,,,,
14/03/2024 05:00:00,0,114,,,,,,,,,,,,,,,,,,
14/03/2024 04:45:00,,114,,,,,,,,,,,,,,,,,,
14/03/2024 04:30:00,,,,,,,,,,,,,,,,,,,,
14/03/2024 04:15:00,0,115,,,,,,,,,,,,,,,,,,
14/03/2024 04:00:00,0,115,,,,,,,,,,,,,,,,,,
14/03/2024 03:45:00,,116,,,,,,,,,,,,,,,,,,
14/03/2024 03:30:00,,,,,,,,,,,,,,,,,,,,
14/03/2024 03:15:00,0,117,,,,,,,,,,,,,,,,,,
14/03/2024 03:00:00,0,117,,,,,,,,,,,,,,,,,,
14/03/2024 02:45:00,,118,,,,,,,,,,,,,,,,,,
14/03/2024 02:30:00,,,,,,,,,,,,,,,,,,,,
14/03/2024 02:15:00,0,119,,,,,,,,,,,,,,,,,,
14/03/2024 02:00:00,0,119,,,,,,,,,,,,,,,,,,
14/03/2024 01:45:00,,120,,,,,,,,,,,,,,,,,,
14/03/2024 01:30:00,,,,,,,,,,,,,,,,,,,,
14/03/2024 01:15:00,0,120,,,,,,,,,,,,,,,,,,
14/03/2024 01:00:00,0,121,,,,,,,,,,,,,,,,,,
14/03/2024 00:45:00,,121,,,,,,,,,,,,,,,,,,
14/03/2024 00:30:00,,,,,,,,,,,,,,,,,,,,
14/03/2024 00:15:00,0,121,,,,,,,,,,,,,,,,,,
14/03/2024 00:00:00,0,121,,,,,,,,,,,,,,,,,,
13/03/2024 23:45:00,,121,,,,,,,,,,,,,,,,,,
13/03/2024 23:30:00,,,,,,,,,,,,,,,,,,,,
13/03/2024 23:15:00,0,121,,,,,,,,,,,,,,,,,,
13/03/2024 23:00:00,0,122,,,,,,,,,,,,,,,,,,
13/03/2024 22:45:00,,122,,,,,,,,,,,,,,,,,,
13/03/2024 22:30:00,,,,,,,,,,,,,,,,,,,,
13/03/2024 22:15:00,0,122,,,,,,,,,,,,,,,,,,
13/03/2024 22:00:00,0,122,,,,,,,,,,,,,,,,,,
13/03/2024 21:45:00,,122,,,,,,,,,,,,,,,,,,
13/03/2024 21:30:00,,,,,,,,,,,,,,,,,,,,
13/03/2024 21:15:00,0,121,,,,,,,,,,,,,,,,,,
13/03/2024 21:00:00,0,121,,,,,,,,,,,,,,,,,,
13/03/2024 20:45:00,,120,,,,,,,,,,,,,,,,,,
13/03/2024 20:30:00,,,,,,,,,,,,,,,,,,,,
13/03/2024 20:15:00,0,119,,,,,,,,,,,,,,,,,,
13/03/2024 20:00:00,0,119,,,,,,,,,,,,,,,,,,
13/03/2024 19:45:00,,118,,,,,,,,,,,,,,,,,,
13/03/2024 19:30:00,,,,,,,,,,,,,,,,,,,,
13/03/2024 19:15:00,0,117,,,,,,,,,,,,,,,,,,
13/03/2024 19:00:00,0,117,,,,,,,,,,,,,,,,,,
13/03/2024 18:45:00,,116,,,,,,,,,,,,,,,,,,
13/03/2024 18:30:00,,,,,,,,,,,,,,,,,,,,
13/03/2024 18:15:00,0,115,,,,,,,,,,,,,,,,,,
13/03/2024 18:00:00,0,114,,,,,,,,,,,,,,,,,,
13/03/2024 17:45:00,,113,,,,,,,,,,,,,,,,,,
13/03/2024 17:30:00,,,,,,,,,,,,,,,,,,,,
13/03/2024 17:15:00,0,111,,,,,,,,,,,,,,,,,,
13/03/2024 17:00:00,0,110,,,,,,,,,,,,,,,,,,
13/03/2024 16:45:00,,109,,,,,,,,,,,,,,,,,,
13/03/2024 16:30:00,,,,,,,,,,,,,,,,,,,,
13/03/2024 16:15:00,0,108,,,,,,,,,,,,,,,,,,
13/03/2024 16:00:00,0,107,,,,,,,,,,,,,,,,,,
13/03/2024 15:45:00,,107,,,,,,,,,,,,,,,,,,
13/03/2024 15:30:00,,,,,,,,,,,,,,,,,,,,
13/03/2024 15:15:00,0,106,,,,,,,,,,,,,,,,,,
13/03/2024 15:00:00,0,106,,,,,,,,,,,,,,,,,,
13/03/2024 14:45:00,,106,,,,,,,,,,,,,,,,,,
13/03/2024 14:30:00,,,,,,,,,,,,,,,,,,,,
13/03/2024 14:15:00,0,105,,,,,,,,,,,,,,,,,,
13/03/2024 14:00:00,0,105,,,,,,,,,,,,,,,,,,
13/03/2024 13:45:00,,105,,,,,,,,,,,,,,,,,,
13/03/2024 13:30:00,,,,,,,,,,,,,,,,,,,,
13/03/2024 13:15:00,0,105,,,,,,,,,,,,,,,,,,
13/03/2024 13:00:00,0,104,,,,,,,,,,,,,,,,,,
13/03/2024 12:45:00,,104,,,,,,,,,,,,,,,,,,
13/03/2024 12:30:00,,,,,,,,,,,,,,,,,,,,
13/03/2024 12:15:00,0,104,,,,,,,,,,,,,,,,,,
13/03/2024 12:00:00,0,105,,,,,,,,,,,,,,,,,,
13/03/2024 11:45:00,,105,,,,,,,,,,,,,,,,,,
13/03/2024 11:30:00,,,,,,,,,,,,,,,,,,,,
13/03/2024 11:15:00,0,106,,,,,,,,,,,,,,,,,,
13/03/2024 11:00:00,0,106,,,,,,,,,,,,,,,,,,
13/03/2024 10:45:00,,106,,,,,,,,,,,,,,,,,,
13/03/2024 10:30:00,,,,,,,,,,,,,,,,,,,,
13/03/2024 10:15:00,0,107,,,,,,,,,,,,,,,,,,
13/03/2024 10:00:00,0,108,,,,,,,,,,,,,,,,,,
13/03/2024 09:45:00,,108,,,,,,,,,,,,,,,,,,
13/03/2024 09:30:00,,,,,,,,,,,,,,,,,,,,
13/03/2024 09:15:00,0,108,,,,,,,,,,,,,,,,,,
13/03/2024 09:00:00,0,109,,,,,,,,,,,,,,,,,,
13/03/2024 08:45:00,,109,,,,,,,,,,,,,,,,,,
13/03/2024 08:30:00,,,,,,,,,,,,,,,,,,,,
13/03/2024 08:15:00,0,110,,,,,,,,,,,,,,,,,,
13/03/2024 08:00:00,0,110,,,,,,,,,,,,,,,,,,
13/03/2024 07:45:00,,111,,,,,,,,,,,,,,,,,,
13/03/2024 07:30:00,,,,,,,,,,,,,,,,,,,,
13/03/2024 07:15:00,0,111,,,,,,,,,,,,,,,,,,
13/03/2024 07:00:00,0,112,,,,,,,,,,,,,,,,,,
13/03/2024 06:45:00,,112,,,,,,,,,,,,,,,,,,
13/03/2024 06:30:00,,,,,,,,,,,,,,,,,,,,
13/03/2024 06:15:00,0,113,,,,,,,,,,,,,,,,,,
13/03/2024 06:00:00,0,113,,,,,,,,,,,,,,,,,,
13/03/2024 05:45:00,,114,,,,,,,,,,,,,,,,,,
13/03/2024 05:30:00,,,,,,,,,,,,,,,,,,,,
13/03/2024 05:15:00,0,115,,,,,,,,,,,,,,,,,,
13/03/2024 05:00:00,0,115,,,,,,,,,,,,,,,,,,
13/03/2024 04:45:00,,115,,,,,,,,,,,,,,,,,,
13/03/2024 04:30:00,,,,,,,,,,,,,,,,,,,,
13/03/2024 04:15:00,0,117,,,,,,,,,,,,,,,,,,
13/03/2024 04:00:00,0,117,,,,,,,,,,,,,,,,,,
13/03/2024 03:45:00,,118,,,,,,,,,,,,,,,,,,
13/03/2024 03:30:00,,,,,,,,,,,,,,,,,,,,
13/03/2024 03:15:00,0,119,,,,,,,,,,,,,,,,,,
13/03/2024 03:00:00,0,120,,,,,,,,,,,,,,,,,,
13/03/2024 02:45:00,,121,,,,,,,,,,,,,,,,,,
13/03/2024 02:30:00,,,,,,,,,,,,,,,,,,,,
13/03/2024 02:15:00,0,122,,,,,,,,,,,,,,,,,,
13/03/2024 02:00:00,0,122,,,,,,,,,,,,,,,,,,
13/03/2024 01:45:00,,123,,,,,,,,,,,,,,,,,,
13/03/2024 01:30:00,,,,,,,,,,,,,,,,,,,,
13/03/2024 01:15:00,0,124,,,,,,,,,,,,,,,,,,
13/03/2024 01:00:00,0,124,,,,,,,,,,,,,,,,,,
13/03/2024 00:45:00,,124,,,,,,,,,,,,,,,,,,
13/03/2024 00:30:00,,,,,,,,,,,,,,,,,,,,
13/03/2024 00:15:00,0,124,,,,,,,,,,,,,,,,,,
13/03/2024 00:00:00,0,124,,,,,,,,,,,,,,,,,,
12/3/2024 23:45,,124,,,,,,,,,,,,,,,,,,
12/3/2024 23:30,,,,,,,,,,,,,,,,,,,,
12/3/2024 23:15,0,124,,,,,,,,,,,,,,,,,,
12/3/2024 23:00,0,123,,,,,,,,,,,,,,,,,,
12/3/2024 22:45,,123,,,,,,,,,,,,,,,,,,
12/3/2024 22:30,,,,,,,,,,,,,,,,,,,,
12/3/2024 22:15,0,122,,,,,,,,,,,,,,,,,,
12/3/2024 22:00,0,121,,,,,,,,,,,,,,,,,,
12/3/2024 21:45,,121,,,,,,,,,,,,,,,,,,
12/3/2024 21:30,,,,,,,,,,,,,,,,,,,,
12/3/2024 21:15,0,119,,,,,,,,,,,,,,,,,,
12/3/2024 21:00,0,119,,,,,,,,,,,,,,,,,,
12/3/2024 20:45,,118,,,,,,,,,,,,,,,,,,
12/3/2024 20:30,,,,,,,,,,,,,,,,,,,,
12/3/2024 20:15,0,116,,,,,,,,,,,,,,,,,,
12/3/2024 20:00,0,115,,,,,,,,,,,,,,,,,,
12/3/2024 19:45,,114,,,,,,,,,,,,,,,,,,
12/3/2024 19:30,,,,,,,,,,,,,,,,,,,,
12/3/2024 19:15,0,112,,,,,,,,,,,,,,,,,,
12/3/2024 19:00,0,111,,,,,,,,,,,,,,,,,,
12/3/2024 18:45,,111,,,,,,,,,,,,,,,,,,
12/3/2024 18:30,,,,,,,,,,,,,,,,,,,,
12/3/2024 18:15,0,109,,,,,,,,,,,,,,,,,,
12/3/2024 18:00,0,108,,,,,,,,,,,,,,,,,,
12/3/2024 17:45,,108,,,,,,,,,,,,,,,,,,
12/3/2024 17:30,,,,,,,,,,,,,,,,,,,,
12/3/2024 17:15,0,107,,,,,,,,,,,,,,,,,,
12/3/2024 17:00,0,107,,,,,,,,,,,,,,,,,,
12/3/2024 16:45,,107,,,,,,,,,,,,,,,,,,
12/3/2024 16:30,,,,,,,,,,,,,,,,,,,,
12/3/2024 16:15,0,107,,,,,,,,,,,,,,,,,,
12/3/2024 16:00,0,107,,,,,,,,,,,,,,,,,,
12/3/2024 15:45,,107,,,,,,,,,,,,,,,,,,
12/3/2024 15:30,,,,,,,,,,,,,,,,,,,,
12/3/2024 15:15,0,107,,,,,,,,,,,,,,,,,,
12/3/2024 15:00,0,107,,,,,,,,,,,,,,,,,,
12/3/2024 14:45,,107,,,,,,,,,,,,,,,,,,
12/3/2024 14:30,,,,,,,,,,,,,,,,,,,,
12/3/2024 14:15,0,108,,,,,,,,,,,,,,,,,,
12/3/2024 14:00,0,108,,,,,,,,,,,,,,,,,,
12/3/2024 13:45,,108,,,,,,,,,,,,,,,,,,
12/3/2024 13:30,,,,,,,,,,,,,,,,,,,,
12/3/2024 13:15,0,109,,,,,,,,,,,,,,,,,,
12/3/2024 13:00,0,110,,,,,,,,,,,,,,,,,,
12/3/2024 12:45,,110,,,,,,,,,,,,,,,,,,
12/3/2024 12:30,,,,,,,,,,,,,,,,,,,,
12/3/2024 12:15,0,112,,,,,,,,,,,,,,,,,,
12/3/2024 12:00,0,112,,,,,,,,,,,,,,,,,,
12/3/2024 11:45,,113,,,,,,,,,,,,,,,,,,
12/3/2024 11:30,,,,,,,,,,,,,,,,,,,,
12/3/2024 11:15,0,114,,,,,,,,,,,,,,,,,,
12/3/2024 11:00,0,115,,,,,,,,,,,,,,,,,,
12/3/2024 10:45,,115,,,,,,,,,,,,,,,,,,
12/3/2024 10:30,,,,,,,,,,,,,,,,,,,,
12/3/2024 10:15,0,117,,,,,,,,,,,,,,,,,,
12/3/2024 10:00,0,117,,,,,,,,,,,,,,,,,,
12/3/2024 9:45,,118,,,,,,,,,,,,,,,,,,
12/3/2024 9:30,,,,,,,,,,,,,,,,,,,,
12/3/2024 9:15,0,119,,,,,,,,,,,,,,,,,,
12/3/2024 9:00,0,120,,,,,,,,,,,,,,,,,,
12/3/2024 8:45,,120,,,,,,,,,,,,,,,,,,
12/3/2024 8:30,,,,,,,,,,,,,,,,,,,,
12/3/2024 8:15,0,121,,,,,,,,,,,,,,,,,,
12/3/2024 8:00,0,121,,,,,,,,,,,,,,,,,,
12/3/2024 7:45,,122,,,,,,,,,,,,,,,,,,
12/3/2024 7:30,,,,,,,,,,,,,,,,,,,,
12/3/2024 7:15,0,123,,,,,,,,,,,,,,,,,,
12/3/2024 7:00,0,124,,,,,,,,,,,,,,,,,,
12/3/2024 6:45,,124,,,,,,,,,,,,,,,,,,
12/3/2024 6:30,,,,,,,,,,,,,,,,,,,,
12/3/2024 6:15,0,126,,,,,,,,,,,,,,,,,,
12/3/2024 6:00,0,127,,,,,,,,,,,,,,,,,,
12/3/2024 5:45,,127,,,,,,,,,,,,,,,,,,
12/3/2024 5:30,,,,,,,,,,,,,,,,,,,,
12/3/2024 5:15,0,129,,,,,,,,,,,,,,,,,,
12/3/2024 5:00,0,129,,,,,,,,,,,,,,,,,,
12/3/2024 4:45,,130,,,,,,,,,,,,,,,,,,
12/3/2024 4:30,,,,,,,,,,,,,,,,,,,,
12/3/2024 4:15,0,131,,,,,,,,,,,,,,,,,,
12/3/2024 4:00,0,132,,,,,,,,,,,,,,,,,,
12/3/2024 3:45,,132,,,,,,,,,,,,,,,,,,
12/3/2024 3:30,,,,,,,,,,,,,,,,,,,,
12/3/2024 3:15,0,133,,,,,,,,,,,,,,,,,,
12/3/2024 3:00,0,134,,,,,,,,,,,,,,,,,,
12/3/2024 2:45,,134,,,,,,,,,,,,,,,,,,
12/3/2024 2:30,,,,,,,,,,,,,,,,,,,,
12/3/2024 2:15,0,135,,,,,,,,,,,,,,,,,,
12/3/2024 2:00,0,135,,,,,,,,,,,,,,,,,,
12/3/2024 1:45,,135,,,,,,,,,,,,,,,,,,
12/3/2024 1:30,,,,,,,,,,,,,,,,,,,,
12/3/2024 1:15,0,136,,,,,,,,,,,,,,,,,,
12/3/2024 1:00,0,136,,,,,,,,,,,,,,,,,,
12/3/2024 0:45,,136,,,,,,,,,,,,,,,,,,
12/3/2024 0:30,,,,,,,,,,,,,,,,,,,,
12/3/2024 0:15,0,136,,,,,,,,,,,,,,,,,,
12/3/2024 0:00,0,136,,,,,,,,,,,,,,,,,,
11/3/2024 23:45,,135,,,,,,,,,,,,,,,,,,
11/3/2024 23:30,,,,,,,,,,,,,,,,,,,,
11/3/2024 23:15,0,135,,,,,,,,,,,,,,,,,,
11/3/2024 23:00,0,134,,,,,,,,,,,,,,,,,,
11/3/2024 22:45,,133,,,,,,,,,,,,,,,,,,
11/3/2024 22:30,,,,,,,,,,,,,,,,,,,,
11/3/2024 22:15,0,132,,,,,,,,,,,,,,,,,,
11/3/2024 22:00,0,132,,,,,,,,,,,,,,,,,,
11/3/2024 21:45,,132,,,,,,,,,,,,,,,,,,
11/3/2024 21:30,,,,,,,,,,,,,,,,,,,,
11/3/2024 21:15,0,131,,,,,,,,,,,,,,,,,,
11/3/2024 21:00,0,130,,,,,,,,,,,,,,,,,,
11/3/2024 20:45,,129,,,,,,,,,,,,,,,,,,
11/3/2024 20:30,,,,,,,,,,,,,,,,,,,,
11/3/2024 20:15,0,128,,,,,,,,,,,,,,,,,,
11/3/2024 20:00,0,127,,,,,,,,,,,,,,,,,,
11/3/2024 19:45,,126,,,,,,,,,,,,,,,,,,
11/3/2024 19:30,,,,,,,,,,,,,,,,,,,,
11/3/2024 19:15,0,125,,,,,,,,,,,,,,,,,,
11/3/2024 19:00,0,125,,,,,,,,,,,,,,,,,,
11/3/2024 18:45,,124,,,,,,,,,,,,,,,,,,
11/3/2024 18:30,,,,,,,,,,,,,,,,,,,,
11/3/2024 18:15,0,123,,,,,,,,,,,,,,,,,,
11/3/2024 18:00,0,123,,,,,,,,,,,,,,,,,,
11/3/2024 17:45,,123,,,,,,,,,,,,,,,,,,
11/3/2024 17:30,,,,,,,,,,,,,,,,,,,,
11/3/2024 17:15,0,122,,,,,,,,,,,,,,,,,,
11/3/2024 17:00,0,121,,,,,,,,,,,,,,,,,,
11/3/2024 16:45,,121,,,,,,,,,,,,,,,,,,
11/3/2024 16:30,,,,,,,,,,,,,,,,,,,,
11/3/2024 16:15,0,121,,,,,,,,,,,,,,,,,,
11/3/2024 16:00,0,121,,,,,,,,,,,,,,,,,,
11/3/2024 15:45,,121,,,,,,,,,,,,,,,,,,
11/3/2024 15:30,,,,,,,,,,,,,,,,,,,,
11/3/2024 15:15,0,121,,,,,,,,,,,,,,,,,,
11/3/2024 15:00,0,121,,,,,,,,,,,,,,,,,,
11/3/2024 14:45,,121,,,,,,,,,,,,,,,,,,
11/3/2024 14:30,,,,,,,,,,,,,,,,,,,,
11/3/2024 14:15,0,122,,,,,,,,,,,,,,,,,,
11/3/2024 14:00,0,122,,,,,,,,,,,,,,,,,,
11/3/2024 13:45,,122,,,,,,,,,,,,,,,,,,
11/3/2024 13:30,,,,,,,,,,,,,,,,,,,,
11/3/2024 13:15,0,123,,,,,,,,,,,,,,,,,,
11/3/2024 13:00,0,123,,,,,,,,,,,,,,,,,,
11/3/2024 12:45,,123,,,,,,,,,,,,,,,,,,
11/3/2024 12:30,,,,,,,,,,,,,,,,,,,,
11/3/2024 12:15,0,124,,,,,,,,,,,,,,,,,,
11/3/2024 12:00,0,124,,,,,,,,,,,,,,,,,,
11/3/2024 11:45,,124,,,,,,,,,,,,,,,,,,
11/3/2024 11:30,,,,,,,,,,,,,,,,,,,,
11/3/2024 11:15,0,125,,,,,,,,,,,,,,,,,,
11/3/2024 11:00,0,125,,,,,,,,,,,,,,,,,,
11/3/2024 10:45,,125,,,,,,,,,,,,,,,,,,
11/3/2024 10:30,,,,,,,,,,,,,,,,,,,,
11/3/2024 10:15,0,126,,,,,,,,,,,,,,,,,,
11/3/2024 10:00,0,126,,,,,,,,,,,,,,,,,,
11/3/2024 9:45,,126,,,,,,,,,,,,,,,,,,
11/3/2024 9:30,,,,,,,,,,,,,,,,,,,,
11/3/2024 9:15,0,127,,,,,,,,,,,,,,,,,,
11/3/2024 9:00,0,127,,,,,,,,,,,,,,,,,,
11/3/2024 8:45,,128,,,,,,,,,,,,,,,,,,
11/3/2024 8:30,,,,,,,,,,,,,,,,,,,,
11/3/2024 8:15,0,129,,,,,,,,,,,,,,,,,,
11/3/2024 8:00,0,130,,,,,,,,,,,,,,,,,,
11/3/2024 7:45,,130,,,,,,,,,,,,,,,,,,
11/3/2024 7:30,,,,,,,,,,,,,,,,,,,,
11/3/2024 7:15,0,131,,,,,,,,,,,,,,,,,,
11/3/2024 7:00,0,132,,,,,,,,,,,,,,,,,,
11/3/2024 6:45,,132,,,,,,,,,,,,,,,,,,
11/3/2024 6:30,,,,,,,,,,,,,,,,,,,,
11/3/2024 6:15,0,133,,,,,,,,,,,,,,,,,,
11/3/2024 6:00,0,133,,,,,,,,,,,,,,,,,,
11/3/2024 5:45,,134,,,,,,,,,,,,,,,,,,
11/3/2024 5:30,,,,,,,,,,,,,,,,,,,,
11/3/2024 5:15,0,135,,,,,,,,,,,,,,,,,,
11/3/2024 5:00,0,135,,,,,,,,,,,,,,,,,,
11/3/2024 4:45,,135,,,,,,,,,,,,,,,,,,
11/3/2024 4:30,,,,,,,,,,,,,,,,,,,,
11/3/2024 4:15,0,136,,,,,,,,,,,,,,,,,,
11/3/2024 4:00,0,136,,,,,,,,,,,,,,,,,,
11/3/2024 3:45,,136,,,,,,,,,,,,,,,,,,
11/3/2024 3:30,,,,,,,,,,,,,,,,,,,,
11/3/2024 3:15,0,137,,,,,,,,,,,,,,,,,,
11/3/2024 3:00,0,137,,,,,,,,,,,,,,,,,,
11/3/2024 2:45,,137,,,,,,,,,,,,,,,,,,
11/3/2024 2:30,,,,,,,,,,,,,,,,,,,,
11/3/2024 2:15,0,138,,,,,,,,,,,,,,,,,,
11/3/2024 2:00,0,138,,,,,,,,,,,,,,,,,,
11/3/2024 1:45,,138,,,,,,,,,,,,,,,,,,
11/3/2024 1:30,,,,,,,,,,,,,,,,,,,,
11/3/2024 1:15,0,138,,,,,,,,,,,,,,,,,,
11/3/2024 1:00,0,138,,,,,,,,,,,,,,,,,,
11/3/2024 0:45,,138,,,,,,,,,,,,,,,,,,
11/3/2024 0:30,,,,,,,,,,,,,,,,,,,,
11/3/2024 0:15,0,138,,,,,,,,,,,,,,,,,,
11/3/2024 0:00,0,138,,,,,,,,,,,,,,,,,,
10/3/2024 23:45,,138,,,,,,,,,,,,,,,,,,
10/3/2024 23:30,,,,,,,,,,,,,,,,,,,,
10/3/2024 23:15,0,138,,,,,,,,,,,,,,,,,,
10/3/2024 23:00,0,138,,,,,,,,,,,,,,,,,,
10/3/2024 22:45,,138,,,,,,,,,,,,,,,,,,
10/3/2024 22:30,,,,,,,,,,,,,,,,,,,,
10/3/2024 22:15,0,138,,,,,,,,,,,,,,,,,,
10/3/2024 22:00,0,138,,,,,,,,,,,,,,,,,,
10/3/2024 21:45,,138,,,,,,,,,,,,,,,,,,
10/3/2024 21:30,,,,,,,,,,,,,,,,,,,,
10/3/2024 21:15,0,138,,,,,,,,,,,,,,,,,,
10/3/2024 21:00,0,138,,,,,,,,,,,,,,,,,,
10/3/2024 20:45,,138,,,,,,,,,,,,,,,,,,
10/3/2024 20:30,,,,,,,,,,,,,,,,,,,,
10/3/2024 20:15,0,138,,,,,,,,,,,,,,,,,,
10/3/2024 20:00,0,138,,,,,,,,,,,,,,,,,,
10/3/2024 19:45,,138,,,,,,,,,,,,,,,,,,
10/3/2024 19:30,,,,,,,,,,,,,,,,,,,,
10/3/2024 19:15,0,137,,,,,,,,,,,,,,,,,,
10/3/2024 19:00,0,137,,,,,,,,,,,,,,,,,,
10/3/2024 18:45,,137,,,,,,,,,,,,,,,,,,
10/3/2024 18:30,,,,,,,,,,,,,,,,,,,,
10/3/2024 18:15,0,136,,,,,,,,,,,,,,,,,,
10/3/2024 18:00,0,136,,,,,,,,,,,,,,,,,,
10/3/2024 17:45,,136,,,,,,,,,,,,,,,,,,
10/3/2024 17:30,,,,,,,,,,,,,,,,,,,,
10/3/2024 17:15,0,135,,,,,,,,,,,,,,,,,,
10/3/2024 17:00,0,135,,,,,,,,,,,,,,,,,,
10/3/2024 16:45,,134,,,,,,,,,,,,,,,,,,
10/3/2024 16:30,,,,,,,,,,,,,,,,,,,,
10/3/2024 16:15,0,133,,,,,,,,,,,,,,,,,,
10/3/2024 16:00,0,132,,,,,,,,,,,,,,,,,,
10/3/2024 15:45,,131,,,,,,,,,,,,,,,,,,
10/3/2024 15:30,,,,,,,,,,,,,,,,,,,,
10/3/2024 15:15,0,129,,,,,,,,,,,,,,,,,,
10/3/2024 15:00,0,128,,,,,,,,,,,,,,,,,,
10/3/2024 14:45,,127,,,,,,,,,,,,,,,,,,
10/3/2024 14:30,,,,,,,,,,,,,,,,,,,,
10/3/2024 14:15,0,124,,,,,,,,,,,,,,,,,,
10/3/2024 14:00,0,123,,,,,,,,,,,,,,,,,,
10/3/2024 13:45,,122,,,,,,,,,,,,,,,,,,
10/3/2024 13:30,,,,,,,,,,,,,,,,,,,,
10/3/2024 12:15,0,119,,,,,,,,,,,,,,,,,,
10/3/2024 12:00,0,119,,,,,,,,,,,,,,,,,,
10/3/2024 11:45,,120,,,,,,,,,,,,,,,,,,
10/3/2024 11:30,,,,,,,,,,,,,,,,,,,,
10/3/2024 11:15,0,120,,,,,,,,,,,,,,,,,,
10/3/2024 11:00,0,120,,,,,,,,,,,,,,,,,,
10/3/2024 10:45,,121,,,,,,,,,,,,,,,,,,
10/3/2024 10:30,,,,,,,,,,,,,,,,,,,,
10/3/2024 10:15,0,121,,,,,,,,,,,,,,,,,,
10/3/2024 10:00,0,121,,,,,,,,,,,,,,,,,,
10/3/2024 9:45,,121,,,,,,,,,,,,,,,,,,
10/3/2024 9:30,,,,,,,,,,,,,,,,,,,,
10/3/2024 9:15,0,122,,,,,,,,,,,,,,,,,,
10/3/2024 9:00,0,122,,,,,,,,,,,,,,,,,,
10/3/2024 8:45,,122,,,,,,,,,,,,,,,,,,
10/3/2024 8:30,,,,,,,,,,,,,,,,,,,,
10/3/2024 8:15,0,123,,,,,,,,,,,,,,,,,,
10/3/2024 8:00,0,123,,,,,,,,,,,,,,,,,,
10/3/2024 7:45,,123,,,,,,,,,,,,,,,,,,
10/3/2024 7:30,,,,,,,,,,,,,,,,,,,,
10/3/2024 7:15,0,123,,,,,,,,,,,,,,,,,,
10/3/2024 7:00,0,124,,,,,,,,,,,,,,,,,,
10/3/2024 6:45,,124,,,,,,,,,,,,,,,,,,
10/3/2024 6:30,,,,,,,,,,,,,,,,,,,,
10/3/2024 6:15,0,124,,,,,,,,,,,,,,,,,,
10/3/2024 6:00,0,125,,,,,,,,,,,,,,,,,,
10/3/2024 5:45,,125,,,,,,,,,,,,,,,,,,
10/3/2024 5:30,,,,,,,,,,,,,,,,,,,,
10/3/2024 5:15,0,125,,,,,,,,,,,,,,,,,,
10/3/2024 5:00,0,126,,,,,,,,,,,,,,,,,,
10/3/2024 4:45,,126,,,,,,,,,,,,,,,,,,
10/3/2024 4:30,,,,,,,,,,,,,,,,,,,,
10/3/2024 4:15,0,127,,,,,,,,,,,,,,,,,,
10/3/2024 4:00,0,127,,,,,,,,,,,,,,,,,,
10/3/2024 3:45,,127,,,,,,,,,,,,,,,,,,
10/3/2024 3:30,,,,,,,,,,,,,,,,,,,,
10/3/2024 3:15,0,127,,,,,,,,,,,,,,,,,,
10/3/2024 3:00,0,128,,,,,,,,,,,,,,,,,,
10/3/2024 2:45,,128,,,,,,,,,,,,,,,,,,
10/3/2024 2:30,,,,,,,,,,,,,,,,,,,,
10/3/2024 2:15,0,128,,,,,,,,,,,,,,,,,,
10/3/2024 2:00,0,128,,,,,,,,,,,,,,,,,,
10/3/2024 1:45,,128,,,,,,,,,,,,,,,,,,
10/3/2024 1:30,,,,,,,,,,,,,,,,,,,,
10/3/2024 1:15,0,128,,,,,,,,,,,,,,,,,,
10/3/2024 1:00,0,128,,,,,,,,,,,,,,,,,,
10/3/2024 0:45,,128,,,,,,,,,,,,,,,,,,
10/3/2024 0:30,,,,,,,,,,,,,,,,,,,,
10/3/2024 0:15,0,126,,,,,,,,,,,,,,,,,,
10/3/2024 0:00,0,126,,,,,,,,,,,,,,,,,,
9/3/2024 23:45,,126,,,,,,,,,,,,,,,,,,
9/3/2024 23:30,,,,,,,,,,,,,,,,,,,,
9/3/2024 23:15,0,124,,,,,,,,,,,,,,,,,,
9/3/2024 23:00,0,123,,,,,,,,,,,,,,,,,,
9/3/2024 22:45,,122,,,,,,,,,,,,,,,,,,
9/3/2024 22:30,,,,,,,,,,,,,,,,,,,,
9/3/2024 22:15,0,120,,,,,,,,,,,,,,,,,,
9/3/2024 22:00,0,119,,,,,,,,,,,,,,,,,,
9/3/2024 21:45,,118,,,,,,,,,,,,,,,,,,
9/3/2024 21:30,,,,,,,,,,,,,,,,,,,,
9/3/2024 21:15,0,116,,,,,,,,,,,,,,,,,,
9/3/2024 21:00,0,115,,,,,,,,,,,,,,,,,,
9/3/2024 20:45,,113,,,,,,,,,,,,,,,,,,
9/3/2024 20:30,,,,,,,,,,,,,,,,,,,,
9/3/2024 20:15,0,111,,,,,,,,,,,,,,,,,,
9/3/2024 20:00,0,110,,,,,,,,,,,,,,,,,,
9/3/2024 19:45,,109,,,,,,,,,,,,,,,,,,
9/3/2024 19:30,,,,,,,,,,,,,,,,,,,,
9/3/2024 19:15,0,107,,,,,,,,,,,,,,,,,,
9/3/2024 19:00,0,106,,,,,,,,,,,,,,,,,,
9/3/2024 18:45,,105,,,,,,,,,,,,,,,,,,
9/3/2024 18:30,,,,,,,,,,,,,,,,,,,,
9/3/2024 18:15,0,105,,,,,,,,,,,,,,,,,,
9/3/2024 18:00,0,105,,,,,,,,,,,,,,,,,,
9/3/2024 17:45,,104,,,,,,,,,,,,,,,,,,
9/3/2024 17:30,,,,,,,,,,,,,,,,,,,,
9/3/2024 17:15,0,103,,,,,,,,,,,,,,,,,,
9/3/2024 17:00,0,102,,,,,,,,,,,,,,,,,,
9/3/2024 16:45,,101,,,,,,,,,,,,,,,,,,
9/3/2024 16:30,,,,,,,,,,,,,,,,,,,,
9/3/2024 16:15,0,100,,,,,,,,,,,,,,,,,,
9/3/2024 16:00,0,100,,,,,,,,,,,,,,,,,,
9/3/2024 15:45,,99,,,,,,,,,,,,,,,,,,
9/3/2024 15:30,,,,,,,,,,,,,,,,,,,,
9/3/2024 15:15,0,99,,,,,,,,,,,,,,,,,,
9/3/2024 15:00,0,99,,,,,,,,,,,,,,,,,,
9/3/2024 14:45,,99,,,,,,,,,,,,,,,,,,
9/3/2024 14:30,,,,,,,,,,,,,,,,,,,,
9/3/2024 14:15,0,99,,,,,,,,,,,,,,,,,,
9/3/2024 14:00,0,97,,,,,,,,,,,,,,,,,,
9/3/2024 13:45,,103,,,,,,,,,,,,,,,,,,
9/3/2024 13:30,,,,,,,,,,,,,,,,,,,,
9/3/2024 13:15,0,104,,,,,,,,,,,,,,,,,,
9/3/2024 13:00,0,104,,,,,,,,,,,,,,,,,,
9/3/2024 12:45,,104,,,,,,,,,,,,,,,,,,
9/3/2024 12:30,,,,,,,,,,,,,,,,,,,,
9/3/2024 12:15,0,104,,,,,,,,,,,,,,,,,,
9/3/2024 12:00,0,104,,,,,,,,,,,,,,,,,,
9/3/2024 11:45,,105,,,,,,,,,,,,,,,,,,
9/3/2024 11:30,,,,,,,,,,,,,,,,,,,,
9/3/2024 11:15,0,105,,,,,,,,,,,,,,,,,,
9/3/2024 11:00,0,105,,,,,,,,,,,,,,,,,,
9/3/2024 10:45,,106,,,,,,,,,,,,,,,,,,
9/3/2024 10:30,,,,,,,,,,,,,,,,,,,,
9/3/2024 10:15,0,105,,,,,,,,,,,,,,,,,,
9/3/2024 10:00,0,110,,,,,,,,,,,,,,,,,,
9/3/2024 9:45,,111,,,,,,,,,,,,,,,,,,
9/3/2024 9:30,,,,,,,,,,,,,,,,,,,,
9/3/2024 9:15,0,112,,,,,,,,,,,,,,,,,,
9/3/2024 9:00,0,112,,,,,,,,,,,,,,,,,,
9/3/2024 8:45,,112,,,,,,,,,,,,,,,,,,
9/3/2024 8:30,,,,,,,,,,,,,,,,,,,,
9/3/2024 8:15,0,113,,,,,,,,,,,,,,,,,,
9/3/2024 8:00,0,114,,,,,,,,,,,,,,,,,,
9/3/2024 7:45,,114,,,,,,,,,,,,,,,,,,
9/3/2024 7:30,,,,,,,,,,,,,,,,,,,,
9/3/2024 7:15,0,115,,,,,,,,,,,,,,,,,,
9/3/2024 7:00,0,116,,,,,,,,,,,,,,,,,,
9/3/2024 6:45,,116,,,,,,,,,,,,,,,,,,
9/3/2024 6:30,,,,,,,,,,,,,,,,,,,,
9/3/2024 6:15,0,116,,,,,,,,,,,,,,,,,,
9/3/2024 6:00,0,117,,,,,,,,,,,,,,,,,,
9/3/2024 5:45,,117,,,,,,,,,,,,,,,,,,
9/3/2024 5:30,,,,,,,,,,,,,,,,,,,,
9/3/2024 5:15,0,117,,,,,,,,,,,,,,,,,,
9/3/2024 5:00,0,118,,,,,,,,,,,,,,,,,,
9/3/2024 4:45,,118,,,,,,,,,,,,,,,,,,
9/3/2024 4:30,,,,,,,,,,,,,,,,,,,,
9/3/2024 4:15,0,118,,,,,,,,,,,,,,,,,,
9/3/2024 4:00,0,118,,,,,,,,,,,,,,,,,,
9/3/2024 3:45,,118,,,,,,,,,,,,,,,,,,
9/3/2024 3:30,,,,,,,,,,,,,,,,,,,,
9/3/2024 3:15,0,118,,,,,,,,,,,,,,,,,,
9/3/2024 3:00,0,118,,,,,,,,,,,,,,,,,,
9/3/2024 2:45,,118,,,,,,,,,,,,,,,,,,
9/3/2024 2:30,,,,,,,,,,,,,,,,,,,,
9/3/2024 2:15,0,117,,,,,,,,,,,,,,,,,,
9/3/2024 2:00,0,116,,,,,,,,,,,,,,,,,,
9/3/2024 1:45,,116,,,,,,,,,,,,,,,,,,
9/3/2024 1:30,,,,,,,,,,,,,,,,,,,,
9/3/2024 1:15,0,116,,,,,,,,,,,,,,,,,,
9/3/2024 1:00,0,115,,,,,,,,,,,,,,,,,,
9/3/2024 0:45,,115,,,,,,,,,,,,,,,,,,
9/3/2024 0:30,,,,,,,,,,,,,,,,,,,,
9/3/2024 0:15,0,114,,,,,,,,,,,,,,,,,,
9/3/2024 0:00,0,114,,,,,,,,,,,,,,,,,,
8/3/2024 23:45,,114,,,,,,,,,,,,,,,,,,
8/3/2024 23:30,,,,,,,,,,,,,,,,,,,,
8/3/2024 23:15,0,114,,,,,,,,,,,,,,,,,,
8/3/2024 23:00,0,115,,,,,,,,,,,,,,,,,,
8/3/2024 22:45,,115,,,,,,,,,,,,,,,,,,
8/3/2024 22:30,,,,,,,,,,,,,,,,,,,,
8/3/2024 22:15,0,115,,,,,,,,,,,,,,,,,,
8/3/2024 22:00,0,116,,,,,,,,,,,,,,,,,,
8/3/2024 21:45,,116,,,,,,,,,,,,,,,,,,
8/3/2024 21:30,,,,,,,,,,,,,,,,,,,,
8/3/2024 21:15,0,117,,,,,,,,,,,,,,,,,,
8/3/2024 21:00,0,117,,,,,,,,,,,,,,,,,,
8/3/2024 20:45,,117,,,,,,,,,,,,,,,,,,
8/3/2024 20:30,,,,,,,,,,,,,,,,,,,,
8/3/2024 20:15,0,118,,,,,,,,,,,,,,,,,,
8/3/2024 20:00,0,118,,,,,,,,,,,,,,,,,,
8/3/2024 19:45,,118,,,,,,,,,,,,,,,,,,
8/3/2024 19:30,,,,,,,,,,,,,,,,,,,,
8/3/2024 19:15,0,118,,,,,,,,,,,,,,,,,,
8/3/2024 19:00,0,118,,,,,,,,,,,,,,,,,,
8/3/2024 18:45,,118,,,,,,,,,,,,,,,,,,
8/3/2024 18:30,,,,,,,,,,,,,,,,,,,,
8/3/2024 18:15,0,117,,,,,,,,,,,,,,,,,,
8/3/2024 18:00,0.2,117,,,,,,,,,,,,,,,,,,
8/3/2024 17:45,,116,,,,,,,,,,,,,,,,,,
8/3/2024 17:30,,,,,,,,,,,,,,,,,,,,
8/3/2024 17:15,0.2,116,,,,,,,,,,,,,,,,,,
8/3/2024 17:00,0,116,,,,,,,,,,,,,,,,,,
8/3/2024 16:45,,115,,,,,,,,,,,,,,,,,,
8/3/2024 16:30,,,,,,,,,,,,,,,,,,,,
8/3/2024 16:15,0.4,113,,,,,,,,,,,,,,,,,,
8/3/2024 16:00,0.6,112,,,,,,,,,,,,,,,,,,
8/3/2024 15:45,,112,,,,,,,,,,,,,,,,,,
8/3/2024 15:30,,,,,,,,,,,,,,,,,,,,
8/3/2024 15:15,0.2,111,,,,,,,,,,,,,,,,,,
8/3/2024 15:00,1.2,111,,,,,,,,,,,,,,,,,,
8/3/2024 14:45,,111,,,,,,,,,,,,,,,,,,
8/3/2024 14:30,,,,,,,,,,,,,,,,,,,,
8/3/2024 14:15,2.8,111,,,,,,,,,,,,,,,,,,
8/3/2024 14:00,0.4,111,,,,,,,,,,,,,,,,,,
8/3/2024 13:45,,112,,,,,,,,,,,,,,,,,,
8/3/2024 13:30,,,,,,,,,,,,,,,,,,,,
8/3/2024 13:15,0.2,111,,,,,,,,,,,,,,,,,,
8/3/2024 13:00,0.2,111,,,,,,,,,,,,,,,,,,
8/3/2024 12:45,,111,,,,,,,,,,,,,,,,,,
8/3/2024 12:30,,,,,,,,,,,,,,,,,,,,
8/3/2024 12:15,0.8,111,,,,,,,,,,,,,,,,,,
8/3/2024 12:00,1.2,112,,,,,,,,,,,,,,,,,,
8/3/2024 11:45,,111,,,,,,,,,,,,,,,,,,
8/3/2024 11:30,,,,,,,,,,,,,,,,,,,,
8/3/2024 11:15,0,111,,,,,,,,,,,,,,,,,,
8/3/2024 11:00,0.6,112,,,,,,,,,,,,,,,,,,
8/3/2024 10:45,,112,,,,,,,,,,,,,,,,,,
8/3/2024 10:30,,,,,,,,,,,,,,,,,,,,
8/3/2024 10:15,2.6,112,,,,,,,,,,,,,,,,,,
8/3/2024 10:00,1.2,112,,,,,,,,,,,,,,,,,,
8/3/2024 9:45,,113,,,,,,,,,,,,,,,,,,
8/3/2024 9:30,,,,,,,,,,,,,,,,,,,,
8/3/2024 9:15,0,114,,,,,,,,,,,,,,,,,,
8/3/2024 9:00,0,114,,,,,,,,,,,,,,,,,,
8/3/2024 8:45,,114,,,,,,,,,,,,,,,,,,
8/3/2024 8:30,,,,,,,,,,,,,,,,,,,,
8/3/2024 8:15,0.2,115,,,,,,,,,,,,,,,,,,
8/3/2024 8:00,0,115,,,,,,,,,,,,,,,,,,
8/3/2024 7:45,,116,,,,,,,,,,,,,,,,,,
8/3/2024 7:30,,,,,,,,,,,,,,,,,,,,
8/3/2024 7:15,0,117,,,,,,,,,,,,,,,,,,
8/3/2024 7:00,0,118,,,,,,,,,,,,,,,,,,
8/3/2024 6:45,,118,,,,,,,,,,,,,,,,,,
8/3/2024 6:30,,,,,,,,,,,,,,,,,,,,
8/3/2024 6:15,0,119,,,,,,,,,,,,,,,,,,
8/3/2024 6:00,0,120,,,,,,,,,,,,,,,,,,
8/3/2024 5:45,,120,,,,,,,,,,,,,,,,,,
8/3/2024 5:30,,,,,,,,,,,,,,,,,,,,
8/3/2024 5:15,0,122,,,,,,,,,,,,,,,,,,
8/3/2024 5:00,0,122,,,,,,,,,,,,,,,,,,
8/3/2024 4:45,,123,,,,,,,,,,,,,,,,,,
8/3/2024 4:30,,,,,,,,,,,,,,,,,,,,
8/3/2024 4:15,0,124,,,,,,,,,,,,,,,,,,
8/3/2024 4:00,0,124,,,,,,,,,,,,,,,,,,
8/3/2024 3:45,,125,,,,,,,,,,,,,,,,,,
8/3/2024 3:30,,,,,,,,,,,,,,,,,,,,
8/3/2024 3:15,0,126,,,,,,,,,,,,,,,,,,
8/3/2024 3:00,0,127,,,,,,,,,,,,,,,,,,
8/3/2024 2:45,,128,,,,,,,,,,,,,,,,,,
8/3/2024 2:30,,,,,,,,,,,,,,,,,,,,
8/3/2024 2:15,0,129,,,,,,,,,,,,,,,,,,
8/3/2024 2:00,0,130,,,,,,,,,,,,,,,,,,
8/3/2024 1:45,,131,,,,,,,,,,,,,,,,,,
8/3/2024 1:30,,,,,,,,,,,,,,,,,,,,
8/3/2024 1:15,0,132,,,,,,,,,,,,,,,,,,
8/3/2024 1:00,0,133,,,,,,,,,,,,,,,,,,
8/3/2024 0:45,,134,,,,,,,,,,,,,,,,,,
8/3/2024 0:30,,,,,,,,,,,,,,,,,,,,
8/3/2024 0:15,0,135,,,,,,,,,,,,,,,,,,
8/3/2024 0:00,0,135,,,,,,,,,,,,,,,,,,
7/3/2024 23:45,,136,,,,,,,,,,,,,,,,,,
7/3/2024 23:30,,,,,,,,,,,,,,,,,,,,
7/3/2024 23:15,0,136,,,,,,,,,,,,,,,,,,
7/3/2024 23:00,0,136,,,,,,,,,,,,,,,,,,
7/3/2024 22:45,,136,,,,,,,,,,,,,,,,,,
7/3/2024 22:30,,,,,,,,,,,,,,,,,,,,
7/3/2024 22:15,0,136,,,,,,,,,,,,,,,,,,
7/3/2024 22:00,0,135,,,,,,,,,,,,,,,,,,
7/3/2024 21:45,,135,,,,,,,,,,,,,,,,,,
7/3/2024 21:30,,,,,,,,,,,,,,,,,,,,
7/3/2024 21:15,0,134,,,,,,,,,,,,,,,,,,
7/3/2024 21:00,0,134,,,,,,,,,,,,,,,,,,
7/3/2024 20:45,,133,,,,,,,,,,,,,,,,,,
7/3/2024 20:30,,,,,,,,,,,,,,,,,,,,
7/3/2024 20:15,0,132,,,,,,,,,,,,,,,,,,
7/3/2024 20:00,0,131,,,,,,,,,,,,,,,,,,
7/3/2024 19:45,,130,,,,,,,,,,,,,,,,,,
7/3/2024 19:30,,,,,,,,,,,,,,,,,,,,
7/3/2024 19:15,0,128,,,,,,,,,,,,,,,,,,
7/3/2024 19:00,0,127,,,,,,,,,,,,,,,,,,
7/3/2024 18:45,,127,,,,,,,,,,,,,,,,,,
7/3/2024 18:30,,,,,,,,,,,,,,,,,,,,
7/3/2024 18:15,0,126,,,,,,,,,,,,,,,,,,
7/3/2024 18:00,0,126,,,,,,,,,,,,,,,,,,
7/3/2024 17:45,,125,,,,,,,,,,,,,,,,,,
7/3/2024 17:30,,,,,,,,,,,,,,,,,,,,
7/3/2024 17:15,0,125,,,,,,,,,,,,,,,,,,
7/3/2024 17:00,0,125,,,,,,,,,,,,,,,,,,
7/3/2024 16:45,,125,,,,,,,,,,,,,,,,,,
7/3/2024 16:30,,,,,,,,,,,,,,,,,,,,
7/3/2024 16:15,0,125,,,,,,,,,,,,,,,,,,
7/3/2024 16:00,0,124,,,,,,,,,,,,,,,,,,
7/3/2024 15:45,,124,,,,,,,,,,,,,,,,,,
7/3/2024 15:30,,,,,,,,,,,,,,,,,,,,
7/3/2024 15:15,0,124,,,,,,,,,,,,,,,,,,
7/3/2024 15:00,0,124,,,,,,,,,,,,,,,,,,
7/3/2024 14:45,,124,,,,,,,,,,,,,,,,,,
7/3/2024 14:30,,,,,,,,,,,,,,,,,,,,
7/3/2024 14:15,0,124,,,,,,,,,,,,,,,,,,
7/3/2024 14:00,0,124,,,,,,,,,,,,,,,,,,
7/3/2024 13:45,,124,,,,,,,,,,,,,,,,,,
7/3/2024 13:30,,,,,,,,,,,,,,,,,,,,
7/3/2024 13:15,0,124,,,,,,,,,,,,,,,,,,
7/3/2024 13:00,0,124,,,,,,,,,,,,,,,,,,
7/3/2024 12:45,,125,,,,,,,,,,,,,,,,,,
7/3/2024 12:30,,,,,,,,,,,,,,,,,,,,
7/3/2024 12:15,0,125,,,,,,,,,,,,,,,,,,
7/3/2024 12:00,0,125,,,,,,,,,,,,,,,,,,
7/3/2024 11:45,,125,,,,,,,,,,,,,,,,,,
7/3/2024 11:30,,,,,,,,,,,,,,,,,,,,
7/3/2024 11:15,0,126,,,,,,,,,,,,,,,,,,
7/3/2024 11:00,0,126,,,,,,,,,,,,,,,,,,
7/3/2024 10:45,,126,,,,,,,,,,,,,,,,,,
7/3/2024 10:30,,,,,,,,,,,,,,,,,,,,
7/3/2024 10:15,0,126,,,,,,,,,,,,,,,,,,
7/3/2024 10:00,0,126,,,,,,,,,,,,,,,,,,
7/3/2024 9:45,,127,,,,,,,,,,,,,,,,,,
7/3/2024 9:30,,,,,,,,,,,,,,,,,,,,
7/3/2024 9:15,0,128,,,,,,,,,,,,,,,,,,
7/3/2024 9:00,0,128,,,,,,,,,,,,,,,,,,
7/3/2024 8:45,,128,,,,,,,,,,,,,,,,,,
7/3/2024 8:30,,,,,,,,,,,,,,,,,,,,
7/3/2024 8:15,0,129,,,,,,,,,,,,,,,,,,
7/3/2024 8:00,0,129,,,,,,,,,,,,,,,,,,
7/3/2024 7:45,,130,,,,,,,,,,,,,,,,,,
7/3/2024 7:30,,,,,,,,,,,,,,,,,,,,
7/3/2024 7:15,0,130,,,,,,,,,,,,,,,,,,
7/3/2024 7:00,0,131,,,,,,,,,,,,,,,,,,
7/3/2024 6:45,,131,,,,,,,,,,,,,,,,,,
7/3/2024 6:30,,,,,,,,,,,,,,,,,,,,
7/3/2024 6:15,0,132,,,,,,,,,,,,,,,,,,
7/3/2024 6:00,0,133,,,,,,,,,,,,,,,,,,
7/3/2024 5:45,,133,,,,,,,,,,,,,,,,,,
7/3/2024 5:30,,,,,,,,,,,,,,,,,,,,
7/3/2024 5:15,0,134,,,,,,,,,,,,,,,,,,
7/3/2024 5:00,0,134,,,,,,,,,,,,,,,,,,
7/3/2024 4:45,,135,,,,,,,,,,,,,,,,,,
7/3/2024 4:30,,,,,,,,,,,,,,,,,,,,
7/3/2024 4:15,0,136,,,,,,,,,,,,,,,,,,
7/3/2024 4:00,0,136,,,,,,,,,,,,,,,,,,
7/3/2024 3:45,,137,,,,,,,,,,,,,,,,,,
7/3/2024 3:30,,,,,,,,,,,,,,,,,,,,
7/3/2024 3:15,0,138,,,,,,,,,,,,,,,,,,
7/3/2024 3:00,0,138,,,,,,,,,,,,,,,,,,
7/3/2024 2:45,,139,,,,,,,,,,,,,,,,,,
7/3/2024 2:30,,,,,,,,,,,,,,,,,,,,
7/3/2024 2:15,0,140,,,,,,,,,,,,,,,,,,
7/3/2024 2:00,0,140,,,,,,,,,,,,,,,,,,
7/3/2024 1:45,,141,,,,,,,,,,,,,,,,,,
7/3/2024 1:30,,,,,,,,,,,,,,,,,,,,
7/3/2024 1:15,0,142,,,,,,,,,,,,,,,,,,
7/3/2024 1:00,0,142,,,,,,,,,,,,,,,,,,
7/3/2024 0:45,,143,,,,,,,,,,,,,,,,,,
7/3/2024 0:30,,,,,,,,,,,,,,,,,,,,
7/3/2024 0:15,0,144,,,,,,,,,,,,,,,,,,
7/3/2024 0:00,0,145,,,,,,,,,,,,,,,,,,
6/3/2024 23:45,,145,,,,,,,,,,,,,,,,,,
6/3/2024 23:30,,,,,,,,,,,,,,,,,,,,
6/3/2024 23:15,0,146,,,,,,,,,,,,,,,,,,
6/3/2024 23:00,0,147,,,,,,,,,,,,,,,,,,
6/3/2024 22:45,,147,,,,,,,,,,,,,,,,,,
6/3/2024 22:30,,,,,,,,,,,,,,,,,,,,
6/3/2024 22:15,0,149,,,,,,,,,,,,,,,,,,
6/3/2024 22:00,0,149,,,,,,,,,,,,,,,,,,
6/3/2024 21:45,,150,,,,,,,,,,,,,,,,,,
6/3/2024 21:30,,,,,,,,,,,,,,,,,,,,
6/3/2024 21:15,0,150,,,,,,,,,,,,,,,,,,
6/3/2024 21:00,0,150,,,,,,,,,,,,,,,,,,
6/3/2024 20:45,,150,,,,,,,,,,,,,,,,,,
6/3/2024 20:30,,,,,,,,,,,,,,,,,,,,
6/3/2024 20:15,0,149,,,,,,,,,,,,,,,,,,
6/3/2024 20:00,0,149,,,,,,,,,,,,,,,,,,
6/3/2024 19:45,,149,,,,,,,,,,,,,,,,,,
6/3/2024 19:30,,,,,,,,,,,,,,,,,,,,
6/3/2024 19:15,0,148,,,,,,,,,,,,,,,,,,
6/3/2024 19:00,0,148,,,,,,,,,,,,,,,,,,
6/3/2024 18:45,,147,,,,,,,,,,,,,,,,,,
6/3/2024 18:30,,,,,,,,,,,,,,,,,,,,
6/3/2024 18:15,0,145,,,,,,,,,,,,,,,,,,
6/3/2024 18:00,0,144,,,,,,,,,,,,,,,,,,
6/3/2024 17:45,,144,,,,,,,,,,,,,,,,,,
6/3/2024 17:30,,,,,,,,,,,,,,,,,,,,
6/3/2024 17:15,0,142,,,,,,,,,,,,,,,,,,
6/3/2024 17:00,0,140,,,,,,,,,,,,,,,,,,
6/3/2024 16:45,,139,,,,,,,,,,,,,,,,,,
6/3/2024 16:30,,,,,,,,,,,,,,,,,,,,
6/3/2024 16:15,0,137,,,,,,,,,,,,,,,,,,
6/3/2024 16:00,0,136,,,,,,,,,,,,,,,,,,
6/3/2024 15:45,,135,,,,,,,,,,,,,,,,,,
6/3/2024 15:30,,,,,,,,,,,,,,,,,,,,
6/3/2024 15:15,0,133,,,,,,,,,,,,,,,,,,
6/3/2024 15:00,0,132,,,,,,,,,,,,,,,,,,
6/3/2024 14:45,,131,,,,,,,,,,,,,,,,,,
6/3/2024 14:30,,,,,,,,,,,,,,,,,,,,
6/3/2024 14:15,0,130,,,,,,,,,,,,,,,,,,
6/3/2024 14:00,0,130,,,,,,,,,,,,,,,,,,
6/3/2024 13:45,,130,,,,,,,,,,,,,,,,,,
6/3/2024 13:30,,,,,,,,,,,,,,,,,,,,
6/3/2024 13:15,0,129,,,,,,,,,,,,,,,,,,
6/3/2024 13:00,0,129,,,,,,,,,,,,,,,,,,
6/3/2024 12:45,,128,,,,,,,,,,,,,,,,,,
6/3/2024 12:30,,,,,,,,,,,,,,,,,,,,
6/3/2024 12:15,0,127,,,,,,,,,,,,,,,,,,
6/3/2024 12:00,0,127,,,,,,,,,,,,,,,,,,
6/3/2024 11:45,,126,,,,,,,,,,,,,,,,,,
6/3/2024 11:30,,,,,,,,,,,,,,,,,,,,
6/3/2024 11:15,0,126,,,,,,,,,,,,,,,,,,
6/3/2024 11:00,0,126,,,,,,,,,,,,,,,,,,
6/3/2024 10:45,,125,,,,,,,,,,,,,,,,,,
6/3/2024 10:30,,,,,,,,,,,,,,,,,,,,
6/3/2024 10:15,0,125,,,,,,,,,,,,,,,,,,
6/3/2024 10:00,0,125,,,,,,,,,,,,,,,,,,
6/3/2024 9:45,,125,,,,,,,,,,,,,,,,,,
6/3/2024 9:30,,,,,,,,,,,,,,,,,,,,
6/3/2024 9:15,0,125,,,,,,,,,,,,,,,,,,
6/3/2024 9:00,0,124,,,,,,,,,,,,,,,,,,
6/3/2024 8:45,,124,,,,,,,,,,,,,,,,,,
6/3/2024 8:30,,,,,,,,,,,,,,,,,,,,
6/3/2024 8:15,0,124,,,,,,,,,,,,,,,,,,
6/3/2024 8:00,0,124,,,,,,,,,,,,,,,,,,
6/3/2024 7:45,,124,,,,,,,,,,,,,,,,,,
6/3/2024 7:30,,,,,,,,,,,,,,,,,,,,
6/3/2024 7:15,0,125,,,,,,,,,,,,,,,,,,
6/3/2024 7:00,0,125,,,,,,,,,,,,,,,,,,
6/3/2024 6:45,,125,,,,,,,,,,,,,,,,,,
6/3/2024 6:30,,,,,,,,,,,,,,,,,,,,
6/3/2024 6:15,0,126,,,,,,,,,,,,,,,,,,
6/3/2024 6:00,0,126,,,,,,,,,,,,,,,,,,
6/3/2024 5:45,,127,,,,,,,,,,,,,,,,,,
6/3/2024 5:30,,,,,,,,,,,,,,,,,,,,
6/3/2024 5:15,0,128,,,,,,,,,,,,,,,,,,
6/3/2024 5:00,0,129,,,,,,,,,,,,,,,,,,
6/3/2024 4:45,,129,,,,,,,,,,,,,,,,,,
6/3/2024 4:30,,,,,,,,,,,,,,,,,,,,
6/3/2024 4:15,0,130,,,,,,,,,,,,,,,,,,
6/3/2024 4:00,0,131,,,,,,,,,,,,,,,,,,
6/3/2024 3:45,,131,,,,,,,,,,,,,,,,,,
6/3/2024 3:30,,,,,,,,,,,,,,,,,,,,
6/3/2024 3:15,0,132,,,,,,,,,,,,,,,,,,
6/3/2024 3:00,0,133,,,,,,,,,,,,,,,,,,
6/3/2024 2:45,,134,,,,,,,,,,,,,,,,,,
6/3/2024 2:30,,,,,,,,,,,,,,,,,,,,
6/3/2024 2:15,0,135,,,,,,,,,,,,,,,,,,
6/3/2024 2:00,0,135,,,,,,,,,,,,,,,,,,
6/3/2024 1:45,,135,,,,,,,,,,,,,,,,,,
6/3/2024 1:30,,,,,,,,,,,,,,,,,,,,
6/3/2024 1:15,0,136,,,,,,,,,,,,,,,,,,
6/3/2024 1:00,0,136,,,,,,,,,,,,,,,,,,
6/3/2024 0:45,,136,,,,,,,,,,,,,,,,,,
6/3/2024 0:30,,,,,,,,,,,,,,,,,,,,
6/3/2024 0:15,0,136,,,,,,,,,,,,,,,,,,
6/3/2024 0:00,0,136,,,,,,,,,,,,,,,,,,
5/3/2024 23:45,,136,,,,,,,,,,,,,,,,,,
5/3/2024 23:30,,,,,,,,,,,,,,,,,,,,
5/3/2024 23:15,0,136,,,,,,,,,,,,,,,,,,
5/3/2024 23:00,0,136,,,,,,,,,,,,,,,,,,
5/3/2024 22:45,,135,,,,,,,,,,,,,,,,,,
5/3/2024 22:30,,,,,,,,,,,,,,,,,,,,
5/3/2024 22:15,0,135,,,,,,,,,,,,,,,,,,
5/3/2024 22:00,0,135,,,,,,,,,,,,,,,,,,
5/3/2024 21:45,,135,,,,,,,,,,,,,,,,,,
5/3/2024 21:30,,,,,,,,,,,,,,,,,,,,
5/3/2024 21:15,0,135,,,,,,,,,,,,,,,,,,
5/3/2024 21:00,0,135,,,,,,,,,,,,,,,,,,
5/3/2024 20:45,,135,,,,,,,,,,,,,,,,,,
5/3/2024 20:30,,,,,,,,,,,,,,,,,,,,
5/3/2024 20:15,0,134,,,,,,,,,,,,,,,,,,
5/3/2024 20:00,0,134,,,,,,,,,,,,,,,,,,
5/3/2024 19:45,,135,,,,,,,,,,,,,,,,,,
5/3/2024 19:30,,,,,,,,,,,,,,,,,,,,
5/3/2024 19:15,0,135,,,,,,,,,,,,,,,,,,
5/3/2024 19:00,0,135,,,,,,,,,,,,,,,,,,
5/3/2024 18:45,,135,,,,,,,,,,,,,,,,,,
5/3/2024 18:30,,,,,,,,,,,,,,,,,,,,
5/3/2024 18:15,0,135,,,,,,,,,,,,,,,,,,
5/3/2024 18:00,0,135,,,,,,,,,,,,,,,,,,
5/3/2024 17:45,,135,,,,,,,,,,,,,,,,,,
5/3/2024 17:30,,,,,,,,,,,,,,,,,,,,
5/3/2024 17:15,0,135,,,,,,,,,,,,,,,,,,
5/3/2024 17:00,0,135,,,,,,,,,,,,,,,,,,
5/3/2024 16:45,,135,,,,,,,,,,,,,,,,,,
5/3/2024 16:30,,,,,,,,,,,,,,,,,,,,
5/3/2024 16:15,0,134,,,,,,,,,,,,,,,,,,
5/3/2024 16:00,0,134,,,,,,,,,,,,,,,,,,
5/3/2024 15:45,,134,,,,,,,,,,,,,,,,,,
5/3/2024 15:30,,,,,,,,,,,,,,,,,,,,
5/3/2024 15:15,0,133,,,,,,,,,,,,,,,,,,
5/3/2024 15:00,0,133,,,,,,,,,,,,,,,,,,
5/3/2024 14:45,,132,,,,,,,,,,,,,,,,,,
5/3/2024 14:30,,,,,,,,,,,,,,,,,,,,
5/3/2024 14:15,0,131,,,,,,,,,,,,,,,,,,
5/3/2024 14:00,0,131,,,,,,,,,,,,,,,,,,
5/3/2024 13:45,,131,,,,,,,,,,,,,,,,,,
5/3/2024 13:30,,,,,,,,,,,,,,,,,,,,
5/3/2024 13:15,0,129,,,,,,,,,,,,,,,,,,
5/3/2024 13:00,0,129,,,,,,,,,,,,,,,,,,
5/3/2024 12:45,,129,,,,,,,,,,,,,,,,,,
5/3/2024 12:30,,,,,,,,,,,,,,,,,,,,
5/3/2024 12:15,0,128,,,,,,,,,,,,,,,,,,
5/3/2024 12:00,0,128,,,,,,,,,,,,,,,,,,
5/3/2024 11:45,,128,,,,,,,,,,,,,,,,,,
5/3/2024 11:30,,,,,,,,,,,,,,,,,,,,
5/3/2024 11:15,0,127,,,,,,,,,,,,,,,,,,
5/3/2024 11:00,0,126,,,,,,,,,,,,,,,,,,
5/3/2024 10:45,,126,,,,,,,,,,,,,,,,,,
5/3/2024 10:30,,,,,,,,,,,,,,,,,,,,
5/3/2024 10:15,0,126,,,,,,,,,,,,,,,,,,
5/3/2024 10:00,0,125,,,,,,,,,,,,,,,,,,
5/3/2024 9:45,,126,,,,,,,,,,,,,,,,,,
5/3/2024 9:30,,,,,,,,,,,,,,,,,,,,
5/3/2024 9:15,0,126,,,,,,,,,,,,,,,,,,
5/3/2024 9:00,0,126,,,,,,,,,,,,,,,,,,
5/3/2024 8:45,,126,,,,,,,,,,,,,,,,,,
5/3/2024 8:30,,,,,,,,,,,,,,,,,,,,
5/3/2024 8:15,0,127,,,,,,,,,,,,,,,,,,
5/3/2024 8:00,0,127,,,,,,,,,,,,,,,,,,
5/3/2024 7:45,,127,,,,,,,,,,,,,,,,,,
5/3/2024 7:30,,,,,,,,,,,,,,,,,,,,
5/3/2024 7:15,0,128,,,,,,,,,,,,,,,,,,
5/3/2024 7:00,0,128,,,,,,,,,,,,,,,,,,
5/3/2024 6:45,,129,,,,,,,,,,,,,,,,,,
5/3/2024 6:30,,,,,,,,,,,,,,,,,,,,
5/3/2024 6:15,0,129,,,,,,,,,,,,,,,,,,
5/3/2024 6:00,0,130,,,,,,,,,,,,,,,,,,
5/3/2024 5:45,,130,,,,,,,,,,,,,,,,,,
5/3/2024 5:30,,,,,,,,,,,,,,,,,,,,
5/3/2024 5:15,0,130,,,,,,,,,,,,,,,,,,
5/3/2024 5:00,0,131,,,,,,,,,,,,,,,,,,
5/3/2024 4:45,,131,,,,,,,,,,,,,,,,,,
5/3/2024 4:30,,,,,,,,,,,,,,,,,,,,
5/3/2024 4:15,0,131,,,,,,,,,,,,,,,,,,
5/3/2024 4:00,0,131,,,,,,,,,,,,,,,,,,
5/3/2024 3:45,,132,,,,,,,,,,,,,,,,,,
5/3/2024 3:30,,,,,,,,,,,,,,,,,,,,
5/3/2024 3:15,0,132,,,,,,,,,,,,,,,,,,
5/3/2024 3:00,0,132,,,,,,,,,,,,,,,,,,
5/3/2024 2:45,,132,,,,,,,,,,,,,,,,,,
5/3/2024 2:30,,,,,,,,,,,,,,,,,,,,
5/3/2024 2:15,0,132,,,,,,,,,,,,,,,,,,
5/3/2024 2:00,0,132,,,,,,,,,,,,,,,,,,
5/3/2024 1:45,,132,,,,,,,,,,,,,,,,,,
5/3/2024 1:30,,,,,,,,,,,,,,,,,,,,
5/3/2024 1:15,0,132,,,,,,,,,,,,,,,,,,
5/3/2024 1:00,0,132,,,,,,,,,,,,,,,,,,
5/3/2024 0:45,,132,,,,,,,,,,,,,,,,,,
5/3/2024 0:30,,,,,,,,,,,,,,,,,,,,
5/3/2024 0:15,0,133,,,,,,,,,,,,,,,,,,
5/3/2024 0:00,0,133,,,,,,,,,,,,,,,,,,
4/3/2024 23:45,,133,,,,,,,,,,,,,,,,,,
4/3/2024 23:30,,,,,,,,,,,,,,,,,,,,
4/3/2024 23:15,0,134,,,,,,,,,,,,,,,,,,
4/3/2024 23:00,0,134,,,,,,,,,,,,,,,,,,
4/3/2024 22:45,,134,,,,,,,,,,,,,,,,,,
4/3/2024 22:30,,,,,,,,,,,,,,,,,,,,
4/3/2024 22:15,0,134,,,,,,,,,,,,,,,,,,
4/3/2024 22:00,0,134,,,,,,,,,,,,,,,,,,
4/3/2024 21:45,,134,,,,,,,,,,,,,,,,,,
4/3/2024 21:30,,,,,,,,,,,,,,,,,,,,
4/3/2024 21:15,0,133,,,,,,,,,,,,,,,,,,
4/3/2024 21:00,0,132,,,,,,,,,,,,,,,,,,
4/3/2024 20:45,,132,,,,,,,,,,,,,,,,,,
4/3/2024 20:30,,,,,,,,,,,,,,,,,,,,
4/3/2024 20:15,0.2,130,,,,,,,,,,,,,,,,,,
4/3/2024 20:00,0.8,130,,,,,,,,,,,,,,,,,,
4/3/2024 19:45,,129,,,,,,,,,,,,,,,,,,
4/3/2024 19:30,,,,,,,,,,,,,,,,,,,,
4/3/2024 19:15,0,127,,,,,,,,,,,,,,,,,,
4/3/2024 19:00,0,127,,,,,,,,,,,,,,,,,,
4/3/2024 18:45,,127,,,,,,,,,,,,,,,,,,
4/3/2024 18:30,,,,,,,,,,,,,,,,,,,,
4/3/2024 18:15,0,126,,,,,,,,,,,,,,,,,,
4/3/2024 18:00,0,126,,,,,,,,,,,,,,,,,,
4/3/2024 17:45,,125,,,,,,,,,,,,,,,,,,
4/3/2024 17:30,,,,,,,,,,,,,,,,,,,,
4/3/2024 17:15,0,125,,,,,,,,,,,,,,,,,,
4/3/2024 17:00,0,125,,,,,,,,,,,,,,,,,,
4/3/2024 16:45,,125,,,,,,,,,,,,,,,,,,
4/3/2024 16:30,,,,,,,,,,,,,,,,,,,,
4/3/2024 16:15,0,125,,,,,,,,,,,,,,,,,,
4/3/2024 16:00,0,125,,,,,,,,,,,,,,,,,,
4/3/2024 15:45,,124,,,,,,,,,,,,,,,,,,
4/3/2024 15:30,,,,,,,,,,,,,,,,,,,,
4/3/2024 15:15,0,123,,,,,,,,,,,,,,,,,,
4/3/2024 15:00,0,123,,,,,,,,,,,,,,,,,,
4/3/2024 14:45,,123,,,,,,,,,,,,,,,,,,
4/3/2024 14:30,,,,,,,,,,,,,,,,,,,,
4/3/2024 14:15,0,124,,,,,,,,,,,,,,,,,,
4/3/2024 14:00,0,124,,,,,,,,,,,,,,,,,,
4/3/2024 13:45,,124,,,,,,,,,,,,,,,,,,
4/3/2024 13:30,,,,,,,,,,,,,,,,,,,,
4/3/2024 13:15,0,125,,,,,,,,,,,,,,,,,,
4/3/2024 13:00,0,125,,,,,,,,,,,,,,,,,,
4/3/2024 12:45,,125,,,,,,,,,,,,,,,,,,
4/3/2024 12:30,,,,,,,,,,,,,,,,,,,,
4/3/2024 12:15,0,125,,,,,,,,,,,,,,,,,,
4/3/2024 12:00,0,125,,,,,,,,,,,,,,,,,,
4/3/2024 11:45,,126,,,,,,,,,,,,,,,,,,
4/3/2024 11:30,,,,,,,,,,,,,,,,,,,,
4/3/2024 11:15,0,126,,,,,,,,,,,,,,,,,,
4/3/2024 11:00,0,127,,,,,,,,,,,,,,,,,,
4/3/2024 10:45,,127,,,,,,,,,,,,,,,,,,
4/3/2024 10:30,,,,,,,,,,,,,,,,,,,,
4/3/2024 10:15,0,128,,,,,,,,,,,,,,,,,,
4/3/2024 10:00,0,129,,,,,,,,,,,,,,,,,,
4/3/2024 9:45,,129,,,,,,,,,,,,,,,,,,
4/3/2024 9:30,,,,,,,,,,,,,,,,,,,,
4/3/2024 9:15,0,130,,,,,,,,,,,,,,,,,,
4/3/2024 9:00,0,131,,,,,,,,,,,,,,,,,,
4/3/2024 8:45,,131,,,,,,,,,,,,,,,,,,
4/3/2024 8:30,,,,,,,,,,,,,,,,,,,,
4/3/2024 8:15,0,133,,,,,,,,,,,,,,,,,,
4/3/2024 8:00,0,133,,,,,,,,,,,,,,,,,,
4/3/2024 7:45,,134,,,,,,,,,,,,,,,,,,
4/3/2024 7:30,,,,,,,,,,,,,,,,,,,,
4/3/2024 7:15,0,136,,,,,,,,,,,,,,,,,,
4/3/2024 7:00,0,136,,,,,,,,,,,,,,,,,,
4/3/2024 6:45,,137,,,,,,,,,,,,,,,,,,
4/3/2024 6:30,,,,,,,,,,,,,,,,,,,,
4/3/2024 6:15,0,139,,,,,,,,,,,,,,,,,,
4/3/2024 6:00,0,139,,,,,,,,,,,,,,,,,,
4/3/2024 5:45,,140,,,,,,,,,,,,,,,,,,
4/3/2024 5:30,,,,,,,,,,,,,,,,,,,,
4/3/2024 5:15,0,141,,,,,,,,,,,,,,,,,,
4/3/2024 5:00,0,142,,,,,,,,,,,,,,,,,,
4/3/2024 4:45,,143,,,,,,,,,,,,,,,,,,
4/3/2024 4:30,,,,,,,,,,,,,,,,,,,,
4/3/2024 4:15,0,145,,,,,,,,,,,,,,,,,,
4/3/2024 4:00,0,145,,,,,,,,,,,,,,,,,,
4/3/2024 3:45,,146,,,,,,,,,,,,,,,,,,
4/3/2024 3:30,,,,,,,,,,,,,,,,,,,,
4/3/2024 3:15,0,147,,,,,,,,,,,,,,,,,,
4/3/2024 3:00,0,147,,,,,,,,,,,,,,,,,,
4/3/2024 2:45,,148,,,,,,,,,,,,,,,,,,
4/3/2024 2:30,,,,,,,,,,,,,,,,,,,,
4/3/2024 2:15,0,149,,,,,,,,,,,,,,,,,,
4/3/2024 2:00,0,150,,,,,,,,,,,,,,,,,,
4/3/2024 1:45,,150,,,,,,,,,,,,,,,,,,
4/3/2024 1:30,,,,,,,,,,,,,,,,,,,,
4/3/2024 1:15,0,150,,,,,,,,,,,,,,,,,,
4/3/2024 1:00,0,151,,,,,,,,,,,,,,,,,,
4/3/2024 0:45,,151,,,,,,,,,,,,,,,,,,
4/3/2024 0:30,,,,,,,,,,,,,,,,,,,,
4/3/2024 0:15,0,151,,,,,,,,,,,,,,,,,,
4/3/2024 0:00,0,151,,,,,,,,,,,,,,,,,,
3/3/2024 23:45,,151,,,,,,,,,,,,,,,,,,
3/3/2024 23:30,,,,,,,,,,,,,,,,,,,,
3/3/2024 23:15,0,151,,,,,,,,,,,,,,,,,,
3/3/2024 23:00,0,151,,,,,,,,,,,,,,,,,,
3/3/2024 22:45,,150,,,,,,,,,,,,,,,,,,
3/3/2024 22:30,,,,,,,,,,,,,,,,,,,,
3/3/2024 22:15,0,149,,,,,,,,,,,,,,,,,,
3/3/2024 22:00,0,149,,,,,,,,,,,,,,,,,,
3/3/2024 21:45,,148,,,,,,,,,,,,,,,,,,
3/3/2024 21:30,,,,,,,,,,,,,,,,,,,,
3/3/2024 21:15,0,145,,,,,,,,,,,,,,,,,,
3/3/2024 21:00,0,144,,,,,,,,,,,,,,,,,,
3/3/2024 20:45,,143,,,,,,,,,,,,,,,,,,
3/3/2024 20:30,,,,,,,,,,,,,,,,,,,,
3/3/2024 20:15,0,141,,,,,,,,,,,,,,,,,,
3/3/2024 20:00,0,141,,,,,,,,,,,,,,,,,,
3/3/2024 19:45,,139,,,,,,,,,,,,,,,,,,
3/3/2024 19:30,,,,,,,,,,,,,,,,,,,,
3/3/2024 19:15,0,137,,,,,,,,,,,,,,,,,,
3/3/2024 19:00,0,135,,,,,,,,,,,,,,,,,,
3/3/2024 18:45,,134,,,,,,,,,,,,,,,,,,
3/3/2024 18:30,,,,,,,,,,,,,,,,,,,,
3/3/2024 18:15,0,130,,,,,,,,,,,,,,,,,,
3/3/2024 18:00,0,128,,,,,,,,,,,,,,,,,,
3/3/2024 17:45,,126,,,,,,,,,,,,,,,,,,
3/3/2024 17:30,,,,,,,,,,,,,,,,,,,,
3/3/2024 17:15,0,123,,,,,,,,,,,,,,,,,,
3/3/2024 17:00,0,121,,,,,,,,,,,,,,,,,,
3/3/2024 16:45,,119,,,,,,,,,,,,,,,,,,
3/3/2024 16:30,,,,,,,,,,,,,,,,,,,,
3/3/2024 16:15,0,117,,,,,,,,,,,,,,,,,,
3/3/2024 16:00,0,115,,,,,,,,,,,,,,,,,,
3/3/2024 15:45,,114,,,,,,,,,,,,,,,,,,
3/3/2024 15:30,,,,,,,,,,,,,,,,,,,,
3/3/2024 15:15,0,111,,,,,,,,,,,,,,,,,,
3/3/2024 15:00,0,110,,,,,,,,,,,,,,,,,,
3/3/2024 14:45,,109,,,,,,,,,,,,,,,,,,
3/3/2024 14:30,,,,,,,,,,,,,,,,,,,,
3/3/2024 14:15,0,108,,,,,,,,,,,,,,,,,,
3/3/2024 14:00,0,108,,,,,,,,,,,,,,,,,,
3/3/2024 13:45,,108,,,,,,,,,,,,,,,,,,
3/3/2024 13:30,,,,,,,,,,,,,,,,,,,,
3/3/2024 13:15,0,106,,,,,,,,,,,,,,,,,,
3/3/2024 13:00,0,106,,,,,,,,,,,,,,,,,,
3/3/2024 12:45,,106,,,,,,,,,,,,,,,,,,
3/3/2024 12:30,,,,,,,,,,,,,,,,,,,,
3/3/2024 12:15,0,106,,,,,,,,,,,,,,,,,,
3/3/2024 12:00,0,106,,,,,,,,,,,,,,,,,,
3/3/2024 11:45,,106,,,,,,,,,,,,,,,,,,
3/3/2024 11:30,,,,,,,,,,,,,,,,,,,,
3/3/2024 11:15,0,105,,,,,,,,,,,,,,,,,,
3/3/2024 11:00,0,105,,,,,,,,,,,,,,,,,,
3/3/2024 10:45,,106,,,,,,,,,,,,,,,,,,
3/3/2024 10:30,,,,,,,,,,,,,,,,,,,,
3/3/2024 10:15,0,106,,,,,,,,,,,,,,,,,,
3/3/2024 10:00,0,106,,,,,,,,,,,,,,,,,,
3/3/2024 9:45,,107,,,,,,,,,,,,,,,,,,
3/3/2024 9:30,,,,,,,,,,,,,,,,,,,,
3/3/2024 9:15,0,107,,,,,,,,,,,,,,,,,,
3/3/2024 9:00,0,107,,,,,,,,,,,,,,,,,,
3/3/2024 8:45,,107,,,,,,,,,,,,,,,,,,
3/3/2024 8:30,,,,,,,,,,,,,,,,,,,,
3/3/2024 8:15,0,107,,,,,,,,,,,,,,,,,,
3/3/2024 8:00,0,107,,,,,,,,,,,,,,,,,,
3/3/2024 7:45,,107,,,,,,,,,,,,,,,,,,
3/3/2024 7:30,,,,,,,,,,,,,,,,,,,,
3/3/2024 7:15,0,108,,,,,,,,,,,,,,,,,,
3/3/2024 7:00,0,108,,,,,,,,,,,,,,,,,,
3/3/2024 6:45,,108,,,,,,,,,,,,,,,,,,
3/3/2024 6:30,,,,,,,,,,,,,,,,,,,,
3/3/2024 6:15,0,109,,,,,,,,,,,,,,,,,,
3/3/2024 6:00,0,109,,,,,,,,,,,,,,,,,,
3/3/2024 5:45,,109,,,,,,,,,,,,,,,,,,
3/3/2024 5:30,,,,,,,,,,,,,,,,,,,,
3/3/2024 5:15,0,110,,,,,,,,,,,,,,,,,,
3/3/2024 5:00,0,110,,,,,,,,,,,,,,,,,,
3/3/2024 4:45,,110,,,,,,,,,,,,,,,,,,
3/3/2024 4:30,,,,,,,,,,,,,,,,,,,,
3/3/2024 4:15,0,111,,,,,,,,,,,,,,,,,,
3/3/2024 4:00,0,111,,,,,,,,,,,,,,,,,,
3/3/2024 3:45,,111,,,,,,,,,,,,,,,,,,
3/3/2024 3:30,,,,,,,,,,,,,,,,,,,,
3/3/2024 3:15,0,112,,,,,,,,,,,,,,,,,,
3/3/2024 3:00,0,112,,,,,,,,,,,,,,,,,,
3/3/2024 2:45,,112,,,,,,,,,,,,,,,,,,
3/3/2024 2:30,,,,,,,,,,,,,,,,,,,,
3/3/2024 2:15,0,113,,,,,,,,,,,,,,,,,,
3/3/2024 2:00,0,113,,,,,,,,,,,,,,,,,,
3/3/2024 1:45,,113,,,,,,,,,,,,,,,,,,
3/3/2024 1:30,,,,,,,,,,,,,,,,,,,,
3/3/2024 1:15,0,113,,,,,,,,,,,,,,,,,,
3/3/2024 1:00,0,113,,,,,,,,,,,,,,,,,,
3/3/2024 0:45,,113,,,,,,,,,,,,,,,,,,
3/3/2024 0:30,,,,,,,,,,,,,,,,,,,,
3/3/2024 0:15,0,114,,,,,,,,,,,,,,,,,,
3/3/2024 0:00,0,114,,,,,,,,,,,,,,,,,,
2/3/2024 23:45,,114,,,,,,,,,,,,,,,,,,
2/3/2024 23:30,,,,,,,,,,,,,,,,,,,,
2/3/2024 23:15,0,113,,,,,,,,,,,,,,,,,,
2/3/2024 23:00,0,113,,,,,,,,,,,,,,,,,,
2/3/2024 22:45,,113,,,,,,,,,,,,,,,,,,
2/3/2024 22:30,,,,,,,,,,,,,,,,,,,,
2/3/2024 22:15,0,113,,,,,,,,,,,,,,,,,,
2/3/2024 22:00,0,112,,,,,,,,,,,,,,,,,,
2/3/2024 21:45,,112,,,,,,,,,,,,,,,,,,
2/3/2024 21:30,,,,,,,,,,,,,,,,,,,,
2/3/2024 21:15,0,112,,,,,,,,,,,,,,,,,,
2/3/2024 21:00,0,112,,,,,,,,,,,,,,,,,,
2/3/2024 20:45,,112,,,,,,,,,,,,,,,,,,
2/3/2024 20:30,,,,,,,,,,,,,,,,,,,,
2/3/2024 20:15,0,111,,,,,,,,,,,,,,,,,,
2/3/2024 20:00,0,111,,,,,,,,,,,,,,,,,,
2/3/2024 19:45,,109,,,,,,,,,,,,,,,,,,
2/3/2024 19:30,,,,,,,,,,,,,,,,,,,,
2/3/2024 19:15,0,115,,,,,,,,,,,,,,,,,,
2/3/2024 19:00,0,115,,,,,,,,,,,,,,,,,,
2/3/2024 18:45,,115,,,,,,,,,,,,,,,,,,
2/3/2024 18:30,,,,,,,,,,,,,,,,,,,,
2/3/2024 18:15,0,114,,,,,,,,,,,,,,,,,,
2/3/2024 18:00,0,115,,,,,,,,,,,,,,,,,,
2/3/2024 17:45,,114,,,,,,,,,,,,,,,,,,
2/3/2024 17:30,,,,,,,,,,,,,,,,,,,,
2/3/2024 17:15,0,115,,,,,,,,,,,,,,,,,,
2/3/2024 17:00,0,115,,,,,,,,,,,,,,,,,,
2/3/2024 16:45,,115,,,,,,,,,,,,,,,,,,
2/3/2024 16:30,,,,,,,,,,,,,,,,,,,,
2/3/2024 16:15,0,115,,,,,,,,,,,,,,,,,,
2/3/2024 16:00,0,115,,,,,,,,,,,,,,,,,,
2/3/2024 15:45,,115,,,,,,,,,,,,,,,,,,
2/3/2024 15:30,,,,,,,,,,,,,,,,,,,,
2/3/2024 15:15,0,115,,,,,,,,,,,,,,,,,,
2/3/2024 15:00,0,115,,,,,,,,,,,,,,,,,,
2/3/2024 14:45,,116,,,,,,,,,,,,,,,,,,
2/3/2024 14:30,,,,,,,,,,,,,,,,,,,,
2/3/2024 14:15,0,116,,,,,,,,,,,,,,,,,,
2/3/2024 14:00,0,116,,,,,,,,,,,,,,,,,,
2/3/2024 13:45,,116,,,,,,,,,,,,,,,,,,
2/3/2024 13:30,,,,,,,,,,,,,,,,,,,,
2/3/2024 13:15,0,116,,,,,,,,,,,,,,,,,,
2/3/2024 13:00,0,117,,,,,,,,,,,,,,,,,,
2/3/2024 12:45,,117,,,,,,,,,,,,,,,,,,
2/3/2024 12:30,,,,,,,,,,,,,,,,,,,,
2/3/2024 12:15,0,117,,,,,,,,,,,,,,,,,,
2/3/2024 12:00,0,117,,,,,,,,,,,,,,,,,,
2/3/2024 11:45,,117,,,,,,,,,,,,,,,,,,
2/3/2024 11:30,,,,,,,,,,,,,,,,,,,,
2/3/2024 11:15,0,117,,,,,,,,,,,,,,,,,,
2/3/2024 11:00,0,117,,,,,,,,,,,,,,,,,,
2/3/2024 10:45,,117,,,,,,,,,,,,,,,,,,
2/3/2024 10:30,,,,,,,,,,,,,,,,,,,,
2/3/2024 10:15,0,117,,,,,,,,,,,,,,,,,,
2/3/2024 10:00,0,117,,,,,,,,,,,,,,,,,,
2/3/2024 9:45,,118,,,,,,,,,,,,,,,,,,
2/3/2024 9:30,,,,,,,,,,,,,,,,,,,,
2/3/2024 9:15,0,118,,,,,,,,,,,,,,,,,,
2/3/2024 9:00,0,118,,,,,,,,,,,,,,,,,,
2/3/2024 8:45,,118,,,,,,,,,,,,,,,,,,
2/3/2024 8:30,,,,,,,,,,,,,,,,,,,,
2/3/2024 8:15,0,118,,,,,,,,,,,,,,,,,,
2/3/2024 8:00,0,119,,,,,,,,,,,,,,,,,,
2/3/2024 7:45,,119,,,,,,,,,,,,,,,,,,
2/3/2024 7:30,,,,,,,,,,,,,,,,,,,,
2/3/2024 7:15,0,120,,,,,,,,,,,,,,,,,,
2/3/2024 7:00,0,120,,,,,,,,,,,,,,,,,,
2/3/2024 6:45,,120,,,,,,,,,,,,,,,,,,
2/3/2024 6:30,,,,,,,,,,,,,,,,,,,,
2/3/2024 6:15,0,121,,,,,,,,,,,,,,,,,,
2/3/2024 6:00,0,122,,,,,,,,,,,,,,,,,,
2/3/2024 5:45,,122,,,,,,,,,,,,,,,,,,
2/3/2024 5:30,,,,,,,,,,,,,,,,,,,,
2/3/2024 5:15,0,123,,,,,,,,,,,,,,,,,,
2/3/2024 5:00,0,124,,,,,,,,,,,,,,,,,,
2/3/2024 4:45,,124,,,,,,,,,,,,,,,,,,
2/3/2024 4:30,,,,,,,,,,,,,,,,,,,,
2/3/2024 4:15,0,125,,,,,,,,,,,,,,,,,,
2/3/2024 4:00,0,125,,,,,,,,,,,,,,,,,,
2/3/2024 3:45,,126,,,,,,,,,,,,,,,,,,
2/3/2024 3:30,,,,,,,,,,,,,,,,,,,,
2/3/2024 3:15,0,127,,,,,,,,,,,,,,,,,,
2/3/2024 3:00,0,127,,,,,,,,,,,,,,,,,,
2/3/2024 2:45,,128,,,,,,,,,,,,,,,,,,
2/3/2024 2:30,,,,,,,,,,,,,,,,,,,,
2/3/2024 2:15,0,129,,,,,,,,,,,,,,,,,,
2/3/2024 2:00,0,129,,,,,,,,,,,,,,,,,,
2/3/2024 1:45,,129,,,,,,,,,,,,,,,,,,
2/3/2024 1:30,,,,,,,,,,,,,,,,,,,,
2/3/2024 1:15,0,130,,,,,,,,,,,,,,,,,,
2/3/2024 1:00,0,131,,,,,,,,,,,,,,,,,,
2/3/2024 0:45,,131,,,,,,,,,,,,,,,,,,
2/3/2024 0:30,,,,,,,,,,,,,,,,,,,,
2/3/2024 0:15,0,132,,,,,,,,,,,,,,,,,,
2/3/2024 0:00,0,133,,,,,,,,,,,,,,,,,,
1/3/2024 23:45,,133,,,,,,,,,,,,,,,,,,
1/3/2024 23:30,,,,,,,,,,,,,,,,,,,,
1/3/2024 23:15,0,134,,,,,,,,,,,,,,,,,,
1/3/2024 23:00,0,134,,,,,,,,,,,,,,,,,,
1/3/2024 22:45,,134,,,,,,,,,,,,,,,,,,
1/3/2024 22:30,,,,,,,,,,,,,,,,,,,,
1/3/2024 22:15,0,135,,,,,,,,,,,,,,,,,,
1/3/2024 22:00,0,135,,,,,,,,,,,,,,,,,,
1/3/2024 21:45,,135,,,,,,,,,,,,,,,,,,
1/3/2024 21:30,,,,,,,,,,,,,,,,,,,,
1/3/2024 21:15,0,134,,,,,,,,,,,,,,,,,,
1/3/2024 21:00,0,134,,,,,,,,,,,,,,,,,,
1/3/2024 20:45,,134,,,,,,,,,,,,,,,,,,
1/3/2024 20:30,,,,,,,,,,,,,,,,,,,,
1/3/2024 20:15,0,133,,,,,,,,,,,,,,,,,,
1/3/2024 20:00,0,132,,,,,,,,,,,,,,,,,,
1/3/2024 19:45,,131,,,,,,,,,,,,,,,,,,
1/3/2024 19:30,,,,,,,,,,,,,,,,,,,,
1/3/2024 19:15,0,130,,,,,,,,,,,,,,,,,,
1/3/2024 19:00,0,129,,,,,,,,,,,,,,,,,,
1/3/2024 18:45,,128,,,,,,,,,,,,,,,,,,
1/3/2024 18:30,,,,,,,,,,,,,,,,,,,,
1/3/2024 18:15,0,127,,,,,,,,,,,,,,,,,,
1/3/2024 18:00,0,126,,,,,,,,,,,,,,,,,,
1/3/2024 17:45,,125,,,,,,,,,,,,,,,,,,
1/3/2024 17:30,,,,,,,,,,,,,,,,,,,,
1/3/2024 17:15,0,124,,,,,,,,,,,,,,,,,,
1/3/2024 17:00,0,123,,,,,,,,,,,,,,,,,,
1/3/2024 16:45,,122,,,,,,,,,,,,,,,,,,
1/3/2024 16:30,,,,,,,,,,,,,,,,,,,,
1/3/2024 16:15,0,120,,,,,,,,,,,,,,,,,,
1/3/2024 16:00,0,120,,,,,,,,,,,,,,,,,,
1/3/2024 15:45,,119,,,,,,,,,,,,,,,,,,
1/3/2024 15:30,,,,,,,,,,,,,,,,,,,,
1/3/2024 15:15,0,118,,,,,,,,,,,,,,,,,,
1/3/2024 15:00,0,118,,,,,,,,,,,,,,,,,,
1/3/2024 14:45,,118,,,,,,,,,,,,,,,,,,
1/3/2024 14:30,,,,,,,,,,,,,,,,,,,,
1/3/2024 14:15,0,117,,,,,,,,,,,,,,,,,,
1/3/2024 14:00,0,117,,,,,,,,,,,,,,,,,,
1/3/2024 13:45,,116,,,,,,,,,,,,,,,,,,
1/3/2024 13:30,,,,,,,,,,,,,,,,,,,,
1/3/2024 13:15,0,116,,,,,,,,,,,,,,,,,,
1/3/2024 13:00,0,115,,,,,,,,,,,,,,,,,,
1/3/2024 12:45,,115,,,,,,,,,,,,,,,,,,
1/3/2024 12:30,,,,,,,,,,,,,,,,,,,,
1/3/2024 12:15,0,115,,,,,,,,,,,,,,,,,,
1/3/2024 12:00,0,114,,,,,,,,,,,,,,,,,,
1/3/2024 11:45,,114,,,,,,,,,,,,,,,,,,
1/3/2024 11:30,,,,,,,,,,,,,,,,,,,,
1/3/2024 11:15,0,114,,,,,,,,,,,,,,,,,,
1/3/2024 11:00,0,114,,,,,,,,,,,,,,,,,,
1/3/2024 10:45,,114,,,,,,,,,,,,,,,,,,
1/3/2024 10:30,,,,,,,,,,,,,,,,,,,,
1/3/2024 10:15,0,114,,,,,,,,,,,,,,,,,,
1/3/2024 10:00,0,114,,,,,,,,,,,,,,,,,,
1/3/2024 9:45,,113,,,,,,,,,,,,,,,,,,
1/3/2024 9:30,,,,,,,,,,,,,,,,,,,,
1/3/2024 9:15,0,113,,,,,,,,,,,,,,,,,,
1/3/2024 9:00,0,113,,,,,,,,,,,,,,,,,,
1/3/2024 8:45,,114,,,,,,,,,,,,,,,,,,
1/3/2024 8:30,,,,,,,,,,,,,,,,,,,,
1/3/2024 8:15,0,114,,,,,,,,,,,,,,,,,,
1/3/2024 8:00,0,114,,,,,,,,,,,,,,,,,,
1/3/2024 7:45,,114,,,,,,,,,,,,,,,,,,
1/3/2024 7:30,,,,,,,,,,,,,,,,,,,,
1/3/2024 7:15,0,115,,,,,,,,,,,,,,,,,,
1/3/2024 7:00,0,115,,,,,,,,,,,,,,,,,,
1/3/2024 6:45,,116,,,,,,,,,,,,,,,,,,
1/3/2024 6:30,,,,,,,,,,,,,,,,,,,,
1/3/2024 6:15,0,116,,,,,,,,,,,,,,,,,,
1/3/2024 6:00,0,116,,,,,,,,,,,,,,,,,,
1/3/2024 5:45,,116,,,,,,,,,,,,,,,,,,
1/3/2024 5:30,,,,,,,,,,,,,,,,,,,,
1/3/2024 5:15,0,117,,,,,,,,,,,,,,,,,,
1/3/2024 5:00,0,117,,,,,,,,,,,,,,,,,,
1/3/2024 4:45,,117,,,,,,,,,,,,,,,,,,
1/3/2024 4:30,,,,,,,,,,,,,,,,,,,,
1/3/2024 4:15,0,118,,,,,,,,,,,,,,,,,,
1/3/2024 4:00,0,119,,,,,,,,,,,,,,,,,,
1/3/2024 3:45,,119,,,,,,,,,,,,,,,,,,
1/3/2024 3:30,,,,,,,,,,,,,,,,,,,,
1/3/2024 3:15,0,120,,,,,,,,,,,,,,,,,,
1/3/2024 3:00,0,120,,,,,,,,,,,,,,,,,,
1/3/2024 2:45,,120,,,,,,,,,,,,,,,,,,
1/3/2024 2:30,,,,,,,,,,,,,,,,,,,,
1/3/2024 2:15,0,121,,,,,,,,,,,,,,,,,,
1/3/2024 2:00,0,121,,,,,,,,,,,,,,,,,,
1/3/2024 1:45,,122,,,,,,,,,,,,,,,,,,
1/3/2024 1:30,,,,,,,,,,,,,,,,,,,,
1/3/2024 1:15,0,122,,,,,,,,,,,,,,,,,,
1/3/2024 1:00,0,122,,,,,,,,,,,,,,,,,,
1/3/2024 0:45,,122,,,,,,,,,,,,,,,,,,
1/3/2024 0:30,,,,,,,,,,,,,,,,,,,,
1/3/2024 0:15,0,122,,,,,,,,,,,,,,,,,,
1/3/2024 0:00,0,122,,,,,,,,,,,,,,,,,,
29/02/2024 23:45:00,,121,,,,,,,,,,,,,,,,,,
29/02/2024 23:30:00,,,,,,,,,,,,,,,,,,,,
29/02/2024 23:15:00,0,121,,,,,,,,,,,,,,,,,,
29/02/2024 23:00:00,0,120,,,,,,,,,,,,,,,,,,
29/02/2024 22:45:00,,120,,,,,,,,,,,,,,,,,,
29/02/2024 22:30:00,,,,,,,,,,,,,,,,,,,,
29/02/2024 22:15:00,0,120,,,,,,,,,,,,,,,,,,
29/02/2024 22:00:00,0,120,,,,,,,,,,,,,,,,,,
29/02/2024 21:45:00,,120,,,,,,,,,,,,,,,,,,
29/02/2024 21:30:00,,,,,,,,,,,,,,,,,,,,
29/02/2024 21:15:00,0,119,,,,,,,,,,,,,,,,,,
29/02/2024 21:00:00,0,118,,,,,,,,,,,,,,,,,,
29/02/2024 20:45:00,,118,,,,,,,,,,,,,,,,,,
29/02/2024 20:30:00,,,,,,,,,,,,,,,,,,,,
29/02/2024 20:15:00,0,117,,,,,,,,,,,,,,,,,,
29/02/2024 20:00:00,0,117,,,,,,,,,,,,,,,,,,
29/02/2024 19:45:00,,116,,,,,,,,,,,,,,,,,,
29/02/2024 19:30:00,,,,,,,,,,,,,,,,,,,,
29/02/2024 19:15:00,0,115,,,,,,,,,,,,,,,,,,
29/02/2024 19:00:00,0,115,,,,,,,,,,,,,,,,,,
29/02/2024 18:45:00,,114,,,,,,,,,,,,,,,,,,
29/02/2024 18:30:00,,,,,,,,,,,,,,,,,,,,
29/02/2024 18:15:00,0,114,,,,,,,,,,,,,,,,,,
29/02/2024 18:00:00,0,113,,,,,,,,,,,,,,,,,,
29/02/2024 17:45:00,,113,,,,,,,,,,,,,,,,,,
29/02/2024 17:30:00,,,,,,,,,,,,,,,,,,,,
29/02/2024 17:15:00,0,113,,,,,,,,,,,,,,,,,,
29/02/2024 17:00:00,0,112,,,,,,,,,,,,,,,,,,
29/02/2024 16:45:00,,112,,,,,,,,,,,,,,,,,,
29/02/2024 16:30:00,,,,,,,,,,,,,,,,,,,,
29/02/2024 16:15:00,0,112,,,,,,,,,,,,,,,,,,
29/02/2024 16:00:00,0,112,,,,,,,,,,,,,,,,,,
29/02/2024 15:45:00,,112,,,,,,,,,,,,,,,,,,
29/02/2024 15:30:00,,,,,,,,,,,,,,,,,,,,
29/02/2024 15:15:00,0,111,,,,,,,,,,,,,,,,,,
29/02/2024 15:00:00,0,111,,,,,,,,,,,,,,,,,,
29/02/2024 14:45:00,,111,,,,,,,,,,,,,,,,,,
29/02/2024 14:30:00,,,,,,,,,,,,,,,,,,,,
29/02/2024 14:15:00,0,111,,,,,,,,,,,,,,,,,,
29/02/2024 14:00:00,0,111,,,,,,,,,,,,,,,,,,
29/02/2024 13:45:00,,112,,,,,,,,,,,,,,,,,,
29/02/2024 13:30:00,,,,,,,,,,,,,,,,,,,,
29/02/2024 13:15:00,0,111,,,,,,,,,,,,,,,,,,
29/02/2024 13:00:00,0,111,,,,,,,,,,,,,,,,,,
29/02/2024 12:45:00,,111,,,,,,,,,,,,,,,,,,
29/02/2024 12:30:00,,,,,,,,,,,,,,,,,,,,
29/02/2024 12:15:00,0,111,,,,,,,,,,,,,,,,,,
29/02/2024 12:00:00,0,111,,,,,,,,,,,,,,,,,,
29/02/2024 11:45:00,,111,,,,,,,,,,,,,,,,,,
29/02/2024 11:30:00,,,,,,,,,,,,,,,,,,,,
29/02/2024 11:15:00,0,111,,,,,,,,,,,,,,,,,,
29/02/2024 11:00:00,0,111,,,,,,,,,,,,,,,,,,
29/02/2024 10:45:00,,111,,,,,,,,,,,,,,,,,,
29/02/2024 10:30:00,,,,,,,,,,,,,,,,,,,,
29/02/2024 10:15:00,0,111,,,,,,,,,,,,,,,,,,
29/02/2024 10:00:00,0,111,,,,,,,,,,,,,,,,,,
29/02/2024 09:45:00,,110,,,,,,,,,,,,,,,,,,
29/02/2024 09:30:00,,,,,,,,,,,,,,,,,,,,
29/02/2024 09:15:00,0,110,,,,,,,,,,,,,,,,,,
29/02/2024 09:00:00,0,110,,,,,,,,,,,,,,,,,,
29/02/2024 08:45:00,,110,,,,,,,,,,,,,,,,,,
29/02/2024 08:30:00,,,,,,,,,,,,,,,,,,,,
29/02/2024 08:15:00,0,110,,,,,,,,,,,,,,,,,,
29/02/2024 08:00:00,0,110,,,,,,,,,,,,,,,,,,
29/02/2024 07:45:00,,109,,,,,,,,,,,,,,,,,,
29/02/2024 07:30:00,,,,,,,,,,,,,,,,,,,,
29/02/2024 07:15:00,0,110,,,,,,,,,,,,,,,,,,
29/02/2024 07:00:00,0,110,,,,,,,,,,,,,,,,,,
29/02/2024 06:45:00,,110,,,,,,,,,,,,,,,,,,
29/02/2024 06:30:00,,,,,,,,,,,,,,,,,,,,
29/02/2024 06:15:00,0,110,,,,,,,,,,,,,,,,,,
29/02/2024 06:00:00,0,110,,,,,,,,,,,,,,,,,,
29/02/2024 05:45:00,,111,,,,,,,,,,,,,,,,,,
29/02/2024 05:30:00,,,,,,,,,,,,,,,,,,,,
29/02/2024 05:15:00,0,111,,,,,,,,,,,,,,,,,,
29/02/2024 05:00:00,0,112,,,,,,,,,,,,,,,,,,
29/02/2024 04:45:00,,112,,,,,,,,,,,,,,,,,,
29/02/2024 04:30:00,,,,,,,,,,,,,,,,,,,,
29/02/2024 04:15:00,0,113,,,,,,,,,,,,,,,,,,
29/02/2024 04:00:00,0,113,,,,,,,,,,,,,,,,,,
29/02/2024 03:45:00,,113,,,,,,,,,,,,,,,,,,
29/02/2024 03:30:00,,,,,,,,,,,,,,,,,,,,
29/02/2024 03:15:00,0,114,,,,,,,,,,,,,,,,,,
29/02/2024 03:00:00,0,114,,,,,,,,,,,,,,,,,,
29/02/2024 02:45:00,,115,,,,,,,,,,,,,,,,,,
29/02/2024 02:30:00,,,,,,,,,,,,,,,,,,,,
29/02/2024 02:15:00,0,115,,,,,,,,,,,,,,,,,,
29/02/2024 02:00:00,0,116,,,,,,,,,,,,,,,,,,
29/02/2024 01:45:00,,116,,,,,,,,,,,,,,,,,,
29/02/2024 01:30:00,,,,,,,,,,,,,,,,,,,,
29/02/2024 01:15:00,0,117,,,,,,,,,,,,,,,,,,
29/02/2024 01:00:00,0,117,,,,,,,,,,,,,,,,,,
29/02/2024 00:45:00,,118,,,,,,,,,,,,,,,,,,
29/02/2024 00:30:00,,,,,,,,,,,,,,,,,,,,
29/02/2024 00:15:00,0,118,,,,,,,,,,,,,,,,,,
29/02/2024 00:00:00,0,118,,,,,,,,,,,,,,,,,,
28/02/2024 23:45:00,,118,,,,,,,,,,,,,,,,,,
28/02/2024 23:30:00,,,,,,,,,,,,,,,,,,,,
28/02/2024 23:15:00,0,118,,,,,,,,,,,,,,,,,,
28/02/2024 23:00:00,0,117,,,,,,,,,,,,,,,,,,
28/02/2024 22:45:00,,117,,,,,,,,,,,,,,,,,,
28/02/2024 22:30:00,,,,,,,,,,,,,,,,,,,,
28/02/2024 22:15:00,0,117,,,,,,,,,,,,,,,,,,
28/02/2024 22:00:00,0,116,,,,,,,,,,,,,,,,,,
28/02/2024 21:45:00,,116,,,,,,,,,,,,,,,,,,
28/02/2024 21:30:00,,,,,,,,,,,,,,,,,,,,
28/02/2024 21:15:00,0,115,,,,,,,,,,,,,,,,,,
28/02/2024 21:00:00,0,115,,,,,,,,,,,,,,,,,,
28/02/2024 20:45:00,,115,,,,,,,,,,,,,,,,,,
28/02/2024 20:30:00,,,,,,,,,,,,,,,,,,,,
28/02/2024 20:15:00,0,114,,,,,,,,,,,,,,,,,,
28/02/2024 20:00:00,0,113,,,,,,,,,,,,,,,,,,
28/02/2024 19:45:00,,112,,,,,,,,,,,,,,,,,,
28/02/2024 19:30:00,,,,,,,,,,,,,,,,,,,,
28/02/2024 19:15:00,0,111,,,,,,,,,,,,,,,,,,
28/02/2024 19:00:00,0,111,,,,,,,,,,,,,,,,,,
28/02/2024 18:45:00,,111,,,,,,,,,,,,,,,,,,
28/02/2024 18:30:00,,,,,,,,,,,,,,,,,,,,
28/02/2024 18:15:00,0,111,,,,,,,,,,,,,,,,,,
28/02/2024 18:00:00,0,110,,,,,,,,,,,,,,,,,,
28/02/2024 17:45:00,,110,,,,,,,,,,,,,,,,,,
28/02/2024 17:30:00,,,,,,,,,,,,,,,,,,,,
28/02/2024 17:15:00,0,109,,,,,,,,,,,,,,,,,,
28/02/2024 17:00:00,0,109,,,,,,,,,,,,,,,,,,
28/02/2024 16:45:00,,109,,,,,,,,,,,,,,,,,,
28/02/2024 16:30:00,,,,,,,,,,,,,,,,,,,,
28/02/2024 16:15:00,0,109,,,,,,,,,,,,,,,,,,
28/02/2024 16:00:00,0,108,,,,,,,,,,,,,,,,,,
28/02/2024 15:45:00,,108,,,,,,,,,,,,,,,,,,
28/02/2024 15:30:00,,,,,,,,,,,,,,,,,,,,
28/02/2024 15:15:00,0,108,,,,,,,,,,,,,,,,,,
28/02/2024 15:00:00,0,108,,,,,,,,,,,,,,,,,,
28/02/2024 14:45:00,,108,,,,,,,,,,,,,,,,,,
28/02/2024 14:30:00,,,,,,,,,,,,,,,,,,,,
28/02/2024 14:15:00,0,108,,,,,,,,,,,,,,,,,,
28/02/2024 14:00:00,0,107,,,,,,,,,,,,,,,,,,
28/02/2024 13:45:00,,107,,,,,,,,,,,,,,,,,,
28/02/2024 13:30:00,,,,,,,,,,,,,,,,,,,,
28/02/2024 13:15:00,0,107,,,,,,,,,,,,,,,,,,
28/02/2024 13:00:00,0,106,,,,,,,,,,,,,,,,,,
28/02/2024 12:45:00,,106,,,,,,,,,,,,,,,,,,
28/02/2024 12:30:00,,,,,,,,,,,,,,,,,,,,
28/02/2024 12:15:00,0,105,,,,,,,,,,,,,,,,,,
28/02/2024 12:00:00,0,105,,,,,,,,,,,,,,,,,,
28/02/2024 11:45:00,,105,,,,,,,,,,,,,,,,,,
28/02/2024 11:30:00,,,,,,,,,,,,,,,,,,,,
28/02/2024 11:15:00,0,105,,,,,,,,,,,,,,,,,,
28/02/2024 11:00:00,0,104,,,,,,,,,,,,,,,,,,
28/02/2024 10:45:00,,104,,,,,,,,,,,,,,,,,,
28/02/2024 10:30:00,,,,,,,,,,,,,,,,,,,,
28/02/2024 10:15:00,0,104,,,,,,,,,,,,,,,,,,
28/02/2024 10:00:00,0,104,,,,,,,,,,,,,,,,,,
28/02/2024 09:45:00,,104,,,,,,,,,,,,,,,,,,
28/02/2024 09:30:00,,,,,,,,,,,,,,,,,,,,
28/02/2024 09:15:00,0,104,,,,,,,,,,,,,,,,,,
28/02/2024 09:00:00,0,104,,,,,,,,,,,,,,,,,,
28/02/2024 08:45:00,,104,,,,,,,,,,,,,,,,,,
28/02/2024 08:30:00,,,,,,,,,,,,,,,,,,,,
28/02/2024 08:15:00,0,105,,,,,,,,,,,,,,,,,,
28/02/2024 08:00:00,0,105,,,,,,,,,,,,,,,,,,
28/02/2024 07:45:00,,105,,,,,,,,,,,,,,,,,,
28/02/2024 07:30:00,,,,,,,,,,,,,,,,,,,,
28/02/2024 07:15:00,0,106,,,,,,,,,,,,,,,,,,
28/02/2024 07:00:00,0,106,,,,,,,,,,,,,,,,,,
28/02/2024 06:45:00,,107,,,,,,,,,,,,,,,,,,
28/02/2024 06:30:00,,,,,,,,,,,,,,,,,,,,
28/02/2024 06:15:00,0,107,,,,,,,,,,,,,,,,,,
28/02/2024 06:00:00,0,108,,,,,,,,,,,,,,,,,,
28/02/2024 05:45:00,,108,,,,,,,,,,,,,,,,,,
28/02/2024 05:30:00,,,,,,,,,,,,,,,,,,,,
28/02/2024 05:15:00,0,110,,,,,,,,,,,,,,,,,,
28/02/2024 05:00:00,0,110,,,,,,,,,,,,,,,,,,
28/02/2024 04:45:00,,111,,,,,,,,,,,,,,,,,,
28/02/2024 04:30:00,,,,,,,,,,,,,,,,,,,,
28/02/2024 04:15:00,0,112,,,,,,,,,,,,,,,,,,
28/02/2024 04:00:00,0,113,,,,,,,,,,,,,,,,,,
28/02/2024 03:45:00,,114,,,,,,,,,,,,,,,,,,
28/02/2024 03:30:00,,,,,,,,,,,,,,,,,,,,
28/02/2024 03:15:00,0,116,,,,,,,,,,,,,,,,,,
28/02/2024 03:00:00,0,116,,,,,,,,,,,,,,,,,,
28/02/2024 02:45:00,,117,,,,,,,,,,,,,,,,,,
28/02/2024 02:30:00,,,,,,,,,,,,,,,,,,,,
28/02/2024 02:15:00,0,120,,,,,,,,,,,,,,,,,,
28/02/2024 02:00:00,0,121,,,,,,,,,,,,,,,,,,
28/02/2024 01:45:00,,122,,,,,,,,,,,,,,,,,,
28/02/2024 01:30:00,,,,,,,,,,,,,,,,,,,,
28/02/2024 01:15:00,0,124,,,,,,,,,,,,,,,,,,
28/02/2024 01:00:00,0,125,,,,,,,,,,,,,,,,,,
28/02/2024 00:45:00,,126,,,,,,,,,,,,,,,,,,
28/02/2024 00:30:00,,,,,,,,,,,,,,,,,,,,
28/02/2024 00:15:00,0,127,,,,,,,,,,,,,,,,,,
28/02/2024 00:00:00,0,127,,,,,,,,,,,,,,,,,,
27/02/2024 23:45:00,,127,,,,,,,,,,,,,,,,,,
27/02/2024 23:30:00,,,,,,,,,,,,,,,,,,,,
27/02/2024 23:15:00,0,126,,,,,,,,,,,,,,,,,,
27/02/2024 23:00:00,0,126,,,,,,,,,,,,,,,,,,
27/02/2024 22:45:00,,127,,,,,,,,,,,,,,,,,,
27/02/2024 22:30:00,,,,,,,,,,,,,,,,,,,,
27/02/2024 22:15:00,0,127,,,,,,,,,,,,,,,,,,
27/02/2024 22:00:00,0,126,,,,,,,,,,,,,,,,,,
27/02/2024 21:45:00,,125,,,,,,,,,,,,,,,,,,
27/02/2024 21:30:00,,,,,,,,,,,,,,,,,,,,
27/02/2024 21:15:00,0.2,121,,,,,,,,,,,,,,,,,,
27/02/2024 21:00:00,0,119,,,,,,,,,,,,,,,,,,
27/02/2024 20:45:00,,118,,,,,,,,,,,,,,,,,,
27/02/2024 20:30:00,,,,,,,,,,,,,,,,,,,,
27/02/2024 20:15:00,0,114,,,,,,,,,,,,,,,,,,
27/02/2024 20:00:00,0,112,,,,,,,,,,,,,,,,,,
27/02/2024 19:45:00,,110,,,,,,,,,,,,,,,,,,
27/02/2024 19:30:00,,,,,,,,,,,,,,,,,,,,
27/02/2024 19:15:00,0,107,,,,,,,,,,,,,,,,,,
27/02/2024 19:00:00,0,106,,,,,,,,,,,,,,,,,,
27/02/2024 18:45:00,,105,,,,,,,,,,,,,,,,,,
27/02/2024 18:30:00,,,,,,,,,,,,,,,,,,,,
27/02/2024 18:15:00,0.6,103,,,,,,,,,,,,,,,,,,
27/02/2024 18:00:00,1.2,102,,,,,,,,,,,,,,,,,,
27/02/2024 17:45:00,,102,,,,,,,,,,,,,,,,,,
27/02/2024 17:30:00,,,,,,,,,,,,,,,,,,,,
27/02/2024 17:15:00,0,101,,,,,,,,,,,,,,,,,,
27/02/2024 17:00:00,0,101,,,,,,,,,,,,,,,,,,
27/02/2024 16:45:00,,101,,,,,,,,,,,,,,,,,,
27/02/2024 16:30:00,,,,,,,,,,,,,,,,,,,,
27/02/2024 16:15:00,0,100,,,,,,,,,,,,,,,,,,
27/02/2024 16:00:00,0,100,,,,,,,,,,,,,,,,,,
27/02/2024 15:45:00,,100,,,,,,,,,,,,,,,,,,
27/02/2024 15:30:00,,,,,,,,,,,,,,,,,,,,
27/02/2024 15:15:00,0,100,,,,,,,,,,,,,,,,,,
27/02/2024 15:00:00,0,100,,,,,,,,,,,,,,,,,,
27/02/2024 14:45:00,,100,,,,,,,,,,,,,,,,,,
27/02/2024 14:30:00,,,,,,,,,,,,,,,,,,,,
27/02/2024 14:15:00,0,99,,,,,,,,,,,,,,,,,,
27/02/2024 14:00:00,0.2,99,,,,,,,,,,,,,,,,,,
27/02/2024 13:45:00,,98,,,,,,,,,,,,,,,,,,
27/02/2024 13:30:00,,,,,,,,,,,,,,,,,,,,
27/02/2024 13:15:00,0,96,,,,,,,,,,,,,,,,,,
27/02/2024 13:00:00,0,96,,,,,,,,,,,,,,,,,,
27/02/2024 12:45:00,,95,,,,,,,,,,,,,,,,,,
27/02/2024 12:30:00,,,,,,,,,,,,,,,,,,,,
27/02/2024 12:15:00,0,94,,,,,,,,,,,,,,,,,,
27/02/2024 12:00:00,0,93,,,,,,,,,,,,,,,,,,
27/02/2024 11:45:00,,93,,,,,,,,,,,,,,,,,,
27/02/2024 11:30:00,,,,,,,,,,,,,,,,,,,,
27/02/2024 11:15:00,0,92,,,,,,,,,,,,,,,,,,
27/02/2024 11:00:00,0,91,,,,,,,,,,,,,,,,,,
27/02/2024 10:45:00,,90,,,,,,,,,,,,,,,,,,
27/02/2024 10:30:00,,,,,,,,,,,,,,,,,,,,
27/02/2024 10:15:00,0,89,,,,,,,,,,,,,,,,,,
27/02/2024 10:00:00,0,88,,,,,,,,,,,,,,,,,,
27/02/2024 09:45:00,,88,,,,,,,,,,,,,,,,,,
27/02/2024 09:30:00,,,,,,,,,,,,,,,,,,,,
27/02/2024 09:15:00,0,87,,,,,,,,,,,,,,,,,,
27/02/2024 09:00:00,0,87,,,,,,,,,,,,,,,,,,
27/02/2024 08:45:00,,87,,,,,,,,,,,,,,,,,,
27/02/2024 08:30:00,,,,,,,,,,,,,,,,,,,,
27/02/2024 08:15:00,0,88,,,,,,,,,,,,,,,,,,
27/02/2024 08:00:00,0,88,,,,,,,,,,,,,,,,,,
27/02/2024 07:45:00,,88,,,,,,,,,,,,,,,,,,
27/02/2024 07:30:00,,,,,,,,,,,,,,,,,,,,
27/02/2024 07:15:00,0,89,,,,,,,,,,,,,,,,,,
27/02/2024 07:00:00,0,89,,,,,,,,,,,,,,,,,,
27/02/2024 06:45:00,,89,,,,,,,,,,,,,,,,,,
27/02/2024 06:30:00,,,,,,,,,,,,,,,,,,,,
27/02/2024 06:15:00,0,90,,,,,,,,,,,,,,,,,,
27/02/2024 06:00:00,0,90,,,,,,,,,,,,,,,,,,
27/02/2024 05:45:00,,90,,,,,,,,,,,,,,,,,,
27/02/2024 05:30:00,,,,,,,,,,,,,,,,,,,,
27/02/2024 05:15:00,0,90,,,,,,,,,,,,,,,,,,
27/02/2024 05:00:00,0,90,,,,,,,,,,,,,,,,,,
27/02/2024 04:45:00,,90,,,,,,,,,,,,,,,,,,
27/02/2024 04:30:00,,,,,,,,,,,,,,,,,,,,
27/02/2024 04:15:00,0,90,,,,,,,,,,,,,,,,,,
27/02/2024 04:00:00,0,89,,,,,,,,,,,,,,,,,,
27/02/2024 03:45:00,,95,,,,,,,,,,,,,,,,,,
27/02/2024 03:30:00,,,,,,,,,,,,,,,,,,,,
27/02/2024 03:15:00,0,95,,,,,,,,,,,,,,,,,,
27/02/2024 03:00:00,0,96,,,,,,,,,,,,,,,,,,
27/02/2024 02:45:00,,96,,,,,,,,,,,,,,,,,,
27/02/2024 02:30:00,,,,,,,,,,,,,,,,,,,,
27/02/2024 02:15:00,0,96,,,,,,,,,,,,,,,,,,
27/02/2024 02:00:00,0,97,,,,,,,,,,,,,,,,,,
27/02/2024 01:45:00,,97,,,,,,,,,,,,,,,,,,
27/02/2024 01:30:00,,,,,,,,,,,,,,,,,,,,
27/02/2024 01:15:00,0,98,,,,,,,,,,,,,,,,,,
27/02/2024 01:00:00,0,98,,,,,,,,,,,,,,,,,,
27/02/2024 00:45:00,,96,,,,,,,,,,,,,,,,,,
27/02/2024 00:30:00,,,,,,,,,,,,,,,,,,,,
27/02/2024 00:15:00,0,104,,,,,,,,,,,,,,,,,,
27/02/2024 00:00:00,0,104,,,,,,,,,,,,,,,,,,
26/02/2024 23:45:00,,105,,,,,,,,,,,,,,,,,,
26/02/2024 23:30:00,,,,,,,,,,,,,,,,,,,,
26/02/2024 23:15:00,0.4,105,,,,,,,,,,,,,,,,,,
26/02/2024 23:00:00,0.2,105,,,,,,,,,,,,,,,,,,
26/02/2024 22:45:00,,105,,,,,,,,,,,,,,,,,,
26/02/2024 22:30:00,,,,,,,,,,,,,,,,,,,,
26/02/2024 22:15:00,0,106,,,,,,,,,,,,,,,,,,
26/02/2024 22:00:00,0,107,,,,,,,,,,,,,,,,,,
26/02/2024 21:45:00,,107,,,,,,,,,,,,,,,,,,
26/02/2024 21:30:00,,,,,,,,,,,,,,,,,,,,
26/02/2024 21:15:00,0,108,,,,,,,,,,,,,,,,,,
26/02/2024 21:00:00,0.2,108,,,,,,,,,,,,,,,,,,
26/02/2024 20:45:00,,108,,,,,,,,,,,,,,,,,,
26/02/2024 20:30:00,,,,,,,,,,,,,,,,,,,,
26/02/2024 20:15:00,0,113,,,,,,,,,,,,,,,,,,
26/02/2024 20:00:00,0,114,,,,,,,,,,,,,,,,,,
26/02/2024 19:45:00,,114,,,,,,,,,,,,,,,,,,
26/02/2024 19:30:00,,,,,,,,,,,,,,,,,,,,
26/02/2024 19:15:00,0,115,,,,,,,,,,,,,,,,,,
26/02/2024 19:00:00,0,115,,,,,,,,,,,,,,,,,,
26/02/2024 18:45:00,,115,,,,,,,,,,,,,,,,,,
26/02/2024 18:30:00,,,,,,,,,,,,,,,,,,,,
26/02/2024 18:15:00,0,116,,,,,,,,,,,,,,,,,,
26/02/2024 18:00:00,0,116,,,,,,,,,,,,,,,,,,
26/02/2024 17:45:00,,116,,,,,,,,,,,,,,,,,,
26/02/2024 17:30:00,,,,,,,,,,,,,,,,,,,,
26/02/2024 17:15:00,0,116,,,,,,,,,,,,,,,,,,
26/02/2024 17:00:00,0,115,,,,,,,,,,,,,,,,,,
26/02/2024 16:45:00,,114,,,,,,,,,,,,,,,,,,
26/02/2024 16:30:00,,,,,,,,,,,,,,,,,,,,
26/02/2024 16:15:00,0,120,,,,,,,,,,,,,,,,,,
26/02/2024 16:00:00,0,120,,,,,,,,,,,,,,,,,,
26/02/2024 15:45:00,,120,,,,,,,,,,,,,,,,,,
26/02/2024 15:30:00,,,,,,,,,,,,,,,,,,,,
26/02/2024 15:15:00,0,120,,,,,,,,,,,,,,,,,,
26/02/2024 15:00:00,0,120,,,,,,,,,,,,,,,,,,
26/02/2024 14:45:00,,120,,,,,,,,,,,,,,,,,,
26/02/2024 14:30:00,,,,,,,,,,,,,,,,,,,,
26/02/2024 14:15:00,0,120,,,,,,,,,,,,,,,,,,
26/02/2024 14:00:00,0,120,,,,,,,,,,,,,,,,,,
26/02/2024 13:45:00,,120,,,,,,,,,,,,,,,,,,
26/02/2024 13:30:00,,,,,,,,,,,,,,,,,,,,
26/02/2024 13:15:00,0,119,,,,,,,,,,,,,,,,,,
26/02/2024 13:00:00,0,119,,,,,,,,,,,,,,,,,,
26/02/2024 12:45:00,,119,,,,,,,,,,,,,,,,,,
26/02/2024 12:30:00,,,,,,,,,,,,,,,,,,,,
26/02/2024 12:15:00,0,119,,,,,,,,,,,,,,,,,,
26/02/2024 12:00:00,0,118,,,,,,,,,,,,,,,,,,
26/02/2024 11:45:00,,118,,,,,,,,,,,,,,,,,,
26/02/2024 11:30:00,,,,,,,,,,,,,,,,,,,,
26/02/2024 11:15:00,0,118,,,,,,,,,,,,,,,,,,
26/02/2024 11:00:00,0,118,,,,,,,,,,,,,,,,,,
26/02/2024 10:45:00,,118,,,,,,,,,,,,,,,,,,
26/02/2024 10:30:00,,,,,,,,,,,,,,,,,,,,
26/02/2024 10:15:00,0,118,,,,,,,,,,,,,,,,,,
26/02/2024 10:00:00,0,118,,,,,,,,,,,,,,,,,,
26/02/2024 09:45:00,,118,,,,,,,,,,,,,,,,,,
26/02/2024 09:30:00,,,,,,,,,,,,,,,,,,,,
26/02/2024 09:15:00,0,118,,,,,,,,,,,,,,,,,,
26/02/2024 09:00:00,0,119,,,,,,,,,,,,,,,,,,
26/02/2024 08:45:00,,119,,,,,,,,,,,,,,,,,,
26/02/2024 08:30:00,,,,,,,,,,,,,,,,,,,,
26/02/2024 08:15:00,0,119,,,,,,,,,,,,,,,,,,
26/02/2024 08:00:00,0,120,,,,,,,,,,,,,,,,,,
26/02/2024 07:45:00,,120,,,,,,,,,,,,,,,,,,
26/02/2024 07:30:00,,,,,,,,,,,,,,,,,,,,
26/02/2024 07:15:00,0,121,,,,,,,,,,,,,,,,,,
26/02/2024 07:00:00,0,122,,,,,,,,,,,,,,,,,,
26/02/2024 06:45:00,,122,,,,,,,,,,,,,,,,,,
26/02/2024 06:30:00,,,,,,,,,,,,,,,,,,,,
26/02/2024 06:15:00,0,123,,,,,,,,,,,,,,,,,,
26/02/2024 06:00:00,0,123,,,,,,,,,,,,,,,,,,
26/02/2024 05:45:00,,124,,,,,,,,,,,,,,,,,,
26/02/2024 05:30:00,,,,,,,,,,,,,,,,,,,,
26/02/2024 05:15:00,0,125,,,,,,,,,,,,,,,,,,
26/02/2024 05:00:00,0,125,,,,,,,,,,,,,,,,,,
26/02/2024 04:45:00,,126,,,,,,,,,,,,,,,,,,
26/02/2024 04:30:00,,,,,,,,,,,,,,,,,,,,
26/02/2024 04:15:00,0,127,,,,,,,,,,,,,,,,,,
26/02/2024 04:00:00,0,127,,,,,,,,,,,,,,,,,,
26/02/2024 03:45:00,,128,,,,,,,,,,,,,,,,,,
26/02/2024 03:30:00,,,,,,,,,,,,,,,,,,,,
26/02/2024 03:15:00,0,129,,,,,,,,,,,,,,,,,,
26/02/2024 03:00:00,0,130,,,,,,,,,,,,,,,,,,
26/02/2024 02:45:00,,131,,,,,,,,,,,,,,,,,,
26/02/2024 02:30:00,,,,,,,,,,,,,,,,,,,,
26/02/2024 02:15:00,0,132,,,,,,,,,,,,,,,,,,
26/02/2024 02:00:00,0,133,,,,,,,,,,,,,,,,,,
26/02/2024 01:45:00,,133,,,,,,,,,,,,,,,,,,
26/02/2024 01:30:00,,,,,,,,,,,,,,,,,,,,
26/02/2024 01:15:00,0,134,,,,,,,,,,,,,,,,,,
26/02/2024 01:00:00,0,134,,,,,,,,,,,,,,,,,,
26/02/2024 00:45:00,,134,,,,,,,,,,,,,,,,,,
26/02/2024 00:30:00,,,,,,,,,,,,,,,,,,,,
26/02/2024 00:15:00,0,134,,,,,,,,,,,,,,,,,,
26/02/2024 00:00:00,0,134,,,,,,,,,,,,,,,,,,
25/02/2024 23:45:00,,134,,,,,,,,,,,,,,,,,,
25/02/2024 23:30:00,,,,,,,,,,,,,,,,,,,,
25/02/2024 23:15:00,0,135,,,,,,,,,,,,,,,,,,
25/02/2024 23:00:00,0,135,,,,,,,,,,,,,,,,,,
25/02/2024 22:45:00,,134,,,,,,,,,,,,,,,,,,
25/02/2024 22:30:00,,,,,,,,,,,,,,,,,,,,
25/02/2024 22:15:00,0,134,,,,,,,,,,,,,,,,,,
25/02/2024 22:00:00,0,134,,,,,,,,,,,,,,,,,,
25/02/2024 21:45:00,,134,,,,,,,,,,,,,,,,,,
25/02/2024 21:30:00,,,,,,,,,,,,,,,,,,,,
25/02/2024 21:15:00,0,131,,,,,,,,,,,,,,,,,,
25/02/2024 21:00:00,0,131,,,,,,,,,,,,,,,,,,
25/02/2024 20:45:00,,130,,,,,,,,,,,,,,,,,,
25/02/2024 20:30:00,,,,,,,,,,,,,,,,,,,,
25/02/2024 20:15:00,0,131,,,,,,,,,,,,,,,,,,
25/02/2024 20:00:00,0,131,,,,,,,,,,,,,,,,,,
25/02/2024 19:45:00,,130,,,,,,,,,,,,,,,,,,
25/02/2024 19:30:00,,,,,,,,,,,,,,,,,,,,
25/02/2024 19:15:00,0,130,,,,,,,,,,,,,,,,,,
25/02/2024 19:00:00,0,129,,,,,,,,,,,,,,,,,,
25/02/2024 18:45:00,,129,,,,,,,,,,,,,,,,,,
25/02/2024 18:30:00,,,,,,,,,,,,,,,,,,,,
25/02/2024 18:15:00,0,127,,,,,,,,,,,,,,,,,,
25/02/2024 18:00:00,0,127,,,,,,,,,,,,,,,,,,
25/02/2024 17:45:00,,126,,,,,,,,,,,,,,,,,,
25/02/2024 17:30:00,,,,,,,,,,,,,,,,,,,,
25/02/2024 17:15:00,0,125,,,,,,,,,,,,,,,,,,
25/02/2024 17:00:00,0,125,,,,,,,,,,,,,,,,,,
25/02/2024 16:45:00,,124,,,,,,,,,,,,,,,,,,
25/02/2024 16:30:00,,,,,,,,,,,,,,,,,,,,
25/02/2024 16:15:00,0,123,,,,,,,,,,,,,,,,,,
25/02/2024 16:00:00,0,123,,,,,,,,,,,,,,,,,,
25/02/2024 15:45:00,,123,,,,,,,,,,,,,,,,,,
25/02/2024 15:30:00,,,,,,,,,,,,,,,,,,,,
25/02/2024 15:15:00,0,122,,,,,,,,,,,,,,,,,,
25/02/2024 15:00:00,0,121,,,,,,,,,,,,,,,,,,
25/02/2024 14:45:00,,121,,,,,,,,,,,,,,,,,,
25/02/2024 14:30:00,,,,,,,,,,,,,,,,,,,,
25/02/2024 14:15:00,0,120,,,,,,,,,,,,,,,,,,
25/02/2024 14:00:00,0,119,,,,,,,,,,,,,,,,,,
25/02/2024 13:45:00,,119,,,,,,,,,,,,,,,,,,
25/02/2024 13:30:00,,,,,,,,,,,,,,,,,,,,
25/02/2024 13:15:00,0,118,,,,,,,,,,,,,,,,,,
25/02/2024 13:00:00,0,118,,,,,,,,,,,,,,,,,,
25/02/2024 12:45:00,,118,,,,,,,,,,,,,,,,,,
25/02/2024 12:30:00,,,,,,,,,,,,,,,,,,,,
25/02/2024 12:15:00,0,117,,,,,,,,,,,,,,,,,,
25/02/2024 12:00:00,0,117,,,,,,,,,,,,,,,,,,
25/02/2024 11:45:00,,117,,,,,,,,,,,,,,,,,,
25/02/2024 11:30:00,,,,,,,,,,,,,,,,,,,,
25/02/2024 11:15:00,0,117,,,,,,,,,,,,,,,,,,
25/02/2024 11:00:00,0,117,,,,,,,,,,,,,,,,,,
25/02/2024 10:45:00,,117,,,,,,,,,,,,,,,,,,
25/02/2024 10:30:00,,,,,,,,,,,,,,,,,,,,
25/02/2024 10:15:00,0,117,,,,,,,,,,,,,,,,,,
25/02/2024 10:00:00,0,117,,,,,,,,,,,,,,,,,,
25/02/2024 09:45:00,,118,,,,,,,,,,,,,,,,,,
25/02/2024 09:30:00,,,,,,,,,,,,,,,,,,,,
25/02/2024 09:15:00,0,118,,,,,,,,,,,,,,,,,,
25/02/2024 09:00:00,0,118,,,,,,,,,,,,,,,,,,
25/02/2024 08:45:00,,119,,,,,,,,,,,,,,,,,,
25/02/2024 08:30:00,,,,,,,,,,,,,,,,,,,,
25/02/2024 08:15:00,0,119,,,,,,,,,,,,,,,,,,
25/02/2024 08:00:00,0,119,,,,,,,,,,,,,,,,,,
25/02/2024 07:45:00,,120,,,,,,,,,,,,,,,,,,
25/02/2024 07:30:00,,,,,,,,,,,,,,,,,,,,
25/02/2024 07:15:00,0,120,,,,,,,,,,,,,,,,,,
25/02/2024 07:00:00,0,121,,,,,,,,,,,,,,,,,,
25/02/2024 06:45:00,,121,,,,,,,,,,,,,,,,,,
25/02/2024 06:30:00,,,,,,,,,,,,,,,,,,,,
25/02/2024 06:15:00,0,122,,,,,,,,,,,,,,,,,,
25/02/2024 06:00:00,0,122,,,,,,,,,,,,,,,,,,
25/02/2024 05:45:00,,123,,,,,,,,,,,,,,,,,,
25/02/2024 05:30:00,,,,,,,,,,,,,,,,,,,,
25/02/2024 05:15:00,0,124,,,,,,,,,,,,,,,,,,
25/02/2024 05:00:00,0,124,,,,,,,,,,,,,,,,,,
25/02/2024 04:45:00,,125,,,,,,,,,,,,,,,,,,
25/02/2024 04:30:00,,,,,,,,,,,,,,,,,,,,
25/02/2024 04:15:00,0,126,,,,,,,,,,,,,,,,,,
25/02/2024 04:00:00,0,126,,,,,,,,,,,,,,,,,,
25/02/2024 03:45:00,,127,,,,,,,,,,,,,,,,,,
25/02/2024 03:30:00,,,,,,,,,,,,,,,,,,,,
25/02/2024 03:15:00,0,128,,,,,,,,,,,,,,,,,,
25/02/2024 03:00:00,0,128,,,,,,,,,,,,,,,,,,
25/02/2024 02:45:00,,129,,,,,,,,,,,,,,,,,,
25/02/2024 02:30:00,,,,,,,,,,,,,,,,,,,,
25/02/2024 02:15:00,0,130,,,,,,,,,,,,,,,,,,
25/02/2024 02:00:00,0,130,,,,,,,,,,,,,,,,,,
25/02/2024 01:45:00,,130,,,,,,,,,,,,,,,,,,
25/02/2024 01:30:00,,,,,,,,,,,,,,,,,,,,
25/02/2024 01:15:00,0,131,,,,,,,,,,,,,,,,,,
25/02/2024 01:00:00,0,131,,,,,,,,,,,,,,,,,,
25/02/2024 00:45:00,,131,,,,,,,,,,,,,,,,,,
25/02/2024 00:30:00,,,,,,,,,,,,,,,,,,,,
25/02/2024 00:15:00,0,132,,,,,,,,,,,,,,,,,,
25/02/2024 00:00:00,0,132,,,,,,,,,,,,,,,,,,
24/02/2024 23:45:00,,133,,,,,,,,,,,,,,,,,,
24/02/2024 23:30:00,,,,,,,,,,,,,,,,,,,,
24/02/2024 23:15:00,0,133,,,,,,,,,,,,,,,,,,
24/02/2024 23:00:00,0,134,,,,,,,,,,,,,,,,,,
24/02/2024 22:45:00,,134,,,,,,,,,,,,,,,,,,
24/02/2024 22:30:00,,,,,,,,,,,,,,,,,,,,
24/02/2024 22:15:00,0,134,,,,,,,,,,,,,,,,,,
24/02/2024 22:00:00,0,134,,,,,,,,,,,,,,,,,,
24/02/2024 21:45:00,,134,,,,,,,,,,,,,,,,,,
24/02/2024 21:30:00,,,,,,,,,,,,,,,,,,,,
24/02/2024 21:15:00,0,133,,,,,,,,,,,,,,,,,,
24/02/2024 21:00:00,0,133,,,,,,,,,,,,,,,,,,
24/02/2024 20:45:00,,133,,,,,,,,,,,,,,,,,,
24/02/2024 20:30:00,,,,,,,,,,,,,,,,,,,,
24/02/2024 20:15:00,0,133,,,,,,,,,,,,,,,,,,
24/02/2024 20:00:00,0,133,,,,,,,,,,,,,,,,,,
24/02/2024 19:45:00,,132,,,,,,,,,,,,,,,,,,
24/02/2024 19:30:00,,,,,,,,,,,,,,,,,,,,
24/02/2024 19:15:00,0,132,,,,,,,,,,,,,,,,,,
24/02/2024 19:00:00,0,131,,,,,,,,,,,,,,,,,,
24/02/2024 18:45:00,,130,,,,,,,,,,,,,,,,,,
24/02/2024 18:30:00,,,,,,,,,,,,,,,,,,,,
24/02/2024 18:15:00,0,128,,,,,,,,,,,,,,,,,,
24/02/2024 18:00:00,0,127,,,,,,,,,,,,,,,,,,
24/02/2024 17:45:00,,127,,,,,,,,,,,,,,,,,,
24/02/2024 17:30:00,,,,,,,,,,,,,,,,,,,,
24/02/2024 17:15:00,0,125,,,,,,,,,,,,,,,,,,
24/02/2024 17:00:00,0,125,,,,,,,,,,,,,,,,,,
24/02/2024 16:45:00,,124,,,,,,,,,,,,,,,,,,
24/02/2024 16:30:00,,,,,,,,,,,,,,,,,,,,
24/02/2024 16:15:00,0,123,,,,,,,,,,,,,,,,,,
24/02/2024 16:00:00,0,122,,,,,,,,,,,,,,,,,,
24/02/2024 15:45:00,,122,,,,,,,,,,,,,,,,,,
24/02/2024 15:30:00,,,,,,,,,,,,,,,,,,,,
24/02/2024 15:15:00,0,121,,,,,,,,,,,,,,,,,,
24/02/2024 15:00:00,0,120,,,,,,,,,,,,,,,,,,
24/02/2024 14:45:00,,119,,,,,,,,,,,,,,,,,,
24/02/2024 14:30:00,,,,,,,,,,,,,,,,,,,,
24/02/2024 14:15:00,0,118,,,,,,,,,,,,,,,,,,
24/02/2024 14:00:00,0,117,,,,,,,,,,,,,,,,,,
24/02/2024 13:45:00,,116,,,,,,,,,,,,,,,,,,
24/02/2024 13:30:00,,,,,,,,,,,,,,,,,,,,
24/02/2024 13:15:00,0,115,,,,,,,,,,,,,,,,,,
24/02/2024 13:00:00,0,114,,,,,,,,,,,,,,,,,,
24/02/2024 12:45:00,,114,,,,,,,,,,,,,,,,,,
24/02/2024 12:30:00,,,,,,,,,,,,,,,,,,,,
24/02/2024 12:15:00,0,113,,,,,,,,,,,,,,,,,,
24/02/2024 12:00:00,0,113,,,,,,,,,,,,,,,,,,
24/02/2024 11:45:00,,112,,,,,,,,,,,,,,,,,,
24/02/2024 11:30:00,,,,,,,,,,,,,,,,,,,,
24/02/2024 11:15:00,0,112,,,,,,,,,,,,,,,,,,
24/02/2024 11:00:00,0,112,,,,,,,,,,,,,,,,,,
24/02/2024 10:45:00,,111,,,,,,,,,,,,,,,,,,
24/02/2024 10:30:00,,,,,,,,,,,,,,,,,,,,
24/02/2024 10:15:00,0,111,,,,,,,,,,,,,,,,,,
24/02/2024 10:00:00,0,111,,,,,,,,,,,,,,,,,,
24/02/2024 09:45:00,,111,,,,,,,,,,,,,,,,,,
24/02/2024 09:30:00,,,,,,,,,,,,,,,,,,,,
24/02/2024 09:15:00,0,111,,,,,,,,,,,,,,,,,,
24/02/2024 09:00:00,0,112,,,,,,,,,,,,,,,,,,
24/02/2024 08:45:00,,112,,,,,,,,,,,,,,,,,,
24/02/2024 08:30:00,,,,,,,,,,,,,,,,,,,,
24/02/2024 08:15:00,0,112,,,,,,,,,,,,,,,,,,
24/02/2024 08:00:00,0,113,,,,,,,,,,,,,,,,,,
24/02/2024 07:45:00,,113,,,,,,,,,,,,,,,,,,
24/02/2024 07:30:00,,,,,,,,,,,,,,,,,,,,
24/02/2024 07:15:00,0,114,,,,,,,,,,,,,,,,,,
24/02/2024 07:00:00,0,114,,,,,,,,,,,,,,,,,,
24/02/2024 06:45:00,,115,,,,,,,,,,,,,,,,,,
24/02/2024 06:30:00,,,,,,,,,,,,,,,,,,,,
24/02/2024 06:15:00,0,115,,,,,,,,,,,,,,,,,,
24/02/2024 06:00:00,0,116,,,,,,,,,,,,,,,,,,
24/02/2024 05:45:00,,116,,,,,,,,,,,,,,,,,,
24/02/2024 05:30:00,,,,,,,,,,,,,,,,,,,,
24/02/2024 05:15:00,0,117,,,,,,,,,,,,,,,,,,
24/02/2024 05:00:00,0,117,,,,,,,,,,,,,,,,,,
24/02/2024 04:45:00,,118,,,,,,,,,,,,,,,,,,
24/02/2024 04:30:00,,,,,,,,,,,,,,,,,,,,
24/02/2024 04:15:00,0,118,,,,,,,,,,,,,,,,,,
24/02/2024 04:00:00,0,119,,,,,,,,,,,,,,,,,,
24/02/2024 03:45:00,,119,,,,,,,,,,,,,,,,,,
24/02/2024 03:30:00,,,,,,,,,,,,,,,,,,,,
24/02/2024 03:15:00,0,120,,,,,,,,,,,,,,,,,,
24/02/2024 03:00:00,0,120,,,,,,,,,,,,,,,,,,
24/02/2024 02:45:00,,120,,,,,,,,,,,,,,,,,,
24/02/2024 02:30:00,,,,,,,,,,,,,,,,,,,,
24/02/2024 02:15:00,0,120,,,,,,,,,,,,,,,,,,
24/02/2024 02:00:00,0,120,,,,,,,,,,,,,,,,,,
24/02/2024 01:45:00,,120,,,,,,,,,,,,,,,,,,
24/02/2024 01:30:00,,,,,,,,,,,,,,,,,,,,
24/02/2024 01:15:00,0,120,,,,,,,,,,,,,,,,,,
24/02/2024 01:00:00,0,120,,,,,,,,,,,,,,,,,,
24/02/2024 00:45:00,,120,,,,,,,,,,,,,,,,,,
24/02/2024 00:30:00,,,,,,,,,,,,,,,,,,,,
24/02/2024 00:15:00,0,120,,,,,,,,,,,,,,,,,,
24/02/2024 00:00:00,0,120,,,,,,,,,,,,,,,,,,
23/02/2024 23:45:00,,121,,,,,,,,,,,,,,,,,,
23/02/2024 23:30:00,,,,,,,,,,,,,,,,,,,,
23/02/2024 23:15:00,0,121,,,,,,,,,,,,,,,,,,
23/02/2024 23:00:00,0,121,,,,,,,,,,,,,,,,,,
23/02/2024 22:45:00,,121,,,,,,,,,,,,,,,,,,
23/02/2024 22:30:00,,,,,,,,,,,,,,,,,,,,
23/02/2024 22:15:00,0,120,,,,,,,,,,,,,,,,,,
23/02/2024 22:00:00,0,119,,,,,,,,,,,,,,,,,,
23/02/2024 21:45:00,,119,,,,,,,,,,,,,,,,,,
23/02/2024 21:30:00,,,,,,,,,,,,,,,,,,,,
23/02/2024 21:15:00,0,118,,,,,,,,,,,,,,,,,,
23/02/2024 21:00:00,0,118,,,,,,,,,,,,,,,,,,
23/02/2024 20:45:00,,118,,,,,,,,,,,,,,,,,,
23/02/2024 20:30:00,,,,,,,,,,,,,,,,,,,,
23/02/2024 20:15:00,0,118,,,,,,,,,,,,,,,,,,
23/02/2024 20:00:00,0,118,,,,,,,,,,,,,,,,,,
23/02/2024 19:45:00,,118,,,,,,,,,,,,,,,,,,
23/02/2024 19:30:00,,,,,,,,,,,,,,,,,,,,
23/02/2024 19:15:00,0,118,,,,,,,,,,,,,,,,,,
23/02/2024 19:00:00,0,118,,,,,,,,,,,,,,,,,,
23/02/2024 18:45:00,,118,,,,,,,,,,,,,,,,,,
23/02/2024 18:30:00,,,,,,,,,,,,,,,,,,,,
23/02/2024 18:15:00,0,118,,,,,,,,,,,,,,,,,,
23/02/2024 18:00:00,0,118,,,,,,,,,,,,,,,,,,
23/02/2024 17:45:00,,118,,,,,,,,,,,,,,,,,,
23/02/2024 17:30:00,,,,,,,,,,,,,,,,,,,,
23/02/2024 17:15:00,0,118,,,,,,,,,,,,,,,,,,
23/02/2024 17:00:00,0,117,,,,,,,,,,,,,,,,,,
23/02/2024 16:45:00,,117,,,,,,,,,,,,,,,,,,
23/02/2024 16:30:00,,,,,,,,,,,,,,,,,,,,
23/02/2024 16:15:00,0,116,,,,,,,,,,,,,,,,,,
23/02/2024 16:00:00,0,115,,,,,,,,,,,,,,,,,,
23/02/2024 15:45:00,,115,,,,,,,,,,,,,,,,,,
23/02/2024 15:30:00,,,,,,,,,,,,,,,,,,,,
23/02/2024 15:15:00,0,114,,,,,,,,,,,,,,,,,,
23/02/2024 15:00:00,0,114,,,,,,,,,,,,,,,,,,
23/02/2024 14:45:00,,113,,,,,,,,,,,,,,,,,,
23/02/2024 14:30:00,,,,,,,,,,,,,,,,,,,,
23/02/2024 14:15:00,0,112,,,,,,,,,,,,,,,,,,
23/02/2024 14:00:00,0,112,,,,,,,,,,,,,,,,,,
23/02/2024 13:45:00,,112,,,,,,,,,,,,,,,,,,
23/02/2024 13:30:00,,,,,,,,,,,,,,,,,,,,
23/02/2024 13:15:00,0,111,,,,,,,,,,,,,,,,,,
23/02/2024 13:00:00,0,111,,,,,,,,,,,,,,,,,,
23/02/2024 12:45:00,,110,,,,,,,,,,,,,,,,,,
23/02/2024 12:30:00,,,,,,,,,,,,,,,,,,,,
23/02/2024 12:15:00,0,110,,,,,,,,,,,,,,,,,,
23/02/2024 12:00:00,0,109,,,,,,,,,,,,,,,,,,
23/02/2024 11:45:00,,109,,,,,,,,,,,,,,,,,,
23/02/2024 11:30:00,,,,,,,,,,,,,,,,,,,,
23/02/2024 11:15:00,0,109,,,,,,,,,,,,,,,,,,
23/02/2024 11:00:00,0,109,,,,,,,,,,,,,,,,,,
23/02/2024 10:45:00,,109,,,,,,,,,,,,,,,,,,
23/02/2024 10:30:00,,,,,,,,,,,,,,,,,,,,
23/02/2024 10:15:00,0,109,,,,,,,,,,,,,,,,,,
23/02/2024 10:00:00,0,109,,,,,,,,,,,,,,,,,,
23/02/2024 09:45:00,,110,,,,,,,,,,,,,,,,,,
23/02/2024 09:30:00,,,,,,,,,,,,,,,,,,,,
23/02/2024 09:15:00,0,110,,,,,,,,,,,,,,,,,,
23/02/2024 09:00:00,0,110,,,,,,,,,,,,,,,,,,
23/02/2024 08:45:00,,110,,,,,,,,,,,,,,,,,,
23/02/2024 08:30:00,,,,,,,,,,,,,,,,,,,,
23/02/2024 08:15:00,0,111,,,,,,,,,,,,,,,,,,
23/02/2024 08:00:00,0,111,,,,,,,,,,,,,,,,,,
23/02/2024 07:45:00,,111,,,,,,,,,,,,,,,,,,
23/02/2024 07:30:00,,,,,,,,,,,,,,,,,,,,
23/02/2024 07:15:00,0,112,,,,,,,,,,,,,,,,,,
23/02/2024 07:00:00,0,112,,,,,,,,,,,,,,,,,,
23/02/2024 06:45:00,,112,,,,,,,,,,,,,,,,,,
23/02/2024 06:30:00,,,,,,,,,,,,,,,,,,,,
23/02/2024 06:15:00,0,113,,,,,,,,,,,,,,,,,,
23/02/2024 06:00:00,0,113,,,,,,,,,,,,,,,,,,
23/02/2024 05:45:00,,113,,,,,,,,,,,,,,,,,,
23/02/2024 05:30:00,,,,,,,,,,,,,,,,,,,,
23/02/2024 05:15:00,0,114,,,,,,,,,,,,,,,,,,
23/02/2024 05:00:00,0,114,,,,,,,,,,,,,,,,,,
23/02/2024 04:45:00,,115,,,,,,,,,,,,,,,,,,
23/02/2024 04:30:00,,,,,,,,,,,,,,,,,,,,
23/02/2024 04:15:00,0,116,,,,,,,,,,,,,,,,,,
23/02/2024 04:00:00,0,116,,,,,,,,,,,,,,,,,,
23/02/2024 03:45:00,,117,,,,,,,,,,,,,,,,,,
23/02/2024 03:30:00,,,,,,,,,,,,,,,,,,,,
23/02/2024 03:15:00,0,118,,,,,,,,,,,,,,,,,,
23/02/2024 03:00:00,0,118,,,,,,,,,,,,,,,,,,
23/02/2024 02:45:00,,118,,,,,,,,,,,,,,,,,,
23/02/2024 02:30:00,,,,,,,,,,,,,,,,,,,,
23/02/2024 02:15:00,0,119,,,,,,,,,,,,,,,,,,
23/02/2024 02:00:00,0,119,,,,,,,,,,,,,,,,,,
23/02/2024 01:45:00,,120,,,,,,,,,,,,,,,,,,
23/02/2024 01:30:00,,,,,,,,,,,,,,,,,,,,
23/02/2024 01:15:00,0,120,,,,,,,,,,,,,,,,,,
23/02/2024 01:00:00,0,121,,,,,,,,,,,,,,,,,,
23/02/2024 00:45:00,,121,,,,,,,,,,,,,,,,,,
23/02/2024 00:30:00,,,,,,,,,,,,,,,,,,,,
23/02/2024 00:15:00,0,122,,,,,,,,,,,,,,,,,,
23/02/2024 00:00:00,0,122,,,,,,,,,,,,,,,,,,
22/02/2024 23:45:00,,123,,,,,,,,,,,,,,,,,,
22/02/2024 23:30:00,,,,,,,,,,,,,,,,,,,,
22/02/2024 23:15:00,0,123,,,,,,,,,,,,,,,,,,
22/02/2024 23:00:00,0,124,,,,,,,,,,,,,,,,,,
22/02/2024 22:45:00,,124,,,,,,,,,,,,,,,,,,
22/02/2024 22:30:00,,,,,,,,,,,,,,,,,,,,
22/02/2024 21:15:00,0,122,,,,,,,,,,,,,,,,,,
22/02/2024 21:00:00,0,122,,,,,,,,,,,,,,,,,,
22/02/2024 20:45:00,,121,,,,,,,,,,,,,,,,,,
22/02/2024 20:30:00,,,,,,,,,,,,,,,,,,,,
22/02/2024 20:15:00,0,122,,,,,,,,,,,,,,,,,,
22/02/2024 20:00:00,0,122,,,,,,,,,,,,,,,,,,
22/02/2024 19:45:00,,121,,,,,,,,,,,,,,,,,,
22/02/2024 19:30:00,,,,,,,,,,,,,,,,,,,,
22/02/2024 19:15:00,0,120,,,,,,,,,,,,,,,,,,
22/02/2024 19:00:00,0,120,,,,,,,,,,,,,,,,,,
22/02/2024 18:45:00,,119,,,,,,,,,,,,,,,,,,
22/02/2024 18:30:00,,,,,,,,,,,,,,,,,,,,
22/02/2024 18:15:00,0,118,,,,,,,,,,,,,,,,,,
22/02/2024 18:00:00,0,118,,,,,,,,,,,,,,,,,,
22/02/2024 17:45:00,,117,,,,,,,,,,,,,,,,,,
22/02/2024 17:30:00,,,,,,,,,,,,,,,,,,,,
22/02/2024 17:15:00,0,116,,,,,,,,,,,,,,,,,,
22/02/2024 17:00:00,0,116,,,,,,,,,,,,,,,,,,
22/02/2024 16:45:00,,115,,,,,,,,,,,,,,,,,,
22/02/2024 16:30:00,,,,,,,,,,,,,,,,,,,,
22/02/2024 16:15:00,0,115,,,,,,,,,,,,,,,,,,
22/02/2024 16:00:00,0,115,,,,,,,,,,,,,,,,,,
22/02/2024 15:45:00,,114,,,,,,,,,,,,,,,,,,
22/02/2024 15:30:00,,,,,,,,,,,,,,,,,,,,
22/02/2024 15:15:00,0,114,,,,,,,,,,,,,,,,,,
22/02/2024 15:00:00,0,114,,,,,,,,,,,,,,,,,,
22/02/2024 14:45:00,,115,,,,,,,,,,,,,,,,,,
22/02/2024 14:30:00,,,,,,,,,,,,,,,,,,,,
22/02/2024 14:15:00,0,115,,,,,,,,,,,,,,,,,,
22/02/2024 14:00:00,0,115,,,,,,,,,,,,,,,,,,
22/02/2024 13:45:00,,115,,,,,,,,,,,,,,,,,,
22/02/2024 13:30:00,,,,,,,,,,,,,,,,,,,,
22/02/2024 13:15:00,0,116,,,,,,,,,,,,,,,,,,
22/02/2024 13:00:00,0,116,,,,,,,,,,,,,,,,,,
22/02/2024 12:45:00,,116,,,,,,,,,,,,,,,,,,
22/02/2024 12:30:00,,,,,,,,,,,,,,,,,,,,
22/02/2024 12:15:00,0,116,,,,,,,,,,,,,,,,,,
22/02/2024 12:00:00,0,117,,,,,,,,,,,,,,,,,,
22/02/2024 11:45:00,,117,,,,,,,,,,,,,,,,,,
22/02/2024 11:30:00,,,,,,,,,,,,,,,,,,,,
22/02/2024 11:15:00,0,117,,,,,,,,,,,,,,,,,,
22/02/2024 11:00:00,0,118,,,,,,,,,,,,,,,,,,
22/02/2024 10:45:00,,118,,,,,,,,,,,,,,,,,,
22/02/2024 10:30:00,,,,,,,,,,,,,,,,,,,,
22/02/2024 10:15:00,0,119,,,,,,,,,,,,,,,,,,
22/02/2024 10:00:00,0,119,,,,,,,,,,,,,,,,,,
22/02/2024 09:45:00,,119,,,,,,,,,,,,,,,,,,
22/02/2024 09:30:00,,,,,,,,,,,,,,,,,,,,
22/02/2024 09:15:00,0,120,,,,,,,,,,,,,,,,,,
22/02/2024 09:00:00,0,121,,,,,,,,,,,,,,,,,,
22/02/2024 08:45:00,,121,,,,,,,,,,,,,,,,,,
22/02/2024 08:30:00,,,,,,,,,,,,,,,,,,,,
22/02/2024 08:15:00,0,122,,,,,,,,,,,,,,,,,,
22/02/2024 08:00:00,0,122,,,,,,,,,,,,,,,,,,
22/02/2024 07:45:00,,123,,,,,,,,,,,,,,,,,,
22/02/2024 07:30:00,,,,,,,,,,,,,,,,,,,,
22/02/2024 07:15:00,0,123,,,,,,,,,,,,,,,,,,
22/02/2024 07:00:00,0,124,,,,,,,,,,,,,,,,,,
22/02/2024 06:45:00,,124,,,,,,,,,,,,,,,,,,
22/02/2024 06:30:00,,,,,,,,,,,,,,,,,,,,
22/02/2024 06:15:00,0,125,,,,,,,,,,,,,,,,,,
22/02/2024 06:00:00,0,125,,,,,,,,,,,,,,,,,,
22/02/2024 05:45:00,,126,,,,,,,,,,,,,,,,,,
22/02/2024 05:30:00,,,,,,,,,,,,,,,,,,,,
22/02/2024 05:15:00,0,126,,,,,,,,,,,,,,,,,,
22/02/2024 05:00:00,0,127,,,,,,,,,,,,,,,,,,
22/02/2024 04:45:00,,127,,,,,,,,,,,,,,,,,,
22/02/2024 04:30:00,,,,,,,,,,,,,,,,,,,,
22/02/2024 04:15:00,0,128,,,,,,,,,,,,,,,,,,
22/02/2024 04:00:00,0,128,,,,,,,,,,,,,,,,,,
22/02/2024 03:45:00,,129,,,,,,,,,,,,,,,,,,
22/02/2024 03:30:00,,,,,,,,,,,,,,,,,,,,
22/02/2024 03:15:00,0,130,,,,,,,,,,,,,,,,,,
22/02/2024 03:00:00,0,130,,,,,,,,,,,,,,,,,,
22/02/2024 02:45:00,,130,,,,,,,,,,,,,,,,,,
22/02/2024 02:30:00,,,,,,,,,,,,,,,,,,,,
22/02/2024 02:15:00,0,131,,,,,,,,,,,,,,,,,,
22/02/2024 02:00:00,0,131,,,,,,,,,,,,,,,,,,
22/02/2024 01:45:00,,131,,,,,,,,,,,,,,,,,,
22/02/2024 01:30:00,,,,,,,,,,,,,,,,,,,,
22/02/2024 01:15:00,0,131,,,,,,,,,,,,,,,,,,
22/02/2024 01:00:00,0,132,,,,,,,,,,,,,,,,,,
22/02/2024 00:45:00,,132,,,,,,,,,,,,,,,,,,
22/02/2024 00:30:00,,,,,,,,,,,,,,,,,,,,
22/02/2024 00:15:00,0,132,,,,,,,,,,,,,,,,,,
22/02/2024 00:00:00,0,132,,,,,,,,,,,,,,,,,,
21/02/2024 23:45:00,,132,,,,,,,,,,,,,,,,,,
21/02/2024 23:30:00,,,,,,,,,,,,,,,,,,,,
21/02/2024 23:15:00,0,132,,,,,,,,,,,,,,,,,,
21/02/2024 23:00:00,0,132,,,,,,,,,,,,,,,,,,
21/02/2024 22:45:00,,132,,,,,,,,,,,,,,,,,,
21/02/2024 22:30:00,,,,,,,,,,,,,,,,,,,,
21/02/2024 22:15:00,0,131,,,,,,,,,,,,,,,,,,
21/02/2024 22:00:00,0,131,,,,,,,,,,,,,,,,,,
21/02/2024 21:45:00,,131,,,,,,,,,,,,,,,,,,
21/02/2024 21:30:00,,,,,,,,,,,,,,,,,,,,
21/02/2024 21:15:00,0,130,,,,,,,,,,,,,,,,,,
21/02/2024 21:00:00,0,130,,,,,,,,,,,,,,,,,,
21/02/2024 20:45:00,,129,,,,,,,,,,,,,,,,,,
21/02/2024 20:30:00,,,,,,,,,,,,,,,,,,,,
21/02/2024 20:15:00,0,127,,,,,,,,,,,,,,,,,,
21/02/2024 20:00:00,0,127,,,,,,,,,,,,,,,,,,
21/02/2024 19:45:00,,126,,,,,,,,,,,,,,,,,,
21/02/2024 19:30:00,,,,,,,,,,,,,,,,,,,,
21/02/2024 19:15:00,0,125,,,,,,,,,,,,,,,,,,
21/02/2024 19:00:00,0,124,,,,,,,,,,,,,,,,,,
21/02/2024 18:45:00,,124,,,,,,,,,,,,,,,,,,
21/02/2024 18:30:00,,,,,,,,,,,,,,,,,,,,
21/02/2024 18:15:00,0,122,,,,,,,,,,,,,,,,,,
21/02/2024 18:00:00,0,122,,,,,,,,,,,,,,,,,,
21/02/2024 17:45:00,,121,,,,,,,,,,,,,,,,,,
21/02/2024 17:30:00,,,,,,,,,,,,,,,,,,,,
21/02/2024 17:15:00,0,121,,,,,,,,,,,,,,,,,,
21/02/2024 17:00:00,0,120,,,,,,,,,,,,,,,,,,
21/02/2024 16:45:00,,120,,,,,,,,,,,,,,,,,,
21/02/2024 16:30:00,,,,,,,,,,,,,,,,,,,,
21/02/2024 16:15:00,0,119,,,,,,,,,,,,,,,,,,
21/02/2024 16:00:00,0,118,,,,,,,,,,,,,,,,,,
21/02/2024 15:45:00,,118,,,,,,,,,,,,,,,,,,
21/02/2024 15:30:00,,,,,,,,,,,,,,,,,,,,
21/02/2024 15:15:00,0,117,,,,,,,,,,,,,,,,,,
21/02/2024 15:00:00,0,117,,,,,,,,,,,,,,,,,,
21/02/2024 14:45:00,,117,,,,,,,,,,,,,,,,,,
21/02/2024 14:30:00,,,,,,,,,,,,,,,,,,,,
21/02/2024 14:15:00,0,116,,,,,,,,,,,,,,,,,,
21/02/2024 14:00:00,0,116,,,,,,,,,,,,,,,,,,
21/02/2024 13:45:00,,116,,,,,,,,,,,,,,,,,,
21/02/2024 13:30:00,,,,,,,,,,,,,,,,,,,,
21/02/2024 13:15:00,0,116,,,,,,,,,,,,,,,,,,
21/02/2024 13:00:00,0,116,,,,,,,,,,,,,,,,,,
21/02/2024 12:45:00,,116,,,,,,,,,,,,,,,,,,
21/02/2024 12:30:00,,,,,,,,,,,,,,,,,,,,
21/02/2024 12:15:00,0,116,,,,,,,,,,,,,,,,,,
21/02/2024 12:00:00,0,116,,,,,,,,,,,,,,,,,,
21/02/2024 11:45:00,,117,,,,,,,,,,,,,,,,,,
21/02/2024 11:30:00,,,,,,,,,,,,,,,,,,,,
21/02/2024 11:15:00,0,117,,,,,,,,,,,,,,,,,,
21/02/2024 11:00:00,0,118,,,,,,,,,,,,,,,,,,
21/02/2024 10:45:00,,118,,,,,,,,,,,,,,,,,,
21/02/2024 10:30:00,,,,,,,,,,,,,,,,,,,,
21/02/2024 10:15:00,0,119,,,,,,,,,,,,,,,,,,
21/02/2024 10:00:00,0,119,,,,,,,,,,,,,,,,,,
21/02/2024 09:45:00,,120,,,,,,,,,,,,,,,,,,
21/02/2024 09:30:00,,,,,,,,,,,,,,,,,,,,
21/02/2024 09:15:00,0,120,,,,,,,,,,,,,,,,,,
21/02/2024 09:00:00,0,121,,,,,,,,,,,,,,,,,,
21/02/2024 08:45:00,,121,,,,,,,,,,,,,,,,,,
21/02/2024 08:30:00,,,,,,,,,,,,,,,,,,,,
21/02/2024 08:15:00,0,122,,,,,,,,,,,,,,,,,,
21/02/2024 08:00:00,0,122,,,,,,,,,,,,,,,,,,
21/02/2024 07:45:00,,122,,,,,,,,,,,,,,,,,,
21/02/2024 07:30:00,,,,,,,,,,,,,,,,,,,,
21/02/2024 07:15:00,0,123,,,,,,,,,,,,,,,,,,
21/02/2024 07:00:00,0,123,,,,,,,,,,,,,,,,,,
21/02/2024 06:45:00,,123,,,,,,,,,,,,,,,,,,
21/02/2024 06:30:00,,,,,,,,,,,,,,,,,,,,
21/02/2024 06:15:00,0,124,,,,,,,,,,,,,,,,,,
21/02/2024 06:00:00,0,124,,,,,,,,,,,,,,,,,,
21/02/2024 05:45:00,,124,,,,,,,,,,,,,,,,,,
21/02/2024 05:30:00,,,,,,,,,,,,,,,,,,,,
21/02/2024 05:15:00,0,124,,,,,,,,,,,,,,,,,,
21/02/2024 05:00:00,0,125,,,,,,,,,,,,,,,,,,
21/02/2024 04:45:00,,125,,,,,,,,,,,,,,,,,,
21/02/2024 04:30:00,,,,,,,,,,,,,,,,,,,,
21/02/2024 04:15:00,0,125,,,,,,,,,,,,,,,,,,
21/02/2024 04:00:00,0,126,,,,,,,,,,,,,,,,,,
21/02/2024 03:45:00,,126,,,,,,,,,,,,,,,,,,
21/02/2024 03:30:00,,,,,,,,,,,,,,,,,,,,
21/02/2024 03:15:00,0,127,,,,,,,,,,,,,,,,,,
21/02/2024 03:00:00,0,127,,,,,,,,,,,,,,,,,,
21/02/2024 02:45:00,,128,,,,,,,,,,,,,,,,,,
21/02/2024 02:30:00,,,,,,,,,,,,,,,,,,,,
21/02/2024 02:15:00,0,129,,,,,,,,,,,,,,,,,,
21/02/2024 02:00:00,0,129,,,,,,,,,,,,,,,,,,
21/02/2024 01:45:00,,130,,,,,,,,,,,,,,,,,,
21/02/2024 01:30:00,,,,,,,,,,,,,,,,,,,,
21/02/2024 01:15:00,0,131,,,,,,,,,,,,,,,,,,
21/02/2024 01:00:00,0,131,,,,,,,,,,,,,,,,,,
21/02/2024 00:45:00,,131,,,,,,,,,,,,,,,,,,
21/02/2024 00:30:00,,,,,,,,,,,,,,,,,,,,
21/02/2024 00:15:00,0,132,,,,,,,,,,,,,,,,,,
21/02/2024 00:00:00,0,133,,,,,,,,,,,,,,,,,,
20/02/2024 23:45:00,,133,,,,,,,,,,,,,,,,,,
20/02/2024 23:30:00,,,,,,,,,,,,,,,,,,,,
20/02/2024 23:15:00,0,135,,,,,,,,,,,,,,,,,,
20/02/2024 23:00:00,0,135,,,,,,,,,,,,,,,,,,
20/02/2024 22:45:00,,136,,,,,,,,,,,,,,,,,,
20/02/2024 22:30:00,,,,,,,,,,,,,,,,,,,,
20/02/2024 22:15:00,0,136,,,,,,,,,,,,,,,,,,
20/02/2024 22:00:00,0,136,,,,,,,,,,,,,,,,,,
20/02/2024 21:45:00,,137,,,,,,,,,,,,,,,,,,
20/02/2024 21:30:00,,,,,,,,,,,,,,,,,,,,
20/02/2024 21:15:00,0,137,,,,,,,,,,,,,,,,,,
20/02/2024 21:00:00,0,137,,,,,,,,,,,,,,,,,,
20/02/2024 20:45:00,,137,,,,,,,,,,,,,,,,,,
20/02/2024 20:30:00,,,,,,,,,,,,,,,,,,,,
20/02/2024 20:15:00,0,137,,,,,,,,,,,,,,,,,,
20/02/2024 20:00:00,0,136,,,,,,,,,,,,,,,,,,
20/02/2024 19:45:00,,136,,,,,,,,,,,,,,,,,,
20/02/2024 19:30:00,,,,,,,,,,,,,,,,,,,,
20/02/2024 19:15:00,0,135,,,,,,,,,,,,,,,,,,
20/02/2024 19:00:00,0,135,,,,,,,,,,,,,,,,,,
20/02/2024 18:45:00,,134,,,,,,,,,,,,,,,,,,
20/02/2024 18:30:00,,,,,,,,,,,,,,,,,,,,
20/02/2024 18:15:00,0,132,,,,,,,,,,,,,,,,,,
20/02/2024 18:00:00,0,131,,,,,,,,,,,,,,,,,,
20/02/2024 17:45:00,,130,,,,,,,,,,,,,,,,,,
20/02/2024 17:30:00,,,,,,,,,,,,,,,,,,,,
20/02/2024 17:15:00,0,128,,,,,,,,,,,,,,,,,,
20/02/2024 17:00:00,0,127,,,,,,,,,,,,,,,,,,
20/02/2024 16:45:00,,126,,,,,,,,,,,,,,,,,,
20/02/2024 16:30:00,,,,,,,,,,,,,,,,,,,,
20/02/2024 16:15:00,0,124,,,,,,,,,,,,,,,,,,
20/02/2024 16:00:00,0,123,,,,,,,,,,,,,,,,,,
20/02/2024 15:45:00,,122,,,,,,,,,,,,,,,,,,
20/02/2024 15:30:00,,,,,,,,,,,,,,,,,,,,
20/02/2024 15:15:00,0,120,,,,,,,,,,,,,,,,,,
20/02/2024 15:00:00,0,119,,,,,,,,,,,,,,,,,,
20/02/2024 14:45:00,,119,,,,,,,,,,,,,,,,,,
20/02/2024 14:30:00,,,,,,,,,,,,,,,,,,,,
20/02/2024 14:15:00,0,119,,,,,,,,,,,,,,,,,,
20/02/2024 14:00:00,0,118,,,,,,,,,,,,,,,,,,
20/02/2024 13:45:00,,118,,,,,,,,,,,,,,,,,,
20/02/2024 13:30:00,,,,,,,,,,,,,,,,,,,,
20/02/2024 13:15:00,0,118,,,,,,,,,,,,,,,,,,
20/02/2024 13:00:00,0,118,,,,,,,,,,,,,,,,,,
20/02/2024 12:45:00,,118,,,,,,,,,,,,,,,,,,
20/02/2024 12:30:00,,,,,,,,,,,,,,,,,,,,
20/02/2024 12:15:00,0,118,,,,,,,,,,,,,,,,,,
20/02/2024 12:00:00,0,118,,,,,,,,,,,,,,,,,,
20/02/2024 11:45:00,,118,,,,,,,,,,,,,,,,,,
20/02/2024 11:30:00,,,,,,,,,,,,,,,,,,,,
20/02/2024 11:15:00,0,118,,,,,,,,,,,,,,,,,,
20/02/2024 11:00:00,0,118,,,,,,,,,,,,,,,,,,
20/02/2024 10:45:00,,118,,,,,,,,,,,,,,,,,,
20/02/2024 10:30:00,,,,,,,,,,,,,,,,,,,,
20/02/2024 10:15:00,0,119,,,,,,,,,,,,,,,,,,
20/02/2024 10:00:00,0,119,,,,,,,,,,,,,,,,,,
20/02/2024 09:45:00,,119,,,,,,,,,,,,,,,,,,
20/02/2024 09:30:00,,,,,,,,,,,,,,,,,,,,
20/02/2024 09:15:00,0,119,,,,,,,,,,,,,,,,,,
20/02/2024 09:00:00,0,119,,,,,,,,,,,,,,,,,,
20/02/2024 08:45:00,,120,,,,,,,,,,,,,,,,,,
20/02/2024 08:30:00,,,,,,,,,,,,,,,,,,,,
20/02/2024 08:15:00,0,120,,,,,,,,,,,,,,,,,,
20/02/2024 08:00:00,0,120,,,,,,,,,,,,,,,,,,
20/02/2024 07:45:00,,120,,,,,,,,,,,,,,,,,,
20/02/2024 07:30:00,,,,,,,,,,,,,,,,,,,,
20/02/2024 07:15:00,0,121,,,,,,,,,,,,,,,,,,
20/02/2024 07:00:00,0,121,,,,,,,,,,,,,,,,,,
20/02/2024 06:45:00,,121,,,,,,,,,,,,,,,,,,
20/02/2024 06:30:00,,,,,,,,,,,,,,,,,,,,
20/02/2024 06:15:00,0,122,,,,,,,,,,,,,,,,,,
20/02/2024 06:00:00,0,123,,,,,,,,,,,,,,,,,,
20/02/2024 05:45:00,,123,,,,,,,,,,,,,,,,,,
20/02/2024 05:30:00,,,,,,,,,,,,,,,,,,,,
20/02/2024 05:15:00,0,123,,,,,,,,,,,,,,,,,,
20/02/2024 05:00:00,0,124,,,,,,,,,,,,,,,,,,
20/02/2024 04:45:00,,124,,,,,,,,,,,,,,,,,,
20/02/2024 04:30:00,,,,,,,,,,,,,,,,,,,,
20/02/2024 04:15:00,0,125,,,,,,,,,,,,,,,,,,
20/02/2024 04:00:00,0,125,,,,,,,,,,,,,,,,,,
20/02/2024 03:45:00,,126,,,,,,,,,,,,,,,,,,
20/02/2024 03:30:00,,,,,,,,,,,,,,,,,,,,
20/02/2024 03:15:00,0,126,,,,,,,,,,,,,,,,,,
20/02/2024 03:00:00,0,127,,,,,,,,,,,,,,,,,,
20/02/2024 02:45:00,,127,,,,,,,,,,,,,,,,,,
20/02/2024 02:30:00,,,,,,,,,,,,,,,,,,,,
20/02/2024 02:15:00,0,128,,,,,,,,,,,,,,,,,,
20/02/2024 02:00:00,0,128,,,,,,,,,,,,,,,,,,
20/02/2024 01:45:00,,129,,,,,,,,,,,,,,,,,,
20/02/2024 01:30:00,,,,,,,,,,,,,,,,,,,,
20/02/2024 01:15:00,0,130,,,,,,,,,,,,,,,,,,
20/02/2024 01:00:00,0,130,,,,,,,,,,,,,,,,,,
20/02/2024 00:45:00,,131,,,,,,,,,,,,,,,,,,
20/02/2024 00:30:00,,,,,,,,,,,,,,,,,,,,
20/02/2024 00:15:00,0,131,,,,,,,,,,,,,,,,,,
20/02/2024 00:00:00,0,132,,,,,,,,,,,,,,,,,,
19/02/2024 23:45:00,,132,,,,,,,,,,,,,,,,,,
19/02/2024 23:30:00,,,,,,,,,,,,,,,,,,,,
19/02/2024 23:15:00,0,133,,,,,,,,,,,,,,,,,,
19/02/2024 23:00:00,0,133,,,,,,,,,,,,,,,,,,
19/02/2024 22:45:00,,133,,,,,,,,,,,,,,,,,,
19/02/2024 22:30:00,,,,,,,,,,,,,,,,,,,,
19/02/2024 22:15:00,0,133,,,,,,,,,,,,,,,,,,
19/02/2024 22:00:00,0,133,,,,,,,,,,,,,,,,,,
19/02/2024 21:45:00,,133,,,,,,,,,,,,,,,,,,
19/02/2024 21:30:00,,,,,,,,,,,,,,,,,,,,
19/02/2024 21:15:00,0,132,,,,,,,,,,,,,,,,,,
19/02/2024 21:00:00,0,132,,,,,,,,,,,,,,,,,,
19/02/2024 20:45:00,,131,,,,,,,,,,,,,,,,,,
19/02/2024 20:30:00,,,,,,,,,,,,,,,,,,,,
19/02/2024 20:15:00,0,130,,,,,,,,,,,,,,,,,,
19/02/2024 20:00:00,0,130,,,,,,,,,,,,,,,,,,
19/02/2024 19:45:00,,129,,,,,,,,,,,,,,,,,,
19/02/2024 19:30:00,,,,,,,,,,,,,,,,,,,,
19/02/2024 19:15:00,0,127,,,,,,,,,,,,,,,,,,
19/02/2024 19:00:00,0,127,,,,,,,,,,,,,,,,,,
19/02/2024 18:45:00,,127,,,,,,,,,,,,,,,,,,
19/02/2024 18:30:00,,,,,,,,,,,,,,,,,,,,
19/02/2024 18:15:00,0,125,,,,,,,,,,,,,,,,,,
19/02/2024 18:00:00,0,124,,,,,,,,,,,,,,,,,,
19/02/2024 17:45:00,,124,,,,,,,,,,,,,,,,,,
19/02/2024 17:30:00,,,,,,,,,,,,,,,,,,,,
19/02/2024 17:15:00,0,122,,,,,,,,,,,,,,,,,,
19/02/2024 17:00:00,0,121,,,,,,,,,,,,,,,,,,
19/02/2024 16:45:00,,120,,,,,,,,,,,,,,,,,,
19/02/2024 16:30:00,,,,,,,,,,,,,,,,,,,,
19/02/2024 16:15:00,0,119,,,,,,,,,,,,,,,,,,
19/02/2024 16:00:00,0,118,,,,,,,,,,,,,,,,,,
19/02/2024 15:45:00,,117,,,,,,,,,,,,,,,,,,
19/02/2024 15:30:00,,,,,,,,,,,,,,,,,,,,
19/02/2024 15:15:00,0,116,,,,,,,,,,,,,,,,,,
19/02/2024 15:00:00,0,116,,,,,,,,,,,,,,,,,,
19/02/2024 14:45:00,,116,,,,,,,,,,,,,,,,,,
19/02/2024 14:30:00,,,,,,,,,,,,,,,,,,,,
19/02/2024 14:15:00,0,115,,,,,,,,,,,,,,,,,,
19/02/2024 14:00:00,0,115,,,,,,,,,,,,,,,,,,
19/02/2024 13:45:00,,115,,,,,,,,,,,,,,,,,,
19/02/2024 13:30:00,,,,,,,,,,,,,,,,,,,,
19/02/2024 13:15:00,0,114,,,,,,,,,,,,,,,,,,
19/02/2024 13:00:00,0,115,,,,,,,,,,,,,,,,,,
19/02/2024 12:45:00,,115,,,,,,,,,,,,,,,,,,
19/02/2024 12:30:00,,,,,,,,,,,,,,,,,,,,
19/02/2024 12:15:00,0,114,,,,,,,,,,,,,,,,,,
19/02/2024 12:00:00,0,115,,,,,,,,,,,,,,,,,,
19/02/2024 11:45:00,,115,,,,,,,,,,,,,,,,,,
19/02/2024 11:30:00,,,,,,,,,,,,,,,,,,,,
19/02/2024 11:15:00,0,115,,,,,,,,,,,,,,,,,,
19/02/2024 11:00:00,0,115,,,,,,,,,,,,,,,,,,
19/02/2024 10:45:00,,115,,,,,,,,,,,,,,,,,,
19/02/2024 10:30:00,,,,,,,,,,,,,,,,,,,,
19/02/2024 10:15:00,0,116,,,,,,,,,,,,,,,,,,
19/02/2024 10:00:00,0,116,,,,,,,,,,,,,,,,,,
19/02/2024 09:45:00,,116,,,,,,,,,,,,,,,,,,
19/02/2024 09:30:00,,,,,,,,,,,,,,,,,,,,
19/02/2024 09:15:00,0,116,,,,,,,,,,,,,,,,,,
19/02/2024 09:00:00,0,116,,,,,,,,,,,,,,,,,,
19/02/2024 08:45:00,,116,,,,,,,,,,,,,,,,,,
19/02/2024 08:30:00,,,,,,,,,,,,,,,,,,,,
19/02/2024 08:15:00,0,117,,,,,,,,,,,,,,,,,,
19/02/2024 08:00:00,0,117,,,,,,,,,,,,,,,,,,
19/02/2024 07:45:00,,117,,,,,,,,,,,,,,,,,,
19/02/2024 07:30:00,,,,,,,,,,,,,,,,,,,,
19/02/2024 07:15:00,0,118,,,,,,,,,,,,,,,,,,
19/02/2024 07:00:00,0,118,,,,,,,,,,,,,,,,,,
19/02/2024 06:45:00,,118,,,,,,,,,,,,,,,,,,
19/02/2024 06:30:00,,,,,,,,,,,,,,,,,,,,
19/02/2024 06:15:00,0,119,,,,,,,,,,,,,,,,,,
19/02/2024 06:00:00,0,119,,,,,,,,,,,,,,,,,,
19/02/2024 05:45:00,,119,,,,,,,,,,,,,,,,,,
19/02/2024 05:30:00,,,,,,,,,,,,,,,,,,,,
19/02/2024 05:15:00,0,120,,,,,,,,,,,,,,,,,,
19/02/2024 05:00:00,0,120,,,,,,,,,,,,,,,,,,
19/02/2024 04:45:00,,121,,,,,,,,,,,,,,,,,,
19/02/2024 04:30:00,,,,,,,,,,,,,,,,,,,,
19/02/2024 04:15:00,0,121,,,,,,,,,,,,,,,,,,
19/02/2024 04:00:00,0,121,,,,,,,,,,,,,,,,,,
19/02/2024 03:45:00,,122,,,,,,,,,,,,,,,,,,
19/02/2024 03:30:00,,,,,,,,,,,,,,,,,,,,
19/02/2024 03:15:00,0,122,,,,,,,,,,,,,,,,,,
19/02/2024 03:00:00,0,123,,,,,,,,,,,,,,,,,,
19/02/2024 02:45:00,,123,,,,,,,,,,,,,,,,,,
19/02/2024 02:30:00,,,,,,,,,,,,,,,,,,,,
19/02/2024 02:15:00,0,123,,,,,,,,,,,,,,,,,,
19/02/2024 02:00:00,0,123,,,,,,,,,,,,,,,,,,
19/02/2024 01:45:00,,123,,,,,,,,,,,,,,,,,,
19/02/2024 01:30:00,,,,,,,,,,,,,,,,,,,,
19/02/2024 01:15:00,0,123,,,,,,,,,,,,,,,,,,
19/02/2024 01:00:00,0,124,,,,,,,,,,,,,,,,,,
19/02/2024 00:45:00,,124,,,,,,,,,,,,,,,,,,
19/02/2024 00:30:00,,,,,,,,,,,,,,,,,,,,
19/02/2024 00:15:00,0,125,,,,,,,,,,,,,,,,,,
19/02/2024 00:00:00,0,125,,,,,,,,,,,,,,,,,,
18/02/2024 23:45:00,,125,,,,,,,,,,,,,,,,,,
18/02/2024 23:30:00,,,,,,,,,,,,,,,,,,,,
18/02/2024 23:15:00,0,125,,,,,,,,,,,,,,,,,,
18/02/2024 23:00:00,0,124,,,,,,,,,,,,,,,,,,
18/02/2024 22:45:00,,124,,,,,,,,,,,,,,,,,,
18/02/2024 22:30:00,,,,,,,,,,,,,,,,,,,,
18/02/2024 22:15:00,0,124,,,,,,,,,,,,,,,,,,
18/02/2024 22:00:00,0,124,,,,,,,,,,,,,,,,,,
18/02/2024 21:45:00,,124,,,,,,,,,,,,,,,,,,
18/02/2024 21:30:00,,,,,,,,,,,,,,,,,,,,
18/02/2024 20:15:00,0,121,,,,,,,,,,,,,,,,,,
18/02/2024 20:00:00,0,121,,,,,,,,,,,,,,,,,,
18/02/2024 19:45:00,,120,,,,,,,,,,,,,,,,,,
18/02/2024 19:30:00,,,,,,,,,,,,,,,,,,,,
18/02/2024 19:15:00,0,119,,,,,,,,,,,,,,,,,,
18/02/2024 19:00:00,0,118,,,,,,,,,,,,,,,,,,
18/02/2024 18:45:00,,118,,,,,,,,,,,,,,,,,,
18/02/2024 18:30:00,,,,,,,,,,,,,,,,,,,,
18/02/2024 18:15:00,0,117,,,,,,,,,,,,,,,,,,
18/02/2024 18:00:00,0,116,,,,,,,,,,,,,,,,,,
18/02/2024 17:45:00,,116,,,,,,,,,,,,,,,,,,
18/02/2024 17:30:00,,,,,,,,,,,,,,,,,,,,
18/02/2024 17:15:00,0,116,,,,,,,,,,,,,,,,,,
18/02/2024 17:00:00,0,115,,,,,,,,,,,,,,,,,,
18/02/2024 16:45:00,,115,,,,,,,,,,,,,,,,,,
18/02/2024 16:30:00,,,,,,,,,,,,,,,,,,,,
18/02/2024 16:15:00,0,115,,,,,,,,,,,,,,,,,,
18/02/2024 16:00:00,0,115,,,,,,,,,,,,,,,,,,
18/02/2024 15:45:00,,115,,,,,,,,,,,,,,,,,,
18/02/2024 15:30:00,,,,,,,,,,,,,,,,,,,,
18/02/2024 15:15:00,0,114,,,,,,,,,,,,,,,,,,
18/02/2024 15:00:00,0,114,,,,,,,,,,,,,,,,,,
18/02/2024 14:45:00,,114,,,,,,,,,,,,,,,,,,
18/02/2024 14:30:00,,,,,,,,,,,,,,,,,,,,
18/02/2024 14:15:00,0,114,,,,,,,,,,,,,,,,,,
18/02/2024 14:00:00,0,114,,,,,,,,,,,,,,,,,,
18/02/2024 13:45:00,,114,,,,,,,,,,,,,,,,,,
18/02/2024 13:30:00,,,,,,,,,,,,,,,,,,,,
18/02/2024 13:15:00,0,114,,,,,,,,,,,,,,,,,,
18/02/2024 13:00:00,0,114,,,,,,,,,,,,,,,,,,
18/02/2024 12:45:00,,114,,,,,,,,,,,,,,,,,,
18/02/2024 12:30:00,,,,,,,,,,,,,,,,,,,,
18/02/2024 12:15:00,0,114,,,,,,,,,,,,,,,,,,
18/02/2024 12:00:00,0,114,,,,,,,,,,,,,,,,,,
18/02/2024 11:45:00,,114,,,,,,,,,,,,,,,,,,
18/02/2024 11:30:00,,,,,,,,,,,,,,,,,,,,
18/02/2024 11:15:00,0,114,,,,,,,,,,,,,,,,,,
18/02/2024 11:00:00,0,114,,,,,,,,,,,,,,,,,,
18/02/2024 10:45:00,,114,,,,,,,,,,,,,,,,,,
18/02/2024 10:30:00,,,,,,,,,,,,,,,,,,,,
18/02/2024 10:15:00,0,114,,,,,,,,,,,,,,,,,,
18/02/2024 10:00:00,0,114,,,,,,,,,,,,,,,,,,
18/02/2024 09:45:00,,114,,,,,,,,,,,,,,,,,,
18/02/2024 09:30:00,,,,,,,,,,,,,,,,,,,,
18/02/2024 09:15:00,0,114,,,,,,,,,,,,,,,,,,
18/02/2024 09:00:00,0,114,,,,,,,,,,,,,,,,,,
18/02/2024 08:45:00,,114,,,,,,,,,,,,,,,,,,
18/02/2024 08:30:00,,,,,,,,,,,,,,,,,,,,
18/02/2024 08:15:00,0,114,,,,,,,,,,,,,,,,,,
18/02/2024 08:00:00,0,114,,,,,,,,,,,,,,,,,,
18/02/2024 07:45:00,,115,,,,,,,,,,,,,,,,,,
18/02/2024 07:30:00,,,,,,,,,,,,,,,,,,,,
18/02/2024 07:15:00,0,115,,,,,,,,,,,,,,,,,,
18/02/2024 07:00:00,0,115,,,,,,,,,,,,,,,,,,
18/02/2024 06:45:00,,116,,,,,,,,,,,,,,,,,,
18/02/2024 06:30:00,,,,,,,,,,,,,,,,,,,,
18/02/2024 06:15:00,0,116,,,,,,,,,,,,,,,,,,
18/02/2024 06:00:00,0,117,,,,,,,,,,,,,,,,,,
18/02/2024 05:45:00,,117,,,,,,,,,,,,,,,,,,
18/02/2024 05:30:00,,,,,,,,,,,,,,,,,,,,
18/02/2024 05:15:00,0,117,,,,,,,,,,,,,,,,,,
18/02/2024 05:00:00,0.2,118,,,,,,,,,,,,,,,,,,
18/02/2024 04:45:00,,118,,,,,,,,,,,,,,,,,,
18/02/2024 04:30:00,,,,,,,,,,,,,,,,,,,,
18/02/2024 04:15:00,0,119,,,,,,,,,,,,,,,,,,
18/02/2024 04:00:00,0,119,,,,,,,,,,,,,,,,,,
18/02/2024 03:45:00,,119,,,,,,,,,,,,,,,,,,
18/02/2024 03:30:00,,,,,,,,,,,,,,,,,,,,
18/02/2024 03:15:00,0,119,,,,,,,,,,,,,,,,,,
18/02/2024 03:00:00,0,120,,,,,,,,,,,,,,,,,,
18/02/2024 02:45:00,,120,,,,,,,,,,,,,,,,,,
18/02/2024 02:30:00,,,,,,,,,,,,,,,,,,,,
18/02/2024 02:15:00,0,119,,,,,,,,,,,,,,,,,,
18/02/2024 02:00:00,0,119,,,,,,,,,,,,,,,,,,
18/02/2024 01:45:00,,119,,,,,,,,,,,,,,,,,,
18/02/2024 01:30:00,,,,,,,,,,,,,,,,,,,,
18/02/2024 01:15:00,0,119,,,,,,,,,,,,,,,,,,
18/02/2024 01:00:00,0,120,,,,,,,,,,,,,,,,,,
18/02/2024 00:45:00,,120,,,,,,,,,,,,,,,,,,
18/02/2024 00:30:00,,,,,,,,,,,,,,,,,,,,
18/02/2024 00:15:00,0,120,,,,,,,,,,,,,,,,,,
18/02/2024 00:00:00,0,120,,,,,,,,,,,,,,,,,,
17/02/2024 23:45:00,,120,,,,,,,,,,,,,,,,,,
17/02/2024 23:30:00,,,,,,,,,,,,,,,,,,,,
17/02/2024 23:15:00,0,120,,,,,,,,,,,,,,,,,,
17/02/2024 23:00:00,0,120,,,,,,,,,,,,,,,,,,
17/02/2024 22:45:00,,120,,,,,,,,,,,,,,,,,,
17/02/2024 22:30:00,,,,,,,,,,,,,,,,,,,,
17/02/2024 22:15:00,0,121,,,,,,,,,,,,,,,,,,
17/02/2024 22:00:00,0,121,,,,,,,,,,,,,,,,,,
17/02/2024 21:45:00,,120,,,,,,,,,,,,,,,,,,
17/02/2024 21:30:00,,,,,,,,,,,,,,,,,,,,
17/02/2024 21:15:00,0,120,,,,,,,,,,,,,,,,,,
17/02/2024 21:00:00,0,119,,,,,,,,,,,,,,,,,,
17/02/2024 20:45:00,,119,,,,,,,,,,,,,,,,,,
17/02/2024 20:30:00,,,,,,,,,,,,,,,,,,,,
17/02/2024 20:15:00,0,119,,,,,,,,,,,,,,,,,,
17/02/2024 20:00:00,0,119,,,,,,,,,,,,,,,,,,
17/02/2024 19:45:00,,119,,,,,,,,,,,,,,,,,,
17/02/2024 19:30:00,,,,,,,,,,,,,,,,,,,,
17/02/2024 19:15:00,0,119,,,,,,,,,,,,,,,,,,
17/02/2024 19:00:00,0.2,119,,,,,,,,,,,,,,,,,,
17/02/2024 18:45:00,,118,,,,,,,,,,,,,,,,,,
17/02/2024 18:30:00,,,,,,,,,,,,,,,,,,,,
17/02/2024 18:15:00,0,117,,,,,,,,,,,,,,,,,,
17/02/2024 18:00:00,0,117,,,,,,,,,,,,,,,,,,
17/02/2024 17:45:00,,117,,,,,,,,,,,,,,,,,,
17/02/2024 17:30:00,,,,,,,,,,,,,,,,,,,,
17/02/2024 17:15:00,0,115,,,,,,,,,,,,,,,,,,
17/02/2024 17:00:00,0,115,,,,,,,,,,,,,,,,,,
17/02/2024 16:45:00,,114,,,,,,,,,,,,,,,,,,
17/02/2024 16:30:00,,,,,,,,,,,,,,,,,,,,
17/02/2024 16:15:00,0,114,,,,,,,,,,,,,,,,,,
17/02/2024 16:00:00,0,113,,,,,,,,,,,,,,,,,,
17/02/2024 15:45:00,,113,,,,,,,,,,,,,,,,,,
17/02/2024 15:30:00,,,,,,,,,,,,,,,,,,,,
17/02/2024 15:15:00,0,113,,,,,,,,,,,,,,,,,,
17/02/2024 15:00:00,0,113,,,,,,,,,,,,,,,,,,
17/02/2024 14:45:00,,114,,,,,,,,,,,,,,,,,,
17/02/2024 14:30:00,,,,,,,,,,,,,,,,,,,,
17/02/2024 14:15:00,0,114,,,,,,,,,,,,,,,,,,
17/02/2024 14:00:00,0,114,,,,,,,,,,,,,,,,,,
17/02/2024 13:45:00,,115,,,,,,,,,,,,,,,,,,
17/02/2024 13:30:00,,,,,,,,,,,,,,,,,,,,
17/02/2024 13:15:00,0,115,,,,,,,,,,,,,,,,,,
17/02/2024 13:00:00,0,115,,,,,,,,,,,,,,,,,,
17/02/2024 12:45:00,,115,,,,,,,,,,,,,,,,,,
17/02/2024 12:30:00,,,,,,,,,,,,,,,,,,,,
17/02/2024 12:15:00,0,115,,,,,,,,,,,,,,,,,,
17/02/2024 12:00:00,0,115,,,,,,,,,,,,,,,,,,
17/02/2024 11:45:00,,115,,,,,,,,,,,,,,,,,,
17/02/2024 11:30:00,,,,,,,,,,,,,,,,,,,,
17/02/2024 11:15:00,0,115,,,,,,,,,,,,,,,,,,
17/02/2024 11:00:00,0,115,,,,,,,,,,,,,,,,,,
17/02/2024 10:45:00,,115,,,,,,,,,,,,,,,,,,
17/02/2024 10:30:00,,,,,,,,,,,,,,,,,,,,
17/02/2024 10:15:00,0,115,,,,,,,,,,,,,,,,,,
17/02/2024 10:00:00,0,114,,,,,,,,,,,,,,,,,,
17/02/2024 09:45:00,,114,,,,,,,,,,,,,,,,,,
17/02/2024 09:30:00,,,,,,,,,,,,,,,,,,,,
17/02/2024 09:15:00,0,114,,,,,,,,,,,,,,,,,,
17/02/2024 09:00:00,0,113,,,,,,,,,,,,,,,,,,
17/02/2024 08:45:00,,113,,,,,,,,,,,,,,,,,,
17/02/2024 08:30:00,,,,,,,,,,,,,,,,,,,,
17/02/2024 08:15:00,0,112,,,,,,,,,,,,,,,,,,
17/02/2024 08:00:00,0,112,,,,,,,,,,,,,,,,,,
17/02/2024 07:45:00,,112,,,,,,,,,,,,,,,,,,
17/02/2024 07:30:00,,,,,,,,,,,,,,,,,,,,
17/02/2024 07:15:00,0,111,,,,,,,,,,,,,,,,,,
17/02/2024 07:00:00,0,111,,,,,,,,,,,,,,,,,,
17/02/2024 06:45:00,,111,,,,,,,,,,,,,,,,,,
17/02/2024 06:30:00,,,,,,,,,,,,,,,,,,,,
17/02/2024 06:15:00,0,112,,,,,,,,,,,,,,,,,,
17/02/2024 06:00:00,0.2,112,,,,,,,,,,,,,,,,,,
17/02/2024 05:45:00,,112,,,,,,,,,,,,,,,,,,
17/02/2024 05:30:00,,,,,,,,,,,,,,,,,,,,
17/02/2024 05:15:00,0,112,,,,,,,,,,,,,,,,,,
17/02/2024 05:00:00,0,112,,,,,,,,,,,,,,,,,,
17/02/2024 04:45:00,,112,,,,,,,,,,,,,,,,,,
17/02/2024 04:30:00,,,,,,,,,,,,,,,,,,,,
17/02/2024 04:15:00,0,111,,,,,,,,,,,,,,,,,,
17/02/2024 04:00:00,0,111,,,,,,,,,,,,,,,,,,
17/02/2024 03:45:00,,111,,,,,,,,,,,,,,,,,,
17/02/2024 03:30:00,,,,,,,,,,,,,,,,,,,,
17/02/2024 03:15:00,0,110,,,,,,,,,,,,,,,,,,
17/02/2024 03:00:00,0,110,,,,,,,,,,,,,,,,,,
17/02/2024 02:45:00,,110,,,,,,,,,,,,,,,,,,
17/02/2024 02:30:00,,,,,,,,,,,,,,,,,,,,
17/02/2024 02:15:00,0,110,,,,,,,,,,,,,,,,,,
17/02/2024 02:00:00,0,110,,,,,,,,,,,,,,,,,,
17/02/2024 01:45:00,,110,,,,,,,,,,,,,,,,,,
17/02/2024 01:30:00,,,,,,,,,,,,,,,,,,,,
17/02/2024 01:15:00,0,110,,,,,,,,,,,,,,,,,,
17/02/2024 01:00:00,0,110,,,,,,,,,,,,,,,,,,
17/02/2024 00:45:00,,110,,,,,,,,,,,,,,,,,,
17/02/2024 00:30:00,,,,,,,,,,,,,,,,,,,,
16/02/2024 23:15:00,0,112,,,,,,,,,,,,,,,,,,
16/02/2024 23:00:00,0,112,,,,,,,,,,,,,,,,,,
16/02/2024 22:45:00,,112,,,,,,,,,,,,,,,,,,
16/02/2024 22:30:00,,,,,,,,,,,,,,,,,,,,
16/02/2024 20:15:00,0,113,,,,,,,,,,,,,,,,,,
16/02/2024 20:00:00,0,113,,,,,,,,,,,,,,,,,,
16/02/2024 19:45:00,,113,,,,,,,,,,,,,,,,,,
16/02/2024 19:30:00,,,,,,,,,,,,,,,,,,,,
16/02/2024 19:15:00,0,114,,,,,,,,,,,,,,,,,,
16/02/2024 19:00:00,0,114,,,,,,,,,,,,,,,,,,
16/02/2024 18:45:00,,115,,,,,,,,,,,,,,,,,,
16/02/2024 18:30:00,,,,,,,,,,,,,,,,,,,,
16/02/2024 18:15:00,0,115,,,,,,,,,,,,,,,,,,
16/02/2024 18:00:00,0,115,,,,,,,,,,,,,,,,,,
16/02/2024 17:45:00,,115,,,,,,,,,,,,,,,,,,
16/02/2024 17:30:00,,,,,,,,,,,,,,,,,,,,
16/02/2024 17:15:00,0,115,,,,,,,,,,,,,,,,,,
16/02/2024 17:00:00,0,115,,,,,,,,,,,,,,,,,,
16/02/2024 16:45:00,,115,,,,,,,,,,,,,,,,,,
16/02/2024 16:30:00,,,,,,,,,,,,,,,,,,,,
16/02/2024 16:15:00,0,115,,,,,,,,,,,,,,,,,,
16/02/2024 16:00:00,0,114,,,,,,,,,,,,,,,,,,
16/02/2024 15:45:00,,114,,,,,,,,,,,,,,,,,,
16/02/2024 15:30:00,,,,,,,,,,,,,,,,,,,,
16/02/2024 15:15:00,0,113,,,,,,,,,,,,,,,,,,
16/02/2024 15:00:00,0.2,113,,,,,,,,,,,,,,,,,,
16/02/2024 14:45:00,,113,,,,,,,,,,,,,,,,,,
16/02/2024 14:30:00,,,,,,,,,,,,,,,,,,,,
16/02/2024 14:15:00,0,112,,,,,,,,,,,,,,,,,,
16/02/2024 14:00:00,0.6,111,,,,,,,,,,,,,,,,,,
16/02/2024 13:45:00,,111,,,,,,,,,,,,,,,,,,
16/02/2024 13:30:00,,,,,,,,,,,,,,,,,,,,
16/02/2024 13:15:00,1.8,109,,,,,,,,,,,,,,,,,,
16/02/2024 13:00:00,2.6,108,,,,,,,,,,,,,,,,,,
16/02/2024 12:45:00,,108,,,,,,,,,,,,,,,,,,
16/02/2024 12:30:00,,,,,,,,,,,,,,,,,,,,
16/02/2024 12:15:00,1.4,107,,,,,,,,,,,,,,,,,,
16/02/2024 12:00:00,1.6,107,,,,,,,,,,,,,,,,,,
16/02/2024 11:45:00,,107,,,,,,,,,,,,,,,,,,
16/02/2024 11:30:00,,,,,,,,,,,,,,,,,,,,
16/02/2024 11:15:00,1.6,106,,,,,,,,,,,,,,,,,,
16/02/2024 11:00:00,1.4,106,,,,,,,,,,,,,,,,,,
16/02/2024 10:45:00,,106,,,,,,,,,,,,,,,,,,
16/02/2024 10:30:00,,,,,,,,,,,,,,,,,,,,
16/02/2024 10:15:00,1.8,106,,,,,,,,,,,,,,,,,,
16/02/2024 10:00:00,2.2,107,,,,,,,,,,,,,,,,,,
16/02/2024 09:45:00,,107,,,,,,,,,,,,,,,,,,
16/02/2024 09:30:00,,,,,,,,,,,,,,,,,,,,
16/02/2024 09:15:00,3,107,,,,,,,,,,,,,,,,,,
16/02/2024 09:00:00,0.8,107,,,,,,,,,,,,,,,,,,
16/02/2024 08:45:00,,107,,,,,,,,,,,,,,,,,,
16/02/2024 08:30:00,,,,,,,,,,,,,,,,,,,,
16/02/2024 08:15:00,0,108,,,,,,,,,,,,,,,,,,
16/02/2024 08:00:00,0,108,,,,,,,,,,,,,,,,,,
16/02/2024 07:45:00,,109,,,,,,,,,,,,,,,,,,
16/02/2024 07:30:00,,,,,,,,,,,,,,,,,,,,
16/02/2024 07:15:00,0,110,,,,,,,,,,,,,,,,,,
16/02/2024 07:00:00,0,110,,,,,,,,,,,,,,,,,,
16/02/2024 06:45:00,,111,,,,,,,,,,,,,,,,,,
16/02/2024 06:30:00,,,,,,,,,,,,,,,,,,,,
16/02/2024 06:15:00,0,112,,,,,,,,,,,,,,,,,,
16/02/2024 06:00:00,0,112,,,,,,,,,,,,,,,,,,
16/02/2024 05:45:00,,112,,,,,,,,,,,,,,,,,,
16/02/2024 05:30:00,,,,,,,,,,,,,,,,,,,,
16/02/2024 05:15:00,2.4,113,,,,,,,,,,,,,,,,,,
16/02/2024 05:00:00,0.8,113,,,,,,,,,,,,,,,,,,
16/02/2024 04:45:00,,114,,,,,,,,,,,,,,,,,,
16/02/2024 04:30:00,,,,,,,,,,,,,,,,,,,,
16/02/2024 04:15:00,0,115,,,,,,,,,,,,,,,,,,
16/02/2024 04:00:00,0,115,,,,,,,,,,,,,,,,,,
16/02/2024 03:45:00,,116,,,,,,,,,,,,,,,,,,
16/02/2024 03:30:00,,,,,,,,,,,,,,,,,,,,
16/02/2024 03:15:00,0,117,,,,,,,,,,,,,,,,,,
16/02/2024 03:00:00,0,117,,,,,,,,,,,,,,,,,,
16/02/2024 02:45:00,,118,,,,,,,,,,,,,,,,,,
16/02/2024 02:30:00,,,,,,,,,,,,,,,,,,,,
16/02/2024 02:15:00,0,118,,,,,,,,,,,,,,,,,,
16/02/2024 02:00:00,0,118,,,,,,,,,,,,,,,,,,
16/02/2024 01:45:00,,118,,,,,,,,,,,,,,,,,,
16/02/2024 01:30:00,,,,,,,,,,,,,,,,,,,,
16/02/2024 01:15:00,0,119,,,,,,,,,,,,,,,,,,
16/02/2024 01:00:00,0,119,,,,,,,,,,,,,,,,,,
16/02/2024 00:45:00,,119,,,,,,,,,,,,,,,,,,
16/02/2024 00:30:00,,,,,,,,,,,,,,,,,,,,
16/02/2024 00:15:00,0,120,,,,,,,,,,,,,,,,,,
16/02/2024 00:00:00,0,120,,,,,,,,,,,,,,,,,,
15/02/2024 23:45:00,,120,,,,,,,,,,,,,,,,,,
15/02/2024 23:30:00,,,,,,,,,,,,,,,,,,,,
15/02/2024 23:15:00,0,121,,,,,,,,,,,,,,,,,,
15/02/2024 23:00:00,0,121,,,,,,,,,,,,,,,,,,
15/02/2024 22:45:00,,120,,,,,,,,,,,,,,,,,,
15/02/2024 22:30:00,,,,,,,,,,,,,,,,,,,,
15/02/2024 22:15:00,0,120,,,,,,,,,,,,,,,,,,
15/02/2024 22:00:00,0,120,,,,,,,,,,,,,,,,,,
15/02/2024 21:45:00,,120,,,,,,,,,,,,,,,,,,
15/02/2024 21:30:00,,,,,,,,,,,,,,,,,,,,
15/02/2024 21:15:00,0,120,,,,,,,,,,,,,,,,,,
15/02/2024 21:00:00,0,120,,,,,,,,,,,,,,,,,,
15/02/2024 20:45:00,,120,,,,,,,,,,,,,,,,,,
15/02/2024 20:30:00,,,,,,,,,,,,,,,,,,,,
15/02/2024 20:15:00,0,121,,,,,,,,,,,,,,,,,,
15/02/2024 20:00:00,0,121,,,,,,,,,,,,,,,,,,
15/02/2024 19:45:00,,121,,,,,,,,,,,,,,,,,,
15/02/2024 19:30:00,,,,,,,,,,,,,,,,,,,,
15/02/2024 19:15:00,0,122,,,,,,,,,,,,,,,,,,
15/02/2024 19:00:00,0,122,,,,,,,,,,,,,,,,,,
15/02/2024 18:45:00,,121,,,,,,,,,,,,,,,,,,
15/02/2024 18:30:00,,,,,,,,,,,,,,,,,,,,
15/02/2024 18:15:00,0,122,,,,,,,,,,,,,,,,,,
15/02/2024 18:00:00,0,122,,,,,,,,,,,,,,,,,,
15/02/2024 17:45:00,,122,,,,,,,,,,,,,,,,,,
15/02/2024 17:30:00,,,,,,,,,,,,,,,,,,,,
15/02/2024 17:15:00,0,122,,,,,,,,,,,,,,,,,,
15/02/2024 17:00:00,0,122,,,,,,,,,,,,,,,,,,
15/02/2024 16:45:00,,122,,,,,,,,,,,,,,,,,,
15/02/2024 16:30:00,,,,,,,,,,,,,,,,,,,,
15/02/2024 16:15:00,0,122,,,,,,,,,,,,,,,,,,
15/02/2024 16:00:00,0,122,,,,,,,,,,,,,,,,,,
15/02/2024 15:45:00,,122,,,,,,,,,,,,,,,,,,
15/02/2024 15:30:00,,,,,,,,,,,,,,,,,,,,
15/02/2024 15:15:00,0,121,,,,,,,,,,,,,,,,,,
15/02/2024 15:00:00,0,121,,,,,,,,,,,,,,,,,,
15/02/2024 14:45:00,,120,,,,,,,,,,,,,,,,,,
15/02/2024 14:30:00,,,,,,,,,,,,,,,,,,,,
15/02/2024 14:15:00,0,120,,,,,,,,,,,,,,,,,,
15/02/2024 14:00:00,0,120,,,,,,,,,,,,,,,,,,
15/02/2024 13:45:00,,120,,,,,,,,,,,,,,,,,,
15/02/2024 13:30:00,,,,,,,,,,,,,,,,,,,,
15/02/2024 13:15:00,0,120,,,,,,,,,,,,,,,,,,
15/02/2024 13:00:00,0,120,,,,,,,,,,,,,,,,,,
15/02/2024 12:45:00,,120,,,,,,,,,,,,,,,,,,
15/02/2024 12:30:00,,,,,,,,,,,,,,,,,,,,
15/02/2024 12:15:00,0,120,,,,,,,,,,,,,,,,,,
15/02/2024 12:00:00,0,120,,,,,,,,,,,,,,,,,,
15/02/2024 11:45:00,,120,,,,,,,,,,,,,,,,,,
15/02/2024 11:30:00,,,,,,,,,,,,,,,,,,,,
15/02/2024 11:15:00,0,120,,,,,,,,,,,,,,,,,,
15/02/2024 11:00:00,0,120,,,,,,,,,,,,,,,,,,
15/02/2024 10:45:00,,120,,,,,,,,,,,,,,,,,,
15/02/2024 10:30:00,,,,,,,,,,,,,,,,,,,,
15/02/2024 10:15:00,0,121,,,,,,,,,,,,,,,,,,
15/02/2024 10:00:00,0,121,,,,,,,,,,,,,,,,,,
15/02/2024 09:45:00,,121,,,,,,,,,,,,,,,,,,
15/02/2024 09:30:00,,,,,,,,,,,,,,,,,,,,
15/02/2024 09:15:00,0,122,,,,,,,,,,,,,,,,,,
15/02/2024 09:00:00,0,122,,,,,,,,,,,,,,,,,,
15/02/2024 08:45:00,,122,,,,,,,,,,,,,,,,,,
15/02/2024 08:30:00,,,,,,,,,,,,,,,,,,,,
15/02/2024 08:15:00,0,122,,,,,,,,,,,,,,,,,,
15/02/2024 08:00:00,0,123,,,,,,,,,,,,,,,,,,
15/02/2024 07:45:00,,123,,,,,,,,,,,,,,,,,,
15/02/2024 07:30:00,,,,,,,,,,,,,,,,,,,,
15/02/2024 07:15:00,0,123,,,,,,,,,,,,,,,,,,
15/02/2024 07:00:00,0,123,,,,,,,,,,,,,,,,,,
15/02/2024 06:45:00,,124,,,,,,,,,,,,,,,,,,
15/02/2024 06:30:00,,,,,,,,,,,,,,,,,,,,
15/02/2024 06:15:00,0,124,,,,,,,,,,,,,,,,,,
15/02/2024 06:00:00,0,124,,,,,,,,,,,,,,,,,,
15/02/2024 05:45:00,,125,,,,,,,,,,,,,,,,,,
15/02/2024 05:30:00,,,,,,,,,,,,,,,,,,,,
15/02/2024 05:15:00,0,125,,,,,,,,,,,,,,,,,,
15/02/2024 05:00:00,0,125,,,,,,,,,,,,,,,,,,
15/02/2024 04:45:00,,125,,,,,,,,,,,,,,,,,,
15/02/2024 04:30:00,,,,,,,,,,,,,,,,,,,,
15/02/2024 04:15:00,0,125,,,,,,,,,,,,,,,,,,
15/02/2024 04:00:00,0,125,,,,,,,,,,,,,,,,,,
15/02/2024 03:45:00,,126,,,,,,,,,,,,,,,,,,
15/02/2024 03:30:00,,,,,,,,,,,,,,,,,,,,
15/02/2024 03:15:00,0,127,,,,,,,,,,,,,,,,,,
15/02/2024 03:00:00,0,127,,,,,,,,,,,,,,,,,,
15/02/2024 02:45:00,,128,,,,,,,,,,,,,,,,,,
15/02/2024 02:30:00,,,,,,,,,,,,,,,,,,,,
15/02/2024 02:15:00,0,128,,,,,,,,,,,,,,,,,,
15/02/2024 02:00:00,0,129,,,,,,,,,,,,,,,,,,
15/02/2024 01:45:00,,129,,,,,,,,,,,,,,,,,,
15/02/2024 01:30:00,,,,,,,,,,,,,,,,,,,,
15/02/2024 01:15:00,0,129,,,,,,,,,,,,,,,,,,
15/02/2024 01:00:00,0,130,,,,,,,,,,,,,,,,,,
15/02/2024 00:45:00,,130,,,,,,,,,,,,,,,,,,
15/02/2024 00:30:00,,,,,,,,,,,,,,,,,,,,
15/02/2024 00:15:00,0,131,,,,,,,,,,,,,,,,,,
15/02/2024 00:00:00,0,132,,,,,,,,,,,,,,,,,,
14/02/2024 23:45:00,,132,,,,,,,,,,,,,,,,,,
14/02/2024 23:30:00,,,,,,,,,,,,,,,,,,,,
14/02/2024 23:15:00,0,133,,,,,,,,,,,,,,,,,,
14/02/2024 23:00:00,0,133,,,,,,,,,,,,,,,,,,
14/02/2024 22:45:00,,133,,,,,,,,,,,,,,,,,,
14/02/2024 22:30:00,,,,,,,,,,,,,,,,,,,,
14/02/2024 22:15:00,0,134,,,,,,,,,,,,,,,,,,
14/02/2024 22:00:00,0,134,,,,,,,,,,,,,,,,,,
14/02/2024 21:45:00,,135,,,,,,,,,,,,,,,,,,
14/02/2024 21:30:00,,,,,,,,,,,,,,,,,,,,
14/02/2024 21:15:00,0,135,,,,,,,,,,,,,,,,,,
14/02/2024 21:00:00,0,135,,,,,,,,,,,,,,,,,,
14/02/2024 20:45:00,,135,,,,,,,,,,,,,,,,,,
14/02/2024 20:30:00,,,,,,,,,,,,,,,,,,,,
14/02/2024 20:15:00,0,134,,,,,,,,,,,,,,,,,,
14/02/2024 20:00:00,0,134,,,,,,,,,,,,,,,,,,
14/02/2024 19:45:00,,134,,,,,,,,,,,,,,,,,,
14/02/2024 19:30:00,,,,,,,,,,,,,,,,,,,,
14/02/2024 19:15:00,0,133,,,,,,,,,,,,,,,,,,
14/02/2024 19:00:00,0,132,,,,,,,,,,,,,,,,,,
14/02/2024 18:45:00,,131,,,,,,,,,,,,,,,,,,
14/02/2024 18:30:00,,,,,,,,,,,,,,,,,,,,
14/02/2024 18:15:00,0,130,,,,,,,,,,,,,,,,,,
14/02/2024 18:00:00,0,129,,,,,,,,,,,,,,,,,,
14/02/2024 17:45:00,,128,,,,,,,,,,,,,,,,,,
14/02/2024 17:30:00,,,,,,,,,,,,,,,,,,,,
14/02/2024 17:15:00,0,127,,,,,,,,,,,,,,,,,,
14/02/2024 17:00:00,0,126,,,,,,,,,,,,,,,,,,
14/02/2024 16:45:00,,125,,,,,,,,,,,,,,,,,,
14/02/2024 16:30:00,,,,,,,,,,,,,,,,,,,,
14/02/2024 16:15:00,0,124,,,,,,,,,,,,,,,,,,
14/02/2024 16:00:00,0,123,,,,,,,,,,,,,,,,,,
14/02/2024 15:45:00,,123,,,,,,,,,,,,,,,,,,
14/02/2024 15:30:00,,,,,,,,,,,,,,,,,,,,
14/02/2024 15:15:00,0,122,,,,,,,,,,,,,,,,,,
14/02/2024 15:00:00,0,122,,,,,,,,,,,,,,,,,,
14/02/2024 14:45:00,,122,,,,,,,,,,,,,,,,,,
14/02/2024 14:30:00,,,,,,,,,,,,,,,,,,,,
14/02/2024 14:15:00,0,122,,,,,,,,,,,,,,,,,,
14/02/2024 14:00:00,0,122,,,,,,,,,,,,,,,,,,
14/02/2024 13:45:00,,122,,,,,,,,,,,,,,,,,,
14/02/2024 13:30:00,,,,,,,,,,,,,,,,,,,,
14/02/2024 13:15:00,0,123,,,,,,,,,,,,,,,,,,
14/02/2024 13:00:00,0,123,,,,,,,,,,,,,,,,,,
14/02/2024 12:45:00,,123,,,,,,,,,,,,,,,,,,
14/02/2024 12:30:00,,,,,,,,,,,,,,,,,,,,
14/02/2024 12:15:00,0,124,,,,,,,,,,,,,,,,,,
14/02/2024 12:00:00,0,124,,,,,,,,,,,,,,,,,,
14/02/2024 11:45:00,,125,,,,,,,,,,,,,,,,,,
14/02/2024 11:30:00,,,,,,,,,,,,,,,,,,,,
14/02/2024 11:15:00,0,125,,,,,,,,,,,,,,,,,,
14/02/2024 11:00:00,0,125,,,,,,,,,,,,,,,,,,
14/02/2024 10:45:00,,126,,,,,,,,,,,,,,,,,,
14/02/2024 10:30:00,,,,,,,,,,,,,,,,,,,,
14/02/2024 10:15:00,0,127,,,,,,,,,,,,,,,,,,
14/02/2024 10:00:00,0,127,,,,,,,,,,,,,,,,,,
14/02/2024 09:45:00,,128,,,,,,,,,,,,,,,,,,
14/02/2024 09:30:00,,,,,,,,,,,,,,,,,,,,
14/02/2024 09:15:00,0,129,,,,,,,,,,,,,,,,,,
14/02/2024 09:00:00,0,130,,,,,,,,,,,,,,,,,,
14/02/2024 08:45:00,,131,,,,,,,,,,,,,,,,,,
14/02/2024 08:30:00,,,,,,,,,,,,,,,,,,,,
14/02/2024 08:15:00,0,132,,,,,,,,,,,,,,,,,,
14/02/2024 08:00:00,0,132,,,,,,,,,,,,,,,,,,
14/02/2024 07:45:00,,133,,,,,,,,,,,,,,,,,,
14/02/2024 07:30:00,,,,,,,,,,,,,,,,,,,,
14/02/2024 07:15:00,0,134,,,,,,,,,,,,,,,,,,
14/02/2024 07:00:00,0,135,,,,,,,,,,,,,,,,,,
14/02/2024 06:45:00,,136,,,,,,,,,,,,,,,,,,
14/02/2024 06:30:00,,,,,,,,,,,,,,,,,,,,
14/02/2024 06:15:00,0,137,,,,,,,,,,,,,,,,,,
14/02/2024 06:00:00,0,138,,,,,,,,,,,,,,,,,,
14/02/2024 05:45:00,,139,,,,,,,,,,,,,,,,,,
14/02/2024 05:30:00,,,,,,,,,,,,,,,,,,,,
14/02/2024 05:15:00,0,142,,,,,,,,,,,,,,,,,,
14/02/2024 05:00:00,0,143,,,,,,,,,,,,,,,,,,
14/02/2024 04:45:00,,144,,,,,,,,,,,,,,,,,,
14/02/2024 04:30:00,,,,,,,,,,,,,,,,,,,,
14/02/2024 04:15:00,0,145,,,,,,,,,,,,,,,,,,
14/02/2024 04:00:00,0,146,,,,,,,,,,,,,,,,,,
14/02/2024 03:45:00,,147,,,,,,,,,,,,,,,,,,
14/02/2024 03:30:00,,,,,,,,,,,,,,,,,,,,
14/02/2024 03:15:00,0,149,,,,,,,,,,,,,,,,,,
14/02/2024 03:00:00,0,150,,,,,,,,,,,,,,,,,,
14/02/2024 02:45:00,,151,,,,,,,,,,,,,,,,,,
14/02/2024 02:30:00,,,,,,,,,,,,,,,,,,,,
14/02/2024 02:15:00,0,152,,,,,,,,,,,,,,,,,,
14/02/2024 02:00:00,0,153,,,,,,,,,,,,,,,,,,
14/02/2024 01:45:00,,154,,,,,,,,,,,,,,,,,,
14/02/2024 01:30:00,,,,,,,,,,,,,,,,,,,,
14/02/2024 01:15:00,0,157,,,,,,,,,,,,,,,,,,
14/02/2024 01:00:00,0,158,,,,,,,,,,,,,,,,,,
14/02/2024 00:45:00,,159,,,,,,,,,,,,,,,,,,
14/02/2024 00:30:00,,,,,,,,,,,,,,,,,,,,
14/02/2024 00:15:00,0,161,,,,,,,,,,,,,,,,,,
14/02/2024 00:00:00,0,161,,,,,,,,,,,,,,,,,,
13/02/2024 23:45:00,,162,,,,,,,,,,,,,,,,,,
13/02/2024 23:30:00,,,,,,,,,,,,,,,,,,,,
13/02/2024 23:15:00,0,163,,,,,,,,,,,,,,,,,,
13/02/2024 23:00:00,0,164,,,,,,,,,,,,,,,,,,
13/02/2024 22:45:00,,165,,,,,,,,,,,,,,,,,,
13/02/2024 22:30:00,,,,,,,,,,,,,,,,,,,,
13/02/2024 22:15:00,0,165,,,,,,,,,,,,,,,,,,
13/02/2024 22:00:00,0,165,,,,,,,,,,,,,,,,,,
13/02/2024 21:45:00,,165,,,,,,,,,,,,,,,,,,
13/02/2024 21:30:00,,,,,,,,,,,,,,,,,,,,
13/02/2024 21:15:00,0,164,,,,,,,,,,,,,,,,,,
13/02/2024 21:00:00,0.2,164,,,,,,,,,,,,,,,,,,
13/02/2024 20:45:00,,163,,,,,,,,,,,,,,,,,,
13/02/2024 20:30:00,,,,,,,,,,,,,,,,,,,,
13/02/2024 20:15:00,0,161,,,,,,,,,,,,,,,,,,
13/02/2024 20:00:00,0,160,,,,,,,,,,,,,,,,,,
13/02/2024 19:45:00,,159,,,,,,,,,,,,,,,,,,
13/02/2024 19:30:00,,,,,,,,,,,,,,,,,,,,
13/02/2024 19:15:00,0,155,,,,,,,,,,,,,,,,,,
13/02/2024 19:00:00,0,152,,,,,,,,,,,,,,,,,,
13/02/2024 18:45:00,,150,,,,,,,,,,,,,,,,,,
13/02/2024 18:30:00,,,,,,,,,,,,,,,,,,,,
13/02/2024 18:15:00,0.4,145,,,,,,,,,,,,,,,,,,
13/02/2024 18:00:00,0.6,143,,,,,,,,,,,,,,,,,,
13/02/2024 17:45:00,,140,,,,,,,,,,,,,,,,,,
13/02/2024 17:30:00,,,,,,,,,,,,,,,,,,,,
13/02/2024 17:15:00,0.2,135,,,,,,,,,,,,,,,,,,
13/02/2024 17:00:00,0,134,,,,,,,,,,,,,,,,,,
13/02/2024 16:45:00,,132,,,,,,,,,,,,,,,,,,
13/02/2024 16:30:00,,,,,,,,,,,,,,,,,,,,
13/02/2024 16:15:00,0.4,128,,,,,,,,,,,,,,,,,,
13/02/2024 16:00:00,0.4,127,,,,,,,,,,,,,,,,,,
13/02/2024 15:45:00,,125,,,,,,,,,,,,,,,,,,
13/02/2024 15:30:00,,,,,,,,,,,,,,,,,,,,
13/02/2024 15:15:00,4.6,122,,,,,,,,,,,,,,,,,,
13/02/2024 15:00:00,2.2,120,,,,,,,,,,,,,,,,,,
13/02/2024 14:45:00,,119,,,,,,,,,,,,,,,,,,
13/02/2024 14:30:00,,,,,,,,,,,,,,,,,,,,
13/02/2024 14:15:00,0.2,118,,,,,,,,,,,,,,,,,,
13/02/2024 14:00:00,0,118,,,,,,,,,,,,,,,,,,
13/02/2024 13:45:00,,117,,,,,,,,,,,,,,,,,,
13/02/2024 13:30:00,,,,,,,,,,,,,,,,,,,,
13/02/2024 13:15:00,1.6,116,,,,,,,,,,,,,,,,,,
13/02/2024 13:00:00,0.2,116,,,,,,,,,,,,,,,,,,
13/02/2024 12:45:00,,116,,,,,,,,,,,,,,,,,,
13/02/2024 12:30:00,,,,,,,,,,,,,,,,,,,,
13/02/2024 12:15:00,0.4,116,,,,,,,,,,,,,,,,,,
13/02/2024 12:00:00,1,117,,,,,,,,,,,,,,,,,,
13/02/2024 11:45:00,,117,,,,,,,,,,,,,,,,,,
13/02/2024 11:30:00,,,,,,,,,,,,,,,,,,,,
13/02/2024 11:15:00,0.2,117,,,,,,,,,,,,,,,,,,
13/02/2024 11:00:00,0.6,117,,,,,,,,,,,,,,,,,,
13/02/2024 10:45:00,,117,,,,,,,,,,,,,,,,,,
13/02/2024 10:30:00,,,,,,,,,,,,,,,,,,,,
13/02/2024 10:15:00,0,115,,,,,,,,,,,,,,,,,,
13/02/2024 10:00:00,0,113,,,,,,,,,,,,,,,,,,
13/02/2024 09:45:00,,112,,,,,,,,,,,,,,,,,,
13/02/2024 09:30:00,,,,,,,,,,,,,,,,,,,,
13/02/2024 09:15:00,0.6,111,,,,,,,,,,,,,,,,,,
13/02/2024 09:00:00,0,111,,,,,,,,,,,,,,,,,,
13/02/2024 08:45:00,,110,,,,,,,,,,,,,,,,,,
13/02/2024 08:30:00,,,,,,,,,,,,,,,,,,,,
13/02/2024 08:15:00,0,111,,,,,,,,,,,,,,,,,,
13/02/2024 08:00:00,0.2,111,,,,,,,,,,,,,,,,,,
13/02/2024 07:45:00,,111,,,,,,,,,,,,,,,,,,
13/02/2024 07:30:00,,,,,,,,,,,,,,,,,,,,
13/02/2024 07:15:00,0,108,,,,,,,,,,,,,,,,,,
13/02/2024 07:00:00,0,106,,,,,,,,,,,,,,,,,,
13/02/2024 06:45:00,,103,,,,,,,,,,,,,,,,,,
13/02/2024 06:30:00,,,,,,,,,,,,,,,,,,,,
13/02/2024 06:15:00,0,101,,,,,,,,,,,,,,,,,,
13/02/2024 06:00:00,0,101,,,,,,,,,,,,,,,,,,
13/02/2024 05:45:00,,101,,,,,,,,,,,,,,,,,,
13/02/2024 05:30:00,,,,,,,,,,,,,,,,,,,,
13/02/2024 05:15:00,0.2,102,,,,,,,,,,,,,,,,,,
13/02/2024 05:00:00,0,102,,,,,,,,,,,,,,,,,,
13/02/2024 04:45:00,,102,,,,,,,,,,,,,,,,,,
13/02/2024 04:30:00,,,,,,,,,,,,,,,,,,,,
13/02/2024 04:15:00,0,99,,,,,,,,,,,,,,,,,,
13/02/2024 04:00:00,0,98,,,,,,,,,,,,,,,,,,
13/02/2024 03:45:00,,97,,,,,,,,,,,,,,,,,,
13/02/2024 03:30:00,,,,,,,,,,,,,,,,,,,,
13/02/2024 03:15:00,0,96,,,,,,,,,,,,,,,,,,
13/02/2024 03:00:00,0,95,,,,,,,,,,,,,,,,,,
13/02/2024 02:45:00,,95,,,,,,,,,,,,,,,,,,
13/02/2024 02:30:00,,,,,,,,,,,,,,,,,,,,
13/02/2024 02:15:00,0,96,,,,,,,,,,,,,,,,,,
13/02/2024 02:00:00,0,96,,,,,,,,,,,,,,,,,,
13/02/2024 01:45:00,,97,,,,,,,,,,,,,,,,,,
13/02/2024 01:30:00,,,,,,,,,,,,,,,,,,,,
13/02/2024 01:15:00,0,99,,,,,,,,,,,,,,,,,,
13/02/2024 01:00:00,0,98,,,,,,,,,,,,,,,,,,
13/02/2024 00:45:00,,98,,,,,,,,,,,,,,,,,,
13/02/2024 00:30:00,,,,,,,,,,,,,,,,,,,,
13/02/2024 00:15:00,0,97,,,,,,,,,,,,,,,,,,
13/02/2024 00:00:00,0,97,,,,,,,,,,,,,,,,,,
12/2/2024 23:45,,97,,,,,,,,,,,,,,,,,,
12/2/2024 23:30,,,,,,,,,,,,,,,,,,,,
12/2/2024 23:15,0,98,,,,,,,,,,,,,,,,,,
12/2/2024 23:00,0,98,,,,,,,,,,,,,,,,,,
12/2/2024 22:45,,98,,,,,,,,,,,,,,,,,,
12/2/2024 22:30,,,,,,,,,,,,,,,,,,,,
12/2/2024 22:15,0,98,,,,,,,,,,,,,,,,,,
12/2/2024 22:00,0,97,,,,,,,,,,,,,,,,,,
12/2/2024 21:45,,97,,,,,,,,,,,,,,,,,,
12/2/2024 21:30,,,,,,,,,,,,,,,,,,,,
12/2/2024 21:15,0.2,97,,,,,,,,,,,,,,,,,,
12/2/2024 21:00,0.2,97,,,,,,,,,,,,,,,,,,
12/2/2024 20:45,,97,,,,,,,,,,,,,,,,,,
12/2/2024 20:30,,,,,,,,,,,,,,,,,,,,
12/2/2024 20:15,0,97,,,,,,,,,,,,,,,,,,
12/2/2024 20:00,0,97,,,,,,,,,,,,,,,,,,
12/2/2024 19:45,,97,,,,,,,,,,,,,,,,,,
12/2/2024 19:30,,,,,,,,,,,,,,,,,,,,
12/2/2024 19:15,0,96,,,,,,,,,,,,,,,,,,
12/2/2024 19:00,0,96,,,,,,,,,,,,,,,,,,
12/2/2024 18:45,,96,,,,,,,,,,,,,,,,,,
12/2/2024 18:30,,,,,,,,,,,,,,,,,,,,
12/2/2024 18:15,1.2,96,,,,,,,,,,,,,,,,,,
12/2/2024 18:00,0,95,,,,,,,,,,,,,,,,,,
12/2/2024 17:45,,96,,,,,,,,,,,,,,,,,,
12/2/2024 17:30,,,,,,,,,,,,,,,,,,,,
12/2/2024 17:15,0,96,,,,,,,,,,,,,,,,,,
12/2/2024 17:00,0,95,,,,,,,,,,,,,,,,,,
12/2/2024 16:45,,95,,,,,,,,,,,,,,,,,,
12/2/2024 16:30,,,,,,,,,,,,,,,,,,,,
12/2/2024 16:15,0,95,,,,,,,,,,,,,,,,,,
12/2/2024 16:00,0,95,,,,,,,,,,,,,,,,,,
12/2/2024 15:45,,95,,,,,,,,,,,,,,,,,,
12/2/2024 15:30,,,,,,,,,,,,,,,,,,,,
12/2/2024 15:15,0,95,,,,,,,,,,,,,,,,,,
12/2/2024 15:00,0,95,,,,,,,,,,,,,,,,,,
12/2/2024 14:45,,96,,,,,,,,,,,,,,,,,,
12/2/2024 14:30,,,,,,,,,,,,,,,,,,,,
12/2/2024 14:15,0,96,,,,,,,,,,,,,,,,,,
12/2/2024 14:00,0,96,,,,,,,,,,,,,,,,,,
12/2/2024 13:45,,96,,,,,,,,,,,,,,,,,,
12/2/2024 13:30,,,,,,,,,,,,,,,,,,,,
12/2/2024 13:15,0,96,,,,,,,,,,,,,,,,,,
12/2/2024 13:00,0,97,,,,,,,,,,,,,,,,,,
12/2/2024 12:45,,97,,,,,,,,,,,,,,,,,,
12/2/2024 12:30,,,,,,,,,,,,,,,,,,,,
12/2/2024 12:15,0,97,,,,,,,,,,,,,,,,,,
12/2/2024 12:00,0,97,,,,,,,,,,,,,,,,,,
12/2/2024 11:45,,97,,,,,,,,,,,,,,,,,,
12/2/2024 11:30,,,,,,,,,,,,,,,,,,,,
12/2/2024 11:15,0,97,,,,,,,,,,,,,,,,,,
12/2/2024 11:00,0,97,,,,,,,,,,,,,,,,,,
12/2/2024 10:45,,97,,,,,,,,,,,,,,,,,,
12/2/2024 10:30,,,,,,,,,,,,,,,,,,,,
12/2/2024 10:15,0,97,,,,,,,,,,,,,,,,,,
12/2/2024 10:00,0,97,,,,,,,,,,,,,,,,,,
12/2/2024 9:45,,97,,,,,,,,,,,,,,,,,,
12/2/2024 9:30,,,,,,,,,,,,,,,,,,,,
12/2/2024 9:15,0,97,,,,,,,,,,,,,,,,,,
12/2/2024 9:00,0,97,,,,,,,,,,,,,,,,,,
12/2/2024 8:45,,97,,,,,,,,,,,,,,,,,,
12/2/2024 8:30,,,,,,,,,,,,,,,,,,,,
12/2/2024 8:15,0,97,,,,,,,,,,,,,,,,,,
12/2/2024 8:00,0,97,,,,,,,,,,,,,,,,,,
12/2/2024 7:45,,97,,,,,,,,,,,,,,,,,,
12/2/2024 7:30,,,,,,,,,,,,,,,,,,,,
12/2/2024 7:15,0,98,,,,,,,,,,,,,,,,,,
12/2/2024 7:00,0,98,,,,,,,,,,,,,,,,,,
12/2/2024 6:45,,98,,,,,,,,,,,,,,,,,,
12/2/2024 6:30,,,,,,,,,,,,,,,,,,,,
12/2/2024 6:15,0,98,,,,,,,,,,,,,,,,,,
12/2/2024 6:00,0,98,,,,,,,,,,,,,,,,,,
12/2/2024 5:45,,98,,,,,,,,,,,,,,,,,,
12/2/2024 5:30,,,,,,,,,,,,,,,,,,,,
12/2/2024 5:15,0,99,,,,,,,,,,,,,,,,,,
12/2/2024 5:00,0,99,,,,,,,,,,,,,,,,,,
12/2/2024 4:45,,100,,,,,,,,,,,,,,,,,,
12/2/2024 4:30,,,,,,,,,,,,,,,,,,,,
12/2/2024 4:15,0,101,,,,,,,,,,,,,,,,,,
12/2/2024 4:00,0,101,,,,,,,,,,,,,,,,,,
12/2/2024 3:45,,102,,,,,,,,,,,,,,,,,,
12/2/2024 3:30,,,,,,,,,,,,,,,,,,,,
12/2/2024 3:15,0,103,,,,,,,,,,,,,,,,,,
12/2/2024 3:00,0,104,,,,,,,,,,,,,,,,,,
12/2/2024 2:45,,104,,,,,,,,,,,,,,,,,,
12/2/2024 2:30,,,,,,,,,,,,,,,,,,,,
12/2/2024 2:15,0,106,,,,,,,,,,,,,,,,,,
12/2/2024 2:00,0,107,,,,,,,,,,,,,,,,,,
12/2/2024 1:45,,107,,,,,,,,,,,,,,,,,,
12/2/2024 1:30,,,,,,,,,,,,,,,,,,,,
12/2/2024 1:15,0,108,,,,,,,,,,,,,,,,,,
12/2/2024 1:00,0,109,,,,,,,,,,,,,,,,,,
12/2/2024 0:45,,109,,,,,,,,,,,,,,,,,,
12/2/2024 0:30,,,,,,,,,,,,,,,,,,,,
12/2/2024 0:15,0,110,,,,,,,,,,,,,,,,,,
12/2/2024 0:00,0,110,,,,,,,,,,,,,,,,,,
11/2/2024 23:45,,110,,,,,,,,,,,,,,,,,,
11/2/2024 23:30,,,,,,,,,,,,,,,,,,,,
11/2/2024 23:15,0,110,,,,,,,,,,,,,,,,,,
11/2/2024 23:00,0,110,,,,,,,,,,,,,,,,,,
11/2/2024 22:45,,109,,,,,,,,,,,,,,,,,,
11/2/2024 22:30,,,,,,,,,,,,,,,,,,,,
11/2/2024 22:15,0,108,,,,,,,,,,,,,,,,,,
11/2/2024 22:00,0,107,,,,,,,,,,,,,,,,,,
11/2/2024 21:45,,106,,,,,,,,,,,,,,,,,,
11/2/2024 21:30,,,,,,,,,,,,,,,,,,,,
11/2/2024 20:15,0,101,,,,,,,,,,,,,,,,,,
11/2/2024 20:00,0,101,,,,,,,,,,,,,,,,,,
11/2/2024 19:45,,100,,,,,,,,,,,,,,,,,,
11/2/2024 19:30,,,,,,,,,,,,,,,,,,,,
11/2/2024 19:15,0,99,,,,,,,,,,,,,,,,,,
11/2/2024 19:00,0,98,,,,,,,,,,,,,,,,,,
11/2/2024 18:45,,98,,,,,,,,,,,,,,,,,,
11/2/2024 18:30,,,,,,,,,,,,,,,,,,,,
11/2/2024 18:15,0,97,,,,,,,,,,,,,,,,,,
11/2/2024 18:00,0,96,,,,,,,,,,,,,,,,,,
11/2/2024 17:45,,96,,,,,,,,,,,,,,,,,,
11/2/2024 17:30,,,,,,,,,,,,,,,,,,,,
11/2/2024 17:15,0,95,,,,,,,,,,,,,,,,,,
11/2/2024 17:00,0,94,,,,,,,,,,,,,,,,,,
11/2/2024 16:45,,93,,,,,,,,,,,,,,,,,,
11/2/2024 16:30,,,,,,,,,,,,,,,,,,,,
11/2/2024 16:15,0,92,,,,,,,,,,,,,,,,,,
11/2/2024 16:00,0,92,,,,,,,,,,,,,,,,,,
11/2/2024 15:45,,92,,,,,,,,,,,,,,,,,,
11/2/2024 15:30,,,,,,,,,,,,,,,,,,,,
11/2/2024 15:15,0,91,,,,,,,,,,,,,,,,,,
11/2/2024 15:00,0,91,,,,,,,,,,,,,,,,,,
11/2/2024 14:45,,91,,,,,,,,,,,,,,,,,,
11/2/2024 14:30,,,,,,,,,,,,,,,,,,,,
11/2/2024 14:15,0,90,,,,,,,,,,,,,,,,,,
11/2/2024 14:00,0,90,,,,,,,,,,,,,,,,,,
11/2/2024 13:45,,90,,,,,,,,,,,,,,,,,,
11/2/2024 13:30,,,,,,,,,,,,,,,,,,,,
11/2/2024 13:15,0,89,,,,,,,,,,,,,,,,,,
11/2/2024 13:00,0,89,,,,,,,,,,,,,,,,,,
11/2/2024 12:45,,89,,,,,,,,,,,,,,,,,,
11/2/2024 12:30,,,,,,,,,,,,,,,,,,,,
11/2/2024 12:15,0,88,,,,,,,,,,,,,,,,,,
11/2/2024 12:00,0,88,,,,,,,,,,,,,,,,,,
11/2/2024 11:45,,88,,,,,,,,,,,,,,,,,,
11/2/2024 11:30,,,,,,,,,,,,,,,,,,,,
11/2/2024 11:15,0,87,,,,,,,,,,,,,,,,,,
11/2/2024 11:00,0,87,,,,,,,,,,,,,,,,,,
11/2/2024 10:45,,86,,,,,,,,,,,,,,,,,,
11/2/2024 10:30,,,,,,,,,,,,,,,,,,,,
11/2/2024 10:15,0,85,,,,,,,,,,,,,,,,,,
11/2/2024 10:00,0,85,,,,,,,,,,,,,,,,,,
11/2/2024 9:45,,85,,,,,,,,,,,,,,,,,,
11/2/2024 9:30,,,,,,,,,,,,,,,,,,,,
11/2/2024 9:15,0,85,,,,,,,,,,,,,,,,,,
11/2/2024 9:00,0,85,,,,,,,,,,,,,,,,,,
11/2/2024 8:45,,85,,,,,,,,,,,,,,,,,,
11/2/2024 8:30,,,,,,,,,,,,,,,,,,,,
11/2/2024 8:15,0,86,,,,,,,,,,,,,,,,,,
11/2/2024 8:00,0,86,,,,,,,,,,,,,,,,,,
11/2/2024 7:45,,87,,,,,,,,,,,,,,,,,,
11/2/2024 7:30,,,,,,,,,,,,,,,,,,,,
11/2/2024 7:15,0,88,,,,,,,,,,,,,,,,,,
11/2/2024 7:00,0,88,,,,,,,,,,,,,,,,,,
11/2/2024 6:45,,89,,,,,,,,,,,,,,,,,,
11/2/2024 6:30,,,,,,,,,,,,,,,,,,,,
11/2/2024 6:15,0,89,,,,,,,,,,,,,,,,,,
11/2/2024 6:00,0,90,,,,,,,,,,,,,,,,,,
11/2/2024 5:45,,91,,,,,,,,,,,,,,,,,,
11/2/2024 5:30,,,,,,,,,,,,,,,,,,,,
11/2/2024 5:15,0,92,,,,,,,,,,,,,,,,,,
11/2/2024 5:00,0,92,,,,,,,,,,,,,,,,,,
11/2/2024 4:45,,93,,,,,,,,,,,,,,,,,,
11/2/2024 4:30,,,,,,,,,,,,,,,,,,,,
11/2/2024 4:15,0,94,,,,,,,,,,,,,,,,,,
11/2/2024 4:00,0,95,,,,,,,,,,,,,,,,,,
11/2/2024 3:45,,96,,,,,,,,,,,,,,,,,,
11/2/2024 3:30,,,,,,,,,,,,,,,,,,,,
11/2/2024 3:15,0,98,,,,,,,,,,,,,,,,,,
11/2/2024 3:00,0,98,,,,,,,,,,,,,,,,,,
11/2/2024 2:45,,99,,,,,,,,,,,,,,,,,,
11/2/2024 2:30,,,,,,,,,,,,,,,,,,,,
11/2/2024 2:15,0,100,,,,,,,,,,,,,,,,,,
11/2/2024 2:00,0,101,,,,,,,,,,,,,,,,,,
11/2/2024 1:45,,102,,,,,,,,,,,,,,,,,,
11/2/2024 1:30,,,,,,,,,,,,,,,,,,,,
11/2/2024 1:15,0,103,,,,,,,,,,,,,,,,,,
11/2/2024 1:00,0,103,,,,,,,,,,,,,,,,,,
11/2/2024 0:45,,104,,,,,,,,,,,,,,,,,,
11/2/2024 0:30,,,,,,,,,,,,,,,,,,,,
11/2/2024 0:15,0,104,,,,,,,,,,,,,,,,,,
11/2/2024 0:00,0,104,,,,,,,,,,,,,,,,,,
10/2/2024 23:45,,104,,,,,,,,,,,,,,,,,,
10/2/2024 23:30,,,,,,,,,,,,,,,,,,,,
10/2/2024 23:15,0,103,,,,,,,,,,,,,,,,,,
10/2/2024 23:00,0,102,,,,,,,,,,,,,,,,,,
10/2/2024 22:45,,101,,,,,,,,,,,,,,,,,,
10/2/2024 22:30,,,,,,,,,,,,,,,,,,,,
10/2/2024 22:15,0,99,,,,,,,,,,,,,,,,,,
10/2/2024 22:00,0,98,,,,,,,,,,,,,,,,,,
10/2/2024 21:45,,97,,,,,,,,,,,,,,,,,,
10/2/2024 21:30,,,,,,,,,,,,,,,,,,,,
10/2/2024 21:15,0,96,,,,,,,,,,,,,,,,,,
10/2/2024 21:00,0,95,,,,,,,,,,,,,,,,,,
10/2/2024 20:45,,94,,,,,,,,,,,,,,,,,,
10/2/2024 20:30,,,,,,,,,,,,,,,,,,,,
10/2/2024 20:15,0,92,,,,,,,,,,,,,,,,,,
10/2/2024 20:00,0,91,,,,,,,,,,,,,,,,,,
10/2/2024 19:45,,89,,,,,,,,,,,,,,,,,,
10/2/2024 19:30,,,,,,,,,,,,,,,,,,,,
10/2/2024 19:15,0,87,,,,,,,,,,,,,,,,,,
10/2/2024 19:00,0,86,,,,,,,,,,,,,,,,,,
10/2/2024 18:45,,85,,,,,,,,,,,,,,,,,,
10/2/2024 18:30,,,,,,,,,,,,,,,,,,,,
10/2/2024 18:15,0,83,,,,,,,,,,,,,,,,,,
10/2/2024 18:00,0,83,,,,,,,,,,,,,,,,,,
10/2/2024 17:45,,82,,,,,,,,,,,,,,,,,,
10/2/2024 17:30,,,,,,,,,,,,,,,,,,,,
10/2/2024 17:15,0,82,,,,,,,,,,,,,,,,,,
10/2/2024 17:00,0,82,,,,,,,,,,,,,,,,,,
10/2/2024 16:45,,82,,,,,,,,,,,,,,,,,,
10/2/2024 16:30,,,,,,,,,,,,,,,,,,,,
10/2/2024 16:15,0,83,,,,,,,,,,,,,,,,,,
10/2/2024 16:00,0,84,,,,,,,,,,,,,,,,,,
10/2/2024 15:45,,84,,,,,,,,,,,,,,,,,,
10/2/2024 15:30,,,,,,,,,,,,,,,,,,,,
10/2/2024 15:15,0,85,,,,,,,,,,,,,,,,,,
10/2/2024 15:00,0,86,,,,,,,,,,,,,,,,,,
10/2/2024 14:45,,86,,,,,,,,,,,,,,,,,,
10/2/2024 14:30,,,,,,,,,,,,,,,,,,,,
10/2/2024 14:15,0,92,,,,,,,,,,,,,,,,,,
10/2/2024 14:00,0,93,,,,,,,,,,,,,,,,,,
10/2/2024 13:45,,93,,,,,,,,,,,,,,,,,,
10/2/2024 13:30,,,,,,,,,,,,,,,,,,,,
10/2/2024 13:15,0,94,,,,,,,,,,,,,,,,,,
10/2/2024 13:00,0,95,,,,,,,,,,,,,,,,,,
10/2/2024 12:45,,95,,,,,,,,,,,,,,,,,,
10/2/2024 12:30,,,,,,,,,,,,,,,,,,,,
10/2/2024 12:15,0,95,,,,,,,,,,,,,,,,,,
10/2/2024 12:00,0,96,,,,,,,,,,,,,,,,,,
10/2/2024 11:45,,97,,,,,,,,,,,,,,,,,,
10/2/2024 11:30,,,,,,,,,,,,,,,,,,,,
10/2/2024 11:15,0,98,,,,,,,,,,,,,,,,,,
10/2/2024 11:00,0,99,,,,,,,,,,,,,,,,,,
10/2/2024 10:45,,99,,,,,,,,,,,,,,,,,,
10/2/2024 10:30,,,,,,,,,,,,,,,,,,,,
10/2/2024 10:15,0,100,,,,,,,,,,,,,,,,,,
10/2/2024 10:00,0,101,,,,,,,,,,,,,,,,,,
10/2/2024 9:45,,101,,,,,,,,,,,,,,,,,,
10/2/2024 9:30,,,,,,,,,,,,,,,,,,,,
10/2/2024 9:15,0,102,,,,,,,,,,,,,,,,,,
10/2/2024 9:00,0,103,,,,,,,,,,,,,,,,,,
10/2/2024 8:45,,104,,,,,,,,,,,,,,,,,,
10/2/2024 8:30,,,,,,,,,,,,,,,,,,,,
10/2/2024 8:15,0,104,,,,,,,,,,,,,,,,,,
10/2/2024 8:00,0,105,,,,,,,,,,,,,,,,,,
10/2/2024 7:45,,106,,,,,,,,,,,,,,,,,,
10/2/2024 7:30,,,,,,,,,,,,,,,,,,,,
10/2/2024 7:15,0,107,,,,,,,,,,,,,,,,,,
10/2/2024 7:00,0,108,,,,,,,,,,,,,,,,,,
10/2/2024 6:45,,108,,,,,,,,,,,,,,,,,,
10/2/2024 6:30,,,,,,,,,,,,,,,,,,,,
10/2/2024 6:15,0,110,,,,,,,,,,,,,,,,,,
10/2/2024 6:00,0,110,,,,,,,,,,,,,,,,,,
10/2/2024 5:45,,111,,,,,,,,,,,,,,,,,,
10/2/2024 5:30,,,,,,,,,,,,,,,,,,,,
10/2/2024 5:15,0,111,,,,,,,,,,,,,,,,,,
10/2/2024 5:00,0,112,,,,,,,,,,,,,,,,,,
10/2/2024 4:45,,112,,,,,,,,,,,,,,,,,,
10/2/2024 4:30,,,,,,,,,,,,,,,,,,,,
10/2/2024 4:15,0,114,,,,,,,,,,,,,,,,,,
10/2/2024 4:00,0,114,,,,,,,,,,,,,,,,,,
10/2/2024 3:45,,115,,,,,,,,,,,,,,,,,,
10/2/2024 3:30,,,,,,,,,,,,,,,,,,,,
10/2/2024 3:15,0,116,,,,,,,,,,,,,,,,,,
10/2/2024 3:00,0,117,,,,,,,,,,,,,,,,,,
10/2/2024 2:45,,117,,,,,,,,,,,,,,,,,,
10/2/2024 2:30,,,,,,,,,,,,,,,,,,,,
10/2/2024 2:15,0,118,,,,,,,,,,,,,,,,,,
10/2/2024 2:00,0,118,,,,,,,,,,,,,,,,,,
10/2/2024 1:45,,119,,,,,,,,,,,,,,,,,,
10/2/2024 1:30,,,,,,,,,,,,,,,,,,,,
10/2/2024 1:15,0,120,,,,,,,,,,,,,,,,,,
10/2/2024 1:00,0,120,,,,,,,,,,,,,,,,,,
10/2/2024 0:45,,120,,,,,,,,,,,,,,,,,,
10/2/2024 0:30,,,,,,,,,,,,,,,,,,,,
10/2/2024 0:15,0,121,,,,,,,,,,,,,,,,,,
10/2/2024 0:00,0,121,,,,,,,,,,,,,,,,,,
9/2/2024 23:45,,122,,,,,,,,,,,,,,,,,,
9/2/2024 23:30,,,,,,,,,,,,,,,,,,,,
9/2/2024 23:15,0,122,,,,,,,,,,,,,,,,,,
9/2/2024 23:00,0,121,,,,,,,,,,,,,,,,,,
9/2/2024 22:45,,121,,,,,,,,,,,,,,,,,,
9/2/2024 22:30,,,,,,,,,,,,,,,,,,,,
9/2/2024 22:15,0,121,,,,,,,,,,,,,,,,,,
9/2/2024 22:00,0,120,,,,,,,,,,,,,,,,,,
9/2/2024 21:45,,120,,,,,,,,,,,,,,,,,,
9/2/2024 21:30,,,,,,,,,,,,,,,,,,,,
9/2/2024 21:15,0,119,,,,,,,,,,,,,,,,,,
9/2/2024 21:00,0,118,,,,,,,,,,,,,,,,,,
9/2/2024 20:45,,118,,,,,,,,,,,,,,,,,,
9/2/2024 20:30,,,,,,,,,,,,,,,,,,,,
9/2/2024 20:15,0,116,,,,,,,,,,,,,,,,,,
9/2/2024 20:00,0,115,,,,,,,,,,,,,,,,,,
9/2/2024 19:45,,114,,,,,,,,,,,,,,,,,,
9/2/2024 19:30,,,,,,,,,,,,,,,,,,,,
9/2/2024 19:15,0,112,,,,,,,,,,,,,,,,,,
9/2/2024 19:00,0,112,,,,,,,,,,,,,,,,,,
9/2/2024 18:45,,111,,,,,,,,,,,,,,,,,,
9/2/2024 18:30,,,,,,,,,,,,,,,,,,,,
9/2/2024 18:15,0,110,,,,,,,,,,,,,,,,,,
9/2/2024 18:00,0,109,,,,,,,,,,,,,,,,,,
9/2/2024 17:45,,107,,,,,,,,,,,,,,,,,,
9/2/2024 17:30,,,,,,,,,,,,,,,,,,,,
9/2/2024 17:15,0,106,,,,,,,,,,,,,,,,,,
9/2/2024 17:00,0,105,,,,,,,,,,,,,,,,,,
9/2/2024 16:45,,104,,,,,,,,,,,,,,,,,,
9/2/2024 16:30,,,,,,,,,,,,,,,,,,,,
9/2/2024 16:15,0,103,,,,,,,,,,,,,,,,,,
9/2/2024 16:00,0,102,,,,,,,,,,,,,,,,,,
9/2/2024 15:45,,101,,,,,,,,,,,,,,,,,,
9/2/2024 15:30,,,,,,,,,,,,,,,,,,,,
9/2/2024 15:15,0,100,,,,,,,,,,,,,,,,,,
9/2/2024 15:00,0,99,,,,,,,,,,,,,,,,,,
9/2/2024 14:45,,99,,,,,,,,,,,,,,,,,,
9/2/2024 14:30,,,,,,,,,,,,,,,,,,,,
9/2/2024 14:15,0,98,,,,,,,,,,,,,,,,,,
9/2/2024 14:00,0,97,,,,,,,,,,,,,,,,,,
9/2/2024 13:45,,97,,,,,,,,,,,,,,,,,,
9/2/2024 13:30,,,,,,,,,,,,,,,,,,,,
9/2/2024 13:15,0,96,,,,,,,,,,,,,,,,,,
9/2/2024 13:00,0,96,,,,,,,,,,,,,,,,,,
9/2/2024 12:45,,96,,,,,,,,,,,,,,,,,,
9/2/2024 12:30,,,,,,,,,,,,,,,,,,,,
9/2/2024 12:15,0,96,,,,,,,,,,,,,,,,,,
9/2/2024 12:00,0,96,,,,,,,,,,,,,,,,,,
9/2/2024 11:45,,96,,,,,,,,,,,,,,,,,,
9/2/2024 11:30,,,,,,,,,,,,,,,,,,,,
9/2/2024 11:15,0,97,,,,,,,,,,,,,,,,,,
9/2/2024 11:00,0,97,,,,,,,,,,,,,,,,,,
9/2/2024 10:45,,98,,,,,,,,,,,,,,,,,,
9/2/2024 10:30,,,,,,,,,,,,,,,,,,,,
9/2/2024 10:15,0,99,,,,,,,,,,,,,,,,,,
9/2/2024 10:00,0,99,,,,,,,,,,,,,,,,,,
9/2/2024 9:45,,99,,,,,,,,,,,,,,,,,,
9/2/2024 9:30,,,,,,,,,,,,,,,,,,,,
9/2/2024 9:15,0,103,,,,,,,,,,,,,,,,,,
9/2/2024 9:00,0,103,,,,,,,,,,,,,,,,,,
9/2/2024 8:45,,103,,,,,,,,,,,,,,,,,,
9/2/2024 8:30,,,,,,,,,,,,,,,,,,,,
9/2/2024 8:15,0,105,,,,,,,,,,,,,,,,,,
9/2/2024 8:00,0,105,,,,,,,,,,,,,,,,,,
9/2/2024 7:45,,106,,,,,,,,,,,,,,,,,,
9/2/2024 7:30,,,,,,,,,,,,,,,,,,,,
9/2/2024 7:15,0,107,,,,,,,,,,,,,,,,,,
9/2/2024 7:00,0,107,,,,,,,,,,,,,,,,,,
9/2/2024 6:45,,108,,,,,,,,,,,,,,,,,,
9/2/2024 6:30,,,,,,,,,,,,,,,,,,,,
9/2/2024 6:15,0,109,,,,,,,,,,,,,,,,,,
9/2/2024 6:00,0,110,,,,,,,,,,,,,,,,,,
9/2/2024 5:45,,110,,,,,,,,,,,,,,,,,,
9/2/2024 5:30,,,,,,,,,,,,,,,,,,,,
9/2/2024 5:15,0,112,,,,,,,,,,,,,,,,,,
9/2/2024 5:00,0,112,,,,,,,,,,,,,,,,,,
9/2/2024 4:45,,113,,,,,,,,,,,,,,,,,,
9/2/2024 4:30,,,,,,,,,,,,,,,,,,,,
9/2/2024 4:15,0,114,,,,,,,,,,,,,,,,,,
9/2/2024 4:00,0,115,,,,,,,,,,,,,,,,,,
9/2/2024 3:45,,116,,,,,,,,,,,,,,,,,,
9/2/2024 3:30,,,,,,,,,,,,,,,,,,,,
9/2/2024 3:15,0,117,,,,,,,,,,,,,,,,,,
9/2/2024 3:00,0,117,,,,,,,,,,,,,,,,,,
9/2/2024 2:45,,118,,,,,,,,,,,,,,,,,,
9/2/2024 2:30,,,,,,,,,,,,,,,,,,,,
9/2/2024 2:15,0,120,,,,,,,,,,,,,,,,,,
9/2/2024 2:00,0,120,,,,,,,,,,,,,,,,,,
9/2/2024 1:45,,121,,,,,,,,,,,,,,,,,,
9/2/2024 1:30,,,,,,,,,,,,,,,,,,,,
9/2/2024 1:15,0,122,,,,,,,,,,,,,,,,,,
9/2/2024 1:00,0,123,,,,,,,,,,,,,,,,,,
9/2/2024 0:45,,123,,,,,,,,,,,,,,,,,,
9/2/2024 0:30,,,,,,,,,,,,,,,,,,,,
9/2/2024 0:15,0,124,,,,,,,,,,,,,,,,,,
9/2/2024 0:00,0,124,,,,,,,,,,,,,,,,,,
8/2/2024 23:45,,124,,,,,,,,,,,,,,,,,,
8/2/2024 23:30,,,,,,,,,,,,,,,,,,,,
8/2/2024 23:15,0,124,,,,,,,,,,,,,,,,,,
8/2/2024 23:00,0,124,,,,,,,,,,,,,,,,,,
8/2/2024 22:45,,124,,,,,,,,,,,,,,,,,,
8/2/2024 22:30,,,,,,,,,,,,,,,,,,,,
8/2/2024 21:15,0,121,,,,,,,,,,,,,,,,,,
8/2/2024 21:00,0,121,,,,,,,,,,,,,,,,,,
8/2/2024 20:45,,120,,,,,,,,,,,,,,,,,,
8/2/2024 20:30,,,,,,,,,,,,,,,,,,,,
8/2/2024 20:15,0,119,,,,,,,,,,,,,,,,,,
8/2/2024 20:00,0,117,,,,,,,,,,,,,,,,,,
8/2/2024 19:45,,116,,,,,,,,,,,,,,,,,,
8/2/2024 19:30,,,,,,,,,,,,,,,,,,,,
8/2/2024 19:15,0,113,,,,,,,,,,,,,,,,,,
8/2/2024 19:00,0,112,,,,,,,,,,,,,,,,,,
8/2/2024 18:45,,111,,,,,,,,,,,,,,,,,,
8/2/2024 18:30,,,,,,,,,,,,,,,,,,,,
8/2/2024 18:15,0,109,,,,,,,,,,,,,,,,,,
8/2/2024 18:00,0,108,,,,,,,,,,,,,,,,,,
8/2/2024 17:45,,107,,,,,,,,,,,,,,,,,,
8/2/2024 17:30,,,,,,,,,,,,,,,,,,,,
8/2/2024 17:15,0,105,,,,,,,,,,,,,,,,,,
8/2/2024 17:00,0,104,,,,,,,,,,,,,,,,,,
8/2/2024 16:45,,103,,,,,,,,,,,,,,,,,,
8/2/2024 16:30,,,,,,,,,,,,,,,,,,,,
8/2/2024 16:15,0,102,,,,,,,,,,,,,,,,,,
8/2/2024 16:00,0,101,,,,,,,,,,,,,,,,,,
8/2/2024 15:45,,101,,,,,,,,,,,,,,,,,,
8/2/2024 15:30,,,,,,,,,,,,,,,,,,,,
8/2/2024 15:15,0,100,,,,,,,,,,,,,,,,,,
8/2/2024 15:00,0,100,,,,,,,,,,,,,,,,,,
8/2/2024 14:45,,99,,,,,,,,,,,,,,,,,,
8/2/2024 14:30,,,,,,,,,,,,,,,,,,,,
8/2/2024 14:15,0,99,,,,,,,,,,,,,,,,,,
8/2/2024 14:00,0,98,,,,,,,,,,,,,,,,,,
8/2/2024 13:45,,97,,,,,,,,,,,,,,,,,,
8/2/2024 13:30,,,,,,,,,,,,,,,,,,,,
8/2/2024 13:15,0,100,,,,,,,,,,,,,,,,,,
8/2/2024 13:00,0,100,,,,,,,,,,,,,,,,,,
8/2/2024 12:45,,100,,,,,,,,,,,,,,,,,,
8/2/2024 12:30,,,,,,,,,,,,,,,,,,,,
8/2/2024 12:15,0,100,,,,,,,,,,,,,,,,,,
8/2/2024 12:00,0,100,,,,,,,,,,,,,,,,,,
8/2/2024 11:45,,100,,,,,,,,,,,,,,,,,,
8/2/2024 11:30,,,,,,,,,,,,,,,,,,,,
8/2/2024 11:15,0,100,,,,,,,,,,,,,,,,,,
8/2/2024 11:00,0,100,,,,,,,,,,,,,,,,,,
8/2/2024 10:45,,100,,,,,,,,,,,,,,,,,,
8/2/2024 10:30,,,,,,,,,,,,,,,,,,,,
8/2/2024 10:15,0,101,,,,,,,,,,,,,,,,,,
8/2/2024 10:00,0,101,,,,,,,,,,,,,,,,,,
8/2/2024 9:45,,101,,,,,,,,,,,,,,,,,,
8/2/2024 9:30,,,,,,,,,,,,,,,,,,,,
8/2/2024 9:15,0,101,,,,,,,,,,,,,,,,,,
8/2/2024 9:00,0,102,,,,,,,,,,,,,,,,,,
8/2/2024 8:45,,102,,,,,,,,,,,,,,,,,,
8/2/2024 8:30,,,,,,,,,,,,,,,,,,,,
8/2/2024 8:15,0,103,,,,,,,,,,,,,,,,,,
8/2/2024 8:00,0,103,,,,,,,,,,,,,,,,,,
8/2/2024 7:45,,103,,,,,,,,,,,,,,,,,,
8/2/2024 7:30,,,,,,,,,,,,,,,,,,,,
8/2/2024 7:15,0,105,,,,,,,,,,,,,,,,,,
8/2/2024 7:00,0,106,,,,,,,,,,,,,,,,,,
8/2/2024 6:45,,106,,,,,,,,,,,,,,,,,,
8/2/2024 6:30,,,,,,,,,,,,,,,,,,,,
8/2/2024 6:15,0,108,,,,,,,,,,,,,,,,,,
8/2/2024 6:00,0,108,,,,,,,,,,,,,,,,,,
8/2/2024 5:45,,109,,,,,,,,,,,,,,,,,,
8/2/2024 5:30,,,,,,,,,,,,,,,,,,,,
8/2/2024 5:15,0,110,,,,,,,,,,,,,,,,,,
8/2/2024 5:00,0,111,,,,,,,,,,,,,,,,,,
8/2/2024 4:45,,111,,,,,,,,,,,,,,,,,,
8/2/2024 4:30,,,,,,,,,,,,,,,,,,,,
8/2/2024 4:15,0,113,,,,,,,,,,,,,,,,,,
8/2/2024 4:00,0,113,,,,,,,,,,,,,,,,,,
8/2/2024 3:45,,114,,,,,,,,,,,,,,,,,,
8/2/2024 3:30,,,,,,,,,,,,,,,,,,,,
8/2/2024 3:15,0,115,,,,,,,,,,,,,,,,,,
8/2/2024 3:00,0,116,,,,,,,,,,,,,,,,,,
8/2/2024 2:45,,117,,,,,,,,,,,,,,,,,,
8/2/2024 2:30,,,,,,,,,,,,,,,,,,,,
8/2/2024 2:15,0,118,,,,,,,,,,,,,,,,,,
8/2/2024 2:00,0,119,,,,,,,,,,,,,,,,,,
8/2/2024 1:45,,119,,,,,,,,,,,,,,,,,,
8/2/2024 1:30,,,,,,,,,,,,,,,,,,,,
8/2/2024 1:15,0,120,,,,,,,,,,,,,,,,,,
8/2/2024 1:00,0,121,,,,,,,,,,,,,,,,,,
8/2/2024 0:45,,121,,,,,,,,,,,,,,,,,,
8/2/2024 0:30,,,,,,,,,,,,,,,,,,,,
8/2/2024 0:15,0,121,,,,,,,,,,,,,,,,,,
8/2/2024 0:00,0,122,,,,,,,,,,,,,,,,,,
7/2/2024 23:45,,122,,,,,,,,,,,,,,,,,,
7/2/2024 23:30,,,,,,,,,,,,,,,,,,,,
7/2/2024 23:15,0,122,,,,,,,,,,,,,,,,,,
7/2/2024 23:00,0,122,,,,,,,,,,,,,,,,,,
7/2/2024 22:45,,122,,,,,,,,,,,,,,,,,,
7/2/2024 22:30,,,,,,,,,,,,,,,,,,,,
7/2/2024 21:15,0,121,,,,,,,,,,,,,,,,,,
7/2/2024 21:00,0,120,,,,,,,,,,,,,,,,,,
7/2/2024 20:45,,120,,,,,,,,,,,,,,,,,,
7/2/2024 20:30,,,,,,,,,,,,,,,,,,,,
7/2/2024 20:15,0,119,,,,,,,,,,,,,,,,,,
7/2/2024 20:00,0,118,,,,,,,,,,,,,,,,,,
7/2/2024 19:45,,117,,,,,,,,,,,,,,,,,,
7/2/2024 19:30,,,,,,,,,,,,,,,,,,,,
7/2/2024 19:15,0,114,,,,,,,,,,,,,,,,,,
7/2/2024 19:00,0,114,,,,,,,,,,,,,,,,,,
7/2/2024 18:45,,114,,,,,,,,,,,,,,,,,,
7/2/2024 18:30,,,,,,,,,,,,,,,,,,,,
7/2/2024 18:15,0,113,,,,,,,,,,,,,,,,,,
7/2/2024 18:00,0,112,,,,,,,,,,,,,,,,,,
7/2/2024 17:45,,111,,,,,,,,,,,,,,,,,,
7/2/2024 17:30,,,,,,,,,,,,,,,,,,,,
7/2/2024 17:15,0,110,,,,,,,,,,,,,,,,,,
7/2/2024 17:00,0,109,,,,,,,,,,,,,,,,,,
7/2/2024 16:45,,109,,,,,,,,,,,,,,,,,,
7/2/2024 16:30,,,,,,,,,,,,,,,,,,,,
7/2/2024 16:15,0,108,,,,,,,,,,,,,,,,,,
7/2/2024 16:00,0,108,,,,,,,,,,,,,,,,,,
7/2/2024 15:45,,108,,,,,,,,,,,,,,,,,,
7/2/2024 15:30,,,,,,,,,,,,,,,,,,,,
7/2/2024 15:15,0,107,,,,,,,,,,,,,,,,,,
7/2/2024 15:00,0,107,,,,,,,,,,,,,,,,,,
7/2/2024 14:45,,107,,,,,,,,,,,,,,,,,,
7/2/2024 14:30,,,,,,,,,,,,,,,,,,,,
7/2/2024 14:15,0,107,,,,,,,,,,,,,,,,,,
7/2/2024 14:00,0,107,,,,,,,,,,,,,,,,,,
7/2/2024 13:45,,107,,,,,,,,,,,,,,,,,,
7/2/2024 13:30,,,,,,,,,,,,,,,,,,,,
7/2/2024 13:15,0,108,,,,,,,,,,,,,,,,,,
7/2/2024 13:00,0,108,,,,,,,,,,,,,,,,,,
7/2/2024 12:45,,108,,,,,,,,,,,,,,,,,,
7/2/2024 12:30,,,,,,,,,,,,,,,,,,,,
7/2/2024 12:15,0,109,,,,,,,,,,,,,,,,,,
7/2/2024 12:00,0,109,,,,,,,,,,,,,,,,,,
7/2/2024 11:45,,109,,,,,,,,,,,,,,,,,,
7/2/2024 11:30,,,,,,,,,,,,,,,,,,,,
7/2/2024 11:15,0,109,,,,,,,,,,,,,,,,,,
7/2/2024 11:00,0,109,,,,,,,,,,,,,,,,,,
7/2/2024 10:45,,110,,,,,,,,,,,,,,,,,,
7/2/2024 10:30,,,,,,,,,,,,,,,,,,,,
7/2/2024 10:15,0,110,,,,,,,,,,,,,,,,,,
7/2/2024 10:00,0,110,,,,,,,,,,,,,,,,,,
7/2/2024 9:45,,111,,,,,,,,,,,,,,,,,,
7/2/2024 9:30,,,,,,,,,,,,,,,,,,,,
7/2/2024 9:15,0,111,,,,,,,,,,,,,,,,,,
7/2/2024 9:00,0,112,,,,,,,,,,,,,,,,,,
7/2/2024 8:45,,112,,,,,,,,,,,,,,,,,,
7/2/2024 8:30,,,,,,,,,,,,,,,,,,,,
7/2/2024 8:15,0,112,,,,,,,,,,,,,,,,,,
7/2/2024 8:00,0,113,,,,,,,,,,,,,,,,,,
7/2/2024 7:45,,113,,,,,,,,,,,,,,,,,,
7/2/2024 7:30,,,,,,,,,,,,,,,,,,,,
7/2/2024 7:15,0,114,,,,,,,,,,,,,,,,,,
7/2/2024 7:00,0,115,,,,,,,,,,,,,,,,,,
7/2/2024 6:45,,116,,,,,,,,,,,,,,,,,,
7/2/2024 6:30,,,,,,,,,,,,,,,,,,,,
7/2/2024 6:15,0,117,,,,,,,,,,,,,,,,,,
7/2/2024 6:00,0,117,,,,,,,,,,,,,,,,,,
7/2/2024 5:45,,117,,,,,,,,,,,,,,,,,,
7/2/2024 5:30,,,,,,,,,,,,,,,,,,,,
7/2/2024 5:15,0,118,,,,,,,,,,,,,,,,,,
7/2/2024 5:00,0,119,,,,,,,,,,,,,,,,,,
7/2/2024 4:45,,120,,,,,,,,,,,,,,,,,,
7/2/2024 4:30,,,,,,,,,,,,,,,,,,,,
7/2/2024 4:15,0,121,,,,,,,,,,,,,,,,,,
7/2/2024 4:00,0,121,,,,,,,,,,,,,,,,,,
7/2/2024 3:45,,122,,,,,,,,,,,,,,,,,,
7/2/2024 3:30,,,,,,,,,,,,,,,,,,,,
7/2/2024 3:15,0,123,,,,,,,,,,,,,,,,,,
7/2/2024 3:00,0,123,,,,,,,,,,,,,,,,,,
7/2/2024 2:45,,124,,,,,,,,,,,,,,,,,,
7/2/2024 2:30,,,,,,,,,,,,,,,,,,,,
7/2/2024 2:15,0,125,,,,,,,,,,,,,,,,,,
7/2/2024 2:00,0,126,,,,,,,,,,,,,,,,,,
7/2/2024 1:45,,126,,,,,,,,,,,,,,,,,,
7/2/2024 1:30,,,,,,,,,,,,,,,,,,,,
7/2/2024 1:15,0,127,,,,,,,,,,,,,,,,,,
7/2/2024 1:00,0,128,,,,,,,,,,,,,,,,,,
7/2/2024 0:45,,129,,,,,,,,,,,,,,,,,,
7/2/2024 0:30,,,,,,,,,,,,,,,,,,,,
6/2/2024 23:15,0,132,,,,,,,,,,,,,,,,,,
6/2/2024 23:00,0,132,,,,,,,,,,,,,,,,,,
6/2/2024 22:45,,132,,,,,,,,,,,,,,,,,,
6/2/2024 22:30,,,,,,,,,,,,,,,,,,,,
6/2/2024 22:15,0,132,,,,,,,,,,,,,,,,,,
6/2/2024 22:00,0,132,,,,,,,,,,,,,,,,,,
6/2/2024 21:45,,132,,,,,,,,,,,,,,,,,,
6/2/2024 21:30,,,,,,,,,,,,,,,,,,,,
6/2/2024 21:15,0,132,,,,,,,,,,,,,,,,,,
6/2/2024 21:00,0,131,,,,,,,,,,,,,,,,,,
6/2/2024 20:45,,131,,,,,,,,,,,,,,,,,,
6/2/2024 20:30,,,,,,,,,,,,,,,,,,,,
6/2/2024 20:15,0,130,,,,,,,,,,,,,,,,,,
6/2/2024 20:00,0,130,,,,,,,,,,,,,,,,,,
6/2/2024 19:45,,129,,,,,,,,,,,,,,,,,,
6/2/2024 19:30,,,,,,,,,,,,,,,,,,,,
6/2/2024 19:15,0,128,,,,,,,,,,,,,,,,,,
6/2/2024 19:00,0,127,,,,,,,,,,,,,,,,,,
6/2/2024 18:45,,126,,,,,,,,,,,,,,,,,,
6/2/2024 18:30,,,,,,,,,,,,,,,,,,,,
6/2/2024 18:15,0,124,,,,,,,,,,,,,,,,,,
6/2/2024 18:00,0,124,,,,,,,,,,,,,,,,,,
6/2/2024 17:45,,123,,,,,,,,,,,,,,,,,,
6/2/2024 17:30,,,,,,,,,,,,,,,,,,,,
6/2/2024 17:15,0,121,,,,,,,,,,,,,,,,,,
6/2/2024 17:00,0,121,,,,,,,,,,,,,,,,,,
6/2/2024 16:45,,120,,,,,,,,,,,,,,,,,,
6/2/2024 16:30,,,,,,,,,,,,,,,,,,,,
6/2/2024 16:15,0,119,,,,,,,,,,,,,,,,,,
6/2/2024 16:00,0,119,,,,,,,,,,,,,,,,,,
6/2/2024 15:45,,119,,,,,,,,,,,,,,,,,,
6/2/2024 15:30,,,,,,,,,,,,,,,,,,,,
6/2/2024 15:15,0,118,,,,,,,,,,,,,,,,,,
6/2/2024 15:00,0,117,,,,,,,,,,,,,,,,,,
6/2/2024 14:45,,117,,,,,,,,,,,,,,,,,,
6/2/2024 14:30,,,,,,,,,,,,,,,,,,,,
6/2/2024 14:15,0,116,,,,,,,,,,,,,,,,,,
6/2/2024 14:00,0,116,,,,,,,,,,,,,,,,,,
6/2/2024 13:45,,116,,,,,,,,,,,,,,,,,,
6/2/2024 13:30,,,,,,,,,,,,,,,,,,,,
6/2/2024 13:15,0,115,,,,,,,,,,,,,,,,,,
6/2/2024 13:00,0,115,,,,,,,,,,,,,,,,,,
6/2/2024 12:45,,115,,,,,,,,,,,,,,,,,,
6/2/2024 12:30,,,,,,,,,,,,,,,,,,,,
6/2/2024 12:15,0,115,,,,,,,,,,,,,,,,,,
6/2/2024 12:00,0,115,,,,,,,,,,,,,,,,,,
6/2/2024 11:45,,115,,,,,,,,,,,,,,,,,,
6/2/2024 11:30,,,,,,,,,,,,,,,,,,,,
6/2/2024 11:15,0,115,,,,,,,,,,,,,,,,,,
6/2/2024 11:00,0,115,,,,,,,,,,,,,,,,,,
6/2/2024 10:45,,115,,,,,,,,,,,,,,,,,,
6/2/2024 10:30,,,,,,,,,,,,,,,,,,,,
6/2/2024 10:15,0,115,,,,,,,,,,,,,,,,,,
6/2/2024 10:00,0,114,,,,,,,,,,,,,,,,,,
6/2/2024 9:45,,114,,,,,,,,,,,,,,,,,,
6/2/2024 9:30,,,,,,,,,,,,,,,,,,,,
6/2/2024 9:15,0,114,,,,,,,,,,,,,,,,,,
6/2/2024 9:00,0,115,,,,,,,,,,,,,,,,,,
6/2/2024 8:45,,115,,,,,,,,,,,,,,,,,,
6/2/2024 8:30,,,,,,,,,,,,,,,,,,,,
6/2/2024 8:15,0,115,,,,,,,,,,,,,,,,,,
6/2/2024 8:00,0,116,,,,,,,,,,,,,,,,,,
6/2/2024 7:45,,116,,,,,,,,,,,,,,,,,,
6/2/2024 7:30,,,,,,,,,,,,,,,,,,,,
6/2/2024 7:15,0,117,,,,,,,,,,,,,,,,,,
6/2/2024 7:00,0,117,,,,,,,,,,,,,,,,,,
6/2/2024 6:45,,117,,,,,,,,,,,,,,,,,,
6/2/2024 6:30,,,,,,,,,,,,,,,,,,,,
6/2/2024 6:15,0,118,,,,,,,,,,,,,,,,,,
6/2/2024 6:00,0,118,,,,,,,,,,,,,,,,,,
6/2/2024 5:45,,119,,,,,,,,,,,,,,,,,,
6/2/2024 5:30,,,,,,,,,,,,,,,,,,,,
6/2/2024 5:15,0,120,,,,,,,,,,,,,,,,,,
6/2/2024 5:00,0,120,,,,,,,,,,,,,,,,,,
6/2/2024 4:45,,121,,,,,,,,,,,,,,,,,,
6/2/2024 4:30,,,,,,,,,,,,,,,,,,,,
6/2/2024 4:15,0,122,,,,,,,,,,,,,,,,,,
6/2/2024 4:00,0,123,,,,,,,,,,,,,,,,,,
6/2/2024 3:45,,123,,,,,,,,,,,,,,,,,,
6/2/2024 3:30,,,,,,,,,,,,,,,,,,,,
6/2/2024 3:15,0,124,,,,,,,,,,,,,,,,,,
6/2/2024 3:00,0,125,,,,,,,,,,,,,,,,,,
6/2/2024 2:45,,125,,,,,,,,,,,,,,,,,,
6/2/2024 2:30,,,,,,,,,,,,,,,,,,,,
6/2/2024 2:15,0,126,,,,,,,,,,,,,,,,,,
6/2/2024 2:00,0,126,,,,,,,,,,,,,,,,,,
6/2/2024 1:45,,127,,,,,,,,,,,,,,,,,,
6/2/2024 1:30,,,,,,,,,,,,,,,,,,,,
6/2/2024 1:15,0,128,,,,,,,,,,,,,,,,,,
6/2/2024 1:00,0,129,,,,,,,,,,,,,,,,,,
6/2/2024 0:45,,130,,,,,,,,,,,,,,,,,,
6/2/2024 0:30,,,,,,,,,,,,,,,,,,,,
5/2/2024 22:15,0,134,,,,,,,,,,,,,,,,,,
5/2/2024 22:00,0,134,,,,,,,,,,,,,,,,,,
5/2/2024 21:45,,133,,,,,,,,,,,,,,,,,,
5/2/2024 21:30,,,,,,,,,,,,,,,,,,,,
5/2/2024 21:15,0,133,,,,,,,,,,,,,,,,,,
5/2/2024 21:00,0,132,,,,,,,,,,,,,,,,,,
5/2/2024 20:45,,132,,,,,,,,,,,,,,,,,,
5/2/2024 20:30,,,,,,,,,,,,,,,,,,,,
5/2/2024 20:15,0,132,,,,,,,,,,,,,,,,,,
5/2/2024 20:00,0,131,,,,,,,,,,,,,,,,,,
5/2/2024 19:45,,131,,,,,,,,,,,,,,,,,,
5/2/2024 19:30,,,,,,,,,,,,,,,,,,,,
5/2/2024 19:15,0,129,,,,,,,,,,,,,,,,,,
5/2/2024 19:00,0,129,,,,,,,,,,,,,,,,,,
5/2/2024 18:45,,128,,,,,,,,,,,,,,,,,,
5/2/2024 18:30,,,,,,,,,,,,,,,,,,,,
5/2/2024 18:15,0,127,,,,,,,,,,,,,,,,,,
5/2/2024 18:00,0,126,,,,,,,,,,,,,,,,,,
5/2/2024 17:45,,125,,,,,,,,,,,,,,,,,,
5/2/2024 17:30,,,,,,,,,,,,,,,,,,,,
5/2/2024 17:15,0,124,,,,,,,,,,,,,,,,,,
5/2/2024 17:00,0,123,,,,,,,,,,,,,,,,,,
5/2/2024 16:45,,122,,,,,,,,,,,,,,,,,,
5/2/2024 16:30,,,,,,,,,,,,,,,,,,,,
5/2/2024 16:15,0,121,,,,,,,,,,,,,,,,,,
5/2/2024 16:00,0,120,,,,,,,,,,,,,,,,,,
5/2/2024 15:45,,119,,,,,,,,,,,,,,,,,,
5/2/2024 15:30,,,,,,,,,,,,,,,,,,,,
5/2/2024 15:15,0,117,,,,,,,,,,,,,,,,,,
5/2/2024 15:00,0,117,,,,,,,,,,,,,,,,,,
5/2/2024 14:45,,116,,,,,,,,,,,,,,,,,,
5/2/2024 14:30,,,,,,,,,,,,,,,,,,,,
5/2/2024 14:15,0,116,,,,,,,,,,,,,,,,,,
5/2/2024 14:00,0,116,,,,,,,,,,,,,,,,,,
5/2/2024 13:45,,116,,,,,,,,,,,,,,,,,,
5/2/2024 13:30,,,,,,,,,,,,,,,,,,,,
5/2/2024 13:15,0,116,,,,,,,,,,,,,,,,,,
5/2/2024 13:00,0,116,,,,,,,,,,,,,,,,,,
5/2/2024 12:45,,116,,,,,,,,,,,,,,,,,,
5/2/2024 12:30,,,,,,,,,,,,,,,,,,,,
5/2/2024 12:15,0,117,,,,,,,,,,,,,,,,,,
5/2/2024 12:00,0,118,,,,,,,,,,,,,,,,,,
5/2/2024 11:45,,118,,,,,,,,,,,,,,,,,,
5/2/2024 11:30,,,,,,,,,,,,,,,,,,,,
5/2/2024 11:15,0,119,,,,,,,,,,,,,,,,,,
5/2/2024 11:00,0,120,,,,,,,,,,,,,,,,,,
5/2/2024 10:45,,120,,,,,,,,,,,,,,,,,,
5/2/2024 10:30,,,,,,,,,,,,,,,,,,,,
5/2/2024 10:15,0,121,,,,,,,,,,,,,,,,,,
5/2/2024 10:00,0,121,,,,,,,,,,,,,,,,,,
5/2/2024 9:45,,122,,,,,,,,,,,,,,,,,,
5/2/2024 9:30,,,,,,,,,,,,,,,,,,,,
5/2/2024 9:15,0,122,,,,,,,,,,,,,,,,,,
5/2/2024 9:00,0,122,,,,,,,,,,,,,,,,,,
5/2/2024 8:45,,122,,,,,,,,,,,,,,,,,,
5/2/2024 8:30,,,,,,,,,,,,,,,,,,,,
5/2/2024 8:15,0,122,,,,,,,,,,,,,,,,,,
5/2/2024 8:00,0,122,,,,,,,,,,,,,,,,,,
5/2/2024 7:45,,122,,,,,,,,,,,,,,,,,,
5/2/2024 7:30,,,,,,,,,,,,,,,,,,,,
5/2/2024 7:15,0,121,,,,,,,,,,,,,,,,,,
5/2/2024 7:00,0,120,,,,,,,,,,,,,,,,,,
5/2/2024 6:45,,120,,,,,,,,,,,,,,,,,,
5/2/2024 6:30,,,,,,,,,,,,,,,,,,,,
5/2/2024 6:15,0,119,,,,,,,,,,,,,,,,,,
5/2/2024 6:00,0,119,,,,,,,,,,,,,,,,,,
5/2/2024 5:45,,118,,,,,,,,,,,,,,,,,,
5/2/2024 5:30,,,,,,,,,,,,,,,,,,,,
5/2/2024 5:15,0,118,,,,,,,,,,,,,,,,,,
5/2/2024 5:00,0,117,,,,,,,,,,,,,,,,,,
5/2/2024 4:45,,117,,,,,,,,,,,,,,,,,,
5/2/2024 4:30,,,,,,,,,,,,,,,,,,,,
5/2/2024 4:15,0,116,,,,,,,,,,,,,,,,,,
5/2/2024 4:00,0,116,,,,,,,,,,,,,,,,,,
5/2/2024 3:45,,115,,,,,,,,,,,,,,,,,,
5/2/2024 3:30,,,,,,,,,,,,,,,,,,,,
5/2/2024 3:15,0,115,,,,,,,,,,,,,,,,,,
5/2/2024 3:00,0,116,,,,,,,,,,,,,,,,,,
5/2/2024 2:45,,117,,,,,,,,,,,,,,,,,,
5/2/2024 2:30,,,,,,,,,,,,,,,,,,,,
5/2/2024 2:15,0,118,,,,,,,,,,,,,,,,,,
5/2/2024 2:00,0,117,,,,,,,,,,,,,,,,,,
5/2/2024 1:45,,116,,,,,,,,,,,,,,,,,,
5/2/2024 1:30,,,,,,,,,,,,,,,,,,,,
5/2/2024 1:15,0,116,,,,,,,,,,,,,,,,,,
5/2/2024 1:00,0,116,,,,,,,,,,,,,,,,,,
5/2/2024 0:45,,117,,,,,,,,,,,,,,,,,,
5/2/2024 0:30,,,,,,,,,,,,,,,,,,,,
5/2/2024 0:15,0,119,,,,,,,,,,,,,,,,,,
5/2/2024 0:00,0,119,,,,,,,,,,,,,,,,,,
4/2/2024 23:45,,119,,,,,,,,,,,,,,,,,,
4/2/2024 23:30,,,,,,,,,,,,,,,,,,,,
4/2/2024 23:15,0,118,,,,,,,,,,,,,,,,,,
4/2/2024 23:00,0,117,,,,,,,,,,,,,,,,,,
4/2/2024 22:45,,118,,,,,,,,,,,,,,,,,,
4/2/2024 22:30,,,,,,,,,,,,,,,,,,,,
4/2/2024 22:15,0,117,,,,,,,,,,,,,,,,,,
4/2/2024 22:00,0,118,,,,,,,,,,,,,,,,,,
4/2/2024 21:45,,119,,,,,,,,,,,,,,,,,,
4/2/2024 21:30,,,,,,,,,,,,,,,,,,,,
4/2/2024 21:15,0,119,,,,,,,,,,,,,,,,,,
4/2/2024 21:00,0,119,,,,,,,,,,,,,,,,,,
4/2/2024 20:45,,118,,,,,,,,,,,,,,,,,,
4/2/2024 20:30,,,,,,,,,,,,,,,,,,,,
4/2/2024 20:15,0,117,,,,,,,,,,,,,,,,,,
4/2/2024 20:00,0,118,,,,,,,,,,,,,,,,,,
4/2/2024 19:45,,120,,,,,,,,,,,,,,,,,,
4/2/2024 19:30,,,,,,,,,,,,,,,,,,,,
4/2/2024 19:15,0,117,,,,,,,,,,,,,,,,,,
4/2/2024 19:00,0,116,,,,,,,,,,,,,,,,,,
4/2/2024 18:45,,116,,,,,,,,,,,,,,,,,,
4/2/2024 18:30,,,,,,,,,,,,,,,,,,,,
4/2/2024 18:15,0,116,,,,,,,,,,,,,,,,,,
4/2/2024 18:00,0,115,,,,,,,,,,,,,,,,,,
4/2/2024 17:45,,114,,,,,,,,,,,,,,,,,,
4/2/2024 17:30,,,,,,,,,,,,,,,,,,,,
4/2/2024 17:15,0,113,,,,,,,,,,,,,,,,,,
4/2/2024 17:00,0,112,,,,,,,,,,,,,,,,,,
4/2/2024 16:45,,112,,,,,,,,,,,,,,,,,,
4/2/2024 16:30,,,,,,,,,,,,,,,,,,,,
4/2/2024 16:15,0,110,,,,,,,,,,,,,,,,,,
4/2/2024 16:00,0,110,,,,,,,,,,,,,,,,,,
4/2/2024 15:45,,110,,,,,,,,,,,,,,,,,,
4/2/2024 15:30,,,,,,,,,,,,,,,,,,,,
4/2/2024 15:15,0,109,,,,,,,,,,,,,,,,,,
4/2/2024 15:00,0,108,,,,,,,,,,,,,,,,,,
4/2/2024 14:45,,108,,,,,,,,,,,,,,,,,,
4/2/2024 14:30,,,,,,,,,,,,,,,,,,,,
4/2/2024 14:15,0,106,,,,,,,,,,,,,,,,,,
4/2/2024 14:00,0,106,,,,,,,,,,,,,,,,,,
4/2/2024 13:45,,105,,,,,,,,,,,,,,,,,,
4/2/2024 13:30,,,,,,,,,,,,,,,,,,,,
4/2/2024 13:15,0,104,,,,,,,,,,,,,,,,,,
4/2/2024 13:00,0,104,,,,,,,,,,,,,,,,,,
4/2/2024 12:45,,103,,,,,,,,,,,,,,,,,,
4/2/2024 12:30,,,,,,,,,,,,,,,,,,,,
4/2/2024 12:15,0,103,,,,,,,,,,,,,,,,,,
4/2/2024 12:00,0,103,,,,,,,,,,,,,,,,,,
4/2/2024 11:45,,103,,,,,,,,,,,,,,,,,,
4/2/2024 11:30,,,,,,,,,,,,,,,,,,,,
4/2/2024 11:15,0,102,,,,,,,,,,,,,,,,,,
4/2/2024 11:00,0,102,,,,,,,,,,,,,,,,,,
4/2/2024 10:45,,102,,,,,,,,,,,,,,,,,,
4/2/2024 10:30,,,,,,,,,,,,,,,,,,,,
4/2/2024 10:15,0,102,,,,,,,,,,,,,,,,,,
4/2/2024 10:00,0,102,,,,,,,,,,,,,,,,,,
4/2/2024 9:45,,102,,,,,,,,,,,,,,,,,,
4/2/2024 9:30,,,,,,,,,,,,,,,,,,,,
4/2/2024 9:15,0,102,,,,,,,,,,,,,,,,,,
4/2/2024 9:00,0,103,,,,,,,,,,,,,,,,,,
4/2/2024 8:45,,103,,,,,,,,,,,,,,,,,,
4/2/2024 8:30,,,,,,,,,,,,,,,,,,,,
4/2/2024 8:15,0,104,,,,,,,,,,,,,,,,,,
4/2/2024 8:00,0,104,,,,,,,,,,,,,,,,,,
4/2/2024 7:45,,105,,,,,,,,,,,,,,,,,,
4/2/2024 7:30,,,,,,,,,,,,,,,,,,,,
4/2/2024 7:15,0,105,,,,,,,,,,,,,,,,,,
4/2/2024 7:00,0,106,,,,,,,,,,,,,,,,,,
4/2/2024 6:45,,106,,,,,,,,,,,,,,,,,,
4/2/2024 6:30,,,,,,,,,,,,,,,,,,,,
4/2/2024 6:15,0,107,,,,,,,,,,,,,,,,,,
4/2/2024 6:00,0,108,,,,,,,,,,,,,,,,,,
4/2/2024 5:45,,108,,,,,,,,,,,,,,,,,,
4/2/2024 5:30,,,,,,,,,,,,,,,,,,,,
4/2/2024 5:15,0,109,,,,,,,,,,,,,,,,,,
4/2/2024 5:00,0,110,,,,,,,,,,,,,,,,,,
4/2/2024 4:45,,111,,,,,,,,,,,,,,,,,,
4/2/2024 4:30,,,,,,,,,,,,,,,,,,,,
4/2/2024 4:15,0,112,,,,,,,,,,,,,,,,,,
4/2/2024 4:00,0,112,,,,,,,,,,,,,,,,,,
4/2/2024 3:45,,113,,,,,,,,,,,,,,,,,,
4/2/2024 3:30,,,,,,,,,,,,,,,,,,,,
4/2/2024 3:15,0,114,,,,,,,,,,,,,,,,,,
4/2/2024 3:00,0,114,,,,,,,,,,,,,,,,,,
4/2/2024 2:45,,115,,,,,,,,,,,,,,,,,,
4/2/2024 2:30,,,,,,,,,,,,,,,,,,,,
4/2/2024 2:15,0,117,,,,,,,,,,,,,,,,,,
4/2/2024 2:00,0,117,,,,,,,,,,,,,,,,,,
4/2/2024 1:45,,118,,,,,,,,,,,,,,,,,,
4/2/2024 1:30,,,,,,,,,,,,,,,,,,,,
4/2/2024 1:15,0,118,,,,,,,,,,,,,,,,,,
4/2/2024 1:00,0,119,,,,,,,,,,,,,,,,,,
4/2/2024 0:45,,119,,,,,,,,,,,,,,,,,,
4/2/2024 0:30,,,,,,,,,,,,,,,,,,,,
4/2/2024 0:15,0,119,,,,,,,,,,,,,,,,,,
4/2/2024 0:00,0,119,,,,,,,,,,,,,,,,,,
3/2/2024 23:45,,119,,,,,,,,,,,,,,,,,,
3/2/2024 23:30,,,,,,,,,,,,,,,,,,,,
3/2/2024 23:15,0,118,,,,,,,,,,,,,,,,,,
3/2/2024 23:00,0,118,,,,,,,,,,,,,,,,,,
3/2/2024 22:45,,118,,,,,,,,,,,,,,,,,,
3/2/2024 22:30,,,,,,,,,,,,,,,,,,,,
3/2/2024 21:15,0,115,,,,,,,,,,,,,,,,,,
3/2/2024 21:00,0,114,,,,,,,,,,,,,,,,,,
3/2/2024 20:45,,113,,,,,,,,,,,,,,,,,,
3/2/2024 20:30,,,,,,,,,,,,,,,,,,,,
3/2/2024 20:15,0,111,,,,,,,,,,,,,,,,,,
3/2/2024 20:00,0,111,,,,,,,,,,,,,,,,,,
3/2/2024 19:45,,110,,,,,,,,,,,,,,,,,,
3/2/2024 19:30,,,,,,,,,,,,,,,,,,,,
3/2/2024 19:15,0,109,,,,,,,,,,,,,,,,,,
3/2/2024 19:00,0,108,,,,,,,,,,,,,,,,,,
3/2/2024 18:45,,108,,,,,,,,,,,,,,,,,,
3/2/2024 18:30,,,,,,,,,,,,,,,,,,,,
3/2/2024 18:15,0,107,,,,,,,,,,,,,,,,,,
3/2/2024 18:00,0,106,,,,,,,,,,,,,,,,,,
3/2/2024 17:45,,105,,,,,,,,,,,,,,,,,,
3/2/2024 17:30,,,,,,,,,,,,,,,,,,,,
3/2/2024 17:15,0,104,,,,,,,,,,,,,,,,,,
3/2/2024 17:00,0,103,,,,,,,,,,,,,,,,,,
3/2/2024 16:45,,102,,,,,,,,,,,,,,,,,,
3/2/2024 16:30,,,,,,,,,,,,,,,,,,,,
3/2/2024 16:15,0,102,,,,,,,,,,,,,,,,,,
3/2/2024 16:00,0,101,,,,,,,,,,,,,,,,,,
3/2/2024 15:45,,101,,,,,,,,,,,,,,,,,,
3/2/2024 15:30,,,,,,,,,,,,,,,,,,,,
3/2/2024 15:15,0,101,,,,,,,,,,,,,,,,,,
3/2/2024 15:00,0,101,,,,,,,,,,,,,,,,,,
3/2/2024 14:45,,101,,,,,,,,,,,,,,,,,,
3/2/2024 14:30,,,,,,,,,,,,,,,,,,,,
3/2/2024 14:15,0,101,,,,,,,,,,,,,,,,,,
3/2/2024 14:00,0,102,,,,,,,,,,,,,,,,,,
3/2/2024 13:45,,103,,,,,,,,,,,,,,,,,,
3/2/2024 13:30,,,,,,,,,,,,,,,,,,,,
3/2/2024 13:15,0,103,,,,,,,,,,,,,,,,,,
3/2/2024 13:00,0,103,,,,,,,,,,,,,,,,,,
3/2/2024 12:45,,104,,,,,,,,,,,,,,,,,,
3/2/2024 12:30,,,,,,,,,,,,,,,,,,,,
3/2/2024 12:15,0,104,,,,,,,,,,,,,,,,,,
3/2/2024 12:00,0,105,,,,,,,,,,,,,,,,,,
3/2/2024 11:45,,105,,,,,,,,,,,,,,,,,,
3/2/2024 11:30,,,,,,,,,,,,,,,,,,,,
3/2/2024 11:15,0,106,,,,,,,,,,,,,,,,,,
3/2/2024 11:00,0,106,,,,,,,,,,,,,,,,,,
3/2/2024 10:45,,106,,,,,,,,,,,,,,,,,,
3/2/2024 10:30,,,,,,,,,,,,,,,,,,,,
3/2/2024 10:15,0,107,,,,,,,,,,,,,,,,,,
3/2/2024 10:00,0,108,,,,,,,,,,,,,,,,,,
3/2/2024 9:45,,108,,,,,,,,,,,,,,,,,,
3/2/2024 9:30,,,,,,,,,,,,,,,,,,,,
3/2/2024 9:15,0,110,,,,,,,,,,,,,,,,,,
3/2/2024 9:00,0,110,,,,,,,,,,,,,,,,,,
3/2/2024 8:45,,111,,,,,,,,,,,,,,,,,,
3/2/2024 8:30,,,,,,,,,,,,,,,,,,,,
3/2/2024 8:15,0,112,,,,,,,,,,,,,,,,,,
3/2/2024 8:00,0,113,,,,,,,,,,,,,,,,,,
3/2/2024 7:45,,114,,,,,,,,,,,,,,,,,,
3/2/2024 7:30,,,,,,,,,,,,,,,,,,,,
3/2/2024 7:15,0,115,,,,,,,,,,,,,,,,,,
3/2/2024 7:00,0,116,,,,,,,,,,,,,,,,,,
3/2/2024 6:45,,116,,,,,,,,,,,,,,,,,,
3/2/2024 6:30,,,,,,,,,,,,,,,,,,,,
3/2/2024 6:15,0,119,,,,,,,,,,,,,,,,,,
3/2/2024 6:00,0,120,,,,,,,,,,,,,,,,,,
3/2/2024 5:45,,120,,,,,,,,,,,,,,,,,,
3/2/2024 5:30,,,,,,,,,,,,,,,,,,,,
3/2/2024 5:15,0,122,,,,,,,,,,,,,,,,,,
3/2/2024 5:00,0,123,,,,,,,,,,,,,,,,,,
3/2/2024 4:45,,124,,,,,,,,,,,,,,,,,,
3/2/2024 4:30,,,,,,,,,,,,,,,,,,,,
3/2/2024 4:15,0,125,,,,,,,,,,,,,,,,,,
3/2/2024 4:00,0,126,,,,,,,,,,,,,,,,,,
3/2/2024 3:45,,127,,,,,,,,,,,,,,,,,,
3/2/2024 3:30,,,,,,,,,,,,,,,,,,,,
3/2/2024 3:15,0,128,,,,,,,,,,,,,,,,,,
3/2/2024 3:00,0,129,,,,,,,,,,,,,,,,,,
3/2/2024 2:45,,130,,,,,,,,,,,,,,,,,,
3/2/2024 2:30,,,,,,,,,,,,,,,,,,,,
3/2/2024 2:15,0,131,,,,,,,,,,,,,,,,,,
3/2/2024 2:00,0,131,,,,,,,,,,,,,,,,,,
3/2/2024 1:45,,132,,,,,,,,,,,,,,,,,,
3/2/2024 1:30,,,,,,,,,,,,,,,,,,,,
3/2/2024 1:15,0,133,,,,,,,,,,,,,,,,,,
3/2/2024 1:00,0,133,,,,,,,,,,,,,,,,,,
3/2/2024 0:45,,133,,,,,,,,,,,,,,,,,,
3/2/2024 0:30,,,,,,,,,,,,,,,,,,,,
3/2/2024 0:15,0,134,,,,,,,,,,,,,,,,,,
3/2/2024 0:00,0,134,,,,,,,,,,,,,,,,,,
2/2/2024 23:45,,135,,,,,,,,,,,,,,,,,,
2/2/2024 23:30,,,,,,,,,,,,,,,,,,,,
2/2/2024 23:15,0,135,,,,,,,,,,,,,,,,,,
2/2/2024 23:00,0,134,,,,,,,,,,,,,,,,,,
2/2/2024 22:45,,134,,,,,,,,,,,,,,,,,,
2/2/2024 22:30,,,,,,,,,,,,,,,,,,,,
2/2/2024 22:15,0,133,,,,,,,,,,,,,,,,,,
2/2/2024 22:00,0,133,,,,,,,,,,,,,,,,,,
2/2/2024 21:45,,133,,,,,,,,,,,,,,,,,,
2/2/2024 21:30,,,,,,,,,,,,,,,,,,,,
2/2/2024 21:15,0,132,,,,,,,,,,,,,,,,,,
2/2/2024 21:00,0,132,,,,,,,,,,,,,,,,,,
2/2/2024 20:45,,131,,,,,,,,,,,,,,,,,,
2/2/2024 20:30,,,,,,,,,,,,,,,,,,,,
2/2/2024 20:15,0,131,,,,,,,,,,,,,,,,,,
2/2/2024 20:00,0,130,,,,,,,,,,,,,,,,,,
2/2/2024 19:45,,130,,,,,,,,,,,,,,,,,,
2/2/2024 19:30,,,,,,,,,,,,,,,,,,,,
2/2/2024 19:15,0,128,,,,,,,,,,,,,,,,,,
2/2/2024 19:00,0,127,,,,,,,,,,,,,,,,,,
2/2/2024 18:45,,127,,,,,,,,,,,,,,,,,,
2/2/2024 18:30,,,,,,,,,,,,,,,,,,,,
2/2/2024 18:15,0,125,,,,,,,,,,,,,,,,,,
2/2/2024 18:00,0,125,,,,,,,,,,,,,,,,,,
2/2/2024 17:45,,125,,,,,,,,,,,,,,,,,,
2/2/2024 17:30,,,,,,,,,,,,,,,,,,,,
2/2/2024 17:15,0,124,,,,,,,,,,,,,,,,,,
2/2/2024 17:00,0,123,,,,,,,,,,,,,,,,,,
2/2/2024 16:45,,123,,,,,,,,,,,,,,,,,,
2/2/2024 16:30,,,,,,,,,,,,,,,,,,,,
2/2/2024 16:15,0,122,,,,,,,,,,,,,,,,,,
2/2/2024 16:00,0,122,,,,,,,,,,,,,,,,,,
2/2/2024 15:45,,121,,,,,,,,,,,,,,,,,,
2/2/2024 15:30,,,,,,,,,,,,,,,,,,,,
2/2/2024 15:15,0,121,,,,,,,,,,,,,,,,,,
2/2/2024 15:00,0,120,,,,,,,,,,,,,,,,,,
2/2/2024 14:45,,120,,,,,,,,,,,,,,,,,,
2/2/2024 14:30,,,,,,,,,,,,,,,,,,,,
2/2/2024 14:15,0,119,,,,,,,,,,,,,,,,,,
2/2/2024 14:00,0,119,,,,,,,,,,,,,,,,,,
2/2/2024 13:45,,118,,,,,,,,,,,,,,,,,,
2/2/2024 13:30,,,,,,,,,,,,,,,,,,,,
2/2/2024 13:15,0,118,,,,,,,,,,,,,,,,,,
2/2/2024 13:00,0,117,,,,,,,,,,,,,,,,,,
2/2/2024 12:45,,117,,,,,,,,,,,,,,,,,,
2/2/2024 12:30,,,,,,,,,,,,,,,,,,,,
2/2/2024 12:15,0,117,,,,,,,,,,,,,,,,,,
2/2/2024 12:00,0,117,,,,,,,,,,,,,,,,,,
2/2/2024 11:45,,117,,,,,,,,,,,,,,,,,,
2/2/2024 11:30,,,,,,,,,,,,,,,,,,,,
2/2/2024 11:15,0,117,,,,,,,,,,,,,,,,,,
2/2/2024 11:00,0,117,,,,,,,,,,,,,,,,,,
2/2/2024 10:45,,117,,,,,,,,,,,,,,,,,,
2/2/2024 10:30,,,,,,,,,,,,,,,,,,,,
2/2/2024 10:15,0,118,,,,,,,,,,,,,,,,,,
2/2/2024 10:00,0,118,,,,,,,,,,,,,,,,,,
2/2/2024 9:45,,118,,,,,,,,,,,,,,,,,,
2/2/2024 9:30,,,,,,,,,,,,,,,,,,,,
2/2/2024 9:15,0,119,,,,,,,,,,,,,,,,,,
2/2/2024 9:00,0,119,,,,,,,,,,,,,,,,,,
2/2/2024 8:45,,119,,,,,,,,,,,,,,,,,,
2/2/2024 8:30,,,,,,,,,,,,,,,,,,,,
2/2/2024 8:15,0,120,,,,,,,,,,,,,,,,,,
2/2/2024 8:00,0,120,,,,,,,,,,,,,,,,,,
2/2/2024 7:45,,121,,,,,,,,,,,,,,,,,,
2/2/2024 7:30,,,,,,,,,,,,,,,,,,,,
2/2/2024 7:15,0,122,,,,,,,,,,,,,,,,,,
2/2/2024 7:00,0,122,,,,,,,,,,,,,,,,,,
2/2/2024 6:45,,123,,,,,,,,,,,,,,,,,,
2/2/2024 6:30,,,,,,,,,,,,,,,,,,,,
2/2/2024 6:15,0,124,,,,,,,,,,,,,,,,,,
2/2/2024 6:00,0,125,,,,,,,,,,,,,,,,,,
2/2/2024 5:45,,125,,,,,,,,,,,,,,,,,,
2/2/2024 5:30,,,,,,,,,,,,,,,,,,,,
2/2/2024 5:15,0,127,,,,,,,,,,,,,,,,,,
2/2/2024 5:00,0,127,,,,,,,,,,,,,,,,,,
2/2/2024 4:45,,128,,,,,,,,,,,,,,,,,,
2/2/2024 4:30,,,,,,,,,,,,,,,,,,,,
2/2/2024 4:15,0,129,,,,,,,,,,,,,,,,,,
2/2/2024 4:00,0,130,,,,,,,,,,,,,,,,,,
2/2/2024 3:45,,131,,,,,,,,,,,,,,,,,,
2/2/2024 3:30,,,,,,,,,,,,,,,,,,,,
2/2/2024 3:15,0,133,,,,,,,,,,,,,,,,,,
2/2/2024 3:00,0,134,,,,,,,,,,,,,,,,,,
2/2/2024 2:45,,134,,,,,,,,,,,,,,,,,,
2/2/2024 2:30,,,,,,,,,,,,,,,,,,,,
2/2/2024 2:15,0,136,,,,,,,,,,,,,,,,,,
2/2/2024 2:00,0,137,,,,,,,,,,,,,,,,,,
2/2/2024 1:45,,137,,,,,,,,,,,,,,,,,,
2/2/2024 1:30,,,,,,,,,,,,,,,,,,,,
2/2/2024 1:15,0,139,,,,,,,,,,,,,,,,,,
2/2/2024 1:00,0,139,,,,,,,,,,,,,,,,,,
2/2/2024 0:45,,140,,,,,,,,,,,,,,,,,,
2/2/2024 0:30,,,,,,,,,,,,,,,,,,,,
1/2/2024 23:15,0,144,,,,,,,,,,,,,,,,,,
1/2/2024 23:00,0,144,,,,,,,,,,,,,,,,,,
1/2/2024 22:45,,144,,,,,,,,,,,,,,,,,,
1/2/2024 22:30,,,,,,,,,,,,,,,,,,,,
1/2/2024 20:15,0,141,,,,,,,,,,,,,,,,,,
1/2/2024 20:00,0,141,,,,,,,,,,,,,,,,,,
1/2/2024 19:45,,139,,,,,,,,,,,,,,,,,,
1/2/2024 19:30,,,,,,,,,,,,,,,,,,,,
1/2/2024 19:15,0,138,,,,,,,,,,,,,,,,,,
1/2/2024 19:00,0,136,,,,,,,,,,,,,,,,,,
1/2/2024 18:45,,135,,,,,,,,,,,,,,,,,,
1/2/2024 18:30,,,,,,,,,,,,,,,,,,,,
1/2/2024 18:15,0,133,,,,,,,,,,,,,,,,,,
1/2/2024 18:00,0,132,,,,,,,,,,,,,,,,,,
1/2/2024 17:45,,131,,,,,,,,,,,,,,,,,,
1/2/2024 17:30,,,,,,,,,,,,,,,,,,,,
1/2/2024 17:15,0,129,,,,,,,,,,,,,,,,,,
1/2/2024 17:00,0,128,,,,,,,,,,,,,,,,,,
1/2/2024 16:45,,127,,,,,,,,,,,,,,,,,,
1/2/2024 16:30,,,,,,,,,,,,,,,,,,,,
1/2/2024 16:15,0,125,,,,,,,,,,,,,,,,,,
1/2/2024 16:00,0,124,,,,,,,,,,,,,,,,,,
1/2/2024 15:45,,124,,,,,,,,,,,,,,,,,,
1/2/2024 15:30,,,,,,,,,,,,,,,,,,,,
1/2/2024 15:15,0,123,,,,,,,,,,,,,,,,,,
1/2/2024 15:00,0,123,,,,,,,,,,,,,,,,,,
1/2/2024 14:45,,122,,,,,,,,,,,,,,,,,,
1/2/2024 14:30,,,,,,,,,,,,,,,,,,,,
1/2/2024 14:15,0,122,,,,,,,,,,,,,,,,,,
1/2/2024 14:00,0,122,,,,,,,,,,,,,,,,,,
1/2/2024 13:45,,122,,,,,,,,,,,,,,,,,,
1/2/2024 13:30,,,,,,,,,,,,,,,,,,,,
1/2/2024 13:15,0,122,,,,,,,,,,,,,,,,,,
1/2/2024 13:00,0,122,,,,,,,,,,,,,,,,,,
1/2/2024 12:45,,121,,,,,,,,,,,,,,,,,,
1/2/2024 12:30,,,,,,,,,,,,,,,,,,,,
1/2/2024 12:15,0,122,,,,,,,,,,,,,,,,,,
1/2/2024 12:00,0,122,,,,,,,,,,,,,,,,,,
1/2/2024 11:45,,122,,,,,,,,,,,,,,,,,,
1/2/2024 11:30,,,,,,,,,,,,,,,,,,,,
1/2/2024 11:15,0,122,,,,,,,,,,,,,,,,,,
1/2/2024 11:00,0,122,,,,,,,,,,,,,,,,,,
1/2/2024 10:45,,122,,,,,,,,,,,,,,,,,,
1/2/2024 10:30,,,,,,,,,,,,,,,,,,,,
1/2/2024 10:15,0,123,,,,,,,,,,,,,,,,,,
1/2/2024 10:00,0,123,,,,,,,,,,,,,,,,,,
1/2/2024 9:45,,123,,,,,,,,,,,,,,,,,,
1/2/2024 9:30,,,,,,,,,,,,,,,,,,,,
1/2/2024 9:15,0,123,,,,,,,,,,,,,,,,,,
1/2/2024 9:00,0,123,,,,,,,,,,,,,,,,,,
1/2/2024 8:45,,124,,,,,,,,,,,,,,,,,,
1/2/2024 8:30,,,,,,,,,,,,,,,,,,,,
1/2/2024 8:15,0,124,,,,,,,,,,,,,,,,,,
1/2/2024 8:00,0,125,,,,,,,,,,,,,,,,,,
1/2/2024 7:45,,125,,,,,,,,,,,,,,,,,,
1/2/2024 7:30,,,,,,,,,,,,,,,,,,,,
1/2/2024 7:15,0,126,,,,,,,,,,,,,,,,,,
1/2/2024 7:00,0,126,,,,,,,,,,,,,,,,,,
1/2/2024 6:45,,127,,,,,,,,,,,,,,,,,,
1/2/2024 6:30,,,,,,,,,,,,,,,,,,,,
1/2/2024 6:15,0,128,,,,,,,,,,,,,,,,,,
1/2/2024 6:00,0,128,,,,,,,,,,,,,,,,,,
1/2/2024 5:45,,128,,,,,,,,,,,,,,,,,,
1/2/2024 5:30,,,,,,,,,,,,,,,,,,,,
1/2/2024 5:15,0,129,,,,,,,,,,,,,,,,,,
1/2/2024 5:00,0,130,,,,,,,,,,,,,,,,,,
1/2/2024 4:45,,130,,,,,,,,,,,,,,,,,,
1/2/2024 4:30,,,,,,,,,,,,,,,,,,,,
1/2/2024 4:15,0,131,,,,,,,,,,,,,,,,,,
1/2/2024 4:00,0,132,,,,,,,,,,,,,,,,,,
1/2/2024 3:45,,132,,,,,,,,,,,,,,,,,,
1/2/2024 3:30,,,,,,,,,,,,,,,,,,,,
1/2/2024 3:15,0,133,,,,,,,,,,,,,,,,,,
1/2/2024 3:00,0,134,,,,,,,,,,,,,,,,,,
1/2/2024 2:45,,135,,,,,,,,,,,,,,,,,,
1/2/2024 2:30,,,,,,,,,,,,,,,,,,,,
1/2/2024 2:15,0,136,,,,,,,,,,,,,,,,,,
1/2/2024 2:00,0,136,,,,,,,,,,,,,,,,,,
1/2/2024 1:45,,137,,,,,,,,,,,,,,,,,,
1/2/2024 1:30,,,,,,,,,,,,,,,,,,,,
1/2/2024 1:15,0,138,,,,,,,,,,,,,,,,,,
1/2/2024 1:00,0,138,,,,,,,,,,,,,,,,,,
1/2/2024 0:45,,139,,,,,,,,,,,,,,,,,,
1/2/2024 0:30,,,,,,,,,,,,,,,,,,,,
1/2/2024 0:15,0,140,,,,,,,,,,,,,,,,,,
1/2/2024 0:00,0,140,,,,,,,,,,,,,,,,,,
31/01/2024 23:45:00,,140,,,,,,,,,,,,,,,,,,
31/01/2024 23:30:00,,,,,,,,,,,,,,,,,,,,
31/01/2024 23:15:00,0,140,,,,,,,,,,,,,,,,,,
31/01/2024 23:00:00,0,140,,,,,,,,,,,,,,,,,,
31/01/2024 22:45:00,,140,,,,,,,,,,,,,,,,,,
31/01/2024 22:30:00,,,,,,,,,,,,,,,,,,,,
31/01/2024 22:15:00,0,139,,,,,,,,,,,,,,,,,,
31/01/2024 22:00:00,0,139,,,,,,,,,,,,,,,,,,
31/01/2024 21:45:00,,138,,,,,,,,,,,,,,,,,,
31/01/2024 21:30:00,,,,,,,,,,,,,,,,,,,,
31/01/2024 21:15:00,0,137,,,,,,,,,,,,,,,,,,
31/01/2024 21:00:00,0,136,,,,,,,,,,,,,,,,,,
31/01/2024 20:45:00,,135,,,,,,,,,,,,,,,,,,
31/01/2024 20:30:00,,,,,,,,,,,,,,,,,,,,
31/01/2024 20:15:00,0,134,,,,,,,,,,,,,,,,,,
31/01/2024 20:00:00,0,133,,,,,,,,,,,,,,,,,,
31/01/2024 19:45:00,,133,,,,,,,,,,,,,,,,,,
31/01/2024 19:30:00,,,,,,,,,,,,,,,,,,,,
31/01/2024 19:15:00,0,131,,,,,,,,,,,,,,,,,,
31/01/2024 19:00:00,0,131,,,,,,,,,,,,,,,,,,
31/01/2024 18:45:00,,130,,,,,,,,,,,,,,,,,,
31/01/2024 18:30:00,,,,,,,,,,,,,,,,,,,,
31/01/2024 18:15:00,0,129,,,,,,,,,,,,,,,,,,
31/01/2024 18:00:00,0,128,,,,,,,,,,,,,,,,,,
31/01/2024 17:45:00,,128,,,,,,,,,,,,,,,,,,
31/01/2024 17:30:00,,,,,,,,,,,,,,,,,,,,
31/01/2024 17:15:00,0,127,,,,,,,,,,,,,,,,,,
31/01/2024 17:00:00,0,127,,,,,,,,,,,,,,,,,,
31/01/2024 16:45:00,,127,,,,,,,,,,,,,,,,,,
31/01/2024 16:30:00,,,,,,,,,,,,,,,,,,,,
31/01/2024 16:15:00,0,126,,,,,,,,,,,,,,,,,,
31/01/2024 16:00:00,0,126,,,,,,,,,,,,,,,,,,
31/01/2024 15:45:00,,126,,,,,,,,,,,,,,,,,,
31/01/2024 15:30:00,,,,,,,,,,,,,,,,,,,,
31/01/2024 15:15:00,0,126,,,,,,,,,,,,,,,,,,
31/01/2024 15:00:00,0,127,,,,,,,,,,,,,,,,,,
31/01/2024 14:45:00,,127,,,,,,,,,,,,,,,,,,
31/01/2024 14:30:00,,,,,,,,,,,,,,,,,,,,
31/01/2024 14:15:00,0,127,,,,,,,,,,,,,,,,,,
31/01/2024 14:00:00,0,127,,,,,,,,,,,,,,,,,,
31/01/2024 13:45:00,,127,,,,,,,,,,,,,,,,,,
31/01/2024 13:30:00,,,,,,,,,,,,,,,,,,,,
31/01/2024 13:15:00,0,127,,,,,,,,,,,,,,,,,,
31/01/2024 13:00:00,0,127,,,,,,,,,,,,,,,,,,
31/01/2024 12:45:00,,127,,,,,,,,,,,,,,,,,,
31/01/2024 12:30:00,,,,,,,,,,,,,,,,,,,,
31/01/2024 12:15:00,0,128,,,,,,,,,,,,,,,,,,
31/01/2024 12:00:00,0,128,,,,,,,,,,,,,,,,,,
31/01/2024 11:45:00,,128,,,,,,,,,,,,,,,,,,
31/01/2024 11:30:00,,,,,,,,,,,,,,,,,,,,
31/01/2024 11:15:00,0,128,,,,,,,,,,,,,,,,,,
31/01/2024 11:00:00,0,128,,,,,,,,,,,,,,,,,,
31/01/2024 10:45:00,,128,,,,,,,,,,,,,,,,,,
31/01/2024 10:30:00,,,,,,,,,,,,,,,,,,,,
31/01/2024 10:15:00,0,129,,,,,,,,,,,,,,,,,,
31/01/2024 10:00:00,0,129,,,,,,,,,,,,,,,,,,
31/01/2024 09:45:00,,129,,,,,,,,,,,,,,,,,,
31/01/2024 09:30:00,,,,,,,,,,,,,,,,,,,,
31/01/2024 09:15:00,0,129,,,,,,,,,,,,,,,,,,
31/01/2024 09:00:00,0,130,,,,,,,,,,,,,,,,,,
31/01/2024 08:45:00,,130,,,,,,,,,,,,,,,,,,
31/01/2024 08:30:00,,,,,,,,,,,,,,,,,,,,
31/01/2024 08:15:00,0,131,,,,,,,,,,,,,,,,,,
31/01/2024 08:00:00,0,131,,,,,,,,,,,,,,,,,,
31/01/2024 07:45:00,,131,,,,,,,,,,,,,,,,,,
31/01/2024 07:30:00,,,,,,,,,,,,,,,,,,,,
31/01/2024 07:15:00,0,132,,,,,,,,,,,,,,,,,,
31/01/2024 07:00:00,0,132,,,,,,,,,,,,,,,,,,
31/01/2024 06:45:00,,132,,,,,,,,,,,,,,,,,,
31/01/2024 06:30:00,,,,,,,,,,,,,,,,,,,,
31/01/2024 06:15:00,0,132,,,,,,,,,,,,,,,,,,
31/01/2024 06:00:00,0,133,,,,,,,,,,,,,,,,,,
31/01/2024 05:45:00,,133,,,,,,,,,,,,,,,,,,
31/01/2024 05:30:00,,,,,,,,,,,,,,,,,,,,
31/01/2024 05:15:00,0,134,,,,,,,,,,,,,,,,,,
31/01/2024 05:00:00,0,134,,,,,,,,,,,,,,,,,,
31/01/2024 04:45:00,,135,,,,,,,,,,,,,,,,,,
31/01/2024 04:30:00,,,,,,,,,,,,,,,,,,,,
31/01/2024 04:15:00,0,136,,,,,,,,,,,,,,,,,,
31/01/2024 04:00:00,0,137,,,,,,,,,,,,,,,,,,
31/01/2024 03:45:00,,137,,,,,,,,,,,,,,,,,,
31/01/2024 03:30:00,,,,,,,,,,,,,,,,,,,,
31/01/2024 03:15:00,0,138,,,,,,,,,,,,,,,,,,
31/01/2024 03:00:00,0,138,,,,,,,,,,,,,,,,,,
31/01/2024 02:45:00,,138,,,,,,,,,,,,,,,,,,
31/01/2024 02:30:00,,,,,,,,,,,,,,,,,,,,
31/01/2024 02:15:00,0,139,,,,,,,,,,,,,,,,,,
31/01/2024 02:00:00,0,139,,,,,,,,,,,,,,,,,,
31/01/2024 01:45:00,,140,,,,,,,,,,,,,,,,,,
31/01/2024 01:30:00,,,,,,,,,,,,,,,,,,,,
31/01/2024 01:15:00,0,143,,,,,,,,,,,,,,,,,,
31/01/2024 01:00:00,0,143,,,,,,,,,,,,,,,,,,
31/01/2024 00:45:00,,144,,,,,,,,,,,,,,,,,,
31/01/2024 00:30:00,,,,,,,,,,,,,,,,,,,,
31/01/2024 00:15:00,0,143,,,,,,,,,,,,,,,,,,
31/01/2024 00:00:00,0,143,,,,,,,,,,,,,,,,,,
30/01/2024 23:45:00,,144,,,,,,,,,,,,,,,,,,
30/01/2024 23:30:00,,,,,,,,,,,,,,,,,,,,
30/01/2024 23:15:00,0,144,,,,,,,,,,,,,,,,,,
30/01/2024 23:00:00,0,144,,,,,,,,,,,,,,,,,,
30/01/2024 22:45:00,,143,,,,,,,,,,,,,,,,,,
30/01/2024 22:30:00,,,,,,,,,,,,,,,,,,,,
30/01/2024 22:15:00,0,143,,,,,,,,,,,,,,,,,,
30/01/2024 22:00:00,0,143,,,,,,,,,,,,,,,,,,
30/01/2024 21:45:00,,143,,,,,,,,,,,,,,,,,,
30/01/2024 21:30:00,,,,,,,,,,,,,,,,,,,,
30/01/2024 21:15:00,0,142,,,,,,,,,,,,,,,,,,
30/01/2024 21:00:00,0,141,,,,,,,,,,,,,,,,,,
30/01/2024 20:45:00,,141,,,,,,,,,,,,,,,,,,
30/01/2024 20:30:00,,,,,,,,,,,,,,,,,,,,
30/01/2024 20:15:00,0,140,,,,,,,,,,,,,,,,,,
30/01/2024 20:00:00,0,140,,,,,,,,,,,,,,,,,,
30/01/2024 19:45:00,,140,,,,,,,,,,,,,,,,,,
30/01/2024 19:30:00,,,,,,,,,,,,,,,,,,,,
30/01/2024 19:15:00,0,139,,,,,,,,,,,,,,,,,,
30/01/2024 19:00:00,0,138,,,,,,,,,,,,,,,,,,
30/01/2024 18:45:00,,137,,,,,,,,,,,,,,,,,,
30/01/2024 18:30:00,,,,,,,,,,,,,,,,,,,,
30/01/2024 18:15:00,0,136,,,,,,,,,,,,,,,,,,
30/01/2024 18:00:00,0,135,,,,,,,,,,,,,,,,,,
30/01/2024 17:45:00,,135,,,,,,,,,,,,,,,,,,
30/01/2024 17:30:00,,,,,,,,,,,,,,,,,,,,
30/01/2024 17:15:00,0,135,,,,,,,,,,,,,,,,,,
30/01/2024 17:00:00,0,134,,,,,,,,,,,,,,,,,,
30/01/2024 16:45:00,,134,,,,,,,,,,,,,,,,,,
30/01/2024 16:30:00,,,,,,,,,,,,,,,,,,,,
30/01/2024 16:15:00,0,134,,,,,,,,,,,,,,,,,,
30/01/2024 16:00:00,0,134,,,,,,,,,,,,,,,,,,
30/01/2024 15:45:00,,134,,,,,,,,,,,,,,,,,,
30/01/2024 15:30:00,,,,,,,,,,,,,,,,,,,,
30/01/2024 15:15:00,0,133,,,,,,,,,,,,,,,,,,
30/01/2024 15:00:00,0,133,,,,,,,,,,,,,,,,,,
30/01/2024 14:45:00,,133,,,,,,,,,,,,,,,,,,
30/01/2024 14:30:00,,,,,,,,,,,,,,,,,,,,
30/01/2024 14:15:00,0,132,,,,,,,,,,,,,,,,,,
30/01/2024 14:00:00,0,132,,,,,,,,,,,,,,,,,,
30/01/2024 13:45:00,,132,,,,,,,,,,,,,,,,,,
30/01/2024 13:30:00,,,,,,,,,,,,,,,,,,,,
30/01/2024 13:15:00,0,132,,,,,,,,,,,,,,,,,,
30/01/2024 13:00:00,0,132,,,,,,,,,,,,,,,,,,
30/01/2024 12:45:00,,132,,,,,,,,,,,,,,,,,,
30/01/2024 12:30:00,,,,,,,,,,,,,,,,,,,,
30/01/2024 12:15:00,0,132,,,,,,,,,,,,,,,,,,
30/01/2024 12:00:00,0,131,,,,,,,,,,,,,,,,,,
30/01/2024 11:45:00,,131,,,,,,,,,,,,,,,,,,
30/01/2024 11:30:00,,,,,,,,,,,,,,,,,,,,
30/01/2024 11:15:00,0,131,,,,,,,,,,,,,,,,,,
30/01/2024 11:00:00,0,131,,,,,,,,,,,,,,,,,,
30/01/2024 10:45:00,,131,,,,,,,,,,,,,,,,,,
30/01/2024 10:30:00,,,,,,,,,,,,,,,,,,,,
30/01/2024 10:15:00,0,131,,,,,,,,,,,,,,,,,,
30/01/2024 10:00:00,0,131,,,,,,,,,,,,,,,,,,
30/01/2024 09:45:00,,131,,,,,,,,,,,,,,,,,,
30/01/2024 09:30:00,,,,,,,,,,,,,,,,,,,,
30/01/2024 09:15:00,0,131,,,,,,,,,,,,,,,,,,
30/01/2024 09:00:00,0,131,,,,,,,,,,,,,,,,,,
30/01/2024 08:45:00,,131,,,,,,,,,,,,,,,,,,
30/01/2024 08:30:00,,,,,,,,,,,,,,,,,,,,
30/01/2024 08:15:00,0,132,,,,,,,,,,,,,,,,,,
30/01/2024 08:00:00,0,132,,,,,,,,,,,,,,,,,,
30/01/2024 07:45:00,,132,,,,,,,,,,,,,,,,,,
30/01/2024 07:30:00,,,,,,,,,,,,,,,,,,,,
30/01/2024 07:15:00,0,132,,,,,,,,,,,,,,,,,,
30/01/2024 07:00:00,0,132,,,,,,,,,,,,,,,,,,
30/01/2024 06:45:00,,132,,,,,,,,,,,,,,,,,,
30/01/2024 06:30:00,,,,,,,,,,,,,,,,,,,,
30/01/2024 06:15:00,0,133,,,,,,,,,,,,,,,,,,
30/01/2024 06:00:00,0,133,,,,,,,,,,,,,,,,,,
30/01/2024 05:45:00,,133,,,,,,,,,,,,,,,,,,
30/01/2024 05:30:00,,,,,,,,,,,,,,,,,,,,
30/01/2024 05:15:00,0,133,,,,,,,,,,,,,,,,,,
30/01/2024 05:00:00,0,132,,,,,,,,,,,,,,,,,,
30/01/2024 04:45:00,,132,,,,,,,,,,,,,,,,,,
30/01/2024 04:30:00,,,,,,,,,,,,,,,,,,,,
30/01/2024 04:15:00,0,132,,,,,,,,,,,,,,,,,,
30/01/2024 04:00:00,0,132,,,,,,,,,,,,,,,,,,
30/01/2024 03:45:00,,132,,,,,,,,,,,,,,,,,,
30/01/2024 03:30:00,,,,,,,,,,,,,,,,,,,,
30/01/2024 03:15:00,0,132,,,,,,,,,,,,,,,,,,
30/01/2024 03:00:00,0,132,,,,,,,,,,,,,,,,,,
30/01/2024 02:45:00,,133,,,,,,,,,,,,,,,,,,
30/01/2024 02:30:00,,,,,,,,,,,,,,,,,,,,
30/01/2024 02:15:00,0,133,,,,,,,,,,,,,,,,,,
30/01/2024 02:00:00,0,133,,,,,,,,,,,,,,,,,,
30/01/2024 01:45:00,,134,,,,,,,,,,,,,,,,,,
30/01/2024 01:30:00,,,,,,,,,,,,,,,,,,,,
30/01/2024 01:15:00,0,134,,,,,,,,,,,,,,,,,,
30/01/2024 01:00:00,0,135,,,,,,,,,,,,,,,,,,
30/01/2024 00:45:00,,135,,,,,,,,,,,,,,,,,,
30/01/2024 00:30:00,,,,,,,,,,,,,,,,,,,,
30/01/2024 00:15:00,0,136,,,,,,,,,,,,,,,,,,
30/01/2024 00:00:00,0,137,,,,,,,,,,,,,,,,,,
29/01/2024 23:45:00,,137,,,,,,,,,,,,,,,,,,
29/01/2024 23:30:00,,,,,,,,,,,,,,,,,,,,
29/01/2024 21:15:00,0,139,,,,,,,,,,,,,,,,,,
29/01/2024 21:00:00,0,138,,,,,,,,,,,,,,,,,,
29/01/2024 20:45:00,,138,,,,,,,,,,,,,,,,,,
29/01/2024 20:30:00,,,,,,,,,,,,,,,,,,,,
29/01/2024 20:15:00,0,138,,,,,,,,,,,,,,,,,,
29/01/2024 20:00:00,0,137,,,,,,,,,,,,,,,,,,
29/01/2024 19:45:00,,137,,,,,,,,,,,,,,,,,,
29/01/2024 19:30:00,,,,,,,,,,,,,,,,,,,,
29/01/2024 19:15:00,0.2,135,,,,,,,,,,,,,,,,,,
29/01/2024 19:00:00,0,134,,,,,,,,,,,,,,,,,,
29/01/2024 18:45:00,,133,,,,,,,,,,,,,,,,,,
29/01/2024 18:30:00,,,,,,,,,,,,,,,,,,,,
29/01/2024 18:15:00,0.4,131,,,,,,,,,,,,,,,,,,
29/01/2024 18:00:00,0.2,130,,,,,,,,,,,,,,,,,,
29/01/2024 17:45:00,,130,,,,,,,,,,,,,,,,,,
29/01/2024 17:30:00,,,,,,,,,,,,,,,,,,,,
29/01/2024 17:15:00,24,128,,,,,,,,,,,,,,,,,,
29/01/2024 17:00:00,3,129,,,,,,,,,,,,,,,,,,
29/01/2024 16:45:00,,128,,,,,,,,,,,,,,,,,,
29/01/2024 16:30:00,,,,,,,,,,,,,,,,,,,,
29/01/2024 16:15:00,0,128,,,,,,,,,,,,,,,,,,
29/01/2024 16:00:00,0,128,,,,,,,,,,,,,,,,,,
29/01/2024 15:45:00,,128,,,,,,,,,,,,,,,,,,
29/01/2024 15:30:00,,,,,,,,,,,,,,,,,,,,
29/01/2024 15:15:00,0,128,,,,,,,,,,,,,,,,,,
29/01/2024 15:00:00,0,127,,,,,,,,,,,,,,,,,,
29/01/2024 14:45:00,,127,,,,,,,,,,,,,,,,,,
29/01/2024 14:30:00,,,,,,,,,,,,,,,,,,,,
29/01/2024 14:15:00,0,127,,,,,,,,,,,,,,,,,,
29/01/2024 14:00:00,0,127,,,,,,,,,,,,,,,,,,
29/01/2024 13:45:00,,127,,,,,,,,,,,,,,,,,,
29/01/2024 13:30:00,,,,,,,,,,,,,,,,,,,,
29/01/2024 13:15:00,0,126,,,,,,,,,,,,,,,,,,
29/01/2024 13:00:00,0,126,,,,,,,,,,,,,,,,,,
29/01/2024 12:45:00,,126,,,,,,,,,,,,,,,,,,
29/01/2024 12:30:00,,,,,,,,,,,,,,,,,,,,
29/01/2024 12:15:00,0,126,,,,,,,,,,,,,,,,,,
29/01/2024 12:00:00,0,126,,,,,,,,,,,,,,,,,,
29/01/2024 11:45:00,,126,,,,,,,,,,,,,,,,,,
29/01/2024 11:30:00,,,,,,,,,,,,,,,,,,,,
29/01/2024 11:15:00,0,126,,,,,,,,,,,,,,,,,,
29/01/2024 11:00:00,0,127,,,,,,,,,,,,,,,,,,
29/01/2024 10:45:00,,127,,,,,,,,,,,,,,,,,,
29/01/2024 10:30:00,,,,,,,,,,,,,,,,,,,,
29/01/2024 10:15:00,0,127,,,,,,,,,,,,,,,,,,
29/01/2024 10:00:00,0,127,,,,,,,,,,,,,,,,,,
29/01/2024 09:45:00,,127,,,,,,,,,,,,,,,,,,
29/01/2024 09:30:00,,,,,,,,,,,,,,,,,,,,
29/01/2024 09:15:00,0,128,,,,,,,,,,,,,,,,,,
29/01/2024 09:00:00,0,128,,,,,,,,,,,,,,,,,,
29/01/2024 08:45:00,,128,,,,,,,,,,,,,,,,,,
29/01/2024 08:30:00,,,,,,,,,,,,,,,,,,,,
29/01/2024 08:15:00,0,128,,,,,,,,,,,,,,,,,,
29/01/2024 08:00:00,0,128,,,,,,,,,,,,,,,,,,
29/01/2024 07:45:00,,129,,,,,,,,,,,,,,,,,,
29/01/2024 07:30:00,,,,,,,,,,,,,,,,,,,,
29/01/2024 07:15:00,0,129,,,,,,,,,,,,,,,,,,
29/01/2024 07:00:00,0,129,,,,,,,,,,,,,,,,,,
29/01/2024 06:45:00,,129,,,,,,,,,,,,,,,,,,
29/01/2024 06:30:00,,,,,,,,,,,,,,,,,,,,
29/01/2024 06:15:00,0,130,,,,,,,,,,,,,,,,,,
29/01/2024 06:00:00,0,130,,,,,,,,,,,,,,,,,,
29/01/2024 05:45:00,,130,,,,,,,,,,,,,,,,,,
29/01/2024 05:30:00,,,,,,,,,,,,,,,,,,,,
29/01/2024 05:15:00,0,131,,,,,,,,,,,,,,,,,,
29/01/2024 05:00:00,0,131,,,,,,,,,,,,,,,,,,
29/01/2024 04:45:00,,132,,,,,,,,,,,,,,,,,,
29/01/2024 04:30:00,,,,,,,,,,,,,,,,,,,,
29/01/2024 04:15:00,0,132,,,,,,,,,,,,,,,,,,
29/01/2024 04:00:00,0,132,,,,,,,,,,,,,,,,,,
29/01/2024 03:45:00,,133,,,,,,,,,,,,,,,,,,
29/01/2024 03:30:00,,,,,,,,,,,,,,,,,,,,
29/01/2024 03:15:00,0,133,,,,,,,,,,,,,,,,,,
29/01/2024 03:00:00,0,133,,,,,,,,,,,,,,,,,,
29/01/2024 02:45:00,,134,,,,,,,,,,,,,,,,,,
29/01/2024 02:30:00,,,,,,,,,,,,,,,,,,,,
29/01/2024 02:15:00,0,134,,,,,,,,,,,,,,,,,,
29/01/2024 02:00:00,0,134,,,,,,,,,,,,,,,,,,
29/01/2024 01:45:00,,135,,,,,,,,,,,,,,,,,,
29/01/2024 01:30:00,,,,,,,,,,,,,,,,,,,,
29/01/2024 01:15:00,0,136,,,,,,,,,,,,,,,,,,
29/01/2024 01:00:00,0,136,,,,,,,,,,,,,,,,,,
29/01/2024 00:45:00,,136,,,,,,,,,,,,,,,,,,
29/01/2024 00:30:00,,,,,,,,,,,,,,,,,,,,
29/01/2024 00:15:00,0,137,,,,,,,,,,,,,,,,,,
29/01/2024 00:00:00,0,137,,,,,,,,,,,,,,,,,,
28/01/2024 23:45:00,,137,,,,,,,,,,,,,,,,,,
28/01/2024 23:30:00,,,,,,,,,,,,,,,,,,,,
28/01/2024 23:15:00,0,137,,,,,,,,,,,,,,,,,,
28/01/2024 23:00:00,0,137,,,,,,,,,,,,,,,,,,
28/01/2024 22:45:00,,137,,,,,,,,,,,,,,,,,,
28/01/2024 22:30:00,,,,,,,,,,,,,,,,,,,,
28/01/2024 22:15:00,0,138,,,,,,,,,,,,,,,,,,
28/01/2024 22:00:00,0,138,,,,,,,,,,,,,,,,,,
28/01/2024 21:45:00,,138,,,,,,,,,,,,,,,,,,
28/01/2024 21:30:00,,,,,,,,,,,,,,,,,,,,
28/01/2024 20:15:00,0,138,,,,,,,,,,,,,,,,,,
28/01/2024 20:00:00,0,138,,,,,,,,,,,,,,,,,,
28/01/2024 19:45:00,,138,,,,,,,,,,,,,,,,,,
28/01/2024 19:30:00,,,,,,,,,,,,,,,,,,,,
28/01/2024 19:15:00,0,138,,,,,,,,,,,,,,,,,,
28/01/2024 19:00:00,0,138,,,,,,,,,,,,,,,,,,
28/01/2024 18:45:00,,138,,,,,,,,,,,,,,,,,,
28/01/2024 18:30:00,,,,,,,,,,,,,,,,,,,,
28/01/2024 18:15:00,0,136,,,,,,,,,,,,,,,,,,
28/01/2024 18:00:00,0,136,,,,,,,,,,,,,,,,,,
28/01/2024 17:45:00,,135,,,,,,,,,,,,,,,,,,
28/01/2024 17:30:00,,,,,,,,,,,,,,,,,,,,
28/01/2024 17:15:00,0,135,,,,,,,,,,,,,,,,,,
28/01/2024 17:00:00,0,135,,,,,,,,,,,,,,,,,,
28/01/2024 16:45:00,,135,,,,,,,,,,,,,,,,,,
28/01/2024 16:30:00,,,,,,,,,,,,,,,,,,,,
28/01/2024 16:15:00,0,135,,,,,,,,,,,,,,,,,,
28/01/2024 16:00:00,0,134,,,,,,,,,,,,,,,,,,
28/01/2024 15:45:00,,134,,,,,,,,,,,,,,,,,,
28/01/2024 15:30:00,,,,,,,,,,,,,,,,,,,,
28/01/2024 15:15:00,0,133,,,,,,,,,,,,,,,,,,
28/01/2024 15:00:00,0,133,,,,,,,,,,,,,,,,,,
28/01/2024 14:45:00,,133,,,,,,,,,,,,,,,,,,
28/01/2024 14:30:00,,,,,,,,,,,,,,,,,,,,
28/01/2024 14:15:00,0,132,,,,,,,,,,,,,,,,,,
28/01/2024 14:00:00,0,133,,,,,,,,,,,,,,,,,,
28/01/2024 13:45:00,,132,,,,,,,,,,,,,,,,,,
28/01/2024 13:30:00,,,,,,,,,,,,,,,,,,,,
28/01/2024 13:15:00,0,132,,,,,,,,,,,,,,,,,,
28/01/2024 13:00:00,0,132,,,,,,,,,,,,,,,,,,
28/01/2024 12:45:00,,132,,,,,,,,,,,,,,,,,,
28/01/2024 12:30:00,,,,,,,,,,,,,,,,,,,,
28/01/2024 12:15:00,0,131,,,,,,,,,,,,,,,,,,
28/01/2024 12:00:00,0,131,,,,,,,,,,,,,,,,,,
28/01/2024 11:45:00,,131,,,,,,,,,,,,,,,,,,
28/01/2024 11:30:00,,,,,,,,,,,,,,,,,,,,
28/01/2024 11:15:00,0,131,,,,,,,,,,,,,,,,,,
28/01/2024 11:00:00,0,131,,,,,,,,,,,,,,,,,,
28/01/2024 10:45:00,,131,,,,,,,,,,,,,,,,,,
28/01/2024 10:30:00,,,,,,,,,,,,,,,,,,,,
28/01/2024 10:15:00,0,131,,,,,,,,,,,,,,,,,,
28/01/2024 10:00:00,0,131,,,,,,,,,,,,,,,,,,
28/01/2024 09:45:00,,131,,,,,,,,,,,,,,,,,,
28/01/2024 09:30:00,,,,,,,,,,,,,,,,,,,,
28/01/2024 09:15:00,0,131,,,,,,,,,,,,,,,,,,
28/01/2024 09:00:00,0,131,,,,,,,,,,,,,,,,,,
28/01/2024 08:45:00,,131,,,,,,,,,,,,,,,,,,
28/01/2024 08:30:00,,,,,,,,,,,,,,,,,,,,
28/01/2024 08:15:00,0,131,,,,,,,,,,,,,,,,,,
28/01/2024 08:00:00,0,131,,,,,,,,,,,,,,,,,,
28/01/2024 07:45:00,,132,,,,,,,,,,,,,,,,,,
28/01/2024 07:30:00,,,,,,,,,,,,,,,,,,,,
28/01/2024 07:15:00,0,132,,,,,,,,,,,,,,,,,,
28/01/2024 07:00:00,0,132,,,,,,,,,,,,,,,,,,
28/01/2024 06:45:00,,132,,,,,,,,,,,,,,,,,,
28/01/2024 06:30:00,,,,,,,,,,,,,,,,,,,,
28/01/2024 06:15:00,0,133,,,,,,,,,,,,,,,,,,
28/01/2024 06:00:00,0,133,,,,,,,,,,,,,,,,,,
28/01/2024 05:45:00,,133,,,,,,,,,,,,,,,,,,
28/01/2024 05:30:00,,,,,,,,,,,,,,,,,,,,
28/01/2024 05:15:00,0,134,,,,,,,,,,,,,,,,,,
28/01/2024 05:00:00,0,134,,,,,,,,,,,,,,,,,,
28/01/2024 04:45:00,,134,,,,,,,,,,,,,,,,,,
28/01/2024 04:30:00,,,,,,,,,,,,,,,,,,,,
28/01/2024 04:15:00,0,135,,,,,,,,,,,,,,,,,,
28/01/2024 04:00:00,0,136,,,,,,,,,,,,,,,,,,
28/01/2024 03:45:00,,136,,,,,,,,,,,,,,,,,,
28/01/2024 03:30:00,,,,,,,,,,,,,,,,,,,,
28/01/2024 03:15:00,0,136,,,,,,,,,,,,,,,,,,
28/01/2024 03:00:00,0,136,,,,,,,,,,,,,,,,,,
28/01/2024 02:45:00,,136,,,,,,,,,,,,,,,,,,
28/01/2024 02:30:00,,,,,,,,,,,,,,,,,,,,
28/01/2024 02:15:00,0,136,,,,,,,,,,,,,,,,,,
28/01/2024 02:00:00,0,136,,,,,,,,,,,,,,,,,,
28/01/2024 01:45:00,,136,,,,,,,,,,,,,,,,,,
28/01/2024 01:30:00,,,,,,,,,,,,,,,,,,,,
28/01/2024 01:15:00,0,137,,,,,,,,,,,,,,,,,,
28/01/2024 01:00:00,0,137,,,,,,,,,,,,,,,,,,
28/01/2024 00:45:00,,137,,,,,,,,,,,,,,,,,,
28/01/2024 00:30:00,,,,,,,,,,,,,,,,,,,,
28/01/2024 00:15:00,0,137,,,,,,,,,,,,,,,,,,
28/01/2024 00:00:00,0,137,,,,,,,,,,,,,,,,,,
27/01/2024 23:45:00,,137,,,,,,,,,,,,,,,,,,
27/01/2024 23:30:00,,,,,,,,,,,,,,,,,,,,
27/01/2024 22:15:00,0,139,,,,,,,,,,,,,,,,,,
27/01/2024 22:00:00,0,139,,,,,,,,,,,,,,,,,,
27/01/2024 21:45:00,,139,,,,,,,,,,,,,,,,,,
27/01/2024 21:30:00,,,,,,,,,,,,,,,,,,,,
27/01/2024 21:15:00,0,139,,,,,,,,,,,,,,,,,,
27/01/2024 21:00:00,0,139,,,,,,,,,,,,,,,,,,
27/01/2024 20:45:00,,139,,,,,,,,,,,,,,,,,,
27/01/2024 20:30:00,,,,,,,,,,,,,,,,,,,,
27/01/2024 20:15:00,0,140,,,,,,,,,,,,,,,,,,
27/01/2024 20:00:00,0,139,,,,,,,,,,,,,,,,,,
27/01/2024 19:45:00,,139,,,,,,,,,,,,,,,,,,
27/01/2024 19:30:00,,,,,,,,,,,,,,,,,,,,
27/01/2024 19:15:00,0,139,,,,,,,,,,,,,,,,,,
27/01/2024 19:00:00,0,139,,,,,,,,,,,,,,,,,,
27/01/2024 18:45:00,,139,,,,,,,,,,,,,,,,,,
27/01/2024 18:30:00,,,,,,,,,,,,,,,,,,,,
27/01/2024 18:15:00,0,140,,,,,,,,,,,,,,,,,,
27/01/2024 18:00:00,0,140,,,,,,,,,,,,,,,,,,
27/01/2024 17:45:00,,140,,,,,,,,,,,,,,,,,,
27/01/2024 17:30:00,,,,,,,,,,,,,,,,,,,,
27/01/2024 17:15:00,0,140,,,,,,,,,,,,,,,,,,
27/01/2024 17:00:00,0,140,,,,,,,,,,,,,,,,,,
27/01/2024 16:45:00,,140,,,,,,,,,,,,,,,,,,
27/01/2024 16:30:00,,,,,,,,,,,,,,,,,,,,
27/01/2024 16:15:00,0,140,,,,,,,,,,,,,,,,,,
27/01/2024 16:00:00,0,140,,,,,,,,,,,,,,,,,,
27/01/2024 15:45:00,,140,,,,,,,,,,,,,,,,,,
27/01/2024 15:30:00,,,,,,,,,,,,,,,,,,,,
27/01/2024 15:15:00,0,140,,,,,,,,,,,,,,,,,,
27/01/2024 15:00:00,0,140,,,,,,,,,,,,,,,,,,
27/01/2024 14:45:00,,140,,,,,,,,,,,,,,,,,,
27/01/2024 14:30:00,,,,,,,,,,,,,,,,,,,,
27/01/2024 14:15:00,0,141,,,,,,,,,,,,,,,,,,
27/01/2024 14:00:00,0,141,,,,,,,,,,,,,,,,,,
27/01/2024 13:45:00,,141,,,,,,,,,,,,,,,,,,
27/01/2024 13:30:00,,,,,,,,,,,,,,,,,,,,
27/01/2024 13:15:00,0,141,,,,,,,,,,,,,,,,,,
27/01/2024 13:00:00,0,142,,,,,,,,,,,,,,,,,,
27/01/2024 12:45:00,,142,,,,,,,,,,,,,,,,,,
27/01/2024 12:30:00,,,,,,,,,,,,,,,,,,,,
27/01/2024 12:15:00,0,142,,,,,,,,,,,,,,,,,,
27/01/2024 12:00:00,0,142,,,,,,,,,,,,,,,,,,
27/01/2024 11:45:00,,143,,,,,,,,,,,,,,,,,,
27/01/2024 11:30:00,,,,,,,,,,,,,,,,,,,,
27/01/2024 11:15:00,0,143,,,,,,,,,,,,,,,,,,
27/01/2024 11:00:00,0,143,,,,,,,,,,,,,,,,,,
27/01/2024 10:45:00,,143,,,,,,,,,,,,,,,,,,
27/01/2024 10:30:00,,,,,,,,,,,,,,,,,,,,
27/01/2024 10:15:00,0,143,,,,,,,,,,,,,,,,,,
27/01/2024 10:00:00,0,144,,,,,,,,,,,,,,,,,,
27/01/2024 09:45:00,,144,,,,,,,,,,,,,,,,,,
27/01/2024 09:30:00,,,,,,,,,,,,,,,,,,,,
27/01/2024 09:15:00,0,144,,,,,,,,,,,,,,,,,,
27/01/2024 09:00:00,0,144,,,,,,,,,,,,,,,,,,
27/01/2024 08:45:00,,145,,,,,,,,,,,,,,,,,,
27/01/2024 08:30:00,,,,,,,,,,,,,,,,,,,,
27/01/2024 08:15:00,0,145,,,,,,,,,,,,,,,,,,
27/01/2024 08:00:00,0,145,,,,,,,,,,,,,,,,,,
27/01/2024 07:45:00,,145,,,,,,,,,,,,,,,,,,
27/01/2024 07:30:00,,,,,,,,,,,,,,,,,,,,
27/01/2024 07:15:00,0,145,,,,,,,,,,,,,,,,,,
27/01/2024 07:00:00,0,145,,,,,,,,,,,,,,,,,,
27/01/2024 06:45:00,,145,,,,,,,,,,,,,,,,,,
27/01/2024 06:30:00,,,,,,,,,,,,,,,,,,,,
27/01/2024 06:15:00,0,145,,,,,,,,,,,,,,,,,,
27/01/2024 06:00:00,0,146,,,,,,,,,,,,,,,,,,
27/01/2024 05:45:00,,146,,,,,,,,,,,,,,,,,,
27/01/2024 05:30:00,,,,,,,,,,,,,,,,,,,,
27/01/2024 05:15:00,0,146,,,,,,,,,,,,,,,,,,
27/01/2024 05:00:00,0,146,,,,,,,,,,,,,,,,,,
27/01/2024 04:45:00,,147,,,,,,,,,,,,,,,,,,
27/01/2024 04:30:00,,,,,,,,,,,,,,,,,,,,
27/01/2024 04:15:00,0,147,,,,,,,,,,,,,,,,,,
27/01/2024 04:00:00,0,148,,,,,,,,,,,,,,,,,,
27/01/2024 03:45:00,,148,,,,,,,,,,,,,,,,,,
27/01/2024 03:30:00,,,,,,,,,,,,,,,,,,,,
27/01/2024 03:15:00,0,149,,,,,,,,,,,,,,,,,,
27/01/2024 03:00:00,0,149,,,,,,,,,,,,,,,,,,
27/01/2024 02:45:00,,149,,,,,,,,,,,,,,,,,,
27/01/2024 02:30:00,,,,,,,,,,,,,,,,,,,,
27/01/2024 02:15:00,0,150,,,,,,,,,,,,,,,,,,
27/01/2024 02:00:00,0,150,,,,,,,,,,,,,,,,,,
27/01/2024 01:45:00,,151,,,,,,,,,,,,,,,,,,
27/01/2024 01:30:00,,,,,,,,,,,,,,,,,,,,
27/01/2024 01:15:00,0,152,,,,,,,,,,,,,,,,,,
27/01/2024 01:00:00,0,152,,,,,,,,,,,,,,,,,,
27/01/2024 00:45:00,,152,,,,,,,,,,,,,,,,,,
27/01/2024 00:30:00,,,,,,,,,,,,,,,,,,,,
27/01/2024 00:15:00,0,153,,,,,,,,,,,,,,,,,,
27/01/2024 00:00:00,0,153,,,,,,,,,,,,,,,,,,
26/01/2024 23:45:00,,153,,,,,,,,,,,,,,,,,,
26/01/2024 23:30:00,,,,,,,,,,,,,,,,,,,,
26/01/2024 23:15:00,0,154,,,,,,,,,,,,,,,,,,
26/01/2024 23:00:00,0,154,,,,,,,,,,,,,,,,,,
26/01/2024 22:45:00,,154,,,,,,,,,,,,,,,,,,
26/01/2024 22:30:00,,,,,,,,,,,,,,,,,,,,
26/01/2024 22:15:00,0,155,,,,,,,,,,,,,,,,,,
26/01/2024 22:00:00,0,154,,,,,,,,,,,,,,,,,,
26/01/2024 21:45:00,,154,,,,,,,,,,,,,,,,,,
26/01/2024 21:30:00,,,,,,,,,,,,,,,,,,,,
26/01/2024 21:15:00,0,154,,,,,,,,,,,,,,,,,,
26/01/2024 21:00:00,0,154,,,,,,,,,,,,,,,,,,
26/01/2024 20:45:00,,154,,,,,,,,,,,,,,,,,,
26/01/2024 20:30:00,,,,,,,,,,,,,,,,,,,,
26/01/2024 20:15:00,0,153,,,,,,,,,,,,,,,,,,
26/01/2024 20:00:00,0,153,,,,,,,,,,,,,,,,,,
26/01/2024 19:45:00,,153,,,,,,,,,,,,,,,,,,
26/01/2024 19:30:00,,,,,,,,,,,,,,,,,,,,
26/01/2024 19:15:00,0,153,,,,,,,,,,,,,,,,,,
26/01/2024 19:00:00,0,152,,,,,,,,,,,,,,,,,,
26/01/2024 18:45:00,,151,,,,,,,,,,,,,,,,,,
26/01/2024 18:30:00,,,,,,,,,,,,,,,,,,,,
26/01/2024 18:15:00,0,150,,,,,,,,,,,,,,,,,,
26/01/2024 18:00:00,0,150,,,,,,,,,,,,,,,,,,
26/01/2024 17:45:00,,149,,,,,,,,,,,,,,,,,,
26/01/2024 17:30:00,,,,,,,,,,,,,,,,,,,,
26/01/2024 17:15:00,0,149,,,,,,,,,,,,,,,,,,
26/01/2024 17:00:00,0,149,,,,,,,,,,,,,,,,,,
26/01/2024 16:45:00,,149,,,,,,,,,,,,,,,,,,
26/01/2024 16:30:00,,,,,,,,,,,,,,,,,,,,
26/01/2024 16:15:00,0,148,,,,,,,,,,,,,,,,,,
26/01/2024 16:00:00,0,148,,,,,,,,,,,,,,,,,,
26/01/2024 15:45:00,,147,,,,,,,,,,,,,,,,,,
26/01/2024 15:30:00,,,,,,,,,,,,,,,,,,,,
26/01/2024 15:15:00,0,146,,,,,,,,,,,,,,,,,,
26/01/2024 15:00:00,0,145,,,,,,,,,,,,,,,,,,
26/01/2024 14:45:00,,145,,,,,,,,,,,,,,,,,,
26/01/2024 14:30:00,,,,,,,,,,,,,,,,,,,,
26/01/2024 14:15:00,0,145,,,,,,,,,,,,,,,,,,
26/01/2024 14:00:00,0,145,,,,,,,,,,,,,,,,,,
26/01/2024 13:45:00,,145,,,,,,,,,,,,,,,,,,
26/01/2024 13:30:00,,,,,,,,,,,,,,,,,,,,
26/01/2024 13:15:00,0,145,,,,,,,,,,,,,,,,,,
26/01/2024 13:00:00,0,145,,,,,,,,,,,,,,,,,,
26/01/2024 12:45:00,,144,,,,,,,,,,,,,,,,,,
26/01/2024 12:30:00,,,,,,,,,,,,,,,,,,,,
26/01/2024 12:15:00,0,144,,,,,,,,,,,,,,,,,,
26/01/2024 12:00:00,0,144,,,,,,,,,,,,,,,,,,
26/01/2024 11:45:00,,144,,,,,,,,,,,,,,,,,,
26/01/2024 11:30:00,,,,,,,,,,,,,,,,,,,,
26/01/2024 11:15:00,0,144,,,,,,,,,,,,,,,,,,
26/01/2024 11:00:00,0,144,,,,,,,,,,,,,,,,,,
26/01/2024 10:45:00,,144,,,,,,,,,,,,,,,,,,
26/01/2024 10:30:00,,,,,,,,,,,,,,,,,,,,
26/01/2024 10:15:00,0,144,,,,,,,,,,,,,,,,,,
26/01/2024 10:00:00,0,144,,,,,,,,,,,,,,,,,,
26/01/2024 09:45:00,,144,,,,,,,,,,,,,,,,,,
26/01/2024 09:30:00,,,,,,,,,,,,,,,,,,,,
26/01/2024 09:15:00,0,145,,,,,,,,,,,,,,,,,,
26/01/2024 09:00:00,0,145,,,,,,,,,,,,,,,,,,
26/01/2024 08:45:00,,146,,,,,,,,,,,,,,,,,,
26/01/2024 08:30:00,,,,,,,,,,,,,,,,,,,,
26/01/2024 08:15:00,0,147,,,,,,,,,,,,,,,,,,
26/01/2024 08:00:00,0,147,,,,,,,,,,,,,,,,,,
26/01/2024 07:45:00,,147,,,,,,,,,,,,,,,,,,
26/01/2024 07:30:00,,,,,,,,,,,,,,,,,,,,
26/01/2024 07:15:00,0,148,,,,,,,,,,,,,,,,,,
26/01/2024 07:00:00,0,148,,,,,,,,,,,,,,,,,,
26/01/2024 06:45:00,,149,,,,,,,,,,,,,,,,,,
26/01/2024 06:30:00,,,,,,,,,,,,,,,,,,,,
26/01/2024 06:15:00,0,149,,,,,,,,,,,,,,,,,,
26/01/2024 06:00:00,0,150,,,,,,,,,,,,,,,,,,
26/01/2024 05:45:00,,150,,,,,,,,,,,,,,,,,,
26/01/2024 05:30:00,,,,,,,,,,,,,,,,,,,,
26/01/2024 05:15:00,0,151,,,,,,,,,,,,,,,,,,
26/01/2024 05:00:00,0,152,,,,,,,,,,,,,,,,,,
26/01/2024 04:45:00,,152,,,,,,,,,,,,,,,,,,
26/01/2024 04:30:00,,,,,,,,,,,,,,,,,,,,
26/01/2024 04:15:00,0,153,,,,,,,,,,,,,,,,,,
26/01/2024 04:00:00,0,153,,,,,,,,,,,,,,,,,,
26/01/2024 03:45:00,,153,,,,,,,,,,,,,,,,,,
26/01/2024 03:30:00,,,,,,,,,,,,,,,,,,,,
26/01/2024 03:15:00,0,154,,,,,,,,,,,,,,,,,,
26/01/2024 03:00:00,0,154,,,,,,,,,,,,,,,,,,
26/01/2024 02:45:00,,155,,,,,,,,,,,,,,,,,,
26/01/2024 02:30:00,,,,,,,,,,,,,,,,,,,,
26/01/2024 02:15:00,0,155,,,,,,,,,,,,,,,,,,
26/01/2024 02:00:00,0,156,,,,,,,,,,,,,,,,,,
26/01/2024 01:45:00,,156,,,,,,,,,,,,,,,,,,
26/01/2024 01:30:00,,,,,,,,,,,,,,,,,,,,
26/01/2024 01:15:00,0,157,,,,,,,,,,,,,,,,,,
26/01/2024 01:00:00,0,157,,,,,,,,,,,,,,,,,,
26/01/2024 00:45:00,,158,,,,,,,,,,,,,,,,,,
26/01/2024 00:30:00,,,,,,,,,,,,,,,,,,,,
26/01/2024 00:15:00,0,158,,,,,,,,,,,,,,,,,,
26/01/2024 00:00:00,0,158,,,,,,,,,,,,,,,,,,
25/01/2024 23:45:00,,159,,,,,,,,,,,,,,,,,,
25/01/2024 23:30:00,,,,,,,,,,,,,,,,,,,,
25/01/2024 23:15:00,0,159,,,,,,,,,,,,,,,,,,
25/01/2024 23:00:00,0,159,,,,,,,,,,,,,,,,,,
25/01/2024 22:45:00,,159,,,,,,,,,,,,,,,,,,
25/01/2024 22:30:00,,,,,,,,,,,,,,,,,,,,
25/01/2024 22:15:00,0,160,,,,,,,,,,,,,,,,,,
25/01/2024 22:00:00,0,160,,,,,,,,,,,,,,,,,,
25/01/2024 21:45:00,,160,,,,,,,,,,,,,,,,,,
25/01/2024 21:30:00,,,,,,,,,,,,,,,,,,,,
25/01/2024 21:15:00,0,159,,,,,,,,,,,,,,,,,,
25/01/2024 21:00:00,0,159,,,,,,,,,,,,,,,,,,
25/01/2024 20:45:00,,158,,,,,,,,,,,,,,,,,,
25/01/2024 20:30:00,,,,,,,,,,,,,,,,,,,,
25/01/2024 20:15:00,0,158,,,,,,,,,,,,,,,,,,
25/01/2024 20:00:00,0,157,,,,,,,,,,,,,,,,,,
25/01/2024 19:45:00,,156,,,,,,,,,,,,,,,,,,
25/01/2024 19:30:00,,,,,,,,,,,,,,,,,,,,
25/01/2024 19:15:00,0,155,,,,,,,,,,,,,,,,,,
25/01/2024 19:00:00,0,155,,,,,,,,,,,,,,,,,,
25/01/2024 18:45:00,,155,,,,,,,,,,,,,,,,,,
25/01/2024 18:30:00,,,,,,,,,,,,,,,,,,,,
25/01/2024 18:15:00,0,153,,,,,,,,,,,,,,,,,,
25/01/2024 18:00:00,0,154,,,,,,,,,,,,,,,,,,
25/01/2024 17:45:00,,153,,,,,,,,,,,,,,,,,,
25/01/2024 17:30:00,,,,,,,,,,,,,,,,,,,,
25/01/2024 17:15:00,0,153,,,,,,,,,,,,,,,,,,
25/01/2024 17:00:00,0,152,,,,,,,,,,,,,,,,,,
25/01/2024 16:45:00,,152,,,,,,,,,,,,,,,,,,
25/01/2024 16:30:00,,,,,,,,,,,,,,,,,,,,
25/01/2024 16:15:00,0,152,,,,,,,,,,,,,,,,,,
25/01/2024 16:00:00,0,151,,,,,,,,,,,,,,,,,,
25/01/2024 15:45:00,,151,,,,,,,,,,,,,,,,,,
25/01/2024 15:30:00,,,,,,,,,,,,,,,,,,,,
25/01/2024 15:15:00,0,151,,,,,,,,,,,,,,,,,,
25/01/2024 15:00:00,0,151,,,,,,,,,,,,,,,,,,
25/01/2024 14:45:00,,151,,,,,,,,,,,,,,,,,,
25/01/2024 14:30:00,,,,,,,,,,,,,,,,,,,,
25/01/2024 14:15:00,0,150,,,,,,,,,,,,,,,,,,
25/01/2024 14:00:00,0,150,,,,,,,,,,,,,,,,,,
25/01/2024 13:45:00,,150,,,,,,,,,,,,,,,,,,
25/01/2024 13:30:00,,,,,,,,,,,,,,,,,,,,
25/01/2024 13:15:00,0,150,,,,,,,,,,,,,,,,,,
25/01/2024 13:00:00,0,150,,,,,,,,,,,,,,,,,,
25/01/2024 12:45:00,,149,,,,,,,,,,,,,,,,,,
25/01/2024 12:30:00,,,,,,,,,,,,,,,,,,,,
25/01/2024 12:15:00,0,149,,,,,,,,,,,,,,,,,,
25/01/2024 12:00:00,0,149,,,,,,,,,,,,,,,,,,
25/01/2024 11:45:00,,149,,,,,,,,,,,,,,,,,,
25/01/2024 11:30:00,,,,,,,,,,,,,,,,,,,,
25/01/2024 11:15:00,0,148,,,,,,,,,,,,,,,,,,
25/01/2024 11:00:00,0,148,,,,,,,,,,,,,,,,,,
25/01/2024 10:45:00,,148,,,,,,,,,,,,,,,,,,
25/01/2024 10:30:00,,,,,,,,,,,,,,,,,,,,
25/01/2024 10:15:00,0,148,,,,,,,,,,,,,,,,,,
25/01/2024 10:00:00,0,148,,,,,,,,,,,,,,,,,,
25/01/2024 09:45:00,,147,,,,,,,,,,,,,,,,,,
25/01/2024 09:30:00,,,,,,,,,,,,,,,,,,,,
25/01/2024 09:15:00,0,147,,,,,,,,,,,,,,,,,,
25/01/2024 09:00:00,0,147,,,,,,,,,,,,,,,,,,
25/01/2024 08:45:00,,147,,,,,,,,,,,,,,,,,,
25/01/2024 08:30:00,,,,,,,,,,,,,,,,,,,,
25/01/2024 08:15:00,0,147,,,,,,,,,,,,,,,,,,
25/01/2024 08:00:00,0,147,,,,,,,,,,,,,,,,,,
25/01/2024 07:45:00,,147,,,,,,,,,,,,,,,,,,
25/01/2024 07:30:00,,,,,,,,,,,,,,,,,,,,
25/01/2024 07:15:00,0,147,,,,,,,,,,,,,,,,,,
25/01/2024 07:00:00,0,147,,,,,,,,,,,,,,,,,,
25/01/2024 06:45:00,,147,,,,,,,,,,,,,,,,,,
25/01/2024 06:30:00,,,,,,,,,,,,,,,,,,,,
25/01/2024 06:15:00,0,147,,,,,,,,,,,,,,,,,,
25/01/2024 06:00:00,0,147,,,,,,,,,,,,,,,,,,
25/01/2024 05:45:00,,147,,,,,,,,,,,,,,,,,,
25/01/2024 05:30:00,,,,,,,,,,,,,,,,,,,,
25/01/2024 05:15:00,0,148,,,,,,,,,,,,,,,,,,
25/01/2024 05:00:00,0,148,,,,,,,,,,,,,,,,,,
25/01/2024 04:45:00,,148,,,,,,,,,,,,,,,,,,
25/01/2024 04:30:00,,,,,,,,,,,,,,,,,,,,
25/01/2024 04:15:00,0,149,,,,,,,,,,,,,,,,,,
25/01/2024 04:00:00,0,149,,,,,,,,,,,,,,,,,,
25/01/2024 03:45:00,,149,,,,,,,,,,,,,,,,,,
25/01/2024 03:30:00,,,,,,,,,,,,,,,,,,,,
25/01/2024 03:15:00,0,150,,,,,,,,,,,,,,,,,,
25/01/2024 03:00:00,0,150,,,,,,,,,,,,,,,,,,
25/01/2024 02:45:00,,150,,,,,,,,,,,,,,,,,,
25/01/2024 02:30:00,,,,,,,,,,,,,,,,,,,,
25/01/2024 02:15:00,0,151,,,,,,,,,,,,,,,,,,
25/01/2024 02:00:00,0,151,,,,,,,,,,,,,,,,,,
25/01/2024 01:45:00,,152,,,,,,,,,,,,,,,,,,
25/01/2024 01:30:00,,,,,,,,,,,,,,,,,,,,
25/01/2024 01:15:00,0,152,,,,,,,,,,,,,,,,,,
25/01/2024 01:00:00,0,153,,,,,,,,,,,,,,,,,,
25/01/2024 00:45:00,,153,,,,,,,,,,,,,,,,,,
25/01/2024 00:30:00,,,,,,,,,,,,,,,,,,,,
25/01/2024 00:15:00,0,154,,,,,,,,,,,,,,,,,,
25/01/2024 00:00:00,0,154,,,,,,,,,,,,,,,,,,
24/01/2024 23:45:00,,154,,,,,,,,,,,,,,,,,,
24/01/2024 23:30:00,,,,,,,,,,,,,,,,,,,,
24/01/2024 23:15:00,0,155,,,,,,,,,,,,,,,,,,
24/01/2024 23:00:00,0,155,,,,,,,,,,,,,,,,,,
24/01/2024 22:45:00,,155,,,,,,,,,,,,,,,,,,
24/01/2024 22:30:00,,,,,,,,,,,,,,,,,,,,
24/01/2024 21:15:00,0,155,,,,,,,,,,,,,,,,,,
24/01/2024 21:00:00,0,154,,,,,,,,,,,,,,,,,,
24/01/2024 20:45:00,,155,,,,,,,,,,,,,,,,,,
24/01/2024 20:30:00,,,,,,,,,,,,,,,,,,,,
24/01/2024 20:15:00,0,155,,,,,,,,,,,,,,,,,,
24/01/2024 20:00:00,0,155,,,,,,,,,,,,,,,,,,
24/01/2024 19:45:00,,155,,,,,,,,,,,,,,,,,,
24/01/2024 19:30:00,,,,,,,,,,,,,,,,,,,,
24/01/2024 19:15:00,0,155,,,,,,,,,,,,,,,,,,
24/01/2024 19:00:00,0,155,,,,,,,,,,,,,,,,,,
24/01/2024 18:45:00,,155,,,,,,,,,,,,,,,,,,
24/01/2024 18:30:00,,,,,,,,,,,,,,,,,,,,
24/01/2024 18:15:00,0,155,,,,,,,,,,,,,,,,,,
24/01/2024 18:00:00,0,155,,,,,,,,,,,,,,,,,,
24/01/2024 17:45:00,,156,,,,,,,,,,,,,,,,,,
24/01/2024 17:30:00,,,,,,,,,,,,,,,,,,,,
24/01/2024 17:15:00,0.4,155,,,,,,,,,,,,,,,,,,
24/01/2024 17:00:00,0.2,155,,,,,,,,,,,,,,,,,,
24/01/2024 16:45:00,,155,,,,,,,,,,,,,,,,,,
24/01/2024 16:30:00,,,,,,,,,,,,,,,,,,,,
24/01/2024 16:15:00,0,156,,,,,,,,,,,,,,,,,,
24/01/2024 16:00:00,0,155,,,,,,,,,,,,,,,,,,
24/01/2024 15:45:00,,155,,,,,,,,,,,,,,,,,,
24/01/2024 15:30:00,,,,,,,,,,,,,,,,,,,,
24/01/2024 15:15:00,0,153,,,,,,,,,,,,,,,,,,
24/01/2024 15:00:00,0,152,,,,,,,,,,,,,,,,,,
24/01/2024 14:45:00,,152,,,,,,,,,,,,,,,,,,
24/01/2024 14:30:00,,,,,,,,,,,,,,,,,,,,
24/01/2024 14:15:00,0,152,,,,,,,,,,,,,,,,,,
24/01/2024 14:00:00,0,152,,,,,,,,,,,,,,,,,,
24/01/2024 13:45:00,,151,,,,,,,,,,,,,,,,,,
24/01/2024 13:30:00,,,,,,,,,,,,,,,,,,,,
24/01/2024 13:15:00,1.4,150,,,,,,,,,,,,,,,,,,
24/01/2024 13:00:00,0,152,,,,,,,,,,,,,,,,,,
24/01/2024 12:45:00,,151,,,,,,,,,,,,,,,,,,
24/01/2024 12:30:00,,,,,,,,,,,,,,,,,,,,
24/01/2024 12:15:00,0,151,,,,,,,,,,,,,,,,,,
24/01/2024 12:00:00,0,152,,,,,,,,,,,,,,,,,,
24/01/2024 11:45:00,,152,,,,,,,,,,,,,,,,,,
24/01/2024 11:30:00,,,,,,,,,,,,,,,,,,,,
24/01/2024 11:15:00,0,152,,,,,,,,,,,,,,,,,,
24/01/2024 11:00:00,0,153,,,,,,,,,,,,,,,,,,
24/01/2024 10:45:00,,153,,,,,,,,,,,,,,,,,,
24/01/2024 10:30:00,,,,,,,,,,,,,,,,,,,,
24/01/2024 10:15:00,0,153,,,,,,,,,,,,,,,,,,
24/01/2024 10:00:00,0,154,,,,,,,,,,,,,,,,,,
24/01/2024 09:45:00,,154,,,,,,,,,,,,,,,,,,
24/01/2024 09:30:00,,,,,,,,,,,,,,,,,,,,
24/01/2024 09:15:00,0,155,,,,,,,,,,,,,,,,,,
24/01/2024 09:00:00,0,155,,,,,,,,,,,,,,,,,,
24/01/2024 08:45:00,,156,,,,,,,,,,,,,,,,,,
24/01/2024 08:30:00,,,,,,,,,,,,,,,,,,,,
24/01/2024 08:15:00,0,157,,,,,,,,,,,,,,,,,,
24/01/2024 08:00:00,0,157,,,,,,,,,,,,,,,,,,
24/01/2024 07:45:00,,158,,,,,,,,,,,,,,,,,,
24/01/2024 07:30:00,,,,,,,,,,,,,,,,,,,,
24/01/2024 07:15:00,0,159,,,,,,,,,,,,,,,,,,
24/01/2024 07:00:00,0,159,,,,,,,,,,,,,,,,,,
24/01/2024 06:45:00,,159,,,,,,,,,,,,,,,,,,
24/01/2024 06:30:00,,,,,,,,,,,,,,,,,,,,
24/01/2024 06:15:00,0,160,,,,,,,,,,,,,,,,,,
24/01/2024 06:00:00,0,161,,,,,,,,,,,,,,,,,,
24/01/2024 05:45:00,,161,,,,,,,,,,,,,,,,,,
24/01/2024 05:30:00,,,,,,,,,,,,,,,,,,,,
24/01/2024 05:15:00,0,162,,,,,,,,,,,,,,,,,,
24/01/2024 05:00:00,0,162,,,,,,,,,,,,,,,,,,
24/01/2024 04:45:00,,163,,,,,,,,,,,,,,,,,,
24/01/2024 04:30:00,,,,,,,,,,,,,,,,,,,,
24/01/2024 04:15:00,0,163,,,,,,,,,,,,,,,,,,
24/01/2024 04:00:00,0,164,,,,,,,,,,,,,,,,,,
24/01/2024 03:45:00,,164,,,,,,,,,,,,,,,,,,
24/01/2024 03:30:00,,,,,,,,,,,,,,,,,,,,
24/01/2024 03:15:00,0,165,,,,,,,,,,,,,,,,,,
24/01/2024 03:00:00,0,165,,,,,,,,,,,,,,,,,,
24/01/2024 02:45:00,,166,,,,,,,,,,,,,,,,,,
24/01/2024 02:30:00,,,,,,,,,,,,,,,,,,,,
24/01/2024 02:15:00,0,167,,,,,,,,,,,,,,,,,,
24/01/2024 02:00:00,0,167,,,,,,,,,,,,,,,,,,
24/01/2024 01:45:00,,167,,,,,,,,,,,,,,,,,,
24/01/2024 01:30:00,,,,,,,,,,,,,,,,,,,,
24/01/2024 01:15:00,0,168,,,,,,,,,,,,,,,,,,
24/01/2024 01:00:00,0,168,,,,,,,,,,,,,,,,,,
24/01/2024 00:45:00,,169,,,,,,,,,,,,,,,,,,
24/01/2024 00:30:00,,,,,,,,,,,,,,,,,,,,
24/01/2024 00:15:00,0,169,,,,,,,,,,,,,,,,,,
24/01/2024 00:00:00,0,169,,,,,,,,,,,,,,,,,,
23/01/2024 23:45:00,,169,,,,,,,,,,,,,,,,,,
23/01/2024 23:30:00,,,,,,,,,,,,,,,,,,,,
23/01/2024 23:15:00,0,169,,,,,,,,,,,,,,,,,,
23/01/2024 23:00:00,0,170,,,,,,,,,,,,,,,,,,
23/01/2024 22:45:00,,170,,,,,,,,,,,,,,,,,,
23/01/2024 22:30:00,,,,,,,,,,,,,,,,,,,,
23/01/2024 22:15:00,0,170,,,,,,,,,,,,,,,,,,
23/01/2024 22:00:00,0,170,,,,,,,,,,,,,,,,,,
23/01/2024 21:45:00,,169,,,,,,,,,,,,,,,,,,
23/01/2024 21:30:00,,,,,,,,,,,,,,,,,,,,
23/01/2024 21:15:00,0,169,,,,,,,,,,,,,,,,,,
23/01/2024 21:00:00,0,168,,,,,,,,,,,,,,,,,,
23/01/2024 20:45:00,,169,,,,,,,,,,,,,,,,,,
23/01/2024 20:30:00,,,,,,,,,,,,,,,,,,,,
23/01/2024 20:15:00,0,168,,,,,,,,,,,,,,,,,,
23/01/2024 20:00:00,0,168,,,,,,,,,,,,,,,,,,
23/01/2024 19:45:00,,168,,,,,,,,,,,,,,,,,,
23/01/2024 19:30:00,,,,,,,,,,,,,,,,,,,,
23/01/2024 19:15:00,0,167,,,,,,,,,,,,,,,,,,
23/01/2024 19:00:00,0,166,,,,,,,,,,,,,,,,,,
23/01/2024 18:45:00,,166,,,,,,,,,,,,,,,,,,
23/01/2024 18:30:00,,,,,,,,,,,,,,,,,,,,
23/01/2024 18:15:00,0,166,,,,,,,,,,,,,,,,,,
23/01/2024 18:00:00,0,166,,,,,,,,,,,,,,,,,,
23/01/2024 17:45:00,,165,,,,,,,,,,,,,,,,,,
23/01/2024 17:30:00,,,,,,,,,,,,,,,,,,,,
23/01/2024 17:15:00,0,166,,,,,,,,,,,,,,,,,,
23/01/2024 17:00:00,0,165,,,,,,,,,,,,,,,,,,
23/01/2024 16:45:00,,165,,,,,,,,,,,,,,,,,,
23/01/2024 16:30:00,,,,,,,,,,,,,,,,,,,,
23/01/2024 16:15:00,0,165,,,,,,,,,,,,,,,,,,
23/01/2024 16:00:00,0,164,,,,,,,,,,,,,,,,,,
23/01/2024 15:45:00,,164,,,,,,,,,,,,,,,,,,
23/01/2024 15:30:00,,,,,,,,,,,,,,,,,,,,
23/01/2024 15:15:00,0,164,,,,,,,,,,,,,,,,,,
23/01/2024 15:00:00,0,165,,,,,,,,,,,,,,,,,,
23/01/2024 14:45:00,,165,,,,,,,,,,,,,,,,,,
23/01/2024 14:30:00,,,,,,,,,,,,,,,,,,,,
23/01/2024 14:15:00,0,165,,,,,,,,,,,,,,,,,,
23/01/2024 14:00:00,0,165,,,,,,,,,,,,,,,,,,
23/01/2024 13:45:00,,164,,,,,,,,,,,,,,,,,,
23/01/2024 13:30:00,,,,,,,,,,,,,,,,,,,,
23/01/2024 13:15:00,0,165,,,,,,,,,,,,,,,,,,
23/01/2024 13:00:00,0,165,,,,,,,,,,,,,,,,,,
23/01/2024 12:45:00,,166,,,,,,,,,,,,,,,,,,
23/01/2024 12:30:00,,,,,,,,,,,,,,,,,,,,
23/01/2024 12:15:00,0,165,,,,,,,,,,,,,,,,,,
23/01/2024 12:00:00,0,166,,,,,,,,,,,,,,,,,,
23/01/2024 11:45:00,,166,,,,,,,,,,,,,,,,,,
23/01/2024 11:30:00,,,,,,,,,,,,,,,,,,,,
23/01/2024 11:15:00,0,166,,,,,,,,,,,,,,,,,,
23/01/2024 11:00:00,0,167,,,,,,,,,,,,,,,,,,
23/01/2024 10:45:00,,167,,,,,,,,,,,,,,,,,,
23/01/2024 10:30:00,,,,,,,,,,,,,,,,,,,,
23/01/2024 10:15:00,0,167,,,,,,,,,,,,,,,,,,
23/01/2024 10:00:00,0,167,,,,,,,,,,,,,,,,,,
23/01/2024 09:45:00,,167,,,,,,,,,,,,,,,,,,
23/01/2024 09:30:00,,,,,,,,,,,,,,,,,,,,
23/01/2024 09:15:00,0,168,,,,,,,,,,,,,,,,,,
23/01/2024 09:00:00,0,168,,,,,,,,,,,,,,,,,,
23/01/2024 08:45:00,,168,,,,,,,,,,,,,,,,,,
23/01/2024 08:30:00,,,,,,,,,,,,,,,,,,,,
23/01/2024 08:15:00,0,168,,,,,,,,,,,,,,,,,,
23/01/2024 08:00:00,0,169,,,,,,,,,,,,,,,,,,
23/01/2024 07:45:00,,169,,,,,,,,,,,,,,,,,,
23/01/2024 07:30:00,,,,,,,,,,,,,,,,,,,,
23/01/2024 07:15:00,0,170,,,,,,,,,,,,,,,,,,
23/01/2024 07:00:00,0,170,,,,,,,,,,,,,,,,,,
23/01/2024 06:45:00,,171,,,,,,,,,,,,,,,,,,
23/01/2024 06:30:00,,,,,,,,,,,,,,,,,,,,
23/01/2024 06:15:00,0,171,,,,,,,,,,,,,,,,,,
23/01/2024 06:00:00,0,172,,,,,,,,,,,,,,,,,,
23/01/2024 05:45:00,,172,,,,,,,,,,,,,,,,,,
23/01/2024 05:30:00,,,,,,,,,,,,,,,,,,,,
23/01/2024 05:15:00,0,173,,,,,,,,,,,,,,,,,,
23/01/2024 05:00:00,0,173,,,,,,,,,,,,,,,,,,
23/01/2024 04:45:00,,174,,,,,,,,,,,,,,,,,,
23/01/2024 04:30:00,,,,,,,,,,,,,,,,,,,,
23/01/2024 04:15:00,0,174,,,,,,,,,,,,,,,,,,
23/01/2024 04:00:00,0,175,,,,,,,,,,,,,,,,,,
23/01/2024 03:45:00,,175,,,,,,,,,,,,,,,,,,
23/01/2024 03:30:00,,,,,,,,,,,,,,,,,,,,
23/01/2024 03:15:00,0,175,,,,,,,,,,,,,,,,,,
23/01/2024 03:00:00,0,176,,,,,,,,,,,,,,,,,,
23/01/2024 02:45:00,,176,,,,,,,,,,,,,,,,,,
23/01/2024 02:30:00,,,,,,,,,,,,,,,,,,,,
23/01/2024 02:15:00,0,177,,,,,,,,,,,,,,,,,,
23/01/2024 02:00:00,0,177,,,,,,,,,,,,,,,,,,
23/01/2024 01:45:00,,177,,,,,,,,,,,,,,,,,,
23/01/2024 01:30:00,,,,,,,,,,,,,,,,,,,,
23/01/2024 01:15:00,0,179,,,,,,,,,,,,,,,,,,
23/01/2024 01:00:00,0,179,,,,,,,,,,,,,,,,,,
23/01/2024 00:45:00,,180,,,,,,,,,,,,,,,,,,
23/01/2024 00:30:00,,,,,,,,,,,,,,,,,,,,
23/01/2024 00:15:00,0,179,,,,,,,,,,,,,,,,,,
23/01/2024 00:00:00,0,179,,,,,,,,,,,,,,,,,,
22/01/2024 23:45:00,,180,,,,,,,,,,,,,,,,,,
22/01/2024 23:30:00,,,,,,,,,,,,,,,,,,,,
22/01/2024 23:15:00,0,180,,,,,,,,,,,,,,,,,,
22/01/2024 23:00:00,0,180,,,,,,,,,,,,,,,,,,
22/01/2024 22:45:00,,180,,,,,,,,,,,,,,,,,,
22/01/2024 22:30:00,,,,,,,,,,,,,,,,,,,,
22/01/2024 22:15:00,0,180,,,,,,,,,,,,,,,,,,
22/01/2024 22:00:00,0,180,,,,,,,,,,,,,,,,,,
22/01/2024 21:45:00,,180,,,,,,,,,,,,,,,,,,
22/01/2024 21:30:00,,,,,,,,,,,,,,,,,,,,
22/01/2024 21:15:00,0,180,,,,,,,,,,,,,,,,,,
22/01/2024 21:00:00,0,180,,,,,,,,,,,,,,,,,,
22/01/2024 20:45:00,,180,,,,,,,,,,,,,,,,,,
22/01/2024 20:30:00,,,,,,,,,,,,,,,,,,,,
22/01/2024 20:15:00,0,180,,,,,,,,,,,,,,,,,,
22/01/2024 20:00:00,0,180,,,,,,,,,,,,,,,,,,
22/01/2024 19:45:00,,180,,,,,,,,,,,,,,,,,,
22/01/2024 19:30:00,,,,,,,,,,,,,,,,,,,,
22/01/2024 19:15:00,0,180,,,,,,,,,,,,,,,,,,
22/01/2024 19:00:00,0,180,,,,,,,,,,,,,,,,,,
22/01/2024 18:45:00,,181,,,,,,,,,,,,,,,,,,
22/01/2024 18:30:00,,,,,,,,,,,,,,,,,,,,
22/01/2024 18:15:00,0,180,,,,,,,,,,,,,,,,,,
22/01/2024 18:00:00,0,180,,,,,,,,,,,,,,,,,,
22/01/2024 17:45:00,,180,,,,,,,,,,,,,,,,,,
22/01/2024 17:30:00,,,,,,,,,,,,,,,,,,,,
22/01/2024 17:15:00,0,180,,,,,,,,,,,,,,,,,,
22/01/2024 17:00:00,0,179,,,,,,,,,,,,,,,,,,
22/01/2024 16:45:00,,180,,,,,,,,,,,,,,,,,,
22/01/2024 16:30:00,,,,,,,,,,,,,,,,,,,,
22/01/2024 16:15:00,0,179,,,,,,,,,,,,,,,,,,
22/01/2024 16:00:00,0,179,,,,,,,,,,,,,,,,,,
22/01/2024 15:45:00,,179,,,,,,,,,,,,,,,,,,
22/01/2024 15:30:00,,,,,,,,,,,,,,,,,,,,
22/01/2024 15:15:00,0,179,,,,,,,,,,,,,,,,,,
22/01/2024 15:00:00,0,179,,,,,,,,,,,,,,,,,,
22/01/2024 14:45:00,,179,,,,,,,,,,,,,,,,,,
22/01/2024 14:30:00,,,,,,,,,,,,,,,,,,,,
22/01/2024 14:15:00,0,179,,,,,,,,,,,,,,,,,,
22/01/2024 14:00:00,0,180,,,,,,,,,,,,,,,,,,
22/01/2024 13:45:00,,180,,,,,,,,,,,,,,,,,,
22/01/2024 13:30:00,,,,,,,,,,,,,,,,,,,,
22/01/2024 13:15:00,0,180,,,,,,,,,,,,,,,,,,
22/01/2024 13:00:00,0,179,,,,,,,,,,,,,,,,,,
22/01/2024 12:45:00,,180,,,,,,,,,,,,,,,,,,
22/01/2024 12:30:00,,,,,,,,,,,,,,,,,,,,
22/01/2024 12:15:00,0,179,,,,,,,,,,,,,,,,,,
22/01/2024 12:00:00,0,179,,,,,,,,,,,,,,,,,,
22/01/2024 11:45:00,,179,,,,,,,,,,,,,,,,,,
22/01/2024 11:30:00,,,,,,,,,,,,,,,,,,,,
22/01/2024 11:15:00,0,179,,,,,,,,,,,,,,,,,,
22/01/2024 11:00:00,0,179,,,,,,,,,,,,,,,,,,
22/01/2024 10:45:00,,179,,,,,,,,,,,,,,,,,,
22/01/2024 10:30:00,,,,,,,,,,,,,,,,,,,,
22/01/2024 10:15:00,0,179,,,,,,,,,,,,,,,,,,
22/01/2024 10:00:00,0,180,,,,,,,,,,,,,,,,,,
22/01/2024 09:45:00,,180,,,,,,,,,,,,,,,,,,
22/01/2024 09:30:00,,,,,,,,,,,,,,,,,,,,
22/01/2024 09:15:00,0,181,,,,,,,,,,,,,,,,,,
22/01/2024 09:00:00,0,181,,,,,,,,,,,,,,,,,,
22/01/2024 08:45:00,,181,,,,,,,,,,,,,,,,,,
22/01/2024 08:30:00,,,,,,,,,,,,,,,,,,,,
22/01/2024 08:15:00,0,182,,,,,,,,,,,,,,,,,,
22/01/2024 08:00:00,0,182,,,,,,,,,,,,,,,,,,
22/01/2024 07:45:00,,182,,,,,,,,,,,,,,,,,,
22/01/2024 07:30:00,,,,,,,,,,,,,,,,,,,,
22/01/2024 07:15:00,0,183,,,,,,,,,,,,,,,,,,
22/01/2024 07:00:00,0,183,,,,,,,,,,,,,,,,,,
22/01/2024 06:45:00,,184,,,,,,,,,,,,,,,,,,
22/01/2024 06:30:00,,,,,,,,,,,,,,,,,,,,
22/01/2024 06:15:00,0,185,,,,,,,,,,,,,,,,,,
22/01/2024 06:00:00,0,185,,,,,,,,,,,,,,,,,,
22/01/2024 05:45:00,,185,,,,,,,,,,,,,,,,,,
22/01/2024 05:30:00,,,,,,,,,,,,,,,,,,,,
22/01/2024 05:15:00,0,186,,,,,,,,,,,,,,,,,,
22/01/2024 05:00:00,0,186,,,,,,,,,,,,,,,,,,
22/01/2024 04:45:00,,187,,,,,,,,,,,,,,,,,,
22/01/2024 04:30:00,,,,,,,,,,,,,,,,,,,,
22/01/2024 04:15:00,0,187,,,,,,,,,,,,,,,,,,
22/01/2024 04:00:00,0,187,,,,,,,,,,,,,,,,,,
22/01/2024 03:45:00,,188,,,,,,,,,,,,,,,,,,
22/01/2024 03:30:00,,,,,,,,,,,,,,,,,,,,
22/01/2024 03:15:00,0,189,,,,,,,,,,,,,,,,,,
22/01/2024 03:00:00,0,189,,,,,,,,,,,,,,,,,,
22/01/2024 02:45:00,,189,,,,,,,,,,,,,,,,,,
22/01/2024 02:30:00,,,,,,,,,,,,,,,,,,,,
22/01/2024 02:15:00,0,190,,,,,,,,,,,,,,,,,,
22/01/2024 02:00:00,0,190,,,,,,,,,,,,,,,,,,
22/01/2024 01:45:00,,191,,,,,,,,,,,,,,,,,,
22/01/2024 01:30:00,,,,,,,,,,,,,,,,,,,,
22/01/2024 01:15:00,0,191,,,,,,,,,,,,,,,,,,
22/01/2024 01:00:00,0,192,,,,,,,,,,,,,,,,,,
22/01/2024 00:45:00,,192,,,,,,,,,,,,,,,,,,
22/01/2024 00:30:00,,,,,,,,,,,,,,,,,,,,
22/01/2024 00:15:00,0,193,,,,,,,,,,,,,,,,,,
22/01/2024 00:00:00,0,193,,,,,,,,,,,,,,,,,,
21/01/2024 23:45:00,,193,,,,,,,,,,,,,,,,,,
21/01/2024 23:30:00,,,,,,,,,,,,,,,,,,,,
21/01/2024 23:15:00,0,194,,,,,,,,,,,,,,,,,,
21/01/2024 23:00:00,0,194,,,,,,,,,,,,,,,,,,
21/01/2024 22:45:00,,195,,,,,,,,,,,,,,,,,,
21/01/2024 22:30:00,,,,,,,,,,,,,,,,,,,,
21/01/2024 22:15:00,0,195,,,,,,,,,,,,,,,,,,
21/01/2024 22:00:00,0,195,,,,,,,,,,,,,,,,,,
21/01/2024 21:45:00,,195,,,,,,,,,,,,,,,,,,
21/01/2024 21:30:00,,,,,,,,,,,,,,,,,,,,
21/01/2024 21:15:00,0,195,,,,,,,,,,,,,,,,,,
21/01/2024 21:00:00,0,195,,,,,,,,,,,,,,,,,,
21/01/2024 20:45:00,,196,,,,,,,,,,,,,,,,,,
21/01/2024 20:30:00,,,,,,,,,,,,,,,,,,,,
21/01/2024 20:15:00,0,196,,,,,,,,,,,,,,,,,,
21/01/2024 20:00:00,0,196,,,,,,,,,,,,,,,,,,
21/01/2024 19:45:00,,196,,,,,,,,,,,,,,,,,,
21/01/2024 19:30:00,,,,,,,,,,,,,,,,,,,,
21/01/2024 19:15:00,0,197,,,,,,,,,,,,,,,,,,
21/01/2024 19:00:00,0,197,,,,,,,,,,,,,,,,,,
21/01/2024 18:45:00,,197,,,,,,,,,,,,,,,,,,
21/01/2024 18:30:00,,,,,,,,,,,,,,,,,,,,
21/01/2024 18:15:00,0,197,,,,,,,,,,,,,,,,,,
21/01/2024 18:00:00,0,197,,,,,,,,,,,,,,,,,,
21/01/2024 17:45:00,,198,,,,,,,,,,,,,,,,,,
21/01/2024 17:30:00,,,,,,,,,,,,,,,,,,,,
21/01/2024 17:15:00,0,198,,,,,,,,,,,,,,,,,,
21/01/2024 17:00:00,0,198,,,,,,,,,,,,,,,,,,
21/01/2024 16:45:00,,198,,,,,,,,,,,,,,,,,,
21/01/2024 16:30:00,,,,,,,,,,,,,,,,,,,,
21/01/2024 16:15:00,0,198,,,,,,,,,,,,,,,,,,
21/01/2024 16:00:00,0,198,,,,,,,,,,,,,,,,,,
21/01/2024 15:45:00,,198,,,,,,,,,,,,,,,,,,
21/01/2024 15:30:00,,,,,,,,,,,,,,,,,,,,
21/01/2024 15:15:00,0,198,,,,,,,,,,,,,,,,,,
21/01/2024 15:00:00,0,198,,,,,,,,,,,,,,,,,,
21/01/2024 14:45:00,,198,,,,,,,,,,,,,,,,,,
21/01/2024 14:30:00,,,,,,,,,,,,,,,,,,,,
21/01/2024 14:15:00,0,199,,,,,,,,,,,,,,,,,,
21/01/2024 14:00:00,0,199,,,,,,,,,,,,,,,,,,
21/01/2024 13:45:00,,199,,,,,,,,,,,,,,,,,,
21/01/2024 13:30:00,,,,,,,,,,,,,,,,,,,,
21/01/2024 13:15:00,0,201,,,,,,,,,,,,,,,,,,
21/01/2024 13:00:00,0,201,,,,,,,,,,,,,,,,,,
21/01/2024 12:45:00,,202,,,,,,,,,,,,,,,,,,
21/01/2024 12:30:00,,,,,,,,,,,,,,,,,,,,
21/01/2024 12:15:00,0,201,,,,,,,,,,,,,,,,,,
21/01/2024 12:00:00,0,201,,,,,,,,,,,,,,,,,,
21/01/2024 11:45:00,,202,,,,,,,,,,,,,,,,,,
21/01/2024 11:30:00,,,,,,,,,,,,,,,,,,,,
21/01/2024 11:15:00,0,203,,,,,,,,,,,,,,,,,,
21/01/2024 11:00:00,0,203,,,,,,,,,,,,,,,,,,
21/01/2024 10:45:00,,204,,,,,,,,,,,,,,,,,,
21/01/2024 10:30:00,,,,,,,,,,,,,,,,,,,,
21/01/2024 10:15:00,0,205,,,,,,,,,,,,,,,,,,
21/01/2024 10:00:00,0,205,,,,,,,,,,,,,,,,,,
21/01/2024 09:45:00,,206,,,,,,,,,,,,,,,,,,
21/01/2024 09:30:00,,,,,,,,,,,,,,,,,,,,
21/01/2024 09:15:00,0,206,,,,,,,,,,,,,,,,,,
21/01/2024 09:00:00,0,207,,,,,,,,,,,,,,,,,,
21/01/2024 08:45:00,,207,,,,,,,,,,,,,,,,,,
21/01/2024 08:30:00,,,,,,,,,,,,,,,,,,,,
21/01/2024 08:15:00,0,207,,,,,,,,,,,,,,,,,,
21/01/2024 08:00:00,0,208,,,,,,,,,,,,,,,,,,
21/01/2024 07:45:00,,208,,,,,,,,,,,,,,,,,,
21/01/2024 07:30:00,,,,,,,,,,,,,,,,,,,,
21/01/2024 07:15:00,0,208,,,,,,,,,,,,,,,,,,
21/01/2024 07:00:00,0,209,,,,,,,,,,,,,,,,,,
21/01/2024 06:45:00,,209,,,,,,,,,,,,,,,,,,
21/01/2024 06:30:00,,,,,,,,,,,,,,,,,,,,
21/01/2024 06:15:00,0,209,,,,,,,,,,,,,,,,,,
21/01/2024 06:00:00,0,210,,,,,,,,,,,,,,,,,,
21/01/2024 05:45:00,,210,,,,,,,,,,,,,,,,,,
21/01/2024 05:30:00,,,,,,,,,,,,,,,,,,,,
21/01/2024 05:15:00,0,210,,,,,,,,,,,,,,,,,,
21/01/2024 05:00:00,0,210,,,,,,,,,,,,,,,,,,
21/01/2024 04:45:00,,210,,,,,,,,,,,,,,,,,,
21/01/2024 04:30:00,,,,,,,,,,,,,,,,,,,,
21/01/2024 04:15:00,0,210,,,,,,,,,,,,,,,,,,
21/01/2024 04:00:00,0,210,,,,,,,,,,,,,,,,,,
21/01/2024 03:45:00,,210,,,,,,,,,,,,,,,,,,
21/01/2024 03:30:00,,,,,,,,,,,,,,,,,,,,
21/01/2024 03:15:00,0,210,,,,,,,,,,,,,,,,,,
21/01/2024 03:00:00,0,210,,,,,,,,,,,,,,,,,,
21/01/2024 02:45:00,,210,,,,,,,,,,,,,,,,,,
21/01/2024 02:30:00,,,,,,,,,,,,,,,,,,,,
21/01/2024 02:15:00,0,210,,,,,,,,,,,,,,,,,,
21/01/2024 02:00:00,0,210,,,,,,,,,,,,,,,,,,
21/01/2024 01:45:00,,211,,,,,,,,,,,,,,,,,,
21/01/2024 01:30:00,,,,,,,,,,,,,,,,,,,,
21/01/2024 01:15:00,0,211,,,,,,,,,,,,,,,,,,
21/01/2024 01:00:00,0,211,,,,,,,,,,,,,,,,,,
21/01/2024 00:45:00,,211,,,,,,,,,,,,,,,,,,
21/01/2024 00:30:00,,,,,,,,,,,,,,,,,,,,
20/01/2024 23:15:00,0,213,,,,,,,,,,,,,,,,,,
20/01/2024 23:00:00,0,213,,,,,,,,,,,,,,,,,,
20/01/2024 22:45:00,,213,,,,,,,,,,,,,,,,,,
20/01/2024 22:30:00,,,,,,,,,,,,,,,,,,,,
20/01/2024 22:15:00,0,213,,,,,,,,,,,,,,,,,,
20/01/2024 22:00:00,0,213,,,,,,,,,,,,,,,,,,
20/01/2024 21:45:00,,214,,,,,,,,,,,,,,,,,,
20/01/2024 21:30:00,,,,,,,,,,,,,,,,,,,,
20/01/2024 21:15:00,0,214,,,,,,,,,,,,,,,,,,
20/01/2024 21:00:00,0,215,,,,,,,,,,,,,,,,,,
20/01/2024 20:45:00,,215,,,,,,,,,,,,,,,,,,
20/01/2024 20:30:00,,,,,,,,,,,,,,,,,,,,
20/01/2024 20:15:00,0,215,,,,,,,,,,,,,,,,,,
20/01/2024 20:00:00,0,215,,,,,,,,,,,,,,,,,,
20/01/2024 19:45:00,,215,,,,,,,,,,,,,,,,,,
20/01/2024 19:30:00,,,,,,,,,,,,,,,,,,,,
20/01/2024 19:15:00,0,216,,,,,,,,,,,,,,,,,,
20/01/2024 19:00:00,0,215,,,,,,,,,,,,,,,,,,
20/01/2024 18:45:00,,215,,,,,,,,,,,,,,,,,,
20/01/2024 18:30:00,,,,,,,,,,,,,,,,,,,,
20/01/2024 18:15:00,0,215,,,,,,,,,,,,,,,,,,
20/01/2024 18:00:00,0,215,,,,,,,,,,,,,,,,,,
20/01/2024 17:45:00,,215,,,,,,,,,,,,,,,,,,
20/01/2024 17:30:00,,,,,,,,,,,,,,,,,,,,
20/01/2024 17:15:00,0,214,,,,,,,,,,,,,,,,,,
20/01/2024 17:00:00,0,213,,,,,,,,,,,,,,,,,,
20/01/2024 16:45:00,,213,,,,,,,,,,,,,,,,,,
20/01/2024 16:30:00,,,,,,,,,,,,,,,,,,,,
20/01/2024 16:15:00,0,211,,,,,,,,,,,,,,,,,,
20/01/2024 16:00:00,0,211,,,,,,,,,,,,,,,,,,
20/01/2024 15:45:00,,210,,,,,,,,,,,,,,,,,,
20/01/2024 15:30:00,,,,,,,,,,,,,,,,,,,,
20/01/2024 15:15:00,0,209,,,,,,,,,,,,,,,,,,
20/01/2024 15:00:00,0,209,,,,,,,,,,,,,,,,,,
20/01/2024 14:45:00,,208,,,,,,,,,,,,,,,,,,
20/01/2024 14:30:00,,,,,,,,,,,,,,,,,,,,
20/01/2024 14:15:00,0,206,,,,,,,,,,,,,,,,,,
20/01/2024 14:00:00,0,205,,,,,,,,,,,,,,,,,,
20/01/2024 13:45:00,,204,,,,,,,,,,,,,,,,,,
20/01/2024 13:30:00,,,,,,,,,,,,,,,,,,,,
20/01/2024 13:15:00,0,203,,,,,,,,,,,,,,,,,,
20/01/2024 13:00:00,0,203,,,,,,,,,,,,,,,,,,
20/01/2024 12:45:00,,203,,,,,,,,,,,,,,,,,,
20/01/2024 12:30:00,,,,,,,,,,,,,,,,,,,,
20/01/2024 12:15:00,0,202,,,,,,,,,,,,,,,,,,
20/01/2024 12:00:00,0,202,,,,,,,,,,,,,,,,,,
20/01/2024 11:45:00,,202,,,,,,,,,,,,,,,,,,
20/01/2024 11:30:00,,,,,,,,,,,,,,,,,,,,
20/01/2024 11:15:00,0,201,,,,,,,,,,,,,,,,,,
20/01/2024 11:00:00,0,201,,,,,,,,,,,,,,,,,,
20/01/2024 10:45:00,,201,,,,,,,,,,,,,,,,,,
20/01/2024 10:30:00,,,,,,,,,,,,,,,,,,,,
20/01/2024 10:15:00,0,202,,,,,,,,,,,,,,,,,,
20/01/2024 10:00:00,0,202,,,,,,,,,,,,,,,,,,
20/01/2024 09:45:00,,202,,,,,,,,,,,,,,,,,,
20/01/2024 09:30:00,,,,,,,,,,,,,,,,,,,,
20/01/2024 09:15:00,0,202,,,,,,,,,,,,,,,,,,
20/01/2024 09:00:00,0,202,,,,,,,,,,,,,,,,,,
20/01/2024 08:45:00,,202,,,,,,,,,,,,,,,,,,
20/01/2024 08:30:00,,,,,,,,,,,,,,,,,,,,
20/01/2024 08:15:00,0.2,203,,,,,,,,,,,,,,,,,,
20/01/2024 08:00:00,0,203,,,,,,,,,,,,,,,,,,
20/01/2024 07:45:00,,203,,,,,,,,,,,,,,,,,,
20/01/2024 07:30:00,,,,,,,,,,,,,,,,,,,,
20/01/2024 07:15:00,0,203,,,,,,,,,,,,,,,,,,
20/01/2024 07:00:00,0,203,,,,,,,,,,,,,,,,,,
20/01/2024 06:45:00,,203,,,,,,,,,,,,,,,,,,
20/01/2024 06:30:00,,,,,,,,,,,,,,,,,,,,
20/01/2024 06:15:00,0,203,,,,,,,,,,,,,,,,,,
20/01/2024 06:00:00,0,203,,,,,,,,,,,,,,,,,,
20/01/2024 05:45:00,,204,,,,,,,,,,,,,,,,,,
20/01/2024 05:30:00,,,,,,,,,,,,,,,,,,,,
20/01/2024 05:15:00,0,204,,,,,,,,,,,,,,,,,,
20/01/2024 05:00:00,0,204,,,,,,,,,,,,,,,,,,
20/01/2024 04:45:00,,204,,,,,,,,,,,,,,,,,,
20/01/2024 04:30:00,,,,,,,,,,,,,,,,,,,,
20/01/2024 04:15:00,0,204,,,,,,,,,,,,,,,,,,
20/01/2024 04:00:00,0,203,,,,,,,,,,,,,,,,,,
20/01/2024 03:45:00,,203,,,,,,,,,,,,,,,,,,
20/01/2024 03:30:00,,,,,,,,,,,,,,,,,,,,
20/01/2024 03:15:00,0,203,,,,,,,,,,,,,,,,,,
20/01/2024 03:00:00,0,203,,,,,,,,,,,,,,,,,,
20/01/2024 02:45:00,,203,,,,,,,,,,,,,,,,,,
20/01/2024 02:30:00,,,,,,,,,,,,,,,,,,,,
20/01/2024 02:15:00,0,203,,,,,,,,,,,,,,,,,,
20/01/2024 02:00:00,0,202,,,,,,,,,,,,,,,,,,
20/01/2024 01:45:00,,202,,,,,,,,,,,,,,,,,,
20/01/2024 01:30:00,,,,,,,,,,,,,,,,,,,,
20/01/2024 01:15:00,0,202,,,,,,,,,,,,,,,,,,
20/01/2024 01:00:00,0,202,,,,,,,,,,,,,,,,,,
20/01/2024 00:45:00,,202,,,,,,,,,,,,,,,,,,
20/01/2024 00:30:00,,,,,,,,,,,,,,,,,,,,
20/01/2024 00:15:00,0,201,,,,,,,,,,,,,,,,,,
20/01/2024 00:00:00,0,201,,,,,,,,,,,,,,,,,,
19/01/2024 23:45:00,,200,,,,,,,,,,,,,,,,,,
19/01/2024 23:30:00,,,,,,,,,,,,,,,,,,,,
19/01/2024 23:15:00,0,199,,,,,,,,,,,,,,,,,,
19/01/2024 23:00:00,0.2,199,,,,,,,,,,,,,,,,,,
19/01/2024 22:45:00,,198,,,,,,,,,,,,,,,,,,
19/01/2024 22:30:00,,,,,,,,,,,,,,,,,,,,
19/01/2024 22:15:00,0,196,,,,,,,,,,,,,,,,,,
19/01/2024 22:00:00,0,196,,,,,,,,,,,,,,,,,,
19/01/2024 21:45:00,,196,,,,,,,,,,,,,,,,,,
19/01/2024 21:30:00,,,,,,,,,,,,,,,,,,,,
19/01/2024 21:15:00,0,194,,,,,,,,,,,,,,,,,,
19/01/2024 21:00:00,0,193,,,,,,,,,,,,,,,,,,
19/01/2024 20:45:00,,193,,,,,,,,,,,,,,,,,,
19/01/2024 20:30:00,,,,,,,,,,,,,,,,,,,,
19/01/2024 20:15:00,0,191,,,,,,,,,,,,,,,,,,
19/01/2024 20:00:00,0,190,,,,,,,,,,,,,,,,,,
19/01/2024 19:45:00,,190,,,,,,,,,,,,,,,,,,
19/01/2024 19:30:00,,,,,,,,,,,,,,,,,,,,
19/01/2024 19:15:00,0,188,,,,,,,,,,,,,,,,,,
19/01/2024 19:00:00,0,187,,,,,,,,,,,,,,,,,,
19/01/2024 18:45:00,,187,,,,,,,,,,,,,,,,,,
19/01/2024 18:30:00,,,,,,,,,,,,,,,,,,,,
19/01/2024 18:15:00,0,185,,,,,,,,,,,,,,,,,,
19/01/2024 18:00:00,0,185,,,,,,,,,,,,,,,,,,
19/01/2024 17:45:00,,184,,,,,,,,,,,,,,,,,,
19/01/2024 17:30:00,,,,,,,,,,,,,,,,,,,,
19/01/2024 17:15:00,0,183,,,,,,,,,,,,,,,,,,
19/01/2024 17:00:00,0,182,,,,,,,,,,,,,,,,,,
19/01/2024 16:45:00,,181,,,,,,,,,,,,,,,,,,
19/01/2024 16:30:00,,,,,,,,,,,,,,,,,,,,
19/01/2024 16:15:00,0,179,,,,,,,,,,,,,,,,,,
19/01/2024 16:00:00,0,179,,,,,,,,,,,,,,,,,,
19/01/2024 15:45:00,,177,,,,,,,,,,,,,,,,,,
19/01/2024 15:30:00,,,,,,,,,,,,,,,,,,,,
19/01/2024 15:15:00,0,176,,,,,,,,,,,,,,,,,,
19/01/2024 15:00:00,0,175,,,,,,,,,,,,,,,,,,
19/01/2024 14:45:00,,174,,,,,,,,,,,,,,,,,,
19/01/2024 14:30:00,,,,,,,,,,,,,,,,,,,,
19/01/2024 14:15:00,0,172,,,,,,,,,,,,,,,,,,
19/01/2024 14:00:00,0,171,,,,,,,,,,,,,,,,,,
19/01/2024 13:45:00,,170,,,,,,,,,,,,,,,,,,
19/01/2024 13:30:00,,,,,,,,,,,,,,,,,,,,
19/01/2024 13:15:00,0,168,,,,,,,,,,,,,,,,,,
19/01/2024 13:00:00,0,167,,,,,,,,,,,,,,,,,,
19/01/2024 12:45:00,,167,,,,,,,,,,,,,,,,,,
19/01/2024 12:30:00,,,,,,,,,,,,,,,,,,,,
19/01/2024 12:15:00,0,165,,,,,,,,,,,,,,,,,,
19/01/2024 12:00:00,0,164,,,,,,,,,,,,,,,,,,
19/01/2024 11:45:00,,163,,,,,,,,,,,,,,,,,,
19/01/2024 11:30:00,,,,,,,,,,,,,,,,,,,,
19/01/2024 11:15:00,0,161,,,,,,,,,,,,,,,,,,
19/01/2024 11:00:00,0,160,,,,,,,,,,,,,,,,,,
19/01/2024 10:45:00,,159,,,,,,,,,,,,,,,,,,
19/01/2024 10:30:00,,,,,,,,,,,,,,,,,,,,
19/01/2024 10:15:00,0,157,,,,,,,,,,,,,,,,,,
19/01/2024 10:00:00,0,156,,,,,,,,,,,,,,,,,,
19/01/2024 09:45:00,,155,,,,,,,,,,,,,,,,,,
19/01/2024 09:30:00,,,,,,,,,,,,,,,,,,,,
19/01/2024 09:15:00,0,153,,,,,,,,,,,,,,,,,,
19/01/2024 09:00:00,0,153,,,,,,,,,,,,,,,,,,
19/01/2024 08:45:00,,152,,,,,,,,,,,,,,,,,,
19/01/2024 08:30:00,,,,,,,,,,,,,,,,,,,,
19/01/2024 08:15:00,0,150,,,,,,,,,,,,,,,,,,
19/01/2024 08:00:00,0,149,,,,,,,,,,,,,,,,,,
19/01/2024 07:45:00,,149,,,,,,,,,,,,,,,,,,
19/01/2024 07:30:00,,,,,,,,,,,,,,,,,,,,
19/01/2024 07:15:00,0,147,,,,,,,,,,,,,,,,,,
19/01/2024 07:00:00,0,146,,,,,,,,,,,,,,,,,,
19/01/2024 06:45:00,,145,,,,,,,,,,,,,,,,,,
19/01/2024 06:30:00,,,,,,,,,,,,,,,,,,,,
19/01/2024 06:15:00,0,144,,,,,,,,,,,,,,,,,,
19/01/2024 06:00:00,0,144,,,,,,,,,,,,,,,,,,
19/01/2024 05:45:00,,143,,,,,,,,,,,,,,,,,,
19/01/2024 05:30:00,,,,,,,,,,,,,,,,,,,,
19/01/2024 05:15:00,0,142,,,,,,,,,,,,,,,,,,
19/01/2024 05:00:00,0,142,,,,,,,,,,,,,,,,,,
19/01/2024 04:45:00,,141,,,,,,,,,,,,,,,,,,
19/01/2024 04:30:00,,,,,,,,,,,,,,,,,,,,
19/01/2024 04:15:00,0,140,,,,,,,,,,,,,,,,,,
19/01/2024 04:00:00,0,140,,,,,,,,,,,,,,,,,,
19/01/2024 03:45:00,,140,,,,,,,,,,,,,,,,,,
19/01/2024 03:30:00,,,,,,,,,,,,,,,,,,,,
19/01/2024 03:15:00,0,139,,,,,,,,,,,,,,,,,,
19/01/2024 03:00:00,0,139,,,,,,,,,,,,,,,,,,
19/01/2024 02:45:00,,139,,,,,,,,,,,,,,,,,,
19/01/2024 02:30:00,,,,,,,,,,,,,,,,,,,,
19/01/2024 02:15:00,0,139,,,,,,,,,,,,,,,,,,
19/01/2024 02:00:00,0,139,,,,,,,,,,,,,,,,,,
19/01/2024 01:45:00,,140,,,,,,,,,,,,,,,,,,
19/01/2024 01:30:00,,,,,,,,,,,,,,,,,,,,
19/01/2024 01:15:00,0,140,,,,,,,,,,,,,,,,,,
19/01/2024 01:00:00,0,140,,,,,,,,,,,,,,,,,,
19/01/2024 00:45:00,,139,,,,,,,,,,,,,,,,,,
19/01/2024 00:30:00,,,,,,,,,,,,,,,,,,,,
19/01/2024 00:15:00,0,139,,,,,,,,,,,,,,,,,,
19/01/2024 00:00:00,0,139,,,,,,,,,,,,,,,,,,
18/01/2024 23:45:00,,139,,,,,,,,,,,,,,,,,,
18/01/2024 23:30:00,,,,,,,,,,,,,,,,,,,,
18/01/2024 23:15:00,0,140,,,,,,,,,,,,,,,,,,
18/01/2024 23:00:00,0,140,,,,,,,,,,,,,,,,,,
18/01/2024 22:45:00,,140,,,,,,,,,,,,,,,,,,
18/01/2024 22:30:00,,,,,,,,,,,,,,,,,,,,
18/01/2024 22:15:00,0,140,,,,,,,,,,,,,,,,,,
18/01/2024 22:00:00,0,140,,,,,,,,,,,,,,,,,,
18/01/2024 21:45:00,,140,,,,,,,,,,,,,,,,,,
18/01/2024 21:30:00,,,,,,,,,,,,,,,,,,,,
18/01/2024 21:15:00,0,140,,,,,,,,,,,,,,,,,,
18/01/2024 21:00:00,0,141,,,,,,,,,,,,,,,,,,
18/01/2024 20:45:00,,141,,,,,,,,,,,,,,,,,,
18/01/2024 20:30:00,,,,,,,,,,,,,,,,,,,,
18/01/2024 20:15:00,0,141,,,,,,,,,,,,,,,,,,
18/01/2024 20:00:00,0,142,,,,,,,,,,,,,,,,,,
18/01/2024 19:45:00,,142,,,,,,,,,,,,,,,,,,
18/01/2024 19:30:00,,,,,,,,,,,,,,,,,,,,
18/01/2024 19:15:00,0,143,,,,,,,,,,,,,,,,,,
18/01/2024 19:00:00,0,143,,,,,,,,,,,,,,,,,,
18/01/2024 18:45:00,,143,,,,,,,,,,,,,,,,,,
18/01/2024 18:30:00,,,,,,,,,,,,,,,,,,,,
18/01/2024 18:15:00,0,143,,,,,,,,,,,,,,,,,,
18/01/2024 18:00:00,0,144,,,,,,,,,,,,,,,,,,
18/01/2024 17:45:00,,144,,,,,,,,,,,,,,,,,,
18/01/2024 17:30:00,,,,,,,,,,,,,,,,,,,,
18/01/2024 17:15:00,0,144,,,,,,,,,,,,,,,,,,
18/01/2024 17:00:00,0,145,,,,,,,,,,,,,,,,,,
18/01/2024 16:45:00,,145,,,,,,,,,,,,,,,,,,
18/01/2024 16:30:00,,,,,,,,,,,,,,,,,,,,
18/01/2024 16:15:00,0,146,,,,,,,,,,,,,,,,,,
18/01/2024 16:00:00,0,146,,,,,,,,,,,,,,,,,,
18/01/2024 15:45:00,,146,,,,,,,,,,,,,,,,,,
18/01/2024 15:30:00,,,,,,,,,,,,,,,,,,,,
18/01/2024 15:15:00,0,147,,,,,,,,,,,,,,,,,,
18/01/2024 15:00:00,0,148,,,,,,,,,,,,,,,,,,
18/01/2024 14:45:00,,148,,,,,,,,,,,,,,,,,,
18/01/2024 14:30:00,,,,,,,,,,,,,,,,,,,,
18/01/2024 14:15:00,0,149,,,,,,,,,,,,,,,,,,
18/01/2024 14:00:00,0,149,,,,,,,,,,,,,,,,,,
18/01/2024 13:45:00,,149,,,,,,,,,,,,,,,,,,
18/01/2024 13:30:00,,,,,,,,,,,,,,,,,,,,
18/01/2024 13:15:00,0,150,,,,,,,,,,,,,,,,,,
18/01/2024 13:00:00,0,150,,,,,,,,,,,,,,,,,,
18/01/2024 12:45:00,,150,,,,,,,,,,,,,,,,,,
18/01/2024 12:30:00,,,,,,,,,,,,,,,,,,,,
18/01/2024 12:15:00,0,150,,,,,,,,,,,,,,,,,,
18/01/2024 12:00:00,0,151,,,,,,,,,,,,,,,,,,
18/01/2024 11:45:00,,150,,,,,,,,,,,,,,,,,,
18/01/2024 11:30:00,,,,,,,,,,,,,,,,,,,,
18/01/2024 11:15:00,0,151,,,,,,,,,,,,,,,,,,
18/01/2024 11:00:00,0,150,,,,,,,,,,,,,,,,,,
18/01/2024 10:45:00,,150,,,,,,,,,,,,,,,,,,
18/01/2024 10:30:00,,,,,,,,,,,,,,,,,,,,
18/01/2024 10:15:00,0,151,,,,,,,,,,,,,,,,,,
18/01/2024 10:00:00,0,151,,,,,,,,,,,,,,,,,,
18/01/2024 09:45:00,,151,,,,,,,,,,,,,,,,,,
18/01/2024 09:30:00,,,,,,,,,,,,,,,,,,,,
18/01/2024 09:15:00,0,151,,,,,,,,,,,,,,,,,,
18/01/2024 09:00:00,0,151,,,,,,,,,,,,,,,,,,
18/01/2024 08:45:00,,151,,,,,,,,,,,,,,,,,,
18/01/2024 08:30:00,,,,,,,,,,,,,,,,,,,,
18/01/2024 08:15:00,0,151,,,,,,,,,,,,,,,,,,
18/01/2024 08:00:00,0,151,,,,,,,,,,,,,,,,,,
18/01/2024 07:45:00,,150,,,,,,,,,,,,,,,,,,
18/01/2024 07:30:00,,,,,,,,,,,,,,,,,,,,
18/01/2024 07:15:00,0,150,,,,,,,,,,,,,,,,,,
18/01/2024 07:00:00,0,151,,,,,,,,,,,,,,,,,,
18/01/2024 06:45:00,,151,,,,,,,,,,,,,,,,,,
18/01/2024 06:30:00,,,,,,,,,,,,,,,,,,,,
18/01/2024 06:15:00,0,152,,,,,,,,,,,,,,,,,,
18/01/2024 06:00:00,0,152,,,,,,,,,,,,,,,,,,
18/01/2024 05:45:00,,152,,,,,,,,,,,,,,,,,,
18/01/2024 05:30:00,,,,,,,,,,,,,,,,,,,,
18/01/2024 05:15:00,0,153,,,,,,,,,,,,,,,,,,
18/01/2024 05:00:00,0,153,,,,,,,,,,,,,,,,,,
18/01/2024 04:45:00,,153,,,,,,,,,,,,,,,,,,
18/01/2024 04:30:00,,,,,,,,,,,,,,,,,,,,
18/01/2024 04:15:00,0,154,,,,,,,,,,,,,,,,,,
18/01/2024 04:00:00,0,154,,,,,,,,,,,,,,,,,,
18/01/2024 03:45:00,,154,,,,,,,,,,,,,,,,,,
18/01/2024 03:30:00,,,,,,,,,,,,,,,,,,,,
18/01/2024 03:15:00,0,155,,,,,,,,,,,,,,,,,,
18/01/2024 03:00:00,0,156,,,,,,,,,,,,,,,,,,
18/01/2024 02:45:00,,157,,,,,,,,,,,,,,,,,,
18/01/2024 02:30:00,,,,,,,,,,,,,,,,,,,,
18/01/2024 02:15:00,0,158,,,,,,,,,,,,,,,,,,
18/01/2024 02:00:00,0,158,,,,,,,,,,,,,,,,,,
18/01/2024 01:45:00,,158,,,,,,,,,,,,,,,,,,
18/01/2024 01:30:00,,,,,,,,,,,,,,,,,,,,
18/01/2024 01:15:00,0,158,,,,,,,,,,,,,,,,,,
18/01/2024 01:00:00,0,158,,,,,,,,,,,,,,,,,,
18/01/2024 00:45:00,,158,,,,,,,,,,,,,,,,,,
18/01/2024 00:30:00,,,,,,,,,,,,,,,,,,,,
17/01/2024 23:15:00,0,158,,,,,,,,,,,,,,,,,,
17/01/2024 23:00:00,0,158,,,,,,,,,,,,,,,,,,
17/01/2024 22:45:00,,157,,,,,,,,,,,,,,,,,,
17/01/2024 22:30:00,,,,,,,,,,,,,,,,,,,,
17/01/2024 22:15:00,0,156,,,,,,,,,,,,,,,,,,
17/01/2024 22:00:00,0,155,,,,,,,,,,,,,,,,,,
17/01/2024 21:45:00,,155,,,,,,,,,,,,,,,,,,
17/01/2024 21:30:00,,,,,,,,,,,,,,,,,,,,
17/01/2024 20:15:00,0,150,,,,,,,,,,,,,,,,,,
17/01/2024 20:00:00,0,150,,,,,,,,,,,,,,,,,,
17/01/2024 19:45:00,,149,,,,,,,,,,,,,,,,,,
17/01/2024 19:30:00,,,,,,,,,,,,,,,,,,,,
17/01/2024 19:15:00,0,147,,,,,,,,,,,,,,,,,,
17/01/2024 19:00:00,0,146,,,,,,,,,,,,,,,,,,
17/01/2024 18:45:00,,146,,,,,,,,,,,,,,,,,,
17/01/2024 18:30:00,,,,,,,,,,,,,,,,,,,,
17/01/2024 18:15:00,0,146,,,,,,,,,,,,,,,,,,
17/01/2024 18:00:00,0,146,,,,,,,,,,,,,,,,,,
17/01/2024 17:45:00,,145,,,,,,,,,,,,,,,,,,
17/01/2024 17:30:00,,,,,,,,,,,,,,,,,,,,
17/01/2024 17:15:00,0,144,,,,,,,,,,,,,,,,,,
17/01/2024 17:00:00,0,145,,,,,,,,,,,,,,,,,,
17/01/2024 16:45:00,,145,,,,,,,,,,,,,,,,,,
17/01/2024 16:30:00,,,,,,,,,,,,,,,,,,,,
17/01/2024 16:15:00,0,145,,,,,,,,,,,,,,,,,,
17/01/2024 16:00:00,0,145,,,,,,,,,,,,,,,,,,
17/01/2024 15:45:00,,145,,,,,,,,,,,,,,,,,,
17/01/2024 15:30:00,,,,,,,,,,,,,,,,,,,,
17/01/2024 15:15:00,0,146,,,,,,,,,,,,,,,,,,
17/01/2024 15:00:00,0,147,,,,,,,,,,,,,,,,,,
17/01/2024 14:45:00,,147,,,,,,,,,,,,,,,,,,
17/01/2024 14:30:00,,,,,,,,,,,,,,,,,,,,
17/01/2024 14:15:00,0,146,,,,,,,,,,,,,,,,,,
17/01/2024 14:00:00,0,146,,,,,,,,,,,,,,,,,,
17/01/2024 13:45:00,,146,,,,,,,,,,,,,,,,,,
17/01/2024 13:30:00,,,,,,,,,,,,,,,,,,,,
17/01/2024 13:15:00,0,145,,,,,,,,,,,,,,,,,,
17/01/2024 13:00:00,0,145,,,,,,,,,,,,,,,,,,
17/01/2024 12:45:00,,145,,,,,,,,,,,,,,,,,,
17/01/2024 12:30:00,,,,,,,,,,,,,,,,,,,,
17/01/2024 12:15:00,0,145,,,,,,,,,,,,,,,,,,
17/01/2024 12:00:00,0,145,,,,,,,,,,,,,,,,,,
17/01/2024 11:45:00,,146,,,,,,,,,,,,,,,,,,
17/01/2024 11:30:00,,,,,,,,,,,,,,,,,,,,
17/01/2024 11:15:00,0,147,,,,,,,,,,,,,,,,,,
17/01/2024 11:00:00,0,147,,,,,,,,,,,,,,,,,,
17/01/2024 10:45:00,,148,,,,,,,,,,,,,,,,,,
17/01/2024 10:30:00,,,,,,,,,,,,,,,,,,,,
17/01/2024 10:15:00,0,150,,,,,,,,,,,,,,,,,,
17/01/2024 10:00:00,0,150,,,,,,,,,,,,,,,,,,
17/01/2024 09:45:00,,150,,,,,,,,,,,,,,,,,,
17/01/2024 09:30:00,,,,,,,,,,,,,,,,,,,,
17/01/2024 09:15:00,0,150,,,,,,,,,,,,,,,,,,
17/01/2024 09:00:00,0,150,,,,,,,,,,,,,,,,,,
17/01/2024 08:45:00,,151,,,,,,,,,,,,,,,,,,
17/01/2024 08:30:00,,,,,,,,,,,,,,,,,,,,
17/01/2024 08:15:00,0,154,,,,,,,,,,,,,,,,,,
17/01/2024 08:00:00,0,155,,,,,,,,,,,,,,,,,,
17/01/2024 07:45:00,,156,,,,,,,,,,,,,,,,,,
17/01/2024 07:30:00,,,,,,,,,,,,,,,,,,,,
17/01/2024 07:15:00,0,160,,,,,,,,,,,,,,,,,,
17/01/2024 07:00:00,0,162,,,,,,,,,,,,,,,,,,
17/01/2024 06:45:00,,164,,,,,,,,,,,,,,,,,,
17/01/2024 06:30:00,,,,,,,,,,,,,,,,,,,,
17/01/2024 06:15:00,0,168,,,,,,,,,,,,,,,,,,
17/01/2024 06:00:00,0,169,,,,,,,,,,,,,,,,,,
17/01/2024 05:45:00,,171,,,,,,,,,,,,,,,,,,
17/01/2024 05:30:00,,,,,,,,,,,,,,,,,,,,
17/01/2024 05:15:00,0,175,,,,,,,,,,,,,,,,,,
17/01/2024 05:00:00,0,178,,,,,,,,,,,,,,,,,,
17/01/2024 04:45:00,,180,,,,,,,,,,,,,,,,,,
17/01/2024 04:30:00,,,,,,,,,,,,,,,,,,,,
17/01/2024 04:15:00,0,183,,,,,,,,,,,,,,,,,,
17/01/2024 04:00:00,0,184,,,,,,,,,,,,,,,,,,
17/01/2024 03:45:00,,186,,,,,,,,,,,,,,,,,,
17/01/2024 03:30:00,,,,,,,,,,,,,,,,,,,,
17/01/2024 03:15:00,0.2,188,,,,,,,,,,,,,,,,,,
17/01/2024 03:00:00,0.6,185,,,,,,,,,,,,,,,,,,
17/01/2024 02:45:00,,183,,,,,,,,,,,,,,,,,,
17/01/2024 02:30:00,,,,,,,,,,,,,,,,,,,,
17/01/2024 02:15:00,0.8,183,,,,,,,,,,,,,,,,,,
17/01/2024 02:00:00,1,181,,,,,,,,,,,,,,,,,,
17/01/2024 01:45:00,,181,,,,,,,,,,,,,,,,,,
17/01/2024 01:30:00,,,,,,,,,,,,,,,,,,,,
17/01/2024 01:15:00,1.6,164,,,,,,,,,,,,,,,,,,
17/01/2024 01:00:00,1,155,,,,,,,,,,,,,,,,,,
17/01/2024 00:45:00,,156,,,,,,,,,,,,,,,,,,
17/01/2024 00:30:00,,,,,,,,,,,,,,,,,,,,
16/01/2024 23:15:00,1.8,150,,,,,,,,,,,,,,,,,,
16/01/2024 23:00:00,3.6,150,,,,,,,,,,,,,,,,,,
16/01/2024 22:45:00,,149,,,,,,,,,,,,,,,,,,
16/01/2024 22:30:00,,,,,,,,,,,,,,,,,,,,
16/01/2024 22:15:00,0,148,,,,,,,,,,,,,,,,,,
16/01/2024 22:00:00,0,148,,,,,,,,,,,,,,,,,,
16/01/2024 21:45:00,,148,,,,,,,,,,,,,,,,,,
16/01/2024 21:30:00,,,,,,,,,,,,,,,,,,,,
16/01/2024 21:15:00,0,147,,,,,,,,,,,,,,,,,,
16/01/2024 21:00:00,0,146,,,,,,,,,,,,,,,,,,
16/01/2024 20:45:00,,145,,,,,,,,,,,,,,,,,,
16/01/2024 20:30:00,,,,,,,,,,,,,,,,,,,,
16/01/2024 20:15:00,0,145,,,,,,,,,,,,,,,,,,
16/01/2024 20:00:00,0,144,,,,,,,,,,,,,,,,,,
16/01/2024 19:45:00,,144,,,,,,,,,,,,,,,,,,
16/01/2024 19:30:00,,,,,,,,,,,,,,,,,,,,
16/01/2024 19:15:00,0,143,,,,,,,,,,,,,,,,,,
16/01/2024 19:00:00,0,142,,,,,,,,,,,,,,,,,,
16/01/2024 18:45:00,,141,,,,,,,,,,,,,,,,,,
16/01/2024 18:30:00,,,,,,,,,,,,,,,,,,,,
16/01/2024 18:15:00,0.2,141,,,,,,,,,,,,,,,,,,
16/01/2024 18:00:00,0.6,139,,,,,,,,,,,,,,,,,,
16/01/2024 17:45:00,,139,,,,,,,,,,,,,,,,,,
16/01/2024 17:30:00,,,,,,,,,,,,,,,,,,,,
16/01/2024 17:15:00,0,137,,,,,,,,,,,,,,,,,,
16/01/2024 17:00:00,0,137,,,,,,,,,,,,,,,,,,
16/01/2024 16:45:00,,136,,,,,,,,,,,,,,,,,,
16/01/2024 16:30:00,,,,,,,,,,,,,,,,,,,,
16/01/2024 16:15:00,0,135,,,,,,,,,,,,,,,,,,
16/01/2024 16:00:00,0,135,,,,,,,,,,,,,,,,,,
16/01/2024 15:45:00,,134,,,,,,,,,,,,,,,,,,
16/01/2024 15:30:00,,,,,,,,,,,,,,,,,,,,
16/01/2024 15:15:00,0,133,,,,,,,,,,,,,,,,,,
16/01/2024 15:00:00,0,132,,,,,,,,,,,,,,,,,,
16/01/2024 14:45:00,,132,,,,,,,,,,,,,,,,,,
16/01/2024 14:30:00,,,,,,,,,,,,,,,,,,,,
16/01/2024 14:15:00,0,131,,,,,,,,,,,,,,,,,,
16/01/2024 14:00:00,0,131,,,,,,,,,,,,,,,,,,
16/01/2024 13:45:00,,130,,,,,,,,,,,,,,,,,,
16/01/2024 13:30:00,,,,,,,,,,,,,,,,,,,,
16/01/2024 13:15:00,0,130,,,,,,,,,,,,,,,,,,
16/01/2024 13:00:00,0,130,,,,,,,,,,,,,,,,,,
16/01/2024 12:45:00,,129,,,,,,,,,,,,,,,,,,
16/01/2024 12:30:00,,,,,,,,,,,,,,,,,,,,
16/01/2024 12:15:00,0,129,,,,,,,,,,,,,,,,,,
16/01/2024 12:00:00,0,129,,,,,,,,,,,,,,,,,,
16/01/2024 11:45:00,,128,,,,,,,,,,,,,,,,,,
16/01/2024 11:30:00,,,,,,,,,,,,,,,,,,,,
16/01/2024 11:15:00,0,128,,,,,,,,,,,,,,,,,,
16/01/2024 11:00:00,0,128,,,,,,,,,,,,,,,,,,
16/01/2024 10:45:00,,128,,,,,,,,,,,,,,,,,,
16/01/2024 10:30:00,,,,,,,,,,,,,,,,,,,,
16/01/2024 10:15:00,0,128,,,,,,,,,,,,,,,,,,
16/01/2024 10:00:00,0,128,,,,,,,,,,,,,,,,,,
16/01/2024 09:45:00,,128,,,,,,,,,,,,,,,,,,
16/01/2024 09:30:00,,,,,,,,,,,,,,,,,,,,
16/01/2024 09:15:00,0,128,,,,,,,,,,,,,,,,,,
16/01/2024 09:00:00,0,128,,,,,,,,,,,,,,,,,,
16/01/2024 08:45:00,,129,,,,,,,,,,,,,,,,,,
16/01/2024 08:30:00,,,,,,,,,,,,,,,,,,,,
16/01/2024 08:15:00,0,129,,,,,,,,,,,,,,,,,,
16/01/2024 08:00:00,0,129,,,,,,,,,,,,,,,,,,
16/01/2024 07:45:00,,129,,,,,,,,,,,,,,,,,,
16/01/2024 07:30:00,,,,,,,,,,,,,,,,,,,,
16/01/2024 07:15:00,0,129,,,,,,,,,,,,,,,,,,
16/01/2024 07:00:00,0,129,,,,,,,,,,,,,,,,,,
16/01/2024 06:45:00,,129,,,,,,,,,,,,,,,,,,
16/01/2024 06:30:00,,,,,,,,,,,,,,,,,,,,
16/01/2024 06:15:00,0,130,,,,,,,,,,,,,,,,,,
16/01/2024 06:00:00,0,130,,,,,,,,,,,,,,,,,,
16/01/2024 05:45:00,,130,,,,,,,,,,,,,,,,,,
16/01/2024 05:30:00,,,,,,,,,,,,,,,,,,,,
16/01/2024 05:15:00,0,131,,,,,,,,,,,,,,,,,,
16/01/2024 05:00:00,0,132,,,,,,,,,,,,,,,,,,
16/01/2024 04:45:00,,132,,,,,,,,,,,,,,,,,,
16/01/2024 04:30:00,,,,,,,,,,,,,,,,,,,,
16/01/2024 04:15:00,0,133,,,,,,,,,,,,,,,,,,
16/01/2024 04:00:00,0,134,,,,,,,,,,,,,,,,,,
16/01/2024 03:45:00,,135,,,,,,,,,,,,,,,,,,
16/01/2024 03:30:00,,,,,,,,,,,,,,,,,,,,
16/01/2024 03:15:00,0,137,,,,,,,,,,,,,,,,,,
16/01/2024 03:00:00,0,138,,,,,,,,,,,,,,,,,,
16/01/2024 02:45:00,,138,,,,,,,,,,,,,,,,,,
16/01/2024 02:30:00,,,,,,,,,,,,,,,,,,,,
16/01/2024 02:15:00,0,140,,,,,,,,,,,,,,,,,,
16/01/2024 02:00:00,0,141,,,,,,,,,,,,,,,,,,
16/01/2024 01:45:00,,142,,,,,,,,,,,,,,,,,,
16/01/2024 01:30:00,,,,,,,,,,,,,,,,,,,,
16/01/2024 01:15:00,0,144,,,,,,,,,,,,,,,,,,
16/01/2024 01:00:00,0,145,,,,,,,,,,,,,,,,,,
16/01/2024 00:45:00,,146,,,,,,,,,,,,,,,,,,
16/01/2024 00:30:00,,,,,,,,,,,,,,,,,,,,
15/01/2024 23:15:00,0,148,,,,,,,,,,,,,,,,,,
15/01/2024 23:00:00,0,148,,,,,,,,,,,,,,,,,,
15/01/2024 22:45:00,,148,,,,,,,,,,,,,,,,,,
15/01/2024 22:30:00,,,,,,,,,,,,,,,,,,,,
15/01/2024 22:15:00,0,148,,,,,,,,,,,,,,,,,,
15/01/2024 22:00:00,0,148,,,,,,,,,,,,,,,,,,
15/01/2024 21:45:00,,147,,,,,,,,,,,,,,,,,,
15/01/2024 21:30:00,,,,,,,,,,,,,,,,,,,,
15/01/2024 21:15:00,0,146,,,,,,,,,,,,,,,,,,
15/01/2024 21:00:00,0,146,,,,,,,,,,,,,,,,,,
15/01/2024 20:45:00,,145,,,,,,,,,,,,,,,,,,
15/01/2024 20:30:00,,,,,,,,,,,,,,,,,,,,
15/01/2024 20:15:00,0,143,,,,,,,,,,,,,,,,,,
15/01/2024 20:00:00,0,142,,,,,,,,,,,,,,,,,,
15/01/2024 19:45:00,,141,,,,,,,,,,,,,,,,,,
15/01/2024 19:30:00,,,,,,,,,,,,,,,,,,,,
15/01/2024 19:15:00,0,137,,,,,,,,,,,,,,,,,,
15/01/2024 19:00:00,0,136,,,,,,,,,,,,,,,,,,
15/01/2024 18:45:00,,136,,,,,,,,,,,,,,,,,,
15/01/2024 18:30:00,,,,,,,,,,,,,,,,,,,,
15/01/2024 18:15:00,0,134,,,,,,,,,,,,,,,,,,
15/01/2024 18:00:00,0,133,,,,,,,,,,,,,,,,,,
15/01/2024 17:45:00,,132,,,,,,,,,,,,,,,,,,
15/01/2024 17:30:00,,,,,,,,,,,,,,,,,,,,
15/01/2024 17:15:00,0,130,,,,,,,,,,,,,,,,,,
15/01/2024 17:00:00,0,128,,,,,,,,,,,,,,,,,,
15/01/2024 16:45:00,,127,,,,,,,,,,,,,,,,,,
15/01/2024 16:30:00,,,,,,,,,,,,,,,,,,,,
15/01/2024 16:15:00,0,125,,,,,,,,,,,,,,,,,,
15/01/2024 16:00:00,0,125,,,,,,,,,,,,,,,,,,
15/01/2024 15:45:00,,124,,,,,,,,,,,,,,,,,,
15/01/2024 15:30:00,,,,,,,,,,,,,,,,,,,,
15/01/2024 15:15:00,0,123,,,,,,,,,,,,,,,,,,
15/01/2024 15:00:00,0,123,,,,,,,,,,,,,,,,,,
15/01/2024 14:45:00,,122,,,,,,,,,,,,,,,,,,
15/01/2024 14:30:00,,,,,,,,,,,,,,,,,,,,
15/01/2024 14:15:00,0,120,,,,,,,,,,,,,,,,,,
15/01/2024 14:00:00,0,119,,,,,,,,,,,,,,,,,,
15/01/2024 13:45:00,,119,,,,,,,,,,,,,,,,,,
15/01/2024 13:30:00,,,,,,,,,,,,,,,,,,,,
15/01/2024 13:15:00,0,119,,,,,,,,,,,,,,,,,,
15/01/2024 13:00:00,0,119,,,,,,,,,,,,,,,,,,
15/01/2024 12:45:00,,119,,,,,,,,,,,,,,,,,,
15/01/2024 12:30:00,,,,,,,,,,,,,,,,,,,,
15/01/2024 12:15:00,0,120,,,,,,,,,,,,,,,,,,
15/01/2024 12:00:00,0,120,,,,,,,,,,,,,,,,,,
15/01/2024 11:45:00,,121,,,,,,,,,,,,,,,,,,
15/01/2024 11:30:00,,,,,,,,,,,,,,,,,,,,
15/01/2024 11:15:00,0,121,,,,,,,,,,,,,,,,,,
15/01/2024 11:00:00,0,121,,,,,,,,,,,,,,,,,,
15/01/2024 10:45:00,,121,,,,,,,,,,,,,,,,,,
15/01/2024 10:30:00,,,,,,,,,,,,,,,,,,,,
15/01/2024 10:15:00,0,122,,,,,,,,,,,,,,,,,,
15/01/2024 10:00:00,0,122,,,,,,,,,,,,,,,,,,
15/01/2024 09:45:00,,122,,,,,,,,,,,,,,,,,,
15/01/2024 09:30:00,,,,,,,,,,,,,,,,,,,,
15/01/2024 09:15:00,0,122,,,,,,,,,,,,,,,,,,
15/01/2024 09:00:00,0,122,,,,,,,,,,,,,,,,,,
15/01/2024 08:45:00,,123,,,,,,,,,,,,,,,,,,
15/01/2024 08:30:00,,,,,,,,,,,,,,,,,,,,
15/01/2024 08:15:00,0,124,,,,,,,,,,,,,,,,,,
15/01/2024 08:00:00,0,124,,,,,,,,,,,,,,,,,,
15/01/2024 07:45:00,,124,,,,,,,,,,,,,,,,,,
15/01/2024 07:30:00,,,,,,,,,,,,,,,,,,,,
15/01/2024 07:15:00,0,124,,,,,,,,,,,,,,,,,,
15/01/2024 07:00:00,0,125,,,,,,,,,,,,,,,,,,
15/01/2024 06:45:00,,125,,,,,,,,,,,,,,,,,,
15/01/2024 06:30:00,,,,,,,,,,,,,,,,,,,,
15/01/2024 06:15:00,0,126,,,,,,,,,,,,,,,,,,
15/01/2024 06:00:00,0,127,,,,,,,,,,,,,,,,,,
15/01/2024 05:45:00,,128,,,,,,,,,,,,,,,,,,
15/01/2024 05:30:00,,,,,,,,,,,,,,,,,,,,
15/01/2024 05:15:00,0,130,,,,,,,,,,,,,,,,,,
15/01/2024 05:00:00,0,131,,,,,,,,,,,,,,,,,,
15/01/2024 04:45:00,,131,,,,,,,,,,,,,,,,,,
15/01/2024 04:30:00,,,,,,,,,,,,,,,,,,,,
15/01/2024 04:15:00,0,134,,,,,,,,,,,,,,,,,,
15/01/2024 04:00:00,0,134,,,,,,,,,,,,,,,,,,
15/01/2024 03:45:00,,136,,,,,,,,,,,,,,,,,,
15/01/2024 03:30:00,,,,,,,,,,,,,,,,,,,,
15/01/2024 03:15:00,0,138,,,,,,,,,,,,,,,,,,
15/01/2024 03:00:00,0,139,,,,,,,,,,,,,,,,,,
15/01/2024 02:45:00,,140,,,,,,,,,,,,,,,,,,
15/01/2024 02:30:00,,,,,,,,,,,,,,,,,,,,
15/01/2024 02:15:00,0,142,,,,,,,,,,,,,,,,,,
15/01/2024 02:00:00,0,144,,,,,,,,,,,,,,,,,,
15/01/2024 01:45:00,,145,,,,,,,,,,,,,,,,,,
15/01/2024 01:30:00,,,,,,,,,,,,,,,,,,,,
15/01/2024 01:15:00,0,148,,,,,,,,,,,,,,,,,,
15/01/2024 01:00:00,0,149,,,,,,,,,,,,,,,,,,
15/01/2024 00:45:00,,151,,,,,,,,,,,,,,,,,,
15/01/2024 00:30:00,,,,,,,,,,,,,,,,,,,,
15/01/2024 00:15:00,0,154,,,,,,,,,,,,,,,,,,
15/01/2024 00:00:00,0,155,,,,,,,,,,,,,,,,,,
14/01/2024 23:45:00,,155,,,,,,,,,,,,,,,,,,
14/01/2024 23:30:00,,,,,,,,,,,,,,,,,,,,
14/01/2024 22:15:00,0,150,,,,,,,,,,,,,,,,,,
14/01/2024 22:00:00,0,148,,,,,,,,,,,,,,,,,,
14/01/2024 21:45:00,,147,,,,,,,,,,,,,,,,,,
14/01/2024 21:30:00,,,,,,,,,,,,,,,,,,,,
14/01/2024 21:15:00,0.2,143,,,,,,,,,,,,,,,,,,
14/01/2024 21:00:00,1,140,,,,,,,,,,,,,,,,,,
14/01/2024 20:45:00,,138,,,,,,,,,,,,,,,,,,
14/01/2024 20:30:00,,,,,,,,,,,,,,,,,,,,
14/01/2024 20:15:00,0.4,131,,,,,,,,,,,,,,,,,,
14/01/2024 20:00:00,3.4,127,,,,,,,,,,,,,,,,,,
14/01/2024 19:45:00,,125,,,,,,,,,,,,,,,,,,
14/01/2024 19:30:00,,,,,,,,,,,,,,,,,,,,
14/01/2024 19:15:00,0.8,122,,,,,,,,,,,,,,,,,,
14/01/2024 19:00:00,1,120,,,,,,,,,,,,,,,,,,
14/01/2024 18:45:00,,120,,,,,,,,,,,,,,,,,,
14/01/2024 18:30:00,,,,,,,,,,,,,,,,,,,,
14/01/2024 18:15:00,0.4,116,,,,,,,,,,,,,,,,,,
14/01/2024 18:00:00,0.2,116,,,,,,,,,,,,,,,,,,
14/01/2024 17:45:00,,114,,,,,,,,,,,,,,,,,,
14/01/2024 17:30:00,,,,,,,,,,,,,,,,,,,,
14/01/2024 17:15:00,0,112,,,,,,,,,,,,,,,,,,
14/01/2024 17:00:00,0,111,,,,,,,,,,,,,,,,,,
14/01/2024 16:45:00,,111,,,,,,,,,,,,,,,,,,
14/01/2024 16:30:00,,,,,,,,,,,,,,,,,,,,
14/01/2024 16:15:00,0,110,,,,,,,,,,,,,,,,,,
14/01/2024 16:00:00,0,110,,,,,,,,,,,,,,,,,,
14/01/2024 15:45:00,,110,,,,,,,,,,,,,,,,,,
14/01/2024 15:30:00,,,,,,,,,,,,,,,,,,,,
14/01/2024 15:15:00,0,109,,,,,,,,,,,,,,,,,,
14/01/2024 15:00:00,0,109,,,,,,,,,,,,,,,,,,
14/01/2024 14:45:00,,109,,,,,,,,,,,,,,,,,,
14/01/2024 14:30:00,,,,,,,,,,,,,,,,,,,,
14/01/2024 14:15:00,0,108,,,,,,,,,,,,,,,,,,
14/01/2024 14:00:00,0,108,,,,,,,,,,,,,,,,,,
14/01/2024 13:45:00,,108,,,,,,,,,,,,,,,,,,
14/01/2024 13:30:00,,,,,,,,,,,,,,,,,,,,
14/01/2024 13:15:00,0,109,,,,,,,,,,,,,,,,,,
14/01/2024 13:00:00,0,109,,,,,,,,,,,,,,,,,,
14/01/2024 12:45:00,,110,,,,,,,,,,,,,,,,,,
14/01/2024 12:30:00,,,,,,,,,,,,,,,,,,,,
14/01/2024 12:15:00,0,111,,,,,,,,,,,,,,,,,,
14/01/2024 12:00:00,0,111,,,,,,,,,,,,,,,,,,
14/01/2024 11:45:00,,111,,,,,,,,,,,,,,,,,,
14/01/2024 11:30:00,,,,,,,,,,,,,,,,,,,,
14/01/2024 11:15:00,0,112,,,,,,,,,,,,,,,,,,
14/01/2024 11:00:00,0,112,,,,,,,,,,,,,,,,,,
14/01/2024 10:45:00,,112,,,,,,,,,,,,,,,,,,
14/01/2024 10:30:00,,,,,,,,,,,,,,,,,,,,
14/01/2024 10:15:00,0,113,,,,,,,,,,,,,,,,,,
14/01/2024 10:00:00,0,114,,,,,,,,,,,,,,,,,,
14/01/2024 09:45:00,,114,,,,,,,,,,,,,,,,,,
14/01/2024 09:30:00,,,,,,,,,,,,,,,,,,,,
14/01/2024 09:15:00,0,116,,,,,,,,,,,,,,,,,,
14/01/2024 09:00:00,0,116,,,,,,,,,,,,,,,,,,
14/01/2024 08:45:00,,117,,,,,,,,,,,,,,,,,,
14/01/2024 08:30:00,,,,,,,,,,,,,,,,,,,,
14/01/2024 08:15:00,0,119,,,,,,,,,,,,,,,,,,
14/01/2024 08:00:00,0,120,,,,,,,,,,,,,,,,,,
14/01/2024 07:45:00,,121,,,,,,,,,,,,,,,,,,
14/01/2024 07:30:00,,,,,,,,,,,,,,,,,,,,
14/01/2024 07:15:00,0,122,,,,,,,,,,,,,,,,,,
14/01/2024 07:00:00,0,123,,,,,,,,,,,,,,,,,,
14/01/2024 06:45:00,,124,,,,,,,,,,,,,,,,,,
14/01/2024 06:30:00,,,,,,,,,,,,,,,,,,,,
14/01/2024 06:15:00,0,126,,,,,,,,,,,,,,,,,,
14/01/2024 06:00:00,0,127,,,,,,,,,,,,,,,,,,
14/01/2024 05:45:00,,128,,,,,,,,,,,,,,,,,,
14/01/2024 05:30:00,,,,,,,,,,,,,,,,,,,,
14/01/2024 05:15:00,0,129,,,,,,,,,,,,,,,,,,
14/01/2024 05:00:00,0,130,,,,,,,,,,,,,,,,,,
14/01/2024 04:45:00,,130,,,,,,,,,,,,,,,,,,
14/01/2024 04:30:00,,,,,,,,,,,,,,,,,,,,
14/01/2024 04:15:00,0,132,,,,,,,,,,,,,,,,,,
14/01/2024 04:00:00,0,133,,,,,,,,,,,,,,,,,,
14/01/2024 03:45:00,,133,,,,,,,,,,,,,,,,,,
14/01/2024 03:30:00,,,,,,,,,,,,,,,,,,,,
14/01/2024 03:15:00,0,135,,,,,,,,,,,,,,,,,,
14/01/2024 03:00:00,0,135,,,,,,,,,,,,,,,,,,
14/01/2024 02:45:00,,136,,,,,,,,,,,,,,,,,,
14/01/2024 02:30:00,,,,,,,,,,,,,,,,,,,,
14/01/2024 02:15:00,0,137,,,,,,,,,,,,,,,,,,
14/01/2024 02:00:00,0,138,,,,,,,,,,,,,,,,,,
14/01/2024 01:45:00,,138,,,,,,,,,,,,,,,,,,
14/01/2024 01:30:00,,,,,,,,,,,,,,,,,,,,
14/01/2024 01:15:00,0,139,,,,,,,,,,,,,,,,,,
14/01/2024 01:00:00,0,140,,,,,,,,,,,,,,,,,,
14/01/2024 00:45:00,,141,,,,,,,,,,,,,,,,,,
14/01/2024 00:30:00,,,,,,,,,,,,,,,,,,,,
14/01/2024 00:15:00,0,142,,,,,,,,,,,,,,,,,,
14/01/2024 00:00:00,0,142,,,,,,,,,,,,,,,,,,
13/01/2024 23:45:00,,143,,,,,,,,,,,,,,,,,,
13/01/2024 23:30:00,,,,,,,,,,,,,,,,,,,,
13/01/2024 23:15:00,0,144,,,,,,,,,,,,,,,,,,
13/01/2024 23:00:00,0,144,,,,,,,,,,,,,,,,,,
13/01/2024 22:45:00,,144,,,,,,,,,,,,,,,,,,
13/01/2024 22:30:00,,,,,,,,,,,,,,,,,,,,
13/01/2024 22:15:00,0,144,,,,,,,,,,,,,,,,,,
13/01/2024 22:00:00,0,144,,,,,,,,,,,,,,,,,,
13/01/2024 21:45:00,,144,,,,,,,,,,,,,,,,,,
13/01/2024 21:30:00,,,,,,,,,,,,,,,,,,,,
13/01/2024 21:15:00,0,144,,,,,,,,,,,,,,,,,,
13/01/2024 21:00:00,0,144,,,,,,,,,,,,,,,,,,
13/01/2024 20:45:00,,143,,,,,,,,,,,,,,,,,,
13/01/2024 20:30:00,,,,,,,,,,,,,,,,,,,,
13/01/2024 20:15:00,0,142,,,,,,,,,,,,,,,,,,
13/01/2024 20:00:00,0,141,,,,,,,,,,,,,,,,,,
13/01/2024 19:45:00,,140,,,,,,,,,,,,,,,,,,
13/01/2024 19:30:00,,,,,,,,,,,,,,,,,,,,
13/01/2024 19:15:00,0,139,,,,,,,,,,,,,,,,,,
13/01/2024 19:00:00,0,138,,,,,,,,,,,,,,,,,,
13/01/2024 18:45:00,,138,,,,,,,,,,,,,,,,,,
13/01/2024 18:30:00,,,,,,,,,,,,,,,,,,,,
13/01/2024 18:15:00,0,137,,,,,,,,,,,,,,,,,,
13/01/2024 18:00:00,0,136,,,,,,,,,,,,,,,,,,
13/01/2024 17:45:00,,136,,,,,,,,,,,,,,,,,,
13/01/2024 17:30:00,,,,,,,,,,,,,,,,,,,,
13/01/2024 17:15:00,0,135,,,,,,,,,,,,,,,,,,
13/01/2024 17:00:00,0,134,,,,,,,,,,,,,,,,,,
13/01/2024 16:45:00,,134,,,,,,,,,,,,,,,,,,
13/01/2024 16:30:00,,,,,,,,,,,,,,,,,,,,
13/01/2024 16:15:00,0,134,,,,,,,,,,,,,,,,,,
13/01/2024 16:00:00,0,134,,,,,,,,,,,,,,,,,,
13/01/2024 15:45:00,,134,,,,,,,,,,,,,,,,,,
13/01/2024 15:30:00,,,,,,,,,,,,,,,,,,,,
13/01/2024 15:15:00,0,134,,,,,,,,,,,,,,,,,,
13/01/2024 15:00:00,0,134,,,,,,,,,,,,,,,,,,
13/01/2024 14:45:00,,134,,,,,,,,,,,,,,,,,,
13/01/2024 14:30:00,,,,,,,,,,,,,,,,,,,,
13/01/2024 14:15:00,0,135,,,,,,,,,,,,,,,,,,
13/01/2024 14:00:00,0,135,,,,,,,,,,,,,,,,,,
13/01/2024 13:45:00,,136,,,,,,,,,,,,,,,,,,
13/01/2024 13:30:00,,,,,,,,,,,,,,,,,,,,
13/01/2024 13:15:00,0,136,,,,,,,,,,,,,,,,,,
13/01/2024 13:00:00,0,137,,,,,,,,,,,,,,,,,,
13/01/2024 12:45:00,,137,,,,,,,,,,,,,,,,,,
13/01/2024 12:30:00,,,,,,,,,,,,,,,,,,,,
13/01/2024 12:15:00,0,138,,,,,,,,,,,,,,,,,,
13/01/2024 12:00:00,0,138,,,,,,,,,,,,,,,,,,
13/01/2024 11:45:00,,138,,,,,,,,,,,,,,,,,,
13/01/2024 11:30:00,,,,,,,,,,,,,,,,,,,,
13/01/2024 11:15:00,0,139,,,,,,,,,,,,,,,,,,
13/01/2024 11:00:00,0,140,,,,,,,,,,,,,,,,,,
13/01/2024 10:45:00,,140,,,,,,,,,,,,,,,,,,
13/01/2024 10:30:00,,,,,,,,,,,,,,,,,,,,
13/01/2024 10:15:00,0,141,,,,,,,,,,,,,,,,,,
13/01/2024 10:00:00,0,141,,,,,,,,,,,,,,,,,,
13/01/2024 09:45:00,,141,,,,,,,,,,,,,,,,,,
13/01/2024 09:30:00,,,,,,,,,,,,,,,,,,,,
13/01/2024 09:15:00,0,142,,,,,,,,,,,,,,,,,,
13/01/2024 09:00:00,0,143,,,,,,,,,,,,,,,,,,
13/01/2024 08:45:00,,143,,,,,,,,,,,,,,,,,,
13/01/2024 08:30:00,,,,,,,,,,,,,,,,,,,,
13/01/2024 08:15:00,0,144,,,,,,,,,,,,,,,,,,
13/01/2024 08:00:00,0,144,,,,,,,,,,,,,,,,,,
13/01/2024 07:45:00,,145,,,,,,,,,,,,,,,,,,
13/01/2024 07:30:00,,,,,,,,,,,,,,,,,,,,
13/01/2024 07:15:00,0,146,,,,,,,,,,,,,,,,,,
13/01/2024 07:00:00,0,146,,,,,,,,,,,,,,,,,,
13/01/2024 06:45:00,,147,,,,,,,,,,,,,,,,,,
13/01/2024 06:30:00,,,,,,,,,,,,,,,,,,,,
13/01/2024 06:15:00,0,148,,,,,,,,,,,,,,,,,,
13/01/2024 06:00:00,0,149,,,,,,,,,,,,,,,,,,
13/01/2024 05:45:00,,149,,,,,,,,,,,,,,,,,,
13/01/2024 05:30:00,,,,,,,,,,,,,,,,,,,,
13/01/2024 05:15:00,0,150,,,,,,,,,,,,,,,,,,
13/01/2024 05:00:00,0,151,,,,,,,,,,,,,,,,,,
13/01/2024 04:45:00,,151,,,,,,,,,,,,,,,,,,
13/01/2024 04:30:00,,,,,,,,,,,,,,,,,,,,
13/01/2024 04:15:00,0,153,,,,,,,,,,,,,,,,,,
13/01/2024 04:00:00,0,153,,,,,,,,,,,,,,,,,,
13/01/2024 03:45:00,,154,,,,,,,,,,,,,,,,,,
13/01/2024 03:30:00,,,,,,,,,,,,,,,,,,,,
13/01/2024 03:15:00,0,155,,,,,,,,,,,,,,,,,,
13/01/2024 03:00:00,0,156,,,,,,,,,,,,,,,,,,
13/01/2024 02:45:00,,156,,,,,,,,,,,,,,,,,,
13/01/2024 02:30:00,,,,,,,,,,,,,,,,,,,,
13/01/2024 02:15:00,0,157,,,,,,,,,,,,,,,,,,
13/01/2024 02:00:00,0,158,,,,,,,,,,,,,,,,,,
13/01/2024 01:45:00,,158,,,,,,,,,,,,,,,,,,
13/01/2024 01:30:00,,,,,,,,,,,,,,,,,,,,
13/01/2024 01:15:00,0,159,,,,,,,,,,,,,,,,,,
13/01/2024 01:00:00,0,160,,,,,,,,,,,,,,,,,,
13/01/2024 00:45:00,,160,,,,,,,,,,,,,,,,,,
13/01/2024 00:30:00,,,,,,,,,,,,,,,,,,,,
12/1/2024 23:15,0,160,,,,,,,,,,,,,,,,,,
12/1/2024 23:00,0,160,,,,,,,,,,,,,,,,,,
12/1/2024 22:45,,160,,,,,,,,,,,,,,,,,,
12/1/2024 22:30,,,,,,,,,,,,,,,,,,,,
12/1/2024 22:15,0,160,,,,,,,,,,,,,,,,,,
12/1/2024 22:00,0,160,,,,,,,,,,,,,,,,,,
12/1/2024 21:45,,159,,,,,,,,,,,,,,,,,,
12/1/2024 21:30,,,,,,,,,,,,,,,,,,,,
12/1/2024 20:15,0,155,,,,,,,,,,,,,,,,,,
12/1/2024 20:00,0,155,,,,,,,,,,,,,,,,,,
12/1/2024 19:45,,154,,,,,,,,,,,,,,,,,,
12/1/2024 19:30,,,,,,,,,,,,,,,,,,,,
12/1/2024 19:15,0,153,,,,,,,,,,,,,,,,,,
12/1/2024 19:00,0,153,,,,,,,,,,,,,,,,,,
12/1/2024 18:45,,152,,,,,,,,,,,,,,,,,,
12/1/2024 18:30,,,,,,,,,,,,,,,,,,,,
12/1/2024 18:15,0,151,,,,,,,,,,,,,,,,,,
12/1/2024 18:00,0,151,,,,,,,,,,,,,,,,,,
12/1/2024 17:45,,150,,,,,,,,,,,,,,,,,,
12/1/2024 17:30,,,,,,,,,,,,,,,,,,,,
12/1/2024 17:15,0,150,,,,,,,,,,,,,,,,,,
12/1/2024 17:00,0,149,,,,,,,,,,,,,,,,,,
12/1/2024 16:45,,149,,,,,,,,,,,,,,,,,,
12/1/2024 16:30,,,,,,,,,,,,,,,,,,,,
12/1/2024 16:15,0,148,,,,,,,,,,,,,,,,,,
12/1/2024 16:00,0,148,,,,,,,,,,,,,,,,,,
12/1/2024 15:45,,147,,,,,,,,,,,,,,,,,,
12/1/2024 15:30,,,,,,,,,,,,,,,,,,,,
12/1/2024 15:15,0,146,,,,,,,,,,,,,,,,,,
12/1/2024 15:00,0,146,,,,,,,,,,,,,,,,,,
12/1/2024 14:45,,145,,,,,,,,,,,,,,,,,,
12/1/2024 14:30,,,,,,,,,,,,,,,,,,,,
12/1/2024 14:15,0,144,,,,,,,,,,,,,,,,,,
12/1/2024 14:00,0,144,,,,,,,,,,,,,,,,,,
12/1/2024 13:45,,144,,,,,,,,,,,,,,,,,,
12/1/2024 13:30,,,,,,,,,,,,,,,,,,,,
12/1/2024 13:15,0,144,,,,,,,,,,,,,,,,,,
12/1/2024 13:00,0,144,,,,,,,,,,,,,,,,,,
12/1/2024 12:45,,143,,,,,,,,,,,,,,,,,,
12/1/2024 12:30,,,,,,,,,,,,,,,,,,,,
12/1/2024 12:15,0,143,,,,,,,,,,,,,,,,,,
12/1/2024 12:00,0,142,,,,,,,,,,,,,,,,,,
12/1/2024 11:45,,142,,,,,,,,,,,,,,,,,,
12/1/2024 11:30,,,,,,,,,,,,,,,,,,,,
12/1/2024 11:15,0,141,,,,,,,,,,,,,,,,,,
12/1/2024 11:00,0,141,,,,,,,,,,,,,,,,,,
12/1/2024 10:45,,141,,,,,,,,,,,,,,,,,,
12/1/2024 10:30,,,,,,,,,,,,,,,,,,,,
12/1/2024 10:15,0,140,,,,,,,,,,,,,,,,,,
12/1/2024 10:00,0,140,,,,,,,,,,,,,,,,,,
12/1/2024 9:45,,140,,,,,,,,,,,,,,,,,,
12/1/2024 9:30,,,,,,,,,,,,,,,,,,,,
12/1/2024 9:15,0,140,,,,,,,,,,,,,,,,,,
12/1/2024 9:00,0,140,,,,,,,,,,,,,,,,,,
12/1/2024 8:45,,141,,,,,,,,,,,,,,,,,,
12/1/2024 8:30,,,,,,,,,,,,,,,,,,,,
12/1/2024 8:15,0,141,,,,,,,,,,,,,,,,,,
12/1/2024 8:00,0,141,,,,,,,,,,,,,,,,,,
12/1/2024 7:45,,141,,,,,,,,,,,,,,,,,,
12/1/2024 7:30,,,,,,,,,,,,,,,,,,,,
12/1/2024 7:15,0,141,,,,,,,,,,,,,,,,,,
12/1/2024 7:00,0,141,,,,,,,,,,,,,,,,,,
12/1/2024 6:45,,141,,,,,,,,,,,,,,,,,,
12/1/2024 6:30,,,,,,,,,,,,,,,,,,,,
12/1/2024 6:15,0.2,141,,,,,,,,,,,,,,,,,,
12/1/2024 6:00,0,141,,,,,,,,,,,,,,,,,,
12/1/2024 5:45,,142,,,,,,,,,,,,,,,,,,
12/1/2024 5:30,,,,,,,,,,,,,,,,,,,,
12/1/2024 5:15,0,142,,,,,,,,,,,,,,,,,,
12/1/2024 5:00,0,142,,,,,,,,,,,,,,,,,,
12/1/2024 4:45,,142,,,,,,,,,,,,,,,,,,
12/1/2024 4:30,,,,,,,,,,,,,,,,,,,,
12/1/2024 4:15,0,143,,,,,,,,,,,,,,,,,,
12/1/2024 4:00,0,143,,,,,,,,,,,,,,,,,,
12/1/2024 3:45,,144,,,,,,,,,,,,,,,,,,
12/1/2024 3:30,,,,,,,,,,,,,,,,,,,,
12/1/2024 3:15,0,144,,,,,,,,,,,,,,,,,,
12/1/2024 3:00,0,145,,,,,,,,,,,,,,,,,,
12/1/2024 2:45,,145,,,,,,,,,,,,,,,,,,
12/1/2024 2:30,,,,,,,,,,,,,,,,,,,,
12/1/2024 2:15,0,146,,,,,,,,,,,,,,,,,,
12/1/2024 2:00,0,146,,,,,,,,,,,,,,,,,,
12/1/2024 1:45,,147,,,,,,,,,,,,,,,,,,
12/1/2024 1:30,,,,,,,,,,,,,,,,,,,,
12/1/2024 1:15,0,148,,,,,,,,,,,,,,,,,,
12/1/2024 1:00,0,148,,,,,,,,,,,,,,,,,,
12/1/2024 0:45,,149,,,,,,,,,,,,,,,,,,
12/1/2024 0:30,,,,,,,,,,,,,,,,,,,,
12/1/2024 0:15,0,150,,,,,,,,,,,,,,,,,,
12/1/2024 0:00,0,150,,,,,,,,,,,,,,,,,,
11/1/2024 23:45,,151,,,,,,,,,,,,,,,,,,
11/1/2024 23:30,,,,,,,,,,,,,,,,,,,,
11/1/2024 23:15,0,152,,,,,,,,,,,,,,,,,,
11/1/2024 23:00,0,152,,,,,,,,,,,,,,,,,,
11/1/2024 22:45,,153,,,,,,,,,,,,,,,,,,
11/1/2024 22:30,,,,,,,,,,,,,,,,,,,,
11/1/2024 22:15,0,155,,,,,,,,,,,,,,,,,,
11/1/2024 22:00,0,155,,,,,,,,,,,,,,,,,,
11/1/2024 21:45,,156,,,,,,,,,,,,,,,,,,
11/1/2024 21:30,,,,,,,,,,,,,,,,,,,,
11/1/2024 21:15,0,158,,,,,,,,,,,,,,,,,,
11/1/2024 21:00,0,159,,,,,,,,,,,,,,,,,,
11/1/2024 20:45,,160,,,,,,,,,,,,,,,,,,
11/1/2024 20:30,,,,,,,,,,,,,,,,,,,,
11/1/2024 20:15,0,162,,,,,,,,,,,,,,,,,,
11/1/2024 20:00,0,163,,,,,,,,,,,,,,,,,,
11/1/2024 19:45,,164,,,,,,,,,,,,,,,,,,
11/1/2024 19:30,,,,,,,,,,,,,,,,,,,,
11/1/2024 19:15,0,166,,,,,,,,,,,,,,,,,,
11/1/2024 19:00,0,167,,,,,,,,,,,,,,,,,,
11/1/2024 18:45,,167,,,,,,,,,,,,,,,,,,
11/1/2024 18:30,,,,,,,,,,,,,,,,,,,,
11/1/2024 18:15,0,168,,,,,,,,,,,,,,,,,,
11/1/2024 18:00,0,167,,,,,,,,,,,,,,,,,,
11/1/2024 17:45,,167,,,,,,,,,,,,,,,,,,
11/1/2024 17:30,,,,,,,,,,,,,,,,,,,,
11/1/2024 17:15,0,167,,,,,,,,,,,,,,,,,,
11/1/2024 17:00,0,167,,,,,,,,,,,,,,,,,,
11/1/2024 16:45,,166,,,,,,,,,,,,,,,,,,
11/1/2024 16:30,,,,,,,,,,,,,,,,,,,,
11/1/2024 16:15,0,165,,,,,,,,,,,,,,,,,,
11/1/2024 16:00,0,164,,,,,,,,,,,,,,,,,,
11/1/2024 15:45,,163,,,,,,,,,,,,,,,,,,
11/1/2024 15:30,,,,,,,,,,,,,,,,,,,,
11/1/2024 15:15,0,159,,,,,,,,,,,,,,,,,,
11/1/2024 15:00,0,157,,,,,,,,,,,,,,,,,,
11/1/2024 14:45,,155,,,,,,,,,,,,,,,,,,
11/1/2024 14:30,,,,,,,,,,,,,,,,,,,,
11/1/2024 14:15,0,152,,,,,,,,,,,,,,,,,,
11/1/2024 14:00,0,150,,,,,,,,,,,,,,,,,,
11/1/2024 13:45,,147,,,,,,,,,,,,,,,,,,
11/1/2024 13:30,,,,,,,,,,,,,,,,,,,,
11/1/2024 13:15,0,141,,,,,,,,,,,,,,,,,,
11/1/2024 13:00,0,140,,,,,,,,,,,,,,,,,,
11/1/2024 12:45,,138,,,,,,,,,,,,,,,,,,
11/1/2024 12:30,,,,,,,,,,,,,,,,,,,,
11/1/2024 12:15,0,136,,,,,,,,,,,,,,,,,,
11/1/2024 12:00,0,135,,,,,,,,,,,,,,,,,,
11/1/2024 11:45,,135,,,,,,,,,,,,,,,,,,
11/1/2024 11:30,,,,,,,,,,,,,,,,,,,,
11/1/2024 11:15,0.6,135,,,,,,,,,,,,,,,,,,
11/1/2024 11:00,8.4,134,,,,,,,,,,,,,,,,,,
11/1/2024 10:45,,133,,,,,,,,,,,,,,,,,,
11/1/2024 10:30,,,,,,,,,,,,,,,,,,,,
11/1/2024 10:15,0,133,,,,,,,,,,,,,,,,,,
11/1/2024 10:00,0.4,133,,,,,,,,,,,,,,,,,,
11/1/2024 9:45,,133,,,,,,,,,,,,,,,,,,
11/1/2024 9:30,,,,,,,,,,,,,,,,,,,,
11/1/2024 9:15,0,133,,,,,,,,,,,,,,,,,,
11/1/2024 9:00,0,133,,,,,,,,,,,,,,,,,,
11/1/2024 8:45,,134,,,,,,,,,,,,,,,,,,
11/1/2024 8:30,,,,,,,,,,,,,,,,,,,,
11/1/2024 8:15,0,135,,,,,,,,,,,,,,,,,,
11/1/2024 8:00,0,135,,,,,,,,,,,,,,,,,,
11/1/2024 7:45,,135,,,,,,,,,,,,,,,,,,
11/1/2024 7:30,,,,,,,,,,,,,,,,,,,,
11/1/2024 7:15,0,135,,,,,,,,,,,,,,,,,,
11/1/2024 7:00,0,136,,,,,,,,,,,,,,,,,,
11/1/2024 6:45,,136,,,,,,,,,,,,,,,,,,
11/1/2024 6:30,,,,,,,,,,,,,,,,,,,,
11/1/2024 6:15,0,136,,,,,,,,,,,,,,,,,,
11/1/2024 6:00,0,136,,,,,,,,,,,,,,,,,,
11/1/2024 5:45,,137,,,,,,,,,,,,,,,,,,
11/1/2024 5:30,,,,,,,,,,,,,,,,,,,,
11/1/2024 5:15,0,138,,,,,,,,,,,,,,,,,,
11/1/2024 5:00,0,139,,,,,,,,,,,,,,,,,,
11/1/2024 4:45,,139,,,,,,,,,,,,,,,,,,
11/1/2024 4:30,,,,,,,,,,,,,,,,,,,,
11/1/2024 4:15,0.2,139,,,,,,,,,,,,,,,,,,
11/1/2024 4:00,1.2,138,,,,,,,,,,,,,,,,,,
11/1/2024 3:45,,137,,,,,,,,,,,,,,,,,,
11/1/2024 3:30,,,,,,,,,,,,,,,,,,,,
11/1/2024 3:15,0,138,,,,,,,,,,,,,,,,,,
11/1/2024 3:00,0.2,137,,,,,,,,,,,,,,,,,,
11/1/2024 2:45,,137,,,,,,,,,,,,,,,,,,
11/1/2024 2:30,,,,,,,,,,,,,,,,,,,,
11/1/2024 2:15,0,137,,,,,,,,,,,,,,,,,,
11/1/2024 2:00,0,137,,,,,,,,,,,,,,,,,,
11/1/2024 1:45,,137,,,,,,,,,,,,,,,,,,
11/1/2024 1:30,,,,,,,,,,,,,,,,,,,,
11/1/2024 1:15,0,137,,,,,,,,,,,,,,,,,,
11/1/2024 1:00,0,136,,,,,,,,,,,,,,,,,,
11/1/2024 0:45,,135,,,,,,,,,,,,,,,,,,
11/1/2024 0:30,,,,,,,,,,,,,,,,,,,,
11/1/2024 0:15,0,135,,,,,,,,,,,,,,,,,,
11/1/2024 0:00,0,134,,,,,,,,,,,,,,,,,,
10/1/2024 23:45,,134,,,,,,,,,,,,,,,,,,
10/1/2024 23:30,,,,,,,,,,,,,,,,,,,,
10/1/2024 23:15,0,133,,,,,,,,,,,,,,,,,,
10/1/2024 23:00,0,132,,,,,,,,,,,,,,,,,,
10/1/2024 22:45,,132,,,,,,,,,,,,,,,,,,
10/1/2024 22:30,,,,,,,,,,,,,,,,,,,,
10/1/2024 22:15,0,132,,,,,,,,,,,,,,,,,,
10/1/2024 22:00,0,132,,,,,,,,,,,,,,,,,,
10/1/2024 21:45,,132,,,,,,,,,,,,,,,,,,
10/1/2024 21:30,,,,,,,,,,,,,,,,,,,,
10/1/2024 21:15,0,132,,,,,,,,,,,,,,,,,,
10/1/2024 21:00,0,131,,,,,,,,,,,,,,,,,,
10/1/2024 20:45,,131,,,,,,,,,,,,,,,,,,
10/1/2024 20:30,,,,,,,,,,,,,,,,,,,,
10/1/2024 20:15,0,131,,,,,,,,,,,,,,,,,,
10/1/2024 20:00,0,131,,,,,,,,,,,,,,,,,,
10/1/2024 19:45,,131,,,,,,,,,,,,,,,,,,
10/1/2024 19:30,,,,,,,,,,,,,,,,,,,,
10/1/2024 19:15,0,131,,,,,,,,,,,,,,,,,,
10/1/2024 19:00,0,131,,,,,,,,,,,,,,,,,,
10/1/2024 18:45,,131,,,,,,,,,,,,,,,,,,
10/1/2024 18:30,,,,,,,,,,,,,,,,,,,,
10/1/2024 18:15,0,131,,,,,,,,,,,,,,,,,,
10/1/2024 18:00,0,131,,,,,,,,,,,,,,,,,,
10/1/2024 17:45,,131,,,,,,,,,,,,,,,,,,
10/1/2024 17:30,,,,,,,,,,,,,,,,,,,,
10/1/2024 17:15,0,130,,,,,,,,,,,,,,,,,,
10/1/2024 17:00,0,130,,,,,,,,,,,,,,,,,,
10/1/2024 16:45,,130,,,,,,,,,,,,,,,,,,
10/1/2024 16:30,,,,,,,,,,,,,,,,,,,,
10/1/2024 16:15,0,129,,,,,,,,,,,,,,,,,,
10/1/2024 16:00,0,129,,,,,,,,,,,,,,,,,,
10/1/2024 15:45,,128,,,,,,,,,,,,,,,,,,
10/1/2024 15:30,,,,,,,,,,,,,,,,,,,,
10/1/2024 15:15,0,127,,,,,,,,,,,,,,,,,,
10/1/2024 15:00,0,127,,,,,,,,,,,,,,,,,,
10/1/2024 14:45,,126,,,,,,,,,,,,,,,,,,
10/1/2024 14:30,,,,,,,,,,,,,,,,,,,,
10/1/2024 14:15,0,126,,,,,,,,,,,,,,,,,,
10/1/2024 14:00,0,126,,,,,,,,,,,,,,,,,,
10/1/2024 13:45,,125,,,,,,,,,,,,,,,,,,
10/1/2024 13:30,,,,,,,,,,,,,,,,,,,,
10/1/2024 13:15,0,124,,,,,,,,,,,,,,,,,,
10/1/2024 13:00,0,124,,,,,,,,,,,,,,,,,,
10/1/2024 12:45,,123,,,,,,,,,,,,,,,,,,
10/1/2024 12:30,,,,,,,,,,,,,,,,,,,,
10/1/2024 12:15,0,122,,,,,,,,,,,,,,,,,,
10/1/2024 12:00,0,122,,,,,,,,,,,,,,,,,,
10/1/2024 11:45,,122,,,,,,,,,,,,,,,,,,
10/1/2024 11:30,,,,,,,,,,,,,,,,,,,,
10/1/2024 11:15,0,122,,,,,,,,,,,,,,,,,,
10/1/2024 11:00,0,122,,,,,,,,,,,,,,,,,,
10/1/2024 10:45,,122,,,,,,,,,,,,,,,,,,
10/1/2024 10:30,,,,,,,,,,,,,,,,,,,,
10/1/2024 10:15,0,122,,,,,,,,,,,,,,,,,,
10/1/2024 10:00,0,123,,,,,,,,,,,,,,,,,,
10/1/2024 9:45,,123,,,,,,,,,,,,,,,,,,
10/1/2024 9:30,,,,,,,,,,,,,,,,,,,,
10/1/2024 9:15,0,123,,,,,,,,,,,,,,,,,,
10/1/2024 9:00,0,124,,,,,,,,,,,,,,,,,,
10/1/2024 8:45,,124,,,,,,,,,,,,,,,,,,
10/1/2024 8:30,,,,,,,,,,,,,,,,,,,,
10/1/2024 8:15,0,125,,,,,,,,,,,,,,,,,,
10/1/2024 8:00,0,126,,,,,,,,,,,,,,,,,,
10/1/2024 7:45,,126,,,,,,,,,,,,,,,,,,
10/1/2024 7:30,,,,,,,,,,,,,,,,,,,,
10/1/2024 7:15,0,127,,,,,,,,,,,,,,,,,,
10/1/2024 7:00,0,128,,,,,,,,,,,,,,,,,,
10/1/2024 6:45,,129,,,,,,,,,,,,,,,,,,
10/1/2024 6:30,,,,,,,,,,,,,,,,,,,,
10/1/2024 6:15,0,130,,,,,,,,,,,,,,,,,,
10/1/2024 6:00,0,130,,,,,,,,,,,,,,,,,,
10/1/2024 5:45,,131,,,,,,,,,,,,,,,,,,
10/1/2024 5:30,,,,,,,,,,,,,,,,,,,,
10/1/2024 5:15,0,132,,,,,,,,,,,,,,,,,,
10/1/2024 5:00,0,133,,,,,,,,,,,,,,,,,,
10/1/2024 4:45,,134,,,,,,,,,,,,,,,,,,
10/1/2024 4:30,,,,,,,,,,,,,,,,,,,,
10/1/2024 4:15,0,135,,,,,,,,,,,,,,,,,,
10/1/2024 4:00,0,135,,,,,,,,,,,,,,,,,,
10/1/2024 3:45,,136,,,,,,,,,,,,,,,,,,
10/1/2024 3:30,,,,,,,,,,,,,,,,,,,,
10/1/2024 3:15,0,136,,,,,,,,,,,,,,,,,,
10/1/2024 3:00,0,137,,,,,,,,,,,,,,,,,,
10/1/2024 2:45,,137,,,,,,,,,,,,,,,,,,
10/1/2024 2:30,,,,,,,,,,,,,,,,,,,,
10/1/2024 2:15,0,138,,,,,,,,,,,,,,,,,,
10/1/2024 2:00,0,139,,,,,,,,,,,,,,,,,,
10/1/2024 1:45,,140,,,,,,,,,,,,,,,,,,
10/1/2024 1:30,,,,,,,,,,,,,,,,,,,,
10/1/2024 1:15,0,140,,,,,,,,,,,,,,,,,,
10/1/2024 1:00,0,141,,,,,,,,,,,,,,,,,,
10/1/2024 0:45,,141,,,,,,,,,,,,,,,,,,
10/1/2024 0:30,,,,,,,,,,,,,,,,,,,,
10/1/2024 0:15,0,142,,,,,,,,,,,,,,,,,,
10/1/2024 0:00,0,142,,,,,,,,,,,,,,,,,,
9/1/2024 23:45,,142,,,,,,,,,,,,,,,,,,
9/1/2024 23:30,,,,,,,,,,,,,,,,,,,,
9/1/2024 23:15,0,141,,,,,,,,,,,,,,,,,,
9/1/2024 23:00,0,141,,,,,,,,,,,,,,,,,,
9/1/2024 22:45,,142,,,,,,,,,,,,,,,,,,
9/1/2024 22:30,,,,,,,,,,,,,,,,,,,,
9/1/2024 22:15,0,142,,,,,,,,,,,,,,,,,,
9/1/2024 22:00,0,142,,,,,,,,,,,,,,,,,,
9/1/2024 21:45,,143,,,,,,,,,,,,,,,,,,
9/1/2024 21:30,,,,,,,,,,,,,,,,,,,,
9/1/2024 21:15,0,143,,,,,,,,,,,,,,,,,,
9/1/2024 21:00,0,143,,,,,,,,,,,,,,,,,,
9/1/2024 20:45,,142,,,,,,,,,,,,,,,,,,
9/1/2024 20:30,,,,,,,,,,,,,,,,,,,,
9/1/2024 20:15,0,142,,,,,,,,,,,,,,,,,,
9/1/2024 20:00,0,142,,,,,,,,,,,,,,,,,,
9/1/2024 19:45,,142,,,,,,,,,,,,,,,,,,
9/1/2024 19:30,,,,,,,,,,,,,,,,,,,,
9/1/2024 19:15,0,143,,,,,,,,,,,,,,,,,,
9/1/2024 19:00,0,143,,,,,,,,,,,,,,,,,,
9/1/2024 18:45,,143,,,,,,,,,,,,,,,,,,
9/1/2024 18:30,,,,,,,,,,,,,,,,,,,,
9/1/2024 18:15,0,143,,,,,,,,,,,,,,,,,,
9/1/2024 18:00,0,143,,,,,,,,,,,,,,,,,,
9/1/2024 17:45,,143,,,,,,,,,,,,,,,,,,
9/1/2024 17:30,,,,,,,,,,,,,,,,,,,,
9/1/2024 17:15,0,142,,,,,,,,,,,,,,,,,,
9/1/2024 17:00,0,142,,,,,,,,,,,,,,,,,,
9/1/2024 16:45,,142,,,,,,,,,,,,,,,,,,
9/1/2024 16:30,,,,,,,,,,,,,,,,,,,,
9/1/2024 16:15,0,142,,,,,,,,,,,,,,,,,,
9/1/2024 16:00,0,142,,,,,,,,,,,,,,,,,,
9/1/2024 15:45,,142,,,,,,,,,,,,,,,,,,
9/1/2024 15:30,,,,,,,,,,,,,,,,,,,,
9/1/2024 15:15,0,142,,,,,,,,,,,,,,,,,,
9/1/2024 15:00,0,142,,,,,,,,,,,,,,,,,,
9/1/2024 14:45,,142,,,,,,,,,,,,,,,,,,
9/1/2024 14:30,,,,,,,,,,,,,,,,,,,,
9/1/2024 14:15,0,142,,,,,,,,,,,,,,,,,,
9/1/2024 14:00,0,142,,,,,,,,,,,,,,,,,,
9/1/2024 13:45,,142,,,,,,,,,,,,,,,,,,
9/1/2024 13:30,,,,,,,,,,,,,,,,,,,,
9/1/2024 13:15,0,142,,,,,,,,,,,,,,,,,,
9/1/2024 13:00,0,142,,,,,,,,,,,,,,,,,,
9/1/2024 12:45,,142,,,,,,,,,,,,,,,,,,
9/1/2024 12:30,,,,,,,,,,,,,,,,,,,,
9/1/2024 12:15,0,143,,,,,,,,,,,,,,,,,,
9/1/2024 12:00,0,143,,,,,,,,,,,,,,,,,,
9/1/2024 11:45,,143,,,,,,,,,,,,,,,,,,
9/1/2024 11:30,,,,,,,,,,,,,,,,,,,,
9/1/2024 11:15,0,143,,,,,,,,,,,,,,,,,,
9/1/2024 11:00,0,143,,,,,,,,,,,,,,,,,,
9/1/2024 10:45,,143,,,,,,,,,,,,,,,,,,
9/1/2024 10:30,,,,,,,,,,,,,,,,,,,,
9/1/2024 10:15,0,143,,,,,,,,,,,,,,,,,,
9/1/2024 10:00,0,143,,,,,,,,,,,,,,,,,,
9/1/2024 9:45,,143,,,,,,,,,,,,,,,,,,
9/1/2024 9:30,,,,,,,,,,,,,,,,,,,,
9/1/2024 9:15,0,144,,,,,,,,,,,,,,,,,,
9/1/2024 9:00,0,144,,,,,,,,,,,,,,,,,,
9/1/2024 8:45,,145,,,,,,,,,,,,,,,,,,
9/1/2024 8:30,,,,,,,,,,,,,,,,,,,,
9/1/2024 8:15,0,145,,,,,,,,,,,,,,,,,,
9/1/2024 8:00,0,146,,,,,,,,,,,,,,,,,,
9/1/2024 7:45,,146,,,,,,,,,,,,,,,,,,
9/1/2024 7:30,,,,,,,,,,,,,,,,,,,,
9/1/2024 7:15,0,148,,,,,,,,,,,,,,,,,,
9/1/2024 7:00,0,149,,,,,,,,,,,,,,,,,,
9/1/2024 6:45,,149,,,,,,,,,,,,,,,,,,
9/1/2024 6:30,,,,,,,,,,,,,,,,,,,,
9/1/2024 6:15,0,151,,,,,,,,,,,,,,,,,,
9/1/2024 6:00,0,152,,,,,,,,,,,,,,,,,,
9/1/2024 5:45,,153,,,,,,,,,,,,,,,,,,
9/1/2024 5:30,,,,,,,,,,,,,,,,,,,,
9/1/2024 5:15,0,154,,,,,,,,,,,,,,,,,,
9/1/2024 5:00,0,155,,,,,,,,,,,,,,,,,,
9/1/2024 4:45,,156,,,,,,,,,,,,,,,,,,
9/1/2024 4:30,,,,,,,,,,,,,,,,,,,,
9/1/2024 4:15,0,157,,,,,,,,,,,,,,,,,,
9/1/2024 4:00,0,158,,,,,,,,,,,,,,,,,,
9/1/2024 3:45,,158,,,,,,,,,,,,,,,,,,
9/1/2024 3:30,,,,,,,,,,,,,,,,,,,,
9/1/2024 3:15,0,159,,,,,,,,,,,,,,,,,,
9/1/2024 3:00,0,159,,,,,,,,,,,,,,,,,,
9/1/2024 2:45,,159,,,,,,,,,,,,,,,,,,
9/1/2024 2:30,,,,,,,,,,,,,,,,,,,,
9/1/2024 2:15,0,159,,,,,,,,,,,,,,,,,,
9/1/2024 2:00,0,159,,,,,,,,,,,,,,,,,,
9/1/2024 1:45,,159,,,,,,,,,,,,,,,,,,
9/1/2024 1:30,,,,,,,,,,,,,,,,,,,,
9/1/2024 1:15,0,158,,,,,,,,,,,,,,,,,,
9/1/2024 1:00,0,157,,,,,,,,,,,,,,,,,,
9/1/2024 0:45,,156,,,,,,,,,,,,,,,,,,
9/1/2024 0:30,,,,,,,,,,,,,,,,,,,,
9/1/2024 0:15,0,152,,,,,,,,,,,,,,,,,,
9/1/2024 0:00,0,150,,,,,,,,,,,,,,,,,,
8/1/2024 23:45,,149,,,,,,,,,,,,,,,,,,
8/1/2024 23:30,,,,,,,,,,,,,,,,,,,,
8/1/2024 23:15,0,149,,,,,,,,,,,,,,,,,,
8/1/2024 23:00,0,149,,,,,,,,,,,,,,,,,,
8/1/2024 22:45,,149,,,,,,,,,,,,,,,,,,
8/1/2024 22:30,,,,,,,,,,,,,,,,,,,,
8/1/2024 21:15,0,143,,,,,,,,,,,,,,,,,,
8/1/2024 21:00,0,142,,,,,,,,,,,,,,,,,,
8/1/2024 20:45,,141,,,,,,,,,,,,,,,,,,
8/1/2024 20:30,,,,,,,,,,,,,,,,,,,,
8/1/2024 20:15,0,138,,,,,,,,,,,,,,,,,,
8/1/2024 20:00,0,138,,,,,,,,,,,,,,,,,,
8/1/2024 19:45,,137,,,,,,,,,,,,,,,,,,
8/1/2024 19:30,,,,,,,,,,,,,,,,,,,,
8/1/2024 19:15,0,135,,,,,,,,,,,,,,,,,,
8/1/2024 19:00,0,133,,,,,,,,,,,,,,,,,,
8/1/2024 18:45,,131,,,,,,,,,,,,,,,,,,
8/1/2024 18:30,,,,,,,,,,,,,,,,,,,,
8/1/2024 18:15,0,128,,,,,,,,,,,,,,,,,,
8/1/2024 18:00,0,126,,,,,,,,,,,,,,,,,,
8/1/2024 17:45,,125,,,,,,,,,,,,,,,,,,
8/1/2024 17:30,,,,,,,,,,,,,,,,,,,,
8/1/2024 17:15,0,123,,,,,,,,,,,,,,,,,,
8/1/2024 17:00,0,122,,,,,,,,,,,,,,,,,,
8/1/2024 16:45,,122,,,,,,,,,,,,,,,,,,
8/1/2024 16:30,,,,,,,,,,,,,,,,,,,,
8/1/2024 16:15,0,121,,,,,,,,,,,,,,,,,,
8/1/2024 16:00,0,121,,,,,,,,,,,,,,,,,,
8/1/2024 15:45,,121,,,,,,,,,,,,,,,,,,
8/1/2024 15:30,,,,,,,,,,,,,,,,,,,,
8/1/2024 15:15,0,122,,,,,,,,,,,,,,,,,,
8/1/2024 15:00,0,122,,,,,,,,,,,,,,,,,,
8/1/2024 14:45,,122,,,,,,,,,,,,,,,,,,
8/1/2024 14:30,,,,,,,,,,,,,,,,,,,,
8/1/2024 14:15,0,123,,,,,,,,,,,,,,,,,,
8/1/2024 14:00,0,123,,,,,,,,,,,,,,,,,,
8/1/2024 13:45,,123,,,,,,,,,,,,,,,,,,
8/1/2024 13:30,,,,,,,,,,,,,,,,,,,,
8/1/2024 13:15,0,123,,,,,,,,,,,,,,,,,,
8/1/2024 13:00,0,124,,,,,,,,,,,,,,,,,,
8/1/2024 12:45,,124,,,,,,,,,,,,,,,,,,
8/1/2024 12:30,,,,,,,,,,,,,,,,,,,,
8/1/2024 12:15,0,125,,,,,,,,,,,,,,,,,,
8/1/2024 12:00,0,126,,,,,,,,,,,,,,,,,,
8/1/2024 11:45,,126,,,,,,,,,,,,,,,,,,
8/1/2024 11:30,,,,,,,,,,,,,,,,,,,,
8/1/2024 11:15,0,128,,,,,,,,,,,,,,,,,,
8/1/2024 11:00,0,128,,,,,,,,,,,,,,,,,,
8/1/2024 10:45,,128,,,,,,,,,,,,,,,,,,
8/1/2024 10:30,,,,,,,,,,,,,,,,,,,,
8/1/2024 10:15,0,128,,,,,,,,,,,,,,,,,,
8/1/2024 10:00,0,129,,,,,,,,,,,,,,,,,,
8/1/2024 9:45,,129,,,,,,,,,,,,,,,,,,
8/1/2024 9:30,,,,,,,,,,,,,,,,,,,,
8/1/2024 9:15,0,129,,,,,,,,,,,,,,,,,,
8/1/2024 9:00,0,129,,,,,,,,,,,,,,,,,,
8/1/2024 8:45,,129,,,,,,,,,,,,,,,,,,
8/1/2024 8:30,,,,,,,,,,,,,,,,,,,,
8/1/2024 8:15,0,130,,,,,,,,,,,,,,,,,,
8/1/2024 8:00,0,130,,,,,,,,,,,,,,,,,,
8/1/2024 7:45,,130,,,,,,,,,,,,,,,,,,
8/1/2024 7:30,,,,,,,,,,,,,,,,,,,,
8/1/2024 7:15,0,130,,,,,,,,,,,,,,,,,,
8/1/2024 7:00,0,130,,,,,,,,,,,,,,,,,,
8/1/2024 6:45,,131,,,,,,,,,,,,,,,,,,
8/1/2024 6:30,,,,,,,,,,,,,,,,,,,,
8/1/2024 6:15,0,131,,,,,,,,,,,,,,,,,,
8/1/2024 6:00,0,132,,,,,,,,,,,,,,,,,,
8/1/2024 5:45,,132,,,,,,,,,,,,,,,,,,
8/1/2024 5:30,,,,,,,,,,,,,,,,,,,,
8/1/2024 5:15,0,133,,,,,,,,,,,,,,,,,,
8/1/2024 5:00,0,133,,,,,,,,,,,,,,,,,,
8/1/2024 4:45,,134,,,,,,,,,,,,,,,,,,
8/1/2024 4:30,,,,,,,,,,,,,,,,,,,,
8/1/2024 4:15,0,135,,,,,,,,,,,,,,,,,,
8/1/2024 4:00,0,135,,,,,,,,,,,,,,,,,,
8/1/2024 3:45,,136,,,,,,,,,,,,,,,,,,
8/1/2024 3:30,,,,,,,,,,,,,,,,,,,,
8/1/2024 3:15,0,137,,,,,,,,,,,,,,,,,,
8/1/2024 3:00,0,138,,,,,,,,,,,,,,,,,,
8/1/2024 2:45,,139,,,,,,,,,,,,,,,,,,
8/1/2024 2:30,,,,,,,,,,,,,,,,,,,,
8/1/2024 2:15,0,140,,,,,,,,,,,,,,,,,,
8/1/2024 2:00,0,141,,,,,,,,,,,,,,,,,,
8/1/2024 1:45,,142,,,,,,,,,,,,,,,,,,
8/1/2024 1:30,,,,,,,,,,,,,,,,,,,,
8/1/2024 1:15,0,143,,,,,,,,,,,,,,,,,,
8/1/2024 1:00,0,144,,,,,,,,,,,,,,,,,,
8/1/2024 0:45,,145,,,,,,,,,,,,,,,,,,
8/1/2024 0:30,,,,,,,,,,,,,,,,,,,,
8/1/2024 0:15,0,146,,,,,,,,,,,,,,,,,,
8/1/2024 0:00,0,147,,,,,,,,,,,,,,,,,,
7/1/2024 23:45,,147,,,,,,,,,,,,,,,,,,
7/1/2024 23:30,,,,,,,,,,,,,,,,,,,,
7/1/2024 23:15,0,147,,,,,,,,,,,,,,,,,,
7/1/2024 23:00,0,148,,,,,,,,,,,,,,,,,,
7/1/2024 22:45,,148,,,,,,,,,,,,,,,,,,
7/1/2024 22:30,,,,,,,,,,,,,,,,,,,,
7/1/2024 22:15,0,148,,,,,,,,,,,,,,,,,,
7/1/2024 22:00,0,148,,,,,,,,,,,,,,,,,,
7/1/2024 21:45,,148,,,,,,,,,,,,,,,,,,
7/1/2024 21:30,,,,,,,,,,,,,,,,,,,,
7/1/2024 20:15,0,141,,,,,,,,,,,,,,,,,,
7/1/2024 20:00,0,140,,,,,,,,,,,,,,,,,,
7/1/2024 19:45,,139,,,,,,,,,,,,,,,,,,
7/1/2024 19:30,,,,,,,,,,,,,,,,,,,,
7/1/2024 19:15,0,138,,,,,,,,,,,,,,,,,,
7/1/2024 19:00,0,137,,,,,,,,,,,,,,,,,,
7/1/2024 18:45,,137,,,,,,,,,,,,,,,,,,
7/1/2024 18:30,,,,,,,,,,,,,,,,,,,,
7/1/2024 18:15,0,135,,,,,,,,,,,,,,,,,,
7/1/2024 18:00,0,134,,,,,,,,,,,,,,,,,,
7/1/2024 17:45,,133,,,,,,,,,,,,,,,,,,
7/1/2024 17:30,,,,,,,,,,,,,,,,,,,,
7/1/2024 17:15,0,132,,,,,,,,,,,,,,,,,,
7/1/2024 17:00,0,131,,,,,,,,,,,,,,,,,,
7/1/2024 16:45,,130,,,,,,,,,,,,,,,,,,
7/1/2024 16:30,,,,,,,,,,,,,,,,,,,,
7/1/2024 16:15,0,129,,,,,,,,,,,,,,,,,,
7/1/2024 16:00,0,128,,,,,,,,,,,,,,,,,,
7/1/2024 15:45,,127,,,,,,,,,,,,,,,,,,
7/1/2024 15:30,,,,,,,,,,,,,,,,,,,,
7/1/2024 15:15,0,126,,,,,,,,,,,,,,,,,,
7/1/2024 15:00,0,125,,,,,,,,,,,,,,,,,,
7/1/2024 14:45,,125,,,,,,,,,,,,,,,,,,
7/1/2024 14:30,,,,,,,,,,,,,,,,,,,,
7/1/2024 14:15,0,124,,,,,,,,,,,,,,,,,,
7/1/2024 14:00,0,124,,,,,,,,,,,,,,,,,,
7/1/2024 13:45,,124,,,,,,,,,,,,,,,,,,
7/1/2024 13:30,,,,,,,,,,,,,,,,,,,,
7/1/2024 13:15,0,124,,,,,,,,,,,,,,,,,,
7/1/2024 13:00,0,124,,,,,,,,,,,,,,,,,,
7/1/2024 12:45,,124,,,,,,,,,,,,,,,,,,
7/1/2024 12:30,,,,,,,,,,,,,,,,,,,,
7/1/2024 12:15,0,124,,,,,,,,,,,,,,,,,,
7/1/2024 12:00,0,124,,,,,,,,,,,,,,,,,,
7/1/2024 11:45,,125,,,,,,,,,,,,,,,,,,
7/1/2024 11:30,,,,,,,,,,,,,,,,,,,,
7/1/2024 11:15,0,125,,,,,,,,,,,,,,,,,,
7/1/2024 11:00,0,125,,,,,,,,,,,,,,,,,,
7/1/2024 10:45,,126,,,,,,,,,,,,,,,,,,
7/1/2024 10:30,,,,,,,,,,,,,,,,,,,,
7/1/2024 10:15,0,127,,,,,,,,,,,,,,,,,,
7/1/2024 10:00,0,127,,,,,,,,,,,,,,,,,,
7/1/2024 9:45,,127,,,,,,,,,,,,,,,,,,
7/1/2024 9:30,,,,,,,,,,,,,,,,,,,,
7/1/2024 9:15,0,128,,,,,,,,,,,,,,,,,,
7/1/2024 9:00,0,129,,,,,,,,,,,,,,,,,,
7/1/2024 8:45,,129,,,,,,,,,,,,,,,,,,
7/1/2024 8:30,,,,,,,,,,,,,,,,,,,,
7/1/2024 8:15,0,130,,,,,,,,,,,,,,,,,,
7/1/2024 8:00,0,131,,,,,,,,,,,,,,,,,,
7/1/2024 7:45,,131,,,,,,,,,,,,,,,,,,
7/1/2024 7:30,,,,,,,,,,,,,,,,,,,,
7/1/2024 7:15,0,132,,,,,,,,,,,,,,,,,,
7/1/2024 7:00,0,133,,,,,,,,,,,,,,,,,,
7/1/2024 6:45,,134,,,,,,,,,,,,,,,,,,
7/1/2024 6:30,,,,,,,,,,,,,,,,,,,,
7/1/2024 6:15,0,135,,,,,,,,,,,,,,,,,,
7/1/2024 6:00,0,135,,,,,,,,,,,,,,,,,,
7/1/2024 5:45,,136,,,,,,,,,,,,,,,,,,
7/1/2024 5:30,,,,,,,,,,,,,,,,,,,,
7/1/2024 5:15,0,137,,,,,,,,,,,,,,,,,,
7/1/2024 5:00,0,137,,,,,,,,,,,,,,,,,,
7/1/2024 4:45,,138,,,,,,,,,,,,,,,,,,
7/1/2024 4:30,,,,,,,,,,,,,,,,,,,,
7/1/2024 4:15,0,138,,,,,,,,,,,,,,,,,,
7/1/2024 4:00,0,139,,,,,,,,,,,,,,,,,,
7/1/2024 3:45,,139,,,,,,,,,,,,,,,,,,
7/1/2024 3:30,,,,,,,,,,,,,,,,,,,,
7/1/2024 3:15,0,140,,,,,,,,,,,,,,,,,,
7/1/2024 3:00,0,141,,,,,,,,,,,,,,,,,,
7/1/2024 2:45,,141,,,,,,,,,,,,,,,,,,
7/1/2024 2:30,,,,,,,,,,,,,,,,,,,,
7/1/2024 2:15,0,142,,,,,,,,,,,,,,,,,,
7/1/2024 2:00,0,142,,,,,,,,,,,,,,,,,,
7/1/2024 1:45,,143,,,,,,,,,,,,,,,,,,
7/1/2024 1:30,,,,,,,,,,,,,,,,,,,,
7/1/2024 1:15,0,143,,,,,,,,,,,,,,,,,,
7/1/2024 1:00,0,143,,,,,,,,,,,,,,,,,,
7/1/2024 0:45,,143,,,,,,,,,,,,,,,,,,
7/1/2024 0:30,,,,,,,,,,,,,,,,,,,,
7/1/2024 0:15,0,143,,,,,,,,,,,,,,,,,,
7/1/2024 0:00,0,144,,,,,,,,,,,,,,,,,,
6/1/2024 23:45,,144,,,,,,,,,,,,,,,,,,
6/1/2024 23:30,,,,,,,,,,,,,,,,,,,,
6/1/2024 23:15,0,144,,,,,,,,,,,,,,,,,,
6/1/2024 23:00,0,144,,,,,,,,,,,,,,,,,,
6/1/2024 22:45,,144,,,,,,,,,,,,,,,,,,
6/1/2024 22:30,,,,,,,,,,,,,,,,,,,,
6/1/2024 22:15,0,144,,,,,,,,,,,,,,,,,,
6/1/2024 22:00,0,144,,,,,,,,,,,,,,,,,,
6/1/2024 21:45,,144,,,,,,,,,,,,,,,,,,
6/1/2024 21:30,,,,,,,,,,,,,,,,,,,,
6/1/2024 21:15,0,144,,,,,,,,,,,,,,,,,,
6/1/2024 21:00,0,144,,,,,,,,,,,,,,,,,,
6/1/2024 20:45,,144,,,,,,,,,,,,,,,,,,
6/1/2024 20:30,,,,,,,,,,,,,,,,,,,,
6/1/2024 20:15,0,143,,,,,,,,,,,,,,,,,,
6/1/2024 20:00,0,143,,,,,,,,,,,,,,,,,,
6/1/2024 19:45,,143,,,,,,,,,,,,,,,,,,
6/1/2024 19:30,,,,,,,,,,,,,,,,,,,,
6/1/2024 19:15,0,142,,,,,,,,,,,,,,,,,,
6/1/2024 19:00,0,142,,,,,,,,,,,,,,,,,,
6/1/2024 18:45,,141,,,,,,,,,,,,,,,,,,
6/1/2024 18:30,,,,,,,,,,,,,,,,,,,,
6/1/2024 18:15,0,141,,,,,,,,,,,,,,,,,,
6/1/2024 18:00,0,141,,,,,,,,,,,,,,,,,,
6/1/2024 17:45,,141,,,,,,,,,,,,,,,,,,
6/1/2024 17:30,,,,,,,,,,,,,,,,,,,,
6/1/2024 17:15,0,140,,,,,,,,,,,,,,,,,,
6/1/2024 17:00,0,140,,,,,,,,,,,,,,,,,,
6/1/2024 16:45,,140,,,,,,,,,,,,,,,,,,
6/1/2024 16:30,,,,,,,,,,,,,,,,,,,,
6/1/2024 16:15,0,139,,,,,,,,,,,,,,,,,,
6/1/2024 16:00,0,139,,,,,,,,,,,,,,,,,,
6/1/2024 15:45,,139,,,,,,,,,,,,,,,,,,
6/1/2024 15:30,,,,,,,,,,,,,,,,,,,,
6/1/2024 15:15,0,139,,,,,,,,,,,,,,,,,,
6/1/2024 15:00,0,139,,,,,,,,,,,,,,,,,,
6/1/2024 14:45,,139,,,,,,,,,,,,,,,,,,
6/1/2024 14:30,,,,,,,,,,,,,,,,,,,,
6/1/2024 14:15,0,139,,,,,,,,,,,,,,,,,,
6/1/2024 14:00,0,139,,,,,,,,,,,,,,,,,,
6/1/2024 13:45,,139,,,,,,,,,,,,,,,,,,
6/1/2024 13:30,,,,,,,,,,,,,,,,,,,,
6/1/2024 13:15,0,140,,,,,,,,,,,,,,,,,,
6/1/2024 13:00,0,140,,,,,,,,,,,,,,,,,,
6/1/2024 12:45,,140,,,,,,,,,,,,,,,,,,
6/1/2024 12:30,,,,,,,,,,,,,,,,,,,,
6/1/2024 12:15,0,141,,,,,,,,,,,,,,,,,,
6/1/2024 12:00,0,141,,,,,,,,,,,,,,,,,,
6/1/2024 11:45,,141,,,,,,,,,,,,,,,,,,
6/1/2024 11:30,,,,,,,,,,,,,,,,,,,,
6/1/2024 11:15,0,142,,,,,,,,,,,,,,,,,,
6/1/2024 11:00,0,142,,,,,,,,,,,,,,,,,,
6/1/2024 10:45,,143,,,,,,,,,,,,,,,,,,
6/1/2024 10:30,,,,,,,,,,,,,,,,,,,,
6/1/2024 10:15,0,143,,,,,,,,,,,,,,,,,,
6/1/2024 10:00,0,143,,,,,,,,,,,,,,,,,,
6/1/2024 9:45,,143,,,,,,,,,,,,,,,,,,
6/1/2024 9:30,,,,,,,,,,,,,,,,,,,,
6/1/2024 9:15,0,144,,,,,,,,,,,,,,,,,,
6/1/2024 9:00,0,144,,,,,,,,,,,,,,,,,,
6/1/2024 8:45,,144,,,,,,,,,,,,,,,,,,
6/1/2024 8:30,,,,,,,,,,,,,,,,,,,,
6/1/2024 8:15,0,145,,,,,,,,,,,,,,,,,,
6/1/2024 8:00,0,145,,,,,,,,,,,,,,,,,,
6/1/2024 7:45,,145,,,,,,,,,,,,,,,,,,
6/1/2024 7:30,,,,,,,,,,,,,,,,,,,,
6/1/2024 7:15,0,146,,,,,,,,,,,,,,,,,,
6/1/2024 7:00,0,146,,,,,,,,,,,,,,,,,,
6/1/2024 6:45,,147,,,,,,,,,,,,,,,,,,
6/1/2024 6:30,,,,,,,,,,,,,,,,,,,,
6/1/2024 6:15,0,147,,,,,,,,,,,,,,,,,,
6/1/2024 6:00,0,148,,,,,,,,,,,,,,,,,,
6/1/2024 5:45,,148,,,,,,,,,,,,,,,,,,
6/1/2024 5:30,,,,,,,,,,,,,,,,,,,,
6/1/2024 5:15,0,149,,,,,,,,,,,,,,,,,,
6/1/2024 5:00,0,149,,,,,,,,,,,,,,,,,,
6/1/2024 4:45,,150,,,,,,,,,,,,,,,,,,
6/1/2024 4:30,,,,,,,,,,,,,,,,,,,,
6/1/2024 4:15,0,150,,,,,,,,,,,,,,,,,,
6/1/2024 4:00,0,151,,,,,,,,,,,,,,,,,,
6/1/2024 3:45,,151,,,,,,,,,,,,,,,,,,
6/1/2024 3:30,,,,,,,,,,,,,,,,,,,,
6/1/2024 3:15,0,153,,,,,,,,,,,,,,,,,,
6/1/2024 3:00,0,153,,,,,,,,,,,,,,,,,,
6/1/2024 2:45,,154,,,,,,,,,,,,,,,,,,
6/1/2024 2:30,,,,,,,,,,,,,,,,,,,,
6/1/2024 2:15,0,155,,,,,,,,,,,,,,,,,,
6/1/2024 2:00,0,155,,,,,,,,,,,,,,,,,,
6/1/2024 1:45,,155,,,,,,,,,,,,,,,,,,
6/1/2024 1:30,,,,,,,,,,,,,,,,,,,,
6/1/2024 1:15,0,156,,,,,,,,,,,,,,,,,,
6/1/2024 1:00,0,157,,,,,,,,,,,,,,,,,,
6/1/2024 0:45,,157,,,,,,,,,,,,,,,,,,
6/1/2024 0:30,,,,,,,,,,,,,,,,,,,,
6/1/2024 0:15,0,158,,,,,,,,,,,,,,,,,,
6/1/2024 0:00,0,158,,,,,,,,,,,,,,,,,,
5/1/2024 23:45,,158,,,,,,,,,,,,,,,,,,
5/1/2024 23:30,,,,,,,,,,,,,,,,,,,,
5/1/2024 23:15,0,159,,,,,,,,,,,,,,,,,,
5/1/2024 23:00,0,159,,,,,,,,,,,,,,,,,,
5/1/2024 22:45,,159,,,,,,,,,,,,,,,,,,
5/1/2024 22:30,,,,,,,,,,,,,,,,,,,,
5/1/2024 22:15,0,159,,,,,,,,,,,,,,,,,,
5/1/2024 22:00,0,159,,,,,,,,,,,,,,,,,,
5/1/2024 21:45,,159,,,,,,,,,,,,,,,,,,
5/1/2024 21:30,,,,,,,,,,,,,,,,,,,,
5/1/2024 21:15,0,159,,,,,,,,,,,,,,,,,,
5/1/2024 21:00,0,159,,,,,,,,,,,,,,,,,,
5/1/2024 20:45,,159,,,,,,,,,,,,,,,,,,
5/1/2024 20:30,,,,,,,,,,,,,,,,,,,,
5/1/2024 20:15,0,159,,,,,,,,,,,,,,,,,,
5/1/2024 20:00,0,158,,,,,,,,,,,,,,,,,,
5/1/2024 19:45,,158,,,,,,,,,,,,,,,,,,
5/1/2024 19:30,,,,,,,,,,,,,,,,,,,,
5/1/2024 19:15,0,157,,,,,,,,,,,,,,,,,,
5/1/2024 19:00,0,157,,,,,,,,,,,,,,,,,,
5/1/2024 18:45,,157,,,,,,,,,,,,,,,,,,
5/1/2024 18:30,,,,,,,,,,,,,,,,,,,,
5/1/2024 18:15,0,157,,,,,,,,,,,,,,,,,,
5/1/2024 18:00,0,157,,,,,,,,,,,,,,,,,,
5/1/2024 17:45,,156,,,,,,,,,,,,,,,,,,
5/1/2024 17:30,,,,,,,,,,,,,,,,,,,,
5/1/2024 17:15,0,156,,,,,,,,,,,,,,,,,,
5/1/2024 17:00,0,156,,,,,,,,,,,,,,,,,,
5/1/2024 16:45,,156,,,,,,,,,,,,,,,,,,
5/1/2024 16:30,,,,,,,,,,,,,,,,,,,,
5/1/2024 16:15,0,155,,,,,,,,,,,,,,,,,,
5/1/2024 16:00,0,155,,,,,,,,,,,,,,,,,,
5/1/2024 15:45,,155,,,,,,,,,,,,,,,,,,
5/1/2024 15:30,,,,,,,,,,,,,,,,,,,,
5/1/2024 15:15,0,155,,,,,,,,,,,,,,,,,,
5/1/2024 15:00,0,156,,,,,,,,,,,,,,,,,,
5/1/2024 14:45,,155,,,,,,,,,,,,,,,,,,
5/1/2024 14:30,,,,,,,,,,,,,,,,,,,,
5/1/2024 14:15,0,155,,,,,,,,,,,,,,,,,,
5/1/2024 14:00,0,155,,,,,,,,,,,,,,,,,,
5/1/2024 13:45,,155,,,,,,,,,,,,,,,,,,
5/1/2024 13:30,,,,,,,,,,,,,,,,,,,,
5/1/2024 13:15,0,155,,,,,,,,,,,,,,,,,,
5/1/2024 13:00,0,155,,,,,,,,,,,,,,,,,,
5/1/2024 12:45,,155,,,,,,,,,,,,,,,,,,
5/1/2024 12:30,,,,,,,,,,,,,,,,,,,,
5/1/2024 12:15,0,154,,,,,,,,,,,,,,,,,,
5/1/2024 12:00,0,154,,,,,,,,,,,,,,,,,,
5/1/2024 11:45,,154,,,,,,,,,,,,,,,,,,
5/1/2024 11:30,,,,,,,,,,,,,,,,,,,,
5/1/2024 11:15,0,155,,,,,,,,,,,,,,,,,,
5/1/2024 11:00,0,155,,,,,,,,,,,,,,,,,,
5/1/2024 10:45,,154,,,,,,,,,,,,,,,,,,
5/1/2024 10:30,,,,,,,,,,,,,,,,,,,,
5/1/2024 10:15,0,155,,,,,,,,,,,,,,,,,,
5/1/2024 10:00,0,155,,,,,,,,,,,,,,,,,,
5/1/2024 9:45,,155,,,,,,,,,,,,,,,,,,
5/1/2024 9:30,,,,,,,,,,,,,,,,,,,,
5/1/2024 9:15,0,155,,,,,,,,,,,,,,,,,,
5/1/2024 9:00,0,155,,,,,,,,,,,,,,,,,,
5/1/2024 8:45,,156,,,,,,,,,,,,,,,,,,
5/1/2024 8:30,,,,,,,,,,,,,,,,,,,,
5/1/2024 8:15,0,156,,,,,,,,,,,,,,,,,,
5/1/2024 8:00,0,157,,,,,,,,,,,,,,,,,,
5/1/2024 7:45,,157,,,,,,,,,,,,,,,,,,
5/1/2024 7:30,,,,,,,,,,,,,,,,,,,,
5/1/2024 7:15,0,158,,,,,,,,,,,,,,,,,,
5/1/2024 7:00,0,158,,,,,,,,,,,,,,,,,,
5/1/2024 6:45,,158,,,,,,,,,,,,,,,,,,
5/1/2024 6:30,,,,,,,,,,,,,,,,,,,,
5/1/2024 6:15,0,159,,,,,,,,,,,,,,,,,,
5/1/2024 6:00,0,160,,,,,,,,,,,,,,,,,,
5/1/2024 5:45,,160,,,,,,,,,,,,,,,,,,
5/1/2024 5:30,,,,,,,,,,,,,,,,,,,,
5/1/2024 5:15,0,161,,,,,,,,,,,,,,,,,,
5/1/2024 5:00,0,162,,,,,,,,,,,,,,,,,,
5/1/2024 4:45,,162,,,,,,,,,,,,,,,,,,
5/1/2024 4:30,,,,,,,,,,,,,,,,,,,,
5/1/2024 4:15,0,163,,,,,,,,,,,,,,,,,,
5/1/2024 4:00,0,164,,,,,,,,,,,,,,,,,,
5/1/2024 3:45,,164,,,,,,,,,,,,,,,,,,
5/1/2024 3:30,,,,,,,,,,,,,,,,,,,,
5/1/2024 3:15,0,166,,,,,,,,,,,,,,,,,,
5/1/2024 3:00,0,166,,,,,,,,,,,,,,,,,,
5/1/2024 2:45,,166,,,,,,,,,,,,,,,,,,
5/1/2024 2:30,,,,,,,,,,,,,,,,,,,,
5/1/2024 2:15,0,167,,,,,,,,,,,,,,,,,,
5/1/2024 2:00,0,168,,,,,,,,,,,,,,,,,,
5/1/2024 1:45,,168,,,,,,,,,,,,,,,,,,
5/1/2024 1:30,,,,,,,,,,,,,,,,,,,,
5/1/2024 1:15,0,168,,,,,,,,,,,,,,,,,,
5/1/2024 1:00,0,169,,,,,,,,,,,,,,,,,,
5/1/2024 0:45,,170,,,,,,,,,,,,,,,,,,
5/1/2024 0:30,,,,,,,,,,,,,,,,,,,,
5/1/2024 0:15,0,170,,,,,,,,,,,,,,,,,,
5/1/2024 0:00,0,171,,,,,,,,,,,,,,,,,,
4/1/2024 23:45,,171,,,,,,,,,,,,,,,,,,
4/1/2024 23:30,,,,,,,,,,,,,,,,,,,,
4/1/2024 23:15,0,171,,,,,,,,,,,,,,,,,,
4/1/2024 23:00,0,170,,,,,,,,,,,,,,,,,,
4/1/2024 22:45,,171,,,,,,,,,,,,,,,,,,
4/1/2024 22:30,,,,,,,,,,,,,,,,,,,,
4/1/2024 22:15,0,171,,,,,,,,,,,,,,,,,,
4/1/2024 22:00,0,170,,,,,,,,,,,,,,,,,,
4/1/2024 21:45,,170,,,,,,,,,,,,,,,,,,
4/1/2024 21:30,,,,,,,,,,,,,,,,,,,,
4/1/2024 21:15,0,170,,,,,,,,,,,,,,,,,,
4/1/2024 21:00,0,169,,,,,,,,,,,,,,,,,,
4/1/2024 20:45,,170,,,,,,,,,,,,,,,,,,
4/1/2024 20:30,,,,,,,,,,,,,,,,,,,,
4/1/2024 20:15,0,170,,,,,,,,,,,,,,,,,,
4/1/2024 20:00,0,169,,,,,,,,,,,,,,,,,,
4/1/2024 19:45,,169,,,,,,,,,,,,,,,,,,
4/1/2024 19:30,,,,,,,,,,,,,,,,,,,,
4/1/2024 19:15,0,167,,,,,,,,,,,,,,,,,,
4/1/2024 19:00,0,166,,,,,,,,,,,,,,,,,,
4/1/2024 18:45,,166,,,,,,,,,,,,,,,,,,
4/1/2024 18:30,,,,,,,,,,,,,,,,,,,,
4/1/2024 18:15,0,166,,,,,,,,,,,,,,,,,,
4/1/2024 18:00,0,166,,,,,,,,,,,,,,,,,,
4/1/2024 17:45,,165,,,,,,,,,,,,,,,,,,
4/1/2024 17:30,,,,,,,,,,,,,,,,,,,,
4/1/2024 17:15,0,165,,,,,,,,,,,,,,,,,,
4/1/2024 17:00,0,165,,,,,,,,,,,,,,,,,,
4/1/2024 16:45,,164,,,,,,,,,,,,,,,,,,
4/1/2024 16:30,,,,,,,,,,,,,,,,,,,,
4/1/2024 16:15,0,164,,,,,,,,,,,,,,,,,,
4/1/2024 16:00,0,163,,,,,,,,,,,,,,,,,,
4/1/2024 15:45,,163,,,,,,,,,,,,,,,,,,
4/1/2024 15:30,,,,,,,,,,,,,,,,,,,,
4/1/2024 15:15,0,163,,,,,,,,,,,,,,,,,,
4/1/2024 15:00,0,163,,,,,,,,,,,,,,,,,,
4/1/2024 14:45,,163,,,,,,,,,,,,,,,,,,
4/1/2024 14:30,,,,,,,,,,,,,,,,,,,,
4/1/2024 14:15,0,163,,,,,,,,,,,,,,,,,,
4/1/2024 14:00,0,163,,,,,,,,,,,,,,,,,,
4/1/2024 13:45,,162,,,,,,,,,,,,,,,,,,
4/1/2024 13:30,,,,,,,,,,,,,,,,,,,,
4/1/2024 13:15,0,162,,,,,,,,,,,,,,,,,,
4/1/2024 13:00,0,161,,,,,,,,,,,,,,,,,,
4/1/2024 12:45,,161,,,,,,,,,,,,,,,,,,
4/1/2024 12:30,,,,,,,,,,,,,,,,,,,,
4/1/2024 12:15,0,161,,,,,,,,,,,,,,,,,,
4/1/2024 12:00,0,161,,,,,,,,,,,,,,,,,,
4/1/2024 11:45,,161,,,,,,,,,,,,,,,,,,
4/1/2024 11:30,,,,,,,,,,,,,,,,,,,,
4/1/2024 11:15,0,161,,,,,,,,,,,,,,,,,,
4/1/2024 11:00,0,161,,,,,,,,,,,,,,,,,,
4/1/2024 10:45,,161,,,,,,,,,,,,,,,,,,
4/1/2024 10:30,,,,,,,,,,,,,,,,,,,,
4/1/2024 10:15,0,160,,,,,,,,,,,,,,,,,,
4/1/2024 10:00,0,160,,,,,,,,,,,,,,,,,,
4/1/2024 9:45,,160,,,,,,,,,,,,,,,,,,
4/1/2024 9:30,,,,,,,,,,,,,,,,,,,,
4/1/2024 9:15,0,160,,,,,,,,,,,,,,,,,,
4/1/2024 9:00,0,160,,,,,,,,,,,,,,,,,,
4/1/2024 8:45,,160,,,,,,,,,,,,,,,,,,
4/1/2024 8:30,,,,,,,,,,,,,,,,,,,,
4/1/2024 8:15,0,159,,,,,,,,,,,,,,,,,,
4/1/2024 8:00,0,160,,,,,,,,,,,,,,,,,,
4/1/2024 7:45,,160,,,,,,,,,,,,,,,,,,
4/1/2024 7:30,,,,,,,,,,,,,,,,,,,,
4/1/2024 7:15,0,160,,,,,,,,,,,,,,,,,,
4/1/2024 7:00,0,160,,,,,,,,,,,,,,,,,,
4/1/2024 6:45,,160,,,,,,,,,,,,,,,,,,
4/1/2024 6:30,,,,,,,,,,,,,,,,,,,,
4/1/2024 6:15,0,161,,,,,,,,,,,,,,,,,,
4/1/2024 6:00,0,161,,,,,,,,,,,,,,,,,,
4/1/2024 5:45,,161,,,,,,,,,,,,,,,,,,
4/1/2024 5:30,,,,,,,,,,,,,,,,,,,,
4/1/2024 5:15,0,161,,,,,,,,,,,,,,,,,,
4/1/2024 5:00,0,161,,,,,,,,,,,,,,,,,,
4/1/2024 4:45,,162,,,,,,,,,,,,,,,,,,
4/1/2024 4:30,,,,,,,,,,,,,,,,,,,,
4/1/2024 4:15,0,162,,,,,,,,,,,,,,,,,,
4/1/2024 4:00,0,162,,,,,,,,,,,,,,,,,,
4/1/2024 3:45,,162,,,,,,,,,,,,,,,,,,
4/1/2024 3:30,,,,,,,,,,,,,,,,,,,,
4/1/2024 3:15,0,163,,,,,,,,,,,,,,,,,,
4/1/2024 3:00,0,163,,,,,,,,,,,,,,,,,,
4/1/2024 2:45,,163,,,,,,,,,,,,,,,,,,
4/1/2024 2:30,,,,,,,,,,,,,,,,,,,,
4/1/2024 2:15,0,164,,,,,,,,,,,,,,,,,,
4/1/2024 2:00,0,164,,,,,,,,,,,,,,,,,,
4/1/2024 1:45,,165,,,,,,,,,,,,,,,,,,
4/1/2024 1:30,,,,,,,,,,,,,,,,,,,,
4/1/2024 1:15,0,165,,,,,,,,,,,,,,,,,,
4/1/2024 1:00,0,166,,,,,,,,,,,,,,,,,,
4/1/2024 0:45,,166,,,,,,,,,,,,,,,,,,
4/1/2024 0:30,,,,,,,,,,,,,,,,,,,,
4/1/2024 0:15,0,167,,,,,,,,,,,,,,,,,,
4/1/2024 0:00,0,168,,,,,,,,,,,,,,,,,,
3/1/2024 23:45,,168,,,,,,,,,,,,,,,,,,
3/1/2024 23:30,,,,,,,,,,,,,,,,,,,,
3/1/2024 23:15,0,170,,,,,,,,,,,,,,,,,,
3/1/2024 23:00,0,171,,,,,,,,,,,,,,,,,,
3/1/2024 22:45,,171,,,,,,,,,,,,,,,,,,
3/1/2024 22:30,,,,,,,,,,,,,,,,,,,,
3/1/2024 22:15,0,173,,,,,,,,,,,,,,,,,,
3/1/2024 22:00,0,174,,,,,,,,,,,,,,,,,,
3/1/2024 21:45,,175,,,,,,,,,,,,,,,,,,
3/1/2024 21:30,,,,,,,,,,,,,,,,,,,,
3/1/2024 21:15,0,175,,,,,,,,,,,,,,,,,,
3/1/2024 21:00,0,176,,,,,,,,,,,,,,,,,,
3/1/2024 20:45,,176,,,,,,,,,,,,,,,,,,
3/1/2024 20:30,,,,,,,,,,,,,,,,,,,,
3/1/2024 20:15,0,178,,,,,,,,,,,,,,,,,,
3/1/2024 20:00,0,178,,,,,,,,,,,,,,,,,,
3/1/2024 19:45,,178,,,,,,,,,,,,,,,,,,
3/1/2024 19:30,,,,,,,,,,,,,,,,,,,,
3/1/2024 19:15,0,177,,,,,,,,,,,,,,,,,,
3/1/2024 19:00,0,177,,,,,,,,,,,,,,,,,,
3/1/2024 18:45,,177,,,,,,,,,,,,,,,,,,
3/1/2024 18:30,,,,,,,,,,,,,,,,,,,,
3/1/2024 18:15,0,175,,,,,,,,,,,,,,,,,,
3/1/2024 18:00,0,173,,,,,,,,,,,,,,,,,,
3/1/2024 17:45,,171,,,,,,,,,,,,,,,,,,
3/1/2024 17:30,,,,,,,,,,,,,,,,,,,,
3/1/2024 17:15,0,168,,,,,,,,,,,,,,,,,,
3/1/2024 17:00,0,167,,,,,,,,,,,,,,,,,,
3/1/2024 16:45,,166,,,,,,,,,,,,,,,,,,
3/1/2024 16:30,,,,,,,,,,,,,,,,,,,,
3/1/2024 16:15,0,165,,,,,,,,,,,,,,,,,,
3/1/2024 16:00,0,164,,,,,,,,,,,,,,,,,,
3/1/2024 15:45,,164,,,,,,,,,,,,,,,,,,
3/1/2024 15:30,,,,,,,,,,,,,,,,,,,,
3/1/2024 15:15,0,163,,,,,,,,,,,,,,,,,,
3/1/2024 15:00,0,162,,,,,,,,,,,,,,,,,,
3/1/2024 14:45,,162,,,,,,,,,,,,,,,,,,
3/1/2024 14:30,,,,,,,,,,,,,,,,,,,,
3/1/2024 14:15,0,161,,,,,,,,,,,,,,,,,,
3/1/2024 14:00,0,161,,,,,,,,,,,,,,,,,,
3/1/2024 13:45,,161,,,,,,,,,,,,,,,,,,
3/1/2024 13:30,,,,,,,,,,,,,,,,,,,,
3/1/2024 13:15,0,161,,,,,,,,,,,,,,,,,,
3/1/2024 13:00,0,161,,,,,,,,,,,,,,,,,,
3/1/2024 12:45,,161,,,,,,,,,,,,,,,,,,
3/1/2024 12:30,,,,,,,,,,,,,,,,,,,,
3/1/2024 12:15,0,162,,,,,,,,,,,,,,,,,,
3/1/2024 12:00,0,161,,,,,,,,,,,,,,,,,,
3/1/2024 11:45,,162,,,,,,,,,,,,,,,,,,
3/1/2024 11:30,,,,,,,,,,,,,,,,,,,,
3/1/2024 11:15,0,162,,,,,,,,,,,,,,,,,,
3/1/2024 11:00,0,162,,,,,,,,,,,,,,,,,,
3/1/2024 10:45,,163,,,,,,,,,,,,,,,,,,
3/1/2024 10:30,,,,,,,,,,,,,,,,,,,,
3/1/2024 10:15,0,163,,,,,,,,,,,,,,,,,,
3/1/2024 10:00,0,163,,,,,,,,,,,,,,,,,,
3/1/2024 9:45,,163,,,,,,,,,,,,,,,,,,
3/1/2024 9:30,,,,,,,,,,,,,,,,,,,,
3/1/2024 9:15,0,163,,,,,,,,,,,,,,,,,,
3/1/2024 9:00,0,162,,,,,,,,,,,,,,,,,,
3/1/2024 8:45,,163,,,,,,,,,,,,,,,,,,
3/1/2024 8:30,,,,,,,,,,,,,,,,,,,,
3/1/2024 8:15,0,163,,,,,,,,,,,,,,,,,,
3/1/2024 8:00,0,163,,,,,,,,,,,,,,,,,,
3/1/2024 7:45,,163,,,,,,,,,,,,,,,,,,
3/1/2024 7:30,,,,,,,,,,,,,,,,,,,,
3/1/2024 7:15,0,163,,,,,,,,,,,,,,,,,,
3/1/2024 7:00,0,163,,,,,,,,,,,,,,,,,,
3/1/2024 6:45,,162,,,,,,,,,,,,,,,,,,
3/1/2024 6:30,,,,,,,,,,,,,,,,,,,,
3/1/2024 6:15,0,162,,,,,,,,,,,,,,,,,,
3/1/2024 6:00,0,161,,,,,,,,,,,,,,,,,,
3/1/2024 5:45,,161,,,,,,,,,,,,,,,,,,
3/1/2024 5:30,,,,,,,,,,,,,,,,,,,,
3/1/2024 5:15,0,161,,,,,,,,,,,,,,,,,,
3/1/2024 5:00,0,160,,,,,,,,,,,,,,,,,,
3/1/2024 4:45,,160,,,,,,,,,,,,,,,,,,
3/1/2024 4:30,,,,,,,,,,,,,,,,,,,,
3/1/2024 4:15,0,160,,,,,,,,,,,,,,,,,,
3/1/2024 4:00,0,161,,,,,,,,,,,,,,,,,,
3/1/2024 3:45,,160,,,,,,,,,,,,,,,,,,
3/1/2024 3:30,,,,,,,,,,,,,,,,,,,,
3/1/2024 3:15,0,161,,,,,,,,,,,,,,,,,,
3/1/2024 3:00,0,161,,,,,,,,,,,,,,,,,,
3/1/2024 2:45,,161,,,,,,,,,,,,,,,,,,
3/1/2024 2:30,,,,,,,,,,,,,,,,,,,,
3/1/2024 2:15,0,162,,,,,,,,,,,,,,,,,,
3/1/2024 2:00,0,162,,,,,,,,,,,,,,,,,,
3/1/2024 1:45,,163,,,,,,,,,,,,,,,,,,
3/1/2024 1:30,,,,,,,,,,,,,,,,,,,,
3/1/2024 1:15,0,163,,,,,,,,,,,,,,,,,,
3/1/2024 1:00,0,164,,,,,,,,,,,,,,,,,,
3/1/2024 0:45,,164,,,,,,,,,,,,,,,,,,
3/1/2024 0:30,,,,,,,,,,,,,,,,,,,,
3/1/2024 0:15,0,165,,,,,,,,,,,,,,,,,,
3/1/2024 0:00,0,165,,,,,,,,,,,,,,,,,,
2/1/2024 23:45,,166,,,,,,,,,,,,,,,,,,
2/1/2024 23:30,,,,,,,,,,,,,,,,,,,,
2/1/2024 23:15,0,167,,,,,,,,,,,,,,,,,,
2/1/2024 23:00,0,168,,,,,,,,,,,,,,,,,,
2/1/2024 22:45,,168,,,,,,,,,,,,,,,,,,
2/1/2024 22:30,,,,,,,,,,,,,,,,,,,,
2/1/2024 22:15,0,170,,,,,,,,,,,,,,,,,,
2/1/2024 22:00,0,170,,,,,,,,,,,,,,,,,,
2/1/2024 21:45,,170,,,,,,,,,,,,,,,,,,
2/1/2024 21:30,,,,,,,,,,,,,,,,,,,,
2/1/2024 21:15,0,170,,,,,,,,,,,,,,,,,,
2/1/2024 21:00,0,170,,,,,,,,,,,,,,,,,,
2/1/2024 20:45,,171,,,,,,,,,,,,,,,,,,
2/1/2024 20:30,,,,,,,,,,,,,,,,,,,,
2/1/2024 20:15,0,172,,,,,,,,,,,,,,,,,,
2/1/2024 20:00,0,173,,,,,,,,,,,,,,,,,,
2/1/2024 19:45,,174,,,,,,,,,,,,,,,,,,
2/1/2024 19:30,,,,,,,,,,,,,,,,,,,,
2/1/2024 19:15,0.2,175,,,,,,,,,,,,,,,,,,
2/1/2024 19:00,0,175,,,,,,,,,,,,,,,,,,
2/1/2024 18:45,,175,,,,,,,,,,,,,,,,,,
2/1/2024 18:30,,,,,,,,,,,,,,,,,,,,
2/1/2024 18:15,0,173,,,,,,,,,,,,,,,,,,
2/1/2024 18:00,0,172,,,,,,,,,,,,,,,,,,
2/1/2024 17:45,,172,,,,,,,,,,,,,,,,,,
2/1/2024 17:30,,,,,,,,,,,,,,,,,,,,
2/1/2024 17:15,0,170,,,,,,,,,,,,,,,,,,
2/1/2024 17:00,0,168,,,,,,,,,,,,,,,,,,
2/1/2024 16:45,,165,,,,,,,,,,,,,,,,,,
2/1/2024 16:30,,,,,,,,,,,,,,,,,,,,
2/1/2024 16:15,0,162,,,,,,,,,,,,,,,,,,
2/1/2024 16:00,0,161,,,,,,,,,,,,,,,,,,
2/1/2024 15:45,,161,,,,,,,,,,,,,,,,,,
2/1/2024 15:30,,,,,,,,,,,,,,,,,,,,
2/1/2024 15:15,0,161,,,,,,,,,,,,,,,,,,
2/1/2024 15:00,0,160,,,,,,,,,,,,,,,,,,
2/1/2024 14:45,,159,,,,,,,,,,,,,,,,,,
2/1/2024 14:30,,,,,,,,,,,,,,,,,,,,
2/1/2024 14:15,0.8,159,,,,,,,,,,,,,,,,,,
2/1/2024 14:00,0,159,,,,,,,,,,,,,,,,,,
2/1/2024 13:45,,158,,,,,,,,,,,,,,,,,,
2/1/2024 13:30,,,,,,,,,,,,,,,,,,,,
2/1/2024 13:15,0,157,,,,,,,,,,,,,,,,,,
2/1/2024 13:00,0,157,,,,,,,,,,,,,,,,,,
2/1/2024 12:45,,157,,,,,,,,,,,,,,,,,,
2/1/2024 12:30,,,,,,,,,,,,,,,,,,,,
2/1/2024 12:15,0,157,,,,,,,,,,,,,,,,,,
2/1/2024 12:00,0,158,,,,,,,,,,,,,,,,,,
2/1/2024 11:45,,158,,,,,,,,,,,,,,,,,,
2/1/2024 11:30,,,,,,,,,,,,,,,,,,,,
2/1/2024 11:15,0,158,,,,,,,,,,,,,,,,,,
2/1/2024 11:00,0,159,,,,,,,,,,,,,,,,,,
2/1/2024 10:45,,159,,,,,,,,,,,,,,,,,,
2/1/2024 10:30,,,,,,,,,,,,,,,,,,,,
2/1/2024 10:15,0,159,,,,,,,,,,,,,,,,,,
2/1/2024 10:00,0,159,,,,,,,,,,,,,,,,,,
2/1/2024 9:45,,160,,,,,,,,,,,,,,,,,,
2/1/2024 9:30,,,,,,,,,,,,,,,,,,,,
2/1/2024 9:15,0,161,,,,,,,,,,,,,,,,,,
2/1/2024 9:00,0,161,,,,,,,,,,,,,,,,,,
2/1/2024 8:45,,162,,,,,,,,,,,,,,,,,,
2/1/2024 8:30,,,,,,,,,,,,,,,,,,,,
2/1/2024 8:15,0,162,,,,,,,,,,,,,,,,,,
2/1/2024 8:00,0,163,,,,,,,,,,,,,,,,,,
2/1/2024 7:45,,163,,,,,,,,,,,,,,,,,,
2/1/2024 7:30,,,,,,,,,,,,,,,,,,,,
2/1/2024 7:15,0,165,,,,,,,,,,,,,,,,,,
2/1/2024 7:00,0,165,,,,,,,,,,,,,,,,,,
2/1/2024 6:45,,166,,,,,,,,,,,,,,,,,,
2/1/2024 6:30,,,,,,,,,,,,,,,,,,,,
2/1/2024 6:15,0,167,,,,,,,,,,,,,,,,,,
2/1/2024 6:00,0,168,,,,,,,,,,,,,,,,,,
2/1/2024 5:45,,169,,,,,,,,,,,,,,,,,,
2/1/2024 5:30,,,,,,,,,,,,,,,,,,,,
2/1/2024 5:15,0,170,,,,,,,,,,,,,,,,,,
2/1/2024 5:00,0,170,,,,,,,,,,,,,,,,,,
2/1/2024 4:45,,171,,,,,,,,,,,,,,,,,,
2/1/2024 4:30,,,,,,,,,,,,,,,,,,,,
2/1/2024 4:15,0,172,,,,,,,,,,,,,,,,,,
2/1/2024 4:00,0,172,,,,,,,,,,,,,,,,,,
2/1/2024 3:45,,172,,,,,,,,,,,,,,,,,,
2/1/2024 3:30,,,,,,,,,,,,,,,,,,,,
2/1/2024 3:15,0,173,,,,,,,,,,,,,,,,,,
2/1/2024 3:00,0,174,,,,,,,,,,,,,,,,,,
2/1/2024 2:45,,174,,,,,,,,,,,,,,,,,,
2/1/2024 2:30,,,,,,,,,,,,,,,,,,,,
2/1/2024 2:15,0,174,,,,,,,,,,,,,,,,,,
2/1/2024 2:00,0,174,,,,,,,,,,,,,,,,,,
2/1/2024 1:45,,175,,,,,,,,,,,,,,,,,,
2/1/2024 1:30,,,,,,,,,,,,,,,,,,,,
2/1/2024 1:15,0,175,,,,,,,,,,,,,,,,,,
2/1/2024 1:00,0,175,,,,,,,,,,,,,,,,,,
2/1/2024 0:45,,175,,,,,,,,,,,,,,,,,,
2/1/2024 0:30,,,,,,,,,,,,,,,,,,,,
2/1/2024 0:15,0,176,,,,,,,,,,,,,,,,,,
2/1/2024 0:00,0,176,,,,,,,,,,,,,,,,,,
1/1/2024 23:45,,176,,,,,,,,,,,,,,,,,,
1/1/2024 23:30,,,,,,,,,,,,,,,,,,,,
1/1/2024 23:15,0,176,,,,,,,,,,,,,,,,,,
1/1/2024 23:00,0,176,,,,,,,,,,,,,,,,,,
1/1/2024 22:45,,176,,,,,,,,,,,,,,,,,,
1/1/2024 22:30,,,,,,,,,,,,,,,,,,,,
1/1/2024 22:15,0,176,,,,,,,,,,,,,,,,,,
1/1/2024 22:00,0,176,,,,,,,,,,,,,,,,,,
1/1/2024 21:45,,176,,,,,,,,,,,,,,,,,,
1/1/2024 21:30,,,,,,,,,,,,,,,,,,,,
1/1/2024 21:15,0,176,,,,,,,,,,,,,,,,,,
1/1/2024 21:00,0,175,,,,,,,,,,,,,,,,,,
1/1/2024 20:45,,174,,,,,,,,,,,,,,,,,,
1/1/2024 20:30,,,,,,,,,,,,,,,,,,,,
1/1/2024 20:15,0,173,,,,,,,,,,,,,,,,,,
1/1/2024 20:00,0,173,,,,,,,,,,,,,,,,,,
1/1/2024 19:45,,172,,,,,,,,,,,,,,,,,,
1/1/2024 19:30,,,,,,,,,,,,,,,,,,,,
1/1/2024 19:15,0,171,,,,,,,,,,,,,,,,,,
1/1/2024 19:00,0,170,,,,,,,,,,,,,,,,,,
1/1/2024 18:45,,169,,,,,,,,,,,,,,,,,,
1/1/2024 18:30,,,,,,,,,,,,,,,,,,,,
1/1/2024 18:15,0,168,,,,,,,,,,,,,,,,,,
1/1/2024 18:00,0,168,,,,,,,,,,,,,,,,,,
1/1/2024 17:45,,168,,,,,,,,,,,,,,,,,,
1/1/2024 17:30,,,,,,,,,,,,,,,,,,,,
1/1/2024 17:15,0,168,,,,,,,,,,,,,,,,,,
1/1/2024 17:00,0,168,,,,,,,,,,,,,,,,,,
1/1/2024 16:45,,167,,,,,,,,,,,,,,,,,,
1/1/2024 16:30,,,,,,,,,,,,,,,,,,,,
1/1/2024 16:15,0,167,,,,,,,,,,,,,,,,,,
1/1/2024 16:00,0,167,,,,,,,,,,,,,,,,,,
1/1/2024 15:45,,167,,,,,,,,,,,,,,,,,,
1/1/2024 15:30,,,,,,,,,,,,,,,,,,,,
1/1/2024 15:15,0,167,,,,,,,,,,,,,,,,,,
1/1/2024 15:00,0,167,,,,,,,,,,,,,,,,,,
1/1/2024 14:45,,168,,,,,,,,,,,,,,,,,,
1/1/2024 14:30,,,,,,,,,,,,,,,,,,,,
1/1/2024 14:15,0,168,,,,,,,,,,,,,,,,,,
1/1/2024 14:00,0,169,,,,,,,,,,,,,,,,,,
1/1/2024 13:45,,169,,,,,,,,,,,,,,,,,,
1/1/2024 13:30,,,,,,,,,,,,,,,,,,,,
1/1/2024 13:15,0,170,,,,,,,,,,,,,,,,,,
1/1/2024 13:00,0,171,,,,,,,,,,,,,,,,,,
1/1/2024 12:45,,171,,,,,,,,,,,,,,,,,,
1/1/2024 12:30,,,,,,,,,,,,,,,,,,,,
1/1/2024 12:15,0,172,,,,,,,,,,,,,,,,,,
1/1/2024 12:00,0,173,,,,,,,,,,,,,,,,,,
1/1/2024 11:45,,173,,,,,,,,,,,,,,,,,,
1/1/2024 11:30,,,,,,,,,,,,,,,,,,,,
1/1/2024 11:15,0,174,,,,,,,,,,,,,,,,,,
1/1/2024 11:00,0,175,,,,,,,,,,,,,,,,,,
1/1/2024 10:45,,176,,,,,,,,,,,,,,,,,,
1/1/2024 10:30,,,,,,,,,,,,,,,,,,,,
1/1/2024 10:15,0,177,,,,,,,,,,,,,,,,,,
1/1/2024 10:00,0,177,,,,,,,,,,,,,,,,,,
1/1/2024 9:45,,178,,,,,,,,,,,,,,,,,,
1/1/2024 9:30,,,,,,,,,,,,,,,,,,,,
1/1/2024 9:15,0,178,,,,,,,,,,,,,,,,,,
1/1/2024 9:00,0,179,,,,,,,,,,,,,,,,,,
1/1/2024 8:45,,179,,,,,,,,,,,,,,,,,,
1/1/2024 8:30,,,,,,,,,,,,,,,,,,,,
1/1/2024 8:15,0,180,,,,,,,,,,,,,,,,,,
1/1/2024 8:00,0,181,,,,,,,,,,,,,,,,,,
1/1/2024 7:45,,181,,,,,,,,,,,,,,,,,,
1/1/2024 7:30,,,,,,,,,,,,,,,,,,,,
1/1/2024 7:15,0,182,,,,,,,,,,,,,,,,,,
1/1/2024 7:00,0,182,,,,,,,,,,,,,,,,,,
1/1/2024 6:45,,183,,,,,,,,,,,,,,,,,,
1/1/2024 6:30,,,,,,,,,,,,,,,,,,,,
1/1/2024 6:15,0,184,,,,,,,,,,,,,,,,,,
1/1/2024 6:00,0,184,,,,,,,,,,,,,,,,,,
1/1/2024 5:45,,184,,,,,,,,,,,,,,,,,,
1/1/2024 5:30,,,,,,,,,,,,,,,,,,,,
1/1/2024 5:15,0,185,,,,,,,,,,,,,,,,,,
1/1/2024 5:00,0,186,,,,,,,,,,,,,,,,,,
1/1/2024 4:45,,186,,,,,,,,,,,,,,,,,,
1/1/2024 4:30,,,,,,,,,,,,,,,,,,,,
1/1/2024 4:15,0,187,,,,,,,,,,,,,,,,,,
1/1/2024 4:00,0,187,,,,,,,,,,,,,,,,,,
1/1/2024 3:45,,188,,,,,,,,,,,,,,,,,,
1/1/2024 3:30,,,,,,,,,,,,,,,,,,,,
1/1/2024 3:15,0,188,,,,,,,,,,,,,,,,,,
1/1/2024 3:00,0,189,,,,,,,,,,,,,,,,,,
1/1/2024 2:45,,189,,,,,,,,,,,,,,,,,,
1/1/2024 2:30,,,,,,,,,,,,,,,,,,,,
1/1/2024 2:15,0,189,,,,,,,,,,,,,,,,,,
1/1/2024 2:00,0,189,,,,,,,,,,,,,,,,,,
1/1/2024 1:45,,190,,,,,,,,,,,,,,,,,,
1/1/2024 1:30,,,,,,,,,,,,,,,,,,,,
1/1/2024 1:15,0,190,,,,,,,,,,,,,,,,,,
1/1/2024 1:00,0,190,,,,,,,,,,,,,,,,,,
1/1/2024 0:45,,190,,,,,,,,,,,,,,,,,,
1/1/2024 0:30,,,,,,,,,,,,,,,,,,,,
1/1/2024 0:15,0,190,,,,,,,,,,,,,,,,,,
1/1/2024 0:00,0,190,,,,,,,,,,,,,,,,,,
31/12/2023 23:45:00,,190,,,,,,,,,,,,,,,,,,
31/12/2023 23:30:00,,,,,,,,,,,,,,,,,,,,
31/12/2023 23:15:00,0,189,,,,,,,,,,,,,,,,,,
31/12/2023 23:00:00,0,189,,,,,,,,,,,,,,,,,,
31/12/2023 22:45:00,,189,,,,,,,,,,,,,,,,,,
31/12/2023 22:30:00,,,,,,,,,,,,,,,,,,,,
31/12/2023 22:15:00,0,188,,,,,,,,,,,,,,,,,,
31/12/2023 22:00:00,0,188,,,,,,,,,,,,,,,,,,
31/12/2023 21:45:00,,187,,,,,,,,,,,,,,,,,,
31/12/2023 21:30:00,,,,,,,,,,,,,,,,,,,,
31/12/2023 21:15:00,0,186,,,,,,,,,,,,,,,,,,
31/12/2023 21:00:00,0,186,,,,,,,,,,,,,,,,,,
31/12/2023 20:45:00,,185,,,,,,,,,,,,,,,,,,
31/12/2023 20:30:00,,,,,,,,,,,,,,,,,,,,
31/12/2023 20:15:00,0,184,,,,,,,,,,,,,,,,,,
31/12/2023 20:00:00,0,184,,,,,,,,,,,,,,,,,,
31/12/2023 19:45:00,,183,,,,,,,,,,,,,,,,,,
31/12/2023 19:30:00,,,,,,,,,,,,,,,,,,,,
31/12/2023 19:15:00,0,182,,,,,,,,,,,,,,,,,,
31/12/2023 19:00:00,0,182,,,,,,,,,,,,,,,,,,
31/12/2023 18:45:00,,181,,,,,,,,,,,,,,,,,,
31/12/2023 18:30:00,,,,,,,,,,,,,,,,,,,,
31/12/2023 18:15:00,0,181,,,,,,,,,,,,,,,,,,
31/12/2023 18:00:00,0,180,,,,,,,,,,,,,,,,,,
31/12/2023 17:45:00,,180,,,,,,,,,,,,,,,,,,
31/12/2023 17:30:00,,,,,,,,,,,,,,,,,,,,
31/12/2023 17:15:00,0,179,,,,,,,,,,,,,,,,,,
31/12/2023 17:00:00,0,179,,,,,,,,,,,,,,,,,,
31/12/2023 16:45:00,,179,,,,,,,,,,,,,,,,,,
31/12/2023 16:30:00,,,,,,,,,,,,,,,,,,,,
31/12/2023 16:15:00,0,178,,,,,,,,,,,,,,,,,,
31/12/2023 16:00:00,0,178,,,,,,,,,,,,,,,,,,
31/12/2023 15:45:00,,177,,,,,,,,,,,,,,,,,,
31/12/2023 15:30:00,,,,,,,,,,,,,,,,,,,,
31/12/2023 15:15:00,0,177,,,,,,,,,,,,,,,,,,
31/12/2023 15:00:00,0,177,,,,,,,,,,,,,,,,,,
31/12/2023 14:45:00,,177,,,,,,,,,,,,,,,,,,
31/12/2023 14:30:00,,,,,,,,,,,,,,,,,,,,
31/12/2023 14:15:00,0,177,,,,,,,,,,,,,,,,,,
31/12/2023 14:00:00,0,177,,,,,,,,,,,,,,,,,,
31/12/2023 13:45:00,,177,,,,,,,,,,,,,,,,,,
31/12/2023 13:30:00,,,,,,,,,,,,,,,,,,,,
31/12/2023 13:15:00,0,177,,,,,,,,,,,,,,,,,,
31/12/2023 13:00:00,0,178,,,,,,,,,,,,,,,,,,
31/12/2023 12:45:00,,178,,,,,,,,,,,,,,,,,,
31/12/2023 12:30:00,,,,,,,,,,,,,,,,,,,,
31/12/2023 12:15:00,0,179,,,,,,,,,,,,,,,,,,
31/12/2023 12:00:00,0,179,,,,,,,,,,,,,,,,,,
31/12/2023 11:45:00,,179,,,,,,,,,,,,,,,,,,
31/12/2023 11:30:00,,,,,,,,,,,,,,,,,,,,
31/12/2023 11:15:00,0,180,,,,,,,,,,,,,,,,,,
31/12/2023 11:00:00,0,181,,,,,,,,,,,,,,,,,,
31/12/2023 10:45:00,,181,,,,,,,,,,,,,,,,,,
31/12/2023 10:30:00,,,,,,,,,,,,,,,,,,,,
31/12/2023 10:15:00,0,182,,,,,,,,,,,,,,,,,,
31/12/2023 10:00:00,0,182,,,,,,,,,,,,,,,,,,
31/12/2023 09:45:00,,182,,,,,,,,,,,,,,,,,,
31/12/2023 09:30:00,,,,,,,,,,,,,,,,,,,,
31/12/2023 09:15:00,0,183,,,,,,,,,,,,,,,,,,
31/12/2023 09:00:00,0,183,,,,,,,,,,,,,,,,,,
31/12/2023 08:45:00,,184,,,,,,,,,,,,,,,,,,
31/12/2023 08:30:00,,,,,,,,,,,,,,,,,,,,
31/12/2023 08:15:00,0,185,,,,,,,,,,,,,,,,,,
31/12/2023 08:00:00,0,185,,,,,,,,,,,,,,,,,,
31/12/2023 07:45:00,,186,,,,,,,,,,,,,,,,,,
31/12/2023 07:30:00,,,,,,,,,,,,,,,,,,,,
31/12/2023 07:15:00,0,186,,,,,,,,,,,,,,,,,,
31/12/2023 07:00:00,0,187,,,,,,,,,,,,,,,,,,
31/12/2023 06:45:00,,187,,,,,,,,,,,,,,,,,,
31/12/2023 06:30:00,,,,,,,,,,,,,,,,,,,,
31/12/2023 06:15:00,0,188,,,,,,,,,,,,,,,,,,
31/12/2023 06:00:00,0,188,,,,,,,,,,,,,,,,,,
31/12/2023 05:45:00,,189,,,,,,,,,,,,,,,,,,
31/12/2023 05:30:00,,,,,,,,,,,,,,,,,,,,
31/12/2023 05:15:00,0,189,,,,,,,,,,,,,,,,,,
31/12/2023 05:00:00,0,189,,,,,,,,,,,,,,,,,,
31/12/2023 04:45:00,,190,,,,,,,,,,,,,,,,,,
31/12/2023 04:30:00,,,,,,,,,,,,,,,,,,,,
31/12/2023 04:15:00,0,190,,,,,,,,,,,,,,,,,,
31/12/2023 04:00:00,0,190,,,,,,,,,,,,,,,,,,
31/12/2023 03:45:00,,190,,,,,,,,,,,,,,,,,,
31/12/2023 03:30:00,,,,,,,,,,,,,,,,,,,,
31/12/2023 03:15:00,0,191,,,,,,,,,,,,,,,,,,
31/12/2023 03:00:00,0,191,,,,,,,,,,,,,,,,,,
31/12/2023 02:45:00,,191,,,,,,,,,,,,,,,,,,
31/12/2023 02:30:00,,,,,,,,,,,,,,,,,,,,
31/12/2023 02:15:00,0,191,,,,,,,,,,,,,,,,,,
31/12/2023 02:00:00,0,191,,,,,,,,,,,,,,,,,,
31/12/2023 01:45:00,,190,,,,,,,,,,,,,,,,,,
31/12/2023 01:30:00,,,,,,,,,,,,,,,,,,,,
31/12/2023 01:15:00,0,190,,,,,,,,,,,,,,,,,,
31/12/2023 01:00:00,0,190,,,,,,,,,,,,,,,,,,
31/12/2023 00:45:00,,190,,,,,,,,,,,,,,,,,,
31/12/2023 00:30:00,,,,,,,,,,,,,,,,,,,,
31/12/2023 00:15:00,0,189,,,,,,,,,,,,,,,,,,
31/12/2023 00:00:00,0,189,,,,,,,,,,,,,,,,,,
30/12/2023 23:45:00,,188,,,,,,,,,,,,,,,,,,
30/12/2023 23:30:00,,,,,,,,,,,,,,,,,,,,
30/12/2023 23:15:00,0,188,,,,,,,,,,,,,,,,,,
30/12/2023 23:00:00,0,188,,,,,,,,,,,,,,,,,,
30/12/2023 22:45:00,,188,,,,,,,,,,,,,,,,,,
30/12/2023 22:30:00,,,,,,,,,,,,,,,,,,,,
30/12/2023 22:15:00,0,187,,,,,,,,,,,,,,,,,,
30/12/2023 22:00:00,0,186,,,,,,,,,,,,,,,,,,
30/12/2023 21:45:00,,186,,,,,,,,,,,,,,,,,,
30/12/2023 21:30:00,,,,,,,,,,,,,,,,,,,,
30/12/2023 21:15:00,0,185,,,,,,,,,,,,,,,,,,
30/12/2023 21:00:00,0,185,,,,,,,,,,,,,,,,,,
30/12/2023 20:45:00,,184,,,,,,,,,,,,,,,,,,
30/12/2023 20:30:00,,,,,,,,,,,,,,,,,,,,
30/12/2023 20:15:00,0,184,,,,,,,,,,,,,,,,,,
30/12/2023 20:00:00,0,184,,,,,,,,,,,,,,,,,,
30/12/2023 19:45:00,,184,,,,,,,,,,,,,,,,,,
30/12/2023 19:30:00,,,,,,,,,,,,,,,,,,,,
30/12/2023 19:15:00,0,183,,,,,,,,,,,,,,,,,,
30/12/2023 19:00:00,0,183,,,,,,,,,,,,,,,,,,
30/12/2023 18:45:00,,183,,,,,,,,,,,,,,,,,,
30/12/2023 18:30:00,,,,,,,,,,,,,,,,,,,,
30/12/2023 18:15:00,0,182,,,,,,,,,,,,,,,,,,
30/12/2023 18:00:00,0,182,,,,,,,,,,,,,,,,,,
30/12/2023 17:45:00,,182,,,,,,,,,,,,,,,,,,
30/12/2023 17:30:00,,,,,,,,,,,,,,,,,,,,
30/12/2023 17:15:00,0,183,,,,,,,,,,,,,,,,,,
30/12/2023 17:00:00,0,184,,,,,,,,,,,,,,,,,,
30/12/2023 16:45:00,,184,,,,,,,,,,,,,,,,,,
30/12/2023 16:30:00,,,,,,,,,,,,,,,,,,,,
30/12/2023 16:15:00,0,185,,,,,,,,,,,,,,,,,,
30/12/2023 16:00:00,0,186,,,,,,,,,,,,,,,,,,
30/12/2023 15:45:00,,187,,,,,,,,,,,,,,,,,,
30/12/2023 15:30:00,,,,,,,,,,,,,,,,,,,,
30/12/2023 15:15:00,0,188,,,,,,,,,,,,,,,,,,
30/12/2023 15:00:00,0,189,,,,,,,,,,,,,,,,,,
30/12/2023 14:45:00,,189,,,,,,,,,,,,,,,,,,
30/12/2023 14:30:00,,,,,,,,,,,,,,,,,,,,
30/12/2023 14:15:00,0,191,,,,,,,,,,,,,,,,,,
30/12/2023 14:00:00,0,192,,,,,,,,,,,,,,,,,,
30/12/2023 13:45:00,,192,,,,,,,,,,,,,,,,,,
30/12/2023 13:30:00,,,,,,,,,,,,,,,,,,,,
30/12/2023 13:15:00,0,194,,,,,,,,,,,,,,,,,,
30/12/2023 13:00:00,0,195,,,,,,,,,,,,,,,,,,
30/12/2023 12:45:00,,195,,,,,,,,,,,,,,,,,,
30/12/2023 12:30:00,,,,,,,,,,,,,,,,,,,,
30/12/2023 12:15:00,0,197,,,,,,,,,,,,,,,,,,
30/12/2023 12:00:00,0,197,,,,,,,,,,,,,,,,,,
30/12/2023 11:45:00,,198,,,,,,,,,,,,,,,,,,
30/12/2023 11:30:00,,,,,,,,,,,,,,,,,,,,
30/12/2023 11:15:00,0,199,,,,,,,,,,,,,,,,,,
30/12/2023 11:00:00,0,200,,,,,,,,,,,,,,,,,,
30/12/2023 10:45:00,,201,,,,,,,,,,,,,,,,,,
30/12/2023 10:30:00,,,,,,,,,,,,,,,,,,,,
30/12/2023 10:15:00,0,202,,,,,,,,,,,,,,,,,,
30/12/2023 10:00:00,0,202,,,,,,,,,,,,,,,,,,
30/12/2023 09:45:00,,202,,,,,,,,,,,,,,,,,,
30/12/2023 09:30:00,,,,,,,,,,,,,,,,,,,,
30/12/2023 09:15:00,0,202,,,,,,,,,,,,,,,,,,
30/12/2023 09:00:00,0,202,,,,,,,,,,,,,,,,,,
30/12/2023 08:45:00,,202,,,,,,,,,,,,,,,,,,
30/12/2023 08:30:00,,,,,,,,,,,,,,,,,,,,
30/12/2023 08:15:00,0,201,,,,,,,,,,,,,,,,,,
30/12/2023 08:00:00,0,201,,,,,,,,,,,,,,,,,,
30/12/2023 07:45:00,,201,,,,,,,,,,,,,,,,,,
30/12/2023 07:30:00,,,,,,,,,,,,,,,,,,,,
30/12/2023 07:15:00,0,202,,,,,,,,,,,,,,,,,,
30/12/2023 07:00:00,0,202,,,,,,,,,,,,,,,,,,
30/12/2023 06:45:00,,202,,,,,,,,,,,,,,,,,,
30/12/2023 06:30:00,,,,,,,,,,,,,,,,,,,,
30/12/2023 06:15:00,0,201,,,,,,,,,,,,,,,,,,
30/12/2023 06:00:00,0,201,,,,,,,,,,,,,,,,,,
30/12/2023 05:45:00,,200,,,,,,,,,,,,,,,,,,
30/12/2023 05:30:00,,,,,,,,,,,,,,,,,,,,
30/12/2023 05:15:00,0,200,,,,,,,,,,,,,,,,,,
30/12/2023 05:00:00,0,200,,,,,,,,,,,,,,,,,,
30/12/2023 04:45:00,,200,,,,,,,,,,,,,,,,,,
30/12/2023 04:30:00,,,,,,,,,,,,,,,,,,,,
30/12/2023 04:15:00,0,200,,,,,,,,,,,,,,,,,,
30/12/2023 04:00:00,0,201,,,,,,,,,,,,,,,,,,
30/12/2023 03:45:00,,201,,,,,,,,,,,,,,,,,,
30/12/2023 03:30:00,,,,,,,,,,,,,,,,,,,,
30/12/2023 03:15:00,0,201,,,,,,,,,,,,,,,,,,
30/12/2023 03:00:00,0,201,,,,,,,,,,,,,,,,,,
30/12/2023 02:45:00,,201,,,,,,,,,,,,,,,,,,
30/12/2023 02:30:00,,,,,,,,,,,,,,,,,,,,
30/12/2023 02:15:00,0,201,,,,,,,,,,,,,,,,,,
30/12/2023 02:00:00,0,201,,,,,,,,,,,,,,,,,,
30/12/2023 01:45:00,,201,,,,,,,,,,,,,,,,,,
30/12/2023 01:30:00,,,,,,,,,,,,,,,,,,,,
30/12/2023 01:15:00,0,200,,,,,,,,,,,,,,,,,,
30/12/2023 01:00:00,0,199,,,,,,,,,,,,,,,,,,
30/12/2023 00:45:00,,199,,,,,,,,,,,,,,,,,,
30/12/2023 00:30:00,,,,,,,,,,,,,,,,,,,,
30/12/2023 00:15:00,0,196,,,,,,,,,,,,,,,,,,
30/12/2023 00:00:00,0,195,,,,,,,,,,,,,,,,,,
29/12/2023 23:45:00,,193,,,,,,,,,,,,,,,,,,
29/12/2023 23:30:00,,,,,,,,,,,,,,,,,,,,
29/12/2023 22:15:00,0,178,,,,,,,,,,,,,,,,,,
29/12/2023 22:00:00,0,175,,,,,,,,,,,,,,,,,,
29/12/2023 21:45:00,,174,,,,,,,,,,,,,,,,,,
29/12/2023 21:30:00,,,,,,,,,,,,,,,,,,,,
29/12/2023 21:15:00,12.2,169,,,,,,,,,,,,,,,,,,
29/12/2023 21:00:00,0,166,,,,,,,,,,,,,,,,,,
29/12/2023 20:45:00,,163,,,,,,,,,,,,,,,,,,
29/12/2023 20:30:00,,,,,,,,,,,,,,,,,,,,
29/12/2023 20:15:00,0,157,,,,,,,,,,,,,,,,,,
29/12/2023 20:00:00,0,155,,,,,,,,,,,,,,,,,,
29/12/2023 19:45:00,,152,,,,,,,,,,,,,,,,,,
29/12/2023 19:30:00,,,,,,,,,,,,,,,,,,,,
29/12/2023 19:15:00,0,146,,,,,,,,,,,,,,,,,,
29/12/2023 19:00:00,0,144,,,,,,,,,,,,,,,,,,
29/12/2023 18:45:00,,143,,,,,,,,,,,,,,,,,,
29/12/2023 18:30:00,,,,,,,,,,,,,,,,,,,,
29/12/2023 18:15:00,0,142,,,,,,,,,,,,,,,,,,
29/12/2023 18:00:00,0,142,,,,,,,,,,,,,,,,,,
29/12/2023 17:45:00,,142,,,,,,,,,,,,,,,,,,
29/12/2023 17:30:00,,,,,,,,,,,,,,,,,,,,
29/12/2023 17:15:00,0,142,,,,,,,,,,,,,,,,,,
29/12/2023 17:00:00,0,142,,,,,,,,,,,,,,,,,,
29/12/2023 16:45:00,,142,,,,,,,,,,,,,,,,,,
29/12/2023 16:30:00,,,,,,,,,,,,,,,,,,,,
29/12/2023 16:15:00,0,142,,,,,,,,,,,,,,,,,,
29/12/2023 16:00:00,0,142,,,,,,,,,,,,,,,,,,
29/12/2023 15:45:00,,143,,,,,,,,,,,,,,,,,,
29/12/2023 15:30:00,,,,,,,,,,,,,,,,,,,,
29/12/2023 15:15:00,0,145,,,,,,,,,,,,,,,,,,
29/12/2023 15:00:00,0,146,,,,,,,,,,,,,,,,,,
29/12/2023 14:45:00,,147,,,,,,,,,,,,,,,,,,
29/12/2023 14:30:00,,,,,,,,,,,,,,,,,,,,
29/12/2023 14:15:00,0,149,,,,,,,,,,,,,,,,,,
29/12/2023 14:00:00,0,149,,,,,,,,,,,,,,,,,,
29/12/2023 13:45:00,,150,,,,,,,,,,,,,,,,,,
29/12/2023 13:30:00,,,,,,,,,,,,,,,,,,,,
29/12/2023 13:15:00,0,152,,,,,,,,,,,,,,,,,,
29/12/2023 13:00:00,0,153,,,,,,,,,,,,,,,,,,
29/12/2023 12:45:00,,154,,,,,,,,,,,,,,,,,,
29/12/2023 12:30:00,,,,,,,,,,,,,,,,,,,,
29/12/2023 12:15:00,0,156,,,,,,,,,,,,,,,,,,
29/12/2023 12:00:00,0.4,157,,,,,,,,,,,,,,,,,,
29/12/2023 11:45:00,,157,,,,,,,,,,,,,,,,,,
29/12/2023 11:30:00,,,,,,,,,,,,,,,,,,,,
29/12/2023 11:15:00,0.2,158,,,,,,,,,,,,,,,,,,
29/12/2023 11:00:00,0.4,157,,,,,,,,,,,,,,,,,,
29/12/2023 10:45:00,,158,,,,,,,,,,,,,,,,,,
29/12/2023 10:30:00,,,,,,,,,,,,,,,,,,,,
29/12/2023 10:15:00,0.4,161,,,,,,,,,,,,,,,,,,
29/12/2023 10:00:00,0.2,161,,,,,,,,,,,,,,,,,,
29/12/2023 09:45:00,,162,,,,,,,,,,,,,,,,,,
29/12/2023 09:30:00,,,,,,,,,,,,,,,,,,,,
29/12/2023 09:15:00,0.2,162,,,,,,,,,,,,,,,,,,
29/12/2023 09:00:00,0.8,162,,,,,,,,,,,,,,,,,,
29/12/2023 08:45:00,,161,,,,,,,,,,,,,,,,,,
29/12/2023 08:30:00,,,,,,,,,,,,,,,,,,,,
29/12/2023 08:15:00,10.2,159,,,,,,,,,,,,,,,,,,
29/12/2023 08:00:00,1,158,,,,,,,,,,,,,,,,,,
29/12/2023 07:45:00,,159,,,,,,,,,,,,,,,,,,
29/12/2023 07:30:00,,,,,,,,,,,,,,,,,,,,
29/12/2023 07:15:00,0,160,,,,,,,,,,,,,,,,,,
29/12/2023 07:00:00,2.8,161,,,,,,,,,,,,,,,,,,
29/12/2023 06:45:00,,161,,,,,,,,,,,,,,,,,,
29/12/2023 06:30:00,,,,,,,,,,,,,,,,,,,,
29/12/2023 06:15:00,0,163,,,,,,,,,,,,,,,,,,
29/12/2023 06:00:00,0,164,,,,,,,,,,,,,,,,,,
29/12/2023 05:45:00,,164,,,,,,,,,,,,,,,,,,
29/12/2023 05:30:00,,,,,,,,,,,,,,,,,,,,
29/12/2023 05:15:00,0,166,,,,,,,,,,,,,,,,,,
29/12/2023 05:00:00,0,166,,,,,,,,,,,,,,,,,,
29/12/2023 04:45:00,,167,,,,,,,,,,,,,,,,,,
29/12/2023 04:30:00,,,,,,,,,,,,,,,,,,,,
29/12/2023 04:15:00,0,168,,,,,,,,,,,,,,,,,,
29/12/2023 04:00:00,0,168,,,,,,,,,,,,,,,,,,
29/12/2023 03:45:00,,169,,,,,,,,,,,,,,,,,,
29/12/2023 03:30:00,,,,,,,,,,,,,,,,,,,,
29/12/2023 03:15:00,0,170,,,,,,,,,,,,,,,,,,
29/12/2023 03:00:00,0,170,,,,,,,,,,,,,,,,,,
29/12/2023 02:45:00,,171,,,,,,,,,,,,,,,,,,
29/12/2023 02:30:00,,,,,,,,,,,,,,,,,,,,
29/12/2023 02:15:00,0,171,,,,,,,,,,,,,,,,,,
29/12/2023 02:00:00,0,171,,,,,,,,,,,,,,,,,,
29/12/2023 01:45:00,,171,,,,,,,,,,,,,,,,,,
29/12/2023 01:30:00,,,,,,,,,,,,,,,,,,,,
29/12/2023 01:15:00,0,170,,,,,,,,,,,,,,,,,,
29/12/2023 01:00:00,0,170,,,,,,,,,,,,,,,,,,
29/12/2023 00:45:00,,170,,,,,,,,,,,,,,,,,,
29/12/2023 00:30:00,,,,,,,,,,,,,,,,,,,,
28/12/2023 23:15:00,0,166,,,,,,,,,,,,,,,,,,
28/12/2023 23:00:00,0,165,,,,,,,,,,,,,,,,,,
28/12/2023 22:45:00,,164,,,,,,,,,,,,,,,,,,
28/12/2023 22:30:00,,,,,,,,,,,,,,,,,,,,
28/12/2023 22:15:00,0,161,,,,,,,,,,,,,,,,,,
28/12/2023 22:00:00,0,159,,,,,,,,,,,,,,,,,,
28/12/2023 21:45:00,,158,,,,,,,,,,,,,,,,,,
28/12/2023 21:30:00,,,,,,,,,,,,,,,,,,,,
28/12/2023 21:15:00,0,156,,,,,,,,,,,,,,,,,,
28/12/2023 21:00:00,0,155,,,,,,,,,,,,,,,,,,
28/12/2023 20:45:00,,153,,,,,,,,,,,,,,,,,,
28/12/2023 20:30:00,,,,,,,,,,,,,,,,,,,,
28/12/2023 20:15:00,0,151,,,,,,,,,,,,,,,,,,
28/12/2023 20:00:00,0,151,,,,,,,,,,,,,,,,,,
28/12/2023 19:45:00,,150,,,,,,,,,,,,,,,,,,
28/12/2023 19:30:00,,,,,,,,,,,,,,,,,,,,
28/12/2023 19:15:00,0,148,,,,,,,,,,,,,,,,,,
28/12/2023 19:00:00,0,147,,,,,,,,,,,,,,,,,,
28/12/2023 18:45:00,,147,,,,,,,,,,,,,,,,,,
28/12/2023 18:30:00,,,,,,,,,,,,,,,,,,,,
28/12/2023 18:15:00,0,146,,,,,,,,,,,,,,,,,,
28/12/2023 18:00:00,0,145,,,,,,,,,,,,,,,,,,
28/12/2023 17:45:00,,145,,,,,,,,,,,,,,,,,,
28/12/2023 17:30:00,,,,,,,,,,,,,,,,,,,,
28/12/2023 17:15:00,0,145,,,,,,,,,,,,,,,,,,
28/12/2023 17:00:00,0,145,,,,,,,,,,,,,,,,,,
28/12/2023 16:45:00,,146,,,,,,,,,,,,,,,,,,
28/12/2023 16:30:00,,,,,,,,,,,,,,,,,,,,
28/12/2023 16:15:00,0,146,,,,,,,,,,,,,,,,,,
28/12/2023 16:00:00,0,146,,,,,,,,,,,,,,,,,,
28/12/2023 15:45:00,,147,,,,,,,,,,,,,,,,,,
28/12/2023 15:30:00,,,,,,,,,,,,,,,,,,,,
28/12/2023 15:15:00,0,148,,,,,,,,,,,,,,,,,,
28/12/2023 15:00:00,0,148,,,,,,,,,,,,,,,,,,
28/12/2023 14:45:00,,149,,,,,,,,,,,,,,,,,,
28/12/2023 14:30:00,,,,,,,,,,,,,,,,,,,,
28/12/2023 14:15:00,0,150,,,,,,,,,,,,,,,,,,
28/12/2023 14:00:00,0,150,,,,,,,,,,,,,,,,,,
28/12/2023 13:45:00,,151,,,,,,,,,,,,,,,,,,
28/12/2023 13:30:00,,,,,,,,,,,,,,,,,,,,
28/12/2023 13:15:00,0,152,,,,,,,,,,,,,,,,,,
28/12/2023 13:00:00,0,153,,,,,,,,,,,,,,,,,,
28/12/2023 12:45:00,,153,,,,,,,,,,,,,,,,,,
28/12/2023 12:30:00,,,,,,,,,,,,,,,,,,,,
28/12/2023 12:15:00,0,154,,,,,,,,,,,,,,,,,,
28/12/2023 12:00:00,0,155,,,,,,,,,,,,,,,,,,
28/12/2023 11:45:00,,156,,,,,,,,,,,,,,,,,,
28/12/2023 11:30:00,,,,,,,,,,,,,,,,,,,,
28/12/2023 11:15:00,0,157,,,,,,,,,,,,,,,,,,
28/12/2023 11:00:00,0,158,,,,,,,,,,,,,,,,,,
28/12/2023 10:45:00,,158,,,,,,,,,,,,,,,,,,
28/12/2023 10:30:00,,,,,,,,,,,,,,,,,,,,
28/12/2023 10:15:00,0,160,,,,,,,,,,,,,,,,,,
28/12/2023 10:00:00,0,160,,,,,,,,,,,,,,,,,,
28/12/2023 09:45:00,,161,,,,,,,,,,,,,,,,,,
28/12/2023 09:30:00,,,,,,,,,,,,,,,,,,,,
28/12/2023 09:15:00,0,163,,,,,,,,,,,,,,,,,,
28/12/2023 09:00:00,0,164,,,,,,,,,,,,,,,,,,
28/12/2023 08:45:00,,164,,,,,,,,,,,,,,,,,,
28/12/2023 08:30:00,,,,,,,,,,,,,,,,,,,,
28/12/2023 08:15:00,0,166,,,,,,,,,,,,,,,,,,
28/12/2023 08:00:00,0,166,,,,,,,,,,,,,,,,,,
28/12/2023 07:45:00,,167,,,,,,,,,,,,,,,,,,
28/12/2023 07:30:00,,,,,,,,,,,,,,,,,,,,
28/12/2023 07:15:00,0,168,,,,,,,,,,,,,,,,,,
28/12/2023 07:00:00,0,169,,,,,,,,,,,,,,,,,,
28/12/2023 06:45:00,,170,,,,,,,,,,,,,,,,,,
28/12/2023 06:30:00,,,,,,,,,,,,,,,,,,,,
28/12/2023 06:15:00,0,171,,,,,,,,,,,,,,,,,,
28/12/2023 06:00:00,0,172,,,,,,,,,,,,,,,,,,
28/12/2023 05:45:00,,172,,,,,,,,,,,,,,,,,,
28/12/2023 05:30:00,,,,,,,,,,,,,,,,,,,,
28/12/2023 05:15:00,0,173,,,,,,,,,,,,,,,,,,
28/12/2023 05:00:00,0,174,,,,,,,,,,,,,,,,,,
28/12/2023 04:45:00,,174,,,,,,,,,,,,,,,,,,
28/12/2023 04:30:00,,,,,,,,,,,,,,,,,,,,
28/12/2023 04:15:00,0,176,,,,,,,,,,,,,,,,,,
28/12/2023 04:00:00,0,176,,,,,,,,,,,,,,,,,,
28/12/2023 03:45:00,,177,,,,,,,,,,,,,,,,,,
28/12/2023 03:30:00,,,,,,,,,,,,,,,,,,,,
28/12/2023 03:15:00,0,178,,,,,,,,,,,,,,,,,,
28/12/2023 03:00:00,0,178,,,,,,,,,,,,,,,,,,
28/12/2023 02:45:00,,179,,,,,,,,,,,,,,,,,,
28/12/2023 02:30:00,,,,,,,,,,,,,,,,,,,,
28/12/2023 02:15:00,0,180,,,,,,,,,,,,,,,,,,
28/12/2023 02:00:00,0,180,,,,,,,,,,,,,,,,,,
28/12/2023 01:45:00,,180,,,,,,,,,,,,,,,,,,
28/12/2023 01:30:00,,,,,,,,,,,,,,,,,,,,
28/12/2023 01:15:00,0,181,,,,,,,,,,,,,,,,,,
28/12/2023 01:00:00,0,181,,,,,,,,,,,,,,,,,,
28/12/2023 00:45:00,,182,,,,,,,,,,,,,,,,,,
28/12/2023 00:30:00,,,,,,,,,,,,,,,,,,,,
28/12/2023 00:15:00,0,182,,,,,,,,,,,,,,,,,,
28/12/2023 00:00:00,0,182,,,,,,,,,,,,,,,,,,
27/12/2023 23:45:00,,182,,,,,,,,,,,,,,,,,,
27/12/2023 23:30:00,,,,,,,,,,,,,,,,,,,,
27/12/2023 23:15:00,0,182,,,,,,,,,,,,,,,,,,
27/12/2023 23:00:00,0,182,,,,,,,,,,,,,,,,,,
27/12/2023 22:45:00,,182,,,,,,,,,,,,,,,,,,
27/12/2023 22:30:00,,,,,,,,,,,,,,,,,,,,
27/12/2023 22:15:00,0,182,,,,,,,,,,,,,,,,,,
27/12/2023 22:00:00,0,181,,,,,,,,,,,,,,,,,,
27/12/2023 21:45:00,,181,,,,,,,,,,,,,,,,,,
27/12/2023 21:30:00,,,,,,,,,,,,,,,,,,,,
27/12/2023 21:15:00,0,181,,,,,,,,,,,,,,,,,,
27/12/2023 21:00:00,0,180,,,,,,,,,,,,,,,,,,
27/12/2023 20:45:00,,180,,,,,,,,,,,,,,,,,,
27/12/2023 20:30:00,,,,,,,,,,,,,,,,,,,,
27/12/2023 20:15:00,0,179,,,,,,,,,,,,,,,,,,
27/12/2023 20:00:00,0,179,,,,,,,,,,,,,,,,,,
27/12/2023 19:45:00,,178,,,,,,,,,,,,,,,,,,
27/12/2023 19:30:00,,,,,,,,,,,,,,,,,,,,
27/12/2023 19:15:00,0,178,,,,,,,,,,,,,,,,,,
27/12/2023 19:00:00,0,178,,,,,,,,,,,,,,,,,,
27/12/2023 18:45:00,,178,,,,,,,,,,,,,,,,,,
27/12/2023 18:30:00,,,,,,,,,,,,,,,,,,,,
27/12/2023 18:15:00,0,177,,,,,,,,,,,,,,,,,,
27/12/2023 18:00:00,0,177,,,,,,,,,,,,,,,,,,
27/12/2023 17:45:00,,177,,,,,,,,,,,,,,,,,,
27/12/2023 17:30:00,,,,,,,,,,,,,,,,,,,,
27/12/2023 17:15:00,0,177,,,,,,,,,,,,,,,,,,
27/12/2023 17:00:00,0,177,,,,,,,,,,,,,,,,,,
27/12/2023 16:45:00,,177,,,,,,,,,,,,,,,,,,
27/12/2023 16:30:00,,,,,,,,,,,,,,,,,,,,
27/12/2023 16:15:00,0,177,,,,,,,,,,,,,,,,,,
27/12/2023 16:00:00,0,177,,,,,,,,,,,,,,,,,,
27/12/2023 15:45:00,,177,,,,,,,,,,,,,,,,,,
27/12/2023 15:30:00,,,,,,,,,,,,,,,,,,,,
27/12/2023 15:15:00,0,178,,,,,,,,,,,,,,,,,,
27/12/2023 15:00:00,0,178,,,,,,,,,,,,,,,,,,
27/12/2023 14:45:00,,178,,,,,,,,,,,,,,,,,,
27/12/2023 14:30:00,,,,,,,,,,,,,,,,,,,,
27/12/2023 14:15:00,0,179,,,,,,,,,,,,,,,,,,
27/12/2023 14:00:00,0,180,,,,,,,,,,,,,,,,,,
27/12/2023 13:45:00,,180,,,,,,,,,,,,,,,,,,
27/12/2023 13:30:00,,,,,,,,,,,,,,,,,,,,
27/12/2023 13:15:00,0,181,,,,,,,,,,,,,,,,,,
27/12/2023 13:00:00,0,182,,,,,,,,,,,,,,,,,,
27/12/2023 12:45:00,,183,,,,,,,,,,,,,,,,,,
27/12/2023 12:30:00,,,,,,,,,,,,,,,,,,,,
27/12/2023 12:15:00,0,184,,,,,,,,,,,,,,,,,,
27/12/2023 12:00:00,0,185,,,,,,,,,,,,,,,,,,
27/12/2023 11:45:00,,186,,,,,,,,,,,,,,,,,,
27/12/2023 11:30:00,,,,,,,,,,,,,,,,,,,,
27/12/2023 11:15:00,0,187,,,,,,,,,,,,,,,,,,
27/12/2023 11:00:00,0,187,,,,,,,,,,,,,,,,,,
27/12/2023 10:45:00,,188,,,,,,,,,,,,,,,,,,
27/12/2023 10:30:00,,,,,,,,,,,,,,,,,,,,
27/12/2023 10:15:00,0,189,,,,,,,,,,,,,,,,,,
27/12/2023 10:00:00,0,189,,,,,,,,,,,,,,,,,,
27/12/2023 09:45:00,,189,,,,,,,,,,,,,,,,,,
27/12/2023 09:30:00,,,,,,,,,,,,,,,,,,,,
27/12/2023 09:15:00,0,190,,,,,,,,,,,,,,,,,,
27/12/2023 09:00:00,0,191,,,,,,,,,,,,,,,,,,
27/12/2023 08:45:00,,191,,,,,,,,,,,,,,,,,,
27/12/2023 08:30:00,,,,,,,,,,,,,,,,,,,,
27/12/2023 08:15:00,0,192,,,,,,,,,,,,,,,,,,
27/12/2023 08:00:00,0,192,,,,,,,,,,,,,,,,,,
27/12/2023 07:45:00,,193,,,,,,,,,,,,,,,,,,
27/12/2023 07:30:00,,,,,,,,,,,,,,,,,,,,
27/12/2023 07:15:00,0,193,,,,,,,,,,,,,,,,,,
27/12/2023 07:00:00,0,194,,,,,,,,,,,,,,,,,,
27/12/2023 06:45:00,,194,,,,,,,,,,,,,,,,,,
27/12/2023 06:30:00,,,,,,,,,,,,,,,,,,,,
27/12/2023 06:15:00,0,195,,,,,,,,,,,,,,,,,,
27/12/2023 06:00:00,0,195,,,,,,,,,,,,,,,,,,
27/12/2023 05:45:00,,195,,,,,,,,,,,,,,,,,,
27/12/2023 05:30:00,,,,,,,,,,,,,,,,,,,,
27/12/2023 05:15:00,0,196,,,,,,,,,,,,,,,,,,
27/12/2023 05:00:00,0,196,,,,,,,,,,,,,,,,,,
27/12/2023 04:45:00,,196,,,,,,,,,,,,,,,,,,
27/12/2023 04:30:00,,,,,,,,,,,,,,,,,,,,
27/12/2023 04:15:00,0,197,,,,,,,,,,,,,,,,,,
27/12/2023 04:00:00,0,197,,,,,,,,,,,,,,,,,,
27/12/2023 03:45:00,,197,,,,,,,,,,,,,,,,,,
27/12/2023 03:30:00,,,,,,,,,,,,,,,,,,,,
27/12/2023 03:15:00,0,197,,,,,,,,,,,,,,,,,,
27/12/2023 03:00:00,0,197,,,,,,,,,,,,,,,,,,
27/12/2023 02:45:00,,197,,,,,,,,,,,,,,,,,,
27/12/2023 02:30:00,,,,,,,,,,,,,,,,,,,,
27/12/2023 02:15:00,0,197,,,,,,,,,,,,,,,,,,
27/12/2023 02:00:00,0,197,,,,,,,,,,,,,,,,,,
27/12/2023 01:45:00,,197,,,,,,,,,,,,,,,,,,
27/12/2023 01:30:00,,,,,,,,,,,,,,,,,,,,
27/12/2023 01:15:00,0,197,,,,,,,,,,,,,,,,,,
27/12/2023 01:00:00,0,197,,,,,,,,,,,,,,,,,,
27/12/2023 00:45:00,,197,,,,,,,,,,,,,,,,,,
27/12/2023 00:30:00,,,,,,,,,,,,,,,,,,,,
26/12/2023 23:15:00,0,197,,,,,,,,,,,,,,,,,,
26/12/2023 23:00:00,0,197,,,,,,,,,,,,,,,,,,
26/12/2023 22:45:00,,198,,,,,,,,,,,,,,,,,,
26/12/2023 22:30:00,,,,,,,,,,,,,,,,,,,,
26/12/2023 22:15:00,0,198,,,,,,,,,,,,,,,,,,
26/12/2023 22:00:00,0,198,,,,,,,,,,,,,,,,,,
26/12/2023 21:45:00,,199,,,,,,,,,,,,,,,,,,
26/12/2023 21:30:00,,,,,,,,,,,,,,,,,,,,
26/12/2023 20:15:00,0,202,,,,,,,,,,,,,,,,,,
26/12/2023 20:00:00,0,202,,,,,,,,,,,,,,,,,,
26/12/2023 19:45:00,,203,,,,,,,,,,,,,,,,,,
26/12/2023 19:30:00,,,,,,,,,,,,,,,,,,,,
26/12/2023 19:15:00,0,204,,,,,,,,,,,,,,,,,,
26/12/2023 19:00:00,0,204,,,,,,,,,,,,,,,,,,
26/12/2023 18:45:00,,205,,,,,,,,,,,,,,,,,,
26/12/2023 18:30:00,,,,,,,,,,,,,,,,,,,,
26/12/2023 18:15:00,0,206,,,,,,,,,,,,,,,,,,
26/12/2023 18:00:00,0,206,,,,,,,,,,,,,,,,,,
26/12/2023 17:45:00,,206,,,,,,,,,,,,,,,,,,
26/12/2023 17:30:00,,,,,,,,,,,,,,,,,,,,
26/12/2023 17:15:00,0,208,,,,,,,,,,,,,,,,,,
26/12/2023 17:00:00,0,208,,,,,,,,,,,,,,,,,,
26/12/2023 16:45:00,,209,,,,,,,,,,,,,,,,,,
26/12/2023 16:30:00,,,,,,,,,,,,,,,,,,,,
26/12/2023 16:15:00,0,210,,,,,,,,,,,,,,,,,,
26/12/2023 16:00:00,0,211,,,,,,,,,,,,,,,,,,
26/12/2023 15:45:00,,211,,,,,,,,,,,,,,,,,,
26/12/2023 15:30:00,,,,,,,,,,,,,,,,,,,,
26/12/2023 15:15:00,0,213,,,,,,,,,,,,,,,,,,
26/12/2023 15:00:00,0,213,,,,,,,,,,,,,,,,,,
26/12/2023 14:45:00,,214,,,,,,,,,,,,,,,,,,
26/12/2023 14:30:00,,,,,,,,,,,,,,,,,,,,
26/12/2023 14:15:00,0,215,,,,,,,,,,,,,,,,,,
26/12/2023 14:00:00,0,216,,,,,,,,,,,,,,,,,,
26/12/2023 13:45:00,,217,,,,,,,,,,,,,,,,,,
26/12/2023 13:30:00,,,,,,,,,,,,,,,,,,,,
26/12/2023 13:15:00,0,218,,,,,,,,,,,,,,,,,,
26/12/2023 13:00:00,0,219,,,,,,,,,,,,,,,,,,
26/12/2023 12:45:00,,219,,,,,,,,,,,,,,,,,,
26/12/2023 12:30:00,,,,,,,,,,,,,,,,,,,,
26/12/2023 12:15:00,0,220,,,,,,,,,,,,,,,,,,
26/12/2023 12:00:00,0,221,,,,,,,,,,,,,,,,,,
26/12/2023 11:45:00,,221,,,,,,,,,,,,,,,,,,
26/12/2023 11:30:00,,,,,,,,,,,,,,,,,,,,
26/12/2023 11:15:00,0,222,,,,,,,,,,,,,,,,,,
26/12/2023 11:00:00,0,223,,,,,,,,,,,,,,,,,,
26/12/2023 10:45:00,,224,,,,,,,,,,,,,,,,,,
26/12/2023 10:30:00,,,,,,,,,,,,,,,,,,,,
26/12/2023 10:15:00,0,224,,,,,,,,,,,,,,,,,,
26/12/2023 10:00:00,0,224,,,,,,,,,,,,,,,,,,
26/12/2023 09:45:00,,224,,,,,,,,,,,,,,,,,,
26/12/2023 09:30:00,,,,,,,,,,,,,,,,,,,,
26/12/2023 09:15:00,0,224,,,,,,,,,,,,,,,,,,
26/12/2023 09:00:00,0,224,,,,,,,,,,,,,,,,,,
26/12/2023 08:45:00,,224,,,,,,,,,,,,,,,,,,
26/12/2023 08:30:00,,,,,,,,,,,,,,,,,,,,
26/12/2023 08:15:00,0,223,,,,,,,,,,,,,,,,,,
26/12/2023 08:00:00,0,223,,,,,,,,,,,,,,,,,,
26/12/2023 07:45:00,,223,,,,,,,,,,,,,,,,,,
26/12/2023 07:30:00,,,,,,,,,,,,,,,,,,,,
26/12/2023 07:15:00,0,222,,,,,,,,,,,,,,,,,,
26/12/2023 07:00:00,0,222,,,,,,,,,,,,,,,,,,
26/12/2023 06:45:00,,221,,,,,,,,,,,,,,,,,,
26/12/2023 06:30:00,,,,,,,,,,,,,,,,,,,,
26/12/2023 06:15:00,0,219,,,,,,,,,,,,,,,,,,
26/12/2023 06:00:00,0,218,,,,,,,,,,,,,,,,,,
26/12/2023 05:45:00,,217,,,,,,,,,,,,,,,,,,
26/12/2023 05:30:00,,,,,,,,,,,,,,,,,,,,
26/12/2023 05:15:00,0,215,,,,,,,,,,,,,,,,,,
26/12/2023 05:00:00,0,213,,,,,,,,,,,,,,,,,,
26/12/2023 04:45:00,,212,,,,,,,,,,,,,,,,,,
26/12/2023 04:30:00,,,,,,,,,,,,,,,,,,,,
26/12/2023 04:15:00,0,210,,,,,,,,,,,,,,,,,,
26/12/2023 04:00:00,0,209,,,,,,,,,,,,,,,,,,
26/12/2023 03:45:00,,207,,,,,,,,,,,,,,,,,,
26/12/2023 03:30:00,,,,,,,,,,,,,,,,,,,,
26/12/2023 03:15:00,0,205,,,,,,,,,,,,,,,,,,
26/12/2023 03:00:00,0,204,,,,,,,,,,,,,,,,,,
26/12/2023 02:45:00,,203,,,,,,,,,,,,,,,,,,
26/12/2023 02:30:00,,,,,,,,,,,,,,,,,,,,
26/12/2023 02:15:00,0,200,,,,,,,,,,,,,,,,,,
26/12/2023 02:00:00,0,198,,,,,,,,,,,,,,,,,,
26/12/2023 01:45:00,,196,,,,,,,,,,,,,,,,,,
26/12/2023 01:30:00,,,,,,,,,,,,,,,,,,,,
26/12/2023 01:15:00,0,192,,,,,,,,,,,,,,,,,,
26/12/2023 01:00:00,0,191,,,,,,,,,,,,,,,,,,
26/12/2023 00:45:00,,189,,,,,,,,,,,,,,,,,,
26/12/2023 00:30:00,,,,,,,,,,,,,,,,,,,,
26/12/2023 00:15:00,0,187,,,,,,,,,,,,,,,,,,
26/12/2023 00:00:00,0,186,,,,,,,,,,,,,,,,,,
25/12/2023 23:45:00,,185,,,,,,,,,,,,,,,,,,
25/12/2023 23:30:00,,,,,,,,,,,,,,,,,,,,
25/12/2023 23:15:00,0,181,,,,,,,,,,,,,,,,,,
25/12/2023 23:00:00,0,178,,,,,,,,,,,,,,,,,,
25/12/2023 22:45:00,,177,,,,,,,,,,,,,,,,,,
25/12/2023 22:30:00,,,,,,,,,,,,,,,,,,,,
25/12/2023 22:15:00,0,176,,,,,,,,,,,,,,,,,,
25/12/2023 22:00:00,0,175,,,,,,,,,,,,,,,,,,
25/12/2023 21:45:00,,174,,,,,,,,,,,,,,,,,,
25/12/2023 21:30:00,,,,,,,,,,,,,,,,,,,,
25/12/2023 21:15:00,0.2,173,,,,,,,,,,,,,,,,,,
25/12/2023 21:00:00,0,173,,,,,,,,,,,,,,,,,,
25/12/2023 20:45:00,,173,,,,,,,,,,,,,,,,,,
25/12/2023 20:30:00,,,,,,,,,,,,,,,,,,,,
25/12/2023 20:15:00,0,174,,,,,,,,,,,,,,,,,,
25/12/2023 20:00:00,0,173,,,,,,,,,,,,,,,,,,
25/12/2023 19:45:00,,173,,,,,,,,,,,,,,,,,,
25/12/2023 19:30:00,,,,,,,,,,,,,,,,,,,,
25/12/2023 19:15:00,0.2,173,,,,,,,,,,,,,,,,,,
25/12/2023 19:00:00,0,173,,,,,,,,,,,,,,,,,,
25/12/2023 18:45:00,,173,,,,,,,,,,,,,,,,,,
25/12/2023 18:30:00,,,,,,,,,,,,,,,,,,,,
25/12/2023 18:15:00,0,173,,,,,,,,,,,,,,,,,,
25/12/2023 18:00:00,0,172,,,,,,,,,,,,,,,,,,
25/12/2023 17:45:00,,172,,,,,,,,,,,,,,,,,,
25/12/2023 17:30:00,,,,,,,,,,,,,,,,,,,,
25/12/2023 17:15:00,0,173,,,,,,,,,,,,,,,,,,
25/12/2023 17:00:00,0,173,,,,,,,,,,,,,,,,,,
25/12/2023 16:45:00,,174,,,,,,,,,,,,,,,,,,
25/12/2023 16:30:00,,,,,,,,,,,,,,,,,,,,
25/12/2023 16:15:00,0,174,,,,,,,,,,,,,,,,,,
25/12/2023 16:00:00,0,175,,,,,,,,,,,,,,,,,,
25/12/2023 15:45:00,,175,,,,,,,,,,,,,,,,,,
25/12/2023 15:30:00,,,,,,,,,,,,,,,,,,,,
25/12/2023 15:15:00,0.4,175,,,,,,,,,,,,,,,,,,
25/12/2023 15:00:00,0,175,,,,,,,,,,,,,,,,,,
25/12/2023 14:45:00,,176,,,,,,,,,,,,,,,,,,
25/12/2023 14:30:00,,,,,,,,,,,,,,,,,,,,
25/12/2023 14:15:00,0,176,,,,,,,,,,,,,,,,,,
25/12/2023 14:00:00,0,176,,,,,,,,,,,,,,,,,,
25/12/2023 13:45:00,,176,,,,,,,,,,,,,,,,,,
25/12/2023 13:30:00,,,,,,,,,,,,,,,,,,,,
25/12/2023 13:15:00,0,177,,,,,,,,,,,,,,,,,,
25/12/2023 13:00:00,0,177,,,,,,,,,,,,,,,,,,
25/12/2023 12:45:00,,178,,,,,,,,,,,,,,,,,,
25/12/2023 12:30:00,,,,,,,,,,,,,,,,,,,,
25/12/2023 12:15:00,0,178,,,,,,,,,,,,,,,,,,
25/12/2023 12:00:00,0,178,,,,,,,,,,,,,,,,,,
25/12/2023 11:45:00,,179,,,,,,,,,,,,,,,,,,
25/12/2023 11:30:00,,,,,,,,,,,,,,,,,,,,
25/12/2023 11:15:00,0,179,,,,,,,,,,,,,,,,,,
25/12/2023 11:00:00,0,180,,,,,,,,,,,,,,,,,,
25/12/2023 10:45:00,,180,,,,,,,,,,,,,,,,,,
25/12/2023 10:30:00,,,,,,,,,,,,,,,,,,,,
25/12/2023 10:15:00,0,181,,,,,,,,,,,,,,,,,,
25/12/2023 10:00:00,0,181,,,,,,,,,,,,,,,,,,
25/12/2023 09:45:00,,181,,,,,,,,,,,,,,,,,,
25/12/2023 09:30:00,,,,,,,,,,,,,,,,,,,,
25/12/2023 09:15:00,0,182,,,,,,,,,,,,,,,,,,
25/12/2023 09:00:00,0,182,,,,,,,,,,,,,,,,,,
25/12/2023 08:45:00,,182,,,,,,,,,,,,,,,,,,
25/12/2023 08:30:00,,,,,,,,,,,,,,,,,,,,
25/12/2023 08:15:00,0,183,,,,,,,,,,,,,,,,,,
25/12/2023 08:00:00,0,183,,,,,,,,,,,,,,,,,,
25/12/2023 07:45:00,,183,,,,,,,,,,,,,,,,,,
25/12/2023 07:30:00,,,,,,,,,,,,,,,,,,,,
25/12/2023 07:15:00,0,184,,,,,,,,,,,,,,,,,,
25/12/2023 07:00:00,0,184,,,,,,,,,,,,,,,,,,
25/12/2023 06:45:00,,184,,,,,,,,,,,,,,,,,,
25/12/2023 06:30:00,,,,,,,,,,,,,,,,,,,,
25/12/2023 06:15:00,0,185,,,,,,,,,,,,,,,,,,
25/12/2023 06:00:00,0,185,,,,,,,,,,,,,,,,,,
25/12/2023 05:45:00,,186,,,,,,,,,,,,,,,,,,
25/12/2023 05:30:00,,,,,,,,,,,,,,,,,,,,
25/12/2023 05:15:00,0,187,,,,,,,,,,,,,,,,,,
25/12/2023 05:00:00,0,187,,,,,,,,,,,,,,,,,,
25/12/2023 04:45:00,,187,,,,,,,,,,,,,,,,,,
25/12/2023 04:30:00,,,,,,,,,,,,,,,,,,,,
25/12/2023 04:15:00,0,188,,,,,,,,,,,,,,,,,,
25/12/2023 04:00:00,0,189,,,,,,,,,,,,,,,,,,
25/12/2023 03:45:00,,189,,,,,,,,,,,,,,,,,,
25/12/2023 03:30:00,,,,,,,,,,,,,,,,,,,,
25/12/2023 03:15:00,0,190,,,,,,,,,,,,,,,,,,
25/12/2023 03:00:00,0,190,,,,,,,,,,,,,,,,,,
25/12/2023 02:45:00,,191,,,,,,,,,,,,,,,,,,
25/12/2023 02:30:00,,,,,,,,,,,,,,,,,,,,
25/12/2023 02:15:00,0,192,,,,,,,,,,,,,,,,,,
25/12/2023 02:00:00,0,192,,,,,,,,,,,,,,,,,,
25/12/2023 01:45:00,,193,,,,,,,,,,,,,,,,,,
25/12/2023 01:30:00,,,,,,,,,,,,,,,,,,,,
25/12/2023 01:15:00,0,194,,,,,,,,,,,,,,,,,,
25/12/2023 01:00:00,0,194,,,,,,,,,,,,,,,,,,
25/12/2023 00:45:00,,195,,,,,,,,,,,,,,,,,,
25/12/2023 00:30:00,,,,,,,,,,,,,,,,,,,,
25/12/2023 00:15:00,0,195,,,,,,,,,,,,,,,,,,
25/12/2023 00:00:00,0,195,,,,,,,,,,,,,,,,,,
24/12/2023 23:45:00,,196,,,,,,,,,,,,,,,,,,
24/12/2023 23:30:00,,,,,,,,,,,,,,,,,,,,
24/12/2023 22:15:00,0,197,,,,,,,,,,,,,,,,,,
24/12/2023 22:00:00,0,197,,,,,,,,,,,,,,,,,,
24/12/2023 21:45:00,,197,,,,,,,,,,,,,,,,,,
24/12/2023 21:30:00,,,,,,,,,,,,,,,,,,,,
24/12/2023 20:15:00,0,195,,,,,,,,,,,,,,,,,,
24/12/2023 20:00:00,0,195,,,,,,,,,,,,,,,,,,
24/12/2023 19:45:00,,194,,,,,,,,,,,,,,,,,,
24/12/2023 19:30:00,,,,,,,,,,,,,,,,,,,,
24/12/2023 19:15:00,0,194,,,,,,,,,,,,,,,,,,
24/12/2023 19:00:00,0,194,,,,,,,,,,,,,,,,,,
24/12/2023 18:45:00,,194,,,,,,,,,,,,,,,,,,
24/12/2023 18:30:00,,,,,,,,,,,,,,,,,,,,
24/12/2023 18:15:00,0,193,,,,,,,,,,,,,,,,,,
24/12/2023 18:00:00,0,192,,,,,,,,,,,,,,,,,,
24/12/2023 17:45:00,,192,,,,,,,,,,,,,,,,,,
24/12/2023 17:30:00,,,,,,,,,,,,,,,,,,,,
24/12/2023 17:15:00,0,191,,,,,,,,,,,,,,,,,,
24/12/2023 17:00:00,0,191,,,,,,,,,,,,,,,,,,
24/12/2023 16:45:00,,191,,,,,,,,,,,,,,,,,,
24/12/2023 16:30:00,,,,,,,,,,,,,,,,,,,,
24/12/2023 16:15:00,0,190,,,,,,,,,,,,,,,,,,
24/12/2023 16:00:00,0,189,,,,,,,,,,,,,,,,,,
24/12/2023 15:45:00,,189,,,,,,,,,,,,,,,,,,
24/12/2023 15:30:00,,,,,,,,,,,,,,,,,,,,
24/12/2023 15:15:00,0,188,,,,,,,,,,,,,,,,,,
24/12/2023 15:00:00,0,188,,,,,,,,,,,,,,,,,,
24/12/2023 14:45:00,,188,,,,,,,,,,,,,,,,,,
24/12/2023 14:30:00,,,,,,,,,,,,,,,,,,,,
24/12/2023 14:15:00,0,187,,,,,,,,,,,,,,,,,,
24/12/2023 14:00:00,0,187,,,,,,,,,,,,,,,,,,
24/12/2023 13:45:00,,187,,,,,,,,,,,,,,,,,,
24/12/2023 13:30:00,,,,,,,,,,,,,,,,,,,,
24/12/2023 13:15:00,0,187,,,,,,,,,,,,,,,,,,
24/12/2023 13:00:00,0,187,,,,,,,,,,,,,,,,,,
24/12/2023 12:45:00,,187,,,,,,,,,,,,,,,,,,
24/12/2023 12:30:00,,,,,,,,,,,,,,,,,,,,
24/12/2023 12:15:00,0,187,,,,,,,,,,,,,,,,,,
24/12/2023 12:00:00,0,187,,,,,,,,,,,,,,,,,,
24/12/2023 11:45:00,,187,,,,,,,,,,,,,,,,,,
24/12/2023 11:30:00,,,,,,,,,,,,,,,,,,,,
24/12/2023 11:15:00,0,187,,,,,,,,,,,,,,,,,,
24/12/2023 11:00:00,0,187,,,,,,,,,,,,,,,,,,
24/12/2023 10:45:00,,187,,,,,,,,,,,,,,,,,,
24/12/2023 10:30:00,,,,,,,,,,,,,,,,,,,,
24/12/2023 10:15:00,0,187,,,,,,,,,,,,,,,,,,
24/12/2023 10:00:00,0,187,,,,,,,,,,,,,,,,,,
24/12/2023 09:45:00,,187,,,,,,,,,,,,,,,,,,
24/12/2023 09:30:00,,,,,,,,,,,,,,,,,,,,
24/12/2023 09:15:00,0,187,,,,,,,,,,,,,,,,,,
24/12/2023 09:00:00,0,187,,,,,,,,,,,,,,,,,,
24/12/2023 08:45:00,,187,,,,,,,,,,,,,,,,,,
24/12/2023 08:30:00,,,,,,,,,,,,,,,,,,,,
24/12/2023 08:15:00,0.2,187,,,,,,,,,,,,,,,,,,
24/12/2023 08:00:00,0,187,,,,,,,,,,,,,,,,,,
24/12/2023 07:45:00,,187,,,,,,,,,,,,,,,,,,
24/12/2023 07:30:00,,,,,,,,,,,,,,,,,,,,
24/12/2023 07:15:00,0,187,,,,,,,,,,,,,,,,,,
24/12/2023 07:00:00,0,187,,,,,,,,,,,,,,,,,,
24/12/2023 06:45:00,,187,,,,,,,,,,,,,,,,,,
24/12/2023 06:30:00,,,,,,,,,,,,,,,,,,,,
24/12/2023 06:15:00,0,187,,,,,,,,,,,,,,,,,,
24/12/2023 06:00:00,0,187,,,,,,,,,,,,,,,,,,
24/12/2023 05:45:00,,187,,,,,,,,,,,,,,,,,,
24/12/2023 05:30:00,,,,,,,,,,,,,,,,,,,,
24/12/2023 05:15:00,0,186,,,,,,,,,,,,,,,,,,
24/12/2023 05:00:00,0,186,,,,,,,,,,,,,,,,,,
24/12/2023 04:45:00,,186,,,,,,,,,,,,,,,,,,
24/12/2023 04:30:00,,,,,,,,,,,,,,,,,,,,
24/12/2023 04:15:00,0,185,,,,,,,,,,,,,,,,,,
24/12/2023 04:00:00,0,185,,,,,,,,,,,,,,,,,,
24/12/2023 03:45:00,,185,,,,,,,,,,,,,,,,,,
24/12/2023 03:30:00,,,,,,,,,,,,,,,,,,,,
24/12/2023 03:15:00,0,184,,,,,,,,,,,,,,,,,,
24/12/2023 03:00:00,0,185,,,,,,,,,,,,,,,,,,
24/12/2023 02:45:00,,185,,,,,,,,,,,,,,,,,,
24/12/2023 02:30:00,,,,,,,,,,,,,,,,,,,,
24/12/2023 02:15:00,0,186,,,,,,,,,,,,,,,,,,
24/12/2023 02:00:00,0,186,,,,,,,,,,,,,,,,,,
24/12/2023 01:45:00,,186,,,,,,,,,,,,,,,,,,
24/12/2023 01:30:00,,,,,,,,,,,,,,,,,,,,
24/12/2023 01:15:00,0.2,187,,,,,,,,,,,,,,,,,,
24/12/2023 01:00:00,0,188,,,,,,,,,,,,,,,,,,
24/12/2023 00:45:00,,188,,,,,,,,,,,,,,,,,,
24/12/2023 00:30:00,,,,,,,,,,,,,,,,,,,,
24/12/2023 00:15:00,0,189,,,,,,,,,,,,,,,,,,
24/12/2023 00:00:00,0,190,,,,,,,,,,,,,,,,,,
23/12/2023 23:45:00,,191,,,,,,,,,,,,,,,,,,
23/12/2023 23:30:00,,,,,,,,,,,,,,,,,,,,
23/12/2023 23:15:00,0,191,,,,,,,,,,,,,,,,,,
23/12/2023 23:00:00,0,191,,,,,,,,,,,,,,,,,,
23/12/2023 22:45:00,,192,,,,,,,,,,,,,,,,,,
23/12/2023 22:30:00,,,,,,,,,,,,,,,,,,,,
23/12/2023 22:15:00,0,193,,,,,,,,,,,,,,,,,,
23/12/2023 22:00:00,0,193,,,,,,,,,,,,,,,,,,
23/12/2023 21:45:00,,193,,,,,,,,,,,,,,,,,,
23/12/2023 21:30:00,,,,,,,,,,,,,,,,,,,,
23/12/2023 21:15:00,0,193,,,,,,,,,,,,,,,,,,
23/12/2023 21:00:00,0.2,193,,,,,,,,,,,,,,,,,,
23/12/2023 20:45:00,,192,,,,,,,,,,,,,,,,,,
23/12/2023 20:30:00,,,,,,,,,,,,,,,,,,,,
23/12/2023 20:15:00,0.2,190,,,,,,,,,,,,,,,,,,
23/12/2023 20:00:00,0,189,,,,,,,,,,,,,,,,,,
23/12/2023 19:45:00,,188,,,,,,,,,,,,,,,,,,
23/12/2023 19:30:00,,,,,,,,,,,,,,,,,,,,
23/12/2023 19:15:00,0,187,,,,,,,,,,,,,,,,,,
23/12/2023 19:00:00,0,186,,,,,,,,,,,,,,,,,,
23/12/2023 18:45:00,,186,,,,,,,,,,,,,,,,,,
23/12/2023 18:30:00,,,,,,,,,,,,,,,,,,,,
23/12/2023 18:15:00,0,185,,,,,,,,,,,,,,,,,,
23/12/2023 18:00:00,0,184,,,,,,,,,,,,,,,,,,
23/12/2023 17:45:00,,184,,,,,,,,,,,,,,,,,,
23/12/2023 17:30:00,,,,,,,,,,,,,,,,,,,,
23/12/2023 17:15:00,0,183,,,,,,,,,,,,,,,,,,
23/12/2023 17:00:00,0,182,,,,,,,,,,,,,,,,,,
23/12/2023 16:45:00,,181,,,,,,,,,,,,,,,,,,
23/12/2023 16:30:00,,,,,,,,,,,,,,,,,,,,
23/12/2023 16:15:00,0,181,,,,,,,,,,,,,,,,,,
23/12/2023 16:00:00,0,181,,,,,,,,,,,,,,,,,,
23/12/2023 15:45:00,,182,,,,,,,,,,,,,,,,,,
23/12/2023 15:30:00,,,,,,,,,,,,,,,,,,,,
23/12/2023 15:15:00,0,182,,,,,,,,,,,,,,,,,,
23/12/2023 15:00:00,0,182,,,,,,,,,,,,,,,,,,
23/12/2023 14:45:00,,182,,,,,,,,,,,,,,,,,,
23/12/2023 14:30:00,,,,,,,,,,,,,,,,,,,,
23/12/2023 14:15:00,0,182,,,,,,,,,,,,,,,,,,
23/12/2023 14:00:00,0,182,,,,,,,,,,,,,,,,,,
23/12/2023 13:45:00,,182,,,,,,,,,,,,,,,,,,
23/12/2023 13:30:00,,,,,,,,,,,,,,,,,,,,
23/12/2023 13:15:00,0,182,,,,,,,,,,,,,,,,,,
23/12/2023 13:00:00,0,182,,,,,,,,,,,,,,,,,,
23/12/2023 12:45:00,,182,,,,,,,,,,,,,,,,,,
23/12/2023 12:30:00,,,,,,,,,,,,,,,,,,,,
23/12/2023 12:15:00,0,182,,,,,,,,,,,,,,,,,,
23/12/2023 12:00:00,0,182,,,,,,,,,,,,,,,,,,
23/12/2023 11:45:00,,182,,,,,,,,,,,,,,,,,,
23/12/2023 11:30:00,,,,,,,,,,,,,,,,,,,,
23/12/2023 11:15:00,0,183,,,,,,,,,,,,,,,,,,
23/12/2023 11:00:00,0,183,,,,,,,,,,,,,,,,,,
23/12/2023 10:45:00,,183,,,,,,,,,,,,,,,,,,
23/12/2023 10:30:00,,,,,,,,,,,,,,,,,,,,
23/12/2023 10:15:00,0,183,,,,,,,,,,,,,,,,,,
23/12/2023 10:00:00,0,183,,,,,,,,,,,,,,,,,,
23/12/2023 09:45:00,,184,,,,,,,,,,,,,,,,,,
23/12/2023 09:30:00,,,,,,,,,,,,,,,,,,,,
23/12/2023 09:15:00,0,184,,,,,,,,,,,,,,,,,,
23/12/2023 09:00:00,0,184,,,,,,,,,,,,,,,,,,
23/12/2023 08:45:00,,184,,,,,,,,,,,,,,,,,,
23/12/2023 08:30:00,,,,,,,,,,,,,,,,,,,,
23/12/2023 08:15:00,0,185,,,,,,,,,,,,,,,,,,
23/12/2023 08:00:00,0,186,,,,,,,,,,,,,,,,,,
23/12/2023 07:45:00,,186,,,,,,,,,,,,,,,,,,
23/12/2023 07:30:00,,,,,,,,,,,,,,,,,,,,
23/12/2023 07:15:00,0,187,,,,,,,,,,,,,,,,,,
23/12/2023 07:00:00,0,187,,,,,,,,,,,,,,,,,,
23/12/2023 06:45:00,,188,,,,,,,,,,,,,,,,,,
23/12/2023 06:30:00,,,,,,,,,,,,,,,,,,,,
23/12/2023 06:15:00,0,189,,,,,,,,,,,,,,,,,,
23/12/2023 06:00:00,0,189,,,,,,,,,,,,,,,,,,
23/12/2023 05:45:00,,189,,,,,,,,,,,,,,,,,,
23/12/2023 05:30:00,,,,,,,,,,,,,,,,,,,,
23/12/2023 05:15:00,0,190,,,,,,,,,,,,,,,,,,
23/12/2023 05:00:00,0,191,,,,,,,,,,,,,,,,,,
23/12/2023 04:45:00,,191,,,,,,,,,,,,,,,,,,
23/12/2023 04:30:00,,,,,,,,,,,,,,,,,,,,
23/12/2023 04:15:00,0,192,,,,,,,,,,,,,,,,,,
23/12/2023 04:00:00,0,192,,,,,,,,,,,,,,,,,,
23/12/2023 03:45:00,,192,,,,,,,,,,,,,,,,,,
23/12/2023 03:30:00,,,,,,,,,,,,,,,,,,,,
23/12/2023 03:15:00,0,193,,,,,,,,,,,,,,,,,,
23/12/2023 03:00:00,0,194,,,,,,,,,,,,,,,,,,
23/12/2023 02:45:00,,195,,,,,,,,,,,,,,,,,,
23/12/2023 02:30:00,,,,,,,,,,,,,,,,,,,,
23/12/2023 02:15:00,0,197,,,,,,,,,,,,,,,,,,
23/12/2023 02:00:00,0,198,,,,,,,,,,,,,,,,,,
23/12/2023 01:45:00,,199,,,,,,,,,,,,,,,,,,
23/12/2023 01:30:00,,,,,,,,,,,,,,,,,,,,
23/12/2023 01:15:00,0,201,,,,,,,,,,,,,,,,,,
23/12/2023 01:00:00,0,201,,,,,,,,,,,,,,,,,,
23/12/2023 00:45:00,,202,,,,,,,,,,,,,,,,,,
23/12/2023 00:30:00,,,,,,,,,,,,,,,,,,,,
23/12/2023 00:15:00,0,203,,,,,,,,,,,,,,,,,,
23/12/2023 00:00:00,0,204,,,,,,,,,,,,,,,,,,
22/12/2023 23:45:00,,205,,,,,,,,,,,,,,,,,,
22/12/2023 23:30:00,,,,,,,,,,,,,,,,,,,,
22/12/2023 23:15:00,0.6,206,,,,,,,,,,,,,,,,,,
22/12/2023 23:00:00,0.6,207,,,,,,,,,,,,,,,,,,
22/12/2023 22:45:00,,207,,,,,,,,,,,,,,,,,,
22/12/2023 22:30:00,,,,,,,,,,,,,,,,,,,,
22/12/2023 22:15:00,0,208,,,,,,,,,,,,,,,,,,
22/12/2023 22:00:00,0,208,,,,,,,,,,,,,,,,,,
22/12/2023 21:45:00,,209,,,,,,,,,,,,,,,,,,
22/12/2023 21:30:00,,,,,,,,,,,,,,,,,,,,
22/12/2023 21:15:00,0,209,,,,,,,,,,,,,,,,,,
22/12/2023 21:00:00,0,209,,,,,,,,,,,,,,,,,,
22/12/2023 20:45:00,,209,,,,,,,,,,,,,,,,,,
22/12/2023 20:30:00,,,,,,,,,,,,,,,,,,,,
22/12/2023 20:15:00,0,208,,,,,,,,,,,,,,,,,,
22/12/2023 20:00:00,0,207,,,,,,,,,,,,,,,,,,
22/12/2023 19:45:00,,206,,,,,,,,,,,,,,,,,,
22/12/2023 19:30:00,,,,,,,,,,,,,,,,,,,,
22/12/2023 19:15:00,0,205,,,,,,,,,,,,,,,,,,
22/12/2023 19:00:00,0,204,,,,,,,,,,,,,,,,,,
22/12/2023 18:45:00,,203,,,,,,,,,,,,,,,,,,
22/12/2023 18:30:00,,,,,,,,,,,,,,,,,,,,
22/12/2023 18:15:00,0,201,,,,,,,,,,,,,,,,,,
22/12/2023 18:00:00,0,200,,,,,,,,,,,,,,,,,,
22/12/2023 17:45:00,,199,,,,,,,,,,,,,,,,,,
22/12/2023 17:30:00,,,,,,,,,,,,,,,,,,,,
22/12/2023 17:15:00,0,196,,,,,,,,,,,,,,,,,,
22/12/2023 17:00:00,0,195,,,,,,,,,,,,,,,,,,
22/12/2023 16:45:00,,194,,,,,,,,,,,,,,,,,,
22/12/2023 16:30:00,,,,,,,,,,,,,,,,,,,,
22/12/2023 16:15:00,0,192,,,,,,,,,,,,,,,,,,
22/12/2023 16:00:00,0,191,,,,,,,,,,,,,,,,,,
22/12/2023 15:45:00,,190,,,,,,,,,,,,,,,,,,
22/12/2023 15:30:00,,,,,,,,,,,,,,,,,,,,
22/12/2023 15:15:00,0,189,,,,,,,,,,,,,,,,,,
22/12/2023 15:00:00,0,189,,,,,,,,,,,,,,,,,,
22/12/2023 14:45:00,,189,,,,,,,,,,,,,,,,,,
22/12/2023 14:30:00,,,,,,,,,,,,,,,,,,,,
22/12/2023 14:15:00,0,188,,,,,,,,,,,,,,,,,,
22/12/2023 14:00:00,0,188,,,,,,,,,,,,,,,,,,
22/12/2023 13:45:00,,188,,,,,,,,,,,,,,,,,,
22/12/2023 13:30:00,,,,,,,,,,,,,,,,,,,,
22/12/2023 13:15:00,0,187,,,,,,,,,,,,,,,,,,
22/12/2023 13:00:00,0,187,,,,,,,,,,,,,,,,,,
22/12/2023 12:45:00,,187,,,,,,,,,,,,,,,,,,
22/12/2023 12:30:00,,,,,,,,,,,,,,,,,,,,
22/12/2023 12:15:00,0,186,,,,,,,,,,,,,,,,,,
22/12/2023 12:00:00,0,186,,,,,,,,,,,,,,,,,,
22/12/2023 11:45:00,,186,,,,,,,,,,,,,,,,,,
22/12/2023 11:30:00,,,,,,,,,,,,,,,,,,,,
22/12/2023 11:15:00,0,186,,,,,,,,,,,,,,,,,,
22/12/2023 11:00:00,0,185,,,,,,,,,,,,,,,,,,
22/12/2023 10:45:00,,186,,,,,,,,,,,,,,,,,,
22/12/2023 10:30:00,,,,,,,,,,,,,,,,,,,,
22/12/2023 10:15:00,0,186,,,,,,,,,,,,,,,,,,
22/12/2023 10:00:00,0,186,,,,,,,,,,,,,,,,,,
22/12/2023 09:45:00,,186,,,,,,,,,,,,,,,,,,
22/12/2023 09:30:00,,,,,,,,,,,,,,,,,,,,
22/12/2023 09:15:00,0,186,,,,,,,,,,,,,,,,,,
22/12/2023 09:00:00,0,186,,,,,,,,,,,,,,,,,,
22/12/2023 08:45:00,,186,,,,,,,,,,,,,,,,,,
22/12/2023 08:30:00,,,,,,,,,,,,,,,,,,,,
22/12/2023 08:15:00,0,187,,,,,,,,,,,,,,,,,,
22/12/2023 08:00:00,0,187,,,,,,,,,,,,,,,,,,
22/12/2023 07:45:00,,187,,,,,,,,,,,,,,,,,,
22/12/2023 07:30:00,,,,,,,,,,,,,,,,,,,,
22/12/2023 07:15:00,0,188,,,,,,,,,,,,,,,,,,
22/12/2023 07:00:00,0,188,,,,,,,,,,,,,,,,,,
22/12/2023 06:45:00,,188,,,,,,,,,,,,,,,,,,
22/12/2023 06:30:00,,,,,,,,,,,,,,,,,,,,
22/12/2023 06:15:00,0,188,,,,,,,,,,,,,,,,,,
22/12/2023 06:00:00,0,189,,,,,,,,,,,,,,,,,,
22/12/2023 05:45:00,,189,,,,,,,,,,,,,,,,,,
22/12/2023 05:30:00,,,,,,,,,,,,,,,,,,,,
22/12/2023 05:15:00,0,189,,,,,,,,,,,,,,,,,,
22/12/2023 05:00:00,0,189,,,,,,,,,,,,,,,,,,
22/12/2023 04:45:00,,190,,,,,,,,,,,,,,,,,,
22/12/2023 04:30:00,,,,,,,,,,,,,,,,,,,,
22/12/2023 04:15:00,0,190,,,,,,,,,,,,,,,,,,
22/12/2023 04:00:00,0,190,,,,,,,,,,,,,,,,,,
22/12/2023 03:45:00,,190,,,,,,,,,,,,,,,,,,
22/12/2023 03:30:00,,,,,,,,,,,,,,,,,,,,
22/12/2023 03:15:00,0,190,,,,,,,,,,,,,,,,,,
22/12/2023 03:00:00,0,190,,,,,,,,,,,,,,,,,,
22/12/2023 02:45:00,,190,,,,,,,,,,,,,,,,,,
22/12/2023 02:30:00,,,,,,,,,,,,,,,,,,,,
22/12/2023 02:15:00,0,190,,,,,,,,,,,,,,,,,,
22/12/2023 02:00:00,0,190,,,,,,,,,,,,,,,,,,
22/12/2023 01:45:00,,190,,,,,,,,,,,,,,,,,,
22/12/2023 01:30:00,,,,,,,,,,,,,,,,,,,,
22/12/2023 01:15:00,0,190,,,,,,,,,,,,,,,,,,
22/12/2023 01:00:00,0,190,,,,,,,,,,,,,,,,,,
22/12/2023 00:45:00,,190,,,,,,,,,,,,,,,,,,
22/12/2023 00:30:00,,,,,,,,,,,,,,,,,,,,
22/12/2023 00:15:00,0,189,,,,,,,,,,,,,,,,,,
22/12/2023 00:00:00,0,189,,,,,,,,,,,,,,,,,,
21/12/2023 23:45:00,,189,,,,,,,,,,,,,,,,,,
21/12/2023 23:30:00,,,,,,,,,,,,,,,,,,,,
21/12/2023 23:15:00,0,188,,,,,,,,,,,,,,,,,,
21/12/2023 23:00:00,0,188,,,,,,,,,,,,,,,,,,
21/12/2023 22:45:00,,188,,,,,,,,,,,,,,,,,,
21/12/2023 22:30:00,,,,,,,,,,,,,,,,,,,,
21/12/2023 22:15:00,0,187,,,,,,,,,,,,,,,,,,
21/12/2023 22:00:00,0,187,,,,,,,,,,,,,,,,,,
21/12/2023 21:45:00,,186,,,,,,,,,,,,,,,,,,
21/12/2023 21:30:00,,,,,,,,,,,,,,,,,,,,
21/12/2023 21:15:00,0,186,,,,,,,,,,,,,,,,,,
21/12/2023 21:00:00,0,185,,,,,,,,,,,,,,,,,,
21/12/2023 20:45:00,,185,,,,,,,,,,,,,,,,,,
21/12/2023 20:30:00,,,,,,,,,,,,,,,,,,,,
21/12/2023 20:15:00,0,184,,,,,,,,,,,,,,,,,,
21/12/2023 20:00:00,0,184,,,,,,,,,,,,,,,,,,
21/12/2023 19:45:00,,184,,,,,,,,,,,,,,,,,,
21/12/2023 19:30:00,,,,,,,,,,,,,,,,,,,,
21/12/2023 19:15:00,0,183,,,,,,,,,,,,,,,,,,
21/12/2023 19:00:00,0,183,,,,,,,,,,,,,,,,,,
21/12/2023 18:45:00,,183,,,,,,,,,,,,,,,,,,
21/12/2023 18:30:00,,,,,,,,,,,,,,,,,,,,
21/12/2023 18:15:00,0,183,,,,,,,,,,,,,,,,,,
21/12/2023 18:00:00,0,183,,,,,,,,,,,,,,,,,,
21/12/2023 17:45:00,,184,,,,,,,,,,,,,,,,,,
21/12/2023 17:30:00,,,,,,,,,,,,,,,,,,,,
21/12/2023 17:15:00,0,184,,,,,,,,,,,,,,,,,,
21/12/2023 17:00:00,0,184,,,,,,,,,,,,,,,,,,
21/12/2023 16:45:00,,184,,,,,,,,,,,,,,,,,,
21/12/2023 16:30:00,,,,,,,,,,,,,,,,,,,,
21/12/2023 16:15:00,0,185,,,,,,,,,,,,,,,,,,
21/12/2023 16:00:00,0,185,,,,,,,,,,,,,,,,,,
21/12/2023 15:45:00,,186,,,,,,,,,,,,,,,,,,
21/12/2023 15:30:00,,,,,,,,,,,,,,,,,,,,
21/12/2023 15:15:00,0,186,,,,,,,,,,,,,,,,,,
21/12/2023 15:00:00,0,187,,,,,,,,,,,,,,,,,,
21/12/2023 14:45:00,,187,,,,,,,,,,,,,,,,,,
21/12/2023 14:30:00,,,,,,,,,,,,,,,,,,,,
21/12/2023 14:15:00,0,188,,,,,,,,,,,,,,,,,,
21/12/2023 14:00:00,0,189,,,,,,,,,,,,,,,,,,
21/12/2023 13:45:00,,189,,,,,,,,,,,,,,,,,,
21/12/2023 13:30:00,,,,,,,,,,,,,,,,,,,,
21/12/2023 13:15:00,0,190,,,,,,,,,,,,,,,,,,
21/12/2023 13:00:00,0,190,,,,,,,,,,,,,,,,,,
21/12/2023 12:45:00,,191,,,,,,,,,,,,,,,,,,
21/12/2023 12:30:00,,,,,,,,,,,,,,,,,,,,
21/12/2023 12:15:00,0,191,,,,,,,,,,,,,,,,,,
21/12/2023 12:00:00,0,192,,,,,,,,,,,,,,,,,,
21/12/2023 11:45:00,,192,,,,,,,,,,,,,,,,,,
21/12/2023 11:30:00,,,,,,,,,,,,,,,,,,,,
21/12/2023 11:15:00,0,193,,,,,,,,,,,,,,,,,,
21/12/2023 11:00:00,0,193,,,,,,,,,,,,,,,,,,
21/12/2023 10:45:00,,193,,,,,,,,,,,,,,,,,,
21/12/2023 10:30:00,,,,,,,,,,,,,,,,,,,,
21/12/2023 10:15:00,0,194,,,,,,,,,,,,,,,,,,
21/12/2023 10:00:00,0,194,,,,,,,,,,,,,,,,,,
21/12/2023 09:45:00,,194,,,,,,,,,,,,,,,,,,
21/12/2023 09:30:00,,,,,,,,,,,,,,,,,,,,
21/12/2023 09:15:00,0,195,,,,,,,,,,,,,,,,,,
21/12/2023 09:00:00,0,195,,,,,,,,,,,,,,,,,,
21/12/2023 08:45:00,,196,,,,,,,,,,,,,,,,,,
21/12/2023 08:30:00,,,,,,,,,,,,,,,,,,,,
21/12/2023 08:15:00,0,197,,,,,,,,,,,,,,,,,,
21/12/2023 08:00:00,0,197,,,,,,,,,,,,,,,,,,
21/12/2023 07:45:00,,198,,,,,,,,,,,,,,,,,,
21/12/2023 07:30:00,,,,,,,,,,,,,,,,,,,,
21/12/2023 07:15:00,0,199,,,,,,,,,,,,,,,,,,
21/12/2023 07:00:00,0,199,,,,,,,,,,,,,,,,,,
21/12/2023 06:45:00,,200,,,,,,,,,,,,,,,,,,
21/12/2023 06:30:00,,,,,,,,,,,,,,,,,,,,
21/12/2023 06:15:00,0,201,,,,,,,,,,,,,,,,,,
21/12/2023 06:00:00,0,201,,,,,,,,,,,,,,,,,,
21/12/2023 05:45:00,,202,,,,,,,,,,,,,,,,,,
21/12/2023 05:30:00,,,,,,,,,,,,,,,,,,,,
21/12/2023 05:15:00,0,203,,,,,,,,,,,,,,,,,,
21/12/2023 05:00:00,0,204,,,,,,,,,,,,,,,,,,
21/12/2023 04:45:00,,204,,,,,,,,,,,,,,,,,,
21/12/2023 04:30:00,,,,,,,,,,,,,,,,,,,,
21/12/2023 04:15:00,0,205,,,,,,,,,,,,,,,,,,
21/12/2023 04:00:00,0,206,,,,,,,,,,,,,,,,,,
21/12/2023 03:45:00,,206,,,,,,,,,,,,,,,,,,
21/12/2023 03:30:00,,,,,,,,,,,,,,,,,,,,
21/12/2023 03:15:00,0,207,,,,,,,,,,,,,,,,,,
21/12/2023 03:00:00,0,207,,,,,,,,,,,,,,,,,,
21/12/2023 02:45:00,,207,,,,,,,,,,,,,,,,,,
21/12/2023 02:30:00,,,,,,,,,,,,,,,,,,,,
21/12/2023 02:15:00,0,208,,,,,,,,,,,,,,,,,,
21/12/2023 02:00:00,0,208,,,,,,,,,,,,,,,,,,
21/12/2023 01:45:00,,208,,,,,,,,,,,,,,,,,,
21/12/2023 01:30:00,,,,,,,,,,,,,,,,,,,,
21/12/2023 01:15:00,0,208,,,,,,,,,,,,,,,,,,
21/12/2023 01:00:00,0,208,,,,,,,,,,,,,,,,,,
21/12/2023 00:45:00,,208,,,,,,,,,,,,,,,,,,
21/12/2023 00:30:00,,,,,,,,,,,,,,,,,,,,
20/12/2023 23:15:00,0,207,,,,,,,,,,,,,,,,,,
20/12/2023 23:00:00,0,207,,,,,,,,,,,,,,,,,,
20/12/2023 22:45:00,,207,,,,,,,,,,,,,,,,,,
20/12/2023 22:30:00,,,,,,,,,,,,,,,,,,,,
20/12/2023 22:15:00,0,207,,,,,,,,,,,,,,,,,,
20/12/2023 22:00:00,0,207,,,,,,,,,,,,,,,,,,
20/12/2023 21:45:00,,206,,,,,,,,,,,,,,,,,,
20/12/2023 21:30:00,,,,,,,,,,,,,,,,,,,,
20/12/2023 21:15:00,0,206,,,,,,,,,,,,,,,,,,
20/12/2023 21:00:00,0,206,,,,,,,,,,,,,,,,,,
20/12/2023 20:45:00,,205,,,,,,,,,,,,,,,,,,
20/12/2023 20:30:00,,,,,,,,,,,,,,,,,,,,
20/12/2023 20:15:00,0,205,,,,,,,,,,,,,,,,,,
20/12/2023 20:00:00,0,205,,,,,,,,,,,,,,,,,,
20/12/2023 19:45:00,,204,,,,,,,,,,,,,,,,,,
20/12/2023 19:30:00,,,,,,,,,,,,,,,,,,,,
20/12/2023 19:15:00,0,204,,,,,,,,,,,,,,,,,,
20/12/2023 19:00:00,0,204,,,,,,,,,,,,,,,,,,
20/12/2023 18:45:00,,204,,,,,,,,,,,,,,,,,,
20/12/2023 18:30:00,,,,,,,,,,,,,,,,,,,,
20/12/2023 18:15:00,0,204,,,,,,,,,,,,,,,,,,
20/12/2023 18:00:00,0,204,,,,,,,,,,,,,,,,,,
20/12/2023 17:45:00,,204,,,,,,,,,,,,,,,,,,
20/12/2023 17:30:00,,,,,,,,,,,,,,,,,,,,
20/12/2023 17:15:00,0,204,,,,,,,,,,,,,,,,,,
20/12/2023 17:00:00,0,205,,,,,,,,,,,,,,,,,,
20/12/2023 16:45:00,,205,,,,,,,,,,,,,,,,,,
20/12/2023 16:30:00,,,,,,,,,,,,,,,,,,,,
20/12/2023 16:15:00,0,205,,,,,,,,,,,,,,,,,,
20/12/2023 16:00:00,0,206,,,,,,,,,,,,,,,,,,
20/12/2023 15:45:00,,206,,,,,,,,,,,,,,,,,,
20/12/2023 15:30:00,,,,,,,,,,,,,,,,,,,,
20/12/2023 15:15:00,0,207,,,,,,,,,,,,,,,,,,
20/12/2023 15:00:00,0,207,,,,,,,,,,,,,,,,,,
20/12/2023 14:45:00,,207,,,,,,,,,,,,,,,,,,
20/12/2023 14:30:00,,,,,,,,,,,,,,,,,,,,
20/12/2023 14:15:00,0,208,,,,,,,,,,,,,,,,,,
20/12/2023 14:00:00,0,209,,,,,,,,,,,,,,,,,,
20/12/2023 13:45:00,,209,,,,,,,,,,,,,,,,,,
20/12/2023 13:30:00,,,,,,,,,,,,,,,,,,,,
20/12/2023 13:15:00,0,210,,,,,,,,,,,,,,,,,,
20/12/2023 13:00:00,0,211,,,,,,,,,,,,,,,,,,
20/12/2023 12:45:00,,211,,,,,,,,,,,,,,,,,,
20/12/2023 12:30:00,,,,,,,,,,,,,,,,,,,,
20/12/2023 12:15:00,0,212,,,,,,,,,,,,,,,,,,
20/12/2023 12:00:00,0,212,,,,,,,,,,,,,,,,,,
20/12/2023 11:45:00,,212,,,,,,,,,,,,,,,,,,
20/12/2023 11:30:00,,,,,,,,,,,,,,,,,,,,
20/12/2023 11:15:00,0,213,,,,,,,,,,,,,,,,,,
20/12/2023 11:00:00,0,214,,,,,,,,,,,,,,,,,,
20/12/2023 10:45:00,,214,,,,,,,,,,,,,,,,,,
20/12/2023 10:30:00,,,,,,,,,,,,,,,,,,,,
20/12/2023 10:15:00,0,215,,,,,,,,,,,,,,,,,,
20/12/2023 10:00:00,0,216,,,,,,,,,,,,,,,,,,
20/12/2023 09:45:00,,216,,,,,,,,,,,,,,,,,,
20/12/2023 09:30:00,,,,,,,,,,,,,,,,,,,,
20/12/2023 09:15:00,0,218,,,,,,,,,,,,,,,,,,
20/12/2023 09:00:00,0,218,,,,,,,,,,,,,,,,,,
20/12/2023 08:45:00,,219,,,,,,,,,,,,,,,,,,
20/12/2023 08:30:00,,,,,,,,,,,,,,,,,,,,
20/12/2023 08:15:00,0,220,,,,,,,,,,,,,,,,,,
20/12/2023 08:00:00,0,221,,,,,,,,,,,,,,,,,,
20/12/2023 07:45:00,,222,,,,,,,,,,,,,,,,,,
20/12/2023 07:30:00,,,,,,,,,,,,,,,,,,,,
20/12/2023 07:15:00,0,223,,,,,,,,,,,,,,,,,,
20/12/2023 07:00:00,0,224,,,,,,,,,,,,,,,,,,
20/12/2023 06:45:00,,225,,,,,,,,,,,,,,,,,,
20/12/2023 06:30:00,,,,,,,,,,,,,,,,,,,,
20/12/2023 06:15:00,0,226,,,,,,,,,,,,,,,,,,
20/12/2023 06:00:00,0,227,,,,,,,,,,,,,,,,,,
20/12/2023 05:45:00,,227,,,,,,,,,,,,,,,,,,
20/12/2023 05:30:00,,,,,,,,,,,,,,,,,,,,
20/12/2023 05:15:00,0,229,,,,,,,,,,,,,,,,,,
20/12/2023 05:00:00,0,229,,,,,,,,,,,,,,,,,,
20/12/2023 04:45:00,,230,,,,,,,,,,,,,,,,,,
20/12/2023 04:30:00,,,,,,,,,,,,,,,,,,,,
20/12/2023 04:15:00,0,231,,,,,,,,,,,,,,,,,,
20/12/2023 04:00:00,0,232,,,,,,,,,,,,,,,,,,
20/12/2023 03:45:00,,233,,,,,,,,,,,,,,,,,,
20/12/2023 03:30:00,,,,,,,,,,,,,,,,,,,,
20/12/2023 03:15:00,0,234,,,,,,,,,,,,,,,,,,
20/12/2023 03:00:00,0,234,,,,,,,,,,,,,,,,,,
20/12/2023 02:45:00,,235,,,,,,,,,,,,,,,,,,
20/12/2023 02:30:00,,,,,,,,,,,,,,,,,,,,
20/12/2023 02:15:00,0,235,,,,,,,,,,,,,,,,,,
20/12/2023 02:00:00,0,235,,,,,,,,,,,,,,,,,,
20/12/2023 01:45:00,,235,,,,,,,,,,,,,,,,,,
20/12/2023 01:30:00,,,,,,,,,,,,,,,,,,,,
20/12/2023 01:15:00,0,235,,,,,,,,,,,,,,,,,,
20/12/2023 01:00:00,0,234,,,,,,,,,,,,,,,,,,
20/12/2023 00:45:00,,234,,,,,,,,,,,,,,,,,,
20/12/2023 00:30:00,,,,,,,,,,,,,,,,,,,,
20/12/2023 00:15:00,0,233,,,,,,,,,,,,,,,,,,
20/12/2023 00:00:00,0,232,,,,,,,,,,,,,,,,,,
19/12/2023 23:45:00,,232,,,,,,,,,,,,,,,,,,
19/12/2023 23:30:00,,,,,,,,,,,,,,,,,,,,
19/12/2023 23:15:00,0,230,,,,,,,,,,,,,,,,,,
19/12/2023 23:00:00,0,228,,,,,,,,,,,,,,,,,,
19/12/2023 22:45:00,,227,,,,,,,,,,,,,,,,,,
19/12/2023 22:30:00,,,,,,,,,,,,,,,,,,,,
19/12/2023 21:15:00,0,220,,,,,,,,,,,,,,,,,,
19/12/2023 21:00:00,0,219,,,,,,,,,,,,,,,,,,
19/12/2023 20:45:00,,218,,,,,,,,,,,,,,,,,,
19/12/2023 20:30:00,,,,,,,,,,,,,,,,,,,,
19/12/2023 20:15:00,0,215,,,,,,,,,,,,,,,,,,
19/12/2023 20:00:00,0,214,,,,,,,,,,,,,,,,,,
19/12/2023 19:45:00,,213,,,,,,,,,,,,,,,,,,
19/12/2023 19:30:00,,,,,,,,,,,,,,,,,,,,
19/12/2023 19:15:00,0,212,,,,,,,,,,,,,,,,,,
19/12/2023 19:00:00,0,210,,,,,,,,,,,,,,,,,,
19/12/2023 18:45:00,,210,,,,,,,,,,,,,,,,,,
19/12/2023 18:30:00,,,,,,,,,,,,,,,,,,,,
19/12/2023 18:15:00,0,208,,,,,,,,,,,,,,,,,,
19/12/2023 18:00:00,0,207,,,,,,,,,,,,,,,,,,
19/12/2023 17:45:00,,206,,,,,,,,,,,,,,,,,,
19/12/2023 17:30:00,,,,,,,,,,,,,,,,,,,,
19/12/2023 17:15:00,0,205,,,,,,,,,,,,,,,,,,
19/12/2023 17:00:00,0,204,,,,,,,,,,,,,,,,,,
19/12/2023 16:45:00,,203,,,,,,,,,,,,,,,,,,
19/12/2023 16:30:00,,,,,,,,,,,,,,,,,,,,
19/12/2023 16:15:00,0,201,,,,,,,,,,,,,,,,,,
19/12/2023 16:00:00,0,201,,,,,,,,,,,,,,,,,,
19/12/2023 15:45:00,,200,,,,,,,,,,,,,,,,,,
19/12/2023 15:30:00,,,,,,,,,,,,,,,,,,,,
19/12/2023 15:15:00,0,198,,,,,,,,,,,,,,,,,,
19/12/2023 15:00:00,0,197,,,,,,,,,,,,,,,,,,
19/12/2023 14:45:00,,197,,,,,,,,,,,,,,,,,,
19/12/2023 14:30:00,,,,,,,,,,,,,,,,,,,,
19/12/2023 14:15:00,0,195,,,,,,,,,,,,,,,,,,
19/12/2023 14:00:00,0,194,,,,,,,,,,,,,,,,,,
19/12/2023 13:45:00,,193,,,,,,,,,,,,,,,,,,
19/12/2023 13:30:00,,,,,,,,,,,,,,,,,,,,
19/12/2023 13:15:00,0,191,,,,,,,,,,,,,,,,,,
19/12/2023 13:00:00,0,190,,,,,,,,,,,,,,,,,,
19/12/2023 12:45:00,,190,,,,,,,,,,,,,,,,,,
19/12/2023 12:30:00,,,,,,,,,,,,,,,,,,,,
19/12/2023 12:15:00,0,190,,,,,,,,,,,,,,,,,,
19/12/2023 12:00:00,0,190,,,,,,,,,,,,,,,,,,
19/12/2023 11:45:00,,189,,,,,,,,,,,,,,,,,,
19/12/2023 11:30:00,,,,,,,,,,,,,,,,,,,,
19/12/2023 11:15:00,0,189,,,,,,,,,,,,,,,,,,
19/12/2023 11:00:00,0,189,,,,,,,,,,,,,,,,,,
19/12/2023 10:45:00,,189,,,,,,,,,,,,,,,,,,
19/12/2023 10:30:00,,,,,,,,,,,,,,,,,,,,
19/12/2023 10:15:00,0,189,,,,,,,,,,,,,,,,,,
19/12/2023 10:00:00,0,189,,,,,,,,,,,,,,,,,,
19/12/2023 09:45:00,,189,,,,,,,,,,,,,,,,,,
19/12/2023 09:30:00,,,,,,,,,,,,,,,,,,,,
19/12/2023 09:15:00,0,189,,,,,,,,,,,,,,,,,,
19/12/2023 09:00:00,0,189,,,,,,,,,,,,,,,,,,
19/12/2023 08:45:00,,189,,,,,,,,,,,,,,,,,,
19/12/2023 08:30:00,,,,,,,,,,,,,,,,,,,,
19/12/2023 08:15:00,0,189,,,,,,,,,,,,,,,,,,
19/12/2023 08:00:00,0,188,,,,,,,,,,,,,,,,,,
19/12/2023 07:45:00,,188,,,,,,,,,,,,,,,,,,
19/12/2023 07:30:00,,,,,,,,,,,,,,,,,,,,
19/12/2023 07:15:00,0,187,,,,,,,,,,,,,,,,,,
19/12/2023 07:00:00,0,187,,,,,,,,,,,,,,,,,,
19/12/2023 06:45:00,,186,,,,,,,,,,,,,,,,,,
19/12/2023 06:30:00,,,,,,,,,,,,,,,,,,,,
19/12/2023 06:15:00,0,185,,,,,,,,,,,,,,,,,,
19/12/2023 06:00:00,0,185,,,,,,,,,,,,,,,,,,
19/12/2023 05:45:00,,185,,,,,,,,,,,,,,,,,,
19/12/2023 05:30:00,,,,,,,,,,,,,,,,,,,,
19/12/2023 05:15:00,0,185,,,,,,,,,,,,,,,,,,
19/12/2023 05:00:00,0,185,,,,,,,,,,,,,,,,,,
19/12/2023 04:45:00,,185,,,,,,,,,,,,,,,,,,
19/12/2023 04:30:00,,,,,,,,,,,,,,,,,,,,
19/12/2023 04:15:00,0,185,,,,,,,,,,,,,,,,,,
19/12/2023 04:00:00,0,185,,,,,,,,,,,,,,,,,,
19/12/2023 03:45:00,,185,,,,,,,,,,,,,,,,,,
19/12/2023 03:30:00,,,,,,,,,,,,,,,,,,,,
19/12/2023 03:15:00,0,185,,,,,,,,,,,,,,,,,,
19/12/2023 03:00:00,0,185,,,,,,,,,,,,,,,,,,
19/12/2023 02:45:00,,185,,,,,,,,,,,,,,,,,,
19/12/2023 02:30:00,,,,,,,,,,,,,,,,,,,,
19/12/2023 02:15:00,0,186,,,,,,,,,,,,,,,,,,
19/12/2023 02:00:00,0,187,,,,,,,,,,,,,,,,,,
19/12/2023 01:45:00,,187,,,,,,,,,,,,,,,,,,
19/12/2023 01:30:00,,,,,,,,,,,,,,,,,,,,
19/12/2023 01:15:00,0,188,,,,,,,,,,,,,,,,,,
19/12/2023 01:00:00,0,188,,,,,,,,,,,,,,,,,,
19/12/2023 00:45:00,,189,,,,,,,,,,,,,,,,,,
19/12/2023 00:30:00,,,,,,,,,,,,,,,,,,,,
19/12/2023 00:15:00,0,187,,,,,,,,,,,,,,,,,,
19/12/2023 00:00:00,0.2,187,,,,,,,,,,,,,,,,,,
18/12/2023 23:45:00,,187,,,,,,,,,,,,,,,,,,
18/12/2023 23:30:00,,,,,,,,,,,,,,,,,,,,
18/12/2023 23:15:00,1.2,185,,,,,,,,,,,,,,,,,,
18/12/2023 23:00:00,1,185,,,,,,,,,,,,,,,,,,
18/12/2023 22:45:00,,185,,,,,,,,,,,,,,,,,,
18/12/2023 22:30:00,,,,,,,,,,,,,,,,,,,,
18/12/2023 22:15:00,4.4,185,,,,,,,,,,,,,,,,,,
18/12/2023 22:00:00,1.6,186,,,,,,,,,,,,,,,,,,
18/12/2023 21:45:00,,184,,,,,,,,,,,,,,,,,,
18/12/2023 21:30:00,,,,,,,,,,,,,,,,,,,,
18/12/2023 21:15:00,0,183,,,,,,,,,,,,,,,,,,
18/12/2023 21:00:00,0,183,,,,,,,,,,,,,,,,,,
18/12/2023 20:45:00,,183,,,,,,,,,,,,,,,,,,
18/12/2023 20:30:00,,,,,,,,,,,,,,,,,,,,
18/12/2023 20:15:00,0,183,,,,,,,,,,,,,,,,,,
18/12/2023 20:00:00,0,182,,,,,,,,,,,,,,,,,,
18/12/2023 19:45:00,,182,,,,,,,,,,,,,,,,,,
18/12/2023 19:30:00,,,,,,,,,,,,,,,,,,,,
18/12/2023 19:15:00,0,181,,,,,,,,,,,,,,,,,,
18/12/2023 19:00:00,0,182,,,,,,,,,,,,,,,,,,
18/12/2023 18:45:00,,181,,,,,,,,,,,,,,,,,,
18/12/2023 18:30:00,,,,,,,,,,,,,,,,,,,,
18/12/2023 18:15:00,0,181,,,,,,,,,,,,,,,,,,
18/12/2023 18:00:00,0,181,,,,,,,,,,,,,,,,,,
18/12/2023 17:45:00,,181,,,,,,,,,,,,,,,,,,
18/12/2023 17:30:00,,,,,,,,,,,,,,,,,,,,
18/12/2023 17:15:00,0,181,,,,,,,,,,,,,,,,,,
18/12/2023 17:00:00,0,181,,,,,,,,,,,,,,,,,,
18/12/2023 16:45:00,,181,,,,,,,,,,,,,,,,,,
18/12/2023 16:30:00,,,,,,,,,,,,,,,,,,,,
18/12/2023 16:15:00,0,181,,,,,,,,,,,,,,,,,,
18/12/2023 16:00:00,0,181,,,,,,,,,,,,,,,,,,
18/12/2023 15:45:00,,182,,,,,,,,,,,,,,,,,,
18/12/2023 15:30:00,,,,,,,,,,,,,,,,,,,,
18/12/2023 15:15:00,0,182,,,,,,,,,,,,,,,,,,
18/12/2023 15:00:00,0,182,,,,,,,,,,,,,,,,,,
18/12/2023 14:45:00,,182,,,,,,,,,,,,,,,,,,
18/12/2023 14:30:00,,,,,,,,,,,,,,,,,,,,
18/12/2023 14:15:00,0,182,,,,,,,,,,,,,,,,,,
18/12/2023 14:00:00,0,182,,,,,,,,,,,,,,,,,,
18/12/2023 13:45:00,,181,,,,,,,,,,,,,,,,,,
18/12/2023 13:30:00,,,,,,,,,,,,,,,,,,,,
18/12/2023 13:15:00,0,181,,,,,,,,,,,,,,,,,,
18/12/2023 13:00:00,0,181,,,,,,,,,,,,,,,,,,
18/12/2023 12:45:00,,181,,,,,,,,,,,,,,,,,,
18/12/2023 12:30:00,,,,,,,,,,,,,,,,,,,,
18/12/2023 12:15:00,0,181,,,,,,,,,,,,,,,,,,
18/12/2023 12:00:00,0,181,,,,,,,,,,,,,,,,,,
18/12/2023 11:45:00,,181,,,,,,,,,,,,,,,,,,
18/12/2023 11:30:00,,,,,,,,,,,,,,,,,,,,
18/12/2023 11:15:00,0,181,,,,,,,,,,,,,,,,,,
18/12/2023 11:00:00,0,181,,,,,,,,,,,,,,,,,,
18/12/2023 10:45:00,,181,,,,,,,,,,,,,,,,,,
18/12/2023 10:30:00,,,,,,,,,,,,,,,,,,,,
18/12/2023 10:15:00,0,182,,,,,,,,,,,,,,,,,,
18/12/2023 10:00:00,0,182,,,,,,,,,,,,,,,,,,
18/12/2023 09:45:00,,183,,,,,,,,,,,,,,,,,,
18/12/2023 09:30:00,,,,,,,,,,,,,,,,,,,,
18/12/2023 09:15:00,0,184,,,,,,,,,,,,,,,,,,
18/12/2023 09:00:00,0,184,,,,,,,,,,,,,,,,,,
18/12/2023 08:45:00,,184,,,,,,,,,,,,,,,,,,
18/12/2023 08:30:00,,,,,,,,,,,,,,,,,,,,
18/12/2023 08:15:00,0,185,,,,,,,,,,,,,,,,,,
18/12/2023 08:00:00,0,185,,,,,,,,,,,,,,,,,,
18/12/2023 07:45:00,,186,,,,,,,,,,,,,,,,,,
18/12/2023 07:30:00,,,,,,,,,,,,,,,,,,,,
18/12/2023 07:15:00,0,186,,,,,,,,,,,,,,,,,,
18/12/2023 07:00:00,0,186,,,,,,,,,,,,,,,,,,
18/12/2023 06:45:00,,187,,,,,,,,,,,,,,,,,,
18/12/2023 06:30:00,,,,,,,,,,,,,,,,,,,,
18/12/2023 06:15:00,0,187,,,,,,,,,,,,,,,,,,
18/12/2023 06:00:00,0,188,,,,,,,,,,,,,,,,,,
18/12/2023 05:45:00,,188,,,,,,,,,,,,,,,,,,
18/12/2023 05:30:00,,,,,,,,,,,,,,,,,,,,
18/12/2023 05:15:00,0,188,,,,,,,,,,,,,,,,,,
18/12/2023 05:00:00,0,188,,,,,,,,,,,,,,,,,,
18/12/2023 04:45:00,,189,,,,,,,,,,,,,,,,,,
18/12/2023 04:30:00,,,,,,,,,,,,,,,,,,,,
18/12/2023 04:15:00,0,189,,,,,,,,,,,,,,,,,,
18/12/2023 04:00:00,0,189,,,,,,,,,,,,,,,,,,
18/12/2023 03:45:00,,190,,,,,,,,,,,,,,,,,,
18/12/2023 03:30:00,,,,,,,,,,,,,,,,,,,,
18/12/2023 03:15:00,0,190,,,,,,,,,,,,,,,,,,
18/12/2023 03:00:00,0,190,,,,,,,,,,,,,,,,,,
18/12/2023 02:45:00,,189,,,,,,,,,,,,,,,,,,
18/12/2023 02:30:00,,,,,,,,,,,,,,,,,,,,
18/12/2023 02:15:00,0,188,,,,,,,,,,,,,,,,,,
18/12/2023 02:00:00,0,188,,,,,,,,,,,,,,,,,,
18/12/2023 01:45:00,,188,,,,,,,,,,,,,,,,,,
18/12/2023 01:30:00,,,,,,,,,,,,,,,,,,,,
18/12/2023 01:15:00,0,187,,,,,,,,,,,,,,,,,,
18/12/2023 01:00:00,0,187,,,,,,,,,,,,,,,,,,
18/12/2023 00:45:00,,187,,,,,,,,,,,,,,,,,,
18/12/2023 00:30:00,,,,,,,,,,,,,,,,,,,,
18/12/2023 00:15:00,0,186,,,,,,,,,,,,,,,,,,
18/12/2023 00:00:00,0,186,,,,,,,,,,,,,,,,,,
17/12/2023 23:45:00,,186,,,,,,,,,,,,,,,,,,
17/12/2023 23:30:00,,,,,,,,,,,,,,,,,,,,
17/12/2023 23:15:00,0,185,,,,,,,,,,,,,,,,,,
17/12/2023 23:00:00,0,185,,,,,,,,,,,,,,,,,,
17/12/2023 22:45:00,,185,,,,,,,,,,,,,,,,,,
17/12/2023 22:30:00,,,,,,,,,,,,,,,,,,,,
17/12/2023 22:15:00,0,184,,,,,,,,,,,,,,,,,,
17/12/2023 22:00:00,0,183,,,,,,,,,,,,,,,,,,
17/12/2023 21:45:00,,183,,,,,,,,,,,,,,,,,,
17/12/2023 21:30:00,,,,,,,,,,,,,,,,,,,,
17/12/2023 21:15:00,0,181,,,,,,,,,,,,,,,,,,
17/12/2023 21:00:00,0,181,,,,,,,,,,,,,,,,,,
17/12/2023 20:45:00,,181,,,,,,,,,,,,,,,,,,
17/12/2023 20:30:00,,,,,,,,,,,,,,,,,,,,
17/12/2023 20:15:00,0,180,,,,,,,,,,,,,,,,,,
17/12/2023 20:00:00,0,180,,,,,,,,,,,,,,,,,,
17/12/2023 19:45:00,,180,,,,,,,,,,,,,,,,,,
17/12/2023 19:30:00,,,,,,,,,,,,,,,,,,,,
17/12/2023 19:15:00,0,180,,,,,,,,,,,,,,,,,,
17/12/2023 19:00:00,0,179,,,,,,,,,,,,,,,,,,
17/12/2023 18:45:00,,179,,,,,,,,,,,,,,,,,,
17/12/2023 18:30:00,,,,,,,,,,,,,,,,,,,,
17/12/2023 18:15:00,0,179,,,,,,,,,,,,,,,,,,
17/12/2023 18:00:00,0,179,,,,,,,,,,,,,,,,,,
17/12/2023 17:45:00,,179,,,,,,,,,,,,,,,,,,
17/12/2023 17:30:00,,,,,,,,,,,,,,,,,,,,
17/12/2023 17:15:00,0,179,,,,,,,,,,,,,,,,,,
17/12/2023 17:00:00,0,179,,,,,,,,,,,,,,,,,,
17/12/2023 16:45:00,,179,,,,,,,,,,,,,,,,,,
17/12/2023 16:30:00,,,,,,,,,,,,,,,,,,,,
17/12/2023 16:15:00,0,179,,,,,,,,,,,,,,,,,,
17/12/2023 16:00:00,0,179,,,,,,,,,,,,,,,,,,
17/12/2023 15:45:00,,179,,,,,,,,,,,,,,,,,,
17/12/2023 15:30:00,,,,,,,,,,,,,,,,,,,,
17/12/2023 15:15:00,0,180,,,,,,,,,,,,,,,,,,
17/12/2023 15:00:00,0,180,,,,,,,,,,,,,,,,,,
17/12/2023 14:45:00,,180,,,,,,,,,,,,,,,,,,
17/12/2023 14:30:00,,,,,,,,,,,,,,,,,,,,
17/12/2023 14:15:00,0,180,,,,,,,,,,,,,,,,,,
17/12/2023 14:00:00,0,181,,,,,,,,,,,,,,,,,,
17/12/2023 13:45:00,,181,,,,,,,,,,,,,,,,,,
17/12/2023 13:30:00,,,,,,,,,,,,,,,,,,,,
17/12/2023 13:15:00,0,181,,,,,,,,,,,,,,,,,,
17/12/2023 13:00:00,0,182,,,,,,,,,,,,,,,,,,
17/12/2023 12:45:00,,182,,,,,,,,,,,,,,,,,,
17/12/2023 12:30:00,,,,,,,,,,,,,,,,,,,,
17/12/2023 12:15:00,0,183,,,,,,,,,,,,,,,,,,
17/12/2023 12:00:00,0,183,,,,,,,,,,,,,,,,,,
17/12/2023 11:45:00,,184,,,,,,,,,,,,,,,,,,
17/12/2023 11:30:00,,,,,,,,,,,,,,,,,,,,
17/12/2023 11:15:00,0,184,,,,,,,,,,,,,,,,,,
17/12/2023 11:00:00,0,185,,,,,,,,,,,,,,,,,,
17/12/2023 10:45:00,,185,,,,,,,,,,,,,,,,,,
17/12/2023 10:30:00,,,,,,,,,,,,,,,,,,,,
17/12/2023 10:15:00,0,185,,,,,,,,,,,,,,,,,,
17/12/2023 10:00:00,0,186,,,,,,,,,,,,,,,,,,
17/12/2023 09:45:00,,186,,,,,,,,,,,,,,,,,,
17/12/2023 09:30:00,,,,,,,,,,,,,,,,,,,,
17/12/2023 09:15:00,0,186,,,,,,,,,,,,,,,,,,
17/12/2023 09:00:00,0,187,,,,,,,,,,,,,,,,,,
17/12/2023 08:45:00,,186,,,,,,,,,,,,,,,,,,
17/12/2023 08:30:00,,,,,,,,,,,,,,,,,,,,
17/12/2023 08:15:00,0,187,,,,,,,,,,,,,,,,,,
17/12/2023 08:00:00,0,187,,,,,,,,,,,,,,,,,,
17/12/2023 07:45:00,,187,,,,,,,,,,,,,,,,,,
17/12/2023 07:30:00,,,,,,,,,,,,,,,,,,,,
17/12/2023 07:15:00,0,188,,,,,,,,,,,,,,,,,,
17/12/2023 07:00:00,0,188,,,,,,,,,,,,,,,,,,
17/12/2023 06:45:00,,188,,,,,,,,,,,,,,,,,,
17/12/2023 06:30:00,,,,,,,,,,,,,,,,,,,,
17/12/2023 06:15:00,0,189,,,,,,,,,,,,,,,,,,
17/12/2023 06:00:00,0,189,,,,,,,,,,,,,,,,,,
17/12/2023 05:45:00,,189,,,,,,,,,,,,,,,,,,
17/12/2023 05:30:00,,,,,,,,,,,,,,,,,,,,
17/12/2023 05:15:00,0,190,,,,,,,,,,,,,,,,,,
17/12/2023 05:00:00,0,190,,,,,,,,,,,,,,,,,,
17/12/2023 04:45:00,,190,,,,,,,,,,,,,,,,,,
17/12/2023 04:30:00,,,,,,,,,,,,,,,,,,,,
17/12/2023 04:15:00,0,191,,,,,,,,,,,,,,,,,,
17/12/2023 04:00:00,0,191,,,,,,,,,,,,,,,,,,
17/12/2023 03:45:00,,191,,,,,,,,,,,,,,,,,,
17/12/2023 03:30:00,,,,,,,,,,,,,,,,,,,,
17/12/2023 03:15:00,0,192,,,,,,,,,,,,,,,,,,
17/12/2023 03:00:00,0,192,,,,,,,,,,,,,,,,,,
17/12/2023 02:45:00,,192,,,,,,,,,,,,,,,,,,
17/12/2023 02:30:00,,,,,,,,,,,,,,,,,,,,
17/12/2023 02:15:00,0,192,,,,,,,,,,,,,,,,,,
17/12/2023 02:00:00,0,193,,,,,,,,,,,,,,,,,,
17/12/2023 01:45:00,,192,,,,,,,,,,,,,,,,,,
17/12/2023 01:30:00,,,,,,,,,,,,,,,,,,,,
17/12/2023 01:15:00,0,192,,,,,,,,,,,,,,,,,,
17/12/2023 01:00:00,0,193,,,,,,,,,,,,,,,,,,
17/12/2023 00:45:00,,193,,,,,,,,,,,,,,,,,,
17/12/2023 00:30:00,,,,,,,,,,,,,,,,,,,,
17/12/2023 00:15:00,0,192,,,,,,,,,,,,,,,,,,
17/12/2023 00:00:00,0,192,,,,,,,,,,,,,,,,,,
16/12/2023 23:45:00,,191,,,,,,,,,,,,,,,,,,
16/12/2023 23:30:00,,,,,,,,,,,,,,,,,,,,
16/12/2023 23:15:00,0,191,,,,,,,,,,,,,,,,,,
16/12/2023 23:00:00,0,190,,,,,,,,,,,,,,,,,,
16/12/2023 22:45:00,,189,,,,,,,,,,,,,,,,,,
16/12/2023 22:30:00,,,,,,,,,,,,,,,,,,,,
16/12/2023 22:15:00,0,189,,,,,,,,,,,,,,,,,,
16/12/2023 22:00:00,0,188,,,,,,,,,,,,,,,,,,
16/12/2023 21:45:00,,188,,,,,,,,,,,,,,,,,,
16/12/2023 21:30:00,,,,,,,,,,,,,,,,,,,,
16/12/2023 21:15:00,0,187,,,,,,,,,,,,,,,,,,
16/12/2023 21:00:00,0,187,,,,,,,,,,,,,,,,,,
16/12/2023 20:45:00,,187,,,,,,,,,,,,,,,,,,
16/12/2023 20:30:00,,,,,,,,,,,,,,,,,,,,
16/12/2023 20:15:00,0,187,,,,,,,,,,,,,,,,,,
16/12/2023 20:00:00,0,186,,,,,,,,,,,,,,,,,,
16/12/2023 19:45:00,,186,,,,,,,,,,,,,,,,,,
16/12/2023 19:30:00,,,,,,,,,,,,,,,,,,,,
16/12/2023 19:15:00,0,186,,,,,,,,,,,,,,,,,,
16/12/2023 19:00:00,0,186,,,,,,,,,,,,,,,,,,
16/12/2023 18:45:00,,186,,,,,,,,,,,,,,,,,,
16/12/2023 18:30:00,,,,,,,,,,,,,,,,,,,,
16/12/2023 18:15:00,0,186,,,,,,,,,,,,,,,,,,
16/12/2023 18:00:00,0,186,,,,,,,,,,,,,,,,,,
16/12/2023 17:45:00,,186,,,,,,,,,,,,,,,,,,
16/12/2023 17:30:00,,,,,,,,,,,,,,,,,,,,
16/12/2023 17:15:00,0,186,,,,,,,,,,,,,,,,,,
16/12/2023 17:00:00,0,186,,,,,,,,,,,,,,,,,,
16/12/2023 16:45:00,,186,,,,,,,,,,,,,,,,,,
16/12/2023 16:30:00,,,,,,,,,,,,,,,,,,,,
16/12/2023 16:15:00,0,186,,,,,,,,,,,,,,,,,,
16/12/2023 16:00:00,0,186,,,,,,,,,,,,,,,,,,
16/12/2023 15:45:00,,187,,,,,,,,,,,,,,,,,,
16/12/2023 15:30:00,,,,,,,,,,,,,,,,,,,,
16/12/2023 15:15:00,0,187,,,,,,,,,,,,,,,,,,
16/12/2023 15:00:00,0,187,,,,,,,,,,,,,,,,,,
16/12/2023 14:45:00,,188,,,,,,,,,,,,,,,,,,
16/12/2023 14:30:00,,,,,,,,,,,,,,,,,,,,
16/12/2023 14:15:00,0,188,,,,,,,,,,,,,,,,,,
16/12/2023 14:00:00,0,188,,,,,,,,,,,,,,,,,,
16/12/2023 13:45:00,,188,,,,,,,,,,,,,,,,,,
16/12/2023 13:30:00,,,,,,,,,,,,,,,,,,,,
16/12/2023 13:15:00,0,188,,,,,,,,,,,,,,,,,,
16/12/2023 13:00:00,0,188,,,,,,,,,,,,,,,,,,
16/12/2023 12:45:00,,188,,,,,,,,,,,,,,,,,,
16/12/2023 12:30:00,,,,,,,,,,,,,,,,,,,,
16/12/2023 12:15:00,0,189,,,,,,,,,,,,,,,,,,
16/12/2023 12:00:00,0,189,,,,,,,,,,,,,,,,,,
16/12/2023 11:45:00,,189,,,,,,,,,,,,,,,,,,
16/12/2023 11:30:00,,,,,,,,,,,,,,,,,,,,
16/12/2023 11:15:00,0,188,,,,,,,,,,,,,,,,,,
16/12/2023 11:00:00,0,188,,,,,,,,,,,,,,,,,,
16/12/2023 10:45:00,,188,,,,,,,,,,,,,,,,,,
16/12/2023 10:30:00,,,,,,,,,,,,,,,,,,,,
16/12/2023 10:15:00,0,187,,,,,,,,,,,,,,,,,,
16/12/2023 10:00:00,0,186,,,,,,,,,,,,,,,,,,
16/12/2023 09:45:00,,185,,,,,,,,,,,,,,,,,,
16/12/2023 09:30:00,,,,,,,,,,,,,,,,,,,,
16/12/2023 09:15:00,0,184,,,,,,,,,,,,,,,,,,
16/12/2023 09:00:00,0,184,,,,,,,,,,,,,,,,,,
16/12/2023 08:45:00,,184,,,,,,,,,,,,,,,,,,
16/12/2023 08:30:00,,,,,,,,,,,,,,,,,,,,
16/12/2023 08:15:00,0,184,,,,,,,,,,,,,,,,,,
16/12/2023 08:00:00,0,185,,,,,,,,,,,,,,,,,,
16/12/2023 07:45:00,,186,,,,,,,,,,,,,,,,,,
16/12/2023 07:30:00,,,,,,,,,,,,,,,,,,,,
16/12/2023 07:15:00,0,186,,,,,,,,,,,,,,,,,,
16/12/2023 07:00:00,0,187,,,,,,,,,,,,,,,,,,
16/12/2023 06:45:00,,187,,,,,,,,,,,,,,,,,,
16/12/2023 06:30:00,,,,,,,,,,,,,,,,,,,,
16/12/2023 06:15:00,0,188,,,,,,,,,,,,,,,,,,
16/12/2023 06:00:00,0,189,,,,,,,,,,,,,,,,,,
16/12/2023 05:45:00,,190,,,,,,,,,,,,,,,,,,
16/12/2023 05:30:00,,,,,,,,,,,,,,,,,,,,
16/12/2023 05:15:00,0,191,,,,,,,,,,,,,,,,,,
16/12/2023 05:00:00,0,191,,,,,,,,,,,,,,,,,,
16/12/2023 04:45:00,,192,,,,,,,,,,,,,,,,,,
16/12/2023 04:30:00,,,,,,,,,,,,,,,,,,,,
16/12/2023 04:15:00,0,193,,,,,,,,,,,,,,,,,,
16/12/2023 04:00:00,0,193,,,,,,,,,,,,,,,,,,
16/12/2023 03:45:00,,193,,,,,,,,,,,,,,,,,,
16/12/2023 03:30:00,,,,,,,,,,,,,,,,,,,,
16/12/2023 03:15:00,0,194,,,,,,,,,,,,,,,,,,
16/12/2023 03:00:00,0,194,,,,,,,,,,,,,,,,,,
16/12/2023 02:45:00,,195,,,,,,,,,,,,,,,,,,
16/12/2023 02:30:00,,,,,,,,,,,,,,,,,,,,
16/12/2023 02:15:00,0,197,,,,,,,,,,,,,,,,,,
16/12/2023 02:00:00,0,198,,,,,,,,,,,,,,,,,,
16/12/2023 01:45:00,,199,,,,,,,,,,,,,,,,,,
16/12/2023 01:30:00,,,,,,,,,,,,,,,,,,,,
16/12/2023 01:15:00,0,201,,,,,,,,,,,,,,,,,,
16/12/2023 01:00:00,0,201,,,,,,,,,,,,,,,,,,
16/12/2023 00:45:00,,201,,,,,,,,,,,,,,,,,,
16/12/2023 00:30:00,,,,,,,,,,,,,,,,,,,,
16/12/2023 00:15:00,0,200,,,,,,,,,,,,,,,,,,
16/12/2023 00:00:00,0,200,,,,,,,,,,,,,,,,,,
15/12/2023 23:45:00,,201,,,,,,,,,,,,,,,,,,
15/12/2023 23:30:00,,,,,,,,,,,,,,,,,,,,
15/12/2023 23:15:00,0,201,,,,,,,,,,,,,,,,,,
15/12/2023 23:00:00,0,201,,,,,,,,,,,,,,,,,,
15/12/2023 22:45:00,,201,,,,,,,,,,,,,,,,,,
15/12/2023 22:30:00,,,,,,,,,,,,,,,,,,,,
15/12/2023 22:15:00,0,199,,,,,,,,,,,,,,,,,,
15/12/2023 22:00:00,0.4,198,,,,,,,,,,,,,,,,,,
15/12/2023 21:45:00,,197,,,,,,,,,,,,,,,,,,
15/12/2023 21:30:00,,,,,,,,,,,,,,,,,,,,
15/12/2023 21:15:00,0.2,194,,,,,,,,,,,,,,,,,,
15/12/2023 21:00:00,1,193,,,,,,,,,,,,,,,,,,
15/12/2023 20:45:00,,192,,,,,,,,,,,,,,,,,,
15/12/2023 20:30:00,,,,,,,,,,,,,,,,,,,,
15/12/2023 20:15:00,0.4,190,,,,,,,,,,,,,,,,,,
15/12/2023 20:00:00,1.4,189,,,,,,,,,,,,,,,,,,
15/12/2023 19:45:00,,189,,,,,,,,,,,,,,,,,,
15/12/2023 19:30:00,,,,,,,,,,,,,,,,,,,,
15/12/2023 19:15:00,0.4,186,,,,,,,,,,,,,,,,,,
15/12/2023 19:00:00,0,186,,,,,,,,,,,,,,,,,,
15/12/2023 18:45:00,,184,,,,,,,,,,,,,,,,,,
15/12/2023 18:30:00,,,,,,,,,,,,,,,,,,,,
15/12/2023 18:15:00,0,183,,,,,,,,,,,,,,,,,,
15/12/2023 18:00:00,0,183,,,,,,,,,,,,,,,,,,
15/12/2023 17:45:00,,183,,,,,,,,,,,,,,,,,,
15/12/2023 17:30:00,,,,,,,,,,,,,,,,,,,,
15/12/2023 17:15:00,0,182,,,,,,,,,,,,,,,,,,
15/12/2023 17:00:00,0,182,,,,,,,,,,,,,,,,,,
15/12/2023 16:45:00,,182,,,,,,,,,,,,,,,,,,
15/12/2023 16:30:00,,,,,,,,,,,,,,,,,,,,
15/12/2023 16:15:00,0,182,,,,,,,,,,,,,,,,,,
15/12/2023 16:00:00,0,182,,,,,,,,,,,,,,,,,,
15/12/2023 15:45:00,,182,,,,,,,,,,,,,,,,,,
15/12/2023 15:30:00,,,,,,,,,,,,,,,,,,,,
15/12/2023 14:15:00,0,182,,,,,,,,,,,,,,,,,,
15/12/2023 14:00:00,0,182,,,,,,,,,,,,,,,,,,
15/12/2023 13:45:00,,182,,,,,,,,,,,,,,,,,,
15/12/2023 13:30:00,,,,,,,,,,,,,,,,,,,,
15/12/2023 13:15:00,0,182,,,,,,,,,,,,,,,,,,
15/12/2023 13:00:00,0,182,,,,,,,,,,,,,,,,,,
15/12/2023 12:45:00,,182,,,,,,,,,,,,,,,,,,
15/12/2023 12:30:00,,,,,,,,,,,,,,,,,,,,
15/12/2023 12:15:00,0,181,,,,,,,,,,,,,,,,,,
15/12/2023 12:00:00,0,181,,,,,,,,,,,,,,,,,,
15/12/2023 11:45:00,,181,,,,,,,,,,,,,,,,,,
15/12/2023 11:30:00,,,,,,,,,,,,,,,,,,,,
15/12/2023 11:15:00,0,181,,,,,,,,,,,,,,,,,,
15/12/2023 11:00:00,0,182,,,,,,,,,,,,,,,,,,
15/12/2023 10:45:00,,182,,,,,,,,,,,,,,,,,,
15/12/2023 10:30:00,,,,,,,,,,,,,,,,,,,,
15/12/2023 10:15:00,0,182,,,,,,,,,,,,,,,,,,
15/12/2023 10:00:00,0,182,,,,,,,,,,,,,,,,,,
15/12/2023 09:45:00,,181,,,,,,,,,,,,,,,,,,
15/12/2023 09:30:00,,,,,,,,,,,,,,,,,,,,
15/12/2023 09:15:00,0,181,,,,,,,,,,,,,,,,,,
15/12/2023 09:00:00,0,180,,,,,,,,,,,,,,,,,,
15/12/2023 08:45:00,,180,,,,,,,,,,,,,,,,,,
15/12/2023 08:30:00,,,,,,,,,,,,,,,,,,,,
15/12/2023 08:15:00,0,180,,,,,,,,,,,,,,,,,,
15/12/2023 08:00:00,0,180,,,,,,,,,,,,,,,,,,
15/12/2023 07:45:00,,180,,,,,,,,,,,,,,,,,,
15/12/2023 07:30:00,,,,,,,,,,,,,,,,,,,,
15/12/2023 07:15:00,0,181,,,,,,,,,,,,,,,,,,
15/12/2023 07:00:00,0,181,,,,,,,,,,,,,,,,,,
15/12/2023 06:45:00,,182,,,,,,,,,,,,,,,,,,
15/12/2023 06:30:00,,,,,,,,,,,,,,,,,,,,
15/12/2023 06:15:00,0,182,,,,,,,,,,,,,,,,,,
15/12/2023 06:00:00,0,181,,,,,,,,,,,,,,,,,,
15/12/2023 05:45:00,,181,,,,,,,,,,,,,,,,,,
15/12/2023 05:30:00,,,,,,,,,,,,,,,,,,,,
15/12/2023 05:15:00,0,181,,,,,,,,,,,,,,,,,,
15/12/2023 05:00:00,0,181,,,,,,,,,,,,,,,,,,
15/12/2023 04:45:00,,181,,,,,,,,,,,,,,,,,,
15/12/2023 04:30:00,,,,,,,,,,,,,,,,,,,,
15/12/2023 04:15:00,0,182,,,,,,,,,,,,,,,,,,
15/12/2023 04:00:00,0,182,,,,,,,,,,,,,,,,,,
15/12/2023 03:45:00,,182,,,,,,,,,,,,,,,,,,
15/12/2023 03:30:00,,,,,,,,,,,,,,,,,,,,
15/12/2023 03:15:00,0,181,,,,,,,,,,,,,,,,,,
15/12/2023 03:00:00,0,181,,,,,,,,,,,,,,,,,,
15/12/2023 02:45:00,,181,,,,,,,,,,,,,,,,,,
15/12/2023 02:30:00,,,,,,,,,,,,,,,,,,,,
15/12/2023 02:15:00,0,181,,,,,,,,,,,,,,,,,,
15/12/2023 02:00:00,0,181,,,,,,,,,,,,,,,,,,
15/12/2023 01:45:00,,181,,,,,,,,,,,,,,,,,,
15/12/2023 01:30:00,,,,,,,,,,,,,,,,,,,,
15/12/2023 01:15:00,0,181,,,,,,,,,,,,,,,,,,
15/12/2023 01:00:00,0,182,,,,,,,,,,,,,,,,,,
15/12/2023 00:45:00,,182,,,,,,,,,,,,,,,,,,
15/12/2023 00:30:00,,,,,,,,,,,,,,,,,,,,
15/12/2023 00:15:00,0,182,,,,,,,,,,,,,,,,,,
15/12/2023 00:00:00,0,182,,,,,,,,,,,,,,,,,,
14/12/2023 23:45:00,,182,,,,,,,,,,,,,,,,,,
14/12/2023 23:30:00,,,,,,,,,,,,,,,,,,,,
14/12/2023 23:15:00,0.2,183,,,,,,,,,,,,,,,,,,
14/12/2023 23:00:00,0,182,,,,,,,,,,,,,,,,,,
14/12/2023 22:45:00,,183,,,,,,,,,,,,,,,,,,
14/12/2023 22:30:00,,,,,,,,,,,,,,,,,,,,
14/12/2023 22:15:00,0.4,183,,,,,,,,,,,,,,,,,,
14/12/2023 22:00:00,0.2,183,,,,,,,,,,,,,,,,,,
14/12/2023 21:45:00,,183,,,,,,,,,,,,,,,,,,
14/12/2023 21:30:00,,,,,,,,,,,,,,,,,,,,
14/12/2023 21:15:00,0,183,,,,,,,,,,,,,,,,,,
14/12/2023 21:00:00,0,184,,,,,,,,,,,,,,,,,,
14/12/2023 20:45:00,,183,,,,,,,,,,,,,,,,,,
14/12/2023 20:30:00,,,,,,,,,,,,,,,,,,,,
14/12/2023 20:15:00,0.2,183,,,,,,,,,,,,,,,,,,
14/12/2023 20:00:00,0,184,,,,,,,,,,,,,,,,,,
14/12/2023 19:45:00,,184,,,,,,,,,,,,,,,,,,
14/12/2023 19:30:00,,,,,,,,,,,,,,,,,,,,
14/12/2023 19:15:00,2.8,185,,,,,,,,,,,,,,,,,,
14/12/2023 19:00:00,0,184,,,,,,,,,,,,,,,,,,
14/12/2023 18:45:00,,184,,,,,,,,,,,,,,,,,,
14/12/2023 18:30:00,,,,,,,,,,,,,,,,,,,,
14/12/2023 18:15:00,0,184,,,,,,,,,,,,,,,,,,
14/12/2023 18:00:00,0,185,,,,,,,,,,,,,,,,,,
14/12/2023 17:45:00,,185,,,,,,,,,,,,,,,,,,
14/12/2023 17:30:00,,,,,,,,,,,,,,,,,,,,
14/12/2023 17:15:00,0,185,,,,,,,,,,,,,,,,,,
14/12/2023 17:00:00,0,185,,,,,,,,,,,,,,,,,,
14/12/2023 16:45:00,,186,,,,,,,,,,,,,,,,,,
14/12/2023 16:30:00,,,,,,,,,,,,,,,,,,,,
14/12/2023 16:15:00,0,186,,,,,,,,,,,,,,,,,,
14/12/2023 16:00:00,0,187,,,,,,,,,,,,,,,,,,
14/12/2023 15:45:00,,187,,,,,,,,,,,,,,,,,,
14/12/2023 15:30:00,,,,,,,,,,,,,,,,,,,,
14/12/2023 15:15:00,0,188,,,,,,,,,,,,,,,,,,
14/12/2023 15:00:00,0,188,,,,,,,,,,,,,,,,,,
14/12/2023 14:45:00,,189,,,,,,,,,,,,,,,,,,
14/12/2023 14:30:00,,,,,,,,,,,,,,,,,,,,
14/12/2023 14:15:00,0,190,,,,,,,,,,,,,,,,,,
14/12/2023 14:00:00,0,190,,,,,,,,,,,,,,,,,,
14/12/2023 13:45:00,,190,,,,,,,,,,,,,,,,,,
14/12/2023 13:30:00,,,,,,,,,,,,,,,,,,,,
14/12/2023 13:15:00,0,191,,,,,,,,,,,,,,,,,,
14/12/2023 13:00:00,0,192,,,,,,,,,,,,,,,,,,
14/12/2023 12:45:00,,192,,,,,,,,,,,,,,,,,,
14/12/2023 12:30:00,,,,,,,,,,,,,,,,,,,,
14/12/2023 12:15:00,0,193,,,,,,,,,,,,,,,,,,
14/12/2023 12:00:00,0,193,,,,,,,,,,,,,,,,,,
14/12/2023 11:45:00,,193,,,,,,,,,,,,,,,,,,
14/12/2023 11:30:00,,,,,,,,,,,,,,,,,,,,
14/12/2023 11:15:00,0,194,,,,,,,,,,,,,,,,,,
14/12/2023 11:00:00,0,194,,,,,,,,,,,,,,,,,,
14/12/2023 10:45:00,,194,,,,,,,,,,,,,,,,,,
14/12/2023 10:30:00,,,,,,,,,,,,,,,,,,,,
14/12/2023 10:15:00,0,195,,,,,,,,,,,,,,,,,,
14/12/2023 10:00:00,0,195,,,,,,,,,,,,,,,,,,
14/12/2023 09:45:00,,196,,,,,,,,,,,,,,,,,,
14/12/2023 09:30:00,,,,,,,,,,,,,,,,,,,,
14/12/2023 09:15:00,0,197,,,,,,,,,,,,,,,,,,
14/12/2023 09:00:00,0,197,,,,,,,,,,,,,,,,,,
14/12/2023 08:45:00,,198,,,,,,,,,,,,,,,,,,
14/12/2023 08:30:00,,,,,,,,,,,,,,,,,,,,
14/12/2023 08:15:00,0,198,,,,,,,,,,,,,,,,,,
14/12/2023 08:00:00,0,199,,,,,,,,,,,,,,,,,,
14/12/2023 07:45:00,,199,,,,,,,,,,,,,,,,,,
14/12/2023 07:30:00,,,,,,,,,,,,,,,,,,,,
14/12/2023 07:15:00,0,198,,,,,,,,,,,,,,,,,,
14/12/2023 07:00:00,0,199,,,,,,,,,,,,,,,,,,
14/12/2023 06:45:00,,198,,,,,,,,,,,,,,,,,,
14/12/2023 06:30:00,,,,,,,,,,,,,,,,,,,,
14/12/2023 06:15:00,0,199,,,,,,,,,,,,,,,,,,
14/12/2023 06:00:00,0,199,,,,,,,,,,,,,,,,,,
14/12/2023 05:45:00,,199,,,,,,,,,,,,,,,,,,
14/12/2023 05:30:00,,,,,,,,,,,,,,,,,,,,
14/12/2023 05:15:00,0,199,,,,,,,,,,,,,,,,,,
14/12/2023 05:00:00,0,198,,,,,,,,,,,,,,,,,,
14/12/2023 04:45:00,,198,,,,,,,,,,,,,,,,,,
14/12/2023 04:30:00,,,,,,,,,,,,,,,,,,,,
14/12/2023 04:15:00,0,196,,,,,,,,,,,,,,,,,,
14/12/2023 04:00:00,0,195,,,,,,,,,,,,,,,,,,
14/12/2023 03:45:00,,194,,,,,,,,,,,,,,,,,,
14/12/2023 03:30:00,,,,,,,,,,,,,,,,,,,,
14/12/2023 03:15:00,0,194,,,,,,,,,,,,,,,,,,
14/12/2023 03:00:00,0,193,,,,,,,,,,,,,,,,,,
14/12/2023 02:45:00,,193,,,,,,,,,,,,,,,,,,
14/12/2023 02:30:00,,,,,,,,,,,,,,,,,,,,
14/12/2023 02:15:00,0,192,,,,,,,,,,,,,,,,,,
14/12/2023 02:00:00,0,192,,,,,,,,,,,,,,,,,,
14/12/2023 01:45:00,,193,,,,,,,,,,,,,,,,,,
14/12/2023 01:30:00,,,,,,,,,,,,,,,,,,,,
14/12/2023 01:15:00,0,192,,,,,,,,,,,,,,,,,,
14/12/2023 01:00:00,0,192,,,,,,,,,,,,,,,,,,
14/12/2023 00:45:00,,192,,,,,,,,,,,,,,,,,,
14/12/2023 00:30:00,,,,,,,,,,,,,,,,,,,,
14/12/2023 00:15:00,0,192,,,,,,,,,,,,,,,,,,
14/12/2023 00:00:00,0,192,,,,,,,,,,,,,,,,,,
13/12/2023 23:45:00,,192,,,,,,,,,,,,,,,,,,
13/12/2023 23:30:00,,,,,,,,,,,,,,,,,,,,
13/12/2023 23:15:00,0,192,,,,,,,,,,,,,,,,,,
13/12/2023 23:00:00,0,193,,,,,,,,,,,,,,,,,,
13/12/2023 22:45:00,,192,,,,,,,,,,,,,,,,,,
13/12/2023 22:30:00,,,,,,,,,,,,,,,,,,,,
13/12/2023 22:15:00,0,191,,,,,,,,,,,,,,,,,,
13/12/2023 22:00:00,0,191,,,,,,,,,,,,,,,,,,
13/12/2023 21:45:00,,191,,,,,,,,,,,,,,,,,,
13/12/2023 21:30:00,,,,,,,,,,,,,,,,,,,,
13/12/2023 21:15:00,0,190,,,,,,,,,,,,,,,,,,
13/12/2023 21:00:00,0,189,,,,,,,,,,,,,,,,,,
13/12/2023 20:45:00,,189,,,,,,,,,,,,,,,,,,
13/12/2023 20:30:00,,,,,,,,,,,,,,,,,,,,
13/12/2023 20:15:00,0,188,,,,,,,,,,,,,,,,,,
13/12/2023 20:00:00,0,188,,,,,,,,,,,,,,,,,,
13/12/2023 19:45:00,,187,,,,,,,,,,,,,,,,,,
13/12/2023 19:30:00,,,,,,,,,,,,,,,,,,,,
13/12/2023 19:15:00,0,186,,,,,,,,,,,,,,,,,,
13/12/2023 19:00:00,0,186,,,,,,,,,,,,,,,,,,
13/12/2023 18:45:00,,186,,,,,,,,,,,,,,,,,,
13/12/2023 18:30:00,,,,,,,,,,,,,,,,,,,,
13/12/2023 18:15:00,0,185,,,,,,,,,,,,,,,,,,
13/12/2023 18:00:00,0,184,,,,,,,,,,,,,,,,,,
13/12/2023 17:45:00,,184,,,,,,,,,,,,,,,,,,
13/12/2023 17:30:00,,,,,,,,,,,,,,,,,,,,
13/12/2023 17:15:00,0,183,,,,,,,,,,,,,,,,,,
13/12/2023 17:00:00,0,183,,,,,,,,,,,,,,,,,,
13/12/2023 16:45:00,,182,,,,,,,,,,,,,,,,,,
13/12/2023 16:30:00,,,,,,,,,,,,,,,,,,,,
13/12/2023 16:15:00,0,182,,,,,,,,,,,,,,,,,,
13/12/2023 16:00:00,0,182,,,,,,,,,,,,,,,,,,
13/12/2023 15:45:00,,182,,,,,,,,,,,,,,,,,,
13/12/2023 15:30:00,,,,,,,,,,,,,,,,,,,,
13/12/2023 15:15:00,0,182,,,,,,,,,,,,,,,,,,
13/12/2023 15:00:00,0,182,,,,,,,,,,,,,,,,,,
13/12/2023 14:45:00,,182,,,,,,,,,,,,,,,,,,
13/12/2023 14:30:00,,,,,,,,,,,,,,,,,,,,
13/12/2023 14:15:00,0,182,,,,,,,,,,,,,,,,,,
13/12/2023 14:00:00,0,182,,,,,,,,,,,,,,,,,,
13/12/2023 13:45:00,,182,,,,,,,,,,,,,,,,,,
13/12/2023 13:30:00,,,,,,,,,,,,,,,,,,,,
13/12/2023 13:15:00,0,182,,,,,,,,,,,,,,,,,,
13/12/2023 13:00:00,0,182,,,,,,,,,,,,,,,,,,
13/12/2023 12:45:00,,183,,,,,,,,,,,,,,,,,,
13/12/2023 12:30:00,,,,,,,,,,,,,,,,,,,,
13/12/2023 12:15:00,0,183,,,,,,,,,,,,,,,,,,
13/12/2023 12:00:00,0,183,,,,,,,,,,,,,,,,,,
13/12/2023 11:45:00,,184,,,,,,,,,,,,,,,,,,
13/12/2023 11:30:00,,,,,,,,,,,,,,,,,,,,
13/12/2023 11:15:00,0,184,,,,,,,,,,,,,,,,,,
13/12/2023 11:00:00,0,185,,,,,,,,,,,,,,,,,,
13/12/2023 10:45:00,,185,,,,,,,,,,,,,,,,,,
13/12/2023 10:30:00,,,,,,,,,,,,,,,,,,,,
13/12/2023 10:15:00,0,186,,,,,,,,,,,,,,,,,,
13/12/2023 10:00:00,0,186,,,,,,,,,,,,,,,,,,
13/12/2023 09:45:00,,187,,,,,,,,,,,,,,,,,,
13/12/2023 09:30:00,,,,,,,,,,,,,,,,,,,,
13/12/2023 09:15:00,0,188,,,,,,,,,,,,,,,,,,
13/12/2023 09:00:00,0,189,,,,,,,,,,,,,,,,,,
13/12/2023 08:45:00,,189,,,,,,,,,,,,,,,,,,
13/12/2023 08:30:00,,,,,,,,,,,,,,,,,,,,
13/12/2023 08:15:00,0,190,,,,,,,,,,,,,,,,,,
13/12/2023 08:00:00,0,191,,,,,,,,,,,,,,,,,,
13/12/2023 07:45:00,,191,,,,,,,,,,,,,,,,,,
13/12/2023 07:30:00,,,,,,,,,,,,,,,,,,,,
13/12/2023 07:15:00,0,192,,,,,,,,,,,,,,,,,,
13/12/2023 07:00:00,0,192,,,,,,,,,,,,,,,,,,
13/12/2023 06:45:00,,193,,,,,,,,,,,,,,,,,,
13/12/2023 06:30:00,,,,,,,,,,,,,,,,,,,,
13/12/2023 06:15:00,0,194,,,,,,,,,,,,,,,,,,
13/12/2023 06:00:00,0,194,,,,,,,,,,,,,,,,,,
13/12/2023 05:45:00,,195,,,,,,,,,,,,,,,,,,
13/12/2023 05:30:00,,,,,,,,,,,,,,,,,,,,
13/12/2023 05:15:00,0,196,,,,,,,,,,,,,,,,,,
13/12/2023 05:00:00,0,196,,,,,,,,,,,,,,,,,,
13/12/2023 04:45:00,,196,,,,,,,,,,,,,,,,,,
13/12/2023 04:30:00,,,,,,,,,,,,,,,,,,,,
13/12/2023 04:15:00,0,197,,,,,,,,,,,,,,,,,,
13/12/2023 04:00:00,0,198,,,,,,,,,,,,,,,,,,
13/12/2023 03:45:00,,198,,,,,,,,,,,,,,,,,,
13/12/2023 03:30:00,,,,,,,,,,,,,,,,,,,,
13/12/2023 03:15:00,0,199,,,,,,,,,,,,,,,,,,
13/12/2023 03:00:00,0,200,,,,,,,,,,,,,,,,,,
13/12/2023 02:45:00,,200,,,,,,,,,,,,,,,,,,
13/12/2023 02:30:00,,,,,,,,,,,,,,,,,,,,
13/12/2023 02:15:00,0,200,,,,,,,,,,,,,,,,,,
13/12/2023 02:00:00,0,201,,,,,,,,,,,,,,,,,,
13/12/2023 01:45:00,,201,,,,,,,,,,,,,,,,,,
13/12/2023 01:30:00,,,,,,,,,,,,,,,,,,,,
13/12/2023 01:15:00,0,202,,,,,,,,,,,,,,,,,,
13/12/2023 01:00:00,0,202,,,,,,,,,,,,,,,,,,
13/12/2023 00:45:00,,203,,,,,,,,,,,,,,,,,,
13/12/2023 00:30:00,,,,,,,,,,,,,,,,,,,,
13/12/2023 00:15:00,0,203,,,,,,,,,,,,,,,,,,
13/12/2023 00:00:00,0,203,,,,,,,,,,,,,,,,,,
12/12/2023 23:45,,203,,,,,,,,,,,,,,,,,,
12/12/2023 23:30,,,,,,,,,,,,,,,,,,,,
12/12/2023 23:15,0,204,,,,,,,,,,,,,,,,,,
12/12/2023 23:00,0,204,,,,,,,,,,,,,,,,,,
12/12/2023 22:45,,204,,,,,,,,,,,,,,,,,,
12/12/2023 22:30,,,,,,,,,,,,,,,,,,,,
12/12/2023 22:15,0,204,,,,,,,,,,,,,,,,,,
12/12/2023 22:00,0,204,,,,,,,,,,,,,,,,,,
12/12/2023 21:45,,204,,,,,,,,,,,,,,,,,,
12/12/2023 21:30,,,,,,,,,,,,,,,,,,,,
12/12/2023 21:15,0,204,,,,,,,,,,,,,,,,,,
12/12/2023 21:00,0,204,,,,,,,,,,,,,,,,,,
12/12/2023 20:45,,203,,,,,,,,,,,,,,,,,,
12/12/2023 20:30,,,,,,,,,,,,,,,,,,,,
12/12/2023 20:15,0,203,,,,,,,,,,,,,,,,,,
12/12/2023 20:00,0,203,,,,,,,,,,,,,,,,,,
12/12/2023 19:45,,203,,,,,,,,,,,,,,,,,,
12/12/2023 19:30,,,,,,,,,,,,,,,,,,,,
12/12/2023 19:15,0,202,,,,,,,,,,,,,,,,,,
12/12/2023 19:00,0,201,,,,,,,,,,,,,,,,,,
12/12/2023 18:45,,200,,,,,,,,,,,,,,,,,,
12/12/2023 18:30,,,,,,,,,,,,,,,,,,,,
12/12/2023 18:15,0,199,,,,,,,,,,,,,,,,,,
12/12/2023 18:00,0,199,,,,,,,,,,,,,,,,,,
12/12/2023 17:45,,198,,,,,,,,,,,,,,,,,,
12/12/2023 17:30,,,,,,,,,,,,,,,,,,,,
12/12/2023 17:15,0,198,,,,,,,,,,,,,,,,,,
12/12/2023 17:00,0,197,,,,,,,,,,,,,,,,,,
12/12/2023 16:45,,197,,,,,,,,,,,,,,,,,,
12/12/2023 16:30,,,,,,,,,,,,,,,,,,,,
12/12/2023 16:15,0,197,,,,,,,,,,,,,,,,,,
12/12/2023 16:00,0,197,,,,,,,,,,,,,,,,,,
12/12/2023 15:45,,197,,,,,,,,,,,,,,,,,,
12/12/2023 15:30,,,,,,,,,,,,,,,,,,,,
12/12/2023 15:15,0,197,,,,,,,,,,,,,,,,,,
12/12/2023 15:00,0,197,,,,,,,,,,,,,,,,,,
12/12/2023 14:45,,197,,,,,,,,,,,,,,,,,,
12/12/2023 14:30,,,,,,,,,,,,,,,,,,,,
12/12/2023 14:15,0,197,,,,,,,,,,,,,,,,,,
12/12/2023 14:00,0,197,,,,,,,,,,,,,,,,,,
12/12/2023 13:45,,197,,,,,,,,,,,,,,,,,,
12/12/2023 13:30,,,,,,,,,,,,,,,,,,,,
12/12/2023 13:15,0,198,,,,,,,,,,,,,,,,,,
12/12/2023 13:00,0,199,,,,,,,,,,,,,,,,,,
12/12/2023 12:45,,199,,,,,,,,,,,,,,,,,,
12/12/2023 12:30,,,,,,,,,,,,,,,,,,,,
12/12/2023 12:15,0,200,,,,,,,,,,,,,,,,,,
12/12/2023 12:00,0,200,,,,,,,,,,,,,,,,,,
12/12/2023 11:45,,201,,,,,,,,,,,,,,,,,,
12/12/2023 11:30,,,,,,,,,,,,,,,,,,,,
12/12/2023 11:15,0,202,,,,,,,,,,,,,,,,,,
12/12/2023 11:00,0,202,,,,,,,,,,,,,,,,,,
12/12/2023 10:45,,203,,,,,,,,,,,,,,,,,,
12/12/2023 10:30,,,,,,,,,,,,,,,,,,,,
12/12/2023 10:15,0,204,,,,,,,,,,,,,,,,,,
12/12/2023 10:00,0,204,,,,,,,,,,,,,,,,,,
12/12/2023 9:45,,204,,,,,,,,,,,,,,,,,,
12/12/2023 9:30,,,,,,,,,,,,,,,,,,,,
12/12/2023 9:15,0,205,,,,,,,,,,,,,,,,,,
12/12/2023 9:00,0,205,,,,,,,,,,,,,,,,,,
12/12/2023 8:45,,206,,,,,,,,,,,,,,,,,,
12/12/2023 8:30,,,,,,,,,,,,,,,,,,,,
12/12/2023 8:15,0,207,,,,,,,,,,,,,,,,,,
12/12/2023 8:00,0,207,,,,,,,,,,,,,,,,,,
12/12/2023 7:45,,207,,,,,,,,,,,,,,,,,,
12/12/2023 7:30,,,,,,,,,,,,,,,,,,,,
12/12/2023 7:15,0,208,,,,,,,,,,,,,,,,,,
12/12/2023 7:00,0,209,,,,,,,,,,,,,,,,,,
12/12/2023 6:45,,209,,,,,,,,,,,,,,,,,,
12/12/2023 6:30,,,,,,,,,,,,,,,,,,,,
12/12/2023 6:15,0,210,,,,,,,,,,,,,,,,,,
12/12/2023 6:00,0,210,,,,,,,,,,,,,,,,,,
12/12/2023 5:45,,211,,,,,,,,,,,,,,,,,,
12/12/2023 5:30,,,,,,,,,,,,,,,,,,,,
12/12/2023 5:15,0,212,,,,,,,,,,,,,,,,,,
12/12/2023 5:00,0,212,,,,,,,,,,,,,,,,,,
12/12/2023 4:45,,212,,,,,,,,,,,,,,,,,,
12/12/2023 4:30,,,,,,,,,,,,,,,,,,,,
12/12/2023 4:15,0,213,,,,,,,,,,,,,,,,,,
12/12/2023 4:00,0,214,,,,,,,,,,,,,,,,,,
12/12/2023 3:45,,214,,,,,,,,,,,,,,,,,,
12/12/2023 3:30,,,,,,,,,,,,,,,,,,,,
12/12/2023 3:15,0,215,,,,,,,,,,,,,,,,,,
12/12/2023 3:00,0,215,,,,,,,,,,,,,,,,,,
12/12/2023 2:45,,216,,,,,,,,,,,,,,,,,,
12/12/2023 2:30,,,,,,,,,,,,,,,,,,,,
12/12/2023 2:15,0,216,,,,,,,,,,,,,,,,,,
12/12/2023 2:00,0,217,,,,,,,,,,,,,,,,,,
12/12/2023 1:45,,217,,,,,,,,,,,,,,,,,,
12/12/2023 1:30,,,,,,,,,,,,,,,,,,,,
12/12/2023 1:15,0,218,,,,,,,,,,,,,,,,,,
12/12/2023 1:00,0,218,,,,,,,,,,,,,,,,,,
12/12/2023 0:45,,218,,,,,,,,,,,,,,,,,,
12/12/2023 0:30,,,,,,,,,,,,,,,,,,,,
12/12/2023 0:15,0,219,,,,,,,,,,,,,,,,,,
12/12/2023 0:00,0,219,,,,,,,,,,,,,,,,,,
11/12/2023 23:45,,219,,,,,,,,,,,,,,,,,,
11/12/2023 23:30,,,,,,,,,,,,,,,,,,,,
11/12/2023 23:15,0,220,,,,,,,,,,,,,,,,,,
11/12/2023 23:00,0,220,,,,,,,,,,,,,,,,,,
11/12/2023 22:45,,220,,,,,,,,,,,,,,,,,,
11/12/2023 22:30,,,,,,,,,,,,,,,,,,,,
11/12/2023 22:15,0,221,,,,,,,,,,,,,,,,,,
11/12/2023 22:00,0,221,,,,,,,,,,,,,,,,,,
11/12/2023 21:45,,221,,,,,,,,,,,,,,,,,,
11/12/2023 21:30,,,,,,,,,,,,,,,,,,,,
11/12/2023 21:15,0,220,,,,,,,,,,,,,,,,,,
11/12/2023 21:00,0,220,,,,,,,,,,,,,,,,,,
11/12/2023 20:45,,220,,,,,,,,,,,,,,,,,,
11/12/2023 20:30,,,,,,,,,,,,,,,,,,,,
11/12/2023 20:15,0,220,,,,,,,,,,,,,,,,,,
11/12/2023 20:00,0,220,,,,,,,,,,,,,,,,,,
11/12/2023 19:45,,220,,,,,,,,,,,,,,,,,,
11/12/2023 19:30,,,,,,,,,,,,,,,,,,,,
11/12/2023 19:15,0,219,,,,,,,,,,,,,,,,,,
11/12/2023 19:00,0,218,,,,,,,,,,,,,,,,,,
11/12/2023 18:45,,218,,,,,,,,,,,,,,,,,,
11/12/2023 18:30,,,,,,,,,,,,,,,,,,,,
11/12/2023 18:15,0,218,,,,,,,,,,,,,,,,,,
11/12/2023 18:00,0,218,,,,,,,,,,,,,,,,,,
11/12/2023 17:45,,217,,,,,,,,,,,,,,,,,,
11/12/2023 17:30,,,,,,,,,,,,,,,,,,,,
11/12/2023 17:15,0,216,,,,,,,,,,,,,,,,,,
11/12/2023 17:00,0,216,,,,,,,,,,,,,,,,,,
11/12/2023 16:45,,216,,,,,,,,,,,,,,,,,,
11/12/2023 16:30,,,,,,,,,,,,,,,,,,,,
11/12/2023 16:15,0,215,,,,,,,,,,,,,,,,,,
11/12/2023 16:00,0,215,,,,,,,,,,,,,,,,,,
11/12/2023 15:45,,215,,,,,,,,,,,,,,,,,,
11/12/2023 15:30,,,,,,,,,,,,,,,,,,,,
11/12/2023 15:15,0,214,,,,,,,,,,,,,,,,,,
11/12/2023 15:00,0,214,,,,,,,,,,,,,,,,,,
11/12/2023 14:45,,214,,,,,,,,,,,,,,,,,,
11/12/2023 14:30,,,,,,,,,,,,,,,,,,,,
11/12/2023 14:15,0,214,,,,,,,,,,,,,,,,,,
11/12/2023 14:00,0,214,,,,,,,,,,,,,,,,,,
11/12/2023 13:45,,213,,,,,,,,,,,,,,,,,,
11/12/2023 13:30,,,,,,,,,,,,,,,,,,,,
11/12/2023 13:15,0,213,,,,,,,,,,,,,,,,,,
11/12/2023 13:00,0,213,,,,,,,,,,,,,,,,,,
11/12/2023 12:45,,212,,,,,,,,,,,,,,,,,,
11/12/2023 12:30,,,,,,,,,,,,,,,,,,,,
11/12/2023 12:15,0,211,,,,,,,,,,,,,,,,,,
11/12/2023 12:00,0,210,,,,,,,,,,,,,,,,,,
11/12/2023 11:45,,209,,,,,,,,,,,,,,,,,,
11/12/2023 11:30,,,,,,,,,,,,,,,,,,,,
11/12/2023 11:15,0,208,,,,,,,,,,,,,,,,,,
11/12/2023 11:00,0,208,,,,,,,,,,,,,,,,,,
11/12/2023 10:45,,207,,,,,,,,,,,,,,,,,,
11/12/2023 10:30,,,,,,,,,,,,,,,,,,,,
11/12/2023 10:15,0,206,,,,,,,,,,,,,,,,,,
11/12/2023 10:00,0,206,,,,,,,,,,,,,,,,,,
11/12/2023 9:45,,205,,,,,,,,,,,,,,,,,,
11/12/2023 9:30,,,,,,,,,,,,,,,,,,,,
11/12/2023 9:15,0,204,,,,,,,,,,,,,,,,,,
11/12/2023 9:00,0,204,,,,,,,,,,,,,,,,,,
11/12/2023 8:45,,203,,,,,,,,,,,,,,,,,,
11/12/2023 8:30,,,,,,,,,,,,,,,,,,,,
11/12/2023 8:15,0,202,,,,,,,,,,,,,,,,,,
11/12/2023 8:00,0,202,,,,,,,,,,,,,,,,,,
11/12/2023 7:45,,202,,,,,,,,,,,,,,,,,,
11/12/2023 7:30,,,,,,,,,,,,,,,,,,,,
11/12/2023 7:15,0,201,,,,,,,,,,,,,,,,,,
11/12/2023 7:00,0,202,,,,,,,,,,,,,,,,,,
11/12/2023 6:45,,202,,,,,,,,,,,,,,,,,,
11/12/2023 6:30,,,,,,,,,,,,,,,,,,,,
11/12/2023 6:15,0,202,,,,,,,,,,,,,,,,,,
11/12/2023 6:00,0,202,,,,,,,,,,,,,,,,,,
11/12/2023 5:45,,202,,,,,,,,,,,,,,,,,,
11/12/2023 5:30,,,,,,,,,,,,,,,,,,,,
11/12/2023 5:15,0,203,,,,,,,,,,,,,,,,,,
11/12/2023 5:00,0,203,,,,,,,,,,,,,,,,,,
11/12/2023 4:45,,203,,,,,,,,,,,,,,,,,,
11/12/2023 4:30,,,,,,,,,,,,,,,,,,,,
11/12/2023 4:15,0,204,,,,,,,,,,,,,,,,,,
11/12/2023 4:00,0,204,,,,,,,,,,,,,,,,,,
11/12/2023 3:45,,205,,,,,,,,,,,,,,,,,,
11/12/2023 3:30,,,,,,,,,,,,,,,,,,,,
11/12/2023 3:15,0,205,,,,,,,,,,,,,,,,,,
11/12/2023 3:00,0,205,,,,,,,,,,,,,,,,,,
11/12/2023 2:45,,205,,,,,,,,,,,,,,,,,,
11/12/2023 2:30,,,,,,,,,,,,,,,,,,,,
11/12/2023 2:15,0,206,,,,,,,,,,,,,,,,,,
11/12/2023 2:00,0,206,,,,,,,,,,,,,,,,,,
11/12/2023 1:45,,206,,,,,,,,,,,,,,,,,,
11/12/2023 1:30,,,,,,,,,,,,,,,,,,,,
11/12/2023 1:15,0,206,,,,,,,,,,,,,,,,,,
11/12/2023 1:00,0,206,,,,,,,,,,,,,,,,,,
11/12/2023 0:45,,206,,,,,,,,,,,,,,,,,,
11/12/2023 0:30,,,,,,,,,,,,,,,,,,,,
11/12/2023 0:15,0,207,,,,,,,,,,,,,,,,,,
11/12/2023 0:00,0,207,,,,,,,,,,,,,,,,,,
10/12/2023 23:45,,207,,,,,,,,,,,,,,,,,,
10/12/2023 23:30,,,,,,,,,,,,,,,,,,,,
10/12/2023 23:15,0,207,,,,,,,,,,,,,,,,,,
10/12/2023 23:00,0,207,,,,,,,,,,,,,,,,,,
10/12/2023 22:45,,207,,,,,,,,,,,,,,,,,,
10/12/2023 22:30,,,,,,,,,,,,,,,,,,,,
10/12/2023 22:15,0,207,,,,,,,,,,,,,,,,,,
10/12/2023 22:00,0,207,,,,,,,,,,,,,,,,,,
10/12/2023 21:45,,207,,,,,,,,,,,,,,,,,,
10/12/2023 21:30,,,,,,,,,,,,,,,,,,,,
10/12/2023 21:15,0,207,,,,,,,,,,,,,,,,,,
10/12/2023 21:00,0,207,,,,,,,,,,,,,,,,,,
10/12/2023 20:45,,207,,,,,,,,,,,,,,,,,,
10/12/2023 20:30,,,,,,,,,,,,,,,,,,,,
10/12/2023 20:15,0,207,,,,,,,,,,,,,,,,,,
10/12/2023 20:00,0,207,,,,,,,,,,,,,,,,,,
10/12/2023 19:45,,207,,,,,,,,,,,,,,,,,,
10/12/2023 19:30,,,,,,,,,,,,,,,,,,,,
10/12/2023 19:15,0,206,,,,,,,,,,,,,,,,,,
10/12/2023 19:00,0,206,,,,,,,,,,,,,,,,,,
10/12/2023 18:45,,206,,,,,,,,,,,,,,,,,,
10/12/2023 18:30,,,,,,,,,,,,,,,,,,,,
10/12/2023 18:15,0,205,,,,,,,,,,,,,,,,,,
10/12/2023 18:00,0,206,,,,,,,,,,,,,,,,,,
10/12/2023 17:45,,206,,,,,,,,,,,,,,,,,,
10/12/2023 17:30,,,,,,,,,,,,,,,,,,,,
10/12/2023 17:15,0,205,,,,,,,,,,,,,,,,,,
10/12/2023 17:00,0,205,,,,,,,,,,,,,,,,,,
10/12/2023 16:45,,205,,,,,,,,,,,,,,,,,,
10/12/2023 16:30,,,,,,,,,,,,,,,,,,,,
10/12/2023 16:15,0,205,,,,,,,,,,,,,,,,,,
10/12/2023 16:00,0,205,,,,,,,,,,,,,,,,,,
10/12/2023 15:45,,205,,,,,,,,,,,,,,,,,,
10/12/2023 15:30,,,,,,,,,,,,,,,,,,,,
10/12/2023 15:15,0,205,,,,,,,,,,,,,,,,,,
10/12/2023 15:00,0,205,,,,,,,,,,,,,,,,,,
10/12/2023 14:45,,205,,,,,,,,,,,,,,,,,,
10/12/2023 14:30,,,,,,,,,,,,,,,,,,,,
10/12/2023 14:15,0,205,,,,,,,,,,,,,,,,,,
10/12/2023 14:00,0,206,,,,,,,,,,,,,,,,,,
10/12/2023 13:45,,206,,,,,,,,,,,,,,,,,,
10/12/2023 13:30,,,,,,,,,,,,,,,,,,,,
10/12/2023 13:15,0,206,,,,,,,,,,,,,,,,,,
10/12/2023 13:00,0,206,,,,,,,,,,,,,,,,,,
10/12/2023 12:45,,206,,,,,,,,,,,,,,,,,,
10/12/2023 12:30,,,,,,,,,,,,,,,,,,,,
10/12/2023 12:15,0,207,,,,,,,,,,,,,,,,,,
10/12/2023 12:00,0,207,,,,,,,,,,,,,,,,,,
10/12/2023 11:45,,207,,,,,,,,,,,,,,,,,,
10/12/2023 11:30,,,,,,,,,,,,,,,,,,,,
10/12/2023 11:15,0,208,,,,,,,,,,,,,,,,,,
10/12/2023 11:00,0,208,,,,,,,,,,,,,,,,,,
10/12/2023 10:45,,208,,,,,,,,,,,,,,,,,,
10/12/2023 10:30,,,,,,,,,,,,,,,,,,,,
10/12/2023 10:15,0,209,,,,,,,,,,,,,,,,,,
10/12/2023 10:00,0,210,,,,,,,,,,,,,,,,,,
10/12/2023 9:45,,210,,,,,,,,,,,,,,,,,,
10/12/2023 9:30,,,,,,,,,,,,,,,,,,,,
10/12/2023 9:15,0,211,,,,,,,,,,,,,,,,,,
10/12/2023 9:00,0,211,,,,,,,,,,,,,,,,,,
10/12/2023 8:45,,212,,,,,,,,,,,,,,,,,,
10/12/2023 8:30,,,,,,,,,,,,,,,,,,,,
10/12/2023 8:15,0,213,,,,,,,,,,,,,,,,,,
10/12/2023 8:00,0,214,,,,,,,,,,,,,,,,,,
10/12/2023 7:45,,215,,,,,,,,,,,,,,,,,,
10/12/2023 7:30,,,,,,,,,,,,,,,,,,,,
10/12/2023 7:15,0,216,,,,,,,,,,,,,,,,,,
10/12/2023 7:00,0,216,,,,,,,,,,,,,,,,,,
10/12/2023 6:45,,217,,,,,,,,,,,,,,,,,,
10/12/2023 6:30,,,,,,,,,,,,,,,,,,,,
10/12/2023 6:15,0,218,,,,,,,,,,,,,,,,,,
10/12/2023 6:00,0,219,,,,,,,,,,,,,,,,,,
10/12/2023 5:45,,219,,,,,,,,,,,,,,,,,,
10/12/2023 5:30,,,,,,,,,,,,,,,,,,,,
10/12/2023 5:15,0,221,,,,,,,,,,,,,,,,,,
10/12/2023 5:00,0,222,,,,,,,,,,,,,,,,,,
10/12/2023 4:45,,222,,,,,,,,,,,,,,,,,,
10/12/2023 4:30,,,,,,,,,,,,,,,,,,,,
10/12/2023 4:15,0,223,,,,,,,,,,,,,,,,,,
10/12/2023 4:00,0,224,,,,,,,,,,,,,,,,,,
10/12/2023 3:45,,225,,,,,,,,,,,,,,,,,,
10/12/2023 3:30,,,,,,,,,,,,,,,,,,,,
10/12/2023 3:15,0,226,,,,,,,,,,,,,,,,,,
10/12/2023 3:00,0,227,,,,,,,,,,,,,,,,,,
10/12/2023 2:45,,227,,,,,,,,,,,,,,,,,,
10/12/2023 2:30,,,,,,,,,,,,,,,,,,,,
10/12/2023 2:15,0,229,,,,,,,,,,,,,,,,,,
10/12/2023 2:00,0,229,,,,,,,,,,,,,,,,,,
10/12/2023 1:45,,230,,,,,,,,,,,,,,,,,,
10/12/2023 1:30,,,,,,,,,,,,,,,,,,,,
10/12/2023 1:15,0,231,,,,,,,,,,,,,,,,,,
10/12/2023 1:00,0,231,,,,,,,,,,,,,,,,,,
10/12/2023 0:45,,232,,,,,,,,,,,,,,,,,,
10/12/2023 0:30,,,,,,,,,,,,,,,,,,,,
10/12/2023 0:15,0,233,,,,,,,,,,,,,,,,,,
10/12/2023 0:00,0,233,,,,,,,,,,,,,,,,,,
9/12/2023 23:45,,233,,,,,,,,,,,,,,,,,,
9/12/2023 23:30,,,,,,,,,,,,,,,,,,,,
9/12/2023 23:15,0,233,,,,,,,,,,,,,,,,,,
9/12/2023 23:00,0,233,,,,,,,,,,,,,,,,,,
9/12/2023 22:45,,233,,,,,,,,,,,,,,,,,,
9/12/2023 22:30,,,,,,,,,,,,,,,,,,,,
9/12/2023 22:15,0,233,,,,,,,,,,,,,,,,,,
9/12/2023 22:00,0,234,,,,,,,,,,,,,,,,,,
9/12/2023 21:45,,234,,,,,,,,,,,,,,,,,,
9/12/2023 21:30,,,,,,,,,,,,,,,,,,,,
9/12/2023 21:15,0,234,,,,,,,,,,,,,,,,,,
9/12/2023 21:00,0,233,,,,,,,,,,,,,,,,,,
9/12/2023 20:45,,233,,,,,,,,,,,,,,,,,,
9/12/2023 20:30,,,,,,,,,,,,,,,,,,,,
9/12/2023 20:15,0,233,,,,,,,,,,,,,,,,,,
9/12/2023 20:00,0,233,,,,,,,,,,,,,,,,,,
9/12/2023 19:45,,232,,,,,,,,,,,,,,,,,,
9/12/2023 19:30,,,,,,,,,,,,,,,,,,,,
9/12/2023 19:15,0,232,,,,,,,,,,,,,,,,,,
9/12/2023 19:00,0,232,,,,,,,,,,,,,,,,,,
9/12/2023 18:45,,232,,,,,,,,,,,,,,,,,,
9/12/2023 18:30,,,,,,,,,,,,,,,,,,,,
9/12/2023 18:15,0,232,,,,,,,,,,,,,,,,,,
9/12/2023 18:00,0,232,,,,,,,,,,,,,,,,,,
9/12/2023 17:45,,232,,,,,,,,,,,,,,,,,,
9/12/2023 17:30,,,,,,,,,,,,,,,,,,,,
9/12/2023 17:15,0,232,,,,,,,,,,,,,,,,,,
9/12/2023 17:00,0,232,,,,,,,,,,,,,,,,,,
9/12/2023 16:45,,232,,,,,,,,,,,,,,,,,,
9/12/2023 16:30,,,,,,,,,,,,,,,,,,,,
9/12/2023 16:15,0,232,,,,,,,,,,,,,,,,,,
9/12/2023 16:00,0,232,,,,,,,,,,,,,,,,,,
9/12/2023 15:45,,232,,,,,,,,,,,,,,,,,,
9/12/2023 15:30,,,,,,,,,,,,,,,,,,,,
9/12/2023 15:15,0,233,,,,,,,,,,,,,,,,,,
9/12/2023 15:00,0,233,,,,,,,,,,,,,,,,,,
9/12/2023 14:45,,232,,,,,,,,,,,,,,,,,,
9/12/2023 14:30,,,,,,,,,,,,,,,,,,,,
9/12/2023 14:15,0,232,,,,,,,,,,,,,,,,,,
9/12/2023 14:00,0,232,,,,,,,,,,,,,,,,,,
9/12/2023 13:45,,233,,,,,,,,,,,,,,,,,,
9/12/2023 13:30,,,,,,,,,,,,,,,,,,,,
9/12/2023 13:15,0,233,,,,,,,,,,,,,,,,,,
9/12/2023 13:00,0,232,,,,,,,,,,,,,,,,,,
9/12/2023 12:45,,232,,,,,,,,,,,,,,,,,,
9/12/2023 12:30,,,,,,,,,,,,,,,,,,,,
9/12/2023 12:15,0,232,,,,,,,,,,,,,,,,,,
9/12/2023 12:00,0,232,,,,,,,,,,,,,,,,,,
9/12/2023 11:45,,232,,,,,,,,,,,,,,,,,,
9/12/2023 11:30,,,,,,,,,,,,,,,,,,,,
9/12/2023 11:15,0,232,,,,,,,,,,,,,,,,,,
9/12/2023 11:00,0,232,,,,,,,,,,,,,,,,,,
9/12/2023 10:45,,232,,,,,,,,,,,,,,,,,,
9/12/2023 10:30,,,,,,,,,,,,,,,,,,,,
9/12/2023 10:15,0,232,,,,,,,,,,,,,,,,,,
9/12/2023 10:00,0,232,,,,,,,,,,,,,,,,,,
9/12/2023 9:45,,233,,,,,,,,,,,,,,,,,,
9/12/2023 9:30,,,,,,,,,,,,,,,,,,,,
9/12/2023 9:15,0,233,,,,,,,,,,,,,,,,,,
9/12/2023 9:00,0,234,,,,,,,,,,,,,,,,,,
9/12/2023 8:45,,234,,,,,,,,,,,,,,,,,,
9/12/2023 8:30,,,,,,,,,,,,,,,,,,,,
9/12/2023 8:15,0,235,,,,,,,,,,,,,,,,,,
9/12/2023 8:00,0,235,,,,,,,,,,,,,,,,,,
9/12/2023 7:45,,235,,,,,,,,,,,,,,,,,,
9/12/2023 7:30,,,,,,,,,,,,,,,,,,,,
9/12/2023 7:15,0,236,,,,,,,,,,,,,,,,,,
9/12/2023 7:00,0,237,,,,,,,,,,,,,,,,,,
9/12/2023 6:45,,237,,,,,,,,,,,,,,,,,,
9/12/2023 6:30,,,,,,,,,,,,,,,,,,,,
9/12/2023 6:15,0,238,,,,,,,,,,,,,,,,,,
9/12/2023 6:00,0,238,,,,,,,,,,,,,,,,,,
9/12/2023 5:45,,239,,,,,,,,,,,,,,,,,,
9/12/2023 5:30,,,,,,,,,,,,,,,,,,,,
9/12/2023 5:15,0,239,,,,,,,,,,,,,,,,,,
9/12/2023 5:00,0,240,,,,,,,,,,,,,,,,,,
9/12/2023 4:45,,240,,,,,,,,,,,,,,,,,,
9/12/2023 4:30,,,,,,,,,,,,,,,,,,,,
9/12/2023 4:15,0,241,,,,,,,,,,,,,,,,,,
9/12/2023 4:00,0,241,,,,,,,,,,,,,,,,,,
9/12/2023 3:45,,242,,,,,,,,,,,,,,,,,,
9/12/2023 3:30,,,,,,,,,,,,,,,,,,,,
9/12/2023 3:15,0,242,,,,,,,,,,,,,,,,,,
9/12/2023 3:00,0,243,,,,,,,,,,,,,,,,,,
9/12/2023 2:45,,243,,,,,,,,,,,,,,,,,,
9/12/2023 2:30,,,,,,,,,,,,,,,,,,,,
9/12/2023 2:15,0,244,,,,,,,,,,,,,,,,,,
9/12/2023 2:00,0,244,,,,,,,,,,,,,,,,,,
9/12/2023 1:45,,244,,,,,,,,,,,,,,,,,,
9/12/2023 1:30,,,,,,,,,,,,,,,,,,,,
9/12/2023 1:15,0,245,,,,,,,,,,,,,,,,,,
9/12/2023 1:00,0,245,,,,,,,,,,,,,,,,,,
9/12/2023 0:45,,245,,,,,,,,,,,,,,,,,,
9/12/2023 0:30,,,,,,,,,,,,,,,,,,,,
9/12/2023 0:15,0,245,,,,,,,,,,,,,,,,,,
9/12/2023 0:00,0,245,,,,,,,,,,,,,,,,,,
8/12/2023 23:45,,245,,,,,,,,,,,,,,,,,,
8/12/2023 23:30,,,,,,,,,,,,,,,,,,,,
8/12/2023 23:15,0,245,,,,,,,,,,,,,,,,,,
8/12/2023 23:00,0,244,,,,,,,,,,,,,,,,,,
8/12/2023 22:45,,244,,,,,,,,,,,,,,,,,,
8/12/2023 22:30,,,,,,,,,,,,,,,,,,,,
8/12/2023 22:15,0,244,,,,,,,,,,,,,,,,,,
8/12/2023 22:00,0,244,,,,,,,,,,,,,,,,,,
8/12/2023 21:45,,244,,,,,,,,,,,,,,,,,,
8/12/2023 21:30,,,,,,,,,,,,,,,,,,,,
8/12/2023 21:15,0,244,,,,,,,,,,,,,,,,,,
8/12/2023 21:00,0,243,,,,,,,,,,,,,,,,,,
8/12/2023 20:45,,243,,,,,,,,,,,,,,,,,,
8/12/2023 20:30,,,,,,,,,,,,,,,,,,,,
8/12/2023 20:15,0,243,,,,,,,,,,,,,,,,,,
8/12/2023 20:00,0,243,,,,,,,,,,,,,,,,,,
8/12/2023 19:45,,243,,,,,,,,,,,,,,,,,,
8/12/2023 19:30,,,,,,,,,,,,,,,,,,,,
8/12/2023 19:15,0,243,,,,,,,,,,,,,,,,,,
8/12/2023 19:00,0,243,,,,,,,,,,,,,,,,,,
8/12/2023 18:45,,243,,,,,,,,,,,,,,,,,,
8/12/2023 18:30,,,,,,,,,,,,,,,,,,,,
8/12/2023 18:15,0,244,,,,,,,,,,,,,,,,,,
8/12/2023 18:00,0,244,,,,,,,,,,,,,,,,,,
8/12/2023 17:45,,245,,,,,,,,,,,,,,,,,,
8/12/2023 17:30,,,,,,,,,,,,,,,,,,,,
8/12/2023 17:15,0,245,,,,,,,,,,,,,,,,,,
8/12/2023 17:00,0,245,,,,,,,,,,,,,,,,,,
8/12/2023 16:45,,245,,,,,,,,,,,,,,,,,,
8/12/2023 16:30,,,,,,,,,,,,,,,,,,,,
8/12/2023 16:15,0,246,,,,,,,,,,,,,,,,,,
8/12/2023 16:00,0,247,,,,,,,,,,,,,,,,,,
8/12/2023 15:45,,247,,,,,,,,,,,,,,,,,,
8/12/2023 15:30,,,,,,,,,,,,,,,,,,,,
8/12/2023 15:15,0,248,,,,,,,,,,,,,,,,,,
8/12/2023 15:00,0,249,,,,,,,,,,,,,,,,,,
8/12/2023 14:45,,249,,,,,,,,,,,,,,,,,,
8/12/2023 14:30,,,,,,,,,,,,,,,,,,,,
8/12/2023 14:15,0,250,,,,,,,,,,,,,,,,,,
8/12/2023 14:00,0,250,,,,,,,,,,,,,,,,,,
8/12/2023 13:45,,251,,,,,,,,,,,,,,,,,,
8/12/2023 13:30,,,,,,,,,,,,,,,,,,,,
8/12/2023 13:15,0,252,,,,,,,,,,,,,,,,,,
8/12/2023 13:00,0,252,,,,,,,,,,,,,,,,,,
8/12/2023 12:45,,252,,,,,,,,,,,,,,,,,,
8/12/2023 12:30,,,,,,,,,,,,,,,,,,,,
8/12/2023 12:15,0,253,,,,,,,,,,,,,,,,,,
8/12/2023 12:00,0,254,,,,,,,,,,,,,,,,,,
8/12/2023 11:45,,254,,,,,,,,,,,,,,,,,,
8/12/2023 11:30,,,,,,,,,,,,,,,,,,,,
8/12/2023 9:15,0,256,,,,,,,,,,,,,,,,,,
8/12/2023 9:00,0,256,,,,,,,,,,,,,,,,,,
8/12/2023 8:45,,256,,,,,,,,,,,,,,,,,,
8/12/2023 8:30,,,,,,,,,,,,,,,,,,,,
8/12/2023 7:15,0,255,,,,,,,,,,,,,,,,,,
8/12/2023 7:00,0,255,,,,,,,,,,,,,,,,,,
8/12/2023 6:45,,255,,,,,,,,,,,,,,,,,,
8/12/2023 6:30,,,,,,,,,,,,,,,,,,,,
8/12/2023 6:15,0,255,,,,,,,,,,,,,,,,,,
8/12/2023 6:00,0,254,,,,,,,,,,,,,,,,,,
8/12/2023 5:45,,254,,,,,,,,,,,,,,,,,,
8/12/2023 5:30,,,,,,,,,,,,,,,,,,,,
8/12/2023 5:15,0,253,,,,,,,,,,,,,,,,,,
8/12/2023 5:00,0,252,,,,,,,,,,,,,,,,,,
8/12/2023 4:45,,252,,,,,,,,,,,,,,,,,,
8/12/2023 4:30,,,,,,,,,,,,,,,,,,,,
8/12/2023 4:15,0,250,,,,,,,,,,,,,,,,,,
8/12/2023 4:00,0,249,,,,,,,,,,,,,,,,,,
8/12/2023 3:45,,248,,,,,,,,,,,,,,,,,,
8/12/2023 3:30,,,,,,,,,,,,,,,,,,,,
8/12/2023 3:15,0,247,,,,,,,,,,,,,,,,,,
8/12/2023 3:00,0,245,,,,,,,,,,,,,,,,,,
8/12/2023 2:45,,244,,,,,,,,,,,,,,,,,,
8/12/2023 2:30,,,,,,,,,,,,,,,,,,,,
8/12/2023 2:15,0,241,,,,,,,,,,,,,,,,,,
8/12/2023 2:00,0,239,,,,,,,,,,,,,,,,,,
8/12/2023 1:45,,238,,,,,,,,,,,,,,,,,,
8/12/2023 1:30,,,,,,,,,,,,,,,,,,,,
8/12/2023 1:15,0,233,,,,,,,,,,,,,,,,,,
8/12/2023 1:00,0,231,,,,,,,,,,,,,,,,,,
8/12/2023 0:45,,229,,,,,,,,,,,,,,,,,,
8/12/2023 0:30,,,,,,,,,,,,,,,,,,,,
8/12/2023 0:15,0,226,,,,,,,,,,,,,,,,,,
8/12/2023 0:00,0,225,,,,,,,,,,,,,,,,,,
7/12/2023 23:45,,225,,,,,,,,,,,,,,,,,,
7/12/2023 23:30,,,,,,,,,,,,,,,,,,,,
7/12/2023 23:15,0,224,,,,,,,,,,,,,,,,,,
7/12/2023 23:00,0,223,,,,,,,,,,,,,,,,,,
7/12/2023 22:45,,223,,,,,,,,,,,,,,,,,,
7/12/2023 22:30,,,,,,,,,,,,,,,,,,,,
7/12/2023 22:15,0,223,,,,,,,,,,,,,,,,,,
7/12/2023 22:00,0,223,,,,,,,,,,,,,,,,,,
7/12/2023 21:45,,223,,,,,,,,,,,,,,,,,,
7/12/2023 21:30,,,,,,,,,,,,,,,,,,,,
7/12/2023 18:15,0,224,,,,,,,,,,,,,,,,,,
7/12/2023 18:00,0,225,,,,,,,,,,,,,,,,,,
7/12/2023 17:45,,225,,,,,,,,,,,,,,,,,,
7/12/2023 17:30,,,,,,,,,,,,,,,,,,,,
7/12/2023 9:15,0,228,,,,,,,,,,,,,,,,,,
7/12/2023 9:00,0,228,,,,,,,,,,,,,,,,,,
7/12/2023 8:45,,229,,,,,,,,,,,,,,,,,,
7/12/2023 8:30,,,,,,,,,,,,,,,,,,,,
7/12/2023 8:15,0,229,,,,,,,,,,,,,,,,,,
7/12/2023 8:00,0,230,,,,,,,,,,,,,,,,,,
7/12/2023 7:45,,230,,,,,,,,,,,,,,,,,,
7/12/2023 7:30,,,,,,,,,,,,,,,,,,,,
7/12/2023 7:15,0,231,,,,,,,,,,,,,,,,,,
7/12/2023 7:00,0,231,,,,,,,,,,,,,,,,,,
7/12/2023 6:45,,231,,,,,,,,,,,,,,,,,,
7/12/2023 6:30,,,,,,,,,,,,,,,,,,,,
7/12/2023 6:15,0,232,,,,,,,,,,,,,,,,,,
7/12/2023 6:00,0,232,,,,,,,,,,,,,,,,,,
7/12/2023 5:45,,232,,,,,,,,,,,,,,,,,,
7/12/2023 5:30,,,,,,,,,,,,,,,,,,,,
7/12/2023 5:15,0,233,,,,,,,,,,,,,,,,,,
7/12/2023 5:00,0,233,,,,,,,,,,,,,,,,,,
7/12/2023 4:45,,233,,,,,,,,,,,,,,,,,,
7/12/2023 4:30,,,,,,,,,,,,,,,,,,,,
7/12/2023 4:15,0,234,,,,,,,,,,,,,,,,,,
7/12/2023 4:00,0,234,,,,,,,,,,,,,,,,,,
7/12/2023 3:45,,234,,,,,,,,,,,,,,,,,,
7/12/2023 3:30,,,,,,,,,,,,,,,,,,,,
7/12/2023 3:15,0,233,,,,,,,,,,,,,,,,,,
7/12/2023 3:00,0,232,,,,,,,,,,,,,,,,,,
7/12/2023 2:45,,232,,,,,,,,,,,,,,,,,,
7/12/2023 2:30,,,,,,,,,,,,,,,,,,,,
7/12/2023 2:15,0,231,,,,,,,,,,,,,,,,,,
7/12/2023 2:00,0,231,,,,,,,,,,,,,,,,,,
7/12/2023 1:45,,230,,,,,,,,,,,,,,,,,,
7/12/2023 1:30,,,,,,,,,,,,,,,,,,,,
7/12/2023 1:15,0,230,,,,,,,,,,,,,,,,,,
7/12/2023 1:00,0,229,,,,,,,,,,,,,,,,,,
7/12/2023 0:45,,229,,,,,,,,,,,,,,,,,,
7/12/2023 0:30,,,,,,,,,,,,,,,,,,,,
7/12/2023 0:15,0,228,,,,,,,,,,,,,,,,,,
7/12/2023 0:00,0.2,228,,,,,,,,,,,,,,,,,,
6/12/2023 23:45,,228,,,,,,,,,,,,,,,,,,
6/12/2023 23:30,,,,,,,,,,,,,,,,,,,,
6/12/2023 23:15,0.2,228,,,,,,,,,,,,,,,,,,
6/12/2023 23:00,0.4,228,,,,,,,,,,,,,,,,,,
6/12/2023 22:45,,227,,,,,,,,,,,,,,,,,,
6/12/2023 22:30,,,,,,,,,,,,,,,,,,,,
6/12/2023 22:15,0.2,227,,,,,,,,,,,,,,,,,,
6/12/2023 22:00,0.2,227,,,,,,,,,,,,,,,,,,
6/12/2023 21:45,,227,,,,,,,,,,,,,,,,,,
6/12/2023 21:30,,,,,,,,,,,,,,,,,,,,
6/12/2023 21:15,0,227,,,,,,,,,,,,,,,,,,
6/12/2023 21:00,0,227,,,,,,,,,,,,,,,,,,
6/12/2023 20:45,,227,,,,,,,,,,,,,,,,,,
6/12/2023 20:30,,,,,,,,,,,,,,,,,,,,
6/12/2023 20:15,0,228,,,,,,,,,,,,,,,,,,
6/12/2023 20:00,0,228,,,,,,,,,,,,,,,,,,
6/12/2023 19:45,,228,,,,,,,,,,,,,,,,,,
6/12/2023 19:30,,,,,,,,,,,,,,,,,,,,
6/12/2023 19:15,0,228,,,,,,,,,,,,,,,,,,
6/12/2023 19:00,0.2,229,,,,,,,,,,,,,,,,,,
6/12/2023 18:45,,229,,,,,,,,,,,,,,,,,,
6/12/2023 18:30,,,,,,,,,,,,,,,,,,,,
6/12/2023 18:15,0,229,,,,,,,,,,,,,,,,,,
6/12/2023 18:00,0,229,,,,,,,,,,,,,,,,,,
6/12/2023 17:45,,230,,,,,,,,,,,,,,,,,,
6/12/2023 17:30,,,,,,,,,,,,,,,,,,,,
6/12/2023 17:15,0.6,230,,,,,,,,,,,,,,,,,,
6/12/2023 17:00,0.2,231,,,,,,,,,,,,,,,,,,
6/12/2023 16:45,,231,,,,,,,,,,,,,,,,,,
6/12/2023 16:30,,,,,,,,,,,,,,,,,,,,
6/12/2023 16:15,0,231,,,,,,,,,,,,,,,,,,
6/12/2023 16:00,0,231,,,,,,,,,,,,,,,,,,
6/12/2023 15:45,,231,,,,,,,,,,,,,,,,,,
6/12/2023 15:30,,,,,,,,,,,,,,,,,,,,
6/12/2023 15:15,0,232,,,,,,,,,,,,,,,,,,
6/12/2023 15:00,0,232,,,,,,,,,,,,,,,,,,
6/12/2023 14:45,,232,,,,,,,,,,,,,,,,,,
6/12/2023 14:30,,,,,,,,,,,,,,,,,,,,
6/12/2023 12:15,0,237,,,,,,,,,,,,,,,,,,
6/12/2023 12:00,0,237,,,,,,,,,,,,,,,,,,
6/12/2023 11:45,,238,,,,,,,,,,,,,,,,,,
6/12/2023 11:30,,,,,,,,,,,,,,,,,,,,
6/12/2023 10:15,0,241,,,,,,,,,,,,,,,,,,
6/12/2023 10:00,0,242,,,,,,,,,,,,,,,,,,
6/12/2023 9:45,,242,,,,,,,,,,,,,,,,,,
6/12/2023 9:30,,,,,,,,,,,,,,,,,,,,
6/12/2023 9:15,0,244,,,,,,,,,,,,,,,,,,
6/12/2023 9:00,0,244,,,,,,,,,,,,,,,,,,
6/12/2023 8:45,,245,,,,,,,,,,,,,,,,,,
6/12/2023 8:30,,,,,,,,,,,,,,,,,,,,
6/12/2023 8:15,0,246,,,,,,,,,,,,,,,,,,
6/12/2023 8:00,0,247,,,,,,,,,,,,,,,,,,
6/12/2023 7:45,,248,,,,,,,,,,,,,,,,,,
6/12/2023 7:30,,,,,,,,,,,,,,,,,,,,
6/12/2023 7:15,0,249,,,,,,,,,,,,,,,,,,
6/12/2023 7:00,0,249,,,,,,,,,,,,,,,,,,
6/12/2023 6:45,,250,,,,,,,,,,,,,,,,,,
6/12/2023 6:30,,,,,,,,,,,,,,,,,,,,
6/12/2023 6:15,0,251,,,,,,,,,,,,,,,,,,
6/12/2023 6:00,0,252,,,,,,,,,,,,,,,,,,
6/12/2023 5:45,,252,,,,,,,,,,,,,,,,,,
6/12/2023 5:30,,,,,,,,,,,,,,,,,,,,
6/12/2023 5:15,0,254,,,,,,,,,,,,,,,,,,
6/12/2023 5:00,0,254,,,,,,,,,,,,,,,,,,
6/12/2023 4:45,,255,,,,,,,,,,,,,,,,,,
6/12/2023 4:30,,,,,,,,,,,,,,,,,,,,
6/12/2023 4:15,0,256,,,,,,,,,,,,,,,,,,
6/12/2023 4:00,0,256,,,,,,,,,,,,,,,,,,
6/12/2023 3:45,,257,,,,,,,,,,,,,,,,,,
6/12/2023 3:30,,,,,,,,,,,,,,,,,,,,
6/12/2023 3:15,0,258,,,,,,,,,,,,,,,,,,
6/12/2023 3:00,0,258,,,,,,,,,,,,,,,,,,
6/12/2023 2:45,,259,,,,,,,,,,,,,,,,,,
6/12/2023 2:30,,,,,,,,,,,,,,,,,,,,
6/12/2023 2:15,0,260,,,,,,,,,,,,,,,,,,
6/12/2023 2:00,0,260,,,,,,,,,,,,,,,,,,
6/12/2023 1:45,,261,,,,,,,,,,,,,,,,,,
6/12/2023 1:30,,,,,,,,,,,,,,,,,,,,
6/12/2023 1:15,0,261,,,,,,,,,,,,,,,,,,
6/12/2023 1:00,0,262,,,,,,,,,,,,,,,,,,
6/12/2023 0:45,,262,,,,,,,,,,,,,,,,,,
6/12/2023 0:30,,,,,,,,,,,,,,,,,,,,
6/12/2023 0:15,0,263,,,,,,,,,,,,,,,,,,
6/12/2023 0:00,0,264,,,,,,,,,,,,,,,,,,
5/12/2023 23:45,,264,,,,,,,,,,,,,,,,,,
5/12/2023 23:30,,,,,,,,,,,,,,,,,,,,
5/12/2023 23:15,0,265,,,,,,,,,,,,,,,,,,
5/12/2023 23:00,0,265,,,,,,,,,,,,,,,,,,
5/12/2023 22:45,,266,,,,,,,,,,,,,,,,,,
5/12/2023 22:30,,,,,,,,,,,,,,,,,,,,
5/12/2023 22:15,0,267,,,,,,,,,,,,,,,,,,
5/12/2023 22:00,0,267,,,,,,,,,,,,,,,,,,
5/12/2023 21:45,,268,,,,,,,,,,,,,,,,,,
5/12/2023 21:30,,,,,,,,,,,,,,,,,,,,
5/12/2023 21:15,0,269,,,,,,,,,,,,,,,,,,
5/12/2023 21:00,0,269,,,,,,,,,,,,,,,,,,
5/12/2023 20:45,,270,,,,,,,,,,,,,,,,,,
5/12/2023 20:30,,,,,,,,,,,,,,,,,,,,
5/12/2023 20:15,0,271,,,,,,,,,,,,,,,,,,
5/12/2023 20:00,0,271,,,,,,,,,,,,,,,,,,
5/12/2023 19:45,,272,,,,,,,,,,,,,,,,,,
5/12/2023 19:30,,,,,,,,,,,,,,,,,,,,
5/12/2023 19:15,0,272,,,,,,,,,,,,,,,,,,
5/12/2023 19:00,0,272,,,,,,,,,,,,,,,,,,
5/12/2023 18:45,,273,,,,,,,,,,,,,,,,,,
5/12/2023 18:30,,,,,,,,,,,,,,,,,,,,
5/12/2023 18:15,0,274,,,,,,,,,,,,,,,,,,
5/12/2023 18:00,0,274,,,,,,,,,,,,,,,,,,
5/12/2023 17:45,,274,,,,,,,,,,,,,,,,,,
5/12/2023 17:30,,,,,,,,,,,,,,,,,,,,
5/12/2023 17:15,0,275,,,,,,,,,,,,,,,,,,
5/12/2023 17:00,0,275,,,,,,,,,,,,,,,,,,
5/12/2023 16:45,,276,,,,,,,,,,,,,,,,,,
5/12/2023 16:30,,,,,,,,,,,,,,,,,,,,
5/12/2023 16:15,0,276,,,,,,,,,,,,,,,,,,
5/12/2023 16:00,0,276,,,,,,,,,,,,,,,,,,
5/12/2023 15:45,,276,,,,,,,,,,,,,,,,,,
5/12/2023 15:30,,,,,,,,,,,,,,,,,,,,
5/12/2023 15:15,0,276,,,,,,,,,,,,,,,,,,
5/12/2023 15:00,0,276,,,,,,,,,,,,,,,,,,
5/12/2023 14:45,,277,,,,,,,,,,,,,,,,,,
5/12/2023 14:30,,,,,,,,,,,,,,,,,,,,
5/12/2023 14:15,0,277,,,,,,,,,,,,,,,,,,
5/12/2023 14:00,0,277,,,,,,,,,,,,,,,,,,
5/12/2023 13:45,,277,,,,,,,,,,,,,,,,,,
5/12/2023 13:30,,,,,,,,,,,,,,,,,,,,
5/12/2023 13:15,0,277,,,,,,,,,,,,,,,,,,
5/12/2023 13:00,0,276,,,,,,,,,,,,,,,,,,
5/12/2023 12:45,,277,,,,,,,,,,,,,,,,,,
5/12/2023 12:30,,,,,,,,,,,,,,,,,,,,
5/12/2023 12:15,0,277,,,,,,,,,,,,,,,,,,
5/12/2023 12:00,0,277,,,,,,,,,,,,,,,,,,
5/12/2023 11:45,,277,,,,,,,,,,,,,,,,,,
5/12/2023 11:30,,,,,,,,,,,,,,,,,,,,
5/12/2023 11:15,0,277,,,,,,,,,,,,,,,,,,
5/12/2023 11:00,0,276,,,,,,,,,,,,,,,,,,
5/12/2023 10:45,,277,,,,,,,,,,,,,,,,,,
5/12/2023 10:30,,,,,,,,,,,,,,,,,,,,
5/12/2023 10:15,0,276,,,,,,,,,,,,,,,,,,
5/12/2023 10:00,0,276,,,,,,,,,,,,,,,,,,
5/12/2023 9:45,,276,,,,,,,,,,,,,,,,,,
5/12/2023 9:30,,,,,,,,,,,,,,,,,,,,
5/12/2023 9:15,0,276,,,,,,,,,,,,,,,,,,
5/12/2023 9:00,0,276,,,,,,,,,,,,,,,,,,
5/12/2023 8:45,,276,,,,,,,,,,,,,,,,,,
5/12/2023 8:30,,,,,,,,,,,,,,,,,,,,
5/12/2023 8:15,0,276,,,,,,,,,,,,,,,,,,
5/12/2023 8:00,0,276,,,,,,,,,,,,,,,,,,
5/12/2023 7:45,,276,,,,,,,,,,,,,,,,,,
5/12/2023 7:30,,,,,,,,,,,,,,,,,,,,
5/12/2023 7:15,0,276,,,,,,,,,,,,,,,,,,
5/12/2023 7:00,0,275,,,,,,,,,,,,,,,,,,
5/12/2023 6:45,,275,,,,,,,,,,,,,,,,,,
5/12/2023 6:30,,,,,,,,,,,,,,,,,,,,
5/12/2023 6:15,0,275,,,,,,,,,,,,,,,,,,
5/12/2023 6:00,0,275,,,,,,,,,,,,,,,,,,
5/12/2023 5:45,,275,,,,,,,,,,,,,,,,,,
5/12/2023 5:30,,,,,,,,,,,,,,,,,,,,
5/12/2023 5:15,0,274,,,,,,,,,,,,,,,,,,
5/12/2023 5:00,0,274,,,,,,,,,,,,,,,,,,
5/12/2023 4:45,,274,,,,,,,,,,,,,,,,,,
5/12/2023 4:30,,,,,,,,,,,,,,,,,,,,
5/12/2023 4:15,0,274,,,,,,,,,,,,,,,,,,
5/12/2023 4:00,0,274,,,,,,,,,,,,,,,,,,
5/12/2023 3:45,,274,,,,,,,,,,,,,,,,,,
5/12/2023 3:30,,,,,,,,,,,,,,,,,,,,
5/12/2023 3:15,0,273,,,,,,,,,,,,,,,,,,
5/12/2023 3:00,0,273,,,,,,,,,,,,,,,,,,
5/12/2023 2:45,,273,,,,,,,,,,,,,,,,,,
5/12/2023 2:30,,,,,,,,,,,,,,,,,,,,
5/12/2023 2:15,0,273,,,,,,,,,,,,,,,,,,
5/12/2023 2:00,0,273,,,,,,,,,,,,,,,,,,
5/12/2023 1:45,,273,,,,,,,,,,,,,,,,,,
5/12/2023 1:30,,,,,,,,,,,,,,,,,,,,
5/12/2023 1:15,0,272,,,,,,,,,,,,,,,,,,
5/12/2023 1:00,0,272,,,,,,,,,,,,,,,,,,
5/12/2023 0:45,,272,,,,,,,,,,,,,,,,,,
5/12/2023 0:30,,,,,,,,,,,,,,,,,,,,
5/12/2023 0:15,0,273,,,,,,,,,,,,,,,,,,
5/12/2023 0:00,0,273,,,,,,,,,,,,,,,,,,
4/12/2023 23:45,,273,,,,,,,,,,,,,,,,,,
4/12/2023 23:30,,,,,,,,,,,,,,,,,,,,
4/12/2023 23:15,0,274,,,,,,,,,,,,,,,,,,
4/12/2023 23:00,0,274,,,,,,,,,,,,,,,,,,
4/12/2023 22:45,,274,,,,,,,,,,,,,,,,,,
4/12/2023 22:30,,,,,,,,,,,,,,,,,,,,
4/12/2023 22:15,0,276,,,,,,,,,,,,,,,,,,
4/12/2023 22:00,0,276,,,,,,,,,,,,,,,,,,
4/12/2023 21:45,,276,,,,,,,,,,,,,,,,,,
4/12/2023 21:30,,,,,,,,,,,,,,,,,,,,
4/12/2023 20:15,0,277,,,,,,,,,,,,,,,,,,
4/12/2023 20:00,0,277,,,,,,,,,,,,,,,,,,
4/12/2023 19:45,,277,,,,,,,,,,,,,,,,,,
4/12/2023 19:30,,,,,,,,,,,,,,,,,,,,
4/12/2023 19:15,0,278,,,,,,,,,,,,,,,,,,
4/12/2023 19:00,0,278,,,,,,,,,,,,,,,,,,
4/12/2023 18:45,,278,,,,,,,,,,,,,,,,,,
4/12/2023 18:30,,,,,,,,,,,,,,,,,,,,
4/12/2023 18:15,0,278,,,,,,,,,,,,,,,,,,
