Data/Hora,Chuva Horária (mm),Nível adotado (cm),,,,,,,,,,,,,,,,,,
4/6/2024 18:00,0,317,,,,,,,,,,,,,,,,,,
4/6/2024 17:45,0,318,,,,,,,,,,,,,,,,,,
4/6/2024 17:30,0,318,,,,,,,,,,,,,,,,,,
4/6/2024 17:15,0,319,,,,,,,,,,,,,,,,,,
4/6/2024 17:00,0,320,,,,,,,,,,,,,,,,,,
4/6/2024 16:45,0,321,,,,,,,,,,,,,,,,,,
4/6/2024 16:30,0,322,,,,,,,,,,,,,,,,,,
4/6/2024 16:15,0,322,,,,,,,,,,,,,,,,,,
4/6/2024 16:00,0,323,,,,,,,,,,,,,,,,,,
4/6/2024 15:45,0,324,,,,,,,,,,,,,,,,,,
4/6/2024 15:30,0,325,,,,,,,,,,,,,,,,,,
4/6/2024 15:15,0,325,,,,,,,,,,,,,,,,,,
4/6/2024 15:00,0,327,,,,,,,,,,,,,,,,,,
4/6/2024 14:45,0,328,,,,,,,,,,,,,,,,,,
4/6/2024 14:30,0,328,,,,,,,,,,,,,,,,,,
4/6/2024 14:15,0,330,,,,,,,,,,,,,,,,,,
4/6/2024 14:00,0,331,,,,,,,,,,,,,,,,,,
4/6/2024 13:45,0,331,,,,,,,,,,,,,,,,,,
4/6/2024 13:30,0,332,,,,,,,,,,,,,,,,,,
4/6/2024 13:15,0,333,,,,,,,,,,,,,,,,,,
4/6/2024 13:00,0,334,,,,,,,,,,,,,,,,,,
4/6/2024 12:45,0,334,,,,,,,,,,,,,,,,,,
4/6/2024 12:30,0,336,,,,,,,,,,,,,,,,,,
4/6/2024 12:15,0,337,,,,,,,,,,,,,,,,,,
4/6/2024 12:00,0,338,,,,,,,,,,,,,,,,,,
4/6/2024 11:45,0,340,,,,,,,,,,,,,,,,,,
4/6/2024 11:30,0,341,,,,,,,,,,,,,,,,,,
4/6/2024 11:15,0,341,,,,,,,,,,,,,,,,,,
4/6/2024 11:00,0,342,,,,,,,,,,,,,,,,,,
4/6/2024 10:45,0,343,,,,,,,,,,,,,,,,,,
4/6/2024 10:30,0,345,,,,,,,,,,,,,,,,,,
4/6/2024 10:15,0,346,,,,,,,,,,,,,,,,,,
4/6/2024 10:00,0,347,,,,,,,,,,,,,,,,,,
4/6/2024 9:45,0,348,,,,,,,,,,,,,,,,,,
4/6/2024 9:30,0,349,,,,,,,,,,,,,,,,,,
4/6/2024 9:15,0,350,,,,,,,,,,,,,,,,,,
4/6/2024 9:00,0,351,,,,,,,,,,,,,,,,,,
4/6/2024 8:45,0,352,,,,,,,,,,,,,,,,,,
4/6/2024 8:30,0,353,,,,,,,,,,,,,,,,,,
4/6/2024 8:15,0,355,,,,,,,,,,,,,,,,,,
4/6/2024 8:00,0,355,,,,,,,,,,,,,,,,,,
4/6/2024 7:45,0,355,,,,,,,,,,,,,,,,,,
4/6/2024 7:30,0,357,,,,,,,,,,,,,,,,,,
4/6/2024 7:15,0,358,,,,,,,,,,,,,,,,,,
4/6/2024 7:00,0,358,,,,,,,,,,,,,,,,,,
4/6/2024 6:45,0,359,,,,,,,,,,,,,,,,,,
4/6/2024 6:30,0,360,,,,,,,,,,,,,,,,,,
4/6/2024 6:15,0,361,,,,,,,,,,,,,,,,,,
4/6/2024 6:00,0,360,,,,,,,,,,,,,,,,,,
4/6/2024 5:45,0,362,,,,,,,,,,,,,,,,,,
4/6/2024 5:30,0,363,,,,,,,,,,,,,,,,,,
4/6/2024 5:15,0,363,,,,,,,,,,,,,,,,,,
4/6/2024 5:00,0,364,,,,,,,,,,,,,,,,,,
4/6/2024 4:45,0,364,,,,,,,,,,,,,,,,,,
4/6/2024 4:30,0,365,,,,,,,,,,,,,,,,,,
4/6/2024 4:15,0,365,,,,,,,,,,,,,,,,,,
4/6/2024 4:00,0,365,,,,,,,,,,,,,,,,,,
4/6/2024 3:45,0,365,,,,,,,,,,,,,,,,,,
4/6/2024 3:30,0,366,,,,,,,,,,,,,,,,,,
4/6/2024 3:15,0,365,,,,,,,,,,,,,,,,,,
4/6/2024 3:00,0,366,,,,,,,,,,,,,,,,,,
4/6/2024 2:45,0,366,,,,,,,,,,,,,,,,,,
4/6/2024 2:30,0,366,,,,,,,,,,,,,,,,,,
4/6/2024 2:15,0,366,,,,,,,,,,,,,,,,,,
4/6/2024 2:00,0,366,,,,,,,,,,,,,,,,,,
4/6/2024 1:45,0,366,,,,,,,,,,,,,,,,,,
4/6/2024 1:30,0,366,,,,,,,,,,,,,,,,,,
4/6/2024 1:15,0,366,,,,,,,,,,,,,,,,,,
4/6/2024 1:00,0,367,,,,,,,,,,,,,,,,,,
4/6/2024 0:45,0,366,,,,,,,,,,,,,,,,,,
4/6/2024 0:30,0,367,,,,,,,,,,,,,,,,,,
4/6/2024 0:15,0,366,,,,,,,,,,,,,,,,,,
4/6/2024 0:00,0,366,,,,,,,,,,,,,,,,,,
3/6/2024 23:45,0,367,,,,,,,,,,,,,,,,,,
3/6/2024 23:30,0,366,,,,,,,,,,,,,,,,,,
3/6/2024 23:15,0,366,,,,,,,,,,,,,,,,,,
3/6/2024 23:00,0,366,,,,,,,,,,,,,,,,,,
3/6/2024 22:45,0,365,,,,,,,,,,,,,,,,,,
3/6/2024 22:30,0,365,,,,,,,,,,,,,,,,,,
3/6/2024 22:15,0,365,,,,,,,,,,,,,,,,,,
3/6/2024 22:00,0,364,,,,,,,,,,,,,,,,,,
3/6/2024 21:45,0,363,,,,,,,,,,,,,,,,,,
3/6/2024 21:30,0,363,,,,,,,,,,,,,,,,,,
3/6/2024 21:15,0,362,,,,,,,,,,,,,,,,,,
3/6/2024 21:00,0,361,,,,,,,,,,,,,,,,,,
3/6/2024 20:45,0,361,,,,,,,,,,,,,,,,,,
3/6/2024 20:30,0,360,,,,,,,,,,,,,,,,,,
3/6/2024 20:15,0,359,,,,,,,,,,,,,,,,,,
3/6/2024 20:00,0,358,,,,,,,,,,,,,,,,,,
3/6/2024 19:45,0,357,,,,,,,,,,,,,,,,,,
3/6/2024 19:30,0,356,,,,,,,,,,,,,,,,,,
3/6/2024 19:15,0,355,,,,,,,,,,,,,,,,,,
3/6/2024 19:00,0,353,,,,,,,,,,,,,,,,,,
3/6/2024 18:45,0,352,,,,,,,,,,,,,,,,,,
3/6/2024 18:30,0,350,,,,,,,,,,,,,,,,,,
3/6/2024 18:15,0,348,,,,,,,,,,,,,,,,,,
3/6/2024 18:00,0,346,,,,,,,,,,,,,,,,,,
3/6/2024 17:45,0,345,,,,,,,,,,,,,,,,,,
3/6/2024 17:30,0,342,,,,,,,,,,,,,,,,,,
3/6/2024 17:15,0,340,,,,,,,,,,,,,,,,,,
3/6/2024 17:00,0,338,,,,,,,,,,,,,,,,,,
3/6/2024 16:45,0,335,,,,,,,,,,,,,,,,,,
3/6/2024 16:30,0,333,,,,,,,,,,,,,,,,,,
3/6/2024 16:15,0,330,,,,,,,,,,,,,,,,,,
3/6/2024 16:00,0,328,,,,,,,,,,,,,,,,,,
3/6/2024 15:45,0,326,,,,,,,,,,,,,,,,,,
3/6/2024 15:30,0,323,,,,,,,,,,,,,,,,,,
3/6/2024 15:15,0,321,,,,,,,,,,,,,,,,,,
3/6/2024 15:00,0,319,,,,,,,,,,,,,,,,,,
3/6/2024 14:45,0,316,,,,,,,,,,,,,,,,,,
3/6/2024 14:30,0,314,,,,,,,,,,,,,,,,,,
3/6/2024 14:15,0,312,,,,,,,,,,,,,,,,,,
3/6/2024 14:00,0,310,,,,,,,,,,,,,,,,,,
3/6/2024 13:45,0,309,,,,,,,,,,,,,,,,,,
3/6/2024 13:30,0,306,,,,,,,,,,,,,,,,,,
3/6/2024 13:15,0,305,,,,,,,,,,,,,,,,,,
3/6/2024 13:00,0,304,,,,,,,,,,,,,,,,,,
3/6/2024 12:45,0.2,302,,,,,,,,,,,,,,,,,,
3/6/2024 12:30,0,301,,,,,,,,,,,,,,,,,,
3/6/2024 12:15,0,299,,,,,,,,,,,,,,,,,,
3/6/2024 12:00,0,298,,,,,,,,,,,,,,,,,,
3/6/2024 11:45,0.4,297,,,,,,,,,,,,,,,,,,
3/6/2024 11:30,0.4,296,,,,,,,,,,,,,,,,,,
3/6/2024 11:15,0.4,294,,,,,,,,,,,,,,,,,,
3/6/2024 11:00,0.6,294,,,,,,,,,,,,,,,,,,
3/6/2024 10:45,0.8,293,,,,,,,,,,,,,,,,,,
3/6/2024 10:30,1.4,293,,,,,,,,,,,,,,,,,,
3/6/2024 10:15,1.2,292,,,,,,,,,,,,,,,,,,
3/6/2024 10:00,1,292,,,,,,,,,,,,,,,,,,
3/6/2024 9:45,0.6,292,,,,,,,,,,,,,,,,,,
3/6/2024 9:30,1.6,292,,,,,,,,,,,,,,,,,,
3/6/2024 9:15,3.4,292,,,,,,,,,,,,,,,,,,
3/6/2024 9:00,1.8,292,,,,,,,,,,,,,,,,,,
3/6/2024 8:45,0.6,292,,,,,,,,,,,,,,,,,,
3/6/2024 8:30,0,292,,,,,,,,,,,,,,,,,,
3/6/2024 8:15,0.4,293,,,,,,,,,,,,,,,,,,
3/6/2024 8:00,0.8,293,,,,,,,,,,,,,,,,,,
3/6/2024 7:45,0.2,293,,,,,,,,,,,,,,,,,,
3/6/2024 7:30,0,293,,,,,,,,,,,,,,,,,,
3/6/2024 7:15,0,294,,,,,,,,,,,,,,,,,,
3/6/2024 7:00,0,294,,,,,,,,,,,,,,,,,,
3/6/2024 6:45,0,294,,,,,,,,,,,,,,,,,,
3/6/2024 6:30,0,294,,,,,,,,,,,,,,,,,,
3/6/2024 6:15,0,295,,,,,,,,,,,,,,,,,,
3/6/2024 6:00,0,296,,,,,,,,,,,,,,,,,,
3/6/2024 5:45,0,296,,,,,,,,,,,,,,,,,,
3/6/2024 5:30,0.2,296,,,,,,,,,,,,,,,,,,
3/6/2024 5:15,0,297,,,,,,,,,,,,,,,,,,
3/6/2024 5:00,0,297,,,,,,,,,,,,,,,,,,
3/6/2024 4:45,0,298,,,,,,,,,,,,,,,,,,
3/6/2024 4:30,0,298,,,,,,,,,,,,,,,,,,
3/6/2024 4:15,0,298,,,,,,,,,,,,,,,,,,
3/6/2024 4:00,0,299,,,,,,,,,,,,,,,,,,
3/6/2024 3:45,0,299,,,,,,,,,,,,,,,,,,
3/6/2024 3:30,0,300,,,,,,,,,,,,,,,,,,
3/6/2024 3:15,0,300,,,,,,,,,,,,,,,,,,
3/6/2024 3:00,0,301,,,,,,,,,,,,,,,,,,
3/6/2024 2:45,0,301,,,,,,,,,,,,,,,,,,
3/6/2024 2:30,0,301,,,,,,,,,,,,,,,,,,
3/6/2024 2:15,0,301,,,,,,,,,,,,,,,,,,
3/6/2024 2:00,0,302,,,,,,,,,,,,,,,,,,
3/6/2024 1:45,0,303,,,,,,,,,,,,,,,,,,
3/6/2024 1:30,0,303,,,,,,,,,,,,,,,,,,
3/6/2024 1:15,0,303,,,,,,,,,,,,,,,,,,
3/6/2024 1:00,0,304,,,,,,,,,,,,,,,,,,
3/6/2024 0:45,0,304,,,,,,,,,,,,,,,,,,
3/6/2024 0:30,0,305,,,,,,,,,,,,,,,,,,
3/6/2024 0:15,0,305,,,,,,,,,,,,,,,,,,
3/6/2024 0:00,0,305,,,,,,,,,,,,,,,,,,
2/6/2024 23:45,0,306,,,,,,,,,,,,,,,,,,
2/6/2024 23:30,0,306,,,,,,,,,,,,,,,,,,
2/6/2024 23:15,0,307,,,,,,,,,,,,,,,,,,
2/6/2024 23:00,0,307,,,,,,,,,,,,,,,,,,
2/6/2024 22:45,0,308,,,,,,,,,,,,,,,,,,
2/6/2024 22:30,0,308,,,,,,,,,,,,,,,,,,
2/6/2024 22:15,0,308,,,,,,,,,,,,,,,,,,
2/6/2024 22:00,0,309,,,,,,,,,,,,,,,,,,
2/6/2024 21:45,0,309,,,,,,,,,,,,,,,,,,
2/6/2024 21:30,0,309,,,,,,,,,,,,,,,,,,
2/6/2024 21:15,0,310,,,,,,,,,,,,,,,,,,
2/6/2024 21:00,0,310,,,,,,,,,,,,,,,,,,
2/6/2024 20:45,0,311,,,,,,,,,,,,,,,,,,
2/6/2024 20:30,0,311,,,,,,,,,,,,,,,,,,
2/6/2024 20:15,0,311,,,,,,,,,,,,,,,,,,
2/6/2024 20:00,0,312,,,,,,,,,,,,,,,,,,
2/6/2024 19:45,0,312,,,,,,,,,,,,,,,,,,
2/6/2024 19:30,0,313,,,,,,,,,,,,,,,,,,
2/6/2024 19:15,0,313,,,,,,,,,,,,,,,,,,
2/6/2024 19:00,0,313,,,,,,,,,,,,,,,,,,
2/6/2024 18:45,0,314,,,,,,,,,,,,,,,,,,
2/6/2024 18:30,0,314,,,,,,,,,,,,,,,,,,
2/6/2024 18:15,0,314,,,,,,,,,,,,,,,,,,
2/6/2024 18:00,0,315,,,,,,,,,,,,,,,,,,
2/6/2024 17:45,0,315,,,,,,,,,,,,,,,,,,
2/6/2024 17:30,0,315,,,,,,,,,,,,,,,,,,
2/6/2024 17:15,0,316,,,,,,,,,,,,,,,,,,
2/6/2024 17:00,0,316,,,,,,,,,,,,,,,,,,
2/6/2024 16:45,0,316,,,,,,,,,,,,,,,,,,
2/6/2024 16:30,0,317,,,,,,,,,,,,,,,,,,
2/6/2024 16:15,0,318,,,,,,,,,,,,,,,,,,
2/6/2024 16:00,0,318,,,,,,,,,,,,,,,,,,
2/6/2024 15:45,0,318,,,,,,,,,,,,,,,,,,
2/6/2024 15:30,0,319,,,,,,,,,,,,,,,,,,
2/6/2024 15:15,0,318,,,,,,,,,,,,,,,,,,
2/6/2024 15:00,0,319,,,,,,,,,,,,,,,,,,
2/6/2024 14:45,0,319,,,,,,,,,,,,,,,,,,
2/6/2024 14:30,0,320,,,,,,,,,,,,,,,,,,
2/6/2024 14:15,0,320,,,,,,,,,,,,,,,,,,
2/6/2024 14:00,0,321,,,,,,,,,,,,,,,,,,
2/6/2024 13:45,0,321,,,,,,,,,,,,,,,,,,
2/6/2024 13:30,0,322,,,,,,,,,,,,,,,,,,
2/6/2024 13:15,0,322,,,,,,,,,,,,,,,,,,
2/6/2024 13:00,0,322,,,,,,,,,,,,,,,,,,
2/6/2024 12:45,0,322,,,,,,,,,,,,,,,,,,
2/6/2024 12:30,0,323,,,,,,,,,,,,,,,,,,
2/6/2024 12:15,0,323,,,,,,,,,,,,,,,,,,
2/6/2024 12:00,0,324,,,,,,,,,,,,,,,,,,
2/6/2024 11:45,0,324,,,,,,,,,,,,,,,,,,
2/6/2024 11:30,0,325,,,,,,,,,,,,,,,,,,
2/6/2024 11:15,0,325,,,,,,,,,,,,,,,,,,
2/6/2024 11:00,0,325,,,,,,,,,,,,,,,,,,
2/6/2024 10:45,0,326,,,,,,,,,,,,,,,,,,
2/6/2024 10:30,0,327,,,,,,,,,,,,,,,,,,
2/6/2024 10:15,0,327,,,,,,,,,,,,,,,,,,
2/6/2024 10:00,0,327,,,,,,,,,,,,,,,,,,
2/6/2024 9:45,0,328,,,,,,,,,,,,,,,,,,
2/6/2024 9:30,0,328,,,,,,,,,,,,,,,,,,
2/6/2024 9:15,0,328,,,,,,,,,,,,,,,,,,
2/6/2024 9:00,0,329,,,,,,,,,,,,,,,,,,
2/6/2024 8:45,0,330,,,,,,,,,,,,,,,,,,
2/6/2024 8:30,0,330,,,,,,,,,,,,,,,,,,
2/6/2024 8:15,0,331,,,,,,,,,,,,,,,,,,
2/6/2024 8:00,0,331,,,,,,,,,,,,,,,,,,
2/6/2024 7:45,0,332,,,,,,,,,,,,,,,,,,
2/6/2024 7:30,0,332,,,,,,,,,,,,,,,,,,
2/6/2024 7:15,0,333,,,,,,,,,,,,,,,,,,
2/6/2024 7:00,0,333,,,,,,,,,,,,,,,,,,
2/6/2024 6:45,0,334,,,,,,,,,,,,,,,,,,
2/6/2024 6:30,0,334,,,,,,,,,,,,,,,,,,
2/6/2024 6:15,0,335,,,,,,,,,,,,,,,,,,
2/6/2024 6:00,0,335,,,,,,,,,,,,,,,,,,
2/6/2024 5:45,0,336,,,,,,,,,,,,,,,,,,
2/6/2024 5:30,0,336,,,,,,,,,,,,,,,,,,
2/6/2024 5:15,0,337,,,,,,,,,,,,,,,,,,
2/6/2024 5:00,0,338,,,,,,,,,,,,,,,,,,
2/6/2024 4:45,0,338,,,,,,,,,,,,,,,,,,
2/6/2024 4:30,0,339,,,,,,,,,,,,,,,,,,
2/6/2024 4:15,0,339,,,,,,,,,,,,,,,,,,
2/6/2024 4:00,0,340,,,,,,,,,,,,,,,,,,
2/6/2024 3:45,0,340,,,,,,,,,,,,,,,,,,
2/6/2024 3:30,0,341,,,,,,,,,,,,,,,,,,
2/6/2024 3:15,0,341,,,,,,,,,,,,,,,,,,
2/6/2024 3:00,0,342,,,,,,,,,,,,,,,,,,
2/6/2024 2:45,0,343,,,,,,,,,,,,,,,,,,
2/6/2024 2:30,0,343,,,,,,,,,,,,,,,,,,
2/6/2024 2:15,0,344,,,,,,,,,,,,,,,,,,
2/6/2024 2:00,0,344,,,,,,,,,,,,,,,,,,
2/6/2024 1:45,0,345,,,,,,,,,,,,,,,,,,
2/6/2024 1:30,0,345,,,,,,,,,,,,,,,,,,
2/6/2024 1:15,0,345,,,,,,,,,,,,,,,,,,
2/6/2024 1:00,0,346,,,,,,,,,,,,,,,,,,
2/6/2024 0:45,0,347,,,,,,,,,,,,,,,,,,
2/6/2024 0:30,0,348,,,,,,,,,,,,,,,,,,
2/6/2024 0:15,0,348,,,,,,,,,,,,,,,,,,
2/6/2024 0:00,0,348,,,,,,,,,,,,,,,,,,
1/6/2024 23:45,0,349,,,,,,,,,,,,,,,,,,
1/6/2024 23:30,0,350,,,,,,,,,,,,,,,,,,
1/6/2024 23:15,0,351,,,,,,,,,,,,,,,,,,
1/6/2024 23:00,0,351,,,,,,,,,,,,,,,,,,
1/6/2024 22:45,0,351,,,,,,,,,,,,,,,,,,
1/6/2024 22:30,0,352,,,,,,,,,,,,,,,,,,
1/6/2024 22:15,0,352,,,,,,,,,,,,,,,,,,
1/6/2024 22:00,0,353,,,,,,,,,,,,,,,,,,
1/6/2024 21:45,0,353,,,,,,,,,,,,,,,,,,
1/6/2024 21:30,0,354,,,,,,,,,,,,,,,,,,
1/6/2024 21:15,0,354,,,,,,,,,,,,,,,,,,
1/6/2024 21:00,0,355,,,,,,,,,,,,,,,,,,
1/6/2024 20:45,0,356,,,,,,,,,,,,,,,,,,
1/6/2024 20:30,0,356,,,,,,,,,,,,,,,,,,
1/6/2024 20:15,0,356,,,,,,,,,,,,,,,,,,
1/6/2024 20:00,0,357,,,,,,,,,,,,,,,,,,
1/6/2024 19:45,0,358,,,,,,,,,,,,,,,,,,
1/6/2024 19:30,0,359,,,,,,,,,,,,,,,,,,
1/6/2024 19:15,0,359,,,,,,,,,,,,,,,,,,
1/6/2024 19:00,0,359,,,,,,,,,,,,,,,,,,
1/6/2024 18:45,0,360,,,,,,,,,,,,,,,,,,
1/6/2024 18:30,0,360,,,,,,,,,,,,,,,,,,
1/6/2024 18:15,0,361,,,,,,,,,,,,,,,,,,
1/6/2024 18:00,0,361,,,,,,,,,,,,,,,,,,
1/6/2024 17:45,0,362,,,,,,,,,,,,,,,,,,
1/6/2024 17:30,0,362,,,,,,,,,,,,,,,,,,
1/6/2024 17:15,0,363,,,,,,,,,,,,,,,,,,
1/6/2024 17:00,0,363,,,,,,,,,,,,,,,,,,
1/6/2024 16:45,0,364,,,,,,,,,,,,,,,,,,
1/6/2024 16:30,0,365,,,,,,,,,,,,,,,,,,
1/6/2024 16:15,0,365,,,,,,,,,,,,,,,,,,
1/6/2024 16:00,0,366,,,,,,,,,,,,,,,,,,
1/6/2024 15:45,0,366,,,,,,,,,,,,,,,,,,
1/6/2024 15:30,0,367,,,,,,,,,,,,,,,,,,
1/6/2024 15:15,0,368,,,,,,,,,,,,,,,,,,
1/6/2024 15:00,0,368,,,,,,,,,,,,,,,,,,
1/6/2024 14:45,0,369,,,,,,,,,,,,,,,,,,
1/6/2024 14:30,0,369,,,,,,,,,,,,,,,,,,
1/6/2024 14:15,0,370,,,,,,,,,,,,,,,,,,
1/6/2024 14:00,0,371,,,,,,,,,,,,,,,,,,
1/6/2024 13:45,0,370,,,,,,,,,,,,,,,,,,
1/6/2024 13:30,0,372,,,,,,,,,,,,,,,,,,
1/6/2024 13:15,0,372,,,,,,,,,,,,,,,,,,
1/6/2024 13:00,0,373,,,,,,,,,,,,,,,,,,
1/6/2024 12:45,0,373,,,,,,,,,,,,,,,,,,
1/6/2024 12:30,0,374,,,,,,,,,,,,,,,,,,
1/6/2024 12:15,0,375,,,,,,,,,,,,,,,,,,
1/6/2024 12:00,0,375,,,,,,,,,,,,,,,,,,
1/6/2024 11:45,0,376,,,,,,,,,,,,,,,,,,
1/6/2024 11:30,0,376,,,,,,,,,,,,,,,,,,
1/6/2024 11:15,0,376,,,,,,,,,,,,,,,,,,
1/6/2024 11:00,0,378,,,,,,,,,,,,,,,,,,
1/6/2024 10:45,0,378,,,,,,,,,,,,,,,,,,
1/6/2024 10:30,0,379,,,,,,,,,,,,,,,,,,
1/6/2024 10:15,0,380,,,,,,,,,,,,,,,,,,
1/6/2024 10:00,0,381,,,,,,,,,,,,,,,,,,
1/6/2024 9:45,0,382,,,,,,,,,,,,,,,,,,
1/6/2024 9:30,0,383,,,,,,,,,,,,,,,,,,
1/6/2024 9:15,0,383,,,,,,,,,,,,,,,,,,
1/6/2024 9:00,0,384,,,,,,,,,,,,,,,,,,
1/6/2024 8:45,0,384,,,,,,,,,,,,,,,,,,
1/6/2024 8:30,0,385,,,,,,,,,,,,,,,,,,
1/6/2024 8:15,0.2,386,,,,,,,,,,,,,,,,,,
1/6/2024 8:00,0,386,,,,,,,,,,,,,,,,,,
1/6/2024 7:45,0,387,,,,,,,,,,,,,,,,,,
1/6/2024 7:30,0,388,,,,,,,,,,,,,,,,,,
1/6/2024 7:15,0,389,,,,,,,,,,,,,,,,,,
1/6/2024 7:00,0,389,,,,,,,,,,,,,,,,,,
1/6/2024 6:45,0,390,,,,,,,,,,,,,,,,,,
1/6/2024 6:30,0,390,,,,,,,,,,,,,,,,,,
1/6/2024 6:15,0,392,,,,,,,,,,,,,,,,,,
1/6/2024 6:00,0,392,,,,,,,,,,,,,,,,,,
1/6/2024 5:45,0,393,,,,,,,,,,,,,,,,,,
1/6/2024 5:30,0,394,,,,,,,,,,,,,,,,,,
1/6/2024 5:15,0,394,,,,,,,,,,,,,,,,,,
1/6/2024 5:00,0,395,,,,,,,,,,,,,,,,,,
1/6/2024 4:45,0,396,,,,,,,,,,,,,,,,,,
1/6/2024 4:30,0,397,,,,,,,,,,,,,,,,,,
1/6/2024 4:15,0,397,,,,,,,,,,,,,,,,,,
1/6/2024 4:00,0,398,,,,,,,,,,,,,,,,,,
1/6/2024 3:45,0,399,,,,,,,,,,,,,,,,,,
1/6/2024 3:30,0,400,,,,,,,,,,,,,,,,,,
1/6/2024 3:15,0,401,,,,,,,,,,,,,,,,,,
1/6/2024 3:00,0,402,,,,,,,,,,,,,,,,,,
1/6/2024 2:45,0,403,,,,,,,,,,,,,,,,,,
1/6/2024 2:30,0,404,,,,,,,,,,,,,,,,,,
1/6/2024 2:15,0,404,,,,,,,,,,,,,,,,,,
1/6/2024 2:00,0,404,,,,,,,,,,,,,,,,,,
1/6/2024 1:45,0,406,,,,,,,,,,,,,,,,,,
1/6/2024 1:30,0,407,,,,,,,,,,,,,,,,,,
1/6/2024 1:15,0,408,,,,,,,,,,,,,,,,,,
1/6/2024 1:00,0,408,,,,,,,,,,,,,,,,,,
1/6/2024 0:45,0,409,,,,,,,,,,,,,,,,,,
1/6/2024 0:30,0,411,,,,,,,,,,,,,,,,,,
1/6/2024 0:15,0,410,,,,,,,,,,,,,,,,,,
1/6/2024 0:00,0,412,,,,,,,,,,,,,,,,,,
31/05/2024 23:45:00,0,413,,,,,,,,,,,,,,,,,,
31/05/2024 23:30:00,0.2,414,,,,,,,,,,,,,,,,,,
31/05/2024 23:15:00,0,414,,,,,,,,,,,,,,,,,,
31/05/2024 23:00:00,0,416,,,,,,,,,,,,,,,,,,
31/05/2024 22:45:00,0,416,,,,,,,,,,,,,,,,,,
31/05/2024 22:30:00,0,417,,,,,,,,,,,,,,,,,,
31/05/2024 22:15:00,0,418,,,,,,,,,,,,,,,,,,
31/05/2024 22:00:00,0,419,,,,,,,,,,,,,,,,,,
31/05/2024 21:45:00,0,420,,,,,,,,,,,,,,,,,,
31/05/2024 21:30:00,0,420,,,,,,,,,,,,,,,,,,
31/05/2024 21:15:00,0,422,,,,,,,,,,,,,,,,,,
31/05/2024 21:00:00,0,423,,,,,,,,,,,,,,,,,,
31/05/2024 20:45:00,0,424,,,,,,,,,,,,,,,,,,
31/05/2024 20:30:00,0,424,,,,,,,,,,,,,,,,,,
31/05/2024 20:15:00,0,425,,,,,,,,,,,,,,,,,,
31/05/2024 20:00:00,0,426,,,,,,,,,,,,,,,,,,
31/05/2024 19:45:00,0,427,,,,,,,,,,,,,,,,,,
31/05/2024 19:30:00,0,428,,,,,,,,,,,,,,,,,,
31/05/2024 19:15:00,0,429,,,,,,,,,,,,,,,,,,
31/05/2024 19:00:00,0,430,,,,,,,,,,,,,,,,,,
31/05/2024 18:45:00,0,431,,,,,,,,,,,,,,,,,,
31/05/2024 18:30:00,0,432,,,,,,,,,,,,,,,,,,
31/05/2024 18:15:00,0,433,,,,,,,,,,,,,,,,,,
31/05/2024 18:00:00,0,434,,,,,,,,,,,,,,,,,,
31/05/2024 17:45:00,0,434,,,,,,,,,,,,,,,,,,
31/05/2024 17:30:00,0,435,,,,,,,,,,,,,,,,,,
31/05/2024 17:15:00,0,436,,,,,,,,,,,,,,,,,,
31/05/2024 17:00:00,0,438,,,,,,,,,,,,,,,,,,
31/05/2024 16:45:00,0,439,,,,,,,,,,,,,,,,,,
31/05/2024 16:30:00,0,440,,,,,,,,,,,,,,,,,,
31/05/2024 16:15:00,0,440,,,,,,,,,,,,,,,,,,
31/05/2024 16:00:00,0,441,,,,,,,,,,,,,,,,,,
31/05/2024 15:45:00,0,443,,,,,,,,,,,,,,,,,,
31/05/2024 15:30:00,0,444,,,,,,,,,,,,,,,,,,
31/05/2024 15:15:00,0,445,,,,,,,,,,,,,,,,,,
31/05/2024 15:00:00,0,446,,,,,,,,,,,,,,,,,,
31/05/2024 14:45:00,0,446,,,,,,,,,,,,,,,,,,
31/05/2024 14:30:00,0,448,,,,,,,,,,,,,,,,,,
31/05/2024 14:15:00,0,450,,,,,,,,,,,,,,,,,,
31/05/2024 14:00:00,0,449,,,,,,,,,,,,,,,,,,
31/05/2024 13:45:00,0,451,,,,,,,,,,,,,,,,,,
31/05/2024 13:30:00,0,453,,,,,,,,,,,,,,,,,,
31/05/2024 13:15:00,0,453,,,,,,,,,,,,,,,,,,
31/05/2024 13:00:00,0,454,,,,,,,,,,,,,,,,,,
31/05/2024 12:45:00,0,456,,,,,,,,,,,,,,,,,,
31/05/2024 12:30:00,0,457,,,,,,,,,,,,,,,,,,
31/05/2024 12:15:00,0,458,,,,,,,,,,,,,,,,,,
31/05/2024 12:00:00,0,460,,,,,,,,,,,,,,,,,,
31/05/2024 11:45:00,0,459,,,,,,,,,,,,,,,,,,
31/05/2024 11:30:00,0,462,,,,,,,,,,,,,,,,,,
31/05/2024 11:15:00,0,463,,,,,,,,,,,,,,,,,,
31/05/2024 11:00:00,0,463,,,,,,,,,,,,,,,,,,
31/05/2024 10:45:00,0,464,,,,,,,,,,,,,,,,,,
31/05/2024 10:30:00,0,466,,,,,,,,,,,,,,,,,,
31/05/2024 10:15:00,0,467,,,,,,,,,,,,,,,,,,
31/05/2024 10:00:00,0,469,,,,,,,,,,,,,,,,,,
31/05/2024 09:45:00,0,469,,,,,,,,,,,,,,,,,,
31/05/2024 09:30:00,0,470,,,,,,,,,,,,,,,,,,
31/05/2024 09:15:00,0,471,,,,,,,,,,,,,,,,,,
31/05/2024 09:00:00,0,473,,,,,,,,,,,,,,,,,,
31/05/2024 08:45:00,0,474,,,,,,,,,,,,,,,,,,
31/05/2024 08:30:00,0,474,,,,,,,,,,,,,,,,,,
31/05/2024 08:15:00,0,476,,,,,,,,,,,,,,,,,,
31/05/2024 08:00:00,0,477,,,,,,,,,,,,,,,,,,
31/05/2024 07:45:00,0,478,,,,,,,,,,,,,,,,,,
31/05/2024 07:30:00,0,480,,,,,,,,,,,,,,,,,,
31/05/2024 07:15:00,0,481,,,,,,,,,,,,,,,,,,
31/05/2024 07:00:00,0,482,,,,,,,,,,,,,,,,,,
31/05/2024 06:45:00,0,484,,,,,,,,,,,,,,,,,,
31/05/2024 06:30:00,0,484,,,,,,,,,,,,,,,,,,
31/05/2024 06:15:00,0,486,,,,,,,,,,,,,,,,,,
31/05/2024 06:00:00,0,487,,,,,,,,,,,,,,,,,,
31/05/2024 05:45:00,0,489,,,,,,,,,,,,,,,,,,
31/05/2024 05:30:00,0,490,,,,,,,,,,,,,,,,,,
31/05/2024 05:15:00,0,491,,,,,,,,,,,,,,,,,,
31/05/2024 05:00:00,0,492,,,,,,,,,,,,,,,,,,
31/05/2024 04:45:00,0,493,,,,,,,,,,,,,,,,,,
31/05/2024 04:30:00,0,494,,,,,,,,,,,,,,,,,,
31/05/2024 04:15:00,0,496,,,,,,,,,,,,,,,,,,
31/05/2024 04:00:00,0,497,,,,,,,,,,,,,,,,,,
31/05/2024 03:45:00,0,499,,,,,,,,,,,,,,,,,,
31/05/2024 03:30:00,0,499,,,,,,,,,,,,,,,,,,
31/05/2024 03:15:00,0,501,,,,,,,,,,,,,,,,,,
31/05/2024 03:00:00,0.2,502,,,,,,,,,,,,,,,,,,
31/05/2024 02:45:00,0,503,,,,,,,,,,,,,,,,,,
31/05/2024 02:30:00,0,504,,,,,,,,,,,,,,,,,,
31/05/2024 02:15:00,0,506,,,,,,,,,,,,,,,,,,
31/05/2024 02:00:00,0,507,,,,,,,,,,,,,,,,,,
31/05/2024 01:45:00,0,508,,,,,,,,,,,,,,,,,,
31/05/2024 01:30:00,0,509,,,,,,,,,,,,,,,,,,
31/05/2024 01:15:00,0,511,,,,,,,,,,,,,,,,,,
31/05/2024 01:00:00,0,512,,,,,,,,,,,,,,,,,,
31/05/2024 00:45:00,0,513,,,,,,,,,,,,,,,,,,
31/05/2024 00:30:00,0,514,,,,,,,,,,,,,,,,,,
31/05/2024 00:15:00,0,515,,,,,,,,,,,,,,,,,,
31/05/2024 00:00:00,0,517,,,,,,,,,,,,,,,,,,
30/05/2024 23:45:00,0,518,,,,,,,,,,,,,,,,,,
30/05/2024 23:30:00,0,519,,,,,,,,,,,,,,,,,,
30/05/2024 23:15:00,0,520,,,,,,,,,,,,,,,,,,
30/05/2024 23:00:00,0,521,,,,,,,,,,,,,,,,,,
30/05/2024 22:45:00,0,523,,,,,,,,,,,,,,,,,,
30/05/2024 22:30:00,0,525,,,,,,,,,,,,,,,,,,
30/05/2024 22:15:00,0,525,,,,,,,,,,,,,,,,,,
30/05/2024 22:00:00,0,526,,,,,,,,,,,,,,,,,,
30/05/2024 21:45:00,0,528,,,,,,,,,,,,,,,,,,
30/05/2024 21:30:00,0,528,,,,,,,,,,,,,,,,,,
30/05/2024 21:15:00,0,529,,,,,,,,,,,,,,,,,,
30/05/2024 21:00:00,0,531,,,,,,,,,,,,,,,,,,
30/05/2024 20:45:00,0,533,,,,,,,,,,,,,,,,,,
30/05/2024 20:30:00,0,533,,,,,,,,,,,,,,,,,,
30/05/2024 20:15:00,0,534,,,,,,,,,,,,,,,,,,
30/05/2024 20:00:00,0,536,,,,,,,,,,,,,,,,,,
30/05/2024 19:45:00,0,536,,,,,,,,,,,,,,,,,,
30/05/2024 19:30:00,0,537,,,,,,,,,,,,,,,,,,
30/05/2024 19:15:00,0,539,,,,,,,,,,,,,,,,,,
30/05/2024 19:00:00,0,540,,,,,,,,,,,,,,,,,,
30/05/2024 18:45:00,0,542,,,,,,,,,,,,,,,,,,
30/05/2024 18:30:00,0,542,,,,,,,,,,,,,,,,,,
30/05/2024 18:15:00,0,543,,,,,,,,,,,,,,,,,,
30/05/2024 18:00:00,0,544,,,,,,,,,,,,,,,,,,
30/05/2024 17:45:00,0,545,,,,,,,,,,,,,,,,,,
30/05/2024 17:30:00,0,547,,,,,,,,,,,,,,,,,,
30/05/2024 17:15:00,0,548,,,,,,,,,,,,,,,,,,
30/05/2024 17:00:00,0,549,,,,,,,,,,,,,,,,,,
30/05/2024 16:45:00,0,549,,,,,,,,,,,,,,,,,,
30/05/2024 16:30:00,0,550,,,,,,,,,,,,,,,,,,
30/05/2024 16:15:00,0,552,,,,,,,,,,,,,,,,,,
30/05/2024 16:00:00,0,553,,,,,,,,,,,,,,,,,,
30/05/2024 15:45:00,0,554,,,,,,,,,,,,,,,,,,
30/05/2024 15:30:00,0,555,,,,,,,,,,,,,,,,,,
30/05/2024 15:15:00,0,556,,,,,,,,,,,,,,,,,,
30/05/2024 15:00:00,0,557,,,,,,,,,,,,,,,,,,
30/05/2024 14:45:00,0,558,,,,,,,,,,,,,,,,,,
30/05/2024 14:30:00,0,559,,,,,,,,,,,,,,,,,,
30/05/2024 14:15:00,0,560,,,,,,,,,,,,,,,,,,
30/05/2024 14:00:00,0,561,,,,,,,,,,,,,,,,,,
30/05/2024 13:45:00,0,562,,,,,,,,,,,,,,,,,,
30/05/2024 13:30:00,0,563,,,,,,,,,,,,,,,,,,
30/05/2024 13:15:00,0,564,,,,,,,,,,,,,,,,,,
30/05/2024 13:00:00,0,565,,,,,,,,,,,,,,,,,,
30/05/2024 12:45:00,0,565,,,,,,,,,,,,,,,,,,
30/05/2024 12:30:00,0,567,,,,,,,,,,,,,,,,,,
30/05/2024 12:15:00,0,568,,,,,,,,,,,,,,,,,,
30/05/2024 12:00:00,0,569,,,,,,,,,,,,,,,,,,
30/05/2024 11:45:00,0,569,,,,,,,,,,,,,,,,,,
30/05/2024 11:30:00,0,571,,,,,,,,,,,,,,,,,,
30/05/2024 11:15:00,0,572,,,,,,,,,,,,,,,,,,
30/05/2024 11:00:00,0,573,,,,,,,,,,,,,,,,,,
30/05/2024 10:45:00,0,573,,,,,,,,,,,,,,,,,,
30/05/2024 10:30:00,0,575,,,,,,,,,,,,,,,,,,
30/05/2024 10:15:00,0,576,,,,,,,,,,,,,,,,,,
30/05/2024 10:00:00,0,576,,,,,,,,,,,,,,,,,,
30/05/2024 09:45:00,0,578,,,,,,,,,,,,,,,,,,
30/05/2024 09:30:00,0,578,,,,,,,,,,,,,,,,,,
30/05/2024 09:15:00,0,579,,,,,,,,,,,,,,,,,,
30/05/2024 09:00:00,0,580,,,,,,,,,,,,,,,,,,
30/05/2024 08:45:00,0,581,,,,,,,,,,,,,,,,,,
30/05/2024 08:30:00,0,582,,,,,,,,,,,,,,,,,,
30/05/2024 08:15:00,0,582,,,,,,,,,,,,,,,,,,
30/05/2024 08:00:00,0,584,,,,,,,,,,,,,,,,,,
30/05/2024 07:45:00,0,585,,,,,,,,,,,,,,,,,,
30/05/2024 07:30:00,0,586,,,,,,,,,,,,,,,,,,
30/05/2024 07:15:00,0,586,,,,,,,,,,,,,,,,,,
30/05/2024 07:00:00,0,588,,,,,,,,,,,,,,,,,,
30/05/2024 06:45:00,0,588,,,,,,,,,,,,,,,,,,
30/05/2024 06:30:00,0,589,,,,,,,,,,,,,,,,,,
30/05/2024 06:15:00,0,590,,,,,,,,,,,,,,,,,,
30/05/2024 06:00:00,0,591,,,,,,,,,,,,,,,,,,
30/05/2024 05:45:00,0,592,,,,,,,,,,,,,,,,,,
30/05/2024 05:30:00,0,593,,,,,,,,,,,,,,,,,,
30/05/2024 05:15:00,0,594,,,,,,,,,,,,,,,,,,
30/05/2024 05:00:00,0,594,,,,,,,,,,,,,,,,,,
30/05/2024 04:45:00,0,595,,,,,,,,,,,,,,,,,,
30/05/2024 04:30:00,0,596,,,,,,,,,,,,,,,,,,
30/05/2024 04:15:00,0,597,,,,,,,,,,,,,,,,,,
30/05/2024 04:00:00,0,598,,,,,,,,,,,,,,,,,,
30/05/2024 03:45:00,0,599,,,,,,,,,,,,,,,,,,
30/05/2024 03:30:00,0.2,598,,,,,,,,,,,,,,,,,,
30/05/2024 03:15:00,0,599,,,,,,,,,,,,,,,,,,
30/05/2024 03:00:00,0,600,,,,,,,,,,,,,,,,,,
30/05/2024 02:45:00,0,600,,,,,,,,,,,,,,,,,,
30/05/2024 02:30:00,0,602,,,,,,,,,,,,,,,,,,
30/05/2024 02:15:00,0,602,,,,,,,,,,,,,,,,,,
30/05/2024 02:00:00,0,603,,,,,,,,,,,,,,,,,,
30/05/2024 01:45:00,0,604,,,,,,,,,,,,,,,,,,
30/05/2024 01:30:00,0,605,,,,,,,,,,,,,,,,,,
30/05/2024 01:15:00,0,606,,,,,,,,,,,,,,,,,,
30/05/2024 01:00:00,0,607,,,,,,,,,,,,,,,,,,
30/05/2024 00:45:00,0,607,,,,,,,,,,,,,,,,,,
30/05/2024 00:30:00,0,608,,,,,,,,,,,,,,,,,,
30/05/2024 00:15:00,0,608,,,,,,,,,,,,,,,,,,
30/05/2024 00:00:00,0,609,,,,,,,,,,,,,,,,,,
29/05/2024 23:45:00,0,610,,,,,,,,,,,,,,,,,,
29/05/2024 23:30:00,0,611,,,,,,,,,,,,,,,,,,
29/05/2024 23:15:00,0,612,,,,,,,,,,,,,,,,,,
29/05/2024 23:00:00,0,611,,,,,,,,,,,,,,,,,,
29/05/2024 22:45:00,0,612,,,,,,,,,,,,,,,,,,
29/05/2024 22:30:00,0,613,,,,,,,,,,,,,,,,,,
29/05/2024 22:15:00,0,614,,,,,,,,,,,,,,,,,,
29/05/2024 22:00:00,0,615,,,,,,,,,,,,,,,,,,
29/05/2024 21:45:00,0,616,,,,,,,,,,,,,,,,,,
29/05/2024 21:30:00,0,616,,,,,,,,,,,,,,,,,,
29/05/2024 21:15:00,0,615,,,,,,,,,,,,,,,,,,
29/05/2024 21:00:00,0,617,,,,,,,,,,,,,,,,,,
29/05/2024 20:45:00,0,618,,,,,,,,,,,,,,,,,,
29/05/2024 20:30:00,0,618,,,,,,,,,,,,,,,,,,
29/05/2024 20:15:00,0,619,,,,,,,,,,,,,,,,,,
29/05/2024 20:00:00,0,619,,,,,,,,,,,,,,,,,,
29/05/2024 19:45:00,0,621,,,,,,,,,,,,,,,,,,
29/05/2024 19:30:00,0,621,,,,,,,,,,,,,,,,,,
29/05/2024 19:15:00,0,621,,,,,,,,,,,,,,,,,,
29/05/2024 19:00:00,0,622,,,,,,,,,,,,,,,,,,
29/05/2024 18:45:00,0,622,,,,,,,,,,,,,,,,,,
29/05/2024 18:30:00,0,623,,,,,,,,,,,,,,,,,,
29/05/2024 18:15:00,0,624,,,,,,,,,,,,,,,,,,
29/05/2024 18:00:00,0,624,,,,,,,,,,,,,,,,,,
29/05/2024 17:45:00,0,625,,,,,,,,,,,,,,,,,,
29/05/2024 17:30:00,0,626,,,,,,,,,,,,,,,,,,
29/05/2024 17:15:00,0,626,,,,,,,,,,,,,,,,,,
29/05/2024 17:00:00,0,627,,,,,,,,,,,,,,,,,,
29/05/2024 16:45:00,0,627,,,,,,,,,,,,,,,,,,
29/05/2024 16:30:00,0,628,,,,,,,,,,,,,,,,,,
29/05/2024 16:15:00,0,628,,,,,,,,,,,,,,,,,,
29/05/2024 16:00:00,0,629,,,,,,,,,,,,,,,,,,
29/05/2024 15:45:00,0,629,,,,,,,,,,,,,,,,,,
29/05/2024 15:30:00,0,630,,,,,,,,,,,,,,,,,,
29/05/2024 15:15:00,0,630,,,,,,,,,,,,,,,,,,
29/05/2024 15:00:00,0,631,,,,,,,,,,,,,,,,,,
29/05/2024 14:45:00,0,631,,,,,,,,,,,,,,,,,,
29/05/2024 14:30:00,0,631,,,,,,,,,,,,,,,,,,
29/05/2024 14:15:00,0,632,,,,,,,,,,,,,,,,,,
29/05/2024 14:00:00,0,633,,,,,,,,,,,,,,,,,,
29/05/2024 13:45:00,0,634,,,,,,,,,,,,,,,,,,
29/05/2024 13:30:00,0,634,,,,,,,,,,,,,,,,,,
29/05/2024 13:15:00,0,634,,,,,,,,,,,,,,,,,,
29/05/2024 13:00:00,0,635,,,,,,,,,,,,,,,,,,
29/05/2024 12:45:00,0,636,,,,,,,,,,,,,,,,,,
29/05/2024 12:30:00,0,635,,,,,,,,,,,,,,,,,,
29/05/2024 12:15:00,0,637,,,,,,,,,,,,,,,,,,
29/05/2024 12:00:00,0,638,,,,,,,,,,,,,,,,,,
29/05/2024 11:45:00,0,638,,,,,,,,,,,,,,,,,,
29/05/2024 11:30:00,0,638,,,,,,,,,,,,,,,,,,
29/05/2024 11:15:00,0,638,,,,,,,,,,,,,,,,,,
29/05/2024 11:00:00,0,640,,,,,,,,,,,,,,,,,,
29/05/2024 10:45:00,0,640,,,,,,,,,,,,,,,,,,
29/05/2024 10:30:00,0,640,,,,,,,,,,,,,,,,,,
29/05/2024 10:15:00,0,642,,,,,,,,,,,,,,,,,,
29/05/2024 10:00:00,0,641,,,,,,,,,,,,,,,,,,
29/05/2024 09:45:00,0,642,,,,,,,,,,,,,,,,,,
29/05/2024 09:30:00,0,642,,,,,,,,,,,,,,,,,,
29/05/2024 09:15:00,0,644,,,,,,,,,,,,,,,,,,
29/05/2024 09:00:00,0,644,,,,,,,,,,,,,,,,,,
29/05/2024 08:45:00,0,645,,,,,,,,,,,,,,,,,,
29/05/2024 08:30:00,0,645,,,,,,,,,,,,,,,,,,
29/05/2024 08:15:00,0,645,,,,,,,,,,,,,,,,,,
29/05/2024 08:00:00,0,645,,,,,,,,,,,,,,,,,,
29/05/2024 07:45:00,0,647,,,,,,,,,,,,,,,,,,
29/05/2024 07:30:00,0,647,,,,,,,,,,,,,,,,,,
29/05/2024 07:15:00,0,647,,,,,,,,,,,,,,,,,,
29/05/2024 07:00:00,0,648,,,,,,,,,,,,,,,,,,
29/05/2024 06:45:00,0,649,,,,,,,,,,,,,,,,,,
29/05/2024 06:30:00,0,649,,,,,,,,,,,,,,,,,,
29/05/2024 06:15:00,0,650,,,,,,,,,,,,,,,,,,
29/05/2024 06:00:00,0,651,,,,,,,,,,,,,,,,,,
29/05/2024 05:45:00,0,650,,,,,,,,,,,,,,,,,,
29/05/2024 05:30:00,0,650,,,,,,,,,,,,,,,,,,
29/05/2024 05:15:00,0,651,,,,,,,,,,,,,,,,,,
29/05/2024 05:00:00,0,652,,,,,,,,,,,,,,,,,,
29/05/2024 04:45:00,0,652,,,,,,,,,,,,,,,,,,
29/05/2024 04:30:00,0,653,,,,,,,,,,,,,,,,,,
29/05/2024 04:15:00,0,655,,,,,,,,,,,,,,,,,,
29/05/2024 04:00:00,0,655,,,,,,,,,,,,,,,,,,
29/05/2024 03:45:00,0,655,,,,,,,,,,,,,,,,,,
29/05/2024 03:30:00,0,654,,,,,,,,,,,,,,,,,,
29/05/2024 03:15:00,0,656,,,,,,,,,,,,,,,,,,
29/05/2024 03:00:00,0,655,,,,,,,,,,,,,,,,,,
29/05/2024 02:45:00,0,657,,,,,,,,,,,,,,,,,,
29/05/2024 02:30:00,0,657,,,,,,,,,,,,,,,,,,
29/05/2024 02:15:00,0,657,,,,,,,,,,,,,,,,,,
29/05/2024 02:00:00,0,657,,,,,,,,,,,,,,,,,,
29/05/2024 01:45:00,0,658,,,,,,,,,,,,,,,,,,
29/05/2024 01:30:00,0,658,,,,,,,,,,,,,,,,,,
29/05/2024 01:15:00,0.2,658,,,,,,,,,,,,,,,,,,
29/05/2024 01:00:00,0,659,,,,,,,,,,,,,,,,,,
29/05/2024 00:45:00,0,659,,,,,,,,,,,,,,,,,,
29/05/2024 00:30:00,0,659,,,,,,,,,,,,,,,,,,
29/05/2024 00:15:00,0,660,,,,,,,,,,,,,,,,,,
29/05/2024 00:00:00,0,660,,,,,,,,,,,,,,,,,,
28/05/2024 23:45:00,0.2,659,,,,,,,,,,,,,,,,,,
28/05/2024 23:30:00,0,661,,,,,,,,,,,,,,,,,,
28/05/2024 23:15:00,0,661,,,,,,,,,,,,,,,,,,
28/05/2024 23:00:00,0,661,,,,,,,,,,,,,,,,,,
28/05/2024 22:45:00,0,661,,,,,,,,,,,,,,,,,,
28/05/2024 22:30:00,0,661,,,,,,,,,,,,,,,,,,
28/05/2024 22:15:00,0,660,,,,,,,,,,,,,,,,,,
28/05/2024 22:00:00,0,661,,,,,,,,,,,,,,,,,,
28/05/2024 21:45:00,0,662,,,,,,,,,,,,,,,,,,
28/05/2024 21:30:00,0,662,,,,,,,,,,,,,,,,,,
28/05/2024 21:15:00,0,662,,,,,,,,,,,,,,,,,,
28/05/2024 21:00:00,0,663,,,,,,,,,,,,,,,,,,
28/05/2024 20:45:00,0,663,,,,,,,,,,,,,,,,,,
28/05/2024 20:30:00,0,663,,,,,,,,,,,,,,,,,,
28/05/2024 20:15:00,0,663,,,,,,,,,,,,,,,,,,
28/05/2024 20:00:00,0,663,,,,,,,,,,,,,,,,,,
28/05/2024 19:45:00,0,663,,,,,,,,,,,,,,,,,,
28/05/2024 19:30:00,0.2,663,,,,,,,,,,,,,,,,,,
28/05/2024 19:15:00,0,663,,,,,,,,,,,,,,,,,,
28/05/2024 19:00:00,0,662,,,,,,,,,,,,,,,,,,
28/05/2024 18:45:00,0,663,,,,,,,,,,,,,,,,,,
28/05/2024 18:30:00,0,663,,,,,,,,,,,,,,,,,,
28/05/2024 18:15:00,0,663,,,,,,,,,,,,,,,,,,
28/05/2024 18:00:00,0,663,,,,,,,,,,,,,,,,,,
28/05/2024 17:45:00,0,663,,,,,,,,,,,,,,,,,,
28/05/2024 17:30:00,0,662,,,,,,,,,,,,,,,,,,
28/05/2024 17:15:00,0,662,,,,,,,,,,,,,,,,,,
28/05/2024 17:00:00,0,663,,,,,,,,,,,,,,,,,,
28/05/2024 16:45:00,0,662,,,,,,,,,,,,,,,,,,
28/05/2024 16:30:00,0,663,,,,,,,,,,,,,,,,,,
28/05/2024 16:15:00,0,662,,,,,,,,,,,,,,,,,,
28/05/2024 16:00:00,0,661,,,,,,,,,,,,,,,,,,
28/05/2024 15:45:00,0,662,,,,,,,,,,,,,,,,,,
28/05/2024 15:30:00,0,661,,,,,,,,,,,,,,,,,,
28/05/2024 15:15:00,0,662,,,,,,,,,,,,,,,,,,
28/05/2024 15:00:00,0,661,,,,,,,,,,,,,,,,,,
28/05/2024 14:45:00,0,660,,,,,,,,,,,,,,,,,,
28/05/2024 14:30:00,0,660,,,,,,,,,,,,,,,,,,
28/05/2024 14:15:00,0,661,,,,,,,,,,,,,,,,,,
28/05/2024 14:00:00,0,660,,,,,,,,,,,,,,,,,,
28/05/2024 13:45:00,0,660,,,,,,,,,,,,,,,,,,
28/05/2024 13:30:00,0,659,,,,,,,,,,,,,,,,,,
28/05/2024 13:15:00,0,659,,,,,,,,,,,,,,,,,,
28/05/2024 13:00:00,0,660,,,,,,,,,,,,,,,,,,
28/05/2024 12:45:00,0,659,,,,,,,,,,,,,,,,,,
28/05/2024 12:30:00,0,660,,,,,,,,,,,,,,,,,,
28/05/2024 12:15:00,0,659,,,,,,,,,,,,,,,,,,
28/05/2024 12:00:00,0,659,,,,,,,,,,,,,,,,,,
28/05/2024 11:45:00,0,658,,,,,,,,,,,,,,,,,,
28/05/2024 11:30:00,0,657,,,,,,,,,,,,,,,,,,
28/05/2024 11:15:00,0,657,,,,,,,,,,,,,,,,,,
28/05/2024 11:00:00,0,658,,,,,,,,,,,,,,,,,,
28/05/2024 10:45:00,0,657,,,,,,,,,,,,,,,,,,
28/05/2024 10:30:00,0,658,,,,,,,,,,,,,,,,,,
28/05/2024 10:15:00,0,656,,,,,,,,,,,,,,,,,,
28/05/2024 10:00:00,0,657,,,,,,,,,,,,,,,,,,
28/05/2024 09:45:00,0,656,,,,,,,,,,,,,,,,,,
28/05/2024 09:30:00,0,655,,,,,,,,,,,,,,,,,,
28/05/2024 09:15:00,0,656,,,,,,,,,,,,,,,,,,
28/05/2024 09:00:00,0,656,,,,,,,,,,,,,,,,,,
28/05/2024 08:45:00,0,656,,,,,,,,,,,,,,,,,,
28/05/2024 08:30:00,0,656,,,,,,,,,,,,,,,,,,
28/05/2024 08:15:00,0,655,,,,,,,,,,,,,,,,,,
28/05/2024 08:00:00,0,655,,,,,,,,,,,,,,,,,,
28/05/2024 07:45:00,0,655,,,,,,,,,,,,,,,,,,
28/05/2024 07:30:00,0,655,,,,,,,,,,,,,,,,,,
28/05/2024 07:15:00,0,655,,,,,,,,,,,,,,,,,,
28/05/2024 07:00:00,0,655,,,,,,,,,,,,,,,,,,
28/05/2024 06:45:00,0,654,,,,,,,,,,,,,,,,,,
28/05/2024 06:30:00,0,655,,,,,,,,,,,,,,,,,,
28/05/2024 06:15:00,0,655,,,,,,,,,,,,,,,,,,
28/05/2024 06:00:00,0,655,,,,,,,,,,,,,,,,,,
28/05/2024 05:45:00,0,654,,,,,,,,,,,,,,,,,,
28/05/2024 05:30:00,0,654,,,,,,,,,,,,,,,,,,
28/05/2024 05:15:00,0,655,,,,,,,,,,,,,,,,,,
28/05/2024 05:00:00,0,654,,,,,,,,,,,,,,,,,,
28/05/2024 04:45:00,0,655,,,,,,,,,,,,,,,,,,
28/05/2024 04:30:00,0,655,,,,,,,,,,,,,,,,,,
28/05/2024 04:15:00,0,655,,,,,,,,,,,,,,,,,,
28/05/2024 04:00:00,0,655,,,,,,,,,,,,,,,,,,
28/05/2024 03:45:00,0,656,,,,,,,,,,,,,,,,,,
28/05/2024 03:30:00,0,655,,,,,,,,,,,,,,,,,,
28/05/2024 03:15:00,0,656,,,,,,,,,,,,,,,,,,
28/05/2024 03:00:00,0,656,,,,,,,,,,,,,,,,,,
28/05/2024 02:45:00,0,657,,,,,,,,,,,,,,,,,,
28/05/2024 02:30:00,0,658,,,,,,,,,,,,,,,,,,
28/05/2024 02:15:00,0,657,,,,,,,,,,,,,,,,,,
28/05/2024 02:00:00,0,658,,,,,,,,,,,,,,,,,,
28/05/2024 01:45:00,0,659,,,,,,,,,,,,,,,,,,
28/05/2024 01:30:00,0,659,,,,,,,,,,,,,,,,,,
28/05/2024 01:15:00,0,659,,,,,,,,,,,,,,,,,,
28/05/2024 01:00:00,0,660,,,,,,,,,,,,,,,,,,
28/05/2024 00:45:00,0,660,,,,,,,,,,,,,,,,,,
28/05/2024 00:30:00,0,661,,,,,,,,,,,,,,,,,,
28/05/2024 00:15:00,0.2,661,,,,,,,,,,,,,,,,,,
28/05/2024 00:00:00,0,662,,,,,,,,,,,,,,,,,,
27/05/2024 23:45:00,0.2,663,,,,,,,,,,,,,,,,,,
27/05/2024 23:30:00,0,664,,,,,,,,,,,,,,,,,,
27/05/2024 23:15:00,0,663,,,,,,,,,,,,,,,,,,
27/05/2024 23:00:00,0.2,665,,,,,,,,,,,,,,,,,,
27/05/2024 22:45:00,0.4,665,,,,,,,,,,,,,,,,,,
27/05/2024 22:30:00,0.2,666,,,,,,,,,,,,,,,,,,
27/05/2024 22:15:00,0,667,,,,,,,,,,,,,,,,,,
27/05/2024 22:00:00,0,667,,,,,,,,,,,,,,,,,,
27/05/2024 21:45:00,0,669,,,,,,,,,,,,,,,,,,
27/05/2024 21:30:00,0,669,,,,,,,,,,,,,,,,,,
27/05/2024 21:15:00,0.2,669,,,,,,,,,,,,,,,,,,
27/05/2024 21:00:00,0.2,669,,,,,,,,,,,,,,,,,,
27/05/2024 20:45:00,0.4,670,,,,,,,,,,,,,,,,,,
27/05/2024 20:30:00,0.4,672,,,,,,,,,,,,,,,,,,
27/05/2024 20:15:00,0,672,,,,,,,,,,,,,,,,,,
27/05/2024 20:00:00,0,673,,,,,,,,,,,,,,,,,,
27/05/2024 19:45:00,0.2,674,,,,,,,,,,,,,,,,,,
27/05/2024 19:30:00,0.2,673,,,,,,,,,,,,,,,,,,
27/05/2024 19:15:00,0.4,676,,,,,,,,,,,,,,,,,,
27/05/2024 19:00:00,0.2,675,,,,,,,,,,,,,,,,,,
27/05/2024 18:45:00,0.6,677,,,,,,,,,,,,,,,,,,
27/05/2024 18:30:00,0.6,677,,,,,,,,,,,,,,,,,,
27/05/2024 18:15:00,0.6,678,,,,,,,,,,,,,,,,,,
27/05/2024 18:00:00,0.2,678,,,,,,,,,,,,,,,,,,
27/05/2024 17:45:00,0.4,680,,,,,,,,,,,,,,,,,,
27/05/2024 17:30:00,0.8,681,,,,,,,,,,,,,,,,,,
27/05/2024 17:15:00,1,682,,,,,,,,,,,,,,,,,,
27/05/2024 17:00:00,0.6,684,,,,,,,,,,,,,,,,,,
27/05/2024 16:45:00,0.4,684,,,,,,,,,,,,,,,,,,
27/05/2024 16:30:00,0.8,684,,,,,,,,,,,,,,,,,,
27/05/2024 16:15:00,0.6,686,,,,,,,,,,,,,,,,,,
27/05/2024 16:00:00,0.2,687,,,,,,,,,,,,,,,,,,
27/05/2024 15:45:00,0.6,688,,,,,,,,,,,,,,,,,,
27/05/2024 15:30:00,0.4,689,,,,,,,,,,,,,,,,,,
27/05/2024 15:15:00,0,691,,,,,,,,,,,,,,,,,,
27/05/2024 15:00:00,0.4,692,,,,,,,,,,,,,,,,,,
27/05/2024 14:45:00,0.4,693,,,,,,,,,,,,,,,,,,
27/05/2024 14:30:00,0.2,693,,,,,,,,,,,,,,,,,,
27/05/2024 14:15:00,0,694,,,,,,,,,,,,,,,,,,
27/05/2024 14:00:00,0.4,696,,,,,,,,,,,,,,,,,,
27/05/2024 13:45:00,0.6,698,,,,,,,,,,,,,,,,,,
27/05/2024 13:30:00,0,699,,,,,,,,,,,,,,,,,,
27/05/2024 13:15:00,0,700,,,,,,,,,,,,,,,,,,
27/05/2024 13:00:00,0,702,,,,,,,,,,,,,,,,,,
27/05/2024 12:45:00,0,703,,,,,,,,,,,,,,,,,,
27/05/2024 12:30:00,0.4,704,,,,,,,,,,,,,,,,,,
27/05/2024 12:15:00,0.2,705,,,,,,,,,,,,,,,,,,
27/05/2024 12:00:00,0,707,,,,,,,,,,,,,,,,,,
27/05/2024 11:45:00,0.2,707,,,,,,,,,,,,,,,,,,
27/05/2024 11:30:00,0.2,709,,,,,,,,,,,,,,,,,,
27/05/2024 11:15:00,0.6,711,,,,,,,,,,,,,,,,,,
27/05/2024 11:00:00,0.2,711,,,,,,,,,,,,,,,,,,
27/05/2024 10:45:00,0.4,714,,,,,,,,,,,,,,,,,,
27/05/2024 10:30:00,0.6,715,,,,,,,,,,,,,,,,,,
27/05/2024 10:15:00,0.2,716,,,,,,,,,,,,,,,,,,
27/05/2024 10:00:00,0,717,,,,,,,,,,,,,,,,,,
27/05/2024 09:45:00,0.2,719,,,,,,,,,,,,,,,,,,
27/05/2024 09:30:00,0.4,720,,,,,,,,,,,,,,,,,,
27/05/2024 09:15:00,1.2,721,,,,,,,,,,,,,,,,,,
27/05/2024 09:00:00,1,722,,,,,,,,,,,,,,,,,,
27/05/2024 08:45:00,0.4,725,,,,,,,,,,,,,,,,,,
27/05/2024 08:30:00,0.2,726,,,,,,,,,,,,,,,,,,
27/05/2024 08:15:00,0.2,727,,,,,,,,,,,,,,,,,,
27/05/2024 08:00:00,0,729,,,,,,,,,,,,,,,,,,
27/05/2024 07:45:00,0.2,731,,,,,,,,,,,,,,,,,,
27/05/2024 07:30:00,1.2,731,,,,,,,,,,,,,,,,,,
27/05/2024 07:15:00,0.8,733,,,,,,,,,,,,,,,,,,
27/05/2024 07:00:00,0.4,735,,,,,,,,,,,,,,,,,,
27/05/2024 06:45:00,0.6,737,,,,,,,,,,,,,,,,,,
27/05/2024 06:30:00,0.2,738,,,,,,,,,,,,,,,,,,
27/05/2024 06:15:00,0,739,,,,,,,,,,,,,,,,,,
27/05/2024 06:00:00,0.2,742,,,,,,,,,,,,,,,,,,
27/05/2024 05:45:00,0,743,,,,,,,,,,,,,,,,,,
27/05/2024 05:30:00,0.4,744,,,,,,,,,,,,,,,,,,
27/05/2024 05:15:00,0,745,,,,,,,,,,,,,,,,,,
27/05/2024 05:00:00,0.2,746,,,,,,,,,,,,,,,,,,
27/05/2024 04:45:00,0.4,749,,,,,,,,,,,,,,,,,,
27/05/2024 04:30:00,0.6,751,,,,,,,,,,,,,,,,,,
27/05/2024 04:15:00,0.4,752,,,,,,,,,,,,,,,,,,
27/05/2024 04:00:00,0,754,,,,,,,,,,,,,,,,,,
27/05/2024 03:45:00,0.4,754,,,,,,,,,,,,,,,,,,
27/05/2024 03:30:00,0.4,756,,,,,,,,,,,,,,,,,,
27/05/2024 03:15:00,0.2,758,,,,,,,,,,,,,,,,,,
27/05/2024 03:00:00,0,759,,,,,,,,,,,,,,,,,,
27/05/2024 02:45:00,0,761,,,,,,,,,,,,,,,,,,
27/05/2024 02:30:00,0.4,762,,,,,,,,,,,,,,,,,,
27/05/2024 02:15:00,0,764,,,,,,,,,,,,,,,,,,
27/05/2024 02:00:00,0.2,765,,,,,,,,,,,,,,,,,,
27/05/2024 01:45:00,0,767,,,,,,,,,,,,,,,,,,
27/05/2024 01:30:00,0,768,,,,,,,,,,,,,,,,,,
27/05/2024 01:15:00,0,770,,,,,,,,,,,,,,,,,,
27/05/2024 01:00:00,0,771,,,,,,,,,,,,,,,,,,
27/05/2024 00:45:00,0,773,,,,,,,,,,,,,,,,,,
27/05/2024 00:30:00,0,774,,,,,,,,,,,,,,,,,,
27/05/2024 00:15:00,0,776,,,,,,,,,,,,,,,,,,
27/05/2024 00:00:00,0,778,,,,,,,,,,,,,,,,,,
26/05/2024 23:45:00,0,779,,,,,,,,,,,,,,,,,,
26/05/2024 23:30:00,0,780,,,,,,,,,,,,,,,,,,
26/05/2024 23:15:00,0,782,,,,,,,,,,,,,,,,,,
26/05/2024 23:00:00,0,783,,,,,,,,,,,,,,,,,,
26/05/2024 22:45:00,0,784,,,,,,,,,,,,,,,,,,
26/05/2024 22:30:00,0,786,,,,,,,,,,,,,,,,,,
26/05/2024 22:15:00,0,787,,,,,,,,,,,,,,,,,,
26/05/2024 22:00:00,0,789,,,,,,,,,,,,,,,,,,
26/05/2024 21:45:00,0,788,,,,,,,,,,,,,,,,,,
26/05/2024 21:30:00,0,791,,,,,,,,,,,,,,,,,,
26/05/2024 21:15:00,0,792,,,,,,,,,,,,,,,,,,
26/05/2024 21:00:00,0,793,,,,,,,,,,,,,,,,,,
26/05/2024 20:45:00,0,796,,,,,,,,,,,,,,,,,,
26/05/2024 20:30:00,0,796,,,,,,,,,,,,,,,,,,
26/05/2024 20:15:00,0,798,,,,,,,,,,,,,,,,,,
26/05/2024 20:00:00,0,799,,,,,,,,,,,,,,,,,,
26/05/2024 19:45:00,0,799,,,,,,,,,,,,,,,,,,
26/05/2024 19:30:00,0,801,,,,,,,,,,,,,,,,,,
26/05/2024 19:15:00,0,803,,,,,,,,,,,,,,,,,,
26/05/2024 19:00:00,0,805,,,,,,,,,,,,,,,,,,
26/05/2024 18:45:00,0,805,,,,,,,,,,,,,,,,,,
26/05/2024 18:30:00,0,808,,,,,,,,,,,,,,,,,,
26/05/2024 18:15:00,0,809,,,,,,,,,,,,,,,,,,
26/05/2024 18:00:00,0,810,,,,,,,,,,,,,,,,,,
26/05/2024 17:45:00,0,812,,,,,,,,,,,,,,,,,,
26/05/2024 17:30:00,0,810,,,,,,,,,,,,,,,,,,
26/05/2024 17:15:00,0,813,,,,,,,,,,,,,,,,,,
26/05/2024 17:00:00,0,815,,,,,,,,,,,,,,,,,,
26/05/2024 16:45:00,0,817,,,,,,,,,,,,,,,,,,
26/05/2024 16:30:00,0,818,,,,,,,,,,,,,,,,,,
26/05/2024 16:15:00,0,819,,,,,,,,,,,,,,,,,,
26/05/2024 16:00:00,0,820,,,,,,,,,,,,,,,,,,
26/05/2024 15:45:00,0,822,,,,,,,,,,,,,,,,,,
26/05/2024 15:30:00,0,824,,,,,,,,,,,,,,,,,,
26/05/2024 15:15:00,0,822,,,,,,,,,,,,,,,,,,
26/05/2024 15:00:00,0,825,,,,,,,,,,,,,,,,,,
26/05/2024 14:45:00,0,827,,,,,,,,,,,,,,,,,,
26/05/2024 14:30:00,0,827,,,,,,,,,,,,,,,,,,
26/05/2024 14:15:00,0,829,,,,,,,,,,,,,,,,,,
26/05/2024 14:00:00,0,829,,,,,,,,,,,,,,,,,,
26/05/2024 13:45:00,0,831,,,,,,,,,,,,,,,,,,
26/05/2024 13:30:00,0,832,,,,,,,,,,,,,,,,,,
26/05/2024 13:15:00,0,832,,,,,,,,,,,,,,,,,,
26/05/2024 13:00:00,0,835,,,,,,,,,,,,,,,,,,
26/05/2024 12:45:00,0,835,,,,,,,,,,,,,,,,,,
26/05/2024 12:30:00,0,837,,,,,,,,,,,,,,,,,,
26/05/2024 12:15:00,0,837,,,,,,,,,,,,,,,,,,
26/05/2024 12:00:00,0,840,,,,,,,,,,,,,,,,,,
26/05/2024 11:45:00,0,840,,,,,,,,,,,,,,,,,,
26/05/2024 11:30:00,0,841,,,,,,,,,,,,,,,,,,
26/05/2024 11:15:00,0,844,,,,,,,,,,,,,,,,,,
26/05/2024 11:00:00,0,844,,,,,,,,,,,,,,,,,,
26/05/2024 10:45:00,0,846,,,,,,,,,,,,,,,,,,
26/05/2024 10:30:00,0,845,,,,,,,,,,,,,,,,,,
26/05/2024 10:15:00,0,848,,,,,,,,,,,,,,,,,,
26/05/2024 10:00:00,0,849,,,,,,,,,,,,,,,,,,
26/05/2024 09:45:00,0,848,,,,,,,,,,,,,,,,,,
26/05/2024 09:30:00,0,851,,,,,,,,,,,,,,,,,,
26/05/2024 09:15:00,0,851,,,,,,,,,,,,,,,,,,
26/05/2024 09:00:00,0,853,,,,,,,,,,,,,,,,,,
26/05/2024 08:45:00,0,855,,,,,,,,,,,,,,,,,,
26/05/2024 08:30:00,0,854,,,,,,,,,,,,,,,,,,
26/05/2024 08:15:00,0,856,,,,,,,,,,,,,,,,,,
26/05/2024 08:00:00,0,858,,,,,,,,,,,,,,,,,,
26/05/2024 07:45:00,0,857,,,,,,,,,,,,,,,,,,
26/05/2024 07:30:00,0,860,,,,,,,,,,,,,,,,,,
26/05/2024 07:15:00,0,861,,,,,,,,,,,,,,,,,,
26/05/2024 07:00:00,0,862,,,,,,,,,,,,,,,,,,
26/05/2024 06:45:00,0,864,,,,,,,,,,,,,,,,,,
26/05/2024 06:30:00,0,863,,,,,,,,,,,,,,,,,,
26/05/2024 06:15:00,0,866,,,,,,,,,,,,,,,,,,
26/05/2024 06:00:00,0,866,,,,,,,,,,,,,,,,,,
26/05/2024 05:45:00,0,867,,,,,,,,,,,,,,,,,,
26/05/2024 05:30:00,0,868,,,,,,,,,,,,,,,,,,
26/05/2024 05:15:00,0,868,,,,,,,,,,,,,,,,,,
26/05/2024 05:00:00,0,869,,,,,,,,,,,,,,,,,,
26/05/2024 04:45:00,0,871,,,,,,,,,,,,,,,,,,
26/05/2024 04:30:00,0,874,,,,,,,,,,,,,,,,,,
26/05/2024 04:15:00,0,872,,,,,,,,,,,,,,,,,,
26/05/2024 04:00:00,0,874,,,,,,,,,,,,,,,,,,
26/05/2024 03:45:00,0,874,,,,,,,,,,,,,,,,,,
26/05/2024 03:30:00,0.2,877,,,,,,,,,,,,,,,,,,
26/05/2024 03:15:00,0,878,,,,,,,,,,,,,,,,,,
26/05/2024 03:00:00,0.2,877,,,,,,,,,,,,,,,,,,
26/05/2024 02:45:00,0.2,879,,,,,,,,,,,,,,,,,,
26/05/2024 02:30:00,0,881,,,,,,,,,,,,,,,,,,
26/05/2024 02:15:00,0,880,,,,,,,,,,,,,,,,,,
26/05/2024 02:00:00,0,881,,,,,,,,,,,,,,,,,,
26/05/2024 01:45:00,0.2,884,,,,,,,,,,,,,,,,,,
26/05/2024 01:30:00,0,883,,,,,,,,,,,,,,,,,,
26/05/2024 01:15:00,0,886,,,,,,,,,,,,,,,,,,
26/05/2024 01:00:00,0.2,886,,,,,,,,,,,,,,,,,,
26/05/2024 00:45:00,0,888,,,,,,,,,,,,,,,,,,
26/05/2024 00:30:00,0.2,887,,,,,,,,,,,,,,,,,,
26/05/2024 00:15:00,0,888,,,,,,,,,,,,,,,,,,
26/05/2024 00:00:00,0,890,,,,,,,,,,,,,,,,,,
25/05/2024 23:45:00,0,888,,,,,,,,,,,,,,,,,,
25/05/2024 23:30:00,0,892,,,,,,,,,,,,,,,,,,
25/05/2024 23:15:00,0,890,,,,,,,,,,,,,,,,,,
25/05/2024 23:00:00,0,891,,,,,,,,,,,,,,,,,,
25/05/2024 22:45:00,0,894,,,,,,,,,,,,,,,,,,
25/05/2024 22:30:00,0,894,,,,,,,,,,,,,,,,,,
25/05/2024 22:15:00,0,894,,,,,,,,,,,,,,,,,,
25/05/2024 22:00:00,0,892,,,,,,,,,,,,,,,,,,
25/05/2024 21:45:00,0,898,,,,,,,,,,,,,,,,,,
25/05/2024 21:30:00,0,896,,,,,,,,,,,,,,,,,,
25/05/2024 21:15:00,0,897,,,,,,,,,,,,,,,,,,
25/05/2024 21:00:00,0,896,,,,,,,,,,,,,,,,,,
25/05/2024 20:45:00,0,897,,,,,,,,,,,,,,,,,,
25/05/2024 20:30:00,0,898,,,,,,,,,,,,,,,,,,
25/05/2024 20:15:00,0,899,,,,,,,,,,,,,,,,,,
25/05/2024 20:00:00,0,897,,,,,,,,,,,,,,,,,,
25/05/2024 19:45:00,0,900,,,,,,,,,,,,,,,,,,
25/05/2024 19:30:00,0,899,,,,,,,,,,,,,,,,,,
25/05/2024 19:15:00,0,899,,,,,,,,,,,,,,,,,,
25/05/2024 19:00:00,0,902,,,,,,,,,,,,,,,,,,
25/05/2024 18:45:00,0,903,,,,,,,,,,,,,,,,,,
25/05/2024 18:30:00,0,901,,,,,,,,,,,,,,,,,,
25/05/2024 18:15:00,0,903,,,,,,,,,,,,,,,,,,
25/05/2024 18:00:00,0,902,,,,,,,,,,,,,,,,,,
25/05/2024 17:45:00,0,901,,,,,,,,,,,,,,,,,,
25/05/2024 17:30:00,0,903,,,,,,,,,,,,,,,,,,
25/05/2024 17:15:00,0,904,,,,,,,,,,,,,,,,,,
25/05/2024 17:00:00,0,904,,,,,,,,,,,,,,,,,,
25/05/2024 16:45:00,0,905,,,,,,,,,,,,,,,,,,
25/05/2024 16:30:00,0,904,,,,,,,,,,,,,,,,,,
25/05/2024 16:15:00,0,904,,,,,,,,,,,,,,,,,,
25/05/2024 16:00:00,0,905,,,,,,,,,,,,,,,,,,
25/05/2024 15:45:00,0,906,,,,,,,,,,,,,,,,,,
25/05/2024 15:30:00,0,906,,,,,,,,,,,,,,,,,,
25/05/2024 15:15:00,0,905,,,,,,,,,,,,,,,,,,
25/05/2024 15:00:00,0,905,,,,,,,,,,,,,,,,,,
25/05/2024 14:45:00,0,905,,,,,,,,,,,,,,,,,,
25/05/2024 14:30:00,0,904,,,,,,,,,,,,,,,,,,
25/05/2024 14:15:00,0,905,,,,,,,,,,,,,,,,,,
25/05/2024 14:00:00,0,907,,,,,,,,,,,,,,,,,,
25/05/2024 13:45:00,0,904,,,,,,,,,,,,,,,,,,
25/05/2024 13:30:00,0,904,,,,,,,,,,,,,,,,,,
25/05/2024 13:15:00,0,904,,,,,,,,,,,,,,,,,,
25/05/2024 13:00:00,0,904,,,,,,,,,,,,,,,,,,
25/05/2024 12:45:00,0,906,,,,,,,,,,,,,,,,,,
25/05/2024 12:30:00,0,906,,,,,,,,,,,,,,,,,,
25/05/2024 12:15:00,0,904,,,,,,,,,,,,,,,,,,
25/05/2024 12:00:00,0,903,,,,,,,,,,,,,,,,,,
25/05/2024 11:45:00,0,903,,,,,,,,,,,,,,,,,,
25/05/2024 11:30:00,0,903,,,,,,,,,,,,,,,,,,
25/05/2024 11:15:00,0,902,,,,,,,,,,,,,,,,,,
25/05/2024 11:00:00,0,902,,,,,,,,,,,,,,,,,,
25/05/2024 10:45:00,0,901,,,,,,,,,,,,,,,,,,
25/05/2024 10:30:00,0,901,,,,,,,,,,,,,,,,,,
25/05/2024 10:15:00,0,902,,,,,,,,,,,,,,,,,,
25/05/2024 10:00:00,0,902,,,,,,,,,,,,,,,,,,
25/05/2024 09:45:00,0,900,,,,,,,,,,,,,,,,,,
25/05/2024 09:30:00,0,903,,,,,,,,,,,,,,,,,,
25/05/2024 09:15:00,0,901,,,,,,,,,,,,,,,,,,
25/05/2024 09:00:00,0,901,,,,,,,,,,,,,,,,,,
25/05/2024 08:45:00,0,899,,,,,,,,,,,,,,,,,,
25/05/2024 08:30:00,0,900,,,,,,,,,,,,,,,,,,
25/05/2024 08:15:00,0,901,,,,,,,,,,,,,,,,,,
25/05/2024 08:00:00,0,896,,,,,,,,,,,,,,,,,,
25/05/2024 07:45:00,0,897,,,,,,,,,,,,,,,,,,
25/05/2024 07:30:00,0,898,,,,,,,,,,,,,,,,,,
25/05/2024 07:15:00,0,896,,,,,,,,,,,,,,,,,,
25/05/2024 07:00:00,0,894,,,,,,,,,,,,,,,,,,
25/05/2024 06:45:00,0,896,,,,,,,,,,,,,,,,,,
25/05/2024 06:30:00,0,892,,,,,,,,,,,,,,,,,,
25/05/2024 06:15:00,0,894,,,,,,,,,,,,,,,,,,
25/05/2024 06:00:00,0,892,,,,,,,,,,,,,,,,,,
25/05/2024 05:45:00,0,892,,,,,,,,,,,,,,,,,,
25/05/2024 05:30:00,0,890,,,,,,,,,,,,,,,,,,
25/05/2024 05:15:00,0,891,,,,,,,,,,,,,,,,,,
25/05/2024 05:00:00,0,889,,,,,,,,,,,,,,,,,,
25/05/2024 04:45:00,0,889,,,,,,,,,,,,,,,,,,
25/05/2024 04:30:00,0,887,,,,,,,,,,,,,,,,,,
25/05/2024 04:15:00,0,887,,,,,,,,,,,,,,,,,,
25/05/2024 04:00:00,0,888,,,,,,,,,,,,,,,,,,
25/05/2024 03:45:00,0,887,,,,,,,,,,,,,,,,,,
25/05/2024 03:30:00,0,885,,,,,,,,,,,,,,,,,,
25/05/2024 03:15:00,0,884,,,,,,,,,,,,,,,,,,
25/05/2024 03:00:00,0,884,,,,,,,,,,,,,,,,,,
25/05/2024 02:45:00,0,882,,,,,,,,,,,,,,,,,,
25/05/2024 02:30:00,0,882,,,,,,,,,,,,,,,,,,
25/05/2024 02:15:00,0,880,,,,,,,,,,,,,,,,,,
25/05/2024 02:00:00,0,883,,,,,,,,,,,,,,,,,,
25/05/2024 01:45:00,0,881,,,,,,,,,,,,,,,,,,
25/05/2024 01:30:00,0,879,,,,,,,,,,,,,,,,,,
25/05/2024 01:15:00,0,877,,,,,,,,,,,,,,,,,,
25/05/2024 01:00:00,0,877,,,,,,,,,,,,,,,,,,
25/05/2024 00:45:00,0,878,,,,,,,,,,,,,,,,,,
25/05/2024 00:30:00,0,876,,,,,,,,,,,,,,,,,,
25/05/2024 00:15:00,0,874,,,,,,,,,,,,,,,,,,
25/05/2024 00:00:00,0,875,,,,,,,,,,,,,,,,,,
24/05/2024 23:45:00,0,877,,,,,,,,,,,,,,,,,,
24/05/2024 23:30:00,0,875,,,,,,,,,,,,,,,,,,
24/05/2024 23:15:00,0,873,,,,,,,,,,,,,,,,,,
24/05/2024 23:00:00,0,870,,,,,,,,,,,,,,,,,,
24/05/2024 22:45:00,0,872,,,,,,,,,,,,,,,,,,
24/05/2024 22:30:00,0,870,,,,,,,,,,,,,,,,,,
24/05/2024 22:15:00,0,870,,,,,,,,,,,,,,,,,,
24/05/2024 22:00:00,0.2,869,,,,,,,,,,,,,,,,,,
24/05/2024 21:45:00,0,869,,,,,,,,,,,,,,,,,,
24/05/2024 21:30:00,0,869,,,,,,,,,,,,,,,,,,
24/05/2024 21:15:00,0,868,,,,,,,,,,,,,,,,,,
24/05/2024 21:00:00,0,868,,,,,,,,,,,,,,,,,,
24/05/2024 20:45:00,0,866,,,,,,,,,,,,,,,,,,
24/05/2024 20:30:00,0,865,,,,,,,,,,,,,,,,,,
24/05/2024 20:15:00,0,867,,,,,,,,,,,,,,,,,,
24/05/2024 20:00:00,0.2,864,,,,,,,,,,,,,,,,,,
24/05/2024 19:45:00,0.2,865,,,,,,,,,,,,,,,,,,
24/05/2024 19:30:00,1,864,,,,,,,,,,,,,,,,,,
24/05/2024 19:15:00,0,863,,,,,,,,,,,,,,,,,,
24/05/2024 19:00:00,0,863,,,,,,,,,,,,,,,,,,
24/05/2024 18:45:00,0,862,,,,,,,,,,,,,,,,,,
24/05/2024 18:30:00,0.2,860,,,,,,,,,,,,,,,,,,
24/05/2024 18:15:00,0,861,,,,,,,,,,,,,,,,,,
24/05/2024 18:00:00,0,857,,,,,,,,,,,,,,,,,,
24/05/2024 17:45:00,0.2,855,,,,,,,,,,,,,,,,,,
24/05/2024 17:30:00,0,856,,,,,,,,,,,,,,,,,,
24/05/2024 17:15:00,0.2,854,,,,,,,,,,,,,,,,,,
24/05/2024 17:00:00,0.2,853,,,,,,,,,,,,,,,,,,
24/05/2024 16:45:00,1.6,850,,,,,,,,,,,,,,,,,,
24/05/2024 16:30:00,0.8,851,,,,,,,,,,,,,,,,,,
24/05/2024 16:15:00,0.2,849,,,,,,,,,,,,,,,,,,
24/05/2024 16:00:00,0.6,846,,,,,,,,,,,,,,,,,,
24/05/2024 15:45:00,4.6,845,,,,,,,,,,,,,,,,,,
24/05/2024 15:30:00,7.6,840,,,,,,,,,,,,,,,,,,
24/05/2024 15:15:00,4.4,839,,,,,,,,,,,,,,,,,,
24/05/2024 15:00:00,0.2,838,,,,,,,,,,,,,,,,,,
24/05/2024 14:45:00,0.2,837,,,,,,,,,,,,,,,,,,
24/05/2024 14:30:00,0,836,,,,,,,,,,,,,,,,,,
24/05/2024 14:15:00,0.6,833,,,,,,,,,,,,,,,,,,
24/05/2024 14:00:00,1.4,832,,,,,,,,,,,,,,,,,,
24/05/2024 13:45:00,1.6,828,,,,,,,,,,,,,,,,,,
24/05/2024 13:30:00,1.6,827,,,,,,,,,,,,,,,,,,
24/05/2024 13:15:00,0,827,,,,,,,,,,,,,,,,,,
24/05/2024 13:00:00,0,824,,,,,,,,,,,,,,,,,,
24/05/2024 12:45:00,0,822,,,,,,,,,,,,,,,,,,
24/05/2024 12:30:00,0,818,,,,,,,,,,,,,,,,,,
24/05/2024 12:15:00,0,818,,,,,,,,,,,,,,,,,,
24/05/2024 12:00:00,0,814,,,,,,,,,,,,,,,,,,
24/05/2024 11:45:00,0,813,,,,,,,,,,,,,,,,,,
24/05/2024 11:30:00,0,810,,,,,,,,,,,,,,,,,,
24/05/2024 11:15:00,0,809,,,,,,,,,,,,,,,,,,
24/05/2024 11:00:00,0.8,806,,,,,,,,,,,,,,,,,,
24/05/2024 10:45:00,0.4,804,,,,,,,,,,,,,,,,,,
24/05/2024 10:30:00,0.2,803,,,,,,,,,,,,,,,,,,
24/05/2024 10:15:00,0,799,,,,,,,,,,,,,,,,,,
24/05/2024 10:00:00,0,795,,,,,,,,,,,,,,,,,,
24/05/2024 09:45:00,0,794,,,,,,,,,,,,,,,,,,
24/05/2024 09:30:00,0,791,,,,,,,,,,,,,,,,,,
24/05/2024 09:15:00,0.2,789,,,,,,,,,,,,,,,,,,
24/05/2024 09:00:00,0.2,786,,,,,,,,,,,,,,,,,,
24/05/2024 08:45:00,0,787,,,,,,,,,,,,,,,,,,
24/05/2024 08:30:00,0,782,,,,,,,,,,,,,,,,,,
24/05/2024 08:15:00,0,782,,,,,,,,,,,,,,,,,,
24/05/2024 08:00:00,0.2,776,,,,,,,,,,,,,,,,,,
24/05/2024 07:45:00,0,774,,,,,,,,,,,,,,,,,,
24/05/2024 07:30:00,0,772,,,,,,,,,,,,,,,,,,
24/05/2024 07:15:00,0,771,,,,,,,,,,,,,,,,,,
24/05/2024 07:00:00,0,768,,,,,,,,,,,,,,,,,,
24/05/2024 06:45:00,0.2,765,,,,,,,,,,,,,,,,,,
24/05/2024 06:30:00,0.2,762,,,,,,,,,,,,,,,,,,
24/05/2024 06:15:00,0.2,758,,,,,,,,,,,,,,,,,,
24/05/2024 06:00:00,0.4,757,,,,,,,,,,,,,,,,,,
24/05/2024 05:45:00,0.4,753,,,,,,,,,,,,,,,,,,
24/05/2024 05:30:00,0,751,,,,,,,,,,,,,,,,,,
24/05/2024 05:15:00,0,748,,,,,,,,,,,,,,,,,,
24/05/2024 05:00:00,0.2,743,,,,,,,,,,,,,,,,,,
24/05/2024 04:45:00,0.4,742,,,,,,,,,,,,,,,,,,
24/05/2024 04:30:00,0,739,,,,,,,,,,,,,,,,,,
24/05/2024 04:15:00,0,736,,,,,,,,,,,,,,,,,,
24/05/2024 04:00:00,0,732,,,,,,,,,,,,,,,,,,
24/05/2024 03:45:00,0,730,,,,,,,,,,,,,,,,,,
24/05/2024 03:30:00,0,726,,,,,,,,,,,,,,,,,,
24/05/2024 03:15:00,0,722,,,,,,,,,,,,,,,,,,
24/05/2024 03:00:00,0,719,,,,,,,,,,,,,,,,,,
24/05/2024 02:45:00,0,717,,,,,,,,,,,,,,,,,,
24/05/2024 02:30:00,0,714,,,,,,,,,,,,,,,,,,
24/05/2024 02:15:00,0,710,,,,,,,,,,,,,,,,,,
24/05/2024 02:00:00,0,708,,,,,,,,,,,,,,,,,,
24/05/2024 01:45:00,0,705,,,,,,,,,,,,,,,,,,
24/05/2024 01:30:00,0,699,,,,,,,,,,,,,,,,,,
24/05/2024 01:15:00,0,697,,,,,,,,,,,,,,,,,,
24/05/2024 01:00:00,0,692,,,,,,,,,,,,,,,,,,
24/05/2024 00:45:00,0.2,690,,,,,,,,,,,,,,,,,,
24/05/2024 00:30:00,0.2,686,,,,,,,,,,,,,,,,,,
24/05/2024 00:15:00,0,682,,,,,,,,,,,,,,,,,,
24/05/2024 00:00:00,0,675,,,,,,,,,,,,,,,,,,
23/05/2024 23:45:00,0,673,,,,,,,,,,,,,,,,,,
23/05/2024 23:30:00,0.2,668,,,,,,,,,,,,,,,,,,
23/05/2024 23:15:00,0.8,663,,,,,,,,,,,,,,,,,,
23/05/2024 23:00:00,2.8,657,,,,,,,,,,,,,,,,,,
23/05/2024 22:45:00,0.2,652,,,,,,,,,,,,,,,,,,
23/05/2024 22:30:00,0.2,647,,,,,,,,,,,,,,,,,,
23/05/2024 22:15:00,0,641,,,,,,,,,,,,,,,,,,
23/05/2024 22:00:00,0,634,,,,,,,,,,,,,,,,,,
23/05/2024 21:45:00,0,627,,,,,,,,,,,,,,,,,,
23/05/2024 21:30:00,0,621,,,,,,,,,,,,,,,,,,
23/05/2024 21:15:00,2,614,,,,,,,,,,,,,,,,,,
23/05/2024 21:00:00,1,607,,,,,,,,,,,,,,,,,,
23/05/2024 20:45:00,4.2,598,,,,,,,,,,,,,,,,,,
23/05/2024 20:30:00,8,591,,,,,,,,,,,,,,,,,,
23/05/2024 20:15:00,3,583,,,,,,,,,,,,,,,,,,
23/05/2024 20:00:00,0.2,576,,,,,,,,,,,,,,,,,,
23/05/2024 19:45:00,0.6,571,,,,,,,,,,,,,,,,,,
23/05/2024 19:30:00,0.2,563,,,,,,,,,,,,,,,,,,
23/05/2024 19:15:00,0.2,555,,,,,,,,,,,,,,,,,,
23/05/2024 19:00:00,0,548,,,,,,,,,,,,,,,,,,
23/05/2024 18:45:00,1,540,,,,,,,,,,,,,,,,,,
23/05/2024 18:30:00,0.8,532,,,,,,,,,,,,,,,,,,
23/05/2024 18:15:00,0.2,524,,,,,,,,,,,,,,,,,,
23/05/2024 18:00:00,0,514,,,,,,,,,,,,,,,,,,
23/05/2024 17:45:00,0,504,,,,,,,,,,,,,,,,,,
23/05/2024 17:30:00,1,494,,,,,,,,,,,,,,,,,,
23/05/2024 17:15:00,1.6,485,,,,,,,,,,,,,,,,,,
23/05/2024 17:00:00,0.6,476,,,,,,,,,,,,,,,,,,
23/05/2024 16:45:00,1.4,466,,,,,,,,,,,,,,,,,,
23/05/2024 16:30:00,,457,,,,,,,,,,,,,,,,,,
23/05/2024 16:15:00,0.6,446,,,,,,,,,,,,,,,,,,
23/05/2024 16:00:00,0,437,,,,,,,,,,,,,,,,,,
23/05/2024 15:45:00,1.4,428,,,,,,,,,,,,,,,,,,
23/05/2024 15:30:00,1.2,418,,,,,,,,,,,,,,,,,,
23/05/2024 15:15:00,0.2,411,,,,,,,,,,,,,,,,,,
23/05/2024 15:00:00,1.4,402,,,,,,,,,,,,,,,,,,
23/05/2024 14:45:00,4.2,395,,,,,,,,,,,,,,,,,,
23/05/2024 14:30:00,2.4,387,,,,,,,,,,,,,,,,,,
23/05/2024 14:15:00,1,379,,,,,,,,,,,,,,,,,,
23/05/2024 14:00:00,1.6,372,,,,,,,,,,,,,,,,,,
23/05/2024 13:45:00,1.6,364,,,,,,,,,,,,,,,,,,
23/05/2024 13:30:00,1.2,358,,,,,,,,,,,,,,,,,,
23/05/2024 13:15:00,1.8,351,,,,,,,,,,,,,,,,,,
23/05/2024 13:00:00,1.6,345,,,,,,,,,,,,,,,,,,
23/05/2024 12:45:00,2.8,340,,,,,,,,,,,,,,,,,,
23/05/2024 12:30:00,3.4,335,,,,,,,,,,,,,,,,,,
23/05/2024 12:15:00,2.2,331,,,,,,,,,,,,,,,,,,
23/05/2024 12:00:00,1.8,328,,,,,,,,,,,,,,,,,,
23/05/2024 11:45:00,3.4,325,,,,,,,,,,,,,,,,,,
23/05/2024 11:30:00,1.2,323,,,,,,,,,,,,,,,,,,
23/05/2024 11:15:00,3.4,323,,,,,,,,,,,,,,,,,,
23/05/2024 11:00:00,1.6,321,,,,,,,,,,,,,,,,,,
23/05/2024 10:45:00,0.6,320,,,,,,,,,,,,,,,,,,
23/05/2024 10:30:00,0.2,319,,,,,,,,,,,,,,,,,,
23/05/2024 10:15:00,0,318,,,,,,,,,,,,,,,,,,
23/05/2024 10:00:00,0,318,,,,,,,,,,,,,,,,,,
23/05/2024 09:45:00,0,317,,,,,,,,,,,,,,,,,,
23/05/2024 09:30:00,0.8,316,,,,,,,,,,,,,,,,,,
23/05/2024 09:15:00,0.4,316,,,,,,,,,,,,,,,,,,
23/05/2024 09:00:00,0,315,,,,,,,,,,,,,,,,,,
23/05/2024 08:45:00,0,314,,,,,,,,,,,,,,,,,,
23/05/2024 08:30:00,0,314,,,,,,,,,,,,,,,,,,
23/05/2024 08:15:00,0,313,,,,,,,,,,,,,,,,,,
23/05/2024 08:00:00,0,313,,,,,,,,,,,,,,,,,,
23/05/2024 07:45:00,0,313,,,,,,,,,,,,,,,,,,
23/05/2024 07:30:00,0.2,312,,,,,,,,,,,,,,,,,,
23/05/2024 07:15:00,0,311,,,,,,,,,,,,,,,,,,
23/05/2024 07:00:00,0,310,,,,,,,,,,,,,,,,,,
23/05/2024 06:45:00,0,309,,,,,,,,,,,,,,,,,,
23/05/2024 06:30:00,0,309,,,,,,,,,,,,,,,,,,
23/05/2024 06:15:00,0,308,,,,,,,,,,,,,,,,,,
23/05/2024 06:00:00,0.2,307,,,,,,,,,,,,,,,,,,
23/05/2024 05:45:00,0.2,305,,,,,,,,,,,,,,,,,,
23/05/2024 05:30:00,0.4,304,,,,,,,,,,,,,,,,,,
23/05/2024 05:15:00,0.8,303,,,,,,,,,,,,,,,,,,
23/05/2024 05:00:00,0.4,303,,,,,,,,,,,,,,,,,,
23/05/2024 04:45:00,0.2,302,,,,,,,,,,,,,,,,,,
23/05/2024 04:30:00,4.8,301,,,,,,,,,,,,,,,,,,
23/05/2024 04:15:00,5,301,,,,,,,,,,,,,,,,,,
23/05/2024 04:00:00,4,300,,,,,,,,,,,,,,,,,,
23/05/2024 03:45:00,2.4,300,,,,,,,,,,,,,,,,,,
23/05/2024 03:30:00,0.2,300,,,,,,,,,,,,,,,,,,
23/05/2024 03:15:00,0,300,,,,,,,,,,,,,,,,,,
23/05/2024 03:00:00,0,301,,,,,,,,,,,,,,,,,,
23/05/2024 02:45:00,0,301,,,,,,,,,,,,,,,,,,
23/05/2024 02:30:00,0,301,,,,,,,,,,,,,,,,,,
23/05/2024 02:15:00,0,301,,,,,,,,,,,,,,,,,,
23/05/2024 02:00:00,0,301,,,,,,,,,,,,,,,,,,
23/05/2024 01:45:00,0,302,,,,,,,,,,,,,,,,,,
23/05/2024 01:30:00,0,303,,,,,,,,,,,,,,,,,,
23/05/2024 01:15:00,0,303,,,,,,,,,,,,,,,,,,
23/05/2024 01:00:00,0,303,,,,,,,,,,,,,,,,,,
23/05/2024 00:45:00,0,304,,,,,,,,,,,,,,,,,,
23/05/2024 00:30:00,0,304,,,,,,,,,,,,,,,,,,
23/05/2024 00:15:00,0,304,,,,,,,,,,,,,,,,,,
23/05/2024 00:00:00,0,304,,,,,,,,,,,,,,,,,,
22/05/2024 23:45:00,0,305,,,,,,,,,,,,,,,,,,
22/05/2024 23:30:00,0,305,,,,,,,,,,,,,,,,,,
22/05/2024 23:15:00,0,306,,,,,,,,,,,,,,,,,,
22/05/2024 23:00:00,0,306,,,,,,,,,,,,,,,,,,
22/05/2024 22:45:00,0,307,,,,,,,,,,,,,,,,,,
22/05/2024 22:30:00,0,306,,,,,,,,,,,,,,,,,,
22/05/2024 22:15:00,0,307,,,,,,,,,,,,,,,,,,
22/05/2024 22:00:00,0,307,,,,,,,,,,,,,,,,,,
22/05/2024 21:45:00,0,307,,,,,,,,,,,,,,,,,,
22/05/2024 21:30:00,0,308,,,,,,,,,,,,,,,,,,
22/05/2024 21:15:00,0,308,,,,,,,,,,,,,,,,,,
22/05/2024 21:00:00,0,309,,,,,,,,,,,,,,,,,,
22/05/2024 20:45:00,0,309,,,,,,,,,,,,,,,,,,
22/05/2024 20:30:00,0,309,,,,,,,,,,,,,,,,,,
22/05/2024 20:15:00,0,309,,,,,,,,,,,,,,,,,,
22/05/2024 20:00:00,0,310,,,,,,,,,,,,,,,,,,
22/05/2024 19:45:00,0,310,,,,,,,,,,,,,,,,,,
22/05/2024 19:30:00,0,310,,,,,,,,,,,,,,,,,,
22/05/2024 19:15:00,0,311,,,,,,,,,,,,,,,,,,
22/05/2024 19:00:00,0,311,,,,,,,,,,,,,,,,,,
22/05/2024 18:45:00,0,311,,,,,,,,,,,,,,,,,,
22/05/2024 18:30:00,0,312,,,,,,,,,,,,,,,,,,
22/05/2024 18:15:00,0,312,,,,,,,,,,,,,,,,,,
22/05/2024 18:00:00,0,312,,,,,,,,,,,,,,,,,,
22/05/2024 17:45:00,0,313,,,,,,,,,,,,,,,,,,
22/05/2024 17:30:00,0,313,,,,,,,,,,,,,,,,,,
22/05/2024 17:15:00,0,312,,,,,,,,,,,,,,,,,,
22/05/2024 17:00:00,0,313,,,,,,,,,,,,,,,,,,
22/05/2024 16:45:00,0,314,,,,,,,,,,,,,,,,,,
22/05/2024 16:30:00,0,314,,,,,,,,,,,,,,,,,,
22/05/2024 16:15:00,0,314,,,,,,,,,,,,,,,,,,
22/05/2024 16:00:00,0,315,,,,,,,,,,,,,,,,,,
22/05/2024 15:45:00,0,315,,,,,,,,,,,,,,,,,,
22/05/2024 15:30:00,0,315,,,,,,,,,,,,,,,,,,
22/05/2024 15:15:00,0,315,,,,,,,,,,,,,,,,,,
22/05/2024 15:00:00,0,316,,,,,,,,,,,,,,,,,,
22/05/2024 14:45:00,0,316,,,,,,,,,,,,,,,,,,
22/05/2024 14:30:00,0,316,,,,,,,,,,,,,,,,,,
22/05/2024 14:15:00,0,317,,,,,,,,,,,,,,,,,,
22/05/2024 14:00:00,0,317,,,,,,,,,,,,,,,,,,
22/05/2024 13:45:00,0,317,,,,,,,,,,,,,,,,,,
22/05/2024 13:30:00,0,317,,,,,,,,,,,,,,,,,,
22/05/2024 13:15:00,0,318,,,,,,,,,,,,,,,,,,
22/05/2024 13:00:00,0,318,,,,,,,,,,,,,,,,,,
22/05/2024 12:45:00,0,318,,,,,,,,,,,,,,,,,,
22/05/2024 12:30:00,0,319,,,,,,,,,,,,,,,,,,
22/05/2024 12:15:00,0,319,,,,,,,,,,,,,,,,,,
22/05/2024 12:00:00,0,320,,,,,,,,,,,,,,,,,,
22/05/2024 11:45:00,0,320,,,,,,,,,,,,,,,,,,
22/05/2024 11:30:00,0,320,,,,,,,,,,,,,,,,,,
22/05/2024 11:15:00,0,320,,,,,,,,,,,,,,,,,,
22/05/2024 11:00:00,0,321,,,,,,,,,,,,,,,,,,
22/05/2024 10:45:00,0,321,,,,,,,,,,,,,,,,,,
22/05/2024 10:30:00,0,321,,,,,,,,,,,,,,,,,,
22/05/2024 10:15:00,0,322,,,,,,,,,,,,,,,,,,
22/05/2024 10:00:00,0,322,,,,,,,,,,,,,,,,,,
22/05/2024 09:45:00,0,322,,,,,,,,,,,,,,,,,,
22/05/2024 09:30:00,0,322,,,,,,,,,,,,,,,,,,
22/05/2024 09:15:00,0,323,,,,,,,,,,,,,,,,,,
22/05/2024 09:00:00,0,323,,,,,,,,,,,,,,,,,,
22/05/2024 08:45:00,0,323,,,,,,,,,,,,,,,,,,
22/05/2024 08:30:00,0,324,,,,,,,,,,,,,,,,,,
22/05/2024 08:15:00,0,324,,,,,,,,,,,,,,,,,,
22/05/2024 08:00:00,0,325,,,,,,,,,,,,,,,,,,
22/05/2024 07:45:00,0,325,,,,,,,,,,,,,,,,,,
22/05/2024 07:30:00,0,325,,,,,,,,,,,,,,,,,,
22/05/2024 07:15:00,0,326,,,,,,,,,,,,,,,,,,
22/05/2024 07:00:00,0,326,,,,,,,,,,,,,,,,,,
22/05/2024 06:45:00,0,327,,,,,,,,,,,,,,,,,,
22/05/2024 06:30:00,0,327,,,,,,,,,,,,,,,,,,
22/05/2024 06:15:00,0,328,,,,,,,,,,,,,,,,,,
22/05/2024 06:00:00,0,328,,,,,,,,,,,,,,,,,,
22/05/2024 05:45:00,0,329,,,,,,,,,,,,,,,,,,
22/05/2024 05:30:00,0,329,,,,,,,,,,,,,,,,,,
22/05/2024 05:15:00,0,329,,,,,,,,,,,,,,,,,,
22/05/2024 05:00:00,0,330,,,,,,,,,,,,,,,,,,
22/05/2024 04:45:00,0,330,,,,,,,,,,,,,,,,,,
22/05/2024 04:30:00,0,331,,,,,,,,,,,,,,,,,,
22/05/2024 04:15:00,0,331,,,,,,,,,,,,,,,,,,
22/05/2024 04:00:00,0,331,,,,,,,,,,,,,,,,,,
22/05/2024 03:45:00,0,332,,,,,,,,,,,,,,,,,,
22/05/2024 03:30:00,0,332,,,,,,,,,,,,,,,,,,
22/05/2024 03:15:00,0,332,,,,,,,,,,,,,,,,,,
22/05/2024 03:00:00,0,333,,,,,,,,,,,,,,,,,,
22/05/2024 02:45:00,0,334,,,,,,,,,,,,,,,,,,
22/05/2024 02:30:00,0,334,,,,,,,,,,,,,,,,,,
22/05/2024 02:15:00,0,334,,,,,,,,,,,,,,,,,,
22/05/2024 02:00:00,0,335,,,,,,,,,,,,,,,,,,
22/05/2024 01:45:00,0,335,,,,,,,,,,,,,,,,,,
22/05/2024 01:30:00,0,335,,,,,,,,,,,,,,,,,,
22/05/2024 01:15:00,0,336,,,,,,,,,,,,,,,,,,
22/05/2024 01:00:00,0,337,,,,,,,,,,,,,,,,,,
22/05/2024 00:45:00,0,337,,,,,,,,,,,,,,,,,,
22/05/2024 00:30:00,0,337,,,,,,,,,,,,,,,,,,
22/05/2024 00:15:00,0,338,,,,,,,,,,,,,,,,,,
22/05/2024 00:00:00,0,338,,,,,,,,,,,,,,,,,,
21/05/2024 23:45:00,0,338,,,,,,,,,,,,,,,,,,
21/05/2024 23:30:00,0,339,,,,,,,,,,,,,,,,,,
21/05/2024 23:15:00,0,340,,,,,,,,,,,,,,,,,,
21/05/2024 23:00:00,0,340,,,,,,,,,,,,,,,,,,
21/05/2024 22:45:00,0,340,,,,,,,,,,,,,,,,,,
21/05/2024 22:30:00,0,340,,,,,,,,,,,,,,,,,,
21/05/2024 22:15:00,0,340,,,,,,,,,,,,,,,,,,
21/05/2024 22:00:00,0,341,,,,,,,,,,,,,,,,,,
21/05/2024 21:45:00,0,342,,,,,,,,,,,,,,,,,,
21/05/2024 21:30:00,0,342,,,,,,,,,,,,,,,,,,
21/05/2024 21:15:00,0,342,,,,,,,,,,,,,,,,,,
21/05/2024 21:00:00,0,343,,,,,,,,,,,,,,,,,,
21/05/2024 20:45:00,0,343,,,,,,,,,,,,,,,,,,
21/05/2024 20:30:00,0,343,,,,,,,,,,,,,,,,,,
21/05/2024 20:15:00,0,344,,,,,,,,,,,,,,,,,,
21/05/2024 20:00:00,0,344,,,,,,,,,,,,,,,,,,
21/05/2024 19:45:00,0,344,,,,,,,,,,,,,,,,,,
21/05/2024 19:30:00,0,344,,,,,,,,,,,,,,,,,,
21/05/2024 19:15:00,0,345,,,,,,,,,,,,,,,,,,
21/05/2024 19:00:00,0,345,,,,,,,,,,,,,,,,,,
21/05/2024 18:45:00,0,346,,,,,,,,,,,,,,,,,,
21/05/2024 18:30:00,0,347,,,,,,,,,,,,,,,,,,
21/05/2024 18:15:00,0,347,,,,,,,,,,,,,,,,,,
21/05/2024 18:00:00,0,347,,,,,,,,,,,,,,,,,,
21/05/2024 17:45:00,0,348,,,,,,,,,,,,,,,,,,
21/05/2024 17:30:00,0,347,,,,,,,,,,,,,,,,,,
21/05/2024 17:15:00,0,348,,,,,,,,,,,,,,,,,,
21/05/2024 17:00:00,0,349,,,,,,,,,,,,,,,,,,
21/05/2024 16:45:00,0,349,,,,,,,,,,,,,,,,,,
21/05/2024 16:30:00,0,349,,,,,,,,,,,,,,,,,,
21/05/2024 16:15:00,0,350,,,,,,,,,,,,,,,,,,
21/05/2024 16:00:00,0,351,,,,,,,,,,,,,,,,,,
21/05/2024 15:45:00,0,351,,,,,,,,,,,,,,,,,,
21/05/2024 15:30:00,0,352,,,,,,,,,,,,,,,,,,
21/05/2024 15:15:00,0,351,,,,,,,,,,,,,,,,,,
21/05/2024 15:00:00,0,352,,,,,,,,,,,,,,,,,,
21/05/2024 14:45:00,0,352,,,,,,,,,,,,,,,,,,
21/05/2024 14:30:00,0,353,,,,,,,,,,,,,,,,,,
21/05/2024 14:15:00,0,353,,,,,,,,,,,,,,,,,,
21/05/2024 14:00:00,0,353,,,,,,,,,,,,,,,,,,
21/05/2024 13:45:00,0,354,,,,,,,,,,,,,,,,,,
21/05/2024 13:30:00,0,354,,,,,,,,,,,,,,,,,,
21/05/2024 13:15:00,0,355,,,,,,,,,,,,,,,,,,
21/05/2024 13:00:00,0,356,,,,,,,,,,,,,,,,,,
21/05/2024 12:45:00,0,356,,,,,,,,,,,,,,,,,,
21/05/2024 12:30:00,0,356,,,,,,,,,,,,,,,,,,
21/05/2024 12:15:00,0,357,,,,,,,,,,,,,,,,,,
21/05/2024 12:00:00,0,357,,,,,,,,,,,,,,,,,,
21/05/2024 11:45:00,0,358,,,,,,,,,,,,,,,,,,
21/05/2024 11:30:00,0,358,,,,,,,,,,,,,,,,,,
21/05/2024 11:15:00,0,359,,,,,,,,,,,,,,,,,,
21/05/2024 11:00:00,0,360,,,,,,,,,,,,,,,,,,
21/05/2024 10:45:00,0,360,,,,,,,,,,,,,,,,,,
21/05/2024 10:30:00,0,361,,,,,,,,,,,,,,,,,,
21/05/2024 10:15:00,0,361,,,,,,,,,,,,,,,,,,
21/05/2024 10:00:00,0,361,,,,,,,,,,,,,,,,,,
21/05/2024 09:45:00,0,362,,,,,,,,,,,,,,,,,,
21/05/2024 09:30:00,0,362,,,,,,,,,,,,,,,,,,
21/05/2024 09:15:00,0,363,,,,,,,,,,,,,,,,,,
21/05/2024 09:00:00,0,363,,,,,,,,,,,,,,,,,,
21/05/2024 08:45:00,0,363,,,,,,,,,,,,,,,,,,
21/05/2024 08:30:00,0,365,,,,,,,,,,,,,,,,,,
21/05/2024 08:15:00,0,365,,,,,,,,,,,,,,,,,,
21/05/2024 08:00:00,0,365,,,,,,,,,,,,,,,,,,
21/05/2024 07:45:00,0,366,,,,,,,,,,,,,,,,,,
21/05/2024 07:30:00,0,367,,,,,,,,,,,,,,,,,,
21/05/2024 07:15:00,0,368,,,,,,,,,,,,,,,,,,
21/05/2024 07:00:00,0,368,,,,,,,,,,,,,,,,,,
21/05/2024 06:45:00,0,369,,,,,,,,,,,,,,,,,,
21/05/2024 06:30:00,0,369,,,,,,,,,,,,,,,,,,
21/05/2024 06:15:00,0,369,,,,,,,,,,,,,,,,,,
21/05/2024 06:00:00,0,371,,,,,,,,,,,,,,,,,,
21/05/2024 05:45:00,0,371,,,,,,,,,,,,,,,,,,
21/05/2024 05:30:00,0,372,,,,,,,,,,,,,,,,,,
21/05/2024 05:15:00,0,372,,,,,,,,,,,,,,,,,,
21/05/2024 05:00:00,0,372,,,,,,,,,,,,,,,,,,
21/05/2024 04:45:00,0,372,,,,,,,,,,,,,,,,,,
21/05/2024 04:30:00,0.2,374,,,,,,,,,,,,,,,,,,
21/05/2024 04:15:00,0,374,,,,,,,,,,,,,,,,,,
21/05/2024 04:00:00,0,375,,,,,,,,,,,,,,,,,,
21/05/2024 03:45:00,0,376,,,,,,,,,,,,,,,,,,
21/05/2024 03:30:00,0,376,,,,,,,,,,,,,,,,,,
21/05/2024 03:15:00,0,376,,,,,,,,,,,,,,,,,,
21/05/2024 03:00:00,0,377,,,,,,,,,,,,,,,,,,
21/05/2024 02:45:00,0,378,,,,,,,,,,,,,,,,,,
21/05/2024 02:30:00,0,378,,,,,,,,,,,,,,,,,,
21/05/2024 02:15:00,0,378,,,,,,,,,,,,,,,,,,
21/05/2024 02:00:00,0,380,,,,,,,,,,,,,,,,,,
21/05/2024 01:45:00,0,380,,,,,,,,,,,,,,,,,,
21/05/2024 01:30:00,0,380,,,,,,,,,,,,,,,,,,
21/05/2024 01:15:00,0,381,,,,,,,,,,,,,,,,,,
21/05/2024 01:00:00,0,381,,,,,,,,,,,,,,,,,,
21/05/2024 00:45:00,0,382,,,,,,,,,,,,,,,,,,
21/05/2024 00:30:00,0,382,,,,,,,,,,,,,,,,,,
21/05/2024 00:15:00,0,383,,,,,,,,,,,,,,,,,,
21/05/2024 00:00:00,0,384,,,,,,,,,,,,,,,,,,
20/05/2024 23:45:00,0,384,,,,,,,,,,,,,,,,,,
20/05/2024 23:30:00,0,385,,,,,,,,,,,,,,,,,,
20/05/2024 23:15:00,0,385,,,,,,,,,,,,,,,,,,
20/05/2024 23:00:00,0,386,,,,,,,,,,,,,,,,,,
20/05/2024 22:45:00,0,385,,,,,,,,,,,,,,,,,,
20/05/2024 22:30:00,0,386,,,,,,,,,,,,,,,,,,
20/05/2024 22:15:00,0,387,,,,,,,,,,,,,,,,,,
20/05/2024 22:00:00,0,387,,,,,,,,,,,,,,,,,,
20/05/2024 21:45:00,0,388,,,,,,,,,,,,,,,,,,
20/05/2024 21:30:00,0,389,,,,,,,,,,,,,,,,,,
20/05/2024 21:15:00,0,389,,,,,,,,,,,,,,,,,,
20/05/2024 21:00:00,0,389,,,,,,,,,,,,,,,,,,
20/05/2024 20:45:00,0,390,,,,,,,,,,,,,,,,,,
20/05/2024 20:30:00,0,390,,,,,,,,,,,,,,,,,,
20/05/2024 20:15:00,0,391,,,,,,,,,,,,,,,,,,
20/05/2024 20:00:00,0,391,,,,,,,,,,,,,,,,,,
20/05/2024 19:45:00,0,392,,,,,,,,,,,,,,,,,,
20/05/2024 19:30:00,0,392,,,,,,,,,,,,,,,,,,
20/05/2024 19:15:00,0,393,,,,,,,,,,,,,,,,,,
20/05/2024 19:00:00,0,394,,,,,,,,,,,,,,,,,,
20/05/2024 18:45:00,0,394,,,,,,,,,,,,,,,,,,
20/05/2024 18:30:00,0,394,,,,,,,,,,,,,,,,,,
20/05/2024 18:15:00,0,394,,,,,,,,,,,,,,,,,,
20/05/2024 18:00:00,0,395,,,,,,,,,,,,,,,,,,
20/05/2024 17:45:00,0,395,,,,,,,,,,,,,,,,,,
20/05/2024 17:30:00,0,396,,,,,,,,,,,,,,,,,,
20/05/2024 17:15:00,0,396,,,,,,,,,,,,,,,,,,
20/05/2024 17:00:00,0,397,,,,,,,,,,,,,,,,,,
20/05/2024 16:45:00,0,397,,,,,,,,,,,,,,,,,,
20/05/2024 16:30:00,0,397,,,,,,,,,,,,,,,,,,
20/05/2024 16:15:00,0,397,,,,,,,,,,,,,,,,,,
20/05/2024 16:00:00,0,399,,,,,,,,,,,,,,,,,,
20/05/2024 15:45:00,0,399,,,,,,,,,,,,,,,,,,
20/05/2024 15:30:00,0,400,,,,,,,,,,,,,,,,,,
20/05/2024 15:15:00,0,400,,,,,,,,,,,,,,,,,,
20/05/2024 15:00:00,0,401,,,,,,,,,,,,,,,,,,
20/05/2024 14:45:00,0,401,,,,,,,,,,,,,,,,,,
20/05/2024 14:30:00,0,402,,,,,,,,,,,,,,,,,,
20/05/2024 14:15:00,0,402,,,,,,,,,,,,,,,,,,
20/05/2024 14:00:00,0,403,,,,,,,,,,,,,,,,,,
20/05/2024 13:45:00,0,404,,,,,,,,,,,,,,,,,,
20/05/2024 13:30:00,0,404,,,,,,,,,,,,,,,,,,
20/05/2024 13:15:00,0,404,,,,,,,,,,,,,,,,,,
20/05/2024 13:00:00,0,405,,,,,,,,,,,,,,,,,,
20/05/2024 12:45:00,0,406,,,,,,,,,,,,,,,,,,
20/05/2024 12:30:00,0,406,,,,,,,,,,,,,,,,,,
20/05/2024 12:15:00,0,408,,,,,,,,,,,,,,,,,,
20/05/2024 12:00:00,0,408,,,,,,,,,,,,,,,,,,
20/05/2024 11:45:00,0,408,,,,,,,,,,,,,,,,,,
20/05/2024 11:30:00,0,410,,,,,,,,,,,,,,,,,,
20/05/2024 11:15:00,0,410,,,,,,,,,,,,,,,,,,
20/05/2024 11:00:00,0,411,,,,,,,,,,,,,,,,,,
20/05/2024 10:45:00,0,411,,,,,,,,,,,,,,,,,,
20/05/2024 10:30:00,0,411,,,,,,,,,,,,,,,,,,
20/05/2024 10:15:00,0,413,,,,,,,,,,,,,,,,,,
20/05/2024 10:00:00,0,414,,,,,,,,,,,,,,,,,,
20/05/2024 09:45:00,0,414,,,,,,,,,,,,,,,,,,
20/05/2024 09:30:00,0,415,,,,,,,,,,,,,,,,,,
20/05/2024 09:15:00,0,416,,,,,,,,,,,,,,,,,,
20/05/2024 09:00:00,0,417,,,,,,,,,,,,,,,,,,
20/05/2024 08:45:00,0,417,,,,,,,,,,,,,,,,,,
20/05/2024 08:30:00,0,418,,,,,,,,,,,,,,,,,,
20/05/2024 08:15:00,0,419,,,,,,,,,,,,,,,,,,
20/05/2024 08:00:00,0,420,,,,,,,,,,,,,,,,,,
20/05/2024 07:45:00,0,421,,,,,,,,,,,,,,,,,,
20/05/2024 07:30:00,0,421,,,,,,,,,,,,,,,,,,
20/05/2024 07:15:00,0,423,,,,,,,,,,,,,,,,,,
20/05/2024 07:00:00,0,423,,,,,,,,,,,,,,,,,,
20/05/2024 06:45:00,0,424,,,,,,,,,,,,,,,,,,
20/05/2024 06:30:00,0,425,,,,,,,,,,,,,,,,,,
20/05/2024 06:15:00,0,425,,,,,,,,,,,,,,,,,,
20/05/2024 06:00:00,0,427,,,,,,,,,,,,,,,,,,
20/05/2024 05:45:00,0,427,,,,,,,,,,,,,,,,,,
20/05/2024 05:30:00,0,428,,,,,,,,,,,,,,,,,,
20/05/2024 05:15:00,0,428,,,,,,,,,,,,,,,,,,
20/05/2024 05:00:00,0,429,,,,,,,,,,,,,,,,,,
20/05/2024 04:45:00,0,430,,,,,,,,,,,,,,,,,,
20/05/2024 04:30:00,0.2,430,,,,,,,,,,,,,,,,,,
20/05/2024 04:15:00,0,432,,,,,,,,,,,,,,,,,,
20/05/2024 04:00:00,0,433,,,,,,,,,,,,,,,,,,
20/05/2024 03:45:00,0,434,,,,,,,,,,,,,,,,,,
20/05/2024 03:30:00,0,434,,,,,,,,,,,,,,,,,,
20/05/2024 03:15:00,0,436,,,,,,,,,,,,,,,,,,
20/05/2024 03:00:00,0,436,,,,,,,,,,,,,,,,,,
20/05/2024 02:45:00,0,437,,,,,,,,,,,,,,,,,,
20/05/2024 02:30:00,0,439,,,,,,,,,,,,,,,,,,
20/05/2024 02:15:00,0,438,,,,,,,,,,,,,,,,,,
20/05/2024 02:00:00,0,440,,,,,,,,,,,,,,,,,,
20/05/2024 01:45:00,0,441,,,,,,,,,,,,,,,,,,
20/05/2024 01:30:00,0,442,,,,,,,,,,,,,,,,,,
20/05/2024 01:15:00,0,442,,,,,,,,,,,,,,,,,,
20/05/2024 01:00:00,0,443,,,,,,,,,,,,,,,,,,
20/05/2024 00:45:00,0,444,,,,,,,,,,,,,,,,,,
20/05/2024 00:30:00,0,446,,,,,,,,,,,,,,,,,,
20/05/2024 00:15:00,0,446,,,,,,,,,,,,,,,,,,
20/05/2024 00:00:00,0,446,,,,,,,,,,,,,,,,,,
19/05/2024 23:45:00,0,448,,,,,,,,,,,,,,,,,,
19/05/2024 23:30:00,0,449,,,,,,,,,,,,,,,,,,
19/05/2024 23:15:00,0,450,,,,,,,,,,,,,,,,,,
19/05/2024 23:00:00,0,451,,,,,,,,,,,,,,,,,,
19/05/2024 22:45:00,0,451,,,,,,,,,,,,,,,,,,
19/05/2024 22:30:00,0,452,,,,,,,,,,,,,,,,,,
19/05/2024 22:15:00,0,454,,,,,,,,,,,,,,,,,,
19/05/2024 22:00:00,0,454,,,,,,,,,,,,,,,,,,
19/05/2024 21:45:00,0,455,,,,,,,,,,,,,,,,,,
19/05/2024 21:30:00,0,456,,,,,,,,,,,,,,,,,,
19/05/2024 21:15:00,0,457,,,,,,,,,,,,,,,,,,
19/05/2024 21:00:00,0,458,,,,,,,,,,,,,,,,,,
19/05/2024 20:45:00,0,459,,,,,,,,,,,,,,,,,,
19/05/2024 20:30:00,0,460,,,,,,,,,,,,,,,,,,
19/05/2024 20:15:00,0,461,,,,,,,,,,,,,,,,,,
19/05/2024 20:00:00,0,462,,,,,,,,,,,,,,,,,,
19/05/2024 19:45:00,0,462,,,,,,,,,,,,,,,,,,
19/05/2024 19:30:00,0,464,,,,,,,,,,,,,,,,,,
19/05/2024 19:15:00,0,465,,,,,,,,,,,,,,,,,,
19/05/2024 19:00:00,0,466,,,,,,,,,,,,,,,,,,
19/05/2024 18:45:00,0,467,,,,,,,,,,,,,,,,,,
19/05/2024 18:30:00,0,468,,,,,,,,,,,,,,,,,,
19/05/2024 18:15:00,0,469,,,,,,,,,,,,,,,,,,
19/05/2024 18:00:00,0,469,,,,,,,,,,,,,,,,,,
19/05/2024 17:45:00,0,470,,,,,,,,,,,,,,,,,,
19/05/2024 17:30:00,0,472,,,,,,,,,,,,,,,,,,
19/05/2024 17:15:00,0,472,,,,,,,,,,,,,,,,,,
19/05/2024 17:00:00,0,473,,,,,,,,,,,,,,,,,,
19/05/2024 16:45:00,0,474,,,,,,,,,,,,,,,,,,
19/05/2024 16:30:00,0,475,,,,,,,,,,,,,,,,,,
19/05/2024 16:15:00,0,477,,,,,,,,,,,,,,,,,,
19/05/2024 16:00:00,0,478,,,,,,,,,,,,,,,,,,
19/05/2024 15:45:00,0,479,,,,,,,,,,,,,,,,,,
19/05/2024 15:30:00,0,480,,,,,,,,,,,,,,,,,,
19/05/2024 15:15:00,0,480,,,,,,,,,,,,,,,,,,
19/05/2024 15:00:00,0,481,,,,,,,,,,,,,,,,,,
19/05/2024 14:45:00,0,482,,,,,,,,,,,,,,,,,,
19/05/2024 14:30:00,0,483,,,,,,,,,,,,,,,,,,
19/05/2024 14:15:00,0,485,,,,,,,,,,,,,,,,,,
19/05/2024 14:00:00,0,486,,,,,,,,,,,,,,,,,,
19/05/2024 13:45:00,0,487,,,,,,,,,,,,,,,,,,
19/05/2024 13:30:00,0,487,,,,,,,,,,,,,,,,,,
19/05/2024 13:15:00,0,489,,,,,,,,,,,,,,,,,,
19/05/2024 13:00:00,0,490,,,,,,,,,,,,,,,,,,
19/05/2024 12:45:00,0,491,,,,,,,,,,,,,,,,,,
19/05/2024 12:30:00,0,492,,,,,,,,,,,,,,,,,,
19/05/2024 12:15:00,0,493,,,,,,,,,,,,,,,,,,
19/05/2024 12:00:00,0,494,,,,,,,,,,,,,,,,,,
19/05/2024 11:45:00,0,496,,,,,,,,,,,,,,,,,,
19/05/2024 11:30:00,0,497,,,,,,,,,,,,,,,,,,
19/05/2024 11:15:00,0,497,,,,,,,,,,,,,,,,,,
19/05/2024 11:00:00,0,498,,,,,,,,,,,,,,,,,,
19/05/2024 10:45:00,0,499,,,,,,,,,,,,,,,,,,
19/05/2024 10:30:00,0,500,,,,,,,,,,,,,,,,,,
19/05/2024 10:15:00,0,502,,,,,,,,,,,,,,,,,,
19/05/2024 10:00:00,0,503,,,,,,,,,,,,,,,,,,
19/05/2024 09:45:00,0.2,504,,,,,,,,,,,,,,,,,,
19/05/2024 09:30:00,0,503,,,,,,,,,,,,,,,,,,
19/05/2024 09:15:00,0,505,,,,,,,,,,,,,,,,,,
19/05/2024 09:00:00,0,507,,,,,,,,,,,,,,,,,,
19/05/2024 08:45:00,0.2,508,,,,,,,,,,,,,,,,,,
19/05/2024 08:30:00,0.2,509,,,,,,,,,,,,,,,,,,
19/05/2024 08:15:00,0,510,,,,,,,,,,,,,,,,,,
19/05/2024 08:00:00,0,511,,,,,,,,,,,,,,,,,,
19/05/2024 07:45:00,0,512,,,,,,,,,,,,,,,,,,
19/05/2024 07:30:00,0,513,,,,,,,,,,,,,,,,,,
19/05/2024 07:15:00,0,514,,,,,,,,,,,,,,,,,,
19/05/2024 07:00:00,0,516,,,,,,,,,,,,,,,,,,
19/05/2024 06:45:00,0,517,,,,,,,,,,,,,,,,,,
19/05/2024 06:30:00,0.2,518,,,,,,,,,,,,,,,,,,
19/05/2024 06:15:00,0,520,,,,,,,,,,,,,,,,,,
19/05/2024 06:00:00,0,520,,,,,,,,,,,,,,,,,,
19/05/2024 05:45:00,0,521,,,,,,,,,,,,,,,,,,
19/05/2024 05:30:00,0,522,,,,,,,,,,,,,,,,,,
19/05/2024 05:15:00,0,523,,,,,,,,,,,,,,,,,,
19/05/2024 05:00:00,0,524,,,,,,,,,,,,,,,,,,
19/05/2024 04:45:00,0,525,,,,,,,,,,,,,,,,,,
19/05/2024 04:30:00,0,526,,,,,,,,,,,,,,,,,,
19/05/2024 04:15:00,0,527,,,,,,,,,,,,,,,,,,
19/05/2024 04:00:00,0,529,,,,,,,,,,,,,,,,,,
19/05/2024 03:45:00,0,529,,,,,,,,,,,,,,,,,,
19/05/2024 03:30:00,0,530,,,,,,,,,,,,,,,,,,
19/05/2024 03:15:00,0,532,,,,,,,,,,,,,,,,,,
19/05/2024 03:00:00,0,532,,,,,,,,,,,,,,,,,,
19/05/2024 02:45:00,0,533,,,,,,,,,,,,,,,,,,
19/05/2024 02:30:00,0,534,,,,,,,,,,,,,,,,,,
19/05/2024 02:15:00,0,535,,,,,,,,,,,,,,,,,,
19/05/2024 02:00:00,0,536,,,,,,,,,,,,,,,,,,
19/05/2024 01:45:00,0,537,,,,,,,,,,,,,,,,,,
19/05/2024 01:30:00,0,538,,,,,,,,,,,,,,,,,,
19/05/2024 01:15:00,0,539,,,,,,,,,,,,,,,,,,
19/05/2024 01:00:00,0,541,,,,,,,,,,,,,,,,,,
19/05/2024 00:45:00,0,541,,,,,,,,,,,,,,,,,,
19/05/2024 00:30:00,0,543,,,,,,,,,,,,,,,,,,
19/05/2024 00:15:00,0,544,,,,,,,,,,,,,,,,,,
19/05/2024 00:00:00,0,544,,,,,,,,,,,,,,,,,,
18/05/2024 23:45:00,0,545,,,,,,,,,,,,,,,,,,
18/05/2024 23:30:00,0,546,,,,,,,,,,,,,,,,,,
18/05/2024 23:15:00,0,547,,,,,,,,,,,,,,,,,,
18/05/2024 23:00:00,0,548,,,,,,,,,,,,,,,,,,
18/05/2024 22:45:00,0,549,,,,,,,,,,,,,,,,,,
18/05/2024 22:30:00,0,550,,,,,,,,,,,,,,,,,,
18/05/2024 22:15:00,0,551,,,,,,,,,,,,,,,,,,
18/05/2024 22:00:00,0,552,,,,,,,,,,,,,,,,,,
18/05/2024 21:45:00,0,552,,,,,,,,,,,,,,,,,,
18/05/2024 21:30:00,0,553,,,,,,,,,,,,,,,,,,
18/05/2024 21:15:00,0,554,,,,,,,,,,,,,,,,,,
18/05/2024 21:00:00,0,555,,,,,,,,,,,,,,,,,,
18/05/2024 20:45:00,0,556,,,,,,,,,,,,,,,,,,
18/05/2024 20:30:00,0,557,,,,,,,,,,,,,,,,,,
18/05/2024 20:15:00,0,558,,,,,,,,,,,,,,,,,,
18/05/2024 20:00:00,0,559,,,,,,,,,,,,,,,,,,
18/05/2024 19:45:00,0,560,,,,,,,,,,,,,,,,,,
18/05/2024 19:30:00,0,561,,,,,,,,,,,,,,,,,,
18/05/2024 19:15:00,0,562,,,,,,,,,,,,,,,,,,
18/05/2024 19:00:00,0,562,,,,,,,,,,,,,,,,,,
18/05/2024 18:45:00,0,563,,,,,,,,,,,,,,,,,,
18/05/2024 18:30:00,0,563,,,,,,,,,,,,,,,,,,
18/05/2024 18:15:00,0,564,,,,,,,,,,,,,,,,,,
18/05/2024 18:00:00,0,565,,,,,,,,,,,,,,,,,,
18/05/2024 17:45:00,0,566,,,,,,,,,,,,,,,,,,
18/05/2024 17:30:00,0,567,,,,,,,,,,,,,,,,,,
18/05/2024 17:15:00,0,568,,,,,,,,,,,,,,,,,,
18/05/2024 17:00:00,0,568,,,,,,,,,,,,,,,,,,
18/05/2024 16:45:00,0,570,,,,,,,,,,,,,,,,,,
18/05/2024 16:30:00,0,570,,,,,,,,,,,,,,,,,,
18/05/2024 16:15:00,0,571,,,,,,,,,,,,,,,,,,
18/05/2024 16:00:00,0,571,,,,,,,,,,,,,,,,,,
18/05/2024 15:45:00,0,572,,,,,,,,,,,,,,,,,,
18/05/2024 15:30:00,0,573,,,,,,,,,,,,,,,,,,
18/05/2024 15:15:00,0,573,,,,,,,,,,,,,,,,,,
18/05/2024 15:00:00,0,575,,,,,,,,,,,,,,,,,,
18/05/2024 14:45:00,0,575,,,,,,,,,,,,,,,,,,
18/05/2024 14:30:00,0,576,,,,,,,,,,,,,,,,,,
18/05/2024 14:15:00,0,577,,,,,,,,,,,,,,,,,,
18/05/2024 14:00:00,0,577,,,,,,,,,,,,,,,,,,
18/05/2024 13:45:00,0.2,578,,,,,,,,,,,,,,,,,,
18/05/2024 13:30:00,0,579,,,,,,,,,,,,,,,,,,
18/05/2024 13:15:00,0,579,,,,,,,,,,,,,,,,,,
18/05/2024 13:00:00,0,580,,,,,,,,,,,,,,,,,,
18/05/2024 12:45:00,0,580,,,,,,,,,,,,,,,,,,
18/05/2024 12:30:00,0,581,,,,,,,,,,,,,,,,,,
18/05/2024 12:15:00,0,582,,,,,,,,,,,,,,,,,,
18/05/2024 12:00:00,0,583,,,,,,,,,,,,,,,,,,
18/05/2024 11:45:00,0,582,,,,,,,,,,,,,,,,,,
18/05/2024 11:30:00,0,584,,,,,,,,,,,,,,,,,,
18/05/2024 11:15:00,0,584,,,,,,,,,,,,,,,,,,
18/05/2024 11:00:00,0,585,,,,,,,,,,,,,,,,,,
18/05/2024 10:45:00,0,585,,,,,,,,,,,,,,,,,,
18/05/2024 10:30:00,0,586,,,,,,,,,,,,,,,,,,
18/05/2024 10:15:00,0,587,,,,,,,,,,,,,,,,,,
18/05/2024 10:00:00,0,587,,,,,,,,,,,,,,,,,,
18/05/2024 09:45:00,0,587,,,,,,,,,,,,,,,,,,
18/05/2024 09:30:00,0,588,,,,,,,,,,,,,,,,,,
18/05/2024 09:15:00,0,589,,,,,,,,,,,,,,,,,,
18/05/2024 09:00:00,0,589,,,,,,,,,,,,,,,,,,
18/05/2024 08:45:00,0,589,,,,,,,,,,,,,,,,,,
18/05/2024 08:30:00,0,591,,,,,,,,,,,,,,,,,,
18/05/2024 08:15:00,0,591,,,,,,,,,,,,,,,,,,
18/05/2024 08:00:00,0,591,,,,,,,,,,,,,,,,,,
18/05/2024 07:45:00,0,591,,,,,,,,,,,,,,,,,,
18/05/2024 07:30:00,0,592,,,,,,,,,,,,,,,,,,
18/05/2024 07:15:00,0,593,,,,,,,,,,,,,,,,,,
18/05/2024 07:00:00,0,593,,,,,,,,,,,,,,,,,,
18/05/2024 06:45:00,0,593,,,,,,,,,,,,,,,,,,
18/05/2024 06:30:00,0,594,,,,,,,,,,,,,,,,,,
18/05/2024 06:15:00,0,594,,,,,,,,,,,,,,,,,,
18/05/2024 06:00:00,0,595,,,,,,,,,,,,,,,,,,
18/05/2024 05:45:00,0,595,,,,,,,,,,,,,,,,,,
18/05/2024 05:30:00,0,595,,,,,,,,,,,,,,,,,,
18/05/2024 05:15:00,0,596,,,,,,,,,,,,,,,,,,
18/05/2024 05:00:00,0,595,,,,,,,,,,,,,,,,,,
18/05/2024 04:45:00,0,597,,,,,,,,,,,,,,,,,,
18/05/2024 04:30:00,0,598,,,,,,,,,,,,,,,,,,
18/05/2024 04:15:00,0,598,,,,,,,,,,,,,,,,,,
18/05/2024 04:00:00,0,598,,,,,,,,,,,,,,,,,,
18/05/2024 03:45:00,0,599,,,,,,,,,,,,,,,,,,
18/05/2024 03:30:00,0,599,,,,,,,,,,,,,,,,,,
18/05/2024 03:15:00,0,600,,,,,,,,,,,,,,,,,,
18/05/2024 03:00:00,0,599,,,,,,,,,,,,,,,,,,
18/05/2024 02:45:00,0.2,600,,,,,,,,,,,,,,,,,,
18/05/2024 02:30:00,0,600,,,,,,,,,,,,,,,,,,
18/05/2024 02:15:00,0,600,,,,,,,,,,,,,,,,,,
18/05/2024 02:00:00,0,601,,,,,,,,,,,,,,,,,,
18/05/2024 01:45:00,0,599,,,,,,,,,,,,,,,,,,
18/05/2024 01:30:00,0,601,,,,,,,,,,,,,,,,,,
18/05/2024 01:15:00,0,601,,,,,,,,,,,,,,,,,,
18/05/2024 01:00:00,0,601,,,,,,,,,,,,,,,,,,
18/05/2024 00:45:00,0,602,,,,,,,,,,,,,,,,,,
18/05/2024 00:30:00,0,601,,,,,,,,,,,,,,,,,,
18/05/2024 00:15:00,0,601,,,,,,,,,,,,,,,,,,
18/05/2024 00:00:00,0,602,,,,,,,,,,,,,,,,,,
17/05/2024 23:45:00,0,603,,,,,,,,,,,,,,,,,,
17/05/2024 23:30:00,0,603,,,,,,,,,,,,,,,,,,
17/05/2024 23:15:00,0,602,,,,,,,,,,,,,,,,,,
17/05/2024 23:00:00,0,603,,,,,,,,,,,,,,,,,,
17/05/2024 22:45:00,0,603,,,,,,,,,,,,,,,,,,
17/05/2024 22:30:00,0,603,,,,,,,,,,,,,,,,,,
17/05/2024 22:15:00,0,603,,,,,,,,,,,,,,,,,,
17/05/2024 22:00:00,0,604,,,,,,,,,,,,,,,,,,
17/05/2024 21:45:00,0,603,,,,,,,,,,,,,,,,,,
17/05/2024 21:30:00,0,603,,,,,,,,,,,,,,,,,,
17/05/2024 21:15:00,0,603,,,,,,,,,,,,,,,,,,
17/05/2024 21:00:00,0,605,,,,,,,,,,,,,,,,,,
17/05/2024 20:45:00,0,604,,,,,,,,,,,,,,,,,,
17/05/2024 20:30:00,0,604,,,,,,,,,,,,,,,,,,
17/05/2024 20:15:00,0,603,,,,,,,,,,,,,,,,,,
17/05/2024 20:00:00,0,604,,,,,,,,,,,,,,,,,,
17/05/2024 19:45:00,0,604,,,,,,,,,,,,,,,,,,
17/05/2024 19:30:00,0,604,,,,,,,,,,,,,,,,,,
17/05/2024 19:15:00,0,604,,,,,,,,,,,,,,,,,,
17/05/2024 19:00:00,0.2,605,,,,,,,,,,,,,,,,,,
17/05/2024 18:45:00,0,604,,,,,,,,,,,,,,,,,,
17/05/2024 18:30:00,0,604,,,,,,,,,,,,,,,,,,
17/05/2024 18:15:00,0.2,604,,,,,,,,,,,,,,,,,,
17/05/2024 18:00:00,0,605,,,,,,,,,,,,,,,,,,
17/05/2024 17:45:00,0,604,,,,,,,,,,,,,,,,,,
17/05/2024 17:30:00,0,605,,,,,,,,,,,,,,,,,,
17/05/2024 17:15:00,0,606,,,,,,,,,,,,,,,,,,
17/05/2024 17:00:00,0,605,,,,,,,,,,,,,,,,,,
17/05/2024 16:45:00,0,604,,,,,,,,,,,,,,,,,,
17/05/2024 16:30:00,0,605,,,,,,,,,,,,,,,,,,
17/05/2024 16:15:00,0,605,,,,,,,,,,,,,,,,,,
17/05/2024 16:00:00,0,604,,,,,,,,,,,,,,,,,,
17/05/2024 15:45:00,0,605,,,,,,,,,,,,,,,,,,
17/05/2024 15:30:00,0,605,,,,,,,,,,,,,,,,,,
17/05/2024 15:15:00,0,605,,,,,,,,,,,,,,,,,,
17/05/2024 15:00:00,0,606,,,,,,,,,,,,,,,,,,
17/05/2024 14:45:00,0,606,,,,,,,,,,,,,,,,,,
17/05/2024 14:30:00,0,606,,,,,,,,,,,,,,,,,,
17/05/2024 14:15:00,0,606,,,,,,,,,,,,,,,,,,
17/05/2024 14:00:00,0,607,,,,,,,,,,,,,,,,,,
17/05/2024 13:45:00,0,606,,,,,,,,,,,,,,,,,,
17/05/2024 13:30:00,0,606,,,,,,,,,,,,,,,,,,
17/05/2024 13:15:00,0,607,,,,,,,,,,,,,,,,,,
17/05/2024 13:00:00,0,607,,,,,,,,,,,,,,,,,,
17/05/2024 12:45:00,0,608,,,,,,,,,,,,,,,,,,
17/05/2024 12:30:00,0,608,,,,,,,,,,,,,,,,,,
17/05/2024 12:15:00,0,608,,,,,,,,,,,,,,,,,,
17/05/2024 12:00:00,0,609,,,,,,,,,,,,,,,,,,
17/05/2024 11:45:00,0,609,,,,,,,,,,,,,,,,,,
17/05/2024 11:30:00,0,609,,,,,,,,,,,,,,,,,,
17/05/2024 11:15:00,0,610,,,,,,,,,,,,,,,,,,
17/05/2024 11:00:00,0,610,,,,,,,,,,,,,,,,,,
17/05/2024 10:45:00,0,611,,,,,,,,,,,,,,,,,,
17/05/2024 10:30:00,0,611,,,,,,,,,,,,,,,,,,
17/05/2024 10:15:00,0,612,,,,,,,,,,,,,,,,,,
17/05/2024 10:00:00,0,612,,,,,,,,,,,,,,,,,,
17/05/2024 09:45:00,0,613,,,,,,,,,,,,,,,,,,
17/05/2024 09:30:00,0,613,,,,,,,,,,,,,,,,,,
17/05/2024 09:15:00,0,614,,,,,,,,,,,,,,,,,,
17/05/2024 09:00:00,0,615,,,,,,,,,,,,,,,,,,
17/05/2024 08:45:00,0,615,,,,,,,,,,,,,,,,,,
17/05/2024 08:30:00,0,616,,,,,,,,,,,,,,,,,,
17/05/2024 08:15:00,0,616,,,,,,,,,,,,,,,,,,
17/05/2024 08:00:00,0,617,,,,,,,,,,,,,,,,,,
17/05/2024 07:45:00,0,617,,,,,,,,,,,,,,,,,,
17/05/2024 07:30:00,0,618,,,,,,,,,,,,,,,,,,
17/05/2024 07:15:00,0,619,,,,,,,,,,,,,,,,,,
17/05/2024 07:00:00,0,619,,,,,,,,,,,,,,,,,,
17/05/2024 06:45:00,0,621,,,,,,,,,,,,,,,,,,
17/05/2024 06:30:00,0,622,,,,,,,,,,,,,,,,,,
17/05/2024 06:15:00,0,621,,,,,,,,,,,,,,,,,,
17/05/2024 06:00:00,0,622,,,,,,,,,,,,,,,,,,
17/05/2024 05:45:00,0,623,,,,,,,,,,,,,,,,,,
17/05/2024 05:30:00,0.2,624,,,,,,,,,,,,,,,,,,
17/05/2024 05:15:00,0,624,,,,,,,,,,,,,,,,,,
17/05/2024 05:00:00,0,625,,,,,,,,,,,,,,,,,,
17/05/2024 04:45:00,0.4,627,,,,,,,,,,,,,,,,,,
17/05/2024 04:30:00,0,627,,,,,,,,,,,,,,,,,,
17/05/2024 04:15:00,0.6,628,,,,,,,,,,,,,,,,,,
17/05/2024 04:00:00,0.4,629,,,,,,,,,,,,,,,,,,
17/05/2024 03:45:00,0.6,629,,,,,,,,,,,,,,,,,,
17/05/2024 03:30:00,0.8,630,,,,,,,,,,,,,,,,,,
17/05/2024 03:15:00,0.6,632,,,,,,,,,,,,,,,,,,
17/05/2024 03:00:00,0.4,632,,,,,,,,,,,,,,,,,,
17/05/2024 02:45:00,0.4,633,,,,,,,,,,,,,,,,,,
17/05/2024 02:30:00,0.4,635,,,,,,,,,,,,,,,,,,
17/05/2024 02:15:00,0.4,636,,,,,,,,,,,,,,,,,,
17/05/2024 02:00:00,0.2,637,,,,,,,,,,,,,,,,,,
17/05/2024 01:45:00,0.2,638,,,,,,,,,,,,,,,,,,
17/05/2024 01:30:00,0.2,640,,,,,,,,,,,,,,,,,,
17/05/2024 01:15:00,0.2,640,,,,,,,,,,,,,,,,,,
17/05/2024 01:00:00,0,642,,,,,,,,,,,,,,,,,,
17/05/2024 00:45:00,0,643,,,,,,,,,,,,,,,,,,
17/05/2024 00:30:00,0,644,,,,,,,,,,,,,,,,,,
17/05/2024 00:15:00,0.4,646,,,,,,,,,,,,,,,,,,
17/05/2024 00:00:00,0.2,647,,,,,,,,,,,,,,,,,,
16/05/2024 23:45:00,0,647,,,,,,,,,,,,,,,,,,
16/05/2024 23:30:00,0.2,649,,,,,,,,,,,,,,,,,,
16/05/2024 23:15:00,0,651,,,,,,,,,,,,,,,,,,
16/05/2024 23:00:00,0,652,,,,,,,,,,,,,,,,,,
16/05/2024 22:45:00,0.2,653,,,,,,,,,,,,,,,,,,
16/05/2024 22:30:00,0.2,654,,,,,,,,,,,,,,,,,,
16/05/2024 22:15:00,0,655,,,,,,,,,,,,,,,,,,
16/05/2024 22:00:00,0,657,,,,,,,,,,,,,,,,,,
16/05/2024 21:45:00,0.2,658,,,,,,,,,,,,,,,,,,
16/05/2024 21:30:00,0,660,,,,,,,,,,,,,,,,,,
16/05/2024 21:15:00,0,660,,,,,,,,,,,,,,,,,,
16/05/2024 21:00:00,0.2,662,,,,,,,,,,,,,,,,,,
16/05/2024 20:45:00,0,663,,,,,,,,,,,,,,,,,,
16/05/2024 20:30:00,0,665,,,,,,,,,,,,,,,,,,
16/05/2024 20:15:00,0.2,666,,,,,,,,,,,,,,,,,,
16/05/2024 20:00:00,0,668,,,,,,,,,,,,,,,,,,
16/05/2024 19:45:00,0,669,,,,,,,,,,,,,,,,,,
16/05/2024 19:30:00,0,669,,,,,,,,,,,,,,,,,,
16/05/2024 19:15:00,0,671,,,,,,,,,,,,,,,,,,
16/05/2024 19:00:00,0,673,,,,,,,,,,,,,,,,,,
16/05/2024 18:45:00,0,674,,,,,,,,,,,,,,,,,,
16/05/2024 18:30:00,0,676,,,,,,,,,,,,,,,,,,
16/05/2024 18:15:00,0.2,677,,,,,,,,,,,,,,,,,,
16/05/2024 18:00:00,0.2,679,,,,,,,,,,,,,,,,,,
16/05/2024 17:45:00,0.4,680,,,,,,,,,,,,,,,,,,
16/05/2024 17:30:00,0.2,681,,,,,,,,,,,,,,,,,,
16/05/2024 17:15:00,0,682,,,,,,,,,,,,,,,,,,
16/05/2024 17:00:00,0.2,684,,,,,,,,,,,,,,,,,,
16/05/2024 16:45:00,0.2,686,,,,,,,,,,,,,,,,,,
16/05/2024 16:30:00,0.2,687,,,,,,,,,,,,,,,,,,
16/05/2024 16:15:00,0.2,688,,,,,,,,,,,,,,,,,,
16/05/2024 16:00:00,0.2,690,,,,,,,,,,,,,,,,,,
16/05/2024 15:45:00,0.2,691,,,,,,,,,,,,,,,,,,
16/05/2024 15:30:00,0.4,692,,,,,,,,,,,,,,,,,,
16/05/2024 15:15:00,0.2,695,,,,,,,,,,,,,,,,,,
16/05/2024 15:00:00,0.4,696,,,,,,,,,,,,,,,,,,
16/05/2024 14:45:00,0,697,,,,,,,,,,,,,,,,,,
16/05/2024 14:30:00,0,698,,,,,,,,,,,,,,,,,,
16/05/2024 14:15:00,0.2,700,,,,,,,,,,,,,,,,,,
16/05/2024 14:00:00,0,701,,,,,,,,,,,,,,,,,,
16/05/2024 13:45:00,0,703,,,,,,,,,,,,,,,,,,
16/05/2024 13:30:00,0,704,,,,,,,,,,,,,,,,,,
16/05/2024 13:15:00,0,706,,,,,,,,,,,,,,,,,,
16/05/2024 13:00:00,0,708,,,,,,,,,,,,,,,,,,
16/05/2024 12:45:00,0.2,709,,,,,,,,,,,,,,,,,,
16/05/2024 12:30:00,0,711,,,,,,,,,,,,,,,,,,
16/05/2024 12:15:00,0,712,,,,,,,,,,,,,,,,,,
16/05/2024 12:00:00,0.2,713,,,,,,,,,,,,,,,,,,
16/05/2024 11:45:00,0.2,716,,,,,,,,,,,,,,,,,,
16/05/2024 11:30:00,0.2,716,,,,,,,,,,,,,,,,,,
16/05/2024 11:15:00,0,718,,,,,,,,,,,,,,,,,,
16/05/2024 11:00:00,0,720,,,,,,,,,,,,,,,,,,
16/05/2024 10:45:00,0,721,,,,,,,,,,,,,,,,,,
16/05/2024 10:30:00,0.2,723,,,,,,,,,,,,,,,,,,
16/05/2024 10:15:00,0,725,,,,,,,,,,,,,,,,,,
16/05/2024 10:00:00,0,726,,,,,,,,,,,,,,,,,,
16/05/2024 09:45:00,0,728,,,,,,,,,,,,,,,,,,
16/05/2024 09:30:00,0,729,,,,,,,,,,,,,,,,,,
16/05/2024 09:15:00,0,731,,,,,,,,,,,,,,,,,,
16/05/2024 09:00:00,0,733,,,,,,,,,,,,,,,,,,
16/05/2024 08:45:00,0,734,,,,,,,,,,,,,,,,,,
16/05/2024 08:30:00,0,736,,,,,,,,,,,,,,,,,,
16/05/2024 08:15:00,0,737,,,,,,,,,,,,,,,,,,
16/05/2024 08:00:00,0,739,,,,,,,,,,,,,,,,,,
16/05/2024 07:45:00,0,740,,,,,,,,,,,,,,,,,,
16/05/2024 07:30:00,0,741,,,,,,,,,,,,,,,,,,
16/05/2024 07:15:00,0,743,,,,,,,,,,,,,,,,,,
16/05/2024 07:00:00,0,745,,,,,,,,,,,,,,,,,,
16/05/2024 06:45:00,0,747,,,,,,,,,,,,,,,,,,
16/05/2024 06:30:00,0,749,,,,,,,,,,,,,,,,,,
16/05/2024 06:15:00,0,750,,,,,,,,,,,,,,,,,,
16/05/2024 06:00:00,0,751,,,,,,,,,,,,,,,,,,
16/05/2024 05:45:00,0,752,,,,,,,,,,,,,,,,,,
16/05/2024 05:30:00,0,755,,,,,,,,,,,,,,,,,,
16/05/2024 05:15:00,0,756,,,,,,,,,,,,,,,,,,
16/05/2024 05:00:00,0,757,,,,,,,,,,,,,,,,,,
16/05/2024 04:45:00,0,760,,,,,,,,,,,,,,,,,,
16/05/2024 04:30:00,0,760,,,,,,,,,,,,,,,,,,
16/05/2024 04:15:00,0,763,,,,,,,,,,,,,,,,,,
16/05/2024 04:00:00,0,764,,,,,,,,,,,,,,,,,,
16/05/2024 03:45:00,0,766,,,,,,,,,,,,,,,,,,
16/05/2024 03:30:00,0.2,768,,,,,,,,,,,,,,,,,,
16/05/2024 03:15:00,0,770,,,,,,,,,,,,,,,,,,
16/05/2024 03:00:00,0,770,,,,,,,,,,,,,,,,,,
16/05/2024 02:45:00,0,772,,,,,,,,,,,,,,,,,,
16/05/2024 02:30:00,0,774,,,,,,,,,,,,,,,,,,
16/05/2024 02:15:00,0,775,,,,,,,,,,,,,,,,,,
16/05/2024 02:00:00,0,778,,,,,,,,,,,,,,,,,,
16/05/2024 01:45:00,0,779,,,,,,,,,,,,,,,,,,
16/05/2024 01:30:00,0,780,,,,,,,,,,,,,,,,,,
16/05/2024 01:15:00,0,781,,,,,,,,,,,,,,,,,,
16/05/2024 01:00:00,0,783,,,,,,,,,,,,,,,,,,
16/05/2024 00:45:00,0,785,,,,,,,,,,,,,,,,,,
16/05/2024 00:30:00,0,786,,,,,,,,,,,,,,,,,,
16/05/2024 00:15:00,0,787,,,,,,,,,,,,,,,,,,
16/05/2024 00:00:00,0,788,,,,,,,,,,,,,,,,,,
15/05/2024 23:45:00,0,791,,,,,,,,,,,,,,,,,,
15/05/2024 23:30:00,0,792,,,,,,,,,,,,,,,,,,
15/05/2024 23:15:00,0,794,,,,,,,,,,,,,,,,,,
15/05/2024 23:00:00,0,795,,,,,,,,,,,,,,,,,,
15/05/2024 22:45:00,0,796,,,,,,,,,,,,,,,,,,
15/05/2024 22:30:00,0,798,,,,,,,,,,,,,,,,,,
15/05/2024 22:15:00,0,799,,,,,,,,,,,,,,,,,,
15/05/2024 22:00:00,0,800,,,,,,,,,,,,,,,,,,
15/05/2024 21:45:00,0,802,,,,,,,,,,,,,,,,,,
15/05/2024 21:30:00,0,804,,,,,,,,,,,,,,,,,,
15/05/2024 21:15:00,0,805,,,,,,,,,,,,,,,,,,
15/05/2024 21:00:00,0,806,,,,,,,,,,,,,,,,,,
15/05/2024 20:45:00,0,807,,,,,,,,,,,,,,,,,,
15/05/2024 20:30:00,0,809,,,,,,,,,,,,,,,,,,
15/05/2024 20:15:00,0,809,,,,,,,,,,,,,,,,,,
15/05/2024 20:00:00,0,812,,,,,,,,,,,,,,,,,,
15/05/2024 19:45:00,0,813,,,,,,,,,,,,,,,,,,
15/05/2024 19:30:00,0,815,,,,,,,,,,,,,,,,,,
15/05/2024 19:15:00,0,816,,,,,,,,,,,,,,,,,,
15/05/2024 19:00:00,0,817,,,,,,,,,,,,,,,,,,
15/05/2024 18:45:00,0,819,,,,,,,,,,,,,,,,,,
15/05/2024 18:30:00,0,819,,,,,,,,,,,,,,,,,,
15/05/2024 18:15:00,0,821,,,,,,,,,,,,,,,,,,
15/05/2024 18:00:00,0,822,,,,,,,,,,,,,,,,,,
15/05/2024 17:45:00,0,823,,,,,,,,,,,,,,,,,,
15/05/2024 17:30:00,0,825,,,,,,,,,,,,,,,,,,
15/05/2024 17:15:00,0,827,,,,,,,,,,,,,,,,,,
15/05/2024 17:00:00,0,828,,,,,,,,,,,,,,,,,,
15/05/2024 16:45:00,0,828,,,,,,,,,,,,,,,,,,
15/05/2024 16:30:00,0,830,,,,,,,,,,,,,,,,,,
15/05/2024 16:15:00,0,831,,,,,,,,,,,,,,,,,,
15/05/2024 16:00:00,0,834,,,,,,,,,,,,,,,,,,
15/05/2024 15:45:00,0,835,,,,,,,,,,,,,,,,,,
15/05/2024 15:30:00,0,836,,,,,,,,,,,,,,,,,,
15/05/2024 15:15:00,0,838,,,,,,,,,,,,,,,,,,
15/05/2024 15:00:00,0,837,,,,,,,,,,,,,,,,,,
15/05/2024 14:45:00,0,841,,,,,,,,,,,,,,,,,,
15/05/2024 14:30:00,0,840,,,,,,,,,,,,,,,,,,
15/05/2024 14:15:00,0,842,,,,,,,,,,,,,,,,,,
15/05/2024 14:00:00,0,844,,,,,,,,,,,,,,,,,,
15/05/2024 13:45:00,0,844,,,,,,,,,,,,,,,,,,
15/05/2024 13:30:00,0,846,,,,,,,,,,,,,,,,,,
15/05/2024 13:15:00,0,848,,,,,,,,,,,,,,,,,,
15/05/2024 13:00:00,0,848,,,,,,,,,,,,,,,,,,
15/05/2024 12:45:00,0,850,,,,,,,,,,,,,,,,,,
15/05/2024 12:30:00,0,852,,,,,,,,,,,,,,,,,,
15/05/2024 12:15:00,0,853,,,,,,,,,,,,,,,,,,
15/05/2024 12:00:00,0,854,,,,,,,,,,,,,,,,,,
15/05/2024 11:45:00,0,856,,,,,,,,,,,,,,,,,,
15/05/2024 11:30:00,0,858,,,,,,,,,,,,,,,,,,
15/05/2024 11:15:00,0,858,,,,,,,,,,,,,,,,,,
15/05/2024 11:00:00,0,859,,,,,,,,,,,,,,,,,,
15/05/2024 10:45:00,0,860,,,,,,,,,,,,,,,,,,
15/05/2024 10:30:00,0,861,,,,,,,,,,,,,,,,,,
15/05/2024 10:15:00,0,863,,,,,,,,,,,,,,,,,,
15/05/2024 10:00:00,0,865,,,,,,,,,,,,,,,,,,
15/05/2024 09:45:00,0,865,,,,,,,,,,,,,,,,,,
15/05/2024 09:30:00,0,867,,,,,,,,,,,,,,,,,,
15/05/2024 09:15:00,0,868,,,,,,,,,,,,,,,,,,
15/05/2024 09:00:00,0,869,,,,,,,,,,,,,,,,,,
15/05/2024 08:45:00,0,871,,,,,,,,,,,,,,,,,,
15/05/2024 08:30:00,0,873,,,,,,,,,,,,,,,,,,
15/05/2024 08:15:00,0,874,,,,,,,,,,,,,,,,,,
15/05/2024 08:00:00,0,873,,,,,,,,,,,,,,,,,,
15/05/2024 07:45:00,0,877,,,,,,,,,,,,,,,,,,
15/05/2024 07:30:00,0,878,,,,,,,,,,,,,,,,,,
15/05/2024 07:15:00,0,880,,,,,,,,,,,,,,,,,,
15/05/2024 07:00:00,0,879,,,,,,,,,,,,,,,,,,
15/05/2024 06:45:00,0,882,,,,,,,,,,,,,,,,,,
15/05/2024 06:30:00,0,884,,,,,,,,,,,,,,,,,,
15/05/2024 06:15:00,0,885,,,,,,,,,,,,,,,,,,
15/05/2024 06:00:00,0,886,,,,,,,,,,,,,,,,,,
15/05/2024 05:45:00,0,887,,,,,,,,,,,,,,,,,,
15/05/2024 05:30:00,0.2,889,,,,,,,,,,,,,,,,,,
15/05/2024 05:15:00,0,891,,,,,,,,,,,,,,,,,,
15/05/2024 05:00:00,0,891,,,,,,,,,,,,,,,,,,
15/05/2024 04:45:00,0,892,,,,,,,,,,,,,,,,,,
15/05/2024 04:30:00,0,893,,,,,,,,,,,,,,,,,,
15/05/2024 04:15:00,0,895,,,,,,,,,,,,,,,,,,
15/05/2024 04:00:00,0,897,,,,,,,,,,,,,,,,,,
15/05/2024 03:45:00,0,897,,,,,,,,,,,,,,,,,,
15/05/2024 03:30:00,0,898,,,,,,,,,,,,,,,,,,
15/05/2024 03:15:00,0,899,,,,,,,,,,,,,,,,,,
15/05/2024 03:00:00,0,901,,,,,,,,,,,,,,,,,,
15/05/2024 02:45:00,0,902,,,,,,,,,,,,,,,,,,
15/05/2024 02:30:00,0,904,,,,,,,,,,,,,,,,,,
15/05/2024 02:15:00,0,905,,,,,,,,,,,,,,,,,,
15/05/2024 02:00:00,0,907,,,,,,,,,,,,,,,,,,
15/05/2024 01:45:00,0,908,,,,,,,,,,,,,,,,,,
15/05/2024 01:30:00,0,909,,,,,,,,,,,,,,,,,,
15/05/2024 01:15:00,0,911,,,,,,,,,,,,,,,,,,
15/05/2024 01:00:00,0,911,,,,,,,,,,,,,,,,,,
15/05/2024 00:45:00,0,911,,,,,,,,,,,,,,,,,,
15/05/2024 00:30:00,0,912,,,,,,,,,,,,,,,,,,
15/05/2024 00:15:00,0,913,,,,,,,,,,,,,,,,,,
15/05/2024 00:00:00,0,917,,,,,,,,,,,,,,,,,,
14/05/2024 23:45:00,0,917,,,,,,,,,,,,,,,,,,
14/05/2024 23:30:00,0,918,,,,,,,,,,,,,,,,,,
14/05/2024 23:15:00,0,920,,,,,,,,,,,,,,,,,,
14/05/2024 23:00:00,0,920,,,,,,,,,,,,,,,,,,
14/05/2024 22:45:00,0,922,,,,,,,,,,,,,,,,,,
14/05/2024 22:30:00,0,923,,,,,,,,,,,,,,,,,,
14/05/2024 22:15:00,0,922,,,,,,,,,,,,,,,,,,
14/05/2024 22:00:00,0,926,,,,,,,,,,,,,,,,,,
14/05/2024 21:45:00,0,928,,,,,,,,,,,,,,,,,,
14/05/2024 21:30:00,0,927,,,,,,,,,,,,,,,,,,
14/05/2024 21:15:00,0,933,,,,,,,,,,,,,,,,,,
14/05/2024 21:00:00,0,929,,,,,,,,,,,,,,,,,,
14/05/2024 20:45:00,0,932,,,,,,,,,,,,,,,,,,
14/05/2024 20:30:00,0,933,,,,,,,,,,,,,,,,,,
14/05/2024 20:15:00,0,934,,,,,,,,,,,,,,,,,,
14/05/2024 20:00:00,0,933,,,,,,,,,,,,,,,,,,
14/05/2024 19:45:00,0,936,,,,,,,,,,,,,,,,,,
14/05/2024 19:30:00,0,937,,,,,,,,,,,,,,,,,,
14/05/2024 19:15:00,0,937,,,,,,,,,,,,,,,,,,
14/05/2024 19:00:00,0,939,,,,,,,,,,,,,,,,,,
14/05/2024 18:45:00,0,937,,,,,,,,,,,,,,,,,,
14/05/2024 18:30:00,0,941,,,,,,,,,,,,,,,,,,
14/05/2024 18:15:00,0,944,,,,,,,,,,,,,,,,,,
14/05/2024 18:00:00,0,944,,,,,,,,,,,,,,,,,,
14/05/2024 17:45:00,0,945,,,,,,,,,,,,,,,,,,
14/05/2024 17:30:00,0,943,,,,,,,,,,,,,,,,,,
14/05/2024 17:15:00,0,948,,,,,,,,,,,,,,,,,,
14/05/2024 17:00:00,0,945,,,,,,,,,,,,,,,,,,
14/05/2024 16:45:00,0,948,,,,,,,,,,,,,,,,,,
14/05/2024 16:30:00,0,948,,,,,,,,,,,,,,,,,,
14/05/2024 16:15:00,0,951,,,,,,,,,,,,,,,,,,
14/05/2024 16:00:00,0,951,,,,,,,,,,,,,,,,,,
14/05/2024 15:45:00,0,952,,,,,,,,,,,,,,,,,,
14/05/2024 15:30:00,0,955,,,,,,,,,,,,,,,,,,
14/05/2024 15:15:00,0,955,,,,,,,,,,,,,,,,,,
14/05/2024 15:00:00,0,957,,,,,,,,,,,,,,,,,,
14/05/2024 14:45:00,0,956,,,,,,,,,,,,,,,,,,
14/05/2024 14:30:00,0,957,,,,,,,,,,,,,,,,,,
14/05/2024 14:15:00,0,960,,,,,,,,,,,,,,,,,,
14/05/2024 14:00:00,0,960,,,,,,,,,,,,,,,,,,
14/05/2024 13:45:00,0,962,,,,,,,,,,,,,,,,,,
14/05/2024 13:30:00,0,963,,,,,,,,,,,,,,,,,,
14/05/2024 13:15:00,0,962,,,,,,,,,,,,,,,,,,
14/05/2024 13:00:00,0,963,,,,,,,,,,,,,,,,,,
14/05/2024 12:45:00,0,966,,,,,,,,,,,,,,,,,,
14/05/2024 12:30:00,0,965,,,,,,,,,,,,,,,,,,
14/05/2024 12:15:00,0,969,,,,,,,,,,,,,,,,,,
14/05/2024 12:00:00,0,968,,,,,,,,,,,,,,,,,,
14/05/2024 11:45:00,0,969,,,,,,,,,,,,,,,,,,
14/05/2024 11:30:00,0,972,,,,,,,,,,,,,,,,,,
14/05/2024 11:15:00,0,973,,,,,,,,,,,,,,,,,,
14/05/2024 11:00:00,0,976,,,,,,,,,,,,,,,,,,
14/05/2024 10:45:00,0,974,,,,,,,,,,,,,,,,,,
14/05/2024 10:30:00,0,977,,,,,,,,,,,,,,,,,,
14/05/2024 10:15:00,0,977,,,,,,,,,,,,,,,,,,
14/05/2024 10:00:00,0,978,,,,,,,,,,,,,,,,,,
14/05/2024 09:45:00,0,980,,,,,,,,,,,,,,,,,,
14/05/2024 09:30:00,0,983,,,,,,,,,,,,,,,,,,
14/05/2024 09:15:00,0,982,,,,,,,,,,,,,,,,,,
14/05/2024 09:00:00,0,985,,,,,,,,,,,,,,,,,,
14/05/2024 08:45:00,0,984,,,,,,,,,,,,,,,,,,
14/05/2024 08:30:00,0,987,,,,,,,,,,,,,,,,,,
14/05/2024 08:15:00,0,991,,,,,,,,,,,,,,,,,,
14/05/2024 08:00:00,0,990,,,,,,,,,,,,,,,,,,
14/05/2024 07:45:00,0,990,,,,,,,,,,,,,,,,,,
14/05/2024 07:30:00,0,990,,,,,,,,,,,,,,,,,,
14/05/2024 07:15:00,0,994,,,,,,,,,,,,,,,,,,
14/05/2024 07:00:00,0,993,,,,,,,,,,,,,,,,,,
14/05/2024 06:45:00,0,994,,,,,,,,,,,,,,,,,,
14/05/2024 06:30:00,0,999,,,,,,,,,,,,,,,,,,
14/05/2024 06:15:00,0,997,,,,,,,,,,,,,,,,,,
14/05/2024 06:00:00,0,999,,,,,,,,,,,,,,,,,,
14/05/2024 05:45:00,0,999,,,,,,,,,,,,,,,,,,
14/05/2024 05:30:00,0,1001,,,,,,,,,,,,,,,,,,
14/05/2024 05:15:00,0,1004,,,,,,,,,,,,,,,,,,
14/05/2024 05:00:00,0,1003,,,,,,,,,,,,,,,,,,
14/05/2024 04:45:00,0,1007,,,,,,,,,,,,,,,,,,
14/05/2024 04:30:00,0,1008,,,,,,,,,,,,,,,,,,
14/05/2024 04:15:00,0,1009,,,,,,,,,,,,,,,,,,
14/05/2024 04:00:00,0,1009,,,,,,,,,,,,,,,,,,
14/05/2024 03:45:00,0,1012,,,,,,,,,,,,,,,,,,
14/05/2024 03:30:00,0,1014,,,,,,,,,,,,,,,,,,
14/05/2024 03:15:00,0,1013,,,,,,,,,,,,,,,,,,
14/05/2024 03:00:00,0,1015,,,,,,,,,,,,,,,,,,
14/05/2024 02:45:00,0,1016,,,,,,,,,,,,,,,,,,
14/05/2024 02:30:00,0,1022,,,,,,,,,,,,,,,,,,
14/05/2024 02:15:00,0,1022,,,,,,,,,,,,,,,,,,
14/05/2024 02:00:00,0,1023,,,,,,,,,,,,,,,,,,
14/05/2024 01:45:00,0,1021,,,,,,,,,,,,,,,,,,
14/05/2024 01:30:00,0,1023,,,,,,,,,,,,,,,,,,
14/05/2024 01:15:00,0,1024,,,,,,,,,,,,,,,,,,
14/05/2024 01:00:00,0,1031,,,,,,,,,,,,,,,,,,
14/05/2024 00:45:00,0,1029,,,,,,,,,,,,,,,,,,
14/05/2024 00:30:00,0,1031,,,,,,,,,,,,,,,,,,
14/05/2024 00:15:00,0,1030,,,,,,,,,,,,,,,,,,
14/05/2024 00:00:00,0,1028,,,,,,,,,,,,,,,,,,
13/05/2024 23:45:00,0,1033,,,,,,,,,,,,,,,,,,
13/05/2024 23:30:00,0,1035,,,,,,,,,,,,,,,,,,
13/05/2024 23:15:00,0,1037,,,,,,,,,,,,,,,,,,
13/05/2024 23:00:00,0,1041,,,,,,,,,,,,,,,,,,
13/05/2024 22:45:00,0,1042,,,,,,,,,,,,,,,,,,
13/05/2024 22:30:00,0,1044,,,,,,,,,,,,,,,,,,
13/05/2024 22:15:00,0,1047,,,,,,,,,,,,,,,,,,
13/05/2024 22:00:00,0,1047,,,,,,,,,,,,,,,,,,
13/05/2024 21:45:00,0,1047,,,,,,,,,,,,,,,,,,
13/05/2024 21:30:00,0,1050,,,,,,,,,,,,,,,,,,
13/05/2024 21:15:00,0,1049,,,,,,,,,,,,,,,,,,
13/05/2024 21:00:00,0,1052,,,,,,,,,,,,,,,,,,
13/05/2024 20:45:00,0,1055,,,,,,,,,,,,,,,,,,
13/05/2024 20:30:00,0,1055,,,,,,,,,,,,,,,,,,
13/05/2024 20:15:00,0,1058,,,,,,,,,,,,,,,,,,
13/05/2024 20:00:00,0,1061,,,,,,,,,,,,,,,,,,
13/05/2024 19:45:00,0,1059,,,,,,,,,,,,,,,,,,
13/05/2024 19:30:00,0,1062,,,,,,,,,,,,,,,,,,
13/05/2024 19:15:00,0,1064,,,,,,,,,,,,,,,,,,
13/05/2024 19:00:00,0,1065,,,,,,,,,,,,,,,,,,
13/05/2024 18:45:00,0,1068,,,,,,,,,,,,,,,,,,
13/05/2024 18:30:00,0.2,1067,,,,,,,,,,,,,,,,,,
13/05/2024 18:15:00,0,1066,,,,,,,,,,,,,,,,,,
13/05/2024 18:00:00,0,1071,,,,,,,,,,,,,,,,,,
13/05/2024 17:45:00,0,1073,,,,,,,,,,,,,,,,,,
13/05/2024 17:30:00,0,1075,,,,,,,,,,,,,,,,,,
13/05/2024 17:15:00,0,1072,,,,,,,,,,,,,,,,,,
13/05/2024 17:00:00,0,1075,,,,,,,,,,,,,,,,,,
13/05/2024 16:45:00,0,1077,,,,,,,,,,,,,,,,,,
13/05/2024 16:30:00,0,1078,,,,,,,,,,,,,,,,,,
13/05/2024 16:15:00,0,1080,,,,,,,,,,,,,,,,,,
13/05/2024 16:00:00,0,1082,,,,,,,,,,,,,,,,,,
13/05/2024 15:45:00,0.2,1082,,,,,,,,,,,,,,,,,,
13/05/2024 15:30:00,0,1085,,,,,,,,,,,,,,,,,,
13/05/2024 15:15:00,0.2,1084,,,,,,,,,,,,,,,,,,
13/05/2024 15:00:00,0.2,1086,,,,,,,,,,,,,,,,,,
13/05/2024 14:45:00,0,1088,,,,,,,,,,,,,,,,,,
13/05/2024 14:30:00,0,1087,,,,,,,,,,,,,,,,,,
13/05/2024 14:15:00,0,1089,,,,,,,,,,,,,,,,,,
13/05/2024 14:00:00,0,1085,,,,,,,,,,,,,,,,,,
13/05/2024 13:45:00,0,1090,,,,,,,,,,,,,,,,,,
13/05/2024 13:30:00,0,1093,,,,,,,,,,,,,,,,,,
13/05/2024 13:15:00,0,1093,,,,,,,,,,,,,,,,,,
13/05/2024 13:00:00,0,1095,,,,,,,,,,,,,,,,,,
13/05/2024 12:45:00,0,1094,,,,,,,,,,,,,,,,,,
13/05/2024 12:30:00,0,1096,,,,,,,,,,,,,,,,,,
13/05/2024 12:15:00,0,1095,,,,,,,,,,,,,,,,,,
13/05/2024 12:00:00,0,1094,,,,,,,,,,,,,,,,,,
13/05/2024 11:45:00,0,1095,,,,,,,,,,,,,,,,,,
13/05/2024 11:30:00,0,1101,,,,,,,,,,,,,,,,,,
13/05/2024 11:15:00,0,1098,,,,,,,,,,,,,,,,,,
13/05/2024 11:00:00,0,1100,,,,,,,,,,,,,,,,,,
13/05/2024 10:45:00,0,1101,,,,,,,,,,,,,,,,,,
13/05/2024 10:30:00,0.2,1099,,,,,,,,,,,,,,,,,,
13/05/2024 10:15:00,0,1101,,,,,,,,,,,,,,,,,,
13/05/2024 10:00:00,0,1102,,,,,,,,,,,,,,,,,,
13/05/2024 09:45:00,0.2,1101,,,,,,,,,,,,,,,,,,
13/05/2024 09:30:00,0,1104,,,,,,,,,,,,,,,,,,
13/05/2024 09:15:00,0.2,1105,,,,,,,,,,,,,,,,,,
13/05/2024 09:00:00,0,1107,,,,,,,,,,,,,,,,,,
13/05/2024 08:45:00,0.2,1106,,,,,,,,,,,,,,,,,,
13/05/2024 08:30:00,0,1104,,,,,,,,,,,,,,,,,,
13/05/2024 08:15:00,0.2,1102,,,,,,,,,,,,,,,,,,
13/05/2024 08:00:00,0,1104,,,,,,,,,,,,,,,,,,
13/05/2024 07:45:00,0,1105,,,,,,,,,,,,,,,,,,
13/05/2024 07:30:00,0,1104,,,,,,,,,,,,,,,,,,
13/05/2024 07:15:00,0,1105,,,,,,,,,,,,,,,,,,
13/05/2024 07:00:00,0.2,1105,,,,,,,,,,,,,,,,,,
13/05/2024 06:45:00,0,1102,,,,,,,,,,,,,,,,,,
13/05/2024 06:30:00,0,1107,,,,,,,,,,,,,,,,,,
13/05/2024 06:15:00,0,1105,,,,,,,,,,,,,,,,,,
13/05/2024 06:00:00,0,1104,,,,,,,,,,,,,,,,,,
13/05/2024 05:45:00,0,1107,,,,,,,,,,,,,,,,,,
13/05/2024 05:30:00,0,1103,,,,,,,,,,,,,,,,,,
13/05/2024 05:15:00,0,1107,,,,,,,,,,,,,,,,,,
13/05/2024 05:00:00,0,1107,,,,,,,,,,,,,,,,,,
13/05/2024 04:45:00,0,1092,,,,,,,,,,,,,,,,,,
13/05/2024 04:30:00,0,1106,,,,,,,,,,,,,,,,,,
13/05/2024 04:15:00,0,1098,,,,,,,,,,,,,,,,,,
13/05/2024 04:00:00,0,1101,,,,,,,,,,,,,,,,,,
13/05/2024 03:45:00,0,1108,,,,,,,,,,,,,,,,,,
13/05/2024 03:30:00,0,1100,,,,,,,,,,,,,,,,,,
13/05/2024 03:15:00,0,1108,,,,,,,,,,,,,,,,,,
13/05/2024 03:00:00,0,1102,,,,,,,,,,,,,,,,,,
13/05/2024 02:45:00,0,1102,,,,,,,,,,,,,,,,,,
13/05/2024 02:30:00,0,1104,,,,,,,,,,,,,,,,,,
13/05/2024 02:15:00,0,1103,,,,,,,,,,,,,,,,,,
13/05/2024 02:00:00,0,1102,,,,,,,,,,,,,,,,,,
13/05/2024 01:45:00,0,1101,,,,,,,,,,,,,,,,,,
13/05/2024 01:30:00,0,1100,,,,,,,,,,,,,,,,,,
13/05/2024 01:15:00,0,1099,,,,,,,,,,,,,,,,,,
13/05/2024 01:00:00,0.2,1099,,,,,,,,,,,,,,,,,,
13/05/2024 00:45:00,0,1094,,,,,,,,,,,,,,,,,,
13/05/2024 00:30:00,0.4,1095,,,,,,,,,,,,,,,,,,
13/05/2024 00:15:00,0.8,1092,,,,,,,,,,,,,,,,,,
13/05/2024 00:00:00,0.6,1094,,,,,,,,,,,,,,,,,,
12/5/2024 23:45,1,1090,,,,,,,,,,,,,,,,,,
12/5/2024 23:30,1.6,1093,,,,,,,,,,,,,,,,,,
12/5/2024 23:15,2,1090,,,,,,,,,,,,,,,,,,
12/5/2024 23:00,0.8,1086,,,,,,,,,,,,,,,,,,
12/5/2024 22:45,0.8,1084,,,,,,,,,,,,,,,,,,
12/5/2024 22:30,1,1082,,,,,,,,,,,,,,,,,,
12/5/2024 22:15,3.2,1077,,,,,,,,,,,,,,,,,,
12/5/2024 22:00,2.6,1074,,,,,,,,,,,,,,,,,,
12/5/2024 21:45,2.6,1077,,,,,,,,,,,,,,,,,,
12/5/2024 21:30,1,1073,,,,,,,,,,,,,,,,,,
12/5/2024 21:15,0.8,1068,,,,,,,,,,,,,,,,,,
12/5/2024 21:00,0.6,1067,,,,,,,,,,,,,,,,,,
12/5/2024 20:45,0.2,1068,,,,,,,,,,,,,,,,,,
12/5/2024 20:30,2.8,1066,,,,,,,,,,,,,,,,,,
12/5/2024 20:15,2.2,1064,,,,,,,,,,,,,,,,,,
12/5/2024 20:00,1.4,1063,,,,,,,,,,,,,,,,,,
12/5/2024 19:45,0.2,1060,,,,,,,,,,,,,,,,,,
12/5/2024 19:30,0,1058,,,,,,,,,,,,,,,,,,
12/5/2024 19:15,1,1057,,,,,,,,,,,,,,,,,,
12/5/2024 19:00,0.4,1054,,,,,,,,,,,,,,,,,,
12/5/2024 18:45,0.2,1053,,,,,,,,,,,,,,,,,,
12/5/2024 18:30,0.2,1049,,,,,,,,,,,,,,,,,,
12/5/2024 18:15,0,1049,,,,,,,,,,,,,,,,,,
12/5/2024 18:00,0.6,1047,,,,,,,,,,,,,,,,,,
12/5/2024 17:45,0.8,1049,,,,,,,,,,,,,,,,,,
12/5/2024 17:30,0.6,1042,,,,,,,,,,,,,,,,,,
12/5/2024 17:15,0.6,1044,,,,,,,,,,,,,,,,,,
12/5/2024 17:00,0,1042,,,,,,,,,,,,,,,,,,
12/5/2024 16:45,0,1041,,,,,,,,,,,,,,,,,,
12/5/2024 16:30,1,1037,,,,,,,,,,,,,,,,,,
12/5/2024 16:15,0.4,1033,,,,,,,,,,,,,,,,,,
12/5/2024 16:00,1.4,1034,,,,,,,,,,,,,,,,,,
12/5/2024 15:45,0,1032,,,,,,,,,,,,,,,,,,
12/5/2024 15:30,0,1028,,,,,,,,,,,,,,,,,,
12/5/2024 15:15,1,1027,,,,,,,,,,,,,,,,,,
12/5/2024 15:00,0.2,1026,,,,,,,,,,,,,,,,,,
12/5/2024 14:45,1.8,1022,,,,,,,,,,,,,,,,,,
12/5/2024 14:30,0.2,1019,,,,,,,,,,,,,,,,,,
12/5/2024 14:15,0.4,1020,,,,,,,,,,,,,,,,,,
12/5/2024 14:00,0.6,1019,,,,,,,,,,,,,,,,,,
12/5/2024 13:45,1.2,1017,,,,,,,,,,,,,,,,,,
12/5/2024 13:30,1,1012,,,,,,,,,,,,,,,,,,
12/5/2024 13:15,0.6,1013,,,,,,,,,,,,,,,,,,
12/5/2024 13:00,0.8,1007,,,,,,,,,,,,,,,,,,
12/5/2024 12:45,0.4,1009,,,,,,,,,,,,,,,,,,
12/5/2024 12:30,0,1003,,,,,,,,,,,,,,,,,,
12/5/2024 12:15,0,1002,,,,,,,,,,,,,,,,,,
12/5/2024 12:00,0.8,998,,,,,,,,,,,,,,,,,,
12/5/2024 11:45,1.8,994,,,,,,,,,,,,,,,,,,
12/5/2024 11:30,0.2,992,,,,,,,,,,,,,,,,,,
12/5/2024 11:15,0.6,988,,,,,,,,,,,,,,,,,,
12/5/2024 11:00,0.4,984,,,,,,,,,,,,,,,,,,
12/5/2024 10:45,0.2,977,,,,,,,,,,,,,,,,,,
12/5/2024 10:30,0,978,,,,,,,,,,,,,,,,,,
12/5/2024 10:15,0.6,978,,,,,,,,,,,,,,,,,,
12/5/2024 10:00,0.2,972,,,,,,,,,,,,,,,,,,
12/5/2024 9:45,0.8,971,,,,,,,,,,,,,,,,,,
12/5/2024 9:30,0.4,968,,,,,,,,,,,,,,,,,,
12/5/2024 9:15,0,960,,,,,,,,,,,,,,,,,,
12/5/2024 9:00,0.4,957,,,,,,,,,,,,,,,,,,
12/5/2024 8:45,0.8,954,,,,,,,,,,,,,,,,,,
12/5/2024 8:30,1.2,950,,,,,,,,,,,,,,,,,,
12/5/2024 8:15,1.2,946,,,,,,,,,,,,,,,,,,
12/5/2024 8:00,1.2,936,,,,,,,,,,,,,,,,,,
12/5/2024 7:45,0.8,931,,,,,,,,,,,,,,,,,,
12/5/2024 7:30,1,928,,,,,,,,,,,,,,,,,,
12/5/2024 7:15,1,924,,,,,,,,,,,,,,,,,,
12/5/2024 7:00,0.8,917,,,,,,,,,,,,,,,,,,
12/5/2024 6:45,1.4,911,,,,,,,,,,,,,,,,,,
12/5/2024 6:30,0.8,909,,,,,,,,,,,,,,,,,,
12/5/2024 6:15,0.8,902,,,,,,,,,,,,,,,,,,
12/5/2024 6:00,1.2,897,,,,,,,,,,,,,,,,,,
12/5/2024 5:45,1.2,894,,,,,,,,,,,,,,,,,,
12/5/2024 5:30,1.4,887,,,,,,,,,,,,,,,,,,
12/5/2024 5:15,0.6,882,,,,,,,,,,,,,,,,,,
12/5/2024 5:00,1.8,875,,,,,,,,,,,,,,,,,,
12/5/2024 4:45,1.6,875,,,,,,,,,,,,,,,,,,
12/5/2024 4:30,1,870,,,,,,,,,,,,,,,,,,
12/5/2024 4:15,2.2,863,,,,,,,,,,,,,,,,,,
12/5/2024 4:00,3.2,860,,,,,,,,,,,,,,,,,,
12/5/2024 3:45,1.6,856,,,,,,,,,,,,,,,,,,
12/5/2024 3:30,0,850,,,,,,,,,,,,,,,,,,
12/5/2024 3:15,1,848,,,,,,,,,,,,,,,,,,
12/5/2024 3:00,1.8,843,,,,,,,,,,,,,,,,,,
12/5/2024 2:45,1.4,840,,,,,,,,,,,,,,,,,,
12/5/2024 2:30,0,835,,,,,,,,,,,,,,,,,,
12/5/2024 2:15,0,833,,,,,,,,,,,,,,,,,,
12/5/2024 2:00,0,830,,,,,,,,,,,,,,,,,,
12/5/2024 1:45,0,827,,,,,,,,,,,,,,,,,,
12/5/2024 1:30,0,822,,,,,,,,,,,,,,,,,,
12/5/2024 1:15,0,821,,,,,,,,,,,,,,,,,,
12/5/2024 1:00,0,817,,,,,,,,,,,,,,,,,,
12/5/2024 0:45,0,814,,,,,,,,,,,,,,,,,,
12/5/2024 0:30,0.2,812,,,,,,,,,,,,,,,,,,
12/5/2024 0:15,0,810,,,,,,,,,,,,,,,,,,
12/5/2024 0:00,0.4,806,,,,,,,,,,,,,,,,,,
11/5/2024 23:45,0.4,805,,,,,,,,,,,,,,,,,,
11/5/2024 23:30,0.2,802,,,,,,,,,,,,,,,,,,
11/5/2024 23:15,0.8,800,,,,,,,,,,,,,,,,,,
11/5/2024 23:00,1.2,796,,,,,,,,,,,,,,,,,,
11/5/2024 22:45,0.6,795,,,,,,,,,,,,,,,,,,
11/5/2024 22:30,0.4,793,,,,,,,,,,,,,,,,,,
11/5/2024 22:15,0.8,790,,,,,,,,,,,,,,,,,,
11/5/2024 22:00,0.8,787,,,,,,,,,,,,,,,,,,
11/5/2024 21:45,0.4,786,,,,,,,,,,,,,,,,,,
11/5/2024 21:30,0.4,785,,,,,,,,,,,,,,,,,,
11/5/2024 21:15,0,783,,,,,,,,,,,,,,,,,,
11/5/2024 21:00,0,779,,,,,,,,,,,,,,,,,,
11/5/2024 20:45,0.2,777,,,,,,,,,,,,,,,,,,
11/5/2024 20:30,0,775,,,,,,,,,,,,,,,,,,
11/5/2024 20:15,0.8,773,,,,,,,,,,,,,,,,,,
11/5/2024 20:00,1.8,770,,,,,,,,,,,,,,,,,,
11/5/2024 19:45,1,766,,,,,,,,,,,,,,,,,,
11/5/2024 19:30,1.4,763,,,,,,,,,,,,,,,,,,
11/5/2024 19:15,0.6,762,,,,,,,,,,,,,,,,,,
11/5/2024 19:00,1,760,,,,,,,,,,,,,,,,,,
11/5/2024 18:45,2.2,758,,,,,,,,,,,,,,,,,,
11/5/2024 18:30,1.8,754,,,,,,,,,,,,,,,,,,
11/5/2024 18:15,3.2,753,,,,,,,,,,,,,,,,,,
11/5/2024 18:00,1.6,752,,,,,,,,,,,,,,,,,,
11/5/2024 17:45,1.2,748,,,,,,,,,,,,,,,,,,
11/5/2024 17:30,0.2,747,,,,,,,,,,,,,,,,,,
11/5/2024 17:15,1,744,,,,,,,,,,,,,,,,,,
11/5/2024 17:00,0.8,742,,,,,,,,,,,,,,,,,,
11/5/2024 16:45,3.8,741,,,,,,,,,,,,,,,,,,
11/5/2024 16:30,0.2,740,,,,,,,,,,,,,,,,,,
11/5/2024 16:15,0.4,738,,,,,,,,,,,,,,,,,,
11/5/2024 16:00,0,734,,,,,,,,,,,,,,,,,,
11/5/2024 15:45,0.2,735,,,,,,,,,,,,,,,,,,
11/5/2024 15:30,0.6,732,,,,,,,,,,,,,,,,,,
11/5/2024 15:15,1.8,729,,,,,,,,,,,,,,,,,,
11/5/2024 15:00,3.4,728,,,,,,,,,,,,,,,,,,
11/5/2024 14:45,2.8,724,,,,,,,,,,,,,,,,,,
11/5/2024 14:30,4.2,723,,,,,,,,,,,,,,,,,,
11/5/2024 14:15,2.2,720,,,,,,,,,,,,,,,,,,
11/5/2024 14:00,2.8,720,,,,,,,,,,,,,,,,,,
11/5/2024 13:45,3.4,716,,,,,,,,,,,,,,,,,,
11/5/2024 13:30,0.6,716,,,,,,,,,,,,,,,,,,
11/5/2024 13:15,0.2,715,,,,,,,,,,,,,,,,,,
11/5/2024 13:00,0,713,,,,,,,,,,,,,,,,,,
11/5/2024 12:45,0.4,712,,,,,,,,,,,,,,,,,,
11/5/2024 12:30,1,711,,,,,,,,,,,,,,,,,,
11/5/2024 12:15,1.6,708,,,,,,,,,,,,,,,,,,
11/5/2024 12:00,1,707,,,,,,,,,,,,,,,,,,
11/5/2024 11:45,0,706,,,,,,,,,,,,,,,,,,
11/5/2024 11:30,0,703,,,,,,,,,,,,,,,,,,
11/5/2024 11:15,0,703,,,,,,,,,,,,,,,,,,
11/5/2024 11:00,0,701,,,,,,,,,,,,,,,,,,
11/5/2024 10:45,0,699,,,,,,,,,,,,,,,,,,
11/5/2024 10:30,0,698,,,,,,,,,,,,,,,,,,
11/5/2024 10:15,0,696,,,,,,,,,,,,,,,,,,
11/5/2024 10:00,0,694,,,,,,,,,,,,,,,,,,
11/5/2024 9:45,0,692,,,,,,,,,,,,,,,,,,
11/5/2024 9:30,0,691,,,,,,,,,,,,,,,,,,
11/5/2024 9:15,0,688,,,,,,,,,,,,,,,,,,
11/5/2024 9:00,0,687,,,,,,,,,,,,,,,,,,
11/5/2024 8:45,0,686,,,,,,,,,,,,,,,,,,
11/5/2024 8:30,0,683,,,,,,,,,,,,,,,,,,
11/5/2024 8:15,0,682,,,,,,,,,,,,,,,,,,
11/5/2024 8:00,0,679,,,,,,,,,,,,,,,,,,
11/5/2024 7:45,0,677,,,,,,,,,,,,,,,,,,
11/5/2024 7:30,0,675,,,,,,,,,,,,,,,,,,
11/5/2024 7:15,0,672,,,,,,,,,,,,,,,,,,
11/5/2024 7:00,0,670,,,,,,,,,,,,,,,,,,
11/5/2024 6:45,0,668,,,,,,,,,,,,,,,,,,
11/5/2024 6:30,0,667,,,,,,,,,,,,,,,,,,
11/5/2024 6:15,0,662,,,,,,,,,,,,,,,,,,
11/5/2024 6:00,0,661,,,,,,,,,,,,,,,,,,
11/5/2024 5:45,0.2,658,,,,,,,,,,,,,,,,,,
11/5/2024 5:30,0,656,,,,,,,,,,,,,,,,,,
11/5/2024 5:15,0,654,,,,,,,,,,,,,,,,,,
11/5/2024 5:00,0,652,,,,,,,,,,,,,,,,,,
11/5/2024 4:45,0,649,,,,,,,,,,,,,,,,,,
11/5/2024 4:30,0,646,,,,,,,,,,,,,,,,,,
11/5/2024 4:15,0,643,,,,,,,,,,,,,,,,,,
11/5/2024 4:00,0,641,,,,,,,,,,,,,,,,,,
11/5/2024 3:45,0,639,,,,,,,,,,,,,,,,,,
11/5/2024 3:30,0,636,,,,,,,,,,,,,,,,,,
11/5/2024 3:15,0,631,,,,,,,,,,,,,,,,,,
11/5/2024 3:00,0,631,,,,,,,,,,,,,,,,,,
11/5/2024 2:45,0,627,,,,,,,,,,,,,,,,,,
11/5/2024 2:30,0,625,,,,,,,,,,,,,,,,,,
11/5/2024 2:15,0,622,,,,,,,,,,,,,,,,,,
11/5/2024 2:00,0,620,,,,,,,,,,,,,,,,,,
11/5/2024 1:45,0,618,,,,,,,,,,,,,,,,,,
11/5/2024 1:30,0,615,,,,,,,,,,,,,,,,,,
11/5/2024 1:15,0,612,,,,,,,,,,,,,,,,,,
11/5/2024 1:00,0,609,,,,,,,,,,,,,,,,,,
11/5/2024 0:45,0,608,,,,,,,,,,,,,,,,,,
11/5/2024 0:30,0,605,,,,,,,,,,,,,,,,,,
11/5/2024 0:15,0,602,,,,,,,,,,,,,,,,,,
11/5/2024 0:00,0,599,,,,,,,,,,,,,,,,,,
10/5/2024 23:45,0,597,,,,,,,,,,,,,,,,,,
10/5/2024 23:30,0.4,594,,,,,,,,,,,,,,,,,,
10/5/2024 23:15,0.2,593,,,,,,,,,,,,,,,,,,
10/5/2024 23:00,0.4,589,,,,,,,,,,,,,,,,,,
10/5/2024 22:45,2.2,585,,,,,,,,,,,,,,,,,,
10/5/2024 22:30,0.4,583,,,,,,,,,,,,,,,,,,
10/5/2024 22:15,0,580,,,,,,,,,,,,,,,,,,
10/5/2024 22:00,0,577,,,,,,,,,,,,,,,,,,
10/5/2024 21:45,0,573,,,,,,,,,,,,,,,,,,
10/5/2024 21:30,0,571,,,,,,,,,,,,,,,,,,
10/5/2024 21:15,0,566,,,,,,,,,,,,,,,,,,
10/5/2024 21:00,0,562,,,,,,,,,,,,,,,,,,
10/5/2024 20:45,0,559,,,,,,,,,,,,,,,,,,
10/5/2024 20:30,0,555,,,,,,,,,,,,,,,,,,
10/5/2024 20:15,0,550,,,,,,,,,,,,,,,,,,
10/5/2024 20:00,0,547,,,,,,,,,,,,,,,,,,
10/5/2024 19:45,0,543,,,,,,,,,,,,,,,,,,
10/5/2024 19:30,0,539,,,,,,,,,,,,,,,,,,
10/5/2024 19:15,0,533,,,,,,,,,,,,,,,,,,
10/5/2024 19:00,0,527,,,,,,,,,,,,,,,,,,
10/5/2024 18:45,0,521,,,,,,,,,,,,,,,,,,
10/5/2024 18:30,0,517,,,,,,,,,,,,,,,,,,
10/5/2024 18:15,0,510,,,,,,,,,,,,,,,,,,
10/5/2024 18:00,0.2,509,,,,,,,,,,,,,,,,,,
10/5/2024 17:45,0.2,499,,,,,,,,,,,,,,,,,,
10/5/2024 17:30,0.2,487,,,,,,,,,,,,,,,,,,
10/5/2024 17:15,0.2,479,,,,,,,,,,,,,,,,,,
10/5/2024 17:00,0,470,,,,,,,,,,,,,,,,,,
10/5/2024 16:45,0.6,460,,,,,,,,,,,,,,,,,,
10/5/2024 16:30,0.4,451,,,,,,,,,,,,,,,,,,
10/5/2024 16:15,0,442,,,,,,,,,,,,,,,,,,
10/5/2024 16:00,0.2,432,,,,,,,,,,,,,,,,,,
10/5/2024 15:45,0.4,424,,,,,,,,,,,,,,,,,,
10/5/2024 15:30,0.4,415,,,,,,,,,,,,,,,,,,
10/5/2024 15:15,0,406,,,,,,,,,,,,,,,,,,
10/5/2024 15:00,0.2,398,,,,,,,,,,,,,,,,,,
10/5/2024 14:45,0.4,392,,,,,,,,,,,,,,,,,,
10/5/2024 14:30,0.2,386,,,,,,,,,,,,,,,,,,
10/5/2024 14:15,0.4,381,,,,,,,,,,,,,,,,,,
10/5/2024 14:00,0,378,,,,,,,,,,,,,,,,,,
10/5/2024 13:45,0.2,374,,,,,,,,,,,,,,,,,,
10/5/2024 13:30,0.2,372,,,,,,,,,,,,,,,,,,
10/5/2024 13:15,0.4,370,,,,,,,,,,,,,,,,,,
10/5/2024 13:00,1,367,,,,,,,,,,,,,,,,,,
10/5/2024 12:45,0.2,365,,,,,,,,,,,,,,,,,,
10/5/2024 12:30,1.6,363,,,,,,,,,,,,,,,,,,
10/5/2024 12:15,2,362,,,,,,,,,,,,,,,,,,
10/5/2024 12:00,2.2,361,,,,,,,,,,,,,,,,,,
10/5/2024 11:45,1.2,361,,,,,,,,,,,,,,,,,,
10/5/2024 11:30,7.8,361,,,,,,,,,,,,,,,,,,
10/5/2024 11:15,2.2,360,,,,,,,,,,,,,,,,,,
10/5/2024 11:00,0,360,,,,,,,,,,,,,,,,,,
10/5/2024 10:45,0.2,361,,,,,,,,,,,,,,,,,,
10/5/2024 10:30,1.4,361,,,,,,,,,,,,,,,,,,
10/5/2024 10:15,1.2,362,,,,,,,,,,,,,,,,,,
10/5/2024 10:00,0.6,362,,,,,,,,,,,,,,,,,,
10/5/2024 9:45,0.2,363,,,,,,,,,,,,,,,,,,
10/5/2024 9:30,1.2,364,,,,,,,,,,,,,,,,,,
10/5/2024 9:15,0,364,,,,,,,,,,,,,,,,,,
10/5/2024 9:00,0,365,,,,,,,,,,,,,,,,,,
10/5/2024 8:45,0,366,,,,,,,,,,,,,,,,,,
10/5/2024 8:30,0.2,367,,,,,,,,,,,,,,,,,,
10/5/2024 8:15,0,367,,,,,,,,,,,,,,,,,,
10/5/2024 8:00,0,368,,,,,,,,,,,,,,,,,,
10/5/2024 7:45,0,369,,,,,,,,,,,,,,,,,,
10/5/2024 7:30,0,369,,,,,,,,,,,,,,,,,,
10/5/2024 7:15,0,370,,,,,,,,,,,,,,,,,,
10/5/2024 7:00,0,371,,,,,,,,,,,,,,,,,,
10/5/2024 6:45,0,372,,,,,,,,,,,,,,,,,,
10/5/2024 6:30,0,372,,,,,,,,,,,,,,,,,,
10/5/2024 6:15,0,374,,,,,,,,,,,,,,,,,,
10/5/2024 6:00,0,374,,,,,,,,,,,,,,,,,,
10/5/2024 5:45,0,376,,,,,,,,,,,,,,,,,,
10/5/2024 5:30,0,376,,,,,,,,,,,,,,,,,,
10/5/2024 5:15,0,377,,,,,,,,,,,,,,,,,,
10/5/2024 5:00,0,377,,,,,,,,,,,,,,,,,,
10/5/2024 4:45,0,379,,,,,,,,,,,,,,,,,,
10/5/2024 4:30,0,380,,,,,,,,,,,,,,,,,,
10/5/2024 4:15,0,381,,,,,,,,,,,,,,,,,,
10/5/2024 4:00,0,382,,,,,,,,,,,,,,,,,,
10/5/2024 3:45,0,383,,,,,,,,,,,,,,,,,,
10/5/2024 3:30,0,384,,,,,,,,,,,,,,,,,,
10/5/2024 3:15,0,384,,,,,,,,,,,,,,,,,,
10/5/2024 3:00,0,386,,,,,,,,,,,,,,,,,,
10/5/2024 2:45,0,387,,,,,,,,,,,,,,,,,,
10/5/2024 2:30,0,388,,,,,,,,,,,,,,,,,,
10/5/2024 2:15,0,388,,,,,,,,,,,,,,,,,,
10/5/2024 2:00,0,390,,,,,,,,,,,,,,,,,,
10/5/2024 1:45,0,390,,,,,,,,,,,,,,,,,,
10/5/2024 1:30,0,392,,,,,,,,,,,,,,,,,,
10/5/2024 1:15,0,392,,,,,,,,,,,,,,,,,,
10/5/2024 1:00,0,394,,,,,,,,,,,,,,,,,,
10/5/2024 0:45,0,395,,,,,,,,,,,,,,,,,,
10/5/2024 0:30,0,396,,,,,,,,,,,,,,,,,,
10/5/2024 0:15,0,397,,,,,,,,,,,,,,,,,,
10/5/2024 0:00,0,398,,,,,,,,,,,,,,,,,,
9/5/2024 23:45,0,399,,,,,,,,,,,,,,,,,,
9/5/2024 23:30,0,401,,,,,,,,,,,,,,,,,,
9/5/2024 23:15,0,402,,,,,,,,,,,,,,,,,,
9/5/2024 23:00,0,403,,,,,,,,,,,,,,,,,,
9/5/2024 22:45,0,404,,,,,,,,,,,,,,,,,,
9/5/2024 22:30,0,405,,,,,,,,,,,,,,,,,,
9/5/2024 22:15,0,407,,,,,,,,,,,,,,,,,,
9/5/2024 22:00,0,408,,,,,,,,,,,,,,,,,,
9/5/2024 21:45,0,408,,,,,,,,,,,,,,,,,,
9/5/2024 21:30,0,410,,,,,,,,,,,,,,,,,,
9/5/2024 21:15,0,411,,,,,,,,,,,,,,,,,,
9/5/2024 21:00,0,412,,,,,,,,,,,,,,,,,,
9/5/2024 20:45,0,413,,,,,,,,,,,,,,,,,,
9/5/2024 20:30,0,415,,,,,,,,,,,,,,,,,,
9/5/2024 20:15,0,417,,,,,,,,,,,,,,,,,,
9/5/2024 20:00,0,418,,,,,,,,,,,,,,,,,,
9/5/2024 19:45,0,419,,,,,,,,,,,,,,,,,,
9/5/2024 19:30,0,420,,,,,,,,,,,,,,,,,,
9/5/2024 19:15,0,422,,,,,,,,,,,,,,,,,,
9/5/2024 19:00,0,423,,,,,,,,,,,,,,,,,,
9/5/2024 18:45,0,424,,,,,,,,,,,,,,,,,,
9/5/2024 18:30,0,425,,,,,,,,,,,,,,,,,,
9/5/2024 18:15,0,427,,,,,,,,,,,,,,,,,,
9/5/2024 18:00,0,428,,,,,,,,,,,,,,,,,,
9/5/2024 17:45,0,429,,,,,,,,,,,,,,,,,,
9/5/2024 17:30,0,431,,,,,,,,,,,,,,,,,,
9/5/2024 17:15,0,432,,,,,,,,,,,,,,,,,,
9/5/2024 17:00,0,434,,,,,,,,,,,,,,,,,,
9/5/2024 16:45,0,435,,,,,,,,,,,,,,,,,,
9/5/2024 16:30,0,437,,,,,,,,,,,,,,,,,,
9/5/2024 16:15,0,438,,,,,,,,,,,,,,,,,,
9/5/2024 16:00,0,440,,,,,,,,,,,,,,,,,,
9/5/2024 15:45,0,441,,,,,,,,,,,,,,,,,,
9/5/2024 15:30,0,443,,,,,,,,,,,,,,,,,,
9/5/2024 15:15,0,444,,,,,,,,,,,,,,,,,,
9/5/2024 15:00,0,445,,,,,,,,,,,,,,,,,,
9/5/2024 14:45,0,446,,,,,,,,,,,,,,,,,,
9/5/2024 14:30,0,448,,,,,,,,,,,,,,,,,,
9/5/2024 14:15,0,449,,,,,,,,,,,,,,,,,,
9/5/2024 14:00,0,451,,,,,,,,,,,,,,,,,,
9/5/2024 13:45,0,452,,,,,,,,,,,,,,,,,,
9/5/2024 13:30,0,453,,,,,,,,,,,,,,,,,,
9/5/2024 13:15,0,455,,,,,,,,,,,,,,,,,,
9/5/2024 13:00,0,456,,,,,,,,,,,,,,,,,,
9/5/2024 12:45,0,457,,,,,,,,,,,,,,,,,,
9/5/2024 12:30,0,459,,,,,,,,,,,,,,,,,,
9/5/2024 12:15,0,461,,,,,,,,,,,,,,,,,,
9/5/2024 12:00,0,461,,,,,,,,,,,,,,,,,,
9/5/2024 11:45,0,463,,,,,,,,,,,,,,,,,,
9/5/2024 11:30,0,465,,,,,,,,,,,,,,,,,,
9/5/2024 11:15,0,466,,,,,,,,,,,,,,,,,,
9/5/2024 11:00,0,468,,,,,,,,,,,,,,,,,,
9/5/2024 10:45,0,469,,,,,,,,,,,,,,,,,,
9/5/2024 10:30,0,470,,,,,,,,,,,,,,,,,,
9/5/2024 10:15,0,471,,,,,,,,,,,,,,,,,,
9/5/2024 10:00,0,472,,,,,,,,,,,,,,,,,,
9/5/2024 9:45,0,473,,,,,,,,,,,,,,,,,,
9/5/2024 9:30,0,475,,,,,,,,,,,,,,,,,,
9/5/2024 9:15,0,476,,,,,,,,,,,,,,,,,,
9/5/2024 9:00,0,478,,,,,,,,,,,,,,,,,,
9/5/2024 8:45,0,480,,,,,,,,,,,,,,,,,,
9/5/2024 8:30,0,482,,,,,,,,,,,,,,,,,,
9/5/2024 8:15,0,482,,,,,,,,,,,,,,,,,,
9/5/2024 8:00,0,484,,,,,,,,,,,,,,,,,,
9/5/2024 7:45,0,485,,,,,,,,,,,,,,,,,,
9/5/2024 7:30,0,485,,,,,,,,,,,,,,,,,,
9/5/2024 7:15,0,488,,,,,,,,,,,,,,,,,,
9/5/2024 7:00,0,489,,,,,,,,,,,,,,,,,,
9/5/2024 6:45,0,490,,,,,,,,,,,,,,,,,,
9/5/2024 6:30,0,492,,,,,,,,,,,,,,,,,,
9/5/2024 6:15,0,492,,,,,,,,,,,,,,,,,,
9/5/2024 6:00,0,495,,,,,,,,,,,,,,,,,,
9/5/2024 5:45,0,496,,,,,,,,,,,,,,,,,,
9/5/2024 5:30,0,498,,,,,,,,,,,,,,,,,,
9/5/2024 5:15,0,498,,,,,,,,,,,,,,,,,,
9/5/2024 5:00,0,500,,,,,,,,,,,,,,,,,,
9/5/2024 4:45,0,502,,,,,,,,,,,,,,,,,,
9/5/2024 4:30,0,503,,,,,,,,,,,,,,,,,,
9/5/2024 4:15,0,505,,,,,,,,,,,,,,,,,,
9/5/2024 4:00,0.2,506,,,,,,,,,,,,,,,,,,
9/5/2024 3:45,0,508,,,,,,,,,,,,,,,,,,
9/5/2024 3:30,0,509,,,,,,,,,,,,,,,,,,
9/5/2024 3:15,0,511,,,,,,,,,,,,,,,,,,
9/5/2024 3:00,0,513,,,,,,,,,,,,,,,,,,
9/5/2024 2:45,0,514,,,,,,,,,,,,,,,,,,
9/5/2024 2:30,0,516,,,,,,,,,,,,,,,,,,
9/5/2024 2:15,0,517,,,,,,,,,,,,,,,,,,
9/5/2024 2:00,0,518,,,,,,,,,,,,,,,,,,
9/5/2024 1:45,0,520,,,,,,,,,,,,,,,,,,
9/5/2024 1:30,0,522,,,,,,,,,,,,,,,,,,
9/5/2024 1:15,0,523,,,,,,,,,,,,,,,,,,
9/5/2024 1:00,0,524,,,,,,,,,,,,,,,,,,
9/5/2024 0:45,0,527,,,,,,,,,,,,,,,,,,
9/5/2024 0:30,0,527,,,,,,,,,,,,,,,,,,
9/5/2024 0:15,0,530,,,,,,,,,,,,,,,,,,
9/5/2024 0:00,0,531,,,,,,,,,,,,,,,,,,
8/5/2024 23:45,0,533,,,,,,,,,,,,,,,,,,
8/5/2024 23:30,0,535,,,,,,,,,,,,,,,,,,
8/5/2024 23:15,0,537,,,,,,,,,,,,,,,,,,
8/5/2024 23:00,0,538,,,,,,,,,,,,,,,,,,
8/5/2024 22:45,0,540,,,,,,,,,,,,,,,,,,
8/5/2024 22:30,0,542,,,,,,,,,,,,,,,,,,
8/5/2024 22:15,0,544,,,,,,,,,,,,,,,,,,
8/5/2024 22:00,0,545,,,,,,,,,,,,,,,,,,
8/5/2024 21:45,0,547,,,,,,,,,,,,,,,,,,
8/5/2024 21:30,0,548,,,,,,,,,,,,,,,,,,
8/5/2024 21:15,0,550,,,,,,,,,,,,,,,,,,
8/5/2024 21:00,0,552,,,,,,,,,,,,,,,,,,
8/5/2024 20:45,0,554,,,,,,,,,,,,,,,,,,
8/5/2024 20:30,0,555,,,,,,,,,,,,,,,,,,
8/5/2024 20:15,0,558,,,,,,,,,,,,,,,,,,
8/5/2024 20:00,0,559,,,,,,,,,,,,,,,,,,
8/5/2024 19:45,0,561,,,,,,,,,,,,,,,,,,
8/5/2024 19:30,0,563,,,,,,,,,,,,,,,,,,
8/5/2024 19:15,0,564,,,,,,,,,,,,,,,,,,
8/5/2024 19:00,0,566,,,,,,,,,,,,,,,,,,
8/5/2024 18:45,0,568,,,,,,,,,,,,,,,,,,
8/5/2024 18:30,0,570,,,,,,,,,,,,,,,,,,
8/5/2024 18:15,0.2,572,,,,,,,,,,,,,,,,,,
8/5/2024 18:00,0,573,,,,,,,,,,,,,,,,,,
8/5/2024 17:45,0,575,,,,,,,,,,,,,,,,,,
8/5/2024 17:30,0,577,,,,,,,,,,,,,,,,,,
8/5/2024 17:15,0.2,578,,,,,,,,,,,,,,,,,,
8/5/2024 17:00,0,581,,,,,,,,,,,,,,,,,,
8/5/2024 16:45,0,582,,,,,,,,,,,,,,,,,,
8/5/2024 16:30,3,583,,,,,,,,,,,,,,,,,,
8/5/2024 16:15,0.4,584,,,,,,,,,,,,,,,,,,
8/5/2024 16:00,0.2,587,,,,,,,,,,,,,,,,,,
8/5/2024 15:45,1,588,,,,,,,,,,,,,,,,,,
8/5/2024 15:30,0,590,,,,,,,,,,,,,,,,,,
8/5/2024 15:15,0,592,,,,,,,,,,,,,,,,,,
8/5/2024 15:00,0,592,,,,,,,,,,,,,,,,,,
8/5/2024 14:45,0,595,,,,,,,,,,,,,,,,,,
8/5/2024 14:30,0,597,,,,,,,,,,,,,,,,,,
8/5/2024 14:15,0,598,,,,,,,,,,,,,,,,,,
8/5/2024 14:00,0,600,,,,,,,,,,,,,,,,,,
8/5/2024 13:45,0,601,,,,,,,,,,,,,,,,,,
8/5/2024 13:30,0,604,,,,,,,,,,,,,,,,,,
8/5/2024 13:15,0,605,,,,,,,,,,,,,,,,,,
8/5/2024 13:00,0,607,,,,,,,,,,,,,,,,,,
8/5/2024 12:45,0,608,,,,,,,,,,,,,,,,,,
8/5/2024 12:30,0,610,,,,,,,,,,,,,,,,,,
8/5/2024 12:15,0,612,,,,,,,,,,,,,,,,,,
8/5/2024 12:00,0,613,,,,,,,,,,,,,,,,,,
8/5/2024 11:45,0,615,,,,,,,,,,,,,,,,,,
8/5/2024 11:30,0,616,,,,,,,,,,,,,,,,,,
8/5/2024 11:15,0,618,,,,,,,,,,,,,,,,,,
8/5/2024 11:00,0,620,,,,,,,,,,,,,,,,,,
8/5/2024 10:45,0,622,,,,,,,,,,,,,,,,,,
8/5/2024 10:30,0,624,,,,,,,,,,,,,,,,,,
8/5/2024 10:15,0,625,,,,,,,,,,,,,,,,,,
8/5/2024 10:00,0,627,,,,,,,,,,,,,,,,,,
8/5/2024 9:45,0,629,,,,,,,,,,,,,,,,,,
8/5/2024 9:30,0,630,,,,,,,,,,,,,,,,,,
8/5/2024 9:15,0,632,,,,,,,,,,,,,,,,,,
8/5/2024 9:00,0,634,,,,,,,,,,,,,,,,,,
8/5/2024 8:45,0,635,,,,,,,,,,,,,,,,,,
8/5/2024 8:30,0,637,,,,,,,,,,,,,,,,,,
8/5/2024 8:15,0,638,,,,,,,,,,,,,,,,,,
8/5/2024 8:00,0,640,,,,,,,,,,,,,,,,,,
8/5/2024 7:45,0,642,,,,,,,,,,,,,,,,,,
8/5/2024 7:30,0,643,,,,,,,,,,,,,,,,,,
8/5/2024 7:15,0,646,,,,,,,,,,,,,,,,,,
8/5/2024 7:00,0,648,,,,,,,,,,,,,,,,,,
8/5/2024 6:45,0,648,,,,,,,,,,,,,,,,,,
8/5/2024 6:30,0,650,,,,,,,,,,,,,,,,,,
8/5/2024 6:15,0,652,,,,,,,,,,,,,,,,,,
8/5/2024 6:00,0,654,,,,,,,,,,,,,,,,,,
8/5/2024 5:45,0,654,,,,,,,,,,,,,,,,,,
8/5/2024 5:30,0,656,,,,,,,,,,,,,,,,,,
8/5/2024 5:15,0,658,,,,,,,,,,,,,,,,,,
8/5/2024 5:00,0,660,,,,,,,,,,,,,,,,,,
8/5/2024 4:45,0,661,,,,,,,,,,,,,,,,,,
8/5/2024 4:30,0,663,,,,,,,,,,,,,,,,,,
8/5/2024 4:15,0,665,,,,,,,,,,,,,,,,,,
8/5/2024 4:00,0,666,,,,,,,,,,,,,,,,,,
8/5/2024 3:45,0,668,,,,,,,,,,,,,,,,,,
8/5/2024 3:30,0,670,,,,,,,,,,,,,,,,,,
8/5/2024 3:15,0,671,,,,,,,,,,,,,,,,,,
8/5/2024 3:00,0,672,,,,,,,,,,,,,,,,,,
8/5/2024 2:45,0,674,,,,,,,,,,,,,,,,,,
8/5/2024 2:30,0,675,,,,,,,,,,,,,,,,,,
8/5/2024 2:15,0,678,,,,,,,,,,,,,,,,,,
8/5/2024 2:00,0,678,,,,,,,,,,,,,,,,,,
8/5/2024 1:45,0,680,,,,,,,,,,,,,,,,,,
8/5/2024 1:30,0,682,,,,,,,,,,,,,,,,,,
8/5/2024 1:15,0,684,,,,,,,,,,,,,,,,,,
8/5/2024 1:00,0,684,,,,,,,,,,,,,,,,,,
8/5/2024 0:45,0,686,,,,,,,,,,,,,,,,,,
8/5/2024 0:30,0,688,,,,,,,,,,,,,,,,,,
8/5/2024 0:15,0,690,,,,,,,,,,,,,,,,,,
8/5/2024 0:00,0,691,,,,,,,,,,,,,,,,,,
7/5/2024 23:45,0,693,,,,,,,,,,,,,,,,,,
7/5/2024 23:30,0,694,,,,,,,,,,,,,,,,,,
7/5/2024 23:15,0,695,,,,,,,,,,,,,,,,,,
7/5/2024 23:00,0,698,,,,,,,,,,,,,,,,,,
7/5/2024 22:45,0,699,,,,,,,,,,,,,,,,,,
7/5/2024 22:30,0,700,,,,,,,,,,,,,,,,,,
7/5/2024 22:15,0,703,,,,,,,,,,,,,,,,,,
7/5/2024 22:00,0,704,,,,,,,,,,,,,,,,,,
7/5/2024 21:45,0,705,,,,,,,,,,,,,,,,,,
7/5/2024 21:30,0,707,,,,,,,,,,,,,,,,,,
7/5/2024 21:15,0,709,,,,,,,,,,,,,,,,,,
7/5/2024 21:00,0,710,,,,,,,,,,,,,,,,,,
7/5/2024 20:45,0,712,,,,,,,,,,,,,,,,,,
7/5/2024 20:30,0,713,,,,,,,,,,,,,,,,,,
7/5/2024 20:15,0,715,,,,,,,,,,,,,,,,,,
7/5/2024 20:00,0,716,,,,,,,,,,,,,,,,,,
7/5/2024 19:45,0,718,,,,,,,,,,,,,,,,,,
7/5/2024 19:30,0,720,,,,,,,,,,,,,,,,,,
7/5/2024 19:15,0,721,,,,,,,,,,,,,,,,,,
7/5/2024 19:00,0,722,,,,,,,,,,,,,,,,,,
7/5/2024 18:45,0,723,,,,,,,,,,,,,,,,,,
7/5/2024 18:30,0,725,,,,,,,,,,,,,,,,,,
7/5/2024 18:15,0,727,,,,,,,,,,,,,,,,,,
7/5/2024 18:00,0,729,,,,,,,,,,,,,,,,,,
7/5/2024 17:45,0,731,,,,,,,,,,,,,,,,,,
7/5/2024 17:30,0,731,,,,,,,,,,,,,,,,,,
7/5/2024 17:15,0,733,,,,,,,,,,,,,,,,,,
7/5/2024 17:00,0,734,,,,,,,,,,,,,,,,,,
7/5/2024 16:45,0,737,,,,,,,,,,,,,,,,,,
7/5/2024 16:30,0,738,,,,,,,,,,,,,,,,,,
7/5/2024 16:15,0,740,,,,,,,,,,,,,,,,,,
7/5/2024 16:00,0,741,,,,,,,,,,,,,,,,,,
7/5/2024 15:45,0,743,,,,,,,,,,,,,,,,,,
7/5/2024 15:30,0,744,,,,,,,,,,,,,,,,,,
7/5/2024 15:15,0,746,,,,,,,,,,,,,,,,,,
7/5/2024 15:00,0,747,,,,,,,,,,,,,,,,,,
7/5/2024 14:45,0,748,,,,,,,,,,,,,,,,,,
7/5/2024 14:30,0,750,,,,,,,,,,,,,,,,,,
7/5/2024 14:15,0,752,,,,,,,,,,,,,,,,,,
7/5/2024 14:00,0,754,,,,,,,,,,,,,,,,,,
7/5/2024 13:45,0,755,,,,,,,,,,,,,,,,,,
7/5/2024 13:30,0,756,,,,,,,,,,,,,,,,,,
7/5/2024 13:15,0,758,,,,,,,,,,,,,,,,,,
7/5/2024 13:00,0,759,,,,,,,,,,,,,,,,,,
7/5/2024 12:45,0,760,,,,,,,,,,,,,,,,,,
7/5/2024 12:30,0,762,,,,,,,,,,,,,,,,,,
7/5/2024 12:15,0,763,,,,,,,,,,,,,,,,,,
7/5/2024 12:00,0,765,,,,,,,,,,,,,,,,,,
7/5/2024 11:45,0,766,,,,,,,,,,,,,,,,,,
7/5/2024 11:30,0,767,,,,,,,,,,,,,,,,,,
7/5/2024 11:15,0,769,,,,,,,,,,,,,,,,,,
7/5/2024 11:00,0,772,,,,,,,,,,,,,,,,,,
7/5/2024 10:45,0,772,,,,,,,,,,,,,,,,,,
7/5/2024 10:30,0,773,,,,,,,,,,,,,,,,,,
7/5/2024 10:15,0,775,,,,,,,,,,,,,,,,,,
7/5/2024 10:00,0,777,,,,,,,,,,,,,,,,,,
7/5/2024 9:45,0,777,,,,,,,,,,,,,,,,,,
7/5/2024 9:30,0,778,,,,,,,,,,,,,,,,,,
7/5/2024 9:15,0,781,,,,,,,,,,,,,,,,,,
7/5/2024 9:00,0,780,,,,,,,,,,,,,,,,,,
7/5/2024 8:45,0,783,,,,,,,,,,,,,,,,,,
7/5/2024 8:30,0,784,,,,,,,,,,,,,,,,,,
7/5/2024 8:15,0,785,,,,,,,,,,,,,,,,,,
7/5/2024 8:00,0,787,,,,,,,,,,,,,,,,,,
7/5/2024 7:45,0,788,,,,,,,,,,,,,,,,,,
7/5/2024 7:30,0,790,,,,,,,,,,,,,,,,,,
7/5/2024 7:15,0,791,,,,,,,,,,,,,,,,,,
7/5/2024 7:00,0,792,,,,,,,,,,,,,,,,,,
7/5/2024 6:45,0,794,,,,,,,,,,,,,,,,,,
7/5/2024 6:30,0,796,,,,,,,,,,,,,,,,,,
7/5/2024 6:15,0,797,,,,,,,,,,,,,,,,,,
7/5/2024 6:00,0,799,,,,,,,,,,,,,,,,,,
7/5/2024 5:45,0,799,,,,,,,,,,,,,,,,,,
7/5/2024 5:30,0,799,,,,,,,,,,,,,,,,,,
7/5/2024 5:15,0,800,,,,,,,,,,,,,,,,,,
7/5/2024 5:00,0,802,,,,,,,,,,,,,,,,,,
7/5/2024 4:45,0,803,,,,,,,,,,,,,,,,,,
7/5/2024 4:30,0,805,,,,,,,,,,,,,,,,,,
7/5/2024 4:15,0,805,,,,,,,,,,,,,,,,,,
7/5/2024 4:00,0,807,,,,,,,,,,,,,,,,,,
7/5/2024 3:45,0,809,,,,,,,,,,,,,,,,,,
7/5/2024 3:30,0,811,,,,,,,,,,,,,,,,,,
7/5/2024 3:15,0,810,,,,,,,,,,,,,,,,,,
7/5/2024 3:00,0,812,,,,,,,,,,,,,,,,,,
7/5/2024 2:45,0,814,,,,,,,,,,,,,,,,,,
7/5/2024 2:30,0,815,,,,,,,,,,,,,,,,,,
7/5/2024 2:15,0,813,,,,,,,,,,,,,,,,,,
7/5/2024 2:00,0,816,,,,,,,,,,,,,,,,,,
7/5/2024 1:45,0,817,,,,,,,,,,,,,,,,,,
7/5/2024 1:30,0,819,,,,,,,,,,,,,,,,,,
7/5/2024 1:15,0,819,,,,,,,,,,,,,,,,,,
7/5/2024 1:00,0,821,,,,,,,,,,,,,,,,,,
7/5/2024 0:45,0,822,,,,,,,,,,,,,,,,,,
7/5/2024 0:30,0,823,,,,,,,,,,,,,,,,,,
7/5/2024 0:15,0,824,,,,,,,,,,,,,,,,,,
7/5/2024 0:00,0,825,,,,,,,,,,,,,,,,,,
6/5/2024 23:45,0,827,,,,,,,,,,,,,,,,,,
6/5/2024 23:30,0,827,,,,,,,,,,,,,,,,,,
6/5/2024 23:15,0,828,,,,,,,,,,,,,,,,,,
6/5/2024 23:00,0,828,,,,,,,,,,,,,,,,,,
6/5/2024 22:45,0,830,,,,,,,,,,,,,,,,,,
6/5/2024 22:30,0,832,,,,,,,,,,,,,,,,,,
6/5/2024 22:15,0,832,,,,,,,,,,,,,,,,,,
6/5/2024 22:00,0,832,,,,,,,,,,,,,,,,,,
6/5/2024 21:45,0,835,,,,,,,,,,,,,,,,,,
6/5/2024 21:30,0,835,,,,,,,,,,,,,,,,,,
6/5/2024 21:15,0,836,,,,,,,,,,,,,,,,,,
6/5/2024 21:00,0,836,,,,,,,,,,,,,,,,,,
6/5/2024 20:45,0,838,,,,,,,,,,,,,,,,,,
6/5/2024 20:30,0,838,,,,,,,,,,,,,,,,,,
6/5/2024 20:15,0,839,,,,,,,,,,,,,,,,,,
6/5/2024 20:00,0,840,,,,,,,,,,,,,,,,,,
6/5/2024 19:45,0,841,,,,,,,,,,,,,,,,,,
6/5/2024 19:30,0,842,,,,,,,,,,,,,,,,,,
6/5/2024 19:15,0,842,,,,,,,,,,,,,,,,,,
6/5/2024 19:00,0,844,,,,,,,,,,,,,,,,,,
6/5/2024 18:45,0,845,,,,,,,,,,,,,,,,,,
6/5/2024 18:30,0,845,,,,,,,,,,,,,,,,,,
6/5/2024 18:15,0,846,,,,,,,,,,,,,,,,,,
6/5/2024 18:00,0,848,,,,,,,,,,,,,,,,,,
6/5/2024 17:45,0,847,,,,,,,,,,,,,,,,,,
6/5/2024 17:30,0,849,,,,,,,,,,,,,,,,,,
6/5/2024 17:15,0,850,,,,,,,,,,,,,,,,,,
6/5/2024 17:00,0,851,,,,,,,,,,,,,,,,,,
6/5/2024 16:45,0,850,,,,,,,,,,,,,,,,,,
6/5/2024 16:30,0,853,,,,,,,,,,,,,,,,,,
6/5/2024 16:15,0,853,,,,,,,,,,,,,,,,,,
6/5/2024 16:00,0,853,,,,,,,,,,,,,,,,,,
6/5/2024 15:45,0,853,,,,,,,,,,,,,,,,,,
6/5/2024 15:30,0,854,,,,,,,,,,,,,,,,,,
6/5/2024 15:15,0,854,,,,,,,,,,,,,,,,,,
6/5/2024 15:00,0,857,,,,,,,,,,,,,,,,,,
6/5/2024 14:45,0,857,,,,,,,,,,,,,,,,,,
6/5/2024 14:30,0,858,,,,,,,,,,,,,,,,,,
6/5/2024 14:15,0,859,,,,,,,,,,,,,,,,,,
6/5/2024 14:00,0,860,,,,,,,,,,,,,,,,,,
6/5/2024 13:45,0,860,,,,,,,,,,,,,,,,,,
6/5/2024 13:30,0,861,,,,,,,,,,,,,,,,,,
6/5/2024 13:15,0,860,,,,,,,,,,,,,,,,,,
6/5/2024 13:00,0,863,,,,,,,,,,,,,,,,,,
6/5/2024 12:45,0,860,,,,,,,,,,,,,,,,,,
6/5/2024 12:30,0,864,,,,,,,,,,,,,,,,,,
6/5/2024 12:15,0,865,,,,,,,,,,,,,,,,,,
6/5/2024 12:00,0,864,,,,,,,,,,,,,,,,,,
6/5/2024 11:45,0,866,,,,,,,,,,,,,,,,,,
6/5/2024 11:30,0,865,,,,,,,,,,,,,,,,,,
6/5/2024 11:15,0,866,,,,,,,,,,,,,,,,,,
6/5/2024 11:00,0,867,,,,,,,,,,,,,,,,,,
6/5/2024 10:45,0,867,,,,,,,,,,,,,,,,,,
6/5/2024 10:30,0,868,,,,,,,,,,,,,,,,,,
6/5/2024 10:15,0,869,,,,,,,,,,,,,,,,,,
6/5/2024 10:00,0,868,,,,,,,,,,,,,,,,,,
6/5/2024 9:45,0,870,,,,,,,,,,,,,,,,,,
6/5/2024 9:30,0,870,,,,,,,,,,,,,,,,,,
6/5/2024 9:15,0,869,,,,,,,,,,,,,,,,,,
6/5/2024 9:00,0,871,,,,,,,,,,,,,,,,,,
6/5/2024 8:45,0,870,,,,,,,,,,,,,,,,,,
6/5/2024 8:30,0,871,,,,,,,,,,,,,,,,,,
6/5/2024 8:15,0,873,,,,,,,,,,,,,,,,,,
6/5/2024 8:00,0,871,,,,,,,,,,,,,,,,,,
6/5/2024 7:45,0,871,,,,,,,,,,,,,,,,,,
6/5/2024 7:30,0,873,,,,,,,,,,,,,,,,,,
6/5/2024 7:15,0,872,,,,,,,,,,,,,,,,,,
6/5/2024 7:00,0,874,,,,,,,,,,,,,,,,,,
6/5/2024 6:45,0,873,,,,,,,,,,,,,,,,,,
6/5/2024 6:30,0,875,,,,,,,,,,,,,,,,,,
6/5/2024 6:15,0,876,,,,,,,,,,,,,,,,,,
6/5/2024 6:00,0,874,,,,,,,,,,,,,,,,,,
6/5/2024 5:45,0,873,,,,,,,,,,,,,,,,,,
6/5/2024 5:30,0,875,,,,,,,,,,,,,,,,,,
6/5/2024 5:15,0,873,,,,,,,,,,,,,,,,,,
6/5/2024 5:00,0,873,,,,,,,,,,,,,,,,,,
6/5/2024 4:45,0,875,,,,,,,,,,,,,,,,,,
6/5/2024 4:30,0,874,,,,,,,,,,,,,,,,,,
6/5/2024 4:15,0,875,,,,,,,,,,,,,,,,,,
6/5/2024 4:00,0,874,,,,,,,,,,,,,,,,,,
6/5/2024 3:45,0,875,,,,,,,,,,,,,,,,,,
6/5/2024 3:30,0,874,,,,,,,,,,,,,,,,,,
6/5/2024 3:15,0,875,,,,,,,,,,,,,,,,,,
6/5/2024 3:00,0,875,,,,,,,,,,,,,,,,,,
6/5/2024 2:45,0,874,,,,,,,,,,,,,,,,,,
6/5/2024 2:30,0,873,,,,,,,,,,,,,,,,,,
6/5/2024 2:15,0,874,,,,,,,,,,,,,,,,,,
6/5/2024 2:00,0,875,,,,,,,,,,,,,,,,,,
6/5/2024 1:45,0,875,,,,,,,,,,,,,,,,,,
6/5/2024 1:30,0,874,,,,,,,,,,,,,,,,,,
6/5/2024 1:15,0,874,,,,,,,,,,,,,,,,,,
6/5/2024 1:00,0,874,,,,,,,,,,,,,,,,,,
6/5/2024 0:45,0,872,,,,,,,,,,,,,,,,,,
6/5/2024 0:30,0,874,,,,,,,,,,,,,,,,,,
6/5/2024 0:15,0,873,,,,,,,,,,,,,,,,,,
6/5/2024 0:00,0,872,,,,,,,,,,,,,,,,,,
5/5/2024 23:45,0,873,,,,,,,,,,,,,,,,,,
5/5/2024 23:30,0,873,,,,,,,,,,,,,,,,,,
5/5/2024 23:15,0,872,,,,,,,,,,,,,,,,,,
5/5/2024 23:00,0,872,,,,,,,,,,,,,,,,,,
5/5/2024 22:45,0,870,,,,,,,,,,,,,,,,,,
5/5/2024 22:30,0,872,,,,,,,,,,,,,,,,,,
5/5/2024 22:15,0,870,,,,,,,,,,,,,,,,,,
5/5/2024 22:00,0,872,,,,,,,,,,,,,,,,,,
5/5/2024 21:45,0,872,,,,,,,,,,,,,,,,,,
5/5/2024 21:30,0,871,,,,,,,,,,,,,,,,,,
5/5/2024 21:15,0,870,,,,,,,,,,,,,,,,,,
5/5/2024 21:00,0,871,,,,,,,,,,,,,,,,,,
5/5/2024 20:45,0,871,,,,,,,,,,,,,,,,,,
5/5/2024 20:30,0,870,,,,,,,,,,,,,,,,,,
5/5/2024 20:15,0,870,,,,,,,,,,,,,,,,,,
5/5/2024 20:00,0,872,,,,,,,,,,,,,,,,,,
5/5/2024 19:45,0,869,,,,,,,,,,,,,,,,,,
5/5/2024 19:30,0,870,,,,,,,,,,,,,,,,,,
5/5/2024 19:15,0,870,,,,,,,,,,,,,,,,,,
5/5/2024 19:00,0,869,,,,,,,,,,,,,,,,,,
5/5/2024 18:45,0,870,,,,,,,,,,,,,,,,,,
5/5/2024 18:30,0,868,,,,,,,,,,,,,,,,,,
5/5/2024 18:15,0,869,,,,,,,,,,,,,,,,,,
5/5/2024 18:00,0,868,,,,,,,,,,,,,,,,,,
5/5/2024 17:45,0,869,,,,,,,,,,,,,,,,,,
5/5/2024 17:30,0,868,,,,,,,,,,,,,,,,,,
5/5/2024 17:15,0,869,,,,,,,,,,,,,,,,,,
5/5/2024 17:00,0,869,,,,,,,,,,,,,,,,,,
5/5/2024 16:45,0,869,,,,,,,,,,,,,,,,,,
5/5/2024 16:30,0,870,,,,,,,,,,,,,,,,,,
5/5/2024 16:15,0,870,,,,,,,,,,,,,,,,,,
5/5/2024 16:00,0,870,,,,,,,,,,,,,,,,,,
5/5/2024 15:45,0,870,,,,,,,,,,,,,,,,,,
5/5/2024 15:30,0,872,,,,,,,,,,,,,,,,,,
5/5/2024 15:15,0,871,,,,,,,,,,,,,,,,,,
5/5/2024 15:00,0,869,,,,,,,,,,,,,,,,,,
5/5/2024 14:45,0,870,,,,,,,,,,,,,,,,,,
5/5/2024 14:30,0,871,,,,,,,,,,,,,,,,,,
5/5/2024 14:15,0,871,,,,,,,,,,,,,,,,,,
5/5/2024 14:00,0,871,,,,,,,,,,,,,,,,,,
5/5/2024 13:45,0,870,,,,,,,,,,,,,,,,,,
5/5/2024 13:30,0,871,,,,,,,,,,,,,,,,,,
5/5/2024 13:15,0,872,,,,,,,,,,,,,,,,,,
5/5/2024 13:00,0,872,,,,,,,,,,,,,,,,,,
5/5/2024 12:45,0,873,,,,,,,,,,,,,,,,,,
5/5/2024 12:30,0,872,,,,,,,,,,,,,,,,,,
5/5/2024 12:15,0,873,,,,,,,,,,,,,,,,,,
5/5/2024 12:00,0,875,,,,,,,,,,,,,,,,,,
5/5/2024 11:45,0,875,,,,,,,,,,,,,,,,,,
5/5/2024 11:30,0,875,,,,,,,,,,,,,,,,,,
5/5/2024 11:15,0.2,876,,,,,,,,,,,,,,,,,,
5/5/2024 11:00,0,876,,,,,,,,,,,,,,,,,,
5/5/2024 10:45,0,878,,,,,,,,,,,,,,,,,,
5/5/2024 10:30,0,877,,,,,,,,,,,,,,,,,,
5/5/2024 10:15,0,878,,,,,,,,,,,,,,,,,,
5/5/2024 10:00,0,878,,,,,,,,,,,,,,,,,,
5/5/2024 9:45,0,879,,,,,,,,,,,,,,,,,,
5/5/2024 9:30,0,879,,,,,,,,,,,,,,,,,,
5/5/2024 9:15,2,881,,,,,,,,,,,,,,,,,,
5/5/2024 9:00,0,880,,,,,,,,,,,,,,,,,,
5/5/2024 8:45,0.2,880,,,,,,,,,,,,,,,,,,
5/5/2024 8:30,0.2,882,,,,,,,,,,,,,,,,,,
5/5/2024 8:15,0,882,,,,,,,,,,,,,,,,,,
5/5/2024 8:00,0,883,,,,,,,,,,,,,,,,,,
5/5/2024 7:45,0,882,,,,,,,,,,,,,,,,,,
5/5/2024 7:30,0,883,,,,,,,,,,,,,,,,,,
5/5/2024 7:15,0,883,,,,,,,,,,,,,,,,,,
5/5/2024 7:00,0,885,,,,,,,,,,,,,,,,,,
5/5/2024 6:45,0,886,,,,,,,,,,,,,,,,,,
5/5/2024 6:30,0,886,,,,,,,,,,,,,,,,,,
5/5/2024 6:15,0,887,,,,,,,,,,,,,,,,,,
5/5/2024 6:00,0,887,,,,,,,,,,,,,,,,,,
5/5/2024 5:45,0,889,,,,,,,,,,,,,,,,,,
5/5/2024 5:30,0,889,,,,,,,,,,,,,,,,,,
5/5/2024 5:15,0,890,,,,,,,,,,,,,,,,,,
5/5/2024 5:00,0,889,,,,,,,,,,,,,,,,,,
5/5/2024 4:45,0,890,,,,,,,,,,,,,,,,,,
5/5/2024 4:30,0,890,,,,,,,,,,,,,,,,,,
5/5/2024 4:15,0.8,892,,,,,,,,,,,,,,,,,,
5/5/2024 4:00,2.4,893,,,,,,,,,,,,,,,,,,
5/5/2024 3:45,1.4,893,,,,,,,,,,,,,,,,,,
5/5/2024 3:30,0,894,,,,,,,,,,,,,,,,,,
5/5/2024 3:15,0,894,,,,,,,,,,,,,,,,,,
5/5/2024 3:00,0,894,,,,,,,,,,,,,,,,,,
5/5/2024 2:45,0,897,,,,,,,,,,,,,,,,,,
5/5/2024 2:30,0,896,,,,,,,,,,,,,,,,,,
5/5/2024 2:15,0,898,,,,,,,,,,,,,,,,,,
5/5/2024 2:00,0,897,,,,,,,,,,,,,,,,,,
5/5/2024 1:45,0,902,,,,,,,,,,,,,,,,,,
5/5/2024 1:30,0,900,,,,,,,,,,,,,,,,,,
5/5/2024 1:15,0,901,,,,,,,,,,,,,,,,,,
5/5/2024 1:00,0,902,,,,,,,,,,,,,,,,,,
5/5/2024 0:45,0,903,,,,,,,,,,,,,,,,,,
5/5/2024 0:30,0,904,,,,,,,,,,,,,,,,,,
5/5/2024 0:15,0,904,,,,,,,,,,,,,,,,,,
5/5/2024 0:00,0,906,,,,,,,,,,,,,,,,,,
4/5/2024 23:45,0,907,,,,,,,,,,,,,,,,,,
4/5/2024 23:30,0,908,,,,,,,,,,,,,,,,,,
4/5/2024 23:15,0,908,,,,,,,,,,,,,,,,,,
4/5/2024 23:00,0,910,,,,,,,,,,,,,,,,,,
4/5/2024 22:45,0.2,909,,,,,,,,,,,,,,,,,,
4/5/2024 22:30,0,909,,,,,,,,,,,,,,,,,,
4/5/2024 22:15,0,910,,,,,,,,,,,,,,,,,,
4/5/2024 22:00,0,912,,,,,,,,,,,,,,,,,,
4/5/2024 21:45,0,912,,,,,,,,,,,,,,,,,,
4/5/2024 21:30,0,914,,,,,,,,,,,,,,,,,,
4/5/2024 21:15,0,913,,,,,,,,,,,,,,,,,,
4/5/2024 21:00,0,917,,,,,,,,,,,,,,,,,,
4/5/2024 20:45,0.2,914,,,,,,,,,,,,,,,,,,
4/5/2024 20:30,0,916,,,,,,,,,,,,,,,,,,
4/5/2024 20:15,0.2,918,,,,,,,,,,,,,,,,,,
4/5/2024 20:00,0,920,,,,,,,,,,,,,,,,,,
4/5/2024 19:45,1.4,920,,,,,,,,,,,,,,,,,,
4/5/2024 19:30,0.8,921,,,,,,,,,,,,,,,,,,
4/5/2024 19:15,1.4,920,,,,,,,,,,,,,,,,,,
4/5/2024 19:00,0.8,922,,,,,,,,,,,,,,,,,,
4/5/2024 18:45,0.2,922,,,,,,,,,,,,,,,,,,
4/5/2024 18:30,0,923,,,,,,,,,,,,,,,,,,
4/5/2024 18:15,0,925,,,,,,,,,,,,,,,,,,
4/5/2024 18:00,0,925,,,,,,,,,,,,,,,,,,
4/5/2024 17:45,0,924,,,,,,,,,,,,,,,,,,
4/5/2024 17:30,0,926,,,,,,,,,,,,,,,,,,
4/5/2024 17:15,0,927,,,,,,,,,,,,,,,,,,
4/5/2024 17:00,0,929,,,,,,,,,,,,,,,,,,
4/5/2024 16:45,0,929,,,,,,,,,,,,,,,,,,
4/5/2024 16:30,0,931,,,,,,,,,,,,,,,,,,
4/5/2024 16:15,0,930,,,,,,,,,,,,,,,,,,
4/5/2024 16:00,0,931,,,,,,,,,,,,,,,,,,
4/5/2024 15:45,0,932,,,,,,,,,,,,,,,,,,
4/5/2024 15:30,0,931,,,,,,,,,,,,,,,,,,
4/5/2024 15:15,0,934,,,,,,,,,,,,,,,,,,
4/5/2024 15:00,0,935,,,,,,,,,,,,,,,,,,
4/5/2024 14:45,0,935,,,,,,,,,,,,,,,,,,
4/5/2024 14:30,0,936,,,,,,,,,,,,,,,,,,
4/5/2024 14:15,0,937,,,,,,,,,,,,,,,,,,
4/5/2024 14:00,0,936,,,,,,,,,,,,,,,,,,
4/5/2024 13:45,0,937,,,,,,,,,,,,,,,,,,
4/5/2024 13:30,0,939,,,,,,,,,,,,,,,,,,
4/5/2024 13:15,0,939,,,,,,,,,,,,,,,,,,
4/5/2024 13:00,0,940,,,,,,,,,,,,,,,,,,
4/5/2024 12:45,0,942,,,,,,,,,,,,,,,,,,
4/5/2024 12:30,0,943,,,,,,,,,,,,,,,,,,
4/5/2024 12:15,0,944,,,,,,,,,,,,,,,,,,
4/5/2024 12:00,0,944,,,,,,,,,,,,,,,,,,
4/5/2024 11:45,0,945,,,,,,,,,,,,,,,,,,
4/5/2024 11:30,0,947,,,,,,,,,,,,,,,,,,
4/5/2024 11:15,0,948,,,,,,,,,,,,,,,,,,
4/5/2024 11:00,0,950,,,,,,,,,,,,,,,,,,
4/5/2024 10:45,0,949,,,,,,,,,,,,,,,,,,
4/5/2024 10:30,0,952,,,,,,,,,,,,,,,,,,
4/5/2024 10:15,0,954,,,,,,,,,,,,,,,,,,
4/5/2024 10:00,0,955,,,,,,,,,,,,,,,,,,
4/5/2024 9:45,0,954,,,,,,,,,,,,,,,,,,
4/5/2024 9:30,0,956,,,,,,,,,,,,,,,,,,
4/5/2024 9:15,0,956,,,,,,,,,,,,,,,,,,
4/5/2024 9:00,0,959,,,,,,,,,,,,,,,,,,
4/5/2024 8:45,0,958,,,,,,,,,,,,,,,,,,
4/5/2024 8:30,0,960,,,,,,,,,,,,,,,,,,
4/5/2024 8:15,0,961,,,,,,,,,,,,,,,,,,
4/5/2024 8:00,0,962,,,,,,,,,,,,,,,,,,
4/5/2024 7:45,0,965,,,,,,,,,,,,,,,,,,
4/5/2024 7:30,0,965,,,,,,,,,,,,,,,,,,
4/5/2024 7:15,0,967,,,,,,,,,,,,,,,,,,
4/5/2024 7:00,0,970,,,,,,,,,,,,,,,,,,
4/5/2024 6:45,0,971,,,,,,,,,,,,,,,,,,
4/5/2024 6:30,0,974,,,,,,,,,,,,,,,,,,
4/5/2024 6:15,0,974,,,,,,,,,,,,,,,,,,
4/5/2024 6:00,0,976,,,,,,,,,,,,,,,,,,
4/5/2024 5:45,0,980,,,,,,,,,,,,,,,,,,
4/5/2024 5:30,0,977,,,,,,,,,,,,,,,,,,
4/5/2024 5:15,0,979,,,,,,,,,,,,,,,,,,
4/5/2024 5:00,0,981,,,,,,,,,,,,,,,,,,
4/5/2024 4:45,0,983,,,,,,,,,,,,,,,,,,
4/5/2024 4:30,0,985,,,,,,,,,,,,,,,,,,
4/5/2024 4:15,0,984,,,,,,,,,,,,,,,,,,
4/5/2024 4:00,0,987,,,,,,,,,,,,,,,,,,
4/5/2024 3:45,0,989,,,,,,,,,,,,,,,,,,
4/5/2024 3:30,0,991,,,,,,,,,,,,,,,,,,
4/5/2024 3:15,0,993,,,,,,,,,,,,,,,,,,
4/5/2024 3:00,0,996,,,,,,,,,,,,,,,,,,
4/5/2024 2:45,0.2,997,,,,,,,,,,,,,,,,,,
4/5/2024 2:30,0,996,,,,,,,,,,,,,,,,,,
4/5/2024 2:15,0,998,,,,,,,,,,,,,,,,,,
4/5/2024 2:00,0,1002,,,,,,,,,,,,,,,,,,
4/5/2024 1:45,0.4,1002,,,,,,,,,,,,,,,,,,
4/5/2024 1:30,0.8,1003,,,,,,,,,,,,,,,,,,
4/5/2024 1:15,0.4,1008,,,,,,,,,,,,,,,,,,
4/5/2024 1:00,1.4,1009,,,,,,,,,,,,,,,,,,
4/5/2024 0:45,0.8,1011,,,,,,,,,,,,,,,,,,
4/5/2024 0:30,0.6,1012,,,,,,,,,,,,,,,,,,
4/5/2024 0:15,1,1016,,,,,,,,,,,,,,,,,,
4/5/2024 0:00,0.6,1017,,,,,,,,,,,,,,,,,,
3/5/2024 23:45,0.2,1019,,,,,,,,,,,,,,,,,,
3/5/2024 23:30,0,1020,,,,,,,,,,,,,,,,,,
3/5/2024 23:15,0,1022,,,,,,,,,,,,,,,,,,
3/5/2024 23:00,0,1024,,,,,,,,,,,,,,,,,,
3/5/2024 22:45,0,1027,,,,,,,,,,,,,,,,,,
3/5/2024 22:30,0,1029,,,,,,,,,,,,,,,,,,
3/5/2024 22:15,0,1032,,,,,,,,,,,,,,,,,,
3/5/2024 22:00,0,1031,,,,,,,,,,,,,,,,,,
3/5/2024 21:45,0,1034,,,,,,,,,,,,,,,,,,
3/5/2024 21:30,0,1036,,,,,,,,,,,,,,,,,,
3/5/2024 21:15,0,1039,,,,,,,,,,,,,,,,,,
3/5/2024 21:00,0,1042,,,,,,,,,,,,,,,,,,
3/5/2024 20:45,0,1043,,,,,,,,,,,,,,,,,,
3/5/2024 20:30,0,1045,,,,,,,,,,,,,,,,,,
3/5/2024 20:15,0,1047,,,,,,,,,,,,,,,,,,
3/5/2024 20:00,0,1050,,,,,,,,,,,,,,,,,,
3/5/2024 19:45,0,1051,,,,,,,,,,,,,,,,,,
3/5/2024 19:30,0,1053,,,,,,,,,,,,,,,,,,
3/5/2024 19:15,0.2,1057,,,,,,,,,,,,,,,,,,
3/5/2024 19:00,0,1059,,,,,,,,,,,,,,,,,,
3/5/2024 18:45,0,1060,,,,,,,,,,,,,,,,,,
3/5/2024 18:30,0,1062,,,,,,,,,,,,,,,,,,
3/5/2024 18:15,0,1067,,,,,,,,,,,,,,,,,,
3/5/2024 18:00,0,1066,,,,,,,,,,,,,,,,,,
3/5/2024 17:45,0,1070,,,,,,,,,,,,,,,,,,
3/5/2024 17:30,0,1071,,,,,,,,,,,,,,,,,,
3/5/2024 17:15,0,1073,,,,,,,,,,,,,,,,,,
3/5/2024 17:00,0,1077,,,,,,,,,,,,,,,,,,
3/5/2024 16:45,0,1078,,,,,,,,,,,,,,,,,,
3/5/2024 16:30,0,1080,,,,,,,,,,,,,,,,,,
3/5/2024 16:15,0,1083,,,,,,,,,,,,,,,,,,
3/5/2024 16:00,0,1084,,,,,,,,,,,,,,,,,,
3/5/2024 15:45,0,1089,,,,,,,,,,,,,,,,,,
3/5/2024 15:30,0,1092,,,,,,,,,,,,,,,,,,
3/5/2024 15:15,0,1093,,,,,,,,,,,,,,,,,,
3/5/2024 15:00,0,1093,,,,,,,,,,,,,,,,,,
3/5/2024 14:45,0,1095,,,,,,,,,,,,,,,,,,
3/5/2024 14:30,0,1100,,,,,,,,,,,,,,,,,,
3/5/2024 14:15,0,1101,,,,,,,,,,,,,,,,,,
3/5/2024 14:00,0,1103,,,,,,,,,,,,,,,,,,
3/5/2024 13:45,0,1105,,,,,,,,,,,,,,,,,,
3/5/2024 13:30,0,1108,,,,,,,,,,,,,,,,,,
3/5/2024 13:15,0,1109,,,,,,,,,,,,,,,,,,
3/5/2024 13:00,0,1112,,,,,,,,,,,,,,,,,,
3/5/2024 12:45,0,1115,,,,,,,,,,,,,,,,,,
3/5/2024 12:30,0,1116,,,,,,,,,,,,,,,,,,
3/5/2024 12:15,0,1117,,,,,,,,,,,,,,,,,,
3/5/2024 12:00,0,1119,,,,,,,,,,,,,,,,,,
3/5/2024 11:45,0,1123,,,,,,,,,,,,,,,,,,
3/5/2024 11:30,0,1123,,,,,,,,,,,,,,,,,,
3/5/2024 11:15,0,1127,,,,,,,,,,,,,,,,,,
3/5/2024 11:00,0,1128,,,,,,,,,,,,,,,,,,
3/5/2024 10:45,0,1131,,,,,,,,,,,,,,,,,,
3/5/2024 10:30,0.2,1136,,,,,,,,,,,,,,,,,,
3/5/2024 10:15,0,1136,,,,,,,,,,,,,,,,,,
3/5/2024 10:00,0,1137,,,,,,,,,,,,,,,,,,
3/5/2024 9:45,0.2,1139,,,,,,,,,,,,,,,,,,
3/5/2024 9:30,0,1140,,,,,,,,,,,,,,,,,,
3/5/2024 9:15,0,1147,,,,,,,,,,,,,,,,,,
3/5/2024 9:00,0.2,1146,,,,,,,,,,,,,,,,,,
3/5/2024 8:45,0,1150,,,,,,,,,,,,,,,,,,
3/5/2024 8:30,0.2,1152,,,,,,,,,,,,,,,,,,
3/5/2024 8:15,0,1152,,,,,,,,,,,,,,,,,,
3/5/2024 8:00,0,1153,,,,,,,,,,,,,,,,,,
3/5/2024 7:45,0,1155,,,,,,,,,,,,,,,,,,
3/5/2024 7:30,0,1158,,,,,,,,,,,,,,,,,,
3/5/2024 7:15,0,1159,,,,,,,,,,,,,,,,,,
3/5/2024 7:00,0,1160,,,,,,,,,,,,,,,,,,
3/5/2024 6:45,0,1162,,,,,,,,,,,,,,,,,,
3/5/2024 6:30,0.2,1164,,,,,,,,,,,,,,,,,,
3/5/2024 6:15,0,1164,,,,,,,,,,,,,,,,,,
3/5/2024 6:00,0.2,1166,,,,,,,,,,,,,,,,,,
3/5/2024 5:45,0,1168,,,,,,,,,,,,,,,,,,
3/5/2024 5:30,0,1169,,,,,,,,,,,,,,,,,,
3/5/2024 5:15,0,1172,,,,,,,,,,,,,,,,,,
3/5/2024 5:00,0.2,1170,,,,,,,,,,,,,,,,,,
3/5/2024 4:45,0,1171,,,,,,,,,,,,,,,,,,
3/5/2024 4:30,0,1174,,,,,,,,,,,,,,,,,,
3/5/2024 4:15,0.2,1175,,,,,,,,,,,,,,,,,,
3/5/2024 4:00,0,1176,,,,,,,,,,,,,,,,,,
3/5/2024 3:45,0,1178,,,,,,,,,,,,,,,,,,
3/5/2024 3:30,0,1177,,,,,,,,,,,,,,,,,,
3/5/2024 3:15,0,1178,,,,,,,,,,,,,,,,,,
3/5/2024 3:00,0,1178,,,,,,,,,,,,,,,,,,
3/5/2024 2:45,0,1177,,,,,,,,,,,,,,,,,,
3/5/2024 2:30,0,1180,,,,,,,,,,,,,,,,,,
3/5/2024 2:15,0,1180,,,,,,,,,,,,,,,,,,
3/5/2024 2:00,0,1182,,,,,,,,,,,,,,,,,,
3/5/2024 1:45,0,1183,,,,,,,,,,,,,,,,,,
3/5/2024 1:30,0,1182,,,,,,,,,,,,,,,,,,
3/5/2024 1:15,0,1184,,,,,,,,,,,,,,,,,,
3/5/2024 1:00,0,1184,,,,,,,,,,,,,,,,,,
3/5/2024 0:45,0.2,1184,,,,,,,,,,,,,,,,,,
3/5/2024 0:30,0,1184,,,,,,,,,,,,,,,,,,
3/5/2024 0:15,0,1184,,,,,,,,,,,,,,,,,,
3/5/2024 0:00,0,1187,,,,,,,,,,,,,,,,,,
2/5/2024 23:45,0,1182,,,,,,,,,,,,,,,,,,
2/5/2024 23:30,0,1185,,,,,,,,,,,,,,,,,,
2/5/2024 23:15,0,1186,,,,,,,,,,,,,,,,,,
2/5/2024 23:00,0,1186,,,,,,,,,,,,,,,,,,
2/5/2024 22:45,0.4,1185,,,,,,,,,,,,,,,,,,
2/5/2024 22:30,0.4,1188,,,,,,,,,,,,,,,,,,
2/5/2024 22:15,0,1186,,,,,,,,,,,,,,,,,,
2/5/2024 22:00,0,1186,,,,,,,,,,,,,,,,,,
2/5/2024 21:45,0,1185,,,,,,,,,,,,,,,,,,
2/5/2024 21:30,0,1185,,,,,,,,,,,,,,,,,,
2/5/2024 21:15,0,1186,,,,,,,,,,,,,,,,,,
2/5/2024 21:00,0.2,1185,,,,,,,,,,,,,,,,,,
2/5/2024 20:45,0,1183,,,,,,,,,,,,,,,,,,
2/5/2024 20:30,0.2,1185,,,,,,,,,,,,,,,,,,
2/5/2024 20:15,0,1184,,,,,,,,,,,,,,,,,,
2/5/2024 20:00,0,1182,,,,,,,,,,,,,,,,,,
2/5/2024 19:45,0,1184,,,,,,,,,,,,,,,,,,
2/5/2024 19:30,0.2,1186,,,,,,,,,,,,,,,,,,
2/5/2024 19:15,0.4,1187,,,,,,,,,,,,,,,,,,
2/5/2024 19:00,0.4,1187,,,,,,,,,,,,,,,,,,
2/5/2024 18:45,0.4,1184,,,,,,,,,,,,,,,,,,
2/5/2024 18:30,0,1183,,,,,,,,,,,,,,,,,,
2/5/2024 18:15,0.2,1181,,,,,,,,,,,,,,,,,,
2/5/2024 18:00,0,1183,,,,,,,,,,,,,,,,,,
2/5/2024 17:45,0.2,1180,,,,,,,,,,,,,,,,,,
2/5/2024 17:30,0.4,1179,,,,,,,,,,,,,,,,,,
2/5/2024 17:15,0.4,1179,,,,,,,,,,,,,,,,,,
2/5/2024 17:00,0.2,1177,,,,,,,,,,,,,,,,,,
2/5/2024 16:45,0.2,1179,,,,,,,,,,,,,,,,,,
2/5/2024 16:30,0.4,1176,,,,,,,,,,,,,,,,,,
2/5/2024 16:15,0.2,1176,,,,,,,,,,,,,,,,,,
2/5/2024 16:00,0.6,1177,,,,,,,,,,,,,,,,,,
2/5/2024 15:45,0.8,1176,,,,,,,,,,,,,,,,,,
2/5/2024 15:30,0.8,1172,,,,,,,,,,,,,,,,,,
2/5/2024 15:15,0.8,1173,,,,,,,,,,,,,,,,,,
2/5/2024 15:00,3,1171,,,,,,,,,,,,,,,,,,
2/5/2024 14:45,0.6,1169,,,,,,,,,,,,,,,,,,
2/5/2024 14:30,0.2,1169,,,,,,,,,,,,,,,,,,
2/5/2024 14:15,0.8,1166,,,,,,,,,,,,,,,,,,
2/5/2024 14:00,3.4,1162,,,,,,,,,,,,,,,,,,
2/5/2024 13:45,0.4,1162,,,,,,,,,,,,,,,,,,
2/5/2024 13:30,0,1162,,,,,,,,,,,,,,,,,,
2/5/2024 13:15,0,1163,,,,,,,,,,,,,,,,,,
2/5/2024 13:00,0,1158,,,,,,,,,,,,,,,,,,
2/5/2024 12:45,0,1153,,,,,,,,,,,,,,,,,,
2/5/2024 12:30,0.4,1153,,,,,,,,,,,,,,,,,,
2/5/2024 12:15,0,1155,,,,,,,,,,,,,,,,,,
2/5/2024 12:00,0,1149,,,,,,,,,,,,,,,,,,
2/5/2024 11:45,0,1153,,,,,,,,,,,,,,,,,,
2/5/2024 11:30,0.2,1149,,,,,,,,,,,,,,,,,,
2/5/2024 11:15,0,1150,,,,,,,,,,,,,,,,,,
2/5/2024 11:00,0,1146,,,,,,,,,,,,,,,,,,
2/5/2024 10:45,0.2,1146,,,,,,,,,,,,,,,,,,
2/5/2024 10:30,0.2,1146,,,,,,,,,,,,,,,,,,
2/5/2024 10:15,1,1146,,,,,,,,,,,,,,,,,,
2/5/2024 10:00,0.6,1140,,,,,,,,,,,,,,,,,,
2/5/2024 9:45,0.6,1143,,,,,,,,,,,,,,,,,,
2/5/2024 9:30,0.6,1140,,,,,,,,,,,,,,,,,,
2/5/2024 9:15,0.4,1141,,,,,,,,,,,,,,,,,,
2/5/2024 9:00,0.4,1142,,,,,,,,,,,,,,,,,,
2/5/2024 8:45,0.8,1142,,,,,,,,,,,,,,,,,,
2/5/2024 8:30,0.4,1140,,,,,,,,,,,,,,,,,,
2/5/2024 8:15,0.2,1143,,,,,,,,,,,,,,,,,,
2/5/2024 8:00,0,1144,,,,,,,,,,,,,,,,,,
2/5/2024 7:45,0.2,1144,,,,,,,,,,,,,,,,,,
2/5/2024 7:30,0.2,1145,,,,,,,,,,,,,,,,,,
2/5/2024 7:15,0,1147,,,,,,,,,,,,,,,,,,
2/5/2024 7:00,0,1145,,,,,,,,,,,,,,,,,,
2/5/2024 6:45,0,1144,,,,,,,,,,,,,,,,,,
2/5/2024 6:30,0,1143,,,,,,,,,,,,,,,,,,
2/5/2024 6:15,0.2,1145,,,,,,,,,,,,,,,,,,
2/5/2024 6:00,0.2,1146,,,,,,,,,,,,,,,,,,
2/5/2024 5:45,0.6,1147,,,,,,,,,,,,,,,,,,
2/5/2024 5:30,0.2,1149,,,,,,,,,,,,,,,,,,
2/5/2024 5:15,0.2,1149,,,,,,,,,,,,,,,,,,
2/5/2024 5:00,0.2,1150,,,,,,,,,,,,,,,,,,
2/5/2024 4:45,0.4,1151,,,,,,,,,,,,,,,,,,
2/5/2024 4:30,0.6,1153,,,,,,,,,,,,,,,,,,
2/5/2024 4:15,1,1151,,,,,,,,,,,,,,,,,,
2/5/2024 4:00,0.8,1151,,,,,,,,,,,,,,,,,,
2/5/2024 3:45,1.2,1150,,,,,,,,,,,,,,,,,,
2/5/2024 3:30,1,1150,,,,,,,,,,,,,,,,,,
2/5/2024 3:15,0.8,1153,,,,,,,,,,,,,,,,,,
2/5/2024 3:00,0.4,1156,,,,,,,,,,,,,,,,,,
2/5/2024 2:45,1.4,1153,,,,,,,,,,,,,,,,,,
2/5/2024 2:30,1.2,1154,,,,,,,,,,,,,,,,,,
2/5/2024 2:15,1.8,1153,,,,,,,,,,,,,,,,,,
2/5/2024 2:00,5.2,1157,,,,,,,,,,,,,,,,,,
2/5/2024 1:45,2.4,1158,,,,,,,,,,,,,,,,,,
2/5/2024 1:30,1.2,1157,,,,,,,,,,,,,,,,,,
2/5/2024 1:15,0.8,1157,,,,,,,,,,,,,,,,,,
2/5/2024 1:00,1.2,1159,,,,,,,,,,,,,,,,,,
2/5/2024 0:45,0.8,1157,,,,,,,,,,,,,,,,,,
2/5/2024 0:30,1.2,1160,,,,,,,,,,,,,,,,,,
2/5/2024 0:15,1.4,1163,,,,,,,,,,,,,,,,,,
2/5/2024 0:00,0.4,1161,,,,,,,,,,,,,,,,,,
1/5/2024 23:45,0.8,1164,,,,,,,,,,,,,,,,,,
1/5/2024 23:30,0.8,1164,,,,,,,,,,,,,,,,,,
1/5/2024 23:15,0.4,1165,,,,,,,,,,,,,,,,,,
1/5/2024 23:00,1.6,1166,,,,,,,,,,,,,,,,,,
1/5/2024 22:45,3.6,1165,,,,,,,,,,,,,,,,,,
1/5/2024 22:30,0.6,1166,,,,,,,,,,,,,,,,,,
1/5/2024 22:15,0.2,1169,,,,,,,,,,,,,,,,,,
1/5/2024 22:00,0,1168,,,,,,,,,,,,,,,,,,
1/5/2024 21:45,0.2,1167,,,,,,,,,,,,,,,,,,
1/5/2024 21:30,1.4,1172,,,,,,,,,,,,,,,,,,
1/5/2024 21:15,3.6,1172,,,,,,,,,,,,,,,,,,
1/5/2024 21:00,1.4,1175,,,,,,,,,,,,,,,,,,
1/5/2024 20:45,0.4,1172,,,,,,,,,,,,,,,,,,
1/5/2024 20:30,0.2,1174,,,,,,,,,,,,,,,,,,
1/5/2024 20:15,0,1178,,,,,,,,,,,,,,,,,,
1/5/2024 20:00,0,1178,,,,,,,,,,,,,,,,,,
1/5/2024 19:45,0,1178,,,,,,,,,,,,,,,,,,
1/5/2024 19:30,0,1181,,,,,,,,,,,,,,,,,,
1/5/2024 19:15,0,1181,,,,,,,,,,,,,,,,,,
1/5/2024 19:00,0.2,1182,,,,,,,,,,,,,,,,,,
1/5/2024 18:45,0,1179,,,,,,,,,,,,,,,,,,
1/5/2024 18:30,0.2,1188,,,,,,,,,,,,,,,,,,
1/5/2024 18:15,1,1185,,,,,,,,,,,,,,,,,,
1/5/2024 18:00,1,1190,,,,,,,,,,,,,,,,,,
1/5/2024 17:45,0.4,1189,,,,,,,,,,,,,,,,,,
1/5/2024 17:30,0.4,1189,,,,,,,,,,,,,,,,,,
1/5/2024 17:15,0.2,1190,,,,,,,,,,,,,,,,,,
1/5/2024 17:00,0.4,1191,,,,,,,,,,,,,,,,,,
1/5/2024 16:45,0.2,1191,,,,,,,,,,,,,,,,,,
1/5/2024 16:30,0.4,1195,,,,,,,,,,,,,,,,,,
1/5/2024 16:15,1.6,1195,,,,,,,,,,,,,,,,,,
1/5/2024 16:00,1.4,1196,,,,,,,,,,,,,,,,,,
1/5/2024 15:45,1,1196,,,,,,,,,,,,,,,,,,
1/5/2024 15:30,1,1195,,,,,,,,,,,,,,,,,,
1/5/2024 15:15,0.6,1200,,,,,,,,,,,,,,,,,,
1/5/2024 15:00,0.6,1200,,,,,,,,,,,,,,,,,,
1/5/2024 14:45,0.4,1200,,,,,,,,,,,,,,,,,,
1/5/2024 14:30,0.2,1203,,,,,,,,,,,,,,,,,,
1/5/2024 14:15,0.2,1201,,,,,,,,,,,,,,,,,,
1/5/2024 14:00,0.2,1199,,,,,,,,,,,,,,,,,,
1/5/2024 13:45,0,1201,,,,,,,,,,,,,,,,,,
1/5/2024 13:30,0.8,1201,,,,,,,,,,,,,,,,,,
1/5/2024 13:15,1.4,1205,,,,,,,,,,,,,,,,,,
1/5/2024 13:00,1.2,1205,,,,,,,,,,,,,,,,,,
1/5/2024 12:45,1.6,1207,,,,,,,,,,,,,,,,,,
1/5/2024 12:30,1.6,1205,,,,,,,,,,,,,,,,,,
1/5/2024 12:15,1.4,1204,,,,,,,,,,,,,,,,,,
1/5/2024 12:00,0.8,1209,,,,,,,,,,,,,,,,,,
1/5/2024 11:45,0.8,1203,,,,,,,,,,,,,,,,,,
1/5/2024 11:30,0.8,1205,,,,,,,,,,,,,,,,,,
1/5/2024 11:15,0.8,1207,,,,,,,,,,,,,,,,,,
1/5/2024 11:00,0.2,1208,,,,,,,,,,,,,,,,,,
1/5/2024 10:45,0,1204,,,,,,,,,,,,,,,,,,
1/5/2024 10:30,0.4,1206,,,,,,,,,,,,,,,,,,
1/5/2024 10:15,0.2,1205,,,,,,,,,,,,,,,,,,
1/5/2024 10:00,0.4,1206,,,,,,,,,,,,,,,,,,
1/5/2024 9:45,1,1204,,,,,,,,,,,,,,,,,,
1/5/2024 9:30,0.6,1204,,,,,,,,,,,,,,,,,,
1/5/2024 9:15,0.2,1188,,,,,,,,,,,,,,,,,,
1/5/2024 9:00,0.4,1202,,,,,,,,,,,,,,,,,,
1/5/2024 8:45,1.4,1205,,,,,,,,,,,,,,,,,,
1/5/2024 8:30,2,1201,,,,,,,,,,,,,,,,,,
1/5/2024 8:15,0.4,1201,,,,,,,,,,,,,,,,,,
1/5/2024 8:00,0,1201,,,,,,,,,,,,,,,,,,
1/5/2024 7:45,0.2,1200,,,,,,,,,,,,,,,,,,
1/5/2024 7:30,0.4,1183,,,,,,,,,,,,,,,,,,
1/5/2024 7:15,1.2,1196,,,,,,,,,,,,,,,,,,
1/5/2024 7:00,1,1189,,,,,,,,,,,,,,,,,,
1/5/2024 6:45,1,1191,,,,,,,,,,,,,,,,,,
1/5/2024 6:30,0.8,1185,,,,,,,,,,,,,,,,,,
1/5/2024 6:15,0.8,1188,,,,,,,,,,,,,,,,,,
1/5/2024 6:00,0.4,1192,,,,,,,,,,,,,,,,,,
1/5/2024 5:45,0.6,1183,,,,,,,,,,,,,,,,,,
1/5/2024 5:30,0.8,1180,,,,,,,,,,,,,,,,,,
1/5/2024 5:15,0.6,1182,,,,,,,,,,,,,,,,,,
1/5/2024 5:00,0.2,1175,,,,,,,,,,,,,,,,,,
1/5/2024 4:45,0.2,1171,,,,,,,,,,,,,,,,,,
1/5/2024 4:30,0.6,1157,,,,,,,,,,,,,,,,,,
1/5/2024 4:15,0.4,1163,,,,,,,,,,,,,,,,,,
1/5/2024 4:00,1.4,1165,,,,,,,,,,,,,,,,,,
1/5/2024 3:45,1,1159,,,,,,,,,,,,,,,,,,
1/5/2024 3:30,0.8,1155,,,,,,,,,,,,,,,,,,
1/5/2024 3:15,0.8,1153,,,,,,,,,,,,,,,,,,
1/5/2024 3:00,0.6,1150,,,,,,,,,,,,,,,,,,
1/5/2024 2:45,0.4,1142,,,,,,,,,,,,,,,,,,
1/5/2024 2:30,0.6,1143,,,,,,,,,,,,,,,,,,
1/5/2024 2:15,0.2,1136,,,,,,,,,,,,,,,,,,
1/5/2024 2:00,0,1135,,,,,,,,,,,,,,,,,,
1/5/2024 1:45,0,1131,,,,,,,,,,,,,,,,,,
1/5/2024 1:30,0.2,1118,,,,,,,,,,,,,,,,,,
1/5/2024 1:15,0.6,1102,,,,,,,,,,,,,,,,,,
1/5/2024 1:00,0.2,1121,,,,,,,,,,,,,,,,,,
1/5/2024 0:45,0,1122,,,,,,,,,,,,,,,,,,
1/5/2024 0:30,0,1112,,,,,,,,,,,,,,,,,,
1/5/2024 0:15,0,1111,,,,,,,,,,,,,,,,,,
1/5/2024 0:00,0,1109,,,,,,,,,,,,,,,,,,
30/04/2024 23:45:00,0,1105,,,,,,,,,,,,,,,,,,
30/04/2024 23:30:00,0,1098,,,,,,,,,,,,,,,,,,
30/04/2024 23:15:00,0,1102,,,,,,,,,,,,,,,,,,
30/04/2024 23:00:00,0,1089,,,,,,,,,,,,,,,,,,
30/04/2024 22:45:00,0,1094,,,,,,,,,,,,,,,,,,
30/04/2024 22:30:00,0,1078,,,,,,,,,,,,,,,,,,
30/04/2024 22:15:00,0,1084,,,,,,,,,,,,,,,,,,
30/04/2024 22:00:00,0,1084,,,,,,,,,,,,,,,,,,
30/04/2024 21:45:00,0,1085,,,,,,,,,,,,,,,,,,
30/04/2024 21:30:00,0,1080,,,,,,,,,,,,,,,,,,
30/04/2024 21:15:00,0,1079,,,,,,,,,,,,,,,,,,
30/04/2024 21:00:00,0,1071,,,,,,,,,,,,,,,,,,
30/04/2024 20:45:00,0.2,1065,,,,,,,,,,,,,,,,,,
30/04/2024 20:30:00,0,1064,,,,,,,,,,,,,,,,,,
30/04/2024 20:15:00,2.2,1061,,,,,,,,,,,,,,,,,,
30/04/2024 20:00:00,1.4,1056,,,,,,,,,,,,,,,,,,
30/04/2024 19:45:00,3.4,1051,,,,,,,,,,,,,,,,,,
30/04/2024 19:30:00,1.4,1047,,,,,,,,,,,,,,,,,,
30/04/2024 19:15:00,3.2,1040,,,,,,,,,,,,,,,,,,
30/04/2024 19:00:00,11.8,1036,,,,,,,,,,,,,,,,,,
30/04/2024 18:45:00,4.4,1028,,,,,,,,,,,,,,,,,,
30/04/2024 18:30:00,5,1028,,,,,,,,,,,,,,,,,,
30/04/2024 18:15:00,2,1018,,,,,,,,,,,,,,,,,,
30/04/2024 18:00:00,1.2,1018,,,,,,,,,,,,,,,,,,
30/04/2024 17:45:00,0.6,1004,,,,,,,,,,,,,,,,,,
30/04/2024 17:30:00,0.2,1004,,,,,,,,,,,,,,,,,,
30/04/2024 17:15:00,0.8,998,,,,,,,,,,,,,,,,,,
30/04/2024 17:00:00,1.4,995,,,,,,,,,,,,,,,,,,
30/04/2024 16:45:00,0.4,994,,,,,,,,,,,,,,,,,,
30/04/2024 16:30:00,1.4,990,,,,,,,,,,,,,,,,,,
30/04/2024 16:15:00,1.8,980,,,,,,,,,,,,,,,,,,
30/04/2024 16:00:00,0.2,979,,,,,,,,,,,,,,,,,,
30/04/2024 15:45:00,0.8,973,,,,,,,,,,,,,,,,,,
30/04/2024 15:30:00,1.2,967,,,,,,,,,,,,,,,,,,
30/04/2024 15:15:00,0.8,964,,,,,,,,,,,,,,,,,,
30/04/2024 15:00:00,1.2,958,,,,,,,,,,,,,,,,,,
30/04/2024 14:45:00,2,953,,,,,,,,,,,,,,,,,,
30/04/2024 14:30:00,0.8,946,,,,,,,,,,,,,,,,,,
30/04/2024 14:15:00,0.8,943,,,,,,,,,,,,,,,,,,
30/04/2024 14:00:00,1,941,,,,,,,,,,,,,,,,,,
30/04/2024 13:45:00,1.4,933,,,,,,,,,,,,,,,,,,
30/04/2024 13:30:00,1.6,923,,,,,,,,,,,,,,,,,,
30/04/2024 13:15:00,2.4,922,,,,,,,,,,,,,,,,,,
30/04/2024 13:00:00,1.6,914,,,,,,,,,,,,,,,,,,
30/04/2024 12:45:00,1.2,914,,,,,,,,,,,,,,,,,,
30/04/2024 12:30:00,1,910,,,,,,,,,,,,,,,,,,
30/04/2024 12:15:00,0.8,899,,,,,,,,,,,,,,,,,,
30/04/2024 12:00:00,0.6,897,,,,,,,,,,,,,,,,,,
30/04/2024 11:45:00,0.6,892,,,,,,,,,,,,,,,,,,
30/04/2024 11:30:00,0.6,888,,,,,,,,,,,,,,,,,,
30/04/2024 11:15:00,0.4,882,,,,,,,,,,,,,,,,,,
30/04/2024 11:00:00,1,875,,,,,,,,,,,,,,,,,,
30/04/2024 10:45:00,0.6,871,,,,,,,,,,,,,,,,,,
30/04/2024 10:30:00,1.2,864,,,,,,,,,,,,,,,,,,
30/04/2024 10:15:00,1.4,858,,,,,,,,,,,,,,,,,,
30/04/2024 10:00:00,1.6,855,,,,,,,,,,,,,,,,,,
30/04/2024 09:45:00,4.6,847,,,,,,,,,,,,,,,,,,
30/04/2024 09:30:00,10,838,,,,,,,,,,,,,,,,,,
30/04/2024 09:15:00,6.4,835,,,,,,,,,,,,,,,,,,
30/04/2024 09:00:00,3.2,831,,,,,,,,,,,,,,,,,,
30/04/2024 08:45:00,3.2,822,,,,,,,,,,,,,,,,,,
30/04/2024 08:30:00,1.2,819,,,,,,,,,,,,,,,,,,
30/04/2024 08:15:00,0.8,813,,,,,,,,,,,,,,,,,,
30/04/2024 08:00:00,1.2,808,,,,,,,,,,,,,,,,,,
30/04/2024 07:45:00,1.2,804,,,,,,,,,,,,,,,,,,
30/04/2024 07:30:00,1.4,797,,,,,,,,,,,,,,,,,,
30/04/2024 07:15:00,1.4,792,,,,,,,,,,,,,,,,,,
30/04/2024 07:00:00,1.2,788,,,,,,,,,,,,,,,,,,
30/04/2024 06:45:00,0.6,783,,,,,,,,,,,,,,,,,,
30/04/2024 06:30:00,4,777,,,,,,,,,,,,,,,,,,
30/04/2024 06:15:00,1.8,774,,,,,,,,,,,,,,,,,,
30/04/2024 06:00:00,0.8,768,,,,,,,,,,,,,,,,,,
30/04/2024 05:45:00,0.8,764,,,,,,,,,,,,,,,,,,
30/04/2024 05:30:00,0.8,759,,,,,,,,,,,,,,,,,,
30/04/2024 05:15:00,0.6,756,,,,,,,,,,,,,,,,,,
30/04/2024 05:00:00,0.4,750,,,,,,,,,,,,,,,,,,
30/04/2024 04:45:00,0.6,746,,,,,,,,,,,,,,,,,,
30/04/2024 04:30:00,0.6,744,,,,,,,,,,,,,,,,,,
30/04/2024 04:15:00,0.8,739,,,,,,,,,,,,,,,,,,
30/04/2024 04:00:00,1.6,734,,,,,,,,,,,,,,,,,,
30/04/2024 03:45:00,2.2,730,,,,,,,,,,,,,,,,,,
30/04/2024 03:30:00,6.6,725,,,,,,,,,,,,,,,,,,
30/04/2024 03:15:00,9.8,720,,,,,,,,,,,,,,,,,,
30/04/2024 03:00:00,8.2,717,,,,,,,,,,,,,,,,,,
30/04/2024 02:45:00,0.2,713,,,,,,,,,,,,,,,,,,
30/04/2024 02:30:00,0,710,,,,,,,,,,,,,,,,,,
30/04/2024 02:15:00,0,709,,,,,,,,,,,,,,,,,,
30/04/2024 02:00:00,0,707,,,,,,,,,,,,,,,,,,
30/04/2024 01:45:00,0,702,,,,,,,,,,,,,,,,,,
30/04/2024 01:30:00,0,703,,,,,,,,,,,,,,,,,,
30/04/2024 01:15:00,0,701,,,,,,,,,,,,,,,,,,
30/04/2024 01:00:00,0,699,,,,,,,,,,,,,,,,,,
30/04/2024 00:45:00,0,696,,,,,,,,,,,,,,,,,,
30/04/2024 00:30:00,0,697,,,,,,,,,,,,,,,,,,
30/04/2024 00:15:00,0,695,,,,,,,,,,,,,,,,,,
30/04/2024 00:00:00,0,694,,,,,,,,,,,,,,,,,,
29/04/2024 23:45:00,0,694,,,,,,,,,,,,,,,,,,
29/04/2024 23:30:00,0,691,,,,,,,,,,,,,,,,,,
29/04/2024 23:15:00,0,688,,,,,,,,,,,,,,,,,,
29/04/2024 23:00:00,0,689,,,,,,,,,,,,,,,,,,
29/04/2024 22:45:00,0,687,,,,,,,,,,,,,,,,,,
29/04/2024 22:30:00,0,685,,,,,,,,,,,,,,,,,,
29/04/2024 22:15:00,0,684,,,,,,,,,,,,,,,,,,
29/04/2024 22:00:00,0,682,,,,,,,,,,,,,,,,,,
29/04/2024 21:45:00,0,681,,,,,,,,,,,,,,,,,,
29/04/2024 21:30:00,0,678,,,,,,,,,,,,,,,,,,
29/04/2024 21:15:00,0,677,,,,,,,,,,,,,,,,,,
29/04/2024 21:00:00,0.2,676,,,,,,,,,,,,,,,,,,
29/04/2024 20:45:00,0.2,675,,,,,,,,,,,,,,,,,,
29/04/2024 20:30:00,0.4,672,,,,,,,,,,,,,,,,,,
29/04/2024 20:15:00,0.6,671,,,,,,,,,,,,,,,,,,
29/04/2024 20:00:00,0.6,671,,,,,,,,,,,,,,,,,,
29/04/2024 19:45:00,1,669,,,,,,,,,,,,,,,,,,
29/04/2024 19:30:00,0.8,667,,,,,,,,,,,,,,,,,,
29/04/2024 19:15:00,0.4,666,,,,,,,,,,,,,,,,,,
29/04/2024 19:00:00,0.8,666,,,,,,,,,,,,,,,,,,
29/04/2024 18:45:00,0.4,665,,,,,,,,,,,,,,,,,,
29/04/2024 18:30:00,0.4,664,,,,,,,,,,,,,,,,,,
29/04/2024 18:15:00,0.6,662,,,,,,,,,,,,,,,,,,
29/04/2024 18:00:00,0.4,661,,,,,,,,,,,,,,,,,,
29/04/2024 17:45:00,9.4,660,,,,,,,,,,,,,,,,,,
29/04/2024 17:30:00,9.6,658,,,,,,,,,,,,,,,,,,
29/04/2024 17:15:00,1.6,657,,,,,,,,,,,,,,,,,,
29/04/2024 17:00:00,0,657,,,,,,,,,,,,,,,,,,
29/04/2024 16:45:00,0,657,,,,,,,,,,,,,,,,,,
29/04/2024 16:30:00,0,658,,,,,,,,,,,,,,,,,,
29/04/2024 16:15:00,0.8,658,,,,,,,,,,,,,,,,,,
29/04/2024 16:00:00,0.2,657,,,,,,,,,,,,,,,,,,
29/04/2024 15:45:00,0.2,658,,,,,,,,,,,,,,,,,,
29/04/2024 15:30:00,0.6,658,,,,,,,,,,,,,,,,,,
29/04/2024 15:15:00,0.6,659,,,,,,,,,,,,,,,,,,
29/04/2024 15:00:00,1.2,658,,,,,,,,,,,,,,,,,,
29/04/2024 14:45:00,1.4,657,,,,,,,,,,,,,,,,,,
29/04/2024 14:30:00,5.4,658,,,,,,,,,,,,,,,,,,
29/04/2024 14:15:00,6.2,658,,,,,,,,,,,,,,,,,,
29/04/2024 14:00:00,2.8,657,,,,,,,,,,,,,,,,,,
29/04/2024 13:45:00,1.4,659,,,,,,,,,,,,,,,,,,
29/04/2024 13:30:00,1.4,659,,,,,,,,,,,,,,,,,,
29/04/2024 13:15:00,4.4,660,,,,,,,,,,,,,,,,,,
29/04/2024 13:00:00,0,662,,,,,,,,,,,,,,,,,,
29/04/2024 12:45:00,0,661,,,,,,,,,,,,,,,,,,
29/04/2024 12:30:00,0,663,,,,,,,,,,,,,,,,,,
29/04/2024 12:15:00,0,664,,,,,,,,,,,,,,,,,,
29/04/2024 12:00:00,0,665,,,,,,,,,,,,,,,,,,
29/04/2024 11:45:00,0,665,,,,,,,,,,,,,,,,,,
29/04/2024 11:30:00,0,665,,,,,,,,,,,,,,,,,,
29/04/2024 11:15:00,0,667,,,,,,,,,,,,,,,,,,
29/04/2024 11:00:00,0,667,,,,,,,,,,,,,,,,,,
29/04/2024 10:45:00,0,668,,,,,,,,,,,,,,,,,,
29/04/2024 10:30:00,0,670,,,,,,,,,,,,,,,,,,
29/04/2024 10:15:00,0,668,,,,,,,,,,,,,,,,,,
29/04/2024 10:00:00,0,670,,,,,,,,,,,,,,,,,,
29/04/2024 09:45:00,0,670,,,,,,,,,,,,,,,,,,
29/04/2024 09:30:00,0,671,,,,,,,,,,,,,,,,,,
29/04/2024 09:15:00,0.2,672,,,,,,,,,,,,,,,,,,
29/04/2024 09:00:00,3,673,,,,,,,,,,,,,,,,,,
29/04/2024 08:45:00,5,674,,,,,,,,,,,,,,,,,,
29/04/2024 08:30:00,0,672,,,,,,,,,,,,,,,,,,
29/04/2024 08:15:00,0.2,673,,,,,,,,,,,,,,,,,,
29/04/2024 08:00:00,0,673,,,,,,,,,,,,,,,,,,
29/04/2024 07:45:00,0,674,,,,,,,,,,,,,,,,,,
29/04/2024 07:30:00,0,674,,,,,,,,,,,,,,,,,,
29/04/2024 07:15:00,0,674,,,,,,,,,,,,,,,,,,
29/04/2024 07:00:00,0,677,,,,,,,,,,,,,,,,,,
29/04/2024 06:45:00,0,675,,,,,,,,,,,,,,,,,,
29/04/2024 06:30:00,0,675,,,,,,,,,,,,,,,,,,
29/04/2024 06:15:00,0,676,,,,,,,,,,,,,,,,,,
29/04/2024 06:00:00,0,676,,,,,,,,,,,,,,,,,,
29/04/2024 05:45:00,0,677,,,,,,,,,,,,,,,,,,
29/04/2024 05:30:00,0,676,,,,,,,,,,,,,,,,,,
29/04/2024 05:15:00,0,674,,,,,,,,,,,,,,,,,,
29/04/2024 05:00:00,0,677,,,,,,,,,,,,,,,,,,
29/04/2024 04:45:00,0,677,,,,,,,,,,,,,,,,,,
29/04/2024 04:30:00,0,676,,,,,,,,,,,,,,,,,,
29/04/2024 04:15:00,0,677,,,,,,,,,,,,,,,,,,
29/04/2024 04:00:00,0,676,,,,,,,,,,,,,,,,,,
29/04/2024 03:45:00,0,675,,,,,,,,,,,,,,,,,,
29/04/2024 03:30:00,0,677,,,,,,,,,,,,,,,,,,
29/04/2024 03:15:00,0,675,,,,,,,,,,,,,,,,,,
29/04/2024 03:00:00,0,676,,,,,,,,,,,,,,,,,,
29/04/2024 02:45:00,0,675,,,,,,,,,,,,,,,,,,
29/04/2024 02:30:00,0,676,,,,,,,,,,,,,,,,,,
29/04/2024 02:15:00,0,676,,,,,,,,,,,,,,,,,,
29/04/2024 02:00:00,0,676,,,,,,,,,,,,,,,,,,
29/04/2024 01:45:00,0,675,,,,,,,,,,,,,,,,,,
29/04/2024 01:30:00,0,675,,,,,,,,,,,,,,,,,,
29/04/2024 01:15:00,0,674,,,,,,,,,,,,,,,,,,
29/04/2024 01:00:00,0,673,,,,,,,,,,,,,,,,,,
29/04/2024 00:45:00,0,671,,,,,,,,,,,,,,,,,,
29/04/2024 00:30:00,0,673,,,,,,,,,,,,,,,,,,
29/04/2024 00:15:00,0,671,,,,,,,,,,,,,,,,,,
29/04/2024 00:00:00,0,670,,,,,,,,,,,,,,,,,,
28/04/2024 23:45:00,0,670,,,,,,,,,,,,,,,,,,
28/04/2024 23:30:00,0,668,,,,,,,,,,,,,,,,,,
28/04/2024 23:15:00,0,667,,,,,,,,,,,,,,,,,,
28/04/2024 23:00:00,0,668,,,,,,,,,,,,,,,,,,
28/04/2024 22:45:00,0,666,,,,,,,,,,,,,,,,,,
28/04/2024 22:30:00,0,664,,,,,,,,,,,,,,,,,,
28/04/2024 22:15:00,0,665,,,,,,,,,,,,,,,,,,
28/04/2024 22:00:00,0,663,,,,,,,,,,,,,,,,,,
28/04/2024 21:45:00,0,662,,,,,,,,,,,,,,,,,,
28/04/2024 21:30:00,0,660,,,,,,,,,,,,,,,,,,
28/04/2024 21:15:00,0,660,,,,,,,,,,,,,,,,,,
28/04/2024 21:00:00,0,658,,,,,,,,,,,,,,,,,,
28/04/2024 20:45:00,0,658,,,,,,,,,,,,,,,,,,
28/04/2024 20:30:00,0,655,,,,,,,,,,,,,,,,,,
28/04/2024 20:15:00,0,653,,,,,,,,,,,,,,,,,,
28/04/2024 20:00:00,0,653,,,,,,,,,,,,,,,,,,
28/04/2024 19:45:00,0,651,,,,,,,,,,,,,,,,,,
28/04/2024 19:30:00,0,649,,,,,,,,,,,,,,,,,,
28/04/2024 19:15:00,0,649,,,,,,,,,,,,,,,,,,
28/04/2024 19:00:00,0,645,,,,,,,,,,,,,,,,,,
28/04/2024 18:45:00,0,645,,,,,,,,,,,,,,,,,,
28/04/2024 18:30:00,0,643,,,,,,,,,,,,,,,,,,
28/04/2024 18:15:00,0,641,,,,,,,,,,,,,,,,,,
28/04/2024 18:00:00,0,641,,,,,,,,,,,,,,,,,,
28/04/2024 17:45:00,0,637,,,,,,,,,,,,,,,,,,
28/04/2024 17:30:00,0,636,,,,,,,,,,,,,,,,,,
28/04/2024 17:15:00,0,633,,,,,,,,,,,,,,,,,,
28/04/2024 17:00:00,0,631,,,,,,,,,,,,,,,,,,
28/04/2024 16:45:00,0,629,,,,,,,,,,,,,,,,,,
28/04/2024 16:30:00,0,626,,,,,,,,,,,,,,,,,,
28/04/2024 16:15:00,0,625,,,,,,,,,,,,,,,,,,
28/04/2024 16:00:00,0,621,,,,,,,,,,,,,,,,,,
28/04/2024 15:45:00,0,620,,,,,,,,,,,,,,,,,,
28/04/2024 15:30:00,0,617,,,,,,,,,,,,,,,,,,
28/04/2024 15:15:00,0,615,,,,,,,,,,,,,,,,,,
28/04/2024 15:00:00,0,612,,,,,,,,,,,,,,,,,,
28/04/2024 14:45:00,0,610,,,,,,,,,,,,,,,,,,
28/04/2024 14:30:00,0,607,,,,,,,,,,,,,,,,,,
28/04/2024 14:15:00,0,605,,,,,,,,,,,,,,,,,,
28/04/2024 14:00:00,0,602,,,,,,,,,,,,,,,,,,
28/04/2024 13:45:00,0,600,,,,,,,,,,,,,,,,,,
28/04/2024 13:30:00,0,596,,,,,,,,,,,,,,,,,,
28/04/2024 13:15:00,0,595,,,,,,,,,,,,,,,,,,
28/04/2024 13:00:00,0,592,,,,,,,,,,,,,,,,,,
28/04/2024 12:45:00,0,589,,,,,,,,,,,,,,,,,,
28/04/2024 12:30:00,0,585,,,,,,,,,,,,,,,,,,
28/04/2024 12:15:00,0,583,,,,,,,,,,,,,,,,,,
28/04/2024 12:00:00,0,583,,,,,,,,,,,,,,,,,,
28/04/2024 11:45:00,0,582,,,,,,,,,,,,,,,,,,
28/04/2024 11:30:00,0,577,,,,,,,,,,,,,,,,,,
28/04/2024 11:15:00,0,575,,,,,,,,,,,,,,,,,,
28/04/2024 11:00:00,0,572,,,,,,,,,,,,,,,,,,
28/04/2024 10:45:00,0,568,,,,,,,,,,,,,,,,,,
28/04/2024 10:30:00,0,566,,,,,,,,,,,,,,,,,,
28/04/2024 10:15:00,0,562,,,,,,,,,,,,,,,,,,
28/04/2024 10:00:00,0,559,,,,,,,,,,,,,,,,,,
28/04/2024 09:45:00,0,556,,,,,,,,,,,,,,,,,,
28/04/2024 09:30:00,0,553,,,,,,,,,,,,,,,,,,
28/04/2024 09:15:00,0,550,,,,,,,,,,,,,,,,,,
28/04/2024 09:00:00,0,545,,,,,,,,,,,,,,,,,,
28/04/2024 08:45:00,0,545,,,,,,,,,,,,,,,,,,
28/04/2024 08:30:00,0,539,,,,,,,,,,,,,,,,,,
28/04/2024 08:15:00,0,537,,,,,,,,,,,,,,,,,,
28/04/2024 08:00:00,0,534,,,,,,,,,,,,,,,,,,
28/04/2024 07:45:00,0,528,,,,,,,,,,,,,,,,,,
28/04/2024 07:30:00,0,524,,,,,,,,,,,,,,,,,,
28/04/2024 07:15:00,0,520,,,,,,,,,,,,,,,,,,
28/04/2024 07:00:00,0,515,,,,,,,,,,,,,,,,,,
28/04/2024 06:45:00,0,510,,,,,,,,,,,,,,,,,,
28/04/2024 06:30:00,0,505,,,,,,,,,,,,,,,,,,
28/04/2024 06:15:00,0,498,,,,,,,,,,,,,,,,,,
28/04/2024 06:00:00,0,494,,,,,,,,,,,,,,,,,,
28/04/2024 05:45:00,0,489,,,,,,,,,,,,,,,,,,
28/04/2024 05:30:00,0,483,,,,,,,,,,,,,,,,,,
28/04/2024 05:15:00,0,478,,,,,,,,,,,,,,,,,,
28/04/2024 05:00:00,0,472,,,,,,,,,,,,,,,,,,
28/04/2024 04:45:00,0,467,,,,,,,,,,,,,,,,,,
28/04/2024 04:30:00,0,459,,,,,,,,,,,,,,,,,,
28/04/2024 04:15:00,0,450,,,,,,,,,,,,,,,,,,
28/04/2024 04:00:00,0,444,,,,,,,,,,,,,,,,,,
28/04/2024 03:45:00,0,435,,,,,,,,,,,,,,,,,,
28/04/2024 03:30:00,0,426,,,,,,,,,,,,,,,,,,
28/04/2024 03:15:00,0,417,,,,,,,,,,,,,,,,,,
28/04/2024 03:00:00,0,409,,,,,,,,,,,,,,,,,,
28/04/2024 02:45:00,0,397,,,,,,,,,,,,,,,,,,
28/04/2024 02:30:00,0,388,,,,,,,,,,,,,,,,,,
28/04/2024 02:15:00,0,378,,,,,,,,,,,,,,,,,,
28/04/2024 02:00:00,0,367,,,,,,,,,,,,,,,,,,
28/04/2024 01:45:00,0,357,,,,,,,,,,,,,,,,,,
28/04/2024 01:30:00,0,345,,,,,,,,,,,,,,,,,,
28/04/2024 01:15:00,0,335,,,,,,,,,,,,,,,,,,
28/04/2024 01:00:00,0.8,325,,,,,,,,,,,,,,,,,,
28/04/2024 00:45:00,1.2,315,,,,,,,,,,,,,,,,,,
28/04/2024 00:30:00,0,306,,,,,,,,,,,,,,,,,,
28/04/2024 00:15:00,0.2,297,,,,,,,,,,,,,,,,,,
28/04/2024 00:00:00,0,288,,,,,,,,,,,,,,,,,,
27/04/2024 23:45:00,0.2,281,,,,,,,,,,,,,,,,,,
27/04/2024 23:30:00,0,275,,,,,,,,,,,,,,,,,,
27/04/2024 23:15:00,0.6,267,,,,,,,,,,,,,,,,,,
27/04/2024 23:00:00,0.8,261,,,,,,,,,,,,,,,,,,
27/04/2024 22:45:00,0.6,256,,,,,,,,,,,,,,,,,,
27/04/2024 22:30:00,0.2,251,,,,,,,,,,,,,,,,,,
27/04/2024 22:15:00,0,246,,,,,,,,,,,,,,,,,,
27/04/2024 22:00:00,0,242,,,,,,,,,,,,,,,,,,
27/04/2024 21:45:00,0,237,,,,,,,,,,,,,,,,,,
27/04/2024 21:30:00,2.6,233,,,,,,,,,,,,,,,,,,
27/04/2024 21:15:00,1.2,228,,,,,,,,,,,,,,,,,,
27/04/2024 21:00:00,0,223,,,,,,,,,,,,,,,,,,
27/04/2024 20:45:00,0,218,,,,,,,,,,,,,,,,,,
27/04/2024 20:30:00,0.2,212,,,,,,,,,,,,,,,,,,
27/04/2024 20:15:00,3.4,207,,,,,,,,,,,,,,,,,,
27/04/2024 20:00:00,4.2,202,,,,,,,,,,,,,,,,,,
27/04/2024 19:45:00,4.4,199,,,,,,,,,,,,,,,,,,
27/04/2024 19:30:00,7.2,197,,,,,,,,,,,,,,,,,,
27/04/2024 19:15:00,0.2,195,,,,,,,,,,,,,,,,,,
27/04/2024 19:00:00,10.8,195,,,,,,,,,,,,,,,,,,
27/04/2024 18:45:00,0.8,194,,,,,,,,,,,,,,,,,,
27/04/2024 18:30:00,0,194,,,,,,,,,,,,,,,,,,
27/04/2024 18:15:00,0,194,,,,,,,,,,,,,,,,,,
27/04/2024 18:00:00,0,194,,,,,,,,,,,,,,,,,,
27/04/2024 17:45:00,0,194,,,,,,,,,,,,,,,,,,
27/04/2024 17:30:00,0,195,,,,,,,,,,,,,,,,,,
27/04/2024 17:15:00,0,194,,,,,,,,,,,,,,,,,,
27/04/2024 17:00:00,0,195,,,,,,,,,,,,,,,,,,
27/04/2024 16:45:00,0,195,,,,,,,,,,,,,,,,,,
27/04/2024 16:30:00,0,195,,,,,,,,,,,,,,,,,,
27/04/2024 16:15:00,8,196,,,,,,,,,,,,,,,,,,
27/04/2024 16:00:00,0.2,195,,,,,,,,,,,,,,,,,,
27/04/2024 15:45:00,0,196,,,,,,,,,,,,,,,,,,
27/04/2024 15:30:00,0,195,,,,,,,,,,,,,,,,,,
27/04/2024 15:15:00,0,196,,,,,,,,,,,,,,,,,,
27/04/2024 15:00:00,0,196,,,,,,,,,,,,,,,,,,
27/04/2024 14:45:00,0,197,,,,,,,,,,,,,,,,,,
27/04/2024 14:30:00,0,197,,,,,,,,,,,,,,,,,,
27/04/2024 14:15:00,0,197,,,,,,,,,,,,,,,,,,
27/04/2024 14:00:00,0,198,,,,,,,,,,,,,,,,,,
27/04/2024 13:45:00,0,198,,,,,,,,,,,,,,,,,,
27/04/2024 13:30:00,0,199,,,,,,,,,,,,,,,,,,
27/04/2024 13:15:00,0,199,,,,,,,,,,,,,,,,,,
27/04/2024 13:00:00,0,200,,,,,,,,,,,,,,,,,,
27/04/2024 12:45:00,0,200,,,,,,,,,,,,,,,,,,
27/04/2024 12:30:00,0,200,,,,,,,,,,,,,,,,,,
27/04/2024 12:15:00,0,201,,,,,,,,,,,,,,,,,,
27/04/2024 12:00:00,0,201,,,,,,,,,,,,,,,,,,
27/04/2024 11:45:00,0,202,,,,,,,,,,,,,,,,,,
27/04/2024 11:30:00,0,202,,,,,,,,,,,,,,,,,,
27/04/2024 11:15:00,0,202,,,,,,,,,,,,,,,,,,
27/04/2024 11:00:00,0,202,,,,,,,,,,,,,,,,,,
27/04/2024 10:45:00,0,203,,,,,,,,,,,,,,,,,,
27/04/2024 10:30:00,0,203,,,,,,,,,,,,,,,,,,
27/04/2024 10:15:00,0,203,,,,,,,,,,,,,,,,,,
27/04/2024 10:00:00,0,204,,,,,,,,,,,,,,,,,,
27/04/2024 09:45:00,0,203,,,,,,,,,,,,,,,,,,
27/04/2024 09:30:00,0,204,,,,,,,,,,,,,,,,,,
27/04/2024 09:15:00,0,204,,,,,,,,,,,,,,,,,,
27/04/2024 09:00:00,0,205,,,,,,,,,,,,,,,,,,
27/04/2024 08:45:00,0,205,,,,,,,,,,,,,,,,,,
27/04/2024 08:30:00,0,204,,,,,,,,,,,,,,,,,,
27/04/2024 08:15:00,0,205,,,,,,,,,,,,,,,,,,
27/04/2024 08:00:00,0,206,,,,,,,,,,,,,,,,,,
27/04/2024 07:45:00,0,205,,,,,,,,,,,,,,,,,,
27/04/2024 07:30:00,0,205,,,,,,,,,,,,,,,,,,
27/04/2024 07:15:00,0,205,,,,,,,,,,,,,,,,,,
27/04/2024 07:00:00,0,205,,,,,,,,,,,,,,,,,,
27/04/2024 06:45:00,0.2,205,,,,,,,,,,,,,,,,,,
27/04/2024 06:30:00,0,205,,,,,,,,,,,,,,,,,,
27/04/2024 06:15:00,0,206,,,,,,,,,,,,,,,,,,
27/04/2024 06:00:00,0,206,,,,,,,,,,,,,,,,,,
27/04/2024 05:45:00,0,205,,,,,,,,,,,,,,,,,,
27/04/2024 05:30:00,0,205,,,,,,,,,,,,,,,,,,
27/04/2024 05:15:00,0,205,,,,,,,,,,,,,,,,,,
27/04/2024 05:00:00,0,205,,,,,,,,,,,,,,,,,,
27/04/2024 04:45:00,0,204,,,,,,,,,,,,,,,,,,
27/04/2024 04:30:00,0,204,,,,,,,,,,,,,,,,,,
27/04/2024 04:15:00,0,203,,,,,,,,,,,,,,,,,,
27/04/2024 04:00:00,0,204,,,,,,,,,,,,,,,,,,
27/04/2024 03:45:00,0,203,,,,,,,,,,,,,,,,,,
27/04/2024 03:30:00,0,203,,,,,,,,,,,,,,,,,,
27/04/2024 03:15:00,0,203,,,,,,,,,,,,,,,,,,
27/04/2024 03:00:00,0,202,,,,,,,,,,,,,,,,,,
27/04/2024 02:45:00,0,202,,,,,,,,,,,,,,,,,,
27/04/2024 02:30:00,0,202,,,,,,,,,,,,,,,,,,
27/04/2024 02:15:00,0,202,,,,,,,,,,,,,,,,,,
27/04/2024 02:00:00,0,202,,,,,,,,,,,,,,,,,,
27/04/2024 01:45:00,0,202,,,,,,,,,,,,,,,,,,
27/04/2024 01:30:00,0,202,,,,,,,,,,,,,,,,,,
27/04/2024 01:15:00,0,202,,,,,,,,,,,,,,,,,,
27/04/2024 01:00:00,0,202,,,,,,,,,,,,,,,,,,
27/04/2024 00:45:00,0,202,,,,,,,,,,,,,,,,,,
27/04/2024 00:30:00,0,202,,,,,,,,,,,,,,,,,,
27/04/2024 00:15:00,0,202,,,,,,,,,,,,,,,,,,
27/04/2024 00:00:00,0,203,,,,,,,,,,,,,,,,,,
26/04/2024 23:45:00,0,203,,,,,,,,,,,,,,,,,,
26/04/2024 23:30:00,0,203,,,,,,,,,,,,,,,,,,
26/04/2024 23:15:00,0,203,,,,,,,,,,,,,,,,,,
26/04/2024 23:00:00,0,203,,,,,,,,,,,,,,,,,,
26/04/2024 22:45:00,0,203,,,,,,,,,,,,,,,,,,
26/04/2024 22:30:00,0,203,,,,,,,,,,,,,,,,,,
26/04/2024 22:15:00,0,204,,,,,,,,,,,,,,,,,,
26/04/2024 22:00:00,0,204,,,,,,,,,,,,,,,,,,
26/04/2024 21:45:00,0,204,,,,,,,,,,,,,,,,,,
26/04/2024 21:30:00,0,204,,,,,,,,,,,,,,,,,,
26/04/2024 21:15:00,0,204,,,,,,,,,,,,,,,,,,
26/04/2024 21:00:00,0,205,,,,,,,,,,,,,,,,,,
26/04/2024 20:45:00,0,204,,,,,,,,,,,,,,,,,,
26/04/2024 20:30:00,0,205,,,,,,,,,,,,,,,,,,
26/04/2024 20:15:00,0,205,,,,,,,,,,,,,,,,,,
26/04/2024 20:00:00,0,205,,,,,,,,,,,,,,,,,,
26/04/2024 19:45:00,0,205,,,,,,,,,,,,,,,,,,
26/04/2024 19:30:00,0,205,,,,,,,,,,,,,,,,,,
26/04/2024 19:15:00,0,205,,,,,,,,,,,,,,,,,,
26/04/2024 19:00:00,0,205,,,,,,,,,,,,,,,,,,
26/04/2024 18:45:00,0,205,,,,,,,,,,,,,,,,,,
26/04/2024 18:30:00,0,205,,,,,,,,,,,,,,,,,,
26/04/2024 18:15:00,0,205,,,,,,,,,,,,,,,,,,
26/04/2024 18:00:00,0,205,,,,,,,,,,,,,,,,,,
26/04/2024 17:45:00,0,205,,,,,,,,,,,,,,,,,,
26/04/2024 17:30:00,0,204,,,,,,,,,,,,,,,,,,
26/04/2024 17:15:00,0,204,,,,,,,,,,,,,,,,,,
26/04/2024 17:00:00,0,204,,,,,,,,,,,,,,,,,,
26/04/2024 16:45:00,0,204,,,,,,,,,,,,,,,,,,
26/04/2024 16:30:00,0,203,,,,,,,,,,,,,,,,,,
26/04/2024 16:15:00,0,203,,,,,,,,,,,,,,,,,,
26/04/2024 16:00:00,0,202,,,,,,,,,,,,,,,,,,
26/04/2024 15:45:00,0,202,,,,,,,,,,,,,,,,,,
26/04/2024 15:30:00,0,202,,,,,,,,,,,,,,,,,,
26/04/2024 15:15:00,0,202,,,,,,,,,,,,,,,,,,
26/04/2024 15:00:00,0,201,,,,,,,,,,,,,,,,,,
26/04/2024 14:45:00,0,201,,,,,,,,,,,,,,,,,,
26/04/2024 14:30:00,0,200,,,,,,,,,,,,,,,,,,
26/04/2024 14:15:00,0,199,,,,,,,,,,,,,,,,,,
26/04/2024 14:00:00,0,199,,,,,,,,,,,,,,,,,,
26/04/2024 13:45:00,0,198,,,,,,,,,,,,,,,,,,
26/04/2024 13:30:00,0,198,,,,,,,,,,,,,,,,,,
26/04/2024 13:15:00,0,198,,,,,,,,,,,,,,,,,,
26/04/2024 13:00:00,0,197,,,,,,,,,,,,,,,,,,
26/04/2024 12:45:00,0,197,,,,,,,,,,,,,,,,,,
26/04/2024 12:30:00,0,197,,,,,,,,,,,,,,,,,,
26/04/2024 12:15:00,0,197,,,,,,,,,,,,,,,,,,
26/04/2024 12:00:00,0,196,,,,,,,,,,,,,,,,,,
26/04/2024 11:45:00,0,196,,,,,,,,,,,,,,,,,,
26/04/2024 11:30:00,0,197,,,,,,,,,,,,,,,,,,
26/04/2024 11:15:00,0,196,,,,,,,,,,,,,,,,,,
26/04/2024 11:00:00,0,196,,,,,,,,,,,,,,,,,,
26/04/2024 10:45:00,0,196,,,,,,,,,,,,,,,,,,
26/04/2024 10:30:00,0,196,,,,,,,,,,,,,,,,,,
26/04/2024 10:15:00,0,196,,,,,,,,,,,,,,,,,,
26/04/2024 10:00:00,0,197,,,,,,,,,,,,,,,,,,
26/04/2024 09:45:00,0,196,,,,,,,,,,,,,,,,,,
26/04/2024 09:30:00,0,197,,,,,,,,,,,,,,,,,,
26/04/2024 09:15:00,0,196,,,,,,,,,,,,,,,,,,
26/04/2024 09:00:00,0,197,,,,,,,,,,,,,,,,,,
26/04/2024 08:45:00,0,197,,,,,,,,,,,,,,,,,,
26/04/2024 08:30:00,0,197,,,,,,,,,,,,,,,,,,
26/04/2024 08:15:00,0,198,,,,,,,,,,,,,,,,,,
26/04/2024 08:00:00,0,198,,,,,,,,,,,,,,,,,,
26/04/2024 07:45:00,0,198,,,,,,,,,,,,,,,,,,
26/04/2024 07:30:00,1.6,198,,,,,,,,,,,,,,,,,,
26/04/2024 07:15:00,0,198,,,,,,,,,,,,,,,,,,
26/04/2024 07:00:00,0,199,,,,,,,,,,,,,,,,,,
26/04/2024 06:45:00,0,199,,,,,,,,,,,,,,,,,,
26/04/2024 06:30:00,0,199,,,,,,,,,,,,,,,,,,
26/04/2024 06:15:00,0,200,,,,,,,,,,,,,,,,,,
26/04/2024 06:00:00,0.8,200,,,,,,,,,,,,,,,,,,
26/04/2024 05:45:00,0.6,200,,,,,,,,,,,,,,,,,,
26/04/2024 05:30:00,2.6,200,,,,,,,,,,,,,,,,,,
26/04/2024 05:15:00,1.6,201,,,,,,,,,,,,,,,,,,
26/04/2024 05:00:00,1.4,201,,,,,,,,,,,,,,,,,,
26/04/2024 04:45:00,0.4,201,,,,,,,,,,,,,,,,,,
26/04/2024 04:30:00,0,201,,,,,,,,,,,,,,,,,,
26/04/2024 04:15:00,0,202,,,,,,,,,,,,,,,,,,
26/04/2024 04:00:00,0,203,,,,,,,,,,,,,,,,,,
26/04/2024 03:45:00,0,203,,,,,,,,,,,,,,,,,,
26/04/2024 03:30:00,0,203,,,,,,,,,,,,,,,,,,
26/04/2024 03:15:00,0,204,,,,,,,,,,,,,,,,,,
26/04/2024 03:00:00,0,205,,,,,,,,,,,,,,,,,,
26/04/2024 02:45:00,0,205,,,,,,,,,,,,,,,,,,
26/04/2024 02:30:00,0,205,,,,,,,,,,,,,,,,,,
26/04/2024 02:15:00,0,206,,,,,,,,,,,,,,,,,,
26/04/2024 02:00:00,0,206,,,,,,,,,,,,,,,,,,
26/04/2024 01:45:00,0,207,,,,,,,,,,,,,,,,,,
26/04/2024 01:30:00,0,207,,,,,,,,,,,,,,,,,,
26/04/2024 01:15:00,0,207,,,,,,,,,,,,,,,,,,
26/04/2024 01:00:00,0,209,,,,,,,,,,,,,,,,,,
26/04/2024 00:45:00,0,209,,,,,,,,,,,,,,,,,,
26/04/2024 00:30:00,0,210,,,,,,,,,,,,,,,,,,
26/04/2024 00:15:00,0.2,210,,,,,,,,,,,,,,,,,,
26/04/2024 00:00:00,0,211,,,,,,,,,,,,,,,,,,
25/04/2024 23:45:00,0,212,,,,,,,,,,,,,,,,,,
25/04/2024 23:30:00,0,212,,,,,,,,,,,,,,,,,,
25/04/2024 23:15:00,0,212,,,,,,,,,,,,,,,,,,
25/04/2024 23:00:00,0,213,,,,,,,,,,,,,,,,,,
25/04/2024 22:45:00,0,214,,,,,,,,,,,,,,,,,,
25/04/2024 22:30:00,0,214,,,,,,,,,,,,,,,,,,
25/04/2024 22:15:00,0,215,,,,,,,,,,,,,,,,,,
25/04/2024 22:00:00,0,215,,,,,,,,,,,,,,,,,,
25/04/2024 21:45:00,0,216,,,,,,,,,,,,,,,,,,
25/04/2024 21:30:00,0,217,,,,,,,,,,,,,,,,,,
25/04/2024 21:15:00,0,217,,,,,,,,,,,,,,,,,,
25/04/2024 21:00:00,0,218,,,,,,,,,,,,,,,,,,
25/04/2024 20:45:00,0,218,,,,,,,,,,,,,,,,,,
25/04/2024 20:30:00,0,219,,,,,,,,,,,,,,,,,,
25/04/2024 20:15:00,0,220,,,,,,,,,,,,,,,,,,
25/04/2024 20:00:00,0,221,,,,,,,,,,,,,,,,,,
25/04/2024 19:45:00,0,221,,,,,,,,,,,,,,,,,,
25/04/2024 19:30:00,0,222,,,,,,,,,,,,,,,,,,
25/04/2024 19:15:00,0,222,,,,,,,,,,,,,,,,,,
25/04/2024 19:00:00,0,223,,,,,,,,,,,,,,,,,,
25/04/2024 18:45:00,0,224,,,,,,,,,,,,,,,,,,
25/04/2024 18:30:00,0,224,,,,,,,,,,,,,,,,,,
25/04/2024 18:15:00,0,225,,,,,,,,,,,,,,,,,,
25/04/2024 18:00:00,0,226,,,,,,,,,,,,,,,,,,
25/04/2024 17:45:00,0,227,,,,,,,,,,,,,,,,,,
25/04/2024 17:30:00,0,228,,,,,,,,,,,,,,,,,,
25/04/2024 17:15:00,0,229,,,,,,,,,,,,,,,,,,
25/04/2024 17:00:00,0,229,,,,,,,,,,,,,,,,,,
25/04/2024 16:45:00,0,230,,,,,,,,,,,,,,,,,,
25/04/2024 16:30:00,0,231,,,,,,,,,,,,,,,,,,
25/04/2024 16:15:00,0,232,,,,,,,,,,,,,,,,,,
25/04/2024 16:00:00,0,232,,,,,,,,,,,,,,,,,,
25/04/2024 15:45:00,0,234,,,,,,,,,,,,,,,,,,
25/04/2024 15:30:00,0,234,,,,,,,,,,,,,,,,,,
25/04/2024 15:15:00,0,236,,,,,,,,,,,,,,,,,,
25/04/2024 15:00:00,0,237,,,,,,,,,,,,,,,,,,
25/04/2024 14:45:00,0,238,,,,,,,,,,,,,,,,,,
25/04/2024 14:30:00,0,239,,,,,,,,,,,,,,,,,,
25/04/2024 14:15:00,0,240,,,,,,,,,,,,,,,,,,
25/04/2024 14:00:00,0,241,,,,,,,,,,,,,,,,,,
25/04/2024 13:45:00,0,242,,,,,,,,,,,,,,,,,,
25/04/2024 13:30:00,0,243,,,,,,,,,,,,,,,,,,
25/04/2024 13:15:00,0,244,,,,,,,,,,,,,,,,,,
25/04/2024 13:00:00,0,246,,,,,,,,,,,,,,,,,,
25/04/2024 12:45:00,0,247,,,,,,,,,,,,,,,,,,
25/04/2024 12:30:00,0,249,,,,,,,,,,,,,,,,,,
25/04/2024 12:15:00,0,250,,,,,,,,,,,,,,,,,,
25/04/2024 12:00:00,0,251,,,,,,,,,,,,,,,,,,
25/04/2024 11:45:00,0,252,,,,,,,,,,,,,,,,,,
25/04/2024 11:30:00,0,254,,,,,,,,,,,,,,,,,,
25/04/2024 11:15:00,0,256,,,,,,,,,,,,,,,,,,
25/04/2024 11:00:00,0,257,,,,,,,,,,,,,,,,,,
25/04/2024 10:45:00,0,258,,,,,,,,,,,,,,,,,,
25/04/2024 10:30:00,0,260,,,,,,,,,,,,,,,,,,
25/04/2024 10:15:00,0,261,,,,,,,,,,,,,,,,,,
25/04/2024 10:00:00,0,263,,,,,,,,,,,,,,,,,,
25/04/2024 09:45:00,0,264,,,,,,,,,,,,,,,,,,
25/04/2024 09:30:00,0,266,,,,,,,,,,,,,,,,,,
25/04/2024 09:15:00,0,268,,,,,,,,,,,,,,,,,,
25/04/2024 09:00:00,0,270,,,,,,,,,,,,,,,,,,
25/04/2024 08:45:00,0,272,,,,,,,,,,,,,,,,,,
25/04/2024 08:30:00,0,274,,,,,,,,,,,,,,,,,,
25/04/2024 08:15:00,0,275,,,,,,,,,,,,,,,,,,
25/04/2024 08:00:00,0.2,277,,,,,,,,,,,,,,,,,,
25/04/2024 07:45:00,0,279,,,,,,,,,,,,,,,,,,
25/04/2024 07:30:00,0,281,,,,,,,,,,,,,,,,,,
25/04/2024 07:15:00,0,283,,,,,,,,,,,,,,,,,,
25/04/2024 07:00:00,0,285,,,,,,,,,,,,,,,,,,
25/04/2024 06:45:00,0,287,,,,,,,,,,,,,,,,,,
25/04/2024 06:30:00,0,289,,,,,,,,,,,,,,,,,,
25/04/2024 06:15:00,0,291,,,,,,,,,,,,,,,,,,
25/04/2024 06:00:00,0,294,,,,,,,,,,,,,,,,,,
25/04/2024 05:45:00,0,296,,,,,,,,,,,,,,,,,,
25/04/2024 05:30:00,0,298,,,,,,,,,,,,,,,,,,
25/04/2024 05:15:00,0,300,,,,,,,,,,,,,,,,,,
25/04/2024 05:00:00,0,302,,,,,,,,,,,,,,,,,,
25/04/2024 04:45:00,0,305,,,,,,,,,,,,,,,,,,
25/04/2024 04:30:00,0,307,,,,,,,,,,,,,,,,,,
25/04/2024 04:15:00,0,309,,,,,,,,,,,,,,,,,,
25/04/2024 04:00:00,0,312,,,,,,,,,,,,,,,,,,
25/04/2024 03:45:00,0,314,,,,,,,,,,,,,,,,,,
25/04/2024 03:30:00,0,316,,,,,,,,,,,,,,,,,,
25/04/2024 03:15:00,0,319,,,,,,,,,,,,,,,,,,
25/04/2024 03:00:00,0,321,,,,,,,,,,,,,,,,,,
25/04/2024 02:45:00,0,324,,,,,,,,,,,,,,,,,,
25/04/2024 02:30:00,0,326,,,,,,,,,,,,,,,,,,
25/04/2024 02:15:00,0,329,,,,,,,,,,,,,,,,,,
25/04/2024 02:00:00,0,332,,,,,,,,,,,,,,,,,,
25/04/2024 01:45:00,0,334,,,,,,,,,,,,,,,,,,
25/04/2024 01:30:00,0,336,,,,,,,,,,,,,,,,,,
25/04/2024 01:15:00,0,338,,,,,,,,,,,,,,,,,,
25/04/2024 01:00:00,0,341,,,,,,,,,,,,,,,,,,
25/04/2024 00:45:00,0,343,,,,,,,,,,,,,,,,,,
25/04/2024 00:30:00,0,346,,,,,,,,,,,,,,,,,,
25/04/2024 00:15:00,0,348,,,,,,,,,,,,,,,,,,
25/04/2024 00:00:00,0,350,,,,,,,,,,,,,,,,,,
24/04/2024 23:45:00,0,353,,,,,,,,,,,,,,,,,,
24/04/2024 23:30:00,0,354,,,,,,,,,,,,,,,,,,
24/04/2024 23:15:00,0,358,,,,,,,,,,,,,,,,,,
24/04/2024 23:00:00,0,359,,,,,,,,,,,,,,,,,,
24/04/2024 22:45:00,0,361,,,,,,,,,,,,,,,,,,
24/04/2024 22:30:00,0,364,,,,,,,,,,,,,,,,,,
24/04/2024 22:15:00,0,366,,,,,,,,,,,,,,,,,,
24/04/2024 22:00:00,0,368,,,,,,,,,,,,,,,,,,
24/04/2024 21:45:00,0,370,,,,,,,,,,,,,,,,,,
24/04/2024 21:30:00,0,371,,,,,,,,,,,,,,,,,,
24/04/2024 21:15:00,0,373,,,,,,,,,,,,,,,,,,
24/04/2024 21:00:00,0,376,,,,,,,,,,,,,,,,,,
24/04/2024 20:45:00,0,377,,,,,,,,,,,,,,,,,,
24/04/2024 20:30:00,0,379,,,,,,,,,,,,,,,,,,
24/04/2024 20:15:00,0,381,,,,,,,,,,,,,,,,,,
24/04/2024 20:00:00,0,382,,,,,,,,,,,,,,,,,,
24/04/2024 19:45:00,0,384,,,,,,,,,,,,,,,,,,
24/04/2024 19:30:00,0,385,,,,,,,,,,,,,,,,,,
24/04/2024 19:15:00,0,387,,,,,,,,,,,,,,,,,,
24/04/2024 19:00:00,0,389,,,,,,,,,,,,,,,,,,
24/04/2024 18:45:00,0,389,,,,,,,,,,,,,,,,,,
24/04/2024 18:30:00,0,392,,,,,,,,,,,,,,,,,,
24/04/2024 18:15:00,0,392,,,,,,,,,,,,,,,,,,
24/04/2024 18:00:00,0,393,,,,,,,,,,,,,,,,,,
24/04/2024 17:45:00,0,395,,,,,,,,,,,,,,,,,,
24/04/2024 17:30:00,0,395,,,,,,,,,,,,,,,,,,
24/04/2024 17:15:00,0,396,,,,,,,,,,,,,,,,,,
24/04/2024 17:00:00,0,398,,,,,,,,,,,,,,,,,,
24/04/2024 16:45:00,0,398,,,,,,,,,,,,,,,,,,
24/04/2024 16:30:00,0,399,,,,,,,,,,,,,,,,,,
24/04/2024 16:15:00,0,400,,,,,,,,,,,,,,,,,,
24/04/2024 16:00:00,0,402,,,,,,,,,,,,,,,,,,
24/04/2024 15:45:00,0,402,,,,,,,,,,,,,,,,,,
24/04/2024 15:30:00,0,403,,,,,,,,,,,,,,,,,,
24/04/2024 15:15:00,0,404,,,,,,,,,,,,,,,,,,
24/04/2024 15:00:00,0,405,,,,,,,,,,,,,,,,,,
24/04/2024 14:45:00,0,406,,,,,,,,,,,,,,,,,,
24/04/2024 14:30:00,0,406,,,,,,,,,,,,,,,,,,
24/04/2024 14:15:00,0,408,,,,,,,,,,,,,,,,,,
24/04/2024 14:00:00,0,408,,,,,,,,,,,,,,,,,,
24/04/2024 13:45:00,0,410,,,,,,,,,,,,,,,,,,
24/04/2024 13:30:00,0,411,,,,,,,,,,,,,,,,,,
24/04/2024 13:15:00,0,412,,,,,,,,,,,,,,,,,,
24/04/2024 13:00:00,0,413,,,,,,,,,,,,,,,,,,
24/04/2024 12:45:00,0,414,,,,,,,,,,,,,,,,,,
24/04/2024 12:30:00,0,415,,,,,,,,,,,,,,,,,,
24/04/2024 12:15:00,0,416,,,,,,,,,,,,,,,,,,
24/04/2024 12:00:00,0,417,,,,,,,,,,,,,,,,,,
24/04/2024 11:45:00,0,418,,,,,,,,,,,,,,,,,,
24/04/2024 11:30:00,0,420,,,,,,,,,,,,,,,,,,
24/04/2024 11:15:00,0,420,,,,,,,,,,,,,,,,,,
24/04/2024 11:00:00,0,422,,,,,,,,,,,,,,,,,,
24/04/2024 10:45:00,0,423,,,,,,,,,,,,,,,,,,
24/04/2024 10:30:00,0,423,,,,,,,,,,,,,,,,,,
24/04/2024 10:15:00,0,424,,,,,,,,,,,,,,,,,,
24/04/2024 10:00:00,0,423,,,,,,,,,,,,,,,,,,
24/04/2024 09:45:00,0,423,,,,,,,,,,,,,,,,,,
24/04/2024 09:30:00,0,424,,,,,,,,,,,,,,,,,,
24/04/2024 09:15:00,0,424,,,,,,,,,,,,,,,,,,
24/04/2024 09:00:00,0,424,,,,,,,,,,,,,,,,,,
24/04/2024 08:45:00,0,423,,,,,,,,,,,,,,,,,,
24/04/2024 08:30:00,0,423,,,,,,,,,,,,,,,,,,
24/04/2024 08:15:00,0,420,,,,,,,,,,,,,,,,,,
24/04/2024 08:00:00,0,420,,,,,,,,,,,,,,,,,,
24/04/2024 07:45:00,0,416,,,,,,,,,,,,,,,,,,
24/04/2024 07:30:00,0.2,416,,,,,,,,,,,,,,,,,,
24/04/2024 07:15:00,0,412,,,,,,,,,,,,,,,,,,
24/04/2024 07:00:00,0,410,,,,,,,,,,,,,,,,,,
24/04/2024 06:45:00,0,407,,,,,,,,,,,,,,,,,,
24/04/2024 06:30:00,0,402,,,,,,,,,,,,,,,,,,
24/04/2024 06:15:00,0,397,,,,,,,,,,,,,,,,,,
24/04/2024 06:00:00,0,393,,,,,,,,,,,,,,,,,,
24/04/2024 05:45:00,0,387,,,,,,,,,,,,,,,,,,
24/04/2024 05:30:00,0.2,382,,,,,,,,,,,,,,,,,,
24/04/2024 05:15:00,0.2,373,,,,,,,,,,,,,,,,,,
24/04/2024 05:00:00,0,366,,,,,,,,,,,,,,,,,,
24/04/2024 04:45:00,0,358,,,,,,,,,,,,,,,,,,
24/04/2024 04:30:00,0.6,348,,,,,,,,,,,,,,,,,,
24/04/2024 04:15:00,0,338,,,,,,,,,,,,,,,,,,
24/04/2024 04:00:00,0,327,,,,,,,,,,,,,,,,,,
24/04/2024 03:45:00,0,316,,,,,,,,,,,,,,,,,,
24/04/2024 03:30:00,0,304,,,,,,,,,,,,,,,,,,
24/04/2024 03:15:00,0,290,,,,,,,,,,,,,,,,,,
24/04/2024 03:00:00,0,276,,,,,,,,,,,,,,,,,,
24/04/2024 02:45:00,0,260,,,,,,,,,,,,,,,,,,
24/04/2024 02:30:00,0,245,,,,,,,,,,,,,,,,,,
24/04/2024 02:15:00,0,228,,,,,,,,,,,,,,,,,,
24/04/2024 02:00:00,0,212,,,,,,,,,,,,,,,,,,
24/04/2024 01:45:00,0,197,,,,,,,,,,,,,,,,,,
24/04/2024 01:30:00,0,185,,,,,,,,,,,,,,,,,,
24/04/2024 01:15:00,0,175,,,,,,,,,,,,,,,,,,
24/04/2024 01:00:00,0,168,,,,,,,,,,,,,,,,,,
24/04/2024 00:45:00,0,163,,,,,,,,,,,,,,,,,,
24/04/2024 00:30:00,0,160,,,,,,,,,,,,,,,,,,
24/04/2024 00:15:00,0.2,157,,,,,,,,,,,,,,,,,,
24/04/2024 00:00:00,0,154,,,,,,,,,,,,,,,,,,
23/04/2024 23:45:00,0,151,,,,,,,,,,,,,,,,,,
23/04/2024 23:30:00,0,148,,,,,,,,,,,,,,,,,,
23/04/2024 23:15:00,0,145,,,,,,,,,,,,,,,,,,
23/04/2024 23:00:00,0.2,142,,,,,,,,,,,,,,,,,,
23/04/2024 22:45:00,0.2,139,,,,,,,,,,,,,,,,,,
23/04/2024 22:30:00,0.8,137,,,,,,,,,,,,,,,,,,
23/04/2024 22:15:00,2.2,135,,,,,,,,,,,,,,,,,,
23/04/2024 22:00:00,3.4,133,,,,,,,,,,,,,,,,,,
23/04/2024 21:45:00,9.2,132,,,,,,,,,,,,,,,,,,
23/04/2024 21:30:00,4.4,130,,,,,,,,,,,,,,,,,,
23/04/2024 21:15:00,1.2,129,,,,,,,,,,,,,,,,,,
23/04/2024 21:00:00,3,128,,,,,,,,,,,,,,,,,,
23/04/2024 20:45:00,1.8,127,,,,,,,,,,,,,,,,,,
23/04/2024 20:30:00,0.8,127,,,,,,,,,,,,,,,,,,
23/04/2024 20:15:00,8.8,126,,,,,,,,,,,,,,,,,,
23/04/2024 20:00:00,2.8,126,,,,,,,,,,,,,,,,,,
23/04/2024 19:45:00,0,125,,,,,,,,,,,,,,,,,,
23/04/2024 19:30:00,0,125,,,,,,,,,,,,,,,,,,
23/04/2024 19:15:00,0,125,,,,,,,,,,,,,,,,,,
23/04/2024 19:00:00,0,125,,,,,,,,,,,,,,,,,,
23/04/2024 18:45:00,0,125,,,,,,,,,,,,,,,,,,
23/04/2024 18:30:00,0,125,,,,,,,,,,,,,,,,,,
23/04/2024 18:15:00,0,126,,,,,,,,,,,,,,,,,,
23/04/2024 18:00:00,0,126,,,,,,,,,,,,,,,,,,
23/04/2024 17:45:00,0,126,,,,,,,,,,,,,,,,,,
23/04/2024 17:30:00,0,126,,,,,,,,,,,,,,,,,,
23/04/2024 17:15:00,0,126,,,,,,,,,,,,,,,,,,
23/04/2024 17:00:00,0,126,,,,,,,,,,,,,,,,,,
23/04/2024 16:45:00,0,126,,,,,,,,,,,,,,,,,,
23/04/2024 16:30:00,0,126,,,,,,,,,,,,,,,,,,
23/04/2024 16:15:00,0,126,,,,,,,,,,,,,,,,,,
23/04/2024 16:00:00,0,126,,,,,,,,,,,,,,,,,,
23/04/2024 15:45:00,0,126,,,,,,,,,,,,,,,,,,
23/04/2024 15:30:00,0,126,,,,,,,,,,,,,,,,,,
23/04/2024 15:15:00,0,126,,,,,,,,,,,,,,,,,,
23/04/2024 15:00:00,0,126,,,,,,,,,,,,,,,,,,
23/04/2024 14:45:00,0,126,,,,,,,,,,,,,,,,,,
23/04/2024 14:30:00,0,127,,,,,,,,,,,,,,,,,,
23/04/2024 14:15:00,0,127,,,,,,,,,,,,,,,,,,
23/04/2024 14:00:00,0,126,,,,,,,,,,,,,,,,,,
23/04/2024 13:45:00,0,127,,,,,,,,,,,,,,,,,,
23/04/2024 13:30:00,0,127,,,,,,,,,,,,,,,,,,
23/04/2024 13:15:00,0,127,,,,,,,,,,,,,,,,,,
23/04/2024 13:00:00,0,127,,,,,,,,,,,,,,,,,,
23/04/2024 12:45:00,0,127,,,,,,,,,,,,,,,,,,
23/04/2024 12:30:00,0,127,,,,,,,,,,,,,,,,,,
23/04/2024 12:15:00,0,127,,,,,,,,,,,,,,,,,,
23/04/2024 12:00:00,0,127,,,,,,,,,,,,,,,,,,
23/04/2024 11:45:00,0,127,,,,,,,,,,,,,,,,,,
23/04/2024 11:30:00,0,127,,,,,,,,,,,,,,,,,,
23/04/2024 11:15:00,0,127,,,,,,,,,,,,,,,,,,
23/04/2024 11:00:00,0,128,,,,,,,,,,,,,,,,,,
23/04/2024 10:45:00,0,127,,,,,,,,,,,,,,,,,,
23/04/2024 10:30:00,0,127,,,,,,,,,,,,,,,,,,
23/04/2024 10:15:00,0,127,,,,,,,,,,,,,,,,,,
23/04/2024 10:00:00,0,127,,,,,,,,,,,,,,,,,,
23/04/2024 09:45:00,0,128,,,,,,,,,,,,,,,,,,
23/04/2024 09:30:00,0,128,,,,,,,,,,,,,,,,,,
23/04/2024 09:15:00,0,128,,,,,,,,,,,,,,,,,,
23/04/2024 09:00:00,0,128,,,,,,,,,,,,,,,,,,
23/04/2024 08:45:00,0,128,,,,,,,,,,,,,,,,,,
23/04/2024 08:30:00,0.2,128,,,,,,,,,,,,,,,,,,
23/04/2024 08:15:00,0,128,,,,,,,,,,,,,,,,,,
23/04/2024 08:00:00,0,128,,,,,,,,,,,,,,,,,,
23/04/2024 07:45:00,0,128,,,,,,,,,,,,,,,,,,
23/04/2024 07:30:00,0,128,,,,,,,,,,,,,,,,,,
23/04/2024 07:15:00,0,128,,,,,,,,,,,,,,,,,,
23/04/2024 07:00:00,0,128,,,,,,,,,,,,,,,,,,
23/04/2024 06:45:00,0,128,,,,,,,,,,,,,,,,,,
23/04/2024 06:30:00,0,128,,,,,,,,,,,,,,,,,,
23/04/2024 06:15:00,0,128,,,,,,,,,,,,,,,,,,
23/04/2024 06:00:00,0,128,,,,,,,,,,,,,,,,,,
23/04/2024 05:45:00,0,128,,,,,,,,,,,,,,,,,,
23/04/2024 05:30:00,0,129,,,,,,,,,,,,,,,,,,
23/04/2024 05:15:00,0,129,,,,,,,,,,,,,,,,,,
23/04/2024 05:00:00,0,129,,,,,,,,,,,,,,,,,,
23/04/2024 04:45:00,0,129,,,,,,,,,,,,,,,,,,
23/04/2024 04:30:00,0,129,,,,,,,,,,,,,,,,,,
23/04/2024 04:15:00,0,129,,,,,,,,,,,,,,,,,,
23/04/2024 04:00:00,0,129,,,,,,,,,,,,,,,,,,
23/04/2024 03:45:00,0,129,,,,,,,,,,,,,,,,,,
23/04/2024 03:30:00,0,129,,,,,,,,,,,,,,,,,,
23/04/2024 03:15:00,0,129,,,,,,,,,,,,,,,,,,
23/04/2024 03:00:00,0,129,,,,,,,,,,,,,,,,,,
23/04/2024 02:45:00,0,129,,,,,,,,,,,,,,,,,,
23/04/2024 02:30:00,0,129,,,,,,,,,,,,,,,,,,
23/04/2024 02:15:00,0,129,,,,,,,,,,,,,,,,,,
23/04/2024 02:00:00,0,129,,,,,,,,,,,,,,,,,,
23/04/2024 01:45:00,0,129,,,,,,,,,,,,,,,,,,
23/04/2024 01:30:00,0,129,,,,,,,,,,,,,,,,,,
23/04/2024 01:15:00,0,129,,,,,,,,,,,,,,,,,,
23/04/2024 01:00:00,0,129,,,,,,,,,,,,,,,,,,
23/04/2024 00:45:00,0,129,,,,,,,,,,,,,,,,,,
23/04/2024 00:30:00,0,129,,,,,,,,,,,,,,,,,,
23/04/2024 00:15:00,0,130,,,,,,,,,,,,,,,,,,
23/04/2024 00:00:00,0,129,,,,,,,,,,,,,,,,,,
22/04/2024 23:45:00,0,130,,,,,,,,,,,,,,,,,,
22/04/2024 23:30:00,0,130,,,,,,,,,,,,,,,,,,
22/04/2024 23:15:00,0,129,,,,,,,,,,,,,,,,,,
22/04/2024 23:00:00,0,130,,,,,,,,,,,,,,,,,,
22/04/2024 22:45:00,0,130,,,,,,,,,,,,,,,,,,
22/04/2024 22:30:00,0,130,,,,,,,,,,,,,,,,,,
22/04/2024 22:15:00,0,130,,,,,,,,,,,,,,,,,,
22/04/2024 22:00:00,0,130,,,,,,,,,,,,,,,,,,
22/04/2024 21:45:00,0,130,,,,,,,,,,,,,,,,,,
22/04/2024 21:30:00,0,130,,,,,,,,,,,,,,,,,,
22/04/2024 21:15:00,0,130,,,,,,,,,,,,,,,,,,
22/04/2024 21:00:00,0,130,,,,,,,,,,,,,,,,,,
22/04/2024 20:45:00,0,130,,,,,,,,,,,,,,,,,,
22/04/2024 20:30:00,0,130,,,,,,,,,,,,,,,,,,
22/04/2024 20:15:00,0,130,,,,,,,,,,,,,,,,,,
22/04/2024 20:00:00,0,130,,,,,,,,,,,,,,,,,,
22/04/2024 19:45:00,0,131,,,,,,,,,,,,,,,,,,
22/04/2024 19:30:00,0,131,,,,,,,,,,,,,,,,,,
22/04/2024 19:15:00,0,131,,,,,,,,,,,,,,,,,,
22/04/2024 19:00:00,0,131,,,,,,,,,,,,,,,,,,
22/04/2024 18:45:00,0,131,,,,,,,,,,,,,,,,,,
22/04/2024 18:30:00,0,131,,,,,,,,,,,,,,,,,,
22/04/2024 18:15:00,0,131,,,,,,,,,,,,,,,,,,
22/04/2024 18:00:00,0,131,,,,,,,,,,,,,,,,,,
22/04/2024 17:45:00,0,132,,,,,,,,,,,,,,,,,,
22/04/2024 17:30:00,0,132,,,,,,,,,,,,,,,,,,
22/04/2024 17:15:00,0,132,,,,,,,,,,,,,,,,,,
22/04/2024 17:00:00,0,132,,,,,,,,,,,,,,,,,,
22/04/2024 16:45:00,0,132,,,,,,,,,,,,,,,,,,
22/04/2024 16:30:00,0,132,,,,,,,,,,,,,,,,,,
22/04/2024 16:15:00,0,132,,,,,,,,,,,,,,,,,,
22/04/2024 16:00:00,0,133,,,,,,,,,,,,,,,,,,
22/04/2024 15:45:00,0,132,,,,,,,,,,,,,,,,,,
22/04/2024 15:30:00,0,133,,,,,,,,,,,,,,,,,,
22/04/2024 15:15:00,0,133,,,,,,,,,,,,,,,,,,
22/04/2024 15:00:00,0,133,,,,,,,,,,,,,,,,,,
22/04/2024 14:45:00,0,133,,,,,,,,,,,,,,,,,,
22/04/2024 14:30:00,0,133,,,,,,,,,,,,,,,,,,
22/04/2024 14:15:00,0,133,,,,,,,,,,,,,,,,,,
22/04/2024 14:00:00,0,133,,,,,,,,,,,,,,,,,,
22/04/2024 13:45:00,0,134,,,,,,,,,,,,,,,,,,
22/04/2024 13:30:00,0,134,,,,,,,,,,,,,,,,,,
22/04/2024 13:15:00,0,134,,,,,,,,,,,,,,,,,,
22/04/2024 13:00:00,0,134,,,,,,,,,,,,,,,,,,
22/04/2024 12:45:00,0,134,,,,,,,,,,,,,,,,,,
22/04/2024 12:30:00,0,134,,,,,,,,,,,,,,,,,,
22/04/2024 12:15:00,0,134,,,,,,,,,,,,,,,,,,
22/04/2024 12:00:00,0,134,,,,,,,,,,,,,,,,,,
22/04/2024 11:45:00,0,135,,,,,,,,,,,,,,,,,,
22/04/2024 11:30:00,0,135,,,,,,,,,,,,,,,,,,
22/04/2024 11:15:00,0,135,,,,,,,,,,,,,,,,,,
22/04/2024 11:00:00,0,135,,,,,,,,,,,,,,,,,,
22/04/2024 10:45:00,0,135,,,,,,,,,,,,,,,,,,
22/04/2024 10:30:00,0,135,,,,,,,,,,,,,,,,,,
22/04/2024 10:15:00,0,135,,,,,,,,,,,,,,,,,,
22/04/2024 10:00:00,0,135,,,,,,,,,,,,,,,,,,
22/04/2024 09:45:00,0,136,,,,,,,,,,,,,,,,,,
22/04/2024 09:30:00,0,136,,,,,,,,,,,,,,,,,,
22/04/2024 09:15:00,0,136,,,,,,,,,,,,,,,,,,
22/04/2024 09:00:00,0,136,,,,,,,,,,,,,,,,,,
22/04/2024 08:45:00,0,136,,,,,,,,,,,,,,,,,,
22/04/2024 08:30:00,0,136,,,,,,,,,,,,,,,,,,
22/04/2024 08:15:00,0,137,,,,,,,,,,,,,,,,,,
22/04/2024 08:00:00,0,136,,,,,,,,,,,,,,,,,,
22/04/2024 07:45:00,0,137,,,,,,,,,,,,,,,,,,
22/04/2024 07:30:00,0,137,,,,,,,,,,,,,,,,,,
22/04/2024 07:15:00,0,137,,,,,,,,,,,,,,,,,,
22/04/2024 07:00:00,0,137,,,,,,,,,,,,,,,,,,
22/04/2024 06:45:00,0,137,,,,,,,,,,,,,,,,,,
22/04/2024 06:30:00,0,138,,,,,,,,,,,,,,,,,,
22/04/2024 06:15:00,0,137,,,,,,,,,,,,,,,,,,
22/04/2024 06:00:00,0,138,,,,,,,,,,,,,,,,,,
22/04/2024 05:45:00,0,138,,,,,,,,,,,,,,,,,,
22/04/2024 05:30:00,0,138,,,,,,,,,,,,,,,,,,
22/04/2024 05:15:00,0,138,,,,,,,,,,,,,,,,,,
22/04/2024 05:00:00,0,138,,,,,,,,,,,,,,,,,,
22/04/2024 04:45:00,0,138,,,,,,,,,,,,,,,,,,
22/04/2024 04:30:00,0,138,,,,,,,,,,,,,,,,,,
22/04/2024 04:15:00,0,138,,,,,,,,,,,,,,,,,,
22/04/2024 04:00:00,0,138,,,,,,,,,,,,,,,,,,
22/04/2024 03:45:00,0,138,,,,,,,,,,,,,,,,,,
22/04/2024 03:30:00,0,138,,,,,,,,,,,,,,,,,,
22/04/2024 03:15:00,0,139,,,,,,,,,,,,,,,,,,
22/04/2024 03:00:00,0,139,,,,,,,,,,,,,,,,,,
22/04/2024 02:45:00,0,139,,,,,,,,,,,,,,,,,,
22/04/2024 02:30:00,0,139,,,,,,,,,,,,,,,,,,
22/04/2024 02:15:00,0,139,,,,,,,,,,,,,,,,,,
22/04/2024 02:00:00,0,139,,,,,,,,,,,,,,,,,,
22/04/2024 01:45:00,0,139,,,,,,,,,,,,,,,,,,
22/04/2024 01:30:00,0,139,,,,,,,,,,,,,,,,,,
22/04/2024 01:15:00,0,139,,,,,,,,,,,,,,,,,,
22/04/2024 01:00:00,0,139,,,,,,,,,,,,,,,,,,
22/04/2024 00:45:00,0,140,,,,,,,,,,,,,,,,,,
22/04/2024 00:30:00,0,140,,,,,,,,,,,,,,,,,,
22/04/2024 00:15:00,0,140,,,,,,,,,,,,,,,,,,
22/04/2024 00:00:00,0,140,,,,,,,,,,,,,,,,,,
21/04/2024 23:45:00,0,140,,,,,,,,,,,,,,,,,,
21/04/2024 23:30:00,0,140,,,,,,,,,,,,,,,,,,
21/04/2024 23:15:00,0,140,,,,,,,,,,,,,,,,,,
21/04/2024 23:00:00,0,140,,,,,,,,,,,,,,,,,,
21/04/2024 22:45:00,0,140,,,,,,,,,,,,,,,,,,
21/04/2024 22:30:00,0,140,,,,,,,,,,,,,,,,,,
21/04/2024 22:15:00,0,140,,,,,,,,,,,,,,,,,,
21/04/2024 22:00:00,0,141,,,,,,,,,,,,,,,,,,
21/04/2024 21:45:00,0,141,,,,,,,,,,,,,,,,,,
21/04/2024 21:30:00,0,141,,,,,,,,,,,,,,,,,,
21/04/2024 21:15:00,0,141,,,,,,,,,,,,,,,,,,
21/04/2024 21:00:00,0,141,,,,,,,,,,,,,,,,,,
21/04/2024 20:45:00,0,141,,,,,,,,,,,,,,,,,,
21/04/2024 20:30:00,0,141,,,,,,,,,,,,,,,,,,
21/04/2024 20:15:00,0,141,,,,,,,,,,,,,,,,,,
21/04/2024 20:00:00,0,142,,,,,,,,,,,,,,,,,,
21/04/2024 19:45:00,0,142,,,,,,,,,,,,,,,,,,
21/04/2024 19:30:00,0,142,,,,,,,,,,,,,,,,,,
21/04/2024 19:15:00,0,142,,,,,,,,,,,,,,,,,,
21/04/2024 19:00:00,0,142,,,,,,,,,,,,,,,,,,
21/04/2024 18:45:00,0,142,,,,,,,,,,,,,,,,,,
21/04/2024 18:30:00,0,142,,,,,,,,,,,,,,,,,,
21/04/2024 18:15:00,0,143,,,,,,,,,,,,,,,,,,
21/04/2024 18:00:00,0,143,,,,,,,,,,,,,,,,,,
21/04/2024 17:45:00,0,143,,,,,,,,,,,,,,,,,,
21/04/2024 17:30:00,0,143,,,,,,,,,,,,,,,,,,
21/04/2024 17:15:00,0,143,,,,,,,,,,,,,,,,,,
21/04/2024 17:00:00,0,144,,,,,,,,,,,,,,,,,,
21/04/2024 16:45:00,0,144,,,,,,,,,,,,,,,,,,
21/04/2024 16:30:00,0,144,,,,,,,,,,,,,,,,,,
21/04/2024 16:15:00,0,144,,,,,,,,,,,,,,,,,,
21/04/2024 16:00:00,0,144,,,,,,,,,,,,,,,,,,
21/04/2024 15:45:00,0,145,,,,,,,,,,,,,,,,,,
21/04/2024 15:30:00,0,145,,,,,,,,,,,,,,,,,,
21/04/2024 15:15:00,0,145,,,,,,,,,,,,,,,,,,
21/04/2024 15:00:00,0,145,,,,,,,,,,,,,,,,,,
21/04/2024 14:45:00,0,145,,,,,,,,,,,,,,,,,,
21/04/2024 14:30:00,0,145,,,,,,,,,,,,,,,,,,
21/04/2024 14:15:00,0,146,,,,,,,,,,,,,,,,,,
21/04/2024 14:00:00,0,146,,,,,,,,,,,,,,,,,,
21/04/2024 13:45:00,0,146,,,,,,,,,,,,,,,,,,
21/04/2024 13:30:00,0,146,,,,,,,,,,,,,,,,,,
21/04/2024 13:15:00,0,146,,,,,,,,,,,,,,,,,,
21/04/2024 13:00:00,0,147,,,,,,,,,,,,,,,,,,
21/04/2024 12:45:00,0,147,,,,,,,,,,,,,,,,,,
21/04/2024 12:30:00,0,147,,,,,,,,,,,,,,,,,,
21/04/2024 12:15:00,0,147,,,,,,,,,,,,,,,,,,
21/04/2024 12:00:00,0,147,,,,,,,,,,,,,,,,,,
21/04/2024 11:45:00,0,148,,,,,,,,,,,,,,,,,,
21/04/2024 11:30:00,0,148,,,,,,,,,,,,,,,,,,
21/04/2024 11:15:00,0,148,,,,,,,,,,,,,,,,,,
21/04/2024 11:00:00,0,148,,,,,,,,,,,,,,,,,,
21/04/2024 10:45:00,0,148,,,,,,,,,,,,,,,,,,
21/04/2024 10:30:00,0,149,,,,,,,,,,,,,,,,,,
21/04/2024 10:15:00,0,149,,,,,,,,,,,,,,,,,,
21/04/2024 10:00:00,0,149,,,,,,,,,,,,,,,,,,
21/04/2024 09:45:00,0,149,,,,,,,,,,,,,,,,,,
21/04/2024 09:30:00,0,149,,,,,,,,,,,,,,,,,,
21/04/2024 09:15:00,0,150,,,,,,,,,,,,,,,,,,
21/04/2024 09:00:00,0,149,,,,,,,,,,,,,,,,,,
21/04/2024 08:45:00,0,150,,,,,,,,,,,,,,,,,,
21/04/2024 08:30:00,0,150,,,,,,,,,,,,,,,,,,
21/04/2024 08:15:00,0,150,,,,,,,,,,,,,,,,,,
21/04/2024 08:00:00,0,151,,,,,,,,,,,,,,,,,,
21/04/2024 07:45:00,0,151,,,,,,,,,,,,,,,,,,
21/04/2024 07:30:00,0,151,,,,,,,,,,,,,,,,,,
21/04/2024 07:15:00,0,151,,,,,,,,,,,,,,,,,,
21/04/2024 07:00:00,0.2,151,,,,,,,,,,,,,,,,,,
21/04/2024 06:45:00,0,152,,,,,,,,,,,,,,,,,,
21/04/2024 06:30:00,0,152,,,,,,,,,,,,,,,,,,
21/04/2024 06:15:00,0,152,,,,,,,,,,,,,,,,,,
21/04/2024 06:00:00,0,152,,,,,,,,,,,,,,,,,,
21/04/2024 05:45:00,0,152,,,,,,,,,,,,,,,,,,
21/04/2024 05:30:00,0,153,,,,,,,,,,,,,,,,,,
21/04/2024 05:15:00,0,152,,,,,,,,,,,,,,,,,,
21/04/2024 05:00:00,0,153,,,,,,,,,,,,,,,,,,
21/04/2024 04:45:00,0,153,,,,,,,,,,,,,,,,,,
21/04/2024 04:30:00,0,153,,,,,,,,,,,,,,,,,,
21/04/2024 04:15:00,0,153,,,,,,,,,,,,,,,,,,
21/04/2024 04:00:00,0,153,,,,,,,,,,,,,,,,,,
21/04/2024 03:45:00,0,153,,,,,,,,,,,,,,,,,,
21/04/2024 03:30:00,0,154,,,,,,,,,,,,,,,,,,
21/04/2024 03:15:00,0,154,,,,,,,,,,,,,,,,,,
21/04/2024 03:00:00,0,154,,,,,,,,,,,,,,,,,,
21/04/2024 02:45:00,0,155,,,,,,,,,,,,,,,,,,
21/04/2024 02:30:00,0,155,,,,,,,,,,,,,,,,,,
21/04/2024 02:15:00,0,155,,,,,,,,,,,,,,,,,,
21/04/2024 02:00:00,0,155,,,,,,,,,,,,,,,,,,
21/04/2024 01:45:00,0,155,,,,,,,,,,,,,,,,,,
21/04/2024 01:30:00,0,155,,,,,,,,,,,,,,,,,,
21/04/2024 01:15:00,0,155,,,,,,,,,,,,,,,,,,
21/04/2024 01:00:00,0,155,,,,,,,,,,,,,,,,,,
21/04/2024 00:45:00,0,156,,,,,,,,,,,,,,,,,,
21/04/2024 00:30:00,0,156,,,,,,,,,,,,,,,,,,
21/04/2024 00:15:00,0,156,,,,,,,,,,,,,,,,,,
21/04/2024 00:00:00,0,156,,,,,,,,,,,,,,,,,,
20/04/2024 23:45:00,0,156,,,,,,,,,,,,,,,,,,
20/04/2024 23:30:00,0,156,,,,,,,,,,,,,,,,,,
20/04/2024 23:15:00,0,156,,,,,,,,,,,,,,,,,,
20/04/2024 23:00:00,0,156,,,,,,,,,,,,,,,,,,
20/04/2024 22:45:00,0,157,,,,,,,,,,,,,,,,,,
20/04/2024 22:30:00,0,157,,,,,,,,,,,,,,,,,,
20/04/2024 22:15:00,0,157,,,,,,,,,,,,,,,,,,
20/04/2024 22:00:00,0,157,,,,,,,,,,,,,,,,,,
20/04/2024 21:45:00,0,157,,,,,,,,,,,,,,,,,,
20/04/2024 21:30:00,0,157,,,,,,,,,,,,,,,,,,
20/04/2024 21:15:00,0,157,,,,,,,,,,,,,,,,,,
20/04/2024 21:00:00,0,158,,,,,,,,,,,,,,,,,,
20/04/2024 20:45:00,0,158,,,,,,,,,,,,,,,,,,
20/04/2024 20:30:00,0,158,,,,,,,,,,,,,,,,,,
20/04/2024 20:15:00,0,158,,,,,,,,,,,,,,,,,,
20/04/2024 20:00:00,0,159,,,,,,,,,,,,,,,,,,
20/04/2024 19:45:00,0,158,,,,,,,,,,,,,,,,,,
20/04/2024 19:30:00,0,159,,,,,,,,,,,,,,,,,,
20/04/2024 19:15:00,0,159,,,,,,,,,,,,,,,,,,
20/04/2024 19:00:00,0,159,,,,,,,,,,,,,,,,,,
20/04/2024 18:45:00,0,159,,,,,,,,,,,,,,,,,,
20/04/2024 18:30:00,0,159,,,,,,,,,,,,,,,,,,
20/04/2024 18:15:00,0,159,,,,,,,,,,,,,,,,,,
20/04/2024 18:00:00,0,160,,,,,,,,,,,,,,,,,,
20/04/2024 17:45:00,0,160,,,,,,,,,,,,,,,,,,
20/04/2024 17:30:00,0,160,,,,,,,,,,,,,,,,,,
20/04/2024 17:15:00,0,160,,,,,,,,,,,,,,,,,,
20/04/2024 17:00:00,0,160,,,,,,,,,,,,,,,,,,
20/04/2024 16:45:00,0,161,,,,,,,,,,,,,,,,,,
20/04/2024 16:30:00,0,161,,,,,,,,,,,,,,,,,,
20/04/2024 16:15:00,0,161,,,,,,,,,,,,,,,,,,
20/04/2024 16:00:00,0,161,,,,,,,,,,,,,,,,,,
20/04/2024 15:45:00,0,162,,,,,,,,,,,,,,,,,,
20/04/2024 15:30:00,0,162,,,,,,,,,,,,,,,,,,
20/04/2024 15:15:00,0,162,,,,,,,,,,,,,,,,,,
20/04/2024 15:00:00,0,162,,,,,,,,,,,,,,,,,,
20/04/2024 14:45:00,0,163,,,,,,,,,,,,,,,,,,
20/04/2024 14:30:00,0,163,,,,,,,,,,,,,,,,,,
20/04/2024 14:15:00,0,163,,,,,,,,,,,,,,,,,,
20/04/2024 14:00:00,0,163,,,,,,,,,,,,,,,,,,
20/04/2024 13:45:00,0,164,,,,,,,,,,,,,,,,,,
20/04/2024 13:30:00,0,164,,,,,,,,,,,,,,,,,,
20/04/2024 13:15:00,0,164,,,,,,,,,,,,,,,,,,
20/04/2024 13:00:00,0,165,,,,,,,,,,,,,,,,,,
20/04/2024 12:45:00,0,164,,,,,,,,,,,,,,,,,,
20/04/2024 12:30:00,0,165,,,,,,,,,,,,,,,,,,
20/04/2024 12:15:00,0,166,,,,,,,,,,,,,,,,,,
20/04/2024 12:00:00,0,166,,,,,,,,,,,,,,,,,,
20/04/2024 11:45:00,0,166,,,,,,,,,,,,,,,,,,
20/04/2024 11:30:00,0,166,,,,,,,,,,,,,,,,,,
20/04/2024 11:15:00,0,167,,,,,,,,,,,,,,,,,,
20/04/2024 11:00:00,0,167,,,,,,,,,,,,,,,,,,
20/04/2024 10:45:00,0,167,,,,,,,,,,,,,,,,,,
20/04/2024 10:30:00,0,168,,,,,,,,,,,,,,,,,,
20/04/2024 10:15:00,0,168,,,,,,,,,,,,,,,,,,
20/04/2024 10:00:00,0,168,,,,,,,,,,,,,,,,,,
20/04/2024 09:45:00,0,169,,,,,,,,,,,,,,,,,,
20/04/2024 09:30:00,0,169,,,,,,,,,,,,,,,,,,
20/04/2024 09:15:00,0,169,,,,,,,,,,,,,,,,,,
20/04/2024 09:00:00,0,170,,,,,,,,,,,,,,,,,,
20/04/2024 08:45:00,0,170,,,,,,,,,,,,,,,,,,
20/04/2024 08:30:00,0,170,,,,,,,,,,,,,,,,,,
20/04/2024 08:15:00,0,171,,,,,,,,,,,,,,,,,,
20/04/2024 08:00:00,0,171,,,,,,,,,,,,,,,,,,
20/04/2024 07:45:00,0,171,,,,,,,,,,,,,,,,,,
20/04/2024 07:30:00,0,172,,,,,,,,,,,,,,,,,,
20/04/2024 07:15:00,0,172,,,,,,,,,,,,,,,,,,
20/04/2024 07:00:00,0,172,,,,,,,,,,,,,,,,,,
20/04/2024 06:45:00,0,172,,,,,,,,,,,,,,,,,,
20/04/2024 06:30:00,0,173,,,,,,,,,,,,,,,,,,
20/04/2024 06:15:00,0,173,,,,,,,,,,,,,,,,,,
20/04/2024 06:00:00,0.2,173,,,,,,,,,,,,,,,,,,
20/04/2024 05:45:00,0,173,,,,,,,,,,,,,,,,,,
20/04/2024 05:30:00,0,173,,,,,,,,,,,,,,,,,,
20/04/2024 05:15:00,0,174,,,,,,,,,,,,,,,,,,
20/04/2024 05:00:00,0,174,,,,,,,,,,,,,,,,,,
20/04/2024 04:45:00,0,174,,,,,,,,,,,,,,,,,,
20/04/2024 04:30:00,0,174,,,,,,,,,,,,,,,,,,
20/04/2024 04:15:00,0,175,,,,,,,,,,,,,,,,,,
20/04/2024 04:00:00,0,175,,,,,,,,,,,,,,,,,,
20/04/2024 03:45:00,0,175,,,,,,,,,,,,,,,,,,
20/04/2024 03:30:00,0,175,,,,,,,,,,,,,,,,,,
20/04/2024 03:15:00,0,176,,,,,,,,,,,,,,,,,,
20/04/2024 03:00:00,0,176,,,,,,,,,,,,,,,,,,
20/04/2024 02:45:00,0,176,,,,,,,,,,,,,,,,,,
20/04/2024 02:30:00,0,176,,,,,,,,,,,,,,,,,,
20/04/2024 02:15:00,0,177,,,,,,,,,,,,,,,,,,
20/04/2024 02:00:00,0,177,,,,,,,,,,,,,,,,,,
20/04/2024 01:45:00,0,177,,,,,,,,,,,,,,,,,,
20/04/2024 01:30:00,0,178,,,,,,,,,,,,,,,,,,
20/04/2024 01:15:00,0,178,,,,,,,,,,,,,,,,,,
20/04/2024 01:00:00,0,178,,,,,,,,,,,,,,,,,,
20/04/2024 00:45:00,0,179,,,,,,,,,,,,,,,,,,
20/04/2024 00:30:00,0,179,,,,,,,,,,,,,,,,,,
20/04/2024 00:15:00,0,179,,,,,,,,,,,,,,,,,,
20/04/2024 00:00:00,0,179,,,,,,,,,,,,,,,,,,
19/04/2024 23:45:00,0,179,,,,,,,,,,,,,,,,,,
19/04/2024 23:30:00,0,180,,,,,,,,,,,,,,,,,,
19/04/2024 23:15:00,0,180,,,,,,,,,,,,,,,,,,
19/04/2024 23:00:00,0,181,,,,,,,,,,,,,,,,,,
19/04/2024 22:45:00,0,181,,,,,,,,,,,,,,,,,,
19/04/2024 22:30:00,0,181,,,,,,,,,,,,,,,,,,
19/04/2024 22:15:00,0,181,,,,,,,,,,,,,,,,,,
19/04/2024 22:00:00,0,181,,,,,,,,,,,,,,,,,,
19/04/2024 21:45:00,0,181,,,,,,,,,,,,,,,,,,
19/04/2024 21:30:00,0,181,,,,,,,,,,,,,,,,,,
19/04/2024 21:15:00,0,182,,,,,,,,,,,,,,,,,,
19/04/2024 21:00:00,0,182,,,,,,,,,,,,,,,,,,
19/04/2024 20:45:00,0,182,,,,,,,,,,,,,,,,,,
19/04/2024 20:30:00,0,182,,,,,,,,,,,,,,,,,,
19/04/2024 20:15:00,0,182,,,,,,,,,,,,,,,,,,
19/04/2024 20:00:00,0,182,,,,,,,,,,,,,,,,,,
19/04/2024 19:45:00,0,182,,,,,,,,,,,,,,,,,,
19/04/2024 19:30:00,0,183,,,,,,,,,,,,,,,,,,
19/04/2024 19:15:00,0,183,,,,,,,,,,,,,,,,,,
19/04/2024 19:00:00,0,183,,,,,,,,,,,,,,,,,,
19/04/2024 18:45:00,0,184,,,,,,,,,,,,,,,,,,
19/04/2024 18:30:00,0,184,,,,,,,,,,,,,,,,,,
19/04/2024 18:15:00,0,184,,,,,,,,,,,,,,,,,,
19/04/2024 18:00:00,0,184,,,,,,,,,,,,,,,,,,
19/04/2024 17:45:00,0,185,,,,,,,,,,,,,,,,,,
19/04/2024 17:30:00,0,185,,,,,,,,,,,,,,,,,,
19/04/2024 17:15:00,0,185,,,,,,,,,,,,,,,,,,
19/04/2024 17:00:00,0,185,,,,,,,,,,,,,,,,,,
19/04/2024 16:45:00,0,186,,,,,,,,,,,,,,,,,,
19/04/2024 16:30:00,0,185,,,,,,,,,,,,,,,,,,
19/04/2024 16:15:00,0,186,,,,,,,,,,,,,,,,,,
19/04/2024 16:00:00,0,187,,,,,,,,,,,,,,,,,,
19/04/2024 15:45:00,0,187,,,,,,,,,,,,,,,,,,
19/04/2024 15:30:00,0,187,,,,,,,,,,,,,,,,,,
19/04/2024 15:15:00,0,188,,,,,,,,,,,,,,,,,,
19/04/2024 15:00:00,0,188,,,,,,,,,,,,,,,,,,
19/04/2024 14:45:00,0,188,,,,,,,,,,,,,,,,,,
19/04/2024 14:30:00,0,189,,,,,,,,,,,,,,,,,,
19/04/2024 14:15:00,0,189,,,,,,,,,,,,,,,,,,
19/04/2024 14:00:00,0,189,,,,,,,,,,,,,,,,,,
19/04/2024 13:45:00,0,189,,,,,,,,,,,,,,,,,,
19/04/2024 13:30:00,0,190,,,,,,,,,,,,,,,,,,
19/04/2024 13:15:00,0,191,,,,,,,,,,,,,,,,,,
19/04/2024 13:00:00,0,191,,,,,,,,,,,,,,,,,,
19/04/2024 12:45:00,0,191,,,,,,,,,,,,,,,,,,
19/04/2024 12:30:00,0,192,,,,,,,,,,,,,,,,,,
19/04/2024 12:15:00,0,192,,,,,,,,,,,,,,,,,,
19/04/2024 12:00:00,0,193,,,,,,,,,,,,,,,,,,
19/04/2024 11:45:00,0,193,,,,,,,,,,,,,,,,,,
19/04/2024 11:30:00,0,193,,,,,,,,,,,,,,,,,,
19/04/2024 11:15:00,0,194,,,,,,,,,,,,,,,,,,
19/04/2024 11:00:00,0,194,,,,,,,,,,,,,,,,,,
19/04/2024 10:45:00,0,195,,,,,,,,,,,,,,,,,,
19/04/2024 10:30:00,0,195,,,,,,,,,,,,,,,,,,
19/04/2024 10:15:00,0,195,,,,,,,,,,,,,,,,,,
19/04/2024 10:00:00,0,196,,,,,,,,,,,,,,,,,,
19/04/2024 09:45:00,0,197,,,,,,,,,,,,,,,,,,
19/04/2024 09:30:00,0,197,,,,,,,,,,,,,,,,,,
19/04/2024 09:15:00,0,197,,,,,,,,,,,,,,,,,,
19/04/2024 09:00:00,0,198,,,,,,,,,,,,,,,,,,
19/04/2024 08:45:00,0,198,,,,,,,,,,,,,,,,,,
19/04/2024 08:30:00,0,199,,,,,,,,,,,,,,,,,,
19/04/2024 08:15:00,0,200,,,,,,,,,,,,,,,,,,
19/04/2024 08:00:00,0,200,,,,,,,,,,,,,,,,,,
19/04/2024 07:45:00,0,201,,,,,,,,,,,,,,,,,,
19/04/2024 07:30:00,0,200,,,,,,,,,,,,,,,,,,
19/04/2024 07:15:00,0,201,,,,,,,,,,,,,,,,,,
19/04/2024 07:00:00,0,202,,,,,,,,,,,,,,,,,,
19/04/2024 06:45:00,0,202,,,,,,,,,,,,,,,,,,
19/04/2024 06:30:00,0,202,,,,,,,,,,,,,,,,,,
19/04/2024 06:15:00,0,203,,,,,,,,,,,,,,,,,,
19/04/2024 06:00:00,0,203,,,,,,,,,,,,,,,,,,
19/04/2024 05:45:00,0.2,204,,,,,,,,,,,,,,,,,,
19/04/2024 05:30:00,0,204,,,,,,,,,,,,,,,,,,
19/04/2024 05:15:00,0,205,,,,,,,,,,,,,,,,,,
19/04/2024 05:00:00,0,206,,,,,,,,,,,,,,,,,,
19/04/2024 04:45:00,0,206,,,,,,,,,,,,,,,,,,
19/04/2024 04:30:00,0,207,,,,,,,,,,,,,,,,,,
19/04/2024 04:15:00,0,207,,,,,,,,,,,,,,,,,,
19/04/2024 04:00:00,0,208,,,,,,,,,,,,,,,,,,
19/04/2024 03:45:00,0,208,,,,,,,,,,,,,,,,,,
19/04/2024 03:30:00,0,209,,,,,,,,,,,,,,,,,,
19/04/2024 03:15:00,0,209,,,,,,,,,,,,,,,,,,
19/04/2024 03:00:00,0,210,,,,,,,,,,,,,,,,,,
19/04/2024 02:45:00,0,210,,,,,,,,,,,,,,,,,,
19/04/2024 02:30:00,0,211,,,,,,,,,,,,,,,,,,
19/04/2024 02:15:00,0,211,,,,,,,,,,,,,,,,,,
19/04/2024 02:00:00,0,212,,,,,,,,,,,,,,,,,,
19/04/2024 01:45:00,0,212,,,,,,,,,,,,,,,,,,
19/04/2024 01:30:00,0,212,,,,,,,,,,,,,,,,,,
19/04/2024 01:15:00,0,213,,,,,,,,,,,,,,,,,,
19/04/2024 01:00:00,0,214,,,,,,,,,,,,,,,,,,
19/04/2024 00:45:00,0,214,,,,,,,,,,,,,,,,,,
19/04/2024 00:30:00,0,215,,,,,,,,,,,,,,,,,,
19/04/2024 00:15:00,0,215,,,,,,,,,,,,,,,,,,
19/04/2024 00:00:00,0,216,,,,,,,,,,,,,,,,,,
18/04/2024 23:45:00,0,216,,,,,,,,,,,,,,,,,,
18/04/2024 23:30:00,0,216,,,,,,,,,,,,,,,,,,
18/04/2024 23:15:00,0,218,,,,,,,,,,,,,,,,,,
18/04/2024 23:00:00,0,218,,,,,,,,,,,,,,,,,,
18/04/2024 22:45:00,0,218,,,,,,,,,,,,,,,,,,
18/04/2024 22:30:00,0,219,,,,,,,,,,,,,,,,,,
18/04/2024 22:15:00,0,219,,,,,,,,,,,,,,,,,,
18/04/2024 22:00:00,0,220,,,,,,,,,,,,,,,,,,
18/04/2024 21:45:00,0,221,,,,,,,,,,,,,,,,,,
18/04/2024 21:30:00,0,221,,,,,,,,,,,,,,,,,,
18/04/2024 21:15:00,0,222,,,,,,,,,,,,,,,,,,
18/04/2024 21:00:00,0,222,,,,,,,,,,,,,,,,,,
18/04/2024 20:45:00,0,223,,,,,,,,,,,,,,,,,,
18/04/2024 20:30:00,0,223,,,,,,,,,,,,,,,,,,
18/04/2024 20:15:00,0,224,,,,,,,,,,,,,,,,,,
18/04/2024 20:00:00,0,225,,,,,,,,,,,,,,,,,,
18/04/2024 19:45:00,0,225,,,,,,,,,,,,,,,,,,
18/04/2024 19:30:00,0,226,,,,,,,,,,,,,,,,,,
18/04/2024 19:15:00,0,226,,,,,,,,,,,,,,,,,,
18/04/2024 19:00:00,0,227,,,,,,,,,,,,,,,,,,
18/04/2024 18:45:00,0,228,,,,,,,,,,,,,,,,,,
18/04/2024 18:30:00,0,228,,,,,,,,,,,,,,,,,,
18/04/2024 18:15:00,0,229,,,,,,,,,,,,,,,,,,
18/04/2024 18:00:00,0,230,,,,,,,,,,,,,,,,,,
18/04/2024 17:45:00,0,230,,,,,,,,,,,,,,,,,,
18/04/2024 17:30:00,0,230,,,,,,,,,,,,,,,,,,
18/04/2024 17:15:00,0,231,,,,,,,,,,,,,,,,,,
18/04/2024 17:00:00,0,232,,,,,,,,,,,,,,,,,,
18/04/2024 16:45:00,0,232,,,,,,,,,,,,,,,,,,
18/04/2024 16:30:00,0,233,,,,,,,,,,,,,,,,,,
18/04/2024 16:15:00,0,234,,,,,,,,,,,,,,,,,,
18/04/2024 16:00:00,0,235,,,,,,,,,,,,,,,,,,
18/04/2024 15:45:00,0,235,,,,,,,,,,,,,,,,,,
18/04/2024 15:30:00,0,236,,,,,,,,,,,,,,,,,,
18/04/2024 15:15:00,0,237,,,,,,,,,,,,,,,,,,
18/04/2024 15:00:00,0,237,,,,,,,,,,,,,,,,,,
18/04/2024 14:45:00,0,238,,,,,,,,,,,,,,,,,,
18/04/2024 14:30:00,0,239,,,,,,,,,,,,,,,,,,
18/04/2024 14:15:00,0,240,,,,,,,,,,,,,,,,,,
18/04/2024 14:00:00,0,241,,,,,,,,,,,,,,,,,,
18/04/2024 13:45:00,0,241,,,,,,,,,,,,,,,,,,
18/04/2024 13:30:00,0,242,,,,,,,,,,,,,,,,,,
18/04/2024 13:15:00,0,243,,,,,,,,,,,,,,,,,,
18/04/2024 13:00:00,0,244,,,,,,,,,,,,,,,,,,
18/04/2024 12:45:00,0,245,,,,,,,,,,,,,,,,,,
18/04/2024 12:30:00,0,246,,,,,,,,,,,,,,,,,,
18/04/2024 12:15:00,0,247,,,,,,,,,,,,,,,,,,
18/04/2024 12:00:00,0,247,,,,,,,,,,,,,,,,,,
18/04/2024 11:45:00,0,248,,,,,,,,,,,,,,,,,,
18/04/2024 11:30:00,0,249,,,,,,,,,,,,,,,,,,
18/04/2024 11:15:00,0,250,,,,,,,,,,,,,,,,,,
18/04/2024 11:00:00,0,251,,,,,,,,,,,,,,,,,,
18/04/2024 10:45:00,0,253,,,,,,,,,,,,,,,,,,
18/04/2024 10:30:00,0,254,,,,,,,,,,,,,,,,,,
18/04/2024 10:15:00,0,255,,,,,,,,,,,,,,,,,,
18/04/2024 10:00:00,0,256,,,,,,,,,,,,,,,,,,
18/04/2024 09:45:00,0,257,,,,,,,,,,,,,,,,,,
18/04/2024 09:30:00,0,258,,,,,,,,,,,,,,,,,,
18/04/2024 09:15:00,0,259,,,,,,,,,,,,,,,,,,
18/04/2024 09:00:00,0,260,,,,,,,,,,,,,,,,,,
18/04/2024 08:45:00,0,261,,,,,,,,,,,,,,,,,,
18/04/2024 08:30:00,0,263,,,,,,,,,,,,,,,,,,
18/04/2024 08:15:00,0,264,,,,,,,,,,,,,,,,,,
18/04/2024 08:00:00,0,265,,,,,,,,,,,,,,,,,,
18/04/2024 07:45:00,0,266,,,,,,,,,,,,,,,,,,
18/04/2024 07:30:00,0,267,,,,,,,,,,,,,,,,,,
18/04/2024 07:15:00,0,268,,,,,,,,,,,,,,,,,,
18/04/2024 07:00:00,0,270,,,,,,,,,,,,,,,,,,
18/04/2024 06:45:00,0,271,,,,,,,,,,,,,,,,,,
18/04/2024 06:30:00,0,273,,,,,,,,,,,,,,,,,,
18/04/2024 06:15:00,0,273,,,,,,,,,,,,,,,,,,
18/04/2024 06:00:00,0,276,,,,,,,,,,,,,,,,,,
18/04/2024 05:45:00,0,277,,,,,,,,,,,,,,,,,,
18/04/2024 05:30:00,0,278,,,,,,,,,,,,,,,,,,
18/04/2024 05:15:00,0,280,,,,,,,,,,,,,,,,,,
18/04/2024 05:00:00,0,281,,,,,,,,,,,,,,,,,,
18/04/2024 04:45:00,0,283,,,,,,,,,,,,,,,,,,
18/04/2024 04:30:00,0,285,,,,,,,,,,,,,,,,,,
18/04/2024 04:15:00,0.2,286,,,,,,,,,,,,,,,,,,
18/04/2024 04:00:00,0,288,,,,,,,,,,,,,,,,,,
18/04/2024 03:45:00,0,290,,,,,,,,,,,,,,,,,,
18/04/2024 03:30:00,0,291,,,,,,,,,,,,,,,,,,
18/04/2024 03:15:00,0,293,,,,,,,,,,,,,,,,,,
18/04/2024 03:00:00,0,294,,,,,,,,,,,,,,,,,,
18/04/2024 02:45:00,0,296,,,,,,,,,,,,,,,,,,
18/04/2024 02:30:00,0,298,,,,,,,,,,,,,,,,,,
18/04/2024 02:15:00,0,299,,,,,,,,,,,,,,,,,,
18/04/2024 02:00:00,0,302,,,,,,,,,,,,,,,,,,
18/04/2024 01:45:00,0,303,,,,,,,,,,,,,,,,,,
18/04/2024 01:30:00,0,305,,,,,,,,,,,,,,,,,,
18/04/2024 01:15:00,0,307,,,,,,,,,,,,,,,,,,
18/04/2024 01:00:00,0,310,,,,,,,,,,,,,,,,,,
18/04/2024 00:45:00,0,311,,,,,,,,,,,,,,,,,,
18/04/2024 00:30:00,0,313,,,,,,,,,,,,,,,,,,
18/04/2024 00:15:00,0,315,,,,,,,,,,,,,,,,,,
18/04/2024 00:00:00,0,317,,,,,,,,,,,,,,,,,,
17/04/2024 23:45:00,0,319,,,,,,,,,,,,,,,,,,
17/04/2024 23:30:00,0,321,,,,,,,,,,,,,,,,,,
17/04/2024 23:15:00,0,323,,,,,,,,,,,,,,,,,,
17/04/2024 23:00:00,0,325,,,,,,,,,,,,,,,,,,
17/04/2024 22:45:00,0,327,,,,,,,,,,,,,,,,,,
17/04/2024 22:30:00,0,329,,,,,,,,,,,,,,,,,,
17/04/2024 22:15:00,0,331,,,,,,,,,,,,,,,,,,
17/04/2024 22:00:00,0,333,,,,,,,,,,,,,,,,,,
17/04/2024 21:45:00,0,335,,,,,,,,,,,,,,,,,,
17/04/2024 21:30:00,0,337,,,,,,,,,,,,,,,,,,
17/04/2024 21:15:00,0,340,,,,,,,,,,,,,,,,,,
17/04/2024 21:00:00,0,342,,,,,,,,,,,,,,,,,,
17/04/2024 20:45:00,0,344,,,,,,,,,,,,,,,,,,
17/04/2024 20:30:00,0,345,,,,,,,,,,,,,,,,,,
17/04/2024 20:15:00,0,347,,,,,,,,,,,,,,,,,,
17/04/2024 20:00:00,0,350,,,,,,,,,,,,,,,,,,
17/04/2024 19:45:00,0,351,,,,,,,,,,,,,,,,,,
17/04/2024 19:30:00,0,353,,,,,,,,,,,,,,,,,,
17/04/2024 19:15:00,0,354,,,,,,,,,,,,,,,,,,
17/04/2024 19:00:00,0,357,,,,,,,,,,,,,,,,,,
17/04/2024 18:45:00,0,358,,,,,,,,,,,,,,,,,,
17/04/2024 18:30:00,0,360,,,,,,,,,,,,,,,,,,
17/04/2024 18:15:00,0,362,,,,,,,,,,,,,,,,,,
17/04/2024 18:00:00,0,364,,,,,,,,,,,,,,,,,,
17/04/2024 17:45:00,0,365,,,,,,,,,,,,,,,,,,
17/04/2024 17:30:00,0,366,,,,,,,,,,,,,,,,,,
17/04/2024 17:15:00,0,368,,,,,,,,,,,,,,,,,,
17/04/2024 17:00:00,0,370,,,,,,,,,,,,,,,,,,
17/04/2024 16:45:00,0,370,,,,,,,,,,,,,,,,,,
17/04/2024 16:30:00,0,372,,,,,,,,,,,,,,,,,,
17/04/2024 16:15:00,0,374,,,,,,,,,,,,,,,,,,
17/04/2024 16:00:00,0,374,,,,,,,,,,,,,,,,,,
17/04/2024 15:45:00,0,375,,,,,,,,,,,,,,,,,,
17/04/2024 15:30:00,0,376,,,,,,,,,,,,,,,,,,
17/04/2024 15:15:00,0,377,,,,,,,,,,,,,,,,,,
17/04/2024 15:00:00,0,379,,,,,,,,,,,,,,,,,,
17/04/2024 14:45:00,0,380,,,,,,,,,,,,,,,,,,
17/04/2024 14:30:00,0,381,,,,,,,,,,,,,,,,,,
17/04/2024 14:15:00,0,381,,,,,,,,,,,,,,,,,,
17/04/2024 14:00:00,0,382,,,,,,,,,,,,,,,,,,
17/04/2024 13:45:00,0,382,,,,,,,,,,,,,,,,,,
17/04/2024 13:30:00,0,384,,,,,,,,,,,,,,,,,,
17/04/2024 13:15:00,0,384,,,,,,,,,,,,,,,,,,
17/04/2024 13:00:00,0,386,,,,,,,,,,,,,,,,,,
17/04/2024 12:45:00,0,386,,,,,,,,,,,,,,,,,,
17/04/2024 12:30:00,0,386,,,,,,,,,,,,,,,,,,
17/04/2024 12:15:00,0,387,,,,,,,,,,,,,,,,,,
17/04/2024 12:00:00,0,387,,,,,,,,,,,,,,,,,,
17/04/2024 11:45:00,0,388,,,,,,,,,,,,,,,,,,
17/04/2024 11:30:00,0,388,,,,,,,,,,,,,,,,,,
17/04/2024 11:15:00,0,388,,,,,,,,,,,,,,,,,,
17/04/2024 11:00:00,0,388,,,,,,,,,,,,,,,,,,
17/04/2024 10:45:00,0,388,,,,,,,,,,,,,,,,,,
17/04/2024 10:30:00,0,388,,,,,,,,,,,,,,,,,,
17/04/2024 10:15:00,0,387,,,,,,,,,,,,,,,,,,
17/04/2024 10:00:00,0,387,,,,,,,,,,,,,,,,,,
17/04/2024 09:45:00,0,387,,,,,,,,,,,,,,,,,,
17/04/2024 09:30:00,0,387,,,,,,,,,,,,,,,,,,
17/04/2024 09:15:00,0,386,,,,,,,,,,,,,,,,,,
17/04/2024 09:00:00,0,386,,,,,,,,,,,,,,,,,,
17/04/2024 08:45:00,0,384,,,,,,,,,,,,,,,,,,
17/04/2024 08:30:00,0,383,,,,,,,,,,,,,,,,,,
17/04/2024 08:15:00,0,382,,,,,,,,,,,,,,,,,,
17/04/2024 08:00:00,0,382,,,,,,,,,,,,,,,,,,
17/04/2024 07:45:00,0,380,,,,,,,,,,,,,,,,,,
17/04/2024 07:30:00,0,379,,,,,,,,,,,,,,,,,,
17/04/2024 07:15:00,0,377,,,,,,,,,,,,,,,,,,
17/04/2024 07:00:00,0,377,,,,,,,,,,,,,,,,,,
17/04/2024 06:45:00,0,373,,,,,,,,,,,,,,,,,,
17/04/2024 06:30:00,0,372,,,,,,,,,,,,,,,,,,
17/04/2024 06:15:00,0,371,,,,,,,,,,,,,,,,,,
17/04/2024 06:00:00,0,368,,,,,,,,,,,,,,,,,,
17/04/2024 05:45:00,0,366,,,,,,,,,,,,,,,,,,
17/04/2024 05:30:00,0,364,,,,,,,,,,,,,,,,,,
17/04/2024 05:15:00,0,361,,,,,,,,,,,,,,,,,,
17/04/2024 05:00:00,0,358,,,,,,,,,,,,,,,,,,
17/04/2024 04:45:00,0,356,,,,,,,,,,,,,,,,,,
17/04/2024 04:30:00,0,355,,,,,,,,,,,,,,,,,,
17/04/2024 04:15:00,0,351,,,,,,,,,,,,,,,,,,
17/04/2024 04:00:00,0,349,,,,,,,,,,,,,,,,,,
17/04/2024 03:45:00,0,345,,,,,,,,,,,,,,,,,,
17/04/2024 03:30:00,0,342,,,,,,,,,,,,,,,,,,
17/04/2024 03:15:00,0,339,,,,,,,,,,,,,,,,,,
17/04/2024 03:00:00,0,336,,,,,,,,,,,,,,,,,,
17/04/2024 02:45:00,0,332,,,,,,,,,,,,,,,,,,
17/04/2024 02:30:00,0,329,,,,,,,,,,,,,,,,,,
17/04/2024 02:15:00,0,326,,,,,,,,,,,,,,,,,,
17/04/2024 02:00:00,0,322,,,,,,,,,,,,,,,,,,
17/04/2024 01:45:00,0,319,,,,,,,,,,,,,,,,,,
17/04/2024 01:30:00,0,316,,,,,,,,,,,,,,,,,,
17/04/2024 01:15:00,0,312,,,,,,,,,,,,,,,,,,
17/04/2024 01:00:00,0,308,,,,,,,,,,,,,,,,,,
17/04/2024 00:45:00,0,304,,,,,,,,,,,,,,,,,,
17/04/2024 00:30:00,0,300,,,,,,,,,,,,,,,,,,
17/04/2024 00:15:00,0,296,,,,,,,,,,,,,,,,,,
17/04/2024 00:00:00,0,291,,,,,,,,,,,,,,,,,,
16/04/2024 23:45:00,0,287,,,,,,,,,,,,,,,,,,
16/04/2024 23:30:00,0,282,,,,,,,,,,,,,,,,,,
16/04/2024 23:15:00,0,276,,,,,,,,,,,,,,,,,,
16/04/2024 23:00:00,0,272,,,,,,,,,,,,,,,,,,
16/04/2024 22:45:00,0,267,,,,,,,,,,,,,,,,,,
16/04/2024 22:30:00,0,262,,,,,,,,,,,,,,,,,,
16/04/2024 22:15:00,0,256,,,,,,,,,,,,,,,,,,
16/04/2024 22:00:00,0,250,,,,,,,,,,,,,,,,,,
16/04/2024 21:45:00,0.4,244,,,,,,,,,,,,,,,,,,
16/04/2024 21:30:00,0.2,238,,,,,,,,,,,,,,,,,,
16/04/2024 21:15:00,0.4,232,,,,,,,,,,,,,,,,,,
16/04/2024 21:00:00,0.2,226,,,,,,,,,,,,,,,,,,
16/04/2024 20:45:00,0.2,219,,,,,,,,,,,,,,,,,,
16/04/2024 20:30:00,0.2,212,,,,,,,,,,,,,,,,,,
16/04/2024 20:15:00,0,206,,,,,,,,,,,,,,,,,,
16/04/2024 20:00:00,0,199,,,,,,,,,,,,,,,,,,
16/04/2024 19:45:00,0,192,,,,,,,,,,,,,,,,,,
16/04/2024 19:30:00,0,186,,,,,,,,,,,,,,,,,,
16/04/2024 19:15:00,0.2,180,,,,,,,,,,,,,,,,,,
16/04/2024 19:00:00,1,174,,,,,,,,,,,,,,,,,,
16/04/2024 18:45:00,0.2,169,,,,,,,,,,,,,,,,,,
16/04/2024 18:30:00,0.2,164,,,,,,,,,,,,,,,,,,
16/04/2024 18:15:00,1.4,161,,,,,,,,,,,,,,,,,,
16/04/2024 18:00:00,0.8,159,,,,,,,,,,,,,,,,,,
16/04/2024 17:45:00,0.8,157,,,,,,,,,,,,,,,,,,
16/04/2024 17:30:00,0.4,155,,,,,,,,,,,,,,,,,,
16/04/2024 17:15:00,0.4,153,,,,,,,,,,,,,,,,,,
16/04/2024 17:00:00,1,152,,,,,,,,,,,,,,,,,,
16/04/2024 16:45:00,0.8,151,,,,,,,,,,,,,,,,,,
16/04/2024 16:30:00,0.6,150,,,,,,,,,,,,,,,,,,
16/04/2024 16:15:00,0,150,,,,,,,,,,,,,,,,,,
16/04/2024 16:00:00,0,149,,,,,,,,,,,,,,,,,,
16/04/2024 15:45:00,0,148,,,,,,,,,,,,,,,,,,
16/04/2024 15:30:00,0.2,148,,,,,,,,,,,,,,,,,,
16/04/2024 15:15:00,0.2,148,,,,,,,,,,,,,,,,,,
16/04/2024 15:00:00,0.4,147,,,,,,,,,,,,,,,,,,
16/04/2024 14:45:00,0.2,147,,,,,,,,,,,,,,,,,,
16/04/2024 14:30:00,0.2,147,,,,,,,,,,,,,,,,,,
16/04/2024 14:15:00,0.4,147,,,,,,,,,,,,,,,,,,
16/04/2024 14:00:00,0.6,147,,,,,,,,,,,,,,,,,,
16/04/2024 13:45:00,0.6,148,,,,,,,,,,,,,,,,,,
16/04/2024 13:30:00,0.6,148,,,,,,,,,,,,,,,,,,
16/04/2024 13:15:00,0.2,148,,,,,,,,,,,,,,,,,,
16/04/2024 13:00:00,6.6,148,,,,,,,,,,,,,,,,,,
16/04/2024 12:45:00,5.6,148,,,,,,,,,,,,,,,,,,
16/04/2024 12:30:00,1.2,147,,,,,,,,,,,,,,,,,,
16/04/2024 12:15:00,0,148,,,,,,,,,,,,,,,,,,
16/04/2024 12:00:00,0,148,,,,,,,,,,,,,,,,,,
16/04/2024 11:45:00,0,149,,,,,,,,,,,,,,,,,,
16/04/2024 11:30:00,0,149,,,,,,,,,,,,,,,,,,
16/04/2024 11:15:00,0,150,,,,,,,,,,,,,,,,,,
16/04/2024 11:00:00,0,150,,,,,,,,,,,,,,,,,,
16/04/2024 10:45:00,0,150,,,,,,,,,,,,,,,,,,
16/04/2024 10:30:00,0,150,,,,,,,,,,,,,,,,,,
16/04/2024 10:15:00,0,150,,,,,,,,,,,,,,,,,,
16/04/2024 10:00:00,0,151,,,,,,,,,,,,,,,,,,
16/04/2024 09:45:00,0,151,,,,,,,,,,,,,,,,,,
16/04/2024 09:30:00,0,151,,,,,,,,,,,,,,,,,,
16/04/2024 09:15:00,0,151,,,,,,,,,,,,,,,,,,
16/04/2024 09:00:00,0,151,,,,,,,,,,,,,,,,,,
16/04/2024 08:45:00,0,151,,,,,,,,,,,,,,,,,,
16/04/2024 08:30:00,0,151,,,,,,,,,,,,,,,,,,
16/04/2024 08:15:00,0,151,,,,,,,,,,,,,,,,,,
16/04/2024 08:00:00,0,151,,,,,,,,,,,,,,,,,,
16/04/2024 07:45:00,0,151,,,,,,,,,,,,,,,,,,
16/04/2024 07:30:00,0,150,,,,,,,,,,,,,,,,,,
16/04/2024 07:15:00,0,150,,,,,,,,,,,,,,,,,,
16/04/2024 07:00:00,0,150,,,,,,,,,,,,,,,,,,
16/04/2024 06:45:00,0,150,,,,,,,,,,,,,,,,,,
16/04/2024 06:30:00,0,149,,,,,,,,,,,,,,,,,,
16/04/2024 06:15:00,0,149,,,,,,,,,,,,,,,,,,
16/04/2024 06:00:00,0,149,,,,,,,,,,,,,,,,,,
16/04/2024 05:45:00,0,149,,,,,,,,,,,,,,,,,,
16/04/2024 05:30:00,0,148,,,,,,,,,,,,,,,,,,
16/04/2024 05:15:00,0.2,148,,,,,,,,,,,,,,,,,,
16/04/2024 05:00:00,0,148,,,,,,,,,,,,,,,,,,
16/04/2024 04:45:00,0,147,,,,,,,,,,,,,,,,,,
16/04/2024 04:30:00,0,147,,,,,,,,,,,,,,,,,,
16/04/2024 04:15:00,0,147,,,,,,,,,,,,,,,,,,
16/04/2024 04:00:00,0,146,,,,,,,,,,,,,,,,,,
16/04/2024 03:45:00,0,146,,,,,,,,,,,,,,,,,,
16/04/2024 03:30:00,0,146,,,,,,,,,,,,,,,,,,
16/04/2024 03:15:00,0,145,,,,,,,,,,,,,,,,,,
16/04/2024 03:00:00,0,145,,,,,,,,,,,,,,,,,,
16/04/2024 02:45:00,0,145,,,,,,,,,,,,,,,,,,
16/04/2024 02:30:00,0,144,,,,,,,,,,,,,,,,,,
16/04/2024 02:15:00,0,144,,,,,,,,,,,,,,,,,,
16/04/2024 02:00:00,0,143,,,,,,,,,,,,,,,,,,
16/04/2024 01:45:00,0,143,,,,,,,,,,,,,,,,,,
16/04/2024 01:30:00,0,142,,,,,,,,,,,,,,,,,,
16/04/2024 01:15:00,0,142,,,,,,,,,,,,,,,,,,
16/04/2024 01:00:00,0,142,,,,,,,,,,,,,,,,,,
16/04/2024 00:45:00,0,141,,,,,,,,,,,,,,,,,,
16/04/2024 00:30:00,0,141,,,,,,,,,,,,,,,,,,
16/04/2024 00:15:00,0,141,,,,,,,,,,,,,,,,,,
16/04/2024 00:00:00,0,141,,,,,,,,,,,,,,,,,,
15/04/2024 23:45:00,0,141,,,,,,,,,,,,,,,,,,
15/04/2024 23:30:00,0,140,,,,,,,,,,,,,,,,,,
15/04/2024 23:15:00,0,140,,,,,,,,,,,,,,,,,,
15/04/2024 23:00:00,0,140,,,,,,,,,,,,,,,,,,
15/04/2024 22:45:00,0,140,,,,,,,,,,,,,,,,,,
15/04/2024 22:30:00,0,140,,,,,,,,,,,,,,,,,,
15/04/2024 22:15:00,0,140,,,,,,,,,,,,,,,,,,
15/04/2024 22:00:00,0,140,,,,,,,,,,,,,,,,,,
15/04/2024 21:45:00,0,140,,,,,,,,,,,,,,,,,,
15/04/2024 21:30:00,0,140,,,,,,,,,,,,,,,,,,
15/04/2024 21:15:00,0,140,,,,,,,,,,,,,,,,,,
15/04/2024 21:00:00,0,140,,,,,,,,,,,,,,,,,,
15/04/2024 20:45:00,0,140,,,,,,,,,,,,,,,,,,
15/04/2024 20:30:00,0,140,,,,,,,,,,,,,,,,,,
15/04/2024 20:15:00,0.2,140,,,,,,,,,,,,,,,,,,
15/04/2024 20:00:00,0,140,,,,,,,,,,,,,,,,,,
15/04/2024 19:45:00,0.2,140,,,,,,,,,,,,,,,,,,
15/04/2024 19:30:00,0,140,,,,,,,,,,,,,,,,,,
15/04/2024 19:15:00,0,140,,,,,,,,,,,,,,,,,,
15/04/2024 19:00:00,0.2,140,,,,,,,,,,,,,,,,,,
15/04/2024 18:45:00,0,141,,,,,,,,,,,,,,,,,,
15/04/2024 18:30:00,0,141,,,,,,,,,,,,,,,,,,
15/04/2024 18:15:00,0,141,,,,,,,,,,,,,,,,,,
15/04/2024 18:00:00,0,141,,,,,,,,,,,,,,,,,,
15/04/2024 17:45:00,0,141,,,,,,,,,,,,,,,,,,
15/04/2024 17:30:00,0.2,141,,,,,,,,,,,,,,,,,,
15/04/2024 17:15:00,2.4,142,,,,,,,,,,,,,,,,,,
15/04/2024 17:00:00,3.8,141,,,,,,,,,,,,,,,,,,
15/04/2024 16:45:00,0.8,141,,,,,,,,,,,,,,,,,,
15/04/2024 16:30:00,0.2,141,,,,,,,,,,,,,,,,,,
15/04/2024 16:15:00,0,141,,,,,,,,,,,,,,,,,,
15/04/2024 16:00:00,0,142,,,,,,,,,,,,,,,,,,
15/04/2024 15:45:00,0,142,,,,,,,,,,,,,,,,,,
15/04/2024 15:30:00,0,142,,,,,,,,,,,,,,,,,,
15/04/2024 15:15:00,0,143,,,,,,,,,,,,,,,,,,
15/04/2024 15:00:00,0,143,,,,,,,,,,,,,,,,,,
15/04/2024 14:45:00,0.2,143,,,,,,,,,,,,,,,,,,
15/04/2024 14:30:00,0,143,,,,,,,,,,,,,,,,,,
15/04/2024 14:15:00,0,144,,,,,,,,,,,,,,,,,,
15/04/2024 14:00:00,0,144,,,,,,,,,,,,,,,,,,
15/04/2024 13:45:00,0,144,,,,,,,,,,,,,,,,,,
15/04/2024 13:30:00,0,145,,,,,,,,,,,,,,,,,,
15/04/2024 13:15:00,0,145,,,,,,,,,,,,,,,,,,
15/04/2024 13:00:00,0,145,,,,,,,,,,,,,,,,,,
15/04/2024 12:45:00,0,146,,,,,,,,,,,,,,,,,,
15/04/2024 12:30:00,0,146,,,,,,,,,,,,,,,,,,
15/04/2024 12:15:00,0,146,,,,,,,,,,,,,,,,,,
15/04/2024 12:00:00,0,147,,,,,,,,,,,,,,,,,,
15/04/2024 11:45:00,0,147,,,,,,,,,,,,,,,,,,
15/04/2024 11:30:00,0,148,,,,,,,,,,,,,,,,,,
15/04/2024 11:15:00,0,148,,,,,,,,,,,,,,,,,,
15/04/2024 11:00:00,0,148,,,,,,,,,,,,,,,,,,
15/04/2024 10:45:00,0,149,,,,,,,,,,,,,,,,,,
15/04/2024 10:30:00,0,149,,,,,,,,,,,,,,,,,,
15/04/2024 10:15:00,0,149,,,,,,,,,,,,,,,,,,
15/04/2024 10:00:00,0,150,,,,,,,,,,,,,,,,,,
15/04/2024 09:45:00,0,150,,,,,,,,,,,,,,,,,,
15/04/2024 09:30:00,0,151,,,,,,,,,,,,,,,,,,
15/04/2024 09:15:00,0,151,,,,,,,,,,,,,,,,,,
15/04/2024 09:00:00,0,151,,,,,,,,,,,,,,,,,,
15/04/2024 08:45:00,0,152,,,,,,,,,,,,,,,,,,
15/04/2024 08:30:00,0,152,,,,,,,,,,,,,,,,,,
15/04/2024 08:15:00,0,152,,,,,,,,,,,,,,,,,,
15/04/2024 08:00:00,0,153,,,,,,,,,,,,,,,,,,
15/04/2024 07:45:00,0,153,,,,,,,,,,,,,,,,,,
15/04/2024 07:30:00,0,153,,,,,,,,,,,,,,,,,,
15/04/2024 07:15:00,0,154,,,,,,,,,,,,,,,,,,
15/04/2024 07:00:00,0,154,,,,,,,,,,,,,,,,,,
15/04/2024 06:45:00,0,154,,,,,,,,,,,,,,,,,,
15/04/2024 06:30:00,0,155,,,,,,,,,,,,,,,,,,
15/04/2024 06:15:00,0,155,,,,,,,,,,,,,,,,,,
15/04/2024 06:00:00,0,155,,,,,,,,,,,,,,,,,,
15/04/2024 05:45:00,0,155,,,,,,,,,,,,,,,,,,
15/04/2024 05:30:00,0,155,,,,,,,,,,,,,,,,,,
15/04/2024 05:15:00,0,155,,,,,,,,,,,,,,,,,,
15/04/2024 05:00:00,0,155,,,,,,,,,,,,,,,,,,
15/04/2024 04:45:00,0,156,,,,,,,,,,,,,,,,,,
15/04/2024 04:30:00,0,156,,,,,,,,,,,,,,,,,,
15/04/2024 04:15:00,0,156,,,,,,,,,,,,,,,,,,
15/04/2024 04:00:00,0,156,,,,,,,,,,,,,,,,,,
15/04/2024 03:45:00,0,156,,,,,,,,,,,,,,,,,,
15/04/2024 03:30:00,0,155,,,,,,,,,,,,,,,,,,
15/04/2024 03:15:00,0,156,,,,,,,,,,,,,,,,,,
15/04/2024 03:00:00,0,156,,,,,,,,,,,,,,,,,,
15/04/2024 02:45:00,0,155,,,,,,,,,,,,,,,,,,
15/04/2024 02:30:00,0,155,,,,,,,,,,,,,,,,,,
15/04/2024 02:15:00,0,155,,,,,,,,,,,,,,,,,,
15/04/2024 02:00:00,0,155,,,,,,,,,,,,,,,,,,
15/04/2024 01:45:00,0,154,,,,,,,,,,,,,,,,,,
15/04/2024 01:30:00,0,154,,,,,,,,,,,,,,,,,,
15/04/2024 01:15:00,0,154,,,,,,,,,,,,,,,,,,
15/04/2024 01:00:00,0,154,,,,,,,,,,,,,,,,,,
15/04/2024 00:45:00,0,154,,,,,,,,,,,,,,,,,,
15/04/2024 00:30:00,0,153,,,,,,,,,,,,,,,,,,
15/04/2024 00:15:00,0,153,,,,,,,,,,,,,,,,,,
15/04/2024 00:00:00,0,153,,,,,,,,,,,,,,,,,,
14/04/2024 23:45:00,0,153,,,,,,,,,,,,,,,,,,
14/04/2024 23:30:00,0,153,,,,,,,,,,,,,,,,,,
14/04/2024 23:15:00,0,152,,,,,,,,,,,,,,,,,,
14/04/2024 23:00:00,0,152,,,,,,,,,,,,,,,,,,
14/04/2024 22:45:00,0,152,,,,,,,,,,,,,,,,,,
14/04/2024 22:30:00,0,152,,,,,,,,,,,,,,,,,,
14/04/2024 22:15:00,0,152,,,,,,,,,,,,,,,,,,
14/04/2024 22:00:00,0,152,,,,,,,,,,,,,,,,,,
14/04/2024 21:45:00,0,152,,,,,,,,,,,,,,,,,,
14/04/2024 21:30:00,0,152,,,,,,,,,,,,,,,,,,
14/04/2024 21:15:00,0,152,,,,,,,,,,,,,,,,,,
14/04/2024 21:00:00,0,152,,,,,,,,,,,,,,,,,,
14/04/2024 20:45:00,0,152,,,,,,,,,,,,,,,,,,
14/04/2024 20:30:00,0,152,,,,,,,,,,,,,,,,,,
14/04/2024 20:15:00,0,152,,,,,,,,,,,,,,,,,,
14/04/2024 20:00:00,0,152,,,,,,,,,,,,,,,,,,
14/04/2024 19:45:00,0,152,,,,,,,,,,,,,,,,,,
14/04/2024 19:30:00,0,152,,,,,,,,,,,,,,,,,,
14/04/2024 19:15:00,0,153,,,,,,,,,,,,,,,,,,
14/04/2024 19:00:00,0,152,,,,,,,,,,,,,,,,,,
14/04/2024 18:45:00,0,153,,,,,,,,,,,,,,,,,,
14/04/2024 18:30:00,0,153,,,,,,,,,,,,,,,,,,
14/04/2024 18:15:00,0,153,,,,,,,,,,,,,,,,,,
14/04/2024 18:00:00,0,153,,,,,,,,,,,,,,,,,,
14/04/2024 17:45:00,0,154,,,,,,,,,,,,,,,,,,
14/04/2024 17:30:00,0,153,,,,,,,,,,,,,,,,,,
14/04/2024 17:15:00,0,154,,,,,,,,,,,,,,,,,,
14/04/2024 17:00:00,0,154,,,,,,,,,,,,,,,,,,
14/04/2024 16:45:00,0,154,,,,,,,,,,,,,,,,,,
14/04/2024 16:30:00,0,154,,,,,,,,,,,,,,,,,,
14/04/2024 16:15:00,0,154,,,,,,,,,,,,,,,,,,
14/04/2024 16:00:00,0,155,,,,,,,,,,,,,,,,,,
14/04/2024 15:45:00,0,155,,,,,,,,,,,,,,,,,,
14/04/2024 15:30:00,0,155,,,,,,,,,,,,,,,,,,
14/04/2024 15:15:00,0,155,,,,,,,,,,,,,,,,,,
14/04/2024 15:00:00,0,155,,,,,,,,,,,,,,,,,,
14/04/2024 14:45:00,0,155,,,,,,,,,,,,,,,,,,
14/04/2024 14:30:00,0,155,,,,,,,,,,,,,,,,,,
14/04/2024 14:15:00,0,155,,,,,,,,,,,,,,,,,,
14/04/2024 14:00:00,0,155,,,,,,,,,,,,,,,,,,
14/04/2024 13:45:00,0,155,,,,,,,,,,,,,,,,,,
14/04/2024 13:30:00,0,155,,,,,,,,,,,,,,,,,,
14/04/2024 13:15:00,0,155,,,,,,,,,,,,,,,,,,
14/04/2024 13:00:00,0,155,,,,,,,,,,,,,,,,,,
14/04/2024 12:45:00,0,155,,,,,,,,,,,,,,,,,,
14/04/2024 12:30:00,0,154,,,,,,,,,,,,,,,,,,
14/04/2024 12:15:00,0,154,,,,,,,,,,,,,,,,,,
14/04/2024 12:00:00,0,154,,,,,,,,,,,,,,,,,,
14/04/2024 11:45:00,0,154,,,,,,,,,,,,,,,,,,
14/04/2024 11:30:00,0,153,,,,,,,,,,,,,,,,,,
14/04/2024 11:15:00,0,153,,,,,,,,,,,,,,,,,,
14/04/2024 11:00:00,0,153,,,,,,,,,,,,,,,,,,
14/04/2024 10:45:00,0,152,,,,,,,,,,,,,,,,,,
14/04/2024 10:30:00,0,152,,,,,,,,,,,,,,,,,,
14/04/2024 10:15:00,0,151,,,,,,,,,,,,,,,,,,
14/04/2024 10:00:00,0,151,,,,,,,,,,,,,,,,,,
14/04/2024 09:45:00,0,151,,,,,,,,,,,,,,,,,,
14/04/2024 09:30:00,0,150,,,,,,,,,,,,,,,,,,
14/04/2024 09:15:00,0,150,,,,,,,,,,,,,,,,,,
14/04/2024 09:00:00,0,149,,,,,,,,,,,,,,,,,,
14/04/2024 08:45:00,0,149,,,,,,,,,,,,,,,,,,
14/04/2024 08:30:00,0,148,,,,,,,,,,,,,,,,,,
14/04/2024 08:15:00,0,148,,,,,,,,,,,,,,,,,,
14/04/2024 08:00:00,0,147,,,,,,,,,,,,,,,,,,
14/04/2024 07:45:00,0.6,147,,,,,,,,,,,,,,,,,,
14/04/2024 07:30:00,0.2,146,,,,,,,,,,,,,,,,,,
14/04/2024 07:15:00,0.2,146,,,,,,,,,,,,,,,,,,
14/04/2024 07:00:00,0,145,,,,,,,,,,,,,,,,,,
14/04/2024 06:45:00,0,144,,,,,,,,,,,,,,,,,,
14/04/2024 06:30:00,0,144,,,,,,,,,,,,,,,,,,
14/04/2024 06:15:00,0,144,,,,,,,,,,,,,,,,,,
14/04/2024 06:00:00,0,143,,,,,,,,,,,,,,,,,,
14/04/2024 05:45:00,0,142,,,,,,,,,,,,,,,,,,
14/04/2024 05:30:00,0,142,,,,,,,,,,,,,,,,,,
14/04/2024 05:15:00,0,141,,,,,,,,,,,,,,,,,,
14/04/2024 05:00:00,0,141,,,,,,,,,,,,,,,,,,
14/04/2024 04:45:00,0,140,,,,,,,,,,,,,,,,,,
14/04/2024 04:30:00,0,140,,,,,,,,,,,,,,,,,,
14/04/2024 04:15:00,0,139,,,,,,,,,,,,,,,,,,
14/04/2024 04:00:00,0,139,,,,,,,,,,,,,,,,,,
14/04/2024 03:45:00,0,139,,,,,,,,,,,,,,,,,,
14/04/2024 03:30:00,0,139,,,,,,,,,,,,,,,,,,
14/04/2024 03:15:00,0,138,,,,,,,,,,,,,,,,,,
14/04/2024 03:00:00,0,138,,,,,,,,,,,,,,,,,,
14/04/2024 02:45:00,0,138,,,,,,,,,,,,,,,,,,
14/04/2024 02:30:00,0,138,,,,,,,,,,,,,,,,,,
14/04/2024 02:15:00,0,137,,,,,,,,,,,,,,,,,,
14/04/2024 02:00:00,0,137,,,,,,,,,,,,,,,,,,
14/04/2024 01:45:00,0,137,,,,,,,,,,,,,,,,,,
14/04/2024 01:30:00,0,137,,,,,,,,,,,,,,,,,,
14/04/2024 01:15:00,0,137,,,,,,,,,,,,,,,,,,
14/04/2024 01:00:00,0,137,,,,,,,,,,,,,,,,,,
14/04/2024 00:45:00,0,137,,,,,,,,,,,,,,,,,,
14/04/2024 00:30:00,0,137,,,,,,,,,,,,,,,,,,
14/04/2024 00:15:00,0,137,,,,,,,,,,,,,,,,,,
14/04/2024 00:00:00,0.2,137,,,,,,,,,,,,,,,,,,
13/04/2024 23:45:00,0.4,137,,,,,,,,,,,,,,,,,,
13/04/2024 23:30:00,0.4,137,,,,,,,,,,,,,,,,,,
13/04/2024 23:15:00,0.8,137,,,,,,,,,,,,,,,,,,
13/04/2024 23:00:00,0,137,,,,,,,,,,,,,,,,,,
13/04/2024 22:45:00,0.2,137,,,,,,,,,,,,,,,,,,
13/04/2024 22:30:00,0.4,137,,,,,,,,,,,,,,,,,,
13/04/2024 22:15:00,0.6,137,,,,,,,,,,,,,,,,,,
13/04/2024 22:00:00,0.6,137,,,,,,,,,,,,,,,,,,
13/04/2024 21:45:00,0.8,138,,,,,,,,,,,,,,,,,,
13/04/2024 21:30:00,0.4,138,,,,,,,,,,,,,,,,,,
13/04/2024 21:15:00,0.4,137,,,,,,,,,,,,,,,,,,
13/04/2024 21:00:00,0.6,138,,,,,,,,,,,,,,,,,,
13/04/2024 20:45:00,0.6,138,,,,,,,,,,,,,,,,,,
13/04/2024 20:30:00,0.6,137,,,,,,,,,,,,,,,,,,
13/04/2024 20:15:00,0.6,138,,,,,,,,,,,,,,,,,,
13/04/2024 20:00:00,0.6,138,,,,,,,,,,,,,,,,,,
13/04/2024 19:45:00,0.8,138,,,,,,,,,,,,,,,,,,
13/04/2024 19:30:00,0.4,138,,,,,,,,,,,,,,,,,,
13/04/2024 19:15:00,0.4,138,,,,,,,,,,,,,,,,,,
13/04/2024 19:00:00,0.2,137,,,,,,,,,,,,,,,,,,
13/04/2024 18:45:00,0.4,138,,,,,,,,,,,,,,,,,,
13/04/2024 18:30:00,0.4,138,,,,,,,,,,,,,,,,,,
13/04/2024 18:15:00,0.4,138,,,,,,,,,,,,,,,,,,
13/04/2024 18:00:00,0.2,138,,,,,,,,,,,,,,,,,,
13/04/2024 17:45:00,0,138,,,,,,,,,,,,,,,,,,
13/04/2024 17:30:00,0,138,,,,,,,,,,,,,,,,,,
13/04/2024 17:15:00,0,138,,,,,,,,,,,,,,,,,,
13/04/2024 17:00:00,0,138,,,,,,,,,,,,,,,,,,
13/04/2024 16:45:00,0,139,,,,,,,,,,,,,,,,,,
13/04/2024 16:30:00,0,139,,,,,,,,,,,,,,,,,,
13/04/2024 16:15:00,0,139,,,,,,,,,,,,,,,,,,
13/04/2024 16:00:00,0,139,,,,,,,,,,,,,,,,,,
13/04/2024 15:45:00,0,139,,,,,,,,,,,,,,,,,,
13/04/2024 15:30:00,0,140,,,,,,,,,,,,,,,,,,
13/04/2024 15:15:00,0,140,,,,,,,,,,,,,,,,,,
13/04/2024 15:00:00,0,140,,,,,,,,,,,,,,,,,,
13/04/2024 14:45:00,0,140,,,,,,,,,,,,,,,,,,
13/04/2024 14:30:00,0,141,,,,,,,,,,,,,,,,,,
13/04/2024 14:15:00,0,141,,,,,,,,,,,,,,,,,,
13/04/2024 14:00:00,0,141,,,,,,,,,,,,,,,,,,
13/04/2024 13:45:00,0,141,,,,,,,,,,,,,,,,,,
13/04/2024 13:30:00,0,141,,,,,,,,,,,,,,,,,,
13/04/2024 13:15:00,0,142,,,,,,,,,,,,,,,,,,
13/04/2024 13:00:00,0,142,,,,,,,,,,,,,,,,,,
13/04/2024 12:45:00,0,142,,,,,,,,,,,,,,,,,,
13/04/2024 12:30:00,0,142,,,,,,,,,,,,,,,,,,
13/04/2024 12:15:00,0,142,,,,,,,,,,,,,,,,,,
13/04/2024 12:00:00,0,142,,,,,,,,,,,,,,,,,,
13/04/2024 11:45:00,0,142,,,,,,,,,,,,,,,,,,
13/04/2024 11:30:00,0,143,,,,,,,,,,,,,,,,,,
13/04/2024 11:15:00,0,143,,,,,,,,,,,,,,,,,,
13/04/2024 11:00:00,0,143,,,,,,,,,,,,,,,,,,
13/04/2024 10:45:00,0,143,,,,,,,,,,,,,,,,,,
13/04/2024 10:30:00,0,143,,,,,,,,,,,,,,,,,,
13/04/2024 10:15:00,0,144,,,,,,,,,,,,,,,,,,
13/04/2024 10:00:00,0,144,,,,,,,,,,,,,,,,,,
13/04/2024 09:45:00,0,144,,,,,,,,,,,,,,,,,,
13/04/2024 09:30:00,0,144,,,,,,,,,,,,,,,,,,
13/04/2024 09:15:00,0,145,,,,,,,,,,,,,,,,,,
13/04/2024 09:00:00,0,145,,,,,,,,,,,,,,,,,,
13/04/2024 08:45:00,0,145,,,,,,,,,,,,,,,,,,
13/04/2024 08:30:00,0,146,,,,,,,,,,,,,,,,,,
13/04/2024 08:15:00,0,146,,,,,,,,,,,,,,,,,,
13/04/2024 08:00:00,0,146,,,,,,,,,,,,,,,,,,
13/04/2024 07:45:00,0,147,,,,,,,,,,,,,,,,,,
13/04/2024 07:30:00,0,147,,,,,,,,,,,,,,,,,,
13/04/2024 07:15:00,0,147,,,,,,,,,,,,,,,,,,
13/04/2024 07:00:00,0,148,,,,,,,,,,,,,,,,,,
13/04/2024 06:45:00,0,148,,,,,,,,,,,,,,,,,,
13/04/2024 06:30:00,0,148,,,,,,,,,,,,,,,,,,
13/04/2024 06:15:00,0,148,,,,,,,,,,,,,,,,,,
13/04/2024 06:00:00,0,149,,,,,,,,,,,,,,,,,,
13/04/2024 05:45:00,0,149,,,,,,,,,,,,,,,,,,
13/04/2024 05:30:00,0,149,,,,,,,,,,,,,,,,,,
13/04/2024 05:15:00,0,149,,,,,,,,,,,,,,,,,,
13/04/2024 05:00:00,0,150,,,,,,,,,,,,,,,,,,
13/04/2024 04:45:00,0,150,,,,,,,,,,,,,,,,,,
13/04/2024 04:30:00,0,150,,,,,,,,,,,,,,,,,,
13/04/2024 04:15:00,0,150,,,,,,,,,,,,,,,,,,
13/04/2024 04:00:00,0,151,,,,,,,,,,,,,,,,,,
13/04/2024 03:45:00,0,151,,,,,,,,,,,,,,,,,,
13/04/2024 03:30:00,0,150,,,,,,,,,,,,,,,,,,
13/04/2024 03:15:00,0,151,,,,,,,,,,,,,,,,,,
13/04/2024 03:00:00,0,151,,,,,,,,,,,,,,,,,,
13/04/2024 02:45:00,0,151,,,,,,,,,,,,,,,,,,
13/04/2024 02:30:00,0,151,,,,,,,,,,,,,,,,,,
13/04/2024 02:15:00,0,151,,,,,,,,,,,,,,,,,,
13/04/2024 02:00:00,0,151,,,,,,,,,,,,,,,,,,
13/04/2024 01:45:00,0,151,,,,,,,,,,,,,,,,,,
13/04/2024 01:30:00,0,151,,,,,,,,,,,,,,,,,,
13/04/2024 01:15:00,0,151,,,,,,,,,,,,,,,,,,
13/04/2024 01:00:00,0,150,,,,,,,,,,,,,,,,,,
13/04/2024 00:45:00,0,150,,,,,,,,,,,,,,,,,,
13/04/2024 00:30:00,0,150,,,,,,,,,,,,,,,,,,
13/04/2024 00:15:00,0,150,,,,,,,,,,,,,,,,,,
13/04/2024 00:00:00,0,149,,,,,,,,,,,,,,,,,,
12/4/2024 23:45,0,149,,,,,,,,,,,,,,,,,,
12/4/2024 23:30,0,149,,,,,,,,,,,,,,,,,,
12/4/2024 23:15,0,148,,,,,,,,,,,,,,,,,,
12/4/2024 23:00,0,148,,,,,,,,,,,,,,,,,,
12/4/2024 22:45,0,148,,,,,,,,,,,,,,,,,,
12/4/2024 22:30,0,148,,,,,,,,,,,,,,,,,,
12/4/2024 22:15,0,148,,,,,,,,,,,,,,,,,,
12/4/2024 22:00,0,147,,,,,,,,,,,,,,,,,,
12/4/2024 21:45,0,147,,,,,,,,,,,,,,,,,,
12/4/2024 21:30,0,147,,,,,,,,,,,,,,,,,,
12/4/2024 21:15,0,147,,,,,,,,,,,,,,,,,,
12/4/2024 21:00,0,146,,,,,,,,,,,,,,,,,,
12/4/2024 20:45,0,147,,,,,,,,,,,,,,,,,,
12/4/2024 20:30,0,146,,,,,,,,,,,,,,,,,,
12/4/2024 20:15,0,146,,,,,,,,,,,,,,,,,,
12/4/2024 20:00,0,146,,,,,,,,,,,,,,,,,,
12/4/2024 19:45,0,146,,,,,,,,,,,,,,,,,,
12/4/2024 19:30,0,147,,,,,,,,,,,,,,,,,,
12/4/2024 19:15,0,146,,,,,,,,,,,,,,,,,,
12/4/2024 19:00,0,146,,,,,,,,,,,,,,,,,,
12/4/2024 18:45,0,146,,,,,,,,,,,,,,,,,,
12/4/2024 18:30,0,146,,,,,,,,,,,,,,,,,,
12/4/2024 18:15,0,146,,,,,,,,,,,,,,,,,,
12/4/2024 18:00,0,146,,,,,,,,,,,,,,,,,,
12/4/2024 17:45,0.2,146,,,,,,,,,,,,,,,,,,
12/4/2024 17:30,0,145,,,,,,,,,,,,,,,,,,
12/4/2024 17:15,0,145,,,,,,,,,,,,,,,,,,
12/4/2024 17:00,0,144,,,,,,,,,,,,,,,,,,
12/4/2024 16:45,0,144,,,,,,,,,,,,,,,,,,
12/4/2024 16:30,0,143,,,,,,,,,,,,,,,,,,
12/4/2024 16:15,0,143,,,,,,,,,,,,,,,,,,
12/4/2024 16:00,0,142,,,,,,,,,,,,,,,,,,
12/4/2024 15:45,0,141,,,,,,,,,,,,,,,,,,
12/4/2024 15:30,0,140,,,,,,,,,,,,,,,,,,
12/4/2024 15:15,0,139,,,,,,,,,,,,,,,,,,
12/4/2024 15:00,0,138,,,,,,,,,,,,,,,,,,
12/4/2024 14:45,0,137,,,,,,,,,,,,,,,,,,
12/4/2024 14:30,0.6,135,,,,,,,,,,,,,,,,,,
12/4/2024 14:15,0,134,,,,,,,,,,,,,,,,,,
12/4/2024 14:00,0,132,,,,,,,,,,,,,,,,,,
12/4/2024 13:45,0,131,,,,,,,,,,,,,,,,,,
12/4/2024 13:30,0,129,,,,,,,,,,,,,,,,,,
12/4/2024 13:15,0,128,,,,,,,,,,,,,,,,,,
12/4/2024 13:00,0.2,127,,,,,,,,,,,,,,,,,,
12/4/2024 12:45,0,125,,,,,,,,,,,,,,,,,,
12/4/2024 12:30,0.2,124,,,,,,,,,,,,,,,,,,
12/4/2024 12:15,0.2,123,,,,,,,,,,,,,,,,,,
12/4/2024 12:00,0,122,,,,,,,,,,,,,,,,,,
12/4/2024 11:45,0,121,,,,,,,,,,,,,,,,,,
12/4/2024 11:30,0,120,,,,,,,,,,,,,,,,,,
12/4/2024 11:15,0,120,,,,,,,,,,,,,,,,,,
12/4/2024 11:00,0,119,,,,,,,,,,,,,,,,,,
12/4/2024 10:45,0.2,118,,,,,,,,,,,,,,,,,,
12/4/2024 10:30,0.4,118,,,,,,,,,,,,,,,,,,
12/4/2024 10:15,0,117,,,,,,,,,,,,,,,,,,
12/4/2024 10:00,0,117,,,,,,,,,,,,,,,,,,
12/4/2024 9:45,0,116,,,,,,,,,,,,,,,,,,
12/4/2024 9:30,0,115,,,,,,,,,,,,,,,,,,
12/4/2024 9:15,0,115,,,,,,,,,,,,,,,,,,
12/4/2024 9:00,0,114,,,,,,,,,,,,,,,,,,
12/4/2024 8:45,0,114,,,,,,,,,,,,,,,,,,
12/4/2024 8:30,0,113,,,,,,,,,,,,,,,,,,
12/4/2024 8:15,0,112,,,,,,,,,,,,,,,,,,
12/4/2024 8:00,0,112,,,,,,,,,,,,,,,,,,
12/4/2024 7:45,0,111,,,,,,,,,,,,,,,,,,
12/4/2024 7:30,0,111,,,,,,,,,,,,,,,,,,
12/4/2024 7:15,0,110,,,,,,,,,,,,,,,,,,
12/4/2024 7:00,0,110,,,,,,,,,,,,,,,,,,
12/4/2024 6:45,0,109,,,,,,,,,,,,,,,,,,
12/4/2024 6:30,0,109,,,,,,,,,,,,,,,,,,
12/4/2024 6:15,0,109,,,,,,,,,,,,,,,,,,
12/4/2024 6:00,0,108,,,,,,,,,,,,,,,,,,
12/4/2024 5:45,0,108,,,,,,,,,,,,,,,,,,
12/4/2024 5:30,0,108,,,,,,,,,,,,,,,,,,
12/4/2024 5:15,0,107,,,,,,,,,,,,,,,,,,
12/4/2024 5:00,0,107,,,,,,,,,,,,,,,,,,
12/4/2024 4:45,0,107,,,,,,,,,,,,,,,,,,
12/4/2024 4:30,0,107,,,,,,,,,,,,,,,,,,
12/4/2024 4:15,0,107,,,,,,,,,,,,,,,,,,
12/4/2024 4:00,0,107,,,,,,,,,,,,,,,,,,
12/4/2024 3:45,0,106,,,,,,,,,,,,,,,,,,
12/4/2024 3:30,0,106,,,,,,,,,,,,,,,,,,
12/4/2024 3:15,0,106,,,,,,,,,,,,,,,,,,
12/4/2024 3:00,0,106,,,,,,,,,,,,,,,,,,
12/4/2024 2:45,0,106,,,,,,,,,,,,,,,,,,
12/4/2024 2:30,0,106,,,,,,,,,,,,,,,,,,
12/4/2024 2:15,0,105,,,,,,,,,,,,,,,,,,
12/4/2024 2:00,0,105,,,,,,,,,,,,,,,,,,
12/4/2024 1:45,0,105,,,,,,,,,,,,,,,,,,
12/4/2024 1:30,0,104,,,,,,,,,,,,,,,,,,
12/4/2024 1:15,0,104,,,,,,,,,,,,,,,,,,
12/4/2024 1:00,0,104,,,,,,,,,,,,,,,,,,
12/4/2024 0:45,0,104,,,,,,,,,,,,,,,,,,
12/4/2024 0:30,0,104,,,,,,,,,,,,,,,,,,
12/4/2024 0:15,0,103,,,,,,,,,,,,,,,,,,
12/4/2024 0:00,0,103,,,,,,,,,,,,,,,,,,
11/4/2024 23:45,0,103,,,,,,,,,,,,,,,,,,
11/4/2024 23:30,0,103,,,,,,,,,,,,,,,,,,
11/4/2024 23:15,0,103,,,,,,,,,,,,,,,,,,
11/4/2024 23:00,0,102,,,,,,,,,,,,,,,,,,
11/4/2024 22:45,0,103,,,,,,,,,,,,,,,,,,
11/4/2024 22:30,0,102,,,,,,,,,,,,,,,,,,
11/4/2024 22:15,0,102,,,,,,,,,,,,,,,,,,
11/4/2024 22:00,0.2,102,,,,,,,,,,,,,,,,,,
11/4/2024 21:45,0,102,,,,,,,,,,,,,,,,,,
11/4/2024 21:30,0,102,,,,,,,,,,,,,,,,,,
11/4/2024 21:15,0,102,,,,,,,,,,,,,,,,,,
11/4/2024 21:00,0.2,102,,,,,,,,,,,,,,,,,,
11/4/2024 20:45,0,103,,,,,,,,,,,,,,,,,,
11/4/2024 20:30,0,103,,,,,,,,,,,,,,,,,,
11/4/2024 20:15,0,103,,,,,,,,,,,,,,,,,,
11/4/2024 20:00,0.2,103,,,,,,,,,,,,,,,,,,
11/4/2024 19:45,0.2,103,,,,,,,,,,,,,,,,,,
11/4/2024 19:30,0,103,,,,,,,,,,,,,,,,,,
11/4/2024 19:15,0.2,103,,,,,,,,,,,,,,,,,,
11/4/2024 19:00,0.2,103,,,,,,,,,,,,,,,,,,
11/4/2024 18:45,0,103,,,,,,,,,,,,,,,,,,
11/4/2024 18:30,0,102,,,,,,,,,,,,,,,,,,
11/4/2024 18:15,0.2,102,,,,,,,,,,,,,,,,,,
11/4/2024 18:00,0,102,,,,,,,,,,,,,,,,,,
11/4/2024 17:45,0,102,,,,,,,,,,,,,,,,,,
11/4/2024 17:30,0,102,,,,,,,,,,,,,,,,,,
11/4/2024 17:15,0,102,,,,,,,,,,,,,,,,,,
11/4/2024 17:00,0.2,102,,,,,,,,,,,,,,,,,,
11/4/2024 16:45,0,102,,,,,,,,,,,,,,,,,,
11/4/2024 16:30,0,101,,,,,,,,,,,,,,,,,,
11/4/2024 16:15,0,101,,,,,,,,,,,,,,,,,,
11/4/2024 16:00,0.2,101,,,,,,,,,,,,,,,,,,
11/4/2024 15:45,0.4,101,,,,,,,,,,,,,,,,,,
11/4/2024 15:30,0.2,101,,,,,,,,,,,,,,,,,,
11/4/2024 15:15,0,101,,,,,,,,,,,,,,,,,,
11/4/2024 15:00,0,101,,,,,,,,,,,,,,,,,,
11/4/2024 14:45,0,101,,,,,,,,,,,,,,,,,,
11/4/2024 14:30,0,101,,,,,,,,,,,,,,,,,,
11/4/2024 14:15,0,101,,,,,,,,,,,,,,,,,,
11/4/2024 14:00,0.2,101,,,,,,,,,,,,,,,,,,
11/4/2024 13:45,0,101,,,,,,,,,,,,,,,,,,
11/4/2024 13:30,0,101,,,,,,,,,,,,,,,,,,
11/4/2024 13:15,0.2,102,,,,,,,,,,,,,,,,,,
11/4/2024 13:00,0,102,,,,,,,,,,,,,,,,,,
11/4/2024 12:45,0,102,,,,,,,,,,,,,,,,,,
11/4/2024 12:30,0,102,,,,,,,,,,,,,,,,,,
11/4/2024 12:15,0,102,,,,,,,,,,,,,,,,,,
11/4/2024 12:00,0,102,,,,,,,,,,,,,,,,,,
11/4/2024 11:45,0,102,,,,,,,,,,,,,,,,,,
11/4/2024 11:30,0,102,,,,,,,,,,,,,,,,,,
11/4/2024 11:15,0,102,,,,,,,,,,,,,,,,,,
11/4/2024 11:00,0,101,,,,,,,,,,,,,,,,,,
11/4/2024 10:45,0,101,,,,,,,,,,,,,,,,,,
11/4/2024 10:30,0,101,,,,,,,,,,,,,,,,,,
11/4/2024 10:15,0,101,,,,,,,,,,,,,,,,,,
11/4/2024 10:00,0,101,,,,,,,,,,,,,,,,,,
11/4/2024 9:45,0,101,,,,,,,,,,,,,,,,,,
11/4/2024 9:30,0,101,,,,,,,,,,,,,,,,,,
11/4/2024 9:15,0,101,,,,,,,,,,,,,,,,,,
11/4/2024 9:00,0,101,,,,,,,,,,,,,,,,,,
11/4/2024 8:45,0,101,,,,,,,,,,,,,,,,,,
11/4/2024 8:30,0,101,,,,,,,,,,,,,,,,,,
11/4/2024 8:15,0,101,,,,,,,,,,,,,,,,,,
11/4/2024 8:00,0,102,,,,,,,,,,,,,,,,,,
11/4/2024 7:45,0,102,,,,,,,,,,,,,,,,,,
11/4/2024 7:30,0.2,102,,,,,,,,,,,,,,,,,,
11/4/2024 7:15,0,102,,,,,,,,,,,,,,,,,,
11/4/2024 7:00,0,102,,,,,,,,,,,,,,,,,,
11/4/2024 6:45,0,102,,,,,,,,,,,,,,,,,,
11/4/2024 6:30,0,102,,,,,,,,,,,,,,,,,,
11/4/2024 6:15,0,102,,,,,,,,,,,,,,,,,,
11/4/2024 6:00,0,103,,,,,,,,,,,,,,,,,,
11/4/2024 5:45,0.4,103,,,,,,,,,,,,,,,,,,
11/4/2024 5:30,0.6,103,,,,,,,,,,,,,,,,,,
11/4/2024 5:15,0.2,102,,,,,,,,,,,,,,,,,,
11/4/2024 5:00,0.4,103,,,,,,,,,,,,,,,,,,
11/4/2024 4:45,0,103,,,,,,,,,,,,,,,,,,
11/4/2024 4:30,0.2,103,,,,,,,,,,,,,,,,,,
11/4/2024 4:15,0.4,103,,,,,,,,,,,,,,,,,,
11/4/2024 4:00,0.2,103,,,,,,,,,,,,,,,,,,
11/4/2024 3:45,0,103,,,,,,,,,,,,,,,,,,
11/4/2024 3:30,0.2,103,,,,,,,,,,,,,,,,,,
11/4/2024 3:15,0,102,,,,,,,,,,,,,,,,,,
11/4/2024 3:00,0,103,,,,,,,,,,,,,,,,,,
11/4/2024 2:45,0,102,,,,,,,,,,,,,,,,,,
11/4/2024 2:30,0,102,,,,,,,,,,,,,,,,,,
11/4/2024 2:15,0,102,,,,,,,,,,,,,,,,,,
11/4/2024 2:00,0,102,,,,,,,,,,,,,,,,,,
11/4/2024 1:45,0,102,,,,,,,,,,,,,,,,,,
11/4/2024 1:30,0,102,,,,,,,,,,,,,,,,,,
11/4/2024 1:15,0,102,,,,,,,,,,,,,,,,,,
11/4/2024 1:00,0,102,,,,,,,,,,,,,,,,,,
11/4/2024 0:45,0,102,,,,,,,,,,,,,,,,,,
11/4/2024 0:30,0,102,,,,,,,,,,,,,,,,,,
11/4/2024 0:15,0,102,,,,,,,,,,,,,,,,,,
11/4/2024 0:00,0,103,,,,,,,,,,,,,,,,,,
10/4/2024 23:45,0,103,,,,,,,,,,,,,,,,,,
10/4/2024 23:30,0,103,,,,,,,,,,,,,,,,,,
10/4/2024 23:15,0,103,,,,,,,,,,,,,,,,,,
10/4/2024 23:00,0,103,,,,,,,,,,,,,,,,,,
10/4/2024 22:45,0,103,,,,,,,,,,,,,,,,,,
10/4/2024 22:30,0,103,,,,,,,,,,,,,,,,,,
10/4/2024 22:15,0,104,,,,,,,,,,,,,,,,,,
10/4/2024 22:00,0,104,,,,,,,,,,,,,,,,,,
10/4/2024 21:45,0,104,,,,,,,,,,,,,,,,,,
10/4/2024 21:30,0,104,,,,,,,,,,,,,,,,,,
10/4/2024 21:15,0,104,,,,,,,,,,,,,,,,,,
10/4/2024 21:00,0,104,,,,,,,,,,,,,,,,,,
10/4/2024 20:45,0,104,,,,,,,,,,,,,,,,,,
10/4/2024 20:30,0,104,,,,,,,,,,,,,,,,,,
10/4/2024 20:15,0,105,,,,,,,,,,,,,,,,,,
10/4/2024 20:00,0,104,,,,,,,,,,,,,,,,,,
10/4/2024 19:45,0,105,,,,,,,,,,,,,,,,,,
10/4/2024 19:30,0,104,,,,,,,,,,,,,,,,,,
10/4/2024 19:15,0,104,,,,,,,,,,,,,,,,,,
10/4/2024 19:00,0,104,,,,,,,,,,,,,,,,,,
10/4/2024 18:45,0,104,,,,,,,,,,,,,,,,,,
10/4/2024 18:30,0,104,,,,,,,,,,,,,,,,,,
10/4/2024 18:15,0,104,,,,,,,,,,,,,,,,,,
10/4/2024 18:00,0,104,,,,,,,,,,,,,,,,,,
10/4/2024 17:45,0,104,,,,,,,,,,,,,,,,,,
10/4/2024 17:30,0,104,,,,,,,,,,,,,,,,,,
10/4/2024 17:15,0,104,,,,,,,,,,,,,,,,,,
10/4/2024 17:00,0,104,,,,,,,,,,,,,,,,,,
10/4/2024 16:45,0,104,,,,,,,,,,,,,,,,,,
10/4/2024 16:30,0,104,,,,,,,,,,,,,,,,,,
10/4/2024 16:15,0,104,,,,,,,,,,,,,,,,,,
10/4/2024 16:00,0,104,,,,,,,,,,,,,,,,,,
10/4/2024 15:45,0,104,,,,,,,,,,,,,,,,,,
10/4/2024 15:30,0,104,,,,,,,,,,,,,,,,,,
10/4/2024 15:15,0,104,,,,,,,,,,,,,,,,,,
10/4/2024 15:00,0,104,,,,,,,,,,,,,,,,,,
10/4/2024 14:45,0,104,,,,,,,,,,,,,,,,,,
10/4/2024 14:30,0,104,,,,,,,,,,,,,,,,,,
10/4/2024 14:15,0,105,,,,,,,,,,,,,,,,,,
10/4/2024 14:00,0,105,,,,,,,,,,,,,,,,,,
10/4/2024 13:45,0,105,,,,,,,,,,,,,,,,,,
10/4/2024 13:30,0,105,,,,,,,,,,,,,,,,,,
10/4/2024 13:15,0,105,,,,,,,,,,,,,,,,,,
10/4/2024 13:00,0,105,,,,,,,,,,,,,,,,,,
10/4/2024 12:45,0,105,,,,,,,,,,,,,,,,,,
10/4/2024 12:30,0,105,,,,,,,,,,,,,,,,,,
10/4/2024 12:15,0,105,,,,,,,,,,,,,,,,,,
10/4/2024 12:00,0,106,,,,,,,,,,,,,,,,,,
10/4/2024 11:45,0,105,,,,,,,,,,,,,,,,,,
10/4/2024 11:30,0,106,,,,,,,,,,,,,,,,,,
10/4/2024 11:15,0,106,,,,,,,,,,,,,,,,,,
10/4/2024 11:00,0,106,,,,,,,,,,,,,,,,,,
10/4/2024 10:45,0,106,,,,,,,,,,,,,,,,,,
10/4/2024 10:30,0,105,,,,,,,,,,,,,,,,,,
10/4/2024 10:15,0,106,,,,,,,,,,,,,,,,,,
10/4/2024 10:00,0,106,,,,,,,,,,,,,,,,,,
10/4/2024 9:45,0,106,,,,,,,,,,,,,,,,,,
10/4/2024 9:30,0,106,,,,,,,,,,,,,,,,,,
10/4/2024 9:15,0,106,,,,,,,,,,,,,,,,,,
10/4/2024 9:00,0,106,,,,,,,,,,,,,,,,,,
10/4/2024 8:45,0,106,,,,,,,,,,,,,,,,,,
10/4/2024 8:30,0,106,,,,,,,,,,,,,,,,,,
10/4/2024 8:15,0,106,,,,,,,,,,,,,,,,,,
10/4/2024 8:00,0,106,,,,,,,,,,,,,,,,,,
10/4/2024 7:45,0,106,,,,,,,,,,,,,,,,,,
10/4/2024 7:30,0,106,,,,,,,,,,,,,,,,,,
10/4/2024 7:15,0,107,,,,,,,,,,,,,,,,,,
10/4/2024 7:00,0,107,,,,,,,,,,,,,,,,,,
10/4/2024 6:45,0,107,,,,,,,,,,,,,,,,,,
10/4/2024 6:30,0,107,,,,,,,,,,,,,,,,,,
10/4/2024 6:15,0,107,,,,,,,,,,,,,,,,,,
10/4/2024 6:00,0,107,,,,,,,,,,,,,,,,,,
10/4/2024 5:45,0,107,,,,,,,,,,,,,,,,,,
10/4/2024 5:30,0,107,,,,,,,,,,,,,,,,,,
10/4/2024 5:15,0,107,,,,,,,,,,,,,,,,,,
10/4/2024 5:00,0,107,,,,,,,,,,,,,,,,,,
10/4/2024 4:45,0,107,,,,,,,,,,,,,,,,,,
10/4/2024 4:30,0,107,,,,,,,,,,,,,,,,,,
10/4/2024 4:15,0,107,,,,,,,,,,,,,,,,,,
10/4/2024 4:00,0,107,,,,,,,,,,,,,,,,,,
10/4/2024 3:45,0,108,,,,,,,,,,,,,,,,,,
10/4/2024 3:30,0,108,,,,,,,,,,,,,,,,,,
10/4/2024 3:15,0,108,,,,,,,,,,,,,,,,,,
10/4/2024 3:00,0,108,,,,,,,,,,,,,,,,,,
10/4/2024 2:45,0,108,,,,,,,,,,,,,,,,,,
10/4/2024 2:30,0,108,,,,,,,,,,,,,,,,,,
10/4/2024 2:15,0,108,,,,,,,,,,,,,,,,,,
10/4/2024 2:00,0,108,,,,,,,,,,,,,,,,,,
10/4/2024 1:45,0,108,,,,,,,,,,,,,,,,,,
10/4/2024 1:30,0,108,,,,,,,,,,,,,,,,,,
10/4/2024 1:15,0,108,,,,,,,,,,,,,,,,,,
10/4/2024 1:00,0,108,,,,,,,,,,,,,,,,,,
10/4/2024 0:45,0,108,,,,,,,,,,,,,,,,,,
10/4/2024 0:30,0,108,,,,,,,,,,,,,,,,,,
10/4/2024 0:15,0,108,,,,,,,,,,,,,,,,,,
10/4/2024 0:00,0,109,,,,,,,,,,,,,,,,,,
9/4/2024 23:45,0,108,,,,,,,,,,,,,,,,,,
9/4/2024 23:30,0,109,,,,,,,,,,,,,,,,,,
9/4/2024 23:15,0,109,,,,,,,,,,,,,,,,,,
9/4/2024 23:00,0,109,,,,,,,,,,,,,,,,,,
9/4/2024 22:45,0,109,,,,,,,,,,,,,,,,,,
9/4/2024 22:30,0,109,,,,,,,,,,,,,,,,,,
9/4/2024 22:15,0,109,,,,,,,,,,,,,,,,,,
9/4/2024 22:00,0,109,,,,,,,,,,,,,,,,,,
9/4/2024 21:45,0,110,,,,,,,,,,,,,,,,,,
9/4/2024 21:30,0,109,,,,,,,,,,,,,,,,,,
9/4/2024 21:15,0,110,,,,,,,,,,,,,,,,,,
9/4/2024 21:00,0,110,,,,,,,,,,,,,,,,,,
9/4/2024 20:45,0,110,,,,,,,,,,,,,,,,,,
9/4/2024 20:30,0,110,,,,,,,,,,,,,,,,,,
9/4/2024 20:15,0,110,,,,,,,,,,,,,,,,,,
9/4/2024 20:00,0,110,,,,,,,,,,,,,,,,,,
9/4/2024 19:45,0,110,,,,,,,,,,,,,,,,,,
9/4/2024 19:30,0,110,,,,,,,,,,,,,,,,,,
9/4/2024 19:15,0,110,,,,,,,,,,,,,,,,,,
9/4/2024 19:00,0,110,,,,,,,,,,,,,,,,,,
9/4/2024 18:45,0,111,,,,,,,,,,,,,,,,,,
9/4/2024 18:30,0,111,,,,,,,,,,,,,,,,,,
9/4/2024 18:15,0,111,,,,,,,,,,,,,,,,,,
9/4/2024 18:00,0,111,,,,,,,,,,,,,,,,,,
9/4/2024 17:45,0,111,,,,,,,,,,,,,,,,,,
9/4/2024 17:30,0,111,,,,,,,,,,,,,,,,,,
9/4/2024 17:15,0,111,,,,,,,,,,,,,,,,,,
9/4/2024 17:00,0,111,,,,,,,,,,,,,,,,,,
9/4/2024 16:45,0,111,,,,,,,,,,,,,,,,,,
9/4/2024 16:30,0,112,,,,,,,,,,,,,,,,,,
9/4/2024 16:15,0,112,,,,,,,,,,,,,,,,,,
9/4/2024 16:00,0,112,,,,,,,,,,,,,,,,,,
9/4/2024 15:45,0,112,,,,,,,,,,,,,,,,,,
9/4/2024 15:30,0,112,,,,,,,,,,,,,,,,,,
9/4/2024 15:15,0,112,,,,,,,,,,,,,,,,,,
9/4/2024 15:00,0,112,,,,,,,,,,,,,,,,,,
9/4/2024 14:45,0,112,,,,,,,,,,,,,,,,,,
9/4/2024 14:30,0,112,,,,,,,,,,,,,,,,,,
9/4/2024 14:15,0,112,,,,,,,,,,,,,,,,,,
9/4/2024 14:00,0,113,,,,,,,,,,,,,,,,,,
9/4/2024 13:45,0,113,,,,,,,,,,,,,,,,,,
9/4/2024 13:30,0,113,,,,,,,,,,,,,,,,,,
9/4/2024 13:15,0,113,,,,,,,,,,,,,,,,,,
9/4/2024 13:00,0,113,,,,,,,,,,,,,,,,,,
9/4/2024 12:45,0,113,,,,,,,,,,,,,,,,,,
9/4/2024 12:30,0,113,,,,,,,,,,,,,,,,,,
9/4/2024 12:15,0,113,,,,,,,,,,,,,,,,,,
9/4/2024 12:00,0,113,,,,,,,,,,,,,,,,,,
9/4/2024 11:45,0,113,,,,,,,,,,,,,,,,,,
9/4/2024 11:30,0,113,,,,,,,,,,,,,,,,,,
9/4/2024 11:15,0,114,,,,,,,,,,,,,,,,,,
9/4/2024 11:00,0,114,,,,,,,,,,,,,,,,,,
9/4/2024 10:45,0,114,,,,,,,,,,,,,,,,,,
9/4/2024 10:30,0,114,,,,,,,,,,,,,,,,,,
9/4/2024 10:15,0,114,,,,,,,,,,,,,,,,,,
9/4/2024 10:00,0,114,,,,,,,,,,,,,,,,,,
9/4/2024 9:45,0,114,,,,,,,,,,,,,,,,,,
9/4/2024 9:30,0,114,,,,,,,,,,,,,,,,,,
9/4/2024 9:15,0,115,,,,,,,,,,,,,,,,,,
9/4/2024 9:00,0,115,,,,,,,,,,,,,,,,,,
9/4/2024 8:45,0,115,,,,,,,,,,,,,,,,,,
9/4/2024 8:30,0,115,,,,,,,,,,,,,,,,,,
9/4/2024 8:15,0,115,,,,,,,,,,,,,,,,,,
9/4/2024 8:00,0,115,,,,,,,,,,,,,,,,,,
9/4/2024 7:45,0,115,,,,,,,,,,,,,,,,,,
9/4/2024 7:30,0,115,,,,,,,,,,,,,,,,,,
9/4/2024 7:15,0,115,,,,,,,,,,,,,,,,,,
9/4/2024 7:00,0,116,,,,,,,,,,,,,,,,,,
9/4/2024 6:45,0,116,,,,,,,,,,,,,,,,,,
9/4/2024 6:30,0,116,,,,,,,,,,,,,,,,,,
9/4/2024 6:15,0,116,,,,,,,,,,,,,,,,,,
9/4/2024 6:00,0,116,,,,,,,,,,,,,,,,,,
9/4/2024 5:45,0,116,,,,,,,,,,,,,,,,,,
9/4/2024 5:30,0,116,,,,,,,,,,,,,,,,,,
9/4/2024 5:15,0,116,,,,,,,,,,,,,,,,,,
9/4/2024 5:00,0,116,,,,,,,,,,,,,,,,,,
9/4/2024 4:45,0,116,,,,,,,,,,,,,,,,,,
9/4/2024 4:30,0,117,,,,,,,,,,,,,,,,,,
9/4/2024 4:15,0,117,,,,,,,,,,,,,,,,,,
9/4/2024 4:00,0,117,,,,,,,,,,,,,,,,,,
9/4/2024 3:45,0,117,,,,,,,,,,,,,,,,,,
9/4/2024 3:30,0,117,,,,,,,,,,,,,,,,,,
9/4/2024 3:15,0,117,,,,,,,,,,,,,,,,,,
9/4/2024 3:00,0,117,,,,,,,,,,,,,,,,,,
9/4/2024 2:45,0,118,,,,,,,,,,,,,,,,,,
9/4/2024 2:30,0,118,,,,,,,,,,,,,,,,,,
9/4/2024 2:15,0,118,,,,,,,,,,,,,,,,,,
9/4/2024 2:00,0,118,,,,,,,,,,,,,,,,,,
9/4/2024 1:45,0,118,,,,,,,,,,,,,,,,,,
9/4/2024 1:30,0,118,,,,,,,,,,,,,,,,,,
9/4/2024 1:15,0,118,,,,,,,,,,,,,,,,,,
9/4/2024 1:00,0,118,,,,,,,,,,,,,,,,,,
9/4/2024 0:45,0,118,,,,,,,,,,,,,,,,,,
9/4/2024 0:30,0,119,,,,,,,,,,,,,,,,,,
9/4/2024 0:15,0,119,,,,,,,,,,,,,,,,,,
9/4/2024 0:00,0,119,,,,,,,,,,,,,,,,,,
8/4/2024 23:45,0,119,,,,,,,,,,,,,,,,,,
8/4/2024 23:30,0,119,,,,,,,,,,,,,,,,,,
8/4/2024 23:15,0,120,,,,,,,,,,,,,,,,,,
8/4/2024 23:00,0,120,,,,,,,,,,,,,,,,,,
8/4/2024 22:45,0,120,,,,,,,,,,,,,,,,,,
8/4/2024 22:30,0,120,,,,,,,,,,,,,,,,,,
8/4/2024 22:15,0,120,,,,,,,,,,,,,,,,,,
8/4/2024 22:00,0,121,,,,,,,,,,,,,,,,,,
8/4/2024 21:45,0,121,,,,,,,,,,,,,,,,,,
8/4/2024 21:30,0,121,,,,,,,,,,,,,,,,,,
8/4/2024 21:15,0,121,,,,,,,,,,,,,,,,,,
8/4/2024 21:00,0,121,,,,,,,,,,,,,,,,,,
8/4/2024 20:45,0,122,,,,,,,,,,,,,,,,,,
8/4/2024 20:30,0,122,,,,,,,,,,,,,,,,,,
8/4/2024 20:15,0,122,,,,,,,,,,,,,,,,,,
8/4/2024 20:00,0,122,,,,,,,,,,,,,,,,,,
8/4/2024 19:45,0,123,,,,,,,,,,,,,,,,,,
8/4/2024 19:30,0,123,,,,,,,,,,,,,,,,,,
8/4/2024 19:15,0,123,,,,,,,,,,,,,,,,,,
8/4/2024 19:00,0,123,,,,,,,,,,,,,,,,,,
8/4/2024 18:45,0,123,,,,,,,,,,,,,,,,,,
8/4/2024 18:30,0,124,,,,,,,,,,,,,,,,,,
8/4/2024 18:15,0,124,,,,,,,,,,,,,,,,,,
8/4/2024 18:00,0,124,,,,,,,,,,,,,,,,,,
8/4/2024 17:45,0,124,,,,,,,,,,,,,,,,,,
8/4/2024 17:30,0,124,,,,,,,,,,,,,,,,,,
8/4/2024 17:15,0,124,,,,,,,,,,,,,,,,,,
8/4/2024 17:00,0,124,,,,,,,,,,,,,,,,,,
8/4/2024 16:45,0,124,,,,,,,,,,,,,,,,,,
8/4/2024 16:30,0,125,,,,,,,,,,,,,,,,,,
8/4/2024 16:15,0,125,,,,,,,,,,,,,,,,,,
8/4/2024 16:00,0,124,,,,,,,,,,,,,,,,,,
8/4/2024 15:45,0,125,,,,,,,,,,,,,,,,,,
8/4/2024 15:30,0,125,,,,,,,,,,,,,,,,,,
8/4/2024 15:15,0,124,,,,,,,,,,,,,,,,,,
8/4/2024 15:00,0,124,,,,,,,,,,,,,,,,,,
8/4/2024 14:45,0,124,,,,,,,,,,,,,,,,,,
8/4/2024 14:30,0,124,,,,,,,,,,,,,,,,,,
8/4/2024 14:15,0,124,,,,,,,,,,,,,,,,,,
8/4/2024 14:00,0,124,,,,,,,,,,,,,,,,,,
8/4/2024 13:45,0,123,,,,,,,,,,,,,,,,,,
8/4/2024 13:30,0,123,,,,,,,,,,,,,,,,,,
8/4/2024 13:15,0,123,,,,,,,,,,,,,,,,,,
8/4/2024 13:00,0,123,,,,,,,,,,,,,,,,,,
8/4/2024 12:45,0,123,,,,,,,,,,,,,,,,,,
8/4/2024 12:30,0,123,,,,,,,,,,,,,,,,,,
8/4/2024 12:15,0,123,,,,,,,,,,,,,,,,,,
8/4/2024 12:00,0,122,,,,,,,,,,,,,,,,,,
8/4/2024 11:45,0,122,,,,,,,,,,,,,,,,,,
8/4/2024 11:30,0,122,,,,,,,,,,,,,,,,,,
8/4/2024 11:15,0,122,,,,,,,,,,,,,,,,,,
8/4/2024 11:00,0,121,,,,,,,,,,,,,,,,,,
8/4/2024 10:45,0,121,,,,,,,,,,,,,,,,,,
8/4/2024 10:30,0,121,,,,,,,,,,,,,,,,,,
8/4/2024 10:15,0,120,,,,,,,,,,,,,,,,,,
8/4/2024 10:00,0,121,,,,,,,,,,,,,,,,,,
8/4/2024 9:45,0,120,,,,,,,,,,,,,,,,,,
8/4/2024 9:30,0,120,,,,,,,,,,,,,,,,,,
8/4/2024 9:15,0,120,,,,,,,,,,,,,,,,,,
8/4/2024 9:00,0,120,,,,,,,,,,,,,,,,,,
8/4/2024 8:45,0,120,,,,,,,,,,,,,,,,,,
8/4/2024 8:30,0,120,,,,,,,,,,,,,,,,,,
8/4/2024 8:15,0,119,,,,,,,,,,,,,,,,,,
8/4/2024 8:00,0,119,,,,,,,,,,,,,,,,,,
8/4/2024 7:45,0,119,,,,,,,,,,,,,,,,,,
8/4/2024 7:30,0,119,,,,,,,,,,,,,,,,,,
8/4/2024 7:15,0,119,,,,,,,,,,,,,,,,,,
8/4/2024 7:00,0,118,,,,,,,,,,,,,,,,,,
8/4/2024 6:45,0,118,,,,,,,,,,,,,,,,,,
8/4/2024 6:30,0,118,,,,,,,,,,,,,,,,,,
8/4/2024 6:15,0,118,,,,,,,,,,,,,,,,,,
8/4/2024 6:00,0,118,,,,,,,,,,,,,,,,,,
8/4/2024 5:45,0,117,,,,,,,,,,,,,,,,,,
8/4/2024 5:30,0,118,,,,,,,,,,,,,,,,,,
8/4/2024 5:15,0,117,,,,,,,,,,,,,,,,,,
8/4/2024 5:00,0.2,117,,,,,,,,,,,,,,,,,,
8/4/2024 4:45,0,117,,,,,,,,,,,,,,,,,,
8/4/2024 4:30,0,117,,,,,,,,,,,,,,,,,,
8/4/2024 4:15,0,117,,,,,,,,,,,,,,,,,,
8/4/2024 4:00,0,117,,,,,,,,,,,,,,,,,,
8/4/2024 3:45,0,117,,,,,,,,,,,,,,,,,,
8/4/2024 3:30,0,117,,,,,,,,,,,,,,,,,,
8/4/2024 3:15,0,117,,,,,,,,,,,,,,,,,,
8/4/2024 3:00,0,117,,,,,,,,,,,,,,,,,,
8/4/2024 2:45,0,117,,,,,,,,,,,,,,,,,,
8/4/2024 2:30,0,117,,,,,,,,,,,,,,,,,,
8/4/2024 2:15,0,117,,,,,,,,,,,,,,,,,,
8/4/2024 2:00,0,116,,,,,,,,,,,,,,,,,,
8/4/2024 1:45,0,116,,,,,,,,,,,,,,,,,,
8/4/2024 1:30,0,116,,,,,,,,,,,,,,,,,,
8/4/2024 1:15,0,116,,,,,,,,,,,,,,,,,,
8/4/2024 1:00,0,116,,,,,,,,,,,,,,,,,,
8/4/2024 0:45,0,116,,,,,,,,,,,,,,,,,,
8/4/2024 0:30,0,116,,,,,,,,,,,,,,,,,,
8/4/2024 0:15,0,116,,,,,,,,,,,,,,,,,,
8/4/2024 0:00,0,115,,,,,,,,,,,,,,,,,,
7/4/2024 23:45,0,115,,,,,,,,,,,,,,,,,,
7/4/2024 23:30,0,115,,,,,,,,,,,,,,,,,,
7/4/2024 23:15,0,115,,,,,,,,,,,,,,,,,,
7/4/2024 23:00,0,114,,,,,,,,,,,,,,,,,,
7/4/2024 22:45,0,114,,,,,,,,,,,,,,,,,,
7/4/2024 22:30,0,114,,,,,,,,,,,,,,,,,,
7/4/2024 22:15,0,114,,,,,,,,,,,,,,,,,,
7/4/2024 22:00,0,114,,,,,,,,,,,,,,,,,,
7/4/2024 21:45,0,114,,,,,,,,,,,,,,,,,,
7/4/2024 21:30,0,114,,,,,,,,,,,,,,,,,,
7/4/2024 21:15,0,113,,,,,,,,,,,,,,,,,,
7/4/2024 21:00,0,113,,,,,,,,,,,,,,,,,,
7/4/2024 20:45,0,113,,,,,,,,,,,,,,,,,,
7/4/2024 20:30,0,113,,,,,,,,,,,,,,,,,,
7/4/2024 20:15,0,113,,,,,,,,,,,,,,,,,,
7/4/2024 20:00,0,113,,,,,,,,,,,,,,,,,,
7/4/2024 19:45,0,113,,,,,,,,,,,,,,,,,,
7/4/2024 19:30,0.2,113,,,,,,,,,,,,,,,,,,
7/4/2024 19:15,0.4,112,,,,,,,,,,,,,,,,,,
7/4/2024 19:00,0.2,112,,,,,,,,,,,,,,,,,,
7/4/2024 18:45,0.2,112,,,,,,,,,,,,,,,,,,
7/4/2024 18:30,0,112,,,,,,,,,,,,,,,,,,
7/4/2024 18:15,0,112,,,,,,,,,,,,,,,,,,
7/4/2024 18:00,0.2,112,,,,,,,,,,,,,,,,,,
7/4/2024 17:45,0.2,111,,,,,,,,,,,,,,,,,,
7/4/2024 17:30,0.6,111,,,,,,,,,,,,,,,,,,
7/4/2024 17:15,0.2,111,,,,,,,,,,,,,,,,,,
7/4/2024 17:00,0,111,,,,,,,,,,,,,,,,,,
7/4/2024 16:45,0,111,,,,,,,,,,,,,,,,,,
7/4/2024 16:30,0,111,,,,,,,,,,,,,,,,,,
7/4/2024 16:15,0,111,,,,,,,,,,,,,,,,,,
7/4/2024 16:00,0,111,,,,,,,,,,,,,,,,,,
7/4/2024 15:45,0,111,,,,,,,,,,,,,,,,,,
7/4/2024 15:30,0,111,,,,,,,,,,,,,,,,,,
7/4/2024 15:15,0,111,,,,,,,,,,,,,,,,,,
7/4/2024 15:00,0,111,,,,,,,,,,,,,,,,,,
7/4/2024 14:45,0,111,,,,,,,,,,,,,,,,,,
7/4/2024 14:30,0,111,,,,,,,,,,,,,,,,,,
7/4/2024 14:15,0,111,,,,,,,,,,,,,,,,,,
7/4/2024 14:00,0,111,,,,,,,,,,,,,,,,,,
7/4/2024 13:45,0,111,,,,,,,,,,,,,,,,,,
7/4/2024 13:30,0,112,,,,,,,,,,,,,,,,,,
7/4/2024 13:15,0,112,,,,,,,,,,,,,,,,,,
7/4/2024 13:00,0,112,,,,,,,,,,,,,,,,,,
7/4/2024 12:45,0,112,,,,,,,,,,,,,,,,,,
7/4/2024 12:30,0,112,,,,,,,,,,,,,,,,,,
7/4/2024 12:15,0,112,,,,,,,,,,,,,,,,,,
7/4/2024 12:00,0,112,,,,,,,,,,,,,,,,,,
7/4/2024 11:45,0,112,,,,,,,,,,,,,,,,,,
7/4/2024 11:30,0,112,,,,,,,,,,,,,,,,,,
7/4/2024 11:15,0,112,,,,,,,,,,,,,,,,,,
7/4/2024 11:00,0,112,,,,,,,,,,,,,,,,,,
7/4/2024 10:45,0,112,,,,,,,,,,,,,,,,,,
7/4/2024 10:30,0,113,,,,,,,,,,,,,,,,,,
7/4/2024 10:15,0,113,,,,,,,,,,,,,,,,,,
7/4/2024 10:00,0,113,,,,,,,,,,,,,,,,,,
7/4/2024 9:45,0,113,,,,,,,,,,,,,,,,,,
7/4/2024 9:30,0,113,,,,,,,,,,,,,,,,,,
7/4/2024 9:15,0,113,,,,,,,,,,,,,,,,,,
7/4/2024 9:00,0,114,,,,,,,,,,,,,,,,,,
7/4/2024 8:45,0.6,114,,,,,,,,,,,,,,,,,,
7/4/2024 8:30,0.6,114,,,,,,,,,,,,,,,,,,
7/4/2024 8:15,0.6,114,,,,,,,,,,,,,,,,,,
7/4/2024 8:00,1,114,,,,,,,,,,,,,,,,,,
7/4/2024 7:45,0.4,114,,,,,,,,,,,,,,,,,,
7/4/2024 7:30,0.4,114,,,,,,,,,,,,,,,,,,
7/4/2024 7:15,0.4,114,,,,,,,,,,,,,,,,,,
7/4/2024 7:00,0.8,115,,,,,,,,,,,,,,,,,,
7/4/2024 6:45,0.2,115,,,,,,,,,,,,,,,,,,
7/4/2024 6:30,0,115,,,,,,,,,,,,,,,,,,
7/4/2024 6:15,0,115,,,,,,,,,,,,,,,,,,
7/4/2024 6:00,0,115,,,,,,,,,,,,,,,,,,
7/4/2024 5:45,0,115,,,,,,,,,,,,,,,,,,
7/4/2024 5:30,0,116,,,,,,,,,,,,,,,,,,
7/4/2024 5:15,0,116,,,,,,,,,,,,,,,,,,
7/4/2024 5:00,0,116,,,,,,,,,,,,,,,,,,
7/4/2024 4:45,0,116,,,,,,,,,,,,,,,,,,
7/4/2024 4:30,0,116,,,,,,,,,,,,,,,,,,
7/4/2024 4:15,0,117,,,,,,,,,,,,,,,,,,
7/4/2024 4:00,0,117,,,,,,,,,,,,,,,,,,
7/4/2024 3:45,0,117,,,,,,,,,,,,,,,,,,
7/4/2024 3:30,0,117,,,,,,,,,,,,,,,,,,
7/4/2024 3:15,0,117,,,,,,,,,,,,,,,,,,
7/4/2024 3:00,0,117,,,,,,,,,,,,,,,,,,
7/4/2024 2:45,0,117,,,,,,,,,,,,,,,,,,
7/4/2024 2:30,0,118,,,,,,,,,,,,,,,,,,
7/4/2024 2:15,0,118,,,,,,,,,,,,,,,,,,
7/4/2024 2:00,0,118,,,,,,,,,,,,,,,,,,
7/4/2024 1:45,0,118,,,,,,,,,,,,,,,,,,
7/4/2024 1:30,0,117,,,,,,,,,,,,,,,,,,
7/4/2024 1:15,0,118,,,,,,,,,,,,,,,,,,
7/4/2024 1:00,0,118,,,,,,,,,,,,,,,,,,
7/4/2024 0:45,0,117,,,,,,,,,,,,,,,,,,
7/4/2024 0:30,0,118,,,,,,,,,,,,,,,,,,
7/4/2024 0:15,0,118,,,,,,,,,,,,,,,,,,
7/4/2024 0:00,0,117,,,,,,,,,,,,,,,,,,
6/4/2024 23:45,0,117,,,,,,,,,,,,,,,,,,
6/4/2024 23:30,0,117,,,,,,,,,,,,,,,,,,
6/4/2024 23:15,0,117,,,,,,,,,,,,,,,,,,
6/4/2024 23:00,0,117,,,,,,,,,,,,,,,,,,
6/4/2024 22:45,0,116,,,,,,,,,,,,,,,,,,
6/4/2024 22:30,0,116,,,,,,,,,,,,,,,,,,
6/4/2024 22:15,0,116,,,,,,,,,,,,,,,,,,
6/4/2024 22:00,0,115,,,,,,,,,,,,,,,,,,
6/4/2024 21:45,0,115,,,,,,,,,,,,,,,,,,
6/4/2024 21:30,0,115,,,,,,,,,,,,,,,,,,
6/4/2024 21:15,0,115,,,,,,,,,,,,,,,,,,
6/4/2024 21:00,0,114,,,,,,,,,,,,,,,,,,
6/4/2024 20:45,0,114,,,,,,,,,,,,,,,,,,
6/4/2024 20:30,0,114,,,,,,,,,,,,,,,,,,
6/4/2024 20:15,0,114,,,,,,,,,,,,,,,,,,
6/4/2024 20:00,0,113,,,,,,,,,,,,,,,,,,
6/4/2024 19:45,0,113,,,,,,,,,,,,,,,,,,
6/4/2024 19:30,0,113,,,,,,,,,,,,,,,,,,
6/4/2024 19:15,0,113,,,,,,,,,,,,,,,,,,
6/4/2024 19:00,0,113,,,,,,,,,,,,,,,,,,
6/4/2024 18:45,0,113,,,,,,,,,,,,,,,,,,
6/4/2024 18:30,0,112,,,,,,,,,,,,,,,,,,
6/4/2024 18:15,0,112,,,,,,,,,,,,,,,,,,
6/4/2024 18:00,0,112,,,,,,,,,,,,,,,,,,
6/4/2024 17:45,0,112,,,,,,,,,,,,,,,,,,
6/4/2024 17:30,0,112,,,,,,,,,,,,,,,,,,
6/4/2024 17:15,0,112,,,,,,,,,,,,,,,,,,
6/4/2024 17:00,0,112,,,,,,,,,,,,,,,,,,
6/4/2024 16:45,0,112,,,,,,,,,,,,,,,,,,
6/4/2024 16:30,0,113,,,,,,,,,,,,,,,,,,
6/4/2024 16:15,0,112,,,,,,,,,,,,,,,,,,
6/4/2024 16:00,0,113,,,,,,,,,,,,,,,,,,
6/4/2024 15:45,0,113,,,,,,,,,,,,,,,,,,
6/4/2024 15:30,0,113,,,,,,,,,,,,,,,,,,
6/4/2024 15:15,0,113,,,,,,,,,,,,,,,,,,
6/4/2024 15:00,0,113,,,,,,,,,,,,,,,,,,
6/4/2024 14:45,0,113,,,,,,,,,,,,,,,,,,
6/4/2024 14:30,0,113,,,,,,,,,,,,,,,,,,
6/4/2024 14:15,0,113,,,,,,,,,,,,,,,,,,
6/4/2024 14:00,0,113,,,,,,,,,,,,,,,,,,
6/4/2024 13:45,0,113,,,,,,,,,,,,,,,,,,
6/4/2024 13:30,0,113,,,,,,,,,,,,,,,,,,
6/4/2024 13:15,0,113,,,,,,,,,,,,,,,,,,
6/4/2024 13:00,0,113,,,,,,,,,,,,,,,,,,
6/4/2024 12:45,0,113,,,,,,,,,,,,,,,,,,
6/4/2024 12:30,0,113,,,,,,,,,,,,,,,,,,
6/4/2024 12:15,0,113,,,,,,,,,,,,,,,,,,
6/4/2024 12:00,0,113,,,,,,,,,,,,,,,,,,
6/4/2024 11:45,0,113,,,,,,,,,,,,,,,,,,
6/4/2024 11:30,0,113,,,,,,,,,,,,,,,,,,
6/4/2024 11:15,0,113,,,,,,,,,,,,,,,,,,
6/4/2024 11:00,0,113,,,,,,,,,,,,,,,,,,
6/4/2024 10:45,0,113,,,,,,,,,,,,,,,,,,
6/4/2024 10:30,0,114,,,,,,,,,,,,,,,,,,
6/4/2024 10:15,0,114,,,,,,,,,,,,,,,,,,
6/4/2024 10:00,0,114,,,,,,,,,,,,,,,,,,
6/4/2024 9:45,0,114,,,,,,,,,,,,,,,,,,
6/4/2024 9:30,0,114,,,,,,,,,,,,,,,,,,
6/4/2024 9:15,0.2,114,,,,,,,,,,,,,,,,,,
6/4/2024 9:00,0,114,,,,,,,,,,,,,,,,,,
6/4/2024 8:45,0,114,,,,,,,,,,,,,,,,,,
6/4/2024 8:30,0,114,,,,,,,,,,,,,,,,,,
6/4/2024 8:15,0,114,,,,,,,,,,,,,,,,,,
6/4/2024 8:00,0,114,,,,,,,,,,,,,,,,,,
6/4/2024 7:45,0,114,,,,,,,,,,,,,,,,,,
6/4/2024 7:30,0,114,,,,,,,,,,,,,,,,,,
6/4/2024 7:15,0,114,,,,,,,,,,,,,,,,,,
6/4/2024 7:00,0,114,,,,,,,,,,,,,,,,,,
6/4/2024 6:45,0,114,,,,,,,,,,,,,,,,,,
6/4/2024 6:30,0,114,,,,,,,,,,,,,,,,,,
6/4/2024 6:15,0,114,,,,,,,,,,,,,,,,,,
6/4/2024 6:00,0,114,,,,,,,,,,,,,,,,,,
6/4/2024 5:45,0,115,,,,,,,,,,,,,,,,,,
6/4/2024 5:30,0,114,,,,,,,,,,,,,,,,,,
6/4/2024 5:15,0,115,,,,,,,,,,,,,,,,,,
6/4/2024 5:00,0,114,,,,,,,,,,,,,,,,,,
6/4/2024 4:45,0,115,,,,,,,,,,,,,,,,,,
6/4/2024 4:30,0,115,,,,,,,,,,,,,,,,,,
6/4/2024 4:15,0,115,,,,,,,,,,,,,,,,,,
6/4/2024 4:00,0,115,,,,,,,,,,,,,,,,,,
6/4/2024 3:45,0,115,,,,,,,,,,,,,,,,,,
6/4/2024 3:30,0,115,,,,,,,,,,,,,,,,,,
6/4/2024 3:15,0,115,,,,,,,,,,,,,,,,,,
6/4/2024 3:00,0,115,,,,,,,,,,,,,,,,,,
6/4/2024 2:45,0,115,,,,,,,,,,,,,,,,,,
6/4/2024 2:30,0,115,,,,,,,,,,,,,,,,,,
6/4/2024 2:15,0,115,,,,,,,,,,,,,,,,,,
6/4/2024 2:00,0,115,,,,,,,,,,,,,,,,,,
6/4/2024 1:45,0,115,,,,,,,,,,,,,,,,,,
6/4/2024 1:30,0,115,,,,,,,,,,,,,,,,,,
6/4/2024 1:15,0,115,,,,,,,,,,,,,,,,,,
6/4/2024 1:00,0,115,,,,,,,,,,,,,,,,,,
6/4/2024 0:45,0,115,,,,,,,,,,,,,,,,,,
6/4/2024 0:30,0.2,115,,,,,,,,,,,,,,,,,,
6/4/2024 0:15,0,116,,,,,,,,,,,,,,,,,,
6/4/2024 0:00,0,115,,,,,,,,,,,,,,,,,,
5/4/2024 23:45,0,116,,,,,,,,,,,,,,,,,,
5/4/2024 23:30,0,116,,,,,,,,,,,,,,,,,,
5/4/2024 23:15,0,116,,,,,,,,,,,,,,,,,,
5/4/2024 23:00,0,116,,,,,,,,,,,,,,,,,,
5/4/2024 22:45,0,116,,,,,,,,,,,,,,,,,,
5/4/2024 22:30,0,116,,,,,,,,,,,,,,,,,,
5/4/2024 22:15,0,116,,,,,,,,,,,,,,,,,,
5/4/2024 22:00,0,116,,,,,,,,,,,,,,,,,,
5/4/2024 21:45,0,116,,,,,,,,,,,,,,,,,,
5/4/2024 21:30,0,116,,,,,,,,,,,,,,,,,,
5/4/2024 21:15,0,116,,,,,,,,,,,,,,,,,,
5/4/2024 21:00,0,116,,,,,,,,,,,,,,,,,,
5/4/2024 20:45,0,117,,,,,,,,,,,,,,,,,,
5/4/2024 20:30,0,117,,,,,,,,,,,,,,,,,,
5/4/2024 20:15,0,117,,,,,,,,,,,,,,,,,,
5/4/2024 20:00,0,117,,,,,,,,,,,,,,,,,,
5/4/2024 19:45,0,117,,,,,,,,,,,,,,,,,,
5/4/2024 19:30,0,117,,,,,,,,,,,,,,,,,,
5/4/2024 19:15,0,117,,,,,,,,,,,,,,,,,,
5/4/2024 19:00,0,117,,,,,,,,,,,,,,,,,,
5/4/2024 18:45,0,117,,,,,,,,,,,,,,,,,,
5/4/2024 18:30,0,118,,,,,,,,,,,,,,,,,,
5/4/2024 18:15,0,118,,,,,,,,,,,,,,,,,,
5/4/2024 18:00,0,118,,,,,,,,,,,,,,,,,,
5/4/2024 17:45,0,118,,,,,,,,,,,,,,,,,,
5/4/2024 17:30,0,118,,,,,,,,,,,,,,,,,,
5/4/2024 17:15,0,118,,,,,,,,,,,,,,,,,,
5/4/2024 17:00,0,118,,,,,,,,,,,,,,,,,,
5/4/2024 16:45,0,119,,,,,,,,,,,,,,,,,,
5/4/2024 16:30,0,118,,,,,,,,,,,,,,,,,,
5/4/2024 16:15,0.4,119,,,,,,,,,,,,,,,,,,
5/4/2024 16:00,0,119,,,,,,,,,,,,,,,,,,
5/4/2024 15:45,0,119,,,,,,,,,,,,,,,,,,
5/4/2024 15:30,0,119,,,,,,,,,,,,,,,,,,
5/4/2024 15:15,0.2,119,,,,,,,,,,,,,,,,,,
5/4/2024 15:00,0,119,,,,,,,,,,,,,,,,,,
5/4/2024 14:45,0,119,,,,,,,,,,,,,,,,,,
5/4/2024 14:30,0,119,,,,,,,,,,,,,,,,,,
5/4/2024 14:15,0,119,,,,,,,,,,,,,,,,,,
5/4/2024 14:00,0,119,,,,,,,,,,,,,,,,,,
5/4/2024 13:45,0,120,,,,,,,,,,,,,,,,,,
5/4/2024 13:30,0,120,,,,,,,,,,,,,,,,,,
5/4/2024 13:15,0,120,,,,,,,,,,,,,,,,,,
5/4/2024 13:00,0,120,,,,,,,,,,,,,,,,,,
5/4/2024 12:45,0,120,,,,,,,,,,,,,,,,,,
5/4/2024 12:30,0,120,,,,,,,,,,,,,,,,,,
5/4/2024 12:15,0,120,,,,,,,,,,,,,,,,,,
5/4/2024 12:00,0,120,,,,,,,,,,,,,,,,,,
5/4/2024 11:45,0,120,,,,,,,,,,,,,,,,,,
5/4/2024 11:30,0,121,,,,,,,,,,,,,,,,,,
5/4/2024 11:15,0,121,,,,,,,,,,,,,,,,,,
5/4/2024 11:00,0,121,,,,,,,,,,,,,,,,,,
5/4/2024 10:45,0,121,,,,,,,,,,,,,,,,,,
5/4/2024 10:30,0,121,,,,,,,,,,,,,,,,,,
5/4/2024 10:15,0,121,,,,,,,,,,,,,,,,,,
5/4/2024 10:00,0,121,,,,,,,,,,,,,,,,,,
5/4/2024 9:45,0,121,,,,,,,,,,,,,,,,,,
5/4/2024 9:30,0,121,,,,,,,,,,,,,,,,,,
5/4/2024 9:15,0.2,122,,,,,,,,,,,,,,,,,,
5/4/2024 9:00,0,122,,,,,,,,,,,,,,,,,,
5/4/2024 8:45,0,122,,,,,,,,,,,,,,,,,,
5/4/2024 8:30,0,122,,,,,,,,,,,,,,,,,,
5/4/2024 8:15,0,122,,,,,,,,,,,,,,,,,,
5/4/2024 8:00,0,122,,,,,,,,,,,,,,,,,,
5/4/2024 7:45,0,122,,,,,,,,,,,,,,,,,,
5/4/2024 7:30,0,122,,,,,,,,,,,,,,,,,,
5/4/2024 7:15,0,122,,,,,,,,,,,,,,,,,,
5/4/2024 7:00,0,122,,,,,,,,,,,,,,,,,,
5/4/2024 6:45,0,123,,,,,,,,,,,,,,,,,,
5/4/2024 6:30,0,123,,,,,,,,,,,,,,,,,,
5/4/2024 6:15,0,123,,,,,,,,,,,,,,,,,,
5/4/2024 6:00,0,123,,,,,,,,,,,,,,,,,,
5/4/2024 5:45,0,123,,,,,,,,,,,,,,,,,,
5/4/2024 5:30,0,123,,,,,,,,,,,,,,,,,,
5/4/2024 5:15,0,123,,,,,,,,,,,,,,,,,,
5/4/2024 5:00,0,123,,,,,,,,,,,,,,,,,,
5/4/2024 4:45,0,123,,,,,,,,,,,,,,,,,,
5/4/2024 4:30,0,124,,,,,,,,,,,,,,,,,,
5/4/2024 4:15,0,124,,,,,,,,,,,,,,,,,,
5/4/2024 4:00,0,124,,,,,,,,,,,,,,,,,,
5/4/2024 3:45,0,124,,,,,,,,,,,,,,,,,,
5/4/2024 3:30,0,124,,,,,,,,,,,,,,,,,,
5/4/2024 3:15,0,124,,,,,,,,,,,,,,,,,,
5/4/2024 3:00,0,124,,,,,,,,,,,,,,,,,,
5/4/2024 2:45,0,124,,,,,,,,,,,,,,,,,,
5/4/2024 2:30,0,125,,,,,,,,,,,,,,,,,,
5/4/2024 2:15,0,124,,,,,,,,,,,,,,,,,,
5/4/2024 2:00,0,125,,,,,,,,,,,,,,,,,,
5/4/2024 1:45,0,125,,,,,,,,,,,,,,,,,,
5/4/2024 1:30,0,125,,,,,,,,,,,,,,,,,,
5/4/2024 1:15,0,125,,,,,,,,,,,,,,,,,,
5/4/2024 1:00,0,125,,,,,,,,,,,,,,,,,,
5/4/2024 0:45,0,125,,,,,,,,,,,,,,,,,,
5/4/2024 0:30,0,126,,,,,,,,,,,,,,,,,,
5/4/2024 0:15,0,126,,,,,,,,,,,,,,,,,,
5/4/2024 0:00,0,126,,,,,,,,,,,,,,,,,,
4/4/2024 23:45,0,126,,,,,,,,,,,,,,,,,,
4/4/2024 23:30,0,126,,,,,,,,,,,,,,,,,,
4/4/2024 23:15,0,126,,,,,,,,,,,,,,,,,,
4/4/2024 23:00,0,126,,,,,,,,,,,,,,,,,,
4/4/2024 22:45,0,126,,,,,,,,,,,,,,,,,,
4/4/2024 22:30,0,127,,,,,,,,,,,,,,,,,,
4/4/2024 22:15,0,127,,,,,,,,,,,,,,,,,,
4/4/2024 22:00,0,127,,,,,,,,,,,,,,,,,,
4/4/2024 21:45,0,127,,,,,,,,,,,,,,,,,,
4/4/2024 21:30,0,127,,,,,,,,,,,,,,,,,,
4/4/2024 21:15,0,128,,,,,,,,,,,,,,,,,,
4/4/2024 21:00,0,128,,,,,,,,,,,,,,,,,,
4/4/2024 20:45,0,128,,,,,,,,,,,,,,,,,,
4/4/2024 20:30,0,128,,,,,,,,,,,,,,,,,,
4/4/2024 20:15,0,128,,,,,,,,,,,,,,,,,,
4/4/2024 20:00,0,128,,,,,,,,,,,,,,,,,,
4/4/2024 19:45,0,129,,,,,,,,,,,,,,,,,,
4/4/2024 19:30,0,129,,,,,,,,,,,,,,,,,,
4/4/2024 19:15,0,129,,,,,,,,,,,,,,,,,,
4/4/2024 19:00,0,129,,,,,,,,,,,,,,,,,,
4/4/2024 18:45,0,129,,,,,,,,,,,,,,,,,,
4/4/2024 18:30,0,129,,,,,,,,,,,,,,,,,,
4/4/2024 18:15,0,129,,,,,,,,,,,,,,,,,,
4/4/2024 18:00,0,130,,,,,,,,,,,,,,,,,,
4/4/2024 17:45,0,130,,,,,,,,,,,,,,,,,,
4/4/2024 17:30,0,130,,,,,,,,,,,,,,,,,,
4/4/2024 17:15,0,130,,,,,,,,,,,,,,,,,,
4/4/2024 17:00,0,131,,,,,,,,,,,,,,,,,,
4/4/2024 16:45,0,131,,,,,,,,,,,,,,,,,,
4/4/2024 16:30,0,131,,,,,,,,,,,,,,,,,,
4/4/2024 16:15,0,131,,,,,,,,,,,,,,,,,,
4/4/2024 16:00,0,132,,,,,,,,,,,,,,,,,,
4/4/2024 15:45,0,132,,,,,,,,,,,,,,,,,,
4/4/2024 15:30,0,132,,,,,,,,,,,,,,,,,,
4/4/2024 15:15,0,132,,,,,,,,,,,,,,,,,,
4/4/2024 15:00,0,133,,,,,,,,,,,,,,,,,,
4/4/2024 14:45,0,133,,,,,,,,,,,,,,,,,,
4/4/2024 14:30,0,133,,,,,,,,,,,,,,,,,,
4/4/2024 14:15,0,133,,,,,,,,,,,,,,,,,,
4/4/2024 14:00,0,134,,,,,,,,,,,,,,,,,,
4/4/2024 13:45,0,134,,,,,,,,,,,,,,,,,,
4/4/2024 13:30,0,134,,,,,,,,,,,,,,,,,,
4/4/2024 13:15,0,134,,,,,,,,,,,,,,,,,,
4/4/2024 13:00,0,134,,,,,,,,,,,,,,,,,,
4/4/2024 12:45,0,135,,,,,,,,,,,,,,,,,,
4/4/2024 12:30,0,135,,,,,,,,,,,,,,,,,,
4/4/2024 12:15,0,135,,,,,,,,,,,,,,,,,,
4/4/2024 12:00,0,135,,,,,,,,,,,,,,,,,,
4/4/2024 11:45,0,136,,,,,,,,,,,,,,,,,,
4/4/2024 11:30,0,136,,,,,,,,,,,,,,,,,,
4/4/2024 11:15,0,136,,,,,,,,,,,,,,,,,,
4/4/2024 11:00,0,136,,,,,,,,,,,,,,,,,,
4/4/2024 10:45,0,137,,,,,,,,,,,,,,,,,,
4/4/2024 10:30,0,137,,,,,,,,,,,,,,,,,,
4/4/2024 10:15,0,137,,,,,,,,,,,,,,,,,,
4/4/2024 10:00,0,138,,,,,,,,,,,,,,,,,,
4/4/2024 9:45,0,138,,,,,,,,,,,,,,,,,,
4/4/2024 9:30,0,138,,,,,,,,,,,,,,,,,,
4/4/2024 9:15,0,138,,,,,,,,,,,,,,,,,,
4/4/2024 9:00,0,138,,,,,,,,,,,,,,,,,,
4/4/2024 8:45,0,139,,,,,,,,,,,,,,,,,,
4/4/2024 8:30,0,139,,,,,,,,,,,,,,,,,,
4/4/2024 8:15,0,139,,,,,,,,,,,,,,,,,,
4/4/2024 8:00,0,139,,,,,,,,,,,,,,,,,,
4/4/2024 7:45,0,140,,,,,,,,,,,,,,,,,,
4/4/2024 7:30,0,140,,,,,,,,,,,,,,,,,,
4/4/2024 7:15,0,140,,,,,,,,,,,,,,,,,,
4/4/2024 7:00,0,140,,,,,,,,,,,,,,,,,,
4/4/2024 6:45,0,141,,,,,,,,,,,,,,,,,,
4/4/2024 6:30,0,141,,,,,,,,,,,,,,,,,,
4/4/2024 6:15,0,141,,,,,,,,,,,,,,,,,,
4/4/2024 6:00,0,141,,,,,,,,,,,,,,,,,,
4/4/2024 5:45,0,142,,,,,,,,,,,,,,,,,,
4/4/2024 5:30,0,142,,,,,,,,,,,,,,,,,,
4/4/2024 5:15,0,142,,,,,,,,,,,,,,,,,,
4/4/2024 5:00,0,142,,,,,,,,,,,,,,,,,,
4/4/2024 4:45,0,142,,,,,,,,,,,,,,,,,,
4/4/2024 4:30,0,143,,,,,,,,,,,,,,,,,,
4/4/2024 4:15,0,143,,,,,,,,,,,,,,,,,,
4/4/2024 4:00,0,143,,,,,,,,,,,,,,,,,,
4/4/2024 3:45,0,144,,,,,,,,,,,,,,,,,,
4/4/2024 3:30,0,144,,,,,,,,,,,,,,,,,,
4/4/2024 3:15,0,144,,,,,,,,,,,,,,,,,,
4/4/2024 3:00,0,144,,,,,,,,,,,,,,,,,,
4/4/2024 2:45,0,145,,,,,,,,,,,,,,,,,,
4/4/2024 2:30,0,145,,,,,,,,,,,,,,,,,,
4/4/2024 2:15,0,145,,,,,,,,,,,,,,,,,,
4/4/2024 2:00,0,145,,,,,,,,,,,,,,,,,,
4/4/2024 1:45,0,145,,,,,,,,,,,,,,,,,,
4/4/2024 1:30,0,146,,,,,,,,,,,,,,,,,,
4/4/2024 1:15,0,146,,,,,,,,,,,,,,,,,,
4/4/2024 1:00,0,146,,,,,,,,,,,,,,,,,,
4/4/2024 0:45,0,147,,,,,,,,,,,,,,,,,,
4/4/2024 0:30,0,147,,,,,,,,,,,,,,,,,,
4/4/2024 0:15,0,148,,,,,,,,,,,,,,,,,,
4/4/2024 0:00,0,148,,,,,,,,,,,,,,,,,,
3/4/2024 23:45,0,148,,,,,,,,,,,,,,,,,,
3/4/2024 23:30,0,149,,,,,,,,,,,,,,,,,,
3/4/2024 23:15,0,149,,,,,,,,,,,,,,,,,,
3/4/2024 23:00,0,149,,,,,,,,,,,,,,,,,,
3/4/2024 22:45,0,150,,,,,,,,,,,,,,,,,,
3/4/2024 22:30,0,150,,,,,,,,,,,,,,,,,,
3/4/2024 22:15,0,150,,,,,,,,,,,,,,,,,,
3/4/2024 22:00,0,150,,,,,,,,,,,,,,,,,,
3/4/2024 21:45,0,151,,,,,,,,,,,,,,,,,,
3/4/2024 21:30,0,151,,,,,,,,,,,,,,,,,,
3/4/2024 21:15,0,152,,,,,,,,,,,,,,,,,,
3/4/2024 21:00,0,152,,,,,,,,,,,,,,,,,,
3/4/2024 20:45,0,152,,,,,,,,,,,,,,,,,,
3/4/2024 20:30,0,152,,,,,,,,,,,,,,,,,,
3/4/2024 20:15,0,153,,,,,,,,,,,,,,,,,,
3/4/2024 20:00,0,153,,,,,,,,,,,,,,,,,,
3/4/2024 19:45,0,154,,,,,,,,,,,,,,,,,,
3/4/2024 19:30,0,154,,,,,,,,,,,,,,,,,,
3/4/2024 19:15,0,154,,,,,,,,,,,,,,,,,,
3/4/2024 19:00,0,155,,,,,,,,,,,,,,,,,,
3/4/2024 18:45,0,156,,,,,,,,,,,,,,,,,,
3/4/2024 18:30,0,156,,,,,,,,,,,,,,,,,,
3/4/2024 18:15,0,156,,,,,,,,,,,,,,,,,,
3/4/2024 18:00,0,156,,,,,,,,,,,,,,,,,,
3/4/2024 17:45,0,157,,,,,,,,,,,,,,,,,,
3/4/2024 17:30,0,158,,,,,,,,,,,,,,,,,,
3/4/2024 17:15,0,158,,,,,,,,,,,,,,,,,,
3/4/2024 17:00,0,158,,,,,,,,,,,,,,,,,,
3/4/2024 16:45,0,159,,,,,,,,,,,,,,,,,,
3/4/2024 16:30,0,159,,,,,,,,,,,,,,,,,,
3/4/2024 16:15,0,159,,,,,,,,,,,,,,,,,,
3/4/2024 16:00,0,160,,,,,,,,,,,,,,,,,,
3/4/2024 15:45,0,160,,,,,,,,,,,,,,,,,,
3/4/2024 15:30,0,161,,,,,,,,,,,,,,,,,,
3/4/2024 15:15,0,161,,,,,,,,,,,,,,,,,,
3/4/2024 15:00,0,161,,,,,,,,,,,,,,,,,,
3/4/2024 14:45,0,162,,,,,,,,,,,,,,,,,,
3/4/2024 14:30,0,162,,,,,,,,,,,,,,,,,,
3/4/2024 14:15,0,163,,,,,,,,,,,,,,,,,,
3/4/2024 14:00,0,163,,,,,,,,,,,,,,,,,,
3/4/2024 13:45,0,164,,,,,,,,,,,,,,,,,,
3/4/2024 13:30,0,164,,,,,,,,,,,,,,,,,,
3/4/2024 13:15,0,165,,,,,,,,,,,,,,,,,,
3/4/2024 13:00,0,165,,,,,,,,,,,,,,,,,,
3/4/2024 12:45,0,166,,,,,,,,,,,,,,,,,,
3/4/2024 12:30,0,166,,,,,,,,,,,,,,,,,,
3/4/2024 12:15,0,167,,,,,,,,,,,,,,,,,,
3/4/2024 12:00,0,167,,,,,,,,,,,,,,,,,,
3/4/2024 11:45,0,168,,,,,,,,,,,,,,,,,,
3/4/2024 11:30,0,168,,,,,,,,,,,,,,,,,,
3/4/2024 11:15,0,169,,,,,,,,,,,,,,,,,,
3/4/2024 11:00,0,170,,,,,,,,,,,,,,,,,,
3/4/2024 10:45,0,170,,,,,,,,,,,,,,,,,,
3/4/2024 10:30,0,171,,,,,,,,,,,,,,,,,,
3/4/2024 10:15,0,172,,,,,,,,,,,,,,,,,,
3/4/2024 10:00,0,172,,,,,,,,,,,,,,,,,,
3/4/2024 9:45,0,173,,,,,,,,,,,,,,,,,,
3/4/2024 9:30,0,174,,,,,,,,,,,,,,,,,,
3/4/2024 9:15,0,175,,,,,,,,,,,,,,,,,,
3/4/2024 9:00,0,176,,,,,,,,,,,,,,,,,,
3/4/2024 8:45,0,176,,,,,,,,,,,,,,,,,,
3/4/2024 8:30,0,177,,,,,,,,,,,,,,,,,,
3/4/2024 8:15,0,178,,,,,,,,,,,,,,,,,,
3/4/2024 8:00,0,179,,,,,,,,,,,,,,,,,,
3/4/2024 7:45,0,180,,,,,,,,,,,,,,,,,,
3/4/2024 7:30,0,181,,,,,,,,,,,,,,,,,,
3/4/2024 7:15,0,181,,,,,,,,,,,,,,,,,,
3/4/2024 7:00,0,182,,,,,,,,,,,,,,,,,,
3/4/2024 6:45,0,183,,,,,,,,,,,,,,,,,,
3/4/2024 6:30,0,184,,,,,,,,,,,,,,,,,,
3/4/2024 6:15,0,185,,,,,,,,,,,,,,,,,,
3/4/2024 6:00,0,186,,,,,,,,,,,,,,,,,,
3/4/2024 5:45,0,187,,,,,,,,,,,,,,,,,,
3/4/2024 5:30,0,188,,,,,,,,,,,,,,,,,,
3/4/2024 5:15,0,189,,,,,,,,,,,,,,,,,,
3/4/2024 5:00,0,190,,,,,,,,,,,,,,,,,,
3/4/2024 4:45,0,192,,,,,,,,,,,,,,,,,,
3/4/2024 4:30,0,192,,,,,,,,,,,,,,,,,,
3/4/2024 4:15,0,194,,,,,,,,,,,,,,,,,,
3/4/2024 4:00,0,195,,,,,,,,,,,,,,,,,,
3/4/2024 3:45,0,197,,,,,,,,,,,,,,,,,,
3/4/2024 3:30,0,198,,,,,,,,,,,,,,,,,,
3/4/2024 3:15,0,198,,,,,,,,,,,,,,,,,,
3/4/2024 3:00,0,200,,,,,,,,,,,,,,,,,,
3/4/2024 2:45,0,202,,,,,,,,,,,,,,,,,,
3/4/2024 2:30,0,203,,,,,,,,,,,,,,,,,,
3/4/2024 2:15,0,205,,,,,,,,,,,,,,,,,,
3/4/2024 2:00,0,206,,,,,,,,,,,,,,,,,,
3/4/2024 1:45,0,208,,,,,,,,,,,,,,,,,,
3/4/2024 1:30,0,209,,,,,,,,,,,,,,,,,,
3/4/2024 1:15,0,211,,,,,,,,,,,,,,,,,,
3/4/2024 1:00,0,212,,,,,,,,,,,,,,,,,,
3/4/2024 0:45,0,214,,,,,,,,,,,,,,,,,,
3/4/2024 0:30,0,216,,,,,,,,,,,,,,,,,,
3/4/2024 0:15,0,218,,,,,,,,,,,,,,,,,,
3/4/2024 0:00,0,220,,,,,,,,,,,,,,,,,,
2/4/2024 23:45,0,222,,,,,,,,,,,,,,,,,,
2/4/2024 23:30,0,224,,,,,,,,,,,,,,,,,,
2/4/2024 23:15,0,226,,,,,,,,,,,,,,,,,,
2/4/2024 23:00,0,228,,,,,,,,,,,,,,,,,,
2/4/2024 22:45,0,230,,,,,,,,,,,,,,,,,,
2/4/2024 22:30,0,232,,,,,,,,,,,,,,,,,,
2/4/2024 22:15,0,235,,,,,,,,,,,,,,,,,,
2/4/2024 22:00,0,236,,,,,,,,,,,,,,,,,,
2/4/2024 21:45,0,239,,,,,,,,,,,,,,,,,,
2/4/2024 21:30,0,241,,,,,,,,,,,,,,,,,,
2/4/2024 21:15,0,244,,,,,,,,,,,,,,,,,,
2/4/2024 21:00,0,246,,,,,,,,,,,,,,,,,,
2/4/2024 20:45,0,249,,,,,,,,,,,,,,,,,,
2/4/2024 20:30,0,251,,,,,,,,,,,,,,,,,,
2/4/2024 20:15,0,253,,,,,,,,,,,,,,,,,,
2/4/2024 20:00,0,256,,,,,,,,,,,,,,,,,,
2/4/2024 19:45,0,258,,,,,,,,,,,,,,,,,,
2/4/2024 19:30,0,261,,,,,,,,,,,,,,,,,,
2/4/2024 19:15,0,263,,,,,,,,,,,,,,,,,,
2/4/2024 19:00,0,266,,,,,,,,,,,,,,,,,,
2/4/2024 18:45,0,268,,,,,,,,,,,,,,,,,,
2/4/2024 18:30,0,270,,,,,,,,,,,,,,,,,,
2/4/2024 18:15,0,273,,,,,,,,,,,,,,,,,,
2/4/2024 18:00,0,275,,,,,,,,,,,,,,,,,,
2/4/2024 17:45,0,277,,,,,,,,,,,,,,,,,,
2/4/2024 17:30,0,279,,,,,,,,,,,,,,,,,,
2/4/2024 17:15,0,281,,,,,,,,,,,,,,,,,,
2/4/2024 17:00,0,283,,,,,,,,,,,,,,,,,,
2/4/2024 16:45,0,284,,,,,,,,,,,,,,,,,,
2/4/2024 16:30,0,286,,,,,,,,,,,,,,,,,,
2/4/2024 16:15,0,287,,,,,,,,,,,,,,,,,,
2/4/2024 16:00,0,288,,,,,,,,,,,,,,,,,,
2/4/2024 15:45,0,290,,,,,,,,,,,,,,,,,,
2/4/2024 15:30,0,290,,,,,,,,,,,,,,,,,,
2/4/2024 15:15,0,290,,,,,,,,,,,,,,,,,,
2/4/2024 15:00,0,291,,,,,,,,,,,,,,,,,,
2/4/2024 14:45,0,290,,,,,,,,,,,,,,,,,,
2/4/2024 14:30,0,289,,,,,,,,,,,,,,,,,,
2/4/2024 14:15,0,289,,,,,,,,,,,,,,,,,,
2/4/2024 14:00,0,288,,,,,,,,,,,,,,,,,,
2/4/2024 13:45,0,287,,,,,,,,,,,,,,,,,,
2/4/2024 13:30,0,284,,,,,,,,,,,,,,,,,,
2/4/2024 13:15,0,283,,,,,,,,,,,,,,,,,,
2/4/2024 13:00,0,281,,,,,,,,,,,,,,,,,,
2/4/2024 12:45,0,278,,,,,,,,,,,,,,,,,,
2/4/2024 12:30,0,275,,,,,,,,,,,,,,,,,,
2/4/2024 12:15,0,272,,,,,,,,,,,,,,,,,,
2/4/2024 12:00,0,269,,,,,,,,,,,,,,,,,,
2/4/2024 11:45,0,266,,,,,,,,,,,,,,,,,,
2/4/2024 11:30,0,262,,,,,,,,,,,,,,,,,,
2/4/2024 11:15,0,258,,,,,,,,,,,,,,,,,,
2/4/2024 11:00,0,254,,,,,,,,,,,,,,,,,,
2/4/2024 10:45,0,250,,,,,,,,,,,,,,,,,,
2/4/2024 10:30,0,246,,,,,,,,,,,,,,,,,,
2/4/2024 10:15,0,242,,,,,,,,,,,,,,,,,,
2/4/2024 10:00,0,238,,,,,,,,,,,,,,,,,,
2/4/2024 9:45,0,235,,,,,,,,,,,,,,,,,,
2/4/2024 9:30,0,231,,,,,,,,,,,,,,,,,,
2/4/2024 9:15,0,228,,,,,,,,,,,,,,,,,,
2/4/2024 9:00,0,224,,,,,,,,,,,,,,,,,,
2/4/2024 8:45,0,221,,,,,,,,,,,,,,,,,,
2/4/2024 8:30,0,218,,,,,,,,,,,,,,,,,,
2/4/2024 8:15,0,214,,,,,,,,,,,,,,,,,,
2/4/2024 8:00,0,211,,,,,,,,,,,,,,,,,,
2/4/2024 7:45,0,207,,,,,,,,,,,,,,,,,,
2/4/2024 7:30,0,202,,,,,,,,,,,,,,,,,,
2/4/2024 7:15,0,197,,,,,,,,,,,,,,,,,,
2/4/2024 7:00,0,193,,,,,,,,,,,,,,,,,,
2/4/2024 6:45,0,188,,,,,,,,,,,,,,,,,,
2/4/2024 6:30,0,182,,,,,,,,,,,,,,,,,,
2/4/2024 6:15,0,176,,,,,,,,,,,,,,,,,,
2/4/2024 6:00,0,171,,,,,,,,,,,,,,,,,,
2/4/2024 5:45,0,165,,,,,,,,,,,,,,,,,,
2/4/2024 5:30,0,159,,,,,,,,,,,,,,,,,,
2/4/2024 5:15,0,153,,,,,,,,,,,,,,,,,,
2/4/2024 5:00,0,148,,,,,,,,,,,,,,,,,,
2/4/2024 4:45,0,142,,,,,,,,,,,,,,,,,,
2/4/2024 4:30,0,136,,,,,,,,,,,,,,,,,,
2/4/2024 4:15,0,130,,,,,,,,,,,,,,,,,,
2/4/2024 4:00,0,125,,,,,,,,,,,,,,,,,,
2/4/2024 3:45,0,120,,,,,,,,,,,,,,,,,,
2/4/2024 3:30,0,116,,,,,,,,,,,,,,,,,,
2/4/2024 3:15,0,112,,,,,,,,,,,,,,,,,,
2/4/2024 3:00,0,109,,,,,,,,,,,,,,,,,,
2/4/2024 2:45,0,107,,,,,,,,,,,,,,,,,,
2/4/2024 2:30,0,105,,,,,,,,,,,,,,,,,,
2/4/2024 2:15,0,104,,,,,,,,,,,,,,,,,,
2/4/2024 2:00,0,103,,,,,,,,,,,,,,,,,,
2/4/2024 1:45,0,103,,,,,,,,,,,,,,,,,,
2/4/2024 1:30,0,102,,,,,,,,,,,,,,,,,,
2/4/2024 1:15,0,102,,,,,,,,,,,,,,,,,,
2/4/2024 1:00,0,102,,,,,,,,,,,,,,,,,,
2/4/2024 0:45,0,101,,,,,,,,,,,,,,,,,,
2/4/2024 0:30,0,101,,,,,,,,,,,,,,,,,,
2/4/2024 0:15,0,101,,,,,,,,,,,,,,,,,,
2/4/2024 0:00,0,101,,,,,,,,,,,,,,,,,,
1/4/2024 23:45,0,100,,,,,,,,,,,,,,,,,,
1/4/2024 23:30,0,100,,,,,,,,,,,,,,,,,,
1/4/2024 23:15,0,100,,,,,,,,,,,,,,,,,,
1/4/2024 23:00,0,100,,,,,,,,,,,,,,,,,,
1/4/2024 22:45,0,100,,,,,,,,,,,,,,,,,,
1/4/2024 22:30,0,99,,,,,,,,,,,,,,,,,,
1/4/2024 22:15,0,99,,,,,,,,,,,,,,,,,,
1/4/2024 22:00,0,99,,,,,,,,,,,,,,,,,,
1/4/2024 21:45,0,99,,,,,,,,,,,,,,,,,,
1/4/2024 21:30,0,99,,,,,,,,,,,,,,,,,,
1/4/2024 21:15,0.4,99,,,,,,,,,,,,,,,,,,
1/4/2024 21:00,14.8,99,,,,,,,,,,,,,,,,,,
1/4/2024 20:45,0,97,,,,,,,,,,,,,,,,,,
1/4/2024 20:30,7.4,96,,,,,,,,,,,,,,,,,,
1/4/2024 20:15,2.8,96,,,,,,,,,,,,,,,,,,
1/4/2024 20:00,0.6,95,,,,,,,,,,,,,,,,,,
1/4/2024 19:45,0,95,,,,,,,,,,,,,,,,,,
1/4/2024 19:30,0.4,95,,,,,,,,,,,,,,,,,,
1/4/2024 19:15,1,95,,,,,,,,,,,,,,,,,,
1/4/2024 19:00,0.2,96,,,,,,,,,,,,,,,,,,
1/4/2024 18:45,0,96,,,,,,,,,,,,,,,,,,
1/4/2024 18:30,0,96,,,,,,,,,,,,,,,,,,
1/4/2024 18:15,0,96,,,,,,,,,,,,,,,,,,
1/4/2024 18:00,0,96,,,,,,,,,,,,,,,,,,
1/4/2024 17:45,0,96,,,,,,,,,,,,,,,,,,
1/4/2024 17:30,0,96,,,,,,,,,,,,,,,,,,
1/4/2024 17:15,0,96,,,,,,,,,,,,,,,,,,
1/4/2024 17:00,0,96,,,,,,,,,,,,,,,,,,
1/4/2024 16:45,0,96,,,,,,,,,,,,,,,,,,
1/4/2024 16:30,0,96,,,,,,,,,,,,,,,,,,
1/4/2024 16:15,0,96,,,,,,,,,,,,,,,,,,
1/4/2024 16:00,0,96,,,,,,,,,,,,,,,,,,
1/4/2024 15:45,0,96,,,,,,,,,,,,,,,,,,
1/4/2024 15:30,0,97,,,,,,,,,,,,,,,,,,
1/4/2024 15:15,0,96,,,,,,,,,,,,,,,,,,
1/4/2024 15:00,0,97,,,,,,,,,,,,,,,,,,
1/4/2024 14:45,0,97,,,,,,,,,,,,,,,,,,
1/4/2024 14:30,0,97,,,,,,,,,,,,,,,,,,
1/4/2024 14:15,0,97,,,,,,,,,,,,,,,,,,
1/4/2024 14:00,0,97,,,,,,,,,,,,,,,,,,
1/4/2024 13:45,0,97,,,,,,,,,,,,,,,,,,
1/4/2024 13:30,0,97,,,,,,,,,,,,,,,,,,
1/4/2024 13:15,0,98,,,,,,,,,,,,,,,,,,
1/4/2024 13:00,0,98,,,,,,,,,,,,,,,,,,
1/4/2024 12:45,0,98,,,,,,,,,,,,,,,,,,
1/4/2024 12:30,0,98,,,,,,,,,,,,,,,,,,
1/4/2024 12:15,0,98,,,,,,,,,,,,,,,,,,
1/4/2024 12:00,0,98,,,,,,,,,,,,,,,,,,
1/4/2024 11:45,0,98,,,,,,,,,,,,,,,,,,
1/4/2024 11:30,0,98,,,,,,,,,,,,,,,,,,
1/4/2024 11:15,0,98,,,,,,,,,,,,,,,,,,
1/4/2024 11:00,0,98,,,,,,,,,,,,,,,,,,
1/4/2024 10:45,0,99,,,,,,,,,,,,,,,,,,
1/4/2024 10:30,0,99,,,,,,,,,,,,,,,,,,
1/4/2024 10:15,0,99,,,,,,,,,,,,,,,,,,
1/4/2024 10:00,0,99,,,,,,,,,,,,,,,,,,
1/4/2024 9:45,0,99,,,,,,,,,,,,,,,,,,
1/4/2024 9:30,0,99,,,,,,,,,,,,,,,,,,
1/4/2024 9:15,0,99,,,,,,,,,,,,,,,,,,
1/4/2024 9:00,0,99,,,,,,,,,,,,,,,,,,
1/4/2024 8:45,0,99,,,,,,,,,,,,,,,,,,
1/4/2024 8:30,0,100,,,,,,,,,,,,,,,,,,
1/4/2024 8:15,0,100,,,,,,,,,,,,,,,,,,
1/4/2024 8:00,0,100,,,,,,,,,,,,,,,,,,
1/4/2024 7:45,0,100,,,,,,,,,,,,,,,,,,
1/4/2024 7:30,0,101,,,,,,,,,,,,,,,,,,
1/4/2024 7:15,0,101,,,,,,,,,,,,,,,,,,
1/4/2024 7:00,0,101,,,,,,,,,,,,,,,,,,
1/4/2024 6:45,0,101,,,,,,,,,,,,,,,,,,
1/4/2024 6:30,0,101,,,,,,,,,,,,,,,,,,
1/4/2024 6:15,0,101,,,,,,,,,,,,,,,,,,
1/4/2024 6:00,0,101,,,,,,,,,,,,,,,,,,
1/4/2024 5:45,0,101,,,,,,,,,,,,,,,,,,
1/4/2024 5:30,0,101,,,,,,,,,,,,,,,,,,
1/4/2024 5:15,0,102,,,,,,,,,,,,,,,,,,
1/4/2024 5:00,0,102,,,,,,,,,,,,,,,,,,
1/4/2024 4:45,0,102,,,,,,,,,,,,,,,,,,
1/4/2024 4:30,0,102,,,,,,,,,,,,,,,,,,
1/4/2024 4:15,0,102,,,,,,,,,,,,,,,,,,
1/4/2024 4:00,0,102,,,,,,,,,,,,,,,,,,
1/4/2024 3:45,0,102,,,,,,,,,,,,,,,,,,
1/4/2024 3:30,0,103,,,,,,,,,,,,,,,,,,
1/4/2024 3:15,0,103,,,,,,,,,,,,,,,,,,
1/4/2024 3:00,0,103,,,,,,,,,,,,,,,,,,
1/4/2024 2:45,0,103,,,,,,,,,,,,,,,,,,
1/4/2024 2:30,0,104,,,,,,,,,,,,,,,,,,
1/4/2024 2:15,0,104,,,,,,,,,,,,,,,,,,
1/4/2024 2:00,0,104,,,,,,,,,,,,,,,,,,
1/4/2024 1:45,0,104,,,,,,,,,,,,,,,,,,
1/4/2024 1:30,0,104,,,,,,,,,,,,,,,,,,
1/4/2024 1:15,0,105,,,,,,,,,,,,,,,,,,
1/4/2024 1:00,0,105,,,,,,,,,,,,,,,,,,
1/4/2024 0:45,0,105,,,,,,,,,,,,,,,,,,
1/4/2024 0:30,0,105,,,,,,,,,,,,,,,,,,
1/4/2024 0:15,0,105,,,,,,,,,,,,,,,,,,
1/4/2024 0:00,0,106,,,,,,,,,,,,,,,,,,
31/03/2024 23:45:00,0,106,,,,,,,,,,,,,,,,,,
31/03/2024 23:30:00,0,106,,,,,,,,,,,,,,,,,,
31/03/2024 23:15:00,0,106,,,,,,,,,,,,,,,,,,
31/03/2024 23:00:00,0,106,,,,,,,,,,,,,,,,,,
31/03/2024 22:45:00,0,107,,,,,,,,,,,,,,,,,,
31/03/2024 22:30:00,0,107,,,,,,,,,,,,,,,,,,
31/03/2024 22:15:00,0,107,,,,,,,,,,,,,,,,,,
31/03/2024 22:00:00,0,107,,,,,,,,,,,,,,,,,,
31/03/2024 21:45:00,0,107,,,,,,,,,,,,,,,,,,
31/03/2024 21:30:00,0,108,,,,,,,,,,,,,,,,,,
31/03/2024 21:15:00,0,108,,,,,,,,,,,,,,,,,,
31/03/2024 21:00:00,0,108,,,,,,,,,,,,,,,,,,
31/03/2024 20:45:00,0,109,,,,,,,,,,,,,,,,,,
31/03/2024 20:30:00,0,109,,,,,,,,,,,,,,,,,,
31/03/2024 20:15:00,0,109,,,,,,,,,,,,,,,,,,
31/03/2024 20:00:00,0,110,,,,,,,,,,,,,,,,,,
31/03/2024 19:45:00,0,110,,,,,,,,,,,,,,,,,,
31/03/2024 19:30:00,0,111,,,,,,,,,,,,,,,,,,
31/03/2024 19:15:00,0,111,,,,,,,,,,,,,,,,,,
31/03/2024 19:00:00,0,112,,,,,,,,,,,,,,,,,,
31/03/2024 18:45:00,0,112,,,,,,,,,,,,,,,,,,
31/03/2024 18:30:00,0,112,,,,,,,,,,,,,,,,,,
31/03/2024 18:15:00,0,113,,,,,,,,,,,,,,,,,,
31/03/2024 18:00:00,0,113,,,,,,,,,,,,,,,,,,
31/03/2024 17:45:00,0,113,,,,,,,,,,,,,,,,,,
31/03/2024 17:30:00,0,113,,,,,,,,,,,,,,,,,,
31/03/2024 17:15:00,0,114,,,,,,,,,,,,,,,,,,
31/03/2024 17:00:00,0,114,,,,,,,,,,,,,,,,,,
31/03/2024 16:45:00,0,114,,,,,,,,,,,,,,,,,,
31/03/2024 16:30:00,0,115,,,,,,,,,,,,,,,,,,
31/03/2024 16:15:00,0,115,,,,,,,,,,,,,,,,,,
31/03/2024 16:00:00,0,115,,,,,,,,,,,,,,,,,,
31/03/2024 15:45:00,0,115,,,,,,,,,,,,,,,,,,
31/03/2024 15:30:00,0,115,,,,,,,,,,,,,,,,,,
31/03/2024 15:15:00,0,116,,,,,,,,,,,,,,,,,,
31/03/2024 15:00:00,0,116,,,,,,,,,,,,,,,,,,
31/03/2024 14:45:00,0,116,,,,,,,,,,,,,,,,,,
31/03/2024 14:30:00,0,116,,,,,,,,,,,,,,,,,,
31/03/2024 14:15:00,0,117,,,,,,,,,,,,,,,,,,
31/03/2024 14:00:00,0,117,,,,,,,,,,,,,,,,,,
31/03/2024 13:45:00,0,117,,,,,,,,,,,,,,,,,,
31/03/2024 13:30:00,0,117,,,,,,,,,,,,,,,,,,
31/03/2024 13:15:00,0,117,,,,,,,,,,,,,,,,,,
31/03/2024 13:00:00,0,118,,,,,,,,,,,,,,,,,,
31/03/2024 12:45:00,0,118,,,,,,,,,,,,,,,,,,
31/03/2024 12:30:00,0,118,,,,,,,,,,,,,,,,,,
31/03/2024 12:15:00,0,119,,,,,,,,,,,,,,,,,,
31/03/2024 12:00:00,0,119,,,,,,,,,,,,,,,,,,
31/03/2024 11:45:00,0,119,,,,,,,,,,,,,,,,,,
31/03/2024 11:30:00,0,120,,,,,,,,,,,,,,,,,,
31/03/2024 11:15:00,0,121,,,,,,,,,,,,,,,,,,
31/03/2024 11:00:00,0,121,,,,,,,,,,,,,,,,,,
31/03/2024 10:45:00,0,121,,,,,,,,,,,,,,,,,,
31/03/2024 10:30:00,0,122,,,,,,,,,,,,,,,,,,
31/03/2024 10:15:00,0,122,,,,,,,,,,,,,,,,,,
31/03/2024 10:00:00,0,123,,,,,,,,,,,,,,,,,,
31/03/2024 09:45:00,0,123,,,,,,,,,,,,,,,,,,
31/03/2024 09:30:00,0,124,,,,,,,,,,,,,,,,,,
31/03/2024 09:15:00,0,124,,,,,,,,,,,,,,,,,,
31/03/2024 09:00:00,0,125,,,,,,,,,,,,,,,,,,
31/03/2024 08:45:00,0,125,,,,,,,,,,,,,,,,,,
31/03/2024 08:30:00,0,126,,,,,,,,,,,,,,,,,,
31/03/2024 08:15:00,0,126,,,,,,,,,,,,,,,,,,
31/03/2024 08:00:00,0,126,,,,,,,,,,,,,,,,,,
31/03/2024 07:45:00,0,127,,,,,,,,,,,,,,,,,,
31/03/2024 07:30:00,0,128,,,,,,,,,,,,,,,,,,
31/03/2024 07:15:00,0,128,,,,,,,,,,,,,,,,,,
31/03/2024 07:00:00,0,129,,,,,,,,,,,,,,,,,,
31/03/2024 06:45:00,0,129,,,,,,,,,,,,,,,,,,
31/03/2024 06:30:00,0,129,,,,,,,,,,,,,,,,,,
31/03/2024 06:15:00,0,130,,,,,,,,,,,,,,,,,,
31/03/2024 06:00:00,0,130,,,,,,,,,,,,,,,,,,
31/03/2024 05:45:00,0,131,,,,,,,,,,,,,,,,,,
31/03/2024 05:30:00,0,131,,,,,,,,,,,,,,,,,,
31/03/2024 05:15:00,0,132,,,,,,,,,,,,,,,,,,
31/03/2024 05:00:00,0,132,,,,,,,,,,,,,,,,,,
31/03/2024 04:45:00,0,133,,,,,,,,,,,,,,,,,,
31/03/2024 04:30:00,0,134,,,,,,,,,,,,,,,,,,
31/03/2024 04:15:00,0,134,,,,,,,,,,,,,,,,,,
31/03/2024 04:00:00,0,135,,,,,,,,,,,,,,,,,,
31/03/2024 03:45:00,0,136,,,,,,,,,,,,,,,,,,
31/03/2024 03:30:00,0,137,,,,,,,,,,,,,,,,,,
31/03/2024 03:15:00,0,138,,,,,,,,,,,,,,,,,,
31/03/2024 03:00:00,0,139,,,,,,,,,,,,,,,,,,
31/03/2024 02:45:00,0,140,,,,,,,,,,,,,,,,,,
31/03/2024 02:30:00,0,140,,,,,,,,,,,,,,,,,,
31/03/2024 02:15:00,0,142,,,,,,,,,,,,,,,,,,
31/03/2024 02:00:00,0,142,,,,,,,,,,,,,,,,,,
31/03/2024 01:45:00,0,143,,,,,,,,,,,,,,,,,,
31/03/2024 01:30:00,0,144,,,,,,,,,,,,,,,,,,
31/03/2024 01:15:00,0,145,,,,,,,,,,,,,,,,,,
31/03/2024 01:00:00,0,146,,,,,,,,,,,,,,,,,,
31/03/2024 00:45:00,0,147,,,,,,,,,,,,,,,,,,
31/03/2024 00:30:00,0,148,,,,,,,,,,,,,,,,,,
31/03/2024 00:15:00,0,148,,,,,,,,,,,,,,,,,,
31/03/2024 00:00:00,0,149,,,,,,,,,,,,,,,,,,
30/03/2024 23:45:00,0,150,,,,,,,,,,,,,,,,,,
30/03/2024 23:30:00,0,151,,,,,,,,,,,,,,,,,,
30/03/2024 23:15:00,0,151,,,,,,,,,,,,,,,,,,
30/03/2024 23:00:00,0,152,,,,,,,,,,,,,,,,,,
30/03/2024 22:45:00,0,152,,,,,,,,,,,,,,,,,,
30/03/2024 22:30:00,0,153,,,,,,,,,,,,,,,,,,
30/03/2024 22:15:00,0,153,,,,,,,,,,,,,,,,,,
30/03/2024 22:00:00,0,154,,,,,,,,,,,,,,,,,,
30/03/2024 21:45:00,0,154,,,,,,,,,,,,,,,,,,
30/03/2024 21:30:00,0,154,,,,,,,,,,,,,,,,,,
30/03/2024 21:15:00,0,154,,,,,,,,,,,,,,,,,,
30/03/2024 21:00:00,0,154,,,,,,,,,,,,,,,,,,
30/03/2024 20:45:00,0,154,,,,,,,,,,,,,,,,,,
30/03/2024 20:30:00,0,153,,,,,,,,,,,,,,,,,,
30/03/2024 20:15:00,0,152,,,,,,,,,,,,,,,,,,
30/03/2024 20:00:00,0,152,,,,,,,,,,,,,,,,,,
30/03/2024 19:45:00,0,151,,,,,,,,,,,,,,,,,,
30/03/2024 19:30:00,0,149,,,,,,,,,,,,,,,,,,
30/03/2024 19:15:00,0,148,,,,,,,,,,,,,,,,,,
30/03/2024 19:00:00,0,146,,,,,,,,,,,,,,,,,,
30/03/2024 18:45:00,0,144,,,,,,,,,,,,,,,,,,
30/03/2024 18:30:00,0,141,,,,,,,,,,,,,,,,,,
30/03/2024 18:15:00,0,138,,,,,,,,,,,,,,,,,,
30/03/2024 18:00:00,0,135,,,,,,,,,,,,,,,,,,
30/03/2024 17:45:00,0,131,,,,,,,,,,,,,,,,,,
30/03/2024 17:30:00,0,126,,,,,,,,,,,,,,,,,,
30/03/2024 17:15:00,0,121,,,,,,,,,,,,,,,,,,
30/03/2024 17:00:00,0,116,,,,,,,,,,,,,,,,,,
30/03/2024 16:45:00,0,110,,,,,,,,,,,,,,,,,,
30/03/2024 16:30:00,0,105,,,,,,,,,,,,,,,,,,
30/03/2024 16:15:00,0,99,,,,,,,,,,,,,,,,,,
30/03/2024 16:00:00,0,95,,,,,,,,,,,,,,,,,,
30/03/2024 15:45:00,0,92,,,,,,,,,,,,,,,,,,
30/03/2024 15:30:00,0,90,,,,,,,,,,,,,,,,,,
30/03/2024 15:15:00,0,89,,,,,,,,,,,,,,,,,,
30/03/2024 15:00:00,0,88,,,,,,,,,,,,,,,,,,
30/03/2024 14:45:00,0,88,,,,,,,,,,,,,,,,,,
30/03/2024 14:30:00,0,87,,,,,,,,,,,,,,,,,,
30/03/2024 14:15:00,0,87,,,,,,,,,,,,,,,,,,
30/03/2024 14:00:00,0,86,,,,,,,,,,,,,,,,,,
30/03/2024 13:45:00,0,86,,,,,,,,,,,,,,,,,,
30/03/2024 13:30:00,0,86,,,,,,,,,,,,,,,,,,
30/03/2024 13:15:00,0,85,,,,,,,,,,,,,,,,,,
30/03/2024 13:00:00,0,85,,,,,,,,,,,,,,,,,,
30/03/2024 12:45:00,0,85,,,,,,,,,,,,,,,,,,
30/03/2024 12:30:00,0,85,,,,,,,,,,,,,,,,,,
30/03/2024 12:15:00,0,84,,,,,,,,,,,,,,,,,,
30/03/2024 12:00:00,0,84,,,,,,,,,,,,,,,,,,
30/03/2024 11:45:00,0,84,,,,,,,,,,,,,,,,,,
30/03/2024 11:30:00,0,83,,,,,,,,,,,,,,,,,,
30/03/2024 11:15:00,0,83,,,,,,,,,,,,,,,,,,
30/03/2024 11:00:00,0,83,,,,,,,,,,,,,,,,,,
30/03/2024 10:45:00,0,83,,,,,,,,,,,,,,,,,,
30/03/2024 10:30:00,0,83,,,,,,,,,,,,,,,,,,
30/03/2024 10:15:00,0,83,,,,,,,,,,,,,,,,,,
30/03/2024 10:00:00,0,83,,,,,,,,,,,,,,,,,,
30/03/2024 09:45:00,0,82,,,,,,,,,,,,,,,,,,
30/03/2024 09:30:00,0,82,,,,,,,,,,,,,,,,,,
30/03/2024 09:15:00,0,82,,,,,,,,,,,,,,,,,,
30/03/2024 09:00:00,0,82,,,,,,,,,,,,,,,,,,
30/03/2024 08:45:00,0,82,,,,,,,,,,,,,,,,,,
30/03/2024 08:30:00,0,82,,,,,,,,,,,,,,,,,,
30/03/2024 08:15:00,0,82,,,,,,,,,,,,,,,,,,
30/03/2024 08:00:00,0,82,,,,,,,,,,,,,,,,,,
30/03/2024 07:45:00,0,82,,,,,,,,,,,,,,,,,,
30/03/2024 07:30:00,0,82,,,,,,,,,,,,,,,,,,
30/03/2024 07:15:00,0,83,,,,,,,,,,,,,,,,,,
30/03/2024 07:00:00,0,82,,,,,,,,,,,,,,,,,,
30/03/2024 06:45:00,0,82,,,,,,,,,,,,,,,,,,
30/03/2024 06:30:00,0,83,,,,,,,,,,,,,,,,,,
30/03/2024 06:15:00,0,83,,,,,,,,,,,,,,,,,,
30/03/2024 06:00:00,0,83,,,,,,,,,,,,,,,,,,
30/03/2024 05:45:00,0,83,,,,,,,,,,,,,,,,,,
30/03/2024 05:30:00,0,83,,,,,,,,,,,,,,,,,,
30/03/2024 05:15:00,0,83,,,,,,,,,,,,,,,,,,
30/03/2024 05:00:00,0,82,,,,,,,,,,,,,,,,,,
30/03/2024 04:45:00,0.2,82,,,,,,,,,,,,,,,,,,
30/03/2024 04:30:00,0,83,,,,,,,,,,,,,,,,,,
30/03/2024 04:15:00,0,83,,,,,,,,,,,,,,,,,,
30/03/2024 04:00:00,0,82,,,,,,,,,,,,,,,,,,
30/03/2024 03:45:00,0,82,,,,,,,,,,,,,,,,,,
30/03/2024 03:30:00,0,82,,,,,,,,,,,,,,,,,,
30/03/2024 03:15:00,0,82,,,,,,,,,,,,,,,,,,
30/03/2024 03:00:00,0,82,,,,,,,,,,,,,,,,,,
30/03/2024 02:45:00,0,82,,,,,,,,,,,,,,,,,,
30/03/2024 02:30:00,0,82,,,,,,,,,,,,,,,,,,
30/03/2024 02:15:00,0,83,,,,,,,,,,,,,,,,,,
30/03/2024 02:00:00,0,82,,,,,,,,,,,,,,,,,,
30/03/2024 01:45:00,0,82,,,,,,,,,,,,,,,,,,
30/03/2024 01:30:00,0,83,,,,,,,,,,,,,,,,,,
30/03/2024 01:15:00,0,83,,,,,,,,,,,,,,,,,,
30/03/2024 01:00:00,0,83,,,,,,,,,,,,,,,,,,
30/03/2024 00:45:00,0,83,,,,,,,,,,,,,,,,,,
30/03/2024 00:30:00,0,83,,,,,,,,,,,,,,,,,,
30/03/2024 00:15:00,0,83,,,,,,,,,,,,,,,,,,
30/03/2024 00:00:00,0,83,,,,,,,,,,,,,,,,,,
29/03/2024 23:45:00,0,83,,,,,,,,,,,,,,,,,,
29/03/2024 23:30:00,0,83,,,,,,,,,,,,,,,,,,
29/03/2024 23:15:00,0,83,,,,,,,,,,,,,,,,,,
29/03/2024 23:00:00,0,83,,,,,,,,,,,,,,,,,,
29/03/2024 22:45:00,0,83,,,,,,,,,,,,,,,,,,
29/03/2024 22:30:00,0,83,,,,,,,,,,,,,,,,,,
29/03/2024 22:15:00,0,83,,,,,,,,,,,,,,,,,,
29/03/2024 22:00:00,0,83,,,,,,,,,,,,,,,,,,
29/03/2024 21:45:00,0,83,,,,,,,,,,,,,,,,,,
29/03/2024 21:30:00,0,83,,,,,,,,,,,,,,,,,,
29/03/2024 21:15:00,0,83,,,,,,,,,,,,,,,,,,
29/03/2024 21:00:00,0,83,,,,,,,,,,,,,,,,,,
29/03/2024 20:45:00,0,83,,,,,,,,,,,,,,,,,,
29/03/2024 20:30:00,0,83,,,,,,,,,,,,,,,,,,
29/03/2024 20:15:00,0,83,,,,,,,,,,,,,,,,,,
29/03/2024 20:00:00,0,83,,,,,,,,,,,,,,,,,,
29/03/2024 19:45:00,0,83,,,,,,,,,,,,,,,,,,
29/03/2024 19:30:00,0,83,,,,,,,,,,,,,,,,,,
29/03/2024 19:15:00,0,83,,,,,,,,,,,,,,,,,,
29/03/2024 19:00:00,0.2,84,,,,,,,,,,,,,,,,,,
29/03/2024 18:45:00,0.8,84,,,,,,,,,,,,,,,,,,
29/03/2024 18:30:00,0.6,83,,,,,,,,,,,,,,,,,,
29/03/2024 18:15:00,0.4,83,,,,,,,,,,,,,,,,,,
29/03/2024 18:00:00,0.6,84,,,,,,,,,,,,,,,,,,
29/03/2024 17:45:00,0.2,83,,,,,,,,,,,,,,,,,,
29/03/2024 17:30:00,0.2,84,,,,,,,,,,,,,,,,,,
29/03/2024 17:15:00,0,83,,,,,,,,,,,,,,,,,,
29/03/2024 17:00:00,0,84,,,,,,,,,,,,,,,,,,
29/03/2024 16:45:00,0,84,,,,,,,,,,,,,,,,,,
29/03/2024 16:30:00,0,84,,,,,,,,,,,,,,,,,,
29/03/2024 16:15:00,0,84,,,,,,,,,,,,,,,,,,
29/03/2024 16:00:00,0,84,,,,,,,,,,,,,,,,,,
29/03/2024 15:45:00,0,84,,,,,,,,,,,,,,,,,,
29/03/2024 15:30:00,0,84,,,,,,,,,,,,,,,,,,
29/03/2024 15:15:00,0,84,,,,,,,,,,,,,,,,,,
29/03/2024 15:00:00,0,83,,,,,,,,,,,,,,,,,,
29/03/2024 14:45:00,0,84,,,,,,,,,,,,,,,,,,
29/03/2024 14:30:00,0,84,,,,,,,,,,,,,,,,,,
29/03/2024 14:15:00,0,84,,,,,,,,,,,,,,,,,,
29/03/2024 14:00:00,0,84,,,,,,,,,,,,,,,,,,
29/03/2024 13:45:00,0,84,,,,,,,,,,,,,,,,,,
29/03/2024 13:30:00,0,84,,,,,,,,,,,,,,,,,,
29/03/2024 13:15:00,0,84,,,,,,,,,,,,,,,,,,
29/03/2024 13:00:00,0,84,,,,,,,,,,,,,,,,,,
29/03/2024 12:45:00,0,84,,,,,,,,,,,,,,,,,,
29/03/2024 12:30:00,0,84,,,,,,,,,,,,,,,,,,
29/03/2024 12:15:00,0,84,,,,,,,,,,,,,,,,,,
29/03/2024 12:00:00,0,84,,,,,,,,,,,,,,,,,,
29/03/2024 11:45:00,0,84,,,,,,,,,,,,,,,,,,
29/03/2024 11:30:00,0,84,,,,,,,,,,,,,,,,,,
29/03/2024 11:15:00,0,85,,,,,,,,,,,,,,,,,,
29/03/2024 11:00:00,0,84,,,,,,,,,,,,,,,,,,
29/03/2024 10:45:00,0,84,,,,,,,,,,,,,,,,,,
29/03/2024 10:30:00,0,85,,,,,,,,,,,,,,,,,,
29/03/2024 10:15:00,0,84,,,,,,,,,,,,,,,,,,
29/03/2024 10:00:00,0,84,,,,,,,,,,,,,,,,,,
29/03/2024 09:45:00,0,84,,,,,,,,,,,,,,,,,,
29/03/2024 09:30:00,0,84,,,,,,,,,,,,,,,,,,
29/03/2024 09:15:00,0,84,,,,,,,,,,,,,,,,,,
29/03/2024 09:00:00,0,84,,,,,,,,,,,,,,,,,,
29/03/2024 08:45:00,0,84,,,,,,,,,,,,,,,,,,
29/03/2024 08:30:00,0,84,,,,,,,,,,,,,,,,,,
29/03/2024 08:15:00,0,84,,,,,,,,,,,,,,,,,,
29/03/2024 08:00:00,0,84,,,,,,,,,,,,,,,,,,
29/03/2024 07:45:00,0,84,,,,,,,,,,,,,,,,,,
29/03/2024 07:30:00,0,85,,,,,,,,,,,,,,,,,,
29/03/2024 07:15:00,0,85,,,,,,,,,,,,,,,,,,
29/03/2024 07:00:00,0,85,,,,,,,,,,,,,,,,,,
29/03/2024 06:45:00,0,85,,,,,,,,,,,,,,,,,,
29/03/2024 06:30:00,0,85,,,,,,,,,,,,,,,,,,
29/03/2024 06:15:00,0,85,,,,,,,,,,,,,,,,,,
29/03/2024 06:00:00,0,85,,,,,,,,,,,,,,,,,,
29/03/2024 05:45:00,0,85,,,,,,,,,,,,,,,,,,
29/03/2024 05:30:00,0,85,,,,,,,,,,,,,,,,,,
29/03/2024 05:15:00,0,85,,,,,,,,,,,,,,,,,,
29/03/2024 05:00:00,0,85,,,,,,,,,,,,,,,,,,
29/03/2024 04:45:00,0,85,,,,,,,,,,,,,,,,,,
29/03/2024 04:30:00,0,85,,,,,,,,,,,,,,,,,,
29/03/2024 04:15:00,0,85,,,,,,,,,,,,,,,,,,
29/03/2024 04:00:00,0,85,,,,,,,,,,,,,,,,,,
29/03/2024 03:45:00,0,84,,,,,,,,,,,,,,,,,,
29/03/2024 03:30:00,0,84,,,,,,,,,,,,,,,,,,
29/03/2024 03:15:00,0,84,,,,,,,,,,,,,,,,,,
29/03/2024 03:00:00,0,84,,,,,,,,,,,,,,,,,,
29/03/2024 02:45:00,0,84,,,,,,,,,,,,,,,,,,
29/03/2024 02:30:00,0,84,,,,,,,,,,,,,,,,,,
29/03/2024 02:15:00,0,84,,,,,,,,,,,,,,,,,,
29/03/2024 02:00:00,0,84,,,,,,,,,,,,,,,,,,
29/03/2024 01:45:00,0,84,,,,,,,,,,,,,,,,,,
29/03/2024 01:30:00,0,84,,,,,,,,,,,,,,,,,,
29/03/2024 01:15:00,0,84,,,,,,,,,,,,,,,,,,
29/03/2024 01:00:00,0,84,,,,,,,,,,,,,,,,,,
29/03/2024 00:45:00,0,84,,,,,,,,,,,,,,,,,,
29/03/2024 00:30:00,0,85,,,,,,,,,,,,,,,,,,
29/03/2024 00:15:00,0,85,,,,,,,,,,,,,,,,,,
29/03/2024 00:00:00,0,85,,,,,,,,,,,,,,,,,,
28/03/2024 23:45:00,0,85,,,,,,,,,,,,,,,,,,
28/03/2024 23:30:00,0,85,,,,,,,,,,,,,,,,,,
28/03/2024 23:15:00,0,85,,,,,,,,,,,,,,,,,,
28/03/2024 23:00:00,0,85,,,,,,,,,,,,,,,,,,
28/03/2024 22:45:00,0,85,,,,,,,,,,,,,,,,,,
28/03/2024 22:30:00,0,85,,,,,,,,,,,,,,,,,,
28/03/2024 22:15:00,0,85,,,,,,,,,,,,,,,,,,
28/03/2024 22:00:00,0,85,,,,,,,,,,,,,,,,,,
28/03/2024 21:45:00,0,85,,,,,,,,,,,,,,,,,,
28/03/2024 21:30:00,0,85,,,,,,,,,,,,,,,,,,
28/03/2024 21:15:00,0,85,,,,,,,,,,,,,,,,,,
28/03/2024 21:00:00,0,85,,,,,,,,,,,,,,,,,,
28/03/2024 20:45:00,0,85,,,,,,,,,,,,,,,,,,
28/03/2024 20:30:00,0,85,,,,,,,,,,,,,,,,,,
28/03/2024 20:15:00,0,85,,,,,,,,,,,,,,,,,,
28/03/2024 20:00:00,0,85,,,,,,,,,,,,,,,,,,
28/03/2024 19:45:00,0,85,,,,,,,,,,,,,,,,,,
28/03/2024 19:30:00,0,85,,,,,,,,,,,,,,,,,,
28/03/2024 19:15:00,0,85,,,,,,,,,,,,,,,,,,
28/03/2024 19:00:00,0,85,,,,,,,,,,,,,,,,,,
28/03/2024 18:45:00,0,85,,,,,,,,,,,,,,,,,,
28/03/2024 18:30:00,0,85,,,,,,,,,,,,,,,,,,
28/03/2024 18:15:00,0,85,,,,,,,,,,,,,,,,,,
28/03/2024 18:00:00,0,85,,,,,,,,,,,,,,,,,,
28/03/2024 17:45:00,0,85,,,,,,,,,,,,,,,,,,
28/03/2024 17:30:00,0,86,,,,,,,,,,,,,,,,,,
28/03/2024 17:15:00,0,85,,,,,,,,,,,,,,,,,,
28/03/2024 17:00:00,0,86,,,,,,,,,,,,,,,,,,
28/03/2024 16:45:00,0,86,,,,,,,,,,,,,,,,,,
28/03/2024 16:30:00,0,86,,,,,,,,,,,,,,,,,,
28/03/2024 16:15:00,0,86,,,,,,,,,,,,,,,,,,
28/03/2024 16:00:00,0,86,,,,,,,,,,,,,,,,,,
28/03/2024 15:45:00,0,86,,,,,,,,,,,,,,,,,,
28/03/2024 15:30:00,0,86,,,,,,,,,,,,,,,,,,
28/03/2024 15:15:00,0,86,,,,,,,,,,,,,,,,,,
28/03/2024 15:00:00,0,86,,,,,,,,,,,,,,,,,,
28/03/2024 14:45:00,0,86,,,,,,,,,,,,,,,,,,
28/03/2024 14:30:00,0,86,,,,,,,,,,,,,,,,,,
28/03/2024 14:15:00,0,85,,,,,,,,,,,,,,,,,,
28/03/2024 14:00:00,0,85,,,,,,,,,,,,,,,,,,
28/03/2024 13:45:00,0,86,,,,,,,,,,,,,,,,,,
28/03/2024 13:30:00,0,86,,,,,,,,,,,,,,,,,,
28/03/2024 13:15:00,0,86,,,,,,,,,,,,,,,,,,
28/03/2024 13:00:00,0,85,,,,,,,,,,,,,,,,,,
28/03/2024 12:45:00,0,86,,,,,,,,,,,,,,,,,,
28/03/2024 12:30:00,0,86,,,,,,,,,,,,,,,,,,
28/03/2024 12:15:00,0,86,,,,,,,,,,,,,,,,,,
28/03/2024 12:00:00,0,86,,,,,,,,,,,,,,,,,,
28/03/2024 11:45:00,0,86,,,,,,,,,,,,,,,,,,
28/03/2024 11:30:00,0,86,,,,,,,,,,,,,,,,,,
28/03/2024 11:15:00,0,86,,,,,,,,,,,,,,,,,,
28/03/2024 11:00:00,0,87,,,,,,,,,,,,,,,,,,
28/03/2024 10:45:00,0,87,,,,,,,,,,,,,,,,,,
28/03/2024 10:30:00,0,87,,,,,,,,,,,,,,,,,,
28/03/2024 10:15:00,0,87,,,,,,,,,,,,,,,,,,
28/03/2024 10:00:00,0,87,,,,,,,,,,,,,,,,,,
28/03/2024 09:45:00,0,87,,,,,,,,,,,,,,,,,,
28/03/2024 09:30:00,0,87,,,,,,,,,,,,,,,,,,
28/03/2024 09:15:00,0,87,,,,,,,,,,,,,,,,,,
28/03/2024 09:00:00,0,87,,,,,,,,,,,,,,,,,,
28/03/2024 08:45:00,0,87,,,,,,,,,,,,,,,,,,
28/03/2024 08:30:00,0,87,,,,,,,,,,,,,,,,,,
28/03/2024 08:15:00,0,87,,,,,,,,,,,,,,,,,,
28/03/2024 08:00:00,0,87,,,,,,,,,,,,,,,,,,
28/03/2024 07:45:00,0,87,,,,,,,,,,,,,,,,,,
28/03/2024 07:30:00,0,86,,,,,,,,,,,,,,,,,,
28/03/2024 07:15:00,0,86,,,,,,,,,,,,,,,,,,
28/03/2024 07:00:00,0,86,,,,,,,,,,,,,,,,,,
28/03/2024 06:45:00,0,86,,,,,,,,,,,,,,,,,,
28/03/2024 06:30:00,0,86,,,,,,,,,,,,,,,,,,
28/03/2024 06:15:00,0,86,,,,,,,,,,,,,,,,,,
28/03/2024 06:00:00,0,85,,,,,,,,,,,,,,,,,,
28/03/2024 05:45:00,0,85,,,,,,,,,,,,,,,,,,
28/03/2024 05:30:00,0,85,,,,,,,,,,,,,,,,,,
28/03/2024 05:15:00,0,85,,,,,,,,,,,,,,,,,,
28/03/2024 05:00:00,0,85,,,,,,,,,,,,,,,,,,
28/03/2024 04:45:00,0,85,,,,,,,,,,,,,,,,,,
28/03/2024 04:30:00,0,85,,,,,,,,,,,,,,,,,,
28/03/2024 04:15:00,0,85,,,,,,,,,,,,,,,,,,
28/03/2024 04:00:00,0,85,,,,,,,,,,,,,,,,,,
28/03/2024 03:45:00,0,85,,,,,,,,,,,,,,,,,,
28/03/2024 03:30:00,0,85,,,,,,,,,,,,,,,,,,
28/03/2024 03:15:00,0,85,,,,,,,,,,,,,,,,,,
28/03/2024 03:00:00,0,85,,,,,,,,,,,,,,,,,,
28/03/2024 02:45:00,0,86,,,,,,,,,,,,,,,,,,
28/03/2024 02:30:00,0,85,,,,,,,,,,,,,,,,,,
28/03/2024 02:15:00,0,86,,,,,,,,,,,,,,,,,,
28/03/2024 02:00:00,0,86,,,,,,,,,,,,,,,,,,
28/03/2024 01:45:00,0,86,,,,,,,,,,,,,,,,,,
28/03/2024 01:30:00,0,86,,,,,,,,,,,,,,,,,,
28/03/2024 01:15:00,0,86,,,,,,,,,,,,,,,,,,
28/03/2024 01:00:00,0,86,,,,,,,,,,,,,,,,,,
28/03/2024 00:45:00,0,86,,,,,,,,,,,,,,,,,,
28/03/2024 00:30:00,0,86,,,,,,,,,,,,,,,,,,
28/03/2024 00:15:00,0,86,,,,,,,,,,,,,,,,,,
28/03/2024 00:00:00,0,87,,,,,,,,,,,,,,,,,,
27/03/2024 23:45:00,0,87,,,,,,,,,,,,,,,,,,
27/03/2024 23:30:00,0,87,,,,,,,,,,,,,,,,,,
27/03/2024 23:15:00,0,87,,,,,,,,,,,,,,,,,,
27/03/2024 23:00:00,0,87,,,,,,,,,,,,,,,,,,
27/03/2024 22:45:00,0,87,,,,,,,,,,,,,,,,,,
27/03/2024 22:30:00,0,87,,,,,,,,,,,,,,,,,,
27/03/2024 22:15:00,0,87,,,,,,,,,,,,,,,,,,
27/03/2024 22:00:00,0,87,,,,,,,,,,,,,,,,,,
27/03/2024 21:45:00,0,87,,,,,,,,,,,,,,,,,,
27/03/2024 21:30:00,0,87,,,,,,,,,,,,,,,,,,
27/03/2024 21:15:00,0,87,,,,,,,,,,,,,,,,,,
27/03/2024 21:00:00,0,86,,,,,,,,,,,,,,,,,,
27/03/2024 20:45:00,0,86,,,,,,,,,,,,,,,,,,
27/03/2024 20:30:00,0,87,,,,,,,,,,,,,,,,,,
27/03/2024 20:15:00,0,86,,,,,,,,,,,,,,,,,,
27/03/2024 20:00:00,0,86,,,,,,,,,,,,,,,,,,
27/03/2024 19:45:00,0,86,,,,,,,,,,,,,,,,,,
27/03/2024 19:30:00,0,86,,,,,,,,,,,,,,,,,,
27/03/2024 19:15:00,0,86,,,,,,,,,,,,,,,,,,
27/03/2024 19:00:00,0,86,,,,,,,,,,,,,,,,,,
27/03/2024 18:45:00,0,86,,,,,,,,,,,,,,,,,,
27/03/2024 18:30:00,0,86,,,,,,,,,,,,,,,,,,
27/03/2024 18:15:00,0,87,,,,,,,,,,,,,,,,,,
27/03/2024 18:00:00,0,86,,,,,,,,,,,,,,,,,,
27/03/2024 17:45:00,0,86,,,,,,,,,,,,,,,,,,
27/03/2024 17:30:00,0,86,,,,,,,,,,,,,,,,,,
27/03/2024 17:15:00,0,87,,,,,,,,,,,,,,,,,,
27/03/2024 17:00:00,0,87,,,,,,,,,,,,,,,,,,
27/03/2024 16:45:00,0,87,,,,,,,,,,,,,,,,,,
27/03/2024 16:30:00,0,87,,,,,,,,,,,,,,,,,,
27/03/2024 16:15:00,0,87,,,,,,,,,,,,,,,,,,
27/03/2024 16:00:00,0,87,,,,,,,,,,,,,,,,,,
27/03/2024 15:45:00,0,87,,,,,,,,,,,,,,,,,,
27/03/2024 15:30:00,0,87,,,,,,,,,,,,,,,,,,
27/03/2024 15:15:00,0,87,,,,,,,,,,,,,,,,,,
27/03/2024 15:00:00,0,87,,,,,,,,,,,,,,,,,,
27/03/2024 14:45:00,0,87,,,,,,,,,,,,,,,,,,
27/03/2024 14:30:00,0,87,,,,,,,,,,,,,,,,,,
27/03/2024 14:15:00,0,87,,,,,,,,,,,,,,,,,,
27/03/2024 14:00:00,0,87,,,,,,,,,,,,,,,,,,
27/03/2024 13:45:00,0,87,,,,,,,,,,,,,,,,,,
27/03/2024 13:30:00,0,87,,,,,,,,,,,,,,,,,,
27/03/2024 13:15:00,0,87,,,,,,,,,,,,,,,,,,
27/03/2024 13:00:00,0,87,,,,,,,,,,,,,,,,,,
27/03/2024 12:45:00,0,87,,,,,,,,,,,,,,,,,,
27/03/2024 12:30:00,0,87,,,,,,,,,,,,,,,,,,
27/03/2024 12:15:00,0,87,,,,,,,,,,,,,,,,,,
27/03/2024 12:00:00,0,87,,,,,,,,,,,,,,,,,,
27/03/2024 11:45:00,0,87,,,,,,,,,,,,,,,,,,
27/03/2024 11:30:00,0,87,,,,,,,,,,,,,,,,,,
27/03/2024 11:15:00,0,87,,,,,,,,,,,,,,,,,,
27/03/2024 11:00:00,0,87,,,,,,,,,,,,,,,,,,
27/03/2024 10:45:00,0,87,,,,,,,,,,,,,,,,,,
27/03/2024 10:30:00,0,87,,,,,,,,,,,,,,,,,,
27/03/2024 10:15:00,0,87,,,,,,,,,,,,,,,,,,
27/03/2024 10:00:00,0,87,,,,,,,,,,,,,,,,,,
27/03/2024 09:45:00,0,88,,,,,,,,,,,,,,,,,,
27/03/2024 09:30:00,0,88,,,,,,,,,,,,,,,,,,
27/03/2024 09:15:00,0,88,,,,,,,,,,,,,,,,,,
27/03/2024 09:00:00,0,88,,,,,,,,,,,,,,,,,,
27/03/2024 08:45:00,0,88,,,,,,,,,,,,,,,,,,
27/03/2024 08:30:00,0,88,,,,,,,,,,,,,,,,,,
27/03/2024 08:15:00,0,89,,,,,,,,,,,,,,,,,,
27/03/2024 08:00:00,0,89,,,,,,,,,,,,,,,,,,
27/03/2024 07:45:00,0,89,,,,,,,,,,,,,,,,,,
27/03/2024 07:30:00,0,89,,,,,,,,,,,,,,,,,,
27/03/2024 07:15:00,0,89,,,,,,,,,,,,,,,,,,
27/03/2024 07:00:00,0,89,,,,,,,,,,,,,,,,,,
27/03/2024 06:45:00,0,89,,,,,,,,,,,,,,,,,,
27/03/2024 06:30:00,0,89,,,,,,,,,,,,,,,,,,
27/03/2024 06:15:00,0,89,,,,,,,,,,,,,,,,,,
27/03/2024 06:00:00,0,89,,,,,,,,,,,,,,,,,,
27/03/2024 05:45:00,0,89,,,,,,,,,,,,,,,,,,
27/03/2024 05:30:00,0,89,,,,,,,,,,,,,,,,,,
27/03/2024 05:15:00,0,89,,,,,,,,,,,,,,,,,,
27/03/2024 05:00:00,0,89,,,,,,,,,,,,,,,,,,
27/03/2024 04:45:00,0,89,,,,,,,,,,,,,,,,,,
27/03/2024 04:30:00,0,89,,,,,,,,,,,,,,,,,,
27/03/2024 04:15:00,0,88,,,,,,,,,,,,,,,,,,
27/03/2024 04:00:00,0,89,,,,,,,,,,,,,,,,,,
27/03/2024 03:45:00,0,88,,,,,,,,,,,,,,,,,,
27/03/2024 03:30:00,0,89,,,,,,,,,,,,,,,,,,
27/03/2024 03:15:00,0,88,,,,,,,,,,,,,,,,,,
27/03/2024 03:00:00,0,88,,,,,,,,,,,,,,,,,,
27/03/2024 02:45:00,0,88,,,,,,,,,,,,,,,,,,
27/03/2024 02:30:00,0,88,,,,,,,,,,,,,,,,,,
27/03/2024 02:15:00,0,88,,,,,,,,,,,,,,,,,,
27/03/2024 02:00:00,0,89,,,,,,,,,,,,,,,,,,
27/03/2024 01:45:00,0,88,,,,,,,,,,,,,,,,,,
27/03/2024 01:30:00,0,88,,,,,,,,,,,,,,,,,,
27/03/2024 01:15:00,0,89,,,,,,,,,,,,,,,,,,
27/03/2024 01:00:00,0,89,,,,,,,,,,,,,,,,,,
27/03/2024 00:45:00,0,89,,,,,,,,,,,,,,,,,,
27/03/2024 00:30:00,0,89,,,,,,,,,,,,,,,,,,
27/03/2024 00:15:00,0,88,,,,,,,,,,,,,,,,,,
27/03/2024 00:00:00,0,89,,,,,,,,,,,,,,,,,,
26/03/2024 23:45:00,0,89,,,,,,,,,,,,,,,,,,
26/03/2024 23:30:00,0,88,,,,,,,,,,,,,,,,,,
26/03/2024 23:15:00,0,89,,,,,,,,,,,,,,,,,,
26/03/2024 23:00:00,0,88,,,,,,,,,,,,,,,,,,
26/03/2024 22:45:00,0,88,,,,,,,,,,,,,,,,,,
26/03/2024 22:30:00,0,88,,,,,,,,,,,,,,,,,,
26/03/2024 22:15:00,0,88,,,,,,,,,,,,,,,,,,
26/03/2024 22:00:00,0,88,,,,,,,,,,,,,,,,,,
26/03/2024 21:45:00,0,88,,,,,,,,,,,,,,,,,,
26/03/2024 21:30:00,0,89,,,,,,,,,,,,,,,,,,
26/03/2024 21:15:00,0,89,,,,,,,,,,,,,,,,,,
26/03/2024 21:00:00,0,89,,,,,,,,,,,,,,,,,,
26/03/2024 20:45:00,0,89,,,,,,,,,,,,,,,,,,
26/03/2024 20:30:00,0,89,,,,,,,,,,,,,,,,,,
26/03/2024 20:15:00,0,89,,,,,,,,,,,,,,,,,,
26/03/2024 20:00:00,0,90,,,,,,,,,,,,,,,,,,
26/03/2024 19:45:00,0,90,,,,,,,,,,,,,,,,,,
26/03/2024 19:30:00,0,90,,,,,,,,,,,,,,,,,,
26/03/2024 19:15:00,0,90,,,,,,,,,,,,,,,,,,
26/03/2024 19:00:00,0,90,,,,,,,,,,,,,,,,,,
26/03/2024 18:45:00,0,90,,,,,,,,,,,,,,,,,,
26/03/2024 18:30:00,0,90,,,,,,,,,,,,,,,,,,
26/03/2024 18:15:00,0,90,,,,,,,,,,,,,,,,,,
26/03/2024 18:00:00,0,90,,,,,,,,,,,,,,,,,,
26/03/2024 17:45:00,0,90,,,,,,,,,,,,,,,,,,
26/03/2024 17:30:00,0,90,,,,,,,,,,,,,,,,,,
26/03/2024 17:15:00,0,90,,,,,,,,,,,,,,,,,,
26/03/2024 17:00:00,0,90,,,,,,,,,,,,,,,,,,
26/03/2024 16:45:00,0,90,,,,,,,,,,,,,,,,,,
26/03/2024 16:30:00,0,90,,,,,,,,,,,,,,,,,,
26/03/2024 16:15:00,0,90,,,,,,,,,,,,,,,,,,
26/03/2024 16:00:00,0,90,,,,,,,,,,,,,,,,,,
26/03/2024 15:45:00,0,90,,,,,,,,,,,,,,,,,,
26/03/2024 15:30:00,0,90,,,,,,,,,,,,,,,,,,
26/03/2024 15:15:00,0,89,,,,,,,,,,,,,,,,,,
26/03/2024 15:00:00,0,90,,,,,,,,,,,,,,,,,,
26/03/2024 14:45:00,0,90,,,,,,,,,,,,,,,,,,
26/03/2024 14:30:00,0,89,,,,,,,,,,,,,,,,,,
26/03/2024 14:15:00,0,90,,,,,,,,,,,,,,,,,,
26/03/2024 14:00:00,0,90,,,,,,,,,,,,,,,,,,
26/03/2024 13:45:00,0,90,,,,,,,,,,,,,,,,,,
26/03/2024 13:30:00,0,90,,,,,,,,,,,,,,,,,,
26/03/2024 13:15:00,0,90,,,,,,,,,,,,,,,,,,
26/03/2024 13:00:00,0,90,,,,,,,,,,,,,,,,,,
26/03/2024 12:45:00,0,91,,,,,,,,,,,,,,,,,,
26/03/2024 12:30:00,0,91,,,,,,,,,,,,,,,,,,
26/03/2024 12:15:00,0,91,,,,,,,,,,,,,,,,,,
26/03/2024 12:00:00,0,91,,,,,,,,,,,,,,,,,,
26/03/2024 11:45:00,0,91,,,,,,,,,,,,,,,,,,
26/03/2024 11:30:00,0,91,,,,,,,,,,,,,,,,,,
26/03/2024 11:15:00,0,91,,,,,,,,,,,,,,,,,,
26/03/2024 11:00:00,0,91,,,,,,,,,,,,,,,,,,
26/03/2024 10:45:00,0,91,,,,,,,,,,,,,,,,,,
26/03/2024 10:30:00,0,91,,,,,,,,,,,,,,,,,,
26/03/2024 10:15:00,0,91,,,,,,,,,,,,,,,,,,
26/03/2024 10:00:00,0,91,,,,,,,,,,,,,,,,,,
26/03/2024 09:45:00,0,91,,,,,,,,,,,,,,,,,,
26/03/2024 09:30:00,0,91,,,,,,,,,,,,,,,,,,
26/03/2024 09:15:00,0,91,,,,,,,,,,,,,,,,,,
26/03/2024 09:00:00,0,91,,,,,,,,,,,,,,,,,,
26/03/2024 08:45:00,0,91,,,,,,,,,,,,,,,,,,
26/03/2024 08:30:00,0,91,,,,,,,,,,,,,,,,,,
26/03/2024 08:15:00,0,91,,,,,,,,,,,,,,,,,,
26/03/2024 08:00:00,0,91,,,,,,,,,,,,,,,,,,
26/03/2024 07:45:00,0,91,,,,,,,,,,,,,,,,,,
26/03/2024 07:30:00,0,92,,,,,,,,,,,,,,,,,,
26/03/2024 07:15:00,0,91,,,,,,,,,,,,,,,,,,
26/03/2024 07:00:00,0,92,,,,,,,,,,,,,,,,,,
26/03/2024 06:45:00,0,92,,,,,,,,,,,,,,,,,,
26/03/2024 06:30:00,0,92,,,,,,,,,,,,,,,,,,
26/03/2024 06:15:00,0,92,,,,,,,,,,,,,,,,,,
26/03/2024 06:00:00,0,92,,,,,,,,,,,,,,,,,,
26/03/2024 05:45:00,0,92,,,,,,,,,,,,,,,,,,
26/03/2024 05:30:00,0,92,,,,,,,,,,,,,,,,,,
26/03/2024 05:15:00,0,92,,,,,,,,,,,,,,,,,,
26/03/2024 05:00:00,0,92,,,,,,,,,,,,,,,,,,
26/03/2024 04:45:00,0,93,,,,,,,,,,,,,,,,,,
26/03/2024 04:30:00,0,93,,,,,,,,,,,,,,,,,,
26/03/2024 04:15:00,0,93,,,,,,,,,,,,,,,,,,
26/03/2024 04:00:00,0,93,,,,,,,,,,,,,,,,,,
26/03/2024 03:45:00,0,93,,,,,,,,,,,,,,,,,,
26/03/2024 03:30:00,0,93,,,,,,,,,,,,,,,,,,
26/03/2024 03:15:00,0,93,,,,,,,,,,,,,,,,,,
26/03/2024 03:00:00,0,93,,,,,,,,,,,,,,,,,,
26/03/2024 02:45:00,0,93,,,,,,,,,,,,,,,,,,
26/03/2024 02:30:00,0,93,,,,,,,,,,,,,,,,,,
26/03/2024 02:15:00,0,93,,,,,,,,,,,,,,,,,,
26/03/2024 02:00:00,0,93,,,,,,,,,,,,,,,,,,
26/03/2024 01:45:00,0,92,,,,,,,,,,,,,,,,,,
26/03/2024 01:30:00,0,92,,,,,,,,,,,,,,,,,,
26/03/2024 01:15:00,0,92,,,,,,,,,,,,,,,,,,
26/03/2024 01:00:00,0,92,,,,,,,,,,,,,,,,,,
26/03/2024 00:45:00,0,93,,,,,,,,,,,,,,,,,,
26/03/2024 00:30:00,0,93,,,,,,,,,,,,,,,,,,
26/03/2024 00:15:00,0,93,,,,,,,,,,,,,,,,,,
26/03/2024 00:00:00,0,93,,,,,,,,,,,,,,,,,,
25/03/2024 23:45:00,0,93,,,,,,,,,,,,,,,,,,
25/03/2024 23:30:00,0,93,,,,,,,,,,,,,,,,,,
25/03/2024 23:15:00,0,93,,,,,,,,,,,,,,,,,,
25/03/2024 23:00:00,0,94,,,,,,,,,,,,,,,,,,
25/03/2024 22:45:00,0,94,,,,,,,,,,,,,,,,,,
25/03/2024 22:30:00,0,94,,,,,,,,,,,,,,,,,,
25/03/2024 22:15:00,0,94,,,,,,,,,,,,,,,,,,
25/03/2024 22:00:00,0,94,,,,,,,,,,,,,,,,,,
25/03/2024 21:45:00,0,94,,,,,,,,,,,,,,,,,,
25/03/2024 21:30:00,0,94,,,,,,,,,,,,,,,,,,
25/03/2024 21:15:00,0,95,,,,,,,,,,,,,,,,,,
25/03/2024 21:00:00,0,95,,,,,,,,,,,,,,,,,,
25/03/2024 20:45:00,0,95,,,,,,,,,,,,,,,,,,
25/03/2024 20:30:00,0,95,,,,,,,,,,,,,,,,,,
25/03/2024 20:15:00,0,95,,,,,,,,,,,,,,,,,,
25/03/2024 20:00:00,0,95,,,,,,,,,,,,,,,,,,
25/03/2024 19:45:00,0,95,,,,,,,,,,,,,,,,,,
25/03/2024 19:30:00,0,95,,,,,,,,,,,,,,,,,,
25/03/2024 19:15:00,0,95,,,,,,,,,,,,,,,,,,
25/03/2024 19:00:00,0,95,,,,,,,,,,,,,,,,,,
25/03/2024 18:45:00,0,95,,,,,,,,,,,,,,,,,,
25/03/2024 18:30:00,0,95,,,,,,,,,,,,,,,,,,
25/03/2024 18:15:00,0,95,,,,,,,,,,,,,,,,,,
25/03/2024 18:00:00,0,94,,,,,,,,,,,,,,,,,,
25/03/2024 17:45:00,0,95,,,,,,,,,,,,,,,,,,
25/03/2024 17:30:00,0,94,,,,,,,,,,,,,,,,,,
25/03/2024 17:15:00,0,94,,,,,,,,,,,,,,,,,,
25/03/2024 17:00:00,0,94,,,,,,,,,,,,,,,,,,
25/03/2024 16:45:00,0,94,,,,,,,,,,,,,,,,,,
25/03/2024 16:30:00,0,94,,,,,,,,,,,,,,,,,,
25/03/2024 16:15:00,0,94,,,,,,,,,,,,,,,,,,
25/03/2024 16:00:00,0,94,,,,,,,,,,,,,,,,,,
25/03/2024 15:45:00,0,95,,,,,,,,,,,,,,,,,,
25/03/2024 15:30:00,0,95,,,,,,,,,,,,,,,,,,
25/03/2024 15:15:00,0,95,,,,,,,,,,,,,,,,,,
25/03/2024 15:00:00,0,95,,,,,,,,,,,,,,,,,,
25/03/2024 14:45:00,0,95,,,,,,,,,,,,,,,,,,
25/03/2024 14:30:00,0,95,,,,,,,,,,,,,,,,,,
25/03/2024 14:15:00,0,95,,,,,,,,,,,,,,,,,,
25/03/2024 14:00:00,0,95,,,,,,,,,,,,,,,,,,
25/03/2024 13:45:00,0,95,,,,,,,,,,,,,,,,,,
25/03/2024 13:30:00,0,96,,,,,,,,,,,,,,,,,,
25/03/2024 13:15:00,0,96,,,,,,,,,,,,,,,,,,
25/03/2024 13:00:00,0,96,,,,,,,,,,,,,,,,,,
25/03/2024 12:45:00,0,96,,,,,,,,,,,,,,,,,,
25/03/2024 12:30:00,0,97,,,,,,,,,,,,,,,,,,
25/03/2024 12:15:00,0,97,,,,,,,,,,,,,,,,,,
25/03/2024 12:00:00,0,97,,,,,,,,,,,,,,,,,,
25/03/2024 11:45:00,0,97,,,,,,,,,,,,,,,,,,
25/03/2024 11:30:00,0,97,,,,,,,,,,,,,,,,,,
25/03/2024 11:15:00,0,97,,,,,,,,,,,,,,,,,,
25/03/2024 11:00:00,0,97,,,,,,,,,,,,,,,,,,
25/03/2024 10:45:00,0,97,,,,,,,,,,,,,,,,,,
25/03/2024 10:30:00,0,97,,,,,,,,,,,,,,,,,,
25/03/2024 10:15:00,0,97,,,,,,,,,,,,,,,,,,
25/03/2024 10:00:00,0,97,,,,,,,,,,,,,,,,,,
25/03/2024 09:45:00,0,97,,,,,,,,,,,,,,,,,,
25/03/2024 09:30:00,0,97,,,,,,,,,,,,,,,,,,
25/03/2024 09:15:00,0,97,,,,,,,,,,,,,,,,,,
25/03/2024 09:00:00,0,97,,,,,,,,,,,,,,,,,,
25/03/2024 08:45:00,0,97,,,,,,,,,,,,,,,,,,
25/03/2024 08:30:00,0,97,,,,,,,,,,,,,,,,,,
25/03/2024 08:15:00,0,97,,,,,,,,,,,,,,,,,,
25/03/2024 08:00:00,0,97,,,,,,,,,,,,,,,,,,
25/03/2024 07:45:00,0,97,,,,,,,,,,,,,,,,,,
25/03/2024 07:30:00,0,97,,,,,,,,,,,,,,,,,,
25/03/2024 07:15:00,0,97,,,,,,,,,,,,,,,,,,
25/03/2024 07:00:00,0,97,,,,,,,,,,,,,,,,,,
25/03/2024 06:45:00,0,97,,,,,,,,,,,,,,,,,,
25/03/2024 06:30:00,0,97,,,,,,,,,,,,,,,,,,
25/03/2024 06:15:00,0,97,,,,,,,,,,,,,,,,,,
25/03/2024 06:00:00,0,98,,,,,,,,,,,,,,,,,,
25/03/2024 05:45:00,0,98,,,,,,,,,,,,,,,,,,
25/03/2024 05:30:00,0,98,,,,,,,,,,,,,,,,,,
25/03/2024 05:15:00,0,98,,,,,,,,,,,,,,,,,,
25/03/2024 05:00:00,0,98,,,,,,,,,,,,,,,,,,
25/03/2024 04:45:00,0,98,,,,,,,,,,,,,,,,,,
25/03/2024 04:30:00,0,98,,,,,,,,,,,,,,,,,,
25/03/2024 04:15:00,0,99,,,,,,,,,,,,,,,,,,
25/03/2024 04:00:00,0,99,,,,,,,,,,,,,,,,,,
25/03/2024 03:45:00,0,99,,,,,,,,,,,,,,,,,,
25/03/2024 03:30:00,0,99,,,,,,,,,,,,,,,,,,
25/03/2024 03:15:00,0,100,,,,,,,,,,,,,,,,,,
25/03/2024 03:00:00,0,100,,,,,,,,,,,,,,,,,,
25/03/2024 02:45:00,0,100,,,,,,,,,,,,,,,,,,
25/03/2024 02:30:00,0,100,,,,,,,,,,,,,,,,,,
25/03/2024 02:15:00,0,100,,,,,,,,,,,,,,,,,,
25/03/2024 02:00:00,0,101,,,,,,,,,,,,,,,,,,
25/03/2024 01:45:00,0,100,,,,,,,,,,,,,,,,,,
25/03/2024 01:30:00,0,101,,,,,,,,,,,,,,,,,,
25/03/2024 01:15:00,0,101,,,,,,,,,,,,,,,,,,
25/03/2024 01:00:00,0,101,,,,,,,,,,,,,,,,,,
25/03/2024 00:45:00,0,101,,,,,,,,,,,,,,,,,,
25/03/2024 00:30:00,0,101,,,,,,,,,,,,,,,,,,
25/03/2024 00:15:00,0,101,,,,,,,,,,,,,,,,,,
25/03/2024 00:00:00,0,101,,,,,,,,,,,,,,,,,,
24/03/2024 23:45:00,0,101,,,,,,,,,,,,,,,,,,
24/03/2024 23:30:00,0,102,,,,,,,,,,,,,,,,,,
24/03/2024 23:15:00,0,102,,,,,,,,,,,,,,,,,,
24/03/2024 23:00:00,0,102,,,,,,,,,,,,,,,,,,
24/03/2024 22:45:00,0,102,,,,,,,,,,,,,,,,,,
24/03/2024 22:30:00,0,102,,,,,,,,,,,,,,,,,,
24/03/2024 22:15:00,0,102,,,,,,,,,,,,,,,,,,
24/03/2024 22:00:00,0,102,,,,,,,,,,,,,,,,,,
24/03/2024 21:45:00,0,102,,,,,,,,,,,,,,,,,,
24/03/2024 21:30:00,0,102,,,,,,,,,,,,,,,,,,
24/03/2024 21:15:00,0,103,,,,,,,,,,,,,,,,,,
24/03/2024 21:00:00,0,103,,,,,,,,,,,,,,,,,,
24/03/2024 20:45:00,0,103,,,,,,,,,,,,,,,,,,
24/03/2024 20:30:00,0,103,,,,,,,,,,,,,,,,,,
24/03/2024 20:15:00,0,103,,,,,,,,,,,,,,,,,,
24/03/2024 20:00:00,0,103,,,,,,,,,,,,,,,,,,
24/03/2024 19:45:00,0,103,,,,,,,,,,,,,,,,,,
24/03/2024 19:30:00,0,103,,,,,,,,,,,,,,,,,,
24/03/2024 19:15:00,0,103,,,,,,,,,,,,,,,,,,
24/03/2024 19:00:00,0,103,,,,,,,,,,,,,,,,,,
24/03/2024 18:45:00,0,104,,,,,,,,,,,,,,,,,,
24/03/2024 18:30:00,0,104,,,,,,,,,,,,,,,,,,
24/03/2024 18:15:00,0,104,,,,,,,,,,,,,,,,,,
24/03/2024 18:00:00,0,104,,,,,,,,,,,,,,,,,,
24/03/2024 17:45:00,0,104,,,,,,,,,,,,,,,,,,
24/03/2024 17:30:00,0,104,,,,,,,,,,,,,,,,,,
24/03/2024 17:15:00,0,104,,,,,,,,,,,,,,,,,,
24/03/2024 17:00:00,0,104,,,,,,,,,,,,,,,,,,
24/03/2024 16:45:00,0,104,,,,,,,,,,,,,,,,,,
24/03/2024 16:30:00,0,105,,,,,,,,,,,,,,,,,,
24/03/2024 16:15:00,0,105,,,,,,,,,,,,,,,,,,
24/03/2024 16:00:00,0,105,,,,,,,,,,,,,,,,,,
24/03/2024 15:45:00,0,105,,,,,,,,,,,,,,,,,,
24/03/2024 15:30:00,0,105,,,,,,,,,,,,,,,,,,
24/03/2024 15:15:00,0,105,,,,,,,,,,,,,,,,,,
24/03/2024 15:00:00,0,105,,,,,,,,,,,,,,,,,,
24/03/2024 14:45:00,0,105,,,,,,,,,,,,,,,,,,
24/03/2024 14:30:00,0,106,,,,,,,,,,,,,,,,,,
24/03/2024 14:15:00,0,106,,,,,,,,,,,,,,,,,,
24/03/2024 14:00:00,0,106,,,,,,,,,,,,,,,,,,
24/03/2024 13:45:00,0,106,,,,,,,,,,,,,,,,,,
24/03/2024 13:30:00,0,106,,,,,,,,,,,,,,,,,,
24/03/2024 13:15:00,0,106,,,,,,,,,,,,,,,,,,
24/03/2024 13:00:00,0,107,,,,,,,,,,,,,,,,,,
24/03/2024 12:45:00,0,107,,,,,,,,,,,,,,,,,,
24/03/2024 12:30:00,0,107,,,,,,,,,,,,,,,,,,
24/03/2024 12:15:00,0,107,,,,,,,,,,,,,,,,,,
24/03/2024 12:00:00,0,107,,,,,,,,,,,,,,,,,,
24/03/2024 11:45:00,0,107,,,,,,,,,,,,,,,,,,
24/03/2024 11:30:00,0,108,,,,,,,,,,,,,,,,,,
24/03/2024 11:15:00,0,108,,,,,,,,,,,,,,,,,,
24/03/2024 11:00:00,0,108,,,,,,,,,,,,,,,,,,
24/03/2024 10:45:00,0,108,,,,,,,,,,,,,,,,,,
24/03/2024 10:30:00,0,108,,,,,,,,,,,,,,,,,,
24/03/2024 10:15:00,0,108,,,,,,,,,,,,,,,,,,
24/03/2024 10:00:00,0,108,,,,,,,,,,,,,,,,,,
24/03/2024 09:45:00,0,108,,,,,,,,,,,,,,,,,,
24/03/2024 09:30:00,0,108,,,,,,,,,,,,,,,,,,
24/03/2024 09:15:00,0,108,,,,,,,,,,,,,,,,,,
24/03/2024 09:00:00,0,109,,,,,,,,,,,,,,,,,,
24/03/2024 08:45:00,0,109,,,,,,,,,,,,,,,,,,
24/03/2024 08:30:00,0,109,,,,,,,,,,,,,,,,,,
24/03/2024 08:15:00,0,109,,,,,,,,,,,,,,,,,,
24/03/2024 08:00:00,0,109,,,,,,,,,,,,,,,,,,
24/03/2024 07:45:00,0,109,,,,,,,,,,,,,,,,,,
24/03/2024 07:30:00,0,109,,,,,,,,,,,,,,,,,,
24/03/2024 07:15:00,0,109,,,,,,,,,,,,,,,,,,
24/03/2024 07:00:00,0,110,,,,,,,,,,,,,,,,,,
24/03/2024 06:45:00,0,110,,,,,,,,,,,,,,,,,,
24/03/2024 06:30:00,0,110,,,,,,,,,,,,,,,,,,
24/03/2024 06:15:00,0,110,,,,,,,,,,,,,,,,,,
24/03/2024 06:00:00,0,110,,,,,,,,,,,,,,,,,,
24/03/2024 05:45:00,0,110,,,,,,,,,,,,,,,,,,
24/03/2024 05:30:00,0,110,,,,,,,,,,,,,,,,,,
24/03/2024 05:15:00,0,111,,,,,,,,,,,,,,,,,,
24/03/2024 05:00:00,0,111,,,,,,,,,,,,,,,,,,
24/03/2024 04:45:00,0,111,,,,,,,,,,,,,,,,,,
24/03/2024 04:30:00,0,111,,,,,,,,,,,,,,,,,,
24/03/2024 04:15:00,0,112,,,,,,,,,,,,,,,,,,
24/03/2024 04:00:00,0,112,,,,,,,,,,,,,,,,,,
24/03/2024 03:45:00,0,112,,,,,,,,,,,,,,,,,,
24/03/2024 03:30:00,0,112,,,,,,,,,,,,,,,,,,
24/03/2024 03:15:00,0,112,,,,,,,,,,,,,,,,,,
24/03/2024 03:00:00,0,113,,,,,,,,,,,,,,,,,,
24/03/2024 02:45:00,0,113,,,,,,,,,,,,,,,,,,
24/03/2024 02:30:00,0,113,,,,,,,,,,,,,,,,,,
24/03/2024 02:15:00,0,113,,,,,,,,,,,,,,,,,,
24/03/2024 02:00:00,0,113,,,,,,,,,,,,,,,,,,
24/03/2024 01:45:00,0,114,,,,,,,,,,,,,,,,,,
24/03/2024 01:30:00,0,114,,,,,,,,,,,,,,,,,,
24/03/2024 01:15:00,0,114,,,,,,,,,,,,,,,,,,
24/03/2024 01:00:00,0,114,,,,,,,,,,,,,,,,,,
24/03/2024 00:45:00,0,114,,,,,,,,,,,,,,,,,,
24/03/2024 00:30:00,0,114,,,,,,,,,,,,,,,,,,
24/03/2024 00:15:00,0,114,,,,,,,,,,,,,,,,,,
24/03/2024 00:00:00,0,115,,,,,,,,,,,,,,,,,,
23/03/2024 23:45:00,0,115,,,,,,,,,,,,,,,,,,
23/03/2024 23:30:00,0,115,,,,,,,,,,,,,,,,,,
23/03/2024 23:15:00,0,115,,,,,,,,,,,,,,,,,,
23/03/2024 23:00:00,0,115,,,,,,,,,,,,,,,,,,
23/03/2024 22:45:00,0,116,,,,,,,,,,,,,,,,,,
23/03/2024 22:30:00,0,115,,,,,,,,,,,,,,,,,,
23/03/2024 22:15:00,0,115,,,,,,,,,,,,,,,,,,
23/03/2024 22:00:00,0,116,,,,,,,,,,,,,,,,,,
23/03/2024 21:45:00,0,116,,,,,,,,,,,,,,,,,,
23/03/2024 21:30:00,0,116,,,,,,,,,,,,,,,,,,
23/03/2024 21:15:00,0,116,,,,,,,,,,,,,,,,,,
23/03/2024 21:00:00,0,117,,,,,,,,,,,,,,,,,,
23/03/2024 20:45:00,0,117,,,,,,,,,,,,,,,,,,
23/03/2024 20:30:00,0,117,,,,,,,,,,,,,,,,,,
23/03/2024 20:15:00,0,118,,,,,,,,,,,,,,,,,,
23/03/2024 20:00:00,0,118,,,,,,,,,,,,,,,,,,
23/03/2024 19:45:00,0,118,,,,,,,,,,,,,,,,,,
23/03/2024 19:30:00,0,118,,,,,,,,,,,,,,,,,,
23/03/2024 19:15:00,0,119,,,,,,,,,,,,,,,,,,
23/03/2024 19:00:00,0,119,,,,,,,,,,,,,,,,,,
23/03/2024 18:45:00,0,119,,,,,,,,,,,,,,,,,,
23/03/2024 18:30:00,0,120,,,,,,,,,,,,,,,,,,
23/03/2024 18:15:00,0,120,,,,,,,,,,,,,,,,,,
23/03/2024 18:00:00,0,120,,,,,,,,,,,,,,,,,,
23/03/2024 17:45:00,0,121,,,,,,,,,,,,,,,,,,
23/03/2024 17:30:00,0,121,,,,,,,,,,,,,,,,,,
23/03/2024 17:15:00,0,121,,,,,,,,,,,,,,,,,,
23/03/2024 17:00:00,0,122,,,,,,,,,,,,,,,,,,
23/03/2024 16:45:00,0,122,,,,,,,,,,,,,,,,,,
23/03/2024 16:30:00,0,122,,,,,,,,,,,,,,,,,,
23/03/2024 16:15:00,0,123,,,,,,,,,,,,,,,,,,
23/03/2024 16:00:00,0,123,,,,,,,,,,,,,,,,,,
23/03/2024 15:45:00,0,123,,,,,,,,,,,,,,,,,,
23/03/2024 15:30:00,0,124,,,,,,,,,,,,,,,,,,
23/03/2024 15:15:00,0,124,,,,,,,,,,,,,,,,,,
23/03/2024 15:00:00,0,124,,,,,,,,,,,,,,,,,,
23/03/2024 14:45:00,0,125,,,,,,,,,,,,,,,,,,
23/03/2024 14:30:00,0,125,,,,,,,,,,,,,,,,,,
23/03/2024 14:15:00,0,126,,,,,,,,,,,,,,,,,,
23/03/2024 14:00:00,0,126,,,,,,,,,,,,,,,,,,
23/03/2024 13:45:00,0,126,,,,,,,,,,,,,,,,,,
23/03/2024 13:30:00,0,127,,,,,,,,,,,,,,,,,,
23/03/2024 13:15:00,0,127,,,,,,,,,,,,,,,,,,
23/03/2024 13:00:00,0,128,,,,,,,,,,,,,,,,,,
23/03/2024 12:45:00,0,128,,,,,,,,,,,,,,,,,,
23/03/2024 12:30:00,0,128,,,,,,,,,,,,,,,,,,
23/03/2024 12:15:00,0,129,,,,,,,,,,,,,,,,,,
23/03/2024 12:00:00,0,130,,,,,,,,,,,,,,,,,,
23/03/2024 11:45:00,0,130,,,,,,,,,,,,,,,,,,
23/03/2024 11:30:00,0,131,,,,,,,,,,,,,,,,,,
23/03/2024 11:15:00,0,131,,,,,,,,,,,,,,,,,,
23/03/2024 11:00:00,0,132,,,,,,,,,,,,,,,,,,
23/03/2024 10:45:00,0,132,,,,,,,,,,,,,,,,,,
23/03/2024 10:30:00,0,132,,,,,,,,,,,,,,,,,,
23/03/2024 10:15:00,0,133,,,,,,,,,,,,,,,,,,
23/03/2024 10:00:00,0,133,,,,,,,,,,,,,,,,,,
23/03/2024 09:45:00,0,134,,,,,,,,,,,,,,,,,,
23/03/2024 09:30:00,0,135,,,,,,,,,,,,,,,,,,
23/03/2024 09:15:00,0,135,,,,,,,,,,,,,,,,,,
23/03/2024 09:00:00,0,135,,,,,,,,,,,,,,,,,,
23/03/2024 08:45:00,0,136,,,,,,,,,,,,,,,,,,
23/03/2024 08:30:00,0,137,,,,,,,,,,,,,,,,,,
23/03/2024 08:15:00,0,137,,,,,,,,,,,,,,,,,,
23/03/2024 08:00:00,0,138,,,,,,,,,,,,,,,,,,
23/03/2024 07:45:00,0,138,,,,,,,,,,,,,,,,,,
23/03/2024 07:30:00,0,139,,,,,,,,,,,,,,,,,,
23/03/2024 07:15:00,0,140,,,,,,,,,,,,,,,,,,
23/03/2024 07:00:00,0,140,,,,,,,,,,,,,,,,,,
23/03/2024 06:45:00,0,141,,,,,,,,,,,,,,,,,,
23/03/2024 06:30:00,0,141,,,,,,,,,,,,,,,,,,
23/03/2024 06:15:00,0,142,,,,,,,,,,,,,,,,,,
23/03/2024 06:00:00,0,142,,,,,,,,,,,,,,,,,,
23/03/2024 05:45:00,0,143,,,,,,,,,,,,,,,,,,
23/03/2024 05:30:00,0,143,,,,,,,,,,,,,,,,,,
23/03/2024 05:15:00,0,144,,,,,,,,,,,,,,,,,,
23/03/2024 05:00:00,0,145,,,,,,,,,,,,,,,,,,
23/03/2024 04:45:00,0,145,,,,,,,,,,,,,,,,,,
23/03/2024 04:30:00,0,146,,,,,,,,,,,,,,,,,,
23/03/2024 04:15:00,0,146,,,,,,,,,,,,,,,,,,
23/03/2024 04:00:00,0,147,,,,,,,,,,,,,,,,,,
23/03/2024 03:45:00,0,147,,,,,,,,,,,,,,,,,,
23/03/2024 03:30:00,0,148,,,,,,,,,,,,,,,,,,
23/03/2024 03:15:00,0,148,,,,,,,,,,,,,,,,,,
23/03/2024 03:00:00,0,148,,,,,,,,,,,,,,,,,,
23/03/2024 02:45:00,0,149,,,,,,,,,,,,,,,,,,
23/03/2024 02:30:00,0,149,,,,,,,,,,,,,,,,,,
23/03/2024 02:15:00,0,150,,,,,,,,,,,,,,,,,,
23/03/2024 02:00:00,0,150,,,,,,,,,,,,,,,,,,
23/03/2024 01:45:00,0,150,,,,,,,,,,,,,,,,,,
23/03/2024 01:30:00,0,150,,,,,,,,,,,,,,,,,,
23/03/2024 01:15:00,0,150,,,,,,,,,,,,,,,,,,
23/03/2024 01:00:00,0,150,,,,,,,,,,,,,,,,,,
23/03/2024 00:45:00,0,150,,,,,,,,,,,,,,,,,,
23/03/2024 00:30:00,0,150,,,,,,,,,,,,,,,,,,
23/03/2024 00:15:00,0,150,,,,,,,,,,,,,,,,,,
23/03/2024 00:00:00,0,150,,,,,,,,,,,,,,,,,,
22/03/2024 23:45:00,0,150,,,,,,,,,,,,,,,,,,
22/03/2024 23:30:00,0,150,,,,,,,,,,,,,,,,,,
22/03/2024 23:15:00,0,149,,,,,,,,,,,,,,,,,,
22/03/2024 23:00:00,0,149,,,,,,,,,,,,,,,,,,
22/03/2024 22:45:00,0,149,,,,,,,,,,,,,,,,,,
22/03/2024 22:30:00,0,149,,,,,,,,,,,,,,,,,,
22/03/2024 22:15:00,0,148,,,,,,,,,,,,,,,,,,
22/03/2024 22:00:00,0,148,,,,,,,,,,,,,,,,,,
22/03/2024 21:45:00,0,148,,,,,,,,,,,,,,,,,,
22/03/2024 21:30:00,0,148,,,,,,,,,,,,,,,,,,
22/03/2024 21:15:00,0,148,,,,,,,,,,,,,,,,,,
22/03/2024 21:00:00,0,148,,,,,,,,,,,,,,,,,,
22/03/2024 20:45:00,0,148,,,,,,,,,,,,,,,,,,
22/03/2024 20:30:00,0,148,,,,,,,,,,,,,,,,,,
22/03/2024 20:15:00,0,148,,,,,,,,,,,,,,,,,,
22/03/2024 20:00:00,0,148,,,,,,,,,,,,,,,,,,
22/03/2024 19:45:00,0,148,,,,,,,,,,,,,,,,,,
22/03/2024 19:30:00,0,148,,,,,,,,,,,,,,,,,,
22/03/2024 19:15:00,0,148,,,,,,,,,,,,,,,,,,
22/03/2024 19:00:00,0,148,,,,,,,,,,,,,,,,,,
22/03/2024 18:45:00,0,149,,,,,,,,,,,,,,,,,,
22/03/2024 18:30:00,0,149,,,,,,,,,,,,,,,,,,
22/03/2024 18:15:00,0,149,,,,,,,,,,,,,,,,,,
22/03/2024 18:00:00,0,150,,,,,,,,,,,,,,,,,,
22/03/2024 17:45:00,0,150,,,,,,,,,,,,,,,,,,
22/03/2024 17:30:00,0,151,,,,,,,,,,,,,,,,,,
22/03/2024 17:15:00,0,151,,,,,,,,,,,,,,,,,,
22/03/2024 17:00:00,0,151,,,,,,,,,,,,,,,,,,
22/03/2024 16:45:00,0,152,,,,,,,,,,,,,,,,,,
22/03/2024 16:30:00,0,152,,,,,,,,,,,,,,,,,,
22/03/2024 16:15:00,0,153,,,,,,,,,,,,,,,,,,
22/03/2024 16:00:00,0,153,,,,,,,,,,,,,,,,,,
22/03/2024 15:45:00,0,154,,,,,,,,,,,,,,,,,,
22/03/2024 15:30:00,0,155,,,,,,,,,,,,,,,,,,
22/03/2024 15:15:00,0,155,,,,,,,,,,,,,,,,,,
22/03/2024 15:00:00,0,156,,,,,,,,,,,,,,,,,,
22/03/2024 14:45:00,0,157,,,,,,,,,,,,,,,,,,
22/03/2024 14:30:00,0,157,,,,,,,,,,,,,,,,,,
22/03/2024 14:15:00,0,158,,,,,,,,,,,,,,,,,,
22/03/2024 14:00:00,0,158,,,,,,,,,,,,,,,,,,
22/03/2024 13:45:00,0,159,,,,,,,,,,,,,,,,,,
22/03/2024 13:30:00,0,159,,,,,,,,,,,,,,,,,,
22/03/2024 13:15:00,0,160,,,,,,,,,,,,,,,,,,
22/03/2024 13:00:00,0,160,,,,,,,,,,,,,,,,,,
22/03/2024 12:45:00,0,160,,,,,,,,,,,,,,,,,,
22/03/2024 12:30:00,0,161,,,,,,,,,,,,,,,,,,
22/03/2024 12:15:00,0,161,,,,,,,,,,,,,,,,,,
22/03/2024 12:00:00,0,161,,,,,,,,,,,,,,,,,,
22/03/2024 11:45:00,0,161,,,,,,,,,,,,,,,,,,
22/03/2024 11:30:00,0,161,,,,,,,,,,,,,,,,,,
22/03/2024 11:15:00,0,160,,,,,,,,,,,,,,,,,,
22/03/2024 11:00:00,0,160,,,,,,,,,,,,,,,,,,
22/03/2024 10:45:00,0,159,,,,,,,,,,,,,,,,,,
22/03/2024 10:30:00,0,158,,,,,,,,,,,,,,,,,,
22/03/2024 10:15:00,0,157,,,,,,,,,,,,,,,,,,
22/03/2024 10:00:00,0,156,,,,,,,,,,,,,,,,,,
22/03/2024 09:45:00,0,155,,,,,,,,,,,,,,,,,,
22/03/2024 09:30:00,0,154,,,,,,,,,,,,,,,,,,
22/03/2024 09:15:00,0,152,,,,,,,,,,,,,,,,,,
22/03/2024 09:00:00,0,150,,,,,,,,,,,,,,,,,,
22/03/2024 08:45:00,0,148,,,,,,,,,,,,,,,,,,
22/03/2024 08:30:00,0,146,,,,,,,,,,,,,,,,,,
22/03/2024 08:15:00,0,144,,,,,,,,,,,,,,,,,,
22/03/2024 08:00:00,0,141,,,,,,,,,,,,,,,,,,
22/03/2024 07:45:00,0,139,,,,,,,,,,,,,,,,,,
22/03/2024 07:30:00,0,136,,,,,,,,,,,,,,,,,,
22/03/2024 07:15:00,0,134,,,,,,,,,,,,,,,,,,
22/03/2024 07:00:00,0,131,,,,,,,,,,,,,,,,,,
22/03/2024 06:45:00,0,129,,,,,,,,,,,,,,,,,,
22/03/2024 06:30:00,0,126,,,,,,,,,,,,,,,,,,
22/03/2024 06:15:00,0,124,,,,,,,,,,,,,,,,,,
22/03/2024 06:00:00,0,122,,,,,,,,,,,,,,,,,,
22/03/2024 05:45:00,0,121,,,,,,,,,,,,,,,,,,
22/03/2024 05:30:00,0,119,,,,,,,,,,,,,,,,,,
22/03/2024 05:15:00,0,118,,,,,,,,,,,,,,,,,,
22/03/2024 05:00:00,0,117,,,,,,,,,,,,,,,,,,
22/03/2024 04:45:00,0,116,,,,,,,,,,,,,,,,,,
22/03/2024 04:30:00,0,116,,,,,,,,,,,,,,,,,,
22/03/2024 04:15:00,0,115,,,,,,,,,,,,,,,,,,
22/03/2024 04:00:00,0,115,,,,,,,,,,,,,,,,,,
22/03/2024 03:45:00,0,115,,,,,,,,,,,,,,,,,,
22/03/2024 03:30:00,0,114,,,,,,,,,,,,,,,,,,
22/03/2024 03:15:00,0,114,,,,,,,,,,,,,,,,,,
22/03/2024 03:00:00,0,113,,,,,,,,,,,,,,,,,,
22/03/2024 02:45:00,0,113,,,,,,,,,,,,,,,,,,
22/03/2024 02:30:00,0,113,,,,,,,,,,,,,,,,,,
22/03/2024 02:15:00,0,112,,,,,,,,,,,,,,,,,,
22/03/2024 02:00:00,0,112,,,,,,,,,,,,,,,,,,
22/03/2024 01:45:00,0,111,,,,,,,,,,,,,,,,,,
22/03/2024 01:30:00,0,110,,,,,,,,,,,,,,,,,,
22/03/2024 01:15:00,0,110,,,,,,,,,,,,,,,,,,
22/03/2024 01:00:00,0.2,109,,,,,,,,,,,,,,,,,,
22/03/2024 00:45:00,0.4,108,,,,,,,,,,,,,,,,,,
22/03/2024 00:30:00,0.6,107,,,,,,,,,,,,,,,,,,
22/03/2024 00:15:00,0.4,106,,,,,,,,,,,,,,,,,,
22/03/2024 00:00:00,0.4,105,,,,,,,,,,,,,,,,,,
21/03/2024 23:45:00,0.6,104,,,,,,,,,,,,,,,,,,
21/03/2024 23:30:00,0,103,,,,,,,,,,,,,,,,,,
21/03/2024 23:15:00,0.2,103,,,,,,,,,,,,,,,,,,
21/03/2024 23:00:00,0,102,,,,,,,,,,,,,,,,,,
21/03/2024 22:45:00,0,102,,,,,,,,,,,,,,,,,,
21/03/2024 22:30:00,0.2,101,,,,,,,,,,,,,,,,,,
21/03/2024 22:15:00,0.2,101,,,,,,,,,,,,,,,,,,
21/03/2024 22:00:00,0.2,101,,,,,,,,,,,,,,,,,,
21/03/2024 21:45:00,0.2,101,,,,,,,,,,,,,,,,,,
21/03/2024 21:30:00,0.6,101,,,,,,,,,,,,,,,,,,
21/03/2024 21:15:00,0.4,100,,,,,,,,,,,,,,,,,,
21/03/2024 21:00:00,0,100,,,,,,,,,,,,,,,,,,
21/03/2024 20:45:00,0,101,,,,,,,,,,,,,,,,,,
21/03/2024 20:30:00,0,100,,,,,,,,,,,,,,,,,,
21/03/2024 20:15:00,0.2,100,,,,,,,,,,,,,,,,,,
21/03/2024 20:00:00,0,100,,,,,,,,,,,,,,,,,,
21/03/2024 19:45:00,0.2,100,,,,,,,,,,,,,,,,,,
21/03/2024 19:30:00,0,100,,,,,,,,,,,,,,,,,,
21/03/2024 19:15:00,0,100,,,,,,,,,,,,,,,,,,
21/03/2024 19:00:00,0,99,,,,,,,,,,,,,,,,,,
21/03/2024 18:45:00,0,99,,,,,,,,,,,,,,,,,,
21/03/2024 18:30:00,0,98,,,,,,,,,,,,,,,,,,
21/03/2024 18:15:00,0.2,98,,,,,,,,,,,,,,,,,,
21/03/2024 18:00:00,0.2,98,,,,,,,,,,,,,,,,,,
21/03/2024 17:45:00,1.4,98,,,,,,,,,,,,,,,,,,
21/03/2024 17:30:00,0,97,,,,,,,,,,,,,,,,,,
21/03/2024 17:15:00,0,96,,,,,,,,,,,,,,,,,,
21/03/2024 17:00:00,0,96,,,,,,,,,,,,,,,,,,
21/03/2024 16:45:00,0,96,,,,,,,,,,,,,,,,,,
21/03/2024 16:30:00,0,95,,,,,,,,,,,,,,,,,,
21/03/2024 16:15:00,0,95,,,,,,,,,,,,,,,,,,
21/03/2024 16:00:00,0,95,,,,,,,,,,,,,,,,,,
21/03/2024 15:45:00,0,94,,,,,,,,,,,,,,,,,,
21/03/2024 15:30:00,0,93,,,,,,,,,,,,,,,,,,
21/03/2024 15:15:00,0,93,,,,,,,,,,,,,,,,,,
21/03/2024 15:00:00,0,93,,,,,,,,,,,,,,,,,,
21/03/2024 14:45:00,0,92,,,,,,,,,,,,,,,,,,
21/03/2024 14:30:00,0,92,,,,,,,,,,,,,,,,,,
21/03/2024 14:15:00,0,91,,,,,,,,,,,,,,,,,,
21/03/2024 14:00:00,0,91,,,,,,,,,,,,,,,,,,
21/03/2024 13:45:00,0,91,,,,,,,,,,,,,,,,,,
21/03/2024 13:30:00,0,90,,,,,,,,,,,,,,,,,,
21/03/2024 13:15:00,0,90,,,,,,,,,,,,,,,,,,
21/03/2024 13:00:00,0,90,,,,,,,,,,,,,,,,,,
21/03/2024 12:45:00,0,89,,,,,,,,,,,,,,,,,,
21/03/2024 12:30:00,0,89,,,,,,,,,,,,,,,,,,
21/03/2024 12:15:00,0,89,,,,,,,,,,,,,,,,,,
21/03/2024 12:00:00,0,89,,,,,,,,,,,,,,,,,,
21/03/2024 11:45:00,0,89,,,,,,,,,,,,,,,,,,
21/03/2024 11:30:00,0,89,,,,,,,,,,,,,,,,,,
21/03/2024 11:15:00,0,89,,,,,,,,,,,,,,,,,,
21/03/2024 11:00:00,0,89,,,,,,,,,,,,,,,,,,
21/03/2024 10:45:00,0,89,,,,,,,,,,,,,,,,,,
21/03/2024 10:30:00,0,88,,,,,,,,,,,,,,,,,,
21/03/2024 10:15:00,0,88,,,,,,,,,,,,,,,,,,
21/03/2024 10:00:00,0.2,88,,,,,,,,,,,,,,,,,,
21/03/2024 09:45:00,0,88,,,,,,,,,,,,,,,,,,
21/03/2024 09:30:00,0,88,,,,,,,,,,,,,,,,,,
21/03/2024 09:15:00,0,88,,,,,,,,,,,,,,,,,,
21/03/2024 09:00:00,0,88,,,,,,,,,,,,,,,,,,
21/03/2024 08:45:00,0,88,,,,,,,,,,,,,,,,,,
21/03/2024 08:30:00,0.2,88,,,,,,,,,,,,,,,,,,
21/03/2024 08:15:00,0.2,88,,,,,,,,,,,,,,,,,,
21/03/2024 08:00:00,0.2,88,,,,,,,,,,,,,,,,,,
21/03/2024 07:45:00,0.6,87,,,,,,,,,,,,,,,,,,
21/03/2024 07:30:00,0.4,87,,,,,,,,,,,,,,,,,,
21/03/2024 07:15:00,0.4,88,,,,,,,,,,,,,,,,,,
21/03/2024 07:00:00,0.2,87,,,,,,,,,,,,,,,,,,
21/03/2024 06:45:00,0,87,,,,,,,,,,,,,,,,,,
21/03/2024 06:30:00,0.2,87,,,,,,,,,,,,,,,,,,
21/03/2024 06:15:00,0.2,87,,,,,,,,,,,,,,,,,,
21/03/2024 06:00:00,0.2,87,,,,,,,,,,,,,,,,,,
21/03/2024 05:45:00,4.2,87,,,,,,,,,,,,,,,,,,
21/03/2024 05:30:00,6.2,86,,,,,,,,,,,,,,,,,,
21/03/2024 05:15:00,0,85,,,,,,,,,,,,,,,,,,
21/03/2024 05:00:00,0,85,,,,,,,,,,,,,,,,,,
21/03/2024 04:45:00,0,85,,,,,,,,,,,,,,,,,,
21/03/2024 04:30:00,0,85,,,,,,,,,,,,,,,,,,
21/03/2024 04:15:00,0,85,,,,,,,,,,,,,,,,,,
21/03/2024 04:00:00,0,85,,,,,,,,,,,,,,,,,,
21/03/2024 03:45:00,0,86,,,,,,,,,,,,,,,,,,
21/03/2024 03:30:00,0,85,,,,,,,,,,,,,,,,,,
21/03/2024 03:15:00,0,85,,,,,,,,,,,,,,,,,,
21/03/2024 03:00:00,0,85,,,,,,,,,,,,,,,,,,
21/03/2024 02:45:00,0,85,,,,,,,,,,,,,,,,,,
21/03/2024 02:30:00,0,85,,,,,,,,,,,,,,,,,,
21/03/2024 02:15:00,0,85,,,,,,,,,,,,,,,,,,
21/03/2024 02:00:00,0,85,,,,,,,,,,,,,,,,,,
21/03/2024 01:45:00,0,85,,,,,,,,,,,,,,,,,,
21/03/2024 01:30:00,0,85,,,,,,,,,,,,,,,,,,
21/03/2024 01:15:00,0,85,,,,,,,,,,,,,,,,,,
21/03/2024 01:00:00,0,85,,,,,,,,,,,,,,,,,,
21/03/2024 00:45:00,0,85,,,,,,,,,,,,,,,,,,
21/03/2024 00:30:00,0,85,,,,,,,,,,,,,,,,,,
21/03/2024 00:15:00,0,85,,,,,,,,,,,,,,,,,,
21/03/2024 00:00:00,0,85,,,,,,,,,,,,,,,,,,
20/03/2024 23:45:00,0,85,,,,,,,,,,,,,,,,,,
20/03/2024 23:30:00,0,85,,,,,,,,,,,,,,,,,,
20/03/2024 23:15:00,0,85,,,,,,,,,,,,,,,,,,
20/03/2024 23:00:00,0,86,,,,,,,,,,,,,,,,,,
20/03/2024 22:45:00,0,86,,,,,,,,,,,,,,,,,,
20/03/2024 22:30:00,0,86,,,,,,,,,,,,,,,,,,
20/03/2024 22:15:00,0,86,,,,,,,,,,,,,,,,,,
20/03/2024 22:00:00,0,86,,,,,,,,,,,,,,,,,,
20/03/2024 21:45:00,0,86,,,,,,,,,,,,,,,,,,
20/03/2024 21:30:00,0,86,,,,,,,,,,,,,,,,,,
20/03/2024 21:15:00,0,86,,,,,,,,,,,,,,,,,,
20/03/2024 21:00:00,0,86,,,,,,,,,,,,,,,,,,
20/03/2024 20:45:00,0,86,,,,,,,,,,,,,,,,,,
20/03/2024 20:30:00,0,86,,,,,,,,,,,,,,,,,,
20/03/2024 20:15:00,0,86,,,,,,,,,,,,,,,,,,
20/03/2024 20:00:00,0,86,,,,,,,,,,,,,,,,,,
20/03/2024 19:45:00,0,86,,,,,,,,,,,,,,,,,,
20/03/2024 19:30:00,0,86,,,,,,,,,,,,,,,,,,
20/03/2024 19:15:00,0,86,,,,,,,,,,,,,,,,,,
20/03/2024 19:00:00,0,86,,,,,,,,,,,,,,,,,,
20/03/2024 18:45:00,0,86,,,,,,,,,,,,,,,,,,
20/03/2024 18:30:00,0,86,,,,,,,,,,,,,,,,,,
20/03/2024 18:15:00,0,86,,,,,,,,,,,,,,,,,,
20/03/2024 18:00:00,0,86,,,,,,,,,,,,,,,,,,
20/03/2024 17:45:00,0,86,,,,,,,,,,,,,,,,,,
20/03/2024 17:30:00,0,86,,,,,,,,,,,,,,,,,,
20/03/2024 17:15:00,0,87,,,,,,,,,,,,,,,,,,
20/03/2024 17:00:00,0,87,,,,,,,,,,,,,,,,,,
20/03/2024 16:45:00,0,87,,,,,,,,,,,,,,,,,,
20/03/2024 16:30:00,0,87,,,,,,,,,,,,,,,,,,
20/03/2024 16:15:00,0,87,,,,,,,,,,,,,,,,,,
20/03/2024 16:00:00,0,87,,,,,,,,,,,,,,,,,,
20/03/2024 15:45:00,0,87,,,,,,,,,,,,,,,,,,
20/03/2024 15:30:00,0,87,,,,,,,,,,,,,,,,,,
20/03/2024 15:15:00,0,87,,,,,,,,,,,,,,,,,,
20/03/2024 15:00:00,0,87,,,,,,,,,,,,,,,,,,
20/03/2024 14:45:00,0,87,,,,,,,,,,,,,,,,,,
20/03/2024 14:30:00,0,87,,,,,,,,,,,,,,,,,,
20/03/2024 14:15:00,0,87,,,,,,,,,,,,,,,,,,
20/03/2024 14:00:00,0,87,,,,,,,,,,,,,,,,,,
20/03/2024 13:45:00,0,87,,,,,,,,,,,,,,,,,,
20/03/2024 13:30:00,0,87,,,,,,,,,,,,,,,,,,
20/03/2024 13:15:00,0,87,,,,,,,,,,,,,,,,,,
20/03/2024 13:00:00,0,87,,,,,,,,,,,,,,,,,,
20/03/2024 12:45:00,0,87,,,,,,,,,,,,,,,,,,
20/03/2024 12:30:00,0,87,,,,,,,,,,,,,,,,,,
20/03/2024 12:15:00,0,87,,,,,,,,,,,,,,,,,,
20/03/2024 12:00:00,0,87,,,,,,,,,,,,,,,,,,
20/03/2024 11:45:00,0,87,,,,,,,,,,,,,,,,,,
20/03/2024 11:30:00,0,87,,,,,,,,,,,,,,,,,,
20/03/2024 11:15:00,0,87,,,,,,,,,,,,,,,,,,
20/03/2024 11:00:00,0,87,,,,,,,,,,,,,,,,,,
20/03/2024 10:45:00,0,87,,,,,,,,,,,,,,,,,,
20/03/2024 10:30:00,0,87,,,,,,,,,,,,,,,,,,
20/03/2024 10:15:00,0,87,,,,,,,,,,,,,,,,,,
20/03/2024 10:00:00,0,87,,,,,,,,,,,,,,,,,,
20/03/2024 09:45:00,0,87,,,,,,,,,,,,,,,,,,
20/03/2024 09:30:00,0,87,,,,,,,,,,,,,,,,,,
20/03/2024 09:15:00,0,87,,,,,,,,,,,,,,,,,,
20/03/2024 09:00:00,0,87,,,,,,,,,,,,,,,,,,
20/03/2024 08:45:00,0,87,,,,,,,,,,,,,,,,,,
20/03/2024 08:30:00,0,87,,,,,,,,,,,,,,,,,,
20/03/2024 08:15:00,0,87,,,,,,,,,,,,,,,,,,
20/03/2024 08:00:00,0,87,,,,,,,,,,,,,,,,,,
20/03/2024 07:45:00,0,88,,,,,,,,,,,,,,,,,,
20/03/2024 07:30:00,0,87,,,,,,,,,,,,,,,,,,
20/03/2024 07:15:00,0,88,,,,,,,,,,,,,,,,,,
20/03/2024 07:00:00,0,87,,,,,,,,,,,,,,,,,,
20/03/2024 06:45:00,0,88,,,,,,,,,,,,,,,,,,
20/03/2024 06:30:00,0,87,,,,,,,,,,,,,,,,,,
20/03/2024 06:15:00,0,88,,,,,,,,,,,,,,,,,,
20/03/2024 06:00:00,0,88,,,,,,,,,,,,,,,,,,
20/03/2024 05:45:00,0,88,,,,,,,,,,,,,,,,,,
20/03/2024 05:30:00,0,88,,,,,,,,,,,,,,,,,,
20/03/2024 05:15:00,0,88,,,,,,,,,,,,,,,,,,
20/03/2024 05:00:00,0,88,,,,,,,,,,,,,,,,,,
20/03/2024 04:45:00,0,88,,,,,,,,,,,,,,,,,,
20/03/2024 04:30:00,0,88,,,,,,,,,,,,,,,,,,
20/03/2024 04:15:00,0,88,,,,,,,,,,,,,,,,,,
20/03/2024 04:00:00,0,88,,,,,,,,,,,,,,,,,,
20/03/2024 03:45:00,0,88,,,,,,,,,,,,,,,,,,
20/03/2024 03:30:00,0,88,,,,,,,,,,,,,,,,,,
20/03/2024 03:15:00,0,88,,,,,,,,,,,,,,,,,,
20/03/2024 03:00:00,0,88,,,,,,,,,,,,,,,,,,
20/03/2024 02:45:00,0,88,,,,,,,,,,,,,,,,,,
20/03/2024 02:30:00,0,88,,,,,,,,,,,,,,,,,,
20/03/2024 02:15:00,0,88,,,,,,,,,,,,,,,,,,
20/03/2024 02:00:00,0,88,,,,,,,,,,,,,,,,,,
20/03/2024 01:45:00,0,88,,,,,,,,,,,,,,,,,,
20/03/2024 01:30:00,0,88,,,,,,,,,,,,,,,,,,
20/03/2024 01:15:00,0,88,,,,,,,,,,,,,,,,,,
20/03/2024 01:00:00,0,88,,,,,,,,,,,,,,,,,,
20/03/2024 00:45:00,0,88,,,,,,,,,,,,,,,,,,
20/03/2024 00:30:00,0,88,,,,,,,,,,,,,,,,,,
20/03/2024 00:15:00,0,88,,,,,,,,,,,,,,,,,,
20/03/2024 00:00:00,0,88,,,,,,,,,,,,,,,,,,
19/03/2024 23:45:00,0,88,,,,,,,,,,,,,,,,,,
19/03/2024 23:30:00,0,89,,,,,,,,,,,,,,,,,,
19/03/2024 23:15:00,0,88,,,,,,,,,,,,,,,,,,
19/03/2024 23:00:00,0,88,,,,,,,,,,,,,,,,,,
19/03/2024 22:45:00,0,88,,,,,,,,,,,,,,,,,,
19/03/2024 22:30:00,0,88,,,,,,,,,,,,,,,,,,
19/03/2024 22:15:00,0,88,,,,,,,,,,,,,,,,,,
19/03/2024 22:00:00,0,88,,,,,,,,,,,,,,,,,,
19/03/2024 21:45:00,0,88,,,,,,,,,,,,,,,,,,
19/03/2024 21:30:00,0,88,,,,,,,,,,,,,,,,,,
19/03/2024 21:15:00,0,88,,,,,,,,,,,,,,,,,,
19/03/2024 21:00:00,0,88,,,,,,,,,,,,,,,,,,
19/03/2024 20:45:00,0,88,,,,,,,,,,,,,,,,,,
19/03/2024 20:30:00,0,88,,,,,,,,,,,,,,,,,,
19/03/2024 20:15:00,0,89,,,,,,,,,,,,,,,,,,
19/03/2024 20:00:00,0,89,,,,,,,,,,,,,,,,,,
19/03/2024 19:45:00,0,89,,,,,,,,,,,,,,,,,,
19/03/2024 19:30:00,0,89,,,,,,,,,,,,,,,,,,
19/03/2024 19:15:00,0,89,,,,,,,,,,,,,,,,,,
19/03/2024 19:00:00,0,89,,,,,,,,,,,,,,,,,,
19/03/2024 18:45:00,0,89,,,,,,,,,,,,,,,,,,
19/03/2024 18:30:00,0,89,,,,,,,,,,,,,,,,,,
19/03/2024 18:15:00,0,89,,,,,,,,,,,,,,,,,,
19/03/2024 18:00:00,0,90,,,,,,,,,,,,,,,,,,
19/03/2024 17:45:00,0,89,,,,,,,,,,,,,,,,,,
19/03/2024 17:30:00,0,90,,,,,,,,,,,,,,,,,,
19/03/2024 17:15:00,0,90,,,,,,,,,,,,,,,,,,
19/03/2024 17:00:00,0,90,,,,,,,,,,,,,,,,,,
19/03/2024 16:45:00,0,90,,,,,,,,,,,,,,,,,,
19/03/2024 16:30:00,0,89,,,,,,,,,,,,,,,,,,
19/03/2024 16:15:00,0,89,,,,,,,,,,,,,,,,,,
19/03/2024 16:00:00,0,90,,,,,,,,,,,,,,,,,,
19/03/2024 15:45:00,0,89,,,,,,,,,,,,,,,,,,
19/03/2024 15:30:00,0,89,,,,,,,,,,,,,,,,,,
19/03/2024 15:15:00,0,90,,,,,,,,,,,,,,,,,,
19/03/2024 15:00:00,0,90,,,,,,,,,,,,,,,,,,
19/03/2024 14:45:00,0,90,,,,,,,,,,,,,,,,,,
19/03/2024 14:30:00,0,89,,,,,,,,,,,,,,,,,,
19/03/2024 14:15:00,0,89,,,,,,,,,,,,,,,,,,
19/03/2024 14:00:00,0,90,,,,,,,,,,,,,,,,,,
19/03/2024 13:45:00,0,90,,,,,,,,,,,,,,,,,,
19/03/2024 13:30:00,0,90,,,,,,,,,,,,,,,,,,
19/03/2024 13:15:00,0,90,,,,,,,,,,,,,,,,,,
19/03/2024 13:00:00,0,90,,,,,,,,,,,,,,,,,,
19/03/2024 12:45:00,0,90,,,,,,,,,,,,,,,,,,
19/03/2024 12:30:00,0,90,,,,,,,,,,,,,,,,,,
19/03/2024 12:15:00,0,90,,,,,,,,,,,,,,,,,,
19/03/2024 12:00:00,0,90,,,,,,,,,,,,,,,,,,
19/03/2024 11:45:00,0,90,,,,,,,,,,,,,,,,,,
19/03/2024 11:30:00,0,90,,,,,,,,,,,,,,,,,,
19/03/2024 11:15:00,0,90,,,,,,,,,,,,,,,,,,
19/03/2024 11:00:00,0,90,,,,,,,,,,,,,,,,,,
19/03/2024 10:45:00,0,90,,,,,,,,,,,,,,,,,,
19/03/2024 10:30:00,0,90,,,,,,,,,,,,,,,,,,
19/03/2024 10:15:00,0,90,,,,,,,,,,,,,,,,,,
19/03/2024 10:00:00,0,90,,,,,,,,,,,,,,,,,,
19/03/2024 09:45:00,0,90,,,,,,,,,,,,,,,,,,
19/03/2024 09:30:00,0,90,,,,,,,,,,,,,,,,,,
19/03/2024 09:15:00,0,90,,,,,,,,,,,,,,,,,,
19/03/2024 09:00:00,0,90,,,,,,,,,,,,,,,,,,
19/03/2024 08:45:00,0,90,,,,,,,,,,,,,,,,,,
19/03/2024 08:30:00,0,90,,,,,,,,,,,,,,,,,,
19/03/2024 08:15:00,0,90,,,,,,,,,,,,,,,,,,
19/03/2024 08:00:00,0,90,,,,,,,,,,,,,,,,,,
19/03/2024 07:45:00,0,90,,,,,,,,,,,,,,,,,,
19/03/2024 07:30:00,0,91,,,,,,,,,,,,,,,,,,
19/03/2024 07:15:00,0,91,,,,,,,,,,,,,,,,,,
19/03/2024 07:00:00,0,91,,,,,,,,,,,,,,,,,,
19/03/2024 06:45:00,0,91,,,,,,,,,,,,,,,,,,
19/03/2024 06:30:00,0,91,,,,,,,,,,,,,,,,,,
19/03/2024 06:15:00,0,91,,,,,,,,,,,,,,,,,,
19/03/2024 06:00:00,0,91,,,,,,,,,,,,,,,,,,
19/03/2024 05:45:00,0,91,,,,,,,,,,,,,,,,,,
19/03/2024 05:30:00,0,91,,,,,,,,,,,,,,,,,,
19/03/2024 05:15:00,0,91,,,,,,,,,,,,,,,,,,
19/03/2024 05:00:00,0,91,,,,,,,,,,,,,,,,,,
19/03/2024 04:45:00,0,91,,,,,,,,,,,,,,,,,,
19/03/2024 04:30:00,0,91,,,,,,,,,,,,,,,,,,
19/03/2024 04:15:00,0,91,,,,,,,,,,,,,,,,,,
19/03/2024 04:00:00,0,91,,,,,,,,,,,,,,,,,,
19/03/2024 03:45:00,0,91,,,,,,,,,,,,,,,,,,
19/03/2024 03:30:00,0,91,,,,,,,,,,,,,,,,,,
19/03/2024 03:15:00,0,91,,,,,,,,,,,,,,,,,,
19/03/2024 03:00:00,0,91,,,,,,,,,,,,,,,,,,
19/03/2024 02:45:00,0,91,,,,,,,,,,,,,,,,,,
19/03/2024 02:30:00,0,91,,,,,,,,,,,,,,,,,,
19/03/2024 02:15:00,0,91,,,,,,,,,,,,,,,,,,
19/03/2024 02:00:00,0,91,,,,,,,,,,,,,,,,,,
19/03/2024 01:45:00,0,92,,,,,,,,,,,,,,,,,,
19/03/2024 01:30:00,0,92,,,,,,,,,,,,,,,,,,
19/03/2024 01:15:00,0,92,,,,,,,,,,,,,,,,,,
19/03/2024 01:00:00,0,92,,,,,,,,,,,,,,,,,,
19/03/2024 00:45:00,0,92,,,,,,,,,,,,,,,,,,
19/03/2024 00:30:00,0,92,,,,,,,,,,,,,,,,,,
19/03/2024 00:15:00,0,92,,,,,,,,,,,,,,,,,,
19/03/2024 00:00:00,0,92,,,,,,,,,,,,,,,,,,
18/03/2024 23:45:00,0,92,,,,,,,,,,,,,,,,,,
18/03/2024 23:30:00,0,92,,,,,,,,,,,,,,,,,,
18/03/2024 23:15:00,0,92,,,,,,,,,,,,,,,,,,
18/03/2024 23:00:00,0,92,,,,,,,,,,,,,,,,,,
18/03/2024 22:45:00,0,92,,,,,,,,,,,,,,,,,,
18/03/2024 22:30:00,0,92,,,,,,,,,,,,,,,,,,
18/03/2024 22:15:00,0,93,,,,,,,,,,,,,,,,,,
18/03/2024 22:00:00,0,92,,,,,,,,,,,,,,,,,,
18/03/2024 21:45:00,0,93,,,,,,,,,,,,,,,,,,
18/03/2024 21:30:00,0,93,,,,,,,,,,,,,,,,,,
18/03/2024 21:15:00,0,92,,,,,,,,,,,,,,,,,,
18/03/2024 21:00:00,0,93,,,,,,,,,,,,,,,,,,
18/03/2024 20:45:00,0,93,,,,,,,,,,,,,,,,,,
18/03/2024 20:30:00,0,93,,,,,,,,,,,,,,,,,,
18/03/2024 20:15:00,0,93,,,,,,,,,,,,,,,,,,
18/03/2024 20:00:00,0,93,,,,,,,,,,,,,,,,,,
18/03/2024 19:45:00,0,93,,,,,,,,,,,,,,,,,,
18/03/2024 19:30:00,0,94,,,,,,,,,,,,,,,,,,
18/03/2024 19:15:00,0,94,,,,,,,,,,,,,,,,,,
18/03/2024 19:00:00,0,94,,,,,,,,,,,,,,,,,,
18/03/2024 18:45:00,0,94,,,,,,,,,,,,,,,,,,
18/03/2024 18:30:00,0,94,,,,,,,,,,,,,,,,,,
18/03/2024 18:15:00,0,94,,,,,,,,,,,,,,,,,,
18/03/2024 18:00:00,0,94,,,,,,,,,,,,,,,,,,
18/03/2024 17:45:00,0,95,,,,,,,,,,,,,,,,,,
18/03/2024 17:30:00,0,95,,,,,,,,,,,,,,,,,,
18/03/2024 17:15:00,0,94,,,,,,,,,,,,,,,,,,
18/03/2024 17:00:00,0,94,,,,,,,,,,,,,,,,,,
18/03/2024 16:45:00,0,95,,,,,,,,,,,,,,,,,,
18/03/2024 16:30:00,0,95,,,,,,,,,,,,,,,,,,
18/03/2024 16:15:00,0,95,,,,,,,,,,,,,,,,,,
18/03/2024 16:00:00,0,95,,,,,,,,,,,,,,,,,,
18/03/2024 15:45:00,0,95,,,,,,,,,,,,,,,,,,
18/03/2024 15:30:00,0,95,,,,,,,,,,,,,,,,,,
18/03/2024 15:15:00,0,95,,,,,,,,,,,,,,,,,,
18/03/2024 15:00:00,0,95,,,,,,,,,,,,,,,,,,
18/03/2024 14:45:00,0,95,,,,,,,,,,,,,,,,,,
18/03/2024 14:30:00,0,95,,,,,,,,,,,,,,,,,,
18/03/2024 14:15:00,0,95,,,,,,,,,,,,,,,,,,
18/03/2024 14:00:00,0,95,,,,,,,,,,,,,,,,,,
18/03/2024 13:45:00,0,95,,,,,,,,,,,,,,,,,,
18/03/2024 13:30:00,0,95,,,,,,,,,,,,,,,,,,
18/03/2024 13:15:00,0,96,,,,,,,,,,,,,,,,,,
18/03/2024 13:00:00,0,96,,,,,,,,,,,,,,,,,,
18/03/2024 12:45:00,0,96,,,,,,,,,,,,,,,,,,
18/03/2024 12:30:00,0,96,,,,,,,,,,,,,,,,,,
18/03/2024 12:15:00,0,96,,,,,,,,,,,,,,,,,,
18/03/2024 12:00:00,0,96,,,,,,,,,,,,,,,,,,
18/03/2024 11:45:00,0,96,,,,,,,,,,,,,,,,,,
18/03/2024 11:30:00,0,96,,,,,,,,,,,,,,,,,,
18/03/2024 11:15:00,0,96,,,,,,,,,,,,,,,,,,
18/03/2024 11:00:00,0,96,,,,,,,,,,,,,,,,,,
18/03/2024 10:45:00,0,96,,,,,,,,,,,,,,,,,,
18/03/2024 10:30:00,0,96,,,,,,,,,,,,,,,,,,
18/03/2024 10:15:00,0,96,,,,,,,,,,,,,,,,,,
18/03/2024 10:00:00,0,95,,,,,,,,,,,,,,,,,,
18/03/2024 09:45:00,0,96,,,,,,,,,,,,,,,,,,
18/03/2024 09:30:00,0,95,,,,,,,,,,,,,,,,,,
18/03/2024 09:15:00,0,95,,,,,,,,,,,,,,,,,,
18/03/2024 09:00:00,0,95,,,,,,,,,,,,,,,,,,
18/03/2024 08:45:00,0,95,,,,,,,,,,,,,,,,,,
18/03/2024 08:30:00,0,95,,,,,,,,,,,,,,,,,,
18/03/2024 08:15:00,0,95,,,,,,,,,,,,,,,,,,
18/03/2024 08:00:00,0,95,,,,,,,,,,,,,,,,,,
18/03/2024 07:45:00,0,95,,,,,,,,,,,,,,,,,,
18/03/2024 07:30:00,0,95,,,,,,,,,,,,,,,,,,
18/03/2024 07:15:00,0,95,,,,,,,,,,,,,,,,,,
18/03/2024 07:00:00,0,95,,,,,,,,,,,,,,,,,,
18/03/2024 06:45:00,0,96,,,,,,,,,,,,,,,,,,
18/03/2024 06:30:00,0,96,,,,,,,,,,,,,,,,,,
18/03/2024 06:15:00,0,96,,,,,,,,,,,,,,,,,,
18/03/2024 06:00:00,0,96,,,,,,,,,,,,,,,,,,
18/03/2024 05:45:00,0,96,,,,,,,,,,,,,,,,,,
18/03/2024 05:30:00,0,96,,,,,,,,,,,,,,,,,,
18/03/2024 05:15:00,0,96,,,,,,,,,,,,,,,,,,
18/03/2024 05:00:00,0,96,,,,,,,,,,,,,,,,,,
18/03/2024 04:45:00,0.2,96,,,,,,,,,,,,,,,,,,
18/03/2024 04:30:00,0,96,,,,,,,,,,,,,,,,,,
18/03/2024 04:15:00,0,96,,,,,,,,,,,,,,,,,,
18/03/2024 04:00:00,0,95,,,,,,,,,,,,,,,,,,
18/03/2024 03:45:00,0,95,,,,,,,,,,,,,,,,,,
18/03/2024 03:30:00,0,95,,,,,,,,,,,,,,,,,,
18/03/2024 03:15:00,0,95,,,,,,,,,,,,,,,,,,
18/03/2024 03:00:00,0,95,,,,,,,,,,,,,,,,,,
18/03/2024 02:45:00,0,95,,,,,,,,,,,,,,,,,,
18/03/2024 02:30:00,0,95,,,,,,,,,,,,,,,,,,
18/03/2024 02:15:00,0,94,,,,,,,,,,,,,,,,,,
18/03/2024 02:00:00,0,94,,,,,,,,,,,,,,,,,,
18/03/2024 01:45:00,0,94,,,,,,,,,,,,,,,,,,
18/03/2024 01:30:00,0,94,,,,,,,,,,,,,,,,,,
18/03/2024 01:15:00,0,94,,,,,,,,,,,,,,,,,,
18/03/2024 01:00:00,0,94,,,,,,,,,,,,,,,,,,
18/03/2024 00:45:00,0,94,,,,,,,,,,,,,,,,,,
18/03/2024 00:30:00,0,94,,,,,,,,,,,,,,,,,,
18/03/2024 00:15:00,0,94,,,,,,,,,,,,,,,,,,
18/03/2024 00:00:00,0,94,,,,,,,,,,,,,,,,,,
17/03/2024 23:45:00,0,94,,,,,,,,,,,,,,,,,,
17/03/2024 23:30:00,0,94,,,,,,,,,,,,,,,,,,
17/03/2024 23:15:00,0,94,,,,,,,,,,,,,,,,,,
17/03/2024 23:00:00,0,94,,,,,,,,,,,,,,,,,,
17/03/2024 22:45:00,0,93,,,,,,,,,,,,,,,,,,
17/03/2024 22:30:00,0,93,,,,,,,,,,,,,,,,,,
17/03/2024 22:15:00,0,93,,,,,,,,,,,,,,,,,,
17/03/2024 22:00:00,0,92,,,,,,,,,,,,,,,,,,
17/03/2024 21:45:00,0,92,,,,,,,,,,,,,,,,,,
17/03/2024 21:30:00,0,92,,,,,,,,,,,,,,,,,,
17/03/2024 21:15:00,0,92,,,,,,,,,,,,,,,,,,
17/03/2024 21:00:00,0,92,,,,,,,,,,,,,,,,,,
17/03/2024 20:45:00,0,92,,,,,,,,,,,,,,,,,,
17/03/2024 20:30:00,0,92,,,,,,,,,,,,,,,,,,
17/03/2024 20:15:00,0,92,,,,,,,,,,,,,,,,,,
17/03/2024 20:00:00,0,92,,,,,,,,,,,,,,,,,,
17/03/2024 19:45:00,0,92,,,,,,,,,,,,,,,,,,
17/03/2024 19:30:00,0,92,,,,,,,,,,,,,,,,,,
17/03/2024 19:15:00,0,92,,,,,,,,,,,,,,,,,,
17/03/2024 19:00:00,0,92,,,,,,,,,,,,,,,,,,
17/03/2024 18:45:00,0,92,,,,,,,,,,,,,,,,,,
17/03/2024 18:30:00,0,92,,,,,,,,,,,,,,,,,,
17/03/2024 18:15:00,0,92,,,,,,,,,,,,,,,,,,
17/03/2024 18:00:00,0,92,,,,,,,,,,,,,,,,,,
17/03/2024 17:45:00,0,92,,,,,,,,,,,,,,,,,,
17/03/2024 17:30:00,0,92,,,,,,,,,,,,,,,,,,
17/03/2024 17:15:00,0,92,,,,,,,,,,,,,,,,,,
17/03/2024 17:00:00,0,92,,,,,,,,,,,,,,,,,,
17/03/2024 16:45:00,0,92,,,,,,,,,,,,,,,,,,
17/03/2024 16:30:00,0,92,,,,,,,,,,,,,,,,,,
17/03/2024 16:15:00,0,92,,,,,,,,,,,,,,,,,,
17/03/2024 16:00:00,0,92,,,,,,,,,,,,,,,,,,
17/03/2024 15:45:00,0,91,,,,,,,,,,,,,,,,,,
17/03/2024 15:30:00,0,91,,,,,,,,,,,,,,,,,,
17/03/2024 15:15:00,0,91,,,,,,,,,,,,,,,,,,
17/03/2024 15:00:00,0,91,,,,,,,,,,,,,,,,,,
17/03/2024 14:45:00,0,91,,,,,,,,,,,,,,,,,,
17/03/2024 14:30:00,0,91,,,,,,,,,,,,,,,,,,
17/03/2024 14:15:00,0,91,,,,,,,,,,,,,,,,,,
17/03/2024 14:00:00,0,90,,,,,,,,,,,,,,,,,,
17/03/2024 13:45:00,0,90,,,,,,,,,,,,,,,,,,
17/03/2024 13:30:00,0,90,,,,,,,,,,,,,,,,,,
17/03/2024 13:15:00,0,90,,,,,,,,,,,,,,,,,,
17/03/2024 13:00:00,0,90,,,,,,,,,,,,,,,,,,
17/03/2024 12:45:00,0,90,,,,,,,,,,,,,,,,,,
17/03/2024 12:30:00,0,90,,,,,,,,,,,,,,,,,,
17/03/2024 12:15:00,0,91,,,,,,,,,,,,,,,,,,
17/03/2024 12:00:00,0,90,,,,,,,,,,,,,,,,,,
17/03/2024 11:45:00,0,91,,,,,,,,,,,,,,,,,,
17/03/2024 11:30:00,0,91,,,,,,,,,,,,,,,,,,
17/03/2024 11:15:00,0,91,,,,,,,,,,,,,,,,,,
17/03/2024 11:00:00,0,91,,,,,,,,,,,,,,,,,,
17/03/2024 10:45:00,0,91,,,,,,,,,,,,,,,,,,
17/03/2024 10:30:00,0,91,,,,,,,,,,,,,,,,,,
17/03/2024 10:15:00,0,91,,,,,,,,,,,,,,,,,,
17/03/2024 10:00:00,0,91,,,,,,,,,,,,,,,,,,
17/03/2024 09:45:00,0,90,,,,,,,,,,,,,,,,,,
17/03/2024 09:30:00,0,90,,,,,,,,,,,,,,,,,,
17/03/2024 09:15:00,0,90,,,,,,,,,,,,,,,,,,
17/03/2024 09:00:00,0,90,,,,,,,,,,,,,,,,,,
17/03/2024 08:45:00,0,90,,,,,,,,,,,,,,,,,,
17/03/2024 08:30:00,0,90,,,,,,,,,,,,,,,,,,
17/03/2024 08:15:00,0,90,,,,,,,,,,,,,,,,,,
17/03/2024 08:00:00,0,90,,,,,,,,,,,,,,,,,,
17/03/2024 07:45:00,0,90,,,,,,,,,,,,,,,,,,
17/03/2024 07:30:00,0,89,,,,,,,,,,,,,,,,,,
17/03/2024 07:15:00,0,89,,,,,,,,,,,,,,,,,,
17/03/2024 07:00:00,0,89,,,,,,,,,,,,,,,,,,
17/03/2024 06:45:00,0,89,,,,,,,,,,,,,,,,,,
17/03/2024 06:30:00,0,89,,,,,,,,,,,,,,,,,,
17/03/2024 06:15:00,0,89,,,,,,,,,,,,,,,,,,
17/03/2024 06:00:00,0,89,,,,,,,,,,,,,,,,,,
17/03/2024 05:45:00,0,89,,,,,,,,,,,,,,,,,,
17/03/2024 05:30:00,0,89,,,,,,,,,,,,,,,,,,
17/03/2024 05:15:00,0,89,,,,,,,,,,,,,,,,,,
17/03/2024 05:00:00,0,89,,,,,,,,,,,,,,,,,,
17/03/2024 04:45:00,0,89,,,,,,,,,,,,,,,,,,
17/03/2024 04:30:00,0,89,,,,,,,,,,,,,,,,,,
17/03/2024 04:15:00,0,89,,,,,,,,,,,,,,,,,,
17/03/2024 04:00:00,0,89,,,,,,,,,,,,,,,,,,
17/03/2024 03:45:00,0,89,,,,,,,,,,,,,,,,,,
17/03/2024 03:30:00,0,88,,,,,,,,,,,,,,,,,,
17/03/2024 03:15:00,0,88,,,,,,,,,,,,,,,,,,
17/03/2024 03:00:00,0,88,,,,,,,,,,,,,,,,,,
17/03/2024 02:45:00,0,88,,,,,,,,,,,,,,,,,,
17/03/2024 02:30:00,0,88,,,,,,,,,,,,,,,,,,
17/03/2024 02:15:00,0,88,,,,,,,,,,,,,,,,,,
17/03/2024 02:00:00,0,88,,,,,,,,,,,,,,,,,,
17/03/2024 01:45:00,0,88,,,,,,,,,,,,,,,,,,
17/03/2024 01:30:00,0,88,,,,,,,,,,,,,,,,,,
17/03/2024 01:15:00,0,88,,,,,,,,,,,,,,,,,,
17/03/2024 01:00:00,0,88,,,,,,,,,,,,,,,,,,
17/03/2024 00:45:00,0,88,,,,,,,,,,,,,,,,,,
17/03/2024 00:30:00,0,88,,,,,,,,,,,,,,,,,,
17/03/2024 00:15:00,0,88,,,,,,,,,,,,,,,,,,
17/03/2024 00:00:00,0,88,,,,,,,,,,,,,,,,,,
16/03/2024 23:45:00,0,88,,,,,,,,,,,,,,,,,,
16/03/2024 23:30:00,0,88,,,,,,,,,,,,,,,,,,
16/03/2024 23:15:00,0,88,,,,,,,,,,,,,,,,,,
16/03/2024 23:00:00,0,88,,,,,,,,,,,,,,,,,,
16/03/2024 22:45:00,0,88,,,,,,,,,,,,,,,,,,
16/03/2024 22:30:00,0,88,,,,,,,,,,,,,,,,,,
16/03/2024 22:15:00,0,88,,,,,,,,,,,,,,,,,,
16/03/2024 22:00:00,0,87,,,,,,,,,,,,,,,,,,
16/03/2024 21:45:00,0.2,88,,,,,,,,,,,,,,,,,,
16/03/2024 21:30:00,0,88,,,,,,,,,,,,,,,,,,
16/03/2024 21:15:00,0,87,,,,,,,,,,,,,,,,,,
16/03/2024 21:00:00,0,87,,,,,,,,,,,,,,,,,,
16/03/2024 20:45:00,0,88,,,,,,,,,,,,,,,,,,
16/03/2024 20:30:00,0,87,,,,,,,,,,,,,,,,,,
16/03/2024 20:15:00,0,87,,,,,,,,,,,,,,,,,,
16/03/2024 20:00:00,0,87,,,,,,,,,,,,,,,,,,
16/03/2024 19:45:00,0,87,,,,,,,,,,,,,,,,,,
16/03/2024 19:30:00,0,87,,,,,,,,,,,,,,,,,,
16/03/2024 19:15:00,0,88,,,,,,,,,,,,,,,,,,
16/03/2024 19:00:00,0.2,87,,,,,,,,,,,,,,,,,,
16/03/2024 18:45:00,0.2,87,,,,,,,,,,,,,,,,,,
16/03/2024 18:30:00,0,88,,,,,,,,,,,,,,,,,,
16/03/2024 18:15:00,0,88,,,,,,,,,,,,,,,,,,
16/03/2024 18:00:00,0,88,,,,,,,,,,,,,,,,,,
16/03/2024 17:45:00,0,88,,,,,,,,,,,,,,,,,,
16/03/2024 17:30:00,0,88,,,,,,,,,,,,,,,,,,
16/03/2024 17:15:00,0,88,,,,,,,,,,,,,,,,,,
16/03/2024 17:00:00,0.2,88,,,,,,,,,,,,,,,,,,
16/03/2024 16:45:00,0,88,,,,,,,,,,,,,,,,,,
16/03/2024 16:30:00,0,88,,,,,,,,,,,,,,,,,,
16/03/2024 16:15:00,0.4,88,,,,,,,,,,,,,,,,,,
16/03/2024 16:00:00,0.2,88,,,,,,,,,,,,,,,,,,
16/03/2024 15:45:00,0.4,88,,,,,,,,,,,,,,,,,,
16/03/2024 15:30:00,0,88,,,,,,,,,,,,,,,,,,
16/03/2024 15:15:00,0.4,88,,,,,,,,,,,,,,,,,,
16/03/2024 15:00:00,0.4,88,,,,,,,,,,,,,,,,,,
16/03/2024 14:45:00,0.4,88,,,,,,,,,,,,,,,,,,
16/03/2024 14:30:00,0.2,88,,,,,,,,,,,,,,,,,,
16/03/2024 14:15:00,0,87,,,,,,,,,,,,,,,,,,
16/03/2024 14:00:00,0,88,,,,,,,,,,,,,,,,,,
16/03/2024 13:45:00,0,88,,,,,,,,,,,,,,,,,,
16/03/2024 13:30:00,0,88,,,,,,,,,,,,,,,,,,
16/03/2024 13:15:00,0,88,,,,,,,,,,,,,,,,,,
16/03/2024 13:00:00,0,88,,,,,,,,,,,,,,,,,,
16/03/2024 12:45:00,0,88,,,,,,,,,,,,,,,,,,
16/03/2024 12:30:00,0,88,,,,,,,,,,,,,,,,,,
16/03/2024 12:15:00,0,88,,,,,,,,,,,,,,,,,,
16/03/2024 12:00:00,0,88,,,,,,,,,,,,,,,,,,
16/03/2024 11:45:00,0,88,,,,,,,,,,,,,,,,,,
16/03/2024 11:30:00,0,88,,,,,,,,,,,,,,,,,,
16/03/2024 11:15:00,0,88,,,,,,,,,,,,,,,,,,
16/03/2024 11:00:00,0,89,,,,,,,,,,,,,,,,,,
16/03/2024 10:45:00,0,88,,,,,,,,,,,,,,,,,,
16/03/2024 10:30:00,0,88,,,,,,,,,,,,,,,,,,
16/03/2024 10:15:00,0,88,,,,,,,,,,,,,,,,,,
16/03/2024 10:00:00,0,88,,,,,,,,,,,,,,,,,,
16/03/2024 09:45:00,0,88,,,,,,,,,,,,,,,,,,
16/03/2024 09:30:00,0,88,,,,,,,,,,,,,,,,,,
16/03/2024 09:15:00,0,88,,,,,,,,,,,,,,,,,,
16/03/2024 09:00:00,0,88,,,,,,,,,,,,,,,,,,
16/03/2024 08:45:00,0,88,,,,,,,,,,,,,,,,,,
16/03/2024 08:30:00,0,88,,,,,,,,,,,,,,,,,,
16/03/2024 08:15:00,0,88,,,,,,,,,,,,,,,,,,
16/03/2024 08:00:00,0,88,,,,,,,,,,,,,,,,,,
16/03/2024 07:45:00,0,88,,,,,,,,,,,,,,,,,,
16/03/2024 07:30:00,0,88,,,,,,,,,,,,,,,,,,
16/03/2024 07:15:00,0,88,,,,,,,,,,,,,,,,,,
16/03/2024 07:00:00,0,88,,,,,,,,,,,,,,,,,,
16/03/2024 06:45:00,0,88,,,,,,,,,,,,,,,,,,
16/03/2024 06:30:00,0,88,,,,,,,,,,,,,,,,,,
16/03/2024 06:15:00,0,88,,,,,,,,,,,,,,,,,,
16/03/2024 06:00:00,0,88,,,,,,,,,,,,,,,,,,
16/03/2024 05:45:00,0,88,,,,,,,,,,,,,,,,,,
16/03/2024 05:30:00,0,88,,,,,,,,,,,,,,,,,,
16/03/2024 05:15:00,0,88,,,,,,,,,,,,,,,,,,
16/03/2024 05:00:00,0,88,,,,,,,,,,,,,,,,,,
16/03/2024 04:45:00,0,88,,,,,,,,,,,,,,,,,,
16/03/2024 04:30:00,0,88,,,,,,,,,,,,,,,,,,
16/03/2024 04:15:00,0,88,,,,,,,,,,,,,,,,,,
16/03/2024 04:00:00,0,88,,,,,,,,,,,,,,,,,,
16/03/2024 03:45:00,0,88,,,,,,,,,,,,,,,,,,
16/03/2024 03:30:00,0,87,,,,,,,,,,,,,,,,,,
16/03/2024 03:15:00,0,87,,,,,,,,,,,,,,,,,,
16/03/2024 03:00:00,0,87,,,,,,,,,,,,,,,,,,
16/03/2024 02:45:00,0,87,,,,,,,,,,,,,,,,,,
16/03/2024 02:30:00,0,87,,,,,,,,,,,,,,,,,,
16/03/2024 02:15:00,0,87,,,,,,,,,,,,,,,,,,
16/03/2024 02:00:00,0,88,,,,,,,,,,,,,,,,,,
16/03/2024 01:45:00,0,87,,,,,,,,,,,,,,,,,,
16/03/2024 01:30:00,0,88,,,,,,,,,,,,,,,,,,
16/03/2024 01:15:00,0,88,,,,,,,,,,,,,,,,,,
16/03/2024 01:00:00,0,88,,,,,,,,,,,,,,,,,,
16/03/2024 00:45:00,0,88,,,,,,,,,,,,,,,,,,
16/03/2024 00:30:00,0,88,,,,,,,,,,,,,,,,,,
16/03/2024 00:15:00,0,88,,,,,,,,,,,,,,,,,,
16/03/2024 00:00:00,0,88,,,,,,,,,,,,,,,,,,
15/03/2024 23:45:00,0,88,,,,,,,,,,,,,,,,,,
15/03/2024 23:30:00,0,88,,,,,,,,,,,,,,,,,,
15/03/2024 23:15:00,0,88,,,,,,,,,,,,,,,,,,
15/03/2024 23:00:00,0,88,,,,,,,,,,,,,,,,,,
15/03/2024 22:45:00,0,88,,,,,,,,,,,,,,,,,,
15/03/2024 22:30:00,0,88,,,,,,,,,,,,,,,,,,
15/03/2024 22:15:00,0,88,,,,,,,,,,,,,,,,,,
15/03/2024 22:00:00,0,88,,,,,,,,,,,,,,,,,,
15/03/2024 21:45:00,0,88,,,,,,,,,,,,,,,,,,
15/03/2024 21:30:00,0,88,,,,,,,,,,,,,,,,,,
15/03/2024 21:15:00,0,88,,,,,,,,,,,,,,,,,,
15/03/2024 21:00:00,0,88,,,,,,,,,,,,,,,,,,
15/03/2024 20:45:00,0,88,,,,,,,,,,,,,,,,,,
15/03/2024 20:30:00,0,88,,,,,,,,,,,,,,,,,,
15/03/2024 20:15:00,0,88,,,,,,,,,,,,,,,,,,
15/03/2024 20:00:00,0,88,,,,,,,,,,,,,,,,,,
15/03/2024 19:45:00,0,88,,,,,,,,,,,,,,,,,,
15/03/2024 19:30:00,0,88,,,,,,,,,,,,,,,,,,
15/03/2024 19:15:00,0,88,,,,,,,,,,,,,,,,,,
15/03/2024 19:00:00,0,88,,,,,,,,,,,,,,,,,,
15/03/2024 18:45:00,0,88,,,,,,,,,,,,,,,,,,
15/03/2024 18:30:00,0,89,,,,,,,,,,,,,,,,,,
15/03/2024 18:15:00,0,89,,,,,,,,,,,,,,,,,,
15/03/2024 18:00:00,0,89,,,,,,,,,,,,,,,,,,
15/03/2024 17:45:00,0,89,,,,,,,,,,,,,,,,,,
15/03/2024 17:30:00,0,89,,,,,,,,,,,,,,,,,,
15/03/2024 17:15:00,0,89,,,,,,,,,,,,,,,,,,
15/03/2024 17:00:00,0,89,,,,,,,,,,,,,,,,,,
15/03/2024 16:45:00,0.2,89,,,,,,,,,,,,,,,,,,
15/03/2024 16:30:00,0,89,,,,,,,,,,,,,,,,,,
15/03/2024 16:15:00,0,89,,,,,,,,,,,,,,,,,,
15/03/2024 16:00:00,0,89,,,,,,,,,,,,,,,,,,
15/03/2024 15:45:00,0,88,,,,,,,,,,,,,,,,,,
15/03/2024 15:30:00,0,88,,,,,,,,,,,,,,,,,,
15/03/2024 15:15:00,0,88,,,,,,,,,,,,,,,,,,
15/03/2024 15:00:00,0,88,,,,,,,,,,,,,,,,,,
15/03/2024 14:45:00,0,88,,,,,,,,,,,,,,,,,,
15/03/2024 14:30:00,0,89,,,,,,,,,,,,,,,,,,
15/03/2024 14:15:00,0,89,,,,,,,,,,,,,,,,,,
15/03/2024 14:00:00,0,89,,,,,,,,,,,,,,,,,,
15/03/2024 13:45:00,0,89,,,,,,,,,,,,,,,,,,
15/03/2024 13:30:00,0,89,,,,,,,,,,,,,,,,,,
15/03/2024 13:15:00,0,89,,,,,,,,,,,,,,,,,,
15/03/2024 13:00:00,0,89,,,,,,,,,,,,,,,,,,
15/03/2024 12:45:00,0,89,,,,,,,,,,,,,,,,,,
15/03/2024 12:30:00,0,89,,,,,,,,,,,,,,,,,,
15/03/2024 12:15:00,0,89,,,,,,,,,,,,,,,,,,
15/03/2024 12:00:00,0,89,,,,,,,,,,,,,,,,,,
15/03/2024 11:45:00,0,90,,,,,,,,,,,,,,,,,,
15/03/2024 11:30:00,0,89,,,,,,,,,,,,,,,,,,
15/03/2024 11:15:00,0,90,,,,,,,,,,,,,,,,,,
15/03/2024 11:00:00,0,90,,,,,,,,,,,,,,,,,,
15/03/2024 10:45:00,0,89,,,,,,,,,,,,,,,,,,
15/03/2024 10:30:00,0,89,,,,,,,,,,,,,,,,,,
15/03/2024 10:15:00,0,89,,,,,,,,,,,,,,,,,,
15/03/2024 10:00:00,0,89,,,,,,,,,,,,,,,,,,
15/03/2024 09:45:00,0,89,,,,,,,,,,,,,,,,,,
15/03/2024 09:30:00,0,89,,,,,,,,,,,,,,,,,,
15/03/2024 09:15:00,0,89,,,,,,,,,,,,,,,,,,
15/03/2024 09:00:00,0,89,,,,,,,,,,,,,,,,,,
15/03/2024 08:45:00,0,89,,,,,,,,,,,,,,,,,,
15/03/2024 08:30:00,0,89,,,,,,,,,,,,,,,,,,
15/03/2024 08:15:00,0.2,89,,,,,,,,,,,,,,,,,,
15/03/2024 08:00:00,0,89,,,,,,,,,,,,,,,,,,
15/03/2024 07:45:00,0,89,,,,,,,,,,,,,,,,,,
15/03/2024 07:30:00,0,89,,,,,,,,,,,,,,,,,,
15/03/2024 07:15:00,0,89,,,,,,,,,,,,,,,,,,
15/03/2024 07:00:00,0,89,,,,,,,,,,,,,,,,,,
15/03/2024 06:45:00,0,89,,,,,,,,,,,,,,,,,,
15/03/2024 06:30:00,0,89,,,,,,,,,,,,,,,,,,
15/03/2024 06:15:00,0,90,,,,,,,,,,,,,,,,,,
15/03/2024 06:00:00,0,90,,,,,,,,,,,,,,,,,,
15/03/2024 05:45:00,0,90,,,,,,,,,,,,,,,,,,
15/03/2024 05:30:00,0,90,,,,,,,,,,,,,,,,,,
15/03/2024 05:15:00,0,90,,,,,,,,,,,,,,,,,,
15/03/2024 05:00:00,0,90,,,,,,,,,,,,,,,,,,
15/03/2024 04:45:00,0,90,,,,,,,,,,,,,,,,,,
15/03/2024 04:30:00,0,90,,,,,,,,,,,,,,,,,,
15/03/2024 04:15:00,0,90,,,,,,,,,,,,,,,,,,
15/03/2024 04:00:00,0,90,,,,,,,,,,,,,,,,,,
15/03/2024 03:45:00,0,90,,,,,,,,,,,,,,,,,,
15/03/2024 03:30:00,0,90,,,,,,,,,,,,,,,,,,
15/03/2024 03:15:00,0,90,,,,,,,,,,,,,,,,,,
15/03/2024 03:00:00,0,90,,,,,,,,,,,,,,,,,,
15/03/2024 02:45:00,0,90,,,,,,,,,,,,,,,,,,
15/03/2024 02:30:00,0,90,,,,,,,,,,,,,,,,,,
15/03/2024 02:15:00,0,89,,,,,,,,,,,,,,,,,,
15/03/2024 02:00:00,0,90,,,,,,,,,,,,,,,,,,
15/03/2024 01:45:00,0,90,,,,,,,,,,,,,,,,,,
15/03/2024 01:30:00,0,90,,,,,,,,,,,,,,,,,,
15/03/2024 01:15:00,0,90,,,,,,,,,,,,,,,,,,
15/03/2024 01:00:00,0,90,,,,,,,,,,,,,,,,,,
15/03/2024 00:45:00,0,90,,,,,,,,,,,,,,,,,,
15/03/2024 00:30:00,0,90,,,,,,,,,,,,,,,,,,
15/03/2024 00:15:00,0,90,,,,,,,,,,,,,,,,,,
15/03/2024 00:00:00,0,90,,,,,,,,,,,,,,,,,,
14/03/2024 23:45:00,0,90,,,,,,,,,,,,,,,,,,
14/03/2024 23:30:00,0,90,,,,,,,,,,,,,,,,,,
14/03/2024 23:15:00,0,90,,,,,,,,,,,,,,,,,,
14/03/2024 23:00:00,0,91,,,,,,,,,,,,,,,,,,
14/03/2024 22:45:00,0,91,,,,,,,,,,,,,,,,,,
14/03/2024 22:30:00,0,91,,,,,,,,,,,,,,,,,,
14/03/2024 22:15:00,0,90,,,,,,,,,,,,,,,,,,
14/03/2024 22:00:00,0,91,,,,,,,,,,,,,,,,,,
14/03/2024 21:45:00,0,91,,,,,,,,,,,,,,,,,,
14/03/2024 21:30:00,0,90,,,,,,,,,,,,,,,,,,
14/03/2024 21:15:00,0,90,,,,,,,,,,,,,,,,,,
14/03/2024 21:00:00,0,91,,,,,,,,,,,,,,,,,,
14/03/2024 20:45:00,0,90,,,,,,,,,,,,,,,,,,
14/03/2024 20:30:00,0,90,,,,,,,,,,,,,,,,,,
14/03/2024 20:15:00,0,91,,,,,,,,,,,,,,,,,,
14/03/2024 20:00:00,0,90,,,,,,,,,,,,,,,,,,
14/03/2024 19:45:00,0,91,,,,,,,,,,,,,,,,,,
14/03/2024 19:30:00,0,91,,,,,,,,,,,,,,,,,,
14/03/2024 19:15:00,0,91,,,,,,,,,,,,,,,,,,
14/03/2024 19:00:00,0,91,,,,,,,,,,,,,,,,,,
14/03/2024 18:45:00,0,91,,,,,,,,,,,,,,,,,,
14/03/2024 18:30:00,0,91,,,,,,,,,,,,,,,,,,
14/03/2024 18:15:00,0,91,,,,,,,,,,,,,,,,,,
14/03/2024 18:00:00,0,91,,,,,,,,,,,,,,,,,,
14/03/2024 17:45:00,0,91,,,,,,,,,,,,,,,,,,
14/03/2024 17:30:00,0,91,,,,,,,,,,,,,,,,,,
14/03/2024 17:15:00,0,92,,,,,,,,,,,,,,,,,,
14/03/2024 17:00:00,0,92,,,,,,,,,,,,,,,,,,
14/03/2024 16:45:00,0,92,,,,,,,,,,,,,,,,,,
14/03/2024 16:30:00,0,92,,,,,,,,,,,,,,,,,,
14/03/2024 16:15:00,0,92,,,,,,,,,,,,,,,,,,
14/03/2024 16:00:00,0,92,,,,,,,,,,,,,,,,,,
14/03/2024 15:45:00,0,92,,,,,,,,,,,,,,,,,,
14/03/2024 15:30:00,0,92,,,,,,,,,,,,,,,,,,
14/03/2024 15:15:00,0,92,,,,,,,,,,,,,,,,,,
14/03/2024 15:00:00,0,92,,,,,,,,,,,,,,,,,,
14/03/2024 14:45:00,0,92,,,,,,,,,,,,,,,,,,
14/03/2024 14:30:00,0,91,,,,,,,,,,,,,,,,,,
14/03/2024 14:15:00,0,91,,,,,,,,,,,,,,,,,,
14/03/2024 14:00:00,0,91,,,,,,,,,,,,,,,,,,
14/03/2024 13:45:00,0,91,,,,,,,,,,,,,,,,,,
14/03/2024 13:30:00,0,91,,,,,,,,,,,,,,,,,,
14/03/2024 13:15:00,0,91,,,,,,,,,,,,,,,,,,
14/03/2024 13:00:00,0,91,,,,,,,,,,,,,,,,,,
14/03/2024 12:45:00,0,91,,,,,,,,,,,,,,,,,,
14/03/2024 12:30:00,0,91,,,,,,,,,,,,,,,,,,
14/03/2024 12:15:00,0,91,,,,,,,,,,,,,,,,,,
14/03/2024 12:00:00,0,91,,,,,,,,,,,,,,,,,,
14/03/2024 11:45:00,0,91,,,,,,,,,,,,,,,,,,
14/03/2024 11:30:00,0,92,,,,,,,,,,,,,,,,,,
14/03/2024 11:15:00,0,92,,,,,,,,,,,,,,,,,,
14/03/2024 11:00:00,0,92,,,,,,,,,,,,,,,,,,
14/03/2024 10:45:00,0,92,,,,,,,,,,,,,,,,,,
14/03/2024 10:30:00,0,92,,,,,,,,,,,,,,,,,,
14/03/2024 10:15:00,0,91,,,,,,,,,,,,,,,,,,
14/03/2024 10:00:00,0,92,,,,,,,,,,,,,,,,,,
14/03/2024 09:45:00,0,92,,,,,,,,,,,,,,,,,,
14/03/2024 09:30:00,0,92,,,,,,,,,,,,,,,,,,
14/03/2024 09:15:00,0,92,,,,,,,,,,,,,,,,,,
14/03/2024 09:00:00,0,92,,,,,,,,,,,,,,,,,,
14/03/2024 08:45:00,0,92,,,,,,,,,,,,,,,,,,
14/03/2024 08:30:00,0,92,,,,,,,,,,,,,,,,,,
14/03/2024 08:15:00,0,92,,,,,,,,,,,,,,,,,,
14/03/2024 08:00:00,0,92,,,,,,,,,,,,,,,,,,
14/03/2024 07:45:00,0,91,,,,,,,,,,,,,,,,,,
14/03/2024 07:30:00,0,91,,,,,,,,,,,,,,,,,,
14/03/2024 07:15:00,0,91,,,,,,,,,,,,,,,,,,
14/03/2024 07:00:00,0,91,,,,,,,,,,,,,,,,,,
14/03/2024 06:45:00,0,91,,,,,,,,,,,,,,,,,,
14/03/2024 06:30:00,0,91,,,,,,,,,,,,,,,,,,
14/03/2024 06:15:00,0,91,,,,,,,,,,,,,,,,,,
14/03/2024 06:00:00,0,91,,,,,,,,,,,,,,,,,,
14/03/2024 05:45:00,0,92,,,,,,,,,,,,,,,,,,
14/03/2024 05:30:00,0,92,,,,,,,,,,,,,,,,,,
14/03/2024 05:15:00,0,92,,,,,,,,,,,,,,,,,,
14/03/2024 05:00:00,0,92,,,,,,,,,,,,,,,,,,
14/03/2024 04:45:00,0.2,92,,,,,,,,,,,,,,,,,,
14/03/2024 04:30:00,0,92,,,,,,,,,,,,,,,,,,
14/03/2024 04:15:00,0,92,,,,,,,,,,,,,,,,,,
14/03/2024 04:00:00,0,93,,,,,,,,,,,,,,,,,,
14/03/2024 03:45:00,0,92,,,,,,,,,,,,,,,,,,
14/03/2024 03:30:00,0,93,,,,,,,,,,,,,,,,,,
14/03/2024 03:15:00,0,93,,,,,,,,,,,,,,,,,,
14/03/2024 03:00:00,0,93,,,,,,,,,,,,,,,,,,
14/03/2024 02:45:00,0,93,,,,,,,,,,,,,,,,,,
14/03/2024 02:30:00,0,93,,,,,,,,,,,,,,,,,,
14/03/2024 02:15:00,0,93,,,,,,,,,,,,,,,,,,
14/03/2024 02:00:00,0,93,,,,,,,,,,,,,,,,,,
14/03/2024 01:45:00,0,93,,,,,,,,,,,,,,,,,,
14/03/2024 01:30:00,0,93,,,,,,,,,,,,,,,,,,
14/03/2024 01:15:00,0,92,,,,,,,,,,,,,,,,,,
14/03/2024 01:00:00,0,92,,,,,,,,,,,,,,,,,,
14/03/2024 00:45:00,0,92,,,,,,,,,,,,,,,,,,
14/03/2024 00:30:00,0,92,,,,,,,,,,,,,,,,,,
14/03/2024 00:15:00,0,92,,,,,,,,,,,,,,,,,,
14/03/2024 00:00:00,0,92,,,,,,,,,,,,,,,,,,
13/03/2024 23:45:00,0,92,,,,,,,,,,,,,,,,,,
13/03/2024 23:30:00,0,92,,,,,,,,,,,,,,,,,,
13/03/2024 23:15:00,0,92,,,,,,,,,,,,,,,,,,
13/03/2024 23:00:00,0,92,,,,,,,,,,,,,,,,,,
13/03/2024 22:45:00,0,92,,,,,,,,,,,,,,,,,,
13/03/2024 22:30:00,0,92,,,,,,,,,,,,,,,,,,
13/03/2024 22:15:00,0,93,,,,,,,,,,,,,,,,,,
13/03/2024 22:00:00,0,93,,,,,,,,,,,,,,,,,,
13/03/2024 21:45:00,0,93,,,,,,,,,,,,,,,,,,
13/03/2024 21:30:00,0,93,,,,,,,,,,,,,,,,,,
13/03/2024 21:15:00,0,93,,,,,,,,,,,,,,,,,,
13/03/2024 21:00:00,0,93,,,,,,,,,,,,,,,,,,
13/03/2024 20:45:00,0,93,,,,,,,,,,,,,,,,,,
13/03/2024 20:30:00,0,94,,,,,,,,,,,,,,,,,,
13/03/2024 20:15:00,0,94,,,,,,,,,,,,,,,,,,
13/03/2024 20:00:00,0,94,,,,,,,,,,,,,,,,,,
13/03/2024 19:45:00,0,94,,,,,,,,,,,,,,,,,,
13/03/2024 19:30:00,0,94,,,,,,,,,,,,,,,,,,
13/03/2024 19:15:00,0,94,,,,,,,,,,,,,,,,,,
13/03/2024 19:00:00,0,94,,,,,,,,,,,,,,,,,,
13/03/2024 18:45:00,0,94,,,,,,,,,,,,,,,,,,
13/03/2024 18:30:00,0,94,,,,,,,,,,,,,,,,,,
13/03/2024 18:15:00,0,94,,,,,,,,,,,,,,,,,,
13/03/2024 18:00:00,0,94,,,,,,,,,,,,,,,,,,
13/03/2024 17:45:00,0,94,,,,,,,,,,,,,,,,,,
13/03/2024 17:30:00,0,94,,,,,,,,,,,,,,,,,,
13/03/2024 17:15:00,0,94,,,,,,,,,,,,,,,,,,
13/03/2024 17:00:00,0,94,,,,,,,,,,,,,,,,,,
13/03/2024 16:45:00,0,94,,,,,,,,,,,,,,,,,,
13/03/2024 16:30:00,0,93,,,,,,,,,,,,,,,,,,
13/03/2024 16:15:00,0,93,,,,,,,,,,,,,,,,,,
13/03/2024 16:00:00,0,93,,,,,,,,,,,,,,,,,,
13/03/2024 15:45:00,0,93,,,,,,,,,,,,,,,,,,
13/03/2024 15:30:00,0,93,,,,,,,,,,,,,,,,,,
13/03/2024 15:15:00,0,93,,,,,,,,,,,,,,,,,,
13/03/2024 15:00:00,0,93,,,,,,,,,,,,,,,,,,
13/03/2024 14:45:00,0,94,,,,,,,,,,,,,,,,,,
13/03/2024 14:30:00,0,94,,,,,,,,,,,,,,,,,,
13/03/2024 14:15:00,0,94,,,,,,,,,,,,,,,,,,
13/03/2024 14:00:00,0,94,,,,,,,,,,,,,,,,,,
13/03/2024 13:45:00,0,94,,,,,,,,,,,,,,,,,,
13/03/2024 13:30:00,0,94,,,,,,,,,,,,,,,,,,
13/03/2024 13:15:00,0,94,,,,,,,,,,,,,,,,,,
13/03/2024 13:00:00,0,94,,,,,,,,,,,,,,,,,,
13/03/2024 12:45:00,0,95,,,,,,,,,,,,,,,,,,
13/03/2024 12:30:00,0,95,,,,,,,,,,,,,,,,,,
13/03/2024 12:15:00,0,95,,,,,,,,,,,,,,,,,,
13/03/2024 12:00:00,0,95,,,,,,,,,,,,,,,,,,
13/03/2024 11:45:00,0,95,,,,,,,,,,,,,,,,,,
13/03/2024 11:30:00,0,95,,,,,,,,,,,,,,,,,,
13/03/2024 11:15:00,0,95,,,,,,,,,,,,,,,,,,
13/03/2024 11:00:00,0,95,,,,,,,,,,,,,,,,,,
13/03/2024 10:45:00,0,95,,,,,,,,,,,,,,,,,,
13/03/2024 10:30:00,0,95,,,,,,,,,,,,,,,,,,
13/03/2024 10:15:00,0,95,,,,,,,,,,,,,,,,,,
13/03/2024 10:00:00,0,95,,,,,,,,,,,,,,,,,,
13/03/2024 09:45:00,0,94,,,,,,,,,,,,,,,,,,
13/03/2024 09:30:00,0,94,,,,,,,,,,,,,,,,,,
13/03/2024 09:15:00,0,94,,,,,,,,,,,,,,,,,,
13/03/2024 09:00:00,0,94,,,,,,,,,,,,,,,,,,
13/03/2024 08:45:00,0,94,,,,,,,,,,,,,,,,,,
13/03/2024 08:30:00,0,94,,,,,,,,,,,,,,,,,,
13/03/2024 08:15:00,0,94,,,,,,,,,,,,,,,,,,
13/03/2024 08:00:00,0,94,,,,,,,,,,,,,,,,,,
13/03/2024 07:45:00,0,94,,,,,,,,,,,,,,,,,,
13/03/2024 07:30:00,0,94,,,,,,,,,,,,,,,,,,
13/03/2024 07:15:00,0,94,,,,,,,,,,,,,,,,,,
13/03/2024 07:00:00,0,94,,,,,,,,,,,,,,,,,,
13/03/2024 06:45:00,0,94,,,,,,,,,,,,,,,,,,
13/03/2024 06:30:00,0,94,,,,,,,,,,,,,,,,,,
13/03/2024 06:15:00,0,94,,,,,,,,,,,,,,,,,,
13/03/2024 06:00:00,0,94,,,,,,,,,,,,,,,,,,
13/03/2024 05:45:00,0,95,,,,,,,,,,,,,,,,,,
13/03/2024 05:30:00,0,95,,,,,,,,,,,,,,,,,,
13/03/2024 05:15:00,0,95,,,,,,,,,,,,,,,,,,
13/03/2024 05:00:00,0,95,,,,,,,,,,,,,,,,,,
13/03/2024 04:45:00,0,95,,,,,,,,,,,,,,,,,,
13/03/2024 04:30:00,0,95,,,,,,,,,,,,,,,,,,
13/03/2024 04:15:00,0,95,,,,,,,,,,,,,,,,,,
13/03/2024 04:00:00,0,95,,,,,,,,,,,,,,,,,,
13/03/2024 03:45:00,0,95,,,,,,,,,,,,,,,,,,
13/03/2024 03:30:00,0,95,,,,,,,,,,,,,,,,,,
13/03/2024 03:15:00,0,95,,,,,,,,,,,,,,,,,,
13/03/2024 03:00:00,0,95,,,,,,,,,,,,,,,,,,
13/03/2024 02:45:00,0,95,,,,,,,,,,,,,,,,,,
13/03/2024 02:30:00,0,95,,,,,,,,,,,,,,,,,,
13/03/2024 02:15:00,0,95,,,,,,,,,,,,,,,,,,
13/03/2024 02:00:00,0,95,,,,,,,,,,,,,,,,,,
13/03/2024 01:45:00,0,96,,,,,,,,,,,,,,,,,,
13/03/2024 01:30:00,0,96,,,,,,,,,,,,,,,,,,
13/03/2024 01:15:00,0,96,,,,,,,,,,,,,,,,,,
13/03/2024 01:00:00,0,96,,,,,,,,,,,,,,,,,,
13/03/2024 00:45:00,0,96,,,,,,,,,,,,,,,,,,
13/03/2024 00:30:00,0,96,,,,,,,,,,,,,,,,,,
13/03/2024 00:15:00,0,96,,,,,,,,,,,,,,,,,,
13/03/2024 00:00:00,0,96,,,,,,,,,,,,,,,,,,
12/3/2024 23:45,0,96,,,,,,,,,,,,,,,,,,
12/3/2024 23:30,0,96,,,,,,,,,,,,,,,,,,
12/3/2024 23:15,0,96,,,,,,,,,,,,,,,,,,
12/3/2024 23:00,0,97,,,,,,,,,,,,,,,,,,
12/3/2024 22:45,0,97,,,,,,,,,,,,,,,,,,
12/3/2024 22:30,0,97,,,,,,,,,,,,,,,,,,
12/3/2024 22:15,0,97,,,,,,,,,,,,,,,,,,
12/3/2024 22:00,0,97,,,,,,,,,,,,,,,,,,
12/3/2024 21:45,0,97,,,,,,,,,,,,,,,,,,
12/3/2024 21:30,0,97,,,,,,,,,,,,,,,,,,
12/3/2024 21:15,0,97,,,,,,,,,,,,,,,,,,
12/3/2024 21:00,0,97,,,,,,,,,,,,,,,,,,
12/3/2024 20:45,0,97,,,,,,,,,,,,,,,,,,
12/3/2024 20:30,0,97,,,,,,,,,,,,,,,,,,
12/3/2024 20:15,0,97,,,,,,,,,,,,,,,,,,
12/3/2024 20:00,0,97,,,,,,,,,,,,,,,,,,
12/3/2024 19:45,0,97,,,,,,,,,,,,,,,,,,
12/3/2024 19:30,0,97,,,,,,,,,,,,,,,,,,
12/3/2024 19:15,0,97,,,,,,,,,,,,,,,,,,
12/3/2024 19:00,0,97,,,,,,,,,,,,,,,,,,
12/3/2024 18:45,0,97,,,,,,,,,,,,,,,,,,
12/3/2024 18:30,0,97,,,,,,,,,,,,,,,,,,
12/3/2024 18:15,0,97,,,,,,,,,,,,,,,,,,
12/3/2024 18:00,0,97,,,,,,,,,,,,,,,,,,
12/3/2024 17:45,0,97,,,,,,,,,,,,,,,,,,
12/3/2024 17:30,0,97,,,,,,,,,,,,,,,,,,
12/3/2024 17:15,0,97,,,,,,,,,,,,,,,,,,
12/3/2024 17:00,0,97,,,,,,,,,,,,,,,,,,
12/3/2024 16:45,0,96,,,,,,,,,,,,,,,,,,
12/3/2024 16:30,0,97,,,,,,,,,,,,,,,,,,
12/3/2024 16:15,0,97,,,,,,,,,,,,,,,,,,
12/3/2024 16:00,0,96,,,,,,,,,,,,,,,,,,
12/3/2024 15:45,0,96,,,,,,,,,,,,,,,,,,
12/3/2024 15:30,0,96,,,,,,,,,,,,,,,,,,
12/3/2024 15:15,0,96,,,,,,,,,,,,,,,,,,
12/3/2024 15:00,0,96,,,,,,,,,,,,,,,,,,
12/3/2024 14:45,0,96,,,,,,,,,,,,,,,,,,
12/3/2024 14:30,0,96,,,,,,,,,,,,,,,,,,
12/3/2024 14:15,0,96,,,,,,,,,,,,,,,,,,
12/3/2024 14:00,0,96,,,,,,,,,,,,,,,,,,
12/3/2024 13:45,0,96,,,,,,,,,,,,,,,,,,
12/3/2024 13:30,0,96,,,,,,,,,,,,,,,,,,
12/3/2024 13:15,0,96,,,,,,,,,,,,,,,,,,
12/3/2024 13:00,0,96,,,,,,,,,,,,,,,,,,
12/3/2024 12:45,0,96,,,,,,,,,,,,,,,,,,
12/3/2024 12:30,0,96,,,,,,,,,,,,,,,,,,
12/3/2024 12:15,0,97,,,,,,,,,,,,,,,,,,
12/3/2024 12:00,0,97,,,,,,,,,,,,,,,,,,
12/3/2024 11:45,0,97,,,,,,,,,,,,,,,,,,
12/3/2024 11:30,0,97,,,,,,,,,,,,,,,,,,
12/3/2024 11:15,0,97,,,,,,,,,,,,,,,,,,
12/3/2024 11:00,0,97,,,,,,,,,,,,,,,,,,
12/3/2024 10:45,0,97,,,,,,,,,,,,,,,,,,
12/3/2024 10:30,0,98,,,,,,,,,,,,,,,,,,
12/3/2024 10:15,0,98,,,,,,,,,,,,,,,,,,
12/3/2024 10:00,0,98,,,,,,,,,,,,,,,,,,
12/3/2024 9:45,0,98,,,,,,,,,,,,,,,,,,
12/3/2024 9:30,0,98,,,,,,,,,,,,,,,,,,
12/3/2024 9:15,0,98,,,,,,,,,,,,,,,,,,
12/3/2024 9:00,0,98,,,,,,,,,,,,,,,,,,
12/3/2024 8:45,0,98,,,,,,,,,,,,,,,,,,
12/3/2024 8:30,0,98,,,,,,,,,,,,,,,,,,
12/3/2024 8:15,0,98,,,,,,,,,,,,,,,,,,
12/3/2024 8:00,0,99,,,,,,,,,,,,,,,,,,
12/3/2024 7:45,0,99,,,,,,,,,,,,,,,,,,
12/3/2024 7:30,0,99,,,,,,,,,,,,,,,,,,
12/3/2024 7:15,0,99,,,,,,,,,,,,,,,,,,
12/3/2024 7:00,0,99,,,,,,,,,,,,,,,,,,
12/3/2024 6:45,0,99,,,,,,,,,,,,,,,,,,
12/3/2024 6:30,0,99,,,,,,,,,,,,,,,,,,
12/3/2024 6:15,0,99,,,,,,,,,,,,,,,,,,
12/3/2024 6:00,0,99,,,,,,,,,,,,,,,,,,
12/3/2024 5:45,0,99,,,,,,,,,,,,,,,,,,
12/3/2024 5:30,0,99,,,,,,,,,,,,,,,,,,
12/3/2024 5:15,0,99,,,,,,,,,,,,,,,,,,
12/3/2024 5:00,0,99,,,,,,,,,,,,,,,,,,
12/3/2024 4:45,0,99,,,,,,,,,,,,,,,,,,
12/3/2024 4:30,0,99,,,,,,,,,,,,,,,,,,
12/3/2024 4:15,0,99,,,,,,,,,,,,,,,,,,
12/3/2024 4:00,0,99,,,,,,,,,,,,,,,,,,
12/3/2024 3:45,0,99,,,,,,,,,,,,,,,,,,
12/3/2024 3:30,0,99,,,,,,,,,,,,,,,,,,
12/3/2024 3:15,0,100,,,,,,,,,,,,,,,,,,
12/3/2024 3:00,0,100,,,,,,,,,,,,,,,,,,
12/3/2024 2:45,0,99,,,,,,,,,,,,,,,,,,
12/3/2024 2:30,0,99,,,,,,,,,,,,,,,,,,
12/3/2024 2:15,0,100,,,,,,,,,,,,,,,,,,
12/3/2024 2:00,0,100,,,,,,,,,,,,,,,,,,
12/3/2024 1:45,0,100,,,,,,,,,,,,,,,,,,
12/3/2024 1:30,0,100,,,,,,,,,,,,,,,,,,
12/3/2024 1:15,0,100,,,,,,,,,,,,,,,,,,
12/3/2024 1:00,0,100,,,,,,,,,,,,,,,,,,
12/3/2024 0:45,0,100,,,,,,,,,,,,,,,,,,
12/3/2024 0:30,0,100,,,,,,,,,,,,,,,,,,
12/3/2024 0:15,0,100,,,,,,,,,,,,,,,,,,
12/3/2024 0:00,0,100,,,,,,,,,,,,,,,,,,
11/3/2024 23:45,0,100,,,,,,,,,,,,,,,,,,
11/3/2024 23:30,0,100,,,,,,,,,,,,,,,,,,
11/3/2024 23:15,0,100,,,,,,,,,,,,,,,,,,
11/3/2024 23:00,0,100,,,,,,,,,,,,,,,,,,
11/3/2024 22:45,0,100,,,,,,,,,,,,,,,,,,
11/3/2024 22:30,0,101,,,,,,,,,,,,,,,,,,
11/3/2024 22:15,0,101,,,,,,,,,,,,,,,,,,
11/3/2024 22:00,0,101,,,,,,,,,,,,,,,,,,
11/3/2024 21:45,0,101,,,,,,,,,,,,,,,,,,
11/3/2024 21:30,0,101,,,,,,,,,,,,,,,,,,
11/3/2024 21:15,0,101,,,,,,,,,,,,,,,,,,
11/3/2024 21:00,0,101,,,,,,,,,,,,,,,,,,
11/3/2024 20:45,0,101,,,,,,,,,,,,,,,,,,
11/3/2024 20:30,0,101,,,,,,,,,,,,,,,,,,
11/3/2024 20:15,0,101,,,,,,,,,,,,,,,,,,
11/3/2024 20:00,0,101,,,,,,,,,,,,,,,,,,
11/3/2024 19:45,0,101,,,,,,,,,,,,,,,,,,
11/3/2024 19:30,0,101,,,,,,,,,,,,,,,,,,
11/3/2024 19:15,0,101,,,,,,,,,,,,,,,,,,
11/3/2024 19:00,0,102,,,,,,,,,,,,,,,,,,
11/3/2024 18:45,0,101,,,,,,,,,,,,,,,,,,
11/3/2024 18:30,0,101,,,,,,,,,,,,,,,,,,
11/3/2024 18:15,0,101,,,,,,,,,,,,,,,,,,
11/3/2024 18:00,0,101,,,,,,,,,,,,,,,,,,
11/3/2024 17:45,0,102,,,,,,,,,,,,,,,,,,
11/3/2024 17:30,0,101,,,,,,,,,,,,,,,,,,
11/3/2024 17:15,0,102,,,,,,,,,,,,,,,,,,
11/3/2024 17:00,0,102,,,,,,,,,,,,,,,,,,
11/3/2024 16:45,0,102,,,,,,,,,,,,,,,,,,
11/3/2024 16:30,0,102,,,,,,,,,,,,,,,,,,
11/3/2024 16:15,0,102,,,,,,,,,,,,,,,,,,
11/3/2024 16:00,0,102,,,,,,,,,,,,,,,,,,
11/3/2024 15:45,0,102,,,,,,,,,,,,,,,,,,
11/3/2024 15:30,0,102,,,,,,,,,,,,,,,,,,
11/3/2024 15:15,0,102,,,,,,,,,,,,,,,,,,
11/3/2024 15:00,0,102,,,,,,,,,,,,,,,,,,
11/3/2024 14:45,0,102,,,,,,,,,,,,,,,,,,
11/3/2024 14:30,0,102,,,,,,,,,,,,,,,,,,
11/3/2024 14:15,0,102,,,,,,,,,,,,,,,,,,
11/3/2024 14:00,0,103,,,,,,,,,,,,,,,,,,
11/3/2024 13:45,0,102,,,,,,,,,,,,,,,,,,
11/3/2024 13:30,0,102,,,,,,,,,,,,,,,,,,
11/3/2024 13:15,0,103,,,,,,,,,,,,,,,,,,
11/3/2024 13:00,0,103,,,,,,,,,,,,,,,,,,
11/3/2024 12:45,0,103,,,,,,,,,,,,,,,,,,
11/3/2024 12:30,0,102,,,,,,,,,,,,,,,,,,
11/3/2024 12:15,0,103,,,,,,,,,,,,,,,,,,
11/3/2024 12:00,0,103,,,,,,,,,,,,,,,,,,
11/3/2024 11:45,0,103,,,,,,,,,,,,,,,,,,
11/3/2024 11:30,0,103,,,,,,,,,,,,,,,,,,
11/3/2024 11:15,0,103,,,,,,,,,,,,,,,,,,
11/3/2024 11:00,0,103,,,,,,,,,,,,,,,,,,
11/3/2024 10:45,0,103,,,,,,,,,,,,,,,,,,
11/3/2024 10:30,0,103,,,,,,,,,,,,,,,,,,
11/3/2024 10:15,0,103,,,,,,,,,,,,,,,,,,
11/3/2024 10:00,0,103,,,,,,,,,,,,,,,,,,
11/3/2024 9:45,0,103,,,,,,,,,,,,,,,,,,
11/3/2024 9:30,0,103,,,,,,,,,,,,,,,,,,
11/3/2024 9:15,0,103,,,,,,,,,,,,,,,,,,
11/3/2024 9:00,0,103,,,,,,,,,,,,,,,,,,
11/3/2024 8:45,0,103,,,,,,,,,,,,,,,,,,
11/3/2024 8:30,0,104,,,,,,,,,,,,,,,,,,
11/3/2024 8:15,0,103,,,,,,,,,,,,,,,,,,
11/3/2024 8:00,0,104,,,,,,,,,,,,,,,,,,
11/3/2024 7:45,0,103,,,,,,,,,,,,,,,,,,
11/3/2024 7:30,0,103,,,,,,,,,,,,,,,,,,
11/3/2024 7:15,0,104,,,,,,,,,,,,,,,,,,
11/3/2024 7:00,0,104,,,,,,,,,,,,,,,,,,
11/3/2024 6:45,0.2,104,,,,,,,,,,,,,,,,,,
11/3/2024 6:30,0,104,,,,,,,,,,,,,,,,,,
11/3/2024 6:15,0,104,,,,,,,,,,,,,,,,,,
11/3/2024 6:00,0,104,,,,,,,,,,,,,,,,,,
11/3/2024 5:45,0,104,,,,,,,,,,,,,,,,,,
11/3/2024 5:30,0,104,,,,,,,,,,,,,,,,,,
11/3/2024 5:15,0,104,,,,,,,,,,,,,,,,,,
11/3/2024 5:00,0,104,,,,,,,,,,,,,,,,,,
11/3/2024 4:45,0,104,,,,,,,,,,,,,,,,,,
11/3/2024 4:30,0,104,,,,,,,,,,,,,,,,,,
11/3/2024 4:15,0,104,,,,,,,,,,,,,,,,,,
11/3/2024 4:00,0,104,,,,,,,,,,,,,,,,,,
11/3/2024 3:45,0,104,,,,,,,,,,,,,,,,,,
11/3/2024 3:30,0,105,,,,,,,,,,,,,,,,,,
11/3/2024 3:15,0,104,,,,,,,,,,,,,,,,,,
11/3/2024 3:00,0,105,,,,,,,,,,,,,,,,,,
11/3/2024 2:45,0,105,,,,,,,,,,,,,,,,,,
11/3/2024 2:30,0,105,,,,,,,,,,,,,,,,,,
11/3/2024 2:15,0,105,,,,,,,,,,,,,,,,,,
11/3/2024 2:00,0,105,,,,,,,,,,,,,,,,,,
11/3/2024 1:45,0,105,,,,,,,,,,,,,,,,,,
11/3/2024 1:30,0,105,,,,,,,,,,,,,,,,,,
11/3/2024 1:15,0,105,,,,,,,,,,,,,,,,,,
11/3/2024 1:00,0,105,,,,,,,,,,,,,,,,,,
11/3/2024 0:45,0,105,,,,,,,,,,,,,,,,,,
11/3/2024 0:30,0,106,,,,,,,,,,,,,,,,,,
11/3/2024 0:15,0,105,,,,,,,,,,,,,,,,,,
11/3/2024 0:00,0,106,,,,,,,,,,,,,,,,,,
10/3/2024 23:45,0,106,,,,,,,,,,,,,,,,,,
10/3/2024 23:30,0,106,,,,,,,,,,,,,,,,,,
10/3/2024 23:15,0,106,,,,,,,,,,,,,,,,,,
10/3/2024 23:00,0,106,,,,,,,,,,,,,,,,,,
10/3/2024 22:45,0,106,,,,,,,,,,,,,,,,,,
10/3/2024 22:30,0,106,,,,,,,,,,,,,,,,,,
10/3/2024 22:15,0,106,,,,,,,,,,,,,,,,,,
10/3/2024 22:00,0,106,,,,,,,,,,,,,,,,,,
10/3/2024 21:45,0,106,,,,,,,,,,,,,,,,,,
10/3/2024 21:30,0,107,,,,,,,,,,,,,,,,,,
10/3/2024 21:15,0,107,,,,,,,,,,,,,,,,,,
10/3/2024 21:00,0,107,,,,,,,,,,,,,,,,,,
10/3/2024 20:45,0,107,,,,,,,,,,,,,,,,,,
10/3/2024 20:30,0,107,,,,,,,,,,,,,,,,,,
10/3/2024 20:15,0,107,,,,,,,,,,,,,,,,,,
10/3/2024 20:00,0,107,,,,,,,,,,,,,,,,,,
10/3/2024 19:45,0,107,,,,,,,,,,,,,,,,,,
10/3/2024 19:30,0,107,,,,,,,,,,,,,,,,,,
10/3/2024 19:15,0,107,,,,,,,,,,,,,,,,,,
10/3/2024 19:00,0,107,,,,,,,,,,,,,,,,,,
10/3/2024 18:45,0,108,,,,,,,,,,,,,,,,,,
10/3/2024 18:30,0,108,,,,,,,,,,,,,,,,,,
10/3/2024 18:15,0,108,,,,,,,,,,,,,,,,,,
10/3/2024 18:00,0,108,,,,,,,,,,,,,,,,,,
10/3/2024 17:45,0,108,,,,,,,,,,,,,,,,,,
10/3/2024 17:30,0,108,,,,,,,,,,,,,,,,,,
10/3/2024 17:15,0,108,,,,,,,,,,,,,,,,,,
10/3/2024 17:00,0,108,,,,,,,,,,,,,,,,,,
10/3/2024 16:45,0,108,,,,,,,,,,,,,,,,,,
10/3/2024 16:30,0,108,,,,,,,,,,,,,,,,,,
10/3/2024 16:15,0,108,,,,,,,,,,,,,,,,,,
10/3/2024 16:00,0,109,,,,,,,,,,,,,,,,,,
10/3/2024 15:45,0,109,,,,,,,,,,,,,,,,,,
10/3/2024 15:30,0,109,,,,,,,,,,,,,,,,,,
10/3/2024 15:15,0,109,,,,,,,,,,,,,,,,,,
10/3/2024 15:00,0,109,,,,,,,,,,,,,,,,,,
10/3/2024 14:45,0,109,,,,,,,,,,,,,,,,,,
10/3/2024 14:30,0,109,,,,,,,,,,,,,,,,,,
10/3/2024 14:15,0,109,,,,,,,,,,,,,,,,,,
10/3/2024 14:00,0,109,,,,,,,,,,,,,,,,,,
10/3/2024 13:45,0,109,,,,,,,,,,,,,,,,,,
10/3/2024 13:30,0,110,,,,,,,,,,,,,,,,,,
10/3/2024 13:15,0,110,,,,,,,,,,,,,,,,,,
10/3/2024 13:00,0,110,,,,,,,,,,,,,,,,,,
10/3/2024 12:45,0,110,,,,,,,,,,,,,,,,,,
10/3/2024 12:30,0,110,,,,,,,,,,,,,,,,,,
10/3/2024 12:15,0,110,,,,,,,,,,,,,,,,,,
10/3/2024 12:00,0,110,,,,,,,,,,,,,,,,,,
10/3/2024 11:45,0,110,,,,,,,,,,,,,,,,,,
10/3/2024 11:30,0,110,,,,,,,,,,,,,,,,,,
10/3/2024 11:15,0,110,,,,,,,,,,,,,,,,,,
10/3/2024 11:00,0,110,,,,,,,,,,,,,,,,,,
10/3/2024 10:45,0,110,,,,,,,,,,,,,,,,,,
10/3/2024 10:30,0,110,,,,,,,,,,,,,,,,,,
10/3/2024 10:15,0,110,,,,,,,,,,,,,,,,,,
10/3/2024 10:00,0,110,,,,,,,,,,,,,,,,,,
10/3/2024 9:45,0,111,,,,,,,,,,,,,,,,,,
10/3/2024 9:30,0,111,,,,,,,,,,,,,,,,,,
10/3/2024 9:15,0,111,,,,,,,,,,,,,,,,,,
10/3/2024 9:00,0,111,,,,,,,,,,,,,,,,,,
10/3/2024 8:45,0,111,,,,,,,,,,,,,,,,,,
10/3/2024 8:30,0,111,,,,,,,,,,,,,,,,,,
10/3/2024 8:15,0,111,,,,,,,,,,,,,,,,,,
10/3/2024 8:00,0,111,,,,,,,,,,,,,,,,,,
10/3/2024 7:45,0,111,,,,,,,,,,,,,,,,,,
10/3/2024 7:30,0,111,,,,,,,,,,,,,,,,,,
10/3/2024 7:15,0,111,,,,,,,,,,,,,,,,,,
10/3/2024 7:00,0,111,,,,,,,,,,,,,,,,,,
10/3/2024 6:45,0,112,,,,,,,,,,,,,,,,,,
10/3/2024 6:30,0,112,,,,,,,,,,,,,,,,,,
10/3/2024 6:15,0,112,,,,,,,,,,,,,,,,,,
10/3/2024 6:00,0,112,,,,,,,,,,,,,,,,,,
10/3/2024 5:45,0,112,,,,,,,,,,,,,,,,,,
10/3/2024 5:30,0,112,,,,,,,,,,,,,,,,,,
10/3/2024 5:15,0,112,,,,,,,,,,,,,,,,,,
10/3/2024 5:00,0,112,,,,,,,,,,,,,,,,,,
10/3/2024 4:45,0.2,112,,,,,,,,,,,,,,,,,,
10/3/2024 4:30,0,112,,,,,,,,,,,,,,,,,,
10/3/2024 4:15,0,112,,,,,,,,,,,,,,,,,,
10/3/2024 4:00,0,112,,,,,,,,,,,,,,,,,,
10/3/2024 3:45,0,112,,,,,,,,,,,,,,,,,,
10/3/2024 3:30,0,112,,,,,,,,,,,,,,,,,,
10/3/2024 3:15,0,112,,,,,,,,,,,,,,,,,,
10/3/2024 3:00,0,112,,,,,,,,,,,,,,,,,,
10/3/2024 2:45,0,112,,,,,,,,,,,,,,,,,,
10/3/2024 2:30,0,113,,,,,,,,,,,,,,,,,,
10/3/2024 2:15,0,112,,,,,,,,,,,,,,,,,,
10/3/2024 2:00,0,112,,,,,,,,,,,,,,,,,,
10/3/2024 1:45,0,113,,,,,,,,,,,,,,,,,,
10/3/2024 1:30,0,113,,,,,,,,,,,,,,,,,,
10/3/2024 1:15,0,113,,,,,,,,,,,,,,,,,,
10/3/2024 1:00,0,113,,,,,,,,,,,,,,,,,,
10/3/2024 0:45,0,113,,,,,,,,,,,,,,,,,,
10/3/2024 0:30,0,113,,,,,,,,,,,,,,,,,,
10/3/2024 0:15,0,113,,,,,,,,,,,,,,,,,,
10/3/2024 0:00,0,113,,,,,,,,,,,,,,,,,,
9/3/2024 23:45,0,113,,,,,,,,,,,,,,,,,,
9/3/2024 23:30,0,113,,,,,,,,,,,,,,,,,,
9/3/2024 23:15,0,113,,,,,,,,,,,,,,,,,,
9/3/2024 23:00,0,113,,,,,,,,,,,,,,,,,,
9/3/2024 22:45,0,113,,,,,,,,,,,,,,,,,,
9/3/2024 22:30,0,113,,,,,,,,,,,,,,,,,,
9/3/2024 22:15,0,113,,,,,,,,,,,,,,,,,,
9/3/2024 22:00,0,113,,,,,,,,,,,,,,,,,,
9/3/2024 21:45,0,113,,,,,,,,,,,,,,,,,,
9/3/2024 21:30,0,113,,,,,,,,,,,,,,,,,,
9/3/2024 21:15,0,113,,,,,,,,,,,,,,,,,,
9/3/2024 21:00,0,113,,,,,,,,,,,,,,,,,,
9/3/2024 20:45,0,113,,,,,,,,,,,,,,,,,,
9/3/2024 20:30,0,113,,,,,,,,,,,,,,,,,,
9/3/2024 20:15,0,113,,,,,,,,,,,,,,,,,,
9/3/2024 20:00,0,113,,,,,,,,,,,,,,,,,,
9/3/2024 19:45,0,113,,,,,,,,,,,,,,,,,,
9/3/2024 19:30,0,113,,,,,,,,,,,,,,,,,,
9/3/2024 19:15,0,113,,,,,,,,,,,,,,,,,,
9/3/2024 19:00,0,113,,,,,,,,,,,,,,,,,,
9/3/2024 18:45,0,113,,,,,,,,,,,,,,,,,,
9/3/2024 18:30,0,113,,,,,,,,,,,,,,,,,,
9/3/2024 18:15,0,113,,,,,,,,,,,,,,,,,,
9/3/2024 18:00,0,113,,,,,,,,,,,,,,,,,,
9/3/2024 17:45,0,114,,,,,,,,,,,,,,,,,,
9/3/2024 17:30,0,114,,,,,,,,,,,,,,,,,,
9/3/2024 17:15,0,114,,,,,,,,,,,,,,,,,,
9/3/2024 17:00,0,114,,,,,,,,,,,,,,,,,,
9/3/2024 16:45,0,114,,,,,,,,,,,,,,,,,,
9/3/2024 16:30,0,114,,,,,,,,,,,,,,,,,,
9/3/2024 16:15,0,114,,,,,,,,,,,,,,,,,,
9/3/2024 16:00,0,114,,,,,,,,,,,,,,,,,,
9/3/2024 15:45,0,114,,,,,,,,,,,,,,,,,,
9/3/2024 15:30,0,114,,,,,,,,,,,,,,,,,,
9/3/2024 15:15,0,115,,,,,,,,,,,,,,,,,,
9/3/2024 15:00,0,115,,,,,,,,,,,,,,,,,,
9/3/2024 14:45,0,115,,,,,,,,,,,,,,,,,,
9/3/2024 14:30,0,115,,,,,,,,,,,,,,,,,,
9/3/2024 14:15,0,115,,,,,,,,,,,,,,,,,,
9/3/2024 14:00,0,115,,,,,,,,,,,,,,,,,,
9/3/2024 13:45,0,115,,,,,,,,,,,,,,,,,,
9/3/2024 13:30,0,115,,,,,,,,,,,,,,,,,,
9/3/2024 13:15,0,116,,,,,,,,,,,,,,,,,,
9/3/2024 13:00,0,116,,,,,,,,,,,,,,,,,,
9/3/2024 12:45,0,116,,,,,,,,,,,,,,,,,,
9/3/2024 12:30,0,116,,,,,,,,,,,,,,,,,,
9/3/2024 12:15,0,117,,,,,,,,,,,,,,,,,,
9/3/2024 12:00,0,117,,,,,,,,,,,,,,,,,,
9/3/2024 11:45,0,117,,,,,,,,,,,,,,,,,,
9/3/2024 11:30,0,117,,,,,,,,,,,,,,,,,,
9/3/2024 11:15,0,117,,,,,,,,,,,,,,,,,,
9/3/2024 11:00,0,117,,,,,,,,,,,,,,,,,,
9/3/2024 10:45,0,118,,,,,,,,,,,,,,,,,,
9/3/2024 10:30,0,118,,,,,,,,,,,,,,,,,,
9/3/2024 10:15,0,118,,,,,,,,,,,,,,,,,,
9/3/2024 10:00,0,118,,,,,,,,,,,,,,,,,,
9/3/2024 9:45,0,119,,,,,,,,,,,,,,,,,,
9/3/2024 9:30,0,118,,,,,,,,,,,,,,,,,,
9/3/2024 9:15,0,119,,,,,,,,,,,,,,,,,,
9/3/2024 9:00,0,119,,,,,,,,,,,,,,,,,,
9/3/2024 8:45,0,120,,,,,,,,,,,,,,,,,,
9/3/2024 8:30,0,120,,,,,,,,,,,,,,,,,,
9/3/2024 8:15,0,120,,,,,,,,,,,,,,,,,,
9/3/2024 8:00,0,120,,,,,,,,,,,,,,,,,,
9/3/2024 7:45,0,121,,,,,,,,,,,,,,,,,,
9/3/2024 7:30,0,121,,,,,,,,,,,,,,,,,,
9/3/2024 7:15,0,121,,,,,,,,,,,,,,,,,,
9/3/2024 7:00,0,121,,,,,,,,,,,,,,,,,,
9/3/2024 6:45,0,122,,,,,,,,,,,,,,,,,,
9/3/2024 6:30,0,122,,,,,,,,,,,,,,,,,,
9/3/2024 6:15,0,122,,,,,,,,,,,,,,,,,,
9/3/2024 6:00,0,122,,,,,,,,,,,,,,,,,,
9/3/2024 5:45,0,122,,,,,,,,,,,,,,,,,,
9/3/2024 5:30,0,122,,,,,,,,,,,,,,,,,,
9/3/2024 5:15,0,122,,,,,,,,,,,,,,,,,,
9/3/2024 5:00,0,123,,,,,,,,,,,,,,,,,,
9/3/2024 4:45,0,123,,,,,,,,,,,,,,,,,,
9/3/2024 4:30,0,123,,,,,,,,,,,,,,,,,,
9/3/2024 4:15,0,123,,,,,,,,,,,,,,,,,,
9/3/2024 4:00,0,123,,,,,,,,,,,,,,,,,,
9/3/2024 3:45,0,123,,,,,,,,,,,,,,,,,,
9/3/2024 3:30,0,123,,,,,,,,,,,,,,,,,,
9/3/2024 3:15,0,124,,,,,,,,,,,,,,,,,,
9/3/2024 3:00,0,123,,,,,,,,,,,,,,,,,,
9/3/2024 2:45,0,124,,,,,,,,,,,,,,,,,,
9/3/2024 2:30,0,124,,,,,,,,,,,,,,,,,,
9/3/2024 2:15,0,124,,,,,,,,,,,,,,,,,,
9/3/2024 2:00,0,124,,,,,,,,,,,,,,,,,,
9/3/2024 1:45,0,124,,,,,,,,,,,,,,,,,,
9/3/2024 1:30,0,124,,,,,,,,,,,,,,,,,,
9/3/2024 1:15,0,124,,,,,,,,,,,,,,,,,,
9/3/2024 1:00,0,124,,,,,,,,,,,,,,,,,,
9/3/2024 0:45,0,124,,,,,,,,,,,,,,,,,,
9/3/2024 0:30,0,124,,,,,,,,,,,,,,,,,,
9/3/2024 0:15,0,124,,,,,,,,,,,,,,,,,,
9/3/2024 0:00,0,124,,,,,,,,,,,,,,,,,,
8/3/2024 23:45,0,124,,,,,,,,,,,,,,,,,,
8/3/2024 23:30,0,123,,,,,,,,,,,,,,,,,,
8/3/2024 23:15,0,123,,,,,,,,,,,,,,,,,,
8/3/2024 23:00,0,123,,,,,,,,,,,,,,,,,,
8/3/2024 22:45,0,122,,,,,,,,,,,,,,,,,,
8/3/2024 22:30,0,122,,,,,,,,,,,,,,,,,,
8/3/2024 22:15,0,121,,,,,,,,,,,,,,,,,,
8/3/2024 22:00,0,120,,,,,,,,,,,,,,,,,,
8/3/2024 21:45,0.2,120,,,,,,,,,,,,,,,,,,
8/3/2024 21:30,0,119,,,,,,,,,,,,,,,,,,
8/3/2024 21:15,0,118,,,,,,,,,,,,,,,,,,
8/3/2024 21:00,0,117,,,,,,,,,,,,,,,,,,
8/3/2024 20:45,0,116,,,,,,,,,,,,,,,,,,
8/3/2024 20:30,0,115,,,,,,,,,,,,,,,,,,
8/3/2024 20:15,0,115,,,,,,,,,,,,,,,,,,
8/3/2024 20:00,0,114,,,,,,,,,,,,,,,,,,
8/3/2024 19:45,0,113,,,,,,,,,,,,,,,,,,
8/3/2024 19:30,0,113,,,,,,,,,,,,,,,,,,
8/3/2024 19:15,0,112,,,,,,,,,,,,,,,,,,
8/3/2024 19:00,0,112,,,,,,,,,,,,,,,,,,
8/3/2024 18:45,0,112,,,,,,,,,,,,,,,,,,
8/3/2024 18:30,0,111,,,,,,,,,,,,,,,,,,
8/3/2024 18:15,0,111,,,,,,,,,,,,,,,,,,
8/3/2024 18:00,0,111,,,,,,,,,,,,,,,,,,
8/3/2024 17:45,0.2,111,,,,,,,,,,,,,,,,,,
8/3/2024 17:30,0,111,,,,,,,,,,,,,,,,,,
8/3/2024 17:15,0.2,111,,,,,,,,,,,,,,,,,,
8/3/2024 17:00,0.2,110,,,,,,,,,,,,,,,,,,
8/3/2024 16:45,0,110,,,,,,,,,,,,,,,,,,
8/3/2024 16:30,0,110,,,,,,,,,,,,,,,,,,
8/3/2024 16:15,0.2,110,,,,,,,,,,,,,,,,,,
8/3/2024 16:00,0.2,110,,,,,,,,,,,,,,,,,,
8/3/2024 15:45,0,110,,,,,,,,,,,,,,,,,,
8/3/2024 15:30,0,110,,,,,,,,,,,,,,,,,,
8/3/2024 15:15,0,110,,,,,,,,,,,,,,,,,,
8/3/2024 15:00,0,110,,,,,,,,,,,,,,,,,,
8/3/2024 14:45,0,110,,,,,,,,,,,,,,,,,,
8/3/2024 14:30,0,110,,,,,,,,,,,,,,,,,,
8/3/2024 14:15,0.2,110,,,,,,,,,,,,,,,,,,
8/3/2024 14:00,1,110,,,,,,,,,,,,,,,,,,
8/3/2024 13:45,0.2,110,,,,,,,,,,,,,,,,,,
8/3/2024 13:30,0.4,110,,,,,,,,,,,,,,,,,,
8/3/2024 13:15,0.2,110,,,,,,,,,,,,,,,,,,
8/3/2024 13:00,0.6,110,,,,,,,,,,,,,,,,,,
8/3/2024 12:45,1.2,109,,,,,,,,,,,,,,,,,,
8/3/2024 12:30,1,109,,,,,,,,,,,,,,,,,,
8/3/2024 12:15,0.6,109,,,,,,,,,,,,,,,,,,
8/3/2024 12:00,0.8,109,,,,,,,,,,,,,,,,,,
8/3/2024 11:45,1,109,,,,,,,,,,,,,,,,,,
8/3/2024 11:30,0,109,,,,,,,,,,,,,,,,,,
8/3/2024 11:15,0.4,109,,,,,,,,,,,,,,,,,,
8/3/2024 11:00,0,109,,,,,,,,,,,,,,,,,,
8/3/2024 10:45,0,109,,,,,,,,,,,,,,,,,,
8/3/2024 10:30,0,109,,,,,,,,,,,,,,,,,,
8/3/2024 10:15,0.4,109,,,,,,,,,,,,,,,,,,
8/3/2024 10:00,0.6,109,,,,,,,,,,,,,,,,,,
8/3/2024 9:45,0,109,,,,,,,,,,,,,,,,,,
8/3/2024 9:30,0,109,,,,,,,,,,,,,,,,,,
8/3/2024 9:15,0,109,,,,,,,,,,,,,,,,,,
8/3/2024 9:00,0,109,,,,,,,,,,,,,,,,,,
8/3/2024 8:45,0,109,,,,,,,,,,,,,,,,,,
8/3/2024 8:30,0,109,,,,,,,,,,,,,,,,,,
8/3/2024 8:15,0,109,,,,,,,,,,,,,,,,,,
8/3/2024 8:00,0,109,,,,,,,,,,,,,,,,,,
8/3/2024 7:45,0,109,,,,,,,,,,,,,,,,,,
8/3/2024 7:30,0,109,,,,,,,,,,,,,,,,,,
8/3/2024 7:15,0,109,,,,,,,,,,,,,,,,,,
8/3/2024 7:00,0,109,,,,,,,,,,,,,,,,,,
8/3/2024 6:45,0,109,,,,,,,,,,,,,,,,,,
8/3/2024 6:30,0,109,,,,,,,,,,,,,,,,,,
8/3/2024 6:15,0,110,,,,,,,,,,,,,,,,,,
8/3/2024 6:00,0,109,,,,,,,,,,,,,,,,,,
8/3/2024 5:45,0,109,,,,,,,,,,,,,,,,,,
8/3/2024 5:30,0,109,,,,,,,,,,,,,,,,,,
8/3/2024 5:15,0,109,,,,,,,,,,,,,,,,,,
8/3/2024 5:00,0,109,,,,,,,,,,,,,,,,,,
8/3/2024 4:45,0,110,,,,,,,,,,,,,,,,,,
8/3/2024 4:30,0,110,,,,,,,,,,,,,,,,,,
8/3/2024 4:15,0,110,,,,,,,,,,,,,,,,,,
8/3/2024 4:00,0,110,,,,,,,,,,,,,,,,,,
8/3/2024 3:45,0,110,,,,,,,,,,,,,,,,,,
8/3/2024 3:30,0,110,,,,,,,,,,,,,,,,,,
8/3/2024 3:15,0,110,,,,,,,,,,,,,,,,,,
8/3/2024 3:00,0,110,,,,,,,,,,,,,,,,,,
8/3/2024 2:45,0,110,,,,,,,,,,,,,,,,,,
8/3/2024 2:30,0,110,,,,,,,,,,,,,,,,,,
8/3/2024 2:15,0,110,,,,,,,,,,,,,,,,,,
8/3/2024 2:00,0,110,,,,,,,,,,,,,,,,,,
8/3/2024 1:45,0,110,,,,,,,,,,,,,,,,,,
8/3/2024 1:30,0,110,,,,,,,,,,,,,,,,,,
8/3/2024 1:15,0,110,,,,,,,,,,,,,,,,,,
8/3/2024 1:00,0,111,,,,,,,,,,,,,,,,,,
8/3/2024 0:45,0,111,,,,,,,,,,,,,,,,,,
8/3/2024 0:30,0,111,,,,,,,,,,,,,,,,,,
8/3/2024 0:15,0,111,,,,,,,,,,,,,,,,,,
8/3/2024 0:00,0,111,,,,,,,,,,,,,,,,,,
7/3/2024 23:45,0,111,,,,,,,,,,,,,,,,,,
7/3/2024 23:30,0,111,,,,,,,,,,,,,,,,,,
7/3/2024 23:15,0,111,,,,,,,,,,,,,,,,,,
7/3/2024 23:00,0,111,,,,,,,,,,,,,,,,,,
7/3/2024 22:45,0,112,,,,,,,,,,,,,,,,,,
7/3/2024 22:30,0,111,,,,,,,,,,,,,,,,,,
7/3/2024 22:15,0,112,,,,,,,,,,,,,,,,,,
7/3/2024 22:00,0,112,,,,,,,,,,,,,,,,,,
7/3/2024 21:45,0,112,,,,,,,,,,,,,,,,,,
7/3/2024 21:30,0,112,,,,,,,,,,,,,,,,,,
7/3/2024 21:15,0,112,,,,,,,,,,,,,,,,,,
7/3/2024 21:00,0,112,,,,,,,,,,,,,,,,,,
7/3/2024 20:45,0,112,,,,,,,,,,,,,,,,,,
7/3/2024 20:30,0,113,,,,,,,,,,,,,,,,,,
7/3/2024 20:15,0,113,,,,,,,,,,,,,,,,,,
7/3/2024 20:00,0,113,,,,,,,,,,,,,,,,,,
7/3/2024 19:45,0,113,,,,,,,,,,,,,,,,,,
7/3/2024 19:30,0,113,,,,,,,,,,,,,,,,,,
7/3/2024 19:15,0,113,,,,,,,,,,,,,,,,,,
7/3/2024 19:00,0,113,,,,,,,,,,,,,,,,,,
7/3/2024 18:45,0,114,,,,,,,,,,,,,,,,,,
7/3/2024 18:30,0,114,,,,,,,,,,,,,,,,,,
7/3/2024 18:15,0,114,,,,,,,,,,,,,,,,,,
7/3/2024 18:00,0,114,,,,,,,,,,,,,,,,,,
7/3/2024 17:45,0,114,,,,,,,,,,,,,,,,,,
7/3/2024 17:30,0,114,,,,,,,,,,,,,,,,,,
7/3/2024 17:15,0,114,,,,,,,,,,,,,,,,,,
7/3/2024 17:00,0,115,,,,,,,,,,,,,,,,,,
7/3/2024 16:45,0,115,,,,,,,,,,,,,,,,,,
7/3/2024 16:30,0,115,,,,,,,,,,,,,,,,,,
7/3/2024 16:15,0,115,,,,,,,,,,,,,,,,,,
7/3/2024 16:00,0,115,,,,,,,,,,,,,,,,,,
7/3/2024 15:45,0,115,,,,,,,,,,,,,,,,,,
7/3/2024 15:30,0,115,,,,,,,,,,,,,,,,,,
7/3/2024 15:15,0,115,,,,,,,,,,,,,,,,,,
7/3/2024 15:00,0,116,,,,,,,,,,,,,,,,,,
7/3/2024 14:45,0,115,,,,,,,,,,,,,,,,,,
7/3/2024 14:30,0,116,,,,,,,,,,,,,,,,,,
7/3/2024 14:15,0,116,,,,,,,,,,,,,,,,,,
7/3/2024 14:00,,116,,,,,,,,,,,,,,,,,,
7/3/2024 13:45,,,,,,,,,,,,,,,,,,,,
7/3/2024 13:30,0,107,,,,,,,,,,,,,,,,,,
7/3/2024 13:15,0,107,,,,,,,,,,,,,,,,,,
7/3/2024 13:00,0,107,,,,,,,,,,,,,,,,,,
7/3/2024 12:45,0,108,,,,,,,,,,,,,,,,,,
7/3/2024 12:30,0,108,,,,,,,,,,,,,,,,,,
7/3/2024 12:15,0,108,,,,,,,,,,,,,,,,,,
7/3/2024 12:00,0,108,,,,,,,,,,,,,,,,,,
7/3/2024 11:45,0,108,,,,,,,,,,,,,,,,,,
7/3/2024 11:30,0,108,,,,,,,,,,,,,,,,,,
7/3/2024 11:15,0,108,,,,,,,,,,,,,,,,,,
7/3/2024 11:00,0,108,,,,,,,,,,,,,,,,,,
7/3/2024 10:45,0,108,,,,,,,,,,,,,,,,,,
7/3/2024 10:30,0,108,,,,,,,,,,,,,,,,,,
7/3/2024 10:15,0,109,,,,,,,,,,,,,,,,,,
7/3/2024 10:00,0,109,,,,,,,,,,,,,,,,,,
7/3/2024 9:45,0,109,,,,,,,,,,,,,,,,,,
7/3/2024 9:30,0,109,,,,,,,,,,,,,,,,,,
7/3/2024 9:15,0,109,,,,,,,,,,,,,,,,,,
7/3/2024 9:00,0,109,,,,,,,,,,,,,,,,,,
7/3/2024 8:45,0,110,,,,,,,,,,,,,,,,,,
7/3/2024 8:30,0,109,,,,,,,,,,,,,,,,,,
7/3/2024 8:15,0,110,,,,,,,,,,,,,,,,,,
7/3/2024 8:00,0,110,,,,,,,,,,,,,,,,,,
7/3/2024 7:45,0,110,,,,,,,,,,,,,,,,,,
7/3/2024 7:30,0,110,,,,,,,,,,,,,,,,,,
7/3/2024 7:15,0,110,,,,,,,,,,,,,,,,,,
7/3/2024 7:00,0,110,,,,,,,,,,,,,,,,,,
7/3/2024 6:45,0,110,,,,,,,,,,,,,,,,,,
7/3/2024 6:30,0,110,,,,,,,,,,,,,,,,,,
7/3/2024 6:15,0,111,,,,,,,,,,,,,,,,,,
7/3/2024 6:00,0,111,,,,,,,,,,,,,,,,,,
7/3/2024 5:45,0,111,,,,,,,,,,,,,,,,,,
7/3/2024 5:30,0,111,,,,,,,,,,,,,,,,,,
7/3/2024 5:15,0,111,,,,,,,,,,,,,,,,,,
7/3/2024 5:00,0,111,,,,,,,,,,,,,,,,,,
7/3/2024 4:45,0,111,,,,,,,,,,,,,,,,,,
7/3/2024 4:30,0,111,,,,,,,,,,,,,,,,,,
7/3/2024 4:15,0,111,,,,,,,,,,,,,,,,,,
7/3/2024 4:00,0,112,,,,,,,,,,,,,,,,,,
7/3/2024 3:45,0,111,,,,,,,,,,,,,,,,,,
7/3/2024 3:30,0,111,,,,,,,,,,,,,,,,,,
7/3/2024 3:15,0,112,,,,,,,,,,,,,,,,,,
7/3/2024 3:00,0,112,,,,,,,,,,,,,,,,,,
7/3/2024 2:45,0,112,,,,,,,,,,,,,,,,,,
7/3/2024 2:30,0,112,,,,,,,,,,,,,,,,,,
7/3/2024 2:15,0,112,,,,,,,,,,,,,,,,,,
7/3/2024 2:00,0,112,,,,,,,,,,,,,,,,,,
7/3/2024 1:45,0,113,,,,,,,,,,,,,,,,,,
7/3/2024 1:30,0,113,,,,,,,,,,,,,,,,,,
7/3/2024 1:15,0,113,,,,,,,,,,,,,,,,,,
7/3/2024 1:00,0,113,,,,,,,,,,,,,,,,,,
7/3/2024 0:45,0,113,,,,,,,,,,,,,,,,,,
7/3/2024 0:30,0,113,,,,,,,,,,,,,,,,,,
7/3/2024 0:15,0,114,,,,,,,,,,,,,,,,,,
7/3/2024 0:00,0,113,,,,,,,,,,,,,,,,,,
6/3/2024 23:45,0,113,,,,,,,,,,,,,,,,,,
6/3/2024 23:30,0,114,,,,,,,,,,,,,,,,,,
6/3/2024 23:15,0,114,,,,,,,,,,,,,,,,,,
6/3/2024 23:00,0,114,,,,,,,,,,,,,,,,,,
6/3/2024 22:45,0,114,,,,,,,,,,,,,,,,,,
6/3/2024 22:30,0,115,,,,,,,,,,,,,,,,,,
6/3/2024 22:15,0,114,,,,,,,,,,,,,,,,,,
6/3/2024 22:00,0,115,,,,,,,,,,,,,,,,,,
6/3/2024 21:45,0,115,,,,,,,,,,,,,,,,,,
6/3/2024 21:30,0,115,,,,,,,,,,,,,,,,,,
6/3/2024 21:15,0,115,,,,,,,,,,,,,,,,,,
6/3/2024 21:00,0,115,,,,,,,,,,,,,,,,,,
6/3/2024 20:45,0,116,,,,,,,,,,,,,,,,,,
6/3/2024 20:30,0,116,,,,,,,,,,,,,,,,,,
6/3/2024 20:15,0,116,,,,,,,,,,,,,,,,,,
6/3/2024 20:00,0,116,,,,,,,,,,,,,,,,,,
6/3/2024 19:45,0,117,,,,,,,,,,,,,,,,,,
6/3/2024 19:30,0,117,,,,,,,,,,,,,,,,,,
6/3/2024 19:15,0,117,,,,,,,,,,,,,,,,,,
6/3/2024 19:00,0,117,,,,,,,,,,,,,,,,,,
6/3/2024 18:45,0,117,,,,,,,,,,,,,,,,,,
6/3/2024 18:30,0,117,,,,,,,,,,,,,,,,,,
6/3/2024 18:15,0,118,,,,,,,,,,,,,,,,,,
6/3/2024 18:00,0,118,,,,,,,,,,,,,,,,,,
6/3/2024 17:45,0,118,,,,,,,,,,,,,,,,,,
6/3/2024 17:30,0,118,,,,,,,,,,,,,,,,,,
6/3/2024 17:15,0,118,,,,,,,,,,,,,,,,,,
6/3/2024 17:00,0,119,,,,,,,,,,,,,,,,,,
6/3/2024 16:45,0,119,,,,,,,,,,,,,,,,,,
6/3/2024 16:30,0,119,,,,,,,,,,,,,,,,,,
6/3/2024 16:15,0,120,,,,,,,,,,,,,,,,,,
6/3/2024 16:00,0,120,,,,,,,,,,,,,,,,,,
6/3/2024 15:45,0,120,,,,,,,,,,,,,,,,,,
6/3/2024 15:30,0,120,,,,,,,,,,,,,,,,,,
6/3/2024 15:15,0,120,,,,,,,,,,,,,,,,,,
6/3/2024 15:00,0,120,,,,,,,,,,,,,,,,,,
6/3/2024 14:45,0,121,,,,,,,,,,,,,,,,,,
6/3/2024 14:30,0,121,,,,,,,,,,,,,,,,,,
6/3/2024 14:15,0,121,,,,,,,,,,,,,,,,,,
6/3/2024 14:00,0,122,,,,,,,,,,,,,,,,,,
6/3/2024 13:45,0,122,,,,,,,,,,,,,,,,,,
6/3/2024 13:30,0,122,,,,,,,,,,,,,,,,,,
6/3/2024 13:15,0,122,,,,,,,,,,,,,,,,,,
6/3/2024 13:00,0,122,,,,,,,,,,,,,,,,,,
6/3/2024 12:45,0,123,,,,,,,,,,,,,,,,,,
6/3/2024 12:30,0,123,,,,,,,,,,,,,,,,,,
6/3/2024 12:15,0,123,,,,,,,,,,,,,,,,,,
6/3/2024 12:00,0,123,,,,,,,,,,,,,,,,,,
6/3/2024 11:45,0,124,,,,,,,,,,,,,,,,,,
6/3/2024 11:30,0,124,,,,,,,,,,,,,,,,,,
6/3/2024 11:15,0,124,,,,,,,,,,,,,,,,,,
6/3/2024 11:00,0,125,,,,,,,,,,,,,,,,,,
6/3/2024 10:45,0,125,,,,,,,,,,,,,,,,,,
6/3/2024 10:30,0,125,,,,,,,,,,,,,,,,,,
6/3/2024 10:15,0,125,,,,,,,,,,,,,,,,,,
6/3/2024 10:00,0,126,,,,,,,,,,,,,,,,,,
6/3/2024 9:45,0,126,,,,,,,,,,,,,,,,,,
6/3/2024 9:30,0,127,,,,,,,,,,,,,,,,,,
6/3/2024 9:15,0,127,,,,,,,,,,,,,,,,,,
6/3/2024 9:00,0,127,,,,,,,,,,,,,,,,,,
6/3/2024 8:45,0,128,,,,,,,,,,,,,,,,,,
6/3/2024 8:30,0,128,,,,,,,,,,,,,,,,,,
6/3/2024 8:15,0,129,,,,,,,,,,,,,,,,,,
6/3/2024 8:00,0,129,,,,,,,,,,,,,,,,,,
6/3/2024 7:45,0,129,,,,,,,,,,,,,,,,,,
6/3/2024 7:30,0,130,,,,,,,,,,,,,,,,,,
6/3/2024 7:15,0,130,,,,,,,,,,,,,,,,,,
6/3/2024 7:00,0,131,,,,,,,,,,,,,,,,,,
6/3/2024 6:45,0,131,,,,,,,,,,,,,,,,,,
6/3/2024 6:30,0,131,,,,,,,,,,,,,,,,,,
6/3/2024 6:15,0,132,,,,,,,,,,,,,,,,,,
6/3/2024 6:00,0,132,,,,,,,,,,,,,,,,,,
6/3/2024 5:45,0,132,,,,,,,,,,,,,,,,,,
6/3/2024 5:30,0,133,,,,,,,,,,,,,,,,,,
6/3/2024 5:15,0,133,,,,,,,,,,,,,,,,,,
6/3/2024 5:00,0,134,,,,,,,,,,,,,,,,,,
6/3/2024 4:45,0,134,,,,,,,,,,,,,,,,,,
6/3/2024 4:30,0,134,,,,,,,,,,,,,,,,,,
6/3/2024 4:15,0,134,,,,,,,,,,,,,,,,,,
6/3/2024 4:00,0,135,,,,,,,,,,,,,,,,,,
6/3/2024 3:45,0,135,,,,,,,,,,,,,,,,,,
6/3/2024 3:30,0,136,,,,,,,,,,,,,,,,,,
6/3/2024 3:15,0,136,,,,,,,,,,,,,,,,,,
6/3/2024 3:00,0,136,,,,,,,,,,,,,,,,,,
6/3/2024 2:45,0,136,,,,,,,,,,,,,,,,,,
6/3/2024 2:30,0.2,136,,,,,,,,,,,,,,,,,,
6/3/2024 2:15,0,136,,,,,,,,,,,,,,,,,,
6/3/2024 2:00,0,136,,,,,,,,,,,,,,,,,,
6/3/2024 1:45,0,136,,,,,,,,,,,,,,,,,,
6/3/2024 1:30,0,136,,,,,,,,,,,,,,,,,,
6/3/2024 1:15,0,136,,,,,,,,,,,,,,,,,,
6/3/2024 1:00,0,136,,,,,,,,,,,,,,,,,,
6/3/2024 0:45,0,136,,,,,,,,,,,,,,,,,,
6/3/2024 0:30,0,136,,,,,,,,,,,,,,,,,,
6/3/2024 0:15,0,136,,,,,,,,,,,,,,,,,,
6/3/2024 0:00,0,136,,,,,,,,,,,,,,,,,,
5/3/2024 23:45,0,136,,,,,,,,,,,,,,,,,,
5/3/2024 23:30,0,136,,,,,,,,,,,,,,,,,,
5/3/2024 23:15,0,135,,,,,,,,,,,,,,,,,,
5/3/2024 23:00,0,135,,,,,,,,,,,,,,,,,,
5/3/2024 22:45,0,135,,,,,,,,,,,,,,,,,,
5/3/2024 22:30,0,135,,,,,,,,,,,,,,,,,,
5/3/2024 22:15,0,134,,,,,,,,,,,,,,,,,,
5/3/2024 22:00,0,135,,,,,,,,,,,,,,,,,,
5/3/2024 21:45,0,134,,,,,,,,,,,,,,,,,,
5/3/2024 21:30,0,134,,,,,,,,,,,,,,,,,,
5/3/2024 21:15,0,134,,,,,,,,,,,,,,,,,,
5/3/2024 21:00,0,133,,,,,,,,,,,,,,,,,,
5/3/2024 20:45,0,133,,,,,,,,,,,,,,,,,,
5/3/2024 20:30,0,132,,,,,,,,,,,,,,,,,,
5/3/2024 20:15,0,132,,,,,,,,,,,,,,,,,,
5/3/2024 20:00,0,132,,,,,,,,,,,,,,,,,,
5/3/2024 19:45,0,131,,,,,,,,,,,,,,,,,,
5/3/2024 19:30,0,130,,,,,,,,,,,,,,,,,,
5/3/2024 19:15,0,130,,,,,,,,,,,,,,,,,,
5/3/2024 19:00,0,129,,,,,,,,,,,,,,,,,,
5/3/2024 18:45,0,129,,,,,,,,,,,,,,,,,,
5/3/2024 18:30,0,128,,,,,,,,,,,,,,,,,,
5/3/2024 18:15,0,128,,,,,,,,,,,,,,,,,,
5/3/2024 18:00,0,127,,,,,,,,,,,,,,,,,,
5/3/2024 17:45,0,127,,,,,,,,,,,,,,,,,,
5/3/2024 17:30,0,126,,,,,,,,,,,,,,,,,,
5/3/2024 17:15,0,126,,,,,,,,,,,,,,,,,,
5/3/2024 17:00,0,125,,,,,,,,,,,,,,,,,,
5/3/2024 16:45,0,125,,,,,,,,,,,,,,,,,,
5/3/2024 16:30,0,125,,,,,,,,,,,,,,,,,,
5/3/2024 16:15,0,125,,,,,,,,,,,,,,,,,,
5/3/2024 16:00,0,125,,,,,,,,,,,,,,,,,,
5/3/2024 15:45,0,125,,,,,,,,,,,,,,,,,,
5/3/2024 15:30,0,125,,,,,,,,,,,,,,,,,,
5/3/2024 15:15,0,125,,,,,,,,,,,,,,,,,,
5/3/2024 15:00,0,125,,,,,,,,,,,,,,,,,,
5/3/2024 14:45,0,125,,,,,,,,,,,,,,,,,,
5/3/2024 14:30,0,125,,,,,,,,,,,,,,,,,,
5/3/2024 14:15,0,125,,,,,,,,,,,,,,,,,,
5/3/2024 14:00,0,125,,,,,,,,,,,,,,,,,,
5/3/2024 13:45,0,126,,,,,,,,,,,,,,,,,,
5/3/2024 13:30,0,126,,,,,,,,,,,,,,,,,,
5/3/2024 13:15,0,126,,,,,,,,,,,,,,,,,,
5/3/2024 13:00,0,126,,,,,,,,,,,,,,,,,,
5/3/2024 12:45,0,126,,,,,,,,,,,,,,,,,,
5/3/2024 12:30,0,127,,,,,,,,,,,,,,,,,,
5/3/2024 12:15,0,127,,,,,,,,,,,,,,,,,,
5/3/2024 12:00,0,127,,,,,,,,,,,,,,,,,,
5/3/2024 11:45,0,127,,,,,,,,,,,,,,,,,,
5/3/2024 11:30,0,127,,,,,,,,,,,,,,,,,,
5/3/2024 11:15,0,128,,,,,,,,,,,,,,,,,,
5/3/2024 11:00,0,128,,,,,,,,,,,,,,,,,,
5/3/2024 10:45,0,128,,,,,,,,,,,,,,,,,,
5/3/2024 10:30,0,128,,,,,,,,,,,,,,,,,,
5/3/2024 10:15,0,128,,,,,,,,,,,,,,,,,,
5/3/2024 10:00,0,129,,,,,,,,,,,,,,,,,,
5/3/2024 9:45,0,129,,,,,,,,,,,,,,,,,,
5/3/2024 9:30,0,129,,,,,,,,,,,,,,,,,,
5/3/2024 9:15,0,130,,,,,,,,,,,,,,,,,,
5/3/2024 9:00,0,130,,,,,,,,,,,,,,,,,,
5/3/2024 8:45,0,130,,,,,,,,,,,,,,,,,,
5/3/2024 8:30,0,131,,,,,,,,,,,,,,,,,,
5/3/2024 8:15,0,131,,,,,,,,,,,,,,,,,,
5/3/2024 8:00,0,131,,,,,,,,,,,,,,,,,,
5/3/2024 7:45,0,131,,,,,,,,,,,,,,,,,,
5/3/2024 7:30,0,132,,,,,,,,,,,,,,,,,,
5/3/2024 7:15,0,132,,,,,,,,,,,,,,,,,,
5/3/2024 7:00,0,132,,,,,,,,,,,,,,,,,,
5/3/2024 6:45,0,133,,,,,,,,,,,,,,,,,,
5/3/2024 6:30,0,133,,,,,,,,,,,,,,,,,,
5/3/2024 6:15,0,134,,,,,,,,,,,,,,,,,,
5/3/2024 6:00,0,134,,,,,,,,,,,,,,,,,,
5/3/2024 5:45,0,134,,,,,,,,,,,,,,,,,,
5/3/2024 5:30,0,135,,,,,,,,,,,,,,,,,,
5/3/2024 5:15,0,135,,,,,,,,,,,,,,,,,,
5/3/2024 5:00,0,136,,,,,,,,,,,,,,,,,,
5/3/2024 4:45,0,136,,,,,,,,,,,,,,,,,,
5/3/2024 4:30,0,136,,,,,,,,,,,,,,,,,,
5/3/2024 4:15,0,137,,,,,,,,,,,,,,,,,,
5/3/2024 4:00,0,137,,,,,,,,,,,,,,,,,,
5/3/2024 3:45,0,138,,,,,,,,,,,,,,,,,,
5/3/2024 3:30,0,138,,,,,,,,,,,,,,,,,,
5/3/2024 3:15,0,138,,,,,,,,,,,,,,,,,,
5/3/2024 3:00,0,138,,,,,,,,,,,,,,,,,,
5/3/2024 2:45,0,138,,,,,,,,,,,,,,,,,,
5/3/2024 2:30,0,139,,,,,,,,,,,,,,,,,,
5/3/2024 2:15,0,139,,,,,,,,,,,,,,,,,,
5/3/2024 2:00,0,139,,,,,,,,,,,,,,,,,,
5/3/2024 1:45,0,139,,,,,,,,,,,,,,,,,,
5/3/2024 1:30,0,138,,,,,,,,,,,,,,,,,,
5/3/2024 1:15,0,138,,,,,,,,,,,,,,,,,,
5/3/2024 1:00,0,138,,,,,,,,,,,,,,,,,,
5/3/2024 0:45,0,138,,,,,,,,,,,,,,,,,,
5/3/2024 0:30,0,137,,,,,,,,,,,,,,,,,,
5/3/2024 0:15,0,137,,,,,,,,,,,,,,,,,,
5/3/2024 0:00,0,136,,,,,,,,,,,,,,,,,,
4/3/2024 23:45,0,135,,,,,,,,,,,,,,,,,,
4/3/2024 23:30,0,135,,,,,,,,,,,,,,,,,,
4/3/2024 23:15,0,134,,,,,,,,,,,,,,,,,,
4/3/2024 23:00,0,133,,,,,,,,,,,,,,,,,,
4/3/2024 22:45,0,132,,,,,,,,,,,,,,,,,,
4/3/2024 22:30,0,131,,,,,,,,,,,,,,,,,,
4/3/2024 22:15,0,130,,,,,,,,,,,,,,,,,,
4/3/2024 22:00,0,129,,,,,,,,,,,,,,,,,,
4/3/2024 21:45,0,128,,,,,,,,,,,,,,,,,,
4/3/2024 21:30,0,128,,,,,,,,,,,,,,,,,,
4/3/2024 21:15,0,127,,,,,,,,,,,,,,,,,,
4/3/2024 21:00,0,125,,,,,,,,,,,,,,,,,,
4/3/2024 20:45,0,125,,,,,,,,,,,,,,,,,,
4/3/2024 20:30,0,125,,,,,,,,,,,,,,,,,,
4/3/2024 20:15,0,124,,,,,,,,,,,,,,,,,,
4/3/2024 20:00,0,124,,,,,,,,,,,,,,,,,,
4/3/2024 19:45,0,123,,,,,,,,,,,,,,,,,,
4/3/2024 19:30,0,123,,,,,,,,,,,,,,,,,,
4/3/2024 19:15,0,123,,,,,,,,,,,,,,,,,,
4/3/2024 19:00,0,122,,,,,,,,,,,,,,,,,,
4/3/2024 18:45,0,122,,,,,,,,,,,,,,,,,,
4/3/2024 18:30,0,122,,,,,,,,,,,,,,,,,,
4/3/2024 18:15,0.2,122,,,,,,,,,,,,,,,,,,
4/3/2024 18:00,0,121,,,,,,,,,,,,,,,,,,
4/3/2024 17:45,0,121,,,,,,,,,,,,,,,,,,
4/3/2024 17:30,0,121,,,,,,,,,,,,,,,,,,
4/3/2024 17:15,0,120,,,,,,,,,,,,,,,,,,
4/3/2024 17:00,0,120,,,,,,,,,,,,,,,,,,
4/3/2024 16:45,0,120,,,,,,,,,,,,,,,,,,
4/3/2024 16:30,0,120,,,,,,,,,,,,,,,,,,
4/3/2024 16:15,0,119,,,,,,,,,,,,,,,,,,
4/3/2024 16:00,0,120,,,,,,,,,,,,,,,,,,
4/3/2024 15:45,0,119,,,,,,,,,,,,,,,,,,
4/3/2024 15:30,0,119,,,,,,,,,,,,,,,,,,
4/3/2024 15:15,0,120,,,,,,,,,,,,,,,,,,
4/3/2024 15:00,0,120,,,,,,,,,,,,,,,,,,
4/3/2024 14:45,0,120,,,,,,,,,,,,,,,,,,
4/3/2024 14:30,0.2,120,,,,,,,,,,,,,,,,,,
4/3/2024 14:15,0,120,,,,,,,,,,,,,,,,,,
4/3/2024 14:00,0,120,,,,,,,,,,,,,,,,,,
4/3/2024 13:45,0,121,,,,,,,,,,,,,,,,,,
4/3/2024 13:30,0,121,,,,,,,,,,,,,,,,,,
4/3/2024 13:15,0,121,,,,,,,,,,,,,,,,,,
4/3/2024 13:00,0,121,,,,,,,,,,,,,,,,,,
4/3/2024 12:45,0,121,,,,,,,,,,,,,,,,,,
4/3/2024 12:30,0,122,,,,,,,,,,,,,,,,,,
4/3/2024 12:15,0,122,,,,,,,,,,,,,,,,,,
4/3/2024 12:00,0,122,,,,,,,,,,,,,,,,,,
4/3/2024 11:45,0,122,,,,,,,,,,,,,,,,,,
4/3/2024 11:30,0,122,,,,,,,,,,,,,,,,,,
4/3/2024 11:15,0,122,,,,,,,,,,,,,,,,,,
4/3/2024 11:00,0,122,,,,,,,,,,,,,,,,,,
4/3/2024 10:45,0,122,,,,,,,,,,,,,,,,,,
4/3/2024 10:30,0,122,,,,,,,,,,,,,,,,,,
4/3/2024 10:15,0,121,,,,,,,,,,,,,,,,,,
4/3/2024 10:00,0,121,,,,,,,,,,,,,,,,,,
4/3/2024 9:45,0,121,,,,,,,,,,,,,,,,,,
4/3/2024 9:30,0,120,,,,,,,,,,,,,,,,,,
4/3/2024 9:15,0,119,,,,,,,,,,,,,,,,,,
4/3/2024 9:00,0,119,,,,,,,,,,,,,,,,,,
4/3/2024 8:45,0,118,,,,,,,,,,,,,,,,,,
4/3/2024 8:30,0.2,117,,,,,,,,,,,,,,,,,,
4/3/2024 8:15,0,116,,,,,,,,,,,,,,,,,,
4/3/2024 8:00,0.2,115,,,,,,,,,,,,,,,,,,
4/3/2024 7:45,0,114,,,,,,,,,,,,,,,,,,
4/3/2024 7:30,0.2,112,,,,,,,,,,,,,,,,,,
4/3/2024 7:15,0,111,,,,,,,,,,,,,,,,,,
4/3/2024 7:00,0.2,109,,,,,,,,,,,,,,,,,,
4/3/2024 6:45,0.2,108,,,,,,,,,,,,,,,,,,
4/3/2024 6:30,0.4,106,,,,,,,,,,,,,,,,,,
4/3/2024 6:15,0.4,104,,,,,,,,,,,,,,,,,,
4/3/2024 6:00,0,102,,,,,,,,,,,,,,,,,,
4/3/2024 5:45,0,101,,,,,,,,,,,,,,,,,,
4/3/2024 5:30,0,99,,,,,,,,,,,,,,,,,,
4/3/2024 5:15,0.2,98,,,,,,,,,,,,,,,,,,
4/3/2024 5:00,0,96,,,,,,,,,,,,,,,,,,
4/3/2024 4:45,0,95,,,,,,,,,,,,,,,,,,
4/3/2024 4:30,0,95,,,,,,,,,,,,,,,,,,
4/3/2024 4:15,0,94,,,,,,,,,,,,,,,,,,
4/3/2024 4:00,0,93,,,,,,,,,,,,,,,,,,
4/3/2024 3:45,0,93,,,,,,,,,,,,,,,,,,
4/3/2024 3:30,0.2,93,,,,,,,,,,,,,,,,,,
4/3/2024 3:15,0.2,92,,,,,,,,,,,,,,,,,,
4/3/2024 3:00,0.2,92,,,,,,,,,,,,,,,,,,
4/3/2024 2:45,0,92,,,,,,,,,,,,,,,,,,
4/3/2024 2:30,0,92,,,,,,,,,,,,,,,,,,
4/3/2024 2:15,0,91,,,,,,,,,,,,,,,,,,
4/3/2024 2:00,0,91,,,,,,,,,,,,,,,,,,
4/3/2024 1:45,0,91,,,,,,,,,,,,,,,,,,
4/3/2024 1:30,0,91,,,,,,,,,,,,,,,,,,
4/3/2024 1:15,0,91,,,,,,,,,,,,,,,,,,
4/3/2024 1:00,0,91,,,,,,,,,,,,,,,,,,
4/3/2024 0:45,0,91,,,,,,,,,,,,,,,,,,
4/3/2024 0:30,0,92,,,,,,,,,,,,,,,,,,
4/3/2024 0:15,0,92,,,,,,,,,,,,,,,,,,
4/3/2024 0:00,0,92,,,,,,,,,,,,,,,,,,
3/3/2024 23:45,0,92,,,,,,,,,,,,,,,,,,
3/3/2024 23:30,0,93,,,,,,,,,,,,,,,,,,
3/3/2024 23:15,0,92,,,,,,,,,,,,,,,,,,
3/3/2024 23:00,0,93,,,,,,,,,,,,,,,,,,
3/3/2024 22:45,0,93,,,,,,,,,,,,,,,,,,
3/3/2024 22:30,0,93,,,,,,,,,,,,,,,,,,
3/3/2024 22:15,0,93,,,,,,,,,,,,,,,,,,
3/3/2024 22:00,0,93,,,,,,,,,,,,,,,,,,
3/3/2024 21:45,0,94,,,,,,,,,,,,,,,,,,
3/3/2024 21:30,0,94,,,,,,,,,,,,,,,,,,
3/3/2024 21:15,0,94,,,,,,,,,,,,,,,,,,
3/3/2024 21:00,0,94,,,,,,,,,,,,,,,,,,
3/3/2024 20:45,0,94,,,,,,,,,,,,,,,,,,
3/3/2024 20:30,0,94,,,,,,,,,,,,,,,,,,
3/3/2024 20:15,0,94,,,,,,,,,,,,,,,,,,
3/3/2024 20:00,0,94,,,,,,,,,,,,,,,,,,
3/3/2024 19:45,0,94,,,,,,,,,,,,,,,,,,
3/3/2024 19:30,0,94,,,,,,,,,,,,,,,,,,
3/3/2024 19:15,0,94,,,,,,,,,,,,,,,,,,
3/3/2024 19:00,0,94,,,,,,,,,,,,,,,,,,
3/3/2024 18:45,0,94,,,,,,,,,,,,,,,,,,
3/3/2024 18:30,0,94,,,,,,,,,,,,,,,,,,
3/3/2024 18:15,0,94,,,,,,,,,,,,,,,,,,
3/3/2024 18:00,0,94,,,,,,,,,,,,,,,,,,
3/3/2024 17:45,0,94,,,,,,,,,,,,,,,,,,
3/3/2024 17:30,0,95,,,,,,,,,,,,,,,,,,
3/3/2024 17:15,0,95,,,,,,,,,,,,,,,,,,
3/3/2024 17:00,0,95,,,,,,,,,,,,,,,,,,
3/3/2024 16:45,0,94,,,,,,,,,,,,,,,,,,
3/3/2024 16:30,0.2,95,,,,,,,,,,,,,,,,,,
3/3/2024 16:15,1.6,95,,,,,,,,,,,,,,,,,,
3/3/2024 16:00,0.2,95,,,,,,,,,,,,,,,,,,
3/3/2024 15:45,0,95,,,,,,,,,,,,,,,,,,
3/3/2024 15:30,0,94,,,,,,,,,,,,,,,,,,
3/3/2024 15:15,0,95,,,,,,,,,,,,,,,,,,
3/3/2024 15:00,0,95,,,,,,,,,,,,,,,,,,
3/3/2024 14:45,0,95,,,,,,,,,,,,,,,,,,
3/3/2024 14:30,0,95,,,,,,,,,,,,,,,,,,
3/3/2024 14:15,0,94,,,,,,,,,,,,,,,,,,
3/3/2024 14:00,0,95,,,,,,,,,,,,,,,,,,
3/3/2024 13:45,0,94,,,,,,,,,,,,,,,,,,
3/3/2024 13:30,0,95,,,,,,,,,,,,,,,,,,
3/3/2024 13:15,0,95,,,,,,,,,,,,,,,,,,
3/3/2024 13:00,0,94,,,,,,,,,,,,,,,,,,
3/3/2024 12:45,0,94,,,,,,,,,,,,,,,,,,
3/3/2024 12:30,0,95,,,,,,,,,,,,,,,,,,
3/3/2024 12:15,0,95,,,,,,,,,,,,,,,,,,
3/3/2024 12:00,0,94,,,,,,,,,,,,,,,,,,
3/3/2024 11:45,0,94,,,,,,,,,,,,,,,,,,
3/3/2024 11:30,0,94,,,,,,,,,,,,,,,,,,
3/3/2024 11:15,0,95,,,,,,,,,,,,,,,,,,
3/3/2024 11:00,0,95,,,,,,,,,,,,,,,,,,
3/3/2024 10:45,0,95,,,,,,,,,,,,,,,,,,
3/3/2024 10:30,0,94,,,,,,,,,,,,,,,,,,
3/3/2024 10:15,0,95,,,,,,,,,,,,,,,,,,
3/3/2024 10:00,0,95,,,,,,,,,,,,,,,,,,
3/3/2024 9:45,0,95,,,,,,,,,,,,,,,,,,
3/3/2024 9:30,0,95,,,,,,,,,,,,,,,,,,
3/3/2024 9:15,0,95,,,,,,,,,,,,,,,,,,
3/3/2024 9:00,0,95,,,,,,,,,,,,,,,,,,
3/3/2024 8:45,0,95,,,,,,,,,,,,,,,,,,
3/3/2024 8:30,0,95,,,,,,,,,,,,,,,,,,
3/3/2024 8:15,0,95,,,,,,,,,,,,,,,,,,
3/3/2024 8:00,0,95,,,,,,,,,,,,,,,,,,
3/3/2024 7:45,0,95,,,,,,,,,,,,,,,,,,
3/3/2024 7:30,0,95,,,,,,,,,,,,,,,,,,
3/3/2024 7:15,0,95,,,,,,,,,,,,,,,,,,
3/3/2024 7:00,0,95,,,,,,,,,,,,,,,,,,
3/3/2024 6:45,0,95,,,,,,,,,,,,,,,,,,
3/3/2024 6:30,0,95,,,,,,,,,,,,,,,,,,
3/3/2024 6:15,0,95,,,,,,,,,,,,,,,,,,
3/3/2024 6:00,0,95,,,,,,,,,,,,,,,,,,
3/3/2024 5:45,0,95,,,,,,,,,,,,,,,,,,
3/3/2024 5:30,0,95,,,,,,,,,,,,,,,,,,
3/3/2024 5:15,0,95,,,,,,,,,,,,,,,,,,
3/3/2024 5:00,0,96,,,,,,,,,,,,,,,,,,
3/3/2024 4:45,0,96,,,,,,,,,,,,,,,,,,
3/3/2024 4:30,0,96,,,,,,,,,,,,,,,,,,
3/3/2024 4:15,0,96,,,,,,,,,,,,,,,,,,
3/3/2024 4:00,0,96,,,,,,,,,,,,,,,,,,
3/3/2024 3:45,0,96,,,,,,,,,,,,,,,,,,
3/3/2024 3:30,0,96,,,,,,,,,,,,,,,,,,
3/3/2024 3:15,0,96,,,,,,,,,,,,,,,,,,
3/3/2024 3:00,0,96,,,,,,,,,,,,,,,,,,
3/3/2024 2:45,0,96,,,,,,,,,,,,,,,,,,
3/3/2024 2:30,0,96,,,,,,,,,,,,,,,,,,
3/3/2024 2:15,0,96,,,,,,,,,,,,,,,,,,
3/3/2024 2:00,0,96,,,,,,,,,,,,,,,,,,
3/3/2024 1:45,0,96,,,,,,,,,,,,,,,,,,
3/3/2024 1:30,0,97,,,,,,,,,,,,,,,,,,
3/3/2024 1:15,0,96,,,,,,,,,,,,,,,,,,
3/3/2024 1:00,0,97,,,,,,,,,,,,,,,,,,
3/3/2024 0:45,0,97,,,,,,,,,,,,,,,,,,
3/3/2024 0:30,0,97,,,,,,,,,,,,,,,,,,
3/3/2024 0:15,0,97,,,,,,,,,,,,,,,,,,
3/3/2024 0:00,0,97,,,,,,,,,,,,,,,,,,
2/3/2024 23:45,0,97,,,,,,,,,,,,,,,,,,
2/3/2024 23:30,0,97,,,,,,,,,,,,,,,,,,
2/3/2024 23:15,0,97,,,,,,,,,,,,,,,,,,
2/3/2024 23:00,0,97,,,,,,,,,,,,,,,,,,
2/3/2024 22:45,0,97,,,,,,,,,,,,,,,,,,
2/3/2024 22:30,0,97,,,,,,,,,,,,,,,,,,
2/3/2024 22:15,0,97,,,,,,,,,,,,,,,,,,
2/3/2024 22:00,0,97,,,,,,,,,,,,,,,,,,
2/3/2024 21:45,0,97,,,,,,,,,,,,,,,,,,
2/3/2024 21:30,0,97,,,,,,,,,,,,,,,,,,
2/3/2024 21:15,0,97,,,,,,,,,,,,,,,,,,
2/3/2024 21:00,0,97,,,,,,,,,,,,,,,,,,
2/3/2024 20:45,0,97,,,,,,,,,,,,,,,,,,
2/3/2024 20:30,0,98,,,,,,,,,,,,,,,,,,
2/3/2024 20:15,0,98,,,,,,,,,,,,,,,,,,
2/3/2024 20:00,0,98,,,,,,,,,,,,,,,,,,
2/3/2024 19:45,0,98,,,,,,,,,,,,,,,,,,
2/3/2024 19:30,0,98,,,,,,,,,,,,,,,,,,
2/3/2024 19:15,0,98,,,,,,,,,,,,,,,,,,
2/3/2024 19:00,0,98,,,,,,,,,,,,,,,,,,
2/3/2024 18:45,0,98,,,,,,,,,,,,,,,,,,
2/3/2024 18:30,0,98,,,,,,,,,,,,,,,,,,
2/3/2024 18:15,0,98,,,,,,,,,,,,,,,,,,
2/3/2024 18:00,0,98,,,,,,,,,,,,,,,,,,
2/3/2024 17:45,0,99,,,,,,,,,,,,,,,,,,
2/3/2024 17:30,0,98,,,,,,,,,,,,,,,,,,
2/3/2024 17:15,0,99,,,,,,,,,,,,,,,,,,
2/3/2024 17:00,0,98,,,,,,,,,,,,,,,,,,
2/3/2024 16:45,0,99,,,,,,,,,,,,,,,,,,
2/3/2024 16:30,0,98,,,,,,,,,,,,,,,,,,
2/3/2024 16:15,0,99,,,,,,,,,,,,,,,,,,
2/3/2024 16:00,0,99,,,,,,,,,,,,,,,,,,
2/3/2024 15:45,0,99,,,,,,,,,,,,,,,,,,
2/3/2024 15:30,0,99,,,,,,,,,,,,,,,,,,
2/3/2024 15:15,0,99,,,,,,,,,,,,,,,,,,
2/3/2024 15:00,0,99,,,,,,,,,,,,,,,,,,
2/3/2024 14:45,0,99,,,,,,,,,,,,,,,,,,
2/3/2024 14:30,0,99,,,,,,,,,,,,,,,,,,
2/3/2024 14:15,0,99,,,,,,,,,,,,,,,,,,
2/3/2024 14:00,0,99,,,,,,,,,,,,,,,,,,
2/3/2024 13:45,0,99,,,,,,,,,,,,,,,,,,
2/3/2024 13:30,0,99,,,,,,,,,,,,,,,,,,
2/3/2024 13:15,0,99,,,,,,,,,,,,,,,,,,
2/3/2024 13:00,0,99,,,,,,,,,,,,,,,,,,
2/3/2024 12:45,0,99,,,,,,,,,,,,,,,,,,
2/3/2024 12:30,0,99,,,,,,,,,,,,,,,,,,
2/3/2024 12:15,0,99,,,,,,,,,,,,,,,,,,
2/3/2024 12:00,0,99,,,,,,,,,,,,,,,,,,
2/3/2024 11:45,0,99,,,,,,,,,,,,,,,,,,
2/3/2024 11:30,0,99,,,,,,,,,,,,,,,,,,
2/3/2024 11:15,0,99,,,,,,,,,,,,,,,,,,
2/3/2024 11:00,0,99,,,,,,,,,,,,,,,,,,
2/3/2024 10:45,0,99,,,,,,,,,,,,,,,,,,
2/3/2024 10:30,0,99,,,,,,,,,,,,,,,,,,
2/3/2024 10:15,0,99,,,,,,,,,,,,,,,,,,
2/3/2024 10:00,0,99,,,,,,,,,,,,,,,,,,
2/3/2024 9:45,0,99,,,,,,,,,,,,,,,,,,
2/3/2024 9:30,0,99,,,,,,,,,,,,,,,,,,
2/3/2024 9:15,0,99,,,,,,,,,,,,,,,,,,
2/3/2024 9:00,0,99,,,,,,,,,,,,,,,,,,
2/3/2024 8:45,0,99,,,,,,,,,,,,,,,,,,
2/3/2024 8:30,0,99,,,,,,,,,,,,,,,,,,
2/3/2024 8:15,0,100,,,,,,,,,,,,,,,,,,
2/3/2024 8:00,0,100,,,,,,,,,,,,,,,,,,
2/3/2024 7:45,0,100,,,,,,,,,,,,,,,,,,
2/3/2024 7:30,0,100,,,,,,,,,,,,,,,,,,
2/3/2024 7:15,0,100,,,,,,,,,,,,,,,,,,
2/3/2024 7:00,0,100,,,,,,,,,,,,,,,,,,
2/3/2024 6:45,0,100,,,,,,,,,,,,,,,,,,
2/3/2024 6:30,0,100,,,,,,,,,,,,,,,,,,
2/3/2024 6:15,0,100,,,,,,,,,,,,,,,,,,
2/3/2024 6:00,0,100,,,,,,,,,,,,,,,,,,
2/3/2024 5:45,0,100,,,,,,,,,,,,,,,,,,
2/3/2024 5:30,0,100,,,,,,,,,,,,,,,,,,
2/3/2024 5:15,0,100,,,,,,,,,,,,,,,,,,
2/3/2024 5:00,0,100,,,,,,,,,,,,,,,,,,
2/3/2024 4:45,0,100,,,,,,,,,,,,,,,,,,
2/3/2024 4:30,0,100,,,,,,,,,,,,,,,,,,
2/3/2024 4:15,0,100,,,,,,,,,,,,,,,,,,
2/3/2024 4:00,0,101,,,,,,,,,,,,,,,,,,
2/3/2024 3:45,0,101,,,,,,,,,,,,,,,,,,
2/3/2024 3:30,0,101,,,,,,,,,,,,,,,,,,
2/3/2024 3:15,0,101,,,,,,,,,,,,,,,,,,
2/3/2024 3:00,0,101,,,,,,,,,,,,,,,,,,
2/3/2024 2:45,0,101,,,,,,,,,,,,,,,,,,
2/3/2024 2:30,0,101,,,,,,,,,,,,,,,,,,
2/3/2024 2:15,0,101,,,,,,,,,,,,,,,,,,
2/3/2024 2:00,0,101,,,,,,,,,,,,,,,,,,
2/3/2024 1:45,0,101,,,,,,,,,,,,,,,,,,
2/3/2024 1:30,0,101,,,,,,,,,,,,,,,,,,
2/3/2024 1:15,0,101,,,,,,,,,,,,,,,,,,
2/3/2024 1:00,0,101,,,,,,,,,,,,,,,,,,
2/3/2024 0:45,0,102,,,,,,,,,,,,,,,,,,
2/3/2024 0:30,0,102,,,,,,,,,,,,,,,,,,
2/3/2024 0:15,0,102,,,,,,,,,,,,,,,,,,
2/3/2024 0:00,0,102,,,,,,,,,,,,,,,,,,
1/3/2024 23:45,0,102,,,,,,,,,,,,,,,,,,
1/3/2024 23:30,0,102,,,,,,,,,,,,,,,,,,
1/3/2024 23:15,0,102,,,,,,,,,,,,,,,,,,
1/3/2024 23:00,0,102,,,,,,,,,,,,,,,,,,
1/3/2024 22:45,0,102,,,,,,,,,,,,,,,,,,
1/3/2024 22:30,0,102,,,,,,,,,,,,,,,,,,
1/3/2024 22:15,0,102,,,,,,,,,,,,,,,,,,
1/3/2024 22:00,0,102,,,,,,,,,,,,,,,,,,
1/3/2024 21:45,0,102,,,,,,,,,,,,,,,,,,
1/3/2024 21:30,0,102,,,,,,,,,,,,,,,,,,
1/3/2024 21:15,0,102,,,,,,,,,,,,,,,,,,
1/3/2024 21:00,0,103,,,,,,,,,,,,,,,,,,
1/3/2024 20:45,0,102,,,,,,,,,,,,,,,,,,
1/3/2024 20:30,0,103,,,,,,,,,,,,,,,,,,
1/3/2024 20:15,0,103,,,,,,,,,,,,,,,,,,
1/3/2024 20:00,0,103,,,,,,,,,,,,,,,,,,
1/3/2024 19:45,0,103,,,,,,,,,,,,,,,,,,
1/3/2024 19:30,0,103,,,,,,,,,,,,,,,,,,
1/3/2024 19:15,0,103,,,,,,,,,,,,,,,,,,
1/3/2024 19:00,0,103,,,,,,,,,,,,,,,,,,
1/3/2024 18:45,0,103,,,,,,,,,,,,,,,,,,
1/3/2024 18:30,0,103,,,,,,,,,,,,,,,,,,
1/3/2024 18:15,0,104,,,,,,,,,,,,,,,,,,
1/3/2024 18:00,0,104,,,,,,,,,,,,,,,,,,
1/3/2024 17:45,0,104,,,,,,,,,,,,,,,,,,
1/3/2024 17:30,0,104,,,,,,,,,,,,,,,,,,
1/3/2024 17:15,0,104,,,,,,,,,,,,,,,,,,
1/3/2024 17:00,0,104,,,,,,,,,,,,,,,,,,
1/3/2024 16:45,0,104,,,,,,,,,,,,,,,,,,
1/3/2024 16:30,0,104,,,,,,,,,,,,,,,,,,
1/3/2024 16:15,0,104,,,,,,,,,,,,,,,,,,
1/3/2024 16:00,0,104,,,,,,,,,,,,,,,,,,
1/3/2024 15:45,0,104,,,,,,,,,,,,,,,,,,
1/3/2024 15:30,0,104,,,,,,,,,,,,,,,,,,
1/3/2024 15:15,0,104,,,,,,,,,,,,,,,,,,
1/3/2024 15:00,0,105,,,,,,,,,,,,,,,,,,
1/3/2024 14:45,0,105,,,,,,,,,,,,,,,,,,
1/3/2024 14:30,0,105,,,,,,,,,,,,,,,,,,
1/3/2024 14:15,0,105,,,,,,,,,,,,,,,,,,
1/3/2024 14:00,0,105,,,,,,,,,,,,,,,,,,
1/3/2024 13:45,0,105,,,,,,,,,,,,,,,,,,
1/3/2024 13:30,0,105,,,,,,,,,,,,,,,,,,
1/3/2024 13:15,0,105,,,,,,,,,,,,,,,,,,
1/3/2024 13:00,0,105,,,,,,,,,,,,,,,,,,
1/3/2024 12:45,0,105,,,,,,,,,,,,,,,,,,
1/3/2024 12:30,0,105,,,,,,,,,,,,,,,,,,
1/3/2024 12:15,0,105,,,,,,,,,,,,,,,,,,
1/3/2024 12:00,0,105,,,,,,,,,,,,,,,,,,
1/3/2024 11:45,0,105,,,,,,,,,,,,,,,,,,
1/3/2024 11:30,0,105,,,,,,,,,,,,,,,,,,
1/3/2024 11:15,0,105,,,,,,,,,,,,,,,,,,
1/3/2024 11:00,0,105,,,,,,,,,,,,,,,,,,
1/3/2024 10:45,0,105,,,,,,,,,,,,,,,,,,
1/3/2024 10:30,0,105,,,,,,,,,,,,,,,,,,
1/3/2024 10:15,0,105,,,,,,,,,,,,,,,,,,
1/3/2024 10:00,0,105,,,,,,,,,,,,,,,,,,
1/3/2024 9:45,0,106,,,,,,,,,,,,,,,,,,
1/3/2024 9:30,0,105,,,,,,,,,,,,,,,,,,
1/3/2024 9:15,0,106,,,,,,,,,,,,,,,,,,
1/3/2024 9:00,0,105,,,,,,,,,,,,,,,,,,
1/3/2024 8:45,0,105,,,,,,,,,,,,,,,,,,
1/3/2024 8:30,0,105,,,,,,,,,,,,,,,,,,
1/3/2024 8:15,0,105,,,,,,,,,,,,,,,,,,
1/3/2024 8:00,0,105,,,,,,,,,,,,,,,,,,
1/3/2024 7:45,0,106,,,,,,,,,,,,,,,,,,
1/3/2024 7:30,0,106,,,,,,,,,,,,,,,,,,
1/3/2024 7:15,0,106,,,,,,,,,,,,,,,,,,
1/3/2024 7:00,0,106,,,,,,,,,,,,,,,,,,
1/3/2024 6:45,0,106,,,,,,,,,,,,,,,,,,
1/3/2024 6:30,0,106,,,,,,,,,,,,,,,,,,
1/3/2024 6:15,0,106,,,,,,,,,,,,,,,,,,
1/3/2024 6:00,0,106,,,,,,,,,,,,,,,,,,
1/3/2024 5:45,0,106,,,,,,,,,,,,,,,,,,
1/3/2024 5:30,0,106,,,,,,,,,,,,,,,,,,
1/3/2024 5:15,0,106,,,,,,,,,,,,,,,,,,
1/3/2024 5:00,0,106,,,,,,,,,,,,,,,,,,
1/3/2024 4:45,0,106,,,,,,,,,,,,,,,,,,
1/3/2024 4:30,0,106,,,,,,,,,,,,,,,,,,
1/3/2024 4:15,0,106,,,,,,,,,,,,,,,,,,
1/3/2024 4:00,0,106,,,,,,,,,,,,,,,,,,
1/3/2024 3:45,0,106,,,,,,,,,,,,,,,,,,
1/3/2024 3:30,0,107,,,,,,,,,,,,,,,,,,
1/3/2024 3:15,0,107,,,,,,,,,,,,,,,,,,
1/3/2024 3:00,0,106,,,,,,,,,,,,,,,,,,
1/3/2024 2:45,0,107,,,,,,,,,,,,,,,,,,
1/3/2024 2:30,0,107,,,,,,,,,,,,,,,,,,
1/3/2024 2:15,0,107,,,,,,,,,,,,,,,,,,
1/3/2024 2:00,0,107,,,,,,,,,,,,,,,,,,
1/3/2024 1:45,0,107,,,,,,,,,,,,,,,,,,
1/3/2024 1:30,0,107,,,,,,,,,,,,,,,,,,
1/3/2024 1:15,0,107,,,,,,,,,,,,,,,,,,
1/3/2024 1:00,0,107,,,,,,,,,,,,,,,,,,
1/3/2024 0:45,0,107,,,,,,,,,,,,,,,,,,
1/3/2024 0:30,0,107,,,,,,,,,,,,,,,,,,
1/3/2024 0:15,0,107,,,,,,,,,,,,,,,,,,
1/3/2024 0:00,0,107,,,,,,,,,,,,,,,,,,
29/02/2024 23:45:00,0,107,,,,,,,,,,,,,,,,,,
29/02/2024 23:30:00,0,108,,,,,,,,,,,,,,,,,,
29/02/2024 23:15:00,0,108,,,,,,,,,,,,,,,,,,
29/02/2024 23:00:00,0,108,,,,,,,,,,,,,,,,,,
29/02/2024 22:45:00,0,108,,,,,,,,,,,,,,,,,,
29/02/2024 22:30:00,0,108,,,,,,,,,,,,,,,,,,
29/02/2024 22:15:00,0,108,,,,,,,,,,,,,,,,,,
29/02/2024 22:00:00,0,108,,,,,,,,,,,,,,,,,,
29/02/2024 21:45:00,0,108,,,,,,,,,,,,,,,,,,
29/02/2024 21:30:00,0,108,,,,,,,,,,,,,,,,,,
29/02/2024 21:15:00,0,109,,,,,,,,,,,,,,,,,,
29/02/2024 21:00:00,0,109,,,,,,,,,,,,,,,,,,
29/02/2024 20:45:00,0,109,,,,,,,,,,,,,,,,,,
29/02/2024 20:30:00,0,109,,,,,,,,,,,,,,,,,,
29/02/2024 20:15:00,0,109,,,,,,,,,,,,,,,,,,
29/02/2024 20:00:00,0,109,,,,,,,,,,,,,,,,,,
29/02/2024 19:45:00,0,109,,,,,,,,,,,,,,,,,,
29/02/2024 19:30:00,0,109,,,,,,,,,,,,,,,,,,
29/02/2024 19:15:00,0,109,,,,,,,,,,,,,,,,,,
29/02/2024 19:00:00,0,110,,,,,,,,,,,,,,,,,,
29/02/2024 18:45:00,0,110,,,,,,,,,,,,,,,,,,
29/02/2024 18:30:00,0,110,,,,,,,,,,,,,,,,,,
29/02/2024 18:15:00,0,110,,,,,,,,,,,,,,,,,,
29/02/2024 18:00:00,0,110,,,,,,,,,,,,,,,,,,
29/02/2024 17:45:00,0,110,,,,,,,,,,,,,,,,,,
29/02/2024 17:30:00,0,110,,,,,,,,,,,,,,,,,,
29/02/2024 17:15:00,0,110,,,,,,,,,,,,,,,,,,
29/02/2024 17:00:00,0,110,,,,,,,,,,,,,,,,,,
29/02/2024 16:45:00,0,111,,,,,,,,,,,,,,,,,,
29/02/2024 16:30:00,0,111,,,,,,,,,,,,,,,,,,
29/02/2024 16:15:00,0,111,,,,,,,,,,,,,,,,,,
29/02/2024 16:00:00,0,111,,,,,,,,,,,,,,,,,,
29/02/2024 15:45:00,0,111,,,,,,,,,,,,,,,,,,
29/02/2024 15:30:00,0,111,,,,,,,,,,,,,,,,,,
29/02/2024 15:15:00,0,111,,,,,,,,,,,,,,,,,,
29/02/2024 15:00:00,0,112,,,,,,,,,,,,,,,,,,
29/02/2024 14:45:00,0,112,,,,,,,,,,,,,,,,,,
29/02/2024 14:30:00,0,112,,,,,,,,,,,,,,,,,,
29/02/2024 14:15:00,0,112,,,,,,,,,,,,,,,,,,
29/02/2024 14:00:00,0,112,,,,,,,,,,,,,,,,,,
29/02/2024 13:45:00,0,112,,,,,,,,,,,,,,,,,,
29/02/2024 13:30:00,0,112,,,,,,,,,,,,,,,,,,
29/02/2024 13:15:00,0,112,,,,,,,,,,,,,,,,,,
29/02/2024 13:00:00,0,112,,,,,,,,,,,,,,,,,,
29/02/2024 12:45:00,0,112,,,,,,,,,,,,,,,,,,
29/02/2024 12:30:00,0,113,,,,,,,,,,,,,,,,,,
29/02/2024 12:15:00,0,113,,,,,,,,,,,,,,,,,,
29/02/2024 12:00:00,0,113,,,,,,,,,,,,,,,,,,
29/02/2024 11:45:00,0,113,,,,,,,,,,,,,,,,,,
29/02/2024 11:30:00,0,114,,,,,,,,,,,,,,,,,,
29/02/2024 11:15:00,0,113,,,,,,,,,,,,,,,,,,
29/02/2024 11:00:00,0,114,,,,,,,,,,,,,,,,,,
29/02/2024 10:45:00,0,114,,,,,,,,,,,,,,,,,,
29/02/2024 10:30:00,0,114,,,,,,,,,,,,,,,,,,
29/02/2024 10:15:00,0,114,,,,,,,,,,,,,,,,,,
29/02/2024 10:00:00,0,114,,,,,,,,,,,,,,,,,,
29/02/2024 09:45:00,0,114,,,,,,,,,,,,,,,,,,
29/02/2024 09:30:00,0,115,,,,,,,,,,,,,,,,,,
29/02/2024 09:15:00,0,115,,,,,,,,,,,,,,,,,,
29/02/2024 09:00:00,0,115,,,,,,,,,,,,,,,,,,
29/02/2024 08:45:00,0,115,,,,,,,,,,,,,,,,,,
29/02/2024 08:30:00,0,115,,,,,,,,,,,,,,,,,,
29/02/2024 08:15:00,0,115,,,,,,,,,,,,,,,,,,
29/02/2024 08:00:00,0,115,,,,,,,,,,,,,,,,,,
29/02/2024 07:45:00,0,115,,,,,,,,,,,,,,,,,,
29/02/2024 07:30:00,0,116,,,,,,,,,,,,,,,,,,
29/02/2024 07:15:00,0,116,,,,,,,,,,,,,,,,,,
29/02/2024 07:00:00,0,116,,,,,,,,,,,,,,,,,,
29/02/2024 06:45:00,0,116,,,,,,,,,,,,,,,,,,
29/02/2024 06:30:00,0,116,,,,,,,,,,,,,,,,,,
29/02/2024 06:15:00,0,116,,,,,,,,,,,,,,,,,,
29/02/2024 06:00:00,0,116,,,,,,,,,,,,,,,,,,
29/02/2024 05:45:00,0,116,,,,,,,,,,,,,,,,,,
29/02/2024 05:30:00,0,116,,,,,,,,,,,,,,,,,,
29/02/2024 05:15:00,0,116,,,,,,,,,,,,,,,,,,
29/02/2024 05:00:00,0,116,,,,,,,,,,,,,,,,,,
29/02/2024 04:45:00,0,116,,,,,,,,,,,,,,,,,,
29/02/2024 04:30:00,0,117,,,,,,,,,,,,,,,,,,
29/02/2024 04:15:00,0,117,,,,,,,,,,,,,,,,,,
29/02/2024 04:00:00,0,117,,,,,,,,,,,,,,,,,,
29/02/2024 03:45:00,0,116,,,,,,,,,,,,,,,,,,
29/02/2024 03:30:00,0,116,,,,,,,,,,,,,,,,,,
29/02/2024 03:15:00,0,117,,,,,,,,,,,,,,,,,,
29/02/2024 03:00:00,0,117,,,,,,,,,,,,,,,,,,
29/02/2024 02:45:00,0,117,,,,,,,,,,,,,,,,,,
29/02/2024 02:30:00,0,116,,,,,,,,,,,,,,,,,,
29/02/2024 02:15:00,0,116,,,,,,,,,,,,,,,,,,
29/02/2024 02:00:00,0,116,,,,,,,,,,,,,,,,,,
29/02/2024 01:45:00,0,117,,,,,,,,,,,,,,,,,,
29/02/2024 01:30:00,0,117,,,,,,,,,,,,,,,,,,
29/02/2024 01:15:00,0,116,,,,,,,,,,,,,,,,,,
29/02/2024 01:00:00,0,117,,,,,,,,,,,,,,,,,,
29/02/2024 00:45:00,0,116,,,,,,,,,,,,,,,,,,
29/02/2024 00:30:00,0,117,,,,,,,,,,,,,,,,,,
29/02/2024 00:15:00,0,116,,,,,,,,,,,,,,,,,,
29/02/2024 00:00:00,0,116,,,,,,,,,,,,,,,,,,
28/02/2024 23:45:00,0,116,,,,,,,,,,,,,,,,,,
28/02/2024 23:30:00,0,116,,,,,,,,,,,,,,,,,,
28/02/2024 23:15:00,0,116,,,,,,,,,,,,,,,,,,
28/02/2024 23:00:00,0,116,,,,,,,,,,,,,,,,,,
28/02/2024 22:45:00,0,116,,,,,,,,,,,,,,,,,,
28/02/2024 22:30:00,0,116,,,,,,,,,,,,,,,,,,
28/02/2024 22:15:00,0,116,,,,,,,,,,,,,,,,,,
28/02/2024 22:00:00,0,116,,,,,,,,,,,,,,,,,,
28/02/2024 21:45:00,0,116,,,,,,,,,,,,,,,,,,
28/02/2024 21:30:00,0,116,,,,,,,,,,,,,,,,,,
28/02/2024 21:15:00,0,116,,,,,,,,,,,,,,,,,,
28/02/2024 21:00:00,0,116,,,,,,,,,,,,,,,,,,
28/02/2024 20:45:00,0,116,,,,,,,,,,,,,,,,,,
28/02/2024 20:30:00,0,116,,,,,,,,,,,,,,,,,,
28/02/2024 20:15:00,0,116,,,,,,,,,,,,,,,,,,
28/02/2024 20:00:00,0,117,,,,,,,,,,,,,,,,,,
28/02/2024 19:45:00,0,117,,,,,,,,,,,,,,,,,,
28/02/2024 19:30:00,0,117,,,,,,,,,,,,,,,,,,
28/02/2024 19:15:00,0,117,,,,,,,,,,,,,,,,,,
28/02/2024 19:00:00,0,117,,,,,,,,,,,,,,,,,,
28/02/2024 18:45:00,0,117,,,,,,,,,,,,,,,,,,
28/02/2024 18:30:00,0,117,,,,,,,,,,,,,,,,,,
28/02/2024 18:15:00,0,118,,,,,,,,,,,,,,,,,,
28/02/2024 18:00:00,0,118,,,,,,,,,,,,,,,,,,
28/02/2024 17:45:00,0,118,,,,,,,,,,,,,,,,,,
28/02/2024 17:30:00,0,119,,,,,,,,,,,,,,,,,,
28/02/2024 17:15:00,0,118,,,,,,,,,,,,,,,,,,
28/02/2024 17:00:00,0,119,,,,,,,,,,,,,,,,,,
28/02/2024 16:45:00,0,119,,,,,,,,,,,,,,,,,,
28/02/2024 16:30:00,0,119,,,,,,,,,,,,,,,,,,
28/02/2024 16:15:00,0,120,,,,,,,,,,,,,,,,,,
28/02/2024 16:00:00,0,120,,,,,,,,,,,,,,,,,,
28/02/2024 15:45:00,0,120,,,,,,,,,,,,,,,,,,
28/02/2024 15:30:00,0,121,,,,,,,,,,,,,,,,,,
28/02/2024 15:15:00,0,121,,,,,,,,,,,,,,,,,,
28/02/2024 15:00:00,0,121,,,,,,,,,,,,,,,,,,
28/02/2024 14:45:00,0,121,,,,,,,,,,,,,,,,,,
28/02/2024 14:30:00,0,122,,,,,,,,,,,,,,,,,,
28/02/2024 14:15:00,0,122,,,,,,,,,,,,,,,,,,
28/02/2024 14:00:00,0,122,,,,,,,,,,,,,,,,,,
28/02/2024 13:45:00,0,123,,,,,,,,,,,,,,,,,,
28/02/2024 13:30:00,0,123,,,,,,,,,,,,,,,,,,
28/02/2024 13:15:00,0,123,,,,,,,,,,,,,,,,,,
28/02/2024 13:00:00,0,124,,,,,,,,,,,,,,,,,,
28/02/2024 12:45:00,0,124,,,,,,,,,,,,,,,,,,
28/02/2024 12:30:00,0,124,,,,,,,,,,,,,,,,,,
28/02/2024 12:15:00,0,125,,,,,,,,,,,,,,,,,,
28/02/2024 12:00:00,0,125,,,,,,,,,,,,,,,,,,
28/02/2024 11:45:00,0,125,,,,,,,,,,,,,,,,,,
28/02/2024 11:30:00,0,126,,,,,,,,,,,,,,,,,,
28/02/2024 11:15:00,0,126,,,,,,,,,,,,,,,,,,
28/02/2024 11:00:00,0,126,,,,,,,,,,,,,,,,,,
28/02/2024 10:45:00,0,127,,,,,,,,,,,,,,,,,,
28/02/2024 10:30:00,0,127,,,,,,,,,,,,,,,,,,
28/02/2024 10:15:00,0,127,,,,,,,,,,,,,,,,,,
28/02/2024 10:00:00,0,128,,,,,,,,,,,,,,,,,,
28/02/2024 09:45:00,0,128,,,,,,,,,,,,,,,,,,
28/02/2024 09:30:00,0,128,,,,,,,,,,,,,,,,,,
28/02/2024 09:15:00,0,128,,,,,,,,,,,,,,,,,,
28/02/2024 09:00:00,0,129,,,,,,,,,,,,,,,,,,
28/02/2024 08:45:00,0,129,,,,,,,,,,,,,,,,,,
28/02/2024 08:30:00,0,129,,,,,,,,,,,,,,,,,,
28/02/2024 08:15:00,0,129,,,,,,,,,,,,,,,,,,
28/02/2024 08:00:00,0,130,,,,,,,,,,,,,,,,,,
28/02/2024 07:45:00,0,130,,,,,,,,,,,,,,,,,,
28/02/2024 07:30:00,0,130,,,,,,,,,,,,,,,,,,
28/02/2024 07:15:00,0,130,,,,,,,,,,,,,,,,,,
28/02/2024 07:00:00,0,130,,,,,,,,,,,,,,,,,,
28/02/2024 06:45:00,0,131,,,,,,,,,,,,,,,,,,
28/02/2024 06:30:00,0,131,,,,,,,,,,,,,,,,,,
28/02/2024 06:15:00,0,131,,,,,,,,,,,,,,,,,,
28/02/2024 06:00:00,0,131,,,,,,,,,,,,,,,,,,
28/02/2024 05:45:00,0,131,,,,,,,,,,,,,,,,,,
28/02/2024 05:30:00,0,131,,,,,,,,,,,,,,,,,,
28/02/2024 05:15:00,0,132,,,,,,,,,,,,,,,,,,
28/02/2024 05:00:00,0,131,,,,,,,,,,,,,,,,,,
28/02/2024 04:45:00,0,131,,,,,,,,,,,,,,,,,,
28/02/2024 04:30:00,0,132,,,,,,,,,,,,,,,,,,
28/02/2024 04:15:00,0,132,,,,,,,,,,,,,,,,,,
28/02/2024 04:00:00,0,132,,,,,,,,,,,,,,,,,,
28/02/2024 03:45:00,0,132,,,,,,,,,,,,,,,,,,
28/02/2024 03:30:00,0,131,,,,,,,,,,,,,,,,,,
28/02/2024 03:15:00,0,132,,,,,,,,,,,,,,,,,,
28/02/2024 03:00:00,0,132,,,,,,,,,,,,,,,,,,
28/02/2024 02:45:00,0,132,,,,,,,,,,,,,,,,,,
28/02/2024 02:30:00,0,131,,,,,,,,,,,,,,,,,,
28/02/2024 02:15:00,0,132,,,,,,,,,,,,,,,,,,
28/02/2024 02:00:00,0,131,,,,,,,,,,,,,,,,,,
28/02/2024 01:45:00,0.2,131,,,,,,,,,,,,,,,,,,
28/02/2024 01:30:00,0,131,,,,,,,,,,,,,,,,,,
28/02/2024 01:15:00,0,131,,,,,,,,,,,,,,,,,,
28/02/2024 01:00:00,0,131,,,,,,,,,,,,,,,,,,
28/02/2024 00:45:00,0,131,,,,,,,,,,,,,,,,,,
28/02/2024 00:30:00,0,130,,,,,,,,,,,,,,,,,,
28/02/2024 00:15:00,0,130,,,,,,,,,,,,,,,,,,
28/02/2024 00:00:00,0,130,,,,,,,,,,,,,,,,,,
27/02/2024 23:45:00,0,130,,,,,,,,,,,,,,,,,,
27/02/2024 23:30:00,0,130,,,,,,,,,,,,,,,,,,
27/02/2024 23:15:00,0,130,,,,,,,,,,,,,,,,,,
27/02/2024 23:00:00,0,130,,,,,,,,,,,,,,,,,,
27/02/2024 22:45:00,0,130,,,,,,,,,,,,,,,,,,
27/02/2024 22:30:00,1,130,,,,,,,,,,,,,,,,,,
27/02/2024 22:15:00,1.4,130,,,,,,,,,,,,,,,,,,
27/02/2024 22:00:00,0,129,,,,,,,,,,,,,,,,,,
27/02/2024 21:45:00,0,130,,,,,,,,,,,,,,,,,,
27/02/2024 21:30:00,0,129,,,,,,,,,,,,,,,,,,
27/02/2024 21:15:00,0,130,,,,,,,,,,,,,,,,,,
27/02/2024 21:00:00,0,130,,,,,,,,,,,,,,,,,,
27/02/2024 20:45:00,0.2,130,,,,,,,,,,,,,,,,,,
27/02/2024 20:30:00,0,130,,,,,,,,,,,,,,,,,,
27/02/2024 20:15:00,0.2,130,,,,,,,,,,,,,,,,,,
27/02/2024 20:00:00,0,130,,,,,,,,,,,,,,,,,,
27/02/2024 19:45:00,0,130,,,,,,,,,,,,,,,,,,
27/02/2024 19:30:00,0,130,,,,,,,,,,,,,,,,,,
27/02/2024 19:15:00,0,130,,,,,,,,,,,,,,,,,,
27/02/2024 19:00:00,0,130,,,,,,,,,,,,,,,,,,
27/02/2024 18:45:00,0,131,,,,,,,,,,,,,,,,,,
27/02/2024 18:30:00,0,131,,,,,,,,,,,,,,,,,,
27/02/2024 18:15:00,0,131,,,,,,,,,,,,,,,,,,
27/02/2024 18:00:00,0,131,,,,,,,,,,,,,,,,,,
27/02/2024 17:45:00,0,131,,,,,,,,,,,,,,,,,,
27/02/2024 17:30:00,0,131,,,,,,,,,,,,,,,,,,
27/02/2024 17:15:00,0,131,,,,,,,,,,,,,,,,,,
27/02/2024 17:00:00,0,131,,,,,,,,,,,,,,,,,,
27/02/2024 16:45:00,0,131,,,,,,,,,,,,,,,,,,
27/02/2024 16:30:00,0,130,,,,,,,,,,,,,,,,,,
27/02/2024 16:15:00,0,131,,,,,,,,,,,,,,,,,,
27/02/2024 16:00:00,0,130,,,,,,,,,,,,,,,,,,
27/02/2024 15:45:00,0,130,,,,,,,,,,,,,,,,,,
27/02/2024 15:30:00,0,130,,,,,,,,,,,,,,,,,,
27/02/2024 15:15:00,0,130,,,,,,,,,,,,,,,,,,
27/02/2024 15:00:00,0,129,,,,,,,,,,,,,,,,,,
27/02/2024 14:45:00,0,129,,,,,,,,,,,,,,,,,,
27/02/2024 14:30:00,0,128,,,,,,,,,,,,,,,,,,
27/02/2024 14:15:00,0,128,,,,,,,,,,,,,,,,,,
27/02/2024 14:00:00,0,128,,,,,,,,,,,,,,,,,,
27/02/2024 13:45:00,0,128,,,,,,,,,,,,,,,,,,
27/02/2024 13:30:00,0,127,,,,,,,,,,,,,,,,,,
27/02/2024 13:15:00,0,127,,,,,,,,,,,,,,,,,,
27/02/2024 13:00:00,0,127,,,,,,,,,,,,,,,,,,
27/02/2024 12:45:00,0,126,,,,,,,,,,,,,,,,,,
27/02/2024 12:30:00,0,126,,,,,,,,,,,,,,,,,,
27/02/2024 12:15:00,0,126,,,,,,,,,,,,,,,,,,
27/02/2024 12:00:00,0,125,,,,,,,,,,,,,,,,,,
27/02/2024 11:45:00,0,125,,,,,,,,,,,,,,,,,,
27/02/2024 11:30:00,0,125,,,,,,,,,,,,,,,,,,
27/02/2024 11:15:00,0,125,,,,,,,,,,,,,,,,,,
27/02/2024 11:00:00,0,125,,,,,,,,,,,,,,,,,,
27/02/2024 10:45:00,0,124,,,,,,,,,,,,,,,,,,
27/02/2024 10:30:00,0,124,,,,,,,,,,,,,,,,,,
27/02/2024 10:15:00,0,123,,,,,,,,,,,,,,,,,,
27/02/2024 10:00:00,0,123,,,,,,,,,,,,,,,,,,
27/02/2024 09:45:00,0,123,,,,,,,,,,,,,,,,,,
27/02/2024 09:30:00,0,122,,,,,,,,,,,,,,,,,,
27/02/2024 09:15:00,0,122,,,,,,,,,,,,,,,,,,
27/02/2024 09:00:00,0,122,,,,,,,,,,,,,,,,,,
27/02/2024 08:45:00,0,121,,,,,,,,,,,,,,,,,,
27/02/2024 08:30:00,0,121,,,,,,,,,,,,,,,,,,
27/02/2024 08:15:00,0,120,,,,,,,,,,,,,,,,,,
27/02/2024 08:00:00,0,120,,,,,,,,,,,,,,,,,,
27/02/2024 07:45:00,0,120,,,,,,,,,,,,,,,,,,
27/02/2024 07:30:00,0,119,,,,,,,,,,,,,,,,,,
27/02/2024 07:15:00,0,119,,,,,,,,,,,,,,,,,,
27/02/2024 07:00:00,0,118,,,,,,,,,,,,,,,,,,
27/02/2024 06:45:00,0,118,,,,,,,,,,,,,,,,,,
27/02/2024 06:30:00,0,118,,,,,,,,,,,,,,,,,,
27/02/2024 06:15:00,0,117,,,,,,,,,,,,,,,,,,
27/02/2024 06:00:00,0,117,,,,,,,,,,,,,,,,,,
27/02/2024 05:45:00,0,117,,,,,,,,,,,,,,,,,,
27/02/2024 05:30:00,0,116,,,,,,,,,,,,,,,,,,
27/02/2024 05:15:00,0,116,,,,,,,,,,,,,,,,,,
27/02/2024 05:00:00,0.2,116,,,,,,,,,,,,,,,,,,
27/02/2024 04:45:00,0,115,,,,,,,,,,,,,,,,,,
27/02/2024 04:30:00,0,115,,,,,,,,,,,,,,,,,,
27/02/2024 04:15:00,0,115,,,,,,,,,,,,,,,,,,
27/02/2024 04:00:00,0,114,,,,,,,,,,,,,,,,,,
27/02/2024 03:45:00,0,114,,,,,,,,,,,,,,,,,,
27/02/2024 03:30:00,0,114,,,,,,,,,,,,,,,,,,
27/02/2024 03:15:00,0,113,,,,,,,,,,,,,,,,,,
27/02/2024 03:00:00,0,113,,,,,,,,,,,,,,,,,,
27/02/2024 02:45:00,0,112,,,,,,,,,,,,,,,,,,
27/02/2024 02:30:00,0,112,,,,,,,,,,,,,,,,,,
27/02/2024 02:15:00,0,112,,,,,,,,,,,,,,,,,,
27/02/2024 02:00:00,0,111,,,,,,,,,,,,,,,,,,
27/02/2024 01:45:00,0.2,111,,,,,,,,,,,,,,,,,,
27/02/2024 01:30:00,0.4,111,,,,,,,,,,,,,,,,,,
27/02/2024 01:15:00,0.4,111,,,,,,,,,,,,,,,,,,
27/02/2024 01:00:00,0.4,110,,,,,,,,,,,,,,,,,,
27/02/2024 00:45:00,0,110,,,,,,,,,,,,,,,,,,
27/02/2024 00:30:00,0,109,,,,,,,,,,,,,,,,,,
27/02/2024 00:15:00,0,109,,,,,,,,,,,,,,,,,,
27/02/2024 00:00:00,0.2,109,,,,,,,,,,,,,,,,,,
26/02/2024 23:45:00,0,109,,,,,,,,,,,,,,,,,,
26/02/2024 23:30:00,0.4,108,,,,,,,,,,,,,,,,,,
26/02/2024 23:15:00,0.2,108,,,,,,,,,,,,,,,,,,
26/02/2024 23:00:00,0.4,108,,,,,,,,,,,,,,,,,,
26/02/2024 22:45:00,0.4,108,,,,,,,,,,,,,,,,,,
26/02/2024 22:30:00,0.6,107,,,,,,,,,,,,,,,,,,
26/02/2024 22:15:00,1,107,,,,,,,,,,,,,,,,,,
26/02/2024 22:00:00,2.4,107,,,,,,,,,,,,,,,,,,
26/02/2024 21:45:00,0.4,107,,,,,,,,,,,,,,,,,,
26/02/2024 21:30:00,0.6,106,,,,,,,,,,,,,,,,,,
26/02/2024 21:15:00,0.4,106,,,,,,,,,,,,,,,,,,
26/02/2024 21:00:00,0.2,106,,,,,,,,,,,,,,,,,,
26/02/2024 20:45:00,0,106,,,,,,,,,,,,,,,,,,
26/02/2024 20:30:00,0,106,,,,,,,,,,,,,,,,,,
26/02/2024 20:15:00,0,106,,,,,,,,,,,,,,,,,,
26/02/2024 20:00:00,0,106,,,,,,,,,,,,,,,,,,
26/02/2024 19:45:00,0,106,,,,,,,,,,,,,,,,,,
26/02/2024 19:30:00,0.2,106,,,,,,,,,,,,,,,,,,
26/02/2024 19:15:00,0.2,106,,,,,,,,,,,,,,,,,,
26/02/2024 19:00:00,0.4,106,,,,,,,,,,,,,,,,,,
26/02/2024 18:45:00,0,106,,,,,,,,,,,,,,,,,,
26/02/2024 18:30:00,0,106,,,,,,,,,,,,,,,,,,
26/02/2024 18:15:00,0,106,,,,,,,,,,,,,,,,,,
26/02/2024 18:00:00,0,106,,,,,,,,,,,,,,,,,,
26/02/2024 17:45:00,0,106,,,,,,,,,,,,,,,,,,
26/02/2024 17:30:00,0,106,,,,,,,,,,,,,,,,,,
26/02/2024 17:15:00,0,106,,,,,,,,,,,,,,,,,,
26/02/2024 17:00:00,0,106,,,,,,,,,,,,,,,,,,
26/02/2024 16:45:00,0,106,,,,,,,,,,,,,,,,,,
26/02/2024 16:30:00,0,106,,,,,,,,,,,,,,,,,,
26/02/2024 16:15:00,0,106,,,,,,,,,,,,,,,,,,
26/02/2024 16:00:00,0,106,,,,,,,,,,,,,,,,,,
26/02/2024 15:45:00,0,106,,,,,,,,,,,,,,,,,,
26/02/2024 15:30:00,0,107,,,,,,,,,,,,,,,,,,
26/02/2024 15:15:00,0,107,,,,,,,,,,,,,,,,,,
26/02/2024 15:00:00,0.2,106,,,,,,,,,,,,,,,,,,
26/02/2024 14:45:00,1.4,106,,,,,,,,,,,,,,,,,,
26/02/2024 14:30:00,1.4,106,,,,,,,,,,,,,,,,,,
26/02/2024 14:15:00,0.8,106,,,,,,,,,,,,,,,,,,
26/02/2024 14:00:00,0,106,,,,,,,,,,,,,,,,,,
26/02/2024 13:45:00,0,106,,,,,,,,,,,,,,,,,,
26/02/2024 13:30:00,0,106,,,,,,,,,,,,,,,,,,
26/02/2024 13:15:00,0,106,,,,,,,,,,,,,,,,,,
26/02/2024 13:00:00,0,106,,,,,,,,,,,,,,,,,,
26/02/2024 12:45:00,0,106,,,,,,,,,,,,,,,,,,
26/02/2024 12:30:00,0,106,,,,,,,,,,,,,,,,,,
26/02/2024 12:15:00,0,106,,,,,,,,,,,,,,,,,,
26/02/2024 12:00:00,0,106,,,,,,,,,,,,,,,,,,
26/02/2024 11:45:00,0,106,,,,,,,,,,,,,,,,,,
26/02/2024 11:30:00,0,106,,,,,,,,,,,,,,,,,,
26/02/2024 11:15:00,0,106,,,,,,,,,,,,,,,,,,
26/02/2024 11:00:00,0,106,,,,,,,,,,,,,,,,,,
26/02/2024 10:45:00,0,106,,,,,,,,,,,,,,,,,,
26/02/2024 10:30:00,0,106,,,,,,,,,,,,,,,,,,
26/02/2024 10:15:00,0,106,,,,,,,,,,,,,,,,,,
26/02/2024 10:00:00,0,106,,,,,,,,,,,,,,,,,,
26/02/2024 09:45:00,0,106,,,,,,,,,,,,,,,,,,
26/02/2024 09:30:00,0,106,,,,,,,,,,,,,,,,,,
26/02/2024 09:15:00,0,106,,,,,,,,,,,,,,,,,,
26/02/2024 09:00:00,0,106,,,,,,,,,,,,,,,,,,
26/02/2024 08:45:00,0,106,,,,,,,,,,,,,,,,,,
26/02/2024 08:30:00,0,107,,,,,,,,,,,,,,,,,,
26/02/2024 08:15:00,0,107,,,,,,,,,,,,,,,,,,
26/02/2024 08:00:00,0,107,,,,,,,,,,,,,,,,,,
26/02/2024 07:45:00,0,107,,,,,,,,,,,,,,,,,,
26/02/2024 07:30:00,0,107,,,,,,,,,,,,,,,,,,
26/02/2024 07:15:00,0,107,,,,,,,,,,,,,,,,,,
26/02/2024 07:00:00,0,107,,,,,,,,,,,,,,,,,,
26/02/2024 06:45:00,0,107,,,,,,,,,,,,,,,,,,
26/02/2024 06:30:00,0,107,,,,,,,,,,,,,,,,,,
26/02/2024 06:15:00,0,107,,,,,,,,,,,,,,,,,,
26/02/2024 06:00:00,0,107,,,,,,,,,,,,,,,,,,
26/02/2024 05:45:00,0,107,,,,,,,,,,,,,,,,,,
26/02/2024 05:30:00,0,107,,,,,,,,,,,,,,,,,,
26/02/2024 05:15:00,0,107,,,,,,,,,,,,,,,,,,
26/02/2024 05:00:00,0,107,,,,,,,,,,,,,,,,,,
26/02/2024 04:45:00,0,107,,,,,,,,,,,,,,,,,,
26/02/2024 04:30:00,0,107,,,,,,,,,,,,,,,,,,
26/02/2024 04:15:00,0,107,,,,,,,,,,,,,,,,,,
26/02/2024 04:00:00,0,107,,,,,,,,,,,,,,,,,,
26/02/2024 03:45:00,0,107,,,,,,,,,,,,,,,,,,
26/02/2024 03:30:00,0,107,,,,,,,,,,,,,,,,,,
26/02/2024 03:15:00,0,107,,,,,,,,,,,,,,,,,,
26/02/2024 03:00:00,0,108,,,,,,,,,,,,,,,,,,
26/02/2024 02:45:00,0,107,,,,,,,,,,,,,,,,,,
26/02/2024 02:30:00,0,107,,,,,,,,,,,,,,,,,,
26/02/2024 02:15:00,0,108,,,,,,,,,,,,,,,,,,
26/02/2024 02:00:00,0,108,,,,,,,,,,,,,,,,,,
26/02/2024 01:45:00,0,108,,,,,,,,,,,,,,,,,,
26/02/2024 01:30:00,0,108,,,,,,,,,,,,,,,,,,
26/02/2024 01:15:00,0,108,,,,,,,,,,,,,,,,,,
26/02/2024 01:00:00,0,108,,,,,,,,,,,,,,,,,,
26/02/2024 00:45:00,0,108,,,,,,,,,,,,,,,,,,
26/02/2024 00:30:00,0,108,,,,,,,,,,,,,,,,,,
26/02/2024 00:15:00,0,108,,,,,,,,,,,,,,,,,,
26/02/2024 00:00:00,0,108,,,,,,,,,,,,,,,,,,
25/02/2024 23:45:00,0,108,,,,,,,,,,,,,,,,,,
25/02/2024 23:30:00,0,109,,,,,,,,,,,,,,,,,,
25/02/2024 23:15:00,0,109,,,,,,,,,,,,,,,,,,
25/02/2024 23:00:00,0,109,,,,,,,,,,,,,,,,,,
25/02/2024 22:45:00,0,109,,,,,,,,,,,,,,,,,,
25/02/2024 22:30:00,0,109,,,,,,,,,,,,,,,,,,
25/02/2024 22:15:00,0,109,,,,,,,,,,,,,,,,,,
25/02/2024 22:00:00,0,109,,,,,,,,,,,,,,,,,,
25/02/2024 21:45:00,0,109,,,,,,,,,,,,,,,,,,
25/02/2024 21:30:00,0,109,,,,,,,,,,,,,,,,,,
25/02/2024 21:15:00,0,109,,,,,,,,,,,,,,,,,,
25/02/2024 21:00:00,0,110,,,,,,,,,,,,,,,,,,
25/02/2024 20:45:00,0,110,,,,,,,,,,,,,,,,,,
25/02/2024 20:30:00,0,110,,,,,,,,,,,,,,,,,,
25/02/2024 20:15:00,0,110,,,,,,,,,,,,,,,,,,
25/02/2024 20:00:00,0,110,,,,,,,,,,,,,,,,,,
25/02/2024 19:45:00,0,110,,,,,,,,,,,,,,,,,,
25/02/2024 19:30:00,0,110,,,,,,,,,,,,,,,,,,
25/02/2024 19:15:00,0,110,,,,,,,,,,,,,,,,,,
25/02/2024 19:00:00,0,110,,,,,,,,,,,,,,,,,,
25/02/2024 18:45:00,0,111,,,,,,,,,,,,,,,,,,
25/02/2024 18:30:00,0,111,,,,,,,,,,,,,,,,,,
25/02/2024 18:15:00,0,111,,,,,,,,,,,,,,,,,,
25/02/2024 18:00:00,0,111,,,,,,,,,,,,,,,,,,
25/02/2024 17:45:00,0,111,,,,,,,,,,,,,,,,,,
25/02/2024 17:30:00,0,111,,,,,,,,,,,,,,,,,,
25/02/2024 17:15:00,0,111,,,,,,,,,,,,,,,,,,
25/02/2024 17:00:00,0,112,,,,,,,,,,,,,,,,,,
25/02/2024 16:45:00,0,112,,,,,,,,,,,,,,,,,,
25/02/2024 16:30:00,0,111,,,,,,,,,,,,,,,,,,
25/02/2024 16:15:00,0,112,,,,,,,,,,,,,,,,,,
25/02/2024 16:00:00,0,112,,,,,,,,,,,,,,,,,,
25/02/2024 15:45:00,0,112,,,,,,,,,,,,,,,,,,
25/02/2024 15:30:00,0,112,,,,,,,,,,,,,,,,,,
25/02/2024 15:15:00,0,112,,,,,,,,,,,,,,,,,,
25/02/2024 15:00:00,0,112,,,,,,,,,,,,,,,,,,
25/02/2024 14:45:00,0,112,,,,,,,,,,,,,,,,,,
25/02/2024 14:30:00,0,112,,,,,,,,,,,,,,,,,,
25/02/2024 14:15:00,0,113,,,,,,,,,,,,,,,,,,
25/02/2024 14:00:00,0,112,,,,,,,,,,,,,,,,,,
25/02/2024 13:45:00,0,113,,,,,,,,,,,,,,,,,,
25/02/2024 13:30:00,0,113,,,,,,,,,,,,,,,,,,
25/02/2024 13:15:00,0,113,,,,,,,,,,,,,,,,,,
25/02/2024 13:00:00,0,113,,,,,,,,,,,,,,,,,,
25/02/2024 12:45:00,0,113,,,,,,,,,,,,,,,,,,
25/02/2024 12:30:00,0,113,,,,,,,,,,,,,,,,,,
25/02/2024 12:15:00,0,113,,,,,,,,,,,,,,,,,,
25/02/2024 12:00:00,0,113,,,,,,,,,,,,,,,,,,
25/02/2024 11:45:00,0,113,,,,,,,,,,,,,,,,,,
25/02/2024 11:30:00,0,113,,,,,,,,,,,,,,,,,,
25/02/2024 11:15:00,0,113,,,,,,,,,,,,,,,,,,
25/02/2024 11:00:00,0,113,,,,,,,,,,,,,,,,,,
25/02/2024 10:45:00,0,113,,,,,,,,,,,,,,,,,,
25/02/2024 10:30:00,0,113,,,,,,,,,,,,,,,,,,
25/02/2024 10:15:00,0,113,,,,,,,,,,,,,,,,,,
25/02/2024 10:00:00,0,113,,,,,,,,,,,,,,,,,,
25/02/2024 09:45:00,0,113,,,,,,,,,,,,,,,,,,
25/02/2024 09:30:00,0,113,,,,,,,,,,,,,,,,,,
25/02/2024 09:15:00,0,113,,,,,,,,,,,,,,,,,,
25/02/2024 09:00:00,0,113,,,,,,,,,,,,,,,,,,
25/02/2024 08:45:00,0,114,,,,,,,,,,,,,,,,,,
25/02/2024 08:30:00,0,114,,,,,,,,,,,,,,,,,,
25/02/2024 08:15:00,0,114,,,,,,,,,,,,,,,,,,
25/02/2024 08:00:00,0,114,,,,,,,,,,,,,,,,,,
25/02/2024 07:45:00,0,114,,,,,,,,,,,,,,,,,,
25/02/2024 07:30:00,0,114,,,,,,,,,,,,,,,,,,
25/02/2024 07:15:00,0,114,,,,,,,,,,,,,,,,,,
25/02/2024 07:00:00,0,114,,,,,,,,,,,,,,,,,,
25/02/2024 06:45:00,0,114,,,,,,,,,,,,,,,,,,
25/02/2024 06:30:00,0,114,,,,,,,,,,,,,,,,,,
25/02/2024 06:15:00,0,114,,,,,,,,,,,,,,,,,,
25/02/2024 06:00:00,0,114,,,,,,,,,,,,,,,,,,
25/02/2024 05:45:00,0,114,,,,,,,,,,,,,,,,,,
25/02/2024 05:30:00,0,114,,,,,,,,,,,,,,,,,,
25/02/2024 05:15:00,0,114,,,,,,,,,,,,,,,,,,
25/02/2024 05:00:00,0,114,,,,,,,,,,,,,,,,,,
25/02/2024 04:45:00,0,115,,,,,,,,,,,,,,,,,,
25/02/2024 04:30:00,0,115,,,,,,,,,,,,,,,,,,
25/02/2024 04:15:00,0,115,,,,,,,,,,,,,,,,,,
25/02/2024 04:00:00,0,115,,,,,,,,,,,,,,,,,,
25/02/2024 03:45:00,0,115,,,,,,,,,,,,,,,,,,
25/02/2024 03:30:00,0,115,,,,,,,,,,,,,,,,,,
25/02/2024 03:15:00,0,115,,,,,,,,,,,,,,,,,,
25/02/2024 03:00:00,0,115,,,,,,,,,,,,,,,,,,
25/02/2024 02:45:00,0,115,,,,,,,,,,,,,,,,,,
25/02/2024 02:30:00,0,115,,,,,,,,,,,,,,,,,,
25/02/2024 02:15:00,0,115,,,,,,,,,,,,,,,,,,
25/02/2024 02:00:00,0,115,,,,,,,,,,,,,,,,,,
25/02/2024 01:45:00,0,115,,,,,,,,,,,,,,,,,,
25/02/2024 01:30:00,0,115,,,,,,,,,,,,,,,,,,
25/02/2024 01:15:00,0,116,,,,,,,,,,,,,,,,,,
25/02/2024 01:00:00,0,116,,,,,,,,,,,,,,,,,,
25/02/2024 00:45:00,0,116,,,,,,,,,,,,,,,,,,
25/02/2024 00:30:00,0,116,,,,,,,,,,,,,,,,,,
25/02/2024 00:15:00,0,116,,,,,,,,,,,,,,,,,,
25/02/2024 00:00:00,0,116,,,,,,,,,,,,,,,,,,
24/02/2024 23:45:00,0,116,,,,,,,,,,,,,,,,,,
24/02/2024 23:30:00,0,116,,,,,,,,,,,,,,,,,,
24/02/2024 23:15:00,0,116,,,,,,,,,,,,,,,,,,
24/02/2024 23:00:00,0,117,,,,,,,,,,,,,,,,,,
24/02/2024 22:45:00,0,117,,,,,,,,,,,,,,,,,,
24/02/2024 22:30:00,0,117,,,,,,,,,,,,,,,,,,
24/02/2024 22:15:00,0,117,,,,,,,,,,,,,,,,,,
24/02/2024 22:00:00,0,117,,,,,,,,,,,,,,,,,,
24/02/2024 21:45:00,0,117,,,,,,,,,,,,,,,,,,
24/02/2024 21:30:00,0,117,,,,,,,,,,,,,,,,,,
24/02/2024 21:15:00,0,117,,,,,,,,,,,,,,,,,,
24/02/2024 21:00:00,0,118,,,,,,,,,,,,,,,,,,
24/02/2024 20:45:00,0,117,,,,,,,,,,,,,,,,,,
24/02/2024 20:30:00,0,118,,,,,,,,,,,,,,,,,,
24/02/2024 20:15:00,0,118,,,,,,,,,,,,,,,,,,
24/02/2024 20:00:00,0,118,,,,,,,,,,,,,,,,,,
24/02/2024 19:45:00,0,118,,,,,,,,,,,,,,,,,,
24/02/2024 19:30:00,0,118,,,,,,,,,,,,,,,,,,
24/02/2024 19:15:00,0,118,,,,,,,,,,,,,,,,,,
24/02/2024 19:00:00,0,119,,,,,,,,,,,,,,,,,,
24/02/2024 18:45:00,0,119,,,,,,,,,,,,,,,,,,
24/02/2024 18:30:00,0,119,,,,,,,,,,,,,,,,,,
24/02/2024 18:15:00,0,119,,,,,,,,,,,,,,,,,,
24/02/2024 18:00:00,0,119,,,,,,,,,,,,,,,,,,
24/02/2024 17:45:00,0,120,,,,,,,,,,,,,,,,,,
24/02/2024 17:30:00,0,119,,,,,,,,,,,,,,,,,,
24/02/2024 17:15:00,0,120,,,,,,,,,,,,,,,,,,
24/02/2024 17:00:00,0,120,,,,,,,,,,,,,,,,,,
24/02/2024 16:45:00,0,120,,,,,,,,,,,,,,,,,,
24/02/2024 16:30:00,0,120,,,,,,,,,,,,,,,,,,
24/02/2024 16:15:00,0,120,,,,,,,,,,,,,,,,,,
24/02/2024 16:00:00,0,120,,,,,,,,,,,,,,,,,,
24/02/2024 15:45:00,0,121,,,,,,,,,,,,,,,,,,
24/02/2024 15:30:00,0,120,,,,,,,,,,,,,,,,,,
24/02/2024 15:15:00,0,121,,,,,,,,,,,,,,,,,,
24/02/2024 15:00:00,0,121,,,,,,,,,,,,,,,,,,
24/02/2024 14:45:00,0,121,,,,,,,,,,,,,,,,,,
24/02/2024 14:30:00,0,121,,,,,,,,,,,,,,,,,,
24/02/2024 14:15:00,0,121,,,,,,,,,,,,,,,,,,
24/02/2024 14:00:00,0,121,,,,,,,,,,,,,,,,,,
24/02/2024 13:45:00,0,122,,,,,,,,,,,,,,,,,,
24/02/2024 13:30:00,0,122,,,,,,,,,,,,,,,,,,
24/02/2024 13:15:00,0,122,,,,,,,,,,,,,,,,,,
24/02/2024 13:00:00,0,122,,,,,,,,,,,,,,,,,,
24/02/2024 12:45:00,0,122,,,,,,,,,,,,,,,,,,
24/02/2024 12:30:00,0,122,,,,,,,,,,,,,,,,,,
24/02/2024 12:15:00,0,122,,,,,,,,,,,,,,,,,,
24/02/2024 12:00:00,0,122,,,,,,,,,,,,,,,,,,
24/02/2024 11:45:00,0,122,,,,,,,,,,,,,,,,,,
24/02/2024 11:30:00,0,123,,,,,,,,,,,,,,,,,,
24/02/2024 11:15:00,0,123,,,,,,,,,,,,,,,,,,
24/02/2024 11:00:00,0,123,,,,,,,,,,,,,,,,,,
24/02/2024 10:45:00,0,123,,,,,,,,,,,,,,,,,,
24/02/2024 10:30:00,0,123,,,,,,,,,,,,,,,,,,
24/02/2024 10:15:00,0,123,,,,,,,,,,,,,,,,,,
24/02/2024 10:00:00,0,123,,,,,,,,,,,,,,,,,,
24/02/2024 09:45:00,0,123,,,,,,,,,,,,,,,,,,
24/02/2024 09:30:00,0,123,,,,,,,,,,,,,,,,,,
24/02/2024 09:15:00,0,124,,,,,,,,,,,,,,,,,,
24/02/2024 09:00:00,0,123,,,,,,,,,,,,,,,,,,
24/02/2024 08:45:00,0,123,,,,,,,,,,,,,,,,,,
24/02/2024 08:30:00,0,123,,,,,,,,,,,,,,,,,,
24/02/2024 08:15:00,0,124,,,,,,,,,,,,,,,,,,
24/02/2024 08:00:00,0,124,,,,,,,,,,,,,,,,,,
24/02/2024 07:45:00,0,124,,,,,,,,,,,,,,,,,,
24/02/2024 07:30:00,0,124,,,,,,,,,,,,,,,,,,
24/02/2024 07:15:00,0,124,,,,,,,,,,,,,,,,,,
24/02/2024 07:00:00,0,124,,,,,,,,,,,,,,,,,,
24/02/2024 06:45:00,0,124,,,,,,,,,,,,,,,,,,
24/02/2024 06:30:00,0,124,,,,,,,,,,,,,,,,,,
24/02/2024 06:15:00,0,124,,,,,,,,,,,,,,,,,,
24/02/2024 06:00:00,0,124,,,,,,,,,,,,,,,,,,
24/02/2024 05:45:00,0,124,,,,,,,,,,,,,,,,,,
24/02/2024 05:30:00,0,125,,,,,,,,,,,,,,,,,,
24/02/2024 05:15:00,0,125,,,,,,,,,,,,,,,,,,
24/02/2024 05:00:00,0,125,,,,,,,,,,,,,,,,,,
24/02/2024 04:45:00,0,125,,,,,,,,,,,,,,,,,,
24/02/2024 04:30:00,0,125,,,,,,,,,,,,,,,,,,
24/02/2024 04:15:00,0,125,,,,,,,,,,,,,,,,,,
24/02/2024 04:00:00,0,125,,,,,,,,,,,,,,,,,,
24/02/2024 03:45:00,0,125,,,,,,,,,,,,,,,,,,
24/02/2024 03:30:00,0,125,,,,,,,,,,,,,,,,,,
24/02/2024 03:15:00,0,126,,,,,,,,,,,,,,,,,,
24/02/2024 03:00:00,0,126,,,,,,,,,,,,,,,,,,
24/02/2024 02:45:00,0,126,,,,,,,,,,,,,,,,,,
24/02/2024 02:30:00,0,126,,,,,,,,,,,,,,,,,,
24/02/2024 02:15:00,0,126,,,,,,,,,,,,,,,,,,
24/02/2024 02:00:00,0,126,,,,,,,,,,,,,,,,,,
24/02/2024 01:45:00,0,126,,,,,,,,,,,,,,,,,,
24/02/2024 01:30:00,0,127,,,,,,,,,,,,,,,,,,
24/02/2024 01:15:00,0,126,,,,,,,,,,,,,,,,,,
24/02/2024 01:00:00,0,127,,,,,,,,,,,,,,,,,,
24/02/2024 00:45:00,0,127,,,,,,,,,,,,,,,,,,
24/02/2024 00:30:00,0,127,,,,,,,,,,,,,,,,,,
24/02/2024 00:15:00,0,127,,,,,,,,,,,,,,,,,,
24/02/2024 00:00:00,0,127,,,,,,,,,,,,,,,,,,
23/02/2024 23:45:00,0,127,,,,,,,,,,,,,,,,,,
23/02/2024 23:30:00,0,127,,,,,,,,,,,,,,,,,,
23/02/2024 23:15:00,0,127,,,,,,,,,,,,,,,,,,
23/02/2024 23:00:00,0,128,,,,,,,,,,,,,,,,,,
23/02/2024 22:45:00,0,128,,,,,,,,,,,,,,,,,,
23/02/2024 22:30:00,0,128,,,,,,,,,,,,,,,,,,
23/02/2024 22:15:00,0,128,,,,,,,,,,,,,,,,,,
23/02/2024 22:00:00,0,128,,,,,,,,,,,,,,,,,,
23/02/2024 21:45:00,0,128,,,,,,,,,,,,,,,,,,
23/02/2024 21:30:00,0,129,,,,,,,,,,,,,,,,,,
23/02/2024 21:15:00,0,128,,,,,,,,,,,,,,,,,,
23/02/2024 21:00:00,0,129,,,,,,,,,,,,,,,,,,
23/02/2024 20:45:00,0,129,,,,,,,,,,,,,,,,,,
23/02/2024 20:30:00,0,129,,,,,,,,,,,,,,,,,,
23/02/2024 20:15:00,0,129,,,,,,,,,,,,,,,,,,
23/02/2024 20:00:00,0,129,,,,,,,,,,,,,,,,,,
23/02/2024 19:45:00,0,129,,,,,,,,,,,,,,,,,,
23/02/2024 19:30:00,0,129,,,,,,,,,,,,,,,,,,
23/02/2024 19:15:00,0,129,,,,,,,,,,,,,,,,,,
23/02/2024 19:00:00,0,129,,,,,,,,,,,,,,,,,,
23/02/2024 18:45:00,0,129,,,,,,,,,,,,,,,,,,
23/02/2024 18:30:00,0,129,,,,,,,,,,,,,,,,,,
23/02/2024 18:15:00,0,129,,,,,,,,,,,,,,,,,,
23/02/2024 18:00:00,0,129,,,,,,,,,,,,,,,,,,
23/02/2024 17:45:00,0,129,,,,,,,,,,,,,,,,,,
23/02/2024 17:30:00,0,130,,,,,,,,,,,,,,,,,,
23/02/2024 17:15:00,0,130,,,,,,,,,,,,,,,,,,
23/02/2024 17:00:00,0,130,,,,,,,,,,,,,,,,,,
23/02/2024 16:45:00,0,130,,,,,,,,,,,,,,,,,,
23/02/2024 16:30:00,0,130,,,,,,,,,,,,,,,,,,
23/02/2024 16:15:00,0,130,,,,,,,,,,,,,,,,,,
23/02/2024 16:00:00,0,130,,,,,,,,,,,,,,,,,,
23/02/2024 15:45:00,0,131,,,,,,,,,,,,,,,,,,
23/02/2024 15:30:00,0,131,,,,,,,,,,,,,,,,,,
23/02/2024 15:15:00,0,131,,,,,,,,,,,,,,,,,,
23/02/2024 15:00:00,0,131,,,,,,,,,,,,,,,,,,
23/02/2024 14:45:00,0,131,,,,,,,,,,,,,,,,,,
23/02/2024 14:30:00,0,131,,,,,,,,,,,,,,,,,,
23/02/2024 14:15:00,0,131,,,,,,,,,,,,,,,,,,
23/02/2024 14:00:00,0,131,,,,,,,,,,,,,,,,,,
23/02/2024 13:45:00,0,131,,,,,,,,,,,,,,,,,,
23/02/2024 13:30:00,0,131,,,,,,,,,,,,,,,,,,
23/02/2024 13:15:00,0,132,,,,,,,,,,,,,,,,,,
23/02/2024 13:00:00,0,132,,,,,,,,,,,,,,,,,,
23/02/2024 12:45:00,0,132,,,,,,,,,,,,,,,,,,
23/02/2024 12:30:00,0,132,,,,,,,,,,,,,,,,,,
23/02/2024 12:15:00,0,132,,,,,,,,,,,,,,,,,,
23/02/2024 12:00:00,0,132,,,,,,,,,,,,,,,,,,
23/02/2024 11:45:00,0,132,,,,,,,,,,,,,,,,,,
23/02/2024 11:30:00,0,132,,,,,,,,,,,,,,,,,,
23/02/2024 11:15:00,0,133,,,,,,,,,,,,,,,,,,
23/02/2024 11:00:00,0,133,,,,,,,,,,,,,,,,,,
23/02/2024 10:45:00,0,133,,,,,,,,,,,,,,,,,,
23/02/2024 10:30:00,0,133,,,,,,,,,,,,,,,,,,
23/02/2024 10:15:00,0,133,,,,,,,,,,,,,,,,,,
23/02/2024 10:00:00,0,134,,,,,,,,,,,,,,,,,,
23/02/2024 09:45:00,0,133,,,,,,,,,,,,,,,,,,
23/02/2024 09:30:00,0,133,,,,,,,,,,,,,,,,,,
23/02/2024 09:15:00,0,134,,,,,,,,,,,,,,,,,,
23/02/2024 09:00:00,0,134,,,,,,,,,,,,,,,,,,
23/02/2024 08:45:00,0,134,,,,,,,,,,,,,,,,,,
23/02/2024 08:30:00,0,134,,,,,,,,,,,,,,,,,,
23/02/2024 08:15:00,0,134,,,,,,,,,,,,,,,,,,
23/02/2024 08:00:00,0,134,,,,,,,,,,,,,,,,,,
23/02/2024 07:45:00,0,134,,,,,,,,,,,,,,,,,,
23/02/2024 07:30:00,0,134,,,,,,,,,,,,,,,,,,
23/02/2024 07:15:00,0,134,,,,,,,,,,,,,,,,,,
23/02/2024 07:00:00,0,135,,,,,,,,,,,,,,,,,,
23/02/2024 06:45:00,0,135,,,,,,,,,,,,,,,,,,
23/02/2024 06:30:00,0,135,,,,,,,,,,,,,,,,,,
23/02/2024 06:15:00,0,135,,,,,,,,,,,,,,,,,,
23/02/2024 06:00:00,0,135,,,,,,,,,,,,,,,,,,
23/02/2024 05:45:00,0,135,,,,,,,,,,,,,,,,,,
23/02/2024 05:30:00,0,135,,,,,,,,,,,,,,,,,,
23/02/2024 05:15:00,0,136,,,,,,,,,,,,,,,,,,
23/02/2024 05:00:00,0,136,,,,,,,,,,,,,,,,,,
23/02/2024 04:45:00,0,136,,,,,,,,,,,,,,,,,,
23/02/2024 04:30:00,0,136,,,,,,,,,,,,,,,,,,
23/02/2024 04:15:00,0,136,,,,,,,,,,,,,,,,,,
23/02/2024 04:00:00,0,136,,,,,,,,,,,,,,,,,,
23/02/2024 03:45:00,0,136,,,,,,,,,,,,,,,,,,
23/02/2024 03:30:00,0,136,,,,,,,,,,,,,,,,,,
23/02/2024 03:15:00,0,136,,,,,,,,,,,,,,,,,,
23/02/2024 03:00:00,0,136,,,,,,,,,,,,,,,,,,
23/02/2024 02:45:00,0,136,,,,,,,,,,,,,,,,,,
23/02/2024 02:30:00,0,136,,,,,,,,,,,,,,,,,,
23/02/2024 02:15:00,0,137,,,,,,,,,,,,,,,,,,
23/02/2024 02:00:00,0,137,,,,,,,,,,,,,,,,,,
23/02/2024 01:45:00,0,137,,,,,,,,,,,,,,,,,,
23/02/2024 01:30:00,0,137,,,,,,,,,,,,,,,,,,
23/02/2024 01:15:00,0,137,,,,,,,,,,,,,,,,,,
23/02/2024 01:00:00,0,137,,,,,,,,,,,,,,,,,,
23/02/2024 00:45:00,0,137,,,,,,,,,,,,,,,,,,
23/02/2024 00:30:00,0,138,,,,,,,,,,,,,,,,,,
23/02/2024 00:15:00,0,138,,,,,,,,,,,,,,,,,,
23/02/2024 00:00:00,0,138,,,,,,,,,,,,,,,,,,
22/02/2024 23:45:00,0,138,,,,,,,,,,,,,,,,,,
22/02/2024 23:30:00,0,138,,,,,,,,,,,,,,,,,,
22/02/2024 23:15:00,0,138,,,,,,,,,,,,,,,,,,
22/02/2024 23:00:00,0,138,,,,,,,,,,,,,,,,,,
22/02/2024 22:45:00,0,138,,,,,,,,,,,,,,,,,,
22/02/2024 21:30:00,0,139,,,,,,,,,,,,,,,,,,
22/02/2024 21:15:00,0,139,,,,,,,,,,,,,,,,,,
22/02/2024 21:00:00,0,139,,,,,,,,,,,,,,,,,,
22/02/2024 20:45:00,0,139,,,,,,,,,,,,,,,,,,
22/02/2024 20:30:00,0,139,,,,,,,,,,,,,,,,,,
22/02/2024 20:15:00,0,139,,,,,,,,,,,,,,,,,,
22/02/2024 20:00:00,0,140,,,,,,,,,,,,,,,,,,
22/02/2024 19:45:00,0,140,,,,,,,,,,,,,,,,,,
22/02/2024 19:30:00,0,140,,,,,,,,,,,,,,,,,,
22/02/2024 19:15:00,0,140,,,,,,,,,,,,,,,,,,
22/02/2024 19:00:00,0,140,,,,,,,,,,,,,,,,,,
22/02/2024 18:45:00,0,140,,,,,,,,,,,,,,,,,,
22/02/2024 18:30:00,0,140,,,,,,,,,,,,,,,,,,
22/02/2024 18:15:00,0,141,,,,,,,,,,,,,,,,,,
22/02/2024 18:00:00,0,141,,,,,,,,,,,,,,,,,,
22/02/2024 17:45:00,0,141,,,,,,,,,,,,,,,,,,
22/02/2024 17:30:00,0,141,,,,,,,,,,,,,,,,,,
22/02/2024 17:15:00,0,141,,,,,,,,,,,,,,,,,,
22/02/2024 17:00:00,0,142,,,,,,,,,,,,,,,,,,
22/02/2024 16:45:00,0,142,,,,,,,,,,,,,,,,,,
22/02/2024 16:30:00,0,142,,,,,,,,,,,,,,,,,,
22/02/2024 16:15:00,0,142,,,,,,,,,,,,,,,,,,
22/02/2024 16:00:00,0,142,,,,,,,,,,,,,,,,,,
22/02/2024 15:45:00,0,143,,,,,,,,,,,,,,,,,,
22/02/2024 15:30:00,0,143,,,,,,,,,,,,,,,,,,
22/02/2024 15:15:00,0,143,,,,,,,,,,,,,,,,,,
22/02/2024 15:00:00,0,143,,,,,,,,,,,,,,,,,,
22/02/2024 14:45:00,0,143,,,,,,,,,,,,,,,,,,
22/02/2024 14:30:00,0,144,,,,,,,,,,,,,,,,,,
22/02/2024 14:15:00,0,144,,,,,,,,,,,,,,,,,,
22/02/2024 14:00:00,0,144,,,,,,,,,,,,,,,,,,
22/02/2024 13:45:00,0,144,,,,,,,,,,,,,,,,,,
22/02/2024 13:30:00,0,144,,,,,,,,,,,,,,,,,,
22/02/2024 13:15:00,0,145,,,,,,,,,,,,,,,,,,
22/02/2024 13:00:00,0,145,,,,,,,,,,,,,,,,,,
22/02/2024 12:45:00,0,145,,,,,,,,,,,,,,,,,,
22/02/2024 12:30:00,0,145,,,,,,,,,,,,,,,,,,
22/02/2024 12:15:00,0,146,,,,,,,,,,,,,,,,,,
22/02/2024 12:00:00,0,145,,,,,,,,,,,,,,,,,,
22/02/2024 11:45:00,0,146,,,,,,,,,,,,,,,,,,
22/02/2024 11:30:00,0,146,,,,,,,,,,,,,,,,,,
22/02/2024 11:15:00,0,146,,,,,,,,,,,,,,,,,,
22/02/2024 11:00:00,0,147,,,,,,,,,,,,,,,,,,
22/02/2024 10:45:00,0,147,,,,,,,,,,,,,,,,,,
22/02/2024 10:30:00,0,147,,,,,,,,,,,,,,,,,,
22/02/2024 10:15:00,0,147,,,,,,,,,,,,,,,,,,
22/02/2024 10:00:00,0,148,,,,,,,,,,,,,,,,,,
22/02/2024 09:45:00,0,148,,,,,,,,,,,,,,,,,,
22/02/2024 09:30:00,0,148,,,,,,,,,,,,,,,,,,
22/02/2024 09:15:00,0,148,,,,,,,,,,,,,,,,,,
22/02/2024 09:00:00,0,149,,,,,,,,,,,,,,,,,,
22/02/2024 08:45:00,0,149,,,,,,,,,,,,,,,,,,
22/02/2024 08:30:00,0,149,,,,,,,,,,,,,,,,,,
22/02/2024 08:15:00,0,149,,,,,,,,,,,,,,,,,,
22/02/2024 08:00:00,0,149,,,,,,,,,,,,,,,,,,
22/02/2024 07:45:00,0,150,,,,,,,,,,,,,,,,,,
22/02/2024 07:30:00,0,150,,,,,,,,,,,,,,,,,,
22/02/2024 07:15:00,0,150,,,,,,,,,,,,,,,,,,
22/02/2024 07:00:00,0,150,,,,,,,,,,,,,,,,,,
22/02/2024 06:45:00,0,151,,,,,,,,,,,,,,,,,,
22/02/2024 06:30:00,0,151,,,,,,,,,,,,,,,,,,
22/02/2024 06:15:00,0,151,,,,,,,,,,,,,,,,,,
22/02/2024 06:00:00,0,151,,,,,,,,,,,,,,,,,,
22/02/2024 05:45:00,0,152,,,,,,,,,,,,,,,,,,
22/02/2024 05:30:00,0,152,,,,,,,,,,,,,,,,,,
22/02/2024 05:15:00,0,152,,,,,,,,,,,,,,,,,,
22/02/2024 05:00:00,0,152,,,,,,,,,,,,,,,,,,
22/02/2024 04:45:00,0,153,,,,,,,,,,,,,,,,,,
22/02/2024 04:30:00,0,153,,,,,,,,,,,,,,,,,,
22/02/2024 04:15:00,0,153,,,,,,,,,,,,,,,,,,
22/02/2024 04:00:00,0,153,,,,,,,,,,,,,,,,,,
22/02/2024 03:45:00,0,153,,,,,,,,,,,,,,,,,,
22/02/2024 03:30:00,0,154,,,,,,,,,,,,,,,,,,
22/02/2024 03:15:00,0,153,,,,,,,,,,,,,,,,,,
22/02/2024 03:00:00,0,154,,,,,,,,,,,,,,,,,,
22/02/2024 02:45:00,0,154,,,,,,,,,,,,,,,,,,
22/02/2024 02:30:00,0,154,,,,,,,,,,,,,,,,,,
22/02/2024 02:15:00,0,154,,,,,,,,,,,,,,,,,,
22/02/2024 02:00:00,0,154,,,,,,,,,,,,,,,,,,
22/02/2024 01:45:00,0,154,,,,,,,,,,,,,,,,,,
22/02/2024 01:30:00,0,154,,,,,,,,,,,,,,,,,,
22/02/2024 01:15:00,0,155,,,,,,,,,,,,,,,,,,
22/02/2024 01:00:00,0,154,,,,,,,,,,,,,,,,,,
22/02/2024 00:45:00,0,155,,,,,,,,,,,,,,,,,,
22/02/2024 00:30:00,0,155,,,,,,,,,,,,,,,,,,
22/02/2024 00:15:00,0,155,,,,,,,,,,,,,,,,,,
22/02/2024 00:00:00,0,155,,,,,,,,,,,,,,,,,,
21/02/2024 23:45:00,0,155,,,,,,,,,,,,,,,,,,
21/02/2024 23:30:00,0,155,,,,,,,,,,,,,,,,,,
21/02/2024 23:15:00,0,155,,,,,,,,,,,,,,,,,,
21/02/2024 23:00:00,0,155,,,,,,,,,,,,,,,,,,
21/02/2024 22:45:00,0,155,,,,,,,,,,,,,,,,,,
21/02/2024 22:30:00,0,156,,,,,,,,,,,,,,,,,,
21/02/2024 22:15:00,0,156,,,,,,,,,,,,,,,,,,
21/02/2024 22:00:00,0,156,,,,,,,,,,,,,,,,,,
21/02/2024 21:45:00,0,156,,,,,,,,,,,,,,,,,,
21/02/2024 21:30:00,0,157,,,,,,,,,,,,,,,,,,
21/02/2024 21:15:00,0,157,,,,,,,,,,,,,,,,,,
21/02/2024 21:00:00,0,157,,,,,,,,,,,,,,,,,,
21/02/2024 20:45:00,0,157,,,,,,,,,,,,,,,,,,
21/02/2024 20:30:00,0,158,,,,,,,,,,,,,,,,,,
21/02/2024 20:15:00,0,158,,,,,,,,,,,,,,,,,,
21/02/2024 20:00:00,0,158,,,,,,,,,,,,,,,,,,
21/02/2024 19:45:00,0,158,,,,,,,,,,,,,,,,,,
21/02/2024 19:30:00,0,159,,,,,,,,,,,,,,,,,,
21/02/2024 19:15:00,0,159,,,,,,,,,,,,,,,,,,
21/02/2024 19:00:00,0,159,,,,,,,,,,,,,,,,,,
21/02/2024 18:45:00,0,159,,,,,,,,,,,,,,,,,,
21/02/2024 18:30:00,0,159,,,,,,,,,,,,,,,,,,
21/02/2024 18:15:00,0,160,,,,,,,,,,,,,,,,,,
21/02/2024 18:00:00,0,160,,,,,,,,,,,,,,,,,,
21/02/2024 17:45:00,0,160,,,,,,,,,,,,,,,,,,
21/02/2024 17:30:00,0,160,,,,,,,,,,,,,,,,,,
21/02/2024 17:15:00,0,160,,,,,,,,,,,,,,,,,,
21/02/2024 17:00:00,0,161,,,,,,,,,,,,,,,,,,
21/02/2024 16:45:00,0,161,,,,,,,,,,,,,,,,,,
21/02/2024 16:30:00,0,161,,,,,,,,,,,,,,,,,,
21/02/2024 16:15:00,0,161,,,,,,,,,,,,,,,,,,
21/02/2024 16:00:00,0,162,,,,,,,,,,,,,,,,,,
21/02/2024 15:45:00,0,162,,,,,,,,,,,,,,,,,,
21/02/2024 15:30:00,0,162,,,,,,,,,,,,,,,,,,
21/02/2024 15:15:00,0,162,,,,,,,,,,,,,,,,,,
21/02/2024 15:00:00,0,163,,,,,,,,,,,,,,,,,,
21/02/2024 14:45:00,0,163,,,,,,,,,,,,,,,,,,
21/02/2024 14:30:00,0,163,,,,,,,,,,,,,,,,,,
21/02/2024 14:15:00,0,163,,,,,,,,,,,,,,,,,,
21/02/2024 14:00:00,0,164,,,,,,,,,,,,,,,,,,
21/02/2024 13:45:00,0,164,,,,,,,,,,,,,,,,,,
21/02/2024 13:30:00,0,164,,,,,,,,,,,,,,,,,,
21/02/2024 13:15:00,0,164,,,,,,,,,,,,,,,,,,
21/02/2024 13:00:00,0,165,,,,,,,,,,,,,,,,,,
21/02/2024 12:45:00,0,165,,,,,,,,,,,,,,,,,,
21/02/2024 12:30:00,0,165,,,,,,,,,,,,,,,,,,
21/02/2024 12:15:00,0,166,,,,,,,,,,,,,,,,,,
21/02/2024 12:00:00,0,166,,,,,,,,,,,,,,,,,,
21/02/2024 11:45:00,0,166,,,,,,,,,,,,,,,,,,
21/02/2024 11:30:00,0,166,,,,,,,,,,,,,,,,,,
21/02/2024 11:15:00,0,166,,,,,,,,,,,,,,,,,,
21/02/2024 11:00:00,0,167,,,,,,,,,,,,,,,,,,
21/02/2024 10:45:00,0,167,,,,,,,,,,,,,,,,,,
21/02/2024 10:30:00,0,168,,,,,,,,,,,,,,,,,,
21/02/2024 10:15:00,0,167,,,,,,,,,,,,,,,,,,
21/02/2024 10:00:00,0,168,,,,,,,,,,,,,,,,,,
21/02/2024 09:45:00,0,169,,,,,,,,,,,,,,,,,,
21/02/2024 09:30:00,0,169,,,,,,,,,,,,,,,,,,
21/02/2024 09:15:00,0,169,,,,,,,,,,,,,,,,,,
21/02/2024 09:00:00,0,170,,,,,,,,,,,,,,,,,,
21/02/2024 08:45:00,0,170,,,,,,,,,,,,,,,,,,
21/02/2024 08:30:00,0,170,,,,,,,,,,,,,,,,,,
21/02/2024 08:15:00,0,171,,,,,,,,,,,,,,,,,,
21/02/2024 08:00:00,0,171,,,,,,,,,,,,,,,,,,
21/02/2024 07:45:00,0,172,,,,,,,,,,,,,,,,,,
21/02/2024 07:30:00,0,171,,,,,,,,,,,,,,,,,,
21/02/2024 07:15:00,0,172,,,,,,,,,,,,,,,,,,
21/02/2024 07:00:00,0,172,,,,,,,,,,,,,,,,,,
21/02/2024 06:45:00,0,173,,,,,,,,,,,,,,,,,,
21/02/2024 06:30:00,0,173,,,,,,,,,,,,,,,,,,
21/02/2024 06:15:00,0,174,,,,,,,,,,,,,,,,,,
21/02/2024 06:00:00,0,174,,,,,,,,,,,,,,,,,,
21/02/2024 05:45:00,0,175,,,,,,,,,,,,,,,,,,
21/02/2024 05:30:00,0,175,,,,,,,,,,,,,,,,,,
21/02/2024 05:15:00,0,175,,,,,,,,,,,,,,,,,,
21/02/2024 05:00:00,0,175,,,,,,,,,,,,,,,,,,
21/02/2024 04:45:00,0,176,,,,,,,,,,,,,,,,,,
21/02/2024 04:30:00,0,176,,,,,,,,,,,,,,,,,,
21/02/2024 04:15:00,0,177,,,,,,,,,,,,,,,,,,
21/02/2024 04:00:00,0,177,,,,,,,,,,,,,,,,,,
21/02/2024 03:45:00,0,177,,,,,,,,,,,,,,,,,,
21/02/2024 03:30:00,0,178,,,,,,,,,,,,,,,,,,
21/02/2024 03:15:00,0,178,,,,,,,,,,,,,,,,,,
21/02/2024 03:00:00,0,178,,,,,,,,,,,,,,,,,,
21/02/2024 02:45:00,0,179,,,,,,,,,,,,,,,,,,
21/02/2024 02:30:00,0,179,,,,,,,,,,,,,,,,,,
21/02/2024 02:15:00,0,179,,,,,,,,,,,,,,,,,,
21/02/2024 02:00:00,0,180,,,,,,,,,,,,,,,,,,
21/02/2024 01:45:00,0,180,,,,,,,,,,,,,,,,,,
21/02/2024 01:30:00,0,180,,,,,,,,,,,,,,,,,,
21/02/2024 01:15:00,0,180,,,,,,,,,,,,,,,,,,
21/02/2024 01:00:00,0,180,,,,,,,,,,,,,,,,,,
21/02/2024 00:45:00,0,181,,,,,,,,,,,,,,,,,,
21/02/2024 00:30:00,0,181,,,,,,,,,,,,,,,,,,
21/02/2024 00:15:00,0,182,,,,,,,,,,,,,,,,,,
21/02/2024 00:00:00,0,182,,,,,,,,,,,,,,,,,,
20/02/2024 23:45:00,0,182,,,,,,,,,,,,,,,,,,
20/02/2024 23:30:00,0,183,,,,,,,,,,,,,,,,,,
20/02/2024 23:15:00,0,183,,,,,,,,,,,,,,,,,,
20/02/2024 23:00:00,0,183,,,,,,,,,,,,,,,,,,
20/02/2024 22:45:00,0,183,,,,,,,,,,,,,,,,,,
20/02/2024 22:30:00,0,184,,,,,,,,,,,,,,,,,,
20/02/2024 22:15:00,0,184,,,,,,,,,,,,,,,,,,
20/02/2024 22:00:00,0,184,,,,,,,,,,,,,,,,,,
20/02/2024 21:45:00,0,185,,,,,,,,,,,,,,,,,,
20/02/2024 21:30:00,0,185,,,,,,,,,,,,,,,,,,
20/02/2024 21:15:00,0,185,,,,,,,,,,,,,,,,,,
20/02/2024 21:00:00,0,185,,,,,,,,,,,,,,,,,,
20/02/2024 20:45:00,0,186,,,,,,,,,,,,,,,,,,
20/02/2024 20:30:00,0,185,,,,,,,,,,,,,,,,,,
20/02/2024 20:15:00,0,186,,,,,,,,,,,,,,,,,,
20/02/2024 20:00:00,0,186,,,,,,,,,,,,,,,,,,
20/02/2024 19:45:00,0,187,,,,,,,,,,,,,,,,,,
20/02/2024 19:30:00,0,187,,,,,,,,,,,,,,,,,,
20/02/2024 19:15:00,0,187,,,,,,,,,,,,,,,,,,
20/02/2024 19:00:00,0,187,,,,,,,,,,,,,,,,,,
20/02/2024 18:45:00,0,188,,,,,,,,,,,,,,,,,,
20/02/2024 18:30:00,0,189,,,,,,,,,,,,,,,,,,
20/02/2024 18:15:00,0,188,,,,,,,,,,,,,,,,,,
20/02/2024 18:00:00,0,189,,,,,,,,,,,,,,,,,,
20/02/2024 17:45:00,0,189,,,,,,,,,,,,,,,,,,
20/02/2024 17:30:00,0,189,,,,,,,,,,,,,,,,,,
20/02/2024 17:15:00,0,190,,,,,,,,,,,,,,,,,,
20/02/2024 17:00:00,0,190,,,,,,,,,,,,,,,,,,
20/02/2024 16:45:00,0,190,,,,,,,,,,,,,,,,,,
20/02/2024 16:30:00,0,190,,,,,,,,,,,,,,,,,,
20/02/2024 16:15:00,0,191,,,,,,,,,,,,,,,,,,
20/02/2024 16:00:00,0,192,,,,,,,,,,,,,,,,,,
20/02/2024 15:45:00,0,192,,,,,,,,,,,,,,,,,,
20/02/2024 15:30:00,0,192,,,,,,,,,,,,,,,,,,
20/02/2024 15:15:00,0,192,,,,,,,,,,,,,,,,,,
20/02/2024 15:00:00,0,192,,,,,,,,,,,,,,,,,,
20/02/2024 14:45:00,0,194,,,,,,,,,,,,,,,,,,
20/02/2024 14:30:00,0,193,,,,,,,,,,,,,,,,,,
20/02/2024 14:15:00,0,194,,,,,,,,,,,,,,,,,,
20/02/2024 14:00:00,0,194,,,,,,,,,,,,,,,,,,
20/02/2024 13:45:00,0,194,,,,,,,,,,,,,,,,,,
20/02/2024 13:30:00,0,195,,,,,,,,,,,,,,,,,,
20/02/2024 13:15:00,0,196,,,,,,,,,,,,,,,,,,
20/02/2024 13:00:00,0,196,,,,,,,,,,,,,,,,,,
20/02/2024 12:45:00,0,196,,,,,,,,,,,,,,,,,,
20/02/2024 12:30:00,0,197,,,,,,,,,,,,,,,,,,
20/02/2024 12:15:00,0,197,,,,,,,,,,,,,,,,,,
20/02/2024 12:00:00,0,198,,,,,,,,,,,,,,,,,,
20/02/2024 11:45:00,0,199,,,,,,,,,,,,,,,,,,
20/02/2024 11:30:00,0,199,,,,,,,,,,,,,,,,,,
20/02/2024 11:15:00,0,200,,,,,,,,,,,,,,,,,,
20/02/2024 11:00:00,0,200,,,,,,,,,,,,,,,,,,
20/02/2024 10:45:00,0,201,,,,,,,,,,,,,,,,,,
20/02/2024 10:30:00,0,201,,,,,,,,,,,,,,,,,,
20/02/2024 10:15:00,0,202,,,,,,,,,,,,,,,,,,
20/02/2024 10:00:00,0,202,,,,,,,,,,,,,,,,,,
20/02/2024 09:45:00,0,203,,,,,,,,,,,,,,,,,,
20/02/2024 09:30:00,0,203,,,,,,,,,,,,,,,,,,
20/02/2024 09:15:00,0,204,,,,,,,,,,,,,,,,,,
20/02/2024 09:00:00,0,205,,,,,,,,,,,,,,,,,,
20/02/2024 08:45:00,0,205,,,,,,,,,,,,,,,,,,
20/02/2024 08:30:00,0,206,,,,,,,,,,,,,,,,,,
20/02/2024 08:15:00,0,206,,,,,,,,,,,,,,,,,,
20/02/2024 08:00:00,0,207,,,,,,,,,,,,,,,,,,
20/02/2024 07:45:00,0,208,,,,,,,,,,,,,,,,,,
20/02/2024 07:30:00,0,208,,,,,,,,,,,,,,,,,,
20/02/2024 07:15:00,0,209,,,,,,,,,,,,,,,,,,
20/02/2024 07:00:00,0,210,,,,,,,,,,,,,,,,,,
20/02/2024 06:45:00,0,210,,,,,,,,,,,,,,,,,,
20/02/2024 06:30:00,0,210,,,,,,,,,,,,,,,,,,
20/02/2024 06:15:00,0,211,,,,,,,,,,,,,,,,,,
20/02/2024 06:00:00,0,212,,,,,,,,,,,,,,,,,,
20/02/2024 05:45:00,0,212,,,,,,,,,,,,,,,,,,
20/02/2024 05:30:00,0,213,,,,,,,,,,,,,,,,,,
20/02/2024 05:15:00,0,213,,,,,,,,,,,,,,,,,,
20/02/2024 05:00:00,0,214,,,,,,,,,,,,,,,,,,
20/02/2024 04:45:00,0,215,,,,,,,,,,,,,,,,,,
20/02/2024 04:30:00,0,216,,,,,,,,,,,,,,,,,,
20/02/2024 04:15:00,0,216,,,,,,,,,,,,,,,,,,
20/02/2024 04:00:00,0,217,,,,,,,,,,,,,,,,,,
20/02/2024 03:45:00,0,218,,,,,,,,,,,,,,,,,,
20/02/2024 03:30:00,0,218,,,,,,,,,,,,,,,,,,
20/02/2024 03:15:00,0,219,,,,,,,,,,,,,,,,,,
20/02/2024 03:00:00,0,220,,,,,,,,,,,,,,,,,,
20/02/2024 02:45:00,0,220,,,,,,,,,,,,,,,,,,
20/02/2024 02:30:00,0,221,,,,,,,,,,,,,,,,,,
20/02/2024 02:15:00,0,221,,,,,,,,,,,,,,,,,,
20/02/2024 02:00:00,0,222,,,,,,,,,,,,,,,,,,
20/02/2024 01:45:00,0,223,,,,,,,,,,,,,,,,,,
20/02/2024 01:30:00,0,224,,,,,,,,,,,,,,,,,,
20/02/2024 01:15:00,0,224,,,,,,,,,,,,,,,,,,
20/02/2024 01:00:00,0,225,,,,,,,,,,,,,,,,,,
20/02/2024 00:45:00,0,226,,,,,,,,,,,,,,,,,,
20/02/2024 00:30:00,0,227,,,,,,,,,,,,,,,,,,
20/02/2024 00:15:00,0,227,,,,,,,,,,,,,,,,,,
20/02/2024 00:00:00,0,228,,,,,,,,,,,,,,,,,,
19/02/2024 23:45:00,0,229,,,,,,,,,,,,,,,,,,
19/02/2024 23:30:00,0,230,,,,,,,,,,,,,,,,,,
19/02/2024 23:15:00,0,230,,,,,,,,,,,,,,,,,,
19/02/2024 23:00:00,0,231,,,,,,,,,,,,,,,,,,
19/02/2024 22:45:00,0,232,,,,,,,,,,,,,,,,,,
19/02/2024 22:30:00,0,233,,,,,,,,,,,,,,,,,,
19/02/2024 22:15:00,0,233,,,,,,,,,,,,,,,,,,
19/02/2024 22:00:00,0,234,,,,,,,,,,,,,,,,,,
19/02/2024 21:45:00,0,235,,,,,,,,,,,,,,,,,,
19/02/2024 21:30:00,0,236,,,,,,,,,,,,,,,,,,
19/02/2024 21:15:00,0,237,,,,,,,,,,,,,,,,,,
19/02/2024 21:00:00,0,238,,,,,,,,,,,,,,,,,,
19/02/2024 20:45:00,0,239,,,,,,,,,,,,,,,,,,
19/02/2024 20:30:00,0,240,,,,,,,,,,,,,,,,,,
19/02/2024 20:15:00,0,241,,,,,,,,,,,,,,,,,,
19/02/2024 20:00:00,0,242,,,,,,,,,,,,,,,,,,
19/02/2024 19:45:00,0,243,,,,,,,,,,,,,,,,,,
19/02/2024 19:30:00,0,244,,,,,,,,,,,,,,,,,,
19/02/2024 19:15:00,0,244,,,,,,,,,,,,,,,,,,
19/02/2024 19:00:00,0,246,,,,,,,,,,,,,,,,,,
19/02/2024 18:45:00,0,247,,,,,,,,,,,,,,,,,,
19/02/2024 18:30:00,0,248,,,,,,,,,,,,,,,,,,
19/02/2024 18:15:00,0,249,,,,,,,,,,,,,,,,,,
19/02/2024 18:00:00,0,251,,,,,,,,,,,,,,,,,,
19/02/2024 17:45:00,0,251,,,,,,,,,,,,,,,,,,
19/02/2024 17:30:00,0,253,,,,,,,,,,,,,,,,,,
19/02/2024 17:15:00,0,253,,,,,,,,,,,,,,,,,,
19/02/2024 17:00:00,0,255,,,,,,,,,,,,,,,,,,
19/02/2024 16:45:00,0,257,,,,,,,,,,,,,,,,,,
19/02/2024 16:30:00,0,257,,,,,,,,,,,,,,,,,,
19/02/2024 16:15:00,0,258,,,,,,,,,,,,,,,,,,
19/02/2024 16:00:00,0,260,,,,,,,,,,,,,,,,,,
19/02/2024 15:45:00,0,261,,,,,,,,,,,,,,,,,,
19/02/2024 15:30:00,0,262,,,,,,,,,,,,,,,,,,
19/02/2024 15:15:00,0,264,,,,,,,,,,,,,,,,,,
19/02/2024 15:00:00,0,265,,,,,,,,,,,,,,,,,,
19/02/2024 14:45:00,0,266,,,,,,,,,,,,,,,,,,
19/02/2024 14:30:00,0,267,,,,,,,,,,,,,,,,,,
19/02/2024 14:15:00,0,268,,,,,,,,,,,,,,,,,,
19/02/2024 14:00:00,0,269,,,,,,,,,,,,,,,,,,
19/02/2024 13:45:00,0,270,,,,,,,,,,,,,,,,,,
19/02/2024 13:30:00,0,271,,,,,,,,,,,,,,,,,,
19/02/2024 13:15:00,0,272,,,,,,,,,,,,,,,,,,
19/02/2024 13:00:00,0,273,,,,,,,,,,,,,,,,,,
19/02/2024 12:45:00,0,273,,,,,,,,,,,,,,,,,,
19/02/2024 12:30:00,0,274,,,,,,,,,,,,,,,,,,
19/02/2024 12:15:00,0,274,,,,,,,,,,,,,,,,,,
19/02/2024 12:00:00,0,275,,,,,,,,,,,,,,,,,,
19/02/2024 11:45:00,0,275,,,,,,,,,,,,,,,,,,
19/02/2024 11:30:00,0,275,,,,,,,,,,,,,,,,,,
19/02/2024 11:15:00,0,275,,,,,,,,,,,,,,,,,,
19/02/2024 11:00:00,0,275,,,,,,,,,,,,,,,,,,
19/02/2024 10:45:00,0,275,,,,,,,,,,,,,,,,,,
19/02/2024 10:30:00,0,274,,,,,,,,,,,,,,,,,,
19/02/2024 10:15:00,0,273,,,,,,,,,,,,,,,,,,
19/02/2024 10:00:00,0,272,,,,,,,,,,,,,,,,,,
19/02/2024 09:45:00,0,272,,,,,,,,,,,,,,,,,,
19/02/2024 09:30:00,0,269,,,,,,,,,,,,,,,,,,
19/02/2024 09:15:00,0,269,,,,,,,,,,,,,,,,,,
19/02/2024 09:00:00,0,267,,,,,,,,,,,,,,,,,,
19/02/2024 08:45:00,0,265,,,,,,,,,,,,,,,,,,
19/02/2024 08:30:00,0,263,,,,,,,,,,,,,,,,,,
19/02/2024 08:15:00,0,262,,,,,,,,,,,,,,,,,,
19/02/2024 08:00:00,0,259,,,,,,,,,,,,,,,,,,
19/02/2024 07:45:00,0,256,,,,,,,,,,,,,,,,,,
19/02/2024 07:30:00,0,255,,,,,,,,,,,,,,,,,,
19/02/2024 07:15:00,0,252,,,,,,,,,,,,,,,,,,
19/02/2024 07:00:00,0,250,,,,,,,,,,,,,,,,,,
19/02/2024 06:45:00,0,248,,,,,,,,,,,,,,,,,,
19/02/2024 06:30:00,0,245,,,,,,,,,,,,,,,,,,
19/02/2024 06:15:00,0,242,,,,,,,,,,,,,,,,,,
19/02/2024 06:00:00,0,240,,,,,,,,,,,,,,,,,,
19/02/2024 05:45:00,0,238,,,,,,,,,,,,,,,,,,
19/02/2024 05:30:00,0,236,,,,,,,,,,,,,,,,,,
19/02/2024 05:15:00,0,234,,,,,,,,,,,,,,,,,,
19/02/2024 05:00:00,0,232,,,,,,,,,,,,,,,,,,
19/02/2024 04:45:00,0,230,,,,,,,,,,,,,,,,,,
19/02/2024 04:30:00,0,229,,,,,,,,,,,,,,,,,,
19/02/2024 04:15:00,0,227,,,,,,,,,,,,,,,,,,
19/02/2024 04:00:00,0,227,,,,,,,,,,,,,,,,,,
19/02/2024 03:45:00,0,225,,,,,,,,,,,,,,,,,,
19/02/2024 03:30:00,0,225,,,,,,,,,,,,,,,,,,
19/02/2024 03:15:00,0,225,,,,,,,,,,,,,,,,,,
19/02/2024 03:00:00,0,224,,,,,,,,,,,,,,,,,,
19/02/2024 02:45:00,0,224,,,,,,,,,,,,,,,,,,
19/02/2024 02:30:00,0,224,,,,,,,,,,,,,,,,,,
19/02/2024 02:15:00,0,225,,,,,,,,,,,,,,,,,,
19/02/2024 02:00:00,0,224,,,,,,,,,,,,,,,,,,
19/02/2024 01:45:00,0,225,,,,,,,,,,,,,,,,,,
19/02/2024 01:30:00,0,225,,,,,,,,,,,,,,,,,,
19/02/2024 01:15:00,0,224,,,,,,,,,,,,,,,,,,
19/02/2024 01:00:00,0,225,,,,,,,,,,,,,,,,,,
19/02/2024 00:45:00,0,225,,,,,,,,,,,,,,,,,,
19/02/2024 00:30:00,0,225,,,,,,,,,,,,,,,,,,
19/02/2024 00:15:00,0,225,,,,,,,,,,,,,,,,,,
19/02/2024 00:00:00,0,225,,,,,,,,,,,,,,,,,,
18/02/2024 23:45:00,0,225,,,,,,,,,,,,,,,,,,
18/02/2024 23:30:00,0,225,,,,,,,,,,,,,,,,,,
18/02/2024 23:15:00,0,225,,,,,,,,,,,,,,,,,,
18/02/2024 23:00:00,0,224,,,,,,,,,,,,,,,,,,
18/02/2024 22:45:00,0,225,,,,,,,,,,,,,,,,,,
18/02/2024 22:30:00,0,225,,,,,,,,,,,,,,,,,,
18/02/2024 22:15:00,0,225,,,,,,,,,,,,,,,,,,
18/02/2024 22:00:00,0,225,,,,,,,,,,,,,,,,,,
18/02/2024 21:45:00,0,226,,,,,,,,,,,,,,,,,,
18/02/2024 21:30:00,0,225,,,,,,,,,,,,,,,,,,
18/02/2024 21:15:00,0,226,,,,,,,,,,,,,,,,,,
18/02/2024 21:00:00,0,226,,,,,,,,,,,,,,,,,,
18/02/2024 20:45:00,0,226,,,,,,,,,,,,,,,,,,
18/02/2024 20:30:00,0,227,,,,,,,,,,,,,,,,,,
18/02/2024 20:15:00,0,228,,,,,,,,,,,,,,,,,,
18/02/2024 20:00:00,0.2,229,,,,,,,,,,,,,,,,,,
18/02/2024 19:45:00,0.2,229,,,,,,,,,,,,,,,,,,
18/02/2024 19:30:00,0.2,230,,,,,,,,,,,,,,,,,,
18/02/2024 19:15:00,0,231,,,,,,,,,,,,,,,,,,
18/02/2024 19:00:00,0,232,,,,,,,,,,,,,,,,,,
18/02/2024 18:45:00,0.6,233,,,,,,,,,,,,,,,,,,
18/02/2024 18:30:00,0,234,,,,,,,,,,,,,,,,,,
18/02/2024 18:15:00,0,235,,,,,,,,,,,,,,,,,,
18/02/2024 18:00:00,0,236,,,,,,,,,,,,,,,,,,
18/02/2024 17:45:00,0,236,,,,,,,,,,,,,,,,,,
18/02/2024 17:30:00,0,238,,,,,,,,,,,,,,,,,,
18/02/2024 17:15:00,0,238,,,,,,,,,,,,,,,,,,
18/02/2024 17:00:00,0,239,,,,,,,,,,,,,,,,,,
18/02/2024 16:45:00,0,240,,,,,,,,,,,,,,,,,,
18/02/2024 16:30:00,0,241,,,,,,,,,,,,,,,,,,
18/02/2024 16:15:00,0,241,,,,,,,,,,,,,,,,,,
18/02/2024 16:00:00,0,242,,,,,,,,,,,,,,,,,,
18/02/2024 15:45:00,0,243,,,,,,,,,,,,,,,,,,
18/02/2024 15:30:00,0,244,,,,,,,,,,,,,,,,,,
18/02/2024 15:15:00,0,244,,,,,,,,,,,,,,,,,,
18/02/2024 15:00:00,0,245,,,,,,,,,,,,,,,,,,
18/02/2024 14:45:00,0,245,,,,,,,,,,,,,,,,,,
18/02/2024 14:30:00,0,246,,,,,,,,,,,,,,,,,,
18/02/2024 14:15:00,0,246,,,,,,,,,,,,,,,,,,
18/02/2024 14:00:00,0,246,,,,,,,,,,,,,,,,,,
18/02/2024 13:45:00,0,246,,,,,,,,,,,,,,,,,,
18/02/2024 13:30:00,0,246,,,,,,,,,,,,,,,,,,
18/02/2024 13:15:00,0,245,,,,,,,,,,,,,,,,,,
18/02/2024 13:00:00,0,246,,,,,,,,,,,,,,,,,,
18/02/2024 12:45:00,0,245,,,,,,,,,,,,,,,,,,
18/02/2024 12:30:00,0,245,,,,,,,,,,,,,,,,,,
18/02/2024 12:15:00,0,244,,,,,,,,,,,,,,,,,,
18/02/2024 12:00:00,0,244,,,,,,,,,,,,,,,,,,
18/02/2024 11:45:00,0,243,,,,,,,,,,,,,,,,,,
18/02/2024 11:30:00,0,242,,,,,,,,,,,,,,,,,,
18/02/2024 11:15:00,0,241,,,,,,,,,,,,,,,,,,
18/02/2024 11:00:00,0,240,,,,,,,,,,,,,,,,,,
18/02/2024 10:45:00,0,238,,,,,,,,,,,,,,,,,,
18/02/2024 10:30:00,0,237,,,,,,,,,,,,,,,,,,
18/02/2024 10:15:00,0,235,,,,,,,,,,,,,,,,,,
18/02/2024 10:00:00,0,233,,,,,,,,,,,,,,,,,,
18/02/2024 09:45:00,0,232,,,,,,,,,,,,,,,,,,
18/02/2024 09:30:00,0,229,,,,,,,,,,,,,,,,,,
18/02/2024 09:15:00,0,227,,,,,,,,,,,,,,,,,,
18/02/2024 09:00:00,0,226,,,,,,,,,,,,,,,,,,
18/02/2024 08:45:00,0,223,,,,,,,,,,,,,,,,,,
18/02/2024 08:30:00,0,221,,,,,,,,,,,,,,,,,,
18/02/2024 08:15:00,0,219,,,,,,,,,,,,,,,,,,
18/02/2024 08:00:00,0,217,,,,,,,,,,,,,,,,,,
18/02/2024 07:45:00,0,215,,,,,,,,,,,,,,,,,,
18/02/2024 07:30:00,0,212,,,,,,,,,,,,,,,,,,
18/02/2024 07:15:00,0,211,,,,,,,,,,,,,,,,,,
18/02/2024 07:00:00,0,209,,,,,,,,,,,,,,,,,,
18/02/2024 06:45:00,0,207,,,,,,,,,,,,,,,,,,
18/02/2024 06:30:00,0,206,,,,,,,,,,,,,,,,,,
18/02/2024 06:15:00,0,205,,,,,,,,,,,,,,,,,,
18/02/2024 06:00:00,0,203,,,,,,,,,,,,,,,,,,
18/02/2024 05:45:00,0,203,,,,,,,,,,,,,,,,,,
18/02/2024 05:30:00,0,203,,,,,,,,,,,,,,,,,,
18/02/2024 05:15:00,0,203,,,,,,,,,,,,,,,,,,
18/02/2024 05:00:00,0,203,,,,,,,,,,,,,,,,,,
18/02/2024 04:45:00,0,203,,,,,,,,,,,,,,,,,,
18/02/2024 04:30:00,0,203,,,,,,,,,,,,,,,,,,
18/02/2024 04:15:00,0,204,,,,,,,,,,,,,,,,,,
18/02/2024 04:00:00,0,204,,,,,,,,,,,,,,,,,,
18/02/2024 03:45:00,0,204,,,,,,,,,,,,,,,,,,
18/02/2024 03:30:00,0,205,,,,,,,,,,,,,,,,,,
18/02/2024 03:15:00,0,205,,,,,,,,,,,,,,,,,,
18/02/2024 03:00:00,0,205,,,,,,,,,,,,,,,,,,
18/02/2024 02:45:00,0,206,,,,,,,,,,,,,,,,,,
18/02/2024 02:30:00,0,207,,,,,,,,,,,,,,,,,,
18/02/2024 02:15:00,0,207,,,,,,,,,,,,,,,,,,
18/02/2024 02:00:00,0,208,,,,,,,,,,,,,,,,,,
18/02/2024 01:45:00,0.2,209,,,,,,,,,,,,,,,,,,
18/02/2024 01:30:00,0,209,,,,,,,,,,,,,,,,,,
18/02/2024 01:15:00,0,210,,,,,,,,,,,,,,,,,,
18/02/2024 01:00:00,0,210,,,,,,,,,,,,,,,,,,
18/02/2024 00:45:00,0,211,,,,,,,,,,,,,,,,,,
18/02/2024 00:30:00,0,212,,,,,,,,,,,,,,,,,,
18/02/2024 00:15:00,0,213,,,,,,,,,,,,,,,,,,
18/02/2024 00:00:00,0,214,,,,,,,,,,,,,,,,,,
17/02/2024 23:45:00,0,214,,,,,,,,,,,,,,,,,,
17/02/2024 23:30:00,0,215,,,,,,,,,,,,,,,,,,
17/02/2024 23:15:00,0,216,,,,,,,,,,,,,,,,,,
17/02/2024 23:00:00,0,217,,,,,,,,,,,,,,,,,,
17/02/2024 22:45:00,0,217,,,,,,,,,,,,,,,,,,
17/02/2024 22:30:00,0,218,,,,,,,,,,,,,,,,,,
17/02/2024 22:15:00,0,220,,,,,,,,,,,,,,,,,,
17/02/2024 22:00:00,0,220,,,,,,,,,,,,,,,,,,
17/02/2024 21:45:00,0,221,,,,,,,,,,,,,,,,,,
17/02/2024 21:30:00,0,222,,,,,,,,,,,,,,,,,,
17/02/2024 21:15:00,0,223,,,,,,,,,,,,,,,,,,
17/02/2024 21:00:00,0,224,,,,,,,,,,,,,,,,,,
17/02/2024 20:45:00,0,225,,,,,,,,,,,,,,,,,,
17/02/2024 20:30:00,0,226,,,,,,,,,,,,,,,,,,
17/02/2024 20:15:00,0,227,,,,,,,,,,,,,,,,,,
17/02/2024 20:00:00,0,228,,,,,,,,,,,,,,,,,,
17/02/2024 19:45:00,0,230,,,,,,,,,,,,,,,,,,
17/02/2024 19:30:00,0,230,,,,,,,,,,,,,,,,,,
17/02/2024 19:15:00,0,231,,,,,,,,,,,,,,,,,,
17/02/2024 19:00:00,0,233,,,,,,,,,,,,,,,,,,
17/02/2024 18:45:00,0,234,,,,,,,,,,,,,,,,,,
17/02/2024 18:30:00,0,235,,,,,,,,,,,,,,,,,,
17/02/2024 18:15:00,0,236,,,,,,,,,,,,,,,,,,
17/02/2024 18:00:00,0,237,,,,,,,,,,,,,,,,,,
17/02/2024 17:45:00,0,239,,,,,,,,,,,,,,,,,,
17/02/2024 17:30:00,0.2,240,,,,,,,,,,,,,,,,,,
17/02/2024 17:15:00,0.2,242,,,,,,,,,,,,,,,,,,
17/02/2024 17:00:00,0.8,243,,,,,,,,,,,,,,,,,,
17/02/2024 16:45:00,1.4,244,,,,,,,,,,,,,,,,,,
17/02/2024 16:30:00,0.4,245,,,,,,,,,,,,,,,,,,
17/02/2024 16:15:00,0,246,,,,,,,,,,,,,,,,,,
17/02/2024 16:00:00,0.8,248,,,,,,,,,,,,,,,,,,
17/02/2024 15:45:00,0,249,,,,,,,,,,,,,,,,,,
17/02/2024 15:30:00,0,250,,,,,,,,,,,,,,,,,,
17/02/2024 15:15:00,0,252,,,,,,,,,,,,,,,,,,
17/02/2024 15:00:00,0,254,,,,,,,,,,,,,,,,,,
17/02/2024 14:45:00,0,255,,,,,,,,,,,,,,,,,,
17/02/2024 14:30:00,0,256,,,,,,,,,,,,,,,,,,
17/02/2024 14:15:00,0,257,,,,,,,,,,,,,,,,,,
17/02/2024 14:00:00,0,259,,,,,,,,,,,,,,,,,,
17/02/2024 13:45:00,0,260,,,,,,,,,,,,,,,,,,
17/02/2024 13:30:00,0,261,,,,,,,,,,,,,,,,,,
17/02/2024 13:15:00,0,262,,,,,,,,,,,,,,,,,,
17/02/2024 13:00:00,0,264,,,,,,,,,,,,,,,,,,
17/02/2024 12:45:00,0,265,,,,,,,,,,,,,,,,,,
17/02/2024 12:30:00,0,266,,,,,,,,,,,,,,,,,,
17/02/2024 12:15:00,0,267,,,,,,,,,,,,,,,,,,
17/02/2024 12:00:00,0,268,,,,,,,,,,,,,,,,,,
17/02/2024 11:45:00,0,268,,,,,,,,,,,,,,,,,,
17/02/2024 11:30:00,0,270,,,,,,,,,,,,,,,,,,
17/02/2024 11:15:00,0,271,,,,,,,,,,,,,,,,,,
17/02/2024 11:00:00,0,271,,,,,,,,,,,,,,,,,,
17/02/2024 10:45:00,0,273,,,,,,,,,,,,,,,,,,
17/02/2024 10:30:00,0,273,,,,,,,,,,,,,,,,,,
17/02/2024 10:15:00,0,274,,,,,,,,,,,,,,,,,,
17/02/2024 10:00:00,0,274,,,,,,,,,,,,,,,,,,
17/02/2024 09:45:00,0,275,,,,,,,,,,,,,,,,,,
17/02/2024 09:30:00,0,276,,,,,,,,,,,,,,,,,,
17/02/2024 09:15:00,0,277,,,,,,,,,,,,,,,,,,
17/02/2024 09:00:00,0,278,,,,,,,,,,,,,,,,,,
17/02/2024 08:45:00,0,278,,,,,,,,,,,,,,,,,,
17/02/2024 08:30:00,0,279,,,,,,,,,,,,,,,,,,
17/02/2024 08:15:00,0,280,,,,,,,,,,,,,,,,,,
17/02/2024 08:00:00,0,280,,,,,,,,,,,,,,,,,,
17/02/2024 07:45:00,0,281,,,,,,,,,,,,,,,,,,
17/02/2024 07:30:00,0,282,,,,,,,,,,,,,,,,,,
17/02/2024 07:15:00,0,282,,,,,,,,,,,,,,,,,,
17/02/2024 07:00:00,0,283,,,,,,,,,,,,,,,,,,
17/02/2024 06:45:00,0,284,,,,,,,,,,,,,,,,,,
17/02/2024 06:30:00,0,285,,,,,,,,,,,,,,,,,,
17/02/2024 06:15:00,0,285,,,,,,,,,,,,,,,,,,
17/02/2024 06:00:00,0,286,,,,,,,,,,,,,,,,,,
17/02/2024 05:45:00,0,287,,,,,,,,,,,,,,,,,,
17/02/2024 05:30:00,0.2,288,,,,,,,,,,,,,,,,,,
17/02/2024 05:15:00,0,289,,,,,,,,,,,,,,,,,,
17/02/2024 05:00:00,0,290,,,,,,,,,,,,,,,,,,
17/02/2024 04:45:00,0,291,,,,,,,,,,,,,,,,,,
17/02/2024 04:30:00,0,292,,,,,,,,,,,,,,,,,,
17/02/2024 04:15:00,0,292,,,,,,,,,,,,,,,,,,
17/02/2024 04:00:00,0,294,,,,,,,,,,,,,,,,,,
17/02/2024 03:45:00,0,294,,,,,,,,,,,,,,,,,,
17/02/2024 03:30:00,0,295,,,,,,,,,,,,,,,,,,
17/02/2024 03:15:00,0,296,,,,,,,,,,,,,,,,,,
17/02/2024 03:00:00,0,297,,,,,,,,,,,,,,,,,,
17/02/2024 02:45:00,0,297,,,,,,,,,,,,,,,,,,
17/02/2024 02:30:00,0,298,,,,,,,,,,,,,,,,,,
17/02/2024 02:15:00,0,298,,,,,,,,,,,,,,,,,,
17/02/2024 02:00:00,0,298,,,,,,,,,,,,,,,,,,
17/02/2024 01:45:00,0,299,,,,,,,,,,,,,,,,,,
17/02/2024 01:30:00,0,299,,,,,,,,,,,,,,,,,,
17/02/2024 01:15:00,0,299,,,,,,,,,,,,,,,,,,
17/02/2024 01:00:00,0,298,,,,,,,,,,,,,,,,,,
17/02/2024 00:45:00,0,299,,,,,,,,,,,,,,,,,,
17/02/2024 00:30:00,0,298,,,,,,,,,,,,,,,,,,
17/02/2024 00:15:00,0,297,,,,,,,,,,,,,,,,,,
17/02/2024 00:00:00,0,297,,,,,,,,,,,,,,,,,,
16/02/2024 23:45:00,0,296,,,,,,,,,,,,,,,,,,
16/02/2024 23:30:00,0,295,,,,,,,,,,,,,,,,,,
16/02/2024 23:15:00,0,294,,,,,,,,,,,,,,,,,,
16/02/2024 23:00:00,0,292,,,,,,,,,,,,,,,,,,
16/02/2024 22:45:00,0,290,,,,,,,,,,,,,,,,,,
16/02/2024 22:30:00,0,288,,,,,,,,,,,,,,,,,,
16/02/2024 22:15:00,0,285,,,,,,,,,,,,,,,,,,
16/02/2024 22:00:00,0,283,,,,,,,,,,,,,,,,,,
16/02/2024 21:45:00,0,280,,,,,,,,,,,,,,,,,,
16/02/2024 20:30:00,0,259,,,,,,,,,,,,,,,,,,
16/02/2024 20:15:00,0,254,,,,,,,,,,,,,,,,,,
16/02/2024 20:00:00,0,250,,,,,,,,,,,,,,,,,,
16/02/2024 19:45:00,0,244,,,,,,,,,,,,,,,,,,
16/02/2024 19:30:00,0,238,,,,,,,,,,,,,,,,,,
16/02/2024 19:15:00,0,232,,,,,,,,,,,,,,,,,,
16/02/2024 19:00:00,0,227,,,,,,,,,,,,,,,,,,
16/02/2024 18:45:00,0,221,,,,,,,,,,,,,,,,,,
16/02/2024 18:30:00,0,216,,,,,,,,,,,,,,,,,,
16/02/2024 18:15:00,0,211,,,,,,,,,,,,,,,,,,
16/02/2024 18:00:00,0,206,,,,,,,,,,,,,,,,,,
16/02/2024 17:45:00,0,202,,,,,,,,,,,,,,,,,,
16/02/2024 17:30:00,0,197,,,,,,,,,,,,,,,,,,
16/02/2024 17:15:00,0,193,,,,,,,,,,,,,,,,,,
16/02/2024 17:00:00,0,189,,,,,,,,,,,,,,,,,,
16/02/2024 16:45:00,0,185,,,,,,,,,,,,,,,,,,
16/02/2024 16:30:00,0,181,,,,,,,,,,,,,,,,,,
16/02/2024 16:15:00,0,178,,,,,,,,,,,,,,,,,,
16/02/2024 16:00:00,0,174,,,,,,,,,,,,,,,,,,
16/02/2024 15:45:00,0,171,,,,,,,,,,,,,,,,,,
16/02/2024 15:30:00,0,168,,,,,,,,,,,,,,,,,,
16/02/2024 15:15:00,0,165,,,,,,,,,,,,,,,,,,
16/02/2024 15:00:00,0,162,,,,,,,,,,,,,,,,,,
16/02/2024 14:45:00,0.4,159,,,,,,,,,,,,,,,,,,
16/02/2024 14:30:00,3.2,156,,,,,,,,,,,,,,,,,,
16/02/2024 14:15:00,4.4,153,,,,,,,,,,,,,,,,,,
16/02/2024 14:00:00,0.8,151,,,,,,,,,,,,,,,,,,
16/02/2024 13:45:00,2.4,149,,,,,,,,,,,,,,,,,,
16/02/2024 13:30:00,1.6,147,,,,,,,,,,,,,,,,,,
16/02/2024 13:15:00,4.6,146,,,,,,,,,,,,,,,,,,
16/02/2024 13:00:00,1,143,,,,,,,,,,,,,,,,,,
16/02/2024 12:45:00,0.2,142,,,,,,,,,,,,,,,,,,
16/02/2024 12:30:00,0.4,141,,,,,,,,,,,,,,,,,,
16/02/2024 12:15:00,0.4,140,,,,,,,,,,,,,,,,,,
16/02/2024 12:00:00,0.6,138,,,,,,,,,,,,,,,,,,
16/02/2024 11:45:00,1.2,137,,,,,,,,,,,,,,,,,,
16/02/2024 11:30:00,0.8,136,,,,,,,,,,,,,,,,,,
16/02/2024 11:15:00,1,136,,,,,,,,,,,,,,,,,,
16/02/2024 11:00:00,1.8,135,,,,,,,,,,,,,,,,,,
16/02/2024 10:45:00,7.6,135,,,,,,,,,,,,,,,,,,
16/02/2024 10:30:00,1.8,134,,,,,,,,,,,,,,,,,,
16/02/2024 10:15:00,5.4,134,,,,,,,,,,,,,,,,,,
16/02/2024 10:00:00,2.8,133,,,,,,,,,,,,,,,,,,
16/02/2024 09:45:00,0,133,,,,,,,,,,,,,,,,,,
16/02/2024 09:30:00,0.2,133,,,,,,,,,,,,,,,,,,
16/02/2024 09:15:00,0.2,134,,,,,,,,,,,,,,,,,,
16/02/2024 09:00:00,0.8,134,,,,,,,,,,,,,,,,,,
16/02/2024 08:45:00,0.6,134,,,,,,,,,,,,,,,,,,
16/02/2024 08:30:00,0.2,134,,,,,,,,,,,,,,,,,,
16/02/2024 08:15:00,0,134,,,,,,,,,,,,,,,,,,
16/02/2024 08:00:00,0,134,,,,,,,,,,,,,,,,,,
16/02/2024 07:45:00,0.2,134,,,,,,,,,,,,,,,,,,
16/02/2024 07:30:00,0,134,,,,,,,,,,,,,,,,,,
16/02/2024 07:15:00,0.2,135,,,,,,,,,,,,,,,,,,
16/02/2024 07:00:00,0,135,,,,,,,,,,,,,,,,,,
16/02/2024 06:45:00,0,135,,,,,,,,,,,,,,,,,,
16/02/2024 06:30:00,0,135,,,,,,,,,,,,,,,,,,
16/02/2024 06:15:00,0,135,,,,,,,,,,,,,,,,,,
16/02/2024 06:00:00,0,136,,,,,,,,,,,,,,,,,,
16/02/2024 05:45:00,0,136,,,,,,,,,,,,,,,,,,
16/02/2024 05:30:00,0,136,,,,,,,,,,,,,,,,,,
16/02/2024 05:15:00,0,136,,,,,,,,,,,,,,,,,,
16/02/2024 05:00:00,0,137,,,,,,,,,,,,,,,,,,
16/02/2024 04:45:00,0,137,,,,,,,,,,,,,,,,,,
16/02/2024 04:30:00,0,137,,,,,,,,,,,,,,,,,,
16/02/2024 04:15:00,0,137,,,,,,,,,,,,,,,,,,
16/02/2024 04:00:00,0,137,,,,,,,,,,,,,,,,,,
16/02/2024 03:45:00,0,138,,,,,,,,,,,,,,,,,,
16/02/2024 03:30:00,0,138,,,,,,,,,,,,,,,,,,
16/02/2024 03:15:00,0,138,,,,,,,,,,,,,,,,,,
16/02/2024 03:00:00,0,139,,,,,,,,,,,,,,,,,,
16/02/2024 02:45:00,0,139,,,,,,,,,,,,,,,,,,
16/02/2024 02:30:00,0,139,,,,,,,,,,,,,,,,,,
16/02/2024 02:15:00,0,139,,,,,,,,,,,,,,,,,,
16/02/2024 02:00:00,0,140,,,,,,,,,,,,,,,,,,
16/02/2024 01:45:00,0,140,,,,,,,,,,,,,,,,,,
16/02/2024 01:30:00,0,141,,,,,,,,,,,,,,,,,,
16/02/2024 01:15:00,0,140,,,,,,,,,,,,,,,,,,
16/02/2024 01:00:00,0,141,,,,,,,,,,,,,,,,,,
16/02/2024 00:45:00,0,141,,,,,,,,,,,,,,,,,,
16/02/2024 00:30:00,0,141,,,,,,,,,,,,,,,,,,
16/02/2024 00:15:00,0,142,,,,,,,,,,,,,,,,,,
16/02/2024 00:00:00,0,142,,,,,,,,,,,,,,,,,,
15/02/2024 23:45:00,0,142,,,,,,,,,,,,,,,,,,
15/02/2024 23:30:00,0,142,,,,,,,,,,,,,,,,,,
15/02/2024 23:15:00,0,143,,,,,,,,,,,,,,,,,,
15/02/2024 23:00:00,0,143,,,,,,,,,,,,,,,,,,
15/02/2024 22:45:00,0,143,,,,,,,,,,,,,,,,,,
15/02/2024 22:30:00,0,143,,,,,,,,,,,,,,,,,,
15/02/2024 22:15:00,0,144,,,,,,,,,,,,,,,,,,
15/02/2024 22:00:00,0,144,,,,,,,,,,,,,,,,,,
15/02/2024 21:45:00,0,145,,,,,,,,,,,,,,,,,,
15/02/2024 21:30:00,0,145,,,,,,,,,,,,,,,,,,
15/02/2024 21:15:00,0,145,,,,,,,,,,,,,,,,,,
15/02/2024 21:00:00,0,145,,,,,,,,,,,,,,,,,,
15/02/2024 20:45:00,0,146,,,,,,,,,,,,,,,,,,
15/02/2024 20:30:00,0,146,,,,,,,,,,,,,,,,,,
15/02/2024 20:15:00,0,146,,,,,,,,,,,,,,,,,,
15/02/2024 20:00:00,0,147,,,,,,,,,,,,,,,,,,
15/02/2024 19:45:00,0,147,,,,,,,,,,,,,,,,,,
15/02/2024 19:30:00,0,147,,,,,,,,,,,,,,,,,,
15/02/2024 19:15:00,0,148,,,,,,,,,,,,,,,,,,
15/02/2024 19:00:00,0,148,,,,,,,,,,,,,,,,,,
15/02/2024 18:45:00,0,148,,,,,,,,,,,,,,,,,,
15/02/2024 18:30:00,0,149,,,,,,,,,,,,,,,,,,
15/02/2024 18:15:00,0,149,,,,,,,,,,,,,,,,,,
15/02/2024 18:00:00,0,150,,,,,,,,,,,,,,,,,,
15/02/2024 17:45:00,0,150,,,,,,,,,,,,,,,,,,
15/02/2024 17:30:00,0,150,,,,,,,,,,,,,,,,,,
15/02/2024 17:15:00,0,150,,,,,,,,,,,,,,,,,,
15/02/2024 17:00:00,0,151,,,,,,,,,,,,,,,,,,
15/02/2024 16:45:00,0,151,,,,,,,,,,,,,,,,,,
15/02/2024 16:30:00,0,152,,,,,,,,,,,,,,,,,,
15/02/2024 16:15:00,0,152,,,,,,,,,,,,,,,,,,
15/02/2024 16:00:00,0,153,,,,,,,,,,,,,,,,,,
15/02/2024 15:45:00,0,153,,,,,,,,,,,,,,,,,,
15/02/2024 15:30:00,0,154,,,,,,,,,,,,,,,,,,
15/02/2024 15:15:00,0,154,,,,,,,,,,,,,,,,,,
15/02/2024 15:00:00,0,154,,,,,,,,,,,,,,,,,,
15/02/2024 14:45:00,0,155,,,,,,,,,,,,,,,,,,
15/02/2024 14:30:00,0,156,,,,,,,,,,,,,,,,,,
15/02/2024 14:15:00,0,156,,,,,,,,,,,,,,,,,,
15/02/2024 14:00:00,0,156,,,,,,,,,,,,,,,,,,
15/02/2024 13:45:00,0,157,,,,,,,,,,,,,,,,,,
15/02/2024 13:30:00,0,157,,,,,,,,,,,,,,,,,,
15/02/2024 13:15:00,0,157,,,,,,,,,,,,,,,,,,
15/02/2024 13:00:00,0,158,,,,,,,,,,,,,,,,,,
15/02/2024 12:45:00,0,159,,,,,,,,,,,,,,,,,,
15/02/2024 12:30:00,0,159,,,,,,,,,,,,,,,,,,
15/02/2024 12:15:00,0,160,,,,,,,,,,,,,,,,,,
15/02/2024 12:00:00,0,160,,,,,,,,,,,,,,,,,,
15/02/2024 11:45:00,0,161,,,,,,,,,,,,,,,,,,
15/02/2024 11:30:00,0,161,,,,,,,,,,,,,,,,,,
15/02/2024 11:15:00,0,162,,,,,,,,,,,,,,,,,,
15/02/2024 11:00:00,0,162,,,,,,,,,,,,,,,,,,
15/02/2024 10:45:00,0,163,,,,,,,,,,,,,,,,,,
15/02/2024 10:30:00,0,164,,,,,,,,,,,,,,,,,,
15/02/2024 10:15:00,0,164,,,,,,,,,,,,,,,,,,
15/02/2024 10:00:00,0,165,,,,,,,,,,,,,,,,,,
15/02/2024 09:45:00,0,166,,,,,,,,,,,,,,,,,,
15/02/2024 09:30:00,0,167,,,,,,,,,,,,,,,,,,
15/02/2024 09:15:00,0,167,,,,,,,,,,,,,,,,,,
15/02/2024 09:00:00,0,168,,,,,,,,,,,,,,,,,,
15/02/2024 08:45:00,0,169,,,,,,,,,,,,,,,,,,
15/02/2024 08:30:00,0,170,,,,,,,,,,,,,,,,,,
15/02/2024 08:15:00,0,170,,,,,,,,,,,,,,,,,,
15/02/2024 08:00:00,0,171,,,,,,,,,,,,,,,,,,
15/02/2024 07:45:00,0,172,,,,,,,,,,,,,,,,,,
15/02/2024 07:30:00,0,172,,,,,,,,,,,,,,,,,,
15/02/2024 07:15:00,0,173,,,,,,,,,,,,,,,,,,
15/02/2024 07:00:00,0,174,,,,,,,,,,,,,,,,,,
15/02/2024 06:45:00,0,175,,,,,,,,,,,,,,,,,,
15/02/2024 06:30:00,0,175,,,,,,,,,,,,,,,,,,
15/02/2024 06:15:00,0,176,,,,,,,,,,,,,,,,,,
15/02/2024 06:00:00,0,177,,,,,,,,,,,,,,,,,,
15/02/2024 05:45:00,0,178,,,,,,,,,,,,,,,,,,
15/02/2024 05:30:00,0,179,,,,,,,,,,,,,,,,,,
15/02/2024 05:15:00,0,180,,,,,,,,,,,,,,,,,,
15/02/2024 05:00:00,0,180,,,,,,,,,,,,,,,,,,
15/02/2024 04:45:00,0,181,,,,,,,,,,,,,,,,,,
15/02/2024 04:30:00,0,182,,,,,,,,,,,,,,,,,,
15/02/2024 04:15:00,0,183,,,,,,,,,,,,,,,,,,
15/02/2024 04:00:00,0,184,,,,,,,,,,,,,,,,,,
15/02/2024 03:45:00,0,185,,,,,,,,,,,,,,,,,,
15/02/2024 03:30:00,0,186,,,,,,,,,,,,,,,,,,
15/02/2024 03:15:00,0,186,,,,,,,,,,,,,,,,,,
15/02/2024 03:00:00,0,187,,,,,,,,,,,,,,,,,,
15/02/2024 02:45:00,0,188,,,,,,,,,,,,,,,,,,
15/02/2024 02:30:00,0,189,,,,,,,,,,,,,,,,,,
15/02/2024 02:15:00,0,190,,,,,,,,,,,,,,,,,,
15/02/2024 02:00:00,0,192,,,,,,,,,,,,,,,,,,
15/02/2024 01:45:00,0,193,,,,,,,,,,,,,,,,,,
15/02/2024 01:30:00,0,194,,,,,,,,,,,,,,,,,,
15/02/2024 01:15:00,0,195,,,,,,,,,,,,,,,,,,
15/02/2024 01:00:00,0,196,,,,,,,,,,,,,,,,,,
15/02/2024 00:45:00,0,197,,,,,,,,,,,,,,,,,,
15/02/2024 00:30:00,0,198,,,,,,,,,,,,,,,,,,
15/02/2024 00:15:00,0,200,,,,,,,,,,,,,,,,,,
15/02/2024 00:00:00,0,200,,,,,,,,,,,,,,,,,,
14/02/2024 23:45:00,0,202,,,,,,,,,,,,,,,,,,
14/02/2024 23:30:00,0,203,,,,,,,,,,,,,,,,,,
14/02/2024 23:15:00,0,204,,,,,,,,,,,,,,,,,,
14/02/2024 23:00:00,0,206,,,,,,,,,,,,,,,,,,
14/02/2024 22:45:00,0,207,,,,,,,,,,,,,,,,,,
14/02/2024 22:30:00,0,209,,,,,,,,,,,,,,,,,,
14/02/2024 22:15:00,0,210,,,,,,,,,,,,,,,,,,
14/02/2024 22:00:00,0,211,,,,,,,,,,,,,,,,,,
14/02/2024 21:45:00,0,213,,,,,,,,,,,,,,,,,,
14/02/2024 21:30:00,0,214,,,,,,,,,,,,,,,,,,
14/02/2024 21:15:00,0,215,,,,,,,,,,,,,,,,,,
14/02/2024 21:00:00,0,217,,,,,,,,,,,,,,,,,,
14/02/2024 20:45:00,0,218,,,,,,,,,,,,,,,,,,
14/02/2024 20:30:00,0,220,,,,,,,,,,,,,,,,,,
14/02/2024 20:15:00,0,221,,,,,,,,,,,,,,,,,,
14/02/2024 20:00:00,0,222,,,,,,,,,,,,,,,,,,
14/02/2024 19:45:00,0,224,,,,,,,,,,,,,,,,,,
14/02/2024 19:30:00,0,225,,,,,,,,,,,,,,,,,,
14/02/2024 19:15:00,0,227,,,,,,,,,,,,,,,,,,
14/02/2024 19:00:00,0,228,,,,,,,,,,,,,,,,,,
14/02/2024 18:45:00,0,230,,,,,,,,,,,,,,,,,,
14/02/2024 18:30:00,0,231,,,,,,,,,,,,,,,,,,
14/02/2024 18:15:00,0,233,,,,,,,,,,,,,,,,,,
14/02/2024 18:00:00,0,234,,,,,,,,,,,,,,,,,,
14/02/2024 17:45:00,0,236,,,,,,,,,,,,,,,,,,
14/02/2024 17:30:00,0,237,,,,,,,,,,,,,,,,,,
14/02/2024 17:15:00,0,238,,,,,,,,,,,,,,,,,,
14/02/2024 17:00:00,0,240,,,,,,,,,,,,,,,,,,
14/02/2024 16:45:00,0,241,,,,,,,,,,,,,,,,,,
14/02/2024 16:30:00,0,242,,,,,,,,,,,,,,,,,,
14/02/2024 16:15:00,0,244,,,,,,,,,,,,,,,,,,
14/02/2024 16:00:00,0,245,,,,,,,,,,,,,,,,,,
14/02/2024 15:45:00,0,247,,,,,,,,,,,,,,,,,,
14/02/2024 15:30:00,0,248,,,,,,,,,,,,,,,,,,
14/02/2024 15:15:00,0,249,,,,,,,,,,,,,,,,,,
14/02/2024 15:00:00,0,250,,,,,,,,,,,,,,,,,,
14/02/2024 14:45:00,0,252,,,,,,,,,,,,,,,,,,
14/02/2024 14:30:00,0,253,,,,,,,,,,,,,,,,,,
14/02/2024 14:15:00,0,254,,,,,,,,,,,,,,,,,,
14/02/2024 14:00:00,0,255,,,,,,,,,,,,,,,,,,
14/02/2024 13:45:00,0,256,,,,,,,,,,,,,,,,,,
14/02/2024 13:30:00,0,258,,,,,,,,,,,,,,,,,,
14/02/2024 13:15:00,0,259,,,,,,,,,,,,,,,,,,
14/02/2024 13:00:00,0,260,,,,,,,,,,,,,,,,,,
14/02/2024 12:45:00,0,261,,,,,,,,,,,,,,,,,,
14/02/2024 12:30:00,0,262,,,,,,,,,,,,,,,,,,
14/02/2024 12:15:00,0,263,,,,,,,,,,,,,,,,,,
14/02/2024 12:00:00,0,264,,,,,,,,,,,,,,,,,,
14/02/2024 11:45:00,0,265,,,,,,,,,,,,,,,,,,
14/02/2024 11:30:00,0,266,,,,,,,,,,,,,,,,,,
14/02/2024 11:15:00,0,267,,,,,,,,,,,,,,,,,,
14/02/2024 11:00:00,0,267,,,,,,,,,,,,,,,,,,
14/02/2024 10:45:00,0,268,,,,,,,,,,,,,,,,,,
14/02/2024 10:30:00,0,269,,,,,,,,,,,,,,,,,,
14/02/2024 10:15:00,0,269,,,,,,,,,,,,,,,,,,
14/02/2024 10:00:00,0,270,,,,,,,,,,,,,,,,,,
14/02/2024 09:45:00,0,271,,,,,,,,,,,,,,,,,,
14/02/2024 09:30:00,0,271,,,,,,,,,,,,,,,,,,
14/02/2024 09:15:00,0,271,,,,,,,,,,,,,,,,,,
14/02/2024 09:00:00,0,272,,,,,,,,,,,,,,,,,,
14/02/2024 08:45:00,0,271,,,,,,,,,,,,,,,,,,
14/02/2024 08:30:00,0,272,,,,,,,,,,,,,,,,,,
14/02/2024 08:15:00,0,272,,,,,,,,,,,,,,,,,,
14/02/2024 08:00:00,0,272,,,,,,,,,,,,,,,,,,
14/02/2024 07:45:00,0,273,,,,,,,,,,,,,,,,,,
14/02/2024 07:30:00,0,273,,,,,,,,,,,,,,,,,,
14/02/2024 07:15:00,0,273,,,,,,,,,,,,,,,,,,
14/02/2024 07:00:00,0,273,,,,,,,,,,,,,,,,,,
14/02/2024 06:45:00,0,273,,,,,,,,,,,,,,,,,,
14/02/2024 06:30:00,0,274,,,,,,,,,,,,,,,,,,
14/02/2024 06:15:00,0,274,,,,,,,,,,,,,,,,,,
14/02/2024 06:00:00,0,274,,,,,,,,,,,,,,,,,,
14/02/2024 05:45:00,0,275,,,,,,,,,,,,,,,,,,
14/02/2024 05:30:00,0,275,,,,,,,,,,,,,,,,,,
14/02/2024 05:15:00,0,275,,,,,,,,,,,,,,,,,,
14/02/2024 05:00:00,0,276,,,,,,,,,,,,,,,,,,
14/02/2024 04:45:00,0,276,,,,,,,,,,,,,,,,,,
14/02/2024 04:30:00,0,277,,,,,,,,,,,,,,,,,,
14/02/2024 04:15:00,0,277,,,,,,,,,,,,,,,,,,
14/02/2024 04:00:00,0,278,,,,,,,,,,,,,,,,,,
14/02/2024 03:45:00,0,278,,,,,,,,,,,,,,,,,,
14/02/2024 03:30:00,0,278,,,,,,,,,,,,,,,,,,
14/02/2024 03:15:00,0,280,,,,,,,,,,,,,,,,,,
14/02/2024 03:00:00,0,279,,,,,,,,,,,,,,,,,,
14/02/2024 02:45:00,0,280,,,,,,,,,,,,,,,,,,
14/02/2024 02:30:00,0,280,,,,,,,,,,,,,,,,,,
14/02/2024 02:15:00,0,281,,,,,,,,,,,,,,,,,,
14/02/2024 02:00:00,0,281,,,,,,,,,,,,,,,,,,
14/02/2024 01:45:00,0,281,,,,,,,,,,,,,,,,,,
14/02/2024 01:30:00,0,281,,,,,,,,,,,,,,,,,,
14/02/2024 01:15:00,0,281,,,,,,,,,,,,,,,,,,
14/02/2024 01:00:00,0,280,,,,,,,,,,,,,,,,,,
14/02/2024 00:45:00,0.2,280,,,,,,,,,,,,,,,,,,
14/02/2024 00:30:00,0,279,,,,,,,,,,,,,,,,,,
14/02/2024 00:15:00,0,279,,,,,,,,,,,,,,,,,,
14/02/2024 00:00:00,0,278,,,,,,,,,,,,,,,,,,
13/02/2024 23:45:00,0,276,,,,,,,,,,,,,,,,,,
13/02/2024 23:30:00,0,275,,,,,,,,,,,,,,,,,,
13/02/2024 23:15:00,0,274,,,,,,,,,,,,,,,,,,
13/02/2024 23:00:00,0,272,,,,,,,,,,,,,,,,,,
13/02/2024 22:45:00,0,270,,,,,,,,,,,,,,,,,,
13/02/2024 22:30:00,0,268,,,,,,,,,,,,,,,,,,
13/02/2024 22:15:00,0,265,,,,,,,,,,,,,,,,,,
13/02/2024 22:00:00,0,262,,,,,,,,,,,,,,,,,,
13/02/2024 21:45:00,0,259,,,,,,,,,,,,,,,,,,
13/02/2024 21:30:00,0,255,,,,,,,,,,,,,,,,,,
13/02/2024 21:15:00,0,251,,,,,,,,,,,,,,,,,,
13/02/2024 21:00:00,0,247,,,,,,,,,,,,,,,,,,
13/02/2024 20:45:00,0,242,,,,,,,,,,,,,,,,,,
13/02/2024 20:30:00,0,237,,,,,,,,,,,,,,,,,,
13/02/2024 20:15:00,0,232,,,,,,,,,,,,,,,,,,
13/02/2024 20:00:00,0,226,,,,,,,,,,,,,,,,,,
13/02/2024 19:45:00,0.2,221,,,,,,,,,,,,,,,,,,
13/02/2024 19:30:00,0.2,214,,,,,,,,,,,,,,,,,,
13/02/2024 19:15:00,0.2,208,,,,,,,,,,,,,,,,,,
13/02/2024 19:00:00,0.2,202,,,,,,,,,,,,,,,,,,
13/02/2024 18:45:00,0.4,195,,,,,,,,,,,,,,,,,,
13/02/2024 18:30:00,0.4,189,,,,,,,,,,,,,,,,,,
13/02/2024 18:15:00,0.6,182,,,,,,,,,,,,,,,,,,
13/02/2024 18:00:00,0.4,177,,,,,,,,,,,,,,,,,,
13/02/2024 17:45:00,0.2,172,,,,,,,,,,,,,,,,,,
13/02/2024 17:30:00,0.4,167,,,,,,,,,,,,,,,,,,
13/02/2024 17:15:00,0.2,162,,,,,,,,,,,,,,,,,,
13/02/2024 17:00:00,0.2,158,,,,,,,,,,,,,,,,,,
13/02/2024 16:45:00,0.2,154,,,,,,,,,,,,,,,,,,
13/02/2024 16:30:00,0.2,151,,,,,,,,,,,,,,,,,,
13/02/2024 16:15:00,0.4,147,,,,,,,,,,,,,,,,,,
13/02/2024 16:00:00,0.6,144,,,,,,,,,,,,,,,,,,
13/02/2024 15:45:00,0.4,142,,,,,,,,,,,,,,,,,,
13/02/2024 15:30:00,0.4,139,,,,,,,,,,,,,,,,,,
13/02/2024 15:15:00,2,136,,,,,,,,,,,,,,,,,,
13/02/2024 15:00:00,0.6,133,,,,,,,,,,,,,,,,,,
13/02/2024 14:45:00,2.2,129,,,,,,,,,,,,,,,,,,
13/02/2024 14:30:00,1.6,127,,,,,,,,,,,,,,,,,,
13/02/2024 14:15:00,0.6,125,,,,,,,,,,,,,,,,,,
13/02/2024 14:00:00,1.6,122,,,,,,,,,,,,,,,,,,
13/02/2024 13:45:00,1.2,120,,,,,,,,,,,,,,,,,,
13/02/2024 13:30:00,0.8,119,,,,,,,,,,,,,,,,,,
13/02/2024 13:15:00,3.4,117,,,,,,,,,,,,,,,,,,
13/02/2024 13:00:00,1.2,116,,,,,,,,,,,,,,,,,,
13/02/2024 12:45:00,4,115,,,,,,,,,,,,,,,,,,
13/02/2024 12:30:00,6.2,114,,,,,,,,,,,,,,,,,,
13/02/2024 12:15:00,4.6,112,,,,,,,,,,,,,,,,,,
13/02/2024 12:00:00,6.6,112,,,,,,,,,,,,,,,,,,
13/02/2024 11:45:00,0.4,111,,,,,,,,,,,,,,,,,,
13/02/2024 11:30:00,0,111,,,,,,,,,,,,,,,,,,
13/02/2024 11:15:00,0.4,110,,,,,,,,,,,,,,,,,,
13/02/2024 11:00:00,0,110,,,,,,,,,,,,,,,,,,
13/02/2024 10:45:00,0.2,110,,,,,,,,,,,,,,,,,,
13/02/2024 10:30:00,0.4,110,,,,,,,,,,,,,,,,,,
13/02/2024 10:15:00,0.4,109,,,,,,,,,,,,,,,,,,
13/02/2024 10:00:00,0.6,109,,,,,,,,,,,,,,,,,,
13/02/2024 09:45:00,1.4,109,,,,,,,,,,,,,,,,,,
13/02/2024 09:30:00,3.2,109,,,,,,,,,,,,,,,,,,
13/02/2024 09:15:00,1.4,108,,,,,,,,,,,,,,,,,,
13/02/2024 09:00:00,7.6,108,,,,,,,,,,,,,,,,,,
13/02/2024 08:45:00,6.4,107,,,,,,,,,,,,,,,,,,
13/02/2024 08:30:00,0,106,,,,,,,,,,,,,,,,,,
13/02/2024 08:15:00,0,107,,,,,,,,,,,,,,,,,,
13/02/2024 08:00:00,0,107,,,,,,,,,,,,,,,,,,
13/02/2024 07:45:00,0,107,,,,,,,,,,,,,,,,,,
13/02/2024 07:30:00,0,107,,,,,,,,,,,,,,,,,,
13/02/2024 07:15:00,0,107,,,,,,,,,,,,,,,,,,
13/02/2024 07:00:00,0,108,,,,,,,,,,,,,,,,,,
13/02/2024 06:45:00,0,108,,,,,,,,,,,,,,,,,,
13/02/2024 06:30:00,0.2,108,,,,,,,,,,,,,,,,,,
13/02/2024 06:15:00,0,108,,,,,,,,,,,,,,,,,,
13/02/2024 06:00:00,0.2,109,,,,,,,,,,,,,,,,,,
13/02/2024 05:45:00,0.4,109,,,,,,,,,,,,,,,,,,
13/02/2024 05:30:00,0,109,,,,,,,,,,,,,,,,,,
13/02/2024 05:15:00,0,109,,,,,,,,,,,,,,,,,,
13/02/2024 05:00:00,0,109,,,,,,,,,,,,,,,,,,
13/02/2024 04:45:00,0,109,,,,,,,,,,,,,,,,,,
13/02/2024 04:30:00,0,109,,,,,,,,,,,,,,,,,,
13/02/2024 04:15:00,0,109,,,,,,,,,,,,,,,,,,
13/02/2024 04:00:00,0,108,,,,,,,,,,,,,,,,,,
13/02/2024 03:45:00,0,108,,,,,,,,,,,,,,,,,,
13/02/2024 03:30:00,0,107,,,,,,,,,,,,,,,,,,
13/02/2024 03:15:00,0,107,,,,,,,,,,,,,,,,,,
13/02/2024 03:00:00,0,106,,,,,,,,,,,,,,,,,,
13/02/2024 02:45:00,0,105,,,,,,,,,,,,,,,,,,
13/02/2024 02:30:00,0,104,,,,,,,,,,,,,,,,,,
13/02/2024 02:15:00,0,103,,,,,,,,,,,,,,,,,,
13/02/2024 02:00:00,0,102,,,,,,,,,,,,,,,,,,
13/02/2024 01:45:00,0,101,,,,,,,,,,,,,,,,,,
13/02/2024 01:30:00,0,100,,,,,,,,,,,,,,,,,,
13/02/2024 01:15:00,0,99,,,,,,,,,,,,,,,,,,
13/02/2024 01:00:00,0,99,,,,,,,,,,,,,,,,,,
13/02/2024 00:45:00,0,98,,,,,,,,,,,,,,,,,,
13/02/2024 00:30:00,0,98,,,,,,,,,,,,,,,,,,
13/02/2024 00:15:00,0,97,,,,,,,,,,,,,,,,,,
13/02/2024 00:00:00,0,97,,,,,,,,,,,,,,,,,,
12/2/2024 23:45,0,96,,,,,,,,,,,,,,,,,,
12/2/2024 23:30,0,96,,,,,,,,,,,,,,,,,,
12/2/2024 23:15,0,96,,,,,,,,,,,,,,,,,,
12/2/2024 23:00,0,96,,,,,,,,,,,,,,,,,,
12/2/2024 22:45,0,96,,,,,,,,,,,,,,,,,,
12/2/2024 22:30,0,96,,,,,,,,,,,,,,,,,,
12/2/2024 22:15,0,95,,,,,,,,,,,,,,,,,,
12/2/2024 22:00,0,95,,,,,,,,,,,,,,,,,,
12/2/2024 21:45,0,95,,,,,,,,,,,,,,,,,,
12/2/2024 21:30,0,95,,,,,,,,,,,,,,,,,,
12/2/2024 21:15,0,95,,,,,,,,,,,,,,,,,,
12/2/2024 21:00,0,95,,,,,,,,,,,,,,,,,,
12/2/2024 20:45,0,95,,,,,,,,,,,,,,,,,,
12/2/2024 20:30,0,95,,,,,,,,,,,,,,,,,,
12/2/2024 20:15,0,94,,,,,,,,,,,,,,,,,,
12/2/2024 20:00,0,94,,,,,,,,,,,,,,,,,,
12/2/2024 19:45,0,94,,,,,,,,,,,,,,,,,,
12/2/2024 19:30,0,94,,,,,,,,,,,,,,,,,,
12/2/2024 19:15,0,93,,,,,,,,,,,,,,,,,,
12/2/2024 19:00,0,93,,,,,,,,,,,,,,,,,,
12/2/2024 18:45,0,93,,,,,,,,,,,,,,,,,,
12/2/2024 18:30,0,93,,,,,,,,,,,,,,,,,,
12/2/2024 18:15,0,92,,,,,,,,,,,,,,,,,,
12/2/2024 18:00,0,92,,,,,,,,,,,,,,,,,,
12/2/2024 17:45,0,92,,,,,,,,,,,,,,,,,,
12/2/2024 17:30,0,92,,,,,,,,,,,,,,,,,,
12/2/2024 17:15,0,92,,,,,,,,,,,,,,,,,,
12/2/2024 17:00,0,92,,,,,,,,,,,,,,,,,,
12/2/2024 16:45,0,92,,,,,,,,,,,,,,,,,,
12/2/2024 16:30,0.8,92,,,,,,,,,,,,,,,,,,
12/2/2024 16:15,0.8,92,,,,,,,,,,,,,,,,,,
12/2/2024 16:00,0.2,92,,,,,,,,,,,,,,,,,,
12/2/2024 15:45,0,92,,,,,,,,,,,,,,,,,,
12/2/2024 15:30,0,92,,,,,,,,,,,,,,,,,,
12/2/2024 15:15,0,92,,,,,,,,,,,,,,,,,,
12/2/2024 15:00,0,92,,,,,,,,,,,,,,,,,,
12/2/2024 14:45,0,92,,,,,,,,,,,,,,,,,,
12/2/2024 14:30,0,92,,,,,,,,,,,,,,,,,,
12/2/2024 14:15,0,92,,,,,,,,,,,,,,,,,,
12/2/2024 14:00,0,92,,,,,,,,,,,,,,,,,,
12/2/2024 13:45,0,92,,,,,,,,,,,,,,,,,,
12/2/2024 13:30,0,92,,,,,,,,,,,,,,,,,,
12/2/2024 13:15,0,92,,,,,,,,,,,,,,,,,,
12/2/2024 13:00,0,92,,,,,,,,,,,,,,,,,,
12/2/2024 12:45,0,93,,,,,,,,,,,,,,,,,,
12/2/2024 12:30,0,93,,,,,,,,,,,,,,,,,,
12/2/2024 12:15,0,93,,,,,,,,,,,,,,,,,,
12/2/2024 12:00,0,92,,,,,,,,,,,,,,,,,,
12/2/2024 11:45,0,92,,,,,,,,,,,,,,,,,,
12/2/2024 11:30,0,92,,,,,,,,,,,,,,,,,,
12/2/2024 11:15,0,92,,,,,,,,,,,,,,,,,,
12/2/2024 11:00,0,93,,,,,,,,,,,,,,,,,,
12/2/2024 10:45,0,93,,,,,,,,,,,,,,,,,,
12/2/2024 10:30,0,93,,,,,,,,,,,,,,,,,,
12/2/2024 10:15,0,93,,,,,,,,,,,,,,,,,,
12/2/2024 10:00,0,93,,,,,,,,,,,,,,,,,,
12/2/2024 9:45,0,93,,,,,,,,,,,,,,,,,,
12/2/2024 9:30,0,93,,,,,,,,,,,,,,,,,,
12/2/2024 9:15,0,93,,,,,,,,,,,,,,,,,,
12/2/2024 9:00,0,93,,,,,,,,,,,,,,,,,,
12/2/2024 8:45,0,93,,,,,,,,,,,,,,,,,,
12/2/2024 8:30,0,93,,,,,,,,,,,,,,,,,,
12/2/2024 8:15,0,93,,,,,,,,,,,,,,,,,,
12/2/2024 8:00,0,93,,,,,,,,,,,,,,,,,,
12/2/2024 7:45,0,93,,,,,,,,,,,,,,,,,,
12/2/2024 7:30,0,93,,,,,,,,,,,,,,,,,,
12/2/2024 7:15,0,93,,,,,,,,,,,,,,,,,,
12/2/2024 7:00,0,93,,,,,,,,,,,,,,,,,,
12/2/2024 6:45,0,93,,,,,,,,,,,,,,,,,,
12/2/2024 6:30,0,93,,,,,,,,,,,,,,,,,,
12/2/2024 6:15,0,93,,,,,,,,,,,,,,,,,,
12/2/2024 6:00,0,93,,,,,,,,,,,,,,,,,,
12/2/2024 5:45,0,93,,,,,,,,,,,,,,,,,,
12/2/2024 5:30,0,93,,,,,,,,,,,,,,,,,,
12/2/2024 5:15,0,93,,,,,,,,,,,,,,,,,,
12/2/2024 5:00,0,93,,,,,,,,,,,,,,,,,,
12/2/2024 4:45,0,93,,,,,,,,,,,,,,,,,,
12/2/2024 4:30,0,93,,,,,,,,,,,,,,,,,,
12/2/2024 4:15,0,93,,,,,,,,,,,,,,,,,,
12/2/2024 4:00,0,93,,,,,,,,,,,,,,,,,,
12/2/2024 3:45,0,93,,,,,,,,,,,,,,,,,,
12/2/2024 3:30,0,94,,,,,,,,,,,,,,,,,,
12/2/2024 3:15,0,94,,,,,,,,,,,,,,,,,,
12/2/2024 3:00,0,94,,,,,,,,,,,,,,,,,,
12/2/2024 2:45,0,94,,,,,,,,,,,,,,,,,,
12/2/2024 2:30,0,94,,,,,,,,,,,,,,,,,,
12/2/2024 2:15,0,94,,,,,,,,,,,,,,,,,,
12/2/2024 2:00,0,94,,,,,,,,,,,,,,,,,,
12/2/2024 1:45,0,94,,,,,,,,,,,,,,,,,,
12/2/2024 1:30,0,94,,,,,,,,,,,,,,,,,,
12/2/2024 1:15,0,94,,,,,,,,,,,,,,,,,,
12/2/2024 1:00,0,94,,,,,,,,,,,,,,,,,,
12/2/2024 0:45,0,94,,,,,,,,,,,,,,,,,,
12/2/2024 0:30,0,94,,,,,,,,,,,,,,,,,,
12/2/2024 0:15,0,94,,,,,,,,,,,,,,,,,,
12/2/2024 0:00,0,94,,,,,,,,,,,,,,,,,,
11/2/2024 23:45,0,94,,,,,,,,,,,,,,,,,,
11/2/2024 23:30,0,94,,,,,,,,,,,,,,,,,,
11/2/2024 23:15,0,94,,,,,,,,,,,,,,,,,,
11/2/2024 23:00,0,94,,,,,,,,,,,,,,,,,,
11/2/2024 22:45,0,94,,,,,,,,,,,,,,,,,,
11/2/2024 22:30,0,94,,,,,,,,,,,,,,,,,,
11/2/2024 22:15,0,95,,,,,,,,,,,,,,,,,,
11/2/2024 22:00,0,95,,,,,,,,,,,,,,,,,,
11/2/2024 21:45,0,95,,,,,,,,,,,,,,,,,,
11/2/2024 20:30,0,95,,,,,,,,,,,,,,,,,,
11/2/2024 20:15,0,95,,,,,,,,,,,,,,,,,,
11/2/2024 20:00,0,95,,,,,,,,,,,,,,,,,,
11/2/2024 19:45,0,95,,,,,,,,,,,,,,,,,,
11/2/2024 19:30,0,95,,,,,,,,,,,,,,,,,,
11/2/2024 19:15,0,95,,,,,,,,,,,,,,,,,,
11/2/2024 19:00,0,95,,,,,,,,,,,,,,,,,,
11/2/2024 18:45,0,95,,,,,,,,,,,,,,,,,,
11/2/2024 18:30,0,95,,,,,,,,,,,,,,,,,,
11/2/2024 18:15,0,95,,,,,,,,,,,,,,,,,,
11/2/2024 18:00,0,95,,,,,,,,,,,,,,,,,,
11/2/2024 17:45,0,95,,,,,,,,,,,,,,,,,,
11/2/2024 17:30,0,95,,,,,,,,,,,,,,,,,,
11/2/2024 17:15,0,95,,,,,,,,,,,,,,,,,,
11/2/2024 17:00,0,95,,,,,,,,,,,,,,,,,,
11/2/2024 16:45,0,95,,,,,,,,,,,,,,,,,,
11/2/2024 16:30,0,95,,,,,,,,,,,,,,,,,,
11/2/2024 16:15,0,95,,,,,,,,,,,,,,,,,,
11/2/2024 16:00,0,96,,,,,,,,,,,,,,,,,,
11/2/2024 15:45,0,96,,,,,,,,,,,,,,,,,,
11/2/2024 15:30,0,96,,,,,,,,,,,,,,,,,,
11/2/2024 15:15,0,96,,,,,,,,,,,,,,,,,,
11/2/2024 15:00,0,96,,,,,,,,,,,,,,,,,,
11/2/2024 14:45,0,96,,,,,,,,,,,,,,,,,,
11/2/2024 14:30,0,96,,,,,,,,,,,,,,,,,,
11/2/2024 14:15,0,96,,,,,,,,,,,,,,,,,,
11/2/2024 14:00,0,97,,,,,,,,,,,,,,,,,,
11/2/2024 13:45,0,96,,,,,,,,,,,,,,,,,,
11/2/2024 13:30,0,96,,,,,,,,,,,,,,,,,,
11/2/2024 13:15,0,96,,,,,,,,,,,,,,,,,,
11/2/2024 13:00,0,96,,,,,,,,,,,,,,,,,,
11/2/2024 12:45,0,96,,,,,,,,,,,,,,,,,,
11/2/2024 12:30,0,97,,,,,,,,,,,,,,,,,,
11/2/2024 12:15,0,96,,,,,,,,,,,,,,,,,,
11/2/2024 12:00,0,96,,,,,,,,,,,,,,,,,,
11/2/2024 11:45,0,96,,,,,,,,,,,,,,,,,,
11/2/2024 11:30,0,97,,,,,,,,,,,,,,,,,,
11/2/2024 11:15,0,97,,,,,,,,,,,,,,,,,,
11/2/2024 11:00,0,97,,,,,,,,,,,,,,,,,,
11/2/2024 10:45,0,97,,,,,,,,,,,,,,,,,,
11/2/2024 10:30,0,97,,,,,,,,,,,,,,,,,,
11/2/2024 10:15,0,97,,,,,,,,,,,,,,,,,,
11/2/2024 10:00,0,97,,,,,,,,,,,,,,,,,,
11/2/2024 9:45,0,97,,,,,,,,,,,,,,,,,,
11/2/2024 9:30,0,97,,,,,,,,,,,,,,,,,,
11/2/2024 9:15,0,97,,,,,,,,,,,,,,,,,,
11/2/2024 9:00,0,97,,,,,,,,,,,,,,,,,,
11/2/2024 8:45,0,98,,,,,,,,,,,,,,,,,,
11/2/2024 8:30,0,98,,,,,,,,,,,,,,,,,,
11/2/2024 8:15,0,97,,,,,,,,,,,,,,,,,,
11/2/2024 8:00,0,98,,,,,,,,,,,,,,,,,,
11/2/2024 7:45,0,98,,,,,,,,,,,,,,,,,,
11/2/2024 7:30,0,97,,,,,,,,,,,,,,,,,,
11/2/2024 7:15,0,97,,,,,,,,,,,,,,,,,,
11/2/2024 7:00,0,97,,,,,,,,,,,,,,,,,,
11/2/2024 6:45,0,97,,,,,,,,,,,,,,,,,,
11/2/2024 6:30,0,97,,,,,,,,,,,,,,,,,,
11/2/2024 6:15,0,97,,,,,,,,,,,,,,,,,,
11/2/2024 6:00,0,97,,,,,,,,,,,,,,,,,,
11/2/2024 5:45,0,97,,,,,,,,,,,,,,,,,,
11/2/2024 5:30,0,97,,,,,,,,,,,,,,,,,,
11/2/2024 5:15,0,98,,,,,,,,,,,,,,,,,,
11/2/2024 5:00,0,98,,,,,,,,,,,,,,,,,,
11/2/2024 4:45,0,98,,,,,,,,,,,,,,,,,,
11/2/2024 4:30,0,98,,,,,,,,,,,,,,,,,,
11/2/2024 4:15,0,98,,,,,,,,,,,,,,,,,,
11/2/2024 4:00,0,98,,,,,,,,,,,,,,,,,,
11/2/2024 3:45,0,98,,,,,,,,,,,,,,,,,,
11/2/2024 3:30,0,98,,,,,,,,,,,,,,,,,,
11/2/2024 3:15,0,98,,,,,,,,,,,,,,,,,,
11/2/2024 3:00,0,98,,,,,,,,,,,,,,,,,,
11/2/2024 2:45,0,98,,,,,,,,,,,,,,,,,,
11/2/2024 2:30,0,99,,,,,,,,,,,,,,,,,,
11/2/2024 2:15,0,99,,,,,,,,,,,,,,,,,,
11/2/2024 2:00,0,98,,,,,,,,,,,,,,,,,,
11/2/2024 1:45,0,98,,,,,,,,,,,,,,,,,,
11/2/2024 1:30,0,98,,,,,,,,,,,,,,,,,,
11/2/2024 1:15,0,98,,,,,,,,,,,,,,,,,,
11/2/2024 1:00,0,98,,,,,,,,,,,,,,,,,,
11/2/2024 0:45,0,98,,,,,,,,,,,,,,,,,,
11/2/2024 0:30,0,98,,,,,,,,,,,,,,,,,,
11/2/2024 0:15,0,98,,,,,,,,,,,,,,,,,,
11/2/2024 0:00,0,99,,,,,,,,,,,,,,,,,,
10/2/2024 23:45,0,98,,,,,,,,,,,,,,,,,,
10/2/2024 23:30,0,99,,,,,,,,,,,,,,,,,,
10/2/2024 23:15,0,99,,,,,,,,,,,,,,,,,,
10/2/2024 23:00,0,99,,,,,,,,,,,,,,,,,,
10/2/2024 22:45,0,99,,,,,,,,,,,,,,,,,,
10/2/2024 22:30,0,99,,,,,,,,,,,,,,,,,,
10/2/2024 22:15,0,99,,,,,,,,,,,,,,,,,,
10/2/2024 22:00,0,99,,,,,,,,,,,,,,,,,,
10/2/2024 21:45,0,99,,,,,,,,,,,,,,,,,,
10/2/2024 21:30,0,100,,,,,,,,,,,,,,,,,,
10/2/2024 21:15,0,100,,,,,,,,,,,,,,,,,,
10/2/2024 21:00,0,100,,,,,,,,,,,,,,,,,,
10/2/2024 20:45,0,100,,,,,,,,,,,,,,,,,,
10/2/2024 20:30,0,100,,,,,,,,,,,,,,,,,,
10/2/2024 20:15,0,100,,,,,,,,,,,,,,,,,,
10/2/2024 20:00,0,100,,,,,,,,,,,,,,,,,,
10/2/2024 19:45,0,100,,,,,,,,,,,,,,,,,,
10/2/2024 19:30,0,100,,,,,,,,,,,,,,,,,,
10/2/2024 19:15,0,100,,,,,,,,,,,,,,,,,,
10/2/2024 19:00,0,100,,,,,,,,,,,,,,,,,,
10/2/2024 18:45,0,100,,,,,,,,,,,,,,,,,,
10/2/2024 18:30,0,100,,,,,,,,,,,,,,,,,,
10/2/2024 18:15,0,100,,,,,,,,,,,,,,,,,,
10/2/2024 18:00,0,100,,,,,,,,,,,,,,,,,,
10/2/2024 17:45,0,100,,,,,,,,,,,,,,,,,,
10/2/2024 17:30,0,100,,,,,,,,,,,,,,,,,,
10/2/2024 17:15,0,100,,,,,,,,,,,,,,,,,,
10/2/2024 17:00,0,100,,,,,,,,,,,,,,,,,,
10/2/2024 16:45,0,100,,,,,,,,,,,,,,,,,,
10/2/2024 16:30,0,100,,,,,,,,,,,,,,,,,,
10/2/2024 16:15,0,100,,,,,,,,,,,,,,,,,,
10/2/2024 16:00,0,100,,,,,,,,,,,,,,,,,,
10/2/2024 15:45,0,101,,,,,,,,,,,,,,,,,,
10/2/2024 15:30,0,101,,,,,,,,,,,,,,,,,,
10/2/2024 15:15,0,101,,,,,,,,,,,,,,,,,,
10/2/2024 15:00,0,101,,,,,,,,,,,,,,,,,,
10/2/2024 14:45,0,101,,,,,,,,,,,,,,,,,,
10/2/2024 14:30,0,101,,,,,,,,,,,,,,,,,,
10/2/2024 14:15,0,101,,,,,,,,,,,,,,,,,,
10/2/2024 14:00,0,101,,,,,,,,,,,,,,,,,,
10/2/2024 13:45,0,100,,,,,,,,,,,,,,,,,,
10/2/2024 13:30,0,101,,,,,,,,,,,,,,,,,,
10/2/2024 13:15,0,101,,,,,,,,,,,,,,,,,,
10/2/2024 13:00,0,101,,,,,,,,,,,,,,,,,,
10/2/2024 12:45,0,101,,,,,,,,,,,,,,,,,,
10/2/2024 12:30,0,101,,,,,,,,,,,,,,,,,,
10/2/2024 12:15,0,101,,,,,,,,,,,,,,,,,,
10/2/2024 12:00,0,101,,,,,,,,,,,,,,,,,,
10/2/2024 11:45,0,101,,,,,,,,,,,,,,,,,,
10/2/2024 11:30,0,101,,,,,,,,,,,,,,,,,,
10/2/2024 11:15,0,101,,,,,,,,,,,,,,,,,,
10/2/2024 11:00,0,101,,,,,,,,,,,,,,,,,,
10/2/2024 10:45,0,101,,,,,,,,,,,,,,,,,,
10/2/2024 10:30,0,101,,,,,,,,,,,,,,,,,,
10/2/2024 10:15,0,101,,,,,,,,,,,,,,,,,,
10/2/2024 10:00,0,101,,,,,,,,,,,,,,,,,,
10/2/2024 9:45,0,101,,,,,,,,,,,,,,,,,,
10/2/2024 9:30,0,101,,,,,,,,,,,,,,,,,,
10/2/2024 9:15,0,100,,,,,,,,,,,,,,,,,,
10/2/2024 9:00,0,101,,,,,,,,,,,,,,,,,,
10/2/2024 8:45,0,101,,,,,,,,,,,,,,,,,,
10/2/2024 8:30,0,100,,,,,,,,,,,,,,,,,,
10/2/2024 8:15,0,100,,,,,,,,,,,,,,,,,,
10/2/2024 8:00,0,100,,,,,,,,,,,,,,,,,,
10/2/2024 7:45,0,100,,,,,,,,,,,,,,,,,,
10/2/2024 7:30,0,101,,,,,,,,,,,,,,,,,,
10/2/2024 7:15,0,100,,,,,,,,,,,,,,,,,,
10/2/2024 7:00,0,101,,,,,,,,,,,,,,,,,,
10/2/2024 6:45,0,101,,,,,,,,,,,,,,,,,,
10/2/2024 6:30,0,101,,,,,,,,,,,,,,,,,,
10/2/2024 6:15,0,101,,,,,,,,,,,,,,,,,,
10/2/2024 6:00,0,101,,,,,,,,,,,,,,,,,,
10/2/2024 5:45,0,101,,,,,,,,,,,,,,,,,,
10/2/2024 5:30,0,101,,,,,,,,,,,,,,,,,,
10/2/2024 5:15,0,102,,,,,,,,,,,,,,,,,,
10/2/2024 5:00,0,102,,,,,,,,,,,,,,,,,,
10/2/2024 4:45,0,102,,,,,,,,,,,,,,,,,,
10/2/2024 4:30,0,102,,,,,,,,,,,,,,,,,,
10/2/2024 4:15,0,102,,,,,,,,,,,,,,,,,,
10/2/2024 4:00,0,102,,,,,,,,,,,,,,,,,,
10/2/2024 3:45,0,102,,,,,,,,,,,,,,,,,,
10/2/2024 3:30,0,102,,,,,,,,,,,,,,,,,,
10/2/2024 3:15,0,102,,,,,,,,,,,,,,,,,,
10/2/2024 3:00,0,102,,,,,,,,,,,,,,,,,,
10/2/2024 2:45,0,102,,,,,,,,,,,,,,,,,,
10/2/2024 2:30,0,102,,,,,,,,,,,,,,,,,,
10/2/2024 2:15,0,102,,,,,,,,,,,,,,,,,,
10/2/2024 2:00,0,102,,,,,,,,,,,,,,,,,,
10/2/2024 1:45,0,102,,,,,,,,,,,,,,,,,,
10/2/2024 1:30,0,102,,,,,,,,,,,,,,,,,,
10/2/2024 1:15,0,102,,,,,,,,,,,,,,,,,,
10/2/2024 1:00,0,102,,,,,,,,,,,,,,,,,,
10/2/2024 0:45,0,103,,,,,,,,,,,,,,,,,,
10/2/2024 0:30,0,102,,,,,,,,,,,,,,,,,,
10/2/2024 0:15,0,103,,,,,,,,,,,,,,,,,,
10/2/2024 0:00,0,103,,,,,,,,,,,,,,,,,,
9/2/2024 23:45,0,103,,,,,,,,,,,,,,,,,,
9/2/2024 23:30,0,103,,,,,,,,,,,,,,,,,,
9/2/2024 23:15,0,103,,,,,,,,,,,,,,,,,,
9/2/2024 23:00,0,103,,,,,,,,,,,,,,,,,,
9/2/2024 22:45,0,103,,,,,,,,,,,,,,,,,,
9/2/2024 22:30,0,104,,,,,,,,,,,,,,,,,,
9/2/2024 22:15,0,104,,,,,,,,,,,,,,,,,,
9/2/2024 22:00,0,104,,,,,,,,,,,,,,,,,,
9/2/2024 21:45,0,104,,,,,,,,,,,,,,,,,,
9/2/2024 21:30,0,104,,,,,,,,,,,,,,,,,,
9/2/2024 21:15,0,104,,,,,,,,,,,,,,,,,,
9/2/2024 21:00,0,104,,,,,,,,,,,,,,,,,,
9/2/2024 20:45,0,104,,,,,,,,,,,,,,,,,,
9/2/2024 20:30,0,104,,,,,,,,,,,,,,,,,,
9/2/2024 20:15,0,104,,,,,,,,,,,,,,,,,,
9/2/2024 20:00,0,104,,,,,,,,,,,,,,,,,,
9/2/2024 19:45,0,104,,,,,,,,,,,,,,,,,,
9/2/2024 19:30,0,104,,,,,,,,,,,,,,,,,,
9/2/2024 19:15,0,104,,,,,,,,,,,,,,,,,,
9/2/2024 19:00,0,104,,,,,,,,,,,,,,,,,,
9/2/2024 18:45,0,104,,,,,,,,,,,,,,,,,,
9/2/2024 18:30,0,104,,,,,,,,,,,,,,,,,,
9/2/2024 18:15,0,104,,,,,,,,,,,,,,,,,,
9/2/2024 18:00,0,104,,,,,,,,,,,,,,,,,,
9/2/2024 17:45,0,104,,,,,,,,,,,,,,,,,,
9/2/2024 17:30,0,104,,,,,,,,,,,,,,,,,,
9/2/2024 17:15,0,104,,,,,,,,,,,,,,,,,,
9/2/2024 17:00,0,104,,,,,,,,,,,,,,,,,,
9/2/2024 16:45,0,104,,,,,,,,,,,,,,,,,,
9/2/2024 16:30,0,104,,,,,,,,,,,,,,,,,,
9/2/2024 16:15,0,104,,,,,,,,,,,,,,,,,,
9/2/2024 16:00,0,104,,,,,,,,,,,,,,,,,,
9/2/2024 15:45,0,104,,,,,,,,,,,,,,,,,,
9/2/2024 15:30,0,104,,,,,,,,,,,,,,,,,,
9/2/2024 15:15,0,104,,,,,,,,,,,,,,,,,,
9/2/2024 15:00,0,104,,,,,,,,,,,,,,,,,,
9/2/2024 14:45,0,105,,,,,,,,,,,,,,,,,,
9/2/2024 14:30,0,104,,,,,,,,,,,,,,,,,,
9/2/2024 14:15,0,104,,,,,,,,,,,,,,,,,,
9/2/2024 14:00,0,105,,,,,,,,,,,,,,,,,,
9/2/2024 13:45,0,104,,,,,,,,,,,,,,,,,,
9/2/2024 13:30,0,104,,,,,,,,,,,,,,,,,,
9/2/2024 13:15,0,104,,,,,,,,,,,,,,,,,,
9/2/2024 13:00,0,104,,,,,,,,,,,,,,,,,,
9/2/2024 12:45,0,104,,,,,,,,,,,,,,,,,,
9/2/2024 12:30,0,104,,,,,,,,,,,,,,,,,,
9/2/2024 12:15,0,104,,,,,,,,,,,,,,,,,,
9/2/2024 12:00,0,104,,,,,,,,,,,,,,,,,,
9/2/2024 11:45,0,104,,,,,,,,,,,,,,,,,,
9/2/2024 11:30,0,104,,,,,,,,,,,,,,,,,,
9/2/2024 11:15,0,104,,,,,,,,,,,,,,,,,,
9/2/2024 11:00,0,104,,,,,,,,,,,,,,,,,,
9/2/2024 10:45,0,103,,,,,,,,,,,,,,,,,,
9/2/2024 10:30,0,103,,,,,,,,,,,,,,,,,,
9/2/2024 10:15,0,103,,,,,,,,,,,,,,,,,,
9/2/2024 10:00,0,103,,,,,,,,,,,,,,,,,,
9/2/2024 9:45,0,103,,,,,,,,,,,,,,,,,,
9/2/2024 9:30,0,103,,,,,,,,,,,,,,,,,,
9/2/2024 9:15,0,103,,,,,,,,,,,,,,,,,,
9/2/2024 9:00,0,103,,,,,,,,,,,,,,,,,,
9/2/2024 8:45,0,103,,,,,,,,,,,,,,,,,,
9/2/2024 8:30,0,103,,,,,,,,,,,,,,,,,,
9/2/2024 8:15,0,104,,,,,,,,,,,,,,,,,,
9/2/2024 8:00,0,104,,,,,,,,,,,,,,,,,,
9/2/2024 7:45,0,104,,,,,,,,,,,,,,,,,,
9/2/2024 7:30,0,104,,,,,,,,,,,,,,,,,,
9/2/2024 7:15,0,104,,,,,,,,,,,,,,,,,,
9/2/2024 7:00,0,104,,,,,,,,,,,,,,,,,,
9/2/2024 6:45,0,104,,,,,,,,,,,,,,,,,,
9/2/2024 6:30,0,104,,,,,,,,,,,,,,,,,,
9/2/2024 6:15,0,105,,,,,,,,,,,,,,,,,,
9/2/2024 6:00,0,105,,,,,,,,,,,,,,,,,,
9/2/2024 5:45,0,105,,,,,,,,,,,,,,,,,,
9/2/2024 5:30,0,105,,,,,,,,,,,,,,,,,,
9/2/2024 5:15,0,105,,,,,,,,,,,,,,,,,,
9/2/2024 5:00,0,105,,,,,,,,,,,,,,,,,,
9/2/2024 4:45,0,105,,,,,,,,,,,,,,,,,,
9/2/2024 4:30,0,105,,,,,,,,,,,,,,,,,,
9/2/2024 4:15,0,105,,,,,,,,,,,,,,,,,,
9/2/2024 4:00,0,105,,,,,,,,,,,,,,,,,,
9/2/2024 3:45,0,105,,,,,,,,,,,,,,,,,,
9/2/2024 3:30,0,105,,,,,,,,,,,,,,,,,,
9/2/2024 3:15,0,106,,,,,,,,,,,,,,,,,,
9/2/2024 3:00,0,105,,,,,,,,,,,,,,,,,,
9/2/2024 2:45,0,106,,,,,,,,,,,,,,,,,,
9/2/2024 2:30,0,106,,,,,,,,,,,,,,,,,,
9/2/2024 2:15,0,106,,,,,,,,,,,,,,,,,,
9/2/2024 2:00,0,106,,,,,,,,,,,,,,,,,,
9/2/2024 1:45,0,106,,,,,,,,,,,,,,,,,,
9/2/2024 1:30,0,106,,,,,,,,,,,,,,,,,,
9/2/2024 1:15,0,106,,,,,,,,,,,,,,,,,,
9/2/2024 1:00,0,106,,,,,,,,,,,,,,,,,,
9/2/2024 0:45,0,106,,,,,,,,,,,,,,,,,,
9/2/2024 0:30,0,106,,,,,,,,,,,,,,,,,,
9/2/2024 0:15,0,106,,,,,,,,,,,,,,,,,,
9/2/2024 0:00,0,106,,,,,,,,,,,,,,,,,,
8/2/2024 23:45,0,106,,,,,,,,,,,,,,,,,,
8/2/2024 23:30,0,106,,,,,,,,,,,,,,,,,,
8/2/2024 23:15,0,106,,,,,,,,,,,,,,,,,,
8/2/2024 23:00,0,106,,,,,,,,,,,,,,,,,,
8/2/2024 22:45,0,106,,,,,,,,,,,,,,,,,,
8/2/2024 22:30,0,106,,,,,,,,,,,,,,,,,,
8/2/2024 22:15,0,106,,,,,,,,,,,,,,,,,,
8/2/2024 22:00,0,106,,,,,,,,,,,,,,,,,,
8/2/2024 21:45,0,106,,,,,,,,,,,,,,,,,,
8/2/2024 21:30,0,106,,,,,,,,,,,,,,,,,,
8/2/2024 21:15,0,106,,,,,,,,,,,,,,,,,,
8/2/2024 21:00,0,107,,,,,,,,,,,,,,,,,,
8/2/2024 20:45,0,107,,,,,,,,,,,,,,,,,,
8/2/2024 20:30,0,107,,,,,,,,,,,,,,,,,,
8/2/2024 20:15,0,107,,,,,,,,,,,,,,,,,,
8/2/2024 20:00,0,107,,,,,,,,,,,,,,,,,,
8/2/2024 19:45,0,107,,,,,,,,,,,,,,,,,,
8/2/2024 19:30,0,108,,,,,,,,,,,,,,,,,,
8/2/2024 19:15,0,108,,,,,,,,,,,,,,,,,,
8/2/2024 19:00,0,108,,,,,,,,,,,,,,,,,,
8/2/2024 18:45,0,108,,,,,,,,,,,,,,,,,,
8/2/2024 18:30,0,108,,,,,,,,,,,,,,,,,,
8/2/2024 18:15,0,108,,,,,,,,,,,,,,,,,,
8/2/2024 18:00,0,108,,,,,,,,,,,,,,,,,,
8/2/2024 17:45,0,108,,,,,,,,,,,,,,,,,,
8/2/2024 17:30,0,108,,,,,,,,,,,,,,,,,,
8/2/2024 17:15,0,108,,,,,,,,,,,,,,,,,,
8/2/2024 17:00,0,108,,,,,,,,,,,,,,,,,,
8/2/2024 16:45,0,108,,,,,,,,,,,,,,,,,,
8/2/2024 16:30,0,108,,,,,,,,,,,,,,,,,,
8/2/2024 16:15,0,108,,,,,,,,,,,,,,,,,,
8/2/2024 16:00,0,108,,,,,,,,,,,,,,,,,,
8/2/2024 15:45,0,107,,,,,,,,,,,,,,,,,,
8/2/2024 15:30,0,107,,,,,,,,,,,,,,,,,,
8/2/2024 15:15,0,107,,,,,,,,,,,,,,,,,,
8/2/2024 15:00,0,107,,,,,,,,,,,,,,,,,,
8/2/2024 14:45,0,107,,,,,,,,,,,,,,,,,,
8/2/2024 14:30,0,107,,,,,,,,,,,,,,,,,,
8/2/2024 14:15,0,107,,,,,,,,,,,,,,,,,,
8/2/2024 14:00,0,107,,,,,,,,,,,,,,,,,,
8/2/2024 13:45,0,107,,,,,,,,,,,,,,,,,,
8/2/2024 13:30,0,107,,,,,,,,,,,,,,,,,,
8/2/2024 13:15,0,107,,,,,,,,,,,,,,,,,,
8/2/2024 13:00,0,107,,,,,,,,,,,,,,,,,,
8/2/2024 12:45,0,107,,,,,,,,,,,,,,,,,,
8/2/2024 12:30,0,107,,,,,,,,,,,,,,,,,,
8/2/2024 12:15,0,108,,,,,,,,,,,,,,,,,,
8/2/2024 12:00,0,108,,,,,,,,,,,,,,,,,,
8/2/2024 11:45,0,108,,,,,,,,,,,,,,,,,,
8/2/2024 11:30,0,108,,,,,,,,,,,,,,,,,,
8/2/2024 11:15,0,108,,,,,,,,,,,,,,,,,,
8/2/2024 11:00,0,108,,,,,,,,,,,,,,,,,,
8/2/2024 10:45,0,108,,,,,,,,,,,,,,,,,,
8/2/2024 10:30,0,108,,,,,,,,,,,,,,,,,,
8/2/2024 10:15,0,108,,,,,,,,,,,,,,,,,,
8/2/2024 10:00,0,108,,,,,,,,,,,,,,,,,,
8/2/2024 9:45,0,109,,,,,,,,,,,,,,,,,,
8/2/2024 9:30,0,108,,,,,,,,,,,,,,,,,,
8/2/2024 9:15,0,108,,,,,,,,,,,,,,,,,,
8/2/2024 9:00,0,108,,,,,,,,,,,,,,,,,,
8/2/2024 8:45,0,108,,,,,,,,,,,,,,,,,,
8/2/2024 8:30,0,108,,,,,,,,,,,,,,,,,,
8/2/2024 8:15,0,108,,,,,,,,,,,,,,,,,,
8/2/2024 8:00,0,108,,,,,,,,,,,,,,,,,,
8/2/2024 7:45,0,108,,,,,,,,,,,,,,,,,,
8/2/2024 7:30,0,108,,,,,,,,,,,,,,,,,,
8/2/2024 7:15,0,108,,,,,,,,,,,,,,,,,,
8/2/2024 7:00,0,108,,,,,,,,,,,,,,,,,,
8/2/2024 6:45,0,108,,,,,,,,,,,,,,,,,,
8/2/2024 6:30,0,108,,,,,,,,,,,,,,,,,,
8/2/2024 6:15,0,107,,,,,,,,,,,,,,,,,,
8/2/2024 6:00,0,107,,,,,,,,,,,,,,,,,,
8/2/2024 5:45,0,107,,,,,,,,,,,,,,,,,,
8/2/2024 5:30,0,107,,,,,,,,,,,,,,,,,,
8/2/2024 5:15,0,108,,,,,,,,,,,,,,,,,,
8/2/2024 5:00,0,108,,,,,,,,,,,,,,,,,,
8/2/2024 4:45,0,108,,,,,,,,,,,,,,,,,,
8/2/2024 4:30,0,108,,,,,,,,,,,,,,,,,,
8/2/2024 4:15,0,108,,,,,,,,,,,,,,,,,,
8/2/2024 4:00,0,108,,,,,,,,,,,,,,,,,,
8/2/2024 3:45,0,108,,,,,,,,,,,,,,,,,,
8/2/2024 3:30,0,109,,,,,,,,,,,,,,,,,,
8/2/2024 3:15,0,109,,,,,,,,,,,,,,,,,,
8/2/2024 3:00,0,109,,,,,,,,,,,,,,,,,,
8/2/2024 2:45,0,109,,,,,,,,,,,,,,,,,,
8/2/2024 2:30,0,109,,,,,,,,,,,,,,,,,,
8/2/2024 2:15,0,109,,,,,,,,,,,,,,,,,,
8/2/2024 2:00,0,110,,,,,,,,,,,,,,,,,,
8/2/2024 1:45,0,110,,,,,,,,,,,,,,,,,,
8/2/2024 1:30,0,110,,,,,,,,,,,,,,,,,,
8/2/2024 1:15,0,110,,,,,,,,,,,,,,,,,,
8/2/2024 1:00,0,110,,,,,,,,,,,,,,,,,,
8/2/2024 0:45,0,110,,,,,,,,,,,,,,,,,,
8/2/2024 0:30,0,110,,,,,,,,,,,,,,,,,,
8/2/2024 0:15,0,110,,,,,,,,,,,,,,,,,,
8/2/2024 0:00,0,110,,,,,,,,,,,,,,,,,,
7/2/2024 23:45,0,110,,,,,,,,,,,,,,,,,,
7/2/2024 23:30,0,110,,,,,,,,,,,,,,,,,,
7/2/2024 23:15,0,109,,,,,,,,,,,,,,,,,,
7/2/2024 23:00,0,110,,,,,,,,,,,,,,,,,,
7/2/2024 22:45,0,109,,,,,,,,,,,,,,,,,,
7/2/2024 22:30,0,109,,,,,,,,,,,,,,,,,,
7/2/2024 22:15,0,110,,,,,,,,,,,,,,,,,,
7/2/2024 22:00,0,110,,,,,,,,,,,,,,,,,,
7/2/2024 21:45,0,110,,,,,,,,,,,,,,,,,,
7/2/2024 21:30,0,110,,,,,,,,,,,,,,,,,,
7/2/2024 21:15,0,110,,,,,,,,,,,,,,,,,,
7/2/2024 21:00,0,110,,,,,,,,,,,,,,,,,,
7/2/2024 20:45,0,110,,,,,,,,,,,,,,,,,,
7/2/2024 20:30,0,110,,,,,,,,,,,,,,,,,,
7/2/2024 20:15,0,110,,,,,,,,,,,,,,,,,,
7/2/2024 20:00,0,110,,,,,,,,,,,,,,,,,,
7/2/2024 19:45,0,111,,,,,,,,,,,,,,,,,,
7/2/2024 19:30,0,111,,,,,,,,,,,,,,,,,,
7/2/2024 19:15,0,110,,,,,,,,,,,,,,,,,,
7/2/2024 19:00,0,111,,,,,,,,,,,,,,,,,,
7/2/2024 18:45,0,111,,,,,,,,,,,,,,,,,,
7/2/2024 18:30,0,111,,,,,,,,,,,,,,,,,,
7/2/2024 18:15,0,111,,,,,,,,,,,,,,,,,,
7/2/2024 18:00,0,111,,,,,,,,,,,,,,,,,,
7/2/2024 17:45,0,111,,,,,,,,,,,,,,,,,,
7/2/2024 17:30,0,111,,,,,,,,,,,,,,,,,,
7/2/2024 17:15,0,111,,,,,,,,,,,,,,,,,,
7/2/2024 17:00,0,111,,,,,,,,,,,,,,,,,,
7/2/2024 16:45,0,111,,,,,,,,,,,,,,,,,,
7/2/2024 16:30,0,111,,,,,,,,,,,,,,,,,,
7/2/2024 16:15,0,111,,,,,,,,,,,,,,,,,,
7/2/2024 16:00,0,111,,,,,,,,,,,,,,,,,,
7/2/2024 15:45,0,111,,,,,,,,,,,,,,,,,,
7/2/2024 15:30,0,111,,,,,,,,,,,,,,,,,,
7/2/2024 15:15,0,111,,,,,,,,,,,,,,,,,,
7/2/2024 15:00,0,111,,,,,,,,,,,,,,,,,,
7/2/2024 14:45,0,112,,,,,,,,,,,,,,,,,,
7/2/2024 14:30,0,112,,,,,,,,,,,,,,,,,,
7/2/2024 14:15,0,112,,,,,,,,,,,,,,,,,,
7/2/2024 14:00,0,112,,,,,,,,,,,,,,,,,,
7/2/2024 13:45,0,112,,,,,,,,,,,,,,,,,,
7/2/2024 13:30,0,112,,,,,,,,,,,,,,,,,,
7/2/2024 13:15,0,112,,,,,,,,,,,,,,,,,,
7/2/2024 13:00,0,112,,,,,,,,,,,,,,,,,,
7/2/2024 12:45,0,112,,,,,,,,,,,,,,,,,,
7/2/2024 12:30,0,112,,,,,,,,,,,,,,,,,,
7/2/2024 12:15,0,112,,,,,,,,,,,,,,,,,,
7/2/2024 12:00,0,112,,,,,,,,,,,,,,,,,,
7/2/2024 11:45,0,112,,,,,,,,,,,,,,,,,,
7/2/2024 11:30,0,112,,,,,,,,,,,,,,,,,,
7/2/2024 11:15,0,112,,,,,,,,,,,,,,,,,,
7/2/2024 11:00,0,112,,,,,,,,,,,,,,,,,,
7/2/2024 10:45,0,112,,,,,,,,,,,,,,,,,,
7/2/2024 10:30,0,112,,,,,,,,,,,,,,,,,,
7/2/2024 10:15,0,111,,,,,,,,,,,,,,,,,,
7/2/2024 10:00,0,111,,,,,,,,,,,,,,,,,,
7/2/2024 9:45,0,111,,,,,,,,,,,,,,,,,,
7/2/2024 9:30,0,111,,,,,,,,,,,,,,,,,,
7/2/2024 9:15,0,111,,,,,,,,,,,,,,,,,,
7/2/2024 9:00,0,110,,,,,,,,,,,,,,,,,,
7/2/2024 8:45,0,111,,,,,,,,,,,,,,,,,,
7/2/2024 8:30,0,111,,,,,,,,,,,,,,,,,,
7/2/2024 8:15,0,110,,,,,,,,,,,,,,,,,,
7/2/2024 8:00,0,110,,,,,,,,,,,,,,,,,,
7/2/2024 7:45,0,110,,,,,,,,,,,,,,,,,,
7/2/2024 7:30,0,110,,,,,,,,,,,,,,,,,,
7/2/2024 7:15,0,110,,,,,,,,,,,,,,,,,,
7/2/2024 7:00,0,111,,,,,,,,,,,,,,,,,,
7/2/2024 6:45,0,111,,,,,,,,,,,,,,,,,,
7/2/2024 6:30,0,111,,,,,,,,,,,,,,,,,,
7/2/2024 6:15,0,111,,,,,,,,,,,,,,,,,,
7/2/2024 6:00,0,111,,,,,,,,,,,,,,,,,,
7/2/2024 5:45,0,111,,,,,,,,,,,,,,,,,,
7/2/2024 5:30,0,111,,,,,,,,,,,,,,,,,,
7/2/2024 5:15,0,112,,,,,,,,,,,,,,,,,,
7/2/2024 5:00,0,112,,,,,,,,,,,,,,,,,,
7/2/2024 4:45,0,112,,,,,,,,,,,,,,,,,,
7/2/2024 4:30,0,112,,,,,,,,,,,,,,,,,,
7/2/2024 4:15,0,112,,,,,,,,,,,,,,,,,,
7/2/2024 4:00,0,112,,,,,,,,,,,,,,,,,,
7/2/2024 3:45,0,112,,,,,,,,,,,,,,,,,,
7/2/2024 3:30,0,112,,,,,,,,,,,,,,,,,,
7/2/2024 3:15,0,112,,,,,,,,,,,,,,,,,,
7/2/2024 3:00,0,112,,,,,,,,,,,,,,,,,,
7/2/2024 2:45,0,113,,,,,,,,,,,,,,,,,,
7/2/2024 2:30,0,112,,,,,,,,,,,,,,,,,,
7/2/2024 2:15,0,112,,,,,,,,,,,,,,,,,,
7/2/2024 2:00,0,112,,,,,,,,,,,,,,,,,,
7/2/2024 1:45,0,112,,,,,,,,,,,,,,,,,,
7/2/2024 1:30,0,112,,,,,,,,,,,,,,,,,,
7/2/2024 1:15,0,113,,,,,,,,,,,,,,,,,,
7/2/2024 1:00,0,113,,,,,,,,,,,,,,,,,,
7/2/2024 0:45,0,113,,,,,,,,,,,,,,,,,,
7/2/2024 0:30,0,113,,,,,,,,,,,,,,,,,,
7/2/2024 0:15,0,113,,,,,,,,,,,,,,,,,,
7/2/2024 0:00,0,113,,,,,,,,,,,,,,,,,,
6/2/2024 23:45,0,113,,,,,,,,,,,,,,,,,,
6/2/2024 23:30,0,113,,,,,,,,,,,,,,,,,,
6/2/2024 23:15,0,113,,,,,,,,,,,,,,,,,,
6/2/2024 23:00,0,113,,,,,,,,,,,,,,,,,,
6/2/2024 22:45,0,114,,,,,,,,,,,,,,,,,,
6/2/2024 22:30,0,114,,,,,,,,,,,,,,,,,,
6/2/2024 22:15,0,114,,,,,,,,,,,,,,,,,,
6/2/2024 22:00,0,114,,,,,,,,,,,,,,,,,,
6/2/2024 21:45,0,114,,,,,,,,,,,,,,,,,,
6/2/2024 21:30,0,114,,,,,,,,,,,,,,,,,,
6/2/2024 21:15,0,115,,,,,,,,,,,,,,,,,,
6/2/2024 21:00,0,115,,,,,,,,,,,,,,,,,,
6/2/2024 20:45,0,115,,,,,,,,,,,,,,,,,,
6/2/2024 20:30,0,115,,,,,,,,,,,,,,,,,,
6/2/2024 20:15,0,115,,,,,,,,,,,,,,,,,,
6/2/2024 20:00,0,115,,,,,,,,,,,,,,,,,,
6/2/2024 19:45,0,115,,,,,,,,,,,,,,,,,,
6/2/2024 19:30,0,115,,,,,,,,,,,,,,,,,,
6/2/2024 19:15,0,115,,,,,,,,,,,,,,,,,,
6/2/2024 19:00,0,115,,,,,,,,,,,,,,,,,,
6/2/2024 18:45,0,116,,,,,,,,,,,,,,,,,,
6/2/2024 18:30,0,116,,,,,,,,,,,,,,,,,,
6/2/2024 18:15,0,116,,,,,,,,,,,,,,,,,,
6/2/2024 18:00,0,116,,,,,,,,,,,,,,,,,,
6/2/2024 17:45,0,116,,,,,,,,,,,,,,,,,,
6/2/2024 17:30,0,116,,,,,,,,,,,,,,,,,,
6/2/2024 17:15,0,116,,,,,,,,,,,,,,,,,,
6/2/2024 17:00,0,116,,,,,,,,,,,,,,,,,,
6/2/2024 16:45,0,116,,,,,,,,,,,,,,,,,,
6/2/2024 16:30,0,116,,,,,,,,,,,,,,,,,,
6/2/2024 16:15,0,116,,,,,,,,,,,,,,,,,,
6/2/2024 16:00,0,116,,,,,,,,,,,,,,,,,,
6/2/2024 15:45,0,117,,,,,,,,,,,,,,,,,,
6/2/2024 15:30,0,117,,,,,,,,,,,,,,,,,,
6/2/2024 15:15,0,117,,,,,,,,,,,,,,,,,,
6/2/2024 15:00,0,117,,,,,,,,,,,,,,,,,,
6/2/2024 14:45,0,117,,,,,,,,,,,,,,,,,,
6/2/2024 14:30,0,117,,,,,,,,,,,,,,,,,,
6/2/2024 14:15,0,117,,,,,,,,,,,,,,,,,,
6/2/2024 14:00,0,117,,,,,,,,,,,,,,,,,,
6/2/2024 13:45,0,117,,,,,,,,,,,,,,,,,,
6/2/2024 13:30,0,117,,,,,,,,,,,,,,,,,,
6/2/2024 13:15,0,117,,,,,,,,,,,,,,,,,,
6/2/2024 13:00,0,117,,,,,,,,,,,,,,,,,,
6/2/2024 12:45,0,117,,,,,,,,,,,,,,,,,,
6/2/2024 12:30,0,118,,,,,,,,,,,,,,,,,,
6/2/2024 12:15,0,118,,,,,,,,,,,,,,,,,,
6/2/2024 12:00,0,118,,,,,,,,,,,,,,,,,,
6/2/2024 11:45,0,118,,,,,,,,,,,,,,,,,,
6/2/2024 11:30,0,118,,,,,,,,,,,,,,,,,,
6/2/2024 11:15,0,118,,,,,,,,,,,,,,,,,,
6/2/2024 11:00,0,118,,,,,,,,,,,,,,,,,,
6/2/2024 10:45,0,118,,,,,,,,,,,,,,,,,,
6/2/2024 10:30,0,118,,,,,,,,,,,,,,,,,,
6/2/2024 10:15,0,118,,,,,,,,,,,,,,,,,,
6/2/2024 10:00,0,119,,,,,,,,,,,,,,,,,,
6/2/2024 9:45,0,119,,,,,,,,,,,,,,,,,,
6/2/2024 9:30,0,119,,,,,,,,,,,,,,,,,,
6/2/2024 9:15,0,119,,,,,,,,,,,,,,,,,,
6/2/2024 9:00,0,119,,,,,,,,,,,,,,,,,,
6/2/2024 8:45,0,119,,,,,,,,,,,,,,,,,,
6/2/2024 8:30,0,119,,,,,,,,,,,,,,,,,,
6/2/2024 8:15,0,119,,,,,,,,,,,,,,,,,,
6/2/2024 8:00,0,119,,,,,,,,,,,,,,,,,,
6/2/2024 7:45,0,119,,,,,,,,,,,,,,,,,,
6/2/2024 7:30,0,119,,,,,,,,,,,,,,,,,,
6/2/2024 7:15,0,120,,,,,,,,,,,,,,,,,,
6/2/2024 7:00,0,120,,,,,,,,,,,,,,,,,,
6/2/2024 6:45,0,120,,,,,,,,,,,,,,,,,,
6/2/2024 6:30,0,120,,,,,,,,,,,,,,,,,,
6/2/2024 6:15,0,120,,,,,,,,,,,,,,,,,,
6/2/2024 6:00,0,120,,,,,,,,,,,,,,,,,,
6/2/2024 5:45,0,120,,,,,,,,,,,,,,,,,,
6/2/2024 5:30,0,120,,,,,,,,,,,,,,,,,,
6/2/2024 5:15,0,120,,,,,,,,,,,,,,,,,,
6/2/2024 5:00,0,120,,,,,,,,,,,,,,,,,,
6/2/2024 4:45,0,120,,,,,,,,,,,,,,,,,,
6/2/2024 4:30,0,120,,,,,,,,,,,,,,,,,,
6/2/2024 4:15,0,120,,,,,,,,,,,,,,,,,,
6/2/2024 4:00,0,120,,,,,,,,,,,,,,,,,,
6/2/2024 3:45,0,120,,,,,,,,,,,,,,,,,,
6/2/2024 3:30,0,121,,,,,,,,,,,,,,,,,,
6/2/2024 3:15,0,121,,,,,,,,,,,,,,,,,,
6/2/2024 3:00,0,121,,,,,,,,,,,,,,,,,,
6/2/2024 2:45,0,121,,,,,,,,,,,,,,,,,,
6/2/2024 2:30,0,121,,,,,,,,,,,,,,,,,,
6/2/2024 2:15,0,121,,,,,,,,,,,,,,,,,,
6/2/2024 2:00,0,122,,,,,,,,,,,,,,,,,,
6/2/2024 1:45,0,122,,,,,,,,,,,,,,,,,,
6/2/2024 1:30,0,122,,,,,,,,,,,,,,,,,,
6/2/2024 1:15,0,122,,,,,,,,,,,,,,,,,,
6/2/2024 1:00,0,122,,,,,,,,,,,,,,,,,,
6/2/2024 0:45,0,122,,,,,,,,,,,,,,,,,,
6/2/2024 0:30,0,122,,,,,,,,,,,,,,,,,,
6/2/2024 0:15,0,122,,,,,,,,,,,,,,,,,,
6/2/2024 0:00,0,123,,,,,,,,,,,,,,,,,,
5/2/2024 23:45,0,123,,,,,,,,,,,,,,,,,,
5/2/2024 23:30,,123,,,,,,,,,,,,,,,,,,
5/2/2024 23:15,,123,,,,,,,,,,,,,,,,,,
5/2/2024 23:00,,123,,,,,,,,,,,,,,,,,,
5/2/2024 22:45,,123,,,,,,,,,,,,,,,,,,
5/2/2024 22:30,0,123,,,,,,,,,,,,,,,,,,
5/2/2024 22:15,0,122,,,,,,,,,,,,,,,,,,
5/2/2024 22:00,0,123,,,,,,,,,,,,,,,,,,
5/2/2024 21:45,0,122,,,,,,,,,,,,,,,,,,
5/2/2024 21:30,0,122,,,,,,,,,,,,,,,,,,
5/2/2024 21:15,0,122,,,,,,,,,,,,,,,,,,
5/2/2024 21:00,0,122,,,,,,,,,,,,,,,,,,
5/2/2024 20:45,0,122,,,,,,,,,,,,,,,,,,
5/2/2024 20:30,0,122,,,,,,,,,,,,,,,,,,
5/2/2024 20:15,0,121,,,,,,,,,,,,,,,,,,
5/2/2024 20:00,0,121,,,,,,,,,,,,,,,,,,
5/2/2024 19:45,0,121,,,,,,,,,,,,,,,,,,
5/2/2024 19:30,0,120,,,,,,,,,,,,,,,,,,
5/2/2024 19:15,0,120,,,,,,,,,,,,,,,,,,
5/2/2024 19:00,0,120,,,,,,,,,,,,,,,,,,
5/2/2024 18:45,0,120,,,,,,,,,,,,,,,,,,
5/2/2024 18:30,0,119,,,,,,,,,,,,,,,,,,
5/2/2024 18:15,0,119,,,,,,,,,,,,,,,,,,
5/2/2024 18:00,0,119,,,,,,,,,,,,,,,,,,
5/2/2024 17:45,0,119,,,,,,,,,,,,,,,,,,
5/2/2024 17:30,0,119,,,,,,,,,,,,,,,,,,
5/2/2024 17:15,0,119,,,,,,,,,,,,,,,,,,
5/2/2024 17:00,0,118,,,,,,,,,,,,,,,,,,
5/2/2024 16:45,0,118,,,,,,,,,,,,,,,,,,
5/2/2024 16:30,0,119,,,,,,,,,,,,,,,,,,
5/2/2024 16:15,0,118,,,,,,,,,,,,,,,,,,
5/2/2024 16:00,0,118,,,,,,,,,,,,,,,,,,
5/2/2024 15:45,0,118,,,,,,,,,,,,,,,,,,
5/2/2024 15:30,0,118,,,,,,,,,,,,,,,,,,
5/2/2024 15:15,0,118,,,,,,,,,,,,,,,,,,
5/2/2024 15:00,0,118,,,,,,,,,,,,,,,,,,
5/2/2024 14:45,0,118,,,,,,,,,,,,,,,,,,
5/2/2024 14:30,0,119,,,,,,,,,,,,,,,,,,
5/2/2024 14:15,0,119,,,,,,,,,,,,,,,,,,
5/2/2024 14:00,0,118,,,,,,,,,,,,,,,,,,
5/2/2024 13:45,0,119,,,,,,,,,,,,,,,,,,
5/2/2024 13:30,0,118,,,,,,,,,,,,,,,,,,
5/2/2024 13:15,0,118,,,,,,,,,,,,,,,,,,
5/2/2024 13:00,0,119,,,,,,,,,,,,,,,,,,
5/2/2024 12:45,0,118,,,,,,,,,,,,,,,,,,
5/2/2024 12:30,0,119,,,,,,,,,,,,,,,,,,
5/2/2024 12:15,0,119,,,,,,,,,,,,,,,,,,
5/2/2024 12:00,0,119,,,,,,,,,,,,,,,,,,
5/2/2024 11:45,0,119,,,,,,,,,,,,,,,,,,
5/2/2024 11:30,0,119,,,,,,,,,,,,,,,,,,
5/2/2024 11:15,0,119,,,,,,,,,,,,,,,,,,
5/2/2024 11:00,0,119,,,,,,,,,,,,,,,,,,
5/2/2024 10:45,0,119,,,,,,,,,,,,,,,,,,
5/2/2024 10:30,0,119,,,,,,,,,,,,,,,,,,
5/2/2024 10:15,0,119,,,,,,,,,,,,,,,,,,
5/2/2024 10:00,0,119,,,,,,,,,,,,,,,,,,
5/2/2024 9:45,0,119,,,,,,,,,,,,,,,,,,
5/2/2024 9:30,0,119,,,,,,,,,,,,,,,,,,
5/2/2024 9:15,0,119,,,,,,,,,,,,,,,,,,
5/2/2024 9:00,0,119,,,,,,,,,,,,,,,,,,
5/2/2024 8:45,0,119,,,,,,,,,,,,,,,,,,
5/2/2024 8:30,0,119,,,,,,,,,,,,,,,,,,
5/2/2024 8:15,0,119,,,,,,,,,,,,,,,,,,
5/2/2024 8:00,0,119,,,,,,,,,,,,,,,,,,
5/2/2024 7:45,0,119,,,,,,,,,,,,,,,,,,
5/2/2024 7:30,0,119,,,,,,,,,,,,,,,,,,
5/2/2024 7:15,0,119,,,,,,,,,,,,,,,,,,
5/2/2024 7:00,0,119,,,,,,,,,,,,,,,,,,
5/2/2024 6:45,0,119,,,,,,,,,,,,,,,,,,
5/2/2024 6:30,0,119,,,,,,,,,,,,,,,,,,
5/2/2024 6:15,0,119,,,,,,,,,,,,,,,,,,
5/2/2024 6:00,0,119,,,,,,,,,,,,,,,,,,
5/2/2024 5:45,0,119,,,,,,,,,,,,,,,,,,
5/2/2024 5:30,0,119,,,,,,,,,,,,,,,,,,
5/2/2024 5:15,0,119,,,,,,,,,,,,,,,,,,
5/2/2024 5:00,0,119,,,,,,,,,,,,,,,,,,
5/2/2024 4:45,0,119,,,,,,,,,,,,,,,,,,
5/2/2024 4:30,0,119,,,,,,,,,,,,,,,,,,
5/2/2024 4:15,0,119,,,,,,,,,,,,,,,,,,
5/2/2024 4:00,0,119,,,,,,,,,,,,,,,,,,
5/2/2024 3:45,0,119,,,,,,,,,,,,,,,,,,
5/2/2024 3:30,0,120,,,,,,,,,,,,,,,,,,
5/2/2024 3:15,0,119,,,,,,,,,,,,,,,,,,
5/2/2024 3:00,0,119,,,,,,,,,,,,,,,,,,
5/2/2024 2:45,0,119,,,,,,,,,,,,,,,,,,
5/2/2024 2:30,0.2,119,,,,,,,,,,,,,,,,,,
5/2/2024 2:15,0,119,,,,,,,,,,,,,,,,,,
5/2/2024 2:00,0,119,,,,,,,,,,,,,,,,,,
5/2/2024 1:45,0,119,,,,,,,,,,,,,,,,,,
5/2/2024 1:30,0,119,,,,,,,,,,,,,,,,,,
5/2/2024 1:15,0,119,,,,,,,,,,,,,,,,,,
5/2/2024 1:00,0,119,,,,,,,,,,,,,,,,,,
5/2/2024 0:45,0,119,,,,,,,,,,,,,,,,,,
5/2/2024 0:30,0,119,,,,,,,,,,,,,,,,,,
5/2/2024 0:15,0,119,,,,,,,,,,,,,,,,,,
5/2/2024 0:00,0,120,,,,,,,,,,,,,,,,,,
4/2/2024 23:45,0,120,,,,,,,,,,,,,,,,,,
4/2/2024 23:30,0,120,,,,,,,,,,,,,,,,,,
4/2/2024 23:15,0,120,,,,,,,,,,,,,,,,,,
4/2/2024 23:00,0,120,,,,,,,,,,,,,,,,,,
4/2/2024 22:45,0,120,,,,,,,,,,,,,,,,,,
4/2/2024 22:30,0,120,,,,,,,,,,,,,,,,,,
4/2/2024 22:15,0,120,,,,,,,,,,,,,,,,,,
4/2/2024 22:00,0,120,,,,,,,,,,,,,,,,,,
4/2/2024 21:45,0,120,,,,,,,,,,,,,,,,,,
4/2/2024 21:30,0,120,,,,,,,,,,,,,,,,,,
4/2/2024 21:15,0,120,,,,,,,,,,,,,,,,,,
4/2/2024 21:00,0,121,,,,,,,,,,,,,,,,,,
4/2/2024 20:45,0,121,,,,,,,,,,,,,,,,,,
4/2/2024 20:30,0,121,,,,,,,,,,,,,,,,,,
4/2/2024 20:15,0,121,,,,,,,,,,,,,,,,,,
4/2/2024 20:00,0,121,,,,,,,,,,,,,,,,,,
4/2/2024 19:45,0,121,,,,,,,,,,,,,,,,,,
4/2/2024 19:30,0,121,,,,,,,,,,,,,,,,,,
4/2/2024 19:15,0,122,,,,,,,,,,,,,,,,,,
4/2/2024 19:00,0,122,,,,,,,,,,,,,,,,,,
4/2/2024 18:45,0,122,,,,,,,,,,,,,,,,,,
4/2/2024 18:30,0,122,,,,,,,,,,,,,,,,,,
4/2/2024 18:15,0,122,,,,,,,,,,,,,,,,,,
4/2/2024 18:00,0,122,,,,,,,,,,,,,,,,,,
4/2/2024 17:45,0,122,,,,,,,,,,,,,,,,,,
4/2/2024 17:30,0.4,122,,,,,,,,,,,,,,,,,,
4/2/2024 17:15,0.2,123,,,,,,,,,,,,,,,,,,
4/2/2024 17:00,0,122,,,,,,,,,,,,,,,,,,
4/2/2024 16:45,0,123,,,,,,,,,,,,,,,,,,
4/2/2024 16:30,0,123,,,,,,,,,,,,,,,,,,
4/2/2024 16:15,0,122,,,,,,,,,,,,,,,,,,
4/2/2024 16:00,0,123,,,,,,,,,,,,,,,,,,
4/2/2024 15:45,0,123,,,,,,,,,,,,,,,,,,
4/2/2024 15:30,0,123,,,,,,,,,,,,,,,,,,
4/2/2024 15:15,0,123,,,,,,,,,,,,,,,,,,
4/2/2024 15:00,0,123,,,,,,,,,,,,,,,,,,
4/2/2024 14:45,0,124,,,,,,,,,,,,,,,,,,
4/2/2024 14:30,0,124,,,,,,,,,,,,,,,,,,
4/2/2024 14:15,0,124,,,,,,,,,,,,,,,,,,
4/2/2024 14:00,0,123,,,,,,,,,,,,,,,,,,
4/2/2024 13:45,0,124,,,,,,,,,,,,,,,,,,
4/2/2024 13:30,0,124,,,,,,,,,,,,,,,,,,
4/2/2024 13:15,0,124,,,,,,,,,,,,,,,,,,
4/2/2024 13:00,0,124,,,,,,,,,,,,,,,,,,
4/2/2024 12:45,0,124,,,,,,,,,,,,,,,,,,
4/2/2024 12:30,0,124,,,,,,,,,,,,,,,,,,
4/2/2024 12:15,0,124,,,,,,,,,,,,,,,,,,
4/2/2024 12:00,0,124,,,,,,,,,,,,,,,,,,
4/2/2024 11:45,0,124,,,,,,,,,,,,,,,,,,
4/2/2024 11:30,0,124,,,,,,,,,,,,,,,,,,
4/2/2024 11:15,0,124,,,,,,,,,,,,,,,,,,
4/2/2024 11:00,0,124,,,,,,,,,,,,,,,,,,
4/2/2024 10:45,0,124,,,,,,,,,,,,,,,,,,
4/2/2024 10:30,0,124,,,,,,,,,,,,,,,,,,
4/2/2024 10:15,0,123,,,,,,,,,,,,,,,,,,
4/2/2024 10:00,0,123,,,,,,,,,,,,,,,,,,
4/2/2024 9:45,0,123,,,,,,,,,,,,,,,,,,
4/2/2024 9:30,0,123,,,,,,,,,,,,,,,,,,
4/2/2024 9:15,0,123,,,,,,,,,,,,,,,,,,
4/2/2024 9:00,0,123,,,,,,,,,,,,,,,,,,
4/2/2024 8:45,0,123,,,,,,,,,,,,,,,,,,
4/2/2024 8:30,0,123,,,,,,,,,,,,,,,,,,
4/2/2024 8:15,0,123,,,,,,,,,,,,,,,,,,
4/2/2024 8:00,0,123,,,,,,,,,,,,,,,,,,
4/2/2024 7:45,0,123,,,,,,,,,,,,,,,,,,
4/2/2024 7:30,0,123,,,,,,,,,,,,,,,,,,
4/2/2024 7:15,0,123,,,,,,,,,,,,,,,,,,
4/2/2024 7:00,0,123,,,,,,,,,,,,,,,,,,
4/2/2024 6:45,0,123,,,,,,,,,,,,,,,,,,
4/2/2024 6:30,0,123,,,,,,,,,,,,,,,,,,
4/2/2024 6:15,0,123,,,,,,,,,,,,,,,,,,
4/2/2024 6:00,0,123,,,,,,,,,,,,,,,,,,
4/2/2024 5:45,0,123,,,,,,,,,,,,,,,,,,
4/2/2024 5:30,0,123,,,,,,,,,,,,,,,,,,
4/2/2024 5:15,0,123,,,,,,,,,,,,,,,,,,
4/2/2024 5:00,0,123,,,,,,,,,,,,,,,,,,
4/2/2024 4:45,0,123,,,,,,,,,,,,,,,,,,
4/2/2024 4:30,0,123,,,,,,,,,,,,,,,,,,
4/2/2024 4:15,0,123,,,,,,,,,,,,,,,,,,
4/2/2024 4:00,0,123,,,,,,,,,,,,,,,,,,
4/2/2024 3:45,0,123,,,,,,,,,,,,,,,,,,
4/2/2024 3:30,0,123,,,,,,,,,,,,,,,,,,
4/2/2024 3:15,0,123,,,,,,,,,,,,,,,,,,
4/2/2024 3:00,0,123,,,,,,,,,,,,,,,,,,
4/2/2024 2:45,0,123,,,,,,,,,,,,,,,,,,
4/2/2024 2:30,0,123,,,,,,,,,,,,,,,,,,
4/2/2024 2:15,0,123,,,,,,,,,,,,,,,,,,
4/2/2024 2:00,0,123,,,,,,,,,,,,,,,,,,
4/2/2024 1:45,0,123,,,,,,,,,,,,,,,,,,
4/2/2024 1:30,0,123,,,,,,,,,,,,,,,,,,
4/2/2024 1:15,0,123,,,,,,,,,,,,,,,,,,
4/2/2024 1:00,0,123,,,,,,,,,,,,,,,,,,
4/2/2024 0:45,0,123,,,,,,,,,,,,,,,,,,
4/2/2024 0:30,0,123,,,,,,,,,,,,,,,,,,
4/2/2024 0:15,0,123,,,,,,,,,,,,,,,,,,
4/2/2024 0:00,0,124,,,,,,,,,,,,,,,,,,
3/2/2024 23:45,0,124,,,,,,,,,,,,,,,,,,
3/2/2024 23:30,0,124,,,,,,,,,,,,,,,,,,
3/2/2024 23:15,0,124,,,,,,,,,,,,,,,,,,
3/2/2024 23:00,0,124,,,,,,,,,,,,,,,,,,
3/2/2024 22:45,0,124,,,,,,,,,,,,,,,,,,
3/2/2024 22:00,,124,,,,,,,,,,,,,,,,,,
3/2/2024 21:45,,124,,,,,,,,,,,,,,,,,,
3/2/2024 21:30,0,124,,,,,,,,,,,,,,,,,,
3/2/2024 21:15,0,125,,,,,,,,,,,,,,,,,,
3/2/2024 21:00,0,125,,,,,,,,,,,,,,,,,,
3/2/2024 20:45,0,125,,,,,,,,,,,,,,,,,,
3/2/2024 20:30,0,125,,,,,,,,,,,,,,,,,,
3/2/2024 20:15,0,125,,,,,,,,,,,,,,,,,,
3/2/2024 20:00,0,125,,,,,,,,,,,,,,,,,,
3/2/2024 19:45,0,125,,,,,,,,,,,,,,,,,,
3/2/2024 19:30,0,125,,,,,,,,,,,,,,,,,,
3/2/2024 19:15,0,125,,,,,,,,,,,,,,,,,,
3/2/2024 19:00,0,126,,,,,,,,,,,,,,,,,,
3/2/2024 18:45,0,126,,,,,,,,,,,,,,,,,,
3/2/2024 18:30,0,126,,,,,,,,,,,,,,,,,,
3/2/2024 18:15,0,126,,,,,,,,,,,,,,,,,,
3/2/2024 18:00,0,126,,,,,,,,,,,,,,,,,,
3/2/2024 17:45,0,126,,,,,,,,,,,,,,,,,,
3/2/2024 17:30,0,126,,,,,,,,,,,,,,,,,,
3/2/2024 17:15,0,126,,,,,,,,,,,,,,,,,,
3/2/2024 17:00,0,127,,,,,,,,,,,,,,,,,,
3/2/2024 16:45,0,127,,,,,,,,,,,,,,,,,,
3/2/2024 16:30,0,127,,,,,,,,,,,,,,,,,,
3/2/2024 16:15,0,127,,,,,,,,,,,,,,,,,,
3/2/2024 16:00,0,127,,,,,,,,,,,,,,,,,,
3/2/2024 15:45,0,127,,,,,,,,,,,,,,,,,,
3/2/2024 15:30,0,127,,,,,,,,,,,,,,,,,,
3/2/2024 15:15,0,127,,,,,,,,,,,,,,,,,,
3/2/2024 15:00,0,127,,,,,,,,,,,,,,,,,,
3/2/2024 14:45,0,127,,,,,,,,,,,,,,,,,,
3/2/2024 14:30,0,127,,,,,,,,,,,,,,,,,,
3/2/2024 14:15,0,127,,,,,,,,,,,,,,,,,,
3/2/2024 14:00,0,127,,,,,,,,,,,,,,,,,,
3/2/2024 13:45,0,128,,,,,,,,,,,,,,,,,,
3/2/2024 13:30,0,127,,,,,,,,,,,,,,,,,,
3/2/2024 13:15,0,128,,,,,,,,,,,,,,,,,,
3/2/2024 13:00,0,128,,,,,,,,,,,,,,,,,,
3/2/2024 12:45,0,128,,,,,,,,,,,,,,,,,,
3/2/2024 12:30,0,128,,,,,,,,,,,,,,,,,,
3/2/2024 12:15,0,128,,,,,,,,,,,,,,,,,,
3/2/2024 12:00,0,128,,,,,,,,,,,,,,,,,,
3/2/2024 11:45,0,128,,,,,,,,,,,,,,,,,,
3/2/2024 11:30,0,128,,,,,,,,,,,,,,,,,,
3/2/2024 11:15,0,128,,,,,,,,,,,,,,,,,,
3/2/2024 11:00,0,128,,,,,,,,,,,,,,,,,,
3/2/2024 10:45,0,128,,,,,,,,,,,,,,,,,,
3/2/2024 10:30,0,128,,,,,,,,,,,,,,,,,,
3/2/2024 10:15,0,128,,,,,,,,,,,,,,,,,,
3/2/2024 10:00,0,128,,,,,,,,,,,,,,,,,,
3/2/2024 9:45,0,129,,,,,,,,,,,,,,,,,,
3/2/2024 9:30,0,128,,,,,,,,,,,,,,,,,,
3/2/2024 9:15,0,129,,,,,,,,,,,,,,,,,,
3/2/2024 9:00,0,128,,,,,,,,,,,,,,,,,,
3/2/2024 8:45,0,129,,,,,,,,,,,,,,,,,,
3/2/2024 8:30,0,129,,,,,,,,,,,,,,,,,,
3/2/2024 8:15,0,129,,,,,,,,,,,,,,,,,,
3/2/2024 8:00,0,129,,,,,,,,,,,,,,,,,,
3/2/2024 7:45,0,129,,,,,,,,,,,,,,,,,,
3/2/2024 7:30,0,129,,,,,,,,,,,,,,,,,,
3/2/2024 7:15,0,129,,,,,,,,,,,,,,,,,,
3/2/2024 7:00,0,129,,,,,,,,,,,,,,,,,,
3/2/2024 6:45,0,129,,,,,,,,,,,,,,,,,,
3/2/2024 6:30,0,129,,,,,,,,,,,,,,,,,,
3/2/2024 6:15,0,129,,,,,,,,,,,,,,,,,,
3/2/2024 6:00,0,129,,,,,,,,,,,,,,,,,,
3/2/2024 5:45,0,129,,,,,,,,,,,,,,,,,,
3/2/2024 5:30,0,129,,,,,,,,,,,,,,,,,,
3/2/2024 5:15,0,129,,,,,,,,,,,,,,,,,,
3/2/2024 5:00,0,129,,,,,,,,,,,,,,,,,,
3/2/2024 4:45,0,129,,,,,,,,,,,,,,,,,,
3/2/2024 4:30,0,129,,,,,,,,,,,,,,,,,,
3/2/2024 4:15,0,129,,,,,,,,,,,,,,,,,,
3/2/2024 4:00,0,129,,,,,,,,,,,,,,,,,,
3/2/2024 3:45,0,129,,,,,,,,,,,,,,,,,,
3/2/2024 3:30,0,129,,,,,,,,,,,,,,,,,,
3/2/2024 3:15,0,129,,,,,,,,,,,,,,,,,,
3/2/2024 3:00,0,129,,,,,,,,,,,,,,,,,,
3/2/2024 2:45,0,129,,,,,,,,,,,,,,,,,,
3/2/2024 2:30,0,129,,,,,,,,,,,,,,,,,,
3/2/2024 2:15,0,129,,,,,,,,,,,,,,,,,,
3/2/2024 2:00,0,129,,,,,,,,,,,,,,,,,,
3/2/2024 1:45,0,129,,,,,,,,,,,,,,,,,,
3/2/2024 1:30,0,129,,,,,,,,,,,,,,,,,,
3/2/2024 1:15,0,129,,,,,,,,,,,,,,,,,,
3/2/2024 1:00,0,129,,,,,,,,,,,,,,,,,,
3/2/2024 0:45,0,129,,,,,,,,,,,,,,,,,,
3/2/2024 0:30,0,130,,,,,,,,,,,,,,,,,,
3/2/2024 0:15,0,130,,,,,,,,,,,,,,,,,,
3/2/2024 0:00,0,130,,,,,,,,,,,,,,,,,,
2/2/2024 23:45,0,130,,,,,,,,,,,,,,,,,,
2/2/2024 23:30,0,130,,,,,,,,,,,,,,,,,,
2/2/2024 23:15,0,130,,,,,,,,,,,,,,,,,,
2/2/2024 23:00,0,130,,,,,,,,,,,,,,,,,,
2/2/2024 22:45,0,130,,,,,,,,,,,,,,,,,,
2/2/2024 22:30,0,130,,,,,,,,,,,,,,,,,,
2/2/2024 22:15,0,130,,,,,,,,,,,,,,,,,,
2/2/2024 22:00,0,130,,,,,,,,,,,,,,,,,,
2/2/2024 21:45,0,130,,,,,,,,,,,,,,,,,,
2/2/2024 21:30,0,131,,,,,,,,,,,,,,,,,,
2/2/2024 21:15,0,131,,,,,,,,,,,,,,,,,,
2/2/2024 21:00,0,131,,,,,,,,,,,,,,,,,,
2/2/2024 20:45,0,131,,,,,,,,,,,,,,,,,,
2/2/2024 20:30,0,131,,,,,,,,,,,,,,,,,,
2/2/2024 20:15,0,131,,,,,,,,,,,,,,,,,,
2/2/2024 20:00,0,131,,,,,,,,,,,,,,,,,,
2/2/2024 19:45,0,131,,,,,,,,,,,,,,,,,,
2/2/2024 19:30,0,132,,,,,,,,,,,,,,,,,,
2/2/2024 19:15,0,132,,,,,,,,,,,,,,,,,,
2/2/2024 19:00,0,132,,,,,,,,,,,,,,,,,,
2/2/2024 18:45,0,132,,,,,,,,,,,,,,,,,,
2/2/2024 18:30,0,132,,,,,,,,,,,,,,,,,,
2/2/2024 18:15,0,132,,,,,,,,,,,,,,,,,,
2/2/2024 18:00,0,132,,,,,,,,,,,,,,,,,,
2/2/2024 17:45,0,133,,,,,,,,,,,,,,,,,,
2/2/2024 17:30,0,132,,,,,,,,,,,,,,,,,,
2/2/2024 17:15,0,133,,,,,,,,,,,,,,,,,,
2/2/2024 17:00,0,133,,,,,,,,,,,,,,,,,,
2/2/2024 16:45,0,133,,,,,,,,,,,,,,,,,,
2/2/2024 16:30,0,133,,,,,,,,,,,,,,,,,,
2/2/2024 16:15,0,133,,,,,,,,,,,,,,,,,,
2/2/2024 16:00,0,134,,,,,,,,,,,,,,,,,,
2/2/2024 15:45,0,134,,,,,,,,,,,,,,,,,,
2/2/2024 15:30,0,133,,,,,,,,,,,,,,,,,,
2/2/2024 15:15,0,134,,,,,,,,,,,,,,,,,,
2/2/2024 15:00,0,134,,,,,,,,,,,,,,,,,,
2/2/2024 14:45,0,134,,,,,,,,,,,,,,,,,,
2/2/2024 14:30,0,134,,,,,,,,,,,,,,,,,,
2/2/2024 14:15,0,134,,,,,,,,,,,,,,,,,,
2/2/2024 14:00,0,134,,,,,,,,,,,,,,,,,,
2/2/2024 13:45,0,135,,,,,,,,,,,,,,,,,,
2/2/2024 13:30,0,135,,,,,,,,,,,,,,,,,,
2/2/2024 13:15,0,135,,,,,,,,,,,,,,,,,,
2/2/2024 13:00,0,135,,,,,,,,,,,,,,,,,,
2/2/2024 12:45,0,135,,,,,,,,,,,,,,,,,,
2/2/2024 12:30,0,135,,,,,,,,,,,,,,,,,,
2/2/2024 12:15,0,135,,,,,,,,,,,,,,,,,,
2/2/2024 12:00,0,136,,,,,,,,,,,,,,,,,,
2/2/2024 11:45,0,136,,,,,,,,,,,,,,,,,,
2/2/2024 11:30,0,136,,,,,,,,,,,,,,,,,,
2/2/2024 11:15,0,136,,,,,,,,,,,,,,,,,,
2/2/2024 11:00,0,136,,,,,,,,,,,,,,,,,,
2/2/2024 10:45,0,136,,,,,,,,,,,,,,,,,,
2/2/2024 10:30,0,136,,,,,,,,,,,,,,,,,,
2/2/2024 10:15,0,136,,,,,,,,,,,,,,,,,,
2/2/2024 10:00,0,136,,,,,,,,,,,,,,,,,,
2/2/2024 9:45,0,136,,,,,,,,,,,,,,,,,,
2/2/2024 9:30,0,136,,,,,,,,,,,,,,,,,,
2/2/2024 9:15,0,136,,,,,,,,,,,,,,,,,,
2/2/2024 9:00,0,137,,,,,,,,,,,,,,,,,,
2/2/2024 8:45,0,137,,,,,,,,,,,,,,,,,,
2/2/2024 8:30,0,137,,,,,,,,,,,,,,,,,,
2/2/2024 8:15,0,137,,,,,,,,,,,,,,,,,,
2/2/2024 8:00,0,137,,,,,,,,,,,,,,,,,,
2/2/2024 7:45,0,137,,,,,,,,,,,,,,,,,,
2/2/2024 7:30,0,137,,,,,,,,,,,,,,,,,,
2/2/2024 7:15,0.2,137,,,,,,,,,,,,,,,,,,
2/2/2024 7:00,0,137,,,,,,,,,,,,,,,,,,
2/2/2024 6:45,0,137,,,,,,,,,,,,,,,,,,
2/2/2024 6:30,0,137,,,,,,,,,,,,,,,,,,
2/2/2024 6:15,0,138,,,,,,,,,,,,,,,,,,
2/2/2024 6:00,0,137,,,,,,,,,,,,,,,,,,
2/2/2024 5:45,0,137,,,,,,,,,,,,,,,,,,
2/2/2024 5:30,0,138,,,,,,,,,,,,,,,,,,
2/2/2024 5:15,0,138,,,,,,,,,,,,,,,,,,
2/2/2024 5:00,0,138,,,,,,,,,,,,,,,,,,
2/2/2024 4:45,0,138,,,,,,,,,,,,,,,,,,
2/2/2024 4:30,0,138,,,,,,,,,,,,,,,,,,
2/2/2024 4:15,0,138,,,,,,,,,,,,,,,,,,
2/2/2024 4:00,0,138,,,,,,,,,,,,,,,,,,
2/2/2024 3:45,0,138,,,,,,,,,,,,,,,,,,
2/2/2024 3:30,0,138,,,,,,,,,,,,,,,,,,
2/2/2024 3:15,0,138,,,,,,,,,,,,,,,,,,
2/2/2024 3:00,0,138,,,,,,,,,,,,,,,,,,
2/2/2024 2:45,0,138,,,,,,,,,,,,,,,,,,
2/2/2024 2:30,0,138,,,,,,,,,,,,,,,,,,
2/2/2024 2:15,0,138,,,,,,,,,,,,,,,,,,
2/2/2024 2:00,0,138,,,,,,,,,,,,,,,,,,
2/2/2024 1:45,0,138,,,,,,,,,,,,,,,,,,
2/2/2024 1:30,0,138,,,,,,,,,,,,,,,,,,
2/2/2024 1:15,0,138,,,,,,,,,,,,,,,,,,
2/2/2024 1:00,0,138,,,,,,,,,,,,,,,,,,
2/2/2024 0:45,0,138,,,,,,,,,,,,,,,,,,
2/2/2024 0:30,0,138,,,,,,,,,,,,,,,,,,
2/2/2024 0:15,0,139,,,,,,,,,,,,,,,,,,
2/2/2024 0:00,0,138,,,,,,,,,,,,,,,,,,
1/2/2024 23:45,0,139,,,,,,,,,,,,,,,,,,
1/2/2024 23:30,0,138,,,,,,,,,,,,,,,,,,
1/2/2024 23:15,0,139,,,,,,,,,,,,,,,,,,
1/2/2024 23:00,0,138,,,,,,,,,,,,,,,,,,
1/2/2024 22:45,0,139,,,,,,,,,,,,,,,,,,
1/2/2024 22:30,0,138,,,,,,,,,,,,,,,,,,
1/2/2024 22:15,0,139,,,,,,,,,,,,,,,,,,
1/2/2024 22:00,0,139,,,,,,,,,,,,,,,,,,
1/2/2024 21:45,0,139,,,,,,,,,,,,,,,,,,
1/2/2024 20:30,0,139,,,,,,,,,,,,,,,,,,
1/2/2024 20:15,0,140,,,,,,,,,,,,,,,,,,
1/2/2024 20:00,0,139,,,,,,,,,,,,,,,,,,
1/2/2024 19:45,0,139,,,,,,,,,,,,,,,,,,
1/2/2024 19:30,0,139,,,,,,,,,,,,,,,,,,
1/2/2024 19:15,0,140,,,,,,,,,,,,,,,,,,
1/2/2024 19:00,0,140,,,,,,,,,,,,,,,,,,
1/2/2024 18:45,0,140,,,,,,,,,,,,,,,,,,
1/2/2024 18:30,0,140,,,,,,,,,,,,,,,,,,
1/2/2024 18:15,0,140,,,,,,,,,,,,,,,,,,
1/2/2024 18:00,0,140,,,,,,,,,,,,,,,,,,
1/2/2024 17:45,0,141,,,,,,,,,,,,,,,,,,
1/2/2024 17:30,0,141,,,,,,,,,,,,,,,,,,
1/2/2024 17:15,0,141,,,,,,,,,,,,,,,,,,
1/2/2024 17:00,0,141,,,,,,,,,,,,,,,,,,
1/2/2024 16:45,0,141,,,,,,,,,,,,,,,,,,
1/2/2024 16:30,0,141,,,,,,,,,,,,,,,,,,
1/2/2024 16:15,0,141,,,,,,,,,,,,,,,,,,
1/2/2024 16:00,0,141,,,,,,,,,,,,,,,,,,
1/2/2024 15:45,0,142,,,,,,,,,,,,,,,,,,
1/2/2024 15:30,0,142,,,,,,,,,,,,,,,,,,
1/2/2024 15:15,0,142,,,,,,,,,,,,,,,,,,
1/2/2024 15:00,0,142,,,,,,,,,,,,,,,,,,
1/2/2024 14:45,0,142,,,,,,,,,,,,,,,,,,
1/2/2024 14:30,0,143,,,,,,,,,,,,,,,,,,
1/2/2024 14:15,0,143,,,,,,,,,,,,,,,,,,
1/2/2024 14:00,0,143,,,,,,,,,,,,,,,,,,
1/2/2024 13:45,0,143,,,,,,,,,,,,,,,,,,
1/2/2024 13:30,0,143,,,,,,,,,,,,,,,,,,
1/2/2024 13:15,0,143,,,,,,,,,,,,,,,,,,
1/2/2024 13:00,0,144,,,,,,,,,,,,,,,,,,
1/2/2024 12:45,0,144,,,,,,,,,,,,,,,,,,
1/2/2024 12:30,0,144,,,,,,,,,,,,,,,,,,
1/2/2024 12:15,0,144,,,,,,,,,,,,,,,,,,
1/2/2024 12:00,0,144,,,,,,,,,,,,,,,,,,
1/2/2024 11:45,0,144,,,,,,,,,,,,,,,,,,
1/2/2024 11:30,0,145,,,,,,,,,,,,,,,,,,
1/2/2024 11:15,0,145,,,,,,,,,,,,,,,,,,
1/2/2024 11:00,0,145,,,,,,,,,,,,,,,,,,
1/2/2024 10:45,0,145,,,,,,,,,,,,,,,,,,
1/2/2024 10:30,0,145,,,,,,,,,,,,,,,,,,
1/2/2024 10:15,0,145,,,,,,,,,,,,,,,,,,
1/2/2024 10:00,0,145,,,,,,,,,,,,,,,,,,
1/2/2024 9:45,0,145,,,,,,,,,,,,,,,,,,
1/2/2024 9:30,0,145,,,,,,,,,,,,,,,,,,
1/2/2024 9:15,0,146,,,,,,,,,,,,,,,,,,
1/2/2024 9:00,0,146,,,,,,,,,,,,,,,,,,
1/2/2024 8:45,0,146,,,,,,,,,,,,,,,,,,
1/2/2024 8:30,0,146,,,,,,,,,,,,,,,,,,
1/2/2024 8:15,0,146,,,,,,,,,,,,,,,,,,
1/2/2024 8:00,0,146,,,,,,,,,,,,,,,,,,
1/2/2024 7:45,0,146,,,,,,,,,,,,,,,,,,
1/2/2024 7:30,0,146,,,,,,,,,,,,,,,,,,
1/2/2024 7:15,0,146,,,,,,,,,,,,,,,,,,
1/2/2024 7:00,0,146,,,,,,,,,,,,,,,,,,
1/2/2024 6:45,0,146,,,,,,,,,,,,,,,,,,
1/2/2024 6:30,0,146,,,,,,,,,,,,,,,,,,
1/2/2024 6:15,0,146,,,,,,,,,,,,,,,,,,
1/2/2024 6:00,0,146,,,,,,,,,,,,,,,,,,
1/2/2024 5:45,0,147,,,,,,,,,,,,,,,,,,
1/2/2024 5:30,0,147,,,,,,,,,,,,,,,,,,
1/2/2024 5:15,0,147,,,,,,,,,,,,,,,,,,
1/2/2024 5:00,0,147,,,,,,,,,,,,,,,,,,
1/2/2024 4:45,0,147,,,,,,,,,,,,,,,,,,
1/2/2024 4:30,0,147,,,,,,,,,,,,,,,,,,
1/2/2024 4:15,0,147,,,,,,,,,,,,,,,,,,
1/2/2024 4:00,0,147,,,,,,,,,,,,,,,,,,
1/2/2024 3:45,0,147,,,,,,,,,,,,,,,,,,
1/2/2024 3:30,0,147,,,,,,,,,,,,,,,,,,
1/2/2024 3:15,0,147,,,,,,,,,,,,,,,,,,
1/2/2024 3:00,0,148,,,,,,,,,,,,,,,,,,
1/2/2024 2:45,0,148,,,,,,,,,,,,,,,,,,
1/2/2024 2:30,0,148,,,,,,,,,,,,,,,,,,
1/2/2024 2:15,0,148,,,,,,,,,,,,,,,,,,
1/2/2024 2:00,0,148,,,,,,,,,,,,,,,,,,
1/2/2024 1:45,0,148,,,,,,,,,,,,,,,,,,
1/2/2024 1:30,0,148,,,,,,,,,,,,,,,,,,
1/2/2024 1:15,0,148,,,,,,,,,,,,,,,,,,
1/2/2024 1:00,0,148,,,,,,,,,,,,,,,,,,
1/2/2024 0:45,0,148,,,,,,,,,,,,,,,,,,
1/2/2024 0:30,0,148,,,,,,,,,,,,,,,,,,
1/2/2024 0:15,0,148,,,,,,,,,,,,,,,,,,
1/2/2024 0:00,0,148,,,,,,,,,,,,,,,,,,
31/01/2024 23:45:00,0,148,,,,,,,,,,,,,,,,,,
31/01/2024 23:30:00,0,148,,,,,,,,,,,,,,,,,,
31/01/2024 23:15:00,0,149,,,,,,,,,,,,,,,,,,
31/01/2024 23:00:00,0,148,,,,,,,,,,,,,,,,,,
31/01/2024 22:45:00,0,149,,,,,,,,,,,,,,,,,,
31/01/2024 22:30:00,0,149,,,,,,,,,,,,,,,,,,
31/01/2024 22:15:00,0,149,,,,,,,,,,,,,,,,,,
31/01/2024 22:00:00,0,149,,,,,,,,,,,,,,,,,,
31/01/2024 21:45:00,0,149,,,,,,,,,,,,,,,,,,
31/01/2024 21:30:00,0,149,,,,,,,,,,,,,,,,,,
31/01/2024 21:15:00,0,149,,,,,,,,,,,,,,,,,,
31/01/2024 21:00:00,0,149,,,,,,,,,,,,,,,,,,
31/01/2024 20:45:00,0,149,,,,,,,,,,,,,,,,,,
31/01/2024 20:30:00,0,149,,,,,,,,,,,,,,,,,,
31/01/2024 20:15:00,0,150,,,,,,,,,,,,,,,,,,
31/01/2024 20:00:00,0,150,,,,,,,,,,,,,,,,,,
31/01/2024 19:45:00,0,150,,,,,,,,,,,,,,,,,,
31/01/2024 19:30:00,0,150,,,,,,,,,,,,,,,,,,
31/01/2024 19:15:00,0,150,,,,,,,,,,,,,,,,,,
31/01/2024 19:00:00,0,150,,,,,,,,,,,,,,,,,,
31/01/2024 18:45:00,0,150,,,,,,,,,,,,,,,,,,
31/01/2024 18:30:00,0,150,,,,,,,,,,,,,,,,,,
31/01/2024 18:15:00,0,150,,,,,,,,,,,,,,,,,,
31/01/2024 18:00:00,0,150,,,,,,,,,,,,,,,,,,
31/01/2024 17:45:00,0,151,,,,,,,,,,,,,,,,,,
31/01/2024 17:30:00,0,151,,,,,,,,,,,,,,,,,,
31/01/2024 17:15:00,0,151,,,,,,,,,,,,,,,,,,
31/01/2024 17:00:00,0,151,,,,,,,,,,,,,,,,,,
31/01/2024 16:45:00,0,151,,,,,,,,,,,,,,,,,,
31/01/2024 16:30:00,0,151,,,,,,,,,,,,,,,,,,
31/01/2024 16:15:00,0,152,,,,,,,,,,,,,,,,,,
31/01/2024 16:00:00,0,152,,,,,,,,,,,,,,,,,,
31/01/2024 15:45:00,0,152,,,,,,,,,,,,,,,,,,
31/01/2024 15:30:00,0,152,,,,,,,,,,,,,,,,,,
31/01/2024 15:15:00,0,152,,,,,,,,,,,,,,,,,,
31/01/2024 15:00:00,0,153,,,,,,,,,,,,,,,,,,
31/01/2024 14:45:00,0,153,,,,,,,,,,,,,,,,,,
31/01/2024 14:30:00,0,153,,,,,,,,,,,,,,,,,,
31/01/2024 14:15:00,0,153,,,,,,,,,,,,,,,,,,
31/01/2024 14:00:00,0,153,,,,,,,,,,,,,,,,,,
31/01/2024 13:45:00,0,153,,,,,,,,,,,,,,,,,,
31/01/2024 13:30:00,0,153,,,,,,,,,,,,,,,,,,
31/01/2024 13:15:00,0,154,,,,,,,,,,,,,,,,,,
31/01/2024 13:00:00,0,154,,,,,,,,,,,,,,,,,,
31/01/2024 12:45:00,0,154,,,,,,,,,,,,,,,,,,
31/01/2024 12:30:00,0,154,,,,,,,,,,,,,,,,,,
31/01/2024 12:15:00,0,154,,,,,,,,,,,,,,,,,,
31/01/2024 12:00:00,0,154,,,,,,,,,,,,,,,,,,
31/01/2024 11:45:00,0,155,,,,,,,,,,,,,,,,,,
31/01/2024 11:30:00,0,155,,,,,,,,,,,,,,,,,,
31/01/2024 11:15:00,0,155,,,,,,,,,,,,,,,,,,
31/01/2024 11:00:00,0,155,,,,,,,,,,,,,,,,,,
31/01/2024 10:45:00,0,155,,,,,,,,,,,,,,,,,,
31/01/2024 10:30:00,0,155,,,,,,,,,,,,,,,,,,
31/01/2024 10:15:00,0,155,,,,,,,,,,,,,,,,,,
31/01/2024 10:00:00,0,156,,,,,,,,,,,,,,,,,,
31/01/2024 09:45:00,0,156,,,,,,,,,,,,,,,,,,
31/01/2024 09:30:00,0,156,,,,,,,,,,,,,,,,,,
31/01/2024 09:15:00,0,156,,,,,,,,,,,,,,,,,,
31/01/2024 09:00:00,0,156,,,,,,,,,,,,,,,,,,
31/01/2024 08:45:00,0,156,,,,,,,,,,,,,,,,,,
31/01/2024 08:30:00,0,156,,,,,,,,,,,,,,,,,,
31/01/2024 08:15:00,0,156,,,,,,,,,,,,,,,,,,
31/01/2024 08:00:00,0,156,,,,,,,,,,,,,,,,,,
31/01/2024 07:45:00,0,156,,,,,,,,,,,,,,,,,,
31/01/2024 07:30:00,0,156,,,,,,,,,,,,,,,,,,
31/01/2024 07:15:00,0,157,,,,,,,,,,,,,,,,,,
31/01/2024 07:00:00,0,157,,,,,,,,,,,,,,,,,,
31/01/2024 06:45:00,0,157,,,,,,,,,,,,,,,,,,
31/01/2024 06:30:00,0,157,,,,,,,,,,,,,,,,,,
31/01/2024 06:15:00,0,157,,,,,,,,,,,,,,,,,,
31/01/2024 06:00:00,0,158,,,,,,,,,,,,,,,,,,
31/01/2024 05:45:00,0,158,,,,,,,,,,,,,,,,,,
31/01/2024 05:30:00,0,158,,,,,,,,,,,,,,,,,,
31/01/2024 05:15:00,0,158,,,,,,,,,,,,,,,,,,
31/01/2024 05:00:00,0,158,,,,,,,,,,,,,,,,,,
31/01/2024 04:45:00,0,158,,,,,,,,,,,,,,,,,,
31/01/2024 04:30:00,0,158,,,,,,,,,,,,,,,,,,
31/01/2024 04:15:00,0,158,,,,,,,,,,,,,,,,,,
31/01/2024 04:00:00,0,159,,,,,,,,,,,,,,,,,,
31/01/2024 03:45:00,0,159,,,,,,,,,,,,,,,,,,
31/01/2024 03:30:00,0,159,,,,,,,,,,,,,,,,,,
31/01/2024 03:15:00,0,159,,,,,,,,,,,,,,,,,,
31/01/2024 03:00:00,0,159,,,,,,,,,,,,,,,,,,
31/01/2024 02:45:00,0,159,,,,,,,,,,,,,,,,,,
31/01/2024 02:30:00,0,159,,,,,,,,,,,,,,,,,,
31/01/2024 02:15:00,0,159,,,,,,,,,,,,,,,,,,
31/01/2024 02:00:00,0,159,,,,,,,,,,,,,,,,,,
31/01/2024 01:45:00,0,159,,,,,,,,,,,,,,,,,,
31/01/2024 01:30:00,0,159,,,,,,,,,,,,,,,,,,
31/01/2024 01:15:00,0,159,,,,,,,,,,,,,,,,,,
31/01/2024 01:00:00,0,160,,,,,,,,,,,,,,,,,,
31/01/2024 00:45:00,0,159,,,,,,,,,,,,,,,,,,
31/01/2024 00:30:00,0,160,,,,,,,,,,,,,,,,,,
31/01/2024 00:15:00,0,160,,,,,,,,,,,,,,,,,,
31/01/2024 00:00:00,0,160,,,,,,,,,,,,,,,,,,
30/01/2024 23:45:00,0,160,,,,,,,,,,,,,,,,,,
30/01/2024 23:30:00,0,160,,,,,,,,,,,,,,,,,,
30/01/2024 23:15:00,0,160,,,,,,,,,,,,,,,,,,
30/01/2024 23:00:00,0,160,,,,,,,,,,,,,,,,,,
30/01/2024 22:45:00,0,160,,,,,,,,,,,,,,,,,,
30/01/2024 22:30:00,0,160,,,,,,,,,,,,,,,,,,
30/01/2024 22:15:00,0,160,,,,,,,,,,,,,,,,,,
30/01/2024 22:00:00,0,160,,,,,,,,,,,,,,,,,,
30/01/2024 21:45:00,0,160,,,,,,,,,,,,,,,,,,
30/01/2024 21:30:00,0,160,,,,,,,,,,,,,,,,,,
30/01/2024 21:15:00,0,160,,,,,,,,,,,,,,,,,,
30/01/2024 21:00:00,0,160,,,,,,,,,,,,,,,,,,
30/01/2024 20:45:00,0,160,,,,,,,,,,,,,,,,,,
30/01/2024 20:30:00,0,160,,,,,,,,,,,,,,,,,,
30/01/2024 20:15:00,0,161,,,,,,,,,,,,,,,,,,
30/01/2024 20:00:00,0,161,,,,,,,,,,,,,,,,,,
30/01/2024 19:45:00,0,161,,,,,,,,,,,,,,,,,,
30/01/2024 19:30:00,0,161,,,,,,,,,,,,,,,,,,
30/01/2024 19:15:00,0,161,,,,,,,,,,,,,,,,,,
30/01/2024 19:00:00,0,161,,,,,,,,,,,,,,,,,,
30/01/2024 18:45:00,0,161,,,,,,,,,,,,,,,,,,
30/01/2024 18:30:00,0,161,,,,,,,,,,,,,,,,,,
30/01/2024 18:15:00,0,161,,,,,,,,,,,,,,,,,,
30/01/2024 18:00:00,0,162,,,,,,,,,,,,,,,,,,
30/01/2024 17:45:00,0,162,,,,,,,,,,,,,,,,,,
30/01/2024 17:30:00,0,161,,,,,,,,,,,,,,,,,,
30/01/2024 17:15:00,0,162,,,,,,,,,,,,,,,,,,
30/01/2024 17:00:00,0,162,,,,,,,,,,,,,,,,,,
30/01/2024 16:45:00,0,162,,,,,,,,,,,,,,,,,,
30/01/2024 16:30:00,0,162,,,,,,,,,,,,,,,,,,
30/01/2024 16:15:00,0,162,,,,,,,,,,,,,,,,,,
30/01/2024 16:00:00,0,162,,,,,,,,,,,,,,,,,,
30/01/2024 15:45:00,0,162,,,,,,,,,,,,,,,,,,
30/01/2024 15:30:00,0,163,,,,,,,,,,,,,,,,,,
30/01/2024 15:15:00,0,163,,,,,,,,,,,,,,,,,,
30/01/2024 15:00:00,0,163,,,,,,,,,,,,,,,,,,
30/01/2024 14:45:00,0,163,,,,,,,,,,,,,,,,,,
30/01/2024 14:30:00,0,164,,,,,,,,,,,,,,,,,,
30/01/2024 14:15:00,0,163,,,,,,,,,,,,,,,,,,
30/01/2024 14:00:00,0,164,,,,,,,,,,,,,,,,,,
30/01/2024 13:45:00,0,164,,,,,,,,,,,,,,,,,,
30/01/2024 13:30:00,0,164,,,,,,,,,,,,,,,,,,
30/01/2024 13:15:00,0,164,,,,,,,,,,,,,,,,,,
30/01/2024 13:00:00,0,164,,,,,,,,,,,,,,,,,,
30/01/2024 12:45:00,0,165,,,,,,,,,,,,,,,,,,
30/01/2024 12:30:00,0,165,,,,,,,,,,,,,,,,,,
30/01/2024 12:15:00,0,165,,,,,,,,,,,,,,,,,,
30/01/2024 12:00:00,0,165,,,,,,,,,,,,,,,,,,
30/01/2024 11:45:00,0,166,,,,,,,,,,,,,,,,,,
30/01/2024 11:30:00,0,166,,,,,,,,,,,,,,,,,,
30/01/2024 11:15:00,0,166,,,,,,,,,,,,,,,,,,
30/01/2024 11:00:00,0,166,,,,,,,,,,,,,,,,,,
30/01/2024 10:45:00,0,166,,,,,,,,,,,,,,,,,,
30/01/2024 10:30:00,0,166,,,,,,,,,,,,,,,,,,
30/01/2024 10:15:00,0,167,,,,,,,,,,,,,,,,,,
30/01/2024 10:00:00,0,167,,,,,,,,,,,,,,,,,,
30/01/2024 09:45:00,0,167,,,,,,,,,,,,,,,,,,
30/01/2024 09:30:00,0,167,,,,,,,,,,,,,,,,,,
30/01/2024 09:15:00,0,167,,,,,,,,,,,,,,,,,,
30/01/2024 09:00:00,0,167,,,,,,,,,,,,,,,,,,
30/01/2024 08:45:00,0,167,,,,,,,,,,,,,,,,,,
30/01/2024 08:30:00,0,168,,,,,,,,,,,,,,,,,,
30/01/2024 08:15:00,0,168,,,,,,,,,,,,,,,,,,
30/01/2024 08:00:00,0,168,,,,,,,,,,,,,,,,,,
30/01/2024 07:45:00,0,168,,,,,,,,,,,,,,,,,,
30/01/2024 07:30:00,0,169,,,,,,,,,,,,,,,,,,
30/01/2024 07:15:00,0,169,,,,,,,,,,,,,,,,,,
30/01/2024 07:00:00,0,169,,,,,,,,,,,,,,,,,,
30/01/2024 06:45:00,0,169,,,,,,,,,,,,,,,,,,
30/01/2024 06:30:00,0,170,,,,,,,,,,,,,,,,,,
30/01/2024 06:15:00,0,170,,,,,,,,,,,,,,,,,,
30/01/2024 06:00:00,0,170,,,,,,,,,,,,,,,,,,
30/01/2024 05:45:00,0,170,,,,,,,,,,,,,,,,,,
30/01/2024 05:30:00,0,170,,,,,,,,,,,,,,,,,,
30/01/2024 05:15:00,0,170,,,,,,,,,,,,,,,,,,
30/01/2024 05:00:00,0,170,,,,,,,,,,,,,,,,,,
30/01/2024 04:45:00,0,171,,,,,,,,,,,,,,,,,,
30/01/2024 04:30:00,0,171,,,,,,,,,,,,,,,,,,
30/01/2024 04:15:00,0,171,,,,,,,,,,,,,,,,,,
30/01/2024 04:00:00,0,171,,,,,,,,,,,,,,,,,,
30/01/2024 03:45:00,0,172,,,,,,,,,,,,,,,,,,
30/01/2024 03:30:00,0,172,,,,,,,,,,,,,,,,,,
30/01/2024 03:15:00,0,172,,,,,,,,,,,,,,,,,,
30/01/2024 03:00:00,0,172,,,,,,,,,,,,,,,,,,
30/01/2024 02:45:00,0,172,,,,,,,,,,,,,,,,,,
30/01/2024 02:30:00,0,172,,,,,,,,,,,,,,,,,,
30/01/2024 02:15:00,0,173,,,,,,,,,,,,,,,,,,
30/01/2024 02:00:00,0,173,,,,,,,,,,,,,,,,,,
30/01/2024 01:45:00,0,173,,,,,,,,,,,,,,,,,,
30/01/2024 01:30:00,0,173,,,,,,,,,,,,,,,,,,
30/01/2024 01:15:00,0,174,,,,,,,,,,,,,,,,,,
30/01/2024 01:00:00,0,174,,,,,,,,,,,,,,,,,,
30/01/2024 00:45:00,0,174,,,,,,,,,,,,,,,,,,
30/01/2024 00:30:00,0,174,,,,,,,,,,,,,,,,,,
30/01/2024 00:15:00,0,174,,,,,,,,,,,,,,,,,,
30/01/2024 00:00:00,0,174,,,,,,,,,,,,,,,,,,
29/01/2024 23:45:00,0,174,,,,,,,,,,,,,,,,,,
29/01/2024 23:30:00,0,174,,,,,,,,,,,,,,,,,,
29/01/2024 23:15:00,0,175,,,,,,,,,,,,,,,,,,
29/01/2024 23:00:00,0,175,,,,,,,,,,,,,,,,,,
29/01/2024 22:45:00,0,175,,,,,,,,,,,,,,,,,,
29/01/2024 21:30:00,0,176,,,,,,,,,,,,,,,,,,
29/01/2024 21:15:00,0,176,,,,,,,,,,,,,,,,,,
29/01/2024 21:00:00,0,176,,,,,,,,,,,,,,,,,,
29/01/2024 20:45:00,0,176,,,,,,,,,,,,,,,,,,
29/01/2024 20:30:00,0,176,,,,,,,,,,,,,,,,,,
29/01/2024 20:15:00,0,176,,,,,,,,,,,,,,,,,,
29/01/2024 20:00:00,0,177,,,,,,,,,,,,,,,,,,
29/01/2024 19:45:00,0,177,,,,,,,,,,,,,,,,,,
29/01/2024 19:30:00,0,176,,,,,,,,,,,,,,,,,,
29/01/2024 19:15:00,0,177,,,,,,,,,,,,,,,,,,
29/01/2024 19:00:00,0,177,,,,,,,,,,,,,,,,,,
29/01/2024 18:45:00,0,177,,,,,,,,,,,,,,,,,,
29/01/2024 18:30:00,0,177,,,,,,,,,,,,,,,,,,
29/01/2024 18:15:00,0,178,,,,,,,,,,,,,,,,,,
29/01/2024 18:00:00,0,177,,,,,,,,,,,,,,,,,,
29/01/2024 17:45:00,0,178,,,,,,,,,,,,,,,,,,
29/01/2024 17:30:00,0,178,,,,,,,,,,,,,,,,,,
29/01/2024 17:15:00,0,178,,,,,,,,,,,,,,,,,,
29/01/2024 17:00:00,0,178,,,,,,,,,,,,,,,,,,
29/01/2024 16:45:00,0,178,,,,,,,,,,,,,,,,,,
29/01/2024 16:30:00,0,178,,,,,,,,,,,,,,,,,,
29/01/2024 16:15:00,0,178,,,,,,,,,,,,,,,,,,
29/01/2024 16:00:00,0,178,,,,,,,,,,,,,,,,,,
29/01/2024 15:45:00,0,179,,,,,,,,,,,,,,,,,,
29/01/2024 15:30:00,0,179,,,,,,,,,,,,,,,,,,
29/01/2024 15:15:00,0,179,,,,,,,,,,,,,,,,,,
29/01/2024 15:00:00,0,179,,,,,,,,,,,,,,,,,,
29/01/2024 14:45:00,0,179,,,,,,,,,,,,,,,,,,
29/01/2024 14:30:00,0,180,,,,,,,,,,,,,,,,,,
29/01/2024 14:15:00,0,179,,,,,,,,,,,,,,,,,,
29/01/2024 14:00:00,0,179,,,,,,,,,,,,,,,,,,
29/01/2024 13:45:00,0,180,,,,,,,,,,,,,,,,,,
29/01/2024 13:30:00,0,180,,,,,,,,,,,,,,,,,,
29/01/2024 13:15:00,0,180,,,,,,,,,,,,,,,,,,
29/01/2024 13:00:00,0,180,,,,,,,,,,,,,,,,,,
29/01/2024 12:45:00,0,179,,,,,,,,,,,,,,,,,,
29/01/2024 12:30:00,0,180,,,,,,,,,,,,,,,,,,
29/01/2024 12:15:00,0,179,,,,,,,,,,,,,,,,,,
29/01/2024 12:00:00,0,179,,,,,,,,,,,,,,,,,,
29/01/2024 11:45:00,0,179,,,,,,,,,,,,,,,,,,
29/01/2024 11:30:00,0,180,,,,,,,,,,,,,,,,,,
29/01/2024 11:15:00,0,179,,,,,,,,,,,,,,,,,,
29/01/2024 11:00:00,0,179,,,,,,,,,,,,,,,,,,
29/01/2024 10:45:00,0,179,,,,,,,,,,,,,,,,,,
29/01/2024 10:30:00,0,179,,,,,,,,,,,,,,,,,,
29/01/2024 10:15:00,0,179,,,,,,,,,,,,,,,,,,
29/01/2024 10:00:00,0,178,,,,,,,,,,,,,,,,,,
29/01/2024 09:45:00,0,179,,,,,,,,,,,,,,,,,,
29/01/2024 09:30:00,0,178,,,,,,,,,,,,,,,,,,
29/01/2024 09:15:00,0,178,,,,,,,,,,,,,,,,,,
29/01/2024 09:00:00,0,178,,,,,,,,,,,,,,,,,,
29/01/2024 08:45:00,0,178,,,,,,,,,,,,,,,,,,
29/01/2024 08:30:00,0,178,,,,,,,,,,,,,,,,,,
29/01/2024 08:15:00,0,178,,,,,,,,,,,,,,,,,,
29/01/2024 08:00:00,0,177,,,,,,,,,,,,,,,,,,
29/01/2024 07:45:00,0,178,,,,,,,,,,,,,,,,,,
29/01/2024 07:30:00,0,178,,,,,,,,,,,,,,,,,,
29/01/2024 07:15:00,0,178,,,,,,,,,,,,,,,,,,
29/01/2024 07:00:00,0,178,,,,,,,,,,,,,,,,,,
29/01/2024 06:45:00,0,178,,,,,,,,,,,,,,,,,,
29/01/2024 06:30:00,0,177,,,,,,,,,,,,,,,,,,
29/01/2024 06:15:00,0,178,,,,,,,,,,,,,,,,,,
29/01/2024 06:00:00,0,178,,,,,,,,,,,,,,,,,,
29/01/2024 05:45:00,0,178,,,,,,,,,,,,,,,,,,
29/01/2024 05:30:00,0,179,,,,,,,,,,,,,,,,,,
29/01/2024 05:15:00,0,178,,,,,,,,,,,,,,,,,,
29/01/2024 05:00:00,0,178,,,,,,,,,,,,,,,,,,
29/01/2024 04:45:00,0,179,,,,,,,,,,,,,,,,,,
29/01/2024 04:30:00,0,179,,,,,,,,,,,,,,,,,,
29/01/2024 04:15:00,0,179,,,,,,,,,,,,,,,,,,
29/01/2024 04:00:00,0,179,,,,,,,,,,,,,,,,,,
29/01/2024 03:45:00,0,179,,,,,,,,,,,,,,,,,,
29/01/2024 03:30:00,0,179,,,,,,,,,,,,,,,,,,
29/01/2024 03:15:00,0,180,,,,,,,,,,,,,,,,,,
29/01/2024 03:00:00,0,179,,,,,,,,,,,,,,,,,,
29/01/2024 02:45:00,0,180,,,,,,,,,,,,,,,,,,
29/01/2024 02:30:00,0,180,,,,,,,,,,,,,,,,,,
29/01/2024 02:15:00,0,180,,,,,,,,,,,,,,,,,,
29/01/2024 02:00:00,0,180,,,,,,,,,,,,,,,,,,
29/01/2024 01:45:00,0,180,,,,,,,,,,,,,,,,,,
29/01/2024 01:30:00,0,181,,,,,,,,,,,,,,,,,,
29/01/2024 01:15:00,0,181,,,,,,,,,,,,,,,,,,
29/01/2024 01:00:00,0,180,,,,,,,,,,,,,,,,,,
29/01/2024 00:45:00,0,180,,,,,,,,,,,,,,,,,,
29/01/2024 00:30:00,0,181,,,,,,,,,,,,,,,,,,
29/01/2024 00:15:00,0,181,,,,,,,,,,,,,,,,,,
29/01/2024 00:00:00,0,181,,,,,,,,,,,,,,,,,,
28/01/2024 23:45:00,0,181,,,,,,,,,,,,,,,,,,
28/01/2024 23:30:00,0,181,,,,,,,,,,,,,,,,,,
28/01/2024 23:15:00,0,181,,,,,,,,,,,,,,,,,,
28/01/2024 23:00:00,0,181,,,,,,,,,,,,,,,,,,
28/01/2024 22:45:00,0,182,,,,,,,,,,,,,,,,,,
28/01/2024 22:30:00,0,182,,,,,,,,,,,,,,,,,,
28/01/2024 22:15:00,0,182,,,,,,,,,,,,,,,,,,
28/01/2024 22:00:00,0,182,,,,,,,,,,,,,,,,,,
28/01/2024 21:45:00,0,182,,,,,,,,,,,,,,,,,,
28/01/2024 20:30:00,0,182,,,,,,,,,,,,,,,,,,
28/01/2024 20:15:00,0,182,,,,,,,,,,,,,,,,,,
28/01/2024 20:00:00,0,183,,,,,,,,,,,,,,,,,,
28/01/2024 19:45:00,0,183,,,,,,,,,,,,,,,,,,
28/01/2024 19:30:00,0,183,,,,,,,,,,,,,,,,,,
28/01/2024 19:15:00,0,182,,,,,,,,,,,,,,,,,,
28/01/2024 19:00:00,0,183,,,,,,,,,,,,,,,,,,
28/01/2024 18:45:00,0,183,,,,,,,,,,,,,,,,,,
28/01/2024 18:30:00,0,183,,,,,,,,,,,,,,,,,,
28/01/2024 18:15:00,0,183,,,,,,,,,,,,,,,,,,
28/01/2024 18:00:00,0,183,,,,,,,,,,,,,,,,,,
28/01/2024 17:45:00,0,183,,,,,,,,,,,,,,,,,,
28/01/2024 17:30:00,0,183,,,,,,,,,,,,,,,,,,
28/01/2024 17:15:00,0,183,,,,,,,,,,,,,,,,,,
28/01/2024 17:00:00,0,183,,,,,,,,,,,,,,,,,,
28/01/2024 16:45:00,0,183,,,,,,,,,,,,,,,,,,
28/01/2024 16:30:00,0.2,183,,,,,,,,,,,,,,,,,,
28/01/2024 16:15:00,0,183,,,,,,,,,,,,,,,,,,
28/01/2024 16:00:00,0,183,,,,,,,,,,,,,,,,,,
28/01/2024 15:45:00,0,184,,,,,,,,,,,,,,,,,,
28/01/2024 15:30:00,0,183,,,,,,,,,,,,,,,,,,
28/01/2024 15:15:00,0.2,183,,,,,,,,,,,,,,,,,,
28/01/2024 15:00:00,0.4,183,,,,,,,,,,,,,,,,,,
28/01/2024 14:45:00,0.6,184,,,,,,,,,,,,,,,,,,
28/01/2024 14:30:00,0,183,,,,,,,,,,,,,,,,,,
28/01/2024 14:15:00,0,184,,,,,,,,,,,,,,,,,,
28/01/2024 14:00:00,0,184,,,,,,,,,,,,,,,,,,
28/01/2024 13:45:00,0,184,,,,,,,,,,,,,,,,,,
28/01/2024 13:30:00,0,184,,,,,,,,,,,,,,,,,,
28/01/2024 13:15:00,0,184,,,,,,,,,,,,,,,,,,
28/01/2024 13:00:00,0,184,,,,,,,,,,,,,,,,,,
28/01/2024 12:45:00,0,184,,,,,,,,,,,,,,,,,,
28/01/2024 12:30:00,0,185,,,,,,,,,,,,,,,,,,
28/01/2024 12:15:00,0,184,,,,,,,,,,,,,,,,,,
28/01/2024 12:00:00,0,185,,,,,,,,,,,,,,,,,,
28/01/2024 11:45:00,0,185,,,,,,,,,,,,,,,,,,
28/01/2024 11:30:00,0,185,,,,,,,,,,,,,,,,,,
28/01/2024 11:15:00,0,185,,,,,,,,,,,,,,,,,,
28/01/2024 11:00:00,0,185,,,,,,,,,,,,,,,,,,
28/01/2024 10:45:00,0,186,,,,,,,,,,,,,,,,,,
28/01/2024 10:30:00,0,186,,,,,,,,,,,,,,,,,,
28/01/2024 10:15:00,0,186,,,,,,,,,,,,,,,,,,
28/01/2024 10:00:00,0,186,,,,,,,,,,,,,,,,,,
28/01/2024 09:45:00,0,186,,,,,,,,,,,,,,,,,,
28/01/2024 09:30:00,0,187,,,,,,,,,,,,,,,,,,
28/01/2024 09:15:00,0,186,,,,,,,,,,,,,,,,,,
28/01/2024 09:00:00,0,187,,,,,,,,,,,,,,,,,,
28/01/2024 08:45:00,0,187,,,,,,,,,,,,,,,,,,
28/01/2024 08:30:00,0,187,,,,,,,,,,,,,,,,,,
28/01/2024 08:15:00,0,187,,,,,,,,,,,,,,,,,,
28/01/2024 08:00:00,0,187,,,,,,,,,,,,,,,,,,
28/01/2024 07:45:00,0,188,,,,,,,,,,,,,,,,,,
28/01/2024 07:30:00,0,188,,,,,,,,,,,,,,,,,,
28/01/2024 07:15:00,0,188,,,,,,,,,,,,,,,,,,
28/01/2024 07:00:00,0,189,,,,,,,,,,,,,,,,,,
28/01/2024 06:45:00,0,189,,,,,,,,,,,,,,,,,,
28/01/2024 06:30:00,0,189,,,,,,,,,,,,,,,,,,
28/01/2024 06:15:00,0,189,,,,,,,,,,,,,,,,,,
28/01/2024 06:00:00,0,189,,,,,,,,,,,,,,,,,,
28/01/2024 05:45:00,0,189,,,,,,,,,,,,,,,,,,
28/01/2024 05:30:00,0,190,,,,,,,,,,,,,,,,,,
28/01/2024 05:15:00,0,190,,,,,,,,,,,,,,,,,,
28/01/2024 05:00:00,0,190,,,,,,,,,,,,,,,,,,
28/01/2024 04:45:00,0,190,,,,,,,,,,,,,,,,,,
28/01/2024 04:30:00,0,190,,,,,,,,,,,,,,,,,,
28/01/2024 04:15:00,0,190,,,,,,,,,,,,,,,,,,
28/01/2024 04:00:00,0,191,,,,,,,,,,,,,,,,,,
28/01/2024 03:45:00,0,191,,,,,,,,,,,,,,,,,,
28/01/2024 03:30:00,0,191,,,,,,,,,,,,,,,,,,
28/01/2024 03:15:00,0,191,,,,,,,,,,,,,,,,,,
28/01/2024 03:00:00,0,191,,,,,,,,,,,,,,,,,,
28/01/2024 02:45:00,0,191,,,,,,,,,,,,,,,,,,
28/01/2024 02:30:00,0,191,,,,,,,,,,,,,,,,,,
28/01/2024 02:15:00,0,192,,,,,,,,,,,,,,,,,,
28/01/2024 02:00:00,0,192,,,,,,,,,,,,,,,,,,
28/01/2024 01:45:00,0,192,,,,,,,,,,,,,,,,,,
28/01/2024 01:30:00,0,192,,,,,,,,,,,,,,,,,,
28/01/2024 01:15:00,0,193,,,,,,,,,,,,,,,,,,
28/01/2024 01:00:00,0,193,,,,,,,,,,,,,,,,,,
28/01/2024 00:45:00,0,193,,,,,,,,,,,,,,,,,,
28/01/2024 00:30:00,0,193,,,,,,,,,,,,,,,,,,
28/01/2024 00:15:00,0,193,,,,,,,,,,,,,,,,,,
28/01/2024 00:00:00,0,193,,,,,,,,,,,,,,,,,,
27/01/2024 23:45:00,0,194,,,,,,,,,,,,,,,,,,
27/01/2024 23:30:00,0,194,,,,,,,,,,,,,,,,,,
27/01/2024 23:15:00,0,193,,,,,,,,,,,,,,,,,,
27/01/2024 23:00:00,0,194,,,,,,,,,,,,,,,,,,
27/01/2024 22:45:00,0,194,,,,,,,,,,,,,,,,,,
27/01/2024 22:30:00,0,194,,,,,,,,,,,,,,,,,,
27/01/2024 22:15:00,0,194,,,,,,,,,,,,,,,,,,
27/01/2024 22:00:00,0,194,,,,,,,,,,,,,,,,,,
27/01/2024 21:45:00,0,194,,,,,,,,,,,,,,,,,,
27/01/2024 21:30:00,0,195,,,,,,,,,,,,,,,,,,
27/01/2024 21:15:00,0,195,,,,,,,,,,,,,,,,,,
27/01/2024 21:00:00,0,195,,,,,,,,,,,,,,,,,,
27/01/2024 20:45:00,0,195,,,,,,,,,,,,,,,,,,
27/01/2024 20:30:00,0,195,,,,,,,,,,,,,,,,,,
27/01/2024 20:15:00,0,195,,,,,,,,,,,,,,,,,,
27/01/2024 20:00:00,0,195,,,,,,,,,,,,,,,,,,
27/01/2024 19:45:00,0,195,,,,,,,,,,,,,,,,,,
27/01/2024 19:30:00,0,195,,,,,,,,,,,,,,,,,,
27/01/2024 19:15:00,0,196,,,,,,,,,,,,,,,,,,
27/01/2024 19:00:00,0,196,,,,,,,,,,,,,,,,,,
27/01/2024 18:45:00,0,195,,,,,,,,,,,,,,,,,,
27/01/2024 18:30:00,0,196,,,,,,,,,,,,,,,,,,
27/01/2024 18:15:00,0,196,,,,,,,,,,,,,,,,,,
27/01/2024 18:00:00,0,196,,,,,,,,,,,,,,,,,,
27/01/2024 17:45:00,0,196,,,,,,,,,,,,,,,,,,
27/01/2024 17:30:00,0,197,,,,,,,,,,,,,,,,,,
27/01/2024 17:15:00,0,197,,,,,,,,,,,,,,,,,,
27/01/2024 17:00:00,0,197,,,,,,,,,,,,,,,,,,
27/01/2024 16:45:00,0,197,,,,,,,,,,,,,,,,,,
27/01/2024 16:30:00,0,197,,,,,,,,,,,,,,,,,,
27/01/2024 16:15:00,0,197,,,,,,,,,,,,,,,,,,
27/01/2024 16:00:00,0,197,,,,,,,,,,,,,,,,,,
27/01/2024 15:45:00,0,197,,,,,,,,,,,,,,,,,,
27/01/2024 15:30:00,0,198,,,,,,,,,,,,,,,,,,
27/01/2024 15:15:00,0,198,,,,,,,,,,,,,,,,,,
27/01/2024 15:00:00,0,198,,,,,,,,,,,,,,,,,,
27/01/2024 14:45:00,0,198,,,,,,,,,,,,,,,,,,
27/01/2024 14:30:00,0,198,,,,,,,,,,,,,,,,,,
27/01/2024 14:15:00,0,198,,,,,,,,,,,,,,,,,,
27/01/2024 14:00:00,0,198,,,,,,,,,,,,,,,,,,
27/01/2024 13:45:00,0,199,,,,,,,,,,,,,,,,,,
27/01/2024 13:30:00,0,199,,,,,,,,,,,,,,,,,,
27/01/2024 13:15:00,0,199,,,,,,,,,,,,,,,,,,
27/01/2024 13:00:00,0,200,,,,,,,,,,,,,,,,,,
27/01/2024 12:45:00,0,200,,,,,,,,,,,,,,,,,,
27/01/2024 12:30:00,0,200,,,,,,,,,,,,,,,,,,
27/01/2024 12:15:00,0,200,,,,,,,,,,,,,,,,,,
27/01/2024 12:00:00,0,200,,,,,,,,,,,,,,,,,,
27/01/2024 11:45:00,0,200,,,,,,,,,,,,,,,,,,
27/01/2024 11:30:00,0,201,,,,,,,,,,,,,,,,,,
27/01/2024 11:15:00,0,201,,,,,,,,,,,,,,,,,,
27/01/2024 11:00:00,0,201,,,,,,,,,,,,,,,,,,
27/01/2024 10:45:00,0,201,,,,,,,,,,,,,,,,,,
27/01/2024 10:30:00,0,202,,,,,,,,,,,,,,,,,,
27/01/2024 10:15:00,0,202,,,,,,,,,,,,,,,,,,
27/01/2024 10:00:00,0,202,,,,,,,,,,,,,,,,,,
27/01/2024 09:45:00,0,203,,,,,,,,,,,,,,,,,,
27/01/2024 09:30:00,0,203,,,,,,,,,,,,,,,,,,
27/01/2024 09:15:00,0,203,,,,,,,,,,,,,,,,,,
27/01/2024 09:00:00,0,203,,,,,,,,,,,,,,,,,,
27/01/2024 08:45:00,0,203,,,,,,,,,,,,,,,,,,
27/01/2024 08:30:00,0,204,,,,,,,,,,,,,,,,,,
27/01/2024 08:15:00,0,204,,,,,,,,,,,,,,,,,,
27/01/2024 08:00:00,0,204,,,,,,,,,,,,,,,,,,
27/01/2024 07:45:00,0,205,,,,,,,,,,,,,,,,,,
27/01/2024 07:30:00,0,205,,,,,,,,,,,,,,,,,,
27/01/2024 07:15:00,0,205,,,,,,,,,,,,,,,,,,
27/01/2024 07:00:00,0,205,,,,,,,,,,,,,,,,,,
27/01/2024 06:45:00,0,206,,,,,,,,,,,,,,,,,,
27/01/2024 06:30:00,0,206,,,,,,,,,,,,,,,,,,
27/01/2024 06:15:00,0,206,,,,,,,,,,,,,,,,,,
27/01/2024 06:00:00,0,206,,,,,,,,,,,,,,,,,,
27/01/2024 05:45:00,0,207,,,,,,,,,,,,,,,,,,
27/01/2024 05:30:00,0,207,,,,,,,,,,,,,,,,,,
27/01/2024 05:15:00,0,207,,,,,,,,,,,,,,,,,,
27/01/2024 05:00:00,0,208,,,,,,,,,,,,,,,,,,
27/01/2024 04:45:00,0,207,,,,,,,,,,,,,,,,,,
27/01/2024 04:30:00,0,208,,,,,,,,,,,,,,,,,,
27/01/2024 04:15:00,0,208,,,,,,,,,,,,,,,,,,
27/01/2024 04:00:00,0,209,,,,,,,,,,,,,,,,,,
27/01/2024 03:45:00,0,209,,,,,,,,,,,,,,,,,,
27/01/2024 03:30:00,0,209,,,,,,,,,,,,,,,,,,
27/01/2024 03:15:00,0,209,,,,,,,,,,,,,,,,,,
27/01/2024 03:00:00,0,209,,,,,,,,,,,,,,,,,,
27/01/2024 02:45:00,0,210,,,,,,,,,,,,,,,,,,
27/01/2024 02:30:00,0,210,,,,,,,,,,,,,,,,,,
27/01/2024 02:15:00,0,210,,,,,,,,,,,,,,,,,,
27/01/2024 02:00:00,0,211,,,,,,,,,,,,,,,,,,
27/01/2024 01:45:00,0,211,,,,,,,,,,,,,,,,,,
27/01/2024 01:30:00,0,211,,,,,,,,,,,,,,,,,,
27/01/2024 01:15:00,0,211,,,,,,,,,,,,,,,,,,
27/01/2024 01:00:00,0,212,,,,,,,,,,,,,,,,,,
27/01/2024 00:45:00,0,212,,,,,,,,,,,,,,,,,,
27/01/2024 00:30:00,0,212,,,,,,,,,,,,,,,,,,
27/01/2024 00:15:00,0,212,,,,,,,,,,,,,,,,,,
27/01/2024 00:00:00,0,212,,,,,,,,,,,,,,,,,,
26/01/2024 23:45:00,0,212,,,,,,,,,,,,,,,,,,
26/01/2024 23:30:00,0,213,,,,,,,,,,,,,,,,,,
26/01/2024 23:15:00,0,212,,,,,,,,,,,,,,,,,,
26/01/2024 23:00:00,0,213,,,,,,,,,,,,,,,,,,
26/01/2024 22:45:00,0,213,,,,,,,,,,,,,,,,,,
26/01/2024 22:30:00,0,213,,,,,,,,,,,,,,,,,,
26/01/2024 22:15:00,0,214,,,,,,,,,,,,,,,,,,
26/01/2024 22:00:00,0,214,,,,,,,,,,,,,,,,,,
26/01/2024 21:45:00,0,214,,,,,,,,,,,,,,,,,,
26/01/2024 21:30:00,0,215,,,,,,,,,,,,,,,,,,
26/01/2024 21:15:00,0,215,,,,,,,,,,,,,,,,,,
26/01/2024 21:00:00,0,215,,,,,,,,,,,,,,,,,,
26/01/2024 20:45:00,0,214,,,,,,,,,,,,,,,,,,
26/01/2024 20:30:00,0,215,,,,,,,,,,,,,,,,,,
26/01/2024 20:15:00,0,215,,,,,,,,,,,,,,,,,,
26/01/2024 20:00:00,0,215,,,,,,,,,,,,,,,,,,
26/01/2024 19:45:00,0,215,,,,,,,,,,,,,,,,,,
26/01/2024 19:30:00,0,216,,,,,,,,,,,,,,,,,,
26/01/2024 19:15:00,0,216,,,,,,,,,,,,,,,,,,
26/01/2024 19:00:00,0,215,,,,,,,,,,,,,,,,,,
26/01/2024 18:45:00,0,216,,,,,,,,,,,,,,,,,,
26/01/2024 18:30:00,0,216,,,,,,,,,,,,,,,,,,
26/01/2024 18:15:00,0,217,,,,,,,,,,,,,,,,,,
26/01/2024 18:00:00,0,216,,,,,,,,,,,,,,,,,,
26/01/2024 17:45:00,0,217,,,,,,,,,,,,,,,,,,
26/01/2024 17:30:00,0,217,,,,,,,,,,,,,,,,,,
26/01/2024 17:15:00,0,217,,,,,,,,,,,,,,,,,,
26/01/2024 17:00:00,0,217,,,,,,,,,,,,,,,,,,
26/01/2024 16:45:00,0,217,,,,,,,,,,,,,,,,,,
26/01/2024 16:30:00,0,217,,,,,,,,,,,,,,,,,,
26/01/2024 16:15:00,0,218,,,,,,,,,,,,,,,,,,
26/01/2024 16:00:00,0,218,,,,,,,,,,,,,,,,,,
26/01/2024 15:45:00,0,218,,,,,,,,,,,,,,,,,,
26/01/2024 15:30:00,0,219,,,,,,,,,,,,,,,,,,
26/01/2024 15:15:00,0,219,,,,,,,,,,,,,,,,,,
26/01/2024 15:00:00,0,219,,,,,,,,,,,,,,,,,,
26/01/2024 14:45:00,0,219,,,,,,,,,,,,,,,,,,
26/01/2024 14:30:00,0,219,,,,,,,,,,,,,,,,,,
26/01/2024 14:15:00,0,219,,,,,,,,,,,,,,,,,,
26/01/2024 14:00:00,0,219,,,,,,,,,,,,,,,,,,
26/01/2024 13:45:00,0,220,,,,,,,,,,,,,,,,,,
26/01/2024 13:30:00,0,220,,,,,,,,,,,,,,,,,,
26/01/2024 13:15:00,0,221,,,,,,,,,,,,,,,,,,
26/01/2024 13:00:00,0,221,,,,,,,,,,,,,,,,,,
26/01/2024 12:45:00,0,221,,,,,,,,,,,,,,,,,,
26/01/2024 12:30:00,0,222,,,,,,,,,,,,,,,,,,
26/01/2024 12:15:00,0,223,,,,,,,,,,,,,,,,,,
26/01/2024 12:00:00,0,222,,,,,,,,,,,,,,,,,,
26/01/2024 11:45:00,0,223,,,,,,,,,,,,,,,,,,
26/01/2024 11:30:00,0,223,,,,,,,,,,,,,,,,,,
26/01/2024 11:15:00,0,224,,,,,,,,,,,,,,,,,,
26/01/2024 11:00:00,0,224,,,,,,,,,,,,,,,,,,
26/01/2024 10:45:00,0,225,,,,,,,,,,,,,,,,,,
26/01/2024 10:30:00,0,225,,,,,,,,,,,,,,,,,,
26/01/2024 10:15:00,0,226,,,,,,,,,,,,,,,,,,
26/01/2024 10:00:00,0,226,,,,,,,,,,,,,,,,,,
26/01/2024 09:45:00,0,227,,,,,,,,,,,,,,,,,,
26/01/2024 09:30:00,0,227,,,,,,,,,,,,,,,,,,
26/01/2024 09:15:00,0,227,,,,,,,,,,,,,,,,,,
26/01/2024 09:00:00,0,228,,,,,,,,,,,,,,,,,,
26/01/2024 08:45:00,0,228,,,,,,,,,,,,,,,,,,
26/01/2024 08:30:00,0,229,,,,,,,,,,,,,,,,,,
26/01/2024 08:15:00,0,229,,,,,,,,,,,,,,,,,,
26/01/2024 08:00:00,0,230,,,,,,,,,,,,,,,,,,
26/01/2024 07:45:00,0,230,,,,,,,,,,,,,,,,,,
26/01/2024 07:30:00,0.2,231,,,,,,,,,,,,,,,,,,
26/01/2024 07:15:00,0,231,,,,,,,,,,,,,,,,,,
26/01/2024 07:00:00,0,232,,,,,,,,,,,,,,,,,,
26/01/2024 06:45:00,0,233,,,,,,,,,,,,,,,,,,
26/01/2024 06:30:00,0,233,,,,,,,,,,,,,,,,,,
26/01/2024 06:15:00,0,233,,,,,,,,,,,,,,,,,,
26/01/2024 06:00:00,0,234,,,,,,,,,,,,,,,,,,
26/01/2024 05:45:00,0,235,,,,,,,,,,,,,,,,,,
26/01/2024 05:30:00,0,235,,,,,,,,,,,,,,,,,,
26/01/2024 05:15:00,0,236,,,,,,,,,,,,,,,,,,
26/01/2024 05:00:00,0,237,,,,,,,,,,,,,,,,,,
26/01/2024 04:45:00,0,237,,,,,,,,,,,,,,,,,,
26/01/2024 04:30:00,0,237,,,,,,,,,,,,,,,,,,
26/01/2024 04:15:00,0,238,,,,,,,,,,,,,,,,,,
26/01/2024 04:00:00,0,239,,,,,,,,,,,,,,,,,,
26/01/2024 03:45:00,0,239,,,,,,,,,,,,,,,,,,
26/01/2024 03:30:00,0,239,,,,,,,,,,,,,,,,,,
26/01/2024 03:15:00,0,240,,,,,,,,,,,,,,,,,,
26/01/2024 03:00:00,0,241,,,,,,,,,,,,,,,,,,
26/01/2024 02:45:00,0,241,,,,,,,,,,,,,,,,,,
26/01/2024 02:30:00,0,242,,,,,,,,,,,,,,,,,,
26/01/2024 02:15:00,0,243,,,,,,,,,,,,,,,,,,
26/01/2024 02:00:00,0,243,,,,,,,,,,,,,,,,,,
26/01/2024 01:45:00,0,244,,,,,,,,,,,,,,,,,,
26/01/2024 01:30:00,0,244,,,,,,,,,,,,,,,,,,
26/01/2024 01:15:00,0,245,,,,,,,,,,,,,,,,,,
26/01/2024 01:00:00,0,245,,,,,,,,,,,,,,,,,,
26/01/2024 00:45:00,0,246,,,,,,,,,,,,,,,,,,
26/01/2024 00:30:00,0,246,,,,,,,,,,,,,,,,,,
26/01/2024 00:15:00,0,247,,,,,,,,,,,,,,,,,,
26/01/2024 00:00:00,0,247,,,,,,,,,,,,,,,,,,
25/01/2024 23:45:00,0,248,,,,,,,,,,,,,,,,,,
25/01/2024 23:30:00,0,248,,,,,,,,,,,,,,,,,,
25/01/2024 23:15:00,0,249,,,,,,,,,,,,,,,,,,
25/01/2024 23:00:00,0,249,,,,,,,,,,,,,,,,,,
25/01/2024 22:45:00,0,250,,,,,,,,,,,,,,,,,,
25/01/2024 22:30:00,0,250,,,,,,,,,,,,,,,,,,
25/01/2024 22:15:00,0,251,,,,,,,,,,,,,,,,,,
25/01/2024 22:00:00,0,252,,,,,,,,,,,,,,,,,,
25/01/2024 21:45:00,0,252,,,,,,,,,,,,,,,,,,
25/01/2024 21:30:00,0,253,,,,,,,,,,,,,,,,,,
25/01/2024 21:15:00,0,254,,,,,,,,,,,,,,,,,,
25/01/2024 21:00:00,0,254,,,,,,,,,,,,,,,,,,
25/01/2024 20:45:00,0,254,,,,,,,,,,,,,,,,,,
25/01/2024 20:30:00,0,255,,,,,,,,,,,,,,,,,,
25/01/2024 20:15:00,0,256,,,,,,,,,,,,,,,,,,
25/01/2024 20:00:00,0,256,,,,,,,,,,,,,,,,,,
25/01/2024 19:45:00,0,257,,,,,,,,,,,,,,,,,,
25/01/2024 19:30:00,0,258,,,,,,,,,,,,,,,,,,
25/01/2024 19:15:00,0,258,,,,,,,,,,,,,,,,,,
25/01/2024 19:00:00,0,259,,,,,,,,,,,,,,,,,,
25/01/2024 18:45:00,0,260,,,,,,,,,,,,,,,,,,
25/01/2024 18:30:00,0,261,,,,,,,,,,,,,,,,,,
25/01/2024 18:15:00,0,261,,,,,,,,,,,,,,,,,,
25/01/2024 18:00:00,0,262,,,,,,,,,,,,,,,,,,
25/01/2024 17:45:00,0,263,,,,,,,,,,,,,,,,,,
25/01/2024 17:30:00,0,263,,,,,,,,,,,,,,,,,,
25/01/2024 17:15:00,0,264,,,,,,,,,,,,,,,,,,
25/01/2024 17:00:00,0,265,,,,,,,,,,,,,,,,,,
25/01/2024 16:45:00,0,266,,,,,,,,,,,,,,,,,,
25/01/2024 16:30:00,0,267,,,,,,,,,,,,,,,,,,
25/01/2024 16:15:00,0,268,,,,,,,,,,,,,,,,,,
25/01/2024 16:00:00,0,269,,,,,,,,,,,,,,,,,,
25/01/2024 15:45:00,0,269,,,,,,,,,,,,,,,,,,
25/01/2024 15:30:00,0,271,,,,,,,,,,,,,,,,,,
25/01/2024 15:15:00,0,271,,,,,,,,,,,,,,,,,,
25/01/2024 15:00:00,0,272,,,,,,,,,,,,,,,,,,
25/01/2024 14:45:00,0,273,,,,,,,,,,,,,,,,,,
25/01/2024 14:30:00,0,274,,,,,,,,,,,,,,,,,,
25/01/2024 14:15:00,0,275,,,,,,,,,,,,,,,,,,
25/01/2024 14:00:00,0,276,,,,,,,,,,,,,,,,,,
25/01/2024 13:45:00,0,277,,,,,,,,,,,,,,,,,,
25/01/2024 13:30:00,0,278,,,,,,,,,,,,,,,,,,
25/01/2024 13:15:00,0,278,,,,,,,,,,,,,,,,,,
25/01/2024 13:00:00,0,279,,,,,,,,,,,,,,,,,,
25/01/2024 12:45:00,0,280,,,,,,,,,,,,,,,,,,
25/01/2024 12:30:00,0,281,,,,,,,,,,,,,,,,,,
25/01/2024 12:15:00,0,282,,,,,,,,,,,,,,,,,,
25/01/2024 12:00:00,0,283,,,,,,,,,,,,,,,,,,
25/01/2024 11:45:00,0,283,,,,,,,,,,,,,,,,,,
25/01/2024 11:30:00,0,284,,,,,,,,,,,,,,,,,,
25/01/2024 11:15:00,0,284,,,,,,,,,,,,,,,,,,
25/01/2024 11:00:00,0,284,,,,,,,,,,,,,,,,,,
25/01/2024 10:45:00,0,284,,,,,,,,,,,,,,,,,,
25/01/2024 10:30:00,0,285,,,,,,,,,,,,,,,,,,
25/01/2024 10:15:00,0,285,,,,,,,,,,,,,,,,,,
25/01/2024 10:00:00,0,286,,,,,,,,,,,,,,,,,,
25/01/2024 09:45:00,0,285,,,,,,,,,,,,,,,,,,
25/01/2024 09:30:00,0,286,,,,,,,,,,,,,,,,,,
25/01/2024 09:15:00,0,284,,,,,,,,,,,,,,,,,,
25/01/2024 09:00:00,0,285,,,,,,,,,,,,,,,,,,
25/01/2024 08:45:00,0,284,,,,,,,,,,,,,,,,,,
25/01/2024 08:30:00,0,284,,,,,,,,,,,,,,,,,,
25/01/2024 08:15:00,0,284,,,,,,,,,,,,,,,,,,
25/01/2024 08:00:00,0,283,,,,,,,,,,,,,,,,,,
25/01/2024 07:45:00,0,282,,,,,,,,,,,,,,,,,,
25/01/2024 07:30:00,0,281,,,,,,,,,,,,,,,,,,
25/01/2024 07:15:00,0,280,,,,,,,,,,,,,,,,,,
25/01/2024 07:00:00,0,279,,,,,,,,,,,,,,,,,,
25/01/2024 06:45:00,0,278,,,,,,,,,,,,,,,,,,
25/01/2024 06:30:00,0,277,,,,,,,,,,,,,,,,,,
25/01/2024 06:15:00,0,277,,,,,,,,,,,,,,,,,,
25/01/2024 06:00:00,0,276,,,,,,,,,,,,,,,,,,
25/01/2024 05:45:00,0,275,,,,,,,,,,,,,,,,,,
25/01/2024 05:30:00,0,274,,,,,,,,,,,,,,,,,,
25/01/2024 05:15:00,0,273,,,,,,,,,,,,,,,,,,
25/01/2024 05:00:00,0,272,,,,,,,,,,,,,,,,,,
25/01/2024 04:45:00,0,271,,,,,,,,,,,,,,,,,,
25/01/2024 04:30:00,0,270,,,,,,,,,,,,,,,,,,
25/01/2024 04:15:00,0,269,,,,,,,,,,,,,,,,,,
25/01/2024 04:00:00,0,268,,,,,,,,,,,,,,,,,,
25/01/2024 03:45:00,0,268,,,,,,,,,,,,,,,,,,
25/01/2024 03:30:00,0,268,,,,,,,,,,,,,,,,,,
25/01/2024 03:15:00,0,268,,,,,,,,,,,,,,,,,,
25/01/2024 03:00:00,0,267,,,,,,,,,,,,,,,,,,
25/01/2024 02:45:00,0,266,,,,,,,,,,,,,,,,,,
25/01/2024 02:30:00,0,266,,,,,,,,,,,,,,,,,,
25/01/2024 02:15:00,0,266,,,,,,,,,,,,,,,,,,
25/01/2024 02:00:00,0,265,,,,,,,,,,,,,,,,,,
25/01/2024 01:45:00,0,265,,,,,,,,,,,,,,,,,,
25/01/2024 01:30:00,0,265,,,,,,,,,,,,,,,,,,
25/01/2024 01:15:00,0,265,,,,,,,,,,,,,,,,,,
25/01/2024 01:00:00,0,265,,,,,,,,,,,,,,,,,,
25/01/2024 00:45:00,0,264,,,,,,,,,,,,,,,,,,
25/01/2024 00:30:00,0,264,,,,,,,,,,,,,,,,,,
25/01/2024 00:15:00,0,264,,,,,,,,,,,,,,,,,,
25/01/2024 00:00:00,0,263,,,,,,,,,,,,,,,,,,
24/01/2024 23:45:00,0,263,,,,,,,,,,,,,,,,,,
24/01/2024 23:30:00,0,263,,,,,,,,,,,,,,,,,,
24/01/2024 23:15:00,0,263,,,,,,,,,,,,,,,,,,
24/01/2024 23:00:00,0,263,,,,,,,,,,,,,,,,,,
24/01/2024 22:45:00,0,262,,,,,,,,,,,,,,,,,,
24/01/2024 22:30:00,0,262,,,,,,,,,,,,,,,,,,
24/01/2024 22:15:00,0,262,,,,,,,,,,,,,,,,,,
24/01/2024 22:00:00,0,262,,,,,,,,,,,,,,,,,,
24/01/2024 21:45:00,0,262,,,,,,,,,,,,,,,,,,
24/01/2024 21:30:00,0,262,,,,,,,,,,,,,,,,,,
24/01/2024 21:15:00,0,261,,,,,,,,,,,,,,,,,,
24/01/2024 21:00:00,0,262,,,,,,,,,,,,,,,,,,
24/01/2024 20:45:00,0,262,,,,,,,,,,,,,,,,,,
24/01/2024 20:30:00,0,262,,,,,,,,,,,,,,,,,,
24/01/2024 20:15:00,0,261,,,,,,,,,,,,,,,,,,
24/01/2024 20:00:00,0,262,,,,,,,,,,,,,,,,,,
24/01/2024 19:45:00,0,261,,,,,,,,,,,,,,,,,,
24/01/2024 19:30:00,0,262,,,,,,,,,,,,,,,,,,
24/01/2024 19:15:00,0,261,,,,,,,,,,,,,,,,,,
24/01/2024 19:00:00,0,262,,,,,,,,,,,,,,,,,,
24/01/2024 18:45:00,0,262,,,,,,,,,,,,,,,,,,
24/01/2024 18:30:00,0,262,,,,,,,,,,,,,,,,,,
24/01/2024 18:15:00,0,262,,,,,,,,,,,,,,,,,,
24/01/2024 18:00:00,0,262,,,,,,,,,,,,,,,,,,
24/01/2024 17:45:00,0.2,262,,,,,,,,,,,,,,,,,,
24/01/2024 17:30:00,0,262,,,,,,,,,,,,,,,,,,
24/01/2024 17:15:00,0,263,,,,,,,,,,,,,,,,,,
24/01/2024 17:00:00,0.2,263,,,,,,,,,,,,,,,,,,
24/01/2024 16:45:00,0.4,262,,,,,,,,,,,,,,,,,,
24/01/2024 16:30:00,1,263,,,,,,,,,,,,,,,,,,
24/01/2024 16:15:00,1.4,263,,,,,,,,,,,,,,,,,,
24/01/2024 16:00:00,1.2,264,,,,,,,,,,,,,,,,,,
24/01/2024 15:45:00,0.4,264,,,,,,,,,,,,,,,,,,
24/01/2024 15:30:00,0,264,,,,,,,,,,,,,,,,,,
24/01/2024 15:15:00,0.2,264,,,,,,,,,,,,,,,,,,
24/01/2024 15:00:00,0,265,,,,,,,,,,,,,,,,,,
24/01/2024 14:45:00,0.2,265,,,,,,,,,,,,,,,,,,
24/01/2024 14:30:00,0,266,,,,,,,,,,,,,,,,,,
24/01/2024 14:15:00,0,266,,,,,,,,,,,,,,,,,,
24/01/2024 14:00:00,0,267,,,,,,,,,,,,,,,,,,
24/01/2024 13:45:00,0,267,,,,,,,,,,,,,,,,,,
24/01/2024 13:30:00,2,268,,,,,,,,,,,,,,,,,,
24/01/2024 13:15:00,0.2,268,,,,,,,,,,,,,,,,,,
24/01/2024 13:00:00,0,268,,,,,,,,,,,,,,,,,,
24/01/2024 12:45:00,0,269,,,,,,,,,,,,,,,,,,
24/01/2024 12:30:00,0,269,,,,,,,,,,,,,,,,,,
24/01/2024 12:15:00,0,269,,,,,,,,,,,,,,,,,,
24/01/2024 12:00:00,0,270,,,,,,,,,,,,,,,,,,
24/01/2024 11:45:00,0,270,,,,,,,,,,,,,,,,,,
24/01/2024 11:30:00,0,271,,,,,,,,,,,,,,,,,,
24/01/2024 11:15:00,0,271,,,,,,,,,,,,,,,,,,
24/01/2024 11:00:00,0,271,,,,,,,,,,,,,,,,,,
24/01/2024 10:45:00,0,272,,,,,,,,,,,,,,,,,,
24/01/2024 10:30:00,0,273,,,,,,,,,,,,,,,,,,
24/01/2024 10:15:00,0,273,,,,,,,,,,,,,,,,,,
24/01/2024 10:00:00,0,274,,,,,,,,,,,,,,,,,,
24/01/2024 09:45:00,0,275,,,,,,,,,,,,,,,,,,
24/01/2024 09:30:00,0,275,,,,,,,,,,,,,,,,,,
24/01/2024 09:15:00,0,275,,,,,,,,,,,,,,,,,,
24/01/2024 09:00:00,0,276,,,,,,,,,,,,,,,,,,
24/01/2024 08:45:00,0,277,,,,,,,,,,,,,,,,,,
24/01/2024 08:30:00,0,277,,,,,,,,,,,,,,,,,,
24/01/2024 08:15:00,0,278,,,,,,,,,,,,,,,,,,
24/01/2024 08:00:00,0,278,,,,,,,,,,,,,,,,,,
24/01/2024 07:45:00,0,279,,,,,,,,,,,,,,,,,,
24/01/2024 07:30:00,0,279,,,,,,,,,,,,,,,,,,
24/01/2024 07:15:00,0,280,,,,,,,,,,,,,,,,,,
24/01/2024 07:00:00,0,281,,,,,,,,,,,,,,,,,,
24/01/2024 06:45:00,0,281,,,,,,,,,,,,,,,,,,
24/01/2024 06:30:00,0,282,,,,,,,,,,,,,,,,,,
24/01/2024 06:15:00,0,282,,,,,,,,,,,,,,,,,,
24/01/2024 06:00:00,0,283,,,,,,,,,,,,,,,,,,
24/01/2024 05:45:00,0,284,,,,,,,,,,,,,,,,,,
24/01/2024 05:30:00,0,284,,,,,,,,,,,,,,,,,,
24/01/2024 05:15:00,0,286,,,,,,,,,,,,,,,,,,
24/01/2024 05:00:00,0,286,,,,,,,,,,,,,,,,,,
24/01/2024 04:45:00,0,287,,,,,,,,,,,,,,,,,,
24/01/2024 04:30:00,0,287,,,,,,,,,,,,,,,,,,
24/01/2024 04:15:00,0,288,,,,,,,,,,,,,,,,,,
24/01/2024 04:00:00,0,289,,,,,,,,,,,,,,,,,,
24/01/2024 03:45:00,0,290,,,,,,,,,,,,,,,,,,
24/01/2024 03:30:00,0,291,,,,,,,,,,,,,,,,,,
24/01/2024 03:15:00,0,291,,,,,,,,,,,,,,,,,,
24/01/2024 03:00:00,0,292,,,,,,,,,,,,,,,,,,
24/01/2024 02:45:00,0,293,,,,,,,,,,,,,,,,,,
24/01/2024 02:30:00,0,294,,,,,,,,,,,,,,,,,,
24/01/2024 02:15:00,0,294,,,,,,,,,,,,,,,,,,
24/01/2024 02:00:00,0,295,,,,,,,,,,,,,,,,,,
24/01/2024 01:45:00,0,296,,,,,,,,,,,,,,,,,,
24/01/2024 01:30:00,0,297,,,,,,,,,,,,,,,,,,
24/01/2024 01:15:00,0,297,,,,,,,,,,,,,,,,,,
24/01/2024 01:00:00,0,298,,,,,,,,,,,,,,,,,,
24/01/2024 00:45:00,0,299,,,,,,,,,,,,,,,,,,
24/01/2024 00:30:00,0,299,,,,,,,,,,,,,,,,,,
24/01/2024 00:15:00,0,300,,,,,,,,,,,,,,,,,,
24/01/2024 00:00:00,0,301,,,,,,,,,,,,,,,,,,
23/01/2024 23:45:00,0,303,,,,,,,,,,,,,,,,,,
23/01/2024 23:30:00,0,303,,,,,,,,,,,,,,,,,,
23/01/2024 23:15:00,0,303,,,,,,,,,,,,,,,,,,
23/01/2024 23:00:00,0,304,,,,,,,,,,,,,,,,,,
23/01/2024 22:45:00,0,305,,,,,,,,,,,,,,,,,,
23/01/2024 22:30:00,0,306,,,,,,,,,,,,,,,,,,
23/01/2024 22:15:00,0,307,,,,,,,,,,,,,,,,,,
23/01/2024 22:00:00,0,307,,,,,,,,,,,,,,,,,,
23/01/2024 21:45:00,0,308,,,,,,,,,,,,,,,,,,
23/01/2024 21:30:00,0,309,,,,,,,,,,,,,,,,,,
23/01/2024 21:15:00,0,310,,,,,,,,,,,,,,,,,,
23/01/2024 21:00:00,0,310,,,,,,,,,,,,,,,,,,
23/01/2024 20:45:00,0,311,,,,,,,,,,,,,,,,,,
23/01/2024 20:30:00,0,311,,,,,,,,,,,,,,,,,,
23/01/2024 20:15:00,0,313,,,,,,,,,,,,,,,,,,
23/01/2024 20:00:00,0,313,,,,,,,,,,,,,,,,,,
23/01/2024 19:45:00,0,314,,,,,,,,,,,,,,,,,,
23/01/2024 19:30:00,0,314,,,,,,,,,,,,,,,,,,
23/01/2024 19:15:00,0,315,,,,,,,,,,,,,,,,,,
23/01/2024 19:00:00,0,316,,,,,,,,,,,,,,,,,,
23/01/2024 18:45:00,0,317,,,,,,,,,,,,,,,,,,
23/01/2024 18:30:00,0,318,,,,,,,,,,,,,,,,,,
23/01/2024 18:15:00,0,318,,,,,,,,,,,,,,,,,,
23/01/2024 18:00:00,0,319,,,,,,,,,,,,,,,,,,
23/01/2024 17:45:00,0,320,,,,,,,,,,,,,,,,,,
23/01/2024 17:30:00,0,321,,,,,,,,,,,,,,,,,,
23/01/2024 17:15:00,0,322,,,,,,,,,,,,,,,,,,
23/01/2024 17:00:00,0,323,,,,,,,,,,,,,,,,,,
23/01/2024 16:45:00,0,323,,,,,,,,,,,,,,,,,,
23/01/2024 16:30:00,0,324,,,,,,,,,,,,,,,,,,
23/01/2024 16:15:00,0,325,,,,,,,,,,,,,,,,,,
23/01/2024 16:00:00,0,326,,,,,,,,,,,,,,,,,,
23/01/2024 15:45:00,0,327,,,,,,,,,,,,,,,,,,
23/01/2024 15:30:00,0,328,,,,,,,,,,,,,,,,,,
23/01/2024 15:15:00,0,329,,,,,,,,,,,,,,,,,,
23/01/2024 15:00:00,0,330,,,,,,,,,,,,,,,,,,
23/01/2024 14:45:00,0,331,,,,,,,,,,,,,,,,,,
23/01/2024 14:30:00,0,332,,,,,,,,,,,,,,,,,,
23/01/2024 14:15:00,0,334,,,,,,,,,,,,,,,,,,
23/01/2024 14:00:00,0,334,,,,,,,,,,,,,,,,,,
23/01/2024 13:45:00,0,336,,,,,,,,,,,,,,,,,,
23/01/2024 13:30:00,0,337,,,,,,,,,,,,,,,,,,
23/01/2024 13:15:00,0,338,,,,,,,,,,,,,,,,,,
23/01/2024 13:00:00,0,339,,,,,,,,,,,,,,,,,,
23/01/2024 12:45:00,0,341,,,,,,,,,,,,,,,,,,
23/01/2024 12:30:00,0,342,,,,,,,,,,,,,,,,,,
23/01/2024 12:15:00,0,343,,,,,,,,,,,,,,,,,,
23/01/2024 12:00:00,0,344,,,,,,,,,,,,,,,,,,
23/01/2024 11:45:00,0,346,,,,,,,,,,,,,,,,,,
23/01/2024 11:30:00,0,347,,,,,,,,,,,,,,,,,,
23/01/2024 11:15:00,0,349,,,,,,,,,,,,,,,,,,
23/01/2024 11:00:00,0,351,,,,,,,,,,,,,,,,,,
23/01/2024 10:45:00,0,352,,,,,,,,,,,,,,,,,,
23/01/2024 10:30:00,0,354,,,,,,,,,,,,,,,,,,
23/01/2024 10:15:00,0,356,,,,,,,,,,,,,,,,,,
23/01/2024 10:00:00,0,357,,,,,,,,,,,,,,,,,,
23/01/2024 09:45:00,0,360,,,,,,,,,,,,,,,,,,
23/01/2024 09:30:00,0,360,,,,,,,,,,,,,,,,,,
23/01/2024 09:15:00,0,362,,,,,,,,,,,,,,,,,,
23/01/2024 09:00:00,0,365,,,,,,,,,,,,,,,,,,
23/01/2024 08:45:00,0,367,,,,,,,,,,,,,,,,,,
23/01/2024 08:30:00,0,369,,,,,,,,,,,,,,,,,,
23/01/2024 08:15:00,0,371,,,,,,,,,,,,,,,,,,
23/01/2024 08:00:00,0,373,,,,,,,,,,,,,,,,,,
23/01/2024 07:45:00,0,374,,,,,,,,,,,,,,,,,,
23/01/2024 07:30:00,0,377,,,,,,,,,,,,,,,,,,
23/01/2024 07:15:00,0,379,,,,,,,,,,,,,,,,,,
23/01/2024 07:00:00,0,382,,,,,,,,,,,,,,,,,,
23/01/2024 06:45:00,0,384,,,,,,,,,,,,,,,,,,
23/01/2024 06:30:00,0,386,,,,,,,,,,,,,,,,,,
23/01/2024 06:15:00,0,388,,,,,,,,,,,,,,,,,,
23/01/2024 06:00:00,0,390,,,,,,,,,,,,,,,,,,
23/01/2024 05:45:00,0,393,,,,,,,,,,,,,,,,,,
23/01/2024 05:30:00,0,396,,,,,,,,,,,,,,,,,,
23/01/2024 05:15:00,0,398,,,,,,,,,,,,,,,,,,
23/01/2024 05:00:00,0,400,,,,,,,,,,,,,,,,,,
23/01/2024 04:45:00,0,403,,,,,,,,,,,,,,,,,,
23/01/2024 04:30:00,0,406,,,,,,,,,,,,,,,,,,
23/01/2024 04:15:00,0,408,,,,,,,,,,,,,,,,,,
23/01/2024 04:00:00,0,411,,,,,,,,,,,,,,,,,,
23/01/2024 03:45:00,0,413,,,,,,,,,,,,,,,,,,
23/01/2024 03:30:00,0,416,,,,,,,,,,,,,,,,,,
23/01/2024 03:15:00,0,418,,,,,,,,,,,,,,,,,,
23/01/2024 03:00:00,0,420,,,,,,,,,,,,,,,,,,
23/01/2024 02:45:00,0,423,,,,,,,,,,,,,,,,,,
23/01/2024 02:30:00,0,426,,,,,,,,,,,,,,,,,,
23/01/2024 02:15:00,0,428,,,,,,,,,,,,,,,,,,
23/01/2024 02:00:00,0,430,,,,,,,,,,,,,,,,,,
23/01/2024 01:45:00,0,433,,,,,,,,,,,,,,,,,,
23/01/2024 01:30:00,0,436,,,,,,,,,,,,,,,,,,
23/01/2024 01:15:00,0,438,,,,,,,,,,,,,,,,,,
23/01/2024 01:00:00,0,441,,,,,,,,,,,,,,,,,,
23/01/2024 00:45:00,0,443,,,,,,,,,,,,,,,,,,
23/01/2024 00:30:00,0,445,,,,,,,,,,,,,,,,,,
23/01/2024 00:15:00,0,448,,,,,,,,,,,,,,,,,,
23/01/2024 00:00:00,0,450,,,,,,,,,,,,,,,,,,
22/01/2024 23:45:00,0,453,,,,,,,,,,,,,,,,,,
22/01/2024 23:30:00,0,456,,,,,,,,,,,,,,,,,,
22/01/2024 23:15:00,0,459,,,,,,,,,,,,,,,,,,
22/01/2024 23:00:00,0,460,,,,,,,,,,,,,,,,,,
22/01/2024 22:45:00,0,,,,,,,,,,,,,,,,,,,
22/01/2024 22:30:00,0,,,,,,,,,,,,,,,,,,,
22/01/2024 22:15:00,0,,,,,,,,,,,,,,,,,,,
22/01/2024 22:00:00,0,,,,,,,,,,,,,,,,,,,
22/01/2024 21:45:00,0,,,,,,,,,,,,,,,,,,,
22/01/2024 21:30:00,0,,,,,,,,,,,,,,,,,,,
22/01/2024 21:15:00,0,,,,,,,,,,,,,,,,,,,
22/01/2024 21:00:00,0,,,,,,,,,,,,,,,,,,,
22/01/2024 20:45:00,0,,,,,,,,,,,,,,,,,,,
22/01/2024 20:30:00,0,,,,,,,,,,,,,,,,,,,
22/01/2024 20:15:00,0,,,,,,,,,,,,,,,,,,,
22/01/2024 20:00:00,0,,,,,,,,,,,,,,,,,,,
22/01/2024 19:45:00,0,,,,,,,,,,,,,,,,,,,
22/01/2024 19:30:00,0,,,,,,,,,,,,,,,,,,,
22/01/2024 19:15:00,0,,,,,,,,,,,,,,,,,,,
22/01/2024 19:00:00,0,,,,,,,,,,,,,,,,,,,
22/01/2024 18:45:00,0,,,,,,,,,,,,,,,,,,,
22/01/2024 18:30:00,0,,,,,,,,,,,,,,,,,,,
22/01/2024 18:15:00,0,,,,,,,,,,,,,,,,,,,
22/01/2024 18:00:00,0,,,,,,,,,,,,,,,,,,,
22/01/2024 17:45:00,0,,,,,,,,,,,,,,,,,,,
22/01/2024 17:30:00,0,,,,,,,,,,,,,,,,,,,
22/01/2024 17:15:00,0,,,,,,,,,,,,,,,,,,,
22/01/2024 17:00:00,0,,,,,,,,,,,,,,,,,,,
22/01/2024 16:45:00,0,,,,,,,,,,,,,,,,,,,
22/01/2024 16:30:00,0,,,,,,,,,,,,,,,,,,,
22/01/2024 16:15:00,0,,,,,,,,,,,,,,,,,,,
22/01/2024 16:00:00,0,,,,,,,,,,,,,,,,,,,
22/01/2024 15:45:00,0,,,,,,,,,,,,,,,,,,,
22/01/2024 15:30:00,0,,,,,,,,,,,,,,,,,,,
22/01/2024 15:15:00,0,,,,,,,,,,,,,,,,,,,
22/01/2024 15:00:00,0,,,,,,,,,,,,,,,,,,,
22/01/2024 14:45:00,0,,,,,,,,,,,,,,,,,,,
22/01/2024 14:30:00,0,,,,,,,,,,,,,,,,,,,
22/01/2024 14:15:00,0,,,,,,,,,,,,,,,,,,,
22/01/2024 14:00:00,0,,,,,,,,,,,,,,,,,,,
22/01/2024 13:45:00,0,,,,,,,,,,,,,,,,,,,
22/01/2024 13:30:00,0,,,,,,,,,,,,,,,,,,,
22/01/2024 13:15:00,0,,,,,,,,,,,,,,,,,,,
22/01/2024 13:00:00,0,,,,,,,,,,,,,,,,,,,
22/01/2024 12:45:00,0,,,,,,,,,,,,,,,,,,,
22/01/2024 12:30:00,0,,,,,,,,,,,,,,,,,,,
22/01/2024 12:15:00,0,,,,,,,,,,,,,,,,,,,
22/01/2024 12:00:00,0,,,,,,,,,,,,,,,,,,,
22/01/2024 11:45:00,0,,,,,,,,,,,,,,,,,,,
22/01/2024 11:30:00,0,,,,,,,,,,,,,,,,,,,
22/01/2024 11:15:00,0,,,,,,,,,,,,,,,,,,,
22/01/2024 11:00:00,0,,,,,,,,,,,,,,,,,,,
22/01/2024 10:45:00,0,,,,,,,,,,,,,,,,,,,
22/01/2024 10:30:00,0,,,,,,,,,,,,,,,,,,,
22/01/2024 10:15:00,0,,,,,,,,,,,,,,,,,,,
22/01/2024 10:00:00,0,,,,,,,,,,,,,,,,,,,
22/01/2024 09:45:00,0,,,,,,,,,,,,,,,,,,,
22/01/2024 09:30:00,0,,,,,,,,,,,,,,,,,,,
22/01/2024 09:15:00,0,,,,,,,,,,,,,,,,,,,
22/01/2024 09:00:00,0,,,,,,,,,,,,,,,,,,,
22/01/2024 08:45:00,0,,,,,,,,,,,,,,,,,,,
22/01/2024 08:30:00,0,,,,,,,,,,,,,,,,,,,
22/01/2024 08:15:00,0,,,,,,,,,,,,,,,,,,,
22/01/2024 08:00:00,0,,,,,,,,,,,,,,,,,,,
22/01/2024 07:45:00,0,,,,,,,,,,,,,,,,,,,
22/01/2024 07:30:00,0,,,,,,,,,,,,,,,,,,,
22/01/2024 07:15:00,0,,,,,,,,,,,,,,,,,,,
22/01/2024 07:00:00,0,,,,,,,,,,,,,,,,,,,
22/01/2024 06:45:00,0,,,,,,,,,,,,,,,,,,,
22/01/2024 06:30:00,0,,,,,,,,,,,,,,,,,,,
22/01/2024 06:15:00,0,,,,,,,,,,,,,,,,,,,
22/01/2024 06:00:00,0,,,,,,,,,,,,,,,,,,,
22/01/2024 05:45:00,0,,,,,,,,,,,,,,,,,,,
22/01/2024 05:30:00,0,,,,,,,,,,,,,,,,,,,
22/01/2024 05:15:00,0,,,,,,,,,,,,,,,,,,,
22/01/2024 05:00:00,0,,,,,,,,,,,,,,,,,,,
22/01/2024 04:45:00,0,,,,,,,,,,,,,,,,,,,
22/01/2024 04:30:00,0,,,,,,,,,,,,,,,,,,,
22/01/2024 04:15:00,0,,,,,,,,,,,,,,,,,,,
22/01/2024 04:00:00,0,,,,,,,,,,,,,,,,,,,
22/01/2024 03:45:00,0,,,,,,,,,,,,,,,,,,,
22/01/2024 03:30:00,0,,,,,,,,,,,,,,,,,,,
22/01/2024 03:15:00,0,,,,,,,,,,,,,,,,,,,
22/01/2024 03:00:00,0,,,,,,,,,,,,,,,,,,,
22/01/2024 02:45:00,0,,,,,,,,,,,,,,,,,,,
22/01/2024 02:30:00,0,,,,,,,,,,,,,,,,,,,
22/01/2024 02:15:00,0,,,,,,,,,,,,,,,,,,,
22/01/2024 02:00:00,0,,,,,,,,,,,,,,,,,,,
22/01/2024 01:45:00,0,,,,,,,,,,,,,,,,,,,
22/01/2024 01:30:00,0,,,,,,,,,,,,,,,,,,,
22/01/2024 01:15:00,0,,,,,,,,,,,,,,,,,,,
22/01/2024 01:00:00,0,,,,,,,,,,,,,,,,,,,
22/01/2024 00:45:00,0,,,,,,,,,,,,,,,,,,,
22/01/2024 00:30:00,0,,,,,,,,,,,,,,,,,,,
22/01/2024 00:15:00,0,,,,,,,,,,,,,,,,,,,
22/01/2024 00:00:00,0,,,,,,,,,,,,,,,,,,,
21/01/2024 23:45:00,0,,,,,,,,,,,,,,,,,,,
21/01/2024 23:30:00,0,,,,,,,,,,,,,,,,,,,
21/01/2024 23:15:00,0,,,,,,,,,,,,,,,,,,,
21/01/2024 23:00:00,0,,,,,,,,,,,,,,,,,,,
21/01/2024 22:45:00,0,,,,,,,,,,,,,,,,,,,
21/01/2024 22:30:00,0,,,,,,,,,,,,,,,,,,,
21/01/2024 22:15:00,0,,,,,,,,,,,,,,,,,,,
21/01/2024 22:00:00,0,,,,,,,,,,,,,,,,,,,
21/01/2024 21:45:00,0,,,,,,,,,,,,,,,,,,,
21/01/2024 21:30:00,0,,,,,,,,,,,,,,,,,,,
21/01/2024 21:15:00,0,,,,,,,,,,,,,,,,,,,
21/01/2024 21:00:00,0,,,,,,,,,,,,,,,,,,,
21/01/2024 20:45:00,0,,,,,,,,,,,,,,,,,,,
21/01/2024 20:30:00,0,,,,,,,,,,,,,,,,,,,
21/01/2024 20:15:00,0,,,,,,,,,,,,,,,,,,,
21/01/2024 20:00:00,0,,,,,,,,,,,,,,,,,,,
21/01/2024 19:45:00,0,,,,,,,,,,,,,,,,,,,
21/01/2024 19:30:00,0,,,,,,,,,,,,,,,,,,,
21/01/2024 19:15:00,0,,,,,,,,,,,,,,,,,,,
21/01/2024 19:00:00,0,,,,,,,,,,,,,,,,,,,
21/01/2024 18:45:00,0,,,,,,,,,,,,,,,,,,,
21/01/2024 18:30:00,0,,,,,,,,,,,,,,,,,,,
21/01/2024 18:15:00,0,,,,,,,,,,,,,,,,,,,
21/01/2024 18:00:00,0,,,,,,,,,,,,,,,,,,,
21/01/2024 17:45:00,0,,,,,,,,,,,,,,,,,,,
21/01/2024 17:30:00,0,,,,,,,,,,,,,,,,,,,
21/01/2024 17:15:00,0,,,,,,,,,,,,,,,,,,,
21/01/2024 17:00:00,0,,,,,,,,,,,,,,,,,,,
21/01/2024 16:45:00,0,,,,,,,,,,,,,,,,,,,
21/01/2024 16:30:00,0,,,,,,,,,,,,,,,,,,,
21/01/2024 16:15:00,0,,,,,,,,,,,,,,,,,,,
21/01/2024 16:00:00,0,,,,,,,,,,,,,,,,,,,
21/01/2024 15:45:00,0,,,,,,,,,,,,,,,,,,,
21/01/2024 15:30:00,0,,,,,,,,,,,,,,,,,,,
21/01/2024 15:15:00,0,,,,,,,,,,,,,,,,,,,
21/01/2024 15:00:00,0,,,,,,,,,,,,,,,,,,,
21/01/2024 14:45:00,0,,,,,,,,,,,,,,,,,,,
21/01/2024 14:30:00,0,,,,,,,,,,,,,,,,,,,
21/01/2024 14:15:00,0,,,,,,,,,,,,,,,,,,,
21/01/2024 14:00:00,0,,,,,,,,,,,,,,,,,,,
21/01/2024 13:45:00,0,,,,,,,,,,,,,,,,,,,
21/01/2024 13:30:00,0,,,,,,,,,,,,,,,,,,,
21/01/2024 13:15:00,0,,,,,,,,,,,,,,,,,,,
21/01/2024 13:00:00,0,,,,,,,,,,,,,,,,,,,
21/01/2024 12:45:00,0,,,,,,,,,,,,,,,,,,,
21/01/2024 12:30:00,0,,,,,,,,,,,,,,,,,,,
21/01/2024 12:15:00,0,,,,,,,,,,,,,,,,,,,
21/01/2024 12:00:00,0,,,,,,,,,,,,,,,,,,,
21/01/2024 11:45:00,0,,,,,,,,,,,,,,,,,,,
21/01/2024 11:30:00,0,,,,,,,,,,,,,,,,,,,
21/01/2024 11:15:00,0,,,,,,,,,,,,,,,,,,,
21/01/2024 11:00:00,0,,,,,,,,,,,,,,,,,,,
21/01/2024 10:45:00,0,,,,,,,,,,,,,,,,,,,
21/01/2024 10:30:00,0,,,,,,,,,,,,,,,,,,,
21/01/2024 10:15:00,0,,,,,,,,,,,,,,,,,,,
21/01/2024 10:00:00,0,,,,,,,,,,,,,,,,,,,
21/01/2024 09:45:00,0,,,,,,,,,,,,,,,,,,,
21/01/2024 09:30:00,0,,,,,,,,,,,,,,,,,,,
21/01/2024 09:15:00,0,,,,,,,,,,,,,,,,,,,
21/01/2024 09:00:00,0,,,,,,,,,,,,,,,,,,,
21/01/2024 08:45:00,0,,,,,,,,,,,,,,,,,,,
21/01/2024 08:30:00,0,,,,,,,,,,,,,,,,,,,
21/01/2024 08:15:00,0,,,,,,,,,,,,,,,,,,,
21/01/2024 08:00:00,0,,,,,,,,,,,,,,,,,,,
21/01/2024 07:45:00,0,,,,,,,,,,,,,,,,,,,
21/01/2024 07:30:00,0,,,,,,,,,,,,,,,,,,,
21/01/2024 07:15:00,0,,,,,,,,,,,,,,,,,,,
21/01/2024 07:00:00,0,,,,,,,,,,,,,,,,,,,
21/01/2024 06:45:00,0,,,,,,,,,,,,,,,,,,,
21/01/2024 06:30:00,0,,,,,,,,,,,,,,,,,,,
21/01/2024 06:15:00,0,,,,,,,,,,,,,,,,,,,
21/01/2024 06:00:00,0,,,,,,,,,,,,,,,,,,,
21/01/2024 05:45:00,0,,,,,,,,,,,,,,,,,,,
21/01/2024 05:30:00,0,,,,,,,,,,,,,,,,,,,
21/01/2024 05:15:00,0,,,,,,,,,,,,,,,,,,,
21/01/2024 05:00:00,0,,,,,,,,,,,,,,,,,,,
21/01/2024 04:45:00,0,,,,,,,,,,,,,,,,,,,
21/01/2024 04:30:00,0,,,,,,,,,,,,,,,,,,,
21/01/2024 04:15:00,0,,,,,,,,,,,,,,,,,,,
21/01/2024 04:00:00,0,,,,,,,,,,,,,,,,,,,
21/01/2024 03:45:00,0,,,,,,,,,,,,,,,,,,,
21/01/2024 03:30:00,0,,,,,,,,,,,,,,,,,,,
21/01/2024 03:15:00,0,,,,,,,,,,,,,,,,,,,
21/01/2024 03:00:00,0,,,,,,,,,,,,,,,,,,,
21/01/2024 02:45:00,0,,,,,,,,,,,,,,,,,,,
21/01/2024 02:30:00,0,,,,,,,,,,,,,,,,,,,
21/01/2024 02:15:00,0.2,,,,,,,,,,,,,,,,,,,
21/01/2024 02:00:00,0,,,,,,,,,,,,,,,,,,,
21/01/2024 01:45:00,0,,,,,,,,,,,,,,,,,,,
21/01/2024 01:30:00,0,,,,,,,,,,,,,,,,,,,
21/01/2024 01:15:00,0.4,,,,,,,,,,,,,,,,,,,
21/01/2024 01:00:00,0,,,,,,,,,,,,,,,,,,,
21/01/2024 00:45:00,0.2,,,,,,,,,,,,,,,,,,,
21/01/2024 00:30:00,0,,,,,,,,,,,,,,,,,,,
21/01/2024 00:15:00,0,,,,,,,,,,,,,,,,,,,
21/01/2024 00:00:00,0,,,,,,,,,,,,,,,,,,,
20/01/2024 23:45:00,0,,,,,,,,,,,,,,,,,,,
20/01/2024 23:30:00,0,,,,,,,,,,,,,,,,,,,
20/01/2024 23:15:00,0,,,,,,,,,,,,,,,,,,,
20/01/2024 23:00:00,0,,,,,,,,,,,,,,,,,,,
20/01/2024 22:45:00,0,,,,,,,,,,,,,,,,,,,
20/01/2024 22:30:00,0,,,,,,,,,,,,,,,,,,,
20/01/2024 22:15:00,0.8,453,,,,,,,,,,,,,,,,,,
20/01/2024 22:00:00,0,449,,,,,,,,,,,,,,,,,,
20/01/2024 21:45:00,0,441,,,,,,,,,,,,,,,,,,
20/01/2024 21:30:00,0,433,,,,,,,,,,,,,,,,,,
20/01/2024 21:15:00,0,426,,,,,,,,,,,,,,,,,,
20/01/2024 21:00:00,0,419,,,,,,,,,,,,,,,,,,
20/01/2024 20:45:00,0,409,,,,,,,,,,,,,,,,,,
20/01/2024 20:30:00,0.2,400,,,,,,,,,,,,,,,,,,
20/01/2024 20:15:00,0.6,389,,,,,,,,,,,,,,,,,,
20/01/2024 20:00:00,0,376,,,,,,,,,,,,,,,,,,
20/01/2024 19:45:00,0,366,,,,,,,,,,,,,,,,,,
20/01/2024 19:30:00,0,353,,,,,,,,,,,,,,,,,,
20/01/2024 19:15:00,0,340,,,,,,,,,,,,,,,,,,
20/01/2024 19:00:00,2.6,326,,,,,,,,,,,,,,,,,,
20/01/2024 18:45:00,3.8,312,,,,,,,,,,,,,,,,,,
20/01/2024 18:30:00,0,297,,,,,,,,,,,,,,,,,,
20/01/2024 18:15:00,0,283,,,,,,,,,,,,,,,,,,
20/01/2024 18:00:00,0,270,,,,,,,,,,,,,,,,,,
20/01/2024 17:45:00,0,257,,,,,,,,,,,,,,,,,,
20/01/2024 17:30:00,0,245,,,,,,,,,,,,,,,,,,
20/01/2024 17:15:00,0,235,,,,,,,,,,,,,,,,,,
20/01/2024 17:00:00,0,228,,,,,,,,,,,,,,,,,,
20/01/2024 16:45:00,0,223,,,,,,,,,,,,,,,,,,
20/01/2024 16:30:00,0,218,,,,,,,,,,,,,,,,,,
20/01/2024 16:15:00,0,216,,,,,,,,,,,,,,,,,,
20/01/2024 16:00:00,0,213,,,,,,,,,,,,,,,,,,
20/01/2024 15:45:00,0,211,,,,,,,,,,,,,,,,,,
20/01/2024 15:30:00,0,211,,,,,,,,,,,,,,,,,,
20/01/2024 15:15:00,0,210,,,,,,,,,,,,,,,,,,
20/01/2024 15:00:00,0,210,,,,,,,,,,,,,,,,,,
20/01/2024 14:45:00,0,209,,,,,,,,,,,,,,,,,,
20/01/2024 14:30:00,0,209,,,,,,,,,,,,,,,,,,
20/01/2024 14:15:00,0,208,,,,,,,,,,,,,,,,,,
20/01/2024 14:00:00,0,208,,,,,,,,,,,,,,,,,,
20/01/2024 13:45:00,0,206,,,,,,,,,,,,,,,,,,
20/01/2024 13:30:00,0,206,,,,,,,,,,,,,,,,,,
20/01/2024 13:15:00,0,205,,,,,,,,,,,,,,,,,,
20/01/2024 13:00:00,0,205,,,,,,,,,,,,,,,,,,
20/01/2024 12:45:00,0.4,204,,,,,,,,,,,,,,,,,,
20/01/2024 12:30:00,0.4,203,,,,,,,,,,,,,,,,,,
20/01/2024 12:15:00,0.4,203,,,,,,,,,,,,,,,,,,
20/01/2024 12:00:00,0.4,202,,,,,,,,,,,,,,,,,,
20/01/2024 11:45:00,0.2,201,,,,,,,,,,,,,,,,,,
20/01/2024 11:30:00,0.8,200,,,,,,,,,,,,,,,,,,
20/01/2024 11:15:00,0.4,200,,,,,,,,,,,,,,,,,,
20/01/2024 11:00:00,0.2,199,,,,,,,,,,,,,,,,,,
20/01/2024 10:45:00,0.2,200,,,,,,,,,,,,,,,,,,
20/01/2024 10:30:00,0,199,,,,,,,,,,,,,,,,,,
20/01/2024 10:15:00,0,198,,,,,,,,,,,,,,,,,,
20/01/2024 10:00:00,0,199,,,,,,,,,,,,,,,,,,
20/01/2024 09:45:00,0,199,,,,,,,,,,,,,,,,,,
20/01/2024 09:30:00,0.2,199,,,,,,,,,,,,,,,,,,
20/01/2024 09:15:00,0,199,,,,,,,,,,,,,,,,,,
20/01/2024 09:00:00,0,200,,,,,,,,,,,,,,,,,,
20/01/2024 08:45:00,0,200,,,,,,,,,,,,,,,,,,
20/01/2024 08:30:00,0,201,,,,,,,,,,,,,,,,,,
20/01/2024 08:15:00,0,201,,,,,,,,,,,,,,,,,,
20/01/2024 08:00:00,0,202,,,,,,,,,,,,,,,,,,
20/01/2024 07:45:00,0.2,201,,,,,,,,,,,,,,,,,,
20/01/2024 07:30:00,0,202,,,,,,,,,,,,,,,,,,
20/01/2024 07:15:00,0,202,,,,,,,,,,,,,,,,,,
20/01/2024 07:00:00,0,202,,,,,,,,,,,,,,,,,,
20/01/2024 06:45:00,0.6,203,,,,,,,,,,,,,,,,,,
20/01/2024 06:30:00,0,203,,,,,,,,,,,,,,,,,,
20/01/2024 06:15:00,0,204,,,,,,,,,,,,,,,,,,
20/01/2024 06:00:00,0,204,,,,,,,,,,,,,,,,,,
20/01/2024 05:45:00,0,204,,,,,,,,,,,,,,,,,,
20/01/2024 05:30:00,0,205,,,,,,,,,,,,,,,,,,
20/01/2024 05:15:00,0,205,,,,,,,,,,,,,,,,,,
20/01/2024 05:00:00,0,205,,,,,,,,,,,,,,,,,,
20/01/2024 04:45:00,0,206,,,,,,,,,,,,,,,,,,
20/01/2024 04:30:00,0,207,,,,,,,,,,,,,,,,,,
20/01/2024 04:15:00,0,207,,,,,,,,,,,,,,,,,,
20/01/2024 04:00:00,0,207,,,,,,,,,,,,,,,,,,
20/01/2024 03:45:00,0,208,,,,,,,,,,,,,,,,,,
20/01/2024 03:30:00,0,208,,,,,,,,,,,,,,,,,,
20/01/2024 03:15:00,0,208,,,,,,,,,,,,,,,,,,
20/01/2024 03:00:00,0,209,,,,,,,,,,,,,,,,,,
20/01/2024 02:45:00,0,209,,,,,,,,,,,,,,,,,,
20/01/2024 02:30:00,0,209,,,,,,,,,,,,,,,,,,
20/01/2024 02:15:00,0,210,,,,,,,,,,,,,,,,,,
20/01/2024 02:00:00,0,210,,,,,,,,,,,,,,,,,,
20/01/2024 01:45:00,0,211,,,,,,,,,,,,,,,,,,
20/01/2024 01:30:00,0,211,,,,,,,,,,,,,,,,,,
20/01/2024 01:15:00,0,211,,,,,,,,,,,,,,,,,,
20/01/2024 01:00:00,0,212,,,,,,,,,,,,,,,,,,
20/01/2024 00:45:00,0,212,,,,,,,,,,,,,,,,,,
20/01/2024 00:30:00,0,212,,,,,,,,,,,,,,,,,,
20/01/2024 00:15:00,0,212,,,,,,,,,,,,,,,,,,
20/01/2024 00:00:00,0,213,,,,,,,,,,,,,,,,,,
19/01/2024 23:45:00,0,213,,,,,,,,,,,,,,,,,,
19/01/2024 23:30:00,0,213,,,,,,,,,,,,,,,,,,
19/01/2024 23:15:00,0,214,,,,,,,,,,,,,,,,,,
19/01/2024 23:00:00,0,214,,,,,,,,,,,,,,,,,,
19/01/2024 22:45:00,0,215,,,,,,,,,,,,,,,,,,
19/01/2024 22:30:00,0,215,,,,,,,,,,,,,,,,,,
19/01/2024 22:15:00,0,216,,,,,,,,,,,,,,,,,,
19/01/2024 22:00:00,0,216,,,,,,,,,,,,,,,,,,
19/01/2024 21:45:00,0,216,,,,,,,,,,,,,,,,,,
19/01/2024 21:30:00,0,217,,,,,,,,,,,,,,,,,,
19/01/2024 21:15:00,0,217,,,,,,,,,,,,,,,,,,
19/01/2024 21:00:00,0,218,,,,,,,,,,,,,,,,,,
19/01/2024 20:45:00,0,218,,,,,,,,,,,,,,,,,,
19/01/2024 20:30:00,0,218,,,,,,,,,,,,,,,,,,
19/01/2024 20:15:00,0,219,,,,,,,,,,,,,,,,,,
19/01/2024 20:00:00,0,220,,,,,,,,,,,,,,,,,,
19/01/2024 19:45:00,0,220,,,,,,,,,,,,,,,,,,
19/01/2024 19:30:00,0,220,,,,,,,,,,,,,,,,,,
19/01/2024 19:15:00,0,220,,,,,,,,,,,,,,,,,,
19/01/2024 19:00:00,0,220,,,,,,,,,,,,,,,,,,
19/01/2024 18:45:00,0,221,,,,,,,,,,,,,,,,,,
19/01/2024 18:30:00,0,221,,,,,,,,,,,,,,,,,,
19/01/2024 18:15:00,0,222,,,,,,,,,,,,,,,,,,
19/01/2024 18:00:00,0,222,,,,,,,,,,,,,,,,,,
19/01/2024 17:45:00,0,222,,,,,,,,,,,,,,,,,,
19/01/2024 17:30:00,0,223,,,,,,,,,,,,,,,,,,
19/01/2024 17:15:00,0,223,,,,,,,,,,,,,,,,,,
19/01/2024 17:00:00,0,224,,,,,,,,,,,,,,,,,,
19/01/2024 16:45:00,0,224,,,,,,,,,,,,,,,,,,
19/01/2024 16:30:00,0,225,,,,,,,,,,,,,,,,,,
19/01/2024 16:15:00,0,225,,,,,,,,,,,,,,,,,,
19/01/2024 16:00:00,0,225,,,,,,,,,,,,,,,,,,
19/01/2024 15:45:00,0,226,,,,,,,,,,,,,,,,,,
19/01/2024 15:30:00,0,226,,,,,,,,,,,,,,,,,,
19/01/2024 15:15:00,0,227,,,,,,,,,,,,,,,,,,
19/01/2024 15:00:00,0,228,,,,,,,,,,,,,,,,,,
19/01/2024 14:45:00,0,228,,,,,,,,,,,,,,,,,,
19/01/2024 14:30:00,0,228,,,,,,,,,,,,,,,,,,
19/01/2024 14:15:00,0,229,,,,,,,,,,,,,,,,,,
19/01/2024 14:00:00,0,229,,,,,,,,,,,,,,,,,,
19/01/2024 13:45:00,0,230,,,,,,,,,,,,,,,,,,
19/01/2024 13:30:00,0,230,,,,,,,,,,,,,,,,,,
19/01/2024 13:15:00,0,231,,,,,,,,,,,,,,,,,,
19/01/2024 13:00:00,0,231,,,,,,,,,,,,,,,,,,
19/01/2024 12:45:00,0,232,,,,,,,,,,,,,,,,,,
19/01/2024 12:30:00,0,233,,,,,,,,,,,,,,,,,,
19/01/2024 12:15:00,0,233,,,,,,,,,,,,,,,,,,
19/01/2024 12:00:00,0,233,,,,,,,,,,,,,,,,,,
19/01/2024 11:45:00,0,234,,,,,,,,,,,,,,,,,,
19/01/2024 11:30:00,0,234,,,,,,,,,,,,,,,,,,
19/01/2024 11:15:00,0,235,,,,,,,,,,,,,,,,,,
19/01/2024 11:00:00,0,235,,,,,,,,,,,,,,,,,,
19/01/2024 10:45:00,0,236,,,,,,,,,,,,,,,,,,
19/01/2024 10:30:00,0,237,,,,,,,,,,,,,,,,,,
19/01/2024 10:15:00,0,237,,,,,,,,,,,,,,,,,,
19/01/2024 10:00:00,0,238,,,,,,,,,,,,,,,,,,
19/01/2024 09:45:00,0,238,,,,,,,,,,,,,,,,,,
19/01/2024 09:30:00,0,239,,,,,,,,,,,,,,,,,,
19/01/2024 09:15:00,0,239,,,,,,,,,,,,,,,,,,
19/01/2024 09:00:00,0,240,,,,,,,,,,,,,,,,,,
19/01/2024 08:45:00,0,241,,,,,,,,,,,,,,,,,,
19/01/2024 08:30:00,0,241,,,,,,,,,,,,,,,,,,
19/01/2024 08:15:00,0,242,,,,,,,,,,,,,,,,,,
19/01/2024 08:00:00,0,243,,,,,,,,,,,,,,,,,,
19/01/2024 07:45:00,0,243,,,,,,,,,,,,,,,,,,
19/01/2024 07:30:00,0,243,,,,,,,,,,,,,,,,,,
19/01/2024 07:15:00,0,244,,,,,,,,,,,,,,,,,,
19/01/2024 07:00:00,0,245,,,,,,,,,,,,,,,,,,
19/01/2024 06:45:00,0,246,,,,,,,,,,,,,,,,,,
19/01/2024 06:30:00,0,246,,,,,,,,,,,,,,,,,,
19/01/2024 06:15:00,0,247,,,,,,,,,,,,,,,,,,
19/01/2024 06:00:00,0,247,,,,,,,,,,,,,,,,,,
19/01/2024 05:45:00,0,248,,,,,,,,,,,,,,,,,,
19/01/2024 05:30:00,0,248,,,,,,,,,,,,,,,,,,
19/01/2024 05:15:00,0,249,,,,,,,,,,,,,,,,,,
19/01/2024 05:00:00,0,250,,,,,,,,,,,,,,,,,,
19/01/2024 04:45:00,0,251,,,,,,,,,,,,,,,,,,
19/01/2024 04:30:00,0,252,,,,,,,,,,,,,,,,,,
19/01/2024 04:15:00,0,252,,,,,,,,,,,,,,,,,,
19/01/2024 04:00:00,0,253,,,,,,,,,,,,,,,,,,
19/01/2024 03:45:00,0,254,,,,,,,,,,,,,,,,,,
19/01/2024 03:30:00,0,254,,,,,,,,,,,,,,,,,,
19/01/2024 03:15:00,0,255,,,,,,,,,,,,,,,,,,
19/01/2024 03:00:00,0,256,,,,,,,,,,,,,,,,,,
19/01/2024 02:45:00,0,257,,,,,,,,,,,,,,,,,,
19/01/2024 02:30:00,0,257,,,,,,,,,,,,,,,,,,
19/01/2024 02:15:00,0,258,,,,,,,,,,,,,,,,,,
19/01/2024 02:00:00,0,259,,,,,,,,,,,,,,,,,,
19/01/2024 01:45:00,0,260,,,,,,,,,,,,,,,,,,
19/01/2024 01:30:00,0,261,,,,,,,,,,,,,,,,,,
19/01/2024 01:15:00,0,262,,,,,,,,,,,,,,,,,,
19/01/2024 01:00:00,0,262,,,,,,,,,,,,,,,,,,
19/01/2024 00:45:00,0,263,,,,,,,,,,,,,,,,,,
19/01/2024 00:30:00,0,264,,,,,,,,,,,,,,,,,,
19/01/2024 00:15:00,0,265,,,,,,,,,,,,,,,,,,
19/01/2024 00:00:00,0,266,,,,,,,,,,,,,,,,,,
18/01/2024 23:45:00,0,267,,,,,,,,,,,,,,,,,,
18/01/2024 23:30:00,0,268,,,,,,,,,,,,,,,,,,
18/01/2024 23:15:00,0,268,,,,,,,,,,,,,,,,,,
18/01/2024 23:00:00,0,269,,,,,,,,,,,,,,,,,,
18/01/2024 22:45:00,0,270,,,,,,,,,,,,,,,,,,
18/01/2024 22:30:00,0,271,,,,,,,,,,,,,,,,,,
18/01/2024 22:15:00,0,273,,,,,,,,,,,,,,,,,,
18/01/2024 22:00:00,0,274,,,,,,,,,,,,,,,,,,
18/01/2024 21:45:00,0,274,,,,,,,,,,,,,,,,,,
18/01/2024 21:30:00,0,275,,,,,,,,,,,,,,,,,,
18/01/2024 21:15:00,0,277,,,,,,,,,,,,,,,,,,
18/01/2024 21:00:00,0,277,,,,,,,,,,,,,,,,,,
18/01/2024 20:45:00,0,279,,,,,,,,,,,,,,,,,,
18/01/2024 20:30:00,0,280,,,,,,,,,,,,,,,,,,
18/01/2024 20:15:00,0,281,,,,,,,,,,,,,,,,,,
18/01/2024 20:00:00,0,282,,,,,,,,,,,,,,,,,,
18/01/2024 19:45:00,0,283,,,,,,,,,,,,,,,,,,
18/01/2024 19:30:00,0,284,,,,,,,,,,,,,,,,,,
18/01/2024 19:15:00,0,286,,,,,,,,,,,,,,,,,,
18/01/2024 19:00:00,0,286,,,,,,,,,,,,,,,,,,
18/01/2024 18:45:00,0,288,,,,,,,,,,,,,,,,,,
18/01/2024 18:30:00,0,290,,,,,,,,,,,,,,,,,,
18/01/2024 18:15:00,0,291,,,,,,,,,,,,,,,,,,
18/01/2024 18:00:00,0,293,,,,,,,,,,,,,,,,,,
18/01/2024 17:45:00,0,295,,,,,,,,,,,,,,,,,,
18/01/2024 17:30:00,0,296,,,,,,,,,,,,,,,,,,
18/01/2024 17:15:00,0,298,,,,,,,,,,,,,,,,,,
18/01/2024 17:00:00,0,300,,,,,,,,,,,,,,,,,,
18/01/2024 16:45:00,0,301,,,,,,,,,,,,,,,,,,
18/01/2024 16:30:00,0,303,,,,,,,,,,,,,,,,,,
18/01/2024 16:15:00,0,305,,,,,,,,,,,,,,,,,,
18/01/2024 16:00:00,0,307,,,,,,,,,,,,,,,,,,
18/01/2024 15:45:00,0,309,,,,,,,,,,,,,,,,,,
18/01/2024 15:30:00,0,311,,,,,,,,,,,,,,,,,,
18/01/2024 15:15:00,0,314,,,,,,,,,,,,,,,,,,
18/01/2024 15:00:00,0,315,,,,,,,,,,,,,,,,,,
18/01/2024 14:45:00,0,318,,,,,,,,,,,,,,,,,,
18/01/2024 14:30:00,0,320,,,,,,,,,,,,,,,,,,
18/01/2024 14:15:00,0,323,,,,,,,,,,,,,,,,,,
18/01/2024 14:00:00,0,326,,,,,,,,,,,,,,,,,,
18/01/2024 13:45:00,0,328,,,,,,,,,,,,,,,,,,
18/01/2024 13:30:00,0,330,,,,,,,,,,,,,,,,,,
18/01/2024 13:15:00,0,333,,,,,,,,,,,,,,,,,,
18/01/2024 13:00:00,0,336,,,,,,,,,,,,,,,,,,
18/01/2024 12:45:00,0,339,,,,,,,,,,,,,,,,,,
18/01/2024 12:30:00,0,342,,,,,,,,,,,,,,,,,,
18/01/2024 12:15:00,0,345,,,,,,,,,,,,,,,,,,
18/01/2024 12:00:00,0,347,,,,,,,,,,,,,,,,,,
18/01/2024 11:45:00,0,351,,,,,,,,,,,,,,,,,,
18/01/2024 11:30:00,0,354,,,,,,,,,,,,,,,,,,
18/01/2024 11:15:00,0,357,,,,,,,,,,,,,,,,,,
18/01/2024 11:00:00,0,360,,,,,,,,,,,,,,,,,,
18/01/2024 10:45:00,0,364,,,,,,,,,,,,,,,,,,
18/01/2024 10:30:00,0,366,,,,,,,,,,,,,,,,,,
18/01/2024 10:15:00,0,371,,,,,,,,,,,,,,,,,,
18/01/2024 10:00:00,0,373,,,,,,,,,,,,,,,,,,
18/01/2024 09:45:00,0,377,,,,,,,,,,,,,,,,,,
18/01/2024 09:30:00,0,380,,,,,,,,,,,,,,,,,,
18/01/2024 09:15:00,0,383,,,,,,,,,,,,,,,,,,
18/01/2024 09:00:00,0,387,,,,,,,,,,,,,,,,,,
18/01/2024 08:45:00,0,391,,,,,,,,,,,,,,,,,,
18/01/2024 08:30:00,0,394,,,,,,,,,,,,,,,,,,
18/01/2024 08:15:00,0.2,398,,,,,,,,,,,,,,,,,,
18/01/2024 08:00:00,0,401,,,,,,,,,,,,,,,,,,
18/01/2024 07:45:00,0,405,,,,,,,,,,,,,,,,,,
18/01/2024 07:30:00,0,408,,,,,,,,,,,,,,,,,,
18/01/2024 07:15:00,0,412,,,,,,,,,,,,,,,,,,
18/01/2024 07:00:00,0,415,,,,,,,,,,,,,,,,,,
18/01/2024 06:45:00,0,418,,,,,,,,,,,,,,,,,,
18/01/2024 06:30:00,0,422,,,,,,,,,,,,,,,,,,
18/01/2024 06:15:00,0,425,,,,,,,,,,,,,,,,,,
18/01/2024 06:00:00,0,429,,,,,,,,,,,,,,,,,,
18/01/2024 05:45:00,0,431,,,,,,,,,,,,,,,,,,
18/01/2024 05:30:00,0,435,,,,,,,,,,,,,,,,,,
18/01/2024 05:15:00,0,438,,,,,,,,,,,,,,,,,,
18/01/2024 05:00:00,0,441,,,,,,,,,,,,,,,,,,
18/01/2024 04:45:00,0,445,,,,,,,,,,,,,,,,,,
18/01/2024 04:30:00,0,448,,,,,,,,,,,,,,,,,,
18/01/2024 04:15:00,0,450,,,,,,,,,,,,,,,,,,
18/01/2024 04:00:00,0,453,,,,,,,,,,,,,,,,,,
18/01/2024 03:45:00,0,456,,,,,,,,,,,,,,,,,,
18/01/2024 03:30:00,0,459,,,,,,,,,,,,,,,,,,
18/01/2024 03:15:00,0,,,,,,,,,,,,,,,,,,,
18/01/2024 03:00:00,0.2,,,,,,,,,,,,,,,,,,,
18/01/2024 02:45:00,0,,,,,,,,,,,,,,,,,,,
18/01/2024 02:30:00,0,,,,,,,,,,,,,,,,,,,
18/01/2024 02:15:00,0,,,,,,,,,,,,,,,,,,,
18/01/2024 02:00:00,0,,,,,,,,,,,,,,,,,,,
18/01/2024 01:45:00,0,,,,,,,,,,,,,,,,,,,
18/01/2024 01:30:00,0,,,,,,,,,,,,,,,,,,,
18/01/2024 01:15:00,0,,,,,,,,,,,,,,,,,,,
18/01/2024 01:00:00,0,,,,,,,,,,,,,,,,,,,
18/01/2024 00:45:00,0,,,,,,,,,,,,,,,,,,,
18/01/2024 00:30:00,0,,,,,,,,,,,,,,,,,,,
18/01/2024 00:15:00,0,,,,,,,,,,,,,,,,,,,
18/01/2024 00:00:00,0,,,,,,,,,,,,,,,,,,,
17/01/2024 23:45:00,0,,,,,,,,,,,,,,,,,,,
17/01/2024 23:30:00,0,,,,,,,,,,,,,,,,,,,
17/01/2024 23:15:00,0,,,,,,,,,,,,,,,,,,,
17/01/2024 23:00:00,0,,,,,,,,,,,,,,,,,,,
17/01/2024 22:45:00,0,,,,,,,,,,,,,,,,,,,
17/01/2024 22:30:00,0,,,,,,,,,,,,,,,,,,,
17/01/2024 22:15:00,0,,,,,,,,,,,,,,,,,,,
17/01/2024 22:00:00,0,,,,,,,,,,,,,,,,,,,
17/01/2024 21:45:00,0.2,,,,,,,,,,,,,,,,,,,
17/01/2024 21:30:00,0.8,,,,,,,,,,,,,,,,,,,
17/01/2024 21:15:00,0,,,,,,,,,,,,,,,,,,,
17/01/2024 21:00:00,0,,,,,,,,,,,,,,,,,,,
17/01/2024 20:45:00,0,,,,,,,,,,,,,,,,,,,
17/01/2024 20:30:00,0,,,,,,,,,,,,,,,,,,,
17/01/2024 20:15:00,0,,,,,,,,,,,,,,,,,,,
17/01/2024 20:00:00,0,,,,,,,,,,,,,,,,,,,
17/01/2024 19:45:00,0,,,,,,,,,,,,,,,,,,,
17/01/2024 19:30:00,0,,,,,,,,,,,,,,,,,,,
17/01/2024 19:15:00,0,,,,,,,,,,,,,,,,,,,
17/01/2024 19:00:00,0,,,,,,,,,,,,,,,,,,,
17/01/2024 18:45:00,0,,,,,,,,,,,,,,,,,,,
17/01/2024 18:30:00,0,,,,,,,,,,,,,,,,,,,
17/01/2024 18:15:00,0,,,,,,,,,,,,,,,,,,,
17/01/2024 18:00:00,0,,,,,,,,,,,,,,,,,,,
17/01/2024 17:45:00,0,,,,,,,,,,,,,,,,,,,
17/01/2024 17:30:00,0,,,,,,,,,,,,,,,,,,,
17/01/2024 17:15:00,0,,,,,,,,,,,,,,,,,,,
17/01/2024 17:00:00,0,,,,,,,,,,,,,,,,,,,
17/01/2024 16:45:00,0,,,,,,,,,,,,,,,,,,,
17/01/2024 16:30:00,0,,,,,,,,,,,,,,,,,,,
17/01/2024 16:15:00,0,,,,,,,,,,,,,,,,,,,
17/01/2024 16:00:00,0,,,,,,,,,,,,,,,,,,,
17/01/2024 15:45:00,0,,,,,,,,,,,,,,,,,,,
17/01/2024 15:30:00,0,,,,,,,,,,,,,,,,,,,
17/01/2024 15:15:00,0,,,,,,,,,,,,,,,,,,,
17/01/2024 15:00:00,0,,,,,,,,,,,,,,,,,,,
17/01/2024 14:45:00,0,,,,,,,,,,,,,,,,,,,
17/01/2024 14:30:00,0,,,,,,,,,,,,,,,,,,,
17/01/2024 14:15:00,0,,,,,,,,,,,,,,,,,,,
17/01/2024 14:00:00,0,,,,,,,,,,,,,,,,,,,
17/01/2024 13:45:00,0,,,,,,,,,,,,,,,,,,,
17/01/2024 13:30:00,0,,,,,,,,,,,,,,,,,,,
17/01/2024 13:15:00,0,,,,,,,,,,,,,,,,,,,
17/01/2024 13:00:00,0,,,,,,,,,,,,,,,,,,,
17/01/2024 12:45:00,0,,,,,,,,,,,,,,,,,,,
17/01/2024 12:30:00,0,,,,,,,,,,,,,,,,,,,
17/01/2024 12:15:00,0,,,,,,,,,,,,,,,,,,,
17/01/2024 12:00:00,0,,,,,,,,,,,,,,,,,,,
17/01/2024 11:45:00,0,,,,,,,,,,,,,,,,,,,
17/01/2024 11:30:00,0,,,,,,,,,,,,,,,,,,,
17/01/2024 11:15:00,0,,,,,,,,,,,,,,,,,,,
17/01/2024 11:00:00,0,,,,,,,,,,,,,,,,,,,
17/01/2024 10:45:00,0,,,,,,,,,,,,,,,,,,,
17/01/2024 10:30:00,0,,,,,,,,,,,,,,,,,,,
17/01/2024 10:15:00,0,457,,,,,,,,,,,,,,,,,,
17/01/2024 10:00:00,0,453,,,,,,,,,,,,,,,,,,
17/01/2024 09:45:00,0,450,,,,,,,,,,,,,,,,,,
17/01/2024 09:30:00,0,445,,,,,,,,,,,,,,,,,,
17/01/2024 09:15:00,0,441,,,,,,,,,,,,,,,,,,
17/01/2024 09:00:00,0,436,,,,,,,,,,,,,,,,,,
17/01/2024 08:45:00,0,431,,,,,,,,,,,,,,,,,,
17/01/2024 08:30:00,0,425,,,,,,,,,,,,,,,,,,
17/01/2024 08:15:00,0,418,,,,,,,,,,,,,,,,,,
17/01/2024 08:00:00,0,413,,,,,,,,,,,,,,,,,,
17/01/2024 07:45:00,0,405,,,,,,,,,,,,,,,,,,
17/01/2024 07:30:00,0,397,,,,,,,,,,,,,,,,,,
17/01/2024 07:15:00,0,389,,,,,,,,,,,,,,,,,,
17/01/2024 07:00:00,0,381,,,,,,,,,,,,,,,,,,
17/01/2024 06:45:00,0,371,,,,,,,,,,,,,,,,,,
17/01/2024 06:30:00,0,361,,,,,,,,,,,,,,,,,,
17/01/2024 06:15:00,0,350,,,,,,,,,,,,,,,,,,
17/01/2024 06:00:00,0,338,,,,,,,,,,,,,,,,,,
17/01/2024 05:45:00,0,326,,,,,,,,,,,,,,,,,,
17/01/2024 05:30:00,0,314,,,,,,,,,,,,,,,,,,
17/01/2024 05:15:00,0,300,,,,,,,,,,,,,,,,,,
17/01/2024 05:00:00,0,287,,,,,,,,,,,,,,,,,,
17/01/2024 04:45:00,0,273,,,,,,,,,,,,,,,,,,
17/01/2024 04:30:00,0,261,,,,,,,,,,,,,,,,,,
17/01/2024 04:15:00,0,250,,,,,,,,,,,,,,,,,,
17/01/2024 04:00:00,0,239,,,,,,,,,,,,,,,,,,
17/01/2024 03:45:00,0,231,,,,,,,,,,,,,,,,,,
17/01/2024 03:30:00,0,223,,,,,,,,,,,,,,,,,,
17/01/2024 03:15:00,0,217,,,,,,,,,,,,,,,,,,
17/01/2024 03:00:00,0,211,,,,,,,,,,,,,,,,,,
17/01/2024 02:45:00,0,207,,,,,,,,,,,,,,,,,,
17/01/2024 02:30:00,0.2,202,,,,,,,,,,,,,,,,,,
17/01/2024 02:15:00,0,197,,,,,,,,,,,,,,,,,,
17/01/2024 02:00:00,1,192,,,,,,,,,,,,,,,,,,
17/01/2024 01:45:00,1.2,187,,,,,,,,,,,,,,,,,,
17/01/2024 01:30:00,1,182,,,,,,,,,,,,,,,,,,
17/01/2024 01:15:00,2.4,177,,,,,,,,,,,,,,,,,,
17/01/2024 01:00:00,1.2,171,,,,,,,,,,,,,,,,,,
17/01/2024 00:45:00,1.2,165,,,,,,,,,,,,,,,,,,
17/01/2024 00:30:00,0.8,159,,,,,,,,,,,,,,,,,,
17/01/2024 00:15:00,1.6,153,,,,,,,,,,,,,,,,,,
17/01/2024 00:00:00,2,148,,,,,,,,,,,,,,,,,,
16/01/2024 23:45:00,1.2,144,,,,,,,,,,,,,,,,,,
16/01/2024 23:30:00,2.6,140,,,,,,,,,,,,,,,,,,
16/01/2024 23:15:00,16.6,137,,,,,,,,,,,,,,,,,,
16/01/2024 23:00:00,2.6,133,,,,,,,,,,,,,,,,,,
16/01/2024 22:45:00,0.8,132,,,,,,,,,,,,,,,,,,
16/01/2024 22:30:00,0.2,132,,,,,,,,,,,,,,,,,,
16/01/2024 22:15:00,0,131,,,,,,,,,,,,,,,,,,
16/01/2024 22:00:00,0,131,,,,,,,,,,,,,,,,,,
16/01/2024 21:45:00,0,130,,,,,,,,,,,,,,,,,,
16/01/2024 21:30:00,0,130,,,,,,,,,,,,,,,,,,
16/01/2024 21:15:00,0,130,,,,,,,,,,,,,,,,,,
16/01/2024 21:00:00,0,129,,,,,,,,,,,,,,,,,,
16/01/2024 20:45:00,0,129,,,,,,,,,,,,,,,,,,
16/01/2024 20:30:00,0,129,,,,,,,,,,,,,,,,,,
16/01/2024 20:15:00,0,129,,,,,,,,,,,,,,,,,,
16/01/2024 20:00:00,0,129,,,,,,,,,,,,,,,,,,
16/01/2024 19:45:00,0,129,,,,,,,,,,,,,,,,,,
16/01/2024 19:30:00,0,129,,,,,,,,,,,,,,,,,,
16/01/2024 19:15:00,0,129,,,,,,,,,,,,,,,,,,
16/01/2024 19:00:00,0,128,,,,,,,,,,,,,,,,,,
16/01/2024 18:45:00,0,129,,,,,,,,,,,,,,,,,,
16/01/2024 18:30:00,0,129,,,,,,,,,,,,,,,,,,
16/01/2024 18:15:00,0,129,,,,,,,,,,,,,,,,,,
16/01/2024 18:00:00,0,129,,,,,,,,,,,,,,,,,,
16/01/2024 17:45:00,0,129,,,,,,,,,,,,,,,,,,
16/01/2024 17:30:00,0,129,,,,,,,,,,,,,,,,,,
16/01/2024 17:15:00,0.2,129,,,,,,,,,,,,,,,,,,
16/01/2024 17:00:00,0.6,129,,,,,,,,,,,,,,,,,,
16/01/2024 16:45:00,3.6,129,,,,,,,,,,,,,,,,,,
16/01/2024 16:30:00,3.6,129,,,,,,,,,,,,,,,,,,
16/01/2024 16:15:00,0.2,129,,,,,,,,,,,,,,,,,,
16/01/2024 16:00:00,0,129,,,,,,,,,,,,,,,,,,
16/01/2024 15:45:00,0,129,,,,,,,,,,,,,,,,,,
16/01/2024 15:30:00,0,129,,,,,,,,,,,,,,,,,,
16/01/2024 15:15:00,0,130,,,,,,,,,,,,,,,,,,
16/01/2024 15:00:00,0,130,,,,,,,,,,,,,,,,,,
16/01/2024 14:45:00,0,130,,,,,,,,,,,,,,,,,,
16/01/2024 14:30:00,0,130,,,,,,,,,,,,,,,,,,
16/01/2024 14:15:00,0,131,,,,,,,,,,,,,,,,,,
16/01/2024 14:00:00,0,131,,,,,,,,,,,,,,,,,,
16/01/2024 13:45:00,0,131,,,,,,,,,,,,,,,,,,
16/01/2024 13:30:00,0,132,,,,,,,,,,,,,,,,,,
16/01/2024 13:15:00,0,132,,,,,,,,,,,,,,,,,,
16/01/2024 13:00:00,0,132,,,,,,,,,,,,,,,,,,
16/01/2024 12:45:00,0,132,,,,,,,,,,,,,,,,,,
16/01/2024 12:30:00,0,132,,,,,,,,,,,,,,,,,,
16/01/2024 12:15:00,0,133,,,,,,,,,,,,,,,,,,
16/01/2024 12:00:00,0,133,,,,,,,,,,,,,,,,,,
16/01/2024 11:45:00,0,134,,,,,,,,,,,,,,,,,,
16/01/2024 11:30:00,0,134,,,,,,,,,,,,,,,,,,
16/01/2024 11:15:00,0,135,,,,,,,,,,,,,,,,,,
16/01/2024 11:00:00,0,135,,,,,,,,,,,,,,,,,,
16/01/2024 10:45:00,0,135,,,,,,,,,,,,,,,,,,
16/01/2024 10:30:00,0,136,,,,,,,,,,,,,,,,,,
16/01/2024 10:15:00,0,136,,,,,,,,,,,,,,,,,,
16/01/2024 10:00:00,0,136,,,,,,,,,,,,,,,,,,
16/01/2024 09:45:00,0,137,,,,,,,,,,,,,,,,,,
16/01/2024 09:30:00,0,137,,,,,,,,,,,,,,,,,,
16/01/2024 09:15:00,0,137,,,,,,,,,,,,,,,,,,
16/01/2024 09:00:00,0,138,,,,,,,,,,,,,,,,,,
16/01/2024 08:45:00,0,139,,,,,,,,,,,,,,,,,,
16/01/2024 08:30:00,0,139,,,,,,,,,,,,,,,,,,
16/01/2024 08:15:00,0,139,,,,,,,,,,,,,,,,,,
16/01/2024 08:00:00,0,140,,,,,,,,,,,,,,,,,,
16/01/2024 07:45:00,0,140,,,,,,,,,,,,,,,,,,
16/01/2024 07:30:00,0,141,,,,,,,,,,,,,,,,,,
16/01/2024 07:15:00,0,141,,,,,,,,,,,,,,,,,,
16/01/2024 07:00:00,0,142,,,,,,,,,,,,,,,,,,
16/01/2024 06:45:00,0,142,,,,,,,,,,,,,,,,,,
16/01/2024 06:30:00,0,143,,,,,,,,,,,,,,,,,,
16/01/2024 06:15:00,0,143,,,,,,,,,,,,,,,,,,
16/01/2024 06:00:00,0,144,,,,,,,,,,,,,,,,,,
16/01/2024 05:45:00,0,144,,,,,,,,,,,,,,,,,,
16/01/2024 05:30:00,0,145,,,,,,,,,,,,,,,,,,
16/01/2024 05:15:00,0,145,,,,,,,,,,,,,,,,,,
16/01/2024 05:00:00,0,145,,,,,,,,,,,,,,,,,,
16/01/2024 04:45:00,0,146,,,,,,,,,,,,,,,,,,
16/01/2024 04:30:00,0,147,,,,,,,,,,,,,,,,,,
16/01/2024 04:15:00,0,147,,,,,,,,,,,,,,,,,,
16/01/2024 04:00:00,0,147,,,,,,,,,,,,,,,,,,
16/01/2024 03:45:00,0,148,,,,,,,,,,,,,,,,,,
16/01/2024 03:30:00,0,148,,,,,,,,,,,,,,,,,,
16/01/2024 03:15:00,0,149,,,,,,,,,,,,,,,,,,
16/01/2024 03:00:00,0,149,,,,,,,,,,,,,,,,,,
16/01/2024 02:45:00,0,149,,,,,,,,,,,,,,,,,,
16/01/2024 02:30:00,0,150,,,,,,,,,,,,,,,,,,
16/01/2024 02:15:00,0,150,,,,,,,,,,,,,,,,,,
16/01/2024 02:00:00,0,150,,,,,,,,,,,,,,,,,,
16/01/2024 01:45:00,0,151,,,,,,,,,,,,,,,,,,
16/01/2024 01:30:00,0,151,,,,,,,,,,,,,,,,,,
16/01/2024 01:15:00,0,151,,,,,,,,,,,,,,,,,,
16/01/2024 01:00:00,0,151,,,,,,,,,,,,,,,,,,
16/01/2024 00:45:00,0,151,,,,,,,,,,,,,,,,,,
16/01/2024 00:30:00,0,152,,,,,,,,,,,,,,,,,,
16/01/2024 00:15:00,0,152,,,,,,,,,,,,,,,,,,
16/01/2024 00:00:00,0,152,,,,,,,,,,,,,,,,,,
15/01/2024 23:45:00,0,151,,,,,,,,,,,,,,,,,,
15/01/2024 23:30:00,0,152,,,,,,,,,,,,,,,,,,
15/01/2024 23:15:00,0,152,,,,,,,,,,,,,,,,,,
15/01/2024 23:00:00,0,152,,,,,,,,,,,,,,,,,,
15/01/2024 22:45:00,0,152,,,,,,,,,,,,,,,,,,
15/01/2024 22:30:00,0,152,,,,,,,,,,,,,,,,,,
15/01/2024 22:15:00,0,152,,,,,,,,,,,,,,,,,,
15/01/2024 22:00:00,0,152,,,,,,,,,,,,,,,,,,
15/01/2024 21:45:00,0,152,,,,,,,,,,,,,,,,,,
15/01/2024 21:30:00,0,152,,,,,,,,,,,,,,,,,,
15/01/2024 21:15:00,0,152,,,,,,,,,,,,,,,,,,
15/01/2024 21:00:00,0,152,,,,,,,,,,,,,,,,,,
15/01/2024 20:45:00,0,152,,,,,,,,,,,,,,,,,,
15/01/2024 20:30:00,0,152,,,,,,,,,,,,,,,,,,
15/01/2024 20:15:00,0,152,,,,,,,,,,,,,,,,,,
15/01/2024 20:00:00,0,152,,,,,,,,,,,,,,,,,,
15/01/2024 19:45:00,0,152,,,,,,,,,,,,,,,,,,
15/01/2024 19:30:00,0,152,,,,,,,,,,,,,,,,,,
15/01/2024 19:15:00,0,152,,,,,,,,,,,,,,,,,,
15/01/2024 19:00:00,0,152,,,,,,,,,,,,,,,,,,
15/01/2024 18:45:00,0,152,,,,,,,,,,,,,,,,,,
15/01/2024 18:30:00,0,152,,,,,,,,,,,,,,,,,,
15/01/2024 18:15:00,0,152,,,,,,,,,,,,,,,,,,
15/01/2024 18:00:00,0,152,,,,,,,,,,,,,,,,,,
15/01/2024 17:45:00,0,152,,,,,,,,,,,,,,,,,,
15/01/2024 17:30:00,0,153,,,,,,,,,,,,,,,,,,
15/01/2024 17:15:00,0,153,,,,,,,,,,,,,,,,,,
15/01/2024 17:00:00,0,153,,,,,,,,,,,,,,,,,,
15/01/2024 16:45:00,0,153,,,,,,,,,,,,,,,,,,
15/01/2024 16:30:00,0,154,,,,,,,,,,,,,,,,,,
15/01/2024 16:15:00,0,154,,,,,,,,,,,,,,,,,,
15/01/2024 16:00:00,0,155,,,,,,,,,,,,,,,,,,
15/01/2024 15:45:00,0,156,,,,,,,,,,,,,,,,,,
15/01/2024 15:30:00,0,156,,,,,,,,,,,,,,,,,,
15/01/2024 15:15:00,0,157,,,,,,,,,,,,,,,,,,
15/01/2024 15:00:00,0,158,,,,,,,,,,,,,,,,,,
15/01/2024 14:45:00,0,158,,,,,,,,,,,,,,,,,,
15/01/2024 14:30:00,0,159,,,,,,,,,,,,,,,,,,
15/01/2024 14:15:00,0,160,,,,,,,,,,,,,,,,,,
15/01/2024 14:00:00,0,161,,,,,,,,,,,,,,,,,,
15/01/2024 13:45:00,0,161,,,,,,,,,,,,,,,,,,
15/01/2024 13:30:00,0,162,,,,,,,,,,,,,,,,,,
15/01/2024 13:15:00,0,163,,,,,,,,,,,,,,,,,,
15/01/2024 13:00:00,0,164,,,,,,,,,,,,,,,,,,
15/01/2024 12:45:00,0,164,,,,,,,,,,,,,,,,,,
15/01/2024 12:30:00,0,165,,,,,,,,,,,,,,,,,,
15/01/2024 12:15:00,0,165,,,,,,,,,,,,,,,,,,
15/01/2024 12:00:00,0,166,,,,,,,,,,,,,,,,,,
15/01/2024 11:45:00,0,166,,,,,,,,,,,,,,,,,,
15/01/2024 11:30:00,0,166,,,,,,,,,,,,,,,,,,
15/01/2024 11:15:00,0,167,,,,,,,,,,,,,,,,,,
15/01/2024 11:00:00,0,167,,,,,,,,,,,,,,,,,,
15/01/2024 10:45:00,0,167,,,,,,,,,,,,,,,,,,
15/01/2024 10:30:00,0,167,,,,,,,,,,,,,,,,,,
15/01/2024 10:15:00,0,167,,,,,,,,,,,,,,,,,,
15/01/2024 10:00:00,0,167,,,,,,,,,,,,,,,,,,
15/01/2024 09:45:00,0,167,,,,,,,,,,,,,,,,,,
15/01/2024 09:30:00,0,167,,,,,,,,,,,,,,,,,,
15/01/2024 09:15:00,0,166,,,,,,,,,,,,,,,,,,
15/01/2024 09:00:00,0,166,,,,,,,,,,,,,,,,,,
15/01/2024 08:45:00,0,165,,,,,,,,,,,,,,,,,,
15/01/2024 08:30:00,0,165,,,,,,,,,,,,,,,,,,
15/01/2024 08:15:00,0,165,,,,,,,,,,,,,,,,,,
15/01/2024 08:00:00,0,165,,,,,,,,,,,,,,,,,,
15/01/2024 07:45:00,0,164,,,,,,,,,,,,,,,,,,
15/01/2024 07:30:00,0,163,,,,,,,,,,,,,,,,,,
15/01/2024 07:15:00,0,163,,,,,,,,,,,,,,,,,,
15/01/2024 07:00:00,0,162,,,,,,,,,,,,,,,,,,
15/01/2024 06:45:00,0,161,,,,,,,,,,,,,,,,,,
15/01/2024 06:30:00,0,160,,,,,,,,,,,,,,,,,,
15/01/2024 06:15:00,0,159,,,,,,,,,,,,,,,,,,
15/01/2024 06:00:00,0,158,,,,,,,,,,,,,,,,,,
15/01/2024 05:45:00,0,157,,,,,,,,,,,,,,,,,,
15/01/2024 05:30:00,0,155,,,,,,,,,,,,,,,,,,
15/01/2024 05:15:00,0,153,,,,,,,,,,,,,,,,,,
15/01/2024 05:00:00,0,151,,,,,,,,,,,,,,,,,,
15/01/2024 04:45:00,0,149,,,,,,,,,,,,,,,,,,
15/01/2024 04:30:00,0,147,,,,,,,,,,,,,,,,,,
15/01/2024 04:15:00,0,145,,,,,,,,,,,,,,,,,,
15/01/2024 04:00:00,0,142,,,,,,,,,,,,,,,,,,
15/01/2024 03:45:00,0,139,,,,,,,,,,,,,,,,,,
15/01/2024 03:30:00,0,137,,,,,,,,,,,,,,,,,,
15/01/2024 03:15:00,0,134,,,,,,,,,,,,,,,,,,
15/01/2024 03:00:00,0,132,,,,,,,,,,,,,,,,,,
15/01/2024 02:45:00,0,130,,,,,,,,,,,,,,,,,,
15/01/2024 02:30:00,0,129,,,,,,,,,,,,,,,,,,
15/01/2024 02:15:00,0,128,,,,,,,,,,,,,,,,,,
15/01/2024 02:00:00,0,126,,,,,,,,,,,,,,,,,,
15/01/2024 01:45:00,0,125,,,,,,,,,,,,,,,,,,
15/01/2024 01:30:00,0,125,,,,,,,,,,,,,,,,,,
15/01/2024 01:15:00,0,124,,,,,,,,,,,,,,,,,,
15/01/2024 01:00:00,0,124,,,,,,,,,,,,,,,,,,
15/01/2024 00:45:00,0,123,,,,,,,,,,,,,,,,,,
15/01/2024 00:30:00,0,123,,,,,,,,,,,,,,,,,,
15/01/2024 00:15:00,0,123,,,,,,,,,,,,,,,,,,
15/01/2024 00:00:00,0,123,,,,,,,,,,,,,,,,,,
14/01/2024 23:45:00,0,123,,,,,,,,,,,,,,,,,,
14/01/2024 23:30:00,0,123,,,,,,,,,,,,,,,,,,
14/01/2024 23:15:00,0,122,,,,,,,,,,,,,,,,,,
14/01/2024 23:00:00,0,122,,,,,,,,,,,,,,,,,,
14/01/2024 22:45:00,0,122,,,,,,,,,,,,,,,,,,
14/01/2024 22:30:00,0,122,,,,,,,,,,,,,,,,,,
14/01/2024 22:15:00,0,122,,,,,,,,,,,,,,,,,,
14/01/2024 22:00:00,0.2,121,,,,,,,,,,,,,,,,,,
14/01/2024 21:45:00,0,121,,,,,,,,,,,,,,,,,,
14/01/2024 21:30:00,0,121,,,,,,,,,,,,,,,,,,
14/01/2024 21:15:00,0,121,,,,,,,,,,,,,,,,,,
14/01/2024 21:00:00,0,121,,,,,,,,,,,,,,,,,,
14/01/2024 20:45:00,0.2,121,,,,,,,,,,,,,,,,,,
14/01/2024 20:30:00,0.2,121,,,,,,,,,,,,,,,,,,
14/01/2024 20:15:00,0.6,121,,,,,,,,,,,,,,,,,,
14/01/2024 20:00:00,1.6,121,,,,,,,,,,,,,,,,,,
14/01/2024 19:45:00,1.8,121,,,,,,,,,,,,,,,,,,
14/01/2024 19:30:00,1.4,120,,,,,,,,,,,,,,,,,,
14/01/2024 19:15:00,2.8,120,,,,,,,,,,,,,,,,,,
14/01/2024 19:00:00,1.2,120,,,,,,,,,,,,,,,,,,
14/01/2024 18:45:00,0.8,120,,,,,,,,,,,,,,,,,,
14/01/2024 18:30:00,0,120,,,,,,,,,,,,,,,,,,
14/01/2024 18:15:00,0,120,,,,,,,,,,,,,,,,,,
14/01/2024 18:00:00,0,120,,,,,,,,,,,,,,,,,,
14/01/2024 17:45:00,0.2,120,,,,,,,,,,,,,,,,,,
14/01/2024 17:30:00,0,120,,,,,,,,,,,,,,,,,,
14/01/2024 17:15:00,0,120,,,,,,,,,,,,,,,,,,
14/01/2024 17:00:00,0,120,,,,,,,,,,,,,,,,,,
14/01/2024 16:45:00,0,120,,,,,,,,,,,,,,,,,,
14/01/2024 16:30:00,0,120,,,,,,,,,,,,,,,,,,
14/01/2024 16:15:00,0,120,,,,,,,,,,,,,,,,,,
14/01/2024 16:00:00,1.8,120,,,,,,,,,,,,,,,,,,
14/01/2024 15:45:00,0.8,120,,,,,,,,,,,,,,,,,,
14/01/2024 15:30:00,0,120,,,,,,,,,,,,,,,,,,
14/01/2024 15:15:00,0,120,,,,,,,,,,,,,,,,,,
14/01/2024 15:00:00,0,120,,,,,,,,,,,,,,,,,,
14/01/2024 14:45:00,0,120,,,,,,,,,,,,,,,,,,
14/01/2024 14:30:00,0,120,,,,,,,,,,,,,,,,,,
14/01/2024 14:15:00,0,120,,,,,,,,,,,,,,,,,,
14/01/2024 14:00:00,0,121,,,,,,,,,,,,,,,,,,
14/01/2024 13:45:00,0,121,,,,,,,,,,,,,,,,,,
14/01/2024 13:30:00,0,121,,,,,,,,,,,,,,,,,,
14/01/2024 13:15:00,0,121,,,,,,,,,,,,,,,,,,
14/01/2024 13:00:00,0,121,,,,,,,,,,,,,,,,,,
14/01/2024 12:45:00,0,121,,,,,,,,,,,,,,,,,,
14/01/2024 12:30:00,0,121,,,,,,,,,,,,,,,,,,
14/01/2024 12:15:00,0,122,,,,,,,,,,,,,,,,,,
14/01/2024 12:00:00,0,122,,,,,,,,,,,,,,,,,,
14/01/2024 11:45:00,0,122,,,,,,,,,,,,,,,,,,
14/01/2024 11:30:00,0,122,,,,,,,,,,,,,,,,,,
14/01/2024 11:15:00,0,123,,,,,,,,,,,,,,,,,,
14/01/2024 11:00:00,0,123,,,,,,,,,,,,,,,,,,
14/01/2024 10:45:00,0,123,,,,,,,,,,,,,,,,,,
14/01/2024 10:30:00,0,123,,,,,,,,,,,,,,,,,,
14/01/2024 10:15:00,0,123,,,,,,,,,,,,,,,,,,
14/01/2024 10:00:00,0,123,,,,,,,,,,,,,,,,,,
14/01/2024 09:45:00,0,124,,,,,,,,,,,,,,,,,,
14/01/2024 09:30:00,0,124,,,,,,,,,,,,,,,,,,
14/01/2024 09:15:00,0,124,,,,,,,,,,,,,,,,,,
14/01/2024 09:00:00,0,124,,,,,,,,,,,,,,,,,,
14/01/2024 08:45:00,0,124,,,,,,,,,,,,,,,,,,
14/01/2024 08:30:00,0,124,,,,,,,,,,,,,,,,,,
14/01/2024 08:15:00,0,124,,,,,,,,,,,,,,,,,,
14/01/2024 08:00:00,0,124,,,,,,,,,,,,,,,,,,
14/01/2024 07:45:00,0,124,,,,,,,,,,,,,,,,,,
14/01/2024 07:30:00,0,124,,,,,,,,,,,,,,,,,,
14/01/2024 07:15:00,0,124,,,,,,,,,,,,,,,,,,
14/01/2024 07:00:00,0,124,,,,,,,,,,,,,,,,,,
14/01/2024 06:45:00,0,124,,,,,,,,,,,,,,,,,,
14/01/2024 06:30:00,0,124,,,,,,,,,,,,,,,,,,
14/01/2024 06:15:00,0,123,,,,,,,,,,,,,,,,,,
14/01/2024 06:00:00,0,123,,,,,,,,,,,,,,,,,,
14/01/2024 05:45:00,0,123,,,,,,,,,,,,,,,,,,
14/01/2024 05:30:00,0,123,,,,,,,,,,,,,,,,,,
14/01/2024 05:15:00,0,123,,,,,,,,,,,,,,,,,,
14/01/2024 05:00:00,0,123,,,,,,,,,,,,,,,,,,
14/01/2024 04:45:00,0,123,,,,,,,,,,,,,,,,,,
14/01/2024 04:30:00,0,122,,,,,,,,,,,,,,,,,,
14/01/2024 04:15:00,0,123,,,,,,,,,,,,,,,,,,
14/01/2024 04:00:00,0,123,,,,,,,,,,,,,,,,,,
14/01/2024 03:45:00,0,123,,,,,,,,,,,,,,,,,,
14/01/2024 03:30:00,0,123,,,,,,,,,,,,,,,,,,
14/01/2024 03:15:00,0,122,,,,,,,,,,,,,,,,,,
14/01/2024 03:00:00,0,122,,,,,,,,,,,,,,,,,,
14/01/2024 02:45:00,0,122,,,,,,,,,,,,,,,,,,
14/01/2024 02:30:00,0,123,,,,,,,,,,,,,,,,,,
14/01/2024 02:15:00,0,122,,,,,,,,,,,,,,,,,,
14/01/2024 02:00:00,0,122,,,,,,,,,,,,,,,,,,
14/01/2024 01:45:00,0,123,,,,,,,,,,,,,,,,,,
14/01/2024 01:30:00,0,122,,,,,,,,,,,,,,,,,,
14/01/2024 01:15:00,0,123,,,,,,,,,,,,,,,,,,
14/01/2024 01:00:00,0,123,,,,,,,,,,,,,,,,,,
14/01/2024 00:45:00,0,123,,,,,,,,,,,,,,,,,,
14/01/2024 00:30:00,0,123,,,,,,,,,,,,,,,,,,
14/01/2024 00:15:00,0,123,,,,,,,,,,,,,,,,,,
14/01/2024 00:00:00,0,123,,,,,,,,,,,,,,,,,,
13/01/2024 23:45:00,0,123,,,,,,,,,,,,,,,,,,
13/01/2024 23:30:00,0,124,,,,,,,,,,,,,,,,,,
13/01/2024 23:15:00,0,124,,,,,,,,,,,,,,,,,,
13/01/2024 23:00:00,0,124,,,,,,,,,,,,,,,,,,
13/01/2024 22:45:00,0,124,,,,,,,,,,,,,,,,,,
13/01/2024 22:30:00,0,125,,,,,,,,,,,,,,,,,,
13/01/2024 22:15:00,0,125,,,,,,,,,,,,,,,,,,
13/01/2024 22:00:00,0,125,,,,,,,,,,,,,,,,,,
13/01/2024 21:45:00,0,125,,,,,,,,,,,,,,,,,,
13/01/2024 21:30:00,0,125,,,,,,,,,,,,,,,,,,
13/01/2024 21:15:00,0,126,,,,,,,,,,,,,,,,,,
13/01/2024 21:00:00,0,126,,,,,,,,,,,,,,,,,,
13/01/2024 20:45:00,0,126,,,,,,,,,,,,,,,,,,
13/01/2024 20:30:00,0,127,,,,,,,,,,,,,,,,,,
13/01/2024 20:15:00,0,127,,,,,,,,,,,,,,,,,,
13/01/2024 20:00:00,0,127,,,,,,,,,,,,,,,,,,
13/01/2024 19:45:00,0,127,,,,,,,,,,,,,,,,,,
13/01/2024 19:30:00,0,127,,,,,,,,,,,,,,,,,,
13/01/2024 19:15:00,0,127,,,,,,,,,,,,,,,,,,
13/01/2024 19:00:00,0,127,,,,,,,,,,,,,,,,,,
13/01/2024 18:45:00,0,128,,,,,,,,,,,,,,,,,,
13/01/2024 18:30:00,0,128,,,,,,,,,,,,,,,,,,
13/01/2024 18:15:00,0,128,,,,,,,,,,,,,,,,,,
13/01/2024 18:00:00,0,128,,,,,,,,,,,,,,,,,,
13/01/2024 17:45:00,0,128,,,,,,,,,,,,,,,,,,
13/01/2024 17:30:00,0,128,,,,,,,,,,,,,,,,,,
13/01/2024 17:15:00,0,128,,,,,,,,,,,,,,,,,,
13/01/2024 17:00:00,0,128,,,,,,,,,,,,,,,,,,
13/01/2024 16:45:00,0,128,,,,,,,,,,,,,,,,,,
13/01/2024 16:30:00,0,129,,,,,,,,,,,,,,,,,,
13/01/2024 16:15:00,0,129,,,,,,,,,,,,,,,,,,
13/01/2024 16:00:00,0,129,,,,,,,,,,,,,,,,,,
13/01/2024 15:45:00,0,129,,,,,,,,,,,,,,,,,,
13/01/2024 15:30:00,0,129,,,,,,,,,,,,,,,,,,
13/01/2024 15:15:00,0,129,,,,,,,,,,,,,,,,,,
13/01/2024 15:00:00,0,130,,,,,,,,,,,,,,,,,,
13/01/2024 14:45:00,0,130,,,,,,,,,,,,,,,,,,
13/01/2024 14:30:00,0,130,,,,,,,,,,,,,,,,,,
13/01/2024 14:15:00,0,130,,,,,,,,,,,,,,,,,,
13/01/2024 14:00:00,0,130,,,,,,,,,,,,,,,,,,
13/01/2024 13:45:00,0,130,,,,,,,,,,,,,,,,,,
13/01/2024 13:30:00,0,130,,,,,,,,,,,,,,,,,,
13/01/2024 13:15:00,0,131,,,,,,,,,,,,,,,,,,
13/01/2024 13:00:00,0,131,,,,,,,,,,,,,,,,,,
13/01/2024 12:45:00,0,131,,,,,,,,,,,,,,,,,,
13/01/2024 12:30:00,0,131,,,,,,,,,,,,,,,,,,
13/01/2024 12:15:00,0,131,,,,,,,,,,,,,,,,,,
13/01/2024 12:00:00,0,132,,,,,,,,,,,,,,,,,,
13/01/2024 11:45:00,0,132,,,,,,,,,,,,,,,,,,
13/01/2024 11:30:00,0,132,,,,,,,,,,,,,,,,,,
13/01/2024 11:15:00,0,132,,,,,,,,,,,,,,,,,,
13/01/2024 11:00:00,0,132,,,,,,,,,,,,,,,,,,
13/01/2024 10:45:00,0,132,,,,,,,,,,,,,,,,,,
13/01/2024 10:30:00,0,132,,,,,,,,,,,,,,,,,,
13/01/2024 10:15:00,0,133,,,,,,,,,,,,,,,,,,
13/01/2024 10:00:00,0,133,,,,,,,,,,,,,,,,,,
13/01/2024 09:45:00,0,133,,,,,,,,,,,,,,,,,,
13/01/2024 09:30:00,0,133,,,,,,,,,,,,,,,,,,
13/01/2024 09:15:00,0,133,,,,,,,,,,,,,,,,,,
13/01/2024 09:00:00,0,134,,,,,,,,,,,,,,,,,,
13/01/2024 08:45:00,0,134,,,,,,,,,,,,,,,,,,
13/01/2024 08:30:00,0,134,,,,,,,,,,,,,,,,,,
13/01/2024 08:15:00,0,134,,,,,,,,,,,,,,,,,,
13/01/2024 08:00:00,0,134,,,,,,,,,,,,,,,,,,
13/01/2024 07:45:00,0,134,,,,,,,,,,,,,,,,,,
13/01/2024 07:30:00,0,134,,,,,,,,,,,,,,,,,,
13/01/2024 07:15:00,0,134,,,,,,,,,,,,,,,,,,
13/01/2024 07:00:00,0,135,,,,,,,,,,,,,,,,,,
13/01/2024 06:45:00,0,135,,,,,,,,,,,,,,,,,,
13/01/2024 06:30:00,0,135,,,,,,,,,,,,,,,,,,
13/01/2024 06:15:00,0,135,,,,,,,,,,,,,,,,,,
13/01/2024 06:00:00,0,135,,,,,,,,,,,,,,,,,,
13/01/2024 05:45:00,0,135,,,,,,,,,,,,,,,,,,
13/01/2024 05:30:00,0,135,,,,,,,,,,,,,,,,,,
13/01/2024 05:15:00,0,135,,,,,,,,,,,,,,,,,,
13/01/2024 05:00:00,0,135,,,,,,,,,,,,,,,,,,
13/01/2024 04:45:00,0,135,,,,,,,,,,,,,,,,,,
13/01/2024 04:30:00,0,135,,,,,,,,,,,,,,,,,,
13/01/2024 04:15:00,0,135,,,,,,,,,,,,,,,,,,
13/01/2024 04:00:00,0,135,,,,,,,,,,,,,,,,,,
13/01/2024 03:45:00,0,135,,,,,,,,,,,,,,,,,,
13/01/2024 03:30:00,0,135,,,,,,,,,,,,,,,,,,
13/01/2024 03:15:00,0,135,,,,,,,,,,,,,,,,,,
13/01/2024 03:00:00,0,135,,,,,,,,,,,,,,,,,,
13/01/2024 02:45:00,0,135,,,,,,,,,,,,,,,,,,
13/01/2024 02:30:00,0,135,,,,,,,,,,,,,,,,,,
13/01/2024 02:15:00,0,135,,,,,,,,,,,,,,,,,,
13/01/2024 02:00:00,0,135,,,,,,,,,,,,,,,,,,
13/01/2024 01:45:00,0,135,,,,,,,,,,,,,,,,,,
13/01/2024 01:30:00,0,135,,,,,,,,,,,,,,,,,,
13/01/2024 01:15:00,0,135,,,,,,,,,,,,,,,,,,
13/01/2024 01:00:00,0,135,,,,,,,,,,,,,,,,,,
13/01/2024 00:45:00,0,135,,,,,,,,,,,,,,,,,,
13/01/2024 00:30:00,0,135,,,,,,,,,,,,,,,,,,
13/01/2024 00:15:00,0,135,,,,,,,,,,,,,,,,,,
13/01/2024 00:00:00,0,135,,,,,,,,,,,,,,,,,,
12/1/2024 23:45,0,135,,,,,,,,,,,,,,,,,,
12/1/2024 23:30,0,135,,,,,,,,,,,,,,,,,,
12/1/2024 23:15,0,135,,,,,,,,,,,,,,,,,,
12/1/2024 23:00,0,135,,,,,,,,,,,,,,,,,,
12/1/2024 22:45,0,135,,,,,,,,,,,,,,,,,,
12/1/2024 22:30,0,135,,,,,,,,,,,,,,,,,,
12/1/2024 22:15,0,135,,,,,,,,,,,,,,,,,,
12/1/2024 22:00,0,135,,,,,,,,,,,,,,,,,,
12/1/2024 21:45,0,136,,,,,,,,,,,,,,,,,,
12/1/2024 20:30,0,136,,,,,,,,,,,,,,,,,,
12/1/2024 20:15,0,136,,,,,,,,,,,,,,,,,,
12/1/2024 20:00,0,136,,,,,,,,,,,,,,,,,,
12/1/2024 19:45,0,136,,,,,,,,,,,,,,,,,,
12/1/2024 19:30,0,136,,,,,,,,,,,,,,,,,,
12/1/2024 19:15,0,137,,,,,,,,,,,,,,,,,,
12/1/2024 19:00,0,137,,,,,,,,,,,,,,,,,,
12/1/2024 18:45,0,137,,,,,,,,,,,,,,,,,,
12/1/2024 18:30,0,137,,,,,,,,,,,,,,,,,,
12/1/2024 18:15,0,138,,,,,,,,,,,,,,,,,,
12/1/2024 18:00,0,138,,,,,,,,,,,,,,,,,,
12/1/2024 17:45,0,138,,,,,,,,,,,,,,,,,,
12/1/2024 17:30,0,138,,,,,,,,,,,,,,,,,,
12/1/2024 17:15,0,138,,,,,,,,,,,,,,,,,,
12/1/2024 17:00,0,139,,,,,,,,,,,,,,,,,,
12/1/2024 16:45,0,139,,,,,,,,,,,,,,,,,,
12/1/2024 16:30,0,139,,,,,,,,,,,,,,,,,,
12/1/2024 16:15,0,139,,,,,,,,,,,,,,,,,,
12/1/2024 16:00,0,140,,,,,,,,,,,,,,,,,,
12/1/2024 15:45,0,140,,,,,,,,,,,,,,,,,,
12/1/2024 15:30,0,140,,,,,,,,,,,,,,,,,,
12/1/2024 15:15,0,141,,,,,,,,,,,,,,,,,,
12/1/2024 15:00,0,141,,,,,,,,,,,,,,,,,,
12/1/2024 14:45,0,141,,,,,,,,,,,,,,,,,,
12/1/2024 14:30,0,141,,,,,,,,,,,,,,,,,,
12/1/2024 14:15,0,141,,,,,,,,,,,,,,,,,,
12/1/2024 14:00,0,142,,,,,,,,,,,,,,,,,,
12/1/2024 13:45,0,142,,,,,,,,,,,,,,,,,,
12/1/2024 13:30,0,143,,,,,,,,,,,,,,,,,,
12/1/2024 13:15,0,143,,,,,,,,,,,,,,,,,,
12/1/2024 13:00,0,143,,,,,,,,,,,,,,,,,,
12/1/2024 12:45,0,144,,,,,,,,,,,,,,,,,,
12/1/2024 12:30,0,144,,,,,,,,,,,,,,,,,,
12/1/2024 12:15,0,144,,,,,,,,,,,,,,,,,,
12/1/2024 12:00,0,145,,,,,,,,,,,,,,,,,,
12/1/2024 11:45,0,145,,,,,,,,,,,,,,,,,,
12/1/2024 11:30,0,146,,,,,,,,,,,,,,,,,,
12/1/2024 11:15,0,146,,,,,,,,,,,,,,,,,,
12/1/2024 11:00,0,146,,,,,,,,,,,,,,,,,,
12/1/2024 10:45,0,147,,,,,,,,,,,,,,,,,,
12/1/2024 10:30,0,147,,,,,,,,,,,,,,,,,,
12/1/2024 10:15,0,148,,,,,,,,,,,,,,,,,,
12/1/2024 10:00,0,148,,,,,,,,,,,,,,,,,,
12/1/2024 9:45,0,149,,,,,,,,,,,,,,,,,,
12/1/2024 9:30,0,149,,,,,,,,,,,,,,,,,,
12/1/2024 9:15,0,150,,,,,,,,,,,,,,,,,,
12/1/2024 9:00,0,150,,,,,,,,,,,,,,,,,,
12/1/2024 8:45,0,151,,,,,,,,,,,,,,,,,,
12/1/2024 8:30,0,151,,,,,,,,,,,,,,,,,,
12/1/2024 8:15,0,152,,,,,,,,,,,,,,,,,,
12/1/2024 8:00,0,153,,,,,,,,,,,,,,,,,,
12/1/2024 7:45,0,153,,,,,,,,,,,,,,,,,,
12/1/2024 7:30,0,154,,,,,,,,,,,,,,,,,,
12/1/2024 7:15,0,155,,,,,,,,,,,,,,,,,,
12/1/2024 7:00,0,155,,,,,,,,,,,,,,,,,,
12/1/2024 6:45,0,156,,,,,,,,,,,,,,,,,,
12/1/2024 6:30,0,157,,,,,,,,,,,,,,,,,,
12/1/2024 6:15,0,158,,,,,,,,,,,,,,,,,,
12/1/2024 6:00,0,158,,,,,,,,,,,,,,,,,,
12/1/2024 5:45,0,159,,,,,,,,,,,,,,,,,,
12/1/2024 5:30,0.4,160,,,,,,,,,,,,,,,,,,
12/1/2024 5:15,0,161,,,,,,,,,,,,,,,,,,
12/1/2024 5:00,0,162,,,,,,,,,,,,,,,,,,
12/1/2024 4:45,0,163,,,,,,,,,,,,,,,,,,
12/1/2024 4:30,0.2,164,,,,,,,,,,,,,,,,,,
12/1/2024 4:15,0,164,,,,,,,,,,,,,,,,,,
12/1/2024 4:00,0,165,,,,,,,,,,,,,,,,,,
12/1/2024 3:45,0.2,165,,,,,,,,,,,,,,,,,,
12/1/2024 3:30,0,166,,,,,,,,,,,,,,,,,,
12/1/2024 3:15,0,167,,,,,,,,,,,,,,,,,,
12/1/2024 3:00,0,167,,,,,,,,,,,,,,,,,,
12/1/2024 2:45,0,168,,,,,,,,,,,,,,,,,,
12/1/2024 2:30,0,168,,,,,,,,,,,,,,,,,,
12/1/2024 2:15,0,169,,,,,,,,,,,,,,,,,,
12/1/2024 2:00,0,168,,,,,,,,,,,,,,,,,,
12/1/2024 1:45,0,169,,,,,,,,,,,,,,,,,,
12/1/2024 1:30,0,168,,,,,,,,,,,,,,,,,,
12/1/2024 1:15,0,169,,,,,,,,,,,,,,,,,,
12/1/2024 1:00,0,168,,,,,,,,,,,,,,,,,,
12/1/2024 0:45,0,168,,,,,,,,,,,,,,,,,,
12/1/2024 0:30,0,168,,,,,,,,,,,,,,,,,,
12/1/2024 0:15,0,168,,,,,,,,,,,,,,,,,,
12/1/2024 0:00,0,168,,,,,,,,,,,,,,,,,,
11/1/2024 23:45,0,167,,,,,,,,,,,,,,,,,,
11/1/2024 23:30,0,167,,,,,,,,,,,,,,,,,,
11/1/2024 23:15,0,167,,,,,,,,,,,,,,,,,,
11/1/2024 23:00,0,167,,,,,,,,,,,,,,,,,,
11/1/2024 22:45,0,166,,,,,,,,,,,,,,,,,,
11/1/2024 22:30,0,166,,,,,,,,,,,,,,,,,,
11/1/2024 22:15,0,166,,,,,,,,,,,,,,,,,,
11/1/2024 22:00,0,165,,,,,,,,,,,,,,,,,,
11/1/2024 21:45,0,165,,,,,,,,,,,,,,,,,,
11/1/2024 21:30,0,165,,,,,,,,,,,,,,,,,,
11/1/2024 21:15,0.2,164,,,,,,,,,,,,,,,,,,
11/1/2024 21:00,0,164,,,,,,,,,,,,,,,,,,
11/1/2024 20:45,0,163,,,,,,,,,,,,,,,,,,
11/1/2024 20:30,0,163,,,,,,,,,,,,,,,,,,
11/1/2024 20:15,0,162,,,,,,,,,,,,,,,,,,
11/1/2024 20:00,0,161,,,,,,,,,,,,,,,,,,
11/1/2024 19:45,0,160,,,,,,,,,,,,,,,,,,
11/1/2024 19:30,0,159,,,,,,,,,,,,,,,,,,
11/1/2024 19:15,0,159,,,,,,,,,,,,,,,,,,
11/1/2024 19:00,0,158,,,,,,,,,,,,,,,,,,
11/1/2024 18:45,0,156,,,,,,,,,,,,,,,,,,
11/1/2024 18:30,0,155,,,,,,,,,,,,,,,,,,
11/1/2024 18:15,0,154,,,,,,,,,,,,,,,,,,
11/1/2024 18:00,0,153,,,,,,,,,,,,,,,,,,
11/1/2024 17:45,0.2,152,,,,,,,,,,,,,,,,,,
11/1/2024 17:30,0.4,151,,,,,,,,,,,,,,,,,,
11/1/2024 17:15,0,150,,,,,,,,,,,,,,,,,,
11/1/2024 17:00,0.2,149,,,,,,,,,,,,,,,,,,
11/1/2024 16:45,0,149,,,,,,,,,,,,,,,,,,
11/1/2024 16:30,0,148,,,,,,,,,,,,,,,,,,
11/1/2024 16:15,0,147,,,,,,,,,,,,,,,,,,
11/1/2024 16:00,0,147,,,,,,,,,,,,,,,,,,
11/1/2024 15:45,0,146,,,,,,,,,,,,,,,,,,
11/1/2024 15:30,0,145,,,,,,,,,,,,,,,,,,
11/1/2024 15:15,0,145,,,,,,,,,,,,,,,,,,
11/1/2024 15:00,0,144,,,,,,,,,,,,,,,,,,
11/1/2024 14:45,0,143,,,,,,,,,,,,,,,,,,
11/1/2024 14:30,0,143,,,,,,,,,,,,,,,,,,
11/1/2024 14:15,0,141,,,,,,,,,,,,,,,,,,
11/1/2024 14:00,0,140,,,,,,,,,,,,,,,,,,
11/1/2024 13:45,0,139,,,,,,,,,,,,,,,,,,
11/1/2024 13:30,0.2,138,,,,,,,,,,,,,,,,,,
11/1/2024 13:15,0,137,,,,,,,,,,,,,,,,,,
11/1/2024 13:00,0,136,,,,,,,,,,,,,,,,,,
11/1/2024 12:45,0,135,,,,,,,,,,,,,,,,,,
11/1/2024 12:30,0.2,134,,,,,,,,,,,,,,,,,,
11/1/2024 12:15,0.2,133,,,,,,,,,,,,,,,,,,
11/1/2024 12:00,0.2,132,,,,,,,,,,,,,,,,,,
11/1/2024 11:45,0.2,131,,,,,,,,,,,,,,,,,,
11/1/2024 11:30,0.6,130,,,,,,,,,,,,,,,,,,
11/1/2024 11:15,3.2,130,,,,,,,,,,,,,,,,,,
11/1/2024 11:00,1,128,,,,,,,,,,,,,,,,,,
11/1/2024 10:45,11.4,128,,,,,,,,,,,,,,,,,,
11/1/2024 10:30,8.2,126,,,,,,,,,,,,,,,,,,
11/1/2024 10:15,0,125,,,,,,,,,,,,,,,,,,
11/1/2024 10:00,0,125,,,,,,,,,,,,,,,,,,
11/1/2024 9:45,0,125,,,,,,,,,,,,,,,,,,
11/1/2024 9:30,0,125,,,,,,,,,,,,,,,,,,
11/1/2024 9:15,0,125,,,,,,,,,,,,,,,,,,
11/1/2024 9:00,0,125,,,,,,,,,,,,,,,,,,
11/1/2024 8:45,0,125,,,,,,,,,,,,,,,,,,
11/1/2024 8:30,0,125,,,,,,,,,,,,,,,,,,
11/1/2024 8:15,0,125,,,,,,,,,,,,,,,,,,
11/1/2024 8:00,0,125,,,,,,,,,,,,,,,,,,
11/1/2024 7:45,0,125,,,,,,,,,,,,,,,,,,
11/1/2024 7:30,0,125,,,,,,,,,,,,,,,,,,
11/1/2024 7:15,0,125,,,,,,,,,,,,,,,,,,
11/1/2024 7:00,0,126,,,,,,,,,,,,,,,,,,
11/1/2024 6:45,0,126,,,,,,,,,,,,,,,,,,
11/1/2024 6:30,0,126,,,,,,,,,,,,,,,,,,
11/1/2024 6:15,0,126,,,,,,,,,,,,,,,,,,
11/1/2024 6:00,0,126,,,,,,,,,,,,,,,,,,
11/1/2024 5:45,0,127,,,,,,,,,,,,,,,,,,
11/1/2024 5:30,0,127,,,,,,,,,,,,,,,,,,
11/1/2024 5:15,0,126,,,,,,,,,,,,,,,,,,
11/1/2024 5:00,0,127,,,,,,,,,,,,,,,,,,
11/1/2024 4:45,0,127,,,,,,,,,,,,,,,,,,
11/1/2024 4:30,0,127,,,,,,,,,,,,,,,,,,
11/1/2024 4:15,0,127,,,,,,,,,,,,,,,,,,
11/1/2024 4:00,0,127,,,,,,,,,,,,,,,,,,
11/1/2024 3:45,0,127,,,,,,,,,,,,,,,,,,
11/1/2024 3:30,0,127,,,,,,,,,,,,,,,,,,
11/1/2024 3:15,0,127,,,,,,,,,,,,,,,,,,
11/1/2024 3:00,0,127,,,,,,,,,,,,,,,,,,
11/1/2024 2:45,0,128,,,,,,,,,,,,,,,,,,
11/1/2024 2:30,0,127,,,,,,,,,,,,,,,,,,
11/1/2024 2:15,0,127,,,,,,,,,,,,,,,,,,
11/1/2024 2:00,0,127,,,,,,,,,,,,,,,,,,
11/1/2024 1:45,0,128,,,,,,,,,,,,,,,,,,
11/1/2024 1:30,0,128,,,,,,,,,,,,,,,,,,
11/1/2024 1:15,0,128,,,,,,,,,,,,,,,,,,
11/1/2024 1:00,0,127,,,,,,,,,,,,,,,,,,
11/1/2024 0:45,0,128,,,,,,,,,,,,,,,,,,
11/1/2024 0:30,0,128,,,,,,,,,,,,,,,,,,
11/1/2024 0:15,0,128,,,,,,,,,,,,,,,,,,
11/1/2024 0:00,0,128,,,,,,,,,,,,,,,,,,
10/1/2024 23:45,0,127,,,,,,,,,,,,,,,,,,
10/1/2024 23:30,0,128,,,,,,,,,,,,,,,,,,
10/1/2024 23:15,0,127,,,,,,,,,,,,,,,,,,
10/1/2024 23:00,0,127,,,,,,,,,,,,,,,,,,
10/1/2024 22:45,0,128,,,,,,,,,,,,,,,,,,
10/1/2024 22:30,0,127,,,,,,,,,,,,,,,,,,
10/1/2024 22:15,0,127,,,,,,,,,,,,,,,,,,
10/1/2024 22:00,0,128,,,,,,,,,,,,,,,,,,
10/1/2024 21:45,0,128,,,,,,,,,,,,,,,,,,
10/1/2024 21:30,0,127,,,,,,,,,,,,,,,,,,
10/1/2024 21:15,0,127,,,,,,,,,,,,,,,,,,
10/1/2024 21:00,0,127,,,,,,,,,,,,,,,,,,
10/1/2024 20:45,0,127,,,,,,,,,,,,,,,,,,
10/1/2024 20:30,0,127,,,,,,,,,,,,,,,,,,
10/1/2024 20:15,0,127,,,,,,,,,,,,,,,,,,
10/1/2024 20:00,0,127,,,,,,,,,,,,,,,,,,
10/1/2024 19:45,0,127,,,,,,,,,,,,,,,,,,
10/1/2024 19:30,0,127,,,,,,,,,,,,,,,,,,
10/1/2024 19:15,0,127,,,,,,,,,,,,,,,,,,
10/1/2024 19:00,0,127,,,,,,,,,,,,,,,,,,
10/1/2024 18:45,0,127,,,,,,,,,,,,,,,,,,
10/1/2024 18:30,0,126,,,,,,,,,,,,,,,,,,
10/1/2024 18:15,0,126,,,,,,,,,,,,,,,,,,
10/1/2024 18:00,0,126,,,,,,,,,,,,,,,,,,
10/1/2024 17:45,0,126,,,,,,,,,,,,,,,,,,
10/1/2024 17:30,0,126,,,,,,,,,,,,,,,,,,
10/1/2024 17:15,0,126,,,,,,,,,,,,,,,,,,
10/1/2024 17:00,0,126,,,,,,,,,,,,,,,,,,
10/1/2024 16:45,0,127,,,,,,,,,,,,,,,,,,
10/1/2024 16:30,0,126,,,,,,,,,,,,,,,,,,
10/1/2024 16:15,0,126,,,,,,,,,,,,,,,,,,
10/1/2024 16:00,0,127,,,,,,,,,,,,,,,,,,
10/1/2024 15:45,0,127,,,,,,,,,,,,,,,,,,
10/1/2024 15:30,0,127,,,,,,,,,,,,,,,,,,
10/1/2024 15:15,0,127,,,,,,,,,,,,,,,,,,
10/1/2024 15:00,0,127,,,,,,,,,,,,,,,,,,
10/1/2024 14:45,0,127,,,,,,,,,,,,,,,,,,
10/1/2024 14:30,0,127,,,,,,,,,,,,,,,,,,
10/1/2024 14:15,0,127,,,,,,,,,,,,,,,,,,
10/1/2024 14:00,0,127,,,,,,,,,,,,,,,,,,
10/1/2024 13:45,0,127,,,,,,,,,,,,,,,,,,
10/1/2024 13:30,0,127,,,,,,,,,,,,,,,,,,
10/1/2024 13:15,0,127,,,,,,,,,,,,,,,,,,
10/1/2024 13:00,0,127,,,,,,,,,,,,,,,,,,
10/1/2024 12:45,0,127,,,,,,,,,,,,,,,,,,
10/1/2024 12:30,0,127,,,,,,,,,,,,,,,,,,
10/1/2024 12:15,0,128,,,,,,,,,,,,,,,,,,
10/1/2024 12:00,0,128,,,,,,,,,,,,,,,,,,
10/1/2024 11:45,0,128,,,,,,,,,,,,,,,,,,
10/1/2024 11:30,0,128,,,,,,,,,,,,,,,,,,
10/1/2024 11:15,0,128,,,,,,,,,,,,,,,,,,
10/1/2024 11:00,0,128,,,,,,,,,,,,,,,,,,
10/1/2024 10:45,0,129,,,,,,,,,,,,,,,,,,
10/1/2024 10:30,0,129,,,,,,,,,,,,,,,,,,
10/1/2024 10:15,0,129,,,,,,,,,,,,,,,,,,
10/1/2024 10:00,0,129,,,,,,,,,,,,,,,,,,
10/1/2024 9:45,0,129,,,,,,,,,,,,,,,,,,
10/1/2024 9:30,0,130,,,,,,,,,,,,,,,,,,
10/1/2024 9:15,0,130,,,,,,,,,,,,,,,,,,
10/1/2024 9:00,0,130,,,,,,,,,,,,,,,,,,
10/1/2024 8:45,0,130,,,,,,,,,,,,,,,,,,
10/1/2024 8:30,0,130,,,,,,,,,,,,,,,,,,
10/1/2024 8:15,0,130,,,,,,,,,,,,,,,,,,
10/1/2024 8:00,0,131,,,,,,,,,,,,,,,,,,
10/1/2024 7:45,0,131,,,,,,,,,,,,,,,,,,
10/1/2024 7:30,0,131,,,,,,,,,,,,,,,,,,
10/1/2024 7:15,0,131,,,,,,,,,,,,,,,,,,
10/1/2024 7:00,0,131,,,,,,,,,,,,,,,,,,
10/1/2024 6:45,0,131,,,,,,,,,,,,,,,,,,
10/1/2024 6:30,0,131,,,,,,,,,,,,,,,,,,
10/1/2024 6:15,0,131,,,,,,,,,,,,,,,,,,
10/1/2024 6:00,0,131,,,,,,,,,,,,,,,,,,
10/1/2024 5:45,0,131,,,,,,,,,,,,,,,,,,
10/1/2024 5:30,0,132,,,,,,,,,,,,,,,,,,
10/1/2024 5:15,0,132,,,,,,,,,,,,,,,,,,
10/1/2024 5:00,0,132,,,,,,,,,,,,,,,,,,
10/1/2024 4:45,0,132,,,,,,,,,,,,,,,,,,
10/1/2024 4:30,0,132,,,,,,,,,,,,,,,,,,
10/1/2024 4:15,0.2,132,,,,,,,,,,,,,,,,,,
10/1/2024 4:00,0,132,,,,,,,,,,,,,,,,,,
10/1/2024 3:45,0,132,,,,,,,,,,,,,,,,,,
10/1/2024 3:30,0,132,,,,,,,,,,,,,,,,,,
10/1/2024 3:15,0,132,,,,,,,,,,,,,,,,,,
10/1/2024 3:00,0,132,,,,,,,,,,,,,,,,,,
10/1/2024 2:45,0,132,,,,,,,,,,,,,,,,,,
10/1/2024 2:30,0,132,,,,,,,,,,,,,,,,,,
10/1/2024 2:15,0,132,,,,,,,,,,,,,,,,,,
10/1/2024 2:00,0,132,,,,,,,,,,,,,,,,,,
10/1/2024 1:45,0,132,,,,,,,,,,,,,,,,,,
10/1/2024 1:30,0,132,,,,,,,,,,,,,,,,,,
10/1/2024 1:15,0,132,,,,,,,,,,,,,,,,,,
10/1/2024 1:00,0,132,,,,,,,,,,,,,,,,,,
10/1/2024 0:45,0,132,,,,,,,,,,,,,,,,,,
10/1/2024 0:30,0,133,,,,,,,,,,,,,,,,,,
10/1/2024 0:15,0,133,,,,,,,,,,,,,,,,,,
10/1/2024 0:00,0,133,,,,,,,,,,,,,,,,,,
9/1/2024 23:45,0,133,,,,,,,,,,,,,,,,,,
9/1/2024 23:30,0,133,,,,,,,,,,,,,,,,,,
9/1/2024 23:15,0,133,,,,,,,,,,,,,,,,,,
9/1/2024 23:00,0,133,,,,,,,,,,,,,,,,,,
9/1/2024 22:45,0,133,,,,,,,,,,,,,,,,,,
9/1/2024 22:30,0,133,,,,,,,,,,,,,,,,,,
9/1/2024 22:15,0,133,,,,,,,,,,,,,,,,,,
9/1/2024 22:00,0,133,,,,,,,,,,,,,,,,,,
9/1/2024 21:45,0,133,,,,,,,,,,,,,,,,,,
9/1/2024 21:30,0,133,,,,,,,,,,,,,,,,,,
9/1/2024 21:15,0,134,,,,,,,,,,,,,,,,,,
9/1/2024 21:00,0,134,,,,,,,,,,,,,,,,,,
9/1/2024 20:45,0,134,,,,,,,,,,,,,,,,,,
9/1/2024 20:30,0,134,,,,,,,,,,,,,,,,,,
9/1/2024 20:15,0,134,,,,,,,,,,,,,,,,,,
9/1/2024 20:00,0,134,,,,,,,,,,,,,,,,,,
9/1/2024 19:45,0,134,,,,,,,,,,,,,,,,,,
9/1/2024 19:30,0,134,,,,,,,,,,,,,,,,,,
9/1/2024 19:15,0,135,,,,,,,,,,,,,,,,,,
9/1/2024 19:00,0,134,,,,,,,,,,,,,,,,,,
9/1/2024 18:45,0,135,,,,,,,,,,,,,,,,,,
9/1/2024 18:30,0,135,,,,,,,,,,,,,,,,,,
9/1/2024 18:15,0,135,,,,,,,,,,,,,,,,,,
9/1/2024 18:00,0,135,,,,,,,,,,,,,,,,,,
9/1/2024 17:45,0,135,,,,,,,,,,,,,,,,,,
9/1/2024 17:30,0,135,,,,,,,,,,,,,,,,,,
9/1/2024 17:15,0,135,,,,,,,,,,,,,,,,,,
9/1/2024 17:00,0,136,,,,,,,,,,,,,,,,,,
9/1/2024 16:45,0,136,,,,,,,,,,,,,,,,,,
9/1/2024 16:30,0.8,136,,,,,,,,,,,,,,,,,,
9/1/2024 16:15,0,136,,,,,,,,,,,,,,,,,,
9/1/2024 16:00,0,136,,,,,,,,,,,,,,,,,,
9/1/2024 15:45,0,136,,,,,,,,,,,,,,,,,,
9/1/2024 15:30,0,136,,,,,,,,,,,,,,,,,,
9/1/2024 15:15,0,136,,,,,,,,,,,,,,,,,,
9/1/2024 15:00,0.2,136,,,,,,,,,,,,,,,,,,
9/1/2024 14:45,0,137,,,,,,,,,,,,,,,,,,
9/1/2024 14:30,0,137,,,,,,,,,,,,,,,,,,
9/1/2024 14:15,0,137,,,,,,,,,,,,,,,,,,
9/1/2024 14:00,0,137,,,,,,,,,,,,,,,,,,
9/1/2024 13:45,0,137,,,,,,,,,,,,,,,,,,
9/1/2024 13:30,0,137,,,,,,,,,,,,,,,,,,
9/1/2024 13:15,0,137,,,,,,,,,,,,,,,,,,
9/1/2024 13:00,0,137,,,,,,,,,,,,,,,,,,
9/1/2024 12:45,0,138,,,,,,,,,,,,,,,,,,
9/1/2024 12:30,0,137,,,,,,,,,,,,,,,,,,
9/1/2024 12:15,0,138,,,,,,,,,,,,,,,,,,
9/1/2024 12:00,0,138,,,,,,,,,,,,,,,,,,
9/1/2024 11:45,0,138,,,,,,,,,,,,,,,,,,
9/1/2024 11:30,0,138,,,,,,,,,,,,,,,,,,
9/1/2024 11:15,0,138,,,,,,,,,,,,,,,,,,
9/1/2024 11:00,0,139,,,,,,,,,,,,,,,,,,
9/1/2024 10:45,0,139,,,,,,,,,,,,,,,,,,
9/1/2024 10:30,0,139,,,,,,,,,,,,,,,,,,
9/1/2024 10:15,0,139,,,,,,,,,,,,,,,,,,
9/1/2024 10:00,0,139,,,,,,,,,,,,,,,,,,
9/1/2024 9:45,0,139,,,,,,,,,,,,,,,,,,
9/1/2024 9:30,0,139,,,,,,,,,,,,,,,,,,
9/1/2024 9:15,0,139,,,,,,,,,,,,,,,,,,
9/1/2024 9:00,0,139,,,,,,,,,,,,,,,,,,
9/1/2024 8:45,0,140,,,,,,,,,,,,,,,,,,
9/1/2024 8:30,0,140,,,,,,,,,,,,,,,,,,
9/1/2024 8:15,0,140,,,,,,,,,,,,,,,,,,
9/1/2024 8:00,0,140,,,,,,,,,,,,,,,,,,
9/1/2024 7:45,0,140,,,,,,,,,,,,,,,,,,
9/1/2024 7:30,0,140,,,,,,,,,,,,,,,,,,
9/1/2024 7:15,0,140,,,,,,,,,,,,,,,,,,
9/1/2024 7:00,0,140,,,,,,,,,,,,,,,,,,
9/1/2024 6:45,0,141,,,,,,,,,,,,,,,,,,
9/1/2024 6:30,0,141,,,,,,,,,,,,,,,,,,
9/1/2024 6:15,0,141,,,,,,,,,,,,,,,,,,
9/1/2024 6:00,0,141,,,,,,,,,,,,,,,,,,
9/1/2024 5:45,0,141,,,,,,,,,,,,,,,,,,
9/1/2024 5:30,0,142,,,,,,,,,,,,,,,,,,
9/1/2024 5:15,0,142,,,,,,,,,,,,,,,,,,
9/1/2024 5:00,0,142,,,,,,,,,,,,,,,,,,
9/1/2024 4:45,0,142,,,,,,,,,,,,,,,,,,
9/1/2024 4:30,0,142,,,,,,,,,,,,,,,,,,
9/1/2024 4:15,0,143,,,,,,,,,,,,,,,,,,
9/1/2024 4:00,0,142,,,,,,,,,,,,,,,,,,
9/1/2024 3:45,0,143,,,,,,,,,,,,,,,,,,
9/1/2024 3:30,0,143,,,,,,,,,,,,,,,,,,
9/1/2024 3:15,0,143,,,,,,,,,,,,,,,,,,
9/1/2024 3:00,0,143,,,,,,,,,,,,,,,,,,
9/1/2024 2:45,0,143,,,,,,,,,,,,,,,,,,
9/1/2024 2:30,0,144,,,,,,,,,,,,,,,,,,
9/1/2024 2:15,0,144,,,,,,,,,,,,,,,,,,
9/1/2024 2:00,0,144,,,,,,,,,,,,,,,,,,
9/1/2024 1:45,0,144,,,,,,,,,,,,,,,,,,
9/1/2024 1:30,0,144,,,,,,,,,,,,,,,,,,
9/1/2024 1:15,0,144,,,,,,,,,,,,,,,,,,
9/1/2024 1:00,0,145,,,,,,,,,,,,,,,,,,
9/1/2024 0:45,0,145,,,,,,,,,,,,,,,,,,
9/1/2024 0:30,0,145,,,,,,,,,,,,,,,,,,
9/1/2024 0:15,0,145,,,,,,,,,,,,,,,,,,
9/1/2024 0:00,0,145,,,,,,,,,,,,,,,,,,
8/1/2024 23:45,0,145,,,,,,,,,,,,,,,,,,
8/1/2024 23:30,0,146,,,,,,,,,,,,,,,,,,
8/1/2024 23:15,0,146,,,,,,,,,,,,,,,,,,
8/1/2024 23:00,0,146,,,,,,,,,,,,,,,,,,
8/1/2024 22:45,0,146,,,,,,,,,,,,,,,,,,
8/1/2024 21:30,0,147,,,,,,,,,,,,,,,,,,
8/1/2024 21:15,0,147,,,,,,,,,,,,,,,,,,
8/1/2024 21:00,0,147,,,,,,,,,,,,,,,,,,
8/1/2024 20:45,0,148,,,,,,,,,,,,,,,,,,
8/1/2024 20:30,0,148,,,,,,,,,,,,,,,,,,
8/1/2024 20:15,0,148,,,,,,,,,,,,,,,,,,
8/1/2024 20:00,0,148,,,,,,,,,,,,,,,,,,
8/1/2024 19:45,0,148,,,,,,,,,,,,,,,,,,
8/1/2024 19:30,0,148,,,,,,,,,,,,,,,,,,
8/1/2024 19:15,0,148,,,,,,,,,,,,,,,,,,
8/1/2024 19:00,0,148,,,,,,,,,,,,,,,,,,
8/1/2024 18:45,0,149,,,,,,,,,,,,,,,,,,
8/1/2024 18:30,0,149,,,,,,,,,,,,,,,,,,
8/1/2024 18:15,0,149,,,,,,,,,,,,,,,,,,
8/1/2024 18:00,0,149,,,,,,,,,,,,,,,,,,
8/1/2024 17:45,0.4,149,,,,,,,,,,,,,,,,,,
8/1/2024 17:30,0,150,,,,,,,,,,,,,,,,,,
8/1/2024 17:15,0,149,,,,,,,,,,,,,,,,,,
8/1/2024 17:00,0,150,,,,,,,,,,,,,,,,,,
8/1/2024 16:45,0,150,,,,,,,,,,,,,,,,,,
8/1/2024 16:30,0,150,,,,,,,,,,,,,,,,,,
8/1/2024 16:15,0,150,,,,,,,,,,,,,,,,,,
8/1/2024 16:00,0,150,,,,,,,,,,,,,,,,,,
8/1/2024 15:45,0,150,,,,,,,,,,,,,,,,,,
8/1/2024 15:30,0,150,,,,,,,,,,,,,,,,,,
8/1/2024 15:15,0,150,,,,,,,,,,,,,,,,,,
8/1/2024 15:00,0,150,,,,,,,,,,,,,,,,,,
8/1/2024 14:45,0,150,,,,,,,,,,,,,,,,,,
8/1/2024 14:30,0,151,,,,,,,,,,,,,,,,,,
8/1/2024 14:15,0,151,,,,,,,,,,,,,,,,,,
8/1/2024 14:00,0,151,,,,,,,,,,,,,,,,,,
8/1/2024 13:45,0,151,,,,,,,,,,,,,,,,,,
8/1/2024 13:30,0,151,,,,,,,,,,,,,,,,,,
8/1/2024 13:15,0,151,,,,,,,,,,,,,,,,,,
8/1/2024 13:00,0,151,,,,,,,,,,,,,,,,,,
8/1/2024 12:45,0,151,,,,,,,,,,,,,,,,,,
8/1/2024 12:30,0,151,,,,,,,,,,,,,,,,,,
8/1/2024 12:15,0,151,,,,,,,,,,,,,,,,,,
8/1/2024 12:00,0,151,,,,,,,,,,,,,,,,,,
8/1/2024 11:45,0,152,,,,,,,,,,,,,,,,,,
8/1/2024 11:30,0,151,,,,,,,,,,,,,,,,,,
8/1/2024 11:15,0,151,,,,,,,,,,,,,,,,,,
8/1/2024 11:00,0,152,,,,,,,,,,,,,,,,,,
8/1/2024 10:45,0,152,,,,,,,,,,,,,,,,,,
8/1/2024 10:30,0,152,,,,,,,,,,,,,,,,,,
8/1/2024 10:15,0,152,,,,,,,,,,,,,,,,,,
8/1/2024 10:00,0,152,,,,,,,,,,,,,,,,,,
8/1/2024 9:45,0,152,,,,,,,,,,,,,,,,,,
8/1/2024 9:30,0,152,,,,,,,,,,,,,,,,,,
8/1/2024 9:15,0,152,,,,,,,,,,,,,,,,,,
8/1/2024 9:00,0,152,,,,,,,,,,,,,,,,,,
8/1/2024 8:45,0,152,,,,,,,,,,,,,,,,,,
8/1/2024 8:30,0,152,,,,,,,,,,,,,,,,,,
8/1/2024 8:15,0,152,,,,,,,,,,,,,,,,,,
8/1/2024 8:00,0,151,,,,,,,,,,,,,,,,,,
8/1/2024 7:45,0,151,,,,,,,,,,,,,,,,,,
8/1/2024 7:30,0,151,,,,,,,,,,,,,,,,,,
8/1/2024 7:15,0,151,,,,,,,,,,,,,,,,,,
8/1/2024 7:00,0,150,,,,,,,,,,,,,,,,,,
8/1/2024 6:45,0,150,,,,,,,,,,,,,,,,,,
8/1/2024 6:30,0,149,,,,,,,,,,,,,,,,,,
8/1/2024 6:15,0,149,,,,,,,,,,,,,,,,,,
8/1/2024 6:00,0,149,,,,,,,,,,,,,,,,,,
8/1/2024 5:45,0,148,,,,,,,,,,,,,,,,,,
8/1/2024 5:30,0,148,,,,,,,,,,,,,,,,,,
8/1/2024 5:15,0,148,,,,,,,,,,,,,,,,,,
8/1/2024 5:00,0,147,,,,,,,,,,,,,,,,,,
8/1/2024 4:45,0,147,,,,,,,,,,,,,,,,,,
8/1/2024 4:30,0,147,,,,,,,,,,,,,,,,,,
8/1/2024 4:15,0,146,,,,,,,,,,,,,,,,,,
8/1/2024 4:00,0,146,,,,,,,,,,,,,,,,,,
8/1/2024 3:45,0,146,,,,,,,,,,,,,,,,,,
8/1/2024 3:30,0,145,,,,,,,,,,,,,,,,,,
8/1/2024 3:15,0,145,,,,,,,,,,,,,,,,,,
8/1/2024 3:00,0,145,,,,,,,,,,,,,,,,,,
8/1/2024 2:45,0,145,,,,,,,,,,,,,,,,,,
8/1/2024 2:30,0,145,,,,,,,,,,,,,,,,,,
8/1/2024 2:15,0,144,,,,,,,,,,,,,,,,,,
8/1/2024 2:00,0,145,,,,,,,,,,,,,,,,,,
8/1/2024 1:45,0,144,,,,,,,,,,,,,,,,,,
8/1/2024 1:30,0,144,,,,,,,,,,,,,,,,,,
8/1/2024 1:15,0,144,,,,,,,,,,,,,,,,,,
8/1/2024 1:00,0,144,,,,,,,,,,,,,,,,,,
8/1/2024 0:45,0,144,,,,,,,,,,,,,,,,,,
8/1/2024 0:30,0,144,,,,,,,,,,,,,,,,,,
8/1/2024 0:15,0,144,,,,,,,,,,,,,,,,,,
8/1/2024 0:00,0,144,,,,,,,,,,,,,,,,,,
7/1/2024 23:45,0,144,,,,,,,,,,,,,,,,,,
7/1/2024 23:30,0,143,,,,,,,,,,,,,,,,,,
7/1/2024 23:15,0,143,,,,,,,,,,,,,,,,,,
7/1/2024 23:00,0,144,,,,,,,,,,,,,,,,,,
7/1/2024 22:45,0,144,,,,,,,,,,,,,,,,,,
7/1/2024 20:30,0,144,,,,,,,,,,,,,,,,,,
7/1/2024 20:15,0,144,,,,,,,,,,,,,,,,,,
7/1/2024 20:00,0,144,,,,,,,,,,,,,,,,,,
7/1/2024 19:45,0,144,,,,,,,,,,,,,,,,,,
7/1/2024 19:30,0,144,,,,,,,,,,,,,,,,,,
7/1/2024 19:15,0,145,,,,,,,,,,,,,,,,,,
7/1/2024 19:00,0,145,,,,,,,,,,,,,,,,,,
7/1/2024 18:45,0,145,,,,,,,,,,,,,,,,,,
7/1/2024 18:30,0,145,,,,,,,,,,,,,,,,,,
7/1/2024 18:15,0,145,,,,,,,,,,,,,,,,,,
7/1/2024 18:00,0,145,,,,,,,,,,,,,,,,,,
7/1/2024 17:45,0,145,,,,,,,,,,,,,,,,,,
7/1/2024 17:30,0,145,,,,,,,,,,,,,,,,,,
7/1/2024 17:15,0,146,,,,,,,,,,,,,,,,,,
7/1/2024 17:00,0,146,,,,,,,,,,,,,,,,,,
7/1/2024 16:45,0,146,,,,,,,,,,,,,,,,,,
7/1/2024 16:30,0,146,,,,,,,,,,,,,,,,,,
7/1/2024 16:15,0,146,,,,,,,,,,,,,,,,,,
7/1/2024 16:00,0,146,,,,,,,,,,,,,,,,,,
7/1/2024 15:45,0,146,,,,,,,,,,,,,,,,,,
7/1/2024 15:30,0,147,,,,,,,,,,,,,,,,,,
7/1/2024 15:15,0,146,,,,,,,,,,,,,,,,,,
7/1/2024 15:00,0,147,,,,,,,,,,,,,,,,,,
7/1/2024 14:45,0,147,,,,,,,,,,,,,,,,,,
7/1/2024 14:30,0,147,,,,,,,,,,,,,,,,,,
7/1/2024 14:15,0,147,,,,,,,,,,,,,,,,,,
7/1/2024 14:00,0,147,,,,,,,,,,,,,,,,,,
7/1/2024 13:45,0,148,,,,,,,,,,,,,,,,,,
7/1/2024 13:30,0,148,,,,,,,,,,,,,,,,,,
7/1/2024 13:15,0,148,,,,,,,,,,,,,,,,,,
7/1/2024 13:00,0,148,,,,,,,,,,,,,,,,,,
7/1/2024 12:45,0,148,,,,,,,,,,,,,,,,,,
7/1/2024 12:30,0,148,,,,,,,,,,,,,,,,,,
7/1/2024 12:15,0,148,,,,,,,,,,,,,,,,,,
7/1/2024 12:00,0,149,,,,,,,,,,,,,,,,,,
7/1/2024 11:45,0,149,,,,,,,,,,,,,,,,,,
7/1/2024 11:30,0,149,,,,,,,,,,,,,,,,,,
7/1/2024 11:15,0,149,,,,,,,,,,,,,,,,,,
7/1/2024 11:00,0,149,,,,,,,,,,,,,,,,,,
7/1/2024 10:45,0,150,,,,,,,,,,,,,,,,,,
7/1/2024 10:30,0,150,,,,,,,,,,,,,,,,,,
7/1/2024 10:15,0,150,,,,,,,,,,,,,,,,,,
7/1/2024 10:00,0,150,,,,,,,,,,,,,,,,,,
7/1/2024 9:45,0,150,,,,,,,,,,,,,,,,,,
7/1/2024 9:30,0,150,,,,,,,,,,,,,,,,,,
7/1/2024 9:15,0,150,,,,,,,,,,,,,,,,,,
7/1/2024 9:00,0,151,,,,,,,,,,,,,,,,,,
7/1/2024 8:45,0,151,,,,,,,,,,,,,,,,,,
7/1/2024 8:30,0,151,,,,,,,,,,,,,,,,,,
7/1/2024 8:15,0,151,,,,,,,,,,,,,,,,,,
7/1/2024 8:00,0,151,,,,,,,,,,,,,,,,,,
7/1/2024 7:45,0,151,,,,,,,,,,,,,,,,,,
7/1/2024 7:30,0,151,,,,,,,,,,,,,,,,,,
7/1/2024 7:15,0,151,,,,,,,,,,,,,,,,,,
7/1/2024 7:00,0,152,,,,,,,,,,,,,,,,,,
7/1/2024 6:45,0,152,,,,,,,,,,,,,,,,,,
7/1/2024 6:30,0,152,,,,,,,,,,,,,,,,,,
7/1/2024 6:15,0,152,,,,,,,,,,,,,,,,,,
7/1/2024 6:00,0,152,,,,,,,,,,,,,,,,,,
7/1/2024 5:45,0,152,,,,,,,,,,,,,,,,,,
7/1/2024 5:30,0,153,,,,,,,,,,,,,,,,,,
7/1/2024 5:15,0,153,,,,,,,,,,,,,,,,,,
7/1/2024 5:00,0,153,,,,,,,,,,,,,,,,,,
7/1/2024 4:45,0,153,,,,,,,,,,,,,,,,,,
7/1/2024 4:30,0,153,,,,,,,,,,,,,,,,,,
7/1/2024 4:15,0,153,,,,,,,,,,,,,,,,,,
7/1/2024 4:00,0,153,,,,,,,,,,,,,,,,,,
7/1/2024 3:45,0,154,,,,,,,,,,,,,,,,,,
7/1/2024 3:30,0,153,,,,,,,,,,,,,,,,,,
7/1/2024 3:15,0,153,,,,,,,,,,,,,,,,,,
7/1/2024 3:00,0,154,,,,,,,,,,,,,,,,,,
7/1/2024 2:45,0,154,,,,,,,,,,,,,,,,,,
7/1/2024 2:30,0,154,,,,,,,,,,,,,,,,,,
7/1/2024 2:15,0,154,,,,,,,,,,,,,,,,,,
7/1/2024 2:00,0,154,,,,,,,,,,,,,,,,,,
7/1/2024 1:45,0,154,,,,,,,,,,,,,,,,,,
7/1/2024 1:30,0,155,,,,,,,,,,,,,,,,,,
7/1/2024 1:15,0,155,,,,,,,,,,,,,,,,,,
7/1/2024 1:00,0,155,,,,,,,,,,,,,,,,,,
7/1/2024 0:45,0,155,,,,,,,,,,,,,,,,,,
7/1/2024 0:30,0,155,,,,,,,,,,,,,,,,,,
7/1/2024 0:15,0,155,,,,,,,,,,,,,,,,,,
7/1/2024 0:00,0,155,,,,,,,,,,,,,,,,,,
6/1/2024 23:45,0,155,,,,,,,,,,,,,,,,,,
6/1/2024 23:30,0,156,,,,,,,,,,,,,,,,,,
6/1/2024 23:15,0,156,,,,,,,,,,,,,,,,,,
6/1/2024 23:00,0,156,,,,,,,,,,,,,,,,,,
6/1/2024 22:45,0,156,,,,,,,,,,,,,,,,,,
6/1/2024 22:30,0,156,,,,,,,,,,,,,,,,,,
6/1/2024 22:15,0,156,,,,,,,,,,,,,,,,,,
6/1/2024 22:00,0,156,,,,,,,,,,,,,,,,,,
6/1/2024 21:45,0,156,,,,,,,,,,,,,,,,,,
6/1/2024 21:30,0,157,,,,,,,,,,,,,,,,,,
6/1/2024 21:15,0,157,,,,,,,,,,,,,,,,,,
6/1/2024 21:00,0,157,,,,,,,,,,,,,,,,,,
6/1/2024 20:45,0,157,,,,,,,,,,,,,,,,,,
6/1/2024 20:30,0,157,,,,,,,,,,,,,,,,,,
6/1/2024 20:15,0,157,,,,,,,,,,,,,,,,,,
6/1/2024 20:00,0,157,,,,,,,,,,,,,,,,,,
6/1/2024 19:45,0,157,,,,,,,,,,,,,,,,,,
6/1/2024 19:30,0,158,,,,,,,,,,,,,,,,,,
6/1/2024 19:15,0,158,,,,,,,,,,,,,,,,,,
6/1/2024 19:00,0,158,,,,,,,,,,,,,,,,,,
6/1/2024 18:45,0,158,,,,,,,,,,,,,,,,,,
6/1/2024 18:30,0,158,,,,,,,,,,,,,,,,,,
6/1/2024 18:15,0,159,,,,,,,,,,,,,,,,,,
6/1/2024 18:00,0,159,,,,,,,,,,,,,,,,,,
6/1/2024 17:45,0,159,,,,,,,,,,,,,,,,,,
6/1/2024 17:30,0,159,,,,,,,,,,,,,,,,,,
6/1/2024 17:15,0,159,,,,,,,,,,,,,,,,,,
6/1/2024 17:00,0,159,,,,,,,,,,,,,,,,,,
6/1/2024 16:45,0,160,,,,,,,,,,,,,,,,,,
6/1/2024 16:30,0,160,,,,,,,,,,,,,,,,,,
6/1/2024 16:15,0,160,,,,,,,,,,,,,,,,,,
6/1/2024 16:00,0,160,,,,,,,,,,,,,,,,,,
6/1/2024 15:45,0,161,,,,,,,,,,,,,,,,,,
6/1/2024 15:30,0,161,,,,,,,,,,,,,,,,,,
6/1/2024 15:15,0,161,,,,,,,,,,,,,,,,,,
6/1/2024 15:00,0,161,,,,,,,,,,,,,,,,,,
6/1/2024 14:45,0,161,,,,,,,,,,,,,,,,,,
6/1/2024 14:30,0,162,,,,,,,,,,,,,,,,,,
6/1/2024 14:15,0,162,,,,,,,,,,,,,,,,,,
6/1/2024 14:00,0,162,,,,,,,,,,,,,,,,,,
6/1/2024 13:45,0,163,,,,,,,,,,,,,,,,,,
6/1/2024 13:30,0,162,,,,,,,,,,,,,,,,,,
6/1/2024 13:15,0,162,,,,,,,,,,,,,,,,,,
6/1/2024 13:00,0,163,,,,,,,,,,,,,,,,,,
6/1/2024 12:45,0,163,,,,,,,,,,,,,,,,,,
6/1/2024 12:30,0,163,,,,,,,,,,,,,,,,,,
6/1/2024 12:15,0,163,,,,,,,,,,,,,,,,,,
6/1/2024 12:00,0,163,,,,,,,,,,,,,,,,,,
6/1/2024 11:45,0,163,,,,,,,,,,,,,,,,,,
6/1/2024 11:30,0,163,,,,,,,,,,,,,,,,,,
6/1/2024 11:15,0,163,,,,,,,,,,,,,,,,,,
6/1/2024 11:00,0,163,,,,,,,,,,,,,,,,,,
6/1/2024 10:45,0,164,,,,,,,,,,,,,,,,,,
6/1/2024 10:30,0,164,,,,,,,,,,,,,,,,,,
6/1/2024 10:15,0,164,,,,,,,,,,,,,,,,,,
6/1/2024 10:00,0,163,,,,,,,,,,,,,,,,,,
6/1/2024 9:45,0,163,,,,,,,,,,,,,,,,,,
6/1/2024 9:30,0,164,,,,,,,,,,,,,,,,,,
6/1/2024 9:15,0,164,,,,,,,,,,,,,,,,,,
6/1/2024 9:00,0,164,,,,,,,,,,,,,,,,,,
6/1/2024 8:45,0,164,,,,,,,,,,,,,,,,,,
6/1/2024 8:30,0,164,,,,,,,,,,,,,,,,,,
6/1/2024 8:15,0,164,,,,,,,,,,,,,,,,,,
6/1/2024 8:00,0,164,,,,,,,,,,,,,,,,,,
6/1/2024 7:45,0,164,,,,,,,,,,,,,,,,,,
6/1/2024 7:30,0,164,,,,,,,,,,,,,,,,,,
6/1/2024 7:15,0,164,,,,,,,,,,,,,,,,,,
6/1/2024 7:00,0,164,,,,,,,,,,,,,,,,,,
6/1/2024 6:45,0,164,,,,,,,,,,,,,,,,,,
6/1/2024 6:30,0,164,,,,,,,,,,,,,,,,,,
6/1/2024 6:15,0,165,,,,,,,,,,,,,,,,,,
6/1/2024 6:00,0,165,,,,,,,,,,,,,,,,,,
6/1/2024 5:45,0,164,,,,,,,,,,,,,,,,,,
6/1/2024 5:30,0,164,,,,,,,,,,,,,,,,,,
6/1/2024 5:15,0,165,,,,,,,,,,,,,,,,,,
6/1/2024 5:00,0,165,,,,,,,,,,,,,,,,,,
6/1/2024 4:45,0,165,,,,,,,,,,,,,,,,,,
6/1/2024 4:30,0,165,,,,,,,,,,,,,,,,,,
6/1/2024 4:15,0,165,,,,,,,,,,,,,,,,,,
6/1/2024 4:00,0,166,,,,,,,,,,,,,,,,,,
6/1/2024 3:45,0,166,,,,,,,,,,,,,,,,,,
6/1/2024 3:30,0,166,,,,,,,,,,,,,,,,,,
6/1/2024 3:15,0,166,,,,,,,,,,,,,,,,,,
6/1/2024 3:00,0,166,,,,,,,,,,,,,,,,,,
6/1/2024 2:45,0,166,,,,,,,,,,,,,,,,,,
6/1/2024 2:30,0,167,,,,,,,,,,,,,,,,,,
6/1/2024 2:15,0,166,,,,,,,,,,,,,,,,,,
6/1/2024 2:00,0,167,,,,,,,,,,,,,,,,,,
6/1/2024 1:45,0,167,,,,,,,,,,,,,,,,,,
6/1/2024 1:30,0,167,,,,,,,,,,,,,,,,,,
6/1/2024 1:15,0,167,,,,,,,,,,,,,,,,,,
6/1/2024 1:00,0,167,,,,,,,,,,,,,,,,,,
6/1/2024 0:45,0,167,,,,,,,,,,,,,,,,,,
6/1/2024 0:30,0,168,,,,,,,,,,,,,,,,,,
6/1/2024 0:15,0,168,,,,,,,,,,,,,,,,,,
6/1/2024 0:00,0,168,,,,,,,,,,,,,,,,,,
5/1/2024 23:45,0,168,,,,,,,,,,,,,,,,,,
5/1/2024 23:30,0,168,,,,,,,,,,,,,,,,,,
5/1/2024 23:15,0,168,,,,,,,,,,,,,,,,,,
5/1/2024 23:00,0,168,,,,,,,,,,,,,,,,,,
5/1/2024 22:45,0,169,,,,,,,,,,,,,,,,,,
5/1/2024 22:30,0,169,,,,,,,,,,,,,,,,,,
5/1/2024 22:15,0,169,,,,,,,,,,,,,,,,,,
5/1/2024 22:00,0,169,,,,,,,,,,,,,,,,,,
5/1/2024 21:45,0,169,,,,,,,,,,,,,,,,,,
5/1/2024 21:30,0,169,,,,,,,,,,,,,,,,,,
5/1/2024 21:15,0,169,,,,,,,,,,,,,,,,,,
5/1/2024 21:00,0,170,,,,,,,,,,,,,,,,,,
5/1/2024 20:45,0,170,,,,,,,,,,,,,,,,,,
5/1/2024 20:30,0,170,,,,,,,,,,,,,,,,,,
5/1/2024 20:15,0,170,,,,,,,,,,,,,,,,,,
5/1/2024 20:00,0,170,,,,,,,,,,,,,,,,,,
5/1/2024 19:45,0,170,,,,,,,,,,,,,,,,,,
5/1/2024 19:30,0,170,,,,,,,,,,,,,,,,,,
5/1/2024 19:15,0,171,,,,,,,,,,,,,,,,,,
5/1/2024 19:00,0,171,,,,,,,,,,,,,,,,,,
5/1/2024 18:45,0,171,,,,,,,,,,,,,,,,,,
5/1/2024 18:30,0,171,,,,,,,,,,,,,,,,,,
5/1/2024 18:15,0,171,,,,,,,,,,,,,,,,,,
5/1/2024 18:00,0,172,,,,,,,,,,,,,,,,,,
5/1/2024 17:45,0,172,,,,,,,,,,,,,,,,,,
5/1/2024 17:30,0,172,,,,,,,,,,,,,,,,,,
5/1/2024 17:15,0,172,,,,,,,,,,,,,,,,,,
5/1/2024 17:00,0,173,,,,,,,,,,,,,,,,,,
5/1/2024 16:45,0,173,,,,,,,,,,,,,,,,,,
5/1/2024 16:30,0,173,,,,,,,,,,,,,,,,,,
5/1/2024 16:15,0,173,,,,,,,,,,,,,,,,,,
5/1/2024 16:00,0,173,,,,,,,,,,,,,,,,,,
5/1/2024 15:45,0,174,,,,,,,,,,,,,,,,,,
5/1/2024 15:30,0,174,,,,,,,,,,,,,,,,,,
5/1/2024 15:15,0,174,,,,,,,,,,,,,,,,,,
5/1/2024 15:00,0,174,,,,,,,,,,,,,,,,,,
5/1/2024 14:45,0,174,,,,,,,,,,,,,,,,,,
5/1/2024 14:30,0,175,,,,,,,,,,,,,,,,,,
5/1/2024 14:15,0,175,,,,,,,,,,,,,,,,,,
5/1/2024 14:00,0,175,,,,,,,,,,,,,,,,,,
5/1/2024 13:45,0,176,,,,,,,,,,,,,,,,,,
5/1/2024 13:30,0,176,,,,,,,,,,,,,,,,,,
5/1/2024 13:15,0,176,,,,,,,,,,,,,,,,,,
5/1/2024 13:00,0,176,,,,,,,,,,,,,,,,,,
5/1/2024 12:45,0,176,,,,,,,,,,,,,,,,,,
5/1/2024 12:30,0,177,,,,,,,,,,,,,,,,,,
5/1/2024 12:15,0,177,,,,,,,,,,,,,,,,,,
5/1/2024 12:00,0,177,,,,,,,,,,,,,,,,,,
5/1/2024 11:45,0,178,,,,,,,,,,,,,,,,,,
5/1/2024 11:30,0,178,,,,,,,,,,,,,,,,,,
5/1/2024 11:15,0,178,,,,,,,,,,,,,,,,,,
5/1/2024 11:00,0,179,,,,,,,,,,,,,,,,,,
5/1/2024 10:45,0,179,,,,,,,,,,,,,,,,,,
5/1/2024 10:30,0,179,,,,,,,,,,,,,,,,,,
5/1/2024 10:15,0,179,,,,,,,,,,,,,,,,,,
5/1/2024 10:00,0,180,,,,,,,,,,,,,,,,,,
5/1/2024 9:45,0,180,,,,,,,,,,,,,,,,,,
5/1/2024 9:30,0,180,,,,,,,,,,,,,,,,,,
5/1/2024 9:15,0,180,,,,,,,,,,,,,,,,,,
5/1/2024 9:00,0,180,,,,,,,,,,,,,,,,,,
5/1/2024 8:45,0,181,,,,,,,,,,,,,,,,,,
5/1/2024 8:30,0,181,,,,,,,,,,,,,,,,,,
5/1/2024 8:15,0,181,,,,,,,,,,,,,,,,,,
5/1/2024 8:00,0,182,,,,,,,,,,,,,,,,,,
5/1/2024 7:45,0,182,,,,,,,,,,,,,,,,,,
5/1/2024 7:30,0,182,,,,,,,,,,,,,,,,,,
5/1/2024 7:15,0,183,,,,,,,,,,,,,,,,,,
5/1/2024 7:00,0,183,,,,,,,,,,,,,,,,,,
5/1/2024 6:45,0,183,,,,,,,,,,,,,,,,,,
5/1/2024 6:30,0,183,,,,,,,,,,,,,,,,,,
5/1/2024 6:15,0,184,,,,,,,,,,,,,,,,,,
5/1/2024 6:00,0,184,,,,,,,,,,,,,,,,,,
5/1/2024 5:45,0,184,,,,,,,,,,,,,,,,,,
5/1/2024 5:30,0,184,,,,,,,,,,,,,,,,,,
5/1/2024 5:15,0,185,,,,,,,,,,,,,,,,,,
5/1/2024 5:00,0,185,,,,,,,,,,,,,,,,,,
5/1/2024 4:45,0,186,,,,,,,,,,,,,,,,,,
5/1/2024 4:30,0,186,,,,,,,,,,,,,,,,,,
5/1/2024 4:15,0,186,,,,,,,,,,,,,,,,,,
5/1/2024 4:00,0,187,,,,,,,,,,,,,,,,,,
5/1/2024 3:45,0,187,,,,,,,,,,,,,,,,,,
5/1/2024 3:30,0,187,,,,,,,,,,,,,,,,,,
5/1/2024 3:15,0,187,,,,,,,,,,,,,,,,,,
5/1/2024 3:00,0,188,,,,,,,,,,,,,,,,,,
5/1/2024 2:45,0,188,,,,,,,,,,,,,,,,,,
5/1/2024 2:30,0,189,,,,,,,,,,,,,,,,,,
5/1/2024 2:15,0,189,,,,,,,,,,,,,,,,,,
5/1/2024 2:00,0,189,,,,,,,,,,,,,,,,,,
5/1/2024 1:45,0,190,,,,,,,,,,,,,,,,,,
5/1/2024 1:30,0,190,,,,,,,,,,,,,,,,,,
5/1/2024 1:15,0,190,,,,,,,,,,,,,,,,,,
5/1/2024 1:00,0,190,,,,,,,,,,,,,,,,,,
5/1/2024 0:45,0,191,,,,,,,,,,,,,,,,,,
5/1/2024 0:30,0,191,,,,,,,,,,,,,,,,,,
5/1/2024 0:15,0,192,,,,,,,,,,,,,,,,,,
5/1/2024 0:00,0,192,,,,,,,,,,,,,,,,,,
4/1/2024 23:45,0,192,,,,,,,,,,,,,,,,,,
4/1/2024 23:30,0,192,,,,,,,,,,,,,,,,,,
4/1/2024 23:15,0,192,,,,,,,,,,,,,,,,,,
4/1/2024 23:00,0,193,,,,,,,,,,,,,,,,,,
4/1/2024 22:45,0,193,,,,,,,,,,,,,,,,,,
4/1/2024 22:30,0,193,,,,,,,,,,,,,,,,,,
4/1/2024 22:15,0,193,,,,,,,,,,,,,,,,,,
4/1/2024 22:00,0,194,,,,,,,,,,,,,,,,,,
4/1/2024 21:45,0,194,,,,,,,,,,,,,,,,,,
4/1/2024 21:30,0,194,,,,,,,,,,,,,,,,,,
4/1/2024 21:15,0,195,,,,,,,,,,,,,,,,,,
4/1/2024 21:00,0,195,,,,,,,,,,,,,,,,,,
4/1/2024 20:45,0,195,,,,,,,,,,,,,,,,,,
4/1/2024 20:30,0,196,,,,,,,,,,,,,,,,,,
4/1/2024 20:15,0,196,,,,,,,,,,,,,,,,,,
4/1/2024 20:00,0,197,,,,,,,,,,,,,,,,,,
4/1/2024 19:45,0,197,,,,,,,,,,,,,,,,,,
4/1/2024 19:30,0,197,,,,,,,,,,,,,,,,,,
4/1/2024 19:15,0,197,,,,,,,,,,,,,,,,,,
4/1/2024 19:00,0,198,,,,,,,,,,,,,,,,,,
4/1/2024 18:45,0,198,,,,,,,,,,,,,,,,,,
4/1/2024 18:30,0,199,,,,,,,,,,,,,,,,,,
4/1/2024 18:15,0,198,,,,,,,,,,,,,,,,,,
4/1/2024 18:00,0,199,,,,,,,,,,,,,,,,,,
4/1/2024 17:45,0,200,,,,,,,,,,,,,,,,,,
4/1/2024 17:30,0,200,,,,,,,,,,,,,,,,,,
4/1/2024 17:15,0,200,,,,,,,,,,,,,,,,,,
4/1/2024 17:00,0,201,,,,,,,,,,,,,,,,,,
4/1/2024 16:45,0,201,,,,,,,,,,,,,,,,,,
4/1/2024 16:30,0,202,,,,,,,,,,,,,,,,,,
4/1/2024 16:15,0,202,,,,,,,,,,,,,,,,,,
4/1/2024 16:00,0,203,,,,,,,,,,,,,,,,,,
4/1/2024 15:45,0,203,,,,,,,,,,,,,,,,,,
4/1/2024 15:30,0,204,,,,,,,,,,,,,,,,,,
4/1/2024 15:15,0,205,,,,,,,,,,,,,,,,,,
4/1/2024 15:00,0,205,,,,,,,,,,,,,,,,,,
4/1/2024 14:45,0,205,,,,,,,,,,,,,,,,,,
4/1/2024 14:30,0,206,,,,,,,,,,,,,,,,,,
4/1/2024 14:15,0,207,,,,,,,,,,,,,,,,,,
4/1/2024 14:00,0,207,,,,,,,,,,,,,,,,,,
4/1/2024 13:45,0,208,,,,,,,,,,,,,,,,,,
4/1/2024 13:30,0,208,,,,,,,,,,,,,,,,,,
4/1/2024 13:15,0,209,,,,,,,,,,,,,,,,,,
4/1/2024 13:00,0,209,,,,,,,,,,,,,,,,,,
4/1/2024 12:45,0,210,,,,,,,,,,,,,,,,,,
4/1/2024 12:30,0,210,,,,,,,,,,,,,,,,,,
4/1/2024 12:15,0,211,,,,,,,,,,,,,,,,,,
4/1/2024 12:00,0,211,,,,,,,,,,,,,,,,,,
4/1/2024 11:45,0,211,,,,,,,,,,,,,,,,,,
4/1/2024 11:30,0,211,,,,,,,,,,,,,,,,,,
4/1/2024 11:15,0,211,,,,,,,,,,,,,,,,,,
4/1/2024 11:00,0,212,,,,,,,,,,,,,,,,,,
4/1/2024 10:45,0,212,,,,,,,,,,,,,,,,,,
4/1/2024 10:30,0,211,,,,,,,,,,,,,,,,,,
4/1/2024 10:15,0,211,,,,,,,,,,,,,,,,,,
4/1/2024 10:00,0,211,,,,,,,,,,,,,,,,,,
4/1/2024 9:45,0,211,,,,,,,,,,,,,,,,,,
4/1/2024 9:30,0,211,,,,,,,,,,,,,,,,,,
4/1/2024 9:15,0,211,,,,,,,,,,,,,,,,,,
4/1/2024 9:00,0,210,,,,,,,,,,,,,,,,,,
4/1/2024 8:45,0,210,,,,,,,,,,,,,,,,,,
4/1/2024 8:30,0,210,,,,,,,,,,,,,,,,,,
4/1/2024 8:15,0,210,,,,,,,,,,,,,,,,,,
4/1/2024 8:00,0,210,,,,,,,,,,,,,,,,,,
4/1/2024 7:45,0,210,,,,,,,,,,,,,,,,,,
4/1/2024 7:30,0,209,,,,,,,,,,,,,,,,,,
4/1/2024 7:15,0,210,,,,,,,,,,,,,,,,,,
4/1/2024 7:00,0,209,,,,,,,,,,,,,,,,,,
4/1/2024 6:45,0,210,,,,,,,,,,,,,,,,,,
4/1/2024 6:30,0,211,,,,,,,,,,,,,,,,,,
4/1/2024 6:15,0,211,,,,,,,,,,,,,,,,,,
4/1/2024 6:00,0,212,,,,,,,,,,,,,,,,,,
4/1/2024 5:45,0,212,,,,,,,,,,,,,,,,,,
4/1/2024 5:30,0,213,,,,,,,,,,,,,,,,,,
4/1/2024 5:15,0,213,,,,,,,,,,,,,,,,,,
4/1/2024 5:00,0,214,,,,,,,,,,,,,,,,,,
4/1/2024 4:45,0,214,,,,,,,,,,,,,,,,,,
4/1/2024 4:30,0,215,,,,,,,,,,,,,,,,,,
4/1/2024 4:15,0,216,,,,,,,,,,,,,,,,,,
4/1/2024 4:00,0,217,,,,,,,,,,,,,,,,,,
4/1/2024 3:45,0,218,,,,,,,,,,,,,,,,,,
4/1/2024 3:30,0,219,,,,,,,,,,,,,,,,,,
4/1/2024 3:15,0,219,,,,,,,,,,,,,,,,,,
4/1/2024 3:00,0,220,,,,,,,,,,,,,,,,,,
4/1/2024 2:45,0,221,,,,,,,,,,,,,,,,,,
4/1/2024 2:30,0,222,,,,,,,,,,,,,,,,,,
4/1/2024 2:15,0,223,,,,,,,,,,,,,,,,,,
4/1/2024 2:00,0,224,,,,,,,,,,,,,,,,,,
4/1/2024 1:45,0,225,,,,,,,,,,,,,,,,,,
4/1/2024 1:30,0,225,,,,,,,,,,,,,,,,,,
4/1/2024 1:15,0,227,,,,,,,,,,,,,,,,,,
4/1/2024 1:00,0,227,,,,,,,,,,,,,,,,,,
4/1/2024 0:45,0,228,,,,,,,,,,,,,,,,,,
4/1/2024 0:30,0,230,,,,,,,,,,,,,,,,,,
4/1/2024 0:15,0,230,,,,,,,,,,,,,,,,,,
4/1/2024 0:00,0,232,,,,,,,,,,,,,,,,,,
3/1/2024 23:45,0,232,,,,,,,,,,,,,,,,,,
3/1/2024 23:30,0,234,,,,,,,,,,,,,,,,,,
3/1/2024 23:15,0,235,,,,,,,,,,,,,,,,,,
3/1/2024 23:00,0,236,,,,,,,,,,,,,,,,,,
3/1/2024 22:45,0,237,,,,,,,,,,,,,,,,,,
3/1/2024 22:30,0,238,,,,,,,,,,,,,,,,,,
3/1/2024 22:15,0,239,,,,,,,,,,,,,,,,,,
3/1/2024 22:00,0,240,,,,,,,,,,,,,,,,,,
3/1/2024 21:45,0,241,,,,,,,,,,,,,,,,,,
3/1/2024 21:30,0,242,,,,,,,,,,,,,,,,,,
3/1/2024 21:15,0,244,,,,,,,,,,,,,,,,,,
3/1/2024 21:00,0,245,,,,,,,,,,,,,,,,,,
3/1/2024 20:45,0,246,,,,,,,,,,,,,,,,,,
3/1/2024 20:30,0,247,,,,,,,,,,,,,,,,,,
3/1/2024 20:15,0,249,,,,,,,,,,,,,,,,,,
3/1/2024 20:00,0,250,,,,,,,,,,,,,,,,,,
3/1/2024 19:45,0,251,,,,,,,,,,,,,,,,,,
3/1/2024 19:30,0,252,,,,,,,,,,,,,,,,,,
3/1/2024 19:15,0,253,,,,,,,,,,,,,,,,,,
3/1/2024 19:00,0,254,,,,,,,,,,,,,,,,,,
3/1/2024 18:45,0,256,,,,,,,,,,,,,,,,,,
3/1/2024 18:30,0,257,,,,,,,,,,,,,,,,,,
3/1/2024 18:15,0,258,,,,,,,,,,,,,,,,,,
3/1/2024 18:00,0,260,,,,,,,,,,,,,,,,,,
3/1/2024 17:45,0,261,,,,,,,,,,,,,,,,,,
3/1/2024 17:30,0,262,,,,,,,,,,,,,,,,,,
3/1/2024 17:15,0,264,,,,,,,,,,,,,,,,,,
3/1/2024 17:00,0,265,,,,,,,,,,,,,,,,,,
3/1/2024 16:45,0,266,,,,,,,,,,,,,,,,,,
3/1/2024 16:30,0,268,,,,,,,,,,,,,,,,,,
3/1/2024 16:15,0,269,,,,,,,,,,,,,,,,,,
3/1/2024 16:00,0,271,,,,,,,,,,,,,,,,,,
3/1/2024 15:45,0,272,,,,,,,,,,,,,,,,,,
3/1/2024 15:30,0,274,,,,,,,,,,,,,,,,,,
3/1/2024 15:15,0,275,,,,,,,,,,,,,,,,,,
3/1/2024 15:00,0,277,,,,,,,,,,,,,,,,,,
3/1/2024 14:45,0,278,,,,,,,,,,,,,,,,,,
3/1/2024 14:30,0,279,,,,,,,,,,,,,,,,,,
3/1/2024 14:15,0,281,,,,,,,,,,,,,,,,,,
3/1/2024 14:00,0,283,,,,,,,,,,,,,,,,,,
3/1/2024 13:45,0,284,,,,,,,,,,,,,,,,,,
3/1/2024 13:30,0,286,,,,,,,,,,,,,,,,,,
3/1/2024 13:15,0,287,,,,,,,,,,,,,,,,,,
3/1/2024 13:00,0,288,,,,,,,,,,,,,,,,,,
3/1/2024 12:45,0,290,,,,,,,,,,,,,,,,,,
3/1/2024 12:30,0,291,,,,,,,,,,,,,,,,,,
3/1/2024 12:15,0,292,,,,,,,,,,,,,,,,,,
3/1/2024 12:00,0,293,,,,,,,,,,,,,,,,,,
3/1/2024 11:45,0,294,,,,,,,,,,,,,,,,,,
3/1/2024 11:30,0,295,,,,,,,,,,,,,,,,,,
3/1/2024 11:15,0,295,,,,,,,,,,,,,,,,,,
3/1/2024 11:00,0,296,,,,,,,,,,,,,,,,,,
3/1/2024 10:45,0,296,,,,,,,,,,,,,,,,,,
3/1/2024 10:30,0,296,,,,,,,,,,,,,,,,,,
3/1/2024 10:15,0,297,,,,,,,,,,,,,,,,,,
3/1/2024 10:00,0,296,,,,,,,,,,,,,,,,,,
3/1/2024 9:45,0,296,,,,,,,,,,,,,,,,,,
3/1/2024 9:30,0,296,,,,,,,,,,,,,,,,,,
3/1/2024 9:15,0,294,,,,,,,,,,,,,,,,,,
3/1/2024 9:00,0,294,,,,,,,,,,,,,,,,,,
3/1/2024 8:45,0,293,,,,,,,,,,,,,,,,,,
3/1/2024 8:30,0,292,,,,,,,,,,,,,,,,,,
3/1/2024 8:15,0,290,,,,,,,,,,,,,,,,,,
3/1/2024 8:00,0,289,,,,,,,,,,,,,,,,,,
3/1/2024 7:45,0,287,,,,,,,,,,,,,,,,,,
3/1/2024 7:30,0,285,,,,,,,,,,,,,,,,,,
3/1/2024 7:15,0,282,,,,,,,,,,,,,,,,,,
3/1/2024 7:00,0,280,,,,,,,,,,,,,,,,,,
3/1/2024 6:45,0,277,,,,,,,,,,,,,,,,,,
3/1/2024 6:30,0,274,,,,,,,,,,,,,,,,,,
3/1/2024 6:15,0,272,,,,,,,,,,,,,,,,,,
3/1/2024 6:00,0,268,,,,,,,,,,,,,,,,,,
3/1/2024 5:45,0,265,,,,,,,,,,,,,,,,,,
3/1/2024 5:30,0,261,,,,,,,,,,,,,,,,,,
3/1/2024 5:15,0,257,,,,,,,,,,,,,,,,,,
3/1/2024 5:00,0,253,,,,,,,,,,,,,,,,,,
3/1/2024 4:45,0,248,,,,,,,,,,,,,,,,,,
3/1/2024 4:30,0,242,,,,,,,,,,,,,,,,,,
3/1/2024 4:15,0,236,,,,,,,,,,,,,,,,,,
3/1/2024 4:00,0,229,,,,,,,,,,,,,,,,,,
3/1/2024 3:45,0,222,,,,,,,,,,,,,,,,,,
3/1/2024 3:30,0,214,,,,,,,,,,,,,,,,,,
3/1/2024 3:15,0,206,,,,,,,,,,,,,,,,,,
3/1/2024 3:00,0,198,,,,,,,,,,,,,,,,,,
3/1/2024 2:45,0,189,,,,,,,,,,,,,,,,,,
3/1/2024 2:30,0,182,,,,,,,,,,,,,,,,,,
3/1/2024 2:15,0,175,,,,,,,,,,,,,,,,,,
3/1/2024 2:00,0,170,,,,,,,,,,,,,,,,,,
3/1/2024 1:45,0,165,,,,,,,,,,,,,,,,,,
3/1/2024 1:30,0,163,,,,,,,,,,,,,,,,,,
3/1/2024 1:15,0,161,,,,,,,,,,,,,,,,,,
3/1/2024 1:00,0,160,,,,,,,,,,,,,,,,,,
3/1/2024 0:45,0,159,,,,,,,,,,,,,,,,,,
3/1/2024 0:30,0,159,,,,,,,,,,,,,,,,,,
3/1/2024 0:15,0,158,,,,,,,,,,,,,,,,,,
3/1/2024 0:00,0,158,,,,,,,,,,,,,,,,,,
2/1/2024 23:45,0,158,,,,,,,,,,,,,,,,,,
2/1/2024 23:30,0,158,,,,,,,,,,,,,,,,,,
2/1/2024 23:15,0,158,,,,,,,,,,,,,,,,,,
2/1/2024 23:00,0,157,,,,,,,,,,,,,,,,,,
2/1/2024 22:45,0,157,,,,,,,,,,,,,,,,,,
2/1/2024 22:30,0,157,,,,,,,,,,,,,,,,,,
2/1/2024 22:15,0,156,,,,,,,,,,,,,,,,,,
2/1/2024 22:00,0,156,,,,,,,,,,,,,,,,,,
2/1/2024 21:45,0,156,,,,,,,,,,,,,,,,,,
2/1/2024 21:30,0,155,,,,,,,,,,,,,,,,,,
2/1/2024 21:15,0,155,,,,,,,,,,,,,,,,,,
2/1/2024 21:00,0,155,,,,,,,,,,,,,,,,,,
2/1/2024 20:45,0,154,,,,,,,,,,,,,,,,,,
2/1/2024 20:30,0,154,,,,,,,,,,,,,,,,,,
2/1/2024 20:15,0,154,,,,,,,,,,,,,,,,,,
2/1/2024 20:00,0,154,,,,,,,,,,,,,,,,,,
2/1/2024 19:45,0,153,,,,,,,,,,,,,,,,,,
2/1/2024 19:30,0.2,153,,,,,,,,,,,,,,,,,,
2/1/2024 19:15,0,153,,,,,,,,,,,,,,,,,,
2/1/2024 19:00,0.6,153,,,,,,,,,,,,,,,,,,
2/1/2024 18:45,1.2,153,,,,,,,,,,,,,,,,,,
2/1/2024 18:30,1.4,153,,,,,,,,,,,,,,,,,,
2/1/2024 18:15,0.8,152,,,,,,,,,,,,,,,,,,
2/1/2024 18:00,0.6,152,,,,,,,,,,,,,,,,,,
2/1/2024 17:45,0.4,152,,,,,,,,,,,,,,,,,,
2/1/2024 17:30,2.8,152,,,,,,,,,,,,,,,,,,
2/1/2024 17:15,5.2,152,,,,,,,,,,,,,,,,,,
2/1/2024 17:00,4.4,151,,,,,,,,,,,,,,,,,,
2/1/2024 16:45,0,151,,,,,,,,,,,,,,,,,,
2/1/2024 16:30,0,151,,,,,,,,,,,,,,,,,,
2/1/2024 16:15,0,151,,,,,,,,,,,,,,,,,,
2/1/2024 16:00,0,151,,,,,,,,,,,,,,,,,,
2/1/2024 15:45,0,151,,,,,,,,,,,,,,,,,,
2/1/2024 15:30,0,151,,,,,,,,,,,,,,,,,,
2/1/2024 15:15,0,151,,,,,,,,,,,,,,,,,,
2/1/2024 15:00,0,151,,,,,,,,,,,,,,,,,,
2/1/2024 14:45,0,151,,,,,,,,,,,,,,,,,,
2/1/2024 14:30,0,152,,,,,,,,,,,,,,,,,,
2/1/2024 14:15,0,152,,,,,,,,,,,,,,,,,,
2/1/2024 14:00,0,152,,,,,,,,,,,,,,,,,,
2/1/2024 13:45,0,152,,,,,,,,,,,,,,,,,,
2/1/2024 13:30,0,152,,,,,,,,,,,,,,,,,,
2/1/2024 13:15,0,152,,,,,,,,,,,,,,,,,,
2/1/2024 13:00,0,152,,,,,,,,,,,,,,,,,,
2/1/2024 12:45,0,152,,,,,,,,,,,,,,,,,,
2/1/2024 12:30,0.2,152,,,,,,,,,,,,,,,,,,
2/1/2024 12:15,0.2,152,,,,,,,,,,,,,,,,,,
2/1/2024 12:00,0.2,153,,,,,,,,,,,,,,,,,,
2/1/2024 11:45,0,152,,,,,,,,,,,,,,,,,,
2/1/2024 11:30,0,153,,,,,,,,,,,,,,,,,,
2/1/2024 11:15,0,153,,,,,,,,,,,,,,,,,,
2/1/2024 11:00,0,153,,,,,,,,,,,,,,,,,,
2/1/2024 10:45,0,153,,,,,,,,,,,,,,,,,,
2/1/2024 10:30,0,153,,,,,,,,,,,,,,,,,,
2/1/2024 10:15,0.2,153,,,,,,,,,,,,,,,,,,
2/1/2024 10:00,0.6,153,,,,,,,,,,,,,,,,,,
2/1/2024 9:45,0,153,,,,,,,,,,,,,,,,,,
2/1/2024 9:30,0,154,,,,,,,,,,,,,,,,,,
2/1/2024 9:15,0,154,,,,,,,,,,,,,,,,,,
2/1/2024 9:00,0,153,,,,,,,,,,,,,,,,,,
2/1/2024 8:45,0,154,,,,,,,,,,,,,,,,,,
2/1/2024 8:30,0,154,,,,,,,,,,,,,,,,,,
2/1/2024 8:15,0,154,,,,,,,,,,,,,,,,,,
2/1/2024 8:00,0,154,,,,,,,,,,,,,,,,,,
2/1/2024 7:45,0,154,,,,,,,,,,,,,,,,,,
2/1/2024 7:30,0,154,,,,,,,,,,,,,,,,,,
2/1/2024 7:15,0,154,,,,,,,,,,,,,,,,,,
2/1/2024 7:00,0,155,,,,,,,,,,,,,,,,,,
2/1/2024 6:45,0,154,,,,,,,,,,,,,,,,,,
2/1/2024 6:30,0,154,,,,,,,,,,,,,,,,,,
2/1/2024 6:15,0,155,,,,,,,,,,,,,,,,,,
2/1/2024 6:00,0,154,,,,,,,,,,,,,,,,,,
2/1/2024 5:45,0,155,,,,,,,,,,,,,,,,,,
2/1/2024 5:30,0,155,,,,,,,,,,,,,,,,,,
2/1/2024 5:15,0,155,,,,,,,,,,,,,,,,,,
2/1/2024 5:00,0,155,,,,,,,,,,,,,,,,,,
2/1/2024 4:45,0,155,,,,,,,,,,,,,,,,,,
2/1/2024 4:30,0,155,,,,,,,,,,,,,,,,,,
2/1/2024 4:15,0,155,,,,,,,,,,,,,,,,,,
2/1/2024 4:00,0,155,,,,,,,,,,,,,,,,,,
2/1/2024 3:45,0,155,,,,,,,,,,,,,,,,,,
2/1/2024 3:30,0,155,,,,,,,,,,,,,,,,,,
2/1/2024 3:15,0,155,,,,,,,,,,,,,,,,,,
2/1/2024 3:00,0,155,,,,,,,,,,,,,,,,,,
2/1/2024 2:45,0,155,,,,,,,,,,,,,,,,,,
2/1/2024 2:30,0,156,,,,,,,,,,,,,,,,,,
2/1/2024 2:15,0,156,,,,,,,,,,,,,,,,,,
2/1/2024 2:00,0,156,,,,,,,,,,,,,,,,,,
2/1/2024 1:45,0,156,,,,,,,,,,,,,,,,,,
2/1/2024 1:30,0,156,,,,,,,,,,,,,,,,,,
2/1/2024 1:15,0,156,,,,,,,,,,,,,,,,,,
2/1/2024 1:00,0,156,,,,,,,,,,,,,,,,,,
2/1/2024 0:45,0,156,,,,,,,,,,,,,,,,,,
2/1/2024 0:30,0,156,,,,,,,,,,,,,,,,,,
2/1/2024 0:15,0,156,,,,,,,,,,,,,,,,,,
2/1/2024 0:00,0,156,,,,,,,,,,,,,,,,,,
1/1/2024 23:45,0,156,,,,,,,,,,,,,,,,,,
1/1/2024 23:30,0,156,,,,,,,,,,,,,,,,,,
1/1/2024 23:15,0,156,,,,,,,,,,,,,,,,,,
1/1/2024 23:00,0,157,,,,,,,,,,,,,,,,,,
1/1/2024 22:45,0,157,,,,,,,,,,,,,,,,,,
1/1/2024 22:30,0,157,,,,,,,,,,,,,,,,,,
1/1/2024 22:15,0,157,,,,,,,,,,,,,,,,,,
1/1/2024 22:00,0,157,,,,,,,,,,,,,,,,,,
1/1/2024 21:45,0,157,,,,,,,,,,,,,,,,,,
1/1/2024 21:30,0,157,,,,,,,,,,,,,,,,,,
1/1/2024 21:15,0,157,,,,,,,,,,,,,,,,,,
1/1/2024 21:00,0,158,,,,,,,,,,,,,,,,,,
1/1/2024 20:45,0,158,,,,,,,,,,,,,,,,,,
1/1/2024 20:30,0,157,,,,,,,,,,,,,,,,,,
1/1/2024 20:15,0,158,,,,,,,,,,,,,,,,,,
1/1/2024 20:00,0,158,,,,,,,,,,,,,,,,,,
1/1/2024 19:45,0,158,,,,,,,,,,,,,,,,,,
1/1/2024 19:30,0,158,,,,,,,,,,,,,,,,,,
1/1/2024 19:15,0,158,,,,,,,,,,,,,,,,,,
1/1/2024 19:00,0,158,,,,,,,,,,,,,,,,,,
1/1/2024 18:45,0,158,,,,,,,,,,,,,,,,,,
1/1/2024 18:30,0,159,,,,,,,,,,,,,,,,,,
1/1/2024 18:15,0,158,,,,,,,,,,,,,,,,,,
1/1/2024 18:00,0,158,,,,,,,,,,,,,,,,,,
1/1/2024 17:45,0,159,,,,,,,,,,,,,,,,,,
1/1/2024 17:30,0,159,,,,,,,,,,,,,,,,,,
1/1/2024 17:15,0,159,,,,,,,,,,,,,,,,,,
1/1/2024 17:00,0,159,,,,,,,,,,,,,,,,,,
1/1/2024 16:45,0,159,,,,,,,,,,,,,,,,,,
1/1/2024 16:30,0,159,,,,,,,,,,,,,,,,,,
1/1/2024 16:15,0,159,,,,,,,,,,,,,,,,,,
1/1/2024 16:00,0,159,,,,,,,,,,,,,,,,,,
1/1/2024 15:45,0,160,,,,,,,,,,,,,,,,,,
1/1/2024 15:30,0,160,,,,,,,,,,,,,,,,,,
1/1/2024 15:15,0,160,,,,,,,,,,,,,,,,,,
1/1/2024 15:00,0,160,,,,,,,,,,,,,,,,,,
1/1/2024 14:45,0,160,,,,,,,,,,,,,,,,,,
1/1/2024 14:30,0,160,,,,,,,,,,,,,,,,,,
1/1/2024 14:15,0,160,,,,,,,,,,,,,,,,,,
1/1/2024 14:00,0,161,,,,,,,,,,,,,,,,,,
1/1/2024 13:45,0,161,,,,,,,,,,,,,,,,,,
1/1/2024 13:30,0,161,,,,,,,,,,,,,,,,,,
1/1/2024 13:15,0,161,,,,,,,,,,,,,,,,,,
1/1/2024 13:00,0,161,,,,,,,,,,,,,,,,,,
1/1/2024 12:45,0,161,,,,,,,,,,,,,,,,,,
1/1/2024 12:30,0,161,,,,,,,,,,,,,,,,,,
1/1/2024 12:15,0,162,,,,,,,,,,,,,,,,,,
1/1/2024 12:00,0,161,,,,,,,,,,,,,,,,,,
1/1/2024 11:45,0,162,,,,,,,,,,,,,,,,,,
1/1/2024 11:30,0,162,,,,,,,,,,,,,,,,,,
1/1/2024 11:15,0,162,,,,,,,,,,,,,,,,,,
1/1/2024 11:00,0,162,,,,,,,,,,,,,,,,,,
1/1/2024 10:45,0,162,,,,,,,,,,,,,,,,,,
1/1/2024 10:30,0,162,,,,,,,,,,,,,,,,,,
1/1/2024 10:15,0,163,,,,,,,,,,,,,,,,,,
1/1/2024 10:00,0,163,,,,,,,,,,,,,,,,,,
1/1/2024 9:45,0,163,,,,,,,,,,,,,,,,,,
1/1/2024 9:30,0,163,,,,,,,,,,,,,,,,,,
1/1/2024 9:15,0,163,,,,,,,,,,,,,,,,,,
1/1/2024 9:00,0,163,,,,,,,,,,,,,,,,,,
1/1/2024 8:45,0,163,,,,,,,,,,,,,,,,,,
1/1/2024 8:30,0,163,,,,,,,,,,,,,,,,,,
1/1/2024 8:15,0,163,,,,,,,,,,,,,,,,,,
1/1/2024 8:00,0,164,,,,,,,,,,,,,,,,,,
1/1/2024 7:45,0,164,,,,,,,,,,,,,,,,,,
1/1/2024 7:30,0,164,,,,,,,,,,,,,,,,,,
1/1/2024 7:15,0,164,,,,,,,,,,,,,,,,,,
1/1/2024 7:00,0,164,,,,,,,,,,,,,,,,,,
1/1/2024 6:45,0,164,,,,,,,,,,,,,,,,,,
1/1/2024 6:30,0,165,,,,,,,,,,,,,,,,,,
1/1/2024 6:15,0,164,,,,,,,,,,,,,,,,,,
1/1/2024 6:00,0,165,,,,,,,,,,,,,,,,,,
1/1/2024 5:45,0,165,,,,,,,,,,,,,,,,,,
1/1/2024 5:30,0,165,,,,,,,,,,,,,,,,,,
1/1/2024 5:15,0,165,,,,,,,,,,,,,,,,,,
1/1/2024 5:00,0,165,,,,,,,,,,,,,,,,,,
1/1/2024 4:45,0,166,,,,,,,,,,,,,,,,,,
1/1/2024 4:30,0,165,,,,,,,,,,,,,,,,,,
1/1/2024 4:15,0,166,,,,,,,,,,,,,,,,,,
1/1/2024 4:00,0,166,,,,,,,,,,,,,,,,,,
1/1/2024 3:45,0,166,,,,,,,,,,,,,,,,,,
1/1/2024 3:30,0,166,,,,,,,,,,,,,,,,,,
1/1/2024 3:15,0,166,,,,,,,,,,,,,,,,,,
1/1/2024 3:00,0,166,,,,,,,,,,,,,,,,,,
1/1/2024 2:45,0,166,,,,,,,,,,,,,,,,,,
1/1/2024 2:30,0,167,,,,,,,,,,,,,,,,,,
1/1/2024 2:15,0,166,,,,,,,,,,,,,,,,,,
1/1/2024 2:00,0,167,,,,,,,,,,,,,,,,,,
1/1/2024 1:45,0,167,,,,,,,,,,,,,,,,,,
1/1/2024 1:30,0,167,,,,,,,,,,,,,,,,,,
1/1/2024 1:15,0,167,,,,,,,,,,,,,,,,,,
1/1/2024 1:00,0,167,,,,,,,,,,,,,,,,,,
1/1/2024 0:45,0,167,,,,,,,,,,,,,,,,,,
1/1/2024 0:30,0,168,,,,,,,,,,,,,,,,,,
1/1/2024 0:15,0,168,,,,,,,,,,,,,,,,,,
1/1/2024 0:00,0,168,,,,,,,,,,,,,,,,,,
31/12/2023 23:45:00,0,168,,,,,,,,,,,,,,,,,,
31/12/2023 23:30:00,0,168,,,,,,,,,,,,,,,,,,
31/12/2023 23:15:00,0,168,,,,,,,,,,,,,,,,,,
31/12/2023 23:00:00,0,168,,,,,,,,,,,,,,,,,,
31/12/2023 22:45:00,0,169,,,,,,,,,,,,,,,,,,
31/12/2023 22:30:00,0,168,,,,,,,,,,,,,,,,,,
31/12/2023 22:15:00,0,169,,,,,,,,,,,,,,,,,,
31/12/2023 22:00:00,0,169,,,,,,,,,,,,,,,,,,
31/12/2023 21:45:00,0,169,,,,,,,,,,,,,,,,,,
31/12/2023 21:30:00,0,169,,,,,,,,,,,,,,,,,,
31/12/2023 21:15:00,0,169,,,,,,,,,,,,,,,,,,
31/12/2023 21:00:00,0,169,,,,,,,,,,,,,,,,,,
31/12/2023 20:45:00,0,169,,,,,,,,,,,,,,,,,,
31/12/2023 20:30:00,0,170,,,,,,,,,,,,,,,,,,
31/12/2023 20:15:00,0,169,,,,,,,,,,,,,,,,,,
31/12/2023 20:00:00,0,170,,,,,,,,,,,,,,,,,,
31/12/2023 19:45:00,0,170,,,,,,,,,,,,,,,,,,
31/12/2023 19:30:00,0,170,,,,,,,,,,,,,,,,,,
31/12/2023 19:15:00,0,170,,,,,,,,,,,,,,,,,,
31/12/2023 19:00:00,0,170,,,,,,,,,,,,,,,,,,
31/12/2023 18:45:00,0,171,,,,,,,,,,,,,,,,,,
31/12/2023 18:30:00,0,171,,,,,,,,,,,,,,,,,,
31/12/2023 18:15:00,0,171,,,,,,,,,,,,,,,,,,
31/12/2023 18:00:00,0,171,,,,,,,,,,,,,,,,,,
31/12/2023 17:45:00,0,172,,,,,,,,,,,,,,,,,,
31/12/2023 17:30:00,0,171,,,,,,,,,,,,,,,,,,
31/12/2023 17:15:00,0,172,,,,,,,,,,,,,,,,,,
31/12/2023 17:00:00,0,172,,,,,,,,,,,,,,,,,,
31/12/2023 16:45:00,0,172,,,,,,,,,,,,,,,,,,
31/12/2023 16:30:00,0,172,,,,,,,,,,,,,,,,,,
31/12/2023 16:15:00,0,172,,,,,,,,,,,,,,,,,,
31/12/2023 16:00:00,0,172,,,,,,,,,,,,,,,,,,
31/12/2023 15:45:00,0,173,,,,,,,,,,,,,,,,,,
31/12/2023 15:30:00,0,173,,,,,,,,,,,,,,,,,,
31/12/2023 15:15:00,0,173,,,,,,,,,,,,,,,,,,
31/12/2023 15:00:00,0,173,,,,,,,,,,,,,,,,,,
31/12/2023 14:45:00,0,173,,,,,,,,,,,,,,,,,,
31/12/2023 14:30:00,0,173,,,,,,,,,,,,,,,,,,
31/12/2023 14:15:00,0,174,,,,,,,,,,,,,,,,,,
31/12/2023 14:00:00,0,174,,,,,,,,,,,,,,,,,,
31/12/2023 13:45:00,0,174,,,,,,,,,,,,,,,,,,
31/12/2023 13:30:00,0,174,,,,,,,,,,,,,,,,,,
31/12/2023 13:15:00,0,174,,,,,,,,,,,,,,,,,,
31/12/2023 13:00:00,0,174,,,,,,,,,,,,,,,,,,
31/12/2023 12:45:00,0,174,,,,,,,,,,,,,,,,,,
31/12/2023 12:30:00,0,175,,,,,,,,,,,,,,,,,,
31/12/2023 12:15:00,0,175,,,,,,,,,,,,,,,,,,
31/12/2023 12:00:00,0,175,,,,,,,,,,,,,,,,,,
31/12/2023 11:45:00,0,175,,,,,,,,,,,,,,,,,,
31/12/2023 11:30:00,0,175,,,,,,,,,,,,,,,,,,
31/12/2023 11:15:00,0,175,,,,,,,,,,,,,,,,,,
31/12/2023 11:00:00,0,176,,,,,,,,,,,,,,,,,,
31/12/2023 10:45:00,0,175,,,,,,,,,,,,,,,,,,
31/12/2023 10:30:00,0,175,,,,,,,,,,,,,,,,,,
31/12/2023 10:15:00,0,176,,,,,,,,,,,,,,,,,,
31/12/2023 10:00:00,0,176,,,,,,,,,,,,,,,,,,
31/12/2023 09:45:00,0,176,,,,,,,,,,,,,,,,,,
31/12/2023 09:30:00,0,176,,,,,,,,,,,,,,,,,,
31/12/2023 09:15:00,0,177,,,,,,,,,,,,,,,,,,
31/12/2023 09:00:00,0,176,,,,,,,,,,,,,,,,,,
31/12/2023 08:45:00,0,177,,,,,,,,,,,,,,,,,,
31/12/2023 08:30:00,0,177,,,,,,,,,,,,,,,,,,
31/12/2023 08:15:00,0,177,,,,,,,,,,,,,,,,,,
31/12/2023 08:00:00,0,177,,,,,,,,,,,,,,,,,,
31/12/2023 07:45:00,0,177,,,,,,,,,,,,,,,,,,
31/12/2023 07:30:00,0,177,,,,,,,,,,,,,,,,,,
31/12/2023 07:15:00,0,178,,,,,,,,,,,,,,,,,,
31/12/2023 07:00:00,0,178,,,,,,,,,,,,,,,,,,
31/12/2023 06:45:00,0,178,,,,,,,,,,,,,,,,,,
31/12/2023 06:30:00,0,179,,,,,,,,,,,,,,,,,,
31/12/2023 06:15:00,0,179,,,,,,,,,,,,,,,,,,
31/12/2023 06:00:00,0,179,,,,,,,,,,,,,,,,,,
31/12/2023 05:45:00,0,179,,,,,,,,,,,,,,,,,,
31/12/2023 05:30:00,0,180,,,,,,,,,,,,,,,,,,
31/12/2023 05:15:00,0,180,,,,,,,,,,,,,,,,,,
31/12/2023 05:00:00,0,180,,,,,,,,,,,,,,,,,,
31/12/2023 04:45:00,0,181,,,,,,,,,,,,,,,,,,
31/12/2023 04:30:00,0,180,,,,,,,,,,,,,,,,,,
31/12/2023 04:15:00,0,181,,,,,,,,,,,,,,,,,,
31/12/2023 04:00:00,0,181,,,,,,,,,,,,,,,,,,
31/12/2023 03:45:00,0,181,,,,,,,,,,,,,,,,,,
31/12/2023 03:30:00,0,182,,,,,,,,,,,,,,,,,,
31/12/2023 03:15:00,0,182,,,,,,,,,,,,,,,,,,
31/12/2023 03:00:00,0,182,,,,,,,,,,,,,,,,,,
31/12/2023 02:45:00,0,182,,,,,,,,,,,,,,,,,,
31/12/2023 02:30:00,0,183,,,,,,,,,,,,,,,,,,
31/12/2023 02:15:00,0,183,,,,,,,,,,,,,,,,,,
31/12/2023 02:00:00,0,183,,,,,,,,,,,,,,,,,,
31/12/2023 01:45:00,0,183,,,,,,,,,,,,,,,,,,
31/12/2023 01:30:00,0,183,,,,,,,,,,,,,,,,,,
31/12/2023 01:15:00,0,183,,,,,,,,,,,,,,,,,,
31/12/2023 01:00:00,0,183,,,,,,,,,,,,,,,,,,
31/12/2023 00:45:00,0,184,,,,,,,,,,,,,,,,,,
31/12/2023 00:30:00,0,184,,,,,,,,,,,,,,,,,,
31/12/2023 00:15:00,0,184,,,,,,,,,,,,,,,,,,
31/12/2023 00:00:00,0,185,,,,,,,,,,,,,,,,,,
30/12/2023 23:45:00,0,185,,,,,,,,,,,,,,,,,,
30/12/2023 23:30:00,0,185,,,,,,,,,,,,,,,,,,
30/12/2023 23:15:00,0,185,,,,,,,,,,,,,,,,,,
30/12/2023 23:00:00,0,185,,,,,,,,,,,,,,,,,,
30/12/2023 22:45:00,0,185,,,,,,,,,,,,,,,,,,
30/12/2023 22:30:00,0,186,,,,,,,,,,,,,,,,,,
30/12/2023 22:15:00,0,186,,,,,,,,,,,,,,,,,,
30/12/2023 22:00:00,0,186,,,,,,,,,,,,,,,,,,
30/12/2023 21:45:00,0,186,,,,,,,,,,,,,,,,,,
30/12/2023 21:30:00,0,187,,,,,,,,,,,,,,,,,,
30/12/2023 21:15:00,0,187,,,,,,,,,,,,,,,,,,
30/12/2023 21:00:00,0,187,,,,,,,,,,,,,,,,,,
30/12/2023 20:45:00,0,187,,,,,,,,,,,,,,,,,,
30/12/2023 20:30:00,0,188,,,,,,,,,,,,,,,,,,
30/12/2023 20:15:00,0,188,,,,,,,,,,,,,,,,,,
30/12/2023 20:00:00,0,189,,,,,,,,,,,,,,,,,,
30/12/2023 19:45:00,0,188,,,,,,,,,,,,,,,,,,
30/12/2023 19:30:00,0,189,,,,,,,,,,,,,,,,,,
30/12/2023 19:15:00,0,189,,,,,,,,,,,,,,,,,,
30/12/2023 19:00:00,0,190,,,,,,,,,,,,,,,,,,
30/12/2023 18:45:00,0,190,,,,,,,,,,,,,,,,,,
30/12/2023 18:30:00,0,190,,,,,,,,,,,,,,,,,,
30/12/2023 18:15:00,0,190,,,,,,,,,,,,,,,,,,
30/12/2023 18:00:00,0,190,,,,,,,,,,,,,,,,,,
30/12/2023 17:45:00,0,191,,,,,,,,,,,,,,,,,,
30/12/2023 17:30:00,0,192,,,,,,,,,,,,,,,,,,
30/12/2023 17:15:00,0,192,,,,,,,,,,,,,,,,,,
30/12/2023 17:00:00,0,192,,,,,,,,,,,,,,,,,,
30/12/2023 16:45:00,0,193,,,,,,,,,,,,,,,,,,
30/12/2023 16:30:00,0,193,,,,,,,,,,,,,,,,,,
30/12/2023 16:15:00,0,193,,,,,,,,,,,,,,,,,,
30/12/2023 16:00:00,0,194,,,,,,,,,,,,,,,,,,
30/12/2023 15:45:00,0,194,,,,,,,,,,,,,,,,,,
30/12/2023 15:30:00,0,195,,,,,,,,,,,,,,,,,,
30/12/2023 15:15:00,0,195,,,,,,,,,,,,,,,,,,
30/12/2023 15:00:00,0,196,,,,,,,,,,,,,,,,,,
30/12/2023 14:45:00,0,196,,,,,,,,,,,,,,,,,,
30/12/2023 14:30:00,0,197,,,,,,,,,,,,,,,,,,
30/12/2023 14:15:00,0,198,,,,,,,,,,,,,,,,,,
30/12/2023 14:00:00,0,198,,,,,,,,,,,,,,,,,,
30/12/2023 13:45:00,0,199,,,,,,,,,,,,,,,,,,
30/12/2023 13:30:00,0,200,,,,,,,,,,,,,,,,,,
30/12/2023 13:15:00,0,200,,,,,,,,,,,,,,,,,,
30/12/2023 13:00:00,0,200,,,,,,,,,,,,,,,,,,
30/12/2023 12:45:00,0,201,,,,,,,,,,,,,,,,,,
30/12/2023 12:30:00,0,202,,,,,,,,,,,,,,,,,,
30/12/2023 12:15:00,0,203,,,,,,,,,,,,,,,,,,
30/12/2023 12:00:00,0,203,,,,,,,,,,,,,,,,,,
30/12/2023 11:45:00,0,204,,,,,,,,,,,,,,,,,,
30/12/2023 11:30:00,0,204,,,,,,,,,,,,,,,,,,
30/12/2023 11:15:00,0,205,,,,,,,,,,,,,,,,,,
30/12/2023 11:00:00,0,205,,,,,,,,,,,,,,,,,,
30/12/2023 10:45:00,0,206,,,,,,,,,,,,,,,,,,
30/12/2023 10:30:00,0,206,,,,,,,,,,,,,,,,,,
30/12/2023 10:15:00,0,207,,,,,,,,,,,,,,,,,,
30/12/2023 10:00:00,0,207,,,,,,,,,,,,,,,,,,
30/12/2023 09:45:00,0,207,,,,,,,,,,,,,,,,,,
30/12/2023 09:30:00,0,208,,,,,,,,,,,,,,,,,,
30/12/2023 09:15:00,0,209,,,,,,,,,,,,,,,,,,
30/12/2023 09:00:00,0,209,,,,,,,,,,,,,,,,,,
30/12/2023 08:45:00,0,210,,,,,,,,,,,,,,,,,,
30/12/2023 08:30:00,0,210,,,,,,,,,,,,,,,,,,
30/12/2023 08:15:00,0,210,,,,,,,,,,,,,,,,,,
30/12/2023 08:00:00,0,210,,,,,,,,,,,,,,,,,,
30/12/2023 07:45:00,0,211,,,,,,,,,,,,,,,,,,
30/12/2023 07:30:00,0,212,,,,,,,,,,,,,,,,,,
30/12/2023 07:15:00,0,212,,,,,,,,,,,,,,,,,,
30/12/2023 07:00:00,0,212,,,,,,,,,,,,,,,,,,
30/12/2023 06:45:00,0,212,,,,,,,,,,,,,,,,,,
30/12/2023 06:30:00,0,212,,,,,,,,,,,,,,,,,,
30/12/2023 06:15:00,0,213,,,,,,,,,,,,,,,,,,
30/12/2023 06:00:00,0,213,,,,,,,,,,,,,,,,,,
30/12/2023 05:45:00,0,213,,,,,,,,,,,,,,,,,,
30/12/2023 05:30:00,0,213,,,,,,,,,,,,,,,,,,
30/12/2023 05:15:00,0,213,,,,,,,,,,,,,,,,,,
30/12/2023 05:00:00,0,213,,,,,,,,,,,,,,,,,,
30/12/2023 04:45:00,0,213,,,,,,,,,,,,,,,,,,
30/12/2023 04:30:00,0,214,,,,,,,,,,,,,,,,,,
30/12/2023 04:15:00,0,213,,,,,,,,,,,,,,,,,,
30/12/2023 04:00:00,0,214,,,,,,,,,,,,,,,,,,
30/12/2023 03:45:00,0,214,,,,,,,,,,,,,,,,,,
30/12/2023 03:30:00,0,214,,,,,,,,,,,,,,,,,,
30/12/2023 03:15:00,0,214,,,,,,,,,,,,,,,,,,
30/12/2023 03:00:00,0.2,214,,,,,,,,,,,,,,,,,,
30/12/2023 02:45:00,0,214,,,,,,,,,,,,,,,,,,
30/12/2023 02:30:00,0,214,,,,,,,,,,,,,,,,,,
30/12/2023 02:15:00,0,215,,,,,,,,,,,,,,,,,,
30/12/2023 02:00:00,0,215,,,,,,,,,,,,,,,,,,
30/12/2023 01:45:00,0,215,,,,,,,,,,,,,,,,,,
30/12/2023 01:30:00,0,215,,,,,,,,,,,,,,,,,,
30/12/2023 01:15:00,0,216,,,,,,,,,,,,,,,,,,
30/12/2023 01:00:00,0,216,,,,,,,,,,,,,,,,,,
30/12/2023 00:45:00,0,216,,,,,,,,,,,,,,,,,,
30/12/2023 00:30:00,0,216,,,,,,,,,,,,,,,,,,
30/12/2023 00:15:00,0,217,,,,,,,,,,,,,,,,,,
30/12/2023 00:00:00,0,217,,,,,,,,,,,,,,,,,,
29/12/2023 23:45:00,0,218,,,,,,,,,,,,,,,,,,
29/12/2023 23:30:00,0,218,,,,,,,,,,,,,,,,,,
29/12/2023 23:15:00,0,218,,,,,,,,,,,,,,,,,,
29/12/2023 23:00:00,0,219,,,,,,,,,,,,,,,,,,
29/12/2023 22:45:00,0,219,,,,,,,,,,,,,,,,,,
29/12/2023 22:30:00,0,219,,,,,,,,,,,,,,,,,,
29/12/2023 22:15:00,0.2,219,,,,,,,,,,,,,,,,,,
29/12/2023 22:00:00,0,220,,,,,,,,,,,,,,,,,,
29/12/2023 21:45:00,0,220,,,,,,,,,,,,,,,,,,
29/12/2023 21:30:00,0.2,220,,,,,,,,,,,,,,,,,,
29/12/2023 21:15:00,0,220,,,,,,,,,,,,,,,,,,
29/12/2023 21:00:00,0.2,219,,,,,,,,,,,,,,,,,,
29/12/2023 20:45:00,0.4,219,,,,,,,,,,,,,,,,,,
29/12/2023 20:30:00,0,219,,,,,,,,,,,,,,,,,,
29/12/2023 20:15:00,0,218,,,,,,,,,,,,,,,,,,
29/12/2023 20:00:00,0,218,,,,,,,,,,,,,,,,,,
29/12/2023 19:45:00,0,218,,,,,,,,,,,,,,,,,,
29/12/2023 19:30:00,0,217,,,,,,,,,,,,,,,,,,
29/12/2023 19:15:00,0,217,,,,,,,,,,,,,,,,,,
29/12/2023 19:00:00,0,216,,,,,,,,,,,,,,,,,,
29/12/2023 18:45:00,0,215,,,,,,,,,,,,,,,,,,
29/12/2023 18:30:00,0,214,,,,,,,,,,,,,,,,,,
29/12/2023 18:15:00,0,214,,,,,,,,,,,,,,,,,,
29/12/2023 18:00:00,0,213,,,,,,,,,,,,,,,,,,
29/12/2023 17:45:00,0,212,,,,,,,,,,,,,,,,,,
29/12/2023 17:30:00,0,211,,,,,,,,,,,,,,,,,,
29/12/2023 17:15:00,0,210,,,,,,,,,,,,,,,,,,
29/12/2023 17:00:00,0,209,,,,,,,,,,,,,,,,,,
29/12/2023 16:45:00,0,208,,,,,,,,,,,,,,,,,,
29/12/2023 16:30:00,0,208,,,,,,,,,,,,,,,,,,
29/12/2023 16:15:00,0,207,,,,,,,,,,,,,,,,,,
29/12/2023 16:00:00,0,206,,,,,,,,,,,,,,,,,,
29/12/2023 15:45:00,0,205,,,,,,,,,,,,,,,,,,
29/12/2023 15:30:00,0,204,,,,,,,,,,,,,,,,,,
29/12/2023 15:15:00,0,204,,,,,,,,,,,,,,,,,,
29/12/2023 15:00:00,0,203,,,,,,,,,,,,,,,,,,
29/12/2023 14:45:00,0,201,,,,,,,,,,,,,,,,,,
29/12/2023 14:30:00,0,201,,,,,,,,,,,,,,,,,,
29/12/2023 14:15:00,0,201,,,,,,,,,,,,,,,,,,
29/12/2023 14:00:00,0,200,,,,,,,,,,,,,,,,,,
29/12/2023 13:45:00,0,200,,,,,,,,,,,,,,,,,,
29/12/2023 13:30:00,0,199,,,,,,,,,,,,,,,,,,
29/12/2023 13:15:00,0,199,,,,,,,,,,,,,,,,,,
29/12/2023 13:00:00,0,198,,,,,,,,,,,,,,,,,,
29/12/2023 12:45:00,0,198,,,,,,,,,,,,,,,,,,
29/12/2023 12:30:00,0,198,,,,,,,,,,,,,,,,,,
29/12/2023 12:15:00,0,198,,,,,,,,,,,,,,,,,,
29/12/2023 12:00:00,0,198,,,,,,,,,,,,,,,,,,
29/12/2023 11:45:00,0,197,,,,,,,,,,,,,,,,,,
29/12/2023 11:30:00,0,197,,,,,,,,,,,,,,,,,,
29/12/2023 11:15:00,0,196,,,,,,,,,,,,,,,,,,
29/12/2023 11:00:00,0.2,196,,,,,,,,,,,,,,,,,,
29/12/2023 10:45:00,0,197,,,,,,,,,,,,,,,,,,
29/12/2023 10:30:00,0,197,,,,,,,,,,,,,,,,,,
29/12/2023 10:15:00,0.2,197,,,,,,,,,,,,,,,,,,
29/12/2023 10:00:00,0,197,,,,,,,,,,,,,,,,,,
29/12/2023 09:45:00,0,197,,,,,,,,,,,,,,,,,,
29/12/2023 09:30:00,0.2,197,,,,,,,,,,,,,,,,,,
29/12/2023 09:15:00,0,197,,,,,,,,,,,,,,,,,,
29/12/2023 09:00:00,0,196,,,,,,,,,,,,,,,,,,
29/12/2023 08:45:00,0.4,196,,,,,,,,,,,,,,,,,,
29/12/2023 08:30:00,0.2,195,,,,,,,,,,,,,,,,,,
29/12/2023 08:15:00,0.2,196,,,,,,,,,,,,,,,,,,
29/12/2023 08:00:00,0.2,197,,,,,,,,,,,,,,,,,,
29/12/2023 07:45:00,1,197,,,,,,,,,,,,,,,,,,
29/12/2023 07:30:00,8.4,197,,,,,,,,,,,,,,,,,,
29/12/2023 07:15:00,4.2,195,,,,,,,,,,,,,,,,,,
29/12/2023 07:00:00,0,195,,,,,,,,,,,,,,,,,,
29/12/2023 06:45:00,0,195,,,,,,,,,,,,,,,,,,
29/12/2023 06:30:00,0.2,195,,,,,,,,,,,,,,,,,,
29/12/2023 06:15:00,0.4,196,,,,,,,,,,,,,,,,,,
29/12/2023 06:00:00,0,196,,,,,,,,,,,,,,,,,,
29/12/2023 05:45:00,0,196,,,,,,,,,,,,,,,,,,
29/12/2023 05:30:00,0,196,,,,,,,,,,,,,,,,,,
29/12/2023 05:15:00,0,196,,,,,,,,,,,,,,,,,,
29/12/2023 05:00:00,0,197,,,,,,,,,,,,,,,,,,
29/12/2023 04:45:00,0,197,,,,,,,,,,,,,,,,,,
29/12/2023 04:30:00,0,197,,,,,,,,,,,,,,,,,,
29/12/2023 04:15:00,0,197,,,,,,,,,,,,,,,,,,
29/12/2023 04:00:00,0,197,,,,,,,,,,,,,,,,,,
29/12/2023 03:45:00,0,198,,,,,,,,,,,,,,,,,,
29/12/2023 03:30:00,0,198,,,,,,,,,,,,,,,,,,
29/12/2023 03:15:00,0,198,,,,,,,,,,,,,,,,,,
29/12/2023 03:00:00,0,199,,,,,,,,,,,,,,,,,,
29/12/2023 02:45:00,0,199,,,,,,,,,,,,,,,,,,
29/12/2023 02:30:00,0,199,,,,,,,,,,,,,,,,,,
29/12/2023 02:15:00,0,199,,,,,,,,,,,,,,,,,,
29/12/2023 02:00:00,0,199,,,,,,,,,,,,,,,,,,
29/12/2023 01:45:00,0,200,,,,,,,,,,,,,,,,,,
29/12/2023 01:30:00,0,200,,,,,,,,,,,,,,,,,,
29/12/2023 01:15:00,0,200,,,,,,,,,,,,,,,,,,
29/12/2023 01:00:00,0,200,,,,,,,,,,,,,,,,,,
29/12/2023 00:45:00,0,201,,,,,,,,,,,,,,,,,,
29/12/2023 00:30:00,0,201,,,,,,,,,,,,,,,,,,
29/12/2023 00:15:00,0,201,,,,,,,,,,,,,,,,,,
29/12/2023 00:00:00,0,201,,,,,,,,,,,,,,,,,,
28/12/2023 23:45:00,0,201,,,,,,,,,,,,,,,,,,
28/12/2023 23:30:00,0,201,,,,,,,,,,,,,,,,,,
28/12/2023 23:15:00,0,201,,,,,,,,,,,,,,,,,,
28/12/2023 23:00:00,0,202,,,,,,,,,,,,,,,,,,
28/12/2023 22:45:00,0,202,,,,,,,,,,,,,,,,,,
28/12/2023 22:30:00,0,203,,,,,,,,,,,,,,,,,,
28/12/2023 22:15:00,0,203,,,,,,,,,,,,,,,,,,
28/12/2023 22:00:00,0,203,,,,,,,,,,,,,,,,,,
28/12/2023 21:45:00,0,203,,,,,,,,,,,,,,,,,,
28/12/2023 21:30:00,0,203,,,,,,,,,,,,,,,,,,
28/12/2023 21:15:00,0,203,,,,,,,,,,,,,,,,,,
28/12/2023 21:00:00,0,204,,,,,,,,,,,,,,,,,,
28/12/2023 20:45:00,0,203,,,,,,,,,,,,,,,,,,
28/12/2023 20:30:00,0,204,,,,,,,,,,,,,,,,,,
28/12/2023 20:15:00,0,203,,,,,,,,,,,,,,,,,,
28/12/2023 20:00:00,0,204,,,,,,,,,,,,,,,,,,
28/12/2023 19:45:00,0,204,,,,,,,,,,,,,,,,,,
28/12/2023 19:30:00,0,204,,,,,,,,,,,,,,,,,,
28/12/2023 19:15:00,0,205,,,,,,,,,,,,,,,,,,
28/12/2023 19:00:00,0,204,,,,,,,,,,,,,,,,,,
28/12/2023 18:45:00,0,205,,,,,,,,,,,,,,,,,,
28/12/2023 18:30:00,0,205,,,,,,,,,,,,,,,,,,
28/12/2023 18:15:00,0,205,,,,,,,,,,,,,,,,,,
28/12/2023 18:00:00,0,205,,,,,,,,,,,,,,,,,,
28/12/2023 17:45:00,0,206,,,,,,,,,,,,,,,,,,
28/12/2023 17:30:00,0,206,,,,,,,,,,,,,,,,,,
28/12/2023 17:15:00,0,206,,,,,,,,,,,,,,,,,,
28/12/2023 17:00:00,0,206,,,,,,,,,,,,,,,,,,
28/12/2023 16:45:00,0,206,,,,,,,,,,,,,,,,,,
28/12/2023 16:30:00,0,206,,,,,,,,,,,,,,,,,,
28/12/2023 16:15:00,0,207,,,,,,,,,,,,,,,,,,
28/12/2023 16:00:00,0,207,,,,,,,,,,,,,,,,,,
28/12/2023 15:45:00,0,207,,,,,,,,,,,,,,,,,,
28/12/2023 15:30:00,0,207,,,,,,,,,,,,,,,,,,
28/12/2023 15:15:00,0,207,,,,,,,,,,,,,,,,,,
28/12/2023 15:00:00,0,207,,,,,,,,,,,,,,,,,,
28/12/2023 14:45:00,0,207,,,,,,,,,,,,,,,,,,
28/12/2023 14:30:00,0,208,,,,,,,,,,,,,,,,,,
28/12/2023 14:15:00,0,208,,,,,,,,,,,,,,,,,,
28/12/2023 14:00:00,0,208,,,,,,,,,,,,,,,,,,
28/12/2023 13:45:00,0,208,,,,,,,,,,,,,,,,,,
28/12/2023 13:30:00,0,208,,,,,,,,,,,,,,,,,,
28/12/2023 13:15:00,0,209,,,,,,,,,,,,,,,,,,
28/12/2023 13:00:00,0,209,,,,,,,,,,,,,,,,,,
28/12/2023 12:45:00,0,209,,,,,,,,,,,,,,,,,,
28/12/2023 12:30:00,0,210,,,,,,,,,,,,,,,,,,
28/12/2023 12:15:00,0,210,,,,,,,,,,,,,,,,,,
28/12/2023 12:00:00,0,210,,,,,,,,,,,,,,,,,,
28/12/2023 11:45:00,0,211,,,,,,,,,,,,,,,,,,
28/12/2023 11:30:00,0,211,,,,,,,,,,,,,,,,,,
28/12/2023 11:15:00,0,211,,,,,,,,,,,,,,,,,,
28/12/2023 11:00:00,0,211,,,,,,,,,,,,,,,,,,
28/12/2023 10:45:00,0,212,,,,,,,,,,,,,,,,,,
28/12/2023 10:30:00,0,212,,,,,,,,,,,,,,,,,,
28/12/2023 10:15:00,0,212,,,,,,,,,,,,,,,,,,
28/12/2023 10:00:00,0,212,,,,,,,,,,,,,,,,,,
28/12/2023 09:45:00,0,213,,,,,,,,,,,,,,,,,,
28/12/2023 09:30:00,0,213,,,,,,,,,,,,,,,,,,
28/12/2023 09:15:00,0,213,,,,,,,,,,,,,,,,,,
28/12/2023 09:00:00,0,213,,,,,,,,,,,,,,,,,,
28/12/2023 08:45:00,0,214,,,,,,,,,,,,,,,,,,
28/12/2023 08:30:00,0,214,,,,,,,,,,,,,,,,,,
28/12/2023 08:15:00,0,214,,,,,,,,,,,,,,,,,,
28/12/2023 08:00:00,0,215,,,,,,,,,,,,,,,,,,
28/12/2023 07:45:00,0,215,,,,,,,,,,,,,,,,,,
28/12/2023 07:30:00,0,216,,,,,,,,,,,,,,,,,,
28/12/2023 07:15:00,0,216,,,,,,,,,,,,,,,,,,
28/12/2023 07:00:00,0,216,,,,,,,,,,,,,,,,,,
28/12/2023 06:45:00,0,217,,,,,,,,,,,,,,,,,,
28/12/2023 06:30:00,0,217,,,,,,,,,,,,,,,,,,
28/12/2023 06:15:00,0,217,,,,,,,,,,,,,,,,,,
28/12/2023 06:00:00,0,218,,,,,,,,,,,,,,,,,,
28/12/2023 05:45:00,0,218,,,,,,,,,,,,,,,,,,
28/12/2023 05:30:00,0,218,,,,,,,,,,,,,,,,,,
28/12/2023 05:15:00,0,219,,,,,,,,,,,,,,,,,,
28/12/2023 05:00:00,0,219,,,,,,,,,,,,,,,,,,
28/12/2023 04:45:00,0,219,,,,,,,,,,,,,,,,,,
28/12/2023 04:30:00,0,220,,,,,,,,,,,,,,,,,,
28/12/2023 04:15:00,0,220,,,,,,,,,,,,,,,,,,
28/12/2023 04:00:00,0,221,,,,,,,,,,,,,,,,,,
28/12/2023 03:45:00,0,221,,,,,,,,,,,,,,,,,,
28/12/2023 03:30:00,0,221,,,,,,,,,,,,,,,,,,
28/12/2023 03:15:00,0,222,,,,,,,,,,,,,,,,,,
28/12/2023 03:00:00,0,222,,,,,,,,,,,,,,,,,,
28/12/2023 02:45:00,0,223,,,,,,,,,,,,,,,,,,
28/12/2023 02:30:00,0,223,,,,,,,,,,,,,,,,,,
28/12/2023 02:15:00,0,223,,,,,,,,,,,,,,,,,,
28/12/2023 02:00:00,0,223,,,,,,,,,,,,,,,,,,
28/12/2023 01:45:00,0,223,,,,,,,,,,,,,,,,,,
28/12/2023 01:30:00,0,223,,,,,,,,,,,,,,,,,,
28/12/2023 01:15:00,0,224,,,,,,,,,,,,,,,,,,
28/12/2023 01:00:00,0,225,,,,,,,,,,,,,,,,,,
28/12/2023 00:45:00,0,225,,,,,,,,,,,,,,,,,,
28/12/2023 00:30:00,0,225,,,,,,,,,,,,,,,,,,
28/12/2023 00:15:00,0,226,,,,,,,,,,,,,,,,,,
28/12/2023 00:00:00,0,226,,,,,,,,,,,,,,,,,,
27/12/2023 23:45:00,0,227,,,,,,,,,,,,,,,,,,
27/12/2023 23:30:00,0,227,,,,,,,,,,,,,,,,,,
27/12/2023 23:15:00,0,227,,,,,,,,,,,,,,,,,,
27/12/2023 23:00:00,0,228,,,,,,,,,,,,,,,,,,
27/12/2023 22:45:00,0,228,,,,,,,,,,,,,,,,,,
27/12/2023 22:30:00,0,228,,,,,,,,,,,,,,,,,,
27/12/2023 22:15:00,0,228,,,,,,,,,,,,,,,,,,
27/12/2023 22:00:00,0,229,,,,,,,,,,,,,,,,,,
27/12/2023 21:45:00,0,229,,,,,,,,,,,,,,,,,,
27/12/2023 21:30:00,0,230,,,,,,,,,,,,,,,,,,
27/12/2023 21:15:00,0,230,,,,,,,,,,,,,,,,,,
27/12/2023 21:00:00,0,231,,,,,,,,,,,,,,,,,,
27/12/2023 20:45:00,0,231,,,,,,,,,,,,,,,,,,
27/12/2023 20:30:00,0,231,,,,,,,,,,,,,,,,,,
27/12/2023 20:15:00,0,231,,,,,,,,,,,,,,,,,,
27/12/2023 20:00:00,0,231,,,,,,,,,,,,,,,,,,
27/12/2023 19:45:00,0,231,,,,,,,,,,,,,,,,,,
27/12/2023 19:30:00,0,232,,,,,,,,,,,,,,,,,,
27/12/2023 19:15:00,0,232,,,,,,,,,,,,,,,,,,
27/12/2023 19:00:00,0,233,,,,,,,,,,,,,,,,,,
27/12/2023 18:45:00,0,233,,,,,,,,,,,,,,,,,,
27/12/2023 18:30:00,0,233,,,,,,,,,,,,,,,,,,
27/12/2023 18:15:00,0,233,,,,,,,,,,,,,,,,,,
27/12/2023 18:00:00,0,234,,,,,,,,,,,,,,,,,,
27/12/2023 17:45:00,0,234,,,,,,,,,,,,,,,,,,
27/12/2023 17:30:00,0,234,,,,,,,,,,,,,,,,,,
27/12/2023 17:15:00,0,235,,,,,,,,,,,,,,,,,,
27/12/2023 17:00:00,0,234,,,,,,,,,,,,,,,,,,
27/12/2023 16:45:00,0,235,,,,,,,,,,,,,,,,,,
27/12/2023 16:30:00,0,236,,,,,,,,,,,,,,,,,,
27/12/2023 16:15:00,0,236,,,,,,,,,,,,,,,,,,
27/12/2023 16:00:00,0,236,,,,,,,,,,,,,,,,,,
27/12/2023 15:45:00,0,236,,,,,,,,,,,,,,,,,,
27/12/2023 15:30:00,0,237,,,,,,,,,,,,,,,,,,
27/12/2023 15:15:00,0,237,,,,,,,,,,,,,,,,,,
27/12/2023 15:00:00,0,237,,,,,,,,,,,,,,,,,,
27/12/2023 14:45:00,0,238,,,,,,,,,,,,,,,,,,
27/12/2023 14:30:00,0,238,,,,,,,,,,,,,,,,,,
27/12/2023 14:15:00,0,238,,,,,,,,,,,,,,,,,,
27/12/2023 14:00:00,0,238,,,,,,,,,,,,,,,,,,
27/12/2023 13:45:00,0,239,,,,,,,,,,,,,,,,,,
27/12/2023 13:30:00,0,239,,,,,,,,,,,,,,,,,,
27/12/2023 13:15:00,0,240,,,,,,,,,,,,,,,,,,
27/12/2023 13:00:00,0,240,,,,,,,,,,,,,,,,,,
27/12/2023 12:45:00,0,241,,,,,,,,,,,,,,,,,,
27/12/2023 12:30:00,0,241,,,,,,,,,,,,,,,,,,
27/12/2023 12:15:00,0,241,,,,,,,,,,,,,,,,,,
27/12/2023 12:00:00,0,242,,,,,,,,,,,,,,,,,,
27/12/2023 11:45:00,0,243,,,,,,,,,,,,,,,,,,
27/12/2023 11:30:00,0,243,,,,,,,,,,,,,,,,,,
27/12/2023 11:15:00,0,244,,,,,,,,,,,,,,,,,,
27/12/2023 11:00:00,0,244,,,,,,,,,,,,,,,,,,
27/12/2023 10:45:00,0,244,,,,,,,,,,,,,,,,,,
27/12/2023 10:30:00,0,245,,,,,,,,,,,,,,,,,,
27/12/2023 10:15:00,0,246,,,,,,,,,,,,,,,,,,
27/12/2023 10:00:00,0,246,,,,,,,,,,,,,,,,,,
27/12/2023 09:45:00,0,246,,,,,,,,,,,,,,,,,,
27/12/2023 09:30:00,0,247,,,,,,,,,,,,,,,,,,
27/12/2023 09:15:00,0,248,,,,,,,,,,,,,,,,,,
27/12/2023 09:00:00,0,249,,,,,,,,,,,,,,,,,,
27/12/2023 08:45:00,0,248,,,,,,,,,,,,,,,,,,
27/12/2023 08:30:00,0,250,,,,,,,,,,,,,,,,,,
27/12/2023 08:15:00,0,250,,,,,,,,,,,,,,,,,,
27/12/2023 08:00:00,0,251,,,,,,,,,,,,,,,,,,
27/12/2023 07:45:00,0,252,,,,,,,,,,,,,,,,,,
27/12/2023 07:30:00,0,252,,,,,,,,,,,,,,,,,,
27/12/2023 07:15:00,0,252,,,,,,,,,,,,,,,,,,
27/12/2023 07:00:00,0,254,,,,,,,,,,,,,,,,,,
27/12/2023 06:45:00,0,254,,,,,,,,,,,,,,,,,,
27/12/2023 06:30:00,0,255,,,,,,,,,,,,,,,,,,
27/12/2023 06:15:00,0,256,,,,,,,,,,,,,,,,,,
27/12/2023 06:00:00,0,257,,,,,,,,,,,,,,,,,,
27/12/2023 05:45:00,0,257,,,,,,,,,,,,,,,,,,
27/12/2023 05:30:00,0,258,,,,,,,,,,,,,,,,,,
27/12/2023 05:15:00,0,258,,,,,,,,,,,,,,,,,,
27/12/2023 05:00:00,0,260,,,,,,,,,,,,,,,,,,
27/12/2023 04:45:00,0,260,,,,,,,,,,,,,,,,,,
27/12/2023 04:30:00,0,261,,,,,,,,,,,,,,,,,,
27/12/2023 04:15:00,0,262,,,,,,,,,,,,,,,,,,
27/12/2023 04:00:00,0,263,,,,,,,,,,,,,,,,,,
27/12/2023 03:45:00,0,263,,,,,,,,,,,,,,,,,,
27/12/2023 03:30:00,0,264,,,,,,,,,,,,,,,,,,
27/12/2023 03:15:00,0,265,,,,,,,,,,,,,,,,,,
27/12/2023 03:00:00,0,266,,,,,,,,,,,,,,,,,,
27/12/2023 02:45:00,0,267,,,,,,,,,,,,,,,,,,
27/12/2023 02:30:00,0,268,,,,,,,,,,,,,,,,,,
27/12/2023 02:15:00,0,269,,,,,,,,,,,,,,,,,,
27/12/2023 02:00:00,0,270,,,,,,,,,,,,,,,,,,
27/12/2023 01:45:00,0,270,,,,,,,,,,,,,,,,,,
27/12/2023 01:30:00,0,271,,,,,,,,,,,,,,,,,,
27/12/2023 01:15:00,0,272,,,,,,,,,,,,,,,,,,
27/12/2023 01:00:00,0,273,,,,,,,,,,,,,,,,,,
27/12/2023 00:45:00,0,275,,,,,,,,,,,,,,,,,,
27/12/2023 00:30:00,0,275,,,,,,,,,,,,,,,,,,
27/12/2023 00:15:00,0,276,,,,,,,,,,,,,,,,,,
27/12/2023 00:00:00,0,278,,,,,,,,,,,,,,,,,,
26/12/2023 23:45:00,0,279,,,,,,,,,,,,,,,,,,
26/12/2023 23:30:00,0,280,,,,,,,,,,,,,,,,,,
26/12/2023 23:15:00,0,281,,,,,,,,,,,,,,,,,,
26/12/2023 23:00:00,0,282,,,,,,,,,,,,,,,,,,
26/12/2023 22:45:00,0,284,,,,,,,,,,,,,,,,,,
26/12/2023 22:30:00,0,284,,,,,,,,,,,,,,,,,,
26/12/2023 22:15:00,0,286,,,,,,,,,,,,,,,,,,
26/12/2023 22:00:00,0,287,,,,,,,,,,,,,,,,,,
26/12/2023 21:45:00,0,289,,,,,,,,,,,,,,,,,,
26/12/2023 21:30:00,0,290,,,,,,,,,,,,,,,,,,
26/12/2023 21:15:00,0,291,,,,,,,,,,,,,,,,,,
26/12/2023 21:00:00,0,292,,,,,,,,,,,,,,,,,,
26/12/2023 20:45:00,0,294,,,,,,,,,,,,,,,,,,
26/12/2023 20:30:00,0,296,,,,,,,,,,,,,,,,,,
26/12/2023 20:15:00,0,298,,,,,,,,,,,,,,,,,,
26/12/2023 20:00:00,0,298,,,,,,,,,,,,,,,,,,
26/12/2023 19:45:00,0,299,,,,,,,,,,,,,,,,,,
26/12/2023 19:30:00,0,302,,,,,,,,,,,,,,,,,,
26/12/2023 19:15:00,0,304,,,,,,,,,,,,,,,,,,
26/12/2023 19:00:00,0,305,,,,,,,,,,,,,,,,,,
26/12/2023 18:45:00,0,307,,,,,,,,,,,,,,,,,,
26/12/2023 18:30:00,0,308,,,,,,,,,,,,,,,,,,
26/12/2023 18:15:00,0,311,,,,,,,,,,,,,,,,,,
26/12/2023 18:00:00,0,312,,,,,,,,,,,,,,,,,,
26/12/2023 17:45:00,0,314,,,,,,,,,,,,,,,,,,
26/12/2023 17:30:00,0,315,,,,,,,,,,,,,,,,,,
26/12/2023 17:15:00,0,317,,,,,,,,,,,,,,,,,,
26/12/2023 17:00:00,0,319,,,,,,,,,,,,,,,,,,
26/12/2023 16:45:00,0,321,,,,,,,,,,,,,,,,,,
26/12/2023 16:30:00,0,323,,,,,,,,,,,,,,,,,,
26/12/2023 16:15:00,0,325,,,,,,,,,,,,,,,,,,
26/12/2023 16:00:00,0,326,,,,,,,,,,,,,,,,,,
26/12/2023 15:45:00,0,329,,,,,,,,,,,,,,,,,,
26/12/2023 15:30:00,0,330,,,,,,,,,,,,,,,,,,
26/12/2023 15:15:00,0,332,,,,,,,,,,,,,,,,,,
26/12/2023 15:00:00,0,333,,,,,,,,,,,,,,,,,,
26/12/2023 14:45:00,0,335,,,,,,,,,,,,,,,,,,
26/12/2023 14:30:00,0,337,,,,,,,,,,,,,,,,,,
26/12/2023 14:15:00,0,338,,,,,,,,,,,,,,,,,,
26/12/2023 14:00:00,0,340,,,,,,,,,,,,,,,,,,
26/12/2023 13:45:00,0,340,,,,,,,,,,,,,,,,,,
26/12/2023 13:30:00,0,342,,,,,,,,,,,,,,,,,,
26/12/2023 13:15:00,0,344,,,,,,,,,,,,,,,,,,
26/12/2023 13:00:00,0,344,,,,,,,,,,,,,,,,,,
26/12/2023 12:45:00,0,346,,,,,,,,,,,,,,,,,,
26/12/2023 12:30:00,0,347,,,,,,,,,,,,,,,,,,
26/12/2023 12:15:00,0,348,,,,,,,,,,,,,,,,,,
26/12/2023 12:00:00,0,349,,,,,,,,,,,,,,,,,,
26/12/2023 11:45:00,0,349,,,,,,,,,,,,,,,,,,
26/12/2023 11:30:00,0,350,,,,,,,,,,,,,,,,,,
26/12/2023 11:15:00,0,349,,,,,,,,,,,,,,,,,,
26/12/2023 11:00:00,0,349,,,,,,,,,,,,,,,,,,
26/12/2023 10:45:00,0,350,,,,,,,,,,,,,,,,,,
26/12/2023 10:30:00,0,350,,,,,,,,,,,,,,,,,,
26/12/2023 10:15:00,0,350,,,,,,,,,,,,,,,,,,
26/12/2023 10:00:00,0,349,,,,,,,,,,,,,,,,,,
26/12/2023 09:45:00,0,349,,,,,,,,,,,,,,,,,,
26/12/2023 09:30:00,0,348,,,,,,,,,,,,,,,,,,
26/12/2023 09:15:00,0,348,,,,,,,,,,,,,,,,,,
26/12/2023 09:00:00,0,346,,,,,,,,,,,,,,,,,,
26/12/2023 08:45:00,0,346,,,,,,,,,,,,,,,,,,
26/12/2023 08:30:00,0,345,,,,,,,,,,,,,,,,,,
26/12/2023 08:15:00,0,345,,,,,,,,,,,,,,,,,,
26/12/2023 08:00:00,0,344,,,,,,,,,,,,,,,,,,
26/12/2023 07:45:00,0,343,,,,,,,,,,,,,,,,,,
26/12/2023 07:30:00,0,342,,,,,,,,,,,,,,,,,,
26/12/2023 07:15:00,0,342,,,,,,,,,,,,,,,,,,
26/12/2023 07:00:00,0,341,,,,,,,,,,,,,,,,,,
26/12/2023 06:45:00,0,340,,,,,,,,,,,,,,,,,,
26/12/2023 06:30:00,0,340,,,,,,,,,,,,,,,,,,
26/12/2023 06:15:00,0,340,,,,,,,,,,,,,,,,,,
26/12/2023 06:00:00,0,339,,,,,,,,,,,,,,,,,,
26/12/2023 05:45:00,0,338,,,,,,,,,,,,,,,,,,
26/12/2023 05:30:00,0,338,,,,,,,,,,,,,,,,,,
26/12/2023 05:15:00,0,338,,,,,,,,,,,,,,,,,,
26/12/2023 05:00:00,0,337,,,,,,,,,,,,,,,,,,
26/12/2023 04:45:00,0,336,,,,,,,,,,,,,,,,,,
26/12/2023 04:30:00,0,336,,,,,,,,,,,,,,,,,,
26/12/2023 04:15:00,0,335,,,,,,,,,,,,,,,,,,
26/12/2023 04:00:00,0,334,,,,,,,,,,,,,,,,,,
26/12/2023 03:45:00,0,333,,,,,,,,,,,,,,,,,,
26/12/2023 03:30:00,0,332,,,,,,,,,,,,,,,,,,
26/12/2023 03:15:00,0,330,,,,,,,,,,,,,,,,,,
26/12/2023 03:00:00,0,328,,,,,,,,,,,,,,,,,,
26/12/2023 02:45:00,0,326,,,,,,,,,,,,,,,,,,
26/12/2023 02:30:00,0,324,,,,,,,,,,,,,,,,,,
26/12/2023 02:15:00,0,322,,,,,,,,,,,,,,,,,,
26/12/2023 02:00:00,0.2,319,,,,,,,,,,,,,,,,,,
26/12/2023 01:45:00,0,316,,,,,,,,,,,,,,,,,,
26/12/2023 01:30:00,0,313,,,,,,,,,,,,,,,,,,
26/12/2023 01:15:00,0,311,,,,,,,,,,,,,,,,,,
26/12/2023 01:00:00,0,307,,,,,,,,,,,,,,,,,,
26/12/2023 00:45:00,0,302,,,,,,,,,,,,,,,,,,
26/12/2023 00:30:00,0,298,,,,,,,,,,,,,,,,,,
26/12/2023 00:15:00,0,294,,,,,,,,,,,,,,,,,,
26/12/2023 00:00:00,0,290,,,,,,,,,,,,,,,,,,
25/12/2023 23:45:00,0,285,,,,,,,,,,,,,,,,,,
25/12/2023 23:30:00,0,280,,,,,,,,,,,,,,,,,,
25/12/2023 23:15:00,0,275,,,,,,,,,,,,,,,,,,
25/12/2023 23:00:00,0,269,,,,,,,,,,,,,,,,,,
25/12/2023 22:45:00,0,265,,,,,,,,,,,,,,,,,,
25/12/2023 22:30:00,0,260,,,,,,,,,,,,,,,,,,
25/12/2023 22:15:00,0,255,,,,,,,,,,,,,,,,,,
25/12/2023 22:00:00,0,251,,,,,,,,,,,,,,,,,,
25/12/2023 21:45:00,0,247,,,,,,,,,,,,,,,,,,
25/12/2023 21:30:00,0,244,,,,,,,,,,,,,,,,,,
25/12/2023 21:15:00,0,242,,,,,,,,,,,,,,,,,,
25/12/2023 21:00:00,0.8,240,,,,,,,,,,,,,,,,,,
25/12/2023 20:45:00,0,238,,,,,,,,,,,,,,,,,,
25/12/2023 20:30:00,0,236,,,,,,,,,,,,,,,,,,
25/12/2023 20:15:00,0,235,,,,,,,,,,,,,,,,,,
25/12/2023 20:00:00,0,234,,,,,,,,,,,,,,,,,,
25/12/2023 19:45:00,0,233,,,,,,,,,,,,,,,,,,
25/12/2023 19:30:00,0,232,,,,,,,,,,,,,,,,,,
25/12/2023 19:15:00,0,231,,,,,,,,,,,,,,,,,,
25/12/2023 19:00:00,0,230,,,,,,,,,,,,,,,,,,
25/12/2023 18:45:00,0.2,229,,,,,,,,,,,,,,,,,,
25/12/2023 18:30:00,0.2,228,,,,,,,,,,,,,,,,,,
25/12/2023 18:15:00,0,227,,,,,,,,,,,,,,,,,,
25/12/2023 18:00:00,0,227,,,,,,,,,,,,,,,,,,
25/12/2023 17:45:00,0,226,,,,,,,,,,,,,,,,,,
25/12/2023 17:30:00,0,226,,,,,,,,,,,,,,,,,,
25/12/2023 17:15:00,0.4,226,,,,,,,,,,,,,,,,,,
25/12/2023 17:00:00,6,225,,,,,,,,,,,,,,,,,,
25/12/2023 16:45:00,0.6,225,,,,,,,,,,,,,,,,,,
25/12/2023 16:30:00,0,224,,,,,,,,,,,,,,,,,,
25/12/2023 16:15:00,0,224,,,,,,,,,,,,,,,,,,
25/12/2023 16:00:00,0.6,224,,,,,,,,,,,,,,,,,,
25/12/2023 15:45:00,4.8,224,,,,,,,,,,,,,,,,,,
25/12/2023 15:30:00,3.8,224,,,,,,,,,,,,,,,,,,
25/12/2023 15:15:00,0.2,223,,,,,,,,,,,,,,,,,,
25/12/2023 15:00:00,0,224,,,,,,,,,,,,,,,,,,
25/12/2023 14:45:00,0.6,224,,,,,,,,,,,,,,,,,,
25/12/2023 14:30:00,0,224,,,,,,,,,,,,,,,,,,
25/12/2023 14:15:00,0,224,,,,,,,,,,,,,,,,,,
25/12/2023 14:00:00,0,224,,,,,,,,,,,,,,,,,,
25/12/2023 13:45:00,0,225,,,,,,,,,,,,,,,,,,
25/12/2023 13:30:00,0,225,,,,,,,,,,,,,,,,,,
25/12/2023 13:15:00,0,225,,,,,,,,,,,,,,,,,,
25/12/2023 13:00:00,0,225,,,,,,,,,,,,,,,,,,
25/12/2023 12:45:00,0,226,,,,,,,,,,,,,,,,,,
25/12/2023 12:30:00,0,226,,,,,,,,,,,,,,,,,,
25/12/2023 12:15:00,0,226,,,,,,,,,,,,,,,,,,
25/12/2023 12:00:00,0,226,,,,,,,,,,,,,,,,,,
25/12/2023 11:45:00,0,227,,,,,,,,,,,,,,,,,,
25/12/2023 11:30:00,0,228,,,,,,,,,,,,,,,,,,
25/12/2023 11:15:00,0,228,,,,,,,,,,,,,,,,,,
25/12/2023 11:00:00,0,228,,,,,,,,,,,,,,,,,,
25/12/2023 10:45:00,0,228,,,,,,,,,,,,,,,,,,
25/12/2023 10:30:00,0,228,,,,,,,,,,,,,,,,,,
25/12/2023 10:15:00,0,229,,,,,,,,,,,,,,,,,,
25/12/2023 10:00:00,0,229,,,,,,,,,,,,,,,,,,
25/12/2023 09:45:00,0,229,,,,,,,,,,,,,,,,,,
25/12/2023 09:30:00,0,229,,,,,,,,,,,,,,,,,,
25/12/2023 09:15:00,0,230,,,,,,,,,,,,,,,,,,
25/12/2023 09:00:00,0,230,,,,,,,,,,,,,,,,,,
25/12/2023 08:45:00,0,230,,,,,,,,,,,,,,,,,,
25/12/2023 08:30:00,0,231,,,,,,,,,,,,,,,,,,
25/12/2023 08:15:00,0,231,,,,,,,,,,,,,,,,,,
25/12/2023 08:00:00,0,231,,,,,,,,,,,,,,,,,,
25/12/2023 07:45:00,0,232,,,,,,,,,,,,,,,,,,
25/12/2023 07:30:00,0,232,,,,,,,,,,,,,,,,,,
25/12/2023 07:15:00,0,233,,,,,,,,,,,,,,,,,,
25/12/2023 07:00:00,0,233,,,,,,,,,,,,,,,,,,
25/12/2023 06:45:00,0,233,,,,,,,,,,,,,,,,,,
25/12/2023 06:30:00,0,234,,,,,,,,,,,,,,,,,,
25/12/2023 06:15:00,0,234,,,,,,,,,,,,,,,,,,
25/12/2023 06:00:00,0,235,,,,,,,,,,,,,,,,,,
25/12/2023 05:45:00,0,235,,,,,,,,,,,,,,,,,,
25/12/2023 05:30:00,0,235,,,,,,,,,,,,,,,,,,
25/12/2023 05:15:00,0,236,,,,,,,,,,,,,,,,,,
25/12/2023 05:00:00,0,236,,,,,,,,,,,,,,,,,,
25/12/2023 04:45:00,0,237,,,,,,,,,,,,,,,,,,
25/12/2023 04:30:00,0,237,,,,,,,,,,,,,,,,,,
25/12/2023 04:15:00,0,237,,,,,,,,,,,,,,,,,,
25/12/2023 04:00:00,0,238,,,,,,,,,,,,,,,,,,
25/12/2023 03:45:00,0,238,,,,,,,,,,,,,,,,,,
25/12/2023 03:30:00,0,239,,,,,,,,,,,,,,,,,,
25/12/2023 03:15:00,0,239,,,,,,,,,,,,,,,,,,
25/12/2023 03:00:00,0,240,,,,,,,,,,,,,,,,,,
25/12/2023 02:45:00,0,240,,,,,,,,,,,,,,,,,,
25/12/2023 02:30:00,0,240,,,,,,,,,,,,,,,,,,
25/12/2023 02:15:00,0,241,,,,,,,,,,,,,,,,,,
25/12/2023 02:00:00,0,241,,,,,,,,,,,,,,,,,,
25/12/2023 01:45:00,0,242,,,,,,,,,,,,,,,,,,
25/12/2023 01:30:00,0,242,,,,,,,,,,,,,,,,,,
25/12/2023 01:15:00,0,243,,,,,,,,,,,,,,,,,,
25/12/2023 01:00:00,0,243,,,,,,,,,,,,,,,,,,
25/12/2023 00:45:00,0,244,,,,,,,,,,,,,,,,,,
25/12/2023 00:30:00,0,244,,,,,,,,,,,,,,,,,,
25/12/2023 00:15:00,0,245,,,,,,,,,,,,,,,,,,
25/12/2023 00:00:00,0,245,,,,,,,,,,,,,,,,,,
24/12/2023 23:45:00,0,245,,,,,,,,,,,,,,,,,,
24/12/2023 23:30:00,0,246,,,,,,,,,,,,,,,,,,
24/12/2023 23:15:00,0,246,,,,,,,,,,,,,,,,,,
24/12/2023 23:00:00,0,246,,,,,,,,,,,,,,,,,,
24/12/2023 22:45:00,0,247,,,,,,,,,,,,,,,,,,
24/12/2023 22:30:00,0,248,,,,,,,,,,,,,,,,,,
24/12/2023 22:15:00,0,248,,,,,,,,,,,,,,,,,,
24/12/2023 22:00:00,0,248,,,,,,,,,,,,,,,,,,
24/12/2023 21:45:00,0,249,,,,,,,,,,,,,,,,,,
24/12/2023 20:30:00,0,251,,,,,,,,,,,,,,,,,,
24/12/2023 20:15:00,0,251,,,,,,,,,,,,,,,,,,
24/12/2023 20:00:00,0,252,,,,,,,,,,,,,,,,,,
24/12/2023 19:45:00,0,252,,,,,,,,,,,,,,,,,,
24/12/2023 19:30:00,0,252,,,,,,,,,,,,,,,,,,
24/12/2023 19:15:00,0,253,,,,,,,,,,,,,,,,,,
24/12/2023 19:00:00,0,253,,,,,,,,,,,,,,,,,,
24/12/2023 18:45:00,0,254,,,,,,,,,,,,,,,,,,
24/12/2023 18:30:00,0,254,,,,,,,,,,,,,,,,,,
24/12/2023 18:15:00,0,254,,,,,,,,,,,,,,,,,,
24/12/2023 18:00:00,0,255,,,,,,,,,,,,,,,,,,
24/12/2023 17:45:00,0,255,,,,,,,,,,,,,,,,,,
24/12/2023 17:30:00,0,255,,,,,,,,,,,,,,,,,,
24/12/2023 17:15:00,0,256,,,,,,,,,,,,,,,,,,
24/12/2023 17:00:00,0,256,,,,,,,,,,,,,,,,,,
24/12/2023 16:45:00,0,256,,,,,,,,,,,,,,,,,,
24/12/2023 16:30:00,0,257,,,,,,,,,,,,,,,,,,
24/12/2023 16:15:00,0,257,,,,,,,,,,,,,,,,,,
24/12/2023 16:00:00,0,258,,,,,,,,,,,,,,,,,,
24/12/2023 15:45:00,0,258,,,,,,,,,,,,,,,,,,
24/12/2023 15:30:00,0,259,,,,,,,,,,,,,,,,,,
24/12/2023 15:15:00,0,259,,,,,,,,,,,,,,,,,,
24/12/2023 15:00:00,0,260,,,,,,,,,,,,,,,,,,
24/12/2023 14:45:00,0,260,,,,,,,,,,,,,,,,,,
24/12/2023 14:30:00,0,261,,,,,,,,,,,,,,,,,,
24/12/2023 14:15:00,0,261,,,,,,,,,,,,,,,,,,
24/12/2023 14:00:00,0,262,,,,,,,,,,,,,,,,,,
24/12/2023 13:45:00,0,262,,,,,,,,,,,,,,,,,,
24/12/2023 13:30:00,0,262,,,,,,,,,,,,,,,,,,
24/12/2023 13:15:00,0,263,,,,,,,,,,,,,,,,,,
24/12/2023 13:00:00,0,263,,,,,,,,,,,,,,,,,,
24/12/2023 12:45:00,0,264,,,,,,,,,,,,,,,,,,
24/12/2023 12:30:00,0,265,,,,,,,,,,,,,,,,,,
24/12/2023 12:15:00,0,265,,,,,,,,,,,,,,,,,,
24/12/2023 12:00:00,0,266,,,,,,,,,,,,,,,,,,
24/12/2023 11:45:00,0,267,,,,,,,,,,,,,,,,,,
24/12/2023 11:30:00,0,267,,,,,,,,,,,,,,,,,,
24/12/2023 11:15:00,0,268,,,,,,,,,,,,,,,,,,
24/12/2023 11:00:00,0,268,,,,,,,,,,,,,,,,,,
24/12/2023 10:45:00,0,269,,,,,,,,,,,,,,,,,,
24/12/2023 10:30:00,0,269,,,,,,,,,,,,,,,,,,
24/12/2023 10:15:00,0,270,,,,,,,,,,,,,,,,,,
24/12/2023 10:00:00,0,271,,,,,,,,,,,,,,,,,,
24/12/2023 09:45:00,0,272,,,,,,,,,,,,,,,,,,
24/12/2023 09:30:00,0,273,,,,,,,,,,,,,,,,,,
24/12/2023 09:15:00,0,274,,,,,,,,,,,,,,,,,,
24/12/2023 09:00:00,0,274,,,,,,,,,,,,,,,,,,
24/12/2023 08:45:00,0,275,,,,,,,,,,,,,,,,,,
24/12/2023 08:30:00,0,276,,,,,,,,,,,,,,,,,,
24/12/2023 08:15:00,0,277,,,,,,,,,,,,,,,,,,
24/12/2023 08:00:00,0,277,,,,,,,,,,,,,,,,,,
24/12/2023 07:45:00,0,279,,,,,,,,,,,,,,,,,,
24/12/2023 07:30:00,0,279,,,,,,,,,,,,,,,,,,
24/12/2023 07:15:00,0,280,,,,,,,,,,,,,,,,,,
24/12/2023 07:00:00,0,281,,,,,,,,,,,,,,,,,,
24/12/2023 06:45:00,0,283,,,,,,,,,,,,,,,,,,
24/12/2023 06:30:00,0,284,,,,,,,,,,,,,,,,,,
24/12/2023 06:15:00,0,285,,,,,,,,,,,,,,,,,,
24/12/2023 06:00:00,0,286,,,,,,,,,,,,,,,,,,
24/12/2023 05:45:00,0,287,,,,,,,,,,,,,,,,,,
24/12/2023 05:30:00,0,288,,,,,,,,,,,,,,,,,,
24/12/2023 05:15:00,0,289,,,,,,,,,,,,,,,,,,
24/12/2023 05:00:00,0,291,,,,,,,,,,,,,,,,,,
24/12/2023 04:45:00,0,292,,,,,,,,,,,,,,,,,,
24/12/2023 04:30:00,0,293,,,,,,,,,,,,,,,,,,
24/12/2023 04:15:00,0,294,,,,,,,,,,,,,,,,,,
24/12/2023 04:00:00,0,296,,,,,,,,,,,,,,,,,,
24/12/2023 03:45:00,0,297,,,,,,,,,,,,,,,,,,
24/12/2023 03:30:00,0,298,,,,,,,,,,,,,,,,,,
24/12/2023 03:15:00,0,299,,,,,,,,,,,,,,,,,,
24/12/2023 03:00:00,0,301,,,,,,,,,,,,,,,,,,
24/12/2023 02:45:00,0,302,,,,,,,,,,,,,,,,,,
24/12/2023 02:30:00,0,304,,,,,,,,,,,,,,,,,,
24/12/2023 02:15:00,0,306,,,,,,,,,,,,,,,,,,
24/12/2023 02:00:00,0,307,,,,,,,,,,,,,,,,,,
24/12/2023 01:45:00,0,309,,,,,,,,,,,,,,,,,,
24/12/2023 01:30:00,0,310,,,,,,,,,,,,,,,,,,
24/12/2023 01:15:00,0,312,,,,,,,,,,,,,,,,,,
24/12/2023 01:00:00,0,313,,,,,,,,,,,,,,,,,,
24/12/2023 00:45:00,0,316,,,,,,,,,,,,,,,,,,
24/12/2023 00:30:00,0,317,,,,,,,,,,,,,,,,,,
24/12/2023 00:15:00,0,319,,,,,,,,,,,,,,,,,,
24/12/2023 00:00:00,0,320,,,,,,,,,,,,,,,,,,
23/12/2023 23:45:00,0,322,,,,,,,,,,,,,,,,,,
23/12/2023 23:30:00,0,324,,,,,,,,,,,,,,,,,,
23/12/2023 23:15:00,0,325,,,,,,,,,,,,,,,,,,
23/12/2023 23:00:00,0,328,,,,,,,,,,,,,,,,,,
23/12/2023 22:45:00,0,329,,,,,,,,,,,,,,,,,,
23/12/2023 22:30:00,0,331,,,,,,,,,,,,,,,,,,
23/12/2023 22:15:00,0,332,,,,,,,,,,,,,,,,,,
23/12/2023 22:00:00,0,335,,,,,,,,,,,,,,,,,,
23/12/2023 21:45:00,0,337,,,,,,,,,,,,,,,,,,
23/12/2023 21:30:00,0,338,,,,,,,,,,,,,,,,,,
23/12/2023 21:15:00,0,340,,,,,,,,,,,,,,,,,,
23/12/2023 21:00:00,0,342,,,,,,,,,,,,,,,,,,
23/12/2023 20:45:00,0,344,,,,,,,,,,,,,,,,,,
23/12/2023 20:30:00,0,346,,,,,,,,,,,,,,,,,,
23/12/2023 20:15:00,0,347,,,,,,,,,,,,,,,,,,
23/12/2023 20:00:00,0,349,,,,,,,,,,,,,,,,,,
23/12/2023 19:45:00,0,350,,,,,,,,,,,,,,,,,,
23/12/2023 19:30:00,0,352,,,,,,,,,,,,,,,,,,
23/12/2023 19:15:00,0,354,,,,,,,,,,,,,,,,,,
23/12/2023 19:00:00,0,355,,,,,,,,,,,,,,,,,,
23/12/2023 18:45:00,0,357,,,,,,,,,,,,,,,,,,
23/12/2023 18:30:00,0,357,,,,,,,,,,,,,,,,,,
23/12/2023 18:15:00,0,359,,,,,,,,,,,,,,,,,,
23/12/2023 18:00:00,0,360,,,,,,,,,,,,,,,,,,
23/12/2023 17:45:00,0,361,,,,,,,,,,,,,,,,,,
23/12/2023 17:30:00,0,362,,,,,,,,,,,,,,,,,,
23/12/2023 17:15:00,0,361,,,,,,,,,,,,,,,,,,
23/12/2023 17:00:00,0,363,,,,,,,,,,,,,,,,,,
23/12/2023 16:45:00,0,363,,,,,,,,,,,,,,,,,,
23/12/2023 16:30:00,0,364,,,,,,,,,,,,,,,,,,
23/12/2023 16:15:00,0,363,,,,,,,,,,,,,,,,,,
23/12/2023 16:00:00,0,362,,,,,,,,,,,,,,,,,,
23/12/2023 15:45:00,0,363,,,,,,,,,,,,,,,,,,
23/12/2023 15:30:00,0,361,,,,,,,,,,,,,,,,,,
23/12/2023 15:15:00,0,360,,,,,,,,,,,,,,,,,,
23/12/2023 15:00:00,0,358,,,,,,,,,,,,,,,,,,
23/12/2023 14:45:00,0,357,,,,,,,,,,,,,,,,,,
23/12/2023 14:30:00,0,355,,,,,,,,,,,,,,,,,,
23/12/2023 14:15:00,0,354,,,,,,,,,,,,,,,,,,
23/12/2023 14:00:00,0,351,,,,,,,,,,,,,,,,,,
23/12/2023 13:45:00,0,348,,,,,,,,,,,,,,,,,,
23/12/2023 13:30:00,0,344,,,,,,,,,,,,,,,,,,
23/12/2023 13:15:00,0,341,,,,,,,,,,,,,,,,,,
23/12/2023 13:00:00,0,338,,,,,,,,,,,,,,,,,,
23/12/2023 12:45:00,0,334,,,,,,,,,,,,,,,,,,
23/12/2023 12:30:00,0,329,,,,,,,,,,,,,,,,,,
23/12/2023 12:15:00,0,324,,,,,,,,,,,,,,,,,,
23/12/2023 12:00:00,0,319,,,,,,,,,,,,,,,,,,
23/12/2023 11:45:00,0,313,,,,,,,,,,,,,,,,,,
23/12/2023 11:30:00,0,309,,,,,,,,,,,,,,,,,,
23/12/2023 11:15:00,0,304,,,,,,,,,,,,,,,,,,
23/12/2023 11:00:00,0,298,,,,,,,,,,,,,,,,,,
23/12/2023 10:45:00,0,293,,,,,,,,,,,,,,,,,,
23/12/2023 10:30:00,0,288,,,,,,,,,,,,,,,,,,
23/12/2023 10:15:00,0,284,,,,,,,,,,,,,,,,,,
23/12/2023 10:00:00,0,279,,,,,,,,,,,,,,,,,,
23/12/2023 09:45:00,0,275,,,,,,,,,,,,,,,,,,
23/12/2023 09:30:00,0,272,,,,,,,,,,,,,,,,,,
23/12/2023 09:15:00,0,269,,,,,,,,,,,,,,,,,,
23/12/2023 09:00:00,0,266,,,,,,,,,,,,,,,,,,
23/12/2023 08:45:00,0,264,,,,,,,,,,,,,,,,,,
23/12/2023 08:30:00,0,261,,,,,,,,,,,,,,,,,,
23/12/2023 08:15:00,0,258,,,,,,,,,,,,,,,,,,
23/12/2023 08:00:00,0,256,,,,,,,,,,,,,,,,,,
23/12/2023 07:45:00,0,253,,,,,,,,,,,,,,,,,,
23/12/2023 07:30:00,0,250,,,,,,,,,,,,,,,,,,
23/12/2023 07:15:00,0,248,,,,,,,,,,,,,,,,,,
23/12/2023 07:00:00,0,246,,,,,,,,,,,,,,,,,,
23/12/2023 06:45:00,0,244,,,,,,,,,,,,,,,,,,
23/12/2023 06:30:00,0,242,,,,,,,,,,,,,,,,,,
23/12/2023 06:15:00,0,241,,,,,,,,,,,,,,,,,,
23/12/2023 06:00:00,0,240,,,,,,,,,,,,,,,,,,
23/12/2023 05:45:00,0,239,,,,,,,,,,,,,,,,,,
23/12/2023 05:30:00,0,238,,,,,,,,,,,,,,,,,,
23/12/2023 05:15:00,0,238,,,,,,,,,,,,,,,,,,
23/12/2023 05:00:00,0,238,,,,,,,,,,,,,,,,,,
23/12/2023 04:45:00,0,239,,,,,,,,,,,,,,,,,,
23/12/2023 04:30:00,0,239,,,,,,,,,,,,,,,,,,
23/12/2023 04:15:00,0,239,,,,,,,,,,,,,,,,,,
23/12/2023 04:00:00,0,239,,,,,,,,,,,,,,,,,,
23/12/2023 03:45:00,0,239,,,,,,,,,,,,,,,,,,
23/12/2023 03:30:00,0,240,,,,,,,,,,,,,,,,,,
23/12/2023 03:15:00,0,240,,,,,,,,,,,,,,,,,,
23/12/2023 03:00:00,0,240,,,,,,,,,,,,,,,,,,
23/12/2023 02:45:00,0,240,,,,,,,,,,,,,,,,,,
23/12/2023 02:30:00,0,241,,,,,,,,,,,,,,,,,,
23/12/2023 02:15:00,0,241,,,,,,,,,,,,,,,,,,
23/12/2023 02:00:00,0,242,,,,,,,,,,,,,,,,,,
23/12/2023 01:45:00,0,242,,,,,,,,,,,,,,,,,,
23/12/2023 01:30:00,0,243,,,,,,,,,,,,,,,,,,
23/12/2023 01:15:00,0,242,,,,,,,,,,,,,,,,,,
23/12/2023 01:00:00,0,243,,,,,,,,,,,,,,,,,,
23/12/2023 00:45:00,0,243,,,,,,,,,,,,,,,,,,
23/12/2023 00:30:00,0,244,,,,,,,,,,,,,,,,,,
23/12/2023 00:15:00,0,244,,,,,,,,,,,,,,,,,,
23/12/2023 00:00:00,0,245,,,,,,,,,,,,,,,,,,
22/12/2023 23:45:00,0,245,,,,,,,,,,,,,,,,,,
22/12/2023 23:30:00,0,246,,,,,,,,,,,,,,,,,,
22/12/2023 23:15:00,0,246,,,,,,,,,,,,,,,,,,
22/12/2023 23:00:00,0,247,,,,,,,,,,,,,,,,,,
22/12/2023 22:45:00,0.2,247,,,,,,,,,,,,,,,,,,
22/12/2023 22:30:00,0.2,247,,,,,,,,,,,,,,,,,,
22/12/2023 22:15:00,0,248,,,,,,,,,,,,,,,,,,
22/12/2023 22:00:00,0,248,,,,,,,,,,,,,,,,,,
22/12/2023 21:45:00,0.2,248,,,,,,,,,,,,,,,,,,
22/12/2023 21:30:00,0.4,249,,,,,,,,,,,,,,,,,,
22/12/2023 21:15:00,0.8,249,,,,,,,,,,,,,,,,,,
22/12/2023 21:00:00,0.4,250,,,,,,,,,,,,,,,,,,
22/12/2023 20:45:00,0.4,250,,,,,,,,,,,,,,,,,,
22/12/2023 20:30:00,0,250,,,,,,,,,,,,,,,,,,
22/12/2023 20:15:00,0,251,,,,,,,,,,,,,,,,,,
22/12/2023 20:00:00,0,251,,,,,,,,,,,,,,,,,,
22/12/2023 19:45:00,0,251,,,,,,,,,,,,,,,,,,
22/12/2023 19:30:00,0,252,,,,,,,,,,,,,,,,,,
22/12/2023 19:15:00,0,252,,,,,,,,,,,,,,,,,,
22/12/2023 19:00:00,0,252,,,,,,,,,,,,,,,,,,
22/12/2023 18:45:00,0,252,,,,,,,,,,,,,,,,,,
22/12/2023 18:30:00,0,253,,,,,,,,,,,,,,,,,,
22/12/2023 18:15:00,0,253,,,,,,,,,,,,,,,,,,
22/12/2023 18:00:00,0,254,,,,,,,,,,,,,,,,,,
22/12/2023 17:45:00,0,254,,,,,,,,,,,,,,,,,,
22/12/2023 17:30:00,0,254,,,,,,,,,,,,,,,,,,
22/12/2023 17:15:00,0,255,,,,,,,,,,,,,,,,,,
22/12/2023 17:00:00,0,255,,,,,,,,,,,,,,,,,,
22/12/2023 16:45:00,0,255,,,,,,,,,,,,,,,,,,
22/12/2023 16:30:00,0,255,,,,,,,,,,,,,,,,,,
22/12/2023 16:15:00,0,256,,,,,,,,,,,,,,,,,,
22/12/2023 16:00:00,0,256,,,,,,,,,,,,,,,,,,
22/12/2023 15:45:00,0,257,,,,,,,,,,,,,,,,,,
22/12/2023 15:30:00,0,256,,,,,,,,,,,,,,,,,,
22/12/2023 15:15:00,0,258,,,,,,,,,,,,,,,,,,
22/12/2023 15:00:00,0,257,,,,,,,,,,,,,,,,,,
22/12/2023 14:45:00,0,258,,,,,,,,,,,,,,,,,,
22/12/2023 14:30:00,0,258,,,,,,,,,,,,,,,,,,
22/12/2023 14:15:00,0,259,,,,,,,,,,,,,,,,,,
22/12/2023 14:00:00,0,259,,,,,,,,,,,,,,,,,,
22/12/2023 13:45:00,0,259,,,,,,,,,,,,,,,,,,
22/12/2023 13:30:00,0,260,,,,,,,,,,,,,,,,,,
22/12/2023 13:15:00,0,260,,,,,,,,,,,,,,,,,,
22/12/2023 13:00:00,0,260,,,,,,,,,,,,,,,,,,
22/12/2023 12:45:00,0,261,,,,,,,,,,,,,,,,,,
22/12/2023 12:30:00,0,261,,,,,,,,,,,,,,,,,,
22/12/2023 12:15:00,0,262,,,,,,,,,,,,,,,,,,
22/12/2023 12:00:00,0,262,,,,,,,,,,,,,,,,,,
22/12/2023 11:45:00,0,263,,,,,,,,,,,,,,,,,,
22/12/2023 11:30:00,0,263,,,,,,,,,,,,,,,,,,
22/12/2023 11:15:00,0,263,,,,,,,,,,,,,,,,,,
22/12/2023 11:00:00,0,263,,,,,,,,,,,,,,,,,,
22/12/2023 10:45:00,0,264,,,,,,,,,,,,,,,,,,
22/12/2023 10:30:00,0,264,,,,,,,,,,,,,,,,,,
22/12/2023 10:15:00,0,264,,,,,,,,,,,,,,,,,,
22/12/2023 10:00:00,0,265,,,,,,,,,,,,,,,,,,
22/12/2023 09:45:00,0,265,,,,,,,,,,,,,,,,,,
22/12/2023 09:30:00,0,266,,,,,,,,,,,,,,,,,,
22/12/2023 09:15:00,0,266,,,,,,,,,,,,,,,,,,
22/12/2023 09:00:00,0,267,,,,,,,,,,,,,,,,,,
22/12/2023 08:45:00,0,267,,,,,,,,,,,,,,,,,,
22/12/2023 08:30:00,0,268,,,,,,,,,,,,,,,,,,
22/12/2023 08:15:00,0,269,,,,,,,,,,,,,,,,,,
22/12/2023 08:00:00,0,269,,,,,,,,,,,,,,,,,,
22/12/2023 07:45:00,0,270,,,,,,,,,,,,,,,,,,
22/12/2023 07:30:00,0,270,,,,,,,,,,,,,,,,,,
22/12/2023 07:15:00,0,271,,,,,,,,,,,,,,,,,,
22/12/2023 07:00:00,0,271,,,,,,,,,,,,,,,,,,
22/12/2023 06:45:00,0,272,,,,,,,,,,,,,,,,,,
22/12/2023 06:30:00,0,272,,,,,,,,,,,,,,,,,,
22/12/2023 06:15:00,0,273,,,,,,,,,,,,,,,,,,
22/12/2023 06:00:00,0,274,,,,,,,,,,,,,,,,,,
22/12/2023 05:45:00,0,274,,,,,,,,,,,,,,,,,,
22/12/2023 05:30:00,0,274,,,,,,,,,,,,,,,,,,
22/12/2023 05:15:00,0,275,,,,,,,,,,,,,,,,,,
22/12/2023 05:00:00,0,276,,,,,,,,,,,,,,,,,,
22/12/2023 04:45:00,0,276,,,,,,,,,,,,,,,,,,
22/12/2023 04:30:00,0,277,,,,,,,,,,,,,,,,,,
22/12/2023 04:15:00,0,278,,,,,,,,,,,,,,,,,,
22/12/2023 04:00:00,0,278,,,,,,,,,,,,,,,,,,
22/12/2023 03:45:00,0,279,,,,,,,,,,,,,,,,,,
22/12/2023 03:30:00,0,280,,,,,,,,,,,,,,,,,,
22/12/2023 03:15:00,0,281,,,,,,,,,,,,,,,,,,
22/12/2023 03:00:00,0,281,,,,,,,,,,,,,,,,,,
22/12/2023 02:45:00,0,282,,,,,,,,,,,,,,,,,,
22/12/2023 02:30:00,0,282,,,,,,,,,,,,,,,,,,
22/12/2023 02:15:00,0,283,,,,,,,,,,,,,,,,,,
22/12/2023 02:00:00,0,283,,,,,,,,,,,,,,,,,,
22/12/2023 01:45:00,0,284,,,,,,,,,,,,,,,,,,
22/12/2023 01:30:00,0,285,,,,,,,,,,,,,,,,,,
22/12/2023 01:15:00,0,286,,,,,,,,,,,,,,,,,,
22/12/2023 01:00:00,0,286,,,,,,,,,,,,,,,,,,
22/12/2023 00:45:00,0,287,,,,,,,,,,,,,,,,,,
22/12/2023 00:30:00,0,288,,,,,,,,,,,,,,,,,,
22/12/2023 00:15:00,0,289,,,,,,,,,,,,,,,,,,
22/12/2023 00:00:00,0,289,,,,,,,,,,,,,,,,,,
21/12/2023 23:45:00,0,289,,,,,,,,,,,,,,,,,,
21/12/2023 23:30:00,0,291,,,,,,,,,,,,,,,,,,
21/12/2023 23:15:00,0,291,,,,,,,,,,,,,,,,,,
21/12/2023 23:00:00,0,291,,,,,,,,,,,,,,,,,,
21/12/2023 22:45:00,0,293,,,,,,,,,,,,,,,,,,
21/12/2023 22:30:00,0,294,,,,,,,,,,,,,,,,,,
21/12/2023 22:15:00,0,294,,,,,,,,,,,,,,,,,,
21/12/2023 22:00:00,0,295,,,,,,,,,,,,,,,,,,
21/12/2023 21:45:00,0,296,,,,,,,,,,,,,,,,,,
21/12/2023 21:30:00,0,296,,,,,,,,,,,,,,,,,,
21/12/2023 21:15:00,0,297,,,,,,,,,,,,,,,,,,
21/12/2023 21:00:00,0,298,,,,,,,,,,,,,,,,,,
21/12/2023 20:45:00,0,299,,,,,,,,,,,,,,,,,,
21/12/2023 20:30:00,0,299,,,,,,,,,,,,,,,,,,
21/12/2023 20:15:00,0,300,,,,,,,,,,,,,,,,,,
21/12/2023 20:00:00,0,301,,,,,,,,,,,,,,,,,,
21/12/2023 19:45:00,0,302,,,,,,,,,,,,,,,,,,
21/12/2023 19:30:00,0,302,,,,,,,,,,,,,,,,,,
21/12/2023 19:15:00,0,303,,,,,,,,,,,,,,,,,,
21/12/2023 19:00:00,0,303,,,,,,,,,,,,,,,,,,
21/12/2023 18:45:00,0,305,,,,,,,,,,,,,,,,,,
21/12/2023 18:30:00,0,304,,,,,,,,,,,,,,,,,,
21/12/2023 18:15:00,0,305,,,,,,,,,,,,,,,,,,
21/12/2023 18:00:00,0,306,,,,,,,,,,,,,,,,,,
21/12/2023 17:45:00,0,306,,,,,,,,,,,,,,,,,,
21/12/2023 17:30:00,0,308,,,,,,,,,,,,,,,,,,
21/12/2023 17:15:00,0,309,,,,,,,,,,,,,,,,,,
21/12/2023 17:00:00,0,308,,,,,,,,,,,,,,,,,,
21/12/2023 16:45:00,0,309,,,,,,,,,,,,,,,,,,
21/12/2023 16:30:00,0,311,,,,,,,,,,,,,,,,,,
21/12/2023 16:15:00,0,311,,,,,,,,,,,,,,,,,,
21/12/2023 16:00:00,0,311,,,,,,,,,,,,,,,,,,
21/12/2023 15:45:00,0,312,,,,,,,,,,,,,,,,,,
21/12/2023 15:30:00,0,313,,,,,,,,,,,,,,,,,,
21/12/2023 15:15:00,0,314,,,,,,,,,,,,,,,,,,
21/12/2023 15:00:00,0,315,,,,,,,,,,,,,,,,,,
21/12/2023 14:45:00,0,316,,,,,,,,,,,,,,,,,,
21/12/2023 14:30:00,0,316,,,,,,,,,,,,,,,,,,
21/12/2023 14:15:00,0,317,,,,,,,,,,,,,,,,,,
21/12/2023 14:00:00,0,318,,,,,,,,,,,,,,,,,,
21/12/2023 13:45:00,0,319,,,,,,,,,,,,,,,,,,
21/12/2023 13:30:00,0,319,,,,,,,,,,,,,,,,,,
21/12/2023 13:15:00,0,320,,,,,,,,,,,,,,,,,,
21/12/2023 13:00:00,0,321,,,,,,,,,,,,,,,,,,
21/12/2023 12:45:00,0,322,,,,,,,,,,,,,,,,,,
21/12/2023 12:30:00,0,323,,,,,,,,,,,,,,,,,,
21/12/2023 12:15:00,0,324,,,,,,,,,,,,,,,,,,
21/12/2023 12:00:00,0,324,,,,,,,,,,,,,,,,,,
21/12/2023 11:45:00,0,325,,,,,,,,,,,,,,,,,,
21/12/2023 11:30:00,0,326,,,,,,,,,,,,,,,,,,
21/12/2023 11:15:00,0,327,,,,,,,,,,,,,,,,,,
21/12/2023 11:00:00,0,328,,,,,,,,,,,,,,,,,,
21/12/2023 10:45:00,0,329,,,,,,,,,,,,,,,,,,
21/12/2023 10:30:00,0,330,,,,,,,,,,,,,,,,,,
21/12/2023 10:15:00,0,331,,,,,,,,,,,,,,,,,,
21/12/2023 10:00:00,0,332,,,,,,,,,,,,,,,,,,
21/12/2023 09:45:00,0,332,,,,,,,,,,,,,,,,,,
21/12/2023 09:30:00,0,335,,,,,,,,,,,,,,,,,,
21/12/2023 09:15:00,0,335,,,,,,,,,,,,,,,,,,
21/12/2023 09:00:00,0,336,,,,,,,,,,,,,,,,,,
21/12/2023 08:45:00,0,337,,,,,,,,,,,,,,,,,,
21/12/2023 08:30:00,0,339,,,,,,,,,,,,,,,,,,
21/12/2023 08:15:00,0,339,,,,,,,,,,,,,,,,,,
21/12/2023 08:00:00,0,341,,,,,,,,,,,,,,,,,,
21/12/2023 07:45:00,0,342,,,,,,,,,,,,,,,,,,
21/12/2023 07:30:00,0,343,,,,,,,,,,,,,,,,,,
21/12/2023 07:15:00,0,344,,,,,,,,,,,,,,,,,,
21/12/2023 07:00:00,0,346,,,,,,,,,,,,,,,,,,
21/12/2023 06:45:00,0,347,,,,,,,,,,,,,,,,,,
21/12/2023 06:30:00,0,349,,,,,,,,,,,,,,,,,,
21/12/2023 06:15:00,0,350,,,,,,,,,,,,,,,,,,
21/12/2023 06:00:00,0,352,,,,,,,,,,,,,,,,,,
21/12/2023 05:45:00,0,353,,,,,,,,,,,,,,,,,,
21/12/2023 05:30:00,0,354,,,,,,,,,,,,,,,,,,
21/12/2023 05:15:00,0,356,,,,,,,,,,,,,,,,,,
21/12/2023 05:00:00,0,358,,,,,,,,,,,,,,,,,,
21/12/2023 04:45:00,0,360,,,,,,,,,,,,,,,,,,
21/12/2023 04:30:00,0,361,,,,,,,,,,,,,,,,,,
21/12/2023 04:15:00,0,363,,,,,,,,,,,,,,,,,,
21/12/2023 04:00:00,0,365,,,,,,,,,,,,,,,,,,
21/12/2023 03:45:00,0,367,,,,,,,,,,,,,,,,,,
21/12/2023 03:30:00,0,369,,,,,,,,,,,,,,,,,,
21/12/2023 03:15:00,0,371,,,,,,,,,,,,,,,,,,
21/12/2023 03:00:00,0,372,,,,,,,,,,,,,,,,,,
21/12/2023 02:45:00,0,375,,,,,,,,,,,,,,,,,,
21/12/2023 02:30:00,0,377,,,,,,,,,,,,,,,,,,
21/12/2023 02:15:00,0,379,,,,,,,,,,,,,,,,,,
21/12/2023 02:00:00,0,381,,,,,,,,,,,,,,,,,,
21/12/2023 01:45:00,0,383,,,,,,,,,,,,,,,,,,
21/12/2023 01:30:00,0,386,,,,,,,,,,,,,,,,,,
21/12/2023 01:15:00,0,388,,,,,,,,,,,,,,,,,,
21/12/2023 01:00:00,0,390,,,,,,,,,,,,,,,,,,
21/12/2023 00:45:00,0,392,,,,,,,,,,,,,,,,,,
21/12/2023 00:30:00,0,394,,,,,,,,,,,,,,,,,,
21/12/2023 00:15:00,0,397,,,,,,,,,,,,,,,,,,
21/12/2023 00:00:00,0,399,,,,,,,,,,,,,,,,,,
20/12/2023 23:45:00,0,401,,,,,,,,,,,,,,,,,,
20/12/2023 23:30:00,0,405,,,,,,,,,,,,,,,,,,
20/12/2023 23:15:00,0,406,,,,,,,,,,,,,,,,,,
20/12/2023 23:00:00,0,410,,,,,,,,,,,,,,,,,,
20/12/2023 22:45:00,0,411,,,,,,,,,,,,,,,,,,
20/12/2023 22:30:00,0,414,,,,,,,,,,,,,,,,,,
20/12/2023 22:15:00,0,416,,,,,,,,,,,,,,,,,,
20/12/2023 22:00:00,0,419,,,,,,,,,,,,,,,,,,
20/12/2023 21:45:00,0,422,,,,,,,,,,,,,,,,,,
20/12/2023 21:30:00,0,425,,,,,,,,,,,,,,,,,,
20/12/2023 21:15:00,0,427,,,,,,,,,,,,,,,,,,
20/12/2023 21:00:00,0,430,,,,,,,,,,,,,,,,,,
20/12/2023 20:45:00,0,433,,,,,,,,,,,,,,,,,,
20/12/2023 20:30:00,0,435,,,,,,,,,,,,,,,,,,
20/12/2023 20:15:00,0,437,,,,,,,,,,,,,,,,,,
20/12/2023 20:00:00,0,440,,,,,,,,,,,,,,,,,,
20/12/2023 19:45:00,0,443,,,,,,,,,,,,,,,,,,
20/12/2023 19:30:00,0,445,,,,,,,,,,,,,,,,,,
20/12/2023 19:15:00,0,448,,,,,,,,,,,,,,,,,,
20/12/2023 19:00:00,0,451,,,,,,,,,,,,,,,,,,
20/12/2023 18:45:00,0,453,,,,,,,,,,,,,,,,,,
20/12/2023 18:30:00,0,457,,,,,,,,,,,,,,,,,,
20/12/2023 18:15:00,0,459,,,,,,,,,,,,,,,,,,
20/12/2023 18:00:00,0,461,,,,,,,,,,,,,,,,,,
20/12/2023 17:45:00,0,464,,,,,,,,,,,,,,,,,,
20/12/2023 17:30:00,0,465,,,,,,,,,,,,,,,,,,
20/12/2023 17:15:00,0,469,,,,,,,,,,,,,,,,,,
20/12/2023 17:00:00,0,471,,,,,,,,,,,,,,,,,,
20/12/2023 16:45:00,0,474,,,,,,,,,,,,,,,,,,
20/12/2023 16:30:00,0,476,,,,,,,,,,,,,,,,,,
20/12/2023 16:15:00,0,479,,,,,,,,,,,,,,,,,,
20/12/2023 16:00:00,0,481,,,,,,,,,,,,,,,,,,
20/12/2023 15:45:00,0,483,,,,,,,,,,,,,,,,,,
20/12/2023 15:30:00,0,485,,,,,,,,,,,,,,,,,,
20/12/2023 15:15:00,0,489,,,,,,,,,,,,,,,,,,
20/12/2023 15:00:00,0,491,,,,,,,,,,,,,,,,,,
20/12/2023 14:45:00,0,492,,,,,,,,,,,,,,,,,,
20/12/2023 14:30:00,0,495,,,,,,,,,,,,,,,,,,
20/12/2023 14:15:00,0,497,,,,,,,,,,,,,,,,,,
20/12/2023 14:00:00,0,499,,,,,,,,,,,,,,,,,,
20/12/2023 13:45:00,0,501,,,,,,,,,,,,,,,,,,
20/12/2023 13:30:00,0,503,,,,,,,,,,,,,,,,,,
20/12/2023 13:15:00,0,505,,,,,,,,,,,,,,,,,,
20/12/2023 13:00:00,0,508,,,,,,,,,,,,,,,,,,
20/12/2023 12:45:00,0,510,,,,,,,,,,,,,,,,,,
20/12/2023 12:30:00,0,511,,,,,,,,,,,,,,,,,,
20/12/2023 12:15:00,0,513,,,,,,,,,,,,,,,,,,
20/12/2023 12:00:00,0,515,,,,,,,,,,,,,,,,,,
20/12/2023 11:45:00,0,516,,,,,,,,,,,,,,,,,,
20/12/2023 11:30:00,0,519,,,,,,,,,,,,,,,,,,
20/12/2023 11:15:00,0,521,,,,,,,,,,,,,,,,,,
20/12/2023 11:00:00,0,523,,,,,,,,,,,,,,,,,,
20/12/2023 10:45:00,0,525,,,,,,,,,,,,,,,,,,
20/12/2023 10:30:00,0,527,,,,,,,,,,,,,,,,,,
20/12/2023 10:15:00,0,529,,,,,,,,,,,,,,,,,,
20/12/2023 10:00:00,0,529,,,,,,,,,,,,,,,,,,
20/12/2023 09:45:00,0,532,,,,,,,,,,,,,,,,,,
20/12/2023 09:30:00,0,533,,,,,,,,,,,,,,,,,,
20/12/2023 09:15:00,0,535,,,,,,,,,,,,,,,,,,
20/12/2023 09:00:00,0,536,,,,,,,,,,,,,,,,,,
20/12/2023 08:45:00,0,537,,,,,,,,,,,,,,,,,,
20/12/2023 08:30:00,0,538,,,,,,,,,,,,,,,,,,
20/12/2023 08:15:00,0,540,,,,,,,,,,,,,,,,,,
20/12/2023 08:00:00,0,540,,,,,,,,,,,,,,,,,,
20/12/2023 07:45:00,0,542,,,,,,,,,,,,,,,,,,
20/12/2023 07:30:00,0,544,,,,,,,,,,,,,,,,,,
20/12/2023 07:15:00,0,545,,,,,,,,,,,,,,,,,,
20/12/2023 07:00:00,0,546,,,,,,,,,,,,,,,,,,
20/12/2023 06:45:00,0,547,,,,,,,,,,,,,,,,,,
20/12/2023 06:30:00,0,549,,,,,,,,,,,,,,,,,,
20/12/2023 06:15:00,0,550,,,,,,,,,,,,,,,,,,
20/12/2023 06:00:00,0,551,,,,,,,,,,,,,,,,,,
20/12/2023 05:45:00,0,552,,,,,,,,,,,,,,,,,,
20/12/2023 05:30:00,0,553,,,,,,,,,,,,,,,,,,
20/12/2023 05:15:00,0,553,,,,,,,,,,,,,,,,,,
20/12/2023 05:00:00,0,555,,,,,,,,,,,,,,,,,,
20/12/2023 04:45:00,0,556,,,,,,,,,,,,,,,,,,
20/12/2023 04:30:00,0,556,,,,,,,,,,,,,,,,,,
20/12/2023 04:15:00,0,558,,,,,,,,,,,,,,,,,,
20/12/2023 04:00:00,0,559,,,,,,,,,,,,,,,,,,
20/12/2023 03:45:00,0,559,,,,,,,,,,,,,,,,,,
20/12/2023 03:30:00,0,560,,,,,,,,,,,,,,,,,,
20/12/2023 03:15:00,0,561,,,,,,,,,,,,,,,,,,
20/12/2023 03:00:00,0,562,,,,,,,,,,,,,,,,,,
20/12/2023 02:45:00,0,563,,,,,,,,,,,,,,,,,,
20/12/2023 02:30:00,0,563,,,,,,,,,,,,,,,,,,
20/12/2023 02:15:00,0,564,,,,,,,,,,,,,,,,,,
20/12/2023 02:00:00,0,563,,,,,,,,,,,,,,,,,,
20/12/2023 01:45:00,0,563,,,,,,,,,,,,,,,,,,
20/12/2023 01:30:00,0,565,,,,,,,,,,,,,,,,,,
20/12/2023 01:15:00,0,564,,,,,,,,,,,,,,,,,,
20/12/2023 01:00:00,0,564,,,,,,,,,,,,,,,,,,
20/12/2023 00:45:00,0,566,,,,,,,,,,,,,,,,,,
20/12/2023 00:30:00,0,566,,,,,,,,,,,,,,,,,,
20/12/2023 00:15:00,0,565,,,,,,,,,,,,,,,,,,
20/12/2023 00:00:00,0.2,566,,,,,,,,,,,,,,,,,,
19/12/2023 23:45:00,0,566,,,,,,,,,,,,,,,,,,
19/12/2023 23:30:00,0,566,,,,,,,,,,,,,,,,,,
19/12/2023 23:15:00,0,566,,,,,,,,,,,,,,,,,,
19/12/2023 23:00:00,0,567,,,,,,,,,,,,,,,,,,
19/12/2023 22:45:00,0,566,,,,,,,,,,,,,,,,,,
19/12/2023 22:30:00,0,565,,,,,,,,,,,,,,,,,,
19/12/2023 22:15:00,0,565,,,,,,,,,,,,,,,,,,
19/12/2023 22:00:00,0,564,,,,,,,,,,,,,,,,,,
19/12/2023 21:45:00,0.2,565,,,,,,,,,,,,,,,,,,
19/12/2023 20:30:00,0,564,,,,,,,,,,,,,,,,,,
19/12/2023 20:15:00,0.2,563,,,,,,,,,,,,,,,,,,
19/12/2023 20:00:00,0,562,,,,,,,,,,,,,,,,,,
19/12/2023 19:45:00,0,563,,,,,,,,,,,,,,,,,,
19/12/2023 19:30:00,0,563,,,,,,,,,,,,,,,,,,
19/12/2023 19:15:00,0,562,,,,,,,,,,,,,,,,,,
19/12/2023 19:00:00,0,561,,,,,,,,,,,,,,,,,,
19/12/2023 18:45:00,0,561,,,,,,,,,,,,,,,,,,
19/12/2023 18:30:00,0,561,,,,,,,,,,,,,,,,,,
19/12/2023 18:15:00,0,561,,,,,,,,,,,,,,,,,,
19/12/2023 18:00:00,0,561,,,,,,,,,,,,,,,,,,
19/12/2023 17:45:00,0,561,,,,,,,,,,,,,,,,,,
19/12/2023 17:30:00,0,561,,,,,,,,,,,,,,,,,,
19/12/2023 17:15:00,0,560,,,,,,,,,,,,,,,,,,
19/12/2023 17:00:00,0,560,,,,,,,,,,,,,,,,,,
19/12/2023 16:45:00,0,560,,,,,,,,,,,,,,,,,,
19/12/2023 16:30:00,0,559,,,,,,,,,,,,,,,,,,
19/12/2023 16:15:00,0,559,,,,,,,,,,,,,,,,,,
19/12/2023 16:00:00,0,559,,,,,,,,,,,,,,,,,,
19/12/2023 15:45:00,0,558,,,,,,,,,,,,,,,,,,
19/12/2023 15:30:00,0,557,,,,,,,,,,,,,,,,,,
19/12/2023 15:15:00,0,558,,,,,,,,,,,,,,,,,,
19/12/2023 15:00:00,0,557,,,,,,,,,,,,,,,,,,
19/12/2023 14:45:00,0,555,,,,,,,,,,,,,,,,,,
19/12/2023 14:30:00,0,556,,,,,,,,,,,,,,,,,,
19/12/2023 14:15:00,0,556,,,,,,,,,,,,,,,,,,
19/12/2023 14:00:00,0,554,,,,,,,,,,,,,,,,,,
19/12/2023 13:45:00,0,551,,,,,,,,,,,,,,,,,,
19/12/2023 13:30:00,0,552,,,,,,,,,,,,,,,,,,
19/12/2023 13:15:00,0,550,,,,,,,,,,,,,,,,,,
19/12/2023 13:00:00,0.4,549,,,,,,,,,,,,,,,,,,
19/12/2023 12:45:00,0,548,,,,,,,,,,,,,,,,,,
19/12/2023 12:30:00,1.6,546,,,,,,,,,,,,,,,,,,
19/12/2023 12:15:00,0,545,,,,,,,,,,,,,,,,,,
19/12/2023 12:00:00,0,544,,,,,,,,,,,,,,,,,,
19/12/2023 11:45:00,0,542,,,,,,,,,,,,,,,,,,
19/12/2023 11:30:00,0,540,,,,,,,,,,,,,,,,,,
19/12/2023 11:15:00,0,540,,,,,,,,,,,,,,,,,,
19/12/2023 11:00:00,0,539,,,,,,,,,,,,,,,,,,
19/12/2023 10:45:00,0,537,,,,,,,,,,,,,,,,,,
19/12/2023 10:30:00,0,535,,,,,,,,,,,,,,,,,,
19/12/2023 10:15:00,0,533,,,,,,,,,,,,,,,,,,
19/12/2023 10:00:00,0,530,,,,,,,,,,,,,,,,,,
19/12/2023 09:45:00,0,526,,,,,,,,,,,,,,,,,,
19/12/2023 09:30:00,0,524,,,,,,,,,,,,,,,,,,
19/12/2023 09:15:00,0,521,,,,,,,,,,,,,,,,,,
19/12/2023 09:00:00,0,519,,,,,,,,,,,,,,,,,,
19/12/2023 08:45:00,0,515,,,,,,,,,,,,,,,,,,
19/12/2023 08:30:00,0.2,512,,,,,,,,,,,,,,,,,,
19/12/2023 08:15:00,0,507,,,,,,,,,,,,,,,,,,
19/12/2023 08:00:00,0,503,,,,,,,,,,,,,,,,,,
19/12/2023 07:45:00,0,498,,,,,,,,,,,,,,,,,,
19/12/2023 07:30:00,0,494,,,,,,,,,,,,,,,,,,
19/12/2023 07:15:00,0,489,,,,,,,,,,,,,,,,,,
19/12/2023 07:00:00,0,483,,,,,,,,,,,,,,,,,,
19/12/2023 06:45:00,0,474,,,,,,,,,,,,,,,,,,
19/12/2023 06:30:00,0,469,,,,,,,,,,,,,,,,,,
19/12/2023 06:15:00,0,461,,,,,,,,,,,,,,,,,,
19/12/2023 06:00:00,0,453,,,,,,,,,,,,,,,,,,
19/12/2023 05:45:00,0,442,,,,,,,,,,,,,,,,,,
19/12/2023 05:30:00,0,430,,,,,,,,,,,,,,,,,,
19/12/2023 05:15:00,0,419,,,,,,,,,,,,,,,,,,
19/12/2023 05:00:00,0.2,407,,,,,,,,,,,,,,,,,,
19/12/2023 04:45:00,0,393,,,,,,,,,,,,,,,,,,
19/12/2023 04:30:00,0,378,,,,,,,,,,,,,,,,,,
19/12/2023 04:15:00,0,363,,,,,,,,,,,,,,,,,,
19/12/2023 04:00:00,0,346,,,,,,,,,,,,,,,,,,
19/12/2023 03:45:00,0,328,,,,,,,,,,,,,,,,,,
19/12/2023 03:30:00,0,311,,,,,,,,,,,,,,,,,,
19/12/2023 03:15:00,0,295,,,,,,,,,,,,,,,,,,
19/12/2023 03:00:00,0,281,,,,,,,,,,,,,,,,,,
19/12/2023 02:45:00,0,272,,,,,,,,,,,,,,,,,,
19/12/2023 02:30:00,0,266,,,,,,,,,,,,,,,,,,
19/12/2023 02:15:00,0,264,,,,,,,,,,,,,,,,,,
19/12/2023 02:00:00,0,263,,,,,,,,,,,,,,,,,,
19/12/2023 01:45:00,0,262,,,,,,,,,,,,,,,,,,
19/12/2023 01:30:00,0,262,,,,,,,,,,,,,,,,,,
19/12/2023 01:15:00,0,263,,,,,,,,,,,,,,,,,,
19/12/2023 01:00:00,0,263,,,,,,,,,,,,,,,,,,
19/12/2023 00:45:00,0,264,,,,,,,,,,,,,,,,,,
19/12/2023 00:30:00,0,264,,,,,,,,,,,,,,,,,,
19/12/2023 00:15:00,0,264,,,,,,,,,,,,,,,,,,
19/12/2023 00:00:00,0,265,,,,,,,,,,,,,,,,,,
18/12/2023 23:45:00,0,265,,,,,,,,,,,,,,,,,,
18/12/2023 23:30:00,0.2,266,,,,,,,,,,,,,,,,,,
18/12/2023 23:15:00,0.6,266,,,,,,,,,,,,,,,,,,
18/12/2023 23:00:00,1,266,,,,,,,,,,,,,,,,,,
18/12/2023 22:45:00,1.2,267,,,,,,,,,,,,,,,,,,
18/12/2023 22:30:00,1,267,,,,,,,,,,,,,,,,,,
18/12/2023 22:15:00,0.4,268,,,,,,,,,,,,,,,,,,
18/12/2023 22:00:00,0.6,268,,,,,,,,,,,,,,,,,,
18/12/2023 21:45:00,0.4,269,,,,,,,,,,,,,,,,,,
18/12/2023 21:30:00,0.2,270,,,,,,,,,,,,,,,,,,
18/12/2023 21:15:00,0.8,270,,,,,,,,,,,,,,,,,,
18/12/2023 21:00:00,1,270,,,,,,,,,,,,,,,,,,
18/12/2023 20:45:00,0.6,270,,,,,,,,,,,,,,,,,,
18/12/2023 20:30:00,0.2,271,,,,,,,,,,,,,,,,,,
18/12/2023 20:15:00,0,271,,,,,,,,,,,,,,,,,,
18/12/2023 20:00:00,0,272,,,,,,,,,,,,,,,,,,
18/12/2023 19:45:00,0,272,,,,,,,,,,,,,,,,,,
18/12/2023 19:30:00,0,273,,,,,,,,,,,,,,,,,,
18/12/2023 19:15:00,0,273,,,,,,,,,,,,,,,,,,
18/12/2023 19:00:00,0,274,,,,,,,,,,,,,,,,,,
18/12/2023 18:45:00,0,275,,,,,,,,,,,,,,,,,,
18/12/2023 18:30:00,0,275,,,,,,,,,,,,,,,,,,
18/12/2023 18:15:00,0,276,,,,,,,,,,,,,,,,,,
18/12/2023 18:00:00,0,276,,,,,,,,,,,,,,,,,,
18/12/2023 17:45:00,0,277,,,,,,,,,,,,,,,,,,
18/12/2023 17:30:00,0,277,,,,,,,,,,,,,,,,,,
18/12/2023 17:15:00,0,278,,,,,,,,,,,,,,,,,,
18/12/2023 17:00:00,0,279,,,,,,,,,,,,,,,,,,
18/12/2023 16:45:00,0,279,,,,,,,,,,,,,,,,,,
18/12/2023 16:30:00,0,280,,,,,,,,,,,,,,,,,,
18/12/2023 16:15:00,0,280,,,,,,,,,,,,,,,,,,
18/12/2023 16:00:00,0,281,,,,,,,,,,,,,,,,,,
18/12/2023 15:45:00,0,283,,,,,,,,,,,,,,,,,,
18/12/2023 15:30:00,0,283,,,,,,,,,,,,,,,,,,
18/12/2023 15:15:00,0,284,,,,,,,,,,,,,,,,,,
18/12/2023 15:00:00,0,284,,,,,,,,,,,,,,,,,,
18/12/2023 14:45:00,0,285,,,,,,,,,,,,,,,,,,
18/12/2023 14:30:00,0,286,,,,,,,,,,,,,,,,,,
18/12/2023 14:15:00,0,288,,,,,,,,,,,,,,,,,,
18/12/2023 14:00:00,0,288,,,,,,,,,,,,,,,,,,
18/12/2023 13:45:00,0,289,,,,,,,,,,,,,,,,,,
18/12/2023 13:30:00,0,290,,,,,,,,,,,,,,,,,,
18/12/2023 13:15:00,0,291,,,,,,,,,,,,,,,,,,
18/12/2023 13:00:00,0,292,,,,,,,,,,,,,,,,,,
18/12/2023 12:45:00,0,293,,,,,,,,,,,,,,,,,,
18/12/2023 12:30:00,0,294,,,,,,,,,,,,,,,,,,
18/12/2023 12:15:00,0,295,,,,,,,,,,,,,,,,,,
18/12/2023 12:00:00,0,296,,,,,,,,,,,,,,,,,,
18/12/2023 11:45:00,0,298,,,,,,,,,,,,,,,,,,
18/12/2023 11:30:00,0,298,,,,,,,,,,,,,,,,,,
18/12/2023 11:15:00,0,300,,,,,,,,,,,,,,,,,,
18/12/2023 11:00:00,0,301,,,,,,,,,,,,,,,,,,
18/12/2023 10:45:00,0,303,,,,,,,,,,,,,,,,,,
18/12/2023 10:30:00,0,305,,,,,,,,,,,,,,,,,,
18/12/2023 10:15:00,0,306,,,,,,,,,,,,,,,,,,
18/12/2023 10:00:00,0,307,,,,,,,,,,,,,,,,,,
18/12/2023 09:45:00,0,309,,,,,,,,,,,,,,,,,,
18/12/2023 09:30:00,0,311,,,,,,,,,,,,,,,,,,
18/12/2023 09:15:00,0,313,,,,,,,,,,,,,,,,,,
18/12/2023 09:00:00,0,314,,,,,,,,,,,,,,,,,,
18/12/2023 08:45:00,0,316,,,,,,,,,,,,,,,,,,
18/12/2023 08:30:00,0,319,,,,,,,,,,,,,,,,,,
18/12/2023 08:15:00,0,320,,,,,,,,,,,,,,,,,,
18/12/2023 08:00:00,0,322,,,,,,,,,,,,,,,,,,
18/12/2023 07:45:00,0,325,,,,,,,,,,,,,,,,,,
18/12/2023 07:30:00,0,327,,,,,,,,,,,,,,,,,,
18/12/2023 07:15:00,0,329,,,,,,,,,,,,,,,,,,
18/12/2023 07:00:00,0,332,,,,,,,,,,,,,,,,,,
18/12/2023 06:45:00,0,334,,,,,,,,,,,,,,,,,,
18/12/2023 06:30:00,0,337,,,,,,,,,,,,,,,,,,
18/12/2023 06:15:00,0,340,,,,,,,,,,,,,,,,,,
18/12/2023 06:00:00,0,342,,,,,,,,,,,,,,,,,,
18/12/2023 05:45:00,0,345,,,,,,,,,,,,,,,,,,
18/12/2023 05:30:00,0,348,,,,,,,,,,,,,,,,,,
18/12/2023 05:15:00,0,351,,,,,,,,,,,,,,,,,,
18/12/2023 05:00:00,0,355,,,,,,,,,,,,,,,,,,
18/12/2023 04:45:00,0,357,,,,,,,,,,,,,,,,,,
18/12/2023 04:30:00,0,361,,,,,,,,,,,,,,,,,,
18/12/2023 04:15:00,0,364,,,,,,,,,,,,,,,,,,
18/12/2023 04:00:00,0,367,,,,,,,,,,,,,,,,,,
18/12/2023 03:45:00,0,370,,,,,,,,,,,,,,,,,,
18/12/2023 03:30:00,0,374,,,,,,,,,,,,,,,,,,
18/12/2023 03:15:00,0,377,,,,,,,,,,,,,,,,,,
18/12/2023 03:00:00,0,381,,,,,,,,,,,,,,,,,,
18/12/2023 02:45:00,0,384,,,,,,,,,,,,,,,,,,
18/12/2023 02:30:00,0,388,,,,,,,,,,,,,,,,,,
18/12/2023 02:15:00,0,392,,,,,,,,,,,,,,,,,,
18/12/2023 02:00:00,0,395,,,,,,,,,,,,,,,,,,
18/12/2023 01:45:00,0,399,,,,,,,,,,,,,,,,,,
18/12/2023 01:30:00,0,402,,,,,,,,,,,,,,,,,,
18/12/2023 01:15:00,0,406,,,,,,,,,,,,,,,,,,
18/12/2023 01:00:00,0,410,,,,,,,,,,,,,,,,,,
18/12/2023 00:45:00,0,413,,,,,,,,,,,,,,,,,,
18/12/2023 00:30:00,0,418,,,,,,,,,,,,,,,,,,
18/12/2023 00:15:00,0,421,,,,,,,,,,,,,,,,,,
18/12/2023 00:00:00,0,425,,,,,,,,,,,,,,,,,,
17/12/2023 23:45:00,0,429,,,,,,,,,,,,,,,,,,
17/12/2023 23:30:00,0,433,,,,,,,,,,,,,,,,,,
17/12/2023 23:15:00,0,436,,,,,,,,,,,,,,,,,,
17/12/2023 23:00:00,0,439,,,,,,,,,,,,,,,,,,
17/12/2023 22:45:00,0,444,,,,,,,,,,,,,,,,,,
17/12/2023 22:30:00,0,447,,,,,,,,,,,,,,,,,,
17/12/2023 22:15:00,0,450,,,,,,,,,,,,,,,,,,
17/12/2023 22:00:00,0,454,,,,,,,,,,,,,,,,,,
17/12/2023 21:45:00,0,458,,,,,,,,,,,,,,,,,,
17/12/2023 21:30:00,0,461,,,,,,,,,,,,,,,,,,
17/12/2023 21:15:00,0,465,,,,,,,,,,,,,,,,,,
17/12/2023 21:00:00,0,468,,,,,,,,,,,,,,,,,,
17/12/2023 20:45:00,0,472,,,,,,,,,,,,,,,,,,
17/12/2023 20:30:00,0,475,,,,,,,,,,,,,,,,,,
17/12/2023 20:15:00,0,479,,,,,,,,,,,,,,,,,,
17/12/2023 20:00:00,0,482,,,,,,,,,,,,,,,,,,
17/12/2023 19:45:00,0,486,,,,,,,,,,,,,,,,,,
17/12/2023 19:30:00,0,489,,,,,,,,,,,,,,,,,,
17/12/2023 19:15:00,0,492,,,,,,,,,,,,,,,,,,
17/12/2023 19:00:00,0,495,,,,,,,,,,,,,,,,,,
17/12/2023 18:45:00,0,498,,,,,,,,,,,,,,,,,,
17/12/2023 18:30:00,0,502,,,,,,,,,,,,,,,,,,
17/12/2023 18:15:00,0,505,,,,,,,,,,,,,,,,,,
17/12/2023 18:00:00,0,510,,,,,,,,,,,,,,,,,,
17/12/2023 17:45:00,0,511,,,,,,,,,,,,,,,,,,
17/12/2023 17:30:00,0,515,,,,,,,,,,,,,,,,,,
17/12/2023 17:15:00,0,518,,,,,,,,,,,,,,,,,,
17/12/2023 17:00:00,0,521,,,,,,,,,,,,,,,,,,
17/12/2023 16:45:00,0,524,,,,,,,,,,,,,,,,,,
17/12/2023 16:30:00,0,528,,,,,,,,,,,,,,,,,,
17/12/2023 16:15:00,0,531,,,,,,,,,,,,,,,,,,
17/12/2023 16:00:00,0,534,,,,,,,,,,,,,,,,,,
17/12/2023 15:45:00,0,536,,,,,,,,,,,,,,,,,,
17/12/2023 15:30:00,0,539,,,,,,,,,,,,,,,,,,
17/12/2023 15:15:00,0,543,,,,,,,,,,,,,,,,,,
17/12/2023 15:00:00,0,545,,,,,,,,,,,,,,,,,,
17/12/2023 14:45:00,0,548,,,,,,,,,,,,,,,,,,
17/12/2023 14:30:00,0,550,,,,,,,,,,,,,,,,,,
17/12/2023 14:15:00,0,553,,,,,,,,,,,,,,,,,,
17/12/2023 14:00:00,0,555,,,,,,,,,,,,,,,,,,
17/12/2023 13:45:00,0,558,,,,,,,,,,,,,,,,,,
17/12/2023 13:30:00,0,560,,,,,,,,,,,,,,,,,,
17/12/2023 13:15:00,0,563,,,,,,,,,,,,,,,,,,
17/12/2023 13:00:00,0,565,,,,,,,,,,,,,,,,,,
17/12/2023 12:45:00,0,567,,,,,,,,,,,,,,,,,,
17/12/2023 12:30:00,0,570,,,,,,,,,,,,,,,,,,
17/12/2023 12:15:00,0,571,,,,,,,,,,,,,,,,,,
17/12/2023 12:00:00,0,574,,,,,,,,,,,,,,,,,,
17/12/2023 11:45:00,0,576,,,,,,,,,,,,,,,,,,
17/12/2023 11:30:00,0,579,,,,,,,,,,,,,,,,,,
17/12/2023 11:15:00,0,580,,,,,,,,,,,,,,,,,,
17/12/2023 11:00:00,0,583,,,,,,,,,,,,,,,,,,
17/12/2023 10:45:00,0,584,,,,,,,,,,,,,,,,,,
17/12/2023 10:30:00,0,586,,,,,,,,,,,,,,,,,,
17/12/2023 10:15:00,0,588,,,,,,,,,,,,,,,,,,
17/12/2023 10:00:00,0,591,,,,,,,,,,,,,,,,,,
17/12/2023 09:45:00,0,591,,,,,,,,,,,,,,,,,,
17/12/2023 09:30:00,0,593,,,,,,,,,,,,,,,,,,
17/12/2023 09:15:00,0,596,,,,,,,,,,,,,,,,,,
17/12/2023 09:00:00,0,596,,,,,,,,,,,,,,,,,,
17/12/2023 08:45:00,0,599,,,,,,,,,,,,,,,,,,
17/12/2023 08:30:00,0,600,,,,,,,,,,,,,,,,,,
17/12/2023 08:15:00,0,602,,,,,,,,,,,,,,,,,,
17/12/2023 08:00:00,0,603,,,,,,,,,,,,,,,,,,
17/12/2023 07:45:00,0,605,,,,,,,,,,,,,,,,,,
17/12/2023 07:30:00,0,606,,,,,,,,,,,,,,,,,,
17/12/2023 07:15:00,0,607,,,,,,,,,,,,,,,,,,
17/12/2023 07:00:00,0,610,,,,,,,,,,,,,,,,,,
17/12/2023 06:45:00,0,608,,,,,,,,,,,,,,,,,,
17/12/2023 06:30:00,0,612,,,,,,,,,,,,,,,,,,
17/12/2023 06:15:00,0,611,,,,,,,,,,,,,,,,,,
17/12/2023 06:00:00,0,615,,,,,,,,,,,,,,,,,,
17/12/2023 05:45:00,0,614,,,,,,,,,,,,,,,,,,
17/12/2023 05:30:00,0,616,,,,,,,,,,,,,,,,,,
17/12/2023 05:15:00,0,617,,,,,,,,,,,,,,,,,,
17/12/2023 05:00:00,0,618,,,,,,,,,,,,,,,,,,
17/12/2023 04:45:00,0,618,,,,,,,,,,,,,,,,,,
17/12/2023 04:30:00,0,620,,,,,,,,,,,,,,,,,,
17/12/2023 04:15:00,0,619,,,,,,,,,,,,,,,,,,
17/12/2023 04:00:00,0,622,,,,,,,,,,,,,,,,,,
17/12/2023 03:45:00,0,623,,,,,,,,,,,,,,,,,,
17/12/2023 03:30:00,0,621,,,,,,,,,,,,,,,,,,
17/12/2023 03:15:00,0,623,,,,,,,,,,,,,,,,,,
17/12/2023 03:00:00,0,623,,,,,,,,,,,,,,,,,,
17/12/2023 02:45:00,0,625,,,,,,,,,,,,,,,,,,
17/12/2023 02:30:00,0,625,,,,,,,,,,,,,,,,,,
17/12/2023 02:15:00,0,626,,,,,,,,,,,,,,,,,,
17/12/2023 02:00:00,0,626,,,,,,,,,,,,,,,,,,
17/12/2023 01:45:00,0,627,,,,,,,,,,,,,,,,,,
17/12/2023 01:30:00,0,626,,,,,,,,,,,,,,,,,,
17/12/2023 01:15:00,0,628,,,,,,,,,,,,,,,,,,
17/12/2023 01:00:00,0,627,,,,,,,,,,,,,,,,,,
17/12/2023 00:45:00,0,627,,,,,,,,,,,,,,,,,,
17/12/2023 00:30:00,0,627,,,,,,,,,,,,,,,,,,
17/12/2023 00:15:00,0,628,,,,,,,,,,,,,,,,,,
17/12/2023 00:00:00,0,627,,,,,,,,,,,,,,,,,,
16/12/2023 23:45:00,0,627,,,,,,,,,,,,,,,,,,
16/12/2023 23:30:00,0,627,,,,,,,,,,,,,,,,,,
16/12/2023 23:15:00,0,627,,,,,,,,,,,,,,,,,,
16/12/2023 23:00:00,0,627,,,,,,,,,,,,,,,,,,
16/12/2023 22:45:00,0,626,,,,,,,,,,,,,,,,,,
16/12/2023 22:30:00,0,626,,,,,,,,,,,,,,,,,,
16/12/2023 22:15:00,0,626,,,,,,,,,,,,,,,,,,
16/12/2023 22:00:00,0,626,,,,,,,,,,,,,,,,,,
16/12/2023 21:45:00,0,624,,,,,,,,,,,,,,,,,,
16/12/2023 21:30:00,0,625,,,,,,,,,,,,,,,,,,
16/12/2023 21:15:00,0,624,,,,,,,,,,,,,,,,,,
16/12/2023 21:00:00,0,623,,,,,,,,,,,,,,,,,,
16/12/2023 20:45:00,0,622,,,,,,,,,,,,,,,,,,
16/12/2023 20:30:00,0,622,,,,,,,,,,,,,,,,,,
16/12/2023 20:15:00,0,621,,,,,,,,,,,,,,,,,,
16/12/2023 20:00:00,0,620,,,,,,,,,,,,,,,,,,
16/12/2023 19:45:00,0,618,,,,,,,,,,,,,,,,,,
16/12/2023 19:30:00,0,618,,,,,,,,,,,,,,,,,,
16/12/2023 19:15:00,0,616,,,,,,,,,,,,,,,,,,
16/12/2023 19:00:00,0,616,,,,,,,,,,,,,,,,,,
16/12/2023 18:45:00,0,614,,,,,,,,,,,,,,,,,,
16/12/2023 18:30:00,0,613,,,,,,,,,,,,,,,,,,
16/12/2023 18:15:00,0,613,,,,,,,,,,,,,,,,,,
16/12/2023 18:00:00,0,611,,,,,,,,,,,,,,,,,,
16/12/2023 17:45:00,0,611,,,,,,,,,,,,,,,,,,
16/12/2023 17:30:00,0,609,,,,,,,,,,,,,,,,,,
16/12/2023 17:15:00,0,607,,,,,,,,,,,,,,,,,,
16/12/2023 17:00:00,0,605,,,,,,,,,,,,,,,,,,
16/12/2023 16:45:00,0,605,,,,,,,,,,,,,,,,,,
16/12/2023 16:30:00,0,603,,,,,,,,,,,,,,,,,,
16/12/2023 16:15:00,0,603,,,,,,,,,,,,,,,,,,
16/12/2023 16:00:00,0,599,,,,,,,,,,,,,,,,,,
16/12/2023 15:45:00,0,598,,,,,,,,,,,,,,,,,,
16/12/2023 15:30:00,0,596,,,,,,,,,,,,,,,,,,
16/12/2023 15:15:00,0,596,,,,,,,,,,,,,,,,,,
16/12/2023 15:00:00,0,593,,,,,,,,,,,,,,,,,,
16/12/2023 14:45:00,0,591,,,,,,,,,,,,,,,,,,
16/12/2023 14:30:00,0,590,,,,,,,,,,,,,,,,,,
16/12/2023 14:15:00,0,589,,,,,,,,,,,,,,,,,,
16/12/2023 14:00:00,0,587,,,,,,,,,,,,,,,,,,
16/12/2023 13:45:00,0,584,,,,,,,,,,,,,,,,,,
16/12/2023 13:30:00,0,583,,,,,,,,,,,,,,,,,,
16/12/2023 13:15:00,0,582,,,,,,,,,,,,,,,,,,
16/12/2023 13:00:00,0,580,,,,,,,,,,,,,,,,,,
16/12/2023 12:45:00,0,578,,,,,,,,,,,,,,,,,,
16/12/2023 12:30:00,0,574,,,,,,,,,,,,,,,,,,
16/12/2023 12:15:00,0,575,,,,,,,,,,,,,,,,,,
16/12/2023 12:00:00,0,572,,,,,,,,,,,,,,,,,,
16/12/2023 11:45:00,0,571,,,,,,,,,,,,,,,,,,
16/12/2023 11:30:00,0,568,,,,,,,,,,,,,,,,,,
16/12/2023 11:15:00,0,567,,,,,,,,,,,,,,,,,,
16/12/2023 11:00:00,0,566,,,,,,,,,,,,,,,,,,
16/12/2023 10:45:00,0,564,,,,,,,,,,,,,,,,,,
16/12/2023 10:30:00,0,560,,,,,,,,,,,,,,,,,,
16/12/2023 10:15:00,0,558,,,,,,,,,,,,,,,,,,
16/12/2023 10:00:00,0,557,,,,,,,,,,,,,,,,,,
16/12/2023 09:45:00,0,555,,,,,,,,,,,,,,,,,,
16/12/2023 09:30:00,0,553,,,,,,,,,,,,,,,,,,
16/12/2023 09:15:00,0,549,,,,,,,,,,,,,,,,,,
16/12/2023 09:00:00,0,548,,,,,,,,,,,,,,,,,,
16/12/2023 08:45:00,0,546,,,,,,,,,,,,,,,,,,
16/12/2023 08:30:00,0,543,,,,,,,,,,,,,,,,,,
16/12/2023 08:15:00,0,542,,,,,,,,,,,,,,,,,,
16/12/2023 08:00:00,0,539,,,,,,,,,,,,,,,,,,
16/12/2023 07:45:00,0,536,,,,,,,,,,,,,,,,,,
16/12/2023 07:30:00,0,534,,,,,,,,,,,,,,,,,,
16/12/2023 07:15:00,0,532,,,,,,,,,,,,,,,,,,
16/12/2023 07:00:00,0,528,,,,,,,,,,,,,,,,,,
16/12/2023 06:45:00,0,525,,,,,,,,,,,,,,,,,,
16/12/2023 06:30:00,0,523,,,,,,,,,,,,,,,,,,
16/12/2023 06:15:00,0,520,,,,,,,,,,,,,,,,,,
16/12/2023 06:00:00,0,517,,,,,,,,,,,,,,,,,,
16/12/2023 05:45:00,0,513,,,,,,,,,,,,,,,,,,
16/12/2023 05:30:00,0,511,,,,,,,,,,,,,,,,,,
16/12/2023 05:15:00,0,508,,,,,,,,,,,,,,,,,,
16/12/2023 05:00:00,0,504,,,,,,,,,,,,,,,,,,
16/12/2023 04:45:00,0,500,,,,,,,,,,,,,,,,,,
16/12/2023 04:30:00,0,495,,,,,,,,,,,,,,,,,,
16/12/2023 04:15:00,0,490,,,,,,,,,,,,,,,,,,
16/12/2023 04:00:00,0,486,,,,,,,,,,,,,,,,,,
16/12/2023 03:45:00,0,480,,,,,,,,,,,,,,,,,,
16/12/2023 03:30:00,0,475,,,,,,,,,,,,,,,,,,
16/12/2023 03:15:00,0.2,467,,,,,,,,,,,,,,,,,,
16/12/2023 03:00:00,0,462,,,,,,,,,,,,,,,,,,
16/12/2023 02:45:00,0,455,,,,,,,,,,,,,,,,,,
16/12/2023 02:30:00,0,446,,,,,,,,,,,,,,,,,,
16/12/2023 02:15:00,0,437,,,,,,,,,,,,,,,,,,
16/12/2023 02:00:00,0,428,,,,,,,,,,,,,,,,,,
16/12/2023 01:45:00,0,417,,,,,,,,,,,,,,,,,,
16/12/2023 01:30:00,0,404,,,,,,,,,,,,,,,,,,
16/12/2023 01:15:00,0,391,,,,,,,,,,,,,,,,,,
16/12/2023 01:00:00,0,378,,,,,,,,,,,,,,,,,,
16/12/2023 00:45:00,0,363,,,,,,,,,,,,,,,,,,
16/12/2023 00:30:00,0,348,,,,,,,,,,,,,,,,,,
16/12/2023 00:15:00,0,332,,,,,,,,,,,,,,,,,,
16/12/2023 00:00:00,0,315,,,,,,,,,,,,,,,,,,
15/12/2023 23:45:00,0,299,,,,,,,,,,,,,,,,,,
15/12/2023 23:30:00,0,285,,,,,,,,,,,,,,,,,,
15/12/2023 23:15:00,0,271,,,,,,,,,,,,,,,,,,
15/12/2023 23:00:00,0,261,,,,,,,,,,,,,,,,,,
15/12/2023 22:45:00,0,254,,,,,,,,,,,,,,,,,,
15/12/2023 22:30:00,0.2,248,,,,,,,,,,,,,,,,,,
15/12/2023 22:15:00,0.2,243,,,,,,,,,,,,,,,,,,
15/12/2023 22:00:00,0.4,239,,,,,,,,,,,,,,,,,,
15/12/2023 21:45:00,0.6,235,,,,,,,,,,,,,,,,,,
15/12/2023 21:30:00,0.8,230,,,,,,,,,,,,,,,,,,
15/12/2023 21:15:00,1.2,225,,,,,,,,,,,,,,,,,,
15/12/2023 21:00:00,1.8,219,,,,,,,,,,,,,,,,,,
15/12/2023 20:45:00,1.6,212,,,,,,,,,,,,,,,,,,
15/12/2023 20:30:00,1.6,204,,,,,,,,,,,,,,,,,,
15/12/2023 20:15:00,1,198,,,,,,,,,,,,,,,,,,
15/12/2023 20:00:00,1,193,,,,,,,,,,,,,,,,,,
15/12/2023 19:45:00,7,190,,,,,,,,,,,,,,,,,,
15/12/2023 19:30:00,8.8,187,,,,,,,,,,,,,,,,,,
15/12/2023 19:15:00,15.6,184,,,,,,,,,,,,,,,,,,
15/12/2023 19:00:00,3.4,183,,,,,,,,,,,,,,,,,,
15/12/2023 18:45:00,0.2,182,,,,,,,,,,,,,,,,,,
15/12/2023 18:30:00,0,182,,,,,,,,,,,,,,,,,,
15/12/2023 18:15:00,0,182,,,,,,,,,,,,,,,,,,
15/12/2023 18:00:00,0,182,,,,,,,,,,,,,,,,,,
15/12/2023 17:45:00,0,182,,,,,,,,,,,,,,,,,,
15/12/2023 17:30:00,0,182,,,,,,,,,,,,,,,,,,
15/12/2023 17:15:00,0,182,,,,,,,,,,,,,,,,,,
15/12/2023 17:00:00,0,182,,,,,,,,,,,,,,,,,,
15/12/2023 16:45:00,0,182,,,,,,,,,,,,,,,,,,
15/12/2023 16:30:00,0,181,,,,,,,,,,,,,,,,,,
15/12/2023 16:15:00,0,182,,,,,,,,,,,,,,,,,,
15/12/2023 16:00:00,0,182,,,,,,,,,,,,,,,,,,
15/12/2023 15:45:00,0,182,,,,,,,,,,,,,,,,,,
15/12/2023 15:30:00,0,181,,,,,,,,,,,,,,,,,,
15/12/2023 15:15:00,0,181,,,,,,,,,,,,,,,,,,
15/12/2023 15:00:00,0,181,,,,,,,,,,,,,,,,,,
15/12/2023 14:45:00,0,180,,,,,,,,,,,,,,,,,,
15/12/2023 14:30:00,0,182,,,,,,,,,,,,,,,,,,
15/12/2023 14:15:00,0,181,,,,,,,,,,,,,,,,,,
15/12/2023 14:00:00,0,181,,,,,,,,,,,,,,,,,,
15/12/2023 13:45:00,0,181,,,,,,,,,,,,,,,,,,
15/12/2023 13:30:00,0,182,,,,,,,,,,,,,,,,,,
15/12/2023 13:15:00,0,181,,,,,,,,,,,,,,,,,,
15/12/2023 13:00:00,0,181,,,,,,,,,,,,,,,,,,
15/12/2023 12:45:00,0,181,,,,,,,,,,,,,,,,,,
15/12/2023 12:30:00,0,182,,,,,,,,,,,,,,,,,,
15/12/2023 12:15:00,0,181,,,,,,,,,,,,,,,,,,
15/12/2023 12:00:00,0,182,,,,,,,,,,,,,,,,,,
15/12/2023 11:45:00,0,182,,,,,,,,,,,,,,,,,,
15/12/2023 11:30:00,0,182,,,,,,,,,,,,,,,,,,
15/12/2023 11:15:00,0,182,,,,,,,,,,,,,,,,,,
15/12/2023 11:00:00,0,183,,,,,,,,,,,,,,,,,,
15/12/2023 10:45:00,0,183,,,,,,,,,,,,,,,,,,
15/12/2023 10:30:00,0,183,,,,,,,,,,,,,,,,,,
15/12/2023 10:15:00,0,184,,,,,,,,,,,,,,,,,,
15/12/2023 10:00:00,0,184,,,,,,,,,,,,,,,,,,
15/12/2023 09:45:00,0,184,,,,,,,,,,,,,,,,,,
15/12/2023 09:30:00,0,185,,,,,,,,,,,,,,,,,,
15/12/2023 09:15:00,0,186,,,,,,,,,,,,,,,,,,
15/12/2023 09:00:00,0,186,,,,,,,,,,,,,,,,,,
15/12/2023 08:45:00,0,186,,,,,,,,,,,,,,,,,,
15/12/2023 08:30:00,0,187,,,,,,,,,,,,,,,,,,
15/12/2023 08:15:00,0,188,,,,,,,,,,,,,,,,,,
15/12/2023 08:00:00,0,188,,,,,,,,,,,,,,,,,,
15/12/2023 07:45:00,0,189,,,,,,,,,,,,,,,,,,
15/12/2023 07:30:00,0,190,,,,,,,,,,,,,,,,,,
15/12/2023 07:15:00,0,190,,,,,,,,,,,,,,,,,,
15/12/2023 07:00:00,0,191,,,,,,,,,,,,,,,,,,
15/12/2023 06:45:00,0,192,,,,,,,,,,,,,,,,,,
15/12/2023 06:30:00,0,192,,,,,,,,,,,,,,,,,,
15/12/2023 06:15:00,0,193,,,,,,,,,,,,,,,,,,
15/12/2023 06:00:00,0,193,,,,,,,,,,,,,,,,,,
15/12/2023 05:45:00,0,193,,,,,,,,,,,,,,,,,,
15/12/2023 05:30:00,0.2,194,,,,,,,,,,,,,,,,,,
15/12/2023 05:15:00,0,194,,,,,,,,,,,,,,,,,,
15/12/2023 05:00:00,0,194,,,,,,,,,,,,,,,,,,
15/12/2023 04:45:00,0,194,,,,,,,,,,,,,,,,,,
15/12/2023 04:30:00,0,193,,,,,,,,,,,,,,,,,,
15/12/2023 04:15:00,0,193,,,,,,,,,,,,,,,,,,
15/12/2023 04:00:00,0,192,,,,,,,,,,,,,,,,,,
15/12/2023 03:45:00,0,191,,,,,,,,,,,,,,,,,,
15/12/2023 03:30:00,0,190,,,,,,,,,,,,,,,,,,
15/12/2023 03:15:00,0,189,,,,,,,,,,,,,,,,,,
15/12/2023 03:00:00,0,188,,,,,,,,,,,,,,,,,,
15/12/2023 02:45:00,0,186,,,,,,,,,,,,,,,,,,
15/12/2023 02:30:00,0,185,,,,,,,,,,,,,,,,,,
15/12/2023 02:15:00,0,183,,,,,,,,,,,,,,,,,,
15/12/2023 02:00:00,0,181,,,,,,,,,,,,,,,,,,
15/12/2023 01:45:00,0,179,,,,,,,,,,,,,,,,,,
15/12/2023 01:30:00,0,177,,,,,,,,,,,,,,,,,,
15/12/2023 01:15:00,0,176,,,,,,,,,,,,,,,,,,
15/12/2023 01:00:00,0,175,,,,,,,,,,,,,,,,,,
15/12/2023 00:45:00,0,173,,,,,,,,,,,,,,,,,,
15/12/2023 00:30:00,0,172,,,,,,,,,,,,,,,,,,
15/12/2023 00:15:00,0,172,,,,,,,,,,,,,,,,,,
15/12/2023 00:00:00,0,171,,,,,,,,,,,,,,,,,,
14/12/2023 23:45:00,0,171,,,,,,,,,,,,,,,,,,
14/12/2023 23:30:00,0,171,,,,,,,,,,,,,,,,,,
14/12/2023 23:15:00,0,170,,,,,,,,,,,,,,,,,,
14/12/2023 23:00:00,0,170,,,,,,,,,,,,,,,,,,
14/12/2023 22:45:00,0,170,,,,,,,,,,,,,,,,,,
14/12/2023 22:30:00,0,170,,,,,,,,,,,,,,,,,,
14/12/2023 22:15:00,0,170,,,,,,,,,,,,,,,,,,
14/12/2023 22:00:00,0,170,,,,,,,,,,,,,,,,,,
14/12/2023 21:45:00,0.2,170,,,,,,,,,,,,,,,,,,
14/12/2023 21:30:00,0,170,,,,,,,,,,,,,,,,,,
14/12/2023 21:15:00,0.4,169,,,,,,,,,,,,,,,,,,
14/12/2023 21:00:00,0.2,169,,,,,,,,,,,,,,,,,,
14/12/2023 20:45:00,0,170,,,,,,,,,,,,,,,,,,
14/12/2023 20:30:00,0,170,,,,,,,,,,,,,,,,,,
14/12/2023 20:15:00,0.2,170,,,,,,,,,,,,,,,,,,
14/12/2023 20:00:00,0.8,170,,,,,,,,,,,,,,,,,,
14/12/2023 19:45:00,0.2,170,,,,,,,,,,,,,,,,,,
14/12/2023 19:30:00,4,170,,,,,,,,,,,,,,,,,,
14/12/2023 19:15:00,1,170,,,,,,,,,,,,,,,,,,
14/12/2023 19:00:00,0.8,169,,,,,,,,,,,,,,,,,,
14/12/2023 18:45:00,0.2,169,,,,,,,,,,,,,,,,,,
14/12/2023 18:30:00,2,169,,,,,,,,,,,,,,,,,,
14/12/2023 18:15:00,0,169,,,,,,,,,,,,,,,,,,
14/12/2023 18:00:00,0,169,,,,,,,,,,,,,,,,,,
14/12/2023 17:45:00,0,169,,,,,,,,,,,,,,,,,,
14/12/2023 17:30:00,0,169,,,,,,,,,,,,,,,,,,
14/12/2023 17:15:00,0,169,,,,,,,,,,,,,,,,,,
14/12/2023 17:00:00,0,169,,,,,,,,,,,,,,,,,,
14/12/2023 16:45:00,0,169,,,,,,,,,,,,,,,,,,
14/12/2023 16:30:00,0,170,,,,,,,,,,,,,,,,,,
14/12/2023 16:15:00,0,170,,,,,,,,,,,,,,,,,,
14/12/2023 16:00:00,0,169,,,,,,,,,,,,,,,,,,
14/12/2023 15:45:00,0,170,,,,,,,,,,,,,,,,,,
14/12/2023 15:30:00,0,170,,,,,,,,,,,,,,,,,,
14/12/2023 15:15:00,0,170,,,,,,,,,,,,,,,,,,
14/12/2023 15:00:00,0,170,,,,,,,,,,,,,,,,,,
14/12/2023 14:45:00,0,170,,,,,,,,,,,,,,,,,,
14/12/2023 14:30:00,0,170,,,,,,,,,,,,,,,,,,
14/12/2023 14:15:00,0,170,,,,,,,,,,,,,,,,,,
14/12/2023 14:00:00,0,171,,,,,,,,,,,,,,,,,,
14/12/2023 13:45:00,0,170,,,,,,,,,,,,,,,,,,
14/12/2023 13:30:00,0,171,,,,,,,,,,,,,,,,,,
14/12/2023 13:15:00,0,171,,,,,,,,,,,,,,,,,,
14/12/2023 13:00:00,0,171,,,,,,,,,,,,,,,,,,
14/12/2023 12:45:00,0,171,,,,,,,,,,,,,,,,,,
14/12/2023 12:30:00,0,171,,,,,,,,,,,,,,,,,,
14/12/2023 12:15:00,0,171,,,,,,,,,,,,,,,,,,
14/12/2023 12:00:00,0,171,,,,,,,,,,,,,,,,,,
14/12/2023 11:45:00,0,171,,,,,,,,,,,,,,,,,,
14/12/2023 11:30:00,0,172,,,,,,,,,,,,,,,,,,
14/12/2023 11:15:00,0,171,,,,,,,,,,,,,,,,,,
14/12/2023 11:00:00,0,172,,,,,,,,,,,,,,,,,,
14/12/2023 10:45:00,0,172,,,,,,,,,,,,,,,,,,
14/12/2023 10:30:00,0,172,,,,,,,,,,,,,,,,,,
14/12/2023 10:15:00,0,172,,,,,,,,,,,,,,,,,,
14/12/2023 10:00:00,0,172,,,,,,,,,,,,,,,,,,
14/12/2023 09:45:00,0,172,,,,,,,,,,,,,,,,,,
14/12/2023 09:30:00,0,172,,,,,,,,,,,,,,,,,,
14/12/2023 09:15:00,0,172,,,,,,,,,,,,,,,,,,
14/12/2023 09:00:00,0,172,,,,,,,,,,,,,,,,,,
14/12/2023 08:45:00,0,172,,,,,,,,,,,,,,,,,,
14/12/2023 08:30:00,0,172,,,,,,,,,,,,,,,,,,
14/12/2023 08:15:00,0,173,,,,,,,,,,,,,,,,,,
14/12/2023 08:00:00,0,173,,,,,,,,,,,,,,,,,,
14/12/2023 07:45:00,0,173,,,,,,,,,,,,,,,,,,
14/12/2023 07:30:00,0,173,,,,,,,,,,,,,,,,,,
14/12/2023 07:15:00,0,173,,,,,,,,,,,,,,,,,,
14/12/2023 07:00:00,0,173,,,,,,,,,,,,,,,,,,
14/12/2023 06:45:00,0,173,,,,,,,,,,,,,,,,,,
14/12/2023 06:30:00,0,173,,,,,,,,,,,,,,,,,,
14/12/2023 06:15:00,0,174,,,,,,,,,,,,,,,,,,
14/12/2023 06:00:00,0,173,,,,,,,,,,,,,,,,,,
14/12/2023 05:45:00,1.2,174,,,,,,,,,,,,,,,,,,
14/12/2023 05:30:00,0,174,,,,,,,,,,,,,,,,,,
14/12/2023 05:15:00,0,174,,,,,,,,,,,,,,,,,,
14/12/2023 05:00:00,0,174,,,,,,,,,,,,,,,,,,
14/12/2023 04:45:00,0,174,,,,,,,,,,,,,,,,,,
14/12/2023 04:30:00,0,174,,,,,,,,,,,,,,,,,,
14/12/2023 04:15:00,0,174,,,,,,,,,,,,,,,,,,
14/12/2023 04:00:00,0,174,,,,,,,,,,,,,,,,,,
14/12/2023 03:45:00,0,174,,,,,,,,,,,,,,,,,,
14/12/2023 03:30:00,0,175,,,,,,,,,,,,,,,,,,
14/12/2023 03:15:00,0,175,,,,,,,,,,,,,,,,,,
14/12/2023 03:00:00,0,174,,,,,,,,,,,,,,,,,,
14/12/2023 02:45:00,0,175,,,,,,,,,,,,,,,,,,
14/12/2023 02:30:00,0,175,,,,,,,,,,,,,,,,,,
14/12/2023 02:15:00,0,175,,,,,,,,,,,,,,,,,,
14/12/2023 02:00:00,0,175,,,,,,,,,,,,,,,,,,
14/12/2023 01:45:00,0,175,,,,,,,,,,,,,,,,,,
14/12/2023 01:30:00,0,175,,,,,,,,,,,,,,,,,,
14/12/2023 01:15:00,0,176,,,,,,,,,,,,,,,,,,
14/12/2023 01:00:00,0,175,,,,,,,,,,,,,,,,,,
14/12/2023 00:45:00,0,176,,,,,,,,,,,,,,,,,,
14/12/2023 00:30:00,0,176,,,,,,,,,,,,,,,,,,
14/12/2023 00:15:00,0,176,,,,,,,,,,,,,,,,,,
14/12/2023 00:00:00,0,177,,,,,,,,,,,,,,,,,,
13/12/2023 23:45:00,0,176,,,,,,,,,,,,,,,,,,
13/12/2023 23:30:00,0,176,,,,,,,,,,,,,,,,,,
13/12/2023 23:15:00,0,176,,,,,,,,,,,,,,,,,,
13/12/2023 23:00:00,0,177,,,,,,,,,,,,,,,,,,
13/12/2023 22:45:00,0,177,,,,,,,,,,,,,,,,,,
13/12/2023 22:30:00,0,177,,,,,,,,,,,,,,,,,,
13/12/2023 22:15:00,0,177,,,,,,,,,,,,,,,,,,
13/12/2023 22:00:00,0,177,,,,,,,,,,,,,,,,,,
13/12/2023 21:45:00,0,177,,,,,,,,,,,,,,,,,,
13/12/2023 21:30:00,0,177,,,,,,,,,,,,,,,,,,
13/12/2023 21:15:00,0,177,,,,,,,,,,,,,,,,,,
13/12/2023 21:00:00,0,178,,,,,,,,,,,,,,,,,,
13/12/2023 20:45:00,0,177,,,,,,,,,,,,,,,,,,
13/12/2023 20:30:00,0,177,,,,,,,,,,,,,,,,,,
13/12/2023 20:15:00,0,178,,,,,,,,,,,,,,,,,,
13/12/2023 20:00:00,0,178,,,,,,,,,,,,,,,,,,
13/12/2023 19:45:00,0,178,,,,,,,,,,,,,,,,,,
13/12/2023 19:30:00,0,178,,,,,,,,,,,,,,,,,,
13/12/2023 19:15:00,0,178,,,,,,,,,,,,,,,,,,
13/12/2023 19:00:00,0,178,,,,,,,,,,,,,,,,,,
13/12/2023 18:45:00,0,178,,,,,,,,,,,,,,,,,,
13/12/2023 18:30:00,0,178,,,,,,,,,,,,,,,,,,
13/12/2023 18:15:00,0,178,,,,,,,,,,,,,,,,,,
13/12/2023 18:00:00,0,179,,,,,,,,,,,,,,,,,,
13/12/2023 17:45:00,0,179,,,,,,,,,,,,,,,,,,
13/12/2023 17:30:00,0,179,,,,,,,,,,,,,,,,,,
13/12/2023 17:15:00,0,179,,,,,,,,,,,,,,,,,,
13/12/2023 17:00:00,0,179,,,,,,,,,,,,,,,,,,
13/12/2023 16:45:00,0,179,,,,,,,,,,,,,,,,,,
13/12/2023 16:30:00,0,180,,,,,,,,,,,,,,,,,,
13/12/2023 16:15:00,0,180,,,,,,,,,,,,,,,,,,
13/12/2023 16:00:00,0,180,,,,,,,,,,,,,,,,,,
13/12/2023 15:45:00,0,180,,,,,,,,,,,,,,,,,,
13/12/2023 15:30:00,0,180,,,,,,,,,,,,,,,,,,
13/12/2023 15:15:00,0,180,,,,,,,,,,,,,,,,,,
13/12/2023 15:00:00,0,180,,,,,,,,,,,,,,,,,,
13/12/2023 14:45:00,0,181,,,,,,,,,,,,,,,,,,
13/12/2023 14:30:00,0,180,,,,,,,,,,,,,,,,,,
13/12/2023 14:15:00,0,181,,,,,,,,,,,,,,,,,,
13/12/2023 14:00:00,0,181,,,,,,,,,,,,,,,,,,
13/12/2023 13:45:00,0,181,,,,,,,,,,,,,,,,,,
13/12/2023 13:30:00,0,181,,,,,,,,,,,,,,,,,,
13/12/2023 13:15:00,0,181,,,,,,,,,,,,,,,,,,
13/12/2023 13:00:00,0,182,,,,,,,,,,,,,,,,,,
13/12/2023 12:45:00,0,182,,,,,,,,,,,,,,,,,,
13/12/2023 12:30:00,0,182,,,,,,,,,,,,,,,,,,
13/12/2023 12:15:00,0,182,,,,,,,,,,,,,,,,,,
13/12/2023 12:00:00,0,182,,,,,,,,,,,,,,,,,,
13/12/2023 11:45:00,0,182,,,,,,,,,,,,,,,,,,
13/12/2023 11:30:00,0,182,,,,,,,,,,,,,,,,,,
13/12/2023 11:15:00,0,182,,,,,,,,,,,,,,,,,,
13/12/2023 11:00:00,0,183,,,,,,,,,,,,,,,,,,
13/12/2023 10:45:00,0,183,,,,,,,,,,,,,,,,,,
13/12/2023 10:30:00,0,183,,,,,,,,,,,,,,,,,,
13/12/2023 10:15:00,0,183,,,,,,,,,,,,,,,,,,
13/12/2023 10:00:00,0,183,,,,,,,,,,,,,,,,,,
13/12/2023 09:45:00,0,183,,,,,,,,,,,,,,,,,,
13/12/2023 09:30:00,0,184,,,,,,,,,,,,,,,,,,
13/12/2023 09:15:00,0,184,,,,,,,,,,,,,,,,,,
13/12/2023 09:00:00,0,184,,,,,,,,,,,,,,,,,,
13/12/2023 08:45:00,0,184,,,,,,,,,,,,,,,,,,
13/12/2023 08:30:00,0,184,,,,,,,,,,,,,,,,,,
13/12/2023 08:15:00,0,185,,,,,,,,,,,,,,,,,,
13/12/2023 08:00:00,0,185,,,,,,,,,,,,,,,,,,
13/12/2023 07:45:00,0,185,,,,,,,,,,,,,,,,,,
13/12/2023 07:30:00,0,185,,,,,,,,,,,,,,,,,,
13/12/2023 07:15:00,0,185,,,,,,,,,,,,,,,,,,
13/12/2023 07:00:00,0,185,,,,,,,,,,,,,,,,,,
13/12/2023 06:45:00,0,185,,,,,,,,,,,,,,,,,,
13/12/2023 06:30:00,0,186,,,,,,,,,,,,,,,,,,
13/12/2023 06:15:00,0,185,,,,,,,,,,,,,,,,,,
13/12/2023 06:00:00,0,186,,,,,,,,,,,,,,,,,,
13/12/2023 05:45:00,0,186,,,,,,,,,,,,,,,,,,
13/12/2023 05:30:00,0,186,,,,,,,,,,,,,,,,,,
13/12/2023 05:15:00,0,187,,,,,,,,,,,,,,,,,,
13/12/2023 05:00:00,0,187,,,,,,,,,,,,,,,,,,
13/12/2023 04:45:00,0,187,,,,,,,,,,,,,,,,,,
13/12/2023 04:30:00,0,187,,,,,,,,,,,,,,,,,,
13/12/2023 04:15:00,0,187,,,,,,,,,,,,,,,,,,
13/12/2023 04:00:00,0,188,,,,,,,,,,,,,,,,,,
13/12/2023 03:45:00,0,188,,,,,,,,,,,,,,,,,,
13/12/2023 03:30:00,0,187,,,,,,,,,,,,,,,,,,
13/12/2023 03:15:00,0,188,,,,,,,,,,,,,,,,,,
13/12/2023 03:00:00,0,188,,,,,,,,,,,,,,,,,,
13/12/2023 02:45:00,0,188,,,,,,,,,,,,,,,,,,
13/12/2023 02:30:00,0,188,,,,,,,,,,,,,,,,,,
13/12/2023 02:15:00,0,188,,,,,,,,,,,,,,,,,,
13/12/2023 02:00:00,0,188,,,,,,,,,,,,,,,,,,
13/12/2023 01:45:00,0,189,,,,,,,,,,,,,,,,,,
13/12/2023 01:30:00,0,189,,,,,,,,,,,,,,,,,,
13/12/2023 01:15:00,0,189,,,,,,,,,,,,,,,,,,
13/12/2023 01:00:00,0,189,,,,,,,,,,,,,,,,,,
13/12/2023 00:45:00,0,189,,,,,,,,,,,,,,,,,,
13/12/2023 00:30:00,0,190,,,,,,,,,,,,,,,,,,
13/12/2023 00:15:00,0,190,,,,,,,,,,,,,,,,,,
13/12/2023 00:00:00,0,190,,,,,,,,,,,,,,,,,,
12/12/2023 23:45,0,190,,,,,,,,,,,,,,,,,,
12/12/2023 23:30,0,190,,,,,,,,,,,,,,,,,,
12/12/2023 23:15,0,190,,,,,,,,,,,,,,,,,,
12/12/2023 23:00,0,190,,,,,,,,,,,,,,,,,,
12/12/2023 22:45,0,190,,,,,,,,,,,,,,,,,,
12/12/2023 22:30,0,191,,,,,,,,,,,,,,,,,,
12/12/2023 22:15,0,191,,,,,,,,,,,,,,,,,,
12/12/2023 22:00,0,191,,,,,,,,,,,,,,,,,,
12/12/2023 21:45,0,191,,,,,,,,,,,,,,,,,,
12/12/2023 21:30,0,191,,,,,,,,,,,,,,,,,,
12/12/2023 21:15,0,192,,,,,,,,,,,,,,,,,,
12/12/2023 21:00,0,191,,,,,,,,,,,,,,,,,,
12/12/2023 20:45,0,192,,,,,,,,,,,,,,,,,,
12/12/2023 20:30,0,192,,,,,,,,,,,,,,,,,,
12/12/2023 20:15,0,191,,,,,,,,,,,,,,,,,,
12/12/2023 20:00,0,192,,,,,,,,,,,,,,,,,,
12/12/2023 19:45,0,192,,,,,,,,,,,,,,,,,,
12/12/2023 19:30,0,192,,,,,,,,,,,,,,,,,,
12/12/2023 19:15,0,192,,,,,,,,,,,,,,,,,,
12/12/2023 19:00,0,192,,,,,,,,,,,,,,,,,,
12/12/2023 18:45,0,192,,,,,,,,,,,,,,,,,,
12/12/2023 18:30,0,193,,,,,,,,,,,,,,,,,,
12/12/2023 18:15,0,193,,,,,,,,,,,,,,,,,,
12/12/2023 18:00,0,193,,,,,,,,,,,,,,,,,,
12/12/2023 17:45,0,193,,,,,,,,,,,,,,,,,,
12/12/2023 17:30,0,193,,,,,,,,,,,,,,,,,,
12/12/2023 17:15,0,194,,,,,,,,,,,,,,,,,,
12/12/2023 17:00,0,194,,,,,,,,,,,,,,,,,,
12/12/2023 16:45,0,194,,,,,,,,,,,,,,,,,,
12/12/2023 16:30,0,194,,,,,,,,,,,,,,,,,,
12/12/2023 16:15,0,194,,,,,,,,,,,,,,,,,,
12/12/2023 16:00,0,194,,,,,,,,,,,,,,,,,,
12/12/2023 15:45,0,194,,,,,,,,,,,,,,,,,,
12/12/2023 15:30,0,195,,,,,,,,,,,,,,,,,,
12/12/2023 15:15,0,195,,,,,,,,,,,,,,,,,,
12/12/2023 15:00,0,195,,,,,,,,,,,,,,,,,,
12/12/2023 14:45,0,195,,,,,,,,,,,,,,,,,,
12/12/2023 14:30,0,195,,,,,,,,,,,,,,,,,,
12/12/2023 14:15,0,196,,,,,,,,,,,,,,,,,,
12/12/2023 14:00,0,196,,,,,,,,,,,,,,,,,,
12/12/2023 13:45,0,196,,,,,,,,,,,,,,,,,,
12/12/2023 13:30,0,196,,,,,,,,,,,,,,,,,,
12/12/2023 13:15,0,197,,,,,,,,,,,,,,,,,,
12/12/2023 13:00,0,197,,,,,,,,,,,,,,,,,,
12/12/2023 12:45,0,197,,,,,,,,,,,,,,,,,,
12/12/2023 12:30,0,197,,,,,,,,,,,,,,,,,,
12/12/2023 12:15,0,197,,,,,,,,,,,,,,,,,,
12/12/2023 12:00,0,198,,,,,,,,,,,,,,,,,,
12/12/2023 11:45,0,197,,,,,,,,,,,,,,,,,,
12/12/2023 11:30,0,198,,,,,,,,,,,,,,,,,,
12/12/2023 11:15,0,198,,,,,,,,,,,,,,,,,,
12/12/2023 11:00,0,198,,,,,,,,,,,,,,,,,,
12/12/2023 10:45,0,198,,,,,,,,,,,,,,,,,,
12/12/2023 10:30,0,198,,,,,,,,,,,,,,,,,,
12/12/2023 10:15,0,199,,,,,,,,,,,,,,,,,,
12/12/2023 10:00,0,199,,,,,,,,,,,,,,,,,,
12/12/2023 9:45,0,199,,,,,,,,,,,,,,,,,,
12/12/2023 9:30,0,199,,,,,,,,,,,,,,,,,,
12/12/2023 9:15,0,199,,,,,,,,,,,,,,,,,,
12/12/2023 9:00,0,199,,,,,,,,,,,,,,,,,,
12/12/2023 8:45,0,200,,,,,,,,,,,,,,,,,,
12/12/2023 8:30,0,200,,,,,,,,,,,,,,,,,,
12/12/2023 8:15,0,200,,,,,,,,,,,,,,,,,,
12/12/2023 8:00,0,200,,,,,,,,,,,,,,,,,,
12/12/2023 7:45,0,201,,,,,,,,,,,,,,,,,,
12/12/2023 7:30,0,201,,,,,,,,,,,,,,,,,,
12/12/2023 7:15,0,201,,,,,,,,,,,,,,,,,,
12/12/2023 7:00,0,201,,,,,,,,,,,,,,,,,,
12/12/2023 6:45,0,202,,,,,,,,,,,,,,,,,,
12/12/2023 6:30,0,201,,,,,,,,,,,,,,,,,,
12/12/2023 6:15,0,202,,,,,,,,,,,,,,,,,,
12/12/2023 6:00,0,202,,,,,,,,,,,,,,,,,,
12/12/2023 5:45,0,202,,,,,,,,,,,,,,,,,,
12/12/2023 5:30,0,202,,,,,,,,,,,,,,,,,,
12/12/2023 5:15,0,202,,,,,,,,,,,,,,,,,,
12/12/2023 5:00,0,202,,,,,,,,,,,,,,,,,,
12/12/2023 4:45,0,203,,,,,,,,,,,,,,,,,,
12/12/2023 4:30,0,203,,,,,,,,,,,,,,,,,,
12/12/2023 4:15,0,203,,,,,,,,,,,,,,,,,,
12/12/2023 4:00,0,203,,,,,,,,,,,,,,,,,,
12/12/2023 3:45,0,203,,,,,,,,,,,,,,,,,,
12/12/2023 3:30,0,204,,,,,,,,,,,,,,,,,,
12/12/2023 3:15,0,204,,,,,,,,,,,,,,,,,,
12/12/2023 3:00,0,204,,,,,,,,,,,,,,,,,,
12/12/2023 2:45,0,205,,,,,,,,,,,,,,,,,,
12/12/2023 2:30,0,204,,,,,,,,,,,,,,,,,,
12/12/2023 2:15,0,205,,,,,,,,,,,,,,,,,,
12/12/2023 2:00,0,205,,,,,,,,,,,,,,,,,,
12/12/2023 1:45,0,205,,,,,,,,,,,,,,,,,,
12/12/2023 1:30,0,206,,,,,,,,,,,,,,,,,,
12/12/2023 1:15,0,205,,,,,,,,,,,,,,,,,,
12/12/2023 1:00,0,206,,,,,,,,,,,,,,,,,,
12/12/2023 0:45,0,206,,,,,,,,,,,,,,,,,,
12/12/2023 0:30,0,206,,,,,,,,,,,,,,,,,,
12/12/2023 0:15,0,206,,,,,,,,,,,,,,,,,,
12/12/2023 0:00,0,207,,,,,,,,,,,,,,,,,,
11/12/2023 23:45,0,207,,,,,,,,,,,,,,,,,,
11/12/2023 23:30,0,207,,,,,,,,,,,,,,,,,,
11/12/2023 23:15,0,207,,,,,,,,,,,,,,,,,,
11/12/2023 23:00,0,207,,,,,,,,,,,,,,,,,,
11/12/2023 22:45,0,208,,,,,,,,,,,,,,,,,,
11/12/2023 22:30,0,208,,,,,,,,,,,,,,,,,,
11/12/2023 22:15,0,208,,,,,,,,,,,,,,,,,,
11/12/2023 22:00,0,208,,,,,,,,,,,,,,,,,,
11/12/2023 21:45,0,208,,,,,,,,,,,,,,,,,,
11/12/2023 21:30,0,208,,,,,,,,,,,,,,,,,,
11/12/2023 21:15,0,209,,,,,,,,,,,,,,,,,,
11/12/2023 21:00,0,209,,,,,,,,,,,,,,,,,,
11/12/2023 20:45,0,209,,,,,,,,,,,,,,,,,,
11/12/2023 20:30,0,209,,,,,,,,,,,,,,,,,,
11/12/2023 20:15,0,209,,,,,,,,,,,,,,,,,,
11/12/2023 20:00,0,209,,,,,,,,,,,,,,,,,,
11/12/2023 19:45,0,209,,,,,,,,,,,,,,,,,,
11/12/2023 19:30,0,210,,,,,,,,,,,,,,,,,,
11/12/2023 19:15,0,210,,,,,,,,,,,,,,,,,,
11/12/2023 19:00,0,210,,,,,,,,,,,,,,,,,,
11/12/2023 18:45,0,210,,,,,,,,,,,,,,,,,,
11/12/2023 18:30,0,210,,,,,,,,,,,,,,,,,,
11/12/2023 18:15,0,210,,,,,,,,,,,,,,,,,,
11/12/2023 18:00,0,210,,,,,,,,,,,,,,,,,,
11/12/2023 17:45,0,211,,,,,,,,,,,,,,,,,,
11/12/2023 17:30,0,210,,,,,,,,,,,,,,,,,,
11/12/2023 17:15,0,211,,,,,,,,,,,,,,,,,,
11/12/2023 17:00,0,211,,,,,,,,,,,,,,,,,,
11/12/2023 16:45,0,211,,,,,,,,,,,,,,,,,,
11/12/2023 16:30,0,211,,,,,,,,,,,,,,,,,,
11/12/2023 16:15,0,211,,,,,,,,,,,,,,,,,,
11/12/2023 16:00,0,212,,,,,,,,,,,,,,,,,,
11/12/2023 15:45,0,212,,,,,,,,,,,,,,,,,,
11/12/2023 15:30,0,212,,,,,,,,,,,,,,,,,,
11/12/2023 15:15,0,211,,,,,,,,,,,,,,,,,,
11/12/2023 15:00,0,212,,,,,,,,,,,,,,,,,,
11/12/2023 14:45,0,212,,,,,,,,,,,,,,,,,,
11/12/2023 14:30,0,213,,,,,,,,,,,,,,,,,,
11/12/2023 14:15,0,212,,,,,,,,,,,,,,,,,,
11/12/2023 14:00,0,212,,,,,,,,,,,,,,,,,,
11/12/2023 13:45,0,213,,,,,,,,,,,,,,,,,,
11/12/2023 13:30,0,213,,,,,,,,,,,,,,,,,,
11/12/2023 13:15,0,213,,,,,,,,,,,,,,,,,,
11/12/2023 13:00,0,213,,,,,,,,,,,,,,,,,,
11/12/2023 12:45,0,213,,,,,,,,,,,,,,,,,,
11/12/2023 12:30,0,214,,,,,,,,,,,,,,,,,,
11/12/2023 12:15,0,215,,,,,,,,,,,,,,,,,,
11/12/2023 12:00,0,214,,,,,,,,,,,,,,,,,,
11/12/2023 11:45,0,214,,,,,,,,,,,,,,,,,,
11/12/2023 11:30,0,214,,,,,,,,,,,,,,,,,,
11/12/2023 11:15,0,215,,,,,,,,,,,,,,,,,,
11/12/2023 11:00,0,215,,,,,,,,,,,,,,,,,,
11/12/2023 10:45,0,215,,,,,,,,,,,,,,,,,,
11/12/2023 10:30,0,215,,,,,,,,,,,,,,,,,,
11/12/2023 10:15,0,215,,,,,,,,,,,,,,,,,,
11/12/2023 10:00,0,216,,,,,,,,,,,,,,,,,,
11/12/2023 9:45,0,216,,,,,,,,,,,,,,,,,,
11/12/2023 9:30,0,216,,,,,,,,,,,,,,,,,,
11/12/2023 9:15,0,217,,,,,,,,,,,,,,,,,,
11/12/2023 9:00,0,217,,,,,,,,,,,,,,,,,,
11/12/2023 8:45,0,217,,,,,,,,,,,,,,,,,,
11/12/2023 8:30,0,218,,,,,,,,,,,,,,,,,,
11/12/2023 8:15,0,218,,,,,,,,,,,,,,,,,,
11/12/2023 8:00,0,218,,,,,,,,,,,,,,,,,,
11/12/2023 7:45,0,219,,,,,,,,,,,,,,,,,,
11/12/2023 7:30,0,219,,,,,,,,,,,,,,,,,,
11/12/2023 7:15,0,220,,,,,,,,,,,,,,,,,,
11/12/2023 7:00,0,220,,,,,,,,,,,,,,,,,,
11/12/2023 6:45,0,220,,,,,,,,,,,,,,,,,,
11/12/2023 6:30,0,221,,,,,,,,,,,,,,,,,,
11/12/2023 6:15,0,221,,,,,,,,,,,,,,,,,,
11/12/2023 6:00,0,222,,,,,,,,,,,,,,,,,,
11/12/2023 5:45,0,222,,,,,,,,,,,,,,,,,,
11/12/2023 5:30,0,222,,,,,,,,,,,,,,,,,,
11/12/2023 5:15,0,223,,,,,,,,,,,,,,,,,,
11/12/2023 5:00,0,223,,,,,,,,,,,,,,,,,,
11/12/2023 4:45,0,224,,,,,,,,,,,,,,,,,,
11/12/2023 4:30,0,224,,,,,,,,,,,,,,,,,,
11/12/2023 4:15,0,224,,,,,,,,,,,,,,,,,,
11/12/2023 4:00,0,224,,,,,,,,,,,,,,,,,,
11/12/2023 3:45,0,225,,,,,,,,,,,,,,,,,,
11/12/2023 3:30,0,225,,,,,,,,,,,,,,,,,,
11/12/2023 3:15,0,225,,,,,,,,,,,,,,,,,,
11/12/2023 3:00,0,226,,,,,,,,,,,,,,,,,,
11/12/2023 2:45,0,226,,,,,,,,,,,,,,,,,,
11/12/2023 2:30,0,226,,,,,,,,,,,,,,,,,,
11/12/2023 2:15,0,226,,,,,,,,,,,,,,,,,,
11/12/2023 2:00,0,227,,,,,,,,,,,,,,,,,,
11/12/2023 1:45,0,227,,,,,,,,,,,,,,,,,,
11/12/2023 1:30,0,227,,,,,,,,,,,,,,,,,,
11/12/2023 1:15,0,227,,,,,,,,,,,,,,,,,,
11/12/2023 1:00,0,228,,,,,,,,,,,,,,,,,,
11/12/2023 0:45,0,228,,,,,,,,,,,,,,,,,,
11/12/2023 0:30,0,228,,,,,,,,,,,,,,,,,,
11/12/2023 0:15,0,228,,,,,,,,,,,,,,,,,,
11/12/2023 0:00,0,228,,,,,,,,,,,,,,,,,,
10/12/2023 23:45,0,228,,,,,,,,,,,,,,,,,,
10/12/2023 23:30,0,228,,,,,,,,,,,,,,,,,,
10/12/2023 23:15,0,229,,,,,,,,,,,,,,,,,,
10/12/2023 23:00,0,229,,,,,,,,,,,,,,,,,,
10/12/2023 22:45,0,229,,,,,,,,,,,,,,,,,,
10/12/2023 22:30,0,229,,,,,,,,,,,,,,,,,,
10/12/2023 22:15,0,230,,,,,,,,,,,,,,,,,,
10/12/2023 22:00,0,230,,,,,,,,,,,,,,,,,,
10/12/2023 21:45,0,230,,,,,,,,,,,,,,,,,,
10/12/2023 21:30,0,230,,,,,,,,,,,,,,,,,,
10/12/2023 21:15,0,230,,,,,,,,,,,,,,,,,,
10/12/2023 21:00,0,230,,,,,,,,,,,,,,,,,,
10/12/2023 20:45,0,231,,,,,,,,,,,,,,,,,,
10/12/2023 20:30,0,230,,,,,,,,,,,,,,,,,,
10/12/2023 20:15,0,230,,,,,,,,,,,,,,,,,,
10/12/2023 20:00,0,230,,,,,,,,,,,,,,,,,,
10/12/2023 19:45,0,230,,,,,,,,,,,,,,,,,,
10/12/2023 19:30,0,229,,,,,,,,,,,,,,,,,,
10/12/2023 19:15,0,229,,,,,,,,,,,,,,,,,,
10/12/2023 19:00,0,230,,,,,,,,,,,,,,,,,,
10/12/2023 18:45,0,229,,,,,,,,,,,,,,,,,,
10/12/2023 18:30,0,228,,,,,,,,,,,,,,,,,,
10/12/2023 18:15,0,228,,,,,,,,,,,,,,,,,,
10/12/2023 18:00,0,227,,,,,,,,,,,,,,,,,,
10/12/2023 17:45,0,227,,,,,,,,,,,,,,,,,,
10/12/2023 17:30,0,226,,,,,,,,,,,,,,,,,,
10/12/2023 17:15,0,226,,,,,,,,,,,,,,,,,,
10/12/2023 17:00,0,225,,,,,,,,,,,,,,,,,,
10/12/2023 16:45,0,224,,,,,,,,,,,,,,,,,,
10/12/2023 16:30,0,224,,,,,,,,,,,,,,,,,,
10/12/2023 16:15,0,224,,,,,,,,,,,,,,,,,,
10/12/2023 16:00,0,223,,,,,,,,,,,,,,,,,,
10/12/2023 15:45,0,222,,,,,,,,,,,,,,,,,,
10/12/2023 15:30,0,221,,,,,,,,,,,,,,,,,,
10/12/2023 15:15,0,221,,,,,,,,,,,,,,,,,,
10/12/2023 15:00,0,220,,,,,,,,,,,,,,,,,,
10/12/2023 14:45,0,220,,,,,,,,,,,,,,,,,,
10/12/2023 14:30,0,220,,,,,,,,,,,,,,,,,,
10/12/2023 14:15,0,220,,,,,,,,,,,,,,,,,,
10/12/2023 14:00,0,219,,,,,,,,,,,,,,,,,,
10/12/2023 13:45,0.8,219,,,,,,,,,,,,,,,,,,
10/12/2023 13:30,7,219,,,,,,,,,,,,,,,,,,
10/12/2023 13:15,1.4,219,,,,,,,,,,,,,,,,,,
10/12/2023 13:00,0.8,219,,,,,,,,,,,,,,,,,,
10/12/2023 12:45,2,219,,,,,,,,,,,,,,,,,,
10/12/2023 12:30,1,219,,,,,,,,,,,,,,,,,,
10/12/2023 12:15,0,219,,,,,,,,,,,,,,,,,,
10/12/2023 12:00,0,219,,,,,,,,,,,,,,,,,,
10/12/2023 11:45,0,220,,,,,,,,,,,,,,,,,,
10/12/2023 11:30,0,219,,,,,,,,,,,,,,,,,,
10/12/2023 11:15,0,220,,,,,,,,,,,,,,,,,,
10/12/2023 11:00,0,220,,,,,,,,,,,,,,,,,,
10/12/2023 10:45,0,220,,,,,,,,,,,,,,,,,,
10/12/2023 10:30,0,220,,,,,,,,,,,,,,,,,,
10/12/2023 10:15,0,220,,,,,,,,,,,,,,,,,,
10/12/2023 10:00,0,221,,,,,,,,,,,,,,,,,,
10/12/2023 9:45,0,221,,,,,,,,,,,,,,,,,,
10/12/2023 9:30,0,221,,,,,,,,,,,,,,,,,,
10/12/2023 9:15,0,221,,,,,,,,,,,,,,,,,,
10/12/2023 9:00,0,222,,,,,,,,,,,,,,,,,,
10/12/2023 8:45,0,221,,,,,,,,,,,,,,,,,,
10/12/2023 8:30,0,222,,,,,,,,,,,,,,,,,,
10/12/2023 8:15,0,222,,,,,,,,,,,,,,,,,,
10/12/2023 8:00,0,223,,,,,,,,,,,,,,,,,,
10/12/2023 7:45,0,223,,,,,,,,,,,,,,,,,,
10/12/2023 7:30,0,223,,,,,,,,,,,,,,,,,,
10/12/2023 7:15,0,223,,,,,,,,,,,,,,,,,,
10/12/2023 7:00,0,224,,,,,,,,,,,,,,,,,,
10/12/2023 6:45,0,224,,,,,,,,,,,,,,,,,,
10/12/2023 6:30,0,224,,,,,,,,,,,,,,,,,,
10/12/2023 6:15,0,224,,,,,,,,,,,,,,,,,,
10/12/2023 6:00,0,225,,,,,,,,,,,,,,,,,,
10/12/2023 5:45,0,225,,,,,,,,,,,,,,,,,,
10/12/2023 5:30,0,225,,,,,,,,,,,,,,,,,,
10/12/2023 5:15,0,225,,,,,,,,,,,,,,,,,,
10/12/2023 5:00,0,225,,,,,,,,,,,,,,,,,,
10/12/2023 4:45,0,226,,,,,,,,,,,,,,,,,,
10/12/2023 4:30,0,226,,,,,,,,,,,,,,,,,,
10/12/2023 4:15,0,226,,,,,,,,,,,,,,,,,,
10/12/2023 4:00,0,227,,,,,,,,,,,,,,,,,,
10/12/2023 3:45,0,227,,,,,,,,,,,,,,,,,,
10/12/2023 3:30,0,228,,,,,,,,,,,,,,,,,,
10/12/2023 3:15,0,228,,,,,,,,,,,,,,,,,,
10/12/2023 3:00,0,228,,,,,,,,,,,,,,,,,,
10/12/2023 2:45,0,228,,,,,,,,,,,,,,,,,,
10/12/2023 2:30,0,229,,,,,,,,,,,,,,,,,,
10/12/2023 2:15,0,229,,,,,,,,,,,,,,,,,,
10/12/2023 2:00,0,229,,,,,,,,,,,,,,,,,,
10/12/2023 1:45,0,229,,,,,,,,,,,,,,,,,,
10/12/2023 1:30,0,229,,,,,,,,,,,,,,,,,,
10/12/2023 1:15,0,230,,,,,,,,,,,,,,,,,,
10/12/2023 1:00,0,230,,,,,,,,,,,,,,,,,,
10/12/2023 0:45,0,230,,,,,,,,,,,,,,,,,,
10/12/2023 0:30,0,231,,,,,,,,,,,,,,,,,,
10/12/2023 0:15,0,231,,,,,,,,,,,,,,,,,,
10/12/2023 0:00,0,231,,,,,,,,,,,,,,,,,,
9/12/2023 23:45,0,231,,,,,,,,,,,,,,,,,,
9/12/2023 23:30,0,232,,,,,,,,,,,,,,,,,,
9/12/2023 23:15,0,232,,,,,,,,,,,,,,,,,,
9/12/2023 23:00,0,232,,,,,,,,,,,,,,,,,,
9/12/2023 22:45,0,232,,,,,,,,,,,,,,,,,,
9/12/2023 22:30,0,233,,,,,,,,,,,,,,,,,,
9/12/2023 22:15,0,233,,,,,,,,,,,,,,,,,,
9/12/2023 22:00,0,233,,,,,,,,,,,,,,,,,,
9/12/2023 21:45,0,233,,,,,,,,,,,,,,,,,,
9/12/2023 21:30,0,234,,,,,,,,,,,,,,,,,,
9/12/2023 21:15,0,234,,,,,,,,,,,,,,,,,,
9/12/2023 21:00,0,234,,,,,,,,,,,,,,,,,,
9/12/2023 20:45,0,235,,,,,,,,,,,,,,,,,,
9/12/2023 20:30,0,235,,,,,,,,,,,,,,,,,,
9/12/2023 20:15,0,235,,,,,,,,,,,,,,,,,,
9/12/2023 20:00,0,235,,,,,,,,,,,,,,,,,,
9/12/2023 19:45,0,236,,,,,,,,,,,,,,,,,,
9/12/2023 19:30,0,236,,,,,,,,,,,,,,,,,,
9/12/2023 19:15,0,237,,,,,,,,,,,,,,,,,,
9/12/2023 19:00,0,237,,,,,,,,,,,,,,,,,,
9/12/2023 18:45,0,237,,,,,,,,,,,,,,,,,,
9/12/2023 18:30,0,237,,,,,,,,,,,,,,,,,,
9/12/2023 18:15,0,237,,,,,,,,,,,,,,,,,,
9/12/2023 18:00,0,237,,,,,,,,,,,,,,,,,,
9/12/2023 17:45,0,238,,,,,,,,,,,,,,,,,,
9/12/2023 17:30,0,238,,,,,,,,,,,,,,,,,,
9/12/2023 17:15,0,238,,,,,,,,,,,,,,,,,,
9/12/2023 17:00,0,238,,,,,,,,,,,,,,,,,,
9/12/2023 16:45,0,238,,,,,,,,,,,,,,,,,,
9/12/2023 16:30,0,239,,,,,,,,,,,,,,,,,,
9/12/2023 16:15,0,239,,,,,,,,,,,,,,,,,,
9/12/2023 16:00,0,239,,,,,,,,,,,,,,,,,,
9/12/2023 15:45,0,239,,,,,,,,,,,,,,,,,,
9/12/2023 15:30,0,239,,,,,,,,,,,,,,,,,,
9/12/2023 15:15,0,240,,,,,,,,,,,,,,,,,,
9/12/2023 15:00,0,239,,,,,,,,,,,,,,,,,,
9/12/2023 14:45,0,240,,,,,,,,,,,,,,,,,,
9/12/2023 14:30,0,240,,,,,,,,,,,,,,,,,,
9/12/2023 14:15,0,240,,,,,,,,,,,,,,,,,,
9/12/2023 14:00,0,241,,,,,,,,,,,,,,,,,,
9/12/2023 13:45,0,241,,,,,,,,,,,,,,,,,,
9/12/2023 13:30,0,241,,,,,,,,,,,,,,,,,,
9/12/2023 13:15,0,242,,,,,,,,,,,,,,,,,,
9/12/2023 13:00,0,241,,,,,,,,,,,,,,,,,,
9/12/2023 12:45,0,242,,,,,,,,,,,,,,,,,,
9/12/2023 12:30,0,242,,,,,,,,,,,,,,,,,,
9/12/2023 12:15,0,242,,,,,,,,,,,,,,,,,,
9/12/2023 12:00,0,243,,,,,,,,,,,,,,,,,,
9/12/2023 11:45,0,243,,,,,,,,,,,,,,,,,,
9/12/2023 11:30,0,244,,,,,,,,,,,,,,,,,,
9/12/2023 11:15,0,244,,,,,,,,,,,,,,,,,,
9/12/2023 11:00,0,244,,,,,,,,,,,,,,,,,,
9/12/2023 10:45,0,245,,,,,,,,,,,,,,,,,,
9/12/2023 10:30,0,245,,,,,,,,,,,,,,,,,,
9/12/2023 10:15,0,245,,,,,,,,,,,,,,,,,,
9/12/2023 10:00,0,246,,,,,,,,,,,,,,,,,,
9/12/2023 9:45,0,246,,,,,,,,,,,,,,,,,,
9/12/2023 9:30,0,246,,,,,,,,,,,,,,,,,,
9/12/2023 9:15,0,247,,,,,,,,,,,,,,,,,,
9/12/2023 9:00,0,247,,,,,,,,,,,,,,,,,,
9/12/2023 8:45,0,247,,,,,,,,,,,,,,,,,,
9/12/2023 8:30,0,247,,,,,,,,,,,,,,,,,,
9/12/2023 8:15,0,248,,,,,,,,,,,,,,,,,,
9/12/2023 8:00,0,249,,,,,,,,,,,,,,,,,,
9/12/2023 7:45,0,249,,,,,,,,,,,,,,,,,,
9/12/2023 7:30,0,250,,,,,,,,,,,,,,,,,,
9/12/2023 7:15,0,250,,,,,,,,,,,,,,,,,,
9/12/2023 7:00,0,250,,,,,,,,,,,,,,,,,,
9/12/2023 6:45,0,251,,,,,,,,,,,,,,,,,,
9/12/2023 6:30,0,251,,,,,,,,,,,,,,,,,,
9/12/2023 6:15,0,252,,,,,,,,,,,,,,,,,,
9/12/2023 6:00,0,252,,,,,,,,,,,,,,,,,,
9/12/2023 5:45,0,252,,,,,,,,,,,,,,,,,,
9/12/2023 5:30,0,253,,,,,,,,,,,,,,,,,,
9/12/2023 5:15,0,253,,,,,,,,,,,,,,,,,,
9/12/2023 5:00,0,254,,,,,,,,,,,,,,,,,,
9/12/2023 4:45,0,255,,,,,,,,,,,,,,,,,,
9/12/2023 4:30,0,255,,,,,,,,,,,,,,,,,,
9/12/2023 4:15,0,255,,,,,,,,,,,,,,,,,,
9/12/2023 4:00,0,256,,,,,,,,,,,,,,,,,,
9/12/2023 3:45,0,256,,,,,,,,,,,,,,,,,,
9/12/2023 3:30,0,257,,,,,,,,,,,,,,,,,,
9/12/2023 3:15,0,258,,,,,,,,,,,,,,,,,,
9/12/2023 3:00,0,257,,,,,,,,,,,,,,,,,,
9/12/2023 2:45,0,259,,,,,,,,,,,,,,,,,,
9/12/2023 2:30,0,259,,,,,,,,,,,,,,,,,,
9/12/2023 2:15,0,260,,,,,,,,,,,,,,,,,,
9/12/2023 2:00,0,261,,,,,,,,,,,,,,,,,,
9/12/2023 1:45,0,261,,,,,,,,,,,,,,,,,,
9/12/2023 1:30,0,261,,,,,,,,,,,,,,,,,,
9/12/2023 1:15,0,262,,,,,,,,,,,,,,,,,,
9/12/2023 1:00,0,263,,,,,,,,,,,,,,,,,,
9/12/2023 0:45,0,263,,,,,,,,,,,,,,,,,,
9/12/2023 0:30,0,264,,,,,,,,,,,,,,,,,,
9/12/2023 0:15,0,264,,,,,,,,,,,,,,,,,,
9/12/2023 0:00,0,265,,,,,,,,,,,,,,,,,,
8/12/2023 23:45,0,266,,,,,,,,,,,,,,,,,,
8/12/2023 23:30,0,266,,,,,,,,,,,,,,,,,,
8/12/2023 23:15,0,267,,,,,,,,,,,,,,,,,,
8/12/2023 23:00,0,268,,,,,,,,,,,,,,,,,,
8/12/2023 22:45,0,268,,,,,,,,,,,,,,,,,,
8/12/2023 22:30,0,269,,,,,,,,,,,,,,,,,,
8/12/2023 22:15,0,269,,,,,,,,,,,,,,,,,,
8/12/2023 22:00,0,270,,,,,,,,,,,,,,,,,,
8/12/2023 21:45,0,271,,,,,,,,,,,,,,,,,,
8/12/2023 21:30,0,270,,,,,,,,,,,,,,,,,,
8/12/2023 21:15,0,271,,,,,,,,,,,,,,,,,,
8/12/2023 21:00,0,272,,,,,,,,,,,,,,,,,,
8/12/2023 20:45,0,272,,,,,,,,,,,,,,,,,,
8/12/2023 20:30,0,273,,,,,,,,,,,,,,,,,,
8/12/2023 20:15,0,273,,,,,,,,,,,,,,,,,,
8/12/2023 20:00,0,274,,,,,,,,,,,,,,,,,,
8/12/2023 19:45,0,274,,,,,,,,,,,,,,,,,,
8/12/2023 19:30,0,275,,,,,,,,,,,,,,,,,,
8/12/2023 19:15,0,275,,,,,,,,,,,,,,,,,,
8/12/2023 19:00,0,275,,,,,,,,,,,,,,,,,,
8/12/2023 18:45,0,276,,,,,,,,,,,,,,,,,,
8/12/2023 18:30,0,276,,,,,,,,,,,,,,,,,,
8/12/2023 18:15,0,276,,,,,,,,,,,,,,,,,,
8/12/2023 18:00,0,276,,,,,,,,,,,,,,,,,,
8/12/2023 17:45,0,277,,,,,,,,,,,,,,,,,,
8/12/2023 17:30,0,277,,,,,,,,,,,,,,,,,,
8/12/2023 17:15,0,277,,,,,,,,,,,,,,,,,,
8/12/2023 17:00,0,278,,,,,,,,,,,,,,,,,,
8/12/2023 16:45,0,278,,,,,,,,,,,,,,,,,,
8/12/2023 16:30,0,279,,,,,,,,,,,,,,,,,,
8/12/2023 16:15,0,279,,,,,,,,,,,,,,,,,,
8/12/2023 16:00,0,280,,,,,,,,,,,,,,,,,,
8/12/2023 15:45,0,280,,,,,,,,,,,,,,,,,,
8/12/2023 15:30,0,280,,,,,,,,,,,,,,,,,,
8/12/2023 15:15,0,280,,,,,,,,,,,,,,,,,,
8/12/2023 15:00,0,281,,,,,,,,,,,,,,,,,,
8/12/2023 14:45,0,281,,,,,,,,,,,,,,,,,,
8/12/2023 14:30,0,281,,,,,,,,,,,,,,,,,,
8/12/2023 14:15,0,282,,,,,,,,,,,,,,,,,,
8/12/2023 14:00,0,282,,,,,,,,,,,,,,,,,,
8/12/2023 13:45,0,282,,,,,,,,,,,,,,,,,,
8/12/2023 13:30,0,283,,,,,,,,,,,,,,,,,,
8/12/2023 13:15,0,283,,,,,,,,,,,,,,,,,,
8/12/2023 13:00,0,283,,,,,,,,,,,,,,,,,,
8/12/2023 12:45,0,283,,,,,,,,,,,,,,,,,,
8/12/2023 12:30,0,284,,,,,,,,,,,,,,,,,,
8/12/2023 12:15,0,283,,,,,,,,,,,,,,,,,,
8/12/2023 12:00,0,284,,,,,,,,,,,,,,,,,,
8/12/2023 11:45,0,284,,,,,,,,,,,,,,,,,,
8/12/2023 11:30,0,284,,,,,,,,,,,,,,,,,,
8/12/2023 11:15,0,285,,,,,,,,,,,,,,,,,,
8/12/2023 11:00,0,285,,,,,,,,,,,,,,,,,,
8/12/2023 10:45,0,285,,,,,,,,,,,,,,,,,,
8/12/2023 10:30,0,285,,,,,,,,,,,,,,,,,,
8/12/2023 10:15,0,285,,,,,,,,,,,,,,,,,,
8/12/2023 10:00,0,285,,,,,,,,,,,,,,,,,,
8/12/2023 9:45,0,284,,,,,,,,,,,,,,,,,,
8/12/2023 9:30,0,284,,,,,,,,,,,,,,,,,,
8/12/2023 9:15,0,284,,,,,,,,,,,,,,,,,,
8/12/2023 9:00,0,284,,,,,,,,,,,,,,,,,,
8/12/2023 8:45,0,284,,,,,,,,,,,,,,,,,,
8/12/2023 8:30,0,284,,,,,,,,,,,,,,,,,,
8/12/2023 8:15,0,283,,,,,,,,,,,,,,,,,,
8/12/2023 8:00,0,283,,,,,,,,,,,,,,,,,,
8/12/2023 7:45,0,281,,,,,,,,,,,,,,,,,,
8/12/2023 7:30,0,281,,,,,,,,,,,,,,,,,,
8/12/2023 7:15,0,281,,,,,,,,,,,,,,,,,,
8/12/2023 7:00,0,281,,,,,,,,,,,,,,,,,,
8/12/2023 6:45,0,281,,,,,,,,,,,,,,,,,,
8/12/2023 6:30,0,280,,,,,,,,,,,,,,,,,,
8/12/2023 6:15,0,280,,,,,,,,,,,,,,,,,,
8/12/2023 6:00,0,279,,,,,,,,,,,,,,,,,,
8/12/2023 5:45,0,278,,,,,,,,,,,,,,,,,,
8/12/2023 5:30,0,278,,,,,,,,,,,,,,,,,,
8/12/2023 5:15,0,277,,,,,,,,,,,,,,,,,,
8/12/2023 5:00,0,276,,,,,,,,,,,,,,,,,,
8/12/2023 4:45,0,276,,,,,,,,,,,,,,,,,,
8/12/2023 4:30,0,276,,,,,,,,,,,,,,,,,,
8/12/2023 4:15,0,276,,,,,,,,,,,,,,,,,,
8/12/2023 4:00,0,276,,,,,,,,,,,,,,,,,,
8/12/2023 3:45,0,276,,,,,,,,,,,,,,,,,,
8/12/2023 3:30,0,275,,,,,,,,,,,,,,,,,,
8/12/2023 3:15,0,276,,,,,,,,,,,,,,,,,,
8/12/2023 3:00,0,275,,,,,,,,,,,,,,,,,,
8/12/2023 2:45,0.4,275,,,,,,,,,,,,,,,,,,
8/12/2023 2:30,0,275,,,,,,,,,,,,,,,,,,
8/12/2023 2:15,0.2,275,,,,,,,,,,,,,,,,,,
8/12/2023 2:00,0,275,,,,,,,,,,,,,,,,,,
8/12/2023 1:45,0,275,,,,,,,,,,,,,,,,,,
8/12/2023 1:30,0,275,,,,,,,,,,,,,,,,,,
8/12/2023 1:15,0,275,,,,,,,,,,,,,,,,,,
8/12/2023 1:00,0,275,,,,,,,,,,,,,,,,,,
8/12/2023 0:45,0,276,,,,,,,,,,,,,,,,,,
8/12/2023 0:30,0,276,,,,,,,,,,,,,,,,,,
8/12/2023 0:15,0,276,,,,,,,,,,,,,,,,,,
8/12/2023 0:00,0,276,,,,,,,,,,,,,,,,,,
7/12/2023 23:45,0,277,,,,,,,,,,,,,,,,,,
7/12/2023 23:30,0,277,,,,,,,,,,,,,,,,,,
7/12/2023 23:15,0,277,,,,,,,,,,,,,,,,,,
7/12/2023 23:00,0,277,,,,,,,,,,,,,,,,,,
7/12/2023 22:45,0.4,278,,,,,,,,,,,,,,,,,,
7/12/2023 22:30,0.2,278,,,,,,,,,,,,,,,,,,
7/12/2023 22:15,2.6,278,,,,,,,,,,,,,,,,,,
7/12/2023 22:00,2.4,278,,,,,,,,,,,,,,,,,,
7/12/2023 21:45,0.2,278,,,,,,,,,,,,,,,,,,
7/12/2023 21:30,0,278,,,,,,,,,,,,,,,,,,
7/12/2023 21:15,0,278,,,,,,,,,,,,,,,,,,
7/12/2023 21:00,0,279,,,,,,,,,,,,,,,,,,
7/12/2023 20:45,0,280,,,,,,,,,,,,,,,,,,
7/12/2023 20:30,0,280,,,,,,,,,,,,,,,,,,
7/12/2023 20:15,0,280,,,,,,,,,,,,,,,,,,
7/12/2023 20:00,0,281,,,,,,,,,,,,,,,,,,
7/12/2023 19:45,0,281,,,,,,,,,,,,,,,,,,
7/12/2023 19:30,0,282,,,,,,,,,,,,,,,,,,
7/12/2023 19:15,0,282,,,,,,,,,,,,,,,,,,
7/12/2023 19:00,0,282,,,,,,,,,,,,,,,,,,
7/12/2023 18:45,0,282,,,,,,,,,,,,,,,,,,
7/12/2023 18:30,0,282,,,,,,,,,,,,,,,,,,
7/12/2023 18:15,0,283,,,,,,,,,,,,,,,,,,
7/12/2023 18:00,0,283,,,,,,,,,,,,,,,,,,
7/12/2023 17:45,0,283,,,,,,,,,,,,,,,,,,
7/12/2023 17:30,0,284,,,,,,,,,,,,,,,,,,
7/12/2023 17:15,0,285,,,,,,,,,,,,,,,,,,
7/12/2023 17:00,0,285,,,,,,,,,,,,,,,,,,
7/12/2023 16:45,0,285,,,,,,,,,,,,,,,,,,
7/12/2023 16:30,0,285,,,,,,,,,,,,,,,,,,
7/12/2023 16:15,0,286,,,,,,,,,,,,,,,,,,
7/12/2023 16:00,0,286,,,,,,,,,,,,,,,,,,
7/12/2023 15:45,0,286,,,,,,,,,,,,,,,,,,
7/12/2023 15:30,0,286,,,,,,,,,,,,,,,,,,
7/12/2023 15:15,0,287,,,,,,,,,,,,,,,,,,
7/12/2023 15:00,0,287,,,,,,,,,,,,,,,,,,
7/12/2023 14:45,0,287,,,,,,,,,,,,,,,,,,
7/12/2023 14:30,0,288,,,,,,,,,,,,,,,,,,
7/12/2023 14:15,0,288,,,,,,,,,,,,,,,,,,
7/12/2023 14:00,0,288,,,,,,,,,,,,,,,,,,
7/12/2023 13:45,0,289,,,,,,,,,,,,,,,,,,
7/12/2023 13:30,0,289,,,,,,,,,,,,,,,,,,
7/12/2023 13:15,0,290,,,,,,,,,,,,,,,,,,
7/12/2023 13:00,0,290,,,,,,,,,,,,,,,,,,
7/12/2023 12:45,0,291,,,,,,,,,,,,,,,,,,
7/12/2023 12:30,0,291,,,,,,,,,,,,,,,,,,
7/12/2023 12:15,0,291,,,,,,,,,,,,,,,,,,
7/12/2023 12:00,0,292,,,,,,,,,,,,,,,,,,
7/12/2023 11:45,0,293,,,,,,,,,,,,,,,,,,
7/12/2023 11:30,0,292,,,,,,,,,,,,,,,,,,
7/12/2023 11:15,0,293,,,,,,,,,,,,,,,,,,
7/12/2023 11:00,0,293,,,,,,,,,,,,,,,,,,
7/12/2023 10:45,0,294,,,,,,,,,,,,,,,,,,
7/12/2023 10:30,0,294,,,,,,,,,,,,,,,,,,
7/12/2023 10:15,0,295,,,,,,,,,,,,,,,,,,
7/12/2023 10:00,0,294,,,,,,,,,,,,,,,,,,
7/12/2023 9:45,0,295,,,,,,,,,,,,,,,,,,
7/12/2023 9:30,0,295,,,,,,,,,,,,,,,,,,
7/12/2023 9:15,0,296,,,,,,,,,,,,,,,,,,
7/12/2023 9:00,0,296,,,,,,,,,,,,,,,,,,
7/12/2023 8:45,0,296,,,,,,,,,,,,,,,,,,
7/12/2023 8:30,0,297,,,,,,,,,,,,,,,,,,
7/12/2023 8:15,0,297,,,,,,,,,,,,,,,,,,
7/12/2023 8:00,0,298,,,,,,,,,,,,,,,,,,
7/12/2023 7:45,0,298,,,,,,,,,,,,,,,,,,
7/12/2023 7:30,0,298,,,,,,,,,,,,,,,,,,
7/12/2023 7:15,0,299,,,,,,,,,,,,,,,,,,
7/12/2023 7:00,0,299,,,,,,,,,,,,,,,,,,
7/12/2023 6:45,0,299,,,,,,,,,,,,,,,,,,
7/12/2023 6:30,0,299,,,,,,,,,,,,,,,,,,
7/12/2023 6:15,0,300,,,,,,,,,,,,,,,,,,
7/12/2023 6:00,0,300,,,,,,,,,,,,,,,,,,
7/12/2023 5:45,0,301,,,,,,,,,,,,,,,,,,
7/12/2023 5:30,0,300,,,,,,,,,,,,,,,,,,
7/12/2023 5:15,0,300,,,,,,,,,,,,,,,,,,
7/12/2023 5:00,0,301,,,,,,,,,,,,,,,,,,
7/12/2023 4:45,0,302,,,,,,,,,,,,,,,,,,
7/12/2023 4:30,0,302,,,,,,,,,,,,,,,,,,
7/12/2023 4:15,0,301,,,,,,,,,,,,,,,,,,
7/12/2023 4:00,0,302,,,,,,,,,,,,,,,,,,
7/12/2023 3:45,0,302,,,,,,,,,,,,,,,,,,
7/12/2023 3:30,0,303,,,,,,,,,,,,,,,,,,
7/12/2023 3:15,0,303,,,,,,,,,,,,,,,,,,
7/12/2023 3:00,0,303,,,,,,,,,,,,,,,,,,
7/12/2023 2:45,0,303,,,,,,,,,,,,,,,,,,
7/12/2023 2:30,0,303,,,,,,,,,,,,,,,,,,
7/12/2023 2:15,0,303,,,,,,,,,,,,,,,,,,
7/12/2023 2:00,0,304,,,,,,,,,,,,,,,,,,
7/12/2023 1:45,0,304,,,,,,,,,,,,,,,,,,
7/12/2023 1:30,0,304,,,,,,,,,,,,,,,,,,
7/12/2023 1:15,0,305,,,,,,,,,,,,,,,,,,
7/12/2023 1:00,0,305,,,,,,,,,,,,,,,,,,
7/12/2023 0:45,0,305,,,,,,,,,,,,,,,,,,
7/12/2023 0:30,0,306,,,,,,,,,,,,,,,,,,
7/12/2023 0:15,0,307,,,,,,,,,,,,,,,,,,
7/12/2023 0:00,0,307,,,,,,,,,,,,,,,,,,
6/12/2023 23:45,0,307,,,,,,,,,,,,,,,,,,
6/12/2023 23:30,0,308,,,,,,,,,,,,,,,,,,
6/12/2023 23:15,0,308,,,,,,,,,,,,,,,,,,
6/12/2023 23:00,0,309,,,,,,,,,,,,,,,,,,
6/12/2023 22:45,0.2,309,,,,,,,,,,,,,,,,,,
6/12/2023 22:30,0,310,,,,,,,,,,,,,,,,,,
6/12/2023 22:15,0,309,,,,,,,,,,,,,,,,,,
6/12/2023 22:00,0,310,,,,,,,,,,,,,,,,,,
6/12/2023 21:45,0,311,,,,,,,,,,,,,,,,,,
6/12/2023 21:30,0.2,311,,,,,,,,,,,,,,,,,,
6/12/2023 21:15,0,312,,,,,,,,,,,,,,,,,,
6/12/2023 21:00,0.2,312,,,,,,,,,,,,,,,,,,
6/12/2023 20:45,0,313,,,,,,,,,,,,,,,,,,
6/12/2023 20:30,0,314,,,,,,,,,,,,,,,,,,
6/12/2023 20:15,0.2,315,,,,,,,,,,,,,,,,,,
6/12/2023 20:00,0.2,314,,,,,,,,,,,,,,,,,,
6/12/2023 19:45,0,315,,,,,,,,,,,,,,,,,,
6/12/2023 19:30,0,316,,,,,,,,,,,,,,,,,,
6/12/2023 19:15,0,316,,,,,,,,,,,,,,,,,,
6/12/2023 19:00,0.4,317,,,,,,,,,,,,,,,,,,
6/12/2023 18:45,0.6,318,,,,,,,,,,,,,,,,,,
6/12/2023 18:30,0.8,318,,,,,,,,,,,,,,,,,,
6/12/2023 18:15,1,318,,,,,,,,,,,,,,,,,,
6/12/2023 18:00,0.2,319,,,,,,,,,,,,,,,,,,
6/12/2023 17:45,0,320,,,,,,,,,,,,,,,,,,
6/12/2023 17:30,0,321,,,,,,,,,,,,,,,,,,
6/12/2023 17:15,0,321,,,,,,,,,,,,,,,,,,
6/12/2023 17:00,0.4,322,,,,,,,,,,,,,,,,,,
6/12/2023 16:45,0,323,,,,,,,,,,,,,,,,,,
6/12/2023 16:30,0.2,324,,,,,,,,,,,,,,,,,,
6/12/2023 16:15,0.2,324,,,,,,,,,,,,,,,,,,
6/12/2023 16:00,0,325,,,,,,,,,,,,,,,,,,
6/12/2023 15:45,0,325,,,,,,,,,,,,,,,,,,
6/12/2023 15:30,0,326,,,,,,,,,,,,,,,,,,
6/12/2023 15:15,0,327,,,,,,,,,,,,,,,,,,
6/12/2023 15:00,0,327,,,,,,,,,,,,,,,,,,
6/12/2023 14:45,0,328,,,,,,,,,,,,,,,,,,
6/12/2023 14:30,0,329,,,,,,,,,,,,,,,,,,
6/12/2023 14:15,0,330,,,,,,,,,,,,,,,,,,
6/12/2023 14:00,0,331,,,,,,,,,,,,,,,,,,
6/12/2023 13:45,0,331,,,,,,,,,,,,,,,,,,
6/12/2023 13:30,0,333,,,,,,,,,,,,,,,,,,
6/12/2023 13:15,0,333,,,,,,,,,,,,,,,,,,
6/12/2023 13:00,0,334,,,,,,,,,,,,,,,,,,
6/12/2023 12:45,0,334,,,,,,,,,,,,,,,,,,
6/12/2023 12:30,0,335,,,,,,,,,,,,,,,,,,
6/12/2023 12:15,0,337,,,,,,,,,,,,,,,,,,
6/12/2023 12:00,0,337,,,,,,,,,,,,,,,,,,
6/12/2023 11:45,0,338,,,,,,,,,,,,,,,,,,
6/12/2023 11:30,0,339,,,,,,,,,,,,,,,,,,
6/12/2023 11:15,0,340,,,,,,,,,,,,,,,,,,
6/12/2023 11:00,0,340,,,,,,,,,,,,,,,,,,
6/12/2023 10:45,0,342,,,,,,,,,,,,,,,,,,
6/12/2023 10:30,0,343,,,,,,,,,,,,,,,,,,
6/12/2023 10:15,0,343,,,,,,,,,,,,,,,,,,
6/12/2023 10:00,0,344,,,,,,,,,,,,,,,,,,
6/12/2023 9:45,0,346,,,,,,,,,,,,,,,,,,
6/12/2023 9:30,0,345,,,,,,,,,,,,,,,,,,
6/12/2023 9:15,0,347,,,,,,,,,,,,,,,,,,
6/12/2023 9:00,0,348,,,,,,,,,,,,,,,,,,
6/12/2023 8:45,0,349,,,,,,,,,,,,,,,,,,
6/12/2023 8:30,0,350,,,,,,,,,,,,,,,,,,
6/12/2023 8:15,0,351,,,,,,,,,,,,,,,,,,
6/12/2023 8:00,0,352,,,,,,,,,,,,,,,,,,
6/12/2023 7:45,0,352,,,,,,,,,,,,,,,,,,
6/12/2023 7:30,0,354,,,,,,,,,,,,,,,,,,
6/12/2023 7:15,0,355,,,,,,,,,,,,,,,,,,
6/12/2023 7:00,0,356,,,,,,,,,,,,,,,,,,
6/12/2023 6:45,0,357,,,,,,,,,,,,,,,,,,
6/12/2023 6:30,0,358,,,,,,,,,,,,,,,,,,
6/12/2023 6:15,0,359,,,,,,,,,,,,,,,,,,
6/12/2023 6:00,0,360,,,,,,,,,,,,,,,,,,
6/12/2023 5:45,0,361,,,,,,,,,,,,,,,,,,
6/12/2023 5:30,0,362,,,,,,,,,,,,,,,,,,
6/12/2023 5:15,0,363,,,,,,,,,,,,,,,,,,
6/12/2023 5:00,0,364,,,,,,,,,,,,,,,,,,
6/12/2023 4:45,0,365,,,,,,,,,,,,,,,,,,
6/12/2023 4:30,0,366,,,,,,,,,,,,,,,,,,
6/12/2023 4:15,0,367,,,,,,,,,,,,,,,,,,
6/12/2023 4:00,0,368,,,,,,,,,,,,,,,,,,
6/12/2023 3:45,0,369,,,,,,,,,,,,,,,,,,
6/12/2023 3:30,0,370,,,,,,,,,,,,,,,,,,
6/12/2023 3:15,0,371,,,,,,,,,,,,,,,,,,
6/12/2023 3:00,0,373,,,,,,,,,,,,,,,,,,
6/12/2023 2:45,0,373,,,,,,,,,,,,,,,,,,
6/12/2023 2:30,0,374,,,,,,,,,,,,,,,,,,
6/12/2023 2:15,0,376,,,,,,,,,,,,,,,,,,
6/12/2023 2:00,0,377,,,,,,,,,,,,,,,,,,
6/12/2023 1:45,0,378,,,,,,,,,,,,,,,,,,
6/12/2023 1:30,0,379,,,,,,,,,,,,,,,,,,
6/12/2023 1:15,0,379,,,,,,,,,,,,,,,,,,
6/12/2023 1:00,0,380,,,,,,,,,,,,,,,,,,
6/12/2023 0:45,0,382,,,,,,,,,,,,,,,,,,
6/12/2023 0:30,0,383,,,,,,,,,,,,,,,,,,
6/12/2023 0:15,0,384,,,,,,,,,,,,,,,,,,
6/12/2023 0:00,0,385,,,,,,,,,,,,,,,,,,
5/12/2023 23:45,0,386,,,,,,,,,,,,,,,,,,
5/12/2023 23:30,0,387,,,,,,,,,,,,,,,,,,
5/12/2023 23:15,0,388,,,,,,,,,,,,,,,,,,
5/12/2023 23:00,0,389,,,,,,,,,,,,,,,,,,
5/12/2023 22:45,0,390,,,,,,,,,,,,,,,,,,
5/12/2023 22:30,0,391,,,,,,,,,,,,,,,,,,
5/12/2023 22:15,0,392,,,,,,,,,,,,,,,,,,
5/12/2023 22:00,0,393,,,,,,,,,,,,,,,,,,
5/12/2023 21:45,0,394,,,,,,,,,,,,,,,,,,
5/12/2023 21:30,0,395,,,,,,,,,,,,,,,,,,
5/12/2023 21:15,0,395,,,,,,,,,,,,,,,,,,
5/12/2023 21:00,0,397,,,,,,,,,,,,,,,,,,
5/12/2023 20:45,0,397,,,,,,,,,,,,,,,,,,
5/12/2023 20:30,0,399,,,,,,,,,,,,,,,,,,
5/12/2023 20:15,0,399,,,,,,,,,,,,,,,,,,
5/12/2023 20:00,0,400,,,,,,,,,,,,,,,,,,
5/12/2023 19:45,0,401,,,,,,,,,,,,,,,,,,
5/12/2023 19:30,0,401,,,,,,,,,,,,,,,,,,
5/12/2023 19:15,0,403,,,,,,,,,,,,,,,,,,
5/12/2023 19:00,0,404,,,,,,,,,,,,,,,,,,
5/12/2023 18:45,0,405,,,,,,,,,,,,,,,,,,
5/12/2023 18:30,0,406,,,,,,,,,,,,,,,,,,
5/12/2023 18:15,0,406,,,,,,,,,,,,,,,,,,
5/12/2023 18:00,0,408,,,,,,,,,,,,,,,,,,
5/12/2023 17:45,0,408,,,,,,,,,,,,,,,,,,
5/12/2023 17:30,0,409,,,,,,,,,,,,,,,,,,
5/12/2023 17:15,0,409,,,,,,,,,,,,,,,,,,
5/12/2023 17:00,0,411,,,,,,,,,,,,,,,,,,
5/12/2023 16:45,0,410,,,,,,,,,,,,,,,,,,
5/12/2023 16:30,0,411,,,,,,,,,,,,,,,,,,
5/12/2023 16:15,0,413,,,,,,,,,,,,,,,,,,
5/12/2023 16:00,0,412,,,,,,,,,,,,,,,,,,
5/12/2023 15:45,0,414,,,,,,,,,,,,,,,,,,
5/12/2023 15:30,0,413,,,,,,,,,,,,,,,,,,
5/12/2023 15:15,0,415,,,,,,,,,,,,,,,,,,
5/12/2023 15:00,0,415,,,,,,,,,,,,,,,,,,
5/12/2023 14:45,0,416,,,,,,,,,,,,,,,,,,
5/12/2023 14:30,0,416,,,,,,,,,,,,,,,,,,
5/12/2023 14:15,0,418,,,,,,,,,,,,,,,,,,
5/12/2023 14:00,0,417,,,,,,,,,,,,,,,,,,
5/12/2023 13:45,0,418,,,,,,,,,,,,,,,,,,
5/12/2023 13:30,0,418,,,,,,,,,,,,,,,,,,
5/12/2023 13:15,0,418,,,,,,,,,,,,,,,,,,
5/12/2023 13:00,0,418,,,,,,,,,,,,,,,,,,
5/12/2023 12:45,0,419,,,,,,,,,,,,,,,,,,
5/12/2023 12:30,0,419,,,,,,,,,,,,,,,,,,
5/12/2023 12:15,0,420,,,,,,,,,,,,,,,,,,
5/12/2023 12:00,0,421,,,,,,,,,,,,,,,,,,
5/12/2023 11:45,0,420,,,,,,,,,,,,,,,,,,
5/12/2023 11:30,0,421,,,,,,,,,,,,,,,,,,
5/12/2023 11:15,0,421,,,,,,,,,,,,,,,,,,
5/12/2023 11:00,0,421,,,,,,,,,,,,,,,,,,
5/12/2023 10:45,0,421,,,,,,,,,,,,,,,,,,
5/12/2023 10:30,0,421,,,,,,,,,,,,,,,,,,
5/12/2023 10:15,0,421,,,,,,,,,,,,,,,,,,
5/12/2023 10:00,0,421,,,,,,,,,,,,,,,,,,
5/12/2023 9:45,0,420,,,,,,,,,,,,,,,,,,
5/12/2023 9:30,0,420,,,,,,,,,,,,,,,,,,
5/12/2023 9:15,0,421,,,,,,,,,,,,,,,,,,
5/12/2023 9:00,0,421,,,,,,,,,,,,,,,,,,
5/12/2023 8:45,0,421,,,,,,,,,,,,,,,,,,
5/12/2023 8:30,0,420,,,,,,,,,,,,,,,,,,
5/12/2023 8:15,0,421,,,,,,,,,,,,,,,,,,
5/12/2023 8:00,0,420,,,,,,,,,,,,,,,,,,
5/12/2023 7:45,0,420,,,,,,,,,,,,,,,,,,
5/12/2023 7:30,0,419,,,,,,,,,,,,,,,,,,
5/12/2023 7:15,0,418,,,,,,,,,,,,,,,,,,
5/12/2023 7:00,0,418,,,,,,,,,,,,,,,,,,
5/12/2023 6:45,0,417,,,,,,,,,,,,,,,,,,
5/12/2023 6:30,0,417,,,,,,,,,,,,,,,,,,
5/12/2023 6:15,0,417,,,,,,,,,,,,,,,,,,
5/12/2023 6:00,0,416,,,,,,,,,,,,,,,,,,
5/12/2023 5:45,0,415,,,,,,,,,,,,,,,,,,
5/12/2023 5:30,0,414,,,,,,,,,,,,,,,,,,
5/12/2023 5:15,0,414,,,,,,,,,,,,,,,,,,
5/12/2023 5:00,0,413,,,,,,,,,,,,,,,,,,
5/12/2023 4:45,0,411,,,,,,,,,,,,,,,,,,
5/12/2023 4:30,0,411,,,,,,,,,,,,,,,,,,
5/12/2023 4:15,0,410,,,,,,,,,,,,,,,,,,
5/12/2023 4:00,0,409,,,,,,,,,,,,,,,,,,
5/12/2023 3:45,0,408,,,,,,,,,,,,,,,,,,
5/12/2023 3:30,0,405,,,,,,,,,,,,,,,,,,
5/12/2023 3:15,0,405,,,,,,,,,,,,,,,,,,
5/12/2023 3:00,0,404,,,,,,,,,,,,,,,,,,
5/12/2023 2:45,0,403,,,,,,,,,,,,,,,,,,
5/12/2023 2:30,0,403,,,,,,,,,,,,,,,,,,
5/12/2023 2:15,0,400,,,,,,,,,,,,,,,,,,
5/12/2023 2:00,0,399,,,,,,,,,,,,,,,,,,
5/12/2023 1:45,0,398,,,,,,,,,,,,,,,,,,
5/12/2023 1:30,0,396,,,,,,,,,,,,,,,,,,
5/12/2023 1:15,0,395,,,,,,,,,,,,,,,,,,
5/12/2023 1:00,0,394,,,,,,,,,,,,,,,,,,
5/12/2023 0:45,0,392,,,,,,,,,,,,,,,,,,
5/12/2023 0:30,0,391,,,,,,,,,,,,,,,,,,
5/12/2023 0:15,0,389,,,,,,,,,,,,,,,,,,
5/12/2023 0:00,0,386,,,,,,,,,,,,,,,,,,
4/12/2023 23:45,0,386,,,,,,,,,,,,,,,,,,
4/12/2023 23:30,0,384,,,,,,,,,,,,,,,,,,
4/12/2023 23:15,0,383,,,,,,,,,,,,,,,,,,
4/12/2023 23:00,0,382,,,,,,,,,,,,,,,,,,
4/12/2023 22:45,0,380,,,,,,,,,,,,,,,,,,
4/12/2023 22:30,0,379,,,,,,,,,,,,,,,,,,
4/12/2023 22:15,0,378,,,,,,,,,,,,,,,,,,
4/12/2023 22:00,0,376,,,,,,,,,,,,,,,,,,
4/12/2023 21:45,0.2,375,,,,,,,,,,,,,,,,,,
4/12/2023 21:30,0,373,,,,,,,,,,,,,,,,,,
4/12/2023 21:15,0,372,,,,,,,,,,,,,,,,,,
4/12/2023 21:00,0,371,,,,,,,,,,,,,,,,,,
4/12/2023 20:45,0,370,,,,,,,,,,,,,,,,,,
4/12/2023 20:30,0,369,,,,,,,,,,,,,,,,,,
4/12/2023 20:15,0,367,,,,,,,,,,,,,,,,,,
4/12/2023 20:00,0,366,,,,,,,,,,,,,,,,,,
4/12/2023 19:45,0,364,,,,,,,,,,,,,,,,,,
4/12/2023 19:30,0,363,,,,,,,,,,,,,,,,,,
4/12/2023 19:15,0,362,,,,,,,,,,,,,,,,,,
4/12/2023 19:00,0,360,,,,,,,,,,,,,,,,,,
4/12/2023 18:45,0,359,,,,,,,,,,,,,,,,,,
4/12/2023 18:30,0,357,,,,,,,,,,,,,,,,,,
4/12/2023 18:15,0,356,,,,,,,,,,,,,,,,,,
