Data/Hora,Chuva Horária (mm),Nível adotado (cm),,,,,,,,,,,,,,,,,,
4/6/2024 18:00,0,555,,,,,,,,,,,,,,,,,,
4/6/2024 17:45,0,555,,,,,,,,,,,,,,,,,,
4/6/2024 17:30,0,556,,,,,,,,,,,,,,,,,,
4/6/2024 17:15,0,556,,,,,,,,,,,,,,,,,,
4/6/2024 17:00,0,556,,,,,,,,,,,,,,,,,,
4/6/2024 16:45,0,557,,,,,,,,,,,,,,,,,,
4/6/2024 16:30,0,557,,,,,,,,,,,,,,,,,,
4/6/2024 16:15,0,557,,,,,,,,,,,,,,,,,,
4/6/2024 16:00,0,557,,,,,,,,,,,,,,,,,,
4/6/2024 15:45,0,558,,,,,,,,,,,,,,,,,,
4/6/2024 15:30,0,558,,,,,,,,,,,,,,,,,,
4/6/2024 15:15,0,558,,,,,,,,,,,,,,,,,,
4/6/2024 15:00,0,558,,,,,,,,,,,,,,,,,,
4/6/2024 14:45,0,559,,,,,,,,,,,,,,,,,,
4/6/2024 14:30,0,559,,,,,,,,,,,,,,,,,,
4/6/2024 14:15,0,560,,,,,,,,,,,,,,,,,,
4/6/2024 14:00,0,560,,,,,,,,,,,,,,,,,,
4/6/2024 13:45,0,560,,,,,,,,,,,,,,,,,,
4/6/2024 13:30,0,560,,,,,,,,,,,,,,,,,,
4/6/2024 13:15,0,560,,,,,,,,,,,,,,,,,,
4/6/2024 13:00,0,561,,,,,,,,,,,,,,,,,,
4/6/2024 12:45,0,561,,,,,,,,,,,,,,,,,,
4/6/2024 12:30,0,562,,,,,,,,,,,,,,,,,,
4/6/2024 12:15,0,562,,,,,,,,,,,,,,,,,,
4/6/2024 12:00,0,562,,,,,,,,,,,,,,,,,,
4/6/2024 11:45,0,562,,,,,,,,,,,,,,,,,,
4/6/2024 11:30,0,562,,,,,,,,,,,,,,,,,,
4/6/2024 11:15,0,562,,,,,,,,,,,,,,,,,,
4/6/2024 11:00,0,563,,,,,,,,,,,,,,,,,,
4/6/2024 10:45,0,563,,,,,,,,,,,,,,,,,,
4/6/2024 10:30,0,563,,,,,,,,,,,,,,,,,,
4/6/2024 10:15,0,564,,,,,,,,,,,,,,,,,,
4/6/2024 10:00,0,564,,,,,,,,,,,,,,,,,,
4/6/2024 9:45,0,564,,,,,,,,,,,,,,,,,,
4/6/2024 9:30,0,564,,,,,,,,,,,,,,,,,,
4/6/2024 9:15,0,565,,,,,,,,,,,,,,,,,,
4/6/2024 9:00,0,565,,,,,,,,,,,,,,,,,,
4/6/2024 8:45,0,565,,,,,,,,,,,,,,,,,,
4/6/2024 8:30,0,565,,,,,,,,,,,,,,,,,,
4/6/2024 8:15,0,566,,,,,,,,,,,,,,,,,,
4/6/2024 8:00,0,566,,,,,,,,,,,,,,,,,,
4/6/2024 7:45,0,566,,,,,,,,,,,,,,,,,,
4/6/2024 7:30,0,566,,,,,,,,,,,,,,,,,,
4/6/2024 7:15,0,567,,,,,,,,,,,,,,,,,,
4/6/2024 7:00,0,567,,,,,,,,,,,,,,,,,,
4/6/2024 6:45,0,568,,,,,,,,,,,,,,,,,,
4/6/2024 6:30,0,567,,,,,,,,,,,,,,,,,,
4/6/2024 6:15,0,568,,,,,,,,,,,,,,,,,,
4/6/2024 6:00,0,568,,,,,,,,,,,,,,,,,,
4/6/2024 5:45,0,568,,,,,,,,,,,,,,,,,,
4/6/2024 5:30,0,569,,,,,,,,,,,,,,,,,,
4/6/2024 5:15,0,569,,,,,,,,,,,,,,,,,,
4/6/2024 5:00,0,569,,,,,,,,,,,,,,,,,,
4/6/2024 4:45,0,569,,,,,,,,,,,,,,,,,,
4/6/2024 4:30,0,570,,,,,,,,,,,,,,,,,,
4/6/2024 4:15,0,570,,,,,,,,,,,,,,,,,,
4/6/2024 4:00,0,570,,,,,,,,,,,,,,,,,,
4/6/2024 3:45,0,571,,,,,,,,,,,,,,,,,,
4/6/2024 3:30,0,571,,,,,,,,,,,,,,,,,,
4/6/2024 3:15,0,572,,,,,,,,,,,,,,,,,,
4/6/2024 3:00,0,571,,,,,,,,,,,,,,,,,,
4/6/2024 2:45,0,571,,,,,,,,,,,,,,,,,,
4/6/2024 2:30,0,572,,,,,,,,,,,,,,,,,,
4/6/2024 2:15,0,572,,,,,,,,,,,,,,,,,,
4/6/2024 2:00,0,572,,,,,,,,,,,,,,,,,,
4/6/2024 1:45,0,572,,,,,,,,,,,,,,,,,,
4/6/2024 1:30,0,573,,,,,,,,,,,,,,,,,,
4/6/2024 1:15,0,573,,,,,,,,,,,,,,,,,,
4/6/2024 1:00,0,573,,,,,,,,,,,,,,,,,,
4/6/2024 0:45,0,574,,,,,,,,,,,,,,,,,,
4/6/2024 0:30,0,574,,,,,,,,,,,,,,,,,,
4/6/2024 0:15,0,574,,,,,,,,,,,,,,,,,,
4/6/2024 0:00,0,574,,,,,,,,,,,,,,,,,,
3/6/2024 23:45,0,575,,,,,,,,,,,,,,,,,,
3/6/2024 23:30,0,575,,,,,,,,,,,,,,,,,,
3/6/2024 23:15,0,575,,,,,,,,,,,,,,,,,,
3/6/2024 23:00,0,575,,,,,,,,,,,,,,,,,,
3/6/2024 22:45,0,576,,,,,,,,,,,,,,,,,,
3/6/2024 22:30,0,576,,,,,,,,,,,,,,,,,,
3/6/2024 22:15,0,576,,,,,,,,,,,,,,,,,,
3/6/2024 22:00,0,576,,,,,,,,,,,,,,,,,,
3/6/2024 21:45,0,576,,,,,,,,,,,,,,,,,,
3/6/2024 21:30,0,577,,,,,,,,,,,,,,,,,,
3/6/2024 21:15,0,577,,,,,,,,,,,,,,,,,,
3/6/2024 21:00,0,577,,,,,,,,,,,,,,,,,,
3/6/2024 20:45,0,577,,,,,,,,,,,,,,,,,,
3/6/2024 20:30,0,577,,,,,,,,,,,,,,,,,,
3/6/2024 20:15,0,578,,,,,,,,,,,,,,,,,,
3/6/2024 20:00,0,578,,,,,,,,,,,,,,,,,,
3/6/2024 19:45,0,578,,,,,,,,,,,,,,,,,,
3/6/2024 19:30,0,578,,,,,,,,,,,,,,,,,,
3/6/2024 19:15,0,579,,,,,,,,,,,,,,,,,,
3/6/2024 19:00,0,579,,,,,,,,,,,,,,,,,,
3/6/2024 18:45,0,579,,,,,,,,,,,,,,,,,,
3/6/2024 18:30,0,579,,,,,,,,,,,,,,,,,,
3/6/2024 18:15,0,580,,,,,,,,,,,,,,,,,,
3/6/2024 18:00,0,580,,,,,,,,,,,,,,,,,,
3/6/2024 17:45,0,580,,,,,,,,,,,,,,,,,,
3/6/2024 17:30,0,580,,,,,,,,,,,,,,,,,,
3/6/2024 17:15,0,581,,,,,,,,,,,,,,,,,,
3/6/2024 17:00,0,581,,,,,,,,,,,,,,,,,,
3/6/2024 16:45,0,581,,,,,,,,,,,,,,,,,,
3/6/2024 16:30,0,581,,,,,,,,,,,,,,,,,,
3/6/2024 16:15,0,582,,,,,,,,,,,,,,,,,,
3/6/2024 16:00,0,582,,,,,,,,,,,,,,,,,,
3/6/2024 15:45,0,582,,,,,,,,,,,,,,,,,,
3/6/2024 15:30,0,582,,,,,,,,,,,,,,,,,,
3/6/2024 15:15,0,582,,,,,,,,,,,,,,,,,,
3/6/2024 15:00,0,582,,,,,,,,,,,,,,,,,,
3/6/2024 14:45,0,583,,,,,,,,,,,,,,,,,,
3/6/2024 14:30,0,583,,,,,,,,,,,,,,,,,,
3/6/2024 14:15,0,583,,,,,,,,,,,,,,,,,,
3/6/2024 14:00,0,583,,,,,,,,,,,,,,,,,,
3/6/2024 13:45,0,584,,,,,,,,,,,,,,,,,,
3/6/2024 13:30,0,584,,,,,,,,,,,,,,,,,,
3/6/2024 13:15,0,585,,,,,,,,,,,,,,,,,,
3/6/2024 13:00,0,585,,,,,,,,,,,,,,,,,,
3/6/2024 12:45,0.2,585,,,,,,,,,,,,,,,,,,
3/6/2024 12:30,0.2,585,,,,,,,,,,,,,,,,,,
3/6/2024 12:15,0.2,585,,,,,,,,,,,,,,,,,,
3/6/2024 12:00,0,586,,,,,,,,,,,,,,,,,,
3/6/2024 11:45,0,587,,,,,,,,,,,,,,,,,,
3/6/2024 11:30,0.4,587,,,,,,,,,,,,,,,,,,
3/6/2024 11:15,0.4,587,,,,,,,,,,,,,,,,,,
3/6/2024 11:00,0,586,,,,,,,,,,,,,,,,,,
3/6/2024 10:45,0.2,587,,,,,,,,,,,,,,,,,,
3/6/2024 10:30,0.6,587,,,,,,,,,,,,,,,,,,
3/6/2024 10:15,1.2,587,,,,,,,,,,,,,,,,,,
3/6/2024 10:00,1.2,587,,,,,,,,,,,,,,,,,,
3/6/2024 9:45,1,587,,,,,,,,,,,,,,,,,,
3/6/2024 9:30,1.4,587,,,,,,,,,,,,,,,,,,
3/6/2024 9:15,1.8,587,,,,,,,,,,,,,,,,,,
3/6/2024 9:00,2.2,588,,,,,,,,,,,,,,,,,,
3/6/2024 8:45,1.4,588,,,,,,,,,,,,,,,,,,
3/6/2024 8:30,0.4,588,,,,,,,,,,,,,,,,,,
3/6/2024 8:15,0.4,589,,,,,,,,,,,,,,,,,,
3/6/2024 8:00,0.2,589,,,,,,,,,,,,,,,,,,
3/6/2024 7:45,0,589,,,,,,,,,,,,,,,,,,
3/6/2024 7:30,0,589,,,,,,,,,,,,,,,,,,
3/6/2024 7:15,0,590,,,,,,,,,,,,,,,,,,
3/6/2024 7:00,0,590,,,,,,,,,,,,,,,,,,
3/6/2024 6:45,0,590,,,,,,,,,,,,,,,,,,
3/6/2024 6:30,0,591,,,,,,,,,,,,,,,,,,
3/6/2024 6:15,0,591,,,,,,,,,,,,,,,,,,
3/6/2024 6:00,0,592,,,,,,,,,,,,,,,,,,
3/6/2024 5:45,0,592,,,,,,,,,,,,,,,,,,
3/6/2024 5:30,0,593,,,,,,,,,,,,,,,,,,
3/6/2024 5:15,0,593,,,,,,,,,,,,,,,,,,
3/6/2024 5:00,0,593,,,,,,,,,,,,,,,,,,
3/6/2024 4:45,0,594,,,,,,,,,,,,,,,,,,
3/6/2024 4:30,0,594,,,,,,,,,,,,,,,,,,
3/6/2024 4:15,0,595,,,,,,,,,,,,,,,,,,
3/6/2024 4:00,0,594,,,,,,,,,,,,,,,,,,
3/6/2024 3:45,0,595,,,,,,,,,,,,,,,,,,
3/6/2024 3:30,0,595,,,,,,,,,,,,,,,,,,
3/6/2024 3:15,0,595,,,,,,,,,,,,,,,,,,
3/6/2024 3:00,0,596,,,,,,,,,,,,,,,,,,
3/6/2024 2:45,0,597,,,,,,,,,,,,,,,,,,
3/6/2024 2:30,0,596,,,,,,,,,,,,,,,,,,
3/6/2024 2:15,0,597,,,,,,,,,,,,,,,,,,
3/6/2024 2:00,0,597,,,,,,,,,,,,,,,,,,
3/6/2024 1:45,0,598,,,,,,,,,,,,,,,,,,
3/6/2024 1:30,0,598,,,,,,,,,,,,,,,,,,
3/6/2024 1:15,0,599,,,,,,,,,,,,,,,,,,
3/6/2024 1:00,0,599,,,,,,,,,,,,,,,,,,
3/6/2024 0:45,0,599,,,,,,,,,,,,,,,,,,
3/6/2024 0:30,0,599,,,,,,,,,,,,,,,,,,
3/6/2024 0:15,0,599,,,,,,,,,,,,,,,,,,
3/6/2024 0:00,0,600,,,,,,,,,,,,,,,,,,
2/6/2024 23:45,0,601,,,,,,,,,,,,,,,,,,
2/6/2024 23:30,0,601,,,,,,,,,,,,,,,,,,
2/6/2024 23:15,0,601,,,,,,,,,,,,,,,,,,
2/6/2024 23:00,0,602,,,,,,,,,,,,,,,,,,
2/6/2024 22:45,0,601,,,,,,,,,,,,,,,,,,
2/6/2024 22:30,0,603,,,,,,,,,,,,,,,,,,
2/6/2024 22:15,0,602,,,,,,,,,,,,,,,,,,
2/6/2024 22:00,0,603,,,,,,,,,,,,,,,,,,
2/6/2024 21:45,0,603,,,,,,,,,,,,,,,,,,
2/6/2024 21:30,0,603,,,,,,,,,,,,,,,,,,
2/6/2024 21:15,0,604,,,,,,,,,,,,,,,,,,
2/6/2024 21:00,0,604,,,,,,,,,,,,,,,,,,
2/6/2024 20:45,0,605,,,,,,,,,,,,,,,,,,
2/6/2024 20:30,0,605,,,,,,,,,,,,,,,,,,
2/6/2024 20:15,0,605,,,,,,,,,,,,,,,,,,
2/6/2024 20:00,0,605,,,,,,,,,,,,,,,,,,
2/6/2024 19:45,0,606,,,,,,,,,,,,,,,,,,
2/6/2024 19:30,0,606,,,,,,,,,,,,,,,,,,
2/6/2024 19:15,0,607,,,,,,,,,,,,,,,,,,
2/6/2024 19:00,0,607,,,,,,,,,,,,,,,,,,
2/6/2024 18:45,0,607,,,,,,,,,,,,,,,,,,
2/6/2024 18:30,0,608,,,,,,,,,,,,,,,,,,
2/6/2024 18:15,0,608,,,,,,,,,,,,,,,,,,
2/6/2024 18:00,0,608,,,,,,,,,,,,,,,,,,
2/6/2024 17:45,0,608,,,,,,,,,,,,,,,,,,
2/6/2024 17:30,0,608,,,,,,,,,,,,,,,,,,
2/6/2024 17:15,0,609,,,,,,,,,,,,,,,,,,
2/6/2024 17:00,0,609,,,,,,,,,,,,,,,,,,
2/6/2024 16:45,0,610,,,,,,,,,,,,,,,,,,
2/6/2024 16:30,0,610,,,,,,,,,,,,,,,,,,
2/6/2024 16:15,0,610,,,,,,,,,,,,,,,,,,
2/6/2024 16:00,0,611,,,,,,,,,,,,,,,,,,
2/6/2024 15:45,0,611,,,,,,,,,,,,,,,,,,
2/6/2024 15:30,0,611,,,,,,,,,,,,,,,,,,
2/6/2024 15:15,0,612,,,,,,,,,,,,,,,,,,
2/6/2024 15:00,0,612,,,,,,,,,,,,,,,,,,
2/6/2024 14:45,0,612,,,,,,,,,,,,,,,,,,
2/6/2024 14:30,0,613,,,,,,,,,,,,,,,,,,
2/6/2024 14:15,0,613,,,,,,,,,,,,,,,,,,
2/6/2024 14:00,0,613,,,,,,,,,,,,,,,,,,
2/6/2024 13:45,0,613,,,,,,,,,,,,,,,,,,
2/6/2024 13:30,0,614,,,,,,,,,,,,,,,,,,
2/6/2024 13:15,0,614,,,,,,,,,,,,,,,,,,
2/6/2024 13:00,0,615,,,,,,,,,,,,,,,,,,
2/6/2024 12:45,0,614,,,,,,,,,,,,,,,,,,
2/6/2024 12:30,0,615,,,,,,,,,,,,,,,,,,
2/6/2024 12:15,0,616,,,,,,,,,,,,,,,,,,
2/6/2024 12:00,0.2,617,,,,,,,,,,,,,,,,,,
2/6/2024 11:45,0,616,,,,,,,,,,,,,,,,,,
2/6/2024 11:30,0,616,,,,,,,,,,,,,,,,,,
2/6/2024 11:15,0,616,,,,,,,,,,,,,,,,,,
2/6/2024 11:00,0,616,,,,,,,,,,,,,,,,,,
2/6/2024 10:45,0,617,,,,,,,,,,,,,,,,,,
2/6/2024 10:30,0,618,,,,,,,,,,,,,,,,,,
2/6/2024 10:15,0,618,,,,,,,,,,,,,,,,,,
2/6/2024 10:00,0,618,,,,,,,,,,,,,,,,,,
2/6/2024 9:45,0,618,,,,,,,,,,,,,,,,,,
2/6/2024 9:30,0,618,,,,,,,,,,,,,,,,,,
2/6/2024 9:15,0,618,,,,,,,,,,,,,,,,,,
2/6/2024 9:00,0,619,,,,,,,,,,,,,,,,,,
2/6/2024 8:45,0,619,,,,,,,,,,,,,,,,,,
2/6/2024 8:30,0,619,,,,,,,,,,,,,,,,,,
2/6/2024 8:15,0,620,,,,,,,,,,,,,,,,,,
2/6/2024 8:00,0,620,,,,,,,,,,,,,,,,,,
2/6/2024 7:45,0,621,,,,,,,,,,,,,,,,,,
2/6/2024 7:30,0,621,,,,,,,,,,,,,,,,,,
2/6/2024 7:15,0,621,,,,,,,,,,,,,,,,,,
2/6/2024 7:00,0,621,,,,,,,,,,,,,,,,,,
2/6/2024 6:45,0,621,,,,,,,,,,,,,,,,,,
2/6/2024 6:30,0,621,,,,,,,,,,,,,,,,,,
2/6/2024 6:15,0,622,,,,,,,,,,,,,,,,,,
2/6/2024 6:00,0,622,,,,,,,,,,,,,,,,,,
2/6/2024 5:45,0,622,,,,,,,,,,,,,,,,,,
2/6/2024 5:30,0,623,,,,,,,,,,,,,,,,,,
2/6/2024 5:15,0,623,,,,,,,,,,,,,,,,,,
2/6/2024 5:00,0,623,,,,,,,,,,,,,,,,,,
2/6/2024 4:45,0,623,,,,,,,,,,,,,,,,,,
2/6/2024 4:30,0,624,,,,,,,,,,,,,,,,,,
2/6/2024 4:15,0,624,,,,,,,,,,,,,,,,,,
2/6/2024 4:00,0,624,,,,,,,,,,,,,,,,,,
2/6/2024 3:45,0,625,,,,,,,,,,,,,,,,,,
2/6/2024 3:30,0,625,,,,,,,,,,,,,,,,,,
2/6/2024 3:15,0,624,,,,,,,,,,,,,,,,,,
2/6/2024 3:00,0,626,,,,,,,,,,,,,,,,,,
2/6/2024 2:45,0,626,,,,,,,,,,,,,,,,,,
2/6/2024 2:30,0,626,,,,,,,,,,,,,,,,,,
2/6/2024 2:15,0,626,,,,,,,,,,,,,,,,,,
2/6/2024 2:00,0,627,,,,,,,,,,,,,,,,,,
2/6/2024 1:45,0,627,,,,,,,,,,,,,,,,,,
2/6/2024 1:30,0,627,,,,,,,,,,,,,,,,,,
2/6/2024 1:15,0,627,,,,,,,,,,,,,,,,,,
2/6/2024 1:00,0,627,,,,,,,,,,,,,,,,,,
2/6/2024 0:45,0,628,,,,,,,,,,,,,,,,,,
2/6/2024 0:30,0,628,,,,,,,,,,,,,,,,,,
2/6/2024 0:15,0,628,,,,,,,,,,,,,,,,,,
2/6/2024 0:00,0,628,,,,,,,,,,,,,,,,,,
1/6/2024 23:45,0,629,,,,,,,,,,,,,,,,,,
1/6/2024 23:30,0,629,,,,,,,,,,,,,,,,,,
1/6/2024 23:15,0,629,,,,,,,,,,,,,,,,,,
1/6/2024 23:00,0,630,,,,,,,,,,,,,,,,,,
1/6/2024 22:45,0,630,,,,,,,,,,,,,,,,,,
1/6/2024 22:30,0,630,,,,,,,,,,,,,,,,,,
1/6/2024 22:15,0,630,,,,,,,,,,,,,,,,,,
1/6/2024 22:00,0,631,,,,,,,,,,,,,,,,,,
1/6/2024 21:45,0,631,,,,,,,,,,,,,,,,,,
1/6/2024 21:30,0,631,,,,,,,,,,,,,,,,,,
1/6/2024 21:15,0,631,,,,,,,,,,,,,,,,,,
1/6/2024 21:00,0,632,,,,,,,,,,,,,,,,,,
1/6/2024 20:45,0,632,,,,,,,,,,,,,,,,,,
1/6/2024 20:30,0,632,,,,,,,,,,,,,,,,,,
1/6/2024 20:15,0,632,,,,,,,,,,,,,,,,,,
1/6/2024 20:00,0,632,,,,,,,,,,,,,,,,,,
1/6/2024 19:45,0,633,,,,,,,,,,,,,,,,,,
1/6/2024 19:30,0,633,,,,,,,,,,,,,,,,,,
1/6/2024 19:15,0,633,,,,,,,,,,,,,,,,,,
1/6/2024 19:00,0,633,,,,,,,,,,,,,,,,,,
1/6/2024 18:45,0,634,,,,,,,,,,,,,,,,,,
1/6/2024 18:30,0,634,,,,,,,,,,,,,,,,,,
1/6/2024 18:15,0,634,,,,,,,,,,,,,,,,,,
1/6/2024 18:00,0,634,,,,,,,,,,,,,,,,,,
1/6/2024 17:45,0,634,,,,,,,,,,,,,,,,,,
1/6/2024 17:30,0,635,,,,,,,,,,,,,,,,,,
1/6/2024 17:15,0,635,,,,,,,,,,,,,,,,,,
1/6/2024 17:00,0,635,,,,,,,,,,,,,,,,,,
1/6/2024 16:45,0,635,,,,,,,,,,,,,,,,,,
1/6/2024 16:30,0,635,,,,,,,,,,,,,,,,,,
1/6/2024 16:15,0,635,,,,,,,,,,,,,,,,,,
1/6/2024 16:00,0,635,,,,,,,,,,,,,,,,,,
1/6/2024 15:45,0,636,,,,,,,,,,,,,,,,,,
1/6/2024 15:30,0,636,,,,,,,,,,,,,,,,,,
1/6/2024 15:15,0,636,,,,,,,,,,,,,,,,,,
1/6/2024 15:00,0,636,,,,,,,,,,,,,,,,,,
1/6/2024 14:45,0,637,,,,,,,,,,,,,,,,,,
1/6/2024 14:30,0,637,,,,,,,,,,,,,,,,,,
1/6/2024 14:15,0,637,,,,,,,,,,,,,,,,,,
1/6/2024 14:00,0,637,,,,,,,,,,,,,,,,,,
1/6/2024 13:45,0,637,,,,,,,,,,,,,,,,,,
1/6/2024 13:30,0,638,,,,,,,,,,,,,,,,,,
1/6/2024 13:15,0,637,,,,,,,,,,,,,,,,,,
1/6/2024 13:00,0,639,,,,,,,,,,,,,,,,,,
1/6/2024 12:45,0,638,,,,,,,,,,,,,,,,,,
1/6/2024 12:30,0,639,,,,,,,,,,,,,,,,,,
1/6/2024 12:15,0,639,,,,,,,,,,,,,,,,,,
1/6/2024 12:00,0,639,,,,,,,,,,,,,,,,,,
1/6/2024 11:45,0,639,,,,,,,,,,,,,,,,,,
1/6/2024 11:30,0,639,,,,,,,,,,,,,,,,,,
1/6/2024 11:15,0,639,,,,,,,,,,,,,,,,,,
1/6/2024 11:00,0,639,,,,,,,,,,,,,,,,,,
1/6/2024 10:45,0,640,,,,,,,,,,,,,,,,,,
1/6/2024 10:30,0,639,,,,,,,,,,,,,,,,,,
1/6/2024 10:15,0,640,,,,,,,,,,,,,,,,,,
1/6/2024 10:00,0,640,,,,,,,,,,,,,,,,,,
1/6/2024 9:45,0,640,,,,,,,,,,,,,,,,,,
1/6/2024 9:30,0,641,,,,,,,,,,,,,,,,,,
1/6/2024 9:15,0,641,,,,,,,,,,,,,,,,,,
1/6/2024 9:00,0,641,,,,,,,,,,,,,,,,,,
1/6/2024 8:45,0,642,,,,,,,,,,,,,,,,,,
1/6/2024 8:30,0,641,,,,,,,,,,,,,,,,,,
1/6/2024 8:15,0,642,,,,,,,,,,,,,,,,,,
1/6/2024 8:00,0,642,,,,,,,,,,,,,,,,,,
1/6/2024 7:45,0,642,,,,,,,,,,,,,,,,,,
1/6/2024 7:30,0,643,,,,,,,,,,,,,,,,,,
1/6/2024 7:15,0,643,,,,,,,,,,,,,,,,,,
1/6/2024 7:00,0,642,,,,,,,,,,,,,,,,,,
1/6/2024 6:45,0,643,,,,,,,,,,,,,,,,,,
1/6/2024 6:30,0,643,,,,,,,,,,,,,,,,,,
1/6/2024 6:15,0,643,,,,,,,,,,,,,,,,,,
1/6/2024 6:00,0,643,,,,,,,,,,,,,,,,,,
1/6/2024 5:45,0,644,,,,,,,,,,,,,,,,,,
1/6/2024 5:30,0,644,,,,,,,,,,,,,,,,,,
1/6/2024 5:15,0,644,,,,,,,,,,,,,,,,,,
1/6/2024 5:00,0,644,,,,,,,,,,,,,,,,,,
1/6/2024 4:45,0,644,,,,,,,,,,,,,,,,,,
1/6/2024 4:30,0,644,,,,,,,,,,,,,,,,,,
1/6/2024 4:15,0,645,,,,,,,,,,,,,,,,,,
1/6/2024 4:00,0,645,,,,,,,,,,,,,,,,,,
1/6/2024 3:45,0,644,,,,,,,,,,,,,,,,,,
1/6/2024 3:30,0,645,,,,,,,,,,,,,,,,,,
1/6/2024 3:15,0,645,,,,,,,,,,,,,,,,,,
1/6/2024 3:00,0,645,,,,,,,,,,,,,,,,,,
1/6/2024 2:45,0,646,,,,,,,,,,,,,,,,,,
1/6/2024 2:30,0,646,,,,,,,,,,,,,,,,,,
1/6/2024 2:15,0,646,,,,,,,,,,,,,,,,,,
1/6/2024 2:00,0,646,,,,,,,,,,,,,,,,,,
1/6/2024 1:45,0.2,646,,,,,,,,,,,,,,,,,,
1/6/2024 1:30,0,647,,,,,,,,,,,,,,,,,,
1/6/2024 1:15,0,647,,,,,,,,,,,,,,,,,,
1/6/2024 1:00,0,647,,,,,,,,,,,,,,,,,,
1/6/2024 0:45,0,647,,,,,,,,,,,,,,,,,,
1/6/2024 0:30,0,647,,,,,,,,,,,,,,,,,,
1/6/2024 0:15,0,647,,,,,,,,,,,,,,,,,,
1/6/2024 0:00,0,648,,,,,,,,,,,,,,,,,,
31/05/2024 23:45:00,0,647,,,,,,,,,,,,,,,,,,
31/05/2024 23:30:00,0,647,,,,,,,,,,,,,,,,,,
31/05/2024 23:15:00,0,648,,,,,,,,,,,,,,,,,,
31/05/2024 23:00:00,0,648,,,,,,,,,,,,,,,,,,
31/05/2024 22:45:00,0,648,,,,,,,,,,,,,,,,,,
31/05/2024 22:30:00,0,648,,,,,,,,,,,,,,,,,,
31/05/2024 22:15:00,0,649,,,,,,,,,,,,,,,,,,
31/05/2024 22:00:00,0,649,,,,,,,,,,,,,,,,,,
31/05/2024 21:45:00,0,649,,,,,,,,,,,,,,,,,,
31/05/2024 21:30:00,0,649,,,,,,,,,,,,,,,,,,
31/05/2024 21:15:00,0,649,,,,,,,,,,,,,,,,,,
31/05/2024 21:00:00,0,650,,,,,,,,,,,,,,,,,,
31/05/2024 20:45:00,0,649,,,,,,,,,,,,,,,,,,
31/05/2024 20:30:00,0,649,,,,,,,,,,,,,,,,,,
31/05/2024 20:15:00,0,650,,,,,,,,,,,,,,,,,,
31/05/2024 20:00:00,0,650,,,,,,,,,,,,,,,,,,
31/05/2024 19:45:00,0,651,,,,,,,,,,,,,,,,,,
31/05/2024 19:30:00,0,650,,,,,,,,,,,,,,,,,,
31/05/2024 19:15:00,0,650,,,,,,,,,,,,,,,,,,
31/05/2024 19:00:00,0,651,,,,,,,,,,,,,,,,,,
31/05/2024 18:45:00,0,651,,,,,,,,,,,,,,,,,,
31/05/2024 18:30:00,0,651,,,,,,,,,,,,,,,,,,
31/05/2024 18:15:00,0,651,,,,,,,,,,,,,,,,,,
31/05/2024 18:00:00,0,651,,,,,,,,,,,,,,,,,,
31/05/2024 17:45:00,0,651,,,,,,,,,,,,,,,,,,
31/05/2024 17:30:00,0,652,,,,,,,,,,,,,,,,,,
31/05/2024 17:15:00,0,651,,,,,,,,,,,,,,,,,,
31/05/2024 17:00:00,0,652,,,,,,,,,,,,,,,,,,
31/05/2024 16:45:00,0,651,,,,,,,,,,,,,,,,,,
31/05/2024 16:30:00,0,652,,,,,,,,,,,,,,,,,,
31/05/2024 16:15:00,0,652,,,,,,,,,,,,,,,,,,
31/05/2024 16:00:00,0,652,,,,,,,,,,,,,,,,,,
31/05/2024 15:45:00,0,652,,,,,,,,,,,,,,,,,,
31/05/2024 15:30:00,0,653,,,,,,,,,,,,,,,,,,
31/05/2024 15:15:00,0,652,,,,,,,,,,,,,,,,,,
31/05/2024 15:00:00,0,653,,,,,,,,,,,,,,,,,,
31/05/2024 14:45:00,0,652,,,,,,,,,,,,,,,,,,
31/05/2024 14:30:00,0,653,,,,,,,,,,,,,,,,,,
31/05/2024 14:15:00,0,654,,,,,,,,,,,,,,,,,,
31/05/2024 14:00:00,0,654,,,,,,,,,,,,,,,,,,
31/05/2024 13:45:00,0,654,,,,,,,,,,,,,,,,,,
31/05/2024 13:30:00,0,653,,,,,,,,,,,,,,,,,,
31/05/2024 13:15:00,0,655,,,,,,,,,,,,,,,,,,
31/05/2024 13:00:00,0,655,,,,,,,,,,,,,,,,,,
31/05/2024 12:45:00,0,654,,,,,,,,,,,,,,,,,,
31/05/2024 12:30:00,0,655,,,,,,,,,,,,,,,,,,
31/05/2024 12:15:00,0,656,,,,,,,,,,,,,,,,,,
31/05/2024 12:00:00,0,655,,,,,,,,,,,,,,,,,,
31/05/2024 11:45:00,0,655,,,,,,,,,,,,,,,,,,
31/05/2024 11:30:00,0,655,,,,,,,,,,,,,,,,,,
31/05/2024 11:15:00,0,655,,,,,,,,,,,,,,,,,,
31/05/2024 11:00:00,0,656,,,,,,,,,,,,,,,,,,
31/05/2024 10:45:00,0,656,,,,,,,,,,,,,,,,,,
31/05/2024 10:30:00,0,656,,,,,,,,,,,,,,,,,,
31/05/2024 10:15:00,0,656,,,,,,,,,,,,,,,,,,
31/05/2024 10:00:00,0,656,,,,,,,,,,,,,,,,,,
31/05/2024 09:45:00,0,656,,,,,,,,,,,,,,,,,,
31/05/2024 09:30:00,0,656,,,,,,,,,,,,,,,,,,
31/05/2024 09:15:00,0,657,,,,,,,,,,,,,,,,,,
31/05/2024 09:00:00,0,657,,,,,,,,,,,,,,,,,,
31/05/2024 08:45:00,0,657,,,,,,,,,,,,,,,,,,
31/05/2024 08:30:00,0,657,,,,,,,,,,,,,,,,,,
31/05/2024 08:15:00,0,657,,,,,,,,,,,,,,,,,,
31/05/2024 08:00:00,0,657,,,,,,,,,,,,,,,,,,
31/05/2024 07:45:00,0,657,,,,,,,,,,,,,,,,,,
31/05/2024 07:30:00,0,658,,,,,,,,,,,,,,,,,,
31/05/2024 07:15:00,0,657,,,,,,,,,,,,,,,,,,
31/05/2024 07:00:00,0,658,,,,,,,,,,,,,,,,,,
31/05/2024 06:45:00,0,658,,,,,,,,,,,,,,,,,,
31/05/2024 06:30:00,0,658,,,,,,,,,,,,,,,,,,
31/05/2024 06:15:00,0,659,,,,,,,,,,,,,,,,,,
31/05/2024 06:00:00,0,658,,,,,,,,,,,,,,,,,,
31/05/2024 05:45:00,0,659,,,,,,,,,,,,,,,,,,
31/05/2024 05:30:00,0,659,,,,,,,,,,,,,,,,,,
31/05/2024 05:15:00,0,658,,,,,,,,,,,,,,,,,,
31/05/2024 05:00:00,0,659,,,,,,,,,,,,,,,,,,
31/05/2024 04:45:00,0,659,,,,,,,,,,,,,,,,,,
31/05/2024 04:30:00,0,660,,,,,,,,,,,,,,,,,,
31/05/2024 04:15:00,0,660,,,,,,,,,,,,,,,,,,
31/05/2024 04:00:00,0,660,,,,,,,,,,,,,,,,,,
31/05/2024 03:45:00,0,660,,,,,,,,,,,,,,,,,,
31/05/2024 03:30:00,0,660,,,,,,,,,,,,,,,,,,
31/05/2024 03:15:00,0,660,,,,,,,,,,,,,,,,,,
31/05/2024 03:00:00,0,660,,,,,,,,,,,,,,,,,,
31/05/2024 02:45:00,0,661,,,,,,,,,,,,,,,,,,
31/05/2024 02:30:00,0,660,,,,,,,,,,,,,,,,,,
31/05/2024 02:15:00,0,660,,,,,,,,,,,,,,,,,,
31/05/2024 02:00:00,0,660,,,,,,,,,,,,,,,,,,
31/05/2024 01:45:00,0,660,,,,,,,,,,,,,,,,,,
31/05/2024 01:30:00,0,661,,,,,,,,,,,,,,,,,,
31/05/2024 01:15:00,0,661,,,,,,,,,,,,,,,,,,
31/05/2024 01:00:00,0,661,,,,,,,,,,,,,,,,,,
31/05/2024 00:45:00,0,661,,,,,,,,,,,,,,,,,,
31/05/2024 00:30:00,0,662,,,,,,,,,,,,,,,,,,
31/05/2024 00:15:00,0,662,,,,,,,,,,,,,,,,,,
31/05/2024 00:00:00,0,662,,,,,,,,,,,,,,,,,,
30/05/2024 23:45:00,0,662,,,,,,,,,,,,,,,,,,
30/05/2024 23:30:00,0,663,,,,,,,,,,,,,,,,,,
30/05/2024 23:15:00,0,662,,,,,,,,,,,,,,,,,,
30/05/2024 23:00:00,0.2,662,,,,,,,,,,,,,,,,,,
30/05/2024 22:45:00,0,663,,,,,,,,,,,,,,,,,,
30/05/2024 22:30:00,0,663,,,,,,,,,,,,,,,,,,
30/05/2024 22:15:00,0,664,,,,,,,,,,,,,,,,,,
30/05/2024 22:00:00,0,663,,,,,,,,,,,,,,,,,,
30/05/2024 21:45:00,0,664,,,,,,,,,,,,,,,,,,
30/05/2024 21:30:00,0,664,,,,,,,,,,,,,,,,,,
30/05/2024 21:15:00,0,664,,,,,,,,,,,,,,,,,,
30/05/2024 21:00:00,0,664,,,,,,,,,,,,,,,,,,
30/05/2024 20:45:00,0,664,,,,,,,,,,,,,,,,,,
30/05/2024 20:30:00,0,665,,,,,,,,,,,,,,,,,,
30/05/2024 20:15:00,0,664,,,,,,,,,,,,,,,,,,
30/05/2024 20:00:00,0,664,,,,,,,,,,,,,,,,,,
30/05/2024 19:45:00,0,665,,,,,,,,,,,,,,,,,,
30/05/2024 19:30:00,0,665,,,,,,,,,,,,,,,,,,
30/05/2024 19:15:00,0,664,,,,,,,,,,,,,,,,,,
30/05/2024 19:00:00,0,664,,,,,,,,,,,,,,,,,,
30/05/2024 18:45:00,0,665,,,,,,,,,,,,,,,,,,
30/05/2024 18:30:00,0,665,,,,,,,,,,,,,,,,,,
30/05/2024 18:15:00,0,665,,,,,,,,,,,,,,,,,,
30/05/2024 18:00:00,0,666,,,,,,,,,,,,,,,,,,
30/05/2024 17:45:00,0,666,,,,,,,,,,,,,,,,,,
30/05/2024 17:30:00,0,665,,,,,,,,,,,,,,,,,,
30/05/2024 17:15:00,0,667,,,,,,,,,,,,,,,,,,
30/05/2024 17:00:00,0,666,,,,,,,,,,,,,,,,,,
30/05/2024 16:45:00,0,666,,,,,,,,,,,,,,,,,,
30/05/2024 16:30:00,0,666,,,,,,,,,,,,,,,,,,
30/05/2024 16:15:00,0,667,,,,,,,,,,,,,,,,,,
30/05/2024 16:00:00,0,666,,,,,,,,,,,,,,,,,,
30/05/2024 15:45:00,0,666,,,,,,,,,,,,,,,,,,
30/05/2024 15:30:00,0,667,,,,,,,,,,,,,,,,,,
30/05/2024 15:15:00,0,667,,,,,,,,,,,,,,,,,,
30/05/2024 15:00:00,0,667,,,,,,,,,,,,,,,,,,
30/05/2024 14:45:00,0,668,,,,,,,,,,,,,,,,,,
30/05/2024 14:30:00,0,667,,,,,,,,,,,,,,,,,,
30/05/2024 14:15:00,0,667,,,,,,,,,,,,,,,,,,
30/05/2024 14:00:00,0,667,,,,,,,,,,,,,,,,,,
30/05/2024 13:45:00,0,668,,,,,,,,,,,,,,,,,,
30/05/2024 13:30:00,0,668,,,,,,,,,,,,,,,,,,
30/05/2024 13:15:00,0,668,,,,,,,,,,,,,,,,,,
30/05/2024 13:00:00,0,667,,,,,,,,,,,,,,,,,,
30/05/2024 12:45:00,0,669,,,,,,,,,,,,,,,,,,
30/05/2024 12:30:00,0,669,,,,,,,,,,,,,,,,,,
30/05/2024 12:15:00,0,668,,,,,,,,,,,,,,,,,,
30/05/2024 12:00:00,0,669,,,,,,,,,,,,,,,,,,
30/05/2024 11:45:00,0,669,,,,,,,,,,,,,,,,,,
30/05/2024 11:30:00,0,670,,,,,,,,,,,,,,,,,,
30/05/2024 11:15:00,0,670,,,,,,,,,,,,,,,,,,
30/05/2024 11:00:00,0,669,,,,,,,,,,,,,,,,,,
30/05/2024 10:45:00,0,670,,,,,,,,,,,,,,,,,,
30/05/2024 10:30:00,0,669,,,,,,,,,,,,,,,,,,
30/05/2024 10:15:00,0,670,,,,,,,,,,,,,,,,,,
30/05/2024 10:00:00,0,670,,,,,,,,,,,,,,,,,,
30/05/2024 09:45:00,0,671,,,,,,,,,,,,,,,,,,
30/05/2024 09:30:00,0,670,,,,,,,,,,,,,,,,,,
30/05/2024 09:15:00,0,671,,,,,,,,,,,,,,,,,,
30/05/2024 09:00:00,0,671,,,,,,,,,,,,,,,,,,
30/05/2024 08:45:00,0,671,,,,,,,,,,,,,,,,,,
30/05/2024 08:30:00,0,672,,,,,,,,,,,,,,,,,,
30/05/2024 08:15:00,0,672,,,,,,,,,,,,,,,,,,
30/05/2024 08:00:00,0,671,,,,,,,,,,,,,,,,,,
30/05/2024 07:45:00,0,672,,,,,,,,,,,,,,,,,,
30/05/2024 07:30:00,0,671,,,,,,,,,,,,,,,,,,
30/05/2024 07:15:00,0,672,,,,,,,,,,,,,,,,,,
30/05/2024 07:00:00,0,672,,,,,,,,,,,,,,,,,,
30/05/2024 06:45:00,0,672,,,,,,,,,,,,,,,,,,
30/05/2024 06:30:00,0,672,,,,,,,,,,,,,,,,,,
30/05/2024 06:15:00,0,672,,,,,,,,,,,,,,,,,,
30/05/2024 06:00:00,0,673,,,,,,,,,,,,,,,,,,
30/05/2024 05:45:00,0,673,,,,,,,,,,,,,,,,,,
30/05/2024 05:30:00,0,673,,,,,,,,,,,,,,,,,,
30/05/2024 05:15:00,0,673,,,,,,,,,,,,,,,,,,
30/05/2024 05:00:00,0,672,,,,,,,,,,,,,,,,,,
30/05/2024 04:45:00,0,673,,,,,,,,,,,,,,,,,,
30/05/2024 04:30:00,0,673,,,,,,,,,,,,,,,,,,
30/05/2024 04:15:00,0,674,,,,,,,,,,,,,,,,,,
30/05/2024 04:00:00,0,674,,,,,,,,,,,,,,,,,,
30/05/2024 03:45:00,0,674,,,,,,,,,,,,,,,,,,
30/05/2024 03:30:00,0,674,,,,,,,,,,,,,,,,,,
30/05/2024 03:15:00,0,675,,,,,,,,,,,,,,,,,,
30/05/2024 03:00:00,0,675,,,,,,,,,,,,,,,,,,
30/05/2024 02:45:00,0,674,,,,,,,,,,,,,,,,,,
30/05/2024 02:30:00,0,675,,,,,,,,,,,,,,,,,,
30/05/2024 02:15:00,0,675,,,,,,,,,,,,,,,,,,
30/05/2024 02:00:00,0,675,,,,,,,,,,,,,,,,,,
30/05/2024 01:45:00,0,675,,,,,,,,,,,,,,,,,,
30/05/2024 01:30:00,0,676,,,,,,,,,,,,,,,,,,
30/05/2024 01:15:00,0,676,,,,,,,,,,,,,,,,,,
30/05/2024 01:00:00,0,676,,,,,,,,,,,,,,,,,,
30/05/2024 00:45:00,0,677,,,,,,,,,,,,,,,,,,
30/05/2024 00:30:00,0,676,,,,,,,,,,,,,,,,,,
30/05/2024 00:15:00,0,676,,,,,,,,,,,,,,,,,,
30/05/2024 00:00:00,0,677,,,,,,,,,,,,,,,,,,
29/05/2024 23:45:00,0,676,,,,,,,,,,,,,,,,,,
29/05/2024 23:30:00,0,675,,,,,,,,,,,,,,,,,,
29/05/2024 23:15:00,0,676,,,,,,,,,,,,,,,,,,
29/05/2024 23:00:00,0,676,,,,,,,,,,,,,,,,,,
29/05/2024 22:45:00,0,677,,,,,,,,,,,,,,,,,,
29/05/2024 22:30:00,0,677,,,,,,,,,,,,,,,,,,
29/05/2024 22:15:00,0,677,,,,,,,,,,,,,,,,,,
29/05/2024 22:00:00,0,677,,,,,,,,,,,,,,,,,,
29/05/2024 21:45:00,0,678,,,,,,,,,,,,,,,,,,
29/05/2024 21:30:00,0,678,,,,,,,,,,,,,,,,,,
29/05/2024 21:15:00,0,678,,,,,,,,,,,,,,,,,,
29/05/2024 21:00:00,0,677,,,,,,,,,,,,,,,,,,
29/05/2024 20:45:00,0,678,,,,,,,,,,,,,,,,,,
29/05/2024 20:30:00,0,678,,,,,,,,,,,,,,,,,,
29/05/2024 20:15:00,0,678,,,,,,,,,,,,,,,,,,
29/05/2024 20:00:00,0,678,,,,,,,,,,,,,,,,,,
29/05/2024 19:45:00,0,679,,,,,,,,,,,,,,,,,,
29/05/2024 19:30:00,0,679,,,,,,,,,,,,,,,,,,
29/05/2024 19:15:00,0,679,,,,,,,,,,,,,,,,,,
29/05/2024 19:00:00,0,680,,,,,,,,,,,,,,,,,,
29/05/2024 18:45:00,0,679,,,,,,,,,,,,,,,,,,
29/05/2024 18:30:00,0,680,,,,,,,,,,,,,,,,,,
29/05/2024 18:15:00,0,680,,,,,,,,,,,,,,,,,,
29/05/2024 18:00:00,0,680,,,,,,,,,,,,,,,,,,
29/05/2024 17:45:00,0,679,,,,,,,,,,,,,,,,,,
29/05/2024 17:30:00,0,679,,,,,,,,,,,,,,,,,,
29/05/2024 17:15:00,0,680,,,,,,,,,,,,,,,,,,
29/05/2024 17:00:00,0,680,,,,,,,,,,,,,,,,,,
29/05/2024 16:45:00,0,680,,,,,,,,,,,,,,,,,,
29/05/2024 16:30:00,0,681,,,,,,,,,,,,,,,,,,
29/05/2024 16:15:00,0,681,,,,,,,,,,,,,,,,,,
29/05/2024 16:00:00,0,681,,,,,,,,,,,,,,,,,,
29/05/2024 15:45:00,0,681,,,,,,,,,,,,,,,,,,
29/05/2024 15:30:00,0,681,,,,,,,,,,,,,,,,,,
29/05/2024 15:15:00,0,681,,,,,,,,,,,,,,,,,,
29/05/2024 15:00:00,0,681,,,,,,,,,,,,,,,,,,
29/05/2024 14:45:00,0,681,,,,,,,,,,,,,,,,,,
29/05/2024 14:30:00,0,682,,,,,,,,,,,,,,,,,,
29/05/2024 14:15:00,0,680,,,,,,,,,,,,,,,,,,
29/05/2024 14:00:00,0,682,,,,,,,,,,,,,,,,,,
29/05/2024 13:45:00,0,682,,,,,,,,,,,,,,,,,,
29/05/2024 13:30:00,0,681,,,,,,,,,,,,,,,,,,
29/05/2024 13:15:00,0,682,,,,,,,,,,,,,,,,,,
29/05/2024 13:00:00,0,682,,,,,,,,,,,,,,,,,,
29/05/2024 12:45:00,0,682,,,,,,,,,,,,,,,,,,
29/05/2024 12:30:00,0,683,,,,,,,,,,,,,,,,,,
29/05/2024 12:15:00,0,682,,,,,,,,,,,,,,,,,,
29/05/2024 12:00:00,0,682,,,,,,,,,,,,,,,,,,
29/05/2024 11:45:00,0,683,,,,,,,,,,,,,,,,,,
29/05/2024 11:30:00,0,683,,,,,,,,,,,,,,,,,,
29/05/2024 11:15:00,0,684,,,,,,,,,,,,,,,,,,
29/05/2024 11:00:00,0,683,,,,,,,,,,,,,,,,,,
29/05/2024 10:45:00,0,683,,,,,,,,,,,,,,,,,,
29/05/2024 10:30:00,0,684,,,,,,,,,,,,,,,,,,
29/05/2024 10:15:00,0,684,,,,,,,,,,,,,,,,,,
29/05/2024 10:00:00,0,683,,,,,,,,,,,,,,,,,,
29/05/2024 09:45:00,0,683,,,,,,,,,,,,,,,,,,
29/05/2024 09:30:00,0,684,,,,,,,,,,,,,,,,,,
29/05/2024 09:15:00,0,684,,,,,,,,,,,,,,,,,,
29/05/2024 09:00:00,0,685,,,,,,,,,,,,,,,,,,
29/05/2024 08:45:00,0,684,,,,,,,,,,,,,,,,,,
29/05/2024 08:30:00,0,684,,,,,,,,,,,,,,,,,,
29/05/2024 08:15:00,0,685,,,,,,,,,,,,,,,,,,
29/05/2024 08:00:00,0,685,,,,,,,,,,,,,,,,,,
29/05/2024 07:45:00,0,686,,,,,,,,,,,,,,,,,,
29/05/2024 07:30:00,0,685,,,,,,,,,,,,,,,,,,
29/05/2024 07:15:00,0,685,,,,,,,,,,,,,,,,,,
29/05/2024 07:00:00,0,685,,,,,,,,,,,,,,,,,,
29/05/2024 06:45:00,0,685,,,,,,,,,,,,,,,,,,
29/05/2024 06:30:00,0,685,,,,,,,,,,,,,,,,,,
29/05/2024 06:15:00,0,686,,,,,,,,,,,,,,,,,,
29/05/2024 06:00:00,0,685,,,,,,,,,,,,,,,,,,
29/05/2024 05:45:00,0,686,,,,,,,,,,,,,,,,,,
29/05/2024 05:30:00,0,686,,,,,,,,,,,,,,,,,,
29/05/2024 05:15:00,0,685,,,,,,,,,,,,,,,,,,
29/05/2024 05:00:00,0,686,,,,,,,,,,,,,,,,,,
29/05/2024 04:45:00,0,686,,,,,,,,,,,,,,,,,,
29/05/2024 04:30:00,0,686,,,,,,,,,,,,,,,,,,
29/05/2024 04:15:00,0,686,,,,,,,,,,,,,,,,,,
29/05/2024 04:00:00,0,686,,,,,,,,,,,,,,,,,,
29/05/2024 03:45:00,0.2,687,,,,,,,,,,,,,,,,,,
29/05/2024 03:30:00,0,686,,,,,,,,,,,,,,,,,,
29/05/2024 03:15:00,0,687,,,,,,,,,,,,,,,,,,
29/05/2024 03:00:00,0,687,,,,,,,,,,,,,,,,,,
29/05/2024 02:45:00,0,687,,,,,,,,,,,,,,,,,,
29/05/2024 02:30:00,0,687,,,,,,,,,,,,,,,,,,
29/05/2024 02:15:00,0,687,,,,,,,,,,,,,,,,,,
29/05/2024 02:00:00,0,687,,,,,,,,,,,,,,,,,,
29/05/2024 01:45:00,0,687,,,,,,,,,,,,,,,,,,
29/05/2024 01:30:00,0,687,,,,,,,,,,,,,,,,,,
29/05/2024 01:15:00,0.2,687,,,,,,,,,,,,,,,,,,
29/05/2024 01:00:00,0,688,,,,,,,,,,,,,,,,,,
29/05/2024 00:45:00,0,688,,,,,,,,,,,,,,,,,,
29/05/2024 00:30:00,0,688,,,,,,,,,,,,,,,,,,
29/05/2024 00:15:00,0,689,,,,,,,,,,,,,,,,,,
29/05/2024 00:00:00,0.2,688,,,,,,,,,,,,,,,,,,
28/05/2024 23:45:00,0,689,,,,,,,,,,,,,,,,,,
28/05/2024 23:30:00,0,688,,,,,,,,,,,,,,,,,,
28/05/2024 23:15:00,0,689,,,,,,,,,,,,,,,,,,
28/05/2024 23:00:00,0,689,,,,,,,,,,,,,,,,,,
28/05/2024 22:45:00,0,688,,,,,,,,,,,,,,,,,,
28/05/2024 22:30:00,0,689,,,,,,,,,,,,,,,,,,
28/05/2024 22:15:00,0,689,,,,,,,,,,,,,,,,,,
28/05/2024 22:00:00,0,689,,,,,,,,,,,,,,,,,,
28/05/2024 21:45:00,0,689,,,,,,,,,,,,,,,,,,
28/05/2024 21:30:00,0,689,,,,,,,,,,,,,,,,,,
28/05/2024 21:15:00,0,690,,,,,,,,,,,,,,,,,,
28/05/2024 21:00:00,0,689,,,,,,,,,,,,,,,,,,
28/05/2024 20:45:00,0,689,,,,,,,,,,,,,,,,,,
28/05/2024 20:30:00,0,689,,,,,,,,,,,,,,,,,,
28/05/2024 20:15:00,0,689,,,,,,,,,,,,,,,,,,
28/05/2024 20:00:00,0,690,,,,,,,,,,,,,,,,,,
28/05/2024 19:45:00,0,690,,,,,,,,,,,,,,,,,,
28/05/2024 19:30:00,0,690,,,,,,,,,,,,,,,,,,
28/05/2024 19:15:00,0,689,,,,,,,,,,,,,,,,,,
28/05/2024 19:00:00,0,689,,,,,,,,,,,,,,,,,,
28/05/2024 18:45:00,0,689,,,,,,,,,,,,,,,,,,
28/05/2024 18:30:00,0,690,,,,,,,,,,,,,,,,,,
28/05/2024 18:15:00,0,690,,,,,,,,,,,,,,,,,,
28/05/2024 18:00:00,0,690,,,,,,,,,,,,,,,,,,
28/05/2024 17:45:00,0,690,,,,,,,,,,,,,,,,,,
28/05/2024 17:30:00,0,690,,,,,,,,,,,,,,,,,,
28/05/2024 17:15:00,0,690,,,,,,,,,,,,,,,,,,
28/05/2024 17:00:00,0,691,,,,,,,,,,,,,,,,,,
28/05/2024 16:45:00,0,690,,,,,,,,,,,,,,,,,,
28/05/2024 16:30:00,0,690,,,,,,,,,,,,,,,,,,
28/05/2024 16:15:00,0,691,,,,,,,,,,,,,,,,,,
28/05/2024 16:00:00,0,691,,,,,,,,,,,,,,,,,,
28/05/2024 15:45:00,0,690,,,,,,,,,,,,,,,,,,
28/05/2024 15:30:00,0,691,,,,,,,,,,,,,,,,,,
28/05/2024 15:15:00,0,690,,,,,,,,,,,,,,,,,,
28/05/2024 15:00:00,0,690,,,,,,,,,,,,,,,,,,
28/05/2024 14:45:00,0,691,,,,,,,,,,,,,,,,,,
28/05/2024 14:30:00,0,691,,,,,,,,,,,,,,,,,,
28/05/2024 14:15:00,0,690,,,,,,,,,,,,,,,,,,
28/05/2024 14:00:00,0,691,,,,,,,,,,,,,,,,,,
28/05/2024 13:45:00,0,690,,,,,,,,,,,,,,,,,,
28/05/2024 13:30:00,0,691,,,,,,,,,,,,,,,,,,
28/05/2024 13:15:00,0,690,,,,,,,,,,,,,,,,,,
28/05/2024 13:00:00,0,691,,,,,,,,,,,,,,,,,,
28/05/2024 12:45:00,0,691,,,,,,,,,,,,,,,,,,
28/05/2024 12:30:00,0,691,,,,,,,,,,,,,,,,,,
28/05/2024 12:15:00,0,691,,,,,,,,,,,,,,,,,,
28/05/2024 12:00:00,0,690,,,,,,,,,,,,,,,,,,
28/05/2024 11:45:00,0,691,,,,,,,,,,,,,,,,,,
28/05/2024 11:30:00,0,691,,,,,,,,,,,,,,,,,,
28/05/2024 11:15:00,0,691,,,,,,,,,,,,,,,,,,
28/05/2024 11:00:00,0,691,,,,,,,,,,,,,,,,,,
28/05/2024 10:45:00,0,691,,,,,,,,,,,,,,,,,,
28/05/2024 10:30:00,0,691,,,,,,,,,,,,,,,,,,
28/05/2024 10:15:00,0,691,,,,,,,,,,,,,,,,,,
28/05/2024 10:00:00,0,691,,,,,,,,,,,,,,,,,,
28/05/2024 09:45:00,0.2,690,,,,,,,,,,,,,,,,,,
28/05/2024 09:30:00,0,690,,,,,,,,,,,,,,,,,,
28/05/2024 09:15:00,0,691,,,,,,,,,,,,,,,,,,
28/05/2024 09:00:00,0,691,,,,,,,,,,,,,,,,,,
28/05/2024 08:45:00,0,690,,,,,,,,,,,,,,,,,,
28/05/2024 08:30:00,0,690,,,,,,,,,,,,,,,,,,
28/05/2024 08:15:00,0,690,,,,,,,,,,,,,,,,,,
28/05/2024 08:00:00,0,691,,,,,,,,,,,,,,,,,,
28/05/2024 07:45:00,0,692,,,,,,,,,,,,,,,,,,
28/05/2024 07:30:00,0,691,,,,,,,,,,,,,,,,,,
28/05/2024 07:15:00,0,691,,,,,,,,,,,,,,,,,,
28/05/2024 07:00:00,0,691,,,,,,,,,,,,,,,,,,
28/05/2024 06:45:00,0,691,,,,,,,,,,,,,,,,,,
28/05/2024 06:30:00,0,690,,,,,,,,,,,,,,,,,,
28/05/2024 06:15:00,0,691,,,,,,,,,,,,,,,,,,
28/05/2024 06:00:00,0,690,,,,,,,,,,,,,,,,,,
28/05/2024 05:45:00,0,690,,,,,,,,,,,,,,,,,,
28/05/2024 05:30:00,0,691,,,,,,,,,,,,,,,,,,
28/05/2024 05:15:00,0,691,,,,,,,,,,,,,,,,,,
28/05/2024 05:00:00,0,691,,,,,,,,,,,,,,,,,,
28/05/2024 04:45:00,0,690,,,,,,,,,,,,,,,,,,
28/05/2024 04:30:00,0,690,,,,,,,,,,,,,,,,,,
28/05/2024 04:15:00,0,691,,,,,,,,,,,,,,,,,,
28/05/2024 04:00:00,0,690,,,,,,,,,,,,,,,,,,
28/05/2024 03:45:00,0,690,,,,,,,,,,,,,,,,,,
28/05/2024 03:30:00,0,690,,,,,,,,,,,,,,,,,,
28/05/2024 03:15:00,0,691,,,,,,,,,,,,,,,,,,
28/05/2024 03:00:00,0,690,,,,,,,,,,,,,,,,,,
28/05/2024 02:45:00,0,690,,,,,,,,,,,,,,,,,,
28/05/2024 02:30:00,0,690,,,,,,,,,,,,,,,,,,
28/05/2024 02:15:00,0,689,,,,,,,,,,,,,,,,,,
28/05/2024 02:00:00,0,690,,,,,,,,,,,,,,,,,,
28/05/2024 01:45:00,0,690,,,,,,,,,,,,,,,,,,
28/05/2024 01:30:00,0,689,,,,,,,,,,,,,,,,,,
28/05/2024 01:15:00,0,689,,,,,,,,,,,,,,,,,,
28/05/2024 01:00:00,0,689,,,,,,,,,,,,,,,,,,
28/05/2024 00:45:00,0,689,,,,,,,,,,,,,,,,,,
28/05/2024 00:30:00,0,690,,,,,,,,,,,,,,,,,,
28/05/2024 00:15:00,0,688,,,,,,,,,,,,,,,,,,
28/05/2024 00:00:00,0,689,,,,,,,,,,,,,,,,,,
27/05/2024 23:45:00,0,689,,,,,,,,,,,,,,,,,,
27/05/2024 23:30:00,0.2,689,,,,,,,,,,,,,,,,,,
27/05/2024 23:15:00,0,690,,,,,,,,,,,,,,,,,,
27/05/2024 23:00:00,0.2,688,,,,,,,,,,,,,,,,,,
27/05/2024 22:45:00,0,688,,,,,,,,,,,,,,,,,,
27/05/2024 22:30:00,0,688,,,,,,,,,,,,,,,,,,
27/05/2024 22:15:00,0,688,,,,,,,,,,,,,,,,,,
27/05/2024 22:00:00,0,689,,,,,,,,,,,,,,,,,,
27/05/2024 21:45:00,0,687,,,,,,,,,,,,,,,,,,
27/05/2024 21:30:00,0,688,,,,,,,,,,,,,,,,,,
27/05/2024 21:15:00,0,688,,,,,,,,,,,,,,,,,,
27/05/2024 21:00:00,0,687,,,,,,,,,,,,,,,,,,
27/05/2024 20:45:00,0.4,688,,,,,,,,,,,,,,,,,,
27/05/2024 20:30:00,0,688,,,,,,,,,,,,,,,,,,
27/05/2024 20:15:00,0,688,,,,,,,,,,,,,,,,,,
27/05/2024 20:00:00,0,686,,,,,,,,,,,,,,,,,,
27/05/2024 19:45:00,0,687,,,,,,,,,,,,,,,,,,
27/05/2024 19:30:00,0.2,687,,,,,,,,,,,,,,,,,,
27/05/2024 19:15:00,0.2,686,,,,,,,,,,,,,,,,,,
27/05/2024 19:00:00,0.2,686,,,,,,,,,,,,,,,,,,
27/05/2024 18:45:00,0.4,688,,,,,,,,,,,,,,,,,,
27/05/2024 18:30:00,0.2,686,,,,,,,,,,,,,,,,,,
27/05/2024 18:15:00,0.2,687,,,,,,,,,,,,,,,,,,
27/05/2024 18:00:00,0.6,686,,,,,,,,,,,,,,,,,,
27/05/2024 17:45:00,1.4,685,,,,,,,,,,,,,,,,,,
27/05/2024 17:30:00,1.6,686,,,,,,,,,,,,,,,,,,
27/05/2024 17:15:00,0.8,685,,,,,,,,,,,,,,,,,,
27/05/2024 17:00:00,1,685,,,,,,,,,,,,,,,,,,
27/05/2024 16:45:00,1.4,686,,,,,,,,,,,,,,,,,,
27/05/2024 16:30:00,1.4,685,,,,,,,,,,,,,,,,,,
27/05/2024 16:15:00,0.4,685,,,,,,,,,,,,,,,,,,
27/05/2024 16:00:00,0.6,684,,,,,,,,,,,,,,,,,,
27/05/2024 15:45:00,0.6,683,,,,,,,,,,,,,,,,,,
27/05/2024 15:30:00,0.2,684,,,,,,,,,,,,,,,,,,
27/05/2024 15:15:00,0.2,684,,,,,,,,,,,,,,,,,,
27/05/2024 15:00:00,0,683,,,,,,,,,,,,,,,,,,
27/05/2024 14:45:00,0.4,683,,,,,,,,,,,,,,,,,,
27/05/2024 14:30:00,0,685,,,,,,,,,,,,,,,,,,
27/05/2024 14:15:00,0.4,682,,,,,,,,,,,,,,,,,,
27/05/2024 14:00:00,0,682,,,,,,,,,,,,,,,,,,
27/05/2024 13:45:00,0,682,,,,,,,,,,,,,,,,,,
27/05/2024 13:30:00,0,683,,,,,,,,,,,,,,,,,,
27/05/2024 13:15:00,0,683,,,,,,,,,,,,,,,,,,
27/05/2024 13:00:00,0,683,,,,,,,,,,,,,,,,,,
27/05/2024 12:45:00,0,683,,,,,,,,,,,,,,,,,,
27/05/2024 12:30:00,0.2,682,,,,,,,,,,,,,,,,,,
27/05/2024 12:15:00,0,682,,,,,,,,,,,,,,,,,,
27/05/2024 12:00:00,0,682,,,,,,,,,,,,,,,,,,
27/05/2024 11:45:00,0,682,,,,,,,,,,,,,,,,,,
27/05/2024 11:30:00,0,682,,,,,,,,,,,,,,,,,,
27/05/2024 11:15:00,0.2,682,,,,,,,,,,,,,,,,,,
27/05/2024 11:00:00,0,681,,,,,,,,,,,,,,,,,,
27/05/2024 10:45:00,0.2,681,,,,,,,,,,,,,,,,,,
27/05/2024 10:30:00,0,682,,,,,,,,,,,,,,,,,,
27/05/2024 10:15:00,0,681,,,,,,,,,,,,,,,,,,
27/05/2024 10:00:00,0.4,681,,,,,,,,,,,,,,,,,,
27/05/2024 09:45:00,0.2,681,,,,,,,,,,,,,,,,,,
27/05/2024 09:30:00,1.4,681,,,,,,,,,,,,,,,,,,
27/05/2024 09:15:00,1.4,681,,,,,,,,,,,,,,,,,,
27/05/2024 09:00:00,0.2,681,,,,,,,,,,,,,,,,,,
27/05/2024 08:45:00,0,679,,,,,,,,,,,,,,,,,,
27/05/2024 08:30:00,0,679,,,,,,,,,,,,,,,,,,
27/05/2024 08:15:00,0.2,680,,,,,,,,,,,,,,,,,,
27/05/2024 08:00:00,0,679,,,,,,,,,,,,,,,,,,
27/05/2024 07:45:00,0,679,,,,,,,,,,,,,,,,,,
27/05/2024 07:30:00,0,680,,,,,,,,,,,,,,,,,,
27/05/2024 07:15:00,0.4,679,,,,,,,,,,,,,,,,,,
27/05/2024 07:00:00,0,677,,,,,,,,,,,,,,,,,,
27/05/2024 06:45:00,0,679,,,,,,,,,,,,,,,,,,
27/05/2024 06:30:00,0,679,,,,,,,,,,,,,,,,,,
27/05/2024 06:15:00,0,678,,,,,,,,,,,,,,,,,,
27/05/2024 06:00:00,0,677,,,,,,,,,,,,,,,,,,
27/05/2024 05:45:00,0.2,677,,,,,,,,,,,,,,,,,,
27/05/2024 05:30:00,0.8,678,,,,,,,,,,,,,,,,,,
27/05/2024 05:15:00,0,677,,,,,,,,,,,,,,,,,,
27/05/2024 05:00:00,0,676,,,,,,,,,,,,,,,,,,
27/05/2024 04:45:00,0.4,677,,,,,,,,,,,,,,,,,,
27/05/2024 04:30:00,0,677,,,,,,,,,,,,,,,,,,
27/05/2024 04:15:00,0,676,,,,,,,,,,,,,,,,,,
27/05/2024 04:00:00,0,676,,,,,,,,,,,,,,,,,,
27/05/2024 03:45:00,0.6,676,,,,,,,,,,,,,,,,,,
27/05/2024 03:30:00,0.6,676,,,,,,,,,,,,,,,,,,
27/05/2024 03:15:00,0,676,,,,,,,,,,,,,,,,,,
27/05/2024 03:00:00,0,675,,,,,,,,,,,,,,,,,,
27/05/2024 02:45:00,0,676,,,,,,,,,,,,,,,,,,
27/05/2024 02:30:00,0,676,,,,,,,,,,,,,,,,,,
27/05/2024 02:15:00,0,676,,,,,,,,,,,,,,,,,,
27/05/2024 02:00:00,0,675,,,,,,,,,,,,,,,,,,
27/05/2024 01:45:00,0,675,,,,,,,,,,,,,,,,,,
27/05/2024 01:30:00,0,675,,,,,,,,,,,,,,,,,,
27/05/2024 01:15:00,0,674,,,,,,,,,,,,,,,,,,
27/05/2024 01:00:00,0,675,,,,,,,,,,,,,,,,,,
27/05/2024 00:45:00,0,674,,,,,,,,,,,,,,,,,,
27/05/2024 00:30:00,0,674,,,,,,,,,,,,,,,,,,
27/05/2024 00:15:00,0,674,,,,,,,,,,,,,,,,,,
27/05/2024 00:00:00,0,673,,,,,,,,,,,,,,,,,,
26/05/2024 23:45:00,0,674,,,,,,,,,,,,,,,,,,
26/05/2024 23:30:00,0,673,,,,,,,,,,,,,,,,,,
26/05/2024 23:15:00,0,672,,,,,,,,,,,,,,,,,,
26/05/2024 23:00:00,0,672,,,,,,,,,,,,,,,,,,
26/05/2024 22:45:00,0,672,,,,,,,,,,,,,,,,,,
26/05/2024 22:30:00,0,672,,,,,,,,,,,,,,,,,,
26/05/2024 22:15:00,0,672,,,,,,,,,,,,,,,,,,
26/05/2024 22:00:00,0,671,,,,,,,,,,,,,,,,,,
26/05/2024 21:45:00,0,671,,,,,,,,,,,,,,,,,,
26/05/2024 21:30:00,0,672,,,,,,,,,,,,,,,,,,
26/05/2024 21:15:00,0,671,,,,,,,,,,,,,,,,,,
26/05/2024 21:00:00,0,671,,,,,,,,,,,,,,,,,,
26/05/2024 20:45:00,0,671,,,,,,,,,,,,,,,,,,
26/05/2024 20:30:00,0,671,,,,,,,,,,,,,,,,,,
26/05/2024 20:15:00,0,671,,,,,,,,,,,,,,,,,,
26/05/2024 20:00:00,0,670,,,,,,,,,,,,,,,,,,
26/05/2024 19:45:00,0,670,,,,,,,,,,,,,,,,,,
26/05/2024 19:30:00,0,670,,,,,,,,,,,,,,,,,,
26/05/2024 19:15:00,0,670,,,,,,,,,,,,,,,,,,
26/05/2024 19:00:00,0,670,,,,,,,,,,,,,,,,,,
26/05/2024 18:45:00,0,669,,,,,,,,,,,,,,,,,,
26/05/2024 18:30:00,0,669,,,,,,,,,,,,,,,,,,
26/05/2024 18:15:00,0,669,,,,,,,,,,,,,,,,,,
26/05/2024 18:00:00,0,670,,,,,,,,,,,,,,,,,,
26/05/2024 17:45:00,0,669,,,,,,,,,,,,,,,,,,
26/05/2024 17:30:00,0,669,,,,,,,,,,,,,,,,,,
26/05/2024 17:15:00,0,669,,,,,,,,,,,,,,,,,,
26/05/2024 17:00:00,0,669,,,,,,,,,,,,,,,,,,
26/05/2024 16:45:00,0,669,,,,,,,,,,,,,,,,,,
26/05/2024 16:30:00,0,668,,,,,,,,,,,,,,,,,,
26/05/2024 16:15:00,0,669,,,,,,,,,,,,,,,,,,
26/05/2024 16:00:00,0,669,,,,,,,,,,,,,,,,,,
26/05/2024 15:45:00,0,668,,,,,,,,,,,,,,,,,,
26/05/2024 15:30:00,0,667,,,,,,,,,,,,,,,,,,
26/05/2024 15:15:00,0,668,,,,,,,,,,,,,,,,,,
26/05/2024 15:00:00,0,667,,,,,,,,,,,,,,,,,,
26/05/2024 14:45:00,0,667,,,,,,,,,,,,,,,,,,
26/05/2024 14:30:00,0,667,,,,,,,,,,,,,,,,,,
26/05/2024 14:15:00,0,668,,,,,,,,,,,,,,,,,,
26/05/2024 14:00:00,0,667,,,,,,,,,,,,,,,,,,
26/05/2024 13:45:00,0,667,,,,,,,,,,,,,,,,,,
26/05/2024 13:30:00,0,667,,,,,,,,,,,,,,,,,,
26/05/2024 13:15:00,0,667,,,,,,,,,,,,,,,,,,
26/05/2024 13:00:00,0,666,,,,,,,,,,,,,,,,,,
26/05/2024 12:45:00,0,667,,,,,,,,,,,,,,,,,,
26/05/2024 12:30:00,0,666,,,,,,,,,,,,,,,,,,
26/05/2024 12:15:00,0,666,,,,,,,,,,,,,,,,,,
26/05/2024 12:00:00,0,665,,,,,,,,,,,,,,,,,,
26/05/2024 11:45:00,0,665,,,,,,,,,,,,,,,,,,
26/05/2024 11:30:00,0,665,,,,,,,,,,,,,,,,,,
26/05/2024 11:15:00,0,666,,,,,,,,,,,,,,,,,,
26/05/2024 11:00:00,0,665,,,,,,,,,,,,,,,,,,
26/05/2024 10:45:00,0,665,,,,,,,,,,,,,,,,,,
26/05/2024 10:30:00,0,664,,,,,,,,,,,,,,,,,,
26/05/2024 10:15:00,0,664,,,,,,,,,,,,,,,,,,
26/05/2024 10:00:00,0,664,,,,,,,,,,,,,,,,,,
26/05/2024 09:45:00,0,664,,,,,,,,,,,,,,,,,,
26/05/2024 09:30:00,0,664,,,,,,,,,,,,,,,,,,
26/05/2024 09:15:00,0,664,,,,,,,,,,,,,,,,,,
26/05/2024 09:00:00,0,664,,,,,,,,,,,,,,,,,,
26/05/2024 08:45:00,0,664,,,,,,,,,,,,,,,,,,
26/05/2024 08:30:00,0.2,664,,,,,,,,,,,,,,,,,,
26/05/2024 08:15:00,0,663,,,,,,,,,,,,,,,,,,
26/05/2024 08:00:00,0,664,,,,,,,,,,,,,,,,,,
26/05/2024 07:45:00,0,663,,,,,,,,,,,,,,,,,,
26/05/2024 07:30:00,0,664,,,,,,,,,,,,,,,,,,
26/05/2024 07:15:00,0,662,,,,,,,,,,,,,,,,,,
26/05/2024 07:00:00,0,662,,,,,,,,,,,,,,,,,,
26/05/2024 06:45:00,0,662,,,,,,,,,,,,,,,,,,
26/05/2024 06:30:00,0,662,,,,,,,,,,,,,,,,,,
26/05/2024 06:15:00,0,662,,,,,,,,,,,,,,,,,,
26/05/2024 06:00:00,0,662,,,,,,,,,,,,,,,,,,
26/05/2024 05:45:00,0,662,,,,,,,,,,,,,,,,,,
26/05/2024 05:30:00,0,662,,,,,,,,,,,,,,,,,,
26/05/2024 05:15:00,0,662,,,,,,,,,,,,,,,,,,
26/05/2024 05:00:00,0,662,,,,,,,,,,,,,,,,,,
26/05/2024 04:45:00,0,661,,,,,,,,,,,,,,,,,,
26/05/2024 04:30:00,0,661,,,,,,,,,,,,,,,,,,
26/05/2024 04:15:00,0,661,,,,,,,,,,,,,,,,,,
26/05/2024 04:00:00,0,661,,,,,,,,,,,,,,,,,,
26/05/2024 03:45:00,0,661,,,,,,,,,,,,,,,,,,
26/05/2024 03:30:00,0.2,661,,,,,,,,,,,,,,,,,,
26/05/2024 03:15:00,0,661,,,,,,,,,,,,,,,,,,
26/05/2024 03:00:00,0,661,,,,,,,,,,,,,,,,,,
26/05/2024 02:45:00,0,660,,,,,,,,,,,,,,,,,,
26/05/2024 02:30:00,0,660,,,,,,,,,,,,,,,,,,
26/05/2024 02:15:00,0,660,,,,,,,,,,,,,,,,,,
26/05/2024 02:00:00,0,660,,,,,,,,,,,,,,,,,,
26/05/2024 01:45:00,0,660,,,,,,,,,,,,,,,,,,
26/05/2024 01:30:00,0.2,660,,,,,,,,,,,,,,,,,,
26/05/2024 01:15:00,0,661,,,,,,,,,,,,,,,,,,
26/05/2024 01:00:00,0,660,,,,,,,,,,,,,,,,,,
26/05/2024 00:45:00,0,659,,,,,,,,,,,,,,,,,,
26/05/2024 00:30:00,0,659,,,,,,,,,,,,,,,,,,
26/05/2024 00:15:00,0.2,659,,,,,,,,,,,,,,,,,,
26/05/2024 00:00:00,0,659,,,,,,,,,,,,,,,,,,
25/05/2024 23:45:00,0,660,,,,,,,,,,,,,,,,,,
25/05/2024 23:30:00,0,658,,,,,,,,,,,,,,,,,,
25/05/2024 23:15:00,0,658,,,,,,,,,,,,,,,,,,
25/05/2024 23:00:00,0,659,,,,,,,,,,,,,,,,,,
25/05/2024 22:45:00,0,659,,,,,,,,,,,,,,,,,,
25/05/2024 22:30:00,0,659,,,,,,,,,,,,,,,,,,
25/05/2024 22:15:00,0,659,,,,,,,,,,,,,,,,,,
25/05/2024 22:00:00,0,659,,,,,,,,,,,,,,,,,,
25/05/2024 21:45:00,0,658,,,,,,,,,,,,,,,,,,
25/05/2024 21:30:00,0,658,,,,,,,,,,,,,,,,,,
25/05/2024 21:15:00,0,657,,,,,,,,,,,,,,,,,,
25/05/2024 21:00:00,0,658,,,,,,,,,,,,,,,,,,
25/05/2024 20:45:00,0,657,,,,,,,,,,,,,,,,,,
25/05/2024 20:30:00,0,657,,,,,,,,,,,,,,,,,,
25/05/2024 20:15:00,0,657,,,,,,,,,,,,,,,,,,
25/05/2024 20:00:00,0,657,,,,,,,,,,,,,,,,,,
25/05/2024 19:45:00,0,657,,,,,,,,,,,,,,,,,,
25/05/2024 19:30:00,0,657,,,,,,,,,,,,,,,,,,
25/05/2024 19:15:00,0,657,,,,,,,,,,,,,,,,,,
25/05/2024 19:00:00,0,656,,,,,,,,,,,,,,,,,,
25/05/2024 18:45:00,0,656,,,,,,,,,,,,,,,,,,
25/05/2024 18:30:00,0,657,,,,,,,,,,,,,,,,,,
25/05/2024 18:15:00,0,657,,,,,,,,,,,,,,,,,,
25/05/2024 18:00:00,0,656,,,,,,,,,,,,,,,,,,
25/05/2024 17:45:00,0,656,,,,,,,,,,,,,,,,,,
25/05/2024 17:30:00,0,657,,,,,,,,,,,,,,,,,,
25/05/2024 17:15:00,0,656,,,,,,,,,,,,,,,,,,
25/05/2024 17:00:00,0,655,,,,,,,,,,,,,,,,,,
25/05/2024 16:45:00,0,656,,,,,,,,,,,,,,,,,,
25/05/2024 16:30:00,0,656,,,,,,,,,,,,,,,,,,
25/05/2024 16:15:00,0,655,,,,,,,,,,,,,,,,,,
25/05/2024 16:00:00,0,656,,,,,,,,,,,,,,,,,,
25/05/2024 15:45:00,0,654,,,,,,,,,,,,,,,,,,
25/05/2024 15:30:00,0,655,,,,,,,,,,,,,,,,,,
25/05/2024 15:15:00,0,655,,,,,,,,,,,,,,,,,,
25/05/2024 15:00:00,0,655,,,,,,,,,,,,,,,,,,
25/05/2024 14:45:00,0,655,,,,,,,,,,,,,,,,,,
25/05/2024 14:30:00,0,655,,,,,,,,,,,,,,,,,,
25/05/2024 14:15:00,0,655,,,,,,,,,,,,,,,,,,
25/05/2024 14:00:00,0,654,,,,,,,,,,,,,,,,,,
25/05/2024 13:45:00,0,654,,,,,,,,,,,,,,,,,,
25/05/2024 13:30:00,0,654,,,,,,,,,,,,,,,,,,
25/05/2024 13:15:00,0,654,,,,,,,,,,,,,,,,,,
25/05/2024 13:00:00,0,654,,,,,,,,,,,,,,,,,,
25/05/2024 12:45:00,0,654,,,,,,,,,,,,,,,,,,
25/05/2024 12:30:00,0,654,,,,,,,,,,,,,,,,,,
25/05/2024 12:15:00,0,653,,,,,,,,,,,,,,,,,,
25/05/2024 12:00:00,0,654,,,,,,,,,,,,,,,,,,
25/05/2024 11:45:00,0,653,,,,,,,,,,,,,,,,,,
25/05/2024 11:30:00,0,653,,,,,,,,,,,,,,,,,,
25/05/2024 11:15:00,0,654,,,,,,,,,,,,,,,,,,
25/05/2024 11:00:00,0,654,,,,,,,,,,,,,,,,,,
25/05/2024 10:45:00,0,653,,,,,,,,,,,,,,,,,,
25/05/2024 10:30:00,0,653,,,,,,,,,,,,,,,,,,
25/05/2024 10:15:00,0,652,,,,,,,,,,,,,,,,,,
25/05/2024 10:00:00,0,652,,,,,,,,,,,,,,,,,,
25/05/2024 09:45:00,0,652,,,,,,,,,,,,,,,,,,
25/05/2024 09:30:00,0,652,,,,,,,,,,,,,,,,,,
25/05/2024 09:15:00,0,652,,,,,,,,,,,,,,,,,,
25/05/2024 09:00:00,0,652,,,,,,,,,,,,,,,,,,
25/05/2024 08:45:00,0,651,,,,,,,,,,,,,,,,,,
25/05/2024 08:30:00,0,652,,,,,,,,,,,,,,,,,,
25/05/2024 08:15:00,0,651,,,,,,,,,,,,,,,,,,
25/05/2024 08:00:00,0,652,,,,,,,,,,,,,,,,,,
25/05/2024 07:45:00,0,651,,,,,,,,,,,,,,,,,,
25/05/2024 07:30:00,0,650,,,,,,,,,,,,,,,,,,
25/05/2024 07:15:00,0,651,,,,,,,,,,,,,,,,,,
25/05/2024 07:00:00,0,650,,,,,,,,,,,,,,,,,,
25/05/2024 06:45:00,0,650,,,,,,,,,,,,,,,,,,
25/05/2024 06:30:00,0,650,,,,,,,,,,,,,,,,,,
25/05/2024 06:15:00,0,650,,,,,,,,,,,,,,,,,,
25/05/2024 06:00:00,0,650,,,,,,,,,,,,,,,,,,
25/05/2024 05:45:00,0,650,,,,,,,,,,,,,,,,,,
25/05/2024 05:30:00,0,650,,,,,,,,,,,,,,,,,,
25/05/2024 05:15:00,0,650,,,,,,,,,,,,,,,,,,
25/05/2024 05:00:00,0,651,,,,,,,,,,,,,,,,,,
25/05/2024 04:45:00,0,650,,,,,,,,,,,,,,,,,,
25/05/2024 04:30:00,0,649,,,,,,,,,,,,,,,,,,
25/05/2024 04:15:00,0,650,,,,,,,,,,,,,,,,,,
25/05/2024 04:00:00,0,649,,,,,,,,,,,,,,,,,,
25/05/2024 03:45:00,0,649,,,,,,,,,,,,,,,,,,
25/05/2024 03:30:00,0,648,,,,,,,,,,,,,,,,,,
25/05/2024 03:15:00,0,649,,,,,,,,,,,,,,,,,,
25/05/2024 03:00:00,0,648,,,,,,,,,,,,,,,,,,
25/05/2024 02:45:00,0,648,,,,,,,,,,,,,,,,,,
25/05/2024 02:30:00,0,648,,,,,,,,,,,,,,,,,,
25/05/2024 02:15:00,0,648,,,,,,,,,,,,,,,,,,
25/05/2024 02:00:00,0,647,,,,,,,,,,,,,,,,,,
25/05/2024 01:45:00,0,647,,,,,,,,,,,,,,,,,,
25/05/2024 01:30:00,0,647,,,,,,,,,,,,,,,,,,
25/05/2024 01:15:00,0,647,,,,,,,,,,,,,,,,,,
25/05/2024 01:00:00,0,647,,,,,,,,,,,,,,,,,,
25/05/2024 00:45:00,0,647,,,,,,,,,,,,,,,,,,
25/05/2024 00:30:00,0,647,,,,,,,,,,,,,,,,,,
25/05/2024 00:15:00,0,646,,,,,,,,,,,,,,,,,,
25/05/2024 00:00:00,0,646,,,,,,,,,,,,,,,,,,
24/05/2024 23:45:00,0,646,,,,,,,,,,,,,,,,,,
24/05/2024 23:30:00,0,646,,,,,,,,,,,,,,,,,,
24/05/2024 23:15:00,0,646,,,,,,,,,,,,,,,,,,
24/05/2024 23:00:00,0,645,,,,,,,,,,,,,,,,,,
24/05/2024 22:45:00,0,645,,,,,,,,,,,,,,,,,,
24/05/2024 22:30:00,0,645,,,,,,,,,,,,,,,,,,
24/05/2024 22:15:00,0,645,,,,,,,,,,,,,,,,,,
24/05/2024 22:00:00,0,645,,,,,,,,,,,,,,,,,,
24/05/2024 21:45:00,0,645,,,,,,,,,,,,,,,,,,
24/05/2024 21:30:00,0,645,,,,,,,,,,,,,,,,,,
24/05/2024 21:15:00,0,644,,,,,,,,,,,,,,,,,,
24/05/2024 21:00:00,0,644,,,,,,,,,,,,,,,,,,
24/05/2024 20:45:00,0,643,,,,,,,,,,,,,,,,,,
24/05/2024 20:30:00,0,644,,,,,,,,,,,,,,,,,,
24/05/2024 20:15:00,0,644,,,,,,,,,,,,,,,,,,
24/05/2024 20:00:00,0,644,,,,,,,,,,,,,,,,,,
24/05/2024 19:45:00,0,643,,,,,,,,,,,,,,,,,,
24/05/2024 19:30:00,0.2,643,,,,,,,,,,,,,,,,,,
24/05/2024 19:15:00,0,643,,,,,,,,,,,,,,,,,,
24/05/2024 19:00:00,0,643,,,,,,,,,,,,,,,,,,
24/05/2024 18:45:00,0,642,,,,,,,,,,,,,,,,,,
24/05/2024 18:30:00,0,643,,,,,,,,,,,,,,,,,,
24/05/2024 18:15:00,0.4,642,,,,,,,,,,,,,,,,,,
24/05/2024 18:00:00,0,641,,,,,,,,,,,,,,,,,,
24/05/2024 17:45:00,0.2,641,,,,,,,,,,,,,,,,,,
24/05/2024 17:30:00,0,641,,,,,,,,,,,,,,,,,,
24/05/2024 17:15:00,0.4,640,,,,,,,,,,,,,,,,,,
24/05/2024 17:00:00,1,640,,,,,,,,,,,,,,,,,,
24/05/2024 16:45:00,0.2,639,,,,,,,,,,,,,,,,,,
24/05/2024 16:30:00,0.2,639,,,,,,,,,,,,,,,,,,
24/05/2024 16:15:00,0.8,639,,,,,,,,,,,,,,,,,,
24/05/2024 16:00:00,1.6,637,,,,,,,,,,,,,,,,,,
24/05/2024 15:45:00,4.4,636,,,,,,,,,,,,,,,,,,
24/05/2024 15:30:00,3.2,635,,,,,,,,,,,,,,,,,,
24/05/2024 15:15:00,1,635,,,,,,,,,,,,,,,,,,
24/05/2024 15:00:00,0.2,635,,,,,,,,,,,,,,,,,,
24/05/2024 14:45:00,0.6,635,,,,,,,,,,,,,,,,,,
24/05/2024 14:30:00,0.8,634,,,,,,,,,,,,,,,,,,
24/05/2024 14:15:00,0.2,634,,,,,,,,,,,,,,,,,,
24/05/2024 14:00:00,0.4,634,,,,,,,,,,,,,,,,,,
24/05/2024 13:45:00,0.2,633,,,,,,,,,,,,,,,,,,
24/05/2024 13:30:00,0.2,633,,,,,,,,,,,,,,,,,,
24/05/2024 13:15:00,0.4,632,,,,,,,,,,,,,,,,,,
24/05/2024 13:00:00,0.4,632,,,,,,,,,,,,,,,,,,
24/05/2024 12:45:00,0.4,632,,,,,,,,,,,,,,,,,,
24/05/2024 12:30:00,0.2,632,,,,,,,,,,,,,,,,,,
24/05/2024 12:15:00,1.4,632,,,,,,,,,,,,,,,,,,
24/05/2024 12:00:00,1.8,631,,,,,,,,,,,,,,,,,,
24/05/2024 11:45:00,0,631,,,,,,,,,,,,,,,,,,
24/05/2024 11:30:00,0,630,,,,,,,,,,,,,,,,,,
24/05/2024 11:15:00,0,630,,,,,,,,,,,,,,,,,,
24/05/2024 11:00:00,0,630,,,,,,,,,,,,,,,,,,
24/05/2024 10:45:00,0,630,,,,,,,,,,,,,,,,,,
24/05/2024 10:30:00,0,629,,,,,,,,,,,,,,,,,,
24/05/2024 10:15:00,0,628,,,,,,,,,,,,,,,,,,
24/05/2024 10:00:00,0,629,,,,,,,,,,,,,,,,,,
24/05/2024 09:45:00,0,628,,,,,,,,,,,,,,,,,,
24/05/2024 09:30:00,0,628,,,,,,,,,,,,,,,,,,
24/05/2024 09:15:00,0,628,,,,,,,,,,,,,,,,,,
24/05/2024 09:00:00,0,627,,,,,,,,,,,,,,,,,,
24/05/2024 08:45:00,0,627,,,,,,,,,,,,,,,,,,
24/05/2024 08:30:00,0,627,,,,,,,,,,,,,,,,,,
24/05/2024 08:15:00,0.2,626,,,,,,,,,,,,,,,,,,
24/05/2024 08:00:00,0,626,,,,,,,,,,,,,,,,,,
24/05/2024 07:45:00,0,625,,,,,,,,,,,,,,,,,,
24/05/2024 07:30:00,0.2,626,,,,,,,,,,,,,,,,,,
24/05/2024 07:15:00,0,625,,,,,,,,,,,,,,,,,,
24/05/2024 07:00:00,0.4,625,,,,,,,,,,,,,,,,,,
24/05/2024 06:45:00,0.2,625,,,,,,,,,,,,,,,,,,
24/05/2024 06:30:00,0,625,,,,,,,,,,,,,,,,,,
24/05/2024 06:15:00,0,624,,,,,,,,,,,,,,,,,,
24/05/2024 06:00:00,0,624,,,,,,,,,,,,,,,,,,
24/05/2024 05:45:00,0,623,,,,,,,,,,,,,,,,,,
24/05/2024 05:30:00,0,623,,,,,,,,,,,,,,,,,,
24/05/2024 05:15:00,0,622,,,,,,,,,,,,,,,,,,
24/05/2024 05:00:00,0,622,,,,,,,,,,,,,,,,,,
24/05/2024 04:45:00,0,621,,,,,,,,,,,,,,,,,,
24/05/2024 04:30:00,0,621,,,,,,,,,,,,,,,,,,
24/05/2024 04:15:00,0,620,,,,,,,,,,,,,,,,,,
24/05/2024 04:00:00,0.2,620,,,,,,,,,,,,,,,,,,
24/05/2024 03:45:00,0.2,619,,,,,,,,,,,,,,,,,,
24/05/2024 03:30:00,0,619,,,,,,,,,,,,,,,,,,
24/05/2024 03:15:00,0,618,,,,,,,,,,,,,,,,,,
24/05/2024 03:00:00,0,618,,,,,,,,,,,,,,,,,,
24/05/2024 02:45:00,0,617,,,,,,,,,,,,,,,,,,
24/05/2024 02:30:00,0,617,,,,,,,,,,,,,,,,,,
24/05/2024 02:15:00,0,616,,,,,,,,,,,,,,,,,,
24/05/2024 02:00:00,0,615,,,,,,,,,,,,,,,,,,
24/05/2024 01:45:00,0,616,,,,,,,,,,,,,,,,,,
24/05/2024 01:30:00,0,614,,,,,,,,,,,,,,,,,,
24/05/2024 01:15:00,0,614,,,,,,,,,,,,,,,,,,
24/05/2024 01:00:00,0,613,,,,,,,,,,,,,,,,,,
24/05/2024 00:45:00,0.2,613,,,,,,,,,,,,,,,,,,
24/05/2024 00:30:00,0.4,613,,,,,,,,,,,,,,,,,,
24/05/2024 00:15:00,0,611,,,,,,,,,,,,,,,,,,
24/05/2024 00:00:00,0,611,,,,,,,,,,,,,,,,,,
23/05/2024 23:45:00,0,611,,,,,,,,,,,,,,,,,,
23/05/2024 23:30:00,0,610,,,,,,,,,,,,,,,,,,
23/05/2024 23:15:00,1.6,609,,,,,,,,,,,,,,,,,,
23/05/2024 23:00:00,0.4,607,,,,,,,,,,,,,,,,,,
23/05/2024 22:45:00,0,607,,,,,,,,,,,,,,,,,,
23/05/2024 22:30:00,0.2,608,,,,,,,,,,,,,,,,,,
23/05/2024 22:15:00,0,606,,,,,,,,,,,,,,,,,,
23/05/2024 22:00:00,0,606,,,,,,,,,,,,,,,,,,
23/05/2024 21:45:00,0,605,,,,,,,,,,,,,,,,,,
23/05/2024 21:30:00,0,605,,,,,,,,,,,,,,,,,,
23/05/2024 21:15:00,3.2,603,,,,,,,,,,,,,,,,,,
23/05/2024 21:00:00,1.8,600,,,,,,,,,,,,,,,,,,
23/05/2024 20:45:00,7.6,598,,,,,,,,,,,,,,,,,,
23/05/2024 20:30:00,9,593,,,,,,,,,,,,,,,,,,
23/05/2024 20:15:00,1.2,593,,,,,,,,,,,,,,,,,,
23/05/2024 20:00:00,1,591,,,,,,,,,,,,,,,,,,
23/05/2024 19:45:00,1.4,592,,,,,,,,,,,,,,,,,,
23/05/2024 19:30:00,0,592,,,,,,,,,,,,,,,,,,
23/05/2024 19:15:00,0,591,,,,,,,,,,,,,,,,,,
23/05/2024 19:00:00,0,590,,,,,,,,,,,,,,,,,,
23/05/2024 18:45:00,0.2,590,,,,,,,,,,,,,,,,,,
23/05/2024 18:30:00,0.6,589,,,,,,,,,,,,,,,,,,
23/05/2024 18:15:00,0.8,589,,,,,,,,,,,,,,,,,,
23/05/2024 18:00:00,0,588,,,,,,,,,,,,,,,,,,
23/05/2024 17:45:00,0,588,,,,,,,,,,,,,,,,,,
23/05/2024 17:30:00,0.2,587,,,,,,,,,,,,,,,,,,
23/05/2024 17:15:00,1.6,585,,,,,,,,,,,,,,,,,,
23/05/2024 17:00:00,0.8,585,,,,,,,,,,,,,,,,,,
23/05/2024 16:45:00,0.2,585,,,,,,,,,,,,,,,,,,
23/05/2024 16:30:00,3.8,584,,,,,,,,,,,,,,,,,,
23/05/2024 16:15:00,0.2,583,,,,,,,,,,,,,,,,,,
23/05/2024 16:00:00,0.2,583,,,,,,,,,,,,,,,,,,
23/05/2024 15:45:00,0.6,582,,,,,,,,,,,,,,,,,,
23/05/2024 15:30:00,1.6,582,,,,,,,,,,,,,,,,,,
23/05/2024 15:15:00,0.6,581,,,,,,,,,,,,,,,,,,
23/05/2024 15:00:00,2.6,580,,,,,,,,,,,,,,,,,,
23/05/2024 14:45:00,2.4,578,,,,,,,,,,,,,,,,,,
23/05/2024 14:30:00,2.4,577,,,,,,,,,,,,,,,,,,
23/05/2024 14:15:00,1.2,577,,,,,,,,,,,,,,,,,,
23/05/2024 14:00:00,2.8,576,,,,,,,,,,,,,,,,,,
23/05/2024 13:45:00,1.4,576,,,,,,,,,,,,,,,,,,
23/05/2024 13:30:00,1.4,576,,,,,,,,,,,,,,,,,,
23/05/2024 13:15:00,3.4,575,,,,,,,,,,,,,,,,,,
23/05/2024 13:00:00,2.6,574,,,,,,,,,,,,,,,,,,
23/05/2024 12:45:00,2,573,,,,,,,,,,,,,,,,,,
23/05/2024 12:30:00,5.2,572,,,,,,,,,,,,,,,,,,
23/05/2024 12:15:00,1.8,571,,,,,,,,,,,,,,,,,,
23/05/2024 12:00:00,4.6,571,,,,,,,,,,,,,,,,,,
23/05/2024 11:45:00,1.6,571,,,,,,,,,,,,,,,,,,
23/05/2024 11:30:00,1,571,,,,,,,,,,,,,,,,,,
23/05/2024 11:15:00,0.8,571,,,,,,,,,,,,,,,,,,
23/05/2024 11:00:00,1.8,571,,,,,,,,,,,,,,,,,,
23/05/2024 10:45:00,0.8,571,,,,,,,,,,,,,,,,,,
23/05/2024 10:30:00,0,572,,,,,,,,,,,,,,,,,,
23/05/2024 10:15:00,0,573,,,,,,,,,,,,,,,,,,
23/05/2024 10:00:00,0.2,573,,,,,,,,,,,,,,,,,,
23/05/2024 09:45:00,0.6,573,,,,,,,,,,,,,,,,,,
23/05/2024 09:30:00,0,574,,,,,,,,,,,,,,,,,,
23/05/2024 09:15:00,0,574,,,,,,,,,,,,,,,,,,
23/05/2024 09:00:00,0,574,,,,,,,,,,,,,,,,,,
23/05/2024 08:45:00,0,575,,,,,,,,,,,,,,,,,,
23/05/2024 08:30:00,0,575,,,,,,,,,,,,,,,,,,
23/05/2024 08:15:00,0.2,575,,,,,,,,,,,,,,,,,,
23/05/2024 08:00:00,0,576,,,,,,,,,,,,,,,,,,
23/05/2024 07:45:00,0,576,,,,,,,,,,,,,,,,,,
23/05/2024 07:30:00,0,576,,,,,,,,,,,,,,,,,,
23/05/2024 07:15:00,0.8,577,,,,,,,,,,,,,,,,,,
23/05/2024 07:00:00,0,577,,,,,,,,,,,,,,,,,,
23/05/2024 06:45:00,0,577,,,,,,,,,,,,,,,,,,
23/05/2024 06:30:00,0.2,578,,,,,,,,,,,,,,,,,,
23/05/2024 06:15:00,0,578,,,,,,,,,,,,,,,,,,
23/05/2024 06:00:00,0.6,579,,,,,,,,,,,,,,,,,,
23/05/2024 05:45:00,0.8,579,,,,,,,,,,,,,,,,,,
23/05/2024 05:30:00,0.2,579,,,,,,,,,,,,,,,,,,
23/05/2024 05:15:00,0.4,580,,,,,,,,,,,,,,,,,,
23/05/2024 05:00:00,0.4,580,,,,,,,,,,,,,,,,,,
23/05/2024 04:45:00,0.4,580,,,,,,,,,,,,,,,,,,
23/05/2024 04:30:00,1.2,580,,,,,,,,,,,,,,,,,,
23/05/2024 04:15:00,1,580,,,,,,,,,,,,,,,,,,
23/05/2024 04:00:00,4,580,,,,,,,,,,,,,,,,,,
23/05/2024 03:45:00,0.2,581,,,,,,,,,,,,,,,,,,
23/05/2024 03:30:00,0,581,,,,,,,,,,,,,,,,,,
23/05/2024 03:15:00,0,580,,,,,,,,,,,,,,,,,,
23/05/2024 03:00:00,0,582,,,,,,,,,,,,,,,,,,
23/05/2024 02:45:00,0,582,,,,,,,,,,,,,,,,,,
23/05/2024 02:30:00,0,582,,,,,,,,,,,,,,,,,,
23/05/2024 02:15:00,0,583,,,,,,,,,,,,,,,,,,
23/05/2024 02:00:00,0,583,,,,,,,,,,,,,,,,,,
23/05/2024 01:45:00,0,583,,,,,,,,,,,,,,,,,,
23/05/2024 01:30:00,0,584,,,,,,,,,,,,,,,,,,
23/05/2024 01:15:00,0,585,,,,,,,,,,,,,,,,,,
23/05/2024 01:00:00,0,585,,,,,,,,,,,,,,,,,,
23/05/2024 00:45:00,0,585,,,,,,,,,,,,,,,,,,
23/05/2024 00:30:00,0,585,,,,,,,,,,,,,,,,,,
23/05/2024 00:15:00,0,586,,,,,,,,,,,,,,,,,,
23/05/2024 00:00:00,0,586,,,,,,,,,,,,,,,,,,
22/05/2024 23:45:00,0,587,,,,,,,,,,,,,,,,,,
22/05/2024 23:30:00,0,587,,,,,,,,,,,,,,,,,,
22/05/2024 23:15:00,0,587,,,,,,,,,,,,,,,,,,
22/05/2024 23:00:00,0,588,,,,,,,,,,,,,,,,,,
22/05/2024 22:45:00,0,588,,,,,,,,,,,,,,,,,,
22/05/2024 22:30:00,0,589,,,,,,,,,,,,,,,,,,
22/05/2024 22:15:00,0,589,,,,,,,,,,,,,,,,,,
22/05/2024 22:00:00,0,589,,,,,,,,,,,,,,,,,,
22/05/2024 21:45:00,0,590,,,,,,,,,,,,,,,,,,
22/05/2024 21:30:00,0,590,,,,,,,,,,,,,,,,,,
22/05/2024 21:15:00,0,591,,,,,,,,,,,,,,,,,,
22/05/2024 21:00:00,0,591,,,,,,,,,,,,,,,,,,
22/05/2024 20:45:00,0,591,,,,,,,,,,,,,,,,,,
22/05/2024 20:30:00,0,592,,,,,,,,,,,,,,,,,,
22/05/2024 20:15:00,0,592,,,,,,,,,,,,,,,,,,
22/05/2024 20:00:00,0,592,,,,,,,,,,,,,,,,,,
22/05/2024 19:45:00,0,593,,,,,,,,,,,,,,,,,,
22/05/2024 19:30:00,0,593,,,,,,,,,,,,,,,,,,
22/05/2024 19:15:00,0,594,,,,,,,,,,,,,,,,,,
22/05/2024 19:00:00,0,594,,,,,,,,,,,,,,,,,,
22/05/2024 18:45:00,0,595,,,,,,,,,,,,,,,,,,
22/05/2024 18:30:00,0,595,,,,,,,,,,,,,,,,,,
22/05/2024 18:15:00,0,595,,,,,,,,,,,,,,,,,,
22/05/2024 18:00:00,0,596,,,,,,,,,,,,,,,,,,
22/05/2024 17:45:00,0,596,,,,,,,,,,,,,,,,,,
22/05/2024 17:30:00,0,596,,,,,,,,,,,,,,,,,,
22/05/2024 17:15:00,0,597,,,,,,,,,,,,,,,,,,
22/05/2024 17:00:00,0,597,,,,,,,,,,,,,,,,,,
22/05/2024 16:45:00,0,598,,,,,,,,,,,,,,,,,,
22/05/2024 16:30:00,0,598,,,,,,,,,,,,,,,,,,
22/05/2024 16:15:00,0,598,,,,,,,,,,,,,,,,,,
22/05/2024 16:00:00,0,598,,,,,,,,,,,,,,,,,,
22/05/2024 15:45:00,0,599,,,,,,,,,,,,,,,,,,
22/05/2024 15:30:00,0,599,,,,,,,,,,,,,,,,,,
22/05/2024 15:15:00,0,599,,,,,,,,,,,,,,,,,,
22/05/2024 15:00:00,0,600,,,,,,,,,,,,,,,,,,
22/05/2024 14:45:00,0,601,,,,,,,,,,,,,,,,,,
22/05/2024 14:30:00,0,601,,,,,,,,,,,,,,,,,,
22/05/2024 14:15:00,0,601,,,,,,,,,,,,,,,,,,
22/05/2024 14:00:00,0,601,,,,,,,,,,,,,,,,,,
22/05/2024 13:45:00,0,601,,,,,,,,,,,,,,,,,,
22/05/2024 13:30:00,0,602,,,,,,,,,,,,,,,,,,
22/05/2024 13:15:00,0,602,,,,,,,,,,,,,,,,,,
22/05/2024 13:00:00,0,603,,,,,,,,,,,,,,,,,,
22/05/2024 12:45:00,0,604,,,,,,,,,,,,,,,,,,
22/05/2024 12:30:00,0,604,,,,,,,,,,,,,,,,,,
22/05/2024 12:15:00,0,604,,,,,,,,,,,,,,,,,,
22/05/2024 12:00:00,0,605,,,,,,,,,,,,,,,,,,
22/05/2024 11:45:00,0,605,,,,,,,,,,,,,,,,,,
22/05/2024 11:30:00,0,605,,,,,,,,,,,,,,,,,,
22/05/2024 11:15:00,0,606,,,,,,,,,,,,,,,,,,
22/05/2024 11:00:00,0,606,,,,,,,,,,,,,,,,,,
22/05/2024 10:45:00,0,607,,,,,,,,,,,,,,,,,,
22/05/2024 10:30:00,0,607,,,,,,,,,,,,,,,,,,
22/05/2024 10:15:00,0,607,,,,,,,,,,,,,,,,,,
22/05/2024 10:00:00,0,607,,,,,,,,,,,,,,,,,,
22/05/2024 09:45:00,0,607,,,,,,,,,,,,,,,,,,
22/05/2024 09:30:00,0,608,,,,,,,,,,,,,,,,,,
22/05/2024 09:15:00,0,609,,,,,,,,,,,,,,,,,,
22/05/2024 09:00:00,0,609,,,,,,,,,,,,,,,,,,
22/05/2024 08:45:00,0,609,,,,,,,,,,,,,,,,,,
22/05/2024 08:30:00,0,609,,,,,,,,,,,,,,,,,,
22/05/2024 08:15:00,0,610,,,,,,,,,,,,,,,,,,
22/05/2024 08:00:00,0,610,,,,,,,,,,,,,,,,,,
22/05/2024 07:45:00,0,610,,,,,,,,,,,,,,,,,,
22/05/2024 07:30:00,0,611,,,,,,,,,,,,,,,,,,
22/05/2024 07:15:00,0,611,,,,,,,,,,,,,,,,,,
22/05/2024 07:00:00,0,612,,,,,,,,,,,,,,,,,,
22/05/2024 06:45:00,0,612,,,,,,,,,,,,,,,,,,
22/05/2024 06:30:00,0,612,,,,,,,,,,,,,,,,,,
22/05/2024 06:15:00,0,613,,,,,,,,,,,,,,,,,,
22/05/2024 06:00:00,0,613,,,,,,,,,,,,,,,,,,
22/05/2024 05:45:00,0,613,,,,,,,,,,,,,,,,,,
22/05/2024 05:30:00,0,614,,,,,,,,,,,,,,,,,,
22/05/2024 05:15:00,0,614,,,,,,,,,,,,,,,,,,
22/05/2024 05:00:00,0,614,,,,,,,,,,,,,,,,,,
22/05/2024 04:45:00,0,615,,,,,,,,,,,,,,,,,,
22/05/2024 04:30:00,0,615,,,,,,,,,,,,,,,,,,
22/05/2024 04:15:00,0,615,,,,,,,,,,,,,,,,,,
22/05/2024 04:00:00,0,616,,,,,,,,,,,,,,,,,,
22/05/2024 03:45:00,0,616,,,,,,,,,,,,,,,,,,
22/05/2024 03:30:00,0,617,,,,,,,,,,,,,,,,,,
22/05/2024 03:15:00,0,617,,,,,,,,,,,,,,,,,,
22/05/2024 03:00:00,0,617,,,,,,,,,,,,,,,,,,
22/05/2024 02:45:00,0,618,,,,,,,,,,,,,,,,,,
22/05/2024 02:30:00,0,618,,,,,,,,,,,,,,,,,,
22/05/2024 02:15:00,0,618,,,,,,,,,,,,,,,,,,
22/05/2024 02:00:00,0,619,,,,,,,,,,,,,,,,,,
22/05/2024 01:45:00,0,619,,,,,,,,,,,,,,,,,,
22/05/2024 01:30:00,0,619,,,,,,,,,,,,,,,,,,
22/05/2024 01:15:00,0,620,,,,,,,,,,,,,,,,,,
22/05/2024 01:00:00,0,620,,,,,,,,,,,,,,,,,,
22/05/2024 00:45:00,0,621,,,,,,,,,,,,,,,,,,
22/05/2024 00:30:00,0,621,,,,,,,,,,,,,,,,,,
22/05/2024 00:15:00,0,621,,,,,,,,,,,,,,,,,,
22/05/2024 00:00:00,0,622,,,,,,,,,,,,,,,,,,
21/05/2024 23:45:00,0,622,,,,,,,,,,,,,,,,,,
21/05/2024 23:30:00,0,622,,,,,,,,,,,,,,,,,,
21/05/2024 23:15:00,0,622,,,,,,,,,,,,,,,,,,
21/05/2024 23:00:00,0,623,,,,,,,,,,,,,,,,,,
21/05/2024 22:45:00,0,623,,,,,,,,,,,,,,,,,,
21/05/2024 22:30:00,0,623,,,,,,,,,,,,,,,,,,
21/05/2024 22:15:00,0,624,,,,,,,,,,,,,,,,,,
21/05/2024 22:00:00,0,624,,,,,,,,,,,,,,,,,,
21/05/2024 21:45:00,0,624,,,,,,,,,,,,,,,,,,
21/05/2024 21:30:00,0,625,,,,,,,,,,,,,,,,,,
21/05/2024 21:15:00,0,625,,,,,,,,,,,,,,,,,,
21/05/2024 21:00:00,0,625,,,,,,,,,,,,,,,,,,
21/05/2024 20:45:00,0,626,,,,,,,,,,,,,,,,,,
21/05/2024 20:30:00,0,626,,,,,,,,,,,,,,,,,,
21/05/2024 20:15:00,0,627,,,,,,,,,,,,,,,,,,
21/05/2024 20:00:00,0,627,,,,,,,,,,,,,,,,,,
21/05/2024 19:45:00,0,627,,,,,,,,,,,,,,,,,,
21/05/2024 19:30:00,0,628,,,,,,,,,,,,,,,,,,
21/05/2024 19:15:00,0,628,,,,,,,,,,,,,,,,,,
21/05/2024 19:00:00,0,629,,,,,,,,,,,,,,,,,,
21/05/2024 18:45:00,0,629,,,,,,,,,,,,,,,,,,
21/05/2024 18:30:00,0,629,,,,,,,,,,,,,,,,,,
21/05/2024 18:15:00,0,630,,,,,,,,,,,,,,,,,,
21/05/2024 18:00:00,0,630,,,,,,,,,,,,,,,,,,
21/05/2024 17:45:00,0,630,,,,,,,,,,,,,,,,,,
21/05/2024 17:30:00,0,630,,,,,,,,,,,,,,,,,,
21/05/2024 17:15:00,0,631,,,,,,,,,,,,,,,,,,
21/05/2024 17:00:00,0,631,,,,,,,,,,,,,,,,,,
21/05/2024 16:45:00,0,632,,,,,,,,,,,,,,,,,,
21/05/2024 16:30:00,0,632,,,,,,,,,,,,,,,,,,
21/05/2024 16:15:00,0,633,,,,,,,,,,,,,,,,,,
21/05/2024 16:00:00,0,633,,,,,,,,,,,,,,,,,,
21/05/2024 15:45:00,0,633,,,,,,,,,,,,,,,,,,
21/05/2024 15:30:00,0,633,,,,,,,,,,,,,,,,,,
21/05/2024 15:15:00,0,634,,,,,,,,,,,,,,,,,,
21/05/2024 15:00:00,0,634,,,,,,,,,,,,,,,,,,
21/05/2024 14:45:00,0,634,,,,,,,,,,,,,,,,,,
21/05/2024 14:30:00,0,635,,,,,,,,,,,,,,,,,,
21/05/2024 14:15:00,0,635,,,,,,,,,,,,,,,,,,
21/05/2024 14:00:00,0,635,,,,,,,,,,,,,,,,,,
21/05/2024 13:45:00,0,635,,,,,,,,,,,,,,,,,,
21/05/2024 13:30:00,0,636,,,,,,,,,,,,,,,,,,
21/05/2024 13:15:00,0,636,,,,,,,,,,,,,,,,,,
21/05/2024 13:00:00,0,637,,,,,,,,,,,,,,,,,,
21/05/2024 12:45:00,0,637,,,,,,,,,,,,,,,,,,
21/05/2024 12:30:00,0,638,,,,,,,,,,,,,,,,,,
21/05/2024 12:15:00,0,638,,,,,,,,,,,,,,,,,,
21/05/2024 12:00:00,0,638,,,,,,,,,,,,,,,,,,
21/05/2024 11:45:00,0,639,,,,,,,,,,,,,,,,,,
21/05/2024 11:30:00,0,638,,,,,,,,,,,,,,,,,,
21/05/2024 11:15:00,0,639,,,,,,,,,,,,,,,,,,
21/05/2024 11:00:00,0,639,,,,,,,,,,,,,,,,,,
21/05/2024 10:45:00,0,640,,,,,,,,,,,,,,,,,,
21/05/2024 10:30:00,0,640,,,,,,,,,,,,,,,,,,
21/05/2024 10:15:00,0,640,,,,,,,,,,,,,,,,,,
21/05/2024 10:00:00,0,640,,,,,,,,,,,,,,,,,,
21/05/2024 09:45:00,0,641,,,,,,,,,,,,,,,,,,
21/05/2024 09:30:00,0,641,,,,,,,,,,,,,,,,,,
21/05/2024 09:15:00,0,641,,,,,,,,,,,,,,,,,,
21/05/2024 09:00:00,0,642,,,,,,,,,,,,,,,,,,
21/05/2024 08:45:00,0,642,,,,,,,,,,,,,,,,,,
21/05/2024 08:30:00,0,642,,,,,,,,,,,,,,,,,,
21/05/2024 08:15:00,0,643,,,,,,,,,,,,,,,,,,
21/05/2024 08:00:00,0,643,,,,,,,,,,,,,,,,,,
21/05/2024 07:45:00,0,643,,,,,,,,,,,,,,,,,,
21/05/2024 07:30:00,0,644,,,,,,,,,,,,,,,,,,
21/05/2024 07:15:00,0,644,,,,,,,,,,,,,,,,,,
21/05/2024 07:00:00,0,645,,,,,,,,,,,,,,,,,,
21/05/2024 06:45:00,0,645,,,,,,,,,,,,,,,,,,
21/05/2024 06:30:00,0,645,,,,,,,,,,,,,,,,,,
21/05/2024 06:15:00,0,645,,,,,,,,,,,,,,,,,,
21/05/2024 06:00:00,0,646,,,,,,,,,,,,,,,,,,
21/05/2024 05:45:00,0,646,,,,,,,,,,,,,,,,,,
21/05/2024 05:30:00,0,646,,,,,,,,,,,,,,,,,,
21/05/2024 05:15:00,0,647,,,,,,,,,,,,,,,,,,
21/05/2024 05:00:00,0,647,,,,,,,,,,,,,,,,,,
21/05/2024 04:45:00,0,647,,,,,,,,,,,,,,,,,,
21/05/2024 04:30:00,0,647,,,,,,,,,,,,,,,,,,
21/05/2024 04:15:00,0,648,,,,,,,,,,,,,,,,,,
21/05/2024 04:00:00,0,648,,,,,,,,,,,,,,,,,,
21/05/2024 03:45:00,0,649,,,,,,,,,,,,,,,,,,
21/05/2024 03:30:00,0,649,,,,,,,,,,,,,,,,,,
21/05/2024 03:15:00,0,649,,,,,,,,,,,,,,,,,,
21/05/2024 03:00:00,0,650,,,,,,,,,,,,,,,,,,
21/05/2024 02:45:00,0,650,,,,,,,,,,,,,,,,,,
21/05/2024 02:30:00,0,650,,,,,,,,,,,,,,,,,,
21/05/2024 02:15:00,0,650,,,,,,,,,,,,,,,,,,
21/05/2024 02:00:00,0,651,,,,,,,,,,,,,,,,,,
21/05/2024 01:45:00,0,651,,,,,,,,,,,,,,,,,,
21/05/2024 01:30:00,0,651,,,,,,,,,,,,,,,,,,
21/05/2024 01:15:00,0,652,,,,,,,,,,,,,,,,,,
21/05/2024 01:00:00,0,652,,,,,,,,,,,,,,,,,,
21/05/2024 00:45:00,0,652,,,,,,,,,,,,,,,,,,
21/05/2024 00:30:00,0,653,,,,,,,,,,,,,,,,,,
21/05/2024 00:15:00,0,653,,,,,,,,,,,,,,,,,,
21/05/2024 00:00:00,0,653,,,,,,,,,,,,,,,,,,
20/05/2024 23:45:00,0,654,,,,,,,,,,,,,,,,,,
20/05/2024 23:30:00,0,654,,,,,,,,,,,,,,,,,,
20/05/2024 23:15:00,0,654,,,,,,,,,,,,,,,,,,
20/05/2024 23:00:00,0,654,,,,,,,,,,,,,,,,,,
20/05/2024 22:45:00,0,655,,,,,,,,,,,,,,,,,,
20/05/2024 22:30:00,0,655,,,,,,,,,,,,,,,,,,
20/05/2024 22:15:00,0,656,,,,,,,,,,,,,,,,,,
20/05/2024 22:00:00,0,656,,,,,,,,,,,,,,,,,,
20/05/2024 21:45:00,0,656,,,,,,,,,,,,,,,,,,
20/05/2024 21:30:00,0,656,,,,,,,,,,,,,,,,,,
20/05/2024 21:15:00,0,657,,,,,,,,,,,,,,,,,,
20/05/2024 21:00:00,0,657,,,,,,,,,,,,,,,,,,
20/05/2024 20:45:00,0,657,,,,,,,,,,,,,,,,,,
20/05/2024 20:30:00,0,658,,,,,,,,,,,,,,,,,,
20/05/2024 20:15:00,0,658,,,,,,,,,,,,,,,,,,
20/05/2024 20:00:00,0,658,,,,,,,,,,,,,,,,,,
20/05/2024 19:45:00,0,659,,,,,,,,,,,,,,,,,,
20/05/2024 19:30:00,0,659,,,,,,,,,,,,,,,,,,
20/05/2024 19:15:00,0,659,,,,,,,,,,,,,,,,,,
20/05/2024 19:00:00,0,660,,,,,,,,,,,,,,,,,,
20/05/2024 18:45:00,0,660,,,,,,,,,,,,,,,,,,
20/05/2024 18:30:00,0,660,,,,,,,,,,,,,,,,,,
20/05/2024 18:15:00,0,661,,,,,,,,,,,,,,,,,,
20/05/2024 18:00:00,0,661,,,,,,,,,,,,,,,,,,
20/05/2024 17:45:00,0,661,,,,,,,,,,,,,,,,,,
20/05/2024 17:30:00,0,662,,,,,,,,,,,,,,,,,,
20/05/2024 17:15:00,0,661,,,,,,,,,,,,,,,,,,
20/05/2024 17:00:00,0,662,,,,,,,,,,,,,,,,,,
20/05/2024 16:45:00,0,662,,,,,,,,,,,,,,,,,,
20/05/2024 16:30:00,0,663,,,,,,,,,,,,,,,,,,
20/05/2024 16:15:00,0,663,,,,,,,,,,,,,,,,,,
20/05/2024 16:00:00,0,663,,,,,,,,,,,,,,,,,,
20/05/2024 15:45:00,0,664,,,,,,,,,,,,,,,,,,
20/05/2024 15:30:00,0,664,,,,,,,,,,,,,,,,,,
20/05/2024 15:15:00,0,664,,,,,,,,,,,,,,,,,,
20/05/2024 15:00:00,0,664,,,,,,,,,,,,,,,,,,
20/05/2024 14:45:00,0,665,,,,,,,,,,,,,,,,,,
20/05/2024 14:30:00,0,665,,,,,,,,,,,,,,,,,,
20/05/2024 14:15:00,0,666,,,,,,,,,,,,,,,,,,
20/05/2024 14:00:00,0,666,,,,,,,,,,,,,,,,,,
20/05/2024 13:45:00,0,666,,,,,,,,,,,,,,,,,,
20/05/2024 13:30:00,0,666,,,,,,,,,,,,,,,,,,
20/05/2024 13:15:00,0,667,,,,,,,,,,,,,,,,,,
20/05/2024 13:00:00,0,667,,,,,,,,,,,,,,,,,,
20/05/2024 12:45:00,0,667,,,,,,,,,,,,,,,,,,
20/05/2024 12:30:00,0,667,,,,,,,,,,,,,,,,,,
20/05/2024 12:15:00,0,667,,,,,,,,,,,,,,,,,,
20/05/2024 12:00:00,0,668,,,,,,,,,,,,,,,,,,
20/05/2024 11:45:00,0,668,,,,,,,,,,,,,,,,,,
20/05/2024 11:30:00,0,668,,,,,,,,,,,,,,,,,,
20/05/2024 11:15:00,0,669,,,,,,,,,,,,,,,,,,
20/05/2024 11:00:00,0,669,,,,,,,,,,,,,,,,,,
20/05/2024 10:45:00,0,669,,,,,,,,,,,,,,,,,,
20/05/2024 10:30:00,0,669,,,,,,,,,,,,,,,,,,
20/05/2024 10:15:00,0,670,,,,,,,,,,,,,,,,,,
20/05/2024 10:00:00,0,670,,,,,,,,,,,,,,,,,,
20/05/2024 09:45:00,0,670,,,,,,,,,,,,,,,,,,
20/05/2024 09:30:00,0,670,,,,,,,,,,,,,,,,,,
20/05/2024 09:15:00,0,671,,,,,,,,,,,,,,,,,,
20/05/2024 09:00:00,0,671,,,,,,,,,,,,,,,,,,
20/05/2024 08:45:00,0,671,,,,,,,,,,,,,,,,,,
20/05/2024 08:30:00,0,671,,,,,,,,,,,,,,,,,,
20/05/2024 08:15:00,0,672,,,,,,,,,,,,,,,,,,
20/05/2024 08:00:00,0,672,,,,,,,,,,,,,,,,,,
20/05/2024 07:45:00,0,673,,,,,,,,,,,,,,,,,,
20/05/2024 07:30:00,0,673,,,,,,,,,,,,,,,,,,
20/05/2024 07:15:00,0,673,,,,,,,,,,,,,,,,,,
20/05/2024 07:00:00,0,674,,,,,,,,,,,,,,,,,,
20/05/2024 06:45:00,0,673,,,,,,,,,,,,,,,,,,
20/05/2024 06:30:00,0,674,,,,,,,,,,,,,,,,,,
20/05/2024 06:15:00,0,675,,,,,,,,,,,,,,,,,,
20/05/2024 06:00:00,0,675,,,,,,,,,,,,,,,,,,
20/05/2024 05:45:00,0,675,,,,,,,,,,,,,,,,,,
20/05/2024 05:30:00,0,676,,,,,,,,,,,,,,,,,,
20/05/2024 05:15:00,0,676,,,,,,,,,,,,,,,,,,
20/05/2024 05:00:00,0,676,,,,,,,,,,,,,,,,,,
20/05/2024 04:45:00,0,676,,,,,,,,,,,,,,,,,,
20/05/2024 04:30:00,0,676,,,,,,,,,,,,,,,,,,
20/05/2024 04:15:00,0,676,,,,,,,,,,,,,,,,,,
20/05/2024 04:00:00,0,677,,,,,,,,,,,,,,,,,,
20/05/2024 03:45:00,0,676,,,,,,,,,,,,,,,,,,
20/05/2024 03:30:00,0,677,,,,,,,,,,,,,,,,,,
20/05/2024 03:15:00,0,677,,,,,,,,,,,,,,,,,,
20/05/2024 03:00:00,0,678,,,,,,,,,,,,,,,,,,
20/05/2024 02:45:00,0,678,,,,,,,,,,,,,,,,,,
20/05/2024 02:30:00,0,678,,,,,,,,,,,,,,,,,,
20/05/2024 02:15:00,0,678,,,,,,,,,,,,,,,,,,
20/05/2024 02:00:00,0,678,,,,,,,,,,,,,,,,,,
20/05/2024 01:45:00,0,678,,,,,,,,,,,,,,,,,,
20/05/2024 01:30:00,0.2,679,,,,,,,,,,,,,,,,,,
20/05/2024 01:15:00,0,680,,,,,,,,,,,,,,,,,,
20/05/2024 01:00:00,0,679,,,,,,,,,,,,,,,,,,
20/05/2024 00:45:00,0,680,,,,,,,,,,,,,,,,,,
20/05/2024 00:30:00,0,681,,,,,,,,,,,,,,,,,,
20/05/2024 00:15:00,0,681,,,,,,,,,,,,,,,,,,
20/05/2024 00:00:00,0,681,,,,,,,,,,,,,,,,,,
19/05/2024 23:45:00,0,681,,,,,,,,,,,,,,,,,,
19/05/2024 23:30:00,0,682,,,,,,,,,,,,,,,,,,
19/05/2024 23:15:00,0,682,,,,,,,,,,,,,,,,,,
19/05/2024 23:00:00,0,683,,,,,,,,,,,,,,,,,,
19/05/2024 22:45:00,0,682,,,,,,,,,,,,,,,,,,
19/05/2024 22:30:00,0,683,,,,,,,,,,,,,,,,,,
19/05/2024 22:15:00,0,683,,,,,,,,,,,,,,,,,,
19/05/2024 22:00:00,0,683,,,,,,,,,,,,,,,,,,
19/05/2024 21:45:00,0,684,,,,,,,,,,,,,,,,,,
19/05/2024 21:30:00,0,684,,,,,,,,,,,,,,,,,,
19/05/2024 21:15:00,0,684,,,,,,,,,,,,,,,,,,
19/05/2024 21:00:00,0,685,,,,,,,,,,,,,,,,,,
19/05/2024 20:45:00,0,685,,,,,,,,,,,,,,,,,,
19/05/2024 20:30:00,0,685,,,,,,,,,,,,,,,,,,
19/05/2024 20:15:00,0,685,,,,,,,,,,,,,,,,,,
19/05/2024 20:00:00,0,686,,,,,,,,,,,,,,,,,,
19/05/2024 19:45:00,0,686,,,,,,,,,,,,,,,,,,
19/05/2024 19:30:00,0,686,,,,,,,,,,,,,,,,,,
19/05/2024 19:15:00,0,687,,,,,,,,,,,,,,,,,,
19/05/2024 19:00:00,0,687,,,,,,,,,,,,,,,,,,
19/05/2024 18:45:00,0,687,,,,,,,,,,,,,,,,,,
19/05/2024 18:30:00,0,687,,,,,,,,,,,,,,,,,,
19/05/2024 18:15:00,0,687,,,,,,,,,,,,,,,,,,
19/05/2024 18:00:00,0,688,,,,,,,,,,,,,,,,,,
19/05/2024 17:45:00,0,688,,,,,,,,,,,,,,,,,,
19/05/2024 17:30:00,0,688,,,,,,,,,,,,,,,,,,
19/05/2024 17:15:00,0,688,,,,,,,,,,,,,,,,,,
19/05/2024 17:00:00,0,688,,,,,,,,,,,,,,,,,,
19/05/2024 16:45:00,0,689,,,,,,,,,,,,,,,,,,
19/05/2024 16:30:00,0,690,,,,,,,,,,,,,,,,,,
19/05/2024 16:15:00,0,690,,,,,,,,,,,,,,,,,,
19/05/2024 16:00:00,0,690,,,,,,,,,,,,,,,,,,
19/05/2024 15:45:00,0,690,,,,,,,,,,,,,,,,,,
19/05/2024 15:30:00,0,690,,,,,,,,,,,,,,,,,,
19/05/2024 15:15:00,0,691,,,,,,,,,,,,,,,,,,
19/05/2024 15:00:00,0,691,,,,,,,,,,,,,,,,,,
19/05/2024 14:45:00,0,692,,,,,,,,,,,,,,,,,,
19/05/2024 14:30:00,0,692,,,,,,,,,,,,,,,,,,
19/05/2024 14:15:00,0,692,,,,,,,,,,,,,,,,,,
19/05/2024 14:00:00,0,693,,,,,,,,,,,,,,,,,,
19/05/2024 13:45:00,0,693,,,,,,,,,,,,,,,,,,
19/05/2024 13:30:00,0,693,,,,,,,,,,,,,,,,,,
19/05/2024 13:15:00,0,693,,,,,,,,,,,,,,,,,,
19/05/2024 13:00:00,0,693,,,,,,,,,,,,,,,,,,
19/05/2024 12:45:00,0,693,,,,,,,,,,,,,,,,,,
19/05/2024 12:30:00,0,694,,,,,,,,,,,,,,,,,,
19/05/2024 12:15:00,0,694,,,,,,,,,,,,,,,,,,
19/05/2024 12:00:00,0,695,,,,,,,,,,,,,,,,,,
19/05/2024 11:45:00,0,694,,,,,,,,,,,,,,,,,,
19/05/2024 11:30:00,0,695,,,,,,,,,,,,,,,,,,
19/05/2024 11:15:00,0,695,,,,,,,,,,,,,,,,,,
19/05/2024 11:00:00,0,696,,,,,,,,,,,,,,,,,,
19/05/2024 10:45:00,0,696,,,,,,,,,,,,,,,,,,
19/05/2024 10:30:00,0,696,,,,,,,,,,,,,,,,,,
19/05/2024 10:15:00,0,696,,,,,,,,,,,,,,,,,,
19/05/2024 10:00:00,0,697,,,,,,,,,,,,,,,,,,
19/05/2024 09:45:00,0,697,,,,,,,,,,,,,,,,,,
19/05/2024 09:30:00,0,697,,,,,,,,,,,,,,,,,,
19/05/2024 09:15:00,0.2,697,,,,,,,,,,,,,,,,,,
19/05/2024 09:00:00,0,698,,,,,,,,,,,,,,,,,,
19/05/2024 08:45:00,0,699,,,,,,,,,,,,,,,,,,
19/05/2024 08:30:00,0.2,698,,,,,,,,,,,,,,,,,,
19/05/2024 08:15:00,0,698,,,,,,,,,,,,,,,,,,
19/05/2024 08:00:00,0,699,,,,,,,,,,,,,,,,,,
19/05/2024 07:45:00,0,699,,,,,,,,,,,,,,,,,,
19/05/2024 07:30:00,0,699,,,,,,,,,,,,,,,,,,
19/05/2024 07:15:00,0,700,,,,,,,,,,,,,,,,,,
19/05/2024 07:00:00,0,699,,,,,,,,,,,,,,,,,,
19/05/2024 06:45:00,0,700,,,,,,,,,,,,,,,,,,
19/05/2024 06:30:00,0,700,,,,,,,,,,,,,,,,,,
19/05/2024 06:15:00,0,701,,,,,,,,,,,,,,,,,,
19/05/2024 06:00:00,0,700,,,,,,,,,,,,,,,,,,
19/05/2024 05:45:00,0,702,,,,,,,,,,,,,,,,,,
19/05/2024 05:30:00,0,701,,,,,,,,,,,,,,,,,,
19/05/2024 05:15:00,0,702,,,,,,,,,,,,,,,,,,
19/05/2024 05:00:00,0,701,,,,,,,,,,,,,,,,,,
19/05/2024 04:45:00,0,702,,,,,,,,,,,,,,,,,,
19/05/2024 04:30:00,0,703,,,,,,,,,,,,,,,,,,
19/05/2024 04:15:00,0.2,702,,,,,,,,,,,,,,,,,,
19/05/2024 04:00:00,0,703,,,,,,,,,,,,,,,,,,
19/05/2024 03:45:00,0,703,,,,,,,,,,,,,,,,,,
19/05/2024 03:30:00,0,703,,,,,,,,,,,,,,,,,,
19/05/2024 03:15:00,0,704,,,,,,,,,,,,,,,,,,
19/05/2024 03:00:00,0,704,,,,,,,,,,,,,,,,,,
19/05/2024 02:45:00,0,704,,,,,,,,,,,,,,,,,,
19/05/2024 02:30:00,0,704,,,,,,,,,,,,,,,,,,
19/05/2024 02:15:00,0,705,,,,,,,,,,,,,,,,,,
19/05/2024 02:00:00,0,705,,,,,,,,,,,,,,,,,,
19/05/2024 01:45:00,0,705,,,,,,,,,,,,,,,,,,
19/05/2024 01:30:00,0,706,,,,,,,,,,,,,,,,,,
19/05/2024 01:15:00,0,706,,,,,,,,,,,,,,,,,,
19/05/2024 01:00:00,0,706,,,,,,,,,,,,,,,,,,
19/05/2024 00:45:00,0,706,,,,,,,,,,,,,,,,,,
19/05/2024 00:30:00,0,706,,,,,,,,,,,,,,,,,,
19/05/2024 00:15:00,0,707,,,,,,,,,,,,,,,,,,
19/05/2024 00:00:00,0,708,,,,,,,,,,,,,,,,,,
18/05/2024 23:45:00,0,707,,,,,,,,,,,,,,,,,,
18/05/2024 23:30:00,0,708,,,,,,,,,,,,,,,,,,
18/05/2024 23:15:00,0,708,,,,,,,,,,,,,,,,,,
18/05/2024 23:00:00,0,708,,,,,,,,,,,,,,,,,,
18/05/2024 22:45:00,0,709,,,,,,,,,,,,,,,,,,
18/05/2024 22:30:00,0,709,,,,,,,,,,,,,,,,,,
18/05/2024 22:15:00,0,709,,,,,,,,,,,,,,,,,,
18/05/2024 22:00:00,0,709,,,,,,,,,,,,,,,,,,
18/05/2024 21:45:00,0,709,,,,,,,,,,,,,,,,,,
18/05/2024 21:30:00,0,709,,,,,,,,,,,,,,,,,,
18/05/2024 21:15:00,0,710,,,,,,,,,,,,,,,,,,
18/05/2024 21:00:00,0,710,,,,,,,,,,,,,,,,,,
18/05/2024 20:45:00,0,711,,,,,,,,,,,,,,,,,,
18/05/2024 20:30:00,0,712,,,,,,,,,,,,,,,,,,
18/05/2024 20:15:00,0,711,,,,,,,,,,,,,,,,,,
18/05/2024 20:00:00,0,712,,,,,,,,,,,,,,,,,,
18/05/2024 19:45:00,0,712,,,,,,,,,,,,,,,,,,
18/05/2024 19:30:00,0,712,,,,,,,,,,,,,,,,,,
18/05/2024 19:15:00,0,712,,,,,,,,,,,,,,,,,,
18/05/2024 19:00:00,0,712,,,,,,,,,,,,,,,,,,
18/05/2024 18:45:00,0,713,,,,,,,,,,,,,,,,,,
18/05/2024 18:30:00,0,713,,,,,,,,,,,,,,,,,,
18/05/2024 18:15:00,0,713,,,,,,,,,,,,,,,,,,
18/05/2024 18:00:00,0,713,,,,,,,,,,,,,,,,,,
18/05/2024 17:45:00,0,714,,,,,,,,,,,,,,,,,,
18/05/2024 17:30:00,0,714,,,,,,,,,,,,,,,,,,
18/05/2024 17:15:00,0,714,,,,,,,,,,,,,,,,,,
18/05/2024 17:00:00,0,715,,,,,,,,,,,,,,,,,,
18/05/2024 16:45:00,0,715,,,,,,,,,,,,,,,,,,
18/05/2024 16:30:00,0,715,,,,,,,,,,,,,,,,,,
18/05/2024 16:15:00,0,715,,,,,,,,,,,,,,,,,,
18/05/2024 16:00:00,0,716,,,,,,,,,,,,,,,,,,
18/05/2024 15:45:00,0,716,,,,,,,,,,,,,,,,,,
18/05/2024 15:30:00,0,716,,,,,,,,,,,,,,,,,,
18/05/2024 15:15:00,0,717,,,,,,,,,,,,,,,,,,
18/05/2024 15:00:00,0,717,,,,,,,,,,,,,,,,,,
18/05/2024 14:45:00,0,717,,,,,,,,,,,,,,,,,,
18/05/2024 14:30:00,0,717,,,,,,,,,,,,,,,,,,
18/05/2024 14:15:00,0,717,,,,,,,,,,,,,,,,,,
18/05/2024 14:00:00,0,718,,,,,,,,,,,,,,,,,,
18/05/2024 13:45:00,0,718,,,,,,,,,,,,,,,,,,
18/05/2024 13:30:00,0,718,,,,,,,,,,,,,,,,,,
18/05/2024 13:15:00,0,719,,,,,,,,,,,,,,,,,,
18/05/2024 13:00:00,0,719,,,,,,,,,,,,,,,,,,
18/05/2024 12:45:00,0,719,,,,,,,,,,,,,,,,,,
18/05/2024 12:30:00,0,719,,,,,,,,,,,,,,,,,,
18/05/2024 12:15:00,0,720,,,,,,,,,,,,,,,,,,
18/05/2024 12:00:00,0,720,,,,,,,,,,,,,,,,,,
18/05/2024 11:45:00,0,720,,,,,,,,,,,,,,,,,,
18/05/2024 11:30:00,0,721,,,,,,,,,,,,,,,,,,
18/05/2024 11:15:00,0,721,,,,,,,,,,,,,,,,,,
18/05/2024 11:00:00,0,721,,,,,,,,,,,,,,,,,,
18/05/2024 10:45:00,0,722,,,,,,,,,,,,,,,,,,
18/05/2024 10:30:00,0,722,,,,,,,,,,,,,,,,,,
18/05/2024 10:15:00,0,722,,,,,,,,,,,,,,,,,,
18/05/2024 10:00:00,0,722,,,,,,,,,,,,,,,,,,
18/05/2024 09:45:00,0,722,,,,,,,,,,,,,,,,,,
18/05/2024 09:30:00,0,723,,,,,,,,,,,,,,,,,,
18/05/2024 09:15:00,0,723,,,,,,,,,,,,,,,,,,
18/05/2024 09:00:00,0,723,,,,,,,,,,,,,,,,,,
18/05/2024 08:45:00,0,723,,,,,,,,,,,,,,,,,,
18/05/2024 08:30:00,0,724,,,,,,,,,,,,,,,,,,
18/05/2024 08:15:00,0,724,,,,,,,,,,,,,,,,,,
18/05/2024 08:00:00,0,724,,,,,,,,,,,,,,,,,,
18/05/2024 07:45:00,0,725,,,,,,,,,,,,,,,,,,
18/05/2024 07:30:00,0,725,,,,,,,,,,,,,,,,,,
18/05/2024 07:15:00,0,725,,,,,,,,,,,,,,,,,,
18/05/2024 07:00:00,0,725,,,,,,,,,,,,,,,,,,
18/05/2024 06:45:00,0,725,,,,,,,,,,,,,,,,,,
18/05/2024 06:30:00,0,726,,,,,,,,,,,,,,,,,,
18/05/2024 06:15:00,0,726,,,,,,,,,,,,,,,,,,
18/05/2024 06:00:00,0,727,,,,,,,,,,,,,,,,,,
18/05/2024 05:45:00,0,727,,,,,,,,,,,,,,,,,,
18/05/2024 05:30:00,0,726,,,,,,,,,,,,,,,,,,
18/05/2024 05:15:00,0,727,,,,,,,,,,,,,,,,,,
18/05/2024 05:00:00,0,727,,,,,,,,,,,,,,,,,,
18/05/2024 04:45:00,0,727,,,,,,,,,,,,,,,,,,
18/05/2024 04:30:00,0,727,,,,,,,,,,,,,,,,,,
18/05/2024 04:15:00,0,728,,,,,,,,,,,,,,,,,,
18/05/2024 04:00:00,0,728,,,,,,,,,,,,,,,,,,
18/05/2024 03:45:00,0,728,,,,,,,,,,,,,,,,,,
18/05/2024 03:30:00,0,728,,,,,,,,,,,,,,,,,,
18/05/2024 03:15:00,0,729,,,,,,,,,,,,,,,,,,
18/05/2024 03:00:00,0,729,,,,,,,,,,,,,,,,,,
18/05/2024 02:45:00,0,729,,,,,,,,,,,,,,,,,,
18/05/2024 02:30:00,0,729,,,,,,,,,,,,,,,,,,
18/05/2024 02:15:00,0,730,,,,,,,,,,,,,,,,,,
18/05/2024 02:00:00,0,729,,,,,,,,,,,,,,,,,,
18/05/2024 01:45:00,0,730,,,,,,,,,,,,,,,,,,
18/05/2024 01:30:00,0,731,,,,,,,,,,,,,,,,,,
18/05/2024 01:15:00,0,730,,,,,,,,,,,,,,,,,,
18/05/2024 01:00:00,0,731,,,,,,,,,,,,,,,,,,
18/05/2024 00:45:00,0,731,,,,,,,,,,,,,,,,,,
18/05/2024 00:30:00,0,731,,,,,,,,,,,,,,,,,,
18/05/2024 00:15:00,0,732,,,,,,,,,,,,,,,,,,
18/05/2024 00:00:00,0,731,,,,,,,,,,,,,,,,,,
17/05/2024 23:45:00,0,732,,,,,,,,,,,,,,,,,,
17/05/2024 23:30:00,0,732,,,,,,,,,,,,,,,,,,
17/05/2024 23:15:00,0,732,,,,,,,,,,,,,,,,,,
17/05/2024 23:00:00,0,733,,,,,,,,,,,,,,,,,,
17/05/2024 22:45:00,0,733,,,,,,,,,,,,,,,,,,
17/05/2024 22:30:00,0,732,,,,,,,,,,,,,,,,,,
17/05/2024 22:15:00,0,733,,,,,,,,,,,,,,,,,,
17/05/2024 22:00:00,0,734,,,,,,,,,,,,,,,,,,
17/05/2024 21:45:00,0,734,,,,,,,,,,,,,,,,,,
17/05/2024 21:30:00,0,734,,,,,,,,,,,,,,,,,,
17/05/2024 21:15:00,0,734,,,,,,,,,,,,,,,,,,
17/05/2024 21:00:00,0,734,,,,,,,,,,,,,,,,,,
17/05/2024 20:45:00,0,734,,,,,,,,,,,,,,,,,,
17/05/2024 20:30:00,0,735,,,,,,,,,,,,,,,,,,
17/05/2024 20:15:00,0,735,,,,,,,,,,,,,,,,,,
17/05/2024 20:00:00,0.2,735,,,,,,,,,,,,,,,,,,
17/05/2024 19:45:00,0,735,,,,,,,,,,,,,,,,,,
17/05/2024 19:30:00,0,735,,,,,,,,,,,,,,,,,,
17/05/2024 19:15:00,0,736,,,,,,,,,,,,,,,,,,
17/05/2024 19:00:00,0,736,,,,,,,,,,,,,,,,,,
17/05/2024 18:45:00,0,736,,,,,,,,,,,,,,,,,,
17/05/2024 18:30:00,0,736,,,,,,,,,,,,,,,,,,
17/05/2024 18:15:00,0,736,,,,,,,,,,,,,,,,,,
17/05/2024 18:00:00,0,737,,,,,,,,,,,,,,,,,,
17/05/2024 17:45:00,0,737,,,,,,,,,,,,,,,,,,
17/05/2024 17:30:00,0,737,,,,,,,,,,,,,,,,,,
17/05/2024 17:15:00,0,738,,,,,,,,,,,,,,,,,,
17/05/2024 17:00:00,0,738,,,,,,,,,,,,,,,,,,
17/05/2024 16:45:00,0,737,,,,,,,,,,,,,,,,,,
17/05/2024 16:30:00,0,737,,,,,,,,,,,,,,,,,,
17/05/2024 16:15:00,0,738,,,,,,,,,,,,,,,,,,
17/05/2024 16:00:00,0,738,,,,,,,,,,,,,,,,,,
17/05/2024 15:45:00,0,739,,,,,,,,,,,,,,,,,,
17/05/2024 15:30:00,0,738,,,,,,,,,,,,,,,,,,
17/05/2024 15:15:00,0,739,,,,,,,,,,,,,,,,,,
17/05/2024 15:00:00,0,739,,,,,,,,,,,,,,,,,,
17/05/2024 14:45:00,0,739,,,,,,,,,,,,,,,,,,
17/05/2024 14:30:00,0,739,,,,,,,,,,,,,,,,,,
17/05/2024 14:15:00,0,739,,,,,,,,,,,,,,,,,,
17/05/2024 14:00:00,0,739,,,,,,,,,,,,,,,,,,
17/05/2024 13:45:00,0,739,,,,,,,,,,,,,,,,,,
17/05/2024 13:30:00,0,739,,,,,,,,,,,,,,,,,,
17/05/2024 13:15:00,0,740,,,,,,,,,,,,,,,,,,
17/05/2024 13:00:00,0,740,,,,,,,,,,,,,,,,,,
17/05/2024 12:45:00,0,740,,,,,,,,,,,,,,,,,,
17/05/2024 12:30:00,0,741,,,,,,,,,,,,,,,,,,
17/05/2024 12:15:00,0,741,,,,,,,,,,,,,,,,,,
17/05/2024 12:00:00,0,741,,,,,,,,,,,,,,,,,,
17/05/2024 11:45:00,0,740,,,,,,,,,,,,,,,,,,
17/05/2024 11:30:00,0,742,,,,,,,,,,,,,,,,,,
17/05/2024 11:15:00,0,741,,,,,,,,,,,,,,,,,,
17/05/2024 11:00:00,0,742,,,,,,,,,,,,,,,,,,
17/05/2024 10:45:00,0,741,,,,,,,,,,,,,,,,,,
17/05/2024 10:30:00,0,742,,,,,,,,,,,,,,,,,,
17/05/2024 10:15:00,0,742,,,,,,,,,,,,,,,,,,
17/05/2024 10:00:00,0,742,,,,,,,,,,,,,,,,,,
17/05/2024 09:45:00,0,742,,,,,,,,,,,,,,,,,,
17/05/2024 09:30:00,0,743,,,,,,,,,,,,,,,,,,
17/05/2024 09:15:00,0,742,,,,,,,,,,,,,,,,,,
17/05/2024 09:00:00,0,742,,,,,,,,,,,,,,,,,,
17/05/2024 08:45:00,0,743,,,,,,,,,,,,,,,,,,
17/05/2024 08:30:00,0,743,,,,,,,,,,,,,,,,,,
17/05/2024 08:15:00,0,743,,,,,,,,,,,,,,,,,,
17/05/2024 08:00:00,0,744,,,,,,,,,,,,,,,,,,
17/05/2024 07:45:00,0,743,,,,,,,,,,,,,,,,,,
17/05/2024 07:30:00,0,743,,,,,,,,,,,,,,,,,,
17/05/2024 07:15:00,0,744,,,,,,,,,,,,,,,,,,
17/05/2024 07:00:00,0,744,,,,,,,,,,,,,,,,,,
17/05/2024 06:45:00,0.2,744,,,,,,,,,,,,,,,,,,
17/05/2024 06:30:00,0,744,,,,,,,,,,,,,,,,,,
17/05/2024 06:15:00,0,744,,,,,,,,,,,,,,,,,,
17/05/2024 06:00:00,0,744,,,,,,,,,,,,,,,,,,
17/05/2024 05:45:00,0.2,744,,,,,,,,,,,,,,,,,,
17/05/2024 05:30:00,0.2,744,,,,,,,,,,,,,,,,,,
17/05/2024 05:15:00,0.2,745,,,,,,,,,,,,,,,,,,
17/05/2024 05:00:00,0.2,745,,,,,,,,,,,,,,,,,,
17/05/2024 04:45:00,0.2,745,,,,,,,,,,,,,,,,,,
17/05/2024 04:30:00,0.2,745,,,,,,,,,,,,,,,,,,
17/05/2024 04:15:00,1.6,745,,,,,,,,,,,,,,,,,,
17/05/2024 04:00:00,1.2,745,,,,,,,,,,,,,,,,,,
17/05/2024 03:45:00,1.2,745,,,,,,,,,,,,,,,,,,
17/05/2024 03:30:00,2.6,745,,,,,,,,,,,,,,,,,,
17/05/2024 03:15:00,1,745,,,,,,,,,,,,,,,,,,
17/05/2024 03:00:00,1,745,,,,,,,,,,,,,,,,,,
17/05/2024 02:45:00,1.2,745,,,,,,,,,,,,,,,,,,
17/05/2024 02:30:00,1.4,745,,,,,,,,,,,,,,,,,,
17/05/2024 02:15:00,0.4,746,,,,,,,,,,,,,,,,,,
17/05/2024 02:00:00,0.2,746,,,,,,,,,,,,,,,,,,
17/05/2024 01:45:00,0.4,746,,,,,,,,,,,,,,,,,,
17/05/2024 01:30:00,1,745,,,,,,,,,,,,,,,,,,
17/05/2024 01:15:00,0.6,746,,,,,,,,,,,,,,,,,,
17/05/2024 01:00:00,0.2,745,,,,,,,,,,,,,,,,,,
17/05/2024 00:45:00,0,746,,,,,,,,,,,,,,,,,,
17/05/2024 00:30:00,0.2,747,,,,,,,,,,,,,,,,,,
17/05/2024 00:15:00,0.2,746,,,,,,,,,,,,,,,,,,
17/05/2024 00:00:00,0.4,746,,,,,,,,,,,,,,,,,,
16/05/2024 23:45:00,0,747,,,,,,,,,,,,,,,,,,
16/05/2024 23:30:00,0,746,,,,,,,,,,,,,,,,,,
16/05/2024 23:15:00,0.2,748,,,,,,,,,,,,,,,,,,
16/05/2024 23:00:00,0,746,,,,,,,,,,,,,,,,,,
16/05/2024 22:45:00,0.2,748,,,,,,,,,,,,,,,,,,
16/05/2024 22:30:00,0,747,,,,,,,,,,,,,,,,,,
16/05/2024 22:15:00,0.2,747,,,,,,,,,,,,,,,,,,
16/05/2024 22:00:00,0.2,748,,,,,,,,,,,,,,,,,,
16/05/2024 21:45:00,0.2,747,,,,,,,,,,,,,,,,,,
16/05/2024 21:30:00,0.2,747,,,,,,,,,,,,,,,,,,
16/05/2024 21:15:00,0,747,,,,,,,,,,,,,,,,,,
16/05/2024 21:00:00,0,747,,,,,,,,,,,,,,,,,,
16/05/2024 20:45:00,0,748,,,,,,,,,,,,,,,,,,
16/05/2024 20:30:00,0.2,748,,,,,,,,,,,,,,,,,,
16/05/2024 20:15:00,0,748,,,,,,,,,,,,,,,,,,
16/05/2024 20:00:00,0,748,,,,,,,,,,,,,,,,,,
16/05/2024 19:45:00,0,749,,,,,,,,,,,,,,,,,,
16/05/2024 19:30:00,0,749,,,,,,,,,,,,,,,,,,
16/05/2024 19:15:00,0,748,,,,,,,,,,,,,,,,,,
16/05/2024 19:00:00,0.2,749,,,,,,,,,,,,,,,,,,
16/05/2024 18:45:00,0,749,,,,,,,,,,,,,,,,,,
16/05/2024 18:30:00,0,748,,,,,,,,,,,,,,,,,,
16/05/2024 18:15:00,0.2,749,,,,,,,,,,,,,,,,,,
16/05/2024 18:00:00,0,749,,,,,,,,,,,,,,,,,,
16/05/2024 17:45:00,0.6,749,,,,,,,,,,,,,,,,,,
16/05/2024 17:30:00,0.4,750,,,,,,,,,,,,,,,,,,
16/05/2024 17:15:00,0,748,,,,,,,,,,,,,,,,,,
16/05/2024 17:00:00,0,748,,,,,,,,,,,,,,,,,,
16/05/2024 16:45:00,0.6,749,,,,,,,,,,,,,,,,,,
16/05/2024 16:30:00,0.2,750,,,,,,,,,,,,,,,,,,
16/05/2024 16:15:00,0.4,749,,,,,,,,,,,,,,,,,,
16/05/2024 16:00:00,0,750,,,,,,,,,,,,,,,,,,
16/05/2024 15:45:00,0.6,749,,,,,,,,,,,,,,,,,,
16/05/2024 15:30:00,0.6,749,,,,,,,,,,,,,,,,,,
16/05/2024 15:15:00,0.4,750,,,,,,,,,,,,,,,,,,
16/05/2024 15:00:00,0.6,750,,,,,,,,,,,,,,,,,,
16/05/2024 14:45:00,0.6,750,,,,,,,,,,,,,,,,,,
16/05/2024 14:30:00,0.4,750,,,,,,,,,,,,,,,,,,
16/05/2024 14:15:00,0.2,750,,,,,,,,,,,,,,,,,,
16/05/2024 14:00:00,0,751,,,,,,,,,,,,,,,,,,
16/05/2024 13:45:00,0.6,751,,,,,,,,,,,,,,,,,,
16/05/2024 13:30:00,0,751,,,,,,,,,,,,,,,,,,
16/05/2024 13:15:00,0,751,,,,,,,,,,,,,,,,,,
16/05/2024 13:00:00,0.2,751,,,,,,,,,,,,,,,,,,
16/05/2024 12:45:00,0,751,,,,,,,,,,,,,,,,,,
16/05/2024 12:30:00,0,751,,,,,,,,,,,,,,,,,,
16/05/2024 12:15:00,0.2,751,,,,,,,,,,,,,,,,,,
16/05/2024 12:00:00,0.4,751,,,,,,,,,,,,,,,,,,
16/05/2024 11:45:00,0.2,751,,,,,,,,,,,,,,,,,,
16/05/2024 11:30:00,0,752,,,,,,,,,,,,,,,,,,
16/05/2024 11:15:00,0,751,,,,,,,,,,,,,,,,,,
16/05/2024 11:00:00,0,751,,,,,,,,,,,,,,,,,,
16/05/2024 10:45:00,0,751,,,,,,,,,,,,,,,,,,
16/05/2024 10:30:00,0,752,,,,,,,,,,,,,,,,,,
16/05/2024 10:15:00,0,750,,,,,,,,,,,,,,,,,,
16/05/2024 10:00:00,0,752,,,,,,,,,,,,,,,,,,
16/05/2024 09:45:00,0,753,,,,,,,,,,,,,,,,,,
16/05/2024 09:30:00,0,752,,,,,,,,,,,,,,,,,,
16/05/2024 09:15:00,0,752,,,,,,,,,,,,,,,,,,
16/05/2024 09:00:00,0,753,,,,,,,,,,,,,,,,,,
16/05/2024 08:45:00,0,753,,,,,,,,,,,,,,,,,,
16/05/2024 08:30:00,0,753,,,,,,,,,,,,,,,,,,
16/05/2024 08:15:00,0,753,,,,,,,,,,,,,,,,,,
16/05/2024 08:00:00,0,753,,,,,,,,,,,,,,,,,,
16/05/2024 07:45:00,0,753,,,,,,,,,,,,,,,,,,
16/05/2024 07:30:00,0,754,,,,,,,,,,,,,,,,,,
16/05/2024 07:15:00,0,754,,,,,,,,,,,,,,,,,,
16/05/2024 07:00:00,0,754,,,,,,,,,,,,,,,,,,
16/05/2024 06:45:00,0,753,,,,,,,,,,,,,,,,,,
16/05/2024 06:30:00,0,754,,,,,,,,,,,,,,,,,,
16/05/2024 06:15:00,0,754,,,,,,,,,,,,,,,,,,
16/05/2024 06:00:00,0,754,,,,,,,,,,,,,,,,,,
16/05/2024 05:45:00,0,753,,,,,,,,,,,,,,,,,,
16/05/2024 05:30:00,0,755,,,,,,,,,,,,,,,,,,
16/05/2024 05:15:00,0,753,,,,,,,,,,,,,,,,,,
16/05/2024 05:00:00,0,754,,,,,,,,,,,,,,,,,,
16/05/2024 04:45:00,0,755,,,,,,,,,,,,,,,,,,
16/05/2024 04:30:00,0,754,,,,,,,,,,,,,,,,,,
16/05/2024 04:15:00,0,754,,,,,,,,,,,,,,,,,,
16/05/2024 04:00:00,0,755,,,,,,,,,,,,,,,,,,
16/05/2024 03:45:00,0,754,,,,,,,,,,,,,,,,,,
16/05/2024 03:30:00,0,754,,,,,,,,,,,,,,,,,,
16/05/2024 03:15:00,0,756,,,,,,,,,,,,,,,,,,
16/05/2024 03:00:00,0,755,,,,,,,,,,,,,,,,,,
16/05/2024 02:45:00,0,754,,,,,,,,,,,,,,,,,,
16/05/2024 02:30:00,0,756,,,,,,,,,,,,,,,,,,
16/05/2024 02:15:00,0,755,,,,,,,,,,,,,,,,,,
16/05/2024 02:00:00,0,755,,,,,,,,,,,,,,,,,,
16/05/2024 01:45:00,0,755,,,,,,,,,,,,,,,,,,
16/05/2024 01:30:00,0,755,,,,,,,,,,,,,,,,,,
16/05/2024 01:15:00,0,756,,,,,,,,,,,,,,,,,,
16/05/2024 01:00:00,0,757,,,,,,,,,,,,,,,,,,
16/05/2024 00:45:00,0,756,,,,,,,,,,,,,,,,,,
16/05/2024 00:30:00,0,756,,,,,,,,,,,,,,,,,,
16/05/2024 00:15:00,0,757,,,,,,,,,,,,,,,,,,
16/05/2024 00:00:00,0,757,,,,,,,,,,,,,,,,,,
15/05/2024 23:45:00,0,756,,,,,,,,,,,,,,,,,,
15/05/2024 23:30:00,0,757,,,,,,,,,,,,,,,,,,
15/05/2024 23:15:00,0,756,,,,,,,,,,,,,,,,,,
15/05/2024 23:00:00,0,757,,,,,,,,,,,,,,,,,,
15/05/2024 22:45:00,0,756,,,,,,,,,,,,,,,,,,
15/05/2024 22:30:00,0,758,,,,,,,,,,,,,,,,,,
15/05/2024 22:15:00,0,757,,,,,,,,,,,,,,,,,,
15/05/2024 22:00:00,0,756,,,,,,,,,,,,,,,,,,
15/05/2024 21:45:00,0,756,,,,,,,,,,,,,,,,,,
15/05/2024 21:30:00,0,757,,,,,,,,,,,,,,,,,,
15/05/2024 21:15:00,0,757,,,,,,,,,,,,,,,,,,
15/05/2024 21:00:00,0,757,,,,,,,,,,,,,,,,,,
15/05/2024 20:45:00,0,758,,,,,,,,,,,,,,,,,,
15/05/2024 20:30:00,0,758,,,,,,,,,,,,,,,,,,
15/05/2024 20:15:00,0,757,,,,,,,,,,,,,,,,,,
15/05/2024 20:00:00,0,758,,,,,,,,,,,,,,,,,,
15/05/2024 19:45:00,0,757,,,,,,,,,,,,,,,,,,
15/05/2024 19:30:00,0,758,,,,,,,,,,,,,,,,,,
15/05/2024 19:15:00,0,758,,,,,,,,,,,,,,,,,,
15/05/2024 19:00:00,0,758,,,,,,,,,,,,,,,,,,
15/05/2024 18:45:00,0,758,,,,,,,,,,,,,,,,,,
15/05/2024 18:30:00,0,759,,,,,,,,,,,,,,,,,,
15/05/2024 18:15:00,0,759,,,,,,,,,,,,,,,,,,
15/05/2024 18:00:00,0,758,,,,,,,,,,,,,,,,,,
15/05/2024 17:45:00,0,759,,,,,,,,,,,,,,,,,,
15/05/2024 17:30:00,0,759,,,,,,,,,,,,,,,,,,
15/05/2024 17:15:00,0,758,,,,,,,,,,,,,,,,,,
15/05/2024 17:00:00,0,758,,,,,,,,,,,,,,,,,,
15/05/2024 16:45:00,0,758,,,,,,,,,,,,,,,,,,
15/05/2024 16:30:00,0,758,,,,,,,,,,,,,,,,,,
15/05/2024 16:15:00,0,757,,,,,,,,,,,,,,,,,,
15/05/2024 16:00:00,0,759,,,,,,,,,,,,,,,,,,
15/05/2024 15:45:00,0,758,,,,,,,,,,,,,,,,,,
15/05/2024 15:30:00,0,759,,,,,,,,,,,,,,,,,,
15/05/2024 15:15:00,0,758,,,,,,,,,,,,,,,,,,
15/05/2024 15:00:00,0,759,,,,,,,,,,,,,,,,,,
15/05/2024 14:45:00,0,759,,,,,,,,,,,,,,,,,,
15/05/2024 14:30:00,0,759,,,,,,,,,,,,,,,,,,
15/05/2024 14:15:00,0,759,,,,,,,,,,,,,,,,,,
15/05/2024 14:00:00,0,759,,,,,,,,,,,,,,,,,,
15/05/2024 13:45:00,0,758,,,,,,,,,,,,,,,,,,
15/05/2024 13:30:00,0,758,,,,,,,,,,,,,,,,,,
15/05/2024 13:15:00,0,758,,,,,,,,,,,,,,,,,,
15/05/2024 13:00:00,0,759,,,,,,,,,,,,,,,,,,
15/05/2024 12:45:00,0,759,,,,,,,,,,,,,,,,,,
15/05/2024 12:30:00,0,760,,,,,,,,,,,,,,,,,,
15/05/2024 12:15:00,0,759,,,,,,,,,,,,,,,,,,
15/05/2024 12:00:00,0,760,,,,,,,,,,,,,,,,,,
15/05/2024 11:45:00,0,760,,,,,,,,,,,,,,,,,,
15/05/2024 11:30:00,0,759,,,,,,,,,,,,,,,,,,
15/05/2024 11:15:00,0,759,,,,,,,,,,,,,,,,,,
15/05/2024 11:00:00,0,760,,,,,,,,,,,,,,,,,,
15/05/2024 10:45:00,0,760,,,,,,,,,,,,,,,,,,
15/05/2024 10:30:00,0,760,,,,,,,,,,,,,,,,,,
15/05/2024 10:15:00,0,761,,,,,,,,,,,,,,,,,,
15/05/2024 10:00:00,0,760,,,,,,,,,,,,,,,,,,
15/05/2024 09:45:00,0,760,,,,,,,,,,,,,,,,,,
15/05/2024 09:30:00,0,761,,,,,,,,,,,,,,,,,,
15/05/2024 09:15:00,0,759,,,,,,,,,,,,,,,,,,
15/05/2024 09:00:00,0,761,,,,,,,,,,,,,,,,,,
15/05/2024 08:45:00,0,761,,,,,,,,,,,,,,,,,,
15/05/2024 08:30:00,0,761,,,,,,,,,,,,,,,,,,
15/05/2024 08:15:00,0,760,,,,,,,,,,,,,,,,,,
15/05/2024 08:00:00,0,760,,,,,,,,,,,,,,,,,,
15/05/2024 07:45:00,0,760,,,,,,,,,,,,,,,,,,
15/05/2024 07:30:00,0,761,,,,,,,,,,,,,,,,,,
15/05/2024 07:15:00,0,760,,,,,,,,,,,,,,,,,,
15/05/2024 07:00:00,0,760,,,,,,,,,,,,,,,,,,
15/05/2024 06:45:00,0,759,,,,,,,,,,,,,,,,,,
15/05/2024 06:30:00,0,761,,,,,,,,,,,,,,,,,,
15/05/2024 06:15:00,0,760,,,,,,,,,,,,,,,,,,
15/05/2024 06:00:00,0,761,,,,,,,,,,,,,,,,,,
15/05/2024 05:45:00,0,761,,,,,,,,,,,,,,,,,,
15/05/2024 05:30:00,0,761,,,,,,,,,,,,,,,,,,
15/05/2024 05:15:00,0,759,,,,,,,,,,,,,,,,,,
15/05/2024 05:00:00,0,760,,,,,,,,,,,,,,,,,,
15/05/2024 04:45:00,0,761,,,,,,,,,,,,,,,,,,
15/05/2024 04:30:00,0,761,,,,,,,,,,,,,,,,,,
15/05/2024 04:15:00,0,760,,,,,,,,,,,,,,,,,,
15/05/2024 04:00:00,0,762,,,,,,,,,,,,,,,,,,
15/05/2024 03:45:00,0,760,,,,,,,,,,,,,,,,,,
15/05/2024 03:30:00,0,761,,,,,,,,,,,,,,,,,,
15/05/2024 03:15:00,0,760,,,,,,,,,,,,,,,,,,
15/05/2024 03:00:00,0,760,,,,,,,,,,,,,,,,,,
15/05/2024 02:45:00,0,761,,,,,,,,,,,,,,,,,,
15/05/2024 02:30:00,0,762,,,,,,,,,,,,,,,,,,
15/05/2024 02:15:00,0,760,,,,,,,,,,,,,,,,,,
15/05/2024 02:00:00,0,760,,,,,,,,,,,,,,,,,,
15/05/2024 01:45:00,0,760,,,,,,,,,,,,,,,,,,
15/05/2024 01:30:00,0,759,,,,,,,,,,,,,,,,,,
15/05/2024 01:15:00,0,761,,,,,,,,,,,,,,,,,,
15/05/2024 01:00:00,0,761,,,,,,,,,,,,,,,,,,
15/05/2024 00:45:00,0,760,,,,,,,,,,,,,,,,,,
15/05/2024 00:30:00,0,761,,,,,,,,,,,,,,,,,,
15/05/2024 00:15:00,0,760,,,,,,,,,,,,,,,,,,
15/05/2024 00:00:00,0,761,,,,,,,,,,,,,,,,,,
14/05/2024 23:45:00,0,760,,,,,,,,,,,,,,,,,,
14/05/2024 23:30:00,0,760,,,,,,,,,,,,,,,,,,
14/05/2024 23:15:00,0,760,,,,,,,,,,,,,,,,,,
14/05/2024 23:00:00,0,761,,,,,,,,,,,,,,,,,,
14/05/2024 22:45:00,0,760,,,,,,,,,,,,,,,,,,
14/05/2024 22:30:00,0,761,,,,,,,,,,,,,,,,,,
14/05/2024 22:15:00,0,761,,,,,,,,,,,,,,,,,,
14/05/2024 22:00:00,0,760,,,,,,,,,,,,,,,,,,
14/05/2024 21:45:00,0,761,,,,,,,,,,,,,,,,,,
14/05/2024 21:30:00,0,760,,,,,,,,,,,,,,,,,,
14/05/2024 21:15:00,0,760,,,,,,,,,,,,,,,,,,
14/05/2024 21:00:00,0,760,,,,,,,,,,,,,,,,,,
14/05/2024 20:45:00,0,761,,,,,,,,,,,,,,,,,,
14/05/2024 20:30:00,0,760,,,,,,,,,,,,,,,,,,
14/05/2024 20:15:00,0,761,,,,,,,,,,,,,,,,,,
14/05/2024 20:00:00,0,759,,,,,,,,,,,,,,,,,,
14/05/2024 19:45:00,0,760,,,,,,,,,,,,,,,,,,
14/05/2024 19:30:00,0,760,,,,,,,,,,,,,,,,,,
14/05/2024 19:15:00,0,759,,,,,,,,,,,,,,,,,,
14/05/2024 19:00:00,0,761,,,,,,,,,,,,,,,,,,
14/05/2024 18:45:00,0,759,,,,,,,,,,,,,,,,,,
14/05/2024 18:30:00,0,760,,,,,,,,,,,,,,,,,,
14/05/2024 18:15:00,0,760,,,,,,,,,,,,,,,,,,
14/05/2024 18:00:00,0,760,,,,,,,,,,,,,,,,,,
14/05/2024 17:45:00,0,760,,,,,,,,,,,,,,,,,,
14/05/2024 17:30:00,0,759,,,,,,,,,,,,,,,,,,
14/05/2024 17:15:00,0,759,,,,,,,,,,,,,,,,,,
14/05/2024 17:00:00,0,760,,,,,,,,,,,,,,,,,,
14/05/2024 16:45:00,0,759,,,,,,,,,,,,,,,,,,
14/05/2024 16:30:00,0,759,,,,,,,,,,,,,,,,,,
14/05/2024 16:15:00,0,759,,,,,,,,,,,,,,,,,,
14/05/2024 16:00:00,0,759,,,,,,,,,,,,,,,,,,
14/05/2024 15:45:00,0,759,,,,,,,,,,,,,,,,,,
14/05/2024 15:30:00,0,759,,,,,,,,,,,,,,,,,,
14/05/2024 15:15:00,0,759,,,,,,,,,,,,,,,,,,
14/05/2024 15:00:00,0,759,,,,,,,,,,,,,,,,,,
14/05/2024 14:45:00,0,758,,,,,,,,,,,,,,,,,,
14/05/2024 14:30:00,0,759,,,,,,,,,,,,,,,,,,
14/05/2024 14:15:00,0,757,,,,,,,,,,,,,,,,,,
14/05/2024 14:00:00,0,758,,,,,,,,,,,,,,,,,,
14/05/2024 13:45:00,0,758,,,,,,,,,,,,,,,,,,
14/05/2024 13:30:00,0,758,,,,,,,,,,,,,,,,,,
14/05/2024 13:15:00,0,758,,,,,,,,,,,,,,,,,,
14/05/2024 13:00:00,0,758,,,,,,,,,,,,,,,,,,
14/05/2024 12:45:00,0,760,,,,,,,,,,,,,,,,,,
14/05/2024 12:30:00,0,758,,,,,,,,,,,,,,,,,,
14/05/2024 12:15:00,0,758,,,,,,,,,,,,,,,,,,
14/05/2024 12:00:00,0,757,,,,,,,,,,,,,,,,,,
14/05/2024 11:45:00,0,759,,,,,,,,,,,,,,,,,,
14/05/2024 11:30:00,0,758,,,,,,,,,,,,,,,,,,
14/05/2024 11:15:00,0,757,,,,,,,,,,,,,,,,,,
14/05/2024 11:00:00,0,757,,,,,,,,,,,,,,,,,,
14/05/2024 10:45:00,0,757,,,,,,,,,,,,,,,,,,
14/05/2024 10:30:00,0,757,,,,,,,,,,,,,,,,,,
14/05/2024 10:15:00,0,757,,,,,,,,,,,,,,,,,,
14/05/2024 10:00:00,0,757,,,,,,,,,,,,,,,,,,
14/05/2024 09:45:00,0,759,,,,,,,,,,,,,,,,,,
14/05/2024 09:30:00,0,758,,,,,,,,,,,,,,,,,,
14/05/2024 09:15:00,0,757,,,,,,,,,,,,,,,,,,
14/05/2024 09:00:00,0,758,,,,,,,,,,,,,,,,,,
14/05/2024 08:45:00,0,756,,,,,,,,,,,,,,,,,,
14/05/2024 08:30:00,0,757,,,,,,,,,,,,,,,,,,
14/05/2024 08:15:00,0,758,,,,,,,,,,,,,,,,,,
14/05/2024 08:00:00,0,757,,,,,,,,,,,,,,,,,,
14/05/2024 07:45:00,0,756,,,,,,,,,,,,,,,,,,
14/05/2024 07:30:00,0,757,,,,,,,,,,,,,,,,,,
14/05/2024 07:15:00,0,756,,,,,,,,,,,,,,,,,,
14/05/2024 07:00:00,0,758,,,,,,,,,,,,,,,,,,
14/05/2024 06:45:00,0,757,,,,,,,,,,,,,,,,,,
14/05/2024 06:30:00,0,756,,,,,,,,,,,,,,,,,,
14/05/2024 06:15:00,0,755,,,,,,,,,,,,,,,,,,
14/05/2024 06:00:00,0,756,,,,,,,,,,,,,,,,,,
14/05/2024 05:45:00,0,757,,,,,,,,,,,,,,,,,,
14/05/2024 05:30:00,0,758,,,,,,,,,,,,,,,,,,
14/05/2024 05:15:00,0,756,,,,,,,,,,,,,,,,,,
14/05/2024 05:00:00,0,756,,,,,,,,,,,,,,,,,,
14/05/2024 04:45:00,0,756,,,,,,,,,,,,,,,,,,
14/05/2024 04:30:00,0,755,,,,,,,,,,,,,,,,,,
14/05/2024 04:15:00,0,756,,,,,,,,,,,,,,,,,,
14/05/2024 04:00:00,0,755,,,,,,,,,,,,,,,,,,
14/05/2024 03:45:00,0,757,,,,,,,,,,,,,,,,,,
14/05/2024 03:30:00,0,756,,,,,,,,,,,,,,,,,,
14/05/2024 03:15:00,0,754,,,,,,,,,,,,,,,,,,
14/05/2024 03:00:00,0,755,,,,,,,,,,,,,,,,,,
14/05/2024 02:45:00,0,755,,,,,,,,,,,,,,,,,,
14/05/2024 02:30:00,0,755,,,,,,,,,,,,,,,,,,
14/05/2024 02:15:00,0,755,,,,,,,,,,,,,,,,,,
14/05/2024 02:00:00,0,755,,,,,,,,,,,,,,,,,,
14/05/2024 01:45:00,0,754,,,,,,,,,,,,,,,,,,
14/05/2024 01:30:00,0,756,,,,,,,,,,,,,,,,,,
14/05/2024 01:15:00,0,755,,,,,,,,,,,,,,,,,,
14/05/2024 01:00:00,0,756,,,,,,,,,,,,,,,,,,
14/05/2024 00:45:00,0,755,,,,,,,,,,,,,,,,,,
14/05/2024 00:30:00,0,757,,,,,,,,,,,,,,,,,,
14/05/2024 00:15:00,0,754,,,,,,,,,,,,,,,,,,
14/05/2024 00:00:00,0,754,,,,,,,,,,,,,,,,,,
13/05/2024 23:45:00,0,754,,,,,,,,,,,,,,,,,,
13/05/2024 23:30:00,0,754,,,,,,,,,,,,,,,,,,
13/05/2024 23:15:00,0,753,,,,,,,,,,,,,,,,,,
13/05/2024 23:00:00,0,754,,,,,,,,,,,,,,,,,,
13/05/2024 22:45:00,0,756,,,,,,,,,,,,,,,,,,
13/05/2024 22:30:00,0,753,,,,,,,,,,,,,,,,,,
13/05/2024 22:15:00,0,753,,,,,,,,,,,,,,,,,,
13/05/2024 22:00:00,0,753,,,,,,,,,,,,,,,,,,
13/05/2024 21:45:00,0,752,,,,,,,,,,,,,,,,,,
13/05/2024 21:30:00,0,753,,,,,,,,,,,,,,,,,,
13/05/2024 21:15:00,0,753,,,,,,,,,,,,,,,,,,
13/05/2024 21:00:00,0,752,,,,,,,,,,,,,,,,,,
13/05/2024 20:45:00,0,754,,,,,,,,,,,,,,,,,,
13/05/2024 20:30:00,0,753,,,,,,,,,,,,,,,,,,
13/05/2024 20:15:00,0,753,,,,,,,,,,,,,,,,,,
13/05/2024 20:00:00,0.2,752,,,,,,,,,,,,,,,,,,
13/05/2024 19:45:00,0,753,,,,,,,,,,,,,,,,,,
13/05/2024 19:30:00,0,754,,,,,,,,,,,,,,,,,,
13/05/2024 19:15:00,0,752,,,,,,,,,,,,,,,,,,
13/05/2024 19:00:00,0,752,,,,,,,,,,,,,,,,,,
13/05/2024 18:45:00,0,754,,,,,,,,,,,,,,,,,,
13/05/2024 18:30:00,0,752,,,,,,,,,,,,,,,,,,
13/05/2024 18:15:00,0,754,,,,,,,,,,,,,,,,,,
13/05/2024 18:00:00,0,753,,,,,,,,,,,,,,,,,,
13/05/2024 17:45:00,0,753,,,,,,,,,,,,,,,,,,
13/05/2024 17:30:00,0,751,,,,,,,,,,,,,,,,,,
13/05/2024 17:15:00,0.8,752,,,,,,,,,,,,,,,,,,
13/05/2024 17:00:00,0,752,,,,,,,,,,,,,,,,,,
13/05/2024 16:45:00,0,752,,,,,,,,,,,,,,,,,,
13/05/2024 16:30:00,0,754,,,,,,,,,,,,,,,,,,
13/05/2024 16:15:00,0,752,,,,,,,,,,,,,,,,,,
13/05/2024 16:00:00,0,752,,,,,,,,,,,,,,,,,,
13/05/2024 15:45:00,0.2,751,,,,,,,,,,,,,,,,,,
13/05/2024 15:30:00,0,751,,,,,,,,,,,,,,,,,,
13/05/2024 15:15:00,0.4,752,,,,,,,,,,,,,,,,,,
13/05/2024 15:00:00,0.2,751,,,,,,,,,,,,,,,,,,
13/05/2024 14:45:00,0.4,751,,,,,,,,,,,,,,,,,,
13/05/2024 14:30:00,0.2,751,,,,,,,,,,,,,,,,,,
13/05/2024 14:15:00,0,751,,,,,,,,,,,,,,,,,,
13/05/2024 14:00:00,0.2,750,,,,,,,,,,,,,,,,,,
13/05/2024 13:45:00,0,751,,,,,,,,,,,,,,,,,,
13/05/2024 13:30:00,0.6,750,,,,,,,,,,,,,,,,,,
13/05/2024 13:15:00,0.2,751,,,,,,,,,,,,,,,,,,
13/05/2024 13:00:00,0.4,749,,,,,,,,,,,,,,,,,,
13/05/2024 12:45:00,0,750,,,,,,,,,,,,,,,,,,
13/05/2024 12:30:00,0.2,749,,,,,,,,,,,,,,,,,,
13/05/2024 12:15:00,0,751,,,,,,,,,,,,,,,,,,
13/05/2024 12:00:00,0,749,,,,,,,,,,,,,,,,,,
13/05/2024 11:45:00,0,750,,,,,,,,,,,,,,,,,,
13/05/2024 11:30:00,0,749,,,,,,,,,,,,,,,,,,
13/05/2024 11:15:00,0,749,,,,,,,,,,,,,,,,,,
13/05/2024 11:00:00,0.8,749,,,,,,,,,,,,,,,,,,
13/05/2024 10:45:00,0,749,,,,,,,,,,,,,,,,,,
13/05/2024 10:30:00,0,748,,,,,,,,,,,,,,,,,,
13/05/2024 10:15:00,0,747,,,,,,,,,,,,,,,,,,
13/05/2024 10:00:00,0,748,,,,,,,,,,,,,,,,,,
13/05/2024 09:45:00,0,748,,,,,,,,,,,,,,,,,,
13/05/2024 09:30:00,0,748,,,,,,,,,,,,,,,,,,
13/05/2024 09:15:00,0,747,,,,,,,,,,,,,,,,,,
13/05/2024 09:00:00,0,748,,,,,,,,,,,,,,,,,,
13/05/2024 08:45:00,0,748,,,,,,,,,,,,,,,,,,
13/05/2024 08:30:00,0,748,,,,,,,,,,,,,,,,,,
13/05/2024 08:15:00,0,747,,,,,,,,,,,,,,,,,,
13/05/2024 08:00:00,0.2,747,,,,,,,,,,,,,,,,,,
13/05/2024 07:45:00,0,747,,,,,,,,,,,,,,,,,,
13/05/2024 07:30:00,0.2,746,,,,,,,,,,,,,,,,,,
13/05/2024 07:15:00,0.6,747,,,,,,,,,,,,,,,,,,
13/05/2024 07:00:00,0.4,746,,,,,,,,,,,,,,,,,,
13/05/2024 06:45:00,0,743,,,,,,,,,,,,,,,,,,
13/05/2024 06:30:00,0,746,,,,,,,,,,,,,,,,,,
13/05/2024 06:15:00,0,745,,,,,,,,,,,,,,,,,,
13/05/2024 06:00:00,0,745,,,,,,,,,,,,,,,,,,
13/05/2024 05:45:00,0,744,,,,,,,,,,,,,,,,,,
13/05/2024 05:30:00,0,745,,,,,,,,,,,,,,,,,,
13/05/2024 05:15:00,0,746,,,,,,,,,,,,,,,,,,
13/05/2024 05:00:00,0,744,,,,,,,,,,,,,,,,,,
13/05/2024 04:45:00,0,744,,,,,,,,,,,,,,,,,,
13/05/2024 04:30:00,0,743,,,,,,,,,,,,,,,,,,
13/05/2024 04:15:00,0,744,,,,,,,,,,,,,,,,,,
13/05/2024 04:00:00,0.2,743,,,,,,,,,,,,,,,,,,
13/05/2024 03:45:00,0,743,,,,,,,,,,,,,,,,,,
13/05/2024 03:30:00,0,743,,,,,,,,,,,,,,,,,,
13/05/2024 03:15:00,0,742,,,,,,,,,,,,,,,,,,
13/05/2024 03:00:00,0,743,,,,,,,,,,,,,,,,,,
13/05/2024 02:45:00,0,742,,,,,,,,,,,,,,,,,,
13/05/2024 02:30:00,0,741,,,,,,,,,,,,,,,,,,
13/05/2024 02:15:00,0,742,,,,,,,,,,,,,,,,,,
13/05/2024 02:00:00,0,740,,,,,,,,,,,,,,,,,,
13/05/2024 01:45:00,0,741,,,,,,,,,,,,,,,,,,
13/05/2024 01:30:00,0,739,,,,,,,,,,,,,,,,,,
13/05/2024 01:15:00,0,739,,,,,,,,,,,,,,,,,,
13/05/2024 01:00:00,0.2,738,,,,,,,,,,,,,,,,,,
13/05/2024 00:45:00,0.2,736,,,,,,,,,,,,,,,,,,
13/05/2024 00:30:00,1,736,,,,,,,,,,,,,,,,,,
13/05/2024 00:15:00,1,736,,,,,,,,,,,,,,,,,,
13/05/2024 00:00:00,0.6,735,,,,,,,,,,,,,,,,,,
12/5/2024 23:45,2.4,734,,,,,,,,,,,,,,,,,,
12/5/2024 23:30,2.6,732,,,,,,,,,,,,,,,,,,
12/5/2024 23:15,2,730,,,,,,,,,,,,,,,,,,
12/5/2024 23:00,0.4,730,,,,,,,,,,,,,,,,,,
12/5/2024 22:45,0.8,730,,,,,,,,,,,,,,,,,,
12/5/2024 22:30,1.6,728,,,,,,,,,,,,,,,,,,
12/5/2024 22:15,1.8,727,,,,,,,,,,,,,,,,,,
12/5/2024 22:00,2.4,726,,,,,,,,,,,,,,,,,,
12/5/2024 21:45,3.4,725,,,,,,,,,,,,,,,,,,
12/5/2024 21:30,2.2,724,,,,,,,,,,,,,,,,,,
12/5/2024 21:15,1.4,722,,,,,,,,,,,,,,,,,,
12/5/2024 21:00,3.8,721,,,,,,,,,,,,,,,,,,
12/5/2024 20:45,2.6,719,,,,,,,,,,,,,,,,,,
12/5/2024 20:30,0.6,719,,,,,,,,,,,,,,,,,,
12/5/2024 20:15,1.4,717,,,,,,,,,,,,,,,,,,
12/5/2024 20:00,0.4,717,,,,,,,,,,,,,,,,,,
12/5/2024 19:45,0.2,717,,,,,,,,,,,,,,,,,,
12/5/2024 19:30,0.6,716,,,,,,,,,,,,,,,,,,
12/5/2024 19:15,1.4,715,,,,,,,,,,,,,,,,,,
12/5/2024 19:00,0.2,714,,,,,,,,,,,,,,,,,,
12/5/2024 18:45,0.2,714,,,,,,,,,,,,,,,,,,
12/5/2024 18:30,0,713,,,,,,,,,,,,,,,,,,
12/5/2024 18:15,0.2,713,,,,,,,,,,,,,,,,,,
12/5/2024 18:00,0.2,712,,,,,,,,,,,,,,,,,,
12/5/2024 17:45,0.4,711,,,,,,,,,,,,,,,,,,
12/5/2024 17:30,0.8,710,,,,,,,,,,,,,,,,,,
12/5/2024 17:15,0.8,709,,,,,,,,,,,,,,,,,,
12/5/2024 17:00,0,710,,,,,,,,,,,,,,,,,,
12/5/2024 16:45,1.2,709,,,,,,,,,,,,,,,,,,
12/5/2024 16:30,5,708,,,,,,,,,,,,,,,,,,
12/5/2024 16:15,2.4,705,,,,,,,,,,,,,,,,,,
12/5/2024 16:00,9.4,704,,,,,,,,,,,,,,,,,,
12/5/2024 15:45,0,704,,,,,,,,,,,,,,,,,,
12/5/2024 15:30,0,703,,,,,,,,,,,,,,,,,,
12/5/2024 15:15,1.6,702,,,,,,,,,,,,,,,,,,
12/5/2024 15:00,0.6,701,,,,,,,,,,,,,,,,,,
12/5/2024 14:45,2.2,700,,,,,,,,,,,,,,,,,,
12/5/2024 14:30,0.6,699,,,,,,,,,,,,,,,,,,
12/5/2024 14:15,1,698,,,,,,,,,,,,,,,,,,
12/5/2024 14:00,0.8,698,,,,,,,,,,,,,,,,,,
12/5/2024 13:45,1.8,699,,,,,,,,,,,,,,,,,,
12/5/2024 13:30,0.8,697,,,,,,,,,,,,,,,,,,
12/5/2024 13:15,1.8,697,,,,,,,,,,,,,,,,,,
12/5/2024 13:00,0.6,696,,,,,,,,,,,,,,,,,,
12/5/2024 12:45,0.2,697,,,,,,,,,,,,,,,,,,
12/5/2024 12:30,0.2,696,,,,,,,,,,,,,,,,,,
12/5/2024 12:15,0.2,696,,,,,,,,,,,,,,,,,,
12/5/2024 12:00,2.8,695,,,,,,,,,,,,,,,,,,
12/5/2024 11:45,1.6,694,,,,,,,,,,,,,,,,,,
12/5/2024 11:30,0,694,,,,,,,,,,,,,,,,,,
12/5/2024 11:15,0.2,694,,,,,,,,,,,,,,,,,,
12/5/2024 11:00,0,692,,,,,,,,,,,,,,,,,,
12/5/2024 10:45,0.4,693,,,,,,,,,,,,,,,,,,
12/5/2024 10:30,0.2,693,,,,,,,,,,,,,,,,,,
12/5/2024 10:15,0.4,692,,,,,,,,,,,,,,,,,,
12/5/2024 10:00,0.6,692,,,,,,,,,,,,,,,,,,
12/5/2024 9:45,0.8,692,,,,,,,,,,,,,,,,,,
12/5/2024 9:30,0.4,691,,,,,,,,,,,,,,,,,,
12/5/2024 9:15,0,691,,,,,,,,,,,,,,,,,,
12/5/2024 9:00,0.4,691,,,,,,,,,,,,,,,,,,
12/5/2024 8:45,0.6,690,,,,,,,,,,,,,,,,,,
12/5/2024 8:30,0.4,689,,,,,,,,,,,,,,,,,,
12/5/2024 8:15,1,690,,,,,,,,,,,,,,,,,,
12/5/2024 8:00,0.8,688,,,,,,,,,,,,,,,,,,
12/5/2024 7:45,1,688,,,,,,,,,,,,,,,,,,
12/5/2024 7:30,1.8,688,,,,,,,,,,,,,,,,,,
12/5/2024 7:15,1.2,688,,,,,,,,,,,,,,,,,,
12/5/2024 7:00,0.8,687,,,,,,,,,,,,,,,,,,
12/5/2024 6:45,1.4,687,,,,,,,,,,,,,,,,,,
12/5/2024 6:30,1.2,686,,,,,,,,,,,,,,,,,,
12/5/2024 6:15,0.6,686,,,,,,,,,,,,,,,,,,
12/5/2024 6:00,0.8,685,,,,,,,,,,,,,,,,,,
12/5/2024 5:45,1.2,685,,,,,,,,,,,,,,,,,,
12/5/2024 5:30,1.2,685,,,,,,,,,,,,,,,,,,
12/5/2024 5:15,0.8,684,,,,,,,,,,,,,,,,,,
12/5/2024 5:00,1.2,684,,,,,,,,,,,,,,,,,,
12/5/2024 4:45,2.2,683,,,,,,,,,,,,,,,,,,
12/5/2024 4:30,1,682,,,,,,,,,,,,,,,,,,
12/5/2024 4:15,1.6,682,,,,,,,,,,,,,,,,,,
12/5/2024 4:00,3,682,,,,,,,,,,,,,,,,,,
12/5/2024 3:45,1,681,,,,,,,,,,,,,,,,,,
12/5/2024 3:30,0.2,681,,,,,,,,,,,,,,,,,,
12/5/2024 3:15,6.4,680,,,,,,,,,,,,,,,,,,
12/5/2024 3:00,3,678,,,,,,,,,,,,,,,,,,
12/5/2024 2:45,0.6,679,,,,,,,,,,,,,,,,,,
12/5/2024 2:30,0,680,,,,,,,,,,,,,,,,,,
12/5/2024 2:15,0,680,,,,,,,,,,,,,,,,,,
12/5/2024 2:00,0,679,,,,,,,,,,,,,,,,,,
12/5/2024 1:45,0,679,,,,,,,,,,,,,,,,,,
12/5/2024 1:30,0,679,,,,,,,,,,,,,,,,,,
12/5/2024 1:15,0,679,,,,,,,,,,,,,,,,,,
12/5/2024 1:00,0.2,679,,,,,,,,,,,,,,,,,,
12/5/2024 0:45,0,679,,,,,,,,,,,,,,,,,,
12/5/2024 0:30,0,679,,,,,,,,,,,,,,,,,,
12/5/2024 0:15,0.4,679,,,,,,,,,,,,,,,,,,
12/5/2024 0:00,0.6,679,,,,,,,,,,,,,,,,,,
11/5/2024 23:45,0.2,678,,,,,,,,,,,,,,,,,,
11/5/2024 23:30,0.6,678,,,,,,,,,,,,,,,,,,
11/5/2024 23:15,1,678,,,,,,,,,,,,,,,,,,
11/5/2024 23:00,0.6,678,,,,,,,,,,,,,,,,,,
11/5/2024 22:45,0.6,678,,,,,,,,,,,,,,,,,,
11/5/2024 22:30,0,678,,,,,,,,,,,,,,,,,,
11/5/2024 22:15,0.2,678,,,,,,,,,,,,,,,,,,
11/5/2024 22:00,0.6,677,,,,,,,,,,,,,,,,,,
11/5/2024 21:45,0,678,,,,,,,,,,,,,,,,,,
11/5/2024 21:30,0,678,,,,,,,,,,,,,,,,,,
11/5/2024 21:15,0,678,,,,,,,,,,,,,,,,,,
11/5/2024 21:00,0.2,678,,,,,,,,,,,,,,,,,,
11/5/2024 20:45,0,677,,,,,,,,,,,,,,,,,,
11/5/2024 20:30,0.4,678,,,,,,,,,,,,,,,,,,
11/5/2024 20:15,0.4,678,,,,,,,,,,,,,,,,,,
11/5/2024 20:00,1,677,,,,,,,,,,,,,,,,,,
11/5/2024 19:45,0.8,677,,,,,,,,,,,,,,,,,,
11/5/2024 19:30,1.2,677,,,,,,,,,,,,,,,,,,
11/5/2024 19:15,1.8,676,,,,,,,,,,,,,,,,,,
11/5/2024 19:00,2,676,,,,,,,,,,,,,,,,,,
11/5/2024 18:45,3.6,675,,,,,,,,,,,,,,,,,,
11/5/2024 18:30,2.2,673,,,,,,,,,,,,,,,,,,
11/5/2024 18:15,2,674,,,,,,,,,,,,,,,,,,
11/5/2024 18:00,1.6,674,,,,,,,,,,,,,,,,,,
11/5/2024 17:45,0.8,673,,,,,,,,,,,,,,,,,,
11/5/2024 17:30,1.4,673,,,,,,,,,,,,,,,,,,
11/5/2024 17:15,1.2,672,,,,,,,,,,,,,,,,,,
11/5/2024 17:00,0.4,673,,,,,,,,,,,,,,,,,,
11/5/2024 16:45,1.4,672,,,,,,,,,,,,,,,,,,
11/5/2024 16:30,5.4,672,,,,,,,,,,,,,,,,,,
11/5/2024 16:15,2.6,671,,,,,,,,,,,,,,,,,,
11/5/2024 16:00,0.4,671,,,,,,,,,,,,,,,,,,
11/5/2024 15:45,0.8,671,,,,,,,,,,,,,,,,,,
11/5/2024 15:30,0.2,671,,,,,,,,,,,,,,,,,,
11/5/2024 15:15,1.2,671,,,,,,,,,,,,,,,,,,
11/5/2024 15:00,1.8,670,,,,,,,,,,,,,,,,,,
11/5/2024 14:45,4.2,670,,,,,,,,,,,,,,,,,,
11/5/2024 14:30,1.8,669,,,,,,,,,,,,,,,,,,
11/5/2024 14:15,2,669,,,,,,,,,,,,,,,,,,
11/5/2024 14:00,2.2,668,,,,,,,,,,,,,,,,,,
11/5/2024 13:45,2.4,668,,,,,,,,,,,,,,,,,,
11/5/2024 13:30,0,669,,,,,,,,,,,,,,,,,,
11/5/2024 13:15,0,668,,,,,,,,,,,,,,,,,,
11/5/2024 13:00,0,669,,,,,,,,,,,,,,,,,,
11/5/2024 12:45,0.2,669,,,,,,,,,,,,,,,,,,
11/5/2024 12:30,0.6,669,,,,,,,,,,,,,,,,,,
11/5/2024 12:15,1,668,,,,,,,,,,,,,,,,,,
11/5/2024 12:00,1.2,668,,,,,,,,,,,,,,,,,,
11/5/2024 11:45,0.8,669,,,,,,,,,,,,,,,,,,
11/5/2024 11:30,0,669,,,,,,,,,,,,,,,,,,
11/5/2024 11:15,0.6,669,,,,,,,,,,,,,,,,,,
11/5/2024 11:00,2.6,669,,,,,,,,,,,,,,,,,,
11/5/2024 10:45,0,669,,,,,,,,,,,,,,,,,,
11/5/2024 10:30,0,670,,,,,,,,,,,,,,,,,,
11/5/2024 10:15,0,670,,,,,,,,,,,,,,,,,,
11/5/2024 10:00,0,671,,,,,,,,,,,,,,,,,,
11/5/2024 9:45,0,670,,,,,,,,,,,,,,,,,,
11/5/2024 9:30,0,671,,,,,,,,,,,,,,,,,,
11/5/2024 9:15,0,671,,,,,,,,,,,,,,,,,,
11/5/2024 9:00,0,671,,,,,,,,,,,,,,,,,,
11/5/2024 8:45,0,671,,,,,,,,,,,,,,,,,,
11/5/2024 8:30,0,671,,,,,,,,,,,,,,,,,,
11/5/2024 8:15,0,671,,,,,,,,,,,,,,,,,,
11/5/2024 8:00,0,671,,,,,,,,,,,,,,,,,,
11/5/2024 7:45,0,671,,,,,,,,,,,,,,,,,,
11/5/2024 7:30,0,672,,,,,,,,,,,,,,,,,,
11/5/2024 7:15,0,672,,,,,,,,,,,,,,,,,,
11/5/2024 7:00,0,672,,,,,,,,,,,,,,,,,,
11/5/2024 6:45,0,672,,,,,,,,,,,,,,,,,,
11/5/2024 6:30,0,673,,,,,,,,,,,,,,,,,,
11/5/2024 6:15,0,673,,,,,,,,,,,,,,,,,,
11/5/2024 6:00,0,673,,,,,,,,,,,,,,,,,,
11/5/2024 5:45,0,673,,,,,,,,,,,,,,,,,,
11/5/2024 5:30,0,673,,,,,,,,,,,,,,,,,,
11/5/2024 5:15,0,674,,,,,,,,,,,,,,,,,,
11/5/2024 5:00,0,674,,,,,,,,,,,,,,,,,,
11/5/2024 4:45,0,674,,,,,,,,,,,,,,,,,,
11/5/2024 4:30,0,674,,,,,,,,,,,,,,,,,,
11/5/2024 4:15,0,675,,,,,,,,,,,,,,,,,,
11/5/2024 4:00,0,675,,,,,,,,,,,,,,,,,,
11/5/2024 3:45,0,675,,,,,,,,,,,,,,,,,,
11/5/2024 3:30,0,675,,,,,,,,,,,,,,,,,,
11/5/2024 3:15,0,675,,,,,,,,,,,,,,,,,,
11/5/2024 3:00,0,675,,,,,,,,,,,,,,,,,,
11/5/2024 2:45,0,675,,,,,,,,,,,,,,,,,,
11/5/2024 2:30,0,675,,,,,,,,,,,,,,,,,,
11/5/2024 2:15,0,676,,,,,,,,,,,,,,,,,,
11/5/2024 2:00,0,676,,,,,,,,,,,,,,,,,,
11/5/2024 1:45,0,676,,,,,,,,,,,,,,,,,,
11/5/2024 1:30,0,676,,,,,,,,,,,,,,,,,,
11/5/2024 1:15,0,677,,,,,,,,,,,,,,,,,,
11/5/2024 1:00,0,677,,,,,,,,,,,,,,,,,,
11/5/2024 0:45,0,677,,,,,,,,,,,,,,,,,,
11/5/2024 0:30,0,677,,,,,,,,,,,,,,,,,,
11/5/2024 0:15,0,677,,,,,,,,,,,,,,,,,,
11/5/2024 0:00,0,678,,,,,,,,,,,,,,,,,,
10/5/2024 23:45,0,677,,,,,,,,,,,,,,,,,,
10/5/2024 23:30,0,678,,,,,,,,,,,,,,,,,,
10/5/2024 23:15,0,678,,,,,,,,,,,,,,,,,,
10/5/2024 23:00,0,678,,,,,,,,,,,,,,,,,,
10/5/2024 22:45,0,679,,,,,,,,,,,,,,,,,,
10/5/2024 22:30,0,678,,,,,,,,,,,,,,,,,,
10/5/2024 22:15,0.2,679,,,,,,,,,,,,,,,,,,
10/5/2024 22:00,0.2,679,,,,,,,,,,,,,,,,,,
10/5/2024 21:45,0,678,,,,,,,,,,,,,,,,,,
10/5/2024 21:30,0,680,,,,,,,,,,,,,,,,,,
10/5/2024 21:15,0,680,,,,,,,,,,,,,,,,,,
10/5/2024 21:00,0,680,,,,,,,,,,,,,,,,,,
10/5/2024 20:45,0,680,,,,,,,,,,,,,,,,,,
10/5/2024 20:30,0.2,679,,,,,,,,,,,,,,,,,,
10/5/2024 20:15,0,680,,,,,,,,,,,,,,,,,,
10/5/2024 20:00,0,680,,,,,,,,,,,,,,,,,,
10/5/2024 19:45,0,680,,,,,,,,,,,,,,,,,,
10/5/2024 19:30,0,680,,,,,,,,,,,,,,,,,,
10/5/2024 19:15,0,680,,,,,,,,,,,,,,,,,,
10/5/2024 19:00,0,681,,,,,,,,,,,,,,,,,,
10/5/2024 18:45,0,681,,,,,,,,,,,,,,,,,,
10/5/2024 18:30,0,681,,,,,,,,,,,,,,,,,,
10/5/2024 18:15,0,681,,,,,,,,,,,,,,,,,,
10/5/2024 18:00,0.2,681,,,,,,,,,,,,,,,,,,
10/5/2024 17:45,0,682,,,,,,,,,,,,,,,,,,
10/5/2024 17:30,0.4,681,,,,,,,,,,,,,,,,,,
10/5/2024 17:15,0.2,682,,,,,,,,,,,,,,,,,,
10/5/2024 17:00,0.2,682,,,,,,,,,,,,,,,,,,
10/5/2024 16:45,0.6,682,,,,,,,,,,,,,,,,,,
10/5/2024 16:30,1,682,,,,,,,,,,,,,,,,,,
10/5/2024 16:15,0,682,,,,,,,,,,,,,,,,,,
10/5/2024 16:00,0.2,682,,,,,,,,,,,,,,,,,,
10/5/2024 15:45,0.6,683,,,,,,,,,,,,,,,,,,
10/5/2024 15:30,0,683,,,,,,,,,,,,,,,,,,
10/5/2024 15:15,0,683,,,,,,,,,,,,,,,,,,
10/5/2024 15:00,0.2,683,,,,,,,,,,,,,,,,,,
10/5/2024 14:45,0,683,,,,,,,,,,,,,,,,,,
10/5/2024 14:30,0.2,684,,,,,,,,,,,,,,,,,,
10/5/2024 14:15,0,683,,,,,,,,,,,,,,,,,,
10/5/2024 14:00,0,684,,,,,,,,,,,,,,,,,,
10/5/2024 13:45,0.4,684,,,,,,,,,,,,,,,,,,
10/5/2024 13:30,0.2,684,,,,,,,,,,,,,,,,,,
10/5/2024 13:15,0.2,684,,,,,,,,,,,,,,,,,,
10/5/2024 13:00,0,684,,,,,,,,,,,,,,,,,,
10/5/2024 12:45,0.2,685,,,,,,,,,,,,,,,,,,
10/5/2024 12:30,0.6,684,,,,,,,,,,,,,,,,,,
10/5/2024 12:15,0.4,684,,,,,,,,,,,,,,,,,,
10/5/2024 12:00,1,684,,,,,,,,,,,,,,,,,,
10/5/2024 11:45,0.6,684,,,,,,,,,,,,,,,,,,
10/5/2024 11:30,4.4,685,,,,,,,,,,,,,,,,,,
10/5/2024 11:15,0.2,685,,,,,,,,,,,,,,,,,,
10/5/2024 11:00,0,685,,,,,,,,,,,,,,,,,,
10/5/2024 10:45,0.2,685,,,,,,,,,,,,,,,,,,
10/5/2024 10:30,1,686,,,,,,,,,,,,,,,,,,
10/5/2024 10:15,0.8,686,,,,,,,,,,,,,,,,,,
10/5/2024 10:00,0.4,686,,,,,,,,,,,,,,,,,,
10/5/2024 9:45,0,687,,,,,,,,,,,,,,,,,,
10/5/2024 9:30,0,687,,,,,,,,,,,,,,,,,,
10/5/2024 9:15,0,687,,,,,,,,,,,,,,,,,,
10/5/2024 9:00,0,688,,,,,,,,,,,,,,,,,,
10/5/2024 8:45,0,688,,,,,,,,,,,,,,,,,,
10/5/2024 8:30,0,688,,,,,,,,,,,,,,,,,,
10/5/2024 8:15,0,688,,,,,,,,,,,,,,,,,,
10/5/2024 8:00,0,689,,,,,,,,,,,,,,,,,,
10/5/2024 7:45,0,688,,,,,,,,,,,,,,,,,,
10/5/2024 7:30,0,690,,,,,,,,,,,,,,,,,,
10/5/2024 7:15,0,689,,,,,,,,,,,,,,,,,,
10/5/2024 7:00,0,690,,,,,,,,,,,,,,,,,,
10/5/2024 6:45,0,690,,,,,,,,,,,,,,,,,,
10/5/2024 6:30,0,691,,,,,,,,,,,,,,,,,,
10/5/2024 6:15,0,691,,,,,,,,,,,,,,,,,,
10/5/2024 6:00,0,691,,,,,,,,,,,,,,,,,,
10/5/2024 5:45,0,692,,,,,,,,,,,,,,,,,,
10/5/2024 5:30,0,691,,,,,,,,,,,,,,,,,,
10/5/2024 5:15,0,692,,,,,,,,,,,,,,,,,,
10/5/2024 5:00,0,692,,,,,,,,,,,,,,,,,,
10/5/2024 4:45,0,693,,,,,,,,,,,,,,,,,,
10/5/2024 4:30,0,693,,,,,,,,,,,,,,,,,,
10/5/2024 4:15,0,693,,,,,,,,,,,,,,,,,,
10/5/2024 4:00,0,693,,,,,,,,,,,,,,,,,,
10/5/2024 3:45,0,694,,,,,,,,,,,,,,,,,,
10/5/2024 3:30,0,694,,,,,,,,,,,,,,,,,,
10/5/2024 3:15,0,695,,,,,,,,,,,,,,,,,,
10/5/2024 3:00,0,695,,,,,,,,,,,,,,,,,,
10/5/2024 2:45,0,695,,,,,,,,,,,,,,,,,,
10/5/2024 2:30,0,695,,,,,,,,,,,,,,,,,,
10/5/2024 2:15,0,696,,,,,,,,,,,,,,,,,,
10/5/2024 2:00,0,696,,,,,,,,,,,,,,,,,,
10/5/2024 1:45,0,697,,,,,,,,,,,,,,,,,,
10/5/2024 1:30,0,696,,,,,,,,,,,,,,,,,,
10/5/2024 1:15,0,697,,,,,,,,,,,,,,,,,,
10/5/2024 1:00,0,697,,,,,,,,,,,,,,,,,,
10/5/2024 0:45,0,698,,,,,,,,,,,,,,,,,,
10/5/2024 0:30,0,698,,,,,,,,,,,,,,,,,,
10/5/2024 0:15,0,698,,,,,,,,,,,,,,,,,,
10/5/2024 0:00,0,698,,,,,,,,,,,,,,,,,,
9/5/2024 23:45,0,699,,,,,,,,,,,,,,,,,,
9/5/2024 23:30,0,699,,,,,,,,,,,,,,,,,,
9/5/2024 23:15,0,699,,,,,,,,,,,,,,,,,,
9/5/2024 23:00,0,700,,,,,,,,,,,,,,,,,,
9/5/2024 22:45,0,700,,,,,,,,,,,,,,,,,,
9/5/2024 22:30,0,700,,,,,,,,,,,,,,,,,,
9/5/2024 22:15,0,701,,,,,,,,,,,,,,,,,,
9/5/2024 22:00,0,702,,,,,,,,,,,,,,,,,,
9/5/2024 21:45,0,701,,,,,,,,,,,,,,,,,,
9/5/2024 21:30,0,702,,,,,,,,,,,,,,,,,,
9/5/2024 21:15,0,702,,,,,,,,,,,,,,,,,,
9/5/2024 21:00,0,702,,,,,,,,,,,,,,,,,,
9/5/2024 20:45,0,702,,,,,,,,,,,,,,,,,,
9/5/2024 20:30,0,703,,,,,,,,,,,,,,,,,,
9/5/2024 20:15,0,704,,,,,,,,,,,,,,,,,,
9/5/2024 20:00,0,704,,,,,,,,,,,,,,,,,,
9/5/2024 19:45,0,704,,,,,,,,,,,,,,,,,,
9/5/2024 19:30,0,704,,,,,,,,,,,,,,,,,,
9/5/2024 19:15,0,705,,,,,,,,,,,,,,,,,,
9/5/2024 19:00,0,705,,,,,,,,,,,,,,,,,,
9/5/2024 18:45,0,705,,,,,,,,,,,,,,,,,,
9/5/2024 18:30,0,705,,,,,,,,,,,,,,,,,,
9/5/2024 18:15,0,706,,,,,,,,,,,,,,,,,,
9/5/2024 18:00,0,706,,,,,,,,,,,,,,,,,,
9/5/2024 17:45,0,707,,,,,,,,,,,,,,,,,,
9/5/2024 17:30,0,707,,,,,,,,,,,,,,,,,,
9/5/2024 17:15,0,707,,,,,,,,,,,,,,,,,,
9/5/2024 17:00,0,707,,,,,,,,,,,,,,,,,,
9/5/2024 16:45,0,707,,,,,,,,,,,,,,,,,,
9/5/2024 16:30,0,708,,,,,,,,,,,,,,,,,,
9/5/2024 16:15,0,708,,,,,,,,,,,,,,,,,,
9/5/2024 16:00,0,708,,,,,,,,,,,,,,,,,,
9/5/2024 15:45,0,708,,,,,,,,,,,,,,,,,,
9/5/2024 15:30,0,709,,,,,,,,,,,,,,,,,,
9/5/2024 15:15,0,709,,,,,,,,,,,,,,,,,,
9/5/2024 15:00,0,709,,,,,,,,,,,,,,,,,,
9/5/2024 14:45,0,710,,,,,,,,,,,,,,,,,,
9/5/2024 14:30,0,710,,,,,,,,,,,,,,,,,,
9/5/2024 14:15,0,710,,,,,,,,,,,,,,,,,,
9/5/2024 14:00,0,710,,,,,,,,,,,,,,,,,,
9/5/2024 13:45,0,710,,,,,,,,,,,,,,,,,,
9/5/2024 13:30,0,710,,,,,,,,,,,,,,,,,,
9/5/2024 13:15,0,711,,,,,,,,,,,,,,,,,,
9/5/2024 13:00,0,712,,,,,,,,,,,,,,,,,,
9/5/2024 12:45,0,711,,,,,,,,,,,,,,,,,,
9/5/2024 12:30,0,712,,,,,,,,,,,,,,,,,,
9/5/2024 12:15,0,712,,,,,,,,,,,,,,,,,,
9/5/2024 12:00,0,712,,,,,,,,,,,,,,,,,,
9/5/2024 11:45,0,713,,,,,,,,,,,,,,,,,,
9/5/2024 11:30,0,712,,,,,,,,,,,,,,,,,,
9/5/2024 11:15,0,713,,,,,,,,,,,,,,,,,,
9/5/2024 11:00,0,713,,,,,,,,,,,,,,,,,,
9/5/2024 10:45,0,713,,,,,,,,,,,,,,,,,,
9/5/2024 10:30,0,714,,,,,,,,,,,,,,,,,,
9/5/2024 10:15,0,714,,,,,,,,,,,,,,,,,,
9/5/2024 10:00,0,714,,,,,,,,,,,,,,,,,,
9/5/2024 9:45,0,715,,,,,,,,,,,,,,,,,,
9/5/2024 9:30,0,716,,,,,,,,,,,,,,,,,,
9/5/2024 9:15,0,715,,,,,,,,,,,,,,,,,,
9/5/2024 9:00,0,716,,,,,,,,,,,,,,,,,,
9/5/2024 8:45,0,715,,,,,,,,,,,,,,,,,,
9/5/2024 8:30,0,716,,,,,,,,,,,,,,,,,,
9/5/2024 8:15,0,716,,,,,,,,,,,,,,,,,,
9/5/2024 8:00,0,717,,,,,,,,,,,,,,,,,,
9/5/2024 7:45,0,716,,,,,,,,,,,,,,,,,,
9/5/2024 7:30,0,717,,,,,,,,,,,,,,,,,,
9/5/2024 7:15,0,717,,,,,,,,,,,,,,,,,,
9/5/2024 7:00,0,718,,,,,,,,,,,,,,,,,,
9/5/2024 6:45,0,718,,,,,,,,,,,,,,,,,,
9/5/2024 6:30,0,718,,,,,,,,,,,,,,,,,,
9/5/2024 6:15,0,718,,,,,,,,,,,,,,,,,,
9/5/2024 6:00,0,719,,,,,,,,,,,,,,,,,,
9/5/2024 5:45,0,719,,,,,,,,,,,,,,,,,,
9/5/2024 5:30,0,720,,,,,,,,,,,,,,,,,,
9/5/2024 5:15,0,719,,,,,,,,,,,,,,,,,,
9/5/2024 5:00,0,719,,,,,,,,,,,,,,,,,,
9/5/2024 4:45,0,720,,,,,,,,,,,,,,,,,,
9/5/2024 4:30,0,720,,,,,,,,,,,,,,,,,,
9/5/2024 4:15,0,720,,,,,,,,,,,,,,,,,,
9/5/2024 4:00,0,720,,,,,,,,,,,,,,,,,,
9/5/2024 3:45,0,720,,,,,,,,,,,,,,,,,,
9/5/2024 3:30,0,720,,,,,,,,,,,,,,,,,,
9/5/2024 3:15,0,722,,,,,,,,,,,,,,,,,,
9/5/2024 3:00,0,722,,,,,,,,,,,,,,,,,,
9/5/2024 2:45,0,722,,,,,,,,,,,,,,,,,,
9/5/2024 2:30,0,721,,,,,,,,,,,,,,,,,,
9/5/2024 2:15,0,722,,,,,,,,,,,,,,,,,,
9/5/2024 2:00,0,722,,,,,,,,,,,,,,,,,,
9/5/2024 1:45,0,722,,,,,,,,,,,,,,,,,,
9/5/2024 1:30,0,722,,,,,,,,,,,,,,,,,,
9/5/2024 1:15,0,724,,,,,,,,,,,,,,,,,,
9/5/2024 1:00,0,724,,,,,,,,,,,,,,,,,,
9/5/2024 0:45,0,723,,,,,,,,,,,,,,,,,,
9/5/2024 0:30,0,723,,,,,,,,,,,,,,,,,,
9/5/2024 0:15,0,724,,,,,,,,,,,,,,,,,,
9/5/2024 0:00,0,725,,,,,,,,,,,,,,,,,,
8/5/2024 23:45,0,725,,,,,,,,,,,,,,,,,,
8/5/2024 23:30,0,724,,,,,,,,,,,,,,,,,,
8/5/2024 23:15,0,725,,,,,,,,,,,,,,,,,,
8/5/2024 23:00,0,726,,,,,,,,,,,,,,,,,,
8/5/2024 22:45,0,726,,,,,,,,,,,,,,,,,,
8/5/2024 22:30,0,726,,,,,,,,,,,,,,,,,,
8/5/2024 22:15,0,726,,,,,,,,,,,,,,,,,,
8/5/2024 22:00,0,726,,,,,,,,,,,,,,,,,,
8/5/2024 21:45,0,727,,,,,,,,,,,,,,,,,,
8/5/2024 21:30,0,726,,,,,,,,,,,,,,,,,,
8/5/2024 21:15,0,726,,,,,,,,,,,,,,,,,,
8/5/2024 21:00,0,727,,,,,,,,,,,,,,,,,,
8/5/2024 20:45,0,728,,,,,,,,,,,,,,,,,,
8/5/2024 20:30,0,727,,,,,,,,,,,,,,,,,,
8/5/2024 20:15,0.2,728,,,,,,,,,,,,,,,,,,
8/5/2024 20:00,0,728,,,,,,,,,,,,,,,,,,
8/5/2024 19:45,0,729,,,,,,,,,,,,,,,,,,
8/5/2024 19:30,0,729,,,,,,,,,,,,,,,,,,
8/5/2024 19:15,0,729,,,,,,,,,,,,,,,,,,
8/5/2024 19:00,0,730,,,,,,,,,,,,,,,,,,
8/5/2024 18:45,0,729,,,,,,,,,,,,,,,,,,
8/5/2024 18:30,0,730,,,,,,,,,,,,,,,,,,
8/5/2024 18:15,0.2,730,,,,,,,,,,,,,,,,,,
8/5/2024 18:00,1.4,730,,,,,,,,,,,,,,,,,,
8/5/2024 17:45,0,729,,,,,,,,,,,,,,,,,,
8/5/2024 17:30,0,731,,,,,,,,,,,,,,,,,,
8/5/2024 17:15,0,730,,,,,,,,,,,,,,,,,,
8/5/2024 17:00,0,732,,,,,,,,,,,,,,,,,,
8/5/2024 16:45,0,730,,,,,,,,,,,,,,,,,,
8/5/2024 16:30,0.6,731,,,,,,,,,,,,,,,,,,
8/5/2024 16:15,0,732,,,,,,,,,,,,,,,,,,
8/5/2024 16:00,0,732,,,,,,,,,,,,,,,,,,
8/5/2024 15:45,0,731,,,,,,,,,,,,,,,,,,
8/5/2024 15:30,0,732,,,,,,,,,,,,,,,,,,
8/5/2024 15:15,0,732,,,,,,,,,,,,,,,,,,
8/5/2024 15:00,0,731,,,,,,,,,,,,,,,,,,
8/5/2024 14:45,0,732,,,,,,,,,,,,,,,,,,
8/5/2024 14:30,0,732,,,,,,,,,,,,,,,,,,
8/5/2024 14:15,0,734,,,,,,,,,,,,,,,,,,
8/5/2024 14:00,0,733,,,,,,,,,,,,,,,,,,
8/5/2024 13:45,0,732,,,,,,,,,,,,,,,,,,
8/5/2024 13:30,0,733,,,,,,,,,,,,,,,,,,
8/5/2024 13:15,0,733,,,,,,,,,,,,,,,,,,
8/5/2024 13:00,0,734,,,,,,,,,,,,,,,,,,
8/5/2024 12:45,0,733,,,,,,,,,,,,,,,,,,
8/5/2024 12:30,0,734,,,,,,,,,,,,,,,,,,
8/5/2024 12:15,0,735,,,,,,,,,,,,,,,,,,
8/5/2024 12:00,0,734,,,,,,,,,,,,,,,,,,
8/5/2024 11:45,0,735,,,,,,,,,,,,,,,,,,
8/5/2024 11:30,0,735,,,,,,,,,,,,,,,,,,
8/5/2024 11:15,0,735,,,,,,,,,,,,,,,,,,
8/5/2024 11:00,0,735,,,,,,,,,,,,,,,,,,
8/5/2024 10:45,0,735,,,,,,,,,,,,,,,,,,
8/5/2024 10:30,0,735,,,,,,,,,,,,,,,,,,
8/5/2024 10:15,0,736,,,,,,,,,,,,,,,,,,
8/5/2024 10:00,0,737,,,,,,,,,,,,,,,,,,
8/5/2024 9:45,0,737,,,,,,,,,,,,,,,,,,
8/5/2024 9:30,0,737,,,,,,,,,,,,,,,,,,
8/5/2024 9:15,0,737,,,,,,,,,,,,,,,,,,
8/5/2024 9:00,0,737,,,,,,,,,,,,,,,,,,
8/5/2024 8:45,0,737,,,,,,,,,,,,,,,,,,
8/5/2024 8:30,0,737,,,,,,,,,,,,,,,,,,
8/5/2024 8:15,0,738,,,,,,,,,,,,,,,,,,
8/5/2024 8:00,0,737,,,,,,,,,,,,,,,,,,
8/5/2024 7:45,0,738,,,,,,,,,,,,,,,,,,
8/5/2024 7:30,0,738,,,,,,,,,,,,,,,,,,
8/5/2024 7:15,0,738,,,,,,,,,,,,,,,,,,
8/5/2024 7:00,0,738,,,,,,,,,,,,,,,,,,
8/5/2024 6:45,0,738,,,,,,,,,,,,,,,,,,
8/5/2024 6:30,0,738,,,,,,,,,,,,,,,,,,
8/5/2024 6:15,0,738,,,,,,,,,,,,,,,,,,
8/5/2024 6:00,0,739,,,,,,,,,,,,,,,,,,
8/5/2024 5:45,0,740,,,,,,,,,,,,,,,,,,
8/5/2024 5:30,0,739,,,,,,,,,,,,,,,,,,
8/5/2024 5:15,0,739,,,,,,,,,,,,,,,,,,
8/5/2024 5:00,0,739,,,,,,,,,,,,,,,,,,
8/5/2024 4:45,0,740,,,,,,,,,,,,,,,,,,
8/5/2024 4:30,0,740,,,,,,,,,,,,,,,,,,
8/5/2024 4:15,0,741,,,,,,,,,,,,,,,,,,
8/5/2024 4:00,0,740,,,,,,,,,,,,,,,,,,
8/5/2024 3:45,0,740,,,,,,,,,,,,,,,,,,
8/5/2024 3:30,0,740,,,,,,,,,,,,,,,,,,
8/5/2024 3:15,0,742,,,,,,,,,,,,,,,,,,
8/5/2024 3:00,0,741,,,,,,,,,,,,,,,,,,
8/5/2024 2:45,0,740,,,,,,,,,,,,,,,,,,
8/5/2024 2:30,0,741,,,,,,,,,,,,,,,,,,
8/5/2024 2:15,0,741,,,,,,,,,,,,,,,,,,
8/5/2024 2:00,0,742,,,,,,,,,,,,,,,,,,
8/5/2024 1:45,0,742,,,,,,,,,,,,,,,,,,
8/5/2024 1:30,0,742,,,,,,,,,,,,,,,,,,
8/5/2024 1:15,0,742,,,,,,,,,,,,,,,,,,
8/5/2024 1:00,0,742,,,,,,,,,,,,,,,,,,
8/5/2024 0:45,0,743,,,,,,,,,,,,,,,,,,
8/5/2024 0:30,0,742,,,,,,,,,,,,,,,,,,
8/5/2024 0:15,0,743,,,,,,,,,,,,,,,,,,
8/5/2024 0:00,0,743,,,,,,,,,,,,,,,,,,
7/5/2024 23:45,0,742,,,,,,,,,,,,,,,,,,
7/5/2024 23:30,0,743,,,,,,,,,,,,,,,,,,
7/5/2024 23:15,0,743,,,,,,,,,,,,,,,,,,
7/5/2024 23:00,0,743,,,,,,,,,,,,,,,,,,
7/5/2024 22:45,0,743,,,,,,,,,,,,,,,,,,
7/5/2024 22:30,0,743,,,,,,,,,,,,,,,,,,
7/5/2024 22:15,0,744,,,,,,,,,,,,,,,,,,
7/5/2024 22:00,0,743,,,,,,,,,,,,,,,,,,
7/5/2024 21:45,0,745,,,,,,,,,,,,,,,,,,
7/5/2024 21:30,0,744,,,,,,,,,,,,,,,,,,
7/5/2024 21:15,0,744,,,,,,,,,,,,,,,,,,
7/5/2024 21:00,0,743,,,,,,,,,,,,,,,,,,
7/5/2024 20:45,0,745,,,,,,,,,,,,,,,,,,
7/5/2024 20:30,0,745,,,,,,,,,,,,,,,,,,
7/5/2024 20:15,0,745,,,,,,,,,,,,,,,,,,
7/5/2024 20:00,0,745,,,,,,,,,,,,,,,,,,
7/5/2024 19:45,0,745,,,,,,,,,,,,,,,,,,
7/5/2024 19:30,0,745,,,,,,,,,,,,,,,,,,
7/5/2024 19:15,0,746,,,,,,,,,,,,,,,,,,
7/5/2024 19:00,0,746,,,,,,,,,,,,,,,,,,
7/5/2024 18:45,0,745,,,,,,,,,,,,,,,,,,
7/5/2024 18:30,0,745,,,,,,,,,,,,,,,,,,
7/5/2024 18:15,0,746,,,,,,,,,,,,,,,,,,
7/5/2024 18:00,0,746,,,,,,,,,,,,,,,,,,
7/5/2024 17:45,0,746,,,,,,,,,,,,,,,,,,
7/5/2024 17:30,0,746,,,,,,,,,,,,,,,,,,
7/5/2024 17:15,0,747,,,,,,,,,,,,,,,,,,
7/5/2024 17:00,0,746,,,,,,,,,,,,,,,,,,
7/5/2024 16:45,0,746,,,,,,,,,,,,,,,,,,
7/5/2024 16:30,0,746,,,,,,,,,,,,,,,,,,
7/5/2024 16:15,0,747,,,,,,,,,,,,,,,,,,
7/5/2024 16:00,0,747,,,,,,,,,,,,,,,,,,
7/5/2024 15:45,0,747,,,,,,,,,,,,,,,,,,
7/5/2024 15:30,0,746,,,,,,,,,,,,,,,,,,
7/5/2024 15:15,0,747,,,,,,,,,,,,,,,,,,
7/5/2024 15:00,0,747,,,,,,,,,,,,,,,,,,
7/5/2024 14:45,,747,,,,,,,,,,,,,,,,,,
7/5/2024 14:30,,,,,,,,,,,,,,,,,,,,
7/5/2024 14:15,,,,,,,,,,,,,,,,,,,,
7/5/2024 14:00,0,745.94,,,,,,,,,,,,,,,,,,
7/5/2024 13:45,0,745.92,,,,,,,,,,,,,,,,,,
7/5/2024 13:30,0,744.89,,,,,,,,,,,,,,,,,,
7/5/2024 13:15,0,745.86,,,,,,,,,,,,,,,,,,
7/5/2024 13:00,0,745.83,,,,,,,,,,,,,,,,,,
7/5/2024 12:45,0,745.81,,,,,,,,,,,,,,,,,,
7/5/2024 12:30,0,745.78,,,,,,,,,,,,,,,,,,
7/5/2024 12:15,0,746.75,,,,,,,,,,,,,,,,,,
7/5/2024 12:00,0,746.72,,,,,,,,,,,,,,,,,,
7/5/2024 11:45,0,745.69,,,,,,,,,,,,,,,,,,
7/5/2024 11:30,0,746.67,,,,,,,,,,,,,,,,,,
7/5/2024 11:15,0,746.64,,,,,,,,,,,,,,,,,,
7/5/2024 11:00,0,746.61,,,,,,,,,,,,,,,,,,
7/5/2024 10:45,0,747.58,,,,,,,,,,,,,,,,,,
7/5/2024 10:30,0,746.56,,,,,,,,,,,,,,,,,,
7/5/2024 10:15,0,746.53,,,,,,,,,,,,,,,,,,
7/5/2024 10:00,0,746.5,,,,,,,,,,,,,,,,,,
7/5/2024 9:45,0,747.47,,,,,,,,,,,,,,,,,,
7/5/2024 9:30,0,747.44,,,,,,,,,,,,,,,,,,
7/5/2024 9:15,0,747.42,,,,,,,,,,,,,,,,,,
7/5/2024 9:00,0,747.39,,,,,,,,,,,,,,,,,,
7/5/2024 8:45,0,747.36,,,,,,,,,,,,,,,,,,
7/5/2024 8:30,0,746.33,,,,,,,,,,,,,,,,,,
7/5/2024 8:15,0,747.31,,,,,,,,,,,,,,,,,,
7/5/2024 8:00,0,747.28,,,,,,,,,,,,,,,,,,
7/5/2024 7:45,0,747.25,,,,,,,,,,,,,,,,,,
7/5/2024 7:30,0,748.22,,,,,,,,,,,,,,,,,,
7/5/2024 7:15,0,747.19,,,,,,,,,,,,,,,,,,
7/5/2024 7:00,0,748.17,,,,,,,,,,,,,,,,,,
7/5/2024 6:45,0,748.14,,,,,,,,,,,,,,,,,,
7/5/2024 6:30,0,749.11,,,,,,,,,,,,,,,,,,
7/5/2024 6:15,0,748.08,,,,,,,,,,,,,,,,,,
7/5/2024 6:00,0,748.06,,,,,,,,,,,,,,,,,,
7/5/2024 5:45,0,749.03,,,,,,,,,,,,,,,,,,
7/5/2024 5:30,0,748,,,,,,,,,,,,,,,,,,
7/5/2024 5:15,0,748.97,,,,,,,,,,,,,,,,,,
7/5/2024 5:00,0,748.94,,,,,,,,,,,,,,,,,,
7/5/2024 4:45,0,748.92,,,,,,,,,,,,,,,,,,
7/5/2024 4:30,0,748.89,,,,,,,,,,,,,,,,,,
7/5/2024 4:15,0,748.86,,,,,,,,,,,,,,,,,,
7/5/2024 4:00,0,749.83,,,,,,,,,,,,,,,,,,
7/5/2024 3:45,0,749.81,,,,,,,,,,,,,,,,,,
7/5/2024 3:30,0,749.78,,,,,,,,,,,,,,,,,,
7/5/2024 3:15,0,749.75,,,,,,,,,,,,,,,,,,
7/5/2024 3:00,0,749.72,,,,,,,,,,,,,,,,,,
7/5/2024 2:45,0,749.69,,,,,,,,,,,,,,,,,,
7/5/2024 2:30,0,750.67,,,,,,,,,,,,,,,,,,
7/5/2024 2:15,0,749.64,,,,,,,,,,,,,,,,,,
7/5/2024 2:00,0,750.61,,,,,,,,,,,,,,,,,,
7/5/2024 1:45,0,750.58,,,,,,,,,,,,,,,,,,
7/5/2024 1:30,0,751.56,,,,,,,,,,,,,,,,,,
7/5/2024 1:15,0,750.53,,,,,,,,,,,,,,,,,,
7/5/2024 1:00,0,750.5,,,,,,,,,,,,,,,,,,
7/5/2024 0:45,0,751.47,,,,,,,,,,,,,,,,,,
7/5/2024 0:30,0,751.44,,,,,,,,,,,,,,,,,,
7/5/2024 0:15,0,750.42,,,,,,,,,,,,,,,,,,
7/5/2024 0:00,0,751.39,,,,,,,,,,,,,,,,,,
6/5/2024 23:45,0,751.36,,,,,,,,,,,,,,,,,,
6/5/2024 23:30,0,751.33,,,,,,,,,,,,,,,,,,
6/5/2024 23:15,0,751.31,,,,,,,,,,,,,,,,,,
6/5/2024 23:00,0,751.28,,,,,,,,,,,,,,,,,,
6/5/2024 22:45,0,752.25,,,,,,,,,,,,,,,,,,
6/5/2024 22:30,0,752.22,,,,,,,,,,,,,,,,,,
6/5/2024 22:15,0,752.19,,,,,,,,,,,,,,,,,,
6/5/2024 22:00,0,752.17,,,,,,,,,,,,,,,,,,
6/5/2024 21:45,0,753.14,,,,,,,,,,,,,,,,,,
6/5/2024 21:30,0,752.11,,,,,,,,,,,,,,,,,,
6/5/2024 21:15,0,753.08,,,,,,,,,,,,,,,,,,
6/5/2024 21:00,0,753.06,,,,,,,,,,,,,,,,,,
6/5/2024 20:45,0,754.03,,,,,,,,,,,,,,,,,,
6/5/2024 20:30,0,754,,,,,,,,,,,,,,,,,,
6/5/2024 20:15,0,753.97,,,,,,,,,,,,,,,,,,
6/5/2024 20:00,0,753.94,,,,,,,,,,,,,,,,,,
6/5/2024 19:45,0,752.92,,,,,,,,,,,,,,,,,,
6/5/2024 19:30,0,753.89,,,,,,,,,,,,,,,,,,
6/5/2024 19:15,0,754.86,,,,,,,,,,,,,,,,,,
6/5/2024 19:00,0,753.83,,,,,,,,,,,,,,,,,,
6/5/2024 18:45,0,754.81,,,,,,,,,,,,,,,,,,
6/5/2024 18:30,0,754.78,,,,,,,,,,,,,,,,,,
6/5/2024 18:15,0,755.75,,,,,,,,,,,,,,,,,,
6/5/2024 18:00,0,755.72,,,,,,,,,,,,,,,,,,
6/5/2024 17:45,0,755.69,,,,,,,,,,,,,,,,,,
6/5/2024 17:30,0,755.67,,,,,,,,,,,,,,,,,,
6/5/2024 17:15,0,755.64,,,,,,,,,,,,,,,,,,
6/5/2024 17:00,0,755.61,,,,,,,,,,,,,,,,,,
6/5/2024 16:45,0,755.58,,,,,,,,,,,,,,,,,,
6/5/2024 16:30,0,755.56,,,,,,,,,,,,,,,,,,
6/5/2024 16:15,0,756.53,,,,,,,,,,,,,,,,,,
6/5/2024 16:00,0,756.5,,,,,,,,,,,,,,,,,,
6/5/2024 15:45,0,756.47,,,,,,,,,,,,,,,,,,
6/5/2024 15:30,0,757.44,,,,,,,,,,,,,,,,,,
6/5/2024 15:15,0,757.42,,,,,,,,,,,,,,,,,,
6/5/2024 15:00,0,757.39,,,,,,,,,,,,,,,,,,
6/5/2024 14:45,0,757.36,,,,,,,,,,,,,,,,,,
6/5/2024 14:30,0,758.33,,,,,,,,,,,,,,,,,,
6/5/2024 14:15,0,757.31,,,,,,,,,,,,,,,,,,
6/5/2024 14:00,0,758.28,,,,,,,,,,,,,,,,,,
6/5/2024 13:45,0,757.25,,,,,,,,,,,,,,,,,,
6/5/2024 13:30,0,757.22,,,,,,,,,,,,,,,,,,
6/5/2024 13:15,0,758.19,,,,,,,,,,,,,,,,,,
6/5/2024 13:00,0,759.17,,,,,,,,,,,,,,,,,,
6/5/2024 12:45,0,759.14,,,,,,,,,,,,,,,,,,
6/5/2024 12:30,0,759.11,,,,,,,,,,,,,,,,,,
6/5/2024 12:15,0,760.08,,,,,,,,,,,,,,,,,,
6/5/2024 12:00,0,760.06,,,,,,,,,,,,,,,,,,
6/5/2024 11:45,0,759.03,,,,,,,,,,,,,,,,,,
6/5/2024 11:30,0,761,,,,,,,,,,,,,,,,,,
6/5/2024 11:15,0.2,760.97,,,,,,,,,,,,,,,,,,
6/5/2024 11:00,0,760.94,,,,,,,,,,,,,,,,,,
6/5/2024 10:45,0,760.92,,,,,,,,,,,,,,,,,,
6/5/2024 10:30,0,761.89,,,,,,,,,,,,,,,,,,
6/5/2024 10:15,0,760.86,,,,,,,,,,,,,,,,,,
6/5/2024 10:00,0,760.83,,,,,,,,,,,,,,,,,,
6/5/2024 9:45,0,761.81,,,,,,,,,,,,,,,,,,
6/5/2024 9:30,0,761.78,,,,,,,,,,,,,,,,,,
6/5/2024 9:15,0,761.75,,,,,,,,,,,,,,,,,,
6/5/2024 9:00,0,761.72,,,,,,,,,,,,,,,,,,
6/5/2024 8:45,0,762.69,,,,,,,,,,,,,,,,,,
6/5/2024 8:30,0,762.67,,,,,,,,,,,,,,,,,,
6/5/2024 8:15,0,762.64,,,,,,,,,,,,,,,,,,
6/5/2024 8:00,0,762.61,,,,,,,,,,,,,,,,,,
6/5/2024 7:45,0,762.58,,,,,,,,,,,,,,,,,,
6/5/2024 7:30,0,762.56,,,,,,,,,,,,,,,,,,
6/5/2024 7:15,0,763.53,,,,,,,,,,,,,,,,,,
6/5/2024 7:00,0,763.5,,,,,,,,,,,,,,,,,,
6/5/2024 6:45,0,764.47,,,,,,,,,,,,,,,,,,
6/5/2024 6:30,0,763.44,,,,,,,,,,,,,,,,,,
6/5/2024 6:15,0,764.42,,,,,,,,,,,,,,,,,,
6/5/2024 6:00,0,764.39,,,,,,,,,,,,,,,,,,
6/5/2024 5:45,0,765.36,,,,,,,,,,,,,,,,,,
6/5/2024 5:30,0,764.33,,,,,,,,,,,,,,,,,,
6/5/2024 5:15,0,765.31,,,,,,,,,,,,,,,,,,
6/5/2024 5:00,0,765.28,,,,,,,,,,,,,,,,,,
6/5/2024 4:45,0,766.25,,,,,,,,,,,,,,,,,,
6/5/2024 4:30,0,766.22,,,,,,,,,,,,,,,,,,
6/5/2024 4:15,0,766.19,,,,,,,,,,,,,,,,,,
6/5/2024 4:00,0,767.17,,,,,,,,,,,,,,,,,,
6/5/2024 3:45,0,767.14,,,,,,,,,,,,,,,,,,
6/5/2024 3:30,0,766.11,,,,,,,,,,,,,,,,,,
6/5/2024 3:15,0,767.08,,,,,,,,,,,,,,,,,,
6/5/2024 3:00,0,768.06,,,,,,,,,,,,,,,,,,
6/5/2024 2:45,0,767.03,,,,,,,,,,,,,,,,,,
6/5/2024 2:30,0,768,,,,,,,,,,,,,,,,,,
6/5/2024 2:15,0,767.97,,,,,,,,,,,,,,,,,,
6/5/2024 2:00,0,767.94,,,,,,,,,,,,,,,,,,
6/5/2024 1:45,0,768.92,,,,,,,,,,,,,,,,,,
6/5/2024 1:30,0,768.89,,,,,,,,,,,,,,,,,,
6/5/2024 1:15,0,769.86,,,,,,,,,,,,,,,,,,
6/5/2024 1:00,0,768.83,,,,,,,,,,,,,,,,,,
6/5/2024 0:45,0,769.81,,,,,,,,,,,,,,,,,,
6/5/2024 0:30,0,770.78,,,,,,,,,,,,,,,,,,
6/5/2024 0:15,0,770.75,,,,,,,,,,,,,,,,,,
6/5/2024 0:00,0,770.72,,,,,,,,,,,,,,,,,,
5/5/2024 23:45,0,770.69,,,,,,,,,,,,,,,,,,
5/5/2024 23:30,0,770.67,,,,,,,,,,,,,,,,,,
5/5/2024 23:15,0,771.64,,,,,,,,,,,,,,,,,,
5/5/2024 23:00,0,771.61,,,,,,,,,,,,,,,,,,
5/5/2024 22:45,0,771.58,,,,,,,,,,,,,,,,,,
5/5/2024 22:30,0,772.56,,,,,,,,,,,,,,,,,,
5/5/2024 22:15,0,772.53,,,,,,,,,,,,,,,,,,
5/5/2024 22:00,0,772.5,,,,,,,,,,,,,,,,,,
5/5/2024 21:45,0,773.47,,,,,,,,,,,,,,,,,,
5/5/2024 21:30,0,773.44,,,,,,,,,,,,,,,,,,
5/5/2024 21:15,0,774.42,,,,,,,,,,,,,,,,,,
5/5/2024 21:00,0,774.39,,,,,,,,,,,,,,,,,,
5/5/2024 20:45,0,775.36,,,,,,,,,,,,,,,,,,
5/5/2024 20:30,0,774.33,,,,,,,,,,,,,,,,,,
5/5/2024 20:15,0,775.31,,,,,,,,,,,,,,,,,,
5/5/2024 20:00,0,775.28,,,,,,,,,,,,,,,,,,
5/5/2024 19:45,0,776.25,,,,,,,,,,,,,,,,,,
5/5/2024 19:30,0,776.22,,,,,,,,,,,,,,,,,,
5/5/2024 19:15,0,777.19,,,,,,,,,,,,,,,,,,
5/5/2024 19:00,0,777.17,,,,,,,,,,,,,,,,,,
5/5/2024 18:45,0,777.14,,,,,,,,,,,,,,,,,,
5/5/2024 18:30,0,778.11,,,,,,,,,,,,,,,,,,
5/5/2024 18:15,0,778.08,,,,,,,,,,,,,,,,,,
5/5/2024 18:00,0,779.06,,,,,,,,,,,,,,,,,,
5/5/2024 17:45,0,779.03,,,,,,,,,,,,,,,,,,
5/5/2024 17:30,0,779,,,,,,,,,,,,,,,,,,
5/5/2024 17:15,0,780,,,,,,,,,,,,,,,,,,
5/5/2024 17:00,0,780,,,,,,,,,,,,,,,,,,
5/5/2024 16:45,0,780,,,,,,,,,,,,,,,,,,
5/5/2024 16:30,0,781,,,,,,,,,,,,,,,,,,
5/5/2024 16:15,0,781,,,,,,,,,,,,,,,,,,
5/5/2024 16:00,0,782,,,,,,,,,,,,,,,,,,
5/5/2024 15:45,0,782,,,,,,,,,,,,,,,,,,
5/5/2024 15:30,0,782,,,,,,,,,,,,,,,,,,
5/5/2024 15:15,0,783,,,,,,,,,,,,,,,,,,
5/5/2024 15:00,0,783,,,,,,,,,,,,,,,,,,
5/5/2024 14:45,0,784,,,,,,,,,,,,,,,,,,
5/5/2024 14:30,0,784,,,,,,,,,,,,,,,,,,
5/5/2024 14:15,0,784,,,,,,,,,,,,,,,,,,
5/5/2024 14:00,0,785,,,,,,,,,,,,,,,,,,
5/5/2024 13:45,0,786,,,,,,,,,,,,,,,,,,
5/5/2024 13:30,0,786,,,,,,,,,,,,,,,,,,
5/5/2024 13:15,0,786,,,,,,,,,,,,,,,,,,
5/5/2024 13:00,0,787,,,,,,,,,,,,,,,,,,
5/5/2024 12:45,0,788,,,,,,,,,,,,,,,,,,
5/5/2024 12:30,0,787,,,,,,,,,,,,,,,,,,
5/5/2024 12:15,0,788,,,,,,,,,,,,,,,,,,
5/5/2024 12:00,0,788,,,,,,,,,,,,,,,,,,
5/5/2024 11:45,0,789,,,,,,,,,,,,,,,,,,
5/5/2024 11:30,0,790,,,,,,,,,,,,,,,,,,
5/5/2024 11:15,0,790,,,,,,,,,,,,,,,,,,
5/5/2024 11:00,0,790,,,,,,,,,,,,,,,,,,
5/5/2024 10:45,0,791,,,,,,,,,,,,,,,,,,
5/5/2024 10:30,0,791,,,,,,,,,,,,,,,,,,
5/5/2024 10:15,0.4,792,,,,,,,,,,,,,,,,,,
5/5/2024 10:00,0,792,,,,,,,,,,,,,,,,,,
5/5/2024 9:45,0,793,,,,,,,,,,,,,,,,,,
5/5/2024 9:30,0.2,793,,,,,,,,,,,,,,,,,,
5/5/2024 9:15,1.8,794,,,,,,,,,,,,,,,,,,
5/5/2024 9:00,0.4,794,,,,,,,,,,,,,,,,,,
5/5/2024 8:45,9.6,794,,,,,,,,,,,,,,,,,,
5/5/2024 8:30,0,793,,,,,,,,,,,,,,,,,,
5/5/2024 8:15,0,795,,,,,,,,,,,,,,,,,,
5/5/2024 8:00,0,795,,,,,,,,,,,,,,,,,,
5/5/2024 7:45,0,796,,,,,,,,,,,,,,,,,,
5/5/2024 7:30,0,797,,,,,,,,,,,,,,,,,,
5/5/2024 7:15,0,797,,,,,,,,,,,,,,,,,,
5/5/2024 7:00,0,798,,,,,,,,,,,,,,,,,,
5/5/2024 6:45,0,798,,,,,,,,,,,,,,,,,,
5/5/2024 6:30,0,798,,,,,,,,,,,,,,,,,,
5/5/2024 6:15,0,800,,,,,,,,,,,,,,,,,,
5/5/2024 6:00,0,800,,,,,,,,,,,,,,,,,,
5/5/2024 5:45,0,801,,,,,,,,,,,,,,,,,,
5/5/2024 5:30,0,801,,,,,,,,,,,,,,,,,,
5/5/2024 5:15,0,802,,,,,,,,,,,,,,,,,,
5/5/2024 5:00,0.2,802,,,,,,,,,,,,,,,,,,
5/5/2024 4:45,0.4,803,,,,,,,,,,,,,,,,,,
5/5/2024 4:30,0.6,,,,,,,,,,,,,,,,,,,
5/5/2024 4:15,1.6,803,,,,,,,,,,,,,,,,,,
5/5/2024 4:00,3.6,803,,,,,,,,,,,,,,,,,,
5/5/2024 3:45,3.4,804,,,,,,,,,,,,,,,,,,
5/5/2024 3:30,0,805,,,,,,,,,,,,,,,,,,
5/5/2024 3:15,0,805,,,,,,,,,,,,,,,,,,
5/5/2024 3:00,0,806,,,,,,,,,,,,,,,,,,
5/5/2024 2:45,0,807,,,,,,,,,,,,,,,,,,
5/5/2024 2:30,0,807,,,,,,,,,,,,,,,,,,
5/5/2024 2:15,0,808,,,,,,,,,,,,,,,,,,
5/5/2024 2:00,0,809,,,,,,,,,,,,,,,,,,
5/5/2024 1:45,0,809,,,,,,,,,,,,,,,,,,
5/5/2024 1:30,0,810,,,,,,,,,,,,,,,,,,
5/5/2024 1:15,0,811,,,,,,,,,,,,,,,,,,
5/5/2024 1:00,0,811,,,,,,,,,,,,,,,,,,
5/5/2024 0:45,0,812,,,,,,,,,,,,,,,,,,
5/5/2024 0:30,0,813,,,,,,,,,,,,,,,,,,
5/5/2024 0:15,0,813,,,,,,,,,,,,,,,,,,
5/5/2024 0:00,0,814,,,,,,,,,,,,,,,,,,
4/5/2024 23:45,0,815,,,,,,,,,,,,,,,,,,
4/5/2024 23:30,0,815,,,,,,,,,,,,,,,,,,
4/5/2024 23:15,0,816,,,,,,,,,,,,,,,,,,
4/5/2024 23:00,0,817,,,,,,,,,,,,,,,,,,
4/5/2024 22:45,0,817,,,,,,,,,,,,,,,,,,
4/5/2024 22:30,0.6,818,,,,,,,,,,,,,,,,,,
4/5/2024 22:15,2.4,818,,,,,,,,,,,,,,,,,,
4/5/2024 22:00,0.2,819,,,,,,,,,,,,,,,,,,
4/5/2024 21:45,0.4,820,,,,,,,,,,,,,,,,,,
4/5/2024 21:30,0.4,820,,,,,,,,,,,,,,,,,,
4/5/2024 21:15,0,821,,,,,,,,,,,,,,,,,,
4/5/2024 21:00,0,821,,,,,,,,,,,,,,,,,,
4/5/2024 20:45,0,822,,,,,,,,,,,,,,,,,,
4/5/2024 20:30,0,822,,,,,,,,,,,,,,,,,,
4/5/2024 20:15,0,823,,,,,,,,,,,,,,,,,,
4/5/2024 20:00,0.2,824,,,,,,,,,,,,,,,,,,
4/5/2024 19:45,1,824,,,,,,,,,,,,,,,,,,
4/5/2024 19:30,0.6,825,,,,,,,,,,,,,,,,,,
4/5/2024 19:15,1.2,825,,,,,,,,,,,,,,,,,,
4/5/2024 19:00,0.4,826,,,,,,,,,,,,,,,,,,
4/5/2024 18:45,0.2,826,,,,,,,,,,,,,,,,,,
4/5/2024 18:30,0,827,,,,,,,,,,,,,,,,,,
4/5/2024 18:15,0,828,,,,,,,,,,,,,,,,,,
4/5/2024 18:00,0,828,,,,,,,,,,,,,,,,,,
4/5/2024 17:45,0,829,,,,,,,,,,,,,,,,,,
4/5/2024 17:30,0,829,,,,,,,,,,,,,,,,,,
4/5/2024 17:15,0,830,,,,,,,,,,,,,,,,,,
4/5/2024 17:00,0,830,,,,,,,,,,,,,,,,,,
4/5/2024 16:45,0,831,,,,,,,,,,,,,,,,,,
4/5/2024 16:30,0,832,,,,,,,,,,,,,,,,,,
4/5/2024 16:15,0,832,,,,,,,,,,,,,,,,,,
4/5/2024 16:00,0,832,,,,,,,,,,,,,,,,,,
4/5/2024 15:45,0,833,,,,,,,,,,,,,,,,,,
4/5/2024 15:30,0,834,,,,,,,,,,,,,,,,,,
4/5/2024 15:15,0,834,,,,,,,,,,,,,,,,,,
4/5/2024 15:00,0,835,,,,,,,,,,,,,,,,,,
4/5/2024 14:45,0,835,,,,,,,,,,,,,,,,,,
4/5/2024 14:30,0,836,,,,,,,,,,,,,,,,,,
4/5/2024 14:15,0,836,,,,,,,,,,,,,,,,,,
4/5/2024 14:00,0,837,,,,,,,,,,,,,,,,,,
4/5/2024 13:45,0,837,,,,,,,,,,,,,,,,,,
4/5/2024 13:30,0,838,,,,,,,,,,,,,,,,,,
4/5/2024 13:15,0,838,,,,,,,,,,,,,,,,,,
4/5/2024 13:00,0,839,,,,,,,,,,,,,,,,,,
4/5/2024 12:45,0,839,,,,,,,,,,,,,,,,,,
4/5/2024 12:30,0,840,,,,,,,,,,,,,,,,,,
4/5/2024 12:15,0,840,,,,,,,,,,,,,,,,,,
4/5/2024 12:00,0,841,,,,,,,,,,,,,,,,,,
4/5/2024 11:45,0,841,,,,,,,,,,,,,,,,,,
4/5/2024 11:30,0,842,,,,,,,,,,,,,,,,,,
4/5/2024 11:15,0,842,,,,,,,,,,,,,,,,,,
4/5/2024 11:00,0,843,,,,,,,,,,,,,,,,,,
4/5/2024 10:45,0,843,,,,,,,,,,,,,,,,,,
4/5/2024 10:30,0,843,,,,,,,,,,,,,,,,,,
4/5/2024 10:15,0,844,,,,,,,,,,,,,,,,,,
4/5/2024 10:00,0,844,,,,,,,,,,,,,,,,,,
4/5/2024 9:45,0,845,,,,,,,,,,,,,,,,,,
4/5/2024 9:30,0,846,,,,,,,,,,,,,,,,,,
4/5/2024 9:15,0,846,,,,,,,,,,,,,,,,,,
4/5/2024 9:00,0,846,,,,,,,,,,,,,,,,,,
4/5/2024 8:45,0,847,,,,,,,,,,,,,,,,,,
4/5/2024 8:30,0,847,,,,,,,,,,,,,,,,,,
4/5/2024 8:15,0,847,,,,,,,,,,,,,,,,,,
4/5/2024 8:00,0,848,,,,,,,,,,,,,,,,,,
4/5/2024 7:45,0,848,,,,,,,,,,,,,,,,,,
4/5/2024 7:30,0,849,,,,,,,,,,,,,,,,,,
4/5/2024 7:15,0,849,,,,,,,,,,,,,,,,,,
4/5/2024 7:00,0,849,,,,,,,,,,,,,,,,,,
4/5/2024 6:45,0,850,,,,,,,,,,,,,,,,,,
4/5/2024 6:30,0,850,,,,,,,,,,,,,,,,,,
4/5/2024 6:15,0,851,,,,,,,,,,,,,,,,,,
4/5/2024 6:00,0.2,851,,,,,,,,,,,,,,,,,,
4/5/2024 5:45,0,851,,,,,,,,,,,,,,,,,,
4/5/2024 5:30,0,852,,,,,,,,,,,,,,,,,,
4/5/2024 5:15,0,852,,,,,,,,,,,,,,,,,,
4/5/2024 5:00,0,852,,,,,,,,,,,,,,,,,,
4/5/2024 4:45,0,853,,,,,,,,,,,,,,,,,,
4/5/2024 4:30,0,853,,,,,,,,,,,,,,,,,,
4/5/2024 4:15,0,853,,,,,,,,,,,,,,,,,,
4/5/2024 4:00,0,853,,,,,,,,,,,,,,,,,,
4/5/2024 3:45,0,853,,,,,,,,,,,,,,,,,,
4/5/2024 3:30,0,854,,,,,,,,,,,,,,,,,,
4/5/2024 3:15,0,854,,,,,,,,,,,,,,,,,,
4/5/2024 3:00,0,854,,,,,,,,,,,,,,,,,,
4/5/2024 2:45,0,855,,,,,,,,,,,,,,,,,,
4/5/2024 2:30,0,855,,,,,,,,,,,,,,,,,,
4/5/2024 2:15,0,855,,,,,,,,,,,,,,,,,,
4/5/2024 2:00,0.2,855,,,,,,,,,,,,,,,,,,
4/5/2024 1:45,0.6,855,,,,,,,,,,,,,,,,,,
4/5/2024 1:30,0.6,855,,,,,,,,,,,,,,,,,,
4/5/2024 1:15,0.4,856,,,,,,,,,,,,,,,,,,
4/5/2024 1:00,1.2,855,,,,,,,,,,,,,,,,,,
4/5/2024 0:45,0.6,855,,,,,,,,,,,,,,,,,,
4/5/2024 0:30,0.8,855,,,,,,,,,,,,,,,,,,
4/5/2024 0:15,0.6,856,,,,,,,,,,,,,,,,,,
4/5/2024 0:00,0.2,856,,,,,,,,,,,,,,,,,,
3/5/2024 23:45,0,856,,,,,,,,,,,,,,,,,,
3/5/2024 23:30,0,856,,,,,,,,,,,,,,,,,,
3/5/2024 23:15,0,856,,,,,,,,,,,,,,,,,,
3/5/2024 23:00,0,856,,,,,,,,,,,,,,,,,,
3/5/2024 22:45,0,856,,,,,,,,,,,,,,,,,,
3/5/2024 22:30,0,856,,,,,,,,,,,,,,,,,,
3/5/2024 22:15,0,856,,,,,,,,,,,,,,,,,,
3/5/2024 22:00,0,856,,,,,,,,,,,,,,,,,,
3/5/2024 21:45,0,856,,,,,,,,,,,,,,,,,,
3/5/2024 21:30,0,856,,,,,,,,,,,,,,,,,,
3/5/2024 21:15,0,856,,,,,,,,,,,,,,,,,,
3/5/2024 21:00,0,856,,,,,,,,,,,,,,,,,,
3/5/2024 20:45,0,855,,,,,,,,,,,,,,,,,,
3/5/2024 20:30,0,855,,,,,,,,,,,,,,,,,,
3/5/2024 20:15,0,855,,,,,,,,,,,,,,,,,,
3/5/2024 20:00,0,855,,,,,,,,,,,,,,,,,,
3/5/2024 19:45,0,855,,,,,,,,,,,,,,,,,,
3/5/2024 19:30,0,855,,,,,,,,,,,,,,,,,,
3/5/2024 19:15,0,855,,,,,,,,,,,,,,,,,,
3/5/2024 19:00,0,854,,,,,,,,,,,,,,,,,,
3/5/2024 18:45,0,854,,,,,,,,,,,,,,,,,,
3/5/2024 18:30,0,854,,,,,,,,,,,,,,,,,,
3/5/2024 18:15,0,853,,,,,,,,,,,,,,,,,,
3/5/2024 18:00,0,853,,,,,,,,,,,,,,,,,,
3/5/2024 17:45,0,853,,,,,,,,,,,,,,,,,,
3/5/2024 17:30,0,853,,,,,,,,,,,,,,,,,,
3/5/2024 17:15,0,852,,,,,,,,,,,,,,,,,,
3/5/2024 17:00,0,852,,,,,,,,,,,,,,,,,,
3/5/2024 16:45,0,852,,,,,,,,,,,,,,,,,,
3/5/2024 16:30,0,851,,,,,,,,,,,,,,,,,,
3/5/2024 16:15,0,851,,,,,,,,,,,,,,,,,,
3/5/2024 16:00,0,850,,,,,,,,,,,,,,,,,,
3/5/2024 15:45,0,850,,,,,,,,,,,,,,,,,,
3/5/2024 15:30,0,850,,,,,,,,,,,,,,,,,,
3/5/2024 15:15,0,849,,,,,,,,,,,,,,,,,,
3/5/2024 15:00,0,848,,,,,,,,,,,,,,,,,,
3/5/2024 14:45,0,848,,,,,,,,,,,,,,,,,,
3/5/2024 14:30,0,848,,,,,,,,,,,,,,,,,,
3/5/2024 14:15,0,847,,,,,,,,,,,,,,,,,,
3/5/2024 14:00,0,847,,,,,,,,,,,,,,,,,,
3/5/2024 13:45,0,846,,,,,,,,,,,,,,,,,,
3/5/2024 13:30,0,846,,,,,,,,,,,,,,,,,,
3/5/2024 13:15,0,845,,,,,,,,,,,,,,,,,,
3/5/2024 13:00,0,845,,,,,,,,,,,,,,,,,,
3/5/2024 12:45,0,844,,,,,,,,,,,,,,,,,,
3/5/2024 12:30,0,843,,,,,,,,,,,,,,,,,,
3/5/2024 12:15,0,842,,,,,,,,,,,,,,,,,,
3/5/2024 12:00,0,842,,,,,,,,,,,,,,,,,,
3/5/2024 11:45,0,841,,,,,,,,,,,,,,,,,,
3/5/2024 11:30,0,841,,,,,,,,,,,,,,,,,,
3/5/2024 11:15,0,840,,,,,,,,,,,,,,,,,,
3/5/2024 11:00,0,839,,,,,,,,,,,,,,,,,,
3/5/2024 10:45,0,839,,,,,,,,,,,,,,,,,,
3/5/2024 10:30,0,838,,,,,,,,,,,,,,,,,,
3/5/2024 10:15,0,837,,,,,,,,,,,,,,,,,,
3/5/2024 10:00,0.2,836,,,,,,,,,,,,,,,,,,
3/5/2024 9:45,0,836,,,,,,,,,,,,,,,,,,
3/5/2024 9:30,0,835,,,,,,,,,,,,,,,,,,
3/5/2024 9:15,0,834,,,,,,,,,,,,,,,,,,
3/5/2024 9:00,0,833,,,,,,,,,,,,,,,,,,
3/5/2024 8:45,0,832,,,,,,,,,,,,,,,,,,
3/5/2024 8:30,0,831,,,,,,,,,,,,,,,,,,
3/5/2024 8:15,0,830,,,,,,,,,,,,,,,,,,
3/5/2024 8:00,0,830,,,,,,,,,,,,,,,,,,
3/5/2024 7:45,0.2,828,,,,,,,,,,,,,,,,,,
3/5/2024 7:30,0,828,,,,,,,,,,,,,,,,,,
3/5/2024 7:15,0,827,,,,,,,,,,,,,,,,,,
3/5/2024 7:00,0,826,,,,,,,,,,,,,,,,,,
3/5/2024 6:45,0,825,,,,,,,,,,,,,,,,,,
3/5/2024 6:30,0,824,,,,,,,,,,,,,,,,,,
3/5/2024 6:15,0.4,823,,,,,,,,,,,,,,,,,,
3/5/2024 6:00,0.2,822,,,,,,,,,,,,,,,,,,
3/5/2024 5:45,0.2,821,,,,,,,,,,,,,,,,,,
3/5/2024 5:30,0.2,820,,,,,,,,,,,,,,,,,,
3/5/2024 5:15,0.2,819,,,,,,,,,,,,,,,,,,
3/5/2024 5:00,0,818,,,,,,,,,,,,,,,,,,
3/5/2024 4:45,0.2,816,,,,,,,,,,,,,,,,,,
3/5/2024 4:30,0.2,816,,,,,,,,,,,,,,,,,,
3/5/2024 4:15,0.8,814,,,,,,,,,,,,,,,,,,
3/5/2024 4:00,0.4,813,,,,,,,,,,,,,,,,,,
3/5/2024 3:45,0.2,812,,,,,,,,,,,,,,,,,,
3/5/2024 3:30,0,811,,,,,,,,,,,,,,,,,,
3/5/2024 3:15,0.2,810,,,,,,,,,,,,,,,,,,
3/5/2024 3:00,0,809,,,,,,,,,,,,,,,,,,
3/5/2024 2:45,0,808,,,,,,,,,,,,,,,,,,
3/5/2024 2:30,0,806,,,,,,,,,,,,,,,,,,
3/5/2024 2:15,0,805,,,,,,,,,,,,,,,,,,
3/5/2024 2:00,0,804,,,,,,,,,,,,,,,,,,
3/5/2024 1:45,0,803,,,,,,,,,,,,,,,,,,
3/5/2024 1:30,0,802,,,,,,,,,,,,,,,,,,
3/5/2024 1:15,0,801,,,,,,,,,,,,,,,,,,
3/5/2024 1:00,0.2,800,,,,,,,,,,,,,,,,,,
3/5/2024 0:45,0.4,799,,,,,,,,,,,,,,,,,,
3/5/2024 0:30,0,797,,,,,,,,,,,,,,,,,,
3/5/2024 0:15,0.2,796,,,,,,,,,,,,,,,,,,
3/5/2024 0:00,0,795,,,,,,,,,,,,,,,,,,
2/5/2024 23:45,0,794,,,,,,,,,,,,,,,,,,
2/5/2024 23:30,0,793,,,,,,,,,,,,,,,,,,
2/5/2024 23:15,0.4,792,,,,,,,,,,,,,,,,,,
2/5/2024 23:00,0.2,791,,,,,,,,,,,,,,,,,,
2/5/2024 22:45,0,790,,,,,,,,,,,,,,,,,,
2/5/2024 22:30,0,789,,,,,,,,,,,,,,,,,,
2/5/2024 22:15,0,788,,,,,,,,,,,,,,,,,,
2/5/2024 22:00,0,787,,,,,,,,,,,,,,,,,,
2/5/2024 21:45,0,786,,,,,,,,,,,,,,,,,,
2/5/2024 21:30,0,785,,,,,,,,,,,,,,,,,,
2/5/2024 21:15,0,785,,,,,,,,,,,,,,,,,,
2/5/2024 21:00,0,784,,,,,,,,,,,,,,,,,,
2/5/2024 20:45,0,782,,,,,,,,,,,,,,,,,,
2/5/2024 20:30,0.2,781,,,,,,,,,,,,,,,,,,
2/5/2024 20:15,0,781,,,,,,,,,,,,,,,,,,
2/5/2024 20:00,0,780,,,,,,,,,,,,,,,,,,
2/5/2024 19:45,0,779,,,,,,,,,,,,,,,,,,
2/5/2024 19:30,0,780,,,,,,,,,,,,,,,,,,
2/5/2024 19:15,0.2,778,,,,,,,,,,,,,,,,,,
2/5/2024 19:00,0.8,777,,,,,,,,,,,,,,,,,,
2/5/2024 18:45,0.2,776,,,,,,,,,,,,,,,,,,
2/5/2024 18:30,0.2,776,,,,,,,,,,,,,,,,,,
2/5/2024 18:15,0,775,,,,,,,,,,,,,,,,,,
2/5/2024 18:00,0,775,,,,,,,,,,,,,,,,,,
2/5/2024 17:45,0.8,773,,,,,,,,,,,,,,,,,,
2/5/2024 17:30,0.6,773,,,,,,,,,,,,,,,,,,
2/5/2024 17:15,0.4,772,,,,,,,,,,,,,,,,,,
2/5/2024 17:00,0.4,771,,,,,,,,,,,,,,,,,,
2/5/2024 16:45,0.4,770,,,,,,,,,,,,,,,,,,
2/5/2024 16:30,0.4,771,,,,,,,,,,,,,,,,,,
2/5/2024 16:15,0.2,770,,,,,,,,,,,,,,,,,,
2/5/2024 16:00,0.2,769,,,,,,,,,,,,,,,,,,
2/5/2024 15:45,0.2,768,,,,,,,,,,,,,,,,,,
2/5/2024 15:30,1.2,768,,,,,,,,,,,,,,,,,,
2/5/2024 15:15,1,767,,,,,,,,,,,,,,,,,,
2/5/2024 15:00,0.6,767,,,,,,,,,,,,,,,,,,
2/5/2024 14:45,0.4,765,,,,,,,,,,,,,,,,,,
2/5/2024 14:30,0,767,,,,,,,,,,,,,,,,,,
2/5/2024 14:15,0.2,765,,,,,,,,,,,,,,,,,,
2/5/2024 14:00,0,763,,,,,,,,,,,,,,,,,,
2/5/2024 13:45,0.6,763,,,,,,,,,,,,,,,,,,
2/5/2024 13:30,0.2,762,,,,,,,,,,,,,,,,,,
2/5/2024 13:15,0.4,763,,,,,,,,,,,,,,,,,,
2/5/2024 13:00,0,762,,,,,,,,,,,,,,,,,,
2/5/2024 12:45,0,761,,,,,,,,,,,,,,,,,,
2/5/2024 12:30,0,761,,,,,,,,,,,,,,,,,,
2/5/2024 12:15,0.4,762,,,,,,,,,,,,,,,,,,
2/5/2024 12:00,0,759,,,,,,,,,,,,,,,,,,
2/5/2024 11:45,0,759,,,,,,,,,,,,,,,,,,
2/5/2024 11:30,0,760,,,,,,,,,,,,,,,,,,
2/5/2024 11:15,0,757,,,,,,,,,,,,,,,,,,
2/5/2024 11:00,0,757,,,,,,,,,,,,,,,,,,
2/5/2024 10:45,0,757,,,,,,,,,,,,,,,,,,
2/5/2024 10:30,0.2,757,,,,,,,,,,,,,,,,,,
2/5/2024 10:15,0.4,756,,,,,,,,,,,,,,,,,,
2/5/2024 10:00,0.8,757,,,,,,,,,,,,,,,,,,
2/5/2024 9:45,0.6,756,,,,,,,,,,,,,,,,,,
2/5/2024 9:30,0.6,756,,,,,,,,,,,,,,,,,,
2/5/2024 9:15,0.4,755,,,,,,,,,,,,,,,,,,
2/5/2024 9:00,0.2,755,,,,,,,,,,,,,,,,,,
2/5/2024 8:45,0.6,755,,,,,,,,,,,,,,,,,,
2/5/2024 8:30,0.8,754,,,,,,,,,,,,,,,,,,
2/5/2024 8:15,0.2,753,,,,,,,,,,,,,,,,,,
2/5/2024 8:00,0,754,,,,,,,,,,,,,,,,,,
2/5/2024 7:45,0.2,753,,,,,,,,,,,,,,,,,,
2/5/2024 7:30,0,752,,,,,,,,,,,,,,,,,,
2/5/2024 7:15,0,753,,,,,,,,,,,,,,,,,,
2/5/2024 7:00,0,751,,,,,,,,,,,,,,,,,,
2/5/2024 6:45,0,752,,,,,,,,,,,,,,,,,,
2/5/2024 6:30,0,752,,,,,,,,,,,,,,,,,,
2/5/2024 6:15,0,750,,,,,,,,,,,,,,,,,,
2/5/2024 6:00,0.2,751,,,,,,,,,,,,,,,,,,
2/5/2024 5:45,0.8,750,,,,,,,,,,,,,,,,,,
2/5/2024 5:30,0.2,749,,,,,,,,,,,,,,,,,,
2/5/2024 5:15,0.2,749,,,,,,,,,,,,,,,,,,
2/5/2024 5:00,0.6,749,,,,,,,,,,,,,,,,,,
2/5/2024 4:45,0.6,749,,,,,,,,,,,,,,,,,,
2/5/2024 4:30,0.8,749,,,,,,,,,,,,,,,,,,
2/5/2024 4:15,0.8,749,,,,,,,,,,,,,,,,,,
2/5/2024 4:00,0.6,749,,,,,,,,,,,,,,,,,,
2/5/2024 3:45,1,749,,,,,,,,,,,,,,,,,,
2/5/2024 3:30,1.2,748,,,,,,,,,,,,,,,,,,
2/5/2024 3:15,1,748,,,,,,,,,,,,,,,,,,
2/5/2024 3:00,0.6,749,,,,,,,,,,,,,,,,,,
2/5/2024 2:45,1.4,746,,,,,,,,,,,,,,,,,,
2/5/2024 2:30,2,746,,,,,,,,,,,,,,,,,,
2/5/2024 2:15,3.6,748,,,,,,,,,,,,,,,,,,
2/5/2024 2:00,6.2,746,,,,,,,,,,,,,,,,,,
2/5/2024 1:45,1.8,746,,,,,,,,,,,,,,,,,,
2/5/2024 1:30,1.8,745,,,,,,,,,,,,,,,,,,
2/5/2024 1:15,0.8,745,,,,,,,,,,,,,,,,,,
2/5/2024 1:00,0.6,745,,,,,,,,,,,,,,,,,,
2/5/2024 0:45,1.2,744,,,,,,,,,,,,,,,,,,
2/5/2024 0:30,2,743,,,,,,,,,,,,,,,,,,
2/5/2024 0:15,1.4,744,,,,,,,,,,,,,,,,,,
2/5/2024 0:00,1.4,743,,,,,,,,,,,,,,,,,,
1/5/2024 23:45,0.4,743,,,,,,,,,,,,,,,,,,
1/5/2024 23:30,0.6,742,,,,,,,,,,,,,,,,,,
1/5/2024 23:15,1.2,743,,,,,,,,,,,,,,,,,,
1/5/2024 23:00,2.4,742,,,,,,,,,,,,,,,,,,
1/5/2024 22:45,5.6,741,,,,,,,,,,,,,,,,,,
1/5/2024 22:30,2.4,741,,,,,,,,,,,,,,,,,,
1/5/2024 22:15,0.2,741,,,,,,,,,,,,,,,,,,
1/5/2024 22:00,0,740,,,,,,,,,,,,,,,,,,
1/5/2024 21:45,0.2,740,,,,,,,,,,,,,,,,,,
1/5/2024 21:30,4,740,,,,,,,,,,,,,,,,,,
1/5/2024 21:15,3.8,738,,,,,,,,,,,,,,,,,,
1/5/2024 21:00,0,739,,,,,,,,,,,,,,,,,,
1/5/2024 20:45,1.4,738,,,,,,,,,,,,,,,,,,
1/5/2024 20:30,2.2,737,,,,,,,,,,,,,,,,,,
1/5/2024 20:15,0,737,,,,,,,,,,,,,,,,,,
1/5/2024 20:00,0,736,,,,,,,,,,,,,,,,,,
1/5/2024 19:45,0,736,,,,,,,,,,,,,,,,,,
1/5/2024 19:30,0,735,,,,,,,,,,,,,,,,,,
1/5/2024 19:15,0,735,,,,,,,,,,,,,,,,,,
1/5/2024 19:00,0,735,,,,,,,,,,,,,,,,,,
1/5/2024 18:45,0.2,734,,,,,,,,,,,,,,,,,,
1/5/2024 18:30,0.2,736,,,,,,,,,,,,,,,,,,
1/5/2024 18:15,1,732,,,,,,,,,,,,,,,,,,
1/5/2024 18:00,0.8,732,,,,,,,,,,,,,,,,,,
1/5/2024 17:45,0.6,732,,,,,,,,,,,,,,,,,,
1/5/2024 17:30,0.6,731,,,,,,,,,,,,,,,,,,
1/5/2024 17:15,0.8,730,,,,,,,,,,,,,,,,,,
1/5/2024 17:00,0.4,728,,,,,,,,,,,,,,,,,,
1/5/2024 16:45,0.2,728,,,,,,,,,,,,,,,,,,
1/5/2024 16:30,0.4,727,,,,,,,,,,,,,,,,,,
1/5/2024 16:15,1.2,726,,,,,,,,,,,,,,,,,,
1/5/2024 16:00,1.2,725,,,,,,,,,,,,,,,,,,
1/5/2024 15:45,0.6,724,,,,,,,,,,,,,,,,,,
1/5/2024 15:30,0.8,723,,,,,,,,,,,,,,,,,,
1/5/2024 15:15,0.6,722,,,,,,,,,,,,,,,,,,
1/5/2024 15:00,0.6,722,,,,,,,,,,,,,,,,,,
1/5/2024 14:45,0.2,720,,,,,,,,,,,,,,,,,,
1/5/2024 14:30,0,719,,,,,,,,,,,,,,,,,,
1/5/2024 14:15,0,719,,,,,,,,,,,,,,,,,,
1/5/2024 14:00,0,718,,,,,,,,,,,,,,,,,,
1/5/2024 13:45,0,718,,,,,,,,,,,,,,,,,,
1/5/2024 13:30,0.6,717,,,,,,,,,,,,,,,,,,
1/5/2024 13:15,2,715,,,,,,,,,,,,,,,,,,
1/5/2024 13:00,1.2,714,,,,,,,,,,,,,,,,,,
1/5/2024 12:45,1.6,715,,,,,,,,,,,,,,,,,,
1/5/2024 12:30,1.6,711,,,,,,,,,,,,,,,,,,
1/5/2024 12:15,2,711,,,,,,,,,,,,,,,,,,
1/5/2024 12:00,1.6,710,,,,,,,,,,,,,,,,,,
1/5/2024 11:45,1,710,,,,,,,,,,,,,,,,,,
1/5/2024 11:30,1,709,,,,,,,,,,,,,,,,,,
1/5/2024 11:15,0.4,709,,,,,,,,,,,,,,,,,,
1/5/2024 11:00,0,708,,,,,,,,,,,,,,,,,,
1/5/2024 10:45,0,706,,,,,,,,,,,,,,,,,,
1/5/2024 10:30,0.4,706,,,,,,,,,,,,,,,,,,
1/5/2024 10:15,0.2,705,,,,,,,,,,,,,,,,,,
1/5/2024 10:00,0.4,704,,,,,,,,,,,,,,,,,,
1/5/2024 9:45,0,703,,,,,,,,,,,,,,,,,,
1/5/2024 9:30,0,703,,,,,,,,,,,,,,,,,,
1/5/2024 9:15,0.2,702,,,,,,,,,,,,,,,,,,
1/5/2024 9:00,0.4,701,,,,,,,,,,,,,,,,,,
1/5/2024 8:45,0.4,699,,,,,,,,,,,,,,,,,,
1/5/2024 8:30,0.2,699,,,,,,,,,,,,,,,,,,
1/5/2024 8:15,0.2,698,,,,,,,,,,,,,,,,,,
1/5/2024 8:00,0.2,698,,,,,,,,,,,,,,,,,,
1/5/2024 7:45,0,697,,,,,,,,,,,,,,,,,,
1/5/2024 7:30,0.4,696,,,,,,,,,,,,,,,,,,
1/5/2024 7:15,1.4,694,,,,,,,,,,,,,,,,,,
1/5/2024 7:00,1.4,692,,,,,,,,,,,,,,,,,,
1/5/2024 6:45,1.4,691,,,,,,,,,,,,,,,,,,
1/5/2024 6:30,1,690,,,,,,,,,,,,,,,,,,
1/5/2024 6:15,0.6,689,,,,,,,,,,,,,,,,,,
1/5/2024 6:00,0.4,688,,,,,,,,,,,,,,,,,,
1/5/2024 5:45,0.6,687,,,,,,,,,,,,,,,,,,
1/5/2024 5:30,1,686,,,,,,,,,,,,,,,,,,
1/5/2024 5:15,1,685,,,,,,,,,,,,,,,,,,
1/5/2024 5:00,0,685,,,,,,,,,,,,,,,,,,
1/5/2024 4:45,0.4,684,,,,,,,,,,,,,,,,,,
1/5/2024 4:30,0.6,682,,,,,,,,,,,,,,,,,,
1/5/2024 4:15,1,682,,,,,,,,,,,,,,,,,,
1/5/2024 4:00,1.2,681,,,,,,,,,,,,,,,,,,
1/5/2024 3:45,0.8,679,,,,,,,,,,,,,,,,,,
1/5/2024 3:30,0.8,679,,,,,,,,,,,,,,,,,,
1/5/2024 3:15,0.4,678,,,,,,,,,,,,,,,,,,
1/5/2024 3:00,0.2,677,,,,,,,,,,,,,,,,,,
1/5/2024 2:45,0.4,676,,,,,,,,,,,,,,,,,,
1/5/2024 2:30,0,675,,,,,,,,,,,,,,,,,,
1/5/2024 2:15,0.4,675,,,,,,,,,,,,,,,,,,
1/5/2024 2:00,0.2,674,,,,,,,,,,,,,,,,,,
1/5/2024 1:45,0.4,673,,,,,,,,,,,,,,,,,,
1/5/2024 1:30,0.4,672,,,,,,,,,,,,,,,,,,
1/5/2024 1:15,0.2,671,,,,,,,,,,,,,,,,,,
1/5/2024 1:00,0,671,,,,,,,,,,,,,,,,,,
1/5/2024 0:45,0,670,,,,,,,,,,,,,,,,,,
1/5/2024 0:30,0,669,,,,,,,,,,,,,,,,,,
1/5/2024 0:15,0,669,,,,,,,,,,,,,,,,,,
1/5/2024 0:00,0.2,668,,,,,,,,,,,,,,,,,,
30/04/2024 23:45:00,0,668,,,,,,,,,,,,,,,,,,
30/04/2024 23:30:00,0,666,,,,,,,,,,,,,,,,,,
30/04/2024 23:15:00,0.2,665,,,,,,,,,,,,,,,,,,
30/04/2024 23:00:00,0.2,664,,,,,,,,,,,,,,,,,,
30/04/2024 22:45:00,0,664,,,,,,,,,,,,,,,,,,
30/04/2024 22:30:00,0,663,,,,,,,,,,,,,,,,,,
30/04/2024 22:15:00,0,662,,,,,,,,,,,,,,,,,,
30/04/2024 22:00:00,0,661,,,,,,,,,,,,,,,,,,
30/04/2024 21:45:00,0,660,,,,,,,,,,,,,,,,,,
30/04/2024 21:30:00,0,660,,,,,,,,,,,,,,,,,,
30/04/2024 21:15:00,0,658,,,,,,,,,,,,,,,,,,
30/04/2024 21:00:00,0,657,,,,,,,,,,,,,,,,,,
30/04/2024 20:45:00,0.2,656,,,,,,,,,,,,,,,,,,
30/04/2024 20:30:00,0,655,,,,,,,,,,,,,,,,,,
30/04/2024 20:15:00,0.6,655,,,,,,,,,,,,,,,,,,
30/04/2024 20:00:00,0.4,655,,,,,,,,,,,,,,,,,,
30/04/2024 19:45:00,0.4,653,,,,,,,,,,,,,,,,,,
30/04/2024 19:30:00,0.8,652,,,,,,,,,,,,,,,,,,
30/04/2024 19:15:00,1.4,651,,,,,,,,,,,,,,,,,,
30/04/2024 19:00:00,2,650,,,,,,,,,,,,,,,,,,
30/04/2024 18:45:00,3.4,647,,,,,,,,,,,,,,,,,,
30/04/2024 18:30:00,7.8,646,,,,,,,,,,,,,,,,,,
30/04/2024 18:15:00,1.8,644,,,,,,,,,,,,,,,,,,
30/04/2024 18:00:00,1.8,642,,,,,,,,,,,,,,,,,,
30/04/2024 17:45:00,1,642,,,,,,,,,,,,,,,,,,
30/04/2024 17:30:00,0.8,642,,,,,,,,,,,,,,,,,,
30/04/2024 17:15:00,1,641,,,,,,,,,,,,,,,,,,
30/04/2024 17:00:00,0.8,640,,,,,,,,,,,,,,,,,,
30/04/2024 16:45:00,0.2,639,,,,,,,,,,,,,,,,,,
30/04/2024 16:30:00,1.4,639,,,,,,,,,,,,,,,,,,
30/04/2024 16:15:00,1,638,,,,,,,,,,,,,,,,,,
30/04/2024 16:00:00,0.4,637,,,,,,,,,,,,,,,,,,
30/04/2024 15:45:00,1,637,,,,,,,,,,,,,,,,,,
30/04/2024 15:30:00,1,636,,,,,,,,,,,,,,,,,,
30/04/2024 15:15:00,0.8,634,,,,,,,,,,,,,,,,,,
30/04/2024 15:00:00,1.4,634,,,,,,,,,,,,,,,,,,
30/04/2024 14:45:00,2,633,,,,,,,,,,,,,,,,,,
30/04/2024 14:30:00,0.8,633,,,,,,,,,,,,,,,,,,
30/04/2024 14:15:00,1,632,,,,,,,,,,,,,,,,,,
30/04/2024 14:00:00,1.6,632,,,,,,,,,,,,,,,,,,
30/04/2024 13:45:00,1,630,,,,,,,,,,,,,,,,,,
30/04/2024 13:30:00,1.2,630,,,,,,,,,,,,,,,,,,
30/04/2024 13:15:00,0.8,629,,,,,,,,,,,,,,,,,,
30/04/2024 13:00:00,1.2,628,,,,,,,,,,,,,,,,,,
30/04/2024 12:45:00,1.4,627,,,,,,,,,,,,,,,,,,
30/04/2024 12:30:00,1,626,,,,,,,,,,,,,,,,,,
30/04/2024 12:15:00,1.2,625,,,,,,,,,,,,,,,,,,
30/04/2024 12:00:00,1,625,,,,,,,,,,,,,,,,,,
30/04/2024 11:45:00,0.8,624,,,,,,,,,,,,,,,,,,
30/04/2024 11:30:00,0.6,623,,,,,,,,,,,,,,,,,,
30/04/2024 11:15:00,1,622,,,,,,,,,,,,,,,,,,
30/04/2024 11:00:00,0.8,621,,,,,,,,,,,,,,,,,,
30/04/2024 10:45:00,0.4,621,,,,,,,,,,,,,,,,,,
30/04/2024 10:30:00,0.6,620,,,,,,,,,,,,,,,,,,
30/04/2024 10:15:00,0.8,620,,,,,,,,,,,,,,,,,,
30/04/2024 10:00:00,0.6,620,,,,,,,,,,,,,,,,,,
30/04/2024 09:45:00,0.4,619,,,,,,,,,,,,,,,,,,
30/04/2024 09:30:00,0.6,617,,,,,,,,,,,,,,,,,,
30/04/2024 09:15:00,0.4,617,,,,,,,,,,,,,,,,,,
30/04/2024 09:00:00,1,617,,,,,,,,,,,,,,,,,,
30/04/2024 08:45:00,2.2,615,,,,,,,,,,,,,,,,,,
30/04/2024 08:30:00,1.6,614,,,,,,,,,,,,,,,,,,
30/04/2024 08:15:00,2,612,,,,,,,,,,,,,,,,,,
30/04/2024 08:00:00,1.6,613,,,,,,,,,,,,,,,,,,
30/04/2024 07:45:00,1,612,,,,,,,,,,,,,,,,,,
30/04/2024 07:30:00,1.4,611,,,,,,,,,,,,,,,,,,
30/04/2024 07:15:00,1.2,610,,,,,,,,,,,,,,,,,,
30/04/2024 07:00:00,0.8,610,,,,,,,,,,,,,,,,,,
30/04/2024 06:45:00,0.8,609,,,,,,,,,,,,,,,,,,
30/04/2024 06:30:00,0.8,608,,,,,,,,,,,,,,,,,,
30/04/2024 06:15:00,1.4,607,,,,,,,,,,,,,,,,,,
30/04/2024 06:00:00,1.8,606,,,,,,,,,,,,,,,,,,
30/04/2024 05:45:00,0.8,605,,,,,,,,,,,,,,,,,,
30/04/2024 05:30:00,1.2,604,,,,,,,,,,,,,,,,,,
30/04/2024 05:15:00,1.6,603,,,,,,,,,,,,,,,,,,
30/04/2024 05:00:00,0.8,602,,,,,,,,,,,,,,,,,,
30/04/2024 04:45:00,1.2,601,,,,,,,,,,,,,,,,,,
30/04/2024 04:30:00,0.4,601,,,,,,,,,,,,,,,,,,
30/04/2024 04:15:00,0.6,601,,,,,,,,,,,,,,,,,,
30/04/2024 04:00:00,0.6,600,,,,,,,,,,,,,,,,,,
30/04/2024 03:45:00,1,600,,,,,,,,,,,,,,,,,,
30/04/2024 03:30:00,1.6,599,,,,,,,,,,,,,,,,,,
30/04/2024 03:15:00,2.8,596,,,,,,,,,,,,,,,,,,
30/04/2024 03:00:00,5.6,593,,,,,,,,,,,,,,,,,,
30/04/2024 02:45:00,11,590,,,,,,,,,,,,,,,,,,
30/04/2024 02:30:00,1,589,,,,,,,,,,,,,,,,,,
30/04/2024 02:15:00,0,589,,,,,,,,,,,,,,,,,,
30/04/2024 02:00:00,0,588,,,,,,,,,,,,,,,,,,
30/04/2024 01:45:00,0,588,,,,,,,,,,,,,,,,,,
30/04/2024 01:30:00,0,588,,,,,,,,,,,,,,,,,,
30/04/2024 01:15:00,0,587,,,,,,,,,,,,,,,,,,
30/04/2024 01:00:00,0,587,,,,,,,,,,,,,,,,,,
30/04/2024 00:45:00,0,586,,,,,,,,,,,,,,,,,,
30/04/2024 00:30:00,0,586,,,,,,,,,,,,,,,,,,
30/04/2024 00:15:00,0,585,,,,,,,,,,,,,,,,,,
30/04/2024 00:00:00,0,585,,,,,,,,,,,,,,,,,,
29/04/2024 23:45:00,0,584,,,,,,,,,,,,,,,,,,
29/04/2024 23:30:00,0,584,,,,,,,,,,,,,,,,,,
29/04/2024 23:15:00,0,584,,,,,,,,,,,,,,,,,,
29/04/2024 23:00:00,0,583,,,,,,,,,,,,,,,,,,
29/04/2024 22:45:00,0,583,,,,,,,,,,,,,,,,,,
29/04/2024 22:30:00,0,582,,,,,,,,,,,,,,,,,,
29/04/2024 22:15:00,0,582,,,,,,,,,,,,,,,,,,
29/04/2024 22:00:00,0,582,,,,,,,,,,,,,,,,,,
29/04/2024 21:45:00,0,581,,,,,,,,,,,,,,,,,,
29/04/2024 21:30:00,0,581,,,,,,,,,,,,,,,,,,
29/04/2024 21:15:00,0,580,,,,,,,,,,,,,,,,,,
29/04/2024 21:00:00,0,580,,,,,,,,,,,,,,,,,,
29/04/2024 20:45:00,0.2,579,,,,,,,,,,,,,,,,,,
29/04/2024 20:30:00,0,578,,,,,,,,,,,,,,,,,,
29/04/2024 20:15:00,0.8,578,,,,,,,,,,,,,,,,,,
29/04/2024 20:00:00,1,577,,,,,,,,,,,,,,,,,,
29/04/2024 19:45:00,1,576,,,,,,,,,,,,,,,,,,
29/04/2024 19:30:00,1,575,,,,,,,,,,,,,,,,,,
29/04/2024 19:15:00,0.6,574,,,,,,,,,,,,,,,,,,
29/04/2024 19:00:00,0.4,575,,,,,,,,,,,,,,,,,,
29/04/2024 18:45:00,0.6,573,,,,,,,,,,,,,,,,,,
29/04/2024 18:30:00,0.2,574,,,,,,,,,,,,,,,,,,
29/04/2024 18:15:00,0.4,572,,,,,,,,,,,,,,,,,,
29/04/2024 18:00:00,0.8,572,,,,,,,,,,,,,,,,,,
29/04/2024 17:45:00,2,569,,,,,,,,,,,,,,,,,,
29/04/2024 17:30:00,1.6,569,,,,,,,,,,,,,,,,,,
29/04/2024 17:15:00,4.4,566,,,,,,,,,,,,,,,,,,
29/04/2024 17:00:00,2.2,565,,,,,,,,,,,,,,,,,,
29/04/2024 16:45:00,0,565,,,,,,,,,,,,,,,,,,
29/04/2024 16:30:00,0.2,563,,,,,,,,,,,,,,,,,,
29/04/2024 16:15:00,4,562,,,,,,,,,,,,,,,,,,
29/04/2024 16:00:00,0.2,562,,,,,,,,,,,,,,,,,,
29/04/2024 15:45:00,1,562,,,,,,,,,,,,,,,,,,
29/04/2024 15:30:00,1,560,,,,,,,,,,,,,,,,,,
29/04/2024 15:15:00,2.2,560,,,,,,,,,,,,,,,,,,
29/04/2024 15:00:00,2.4,559,,,,,,,,,,,,,,,,,,
29/04/2024 14:45:00,0.8,558,,,,,,,,,,,,,,,,,,
29/04/2024 14:30:00,2,558,,,,,,,,,,,,,,,,,,
29/04/2024 14:15:00,1.2,556,,,,,,,,,,,,,,,,,,
29/04/2024 14:00:00,0.8,557,,,,,,,,,,,,,,,,,,
29/04/2024 13:45:00,0.8,556,,,,,,,,,,,,,,,,,,
29/04/2024 13:30:00,2,556,,,,,,,,,,,,,,,,,,
29/04/2024 13:15:00,1.8,554,,,,,,,,,,,,,,,,,,
29/04/2024 13:00:00,0.2,554,,,,,,,,,,,,,,,,,,
29/04/2024 12:45:00,0,555,,,,,,,,,,,,,,,,,,
29/04/2024 12:30:00,0,555,,,,,,,,,,,,,,,,,,
29/04/2024 12:15:00,0,555,,,,,,,,,,,,,,,,,,
29/04/2024 12:00:00,0,555,,,,,,,,,,,,,,,,,,
29/04/2024 11:45:00,0,554,,,,,,,,,,,,,,,,,,
29/04/2024 11:30:00,0,554,,,,,,,,,,,,,,,,,,
29/04/2024 11:15:00,0,554,,,,,,,,,,,,,,,,,,
29/04/2024 11:00:00,0,554,,,,,,,,,,,,,,,,,,
29/04/2024 10:45:00,0,553,,,,,,,,,,,,,,,,,,
29/04/2024 10:30:00,0,553,,,,,,,,,,,,,,,,,,
29/04/2024 10:15:00,0,553,,,,,,,,,,,,,,,,,,
29/04/2024 10:00:00,0,553,,,,,,,,,,,,,,,,,,
29/04/2024 09:45:00,0,553,,,,,,,,,,,,,,,,,,
29/04/2024 09:30:00,0,553,,,,,,,,,,,,,,,,,,
29/04/2024 09:15:00,0.6,551,,,,,,,,,,,,,,,,,,
29/04/2024 09:00:00,13.4,549,,,,,,,,,,,,,,,,,,
29/04/2024 08:45:00,0,547,,,,,,,,,,,,,,,,,,
29/04/2024 08:30:00,0,547,,,,,,,,,,,,,,,,,,
29/04/2024 08:15:00,0,547,,,,,,,,,,,,,,,,,,
29/04/2024 08:00:00,0,547,,,,,,,,,,,,,,,,,,
29/04/2024 07:45:00,0,547,,,,,,,,,,,,,,,,,,
29/04/2024 07:30:00,0,547,,,,,,,,,,,,,,,,,,
29/04/2024 07:15:00,0,547,,,,,,,,,,,,,,,,,,
29/04/2024 07:00:00,0,546,,,,,,,,,,,,,,,,,,
29/04/2024 06:45:00,0,546,,,,,,,,,,,,,,,,,,
29/04/2024 06:30:00,0.2,546,,,,,,,,,,,,,,,,,,
29/04/2024 06:15:00,0,546,,,,,,,,,,,,,,,,,,
29/04/2024 06:00:00,0,546,,,,,,,,,,,,,,,,,,
29/04/2024 05:45:00,0,546,,,,,,,,,,,,,,,,,,
29/04/2024 05:30:00,0,546,,,,,,,,,,,,,,,,,,
29/04/2024 05:15:00,0,545,,,,,,,,,,,,,,,,,,
29/04/2024 05:00:00,0,545,,,,,,,,,,,,,,,,,,
29/04/2024 04:45:00,0,545,,,,,,,,,,,,,,,,,,
29/04/2024 04:30:00,0,544,,,,,,,,,,,,,,,,,,
29/04/2024 04:15:00,0,544,,,,,,,,,,,,,,,,,,
29/04/2024 04:00:00,0,544,,,,,,,,,,,,,,,,,,
29/04/2024 03:45:00,0,544,,,,,,,,,,,,,,,,,,
29/04/2024 03:30:00,0,544,,,,,,,,,,,,,,,,,,
29/04/2024 03:15:00,0,543,,,,,,,,,,,,,,,,,,
29/04/2024 03:00:00,0,543,,,,,,,,,,,,,,,,,,
29/04/2024 02:45:00,0,543,,,,,,,,,,,,,,,,,,
29/04/2024 02:30:00,0,543,,,,,,,,,,,,,,,,,,
29/04/2024 02:15:00,0,542,,,,,,,,,,,,,,,,,,
29/04/2024 02:00:00,0,542,,,,,,,,,,,,,,,,,,
29/04/2024 01:45:00,0,542,,,,,,,,,,,,,,,,,,
29/04/2024 01:30:00,0,542,,,,,,,,,,,,,,,,,,
29/04/2024 01:15:00,0,541,,,,,,,,,,,,,,,,,,
29/04/2024 01:00:00,0,541,,,,,,,,,,,,,,,,,,
29/04/2024 00:45:00,0,541,,,,,,,,,,,,,,,,,,
29/04/2024 00:30:00,0,540,,,,,,,,,,,,,,,,,,
29/04/2024 00:15:00,0,540,,,,,,,,,,,,,,,,,,
29/04/2024 00:00:00,0,539,,,,,,,,,,,,,,,,,,
28/04/2024 23:45:00,0,539,,,,,,,,,,,,,,,,,,
28/04/2024 23:30:00,0,538,,,,,,,,,,,,,,,,,,
28/04/2024 23:15:00,0,538,,,,,,,,,,,,,,,,,,
28/04/2024 23:00:00,0,538,,,,,,,,,,,,,,,,,,
28/04/2024 22:45:00,0,537,,,,,,,,,,,,,,,,,,
28/04/2024 22:30:00,0,537,,,,,,,,,,,,,,,,,,
28/04/2024 22:15:00,0,536,,,,,,,,,,,,,,,,,,
28/04/2024 22:00:00,0,536,,,,,,,,,,,,,,,,,,
28/04/2024 21:45:00,0,536,,,,,,,,,,,,,,,,,,
28/04/2024 21:30:00,0,535,,,,,,,,,,,,,,,,,,
28/04/2024 21:15:00,0,534,,,,,,,,,,,,,,,,,,
28/04/2024 21:00:00,0,534,,,,,,,,,,,,,,,,,,
28/04/2024 20:45:00,0,533,,,,,,,,,,,,,,,,,,
28/04/2024 20:30:00,0.2,533,,,,,,,,,,,,,,,,,,
28/04/2024 20:15:00,0,532,,,,,,,,,,,,,,,,,,
28/04/2024 20:00:00,0,531,,,,,,,,,,,,,,,,,,
28/04/2024 19:45:00,0,531,,,,,,,,,,,,,,,,,,
28/04/2024 19:30:00,0,530,,,,,,,,,,,,,,,,,,
28/04/2024 19:15:00,0,529,,,,,,,,,,,,,,,,,,
28/04/2024 19:00:00,0,528,,,,,,,,,,,,,,,,,,
28/04/2024 18:45:00,0,528,,,,,,,,,,,,,,,,,,
28/04/2024 18:30:00,0,527,,,,,,,,,,,,,,,,,,
28/04/2024 18:15:00,0,527,,,,,,,,,,,,,,,,,,
28/04/2024 18:00:00,0,526,,,,,,,,,,,,,,,,,,
28/04/2024 17:45:00,0,526,,,,,,,,,,,,,,,,,,
28/04/2024 17:30:00,0,526,,,,,,,,,,,,,,,,,,
28/04/2024 17:15:00,0,525,,,,,,,,,,,,,,,,,,
28/04/2024 17:00:00,0,525,,,,,,,,,,,,,,,,,,
28/04/2024 16:45:00,0,524,,,,,,,,,,,,,,,,,,
28/04/2024 16:30:00,0,523,,,,,,,,,,,,,,,,,,
28/04/2024 16:15:00,0,523,,,,,,,,,,,,,,,,,,
28/04/2024 16:00:00,0,523,,,,,,,,,,,,,,,,,,
28/04/2024 15:45:00,0,522,,,,,,,,,,,,,,,,,,
28/04/2024 15:30:00,0,522,,,,,,,,,,,,,,,,,,
28/04/2024 15:15:00,0,520,,,,,,,,,,,,,,,,,,
28/04/2024 15:00:00,0,521,,,,,,,,,,,,,,,,,,
28/04/2024 14:45:00,0,520,,,,,,,,,,,,,,,,,,
28/04/2024 14:30:00,0,519,,,,,,,,,,,,,,,,,,
28/04/2024 14:15:00,0,518,,,,,,,,,,,,,,,,,,
28/04/2024 14:00:00,0,518,,,,,,,,,,,,,,,,,,
28/04/2024 13:45:00,0,517,,,,,,,,,,,,,,,,,,
28/04/2024 13:30:00,0,516,,,,,,,,,,,,,,,,,,
28/04/2024 13:15:00,0,515,,,,,,,,,,,,,,,,,,
28/04/2024 13:00:00,0,514,,,,,,,,,,,,,,,,,,
28/04/2024 12:45:00,0,514,,,,,,,,,,,,,,,,,,
28/04/2024 12:30:00,0,513,,,,,,,,,,,,,,,,,,
28/04/2024 12:15:00,0,511,,,,,,,,,,,,,,,,,,
28/04/2024 12:00:00,0,511,,,,,,,,,,,,,,,,,,
28/04/2024 11:45:00,0,510,,,,,,,,,,,,,,,,,,
28/04/2024 11:30:00,0,509,,,,,,,,,,,,,,,,,,
28/04/2024 11:15:00,0,507,,,,,,,,,,,,,,,,,,
28/04/2024 11:00:00,0,507,,,,,,,,,,,,,,,,,,
28/04/2024 10:45:00,0,504,,,,,,,,,,,,,,,,,,
28/04/2024 10:30:00,0,504,,,,,,,,,,,,,,,,,,
28/04/2024 10:15:00,0,502,,,,,,,,,,,,,,,,,,
28/04/2024 10:00:00,0,501,,,,,,,,,,,,,,,,,,
28/04/2024 09:45:00,0,499,,,,,,,,,,,,,,,,,,
28/04/2024 09:30:00,0,497,,,,,,,,,,,,,,,,,,
28/04/2024 09:15:00,0,496,,,,,,,,,,,,,,,,,,
28/04/2024 09:00:00,0,494,,,,,,,,,,,,,,,,,,
28/04/2024 08:45:00,0,492,,,,,,,,,,,,,,,,,,
28/04/2024 08:30:00,0,489,,,,,,,,,,,,,,,,,,
28/04/2024 08:15:00,0,488,,,,,,,,,,,,,,,,,,
28/04/2024 08:00:00,0,486,,,,,,,,,,,,,,,,,,
28/04/2024 07:45:00,0,484,,,,,,,,,,,,,,,,,,
28/04/2024 07:30:00,0,482,,,,,,,,,,,,,,,,,,
28/04/2024 07:15:00,0,479,,,,,,,,,,,,,,,,,,
28/04/2024 07:00:00,0,476,,,,,,,,,,,,,,,,,,
28/04/2024 06:45:00,0,473,,,,,,,,,,,,,,,,,,
28/04/2024 06:30:00,0,471,,,,,,,,,,,,,,,,,,
28/04/2024 06:15:00,0,467,,,,,,,,,,,,,,,,,,
28/04/2024 06:00:00,0,464,,,,,,,,,,,,,,,,,,
28/04/2024 05:45:00,0,460,,,,,,,,,,,,,,,,,,
28/04/2024 05:30:00,0,457,,,,,,,,,,,,,,,,,,
28/04/2024 05:15:00,0,453,,,,,,,,,,,,,,,,,,
28/04/2024 05:00:00,0,449,,,,,,,,,,,,,,,,,,
28/04/2024 04:45:00,0,445,,,,,,,,,,,,,,,,,,
28/04/2024 04:30:00,0,440,,,,,,,,,,,,,,,,,,
28/04/2024 04:15:00,0,436,,,,,,,,,,,,,,,,,,
28/04/2024 04:00:00,0,431,,,,,,,,,,,,,,,,,,
28/04/2024 03:45:00,0,426,,,,,,,,,,,,,,,,,,
28/04/2024 03:30:00,0,422,,,,,,,,,,,,,,,,,,
28/04/2024 03:15:00,0,416,,,,,,,,,,,,,,,,,,
28/04/2024 03:00:00,0,411,,,,,,,,,,,,,,,,,,
28/04/2024 02:45:00,0,406,,,,,,,,,,,,,,,,,,
28/04/2024 02:30:00,0,401,,,,,,,,,,,,,,,,,,
28/04/2024 02:15:00,0,396,,,,,,,,,,,,,,,,,,
28/04/2024 02:00:00,0,391,,,,,,,,,,,,,,,,,,
28/04/2024 01:45:00,0,385,,,,,,,,,,,,,,,,,,
28/04/2024 01:30:00,0,381,,,,,,,,,,,,,,,,,,
28/04/2024 01:15:00,0,376,,,,,,,,,,,,,,,,,,
28/04/2024 01:00:00,0,371,,,,,,,,,,,,,,,,,,
28/04/2024 00:45:00,0,367,,,,,,,,,,,,,,,,,,
28/04/2024 00:30:00,0,362,,,,,,,,,,,,,,,,,,
28/04/2024 00:15:00,0.2,357,,,,,,,,,,,,,,,,,,
28/04/2024 00:00:00,0.4,353,,,,,,,,,,,,,,,,,,
27/04/2024 23:45:00,0,349,,,,,,,,,,,,,,,,,,
27/04/2024 23:30:00,0,345,,,,,,,,,,,,,,,,,,
27/04/2024 23:15:00,0.2,340,,,,,,,,,,,,,,,,,,
27/04/2024 23:00:00,0.6,337,,,,,,,,,,,,,,,,,,
27/04/2024 22:45:00,1,331,,,,,,,,,,,,,,,,,,
27/04/2024 22:30:00,0.8,328,,,,,,,,,,,,,,,,,,
27/04/2024 22:15:00,0.6,323,,,,,,,,,,,,,,,,,,
27/04/2024 22:00:00,0.4,318,,,,,,,,,,,,,,,,,,
27/04/2024 21:45:00,0,313,,,,,,,,,,,,,,,,,,
27/04/2024 21:30:00,1,308,,,,,,,,,,,,,,,,,,
27/04/2024 21:15:00,4.8,301,,,,,,,,,,,,,,,,,,
27/04/2024 21:00:00,1,296,,,,,,,,,,,,,,,,,,
27/04/2024 20:45:00,0,291,,,,,,,,,,,,,,,,,,
27/04/2024 20:30:00,0.4,286,,,,,,,,,,,,,,,,,,
27/04/2024 20:15:00,1.6,279,,,,,,,,,,,,,,,,,,
27/04/2024 20:00:00,1,274,,,,,,,,,,,,,,,,,,
27/04/2024 19:45:00,3,267,,,,,,,,,,,,,,,,,,
27/04/2024 19:30:00,5.8,260,,,,,,,,,,,,,,,,,,
27/04/2024 19:15:00,0.8,253,,,,,,,,,,,,,,,,,,
27/04/2024 19:00:00,7.8,245,,,,,,,,,,,,,,,,,,
27/04/2024 18:45:00,18.6,237,,,,,,,,,,,,,,,,,,
27/04/2024 18:30:00,2.8,231,,,,,,,,,,,,,,,,,,
27/04/2024 18:15:00,0,231,,,,,,,,,,,,,,,,,,
27/04/2024 18:00:00,3.2,228,,,,,,,,,,,,,,,,,,
27/04/2024 17:45:00,19,226,,,,,,,,,,,,,,,,,,
27/04/2024 17:30:00,0,225,,,,,,,,,,,,,,,,,,
27/04/2024 17:15:00,0,225,,,,,,,,,,,,,,,,,,
27/04/2024 17:00:00,0,225,,,,,,,,,,,,,,,,,,
27/04/2024 16:45:00,0,225,,,,,,,,,,,,,,,,,,
27/04/2024 16:30:00,0,226,,,,,,,,,,,,,,,,,,
27/04/2024 16:15:00,0.4,226,,,,,,,,,,,,,,,,,,
27/04/2024 16:00:00,0,226,,,,,,,,,,,,,,,,,,
27/04/2024 15:45:00,0,226,,,,,,,,,,,,,,,,,,
27/04/2024 15:30:00,0,227,,,,,,,,,,,,,,,,,,
27/04/2024 15:15:00,0,227,,,,,,,,,,,,,,,,,,
27/04/2024 15:00:00,0,227,,,,,,,,,,,,,,,,,,
27/04/2024 14:45:00,0,227,,,,,,,,,,,,,,,,,,
27/04/2024 14:30:00,0,228,,,,,,,,,,,,,,,,,,
27/04/2024 14:15:00,0,228,,,,,,,,,,,,,,,,,,
27/04/2024 14:00:00,0,228,,,,,,,,,,,,,,,,,,
27/04/2024 13:45:00,0,228,,,,,,,,,,,,,,,,,,
27/04/2024 13:30:00,0,228,,,,,,,,,,,,,,,,,,
27/04/2024 13:15:00,0,228,,,,,,,,,,,,,,,,,,
27/04/2024 13:00:00,0,228,,,,,,,,,,,,,,,,,,
27/04/2024 12:45:00,0,229,,,,,,,,,,,,,,,,,,
27/04/2024 12:30:00,0,229,,,,,,,,,,,,,,,,,,
27/04/2024 12:15:00,0,229,,,,,,,,,,,,,,,,,,
27/04/2024 12:00:00,0,229,,,,,,,,,,,,,,,,,,
27/04/2024 11:45:00,0,229,,,,,,,,,,,,,,,,,,
27/04/2024 11:30:00,0,229,,,,,,,,,,,,,,,,,,
27/04/2024 11:15:00,0,229,,,,,,,,,,,,,,,,,,
27/04/2024 11:00:00,0,228,,,,,,,,,,,,,,,,,,
27/04/2024 10:45:00,0,229,,,,,,,,,,,,,,,,,,
27/04/2024 10:30:00,0,229,,,,,,,,,,,,,,,,,,
27/04/2024 10:15:00,0,229,,,,,,,,,,,,,,,,,,
27/04/2024 10:00:00,0,229,,,,,,,,,,,,,,,,,,
27/04/2024 09:45:00,0,229,,,,,,,,,,,,,,,,,,
27/04/2024 09:30:00,0,229,,,,,,,,,,,,,,,,,,
27/04/2024 09:15:00,0,229,,,,,,,,,,,,,,,,,,
27/04/2024 09:00:00,0,229,,,,,,,,,,,,,,,,,,
27/04/2024 08:45:00,0,229,,,,,,,,,,,,,,,,,,
27/04/2024 08:30:00,0,229,,,,,,,,,,,,,,,,,,
27/04/2024 08:15:00,0,230,,,,,,,,,,,,,,,,,,
27/04/2024 08:00:00,0,229,,,,,,,,,,,,,,,,,,
27/04/2024 07:45:00,0,230,,,,,,,,,,,,,,,,,,
27/04/2024 07:30:00,0,230,,,,,,,,,,,,,,,,,,
27/04/2024 07:15:00,0,229,,,,,,,,,,,,,,,,,,
27/04/2024 07:00:00,0,230,,,,,,,,,,,,,,,,,,
27/04/2024 06:45:00,0,230,,,,,,,,,,,,,,,,,,
27/04/2024 06:30:00,0,230,,,,,,,,,,,,,,,,,,
27/04/2024 06:15:00,0,230,,,,,,,,,,,,,,,,,,
27/04/2024 06:00:00,0,230,,,,,,,,,,,,,,,,,,
27/04/2024 05:45:00,0,230,,,,,,,,,,,,,,,,,,
27/04/2024 05:30:00,0,230,,,,,,,,,,,,,,,,,,
27/04/2024 05:15:00,0,230,,,,,,,,,,,,,,,,,,
27/04/2024 05:00:00,0,230,,,,,,,,,,,,,,,,,,
27/04/2024 04:45:00,0,230,,,,,,,,,,,,,,,,,,
27/04/2024 04:30:00,0,230,,,,,,,,,,,,,,,,,,
27/04/2024 04:15:00,0,230,,,,,,,,,,,,,,,,,,
27/04/2024 04:00:00,0,230,,,,,,,,,,,,,,,,,,
27/04/2024 03:45:00,0,230,,,,,,,,,,,,,,,,,,
27/04/2024 03:30:00,0,230,,,,,,,,,,,,,,,,,,
27/04/2024 03:15:00,0,230,,,,,,,,,,,,,,,,,,
27/04/2024 03:00:00,0,230,,,,,,,,,,,,,,,,,,
27/04/2024 02:45:00,0,230,,,,,,,,,,,,,,,,,,
27/04/2024 02:30:00,0,230,,,,,,,,,,,,,,,,,,
27/04/2024 02:15:00,0,230,,,,,,,,,,,,,,,,,,
27/04/2024 02:00:00,0,230,,,,,,,,,,,,,,,,,,
27/04/2024 01:45:00,0,230,,,,,,,,,,,,,,,,,,
27/04/2024 01:30:00,0,230,,,,,,,,,,,,,,,,,,
27/04/2024 01:15:00,0,231,,,,,,,,,,,,,,,,,,
27/04/2024 01:00:00,0,231,,,,,,,,,,,,,,,,,,
27/04/2024 00:45:00,0,231,,,,,,,,,,,,,,,,,,
27/04/2024 00:30:00,0,231,,,,,,,,,,,,,,,,,,
27/04/2024 00:15:00,0,231,,,,,,,,,,,,,,,,,,
27/04/2024 00:00:00,0,231,,,,,,,,,,,,,,,,,,
26/04/2024 23:45:00,0,231,,,,,,,,,,,,,,,,,,
26/04/2024 23:30:00,0,232,,,,,,,,,,,,,,,,,,
26/04/2024 23:15:00,0,232,,,,,,,,,,,,,,,,,,
26/04/2024 23:00:00,0,232,,,,,,,,,,,,,,,,,,
26/04/2024 22:45:00,0,233,,,,,,,,,,,,,,,,,,
26/04/2024 22:30:00,0,233,,,,,,,,,,,,,,,,,,
26/04/2024 22:15:00,0,233,,,,,,,,,,,,,,,,,,
26/04/2024 22:00:00,0,234,,,,,,,,,,,,,,,,,,
26/04/2024 21:45:00,0,234,,,,,,,,,,,,,,,,,,
26/04/2024 21:30:00,0,234,,,,,,,,,,,,,,,,,,
26/04/2024 21:15:00,0,234,,,,,,,,,,,,,,,,,,
26/04/2024 21:00:00,0,235,,,,,,,,,,,,,,,,,,
26/04/2024 20:45:00,0,235,,,,,,,,,,,,,,,,,,
26/04/2024 20:30:00,0,236,,,,,,,,,,,,,,,,,,
26/04/2024 20:15:00,0,236,,,,,,,,,,,,,,,,,,
26/04/2024 20:00:00,0,237,,,,,,,,,,,,,,,,,,
26/04/2024 19:45:00,0,237,,,,,,,,,,,,,,,,,,
26/04/2024 19:30:00,0,237,,,,,,,,,,,,,,,,,,
26/04/2024 19:15:00,0,238,,,,,,,,,,,,,,,,,,
26/04/2024 19:00:00,0,238,,,,,,,,,,,,,,,,,,
26/04/2024 18:45:00,0,239,,,,,,,,,,,,,,,,,,
26/04/2024 18:30:00,0,239,,,,,,,,,,,,,,,,,,
26/04/2024 18:15:00,0,240,,,,,,,,,,,,,,,,,,
26/04/2024 18:00:00,0,240,,,,,,,,,,,,,,,,,,
26/04/2024 17:45:00,0,240,,,,,,,,,,,,,,,,,,
26/04/2024 17:30:00,0,241,,,,,,,,,,,,,,,,,,
26/04/2024 17:15:00,0,242,,,,,,,,,,,,,,,,,,
26/04/2024 17:00:00,0,242,,,,,,,,,,,,,,,,,,
26/04/2024 16:45:00,0,242,,,,,,,,,,,,,,,,,,
26/04/2024 16:30:00,0,243,,,,,,,,,,,,,,,,,,
26/04/2024 16:15:00,0,243,,,,,,,,,,,,,,,,,,
26/04/2024 16:00:00,0,244,,,,,,,,,,,,,,,,,,
26/04/2024 15:45:00,0,244,,,,,,,,,,,,,,,,,,
26/04/2024 15:30:00,0,244,,,,,,,,,,,,,,,,,,
26/04/2024 15:15:00,0,245,,,,,,,,,,,,,,,,,,
26/04/2024 15:00:00,0,245,,,,,,,,,,,,,,,,,,
26/04/2024 14:45:00,0,246,,,,,,,,,,,,,,,,,,
26/04/2024 14:30:00,0,246,,,,,,,,,,,,,,,,,,
26/04/2024 14:15:00,0,247,,,,,,,,,,,,,,,,,,
26/04/2024 14:00:00,0,247,,,,,,,,,,,,,,,,,,
26/04/2024 13:45:00,0,247,,,,,,,,,,,,,,,,,,
26/04/2024 13:30:00,0,248,,,,,,,,,,,,,,,,,,
26/04/2024 13:15:00,0,248,,,,,,,,,,,,,,,,,,
26/04/2024 13:00:00,0,249,,,,,,,,,,,,,,,,,,
26/04/2024 12:45:00,0,249,,,,,,,,,,,,,,,,,,
26/04/2024 12:30:00,0,249,,,,,,,,,,,,,,,,,,
26/04/2024 12:15:00,0,250,,,,,,,,,,,,,,,,,,
26/04/2024 12:00:00,0,250,,,,,,,,,,,,,,,,,,
26/04/2024 11:45:00,0,250,,,,,,,,,,,,,,,,,,
26/04/2024 11:30:00,0.2,251,,,,,,,,,,,,,,,,,,
26/04/2024 11:15:00,0,251,,,,,,,,,,,,,,,,,,
26/04/2024 11:00:00,0,251,,,,,,,,,,,,,,,,,,
26/04/2024 10:45:00,0,251,,,,,,,,,,,,,,,,,,
26/04/2024 10:30:00,3.4,251,,,,,,,,,,,,,,,,,,
26/04/2024 10:15:00,0,251,,,,,,,,,,,,,,,,,,
26/04/2024 10:00:00,0,252,,,,,,,,,,,,,,,,,,
26/04/2024 09:45:00,0,252,,,,,,,,,,,,,,,,,,
26/04/2024 09:30:00,0,252,,,,,,,,,,,,,,,,,,
26/04/2024 09:15:00,0,253,,,,,,,,,,,,,,,,,,
26/04/2024 09:00:00,0,253,,,,,,,,,,,,,,,,,,
26/04/2024 08:45:00,0,253,,,,,,,,,,,,,,,,,,
26/04/2024 08:30:00,0,253,,,,,,,,,,,,,,,,,,
26/04/2024 08:15:00,0,253,,,,,,,,,,,,,,,,,,
26/04/2024 08:00:00,0,254,,,,,,,,,,,,,,,,,,
26/04/2024 07:45:00,0,254,,,,,,,,,,,,,,,,,,
26/04/2024 07:30:00,0,254,,,,,,,,,,,,,,,,,,
26/04/2024 07:15:00,0,255,,,,,,,,,,,,,,,,,,
26/04/2024 07:00:00,0,255,,,,,,,,,,,,,,,,,,
26/04/2024 06:45:00,0.4,255,,,,,,,,,,,,,,,,,,
26/04/2024 06:30:00,1.6,255,,,,,,,,,,,,,,,,,,
26/04/2024 06:15:00,0.2,256,,,,,,,,,,,,,,,,,,
26/04/2024 06:00:00,0.4,256,,,,,,,,,,,,,,,,,,
26/04/2024 05:45:00,0.4,257,,,,,,,,,,,,,,,,,,
26/04/2024 05:30:00,0.2,257,,,,,,,,,,,,,,,,,,
26/04/2024 05:15:00,0,258,,,,,,,,,,,,,,,,,,
26/04/2024 05:00:00,0,258,,,,,,,,,,,,,,,,,,
26/04/2024 04:45:00,0,258,,,,,,,,,,,,,,,,,,
26/04/2024 04:30:00,0,258,,,,,,,,,,,,,,,,,,
26/04/2024 04:15:00,0,259,,,,,,,,,,,,,,,,,,
26/04/2024 04:00:00,0,259,,,,,,,,,,,,,,,,,,
26/04/2024 03:45:00,0,259,,,,,,,,,,,,,,,,,,
26/04/2024 03:30:00,0,260,,,,,,,,,,,,,,,,,,
26/04/2024 03:15:00,0,260,,,,,,,,,,,,,,,,,,
26/04/2024 03:00:00,0,260,,,,,,,,,,,,,,,,,,
26/04/2024 02:45:00,0,261,,,,,,,,,,,,,,,,,,
26/04/2024 02:30:00,0,261,,,,,,,,,,,,,,,,,,
26/04/2024 02:15:00,0,262,,,,,,,,,,,,,,,,,,
26/04/2024 02:00:00,0,261,,,,,,,,,,,,,,,,,,
26/04/2024 01:45:00,0,262,,,,,,,,,,,,,,,,,,
26/04/2024 01:30:00,0,263,,,,,,,,,,,,,,,,,,
26/04/2024 01:15:00,0,263,,,,,,,,,,,,,,,,,,
26/04/2024 01:00:00,0,264,,,,,,,,,,,,,,,,,,
26/04/2024 00:45:00,0,264,,,,,,,,,,,,,,,,,,
26/04/2024 00:30:00,0,265,,,,,,,,,,,,,,,,,,
26/04/2024 00:15:00,0,265,,,,,,,,,,,,,,,,,,
26/04/2024 00:00:00,0,266,,,,,,,,,,,,,,,,,,
25/04/2024 23:45:00,0,266,,,,,,,,,,,,,,,,,,
25/04/2024 23:30:00,0,266,,,,,,,,,,,,,,,,,,
25/04/2024 23:15:00,0,266,,,,,,,,,,,,,,,,,,
25/04/2024 23:00:00,0,267,,,,,,,,,,,,,,,,,,
25/04/2024 22:45:00,0,268,,,,,,,,,,,,,,,,,,
25/04/2024 22:30:00,0,268,,,,,,,,,,,,,,,,,,
25/04/2024 22:15:00,0,268,,,,,,,,,,,,,,,,,,
25/04/2024 22:00:00,0,269,,,,,,,,,,,,,,,,,,
25/04/2024 21:45:00,0,270,,,,,,,,,,,,,,,,,,
25/04/2024 21:30:00,0,270,,,,,,,,,,,,,,,,,,
25/04/2024 21:15:00,0,271,,,,,,,,,,,,,,,,,,
25/04/2024 21:00:00,0,271,,,,,,,,,,,,,,,,,,
25/04/2024 20:45:00,0,272,,,,,,,,,,,,,,,,,,
25/04/2024 20:30:00,0,272,,,,,,,,,,,,,,,,,,
25/04/2024 20:15:00,0,273,,,,,,,,,,,,,,,,,,
25/04/2024 20:00:00,0,273,,,,,,,,,,,,,,,,,,
25/04/2024 19:45:00,0,274,,,,,,,,,,,,,,,,,,
25/04/2024 19:30:00,0,274,,,,,,,,,,,,,,,,,,
25/04/2024 19:15:00,0,274,,,,,,,,,,,,,,,,,,
25/04/2024 19:00:00,0,275,,,,,,,,,,,,,,,,,,
25/04/2024 18:45:00,0,275,,,,,,,,,,,,,,,,,,
25/04/2024 18:30:00,0,276,,,,,,,,,,,,,,,,,,
25/04/2024 18:15:00,0,276,,,,,,,,,,,,,,,,,,
25/04/2024 18:00:00,0,277,,,,,,,,,,,,,,,,,,
25/04/2024 17:45:00,0,277,,,,,,,,,,,,,,,,,,
25/04/2024 17:30:00,0,278,,,,,,,,,,,,,,,,,,
25/04/2024 17:15:00,0,278,,,,,,,,,,,,,,,,,,
25/04/2024 17:00:00,0,278,,,,,,,,,,,,,,,,,,
25/04/2024 16:45:00,0,279,,,,,,,,,,,,,,,,,,
25/04/2024 16:30:00,0,279,,,,,,,,,,,,,,,,,,
25/04/2024 16:15:00,0,279,,,,,,,,,,,,,,,,,,
25/04/2024 16:00:00,0,280,,,,,,,,,,,,,,,,,,
25/04/2024 15:45:00,0,280,,,,,,,,,,,,,,,,,,
25/04/2024 15:30:00,0,280,,,,,,,,,,,,,,,,,,
25/04/2024 15:15:00,0,281,,,,,,,,,,,,,,,,,,
25/04/2024 15:00:00,0,281,,,,,,,,,,,,,,,,,,
25/04/2024 14:45:00,0,282,,,,,,,,,,,,,,,,,,
25/04/2024 14:30:00,0,282,,,,,,,,,,,,,,,,,,
25/04/2024 14:15:00,0,282,,,,,,,,,,,,,,,,,,
25/04/2024 14:00:00,0,282,,,,,,,,,,,,,,,,,,
25/04/2024 13:45:00,0,283,,,,,,,,,,,,,,,,,,
25/04/2024 13:30:00,0,283,,,,,,,,,,,,,,,,,,
25/04/2024 13:15:00,0,283,,,,,,,,,,,,,,,,,,
25/04/2024 13:00:00,0,284,,,,,,,,,,,,,,,,,,
25/04/2024 12:45:00,0,284,,,,,,,,,,,,,,,,,,
25/04/2024 12:30:00,0,284,,,,,,,,,,,,,,,,,,
25/04/2024 12:15:00,0,285,,,,,,,,,,,,,,,,,,
25/04/2024 12:00:00,0,285,,,,,,,,,,,,,,,,,,
25/04/2024 11:45:00,0,285,,,,,,,,,,,,,,,,,,
25/04/2024 11:30:00,0,285,,,,,,,,,,,,,,,,,,
25/04/2024 11:15:00,0,285,,,,,,,,,,,,,,,,,,
25/04/2024 11:00:00,0,285,,,,,,,,,,,,,,,,,,
25/04/2024 10:45:00,0,285,,,,,,,,,,,,,,,,,,
25/04/2024 10:30:00,0,285,,,,,,,,,,,,,,,,,,
25/04/2024 10:15:00,0,284,,,,,,,,,,,,,,,,,,
25/04/2024 10:00:00,0,285,,,,,,,,,,,,,,,,,,
25/04/2024 09:45:00,0,285,,,,,,,,,,,,,,,,,,
25/04/2024 09:30:00,0,285,,,,,,,,,,,,,,,,,,
25/04/2024 09:15:00,0,285,,,,,,,,,,,,,,,,,,
25/04/2024 09:00:00,0,285,,,,,,,,,,,,,,,,,,
25/04/2024 08:45:00,0,285,,,,,,,,,,,,,,,,,,
25/04/2024 08:30:00,0,285,,,,,,,,,,,,,,,,,,
25/04/2024 08:15:00,0,285,,,,,,,,,,,,,,,,,,
25/04/2024 08:00:00,0,285,,,,,,,,,,,,,,,,,,
25/04/2024 07:45:00,0,285,,,,,,,,,,,,,,,,,,
25/04/2024 07:30:00,0,285,,,,,,,,,,,,,,,,,,
25/04/2024 07:15:00,0,285,,,,,,,,,,,,,,,,,,
25/04/2024 07:00:00,0,285,,,,,,,,,,,,,,,,,,
25/04/2024 06:45:00,0,285,,,,,,,,,,,,,,,,,,
25/04/2024 06:30:00,0,285,,,,,,,,,,,,,,,,,,
25/04/2024 06:15:00,0,284,,,,,,,,,,,,,,,,,,
25/04/2024 06:00:00,0,285,,,,,,,,,,,,,,,,,,
25/04/2024 05:45:00,0,284,,,,,,,,,,,,,,,,,,
25/04/2024 05:30:00,0,284,,,,,,,,,,,,,,,,,,
25/04/2024 05:15:00,0,284,,,,,,,,,,,,,,,,,,
25/04/2024 05:00:00,0,284,,,,,,,,,,,,,,,,,,
25/04/2024 04:45:00,0,284,,,,,,,,,,,,,,,,,,
25/04/2024 04:30:00,0,283,,,,,,,,,,,,,,,,,,
25/04/2024 04:15:00,0,283,,,,,,,,,,,,,,,,,,
25/04/2024 04:00:00,0,283,,,,,,,,,,,,,,,,,,
25/04/2024 03:45:00,0,283,,,,,,,,,,,,,,,,,,
25/04/2024 03:30:00,0,283,,,,,,,,,,,,,,,,,,
25/04/2024 03:15:00,0,282,,,,,,,,,,,,,,,,,,
25/04/2024 03:00:00,0,282,,,,,,,,,,,,,,,,,,
25/04/2024 02:45:00,0,282,,,,,,,,,,,,,,,,,,
25/04/2024 02:30:00,0,282,,,,,,,,,,,,,,,,,,
25/04/2024 02:15:00,0,281,,,,,,,,,,,,,,,,,,
25/04/2024 02:00:00,0,281,,,,,,,,,,,,,,,,,,
25/04/2024 01:45:00,0,281,,,,,,,,,,,,,,,,,,
25/04/2024 01:30:00,0,281,,,,,,,,,,,,,,,,,,
25/04/2024 01:15:00,0,280,,,,,,,,,,,,,,,,,,
25/04/2024 01:00:00,0,281,,,,,,,,,,,,,,,,,,
25/04/2024 00:45:00,0,280,,,,,,,,,,,,,,,,,,
25/04/2024 00:30:00,0,280,,,,,,,,,,,,,,,,,,
25/04/2024 00:15:00,0,280,,,,,,,,,,,,,,,,,,
25/04/2024 00:00:00,0,279,,,,,,,,,,,,,,,,,,
24/04/2024 23:45:00,0,279,,,,,,,,,,,,,,,,,,
24/04/2024 23:30:00,0,279,,,,,,,,,,,,,,,,,,
24/04/2024 23:15:00,0,278,,,,,,,,,,,,,,,,,,
24/04/2024 23:00:00,0,278,,,,,,,,,,,,,,,,,,
24/04/2024 22:45:00,0,278,,,,,,,,,,,,,,,,,,
24/04/2024 22:30:00,0,278,,,,,,,,,,,,,,,,,,
24/04/2024 22:15:00,0,277,,,,,,,,,,,,,,,,,,
24/04/2024 22:00:00,0,277,,,,,,,,,,,,,,,,,,
24/04/2024 21:45:00,0,277,,,,,,,,,,,,,,,,,,
24/04/2024 21:30:00,0,277,,,,,,,,,,,,,,,,,,
24/04/2024 21:15:00,0,276,,,,,,,,,,,,,,,,,,
24/04/2024 21:00:00,0,276,,,,,,,,,,,,,,,,,,
24/04/2024 20:45:00,0,276,,,,,,,,,,,,,,,,,,
24/04/2024 20:30:00,0,275,,,,,,,,,,,,,,,,,,
24/04/2024 20:15:00,0,275,,,,,,,,,,,,,,,,,,
24/04/2024 20:00:00,0,274,,,,,,,,,,,,,,,,,,
24/04/2024 19:45:00,0,274,,,,,,,,,,,,,,,,,,
24/04/2024 19:30:00,0,274,,,,,,,,,,,,,,,,,,
24/04/2024 19:15:00,0,273,,,,,,,,,,,,,,,,,,
24/04/2024 19:00:00,0,273,,,,,,,,,,,,,,,,,,
24/04/2024 18:45:00,0,273,,,,,,,,,,,,,,,,,,
24/04/2024 18:30:00,0,272,,,,,,,,,,,,,,,,,,
24/04/2024 18:15:00,0,272,,,,,,,,,,,,,,,,,,
24/04/2024 18:00:00,0,271,,,,,,,,,,,,,,,,,,
24/04/2024 17:45:00,0,271,,,,,,,,,,,,,,,,,,
24/04/2024 17:30:00,0,270,,,,,,,,,,,,,,,,,,
24/04/2024 17:15:00,0,269,,,,,,,,,,,,,,,,,,
24/04/2024 17:00:00,0,269,,,,,,,,,,,,,,,,,,
24/04/2024 16:45:00,0,269,,,,,,,,,,,,,,,,,,
24/04/2024 16:30:00,0,269,,,,,,,,,,,,,,,,,,
24/04/2024 16:15:00,0,267,,,,,,,,,,,,,,,,,,
24/04/2024 16:00:00,0,267,,,,,,,,,,,,,,,,,,
24/04/2024 15:45:00,0,266,,,,,,,,,,,,,,,,,,
24/04/2024 15:30:00,0,266,,,,,,,,,,,,,,,,,,
24/04/2024 15:15:00,0,265,,,,,,,,,,,,,,,,,,
24/04/2024 15:00:00,0,265,,,,,,,,,,,,,,,,,,
24/04/2024 14:45:00,0,264,,,,,,,,,,,,,,,,,,
24/04/2024 14:30:00,0,263,,,,,,,,,,,,,,,,,,
24/04/2024 14:15:00,0,263,,,,,,,,,,,,,,,,,,
24/04/2024 14:00:00,0,262,,,,,,,,,,,,,,,,,,
24/04/2024 13:45:00,0.2,261,,,,,,,,,,,,,,,,,,
24/04/2024 13:30:00,0,261,,,,,,,,,,,,,,,,,,
24/04/2024 13:15:00,0,260,,,,,,,,,,,,,,,,,,
24/04/2024 13:00:00,0,259,,,,,,,,,,,,,,,,,,
24/04/2024 12:45:00,0,259,,,,,,,,,,,,,,,,,,
24/04/2024 12:30:00,0,258,,,,,,,,,,,,,,,,,,
24/04/2024 12:15:00,0,257,,,,,,,,,,,,,,,,,,
24/04/2024 12:00:00,0,257,,,,,,,,,,,,,,,,,,
24/04/2024 11:45:00,0,256,,,,,,,,,,,,,,,,,,
24/04/2024 11:30:00,0,255,,,,,,,,,,,,,,,,,,
24/04/2024 11:15:00,0,255,,,,,,,,,,,,,,,,,,
24/04/2024 11:00:00,0,254,,,,,,,,,,,,,,,,,,
24/04/2024 10:45:00,0,253,,,,,,,,,,,,,,,,,,
24/04/2024 10:30:00,0,252,,,,,,,,,,,,,,,,,,
24/04/2024 10:15:00,0,251,,,,,,,,,,,,,,,,,,
24/04/2024 10:00:00,0,250,,,,,,,,,,,,,,,,,,
24/04/2024 09:45:00,0,248,,,,,,,,,,,,,,,,,,
24/04/2024 09:30:00,0,248,,,,,,,,,,,,,,,,,,
24/04/2024 09:15:00,0,246,,,,,,,,,,,,,,,,,,
24/04/2024 09:00:00,0,245,,,,,,,,,,,,,,,,,,
24/04/2024 08:45:00,0,243,,,,,,,,,,,,,,,,,,
24/04/2024 08:30:00,0,241,,,,,,,,,,,,,,,,,,
24/04/2024 08:15:00,0,239,,,,,,,,,,,,,,,,,,
24/04/2024 08:00:00,0,237,,,,,,,,,,,,,,,,,,
24/04/2024 07:45:00,0,235,,,,,,,,,,,,,,,,,,
24/04/2024 07:30:00,0.2,233,,,,,,,,,,,,,,,,,,
24/04/2024 07:15:00,0,230,,,,,,,,,,,,,,,,,,
24/04/2024 07:00:00,0.6,228,,,,,,,,,,,,,,,,,,
24/04/2024 06:45:00,0.8,225,,,,,,,,,,,,,,,,,,
24/04/2024 06:30:00,1,223,,,,,,,,,,,,,,,,,,
24/04/2024 06:15:00,0,221,,,,,,,,,,,,,,,,,,
24/04/2024 06:00:00,0,219,,,,,,,,,,,,,,,,,,
24/04/2024 05:45:00,0.4,216,,,,,,,,,,,,,,,,,,
24/04/2024 05:30:00,0.4,214,,,,,,,,,,,,,,,,,,
24/04/2024 05:15:00,3.2,212,,,,,,,,,,,,,,,,,,
24/04/2024 05:00:00,2.4,208,,,,,,,,,,,,,,,,,,
24/04/2024 04:45:00,3.6,206,,,,,,,,,,,,,,,,,,
24/04/2024 04:30:00,2.4,203,,,,,,,,,,,,,,,,,,
24/04/2024 04:15:00,0,206,,,,,,,,,,,,,,,,,,
24/04/2024 04:00:00,0,205,,,,,,,,,,,,,,,,,,
24/04/2024 03:45:00,0,205,,,,,,,,,,,,,,,,,,
24/04/2024 03:30:00,0,205,,,,,,,,,,,,,,,,,,
24/04/2024 03:15:00,0,205,,,,,,,,,,,,,,,,,,
24/04/2024 03:00:00,0,205,,,,,,,,,,,,,,,,,,
24/04/2024 02:45:00,0,205,,,,,,,,,,,,,,,,,,
24/04/2024 02:30:00,0,204,,,,,,,,,,,,,,,,,,
24/04/2024 02:15:00,0,204,,,,,,,,,,,,,,,,,,
24/04/2024 02:00:00,0,204,,,,,,,,,,,,,,,,,,
24/04/2024 01:45:00,0,203,,,,,,,,,,,,,,,,,,
24/04/2024 01:30:00,0,203,,,,,,,,,,,,,,,,,,
24/04/2024 01:15:00,0,203,,,,,,,,,,,,,,,,,,
24/04/2024 01:00:00,0,202,,,,,,,,,,,,,,,,,,
24/04/2024 00:45:00,0,201,,,,,,,,,,,,,,,,,,
24/04/2024 00:30:00,0,200,,,,,,,,,,,,,,,,,,
24/04/2024 00:15:00,0,199,,,,,,,,,,,,,,,,,,
24/04/2024 00:00:00,0,198,,,,,,,,,,,,,,,,,,
23/04/2024 23:45:00,0,197,,,,,,,,,,,,,,,,,,
23/04/2024 23:30:00,0,196,,,,,,,,,,,,,,,,,,
23/04/2024 23:15:00,0,196,,,,,,,,,,,,,,,,,,
23/04/2024 23:00:00,0,196,,,,,,,,,,,,,,,,,,
23/04/2024 22:45:00,0,196,,,,,,,,,,,,,,,,,,
23/04/2024 22:30:00,0,196,,,,,,,,,,,,,,,,,,
23/04/2024 22:15:00,0.2,195,,,,,,,,,,,,,,,,,,
23/04/2024 22:00:00,0,195,,,,,,,,,,,,,,,,,,
23/04/2024 21:45:00,0,196,,,,,,,,,,,,,,,,,,
23/04/2024 21:30:00,0.6,196,,,,,,,,,,,,,,,,,,
23/04/2024 21:15:00,3.8,196,,,,,,,,,,,,,,,,,,
23/04/2024 21:00:00,0,196,,,,,,,,,,,,,,,,,,
23/04/2024 20:45:00,0,196,,,,,,,,,,,,,,,,,,
23/04/2024 20:30:00,0,197,,,,,,,,,,,,,,,,,,
23/04/2024 20:15:00,0,197,,,,,,,,,,,,,,,,,,
23/04/2024 20:00:00,0,198,,,,,,,,,,,,,,,,,,
23/04/2024 19:45:00,0,198,,,,,,,,,,,,,,,,,,
23/04/2024 19:30:00,0,199,,,,,,,,,,,,,,,,,,
23/04/2024 19:15:00,0,199,,,,,,,,,,,,,,,,,,
23/04/2024 19:00:00,0,199,,,,,,,,,,,,,,,,,,
23/04/2024 18:45:00,0,199,,,,,,,,,,,,,,,,,,
23/04/2024 18:30:00,0,200,,,,,,,,,,,,,,,,,,
23/04/2024 18:15:00,0,201,,,,,,,,,,,,,,,,,,
23/04/2024 18:00:00,0,201,,,,,,,,,,,,,,,,,,
23/04/2024 17:45:00,0,201,,,,,,,,,,,,,,,,,,
23/04/2024 17:30:00,0,202,,,,,,,,,,,,,,,,,,
23/04/2024 17:15:00,0,202,,,,,,,,,,,,,,,,,,
23/04/2024 17:00:00,0,202,,,,,,,,,,,,,,,,,,
23/04/2024 16:45:00,0,203,,,,,,,,,,,,,,,,,,
23/04/2024 16:30:00,0,203,,,,,,,,,,,,,,,,,,
23/04/2024 16:15:00,0,203,,,,,,,,,,,,,,,,,,
23/04/2024 16:00:00,0,204,,,,,,,,,,,,,,,,,,
23/04/2024 15:45:00,0,204,,,,,,,,,,,,,,,,,,
23/04/2024 15:30:00,0,204,,,,,,,,,,,,,,,,,,
23/04/2024 15:15:00,0,204,,,,,,,,,,,,,,,,,,
23/04/2024 15:00:00,0,204,,,,,,,,,,,,,,,,,,
23/04/2024 14:45:00,0,205,,,,,,,,,,,,,,,,,,
23/04/2024 14:30:00,0,205,,,,,,,,,,,,,,,,,,
23/04/2024 14:15:00,0,205,,,,,,,,,,,,,,,,,,
23/04/2024 14:00:00,0,205,,,,,,,,,,,,,,,,,,
23/04/2024 13:45:00,0,206,,,,,,,,,,,,,,,,,,
23/04/2024 13:30:00,0,206,,,,,,,,,,,,,,,,,,
23/04/2024 13:15:00,0,206,,,,,,,,,,,,,,,,,,
23/04/2024 13:00:00,0,206,,,,,,,,,,,,,,,,,,
23/04/2024 12:45:00,0,206,,,,,,,,,,,,,,,,,,
23/04/2024 12:30:00,0,206,,,,,,,,,,,,,,,,,,
23/04/2024 12:15:00,0,207,,,,,,,,,,,,,,,,,,
23/04/2024 12:00:00,0,207,,,,,,,,,,,,,,,,,,
23/04/2024 11:45:00,0,207,,,,,,,,,,,,,,,,,,
23/04/2024 11:30:00,0,207,,,,,,,,,,,,,,,,,,
23/04/2024 11:15:00,0,207,,,,,,,,,,,,,,,,,,
23/04/2024 11:00:00,0,207,,,,,,,,,,,,,,,,,,
23/04/2024 10:45:00,0,207,,,,,,,,,,,,,,,,,,
23/04/2024 10:30:00,0,207,,,,,,,,,,,,,,,,,,
23/04/2024 10:15:00,0,207,,,,,,,,,,,,,,,,,,
23/04/2024 10:00:00,0,207,,,,,,,,,,,,,,,,,,
23/04/2024 09:45:00,0,207,,,,,,,,,,,,,,,,,,
23/04/2024 09:30:00,0,208,,,,,,,,,,,,,,,,,,
23/04/2024 09:15:00,0,207,,,,,,,,,,,,,,,,,,
23/04/2024 09:00:00,0,208,,,,,,,,,,,,,,,,,,
23/04/2024 08:45:00,0,207,,,,,,,,,,,,,,,,,,
23/04/2024 08:30:00,0,207,,,,,,,,,,,,,,,,,,
23/04/2024 08:15:00,0,208,,,,,,,,,,,,,,,,,,
23/04/2024 08:00:00,0,208,,,,,,,,,,,,,,,,,,
23/04/2024 07:45:00,0,208,,,,,,,,,,,,,,,,,,
23/04/2024 07:30:00,0,208,,,,,,,,,,,,,,,,,,
23/04/2024 07:15:00,0,208,,,,,,,,,,,,,,,,,,
23/04/2024 07:00:00,0,208,,,,,,,,,,,,,,,,,,
23/04/2024 06:45:00,0,208,,,,,,,,,,,,,,,,,,
23/04/2024 06:30:00,0,208,,,,,,,,,,,,,,,,,,
23/04/2024 06:15:00,0,208,,,,,,,,,,,,,,,,,,
23/04/2024 06:00:00,0,208,,,,,,,,,,,,,,,,,,
23/04/2024 05:45:00,0,208,,,,,,,,,,,,,,,,,,
23/04/2024 05:30:00,0,208,,,,,,,,,,,,,,,,,,
23/04/2024 05:15:00,0,208,,,,,,,,,,,,,,,,,,
23/04/2024 05:00:00,0,208,,,,,,,,,,,,,,,,,,
23/04/2024 04:45:00,0,208,,,,,,,,,,,,,,,,,,
23/04/2024 04:30:00,0,209,,,,,,,,,,,,,,,,,,
23/04/2024 04:15:00,0,208,,,,,,,,,,,,,,,,,,
23/04/2024 04:00:00,0,209,,,,,,,,,,,,,,,,,,
23/04/2024 03:45:00,0,209,,,,,,,,,,,,,,,,,,
23/04/2024 03:30:00,0,209,,,,,,,,,,,,,,,,,,
23/04/2024 03:15:00,0,209,,,,,,,,,,,,,,,,,,
23/04/2024 03:00:00,0,209,,,,,,,,,,,,,,,,,,
23/04/2024 02:45:00,0,209,,,,,,,,,,,,,,,,,,
23/04/2024 02:30:00,0,209,,,,,,,,,,,,,,,,,,
23/04/2024 02:15:00,0,209,,,,,,,,,,,,,,,,,,
23/04/2024 02:00:00,0,209,,,,,,,,,,,,,,,,,,
23/04/2024 01:45:00,0,209,,,,,,,,,,,,,,,,,,
23/04/2024 01:30:00,0,209,,,,,,,,,,,,,,,,,,
23/04/2024 01:15:00,0,209,,,,,,,,,,,,,,,,,,
23/04/2024 01:00:00,0,209,,,,,,,,,,,,,,,,,,
23/04/2024 00:45:00,0,209,,,,,,,,,,,,,,,,,,
23/04/2024 00:30:00,0,209,,,,,,,,,,,,,,,,,,
23/04/2024 00:15:00,0,210,,,,,,,,,,,,,,,,,,
23/04/2024 00:00:00,0,210,,,,,,,,,,,,,,,,,,
22/04/2024 23:45:00,0,210,,,,,,,,,,,,,,,,,,
22/04/2024 23:30:00,0,210,,,,,,,,,,,,,,,,,,
22/04/2024 23:15:00,0,210,,,,,,,,,,,,,,,,,,
22/04/2024 23:00:00,0,211,,,,,,,,,,,,,,,,,,
22/04/2024 22:45:00,0,211,,,,,,,,,,,,,,,,,,
22/04/2024 22:30:00,0,211,,,,,,,,,,,,,,,,,,
22/04/2024 22:15:00,0,211,,,,,,,,,,,,,,,,,,
22/04/2024 22:00:00,0,212,,,,,,,,,,,,,,,,,,
22/04/2024 21:45:00,0,212,,,,,,,,,,,,,,,,,,
22/04/2024 21:30:00,0,212,,,,,,,,,,,,,,,,,,
22/04/2024 21:15:00,0,212,,,,,,,,,,,,,,,,,,
22/04/2024 21:00:00,0,213,,,,,,,,,,,,,,,,,,
22/04/2024 20:45:00,0,213,,,,,,,,,,,,,,,,,,
22/04/2024 20:30:00,0,213,,,,,,,,,,,,,,,,,,
22/04/2024 20:15:00,0,214,,,,,,,,,,,,,,,,,,
22/04/2024 20:00:00,0,214,,,,,,,,,,,,,,,,,,
22/04/2024 19:45:00,0,214,,,,,,,,,,,,,,,,,,
22/04/2024 19:30:00,0,214,,,,,,,,,,,,,,,,,,
22/04/2024 19:15:00,0,215,,,,,,,,,,,,,,,,,,
22/04/2024 19:00:00,0,215,,,,,,,,,,,,,,,,,,
22/04/2024 18:45:00,0,215,,,,,,,,,,,,,,,,,,
22/04/2024 18:30:00,0,215,,,,,,,,,,,,,,,,,,
22/04/2024 18:15:00,0,216,,,,,,,,,,,,,,,,,,
22/04/2024 18:00:00,0,216,,,,,,,,,,,,,,,,,,
22/04/2024 17:45:00,0,216,,,,,,,,,,,,,,,,,,
22/04/2024 17:30:00,0,216,,,,,,,,,,,,,,,,,,
22/04/2024 17:15:00,0,217,,,,,,,,,,,,,,,,,,
22/04/2024 17:00:00,0,217,,,,,,,,,,,,,,,,,,
22/04/2024 16:45:00,0,217,,,,,,,,,,,,,,,,,,
22/04/2024 16:30:00,0,218,,,,,,,,,,,,,,,,,,
22/04/2024 16:15:00,0,218,,,,,,,,,,,,,,,,,,
22/04/2024 16:00:00,0,218,,,,,,,,,,,,,,,,,,
22/04/2024 15:45:00,0,218,,,,,,,,,,,,,,,,,,
22/04/2024 15:30:00,0,218,,,,,,,,,,,,,,,,,,
22/04/2024 15:15:00,0,219,,,,,,,,,,,,,,,,,,
22/04/2024 15:00:00,0,219,,,,,,,,,,,,,,,,,,
22/04/2024 14:45:00,0,219,,,,,,,,,,,,,,,,,,
22/04/2024 14:30:00,0,219,,,,,,,,,,,,,,,,,,
22/04/2024 14:15:00,0,219,,,,,,,,,,,,,,,,,,
22/04/2024 14:00:00,0,219,,,,,,,,,,,,,,,,,,
22/04/2024 13:45:00,0,219,,,,,,,,,,,,,,,,,,
22/04/2024 13:30:00,0,219,,,,,,,,,,,,,,,,,,
22/04/2024 13:15:00,0,219,,,,,,,,,,,,,,,,,,
22/04/2024 13:00:00,0,220,,,,,,,,,,,,,,,,,,
22/04/2024 12:45:00,0,220,,,,,,,,,,,,,,,,,,
22/04/2024 12:30:00,0,220,,,,,,,,,,,,,,,,,,
22/04/2024 12:15:00,0,220,,,,,,,,,,,,,,,,,,
22/04/2024 12:00:00,0,220,,,,,,,,,,,,,,,,,,
22/04/2024 11:45:00,0,220,,,,,,,,,,,,,,,,,,
22/04/2024 11:30:00,0,220,,,,,,,,,,,,,,,,,,
22/04/2024 11:15:00,0,220,,,,,,,,,,,,,,,,,,
22/04/2024 11:00:00,0,220,,,,,,,,,,,,,,,,,,
22/04/2024 10:45:00,0,220,,,,,,,,,,,,,,,,,,
22/04/2024 10:30:00,0,220,,,,,,,,,,,,,,,,,,
22/04/2024 10:15:00,0,220,,,,,,,,,,,,,,,,,,
22/04/2024 10:00:00,0,220,,,,,,,,,,,,,,,,,,
22/04/2024 09:45:00,0,220,,,,,,,,,,,,,,,,,,
22/04/2024 09:30:00,0,220,,,,,,,,,,,,,,,,,,
22/04/2024 09:15:00,0,220,,,,,,,,,,,,,,,,,,
22/04/2024 09:00:00,0,220,,,,,,,,,,,,,,,,,,
22/04/2024 08:45:00,0,220,,,,,,,,,,,,,,,,,,
22/04/2024 08:30:00,0,220,,,,,,,,,,,,,,,,,,
22/04/2024 08:15:00,0,220,,,,,,,,,,,,,,,,,,
22/04/2024 08:00:00,0,220,,,,,,,,,,,,,,,,,,
22/04/2024 07:45:00,0,220,,,,,,,,,,,,,,,,,,
22/04/2024 07:30:00,0,220,,,,,,,,,,,,,,,,,,
22/04/2024 07:15:00,0,220,,,,,,,,,,,,,,,,,,
22/04/2024 07:00:00,0,220,,,,,,,,,,,,,,,,,,
22/04/2024 06:45:00,0,221,,,,,,,,,,,,,,,,,,
22/04/2024 06:30:00,0,220,,,,,,,,,,,,,,,,,,
22/04/2024 06:15:00,0,221,,,,,,,,,,,,,,,,,,
22/04/2024 06:00:00,0,221,,,,,,,,,,,,,,,,,,
22/04/2024 05:45:00,0,221,,,,,,,,,,,,,,,,,,
22/04/2024 05:30:00,0,221,,,,,,,,,,,,,,,,,,
22/04/2024 05:15:00,0,221,,,,,,,,,,,,,,,,,,
22/04/2024 05:00:00,0,221,,,,,,,,,,,,,,,,,,
22/04/2024 04:45:00,0,221,,,,,,,,,,,,,,,,,,
22/04/2024 04:30:00,0,221,,,,,,,,,,,,,,,,,,
22/04/2024 04:15:00,0,221,,,,,,,,,,,,,,,,,,
22/04/2024 04:00:00,0,221,,,,,,,,,,,,,,,,,,
22/04/2024 03:45:00,0,221,,,,,,,,,,,,,,,,,,
22/04/2024 03:30:00,0,221,,,,,,,,,,,,,,,,,,
22/04/2024 03:15:00,0,221,,,,,,,,,,,,,,,,,,
22/04/2024 03:00:00,0,222,,,,,,,,,,,,,,,,,,
22/04/2024 02:45:00,0,221,,,,,,,,,,,,,,,,,,
22/04/2024 02:30:00,0,222,,,,,,,,,,,,,,,,,,
22/04/2024 02:15:00,0,222,,,,,,,,,,,,,,,,,,
22/04/2024 02:00:00,0,222,,,,,,,,,,,,,,,,,,
22/04/2024 01:45:00,0,222,,,,,,,,,,,,,,,,,,
22/04/2024 01:30:00,0,222,,,,,,,,,,,,,,,,,,
22/04/2024 01:15:00,0,222,,,,,,,,,,,,,,,,,,
22/04/2024 01:00:00,0,222,,,,,,,,,,,,,,,,,,
22/04/2024 00:45:00,0,222,,,,,,,,,,,,,,,,,,
22/04/2024 00:30:00,0,222,,,,,,,,,,,,,,,,,,
22/04/2024 00:15:00,0,223,,,,,,,,,,,,,,,,,,
22/04/2024 00:00:00,0,223,,,,,,,,,,,,,,,,,,
21/04/2024 23:45:00,0,223,,,,,,,,,,,,,,,,,,
21/04/2024 23:30:00,0,223,,,,,,,,,,,,,,,,,,
21/04/2024 23:15:00,0,223,,,,,,,,,,,,,,,,,,
21/04/2024 23:00:00,0,223,,,,,,,,,,,,,,,,,,
21/04/2024 22:45:00,0,224,,,,,,,,,,,,,,,,,,
21/04/2024 22:30:00,0,224,,,,,,,,,,,,,,,,,,
21/04/2024 22:15:00,0,224,,,,,,,,,,,,,,,,,,
21/04/2024 22:00:00,0,224,,,,,,,,,,,,,,,,,,
21/04/2024 21:45:00,0,225,,,,,,,,,,,,,,,,,,
21/04/2024 21:30:00,0,225,,,,,,,,,,,,,,,,,,
21/04/2024 21:15:00,0,225,,,,,,,,,,,,,,,,,,
21/04/2024 21:00:00,0,226,,,,,,,,,,,,,,,,,,
21/04/2024 20:45:00,0,226,,,,,,,,,,,,,,,,,,
21/04/2024 20:30:00,0,226,,,,,,,,,,,,,,,,,,
21/04/2024 20:15:00,0,227,,,,,,,,,,,,,,,,,,
21/04/2024 20:00:00,0,227,,,,,,,,,,,,,,,,,,
21/04/2024 19:45:00,0,227,,,,,,,,,,,,,,,,,,
21/04/2024 19:30:00,0,227,,,,,,,,,,,,,,,,,,
21/04/2024 19:15:00,0,227,,,,,,,,,,,,,,,,,,
21/04/2024 19:00:00,0,228,,,,,,,,,,,,,,,,,,
21/04/2024 18:45:00,0,228,,,,,,,,,,,,,,,,,,
21/04/2024 18:30:00,0,228,,,,,,,,,,,,,,,,,,
21/04/2024 18:15:00,0,228,,,,,,,,,,,,,,,,,,
21/04/2024 18:00:00,0,229,,,,,,,,,,,,,,,,,,
21/04/2024 17:45:00,0,229,,,,,,,,,,,,,,,,,,
21/04/2024 17:30:00,0,229,,,,,,,,,,,,,,,,,,
21/04/2024 17:15:00,0,229,,,,,,,,,,,,,,,,,,
21/04/2024 17:00:00,0,229,,,,,,,,,,,,,,,,,,
21/04/2024 16:45:00,0,229,,,,,,,,,,,,,,,,,,
21/04/2024 16:30:00,0,230,,,,,,,,,,,,,,,,,,
21/04/2024 16:15:00,0,230,,,,,,,,,,,,,,,,,,
21/04/2024 16:00:00,0,230,,,,,,,,,,,,,,,,,,
21/04/2024 15:45:00,0,230,,,,,,,,,,,,,,,,,,
21/04/2024 15:30:00,0,231,,,,,,,,,,,,,,,,,,
21/04/2024 15:15:00,0,231,,,,,,,,,,,,,,,,,,
21/04/2024 15:00:00,0,231,,,,,,,,,,,,,,,,,,
21/04/2024 14:45:00,0,231,,,,,,,,,,,,,,,,,,
21/04/2024 14:30:00,0,231,,,,,,,,,,,,,,,,,,
21/04/2024 14:15:00,0,231,,,,,,,,,,,,,,,,,,
21/04/2024 14:00:00,0,231,,,,,,,,,,,,,,,,,,
21/04/2024 13:45:00,0,232,,,,,,,,,,,,,,,,,,
21/04/2024 13:30:00,0,231,,,,,,,,,,,,,,,,,,
21/04/2024 13:15:00,0,232,,,,,,,,,,,,,,,,,,
21/04/2024 13:00:00,0,232,,,,,,,,,,,,,,,,,,
21/04/2024 12:45:00,0,232,,,,,,,,,,,,,,,,,,
21/04/2024 12:30:00,0,232,,,,,,,,,,,,,,,,,,
21/04/2024 12:15:00,0,232,,,,,,,,,,,,,,,,,,
21/04/2024 12:00:00,0,233,,,,,,,,,,,,,,,,,,
21/04/2024 11:45:00,0,232,,,,,,,,,,,,,,,,,,
21/04/2024 11:30:00,0,232,,,,,,,,,,,,,,,,,,
21/04/2024 11:15:00,0,232,,,,,,,,,,,,,,,,,,
21/04/2024 11:00:00,0,232,,,,,,,,,,,,,,,,,,
21/04/2024 10:45:00,0,232,,,,,,,,,,,,,,,,,,
21/04/2024 10:30:00,0,232,,,,,,,,,,,,,,,,,,
21/04/2024 10:15:00,0,232,,,,,,,,,,,,,,,,,,
21/04/2024 10:00:00,0,232,,,,,,,,,,,,,,,,,,
21/04/2024 09:45:00,0,232,,,,,,,,,,,,,,,,,,
21/04/2024 09:30:00,0,232,,,,,,,,,,,,,,,,,,
21/04/2024 09:15:00,0,233,,,,,,,,,,,,,,,,,,
21/04/2024 09:00:00,0,233,,,,,,,,,,,,,,,,,,
21/04/2024 08:45:00,0,232,,,,,,,,,,,,,,,,,,
21/04/2024 08:30:00,0,232,,,,,,,,,,,,,,,,,,
21/04/2024 08:15:00,0,232,,,,,,,,,,,,,,,,,,
21/04/2024 08:00:00,0.2,232,,,,,,,,,,,,,,,,,,
21/04/2024 07:45:00,0,232,,,,,,,,,,,,,,,,,,
21/04/2024 07:30:00,0,233,,,,,,,,,,,,,,,,,,
21/04/2024 07:15:00,0,233,,,,,,,,,,,,,,,,,,
21/04/2024 07:00:00,0,233,,,,,,,,,,,,,,,,,,
21/04/2024 06:45:00,0,233,,,,,,,,,,,,,,,,,,
21/04/2024 06:30:00,0,233,,,,,,,,,,,,,,,,,,
21/04/2024 06:15:00,0,233,,,,,,,,,,,,,,,,,,
21/04/2024 06:00:00,0,233,,,,,,,,,,,,,,,,,,
21/04/2024 05:45:00,0,233,,,,,,,,,,,,,,,,,,
21/04/2024 05:30:00,0,233,,,,,,,,,,,,,,,,,,
21/04/2024 05:15:00,0,233,,,,,,,,,,,,,,,,,,
21/04/2024 05:00:00,0,233,,,,,,,,,,,,,,,,,,
21/04/2024 04:45:00,0,233,,,,,,,,,,,,,,,,,,
21/04/2024 04:30:00,0,233,,,,,,,,,,,,,,,,,,
21/04/2024 04:15:00,0,233,,,,,,,,,,,,,,,,,,
21/04/2024 04:00:00,0,233,,,,,,,,,,,,,,,,,,
21/04/2024 03:45:00,0,233,,,,,,,,,,,,,,,,,,
21/04/2024 03:30:00,0,234,,,,,,,,,,,,,,,,,,
21/04/2024 03:15:00,0,234,,,,,,,,,,,,,,,,,,
21/04/2024 03:00:00,0,234,,,,,,,,,,,,,,,,,,
21/04/2024 02:45:00,0,234,,,,,,,,,,,,,,,,,,
21/04/2024 02:30:00,0,233,,,,,,,,,,,,,,,,,,
21/04/2024 02:15:00,0,234,,,,,,,,,,,,,,,,,,
21/04/2024 02:00:00,0,234,,,,,,,,,,,,,,,,,,
21/04/2024 01:45:00,0,234,,,,,,,,,,,,,,,,,,
21/04/2024 01:30:00,0,234,,,,,,,,,,,,,,,,,,
21/04/2024 01:15:00,0,234,,,,,,,,,,,,,,,,,,
21/04/2024 01:00:00,0,234,,,,,,,,,,,,,,,,,,
21/04/2024 00:45:00,0,234,,,,,,,,,,,,,,,,,,
21/04/2024 00:30:00,0,235,,,,,,,,,,,,,,,,,,
21/04/2024 00:15:00,0,235,,,,,,,,,,,,,,,,,,
21/04/2024 00:00:00,0,235,,,,,,,,,,,,,,,,,,
20/04/2024 23:45:00,0,235,,,,,,,,,,,,,,,,,,
20/04/2024 23:30:00,0,235,,,,,,,,,,,,,,,,,,
20/04/2024 23:15:00,0,235,,,,,,,,,,,,,,,,,,
20/04/2024 23:00:00,0,236,,,,,,,,,,,,,,,,,,
20/04/2024 22:45:00,0,236,,,,,,,,,,,,,,,,,,
20/04/2024 22:30:00,0,236,,,,,,,,,,,,,,,,,,
20/04/2024 22:15:00,0,236,,,,,,,,,,,,,,,,,,
20/04/2024 22:00:00,0,236,,,,,,,,,,,,,,,,,,
20/04/2024 21:45:00,0,237,,,,,,,,,,,,,,,,,,
20/04/2024 21:30:00,0,237,,,,,,,,,,,,,,,,,,
20/04/2024 21:15:00,0,238,,,,,,,,,,,,,,,,,,
20/04/2024 21:00:00,0,238,,,,,,,,,,,,,,,,,,
20/04/2024 20:45:00,0,238,,,,,,,,,,,,,,,,,,
20/04/2024 20:30:00,0,238,,,,,,,,,,,,,,,,,,
20/04/2024 20:15:00,0,239,,,,,,,,,,,,,,,,,,
20/04/2024 20:00:00,0,239,,,,,,,,,,,,,,,,,,
20/04/2024 19:45:00,0,239,,,,,,,,,,,,,,,,,,
20/04/2024 19:30:00,0,239,,,,,,,,,,,,,,,,,,
20/04/2024 19:15:00,0,240,,,,,,,,,,,,,,,,,,
20/04/2024 19:00:00,0,240,,,,,,,,,,,,,,,,,,
20/04/2024 18:45:00,0,240,,,,,,,,,,,,,,,,,,
20/04/2024 18:30:00,0,240,,,,,,,,,,,,,,,,,,
20/04/2024 18:15:00,0,241,,,,,,,,,,,,,,,,,,
20/04/2024 18:00:00,0,241,,,,,,,,,,,,,,,,,,
20/04/2024 17:45:00,0,241,,,,,,,,,,,,,,,,,,
20/04/2024 17:30:00,0,241,,,,,,,,,,,,,,,,,,
20/04/2024 17:15:00,0,241,,,,,,,,,,,,,,,,,,
20/04/2024 17:00:00,0,241,,,,,,,,,,,,,,,,,,
20/04/2024 16:45:00,0,242,,,,,,,,,,,,,,,,,,
20/04/2024 16:30:00,0,241,,,,,,,,,,,,,,,,,,
20/04/2024 16:15:00,0,241,,,,,,,,,,,,,,,,,,
20/04/2024 16:00:00,0,242,,,,,,,,,,,,,,,,,,
20/04/2024 15:45:00,0,242,,,,,,,,,,,,,,,,,,
20/04/2024 15:30:00,0,242,,,,,,,,,,,,,,,,,,
20/04/2024 15:15:00,0,242,,,,,,,,,,,,,,,,,,
20/04/2024 15:00:00,0,242,,,,,,,,,,,,,,,,,,
20/04/2024 14:45:00,0,242,,,,,,,,,,,,,,,,,,
20/04/2024 14:30:00,0,242,,,,,,,,,,,,,,,,,,
20/04/2024 14:15:00,0,242,,,,,,,,,,,,,,,,,,
20/04/2024 14:00:00,0,242,,,,,,,,,,,,,,,,,,
20/04/2024 13:45:00,0,242,,,,,,,,,,,,,,,,,,
20/04/2024 13:30:00,0,242,,,,,,,,,,,,,,,,,,
20/04/2024 13:15:00,0,242,,,,,,,,,,,,,,,,,,
20/04/2024 13:00:00,0,242,,,,,,,,,,,,,,,,,,
20/04/2024 12:45:00,0,243,,,,,,,,,,,,,,,,,,
20/04/2024 12:30:00,0,243,,,,,,,,,,,,,,,,,,
20/04/2024 12:15:00,0,243,,,,,,,,,,,,,,,,,,
20/04/2024 12:00:00,0,243,,,,,,,,,,,,,,,,,,
20/04/2024 11:45:00,0,243,,,,,,,,,,,,,,,,,,
20/04/2024 11:30:00,0,242,,,,,,,,,,,,,,,,,,
20/04/2024 11:15:00,0,242,,,,,,,,,,,,,,,,,,
20/04/2024 11:00:00,0,242,,,,,,,,,,,,,,,,,,
20/04/2024 10:45:00,0,242,,,,,,,,,,,,,,,,,,
20/04/2024 10:30:00,0,242,,,,,,,,,,,,,,,,,,
20/04/2024 10:15:00,0,242,,,,,,,,,,,,,,,,,,
20/04/2024 10:00:00,0,242,,,,,,,,,,,,,,,,,,
20/04/2024 09:45:00,0,242,,,,,,,,,,,,,,,,,,
20/04/2024 09:30:00,0,242,,,,,,,,,,,,,,,,,,
20/04/2024 09:15:00,0,242,,,,,,,,,,,,,,,,,,
20/04/2024 09:00:00,0,242,,,,,,,,,,,,,,,,,,
20/04/2024 08:45:00,0,242,,,,,,,,,,,,,,,,,,
20/04/2024 08:30:00,0,242,,,,,,,,,,,,,,,,,,
20/04/2024 08:15:00,0,242,,,,,,,,,,,,,,,,,,
20/04/2024 08:00:00,0,242,,,,,,,,,,,,,,,,,,
20/04/2024 07:45:00,0,242,,,,,,,,,,,,,,,,,,
20/04/2024 07:30:00,0,242,,,,,,,,,,,,,,,,,,
20/04/2024 07:15:00,0,242,,,,,,,,,,,,,,,,,,
20/04/2024 07:00:00,0,242,,,,,,,,,,,,,,,,,,
20/04/2024 06:45:00,0,242,,,,,,,,,,,,,,,,,,
20/04/2024 06:30:00,0,242,,,,,,,,,,,,,,,,,,
20/04/2024 06:15:00,0,243,,,,,,,,,,,,,,,,,,
20/04/2024 06:00:00,0,243,,,,,,,,,,,,,,,,,,
20/04/2024 05:45:00,0,243,,,,,,,,,,,,,,,,,,
20/04/2024 05:30:00,0,243,,,,,,,,,,,,,,,,,,
20/04/2024 05:15:00,0,243,,,,,,,,,,,,,,,,,,
20/04/2024 05:00:00,0,243,,,,,,,,,,,,,,,,,,
20/04/2024 04:45:00,0,244,,,,,,,,,,,,,,,,,,
20/04/2024 04:30:00,0,244,,,,,,,,,,,,,,,,,,
20/04/2024 04:15:00,0,244,,,,,,,,,,,,,,,,,,
20/04/2024 04:00:00,0,244,,,,,,,,,,,,,,,,,,
20/04/2024 03:45:00,0,245,,,,,,,,,,,,,,,,,,
20/04/2024 03:30:00,0,245,,,,,,,,,,,,,,,,,,
20/04/2024 03:15:00,0,245,,,,,,,,,,,,,,,,,,
20/04/2024 03:00:00,0,245,,,,,,,,,,,,,,,,,,
20/04/2024 02:45:00,0,245,,,,,,,,,,,,,,,,,,
20/04/2024 02:30:00,0,246,,,,,,,,,,,,,,,,,,
20/04/2024 02:15:00,0,246,,,,,,,,,,,,,,,,,,
20/04/2024 02:00:00,0,246,,,,,,,,,,,,,,,,,,
20/04/2024 01:45:00,0,246,,,,,,,,,,,,,,,,,,
20/04/2024 01:30:00,0,246,,,,,,,,,,,,,,,,,,
20/04/2024 01:15:00,0,247,,,,,,,,,,,,,,,,,,
20/04/2024 01:00:00,0,247,,,,,,,,,,,,,,,,,,
20/04/2024 00:45:00,0,247,,,,,,,,,,,,,,,,,,
20/04/2024 00:30:00,0,247,,,,,,,,,,,,,,,,,,
20/04/2024 00:15:00,0,248,,,,,,,,,,,,,,,,,,
20/04/2024 00:00:00,0,248,,,,,,,,,,,,,,,,,,
19/04/2024 23:45:00,0,248,,,,,,,,,,,,,,,,,,
19/04/2024 23:30:00,0,249,,,,,,,,,,,,,,,,,,
19/04/2024 23:15:00,0,249,,,,,,,,,,,,,,,,,,
19/04/2024 23:00:00,0,249,,,,,,,,,,,,,,,,,,
19/04/2024 22:45:00,0,250,,,,,,,,,,,,,,,,,,
19/04/2024 22:30:00,0,250,,,,,,,,,,,,,,,,,,
19/04/2024 22:15:00,0,250,,,,,,,,,,,,,,,,,,
19/04/2024 22:00:00,0,251,,,,,,,,,,,,,,,,,,
19/04/2024 21:45:00,0,251,,,,,,,,,,,,,,,,,,
19/04/2024 21:30:00,0,251,,,,,,,,,,,,,,,,,,
19/04/2024 21:15:00,0,252,,,,,,,,,,,,,,,,,,
19/04/2024 21:00:00,0,252,,,,,,,,,,,,,,,,,,
19/04/2024 20:45:00,0,252,,,,,,,,,,,,,,,,,,
19/04/2024 20:30:00,0,253,,,,,,,,,,,,,,,,,,
19/04/2024 20:15:00,0,253,,,,,,,,,,,,,,,,,,
19/04/2024 20:00:00,0,253,,,,,,,,,,,,,,,,,,
19/04/2024 19:45:00,0,254,,,,,,,,,,,,,,,,,,
19/04/2024 19:30:00,0,254,,,,,,,,,,,,,,,,,,
19/04/2024 19:15:00,0,255,,,,,,,,,,,,,,,,,,
19/04/2024 19:00:00,0,255,,,,,,,,,,,,,,,,,,
19/04/2024 18:45:00,0,256,,,,,,,,,,,,,,,,,,
19/04/2024 18:30:00,0,256,,,,,,,,,,,,,,,,,,
19/04/2024 18:15:00,0,256,,,,,,,,,,,,,,,,,,
19/04/2024 18:00:00,0,257,,,,,,,,,,,,,,,,,,
19/04/2024 17:45:00,0,257,,,,,,,,,,,,,,,,,,
19/04/2024 17:30:00,0,257,,,,,,,,,,,,,,,,,,
19/04/2024 17:15:00,0,257,,,,,,,,,,,,,,,,,,
19/04/2024 17:00:00,0,258,,,,,,,,,,,,,,,,,,
19/04/2024 16:45:00,0,258,,,,,,,,,,,,,,,,,,
19/04/2024 16:30:00,0,258,,,,,,,,,,,,,,,,,,
19/04/2024 16:15:00,0,259,,,,,,,,,,,,,,,,,,
19/04/2024 16:00:00,0,259,,,,,,,,,,,,,,,,,,
19/04/2024 15:45:00,0,259,,,,,,,,,,,,,,,,,,
19/04/2024 15:30:00,0,260,,,,,,,,,,,,,,,,,,
19/04/2024 15:15:00,0,260,,,,,,,,,,,,,,,,,,
19/04/2024 15:00:00,0,260,,,,,,,,,,,,,,,,,,
19/04/2024 14:45:00,0,261,,,,,,,,,,,,,,,,,,
19/04/2024 14:30:00,0,261,,,,,,,,,,,,,,,,,,
19/04/2024 14:15:00,0,261,,,,,,,,,,,,,,,,,,
19/04/2024 14:00:00,0,261,,,,,,,,,,,,,,,,,,
19/04/2024 13:45:00,0,262,,,,,,,,,,,,,,,,,,
19/04/2024 13:30:00,0,262,,,,,,,,,,,,,,,,,,
19/04/2024 13:15:00,0,263,,,,,,,,,,,,,,,,,,
19/04/2024 13:00:00,0,263,,,,,,,,,,,,,,,,,,
19/04/2024 12:45:00,0,264,,,,,,,,,,,,,,,,,,
19/04/2024 12:30:00,0,264,,,,,,,,,,,,,,,,,,
19/04/2024 12:15:00,0,264,,,,,,,,,,,,,,,,,,
19/04/2024 12:00:00,0,265,,,,,,,,,,,,,,,,,,
19/04/2024 11:45:00,0,265,,,,,,,,,,,,,,,,,,
19/04/2024 11:30:00,0,265,,,,,,,,,,,,,,,,,,
19/04/2024 11:15:00,0,265,,,,,,,,,,,,,,,,,,
19/04/2024 11:00:00,0,265,,,,,,,,,,,,,,,,,,
19/04/2024 10:45:00,0,266,,,,,,,,,,,,,,,,,,
19/04/2024 10:30:00,0,266,,,,,,,,,,,,,,,,,,
19/04/2024 10:15:00,0,267,,,,,,,,,,,,,,,,,,
19/04/2024 10:00:00,0,267,,,,,,,,,,,,,,,,,,
19/04/2024 09:45:00,0,267,,,,,,,,,,,,,,,,,,
19/04/2024 09:30:00,0,267,,,,,,,,,,,,,,,,,,
19/04/2024 09:15:00,0,268,,,,,,,,,,,,,,,,,,
19/04/2024 09:00:00,0,268,,,,,,,,,,,,,,,,,,
19/04/2024 08:45:00,0,268,,,,,,,,,,,,,,,,,,
19/04/2024 08:30:00,0,268,,,,,,,,,,,,,,,,,,
19/04/2024 08:15:00,0,269,,,,,,,,,,,,,,,,,,
19/04/2024 08:00:00,0,269,,,,,,,,,,,,,,,,,,
19/04/2024 07:45:00,0,269,,,,,,,,,,,,,,,,,,
19/04/2024 07:30:00,0,270,,,,,,,,,,,,,,,,,,
19/04/2024 07:15:00,0,270,,,,,,,,,,,,,,,,,,
19/04/2024 07:00:00,0,271,,,,,,,,,,,,,,,,,,
19/04/2024 06:45:00,0,271,,,,,,,,,,,,,,,,,,
19/04/2024 06:30:00,0,271,,,,,,,,,,,,,,,,,,
19/04/2024 06:15:00,0,272,,,,,,,,,,,,,,,,,,
19/04/2024 06:00:00,0,272,,,,,,,,,,,,,,,,,,
19/04/2024 05:45:00,0,272,,,,,,,,,,,,,,,,,,
19/04/2024 05:30:00,0,272,,,,,,,,,,,,,,,,,,
19/04/2024 05:15:00,0,273,,,,,,,,,,,,,,,,,,
19/04/2024 05:00:00,0,273,,,,,,,,,,,,,,,,,,
19/04/2024 04:45:00,0,273,,,,,,,,,,,,,,,,,,
19/04/2024 04:30:00,0,274,,,,,,,,,,,,,,,,,,
19/04/2024 04:15:00,0,274,,,,,,,,,,,,,,,,,,
19/04/2024 04:00:00,0,274,,,,,,,,,,,,,,,,,,
19/04/2024 03:45:00,0,274,,,,,,,,,,,,,,,,,,
19/04/2024 03:30:00,0,275,,,,,,,,,,,,,,,,,,
19/04/2024 03:15:00,0,275,,,,,,,,,,,,,,,,,,
19/04/2024 03:00:00,0,276,,,,,,,,,,,,,,,,,,
19/04/2024 02:45:00,0,276,,,,,,,,,,,,,,,,,,
19/04/2024 02:30:00,0,276,,,,,,,,,,,,,,,,,,
19/04/2024 02:15:00,0,276,,,,,,,,,,,,,,,,,,
19/04/2024 02:00:00,0,277,,,,,,,,,,,,,,,,,,
19/04/2024 01:45:00,0,277,,,,,,,,,,,,,,,,,,
19/04/2024 01:30:00,0,278,,,,,,,,,,,,,,,,,,
19/04/2024 01:15:00,0,278,,,,,,,,,,,,,,,,,,
19/04/2024 01:00:00,0,278,,,,,,,,,,,,,,,,,,
19/04/2024 00:45:00,0,279,,,,,,,,,,,,,,,,,,
19/04/2024 00:30:00,0,279,,,,,,,,,,,,,,,,,,
19/04/2024 00:15:00,0,279,,,,,,,,,,,,,,,,,,
19/04/2024 00:00:00,0,279,,,,,,,,,,,,,,,,,,
18/04/2024 23:45:00,0,280,,,,,,,,,,,,,,,,,,
18/04/2024 23:30:00,0,280,,,,,,,,,,,,,,,,,,
18/04/2024 23:15:00,0,281,,,,,,,,,,,,,,,,,,
18/04/2024 23:00:00,0,281,,,,,,,,,,,,,,,,,,
18/04/2024 22:45:00,0,281,,,,,,,,,,,,,,,,,,
18/04/2024 22:30:00,0,281,,,,,,,,,,,,,,,,,,
18/04/2024 22:15:00,0,282,,,,,,,,,,,,,,,,,,
18/04/2024 22:00:00,0,282,,,,,,,,,,,,,,,,,,
18/04/2024 21:45:00,0,282,,,,,,,,,,,,,,,,,,
18/04/2024 21:30:00,0,283,,,,,,,,,,,,,,,,,,
18/04/2024 21:15:00,0,283,,,,,,,,,,,,,,,,,,
18/04/2024 21:00:00,0,283,,,,,,,,,,,,,,,,,,
18/04/2024 20:45:00,0,283,,,,,,,,,,,,,,,,,,
18/04/2024 20:30:00,0,284,,,,,,,,,,,,,,,,,,
18/04/2024 20:15:00,0,285,,,,,,,,,,,,,,,,,,
18/04/2024 20:00:00,0,284,,,,,,,,,,,,,,,,,,
18/04/2024 19:45:00,0,285,,,,,,,,,,,,,,,,,,
18/04/2024 19:30:00,0,285,,,,,,,,,,,,,,,,,,
18/04/2024 19:15:00,0,285,,,,,,,,,,,,,,,,,,
18/04/2024 19:00:00,0,286,,,,,,,,,,,,,,,,,,
18/04/2024 18:45:00,0,286,,,,,,,,,,,,,,,,,,
18/04/2024 18:30:00,0,286,,,,,,,,,,,,,,,,,,
18/04/2024 18:15:00,0,286,,,,,,,,,,,,,,,,,,
18/04/2024 18:00:00,0,287,,,,,,,,,,,,,,,,,,
18/04/2024 17:45:00,0,287,,,,,,,,,,,,,,,,,,
18/04/2024 17:30:00,0,287,,,,,,,,,,,,,,,,,,
18/04/2024 17:15:00,0,286,,,,,,,,,,,,,,,,,,
18/04/2024 17:00:00,0,286,,,,,,,,,,,,,,,,,,
18/04/2024 16:45:00,0,287,,,,,,,,,,,,,,,,,,
18/04/2024 16:30:00,0,287,,,,,,,,,,,,,,,,,,
18/04/2024 16:15:00,0,287,,,,,,,,,,,,,,,,,,
18/04/2024 16:00:00,0,288,,,,,,,,,,,,,,,,,,
18/04/2024 15:45:00,0,288,,,,,,,,,,,,,,,,,,
18/04/2024 15:30:00,0,288,,,,,,,,,,,,,,,,,,
18/04/2024 15:15:00,0,288,,,,,,,,,,,,,,,,,,
18/04/2024 15:00:00,0,288,,,,,,,,,,,,,,,,,,
18/04/2024 14:45:00,0,288,,,,,,,,,,,,,,,,,,
18/04/2024 14:30:00,0,288,,,,,,,,,,,,,,,,,,
18/04/2024 14:15:00,0,289,,,,,,,,,,,,,,,,,,
18/04/2024 14:00:00,0,288,,,,,,,,,,,,,,,,,,
18/04/2024 13:45:00,0,288,,,,,,,,,,,,,,,,,,
18/04/2024 13:30:00,0,288,,,,,,,,,,,,,,,,,,
18/04/2024 13:15:00,0,289,,,,,,,,,,,,,,,,,,
18/04/2024 13:00:00,0,290,,,,,,,,,,,,,,,,,,
18/04/2024 12:45:00,0,289,,,,,,,,,,,,,,,,,,
18/04/2024 12:30:00,0,290,,,,,,,,,,,,,,,,,,
18/04/2024 12:15:00,0,289,,,,,,,,,,,,,,,,,,
18/04/2024 12:00:00,0,291,,,,,,,,,,,,,,,,,,
18/04/2024 11:45:00,0,290,,,,,,,,,,,,,,,,,,
18/04/2024 11:30:00,0,289,,,,,,,,,,,,,,,,,,
18/04/2024 11:15:00,0,290,,,,,,,,,,,,,,,,,,
18/04/2024 11:00:00,0,290,,,,,,,,,,,,,,,,,,
18/04/2024 10:45:00,0,290,,,,,,,,,,,,,,,,,,
18/04/2024 10:30:00,0,291,,,,,,,,,,,,,,,,,,
18/04/2024 10:15:00,0,291,,,,,,,,,,,,,,,,,,
18/04/2024 10:00:00,0,291,,,,,,,,,,,,,,,,,,
18/04/2024 09:45:00,0,291,,,,,,,,,,,,,,,,,,
18/04/2024 09:30:00,0,292,,,,,,,,,,,,,,,,,,
18/04/2024 09:15:00,0,292,,,,,,,,,,,,,,,,,,
18/04/2024 09:00:00,0,292,,,,,,,,,,,,,,,,,,
18/04/2024 08:45:00,0,292,,,,,,,,,,,,,,,,,,
18/04/2024 08:30:00,0,292,,,,,,,,,,,,,,,,,,
18/04/2024 08:15:00,0,291,,,,,,,,,,,,,,,,,,
18/04/2024 08:00:00,0,292,,,,,,,,,,,,,,,,,,
18/04/2024 07:45:00,0,291,,,,,,,,,,,,,,,,,,
18/04/2024 07:30:00,0,291,,,,,,,,,,,,,,,,,,
18/04/2024 07:15:00,0,292,,,,,,,,,,,,,,,,,,
18/04/2024 07:00:00,0,292,,,,,,,,,,,,,,,,,,
18/04/2024 06:45:00,0,292,,,,,,,,,,,,,,,,,,
18/04/2024 06:30:00,0,292,,,,,,,,,,,,,,,,,,
18/04/2024 06:15:00,0,292,,,,,,,,,,,,,,,,,,
18/04/2024 06:00:00,0,292,,,,,,,,,,,,,,,,,,
18/04/2024 05:45:00,0,292,,,,,,,,,,,,,,,,,,
18/04/2024 05:30:00,0,292,,,,,,,,,,,,,,,,,,
18/04/2024 05:15:00,0,292,,,,,,,,,,,,,,,,,,
18/04/2024 05:00:00,0,292,,,,,,,,,,,,,,,,,,
18/04/2024 04:45:00,0,292,,,,,,,,,,,,,,,,,,
18/04/2024 04:30:00,0,292,,,,,,,,,,,,,,,,,,
18/04/2024 04:15:00,0,292,,,,,,,,,,,,,,,,,,
18/04/2024 04:00:00,0,292,,,,,,,,,,,,,,,,,,
18/04/2024 03:45:00,0,292,,,,,,,,,,,,,,,,,,
18/04/2024 03:30:00,0,292,,,,,,,,,,,,,,,,,,
18/04/2024 03:15:00,0,292,,,,,,,,,,,,,,,,,,
18/04/2024 03:00:00,0,292,,,,,,,,,,,,,,,,,,
18/04/2024 02:45:00,0,292,,,,,,,,,,,,,,,,,,
18/04/2024 02:30:00,0,292,,,,,,,,,,,,,,,,,,
18/04/2024 02:15:00,0,292,,,,,,,,,,,,,,,,,,
18/04/2024 02:00:00,0,292,,,,,,,,,,,,,,,,,,
18/04/2024 01:45:00,0,293,,,,,,,,,,,,,,,,,,
18/04/2024 01:30:00,0,292,,,,,,,,,,,,,,,,,,
18/04/2024 01:15:00,0,292,,,,,,,,,,,,,,,,,,
18/04/2024 01:00:00,0,292,,,,,,,,,,,,,,,,,,
18/04/2024 00:45:00,0,292,,,,,,,,,,,,,,,,,,
18/04/2024 00:30:00,0,292,,,,,,,,,,,,,,,,,,
18/04/2024 00:15:00,0,292,,,,,,,,,,,,,,,,,,
18/04/2024 00:00:00,0,293,,,,,,,,,,,,,,,,,,
17/04/2024 23:45:00,0,293,,,,,,,,,,,,,,,,,,
17/04/2024 23:30:00,0,292,,,,,,,,,,,,,,,,,,
17/04/2024 23:15:00,0,293,,,,,,,,,,,,,,,,,,
17/04/2024 23:00:00,0,293,,,,,,,,,,,,,,,,,,
17/04/2024 22:45:00,0,293,,,,,,,,,,,,,,,,,,
17/04/2024 22:30:00,0,293,,,,,,,,,,,,,,,,,,
17/04/2024 22:15:00,0,293,,,,,,,,,,,,,,,,,,
17/04/2024 22:00:00,0,293,,,,,,,,,,,,,,,,,,
17/04/2024 21:45:00,0,293,,,,,,,,,,,,,,,,,,
17/04/2024 21:30:00,0,293,,,,,,,,,,,,,,,,,,
17/04/2024 21:15:00,0,293,,,,,,,,,,,,,,,,,,
17/04/2024 21:00:00,0,293,,,,,,,,,,,,,,,,,,
17/04/2024 20:45:00,0,293,,,,,,,,,,,,,,,,,,
17/04/2024 20:30:00,0,293,,,,,,,,,,,,,,,,,,
17/04/2024 20:15:00,0,294,,,,,,,,,,,,,,,,,,
17/04/2024 20:00:00,0,294,,,,,,,,,,,,,,,,,,
17/04/2024 19:45:00,0,294,,,,,,,,,,,,,,,,,,
17/04/2024 19:30:00,0,294,,,,,,,,,,,,,,,,,,
17/04/2024 19:15:00,0,294,,,,,,,,,,,,,,,,,,
17/04/2024 19:00:00,0,294,,,,,,,,,,,,,,,,,,
17/04/2024 18:45:00,0,294,,,,,,,,,,,,,,,,,,
17/04/2024 18:30:00,0,294,,,,,,,,,,,,,,,,,,
17/04/2024 18:15:00,0,295,,,,,,,,,,,,,,,,,,
17/04/2024 18:00:00,0,294,,,,,,,,,,,,,,,,,,
17/04/2024 17:45:00,0,295,,,,,,,,,,,,,,,,,,
17/04/2024 17:30:00,0,295,,,,,,,,,,,,,,,,,,
17/04/2024 17:15:00,0,294,,,,,,,,,,,,,,,,,,
17/04/2024 17:00:00,0,294,,,,,,,,,,,,,,,,,,
17/04/2024 16:45:00,0,294,,,,,,,,,,,,,,,,,,
17/04/2024 16:30:00,0,294,,,,,,,,,,,,,,,,,,
17/04/2024 16:15:00,0,294,,,,,,,,,,,,,,,,,,
17/04/2024 16:00:00,0,294,,,,,,,,,,,,,,,,,,
17/04/2024 15:45:00,0,294,,,,,,,,,,,,,,,,,,
17/04/2024 15:30:00,0,295,,,,,,,,,,,,,,,,,,
17/04/2024 15:15:00,0,294,,,,,,,,,,,,,,,,,,
17/04/2024 15:00:00,0,294,,,,,,,,,,,,,,,,,,
17/04/2024 14:45:00,0,294,,,,,,,,,,,,,,,,,,
17/04/2024 14:30:00,0,295,,,,,,,,,,,,,,,,,,
17/04/2024 14:15:00,0,294,,,,,,,,,,,,,,,,,,
17/04/2024 14:00:00,0,294,,,,,,,,,,,,,,,,,,
17/04/2024 13:45:00,0,293,,,,,,,,,,,,,,,,,,
17/04/2024 13:30:00,0,294,,,,,,,,,,,,,,,,,,
17/04/2024 13:15:00,0,294,,,,,,,,,,,,,,,,,,
17/04/2024 13:00:00,0,293,,,,,,,,,,,,,,,,,,
17/04/2024 12:45:00,0,293,,,,,,,,,,,,,,,,,,
17/04/2024 12:30:00,0,293,,,,,,,,,,,,,,,,,,
17/04/2024 12:15:00,0,294,,,,,,,,,,,,,,,,,,
17/04/2024 12:00:00,0,293,,,,,,,,,,,,,,,,,,
17/04/2024 11:45:00,0,292,,,,,,,,,,,,,,,,,,
17/04/2024 11:30:00,0,291,,,,,,,,,,,,,,,,,,
17/04/2024 11:15:00,0,291,,,,,,,,,,,,,,,,,,
17/04/2024 11:00:00,0,292,,,,,,,,,,,,,,,,,,
17/04/2024 10:45:00,0,291,,,,,,,,,,,,,,,,,,
17/04/2024 10:30:00,0,291,,,,,,,,,,,,,,,,,,
17/04/2024 10:15:00,0,289,,,,,,,,,,,,,,,,,,
17/04/2024 10:00:00,0,290,,,,,,,,,,,,,,,,,,
17/04/2024 09:45:00,0,289,,,,,,,,,,,,,,,,,,
17/04/2024 09:30:00,0,289,,,,,,,,,,,,,,,,,,
17/04/2024 09:15:00,0,289,,,,,,,,,,,,,,,,,,
17/04/2024 09:00:00,0,288,,,,,,,,,,,,,,,,,,
17/04/2024 08:45:00,0,288,,,,,,,,,,,,,,,,,,
17/04/2024 08:30:00,0,288,,,,,,,,,,,,,,,,,,
17/04/2024 08:15:00,0,287,,,,,,,,,,,,,,,,,,
17/04/2024 08:00:00,0,287,,,,,,,,,,,,,,,,,,
17/04/2024 07:45:00,0,288,,,,,,,,,,,,,,,,,,
17/04/2024 07:30:00,0,287,,,,,,,,,,,,,,,,,,
17/04/2024 07:15:00,0,287,,,,,,,,,,,,,,,,,,
17/04/2024 07:00:00,0,287,,,,,,,,,,,,,,,,,,
17/04/2024 06:45:00,0,286,,,,,,,,,,,,,,,,,,
17/04/2024 06:30:00,0,285,,,,,,,,,,,,,,,,,,
17/04/2024 06:15:00,0.2,284,,,,,,,,,,,,,,,,,,
17/04/2024 06:00:00,0,284,,,,,,,,,,,,,,,,,,
17/04/2024 05:45:00,0,284,,,,,,,,,,,,,,,,,,
17/04/2024 05:30:00,0,284,,,,,,,,,,,,,,,,,,
17/04/2024 05:15:00,0,285,,,,,,,,,,,,,,,,,,
17/04/2024 05:00:00,0,284,,,,,,,,,,,,,,,,,,
17/04/2024 04:45:00,0,284,,,,,,,,,,,,,,,,,,
17/04/2024 04:30:00,0,283,,,,,,,,,,,,,,,,,,
17/04/2024 04:15:00,0,283,,,,,,,,,,,,,,,,,,
17/04/2024 04:00:00,0,282,,,,,,,,,,,,,,,,,,
17/04/2024 03:45:00,0,282,,,,,,,,,,,,,,,,,,
17/04/2024 03:30:00,0,281,,,,,,,,,,,,,,,,,,
17/04/2024 03:15:00,0,281,,,,,,,,,,,,,,,,,,
17/04/2024 03:00:00,0,280,,,,,,,,,,,,,,,,,,
17/04/2024 02:45:00,0,280,,,,,,,,,,,,,,,,,,
17/04/2024 02:30:00,0,278,,,,,,,,,,,,,,,,,,
17/04/2024 02:15:00,0,278,,,,,,,,,,,,,,,,,,
17/04/2024 02:00:00,0,278,,,,,,,,,,,,,,,,,,
17/04/2024 01:45:00,0,278,,,,,,,,,,,,,,,,,,
17/04/2024 01:30:00,0,277,,,,,,,,,,,,,,,,,,
17/04/2024 01:15:00,0,276,,,,,,,,,,,,,,,,,,
17/04/2024 01:00:00,0,275,,,,,,,,,,,,,,,,,,
17/04/2024 00:45:00,0,274,,,,,,,,,,,,,,,,,,
17/04/2024 00:30:00,0,274,,,,,,,,,,,,,,,,,,
17/04/2024 00:15:00,0,273,,,,,,,,,,,,,,,,,,
17/04/2024 00:00:00,0,272,,,,,,,,,,,,,,,,,,
16/04/2024 23:45:00,0,271,,,,,,,,,,,,,,,,,,
16/04/2024 23:30:00,0,270,,,,,,,,,,,,,,,,,,
16/04/2024 23:15:00,0,269,,,,,,,,,,,,,,,,,,
16/04/2024 23:00:00,0,269,,,,,,,,,,,,,,,,,,
16/04/2024 22:45:00,0,267,,,,,,,,,,,,,,,,,,
16/04/2024 22:30:00,0,265,,,,,,,,,,,,,,,,,,
16/04/2024 22:15:00,0,265,,,,,,,,,,,,,,,,,,
16/04/2024 22:00:00,0,263,,,,,,,,,,,,,,,,,,
16/04/2024 21:45:00,0,262,,,,,,,,,,,,,,,,,,
16/04/2024 21:30:00,0,261,,,,,,,,,,,,,,,,,,
16/04/2024 21:15:00,0,259,,,,,,,,,,,,,,,,,,
16/04/2024 21:00:00,0,258,,,,,,,,,,,,,,,,,,
16/04/2024 20:45:00,0,257,,,,,,,,,,,,,,,,,,
16/04/2024 20:30:00,0.2,255,,,,,,,,,,,,,,,,,,
16/04/2024 20:15:00,0,255,,,,,,,,,,,,,,,,,,
16/04/2024 20:00:00,0.2,254,,,,,,,,,,,,,,,,,,
16/04/2024 19:45:00,3.2,251,,,,,,,,,,,,,,,,,,
16/04/2024 19:30:00,0,251,,,,,,,,,,,,,,,,,,
16/04/2024 19:15:00,0.6,250,,,,,,,,,,,,,,,,,,
16/04/2024 19:00:00,0.2,250,,,,,,,,,,,,,,,,,,
16/04/2024 18:45:00,0.4,249,,,,,,,,,,,,,,,,,,
16/04/2024 18:30:00,0.8,248,,,,,,,,,,,,,,,,,,
16/04/2024 18:15:00,1,248,,,,,,,,,,,,,,,,,,
16/04/2024 18:00:00,0.8,247,,,,,,,,,,,,,,,,,,
16/04/2024 17:45:00,0.8,247,,,,,,,,,,,,,,,,,,
16/04/2024 17:30:00,0.4,246,,,,,,,,,,,,,,,,,,
16/04/2024 17:15:00,0.2,246,,,,,,,,,,,,,,,,,,
16/04/2024 17:00:00,0,246,,,,,,,,,,,,,,,,,,
16/04/2024 16:45:00,0,245,,,,,,,,,,,,,,,,,,
16/04/2024 16:30:00,0.2,244,,,,,,,,,,,,,,,,,,
16/04/2024 16:15:00,0,243,,,,,,,,,,,,,,,,,,
16/04/2024 16:00:00,0,242,,,,,,,,,,,,,,,,,,
16/04/2024 15:45:00,0,241,,,,,,,,,,,,,,,,,,
16/04/2024 15:30:00,0.2,240,,,,,,,,,,,,,,,,,,
16/04/2024 15:15:00,0.2,239,,,,,,,,,,,,,,,,,,
16/04/2024 15:00:00,0.2,237,,,,,,,,,,,,,,,,,,
16/04/2024 14:45:00,0.4,236,,,,,,,,,,,,,,,,,,
16/04/2024 14:30:00,0.6,235,,,,,,,,,,,,,,,,,,
16/04/2024 14:15:00,0.8,233,,,,,,,,,,,,,,,,,,
16/04/2024 14:00:00,0.6,230,,,,,,,,,,,,,,,,,,
16/04/2024 13:45:00,0.6,227,,,,,,,,,,,,,,,,,,
16/04/2024 13:30:00,0.6,225,,,,,,,,,,,,,,,,,,
16/04/2024 13:15:00,7.8,222,,,,,,,,,,,,,,,,,,
16/04/2024 13:00:00,7,215,,,,,,,,,,,,,,,,,,
16/04/2024 12:45:00,10.2,213,,,,,,,,,,,,,,,,,,
16/04/2024 12:30:00,0,213,,,,,,,,,,,,,,,,,,
16/04/2024 12:15:00,0,214,,,,,,,,,,,,,,,,,,
16/04/2024 12:00:00,0,214,,,,,,,,,,,,,,,,,,
16/04/2024 11:45:00,0,214,,,,,,,,,,,,,,,,,,
16/04/2024 11:30:00,0,214,,,,,,,,,,,,,,,,,,
16/04/2024 11:15:00,0,214,,,,,,,,,,,,,,,,,,
16/04/2024 11:00:00,0,214,,,,,,,,,,,,,,,,,,
16/04/2024 10:45:00,0,214,,,,,,,,,,,,,,,,,,
16/04/2024 10:30:00,0,213,,,,,,,,,,,,,,,,,,
16/04/2024 10:15:00,0,214,,,,,,,,,,,,,,,,,,
16/04/2024 10:00:00,0,213,,,,,,,,,,,,,,,,,,
16/04/2024 09:45:00,0,213,,,,,,,,,,,,,,,,,,
16/04/2024 09:30:00,0,213,,,,,,,,,,,,,,,,,,
16/04/2024 09:15:00,0,213,,,,,,,,,,,,,,,,,,
16/04/2024 09:00:00,0,213,,,,,,,,,,,,,,,,,,
16/04/2024 08:45:00,0,213,,,,,,,,,,,,,,,,,,
16/04/2024 08:30:00,0,213,,,,,,,,,,,,,,,,,,
16/04/2024 08:15:00,0,213,,,,,,,,,,,,,,,,,,
16/04/2024 08:00:00,0,212,,,,,,,,,,,,,,,,,,
16/04/2024 07:45:00,0,212,,,,,,,,,,,,,,,,,,
16/04/2024 07:30:00,0,212,,,,,,,,,,,,,,,,,,
16/04/2024 07:15:00,0,212,,,,,,,,,,,,,,,,,,
16/04/2024 07:00:00,0.2,212,,,,,,,,,,,,,,,,,,
16/04/2024 06:45:00,0,211,,,,,,,,,,,,,,,,,,
16/04/2024 06:30:00,1.2,212,,,,,,,,,,,,,,,,,,
16/04/2024 06:15:00,0.8,212,,,,,,,,,,,,,,,,,,
16/04/2024 06:00:00,0,212,,,,,,,,,,,,,,,,,,
16/04/2024 05:45:00,0,212,,,,,,,,,,,,,,,,,,
16/04/2024 05:30:00,0,212,,,,,,,,,,,,,,,,,,
16/04/2024 05:15:00,0,212,,,,,,,,,,,,,,,,,,
16/04/2024 05:00:00,0,212,,,,,,,,,,,,,,,,,,
16/04/2024 04:45:00,0,212,,,,,,,,,,,,,,,,,,
16/04/2024 04:30:00,0,212,,,,,,,,,,,,,,,,,,
16/04/2024 04:15:00,0,212,,,,,,,,,,,,,,,,,,
16/04/2024 04:00:00,0,212,,,,,,,,,,,,,,,,,,
16/04/2024 03:45:00,0,212,,,,,,,,,,,,,,,,,,
16/04/2024 03:30:00,0,212,,,,,,,,,,,,,,,,,,
16/04/2024 03:15:00,0,212,,,,,,,,,,,,,,,,,,
16/04/2024 03:00:00,0,212,,,,,,,,,,,,,,,,,,
16/04/2024 02:45:00,0,212,,,,,,,,,,,,,,,,,,
16/04/2024 02:30:00,0,212,,,,,,,,,,,,,,,,,,
16/04/2024 02:15:00,0,212,,,,,,,,,,,,,,,,,,
16/04/2024 02:00:00,0,213,,,,,,,,,,,,,,,,,,
16/04/2024 01:45:00,0,213,,,,,,,,,,,,,,,,,,
16/04/2024 01:30:00,0,213,,,,,,,,,,,,,,,,,,
16/04/2024 01:15:00,0,213,,,,,,,,,,,,,,,,,,
16/04/2024 01:00:00,0,213,,,,,,,,,,,,,,,,,,
16/04/2024 00:45:00,0,213,,,,,,,,,,,,,,,,,,
16/04/2024 00:30:00,0,214,,,,,,,,,,,,,,,,,,
16/04/2024 00:15:00,0,214,,,,,,,,,,,,,,,,,,
16/04/2024 00:00:00,0,214,,,,,,,,,,,,,,,,,,
15/04/2024 23:45:00,0,214,,,,,,,,,,,,,,,,,,
15/04/2024 23:30:00,0,214,,,,,,,,,,,,,,,,,,
15/04/2024 23:15:00,0,214,,,,,,,,,,,,,,,,,,
15/04/2024 23:00:00,0,214,,,,,,,,,,,,,,,,,,
15/04/2024 22:45:00,0,215,,,,,,,,,,,,,,,,,,
15/04/2024 22:30:00,0,215,,,,,,,,,,,,,,,,,,
15/04/2024 22:15:00,0,215,,,,,,,,,,,,,,,,,,
15/04/2024 22:00:00,0,216,,,,,,,,,,,,,,,,,,
15/04/2024 21:45:00,0,216,,,,,,,,,,,,,,,,,,
15/04/2024 21:30:00,0,216,,,,,,,,,,,,,,,,,,
15/04/2024 21:15:00,0,216,,,,,,,,,,,,,,,,,,
15/04/2024 21:00:00,0,216,,,,,,,,,,,,,,,,,,
15/04/2024 20:45:00,0,217,,,,,,,,,,,,,,,,,,
15/04/2024 20:30:00,0,217,,,,,,,,,,,,,,,,,,
15/04/2024 20:15:00,0,217,,,,,,,,,,,,,,,,,,
15/04/2024 20:00:00,0,217,,,,,,,,,,,,,,,,,,
15/04/2024 19:45:00,0,217,,,,,,,,,,,,,,,,,,
15/04/2024 19:30:00,0,217,,,,,,,,,,,,,,,,,,
15/04/2024 19:15:00,0,217,,,,,,,,,,,,,,,,,,
15/04/2024 19:00:00,0,217,,,,,,,,,,,,,,,,,,
15/04/2024 18:45:00,0,216,,,,,,,,,,,,,,,,,,
15/04/2024 18:30:00,1.2,215,,,,,,,,,,,,,,,,,,
15/04/2024 18:15:00,2,214,,,,,,,,,,,,,,,,,,
15/04/2024 18:00:00,2.4,214,,,,,,,,,,,,,,,,,,
15/04/2024 17:45:00,1,216,,,,,,,,,,,,,,,,,,
15/04/2024 17:30:00,0.2,216,,,,,,,,,,,,,,,,,,
15/04/2024 17:15:00,0,216,,,,,,,,,,,,,,,,,,
15/04/2024 17:00:00,0,216,,,,,,,,,,,,,,,,,,
15/04/2024 16:45:00,0,216,,,,,,,,,,,,,,,,,,
15/04/2024 16:30:00,0,216,,,,,,,,,,,,,,,,,,
15/04/2024 16:15:00,0,216,,,,,,,,,,,,,,,,,,
15/04/2024 16:00:00,0,216,,,,,,,,,,,,,,,,,,
15/04/2024 15:45:00,0,216,,,,,,,,,,,,,,,,,,
15/04/2024 15:30:00,0,216,,,,,,,,,,,,,,,,,,
15/04/2024 15:15:00,0,216,,,,,,,,,,,,,,,,,,
15/04/2024 15:00:00,0,216,,,,,,,,,,,,,,,,,,
15/04/2024 14:45:00,0,216,,,,,,,,,,,,,,,,,,
15/04/2024 14:30:00,0,216,,,,,,,,,,,,,,,,,,
15/04/2024 14:15:00,0,216,,,,,,,,,,,,,,,,,,
15/04/2024 14:00:00,0,216,,,,,,,,,,,,,,,,,,
15/04/2024 13:45:00,0,216,,,,,,,,,,,,,,,,,,
15/04/2024 13:30:00,0,216,,,,,,,,,,,,,,,,,,
15/04/2024 13:15:00,0,215,,,,,,,,,,,,,,,,,,
15/04/2024 13:00:00,0,215,,,,,,,,,,,,,,,,,,
15/04/2024 12:45:00,0,215,,,,,,,,,,,,,,,,,,
15/04/2024 12:30:00,0,215,,,,,,,,,,,,,,,,,,
15/04/2024 12:15:00,0,214,,,,,,,,,,,,,,,,,,
15/04/2024 12:00:00,0,214,,,,,,,,,,,,,,,,,,
15/04/2024 11:45:00,0,214,,,,,,,,,,,,,,,,,,
15/04/2024 11:30:00,0,214,,,,,,,,,,,,,,,,,,
15/04/2024 11:15:00,0,213,,,,,,,,,,,,,,,,,,
15/04/2024 11:00:00,0,213,,,,,,,,,,,,,,,,,,
15/04/2024 10:45:00,0,213,,,,,,,,,,,,,,,,,,
15/04/2024 10:30:00,0,213,,,,,,,,,,,,,,,,,,
15/04/2024 10:15:00,0,213,,,,,,,,,,,,,,,,,,
15/04/2024 10:00:00,0,212,,,,,,,,,,,,,,,,,,
15/04/2024 09:45:00,0,212,,,,,,,,,,,,,,,,,,
15/04/2024 09:30:00,0,211,,,,,,,,,,,,,,,,,,
15/04/2024 09:15:00,0,211,,,,,,,,,,,,,,,,,,
15/04/2024 09:00:00,0,211,,,,,,,,,,,,,,,,,,
15/04/2024 08:45:00,0,211,,,,,,,,,,,,,,,,,,
15/04/2024 08:30:00,0,211,,,,,,,,,,,,,,,,,,
15/04/2024 08:15:00,0,210,,,,,,,,,,,,,,,,,,
15/04/2024 08:00:00,0,210,,,,,,,,,,,,,,,,,,
15/04/2024 07:45:00,0,210,,,,,,,,,,,,,,,,,,
15/04/2024 07:30:00,0,210,,,,,,,,,,,,,,,,,,
15/04/2024 07:15:00,0,210,,,,,,,,,,,,,,,,,,
15/04/2024 07:00:00,0,209,,,,,,,,,,,,,,,,,,
15/04/2024 06:45:00,0,209,,,,,,,,,,,,,,,,,,
15/04/2024 06:30:00,0,209,,,,,,,,,,,,,,,,,,
15/04/2024 06:15:00,0,209,,,,,,,,,,,,,,,,,,
15/04/2024 06:00:00,0,209,,,,,,,,,,,,,,,,,,
15/04/2024 05:45:00,0,209,,,,,,,,,,,,,,,,,,
15/04/2024 05:30:00,0,208,,,,,,,,,,,,,,,,,,
15/04/2024 05:15:00,0,208,,,,,,,,,,,,,,,,,,
15/04/2024 05:00:00,0,208,,,,,,,,,,,,,,,,,,
15/04/2024 04:45:00,0,208,,,,,,,,,,,,,,,,,,
15/04/2024 04:30:00,0,208,,,,,,,,,,,,,,,,,,
15/04/2024 04:15:00,0,208,,,,,,,,,,,,,,,,,,
15/04/2024 04:00:00,0,207,,,,,,,,,,,,,,,,,,
15/04/2024 03:45:00,0,207,,,,,,,,,,,,,,,,,,
15/04/2024 03:30:00,0,207,,,,,,,,,,,,,,,,,,
15/04/2024 03:15:00,0,207,,,,,,,,,,,,,,,,,,
15/04/2024 03:00:00,0,207,,,,,,,,,,,,,,,,,,
15/04/2024 02:45:00,0,207,,,,,,,,,,,,,,,,,,
15/04/2024 02:30:00,0,207,,,,,,,,,,,,,,,,,,
15/04/2024 02:15:00,0,207,,,,,,,,,,,,,,,,,,
15/04/2024 02:00:00,0,207,,,,,,,,,,,,,,,,,,
15/04/2024 01:45:00,0,207,,,,,,,,,,,,,,,,,,
15/04/2024 01:30:00,0,207,,,,,,,,,,,,,,,,,,
15/04/2024 01:15:00,0,207,,,,,,,,,,,,,,,,,,
15/04/2024 01:00:00,0,207,,,,,,,,,,,,,,,,,,
15/04/2024 00:45:00,0,207,,,,,,,,,,,,,,,,,,
15/04/2024 00:30:00,0,207,,,,,,,,,,,,,,,,,,
15/04/2024 00:15:00,0,207,,,,,,,,,,,,,,,,,,
15/04/2024 00:00:00,0,207,,,,,,,,,,,,,,,,,,
14/04/2024 23:45:00,0,207,,,,,,,,,,,,,,,,,,
14/04/2024 23:30:00,0,207,,,,,,,,,,,,,,,,,,
14/04/2024 23:15:00,0,207,,,,,,,,,,,,,,,,,,
14/04/2024 23:00:00,0,207,,,,,,,,,,,,,,,,,,
14/04/2024 22:45:00,0,207,,,,,,,,,,,,,,,,,,
14/04/2024 22:30:00,0,207,,,,,,,,,,,,,,,,,,
14/04/2024 22:15:00,0,207,,,,,,,,,,,,,,,,,,
14/04/2024 22:00:00,0,207,,,,,,,,,,,,,,,,,,
14/04/2024 21:45:00,0,207,,,,,,,,,,,,,,,,,,
14/04/2024 21:30:00,0,207,,,,,,,,,,,,,,,,,,
14/04/2024 21:15:00,0,207,,,,,,,,,,,,,,,,,,
14/04/2024 21:00:00,0,207,,,,,,,,,,,,,,,,,,
14/04/2024 20:45:00,0,208,,,,,,,,,,,,,,,,,,
14/04/2024 20:30:00,0,208,,,,,,,,,,,,,,,,,,
14/04/2024 20:15:00,0,208,,,,,,,,,,,,,,,,,,
14/04/2024 20:00:00,0,208,,,,,,,,,,,,,,,,,,
14/04/2024 19:45:00,0,208,,,,,,,,,,,,,,,,,,
14/04/2024 19:30:00,0,208,,,,,,,,,,,,,,,,,,
14/04/2024 19:15:00,0,208,,,,,,,,,,,,,,,,,,
14/04/2024 19:00:00,0,208,,,,,,,,,,,,,,,,,,
14/04/2024 18:45:00,0,208,,,,,,,,,,,,,,,,,,
14/04/2024 18:30:00,0,208,,,,,,,,,,,,,,,,,,
14/04/2024 18:15:00,0,209,,,,,,,,,,,,,,,,,,
14/04/2024 18:00:00,0,208,,,,,,,,,,,,,,,,,,
14/04/2024 17:45:00,0,208,,,,,,,,,,,,,,,,,,
14/04/2024 17:30:00,0,209,,,,,,,,,,,,,,,,,,
14/04/2024 17:15:00,0,209,,,,,,,,,,,,,,,,,,
14/04/2024 17:00:00,0,208,,,,,,,,,,,,,,,,,,
14/04/2024 16:45:00,0,208,,,,,,,,,,,,,,,,,,
14/04/2024 16:30:00,0,209,,,,,,,,,,,,,,,,,,
14/04/2024 16:15:00,0,208,,,,,,,,,,,,,,,,,,
14/04/2024 16:00:00,0,208,,,,,,,,,,,,,,,,,,
14/04/2024 15:45:00,0,208,,,,,,,,,,,,,,,,,,
14/04/2024 15:30:00,0,208,,,,,,,,,,,,,,,,,,
14/04/2024 15:15:00,0,208,,,,,,,,,,,,,,,,,,
14/04/2024 15:00:00,0,208,,,,,,,,,,,,,,,,,,
14/04/2024 14:45:00,0,208,,,,,,,,,,,,,,,,,,
14/04/2024 14:30:00,0,207,,,,,,,,,,,,,,,,,,
14/04/2024 14:15:00,0,207,,,,,,,,,,,,,,,,,,
14/04/2024 14:00:00,0,207,,,,,,,,,,,,,,,,,,
14/04/2024 13:45:00,0,207,,,,,,,,,,,,,,,,,,
14/04/2024 13:30:00,0,206,,,,,,,,,,,,,,,,,,
14/04/2024 13:15:00,0,206,,,,,,,,,,,,,,,,,,
14/04/2024 13:00:00,0,206,,,,,,,,,,,,,,,,,,
14/04/2024 12:45:00,0,205,,,,,,,,,,,,,,,,,,
14/04/2024 12:30:00,0,205,,,,,,,,,,,,,,,,,,
14/04/2024 12:15:00,0,205,,,,,,,,,,,,,,,,,,
14/04/2024 12:00:00,0,204,,,,,,,,,,,,,,,,,,
14/04/2024 11:45:00,0,204,,,,,,,,,,,,,,,,,,
14/04/2024 11:30:00,0,203,,,,,,,,,,,,,,,,,,
14/04/2024 11:15:00,0,203,,,,,,,,,,,,,,,,,,
14/04/2024 11:00:00,0,202,,,,,,,,,,,,,,,,,,
14/04/2024 10:45:00,0,202,,,,,,,,,,,,,,,,,,
14/04/2024 10:30:00,0,201,,,,,,,,,,,,,,,,,,
14/04/2024 10:15:00,0,200,,,,,,,,,,,,,,,,,,
14/04/2024 10:00:00,0,200,,,,,,,,,,,,,,,,,,
14/04/2024 09:45:00,0,199,,,,,,,,,,,,,,,,,,
14/04/2024 09:30:00,0,198,,,,,,,,,,,,,,,,,,
14/04/2024 09:15:00,0,198,,,,,,,,,,,,,,,,,,
14/04/2024 09:00:00,0,198,,,,,,,,,,,,,,,,,,
14/04/2024 08:45:00,0,197,,,,,,,,,,,,,,,,,,
14/04/2024 08:30:00,0,196,,,,,,,,,,,,,,,,,,
14/04/2024 08:15:00,0,196,,,,,,,,,,,,,,,,,,
14/04/2024 08:00:00,0,196,,,,,,,,,,,,,,,,,,
14/04/2024 07:45:00,0,195,,,,,,,,,,,,,,,,,,
14/04/2024 07:30:00,0,194,,,,,,,,,,,,,,,,,,
14/04/2024 07:15:00,0,194,,,,,,,,,,,,,,,,,,
14/04/2024 07:00:00,0,193,,,,,,,,,,,,,,,,,,
14/04/2024 06:45:00,0.2,193,,,,,,,,,,,,,,,,,,
14/04/2024 06:30:00,0,192,,,,,,,,,,,,,,,,,,
14/04/2024 06:15:00,0,192,,,,,,,,,,,,,,,,,,
14/04/2024 06:00:00,0,192,,,,,,,,,,,,,,,,,,
14/04/2024 05:45:00,0,191,,,,,,,,,,,,,,,,,,
14/04/2024 05:30:00,0,191,,,,,,,,,,,,,,,,,,
14/04/2024 05:15:00,0,190,,,,,,,,,,,,,,,,,,
14/04/2024 05:00:00,0,190,,,,,,,,,,,,,,,,,,
14/04/2024 04:45:00,0,190,,,,,,,,,,,,,,,,,,
14/04/2024 04:30:00,0,190,,,,,,,,,,,,,,,,,,
14/04/2024 04:15:00,0,189,,,,,,,,,,,,,,,,,,
14/04/2024 04:00:00,0,189,,,,,,,,,,,,,,,,,,
14/04/2024 03:45:00,0,188,,,,,,,,,,,,,,,,,,
14/04/2024 03:30:00,0,187,,,,,,,,,,,,,,,,,,
14/04/2024 03:15:00,0,187,,,,,,,,,,,,,,,,,,
14/04/2024 03:00:00,0,187,,,,,,,,,,,,,,,,,,
14/04/2024 02:45:00,0,187,,,,,,,,,,,,,,,,,,
14/04/2024 02:30:00,0,186,,,,,,,,,,,,,,,,,,
14/04/2024 02:15:00,0,186,,,,,,,,,,,,,,,,,,
14/04/2024 02:00:00,0,185,,,,,,,,,,,,,,,,,,
14/04/2024 01:45:00,0,185,,,,,,,,,,,,,,,,,,
14/04/2024 01:30:00,0,184,,,,,,,,,,,,,,,,,,
14/04/2024 01:15:00,0,184,,,,,,,,,,,,,,,,,,
14/04/2024 01:00:00,0,184,,,,,,,,,,,,,,,,,,
14/04/2024 00:45:00,0,183,,,,,,,,,,,,,,,,,,
14/04/2024 00:30:00,0,182,,,,,,,,,,,,,,,,,,
14/04/2024 00:15:00,0,182,,,,,,,,,,,,,,,,,,
14/04/2024 00:00:00,0,182,,,,,,,,,,,,,,,,,,
13/04/2024 23:45:00,0.4,181,,,,,,,,,,,,,,,,,,
13/04/2024 23:30:00,0.4,181,,,,,,,,,,,,,,,,,,
13/04/2024 23:15:00,0.4,182,,,,,,,,,,,,,,,,,,
13/04/2024 23:00:00,0.2,181,,,,,,,,,,,,,,,,,,
13/04/2024 22:45:00,0.2,181,,,,,,,,,,,,,,,,,,
13/04/2024 22:30:00,0.4,181,,,,,,,,,,,,,,,,,,
13/04/2024 22:15:00,0.6,180,,,,,,,,,,,,,,,,,,
13/04/2024 22:00:00,0.6,180,,,,,,,,,,,,,,,,,,
13/04/2024 21:45:00,0.6,181,,,,,,,,,,,,,,,,,,
13/04/2024 21:30:00,0.2,181,,,,,,,,,,,,,,,,,,
13/04/2024 21:15:00,0.6,181,,,,,,,,,,,,,,,,,,
13/04/2024 21:00:00,0.2,181,,,,,,,,,,,,,,,,,,
13/04/2024 20:45:00,0.2,181,,,,,,,,,,,,,,,,,,
13/04/2024 20:30:00,0.4,181,,,,,,,,,,,,,,,,,,
13/04/2024 20:15:00,0.4,181,,,,,,,,,,,,,,,,,,
13/04/2024 20:00:00,0.6,181,,,,,,,,,,,,,,,,,,
13/04/2024 19:45:00,0.6,181,,,,,,,,,,,,,,,,,,
13/04/2024 19:30:00,0.4,181,,,,,,,,,,,,,,,,,,
13/04/2024 19:15:00,0.2,181,,,,,,,,,,,,,,,,,,
13/04/2024 19:00:00,0.2,181,,,,,,,,,,,,,,,,,,
13/04/2024 18:45:00,0.2,181,,,,,,,,,,,,,,,,,,
13/04/2024 18:30:00,0,182,,,,,,,,,,,,,,,,,,
13/04/2024 18:15:00,0,182,,,,,,,,,,,,,,,,,,
13/04/2024 18:00:00,0,182,,,,,,,,,,,,,,,,,,
13/04/2024 17:45:00,0,182,,,,,,,,,,,,,,,,,,
13/04/2024 17:30:00,0,182,,,,,,,,,,,,,,,,,,
13/04/2024 17:15:00,0,182,,,,,,,,,,,,,,,,,,
13/04/2024 17:00:00,0,182,,,,,,,,,,,,,,,,,,
13/04/2024 16:45:00,0,182,,,,,,,,,,,,,,,,,,
13/04/2024 16:30:00,0,182,,,,,,,,,,,,,,,,,,
13/04/2024 16:15:00,0,182,,,,,,,,,,,,,,,,,,
13/04/2024 16:00:00,0,182,,,,,,,,,,,,,,,,,,
13/04/2024 15:45:00,0,182,,,,,,,,,,,,,,,,,,
13/04/2024 15:30:00,0,182,,,,,,,,,,,,,,,,,,
13/04/2024 15:15:00,0,182,,,,,,,,,,,,,,,,,,
13/04/2024 15:00:00,0,182,,,,,,,,,,,,,,,,,,
13/04/2024 14:45:00,0,182,,,,,,,,,,,,,,,,,,
13/04/2024 14:30:00,0,182,,,,,,,,,,,,,,,,,,
13/04/2024 14:15:00,0,182,,,,,,,,,,,,,,,,,,
13/04/2024 14:00:00,0,180,,,,,,,,,,,,,,,,,,
13/04/2024 13:45:00,0,181,,,,,,,,,,,,,,,,,,
13/04/2024 13:30:00,0,181,,,,,,,,,,,,,,,,,,
13/04/2024 13:15:00,0,180,,,,,,,,,,,,,,,,,,
13/04/2024 13:00:00,0,180,,,,,,,,,,,,,,,,,,
13/04/2024 12:45:00,0,180,,,,,,,,,,,,,,,,,,
13/04/2024 12:30:00,0,180,,,,,,,,,,,,,,,,,,
13/04/2024 12:15:00,0,180,,,,,,,,,,,,,,,,,,
13/04/2024 12:00:00,0,179,,,,,,,,,,,,,,,,,,
13/04/2024 11:45:00,0,179,,,,,,,,,,,,,,,,,,
13/04/2024 11:30:00,0,179,,,,,,,,,,,,,,,,,,
13/04/2024 11:15:00,0,179,,,,,,,,,,,,,,,,,,
13/04/2024 11:00:00,0,179,,,,,,,,,,,,,,,,,,
13/04/2024 10:45:00,0,178,,,,,,,,,,,,,,,,,,
13/04/2024 10:30:00,0,178,,,,,,,,,,,,,,,,,,
13/04/2024 10:15:00,0,178,,,,,,,,,,,,,,,,,,
13/04/2024 10:00:00,0,178,,,,,,,,,,,,,,,,,,
13/04/2024 09:45:00,0,178,,,,,,,,,,,,,,,,,,
13/04/2024 09:30:00,0,177,,,,,,,,,,,,,,,,,,
13/04/2024 09:15:00,0,177,,,,,,,,,,,,,,,,,,
13/04/2024 09:00:00,0,177,,,,,,,,,,,,,,,,,,
13/04/2024 08:45:00,0,177,,,,,,,,,,,,,,,,,,
13/04/2024 08:30:00,0,177,,,,,,,,,,,,,,,,,,
13/04/2024 08:15:00,0,177,,,,,,,,,,,,,,,,,,
13/04/2024 08:00:00,0,176,,,,,,,,,,,,,,,,,,
13/04/2024 07:45:00,0,176,,,,,,,,,,,,,,,,,,
13/04/2024 07:30:00,0,176,,,,,,,,,,,,,,,,,,
13/04/2024 07:15:00,0,176,,,,,,,,,,,,,,,,,,
13/04/2024 07:00:00,0,176,,,,,,,,,,,,,,,,,,
13/04/2024 06:45:00,0,175,,,,,,,,,,,,,,,,,,
13/04/2024 06:30:00,0,175,,,,,,,,,,,,,,,,,,
13/04/2024 06:15:00,0,175,,,,,,,,,,,,,,,,,,
13/04/2024 06:00:00,0,175,,,,,,,,,,,,,,,,,,
13/04/2024 05:45:00,0,175,,,,,,,,,,,,,,,,,,
13/04/2024 05:30:00,0,175,,,,,,,,,,,,,,,,,,
13/04/2024 05:15:00,0,175,,,,,,,,,,,,,,,,,,
13/04/2024 05:00:00,0,175,,,,,,,,,,,,,,,,,,
13/04/2024 04:45:00,0,175,,,,,,,,,,,,,,,,,,
13/04/2024 04:30:00,0,175,,,,,,,,,,,,,,,,,,
13/04/2024 04:15:00,0,174,,,,,,,,,,,,,,,,,,
13/04/2024 04:00:00,0,175,,,,,,,,,,,,,,,,,,
13/04/2024 03:45:00,0,174,,,,,,,,,,,,,,,,,,
13/04/2024 03:30:00,0,174,,,,,,,,,,,,,,,,,,
13/04/2024 03:15:00,0,174,,,,,,,,,,,,,,,,,,
13/04/2024 03:00:00,0,174,,,,,,,,,,,,,,,,,,
13/04/2024 02:45:00,0,174,,,,,,,,,,,,,,,,,,
13/04/2024 02:30:00,0,174,,,,,,,,,,,,,,,,,,
13/04/2024 02:15:00,0,173,,,,,,,,,,,,,,,,,,
13/04/2024 02:00:00,0,173,,,,,,,,,,,,,,,,,,
13/04/2024 01:45:00,0,173,,,,,,,,,,,,,,,,,,
13/04/2024 01:30:00,0,173,,,,,,,,,,,,,,,,,,
13/04/2024 01:15:00,0,174,,,,,,,,,,,,,,,,,,
13/04/2024 01:00:00,0,173,,,,,,,,,,,,,,,,,,
13/04/2024 00:45:00,0,173,,,,,,,,,,,,,,,,,,
13/04/2024 00:30:00,0,173,,,,,,,,,,,,,,,,,,
13/04/2024 00:15:00,0,173,,,,,,,,,,,,,,,,,,
13/04/2024 00:00:00,0,173,,,,,,,,,,,,,,,,,,
12/4/2024 23:45,0,173,,,,,,,,,,,,,,,,,,
12/4/2024 23:30,0,174,,,,,,,,,,,,,,,,,,
12/4/2024 23:15,0,174,,,,,,,,,,,,,,,,,,
12/4/2024 23:00,0,173,,,,,,,,,,,,,,,,,,
12/4/2024 22:45,0,174,,,,,,,,,,,,,,,,,,
12/4/2024 22:30,0,173,,,,,,,,,,,,,,,,,,
12/4/2024 22:15,0,174,,,,,,,,,,,,,,,,,,
12/4/2024 22:00,0,174,,,,,,,,,,,,,,,,,,
12/4/2024 21:45,0,174,,,,,,,,,,,,,,,,,,
12/4/2024 21:30,0,174,,,,,,,,,,,,,,,,,,
12/4/2024 21:15,0,175,,,,,,,,,,,,,,,,,,
12/4/2024 21:00,0,175,,,,,,,,,,,,,,,,,,
12/4/2024 20:45,0,175,,,,,,,,,,,,,,,,,,
12/4/2024 20:30,0,175,,,,,,,,,,,,,,,,,,
12/4/2024 20:15,0,175,,,,,,,,,,,,,,,,,,
12/4/2024 20:00,0,175,,,,,,,,,,,,,,,,,,
12/4/2024 19:45,0,176,,,,,,,,,,,,,,,,,,
12/4/2024 19:30,0,176,,,,,,,,,,,,,,,,,,
12/4/2024 19:15,0,176,,,,,,,,,,,,,,,,,,
12/4/2024 19:00,0,177,,,,,,,,,,,,,,,,,,
12/4/2024 18:45,0,176,,,,,,,,,,,,,,,,,,
12/4/2024 18:30,0,176,,,,,,,,,,,,,,,,,,
12/4/2024 18:15,0,176,,,,,,,,,,,,,,,,,,
12/4/2024 18:00,0,177,,,,,,,,,,,,,,,,,,
12/4/2024 17:45,0,177,,,,,,,,,,,,,,,,,,
12/4/2024 17:30,0,176,,,,,,,,,,,,,,,,,,
12/4/2024 17:15,0,176,,,,,,,,,,,,,,,,,,
12/4/2024 17:00,0,177,,,,,,,,,,,,,,,,,,
12/4/2024 16:45,0,176,,,,,,,,,,,,,,,,,,
12/4/2024 16:30,0,177,,,,,,,,,,,,,,,,,,
12/4/2024 16:15,0,177,,,,,,,,,,,,,,,,,,
12/4/2024 16:00,0.2,176,,,,,,,,,,,,,,,,,,
12/4/2024 15:45,0.2,176,,,,,,,,,,,,,,,,,,
12/4/2024 15:30,0.2,176,,,,,,,,,,,,,,,,,,
12/4/2024 15:15,0,176,,,,,,,,,,,,,,,,,,
12/4/2024 15:00,0,176,,,,,,,,,,,,,,,,,,
12/4/2024 14:45,0,176,,,,,,,,,,,,,,,,,,
12/4/2024 14:30,0,176,,,,,,,,,,,,,,,,,,
12/4/2024 14:15,0,175,,,,,,,,,,,,,,,,,,
12/4/2024 14:00,0,175,,,,,,,,,,,,,,,,,,
12/4/2024 13:45,0,175,,,,,,,,,,,,,,,,,,
12/4/2024 13:30,0,175,,,,,,,,,,,,,,,,,,
12/4/2024 13:15,0,174,,,,,,,,,,,,,,,,,,
12/4/2024 13:00,0,174,,,,,,,,,,,,,,,,,,
12/4/2024 12:45,0,173,,,,,,,,,,,,,,,,,,
12/4/2024 12:30,0,174,,,,,,,,,,,,,,,,,,
12/4/2024 12:15,0,173,,,,,,,,,,,,,,,,,,
12/4/2024 12:00,0,172,,,,,,,,,,,,,,,,,,
12/4/2024 11:45,0,172,,,,,,,,,,,,,,,,,,
12/4/2024 11:30,0,171,,,,,,,,,,,,,,,,,,
12/4/2024 11:15,0,171,,,,,,,,,,,,,,,,,,
12/4/2024 11:00,0,171,,,,,,,,,,,,,,,,,,
12/4/2024 10:45,0,171,,,,,,,,,,,,,,,,,,
12/4/2024 10:30,0,170,,,,,,,,,,,,,,,,,,
12/4/2024 10:15,0,169,,,,,,,,,,,,,,,,,,
12/4/2024 10:00,0,169,,,,,,,,,,,,,,,,,,
12/4/2024 9:45,0,169,,,,,,,,,,,,,,,,,,
12/4/2024 9:30,0,169,,,,,,,,,,,,,,,,,,
12/4/2024 9:15,0,169,,,,,,,,,,,,,,,,,,
12/4/2024 9:00,0,168,,,,,,,,,,,,,,,,,,
12/4/2024 8:45,0,168,,,,,,,,,,,,,,,,,,
12/4/2024 8:30,0,168,,,,,,,,,,,,,,,,,,
12/4/2024 8:15,0,167,,,,,,,,,,,,,,,,,,
12/4/2024 8:00,0,166,,,,,,,,,,,,,,,,,,
12/4/2024 7:45,0,166,,,,,,,,,,,,,,,,,,
12/4/2024 7:30,0,166,,,,,,,,,,,,,,,,,,
12/4/2024 7:15,0,166,,,,,,,,,,,,,,,,,,
12/4/2024 7:00,0,166,,,,,,,,,,,,,,,,,,
12/4/2024 6:45,0,165,,,,,,,,,,,,,,,,,,
12/4/2024 6:30,0,165,,,,,,,,,,,,,,,,,,
12/4/2024 6:15,0,165,,,,,,,,,,,,,,,,,,
12/4/2024 6:00,0,164,,,,,,,,,,,,,,,,,,
12/4/2024 5:45,0,165,,,,,,,,,,,,,,,,,,
12/4/2024 5:30,0,164,,,,,,,,,,,,,,,,,,
12/4/2024 5:15,0,164,,,,,,,,,,,,,,,,,,
12/4/2024 5:00,0,164,,,,,,,,,,,,,,,,,,
12/4/2024 4:45,0,164,,,,,,,,,,,,,,,,,,
12/4/2024 4:30,0,163,,,,,,,,,,,,,,,,,,
12/4/2024 4:15,0,163,,,,,,,,,,,,,,,,,,
12/4/2024 4:00,0,163,,,,,,,,,,,,,,,,,,
12/4/2024 3:45,0,163,,,,,,,,,,,,,,,,,,
12/4/2024 3:30,0,163,,,,,,,,,,,,,,,,,,
12/4/2024 3:15,0,163,,,,,,,,,,,,,,,,,,
12/4/2024 3:00,0,162,,,,,,,,,,,,,,,,,,
12/4/2024 2:45,0,162,,,,,,,,,,,,,,,,,,
12/4/2024 2:30,0,163,,,,,,,,,,,,,,,,,,
12/4/2024 2:15,0,163,,,,,,,,,,,,,,,,,,
12/4/2024 2:00,0,163,,,,,,,,,,,,,,,,,,
12/4/2024 1:45,0,163,,,,,,,,,,,,,,,,,,
12/4/2024 1:30,0,163,,,,,,,,,,,,,,,,,,
12/4/2024 1:15,0,163,,,,,,,,,,,,,,,,,,
12/4/2024 1:00,0,163,,,,,,,,,,,,,,,,,,
12/4/2024 0:45,0,163,,,,,,,,,,,,,,,,,,
12/4/2024 0:30,0,163,,,,,,,,,,,,,,,,,,
12/4/2024 0:15,0,164,,,,,,,,,,,,,,,,,,
12/4/2024 0:00,0,163,,,,,,,,,,,,,,,,,,
11/4/2024 23:45,0,164,,,,,,,,,,,,,,,,,,
11/4/2024 23:30,0,164,,,,,,,,,,,,,,,,,,
11/4/2024 23:15,0,164,,,,,,,,,,,,,,,,,,
11/4/2024 23:00,0,164,,,,,,,,,,,,,,,,,,
11/4/2024 22:45,0,164,,,,,,,,,,,,,,,,,,
11/4/2024 22:30,0,165,,,,,,,,,,,,,,,,,,
11/4/2024 22:15,0,165,,,,,,,,,,,,,,,,,,
11/4/2024 22:00,0,165,,,,,,,,,,,,,,,,,,
11/4/2024 21:45,0,166,,,,,,,,,,,,,,,,,,
11/4/2024 21:30,0,166,,,,,,,,,,,,,,,,,,
11/4/2024 21:15,0,166,,,,,,,,,,,,,,,,,,
11/4/2024 21:00,0,166,,,,,,,,,,,,,,,,,,
11/4/2024 20:45,0,166,,,,,,,,,,,,,,,,,,
11/4/2024 20:30,0,166,,,,,,,,,,,,,,,,,,
11/4/2024 20:15,0,167,,,,,,,,,,,,,,,,,,
11/4/2024 20:00,0,167,,,,,,,,,,,,,,,,,,
11/4/2024 19:45,0,167,,,,,,,,,,,,,,,,,,
11/4/2024 19:30,0,167,,,,,,,,,,,,,,,,,,
11/4/2024 19:15,0,167,,,,,,,,,,,,,,,,,,
11/4/2024 19:00,0,167,,,,,,,,,,,,,,,,,,
11/4/2024 18:45,0,167,,,,,,,,,,,,,,,,,,
11/4/2024 18:30,0,167,,,,,,,,,,,,,,,,,,
11/4/2024 18:15,0,167,,,,,,,,,,,,,,,,,,
11/4/2024 18:00,0,167,,,,,,,,,,,,,,,,,,
11/4/2024 17:45,0,167,,,,,,,,,,,,,,,,,,
11/4/2024 17:30,0.2,167,,,,,,,,,,,,,,,,,,
11/4/2024 17:15,0.4,167,,,,,,,,,,,,,,,,,,
11/4/2024 17:00,0,167,,,,,,,,,,,,,,,,,,
11/4/2024 16:45,0,167,,,,,,,,,,,,,,,,,,
11/4/2024 16:30,0,167,,,,,,,,,,,,,,,,,,
11/4/2024 16:15,0,167,,,,,,,,,,,,,,,,,,
11/4/2024 16:00,0,167,,,,,,,,,,,,,,,,,,
11/4/2024 15:45,0,167,,,,,,,,,,,,,,,,,,
11/4/2024 15:30,0,166,,,,,,,,,,,,,,,,,,
11/4/2024 15:15,0,166,,,,,,,,,,,,,,,,,,
11/4/2024 15:00,0,167,,,,,,,,,,,,,,,,,,
11/4/2024 14:45,0,166,,,,,,,,,,,,,,,,,,
11/4/2024 14:30,0,166,,,,,,,,,,,,,,,,,,
11/4/2024 14:15,0,166,,,,,,,,,,,,,,,,,,
11/4/2024 14:00,0,165,,,,,,,,,,,,,,,,,,
11/4/2024 13:45,0,165,,,,,,,,,,,,,,,,,,
11/4/2024 13:30,0,165,,,,,,,,,,,,,,,,,,
11/4/2024 13:15,0.2,164,,,,,,,,,,,,,,,,,,
11/4/2024 13:00,0,165,,,,,,,,,,,,,,,,,,
11/4/2024 12:45,0,164,,,,,,,,,,,,,,,,,,
11/4/2024 12:30,0,164,,,,,,,,,,,,,,,,,,
11/4/2024 12:15,0,164,,,,,,,,,,,,,,,,,,
11/4/2024 12:00,0,163,,,,,,,,,,,,,,,,,,
11/4/2024 11:45,0,163,,,,,,,,,,,,,,,,,,
11/4/2024 11:30,0,163,,,,,,,,,,,,,,,,,,
11/4/2024 11:15,0,162,,,,,,,,,,,,,,,,,,
11/4/2024 11:00,0,162,,,,,,,,,,,,,,,,,,
11/4/2024 10:45,0,161,,,,,,,,,,,,,,,,,,
11/4/2024 10:30,0,161,,,,,,,,,,,,,,,,,,
11/4/2024 10:15,0,161,,,,,,,,,,,,,,,,,,
11/4/2024 10:00,0,160,,,,,,,,,,,,,,,,,,
11/4/2024 9:45,0,160,,,,,,,,,,,,,,,,,,
11/4/2024 9:30,0,160,,,,,,,,,,,,,,,,,,
11/4/2024 9:15,0,159,,,,,,,,,,,,,,,,,,
11/4/2024 9:00,0,159,,,,,,,,,,,,,,,,,,
11/4/2024 8:45,0,158,,,,,,,,,,,,,,,,,,
11/4/2024 8:30,0,158,,,,,,,,,,,,,,,,,,
11/4/2024 8:15,0,158,,,,,,,,,,,,,,,,,,
11/4/2024 8:00,0,158,,,,,,,,,,,,,,,,,,
11/4/2024 7:45,0.2,158,,,,,,,,,,,,,,,,,,
11/4/2024 7:30,0,157,,,,,,,,,,,,,,,,,,
11/4/2024 7:15,0,157,,,,,,,,,,,,,,,,,,
11/4/2024 7:00,0,157,,,,,,,,,,,,,,,,,,
11/4/2024 6:45,0,157,,,,,,,,,,,,,,,,,,
11/4/2024 6:30,0,156,,,,,,,,,,,,,,,,,,
11/4/2024 6:15,0,157,,,,,,,,,,,,,,,,,,
11/4/2024 6:00,0,156,,,,,,,,,,,,,,,,,,
11/4/2024 5:45,0.4,156,,,,,,,,,,,,,,,,,,
11/4/2024 5:30,0.4,156,,,,,,,,,,,,,,,,,,
11/4/2024 5:15,0.2,156,,,,,,,,,,,,,,,,,,
11/4/2024 5:00,0.2,156,,,,,,,,,,,,,,,,,,
11/4/2024 4:45,0,156,,,,,,,,,,,,,,,,,,
11/4/2024 4:30,0,156,,,,,,,,,,,,,,,,,,
11/4/2024 4:15,0,156,,,,,,,,,,,,,,,,,,
11/4/2024 4:00,0.2,156,,,,,,,,,,,,,,,,,,
11/4/2024 3:45,0.2,156,,,,,,,,,,,,,,,,,,
11/4/2024 3:30,0,156,,,,,,,,,,,,,,,,,,
11/4/2024 3:15,0,156,,,,,,,,,,,,,,,,,,
11/4/2024 3:00,0,156,,,,,,,,,,,,,,,,,,
11/4/2024 2:45,0,156,,,,,,,,,,,,,,,,,,
11/4/2024 2:30,0,156,,,,,,,,,,,,,,,,,,
11/4/2024 2:15,0,156,,,,,,,,,,,,,,,,,,
11/4/2024 2:00,0,157,,,,,,,,,,,,,,,,,,
11/4/2024 1:45,0,157,,,,,,,,,,,,,,,,,,
11/4/2024 1:30,0,157,,,,,,,,,,,,,,,,,,
11/4/2024 1:15,0,157,,,,,,,,,,,,,,,,,,
11/4/2024 1:00,0,158,,,,,,,,,,,,,,,,,,
11/4/2024 0:45,0,158,,,,,,,,,,,,,,,,,,
11/4/2024 0:30,0,158,,,,,,,,,,,,,,,,,,
11/4/2024 0:15,0,159,,,,,,,,,,,,,,,,,,
11/4/2024 0:00,0,159,,,,,,,,,,,,,,,,,,
10/4/2024 23:45,0,160,,,,,,,,,,,,,,,,,,
10/4/2024 23:30,0,160,,,,,,,,,,,,,,,,,,
10/4/2024 23:15,0,160,,,,,,,,,,,,,,,,,,
10/4/2024 23:00,0,161,,,,,,,,,,,,,,,,,,
10/4/2024 22:45,0,161,,,,,,,,,,,,,,,,,,
10/4/2024 22:30,0,161,,,,,,,,,,,,,,,,,,
10/4/2024 22:15,0,161,,,,,,,,,,,,,,,,,,
10/4/2024 22:00,0,162,,,,,,,,,,,,,,,,,,
10/4/2024 21:45,0,162,,,,,,,,,,,,,,,,,,
10/4/2024 21:30,0,163,,,,,,,,,,,,,,,,,,
10/4/2024 21:15,0,163,,,,,,,,,,,,,,,,,,
10/4/2024 21:00,0,164,,,,,,,,,,,,,,,,,,
10/4/2024 20:45,0,164,,,,,,,,,,,,,,,,,,
10/4/2024 20:30,0,164,,,,,,,,,,,,,,,,,,
10/4/2024 20:15,0,165,,,,,,,,,,,,,,,,,,
10/4/2024 20:00,0,165,,,,,,,,,,,,,,,,,,
10/4/2024 19:45,0,165,,,,,,,,,,,,,,,,,,
10/4/2024 19:30,0,166,,,,,,,,,,,,,,,,,,
10/4/2024 19:15,0,166,,,,,,,,,,,,,,,,,,
10/4/2024 19:00,0,166,,,,,,,,,,,,,,,,,,
10/4/2024 18:45,0,166,,,,,,,,,,,,,,,,,,
10/4/2024 18:30,0,167,,,,,,,,,,,,,,,,,,
10/4/2024 18:15,0,167,,,,,,,,,,,,,,,,,,
10/4/2024 18:00,0,167,,,,,,,,,,,,,,,,,,
10/4/2024 17:45,0,167,,,,,,,,,,,,,,,,,,
10/4/2024 17:30,0,167,,,,,,,,,,,,,,,,,,
10/4/2024 17:15,0,168,,,,,,,,,,,,,,,,,,
10/4/2024 17:00,0,168,,,,,,,,,,,,,,,,,,
10/4/2024 16:45,0,168,,,,,,,,,,,,,,,,,,
10/4/2024 16:30,0,168,,,,,,,,,,,,,,,,,,
10/4/2024 16:15,0,168,,,,,,,,,,,,,,,,,,
10/4/2024 16:00,0,168,,,,,,,,,,,,,,,,,,
10/4/2024 15:45,0,169,,,,,,,,,,,,,,,,,,
10/4/2024 15:30,0,169,,,,,,,,,,,,,,,,,,
10/4/2024 15:15,0,169,,,,,,,,,,,,,,,,,,
10/4/2024 15:00,0,169,,,,,,,,,,,,,,,,,,
10/4/2024 14:45,0,169,,,,,,,,,,,,,,,,,,
10/4/2024 14:30,0,170,,,,,,,,,,,,,,,,,,
10/4/2024 14:15,0,169,,,,,,,,,,,,,,,,,,
10/4/2024 14:00,0,170,,,,,,,,,,,,,,,,,,
10/4/2024 13:45,0,169,,,,,,,,,,,,,,,,,,
10/4/2024 13:30,0,169,,,,,,,,,,,,,,,,,,
10/4/2024 13:15,0,169,,,,,,,,,,,,,,,,,,
10/4/2024 13:00,0,169,,,,,,,,,,,,,,,,,,
10/4/2024 12:45,0,169,,,,,,,,,,,,,,,,,,
10/4/2024 12:30,0,170,,,,,,,,,,,,,,,,,,
10/4/2024 12:15,0,170,,,,,,,,,,,,,,,,,,
10/4/2024 12:00,0,170,,,,,,,,,,,,,,,,,,
10/4/2024 11:45,0,169,,,,,,,,,,,,,,,,,,
10/4/2024 11:30,0,169,,,,,,,,,,,,,,,,,,
10/4/2024 11:15,0,169,,,,,,,,,,,,,,,,,,
10/4/2024 11:00,0,169,,,,,,,,,,,,,,,,,,
10/4/2024 10:45,0,169,,,,,,,,,,,,,,,,,,
10/4/2024 10:30,0.2,169,,,,,,,,,,,,,,,,,,
10/4/2024 10:15,0,169,,,,,,,,,,,,,,,,,,
10/4/2024 10:00,0,169,,,,,,,,,,,,,,,,,,
10/4/2024 9:45,0,169,,,,,,,,,,,,,,,,,,
10/4/2024 9:30,0,169,,,,,,,,,,,,,,,,,,
10/4/2024 9:15,0,169,,,,,,,,,,,,,,,,,,
10/4/2024 9:00,0,168,,,,,,,,,,,,,,,,,,
10/4/2024 8:45,0,168,,,,,,,,,,,,,,,,,,
10/4/2024 8:30,0,169,,,,,,,,,,,,,,,,,,
10/4/2024 8:15,0,168,,,,,,,,,,,,,,,,,,
10/4/2024 8:00,0,168,,,,,,,,,,,,,,,,,,
10/4/2024 7:45,0,168,,,,,,,,,,,,,,,,,,
10/4/2024 7:30,0,168,,,,,,,,,,,,,,,,,,
10/4/2024 7:15,0,167,,,,,,,,,,,,,,,,,,
10/4/2024 7:00,0,167,,,,,,,,,,,,,,,,,,
10/4/2024 6:45,0,167,,,,,,,,,,,,,,,,,,
10/4/2024 6:30,0,167,,,,,,,,,,,,,,,,,,
10/4/2024 6:15,0,167,,,,,,,,,,,,,,,,,,
10/4/2024 6:00,0,167,,,,,,,,,,,,,,,,,,
10/4/2024 5:45,0,167,,,,,,,,,,,,,,,,,,
10/4/2024 5:30,0,167,,,,,,,,,,,,,,,,,,
10/4/2024 5:15,0,166,,,,,,,,,,,,,,,,,,
10/4/2024 5:00,0,167,,,,,,,,,,,,,,,,,,
10/4/2024 4:45,0,166,,,,,,,,,,,,,,,,,,
10/4/2024 4:30,0,166,,,,,,,,,,,,,,,,,,
10/4/2024 4:15,0,166,,,,,,,,,,,,,,,,,,
10/4/2024 4:00,0,166,,,,,,,,,,,,,,,,,,
10/4/2024 3:45,0,166,,,,,,,,,,,,,,,,,,
10/4/2024 3:30,0,166,,,,,,,,,,,,,,,,,,
10/4/2024 3:15,0,166,,,,,,,,,,,,,,,,,,
10/4/2024 3:00,0,166,,,,,,,,,,,,,,,,,,
10/4/2024 2:45,0,166,,,,,,,,,,,,,,,,,,
10/4/2024 2:30,0,166,,,,,,,,,,,,,,,,,,
10/4/2024 2:15,0,166,,,,,,,,,,,,,,,,,,
10/4/2024 2:00,0,166,,,,,,,,,,,,,,,,,,
10/4/2024 1:45,0,166,,,,,,,,,,,,,,,,,,
10/4/2024 1:30,0,167,,,,,,,,,,,,,,,,,,
10/4/2024 1:15,0,166,,,,,,,,,,,,,,,,,,
10/4/2024 1:00,0,167,,,,,,,,,,,,,,,,,,
10/4/2024 0:45,0,167,,,,,,,,,,,,,,,,,,
10/4/2024 0:30,0,167,,,,,,,,,,,,,,,,,,
10/4/2024 0:15,0,167,,,,,,,,,,,,,,,,,,
10/4/2024 0:00,0,167,,,,,,,,,,,,,,,,,,
9/4/2024 23:45,0,168,,,,,,,,,,,,,,,,,,
9/4/2024 23:30,0,168,,,,,,,,,,,,,,,,,,
9/4/2024 23:15,0,168,,,,,,,,,,,,,,,,,,
9/4/2024 23:00,0,168,,,,,,,,,,,,,,,,,,
9/4/2024 22:45,0,168,,,,,,,,,,,,,,,,,,
9/4/2024 22:30,0,169,,,,,,,,,,,,,,,,,,
9/4/2024 22:15,0,169,,,,,,,,,,,,,,,,,,
9/4/2024 22:00,0,169,,,,,,,,,,,,,,,,,,
9/4/2024 21:45,0,169,,,,,,,,,,,,,,,,,,
9/4/2024 21:30,0,170,,,,,,,,,,,,,,,,,,
9/4/2024 21:15,0,170,,,,,,,,,,,,,,,,,,
9/4/2024 21:00,0,170,,,,,,,,,,,,,,,,,,
9/4/2024 20:45,0,171,,,,,,,,,,,,,,,,,,
9/4/2024 20:30,0,171,,,,,,,,,,,,,,,,,,
9/4/2024 20:15,0,170,,,,,,,,,,,,,,,,,,
9/4/2024 20:00,0,171,,,,,,,,,,,,,,,,,,
9/4/2024 19:45,0,171,,,,,,,,,,,,,,,,,,
9/4/2024 19:30,0,172,,,,,,,,,,,,,,,,,,
9/4/2024 19:15,0,172,,,,,,,,,,,,,,,,,,
9/4/2024 19:00,0,172,,,,,,,,,,,,,,,,,,
9/4/2024 18:45,0,172,,,,,,,,,,,,,,,,,,
9/4/2024 18:30,0,173,,,,,,,,,,,,,,,,,,
9/4/2024 18:15,0,173,,,,,,,,,,,,,,,,,,
9/4/2024 18:00,0,173,,,,,,,,,,,,,,,,,,
9/4/2024 17:45,0,173,,,,,,,,,,,,,,,,,,
9/4/2024 17:30,0,173,,,,,,,,,,,,,,,,,,
9/4/2024 17:15,0,173,,,,,,,,,,,,,,,,,,
9/4/2024 17:00,0,174,,,,,,,,,,,,,,,,,,
9/4/2024 16:45,0,174,,,,,,,,,,,,,,,,,,
9/4/2024 16:30,0,174,,,,,,,,,,,,,,,,,,
9/4/2024 16:15,0,174,,,,,,,,,,,,,,,,,,
9/4/2024 16:00,0,173,,,,,,,,,,,,,,,,,,
9/4/2024 15:45,0,174,,,,,,,,,,,,,,,,,,
9/4/2024 15:30,0,174,,,,,,,,,,,,,,,,,,
9/4/2024 15:15,0,174,,,,,,,,,,,,,,,,,,
9/4/2024 15:00,0,174,,,,,,,,,,,,,,,,,,
9/4/2024 14:45,0,174,,,,,,,,,,,,,,,,,,
9/4/2024 14:30,0,173,,,,,,,,,,,,,,,,,,
9/4/2024 14:15,0,174,,,,,,,,,,,,,,,,,,
9/4/2024 14:00,0,173,,,,,,,,,,,,,,,,,,
9/4/2024 13:45,0,173,,,,,,,,,,,,,,,,,,
9/4/2024 13:30,0,173,,,,,,,,,,,,,,,,,,
9/4/2024 13:15,0,174,,,,,,,,,,,,,,,,,,
9/4/2024 13:00,0,173,,,,,,,,,,,,,,,,,,
9/4/2024 12:45,0,173,,,,,,,,,,,,,,,,,,
9/4/2024 12:30,0,173,,,,,,,,,,,,,,,,,,
9/4/2024 12:15,0,173,,,,,,,,,,,,,,,,,,
9/4/2024 12:00,0,173,,,,,,,,,,,,,,,,,,
9/4/2024 11:45,0,172,,,,,,,,,,,,,,,,,,
9/4/2024 11:30,0,173,,,,,,,,,,,,,,,,,,
9/4/2024 11:15,0,172,,,,,,,,,,,,,,,,,,
9/4/2024 11:00,0,172,,,,,,,,,,,,,,,,,,
9/4/2024 10:45,0,172,,,,,,,,,,,,,,,,,,
9/4/2024 10:30,0,172,,,,,,,,,,,,,,,,,,
9/4/2024 10:15,0,172,,,,,,,,,,,,,,,,,,
9/4/2024 10:00,0,171,,,,,,,,,,,,,,,,,,
9/4/2024 9:45,0,171,,,,,,,,,,,,,,,,,,
9/4/2024 9:30,0,171,,,,,,,,,,,,,,,,,,
9/4/2024 9:15,0,171,,,,,,,,,,,,,,,,,,
9/4/2024 9:00,0,170,,,,,,,,,,,,,,,,,,
9/4/2024 8:45,0,170,,,,,,,,,,,,,,,,,,
9/4/2024 8:30,0,170,,,,,,,,,,,,,,,,,,
9/4/2024 8:15,0,170,,,,,,,,,,,,,,,,,,
9/4/2024 8:00,0,170,,,,,,,,,,,,,,,,,,
9/4/2024 7:45,0,169,,,,,,,,,,,,,,,,,,
9/4/2024 7:30,0,170,,,,,,,,,,,,,,,,,,
9/4/2024 7:15,0,170,,,,,,,,,,,,,,,,,,
9/4/2024 7:00,0,169,,,,,,,,,,,,,,,,,,
9/4/2024 6:45,0,169,,,,,,,,,,,,,,,,,,
9/4/2024 6:30,0,169,,,,,,,,,,,,,,,,,,
9/4/2024 6:15,0,169,,,,,,,,,,,,,,,,,,
9/4/2024 6:00,0,169,,,,,,,,,,,,,,,,,,
9/4/2024 5:45,0,169,,,,,,,,,,,,,,,,,,
9/4/2024 5:30,0,169,,,,,,,,,,,,,,,,,,
9/4/2024 5:15,0,169,,,,,,,,,,,,,,,,,,
9/4/2024 5:00,0,169,,,,,,,,,,,,,,,,,,
9/4/2024 4:45,0,169,,,,,,,,,,,,,,,,,,
9/4/2024 4:30,0,169,,,,,,,,,,,,,,,,,,
9/4/2024 4:15,0,169,,,,,,,,,,,,,,,,,,
9/4/2024 4:00,0,169,,,,,,,,,,,,,,,,,,
9/4/2024 3:45,0,168,,,,,,,,,,,,,,,,,,
9/4/2024 3:30,0,168,,,,,,,,,,,,,,,,,,
9/4/2024 3:15,0,168,,,,,,,,,,,,,,,,,,
9/4/2024 3:00,0,168,,,,,,,,,,,,,,,,,,
9/4/2024 2:45,0,168,,,,,,,,,,,,,,,,,,
9/4/2024 2:30,0,168,,,,,,,,,,,,,,,,,,
9/4/2024 2:15,0,168,,,,,,,,,,,,,,,,,,
9/4/2024 2:00,0,168,,,,,,,,,,,,,,,,,,
9/4/2024 1:45,0,168,,,,,,,,,,,,,,,,,,
9/4/2024 1:30,0,168,,,,,,,,,,,,,,,,,,
9/4/2024 1:15,0,169,,,,,,,,,,,,,,,,,,
9/4/2024 1:00,0,168,,,,,,,,,,,,,,,,,,
9/4/2024 0:45,0,169,,,,,,,,,,,,,,,,,,
9/4/2024 0:30,0,168,,,,,,,,,,,,,,,,,,
9/4/2024 0:15,0,169,,,,,,,,,,,,,,,,,,
9/4/2024 0:00,0,169,,,,,,,,,,,,,,,,,,
8/4/2024 23:45,0,169,,,,,,,,,,,,,,,,,,
8/4/2024 23:30,0,169,,,,,,,,,,,,,,,,,,
8/4/2024 23:15,0,169,,,,,,,,,,,,,,,,,,
8/4/2024 23:00,0,169,,,,,,,,,,,,,,,,,,
8/4/2024 22:45,0,169,,,,,,,,,,,,,,,,,,
8/4/2024 22:30,0,169,,,,,,,,,,,,,,,,,,
8/4/2024 22:15,0,169,,,,,,,,,,,,,,,,,,
8/4/2024 22:00,0,169,,,,,,,,,,,,,,,,,,
8/4/2024 21:45,0,170,,,,,,,,,,,,,,,,,,
8/4/2024 21:30,0,170,,,,,,,,,,,,,,,,,,
8/4/2024 21:15,0,170,,,,,,,,,,,,,,,,,,
8/4/2024 21:00,0,170,,,,,,,,,,,,,,,,,,
8/4/2024 20:45,0,170,,,,,,,,,,,,,,,,,,
8/4/2024 20:30,0,170,,,,,,,,,,,,,,,,,,
8/4/2024 20:15,0,171,,,,,,,,,,,,,,,,,,
8/4/2024 20:00,0,170,,,,,,,,,,,,,,,,,,
8/4/2024 19:45,0,171,,,,,,,,,,,,,,,,,,
8/4/2024 19:30,0,171,,,,,,,,,,,,,,,,,,
8/4/2024 19:15,0,172,,,,,,,,,,,,,,,,,,
8/4/2024 19:00,0,171,,,,,,,,,,,,,,,,,,
8/4/2024 18:45,0,171,,,,,,,,,,,,,,,,,,
8/4/2024 18:30,0,172,,,,,,,,,,,,,,,,,,
8/4/2024 18:15,0,172,,,,,,,,,,,,,,,,,,
8/4/2024 18:00,0,172,,,,,,,,,,,,,,,,,,
8/4/2024 17:45,0,172,,,,,,,,,,,,,,,,,,
8/4/2024 17:30,0,173,,,,,,,,,,,,,,,,,,
8/4/2024 17:15,0,172,,,,,,,,,,,,,,,,,,
8/4/2024 17:00,0,172,,,,,,,,,,,,,,,,,,
8/4/2024 16:45,0,172,,,,,,,,,,,,,,,,,,
8/4/2024 16:30,0,172,,,,,,,,,,,,,,,,,,
8/4/2024 16:15,0,173,,,,,,,,,,,,,,,,,,
8/4/2024 16:00,0,172,,,,,,,,,,,,,,,,,,
8/4/2024 15:45,0,172,,,,,,,,,,,,,,,,,,
8/4/2024 15:30,0,173,,,,,,,,,,,,,,,,,,
8/4/2024 15:15,0,173,,,,,,,,,,,,,,,,,,
8/4/2024 15:00,0,173,,,,,,,,,,,,,,,,,,
8/4/2024 14:45,0,173,,,,,,,,,,,,,,,,,,
8/4/2024 14:30,0,173,,,,,,,,,,,,,,,,,,
8/4/2024 14:15,0,173,,,,,,,,,,,,,,,,,,
8/4/2024 14:00,0,173,,,,,,,,,,,,,,,,,,
8/4/2024 13:45,0,173,,,,,,,,,,,,,,,,,,
8/4/2024 13:30,0,173,,,,,,,,,,,,,,,,,,
8/4/2024 13:15,0,172,,,,,,,,,,,,,,,,,,
8/4/2024 13:00,0,172,,,,,,,,,,,,,,,,,,
8/4/2024 12:45,0,173,,,,,,,,,,,,,,,,,,
8/4/2024 12:30,0,172,,,,,,,,,,,,,,,,,,
8/4/2024 12:15,0,172,,,,,,,,,,,,,,,,,,
8/4/2024 12:00,0,172,,,,,,,,,,,,,,,,,,
8/4/2024 11:45,0,172,,,,,,,,,,,,,,,,,,
8/4/2024 11:30,0,172,,,,,,,,,,,,,,,,,,
8/4/2024 11:15,0,172,,,,,,,,,,,,,,,,,,
8/4/2024 11:00,0,171,,,,,,,,,,,,,,,,,,
8/4/2024 10:45,0,171,,,,,,,,,,,,,,,,,,
8/4/2024 10:30,0,171,,,,,,,,,,,,,,,,,,
8/4/2024 10:15,0,170,,,,,,,,,,,,,,,,,,
8/4/2024 10:00,0,171,,,,,,,,,,,,,,,,,,
8/4/2024 9:45,0,171,,,,,,,,,,,,,,,,,,
8/4/2024 9:30,0,170,,,,,,,,,,,,,,,,,,
8/4/2024 9:15,0,170,,,,,,,,,,,,,,,,,,
8/4/2024 9:00,0,170,,,,,,,,,,,,,,,,,,
8/4/2024 8:45,0,170,,,,,,,,,,,,,,,,,,
8/4/2024 8:30,0,169,,,,,,,,,,,,,,,,,,
8/4/2024 8:15,0,169,,,,,,,,,,,,,,,,,,
8/4/2024 8:00,0,169,,,,,,,,,,,,,,,,,,
8/4/2024 7:45,0,169,,,,,,,,,,,,,,,,,,
8/4/2024 7:30,0,169,,,,,,,,,,,,,,,,,,
8/4/2024 7:15,0,169,,,,,,,,,,,,,,,,,,
8/4/2024 7:00,0,169,,,,,,,,,,,,,,,,,,
8/4/2024 6:45,0,168,,,,,,,,,,,,,,,,,,
8/4/2024 6:30,0,169,,,,,,,,,,,,,,,,,,
8/4/2024 6:15,0,168,,,,,,,,,,,,,,,,,,
8/4/2024 6:00,0,168,,,,,,,,,,,,,,,,,,
8/4/2024 5:45,0,168,,,,,,,,,,,,,,,,,,
8/4/2024 5:30,0,168,,,,,,,,,,,,,,,,,,
8/4/2024 5:15,0,168,,,,,,,,,,,,,,,,,,
8/4/2024 5:00,0,168,,,,,,,,,,,,,,,,,,
8/4/2024 4:45,0,167,,,,,,,,,,,,,,,,,,
8/4/2024 4:30,0,167,,,,,,,,,,,,,,,,,,
8/4/2024 4:15,0,167,,,,,,,,,,,,,,,,,,
8/4/2024 4:00,0,167,,,,,,,,,,,,,,,,,,
8/4/2024 3:45,0,167,,,,,,,,,,,,,,,,,,
8/4/2024 3:30,0,167,,,,,,,,,,,,,,,,,,
8/4/2024 3:15,0,167,,,,,,,,,,,,,,,,,,
8/4/2024 3:00,0,167,,,,,,,,,,,,,,,,,,
8/4/2024 2:45,0,167,,,,,,,,,,,,,,,,,,
8/4/2024 2:30,0,167,,,,,,,,,,,,,,,,,,
8/4/2024 2:15,0,167,,,,,,,,,,,,,,,,,,
8/4/2024 2:00,0,167,,,,,,,,,,,,,,,,,,
8/4/2024 1:45,0,167,,,,,,,,,,,,,,,,,,
8/4/2024 1:30,0,167,,,,,,,,,,,,,,,,,,
8/4/2024 1:15,0,167,,,,,,,,,,,,,,,,,,
8/4/2024 1:00,0,167,,,,,,,,,,,,,,,,,,
8/4/2024 0:45,0,167,,,,,,,,,,,,,,,,,,
8/4/2024 0:30,0,167,,,,,,,,,,,,,,,,,,
8/4/2024 0:15,0,168,,,,,,,,,,,,,,,,,,
8/4/2024 0:00,0,168,,,,,,,,,,,,,,,,,,
7/4/2024 23:45,0,168,,,,,,,,,,,,,,,,,,
7/4/2024 23:30,0,168,,,,,,,,,,,,,,,,,,
7/4/2024 23:15,0,168,,,,,,,,,,,,,,,,,,
7/4/2024 23:00,0,168,,,,,,,,,,,,,,,,,,
7/4/2024 22:45,0,168,,,,,,,,,,,,,,,,,,
7/4/2024 22:30,0,169,,,,,,,,,,,,,,,,,,
7/4/2024 22:15,0,168,,,,,,,,,,,,,,,,,,
7/4/2024 22:00,0,169,,,,,,,,,,,,,,,,,,
7/4/2024 21:45,0,169,,,,,,,,,,,,,,,,,,
7/4/2024 21:30,0,169,,,,,,,,,,,,,,,,,,
7/4/2024 21:15,0,169,,,,,,,,,,,,,,,,,,
7/4/2024 21:00,0,169,,,,,,,,,,,,,,,,,,
7/4/2024 20:45,0,169,,,,,,,,,,,,,,,,,,
7/4/2024 20:30,0,170,,,,,,,,,,,,,,,,,,
7/4/2024 20:15,0,170,,,,,,,,,,,,,,,,,,
7/4/2024 20:00,0.2,170,,,,,,,,,,,,,,,,,,
7/4/2024 19:45,0.2,170,,,,,,,,,,,,,,,,,,
7/4/2024 19:30,0.2,170,,,,,,,,,,,,,,,,,,
7/4/2024 19:15,0.2,170,,,,,,,,,,,,,,,,,,
7/4/2024 19:00,0,170,,,,,,,,,,,,,,,,,,
7/4/2024 18:45,0,170,,,,,,,,,,,,,,,,,,
7/4/2024 18:30,0,170,,,,,,,,,,,,,,,,,,
7/4/2024 18:15,0.2,171,,,,,,,,,,,,,,,,,,
7/4/2024 18:00,0.2,171,,,,,,,,,,,,,,,,,,
7/4/2024 17:45,0.6,170,,,,,,,,,,,,,,,,,,
7/4/2024 17:30,0.6,171,,,,,,,,,,,,,,,,,,
7/4/2024 17:15,0,171,,,,,,,,,,,,,,,,,,
7/4/2024 17:00,0,171,,,,,,,,,,,,,,,,,,
7/4/2024 16:45,0,171,,,,,,,,,,,,,,,,,,
7/4/2024 16:30,0,171,,,,,,,,,,,,,,,,,,
7/4/2024 16:15,0,171,,,,,,,,,,,,,,,,,,
7/4/2024 16:00,0,171,,,,,,,,,,,,,,,,,,
7/4/2024 15:45,0,171,,,,,,,,,,,,,,,,,,
7/4/2024 15:30,0,171,,,,,,,,,,,,,,,,,,
7/4/2024 15:15,0,171,,,,,,,,,,,,,,,,,,
7/4/2024 15:00,0,169,,,,,,,,,,,,,,,,,,
7/4/2024 14:45,0,171,,,,,,,,,,,,,,,,,,
7/4/2024 14:30,0,171,,,,,,,,,,,,,,,,,,
7/4/2024 14:15,0,171,,,,,,,,,,,,,,,,,,
7/4/2024 14:00,0,171,,,,,,,,,,,,,,,,,,
7/4/2024 13:45,0,171,,,,,,,,,,,,,,,,,,
7/4/2024 13:30,0,171,,,,,,,,,,,,,,,,,,
7/4/2024 13:15,0,171,,,,,,,,,,,,,,,,,,
7/4/2024 13:00,0,171,,,,,,,,,,,,,,,,,,
7/4/2024 12:45,0,170,,,,,,,,,,,,,,,,,,
7/4/2024 12:30,0,170,,,,,,,,,,,,,,,,,,
7/4/2024 12:15,0,170,,,,,,,,,,,,,,,,,,
7/4/2024 12:00,0,169,,,,,,,,,,,,,,,,,,
7/4/2024 11:45,0,169,,,,,,,,,,,,,,,,,,
7/4/2024 11:30,0,168,,,,,,,,,,,,,,,,,,
7/4/2024 11:15,0,168,,,,,,,,,,,,,,,,,,
7/4/2024 11:00,0,168,,,,,,,,,,,,,,,,,,
7/4/2024 10:45,0,167,,,,,,,,,,,,,,,,,,
7/4/2024 10:30,0,167,,,,,,,,,,,,,,,,,,
7/4/2024 10:15,0,167,,,,,,,,,,,,,,,,,,
7/4/2024 10:00,0,166,,,,,,,,,,,,,,,,,,
7/4/2024 9:45,0,166,,,,,,,,,,,,,,,,,,
7/4/2024 9:30,0,162,,,,,,,,,,,,,,,,,,
7/4/2024 9:15,0,164,,,,,,,,,,,,,,,,,,
7/4/2024 9:00,0,163,,,,,,,,,,,,,,,,,,
7/4/2024 8:45,0.2,163,,,,,,,,,,,,,,,,,,
7/4/2024 8:30,0.2,163,,,,,,,,,,,,,,,,,,
7/4/2024 8:15,0.8,163,,,,,,,,,,,,,,,,,,
7/4/2024 8:00,0.8,163,,,,,,,,,,,,,,,,,,
7/4/2024 7:45,0.6,164,,,,,,,,,,,,,,,,,,
7/4/2024 7:30,1,163,,,,,,,,,,,,,,,,,,
7/4/2024 7:15,0.6,163,,,,,,,,,,,,,,,,,,
7/4/2024 7:00,0.6,163,,,,,,,,,,,,,,,,,,
7/4/2024 6:45,0,163,,,,,,,,,,,,,,,,,,
7/4/2024 6:30,0,163,,,,,,,,,,,,,,,,,,
7/4/2024 6:15,0,163,,,,,,,,,,,,,,,,,,
7/4/2024 6:00,0,163,,,,,,,,,,,,,,,,,,
7/4/2024 5:45,0,163,,,,,,,,,,,,,,,,,,
7/4/2024 5:30,0,163,,,,,,,,,,,,,,,,,,
7/4/2024 5:15,0,163,,,,,,,,,,,,,,,,,,
7/4/2024 5:00,0,163,,,,,,,,,,,,,,,,,,
7/4/2024 4:45,0,163,,,,,,,,,,,,,,,,,,
7/4/2024 4:30,0,163,,,,,,,,,,,,,,,,,,
7/4/2024 4:15,0,163,,,,,,,,,,,,,,,,,,
7/4/2024 4:00,0,163,,,,,,,,,,,,,,,,,,
7/4/2024 3:45,0,163,,,,,,,,,,,,,,,,,,
7/4/2024 3:30,0,163,,,,,,,,,,,,,,,,,,
7/4/2024 3:15,0,163,,,,,,,,,,,,,,,,,,
7/4/2024 3:00,0,163,,,,,,,,,,,,,,,,,,
7/4/2024 2:45,0,163,,,,,,,,,,,,,,,,,,
7/4/2024 2:30,0,163,,,,,,,,,,,,,,,,,,
7/4/2024 2:15,0,163,,,,,,,,,,,,,,,,,,
7/4/2024 2:00,0,163,,,,,,,,,,,,,,,,,,
7/4/2024 1:45,0,164,,,,,,,,,,,,,,,,,,
7/4/2024 1:30,0,164,,,,,,,,,,,,,,,,,,
7/4/2024 1:15,0,164,,,,,,,,,,,,,,,,,,
7/4/2024 1:00,0,164,,,,,,,,,,,,,,,,,,
7/4/2024 0:45,0,165,,,,,,,,,,,,,,,,,,
7/4/2024 0:30,0,165,,,,,,,,,,,,,,,,,,
7/4/2024 0:15,0,165,,,,,,,,,,,,,,,,,,
7/4/2024 0:00,0,165,,,,,,,,,,,,,,,,,,
6/4/2024 23:45,0,166,,,,,,,,,,,,,,,,,,
6/4/2024 23:30,0,166,,,,,,,,,,,,,,,,,,
6/4/2024 23:15,0,167,,,,,,,,,,,,,,,,,,
6/4/2024 23:00,0,167,,,,,,,,,,,,,,,,,,
6/4/2024 22:45,0,167,,,,,,,,,,,,,,,,,,
6/4/2024 22:30,0,167,,,,,,,,,,,,,,,,,,
6/4/2024 22:15,0,168,,,,,,,,,,,,,,,,,,
6/4/2024 22:00,0,168,,,,,,,,,,,,,,,,,,
6/4/2024 21:45,0,168,,,,,,,,,,,,,,,,,,
6/4/2024 21:30,0,169,,,,,,,,,,,,,,,,,,
6/4/2024 21:15,0,169,,,,,,,,,,,,,,,,,,
6/4/2024 21:00,0,169,,,,,,,,,,,,,,,,,,
6/4/2024 20:45,0,169,,,,,,,,,,,,,,,,,,
6/4/2024 20:30,0,170,,,,,,,,,,,,,,,,,,
6/4/2024 20:15,0,170,,,,,,,,,,,,,,,,,,
6/4/2024 20:00,0,170,,,,,,,,,,,,,,,,,,
6/4/2024 19:45,0,170,,,,,,,,,,,,,,,,,,
6/4/2024 19:30,0,171,,,,,,,,,,,,,,,,,,
6/4/2024 19:15,0,170,,,,,,,,,,,,,,,,,,
6/4/2024 19:00,0,170,,,,,,,,,,,,,,,,,,
6/4/2024 18:45,0,171,,,,,,,,,,,,,,,,,,
6/4/2024 18:30,0,171,,,,,,,,,,,,,,,,,,
6/4/2024 18:15,0,172,,,,,,,,,,,,,,,,,,
6/4/2024 18:00,0,171,,,,,,,,,,,,,,,,,,
6/4/2024 17:45,0,172,,,,,,,,,,,,,,,,,,
6/4/2024 17:30,0,171,,,,,,,,,,,,,,,,,,
6/4/2024 17:15,0,171,,,,,,,,,,,,,,,,,,
6/4/2024 17:00,0,172,,,,,,,,,,,,,,,,,,
6/4/2024 16:45,0,172,,,,,,,,,,,,,,,,,,
6/4/2024 16:30,0,172,,,,,,,,,,,,,,,,,,
6/4/2024 16:15,0,172,,,,,,,,,,,,,,,,,,
6/4/2024 16:00,0,172,,,,,,,,,,,,,,,,,,
6/4/2024 15:45,0,171,,,,,,,,,,,,,,,,,,
6/4/2024 15:30,0,172,,,,,,,,,,,,,,,,,,
6/4/2024 15:15,0,170,,,,,,,,,,,,,,,,,,
6/4/2024 15:00,0,170,,,,,,,,,,,,,,,,,,
6/4/2024 14:45,0,170,,,,,,,,,,,,,,,,,,
6/4/2024 14:30,0,170,,,,,,,,,,,,,,,,,,
6/4/2024 14:15,0,170,,,,,,,,,,,,,,,,,,
6/4/2024 14:00,0,169,,,,,,,,,,,,,,,,,,
6/4/2024 13:45,0,169,,,,,,,,,,,,,,,,,,
6/4/2024 13:30,0,169,,,,,,,,,,,,,,,,,,
6/4/2024 13:15,0,168,,,,,,,,,,,,,,,,,,
6/4/2024 13:00,0,168,,,,,,,,,,,,,,,,,,
6/4/2024 12:45,0,168,,,,,,,,,,,,,,,,,,
6/4/2024 12:30,0,168,,,,,,,,,,,,,,,,,,
6/4/2024 12:15,0,168,,,,,,,,,,,,,,,,,,
6/4/2024 12:00,0,167,,,,,,,,,,,,,,,,,,
6/4/2024 11:45,0,167,,,,,,,,,,,,,,,,,,
6/4/2024 11:30,0,167,,,,,,,,,,,,,,,,,,
6/4/2024 11:15,0,167,,,,,,,,,,,,,,,,,,
6/4/2024 11:00,0,166,,,,,,,,,,,,,,,,,,
6/4/2024 10:45,0,166,,,,,,,,,,,,,,,,,,
6/4/2024 10:30,0,166,,,,,,,,,,,,,,,,,,
6/4/2024 10:15,0,166,,,,,,,,,,,,,,,,,,
6/4/2024 10:00,0,166,,,,,,,,,,,,,,,,,,
6/4/2024 9:45,0,165,,,,,,,,,,,,,,,,,,
6/4/2024 9:30,0,166,,,,,,,,,,,,,,,,,,
6/4/2024 9:15,0,165,,,,,,,,,,,,,,,,,,
6/4/2024 9:00,0,165,,,,,,,,,,,,,,,,,,
6/4/2024 8:45,0,165,,,,,,,,,,,,,,,,,,
6/4/2024 8:30,0,164,,,,,,,,,,,,,,,,,,
6/4/2024 8:15,0,164,,,,,,,,,,,,,,,,,,
6/4/2024 8:00,0,163,,,,,,,,,,,,,,,,,,
6/4/2024 7:45,0,164,,,,,,,,,,,,,,,,,,
6/4/2024 7:30,0,163,,,,,,,,,,,,,,,,,,
6/4/2024 7:15,0,163,,,,,,,,,,,,,,,,,,
6/4/2024 7:00,0,163,,,,,,,,,,,,,,,,,,
6/4/2024 6:45,0,163,,,,,,,,,,,,,,,,,,
6/4/2024 6:30,0,163,,,,,,,,,,,,,,,,,,
6/4/2024 6:15,0,163,,,,,,,,,,,,,,,,,,
6/4/2024 6:00,0,162,,,,,,,,,,,,,,,,,,
6/4/2024 5:45,0,163,,,,,,,,,,,,,,,,,,
6/4/2024 5:30,0,162,,,,,,,,,,,,,,,,,,
6/4/2024 5:15,0,163,,,,,,,,,,,,,,,,,,
6/4/2024 5:00,0,162,,,,,,,,,,,,,,,,,,
6/4/2024 4:45,0,163,,,,,,,,,,,,,,,,,,
6/4/2024 4:30,0,162,,,,,,,,,,,,,,,,,,
6/4/2024 4:15,0,162,,,,,,,,,,,,,,,,,,
6/4/2024 4:00,0,162,,,,,,,,,,,,,,,,,,
6/4/2024 3:45,0,162,,,,,,,,,,,,,,,,,,
6/4/2024 3:30,0,162,,,,,,,,,,,,,,,,,,
6/4/2024 3:15,0.2,163,,,,,,,,,,,,,,,,,,
6/4/2024 3:00,0,162,,,,,,,,,,,,,,,,,,
6/4/2024 2:45,0,163,,,,,,,,,,,,,,,,,,
6/4/2024 2:30,0,163,,,,,,,,,,,,,,,,,,
6/4/2024 2:15,0,163,,,,,,,,,,,,,,,,,,
6/4/2024 2:00,0,163,,,,,,,,,,,,,,,,,,
6/4/2024 1:45,0,163,,,,,,,,,,,,,,,,,,
6/4/2024 1:30,0,164,,,,,,,,,,,,,,,,,,
6/4/2024 1:15,0,164,,,,,,,,,,,,,,,,,,
6/4/2024 1:00,0,164,,,,,,,,,,,,,,,,,,
6/4/2024 0:45,0,165,,,,,,,,,,,,,,,,,,
6/4/2024 0:30,0,165,,,,,,,,,,,,,,,,,,
6/4/2024 0:15,0,166,,,,,,,,,,,,,,,,,,
6/4/2024 0:00,0,166,,,,,,,,,,,,,,,,,,
5/4/2024 23:45,0,166,,,,,,,,,,,,,,,,,,
5/4/2024 23:30,0,167,,,,,,,,,,,,,,,,,,
5/4/2024 23:15,0,167,,,,,,,,,,,,,,,,,,
5/4/2024 23:00,0,167,,,,,,,,,,,,,,,,,,
5/4/2024 22:45,0,168,,,,,,,,,,,,,,,,,,
5/4/2024 22:30,0,168,,,,,,,,,,,,,,,,,,
5/4/2024 22:15,0,169,,,,,,,,,,,,,,,,,,
5/4/2024 22:00,0,169,,,,,,,,,,,,,,,,,,
5/4/2024 21:45,0,170,,,,,,,,,,,,,,,,,,
5/4/2024 21:30,0,170,,,,,,,,,,,,,,,,,,
5/4/2024 21:15,0,170,,,,,,,,,,,,,,,,,,
5/4/2024 21:00,0,171,,,,,,,,,,,,,,,,,,
5/4/2024 20:45,0,171,,,,,,,,,,,,,,,,,,
5/4/2024 20:30,0,172,,,,,,,,,,,,,,,,,,
5/4/2024 20:15,0,171,,,,,,,,,,,,,,,,,,
5/4/2024 20:00,0,172,,,,,,,,,,,,,,,,,,
5/4/2024 19:45,0,172,,,,,,,,,,,,,,,,,,
5/4/2024 19:30,0,173,,,,,,,,,,,,,,,,,,
5/4/2024 19:15,0,173,,,,,,,,,,,,,,,,,,
5/4/2024 19:00,0,173,,,,,,,,,,,,,,,,,,
5/4/2024 18:45,0,174,,,,,,,,,,,,,,,,,,
5/4/2024 18:30,0,173,,,,,,,,,,,,,,,,,,
5/4/2024 18:15,0,174,,,,,,,,,,,,,,,,,,
5/4/2024 18:00,0,174,,,,,,,,,,,,,,,,,,
5/4/2024 17:45,0,174,,,,,,,,,,,,,,,,,,
5/4/2024 17:30,0,174,,,,,,,,,,,,,,,,,,
5/4/2024 17:15,0,175,,,,,,,,,,,,,,,,,,
5/4/2024 17:00,0,175,,,,,,,,,,,,,,,,,,
5/4/2024 16:45,0,174,,,,,,,,,,,,,,,,,,
5/4/2024 16:30,0,175,,,,,,,,,,,,,,,,,,
5/4/2024 16:15,0,174,,,,,,,,,,,,,,,,,,
5/4/2024 16:00,0.2,174,,,,,,,,,,,,,,,,,,
5/4/2024 15:45,0,175,,,,,,,,,,,,,,,,,,
5/4/2024 15:30,0,175,,,,,,,,,,,,,,,,,,
5/4/2024 15:15,0.2,175,,,,,,,,,,,,,,,,,,
5/4/2024 15:00,0,174,,,,,,,,,,,,,,,,,,
5/4/2024 14:45,0.4,174,,,,,,,,,,,,,,,,,,
5/4/2024 14:30,1.6,174,,,,,,,,,,,,,,,,,,
5/4/2024 14:15,0,174,,,,,,,,,,,,,,,,,,
5/4/2024 14:00,0,174,,,,,,,,,,,,,,,,,,
5/4/2024 13:45,0,173,,,,,,,,,,,,,,,,,,
5/4/2024 13:30,0,173,,,,,,,,,,,,,,,,,,
5/4/2024 13:15,0.2,173,,,,,,,,,,,,,,,,,,
5/4/2024 13:00,1,173,,,,,,,,,,,,,,,,,,
5/4/2024 12:45,0.2,173,,,,,,,,,,,,,,,,,,
5/4/2024 12:30,0,173,,,,,,,,,,,,,,,,,,
5/4/2024 12:15,0,173,,,,,,,,,,,,,,,,,,
5/4/2024 12:00,0,172,,,,,,,,,,,,,,,,,,
5/4/2024 11:45,0,172,,,,,,,,,,,,,,,,,,
5/4/2024 11:30,0,172,,,,,,,,,,,,,,,,,,
5/4/2024 11:15,0,171,,,,,,,,,,,,,,,,,,
5/4/2024 11:00,0,171,,,,,,,,,,,,,,,,,,
5/4/2024 10:45,0,171,,,,,,,,,,,,,,,,,,
5/4/2024 10:30,0,171,,,,,,,,,,,,,,,,,,
5/4/2024 10:15,0,171,,,,,,,,,,,,,,,,,,
5/4/2024 10:00,0,171,,,,,,,,,,,,,,,,,,
5/4/2024 9:45,0,170,,,,,,,,,,,,,,,,,,
5/4/2024 9:30,0,170,,,,,,,,,,,,,,,,,,
5/4/2024 9:15,0,171,,,,,,,,,,,,,,,,,,
5/4/2024 9:00,0,170,,,,,,,,,,,,,,,,,,
5/4/2024 8:45,0,170,,,,,,,,,,,,,,,,,,
5/4/2024 8:30,0,170,,,,,,,,,,,,,,,,,,
5/4/2024 8:15,0,170,,,,,,,,,,,,,,,,,,
5/4/2024 8:00,0,169,,,,,,,,,,,,,,,,,,
5/4/2024 7:45,0,169,,,,,,,,,,,,,,,,,,
5/4/2024 7:30,0,169,,,,,,,,,,,,,,,,,,
5/4/2024 7:15,0,169,,,,,,,,,,,,,,,,,,
5/4/2024 7:00,0,169,,,,,,,,,,,,,,,,,,
5/4/2024 6:45,0,169,,,,,,,,,,,,,,,,,,
5/4/2024 6:30,0,169,,,,,,,,,,,,,,,,,,
5/4/2024 6:15,0,169,,,,,,,,,,,,,,,,,,
5/4/2024 6:00,0,168,,,,,,,,,,,,,,,,,,
5/4/2024 5:45,0,168,,,,,,,,,,,,,,,,,,
5/4/2024 5:30,0,169,,,,,,,,,,,,,,,,,,
5/4/2024 5:15,0,169,,,,,,,,,,,,,,,,,,
5/4/2024 5:00,0,168,,,,,,,,,,,,,,,,,,
5/4/2024 4:45,0,169,,,,,,,,,,,,,,,,,,
5/4/2024 4:30,0,169,,,,,,,,,,,,,,,,,,
5/4/2024 4:15,0,169,,,,,,,,,,,,,,,,,,
5/4/2024 4:00,0,169,,,,,,,,,,,,,,,,,,
5/4/2024 3:45,0,169,,,,,,,,,,,,,,,,,,
5/4/2024 3:30,0,169,,,,,,,,,,,,,,,,,,
5/4/2024 3:15,0,168,,,,,,,,,,,,,,,,,,
5/4/2024 3:00,0,169,,,,,,,,,,,,,,,,,,
5/4/2024 2:45,0,169,,,,,,,,,,,,,,,,,,
5/4/2024 2:30,0,169,,,,,,,,,,,,,,,,,,
5/4/2024 2:15,0,169,,,,,,,,,,,,,,,,,,
5/4/2024 2:00,0,169,,,,,,,,,,,,,,,,,,
5/4/2024 1:45,0,169,,,,,,,,,,,,,,,,,,
5/4/2024 1:30,0,169,,,,,,,,,,,,,,,,,,
5/4/2024 1:15,0,169,,,,,,,,,,,,,,,,,,
5/4/2024 1:00,0,170,,,,,,,,,,,,,,,,,,
5/4/2024 0:45,0,170,,,,,,,,,,,,,,,,,,
5/4/2024 0:30,0,170,,,,,,,,,,,,,,,,,,
5/4/2024 0:15,0,170,,,,,,,,,,,,,,,,,,
5/4/2024 0:00,0,170,,,,,,,,,,,,,,,,,,
4/4/2024 23:45,0,171,,,,,,,,,,,,,,,,,,
4/4/2024 23:30,0,171,,,,,,,,,,,,,,,,,,
4/4/2024 23:15,0,171,,,,,,,,,,,,,,,,,,
4/4/2024 23:00,0,172,,,,,,,,,,,,,,,,,,
4/4/2024 22:45,0,172,,,,,,,,,,,,,,,,,,
4/4/2024 22:30,0,172,,,,,,,,,,,,,,,,,,
4/4/2024 22:15,0,172,,,,,,,,,,,,,,,,,,
4/4/2024 22:00,0,173,,,,,,,,,,,,,,,,,,
4/4/2024 21:45,0,173,,,,,,,,,,,,,,,,,,
4/4/2024 21:30,0,173,,,,,,,,,,,,,,,,,,
4/4/2024 21:15,0,173,,,,,,,,,,,,,,,,,,
4/4/2024 21:00,0,174,,,,,,,,,,,,,,,,,,
4/4/2024 20:45,0,174,,,,,,,,,,,,,,,,,,
4/4/2024 20:30,0,175,,,,,,,,,,,,,,,,,,
4/4/2024 20:15,0,175,,,,,,,,,,,,,,,,,,
4/4/2024 20:00,0,175,,,,,,,,,,,,,,,,,,
4/4/2024 19:45,0,176,,,,,,,,,,,,,,,,,,
4/4/2024 19:30,0,176,,,,,,,,,,,,,,,,,,
4/4/2024 19:15,0,177,,,,,,,,,,,,,,,,,,
4/4/2024 19:00,0,177,,,,,,,,,,,,,,,,,,
4/4/2024 18:45,0,177,,,,,,,,,,,,,,,,,,
4/4/2024 18:30,0,177,,,,,,,,,,,,,,,,,,
4/4/2024 18:15,0,178,,,,,,,,,,,,,,,,,,
4/4/2024 18:00,0,178,,,,,,,,,,,,,,,,,,
4/4/2024 17:45,0,178,,,,,,,,,,,,,,,,,,
4/4/2024 17:30,0,178,,,,,,,,,,,,,,,,,,
4/4/2024 17:15,0,179,,,,,,,,,,,,,,,,,,
4/4/2024 17:00,0,179,,,,,,,,,,,,,,,,,,
4/4/2024 16:45,0,179,,,,,,,,,,,,,,,,,,
4/4/2024 16:30,0,180,,,,,,,,,,,,,,,,,,
4/4/2024 16:15,0,180,,,,,,,,,,,,,,,,,,
4/4/2024 16:00,0,180,,,,,,,,,,,,,,,,,,
4/4/2024 15:45,0,180,,,,,,,,,,,,,,,,,,
4/4/2024 15:30,0,181,,,,,,,,,,,,,,,,,,
4/4/2024 15:15,0,181,,,,,,,,,,,,,,,,,,
4/4/2024 15:00,0,180,,,,,,,,,,,,,,,,,,
4/4/2024 14:45,0,181,,,,,,,,,,,,,,,,,,
4/4/2024 14:30,0,181,,,,,,,,,,,,,,,,,,
4/4/2024 14:15,0,182,,,,,,,,,,,,,,,,,,
4/4/2024 14:00,0,182,,,,,,,,,,,,,,,,,,
4/4/2024 13:45,0,182,,,,,,,,,,,,,,,,,,
4/4/2024 13:30,0,182,,,,,,,,,,,,,,,,,,
4/4/2024 13:15,0,182,,,,,,,,,,,,,,,,,,
4/4/2024 13:00,0,182,,,,,,,,,,,,,,,,,,
4/4/2024 12:45,0,182,,,,,,,,,,,,,,,,,,
4/4/2024 12:30,0,182,,,,,,,,,,,,,,,,,,
4/4/2024 12:15,0,182,,,,,,,,,,,,,,,,,,
4/4/2024 12:00,0,182,,,,,,,,,,,,,,,,,,
4/4/2024 11:45,0,182,,,,,,,,,,,,,,,,,,
4/4/2024 11:30,0,183,,,,,,,,,,,,,,,,,,
4/4/2024 11:15,0,183,,,,,,,,,,,,,,,,,,
4/4/2024 11:00,0,183,,,,,,,,,,,,,,,,,,
4/4/2024 10:45,0,183,,,,,,,,,,,,,,,,,,
4/4/2024 10:30,0,183,,,,,,,,,,,,,,,,,,
4/4/2024 10:15,0,184,,,,,,,,,,,,,,,,,,
4/4/2024 10:00,0,184,,,,,,,,,,,,,,,,,,
4/4/2024 9:45,0,184,,,,,,,,,,,,,,,,,,
4/4/2024 9:30,0,184,,,,,,,,,,,,,,,,,,
4/4/2024 9:15,0,184,,,,,,,,,,,,,,,,,,
4/4/2024 9:00,0,184,,,,,,,,,,,,,,,,,,
4/4/2024 8:45,0,184,,,,,,,,,,,,,,,,,,
4/4/2024 8:30,0,185,,,,,,,,,,,,,,,,,,
4/4/2024 8:15,0,185,,,,,,,,,,,,,,,,,,
4/4/2024 8:00,0,185,,,,,,,,,,,,,,,,,,
4/4/2024 7:45,0,185,,,,,,,,,,,,,,,,,,
4/4/2024 7:30,0,185,,,,,,,,,,,,,,,,,,
4/4/2024 7:15,0,185,,,,,,,,,,,,,,,,,,
4/4/2024 7:00,0,185,,,,,,,,,,,,,,,,,,
4/4/2024 6:45,0,185,,,,,,,,,,,,,,,,,,
4/4/2024 6:30,0,186,,,,,,,,,,,,,,,,,,
4/4/2024 6:15,0,186,,,,,,,,,,,,,,,,,,
4/4/2024 6:00,0,186,,,,,,,,,,,,,,,,,,
4/4/2024 5:45,0,186,,,,,,,,,,,,,,,,,,
4/4/2024 5:30,0,186,,,,,,,,,,,,,,,,,,
4/4/2024 5:15,0,186,,,,,,,,,,,,,,,,,,
4/4/2024 5:00,0,187,,,,,,,,,,,,,,,,,,
4/4/2024 4:45,0,186,,,,,,,,,,,,,,,,,,
4/4/2024 4:30,0,187,,,,,,,,,,,,,,,,,,
4/4/2024 4:15,0,187,,,,,,,,,,,,,,,,,,
4/4/2024 4:00,0,187,,,,,,,,,,,,,,,,,,
4/4/2024 3:45,0,187,,,,,,,,,,,,,,,,,,
4/4/2024 3:30,0,187,,,,,,,,,,,,,,,,,,
4/4/2024 3:15,0,188,,,,,,,,,,,,,,,,,,
4/4/2024 3:00,0,188,,,,,,,,,,,,,,,,,,
4/4/2024 2:45,0,188,,,,,,,,,,,,,,,,,,
4/4/2024 2:30,0,188,,,,,,,,,,,,,,,,,,
4/4/2024 2:15,0,188,,,,,,,,,,,,,,,,,,
4/4/2024 2:00,0,189,,,,,,,,,,,,,,,,,,
4/4/2024 1:45,0,189,,,,,,,,,,,,,,,,,,
4/4/2024 1:30,0,189,,,,,,,,,,,,,,,,,,
4/4/2024 1:15,0,190,,,,,,,,,,,,,,,,,,
4/4/2024 1:00,0,190,,,,,,,,,,,,,,,,,,
4/4/2024 0:45,0,190,,,,,,,,,,,,,,,,,,
4/4/2024 0:30,0,191,,,,,,,,,,,,,,,,,,
4/4/2024 0:15,0,191,,,,,,,,,,,,,,,,,,
4/4/2024 0:00,0,191,,,,,,,,,,,,,,,,,,
3/4/2024 23:45,0,192,,,,,,,,,,,,,,,,,,
3/4/2024 23:30,0,192,,,,,,,,,,,,,,,,,,
3/4/2024 23:15,0,193,,,,,,,,,,,,,,,,,,
3/4/2024 23:00,0,193,,,,,,,,,,,,,,,,,,
3/4/2024 22:45,0,193,,,,,,,,,,,,,,,,,,
3/4/2024 22:30,0,194,,,,,,,,,,,,,,,,,,
3/4/2024 22:15,0,194,,,,,,,,,,,,,,,,,,
3/4/2024 22:00,0,194,,,,,,,,,,,,,,,,,,
3/4/2024 21:45,0,195,,,,,,,,,,,,,,,,,,
3/4/2024 21:30,0,195,,,,,,,,,,,,,,,,,,
3/4/2024 21:15,0,196,,,,,,,,,,,,,,,,,,
3/4/2024 21:00,0,196,,,,,,,,,,,,,,,,,,
3/4/2024 20:45,0,197,,,,,,,,,,,,,,,,,,
3/4/2024 20:30,0,197,,,,,,,,,,,,,,,,,,
3/4/2024 20:15,0,198,,,,,,,,,,,,,,,,,,
3/4/2024 20:00,0,198,,,,,,,,,,,,,,,,,,
3/4/2024 19:45,0,198,,,,,,,,,,,,,,,,,,
3/4/2024 19:30,0,199,,,,,,,,,,,,,,,,,,
3/4/2024 19:15,0,199,,,,,,,,,,,,,,,,,,
3/4/2024 19:00,0,200,,,,,,,,,,,,,,,,,,
3/4/2024 18:45,0,200,,,,,,,,,,,,,,,,,,
3/4/2024 18:30,0,201,,,,,,,,,,,,,,,,,,
3/4/2024 18:15,0,201,,,,,,,,,,,,,,,,,,
3/4/2024 18:00,0,201,,,,,,,,,,,,,,,,,,
3/4/2024 17:45,0,202,,,,,,,,,,,,,,,,,,
3/4/2024 17:30,0,202,,,,,,,,,,,,,,,,,,
3/4/2024 17:15,0,203,,,,,,,,,,,,,,,,,,
3/4/2024 17:00,0,203,,,,,,,,,,,,,,,,,,
3/4/2024 16:45,0,203,,,,,,,,,,,,,,,,,,
3/4/2024 16:30,0,203,,,,,,,,,,,,,,,,,,
3/4/2024 16:15,0,204,,,,,,,,,,,,,,,,,,
3/4/2024 16:00,0,204,,,,,,,,,,,,,,,,,,
3/4/2024 15:45,0,204,,,,,,,,,,,,,,,,,,
3/4/2024 15:30,0,205,,,,,,,,,,,,,,,,,,
3/4/2024 15:15,0,206,,,,,,,,,,,,,,,,,,
3/4/2024 15:00,0,206,,,,,,,,,,,,,,,,,,
3/4/2024 14:45,0,206,,,,,,,,,,,,,,,,,,
3/4/2024 14:30,0,206,,,,,,,,,,,,,,,,,,
3/4/2024 14:15,0,207,,,,,,,,,,,,,,,,,,
3/4/2024 14:00,0,207,,,,,,,,,,,,,,,,,,
3/4/2024 13:45,0,207,,,,,,,,,,,,,,,,,,
3/4/2024 13:30,0,207,,,,,,,,,,,,,,,,,,
3/4/2024 13:15,0,209,,,,,,,,,,,,,,,,,,
3/4/2024 13:00,0,209,,,,,,,,,,,,,,,,,,
3/4/2024 12:45,0,210,,,,,,,,,,,,,,,,,,
3/4/2024 12:30,0,210,,,,,,,,,,,,,,,,,,
3/4/2024 12:15,0,211,,,,,,,,,,,,,,,,,,
3/4/2024 12:00,0,212,,,,,,,,,,,,,,,,,,
3/4/2024 11:45,0,212,,,,,,,,,,,,,,,,,,
3/4/2024 11:30,0,212,,,,,,,,,,,,,,,,,,
3/4/2024 11:15,0,212,,,,,,,,,,,,,,,,,,
3/4/2024 11:00,0,212,,,,,,,,,,,,,,,,,,
3/4/2024 10:45,0,213,,,,,,,,,,,,,,,,,,
3/4/2024 10:30,0,213,,,,,,,,,,,,,,,,,,
3/4/2024 10:15,0,214,,,,,,,,,,,,,,,,,,
3/4/2024 10:00,0,214,,,,,,,,,,,,,,,,,,
3/4/2024 9:45,0,214,,,,,,,,,,,,,,,,,,
3/4/2024 9:30,0,215,,,,,,,,,,,,,,,,,,
3/4/2024 9:15,0,215,,,,,,,,,,,,,,,,,,
3/4/2024 9:00,0,215,,,,,,,,,,,,,,,,,,
3/4/2024 8:45,0,215,,,,,,,,,,,,,,,,,,
3/4/2024 8:30,0,216,,,,,,,,,,,,,,,,,,
3/4/2024 8:15,0,216,,,,,,,,,,,,,,,,,,
3/4/2024 8:00,0,217,,,,,,,,,,,,,,,,,,
3/4/2024 7:45,0,217,,,,,,,,,,,,,,,,,,
3/4/2024 7:30,0,217,,,,,,,,,,,,,,,,,,
3/4/2024 7:15,0,218,,,,,,,,,,,,,,,,,,
3/4/2024 7:00,0,218,,,,,,,,,,,,,,,,,,
3/4/2024 6:45,0,218,,,,,,,,,,,,,,,,,,
3/4/2024 6:30,0,219,,,,,,,,,,,,,,,,,,
3/4/2024 6:15,0,219,,,,,,,,,,,,,,,,,,
3/4/2024 6:00,0,220,,,,,,,,,,,,,,,,,,
3/4/2024 5:45,0,220,,,,,,,,,,,,,,,,,,
3/4/2024 5:30,0,220,,,,,,,,,,,,,,,,,,
3/4/2024 5:15,0,220,,,,,,,,,,,,,,,,,,
3/4/2024 5:00,0,221,,,,,,,,,,,,,,,,,,
3/4/2024 4:45,0,221,,,,,,,,,,,,,,,,,,
3/4/2024 4:30,0,222,,,,,,,,,,,,,,,,,,
3/4/2024 4:15,0,222,,,,,,,,,,,,,,,,,,
3/4/2024 4:00,0,222,,,,,,,,,,,,,,,,,,
3/4/2024 3:45,0,222,,,,,,,,,,,,,,,,,,
3/4/2024 3:30,0,222,,,,,,,,,,,,,,,,,,
3/4/2024 3:15,0,223,,,,,,,,,,,,,,,,,,
3/4/2024 3:00,0,223,,,,,,,,,,,,,,,,,,
3/4/2024 2:45,0,224,,,,,,,,,,,,,,,,,,
3/4/2024 2:30,0,224,,,,,,,,,,,,,,,,,,
3/4/2024 2:15,0,224,,,,,,,,,,,,,,,,,,
3/4/2024 2:00,0,224,,,,,,,,,,,,,,,,,,
3/4/2024 1:45,0,224,,,,,,,,,,,,,,,,,,
3/4/2024 1:30,0,225,,,,,,,,,,,,,,,,,,
3/4/2024 1:15,0,225,,,,,,,,,,,,,,,,,,
3/4/2024 1:00,0,225,,,,,,,,,,,,,,,,,,
3/4/2024 0:45,0,225,,,,,,,,,,,,,,,,,,
3/4/2024 0:30,0,226,,,,,,,,,,,,,,,,,,
3/4/2024 0:15,0,226,,,,,,,,,,,,,,,,,,
3/4/2024 0:00,0,226,,,,,,,,,,,,,,,,,,
2/4/2024 23:45,0,227,,,,,,,,,,,,,,,,,,
2/4/2024 23:30,0,227,,,,,,,,,,,,,,,,,,
2/4/2024 23:15,0,227,,,,,,,,,,,,,,,,,,
2/4/2024 23:00,0,228,,,,,,,,,,,,,,,,,,
2/4/2024 22:45,0,228,,,,,,,,,,,,,,,,,,
2/4/2024 22:30,0,228,,,,,,,,,,,,,,,,,,
2/4/2024 22:15,0,228,,,,,,,,,,,,,,,,,,
2/4/2024 22:00,0,228,,,,,,,,,,,,,,,,,,
2/4/2024 21:45,0,229,,,,,,,,,,,,,,,,,,
2/4/2024 21:30,0,229,,,,,,,,,,,,,,,,,,
2/4/2024 21:15,0,230,,,,,,,,,,,,,,,,,,
2/4/2024 21:00,0,230,,,,,,,,,,,,,,,,,,
2/4/2024 20:45,0,230,,,,,,,,,,,,,,,,,,
2/4/2024 20:30,0,230,,,,,,,,,,,,,,,,,,
2/4/2024 20:15,0,231,,,,,,,,,,,,,,,,,,
2/4/2024 20:00,0,231,,,,,,,,,,,,,,,,,,
2/4/2024 19:45,0,231,,,,,,,,,,,,,,,,,,
2/4/2024 19:30,0,232,,,,,,,,,,,,,,,,,,
2/4/2024 19:15,0,232,,,,,,,,,,,,,,,,,,
2/4/2024 19:00,0,232,,,,,,,,,,,,,,,,,,
2/4/2024 18:45,0,232,,,,,,,,,,,,,,,,,,
2/4/2024 18:30,0,233,,,,,,,,,,,,,,,,,,
2/4/2024 18:15,0,233,,,,,,,,,,,,,,,,,,
2/4/2024 18:00,0,233,,,,,,,,,,,,,,,,,,
2/4/2024 17:45,0,233,,,,,,,,,,,,,,,,,,
2/4/2024 17:30,0,233,,,,,,,,,,,,,,,,,,
2/4/2024 17:15,0,233,,,,,,,,,,,,,,,,,,
2/4/2024 17:00,0,234,,,,,,,,,,,,,,,,,,
2/4/2024 16:45,0,234,,,,,,,,,,,,,,,,,,
2/4/2024 16:30,0,234,,,,,,,,,,,,,,,,,,
2/4/2024 16:15,0,234,,,,,,,,,,,,,,,,,,
2/4/2024 16:00,0,234,,,,,,,,,,,,,,,,,,
2/4/2024 15:45,0,234,,,,,,,,,,,,,,,,,,
2/4/2024 15:30,0,233,,,,,,,,,,,,,,,,,,
2/4/2024 15:15,0,233,,,,,,,,,,,,,,,,,,
2/4/2024 15:00,0,233,,,,,,,,,,,,,,,,,,
2/4/2024 14:45,0,233,,,,,,,,,,,,,,,,,,
2/4/2024 14:30,0,232,,,,,,,,,,,,,,,,,,
2/4/2024 14:15,0,232,,,,,,,,,,,,,,,,,,
2/4/2024 14:00,0,232,,,,,,,,,,,,,,,,,,
2/4/2024 13:45,0,231,,,,,,,,,,,,,,,,,,
2/4/2024 13:30,0,231,,,,,,,,,,,,,,,,,,
2/4/2024 13:15,0,230,,,,,,,,,,,,,,,,,,
2/4/2024 13:00,0,230,,,,,,,,,,,,,,,,,,
2/4/2024 12:45,0,229,,,,,,,,,,,,,,,,,,
2/4/2024 12:30,0,228,,,,,,,,,,,,,,,,,,
2/4/2024 12:15,0,228,,,,,,,,,,,,,,,,,,
2/4/2024 12:00,0,227,,,,,,,,,,,,,,,,,,
2/4/2024 11:45,0,225,,,,,,,,,,,,,,,,,,
2/4/2024 11:30,0,224,,,,,,,,,,,,,,,,,,
2/4/2024 11:15,0,223,,,,,,,,,,,,,,,,,,
2/4/2024 11:00,0,222,,,,,,,,,,,,,,,,,,
2/4/2024 10:45,0,221,,,,,,,,,,,,,,,,,,
2/4/2024 10:30,0,219,,,,,,,,,,,,,,,,,,
2/4/2024 10:15,0,217,,,,,,,,,,,,,,,,,,
2/4/2024 10:00,0,215,,,,,,,,,,,,,,,,,,
2/4/2024 9:45,0,214,,,,,,,,,,,,,,,,,,
2/4/2024 9:30,0,212,,,,,,,,,,,,,,,,,,
2/4/2024 9:15,0,210,,,,,,,,,,,,,,,,,,
2/4/2024 9:00,0,209,,,,,,,,,,,,,,,,,,
2/4/2024 8:45,0,206,,,,,,,,,,,,,,,,,,
2/4/2024 8:30,0,205,,,,,,,,,,,,,,,,,,
2/4/2024 8:15,0,202,,,,,,,,,,,,,,,,,,
2/4/2024 8:00,0,200,,,,,,,,,,,,,,,,,,
2/4/2024 7:45,0,198,,,,,,,,,,,,,,,,,,
2/4/2024 7:30,0,197,,,,,,,,,,,,,,,,,,
2/4/2024 7:15,0,195,,,,,,,,,,,,,,,,,,
2/4/2024 7:00,0,192,,,,,,,,,,,,,,,,,,
2/4/2024 6:45,0,190,,,,,,,,,,,,,,,,,,
2/4/2024 6:30,0,188,,,,,,,,,,,,,,,,,,
2/4/2024 6:15,0,186,,,,,,,,,,,,,,,,,,
2/4/2024 6:00,0,184,,,,,,,,,,,,,,,,,,
2/4/2024 5:45,0,181,,,,,,,,,,,,,,,,,,
2/4/2024 5:30,0,180,,,,,,,,,,,,,,,,,,
2/4/2024 5:15,0,178,,,,,,,,,,,,,,,,,,
2/4/2024 5:00,0,176,,,,,,,,,,,,,,,,,,
2/4/2024 4:45,0,175,,,,,,,,,,,,,,,,,,
2/4/2024 4:30,0,174,,,,,,,,,,,,,,,,,,
2/4/2024 4:15,0,172,,,,,,,,,,,,,,,,,,
2/4/2024 4:00,0,171,,,,,,,,,,,,,,,,,,
2/4/2024 3:45,0,170,,,,,,,,,,,,,,,,,,
2/4/2024 3:30,0,170,,,,,,,,,,,,,,,,,,
2/4/2024 3:15,0,169,,,,,,,,,,,,,,,,,,
2/4/2024 3:00,0,168,,,,,,,,,,,,,,,,,,
2/4/2024 2:45,0,168,,,,,,,,,,,,,,,,,,
2/4/2024 2:30,0,167,,,,,,,,,,,,,,,,,,
2/4/2024 2:15,0,167,,,,,,,,,,,,,,,,,,
2/4/2024 2:00,0,167,,,,,,,,,,,,,,,,,,
2/4/2024 1:45,0,167,,,,,,,,,,,,,,,,,,
2/4/2024 1:30,0,167,,,,,,,,,,,,,,,,,,
2/4/2024 1:15,0,167,,,,,,,,,,,,,,,,,,
2/4/2024 1:00,0,167,,,,,,,,,,,,,,,,,,
2/4/2024 0:45,0,167,,,,,,,,,,,,,,,,,,
2/4/2024 0:30,0,167,,,,,,,,,,,,,,,,,,
2/4/2024 0:15,0,168,,,,,,,,,,,,,,,,,,
2/4/2024 0:00,0,168,,,,,,,,,,,,,,,,,,
1/4/2024 23:45,0,168,,,,,,,,,,,,,,,,,,
1/4/2024 23:30,0,169,,,,,,,,,,,,,,,,,,
1/4/2024 23:15,0,169,,,,,,,,,,,,,,,,,,
1/4/2024 23:00,0,169,,,,,,,,,,,,,,,,,,
1/4/2024 22:45,0,169,,,,,,,,,,,,,,,,,,
1/4/2024 22:30,0,169,,,,,,,,,,,,,,,,,,
1/4/2024 22:15,0,169,,,,,,,,,,,,,,,,,,
1/4/2024 22:00,0,169,,,,,,,,,,,,,,,,,,
1/4/2024 21:45,0,169,,,,,,,,,,,,,,,,,,
1/4/2024 21:30,3.6,169,,,,,,,,,,,,,,,,,,
1/4/2024 21:15,2.8,168,,,,,,,,,,,,,,,,,,
1/4/2024 21:00,0.8,167,,,,,,,,,,,,,,,,,,
1/4/2024 20:45,0,169,,,,,,,,,,,,,,,,,,
1/4/2024 20:30,0,170,,,,,,,,,,,,,,,,,,
1/4/2024 20:15,0,170,,,,,,,,,,,,,,,,,,
1/4/2024 20:00,0,170,,,,,,,,,,,,,,,,,,
1/4/2024 19:45,0,171,,,,,,,,,,,,,,,,,,
1/4/2024 19:30,0.2,171,,,,,,,,,,,,,,,,,,
1/4/2024 19:15,0.8,171,,,,,,,,,,,,,,,,,,
1/4/2024 19:00,0,171,,,,,,,,,,,,,,,,,,
1/4/2024 18:45,0,172,,,,,,,,,,,,,,,,,,
1/4/2024 18:30,0,172,,,,,,,,,,,,,,,,,,
1/4/2024 18:15,0,173,,,,,,,,,,,,,,,,,,
1/4/2024 18:00,0,173,,,,,,,,,,,,,,,,,,
1/4/2024 17:45,0,173,,,,,,,,,,,,,,,,,,
1/4/2024 17:30,0,173,,,,,,,,,,,,,,,,,,
1/4/2024 17:15,0,174,,,,,,,,,,,,,,,,,,
1/4/2024 17:00,0,174,,,,,,,,,,,,,,,,,,
1/4/2024 16:45,0,174,,,,,,,,,,,,,,,,,,
1/4/2024 16:30,0,175,,,,,,,,,,,,,,,,,,
1/4/2024 16:15,0,175,,,,,,,,,,,,,,,,,,
1/4/2024 16:00,0,175,,,,,,,,,,,,,,,,,,
1/4/2024 15:45,0,176,,,,,,,,,,,,,,,,,,
1/4/2024 15:30,0,176,,,,,,,,,,,,,,,,,,
1/4/2024 15:15,0,176,,,,,,,,,,,,,,,,,,
1/4/2024 15:00,0,177,,,,,,,,,,,,,,,,,,
1/4/2024 14:45,0,177,,,,,,,,,,,,,,,,,,
1/4/2024 14:30,0,177,,,,,,,,,,,,,,,,,,
1/4/2024 14:15,0,177,,,,,,,,,,,,,,,,,,
1/4/2024 14:00,0,178,,,,,,,,,,,,,,,,,,
1/4/2024 13:45,0,178,,,,,,,,,,,,,,,,,,
1/4/2024 13:30,0,178,,,,,,,,,,,,,,,,,,
1/4/2024 13:15,0,178,,,,,,,,,,,,,,,,,,
1/4/2024 13:00,0,179,,,,,,,,,,,,,,,,,,
1/4/2024 12:45,0,179,,,,,,,,,,,,,,,,,,
1/4/2024 12:30,0,179,,,,,,,,,,,,,,,,,,
1/4/2024 12:15,0,180,,,,,,,,,,,,,,,,,,
1/4/2024 12:00,0,180,,,,,,,,,,,,,,,,,,
1/4/2024 11:45,0,180,,,,,,,,,,,,,,,,,,
1/4/2024 11:30,0,180,,,,,,,,,,,,,,,,,,
1/4/2024 11:15,0,180,,,,,,,,,,,,,,,,,,
1/4/2024 11:00,0,180,,,,,,,,,,,,,,,,,,
1/4/2024 10:45,0,181,,,,,,,,,,,,,,,,,,
1/4/2024 10:30,0,180,,,,,,,,,,,,,,,,,,
1/4/2024 10:15,0,181,,,,,,,,,,,,,,,,,,
1/4/2024 10:00,0,181,,,,,,,,,,,,,,,,,,
1/4/2024 9:45,0,182,,,,,,,,,,,,,,,,,,
1/4/2024 9:30,0,182,,,,,,,,,,,,,,,,,,
1/4/2024 9:15,0,182,,,,,,,,,,,,,,,,,,
1/4/2024 9:00,0,183,,,,,,,,,,,,,,,,,,
1/4/2024 8:45,0,183,,,,,,,,,,,,,,,,,,
1/4/2024 8:30,0,184,,,,,,,,,,,,,,,,,,
1/4/2024 8:15,0,184,,,,,,,,,,,,,,,,,,
1/4/2024 8:00,0,185,,,,,,,,,,,,,,,,,,
1/4/2024 7:45,0,184,,,,,,,,,,,,,,,,,,
1/4/2024 7:30,0,185,,,,,,,,,,,,,,,,,,
1/4/2024 7:15,0,185,,,,,,,,,,,,,,,,,,
1/4/2024 7:00,0,185,,,,,,,,,,,,,,,,,,
1/4/2024 6:45,0,186,,,,,,,,,,,,,,,,,,
1/4/2024 6:30,0,186,,,,,,,,,,,,,,,,,,
1/4/2024 6:15,0,186,,,,,,,,,,,,,,,,,,
1/4/2024 6:00,0,187,,,,,,,,,,,,,,,,,,
1/4/2024 5:45,0,187,,,,,,,,,,,,,,,,,,
1/4/2024 5:30,0,188,,,,,,,,,,,,,,,,,,
1/4/2024 5:15,0,188,,,,,,,,,,,,,,,,,,
1/4/2024 5:00,0,189,,,,,,,,,,,,,,,,,,
1/4/2024 4:45,0,189,,,,,,,,,,,,,,,,,,
1/4/2024 4:30,0,189,,,,,,,,,,,,,,,,,,
1/4/2024 4:15,0,190,,,,,,,,,,,,,,,,,,
1/4/2024 4:00,0,190,,,,,,,,,,,,,,,,,,
1/4/2024 3:45,0,190,,,,,,,,,,,,,,,,,,
1/4/2024 3:30,0,191,,,,,,,,,,,,,,,,,,
1/4/2024 3:15,0,191,,,,,,,,,,,,,,,,,,
1/4/2024 3:00,0,191,,,,,,,,,,,,,,,,,,
1/4/2024 2:45,0,191,,,,,,,,,,,,,,,,,,
1/4/2024 2:30,0,192,,,,,,,,,,,,,,,,,,
1/4/2024 2:15,0,192,,,,,,,,,,,,,,,,,,
1/4/2024 2:00,0,193,,,,,,,,,,,,,,,,,,
1/4/2024 1:45,0,193,,,,,,,,,,,,,,,,,,
1/4/2024 1:30,0,194,,,,,,,,,,,,,,,,,,
1/4/2024 1:15,0,194,,,,,,,,,,,,,,,,,,
1/4/2024 1:00,0,194,,,,,,,,,,,,,,,,,,
1/4/2024 0:45,0,195,,,,,,,,,,,,,,,,,,
1/4/2024 0:30,0,195,,,,,,,,,,,,,,,,,,
1/4/2024 0:15,0,196,,,,,,,,,,,,,,,,,,
1/4/2024 0:00,0,197,,,,,,,,,,,,,,,,,,
31/03/2024 23:45:00,0,197,,,,,,,,,,,,,,,,,,
31/03/2024 23:30:00,0,198,,,,,,,,,,,,,,,,,,
31/03/2024 23:15:00,0,198,,,,,,,,,,,,,,,,,,
31/03/2024 23:00:00,0,199,,,,,,,,,,,,,,,,,,
31/03/2024 22:45:00,0,199,,,,,,,,,,,,,,,,,,
31/03/2024 22:30:00,0,199,,,,,,,,,,,,,,,,,,
31/03/2024 22:15:00,0,200,,,,,,,,,,,,,,,,,,
31/03/2024 22:00:00,0,201,,,,,,,,,,,,,,,,,,
31/03/2024 21:45:00,0,201,,,,,,,,,,,,,,,,,,
31/03/2024 21:30:00,0,202,,,,,,,,,,,,,,,,,,
31/03/2024 21:15:00,0,203,,,,,,,,,,,,,,,,,,
31/03/2024 21:00:00,0,203,,,,,,,,,,,,,,,,,,
31/03/2024 20:45:00,0,203,,,,,,,,,,,,,,,,,,
31/03/2024 20:30:00,0,204,,,,,,,,,,,,,,,,,,
31/03/2024 20:15:00,0,205,,,,,,,,,,,,,,,,,,
31/03/2024 20:00:00,0,206,,,,,,,,,,,,,,,,,,
31/03/2024 19:45:00,0,206,,,,,,,,,,,,,,,,,,
31/03/2024 19:30:00,0,206,,,,,,,,,,,,,,,,,,
31/03/2024 19:15:00,0,207,,,,,,,,,,,,,,,,,,
31/03/2024 19:00:00,0,208,,,,,,,,,,,,,,,,,,
31/03/2024 18:45:00,0,208,,,,,,,,,,,,,,,,,,
31/03/2024 18:30:00,0,209,,,,,,,,,,,,,,,,,,
31/03/2024 18:15:00,0,209,,,,,,,,,,,,,,,,,,
31/03/2024 18:00:00,0,210,,,,,,,,,,,,,,,,,,
31/03/2024 17:45:00,0,210,,,,,,,,,,,,,,,,,,
31/03/2024 17:30:00,0,211,,,,,,,,,,,,,,,,,,
31/03/2024 17:15:00,0,211,,,,,,,,,,,,,,,,,,
31/03/2024 17:00:00,0,212,,,,,,,,,,,,,,,,,,
31/03/2024 16:45:00,0,212,,,,,,,,,,,,,,,,,,
31/03/2024 16:30:00,0,213,,,,,,,,,,,,,,,,,,
31/03/2024 16:15:00,0,213,,,,,,,,,,,,,,,,,,
31/03/2024 16:00:00,0,214,,,,,,,,,,,,,,,,,,
31/03/2024 15:45:00,0,214,,,,,,,,,,,,,,,,,,
31/03/2024 15:30:00,0,215,,,,,,,,,,,,,,,,,,
31/03/2024 15:15:00,0,216,,,,,,,,,,,,,,,,,,
31/03/2024 15:00:00,0,216,,,,,,,,,,,,,,,,,,
31/03/2024 14:45:00,0,217,,,,,,,,,,,,,,,,,,
31/03/2024 14:30:00,0,217,,,,,,,,,,,,,,,,,,
31/03/2024 14:15:00,0,218,,,,,,,,,,,,,,,,,,
31/03/2024 14:00:00,0,218,,,,,,,,,,,,,,,,,,
31/03/2024 13:45:00,0,218,,,,,,,,,,,,,,,,,,
31/03/2024 13:30:00,0,219,,,,,,,,,,,,,,,,,,
31/03/2024 13:15:00,0,220,,,,,,,,,,,,,,,,,,
31/03/2024 13:00:00,0,220,,,,,,,,,,,,,,,,,,
31/03/2024 12:45:00,0,221,,,,,,,,,,,,,,,,,,
31/03/2024 12:30:00,0,221,,,,,,,,,,,,,,,,,,
31/03/2024 12:15:00,0,222,,,,,,,,,,,,,,,,,,
31/03/2024 12:00:00,0,222,,,,,,,,,,,,,,,,,,
31/03/2024 11:45:00,0,223,,,,,,,,,,,,,,,,,,
31/03/2024 11:30:00,0,223,,,,,,,,,,,,,,,,,,
31/03/2024 11:15:00,0,223,,,,,,,,,,,,,,,,,,
31/03/2024 11:00:00,0,224,,,,,,,,,,,,,,,,,,
31/03/2024 10:45:00,0,224,,,,,,,,,,,,,,,,,,
31/03/2024 10:30:00,0,224,,,,,,,,,,,,,,,,,,
31/03/2024 10:15:00,0,225,,,,,,,,,,,,,,,,,,
31/03/2024 10:00:00,0,225,,,,,,,,,,,,,,,,,,
31/03/2024 09:45:00,0,226,,,,,,,,,,,,,,,,,,
31/03/2024 09:30:00,0,226,,,,,,,,,,,,,,,,,,
31/03/2024 09:15:00,0,226,,,,,,,,,,,,,,,,,,
31/03/2024 09:00:00,0,227,,,,,,,,,,,,,,,,,,
31/03/2024 08:45:00,0,227,,,,,,,,,,,,,,,,,,
31/03/2024 08:30:00,0,227,,,,,,,,,,,,,,,,,,
31/03/2024 08:15:00,0,228,,,,,,,,,,,,,,,,,,
31/03/2024 08:00:00,0,228,,,,,,,,,,,,,,,,,,
31/03/2024 07:45:00,0,228,,,,,,,,,,,,,,,,,,
31/03/2024 07:30:00,0,228,,,,,,,,,,,,,,,,,,
31/03/2024 07:15:00,0,229,,,,,,,,,,,,,,,,,,
31/03/2024 07:00:00,0,229,,,,,,,,,,,,,,,,,,
31/03/2024 06:45:00,0,230,,,,,,,,,,,,,,,,,,
31/03/2024 06:30:00,0,230,,,,,,,,,,,,,,,,,,
31/03/2024 06:15:00,0,230,,,,,,,,,,,,,,,,,,
31/03/2024 06:00:00,0,230,,,,,,,,,,,,,,,,,,
31/03/2024 05:45:00,0,230,,,,,,,,,,,,,,,,,,
31/03/2024 05:30:00,0,231,,,,,,,,,,,,,,,,,,
31/03/2024 05:15:00,0,231,,,,,,,,,,,,,,,,,,
31/03/2024 05:00:00,0,231,,,,,,,,,,,,,,,,,,
31/03/2024 04:45:00,0,231,,,,,,,,,,,,,,,,,,
31/03/2024 04:30:00,0,231,,,,,,,,,,,,,,,,,,
31/03/2024 04:15:00,0,232,,,,,,,,,,,,,,,,,,
31/03/2024 04:00:00,0,232,,,,,,,,,,,,,,,,,,
31/03/2024 03:45:00,0,232,,,,,,,,,,,,,,,,,,
31/03/2024 03:30:00,0,232,,,,,,,,,,,,,,,,,,
31/03/2024 03:15:00,0,232,,,,,,,,,,,,,,,,,,
31/03/2024 03:00:00,0,232,,,,,,,,,,,,,,,,,,
31/03/2024 02:45:00,0,233,,,,,,,,,,,,,,,,,,
31/03/2024 02:30:00,0,233,,,,,,,,,,,,,,,,,,
31/03/2024 02:15:00,0,233,,,,,,,,,,,,,,,,,,
31/03/2024 02:00:00,0,233,,,,,,,,,,,,,,,,,,
31/03/2024 01:45:00,0,234,,,,,,,,,,,,,,,,,,
31/03/2024 01:30:00,0,234,,,,,,,,,,,,,,,,,,
31/03/2024 01:15:00,0,234,,,,,,,,,,,,,,,,,,
31/03/2024 01:00:00,0,234,,,,,,,,,,,,,,,,,,
31/03/2024 00:45:00,0,235,,,,,,,,,,,,,,,,,,
31/03/2024 00:30:00,0,235,,,,,,,,,,,,,,,,,,
31/03/2024 00:15:00,0,235,,,,,,,,,,,,,,,,,,
31/03/2024 00:00:00,0,235,,,,,,,,,,,,,,,,,,
30/03/2024 23:45:00,0,235,,,,,,,,,,,,,,,,,,
30/03/2024 23:30:00,0,235,,,,,,,,,,,,,,,,,,
30/03/2024 23:15:00,0,236,,,,,,,,,,,,,,,,,,
30/03/2024 23:00:00,0,236,,,,,,,,,,,,,,,,,,
30/03/2024 22:45:00,0,236,,,,,,,,,,,,,,,,,,
30/03/2024 22:30:00,0,236,,,,,,,,,,,,,,,,,,
30/03/2024 22:15:00,0,236,,,,,,,,,,,,,,,,,,
30/03/2024 22:00:00,0,237,,,,,,,,,,,,,,,,,,
30/03/2024 21:45:00,0,237,,,,,,,,,,,,,,,,,,
30/03/2024 21:30:00,0,237,,,,,,,,,,,,,,,,,,
30/03/2024 21:15:00,0,237,,,,,,,,,,,,,,,,,,
30/03/2024 21:00:00,0,238,,,,,,,,,,,,,,,,,,
30/03/2024 20:45:00,0,238,,,,,,,,,,,,,,,,,,
30/03/2024 20:30:00,0,238,,,,,,,,,,,,,,,,,,
30/03/2024 20:15:00,0,239,,,,,,,,,,,,,,,,,,
30/03/2024 20:00:00,0,239,,,,,,,,,,,,,,,,,,
30/03/2024 19:45:00,0,239,,,,,,,,,,,,,,,,,,
30/03/2024 19:30:00,0,239,,,,,,,,,,,,,,,,,,
30/03/2024 19:15:00,0,239,,,,,,,,,,,,,,,,,,
30/03/2024 19:00:00,0,240,,,,,,,,,,,,,,,,,,
30/03/2024 18:45:00,0,240,,,,,,,,,,,,,,,,,,
30/03/2024 18:30:00,0,240,,,,,,,,,,,,,,,,,,
30/03/2024 18:15:00,0,240,,,,,,,,,,,,,,,,,,
30/03/2024 18:00:00,0,241,,,,,,,,,,,,,,,,,,
30/03/2024 17:45:00,0,241,,,,,,,,,,,,,,,,,,
30/03/2024 17:30:00,0,241,,,,,,,,,,,,,,,,,,
30/03/2024 17:15:00,0,241,,,,,,,,,,,,,,,,,,
30/03/2024 17:00:00,0,241,,,,,,,,,,,,,,,,,,
30/03/2024 16:45:00,0,240,,,,,,,,,,,,,,,,,,
30/03/2024 16:30:00,0,241,,,,,,,,,,,,,,,,,,
30/03/2024 16:15:00,0,242,,,,,,,,,,,,,,,,,,
30/03/2024 16:00:00,0,241,,,,,,,,,,,,,,,,,,
30/03/2024 15:45:00,0,240,,,,,,,,,,,,,,,,,,
30/03/2024 15:30:00,0,242,,,,,,,,,,,,,,,,,,
30/03/2024 15:15:00,0,241,,,,,,,,,,,,,,,,,,
30/03/2024 15:00:00,0,241,,,,,,,,,,,,,,,,,,
30/03/2024 14:45:00,0,241,,,,,,,,,,,,,,,,,,
30/03/2024 14:30:00,0,241,,,,,,,,,,,,,,,,,,
30/03/2024 14:15:00,0,241,,,,,,,,,,,,,,,,,,
30/03/2024 14:00:00,0,241,,,,,,,,,,,,,,,,,,
30/03/2024 13:45:00,0,240,,,,,,,,,,,,,,,,,,
30/03/2024 13:30:00,0,241,,,,,,,,,,,,,,,,,,
30/03/2024 13:15:00,0,241,,,,,,,,,,,,,,,,,,
30/03/2024 13:00:00,0,241,,,,,,,,,,,,,,,,,,
30/03/2024 12:45:00,0,240,,,,,,,,,,,,,,,,,,
30/03/2024 12:30:00,0.2,241,,,,,,,,,,,,,,,,,,
30/03/2024 12:15:00,0,241,,,,,,,,,,,,,,,,,,
30/03/2024 12:00:00,0,241,,,,,,,,,,,,,,,,,,
30/03/2024 11:45:00,0,241,,,,,,,,,,,,,,,,,,
30/03/2024 11:30:00,0,240,,,,,,,,,,,,,,,,,,
30/03/2024 11:15:00,0,240,,,,,,,,,,,,,,,,,,
30/03/2024 11:00:00,0,240,,,,,,,,,,,,,,,,,,
30/03/2024 10:45:00,0,239,,,,,,,,,,,,,,,,,,
30/03/2024 10:30:00,0,239,,,,,,,,,,,,,,,,,,
30/03/2024 10:15:00,0,238,,,,,,,,,,,,,,,,,,
30/03/2024 10:00:00,0,238,,,,,,,,,,,,,,,,,,
30/03/2024 09:45:00,0,238,,,,,,,,,,,,,,,,,,
30/03/2024 09:30:00,0,237,,,,,,,,,,,,,,,,,,
30/03/2024 09:15:00,0,237,,,,,,,,,,,,,,,,,,
30/03/2024 09:00:00,0,236,,,,,,,,,,,,,,,,,,
30/03/2024 08:45:00,0,235,,,,,,,,,,,,,,,,,,
30/03/2024 08:30:00,0,234,,,,,,,,,,,,,,,,,,
30/03/2024 08:15:00,0,233,,,,,,,,,,,,,,,,,,
30/03/2024 08:00:00,0,233,,,,,,,,,,,,,,,,,,
30/03/2024 07:45:00,0,232,,,,,,,,,,,,,,,,,,
30/03/2024 07:30:00,0,231,,,,,,,,,,,,,,,,,,
30/03/2024 07:15:00,0,230,,,,,,,,,,,,,,,,,,
30/03/2024 07:00:00,0,229,,,,,,,,,,,,,,,,,,
30/03/2024 06:45:00,0,227,,,,,,,,,,,,,,,,,,
30/03/2024 06:30:00,0,226,,,,,,,,,,,,,,,,,,
30/03/2024 06:15:00,0,224,,,,,,,,,,,,,,,,,,
30/03/2024 06:00:00,0,223,,,,,,,,,,,,,,,,,,
30/03/2024 05:45:00,0,221,,,,,,,,,,,,,,,,,,
30/03/2024 05:30:00,0,220,,,,,,,,,,,,,,,,,,
30/03/2024 05:15:00,0,218,,,,,,,,,,,,,,,,,,
30/03/2024 05:00:00,0,216,,,,,,,,,,,,,,,,,,
30/03/2024 04:45:00,0,214,,,,,,,,,,,,,,,,,,
30/03/2024 04:30:00,0,212,,,,,,,,,,,,,,,,,,
30/03/2024 04:15:00,0,210,,,,,,,,,,,,,,,,,,
30/03/2024 04:00:00,0,208,,,,,,,,,,,,,,,,,,
30/03/2024 03:45:00,0,206,,,,,,,,,,,,,,,,,,
30/03/2024 03:30:00,0,204,,,,,,,,,,,,,,,,,,
30/03/2024 03:15:00,0,202,,,,,,,,,,,,,,,,,,
30/03/2024 03:00:00,0,199,,,,,,,,,,,,,,,,,,
30/03/2024 02:45:00,0,196,,,,,,,,,,,,,,,,,,
30/03/2024 02:30:00,0,193,,,,,,,,,,,,,,,,,,
30/03/2024 02:15:00,0,190,,,,,,,,,,,,,,,,,,
30/03/2024 02:00:00,0,187,,,,,,,,,,,,,,,,,,
30/03/2024 01:45:00,0,184,,,,,,,,,,,,,,,,,,
30/03/2024 01:30:00,0,182,,,,,,,,,,,,,,,,,,
30/03/2024 01:15:00,0,179,,,,,,,,,,,,,,,,,,
30/03/2024 01:00:00,0,177,,,,,,,,,,,,,,,,,,
30/03/2024 00:45:00,0,175,,,,,,,,,,,,,,,,,,
30/03/2024 00:30:00,0,173,,,,,,,,,,,,,,,,,,
30/03/2024 00:15:00,0,171,,,,,,,,,,,,,,,,,,
30/03/2024 00:00:00,0,169,,,,,,,,,,,,,,,,,,
29/03/2024 23:45:00,0,168,,,,,,,,,,,,,,,,,,
29/03/2024 23:30:00,0,166,,,,,,,,,,,,,,,,,,
29/03/2024 23:15:00,0,165,,,,,,,,,,,,,,,,,,
29/03/2024 23:00:00,0,163,,,,,,,,,,,,,,,,,,
29/03/2024 22:45:00,0,162,,,,,,,,,,,,,,,,,,
29/03/2024 22:30:00,0,160,,,,,,,,,,,,,,,,,,
29/03/2024 22:15:00,0,160,,,,,,,,,,,,,,,,,,
29/03/2024 22:00:00,0,159,,,,,,,,,,,,,,,,,,
29/03/2024 21:45:00,0,157,,,,,,,,,,,,,,,,,,
29/03/2024 21:30:00,0,156,,,,,,,,,,,,,,,,,,
29/03/2024 21:15:00,0,154,,,,,,,,,,,,,,,,,,
29/03/2024 21:00:00,0,153,,,,,,,,,,,,,,,,,,
29/03/2024 20:45:00,0,153,,,,,,,,,,,,,,,,,,
29/03/2024 20:30:00,0,153,,,,,,,,,,,,,,,,,,
29/03/2024 20:15:00,0,152,,,,,,,,,,,,,,,,,,
29/03/2024 20:00:00,0,152,,,,,,,,,,,,,,,,,,
29/03/2024 19:45:00,0,152,,,,,,,,,,,,,,,,,,
29/03/2024 19:30:00,0,151,,,,,,,,,,,,,,,,,,
29/03/2024 19:15:00,0,150,,,,,,,,,,,,,,,,,,
29/03/2024 19:00:00,0,150,,,,,,,,,,,,,,,,,,
29/03/2024 18:45:00,0,150,,,,,,,,,,,,,,,,,,
29/03/2024 18:30:00,0.2,151,,,,,,,,,,,,,,,,,,
29/03/2024 18:15:00,0,150,,,,,,,,,,,,,,,,,,
29/03/2024 18:00:00,0.6,150,,,,,,,,,,,,,,,,,,
29/03/2024 17:45:00,0,148,,,,,,,,,,,,,,,,,,
29/03/2024 17:30:00,0,149,,,,,,,,,,,,,,,,,,
29/03/2024 17:15:00,0,151,,,,,,,,,,,,,,,,,,
29/03/2024 17:00:00,0,151,,,,,,,,,,,,,,,,,,
29/03/2024 16:45:00,0,151,,,,,,,,,,,,,,,,,,
29/03/2024 16:30:00,0,151,,,,,,,,,,,,,,,,,,
29/03/2024 16:15:00,0,151,,,,,,,,,,,,,,,,,,
29/03/2024 16:00:00,0,151,,,,,,,,,,,,,,,,,,
29/03/2024 15:45:00,0,151,,,,,,,,,,,,,,,,,,
29/03/2024 15:30:00,0,151,,,,,,,,,,,,,,,,,,
29/03/2024 15:15:00,0,151,,,,,,,,,,,,,,,,,,
29/03/2024 15:00:00,0,152,,,,,,,,,,,,,,,,,,
29/03/2024 14:45:00,0,152,,,,,,,,,,,,,,,,,,
29/03/2024 14:30:00,0,151,,,,,,,,,,,,,,,,,,
29/03/2024 14:15:00,0,151,,,,,,,,,,,,,,,,,,
29/03/2024 14:00:00,0,151,,,,,,,,,,,,,,,,,,
29/03/2024 13:45:00,0,151,,,,,,,,,,,,,,,,,,
29/03/2024 13:30:00,0,151,,,,,,,,,,,,,,,,,,
29/03/2024 13:15:00,0,151,,,,,,,,,,,,,,,,,,
29/03/2024 13:00:00,0,151,,,,,,,,,,,,,,,,,,
29/03/2024 12:45:00,0,151,,,,,,,,,,,,,,,,,,
29/03/2024 12:30:00,0,151,,,,,,,,,,,,,,,,,,
29/03/2024 12:15:00,0,151,,,,,,,,,,,,,,,,,,
29/03/2024 12:00:00,0,151,,,,,,,,,,,,,,,,,,
29/03/2024 11:45:00,0,151,,,,,,,,,,,,,,,,,,
29/03/2024 11:30:00,0,151,,,,,,,,,,,,,,,,,,
29/03/2024 11:15:00,0,151,,,,,,,,,,,,,,,,,,
29/03/2024 11:00:00,0,151,,,,,,,,,,,,,,,,,,
29/03/2024 10:45:00,0,151,,,,,,,,,,,,,,,,,,
29/03/2024 10:30:00,0,151,,,,,,,,,,,,,,,,,,
29/03/2024 10:15:00,0,150,,,,,,,,,,,,,,,,,,
29/03/2024 10:00:00,0,150,,,,,,,,,,,,,,,,,,
29/03/2024 09:45:00,0,150,,,,,,,,,,,,,,,,,,
29/03/2024 09:30:00,0,150,,,,,,,,,,,,,,,,,,
29/03/2024 09:15:00,0,150,,,,,,,,,,,,,,,,,,
29/03/2024 09:00:00,0,150,,,,,,,,,,,,,,,,,,
29/03/2024 08:45:00,0,150,,,,,,,,,,,,,,,,,,
29/03/2024 08:30:00,0,150,,,,,,,,,,,,,,,,,,
29/03/2024 08:15:00,0,150,,,,,,,,,,,,,,,,,,
29/03/2024 08:00:00,0,150,,,,,,,,,,,,,,,,,,
29/03/2024 07:45:00,0,149,,,,,,,,,,,,,,,,,,
29/03/2024 07:30:00,0,149,,,,,,,,,,,,,,,,,,
29/03/2024 07:15:00,0,150,,,,,,,,,,,,,,,,,,
29/03/2024 07:00:00,0,149,,,,,,,,,,,,,,,,,,
29/03/2024 06:45:00,0,150,,,,,,,,,,,,,,,,,,
29/03/2024 06:30:00,0,149,,,,,,,,,,,,,,,,,,
29/03/2024 06:15:00,0,150,,,,,,,,,,,,,,,,,,
29/03/2024 06:00:00,0,149,,,,,,,,,,,,,,,,,,
29/03/2024 05:45:00,0,149,,,,,,,,,,,,,,,,,,
29/03/2024 05:30:00,0,149,,,,,,,,,,,,,,,,,,
29/03/2024 05:15:00,0,149,,,,,,,,,,,,,,,,,,
29/03/2024 05:00:00,0,149,,,,,,,,,,,,,,,,,,
29/03/2024 04:45:00,0,149,,,,,,,,,,,,,,,,,,
29/03/2024 04:30:00,0,149,,,,,,,,,,,,,,,,,,
29/03/2024 04:15:00,0,149,,,,,,,,,,,,,,,,,,
29/03/2024 04:00:00,0,149,,,,,,,,,,,,,,,,,,
29/03/2024 03:45:00,0,149,,,,,,,,,,,,,,,,,,
29/03/2024 03:30:00,0,149,,,,,,,,,,,,,,,,,,
29/03/2024 03:15:00,0,149,,,,,,,,,,,,,,,,,,
29/03/2024 03:00:00,0,149,,,,,,,,,,,,,,,,,,
29/03/2024 02:45:00,0,149,,,,,,,,,,,,,,,,,,
29/03/2024 02:30:00,0,149,,,,,,,,,,,,,,,,,,
29/03/2024 02:15:00,0,149,,,,,,,,,,,,,,,,,,
29/03/2024 02:00:00,0,149,,,,,,,,,,,,,,,,,,
29/03/2024 01:45:00,0,149,,,,,,,,,,,,,,,,,,
29/03/2024 01:30:00,0,149,,,,,,,,,,,,,,,,,,
29/03/2024 01:15:00,0,149,,,,,,,,,,,,,,,,,,
29/03/2024 01:00:00,0,149,,,,,,,,,,,,,,,,,,
29/03/2024 00:45:00,0,149,,,,,,,,,,,,,,,,,,
29/03/2024 00:30:00,0,149,,,,,,,,,,,,,,,,,,
29/03/2024 00:15:00,0,149,,,,,,,,,,,,,,,,,,
29/03/2024 00:00:00,0,149,,,,,,,,,,,,,,,,,,
28/03/2024 23:45:00,0,149,,,,,,,,,,,,,,,,,,
28/03/2024 23:30:00,0,149,,,,,,,,,,,,,,,,,,
28/03/2024 23:15:00,0,150,,,,,,,,,,,,,,,,,,
28/03/2024 23:00:00,0,150,,,,,,,,,,,,,,,,,,
28/03/2024 22:45:00,0,150,,,,,,,,,,,,,,,,,,
28/03/2024 22:30:00,0,150,,,,,,,,,,,,,,,,,,
28/03/2024 22:15:00,0,150,,,,,,,,,,,,,,,,,,
28/03/2024 22:00:00,0,150,,,,,,,,,,,,,,,,,,
28/03/2024 21:45:00,0,150,,,,,,,,,,,,,,,,,,
28/03/2024 21:30:00,0,151,,,,,,,,,,,,,,,,,,
28/03/2024 21:15:00,0,151,,,,,,,,,,,,,,,,,,
28/03/2024 21:00:00,0,151,,,,,,,,,,,,,,,,,,
28/03/2024 20:45:00,0,151,,,,,,,,,,,,,,,,,,
28/03/2024 20:30:00,0,151,,,,,,,,,,,,,,,,,,
28/03/2024 20:15:00,0,151,,,,,,,,,,,,,,,,,,
28/03/2024 20:00:00,0,151,,,,,,,,,,,,,,,,,,
28/03/2024 19:45:00,0,152,,,,,,,,,,,,,,,,,,
28/03/2024 19:30:00,0,152,,,,,,,,,,,,,,,,,,
28/03/2024 19:15:00,0,152,,,,,,,,,,,,,,,,,,
28/03/2024 19:00:00,0,152,,,,,,,,,,,,,,,,,,
28/03/2024 18:45:00,0,152,,,,,,,,,,,,,,,,,,
28/03/2024 18:30:00,0,152,,,,,,,,,,,,,,,,,,
28/03/2024 18:15:00,0,152,,,,,,,,,,,,,,,,,,
28/03/2024 18:00:00,0,152,,,,,,,,,,,,,,,,,,
28/03/2024 17:45:00,0,153,,,,,,,,,,,,,,,,,,
28/03/2024 17:30:00,0,153,,,,,,,,,,,,,,,,,,
28/03/2024 17:15:00,0,153,,,,,,,,,,,,,,,,,,
28/03/2024 17:00:00,0,153,,,,,,,,,,,,,,,,,,
28/03/2024 16:45:00,0,153,,,,,,,,,,,,,,,,,,
28/03/2024 16:30:00,0,153,,,,,,,,,,,,,,,,,,
28/03/2024 16:15:00,0,153,,,,,,,,,,,,,,,,,,
28/03/2024 16:00:00,0,153,,,,,,,,,,,,,,,,,,
28/03/2024 15:45:00,0,153,,,,,,,,,,,,,,,,,,
28/03/2024 15:30:00,0,153,,,,,,,,,,,,,,,,,,
28/03/2024 15:15:00,0,153,,,,,,,,,,,,,,,,,,
28/03/2024 15:00:00,0,154,,,,,,,,,,,,,,,,,,
28/03/2024 14:45:00,0,153,,,,,,,,,,,,,,,,,,
28/03/2024 14:30:00,0,154,,,,,,,,,,,,,,,,,,
28/03/2024 14:15:00,0,153,,,,,,,,,,,,,,,,,,
28/03/2024 14:00:00,0,153,,,,,,,,,,,,,,,,,,
28/03/2024 13:45:00,0,153,,,,,,,,,,,,,,,,,,
28/03/2024 13:30:00,0,153,,,,,,,,,,,,,,,,,,
28/03/2024 13:15:00,0,153,,,,,,,,,,,,,,,,,,
28/03/2024 13:00:00,0,154,,,,,,,,,,,,,,,,,,
28/03/2024 12:45:00,0,153,,,,,,,,,,,,,,,,,,
28/03/2024 12:30:00,0,154,,,,,,,,,,,,,,,,,,
28/03/2024 12:15:00,0,154,,,,,,,,,,,,,,,,,,
28/03/2024 12:00:00,0,154,,,,,,,,,,,,,,,,,,
28/03/2024 11:45:00,0,154,,,,,,,,,,,,,,,,,,
28/03/2024 11:30:00,0,153,,,,,,,,,,,,,,,,,,
28/03/2024 11:15:00,0,154,,,,,,,,,,,,,,,,,,
28/03/2024 11:00:00,0,154,,,,,,,,,,,,,,,,,,
28/03/2024 10:45:00,0,153,,,,,,,,,,,,,,,,,,
28/03/2024 10:30:00,0,153,,,,,,,,,,,,,,,,,,
28/03/2024 10:15:00,0,153,,,,,,,,,,,,,,,,,,
28/03/2024 10:00:00,0,153,,,,,,,,,,,,,,,,,,
28/03/2024 09:45:00,0,153,,,,,,,,,,,,,,,,,,
28/03/2024 09:30:00,0,153,,,,,,,,,,,,,,,,,,
28/03/2024 09:15:00,0,153,,,,,,,,,,,,,,,,,,
28/03/2024 09:00:00,0,153,,,,,,,,,,,,,,,,,,
28/03/2024 08:45:00,0,153,,,,,,,,,,,,,,,,,,
28/03/2024 08:30:00,0,153,,,,,,,,,,,,,,,,,,
28/03/2024 08:15:00,0,153,,,,,,,,,,,,,,,,,,
28/03/2024 08:00:00,0,153,,,,,,,,,,,,,,,,,,
28/03/2024 07:45:00,0,153,,,,,,,,,,,,,,,,,,
28/03/2024 07:30:00,0,153,,,,,,,,,,,,,,,,,,
28/03/2024 07:15:00,0,153,,,,,,,,,,,,,,,,,,
28/03/2024 07:00:00,0,153,,,,,,,,,,,,,,,,,,
28/03/2024 06:45:00,0,153,,,,,,,,,,,,,,,,,,
28/03/2024 06:30:00,0,153,,,,,,,,,,,,,,,,,,
28/03/2024 06:15:00,0,153,,,,,,,,,,,,,,,,,,
28/03/2024 06:00:00,0,153,,,,,,,,,,,,,,,,,,
28/03/2024 05:45:00,0,153,,,,,,,,,,,,,,,,,,
28/03/2024 05:30:00,0,153,,,,,,,,,,,,,,,,,,
28/03/2024 05:15:00,0,153,,,,,,,,,,,,,,,,,,
28/03/2024 05:00:00,0,152,,,,,,,,,,,,,,,,,,
28/03/2024 04:45:00,0,153,,,,,,,,,,,,,,,,,,
28/03/2024 04:30:00,0,153,,,,,,,,,,,,,,,,,,
28/03/2024 04:15:00,0,153,,,,,,,,,,,,,,,,,,
28/03/2024 04:00:00,0,153,,,,,,,,,,,,,,,,,,
28/03/2024 03:45:00,0,153,,,,,,,,,,,,,,,,,,
28/03/2024 03:30:00,0,152,,,,,,,,,,,,,,,,,,
28/03/2024 03:15:00,0,152,,,,,,,,,,,,,,,,,,
28/03/2024 03:00:00,0,152,,,,,,,,,,,,,,,,,,
28/03/2024 02:45:00,0,152,,,,,,,,,,,,,,,,,,
28/03/2024 02:30:00,0,152,,,,,,,,,,,,,,,,,,
28/03/2024 02:15:00,0,152,,,,,,,,,,,,,,,,,,
28/03/2024 02:00:00,0,152,,,,,,,,,,,,,,,,,,
28/03/2024 01:45:00,0,152,,,,,,,,,,,,,,,,,,
28/03/2024 01:30:00,0,153,,,,,,,,,,,,,,,,,,
28/03/2024 01:15:00,0,153,,,,,,,,,,,,,,,,,,
28/03/2024 01:00:00,0,152,,,,,,,,,,,,,,,,,,
28/03/2024 00:45:00,0,153,,,,,,,,,,,,,,,,,,
28/03/2024 00:30:00,0,153,,,,,,,,,,,,,,,,,,
28/03/2024 00:15:00,0,153,,,,,,,,,,,,,,,,,,
28/03/2024 00:00:00,0,153,,,,,,,,,,,,,,,,,,
27/03/2024 23:45:00,0,153,,,,,,,,,,,,,,,,,,
27/03/2024 23:30:00,0,153,,,,,,,,,,,,,,,,,,
27/03/2024 23:15:00,0,153,,,,,,,,,,,,,,,,,,
27/03/2024 23:00:00,0,153,,,,,,,,,,,,,,,,,,
27/03/2024 22:45:00,0,153,,,,,,,,,,,,,,,,,,
27/03/2024 22:30:00,0,153,,,,,,,,,,,,,,,,,,
27/03/2024 22:15:00,0,153,,,,,,,,,,,,,,,,,,
27/03/2024 22:00:00,0,153,,,,,,,,,,,,,,,,,,
27/03/2024 21:45:00,0,154,,,,,,,,,,,,,,,,,,
27/03/2024 21:30:00,0,154,,,,,,,,,,,,,,,,,,
27/03/2024 21:15:00,0,154,,,,,,,,,,,,,,,,,,
27/03/2024 21:00:00,0,154,,,,,,,,,,,,,,,,,,
27/03/2024 20:45:00,0,154,,,,,,,,,,,,,,,,,,
27/03/2024 20:30:00,0,154,,,,,,,,,,,,,,,,,,
27/03/2024 20:15:00,0,154,,,,,,,,,,,,,,,,,,
27/03/2024 20:00:00,0,155,,,,,,,,,,,,,,,,,,
27/03/2024 19:45:00,0,155,,,,,,,,,,,,,,,,,,
27/03/2024 19:30:00,0,155,,,,,,,,,,,,,,,,,,
27/03/2024 19:15:00,0,155,,,,,,,,,,,,,,,,,,
27/03/2024 19:00:00,0,155,,,,,,,,,,,,,,,,,,
27/03/2024 18:45:00,0,155,,,,,,,,,,,,,,,,,,
27/03/2024 18:30:00,0,155,,,,,,,,,,,,,,,,,,
27/03/2024 18:15:00,0,156,,,,,,,,,,,,,,,,,,
27/03/2024 18:00:00,0,155,,,,,,,,,,,,,,,,,,
27/03/2024 17:45:00,0,156,,,,,,,,,,,,,,,,,,
27/03/2024 17:30:00,0,155,,,,,,,,,,,,,,,,,,
27/03/2024 17:15:00,0,156,,,,,,,,,,,,,,,,,,
27/03/2024 17:00:00,0,155,,,,,,,,,,,,,,,,,,
27/03/2024 16:45:00,0,156,,,,,,,,,,,,,,,,,,
27/03/2024 16:30:00,0,156,,,,,,,,,,,,,,,,,,
27/03/2024 16:15:00,0,156,,,,,,,,,,,,,,,,,,
27/03/2024 16:00:00,0,156,,,,,,,,,,,,,,,,,,
27/03/2024 15:45:00,0,156,,,,,,,,,,,,,,,,,,
27/03/2024 15:30:00,0,156,,,,,,,,,,,,,,,,,,
27/03/2024 15:15:00,0,156,,,,,,,,,,,,,,,,,,
27/03/2024 15:00:00,0,156,,,,,,,,,,,,,,,,,,
27/03/2024 14:45:00,0,157,,,,,,,,,,,,,,,,,,
27/03/2024 14:30:00,0,156,,,,,,,,,,,,,,,,,,
27/03/2024 14:15:00,0,156,,,,,,,,,,,,,,,,,,
27/03/2024 14:00:00,0,156,,,,,,,,,,,,,,,,,,
27/03/2024 13:45:00,0,156,,,,,,,,,,,,,,,,,,
27/03/2024 13:30:00,0,156,,,,,,,,,,,,,,,,,,
27/03/2024 13:15:00,0,156,,,,,,,,,,,,,,,,,,
27/03/2024 13:00:00,0,157,,,,,,,,,,,,,,,,,,
27/03/2024 12:45:00,0,157,,,,,,,,,,,,,,,,,,
27/03/2024 12:30:00,0,157,,,,,,,,,,,,,,,,,,
27/03/2024 12:15:00,0,157,,,,,,,,,,,,,,,,,,
27/03/2024 12:00:00,0,157,,,,,,,,,,,,,,,,,,
27/03/2024 11:45:00,0,157,,,,,,,,,,,,,,,,,,
27/03/2024 11:30:00,0,157,,,,,,,,,,,,,,,,,,
27/03/2024 11:15:00,0,157,,,,,,,,,,,,,,,,,,
27/03/2024 11:00:00,0,157,,,,,,,,,,,,,,,,,,
27/03/2024 10:45:00,0,157,,,,,,,,,,,,,,,,,,
27/03/2024 10:30:00,0,157,,,,,,,,,,,,,,,,,,
27/03/2024 10:15:00,0,157,,,,,,,,,,,,,,,,,,
27/03/2024 10:00:00,0,157,,,,,,,,,,,,,,,,,,
27/03/2024 09:45:00,0,157,,,,,,,,,,,,,,,,,,
27/03/2024 09:30:00,0,157,,,,,,,,,,,,,,,,,,
27/03/2024 09:15:00,0,157,,,,,,,,,,,,,,,,,,
27/03/2024 09:00:00,0,157,,,,,,,,,,,,,,,,,,
27/03/2024 08:45:00,0,157,,,,,,,,,,,,,,,,,,
27/03/2024 08:30:00,0,157,,,,,,,,,,,,,,,,,,
27/03/2024 08:15:00,0,157,,,,,,,,,,,,,,,,,,
27/03/2024 08:00:00,0,157,,,,,,,,,,,,,,,,,,
27/03/2024 07:45:00,0,157,,,,,,,,,,,,,,,,,,
27/03/2024 07:30:00,0,157,,,,,,,,,,,,,,,,,,
27/03/2024 07:15:00,0,157,,,,,,,,,,,,,,,,,,
27/03/2024 07:00:00,0,157,,,,,,,,,,,,,,,,,,
27/03/2024 06:45:00,0,157,,,,,,,,,,,,,,,,,,
27/03/2024 06:30:00,0,157,,,,,,,,,,,,,,,,,,
27/03/2024 06:15:00,0,157,,,,,,,,,,,,,,,,,,
27/03/2024 06:00:00,0,157,,,,,,,,,,,,,,,,,,
27/03/2024 05:45:00,0,157,,,,,,,,,,,,,,,,,,
27/03/2024 05:30:00,0,157,,,,,,,,,,,,,,,,,,
27/03/2024 05:15:00,0,157,,,,,,,,,,,,,,,,,,
27/03/2024 05:00:00,0,157,,,,,,,,,,,,,,,,,,
27/03/2024 04:45:00,0,157,,,,,,,,,,,,,,,,,,
27/03/2024 04:30:00,0,157,,,,,,,,,,,,,,,,,,
27/03/2024 04:15:00,0,157,,,,,,,,,,,,,,,,,,
27/03/2024 04:00:00,0,157,,,,,,,,,,,,,,,,,,
27/03/2024 03:45:00,0,157,,,,,,,,,,,,,,,,,,
27/03/2024 03:30:00,0,157,,,,,,,,,,,,,,,,,,
27/03/2024 03:15:00,0,157,,,,,,,,,,,,,,,,,,
27/03/2024 03:00:00,0,156,,,,,,,,,,,,,,,,,,
27/03/2024 02:45:00,0,157,,,,,,,,,,,,,,,,,,
27/03/2024 02:30:00,0,157,,,,,,,,,,,,,,,,,,
27/03/2024 02:15:00,0,156,,,,,,,,,,,,,,,,,,
27/03/2024 02:00:00,0,156,,,,,,,,,,,,,,,,,,
27/03/2024 01:45:00,0,156,,,,,,,,,,,,,,,,,,
27/03/2024 01:30:00,0,157,,,,,,,,,,,,,,,,,,
27/03/2024 01:15:00,0,156,,,,,,,,,,,,,,,,,,
27/03/2024 01:00:00,0,156,,,,,,,,,,,,,,,,,,
27/03/2024 00:45:00,0,156,,,,,,,,,,,,,,,,,,
27/03/2024 00:30:00,0,156,,,,,,,,,,,,,,,,,,
27/03/2024 00:15:00,0,157,,,,,,,,,,,,,,,,,,
27/03/2024 00:00:00,0,157,,,,,,,,,,,,,,,,,,
26/03/2024 23:45:00,0,157,,,,,,,,,,,,,,,,,,
26/03/2024 23:30:00,0,157,,,,,,,,,,,,,,,,,,
26/03/2024 23:15:00,0,157,,,,,,,,,,,,,,,,,,
26/03/2024 23:00:00,0,157,,,,,,,,,,,,,,,,,,
26/03/2024 22:45:00,0,157,,,,,,,,,,,,,,,,,,
26/03/2024 22:30:00,0,157,,,,,,,,,,,,,,,,,,
26/03/2024 22:15:00,0,157,,,,,,,,,,,,,,,,,,
26/03/2024 22:00:00,0,157,,,,,,,,,,,,,,,,,,
26/03/2024 21:45:00,0,158,,,,,,,,,,,,,,,,,,
26/03/2024 21:30:00,0,158,,,,,,,,,,,,,,,,,,
26/03/2024 21:15:00,0,158,,,,,,,,,,,,,,,,,,
26/03/2024 21:00:00,0,158,,,,,,,,,,,,,,,,,,
26/03/2024 20:45:00,0,158,,,,,,,,,,,,,,,,,,
26/03/2024 20:30:00,0,159,,,,,,,,,,,,,,,,,,
26/03/2024 20:15:00,0,159,,,,,,,,,,,,,,,,,,
26/03/2024 20:00:00,0,159,,,,,,,,,,,,,,,,,,
26/03/2024 19:45:00,0,159,,,,,,,,,,,,,,,,,,
26/03/2024 19:30:00,0,159,,,,,,,,,,,,,,,,,,
26/03/2024 19:15:00,0,159,,,,,,,,,,,,,,,,,,
26/03/2024 19:00:00,0,160,,,,,,,,,,,,,,,,,,
26/03/2024 18:45:00,0,160,,,,,,,,,,,,,,,,,,
26/03/2024 18:30:00,0,160,,,,,,,,,,,,,,,,,,
26/03/2024 18:15:00,0,160,,,,,,,,,,,,,,,,,,
26/03/2024 18:00:00,0,160,,,,,,,,,,,,,,,,,,
26/03/2024 17:45:00,0,159,,,,,,,,,,,,,,,,,,
26/03/2024 17:30:00,0,160,,,,,,,,,,,,,,,,,,
26/03/2024 17:15:00,0,160,,,,,,,,,,,,,,,,,,
26/03/2024 17:00:00,0,161,,,,,,,,,,,,,,,,,,
26/03/2024 16:45:00,0,161,,,,,,,,,,,,,,,,,,
26/03/2024 16:30:00,0,160,,,,,,,,,,,,,,,,,,
26/03/2024 16:15:00,0,161,,,,,,,,,,,,,,,,,,
26/03/2024 16:00:00,0,161,,,,,,,,,,,,,,,,,,
26/03/2024 15:45:00,0,161,,,,,,,,,,,,,,,,,,
26/03/2024 15:30:00,0,161,,,,,,,,,,,,,,,,,,
26/03/2024 15:15:00,0,161,,,,,,,,,,,,,,,,,,
26/03/2024 15:00:00,0,161,,,,,,,,,,,,,,,,,,
26/03/2024 14:45:00,0,162,,,,,,,,,,,,,,,,,,
26/03/2024 14:30:00,0,161,,,,,,,,,,,,,,,,,,
26/03/2024 14:15:00,0,162,,,,,,,,,,,,,,,,,,
26/03/2024 14:00:00,0,161,,,,,,,,,,,,,,,,,,
26/03/2024 13:45:00,0,162,,,,,,,,,,,,,,,,,,
26/03/2024 13:30:00,0,162,,,,,,,,,,,,,,,,,,
26/03/2024 13:15:00,0,162,,,,,,,,,,,,,,,,,,
26/03/2024 13:00:00,0,162,,,,,,,,,,,,,,,,,,
26/03/2024 12:45:00,0,162,,,,,,,,,,,,,,,,,,
26/03/2024 12:30:00,0,163,,,,,,,,,,,,,,,,,,
26/03/2024 12:15:00,0,163,,,,,,,,,,,,,,,,,,
26/03/2024 12:00:00,0,163,,,,,,,,,,,,,,,,,,
26/03/2024 11:45:00,0,163,,,,,,,,,,,,,,,,,,
26/03/2024 11:30:00,0,163,,,,,,,,,,,,,,,,,,
26/03/2024 11:15:00,0,163,,,,,,,,,,,,,,,,,,
26/03/2024 11:00:00,0,163,,,,,,,,,,,,,,,,,,
26/03/2024 10:45:00,0,163,,,,,,,,,,,,,,,,,,
26/03/2024 10:30:00,0,163,,,,,,,,,,,,,,,,,,
26/03/2024 10:15:00,0,162,,,,,,,,,,,,,,,,,,
26/03/2024 10:00:00,0,163,,,,,,,,,,,,,,,,,,
26/03/2024 09:45:00,0,163,,,,,,,,,,,,,,,,,,
26/03/2024 09:30:00,0,163,,,,,,,,,,,,,,,,,,
26/03/2024 09:15:00,0,163,,,,,,,,,,,,,,,,,,
26/03/2024 09:00:00,0,163,,,,,,,,,,,,,,,,,,
26/03/2024 08:45:00,0,162,,,,,,,,,,,,,,,,,,
26/03/2024 08:30:00,0,162,,,,,,,,,,,,,,,,,,
26/03/2024 08:15:00,0,163,,,,,,,,,,,,,,,,,,
26/03/2024 08:00:00,0,162,,,,,,,,,,,,,,,,,,
26/03/2024 07:45:00,0,162,,,,,,,,,,,,,,,,,,
26/03/2024 07:30:00,0,162,,,,,,,,,,,,,,,,,,
26/03/2024 07:15:00,0,162,,,,,,,,,,,,,,,,,,
26/03/2024 07:00:00,0,162,,,,,,,,,,,,,,,,,,
26/03/2024 06:45:00,0,162,,,,,,,,,,,,,,,,,,
26/03/2024 06:30:00,0,163,,,,,,,,,,,,,,,,,,
26/03/2024 06:15:00,0,162,,,,,,,,,,,,,,,,,,
26/03/2024 06:00:00,0,162,,,,,,,,,,,,,,,,,,
26/03/2024 05:45:00,0,162,,,,,,,,,,,,,,,,,,
26/03/2024 05:30:00,0,162,,,,,,,,,,,,,,,,,,
26/03/2024 05:15:00,0,162,,,,,,,,,,,,,,,,,,
26/03/2024 05:00:00,0,163,,,,,,,,,,,,,,,,,,
26/03/2024 04:45:00,0,162,,,,,,,,,,,,,,,,,,
26/03/2024 04:30:00,0,162,,,,,,,,,,,,,,,,,,
26/03/2024 04:15:00,0,162,,,,,,,,,,,,,,,,,,
26/03/2024 04:00:00,0,162,,,,,,,,,,,,,,,,,,
26/03/2024 03:45:00,0,162,,,,,,,,,,,,,,,,,,
26/03/2024 03:30:00,0,162,,,,,,,,,,,,,,,,,,
26/03/2024 03:15:00,0,162,,,,,,,,,,,,,,,,,,
26/03/2024 03:00:00,0,162,,,,,,,,,,,,,,,,,,
26/03/2024 02:45:00,0,162,,,,,,,,,,,,,,,,,,
26/03/2024 02:30:00,0,162,,,,,,,,,,,,,,,,,,
26/03/2024 02:15:00,0,162,,,,,,,,,,,,,,,,,,
26/03/2024 02:00:00,0,162,,,,,,,,,,,,,,,,,,
26/03/2024 01:45:00,0,162,,,,,,,,,,,,,,,,,,
26/03/2024 01:30:00,0,162,,,,,,,,,,,,,,,,,,
26/03/2024 01:15:00,0,162,,,,,,,,,,,,,,,,,,
26/03/2024 01:00:00,0,163,,,,,,,,,,,,,,,,,,
26/03/2024 00:45:00,0,163,,,,,,,,,,,,,,,,,,
26/03/2024 00:30:00,0,163,,,,,,,,,,,,,,,,,,
26/03/2024 00:15:00,0,163,,,,,,,,,,,,,,,,,,
26/03/2024 00:00:00,0,163,,,,,,,,,,,,,,,,,,
25/03/2024 23:45:00,0,163,,,,,,,,,,,,,,,,,,
25/03/2024 23:30:00,0,163,,,,,,,,,,,,,,,,,,
25/03/2024 23:15:00,0,163,,,,,,,,,,,,,,,,,,
25/03/2024 23:00:00,0,163,,,,,,,,,,,,,,,,,,
25/03/2024 22:45:00,0,163,,,,,,,,,,,,,,,,,,
25/03/2024 22:30:00,0,164,,,,,,,,,,,,,,,,,,
25/03/2024 22:15:00,0,164,,,,,,,,,,,,,,,,,,
25/03/2024 22:00:00,0,164,,,,,,,,,,,,,,,,,,
25/03/2024 21:45:00,0,164,,,,,,,,,,,,,,,,,,
25/03/2024 21:30:00,0,164,,,,,,,,,,,,,,,,,,
25/03/2024 21:15:00,0,164,,,,,,,,,,,,,,,,,,
25/03/2024 21:00:00,0,164,,,,,,,,,,,,,,,,,,
25/03/2024 20:45:00,0,165,,,,,,,,,,,,,,,,,,
25/03/2024 20:30:00,0,165,,,,,,,,,,,,,,,,,,
25/03/2024 20:15:00,0,165,,,,,,,,,,,,,,,,,,
25/03/2024 20:00:00,0,165,,,,,,,,,,,,,,,,,,
25/03/2024 19:45:00,0,165,,,,,,,,,,,,,,,,,,
25/03/2024 19:30:00,0,166,,,,,,,,,,,,,,,,,,
25/03/2024 19:15:00,0,166,,,,,,,,,,,,,,,,,,
25/03/2024 19:00:00,0,166,,,,,,,,,,,,,,,,,,
25/03/2024 18:45:00,0,166,,,,,,,,,,,,,,,,,,
25/03/2024 18:30:00,0,166,,,,,,,,,,,,,,,,,,
25/03/2024 18:15:00,0,167,,,,,,,,,,,,,,,,,,
25/03/2024 18:00:00,0,167,,,,,,,,,,,,,,,,,,
25/03/2024 17:45:00,0,167,,,,,,,,,,,,,,,,,,
25/03/2024 17:30:00,0,167,,,,,,,,,,,,,,,,,,
25/03/2024 17:15:00,0,167,,,,,,,,,,,,,,,,,,
25/03/2024 17:00:00,0,167,,,,,,,,,,,,,,,,,,
25/03/2024 16:45:00,0,167,,,,,,,,,,,,,,,,,,
25/03/2024 16:30:00,0,167,,,,,,,,,,,,,,,,,,
25/03/2024 16:15:00,0,168,,,,,,,,,,,,,,,,,,
25/03/2024 16:00:00,0,167,,,,,,,,,,,,,,,,,,
25/03/2024 15:45:00,0,168,,,,,,,,,,,,,,,,,,
25/03/2024 15:30:00,0,168,,,,,,,,,,,,,,,,,,
25/03/2024 15:15:00,0,168,,,,,,,,,,,,,,,,,,
25/03/2024 15:00:00,0,168,,,,,,,,,,,,,,,,,,
25/03/2024 14:45:00,0,169,,,,,,,,,,,,,,,,,,
25/03/2024 14:30:00,0,169,,,,,,,,,,,,,,,,,,
25/03/2024 14:15:00,0,168,,,,,,,,,,,,,,,,,,
25/03/2024 14:00:00,0,168,,,,,,,,,,,,,,,,,,
25/03/2024 13:45:00,0,169,,,,,,,,,,,,,,,,,,
25/03/2024 13:30:00,0,169,,,,,,,,,,,,,,,,,,
25/03/2024 13:15:00,0,169,,,,,,,,,,,,,,,,,,
25/03/2024 13:00:00,0,169,,,,,,,,,,,,,,,,,,
25/03/2024 12:45:00,0,169,,,,,,,,,,,,,,,,,,
25/03/2024 12:30:00,0,170,,,,,,,,,,,,,,,,,,
25/03/2024 12:15:00,0,170,,,,,,,,,,,,,,,,,,
25/03/2024 12:00:00,0,170,,,,,,,,,,,,,,,,,,
25/03/2024 11:45:00,0,170,,,,,,,,,,,,,,,,,,
25/03/2024 11:30:00,0,170,,,,,,,,,,,,,,,,,,
25/03/2024 11:15:00,0,169,,,,,,,,,,,,,,,,,,
25/03/2024 11:00:00,0,169,,,,,,,,,,,,,,,,,,
25/03/2024 10:45:00,0,169,,,,,,,,,,,,,,,,,,
25/03/2024 10:30:00,0,169,,,,,,,,,,,,,,,,,,
25/03/2024 10:15:00,0,169,,,,,,,,,,,,,,,,,,
25/03/2024 10:00:00,0,169,,,,,,,,,,,,,,,,,,
25/03/2024 09:45:00,0,169,,,,,,,,,,,,,,,,,,
25/03/2024 09:30:00,0,169,,,,,,,,,,,,,,,,,,
25/03/2024 09:15:00,0,170,,,,,,,,,,,,,,,,,,
25/03/2024 09:00:00,0,169,,,,,,,,,,,,,,,,,,
25/03/2024 08:45:00,0,169,,,,,,,,,,,,,,,,,,
25/03/2024 08:30:00,0,169,,,,,,,,,,,,,,,,,,
25/03/2024 08:15:00,0,170,,,,,,,,,,,,,,,,,,
25/03/2024 08:00:00,0,170,,,,,,,,,,,,,,,,,,
25/03/2024 07:45:00,0,169,,,,,,,,,,,,,,,,,,
25/03/2024 07:30:00,0,170,,,,,,,,,,,,,,,,,,
25/03/2024 07:15:00,0,170,,,,,,,,,,,,,,,,,,
25/03/2024 07:00:00,0,170,,,,,,,,,,,,,,,,,,
25/03/2024 06:45:00,0,169,,,,,,,,,,,,,,,,,,
25/03/2024 06:30:00,0,169,,,,,,,,,,,,,,,,,,
25/03/2024 06:15:00,0,170,,,,,,,,,,,,,,,,,,
25/03/2024 06:00:00,0,170,,,,,,,,,,,,,,,,,,
25/03/2024 05:45:00,0,170,,,,,,,,,,,,,,,,,,
25/03/2024 05:30:00,0,170,,,,,,,,,,,,,,,,,,
25/03/2024 05:15:00,0,170,,,,,,,,,,,,,,,,,,
25/03/2024 05:00:00,0,170,,,,,,,,,,,,,,,,,,
25/03/2024 04:45:00,0,170,,,,,,,,,,,,,,,,,,
25/03/2024 04:30:00,0,170,,,,,,,,,,,,,,,,,,
25/03/2024 04:15:00,0,170,,,,,,,,,,,,,,,,,,
25/03/2024 04:00:00,0,169,,,,,,,,,,,,,,,,,,
25/03/2024 03:45:00,0,170,,,,,,,,,,,,,,,,,,
25/03/2024 03:30:00,0,170,,,,,,,,,,,,,,,,,,
25/03/2024 03:15:00,0,170,,,,,,,,,,,,,,,,,,
25/03/2024 03:00:00,0,170,,,,,,,,,,,,,,,,,,
25/03/2024 02:45:00,0,170,,,,,,,,,,,,,,,,,,
25/03/2024 02:30:00,0,170,,,,,,,,,,,,,,,,,,
25/03/2024 02:15:00,0,170,,,,,,,,,,,,,,,,,,
25/03/2024 02:00:00,0,170,,,,,,,,,,,,,,,,,,
25/03/2024 01:45:00,0,170,,,,,,,,,,,,,,,,,,
25/03/2024 01:30:00,0,170,,,,,,,,,,,,,,,,,,
25/03/2024 01:15:00,0,170,,,,,,,,,,,,,,,,,,
25/03/2024 01:00:00,0,170,,,,,,,,,,,,,,,,,,
25/03/2024 00:45:00,0,171,,,,,,,,,,,,,,,,,,
25/03/2024 00:30:00,0,170,,,,,,,,,,,,,,,,,,
25/03/2024 00:15:00,0,170,,,,,,,,,,,,,,,,,,
25/03/2024 00:00:00,0,170,,,,,,,,,,,,,,,,,,
24/03/2024 23:45:00,0,171,,,,,,,,,,,,,,,,,,
24/03/2024 23:30:00,0,171,,,,,,,,,,,,,,,,,,
24/03/2024 23:15:00,0,171,,,,,,,,,,,,,,,,,,
24/03/2024 23:00:00,0,171,,,,,,,,,,,,,,,,,,
24/03/2024 22:45:00,0,171,,,,,,,,,,,,,,,,,,
24/03/2024 22:30:00,0,172,,,,,,,,,,,,,,,,,,
24/03/2024 22:15:00,0,172,,,,,,,,,,,,,,,,,,
24/03/2024 22:00:00,0,172,,,,,,,,,,,,,,,,,,
24/03/2024 21:45:00,0,172,,,,,,,,,,,,,,,,,,
24/03/2024 21:30:00,0,172,,,,,,,,,,,,,,,,,,
24/03/2024 21:15:00,0,172,,,,,,,,,,,,,,,,,,
24/03/2024 21:00:00,0,172,,,,,,,,,,,,,,,,,,
24/03/2024 20:45:00,0,173,,,,,,,,,,,,,,,,,,
24/03/2024 20:30:00,0,173,,,,,,,,,,,,,,,,,,
24/03/2024 20:15:00,0,173,,,,,,,,,,,,,,,,,,
24/03/2024 20:00:00,0,173,,,,,,,,,,,,,,,,,,
24/03/2024 19:45:00,0,174,,,,,,,,,,,,,,,,,,
24/03/2024 19:30:00,0,174,,,,,,,,,,,,,,,,,,
24/03/2024 19:15:00,0,174,,,,,,,,,,,,,,,,,,
24/03/2024 19:00:00,0,174,,,,,,,,,,,,,,,,,,
24/03/2024 18:45:00,0,174,,,,,,,,,,,,,,,,,,
24/03/2024 18:30:00,0,174,,,,,,,,,,,,,,,,,,
24/03/2024 18:15:00,0,174,,,,,,,,,,,,,,,,,,
24/03/2024 18:00:00,0,175,,,,,,,,,,,,,,,,,,
24/03/2024 17:45:00,0,175,,,,,,,,,,,,,,,,,,
24/03/2024 17:30:00,0,175,,,,,,,,,,,,,,,,,,
24/03/2024 17:15:00,0,175,,,,,,,,,,,,,,,,,,
24/03/2024 17:00:00,0,175,,,,,,,,,,,,,,,,,,
24/03/2024 16:45:00,0,176,,,,,,,,,,,,,,,,,,
24/03/2024 16:30:00,0,176,,,,,,,,,,,,,,,,,,
24/03/2024 16:15:00,0,175,,,,,,,,,,,,,,,,,,
24/03/2024 16:00:00,0,176,,,,,,,,,,,,,,,,,,
24/03/2024 15:45:00,0,176,,,,,,,,,,,,,,,,,,
24/03/2024 15:30:00,0,177,,,,,,,,,,,,,,,,,,
24/03/2024 15:15:00,0,177,,,,,,,,,,,,,,,,,,
24/03/2024 15:00:00,0,177,,,,,,,,,,,,,,,,,,
24/03/2024 14:45:00,0,177,,,,,,,,,,,,,,,,,,
24/03/2024 14:30:00,0,178,,,,,,,,,,,,,,,,,,
24/03/2024 14:15:00,0,178,,,,,,,,,,,,,,,,,,
24/03/2024 14:00:00,0,178,,,,,,,,,,,,,,,,,,
24/03/2024 13:45:00,0,178,,,,,,,,,,,,,,,,,,
24/03/2024 13:30:00,0,177,,,,,,,,,,,,,,,,,,
24/03/2024 13:15:00,0,178,,,,,,,,,,,,,,,,,,
24/03/2024 13:00:00,0,178,,,,,,,,,,,,,,,,,,
24/03/2024 12:45:00,0,178,,,,,,,,,,,,,,,,,,
24/03/2024 12:30:00,0,178,,,,,,,,,,,,,,,,,,
24/03/2024 12:15:00,0,179,,,,,,,,,,,,,,,,,,
24/03/2024 12:00:00,0,179,,,,,,,,,,,,,,,,,,
24/03/2024 11:45:00,0,179,,,,,,,,,,,,,,,,,,
24/03/2024 11:30:00,0,179,,,,,,,,,,,,,,,,,,
24/03/2024 11:15:00,0,179,,,,,,,,,,,,,,,,,,
24/03/2024 11:00:00,0,179,,,,,,,,,,,,,,,,,,
24/03/2024 10:45:00,0,179,,,,,,,,,,,,,,,,,,
24/03/2024 10:30:00,0,179,,,,,,,,,,,,,,,,,,
24/03/2024 10:15:00,0,179,,,,,,,,,,,,,,,,,,
24/03/2024 10:00:00,0,179,,,,,,,,,,,,,,,,,,
24/03/2024 09:45:00,0,180,,,,,,,,,,,,,,,,,,
24/03/2024 09:30:00,0,180,,,,,,,,,,,,,,,,,,
24/03/2024 09:15:00,0,180,,,,,,,,,,,,,,,,,,
24/03/2024 09:00:00,0,180,,,,,,,,,,,,,,,,,,
24/03/2024 08:45:00,0,180,,,,,,,,,,,,,,,,,,
24/03/2024 08:30:00,0,180,,,,,,,,,,,,,,,,,,
24/03/2024 08:15:00,0,180,,,,,,,,,,,,,,,,,,
24/03/2024 08:00:00,0,180,,,,,,,,,,,,,,,,,,
24/03/2024 07:45:00,0,180,,,,,,,,,,,,,,,,,,
24/03/2024 07:30:00,0,180,,,,,,,,,,,,,,,,,,
24/03/2024 07:15:00,0,181,,,,,,,,,,,,,,,,,,
24/03/2024 07:00:00,0,181,,,,,,,,,,,,,,,,,,
24/03/2024 06:45:00,0,181,,,,,,,,,,,,,,,,,,
24/03/2024 06:30:00,0,181,,,,,,,,,,,,,,,,,,
24/03/2024 06:15:00,0,181,,,,,,,,,,,,,,,,,,
24/03/2024 06:00:00,0,181,,,,,,,,,,,,,,,,,,
24/03/2024 05:45:00,0,181,,,,,,,,,,,,,,,,,,
24/03/2024 05:30:00,0,182,,,,,,,,,,,,,,,,,,
24/03/2024 05:15:00,0,182,,,,,,,,,,,,,,,,,,
24/03/2024 05:00:00,0,182,,,,,,,,,,,,,,,,,,
24/03/2024 04:45:00,0,182,,,,,,,,,,,,,,,,,,
24/03/2024 04:30:00,0,182,,,,,,,,,,,,,,,,,,
24/03/2024 04:15:00,0,182,,,,,,,,,,,,,,,,,,
24/03/2024 04:00:00,0,182,,,,,,,,,,,,,,,,,,
24/03/2024 03:45:00,0,183,,,,,,,,,,,,,,,,,,
24/03/2024 03:30:00,0,183,,,,,,,,,,,,,,,,,,
24/03/2024 03:15:00,0,183,,,,,,,,,,,,,,,,,,
24/03/2024 03:00:00,0,183,,,,,,,,,,,,,,,,,,
24/03/2024 02:45:00,0,183,,,,,,,,,,,,,,,,,,
24/03/2024 02:30:00,0,184,,,,,,,,,,,,,,,,,,
24/03/2024 02:15:00,0,184,,,,,,,,,,,,,,,,,,
24/03/2024 02:00:00,0,183,,,,,,,,,,,,,,,,,,
24/03/2024 01:45:00,0,184,,,,,,,,,,,,,,,,,,
24/03/2024 01:30:00,0,184,,,,,,,,,,,,,,,,,,
24/03/2024 01:15:00,0,185,,,,,,,,,,,,,,,,,,
24/03/2024 01:00:00,0,185,,,,,,,,,,,,,,,,,,
24/03/2024 00:45:00,0,185,,,,,,,,,,,,,,,,,,
24/03/2024 00:30:00,0,186,,,,,,,,,,,,,,,,,,
24/03/2024 00:15:00,0,185,,,,,,,,,,,,,,,,,,
24/03/2024 00:00:00,0,186,,,,,,,,,,,,,,,,,,
23/03/2024 23:45:00,0,186,,,,,,,,,,,,,,,,,,
23/03/2024 23:30:00,0,186,,,,,,,,,,,,,,,,,,
23/03/2024 23:15:00,0,187,,,,,,,,,,,,,,,,,,
23/03/2024 23:00:00,0,187,,,,,,,,,,,,,,,,,,
23/03/2024 22:45:00,0,188,,,,,,,,,,,,,,,,,,
23/03/2024 22:30:00,0,188,,,,,,,,,,,,,,,,,,
23/03/2024 22:15:00,0,188,,,,,,,,,,,,,,,,,,
23/03/2024 22:00:00,0,189,,,,,,,,,,,,,,,,,,
23/03/2024 21:45:00,0,189,,,,,,,,,,,,,,,,,,
23/03/2024 21:30:00,0,189,,,,,,,,,,,,,,,,,,
23/03/2024 21:15:00,0,189,,,,,,,,,,,,,,,,,,
23/03/2024 21:00:00,0,189,,,,,,,,,,,,,,,,,,
23/03/2024 20:45:00,0,190,,,,,,,,,,,,,,,,,,
23/03/2024 20:30:00,0,190,,,,,,,,,,,,,,,,,,
23/03/2024 20:15:00,0,191,,,,,,,,,,,,,,,,,,
23/03/2024 20:00:00,0,191,,,,,,,,,,,,,,,,,,
23/03/2024 19:45:00,0,191,,,,,,,,,,,,,,,,,,
23/03/2024 19:30:00,0,192,,,,,,,,,,,,,,,,,,
23/03/2024 19:15:00,0,193,,,,,,,,,,,,,,,,,,
23/03/2024 19:00:00,0,193,,,,,,,,,,,,,,,,,,
23/03/2024 18:45:00,0,193,,,,,,,,,,,,,,,,,,
23/03/2024 18:30:00,0,194,,,,,,,,,,,,,,,,,,
23/03/2024 18:15:00,0,194,,,,,,,,,,,,,,,,,,
23/03/2024 18:00:00,0,194,,,,,,,,,,,,,,,,,,
23/03/2024 17:45:00,0,194,,,,,,,,,,,,,,,,,,
23/03/2024 17:30:00,0,194,,,,,,,,,,,,,,,,,,
23/03/2024 17:15:00,0,195,,,,,,,,,,,,,,,,,,
23/03/2024 17:00:00,0,195,,,,,,,,,,,,,,,,,,
23/03/2024 16:45:00,0,195,,,,,,,,,,,,,,,,,,
23/03/2024 16:30:00,0,196,,,,,,,,,,,,,,,,,,
23/03/2024 16:15:00,0,196,,,,,,,,,,,,,,,,,,
23/03/2024 16:00:00,0,196,,,,,,,,,,,,,,,,,,
23/03/2024 15:45:00,0,196,,,,,,,,,,,,,,,,,,
23/03/2024 15:30:00,0,197,,,,,,,,,,,,,,,,,,
23/03/2024 15:15:00,0,197,,,,,,,,,,,,,,,,,,
23/03/2024 15:00:00,0,197,,,,,,,,,,,,,,,,,,
23/03/2024 14:45:00,0,197,,,,,,,,,,,,,,,,,,
23/03/2024 14:30:00,0,198,,,,,,,,,,,,,,,,,,
23/03/2024 14:15:00,0,199,,,,,,,,,,,,,,,,,,
23/03/2024 14:00:00,0,198,,,,,,,,,,,,,,,,,,
23/03/2024 13:45:00,0,198,,,,,,,,,,,,,,,,,,
23/03/2024 13:30:00,0,199,,,,,,,,,,,,,,,,,,
23/03/2024 13:15:00,0,199,,,,,,,,,,,,,,,,,,
23/03/2024 13:00:00,0,199,,,,,,,,,,,,,,,,,,
23/03/2024 12:45:00,0,200,,,,,,,,,,,,,,,,,,
23/03/2024 12:30:00,0,199,,,,,,,,,,,,,,,,,,
23/03/2024 12:15:00,0,199,,,,,,,,,,,,,,,,,,
23/03/2024 12:00:00,0,200,,,,,,,,,,,,,,,,,,
23/03/2024 11:45:00,0,200,,,,,,,,,,,,,,,,,,
23/03/2024 11:30:00,0,200,,,,,,,,,,,,,,,,,,
23/03/2024 11:15:00,0,200,,,,,,,,,,,,,,,,,,
23/03/2024 11:00:00,0,200,,,,,,,,,,,,,,,,,,
23/03/2024 10:45:00,0,201,,,,,,,,,,,,,,,,,,
23/03/2024 10:30:00,0,201,,,,,,,,,,,,,,,,,,
23/03/2024 10:15:00,0,201,,,,,,,,,,,,,,,,,,
23/03/2024 10:00:00,0,201,,,,,,,,,,,,,,,,,,
23/03/2024 09:45:00,0,201,,,,,,,,,,,,,,,,,,
23/03/2024 09:30:00,0,201,,,,,,,,,,,,,,,,,,
23/03/2024 09:15:00,0,201,,,,,,,,,,,,,,,,,,
23/03/2024 09:00:00,0,201,,,,,,,,,,,,,,,,,,
23/03/2024 08:45:00,0,201,,,,,,,,,,,,,,,,,,
23/03/2024 08:30:00,0,201,,,,,,,,,,,,,,,,,,
23/03/2024 08:15:00,0,201,,,,,,,,,,,,,,,,,,
23/03/2024 08:00:00,0,200,,,,,,,,,,,,,,,,,,
23/03/2024 07:45:00,0,201,,,,,,,,,,,,,,,,,,
23/03/2024 07:30:00,0,200,,,,,,,,,,,,,,,,,,
23/03/2024 07:15:00,0,201,,,,,,,,,,,,,,,,,,
23/03/2024 07:00:00,0,200,,,,,,,,,,,,,,,,,,
23/03/2024 06:45:00,0,200,,,,,,,,,,,,,,,,,,
23/03/2024 06:30:00,0,200,,,,,,,,,,,,,,,,,,
23/03/2024 06:15:00,0,200,,,,,,,,,,,,,,,,,,
23/03/2024 06:00:00,0,200,,,,,,,,,,,,,,,,,,
23/03/2024 05:45:00,0,200,,,,,,,,,,,,,,,,,,
23/03/2024 05:30:00,0,199,,,,,,,,,,,,,,,,,,
23/03/2024 05:15:00,0,199,,,,,,,,,,,,,,,,,,
23/03/2024 05:00:00,0,199,,,,,,,,,,,,,,,,,,
23/03/2024 04:45:00,0,199,,,,,,,,,,,,,,,,,,
23/03/2024 04:30:00,0,199,,,,,,,,,,,,,,,,,,
23/03/2024 04:15:00,0,199,,,,,,,,,,,,,,,,,,
23/03/2024 04:00:00,0,198,,,,,,,,,,,,,,,,,,
23/03/2024 03:45:00,0,198,,,,,,,,,,,,,,,,,,
23/03/2024 03:30:00,0,197,,,,,,,,,,,,,,,,,,
23/03/2024 03:15:00,0,197,,,,,,,,,,,,,,,,,,
23/03/2024 03:00:00,0,197,,,,,,,,,,,,,,,,,,
23/03/2024 02:45:00,0,197,,,,,,,,,,,,,,,,,,
23/03/2024 02:30:00,0,196,,,,,,,,,,,,,,,,,,
23/03/2024 02:15:00,0,196,,,,,,,,,,,,,,,,,,
23/03/2024 02:00:00,0,196,,,,,,,,,,,,,,,,,,
23/03/2024 01:45:00,0,195,,,,,,,,,,,,,,,,,,
23/03/2024 01:30:00,0,195,,,,,,,,,,,,,,,,,,
23/03/2024 01:15:00,0,195,,,,,,,,,,,,,,,,,,
23/03/2024 01:00:00,0,194,,,,,,,,,,,,,,,,,,
23/03/2024 00:45:00,0,194,,,,,,,,,,,,,,,,,,
23/03/2024 00:30:00,0,194,,,,,,,,,,,,,,,,,,
23/03/2024 00:15:00,0,194,,,,,,,,,,,,,,,,,,
23/03/2024 00:00:00,0,193,,,,,,,,,,,,,,,,,,
22/03/2024 23:45:00,0,193,,,,,,,,,,,,,,,,,,
22/03/2024 23:30:00,0,193,,,,,,,,,,,,,,,,,,
22/03/2024 23:15:00,0,193,,,,,,,,,,,,,,,,,,
22/03/2024 23:00:00,0,193,,,,,,,,,,,,,,,,,,
22/03/2024 22:45:00,0,192,,,,,,,,,,,,,,,,,,
22/03/2024 22:30:00,0,192,,,,,,,,,,,,,,,,,,
22/03/2024 22:15:00,0,192,,,,,,,,,,,,,,,,,,
22/03/2024 22:00:00,0,192,,,,,,,,,,,,,,,,,,
22/03/2024 21:45:00,0,191,,,,,,,,,,,,,,,,,,
22/03/2024 21:30:00,0,191,,,,,,,,,,,,,,,,,,
22/03/2024 21:15:00,0,191,,,,,,,,,,,,,,,,,,
22/03/2024 21:00:00,0,191,,,,,,,,,,,,,,,,,,
22/03/2024 20:45:00,0,190,,,,,,,,,,,,,,,,,,
22/03/2024 20:30:00,0,190,,,,,,,,,,,,,,,,,,
22/03/2024 20:15:00,0,189,,,,,,,,,,,,,,,,,,
22/03/2024 20:00:00,0,189,,,,,,,,,,,,,,,,,,
22/03/2024 19:45:00,0,188,,,,,,,,,,,,,,,,,,
22/03/2024 19:30:00,0,189,,,,,,,,,,,,,,,,,,
22/03/2024 19:15:00,0,188,,,,,,,,,,,,,,,,,,
22/03/2024 19:00:00,0,188,,,,,,,,,,,,,,,,,,
22/03/2024 18:45:00,0,188,,,,,,,,,,,,,,,,,,
22/03/2024 18:30:00,0,187,,,,,,,,,,,,,,,,,,
22/03/2024 18:15:00,0,187,,,,,,,,,,,,,,,,,,
22/03/2024 18:00:00,0,187,,,,,,,,,,,,,,,,,,
22/03/2024 17:45:00,0,186,,,,,,,,,,,,,,,,,,
22/03/2024 17:30:00,0,186,,,,,,,,,,,,,,,,,,
22/03/2024 17:15:00,0,186,,,,,,,,,,,,,,,,,,
22/03/2024 17:00:00,0,185,,,,,,,,,,,,,,,,,,
22/03/2024 16:45:00,0,185,,,,,,,,,,,,,,,,,,
22/03/2024 16:30:00,0,185,,,,,,,,,,,,,,,,,,
22/03/2024 16:15:00,0,185,,,,,,,,,,,,,,,,,,
22/03/2024 16:00:00,0,184,,,,,,,,,,,,,,,,,,
22/03/2024 15:45:00,0,183,,,,,,,,,,,,,,,,,,
22/03/2024 15:30:00,0,184,,,,,,,,,,,,,,,,,,
22/03/2024 15:15:00,0,183,,,,,,,,,,,,,,,,,,
22/03/2024 15:00:00,0,183,,,,,,,,,,,,,,,,,,
22/03/2024 14:45:00,0,183,,,,,,,,,,,,,,,,,,
22/03/2024 14:30:00,0,183,,,,,,,,,,,,,,,,,,
22/03/2024 14:15:00,0,183,,,,,,,,,,,,,,,,,,
22/03/2024 14:00:00,0,182,,,,,,,,,,,,,,,,,,
22/03/2024 13:45:00,0,182,,,,,,,,,,,,,,,,,,
22/03/2024 13:30:00,0,182,,,,,,,,,,,,,,,,,,
22/03/2024 13:15:00,0,181,,,,,,,,,,,,,,,,,,
22/03/2024 13:00:00,0,181,,,,,,,,,,,,,,,,,,
22/03/2024 12:45:00,0,181,,,,,,,,,,,,,,,,,,
22/03/2024 12:30:00,0,181,,,,,,,,,,,,,,,,,,
22/03/2024 12:15:00,0,181,,,,,,,,,,,,,,,,,,
22/03/2024 12:00:00,0,180,,,,,,,,,,,,,,,,,,
22/03/2024 11:45:00,0,180,,,,,,,,,,,,,,,,,,
22/03/2024 11:30:00,0,179,,,,,,,,,,,,,,,,,,
22/03/2024 11:15:00,0,179,,,,,,,,,,,,,,,,,,
22/03/2024 11:00:00,0,179,,,,,,,,,,,,,,,,,,
22/03/2024 10:45:00,0,179,,,,,,,,,,,,,,,,,,
22/03/2024 10:30:00,0,178,,,,,,,,,,,,,,,,,,
22/03/2024 10:15:00,0,178,,,,,,,,,,,,,,,,,,
22/03/2024 10:00:00,0,178,,,,,,,,,,,,,,,,,,
22/03/2024 09:45:00,0,178,,,,,,,,,,,,,,,,,,
22/03/2024 09:30:00,0,177,,,,,,,,,,,,,,,,,,
22/03/2024 09:15:00,0,176,,,,,,,,,,,,,,,,,,
22/03/2024 09:00:00,0,176,,,,,,,,,,,,,,,,,,
22/03/2024 08:45:00,0,175,,,,,,,,,,,,,,,,,,
22/03/2024 08:30:00,0,175,,,,,,,,,,,,,,,,,,
22/03/2024 08:15:00,0,174,,,,,,,,,,,,,,,,,,
22/03/2024 08:00:00,0,174,,,,,,,,,,,,,,,,,,
22/03/2024 07:45:00,0,174,,,,,,,,,,,,,,,,,,
22/03/2024 07:30:00,0,173,,,,,,,,,,,,,,,,,,
22/03/2024 07:15:00,0,173,,,,,,,,,,,,,,,,,,
22/03/2024 07:00:00,0,172,,,,,,,,,,,,,,,,,,
22/03/2024 06:45:00,0,172,,,,,,,,,,,,,,,,,,
22/03/2024 06:30:00,0,171,,,,,,,,,,,,,,,,,,
22/03/2024 06:15:00,0,171,,,,,,,,,,,,,,,,,,
22/03/2024 06:00:00,0,171,,,,,,,,,,,,,,,,,,
22/03/2024 05:45:00,0,171,,,,,,,,,,,,,,,,,,
22/03/2024 05:30:00,0,170,,,,,,,,,,,,,,,,,,
22/03/2024 05:15:00,0,170,,,,,,,,,,,,,,,,,,
22/03/2024 05:00:00,0,169,,,,,,,,,,,,,,,,,,
22/03/2024 04:45:00,0,169,,,,,,,,,,,,,,,,,,
22/03/2024 04:30:00,0,169,,,,,,,,,,,,,,,,,,
22/03/2024 04:15:00,0,168,,,,,,,,,,,,,,,,,,
22/03/2024 04:00:00,0,168,,,,,,,,,,,,,,,,,,
22/03/2024 03:45:00,0,168,,,,,,,,,,,,,,,,,,
22/03/2024 03:30:00,0,168,,,,,,,,,,,,,,,,,,
22/03/2024 03:15:00,0,167,,,,,,,,,,,,,,,,,,
22/03/2024 03:00:00,0,168,,,,,,,,,,,,,,,,,,
22/03/2024 02:45:00,0,167,,,,,,,,,,,,,,,,,,
22/03/2024 02:30:00,0,167,,,,,,,,,,,,,,,,,,
22/03/2024 02:15:00,0,167,,,,,,,,,,,,,,,,,,
22/03/2024 02:00:00,0,167,,,,,,,,,,,,,,,,,,
22/03/2024 01:45:00,0,167,,,,,,,,,,,,,,,,,,
22/03/2024 01:30:00,0,167,,,,,,,,,,,,,,,,,,
22/03/2024 01:15:00,0,167,,,,,,,,,,,,,,,,,,
22/03/2024 01:00:00,0,166,,,,,,,,,,,,,,,,,,
22/03/2024 00:45:00,0,166,,,,,,,,,,,,,,,,,,
22/03/2024 00:30:00,0,166,,,,,,,,,,,,,,,,,,
22/03/2024 00:15:00,0,166,,,,,,,,,,,,,,,,,,
22/03/2024 00:00:00,0,166,,,,,,,,,,,,,,,,,,
21/03/2024 23:45:00,0,165,,,,,,,,,,,,,,,,,,
21/03/2024 23:30:00,0,165,,,,,,,,,,,,,,,,,,
21/03/2024 23:15:00,0.2,165,,,,,,,,,,,,,,,,,,
21/03/2024 23:00:00,0,165,,,,,,,,,,,,,,,,,,
21/03/2024 22:45:00,0,164,,,,,,,,,,,,,,,,,,
21/03/2024 22:30:00,0.6,164,,,,,,,,,,,,,,,,,,
21/03/2024 22:15:00,0,164,,,,,,,,,,,,,,,,,,
21/03/2024 22:00:00,0,164,,,,,,,,,,,,,,,,,,
21/03/2024 21:45:00,0.2,163,,,,,,,,,,,,,,,,,,
21/03/2024 21:30:00,0.2,163,,,,,,,,,,,,,,,,,,
21/03/2024 21:15:00,0,163,,,,,,,,,,,,,,,,,,
21/03/2024 21:00:00,0.2,163,,,,,,,,,,,,,,,,,,
21/03/2024 20:45:00,0,162,,,,,,,,,,,,,,,,,,
21/03/2024 20:30:00,0,162,,,,,,,,,,,,,,,,,,
21/03/2024 20:15:00,0,162,,,,,,,,,,,,,,,,,,
21/03/2024 20:00:00,0.6,161,,,,,,,,,,,,,,,,,,
21/03/2024 19:45:00,1,161,,,,,,,,,,,,,,,,,,
21/03/2024 19:30:00,0.8,160,,,,,,,,,,,,,,,,,,
21/03/2024 19:15:00,0.2,161,,,,,,,,,,,,,,,,,,
21/03/2024 19:00:00,0.4,160,,,,,,,,,,,,,,,,,,
21/03/2024 18:45:00,0,160,,,,,,,,,,,,,,,,,,
21/03/2024 18:30:00,0,161,,,,,,,,,,,,,,,,,,
21/03/2024 18:15:00,0.2,160,,,,,,,,,,,,,,,,,,
21/03/2024 18:00:00,0.2,160,,,,,,,,,,,,,,,,,,
21/03/2024 17:45:00,0.2,160,,,,,,,,,,,,,,,,,,
21/03/2024 17:30:00,0,160,,,,,,,,,,,,,,,,,,
21/03/2024 17:15:00,0.2,159,,,,,,,,,,,,,,,,,,
21/03/2024 17:00:00,0,158,,,,,,,,,,,,,,,,,,
21/03/2024 16:45:00,0,159,,,,,,,,,,,,,,,,,,
21/03/2024 16:30:00,0,159,,,,,,,,,,,,,,,,,,
21/03/2024 16:15:00,0,159,,,,,,,,,,,,,,,,,,
21/03/2024 16:00:00,0,159,,,,,,,,,,,,,,,,,,
21/03/2024 15:45:00,0,158,,,,,,,,,,,,,,,,,,
21/03/2024 15:30:00,0,159,,,,,,,,,,,,,,,,,,
21/03/2024 15:15:00,0,158,,,,,,,,,,,,,,,,,,
21/03/2024 15:00:00,0,158,,,,,,,,,,,,,,,,,,
21/03/2024 14:45:00,0,158,,,,,,,,,,,,,,,,,,
21/03/2024 14:30:00,0,158,,,,,,,,,,,,,,,,,,
21/03/2024 14:15:00,0,158,,,,,,,,,,,,,,,,,,
21/03/2024 14:00:00,0,158,,,,,,,,,,,,,,,,,,
21/03/2024 13:45:00,0,158,,,,,,,,,,,,,,,,,,
21/03/2024 13:30:00,0,158,,,,,,,,,,,,,,,,,,
21/03/2024 13:15:00,0,158,,,,,,,,,,,,,,,,,,
21/03/2024 13:00:00,0,158,,,,,,,,,,,,,,,,,,
21/03/2024 12:45:00,0,158,,,,,,,,,,,,,,,,,,
21/03/2024 12:30:00,0,158,,,,,,,,,,,,,,,,,,
21/03/2024 12:15:00,0,157,,,,,,,,,,,,,,,,,,
21/03/2024 12:00:00,0,157,,,,,,,,,,,,,,,,,,
21/03/2024 11:45:00,0,157,,,,,,,,,,,,,,,,,,
21/03/2024 11:30:00,0,157,,,,,,,,,,,,,,,,,,
21/03/2024 11:15:00,0,157,,,,,,,,,,,,,,,,,,
21/03/2024 11:00:00,0,157,,,,,,,,,,,,,,,,,,
21/03/2024 10:45:00,0,157,,,,,,,,,,,,,,,,,,
21/03/2024 10:30:00,0,157,,,,,,,,,,,,,,,,,,
21/03/2024 10:15:00,0,156,,,,,,,,,,,,,,,,,,
21/03/2024 10:00:00,0,156,,,,,,,,,,,,,,,,,,
21/03/2024 09:45:00,0,156,,,,,,,,,,,,,,,,,,
21/03/2024 09:30:00,0,156,,,,,,,,,,,,,,,,,,
21/03/2024 09:15:00,0,155,,,,,,,,,,,,,,,,,,
21/03/2024 09:00:00,0,155,,,,,,,,,,,,,,,,,,
21/03/2024 08:45:00,0,154,,,,,,,,,,,,,,,,,,
21/03/2024 08:30:00,0,154,,,,,,,,,,,,,,,,,,
21/03/2024 08:15:00,0,153,,,,,,,,,,,,,,,,,,
21/03/2024 08:00:00,0.2,153,,,,,,,,,,,,,,,,,,
21/03/2024 07:45:00,0.2,153,,,,,,,,,,,,,,,,,,
21/03/2024 07:30:00,0.6,152,,,,,,,,,,,,,,,,,,
21/03/2024 07:15:00,0.2,151,,,,,,,,,,,,,,,,,,
21/03/2024 07:00:00,0,150,,,,,,,,,,,,,,,,,,
21/03/2024 06:45:00,0,150,,,,,,,,,,,,,,,,,,
21/03/2024 06:30:00,0,149,,,,,,,,,,,,,,,,,,
21/03/2024 06:15:00,0,148,,,,,,,,,,,,,,,,,,
21/03/2024 06:00:00,0.4,148,,,,,,,,,,,,,,,,,,
21/03/2024 05:45:00,4.4,148,,,,,,,,,,,,,,,,,,
21/03/2024 05:30:00,0.6,148,,,,,,,,,,,,,,,,,,
21/03/2024 05:15:00,0,146,,,,,,,,,,,,,,,,,,
21/03/2024 05:00:00,0,148,,,,,,,,,,,,,,,,,,
21/03/2024 04:45:00,0,148,,,,,,,,,,,,,,,,,,
21/03/2024 04:30:00,0,149,,,,,,,,,,,,,,,,,,
21/03/2024 04:15:00,0,148,,,,,,,,,,,,,,,,,,
21/03/2024 04:00:00,0,149,,,,,,,,,,,,,,,,,,
21/03/2024 03:45:00,0,149,,,,,,,,,,,,,,,,,,
21/03/2024 03:30:00,0,149,,,,,,,,,,,,,,,,,,
21/03/2024 03:15:00,0,149,,,,,,,,,,,,,,,,,,
21/03/2024 03:00:00,0,149,,,,,,,,,,,,,,,,,,
21/03/2024 02:45:00,0,149,,,,,,,,,,,,,,,,,,
21/03/2024 02:30:00,0,149,,,,,,,,,,,,,,,,,,
21/03/2024 02:15:00,0,149,,,,,,,,,,,,,,,,,,
21/03/2024 02:00:00,0,149,,,,,,,,,,,,,,,,,,
21/03/2024 01:45:00,0,149,,,,,,,,,,,,,,,,,,
21/03/2024 01:30:00,0,149,,,,,,,,,,,,,,,,,,
21/03/2024 01:15:00,0,149,,,,,,,,,,,,,,,,,,
21/03/2024 01:00:00,0,149,,,,,,,,,,,,,,,,,,
21/03/2024 00:45:00,0,149,,,,,,,,,,,,,,,,,,
21/03/2024 00:30:00,0,150,,,,,,,,,,,,,,,,,,
21/03/2024 00:15:00,0,150,,,,,,,,,,,,,,,,,,
21/03/2024 00:00:00,0,150,,,,,,,,,,,,,,,,,,
20/03/2024 23:45:00,0,150,,,,,,,,,,,,,,,,,,
20/03/2024 23:30:00,0,150,,,,,,,,,,,,,,,,,,
20/03/2024 23:15:00,0,150,,,,,,,,,,,,,,,,,,
20/03/2024 23:00:00,0,150,,,,,,,,,,,,,,,,,,
20/03/2024 22:45:00,0,151,,,,,,,,,,,,,,,,,,
20/03/2024 22:30:00,0,151,,,,,,,,,,,,,,,,,,
20/03/2024 22:15:00,0,151,,,,,,,,,,,,,,,,,,
20/03/2024 22:00:00,0,151,,,,,,,,,,,,,,,,,,
20/03/2024 21:45:00,0,151,,,,,,,,,,,,,,,,,,
20/03/2024 21:30:00,0,151,,,,,,,,,,,,,,,,,,
20/03/2024 21:15:00,0,151,,,,,,,,,,,,,,,,,,
20/03/2024 21:00:00,0,152,,,,,,,,,,,,,,,,,,
20/03/2024 20:45:00,0,152,,,,,,,,,,,,,,,,,,
20/03/2024 20:30:00,0,152,,,,,,,,,,,,,,,,,,
20/03/2024 20:15:00,0,152,,,,,,,,,,,,,,,,,,
20/03/2024 20:00:00,0,152,,,,,,,,,,,,,,,,,,
20/03/2024 19:45:00,0,153,,,,,,,,,,,,,,,,,,
20/03/2024 19:30:00,0,152,,,,,,,,,,,,,,,,,,
20/03/2024 19:15:00,0,152,,,,,,,,,,,,,,,,,,
20/03/2024 19:00:00,0,153,,,,,,,,,,,,,,,,,,
20/03/2024 18:45:00,0,153,,,,,,,,,,,,,,,,,,
20/03/2024 18:30:00,0,153,,,,,,,,,,,,,,,,,,
20/03/2024 18:15:00,0,153,,,,,,,,,,,,,,,,,,
20/03/2024 18:00:00,0,153,,,,,,,,,,,,,,,,,,
20/03/2024 17:45:00,0,153,,,,,,,,,,,,,,,,,,
20/03/2024 17:30:00,0,153,,,,,,,,,,,,,,,,,,
20/03/2024 17:15:00,0,153,,,,,,,,,,,,,,,,,,
20/03/2024 17:00:00,0,154,,,,,,,,,,,,,,,,,,
20/03/2024 16:45:00,0,154,,,,,,,,,,,,,,,,,,
20/03/2024 16:30:00,0,154,,,,,,,,,,,,,,,,,,
20/03/2024 16:15:00,0,154,,,,,,,,,,,,,,,,,,
20/03/2024 16:00:00,0,154,,,,,,,,,,,,,,,,,,
20/03/2024 15:45:00,0,154,,,,,,,,,,,,,,,,,,
20/03/2024 15:30:00,0,154,,,,,,,,,,,,,,,,,,
20/03/2024 15:15:00,0,153,,,,,,,,,,,,,,,,,,
20/03/2024 15:00:00,0,153,,,,,,,,,,,,,,,,,,
20/03/2024 14:45:00,0,154,,,,,,,,,,,,,,,,,,
20/03/2024 14:30:00,0,154,,,,,,,,,,,,,,,,,,
20/03/2024 14:15:00,0,154,,,,,,,,,,,,,,,,,,
20/03/2024 14:00:00,0,153,,,,,,,,,,,,,,,,,,
20/03/2024 13:45:00,0,154,,,,,,,,,,,,,,,,,,
20/03/2024 13:30:00,0,153,,,,,,,,,,,,,,,,,,
20/03/2024 13:15:00,0,154,,,,,,,,,,,,,,,,,,
20/03/2024 13:00:00,0,154,,,,,,,,,,,,,,,,,,
20/03/2024 12:45:00,0,154,,,,,,,,,,,,,,,,,,
20/03/2024 12:30:00,0,154,,,,,,,,,,,,,,,,,,
20/03/2024 12:15:00,0,154,,,,,,,,,,,,,,,,,,
20/03/2024 12:00:00,0,154,,,,,,,,,,,,,,,,,,
20/03/2024 11:45:00,0,154,,,,,,,,,,,,,,,,,,
20/03/2024 11:30:00,0,154,,,,,,,,,,,,,,,,,,
20/03/2024 11:15:00,0,154,,,,,,,,,,,,,,,,,,
20/03/2024 11:00:00,0,154,,,,,,,,,,,,,,,,,,
20/03/2024 10:45:00,0,154,,,,,,,,,,,,,,,,,,
20/03/2024 10:30:00,0,154,,,,,,,,,,,,,,,,,,
20/03/2024 10:15:00,0,154,,,,,,,,,,,,,,,,,,
20/03/2024 10:00:00,0,153,,,,,,,,,,,,,,,,,,
20/03/2024 09:45:00,0,153,,,,,,,,,,,,,,,,,,
20/03/2024 09:30:00,0,153,,,,,,,,,,,,,,,,,,
20/03/2024 09:15:00,0,153,,,,,,,,,,,,,,,,,,
20/03/2024 09:00:00,0,153,,,,,,,,,,,,,,,,,,
20/03/2024 08:45:00,0,153,,,,,,,,,,,,,,,,,,
20/03/2024 08:30:00,0,153,,,,,,,,,,,,,,,,,,
20/03/2024 08:15:00,0,153,,,,,,,,,,,,,,,,,,
20/03/2024 08:00:00,0,153,,,,,,,,,,,,,,,,,,
20/03/2024 07:45:00,0,153,,,,,,,,,,,,,,,,,,
20/03/2024 07:30:00,0,153,,,,,,,,,,,,,,,,,,
20/03/2024 07:15:00,0,153,,,,,,,,,,,,,,,,,,
20/03/2024 07:00:00,0,153,,,,,,,,,,,,,,,,,,
20/03/2024 06:45:00,0,153,,,,,,,,,,,,,,,,,,
20/03/2024 06:30:00,0,153,,,,,,,,,,,,,,,,,,
20/03/2024 06:15:00,0,152,,,,,,,,,,,,,,,,,,
20/03/2024 06:00:00,0,153,,,,,,,,,,,,,,,,,,
20/03/2024 05:45:00,0,152,,,,,,,,,,,,,,,,,,
20/03/2024 05:30:00,0,152,,,,,,,,,,,,,,,,,,
20/03/2024 05:15:00,0,152,,,,,,,,,,,,,,,,,,
20/03/2024 05:00:00,0,152,,,,,,,,,,,,,,,,,,
20/03/2024 04:45:00,0,152,,,,,,,,,,,,,,,,,,
20/03/2024 04:30:00,0,152,,,,,,,,,,,,,,,,,,
20/03/2024 04:15:00,0,152,,,,,,,,,,,,,,,,,,
20/03/2024 04:00:00,0,152,,,,,,,,,,,,,,,,,,
20/03/2024 03:45:00,0,151,,,,,,,,,,,,,,,,,,
20/03/2024 03:30:00,0,151,,,,,,,,,,,,,,,,,,
20/03/2024 03:15:00,0,152,,,,,,,,,,,,,,,,,,
20/03/2024 03:00:00,0,151,,,,,,,,,,,,,,,,,,
20/03/2024 02:45:00,0,151,,,,,,,,,,,,,,,,,,
20/03/2024 02:30:00,0,151,,,,,,,,,,,,,,,,,,
20/03/2024 02:15:00,0,151,,,,,,,,,,,,,,,,,,
20/03/2024 02:00:00,0,151,,,,,,,,,,,,,,,,,,
20/03/2024 01:45:00,0,151,,,,,,,,,,,,,,,,,,
20/03/2024 01:30:00,0,151,,,,,,,,,,,,,,,,,,
20/03/2024 01:15:00,0,152,,,,,,,,,,,,,,,,,,
20/03/2024 01:00:00,0,152,,,,,,,,,,,,,,,,,,
20/03/2024 00:45:00,0,151,,,,,,,,,,,,,,,,,,
20/03/2024 00:30:00,0,152,,,,,,,,,,,,,,,,,,
20/03/2024 00:15:00,0,152,,,,,,,,,,,,,,,,,,
20/03/2024 00:00:00,0,152,,,,,,,,,,,,,,,,,,
19/03/2024 23:45:00,0,152,,,,,,,,,,,,,,,,,,
19/03/2024 23:30:00,0,152,,,,,,,,,,,,,,,,,,
19/03/2024 23:15:00,0,152,,,,,,,,,,,,,,,,,,
19/03/2024 23:00:00,0,152,,,,,,,,,,,,,,,,,,
19/03/2024 22:45:00,0,153,,,,,,,,,,,,,,,,,,
19/03/2024 22:30:00,0,153,,,,,,,,,,,,,,,,,,
19/03/2024 22:15:00,0,153,,,,,,,,,,,,,,,,,,
19/03/2024 22:00:00,0,153,,,,,,,,,,,,,,,,,,
19/03/2024 21:45:00,0,153,,,,,,,,,,,,,,,,,,
19/03/2024 21:30:00,0,153,,,,,,,,,,,,,,,,,,
19/03/2024 21:15:00,0,153,,,,,,,,,,,,,,,,,,
19/03/2024 21:00:00,0,154,,,,,,,,,,,,,,,,,,
19/03/2024 20:45:00,0,153,,,,,,,,,,,,,,,,,,
19/03/2024 20:30:00,0,154,,,,,,,,,,,,,,,,,,
19/03/2024 20:15:00,0,154,,,,,,,,,,,,,,,,,,
19/03/2024 20:00:00,0,154,,,,,,,,,,,,,,,,,,
19/03/2024 19:45:00,0,154,,,,,,,,,,,,,,,,,,
19/03/2024 19:30:00,0,154,,,,,,,,,,,,,,,,,,
19/03/2024 19:15:00,0,154,,,,,,,,,,,,,,,,,,
19/03/2024 19:00:00,0,154,,,,,,,,,,,,,,,,,,
19/03/2024 18:45:00,0,154,,,,,,,,,,,,,,,,,,
19/03/2024 18:30:00,0,155,,,,,,,,,,,,,,,,,,
19/03/2024 18:15:00,0,155,,,,,,,,,,,,,,,,,,
19/03/2024 18:00:00,0,154,,,,,,,,,,,,,,,,,,
19/03/2024 17:45:00,0,155,,,,,,,,,,,,,,,,,,
19/03/2024 17:30:00,0,155,,,,,,,,,,,,,,,,,,
19/03/2024 17:15:00,0,155,,,,,,,,,,,,,,,,,,
19/03/2024 17:00:00,0,155,,,,,,,,,,,,,,,,,,
19/03/2024 16:45:00,0,155,,,,,,,,,,,,,,,,,,
19/03/2024 16:30:00,0,155,,,,,,,,,,,,,,,,,,
19/03/2024 16:15:00,0,155,,,,,,,,,,,,,,,,,,
19/03/2024 16:00:00,0,155,,,,,,,,,,,,,,,,,,
19/03/2024 15:45:00,0,155,,,,,,,,,,,,,,,,,,
19/03/2024 15:30:00,0,155,,,,,,,,,,,,,,,,,,
19/03/2024 15:15:00,0,155,,,,,,,,,,,,,,,,,,
19/03/2024 15:00:00,0,154,,,,,,,,,,,,,,,,,,
19/03/2024 14:45:00,0,155,,,,,,,,,,,,,,,,,,
19/03/2024 14:30:00,0,155,,,,,,,,,,,,,,,,,,
19/03/2024 14:15:00,0,155,,,,,,,,,,,,,,,,,,
19/03/2024 14:00:00,0,155,,,,,,,,,,,,,,,,,,
19/03/2024 13:45:00,0,155,,,,,,,,,,,,,,,,,,
19/03/2024 13:30:00,0,155,,,,,,,,,,,,,,,,,,
19/03/2024 13:15:00,0,155,,,,,,,,,,,,,,,,,,
19/03/2024 13:00:00,0,155,,,,,,,,,,,,,,,,,,
19/03/2024 12:45:00,0,155,,,,,,,,,,,,,,,,,,
19/03/2024 12:30:00,0,155,,,,,,,,,,,,,,,,,,
19/03/2024 12:15:00,0,155,,,,,,,,,,,,,,,,,,
19/03/2024 12:00:00,0,155,,,,,,,,,,,,,,,,,,
19/03/2024 11:45:00,0,155,,,,,,,,,,,,,,,,,,
19/03/2024 11:30:00,0,156,,,,,,,,,,,,,,,,,,
19/03/2024 11:15:00,0,155,,,,,,,,,,,,,,,,,,
19/03/2024 11:00:00,0,155,,,,,,,,,,,,,,,,,,
19/03/2024 10:45:00,0,156,,,,,,,,,,,,,,,,,,
19/03/2024 10:30:00,0,155,,,,,,,,,,,,,,,,,,
19/03/2024 10:15:00,0,156,,,,,,,,,,,,,,,,,,
19/03/2024 10:00:00,0,155,,,,,,,,,,,,,,,,,,
19/03/2024 09:45:00,0,156,,,,,,,,,,,,,,,,,,
19/03/2024 09:30:00,0,155,,,,,,,,,,,,,,,,,,
19/03/2024 09:15:00,0,156,,,,,,,,,,,,,,,,,,
19/03/2024 09:00:00,0,156,,,,,,,,,,,,,,,,,,
19/03/2024 08:45:00,0,156,,,,,,,,,,,,,,,,,,
19/03/2024 08:30:00,0,156,,,,,,,,,,,,,,,,,,
19/03/2024 08:15:00,0,156,,,,,,,,,,,,,,,,,,
19/03/2024 08:00:00,0,156,,,,,,,,,,,,,,,,,,
19/03/2024 07:45:00,0,157,,,,,,,,,,,,,,,,,,
19/03/2024 07:30:00,0,156,,,,,,,,,,,,,,,,,,
19/03/2024 07:15:00,0,157,,,,,,,,,,,,,,,,,,
19/03/2024 07:00:00,0,157,,,,,,,,,,,,,,,,,,
19/03/2024 06:45:00,0,158,,,,,,,,,,,,,,,,,,
19/03/2024 06:30:00,0,158,,,,,,,,,,,,,,,,,,
19/03/2024 06:15:00,0,157,,,,,,,,,,,,,,,,,,
19/03/2024 06:00:00,0,157,,,,,,,,,,,,,,,,,,
19/03/2024 05:45:00,0,157,,,,,,,,,,,,,,,,,,
19/03/2024 05:30:00,0,158,,,,,,,,,,,,,,,,,,
19/03/2024 05:15:00,0,158,,,,,,,,,,,,,,,,,,
19/03/2024 05:00:00,0,158,,,,,,,,,,,,,,,,,,
19/03/2024 04:45:00,0,158,,,,,,,,,,,,,,,,,,
19/03/2024 04:30:00,0,158,,,,,,,,,,,,,,,,,,
19/03/2024 04:15:00,0,158,,,,,,,,,,,,,,,,,,
19/03/2024 04:00:00,0,158,,,,,,,,,,,,,,,,,,
19/03/2024 03:45:00,0,158,,,,,,,,,,,,,,,,,,
19/03/2024 03:30:00,0,159,,,,,,,,,,,,,,,,,,
19/03/2024 03:15:00,0,159,,,,,,,,,,,,,,,,,,
19/03/2024 03:00:00,0,159,,,,,,,,,,,,,,,,,,
19/03/2024 02:45:00,0,159,,,,,,,,,,,,,,,,,,
19/03/2024 02:30:00,0,158,,,,,,,,,,,,,,,,,,
19/03/2024 02:15:00,0,159,,,,,,,,,,,,,,,,,,
19/03/2024 02:00:00,0,159,,,,,,,,,,,,,,,,,,
19/03/2024 01:45:00,0,159,,,,,,,,,,,,,,,,,,
19/03/2024 01:30:00,0,159,,,,,,,,,,,,,,,,,,
19/03/2024 01:15:00,0,160,,,,,,,,,,,,,,,,,,
19/03/2024 01:00:00,0,160,,,,,,,,,,,,,,,,,,
19/03/2024 00:45:00,0,160,,,,,,,,,,,,,,,,,,
19/03/2024 00:30:00,0,160,,,,,,,,,,,,,,,,,,
19/03/2024 00:15:00,0,160,,,,,,,,,,,,,,,,,,
19/03/2024 00:00:00,0,160,,,,,,,,,,,,,,,,,,
18/03/2024 23:45:00,0,160,,,,,,,,,,,,,,,,,,
18/03/2024 23:30:00,0,160,,,,,,,,,,,,,,,,,,
18/03/2024 23:15:00,0,160,,,,,,,,,,,,,,,,,,
18/03/2024 23:00:00,0,160,,,,,,,,,,,,,,,,,,
18/03/2024 22:45:00,0,160,,,,,,,,,,,,,,,,,,
18/03/2024 22:30:00,0,160,,,,,,,,,,,,,,,,,,
18/03/2024 22:15:00,0,161,,,,,,,,,,,,,,,,,,
18/03/2024 22:00:00,0,160,,,,,,,,,,,,,,,,,,
18/03/2024 21:45:00,0,160,,,,,,,,,,,,,,,,,,
18/03/2024 21:30:00,0,161,,,,,,,,,,,,,,,,,,
18/03/2024 21:15:00,0,160,,,,,,,,,,,,,,,,,,
18/03/2024 21:00:00,0,160,,,,,,,,,,,,,,,,,,
18/03/2024 20:45:00,0,161,,,,,,,,,,,,,,,,,,
18/03/2024 20:30:00,0,160,,,,,,,,,,,,,,,,,,
18/03/2024 20:15:00,0,160,,,,,,,,,,,,,,,,,,
18/03/2024 20:00:00,0,161,,,,,,,,,,,,,,,,,,
18/03/2024 19:45:00,0,161,,,,,,,,,,,,,,,,,,
18/03/2024 19:30:00,0,161,,,,,,,,,,,,,,,,,,
18/03/2024 19:15:00,0,161,,,,,,,,,,,,,,,,,,
18/03/2024 19:00:00,0,161,,,,,,,,,,,,,,,,,,
18/03/2024 18:45:00,0,161,,,,,,,,,,,,,,,,,,
18/03/2024 18:30:00,0,161,,,,,,,,,,,,,,,,,,
18/03/2024 18:15:00,0,161,,,,,,,,,,,,,,,,,,
18/03/2024 18:00:00,0,161,,,,,,,,,,,,,,,,,,
18/03/2024 17:45:00,0,161,,,,,,,,,,,,,,,,,,
18/03/2024 17:30:00,0,160,,,,,,,,,,,,,,,,,,
18/03/2024 17:15:00,0,161,,,,,,,,,,,,,,,,,,
18/03/2024 17:00:00,0,161,,,,,,,,,,,,,,,,,,
18/03/2024 16:45:00,0,161,,,,,,,,,,,,,,,,,,
18/03/2024 16:30:00,0,161,,,,,,,,,,,,,,,,,,
18/03/2024 16:15:00,0,161,,,,,,,,,,,,,,,,,,
18/03/2024 16:00:00,0,161,,,,,,,,,,,,,,,,,,
18/03/2024 15:45:00,0,161,,,,,,,,,,,,,,,,,,
18/03/2024 15:30:00,0,161,,,,,,,,,,,,,,,,,,
18/03/2024 15:15:00,0,161,,,,,,,,,,,,,,,,,,
18/03/2024 15:00:00,0,160,,,,,,,,,,,,,,,,,,
18/03/2024 14:45:00,0,161,,,,,,,,,,,,,,,,,,
18/03/2024 14:30:00,0,161,,,,,,,,,,,,,,,,,,
18/03/2024 14:15:00,0,160,,,,,,,,,,,,,,,,,,
18/03/2024 14:00:00,0,160,,,,,,,,,,,,,,,,,,
18/03/2024 13:45:00,0,160,,,,,,,,,,,,,,,,,,
18/03/2024 13:30:00,0,160,,,,,,,,,,,,,,,,,,
18/03/2024 13:15:00,0,160,,,,,,,,,,,,,,,,,,
18/03/2024 13:00:00,0,160,,,,,,,,,,,,,,,,,,
18/03/2024 12:45:00,0,161,,,,,,,,,,,,,,,,,,
18/03/2024 12:30:00,0,161,,,,,,,,,,,,,,,,,,
18/03/2024 12:15:00,0,160,,,,,,,,,,,,,,,,,,
18/03/2024 12:00:00,0,160,,,,,,,,,,,,,,,,,,
18/03/2024 11:45:00,0,160,,,,,,,,,,,,,,,,,,
18/03/2024 11:30:00,0,160,,,,,,,,,,,,,,,,,,
18/03/2024 11:15:00,0,160,,,,,,,,,,,,,,,,,,
18/03/2024 11:00:00,0,160,,,,,,,,,,,,,,,,,,
18/03/2024 10:45:00,0,160,,,,,,,,,,,,,,,,,,
18/03/2024 10:30:00,0,160,,,,,,,,,,,,,,,,,,
18/03/2024 10:15:00,0,159,,,,,,,,,,,,,,,,,,
18/03/2024 10:00:00,0,159,,,,,,,,,,,,,,,,,,
18/03/2024 09:45:00,0,159,,,,,,,,,,,,,,,,,,
18/03/2024 09:30:00,0,159,,,,,,,,,,,,,,,,,,
18/03/2024 09:15:00,0,159,,,,,,,,,,,,,,,,,,
18/03/2024 09:00:00,0,159,,,,,,,,,,,,,,,,,,
18/03/2024 08:45:00,0,159,,,,,,,,,,,,,,,,,,
18/03/2024 08:30:00,0,159,,,,,,,,,,,,,,,,,,
18/03/2024 08:15:00,0,159,,,,,,,,,,,,,,,,,,
18/03/2024 08:00:00,0,159,,,,,,,,,,,,,,,,,,
18/03/2024 07:45:00,0,158,,,,,,,,,,,,,,,,,,
18/03/2024 07:30:00,0,159,,,,,,,,,,,,,,,,,,
18/03/2024 07:15:00,0,159,,,,,,,,,,,,,,,,,,
18/03/2024 07:00:00,0,159,,,,,,,,,,,,,,,,,,
18/03/2024 06:45:00,0,159,,,,,,,,,,,,,,,,,,
18/03/2024 06:30:00,0,158,,,,,,,,,,,,,,,,,,
18/03/2024 06:15:00,0,158,,,,,,,,,,,,,,,,,,
18/03/2024 06:00:00,0,158,,,,,,,,,,,,,,,,,,
18/03/2024 05:45:00,0,158,,,,,,,,,,,,,,,,,,
18/03/2024 05:30:00,0,158,,,,,,,,,,,,,,,,,,
18/03/2024 05:15:00,0,158,,,,,,,,,,,,,,,,,,
18/03/2024 05:00:00,0,158,,,,,,,,,,,,,,,,,,
18/03/2024 04:45:00,0,158,,,,,,,,,,,,,,,,,,
18/03/2024 04:30:00,0,158,,,,,,,,,,,,,,,,,,
18/03/2024 04:15:00,0,158,,,,,,,,,,,,,,,,,,
18/03/2024 04:00:00,0,158,,,,,,,,,,,,,,,,,,
18/03/2024 03:45:00,0,158,,,,,,,,,,,,,,,,,,
18/03/2024 03:30:00,0,158,,,,,,,,,,,,,,,,,,
18/03/2024 03:15:00,0,158,,,,,,,,,,,,,,,,,,
18/03/2024 03:00:00,0,158,,,,,,,,,,,,,,,,,,
18/03/2024 02:45:00,0,158,,,,,,,,,,,,,,,,,,
18/03/2024 02:30:00,0,158,,,,,,,,,,,,,,,,,,
18/03/2024 02:15:00,0,158,,,,,,,,,,,,,,,,,,
18/03/2024 02:00:00,0,157,,,,,,,,,,,,,,,,,,
18/03/2024 01:45:00,0,157,,,,,,,,,,,,,,,,,,
18/03/2024 01:30:00,0,157,,,,,,,,,,,,,,,,,,
18/03/2024 01:15:00,0,157,,,,,,,,,,,,,,,,,,
18/03/2024 01:00:00,0,158,,,,,,,,,,,,,,,,,,
18/03/2024 00:45:00,0,158,,,,,,,,,,,,,,,,,,
18/03/2024 00:30:00,0,158,,,,,,,,,,,,,,,,,,
18/03/2024 00:15:00,0,157,,,,,,,,,,,,,,,,,,
18/03/2024 00:00:00,0,157,,,,,,,,,,,,,,,,,,
17/03/2024 23:45:00,0,158,,,,,,,,,,,,,,,,,,
17/03/2024 23:30:00,0,158,,,,,,,,,,,,,,,,,,
17/03/2024 23:15:00,0,158,,,,,,,,,,,,,,,,,,
17/03/2024 23:00:00,0,158,,,,,,,,,,,,,,,,,,
17/03/2024 22:45:00,0,158,,,,,,,,,,,,,,,,,,
17/03/2024 22:30:00,0,158,,,,,,,,,,,,,,,,,,
17/03/2024 22:15:00,0,158,,,,,,,,,,,,,,,,,,
17/03/2024 22:00:00,0,159,,,,,,,,,,,,,,,,,,
17/03/2024 21:45:00,0,159,,,,,,,,,,,,,,,,,,
17/03/2024 21:30:00,0,159,,,,,,,,,,,,,,,,,,
17/03/2024 21:15:00,0,159,,,,,,,,,,,,,,,,,,
17/03/2024 21:00:00,0,159,,,,,,,,,,,,,,,,,,
17/03/2024 20:45:00,0,159,,,,,,,,,,,,,,,,,,
17/03/2024 20:30:00,0,159,,,,,,,,,,,,,,,,,,
17/03/2024 20:15:00,0,160,,,,,,,,,,,,,,,,,,
17/03/2024 20:00:00,0,160,,,,,,,,,,,,,,,,,,
17/03/2024 19:45:00,0,159,,,,,,,,,,,,,,,,,,
17/03/2024 19:30:00,0,160,,,,,,,,,,,,,,,,,,
17/03/2024 19:15:00,0,160,,,,,,,,,,,,,,,,,,
17/03/2024 19:00:00,0,160,,,,,,,,,,,,,,,,,,
17/03/2024 18:45:00,0,160,,,,,,,,,,,,,,,,,,
17/03/2024 18:30:00,0,160,,,,,,,,,,,,,,,,,,
17/03/2024 18:15:00,0,160,,,,,,,,,,,,,,,,,,
17/03/2024 18:00:00,0,160,,,,,,,,,,,,,,,,,,
17/03/2024 17:45:00,0,160,,,,,,,,,,,,,,,,,,
17/03/2024 17:30:00,0,160,,,,,,,,,,,,,,,,,,
17/03/2024 17:15:00,0,158,,,,,,,,,,,,,,,,,,
17/03/2024 17:00:00,0.2,160,,,,,,,,,,,,,,,,,,
17/03/2024 16:45:00,0,160,,,,,,,,,,,,,,,,,,
17/03/2024 16:30:00,0,160,,,,,,,,,,,,,,,,,,
17/03/2024 16:15:00,0,160,,,,,,,,,,,,,,,,,,
17/03/2024 16:00:00,0,160,,,,,,,,,,,,,,,,,,
17/03/2024 15:45:00,0,160,,,,,,,,,,,,,,,,,,
17/03/2024 15:30:00,0,160,,,,,,,,,,,,,,,,,,
17/03/2024 15:15:00,0,160,,,,,,,,,,,,,,,,,,
17/03/2024 15:00:00,0,160,,,,,,,,,,,,,,,,,,
17/03/2024 14:45:00,0,160,,,,,,,,,,,,,,,,,,
17/03/2024 14:30:00,0,160,,,,,,,,,,,,,,,,,,
17/03/2024 14:15:00,0,160,,,,,,,,,,,,,,,,,,
17/03/2024 14:00:00,0,160,,,,,,,,,,,,,,,,,,
17/03/2024 13:45:00,0,160,,,,,,,,,,,,,,,,,,
17/03/2024 13:30:00,0,160,,,,,,,,,,,,,,,,,,
17/03/2024 13:15:00,0,160,,,,,,,,,,,,,,,,,,
17/03/2024 13:00:00,0,160,,,,,,,,,,,,,,,,,,
17/03/2024 12:45:00,0,160,,,,,,,,,,,,,,,,,,
17/03/2024 12:30:00,0,160,,,,,,,,,,,,,,,,,,
17/03/2024 12:15:00,0,160,,,,,,,,,,,,,,,,,,
17/03/2024 12:00:00,0,159,,,,,,,,,,,,,,,,,,
17/03/2024 11:45:00,0,159,,,,,,,,,,,,,,,,,,
17/03/2024 11:30:00,0,159,,,,,,,,,,,,,,,,,,
17/03/2024 11:15:00,0,159,,,,,,,,,,,,,,,,,,
17/03/2024 11:00:00,0,159,,,,,,,,,,,,,,,,,,
17/03/2024 10:45:00,0,159,,,,,,,,,,,,,,,,,,
17/03/2024 10:30:00,0,158,,,,,,,,,,,,,,,,,,
17/03/2024 10:15:00,0,159,,,,,,,,,,,,,,,,,,
17/03/2024 10:00:00,0,158,,,,,,,,,,,,,,,,,,
17/03/2024 09:45:00,0,159,,,,,,,,,,,,,,,,,,
17/03/2024 09:30:00,0,158,,,,,,,,,,,,,,,,,,
17/03/2024 09:15:00,0,158,,,,,,,,,,,,,,,,,,
17/03/2024 09:00:00,0,158,,,,,,,,,,,,,,,,,,
17/03/2024 08:45:00,0,157,,,,,,,,,,,,,,,,,,
17/03/2024 08:30:00,0,158,,,,,,,,,,,,,,,,,,
17/03/2024 08:15:00,0,158,,,,,,,,,,,,,,,,,,
17/03/2024 08:00:00,0,157,,,,,,,,,,,,,,,,,,
17/03/2024 07:45:00,0,158,,,,,,,,,,,,,,,,,,
17/03/2024 07:30:00,0,157,,,,,,,,,,,,,,,,,,
17/03/2024 07:15:00,0,157,,,,,,,,,,,,,,,,,,
17/03/2024 07:00:00,0,157,,,,,,,,,,,,,,,,,,
17/03/2024 06:45:00,0,157,,,,,,,,,,,,,,,,,,
17/03/2024 06:30:00,0,157,,,,,,,,,,,,,,,,,,
17/03/2024 06:15:00,0,157,,,,,,,,,,,,,,,,,,
17/03/2024 06:00:00,0,157,,,,,,,,,,,,,,,,,,
17/03/2024 05:45:00,0,157,,,,,,,,,,,,,,,,,,
17/03/2024 05:30:00,0,157,,,,,,,,,,,,,,,,,,
17/03/2024 05:15:00,0,156,,,,,,,,,,,,,,,,,,
17/03/2024 05:00:00,0,157,,,,,,,,,,,,,,,,,,
17/03/2024 04:45:00,0,156,,,,,,,,,,,,,,,,,,
17/03/2024 04:30:00,0,156,,,,,,,,,,,,,,,,,,
17/03/2024 04:15:00,0,156,,,,,,,,,,,,,,,,,,
17/03/2024 04:00:00,0,156,,,,,,,,,,,,,,,,,,
17/03/2024 03:45:00,0,156,,,,,,,,,,,,,,,,,,
17/03/2024 03:30:00,0,156,,,,,,,,,,,,,,,,,,
17/03/2024 03:15:00,0,156,,,,,,,,,,,,,,,,,,
17/03/2024 03:00:00,0,156,,,,,,,,,,,,,,,,,,
17/03/2024 02:45:00,0,156,,,,,,,,,,,,,,,,,,
17/03/2024 02:30:00,0,155,,,,,,,,,,,,,,,,,,
17/03/2024 02:15:00,0,155,,,,,,,,,,,,,,,,,,
17/03/2024 02:00:00,0,155,,,,,,,,,,,,,,,,,,
17/03/2024 01:45:00,0,155,,,,,,,,,,,,,,,,,,
17/03/2024 01:30:00,0,155,,,,,,,,,,,,,,,,,,
17/03/2024 01:15:00,0,156,,,,,,,,,,,,,,,,,,
17/03/2024 01:00:00,0,155,,,,,,,,,,,,,,,,,,
17/03/2024 00:45:00,0,156,,,,,,,,,,,,,,,,,,
17/03/2024 00:30:00,0,156,,,,,,,,,,,,,,,,,,
17/03/2024 00:15:00,0,155,,,,,,,,,,,,,,,,,,
17/03/2024 00:00:00,0,155,,,,,,,,,,,,,,,,,,
16/03/2024 23:45:00,0,156,,,,,,,,,,,,,,,,,,
16/03/2024 23:30:00,0,156,,,,,,,,,,,,,,,,,,
16/03/2024 23:15:00,0,156,,,,,,,,,,,,,,,,,,
16/03/2024 23:00:00,0,156,,,,,,,,,,,,,,,,,,
16/03/2024 22:45:00,0,156,,,,,,,,,,,,,,,,,,
16/03/2024 22:30:00,0,156,,,,,,,,,,,,,,,,,,
16/03/2024 22:15:00,0,157,,,,,,,,,,,,,,,,,,
16/03/2024 22:00:00,0,156,,,,,,,,,,,,,,,,,,
16/03/2024 21:45:00,0,156,,,,,,,,,,,,,,,,,,
16/03/2024 21:30:00,0,157,,,,,,,,,,,,,,,,,,
16/03/2024 21:15:00,0,157,,,,,,,,,,,,,,,,,,
16/03/2024 21:00:00,0,157,,,,,,,,,,,,,,,,,,
16/03/2024 20:45:00,0,157,,,,,,,,,,,,,,,,,,
16/03/2024 20:30:00,0,157,,,,,,,,,,,,,,,,,,
16/03/2024 20:15:00,0,157,,,,,,,,,,,,,,,,,,
16/03/2024 20:00:00,0,157,,,,,,,,,,,,,,,,,,
16/03/2024 19:45:00,0,157,,,,,,,,,,,,,,,,,,
16/03/2024 19:30:00,0,157,,,,,,,,,,,,,,,,,,
16/03/2024 19:15:00,0,157,,,,,,,,,,,,,,,,,,
16/03/2024 19:00:00,0.8,157,,,,,,,,,,,,,,,,,,
16/03/2024 18:45:00,1.4,157,,,,,,,,,,,,,,,,,,
16/03/2024 18:30:00,0,157,,,,,,,,,,,,,,,,,,
16/03/2024 18:15:00,0,157,,,,,,,,,,,,,,,,,,
16/03/2024 18:00:00,0,157,,,,,,,,,,,,,,,,,,
16/03/2024 17:45:00,0,158,,,,,,,,,,,,,,,,,,
16/03/2024 17:30:00,0,157,,,,,,,,,,,,,,,,,,
16/03/2024 17:15:00,0,157,,,,,,,,,,,,,,,,,,
16/03/2024 17:00:00,0,158,,,,,,,,,,,,,,,,,,
16/03/2024 16:45:00,0.2,157,,,,,,,,,,,,,,,,,,
16/03/2024 16:30:00,0,158,,,,,,,,,,,,,,,,,,
16/03/2024 16:15:00,0.2,158,,,,,,,,,,,,,,,,,,
16/03/2024 16:00:00,0.4,157,,,,,,,,,,,,,,,,,,
16/03/2024 15:45:00,0.4,158,,,,,,,,,,,,,,,,,,
16/03/2024 15:30:00,0,158,,,,,,,,,,,,,,,,,,
16/03/2024 15:15:00,0,158,,,,,,,,,,,,,,,,,,
16/03/2024 15:00:00,0,158,,,,,,,,,,,,,,,,,,
16/03/2024 14:45:00,0,158,,,,,,,,,,,,,,,,,,
16/03/2024 14:30:00,0,158,,,,,,,,,,,,,,,,,,
16/03/2024 14:15:00,0,158,,,,,,,,,,,,,,,,,,
16/03/2024 14:00:00,0,158,,,,,,,,,,,,,,,,,,
16/03/2024 13:45:00,0,158,,,,,,,,,,,,,,,,,,
16/03/2024 13:30:00,0,158,,,,,,,,,,,,,,,,,,
16/03/2024 13:15:00,0,158,,,,,,,,,,,,,,,,,,
16/03/2024 13:00:00,0,158,,,,,,,,,,,,,,,,,,
16/03/2024 12:45:00,0,158,,,,,,,,,,,,,,,,,,
16/03/2024 12:30:00,0,159,,,,,,,,,,,,,,,,,,
16/03/2024 12:15:00,0,158,,,,,,,,,,,,,,,,,,
16/03/2024 12:00:00,0,157,,,,,,,,,,,,,,,,,,
16/03/2024 11:45:00,0,158,,,,,,,,,,,,,,,,,,
16/03/2024 11:30:00,0,158,,,,,,,,,,,,,,,,,,
16/03/2024 11:15:00,0,157,,,,,,,,,,,,,,,,,,
16/03/2024 11:00:00,0,158,,,,,,,,,,,,,,,,,,
16/03/2024 10:45:00,0,157,,,,,,,,,,,,,,,,,,
16/03/2024 10:30:00,0,157,,,,,,,,,,,,,,,,,,
16/03/2024 10:15:00,0,157,,,,,,,,,,,,,,,,,,
16/03/2024 10:00:00,0,157,,,,,,,,,,,,,,,,,,
16/03/2024 09:45:00,0,158,,,,,,,,,,,,,,,,,,
16/03/2024 09:30:00,0,157,,,,,,,,,,,,,,,,,,
16/03/2024 09:15:00,0,157,,,,,,,,,,,,,,,,,,
16/03/2024 09:00:00,0,157,,,,,,,,,,,,,,,,,,
16/03/2024 08:45:00,0,157,,,,,,,,,,,,,,,,,,
16/03/2024 08:30:00,0,157,,,,,,,,,,,,,,,,,,
16/03/2024 08:15:00,0,157,,,,,,,,,,,,,,,,,,
16/03/2024 08:00:00,0,157,,,,,,,,,,,,,,,,,,
16/03/2024 07:45:00,0,157,,,,,,,,,,,,,,,,,,
16/03/2024 07:30:00,0,157,,,,,,,,,,,,,,,,,,
16/03/2024 07:15:00,0,157,,,,,,,,,,,,,,,,,,
16/03/2024 07:00:00,0,157,,,,,,,,,,,,,,,,,,
16/03/2024 06:45:00,0,157,,,,,,,,,,,,,,,,,,
16/03/2024 06:30:00,0,157,,,,,,,,,,,,,,,,,,
16/03/2024 06:15:00,0,157,,,,,,,,,,,,,,,,,,
16/03/2024 06:00:00,0,156,,,,,,,,,,,,,,,,,,
16/03/2024 05:45:00,0,157,,,,,,,,,,,,,,,,,,
16/03/2024 05:30:00,0,156,,,,,,,,,,,,,,,,,,
16/03/2024 05:15:00,0,156,,,,,,,,,,,,,,,,,,
16/03/2024 05:00:00,0,156,,,,,,,,,,,,,,,,,,
16/03/2024 04:45:00,0,156,,,,,,,,,,,,,,,,,,
16/03/2024 04:30:00,0,156,,,,,,,,,,,,,,,,,,
16/03/2024 04:15:00,0,156,,,,,,,,,,,,,,,,,,
16/03/2024 04:00:00,0,156,,,,,,,,,,,,,,,,,,
16/03/2024 03:45:00,0,156,,,,,,,,,,,,,,,,,,
16/03/2024 03:30:00,0,156,,,,,,,,,,,,,,,,,,
16/03/2024 03:15:00,0,156,,,,,,,,,,,,,,,,,,
16/03/2024 03:00:00,0,156,,,,,,,,,,,,,,,,,,
16/03/2024 02:45:00,0,156,,,,,,,,,,,,,,,,,,
16/03/2024 02:30:00,0,156,,,,,,,,,,,,,,,,,,
16/03/2024 02:15:00,0,156,,,,,,,,,,,,,,,,,,
16/03/2024 02:00:00,0,156,,,,,,,,,,,,,,,,,,
16/03/2024 01:45:00,0,156,,,,,,,,,,,,,,,,,,
16/03/2024 01:30:00,0,156,,,,,,,,,,,,,,,,,,
16/03/2024 01:15:00,0,157,,,,,,,,,,,,,,,,,,
16/03/2024 01:00:00,0,156,,,,,,,,,,,,,,,,,,
16/03/2024 00:45:00,0,156,,,,,,,,,,,,,,,,,,
16/03/2024 00:30:00,0,157,,,,,,,,,,,,,,,,,,
16/03/2024 00:15:00,0,156,,,,,,,,,,,,,,,,,,
16/03/2024 00:00:00,0,156,,,,,,,,,,,,,,,,,,
15/03/2024 23:45:00,0,157,,,,,,,,,,,,,,,,,,
15/03/2024 23:30:00,0,157,,,,,,,,,,,,,,,,,,
15/03/2024 23:15:00,0,157,,,,,,,,,,,,,,,,,,
15/03/2024 23:00:00,0,157,,,,,,,,,,,,,,,,,,
15/03/2024 22:45:00,0,157,,,,,,,,,,,,,,,,,,
15/03/2024 22:30:00,0,157,,,,,,,,,,,,,,,,,,
15/03/2024 22:15:00,0,157,,,,,,,,,,,,,,,,,,
15/03/2024 22:00:00,0,157,,,,,,,,,,,,,,,,,,
15/03/2024 21:45:00,0,157,,,,,,,,,,,,,,,,,,
15/03/2024 21:30:00,0,158,,,,,,,,,,,,,,,,,,
15/03/2024 21:15:00,0,158,,,,,,,,,,,,,,,,,,
15/03/2024 21:00:00,0,158,,,,,,,,,,,,,,,,,,
15/03/2024 20:45:00,0,158,,,,,,,,,,,,,,,,,,
15/03/2024 20:30:00,0,158,,,,,,,,,,,,,,,,,,
15/03/2024 20:15:00,0,158,,,,,,,,,,,,,,,,,,
15/03/2024 20:00:00,0,159,,,,,,,,,,,,,,,,,,
15/03/2024 19:45:00,0,159,,,,,,,,,,,,,,,,,,
15/03/2024 19:30:00,0,159,,,,,,,,,,,,,,,,,,
15/03/2024 19:15:00,0,159,,,,,,,,,,,,,,,,,,
15/03/2024 19:00:00,0,159,,,,,,,,,,,,,,,,,,
15/03/2024 18:45:00,0,159,,,,,,,,,,,,,,,,,,
15/03/2024 18:30:00,0,160,,,,,,,,,,,,,,,,,,
15/03/2024 18:15:00,0,160,,,,,,,,,,,,,,,,,,
15/03/2024 18:00:00,0,160,,,,,,,,,,,,,,,,,,
15/03/2024 17:45:00,0,160,,,,,,,,,,,,,,,,,,
15/03/2024 17:30:00,0,160,,,,,,,,,,,,,,,,,,
15/03/2024 17:15:00,0,160,,,,,,,,,,,,,,,,,,
15/03/2024 17:00:00,0,161,,,,,,,,,,,,,,,,,,
15/03/2024 16:45:00,0,161,,,,,,,,,,,,,,,,,,
15/03/2024 16:30:00,0,161,,,,,,,,,,,,,,,,,,
15/03/2024 16:15:00,0,161,,,,,,,,,,,,,,,,,,
15/03/2024 16:00:00,0,161,,,,,,,,,,,,,,,,,,
15/03/2024 15:45:00,0,161,,,,,,,,,,,,,,,,,,
15/03/2024 15:30:00,0,161,,,,,,,,,,,,,,,,,,
15/03/2024 15:15:00,0,161,,,,,,,,,,,,,,,,,,
15/03/2024 15:00:00,0,161,,,,,,,,,,,,,,,,,,
15/03/2024 14:45:00,0,161,,,,,,,,,,,,,,,,,,
15/03/2024 14:30:00,0,162,,,,,,,,,,,,,,,,,,
15/03/2024 14:15:00,0,162,,,,,,,,,,,,,,,,,,
15/03/2024 14:00:00,0,162,,,,,,,,,,,,,,,,,,
15/03/2024 13:45:00,0,161,,,,,,,,,,,,,,,,,,
15/03/2024 13:30:00,0,162,,,,,,,,,,,,,,,,,,
15/03/2024 13:15:00,0,162,,,,,,,,,,,,,,,,,,
15/03/2024 13:00:00,0,161,,,,,,,,,,,,,,,,,,
15/03/2024 12:45:00,0,162,,,,,,,,,,,,,,,,,,
15/03/2024 12:30:00,0,161,,,,,,,,,,,,,,,,,,
15/03/2024 12:15:00,0,162,,,,,,,,,,,,,,,,,,
15/03/2024 12:00:00,0,162,,,,,,,,,,,,,,,,,,
15/03/2024 11:45:00,0,162,,,,,,,,,,,,,,,,,,
15/03/2024 11:30:00,0,162,,,,,,,,,,,,,,,,,,
15/03/2024 11:15:00,0,162,,,,,,,,,,,,,,,,,,
15/03/2024 11:00:00,0,162,,,,,,,,,,,,,,,,,,
15/03/2024 10:45:00,0,162,,,,,,,,,,,,,,,,,,
15/03/2024 10:30:00,0,162,,,,,,,,,,,,,,,,,,
15/03/2024 10:15:00,0,162,,,,,,,,,,,,,,,,,,
15/03/2024 10:00:00,0,162,,,,,,,,,,,,,,,,,,
15/03/2024 09:45:00,0,162,,,,,,,,,,,,,,,,,,
15/03/2024 09:30:00,0,162,,,,,,,,,,,,,,,,,,
15/03/2024 09:15:00,0,161,,,,,,,,,,,,,,,,,,
15/03/2024 09:00:00,0,162,,,,,,,,,,,,,,,,,,
15/03/2024 08:45:00,0,161,,,,,,,,,,,,,,,,,,
15/03/2024 08:30:00,0,162,,,,,,,,,,,,,,,,,,
15/03/2024 08:15:00,0,162,,,,,,,,,,,,,,,,,,
15/03/2024 08:00:00,0,162,,,,,,,,,,,,,,,,,,
15/03/2024 07:45:00,0,162,,,,,,,,,,,,,,,,,,
15/03/2024 07:30:00,0,162,,,,,,,,,,,,,,,,,,
15/03/2024 07:15:00,0,162,,,,,,,,,,,,,,,,,,
15/03/2024 07:00:00,0,161,,,,,,,,,,,,,,,,,,
15/03/2024 06:45:00,0,161,,,,,,,,,,,,,,,,,,
15/03/2024 06:30:00,0,162,,,,,,,,,,,,,,,,,,
15/03/2024 06:15:00,0,162,,,,,,,,,,,,,,,,,,
15/03/2024 06:00:00,0,161,,,,,,,,,,,,,,,,,,
15/03/2024 05:45:00,0,161,,,,,,,,,,,,,,,,,,
15/03/2024 05:30:00,0,161,,,,,,,,,,,,,,,,,,
15/03/2024 05:15:00,0,161,,,,,,,,,,,,,,,,,,
15/03/2024 05:00:00,0,161,,,,,,,,,,,,,,,,,,
15/03/2024 04:45:00,0,161,,,,,,,,,,,,,,,,,,
15/03/2024 04:30:00,0,161,,,,,,,,,,,,,,,,,,
15/03/2024 04:15:00,0,161,,,,,,,,,,,,,,,,,,
15/03/2024 04:00:00,0,161,,,,,,,,,,,,,,,,,,
15/03/2024 03:45:00,0,161,,,,,,,,,,,,,,,,,,
15/03/2024 03:30:00,0,161,,,,,,,,,,,,,,,,,,
15/03/2024 03:15:00,0,161,,,,,,,,,,,,,,,,,,
15/03/2024 03:00:00,0,161,,,,,,,,,,,,,,,,,,
15/03/2024 02:45:00,0,161,,,,,,,,,,,,,,,,,,
15/03/2024 02:30:00,0,161,,,,,,,,,,,,,,,,,,
15/03/2024 02:15:00,0,161,,,,,,,,,,,,,,,,,,
15/03/2024 02:00:00,0,161,,,,,,,,,,,,,,,,,,
15/03/2024 01:45:00,0,161,,,,,,,,,,,,,,,,,,
15/03/2024 01:30:00,0,161,,,,,,,,,,,,,,,,,,
15/03/2024 01:15:00,0,161,,,,,,,,,,,,,,,,,,
15/03/2024 01:00:00,0,161,,,,,,,,,,,,,,,,,,
15/03/2024 00:45:00,0,161,,,,,,,,,,,,,,,,,,
15/03/2024 00:30:00,0,162,,,,,,,,,,,,,,,,,,
15/03/2024 00:15:00,0,162,,,,,,,,,,,,,,,,,,
15/03/2024 00:00:00,0,162,,,,,,,,,,,,,,,,,,
14/03/2024 23:45:00,0,162,,,,,,,,,,,,,,,,,,
14/03/2024 23:30:00,0,162,,,,,,,,,,,,,,,,,,
14/03/2024 23:15:00,0,162,,,,,,,,,,,,,,,,,,
14/03/2024 23:00:00,0,162,,,,,,,,,,,,,,,,,,
14/03/2024 22:45:00,0,162,,,,,,,,,,,,,,,,,,
14/03/2024 22:30:00,0,163,,,,,,,,,,,,,,,,,,
14/03/2024 22:15:00,0,163,,,,,,,,,,,,,,,,,,
14/03/2024 22:00:00,0,163,,,,,,,,,,,,,,,,,,
14/03/2024 21:45:00,0,163,,,,,,,,,,,,,,,,,,
14/03/2024 21:30:00,0,163,,,,,,,,,,,,,,,,,,
14/03/2024 21:15:00,0,163,,,,,,,,,,,,,,,,,,
14/03/2024 21:00:00,0,163,,,,,,,,,,,,,,,,,,
14/03/2024 20:45:00,0,164,,,,,,,,,,,,,,,,,,
14/03/2024 20:30:00,0,164,,,,,,,,,,,,,,,,,,
14/03/2024 20:15:00,0,164,,,,,,,,,,,,,,,,,,
14/03/2024 20:00:00,0,164,,,,,,,,,,,,,,,,,,
14/03/2024 19:45:00,0,164,,,,,,,,,,,,,,,,,,
14/03/2024 19:30:00,0,164,,,,,,,,,,,,,,,,,,
14/03/2024 19:15:00,0,165,,,,,,,,,,,,,,,,,,
14/03/2024 19:00:00,0,165,,,,,,,,,,,,,,,,,,
14/03/2024 18:45:00,0,165,,,,,,,,,,,,,,,,,,
14/03/2024 18:30:00,0,165,,,,,,,,,,,,,,,,,,
14/03/2024 18:15:00,0,165,,,,,,,,,,,,,,,,,,
14/03/2024 18:00:00,0,165,,,,,,,,,,,,,,,,,,
14/03/2024 17:45:00,0,165,,,,,,,,,,,,,,,,,,
14/03/2024 17:30:00,0,166,,,,,,,,,,,,,,,,,,
14/03/2024 17:15:00,0,166,,,,,,,,,,,,,,,,,,
14/03/2024 17:00:00,0,166,,,,,,,,,,,,,,,,,,
14/03/2024 16:45:00,0,167,,,,,,,,,,,,,,,,,,
14/03/2024 16:30:00,0,166,,,,,,,,,,,,,,,,,,
14/03/2024 16:15:00,0,167,,,,,,,,,,,,,,,,,,
14/03/2024 16:00:00,0,167,,,,,,,,,,,,,,,,,,
14/03/2024 15:45:00,0,167,,,,,,,,,,,,,,,,,,
14/03/2024 15:30:00,0,167,,,,,,,,,,,,,,,,,,
14/03/2024 15:15:00,0,167,,,,,,,,,,,,,,,,,,
14/03/2024 15:00:00,0,167,,,,,,,,,,,,,,,,,,
14/03/2024 14:45:00,0,167,,,,,,,,,,,,,,,,,,
14/03/2024 14:30:00,0,167,,,,,,,,,,,,,,,,,,
14/03/2024 14:15:00,0,167,,,,,,,,,,,,,,,,,,
14/03/2024 14:00:00,0,167,,,,,,,,,,,,,,,,,,
14/03/2024 13:45:00,0,168,,,,,,,,,,,,,,,,,,
14/03/2024 13:30:00,0,168,,,,,,,,,,,,,,,,,,
14/03/2024 13:15:00,0,168,,,,,,,,,,,,,,,,,,
14/03/2024 13:00:00,0,168,,,,,,,,,,,,,,,,,,
14/03/2024 12:45:00,0,168,,,,,,,,,,,,,,,,,,
14/03/2024 12:30:00,0,168,,,,,,,,,,,,,,,,,,
14/03/2024 12:15:00,0,168,,,,,,,,,,,,,,,,,,
14/03/2024 12:00:00,0,168,,,,,,,,,,,,,,,,,,
14/03/2024 11:45:00,0,168,,,,,,,,,,,,,,,,,,
14/03/2024 11:30:00,0,168,,,,,,,,,,,,,,,,,,
14/03/2024 11:15:00,0,168,,,,,,,,,,,,,,,,,,
14/03/2024 11:00:00,0,168,,,,,,,,,,,,,,,,,,
14/03/2024 10:45:00,0,168,,,,,,,,,,,,,,,,,,
14/03/2024 10:30:00,0,168,,,,,,,,,,,,,,,,,,
14/03/2024 10:15:00,0,168,,,,,,,,,,,,,,,,,,
14/03/2024 10:00:00,0,168,,,,,,,,,,,,,,,,,,
14/03/2024 09:45:00,0,168,,,,,,,,,,,,,,,,,,
14/03/2024 09:30:00,0,168,,,,,,,,,,,,,,,,,,
14/03/2024 09:15:00,0,168,,,,,,,,,,,,,,,,,,
14/03/2024 09:00:00,0,168,,,,,,,,,,,,,,,,,,
14/03/2024 08:45:00,0,169,,,,,,,,,,,,,,,,,,
14/03/2024 08:30:00,0,168,,,,,,,,,,,,,,,,,,
14/03/2024 08:15:00,0,168,,,,,,,,,,,,,,,,,,
14/03/2024 08:00:00,0,168,,,,,,,,,,,,,,,,,,
14/03/2024 07:45:00,0,168,,,,,,,,,,,,,,,,,,
14/03/2024 07:30:00,0,168,,,,,,,,,,,,,,,,,,
14/03/2024 07:15:00,0,168,,,,,,,,,,,,,,,,,,
14/03/2024 07:00:00,0,168,,,,,,,,,,,,,,,,,,
14/03/2024 06:45:00,0,168,,,,,,,,,,,,,,,,,,
14/03/2024 06:30:00,0,168,,,,,,,,,,,,,,,,,,
14/03/2024 06:15:00,0,168,,,,,,,,,,,,,,,,,,
14/03/2024 06:00:00,0,169,,,,,,,,,,,,,,,,,,
14/03/2024 05:45:00,0,169,,,,,,,,,,,,,,,,,,
14/03/2024 05:30:00,0,168,,,,,,,,,,,,,,,,,,
14/03/2024 05:15:00,0,169,,,,,,,,,,,,,,,,,,
14/03/2024 05:00:00,0,168,,,,,,,,,,,,,,,,,,
14/03/2024 04:45:00,0,169,,,,,,,,,,,,,,,,,,
14/03/2024 04:30:00,0,168,,,,,,,,,,,,,,,,,,
14/03/2024 04:15:00,0,168,,,,,,,,,,,,,,,,,,
14/03/2024 04:00:00,0,168,,,,,,,,,,,,,,,,,,
14/03/2024 03:45:00,0,169,,,,,,,,,,,,,,,,,,
14/03/2024 03:30:00,0,169,,,,,,,,,,,,,,,,,,
14/03/2024 03:15:00,0,169,,,,,,,,,,,,,,,,,,
14/03/2024 03:00:00,0,169,,,,,,,,,,,,,,,,,,
14/03/2024 02:45:00,0,169,,,,,,,,,,,,,,,,,,
14/03/2024 02:30:00,0,169,,,,,,,,,,,,,,,,,,
14/03/2024 02:15:00,0,169,,,,,,,,,,,,,,,,,,
14/03/2024 02:00:00,0,169,,,,,,,,,,,,,,,,,,
14/03/2024 01:45:00,0,169,,,,,,,,,,,,,,,,,,
14/03/2024 01:30:00,0,169,,,,,,,,,,,,,,,,,,
14/03/2024 01:15:00,0,169,,,,,,,,,,,,,,,,,,
14/03/2024 01:00:00,0,169,,,,,,,,,,,,,,,,,,
14/03/2024 00:45:00,0,169,,,,,,,,,,,,,,,,,,
14/03/2024 00:30:00,0,170,,,,,,,,,,,,,,,,,,
14/03/2024 00:15:00,0,170,,,,,,,,,,,,,,,,,,
14/03/2024 00:00:00,0,170,,,,,,,,,,,,,,,,,,
13/03/2024 23:45:00,0,170,,,,,,,,,,,,,,,,,,
13/03/2024 23:30:00,0,170,,,,,,,,,,,,,,,,,,
13/03/2024 23:15:00,0,170,,,,,,,,,,,,,,,,,,
13/03/2024 23:00:00,0,170,,,,,,,,,,,,,,,,,,
13/03/2024 22:45:00,0,170,,,,,,,,,,,,,,,,,,
13/03/2024 22:30:00,0,171,,,,,,,,,,,,,,,,,,
13/03/2024 22:15:00,0,171,,,,,,,,,,,,,,,,,,
13/03/2024 22:00:00,0,171,,,,,,,,,,,,,,,,,,
13/03/2024 21:45:00,0,171,,,,,,,,,,,,,,,,,,
13/03/2024 21:30:00,0,171,,,,,,,,,,,,,,,,,,
13/03/2024 21:15:00,0,171,,,,,,,,,,,,,,,,,,
13/03/2024 21:00:00,0,172,,,,,,,,,,,,,,,,,,
13/03/2024 20:45:00,0,172,,,,,,,,,,,,,,,,,,
13/03/2024 20:30:00,0,172,,,,,,,,,,,,,,,,,,
13/03/2024 20:15:00,0,172,,,,,,,,,,,,,,,,,,
13/03/2024 20:00:00,0,172,,,,,,,,,,,,,,,,,,
13/03/2024 19:45:00,0,173,,,,,,,,,,,,,,,,,,
13/03/2024 19:30:00,0,173,,,,,,,,,,,,,,,,,,
13/03/2024 19:15:00,0,173,,,,,,,,,,,,,,,,,,
13/03/2024 19:00:00,0,173,,,,,,,,,,,,,,,,,,
13/03/2024 18:45:00,0,173,,,,,,,,,,,,,,,,,,
13/03/2024 18:30:00,0,173,,,,,,,,,,,,,,,,,,
13/03/2024 18:15:00,0,174,,,,,,,,,,,,,,,,,,
13/03/2024 18:00:00,0,174,,,,,,,,,,,,,,,,,,
13/03/2024 17:45:00,0,174,,,,,,,,,,,,,,,,,,
13/03/2024 17:30:00,0,174,,,,,,,,,,,,,,,,,,
13/03/2024 17:15:00,0,174,,,,,,,,,,,,,,,,,,
13/03/2024 17:00:00,0,174,,,,,,,,,,,,,,,,,,
13/03/2024 16:45:00,0,174,,,,,,,,,,,,,,,,,,
13/03/2024 16:30:00,0,175,,,,,,,,,,,,,,,,,,
13/03/2024 16:15:00,0,175,,,,,,,,,,,,,,,,,,
13/03/2024 16:00:00,0,174,,,,,,,,,,,,,,,,,,
13/03/2024 15:45:00,0,175,,,,,,,,,,,,,,,,,,
13/03/2024 15:30:00,0,175,,,,,,,,,,,,,,,,,,
13/03/2024 15:15:00,0,175,,,,,,,,,,,,,,,,,,
13/03/2024 15:00:00,0,175,,,,,,,,,,,,,,,,,,
13/03/2024 14:45:00,0,175,,,,,,,,,,,,,,,,,,
13/03/2024 14:30:00,0,175,,,,,,,,,,,,,,,,,,
13/03/2024 14:15:00,0,175,,,,,,,,,,,,,,,,,,
13/03/2024 14:00:00,0,175,,,,,,,,,,,,,,,,,,
13/03/2024 13:45:00,0,175,,,,,,,,,,,,,,,,,,
13/03/2024 13:30:00,0,176,,,,,,,,,,,,,,,,,,
13/03/2024 13:15:00,0,175,,,,,,,,,,,,,,,,,,
13/03/2024 13:00:00,0,176,,,,,,,,,,,,,,,,,,
13/03/2024 12:45:00,0,177,,,,,,,,,,,,,,,,,,
13/03/2024 12:30:00,0,176,,,,,,,,,,,,,,,,,,
13/03/2024 12:15:00,0,176,,,,,,,,,,,,,,,,,,
13/03/2024 12:00:00,0,177,,,,,,,,,,,,,,,,,,
13/03/2024 11:45:00,0,177,,,,,,,,,,,,,,,,,,
13/03/2024 11:30:00,0,177,,,,,,,,,,,,,,,,,,
13/03/2024 11:15:00,0,177,,,,,,,,,,,,,,,,,,
13/03/2024 11:00:00,0,177,,,,,,,,,,,,,,,,,,
13/03/2024 10:45:00,0,177,,,,,,,,,,,,,,,,,,
13/03/2024 10:30:00,0,177,,,,,,,,,,,,,,,,,,
13/03/2024 10:15:00,0,177,,,,,,,,,,,,,,,,,,
13/03/2024 10:00:00,0,177,,,,,,,,,,,,,,,,,,
13/03/2024 09:45:00,0,178,,,,,,,,,,,,,,,,,,
13/03/2024 09:30:00,0,177,,,,,,,,,,,,,,,,,,
13/03/2024 09:15:00,0,177,,,,,,,,,,,,,,,,,,
13/03/2024 09:00:00,0,177,,,,,,,,,,,,,,,,,,
13/03/2024 08:45:00,0,178,,,,,,,,,,,,,,,,,,
13/03/2024 08:30:00,0,178,,,,,,,,,,,,,,,,,,
13/03/2024 08:15:00,0,178,,,,,,,,,,,,,,,,,,
13/03/2024 08:00:00,0,178,,,,,,,,,,,,,,,,,,
13/03/2024 07:45:00,0,178,,,,,,,,,,,,,,,,,,
13/03/2024 07:30:00,0,178,,,,,,,,,,,,,,,,,,
13/03/2024 07:15:00,0,178,,,,,,,,,,,,,,,,,,
13/03/2024 07:00:00,0,178,,,,,,,,,,,,,,,,,,
13/03/2024 06:45:00,0,178,,,,,,,,,,,,,,,,,,
13/03/2024 06:30:00,0,178,,,,,,,,,,,,,,,,,,
13/03/2024 06:15:00,0,178,,,,,,,,,,,,,,,,,,
13/03/2024 06:00:00,0,179,,,,,,,,,,,,,,,,,,
13/03/2024 05:45:00,0,178,,,,,,,,,,,,,,,,,,
13/03/2024 05:30:00,0,179,,,,,,,,,,,,,,,,,,
13/03/2024 05:15:00,0,179,,,,,,,,,,,,,,,,,,
13/03/2024 05:00:00,0,179,,,,,,,,,,,,,,,,,,
13/03/2024 04:45:00,0,179,,,,,,,,,,,,,,,,,,
13/03/2024 04:30:00,0,179,,,,,,,,,,,,,,,,,,
13/03/2024 04:15:00,0,179,,,,,,,,,,,,,,,,,,
13/03/2024 04:00:00,0,179,,,,,,,,,,,,,,,,,,
13/03/2024 03:45:00,0,179,,,,,,,,,,,,,,,,,,
13/03/2024 03:30:00,0,179,,,,,,,,,,,,,,,,,,
13/03/2024 03:15:00,0,179,,,,,,,,,,,,,,,,,,
13/03/2024 03:00:00,0,179,,,,,,,,,,,,,,,,,,
13/03/2024 02:45:00,0,180,,,,,,,,,,,,,,,,,,
13/03/2024 02:30:00,0,179,,,,,,,,,,,,,,,,,,
13/03/2024 02:15:00,0,180,,,,,,,,,,,,,,,,,,
13/03/2024 02:00:00,0,179,,,,,,,,,,,,,,,,,,
13/03/2024 01:45:00,0,179,,,,,,,,,,,,,,,,,,
13/03/2024 01:30:00,0,179,,,,,,,,,,,,,,,,,,
13/03/2024 01:15:00,0,180,,,,,,,,,,,,,,,,,,
13/03/2024 01:00:00,0,180,,,,,,,,,,,,,,,,,,
13/03/2024 00:45:00,0,180,,,,,,,,,,,,,,,,,,
13/03/2024 00:30:00,0,179,,,,,,,,,,,,,,,,,,
13/03/2024 00:15:00,0,180,,,,,,,,,,,,,,,,,,
13/03/2024 00:00:00,0,180,,,,,,,,,,,,,,,,,,
12/3/2024 23:45,0,179,,,,,,,,,,,,,,,,,,
12/3/2024 23:30,0,180,,,,,,,,,,,,,,,,,,
12/3/2024 23:15,0,180,,,,,,,,,,,,,,,,,,
12/3/2024 23:00,0,180,,,,,,,,,,,,,,,,,,
12/3/2024 22:45,0,181,,,,,,,,,,,,,,,,,,
12/3/2024 22:30,0,181,,,,,,,,,,,,,,,,,,
12/3/2024 22:15,0,181,,,,,,,,,,,,,,,,,,
12/3/2024 22:00,0,181,,,,,,,,,,,,,,,,,,
12/3/2024 21:45,0,181,,,,,,,,,,,,,,,,,,
12/3/2024 21:30,0,181,,,,,,,,,,,,,,,,,,
12/3/2024 21:15,0,182,,,,,,,,,,,,,,,,,,
12/3/2024 21:00,0,182,,,,,,,,,,,,,,,,,,
12/3/2024 20:45,0,182,,,,,,,,,,,,,,,,,,
12/3/2024 20:30,0,182,,,,,,,,,,,,,,,,,,
12/3/2024 20:15,0,182,,,,,,,,,,,,,,,,,,
12/3/2024 20:00,0,182,,,,,,,,,,,,,,,,,,
12/3/2024 19:45,0,183,,,,,,,,,,,,,,,,,,
12/3/2024 19:30,0,183,,,,,,,,,,,,,,,,,,
12/3/2024 19:15,0,183,,,,,,,,,,,,,,,,,,
12/3/2024 19:00,0,183,,,,,,,,,,,,,,,,,,
12/3/2024 18:45,0,183,,,,,,,,,,,,,,,,,,
12/3/2024 18:30,0,183,,,,,,,,,,,,,,,,,,
12/3/2024 18:15,0,184,,,,,,,,,,,,,,,,,,
12/3/2024 18:00,0,184,,,,,,,,,,,,,,,,,,
12/3/2024 17:45,0,184,,,,,,,,,,,,,,,,,,
12/3/2024 17:30,0,184,,,,,,,,,,,,,,,,,,
12/3/2024 17:15,0,184,,,,,,,,,,,,,,,,,,
12/3/2024 17:00,0,184,,,,,,,,,,,,,,,,,,
12/3/2024 16:45,0,184,,,,,,,,,,,,,,,,,,
12/3/2024 16:30,0,184,,,,,,,,,,,,,,,,,,
12/3/2024 16:15,0,184,,,,,,,,,,,,,,,,,,
12/3/2024 16:00,0,185,,,,,,,,,,,,,,,,,,
12/3/2024 15:45,0,185,,,,,,,,,,,,,,,,,,
12/3/2024 15:30,0,185,,,,,,,,,,,,,,,,,,
12/3/2024 15:15,0,185,,,,,,,,,,,,,,,,,,
12/3/2024 15:00,0,186,,,,,,,,,,,,,,,,,,
12/3/2024 14:45,0,186,,,,,,,,,,,,,,,,,,
12/3/2024 14:30,0,186,,,,,,,,,,,,,,,,,,
12/3/2024 14:15,0,185,,,,,,,,,,,,,,,,,,
12/3/2024 14:00,0,186,,,,,,,,,,,,,,,,,,
12/3/2024 13:45,0,186,,,,,,,,,,,,,,,,,,
12/3/2024 13:30,0,186,,,,,,,,,,,,,,,,,,
12/3/2024 13:15,0,186,,,,,,,,,,,,,,,,,,
12/3/2024 13:00,0,187,,,,,,,,,,,,,,,,,,
12/3/2024 12:45,0,186,,,,,,,,,,,,,,,,,,
12/3/2024 12:30,0,187,,,,,,,,,,,,,,,,,,
12/3/2024 12:15,0,187,,,,,,,,,,,,,,,,,,
12/3/2024 12:00,0,187,,,,,,,,,,,,,,,,,,
12/3/2024 11:45,0,187,,,,,,,,,,,,,,,,,,
12/3/2024 11:30,0,187,,,,,,,,,,,,,,,,,,
12/3/2024 11:15,0,187,,,,,,,,,,,,,,,,,,
12/3/2024 11:00,0,187,,,,,,,,,,,,,,,,,,
12/3/2024 10:45,0,187,,,,,,,,,,,,,,,,,,
12/3/2024 10:30,0,187,,,,,,,,,,,,,,,,,,
12/3/2024 10:15,0,187,,,,,,,,,,,,,,,,,,
12/3/2024 10:00,0,187,,,,,,,,,,,,,,,,,,
12/3/2024 9:45,0,187,,,,,,,,,,,,,,,,,,
12/3/2024 9:30,0,187,,,,,,,,,,,,,,,,,,
12/3/2024 9:15,0,187,,,,,,,,,,,,,,,,,,
12/3/2024 9:00,0,186,,,,,,,,,,,,,,,,,,
12/3/2024 8:45,0,188,,,,,,,,,,,,,,,,,,
12/3/2024 8:30,0,187,,,,,,,,,,,,,,,,,,
12/3/2024 8:15,0,187,,,,,,,,,,,,,,,,,,
12/3/2024 8:00,0,187,,,,,,,,,,,,,,,,,,
12/3/2024 7:45,0,187,,,,,,,,,,,,,,,,,,
12/3/2024 7:30,0,187,,,,,,,,,,,,,,,,,,
12/3/2024 7:15,0,187,,,,,,,,,,,,,,,,,,
12/3/2024 7:00,0,187,,,,,,,,,,,,,,,,,,
12/3/2024 6:45,0,187,,,,,,,,,,,,,,,,,,
12/3/2024 6:30,0,187,,,,,,,,,,,,,,,,,,
12/3/2024 6:15,0,187,,,,,,,,,,,,,,,,,,
12/3/2024 6:00,0,188,,,,,,,,,,,,,,,,,,
12/3/2024 5:45,0,187,,,,,,,,,,,,,,,,,,
12/3/2024 5:30,0,187,,,,,,,,,,,,,,,,,,
12/3/2024 5:15,0,187,,,,,,,,,,,,,,,,,,
12/3/2024 5:00,0,187,,,,,,,,,,,,,,,,,,
12/3/2024 4:45,0,187,,,,,,,,,,,,,,,,,,
12/3/2024 4:30,0,187,,,,,,,,,,,,,,,,,,
12/3/2024 4:15,0,187,,,,,,,,,,,,,,,,,,
12/3/2024 4:00,0,188,,,,,,,,,,,,,,,,,,
12/3/2024 3:45,0,187,,,,,,,,,,,,,,,,,,
12/3/2024 3:30,0,187,,,,,,,,,,,,,,,,,,
12/3/2024 3:15,0,187,,,,,,,,,,,,,,,,,,
12/3/2024 3:00,0,186,,,,,,,,,,,,,,,,,,
12/3/2024 2:45,0,187,,,,,,,,,,,,,,,,,,
12/3/2024 2:30,0,187,,,,,,,,,,,,,,,,,,
12/3/2024 2:15,0,187,,,,,,,,,,,,,,,,,,
12/3/2024 2:00,0,187,,,,,,,,,,,,,,,,,,
12/3/2024 1:45,0,187,,,,,,,,,,,,,,,,,,
12/3/2024 1:30,0,187,,,,,,,,,,,,,,,,,,
12/3/2024 1:15,0,187,,,,,,,,,,,,,,,,,,
12/3/2024 1:00,0,186,,,,,,,,,,,,,,,,,,
12/3/2024 0:45,0,187,,,,,,,,,,,,,,,,,,
12/3/2024 0:30,0,187,,,,,,,,,,,,,,,,,,
12/3/2024 0:15,0,187,,,,,,,,,,,,,,,,,,
12/3/2024 0:00,0,187,,,,,,,,,,,,,,,,,,
11/3/2024 23:45,0,187,,,,,,,,,,,,,,,,,,
11/3/2024 23:30,0,187,,,,,,,,,,,,,,,,,,
11/3/2024 23:15,0,187,,,,,,,,,,,,,,,,,,
11/3/2024 23:00,0,187,,,,,,,,,,,,,,,,,,
11/3/2024 22:45,0,187,,,,,,,,,,,,,,,,,,
11/3/2024 22:30,0,187,,,,,,,,,,,,,,,,,,
11/3/2024 22:15,0,187,,,,,,,,,,,,,,,,,,
11/3/2024 22:00,0,187,,,,,,,,,,,,,,,,,,
11/3/2024 21:45,0,188,,,,,,,,,,,,,,,,,,
11/3/2024 21:30,0,187,,,,,,,,,,,,,,,,,,
11/3/2024 21:15,0,188,,,,,,,,,,,,,,,,,,
11/3/2024 21:00,0,187,,,,,,,,,,,,,,,,,,
11/3/2024 20:45,0,188,,,,,,,,,,,,,,,,,,
11/3/2024 20:30,0,187,,,,,,,,,,,,,,,,,,
11/3/2024 20:15,0,188,,,,,,,,,,,,,,,,,,
11/3/2024 20:00,0,188,,,,,,,,,,,,,,,,,,
11/3/2024 19:45,0,188,,,,,,,,,,,,,,,,,,
11/3/2024 19:30,0,188,,,,,,,,,,,,,,,,,,
11/3/2024 19:15,0,188,,,,,,,,,,,,,,,,,,
11/3/2024 19:00,0,188,,,,,,,,,,,,,,,,,,
11/3/2024 18:45,0,189,,,,,,,,,,,,,,,,,,
11/3/2024 18:30,0,189,,,,,,,,,,,,,,,,,,
11/3/2024 18:15,0,189,,,,,,,,,,,,,,,,,,
11/3/2024 18:00,0,189,,,,,,,,,,,,,,,,,,
11/3/2024 17:45,0,189,,,,,,,,,,,,,,,,,,
11/3/2024 17:30,0,190,,,,,,,,,,,,,,,,,,
11/3/2024 17:15,0,189,,,,,,,,,,,,,,,,,,
11/3/2024 17:00,0,189,,,,,,,,,,,,,,,,,,
11/3/2024 16:45,0,189,,,,,,,,,,,,,,,,,,
11/3/2024 16:30,0,189,,,,,,,,,,,,,,,,,,
11/3/2024 16:15,0,189,,,,,,,,,,,,,,,,,,
11/3/2024 16:00,0,189,,,,,,,,,,,,,,,,,,
11/3/2024 15:45,0,189,,,,,,,,,,,,,,,,,,
11/3/2024 15:30,0,188,,,,,,,,,,,,,,,,,,
11/3/2024 15:15,0,189,,,,,,,,,,,,,,,,,,
11/3/2024 15:00,0,189,,,,,,,,,,,,,,,,,,
11/3/2024 14:45,0,189,,,,,,,,,,,,,,,,,,
11/3/2024 14:30,0,189,,,,,,,,,,,,,,,,,,
11/3/2024 14:15,0,190,,,,,,,,,,,,,,,,,,
11/3/2024 14:00,0,189,,,,,,,,,,,,,,,,,,
11/3/2024 13:45,0,189,,,,,,,,,,,,,,,,,,
11/3/2024 13:30,0,189,,,,,,,,,,,,,,,,,,
11/3/2024 13:15,0,190,,,,,,,,,,,,,,,,,,
11/3/2024 13:00,0,190,,,,,,,,,,,,,,,,,,
11/3/2024 12:45,0,190,,,,,,,,,,,,,,,,,,
11/3/2024 12:30,0,190,,,,,,,,,,,,,,,,,,
11/3/2024 12:15,0,190,,,,,,,,,,,,,,,,,,
11/3/2024 12:00,0,190,,,,,,,,,,,,,,,,,,
11/3/2024 11:45,0,190,,,,,,,,,,,,,,,,,,
11/3/2024 11:30,0,190,,,,,,,,,,,,,,,,,,
11/3/2024 11:15,0,190,,,,,,,,,,,,,,,,,,
11/3/2024 11:00,0,189,,,,,,,,,,,,,,,,,,
11/3/2024 10:45,0,190,,,,,,,,,,,,,,,,,,
11/3/2024 10:30,0,189,,,,,,,,,,,,,,,,,,
11/3/2024 10:15,0,189,,,,,,,,,,,,,,,,,,
11/3/2024 10:00,0,189,,,,,,,,,,,,,,,,,,
11/3/2024 9:45,0,189,,,,,,,,,,,,,,,,,,
11/3/2024 9:30,0,189,,,,,,,,,,,,,,,,,,
11/3/2024 9:15,0,188,,,,,,,,,,,,,,,,,,
11/3/2024 9:00,0,188,,,,,,,,,,,,,,,,,,
11/3/2024 8:45,0,188,,,,,,,,,,,,,,,,,,
11/3/2024 8:30,0,188,,,,,,,,,,,,,,,,,,
11/3/2024 8:15,0,188,,,,,,,,,,,,,,,,,,
11/3/2024 8:00,0,188,,,,,,,,,,,,,,,,,,
11/3/2024 7:45,0,188,,,,,,,,,,,,,,,,,,
11/3/2024 7:30,0,188,,,,,,,,,,,,,,,,,,
11/3/2024 7:15,0,188,,,,,,,,,,,,,,,,,,
11/3/2024 7:00,0,188,,,,,,,,,,,,,,,,,,
11/3/2024 6:45,0,188,,,,,,,,,,,,,,,,,,
11/3/2024 6:30,0,188,,,,,,,,,,,,,,,,,,
11/3/2024 6:15,0,188,,,,,,,,,,,,,,,,,,
11/3/2024 6:00,0,188,,,,,,,,,,,,,,,,,,
11/3/2024 5:45,0,187,,,,,,,,,,,,,,,,,,
11/3/2024 5:30,0,187,,,,,,,,,,,,,,,,,,
11/3/2024 5:15,0,188,,,,,,,,,,,,,,,,,,
11/3/2024 5:00,0,187,,,,,,,,,,,,,,,,,,
11/3/2024 4:45,0,187,,,,,,,,,,,,,,,,,,
11/3/2024 4:30,0,187,,,,,,,,,,,,,,,,,,
11/3/2024 4:15,0,187,,,,,,,,,,,,,,,,,,
11/3/2024 4:00,0,187,,,,,,,,,,,,,,,,,,
11/3/2024 3:45,0,187,,,,,,,,,,,,,,,,,,
11/3/2024 3:30,0,187,,,,,,,,,,,,,,,,,,
11/3/2024 3:15,0,187,,,,,,,,,,,,,,,,,,
11/3/2024 3:00,0,187,,,,,,,,,,,,,,,,,,
11/3/2024 2:45,0,187,,,,,,,,,,,,,,,,,,
11/3/2024 2:30,0,187,,,,,,,,,,,,,,,,,,
11/3/2024 2:15,0,187,,,,,,,,,,,,,,,,,,
11/3/2024 2:00,0,187,,,,,,,,,,,,,,,,,,
11/3/2024 1:45,0,186,,,,,,,,,,,,,,,,,,
11/3/2024 1:30,0,187,,,,,,,,,,,,,,,,,,
11/3/2024 1:15,0,187,,,,,,,,,,,,,,,,,,
11/3/2024 1:00,0,186,,,,,,,,,,,,,,,,,,
11/3/2024 0:45,0,186,,,,,,,,,,,,,,,,,,
11/3/2024 0:30,0,186,,,,,,,,,,,,,,,,,,
11/3/2024 0:15,0,187,,,,,,,,,,,,,,,,,,
11/3/2024 0:00,0,187,,,,,,,,,,,,,,,,,,
10/3/2024 23:45,0,186,,,,,,,,,,,,,,,,,,
10/3/2024 23:30,0,186,,,,,,,,,,,,,,,,,,
10/3/2024 23:15,0,187,,,,,,,,,,,,,,,,,,
10/3/2024 23:00,0,186,,,,,,,,,,,,,,,,,,
10/3/2024 22:45,0,186,,,,,,,,,,,,,,,,,,
10/3/2024 22:30,0,186,,,,,,,,,,,,,,,,,,
10/3/2024 22:15,0,186,,,,,,,,,,,,,,,,,,
10/3/2024 22:00,0,186,,,,,,,,,,,,,,,,,,
10/3/2024 21:45,0,186,,,,,,,,,,,,,,,,,,
10/3/2024 21:30,0,186,,,,,,,,,,,,,,,,,,
10/3/2024 21:15,0,186,,,,,,,,,,,,,,,,,,
10/3/2024 21:00,0,186,,,,,,,,,,,,,,,,,,
10/3/2024 20:45,0,187,,,,,,,,,,,,,,,,,,
10/3/2024 20:30,0,187,,,,,,,,,,,,,,,,,,
10/3/2024 20:15,0,187,,,,,,,,,,,,,,,,,,
10/3/2024 20:00,0,187,,,,,,,,,,,,,,,,,,
10/3/2024 19:45,0,187,,,,,,,,,,,,,,,,,,
10/3/2024 19:30,0,187,,,,,,,,,,,,,,,,,,
10/3/2024 19:15,0,187,,,,,,,,,,,,,,,,,,
10/3/2024 19:00,0,187,,,,,,,,,,,,,,,,,,
10/3/2024 18:45,0,187,,,,,,,,,,,,,,,,,,
10/3/2024 18:30,0,187,,,,,,,,,,,,,,,,,,
10/3/2024 18:15,0,187,,,,,,,,,,,,,,,,,,
10/3/2024 18:00,0,187,,,,,,,,,,,,,,,,,,
10/3/2024 17:45,0,187,,,,,,,,,,,,,,,,,,
10/3/2024 17:30,0,187,,,,,,,,,,,,,,,,,,
10/3/2024 17:15,0,188,,,,,,,,,,,,,,,,,,
10/3/2024 17:00,0,187,,,,,,,,,,,,,,,,,,
10/3/2024 16:45,0,187,,,,,,,,,,,,,,,,,,
10/3/2024 16:30,0,188,,,,,,,,,,,,,,,,,,
10/3/2024 16:15,0,187,,,,,,,,,,,,,,,,,,
10/3/2024 16:00,0,188,,,,,,,,,,,,,,,,,,
10/3/2024 15:45,0,188,,,,,,,,,,,,,,,,,,
10/3/2024 15:30,0,187,,,,,,,,,,,,,,,,,,
10/3/2024 15:15,0,188,,,,,,,,,,,,,,,,,,
10/3/2024 15:00,0,187,,,,,,,,,,,,,,,,,,
10/3/2024 14:45,0,188,,,,,,,,,,,,,,,,,,
10/3/2024 14:30,0,188,,,,,,,,,,,,,,,,,,
10/3/2024 14:15,0,188,,,,,,,,,,,,,,,,,,
10/3/2024 14:00,0,187,,,,,,,,,,,,,,,,,,
10/3/2024 13:45,0,188,,,,,,,,,,,,,,,,,,
10/3/2024 13:30,0,187,,,,,,,,,,,,,,,,,,
10/3/2024 13:15,0,188,,,,,,,,,,,,,,,,,,
10/3/2024 13:00,0,188,,,,,,,,,,,,,,,,,,
10/3/2024 12:45,0,188,,,,,,,,,,,,,,,,,,
10/3/2024 12:30,0,188,,,,,,,,,,,,,,,,,,
10/3/2024 12:15,0,188,,,,,,,,,,,,,,,,,,
10/3/2024 12:00,0,188,,,,,,,,,,,,,,,,,,
10/3/2024 11:45,0,188,,,,,,,,,,,,,,,,,,
10/3/2024 11:30,0,188,,,,,,,,,,,,,,,,,,
10/3/2024 11:15,0,188,,,,,,,,,,,,,,,,,,
10/3/2024 11:00,0,188,,,,,,,,,,,,,,,,,,
10/3/2024 10:45,0,188,,,,,,,,,,,,,,,,,,
10/3/2024 10:30,0,188,,,,,,,,,,,,,,,,,,
10/3/2024 10:15,0,188,,,,,,,,,,,,,,,,,,
10/3/2024 10:00,0,188,,,,,,,,,,,,,,,,,,
10/3/2024 9:45,0,188,,,,,,,,,,,,,,,,,,
10/3/2024 9:30,0,188,,,,,,,,,,,,,,,,,,
10/3/2024 9:15,0,188,,,,,,,,,,,,,,,,,,
10/3/2024 9:00,0,188,,,,,,,,,,,,,,,,,,
10/3/2024 8:45,0,188,,,,,,,,,,,,,,,,,,
10/3/2024 8:30,0,188,,,,,,,,,,,,,,,,,,
10/3/2024 8:15,0,188,,,,,,,,,,,,,,,,,,
10/3/2024 8:00,0,188,,,,,,,,,,,,,,,,,,
10/3/2024 7:45,0,188,,,,,,,,,,,,,,,,,,
10/3/2024 7:30,0,188,,,,,,,,,,,,,,,,,,
10/3/2024 7:15,0,188,,,,,,,,,,,,,,,,,,
10/3/2024 7:00,0,187,,,,,,,,,,,,,,,,,,
10/3/2024 6:45,0,188,,,,,,,,,,,,,,,,,,
10/3/2024 6:30,0,187,,,,,,,,,,,,,,,,,,
10/3/2024 6:15,0,187,,,,,,,,,,,,,,,,,,
10/3/2024 6:00,0,187,,,,,,,,,,,,,,,,,,
10/3/2024 5:45,0,187,,,,,,,,,,,,,,,,,,
10/3/2024 5:30,0,187,,,,,,,,,,,,,,,,,,
10/3/2024 5:15,0,187,,,,,,,,,,,,,,,,,,
10/3/2024 5:00,0,187,,,,,,,,,,,,,,,,,,
10/3/2024 4:45,0,187,,,,,,,,,,,,,,,,,,
10/3/2024 4:30,0,187,,,,,,,,,,,,,,,,,,
10/3/2024 4:15,0,187,,,,,,,,,,,,,,,,,,
10/3/2024 4:00,0,187,,,,,,,,,,,,,,,,,,
10/3/2024 3:45,0,187,,,,,,,,,,,,,,,,,,
10/3/2024 3:30,0,187,,,,,,,,,,,,,,,,,,
10/3/2024 3:15,0,187,,,,,,,,,,,,,,,,,,
10/3/2024 3:00,0,187,,,,,,,,,,,,,,,,,,
10/3/2024 2:45,0,187,,,,,,,,,,,,,,,,,,
10/3/2024 2:30,0,187,,,,,,,,,,,,,,,,,,
10/3/2024 2:15,0,187,,,,,,,,,,,,,,,,,,
10/3/2024 2:00,0,187,,,,,,,,,,,,,,,,,,
10/3/2024 1:45,0,187,,,,,,,,,,,,,,,,,,
10/3/2024 1:30,0,187,,,,,,,,,,,,,,,,,,
10/3/2024 1:15,0,187,,,,,,,,,,,,,,,,,,
10/3/2024 1:00,0,187,,,,,,,,,,,,,,,,,,
10/3/2024 0:45,0,187,,,,,,,,,,,,,,,,,,
10/3/2024 0:30,0,187,,,,,,,,,,,,,,,,,,
10/3/2024 0:15,0,187,,,,,,,,,,,,,,,,,,
10/3/2024 0:00,0,187,,,,,,,,,,,,,,,,,,
9/3/2024 23:45,0,187,,,,,,,,,,,,,,,,,,
9/3/2024 23:30,0,187,,,,,,,,,,,,,,,,,,
9/3/2024 23:15,0,187,,,,,,,,,,,,,,,,,,
9/3/2024 23:00,0,187,,,,,,,,,,,,,,,,,,
9/3/2024 22:45,0,187,,,,,,,,,,,,,,,,,,
9/3/2024 22:30,0,188,,,,,,,,,,,,,,,,,,
9/3/2024 22:15,0,188,,,,,,,,,,,,,,,,,,
9/3/2024 22:00,0,187,,,,,,,,,,,,,,,,,,
9/3/2024 21:45,0,188,,,,,,,,,,,,,,,,,,
9/3/2024 21:30,0,188,,,,,,,,,,,,,,,,,,
9/3/2024 21:15,0,188,,,,,,,,,,,,,,,,,,
9/3/2024 21:00,0,188,,,,,,,,,,,,,,,,,,
9/3/2024 20:45,0,189,,,,,,,,,,,,,,,,,,
9/3/2024 20:30,0,188,,,,,,,,,,,,,,,,,,
9/3/2024 20:15,0,188,,,,,,,,,,,,,,,,,,
9/3/2024 20:00,0,188,,,,,,,,,,,,,,,,,,
9/3/2024 19:45,0,189,,,,,,,,,,,,,,,,,,
9/3/2024 19:30,0,189,,,,,,,,,,,,,,,,,,
9/3/2024 19:15,0,189,,,,,,,,,,,,,,,,,,
9/3/2024 19:00,0,189,,,,,,,,,,,,,,,,,,
9/3/2024 18:45,0,189,,,,,,,,,,,,,,,,,,
9/3/2024 18:30,0,189,,,,,,,,,,,,,,,,,,
9/3/2024 18:15,0,189,,,,,,,,,,,,,,,,,,
9/3/2024 18:00,0,190,,,,,,,,,,,,,,,,,,
9/3/2024 17:45,0,190,,,,,,,,,,,,,,,,,,
9/3/2024 17:30,0,190,,,,,,,,,,,,,,,,,,
9/3/2024 17:15,0,190,,,,,,,,,,,,,,,,,,
9/3/2024 17:00,0,190,,,,,,,,,,,,,,,,,,
9/3/2024 16:45,0,190,,,,,,,,,,,,,,,,,,
9/3/2024 16:30,0,191,,,,,,,,,,,,,,,,,,
9/3/2024 16:15,0,190,,,,,,,,,,,,,,,,,,
9/3/2024 16:00,0,190,,,,,,,,,,,,,,,,,,
9/3/2024 15:45,0,191,,,,,,,,,,,,,,,,,,
9/3/2024 15:30,0,190,,,,,,,,,,,,,,,,,,
9/3/2024 15:15,0,191,,,,,,,,,,,,,,,,,,
9/3/2024 15:00,0,191,,,,,,,,,,,,,,,,,,
9/3/2024 14:45,0,190,,,,,,,,,,,,,,,,,,
9/3/2024 14:30,0,191,,,,,,,,,,,,,,,,,,
9/3/2024 14:15,0,191,,,,,,,,,,,,,,,,,,
9/3/2024 14:00,0,191,,,,,,,,,,,,,,,,,,
9/3/2024 13:45,0,192,,,,,,,,,,,,,,,,,,
9/3/2024 13:30,0,191,,,,,,,,,,,,,,,,,,
9/3/2024 13:15,0,192,,,,,,,,,,,,,,,,,,
9/3/2024 13:00,0,191,,,,,,,,,,,,,,,,,,
9/3/2024 12:45,0,192,,,,,,,,,,,,,,,,,,
9/3/2024 12:30,0,192,,,,,,,,,,,,,,,,,,
9/3/2024 12:15,0,192,,,,,,,,,,,,,,,,,,
9/3/2024 12:00,0,192,,,,,,,,,,,,,,,,,,
9/3/2024 11:45,0,193,,,,,,,,,,,,,,,,,,
9/3/2024 11:30,0,191,,,,,,,,,,,,,,,,,,
9/3/2024 11:15,0,192,,,,,,,,,,,,,,,,,,
9/3/2024 11:00,0.2,192,,,,,,,,,,,,,,,,,,
9/3/2024 10:45,0,192,,,,,,,,,,,,,,,,,,
9/3/2024 10:30,0,192,,,,,,,,,,,,,,,,,,
9/3/2024 10:15,0,192,,,,,,,,,,,,,,,,,,
9/3/2024 10:00,0,192,,,,,,,,,,,,,,,,,,
9/3/2024 9:45,0,192,,,,,,,,,,,,,,,,,,
9/3/2024 9:30,0,192,,,,,,,,,,,,,,,,,,
9/3/2024 9:15,0,193,,,,,,,,,,,,,,,,,,
9/3/2024 9:00,0,193,,,,,,,,,,,,,,,,,,
9/3/2024 8:45,0,192,,,,,,,,,,,,,,,,,,
9/3/2024 8:30,0,193,,,,,,,,,,,,,,,,,,
9/3/2024 8:15,0,193,,,,,,,,,,,,,,,,,,
9/3/2024 8:00,0,192,,,,,,,,,,,,,,,,,,
9/3/2024 7:45,0,193,,,,,,,,,,,,,,,,,,
9/3/2024 7:30,0,193,,,,,,,,,,,,,,,,,,
9/3/2024 7:15,0,193,,,,,,,,,,,,,,,,,,
9/3/2024 7:00,0,193,,,,,,,,,,,,,,,,,,
9/3/2024 6:45,0,193,,,,,,,,,,,,,,,,,,
9/3/2024 6:30,0,194,,,,,,,,,,,,,,,,,,
9/3/2024 6:15,0,193,,,,,,,,,,,,,,,,,,
9/3/2024 6:00,0,194,,,,,,,,,,,,,,,,,,
9/3/2024 5:45,0,194,,,,,,,,,,,,,,,,,,
9/3/2024 5:30,0,193,,,,,,,,,,,,,,,,,,
9/3/2024 5:15,0,194,,,,,,,,,,,,,,,,,,
9/3/2024 5:00,0,194,,,,,,,,,,,,,,,,,,
9/3/2024 4:45,0,194,,,,,,,,,,,,,,,,,,
9/3/2024 4:30,0,194,,,,,,,,,,,,,,,,,,
9/3/2024 4:15,0,193,,,,,,,,,,,,,,,,,,
9/3/2024 4:00,0,194,,,,,,,,,,,,,,,,,,
9/3/2024 3:45,0,194,,,,,,,,,,,,,,,,,,
9/3/2024 3:30,0,194,,,,,,,,,,,,,,,,,,
9/3/2024 3:15,0,194,,,,,,,,,,,,,,,,,,
9/3/2024 3:00,0,194,,,,,,,,,,,,,,,,,,
9/3/2024 2:45,0,194,,,,,,,,,,,,,,,,,,
9/3/2024 2:30,0,194,,,,,,,,,,,,,,,,,,
9/3/2024 2:15,0,194,,,,,,,,,,,,,,,,,,
9/3/2024 2:00,0,194,,,,,,,,,,,,,,,,,,
9/3/2024 1:45,0,194,,,,,,,,,,,,,,,,,,
9/3/2024 1:30,0,194,,,,,,,,,,,,,,,,,,
9/3/2024 1:15,0,194,,,,,,,,,,,,,,,,,,
9/3/2024 1:00,0,194,,,,,,,,,,,,,,,,,,
9/3/2024 0:45,0,194,,,,,,,,,,,,,,,,,,
9/3/2024 0:30,0,194,,,,,,,,,,,,,,,,,,
9/3/2024 0:15,0,194,,,,,,,,,,,,,,,,,,
9/3/2024 0:00,0,193,,,,,,,,,,,,,,,,,,
8/3/2024 23:45,0,194,,,,,,,,,,,,,,,,,,
8/3/2024 23:30,0,194,,,,,,,,,,,,,,,,,,
8/3/2024 23:15,0,193,,,,,,,,,,,,,,,,,,
8/3/2024 23:00,0,194,,,,,,,,,,,,,,,,,,
8/3/2024 22:45,0,194,,,,,,,,,,,,,,,,,,
8/3/2024 22:30,0,194,,,,,,,,,,,,,,,,,,
8/3/2024 22:15,0,194,,,,,,,,,,,,,,,,,,
8/3/2024 22:00,0,193,,,,,,,,,,,,,,,,,,
8/3/2024 21:45,0,193,,,,,,,,,,,,,,,,,,
8/3/2024 21:30,0,193,,,,,,,,,,,,,,,,,,
8/3/2024 21:15,0,194,,,,,,,,,,,,,,,,,,
8/3/2024 21:00,0,193,,,,,,,,,,,,,,,,,,
8/3/2024 20:45,0,193,,,,,,,,,,,,,,,,,,
8/3/2024 20:30,0,193,,,,,,,,,,,,,,,,,,
8/3/2024 20:15,0,193,,,,,,,,,,,,,,,,,,
8/3/2024 20:00,0,193,,,,,,,,,,,,,,,,,,
8/3/2024 19:45,0,193,,,,,,,,,,,,,,,,,,
8/3/2024 19:30,0,194,,,,,,,,,,,,,,,,,,
8/3/2024 19:15,0.2,193,,,,,,,,,,,,,,,,,,
8/3/2024 19:00,0.4,193,,,,,,,,,,,,,,,,,,
8/3/2024 18:45,0,193,,,,,,,,,,,,,,,,,,
8/3/2024 18:30,0.2,194,,,,,,,,,,,,,,,,,,
8/3/2024 18:15,0.2,194,,,,,,,,,,,,,,,,,,
8/3/2024 18:00,0,194,,,,,,,,,,,,,,,,,,
8/3/2024 17:45,0,194,,,,,,,,,,,,,,,,,,
8/3/2024 17:30,0.2,194,,,,,,,,,,,,,,,,,,
8/3/2024 17:15,0,194,,,,,,,,,,,,,,,,,,
8/3/2024 17:00,0,194,,,,,,,,,,,,,,,,,,
8/3/2024 16:45,0.2,193,,,,,,,,,,,,,,,,,,
8/3/2024 16:30,0,194,,,,,,,,,,,,,,,,,,
8/3/2024 16:15,0.2,193,,,,,,,,,,,,,,,,,,
8/3/2024 16:00,0.2,193,,,,,,,,,,,,,,,,,,
8/3/2024 15:45,0,192,,,,,,,,,,,,,,,,,,
8/3/2024 15:30,0.6,192,,,,,,,,,,,,,,,,,,
8/3/2024 15:15,0,192,,,,,,,,,,,,,,,,,,
8/3/2024 15:00,0.2,191,,,,,,,,,,,,,,,,,,
8/3/2024 14:45,0.2,191,,,,,,,,,,,,,,,,,,
8/3/2024 14:30,0.4,191,,,,,,,,,,,,,,,,,,
8/3/2024 14:15,0,190,,,,,,,,,,,,,,,,,,
8/3/2024 14:00,0.4,189,,,,,,,,,,,,,,,,,,
8/3/2024 13:45,0.2,187,,,,,,,,,,,,,,,,,,
8/3/2024 13:30,1,186,,,,,,,,,,,,,,,,,,
8/3/2024 13:15,1.6,185,,,,,,,,,,,,,,,,,,
8/3/2024 13:00,3.2,183,,,,,,,,,,,,,,,,,,
8/3/2024 12:45,0.8,182,,,,,,,,,,,,,,,,,,
8/3/2024 12:30,1.6,181,,,,,,,,,,,,,,,,,,
8/3/2024 12:15,4.2,181,,,,,,,,,,,,,,,,,,
8/3/2024 12:00,1.2,181,,,,,,,,,,,,,,,,,,
8/3/2024 11:45,0.2,181,,,,,,,,,,,,,,,,,,
8/3/2024 11:30,1,181,,,,,,,,,,,,,,,,,,
8/3/2024 11:15,0.2,181,,,,,,,,,,,,,,,,,,
8/3/2024 11:00,0,181,,,,,,,,,,,,,,,,,,
8/3/2024 10:45,0.2,181,,,,,,,,,,,,,,,,,,
8/3/2024 10:30,1.8,181,,,,,,,,,,,,,,,,,,
8/3/2024 10:15,0.4,182,,,,,,,,,,,,,,,,,,
8/3/2024 10:00,0,182,,,,,,,,,,,,,,,,,,
8/3/2024 9:45,0.6,182,,,,,,,,,,,,,,,,,,
8/3/2024 9:30,0,182,,,,,,,,,,,,,,,,,,
8/3/2024 9:15,0,182,,,,,,,,,,,,,,,,,,
8/3/2024 9:00,0,182,,,,,,,,,,,,,,,,,,
8/3/2024 8:45,0,182,,,,,,,,,,,,,,,,,,
8/3/2024 8:30,0,181,,,,,,,,,,,,,,,,,,
8/3/2024 8:15,0,182,,,,,,,,,,,,,,,,,,
8/3/2024 8:00,0,182,,,,,,,,,,,,,,,,,,
8/3/2024 7:45,0,182,,,,,,,,,,,,,,,,,,
8/3/2024 7:30,0,182,,,,,,,,,,,,,,,,,,
8/3/2024 7:15,0,182,,,,,,,,,,,,,,,,,,
8/3/2024 7:00,0,182,,,,,,,,,,,,,,,,,,
8/3/2024 6:45,0,182,,,,,,,,,,,,,,,,,,
8/3/2024 6:30,0,182,,,,,,,,,,,,,,,,,,
8/3/2024 6:15,0,182,,,,,,,,,,,,,,,,,,
8/3/2024 6:00,0,182,,,,,,,,,,,,,,,,,,
8/3/2024 5:45,0,182,,,,,,,,,,,,,,,,,,
8/3/2024 5:30,0,182,,,,,,,,,,,,,,,,,,
8/3/2024 5:15,0,182,,,,,,,,,,,,,,,,,,
8/3/2024 5:00,0,182,,,,,,,,,,,,,,,,,,
8/3/2024 4:45,0,182,,,,,,,,,,,,,,,,,,
8/3/2024 4:30,0,183,,,,,,,,,,,,,,,,,,
8/3/2024 4:15,0,182,,,,,,,,,,,,,,,,,,
8/3/2024 4:00,0,182,,,,,,,,,,,,,,,,,,
8/3/2024 3:45,0,182,,,,,,,,,,,,,,,,,,
8/3/2024 3:30,0,183,,,,,,,,,,,,,,,,,,
8/3/2024 3:15,0,183,,,,,,,,,,,,,,,,,,
8/3/2024 3:00,0,183,,,,,,,,,,,,,,,,,,
8/3/2024 2:45,0,183,,,,,,,,,,,,,,,,,,
8/3/2024 2:30,0,183,,,,,,,,,,,,,,,,,,
8/3/2024 2:15,0,184,,,,,,,,,,,,,,,,,,
8/3/2024 2:00,0,183,,,,,,,,,,,,,,,,,,
8/3/2024 1:45,0,183,,,,,,,,,,,,,,,,,,
8/3/2024 1:30,0,183,,,,,,,,,,,,,,,,,,
8/3/2024 1:15,0,184,,,,,,,,,,,,,,,,,,
8/3/2024 1:00,0,183,,,,,,,,,,,,,,,,,,
8/3/2024 0:45,0,184,,,,,,,,,,,,,,,,,,
8/3/2024 0:30,0,184,,,,,,,,,,,,,,,,,,
8/3/2024 0:15,0,183,,,,,,,,,,,,,,,,,,
8/3/2024 0:00,0,184,,,,,,,,,,,,,,,,,,
7/3/2024 23:45,0,184,,,,,,,,,,,,,,,,,,
7/3/2024 23:30,0,184,,,,,,,,,,,,,,,,,,
7/3/2024 23:15,0,184,,,,,,,,,,,,,,,,,,
7/3/2024 23:00,0,184,,,,,,,,,,,,,,,,,,
7/3/2024 22:45,0,184,,,,,,,,,,,,,,,,,,
7/3/2024 22:30,0,185,,,,,,,,,,,,,,,,,,
7/3/2024 22:15,0,184,,,,,,,,,,,,,,,,,,
7/3/2024 22:00,0,185,,,,,,,,,,,,,,,,,,
7/3/2024 21:45,0,185,,,,,,,,,,,,,,,,,,
7/3/2024 21:30,0,185,,,,,,,,,,,,,,,,,,
7/3/2024 21:15,0,185,,,,,,,,,,,,,,,,,,
7/3/2024 21:00,0,186,,,,,,,,,,,,,,,,,,
7/3/2024 20:45,0,186,,,,,,,,,,,,,,,,,,
7/3/2024 20:30,0,186,,,,,,,,,,,,,,,,,,
7/3/2024 20:15,0,187,,,,,,,,,,,,,,,,,,
7/3/2024 20:00,0,187,,,,,,,,,,,,,,,,,,
7/3/2024 19:45,0,187,,,,,,,,,,,,,,,,,,
7/3/2024 19:30,0,187,,,,,,,,,,,,,,,,,,
7/3/2024 19:15,0,187,,,,,,,,,,,,,,,,,,
7/3/2024 19:00,0,187,,,,,,,,,,,,,,,,,,
7/3/2024 18:45,0,186,,,,,,,,,,,,,,,,,,
7/3/2024 18:30,0,187,,,,,,,,,,,,,,,,,,
7/3/2024 18:15,0,187,,,,,,,,,,,,,,,,,,
7/3/2024 18:00,0,187,,,,,,,,,,,,,,,,,,
7/3/2024 17:45,0,188,,,,,,,,,,,,,,,,,,
7/3/2024 17:30,0,188,,,,,,,,,,,,,,,,,,
7/3/2024 17:15,0,188,,,,,,,,,,,,,,,,,,
7/3/2024 17:00,0,188,,,,,,,,,,,,,,,,,,
7/3/2024 16:45,0,189,,,,,,,,,,,,,,,,,,
7/3/2024 16:30,0,189,,,,,,,,,,,,,,,,,,
7/3/2024 16:15,0,188,,,,,,,,,,,,,,,,,,
7/3/2024 16:00,0,189,,,,,,,,,,,,,,,,,,
7/3/2024 15:45,0,188,,,,,,,,,,,,,,,,,,
7/3/2024 15:30,0,189,,,,,,,,,,,,,,,,,,
7/3/2024 15:15,0,189,,,,,,,,,,,,,,,,,,
7/3/2024 15:00,0,190,,,,,,,,,,,,,,,,,,
7/3/2024 14:45,0,189,,,,,,,,,,,,,,,,,,
7/3/2024 14:30,0,190,,,,,,,,,,,,,,,,,,
7/3/2024 14:15,0,190,,,,,,,,,,,,,,,,,,
7/3/2024 14:00,,189,,,,,,,,,,,,,,,,,,
7/3/2024 13:45,,,,,,,,,,,,,,,,,,,,
7/3/2024 13:30,,,,,,,,,,,,,,,,,,,,
7/3/2024 13:15,,,,,,,,,,,,,,,,,,,,
7/3/2024 13:00,0,192,,,,,,,,,,,,,,,,,,
7/3/2024 12:45,0,191,,,,,,,,,,,,,,,,,,
7/3/2024 12:30,0,191,,,,,,,,,,,,,,,,,,
7/3/2024 12:15,0,192,,,,,,,,,,,,,,,,,,
7/3/2024 12:00,0,192,,,,,,,,,,,,,,,,,,
7/3/2024 11:45,0,192,,,,,,,,,,,,,,,,,,
7/3/2024 11:30,0,191,,,,,,,,,,,,,,,,,,
7/3/2024 11:15,0,192,,,,,,,,,,,,,,,,,,
7/3/2024 11:00,0,192,,,,,,,,,,,,,,,,,,
7/3/2024 10:45,0,192,,,,,,,,,,,,,,,,,,
7/3/2024 10:30,0,192,,,,,,,,,,,,,,,,,,
7/3/2024 10:15,0,192,,,,,,,,,,,,,,,,,,
7/3/2024 10:00,0,192,,,,,,,,,,,,,,,,,,
7/3/2024 9:45,0,193,,,,,,,,,,,,,,,,,,
7/3/2024 9:30,0,192,,,,,,,,,,,,,,,,,,
7/3/2024 9:15,0,193,,,,,,,,,,,,,,,,,,
7/3/2024 9:00,0,193,,,,,,,,,,,,,,,,,,
7/3/2024 8:45,0,194,,,,,,,,,,,,,,,,,,
7/3/2024 8:30,0,193,,,,,,,,,,,,,,,,,,
7/3/2024 8:15,0,193,,,,,,,,,,,,,,,,,,
7/3/2024 8:00,0,193,,,,,,,,,,,,,,,,,,
7/3/2024 7:45,0,193,,,,,,,,,,,,,,,,,,
7/3/2024 7:30,0,194,,,,,,,,,,,,,,,,,,
7/3/2024 7:15,0,194,,,,,,,,,,,,,,,,,,
7/3/2024 7:00,0,194,,,,,,,,,,,,,,,,,,
7/3/2024 6:45,0,194,,,,,,,,,,,,,,,,,,
7/3/2024 6:30,0,194,,,,,,,,,,,,,,,,,,
7/3/2024 6:15,0,194,,,,,,,,,,,,,,,,,,
7/3/2024 6:00,0,194,,,,,,,,,,,,,,,,,,
7/3/2024 5:45,0,194,,,,,,,,,,,,,,,,,,
7/3/2024 5:30,0,195,,,,,,,,,,,,,,,,,,
7/3/2024 5:15,0,195,,,,,,,,,,,,,,,,,,
7/3/2024 5:00,0,195,,,,,,,,,,,,,,,,,,
7/3/2024 4:45,0,195,,,,,,,,,,,,,,,,,,
7/3/2024 4:30,0,196,,,,,,,,,,,,,,,,,,
7/3/2024 4:15,0,196,,,,,,,,,,,,,,,,,,
7/3/2024 4:00,0,196,,,,,,,,,,,,,,,,,,
7/3/2024 3:45,0,197,,,,,,,,,,,,,,,,,,
7/3/2024 3:30,0,197,,,,,,,,,,,,,,,,,,
7/3/2024 3:15,0,197,,,,,,,,,,,,,,,,,,
7/3/2024 3:00,0,197,,,,,,,,,,,,,,,,,,
7/3/2024 2:45,0,198,,,,,,,,,,,,,,,,,,
7/3/2024 2:30,0,198,,,,,,,,,,,,,,,,,,
7/3/2024 2:15,0,198,,,,,,,,,,,,,,,,,,
7/3/2024 2:00,0,199,,,,,,,,,,,,,,,,,,
7/3/2024 1:45,0,200,,,,,,,,,,,,,,,,,,
7/3/2024 1:30,0,199,,,,,,,,,,,,,,,,,,
7/3/2024 1:15,0,200,,,,,,,,,,,,,,,,,,
7/3/2024 1:00,0,200,,,,,,,,,,,,,,,,,,
7/3/2024 0:45,0,201,,,,,,,,,,,,,,,,,,
7/3/2024 0:30,0,201,,,,,,,,,,,,,,,,,,
7/3/2024 0:15,0,201,,,,,,,,,,,,,,,,,,
7/3/2024 0:00,0,202,,,,,,,,,,,,,,,,,,
6/3/2024 23:45,0,202,,,,,,,,,,,,,,,,,,
6/3/2024 23:30,0,202,,,,,,,,,,,,,,,,,,
6/3/2024 23:15,0,203,,,,,,,,,,,,,,,,,,
6/3/2024 23:00,0,203,,,,,,,,,,,,,,,,,,
6/3/2024 22:45,0,204,,,,,,,,,,,,,,,,,,
6/3/2024 22:30,0,204,,,,,,,,,,,,,,,,,,
6/3/2024 22:15,0,205,,,,,,,,,,,,,,,,,,
6/3/2024 22:00,0,205,,,,,,,,,,,,,,,,,,
6/3/2024 21:45,0,206,,,,,,,,,,,,,,,,,,
6/3/2024 21:30,0,206,,,,,,,,,,,,,,,,,,
6/3/2024 21:15,0,206,,,,,,,,,,,,,,,,,,
6/3/2024 21:00,0,207,,,,,,,,,,,,,,,,,,
6/3/2024 20:45,0,207,,,,,,,,,,,,,,,,,,
6/3/2024 20:30,0,207,,,,,,,,,,,,,,,,,,
6/3/2024 20:15,0,207,,,,,,,,,,,,,,,,,,
6/3/2024 20:00,0,208,,,,,,,,,,,,,,,,,,
6/3/2024 19:45,0,208,,,,,,,,,,,,,,,,,,
6/3/2024 19:30,0,209,,,,,,,,,,,,,,,,,,
6/3/2024 19:15,0,209,,,,,,,,,,,,,,,,,,
6/3/2024 19:00,0,209,,,,,,,,,,,,,,,,,,
6/3/2024 18:45,0,210,,,,,,,,,,,,,,,,,,
6/3/2024 18:30,0,210,,,,,,,,,,,,,,,,,,
6/3/2024 18:15,0,210,,,,,,,,,,,,,,,,,,
6/3/2024 18:00,0,210,,,,,,,,,,,,,,,,,,
6/3/2024 17:45,0,211,,,,,,,,,,,,,,,,,,
6/3/2024 17:30,0,211,,,,,,,,,,,,,,,,,,
6/3/2024 17:15,0,211,,,,,,,,,,,,,,,,,,
6/3/2024 17:00,0,210,,,,,,,,,,,,,,,,,,
6/3/2024 16:45,0,212,,,,,,,,,,,,,,,,,,
6/3/2024 16:30,0,212,,,,,,,,,,,,,,,,,,
6/3/2024 16:15,0,212,,,,,,,,,,,,,,,,,,
6/3/2024 16:00,0,212,,,,,,,,,,,,,,,,,,
6/3/2024 15:45,0,212,,,,,,,,,,,,,,,,,,
6/3/2024 15:30,0,212,,,,,,,,,,,,,,,,,,
6/3/2024 15:15,0,212,,,,,,,,,,,,,,,,,,
6/3/2024 15:00,0,212,,,,,,,,,,,,,,,,,,
6/3/2024 14:45,0,212,,,,,,,,,,,,,,,,,,
6/3/2024 14:30,0,213,,,,,,,,,,,,,,,,,,
6/3/2024 14:15,0,213,,,,,,,,,,,,,,,,,,
6/3/2024 14:00,0,213,,,,,,,,,,,,,,,,,,
6/3/2024 13:45,0,213,,,,,,,,,,,,,,,,,,
6/3/2024 13:30,0,214,,,,,,,,,,,,,,,,,,
6/3/2024 13:15,0,214,,,,,,,,,,,,,,,,,,
6/3/2024 13:00,0,214,,,,,,,,,,,,,,,,,,
6/3/2024 12:45,0,214,,,,,,,,,,,,,,,,,,
6/3/2024 12:30,0,214,,,,,,,,,,,,,,,,,,
6/3/2024 12:15,0,214,,,,,,,,,,,,,,,,,,
6/3/2024 12:00,0,215,,,,,,,,,,,,,,,,,,
6/3/2024 11:45,0,214,,,,,,,,,,,,,,,,,,
6/3/2024 11:30,0,215,,,,,,,,,,,,,,,,,,
6/3/2024 11:15,0,215,,,,,,,,,,,,,,,,,,
6/3/2024 11:00,0,215,,,,,,,,,,,,,,,,,,
6/3/2024 10:45,0,215,,,,,,,,,,,,,,,,,,
6/3/2024 10:30,0,215,,,,,,,,,,,,,,,,,,
6/3/2024 10:15,0,214,,,,,,,,,,,,,,,,,,
6/3/2024 10:00,0,215,,,,,,,,,,,,,,,,,,
6/3/2024 9:45,0,215,,,,,,,,,,,,,,,,,,
6/3/2024 9:30,0,215,,,,,,,,,,,,,,,,,,
6/3/2024 9:15,0,215,,,,,,,,,,,,,,,,,,
6/3/2024 9:00,0,216,,,,,,,,,,,,,,,,,,
6/3/2024 8:45,0,215,,,,,,,,,,,,,,,,,,
6/3/2024 8:30,0,215,,,,,,,,,,,,,,,,,,
6/3/2024 8:15,0,215,,,,,,,,,,,,,,,,,,
6/3/2024 8:00,0,216,,,,,,,,,,,,,,,,,,
6/3/2024 7:45,0,215,,,,,,,,,,,,,,,,,,
6/3/2024 7:30,0,216,,,,,,,,,,,,,,,,,,
6/3/2024 7:15,0,216,,,,,,,,,,,,,,,,,,
6/3/2024 7:00,0,216,,,,,,,,,,,,,,,,,,
6/3/2024 6:45,0,216,,,,,,,,,,,,,,,,,,
6/3/2024 6:30,0,216,,,,,,,,,,,,,,,,,,
6/3/2024 6:15,0,216,,,,,,,,,,,,,,,,,,
6/3/2024 6:00,0,216,,,,,,,,,,,,,,,,,,
6/3/2024 5:45,0,217,,,,,,,,,,,,,,,,,,
6/3/2024 5:30,0,217,,,,,,,,,,,,,,,,,,
6/3/2024 5:15,0,217,,,,,,,,,,,,,,,,,,
6/3/2024 5:00,0,217,,,,,,,,,,,,,,,,,,
6/3/2024 4:45,0,217,,,,,,,,,,,,,,,,,,
6/3/2024 4:30,0,217,,,,,,,,,,,,,,,,,,
6/3/2024 4:15,0,217,,,,,,,,,,,,,,,,,,
6/3/2024 4:00,0,217,,,,,,,,,,,,,,,,,,
6/3/2024 3:45,0,217,,,,,,,,,,,,,,,,,,
6/3/2024 3:30,0,218,,,,,,,,,,,,,,,,,,
6/3/2024 3:15,0,218,,,,,,,,,,,,,,,,,,
6/3/2024 3:00,0,218,,,,,,,,,,,,,,,,,,
6/3/2024 2:45,0,218,,,,,,,,,,,,,,,,,,
6/3/2024 2:30,0,218,,,,,,,,,,,,,,,,,,
6/3/2024 2:15,0,218,,,,,,,,,,,,,,,,,,
6/3/2024 2:00,0,218,,,,,,,,,,,,,,,,,,
6/3/2024 1:45,0,218,,,,,,,,,,,,,,,,,,
6/3/2024 1:30,0,219,,,,,,,,,,,,,,,,,,
6/3/2024 1:15,0,219,,,,,,,,,,,,,,,,,,
6/3/2024 1:00,0,219,,,,,,,,,,,,,,,,,,
6/3/2024 0:45,0,219,,,,,,,,,,,,,,,,,,
6/3/2024 0:30,0,219,,,,,,,,,,,,,,,,,,
6/3/2024 0:15,0,219,,,,,,,,,,,,,,,,,,
6/3/2024 0:00,0,219,,,,,,,,,,,,,,,,,,
5/3/2024 23:45,0,220,,,,,,,,,,,,,,,,,,
5/3/2024 23:30,0,220,,,,,,,,,,,,,,,,,,
5/3/2024 23:15,0,220,,,,,,,,,,,,,,,,,,
5/3/2024 23:00,0,220,,,,,,,,,,,,,,,,,,
5/3/2024 22:45,0,220,,,,,,,,,,,,,,,,,,
5/3/2024 22:30,0,220,,,,,,,,,,,,,,,,,,
5/3/2024 22:15,0,220,,,,,,,,,,,,,,,,,,
5/3/2024 22:00,0,220,,,,,,,,,,,,,,,,,,
5/3/2024 21:45,0,220,,,,,,,,,,,,,,,,,,
5/3/2024 21:30,0,221,,,,,,,,,,,,,,,,,,
5/3/2024 21:15,0,221,,,,,,,,,,,,,,,,,,
5/3/2024 21:00,0,221,,,,,,,,,,,,,,,,,,
5/3/2024 20:45,0,221,,,,,,,,,,,,,,,,,,
5/3/2024 20:30,0,221,,,,,,,,,,,,,,,,,,
5/3/2024 20:15,0,221,,,,,,,,,,,,,,,,,,
5/3/2024 20:00,0,221,,,,,,,,,,,,,,,,,,
5/3/2024 19:45,0,222,,,,,,,,,,,,,,,,,,
5/3/2024 19:30,0,221,,,,,,,,,,,,,,,,,,
5/3/2024 19:15,0,222,,,,,,,,,,,,,,,,,,
5/3/2024 19:00,0,222,,,,,,,,,,,,,,,,,,
5/3/2024 18:45,0,222,,,,,,,,,,,,,,,,,,
5/3/2024 18:30,0,222,,,,,,,,,,,,,,,,,,
5/3/2024 18:15,0,222,,,,,,,,,,,,,,,,,,
5/3/2024 18:00,0,222,,,,,,,,,,,,,,,,,,
5/3/2024 17:45,0,223,,,,,,,,,,,,,,,,,,
5/3/2024 17:30,0,223,,,,,,,,,,,,,,,,,,
5/3/2024 17:15,0,222,,,,,,,,,,,,,,,,,,
5/3/2024 17:00,0,223,,,,,,,,,,,,,,,,,,
5/3/2024 16:45,0,223,,,,,,,,,,,,,,,,,,
5/3/2024 16:30,0,223,,,,,,,,,,,,,,,,,,
5/3/2024 16:15,0,223,,,,,,,,,,,,,,,,,,
5/3/2024 16:00,0,223,,,,,,,,,,,,,,,,,,
5/3/2024 15:45,0,223,,,,,,,,,,,,,,,,,,
5/3/2024 15:30,0,222,,,,,,,,,,,,,,,,,,
5/3/2024 15:15,0,223,,,,,,,,,,,,,,,,,,
5/3/2024 15:00,0,222,,,,,,,,,,,,,,,,,,
5/3/2024 14:45,0,222,,,,,,,,,,,,,,,,,,
5/3/2024 14:30,0,223,,,,,,,,,,,,,,,,,,
5/3/2024 14:15,0,223,,,,,,,,,,,,,,,,,,
5/3/2024 14:00,0,223,,,,,,,,,,,,,,,,,,
5/3/2024 13:45,0,223,,,,,,,,,,,,,,,,,,
5/3/2024 13:30,0,223,,,,,,,,,,,,,,,,,,
5/3/2024 13:15,0,223,,,,,,,,,,,,,,,,,,
5/3/2024 13:00,0,223,,,,,,,,,,,,,,,,,,
5/3/2024 12:45,0,223,,,,,,,,,,,,,,,,,,
5/3/2024 12:30,0,223,,,,,,,,,,,,,,,,,,
5/3/2024 12:15,0,222,,,,,,,,,,,,,,,,,,
5/3/2024 12:00,0,222,,,,,,,,,,,,,,,,,,
5/3/2024 11:45,0,222,,,,,,,,,,,,,,,,,,
5/3/2024 11:30,0,221,,,,,,,,,,,,,,,,,,
5/3/2024 11:15,0,221,,,,,,,,,,,,,,,,,,
5/3/2024 11:00,0,221,,,,,,,,,,,,,,,,,,
5/3/2024 10:45,0,221,,,,,,,,,,,,,,,,,,
5/3/2024 10:30,0,220,,,,,,,,,,,,,,,,,,
5/3/2024 10:15,0,220,,,,,,,,,,,,,,,,,,
5/3/2024 10:00,0,220,,,,,,,,,,,,,,,,,,
5/3/2024 9:45,0,219,,,,,,,,,,,,,,,,,,
5/3/2024 9:30,0,219,,,,,,,,,,,,,,,,,,
5/3/2024 9:15,0,219,,,,,,,,,,,,,,,,,,
5/3/2024 9:00,0,218,,,,,,,,,,,,,,,,,,
5/3/2024 8:45,0,217,,,,,,,,,,,,,,,,,,
5/3/2024 8:30,0,217,,,,,,,,,,,,,,,,,,
5/3/2024 8:15,0,217,,,,,,,,,,,,,,,,,,
5/3/2024 8:00,0,216,,,,,,,,,,,,,,,,,,
5/3/2024 7:45,0,216,,,,,,,,,,,,,,,,,,
5/3/2024 7:30,0,215,,,,,,,,,,,,,,,,,,
5/3/2024 7:15,0,215,,,,,,,,,,,,,,,,,,
5/3/2024 7:00,0,214,,,,,,,,,,,,,,,,,,
5/3/2024 6:45,0,213,,,,,,,,,,,,,,,,,,
5/3/2024 6:30,0,213,,,,,,,,,,,,,,,,,,
5/3/2024 6:15,0,212,,,,,,,,,,,,,,,,,,
5/3/2024 6:00,0,212,,,,,,,,,,,,,,,,,,
5/3/2024 5:45,0,211,,,,,,,,,,,,,,,,,,
5/3/2024 5:30,0,211,,,,,,,,,,,,,,,,,,
5/3/2024 5:15,0,210,,,,,,,,,,,,,,,,,,
5/3/2024 5:00,0,209,,,,,,,,,,,,,,,,,,
5/3/2024 4:45,0,209,,,,,,,,,,,,,,,,,,
5/3/2024 4:30,0,208,,,,,,,,,,,,,,,,,,
5/3/2024 4:15,0,208,,,,,,,,,,,,,,,,,,
5/3/2024 4:00,0,207,,,,,,,,,,,,,,,,,,
5/3/2024 3:45,0,206,,,,,,,,,,,,,,,,,,
5/3/2024 3:30,0,205,,,,,,,,,,,,,,,,,,
5/3/2024 3:15,0,204,,,,,,,,,,,,,,,,,,
5/3/2024 3:00,0,203,,,,,,,,,,,,,,,,,,
5/3/2024 2:45,0,202,,,,,,,,,,,,,,,,,,
5/3/2024 2:30,0,201,,,,,,,,,,,,,,,,,,
5/3/2024 2:15,0,200,,,,,,,,,,,,,,,,,,
5/3/2024 2:00,0,199,,,,,,,,,,,,,,,,,,
5/3/2024 1:45,0,199,,,,,,,,,,,,,,,,,,
5/3/2024 1:30,0,198,,,,,,,,,,,,,,,,,,
5/3/2024 1:15,0,197,,,,,,,,,,,,,,,,,,
5/3/2024 1:00,0,196,,,,,,,,,,,,,,,,,,
5/3/2024 0:45,0,195,,,,,,,,,,,,,,,,,,
5/3/2024 0:30,0,194,,,,,,,,,,,,,,,,,,
5/3/2024 0:15,0,193,,,,,,,,,,,,,,,,,,
5/3/2024 0:00,0,192,,,,,,,,,,,,,,,,,,
4/3/2024 23:45,0,191,,,,,,,,,,,,,,,,,,
4/3/2024 23:30,0,190,,,,,,,,,,,,,,,,,,
4/3/2024 23:15,0,190,,,,,,,,,,,,,,,,,,
4/3/2024 23:00,0,189,,,,,,,,,,,,,,,,,,
4/3/2024 22:45,0,187,,,,,,,,,,,,,,,,,,
4/3/2024 22:30,0,186,,,,,,,,,,,,,,,,,,
4/3/2024 22:15,0,186,,,,,,,,,,,,,,,,,,
4/3/2024 22:00,0,185,,,,,,,,,,,,,,,,,,
4/3/2024 21:45,0,184,,,,,,,,,,,,,,,,,,
4/3/2024 21:30,0,183,,,,,,,,,,,,,,,,,,
4/3/2024 21:15,0,183,,,,,,,,,,,,,,,,,,
4/3/2024 21:00,0,183,,,,,,,,,,,,,,,,,,
4/3/2024 20:45,0,182,,,,,,,,,,,,,,,,,,
4/3/2024 20:30,0,182,,,,,,,,,,,,,,,,,,
4/3/2024 20:15,0.2,181,,,,,,,,,,,,,,,,,,
4/3/2024 20:00,0,180,,,,,,,,,,,,,,,,,,
4/3/2024 19:45,0,180,,,,,,,,,,,,,,,,,,
4/3/2024 19:30,0,179,,,,,,,,,,,,,,,,,,
4/3/2024 19:15,0,178,,,,,,,,,,,,,,,,,,
4/3/2024 19:00,0,178,,,,,,,,,,,,,,,,,,
4/3/2024 18:45,0,177,,,,,,,,,,,,,,,,,,
4/3/2024 18:30,0.2,177,,,,,,,,,,,,,,,,,,
4/3/2024 18:15,0,177,,,,,,,,,,,,,,,,,,
4/3/2024 18:00,0,176,,,,,,,,,,,,,,,,,,
4/3/2024 17:45,0,176,,,,,,,,,,,,,,,,,,
4/3/2024 17:30,0,176,,,,,,,,,,,,,,,,,,
4/3/2024 17:15,0,175,,,,,,,,,,,,,,,,,,
4/3/2024 17:00,0,175,,,,,,,,,,,,,,,,,,
4/3/2024 16:45,0,175,,,,,,,,,,,,,,,,,,
4/3/2024 16:30,0,175,,,,,,,,,,,,,,,,,,
4/3/2024 16:15,0,175,,,,,,,,,,,,,,,,,,
4/3/2024 16:00,0,174,,,,,,,,,,,,,,,,,,
4/3/2024 15:45,0,174,,,,,,,,,,,,,,,,,,
4/3/2024 15:30,0,174,,,,,,,,,,,,,,,,,,
4/3/2024 15:15,0.2,174,,,,,,,,,,,,,,,,,,
4/3/2024 15:00,0,174,,,,,,,,,,,,,,,,,,
4/3/2024 14:45,0,173,,,,,,,,,,,,,,,,,,
4/3/2024 14:30,0,173,,,,,,,,,,,,,,,,,,
4/3/2024 14:15,0,173,,,,,,,,,,,,,,,,,,
4/3/2024 14:00,0,173,,,,,,,,,,,,,,,,,,
4/3/2024 13:45,0,173,,,,,,,,,,,,,,,,,,
4/3/2024 13:30,0,172,,,,,,,,,,,,,,,,,,
4/3/2024 13:15,0,172,,,,,,,,,,,,,,,,,,
4/3/2024 13:00,0,171,,,,,,,,,,,,,,,,,,
4/3/2024 12:45,0,172,,,,,,,,,,,,,,,,,,
4/3/2024 12:30,0,172,,,,,,,,,,,,,,,,,,
4/3/2024 12:15,0,171,,,,,,,,,,,,,,,,,,
4/3/2024 12:00,0,172,,,,,,,,,,,,,,,,,,
4/3/2024 11:45,0,171,,,,,,,,,,,,,,,,,,
4/3/2024 11:30,0,171,,,,,,,,,,,,,,,,,,
4/3/2024 11:15,0,170,,,,,,,,,,,,,,,,,,
4/3/2024 11:00,0,170,,,,,,,,,,,,,,,,,,
4/3/2024 10:45,0,170,,,,,,,,,,,,,,,,,,
4/3/2024 10:30,0.2,170,,,,,,,,,,,,,,,,,,
4/3/2024 10:15,0,170,,,,,,,,,,,,,,,,,,
4/3/2024 10:00,0,170,,,,,,,,,,,,,,,,,,
4/3/2024 9:45,0,169,,,,,,,,,,,,,,,,,,
4/3/2024 9:30,0,169,,,,,,,,,,,,,,,,,,
4/3/2024 9:15,0,169,,,,,,,,,,,,,,,,,,
4/3/2024 9:00,0,169,,,,,,,,,,,,,,,,,,
4/3/2024 8:45,0,169,,,,,,,,,,,,,,,,,,
4/3/2024 8:30,0,168,,,,,,,,,,,,,,,,,,
4/3/2024 8:15,0,168,,,,,,,,,,,,,,,,,,
4/3/2024 8:00,0,168,,,,,,,,,,,,,,,,,,
4/3/2024 7:45,0,168,,,,,,,,,,,,,,,,,,
4/3/2024 7:30,0.2,167,,,,,,,,,,,,,,,,,,
4/3/2024 7:15,0,167,,,,,,,,,,,,,,,,,,
4/3/2024 7:00,0,167,,,,,,,,,,,,,,,,,,
4/3/2024 6:45,0,167,,,,,,,,,,,,,,,,,,
4/3/2024 6:30,0,166,,,,,,,,,,,,,,,,,,
4/3/2024 6:15,0,166,,,,,,,,,,,,,,,,,,
4/3/2024 6:00,0,166,,,,,,,,,,,,,,,,,,
4/3/2024 5:45,0,165,,,,,,,,,,,,,,,,,,
4/3/2024 5:30,0,165,,,,,,,,,,,,,,,,,,
4/3/2024 5:15,0,165,,,,,,,,,,,,,,,,,,
4/3/2024 5:00,0,165,,,,,,,,,,,,,,,,,,
4/3/2024 4:45,0,165,,,,,,,,,,,,,,,,,,
4/3/2024 4:30,0.2,164,,,,,,,,,,,,,,,,,,
4/3/2024 4:15,0,164,,,,,,,,,,,,,,,,,,
4/3/2024 4:00,0.4,163,,,,,,,,,,,,,,,,,,
4/3/2024 3:45,0,163,,,,,,,,,,,,,,,,,,
4/3/2024 3:30,0,163,,,,,,,,,,,,,,,,,,
4/3/2024 3:15,0,162,,,,,,,,,,,,,,,,,,
4/3/2024 3:00,0,162,,,,,,,,,,,,,,,,,,
4/3/2024 2:45,0,162,,,,,,,,,,,,,,,,,,
4/3/2024 2:30,0,162,,,,,,,,,,,,,,,,,,
4/3/2024 2:15,0,161,,,,,,,,,,,,,,,,,,
4/3/2024 2:00,0,161,,,,,,,,,,,,,,,,,,
4/3/2024 1:45,0,161,,,,,,,,,,,,,,,,,,
4/3/2024 1:30,0,161,,,,,,,,,,,,,,,,,,
4/3/2024 1:15,0,160,,,,,,,,,,,,,,,,,,
4/3/2024 1:00,0,160,,,,,,,,,,,,,,,,,,
4/3/2024 0:45,0,160,,,,,,,,,,,,,,,,,,
4/3/2024 0:30,0,160,,,,,,,,,,,,,,,,,,
4/3/2024 0:15,0,160,,,,,,,,,,,,,,,,,,
4/3/2024 0:00,0,160,,,,,,,,,,,,,,,,,,
3/3/2024 23:45,0,160,,,,,,,,,,,,,,,,,,
3/3/2024 23:30,0,160,,,,,,,,,,,,,,,,,,
3/3/2024 23:15,0,160,,,,,,,,,,,,,,,,,,
3/3/2024 23:00,0,160,,,,,,,,,,,,,,,,,,
3/3/2024 22:45,0,160,,,,,,,,,,,,,,,,,,
3/3/2024 22:30,0,160,,,,,,,,,,,,,,,,,,
3/3/2024 22:15,0,160,,,,,,,,,,,,,,,,,,
3/3/2024 22:00,0,161,,,,,,,,,,,,,,,,,,
3/3/2024 21:45,0.2,160,,,,,,,,,,,,,,,,,,
3/3/2024 21:30,0,160,,,,,,,,,,,,,,,,,,
3/3/2024 21:15,0,161,,,,,,,,,,,,,,,,,,
3/3/2024 21:00,0,161,,,,,,,,,,,,,,,,,,
3/3/2024 20:45,0,161,,,,,,,,,,,,,,,,,,
3/3/2024 20:30,0,161,,,,,,,,,,,,,,,,,,
3/3/2024 20:15,0,161,,,,,,,,,,,,,,,,,,
3/3/2024 20:00,0,161,,,,,,,,,,,,,,,,,,
3/3/2024 19:45,0,161,,,,,,,,,,,,,,,,,,
3/3/2024 19:30,0,161,,,,,,,,,,,,,,,,,,
3/3/2024 19:15,0,162,,,,,,,,,,,,,,,,,,
3/3/2024 19:00,0,162,,,,,,,,,,,,,,,,,,
3/3/2024 18:45,0,162,,,,,,,,,,,,,,,,,,
3/3/2024 18:30,0,162,,,,,,,,,,,,,,,,,,
3/3/2024 18:15,0,162,,,,,,,,,,,,,,,,,,
3/3/2024 18:00,0,162,,,,,,,,,,,,,,,,,,
3/3/2024 17:45,0,163,,,,,,,,,,,,,,,,,,
3/3/2024 17:30,0,162,,,,,,,,,,,,,,,,,,
3/3/2024 17:15,0,163,,,,,,,,,,,,,,,,,,
3/3/2024 17:00,0,163,,,,,,,,,,,,,,,,,,
3/3/2024 16:45,0,163,,,,,,,,,,,,,,,,,,
3/3/2024 16:30,0,163,,,,,,,,,,,,,,,,,,
3/3/2024 16:15,0,164,,,,,,,,,,,,,,,,,,
3/3/2024 16:00,0,163,,,,,,,,,,,,,,,,,,
3/3/2024 15:45,0,163,,,,,,,,,,,,,,,,,,
3/3/2024 15:30,0,164,,,,,,,,,,,,,,,,,,
3/3/2024 15:15,0,164,,,,,,,,,,,,,,,,,,
3/3/2024 15:00,0,164,,,,,,,,,,,,,,,,,,
3/3/2024 14:45,0,164,,,,,,,,,,,,,,,,,,
3/3/2024 14:30,0,164,,,,,,,,,,,,,,,,,,
3/3/2024 14:15,0,164,,,,,,,,,,,,,,,,,,
3/3/2024 14:00,0,164,,,,,,,,,,,,,,,,,,
3/3/2024 13:45,0,164,,,,,,,,,,,,,,,,,,
3/3/2024 13:30,0,164,,,,,,,,,,,,,,,,,,
3/3/2024 13:15,0,164,,,,,,,,,,,,,,,,,,
3/3/2024 13:00,0,164,,,,,,,,,,,,,,,,,,
3/3/2024 12:45,0,164,,,,,,,,,,,,,,,,,,
3/3/2024 12:30,0,164,,,,,,,,,,,,,,,,,,
3/3/2024 12:15,0,164,,,,,,,,,,,,,,,,,,
3/3/2024 12:00,0,164,,,,,,,,,,,,,,,,,,
3/3/2024 11:45,0,164,,,,,,,,,,,,,,,,,,
3/3/2024 11:30,0,164,,,,,,,,,,,,,,,,,,
3/3/2024 11:15,0,164,,,,,,,,,,,,,,,,,,
3/3/2024 11:00,0,164,,,,,,,,,,,,,,,,,,
3/3/2024 10:45,0,164,,,,,,,,,,,,,,,,,,
3/3/2024 10:30,0,163,,,,,,,,,,,,,,,,,,
3/3/2024 10:15,0,163,,,,,,,,,,,,,,,,,,
3/3/2024 10:00,0,163,,,,,,,,,,,,,,,,,,
3/3/2024 9:45,0,163,,,,,,,,,,,,,,,,,,
3/3/2024 9:30,0,163,,,,,,,,,,,,,,,,,,
3/3/2024 9:15,0,164,,,,,,,,,,,,,,,,,,
3/3/2024 9:00,0,163,,,,,,,,,,,,,,,,,,
3/3/2024 8:45,0,163,,,,,,,,,,,,,,,,,,
3/3/2024 8:30,0,163,,,,,,,,,,,,,,,,,,
3/3/2024 8:15,0,163,,,,,,,,,,,,,,,,,,
3/3/2024 8:00,0,163,,,,,,,,,,,,,,,,,,
3/3/2024 7:45,0,163,,,,,,,,,,,,,,,,,,
3/3/2024 7:30,0,163,,,,,,,,,,,,,,,,,,
3/3/2024 7:15,0,163,,,,,,,,,,,,,,,,,,
3/3/2024 7:00,0,162,,,,,,,,,,,,,,,,,,
3/3/2024 6:45,0,162,,,,,,,,,,,,,,,,,,
3/3/2024 6:30,0,163,,,,,,,,,,,,,,,,,,
3/3/2024 6:15,0,162,,,,,,,,,,,,,,,,,,
3/3/2024 6:00,0,162,,,,,,,,,,,,,,,,,,
3/3/2024 5:45,0,162,,,,,,,,,,,,,,,,,,
3/3/2024 5:30,0,162,,,,,,,,,,,,,,,,,,
3/3/2024 5:15,0,162,,,,,,,,,,,,,,,,,,
3/3/2024 5:00,0,162,,,,,,,,,,,,,,,,,,
3/3/2024 4:45,0,162,,,,,,,,,,,,,,,,,,
3/3/2024 4:30,0,162,,,,,,,,,,,,,,,,,,
3/3/2024 4:15,0,162,,,,,,,,,,,,,,,,,,
3/3/2024 4:00,0,162,,,,,,,,,,,,,,,,,,
3/3/2024 3:45,0,162,,,,,,,,,,,,,,,,,,
3/3/2024 3:30,0,162,,,,,,,,,,,,,,,,,,
3/3/2024 3:15,0,162,,,,,,,,,,,,,,,,,,
3/3/2024 3:00,0,162,,,,,,,,,,,,,,,,,,
3/3/2024 2:45,0,161,,,,,,,,,,,,,,,,,,
3/3/2024 2:30,0,161,,,,,,,,,,,,,,,,,,
3/3/2024 2:15,0,162,,,,,,,,,,,,,,,,,,
3/3/2024 2:00,0,162,,,,,,,,,,,,,,,,,,
3/3/2024 1:45,0,162,,,,,,,,,,,,,,,,,,
3/3/2024 1:30,0,161,,,,,,,,,,,,,,,,,,
3/3/2024 1:15,0,162,,,,,,,,,,,,,,,,,,
3/3/2024 1:00,0,162,,,,,,,,,,,,,,,,,,
3/3/2024 0:45,0,162,,,,,,,,,,,,,,,,,,
3/3/2024 0:30,0,162,,,,,,,,,,,,,,,,,,
3/3/2024 0:15,0,163,,,,,,,,,,,,,,,,,,
3/3/2024 0:00,0,162,,,,,,,,,,,,,,,,,,
2/3/2024 23:45,0,162,,,,,,,,,,,,,,,,,,
2/3/2024 23:30,0,162,,,,,,,,,,,,,,,,,,
2/3/2024 23:15,0,163,,,,,,,,,,,,,,,,,,
2/3/2024 23:00,0,163,,,,,,,,,,,,,,,,,,
2/3/2024 22:45,0,163,,,,,,,,,,,,,,,,,,
2/3/2024 22:30,0,163,,,,,,,,,,,,,,,,,,
2/3/2024 22:15,0,163,,,,,,,,,,,,,,,,,,
2/3/2024 22:00,0,163,,,,,,,,,,,,,,,,,,
2/3/2024 21:45,0,164,,,,,,,,,,,,,,,,,,
2/3/2024 21:30,0,164,,,,,,,,,,,,,,,,,,
2/3/2024 21:15,0,164,,,,,,,,,,,,,,,,,,
2/3/2024 21:00,0,164,,,,,,,,,,,,,,,,,,
2/3/2024 20:45,0,164,,,,,,,,,,,,,,,,,,
2/3/2024 20:30,0,164,,,,,,,,,,,,,,,,,,
2/3/2024 20:15,0,164,,,,,,,,,,,,,,,,,,
2/3/2024 20:00,0,164,,,,,,,,,,,,,,,,,,
2/3/2024 19:45,0,164,,,,,,,,,,,,,,,,,,
2/3/2024 19:30,0,165,,,,,,,,,,,,,,,,,,
2/3/2024 19:15,0,165,,,,,,,,,,,,,,,,,,
2/3/2024 19:00,0,165,,,,,,,,,,,,,,,,,,
2/3/2024 18:45,0,165,,,,,,,,,,,,,,,,,,
2/3/2024 18:30,0,165,,,,,,,,,,,,,,,,,,
2/3/2024 18:15,0,166,,,,,,,,,,,,,,,,,,
2/3/2024 18:00,0,166,,,,,,,,,,,,,,,,,,
2/3/2024 17:45,0,165,,,,,,,,,,,,,,,,,,
2/3/2024 17:30,0,166,,,,,,,,,,,,,,,,,,
2/3/2024 17:15,0,166,,,,,,,,,,,,,,,,,,
2/3/2024 17:00,0,165,,,,,,,,,,,,,,,,,,
2/3/2024 16:45,0,166,,,,,,,,,,,,,,,,,,
2/3/2024 16:30,0,166,,,,,,,,,,,,,,,,,,
2/3/2024 16:15,0,166,,,,,,,,,,,,,,,,,,
2/3/2024 16:00,0,167,,,,,,,,,,,,,,,,,,
2/3/2024 15:45,0,167,,,,,,,,,,,,,,,,,,
2/3/2024 15:30,0,167,,,,,,,,,,,,,,,,,,
2/3/2024 15:15,0,167,,,,,,,,,,,,,,,,,,
2/3/2024 15:00,0,166,,,,,,,,,,,,,,,,,,
2/3/2024 14:45,0,167,,,,,,,,,,,,,,,,,,
2/3/2024 14:30,0,168,,,,,,,,,,,,,,,,,,
2/3/2024 14:15,0,167,,,,,,,,,,,,,,,,,,
2/3/2024 14:00,0,167,,,,,,,,,,,,,,,,,,
2/3/2024 13:45,0,168,,,,,,,,,,,,,,,,,,
2/3/2024 13:30,0,168,,,,,,,,,,,,,,,,,,
2/3/2024 13:15,0,168,,,,,,,,,,,,,,,,,,
2/3/2024 13:00,0,168,,,,,,,,,,,,,,,,,,
2/3/2024 12:45,0,168,,,,,,,,,,,,,,,,,,
2/3/2024 12:30,0,168,,,,,,,,,,,,,,,,,,
2/3/2024 12:15,0,168,,,,,,,,,,,,,,,,,,
2/3/2024 12:00,0,168,,,,,,,,,,,,,,,,,,
2/3/2024 11:45,0,168,,,,,,,,,,,,,,,,,,
2/3/2024 11:30,0,168,,,,,,,,,,,,,,,,,,
2/3/2024 11:15,0,168,,,,,,,,,,,,,,,,,,
2/3/2024 11:00,0,167,,,,,,,,,,,,,,,,,,
2/3/2024 10:45,0,168,,,,,,,,,,,,,,,,,,
2/3/2024 10:30,0,168,,,,,,,,,,,,,,,,,,
2/3/2024 10:15,0,168,,,,,,,,,,,,,,,,,,
2/3/2024 10:00,0,168,,,,,,,,,,,,,,,,,,
2/3/2024 9:45,0,168,,,,,,,,,,,,,,,,,,
2/3/2024 9:30,0,168,,,,,,,,,,,,,,,,,,
2/3/2024 9:15,0,168,,,,,,,,,,,,,,,,,,
2/3/2024 9:00,0,168,,,,,,,,,,,,,,,,,,
2/3/2024 8:45,0,168,,,,,,,,,,,,,,,,,,
2/3/2024 8:30,0,168,,,,,,,,,,,,,,,,,,
2/3/2024 8:15,0,168,,,,,,,,,,,,,,,,,,
2/3/2024 8:00,0,168,,,,,,,,,,,,,,,,,,
2/3/2024 7:45,0,168,,,,,,,,,,,,,,,,,,
2/3/2024 7:30,0,168,,,,,,,,,,,,,,,,,,
2/3/2024 7:15,0,168,,,,,,,,,,,,,,,,,,
2/3/2024 7:00,0,168,,,,,,,,,,,,,,,,,,
2/3/2024 6:45,0,168,,,,,,,,,,,,,,,,,,
2/3/2024 6:30,0,168,,,,,,,,,,,,,,,,,,
2/3/2024 6:15,0,168,,,,,,,,,,,,,,,,,,
2/3/2024 6:00,0,168,,,,,,,,,,,,,,,,,,
2/3/2024 5:45,0,169,,,,,,,,,,,,,,,,,,
2/3/2024 5:30,0,168,,,,,,,,,,,,,,,,,,
2/3/2024 5:15,0,168,,,,,,,,,,,,,,,,,,
2/3/2024 5:00,0,169,,,,,,,,,,,,,,,,,,
2/3/2024 4:45,0,168,,,,,,,,,,,,,,,,,,
2/3/2024 4:30,0,168,,,,,,,,,,,,,,,,,,
2/3/2024 4:15,0,168,,,,,,,,,,,,,,,,,,
2/3/2024 4:00,0,168,,,,,,,,,,,,,,,,,,
2/3/2024 3:45,0,169,,,,,,,,,,,,,,,,,,
2/3/2024 3:30,0,168,,,,,,,,,,,,,,,,,,
2/3/2024 3:15,0,169,,,,,,,,,,,,,,,,,,
2/3/2024 3:00,0,168,,,,,,,,,,,,,,,,,,
2/3/2024 2:45,0,168,,,,,,,,,,,,,,,,,,
2/3/2024 2:30,0,168,,,,,,,,,,,,,,,,,,
2/3/2024 2:15,0,168,,,,,,,,,,,,,,,,,,
2/3/2024 2:00,0,169,,,,,,,,,,,,,,,,,,
2/3/2024 1:45,0,168,,,,,,,,,,,,,,,,,,
2/3/2024 1:30,0,169,,,,,,,,,,,,,,,,,,
2/3/2024 1:15,0,169,,,,,,,,,,,,,,,,,,
2/3/2024 1:00,0,169,,,,,,,,,,,,,,,,,,
2/3/2024 0:45,0,169,,,,,,,,,,,,,,,,,,
2/3/2024 0:30,0,169,,,,,,,,,,,,,,,,,,
2/3/2024 0:15,0,169,,,,,,,,,,,,,,,,,,
2/3/2024 0:00,0,170,,,,,,,,,,,,,,,,,,
1/3/2024 23:45,0,170,,,,,,,,,,,,,,,,,,
1/3/2024 23:30,0,170,,,,,,,,,,,,,,,,,,
1/3/2024 23:15,0,170,,,,,,,,,,,,,,,,,,
1/3/2024 23:00,0,170,,,,,,,,,,,,,,,,,,
1/3/2024 22:45,0,170,,,,,,,,,,,,,,,,,,
1/3/2024 22:30,0,171,,,,,,,,,,,,,,,,,,
1/3/2024 22:15,0,171,,,,,,,,,,,,,,,,,,
1/3/2024 22:00,0,171,,,,,,,,,,,,,,,,,,
1/3/2024 21:45,0,171,,,,,,,,,,,,,,,,,,
1/3/2024 21:30,0,171,,,,,,,,,,,,,,,,,,
1/3/2024 21:15,0,172,,,,,,,,,,,,,,,,,,
1/3/2024 21:00,0,172,,,,,,,,,,,,,,,,,,
1/3/2024 20:45,0,172,,,,,,,,,,,,,,,,,,
1/3/2024 20:30,0,172,,,,,,,,,,,,,,,,,,
1/3/2024 20:15,0,172,,,,,,,,,,,,,,,,,,
1/3/2024 20:00,0,172,,,,,,,,,,,,,,,,,,
1/3/2024 19:45,0,173,,,,,,,,,,,,,,,,,,
1/3/2024 19:30,0,173,,,,,,,,,,,,,,,,,,
1/3/2024 19:15,0,173,,,,,,,,,,,,,,,,,,
1/3/2024 19:00,0,173,,,,,,,,,,,,,,,,,,
1/3/2024 18:45,0,173,,,,,,,,,,,,,,,,,,
1/3/2024 18:30,0,174,,,,,,,,,,,,,,,,,,
1/3/2024 18:15,0,174,,,,,,,,,,,,,,,,,,
1/3/2024 18:00,0,173,,,,,,,,,,,,,,,,,,
1/3/2024 17:45,0,174,,,,,,,,,,,,,,,,,,
1/3/2024 17:30,0,174,,,,,,,,,,,,,,,,,,
1/3/2024 17:15,0,174,,,,,,,,,,,,,,,,,,
1/3/2024 17:00,0,174,,,,,,,,,,,,,,,,,,
1/3/2024 16:45,0,174,,,,,,,,,,,,,,,,,,
1/3/2024 16:30,0,175,,,,,,,,,,,,,,,,,,
1/3/2024 16:15,0,174,,,,,,,,,,,,,,,,,,
1/3/2024 16:00,0,175,,,,,,,,,,,,,,,,,,
1/3/2024 15:45,0,176,,,,,,,,,,,,,,,,,,
1/3/2024 15:30,0,176,,,,,,,,,,,,,,,,,,
1/3/2024 15:15,0,176,,,,,,,,,,,,,,,,,,
1/3/2024 15:00,0,175,,,,,,,,,,,,,,,,,,
1/3/2024 14:45,0,176,,,,,,,,,,,,,,,,,,
1/3/2024 14:30,0,176,,,,,,,,,,,,,,,,,,
1/3/2024 14:15,0,177,,,,,,,,,,,,,,,,,,
1/3/2024 14:00,0,176,,,,,,,,,,,,,,,,,,
1/3/2024 13:45,0,177,,,,,,,,,,,,,,,,,,
1/3/2024 13:30,0,177,,,,,,,,,,,,,,,,,,
1/3/2024 13:15,0,177,,,,,,,,,,,,,,,,,,
1/3/2024 13:00,0,177,,,,,,,,,,,,,,,,,,
1/3/2024 12:45,0,177,,,,,,,,,,,,,,,,,,
1/3/2024 12:30,0,177,,,,,,,,,,,,,,,,,,
1/3/2024 12:15,0,178,,,,,,,,,,,,,,,,,,
1/3/2024 12:00,0,178,,,,,,,,,,,,,,,,,,
1/3/2024 11:45,0,178,,,,,,,,,,,,,,,,,,
1/3/2024 11:30,0,177,,,,,,,,,,,,,,,,,,
1/3/2024 11:15,0,178,,,,,,,,,,,,,,,,,,
1/3/2024 11:00,0,178,,,,,,,,,,,,,,,,,,
1/3/2024 10:45,0,178,,,,,,,,,,,,,,,,,,
1/3/2024 10:30,0,178,,,,,,,,,,,,,,,,,,
1/3/2024 10:15,0,178,,,,,,,,,,,,,,,,,,
1/3/2024 10:00,0,178,,,,,,,,,,,,,,,,,,
1/3/2024 9:45,0,178,,,,,,,,,,,,,,,,,,
1/3/2024 9:30,0,178,,,,,,,,,,,,,,,,,,
1/3/2024 9:15,0,178,,,,,,,,,,,,,,,,,,
1/3/2024 9:00,0,178,,,,,,,,,,,,,,,,,,
1/3/2024 8:45,0,178,,,,,,,,,,,,,,,,,,
1/3/2024 8:30,0,179,,,,,,,,,,,,,,,,,,
1/3/2024 8:15,0,178,,,,,,,,,,,,,,,,,,
1/3/2024 8:00,0,178,,,,,,,,,,,,,,,,,,
1/3/2024 7:45,0,178,,,,,,,,,,,,,,,,,,
1/3/2024 7:30,0,178,,,,,,,,,,,,,,,,,,
1/3/2024 7:15,0,178,,,,,,,,,,,,,,,,,,
1/3/2024 7:00,0,179,,,,,,,,,,,,,,,,,,
1/3/2024 6:45,0,178,,,,,,,,,,,,,,,,,,
1/3/2024 6:30,0,178,,,,,,,,,,,,,,,,,,
1/3/2024 6:15,0,178,,,,,,,,,,,,,,,,,,
1/3/2024 6:00,0,178,,,,,,,,,,,,,,,,,,
1/3/2024 5:45,0,178,,,,,,,,,,,,,,,,,,
1/3/2024 5:30,0,179,,,,,,,,,,,,,,,,,,
1/3/2024 5:15,0,178,,,,,,,,,,,,,,,,,,
1/3/2024 5:00,0,178,,,,,,,,,,,,,,,,,,
1/3/2024 4:45,0,178,,,,,,,,,,,,,,,,,,
1/3/2024 4:30,0,179,,,,,,,,,,,,,,,,,,
1/3/2024 4:15,0,178,,,,,,,,,,,,,,,,,,
1/3/2024 4:00,0,178,,,,,,,,,,,,,,,,,,
1/3/2024 3:45,0,178,,,,,,,,,,,,,,,,,,
1/3/2024 3:30,0,178,,,,,,,,,,,,,,,,,,
1/3/2024 3:15,0,178,,,,,,,,,,,,,,,,,,
1/3/2024 3:00,0,178,,,,,,,,,,,,,,,,,,
1/3/2024 2:45,0,178,,,,,,,,,,,,,,,,,,
1/3/2024 2:30,0,178,,,,,,,,,,,,,,,,,,
1/3/2024 2:15,0,178,,,,,,,,,,,,,,,,,,
1/3/2024 2:00,0,178,,,,,,,,,,,,,,,,,,
1/3/2024 1:45,0,178,,,,,,,,,,,,,,,,,,
1/3/2024 1:30,0,178,,,,,,,,,,,,,,,,,,
1/3/2024 1:15,0,179,,,,,,,,,,,,,,,,,,
1/3/2024 1:00,0,179,,,,,,,,,,,,,,,,,,
1/3/2024 0:45,0,179,,,,,,,,,,,,,,,,,,
1/3/2024 0:30,0,179,,,,,,,,,,,,,,,,,,
1/3/2024 0:15,0,178,,,,,,,,,,,,,,,,,,
1/3/2024 0:00,0,178,,,,,,,,,,,,,,,,,,
29/02/2024 23:45:00,0,179,,,,,,,,,,,,,,,,,,
29/02/2024 23:30:00,0,178,,,,,,,,,,,,,,,,,,
29/02/2024 23:15:00,0,180,,,,,,,,,,,,,,,,,,
29/02/2024 23:00:00,0,179,,,,,,,,,,,,,,,,,,
29/02/2024 22:45:00,0,180,,,,,,,,,,,,,,,,,,
29/02/2024 22:30:00,0,179,,,,,,,,,,,,,,,,,,
29/02/2024 22:15:00,0,180,,,,,,,,,,,,,,,,,,
29/02/2024 22:00:00,0,180,,,,,,,,,,,,,,,,,,
29/02/2024 21:45:00,0,180,,,,,,,,,,,,,,,,,,
29/02/2024 21:30:00,0,180,,,,,,,,,,,,,,,,,,
29/02/2024 21:15:00,0,180,,,,,,,,,,,,,,,,,,
29/02/2024 21:00:00,0,180,,,,,,,,,,,,,,,,,,
29/02/2024 20:45:00,0,181,,,,,,,,,,,,,,,,,,
29/02/2024 20:30:00,0,180,,,,,,,,,,,,,,,,,,
29/02/2024 20:15:00,0,181,,,,,,,,,,,,,,,,,,
29/02/2024 20:00:00,0,181,,,,,,,,,,,,,,,,,,
29/02/2024 19:45:00,0,181,,,,,,,,,,,,,,,,,,
29/02/2024 19:30:00,0,181,,,,,,,,,,,,,,,,,,
29/02/2024 19:15:00,0,181,,,,,,,,,,,,,,,,,,
29/02/2024 19:00:00,0,182,,,,,,,,,,,,,,,,,,
29/02/2024 18:45:00,0,181,,,,,,,,,,,,,,,,,,
29/02/2024 18:30:00,0,181,,,,,,,,,,,,,,,,,,
29/02/2024 18:15:00,0,181,,,,,,,,,,,,,,,,,,
29/02/2024 18:00:00,0,182,,,,,,,,,,,,,,,,,,
29/02/2024 17:45:00,0,182,,,,,,,,,,,,,,,,,,
29/02/2024 17:30:00,0,182,,,,,,,,,,,,,,,,,,
29/02/2024 17:15:00,0,182,,,,,,,,,,,,,,,,,,
29/02/2024 17:00:00,0,182,,,,,,,,,,,,,,,,,,
29/02/2024 16:45:00,0,182,,,,,,,,,,,,,,,,,,
29/02/2024 16:30:00,0,182,,,,,,,,,,,,,,,,,,
29/02/2024 16:15:00,0,182,,,,,,,,,,,,,,,,,,
29/02/2024 16:00:00,0,182,,,,,,,,,,,,,,,,,,
29/02/2024 15:45:00,0,182,,,,,,,,,,,,,,,,,,
29/02/2024 15:30:00,0,182,,,,,,,,,,,,,,,,,,
29/02/2024 15:15:00,0,182,,,,,,,,,,,,,,,,,,
29/02/2024 15:00:00,0,182,,,,,,,,,,,,,,,,,,
29/02/2024 14:45:00,0,182,,,,,,,,,,,,,,,,,,
29/02/2024 14:30:00,0,182,,,,,,,,,,,,,,,,,,
29/02/2024 14:15:00,0,182,,,,,,,,,,,,,,,,,,
29/02/2024 14:00:00,0,182,,,,,,,,,,,,,,,,,,
29/02/2024 13:45:00,0,182,,,,,,,,,,,,,,,,,,
29/02/2024 13:30:00,0,182,,,,,,,,,,,,,,,,,,
29/02/2024 13:15:00,0,182,,,,,,,,,,,,,,,,,,
29/02/2024 13:00:00,0,182,,,,,,,,,,,,,,,,,,
29/02/2024 12:45:00,0,182,,,,,,,,,,,,,,,,,,
29/02/2024 12:30:00,0,182,,,,,,,,,,,,,,,,,,
29/02/2024 12:15:00,0,182,,,,,,,,,,,,,,,,,,
29/02/2024 12:00:00,0,182,,,,,,,,,,,,,,,,,,
29/02/2024 11:45:00,0,182,,,,,,,,,,,,,,,,,,
29/02/2024 11:30:00,0,181,,,,,,,,,,,,,,,,,,
29/02/2024 11:15:00,0,181,,,,,,,,,,,,,,,,,,
29/02/2024 11:00:00,0,181,,,,,,,,,,,,,,,,,,
29/02/2024 10:45:00,0,181,,,,,,,,,,,,,,,,,,
29/02/2024 10:30:00,0,180,,,,,,,,,,,,,,,,,,
29/02/2024 10:15:00,0,180,,,,,,,,,,,,,,,,,,
29/02/2024 10:00:00,0,180,,,,,,,,,,,,,,,,,,
29/02/2024 09:45:00,0,180,,,,,,,,,,,,,,,,,,
29/02/2024 09:30:00,0,179,,,,,,,,,,,,,,,,,,
29/02/2024 09:15:00,0,179,,,,,,,,,,,,,,,,,,
29/02/2024 09:00:00,0,179,,,,,,,,,,,,,,,,,,
29/02/2024 08:45:00,0,179,,,,,,,,,,,,,,,,,,
29/02/2024 08:30:00,0,179,,,,,,,,,,,,,,,,,,
29/02/2024 08:15:00,0,179,,,,,,,,,,,,,,,,,,
29/02/2024 08:00:00,0,178,,,,,,,,,,,,,,,,,,
29/02/2024 07:45:00,0,178,,,,,,,,,,,,,,,,,,
29/02/2024 07:30:00,0,178,,,,,,,,,,,,,,,,,,
29/02/2024 07:15:00,0,178,,,,,,,,,,,,,,,,,,
29/02/2024 07:00:00,0,178,,,,,,,,,,,,,,,,,,
29/02/2024 06:45:00,0,178,,,,,,,,,,,,,,,,,,
29/02/2024 06:30:00,0,177,,,,,,,,,,,,,,,,,,
29/02/2024 06:15:00,0,177,,,,,,,,,,,,,,,,,,
29/02/2024 06:00:00,0,177,,,,,,,,,,,,,,,,,,
29/02/2024 05:45:00,0,177,,,,,,,,,,,,,,,,,,
29/02/2024 05:30:00,0,177,,,,,,,,,,,,,,,,,,
29/02/2024 05:15:00,0,176,,,,,,,,,,,,,,,,,,
29/02/2024 05:00:00,0,176,,,,,,,,,,,,,,,,,,
29/02/2024 04:45:00,0,176,,,,,,,,,,,,,,,,,,
29/02/2024 04:30:00,0,176,,,,,,,,,,,,,,,,,,
29/02/2024 04:15:00,0,176,,,,,,,,,,,,,,,,,,
29/02/2024 04:00:00,0,175,,,,,,,,,,,,,,,,,,
29/02/2024 03:45:00,0,175,,,,,,,,,,,,,,,,,,
29/02/2024 03:30:00,0,175,,,,,,,,,,,,,,,,,,
29/02/2024 03:15:00,0,175,,,,,,,,,,,,,,,,,,
29/02/2024 03:00:00,0,174,,,,,,,,,,,,,,,,,,
29/02/2024 02:45:00,0,174,,,,,,,,,,,,,,,,,,
29/02/2024 02:30:00,0,174,,,,,,,,,,,,,,,,,,
29/02/2024 02:15:00,0,174,,,,,,,,,,,,,,,,,,
29/02/2024 02:00:00,0,174,,,,,,,,,,,,,,,,,,
29/02/2024 01:45:00,0,174,,,,,,,,,,,,,,,,,,
29/02/2024 01:30:00,0,174,,,,,,,,,,,,,,,,,,
29/02/2024 01:15:00,0,173,,,,,,,,,,,,,,,,,,
29/02/2024 01:00:00,0,174,,,,,,,,,,,,,,,,,,
29/02/2024 00:45:00,0,174,,,,,,,,,,,,,,,,,,
29/02/2024 00:30:00,0,173,,,,,,,,,,,,,,,,,,
29/02/2024 00:15:00,0,174,,,,,,,,,,,,,,,,,,
29/02/2024 00:00:00,0,174,,,,,,,,,,,,,,,,,,
28/02/2024 23:45:00,0,173,,,,,,,,,,,,,,,,,,
28/02/2024 23:30:00,0,173,,,,,,,,,,,,,,,,,,
28/02/2024 23:15:00,0,174,,,,,,,,,,,,,,,,,,
28/02/2024 23:00:00,0,173,,,,,,,,,,,,,,,,,,
28/02/2024 22:45:00,0,173,,,,,,,,,,,,,,,,,,
28/02/2024 22:30:00,0,173,,,,,,,,,,,,,,,,,,
28/02/2024 22:15:00,0,173,,,,,,,,,,,,,,,,,,
28/02/2024 22:00:00,0,173,,,,,,,,,,,,,,,,,,
28/02/2024 21:45:00,0,173,,,,,,,,,,,,,,,,,,
28/02/2024 21:30:00,0,173,,,,,,,,,,,,,,,,,,
28/02/2024 21:15:00,0,173,,,,,,,,,,,,,,,,,,
28/02/2024 21:00:00,0,173,,,,,,,,,,,,,,,,,,
28/02/2024 20:45:00,0,173,,,,,,,,,,,,,,,,,,
28/02/2024 20:30:00,0,174,,,,,,,,,,,,,,,,,,
28/02/2024 20:15:00,0,173,,,,,,,,,,,,,,,,,,
28/02/2024 20:00:00,0,173,,,,,,,,,,,,,,,,,,
28/02/2024 19:45:00,0,173,,,,,,,,,,,,,,,,,,
28/02/2024 19:30:00,0,173,,,,,,,,,,,,,,,,,,
28/02/2024 19:15:00,0,173,,,,,,,,,,,,,,,,,,
28/02/2024 19:00:00,0,174,,,,,,,,,,,,,,,,,,
28/02/2024 18:45:00,0,173,,,,,,,,,,,,,,,,,,
28/02/2024 18:30:00,0,174,,,,,,,,,,,,,,,,,,
28/02/2024 18:15:00,0,174,,,,,,,,,,,,,,,,,,
28/02/2024 18:00:00,0,174,,,,,,,,,,,,,,,,,,
28/02/2024 17:45:00,0,174,,,,,,,,,,,,,,,,,,
28/02/2024 17:30:00,0,173,,,,,,,,,,,,,,,,,,
28/02/2024 17:15:00,0,174,,,,,,,,,,,,,,,,,,
28/02/2024 17:00:00,0,174,,,,,,,,,,,,,,,,,,
28/02/2024 16:45:00,0,173,,,,,,,,,,,,,,,,,,
28/02/2024 16:30:00,0,173,,,,,,,,,,,,,,,,,,
28/02/2024 16:15:00,0,173,,,,,,,,,,,,,,,,,,
28/02/2024 16:00:00,0,174,,,,,,,,,,,,,,,,,,
28/02/2024 15:45:00,0,174,,,,,,,,,,,,,,,,,,
28/02/2024 15:30:00,0,173,,,,,,,,,,,,,,,,,,
28/02/2024 15:15:00,0,174,,,,,,,,,,,,,,,,,,
28/02/2024 15:00:00,0,174,,,,,,,,,,,,,,,,,,
28/02/2024 14:45:00,0,174,,,,,,,,,,,,,,,,,,
28/02/2024 14:30:00,0,174,,,,,,,,,,,,,,,,,,
28/02/2024 14:15:00,0,174,,,,,,,,,,,,,,,,,,
28/02/2024 14:00:00,0,174,,,,,,,,,,,,,,,,,,
28/02/2024 13:45:00,0,174,,,,,,,,,,,,,,,,,,
28/02/2024 13:30:00,0,174,,,,,,,,,,,,,,,,,,
28/02/2024 13:15:00,0,174,,,,,,,,,,,,,,,,,,
28/02/2024 13:00:00,0,174,,,,,,,,,,,,,,,,,,
28/02/2024 12:45:00,0,174,,,,,,,,,,,,,,,,,,
28/02/2024 12:30:00,0,174,,,,,,,,,,,,,,,,,,
28/02/2024 12:15:00,0,174,,,,,,,,,,,,,,,,,,
28/02/2024 12:00:00,0,174,,,,,,,,,,,,,,,,,,
28/02/2024 11:45:00,0,174,,,,,,,,,,,,,,,,,,
28/02/2024 11:30:00,0,174,,,,,,,,,,,,,,,,,,
28/02/2024 11:15:00,0,174,,,,,,,,,,,,,,,,,,
28/02/2024 11:00:00,0,173,,,,,,,,,,,,,,,,,,
28/02/2024 10:45:00,0,173,,,,,,,,,,,,,,,,,,
28/02/2024 10:30:00,0,173,,,,,,,,,,,,,,,,,,
28/02/2024 10:15:00,0,173,,,,,,,,,,,,,,,,,,
28/02/2024 10:00:00,0,173,,,,,,,,,,,,,,,,,,
28/02/2024 09:45:00,0,173,,,,,,,,,,,,,,,,,,
28/02/2024 09:30:00,0,173,,,,,,,,,,,,,,,,,,
28/02/2024 09:15:00,0,173,,,,,,,,,,,,,,,,,,
28/02/2024 09:00:00,0,173,,,,,,,,,,,,,,,,,,
28/02/2024 08:45:00,0,173,,,,,,,,,,,,,,,,,,
28/02/2024 08:30:00,0,173,,,,,,,,,,,,,,,,,,
28/02/2024 08:15:00,0,172,,,,,,,,,,,,,,,,,,
28/02/2024 08:00:00,0,173,,,,,,,,,,,,,,,,,,
28/02/2024 07:45:00,0,173,,,,,,,,,,,,,,,,,,
28/02/2024 07:30:00,0,172,,,,,,,,,,,,,,,,,,
28/02/2024 07:15:00,0,172,,,,,,,,,,,,,,,,,,
28/02/2024 07:00:00,0,172,,,,,,,,,,,,,,,,,,
28/02/2024 06:45:00,0,172,,,,,,,,,,,,,,,,,,
28/02/2024 06:30:00,0,172,,,,,,,,,,,,,,,,,,
28/02/2024 06:15:00,0,172,,,,,,,,,,,,,,,,,,
28/02/2024 06:00:00,0,172,,,,,,,,,,,,,,,,,,
28/02/2024 05:45:00,0,172,,,,,,,,,,,,,,,,,,
28/02/2024 05:30:00,0,171,,,,,,,,,,,,,,,,,,
28/02/2024 05:15:00,0,171,,,,,,,,,,,,,,,,,,
28/02/2024 05:00:00,0,172,,,,,,,,,,,,,,,,,,
28/02/2024 04:45:00,0,172,,,,,,,,,,,,,,,,,,
28/02/2024 04:30:00,0,172,,,,,,,,,,,,,,,,,,
28/02/2024 04:15:00,0,171,,,,,,,,,,,,,,,,,,
28/02/2024 04:00:00,0,171,,,,,,,,,,,,,,,,,,
28/02/2024 03:45:00,0,171,,,,,,,,,,,,,,,,,,
28/02/2024 03:30:00,0,171,,,,,,,,,,,,,,,,,,
28/02/2024 03:15:00,0,171,,,,,,,,,,,,,,,,,,
28/02/2024 03:00:00,0,171,,,,,,,,,,,,,,,,,,
28/02/2024 02:45:00,0,171,,,,,,,,,,,,,,,,,,
28/02/2024 02:30:00,0,171,,,,,,,,,,,,,,,,,,
28/02/2024 02:15:00,0,171,,,,,,,,,,,,,,,,,,
28/02/2024 02:00:00,0,171,,,,,,,,,,,,,,,,,,
28/02/2024 01:45:00,0,171,,,,,,,,,,,,,,,,,,
28/02/2024 01:30:00,0,171,,,,,,,,,,,,,,,,,,
28/02/2024 01:15:00,0,170,,,,,,,,,,,,,,,,,,
28/02/2024 01:00:00,0,171,,,,,,,,,,,,,,,,,,
28/02/2024 00:45:00,0,171,,,,,,,,,,,,,,,,,,
28/02/2024 00:30:00,0,170,,,,,,,,,,,,,,,,,,
28/02/2024 00:15:00,0,170,,,,,,,,,,,,,,,,,,
28/02/2024 00:00:00,0,170,,,,,,,,,,,,,,,,,,
27/02/2024 23:45:00,0,171,,,,,,,,,,,,,,,,,,
27/02/2024 23:30:00,0,170,,,,,,,,,,,,,,,,,,
27/02/2024 23:15:00,0,171,,,,,,,,,,,,,,,,,,
27/02/2024 23:00:00,0,171,,,,,,,,,,,,,,,,,,
27/02/2024 22:45:00,0,171,,,,,,,,,,,,,,,,,,
27/02/2024 22:30:00,0,171,,,,,,,,,,,,,,,,,,
27/02/2024 22:15:00,0,171,,,,,,,,,,,,,,,,,,
27/02/2024 22:00:00,0,170,,,,,,,,,,,,,,,,,,
27/02/2024 21:45:00,0,171,,,,,,,,,,,,,,,,,,
27/02/2024 21:30:00,0,171,,,,,,,,,,,,,,,,,,
27/02/2024 21:15:00,0,171,,,,,,,,,,,,,,,,,,
27/02/2024 21:00:00,0,171,,,,,,,,,,,,,,,,,,
27/02/2024 20:45:00,0,171,,,,,,,,,,,,,,,,,,
27/02/2024 20:30:00,0,171,,,,,,,,,,,,,,,,,,
27/02/2024 20:15:00,0,172,,,,,,,,,,,,,,,,,,
27/02/2024 20:00:00,0,171,,,,,,,,,,,,,,,,,,
27/02/2024 19:45:00,0,172,,,,,,,,,,,,,,,,,,
27/02/2024 19:30:00,0,172,,,,,,,,,,,,,,,,,,
27/02/2024 19:15:00,0,172,,,,,,,,,,,,,,,,,,
27/02/2024 19:00:00,0,172,,,,,,,,,,,,,,,,,,
27/02/2024 18:45:00,0,172,,,,,,,,,,,,,,,,,,
27/02/2024 18:30:00,0,172,,,,,,,,,,,,,,,,,,
27/02/2024 18:15:00,0,173,,,,,,,,,,,,,,,,,,
27/02/2024 18:00:00,0,173,,,,,,,,,,,,,,,,,,
27/02/2024 17:45:00,0,173,,,,,,,,,,,,,,,,,,
27/02/2024 17:30:00,0,172,,,,,,,,,,,,,,,,,,
27/02/2024 17:15:00,0,173,,,,,,,,,,,,,,,,,,
27/02/2024 17:00:00,0,172,,,,,,,,,,,,,,,,,,
27/02/2024 16:45:00,0,173,,,,,,,,,,,,,,,,,,
27/02/2024 16:30:00,0,173,,,,,,,,,,,,,,,,,,
27/02/2024 16:15:00,0,173,,,,,,,,,,,,,,,,,,
27/02/2024 16:00:00,0,173,,,,,,,,,,,,,,,,,,
27/02/2024 15:45:00,0,173,,,,,,,,,,,,,,,,,,
27/02/2024 15:30:00,0,173,,,,,,,,,,,,,,,,,,
27/02/2024 15:15:00,0,173,,,,,,,,,,,,,,,,,,
27/02/2024 15:00:00,0,174,,,,,,,,,,,,,,,,,,
27/02/2024 14:45:00,0,173,,,,,,,,,,,,,,,,,,
27/02/2024 14:30:00,0,174,,,,,,,,,,,,,,,,,,
27/02/2024 14:15:00,0,173,,,,,,,,,,,,,,,,,,
27/02/2024 14:00:00,0,173,,,,,,,,,,,,,,,,,,
27/02/2024 13:45:00,0,173,,,,,,,,,,,,,,,,,,
27/02/2024 13:30:00,0,174,,,,,,,,,,,,,,,,,,
27/02/2024 13:15:00,0,173,,,,,,,,,,,,,,,,,,
27/02/2024 13:00:00,0,174,,,,,,,,,,,,,,,,,,
27/02/2024 12:45:00,0,173,,,,,,,,,,,,,,,,,,
27/02/2024 12:30:00,0,174,,,,,,,,,,,,,,,,,,
27/02/2024 12:15:00,0,173,,,,,,,,,,,,,,,,,,
27/02/2024 12:00:00,0,173,,,,,,,,,,,,,,,,,,
27/02/2024 11:45:00,0,173,,,,,,,,,,,,,,,,,,
27/02/2024 11:30:00,0,173,,,,,,,,,,,,,,,,,,
27/02/2024 11:15:00,0,173,,,,,,,,,,,,,,,,,,
27/02/2024 11:00:00,0,172,,,,,,,,,,,,,,,,,,
27/02/2024 10:45:00,0,172,,,,,,,,,,,,,,,,,,
27/02/2024 10:30:00,0,173,,,,,,,,,,,,,,,,,,
27/02/2024 10:15:00,0,173,,,,,,,,,,,,,,,,,,
27/02/2024 10:00:00,0,172,,,,,,,,,,,,,,,,,,
27/02/2024 09:45:00,0,172,,,,,,,,,,,,,,,,,,
27/02/2024 09:30:00,0,172,,,,,,,,,,,,,,,,,,
27/02/2024 09:15:00,0,172,,,,,,,,,,,,,,,,,,
27/02/2024 09:00:00,0,172,,,,,,,,,,,,,,,,,,
27/02/2024 08:45:00,0,172,,,,,,,,,,,,,,,,,,
27/02/2024 08:30:00,0,172,,,,,,,,,,,,,,,,,,
27/02/2024 08:15:00,0,172,,,,,,,,,,,,,,,,,,
27/02/2024 08:00:00,0,172,,,,,,,,,,,,,,,,,,
27/02/2024 07:45:00,0,171,,,,,,,,,,,,,,,,,,
27/02/2024 07:30:00,0,171,,,,,,,,,,,,,,,,,,
27/02/2024 07:15:00,0,171,,,,,,,,,,,,,,,,,,
27/02/2024 07:00:00,0,170,,,,,,,,,,,,,,,,,,
27/02/2024 06:45:00,0,170,,,,,,,,,,,,,,,,,,
27/02/2024 06:30:00,0,170,,,,,,,,,,,,,,,,,,
27/02/2024 06:15:00,0,170,,,,,,,,,,,,,,,,,,
27/02/2024 06:00:00,0,169,,,,,,,,,,,,,,,,,,
27/02/2024 05:45:00,0,169,,,,,,,,,,,,,,,,,,
27/02/2024 05:30:00,0,169,,,,,,,,,,,,,,,,,,
27/02/2024 05:15:00,0,169,,,,,,,,,,,,,,,,,,
27/02/2024 05:00:00,0,168,,,,,,,,,,,,,,,,,,
27/02/2024 04:45:00,0,168,,,,,,,,,,,,,,,,,,
27/02/2024 04:30:00,0,168,,,,,,,,,,,,,,,,,,
27/02/2024 04:15:00,0,168,,,,,,,,,,,,,,,,,,
27/02/2024 04:00:00,0,167,,,,,,,,,,,,,,,,,,
27/02/2024 03:45:00,0,167,,,,,,,,,,,,,,,,,,
27/02/2024 03:30:00,0,167,,,,,,,,,,,,,,,,,,
27/02/2024 03:15:00,0,167,,,,,,,,,,,,,,,,,,
27/02/2024 03:00:00,0,167,,,,,,,,,,,,,,,,,,
27/02/2024 02:45:00,0,166,,,,,,,,,,,,,,,,,,
27/02/2024 02:30:00,0,166,,,,,,,,,,,,,,,,,,
27/02/2024 02:15:00,0,166,,,,,,,,,,,,,,,,,,
27/02/2024 02:00:00,0,166,,,,,,,,,,,,,,,,,,
27/02/2024 01:45:00,0.2,165,,,,,,,,,,,,,,,,,,
27/02/2024 01:30:00,0.4,165,,,,,,,,,,,,,,,,,,
27/02/2024 01:15:00,0.2,165,,,,,,,,,,,,,,,,,,
27/02/2024 01:00:00,0,165,,,,,,,,,,,,,,,,,,
27/02/2024 00:45:00,0,165,,,,,,,,,,,,,,,,,,
27/02/2024 00:30:00,0,165,,,,,,,,,,,,,,,,,,
27/02/2024 00:15:00,0.2,165,,,,,,,,,,,,,,,,,,
27/02/2024 00:00:00,0,165,,,,,,,,,,,,,,,,,,
26/02/2024 23:45:00,0,165,,,,,,,,,,,,,,,,,,
26/02/2024 23:30:00,0.2,165,,,,,,,,,,,,,,,,,,
26/02/2024 23:15:00,0,165,,,,,,,,,,,,,,,,,,
26/02/2024 23:00:00,0,165,,,,,,,,,,,,,,,,,,
26/02/2024 22:45:00,0.2,165,,,,,,,,,,,,,,,,,,
26/02/2024 22:30:00,0.4,165,,,,,,,,,,,,,,,,,,
26/02/2024 22:15:00,0.2,165,,,,,,,,,,,,,,,,,,
26/02/2024 22:00:00,0.2,165,,,,,,,,,,,,,,,,,,
26/02/2024 21:45:00,0.4,166,,,,,,,,,,,,,,,,,,
26/02/2024 21:30:00,0.2,166,,,,,,,,,,,,,,,,,,
26/02/2024 21:15:00,0.2,166,,,,,,,,,,,,,,,,,,
26/02/2024 21:00:00,0,166,,,,,,,,,,,,,,,,,,
26/02/2024 20:45:00,0,166,,,,,,,,,,,,,,,,,,
26/02/2024 20:30:00,0,166,,,,,,,,,,,,,,,,,,
26/02/2024 20:15:00,0,166,,,,,,,,,,,,,,,,,,
26/02/2024 20:00:00,0,166,,,,,,,,,,,,,,,,,,
26/02/2024 19:45:00,0,166,,,,,,,,,,,,,,,,,,
26/02/2024 19:30:00,0,166,,,,,,,,,,,,,,,,,,
26/02/2024 19:15:00,0,165,,,,,,,,,,,,,,,,,,
26/02/2024 19:00:00,0,165,,,,,,,,,,,,,,,,,,
26/02/2024 18:45:00,0,166,,,,,,,,,,,,,,,,,,
26/02/2024 18:30:00,0,165,,,,,,,,,,,,,,,,,,
26/02/2024 18:15:00,0,165,,,,,,,,,,,,,,,,,,
26/02/2024 18:00:00,0,165,,,,,,,,,,,,,,,,,,
26/02/2024 17:45:00,0,165,,,,,,,,,,,,,,,,,,
26/02/2024 17:30:00,0,164,,,,,,,,,,,,,,,,,,
26/02/2024 17:15:00,0,165,,,,,,,,,,,,,,,,,,
26/02/2024 17:00:00,0,164,,,,,,,,,,,,,,,,,,
26/02/2024 16:45:00,0,165,,,,,,,,,,,,,,,,,,
26/02/2024 16:30:00,0,163,,,,,,,,,,,,,,,,,,
26/02/2024 16:15:00,0,164,,,,,,,,,,,,,,,,,,
26/02/2024 16:00:00,0,165,,,,,,,,,,,,,,,,,,
26/02/2024 15:45:00,0.2,164,,,,,,,,,,,,,,,,,,
26/02/2024 15:30:00,0.6,165,,,,,,,,,,,,,,,,,,
26/02/2024 15:15:00,0.4,165,,,,,,,,,,,,,,,,,,
26/02/2024 15:00:00,0.4,165,,,,,,,,,,,,,,,,,,
26/02/2024 14:45:00,0,165,,,,,,,,,,,,,,,,,,
26/02/2024 14:30:00,0,165,,,,,,,,,,,,,,,,,,
26/02/2024 14:15:00,0,165,,,,,,,,,,,,,,,,,,
26/02/2024 14:00:00,0,165,,,,,,,,,,,,,,,,,,
26/02/2024 13:45:00,0,165,,,,,,,,,,,,,,,,,,
26/02/2024 13:30:00,0,165,,,,,,,,,,,,,,,,,,
26/02/2024 13:15:00,0,165,,,,,,,,,,,,,,,,,,
26/02/2024 13:00:00,0,165,,,,,,,,,,,,,,,,,,
26/02/2024 12:45:00,0,165,,,,,,,,,,,,,,,,,,
26/02/2024 12:30:00,0,165,,,,,,,,,,,,,,,,,,
26/02/2024 12:15:00,0,165,,,,,,,,,,,,,,,,,,
26/02/2024 12:00:00,0,164,,,,,,,,,,,,,,,,,,
26/02/2024 11:45:00,0,165,,,,,,,,,,,,,,,,,,
26/02/2024 11:30:00,0,165,,,,,,,,,,,,,,,,,,
26/02/2024 11:15:00,0,165,,,,,,,,,,,,,,,,,,
26/02/2024 11:00:00,0,165,,,,,,,,,,,,,,,,,,
26/02/2024 10:45:00,0,165,,,,,,,,,,,,,,,,,,
26/02/2024 10:30:00,0,164,,,,,,,,,,,,,,,,,,
26/02/2024 10:15:00,0,165,,,,,,,,,,,,,,,,,,
26/02/2024 10:00:00,0,164,,,,,,,,,,,,,,,,,,
26/02/2024 09:45:00,0,165,,,,,,,,,,,,,,,,,,
26/02/2024 09:30:00,0,164,,,,,,,,,,,,,,,,,,
26/02/2024 09:15:00,0,164,,,,,,,,,,,,,,,,,,
26/02/2024 09:00:00,0,164,,,,,,,,,,,,,,,,,,
26/02/2024 08:45:00,0,164,,,,,,,,,,,,,,,,,,
26/02/2024 08:30:00,0,164,,,,,,,,,,,,,,,,,,
26/02/2024 08:15:00,0,164,,,,,,,,,,,,,,,,,,
26/02/2024 08:00:00,0,164,,,,,,,,,,,,,,,,,,
26/02/2024 07:45:00,0,163,,,,,,,,,,,,,,,,,,
26/02/2024 07:30:00,0,164,,,,,,,,,,,,,,,,,,
26/02/2024 07:15:00,0,164,,,,,,,,,,,,,,,,,,
26/02/2024 07:00:00,0,164,,,,,,,,,,,,,,,,,,
26/02/2024 06:45:00,0,164,,,,,,,,,,,,,,,,,,
26/02/2024 06:30:00,0,164,,,,,,,,,,,,,,,,,,
26/02/2024 06:15:00,0,164,,,,,,,,,,,,,,,,,,
26/02/2024 06:00:00,0,164,,,,,,,,,,,,,,,,,,
26/02/2024 05:45:00,0,164,,,,,,,,,,,,,,,,,,
26/02/2024 05:30:00,0,164,,,,,,,,,,,,,,,,,,
26/02/2024 05:15:00,0,164,,,,,,,,,,,,,,,,,,
26/02/2024 05:00:00,0,164,,,,,,,,,,,,,,,,,,
26/02/2024 04:45:00,0,164,,,,,,,,,,,,,,,,,,
26/02/2024 04:30:00,0,164,,,,,,,,,,,,,,,,,,
26/02/2024 04:15:00,0,164,,,,,,,,,,,,,,,,,,
26/02/2024 04:00:00,0,164,,,,,,,,,,,,,,,,,,
26/02/2024 03:45:00,0,164,,,,,,,,,,,,,,,,,,
26/02/2024 03:30:00,0,164,,,,,,,,,,,,,,,,,,
26/02/2024 03:15:00,0,164,,,,,,,,,,,,,,,,,,
26/02/2024 03:00:00,0,164,,,,,,,,,,,,,,,,,,
26/02/2024 02:45:00,0,164,,,,,,,,,,,,,,,,,,
26/02/2024 02:30:00,0,164,,,,,,,,,,,,,,,,,,
26/02/2024 02:15:00,0,164,,,,,,,,,,,,,,,,,,
26/02/2024 02:00:00,0,164,,,,,,,,,,,,,,,,,,
26/02/2024 01:45:00,0,164,,,,,,,,,,,,,,,,,,
26/02/2024 01:30:00,0,164,,,,,,,,,,,,,,,,,,
26/02/2024 01:15:00,0,164,,,,,,,,,,,,,,,,,,
26/02/2024 01:00:00,0,164,,,,,,,,,,,,,,,,,,
26/02/2024 00:45:00,0,164,,,,,,,,,,,,,,,,,,
26/02/2024 00:30:00,0,165,,,,,,,,,,,,,,,,,,
26/02/2024 00:15:00,0,165,,,,,,,,,,,,,,,,,,
26/02/2024 00:00:00,0,164,,,,,,,,,,,,,,,,,,
25/02/2024 23:45:00,0,165,,,,,,,,,,,,,,,,,,
25/02/2024 23:30:00,0,165,,,,,,,,,,,,,,,,,,
25/02/2024 23:15:00,0,165,,,,,,,,,,,,,,,,,,
25/02/2024 23:00:00,0,165,,,,,,,,,,,,,,,,,,
25/02/2024 22:45:00,0,165,,,,,,,,,,,,,,,,,,
25/02/2024 22:30:00,0,165,,,,,,,,,,,,,,,,,,
25/02/2024 22:15:00,0,165,,,,,,,,,,,,,,,,,,
25/02/2024 22:00:00,0,166,,,,,,,,,,,,,,,,,,
25/02/2024 21:45:00,0,166,,,,,,,,,,,,,,,,,,
25/02/2024 21:30:00,0,165,,,,,,,,,,,,,,,,,,
25/02/2024 21:15:00,0,166,,,,,,,,,,,,,,,,,,
25/02/2024 21:00:00,0,165,,,,,,,,,,,,,,,,,,
25/02/2024 20:45:00,0,166,,,,,,,,,,,,,,,,,,
25/02/2024 20:30:00,0,166,,,,,,,,,,,,,,,,,,
25/02/2024 20:15:00,0,167,,,,,,,,,,,,,,,,,,
25/02/2024 20:00:00,0,167,,,,,,,,,,,,,,,,,,
25/02/2024 19:45:00,0,167,,,,,,,,,,,,,,,,,,
25/02/2024 19:30:00,0,167,,,,,,,,,,,,,,,,,,
25/02/2024 19:15:00,0,166,,,,,,,,,,,,,,,,,,
25/02/2024 19:00:00,0,167,,,,,,,,,,,,,,,,,,
25/02/2024 18:45:00,0,167,,,,,,,,,,,,,,,,,,
25/02/2024 18:30:00,0,168,,,,,,,,,,,,,,,,,,
25/02/2024 18:15:00,0,168,,,,,,,,,,,,,,,,,,
25/02/2024 18:00:00,0,168,,,,,,,,,,,,,,,,,,
25/02/2024 17:45:00,0,168,,,,,,,,,,,,,,,,,,
25/02/2024 17:30:00,0,168,,,,,,,,,,,,,,,,,,
25/02/2024 17:15:00,0,169,,,,,,,,,,,,,,,,,,
25/02/2024 17:00:00,0,169,,,,,,,,,,,,,,,,,,
25/02/2024 16:45:00,0,168,,,,,,,,,,,,,,,,,,
25/02/2024 16:30:00,0,168,,,,,,,,,,,,,,,,,,
25/02/2024 16:15:00,0,170,,,,,,,,,,,,,,,,,,
25/02/2024 16:00:00,0,170,,,,,,,,,,,,,,,,,,
25/02/2024 15:45:00,0,170,,,,,,,,,,,,,,,,,,
25/02/2024 15:30:00,0,169,,,,,,,,,,,,,,,,,,
25/02/2024 15:15:00,0,170,,,,,,,,,,,,,,,,,,
25/02/2024 15:00:00,0,170,,,,,,,,,,,,,,,,,,
25/02/2024 14:45:00,0,170,,,,,,,,,,,,,,,,,,
25/02/2024 14:30:00,0,170,,,,,,,,,,,,,,,,,,
25/02/2024 14:15:00,0,171,,,,,,,,,,,,,,,,,,
25/02/2024 14:00:00,0,171,,,,,,,,,,,,,,,,,,
25/02/2024 13:45:00,0,171,,,,,,,,,,,,,,,,,,
25/02/2024 13:30:00,0,172,,,,,,,,,,,,,,,,,,
25/02/2024 13:15:00,0,171,,,,,,,,,,,,,,,,,,
25/02/2024 13:00:00,0,171,,,,,,,,,,,,,,,,,,
25/02/2024 12:45:00,0,171,,,,,,,,,,,,,,,,,,
25/02/2024 12:30:00,0,171,,,,,,,,,,,,,,,,,,
25/02/2024 12:15:00,0,171,,,,,,,,,,,,,,,,,,
25/02/2024 12:00:00,0,171,,,,,,,,,,,,,,,,,,
25/02/2024 11:45:00,0,171,,,,,,,,,,,,,,,,,,
25/02/2024 11:30:00,0,171,,,,,,,,,,,,,,,,,,
25/02/2024 11:15:00,0,172,,,,,,,,,,,,,,,,,,
25/02/2024 11:00:00,0,170,,,,,,,,,,,,,,,,,,
25/02/2024 10:45:00,0,170,,,,,,,,,,,,,,,,,,
25/02/2024 10:30:00,0,171,,,,,,,,,,,,,,,,,,
25/02/2024 10:15:00,0,171,,,,,,,,,,,,,,,,,,
25/02/2024 10:00:00,0,171,,,,,,,,,,,,,,,,,,
25/02/2024 09:45:00,0,171,,,,,,,,,,,,,,,,,,
25/02/2024 09:30:00,0,171,,,,,,,,,,,,,,,,,,
25/02/2024 09:15:00,0,171,,,,,,,,,,,,,,,,,,
25/02/2024 09:00:00,0,171,,,,,,,,,,,,,,,,,,
25/02/2024 08:45:00,0,172,,,,,,,,,,,,,,,,,,
25/02/2024 08:30:00,0,171,,,,,,,,,,,,,,,,,,
25/02/2024 08:15:00,0,171,,,,,,,,,,,,,,,,,,
25/02/2024 08:00:00,0,171,,,,,,,,,,,,,,,,,,
25/02/2024 07:45:00,0,171,,,,,,,,,,,,,,,,,,
25/02/2024 07:30:00,0,171,,,,,,,,,,,,,,,,,,
25/02/2024 07:15:00,0,171,,,,,,,,,,,,,,,,,,
25/02/2024 07:00:00,0,171,,,,,,,,,,,,,,,,,,
25/02/2024 06:45:00,0,171,,,,,,,,,,,,,,,,,,
25/02/2024 06:30:00,0,171,,,,,,,,,,,,,,,,,,
25/02/2024 06:15:00,0,171,,,,,,,,,,,,,,,,,,
25/02/2024 06:00:00,0,171,,,,,,,,,,,,,,,,,,
25/02/2024 05:45:00,0,171,,,,,,,,,,,,,,,,,,
25/02/2024 05:30:00,0,171,,,,,,,,,,,,,,,,,,
25/02/2024 05:15:00,0,171,,,,,,,,,,,,,,,,,,
25/02/2024 05:00:00,0,171,,,,,,,,,,,,,,,,,,
25/02/2024 04:45:00,0,171,,,,,,,,,,,,,,,,,,
25/02/2024 04:30:00,0,171,,,,,,,,,,,,,,,,,,
25/02/2024 04:15:00,0,171,,,,,,,,,,,,,,,,,,
25/02/2024 04:00:00,0,171,,,,,,,,,,,,,,,,,,
25/02/2024 03:45:00,0,171,,,,,,,,,,,,,,,,,,
25/02/2024 03:30:00,0,171,,,,,,,,,,,,,,,,,,
25/02/2024 03:15:00,0,171,,,,,,,,,,,,,,,,,,
25/02/2024 03:00:00,0,171,,,,,,,,,,,,,,,,,,
25/02/2024 02:45:00,0,171,,,,,,,,,,,,,,,,,,
25/02/2024 02:30:00,0,170,,,,,,,,,,,,,,,,,,
25/02/2024 02:15:00,0,171,,,,,,,,,,,,,,,,,,
25/02/2024 02:00:00,0,171,,,,,,,,,,,,,,,,,,
25/02/2024 01:45:00,0,171,,,,,,,,,,,,,,,,,,
25/02/2024 01:30:00,0,171,,,,,,,,,,,,,,,,,,
25/02/2024 01:15:00,0,171,,,,,,,,,,,,,,,,,,
25/02/2024 01:00:00,0,171,,,,,,,,,,,,,,,,,,
25/02/2024 00:45:00,0,172,,,,,,,,,,,,,,,,,,
25/02/2024 00:30:00,0,171,,,,,,,,,,,,,,,,,,
25/02/2024 00:15:00,0,171,,,,,,,,,,,,,,,,,,
25/02/2024 00:00:00,0,172,,,,,,,,,,,,,,,,,,
24/02/2024 23:45:00,0,172,,,,,,,,,,,,,,,,,,
24/02/2024 23:30:00,0,172,,,,,,,,,,,,,,,,,,
24/02/2024 23:15:00,0,172,,,,,,,,,,,,,,,,,,
24/02/2024 23:00:00,0,172,,,,,,,,,,,,,,,,,,
24/02/2024 22:45:00,0,172,,,,,,,,,,,,,,,,,,
24/02/2024 22:30:00,0,173,,,,,,,,,,,,,,,,,,
24/02/2024 22:15:00,0,173,,,,,,,,,,,,,,,,,,
24/02/2024 22:00:00,0,173,,,,,,,,,,,,,,,,,,
24/02/2024 21:45:00,0,173,,,,,,,,,,,,,,,,,,
24/02/2024 21:30:00,0,174,,,,,,,,,,,,,,,,,,
24/02/2024 21:15:00,0,174,,,,,,,,,,,,,,,,,,
24/02/2024 21:00:00,0,174,,,,,,,,,,,,,,,,,,
24/02/2024 20:45:00,0,174,,,,,,,,,,,,,,,,,,
24/02/2024 20:30:00,0,174,,,,,,,,,,,,,,,,,,
24/02/2024 20:15:00,0,175,,,,,,,,,,,,,,,,,,
24/02/2024 20:00:00,0,174,,,,,,,,,,,,,,,,,,
24/02/2024 19:45:00,0,175,,,,,,,,,,,,,,,,,,
24/02/2024 19:30:00,0,175,,,,,,,,,,,,,,,,,,
24/02/2024 19:15:00,0,175,,,,,,,,,,,,,,,,,,
24/02/2024 19:00:00,0,175,,,,,,,,,,,,,,,,,,
24/02/2024 18:45:00,0,176,,,,,,,,,,,,,,,,,,
24/02/2024 18:30:00,0,176,,,,,,,,,,,,,,,,,,
24/02/2024 18:15:00,0,176,,,,,,,,,,,,,,,,,,
24/02/2024 18:00:00,0,176,,,,,,,,,,,,,,,,,,
24/02/2024 17:45:00,0,176,,,,,,,,,,,,,,,,,,
24/02/2024 17:30:00,0,177,,,,,,,,,,,,,,,,,,
24/02/2024 17:15:00,0,176,,,,,,,,,,,,,,,,,,
24/02/2024 17:00:00,0,176,,,,,,,,,,,,,,,,,,
24/02/2024 16:45:00,0,177,,,,,,,,,,,,,,,,,,
24/02/2024 16:30:00,0,177,,,,,,,,,,,,,,,,,,
24/02/2024 16:15:00,0,177,,,,,,,,,,,,,,,,,,
24/02/2024 16:00:00,0,177,,,,,,,,,,,,,,,,,,
24/02/2024 15:45:00,0,177,,,,,,,,,,,,,,,,,,
24/02/2024 15:30:00,0,177,,,,,,,,,,,,,,,,,,
24/02/2024 15:15:00,0,178,,,,,,,,,,,,,,,,,,
24/02/2024 15:00:00,0,178,,,,,,,,,,,,,,,,,,
24/02/2024 14:45:00,0,178,,,,,,,,,,,,,,,,,,
24/02/2024 14:30:00,0,178,,,,,,,,,,,,,,,,,,
24/02/2024 14:15:00,0,178,,,,,,,,,,,,,,,,,,
24/02/2024 14:00:00,0,179,,,,,,,,,,,,,,,,,,
24/02/2024 13:45:00,0,178,,,,,,,,,,,,,,,,,,
24/02/2024 13:30:00,0,179,,,,,,,,,,,,,,,,,,
24/02/2024 13:15:00,0,179,,,,,,,,,,,,,,,,,,
24/02/2024 13:00:00,0,179,,,,,,,,,,,,,,,,,,
24/02/2024 12:45:00,0,179,,,,,,,,,,,,,,,,,,
24/02/2024 12:30:00,0,180,,,,,,,,,,,,,,,,,,
24/02/2024 12:15:00,0,179,,,,,,,,,,,,,,,,,,
24/02/2024 12:00:00,0,179,,,,,,,,,,,,,,,,,,
24/02/2024 11:45:00,0,180,,,,,,,,,,,,,,,,,,
24/02/2024 11:30:00,0,180,,,,,,,,,,,,,,,,,,
24/02/2024 11:15:00,0,179,,,,,,,,,,,,,,,,,,
24/02/2024 11:00:00,0,179,,,,,,,,,,,,,,,,,,
24/02/2024 10:45:00,0,179,,,,,,,,,,,,,,,,,,
24/02/2024 10:30:00,0,179,,,,,,,,,,,,,,,,,,
24/02/2024 10:15:00,0,179,,,,,,,,,,,,,,,,,,
24/02/2024 10:00:00,0,179,,,,,,,,,,,,,,,,,,
24/02/2024 09:45:00,0,179,,,,,,,,,,,,,,,,,,
24/02/2024 09:30:00,0,179,,,,,,,,,,,,,,,,,,
24/02/2024 09:15:00,0,178,,,,,,,,,,,,,,,,,,
24/02/2024 09:00:00,0,179,,,,,,,,,,,,,,,,,,
24/02/2024 08:45:00,0,179,,,,,,,,,,,,,,,,,,
24/02/2024 08:30:00,0,178,,,,,,,,,,,,,,,,,,
24/02/2024 08:15:00,0,179,,,,,,,,,,,,,,,,,,
24/02/2024 08:00:00,0,179,,,,,,,,,,,,,,,,,,
24/02/2024 07:45:00,0,179,,,,,,,,,,,,,,,,,,
24/02/2024 07:30:00,0,178,,,,,,,,,,,,,,,,,,
24/02/2024 07:15:00,0,178,,,,,,,,,,,,,,,,,,
24/02/2024 07:00:00,0,178,,,,,,,,,,,,,,,,,,
24/02/2024 06:45:00,0,178,,,,,,,,,,,,,,,,,,
24/02/2024 06:30:00,0,178,,,,,,,,,,,,,,,,,,
24/02/2024 06:15:00,0,178,,,,,,,,,,,,,,,,,,
24/02/2024 06:00:00,0,178,,,,,,,,,,,,,,,,,,
24/02/2024 05:45:00,0,178,,,,,,,,,,,,,,,,,,
24/02/2024 05:30:00,0,179,,,,,,,,,,,,,,,,,,
24/02/2024 05:15:00,0,178,,,,,,,,,,,,,,,,,,
24/02/2024 05:00:00,0,178,,,,,,,,,,,,,,,,,,
24/02/2024 04:45:00,0,178,,,,,,,,,,,,,,,,,,
24/02/2024 04:30:00,0,178,,,,,,,,,,,,,,,,,,
24/02/2024 04:15:00,0,178,,,,,,,,,,,,,,,,,,
24/02/2024 04:00:00,0,178,,,,,,,,,,,,,,,,,,
24/02/2024 03:45:00,0,178,,,,,,,,,,,,,,,,,,
24/02/2024 03:30:00,0,179,,,,,,,,,,,,,,,,,,
24/02/2024 03:15:00,0,178,,,,,,,,,,,,,,,,,,
24/02/2024 03:00:00,0,178,,,,,,,,,,,,,,,,,,
24/02/2024 02:45:00,0,178,,,,,,,,,,,,,,,,,,
24/02/2024 02:30:00,0,178,,,,,,,,,,,,,,,,,,
24/02/2024 02:15:00,0,178,,,,,,,,,,,,,,,,,,
24/02/2024 02:00:00,0,178,,,,,,,,,,,,,,,,,,
24/02/2024 01:45:00,0,178,,,,,,,,,,,,,,,,,,
24/02/2024 01:30:00,0,177,,,,,,,,,,,,,,,,,,
24/02/2024 01:15:00,0,179,,,,,,,,,,,,,,,,,,
24/02/2024 01:00:00,0,179,,,,,,,,,,,,,,,,,,
24/02/2024 00:45:00,0,178,,,,,,,,,,,,,,,,,,
24/02/2024 00:30:00,0,179,,,,,,,,,,,,,,,,,,
24/02/2024 00:15:00,0,179,,,,,,,,,,,,,,,,,,
24/02/2024 00:00:00,0,179,,,,,,,,,,,,,,,,,,
23/02/2024 23:45:00,0,180,,,,,,,,,,,,,,,,,,
23/02/2024 23:30:00,0,179,,,,,,,,,,,,,,,,,,
23/02/2024 23:15:00,0,179,,,,,,,,,,,,,,,,,,
23/02/2024 23:00:00,0,180,,,,,,,,,,,,,,,,,,
23/02/2024 22:45:00,0,180,,,,,,,,,,,,,,,,,,
23/02/2024 22:30:00,0,180,,,,,,,,,,,,,,,,,,
23/02/2024 22:15:00,0,180,,,,,,,,,,,,,,,,,,
23/02/2024 22:00:00,0,180,,,,,,,,,,,,,,,,,,
23/02/2024 21:45:00,0,181,,,,,,,,,,,,,,,,,,
23/02/2024 21:30:00,0,181,,,,,,,,,,,,,,,,,,
23/02/2024 21:15:00,0,181,,,,,,,,,,,,,,,,,,
23/02/2024 21:00:00,0,181,,,,,,,,,,,,,,,,,,
23/02/2024 20:45:00,0,181,,,,,,,,,,,,,,,,,,
23/02/2024 20:30:00,0,181,,,,,,,,,,,,,,,,,,
23/02/2024 20:15:00,0,182,,,,,,,,,,,,,,,,,,
23/02/2024 20:00:00,0,182,,,,,,,,,,,,,,,,,,
23/02/2024 19:45:00,0,182,,,,,,,,,,,,,,,,,,
23/02/2024 19:30:00,0,182,,,,,,,,,,,,,,,,,,
23/02/2024 19:15:00,0,182,,,,,,,,,,,,,,,,,,
23/02/2024 19:00:00,0,183,,,,,,,,,,,,,,,,,,
23/02/2024 18:45:00,0,183,,,,,,,,,,,,,,,,,,
23/02/2024 18:30:00,0,183,,,,,,,,,,,,,,,,,,
23/02/2024 18:15:00,0,183,,,,,,,,,,,,,,,,,,
23/02/2024 18:00:00,0,183,,,,,,,,,,,,,,,,,,
23/02/2024 17:45:00,0,183,,,,,,,,,,,,,,,,,,
23/02/2024 17:30:00,0,183,,,,,,,,,,,,,,,,,,
23/02/2024 17:15:00,0,183,,,,,,,,,,,,,,,,,,
23/02/2024 17:00:00,0,184,,,,,,,,,,,,,,,,,,
23/02/2024 16:45:00,0,184,,,,,,,,,,,,,,,,,,
23/02/2024 16:30:00,0,184,,,,,,,,,,,,,,,,,,
23/02/2024 16:15:00,0,185,,,,,,,,,,,,,,,,,,
23/02/2024 16:00:00,0,184,,,,,,,,,,,,,,,,,,
23/02/2024 15:45:00,0,184,,,,,,,,,,,,,,,,,,
23/02/2024 15:30:00,0,184,,,,,,,,,,,,,,,,,,
23/02/2024 15:15:00,0,184,,,,,,,,,,,,,,,,,,
23/02/2024 15:00:00,0,185,,,,,,,,,,,,,,,,,,
23/02/2024 14:45:00,0,185,,,,,,,,,,,,,,,,,,
23/02/2024 14:30:00,0,185,,,,,,,,,,,,,,,,,,
23/02/2024 14:15:00,0,185,,,,,,,,,,,,,,,,,,
23/02/2024 14:00:00,0,185,,,,,,,,,,,,,,,,,,
23/02/2024 13:45:00,0,185,,,,,,,,,,,,,,,,,,
23/02/2024 13:30:00,0,186,,,,,,,,,,,,,,,,,,
23/02/2024 13:15:00,0,186,,,,,,,,,,,,,,,,,,
23/02/2024 13:00:00,0,186,,,,,,,,,,,,,,,,,,
23/02/2024 12:45:00,0,186,,,,,,,,,,,,,,,,,,
23/02/2024 12:30:00,0,186,,,,,,,,,,,,,,,,,,
23/02/2024 12:15:00,0,187,,,,,,,,,,,,,,,,,,
23/02/2024 12:00:00,0,188,,,,,,,,,,,,,,,,,,
23/02/2024 11:45:00,0,187,,,,,,,,,,,,,,,,,,
23/02/2024 11:30:00,0,186,,,,,,,,,,,,,,,,,,
23/02/2024 11:15:00,0,187,,,,,,,,,,,,,,,,,,
23/02/2024 11:00:00,0,186,,,,,,,,,,,,,,,,,,
23/02/2024 10:45:00,0,187,,,,,,,,,,,,,,,,,,
23/02/2024 10:30:00,0,187,,,,,,,,,,,,,,,,,,
23/02/2024 10:15:00,0,187,,,,,,,,,,,,,,,,,,
23/02/2024 10:00:00,0,187,,,,,,,,,,,,,,,,,,
23/02/2024 09:45:00,0,186,,,,,,,,,,,,,,,,,,
23/02/2024 09:30:00,0,187,,,,,,,,,,,,,,,,,,
23/02/2024 09:15:00,0,187,,,,,,,,,,,,,,,,,,
23/02/2024 09:00:00,0,187,,,,,,,,,,,,,,,,,,
23/02/2024 08:45:00,0,187,,,,,,,,,,,,,,,,,,
23/02/2024 08:30:00,0,187,,,,,,,,,,,,,,,,,,
23/02/2024 08:15:00,0,187,,,,,,,,,,,,,,,,,,
23/02/2024 08:00:00,0,187,,,,,,,,,,,,,,,,,,
23/02/2024 07:45:00,0,187,,,,,,,,,,,,,,,,,,
23/02/2024 07:30:00,0,187,,,,,,,,,,,,,,,,,,
23/02/2024 07:15:00,0,187,,,,,,,,,,,,,,,,,,
23/02/2024 07:00:00,0,186,,,,,,,,,,,,,,,,,,
23/02/2024 06:45:00,0,187,,,,,,,,,,,,,,,,,,
23/02/2024 06:30:00,0,187,,,,,,,,,,,,,,,,,,
23/02/2024 06:15:00,0,187,,,,,,,,,,,,,,,,,,
23/02/2024 06:00:00,0,187,,,,,,,,,,,,,,,,,,
23/02/2024 05:45:00,0,186,,,,,,,,,,,,,,,,,,
23/02/2024 05:30:00,0,187,,,,,,,,,,,,,,,,,,
23/02/2024 05:15:00,0,187,,,,,,,,,,,,,,,,,,
23/02/2024 05:00:00,0,187,,,,,,,,,,,,,,,,,,
23/02/2024 04:45:00,0,187,,,,,,,,,,,,,,,,,,
23/02/2024 04:30:00,0,187,,,,,,,,,,,,,,,,,,
23/02/2024 04:15:00,0,187,,,,,,,,,,,,,,,,,,
23/02/2024 04:00:00,0,187,,,,,,,,,,,,,,,,,,
23/02/2024 03:45:00,0,187,,,,,,,,,,,,,,,,,,
23/02/2024 03:30:00,0,187,,,,,,,,,,,,,,,,,,
23/02/2024 03:15:00,0,187,,,,,,,,,,,,,,,,,,
23/02/2024 03:00:00,0,187,,,,,,,,,,,,,,,,,,
23/02/2024 02:45:00,0,187,,,,,,,,,,,,,,,,,,
23/02/2024 02:30:00,0,187,,,,,,,,,,,,,,,,,,
23/02/2024 02:15:00,0,188,,,,,,,,,,,,,,,,,,
23/02/2024 02:00:00,0,187,,,,,,,,,,,,,,,,,,
23/02/2024 01:45:00,0,188,,,,,,,,,,,,,,,,,,
23/02/2024 01:30:00,0,188,,,,,,,,,,,,,,,,,,
23/02/2024 01:15:00,0,188,,,,,,,,,,,,,,,,,,
23/02/2024 01:00:00,0,188,,,,,,,,,,,,,,,,,,
23/02/2024 00:45:00,0,188,,,,,,,,,,,,,,,,,,
23/02/2024 00:30:00,0,188,,,,,,,,,,,,,,,,,,
23/02/2024 00:15:00,0,189,,,,,,,,,,,,,,,,,,
23/02/2024 00:00:00,0,189,,,,,,,,,,,,,,,,,,
22/02/2024 23:45:00,0,189,,,,,,,,,,,,,,,,,,
22/02/2024 23:30:00,0,189,,,,,,,,,,,,,,,,,,
22/02/2024 23:15:00,0,189,,,,,,,,,,,,,,,,,,
22/02/2024 23:00:00,0,190,,,,,,,,,,,,,,,,,,
22/02/2024 22:45:00,0,190,,,,,,,,,,,,,,,,,,
22/02/2024 22:30:00,0,190,,,,,,,,,,,,,,,,,,
22/02/2024 22:15:00,0,190,,,,,,,,,,,,,,,,,,
22/02/2024 22:00:00,0,191,,,,,,,,,,,,,,,,,,
22/02/2024 21:45:00,0,191,,,,,,,,,,,,,,,,,,
22/02/2024 21:30:00,0,191,,,,,,,,,,,,,,,,,,
22/02/2024 21:15:00,0,192,,,,,,,,,,,,,,,,,,
22/02/2024 21:00:00,0,192,,,,,,,,,,,,,,,,,,
22/02/2024 20:45:00,0,192,,,,,,,,,,,,,,,,,,
22/02/2024 20:30:00,0,192,,,,,,,,,,,,,,,,,,
22/02/2024 20:15:00,0,193,,,,,,,,,,,,,,,,,,
22/02/2024 20:00:00,0,193,,,,,,,,,,,,,,,,,,
22/02/2024 19:45:00,0,194,,,,,,,,,,,,,,,,,,
22/02/2024 19:30:00,0,194,,,,,,,,,,,,,,,,,,
22/02/2024 19:15:00,0,194,,,,,,,,,,,,,,,,,,
22/02/2024 19:00:00,0,194,,,,,,,,,,,,,,,,,,
22/02/2024 18:45:00,0,195,,,,,,,,,,,,,,,,,,
22/02/2024 18:30:00,0,194,,,,,,,,,,,,,,,,,,
22/02/2024 18:15:00,0,194,,,,,,,,,,,,,,,,,,
22/02/2024 18:00:00,0,195,,,,,,,,,,,,,,,,,,
22/02/2024 17:45:00,0,194,,,,,,,,,,,,,,,,,,
22/02/2024 17:30:00,0,195,,,,,,,,,,,,,,,,,,
22/02/2024 17:15:00,0,195,,,,,,,,,,,,,,,,,,
22/02/2024 17:00:00,0,195,,,,,,,,,,,,,,,,,,
22/02/2024 16:45:00,0,195,,,,,,,,,,,,,,,,,,
22/02/2024 16:30:00,0,196,,,,,,,,,,,,,,,,,,
22/02/2024 16:15:00,0,197,,,,,,,,,,,,,,,,,,
22/02/2024 16:00:00,0,197,,,,,,,,,,,,,,,,,,
22/02/2024 15:45:00,0,197,,,,,,,,,,,,,,,,,,
22/02/2024 15:30:00,0,198,,,,,,,,,,,,,,,,,,
22/02/2024 15:15:00,0,198,,,,,,,,,,,,,,,,,,
22/02/2024 15:00:00,0,198,,,,,,,,,,,,,,,,,,
22/02/2024 14:45:00,0,198,,,,,,,,,,,,,,,,,,
22/02/2024 14:30:00,0,198,,,,,,,,,,,,,,,,,,
22/02/2024 14:15:00,0,199,,,,,,,,,,,,,,,,,,
22/02/2024 14:00:00,0,199,,,,,,,,,,,,,,,,,,
22/02/2024 13:45:00,0,200,,,,,,,,,,,,,,,,,,
22/02/2024 13:30:00,0,199,,,,,,,,,,,,,,,,,,
22/02/2024 13:15:00,0,200,,,,,,,,,,,,,,,,,,
22/02/2024 13:00:00,0,200,,,,,,,,,,,,,,,,,,
22/02/2024 12:45:00,0,201,,,,,,,,,,,,,,,,,,
22/02/2024 12:30:00,0,201,,,,,,,,,,,,,,,,,,
22/02/2024 12:15:00,0,201,,,,,,,,,,,,,,,,,,
22/02/2024 12:00:00,0,201,,,,,,,,,,,,,,,,,,
22/02/2024 11:45:00,0,202,,,,,,,,,,,,,,,,,,
22/02/2024 11:30:00,0,202,,,,,,,,,,,,,,,,,,
22/02/2024 11:15:00,0,202,,,,,,,,,,,,,,,,,,
22/02/2024 11:00:00,0,202,,,,,,,,,,,,,,,,,,
22/02/2024 10:45:00,0,202,,,,,,,,,,,,,,,,,,
22/02/2024 10:30:00,0,202,,,,,,,,,,,,,,,,,,
22/02/2024 10:15:00,0,202,,,,,,,,,,,,,,,,,,
22/02/2024 10:00:00,0,202,,,,,,,,,,,,,,,,,,
22/02/2024 09:45:00,0,202,,,,,,,,,,,,,,,,,,
22/02/2024 09:30:00,0,202,,,,,,,,,,,,,,,,,,
22/02/2024 09:15:00,0,202,,,,,,,,,,,,,,,,,,
22/02/2024 09:00:00,0,203,,,,,,,,,,,,,,,,,,
22/02/2024 08:45:00,0,203,,,,,,,,,,,,,,,,,,
22/02/2024 08:30:00,0,203,,,,,,,,,,,,,,,,,,
22/02/2024 08:15:00,0,203,,,,,,,,,,,,,,,,,,
22/02/2024 08:00:00,0,202,,,,,,,,,,,,,,,,,,
22/02/2024 07:45:00,0,203,,,,,,,,,,,,,,,,,,
22/02/2024 07:30:00,0,204,,,,,,,,,,,,,,,,,,
22/02/2024 07:15:00,0,204,,,,,,,,,,,,,,,,,,
22/02/2024 07:00:00,0,204,,,,,,,,,,,,,,,,,,
22/02/2024 06:45:00,0,204,,,,,,,,,,,,,,,,,,
22/02/2024 06:30:00,0,204,,,,,,,,,,,,,,,,,,
22/02/2024 06:15:00,0,204,,,,,,,,,,,,,,,,,,
22/02/2024 06:00:00,0,205,,,,,,,,,,,,,,,,,,
22/02/2024 05:45:00,0,205,,,,,,,,,,,,,,,,,,
22/02/2024 05:30:00,0,205,,,,,,,,,,,,,,,,,,
22/02/2024 05:15:00,0,205,,,,,,,,,,,,,,,,,,
22/02/2024 05:00:00,0,205,,,,,,,,,,,,,,,,,,
22/02/2024 04:45:00,0,205,,,,,,,,,,,,,,,,,,
22/02/2024 04:30:00,0,205,,,,,,,,,,,,,,,,,,
22/02/2024 04:15:00,0,205,,,,,,,,,,,,,,,,,,
22/02/2024 04:00:00,0,206,,,,,,,,,,,,,,,,,,
22/02/2024 03:45:00,0,206,,,,,,,,,,,,,,,,,,
22/02/2024 03:30:00,0,206,,,,,,,,,,,,,,,,,,
22/02/2024 03:15:00,0,206,,,,,,,,,,,,,,,,,,
22/02/2024 03:00:00,0,206,,,,,,,,,,,,,,,,,,
22/02/2024 02:45:00,0,206,,,,,,,,,,,,,,,,,,
22/02/2024 02:30:00,0,207,,,,,,,,,,,,,,,,,,
22/02/2024 02:15:00,0,207,,,,,,,,,,,,,,,,,,
22/02/2024 02:00:00,0,207,,,,,,,,,,,,,,,,,,
22/02/2024 01:45:00,0,207,,,,,,,,,,,,,,,,,,
22/02/2024 01:30:00,0,207,,,,,,,,,,,,,,,,,,
22/02/2024 01:15:00,0,208,,,,,,,,,,,,,,,,,,
22/02/2024 01:00:00,0,208,,,,,,,,,,,,,,,,,,
22/02/2024 00:45:00,0,208,,,,,,,,,,,,,,,,,,
22/02/2024 00:30:00,0,208,,,,,,,,,,,,,,,,,,
22/02/2024 00:15:00,0,209,,,,,,,,,,,,,,,,,,
22/02/2024 00:00:00,0,209,,,,,,,,,,,,,,,,,,
21/02/2024 23:45:00,0,209,,,,,,,,,,,,,,,,,,
21/02/2024 23:30:00,0,209,,,,,,,,,,,,,,,,,,
21/02/2024 23:15:00,0,210,,,,,,,,,,,,,,,,,,
21/02/2024 23:00:00,0,210,,,,,,,,,,,,,,,,,,
21/02/2024 22:45:00,0,211,,,,,,,,,,,,,,,,,,
21/02/2024 22:30:00,0,211,,,,,,,,,,,,,,,,,,
21/02/2024 22:15:00,0,211,,,,,,,,,,,,,,,,,,
21/02/2024 22:00:00,0,211,,,,,,,,,,,,,,,,,,
21/02/2024 21:45:00,0,212,,,,,,,,,,,,,,,,,,
21/02/2024 21:30:00,0,212,,,,,,,,,,,,,,,,,,
21/02/2024 21:15:00,0,212,,,,,,,,,,,,,,,,,,
21/02/2024 21:00:00,0,213,,,,,,,,,,,,,,,,,,
21/02/2024 20:45:00,0,213,,,,,,,,,,,,,,,,,,
21/02/2024 20:30:00,0,213,,,,,,,,,,,,,,,,,,
21/02/2024 20:15:00,0,214,,,,,,,,,,,,,,,,,,
21/02/2024 20:00:00,0,214,,,,,,,,,,,,,,,,,,
21/02/2024 19:45:00,0,214,,,,,,,,,,,,,,,,,,
21/02/2024 19:30:00,0,215,,,,,,,,,,,,,,,,,,
21/02/2024 19:15:00,0,215,,,,,,,,,,,,,,,,,,
21/02/2024 19:00:00,0,216,,,,,,,,,,,,,,,,,,
21/02/2024 18:45:00,0,216,,,,,,,,,,,,,,,,,,
21/02/2024 18:30:00,0,216,,,,,,,,,,,,,,,,,,
21/02/2024 18:15:00,0,216,,,,,,,,,,,,,,,,,,
21/02/2024 18:00:00,0,217,,,,,,,,,,,,,,,,,,
21/02/2024 17:45:00,0,217,,,,,,,,,,,,,,,,,,
21/02/2024 17:30:00,0,217,,,,,,,,,,,,,,,,,,
21/02/2024 17:15:00,0,218,,,,,,,,,,,,,,,,,,
21/02/2024 17:00:00,0,218,,,,,,,,,,,,,,,,,,
21/02/2024 16:45:00,0,219,,,,,,,,,,,,,,,,,,
21/02/2024 16:30:00,0,219,,,,,,,,,,,,,,,,,,
21/02/2024 16:15:00,0,219,,,,,,,,,,,,,,,,,,
21/02/2024 16:00:00,0,219,,,,,,,,,,,,,,,,,,
21/02/2024 15:45:00,0,220,,,,,,,,,,,,,,,,,,
21/02/2024 15:30:00,0,220,,,,,,,,,,,,,,,,,,
21/02/2024 15:15:00,0,220,,,,,,,,,,,,,,,,,,
21/02/2024 15:00:00,0,220,,,,,,,,,,,,,,,,,,
21/02/2024 14:45:00,0,221,,,,,,,,,,,,,,,,,,
21/02/2024 14:30:00,0,222,,,,,,,,,,,,,,,,,,
21/02/2024 14:15:00,0,222,,,,,,,,,,,,,,,,,,
21/02/2024 14:00:00,0,222,,,,,,,,,,,,,,,,,,
21/02/2024 13:45:00,0,223,,,,,,,,,,,,,,,,,,
21/02/2024 13:30:00,0,224,,,,,,,,,,,,,,,,,,
21/02/2024 13:15:00,0,224,,,,,,,,,,,,,,,,,,
21/02/2024 13:00:00,0,224,,,,,,,,,,,,,,,,,,
21/02/2024 12:45:00,0,225,,,,,,,,,,,,,,,,,,
21/02/2024 12:30:00,0,224,,,,,,,,,,,,,,,,,,
21/02/2024 12:15:00,0,225,,,,,,,,,,,,,,,,,,
21/02/2024 12:00:00,0,225,,,,,,,,,,,,,,,,,,
21/02/2024 11:45:00,0,226,,,,,,,,,,,,,,,,,,
21/02/2024 11:30:00,0,227,,,,,,,,,,,,,,,,,,
21/02/2024 11:15:00,0,227,,,,,,,,,,,,,,,,,,
21/02/2024 11:00:00,0,227,,,,,,,,,,,,,,,,,,
21/02/2024 10:45:00,0,228,,,,,,,,,,,,,,,,,,
21/02/2024 10:30:00,0,227,,,,,,,,,,,,,,,,,,
21/02/2024 10:15:00,0,228,,,,,,,,,,,,,,,,,,
21/02/2024 10:00:00,0,228,,,,,,,,,,,,,,,,,,
21/02/2024 09:45:00,0,229,,,,,,,,,,,,,,,,,,
21/02/2024 09:30:00,0,229,,,,,,,,,,,,,,,,,,
21/02/2024 09:15:00,0,229,,,,,,,,,,,,,,,,,,
21/02/2024 09:00:00,0,230,,,,,,,,,,,,,,,,,,
21/02/2024 08:45:00,0,230,,,,,,,,,,,,,,,,,,
21/02/2024 08:30:00,0,230,,,,,,,,,,,,,,,,,,
21/02/2024 08:15:00,0,231,,,,,,,,,,,,,,,,,,
21/02/2024 08:00:00,0,231,,,,,,,,,,,,,,,,,,
21/02/2024 07:45:00,0,231,,,,,,,,,,,,,,,,,,
21/02/2024 07:30:00,0,231,,,,,,,,,,,,,,,,,,
21/02/2024 07:15:00,0,231,,,,,,,,,,,,,,,,,,
21/02/2024 07:00:00,0,232,,,,,,,,,,,,,,,,,,
21/02/2024 06:45:00,0,232,,,,,,,,,,,,,,,,,,
21/02/2024 06:30:00,0,232,,,,,,,,,,,,,,,,,,
21/02/2024 06:15:00,0,233,,,,,,,,,,,,,,,,,,
21/02/2024 06:00:00,0,233,,,,,,,,,,,,,,,,,,
21/02/2024 05:45:00,0,234,,,,,,,,,,,,,,,,,,
21/02/2024 05:30:00,0,234,,,,,,,,,,,,,,,,,,
21/02/2024 05:15:00,0,235,,,,,,,,,,,,,,,,,,
21/02/2024 05:00:00,0,235,,,,,,,,,,,,,,,,,,
21/02/2024 04:45:00,0,235,,,,,,,,,,,,,,,,,,
21/02/2024 04:30:00,0,236,,,,,,,,,,,,,,,,,,
21/02/2024 04:15:00,0,236,,,,,,,,,,,,,,,,,,
21/02/2024 04:00:00,0,236,,,,,,,,,,,,,,,,,,
21/02/2024 03:45:00,0,237,,,,,,,,,,,,,,,,,,
21/02/2024 03:30:00,0,237,,,,,,,,,,,,,,,,,,
21/02/2024 03:15:00,0,238,,,,,,,,,,,,,,,,,,
21/02/2024 03:00:00,0,238,,,,,,,,,,,,,,,,,,
21/02/2024 02:45:00,0,238,,,,,,,,,,,,,,,,,,
21/02/2024 02:30:00,0,239,,,,,,,,,,,,,,,,,,
21/02/2024 02:15:00,0,239,,,,,,,,,,,,,,,,,,
21/02/2024 02:00:00,0,239,,,,,,,,,,,,,,,,,,
21/02/2024 01:45:00,0,240,,,,,,,,,,,,,,,,,,
21/02/2024 01:30:00,0,240,,,,,,,,,,,,,,,,,,
21/02/2024 01:15:00,0,240,,,,,,,,,,,,,,,,,,
21/02/2024 01:00:00,0,241,,,,,,,,,,,,,,,,,,
21/02/2024 00:45:00,0,241,,,,,,,,,,,,,,,,,,
21/02/2024 00:30:00,0,241,,,,,,,,,,,,,,,,,,
21/02/2024 00:15:00,0,241,,,,,,,,,,,,,,,,,,
21/02/2024 00:00:00,0,242,,,,,,,,,,,,,,,,,,
20/02/2024 23:45:00,0,242,,,,,,,,,,,,,,,,,,
20/02/2024 23:30:00,0,242,,,,,,,,,,,,,,,,,,
20/02/2024 23:15:00,0,243,,,,,,,,,,,,,,,,,,
20/02/2024 23:00:00,0,243,,,,,,,,,,,,,,,,,,
20/02/2024 22:45:00,0,244,,,,,,,,,,,,,,,,,,
20/02/2024 22:30:00,0,244,,,,,,,,,,,,,,,,,,
20/02/2024 22:15:00,0,245,,,,,,,,,,,,,,,,,,
20/02/2024 22:00:00,0,245,,,,,,,,,,,,,,,,,,
20/02/2024 21:45:00,0,246,,,,,,,,,,,,,,,,,,
20/02/2024 21:30:00,0,246,,,,,,,,,,,,,,,,,,
20/02/2024 21:15:00,0,247,,,,,,,,,,,,,,,,,,
20/02/2024 21:00:00,0,247,,,,,,,,,,,,,,,,,,
20/02/2024 20:45:00,0,248,,,,,,,,,,,,,,,,,,
20/02/2024 20:30:00,0,248,,,,,,,,,,,,,,,,,,
20/02/2024 20:15:00,0,249,,,,,,,,,,,,,,,,,,
20/02/2024 20:00:00,0,249,,,,,,,,,,,,,,,,,,
20/02/2024 19:45:00,0,250,,,,,,,,,,,,,,,,,,
20/02/2024 19:30:00,0,250,,,,,,,,,,,,,,,,,,
20/02/2024 19:15:00,0,250,,,,,,,,,,,,,,,,,,
20/02/2024 19:00:00,0,251,,,,,,,,,,,,,,,,,,
20/02/2024 18:45:00,0,252,,,,,,,,,,,,,,,,,,
20/02/2024 18:30:00,0,252,,,,,,,,,,,,,,,,,,
20/02/2024 18:15:00,0,253,,,,,,,,,,,,,,,,,,
20/02/2024 18:00:00,0,254,,,,,,,,,,,,,,,,,,
20/02/2024 17:45:00,0,254,,,,,,,,,,,,,,,,,,
20/02/2024 17:30:00,0,255,,,,,,,,,,,,,,,,,,
20/02/2024 17:15:00,0,255,,,,,,,,,,,,,,,,,,
20/02/2024 17:00:00,0,255,,,,,,,,,,,,,,,,,,
20/02/2024 16:45:00,0,256,,,,,,,,,,,,,,,,,,
20/02/2024 16:30:00,0,256,,,,,,,,,,,,,,,,,,
20/02/2024 16:15:00,0,257,,,,,,,,,,,,,,,,,,
20/02/2024 16:00:00,0,257,,,,,,,,,,,,,,,,,,
20/02/2024 15:45:00,0,257,,,,,,,,,,,,,,,,,,
20/02/2024 15:30:00,0,259,,,,,,,,,,,,,,,,,,
20/02/2024 15:15:00,0,259,,,,,,,,,,,,,,,,,,
20/02/2024 15:00:00,0,260,,,,,,,,,,,,,,,,,,
20/02/2024 14:45:00,0,261,,,,,,,,,,,,,,,,,,
20/02/2024 14:30:00,0,261,,,,,,,,,,,,,,,,,,
20/02/2024 14:15:00,0,262,,,,,,,,,,,,,,,,,,
20/02/2024 14:00:00,0,263,,,,,,,,,,,,,,,,,,
20/02/2024 13:45:00,0,263,,,,,,,,,,,,,,,,,,
20/02/2024 13:30:00,0,264,,,,,,,,,,,,,,,,,,
20/02/2024 13:15:00,0,264,,,,,,,,,,,,,,,,,,
20/02/2024 13:00:00,0,265,,,,,,,,,,,,,,,,,,
20/02/2024 12:45:00,0,265,,,,,,,,,,,,,,,,,,
20/02/2024 12:30:00,0,266,,,,,,,,,,,,,,,,,,
20/02/2024 12:15:00,0,267,,,,,,,,,,,,,,,,,,
20/02/2024 12:00:00,0,267,,,,,,,,,,,,,,,,,,
20/02/2024 11:45:00,0,268,,,,,,,,,,,,,,,,,,
20/02/2024 11:30:00,0,268,,,,,,,,,,,,,,,,,,
20/02/2024 11:15:00,0,269,,,,,,,,,,,,,,,,,,
20/02/2024 11:00:00,0,269,,,,,,,,,,,,,,,,,,
20/02/2024 10:45:00,0,270,,,,,,,,,,,,,,,,,,
20/02/2024 10:30:00,0,270,,,,,,,,,,,,,,,,,,
20/02/2024 10:15:00,0,270,,,,,,,,,,,,,,,,,,
20/02/2024 10:00:00,0,271,,,,,,,,,,,,,,,,,,
20/02/2024 09:45:00,0,271,,,,,,,,,,,,,,,,,,
20/02/2024 09:30:00,0,270,,,,,,,,,,,,,,,,,,
20/02/2024 09:15:00,0,273,,,,,,,,,,,,,,,,,,
20/02/2024 09:00:00,0,273,,,,,,,,,,,,,,,,,,
20/02/2024 08:45:00,0,274,,,,,,,,,,,,,,,,,,
20/02/2024 08:30:00,0,274,,,,,,,,,,,,,,,,,,
20/02/2024 08:15:00,0,275,,,,,,,,,,,,,,,,,,
20/02/2024 08:00:00,0,275,,,,,,,,,,,,,,,,,,
20/02/2024 07:45:00,0,276,,,,,,,,,,,,,,,,,,
20/02/2024 07:30:00,0,276,,,,,,,,,,,,,,,,,,
20/02/2024 07:15:00,0,276,,,,,,,,,,,,,,,,,,
20/02/2024 07:00:00,0,277,,,,,,,,,,,,,,,,,,
20/02/2024 06:45:00,0,277,,,,,,,,,,,,,,,,,,
20/02/2024 06:30:00,0,278,,,,,,,,,,,,,,,,,,
20/02/2024 06:15:00,0,278,,,,,,,,,,,,,,,,,,
20/02/2024 06:00:00,0,279,,,,,,,,,,,,,,,,,,
20/02/2024 05:45:00,0,280,,,,,,,,,,,,,,,,,,
20/02/2024 05:30:00,0,280,,,,,,,,,,,,,,,,,,
20/02/2024 05:15:00,0,281,,,,,,,,,,,,,,,,,,
20/02/2024 05:00:00,0,281,,,,,,,,,,,,,,,,,,
20/02/2024 04:45:00,0,282,,,,,,,,,,,,,,,,,,
20/02/2024 04:30:00,0,282,,,,,,,,,,,,,,,,,,
20/02/2024 04:15:00,0,283,,,,,,,,,,,,,,,,,,
20/02/2024 04:00:00,0,284,,,,,,,,,,,,,,,,,,
20/02/2024 03:45:00,0,284,,,,,,,,,,,,,,,,,,
20/02/2024 03:30:00,0,284,,,,,,,,,,,,,,,,,,
20/02/2024 03:15:00,0,285,,,,,,,,,,,,,,,,,,
20/02/2024 03:00:00,0,285,,,,,,,,,,,,,,,,,,
20/02/2024 02:45:00,0,286,,,,,,,,,,,,,,,,,,
20/02/2024 02:30:00,0,286,,,,,,,,,,,,,,,,,,
20/02/2024 02:15:00,0,287,,,,,,,,,,,,,,,,,,
20/02/2024 02:00:00,0,288,,,,,,,,,,,,,,,,,,
20/02/2024 01:45:00,0,288,,,,,,,,,,,,,,,,,,
20/02/2024 01:30:00,0,289,,,,,,,,,,,,,,,,,,
20/02/2024 01:15:00,0,289,,,,,,,,,,,,,,,,,,
20/02/2024 01:00:00,0,290,,,,,,,,,,,,,,,,,,
20/02/2024 00:45:00,0,290,,,,,,,,,,,,,,,,,,
20/02/2024 00:30:00,0,291,,,,,,,,,,,,,,,,,,
20/02/2024 00:15:00,0,292,,,,,,,,,,,,,,,,,,
20/02/2024 00:00:00,0,292,,,,,,,,,,,,,,,,,,
19/02/2024 23:45:00,0,293,,,,,,,,,,,,,,,,,,
19/02/2024 23:30:00,0,293,,,,,,,,,,,,,,,,,,
19/02/2024 23:15:00,0,294,,,,,,,,,,,,,,,,,,
19/02/2024 23:00:00,0,294,,,,,,,,,,,,,,,,,,
19/02/2024 22:45:00,0,295,,,,,,,,,,,,,,,,,,
19/02/2024 22:30:00,0,296,,,,,,,,,,,,,,,,,,
19/02/2024 22:15:00,0,296,,,,,,,,,,,,,,,,,,
19/02/2024 22:00:00,0,297,,,,,,,,,,,,,,,,,,
19/02/2024 21:45:00,0,297,,,,,,,,,,,,,,,,,,
19/02/2024 21:30:00,0,298,,,,,,,,,,,,,,,,,,
19/02/2024 21:15:00,0,298,,,,,,,,,,,,,,,,,,
19/02/2024 21:00:00,0,299,,,,,,,,,,,,,,,,,,
19/02/2024 20:45:00,0,300,,,,,,,,,,,,,,,,,,
19/02/2024 20:30:00,0,300,,,,,,,,,,,,,,,,,,
19/02/2024 20:15:00,0,301,,,,,,,,,,,,,,,,,,
19/02/2024 20:00:00,0,301,,,,,,,,,,,,,,,,,,
19/02/2024 19:45:00,0,302,,,,,,,,,,,,,,,,,,
19/02/2024 19:30:00,0,302,,,,,,,,,,,,,,,,,,
19/02/2024 19:15:00,0,303,,,,,,,,,,,,,,,,,,
19/02/2024 19:00:00,0,304,,,,,,,,,,,,,,,,,,
19/02/2024 18:45:00,0,304,,,,,,,,,,,,,,,,,,
19/02/2024 18:30:00,0,305,,,,,,,,,,,,,,,,,,
19/02/2024 18:15:00,0,306,,,,,,,,,,,,,,,,,,
19/02/2024 18:00:00,0,306,,,,,,,,,,,,,,,,,,
19/02/2024 17:45:00,0,307,,,,,,,,,,,,,,,,,,
19/02/2024 17:30:00,0,307,,,,,,,,,,,,,,,,,,
19/02/2024 17:15:00,0,308,,,,,,,,,,,,,,,,,,
19/02/2024 17:00:00,0,308,,,,,,,,,,,,,,,,,,
19/02/2024 16:45:00,0,309,,,,,,,,,,,,,,,,,,
19/02/2024 16:30:00,0,310,,,,,,,,,,,,,,,,,,
19/02/2024 16:15:00,0,310,,,,,,,,,,,,,,,,,,
19/02/2024 16:00:00,0,311,,,,,,,,,,,,,,,,,,
19/02/2024 15:45:00,0,312,,,,,,,,,,,,,,,,,,
19/02/2024 15:30:00,0,312,,,,,,,,,,,,,,,,,,
19/02/2024 15:15:00,0,313,,,,,,,,,,,,,,,,,,
19/02/2024 15:00:00,0,313,,,,,,,,,,,,,,,,,,
19/02/2024 14:45:00,0,314,,,,,,,,,,,,,,,,,,
19/02/2024 14:30:00,0,314,,,,,,,,,,,,,,,,,,
19/02/2024 14:15:00,0,315,,,,,,,,,,,,,,,,,,
19/02/2024 14:00:00,0,316,,,,,,,,,,,,,,,,,,
19/02/2024 13:45:00,0,316,,,,,,,,,,,,,,,,,,
19/02/2024 13:30:00,0,317,,,,,,,,,,,,,,,,,,
19/02/2024 13:15:00,0,317,,,,,,,,,,,,,,,,,,
19/02/2024 13:00:00,0,318,,,,,,,,,,,,,,,,,,
19/02/2024 12:45:00,0,319,,,,,,,,,,,,,,,,,,
19/02/2024 12:30:00,0,319,,,,,,,,,,,,,,,,,,
19/02/2024 12:15:00,0,320,,,,,,,,,,,,,,,,,,
19/02/2024 12:00:00,0,320,,,,,,,,,,,,,,,,,,
19/02/2024 11:45:00,0,321,,,,,,,,,,,,,,,,,,
19/02/2024 11:30:00,0,321,,,,,,,,,,,,,,,,,,
19/02/2024 11:15:00,0,322,,,,,,,,,,,,,,,,,,
19/02/2024 11:00:00,0,322,,,,,,,,,,,,,,,,,,
19/02/2024 10:45:00,0,323,,,,,,,,,,,,,,,,,,
19/02/2024 10:30:00,0,323,,,,,,,,,,,,,,,,,,
19/02/2024 10:15:00,0,324,,,,,,,,,,,,,,,,,,
19/02/2024 10:00:00,0,324,,,,,,,,,,,,,,,,,,
19/02/2024 09:45:00,0,325,,,,,,,,,,,,,,,,,,
19/02/2024 09:30:00,0,325,,,,,,,,,,,,,,,,,,
19/02/2024 09:15:00,0,326,,,,,,,,,,,,,,,,,,
19/02/2024 09:00:00,0,326,,,,,,,,,,,,,,,,,,
19/02/2024 08:45:00,0,327,,,,,,,,,,,,,,,,,,
19/02/2024 08:30:00,0,328,,,,,,,,,,,,,,,,,,
19/02/2024 08:15:00,0,328,,,,,,,,,,,,,,,,,,
19/02/2024 08:00:00,0,328,,,,,,,,,,,,,,,,,,
19/02/2024 07:45:00,0,329,,,,,,,,,,,,,,,,,,
19/02/2024 07:30:00,0,330,,,,,,,,,,,,,,,,,,
19/02/2024 07:15:00,0,330,,,,,,,,,,,,,,,,,,
19/02/2024 07:00:00,0,331,,,,,,,,,,,,,,,,,,
19/02/2024 06:45:00,0,332,,,,,,,,,,,,,,,,,,
19/02/2024 06:30:00,0,332,,,,,,,,,,,,,,,,,,
19/02/2024 06:15:00,0,333,,,,,,,,,,,,,,,,,,
19/02/2024 06:00:00,0,333,,,,,,,,,,,,,,,,,,
19/02/2024 05:45:00,0,334,,,,,,,,,,,,,,,,,,
19/02/2024 05:30:00,0,335,,,,,,,,,,,,,,,,,,
19/02/2024 05:15:00,0,336,,,,,,,,,,,,,,,,,,
19/02/2024 05:00:00,0,336,,,,,,,,,,,,,,,,,,
19/02/2024 04:45:00,0,337,,,,,,,,,,,,,,,,,,
19/02/2024 04:30:00,0,338,,,,,,,,,,,,,,,,,,
19/02/2024 04:15:00,0,338,,,,,,,,,,,,,,,,,,
19/02/2024 04:00:00,0,339,,,,,,,,,,,,,,,,,,
19/02/2024 03:45:00,0,340,,,,,,,,,,,,,,,,,,
19/02/2024 03:30:00,0,340,,,,,,,,,,,,,,,,,,
19/02/2024 03:15:00,0,341,,,,,,,,,,,,,,,,,,
19/02/2024 03:00:00,0,342,,,,,,,,,,,,,,,,,,
19/02/2024 02:45:00,0,342,,,,,,,,,,,,,,,,,,
19/02/2024 02:30:00,0,343,,,,,,,,,,,,,,,,,,
19/02/2024 02:15:00,0,344,,,,,,,,,,,,,,,,,,
19/02/2024 02:00:00,0,344,,,,,,,,,,,,,,,,,,
19/02/2024 01:45:00,0,345,,,,,,,,,,,,,,,,,,
19/02/2024 01:30:00,0,345,,,,,,,,,,,,,,,,,,
19/02/2024 01:15:00,0,346,,,,,,,,,,,,,,,,,,
19/02/2024 01:00:00,0,346,,,,,,,,,,,,,,,,,,
19/02/2024 00:45:00,0,347,,,,,,,,,,,,,,,,,,
19/02/2024 00:30:00,0,347,,,,,,,,,,,,,,,,,,
19/02/2024 00:15:00,0,348,,,,,,,,,,,,,,,,,,
19/02/2024 00:00:00,0,348,,,,,,,,,,,,,,,,,,
18/02/2024 23:45:00,0,349,,,,,,,,,,,,,,,,,,
18/02/2024 23:30:00,0,349,,,,,,,,,,,,,,,,,,
18/02/2024 23:15:00,0,350,,,,,,,,,,,,,,,,,,
18/02/2024 23:00:00,0,350,,,,,,,,,,,,,,,,,,
18/02/2024 22:45:00,0,351,,,,,,,,,,,,,,,,,,
18/02/2024 22:30:00,0,351,,,,,,,,,,,,,,,,,,
18/02/2024 22:15:00,0,352,,,,,,,,,,,,,,,,,,
18/02/2024 22:00:00,0,352,,,,,,,,,,,,,,,,,,
18/02/2024 21:45:00,0,353,,,,,,,,,,,,,,,,,,
18/02/2024 21:30:00,0,353,,,,,,,,,,,,,,,,,,
18/02/2024 21:15:00,0,353,,,,,,,,,,,,,,,,,,
18/02/2024 21:00:00,0,354,,,,,,,,,,,,,,,,,,
18/02/2024 20:45:00,0,354,,,,,,,,,,,,,,,,,,
18/02/2024 20:30:00,0,354,,,,,,,,,,,,,,,,,,
18/02/2024 20:15:00,0,355,,,,,,,,,,,,,,,,,,
18/02/2024 20:00:00,0,355,,,,,,,,,,,,,,,,,,
18/02/2024 19:45:00,0,355,,,,,,,,,,,,,,,,,,
18/02/2024 19:30:00,0,355,,,,,,,,,,,,,,,,,,
18/02/2024 19:15:00,0,356,,,,,,,,,,,,,,,,,,
18/02/2024 19:00:00,0,356,,,,,,,,,,,,,,,,,,
18/02/2024 18:45:00,0,356,,,,,,,,,,,,,,,,,,
18/02/2024 18:30:00,0,356,,,,,,,,,,,,,,,,,,
18/02/2024 18:15:00,0,356,,,,,,,,,,,,,,,,,,
18/02/2024 18:00:00,0,356,,,,,,,,,,,,,,,,,,
18/02/2024 17:45:00,0,357,,,,,,,,,,,,,,,,,,
18/02/2024 17:30:00,0,358,,,,,,,,,,,,,,,,,,
18/02/2024 17:15:00,0,358,,,,,,,,,,,,,,,,,,
18/02/2024 17:00:00,0.2,358,,,,,,,,,,,,,,,,,,
18/02/2024 16:45:00,0,359,,,,,,,,,,,,,,,,,,
18/02/2024 16:30:00,0,360,,,,,,,,,,,,,,,,,,
18/02/2024 16:15:00,0,360,,,,,,,,,,,,,,,,,,
18/02/2024 16:00:00,0,360,,,,,,,,,,,,,,,,,,
18/02/2024 15:45:00,0,361,,,,,,,,,,,,,,,,,,
18/02/2024 15:30:00,0,361,,,,,,,,,,,,,,,,,,
18/02/2024 15:15:00,0,362,,,,,,,,,,,,,,,,,,
18/02/2024 15:00:00,0,362,,,,,,,,,,,,,,,,,,
18/02/2024 14:45:00,0,362,,,,,,,,,,,,,,,,,,
18/02/2024 14:30:00,0,362,,,,,,,,,,,,,,,,,,
18/02/2024 14:15:00,0,363,,,,,,,,,,,,,,,,,,
18/02/2024 14:00:00,0,363,,,,,,,,,,,,,,,,,,
18/02/2024 13:45:00,0,364,,,,,,,,,,,,,,,,,,
18/02/2024 13:30:00,0,364,,,,,,,,,,,,,,,,,,
18/02/2024 13:15:00,0,364,,,,,,,,,,,,,,,,,,
18/02/2024 13:00:00,0,364,,,,,,,,,,,,,,,,,,
18/02/2024 12:45:00,0,365,,,,,,,,,,,,,,,,,,
18/02/2024 12:30:00,0,365,,,,,,,,,,,,,,,,,,
18/02/2024 12:15:00,0,365,,,,,,,,,,,,,,,,,,
18/02/2024 12:00:00,0,365,,,,,,,,,,,,,,,,,,
18/02/2024 11:45:00,0,365,,,,,,,,,,,,,,,,,,
18/02/2024 11:30:00,0,365,,,,,,,,,,,,,,,,,,
18/02/2024 11:15:00,0,365,,,,,,,,,,,,,,,,,,
18/02/2024 11:00:00,0,365,,,,,,,,,,,,,,,,,,
18/02/2024 10:45:00,0,365,,,,,,,,,,,,,,,,,,
18/02/2024 10:30:00,0,365,,,,,,,,,,,,,,,,,,
18/02/2024 10:15:00,0,364,,,,,,,,,,,,,,,,,,
18/02/2024 10:00:00,0,364,,,,,,,,,,,,,,,,,,
18/02/2024 09:45:00,0,364,,,,,,,,,,,,,,,,,,
18/02/2024 09:30:00,0,363,,,,,,,,,,,,,,,,,,
18/02/2024 09:15:00,0,363,,,,,,,,,,,,,,,,,,
18/02/2024 09:00:00,0,363,,,,,,,,,,,,,,,,,,
18/02/2024 08:45:00,0,362,,,,,,,,,,,,,,,,,,
18/02/2024 08:30:00,0,361,,,,,,,,,,,,,,,,,,
18/02/2024 08:15:00,0,360,,,,,,,,,,,,,,,,,,
18/02/2024 08:00:00,0,360,,,,,,,,,,,,,,,,,,
18/02/2024 07:45:00,0,359,,,,,,,,,,,,,,,,,,
18/02/2024 07:30:00,0,358,,,,,,,,,,,,,,,,,,
18/02/2024 07:15:00,0,357,,,,,,,,,,,,,,,,,,
18/02/2024 07:00:00,0,356,,,,,,,,,,,,,,,,,,
18/02/2024 06:45:00,0,355,,,,,,,,,,,,,,,,,,
18/02/2024 06:30:00,0,354,,,,,,,,,,,,,,,,,,
18/02/2024 06:15:00,0,352,,,,,,,,,,,,,,,,,,
18/02/2024 06:00:00,0,351,,,,,,,,,,,,,,,,,,
18/02/2024 05:45:00,0,350,,,,,,,,,,,,,,,,,,
18/02/2024 05:30:00,0,348,,,,,,,,,,,,,,,,,,
18/02/2024 05:15:00,0,347,,,,,,,,,,,,,,,,,,
18/02/2024 05:00:00,0,347,,,,,,,,,,,,,,,,,,
18/02/2024 04:45:00,0,347,,,,,,,,,,,,,,,,,,
18/02/2024 04:30:00,0,347,,,,,,,,,,,,,,,,,,
18/02/2024 04:15:00,0,348,,,,,,,,,,,,,,,,,,
18/02/2024 04:00:00,0,347,,,,,,,,,,,,,,,,,,
18/02/2024 03:45:00,0,346,,,,,,,,,,,,,,,,,,
18/02/2024 03:30:00,0.2,345,,,,,,,,,,,,,,,,,,
18/02/2024 03:15:00,0,343,,,,,,,,,,,,,,,,,,
18/02/2024 03:00:00,0,342,,,,,,,,,,,,,,,,,,
18/02/2024 02:45:00,0,340,,,,,,,,,,,,,,,,,,
18/02/2024 02:30:00,0,339,,,,,,,,,,,,,,,,,,
18/02/2024 02:15:00,0,337,,,,,,,,,,,,,,,,,,
18/02/2024 02:00:00,0,336,,,,,,,,,,,,,,,,,,
18/02/2024 01:45:00,0,334,,,,,,,,,,,,,,,,,,
18/02/2024 01:30:00,0,333,,,,,,,,,,,,,,,,,,
18/02/2024 01:15:00,0,332,,,,,,,,,,,,,,,,,,
18/02/2024 01:00:00,0,331,,,,,,,,,,,,,,,,,,
18/02/2024 00:45:00,0,330,,,,,,,,,,,,,,,,,,
18/02/2024 00:30:00,0,329,,,,,,,,,,,,,,,,,,
18/02/2024 00:15:00,0,328,,,,,,,,,,,,,,,,,,
18/02/2024 00:00:00,0,327,,,,,,,,,,,,,,,,,,
17/02/2024 23:45:00,0,326,,,,,,,,,,,,,,,,,,
17/02/2024 23:30:00,0,326,,,,,,,,,,,,,,,,,,
17/02/2024 23:15:00,0,325,,,,,,,,,,,,,,,,,,
17/02/2024 23:00:00,0,324,,,,,,,,,,,,,,,,,,
17/02/2024 22:45:00,0,324,,,,,,,,,,,,,,,,,,
17/02/2024 22:30:00,0,323,,,,,,,,,,,,,,,,,,
17/02/2024 22:15:00,0,323,,,,,,,,,,,,,,,,,,
17/02/2024 22:00:00,0,323,,,,,,,,,,,,,,,,,,
17/02/2024 21:45:00,0,322,,,,,,,,,,,,,,,,,,
17/02/2024 21:30:00,0,322,,,,,,,,,,,,,,,,,,
17/02/2024 21:15:00,0,321,,,,,,,,,,,,,,,,,,
17/02/2024 21:00:00,0,321,,,,,,,,,,,,,,,,,,
17/02/2024 20:45:00,0,321,,,,,,,,,,,,,,,,,,
17/02/2024 20:30:00,0,320,,,,,,,,,,,,,,,,,,
17/02/2024 20:15:00,0,320,,,,,,,,,,,,,,,,,,
17/02/2024 20:00:00,0,320,,,,,,,,,,,,,,,,,,
17/02/2024 19:45:00,0,319,,,,,,,,,,,,,,,,,,
17/02/2024 19:30:00,0,319,,,,,,,,,,,,,,,,,,
17/02/2024 19:15:00,0,319,,,,,,,,,,,,,,,,,,
17/02/2024 19:00:00,0,318,,,,,,,,,,,,,,,,,,
17/02/2024 18:45:00,0,318,,,,,,,,,,,,,,,,,,
17/02/2024 18:30:00,0,317,,,,,,,,,,,,,,,,,,
17/02/2024 18:15:00,0,317,,,,,,,,,,,,,,,,,,
17/02/2024 18:00:00,0,317,,,,,,,,,,,,,,,,,,
17/02/2024 17:45:00,0,316,,,,,,,,,,,,,,,,,,
17/02/2024 17:30:00,0,315,,,,,,,,,,,,,,,,,,
17/02/2024 17:15:00,0,315,,,,,,,,,,,,,,,,,,
17/02/2024 17:00:00,0.4,316,,,,,,,,,,,,,,,,,,
17/02/2024 16:45:00,0.4,315,,,,,,,,,,,,,,,,,,
17/02/2024 16:30:00,0.6,315,,,,,,,,,,,,,,,,,,
17/02/2024 16:15:00,1,315,,,,,,,,,,,,,,,,,,
17/02/2024 16:00:00,0.6,314,,,,,,,,,,,,,,,,,,
17/02/2024 15:45:00,0,314,,,,,,,,,,,,,,,,,,
17/02/2024 15:30:00,0,314,,,,,,,,,,,,,,,,,,
17/02/2024 15:15:00,0,314,,,,,,,,,,,,,,,,,,
17/02/2024 15:00:00,0,313,,,,,,,,,,,,,,,,,,
17/02/2024 14:45:00,0,313,,,,,,,,,,,,,,,,,,
17/02/2024 14:30:00,0,313,,,,,,,,,,,,,,,,,,
17/02/2024 14:15:00,0,313,,,,,,,,,,,,,,,,,,
17/02/2024 14:00:00,0,312,,,,,,,,,,,,,,,,,,
17/02/2024 13:45:00,0,313,,,,,,,,,,,,,,,,,,
17/02/2024 13:30:00,0,312,,,,,,,,,,,,,,,,,,
17/02/2024 13:15:00,0,312,,,,,,,,,,,,,,,,,,
17/02/2024 13:00:00,0,312,,,,,,,,,,,,,,,,,,
17/02/2024 12:45:00,0,311,,,,,,,,,,,,,,,,,,
17/02/2024 12:30:00,0,311,,,,,,,,,,,,,,,,,,
17/02/2024 12:15:00,0,311,,,,,,,,,,,,,,,,,,
17/02/2024 12:00:00,0,311,,,,,,,,,,,,,,,,,,
17/02/2024 11:45:00,0,311,,,,,,,,,,,,,,,,,,
17/02/2024 11:30:00,0,311,,,,,,,,,,,,,,,,,,
17/02/2024 11:15:00,0,310,,,,,,,,,,,,,,,,,,
17/02/2024 11:00:00,0,310,,,,,,,,,,,,,,,,,,
17/02/2024 10:45:00,0,310,,,,,,,,,,,,,,,,,,
17/02/2024 10:30:00,0,310,,,,,,,,,,,,,,,,,,
17/02/2024 10:15:00,0,310,,,,,,,,,,,,,,,,,,
17/02/2024 10:00:00,0,310,,,,,,,,,,,,,,,,,,
17/02/2024 09:45:00,0,309,,,,,,,,,,,,,,,,,,
17/02/2024 09:30:00,0,309,,,,,,,,,,,,,,,,,,
17/02/2024 09:15:00,0,309,,,,,,,,,,,,,,,,,,
17/02/2024 09:00:00,0,309,,,,,,,,,,,,,,,,,,
17/02/2024 08:45:00,0,309,,,,,,,,,,,,,,,,,,
17/02/2024 08:30:00,0,309,,,,,,,,,,,,,,,,,,
17/02/2024 08:15:00,0,308,,,,,,,,,,,,,,,,,,
17/02/2024 08:00:00,0,308,,,,,,,,,,,,,,,,,,
17/02/2024 07:45:00,0,308,,,,,,,,,,,,,,,,,,
17/02/2024 07:30:00,0,308,,,,,,,,,,,,,,,,,,
17/02/2024 07:15:00,0,308,,,,,,,,,,,,,,,,,,
17/02/2024 07:00:00,0,307,,,,,,,,,,,,,,,,,,
17/02/2024 06:45:00,0,307,,,,,,,,,,,,,,,,,,
17/02/2024 06:30:00,0,307,,,,,,,,,,,,,,,,,,
17/02/2024 06:15:00,0,307,,,,,,,,,,,,,,,,,,
17/02/2024 06:00:00,0,307,,,,,,,,,,,,,,,,,,
17/02/2024 05:45:00,0,306,,,,,,,,,,,,,,,,,,
17/02/2024 05:30:00,0,306,,,,,,,,,,,,,,,,,,
17/02/2024 05:15:00,0,306,,,,,,,,,,,,,,,,,,
17/02/2024 05:00:00,0,305,,,,,,,,,,,,,,,,,,
17/02/2024 04:45:00,0,305,,,,,,,,,,,,,,,,,,
17/02/2024 04:30:00,0,305,,,,,,,,,,,,,,,,,,
17/02/2024 04:15:00,0,305,,,,,,,,,,,,,,,,,,
17/02/2024 04:00:00,0,305,,,,,,,,,,,,,,,,,,
17/02/2024 03:45:00,0,304,,,,,,,,,,,,,,,,,,
17/02/2024 03:30:00,0,304,,,,,,,,,,,,,,,,,,
17/02/2024 03:15:00,0,304,,,,,,,,,,,,,,,,,,
17/02/2024 03:00:00,0,303,,,,,,,,,,,,,,,,,,
17/02/2024 02:45:00,0,303,,,,,,,,,,,,,,,,,,
17/02/2024 02:30:00,0,303,,,,,,,,,,,,,,,,,,
17/02/2024 02:15:00,0,302,,,,,,,,,,,,,,,,,,
17/02/2024 02:00:00,0,302,,,,,,,,,,,,,,,,,,
17/02/2024 01:45:00,0,302,,,,,,,,,,,,,,,,,,
17/02/2024 01:30:00,0,301,,,,,,,,,,,,,,,,,,
17/02/2024 01:15:00,0,301,,,,,,,,,,,,,,,,,,
17/02/2024 01:00:00,0,301,,,,,,,,,,,,,,,,,,
17/02/2024 00:45:00,0,300,,,,,,,,,,,,,,,,,,
17/02/2024 00:30:00,0,300,,,,,,,,,,,,,,,,,,
17/02/2024 00:15:00,0,300,,,,,,,,,,,,,,,,,,
17/02/2024 00:00:00,0,299,,,,,,,,,,,,,,,,,,
16/02/2024 23:45:00,0,299,,,,,,,,,,,,,,,,,,
16/02/2024 23:30:00,0,299,,,,,,,,,,,,,,,,,,
16/02/2024 23:15:00,0,298,,,,,,,,,,,,,,,,,,
16/02/2024 23:00:00,0,298,,,,,,,,,,,,,,,,,,
16/02/2024 22:45:00,0,298,,,,,,,,,,,,,,,,,,
16/02/2024 22:30:00,0,298,,,,,,,,,,,,,,,,,,
16/02/2024 22:15:00,0,297,,,,,,,,,,,,,,,,,,
16/02/2024 22:00:00,0,297,,,,,,,,,,,,,,,,,,
16/02/2024 21:45:00,0,296,,,,,,,,,,,,,,,,,,
16/02/2024 21:30:00,0,296,,,,,,,,,,,,,,,,,,
16/02/2024 21:15:00,0.2,296,,,,,,,,,,,,,,,,,,
16/02/2024 21:00:00,0,296,,,,,,,,,,,,,,,,,,
16/02/2024 20:45:00,0,295,,,,,,,,,,,,,,,,,,
16/02/2024 20:30:00,0,295,,,,,,,,,,,,,,,,,,
16/02/2024 20:15:00,0,295,,,,,,,,,,,,,,,,,,
16/02/2024 20:00:00,0,294,,,,,,,,,,,,,,,,,,
16/02/2024 19:45:00,0,294,,,,,,,,,,,,,,,,,,
16/02/2024 19:30:00,0,294,,,,,,,,,,,,,,,,,,
16/02/2024 19:15:00,0,293,,,,,,,,,,,,,,,,,,
16/02/2024 19:00:00,0,293,,,,,,,,,,,,,,,,,,
16/02/2024 18:45:00,0,293,,,,,,,,,,,,,,,,,,
16/02/2024 18:30:00,0,293,,,,,,,,,,,,,,,,,,
16/02/2024 18:15:00,0,292,,,,,,,,,,,,,,,,,,
16/02/2024 18:00:00,0,292,,,,,,,,,,,,,,,,,,
16/02/2024 17:45:00,0,291,,,,,,,,,,,,,,,,,,
16/02/2024 17:30:00,0,291,,,,,,,,,,,,,,,,,,
16/02/2024 17:15:00,0,290,,,,,,,,,,,,,,,,,,
16/02/2024 17:00:00,0,288,,,,,,,,,,,,,,,,,,
16/02/2024 16:45:00,0,289,,,,,,,,,,,,,,,,,,
16/02/2024 16:30:00,0,289,,,,,,,,,,,,,,,,,,
16/02/2024 16:15:00,0,286,,,,,,,,,,,,,,,,,,
16/02/2024 16:00:00,0,286,,,,,,,,,,,,,,,,,,
16/02/2024 15:45:00,0,285,,,,,,,,,,,,,,,,,,
16/02/2024 15:30:00,0,284,,,,,,,,,,,,,,,,,,
16/02/2024 15:15:00,0.2,283,,,,,,,,,,,,,,,,,,
16/02/2024 15:00:00,0.4,283,,,,,,,,,,,,,,,,,,
16/02/2024 14:45:00,0.4,280,,,,,,,,,,,,,,,,,,
16/02/2024 14:30:00,1,280,,,,,,,,,,,,,,,,,,
16/02/2024 14:15:00,0.6,277,,,,,,,,,,,,,,,,,,
16/02/2024 14:00:00,0.4,277,,,,,,,,,,,,,,,,,,
16/02/2024 13:45:00,0.2,276,,,,,,,,,,,,,,,,,,
16/02/2024 13:30:00,0.4,273,,,,,,,,,,,,,,,,,,
16/02/2024 13:15:00,1.6,270,,,,,,,,,,,,,,,,,,
16/02/2024 13:00:00,0.6,268,,,,,,,,,,,,,,,,,,
16/02/2024 12:45:00,0.4,266,,,,,,,,,,,,,,,,,,
16/02/2024 12:30:00,0.2,263,,,,,,,,,,,,,,,,,,
16/02/2024 12:15:00,1.4,259,,,,,,,,,,,,,,,,,,
16/02/2024 12:00:00,1.8,257,,,,,,,,,,,,,,,,,,
16/02/2024 11:45:00,1.2,255,,,,,,,,,,,,,,,,,,
16/02/2024 11:30:00,2,254,,,,,,,,,,,,,,,,,,
16/02/2024 11:15:00,4.6,249,,,,,,,,,,,,,,,,,,
16/02/2024 11:00:00,9.6,245,,,,,,,,,,,,,,,,,,
16/02/2024 10:45:00,6.6,243,,,,,,,,,,,,,,,,,,
16/02/2024 10:30:00,3,243,,,,,,,,,,,,,,,,,,
16/02/2024 10:15:00,1.6,243,,,,,,,,,,,,,,,,,,
16/02/2024 10:00:00,0,245,,,,,,,,,,,,,,,,,,
16/02/2024 09:45:00,0,245,,,,,,,,,,,,,,,,,,
16/02/2024 09:30:00,0,246,,,,,,,,,,,,,,,,,,
16/02/2024 09:15:00,0,246,,,,,,,,,,,,,,,,,,
16/02/2024 09:00:00,0,246,,,,,,,,,,,,,,,,,,
16/02/2024 08:45:00,0,247,,,,,,,,,,,,,,,,,,
16/02/2024 08:30:00,0,248,,,,,,,,,,,,,,,,,,
16/02/2024 08:15:00,0,247,,,,,,,,,,,,,,,,,,
16/02/2024 08:00:00,0,248,,,,,,,,,,,,,,,,,,
16/02/2024 07:45:00,0,249,,,,,,,,,,,,,,,,,,
16/02/2024 07:30:00,0,249,,,,,,,,,,,,,,,,,,
16/02/2024 07:15:00,0,249,,,,,,,,,,,,,,,,,,
16/02/2024 07:00:00,0.4,250,,,,,,,,,,,,,,,,,,
16/02/2024 06:45:00,0,250,,,,,,,,,,,,,,,,,,
16/02/2024 06:30:00,0,251,,,,,,,,,,,,,,,,,,
16/02/2024 06:15:00,0,251,,,,,,,,,,,,,,,,,,
16/02/2024 06:00:00,0,252,,,,,,,,,,,,,,,,,,
16/02/2024 05:45:00,0,252,,,,,,,,,,,,,,,,,,
16/02/2024 05:30:00,0,253,,,,,,,,,,,,,,,,,,
16/02/2024 05:15:00,0,253,,,,,,,,,,,,,,,,,,
16/02/2024 05:00:00,0,253,,,,,,,,,,,,,,,,,,
16/02/2024 04:45:00,0,254,,,,,,,,,,,,,,,,,,
16/02/2024 04:30:00,0,254,,,,,,,,,,,,,,,,,,
16/02/2024 04:15:00,0,255,,,,,,,,,,,,,,,,,,
16/02/2024 04:00:00,0,256,,,,,,,,,,,,,,,,,,
16/02/2024 03:45:00,0,256,,,,,,,,,,,,,,,,,,
16/02/2024 03:30:00,0,257,,,,,,,,,,,,,,,,,,
16/02/2024 03:15:00,0,257,,,,,,,,,,,,,,,,,,
16/02/2024 03:00:00,0,257,,,,,,,,,,,,,,,,,,
16/02/2024 02:45:00,0,258,,,,,,,,,,,,,,,,,,
16/02/2024 02:30:00,0,258,,,,,,,,,,,,,,,,,,
16/02/2024 02:15:00,0,259,,,,,,,,,,,,,,,,,,
16/02/2024 02:00:00,0,259,,,,,,,,,,,,,,,,,,
16/02/2024 01:45:00,0,259,,,,,,,,,,,,,,,,,,
16/02/2024 01:30:00,0,260,,,,,,,,,,,,,,,,,,
16/02/2024 01:15:00,0,261,,,,,,,,,,,,,,,,,,
16/02/2024 01:00:00,0,261,,,,,,,,,,,,,,,,,,
16/02/2024 00:45:00,0,262,,,,,,,,,,,,,,,,,,
16/02/2024 00:30:00,0,262,,,,,,,,,,,,,,,,,,
16/02/2024 00:15:00,0,262,,,,,,,,,,,,,,,,,,
16/02/2024 00:00:00,0,263,,,,,,,,,,,,,,,,,,
15/02/2024 23:45:00,0,264,,,,,,,,,,,,,,,,,,
15/02/2024 23:30:00,0,264,,,,,,,,,,,,,,,,,,
15/02/2024 23:15:00,0,265,,,,,,,,,,,,,,,,,,
15/02/2024 23:00:00,0,266,,,,,,,,,,,,,,,,,,
15/02/2024 22:45:00,0,266,,,,,,,,,,,,,,,,,,
15/02/2024 22:30:00,0,267,,,,,,,,,,,,,,,,,,
15/02/2024 22:15:00,0,268,,,,,,,,,,,,,,,,,,
15/02/2024 22:00:00,0,268,,,,,,,,,,,,,,,,,,
15/02/2024 21:45:00,0,269,,,,,,,,,,,,,,,,,,
15/02/2024 21:30:00,0,269,,,,,,,,,,,,,,,,,,
15/02/2024 21:15:00,0,270,,,,,,,,,,,,,,,,,,
15/02/2024 21:00:00,0,271,,,,,,,,,,,,,,,,,,
15/02/2024 20:45:00,0,272,,,,,,,,,,,,,,,,,,
15/02/2024 20:30:00,0,272,,,,,,,,,,,,,,,,,,
15/02/2024 20:15:00,0,273,,,,,,,,,,,,,,,,,,
15/02/2024 20:00:00,0,273,,,,,,,,,,,,,,,,,,
15/02/2024 19:45:00,0,274,,,,,,,,,,,,,,,,,,
15/02/2024 19:30:00,0,275,,,,,,,,,,,,,,,,,,
15/02/2024 19:15:00,0,275,,,,,,,,,,,,,,,,,,
15/02/2024 19:00:00,0,276,,,,,,,,,,,,,,,,,,
15/02/2024 18:45:00,0,276,,,,,,,,,,,,,,,,,,
15/02/2024 18:30:00,0,278,,,,,,,,,,,,,,,,,,
15/02/2024 18:15:00,0,278,,,,,,,,,,,,,,,,,,
15/02/2024 18:00:00,0,278,,,,,,,,,,,,,,,,,,
15/02/2024 17:45:00,0,279,,,,,,,,,,,,,,,,,,
15/02/2024 17:30:00,0,280,,,,,,,,,,,,,,,,,,
15/02/2024 17:15:00,0,280,,,,,,,,,,,,,,,,,,
15/02/2024 17:00:00,0,281,,,,,,,,,,,,,,,,,,
15/02/2024 16:45:00,0,282,,,,,,,,,,,,,,,,,,
15/02/2024 16:30:00,0,282,,,,,,,,,,,,,,,,,,
15/02/2024 16:15:00,0,283,,,,,,,,,,,,,,,,,,
15/02/2024 16:00:00,0,284,,,,,,,,,,,,,,,,,,
15/02/2024 15:45:00,0,285,,,,,,,,,,,,,,,,,,
15/02/2024 15:30:00,0,283,,,,,,,,,,,,,,,,,,
15/02/2024 15:15:00,0,285,,,,,,,,,,,,,,,,,,
15/02/2024 15:00:00,0,286,,,,,,,,,,,,,,,,,,
15/02/2024 14:45:00,0,285,,,,,,,,,,,,,,,,,,
15/02/2024 14:30:00,0,287,,,,,,,,,,,,,,,,,,
15/02/2024 14:15:00,0,287,,,,,,,,,,,,,,,,,,
15/02/2024 14:00:00,0,288,,,,,,,,,,,,,,,,,,
15/02/2024 13:45:00,0,289,,,,,,,,,,,,,,,,,,
15/02/2024 13:30:00,0,288,,,,,,,,,,,,,,,,,,
15/02/2024 13:15:00,0,291,,,,,,,,,,,,,,,,,,
15/02/2024 13:00:00,0,290,,,,,,,,,,,,,,,,,,
15/02/2024 12:45:00,0,291,,,,,,,,,,,,,,,,,,
15/02/2024 12:30:00,0,291,,,,,,,,,,,,,,,,,,
15/02/2024 12:15:00,0,293,,,,,,,,,,,,,,,,,,
15/02/2024 12:00:00,0,293,,,,,,,,,,,,,,,,,,
15/02/2024 11:45:00,0,293,,,,,,,,,,,,,,,,,,
15/02/2024 11:30:00,0,294,,,,,,,,,,,,,,,,,,
15/02/2024 11:15:00,0,295,,,,,,,,,,,,,,,,,,
15/02/2024 11:00:00,0,294,,,,,,,,,,,,,,,,,,
15/02/2024 10:45:00,0,295,,,,,,,,,,,,,,,,,,
15/02/2024 10:30:00,0,295,,,,,,,,,,,,,,,,,,
15/02/2024 10:15:00,0,296,,,,,,,,,,,,,,,,,,
15/02/2024 10:00:00,0,297,,,,,,,,,,,,,,,,,,
15/02/2024 09:45:00,0,297,,,,,,,,,,,,,,,,,,
15/02/2024 09:30:00,0,298,,,,,,,,,,,,,,,,,,
15/02/2024 09:15:00,0,298,,,,,,,,,,,,,,,,,,
15/02/2024 09:00:00,0,298,,,,,,,,,,,,,,,,,,
15/02/2024 08:45:00,0,299,,,,,,,,,,,,,,,,,,
15/02/2024 08:30:00,0,299,,,,,,,,,,,,,,,,,,
15/02/2024 08:15:00,0,299,,,,,,,,,,,,,,,,,,
15/02/2024 08:00:00,0,300,,,,,,,,,,,,,,,,,,
15/02/2024 07:45:00,0,300,,,,,,,,,,,,,,,,,,
15/02/2024 07:30:00,0,300,,,,,,,,,,,,,,,,,,
15/02/2024 07:15:00,0,301,,,,,,,,,,,,,,,,,,
15/02/2024 07:00:00,0,301,,,,,,,,,,,,,,,,,,
15/02/2024 06:45:00,0,302,,,,,,,,,,,,,,,,,,
15/02/2024 06:30:00,0,302,,,,,,,,,,,,,,,,,,
15/02/2024 06:15:00,0,302,,,,,,,,,,,,,,,,,,
15/02/2024 06:00:00,0,303,,,,,,,,,,,,,,,,,,
15/02/2024 05:45:00,0,303,,,,,,,,,,,,,,,,,,
15/02/2024 05:30:00,0,303,,,,,,,,,,,,,,,,,,
15/02/2024 05:15:00,0,303,,,,,,,,,,,,,,,,,,
15/02/2024 05:00:00,0,303,,,,,,,,,,,,,,,,,,
15/02/2024 04:45:00,0,304,,,,,,,,,,,,,,,,,,
15/02/2024 04:30:00,0,304,,,,,,,,,,,,,,,,,,
15/02/2024 04:15:00,0,304,,,,,,,,,,,,,,,,,,
15/02/2024 04:00:00,0,305,,,,,,,,,,,,,,,,,,
15/02/2024 03:45:00,0,305,,,,,,,,,,,,,,,,,,
15/02/2024 03:30:00,0,305,,,,,,,,,,,,,,,,,,
15/02/2024 03:15:00,0,305,,,,,,,,,,,,,,,,,,
15/02/2024 03:00:00,0,305,,,,,,,,,,,,,,,,,,
15/02/2024 02:45:00,0,306,,,,,,,,,,,,,,,,,,
15/02/2024 02:30:00,0,306,,,,,,,,,,,,,,,,,,
15/02/2024 02:15:00,0,306,,,,,,,,,,,,,,,,,,
15/02/2024 02:00:00,0,306,,,,,,,,,,,,,,,,,,
15/02/2024 01:45:00,0,306,,,,,,,,,,,,,,,,,,
15/02/2024 01:30:00,0,306,,,,,,,,,,,,,,,,,,
15/02/2024 01:15:00,0,306,,,,,,,,,,,,,,,,,,
15/02/2024 01:00:00,0,306,,,,,,,,,,,,,,,,,,
15/02/2024 00:45:00,0,306,,,,,,,,,,,,,,,,,,
15/02/2024 00:30:00,0,306,,,,,,,,,,,,,,,,,,
15/02/2024 00:15:00,0,306,,,,,,,,,,,,,,,,,,
15/02/2024 00:00:00,0,306,,,,,,,,,,,,,,,,,,
14/02/2024 23:45:00,0,306,,,,,,,,,,,,,,,,,,
14/02/2024 23:30:00,0,306,,,,,,,,,,,,,,,,,,
14/02/2024 23:15:00,0,306,,,,,,,,,,,,,,,,,,
14/02/2024 23:00:00,0,306,,,,,,,,,,,,,,,,,,
14/02/2024 22:45:00,0,306,,,,,,,,,,,,,,,,,,
14/02/2024 22:30:00,0,306,,,,,,,,,,,,,,,,,,
14/02/2024 22:15:00,0,306,,,,,,,,,,,,,,,,,,
14/02/2024 22:00:00,0,305,,,,,,,,,,,,,,,,,,
14/02/2024 21:45:00,0,306,,,,,,,,,,,,,,,,,,
14/02/2024 21:30:00,0,306,,,,,,,,,,,,,,,,,,
14/02/2024 21:15:00,0,305,,,,,,,,,,,,,,,,,,
14/02/2024 21:00:00,0,305,,,,,,,,,,,,,,,,,,
14/02/2024 20:45:00,0,305,,,,,,,,,,,,,,,,,,
14/02/2024 20:30:00,0,305,,,,,,,,,,,,,,,,,,
14/02/2024 20:15:00,0,305,,,,,,,,,,,,,,,,,,
14/02/2024 20:00:00,0,305,,,,,,,,,,,,,,,,,,
14/02/2024 19:45:00,0,305,,,,,,,,,,,,,,,,,,
14/02/2024 19:30:00,0,305,,,,,,,,,,,,,,,,,,
14/02/2024 19:15:00,0,305,,,,,,,,,,,,,,,,,,
14/02/2024 19:00:00,0,305,,,,,,,,,,,,,,,,,,
14/02/2024 18:45:00,0,305,,,,,,,,,,,,,,,,,,
14/02/2024 18:30:00,0,304,,,,,,,,,,,,,,,,,,
14/02/2024 18:15:00,0,304,,,,,,,,,,,,,,,,,,
14/02/2024 18:00:00,0,303,,,,,,,,,,,,,,,,,,
14/02/2024 17:45:00,0,304,,,,,,,,,,,,,,,,,,
14/02/2024 17:30:00,0,303,,,,,,,,,,,,,,,,,,
14/02/2024 17:15:00,0,302,,,,,,,,,,,,,,,,,,
14/02/2024 17:00:00,0,302,,,,,,,,,,,,,,,,,,
14/02/2024 16:45:00,0,302,,,,,,,,,,,,,,,,,,
14/02/2024 16:30:00,0,302,,,,,,,,,,,,,,,,,,
14/02/2024 16:15:00,0,302,,,,,,,,,,,,,,,,,,
14/02/2024 16:00:00,0,303,,,,,,,,,,,,,,,,,,
14/02/2024 15:45:00,0,301,,,,,,,,,,,,,,,,,,
14/02/2024 15:30:00,0,301,,,,,,,,,,,,,,,,,,
14/02/2024 15:15:00,0,302,,,,,,,,,,,,,,,,,,
14/02/2024 15:00:00,0,300,,,,,,,,,,,,,,,,,,
14/02/2024 14:45:00,0,301,,,,,,,,,,,,,,,,,,
14/02/2024 14:30:00,0,300,,,,,,,,,,,,,,,,,,
14/02/2024 14:15:00,0,301,,,,,,,,,,,,,,,,,,
14/02/2024 14:00:00,0,300,,,,,,,,,,,,,,,,,,
14/02/2024 13:45:00,0,299,,,,,,,,,,,,,,,,,,
14/02/2024 13:30:00,0,299,,,,,,,,,,,,,,,,,,
14/02/2024 13:15:00,0,299,,,,,,,,,,,,,,,,,,
14/02/2024 13:00:00,0,299,,,,,,,,,,,,,,,,,,
14/02/2024 12:45:00,0,297,,,,,,,,,,,,,,,,,,
14/02/2024 12:30:00,0,298,,,,,,,,,,,,,,,,,,
14/02/2024 12:15:00,0,298,,,,,,,,,,,,,,,,,,
14/02/2024 12:00:00,0,297,,,,,,,,,,,,,,,,,,
14/02/2024 11:45:00,0,298,,,,,,,,,,,,,,,,,,
14/02/2024 11:30:00,0,298,,,,,,,,,,,,,,,,,,
14/02/2024 11:15:00,0,296,,,,,,,,,,,,,,,,,,
14/02/2024 11:00:00,0,297,,,,,,,,,,,,,,,,,,
14/02/2024 10:45:00,0,296,,,,,,,,,,,,,,,,,,
14/02/2024 10:30:00,0,296,,,,,,,,,,,,,,,,,,
14/02/2024 10:15:00,0,295,,,,,,,,,,,,,,,,,,
14/02/2024 10:00:00,0,295,,,,,,,,,,,,,,,,,,
14/02/2024 09:45:00,0,294,,,,,,,,,,,,,,,,,,
14/02/2024 09:30:00,0,294,,,,,,,,,,,,,,,,,,
14/02/2024 09:15:00,0,293,,,,,,,,,,,,,,,,,,
14/02/2024 09:00:00,0,293,,,,,,,,,,,,,,,,,,
14/02/2024 08:45:00,0,292,,,,,,,,,,,,,,,,,,
14/02/2024 08:30:00,0,292,,,,,,,,,,,,,,,,,,
14/02/2024 08:15:00,0,291,,,,,,,,,,,,,,,,,,
14/02/2024 08:00:00,0,290,,,,,,,,,,,,,,,,,,
14/02/2024 07:45:00,0,290,,,,,,,,,,,,,,,,,,
14/02/2024 07:30:00,0,289,,,,,,,,,,,,,,,,,,
14/02/2024 07:15:00,0,289,,,,,,,,,,,,,,,,,,
14/02/2024 07:00:00,0,288,,,,,,,,,,,,,,,,,,
14/02/2024 06:45:00,0,287,,,,,,,,,,,,,,,,,,
14/02/2024 06:30:00,0,287,,,,,,,,,,,,,,,,,,
14/02/2024 06:15:00,0,286,,,,,,,,,,,,,,,,,,
14/02/2024 06:00:00,0,286,,,,,,,,,,,,,,,,,,
14/02/2024 05:45:00,0,285,,,,,,,,,,,,,,,,,,
14/02/2024 05:30:00,0,285,,,,,,,,,,,,,,,,,,
14/02/2024 05:15:00,0,284,,,,,,,,,,,,,,,,,,
14/02/2024 05:00:00,0,283,,,,,,,,,,,,,,,,,,
14/02/2024 04:45:00,0,283,,,,,,,,,,,,,,,,,,
14/02/2024 04:30:00,0,282,,,,,,,,,,,,,,,,,,
14/02/2024 04:15:00,0,282,,,,,,,,,,,,,,,,,,
14/02/2024 04:00:00,0,281,,,,,,,,,,,,,,,,,,
14/02/2024 03:45:00,0,280,,,,,,,,,,,,,,,,,,
14/02/2024 03:30:00,0,280,,,,,,,,,,,,,,,,,,
14/02/2024 03:15:00,0,279,,,,,,,,,,,,,,,,,,
14/02/2024 03:00:00,0,278,,,,,,,,,,,,,,,,,,
14/02/2024 02:45:00,0,278,,,,,,,,,,,,,,,,,,
14/02/2024 02:30:00,0,277,,,,,,,,,,,,,,,,,,
14/02/2024 02:15:00,0,277,,,,,,,,,,,,,,,,,,
14/02/2024 02:00:00,0,276,,,,,,,,,,,,,,,,,,
14/02/2024 01:45:00,0,275,,,,,,,,,,,,,,,,,,
14/02/2024 01:30:00,0,274,,,,,,,,,,,,,,,,,,
14/02/2024 01:15:00,0,274,,,,,,,,,,,,,,,,,,
14/02/2024 01:00:00,0,273,,,,,,,,,,,,,,,,,,
14/02/2024 00:45:00,0,272,,,,,,,,,,,,,,,,,,
14/02/2024 00:30:00,0,271,,,,,,,,,,,,,,,,,,
14/02/2024 00:15:00,0,271,,,,,,,,,,,,,,,,,,
14/02/2024 00:00:00,0,270,,,,,,,,,,,,,,,,,,
13/02/2024 23:45:00,0,269,,,,,,,,,,,,,,,,,,
13/02/2024 23:30:00,0,267,,,,,,,,,,,,,,,,,,
13/02/2024 23:15:00,0,267,,,,,,,,,,,,,,,,,,
13/02/2024 23:00:00,0,266,,,,,,,,,,,,,,,,,,
13/02/2024 22:45:00,0,265,,,,,,,,,,,,,,,,,,
13/02/2024 22:30:00,0,264,,,,,,,,,,,,,,,,,,
13/02/2024 22:15:00,0,262,,,,,,,,,,,,,,,,,,
13/02/2024 22:00:00,0.2,261,,,,,,,,,,,,,,,,,,
13/02/2024 21:45:00,0,260,,,,,,,,,,,,,,,,,,
13/02/2024 21:30:00,0,259,,,,,,,,,,,,,,,,,,
13/02/2024 21:15:00,0,258,,,,,,,,,,,,,,,,,,
13/02/2024 21:00:00,0,257,,,,,,,,,,,,,,,,,,
13/02/2024 20:45:00,0,255,,,,,,,,,,,,,,,,,,
13/02/2024 20:30:00,0.2,254,,,,,,,,,,,,,,,,,,
13/02/2024 20:15:00,0,253,,,,,,,,,,,,,,,,,,
13/02/2024 20:00:00,0,252,,,,,,,,,,,,,,,,,,
13/02/2024 19:45:00,0.2,250,,,,,,,,,,,,,,,,,,
13/02/2024 19:30:00,0,248,,,,,,,,,,,,,,,,,,
13/02/2024 19:15:00,0.4,247,,,,,,,,,,,,,,,,,,
13/02/2024 19:00:00,0.4,246,,,,,,,,,,,,,,,,,,
13/02/2024 18:45:00,0.8,244,,,,,,,,,,,,,,,,,,
13/02/2024 18:30:00,1.6,241,,,,,,,,,,,,,,,,,,
13/02/2024 18:15:00,0.8,241,,,,,,,,,,,,,,,,,,
13/02/2024 18:00:00,0.4,240,,,,,,,,,,,,,,,,,,
13/02/2024 17:45:00,0.2,239,,,,,,,,,,,,,,,,,,
13/02/2024 17:30:00,0.4,237,,,,,,,,,,,,,,,,,,
13/02/2024 17:15:00,0.2,236,,,,,,,,,,,,,,,,,,
13/02/2024 17:00:00,0.2,235,,,,,,,,,,,,,,,,,,
13/02/2024 16:45:00,0.4,234,,,,,,,,,,,,,,,,,,
13/02/2024 16:30:00,0,232,,,,,,,,,,,,,,,,,,
13/02/2024 16:15:00,0.2,230,,,,,,,,,,,,,,,,,,
13/02/2024 16:00:00,0.4,227,,,,,,,,,,,,,,,,,,
13/02/2024 15:45:00,0.4,225,,,,,,,,,,,,,,,,,,
13/02/2024 15:30:00,1,222,,,,,,,,,,,,,,,,,,
13/02/2024 15:15:00,0.8,218,,,,,,,,,,,,,,,,,,
13/02/2024 15:00:00,2.2,215,,,,,,,,,,,,,,,,,,
13/02/2024 14:45:00,0.8,211,,,,,,,,,,,,,,,,,,
13/02/2024 14:30:00,0.8,208,,,,,,,,,,,,,,,,,,
13/02/2024 14:15:00,1.4,203,,,,,,,,,,,,,,,,,,
13/02/2024 14:00:00,2,200,,,,,,,,,,,,,,,,,,
13/02/2024 13:45:00,1.4,197,,,,,,,,,,,,,,,,,,
13/02/2024 13:30:00,2.6,193,,,,,,,,,,,,,,,,,,
13/02/2024 13:15:00,2.8,188,,,,,,,,,,,,,,,,,,
13/02/2024 13:00:00,2.6,185,,,,,,,,,,,,,,,,,,
13/02/2024 12:45:00,3.2,181,,,,,,,,,,,,,,,,,,
13/02/2024 12:30:00,1,178,,,,,,,,,,,,,,,,,,
13/02/2024 12:15:00,2.2,177,,,,,,,,,,,,,,,,,,
13/02/2024 12:00:00,2,175,,,,,,,,,,,,,,,,,,
13/02/2024 11:45:00,0.6,174,,,,,,,,,,,,,,,,,,
13/02/2024 11:30:00,0.8,173,,,,,,,,,,,,,,,,,,
13/02/2024 11:15:00,0,172,,,,,,,,,,,,,,,,,,
13/02/2024 11:00:00,0,171,,,,,,,,,,,,,,,,,,
13/02/2024 10:45:00,0,169,,,,,,,,,,,,,,,,,,
13/02/2024 10:30:00,0.4,168,,,,,,,,,,,,,,,,,,
13/02/2024 10:15:00,0.2,165,,,,,,,,,,,,,,,,,,
13/02/2024 10:00:00,2.2,163,,,,,,,,,,,,,,,,,,
13/02/2024 09:45:00,1.2,161,,,,,,,,,,,,,,,,,,
13/02/2024 09:30:00,1.4,160,,,,,,,,,,,,,,,,,,
13/02/2024 09:15:00,1.8,158,,,,,,,,,,,,,,,,,,
13/02/2024 09:00:00,5.2,159,,,,,,,,,,,,,,,,,,
13/02/2024 08:45:00,0,158,,,,,,,,,,,,,,,,,,
13/02/2024 08:30:00,0,158,,,,,,,,,,,,,,,,,,
13/02/2024 08:15:00,0,157,,,,,,,,,,,,,,,,,,
13/02/2024 08:00:00,0,157,,,,,,,,,,,,,,,,,,
13/02/2024 07:45:00,0,157,,,,,,,,,,,,,,,,,,
13/02/2024 07:30:00,0,157,,,,,,,,,,,,,,,,,,
13/02/2024 07:15:00,0,157,,,,,,,,,,,,,,,,,,
13/02/2024 07:00:00,0,157,,,,,,,,,,,,,,,,,,
13/02/2024 06:45:00,0.2,157,,,,,,,,,,,,,,,,,,
13/02/2024 06:30:00,0,157,,,,,,,,,,,,,,,,,,
13/02/2024 06:15:00,0,157,,,,,,,,,,,,,,,,,,
13/02/2024 06:00:00,0.2,157,,,,,,,,,,,,,,,,,,
13/02/2024 05:45:00,0,157,,,,,,,,,,,,,,,,,,
13/02/2024 05:30:00,0,157,,,,,,,,,,,,,,,,,,
13/02/2024 05:15:00,0,157,,,,,,,,,,,,,,,,,,
13/02/2024 05:00:00,0,157,,,,,,,,,,,,,,,,,,
13/02/2024 04:45:00,0,157,,,,,,,,,,,,,,,,,,
13/02/2024 04:30:00,0,157,,,,,,,,,,,,,,,,,,
13/02/2024 04:15:00,0,157,,,,,,,,,,,,,,,,,,
13/02/2024 04:00:00,0,157,,,,,,,,,,,,,,,,,,
13/02/2024 03:45:00,0,157,,,,,,,,,,,,,,,,,,
13/02/2024 03:30:00,0,157,,,,,,,,,,,,,,,,,,
13/02/2024 03:15:00,0,157,,,,,,,,,,,,,,,,,,
13/02/2024 03:00:00,0,157,,,,,,,,,,,,,,,,,,
13/02/2024 02:45:00,0,157,,,,,,,,,,,,,,,,,,
13/02/2024 02:30:00,0,157,,,,,,,,,,,,,,,,,,
13/02/2024 02:15:00,0,158,,,,,,,,,,,,,,,,,,
13/02/2024 02:00:00,0,158,,,,,,,,,,,,,,,,,,
13/02/2024 01:45:00,0,158,,,,,,,,,,,,,,,,,,
13/02/2024 01:30:00,0,158,,,,,,,,,,,,,,,,,,
13/02/2024 01:15:00,0,159,,,,,,,,,,,,,,,,,,
13/02/2024 01:00:00,0,159,,,,,,,,,,,,,,,,,,
13/02/2024 00:45:00,0,159,,,,,,,,,,,,,,,,,,
13/02/2024 00:30:00,0,159,,,,,,,,,,,,,,,,,,
13/02/2024 00:15:00,0,160,,,,,,,,,,,,,,,,,,
13/02/2024 00:00:00,0,160,,,,,,,,,,,,,,,,,,
12/2/2024 23:45,0,160,,,,,,,,,,,,,,,,,,
12/2/2024 23:30,0,161,,,,,,,,,,,,,,,,,,
12/2/2024 23:15,0,161,,,,,,,,,,,,,,,,,,
12/2/2024 23:00,0,161,,,,,,,,,,,,,,,,,,
12/2/2024 22:45,0,161,,,,,,,,,,,,,,,,,,
12/2/2024 22:30,0,162,,,,,,,,,,,,,,,,,,
12/2/2024 22:15,0,162,,,,,,,,,,,,,,,,,,
12/2/2024 22:00,0,162,,,,,,,,,,,,,,,,,,
12/2/2024 21:45,0,163,,,,,,,,,,,,,,,,,,
12/2/2024 21:30,0,163,,,,,,,,,,,,,,,,,,
12/2/2024 21:15,0,163,,,,,,,,,,,,,,,,,,
12/2/2024 21:00,0,163,,,,,,,,,,,,,,,,,,
12/2/2024 20:45,0,163,,,,,,,,,,,,,,,,,,
12/2/2024 20:30,0,163,,,,,,,,,,,,,,,,,,
12/2/2024 20:15,0,163,,,,,,,,,,,,,,,,,,
12/2/2024 20:00,0,164,,,,,,,,,,,,,,,,,,
12/2/2024 19:45,0,164,,,,,,,,,,,,,,,,,,
12/2/2024 19:30,0,164,,,,,,,,,,,,,,,,,,
12/2/2024 19:15,0,164,,,,,,,,,,,,,,,,,,
12/2/2024 19:00,0,164,,,,,,,,,,,,,,,,,,
12/2/2024 18:45,0,164,,,,,,,,,,,,,,,,,,
12/2/2024 18:30,0,164,,,,,,,,,,,,,,,,,,
12/2/2024 18:15,0,162,,,,,,,,,,,,,,,,,,
12/2/2024 18:00,0,163,,,,,,,,,,,,,,,,,,
12/2/2024 17:45,0.2,163,,,,,,,,,,,,,,,,,,
12/2/2024 17:30,0,163,,,,,,,,,,,,,,,,,,
12/2/2024 17:15,0,162,,,,,,,,,,,,,,,,,,
12/2/2024 17:00,3,161,,,,,,,,,,,,,,,,,,
12/2/2024 16:45,3.4,160,,,,,,,,,,,,,,,,,,
12/2/2024 16:30,0,160,,,,,,,,,,,,,,,,,,
12/2/2024 16:15,0,162,,,,,,,,,,,,,,,,,,
12/2/2024 16:00,0,162,,,,,,,,,,,,,,,,,,
12/2/2024 15:45,0,161,,,,,,,,,,,,,,,,,,
12/2/2024 15:30,0,161,,,,,,,,,,,,,,,,,,
12/2/2024 15:15,0,161,,,,,,,,,,,,,,,,,,
12/2/2024 15:00,0,161,,,,,,,,,,,,,,,,,,
12/2/2024 14:45,0,161,,,,,,,,,,,,,,,,,,
12/2/2024 14:30,0,161,,,,,,,,,,,,,,,,,,
12/2/2024 14:15,0,160,,,,,,,,,,,,,,,,,,
12/2/2024 14:00,0,160,,,,,,,,,,,,,,,,,,
12/2/2024 13:45,0,160,,,,,,,,,,,,,,,,,,
12/2/2024 13:30,0,160,,,,,,,,,,,,,,,,,,
12/2/2024 13:15,0,160,,,,,,,,,,,,,,,,,,
12/2/2024 13:00,0,160,,,,,,,,,,,,,,,,,,
12/2/2024 12:45,0,159,,,,,,,,,,,,,,,,,,
12/2/2024 12:30,0,159,,,,,,,,,,,,,,,,,,
12/2/2024 12:15,0,159,,,,,,,,,,,,,,,,,,
12/2/2024 12:00,0,159,,,,,,,,,,,,,,,,,,
12/2/2024 11:45,0,159,,,,,,,,,,,,,,,,,,
12/2/2024 11:30,0,158,,,,,,,,,,,,,,,,,,
12/2/2024 11:15,0,157,,,,,,,,,,,,,,,,,,
12/2/2024 11:00,0,157,,,,,,,,,,,,,,,,,,
12/2/2024 10:45,0,157,,,,,,,,,,,,,,,,,,
12/2/2024 10:30,0,157,,,,,,,,,,,,,,,,,,
12/2/2024 10:15,0,156,,,,,,,,,,,,,,,,,,
12/2/2024 10:00,0,156,,,,,,,,,,,,,,,,,,
12/2/2024 9:45,0,156,,,,,,,,,,,,,,,,,,
12/2/2024 9:30,0,156,,,,,,,,,,,,,,,,,,
12/2/2024 9:15,0,156,,,,,,,,,,,,,,,,,,
12/2/2024 9:00,0,155,,,,,,,,,,,,,,,,,,
12/2/2024 8:45,0,155,,,,,,,,,,,,,,,,,,
12/2/2024 8:30,0,155,,,,,,,,,,,,,,,,,,
12/2/2024 8:15,0,154,,,,,,,,,,,,,,,,,,
12/2/2024 8:00,0,154,,,,,,,,,,,,,,,,,,
12/2/2024 7:45,0,154,,,,,,,,,,,,,,,,,,
12/2/2024 7:30,0,155,,,,,,,,,,,,,,,,,,
12/2/2024 7:15,0,154,,,,,,,,,,,,,,,,,,
12/2/2024 7:00,0,154,,,,,,,,,,,,,,,,,,
12/2/2024 6:45,0,154,,,,,,,,,,,,,,,,,,
12/2/2024 6:30,0,154,,,,,,,,,,,,,,,,,,
12/2/2024 6:15,0,154,,,,,,,,,,,,,,,,,,
12/2/2024 6:00,0,154,,,,,,,,,,,,,,,,,,
12/2/2024 5:45,0,153,,,,,,,,,,,,,,,,,,
12/2/2024 5:30,0,153,,,,,,,,,,,,,,,,,,
12/2/2024 5:15,0,153,,,,,,,,,,,,,,,,,,
12/2/2024 5:00,0,153,,,,,,,,,,,,,,,,,,
12/2/2024 4:45,0,153,,,,,,,,,,,,,,,,,,
12/2/2024 4:30,0,153,,,,,,,,,,,,,,,,,,
12/2/2024 4:15,0,153,,,,,,,,,,,,,,,,,,
12/2/2024 4:00,0,153,,,,,,,,,,,,,,,,,,
12/2/2024 3:45,0,153,,,,,,,,,,,,,,,,,,
12/2/2024 3:30,0,153,,,,,,,,,,,,,,,,,,
12/2/2024 3:15,0,153,,,,,,,,,,,,,,,,,,
12/2/2024 3:00,0,153,,,,,,,,,,,,,,,,,,
12/2/2024 2:45,0,153,,,,,,,,,,,,,,,,,,
12/2/2024 2:30,0,153,,,,,,,,,,,,,,,,,,
12/2/2024 2:15,0,153,,,,,,,,,,,,,,,,,,
12/2/2024 2:00,0,154,,,,,,,,,,,,,,,,,,
12/2/2024 1:45,0,154,,,,,,,,,,,,,,,,,,
12/2/2024 1:30,0,154,,,,,,,,,,,,,,,,,,
12/2/2024 1:15,0,154,,,,,,,,,,,,,,,,,,
12/2/2024 1:00,0,155,,,,,,,,,,,,,,,,,,
12/2/2024 0:45,0,155,,,,,,,,,,,,,,,,,,
12/2/2024 0:30,0,155,,,,,,,,,,,,,,,,,,
12/2/2024 0:15,0,155,,,,,,,,,,,,,,,,,,
12/2/2024 0:00,0,156,,,,,,,,,,,,,,,,,,
11/2/2024 23:45,0,156,,,,,,,,,,,,,,,,,,
11/2/2024 23:30,0,157,,,,,,,,,,,,,,,,,,
11/2/2024 23:15,0,157,,,,,,,,,,,,,,,,,,
11/2/2024 23:00,0,157,,,,,,,,,,,,,,,,,,
11/2/2024 22:45,0,157,,,,,,,,,,,,,,,,,,
11/2/2024 22:30,0,158,,,,,,,,,,,,,,,,,,
11/2/2024 22:15,0,158,,,,,,,,,,,,,,,,,,
11/2/2024 22:00,0,159,,,,,,,,,,,,,,,,,,
11/2/2024 21:45,0,159,,,,,,,,,,,,,,,,,,
11/2/2024 21:30,0,160,,,,,,,,,,,,,,,,,,
11/2/2024 21:15,0,160,,,,,,,,,,,,,,,,,,
11/2/2024 21:00,0,160,,,,,,,,,,,,,,,,,,
11/2/2024 20:45,0,161,,,,,,,,,,,,,,,,,,
11/2/2024 20:30,0,161,,,,,,,,,,,,,,,,,,
11/2/2024 20:15,0,162,,,,,,,,,,,,,,,,,,
11/2/2024 20:00,0,162,,,,,,,,,,,,,,,,,,
11/2/2024 19:45,0,162,,,,,,,,,,,,,,,,,,
11/2/2024 19:30,0,162,,,,,,,,,,,,,,,,,,
11/2/2024 19:15,0,162,,,,,,,,,,,,,,,,,,
11/2/2024 19:00,0,163,,,,,,,,,,,,,,,,,,
11/2/2024 18:45,0,164,,,,,,,,,,,,,,,,,,
11/2/2024 18:30,0,164,,,,,,,,,,,,,,,,,,
11/2/2024 18:15,0,164,,,,,,,,,,,,,,,,,,
11/2/2024 18:00,0,164,,,,,,,,,,,,,,,,,,
11/2/2024 17:45,0,164,,,,,,,,,,,,,,,,,,
11/2/2024 17:30,0,164,,,,,,,,,,,,,,,,,,
11/2/2024 17:15,0,164,,,,,,,,,,,,,,,,,,
11/2/2024 17:00,0,164,,,,,,,,,,,,,,,,,,
11/2/2024 16:45,0,164,,,,,,,,,,,,,,,,,,
11/2/2024 16:30,0,164,,,,,,,,,,,,,,,,,,
11/2/2024 16:15,0,164,,,,,,,,,,,,,,,,,,
11/2/2024 16:00,0,164,,,,,,,,,,,,,,,,,,
11/2/2024 15:45,0,164,,,,,,,,,,,,,,,,,,
11/2/2024 15:30,0,165,,,,,,,,,,,,,,,,,,
11/2/2024 15:15,0,165,,,,,,,,,,,,,,,,,,
11/2/2024 15:00,0,165,,,,,,,,,,,,,,,,,,
11/2/2024 14:45,0,164,,,,,,,,,,,,,,,,,,
11/2/2024 14:30,0,165,,,,,,,,,,,,,,,,,,
11/2/2024 14:15,0,164,,,,,,,,,,,,,,,,,,
11/2/2024 14:00,0,164,,,,,,,,,,,,,,,,,,
11/2/2024 13:45,0,164,,,,,,,,,,,,,,,,,,
11/2/2024 13:30,0,164,,,,,,,,,,,,,,,,,,
11/2/2024 13:15,0,163,,,,,,,,,,,,,,,,,,
11/2/2024 13:00,0,163,,,,,,,,,,,,,,,,,,
11/2/2024 12:45,0,163,,,,,,,,,,,,,,,,,,
11/2/2024 12:30,0,163,,,,,,,,,,,,,,,,,,
11/2/2024 12:15,0,162,,,,,,,,,,,,,,,,,,
11/2/2024 12:00,0,162,,,,,,,,,,,,,,,,,,
11/2/2024 11:45,0,161,,,,,,,,,,,,,,,,,,
11/2/2024 11:30,0,161,,,,,,,,,,,,,,,,,,
11/2/2024 11:15,0,160,,,,,,,,,,,,,,,,,,
11/2/2024 11:00,0,160,,,,,,,,,,,,,,,,,,
11/2/2024 10:45,0,160,,,,,,,,,,,,,,,,,,
11/2/2024 10:30,0,160,,,,,,,,,,,,,,,,,,
11/2/2024 10:15,0,159,,,,,,,,,,,,,,,,,,
11/2/2024 10:00,0,158,,,,,,,,,,,,,,,,,,
11/2/2024 9:45,0,158,,,,,,,,,,,,,,,,,,
11/2/2024 9:30,0,158,,,,,,,,,,,,,,,,,,
11/2/2024 9:15,0,157,,,,,,,,,,,,,,,,,,
11/2/2024 9:00,0,156,,,,,,,,,,,,,,,,,,
11/2/2024 8:45,0,156,,,,,,,,,,,,,,,,,,
11/2/2024 8:30,0,156,,,,,,,,,,,,,,,,,,
11/2/2024 8:15,0,155,,,,,,,,,,,,,,,,,,
11/2/2024 8:00,0,155,,,,,,,,,,,,,,,,,,
11/2/2024 7:45,0,155,,,,,,,,,,,,,,,,,,
11/2/2024 7:30,0,155,,,,,,,,,,,,,,,,,,
11/2/2024 7:15,0,155,,,,,,,,,,,,,,,,,,
11/2/2024 7:00,0,154,,,,,,,,,,,,,,,,,,
11/2/2024 6:45,0,154,,,,,,,,,,,,,,,,,,
11/2/2024 6:30,0,154,,,,,,,,,,,,,,,,,,
11/2/2024 6:15,0,154,,,,,,,,,,,,,,,,,,
11/2/2024 6:00,0,153,,,,,,,,,,,,,,,,,,
11/2/2024 5:45,0,154,,,,,,,,,,,,,,,,,,
11/2/2024 5:30,0,153,,,,,,,,,,,,,,,,,,
11/2/2024 5:15,0,153,,,,,,,,,,,,,,,,,,
11/2/2024 5:00,0,153,,,,,,,,,,,,,,,,,,
11/2/2024 4:45,0,153,,,,,,,,,,,,,,,,,,
11/2/2024 4:30,0,153,,,,,,,,,,,,,,,,,,
11/2/2024 4:15,0,153,,,,,,,,,,,,,,,,,,
11/2/2024 4:00,0,153,,,,,,,,,,,,,,,,,,
11/2/2024 3:45,0,153,,,,,,,,,,,,,,,,,,
11/2/2024 3:30,0,153,,,,,,,,,,,,,,,,,,
11/2/2024 3:15,0,153,,,,,,,,,,,,,,,,,,
11/2/2024 3:00,0,153,,,,,,,,,,,,,,,,,,
11/2/2024 2:45,0,154,,,,,,,,,,,,,,,,,,
11/2/2024 2:30,0,153,,,,,,,,,,,,,,,,,,
11/2/2024 2:15,0,154,,,,,,,,,,,,,,,,,,
11/2/2024 2:00,0,154,,,,,,,,,,,,,,,,,,
11/2/2024 1:45,0,154,,,,,,,,,,,,,,,,,,
11/2/2024 1:30,0,155,,,,,,,,,,,,,,,,,,
11/2/2024 1:15,0,155,,,,,,,,,,,,,,,,,,
11/2/2024 1:00,0,155,,,,,,,,,,,,,,,,,,
11/2/2024 0:45,0,155,,,,,,,,,,,,,,,,,,
11/2/2024 0:30,0,156,,,,,,,,,,,,,,,,,,
11/2/2024 0:15,0,156,,,,,,,,,,,,,,,,,,
11/2/2024 0:00,0,156,,,,,,,,,,,,,,,,,,
10/2/2024 23:45,0,156,,,,,,,,,,,,,,,,,,
10/2/2024 23:30,0,157,,,,,,,,,,,,,,,,,,
10/2/2024 23:15,0,157,,,,,,,,,,,,,,,,,,
10/2/2024 23:00,0,157,,,,,,,,,,,,,,,,,,
10/2/2024 22:45,0,157,,,,,,,,,,,,,,,,,,
10/2/2024 22:30,0,158,,,,,,,,,,,,,,,,,,
10/2/2024 22:15,0,158,,,,,,,,,,,,,,,,,,
10/2/2024 22:00,0,158,,,,,,,,,,,,,,,,,,
10/2/2024 21:45,0,159,,,,,,,,,,,,,,,,,,
10/2/2024 21:30,0,159,,,,,,,,,,,,,,,,,,
10/2/2024 21:15,0,159,,,,,,,,,,,,,,,,,,
10/2/2024 21:00,0,159,,,,,,,,,,,,,,,,,,
10/2/2024 20:45,0,159,,,,,,,,,,,,,,,,,,
10/2/2024 20:30,0,160,,,,,,,,,,,,,,,,,,
10/2/2024 20:15,0,160,,,,,,,,,,,,,,,,,,
10/2/2024 20:00,0,160,,,,,,,,,,,,,,,,,,
10/2/2024 19:45,0,160,,,,,,,,,,,,,,,,,,
10/2/2024 19:30,0,160,,,,,,,,,,,,,,,,,,
10/2/2024 19:15,0,161,,,,,,,,,,,,,,,,,,
10/2/2024 19:00,0,161,,,,,,,,,,,,,,,,,,
10/2/2024 18:45,0,161,,,,,,,,,,,,,,,,,,
10/2/2024 18:30,0,161,,,,,,,,,,,,,,,,,,
10/2/2024 18:15,0,161,,,,,,,,,,,,,,,,,,
10/2/2024 18:00,0,161,,,,,,,,,,,,,,,,,,
10/2/2024 17:45,0,161,,,,,,,,,,,,,,,,,,
10/2/2024 17:30,0,161,,,,,,,,,,,,,,,,,,
10/2/2024 17:15,0,162,,,,,,,,,,,,,,,,,,
10/2/2024 17:00,0,161,,,,,,,,,,,,,,,,,,
10/2/2024 16:45,0,162,,,,,,,,,,,,,,,,,,
10/2/2024 16:30,0,162,,,,,,,,,,,,,,,,,,
10/2/2024 16:15,0,162,,,,,,,,,,,,,,,,,,
10/2/2024 16:00,0,162,,,,,,,,,,,,,,,,,,
10/2/2024 15:45,0,162,,,,,,,,,,,,,,,,,,
10/2/2024 15:30,0,162,,,,,,,,,,,,,,,,,,
10/2/2024 15:15,0,161,,,,,,,,,,,,,,,,,,
10/2/2024 15:00,0,162,,,,,,,,,,,,,,,,,,
10/2/2024 14:45,0,162,,,,,,,,,,,,,,,,,,
10/2/2024 14:30,0,161,,,,,,,,,,,,,,,,,,
10/2/2024 14:15,0,161,,,,,,,,,,,,,,,,,,
10/2/2024 14:00,0,161,,,,,,,,,,,,,,,,,,
10/2/2024 13:45,0,161,,,,,,,,,,,,,,,,,,
10/2/2024 13:30,0,161,,,,,,,,,,,,,,,,,,
10/2/2024 13:15,0,161,,,,,,,,,,,,,,,,,,
10/2/2024 13:00,0,162,,,,,,,,,,,,,,,,,,
10/2/2024 12:45,0,162,,,,,,,,,,,,,,,,,,
10/2/2024 12:30,0,161,,,,,,,,,,,,,,,,,,
10/2/2024 12:15,0,161,,,,,,,,,,,,,,,,,,
10/2/2024 12:00,0,161,,,,,,,,,,,,,,,,,,
10/2/2024 11:45,0,161,,,,,,,,,,,,,,,,,,
10/2/2024 11:30,0,161,,,,,,,,,,,,,,,,,,
10/2/2024 11:15,0,161,,,,,,,,,,,,,,,,,,
10/2/2024 11:00,0,161,,,,,,,,,,,,,,,,,,
10/2/2024 10:45,0,161,,,,,,,,,,,,,,,,,,
10/2/2024 10:30,0,160,,,,,,,,,,,,,,,,,,
10/2/2024 10:15,0,160,,,,,,,,,,,,,,,,,,
10/2/2024 10:00,0,160,,,,,,,,,,,,,,,,,,
10/2/2024 9:45,0,160,,,,,,,,,,,,,,,,,,
10/2/2024 9:30,0,160,,,,,,,,,,,,,,,,,,
10/2/2024 9:15,0,159,,,,,,,,,,,,,,,,,,
10/2/2024 9:00,0,159,,,,,,,,,,,,,,,,,,
10/2/2024 8:45,0,159,,,,,,,,,,,,,,,,,,
10/2/2024 8:30,0,159,,,,,,,,,,,,,,,,,,
10/2/2024 8:15,0,159,,,,,,,,,,,,,,,,,,
10/2/2024 8:00,0,158,,,,,,,,,,,,,,,,,,
10/2/2024 7:45,0,158,,,,,,,,,,,,,,,,,,
10/2/2024 7:30,0,158,,,,,,,,,,,,,,,,,,
10/2/2024 7:15,0,158,,,,,,,,,,,,,,,,,,
10/2/2024 7:00,0,157,,,,,,,,,,,,,,,,,,
10/2/2024 6:45,0,157,,,,,,,,,,,,,,,,,,
10/2/2024 6:30,0,157,,,,,,,,,,,,,,,,,,
10/2/2024 6:15,0,157,,,,,,,,,,,,,,,,,,
10/2/2024 6:00,0,157,,,,,,,,,,,,,,,,,,
10/2/2024 5:45,0,156,,,,,,,,,,,,,,,,,,
10/2/2024 5:30,0,157,,,,,,,,,,,,,,,,,,
10/2/2024 5:15,0,156,,,,,,,,,,,,,,,,,,
10/2/2024 5:00,0,156,,,,,,,,,,,,,,,,,,
10/2/2024 4:45,0,156,,,,,,,,,,,,,,,,,,
10/2/2024 4:30,0,156,,,,,,,,,,,,,,,,,,
10/2/2024 4:15,0,156,,,,,,,,,,,,,,,,,,
10/2/2024 4:00,0,156,,,,,,,,,,,,,,,,,,
10/2/2024 3:45,0,155,,,,,,,,,,,,,,,,,,
10/2/2024 3:30,0,155,,,,,,,,,,,,,,,,,,
10/2/2024 3:15,0,156,,,,,,,,,,,,,,,,,,
10/2/2024 3:00,0,156,,,,,,,,,,,,,,,,,,
10/2/2024 2:45,0,156,,,,,,,,,,,,,,,,,,
10/2/2024 2:30,0,156,,,,,,,,,,,,,,,,,,
10/2/2024 2:15,0,156,,,,,,,,,,,,,,,,,,
10/2/2024 2:00,0,156,,,,,,,,,,,,,,,,,,
10/2/2024 1:45,0,157,,,,,,,,,,,,,,,,,,
10/2/2024 1:30,0,157,,,,,,,,,,,,,,,,,,
10/2/2024 1:15,0,157,,,,,,,,,,,,,,,,,,
10/2/2024 1:00,0,157,,,,,,,,,,,,,,,,,,
10/2/2024 0:45,0,158,,,,,,,,,,,,,,,,,,
10/2/2024 0:30,0,158,,,,,,,,,,,,,,,,,,
10/2/2024 0:15,0,158,,,,,,,,,,,,,,,,,,
10/2/2024 0:00,0,158,,,,,,,,,,,,,,,,,,
9/2/2024 23:45,0,159,,,,,,,,,,,,,,,,,,
9/2/2024 23:30,0,159,,,,,,,,,,,,,,,,,,
9/2/2024 23:15,0,160,,,,,,,,,,,,,,,,,,
9/2/2024 23:00,0,160,,,,,,,,,,,,,,,,,,
9/2/2024 22:45,0,161,,,,,,,,,,,,,,,,,,
9/2/2024 22:30,0,161,,,,,,,,,,,,,,,,,,
9/2/2024 22:15,0,161,,,,,,,,,,,,,,,,,,
9/2/2024 22:00,0,162,,,,,,,,,,,,,,,,,,
9/2/2024 21:45,0,162,,,,,,,,,,,,,,,,,,
9/2/2024 21:30,0,162,,,,,,,,,,,,,,,,,,
9/2/2024 21:15,0,163,,,,,,,,,,,,,,,,,,
9/2/2024 21:00,0,163,,,,,,,,,,,,,,,,,,
9/2/2024 20:45,0,163,,,,,,,,,,,,,,,,,,
9/2/2024 20:30,0,164,,,,,,,,,,,,,,,,,,
9/2/2024 20:15,0,164,,,,,,,,,,,,,,,,,,
9/2/2024 20:00,0,164,,,,,,,,,,,,,,,,,,
9/2/2024 19:45,0,165,,,,,,,,,,,,,,,,,,
9/2/2024 19:30,0,165,,,,,,,,,,,,,,,,,,
9/2/2024 19:15,0,165,,,,,,,,,,,,,,,,,,
9/2/2024 19:00,0,166,,,,,,,,,,,,,,,,,,
9/2/2024 18:45,0,166,,,,,,,,,,,,,,,,,,
9/2/2024 18:30,0,166,,,,,,,,,,,,,,,,,,
9/2/2024 18:15,0,167,,,,,,,,,,,,,,,,,,
9/2/2024 18:00,0,167,,,,,,,,,,,,,,,,,,
9/2/2024 17:45,0,166,,,,,,,,,,,,,,,,,,
9/2/2024 17:30,0,166,,,,,,,,,,,,,,,,,,
9/2/2024 17:15,0,166,,,,,,,,,,,,,,,,,,
9/2/2024 17:00,0,167,,,,,,,,,,,,,,,,,,
9/2/2024 16:45,0,166,,,,,,,,,,,,,,,,,,
9/2/2024 16:30,0,168,,,,,,,,,,,,,,,,,,
9/2/2024 16:15,0,168,,,,,,,,,,,,,,,,,,
9/2/2024 16:00,0,168,,,,,,,,,,,,,,,,,,
9/2/2024 15:45,0,168,,,,,,,,,,,,,,,,,,
9/2/2024 15:30,0,168,,,,,,,,,,,,,,,,,,
9/2/2024 15:15,0,168,,,,,,,,,,,,,,,,,,
9/2/2024 15:00,0,168,,,,,,,,,,,,,,,,,,
9/2/2024 14:45,0,168,,,,,,,,,,,,,,,,,,
9/2/2024 14:30,0,168,,,,,,,,,,,,,,,,,,
9/2/2024 14:15,0,168,,,,,,,,,,,,,,,,,,
9/2/2024 14:00,0,168,,,,,,,,,,,,,,,,,,
9/2/2024 13:45,0,168,,,,,,,,,,,,,,,,,,
9/2/2024 13:30,0,169,,,,,,,,,,,,,,,,,,
9/2/2024 13:15,0,169,,,,,,,,,,,,,,,,,,
9/2/2024 13:00,0,169,,,,,,,,,,,,,,,,,,
9/2/2024 12:45,0,169,,,,,,,,,,,,,,,,,,
9/2/2024 12:30,0,168,,,,,,,,,,,,,,,,,,
9/2/2024 12:15,0,169,,,,,,,,,,,,,,,,,,
9/2/2024 12:00,0,169,,,,,,,,,,,,,,,,,,
9/2/2024 11:45,0,168,,,,,,,,,,,,,,,,,,
9/2/2024 11:30,0,169,,,,,,,,,,,,,,,,,,
9/2/2024 11:15,0,166,,,,,,,,,,,,,,,,,,
9/2/2024 11:00,0,173,,,,,,,,,,,,,,,,,,
9/2/2024 10:45,0,168,,,,,,,,,,,,,,,,,,
9/2/2024 10:30,0,168,,,,,,,,,,,,,,,,,,
9/2/2024 10:15,0,167,,,,,,,,,,,,,,,,,,
9/2/2024 10:00,0,167,,,,,,,,,,,,,,,,,,
9/2/2024 9:45,0,167,,,,,,,,,,,,,,,,,,
9/2/2024 9:30,0,166,,,,,,,,,,,,,,,,,,
9/2/2024 9:15,0,166,,,,,,,,,,,,,,,,,,
9/2/2024 9:00,0,166,,,,,,,,,,,,,,,,,,
9/2/2024 8:45,0,166,,,,,,,,,,,,,,,,,,
9/2/2024 8:30,0,165,,,,,,,,,,,,,,,,,,
9/2/2024 8:15,0,165,,,,,,,,,,,,,,,,,,
9/2/2024 8:00,0,165,,,,,,,,,,,,,,,,,,
9/2/2024 7:45,0,165,,,,,,,,,,,,,,,,,,
9/2/2024 7:30,0,164,,,,,,,,,,,,,,,,,,
9/2/2024 7:15,0,164,,,,,,,,,,,,,,,,,,
9/2/2024 7:00,0,164,,,,,,,,,,,,,,,,,,
9/2/2024 6:45,0,164,,,,,,,,,,,,,,,,,,
9/2/2024 6:30,0,163,,,,,,,,,,,,,,,,,,
9/2/2024 6:15,0,163,,,,,,,,,,,,,,,,,,
9/2/2024 6:00,0,163,,,,,,,,,,,,,,,,,,
9/2/2024 5:45,0,163,,,,,,,,,,,,,,,,,,
9/2/2024 5:30,0,163,,,,,,,,,,,,,,,,,,
9/2/2024 5:15,0,163,,,,,,,,,,,,,,,,,,
9/2/2024 5:00,0,162,,,,,,,,,,,,,,,,,,
9/2/2024 4:45,0,162,,,,,,,,,,,,,,,,,,
9/2/2024 4:30,0,162,,,,,,,,,,,,,,,,,,
9/2/2024 4:15,0,162,,,,,,,,,,,,,,,,,,
9/2/2024 4:00,0,162,,,,,,,,,,,,,,,,,,
9/2/2024 3:45,0,162,,,,,,,,,,,,,,,,,,
9/2/2024 3:30,0,162,,,,,,,,,,,,,,,,,,
9/2/2024 3:15,0,162,,,,,,,,,,,,,,,,,,
9/2/2024 3:00,0,162,,,,,,,,,,,,,,,,,,
9/2/2024 2:45,0,162,,,,,,,,,,,,,,,,,,
9/2/2024 2:30,0,162,,,,,,,,,,,,,,,,,,
9/2/2024 2:15,0,162,,,,,,,,,,,,,,,,,,
9/2/2024 2:00,0,162,,,,,,,,,,,,,,,,,,
9/2/2024 1:45,0,163,,,,,,,,,,,,,,,,,,
9/2/2024 1:30,0,163,,,,,,,,,,,,,,,,,,
9/2/2024 1:15,0,163,,,,,,,,,,,,,,,,,,
9/2/2024 1:00,0,163,,,,,,,,,,,,,,,,,,
9/2/2024 0:45,0,164,,,,,,,,,,,,,,,,,,
9/2/2024 0:30,0,164,,,,,,,,,,,,,,,,,,
9/2/2024 0:15,0,164,,,,,,,,,,,,,,,,,,
9/2/2024 0:00,0,164,,,,,,,,,,,,,,,,,,
8/2/2024 23:45,0,165,,,,,,,,,,,,,,,,,,
8/2/2024 23:30,0,165,,,,,,,,,,,,,,,,,,
8/2/2024 23:15,0,166,,,,,,,,,,,,,,,,,,
8/2/2024 23:00,0,166,,,,,,,,,,,,,,,,,,
8/2/2024 22:45,0,166,,,,,,,,,,,,,,,,,,
8/2/2024 22:30,0,167,,,,,,,,,,,,,,,,,,
8/2/2024 22:15,0,167,,,,,,,,,,,,,,,,,,
8/2/2024 22:00,0,167,,,,,,,,,,,,,,,,,,
8/2/2024 21:45,0,168,,,,,,,,,,,,,,,,,,
8/2/2024 21:30,0,168,,,,,,,,,,,,,,,,,,
8/2/2024 21:15,0,169,,,,,,,,,,,,,,,,,,
8/2/2024 21:00,0,169,,,,,,,,,,,,,,,,,,
8/2/2024 20:45,0,169,,,,,,,,,,,,,,,,,,
8/2/2024 20:30,0,169,,,,,,,,,,,,,,,,,,
8/2/2024 20:15,0,170,,,,,,,,,,,,,,,,,,
8/2/2024 20:00,0,170,,,,,,,,,,,,,,,,,,
8/2/2024 19:45,0,171,,,,,,,,,,,,,,,,,,
8/2/2024 19:30,0,171,,,,,,,,,,,,,,,,,,
8/2/2024 19:15,0,171,,,,,,,,,,,,,,,,,,
8/2/2024 19:00,0,172,,,,,,,,,,,,,,,,,,
8/2/2024 18:45,0,172,,,,,,,,,,,,,,,,,,
8/2/2024 18:30,0,172,,,,,,,,,,,,,,,,,,
8/2/2024 18:15,0,172,,,,,,,,,,,,,,,,,,
8/2/2024 18:00,0,172,,,,,,,,,,,,,,,,,,
8/2/2024 17:45,0,172,,,,,,,,,,,,,,,,,,
8/2/2024 17:30,0,173,,,,,,,,,,,,,,,,,,
8/2/2024 17:15,0,173,,,,,,,,,,,,,,,,,,
8/2/2024 17:00,0,173,,,,,,,,,,,,,,,,,,
8/2/2024 16:45,0,173,,,,,,,,,,,,,,,,,,
8/2/2024 16:30,0,173,,,,,,,,,,,,,,,,,,
8/2/2024 16:15,0,173,,,,,,,,,,,,,,,,,,
8/2/2024 16:00,0,173,,,,,,,,,,,,,,,,,,
8/2/2024 15:45,0,173,,,,,,,,,,,,,,,,,,
8/2/2024 15:30,0,173,,,,,,,,,,,,,,,,,,
8/2/2024 15:15,0,173,,,,,,,,,,,,,,,,,,
8/2/2024 15:00,0,174,,,,,,,,,,,,,,,,,,
8/2/2024 14:45,0,173,,,,,,,,,,,,,,,,,,
8/2/2024 14:30,0,173,,,,,,,,,,,,,,,,,,
8/2/2024 14:15,0,173,,,,,,,,,,,,,,,,,,
8/2/2024 14:00,0,174,,,,,,,,,,,,,,,,,,
8/2/2024 13:45,0,173,,,,,,,,,,,,,,,,,,
8/2/2024 13:30,0,173,,,,,,,,,,,,,,,,,,
8/2/2024 13:15,0,174,,,,,,,,,,,,,,,,,,
8/2/2024 13:00,0,174,,,,,,,,,,,,,,,,,,
8/2/2024 12:45,0,174,,,,,,,,,,,,,,,,,,
8/2/2024 12:30,0,173,,,,,,,,,,,,,,,,,,
8/2/2024 12:15,0,173,,,,,,,,,,,,,,,,,,
8/2/2024 12:00,0,173,,,,,,,,,,,,,,,,,,
8/2/2024 11:45,0,173,,,,,,,,,,,,,,,,,,
8/2/2024 11:30,0,173,,,,,,,,,,,,,,,,,,
8/2/2024 11:15,0,173,,,,,,,,,,,,,,,,,,
8/2/2024 11:00,0,173,,,,,,,,,,,,,,,,,,
8/2/2024 10:45,0,172,,,,,,,,,,,,,,,,,,
8/2/2024 10:30,0,172,,,,,,,,,,,,,,,,,,
8/2/2024 10:15,0,172,,,,,,,,,,,,,,,,,,
8/2/2024 10:00,0,172,,,,,,,,,,,,,,,,,,
8/2/2024 9:45,0,171,,,,,,,,,,,,,,,,,,
8/2/2024 9:30,0,171,,,,,,,,,,,,,,,,,,
8/2/2024 9:15,0,171,,,,,,,,,,,,,,,,,,
8/2/2024 9:00,0,171,,,,,,,,,,,,,,,,,,
8/2/2024 8:45,0,170,,,,,,,,,,,,,,,,,,
8/2/2024 8:30,0,170,,,,,,,,,,,,,,,,,,
8/2/2024 8:15,0,170,,,,,,,,,,,,,,,,,,
8/2/2024 8:00,0,170,,,,,,,,,,,,,,,,,,
8/2/2024 7:45,0,170,,,,,,,,,,,,,,,,,,
8/2/2024 7:30,0,170,,,,,,,,,,,,,,,,,,
8/2/2024 7:15,0,170,,,,,,,,,,,,,,,,,,
8/2/2024 7:00,0,170,,,,,,,,,,,,,,,,,,
8/2/2024 6:45,0,170,,,,,,,,,,,,,,,,,,
8/2/2024 6:30,0,169,,,,,,,,,,,,,,,,,,
8/2/2024 6:15,0,169,,,,,,,,,,,,,,,,,,
8/2/2024 6:00,0,169,,,,,,,,,,,,,,,,,,
8/2/2024 5:45,0,169,,,,,,,,,,,,,,,,,,
8/2/2024 5:30,0,169,,,,,,,,,,,,,,,,,,
8/2/2024 5:15,0,169,,,,,,,,,,,,,,,,,,
8/2/2024 5:00,0,169,,,,,,,,,,,,,,,,,,
8/2/2024 4:45,0,169,,,,,,,,,,,,,,,,,,
8/2/2024 4:30,0,169,,,,,,,,,,,,,,,,,,
8/2/2024 4:15,0,169,,,,,,,,,,,,,,,,,,
8/2/2024 4:00,0,169,,,,,,,,,,,,,,,,,,
8/2/2024 3:45,0,169,,,,,,,,,,,,,,,,,,
8/2/2024 3:30,0,169,,,,,,,,,,,,,,,,,,
8/2/2024 3:15,0,169,,,,,,,,,,,,,,,,,,
8/2/2024 3:00,0,169,,,,,,,,,,,,,,,,,,
8/2/2024 2:45,0,169,,,,,,,,,,,,,,,,,,
8/2/2024 2:30,0,169,,,,,,,,,,,,,,,,,,
8/2/2024 2:15,0,169,,,,,,,,,,,,,,,,,,
8/2/2024 2:00,0,169,,,,,,,,,,,,,,,,,,
8/2/2024 1:45,0,170,,,,,,,,,,,,,,,,,,
8/2/2024 1:30,0,170,,,,,,,,,,,,,,,,,,
8/2/2024 1:15,0,170,,,,,,,,,,,,,,,,,,
8/2/2024 1:00,0,171,,,,,,,,,,,,,,,,,,
8/2/2024 0:45,0,171,,,,,,,,,,,,,,,,,,
8/2/2024 0:30,0,171,,,,,,,,,,,,,,,,,,
8/2/2024 0:15,0,172,,,,,,,,,,,,,,,,,,
8/2/2024 0:00,0,172,,,,,,,,,,,,,,,,,,
7/2/2024 23:45,0,173,,,,,,,,,,,,,,,,,,
7/2/2024 23:30,0,173,,,,,,,,,,,,,,,,,,
7/2/2024 23:15,0,173,,,,,,,,,,,,,,,,,,
7/2/2024 23:00,0,173,,,,,,,,,,,,,,,,,,
7/2/2024 22:45,0,174,,,,,,,,,,,,,,,,,,
7/2/2024 22:30,0,174,,,,,,,,,,,,,,,,,,
7/2/2024 22:15,0,175,,,,,,,,,,,,,,,,,,
7/2/2024 22:00,0,175,,,,,,,,,,,,,,,,,,
7/2/2024 21:45,0,176,,,,,,,,,,,,,,,,,,
7/2/2024 21:30,0,176,,,,,,,,,,,,,,,,,,
7/2/2024 21:15,0,176,,,,,,,,,,,,,,,,,,
7/2/2024 21:00,0,177,,,,,,,,,,,,,,,,,,
7/2/2024 20:45,0,178,,,,,,,,,,,,,,,,,,
7/2/2024 20:30,0,178,,,,,,,,,,,,,,,,,,
7/2/2024 20:15,0,178,,,,,,,,,,,,,,,,,,
7/2/2024 20:00,0,178,,,,,,,,,,,,,,,,,,
7/2/2024 19:45,0,179,,,,,,,,,,,,,,,,,,
7/2/2024 19:30,0,179,,,,,,,,,,,,,,,,,,
7/2/2024 19:15,0,180,,,,,,,,,,,,,,,,,,
7/2/2024 19:00,0,180,,,,,,,,,,,,,,,,,,
7/2/2024 18:45,0,180,,,,,,,,,,,,,,,,,,
7/2/2024 18:30,0,181,,,,,,,,,,,,,,,,,,
7/2/2024 18:15,0,181,,,,,,,,,,,,,,,,,,
7/2/2024 18:00,0,182,,,,,,,,,,,,,,,,,,
7/2/2024 17:45,0,182,,,,,,,,,,,,,,,,,,
7/2/2024 17:30,0,182,,,,,,,,,,,,,,,,,,
7/2/2024 17:15,0,182,,,,,,,,,,,,,,,,,,
7/2/2024 17:00,0,182,,,,,,,,,,,,,,,,,,
7/2/2024 16:45,0,183,,,,,,,,,,,,,,,,,,
7/2/2024 16:30,0,183,,,,,,,,,,,,,,,,,,
7/2/2024 16:15,0,182,,,,,,,,,,,,,,,,,,
7/2/2024 16:00,0,183,,,,,,,,,,,,,,,,,,
7/2/2024 15:45,0,184,,,,,,,,,,,,,,,,,,
7/2/2024 15:30,0,184,,,,,,,,,,,,,,,,,,
7/2/2024 15:15,0,184,,,,,,,,,,,,,,,,,,
7/2/2024 15:00,0,184,,,,,,,,,,,,,,,,,,
7/2/2024 14:45,0,185,,,,,,,,,,,,,,,,,,
7/2/2024 14:30,0,184,,,,,,,,,,,,,,,,,,
7/2/2024 14:15,0,184,,,,,,,,,,,,,,,,,,
7/2/2024 14:00,0,184,,,,,,,,,,,,,,,,,,
7/2/2024 13:45,0,185,,,,,,,,,,,,,,,,,,
7/2/2024 13:30,0,185,,,,,,,,,,,,,,,,,,
7/2/2024 13:15,0,184,,,,,,,,,,,,,,,,,,
7/2/2024 13:00,0,185,,,,,,,,,,,,,,,,,,
7/2/2024 12:45,0,185,,,,,,,,,,,,,,,,,,
7/2/2024 12:30,0,185,,,,,,,,,,,,,,,,,,
7/2/2024 12:15,0,185,,,,,,,,,,,,,,,,,,
7/2/2024 12:00,0,185,,,,,,,,,,,,,,,,,,
7/2/2024 11:45,0,185,,,,,,,,,,,,,,,,,,
7/2/2024 11:30,0,184,,,,,,,,,,,,,,,,,,
7/2/2024 11:15,0,184,,,,,,,,,,,,,,,,,,
7/2/2024 11:00,0,185,,,,,,,,,,,,,,,,,,
7/2/2024 10:45,0,184,,,,,,,,,,,,,,,,,,
7/2/2024 10:30,0,184,,,,,,,,,,,,,,,,,,
7/2/2024 10:15,0,184,,,,,,,,,,,,,,,,,,
7/2/2024 10:00,0,184,,,,,,,,,,,,,,,,,,
7/2/2024 9:45,0,184,,,,,,,,,,,,,,,,,,
7/2/2024 9:30,0,183,,,,,,,,,,,,,,,,,,
7/2/2024 9:15,0,183,,,,,,,,,,,,,,,,,,
7/2/2024 9:00,0,183,,,,,,,,,,,,,,,,,,
7/2/2024 8:45,0,184,,,,,,,,,,,,,,,,,,
7/2/2024 8:30,0,183,,,,,,,,,,,,,,,,,,
7/2/2024 8:15,0,183,,,,,,,,,,,,,,,,,,
7/2/2024 8:00,0,183,,,,,,,,,,,,,,,,,,
7/2/2024 7:45,0,183,,,,,,,,,,,,,,,,,,
7/2/2024 7:30,0,183,,,,,,,,,,,,,,,,,,
7/2/2024 7:15,0,183,,,,,,,,,,,,,,,,,,
7/2/2024 7:00,0,183,,,,,,,,,,,,,,,,,,
7/2/2024 6:45,0,183,,,,,,,,,,,,,,,,,,
7/2/2024 6:30,0,183,,,,,,,,,,,,,,,,,,
7/2/2024 6:15,0,183,,,,,,,,,,,,,,,,,,
7/2/2024 6:00,0,183,,,,,,,,,,,,,,,,,,
7/2/2024 5:45,0,183,,,,,,,,,,,,,,,,,,
7/2/2024 5:30,0,183,,,,,,,,,,,,,,,,,,
7/2/2024 5:15,0,184,,,,,,,,,,,,,,,,,,
7/2/2024 5:00,0,183,,,,,,,,,,,,,,,,,,
7/2/2024 4:45,0,184,,,,,,,,,,,,,,,,,,
7/2/2024 4:30,0,184,,,,,,,,,,,,,,,,,,
7/2/2024 4:15,0,184,,,,,,,,,,,,,,,,,,
7/2/2024 4:00,0,184,,,,,,,,,,,,,,,,,,
7/2/2024 3:45,0,184,,,,,,,,,,,,,,,,,,
7/2/2024 3:30,0,184,,,,,,,,,,,,,,,,,,
7/2/2024 3:15,0,184,,,,,,,,,,,,,,,,,,
7/2/2024 3:00,0,184,,,,,,,,,,,,,,,,,,
7/2/2024 2:45,0,184,,,,,,,,,,,,,,,,,,
7/2/2024 2:30,0,184,,,,,,,,,,,,,,,,,,
7/2/2024 2:15,0,185,,,,,,,,,,,,,,,,,,
7/2/2024 2:00,0,185,,,,,,,,,,,,,,,,,,
7/2/2024 1:45,0,185,,,,,,,,,,,,,,,,,,
7/2/2024 1:30,0,185,,,,,,,,,,,,,,,,,,
7/2/2024 1:15,0,185,,,,,,,,,,,,,,,,,,
7/2/2024 1:00,0,185,,,,,,,,,,,,,,,,,,
7/2/2024 0:45,0,186,,,,,,,,,,,,,,,,,,
7/2/2024 0:30,0,186,,,,,,,,,,,,,,,,,,
7/2/2024 0:15,0,186,,,,,,,,,,,,,,,,,,
7/2/2024 0:00,0,187,,,,,,,,,,,,,,,,,,
6/2/2024 23:45,0,187,,,,,,,,,,,,,,,,,,
6/2/2024 23:30,0,188,,,,,,,,,,,,,,,,,,
6/2/2024 23:15,0,188,,,,,,,,,,,,,,,,,,
6/2/2024 23:00,0,189,,,,,,,,,,,,,,,,,,
6/2/2024 22:45,0,189,,,,,,,,,,,,,,,,,,
6/2/2024 22:30,0,190,,,,,,,,,,,,,,,,,,
6/2/2024 22:15,0,190,,,,,,,,,,,,,,,,,,
6/2/2024 21:00,0,193,,,,,,,,,,,,,,,,,,
6/2/2024 20:45,0,193,,,,,,,,,,,,,,,,,,
6/2/2024 20:30,0,194,,,,,,,,,,,,,,,,,,
6/2/2024 20:15,0,194,,,,,,,,,,,,,,,,,,
6/2/2024 20:00,0,195,,,,,,,,,,,,,,,,,,
6/2/2024 19:45,0,195,,,,,,,,,,,,,,,,,,
6/2/2024 19:30,0,196,,,,,,,,,,,,,,,,,,
6/2/2024 19:15,0,196,,,,,,,,,,,,,,,,,,
6/2/2024 19:00,0,196,,,,,,,,,,,,,,,,,,
6/2/2024 18:45,0,197,,,,,,,,,,,,,,,,,,
6/2/2024 18:30,0,197,,,,,,,,,,,,,,,,,,
6/2/2024 18:15,0,197,,,,,,,,,,,,,,,,,,
6/2/2024 18:00,0,198,,,,,,,,,,,,,,,,,,
6/2/2024 17:45,0,198,,,,,,,,,,,,,,,,,,
6/2/2024 17:30,0,198,,,,,,,,,,,,,,,,,,
6/2/2024 17:15,0,199,,,,,,,,,,,,,,,,,,
6/2/2024 17:00,0,199,,,,,,,,,,,,,,,,,,
6/2/2024 16:45,0,199,,,,,,,,,,,,,,,,,,
6/2/2024 16:30,0,200,,,,,,,,,,,,,,,,,,
6/2/2024 16:15,0,200,,,,,,,,,,,,,,,,,,
6/2/2024 16:00,0,200,,,,,,,,,,,,,,,,,,
6/2/2024 15:45,0,200,,,,,,,,,,,,,,,,,,
6/2/2024 15:30,0,200,,,,,,,,,,,,,,,,,,
6/2/2024 15:15,0,200,,,,,,,,,,,,,,,,,,
6/2/2024 15:00,0,201,,,,,,,,,,,,,,,,,,
6/2/2024 14:45,0,201,,,,,,,,,,,,,,,,,,
6/2/2024 14:30,0,201,,,,,,,,,,,,,,,,,,
6/2/2024 14:15,0,201,,,,,,,,,,,,,,,,,,
6/2/2024 14:00,0,201,,,,,,,,,,,,,,,,,,
6/2/2024 13:45,0,202,,,,,,,,,,,,,,,,,,
6/2/2024 13:30,0,201,,,,,,,,,,,,,,,,,,
6/2/2024 13:15,0,201,,,,,,,,,,,,,,,,,,
6/2/2024 13:00,0,202,,,,,,,,,,,,,,,,,,
6/2/2024 12:45,0,202,,,,,,,,,,,,,,,,,,
6/2/2024 12:30,0,201,,,,,,,,,,,,,,,,,,
6/2/2024 12:15,0,201,,,,,,,,,,,,,,,,,,
6/2/2024 12:00,0,201,,,,,,,,,,,,,,,,,,
6/2/2024 11:45,0,201,,,,,,,,,,,,,,,,,,
6/2/2024 11:30,0,201,,,,,,,,,,,,,,,,,,
6/2/2024 11:15,0,201,,,,,,,,,,,,,,,,,,
6/2/2024 11:00,0,201,,,,,,,,,,,,,,,,,,
6/2/2024 10:45,0,201,,,,,,,,,,,,,,,,,,
6/2/2024 10:30,0,201,,,,,,,,,,,,,,,,,,
6/2/2024 10:15,0,201,,,,,,,,,,,,,,,,,,
6/2/2024 10:00,0,200,,,,,,,,,,,,,,,,,,
6/2/2024 9:45,0,200,,,,,,,,,,,,,,,,,,
6/2/2024 9:30,0,200,,,,,,,,,,,,,,,,,,
6/2/2024 9:15,0,200,,,,,,,,,,,,,,,,,,
6/2/2024 9:00,0,199,,,,,,,,,,,,,,,,,,
6/2/2024 8:45,0,199,,,,,,,,,,,,,,,,,,
6/2/2024 8:30,0,199,,,,,,,,,,,,,,,,,,
6/2/2024 8:15,0,199,,,,,,,,,,,,,,,,,,
6/2/2024 8:00,0,198,,,,,,,,,,,,,,,,,,
6/2/2024 7:45,0,198,,,,,,,,,,,,,,,,,,
6/2/2024 7:30,0,198,,,,,,,,,,,,,,,,,,
6/2/2024 7:15,0,197,,,,,,,,,,,,,,,,,,
6/2/2024 7:00,0,197,,,,,,,,,,,,,,,,,,
6/2/2024 6:45,0,197,,,,,,,,,,,,,,,,,,
6/2/2024 6:30,0,197,,,,,,,,,,,,,,,,,,
6/2/2024 6:15,0,196,,,,,,,,,,,,,,,,,,
6/2/2024 6:00,0,196,,,,,,,,,,,,,,,,,,
6/2/2024 5:45,0,195,,,,,,,,,,,,,,,,,,
6/2/2024 5:30,0,195,,,,,,,,,,,,,,,,,,
6/2/2024 5:15,0,195,,,,,,,,,,,,,,,,,,
6/2/2024 5:00,0,195,,,,,,,,,,,,,,,,,,
6/2/2024 4:45,0,195,,,,,,,,,,,,,,,,,,
6/2/2024 4:30,0,194,,,,,,,,,,,,,,,,,,
6/2/2024 4:15,0,194,,,,,,,,,,,,,,,,,,
6/2/2024 4:00,0,193,,,,,,,,,,,,,,,,,,
6/2/2024 3:45,0,193,,,,,,,,,,,,,,,,,,
6/2/2024 3:30,0,193,,,,,,,,,,,,,,,,,,
6/2/2024 3:15,0,192,,,,,,,,,,,,,,,,,,
6/2/2024 3:00,0,192,,,,,,,,,,,,,,,,,,
6/2/2024 2:45,0,192,,,,,,,,,,,,,,,,,,
6/2/2024 2:30,0,191,,,,,,,,,,,,,,,,,,
6/2/2024 2:15,0,191,,,,,,,,,,,,,,,,,,
6/2/2024 2:00,0,191,,,,,,,,,,,,,,,,,,
6/2/2024 1:45,0,190,,,,,,,,,,,,,,,,,,
6/2/2024 1:30,0,190,,,,,,,,,,,,,,,,,,
6/2/2024 1:15,0,190,,,,,,,,,,,,,,,,,,
6/2/2024 1:00,0,190,,,,,,,,,,,,,,,,,,
6/2/2024 0:45,0,189,,,,,,,,,,,,,,,,,,
6/2/2024 0:30,0,189,,,,,,,,,,,,,,,,,,
6/2/2024 0:15,0,189,,,,,,,,,,,,,,,,,,
6/2/2024 0:00,0,189,,,,,,,,,,,,,,,,,,
5/2/2024 23:45,0,189,,,,,,,,,,,,,,,,,,
5/2/2024 23:30,0,189,,,,,,,,,,,,,,,,,,
5/2/2024 23:15,0,189,,,,,,,,,,,,,,,,,,
5/2/2024 23:00,0,189,,,,,,,,,,,,,,,,,,
5/2/2024 22:45,0,189,,,,,,,,,,,,,,,,,,
5/2/2024 22:30,0,189,,,,,,,,,,,,,,,,,,
5/2/2024 22:15,0,190,,,,,,,,,,,,,,,,,,
5/2/2024 22:00,0,189,,,,,,,,,,,,,,,,,,
5/2/2024 21:45,0,190,,,,,,,,,,,,,,,,,,
5/2/2024 21:30,0,190,,,,,,,,,,,,,,,,,,
5/2/2024 21:15,0,190,,,,,,,,,,,,,,,,,,
5/2/2024 21:00,0,190,,,,,,,,,,,,,,,,,,
5/2/2024 20:45,0,191,,,,,,,,,,,,,,,,,,
5/2/2024 20:30,0,191,,,,,,,,,,,,,,,,,,
5/2/2024 20:15,0,191,,,,,,,,,,,,,,,,,,
5/2/2024 20:00,0,191,,,,,,,,,,,,,,,,,,
5/2/2024 19:45,0,191,,,,,,,,,,,,,,,,,,
5/2/2024 19:30,0,192,,,,,,,,,,,,,,,,,,
5/2/2024 19:15,0,192,,,,,,,,,,,,,,,,,,
5/2/2024 19:00,0,192,,,,,,,,,,,,,,,,,,
5/2/2024 18:45,0,192,,,,,,,,,,,,,,,,,,
5/2/2024 18:30,0,192,,,,,,,,,,,,,,,,,,
5/2/2024 18:15,0,193,,,,,,,,,,,,,,,,,,
5/2/2024 18:00,0,194,,,,,,,,,,,,,,,,,,
5/2/2024 17:45,0,194,,,,,,,,,,,,,,,,,,
5/2/2024 17:30,0,193,,,,,,,,,,,,,,,,,,
5/2/2024 17:15,0,194,,,,,,,,,,,,,,,,,,
5/2/2024 17:00,0,194,,,,,,,,,,,,,,,,,,
5/2/2024 16:45,0,195,,,,,,,,,,,,,,,,,,
5/2/2024 16:30,0,194,,,,,,,,,,,,,,,,,,
5/2/2024 16:15,0,195,,,,,,,,,,,,,,,,,,
5/2/2024 16:00,0,194,,,,,,,,,,,,,,,,,,
5/2/2024 15:45,0,194,,,,,,,,,,,,,,,,,,
5/2/2024 15:30,0,195,,,,,,,,,,,,,,,,,,
5/2/2024 15:15,0,195,,,,,,,,,,,,,,,,,,
5/2/2024 15:00,0,195,,,,,,,,,,,,,,,,,,
5/2/2024 14:45,0,195,,,,,,,,,,,,,,,,,,
5/2/2024 14:30,0,195,,,,,,,,,,,,,,,,,,
5/2/2024 14:15,0,195,,,,,,,,,,,,,,,,,,
5/2/2024 14:00,0,196,,,,,,,,,,,,,,,,,,
5/2/2024 13:45,0,195,,,,,,,,,,,,,,,,,,
5/2/2024 13:30,0,195,,,,,,,,,,,,,,,,,,
5/2/2024 13:15,0,195,,,,,,,,,,,,,,,,,,
5/2/2024 13:00,0,195,,,,,,,,,,,,,,,,,,
5/2/2024 12:45,0,195,,,,,,,,,,,,,,,,,,
5/2/2024 12:30,0,195,,,,,,,,,,,,,,,,,,
5/2/2024 12:15,0,195,,,,,,,,,,,,,,,,,,
5/2/2024 12:00,0,195,,,,,,,,,,,,,,,,,,
5/2/2024 11:45,0,195,,,,,,,,,,,,,,,,,,
5/2/2024 11:30,0,196,,,,,,,,,,,,,,,,,,
5/2/2024 11:15,0,195,,,,,,,,,,,,,,,,,,
5/2/2024 11:00,0,195,,,,,,,,,,,,,,,,,,
5/2/2024 10:45,0,195,,,,,,,,,,,,,,,,,,
5/2/2024 10:30,0,194,,,,,,,,,,,,,,,,,,
5/2/2024 10:15,0,195,,,,,,,,,,,,,,,,,,
5/2/2024 10:00,0,195,,,,,,,,,,,,,,,,,,
5/2/2024 9:45,0,195,,,,,,,,,,,,,,,,,,
5/2/2024 9:30,0,194,,,,,,,,,,,,,,,,,,
5/2/2024 9:15,0,194,,,,,,,,,,,,,,,,,,
5/2/2024 9:00,0,193,,,,,,,,,,,,,,,,,,
5/2/2024 8:45,0,194,,,,,,,,,,,,,,,,,,
5/2/2024 8:30,0,194,,,,,,,,,,,,,,,,,,
5/2/2024 8:15,0,194,,,,,,,,,,,,,,,,,,
5/2/2024 8:00,0,193,,,,,,,,,,,,,,,,,,
5/2/2024 7:45,0,193,,,,,,,,,,,,,,,,,,
5/2/2024 7:30,0,194,,,,,,,,,,,,,,,,,,
5/2/2024 7:15,0,193,,,,,,,,,,,,,,,,,,
5/2/2024 7:00,0,194,,,,,,,,,,,,,,,,,,
5/2/2024 6:45,0,194,,,,,,,,,,,,,,,,,,
5/2/2024 6:30,0,194,,,,,,,,,,,,,,,,,,
5/2/2024 6:15,0,193,,,,,,,,,,,,,,,,,,
5/2/2024 6:00,0,194,,,,,,,,,,,,,,,,,,
5/2/2024 5:45,0,193,,,,,,,,,,,,,,,,,,
5/2/2024 5:30,0,193,,,,,,,,,,,,,,,,,,
5/2/2024 5:15,0,193,,,,,,,,,,,,,,,,,,
5/2/2024 5:00,0,194,,,,,,,,,,,,,,,,,,
5/2/2024 4:45,0,194,,,,,,,,,,,,,,,,,,
5/2/2024 4:30,0,193,,,,,,,,,,,,,,,,,,
5/2/2024 4:15,0,193,,,,,,,,,,,,,,,,,,
5/2/2024 4:00,0,193,,,,,,,,,,,,,,,,,,
5/2/2024 3:45,0,194,,,,,,,,,,,,,,,,,,
5/2/2024 3:30,0,194,,,,,,,,,,,,,,,,,,
5/2/2024 3:15,0,194,,,,,,,,,,,,,,,,,,
5/2/2024 3:00,0,194,,,,,,,,,,,,,,,,,,
5/2/2024 2:45,0,194,,,,,,,,,,,,,,,,,,
5/2/2024 2:30,0,194,,,,,,,,,,,,,,,,,,
5/2/2024 2:15,0,194,,,,,,,,,,,,,,,,,,
5/2/2024 2:00,0,194,,,,,,,,,,,,,,,,,,
5/2/2024 1:45,0,194,,,,,,,,,,,,,,,,,,
5/2/2024 1:30,0,194,,,,,,,,,,,,,,,,,,
5/2/2024 1:15,0,194,,,,,,,,,,,,,,,,,,
5/2/2024 1:00,0,194,,,,,,,,,,,,,,,,,,
5/2/2024 0:45,0,195,,,,,,,,,,,,,,,,,,
5/2/2024 0:30,0,195,,,,,,,,,,,,,,,,,,
5/2/2024 0:15,0,195,,,,,,,,,,,,,,,,,,
5/2/2024 0:00,0,195,,,,,,,,,,,,,,,,,,
4/2/2024 23:45,0,195,,,,,,,,,,,,,,,,,,
4/2/2024 23:30,0,196,,,,,,,,,,,,,,,,,,
4/2/2024 23:15,,196,,,,,,,,,,,,,,,,,,
4/2/2024 23:00,0,196,,,,,,,,,,,,,,,,,,
4/2/2024 22:45,0,197,,,,,,,,,,,,,,,,,,
4/2/2024 22:30,0,197,,,,,,,,,,,,,,,,,,
4/2/2024 22:15,0,198,,,,,,,,,,,,,,,,,,
4/2/2024 22:00,0,198,,,,,,,,,,,,,,,,,,
4/2/2024 21:45,0,198,,,,,,,,,,,,,,,,,,
4/2/2024 21:30,0,198,,,,,,,,,,,,,,,,,,
4/2/2024 21:15,0,199,,,,,,,,,,,,,,,,,,
4/2/2024 21:00,0,199,,,,,,,,,,,,,,,,,,
4/2/2024 20:45,0,199,,,,,,,,,,,,,,,,,,
4/2/2024 20:30,0,200,,,,,,,,,,,,,,,,,,
4/2/2024 20:15,0,201,,,,,,,,,,,,,,,,,,
4/2/2024 20:00,0,201,,,,,,,,,,,,,,,,,,
4/2/2024 19:45,0,201,,,,,,,,,,,,,,,,,,
4/2/2024 19:30,0,202,,,,,,,,,,,,,,,,,,
4/2/2024 19:15,0,202,,,,,,,,,,,,,,,,,,
4/2/2024 19:00,0,202,,,,,,,,,,,,,,,,,,
4/2/2024 18:45,0,203,,,,,,,,,,,,,,,,,,
4/2/2024 18:30,0,203,,,,,,,,,,,,,,,,,,
4/2/2024 18:15,0,204,,,,,,,,,,,,,,,,,,
4/2/2024 18:00,0,204,,,,,,,,,,,,,,,,,,
4/2/2024 17:45,0,204,,,,,,,,,,,,,,,,,,
4/2/2024 17:30,0,204,,,,,,,,,,,,,,,,,,
4/2/2024 17:15,0,205,,,,,,,,,,,,,,,,,,
4/2/2024 17:00,0,205,,,,,,,,,,,,,,,,,,
4/2/2024 16:45,0,206,,,,,,,,,,,,,,,,,,
4/2/2024 16:30,0,206,,,,,,,,,,,,,,,,,,
4/2/2024 16:15,0,206,,,,,,,,,,,,,,,,,,
4/2/2024 16:00,0,206,,,,,,,,,,,,,,,,,,
4/2/2024 15:45,0,206,,,,,,,,,,,,,,,,,,
4/2/2024 15:30,0,206,,,,,,,,,,,,,,,,,,
4/2/2024 15:15,0,207,,,,,,,,,,,,,,,,,,
4/2/2024 15:00,0,207,,,,,,,,,,,,,,,,,,
4/2/2024 14:45,0,207,,,,,,,,,,,,,,,,,,
4/2/2024 14:30,0,207,,,,,,,,,,,,,,,,,,
4/2/2024 14:15,0,207,,,,,,,,,,,,,,,,,,
4/2/2024 14:00,0,207,,,,,,,,,,,,,,,,,,
4/2/2024 13:45,0,207,,,,,,,,,,,,,,,,,,
4/2/2024 13:30,0,207,,,,,,,,,,,,,,,,,,
4/2/2024 13:15,0,208,,,,,,,,,,,,,,,,,,
4/2/2024 13:00,0,207,,,,,,,,,,,,,,,,,,
4/2/2024 12:45,0,207,,,,,,,,,,,,,,,,,,
4/2/2024 12:30,0,207,,,,,,,,,,,,,,,,,,
4/2/2024 12:15,0,208,,,,,,,,,,,,,,,,,,
4/2/2024 12:00,0,207,,,,,,,,,,,,,,,,,,
4/2/2024 11:45,0,207,,,,,,,,,,,,,,,,,,
4/2/2024 11:30,0,207,,,,,,,,,,,,,,,,,,
4/2/2024 11:15,0,207,,,,,,,,,,,,,,,,,,
4/2/2024 11:00,0,207,,,,,,,,,,,,,,,,,,
4/2/2024 10:45,0,207,,,,,,,,,,,,,,,,,,
4/2/2024 10:30,0,207,,,,,,,,,,,,,,,,,,
4/2/2024 10:15,0,207,,,,,,,,,,,,,,,,,,
4/2/2024 10:00,0,207,,,,,,,,,,,,,,,,,,
4/2/2024 9:45,0,207,,,,,,,,,,,,,,,,,,
4/2/2024 9:30,0,207,,,,,,,,,,,,,,,,,,
4/2/2024 9:15,0,207,,,,,,,,,,,,,,,,,,
4/2/2024 9:00,0,207,,,,,,,,,,,,,,,,,,
4/2/2024 8:45,0,206,,,,,,,,,,,,,,,,,,
4/2/2024 8:30,0,207,,,,,,,,,,,,,,,,,,
4/2/2024 8:15,0,206,,,,,,,,,,,,,,,,,,
4/2/2024 8:00,0,206,,,,,,,,,,,,,,,,,,
4/2/2024 7:45,0,206,,,,,,,,,,,,,,,,,,
4/2/2024 7:30,0,206,,,,,,,,,,,,,,,,,,
4/2/2024 7:15,0,206,,,,,,,,,,,,,,,,,,
4/2/2024 7:00,0,206,,,,,,,,,,,,,,,,,,
4/2/2024 6:45,0,205,,,,,,,,,,,,,,,,,,
4/2/2024 6:30,0,205,,,,,,,,,,,,,,,,,,
4/2/2024 6:15,0,205,,,,,,,,,,,,,,,,,,
4/2/2024 6:00,0,205,,,,,,,,,,,,,,,,,,
4/2/2024 5:45,0,205,,,,,,,,,,,,,,,,,,
4/2/2024 5:30,0,205,,,,,,,,,,,,,,,,,,
4/2/2024 5:15,0,205,,,,,,,,,,,,,,,,,,
4/2/2024 5:00,0,206,,,,,,,,,,,,,,,,,,
4/2/2024 4:45,0,205,,,,,,,,,,,,,,,,,,
4/2/2024 4:30,0,206,,,,,,,,,,,,,,,,,,
4/2/2024 4:15,0,206,,,,,,,,,,,,,,,,,,
4/2/2024 4:00,0,206,,,,,,,,,,,,,,,,,,
4/2/2024 3:45,0,206,,,,,,,,,,,,,,,,,,
4/2/2024 3:30,0,206,,,,,,,,,,,,,,,,,,
4/2/2024 3:15,0,207,,,,,,,,,,,,,,,,,,
4/2/2024 3:00,0,207,,,,,,,,,,,,,,,,,,
4/2/2024 2:45,0,207,,,,,,,,,,,,,,,,,,
4/2/2024 2:30,0,207,,,,,,,,,,,,,,,,,,
4/2/2024 2:15,0,207,,,,,,,,,,,,,,,,,,
4/2/2024 2:00,0,208,,,,,,,,,,,,,,,,,,
4/2/2024 1:45,0,208,,,,,,,,,,,,,,,,,,
4/2/2024 1:30,0,208,,,,,,,,,,,,,,,,,,
4/2/2024 1:15,0,208,,,,,,,,,,,,,,,,,,
4/2/2024 1:00,0,209,,,,,,,,,,,,,,,,,,
4/2/2024 0:45,0,209,,,,,,,,,,,,,,,,,,
4/2/2024 0:30,0,209,,,,,,,,,,,,,,,,,,
4/2/2024 0:15,0,210,,,,,,,,,,,,,,,,,,
4/2/2024 0:00,0,210,,,,,,,,,,,,,,,,,,
3/2/2024 23:45,0,211,,,,,,,,,,,,,,,,,,
3/2/2024 23:30,0,211,,,,,,,,,,,,,,,,,,
3/2/2024 23:15,0,212,,,,,,,,,,,,,,,,,,
3/2/2024 23:00,0,212,,,,,,,,,,,,,,,,,,
3/2/2024 22:45,0,212,,,,,,,,,,,,,,,,,,
3/2/2024 22:30,0,213,,,,,,,,,,,,,,,,,,
3/2/2024 22:15,0,213,,,,,,,,,,,,,,,,,,
3/2/2024 22:00,0,214,,,,,,,,,,,,,,,,,,
3/2/2024 21:45,0,214,,,,,,,,,,,,,,,,,,
3/2/2024 21:30,0,214,,,,,,,,,,,,,,,,,,
3/2/2024 21:15,0,215,,,,,,,,,,,,,,,,,,
3/2/2024 21:00,0,215,,,,,,,,,,,,,,,,,,
3/2/2024 20:45,0,216,,,,,,,,,,,,,,,,,,
3/2/2024 20:30,0,216,,,,,,,,,,,,,,,,,,
3/2/2024 20:15,0,216,,,,,,,,,,,,,,,,,,
3/2/2024 20:00,0,217,,,,,,,,,,,,,,,,,,
3/2/2024 19:45,0,218,,,,,,,,,,,,,,,,,,
3/2/2024 19:30,0,218,,,,,,,,,,,,,,,,,,
3/2/2024 19:15,0,218,,,,,,,,,,,,,,,,,,
3/2/2024 19:00,0,219,,,,,,,,,,,,,,,,,,
3/2/2024 18:45,0,219,,,,,,,,,,,,,,,,,,
3/2/2024 18:30,0,220,,,,,,,,,,,,,,,,,,
3/2/2024 18:15,0,220,,,,,,,,,,,,,,,,,,
3/2/2024 18:00,0,220,,,,,,,,,,,,,,,,,,
3/2/2024 17:45,0,220,,,,,,,,,,,,,,,,,,
3/2/2024 17:30,0,221,,,,,,,,,,,,,,,,,,
3/2/2024 17:15,0,221,,,,,,,,,,,,,,,,,,
3/2/2024 17:00,0,221,,,,,,,,,,,,,,,,,,
3/2/2024 16:45,0,221,,,,,,,,,,,,,,,,,,
3/2/2024 16:30,0,222,,,,,,,,,,,,,,,,,,
3/2/2024 16:15,0,222,,,,,,,,,,,,,,,,,,
3/2/2024 16:00,0,222,,,,,,,,,,,,,,,,,,
3/2/2024 15:45,0,222,,,,,,,,,,,,,,,,,,
3/2/2024 15:30,0,222,,,,,,,,,,,,,,,,,,
3/2/2024 15:15,0,222,,,,,,,,,,,,,,,,,,
3/2/2024 15:00,0,223,,,,,,,,,,,,,,,,,,
3/2/2024 14:45,0,223,,,,,,,,,,,,,,,,,,
3/2/2024 14:30,0,223,,,,,,,,,,,,,,,,,,
3/2/2024 14:15,0,223,,,,,,,,,,,,,,,,,,
3/2/2024 14:00,0,224,,,,,,,,,,,,,,,,,,
3/2/2024 13:45,0,224,,,,,,,,,,,,,,,,,,
3/2/2024 13:30,0,224,,,,,,,,,,,,,,,,,,
3/2/2024 13:15,0,224,,,,,,,,,,,,,,,,,,
3/2/2024 13:00,0,224,,,,,,,,,,,,,,,,,,
3/2/2024 12:45,0,225,,,,,,,,,,,,,,,,,,
3/2/2024 12:30,0,225,,,,,,,,,,,,,,,,,,
3/2/2024 12:15,0,225,,,,,,,,,,,,,,,,,,
3/2/2024 12:00,0,225,,,,,,,,,,,,,,,,,,
3/2/2024 11:45,0,225,,,,,,,,,,,,,,,,,,
3/2/2024 11:30,0,225,,,,,,,,,,,,,,,,,,
3/2/2024 11:15,0,225,,,,,,,,,,,,,,,,,,
3/2/2024 11:00,0,225,,,,,,,,,,,,,,,,,,
3/2/2024 10:45,0,226,,,,,,,,,,,,,,,,,,
3/2/2024 10:30,0,226,,,,,,,,,,,,,,,,,,
3/2/2024 10:15,0,225,,,,,,,,,,,,,,,,,,
3/2/2024 10:00,0,226,,,,,,,,,,,,,,,,,,
3/2/2024 9:45,0,225,,,,,,,,,,,,,,,,,,
3/2/2024 9:30,0,225,,,,,,,,,,,,,,,,,,
3/2/2024 9:15,0,226,,,,,,,,,,,,,,,,,,
3/2/2024 9:00,0,226,,,,,,,,,,,,,,,,,,
3/2/2024 8:45,0,227,,,,,,,,,,,,,,,,,,
3/2/2024 8:30,0,227,,,,,,,,,,,,,,,,,,
3/2/2024 8:15,0,227,,,,,,,,,,,,,,,,,,
3/2/2024 8:00,0,227,,,,,,,,,,,,,,,,,,
3/2/2024 7:45,0,227,,,,,,,,,,,,,,,,,,
3/2/2024 7:30,0,227,,,,,,,,,,,,,,,,,,
3/2/2024 7:15,0,227,,,,,,,,,,,,,,,,,,
3/2/2024 7:00,0,228,,,,,,,,,,,,,,,,,,
3/2/2024 6:45,0,228,,,,,,,,,,,,,,,,,,
3/2/2024 6:30,0,228,,,,,,,,,,,,,,,,,,
3/2/2024 6:15,0,228,,,,,,,,,,,,,,,,,,
3/2/2024 6:00,0,229,,,,,,,,,,,,,,,,,,
3/2/2024 5:45,0,229,,,,,,,,,,,,,,,,,,
3/2/2024 5:30,0,229,,,,,,,,,,,,,,,,,,
3/2/2024 5:15,0,229,,,,,,,,,,,,,,,,,,
3/2/2024 5:00,0,230,,,,,,,,,,,,,,,,,,
3/2/2024 4:45,0,230,,,,,,,,,,,,,,,,,,
3/2/2024 4:30,0,230,,,,,,,,,,,,,,,,,,
3/2/2024 4:15,0,230,,,,,,,,,,,,,,,,,,
3/2/2024 4:00,0,231,,,,,,,,,,,,,,,,,,
3/2/2024 3:45,0,231,,,,,,,,,,,,,,,,,,
3/2/2024 3:30,0,231,,,,,,,,,,,,,,,,,,
3/2/2024 3:15,0,231,,,,,,,,,,,,,,,,,,
3/2/2024 3:00,0,231,,,,,,,,,,,,,,,,,,
3/2/2024 2:45,0,231,,,,,,,,,,,,,,,,,,
3/2/2024 2:30,0,231,,,,,,,,,,,,,,,,,,
3/2/2024 2:15,0,232,,,,,,,,,,,,,,,,,,
3/2/2024 2:00,0,232,,,,,,,,,,,,,,,,,,
3/2/2024 1:45,0,232,,,,,,,,,,,,,,,,,,
3/2/2024 1:30,0,232,,,,,,,,,,,,,,,,,,
3/2/2024 1:15,0,233,,,,,,,,,,,,,,,,,,
3/2/2024 1:00,0,233,,,,,,,,,,,,,,,,,,
3/2/2024 0:45,0,233,,,,,,,,,,,,,,,,,,
3/2/2024 0:30,0,233,,,,,,,,,,,,,,,,,,
3/2/2024 0:15,0,234,,,,,,,,,,,,,,,,,,
3/2/2024 0:00,0,234,,,,,,,,,,,,,,,,,,
2/2/2024 23:45,0,234,,,,,,,,,,,,,,,,,,
2/2/2024 23:30,0,234,,,,,,,,,,,,,,,,,,
2/2/2024 23:15,0,235,,,,,,,,,,,,,,,,,,
2/2/2024 23:00,0,235,,,,,,,,,,,,,,,,,,
2/2/2024 22:45,0,236,,,,,,,,,,,,,,,,,,
2/2/2024 22:30,0,236,,,,,,,,,,,,,,,,,,
2/2/2024 22:15,0,237,,,,,,,,,,,,,,,,,,
2/2/2024 22:00,0,237,,,,,,,,,,,,,,,,,,
2/2/2024 21:45,0,238,,,,,,,,,,,,,,,,,,
2/2/2024 21:30,0,238,,,,,,,,,,,,,,,,,,
2/2/2024 21:15,0,239,,,,,,,,,,,,,,,,,,
2/2/2024 21:00,0,240,,,,,,,,,,,,,,,,,,
2/2/2024 20:45,0,240,,,,,,,,,,,,,,,,,,
2/2/2024 20:30,0,241,,,,,,,,,,,,,,,,,,
2/2/2024 20:15,0,241,,,,,,,,,,,,,,,,,,
2/2/2024 20:00,0,242,,,,,,,,,,,,,,,,,,
2/2/2024 19:45,0,242,,,,,,,,,,,,,,,,,,
2/2/2024 19:30,0,242,,,,,,,,,,,,,,,,,,
2/2/2024 19:15,0,243,,,,,,,,,,,,,,,,,,
2/2/2024 19:00,0,243,,,,,,,,,,,,,,,,,,
2/2/2024 18:45,0,244,,,,,,,,,,,,,,,,,,
2/2/2024 18:30,0,244,,,,,,,,,,,,,,,,,,
2/2/2024 18:15,0,245,,,,,,,,,,,,,,,,,,
2/2/2024 18:00,0,245,,,,,,,,,,,,,,,,,,
2/2/2024 17:45,0,245,,,,,,,,,,,,,,,,,,
2/2/2024 17:30,0,246,,,,,,,,,,,,,,,,,,
2/2/2024 17:15,0,246,,,,,,,,,,,,,,,,,,
2/2/2024 17:00,0,247,,,,,,,,,,,,,,,,,,
2/2/2024 16:45,0,247,,,,,,,,,,,,,,,,,,
2/2/2024 16:30,0,248,,,,,,,,,,,,,,,,,,
2/2/2024 16:15,0,248,,,,,,,,,,,,,,,,,,
2/2/2024 16:00,0,248,,,,,,,,,,,,,,,,,,
2/2/2024 15:45,0,248,,,,,,,,,,,,,,,,,,
2/2/2024 15:30,0,249,,,,,,,,,,,,,,,,,,
2/2/2024 15:15,0,249,,,,,,,,,,,,,,,,,,
2/2/2024 15:00,0,249,,,,,,,,,,,,,,,,,,
2/2/2024 14:45,0,250,,,,,,,,,,,,,,,,,,
2/2/2024 14:30,0,250,,,,,,,,,,,,,,,,,,
2/2/2024 14:15,0,251,,,,,,,,,,,,,,,,,,
2/2/2024 14:00,0,251,,,,,,,,,,,,,,,,,,
2/2/2024 13:45,0,251,,,,,,,,,,,,,,,,,,
2/2/2024 13:30,0,251,,,,,,,,,,,,,,,,,,
2/2/2024 13:15,0,252,,,,,,,,,,,,,,,,,,
2/2/2024 13:00,0,252,,,,,,,,,,,,,,,,,,
2/2/2024 12:45,0,252,,,,,,,,,,,,,,,,,,
2/2/2024 12:30,0,253,,,,,,,,,,,,,,,,,,
2/2/2024 12:15,0,253,,,,,,,,,,,,,,,,,,
2/2/2024 12:00,0,253,,,,,,,,,,,,,,,,,,
2/2/2024 11:45,0,253,,,,,,,,,,,,,,,,,,
2/2/2024 11:30,0,253,,,,,,,,,,,,,,,,,,
2/2/2024 11:15,0,253,,,,,,,,,,,,,,,,,,
2/2/2024 11:00,0,253,,,,,,,,,,,,,,,,,,
2/2/2024 10:45,0,253,,,,,,,,,,,,,,,,,,
2/2/2024 10:30,0,253,,,,,,,,,,,,,,,,,,
2/2/2024 10:15,0,254,,,,,,,,,,,,,,,,,,
2/2/2024 10:00,0,253,,,,,,,,,,,,,,,,,,
2/2/2024 9:45,0,253,,,,,,,,,,,,,,,,,,
2/2/2024 9:30,0,252,,,,,,,,,,,,,,,,,,
2/2/2024 9:15,0,254,,,,,,,,,,,,,,,,,,
2/2/2024 9:00,0,253,,,,,,,,,,,,,,,,,,
2/2/2024 8:45,0,254,,,,,,,,,,,,,,,,,,
2/2/2024 8:30,0,254,,,,,,,,,,,,,,,,,,
2/2/2024 8:15,0,254,,,,,,,,,,,,,,,,,,
2/2/2024 8:00,0,254,,,,,,,,,,,,,,,,,,
2/2/2024 7:45,0,254,,,,,,,,,,,,,,,,,,
2/2/2024 7:30,0,254,,,,,,,,,,,,,,,,,,
2/2/2024 7:15,0,254,,,,,,,,,,,,,,,,,,
2/2/2024 7:00,0,254,,,,,,,,,,,,,,,,,,
2/2/2024 6:45,0,255,,,,,,,,,,,,,,,,,,
2/2/2024 6:30,0,255,,,,,,,,,,,,,,,,,,
2/2/2024 6:15,0,255,,,,,,,,,,,,,,,,,,
2/2/2024 6:00,0,254,,,,,,,,,,,,,,,,,,
2/2/2024 5:45,0,255,,,,,,,,,,,,,,,,,,
2/2/2024 5:30,0,255,,,,,,,,,,,,,,,,,,
2/2/2024 5:15,0,255,,,,,,,,,,,,,,,,,,
2/2/2024 5:00,0,256,,,,,,,,,,,,,,,,,,
2/2/2024 4:45,0,256,,,,,,,,,,,,,,,,,,
2/2/2024 4:30,0,256,,,,,,,,,,,,,,,,,,
2/2/2024 4:15,0,256,,,,,,,,,,,,,,,,,,
2/2/2024 4:00,0,256,,,,,,,,,,,,,,,,,,
2/2/2024 3:45,0,256,,,,,,,,,,,,,,,,,,
2/2/2024 3:30,0,256,,,,,,,,,,,,,,,,,,
2/2/2024 3:15,0,257,,,,,,,,,,,,,,,,,,
2/2/2024 3:00,0,257,,,,,,,,,,,,,,,,,,
2/2/2024 2:45,0,257,,,,,,,,,,,,,,,,,,
2/2/2024 2:30,0,257,,,,,,,,,,,,,,,,,,
2/2/2024 2:15,0,257,,,,,,,,,,,,,,,,,,
2/2/2024 2:00,0,257,,,,,,,,,,,,,,,,,,
2/2/2024 1:45,0,258,,,,,,,,,,,,,,,,,,
2/2/2024 1:30,0,258,,,,,,,,,,,,,,,,,,
2/2/2024 1:15,0,258,,,,,,,,,,,,,,,,,,
2/2/2024 1:00,0,258,,,,,,,,,,,,,,,,,,
2/2/2024 0:45,0,259,,,,,,,,,,,,,,,,,,
2/2/2024 0:30,0,259,,,,,,,,,,,,,,,,,,
2/2/2024 0:15,0,259,,,,,,,,,,,,,,,,,,
2/2/2024 0:00,0,260,,,,,,,,,,,,,,,,,,
1/2/2024 23:45,0,260,,,,,,,,,,,,,,,,,,
1/2/2024 23:30,0,260,,,,,,,,,,,,,,,,,,
1/2/2024 23:15,0,261,,,,,,,,,,,,,,,,,,
1/2/2024 23:00,0,261,,,,,,,,,,,,,,,,,,
1/2/2024 22:45,0,262,,,,,,,,,,,,,,,,,,
1/2/2024 22:30,0,262,,,,,,,,,,,,,,,,,,
1/2/2024 22:15,0,263,,,,,,,,,,,,,,,,,,
1/2/2024 22:00,0,263,,,,,,,,,,,,,,,,,,
1/2/2024 21:45,0,263,,,,,,,,,,,,,,,,,,
1/2/2024 21:30,0,264,,,,,,,,,,,,,,,,,,
1/2/2024 21:15,0,265,,,,,,,,,,,,,,,,,,
1/2/2024 21:00,0,265,,,,,,,,,,,,,,,,,,
1/2/2024 20:45,0,266,,,,,,,,,,,,,,,,,,
1/2/2024 20:30,0,266,,,,,,,,,,,,,,,,,,
1/2/2024 20:15,0,267,,,,,,,,,,,,,,,,,,
1/2/2024 20:00,0,268,,,,,,,,,,,,,,,,,,
1/2/2024 19:45,0,268,,,,,,,,,,,,,,,,,,
1/2/2024 19:30,0,268,,,,,,,,,,,,,,,,,,
1/2/2024 19:15,0,269,,,,,,,,,,,,,,,,,,
1/2/2024 19:00,0,270,,,,,,,,,,,,,,,,,,
1/2/2024 18:45,0,270,,,,,,,,,,,,,,,,,,
1/2/2024 18:30,0,270,,,,,,,,,,,,,,,,,,
1/2/2024 18:15,0,271,,,,,,,,,,,,,,,,,,
1/2/2024 18:00,0,271,,,,,,,,,,,,,,,,,,
1/2/2024 17:45,0,272,,,,,,,,,,,,,,,,,,
1/2/2024 17:30,0,273,,,,,,,,,,,,,,,,,,
1/2/2024 17:15,0,273,,,,,,,,,,,,,,,,,,
1/2/2024 17:00,0,273,,,,,,,,,,,,,,,,,,
1/2/2024 16:45,0,273,,,,,,,,,,,,,,,,,,
1/2/2024 16:30,0,274,,,,,,,,,,,,,,,,,,
1/2/2024 16:15,0,275,,,,,,,,,,,,,,,,,,
1/2/2024 16:00,0,275,,,,,,,,,,,,,,,,,,
1/2/2024 15:45,0,275,,,,,,,,,,,,,,,,,,
1/2/2024 15:30,0,276,,,,,,,,,,,,,,,,,,
1/2/2024 15:15,0,276,,,,,,,,,,,,,,,,,,
1/2/2024 15:00,0,277,,,,,,,,,,,,,,,,,,
1/2/2024 14:45,0,277,,,,,,,,,,,,,,,,,,
1/2/2024 14:30,0,277,,,,,,,,,,,,,,,,,,
1/2/2024 14:15,0,278,,,,,,,,,,,,,,,,,,
1/2/2024 14:00,0,278,,,,,,,,,,,,,,,,,,
1/2/2024 13:45,0,279,,,,,,,,,,,,,,,,,,
1/2/2024 13:30,0,279,,,,,,,,,,,,,,,,,,
1/2/2024 13:15,0,279,,,,,,,,,,,,,,,,,,
1/2/2024 13:00,0,280,,,,,,,,,,,,,,,,,,
1/2/2024 12:45,0,280,,,,,,,,,,,,,,,,,,
1/2/2024 12:30,0,281,,,,,,,,,,,,,,,,,,
1/2/2024 12:15,0,281,,,,,,,,,,,,,,,,,,
1/2/2024 12:00,0,281,,,,,,,,,,,,,,,,,,
1/2/2024 11:45,0,281,,,,,,,,,,,,,,,,,,
1/2/2024 11:30,0,282,,,,,,,,,,,,,,,,,,
1/2/2024 11:15,0,282,,,,,,,,,,,,,,,,,,
1/2/2024 11:00,0,282,,,,,,,,,,,,,,,,,,
1/2/2024 10:45,0,282,,,,,,,,,,,,,,,,,,
1/2/2024 10:30,0,282,,,,,,,,,,,,,,,,,,
1/2/2024 10:15,0,282,,,,,,,,,,,,,,,,,,
1/2/2024 10:00,0,283,,,,,,,,,,,,,,,,,,
1/2/2024 9:45,0,283,,,,,,,,,,,,,,,,,,
1/2/2024 9:30,0,283,,,,,,,,,,,,,,,,,,
1/2/2024 9:15,0,284,,,,,,,,,,,,,,,,,,
1/2/2024 9:00,0,284,,,,,,,,,,,,,,,,,,
1/2/2024 8:45,0,284,,,,,,,,,,,,,,,,,,
1/2/2024 8:30,0,284,,,,,,,,,,,,,,,,,,
1/2/2024 8:15,0,285,,,,,,,,,,,,,,,,,,
1/2/2024 8:00,0,285,,,,,,,,,,,,,,,,,,
1/2/2024 7:45,0,285,,,,,,,,,,,,,,,,,,
1/2/2024 7:30,0,285,,,,,,,,,,,,,,,,,,
1/2/2024 7:15,0,285,,,,,,,,,,,,,,,,,,
1/2/2024 7:00,0,285,,,,,,,,,,,,,,,,,,
1/2/2024 6:45,0,286,,,,,,,,,,,,,,,,,,
1/2/2024 6:30,0,286,,,,,,,,,,,,,,,,,,
1/2/2024 6:15,0,286,,,,,,,,,,,,,,,,,,
1/2/2024 6:00,0,286,,,,,,,,,,,,,,,,,,
1/2/2024 5:45,0,286,,,,,,,,,,,,,,,,,,
1/2/2024 5:30,0,287,,,,,,,,,,,,,,,,,,
1/2/2024 5:15,0,287,,,,,,,,,,,,,,,,,,
1/2/2024 5:00,0,287,,,,,,,,,,,,,,,,,,
1/2/2024 4:45,0,287,,,,,,,,,,,,,,,,,,
1/2/2024 4:30,0,288,,,,,,,,,,,,,,,,,,
1/2/2024 4:15,0,288,,,,,,,,,,,,,,,,,,
1/2/2024 4:00,0,288,,,,,,,,,,,,,,,,,,
1/2/2024 3:45,0,289,,,,,,,,,,,,,,,,,,
1/2/2024 3:30,0,289,,,,,,,,,,,,,,,,,,
1/2/2024 3:15,0,289,,,,,,,,,,,,,,,,,,
1/2/2024 3:00,0,290,,,,,,,,,,,,,,,,,,
1/2/2024 2:45,0,290,,,,,,,,,,,,,,,,,,
1/2/2024 2:30,0,290,,,,,,,,,,,,,,,,,,
1/2/2024 2:15,0,290,,,,,,,,,,,,,,,,,,
1/2/2024 2:00,0,291,,,,,,,,,,,,,,,,,,
1/2/2024 1:45,0,291,,,,,,,,,,,,,,,,,,
1/2/2024 1:30,0,292,,,,,,,,,,,,,,,,,,
1/2/2024 1:15,0,292,,,,,,,,,,,,,,,,,,
1/2/2024 1:00,0,292,,,,,,,,,,,,,,,,,,
1/2/2024 0:45,0,293,,,,,,,,,,,,,,,,,,
1/2/2024 0:30,0,293,,,,,,,,,,,,,,,,,,
1/2/2024 0:15,0,294,,,,,,,,,,,,,,,,,,
1/2/2024 0:00,0,294,,,,,,,,,,,,,,,,,,
31/01/2024 23:45:00,0,294,,,,,,,,,,,,,,,,,,
31/01/2024 23:30:00,0,295,,,,,,,,,,,,,,,,,,
31/01/2024 23:15:00,0,296,,,,,,,,,,,,,,,,,,
31/01/2024 23:00:00,0,296,,,,,,,,,,,,,,,,,,
31/01/2024 22:45:00,0,297,,,,,,,,,,,,,,,,,,
31/01/2024 22:30:00,0,297,,,,,,,,,,,,,,,,,,
31/01/2024 22:15:00,0,297,,,,,,,,,,,,,,,,,,
31/01/2024 22:00:00,0,298,,,,,,,,,,,,,,,,,,
31/01/2024 21:45:00,0,298,,,,,,,,,,,,,,,,,,
31/01/2024 21:30:00,0,299,,,,,,,,,,,,,,,,,,
31/01/2024 21:15:00,0,300,,,,,,,,,,,,,,,,,,
31/01/2024 21:00:00,0,300,,,,,,,,,,,,,,,,,,
31/01/2024 20:45:00,0,301,,,,,,,,,,,,,,,,,,
31/01/2024 20:30:00,0,302,,,,,,,,,,,,,,,,,,
31/01/2024 20:15:00,0,303,,,,,,,,,,,,,,,,,,
31/01/2024 20:00:00,0,303,,,,,,,,,,,,,,,,,,
31/01/2024 19:45:00,0,304,,,,,,,,,,,,,,,,,,
31/01/2024 19:30:00,0,304,,,,,,,,,,,,,,,,,,
31/01/2024 19:15:00,0,305,,,,,,,,,,,,,,,,,,
31/01/2024 19:00:00,0,305,,,,,,,,,,,,,,,,,,
31/01/2024 18:45:00,0,306,,,,,,,,,,,,,,,,,,
31/01/2024 18:30:00,0,306,,,,,,,,,,,,,,,,,,
31/01/2024 18:15:00,0,307,,,,,,,,,,,,,,,,,,
31/01/2024 18:00:00,0,307,,,,,,,,,,,,,,,,,,
31/01/2024 17:45:00,0,308,,,,,,,,,,,,,,,,,,
31/01/2024 17:30:00,0,309,,,,,,,,,,,,,,,,,,
31/01/2024 17:15:00,0,309,,,,,,,,,,,,,,,,,,
31/01/2024 17:00:00,0,310,,,,,,,,,,,,,,,,,,
31/01/2024 16:45:00,0,310,,,,,,,,,,,,,,,,,,
31/01/2024 16:30:00,0,311,,,,,,,,,,,,,,,,,,
31/01/2024 16:15:00,0,312,,,,,,,,,,,,,,,,,,
31/01/2024 16:00:00,0,312,,,,,,,,,,,,,,,,,,
31/01/2024 15:45:00,0,313,,,,,,,,,,,,,,,,,,
31/01/2024 15:30:00,0,313,,,,,,,,,,,,,,,,,,
31/01/2024 15:15:00,0,314,,,,,,,,,,,,,,,,,,
31/01/2024 15:00:00,0,314,,,,,,,,,,,,,,,,,,
31/01/2024 14:45:00,0,315,,,,,,,,,,,,,,,,,,
31/01/2024 14:30:00,0,316,,,,,,,,,,,,,,,,,,
31/01/2024 14:15:00,0,316,,,,,,,,,,,,,,,,,,
31/01/2024 14:00:00,0,317,,,,,,,,,,,,,,,,,,
31/01/2024 13:45:00,0,318,,,,,,,,,,,,,,,,,,
31/01/2024 13:30:00,0,318,,,,,,,,,,,,,,,,,,
31/01/2024 13:15:00,0,319,,,,,,,,,,,,,,,,,,
31/01/2024 13:00:00,0,319,,,,,,,,,,,,,,,,,,
31/01/2024 12:45:00,0,320,,,,,,,,,,,,,,,,,,
31/01/2024 12:30:00,0,321,,,,,,,,,,,,,,,,,,
31/01/2024 12:15:00,0,321,,,,,,,,,,,,,,,,,,
31/01/2024 12:00:00,0,322,,,,,,,,,,,,,,,,,,
31/01/2024 11:45:00,0,322,,,,,,,,,,,,,,,,,,
31/01/2024 11:30:00,0,323,,,,,,,,,,,,,,,,,,
31/01/2024 11:15:00,0,323,,,,,,,,,,,,,,,,,,
31/01/2024 11:00:00,0,323,,,,,,,,,,,,,,,,,,
31/01/2024 10:45:00,0,324,,,,,,,,,,,,,,,,,,
31/01/2024 10:30:00,0,324,,,,,,,,,,,,,,,,,,
31/01/2024 10:15:00,0,325,,,,,,,,,,,,,,,,,,
31/01/2024 10:00:00,0,325,,,,,,,,,,,,,,,,,,
31/01/2024 09:45:00,0,326,,,,,,,,,,,,,,,,,,
31/01/2024 09:30:00,0,326,,,,,,,,,,,,,,,,,,
31/01/2024 09:15:00,0,326,,,,,,,,,,,,,,,,,,
31/01/2024 09:00:00,0,326,,,,,,,,,,,,,,,,,,
31/01/2024 08:45:00,0,327,,,,,,,,,,,,,,,,,,
31/01/2024 08:30:00,0,327,,,,,,,,,,,,,,,,,,
31/01/2024 08:15:00,0,327,,,,,,,,,,,,,,,,,,
31/01/2024 08:00:00,0,328,,,,,,,,,,,,,,,,,,
31/01/2024 07:45:00,0,328,,,,,,,,,,,,,,,,,,
31/01/2024 07:30:00,0,329,,,,,,,,,,,,,,,,,,
31/01/2024 07:15:00,0,329,,,,,,,,,,,,,,,,,,
31/01/2024 07:00:00,0,329,,,,,,,,,,,,,,,,,,
31/01/2024 06:45:00,0,329,,,,,,,,,,,,,,,,,,
31/01/2024 06:30:00,0,330,,,,,,,,,,,,,,,,,,
31/01/2024 06:15:00,0,330,,,,,,,,,,,,,,,,,,
31/01/2024 06:00:00,0,331,,,,,,,,,,,,,,,,,,
31/01/2024 05:45:00,0,331,,,,,,,,,,,,,,,,,,
31/01/2024 05:30:00,0,331,,,,,,,,,,,,,,,,,,
31/01/2024 05:15:00,0,331,,,,,,,,,,,,,,,,,,
31/01/2024 05:00:00,0,332,,,,,,,,,,,,,,,,,,
31/01/2024 04:45:00,0,333,,,,,,,,,,,,,,,,,,
31/01/2024 04:30:00,0,333,,,,,,,,,,,,,,,,,,
31/01/2024 04:15:00,0,334,,,,,,,,,,,,,,,,,,
31/01/2024 04:00:00,0,334,,,,,,,,,,,,,,,,,,
31/01/2024 03:45:00,0,334,,,,,,,,,,,,,,,,,,
31/01/2024 03:30:00,0,335,,,,,,,,,,,,,,,,,,
31/01/2024 03:15:00,0,335,,,,,,,,,,,,,,,,,,
31/01/2024 03:00:00,0,336,,,,,,,,,,,,,,,,,,
31/01/2024 02:45:00,0,336,,,,,,,,,,,,,,,,,,
31/01/2024 02:30:00,0,337,,,,,,,,,,,,,,,,,,
31/01/2024 02:15:00,0,337,,,,,,,,,,,,,,,,,,
31/01/2024 02:00:00,0,337,,,,,,,,,,,,,,,,,,
31/01/2024 01:45:00,0,338,,,,,,,,,,,,,,,,,,
31/01/2024 01:30:00,0,338,,,,,,,,,,,,,,,,,,
31/01/2024 01:15:00,0,339,,,,,,,,,,,,,,,,,,
31/01/2024 01:00:00,0,339,,,,,,,,,,,,,,,,,,
31/01/2024 00:45:00,0,340,,,,,,,,,,,,,,,,,,
31/01/2024 00:30:00,0,340,,,,,,,,,,,,,,,,,,
31/01/2024 00:15:00,0,340,,,,,,,,,,,,,,,,,,
31/01/2024 00:00:00,0,341,,,,,,,,,,,,,,,,,,
30/01/2024 23:45:00,0,341,,,,,,,,,,,,,,,,,,
30/01/2024 23:30:00,0,342,,,,,,,,,,,,,,,,,,
30/01/2024 23:15:00,0,343,,,,,,,,,,,,,,,,,,
30/01/2024 23:00:00,0,343,,,,,,,,,,,,,,,,,,
30/01/2024 22:45:00,0,343,,,,,,,,,,,,,,,,,,
30/01/2024 22:30:00,0,344,,,,,,,,,,,,,,,,,,
30/01/2024 22:15:00,0,344,,,,,,,,,,,,,,,,,,
30/01/2024 22:00:00,0,345,,,,,,,,,,,,,,,,,,
30/01/2024 21:45:00,0,346,,,,,,,,,,,,,,,,,,
30/01/2024 21:30:00,0,346,,,,,,,,,,,,,,,,,,
30/01/2024 21:15:00,0,347,,,,,,,,,,,,,,,,,,
30/01/2024 21:00:00,0,347,,,,,,,,,,,,,,,,,,
30/01/2024 20:45:00,0,348,,,,,,,,,,,,,,,,,,
30/01/2024 20:30:00,0,349,,,,,,,,,,,,,,,,,,
30/01/2024 20:15:00,0,349,,,,,,,,,,,,,,,,,,
30/01/2024 20:00:00,0,350,,,,,,,,,,,,,,,,,,
30/01/2024 19:45:00,0,351,,,,,,,,,,,,,,,,,,
30/01/2024 19:30:00,0,351,,,,,,,,,,,,,,,,,,
30/01/2024 19:15:00,0,352,,,,,,,,,,,,,,,,,,
30/01/2024 19:00:00,0,352,,,,,,,,,,,,,,,,,,
30/01/2024 18:45:00,0,353,,,,,,,,,,,,,,,,,,
30/01/2024 18:30:00,0,354,,,,,,,,,,,,,,,,,,
30/01/2024 18:15:00,0,354,,,,,,,,,,,,,,,,,,
30/01/2024 18:00:00,0,355,,,,,,,,,,,,,,,,,,
30/01/2024 17:45:00,0,355,,,,,,,,,,,,,,,,,,
30/01/2024 17:30:00,0,356,,,,,,,,,,,,,,,,,,
30/01/2024 17:15:00,0,357,,,,,,,,,,,,,,,,,,
30/01/2024 17:00:00,0,357,,,,,,,,,,,,,,,,,,
30/01/2024 16:45:00,0,358,,,,,,,,,,,,,,,,,,
30/01/2024 16:30:00,0,359,,,,,,,,,,,,,,,,,,
30/01/2024 16:15:00,0,360,,,,,,,,,,,,,,,,,,
30/01/2024 16:00:00,0,360,,,,,,,,,,,,,,,,,,
30/01/2024 15:45:00,0,361,,,,,,,,,,,,,,,,,,
30/01/2024 15:30:00,0,362,,,,,,,,,,,,,,,,,,
30/01/2024 15:15:00,0,362,,,,,,,,,,,,,,,,,,
30/01/2024 15:00:00,0,362,,,,,,,,,,,,,,,,,,
30/01/2024 14:45:00,0,363,,,,,,,,,,,,,,,,,,
30/01/2024 14:30:00,0,363,,,,,,,,,,,,,,,,,,
30/01/2024 14:15:00,0,364,,,,,,,,,,,,,,,,,,
30/01/2024 14:00:00,0,365,,,,,,,,,,,,,,,,,,
30/01/2024 13:45:00,0,365,,,,,,,,,,,,,,,,,,
30/01/2024 13:30:00,0,366,,,,,,,,,,,,,,,,,,
30/01/2024 13:15:00,0,367,,,,,,,,,,,,,,,,,,
30/01/2024 13:00:00,0,367,,,,,,,,,,,,,,,,,,
30/01/2024 12:45:00,0,368,,,,,,,,,,,,,,,,,,
30/01/2024 12:30:00,0,369,,,,,,,,,,,,,,,,,,
30/01/2024 12:15:00,0,369,,,,,,,,,,,,,,,,,,
30/01/2024 12:00:00,0,370,,,,,,,,,,,,,,,,,,
30/01/2024 11:45:00,0,370,,,,,,,,,,,,,,,,,,
30/01/2024 11:30:00,0,371,,,,,,,,,,,,,,,,,,
30/01/2024 11:15:00,0,371,,,,,,,,,,,,,,,,,,
30/01/2024 11:00:00,0,371,,,,,,,,,,,,,,,,,,
30/01/2024 10:45:00,0,372,,,,,,,,,,,,,,,,,,
30/01/2024 10:30:00,0,372,,,,,,,,,,,,,,,,,,
30/01/2024 10:15:00,0,372,,,,,,,,,,,,,,,,,,
30/01/2024 10:00:00,0,373,,,,,,,,,,,,,,,,,,
30/01/2024 09:45:00,0,373,,,,,,,,,,,,,,,,,,
30/01/2024 09:30:00,0,373,,,,,,,,,,,,,,,,,,
30/01/2024 09:15:00,0,374,,,,,,,,,,,,,,,,,,
30/01/2024 09:00:00,0,374,,,,,,,,,,,,,,,,,,
30/01/2024 08:45:00,0,375,,,,,,,,,,,,,,,,,,
30/01/2024 08:30:00,0,375,,,,,,,,,,,,,,,,,,
30/01/2024 08:15:00,0,375,,,,,,,,,,,,,,,,,,
30/01/2024 08:00:00,0,376,,,,,,,,,,,,,,,,,,
30/01/2024 07:45:00,0,376,,,,,,,,,,,,,,,,,,
30/01/2024 07:30:00,0,376,,,,,,,,,,,,,,,,,,
30/01/2024 07:15:00,0,376,,,,,,,,,,,,,,,,,,
30/01/2024 07:00:00,0,377,,,,,,,,,,,,,,,,,,
30/01/2024 06:45:00,0,377,,,,,,,,,,,,,,,,,,
30/01/2024 06:30:00,0,377,,,,,,,,,,,,,,,,,,
30/01/2024 06:15:00,0,378,,,,,,,,,,,,,,,,,,
30/01/2024 06:00:00,0,378,,,,,,,,,,,,,,,,,,
30/01/2024 05:45:00,0,378,,,,,,,,,,,,,,,,,,
30/01/2024 05:30:00,0,378,,,,,,,,,,,,,,,,,,
30/01/2024 05:15:00,0,379,,,,,,,,,,,,,,,,,,
30/01/2024 05:00:00,0,379,,,,,,,,,,,,,,,,,,
30/01/2024 04:45:00,0,379,,,,,,,,,,,,,,,,,,
30/01/2024 04:30:00,0,379,,,,,,,,,,,,,,,,,,
30/01/2024 04:15:00,0,380,,,,,,,,,,,,,,,,,,
30/01/2024 04:00:00,0,380,,,,,,,,,,,,,,,,,,
30/01/2024 03:45:00,0,381,,,,,,,,,,,,,,,,,,
30/01/2024 03:30:00,0,381,,,,,,,,,,,,,,,,,,
30/01/2024 03:15:00,0,381,,,,,,,,,,,,,,,,,,
30/01/2024 03:00:00,0,382,,,,,,,,,,,,,,,,,,
30/01/2024 02:45:00,0,382,,,,,,,,,,,,,,,,,,
30/01/2024 02:30:00,0,383,,,,,,,,,,,,,,,,,,
30/01/2024 02:15:00,0,383,,,,,,,,,,,,,,,,,,
30/01/2024 02:00:00,0,383,,,,,,,,,,,,,,,,,,
30/01/2024 01:45:00,0,384,,,,,,,,,,,,,,,,,,
30/01/2024 01:30:00,0,384,,,,,,,,,,,,,,,,,,
30/01/2024 01:15:00,0,384,,,,,,,,,,,,,,,,,,
30/01/2024 01:00:00,0,385,,,,,,,,,,,,,,,,,,
30/01/2024 00:45:00,0,385,,,,,,,,,,,,,,,,,,
30/01/2024 00:30:00,0,385,,,,,,,,,,,,,,,,,,
30/01/2024 00:15:00,0,386,,,,,,,,,,,,,,,,,,
30/01/2024 00:00:00,0,386,,,,,,,,,,,,,,,,,,
29/01/2024 23:45:00,0,387,,,,,,,,,,,,,,,,,,
29/01/2024 23:30:00,0,387,,,,,,,,,,,,,,,,,,
29/01/2024 23:15:00,0,387,,,,,,,,,,,,,,,,,,
29/01/2024 23:00:00,0,388,,,,,,,,,,,,,,,,,,
29/01/2024 22:45:00,0,388,,,,,,,,,,,,,,,,,,
29/01/2024 22:30:00,0,389,,,,,,,,,,,,,,,,,,
29/01/2024 22:15:00,0,389,,,,,,,,,,,,,,,,,,
29/01/2024 22:00:00,0,390,,,,,,,,,,,,,,,,,,
29/01/2024 21:45:00,0,390,,,,,,,,,,,,,,,,,,
29/01/2024 21:30:00,0,391,,,,,,,,,,,,,,,,,,
29/01/2024 21:15:00,0,391,,,,,,,,,,,,,,,,,,
29/01/2024 21:00:00,0,392,,,,,,,,,,,,,,,,,,
29/01/2024 20:45:00,0,392,,,,,,,,,,,,,,,,,,
29/01/2024 20:30:00,0,392,,,,,,,,,,,,,,,,,,
29/01/2024 20:15:00,0,393,,,,,,,,,,,,,,,,,,
29/01/2024 20:00:00,0,394,,,,,,,,,,,,,,,,,,
29/01/2024 19:45:00,0,394,,,,,,,,,,,,,,,,,,
29/01/2024 19:30:00,0,395,,,,,,,,,,,,,,,,,,
29/01/2024 19:15:00,0,395,,,,,,,,,,,,,,,,,,
29/01/2024 19:00:00,0,396,,,,,,,,,,,,,,,,,,
29/01/2024 18:45:00,0,396,,,,,,,,,,,,,,,,,,
29/01/2024 18:30:00,0,397,,,,,,,,,,,,,,,,,,
29/01/2024 18:15:00,0,397,,,,,,,,,,,,,,,,,,
29/01/2024 18:00:00,0,398,,,,,,,,,,,,,,,,,,
29/01/2024 17:45:00,0,399,,,,,,,,,,,,,,,,,,
29/01/2024 17:30:00,0,399,,,,,,,,,,,,,,,,,,
29/01/2024 17:15:00,0,399,,,,,,,,,,,,,,,,,,
29/01/2024 17:00:00,0,400,,,,,,,,,,,,,,,,,,
29/01/2024 16:45:00,0,401,,,,,,,,,,,,,,,,,,
29/01/2024 16:30:00,0,401,,,,,,,,,,,,,,,,,,
29/01/2024 16:15:00,0,402,,,,,,,,,,,,,,,,,,
29/01/2024 16:00:00,0,402,,,,,,,,,,,,,,,,,,
29/01/2024 15:45:00,0,403,,,,,,,,,,,,,,,,,,
29/01/2024 15:30:00,0,403,,,,,,,,,,,,,,,,,,
29/01/2024 15:15:00,0,403,,,,,,,,,,,,,,,,,,
29/01/2024 15:00:00,0,404,,,,,,,,,,,,,,,,,,
29/01/2024 14:45:00,0,404,,,,,,,,,,,,,,,,,,
29/01/2024 14:30:00,0,405,,,,,,,,,,,,,,,,,,
29/01/2024 14:15:00,0,405,,,,,,,,,,,,,,,,,,
29/01/2024 14:00:00,0,406,,,,,,,,,,,,,,,,,,
29/01/2024 13:45:00,0,406,,,,,,,,,,,,,,,,,,
29/01/2024 13:30:00,0,407,,,,,,,,,,,,,,,,,,
29/01/2024 13:15:00,0,407,,,,,,,,,,,,,,,,,,
29/01/2024 13:00:00,0,408,,,,,,,,,,,,,,,,,,
29/01/2024 12:45:00,0,408,,,,,,,,,,,,,,,,,,
29/01/2024 12:30:00,0,409,,,,,,,,,,,,,,,,,,
29/01/2024 12:15:00,0,409,,,,,,,,,,,,,,,,,,
29/01/2024 12:00:00,0,410,,,,,,,,,,,,,,,,,,
29/01/2024 11:45:00,0,410,,,,,,,,,,,,,,,,,,
29/01/2024 11:30:00,0,410,,,,,,,,,,,,,,,,,,
29/01/2024 11:15:00,0,410,,,,,,,,,,,,,,,,,,
29/01/2024 11:00:00,0,411,,,,,,,,,,,,,,,,,,
29/01/2024 10:45:00,0,411,,,,,,,,,,,,,,,,,,
29/01/2024 10:30:00,0,411,,,,,,,,,,,,,,,,,,
29/01/2024 10:15:00,0,411,,,,,,,,,,,,,,,,,,
29/01/2024 10:00:00,0,412,,,,,,,,,,,,,,,,,,
29/01/2024 09:45:00,0,412,,,,,,,,,,,,,,,,,,
29/01/2024 09:30:00,0,413,,,,,,,,,,,,,,,,,,
29/01/2024 09:15:00,0,413,,,,,,,,,,,,,,,,,,
29/01/2024 09:00:00,0,413,,,,,,,,,,,,,,,,,,
29/01/2024 08:45:00,0,413,,,,,,,,,,,,,,,,,,
29/01/2024 08:30:00,0,413,,,,,,,,,,,,,,,,,,
29/01/2024 08:15:00,0,413,,,,,,,,,,,,,,,,,,
29/01/2024 08:00:00,0,414,,,,,,,,,,,,,,,,,,
29/01/2024 07:45:00,0,414,,,,,,,,,,,,,,,,,,
29/01/2024 07:30:00,0,414,,,,,,,,,,,,,,,,,,
29/01/2024 07:15:00,0,414,,,,,,,,,,,,,,,,,,
29/01/2024 07:00:00,0,415,,,,,,,,,,,,,,,,,,
29/01/2024 06:45:00,0,415,,,,,,,,,,,,,,,,,,
29/01/2024 06:30:00,0,415,,,,,,,,,,,,,,,,,,
29/01/2024 06:15:00,0,415,,,,,,,,,,,,,,,,,,
29/01/2024 06:00:00,0,415,,,,,,,,,,,,,,,,,,
29/01/2024 05:45:00,0,416,,,,,,,,,,,,,,,,,,
29/01/2024 05:30:00,0,416,,,,,,,,,,,,,,,,,,
29/01/2024 05:15:00,0,416,,,,,,,,,,,,,,,,,,
29/01/2024 05:00:00,0,417,,,,,,,,,,,,,,,,,,
29/01/2024 04:45:00,0,417,,,,,,,,,,,,,,,,,,
29/01/2024 04:30:00,0,417,,,,,,,,,,,,,,,,,,
29/01/2024 04:15:00,0,417,,,,,,,,,,,,,,,,,,
29/01/2024 04:00:00,0,418,,,,,,,,,,,,,,,,,,
29/01/2024 03:45:00,0,418,,,,,,,,,,,,,,,,,,
29/01/2024 03:30:00,0,418,,,,,,,,,,,,,,,,,,
29/01/2024 03:15:00,0,418,,,,,,,,,,,,,,,,,,
29/01/2024 03:00:00,0,418,,,,,,,,,,,,,,,,,,
29/01/2024 02:45:00,0,418,,,,,,,,,,,,,,,,,,
29/01/2024 02:30:00,0,418,,,,,,,,,,,,,,,,,,
29/01/2024 02:15:00,0,418,,,,,,,,,,,,,,,,,,
29/01/2024 02:00:00,0,418,,,,,,,,,,,,,,,,,,
29/01/2024 01:45:00,0,418,,,,,,,,,,,,,,,,,,
29/01/2024 01:30:00,0,419,,,,,,,,,,,,,,,,,,
29/01/2024 01:15:00,0,419,,,,,,,,,,,,,,,,,,
29/01/2024 01:00:00,0,419,,,,,,,,,,,,,,,,,,
29/01/2024 00:45:00,0,419,,,,,,,,,,,,,,,,,,
29/01/2024 00:30:00,0,419,,,,,,,,,,,,,,,,,,
29/01/2024 00:15:00,0,419,,,,,,,,,,,,,,,,,,
29/01/2024 00:00:00,0,419,,,,,,,,,,,,,,,,,,
28/01/2024 23:45:00,0,419,,,,,,,,,,,,,,,,,,
28/01/2024 23:30:00,0,419,,,,,,,,,,,,,,,,,,
28/01/2024 23:15:00,0,419,,,,,,,,,,,,,,,,,,
28/01/2024 23:00:00,0,419,,,,,,,,,,,,,,,,,,
28/01/2024 22:45:00,0,420,,,,,,,,,,,,,,,,,,
28/01/2024 22:30:00,0,420,,,,,,,,,,,,,,,,,,
28/01/2024 22:15:00,0,420,,,,,,,,,,,,,,,,,,
28/01/2024 22:00:00,0,420,,,,,,,,,,,,,,,,,,
28/01/2024 21:45:00,0,420,,,,,,,,,,,,,,,,,,
28/01/2024 21:30:00,0,421,,,,,,,,,,,,,,,,,,
28/01/2024 21:15:00,0,421,,,,,,,,,,,,,,,,,,
28/01/2024 21:00:00,0,421,,,,,,,,,,,,,,,,,,
28/01/2024 20:45:00,0,421,,,,,,,,,,,,,,,,,,
28/01/2024 20:30:00,0,422,,,,,,,,,,,,,,,,,,
28/01/2024 20:15:00,0,422,,,,,,,,,,,,,,,,,,
28/01/2024 20:00:00,0,422,,,,,,,,,,,,,,,,,,
28/01/2024 19:45:00,0,423,,,,,,,,,,,,,,,,,,
28/01/2024 19:30:00,0,423,,,,,,,,,,,,,,,,,,
28/01/2024 19:15:00,0,423,,,,,,,,,,,,,,,,,,
28/01/2024 19:00:00,0,424,,,,,,,,,,,,,,,,,,
28/01/2024 18:45:00,0,424,,,,,,,,,,,,,,,,,,
28/01/2024 18:30:00,0,425,,,,,,,,,,,,,,,,,,
28/01/2024 18:15:00,0,425,,,,,,,,,,,,,,,,,,
28/01/2024 18:00:00,0,425,,,,,,,,,,,,,,,,,,
28/01/2024 17:45:00,0,425,,,,,,,,,,,,,,,,,,
28/01/2024 17:30:00,0,425,,,,,,,,,,,,,,,,,,
28/01/2024 17:15:00,0,426,,,,,,,,,,,,,,,,,,
28/01/2024 17:00:00,0,426,,,,,,,,,,,,,,,,,,
28/01/2024 16:45:00,0,427,,,,,,,,,,,,,,,,,,
28/01/2024 16:30:00,0,427,,,,,,,,,,,,,,,,,,
28/01/2024 16:15:00,0,428,,,,,,,,,,,,,,,,,,
28/01/2024 16:00:00,0,428,,,,,,,,,,,,,,,,,,
28/01/2024 15:45:00,0,428,,,,,,,,,,,,,,,,,,
28/01/2024 15:30:00,0,429,,,,,,,,,,,,,,,,,,
28/01/2024 15:15:00,0,430,,,,,,,,,,,,,,,,,,
28/01/2024 15:00:00,0,430,,,,,,,,,,,,,,,,,,
28/01/2024 14:45:00,0,430,,,,,,,,,,,,,,,,,,
28/01/2024 14:30:00,0,431,,,,,,,,,,,,,,,,,,
28/01/2024 14:15:00,0,432,,,,,,,,,,,,,,,,,,
28/01/2024 14:00:00,0,432,,,,,,,,,,,,,,,,,,
28/01/2024 13:45:00,0,433,,,,,,,,,,,,,,,,,,
28/01/2024 13:30:00,0,433,,,,,,,,,,,,,,,,,,
28/01/2024 13:15:00,0,433,,,,,,,,,,,,,,,,,,
28/01/2024 13:00:00,0,434,,,,,,,,,,,,,,,,,,
28/01/2024 12:45:00,0,434,,,,,,,,,,,,,,,,,,
28/01/2024 12:30:00,0,435,,,,,,,,,,,,,,,,,,
28/01/2024 12:15:00,0,436,,,,,,,,,,,,,,,,,,
28/01/2024 12:00:00,0,436,,,,,,,,,,,,,,,,,,
28/01/2024 11:45:00,0,436,,,,,,,,,,,,,,,,,,
28/01/2024 11:30:00,0,437,,,,,,,,,,,,,,,,,,
28/01/2024 11:15:00,0,437,,,,,,,,,,,,,,,,,,
28/01/2024 11:00:00,0,437,,,,,,,,,,,,,,,,,,
28/01/2024 10:45:00,0,438,,,,,,,,,,,,,,,,,,
28/01/2024 10:30:00,0,438,,,,,,,,,,,,,,,,,,
28/01/2024 10:15:00,0,438,,,,,,,,,,,,,,,,,,
28/01/2024 10:00:00,0,439,,,,,,,,,,,,,,,,,,
28/01/2024 09:45:00,0,439,,,,,,,,,,,,,,,,,,
28/01/2024 09:30:00,0,440,,,,,,,,,,,,,,,,,,
28/01/2024 09:15:00,0,440,,,,,,,,,,,,,,,,,,
28/01/2024 09:00:00,0,440,,,,,,,,,,,,,,,,,,
28/01/2024 08:45:00,0,441,,,,,,,,,,,,,,,,,,
28/01/2024 08:30:00,0,441,,,,,,,,,,,,,,,,,,
28/01/2024 08:15:00,0,441,,,,,,,,,,,,,,,,,,
28/01/2024 08:00:00,0,441,,,,,,,,,,,,,,,,,,
28/01/2024 07:45:00,0,442,,,,,,,,,,,,,,,,,,
28/01/2024 07:30:00,0,442,,,,,,,,,,,,,,,,,,
28/01/2024 07:15:00,0,442,,,,,,,,,,,,,,,,,,
28/01/2024 07:00:00,0,443,,,,,,,,,,,,,,,,,,
28/01/2024 06:45:00,0,443,,,,,,,,,,,,,,,,,,
28/01/2024 06:30:00,0,443,,,,,,,,,,,,,,,,,,
28/01/2024 06:15:00,0,444,,,,,,,,,,,,,,,,,,
28/01/2024 06:00:00,0,444,,,,,,,,,,,,,,,,,,
28/01/2024 05:45:00,0,444,,,,,,,,,,,,,,,,,,
28/01/2024 05:30:00,0,445,,,,,,,,,,,,,,,,,,
28/01/2024 05:15:00,0,445,,,,,,,,,,,,,,,,,,
28/01/2024 05:00:00,0,446,,,,,,,,,,,,,,,,,,
28/01/2024 04:45:00,0,446,,,,,,,,,,,,,,,,,,
28/01/2024 04:30:00,0,446,,,,,,,,,,,,,,,,,,
28/01/2024 04:15:00,0,447,,,,,,,,,,,,,,,,,,
28/01/2024 04:00:00,0,447,,,,,,,,,,,,,,,,,,
28/01/2024 03:45:00,0,448,,,,,,,,,,,,,,,,,,
28/01/2024 03:30:00,0,448,,,,,,,,,,,,,,,,,,
28/01/2024 03:15:00,0,448,,,,,,,,,,,,,,,,,,
28/01/2024 03:00:00,0,449,,,,,,,,,,,,,,,,,,
28/01/2024 02:45:00,0,449,,,,,,,,,,,,,,,,,,
28/01/2024 02:30:00,0,449,,,,,,,,,,,,,,,,,,
28/01/2024 02:15:00,0,450,,,,,,,,,,,,,,,,,,
28/01/2024 02:00:00,0,450,,,,,,,,,,,,,,,,,,
28/01/2024 01:45:00,0,450,,,,,,,,,,,,,,,,,,
28/01/2024 01:30:00,0,451,,,,,,,,,,,,,,,,,,
28/01/2024 01:15:00,0,451,,,,,,,,,,,,,,,,,,
28/01/2024 01:00:00,0,451,,,,,,,,,,,,,,,,,,
28/01/2024 00:45:00,0,452,,,,,,,,,,,,,,,,,,
28/01/2024 00:30:00,0,453,,,,,,,,,,,,,,,,,,
28/01/2024 00:15:00,0,453,,,,,,,,,,,,,,,,,,
28/01/2024 00:00:00,0,453,,,,,,,,,,,,,,,,,,
27/01/2024 23:45:00,0,454,,,,,,,,,,,,,,,,,,
27/01/2024 23:30:00,0,454,,,,,,,,,,,,,,,,,,
27/01/2024 23:15:00,0,454,,,,,,,,,,,,,,,,,,
27/01/2024 23:00:00,0,455,,,,,,,,,,,,,,,,,,
27/01/2024 22:45:00,0,455,,,,,,,,,,,,,,,,,,
27/01/2024 22:30:00,0,456,,,,,,,,,,,,,,,,,,
27/01/2024 22:15:00,0,457,,,,,,,,,,,,,,,,,,
27/01/2024 22:00:00,0,457,,,,,,,,,,,,,,,,,,
27/01/2024 21:45:00,0,457,,,,,,,,,,,,,,,,,,
27/01/2024 21:30:00,0,458,,,,,,,,,,,,,,,,,,
27/01/2024 21:15:00,0,458,,,,,,,,,,,,,,,,,,
27/01/2024 21:00:00,0,459,,,,,,,,,,,,,,,,,,
27/01/2024 20:45:00,0,460,,,,,,,,,,,,,,,,,,
27/01/2024 20:30:00,0,460,,,,,,,,,,,,,,,,,,
27/01/2024 20:15:00,0,461,,,,,,,,,,,,,,,,,,
27/01/2024 20:00:00,0,461,,,,,,,,,,,,,,,,,,
27/01/2024 19:45:00,0,462,,,,,,,,,,,,,,,,,,
27/01/2024 19:30:00,0,462,,,,,,,,,,,,,,,,,,
27/01/2024 19:15:00,0,463,,,,,,,,,,,,,,,,,,
27/01/2024 19:00:00,0,463,,,,,,,,,,,,,,,,,,
27/01/2024 18:45:00,0,463,,,,,,,,,,,,,,,,,,
27/01/2024 18:30:00,0,464,,,,,,,,,,,,,,,,,,
27/01/2024 18:15:00,0,465,,,,,,,,,,,,,,,,,,
27/01/2024 18:00:00,0,465,,,,,,,,,,,,,,,,,,
27/01/2024 17:45:00,0,466,,,,,,,,,,,,,,,,,,
27/01/2024 17:30:00,0,466,,,,,,,,,,,,,,,,,,
27/01/2024 17:15:00,0,467,,,,,,,,,,,,,,,,,,
27/01/2024 17:00:00,0,467,,,,,,,,,,,,,,,,,,
27/01/2024 16:45:00,0,468,,,,,,,,,,,,,,,,,,
27/01/2024 16:30:00,0,468,,,,,,,,,,,,,,,,,,
27/01/2024 16:15:00,0,468,,,,,,,,,,,,,,,,,,
27/01/2024 16:00:00,0,468,,,,,,,,,,,,,,,,,,
27/01/2024 15:45:00,0,470,,,,,,,,,,,,,,,,,,
27/01/2024 15:30:00,0,470,,,,,,,,,,,,,,,,,,
27/01/2024 15:15:00,0,470,,,,,,,,,,,,,,,,,,
27/01/2024 15:00:00,0,471,,,,,,,,,,,,,,,,,,
27/01/2024 14:45:00,0,471,,,,,,,,,,,,,,,,,,
27/01/2024 14:30:00,0,472,,,,,,,,,,,,,,,,,,
27/01/2024 14:15:00,0,472,,,,,,,,,,,,,,,,,,
27/01/2024 14:00:00,0,473,,,,,,,,,,,,,,,,,,
27/01/2024 13:45:00,0,474,,,,,,,,,,,,,,,,,,
27/01/2024 13:30:00,0,474,,,,,,,,,,,,,,,,,,
27/01/2024 13:15:00,0,475,,,,,,,,,,,,,,,,,,
27/01/2024 13:00:00,0,475,,,,,,,,,,,,,,,,,,
27/01/2024 12:45:00,0,475,,,,,,,,,,,,,,,,,,
27/01/2024 12:30:00,0,476,,,,,,,,,,,,,,,,,,
27/01/2024 12:15:00,0,476,,,,,,,,,,,,,,,,,,
27/01/2024 12:00:00,0,477,,,,,,,,,,,,,,,,,,
27/01/2024 11:45:00,0,477,,,,,,,,,,,,,,,,,,
27/01/2024 11:30:00,0,478,,,,,,,,,,,,,,,,,,
27/01/2024 11:15:00,0,478,,,,,,,,,,,,,,,,,,
27/01/2024 11:00:00,0,479,,,,,,,,,,,,,,,,,,
27/01/2024 10:45:00,0,479,,,,,,,,,,,,,,,,,,
27/01/2024 10:30:00,0,479,,,,,,,,,,,,,,,,,,
27/01/2024 10:15:00,0,480,,,,,,,,,,,,,,,,,,
27/01/2024 10:00:00,0,480,,,,,,,,,,,,,,,,,,
27/01/2024 09:45:00,0,481,,,,,,,,,,,,,,,,,,
27/01/2024 09:30:00,0,481,,,,,,,,,,,,,,,,,,
27/01/2024 09:15:00,0,481,,,,,,,,,,,,,,,,,,
27/01/2024 09:00:00,0,482,,,,,,,,,,,,,,,,,,
27/01/2024 08:45:00,0,482,,,,,,,,,,,,,,,,,,
27/01/2024 08:30:00,0,483,,,,,,,,,,,,,,,,,,
27/01/2024 08:15:00,0,483,,,,,,,,,,,,,,,,,,
27/01/2024 08:00:00,0,484,,,,,,,,,,,,,,,,,,
27/01/2024 07:45:00,0,484,,,,,,,,,,,,,,,,,,
27/01/2024 07:30:00,0,484,,,,,,,,,,,,,,,,,,
27/01/2024 07:15:00,0,484,,,,,,,,,,,,,,,,,,
27/01/2024 07:00:00,0,485,,,,,,,,,,,,,,,,,,
27/01/2024 06:45:00,0,486,,,,,,,,,,,,,,,,,,
27/01/2024 06:30:00,0,486,,,,,,,,,,,,,,,,,,
27/01/2024 06:15:00,0,487,,,,,,,,,,,,,,,,,,
27/01/2024 06:00:00,0,487,,,,,,,,,,,,,,,,,,
27/01/2024 05:45:00,0,487,,,,,,,,,,,,,,,,,,
27/01/2024 05:30:00,0,488,,,,,,,,,,,,,,,,,,
27/01/2024 05:15:00,0,488,,,,,,,,,,,,,,,,,,
27/01/2024 05:00:00,0,488,,,,,,,,,,,,,,,,,,
27/01/2024 04:45:00,0,489,,,,,,,,,,,,,,,,,,
27/01/2024 04:30:00,0,489,,,,,,,,,,,,,,,,,,
27/01/2024 04:15:00,0,490,,,,,,,,,,,,,,,,,,
27/01/2024 04:00:00,0,490,,,,,,,,,,,,,,,,,,
27/01/2024 03:45:00,0,491,,,,,,,,,,,,,,,,,,
27/01/2024 03:30:00,0,491,,,,,,,,,,,,,,,,,,
27/01/2024 03:15:00,0,492,,,,,,,,,,,,,,,,,,
27/01/2024 03:00:00,0,492,,,,,,,,,,,,,,,,,,
27/01/2024 02:45:00,0,493,,,,,,,,,,,,,,,,,,
27/01/2024 02:30:00,0,493,,,,,,,,,,,,,,,,,,
27/01/2024 02:15:00,0,494,,,,,,,,,,,,,,,,,,
27/01/2024 02:00:00,0,494,,,,,,,,,,,,,,,,,,
27/01/2024 01:45:00,0,495,,,,,,,,,,,,,,,,,,
27/01/2024 01:30:00,0,495,,,,,,,,,,,,,,,,,,
27/01/2024 01:15:00,0,496,,,,,,,,,,,,,,,,,,
27/01/2024 01:00:00,0,496,,,,,,,,,,,,,,,,,,
27/01/2024 00:45:00,0,497,,,,,,,,,,,,,,,,,,
27/01/2024 00:30:00,0,497,,,,,,,,,,,,,,,,,,
27/01/2024 00:15:00,0,498,,,,,,,,,,,,,,,,,,
27/01/2024 00:00:00,0,499,,,,,,,,,,,,,,,,,,
26/01/2024 23:45:00,0,499,,,,,,,,,,,,,,,,,,
26/01/2024 23:30:00,0,499,,,,,,,,,,,,,,,,,,
26/01/2024 23:15:00,0,500,,,,,,,,,,,,,,,,,,
26/01/2024 23:00:00,0,500,,,,,,,,,,,,,,,,,,
26/01/2024 22:45:00,0,501,,,,,,,,,,,,,,,,,,
26/01/2024 22:30:00,0,501,,,,,,,,,,,,,,,,,,
26/01/2024 22:15:00,0,502,,,,,,,,,,,,,,,,,,
26/01/2024 22:00:00,0,502,,,,,,,,,,,,,,,,,,
26/01/2024 21:45:00,0,503,,,,,,,,,,,,,,,,,,
26/01/2024 21:30:00,0,503,,,,,,,,,,,,,,,,,,
26/01/2024 21:15:00,0,504,,,,,,,,,,,,,,,,,,
26/01/2024 21:00:00,0,505,,,,,,,,,,,,,,,,,,
26/01/2024 20:45:00,0,505,,,,,,,,,,,,,,,,,,
26/01/2024 20:30:00,0,505,,,,,,,,,,,,,,,,,,
26/01/2024 20:15:00,0,506,,,,,,,,,,,,,,,,,,
26/01/2024 20:00:00,0,506,,,,,,,,,,,,,,,,,,
26/01/2024 19:45:00,0,507,,,,,,,,,,,,,,,,,,
26/01/2024 19:30:00,0,507,,,,,,,,,,,,,,,,,,
26/01/2024 19:15:00,0,508,,,,,,,,,,,,,,,,,,
26/01/2024 19:00:00,0,509,,,,,,,,,,,,,,,,,,
26/01/2024 18:45:00,0,509,,,,,,,,,,,,,,,,,,
26/01/2024 18:30:00,0,509,,,,,,,,,,,,,,,,,,
26/01/2024 18:15:00,0,510,,,,,,,,,,,,,,,,,,
26/01/2024 18:00:00,0,510,,,,,,,,,,,,,,,,,,
26/01/2024 17:45:00,0,511,,,,,,,,,,,,,,,,,,
26/01/2024 17:30:00,0,511,,,,,,,,,,,,,,,,,,
26/01/2024 17:15:00,0,511,,,,,,,,,,,,,,,,,,
26/01/2024 17:00:00,0,512,,,,,,,,,,,,,,,,,,
26/01/2024 16:45:00,0,513,,,,,,,,,,,,,,,,,,
26/01/2024 16:30:00,0,513,,,,,,,,,,,,,,,,,,
26/01/2024 16:15:00,0,514,,,,,,,,,,,,,,,,,,
26/01/2024 16:00:00,0,514,,,,,,,,,,,,,,,,,,
26/01/2024 15:45:00,0,515,,,,,,,,,,,,,,,,,,
26/01/2024 15:30:00,0,515,,,,,,,,,,,,,,,,,,
26/01/2024 15:15:00,0,516,,,,,,,,,,,,,,,,,,
26/01/2024 15:00:00,0,516,,,,,,,,,,,,,,,,,,
26/01/2024 14:45:00,0,517,,,,,,,,,,,,,,,,,,
26/01/2024 14:30:00,0,517,,,,,,,,,,,,,,,,,,
26/01/2024 14:15:00,0,518,,,,,,,,,,,,,,,,,,
26/01/2024 14:00:00,0,518,,,,,,,,,,,,,,,,,,
26/01/2024 13:45:00,0,519,,,,,,,,,,,,,,,,,,
26/01/2024 13:30:00,0,519,,,,,,,,,,,,,,,,,,
26/01/2024 13:15:00,0,519,,,,,,,,,,,,,,,,,,
26/01/2024 13:00:00,0,520,,,,,,,,,,,,,,,,,,
26/01/2024 12:45:00,0,521,,,,,,,,,,,,,,,,,,
26/01/2024 12:30:00,0,521,,,,,,,,,,,,,,,,,,
26/01/2024 12:15:00,0,522,,,,,,,,,,,,,,,,,,
26/01/2024 12:00:00,0,522,,,,,,,,,,,,,,,,,,
26/01/2024 11:45:00,0,523,,,,,,,,,,,,,,,,,,
26/01/2024 11:30:00,0,523,,,,,,,,,,,,,,,,,,
26/01/2024 11:15:00,0,523,,,,,,,,,,,,,,,,,,
26/01/2024 11:00:00,0,524,,,,,,,,,,,,,,,,,,
26/01/2024 10:45:00,0,525,,,,,,,,,,,,,,,,,,
26/01/2024 10:30:00,0,525,,,,,,,,,,,,,,,,,,
26/01/2024 10:15:00,0,525,,,,,,,,,,,,,,,,,,
26/01/2024 10:00:00,0,526,,,,,,,,,,,,,,,,,,
26/01/2024 09:45:00,0,526,,,,,,,,,,,,,,,,,,
26/01/2024 09:30:00,0,527,,,,,,,,,,,,,,,,,,
26/01/2024 09:15:00,0,527,,,,,,,,,,,,,,,,,,
26/01/2024 09:00:00,0,528,,,,,,,,,,,,,,,,,,
26/01/2024 08:45:00,0,528,,,,,,,,,,,,,,,,,,
26/01/2024 08:30:00,0,529,,,,,,,,,,,,,,,,,,
26/01/2024 08:15:00,0,529,,,,,,,,,,,,,,,,,,
26/01/2024 08:00:00,0,529,,,,,,,,,,,,,,,,,,
26/01/2024 07:45:00,0,530,,,,,,,,,,,,,,,,,,
26/01/2024 07:30:00,0,530,,,,,,,,,,,,,,,,,,
26/01/2024 07:15:00,0,531,,,,,,,,,,,,,,,,,,
26/01/2024 07:00:00,0,531,,,,,,,,,,,,,,,,,,
26/01/2024 06:45:00,0,532,,,,,,,,,,,,,,,,,,
26/01/2024 06:30:00,0,532,,,,,,,,,,,,,,,,,,
26/01/2024 06:15:00,0,533,,,,,,,,,,,,,,,,,,
26/01/2024 06:00:00,0,533,,,,,,,,,,,,,,,,,,
26/01/2024 05:45:00,0,533,,,,,,,,,,,,,,,,,,
26/01/2024 05:30:00,0,534,,,,,,,,,,,,,,,,,,
26/01/2024 05:15:00,0,535,,,,,,,,,,,,,,,,,,
26/01/2024 05:00:00,0,535,,,,,,,,,,,,,,,,,,
26/01/2024 04:45:00,0,535,,,,,,,,,,,,,,,,,,
26/01/2024 04:30:00,0,536,,,,,,,,,,,,,,,,,,
26/01/2024 04:15:00,0,536,,,,,,,,,,,,,,,,,,
26/01/2024 04:00:00,0,536,,,,,,,,,,,,,,,,,,
26/01/2024 03:45:00,0,537,,,,,,,,,,,,,,,,,,
26/01/2024 03:30:00,0,537,,,,,,,,,,,,,,,,,,
26/01/2024 03:15:00,0,538,,,,,,,,,,,,,,,,,,
26/01/2024 03:00:00,0,538,,,,,,,,,,,,,,,,,,
26/01/2024 02:45:00,0,539,,,,,,,,,,,,,,,,,,
26/01/2024 02:30:00,0,539,,,,,,,,,,,,,,,,,,
26/01/2024 02:15:00,0,540,,,,,,,,,,,,,,,,,,
26/01/2024 02:00:00,0,540,,,,,,,,,,,,,,,,,,
26/01/2024 01:45:00,0,540,,,,,,,,,,,,,,,,,,
26/01/2024 01:30:00,0,541,,,,,,,,,,,,,,,,,,
26/01/2024 01:15:00,0,541,,,,,,,,,,,,,,,,,,
26/01/2024 01:00:00,0,541,,,,,,,,,,,,,,,,,,
26/01/2024 00:45:00,0,542,,,,,,,,,,,,,,,,,,
26/01/2024 00:30:00,0,542,,,,,,,,,,,,,,,,,,
26/01/2024 00:15:00,0,543,,,,,,,,,,,,,,,,,,
26/01/2024 00:00:00,0,543,,,,,,,,,,,,,,,,,,
25/01/2024 23:45:00,0,543,,,,,,,,,,,,,,,,,,
25/01/2024 23:30:00,0,544,,,,,,,,,,,,,,,,,,
25/01/2024 23:15:00,0,544,,,,,,,,,,,,,,,,,,
25/01/2024 23:00:00,0,545,,,,,,,,,,,,,,,,,,
25/01/2024 22:45:00,0,545,,,,,,,,,,,,,,,,,,
25/01/2024 22:30:00,0,545,,,,,,,,,,,,,,,,,,
25/01/2024 22:15:00,0,546,,,,,,,,,,,,,,,,,,
25/01/2024 22:00:00,0,546,,,,,,,,,,,,,,,,,,
25/01/2024 21:45:00,0,547,,,,,,,,,,,,,,,,,,
25/01/2024 21:30:00,0,547,,,,,,,,,,,,,,,,,,
25/01/2024 21:15:00,0,548,,,,,,,,,,,,,,,,,,
25/01/2024 21:00:00,0,548,,,,,,,,,,,,,,,,,,
25/01/2024 20:45:00,0,548,,,,,,,,,,,,,,,,,,
25/01/2024 20:30:00,0,549,,,,,,,,,,,,,,,,,,
25/01/2024 20:15:00,0,549,,,,,,,,,,,,,,,,,,
25/01/2024 20:00:00,0,550,,,,,,,,,,,,,,,,,,
25/01/2024 19:45:00,0,550,,,,,,,,,,,,,,,,,,
25/01/2024 19:30:00,0,551,,,,,,,,,,,,,,,,,,
25/01/2024 19:15:00,0,551,,,,,,,,,,,,,,,,,,
25/01/2024 19:00:00,0,551,,,,,,,,,,,,,,,,,,
25/01/2024 18:45:00,0,552,,,,,,,,,,,,,,,,,,
25/01/2024 18:30:00,0,552,,,,,,,,,,,,,,,,,,
25/01/2024 18:15:00,0,552,,,,,,,,,,,,,,,,,,
25/01/2024 18:00:00,0,553,,,,,,,,,,,,,,,,,,
25/01/2024 17:45:00,0,553,,,,,,,,,,,,,,,,,,
25/01/2024 17:30:00,0,554,,,,,,,,,,,,,,,,,,
25/01/2024 17:15:00,0,554,,,,,,,,,,,,,,,,,,
25/01/2024 17:00:00,0,554,,,,,,,,,,,,,,,,,,
25/01/2024 16:45:00,0,555,,,,,,,,,,,,,,,,,,
25/01/2024 16:30:00,0,555,,,,,,,,,,,,,,,,,,
25/01/2024 16:15:00,0,556,,,,,,,,,,,,,,,,,,
25/01/2024 16:00:00,0,556,,,,,,,,,,,,,,,,,,
25/01/2024 15:45:00,0,556,,,,,,,,,,,,,,,,,,
25/01/2024 15:30:00,0,557,,,,,,,,,,,,,,,,,,
25/01/2024 15:15:00,0,557,,,,,,,,,,,,,,,,,,
25/01/2024 15:00:00,0,557,,,,,,,,,,,,,,,,,,
25/01/2024 14:45:00,0,558,,,,,,,,,,,,,,,,,,
25/01/2024 14:30:00,0,558,,,,,,,,,,,,,,,,,,
25/01/2024 14:15:00,0,559,,,,,,,,,,,,,,,,,,
25/01/2024 14:00:00,0,559,,,,,,,,,,,,,,,,,,
25/01/2024 13:45:00,0,559,,,,,,,,,,,,,,,,,,
25/01/2024 13:30:00,0,560,,,,,,,,,,,,,,,,,,
25/01/2024 13:15:00,0,560,,,,,,,,,,,,,,,,,,
25/01/2024 13:00:00,0,560,,,,,,,,,,,,,,,,,,
25/01/2024 12:45:00,0,561,,,,,,,,,,,,,,,,,,
25/01/2024 12:30:00,0,562,,,,,,,,,,,,,,,,,,
25/01/2024 12:15:00,0,562,,,,,,,,,,,,,,,,,,
25/01/2024 12:00:00,0,563,,,,,,,,,,,,,,,,,,
25/01/2024 11:45:00,0,563,,,,,,,,,,,,,,,,,,
25/01/2024 11:30:00,0,563,,,,,,,,,,,,,,,,,,
25/01/2024 11:15:00,0,563,,,,,,,,,,,,,,,,,,
25/01/2024 11:00:00,0,564,,,,,,,,,,,,,,,,,,
25/01/2024 10:45:00,0,564,,,,,,,,,,,,,,,,,,
25/01/2024 10:30:00,0,564,,,,,,,,,,,,,,,,,,
25/01/2024 10:15:00,0,564,,,,,,,,,,,,,,,,,,
25/01/2024 10:00:00,0,565,,,,,,,,,,,,,,,,,,
25/01/2024 09:45:00,0,565,,,,,,,,,,,,,,,,,,
25/01/2024 09:30:00,0,566,,,,,,,,,,,,,,,,,,
25/01/2024 09:15:00,0,566,,,,,,,,,,,,,,,,,,
25/01/2024 09:00:00,0,566,,,,,,,,,,,,,,,,,,
25/01/2024 08:45:00,0,566,,,,,,,,,,,,,,,,,,
25/01/2024 08:30:00,0,567,,,,,,,,,,,,,,,,,,
25/01/2024 08:15:00,0,567,,,,,,,,,,,,,,,,,,
25/01/2024 08:00:00,0,567,,,,,,,,,,,,,,,,,,
25/01/2024 07:45:00,0.2,567,,,,,,,,,,,,,,,,,,
25/01/2024 07:30:00,0,567,,,,,,,,,,,,,,,,,,
25/01/2024 07:15:00,0,568,,,,,,,,,,,,,,,,,,
25/01/2024 07:00:00,0,568,,,,,,,,,,,,,,,,,,
25/01/2024 06:45:00,0,568,,,,,,,,,,,,,,,,,,
25/01/2024 06:30:00,0,569,,,,,,,,,,,,,,,,,,
25/01/2024 06:15:00,0,569,,,,,,,,,,,,,,,,,,
25/01/2024 06:00:00,0,569,,,,,,,,,,,,,,,,,,
25/01/2024 05:45:00,0,570,,,,,,,,,,,,,,,,,,
25/01/2024 05:30:00,0,570,,,,,,,,,,,,,,,,,,
25/01/2024 05:15:00,0,570,,,,,,,,,,,,,,,,,,
25/01/2024 05:00:00,0,571,,,,,,,,,,,,,,,,,,
25/01/2024 04:45:00,0,570,,,,,,,,,,,,,,,,,,
25/01/2024 04:30:00,0,571,,,,,,,,,,,,,,,,,,
25/01/2024 04:15:00,0,571,,,,,,,,,,,,,,,,,,
25/01/2024 04:00:00,0,572,,,,,,,,,,,,,,,,,,
25/01/2024 03:45:00,0,572,,,,,,,,,,,,,,,,,,
25/01/2024 03:30:00,0,572,,,,,,,,,,,,,,,,,,
25/01/2024 03:15:00,0,572,,,,,,,,,,,,,,,,,,
25/01/2024 03:00:00,0,573,,,,,,,,,,,,,,,,,,
25/01/2024 02:45:00,0,573,,,,,,,,,,,,,,,,,,
25/01/2024 02:30:00,0,573,,,,,,,,,,,,,,,,,,
25/01/2024 02:15:00,0,574,,,,,,,,,,,,,,,,,,
25/01/2024 02:00:00,0,573,,,,,,,,,,,,,,,,,,
25/01/2024 01:45:00,0,574,,,,,,,,,,,,,,,,,,
25/01/2024 01:30:00,0,575,,,,,,,,,,,,,,,,,,
25/01/2024 01:15:00,0,575,,,,,,,,,,,,,,,,,,
25/01/2024 01:00:00,0,575,,,,,,,,,,,,,,,,,,
25/01/2024 00:45:00,0,575,,,,,,,,,,,,,,,,,,
25/01/2024 00:30:00,0,575,,,,,,,,,,,,,,,,,,
25/01/2024 00:15:00,0,576,,,,,,,,,,,,,,,,,,
25/01/2024 00:00:00,0,576,,,,,,,,,,,,,,,,,,
24/01/2024 23:45:00,0,576,,,,,,,,,,,,,,,,,,
24/01/2024 23:30:00,0,576,,,,,,,,,,,,,,,,,,
24/01/2024 23:15:00,0,577,,,,,,,,,,,,,,,,,,
24/01/2024 23:00:00,0,577,,,,,,,,,,,,,,,,,,
24/01/2024 22:45:00,0,577,,,,,,,,,,,,,,,,,,
24/01/2024 22:30:00,0,578,,,,,,,,,,,,,,,,,,
24/01/2024 22:15:00,0,578,,,,,,,,,,,,,,,,,,
24/01/2024 22:00:00,0,578,,,,,,,,,,,,,,,,,,
24/01/2024 21:45:00,0,578,,,,,,,,,,,,,,,,,,
24/01/2024 21:30:00,0,578,,,,,,,,,,,,,,,,,,
24/01/2024 21:15:00,0,579,,,,,,,,,,,,,,,,,,
24/01/2024 21:00:00,0,579,,,,,,,,,,,,,,,,,,
24/01/2024 20:45:00,0,579,,,,,,,,,,,,,,,,,,
24/01/2024 20:30:00,0,580,,,,,,,,,,,,,,,,,,
24/01/2024 20:15:00,0,580,,,,,,,,,,,,,,,,,,
24/01/2024 20:00:00,0,580,,,,,,,,,,,,,,,,,,
24/01/2024 19:45:00,0,580,,,,,,,,,,,,,,,,,,
24/01/2024 19:30:00,0,581,,,,,,,,,,,,,,,,,,
24/01/2024 19:15:00,0,581,,,,,,,,,,,,,,,,,,
24/01/2024 19:00:00,0,581,,,,,,,,,,,,,,,,,,
24/01/2024 18:45:00,0,581,,,,,,,,,,,,,,,,,,
24/01/2024 18:30:00,0,582,,,,,,,,,,,,,,,,,,
24/01/2024 18:15:00,0.2,582,,,,,,,,,,,,,,,,,,
24/01/2024 18:00:00,0,582,,,,,,,,,,,,,,,,,,
24/01/2024 17:45:00,0,582,,,,,,,,,,,,,,,,,,
24/01/2024 17:30:00,0,582,,,,,,,,,,,,,,,,,,
24/01/2024 17:15:00,0,583,,,,,,,,,,,,,,,,,,
24/01/2024 17:00:00,0,583,,,,,,,,,,,,,,,,,,
24/01/2024 16:45:00,0,583,,,,,,,,,,,,,,,,,,
24/01/2024 16:30:00,0,583,,,,,,,,,,,,,,,,,,
24/01/2024 16:15:00,0,583,,,,,,,,,,,,,,,,,,
24/01/2024 16:00:00,0.2,583,,,,,,,,,,,,,,,,,,
24/01/2024 15:45:00,0,584,,,,,,,,,,,,,,,,,,
24/01/2024 15:30:00,0,584,,,,,,,,,,,,,,,,,,
24/01/2024 15:15:00,0,584,,,,,,,,,,,,,,,,,,
24/01/2024 15:00:00,0,584,,,,,,,,,,,,,,,,,,
24/01/2024 14:45:00,0,584,,,,,,,,,,,,,,,,,,
24/01/2024 14:30:00,0,584,,,,,,,,,,,,,,,,,,
24/01/2024 14:15:00,0.6,585,,,,,,,,,,,,,,,,,,
24/01/2024 14:00:00,1.2,584,,,,,,,,,,,,,,,,,,
24/01/2024 13:45:00,0,585,,,,,,,,,,,,,,,,,,
24/01/2024 13:30:00,0,585,,,,,,,,,,,,,,,,,,
24/01/2024 13:15:00,0,585,,,,,,,,,,,,,,,,,,
24/01/2024 13:00:00,0,585,,,,,,,,,,,,,,,,,,
24/01/2024 12:45:00,0.2,586,,,,,,,,,,,,,,,,,,
24/01/2024 12:30:00,0.2,586,,,,,,,,,,,,,,,,,,
24/01/2024 12:15:00,0,586,,,,,,,,,,,,,,,,,,
24/01/2024 12:00:00,0,587,,,,,,,,,,,,,,,,,,
24/01/2024 11:45:00,0,587,,,,,,,,,,,,,,,,,,
24/01/2024 11:30:00,0,587,,,,,,,,,,,,,,,,,,
24/01/2024 11:15:00,0,586,,,,,,,,,,,,,,,,,,
24/01/2024 11:00:00,0,587,,,,,,,,,,,,,,,,,,
24/01/2024 10:45:00,0,587,,,,,,,,,,,,,,,,,,
24/01/2024 10:30:00,0,587,,,,,,,,,,,,,,,,,,
24/01/2024 10:15:00,0,587,,,,,,,,,,,,,,,,,,
24/01/2024 10:00:00,0,588,,,,,,,,,,,,,,,,,,
24/01/2024 09:45:00,0,587,,,,,,,,,,,,,,,,,,
24/01/2024 09:30:00,0,588,,,,,,,,,,,,,,,,,,
24/01/2024 09:15:00,0,588,,,,,,,,,,,,,,,,,,
24/01/2024 09:00:00,0,588,,,,,,,,,,,,,,,,,,
24/01/2024 08:45:00,0,588,,,,,,,,,,,,,,,,,,
24/01/2024 08:30:00,0,588,,,,,,,,,,,,,,,,,,
24/01/2024 08:15:00,0,588,,,,,,,,,,,,,,,,,,
24/01/2024 08:00:00,0,589,,,,,,,,,,,,,,,,,,
24/01/2024 07:45:00,0,589,,,,,,,,,,,,,,,,,,
24/01/2024 07:30:00,0,589,,,,,,,,,,,,,,,,,,
24/01/2024 07:15:00,0,589,,,,,,,,,,,,,,,,,,
24/01/2024 07:00:00,0,589,,,,,,,,,,,,,,,,,,
24/01/2024 06:45:00,0,589,,,,,,,,,,,,,,,,,,
24/01/2024 06:30:00,0,589,,,,,,,,,,,,,,,,,,
24/01/2024 06:15:00,0,589,,,,,,,,,,,,,,,,,,
24/01/2024 06:00:00,0,589,,,,,,,,,,,,,,,,,,
24/01/2024 05:45:00,0,589,,,,,,,,,,,,,,,,,,
24/01/2024 05:30:00,0,589,,,,,,,,,,,,,,,,,,
24/01/2024 05:15:00,0,590,,,,,,,,,,,,,,,,,,
24/01/2024 05:00:00,0,590,,,,,,,,,,,,,,,,,,
24/01/2024 04:45:00,0,590,,,,,,,,,,,,,,,,,,
24/01/2024 04:30:00,0,590,,,,,,,,,,,,,,,,,,
24/01/2024 04:15:00,0,590,,,,,,,,,,,,,,,,,,
24/01/2024 04:00:00,0,590,,,,,,,,,,,,,,,,,,
24/01/2024 03:45:00,0,591,,,,,,,,,,,,,,,,,,
24/01/2024 03:30:00,0,590,,,,,,,,,,,,,,,,,,
24/01/2024 03:15:00,0,590,,,,,,,,,,,,,,,,,,
24/01/2024 03:00:00,0,591,,,,,,,,,,,,,,,,,,
24/01/2024 02:45:00,0,591,,,,,,,,,,,,,,,,,,
24/01/2024 02:30:00,0,591,,,,,,,,,,,,,,,,,,
24/01/2024 02:15:00,0,590,,,,,,,,,,,,,,,,,,
24/01/2024 02:00:00,0,591,,,,,,,,,,,,,,,,,,
24/01/2024 01:45:00,0,591,,,,,,,,,,,,,,,,,,
24/01/2024 01:30:00,0,591,,,,,,,,,,,,,,,,,,
24/01/2024 01:15:00,0,591,,,,,,,,,,,,,,,,,,
24/01/2024 01:00:00,0,591,,,,,,,,,,,,,,,,,,
24/01/2024 00:45:00,0,591,,,,,,,,,,,,,,,,,,
24/01/2024 00:30:00,0,591,,,,,,,,,,,,,,,,,,
24/01/2024 00:15:00,0,591,,,,,,,,,,,,,,,,,,
24/01/2024 00:00:00,0,591,,,,,,,,,,,,,,,,,,
23/01/2024 23:45:00,0,591,,,,,,,,,,,,,,,,,,
23/01/2024 23:30:00,0,591,,,,,,,,,,,,,,,,,,
23/01/2024 23:15:00,0,591,,,,,,,,,,,,,,,,,,
23/01/2024 23:00:00,0,591,,,,,,,,,,,,,,,,,,
23/01/2024 22:45:00,0,591,,,,,,,,,,,,,,,,,,
23/01/2024 22:30:00,0,592,,,,,,,,,,,,,,,,,,
23/01/2024 22:15:00,0,592,,,,,,,,,,,,,,,,,,
23/01/2024 22:00:00,0,591,,,,,,,,,,,,,,,,,,
23/01/2024 21:45:00,0,591,,,,,,,,,,,,,,,,,,
23/01/2024 21:30:00,0,592,,,,,,,,,,,,,,,,,,
23/01/2024 21:15:00,0,591,,,,,,,,,,,,,,,,,,
23/01/2024 21:00:00,0,591,,,,,,,,,,,,,,,,,,
23/01/2024 20:45:00,0,591,,,,,,,,,,,,,,,,,,
23/01/2024 20:30:00,0,592,,,,,,,,,,,,,,,,,,
23/01/2024 20:15:00,0,592,,,,,,,,,,,,,,,,,,
23/01/2024 20:00:00,0,592,,,,,,,,,,,,,,,,,,
23/01/2024 19:45:00,0,592,,,,,,,,,,,,,,,,,,
23/01/2024 19:30:00,0,592,,,,,,,,,,,,,,,,,,
23/01/2024 19:15:00,0,592,,,,,,,,,,,,,,,,,,
23/01/2024 19:00:00,0,591,,,,,,,,,,,,,,,,,,
23/01/2024 18:45:00,0,592,,,,,,,,,,,,,,,,,,
23/01/2024 18:30:00,0,591,,,,,,,,,,,,,,,,,,
23/01/2024 18:15:00,0,592,,,,,,,,,,,,,,,,,,
23/01/2024 18:00:00,0,591,,,,,,,,,,,,,,,,,,
23/01/2024 17:45:00,0,591,,,,,,,,,,,,,,,,,,
23/01/2024 17:30:00,0,591,,,,,,,,,,,,,,,,,,
23/01/2024 17:15:00,0,591,,,,,,,,,,,,,,,,,,
23/01/2024 17:00:00,0,591,,,,,,,,,,,,,,,,,,
23/01/2024 16:45:00,0,591,,,,,,,,,,,,,,,,,,
23/01/2024 16:30:00,0,591,,,,,,,,,,,,,,,,,,
23/01/2024 16:15:00,0,591,,,,,,,,,,,,,,,,,,
23/01/2024 16:00:00,0,591,,,,,,,,,,,,,,,,,,
23/01/2024 15:45:00,0,591,,,,,,,,,,,,,,,,,,
23/01/2024 15:30:00,0,591,,,,,,,,,,,,,,,,,,
23/01/2024 15:15:00,0,591,,,,,,,,,,,,,,,,,,
23/01/2024 15:00:00,0,591,,,,,,,,,,,,,,,,,,
23/01/2024 14:45:00,0,591,,,,,,,,,,,,,,,,,,
23/01/2024 14:30:00,0,591,,,,,,,,,,,,,,,,,,
23/01/2024 14:15:00,0,591,,,,,,,,,,,,,,,,,,
23/01/2024 14:00:00,0,591,,,,,,,,,,,,,,,,,,
23/01/2024 13:45:00,0,591,,,,,,,,,,,,,,,,,,
23/01/2024 13:30:00,0,591,,,,,,,,,,,,,,,,,,
23/01/2024 13:15:00,0,591,,,,,,,,,,,,,,,,,,
23/01/2024 13:00:00,0,590,,,,,,,,,,,,,,,,,,
23/01/2024 12:45:00,0,591,,,,,,,,,,,,,,,,,,
23/01/2024 12:30:00,0,590,,,,,,,,,,,,,,,,,,
23/01/2024 12:15:00,0,591,,,,,,,,,,,,,,,,,,
23/01/2024 12:00:00,0,591,,,,,,,,,,,,,,,,,,
23/01/2024 11:45:00,0,591,,,,,,,,,,,,,,,,,,
23/01/2024 11:30:00,0,590,,,,,,,,,,,,,,,,,,
23/01/2024 11:15:00,0,590,,,,,,,,,,,,,,,,,,
23/01/2024 11:00:00,0,590,,,,,,,,,,,,,,,,,,
23/01/2024 10:45:00,0,590,,,,,,,,,,,,,,,,,,
23/01/2024 10:30:00,0,590,,,,,,,,,,,,,,,,,,
23/01/2024 10:15:00,0,590,,,,,,,,,,,,,,,,,,
23/01/2024 10:00:00,0,590,,,,,,,,,,,,,,,,,,
23/01/2024 09:45:00,0,590,,,,,,,,,,,,,,,,,,
23/01/2024 09:30:00,0,589,,,,,,,,,,,,,,,,,,
23/01/2024 09:15:00,0,589,,,,,,,,,,,,,,,,,,
23/01/2024 09:00:00,0,590,,,,,,,,,,,,,,,,,,
23/01/2024 08:45:00,0,589,,,,,,,,,,,,,,,,,,
23/01/2024 08:30:00,0,590,,,,,,,,,,,,,,,,,,
23/01/2024 08:15:00,0,590,,,,,,,,,,,,,,,,,,
23/01/2024 08:00:00,0,589,,,,,,,,,,,,,,,,,,
23/01/2024 07:45:00,0,589,,,,,,,,,,,,,,,,,,
23/01/2024 07:30:00,0,589,,,,,,,,,,,,,,,,,,
23/01/2024 07:15:00,0,589,,,,,,,,,,,,,,,,,,
23/01/2024 07:00:00,0,589,,,,,,,,,,,,,,,,,,
23/01/2024 06:45:00,0,589,,,,,,,,,,,,,,,,,,
23/01/2024 06:30:00,0,589,,,,,,,,,,,,,,,,,,
23/01/2024 06:15:00,0,588,,,,,,,,,,,,,,,,,,
23/01/2024 06:00:00,0,589,,,,,,,,,,,,,,,,,,
23/01/2024 05:45:00,0,588,,,,,,,,,,,,,,,,,,
23/01/2024 05:30:00,0,588,,,,,,,,,,,,,,,,,,
23/01/2024 05:15:00,0,588,,,,,,,,,,,,,,,,,,
23/01/2024 05:00:00,0,588,,,,,,,,,,,,,,,,,,
23/01/2024 04:45:00,0,588,,,,,,,,,,,,,,,,,,
23/01/2024 04:30:00,0,588,,,,,,,,,,,,,,,,,,
23/01/2024 04:15:00,0,588,,,,,,,,,,,,,,,,,,
23/01/2024 04:00:00,0,588,,,,,,,,,,,,,,,,,,
23/01/2024 03:45:00,0,588,,,,,,,,,,,,,,,,,,
23/01/2024 03:30:00,0,587,,,,,,,,,,,,,,,,,,
23/01/2024 03:15:00,0,587,,,,,,,,,,,,,,,,,,
23/01/2024 03:00:00,0,587,,,,,,,,,,,,,,,,,,
23/01/2024 02:45:00,0,587,,,,,,,,,,,,,,,,,,
23/01/2024 02:30:00,0,587,,,,,,,,,,,,,,,,,,
23/01/2024 02:15:00,0,587,,,,,,,,,,,,,,,,,,
23/01/2024 02:00:00,0,587,,,,,,,,,,,,,,,,,,
23/01/2024 01:45:00,0,587,,,,,,,,,,,,,,,,,,
23/01/2024 01:30:00,0,587,,,,,,,,,,,,,,,,,,
23/01/2024 01:15:00,0,586,,,,,,,,,,,,,,,,,,
23/01/2024 01:00:00,0,587,,,,,,,,,,,,,,,,,,
23/01/2024 00:45:00,0,586,,,,,,,,,,,,,,,,,,
23/01/2024 00:30:00,0,586,,,,,,,,,,,,,,,,,,
23/01/2024 00:15:00,0,586,,,,,,,,,,,,,,,,,,
23/01/2024 00:00:00,0,586,,,,,,,,,,,,,,,,,,
22/01/2024 23:45:00,0,585,,,,,,,,,,,,,,,,,,
22/01/2024 23:30:00,0,586,,,,,,,,,,,,,,,,,,
22/01/2024 23:15:00,0,586,,,,,,,,,,,,,,,,,,
22/01/2024 23:00:00,0,586,,,,,,,,,,,,,,,,,,
22/01/2024 22:45:00,0,586,,,,,,,,,,,,,,,,,,
22/01/2024 22:30:00,0,586,,,,,,,,,,,,,,,,,,
22/01/2024 22:15:00,0,585,,,,,,,,,,,,,,,,,,
22/01/2024 22:00:00,0,585,,,,,,,,,,,,,,,,,,
22/01/2024 21:45:00,0,584,,,,,,,,,,,,,,,,,,
22/01/2024 21:30:00,0,584,,,,,,,,,,,,,,,,,,
22/01/2024 21:15:00,0,584,,,,,,,,,,,,,,,,,,
22/01/2024 21:00:00,0,584,,,,,,,,,,,,,,,,,,
22/01/2024 20:45:00,0,584,,,,,,,,,,,,,,,,,,
22/01/2024 20:30:00,0,584,,,,,,,,,,,,,,,,,,
22/01/2024 20:15:00,0,584,,,,,,,,,,,,,,,,,,
22/01/2024 20:00:00,0,583,,,,,,,,,,,,,,,,,,
22/01/2024 19:45:00,0,584,,,,,,,,,,,,,,,,,,
22/01/2024 19:30:00,0,584,,,,,,,,,,,,,,,,,,
22/01/2024 19:15:00,0,583,,,,,,,,,,,,,,,,,,
22/01/2024 19:00:00,0,583,,,,,,,,,,,,,,,,,,
22/01/2024 18:45:00,0,582,,,,,,,,,,,,,,,,,,
22/01/2024 18:30:00,0,582,,,,,,,,,,,,,,,,,,
22/01/2024 18:15:00,0,582,,,,,,,,,,,,,,,,,,
22/01/2024 18:00:00,0,582,,,,,,,,,,,,,,,,,,
22/01/2024 17:45:00,0,582,,,,,,,,,,,,,,,,,,
22/01/2024 17:30:00,0,582,,,,,,,,,,,,,,,,,,
22/01/2024 17:15:00,0,581,,,,,,,,,,,,,,,,,,
22/01/2024 17:00:00,0,582,,,,,,,,,,,,,,,,,,
22/01/2024 16:45:00,0,582,,,,,,,,,,,,,,,,,,
22/01/2024 16:30:00,0,581,,,,,,,,,,,,,,,,,,
22/01/2024 16:15:00,0,581,,,,,,,,,,,,,,,,,,
22/01/2024 16:00:00,0,580,,,,,,,,,,,,,,,,,,
22/01/2024 15:45:00,0,580,,,,,,,,,,,,,,,,,,
22/01/2024 15:30:00,0,580,,,,,,,,,,,,,,,,,,
22/01/2024 15:15:00,0,580,,,,,,,,,,,,,,,,,,
22/01/2024 15:00:00,0,580,,,,,,,,,,,,,,,,,,
22/01/2024 14:45:00,0,579,,,,,,,,,,,,,,,,,,
22/01/2024 14:30:00,0,579,,,,,,,,,,,,,,,,,,
22/01/2024 14:15:00,0,579,,,,,,,,,,,,,,,,,,
22/01/2024 14:00:00,0,579,,,,,,,,,,,,,,,,,,
22/01/2024 13:45:00,0,578,,,,,,,,,,,,,,,,,,
22/01/2024 13:30:00,0,578,,,,,,,,,,,,,,,,,,
22/01/2024 13:15:00,0,578,,,,,,,,,,,,,,,,,,
22/01/2024 13:00:00,0,578,,,,,,,,,,,,,,,,,,
22/01/2024 12:45:00,0,578,,,,,,,,,,,,,,,,,,
22/01/2024 12:30:00,0,577,,,,,,,,,,,,,,,,,,
22/01/2024 12:15:00,0,577,,,,,,,,,,,,,,,,,,
22/01/2024 12:00:00,0,577,,,,,,,,,,,,,,,,,,
22/01/2024 11:45:00,0,576,,,,,,,,,,,,,,,,,,
22/01/2024 11:30:00,0,576,,,,,,,,,,,,,,,,,,
22/01/2024 11:15:00,0,576,,,,,,,,,,,,,,,,,,
22/01/2024 11:00:00,0,576,,,,,,,,,,,,,,,,,,
22/01/2024 10:45:00,0,576,,,,,,,,,,,,,,,,,,
22/01/2024 10:30:00,0,575,,,,,,,,,,,,,,,,,,
22/01/2024 10:15:00,0,575,,,,,,,,,,,,,,,,,,
22/01/2024 10:00:00,0,574,,,,,,,,,,,,,,,,,,
22/01/2024 09:45:00,0,574,,,,,,,,,,,,,,,,,,
22/01/2024 09:30:00,0,574,,,,,,,,,,,,,,,,,,
22/01/2024 09:15:00,0,573,,,,,,,,,,,,,,,,,,
22/01/2024 09:00:00,0,573,,,,,,,,,,,,,,,,,,
22/01/2024 08:45:00,0,573,,,,,,,,,,,,,,,,,,
22/01/2024 08:30:00,0,572,,,,,,,,,,,,,,,,,,
22/01/2024 08:15:00,0,572,,,,,,,,,,,,,,,,,,
22/01/2024 08:00:00,0,572,,,,,,,,,,,,,,,,,,
22/01/2024 07:45:00,0,571,,,,,,,,,,,,,,,,,,
22/01/2024 07:30:00,0,571,,,,,,,,,,,,,,,,,,
22/01/2024 07:15:00,0,571,,,,,,,,,,,,,,,,,,
22/01/2024 07:00:00,0,570,,,,,,,,,,,,,,,,,,
22/01/2024 06:45:00,0,570,,,,,,,,,,,,,,,,,,
22/01/2024 06:30:00,0,569,,,,,,,,,,,,,,,,,,
22/01/2024 06:15:00,0,569,,,,,,,,,,,,,,,,,,
22/01/2024 06:00:00,0,569,,,,,,,,,,,,,,,,,,
22/01/2024 05:45:00,0,569,,,,,,,,,,,,,,,,,,
22/01/2024 05:30:00,0,568,,,,,,,,,,,,,,,,,,
22/01/2024 05:15:00,0,568,,,,,,,,,,,,,,,,,,
22/01/2024 05:00:00,0,567,,,,,,,,,,,,,,,,,,
22/01/2024 04:45:00,0,567,,,,,,,,,,,,,,,,,,
22/01/2024 04:30:00,0,567,,,,,,,,,,,,,,,,,,
22/01/2024 04:15:00,0,566,,,,,,,,,,,,,,,,,,
22/01/2024 04:00:00,0,566,,,,,,,,,,,,,,,,,,
22/01/2024 03:45:00,0,566,,,,,,,,,,,,,,,,,,
22/01/2024 03:30:00,0,565,,,,,,,,,,,,,,,,,,
22/01/2024 03:15:00,0,565,,,,,,,,,,,,,,,,,,
22/01/2024 03:00:00,0,564,,,,,,,,,,,,,,,,,,
22/01/2024 02:45:00,0,564,,,,,,,,,,,,,,,,,,
22/01/2024 02:30:00,0,564,,,,,,,,,,,,,,,,,,
22/01/2024 02:15:00,0,563,,,,,,,,,,,,,,,,,,
22/01/2024 02:00:00,0,563,,,,,,,,,,,,,,,,,,
22/01/2024 01:45:00,0,562,,,,,,,,,,,,,,,,,,
22/01/2024 01:30:00,0,562,,,,,,,,,,,,,,,,,,
22/01/2024 01:15:00,0,562,,,,,,,,,,,,,,,,,,
22/01/2024 01:00:00,0,561,,,,,,,,,,,,,,,,,,
22/01/2024 00:45:00,0,560,,,,,,,,,,,,,,,,,,
22/01/2024 00:30:00,0,560,,,,,,,,,,,,,,,,,,
22/01/2024 00:15:00,0,560,,,,,,,,,,,,,,,,,,
22/01/2024 00:00:00,0,559,,,,,,,,,,,,,,,,,,
21/01/2024 23:45:00,0,559,,,,,,,,,,,,,,,,,,
21/01/2024 23:30:00,0,559,,,,,,,,,,,,,,,,,,
21/01/2024 23:15:00,0,558,,,,,,,,,,,,,,,,,,
21/01/2024 23:00:00,0,558,,,,,,,,,,,,,,,,,,
21/01/2024 22:45:00,0,557,,,,,,,,,,,,,,,,,,
21/01/2024 22:30:00,0,557,,,,,,,,,,,,,,,,,,
21/01/2024 22:15:00,0,556,,,,,,,,,,,,,,,,,,
21/01/2024 22:00:00,0,556,,,,,,,,,,,,,,,,,,
21/01/2024 21:45:00,0,555,,,,,,,,,,,,,,,,,,
21/01/2024 21:30:00,0,555,,,,,,,,,,,,,,,,,,
21/01/2024 21:15:00,0,554,,,,,,,,,,,,,,,,,,
21/01/2024 21:00:00,0,554,,,,,,,,,,,,,,,,,,
21/01/2024 20:45:00,0,553,,,,,,,,,,,,,,,,,,
21/01/2024 20:30:00,0,553,,,,,,,,,,,,,,,,,,
21/01/2024 20:15:00,0,553,,,,,,,,,,,,,,,,,,
21/01/2024 20:00:00,0,553,,,,,,,,,,,,,,,,,,
21/01/2024 19:45:00,0,552,,,,,,,,,,,,,,,,,,
21/01/2024 19:30:00,0,552,,,,,,,,,,,,,,,,,,
21/01/2024 19:15:00,0,551,,,,,,,,,,,,,,,,,,
21/01/2024 19:00:00,0,551,,,,,,,,,,,,,,,,,,
21/01/2024 18:45:00,0,550,,,,,,,,,,,,,,,,,,
21/01/2024 18:30:00,0,549,,,,,,,,,,,,,,,,,,
21/01/2024 18:15:00,0,549,,,,,,,,,,,,,,,,,,
21/01/2024 18:00:00,0,548,,,,,,,,,,,,,,,,,,
21/01/2024 17:45:00,0,548,,,,,,,,,,,,,,,,,,
21/01/2024 17:30:00,0,547,,,,,,,,,,,,,,,,,,
21/01/2024 17:15:00,0,547,,,,,,,,,,,,,,,,,,
21/01/2024 17:00:00,0,546,,,,,,,,,,,,,,,,,,
21/01/2024 16:45:00,0,546,,,,,,,,,,,,,,,,,,
21/01/2024 16:30:00,0,545,,,,,,,,,,,,,,,,,,
21/01/2024 16:15:00,0,544,,,,,,,,,,,,,,,,,,
21/01/2024 16:00:00,0,544,,,,,,,,,,,,,,,,,,
21/01/2024 15:45:00,0,544,,,,,,,,,,,,,,,,,,
21/01/2024 15:30:00,0,543,,,,,,,,,,,,,,,,,,
21/01/2024 15:15:00,0,542,,,,,,,,,,,,,,,,,,
21/01/2024 15:00:00,0,542,,,,,,,,,,,,,,,,,,
21/01/2024 14:45:00,0,542,,,,,,,,,,,,,,,,,,
21/01/2024 14:30:00,0,541,,,,,,,,,,,,,,,,,,
21/01/2024 14:15:00,0,540,,,,,,,,,,,,,,,,,,
21/01/2024 14:00:00,0,539,,,,,,,,,,,,,,,,,,
21/01/2024 13:45:00,0,538,,,,,,,,,,,,,,,,,,
21/01/2024 13:30:00,0,538,,,,,,,,,,,,,,,,,,
21/01/2024 13:15:00,0,537,,,,,,,,,,,,,,,,,,
21/01/2024 13:00:00,0,537,,,,,,,,,,,,,,,,,,
21/01/2024 12:45:00,0,536,,,,,,,,,,,,,,,,,,
21/01/2024 12:30:00,0,535,,,,,,,,,,,,,,,,,,
21/01/2024 12:15:00,0,535,,,,,,,,,,,,,,,,,,
21/01/2024 12:00:00,0,534,,,,,,,,,,,,,,,,,,
21/01/2024 11:45:00,0,533,,,,,,,,,,,,,,,,,,
21/01/2024 11:30:00,0,532,,,,,,,,,,,,,,,,,,
21/01/2024 11:15:00,0,531,,,,,,,,,,,,,,,,,,
21/01/2024 11:00:00,0,531,,,,,,,,,,,,,,,,,,
21/01/2024 10:45:00,0,530,,,,,,,,,,,,,,,,,,
21/01/2024 10:30:00,0,529,,,,,,,,,,,,,,,,,,
21/01/2024 10:15:00,0,528,,,,,,,,,,,,,,,,,,
21/01/2024 10:00:00,0,527,,,,,,,,,,,,,,,,,,
21/01/2024 09:45:00,0,527,,,,,,,,,,,,,,,,,,
21/01/2024 09:30:00,0,526,,,,,,,,,,,,,,,,,,
21/01/2024 09:15:00,0,525,,,,,,,,,,,,,,,,,,
21/01/2024 09:00:00,0,524,,,,,,,,,,,,,,,,,,
21/01/2024 08:45:00,0,523,,,,,,,,,,,,,,,,,,
21/01/2024 08:30:00,0,522,,,,,,,,,,,,,,,,,,
21/01/2024 08:15:00,0,522,,,,,,,,,,,,,,,,,,
21/01/2024 08:00:00,0,521,,,,,,,,,,,,,,,,,,
21/01/2024 07:45:00,0,520,,,,,,,,,,,,,,,,,,
21/01/2024 07:30:00,0,519,,,,,,,,,,,,,,,,,,
21/01/2024 07:15:00,0,518,,,,,,,,,,,,,,,,,,
21/01/2024 07:00:00,0,517,,,,,,,,,,,,,,,,,,
21/01/2024 06:45:00,0,516,,,,,,,,,,,,,,,,,,
21/01/2024 06:30:00,0,516,,,,,,,,,,,,,,,,,,
21/01/2024 06:15:00,0,515,,,,,,,,,,,,,,,,,,
21/01/2024 06:00:00,0,514,,,,,,,,,,,,,,,,,,
21/01/2024 05:45:00,0,513,,,,,,,,,,,,,,,,,,
21/01/2024 05:30:00,0,512,,,,,,,,,,,,,,,,,,
21/01/2024 05:15:00,0,511,,,,,,,,,,,,,,,,,,
21/01/2024 05:00:00,0,510,,,,,,,,,,,,,,,,,,
21/01/2024 04:45:00,0,509,,,,,,,,,,,,,,,,,,
21/01/2024 04:30:00,0,509,,,,,,,,,,,,,,,,,,
21/01/2024 04:15:00,0,507,,,,,,,,,,,,,,,,,,
21/01/2024 04:00:00,0,506,,,,,,,,,,,,,,,,,,
21/01/2024 03:45:00,0,505,,,,,,,,,,,,,,,,,,
21/01/2024 03:30:00,0,505,,,,,,,,,,,,,,,,,,
21/01/2024 03:15:00,0,503,,,,,,,,,,,,,,,,,,
21/01/2024 03:00:00,0,502,,,,,,,,,,,,,,,,,,
21/01/2024 02:45:00,0,501,,,,,,,,,,,,,,,,,,
21/01/2024 02:30:00,0,500,,,,,,,,,,,,,,,,,,
21/01/2024 02:15:00,0,498,,,,,,,,,,,,,,,,,,
21/01/2024 02:00:00,0,498,,,,,,,,,,,,,,,,,,
21/01/2024 01:45:00,0,497,,,,,,,,,,,,,,,,,,
21/01/2024 01:30:00,0,495,,,,,,,,,,,,,,,,,,
21/01/2024 01:15:00,0,494,,,,,,,,,,,,,,,,,,
21/01/2024 01:00:00,0.4,493,,,,,,,,,,,,,,,,,,
21/01/2024 00:45:00,0,492,,,,,,,,,,,,,,,,,,
21/01/2024 00:30:00,0,491,,,,,,,,,,,,,,,,,,
21/01/2024 00:15:00,0.2,489,,,,,,,,,,,,,,,,,,
21/01/2024 00:00:00,0.4,488,,,,,,,,,,,,,,,,,,
20/01/2024 23:45:00,0,487,,,,,,,,,,,,,,,,,,
20/01/2024 23:30:00,0,486,,,,,,,,,,,,,,,,,,
20/01/2024 23:15:00,0,484,,,,,,,,,,,,,,,,,,
20/01/2024 23:00:00,0,483,,,,,,,,,,,,,,,,,,
20/01/2024 22:45:00,0,482,,,,,,,,,,,,,,,,,,
20/01/2024 22:30:00,0,481,,,,,,,,,,,,,,,,,,
20/01/2024 22:15:00,0.2,479,,,,,,,,,,,,,,,,,,
20/01/2024 22:00:00,1.6,477,,,,,,,,,,,,,,,,,,
20/01/2024 21:45:00,2,476,,,,,,,,,,,,,,,,,,
20/01/2024 21:30:00,0,475,,,,,,,,,,,,,,,,,,
20/01/2024 21:15:00,0,473,,,,,,,,,,,,,,,,,,
20/01/2024 21:00:00,0,472,,,,,,,,,,,,,,,,,,
20/01/2024 20:45:00,0,470,,,,,,,,,,,,,,,,,,
20/01/2024 20:30:00,0,469,,,,,,,,,,,,,,,,,,
20/01/2024 20:15:00,0,467,,,,,,,,,,,,,,,,,,
20/01/2024 20:00:00,0,466,,,,,,,,,,,,,,,,,,
20/01/2024 19:45:00,0,464,,,,,,,,,,,,,,,,,,
20/01/2024 19:30:00,0,463,,,,,,,,,,,,,,,,,,
20/01/2024 19:15:00,0,461,,,,,,,,,,,,,,,,,,
20/01/2024 19:00:00,0,460,,,,,,,,,,,,,,,,,,
20/01/2024 18:45:00,0,458,,,,,,,,,,,,,,,,,,
20/01/2024 18:30:00,0.2,456,,,,,,,,,,,,,,,,,,
20/01/2024 18:15:00,1.6,455,,,,,,,,,,,,,,,,,,
20/01/2024 18:00:00,0,453,,,,,,,,,,,,,,,,,,
20/01/2024 17:45:00,0,451,,,,,,,,,,,,,,,,,,
20/01/2024 17:30:00,0,450,,,,,,,,,,,,,,,,,,
20/01/2024 17:15:00,0,448,,,,,,,,,,,,,,,,,,
20/01/2024 17:00:00,0,446,,,,,,,,,,,,,,,,,,
20/01/2024 16:45:00,0,445,,,,,,,,,,,,,,,,,,
20/01/2024 16:30:00,0,444,,,,,,,,,,,,,,,,,,
20/01/2024 16:15:00,0,442,,,,,,,,,,,,,,,,,,
20/01/2024 16:00:00,0.6,442,,,,,,,,,,,,,,,,,,
20/01/2024 15:45:00,0,440,,,,,,,,,,,,,,,,,,
20/01/2024 15:30:00,0,438,,,,,,,,,,,,,,,,,,
20/01/2024 15:15:00,0,437,,,,,,,,,,,,,,,,,,
20/01/2024 15:00:00,0,436,,,,,,,,,,,,,,,,,,
20/01/2024 14:45:00,0,434,,,,,,,,,,,,,,,,,,
20/01/2024 14:30:00,0,434,,,,,,,,,,,,,,,,,,
20/01/2024 14:15:00,0,432,,,,,,,,,,,,,,,,,,
20/01/2024 14:00:00,0,431,,,,,,,,,,,,,,,,,,
20/01/2024 13:45:00,0,430,,,,,,,,,,,,,,,,,,
20/01/2024 13:30:00,0,430,,,,,,,,,,,,,,,,,,
20/01/2024 13:15:00,0,429,,,,,,,,,,,,,,,,,,
20/01/2024 13:00:00,0.4,429,,,,,,,,,,,,,,,,,,
20/01/2024 12:45:00,0,428,,,,,,,,,,,,,,,,,,
20/01/2024 12:30:00,0.8,428,,,,,,,,,,,,,,,,,,
20/01/2024 12:15:00,0.8,427,,,,,,,,,,,,,,,,,,
20/01/2024 12:00:00,1.2,427,,,,,,,,,,,,,,,,,,
20/01/2024 11:45:00,0.6,427,,,,,,,,,,,,,,,,,,
20/01/2024 11:30:00,0.6,427,,,,,,,,,,,,,,,,,,
20/01/2024 11:15:00,0,427,,,,,,,,,,,,,,,,,,
20/01/2024 11:00:00,0,427,,,,,,,,,,,,,,,,,,
20/01/2024 10:45:00,0.2,427,,,,,,,,,,,,,,,,,,
20/01/2024 10:30:00,0,427,,,,,,,,,,,,,,,,,,
20/01/2024 10:15:00,0,427,,,,,,,,,,,,,,,,,,
20/01/2024 10:00:00,0,427,,,,,,,,,,,,,,,,,,
20/01/2024 09:45:00,0,427,,,,,,,,,,,,,,,,,,
20/01/2024 09:30:00,0,427,,,,,,,,,,,,,,,,,,
20/01/2024 09:15:00,0,427,,,,,,,,,,,,,,,,,,
20/01/2024 09:00:00,0,427,,,,,,,,,,,,,,,,,,
20/01/2024 08:45:00,0,427,,,,,,,,,,,,,,,,,,
20/01/2024 08:30:00,0,427,,,,,,,,,,,,,,,,,,
20/01/2024 08:15:00,0,427,,,,,,,,,,,,,,,,,,
20/01/2024 08:00:00,0,427,,,,,,,,,,,,,,,,,,
20/01/2024 07:45:00,0.2,426,,,,,,,,,,,,,,,,,,
20/01/2024 07:30:00,2,424,,,,,,,,,,,,,,,,,,
20/01/2024 07:15:00,2.4,424,,,,,,,,,,,,,,,,,,
20/01/2024 07:00:00,1.8,423,,,,,,,,,,,,,,,,,,
20/01/2024 06:45:00,1.2,423,,,,,,,,,,,,,,,,,,
20/01/2024 06:30:00,0,423,,,,,,,,,,,,,,,,,,
20/01/2024 06:15:00,0,423,,,,,,,,,,,,,,,,,,
20/01/2024 06:00:00,0,423,,,,,,,,,,,,,,,,,,
20/01/2024 05:45:00,1,423,,,,,,,,,,,,,,,,,,
20/01/2024 05:30:00,0.2,423,,,,,,,,,,,,,,,,,,
20/01/2024 05:15:00,0,423,,,,,,,,,,,,,,,,,,
20/01/2024 05:00:00,0,423,,,,,,,,,,,,,,,,,,
20/01/2024 04:45:00,0,424,,,,,,,,,,,,,,,,,,
20/01/2024 04:30:00,0,424,,,,,,,,,,,,,,,,,,
20/01/2024 04:15:00,0,424,,,,,,,,,,,,,,,,,,
20/01/2024 04:00:00,0,425,,,,,,,,,,,,,,,,,,
20/01/2024 03:45:00,0,425,,,,,,,,,,,,,,,,,,
20/01/2024 03:30:00,0,425,,,,,,,,,,,,,,,,,,
20/01/2024 03:15:00,0,426,,,,,,,,,,,,,,,,,,
20/01/2024 03:00:00,0,427,,,,,,,,,,,,,,,,,,
20/01/2024 02:45:00,0,426,,,,,,,,,,,,,,,,,,
20/01/2024 02:30:00,0,427,,,,,,,,,,,,,,,,,,
20/01/2024 02:15:00,0,427,,,,,,,,,,,,,,,,,,
20/01/2024 02:00:00,0,428,,,,,,,,,,,,,,,,,,
20/01/2024 01:45:00,0,428,,,,,,,,,,,,,,,,,,
20/01/2024 01:30:00,0,429,,,,,,,,,,,,,,,,,,
20/01/2024 01:15:00,0,430,,,,,,,,,,,,,,,,,,
20/01/2024 01:00:00,0,430,,,,,,,,,,,,,,,,,,
20/01/2024 00:45:00,0,432,,,,,,,,,,,,,,,,,,
20/01/2024 00:30:00,0,432,,,,,,,,,,,,,,,,,,
20/01/2024 00:15:00,0,432,,,,,,,,,,,,,,,,,,
20/01/2024 00:00:00,0,433,,,,,,,,,,,,,,,,,,
19/01/2024 23:45:00,0.2,433,,,,,,,,,,,,,,,,,,
19/01/2024 23:30:00,0,434,,,,,,,,,,,,,,,,,,
19/01/2024 23:15:00,0.2,434,,,,,,,,,,,,,,,,,,
19/01/2024 23:00:00,1,435,,,,,,,,,,,,,,,,,,
19/01/2024 22:45:00,0,435,,,,,,,,,,,,,,,,,,
19/01/2024 22:30:00,0,436,,,,,,,,,,,,,,,,,,
19/01/2024 22:15:00,0,436,,,,,,,,,,,,,,,,,,
19/01/2024 22:00:00,0,437,,,,,,,,,,,,,,,,,,
19/01/2024 21:45:00,0,438,,,,,,,,,,,,,,,,,,
19/01/2024 21:30:00,0,438,,,,,,,,,,,,,,,,,,
19/01/2024 21:15:00,0,439,,,,,,,,,,,,,,,,,,
19/01/2024 21:00:00,0,440,,,,,,,,,,,,,,,,,,
19/01/2024 20:45:00,0,441,,,,,,,,,,,,,,,,,,
19/01/2024 20:30:00,0,441,,,,,,,,,,,,,,,,,,
19/01/2024 20:15:00,0,442,,,,,,,,,,,,,,,,,,
19/01/2024 20:00:00,0,442,,,,,,,,,,,,,,,,,,
19/01/2024 19:45:00,0,443,,,,,,,,,,,,,,,,,,
19/01/2024 19:30:00,0,444,,,,,,,,,,,,,,,,,,
19/01/2024 19:15:00,0,444,,,,,,,,,,,,,,,,,,
19/01/2024 19:00:00,0,445,,,,,,,,,,,,,,,,,,
19/01/2024 18:45:00,0,445,,,,,,,,,,,,,,,,,,
19/01/2024 18:30:00,0,446,,,,,,,,,,,,,,,,,,
19/01/2024 18:15:00,0,447,,,,,,,,,,,,,,,,,,
19/01/2024 18:00:00,0,447,,,,,,,,,,,,,,,,,,
19/01/2024 17:45:00,0,448,,,,,,,,,,,,,,,,,,
19/01/2024 17:30:00,0,448,,,,,,,,,,,,,,,,,,
19/01/2024 17:15:00,0,449,,,,,,,,,,,,,,,,,,
19/01/2024 17:00:00,0,450,,,,,,,,,,,,,,,,,,
19/01/2024 16:45:00,0,450,,,,,,,,,,,,,,,,,,
19/01/2024 16:30:00,0,451,,,,,,,,,,,,,,,,,,
19/01/2024 16:15:00,0,451,,,,,,,,,,,,,,,,,,
19/01/2024 16:00:00,0,452,,,,,,,,,,,,,,,,,,
19/01/2024 15:45:00,0,453,,,,,,,,,,,,,,,,,,
19/01/2024 15:30:00,0,454,,,,,,,,,,,,,,,,,,
19/01/2024 15:15:00,0,454,,,,,,,,,,,,,,,,,,
19/01/2024 15:00:00,0,455,,,,,,,,,,,,,,,,,,
19/01/2024 14:45:00,0,455,,,,,,,,,,,,,,,,,,
19/01/2024 14:30:00,0,456,,,,,,,,,,,,,,,,,,
19/01/2024 14:15:00,0,456,,,,,,,,,,,,,,,,,,
19/01/2024 14:00:00,0,458,,,,,,,,,,,,,,,,,,
19/01/2024 13:45:00,0,458,,,,,,,,,,,,,,,,,,
19/01/2024 13:30:00,0,459,,,,,,,,,,,,,,,,,,
19/01/2024 13:15:00,0,459,,,,,,,,,,,,,,,,,,
19/01/2024 13:00:00,0,461,,,,,,,,,,,,,,,,,,
19/01/2024 12:45:00,0,461,,,,,,,,,,,,,,,,,,
19/01/2024 12:30:00,0,461,,,,,,,,,,,,,,,,,,
19/01/2024 12:15:00,0,462,,,,,,,,,,,,,,,,,,
19/01/2024 12:00:00,0,463,,,,,,,,,,,,,,,,,,
19/01/2024 11:45:00,0,463,,,,,,,,,,,,,,,,,,
19/01/2024 11:30:00,0,464,,,,,,,,,,,,,,,,,,
19/01/2024 11:15:00,0,465,,,,,,,,,,,,,,,,,,
19/01/2024 11:00:00,0,465,,,,,,,,,,,,,,,,,,
19/01/2024 10:45:00,0,465,,,,,,,,,,,,,,,,,,
19/01/2024 10:30:00,0,466,,,,,,,,,,,,,,,,,,
19/01/2024 10:15:00,0,466,,,,,,,,,,,,,,,,,,
19/01/2024 10:00:00,0,467,,,,,,,,,,,,,,,,,,
19/01/2024 09:45:00,0,467,,,,,,,,,,,,,,,,,,
19/01/2024 09:30:00,0,466,,,,,,,,,,,,,,,,,,
19/01/2024 09:15:00,0,468,,,,,,,,,,,,,,,,,,
19/01/2024 09:00:00,0,468,,,,,,,,,,,,,,,,,,
19/01/2024 08:45:00,0,469,,,,,,,,,,,,,,,,,,
19/01/2024 08:30:00,0,469,,,,,,,,,,,,,,,,,,
19/01/2024 08:15:00,0,470,,,,,,,,,,,,,,,,,,
19/01/2024 08:00:00,0,470,,,,,,,,,,,,,,,,,,
19/01/2024 07:45:00,0,470,,,,,,,,,,,,,,,,,,
19/01/2024 07:30:00,0,471,,,,,,,,,,,,,,,,,,
19/01/2024 07:15:00,0,471,,,,,,,,,,,,,,,,,,
19/01/2024 07:00:00,0,471,,,,,,,,,,,,,,,,,,
19/01/2024 06:45:00,0,472,,,,,,,,,,,,,,,,,,
19/01/2024 06:30:00,0,472,,,,,,,,,,,,,,,,,,
19/01/2024 06:15:00,0,473,,,,,,,,,,,,,,,,,,
19/01/2024 06:00:00,0,473,,,,,,,,,,,,,,,,,,
19/01/2024 05:45:00,0,473,,,,,,,,,,,,,,,,,,
19/01/2024 05:30:00,0,474,,,,,,,,,,,,,,,,,,
19/01/2024 05:15:00,0,474,,,,,,,,,,,,,,,,,,
19/01/2024 05:00:00,0,474,,,,,,,,,,,,,,,,,,
19/01/2024 04:45:00,0,475,,,,,,,,,,,,,,,,,,
19/01/2024 04:30:00,0,476,,,,,,,,,,,,,,,,,,
19/01/2024 04:15:00,0,476,,,,,,,,,,,,,,,,,,
19/01/2024 04:00:00,0,476,,,,,,,,,,,,,,,,,,
19/01/2024 03:45:00,0,477,,,,,,,,,,,,,,,,,,
19/01/2024 03:30:00,0,476,,,,,,,,,,,,,,,,,,
19/01/2024 03:15:00,0,477,,,,,,,,,,,,,,,,,,
19/01/2024 03:00:00,0,477,,,,,,,,,,,,,,,,,,
19/01/2024 02:45:00,0,478,,,,,,,,,,,,,,,,,,
19/01/2024 02:30:00,0,478,,,,,,,,,,,,,,,,,,
19/01/2024 02:15:00,0,479,,,,,,,,,,,,,,,,,,
19/01/2024 02:00:00,0,479,,,,,,,,,,,,,,,,,,
19/01/2024 01:45:00,0,479,,,,,,,,,,,,,,,,,,
19/01/2024 01:30:00,0,479,,,,,,,,,,,,,,,,,,
19/01/2024 01:15:00,0,480,,,,,,,,,,,,,,,,,,
19/01/2024 01:00:00,0,480,,,,,,,,,,,,,,,,,,
19/01/2024 00:45:00,0,481,,,,,,,,,,,,,,,,,,
19/01/2024 00:30:00,0,481,,,,,,,,,,,,,,,,,,
19/01/2024 00:15:00,0,481,,,,,,,,,,,,,,,,,,
19/01/2024 00:00:00,0,481,,,,,,,,,,,,,,,,,,
18/01/2024 23:45:00,0,482,,,,,,,,,,,,,,,,,,
18/01/2024 23:30:00,0,482,,,,,,,,,,,,,,,,,,
18/01/2024 23:15:00,0,482,,,,,,,,,,,,,,,,,,
18/01/2024 23:00:00,0,482,,,,,,,,,,,,,,,,,,
18/01/2024 22:45:00,0,483,,,,,,,,,,,,,,,,,,
18/01/2024 22:30:00,0,483,,,,,,,,,,,,,,,,,,
18/01/2024 22:15:00,0,483,,,,,,,,,,,,,,,,,,
18/01/2024 22:00:00,0,483,,,,,,,,,,,,,,,,,,
18/01/2024 21:45:00,0,484,,,,,,,,,,,,,,,,,,
18/01/2024 21:30:00,0,484,,,,,,,,,,,,,,,,,,
18/01/2024 21:15:00,0,484,,,,,,,,,,,,,,,,,,
18/01/2024 21:00:00,0,484,,,,,,,,,,,,,,,,,,
18/01/2024 20:45:00,0,485,,,,,,,,,,,,,,,,,,
18/01/2024 20:30:00,0,485,,,,,,,,,,,,,,,,,,
18/01/2024 20:15:00,0,485,,,,,,,,,,,,,,,,,,
18/01/2024 20:00:00,0,485,,,,,,,,,,,,,,,,,,
18/01/2024 19:45:00,0,485,,,,,,,,,,,,,,,,,,
18/01/2024 19:30:00,0,485,,,,,,,,,,,,,,,,,,
18/01/2024 19:15:00,0,486,,,,,,,,,,,,,,,,,,
18/01/2024 19:00:00,0,486,,,,,,,,,,,,,,,,,,
18/01/2024 18:45:00,0,486,,,,,,,,,,,,,,,,,,
18/01/2024 18:30:00,0,485,,,,,,,,,,,,,,,,,,
18/01/2024 18:15:00,0,485,,,,,,,,,,,,,,,,,,
18/01/2024 18:00:00,0,486,,,,,,,,,,,,,,,,,,
18/01/2024 17:45:00,0,486,,,,,,,,,,,,,,,,,,
18/01/2024 17:30:00,0,486,,,,,,,,,,,,,,,,,,
18/01/2024 17:15:00,0,487,,,,,,,,,,,,,,,,,,
18/01/2024 17:00:00,0,487,,,,,,,,,,,,,,,,,,
18/01/2024 16:45:00,0,487,,,,,,,,,,,,,,,,,,
18/01/2024 16:30:00,0,488,,,,,,,,,,,,,,,,,,
18/01/2024 16:15:00,0,487,,,,,,,,,,,,,,,,,,
18/01/2024 16:00:00,0,487,,,,,,,,,,,,,,,,,,
18/01/2024 15:45:00,0,488,,,,,,,,,,,,,,,,,,
18/01/2024 15:30:00,0,488,,,,,,,,,,,,,,,,,,
18/01/2024 15:15:00,0,488,,,,,,,,,,,,,,,,,,
18/01/2024 15:00:00,0,488,,,,,,,,,,,,,,,,,,
18/01/2024 14:45:00,0,489,,,,,,,,,,,,,,,,,,
18/01/2024 14:30:00,0,489,,,,,,,,,,,,,,,,,,
18/01/2024 14:15:00,0,488,,,,,,,,,,,,,,,,,,
18/01/2024 14:00:00,0,489,,,,,,,,,,,,,,,,,,
18/01/2024 13:45:00,0,489,,,,,,,,,,,,,,,,,,
18/01/2024 13:30:00,0,488,,,,,,,,,,,,,,,,,,
18/01/2024 13:15:00,0,489,,,,,,,,,,,,,,,,,,
18/01/2024 13:00:00,0,490,,,,,,,,,,,,,,,,,,
18/01/2024 12:45:00,0,490,,,,,,,,,,,,,,,,,,
18/01/2024 12:30:00,0,490,,,,,,,,,,,,,,,,,,
18/01/2024 12:15:00,0,490,,,,,,,,,,,,,,,,,,
18/01/2024 12:00:00,0,490,,,,,,,,,,,,,,,,,,
18/01/2024 11:45:00,0,490,,,,,,,,,,,,,,,,,,
18/01/2024 11:30:00,0,490,,,,,,,,,,,,,,,,,,
18/01/2024 11:15:00,0,490,,,,,,,,,,,,,,,,,,
18/01/2024 11:00:00,0,490,,,,,,,,,,,,,,,,,,
18/01/2024 10:45:00,0,490,,,,,,,,,,,,,,,,,,
18/01/2024 10:30:00,0,490,,,,,,,,,,,,,,,,,,
18/01/2024 10:15:00,0,489,,,,,,,,,,,,,,,,,,
18/01/2024 10:00:00,0,490,,,,,,,,,,,,,,,,,,
18/01/2024 09:45:00,0,490,,,,,,,,,,,,,,,,,,
18/01/2024 09:30:00,0,490,,,,,,,,,,,,,,,,,,
18/01/2024 09:15:00,0,490,,,,,,,,,,,,,,,,,,
18/01/2024 09:00:00,0,490,,,,,,,,,,,,,,,,,,
18/01/2024 08:45:00,0,489,,,,,,,,,,,,,,,,,,
18/01/2024 08:30:00,0,490,,,,,,,,,,,,,,,,,,
18/01/2024 08:15:00,0,489,,,,,,,,,,,,,,,,,,
18/01/2024 08:00:00,0,489,,,,,,,,,,,,,,,,,,
18/01/2024 07:45:00,0,489,,,,,,,,,,,,,,,,,,
18/01/2024 07:30:00,0,489,,,,,,,,,,,,,,,,,,
18/01/2024 07:15:00,0,489,,,,,,,,,,,,,,,,,,
18/01/2024 07:00:00,0,489,,,,,,,,,,,,,,,,,,
18/01/2024 06:45:00,0,489,,,,,,,,,,,,,,,,,,
18/01/2024 06:30:00,0,489,,,,,,,,,,,,,,,,,,
18/01/2024 06:15:00,0,489,,,,,,,,,,,,,,,,,,
18/01/2024 06:00:00,0,488,,,,,,,,,,,,,,,,,,
18/01/2024 05:45:00,0,489,,,,,,,,,,,,,,,,,,
18/01/2024 05:30:00,0,488,,,,,,,,,,,,,,,,,,
18/01/2024 05:15:00,0,488,,,,,,,,,,,,,,,,,,
18/01/2024 05:00:00,0,487,,,,,,,,,,,,,,,,,,
18/01/2024 04:45:00,0,488,,,,,,,,,,,,,,,,,,
18/01/2024 04:30:00,0,487,,,,,,,,,,,,,,,,,,
18/01/2024 04:15:00,0,487,,,,,,,,,,,,,,,,,,
18/01/2024 04:00:00,0,487,,,,,,,,,,,,,,,,,,
18/01/2024 03:45:00,0,487,,,,,,,,,,,,,,,,,,
18/01/2024 03:30:00,0,487,,,,,,,,,,,,,,,,,,
18/01/2024 03:15:00,0,487,,,,,,,,,,,,,,,,,,
18/01/2024 03:00:00,0,487,,,,,,,,,,,,,,,,,,
18/01/2024 02:45:00,0,486,,,,,,,,,,,,,,,,,,
18/01/2024 02:30:00,0,486,,,,,,,,,,,,,,,,,,
18/01/2024 02:15:00,0,486,,,,,,,,,,,,,,,,,,
18/01/2024 02:00:00,0,485,,,,,,,,,,,,,,,,,,
18/01/2024 01:45:00,0,485,,,,,,,,,,,,,,,,,,
18/01/2024 01:30:00,0,485,,,,,,,,,,,,,,,,,,
18/01/2024 01:15:00,0,485,,,,,,,,,,,,,,,,,,
18/01/2024 01:00:00,0,484,,,,,,,,,,,,,,,,,,
18/01/2024 00:45:00,0,484,,,,,,,,,,,,,,,,,,
18/01/2024 00:30:00,0,484,,,,,,,,,,,,,,,,,,
18/01/2024 00:15:00,0,483,,,,,,,,,,,,,,,,,,
18/01/2024 00:00:00,0,483,,,,,,,,,,,,,,,,,,
17/01/2024 23:45:00,0,483,,,,,,,,,,,,,,,,,,
17/01/2024 23:30:00,0,482,,,,,,,,,,,,,,,,,,
17/01/2024 23:15:00,0,482,,,,,,,,,,,,,,,,,,
17/01/2024 23:00:00,0,482,,,,,,,,,,,,,,,,,,
17/01/2024 22:45:00,0,481,,,,,,,,,,,,,,,,,,
17/01/2024 22:30:00,0,481,,,,,,,,,,,,,,,,,,
17/01/2024 22:15:00,0,481,,,,,,,,,,,,,,,,,,
17/01/2024 22:00:00,0,480,,,,,,,,,,,,,,,,,,
17/01/2024 21:45:00,0,479,,,,,,,,,,,,,,,,,,
17/01/2024 21:30:00,0,479,,,,,,,,,,,,,,,,,,
17/01/2024 21:15:00,0,479,,,,,,,,,,,,,,,,,,
17/01/2024 21:00:00,0,479,,,,,,,,,,,,,,,,,,
17/01/2024 20:45:00,0,478,,,,,,,,,,,,,,,,,,
17/01/2024 20:30:00,0,477,,,,,,,,,,,,,,,,,,
17/01/2024 20:15:00,0,478,,,,,,,,,,,,,,,,,,
17/01/2024 20:00:00,0,477,,,,,,,,,,,,,,,,,,
17/01/2024 19:45:00,0,477,,,,,,,,,,,,,,,,,,
17/01/2024 19:30:00,0,475,,,,,,,,,,,,,,,,,,
17/01/2024 19:15:00,0,475,,,,,,,,,,,,,,,,,,
17/01/2024 19:00:00,0,474,,,,,,,,,,,,,,,,,,
17/01/2024 18:45:00,0,475,,,,,,,,,,,,,,,,,,
17/01/2024 18:30:00,0,474,,,,,,,,,,,,,,,,,,
17/01/2024 18:15:00,0,474,,,,,,,,,,,,,,,,,,
17/01/2024 18:00:00,0,473,,,,,,,,,,,,,,,,,,
17/01/2024 17:45:00,0,472,,,,,,,,,,,,,,,,,,
17/01/2024 17:30:00,0,472,,,,,,,,,,,,,,,,,,
17/01/2024 17:15:00,0,471,,,,,,,,,,,,,,,,,,
17/01/2024 17:00:00,0,471,,,,,,,,,,,,,,,,,,
17/01/2024 16:45:00,0,469,,,,,,,,,,,,,,,,,,
17/01/2024 16:30:00,0,470,,,,,,,,,,,,,,,,,,
17/01/2024 16:15:00,0,468,,,,,,,,,,,,,,,,,,
17/01/2024 16:00:00,0,467,,,,,,,,,,,,,,,,,,
17/01/2024 15:45:00,0,466,,,,,,,,,,,,,,,,,,
17/01/2024 15:30:00,0,466,,,,,,,,,,,,,,,,,,
17/01/2024 15:15:00,0,464,,,,,,,,,,,,,,,,,,
17/01/2024 15:00:00,0,463,,,,,,,,,,,,,,,,,,
17/01/2024 14:45:00,0,461,,,,,,,,,,,,,,,,,,
17/01/2024 14:30:00,0,461,,,,,,,,,,,,,,,,,,
17/01/2024 14:15:00,0,460,,,,,,,,,,,,,,,,,,
17/01/2024 14:00:00,0,458,,,,,,,,,,,,,,,,,,
17/01/2024 13:45:00,0,457,,,,,,,,,,,,,,,,,,
17/01/2024 13:30:00,0,456,,,,,,,,,,,,,,,,,,
17/01/2024 13:15:00,0,454,,,,,,,,,,,,,,,,,,
17/01/2024 13:00:00,0,452,,,,,,,,,,,,,,,,,,
17/01/2024 12:45:00,0,450,,,,,,,,,,,,,,,,,,
17/01/2024 12:30:00,0,448,,,,,,,,,,,,,,,,,,
17/01/2024 12:15:00,0,446,,,,,,,,,,,,,,,,,,
17/01/2024 12:00:00,0,444,,,,,,,,,,,,,,,,,,
17/01/2024 11:45:00,0,443,,,,,,,,,,,,,,,,,,
17/01/2024 11:30:00,0,440,,,,,,,,,,,,,,,,,,
17/01/2024 11:15:00,0,437,,,,,,,,,,,,,,,,,,
17/01/2024 11:00:00,0,436,,,,,,,,,,,,,,,,,,
17/01/2024 10:45:00,0,433,,,,,,,,,,,,,,,,,,
17/01/2024 10:30:00,0,430,,,,,,,,,,,,,,,,,,
17/01/2024 10:15:00,0,426,,,,,,,,,,,,,,,,,,
17/01/2024 10:00:00,0,424,,,,,,,,,,,,,,,,,,
17/01/2024 09:45:00,0,420,,,,,,,,,,,,,,,,,,
17/01/2024 09:30:00,0,417,,,,,,,,,,,,,,,,,,
17/01/2024 09:15:00,0,413,,,,,,,,,,,,,,,,,,
17/01/2024 09:00:00,0,409,,,,,,,,,,,,,,,,,,
17/01/2024 08:45:00,0,405,,,,,,,,,,,,,,,,,,
17/01/2024 08:30:00,0,401,,,,,,,,,,,,,,,,,,
17/01/2024 08:15:00,0,397,,,,,,,,,,,,,,,,,,
17/01/2024 08:00:00,0,392,,,,,,,,,,,,,,,,,,
17/01/2024 07:45:00,0,388,,,,,,,,,,,,,,,,,,
17/01/2024 07:30:00,0,383,,,,,,,,,,,,,,,,,,
17/01/2024 07:15:00,0,378,,,,,,,,,,,,,,,,,,
17/01/2024 07:00:00,0,374,,,,,,,,,,,,,,,,,,
17/01/2024 06:45:00,0,369,,,,,,,,,,,,,,,,,,
17/01/2024 06:30:00,0,365,,,,,,,,,,,,,,,,,,
17/01/2024 06:15:00,0,360,,,,,,,,,,,,,,,,,,
17/01/2024 06:00:00,0,355,,,,,,,,,,,,,,,,,,
17/01/2024 05:45:00,0,350,,,,,,,,,,,,,,,,,,
17/01/2024 05:30:00,0,347,,,,,,,,,,,,,,,,,,
17/01/2024 05:15:00,0,342,,,,,,,,,,,,,,,,,,
17/01/2024 05:00:00,0,339,,,,,,,,,,,,,,,,,,
17/01/2024 04:45:00,0,334,,,,,,,,,,,,,,,,,,
17/01/2024 04:30:00,0,331,,,,,,,,,,,,,,,,,,
17/01/2024 04:15:00,0,327,,,,,,,,,,,,,,,,,,
17/01/2024 04:00:00,0,323,,,,,,,,,,,,,,,,,,
17/01/2024 03:45:00,0,320,,,,,,,,,,,,,,,,,,
17/01/2024 03:30:00,0,317,,,,,,,,,,,,,,,,,,
17/01/2024 03:15:00,0,313,,,,,,,,,,,,,,,,,,
17/01/2024 03:00:00,0,309,,,,,,,,,,,,,,,,,,
17/01/2024 02:45:00,0,305,,,,,,,,,,,,,,,,,,
17/01/2024 02:30:00,0,301,,,,,,,,,,,,,,,,,,
17/01/2024 02:15:00,0.2,296,,,,,,,,,,,,,,,,,,
17/01/2024 02:00:00,0.6,292,,,,,,,,,,,,,,,,,,
17/01/2024 01:45:00,0.6,287,,,,,,,,,,,,,,,,,,
17/01/2024 01:30:00,1.2,282,,,,,,,,,,,,,,,,,,
17/01/2024 01:15:00,2,276,,,,,,,,,,,,,,,,,,
17/01/2024 01:00:00,1.6,272,,,,,,,,,,,,,,,,,,
17/01/2024 00:45:00,1.8,266,,,,,,,,,,,,,,,,,,
17/01/2024 00:30:00,2,261,,,,,,,,,,,,,,,,,,
17/01/2024 00:15:00,2.4,257,,,,,,,,,,,,,,,,,,
17/01/2024 00:00:00,4,251,,,,,,,,,,,,,,,,,,
16/01/2024 23:45:00,1.4,245,,,,,,,,,,,,,,,,,,
16/01/2024 23:30:00,22.2,236,,,,,,,,,,,,,,,,,,
16/01/2024 23:15:00,7.6,225,,,,,,,,,,,,,,,,,,
16/01/2024 23:00:00,1.6,227,,,,,,,,,,,,,,,,,,
16/01/2024 22:45:00,7.4,225,,,,,,,,,,,,,,,,,,
16/01/2024 22:30:00,1,224,,,,,,,,,,,,,,,,,,
16/01/2024 22:15:00,0,227,,,,,,,,,,,,,,,,,,
16/01/2024 22:00:00,0,227,,,,,,,,,,,,,,,,,,
16/01/2024 21:45:00,0,227,,,,,,,,,,,,,,,,,,
16/01/2024 21:30:00,0,228,,,,,,,,,,,,,,,,,,
16/01/2024 21:15:00,0,228,,,,,,,,,,,,,,,,,,
16/01/2024 21:00:00,0,228,,,,,,,,,,,,,,,,,,
16/01/2024 20:45:00,0,229,,,,,,,,,,,,,,,,,,
16/01/2024 20:30:00,0,229,,,,,,,,,,,,,,,,,,
16/01/2024 20:15:00,0,230,,,,,,,,,,,,,,,,,,
16/01/2024 20:00:00,0,230,,,,,,,,,,,,,,,,,,
16/01/2024 19:45:00,0,231,,,,,,,,,,,,,,,,,,
16/01/2024 19:30:00,0,231,,,,,,,,,,,,,,,,,,
16/01/2024 19:15:00,0,231,,,,,,,,,,,,,,,,,,
16/01/2024 19:00:00,0,232,,,,,,,,,,,,,,,,,,
16/01/2024 18:45:00,0,232,,,,,,,,,,,,,,,,,,
16/01/2024 18:30:00,0,232,,,,,,,,,,,,,,,,,,
16/01/2024 18:15:00,0,232,,,,,,,,,,,,,,,,,,
16/01/2024 18:00:00,0,232,,,,,,,,,,,,,,,,,,
16/01/2024 17:45:00,0,233,,,,,,,,,,,,,,,,,,
16/01/2024 17:30:00,0,233,,,,,,,,,,,,,,,,,,
16/01/2024 17:15:00,0,234,,,,,,,,,,,,,,,,,,
16/01/2024 17:00:00,0,233,,,,,,,,,,,,,,,,,,
16/01/2024 16:45:00,0,233,,,,,,,,,,,,,,,,,,
16/01/2024 16:30:00,0,234,,,,,,,,,,,,,,,,,,
16/01/2024 16:15:00,3.6,232,,,,,,,,,,,,,,,,,,
16/01/2024 16:00:00,4,231,,,,,,,,,,,,,,,,,,
16/01/2024 15:45:00,0,233,,,,,,,,,,,,,,,,,,
16/01/2024 15:30:00,0,233,,,,,,,,,,,,,,,,,,
16/01/2024 15:15:00,0,233,,,,,,,,,,,,,,,,,,
16/01/2024 15:00:00,0,233,,,,,,,,,,,,,,,,,,
16/01/2024 14:45:00,0,234,,,,,,,,,,,,,,,,,,
16/01/2024 14:30:00,0,233,,,,,,,,,,,,,,,,,,
16/01/2024 14:15:00,0,234,,,,,,,,,,,,,,,,,,
16/01/2024 14:00:00,0,234,,,,,,,,,,,,,,,,,,
16/01/2024 13:45:00,0,234,,,,,,,,,,,,,,,,,,
16/01/2024 13:30:00,0,234,,,,,,,,,,,,,,,,,,
16/01/2024 13:15:00,0,234,,,,,,,,,,,,,,,,,,
16/01/2024 13:00:00,0,234,,,,,,,,,,,,,,,,,,
16/01/2024 12:45:00,0,235,,,,,,,,,,,,,,,,,,
16/01/2024 12:30:00,0,235,,,,,,,,,,,,,,,,,,
16/01/2024 12:15:00,0,235,,,,,,,,,,,,,,,,,,
16/01/2024 12:00:00,0,235,,,,,,,,,,,,,,,,,,
16/01/2024 11:45:00,0,235,,,,,,,,,,,,,,,,,,
16/01/2024 11:30:00,0,235,,,,,,,,,,,,,,,,,,
16/01/2024 11:15:00,0,235,,,,,,,,,,,,,,,,,,
16/01/2024 11:00:00,0,235,,,,,,,,,,,,,,,,,,
16/01/2024 10:45:00,0,235,,,,,,,,,,,,,,,,,,
16/01/2024 10:30:00,0,235,,,,,,,,,,,,,,,,,,
16/01/2024 10:15:00,0,235,,,,,,,,,,,,,,,,,,
16/01/2024 10:00:00,0,235,,,,,,,,,,,,,,,,,,
16/01/2024 09:45:00,0,235,,,,,,,,,,,,,,,,,,
16/01/2024 09:30:00,0,235,,,,,,,,,,,,,,,,,,
16/01/2024 09:15:00,0,235,,,,,,,,,,,,,,,,,,
16/01/2024 09:00:00,0,235,,,,,,,,,,,,,,,,,,
16/01/2024 08:45:00,0,235,,,,,,,,,,,,,,,,,,
16/01/2024 08:30:00,0,234,,,,,,,,,,,,,,,,,,
16/01/2024 08:15:00,0,235,,,,,,,,,,,,,,,,,,
16/01/2024 08:00:00,0,235,,,,,,,,,,,,,,,,,,
16/01/2024 07:45:00,0,235,,,,,,,,,,,,,,,,,,
16/01/2024 07:30:00,0,234,,,,,,,,,,,,,,,,,,
16/01/2024 07:15:00,0,235,,,,,,,,,,,,,,,,,,
16/01/2024 07:00:00,0,235,,,,,,,,,,,,,,,,,,
16/01/2024 06:45:00,0,234,,,,,,,,,,,,,,,,,,
16/01/2024 06:30:00,0,234,,,,,,,,,,,,,,,,,,
16/01/2024 06:15:00,0,234,,,,,,,,,,,,,,,,,,
16/01/2024 06:00:00,0,234,,,,,,,,,,,,,,,,,,
16/01/2024 05:45:00,0,234,,,,,,,,,,,,,,,,,,
16/01/2024 05:30:00,0,234,,,,,,,,,,,,,,,,,,
16/01/2024 05:15:00,0,234,,,,,,,,,,,,,,,,,,
16/01/2024 05:00:00,0,234,,,,,,,,,,,,,,,,,,
16/01/2024 04:45:00,0,234,,,,,,,,,,,,,,,,,,
16/01/2024 04:30:00,0,234,,,,,,,,,,,,,,,,,,
16/01/2024 04:15:00,0,234,,,,,,,,,,,,,,,,,,
16/01/2024 04:00:00,0,234,,,,,,,,,,,,,,,,,,
16/01/2024 03:45:00,0,234,,,,,,,,,,,,,,,,,,
16/01/2024 03:30:00,0,234,,,,,,,,,,,,,,,,,,
16/01/2024 03:15:00,0,234,,,,,,,,,,,,,,,,,,
16/01/2024 03:00:00,0,234,,,,,,,,,,,,,,,,,,
16/01/2024 02:45:00,0,234,,,,,,,,,,,,,,,,,,
16/01/2024 02:30:00,0,234,,,,,,,,,,,,,,,,,,
16/01/2024 02:15:00,0,234,,,,,,,,,,,,,,,,,,
16/01/2024 02:00:00,0,234,,,,,,,,,,,,,,,,,,
16/01/2024 01:45:00,0,234,,,,,,,,,,,,,,,,,,
16/01/2024 01:30:00,0,234,,,,,,,,,,,,,,,,,,
16/01/2024 01:15:00,0,234,,,,,,,,,,,,,,,,,,
16/01/2024 01:00:00,0,234,,,,,,,,,,,,,,,,,,
16/01/2024 00:45:00,0,234,,,,,,,,,,,,,,,,,,
16/01/2024 00:30:00,0,234,,,,,,,,,,,,,,,,,,
16/01/2024 00:15:00,0,234,,,,,,,,,,,,,,,,,,
15/01/2024 23:00:00,0,235,,,,,,,,,,,,,,,,,,
15/01/2024 22:45:00,0,235,,,,,,,,,,,,,,,,,,
15/01/2024 22:30:00,0,235,,,,,,,,,,,,,,,,,,
15/01/2024 22:15:00,0,235,,,,,,,,,,,,,,,,,,
15/01/2024 22:00:00,0,236,,,,,,,,,,,,,,,,,,
15/01/2024 21:45:00,0,235,,,,,,,,,,,,,,,,,,
15/01/2024 21:30:00,0,236,,,,,,,,,,,,,,,,,,
15/01/2024 21:15:00,0,236,,,,,,,,,,,,,,,,,,
15/01/2024 21:00:00,0,236,,,,,,,,,,,,,,,,,,
15/01/2024 20:45:00,0,236,,,,,,,,,,,,,,,,,,
15/01/2024 20:30:00,0,237,,,,,,,,,,,,,,,,,,
15/01/2024 20:15:00,0,237,,,,,,,,,,,,,,,,,,
15/01/2024 20:00:00,0,237,,,,,,,,,,,,,,,,,,
15/01/2024 19:45:00,0,237,,,,,,,,,,,,,,,,,,
15/01/2024 19:30:00,0,238,,,,,,,,,,,,,,,,,,
15/01/2024 19:15:00,0,238,,,,,,,,,,,,,,,,,,
15/01/2024 19:00:00,0,238,,,,,,,,,,,,,,,,,,
15/01/2024 18:45:00,0,238,,,,,,,,,,,,,,,,,,
15/01/2024 18:30:00,0,238,,,,,,,,,,,,,,,,,,
15/01/2024 18:15:00,0,239,,,,,,,,,,,,,,,,,,
15/01/2024 18:00:00,0,239,,,,,,,,,,,,,,,,,,
15/01/2024 17:45:00,0,239,,,,,,,,,,,,,,,,,,
15/01/2024 17:30:00,0,239,,,,,,,,,,,,,,,,,,
15/01/2024 17:15:00,0,239,,,,,,,,,,,,,,,,,,
15/01/2024 17:00:00,0,239,,,,,,,,,,,,,,,,,,
15/01/2024 16:45:00,0,240,,,,,,,,,,,,,,,,,,
15/01/2024 16:30:00,0,240,,,,,,,,,,,,,,,,,,
15/01/2024 16:15:00,0,240,,,,,,,,,,,,,,,,,,
15/01/2024 16:00:00,0,240,,,,,,,,,,,,,,,,,,
15/01/2024 15:45:00,0,240,,,,,,,,,,,,,,,,,,
15/01/2024 15:30:00,0,240,,,,,,,,,,,,,,,,,,
15/01/2024 15:15:00,0,241,,,,,,,,,,,,,,,,,,
15/01/2024 15:00:00,0,241,,,,,,,,,,,,,,,,,,
15/01/2024 14:45:00,0,241,,,,,,,,,,,,,,,,,,
15/01/2024 14:30:00,0,241,,,,,,,,,,,,,,,,,,
15/01/2024 14:15:00,0,241,,,,,,,,,,,,,,,,,,
15/01/2024 14:00:00,0,241,,,,,,,,,,,,,,,,,,
15/01/2024 13:45:00,0,241,,,,,,,,,,,,,,,,,,
15/01/2024 13:30:00,0,240,,,,,,,,,,,,,,,,,,
15/01/2024 13:15:00,0,241,,,,,,,,,,,,,,,,,,
15/01/2024 13:00:00,0,241,,,,,,,,,,,,,,,,,,
15/01/2024 12:45:00,0,242,,,,,,,,,,,,,,,,,,
15/01/2024 12:30:00,0,241,,,,,,,,,,,,,,,,,,
15/01/2024 12:15:00,0,242,,,,,,,,,,,,,,,,,,
15/01/2024 12:00:00,0,241,,,,,,,,,,,,,,,,,,
15/01/2024 11:45:00,0,241,,,,,,,,,,,,,,,,,,
15/01/2024 11:30:00,0,241,,,,,,,,,,,,,,,,,,
15/01/2024 11:15:00,0,241,,,,,,,,,,,,,,,,,,
15/01/2024 11:00:00,0,241,,,,,,,,,,,,,,,,,,
15/01/2024 10:45:00,0,240,,,,,,,,,,,,,,,,,,
15/01/2024 10:30:00,0,240,,,,,,,,,,,,,,,,,,
15/01/2024 10:15:00,0,240,,,,,,,,,,,,,,,,,,
15/01/2024 10:00:00,0,240,,,,,,,,,,,,,,,,,,
15/01/2024 09:45:00,0,239,,,,,,,,,,,,,,,,,,
15/01/2024 09:30:00,0,239,,,,,,,,,,,,,,,,,,
15/01/2024 09:15:00,0,239,,,,,,,,,,,,,,,,,,
15/01/2024 09:00:00,0,239,,,,,,,,,,,,,,,,,,
15/01/2024 08:45:00,0,238,,,,,,,,,,,,,,,,,,
15/01/2024 08:30:00,0.2,238,,,,,,,,,,,,,,,,,,
15/01/2024 08:15:00,0,238,,,,,,,,,,,,,,,,,,
15/01/2024 08:00:00,0,237,,,,,,,,,,,,,,,,,,
15/01/2024 07:45:00,0,237,,,,,,,,,,,,,,,,,,
15/01/2024 07:30:00,0,237,,,,,,,,,,,,,,,,,,
15/01/2024 07:15:00,0,236,,,,,,,,,,,,,,,,,,
15/01/2024 07:00:00,0,236,,,,,,,,,,,,,,,,,,
15/01/2024 06:45:00,0,236,,,,,,,,,,,,,,,,,,
15/01/2024 06:30:00,0,236,,,,,,,,,,,,,,,,,,
15/01/2024 06:15:00,0,236,,,,,,,,,,,,,,,,,,
15/01/2024 06:00:00,0,235,,,,,,,,,,,,,,,,,,
15/01/2024 05:45:00,0,235,,,,,,,,,,,,,,,,,,
15/01/2024 05:30:00,0,235,,,,,,,,,,,,,,,,,,
15/01/2024 05:15:00,0,234,,,,,,,,,,,,,,,,,,
15/01/2024 05:00:00,0,234,,,,,,,,,,,,,,,,,,
15/01/2024 04:45:00,0,234,,,,,,,,,,,,,,,,,,
15/01/2024 04:30:00,0,234,,,,,,,,,,,,,,,,,,
15/01/2024 04:15:00,0,234,,,,,,,,,,,,,,,,,,
15/01/2024 04:00:00,0,234,,,,,,,,,,,,,,,,,,
15/01/2024 03:45:00,0,234,,,,,,,,,,,,,,,,,,
15/01/2024 03:30:00,0,233,,,,,,,,,,,,,,,,,,
15/01/2024 03:15:00,0,233,,,,,,,,,,,,,,,,,,
15/01/2024 03:00:00,0,233,,,,,,,,,,,,,,,,,,
15/01/2024 02:45:00,0,233,,,,,,,,,,,,,,,,,,
15/01/2024 02:30:00,0,233,,,,,,,,,,,,,,,,,,
15/01/2024 02:15:00,0,233,,,,,,,,,,,,,,,,,,
15/01/2024 02:00:00,0,233,,,,,,,,,,,,,,,,,,
15/01/2024 01:45:00,0,232,,,,,,,,,,,,,,,,,,
15/01/2024 01:30:00,0,232,,,,,,,,,,,,,,,,,,
15/01/2024 01:15:00,0,233,,,,,,,,,,,,,,,,,,
15/01/2024 01:00:00,0,232,,,,,,,,,,,,,,,,,,
15/01/2024 00:45:00,0,233,,,,,,,,,,,,,,,,,,
15/01/2024 00:30:00,0,233,,,,,,,,,,,,,,,,,,
15/01/2024 00:15:00,0,233,,,,,,,,,,,,,,,,,,
15/01/2024 00:00:00,0,233,,,,,,,,,,,,,,,,,,
14/01/2024 23:45:00,0,233,,,,,,,,,,,,,,,,,,
14/01/2024 23:30:00,0,233,,,,,,,,,,,,,,,,,,
14/01/2024 23:15:00,0,233,,,,,,,,,,,,,,,,,,
14/01/2024 23:00:00,0,233,,,,,,,,,,,,,,,,,,
14/01/2024 22:45:00,0,233,,,,,,,,,,,,,,,,,,
14/01/2024 22:30:00,0,232,,,,,,,,,,,,,,,,,,
14/01/2024 22:15:00,0,232,,,,,,,,,,,,,,,,,,
14/01/2024 22:00:00,0,232,,,,,,,,,,,,,,,,,,
14/01/2024 21:45:00,0,232,,,,,,,,,,,,,,,,,,
14/01/2024 21:30:00,0,231,,,,,,,,,,,,,,,,,,
14/01/2024 21:15:00,0,230,,,,,,,,,,,,,,,,,,
14/01/2024 21:00:00,0.2,230,,,,,,,,,,,,,,,,,,
14/01/2024 20:45:00,0.2,229,,,,,,,,,,,,,,,,,,
14/01/2024 20:30:00,0,229,,,,,,,,,,,,,,,,,,
14/01/2024 20:15:00,0.4,227,,,,,,,,,,,,,,,,,,
14/01/2024 20:00:00,1,226,,,,,,,,,,,,,,,,,,
14/01/2024 19:45:00,1.6,224,,,,,,,,,,,,,,,,,,
14/01/2024 19:30:00,1.2,223,,,,,,,,,,,,,,,,,,
14/01/2024 19:15:00,2.8,221,,,,,,,,,,,,,,,,,,
14/01/2024 19:00:00,0.6,221,,,,,,,,,,,,,,,,,,
14/01/2024 18:45:00,2,219,,,,,,,,,,,,,,,,,,
14/01/2024 18:30:00,1,217,,,,,,,,,,,,,,,,,,
14/01/2024 18:15:00,1.6,215,,,,,,,,,,,,,,,,,,
14/01/2024 18:00:00,1.4,210,,,,,,,,,,,,,,,,,,
14/01/2024 17:45:00,18.2,,,,,,,,,,,,,,,,,,,
14/01/2024 17:30:00,5.4,196,,,,,,,,,,,,,,,,,,
14/01/2024 17:15:00,0,200,,,,,,,,,,,,,,,,,,
14/01/2024 17:00:00,0,199,,,,,,,,,,,,,,,,,,
14/01/2024 16:45:00,0,199,,,,,,,,,,,,,,,,,,
14/01/2024 16:30:00,1.6,198,,,,,,,,,,,,,,,,,,
14/01/2024 16:15:00,3.8,196,,,,,,,,,,,,,,,,,,
14/01/2024 16:00:00,1.2,195,,,,,,,,,,,,,,,,,,
14/01/2024 15:45:00,0,198,,,,,,,,,,,,,,,,,,
14/01/2024 15:30:00,0,198,,,,,,,,,,,,,,,,,,
14/01/2024 15:15:00,0,198,,,,,,,,,,,,,,,,,,
14/01/2024 15:00:00,0,198,,,,,,,,,,,,,,,,,,
14/01/2024 14:45:00,0,197,,,,,,,,,,,,,,,,,,
14/01/2024 14:30:00,0,197,,,,,,,,,,,,,,,,,,
14/01/2024 14:15:00,0,198,,,,,,,,,,,,,,,,,,
14/01/2024 14:00:00,0,198,,,,,,,,,,,,,,,,,,
14/01/2024 13:45:00,0,198,,,,,,,,,,,,,,,,,,
14/01/2024 13:30:00,0,198,,,,,,,,,,,,,,,,,,
14/01/2024 13:15:00,0,198,,,,,,,,,,,,,,,,,,
14/01/2024 13:00:00,0,198,,,,,,,,,,,,,,,,,,
14/01/2024 12:45:00,0,198,,,,,,,,,,,,,,,,,,
14/01/2024 12:30:00,0,198,,,,,,,,,,,,,,,,,,
14/01/2024 12:15:00,0,198,,,,,,,,,,,,,,,,,,
14/01/2024 12:00:00,0,198,,,,,,,,,,,,,,,,,,
14/01/2024 11:45:00,0,198,,,,,,,,,,,,,,,,,,
14/01/2024 11:30:00,0,198,,,,,,,,,,,,,,,,,,
14/01/2024 11:15:00,0,198,,,,,,,,,,,,,,,,,,
14/01/2024 11:00:00,0,198,,,,,,,,,,,,,,,,,,
14/01/2024 10:45:00,0,198,,,,,,,,,,,,,,,,,,
14/01/2024 10:30:00,0,198,,,,,,,,,,,,,,,,,,
14/01/2024 10:15:00,0,198,,,,,,,,,,,,,,,,,,
14/01/2024 10:00:00,0,198,,,,,,,,,,,,,,,,,,
14/01/2024 09:45:00,0,198,,,,,,,,,,,,,,,,,,
14/01/2024 09:30:00,0,198,,,,,,,,,,,,,,,,,,
14/01/2024 09:15:00,0,198,,,,,,,,,,,,,,,,,,
14/01/2024 09:00:00,0,198,,,,,,,,,,,,,,,,,,
14/01/2024 08:45:00,0,197,,,,,,,,,,,,,,,,,,
14/01/2024 08:30:00,0,198,,,,,,,,,,,,,,,,,,
14/01/2024 08:15:00,0,198,,,,,,,,,,,,,,,,,,
14/01/2024 08:00:00,0,197,,,,,,,,,,,,,,,,,,
14/01/2024 07:45:00,0,197,,,,,,,,,,,,,,,,,,
14/01/2024 07:30:00,0,197,,,,,,,,,,,,,,,,,,
14/01/2024 07:15:00,0,197,,,,,,,,,,,,,,,,,,
14/01/2024 07:00:00,0,197,,,,,,,,,,,,,,,,,,
14/01/2024 06:45:00,0,197,,,,,,,,,,,,,,,,,,
14/01/2024 06:30:00,0,197,,,,,,,,,,,,,,,,,,
14/01/2024 06:15:00,0,197,,,,,,,,,,,,,,,,,,
14/01/2024 06:00:00,0,198,,,,,,,,,,,,,,,,,,
14/01/2024 05:45:00,0,197,,,,,,,,,,,,,,,,,,
14/01/2024 05:30:00,0,197,,,,,,,,,,,,,,,,,,
14/01/2024 05:15:00,0,197,,,,,,,,,,,,,,,,,,
14/01/2024 05:00:00,0,198,,,,,,,,,,,,,,,,,,
14/01/2024 04:45:00,0,198,,,,,,,,,,,,,,,,,,
14/01/2024 04:30:00,0,198,,,,,,,,,,,,,,,,,,
14/01/2024 04:15:00,0,198,,,,,,,,,,,,,,,,,,
14/01/2024 04:00:00,0,198,,,,,,,,,,,,,,,,,,
14/01/2024 03:45:00,0,198,,,,,,,,,,,,,,,,,,
14/01/2024 03:30:00,0,198,,,,,,,,,,,,,,,,,,
14/01/2024 03:15:00,0,198,,,,,,,,,,,,,,,,,,
14/01/2024 03:00:00,0,199,,,,,,,,,,,,,,,,,,
14/01/2024 02:45:00,0,199,,,,,,,,,,,,,,,,,,
14/01/2024 02:30:00,0,199,,,,,,,,,,,,,,,,,,
14/01/2024 02:15:00,0,199,,,,,,,,,,,,,,,,,,
14/01/2024 02:00:00,0,200,,,,,,,,,,,,,,,,,,
14/01/2024 01:45:00,0,200,,,,,,,,,,,,,,,,,,
14/01/2024 01:30:00,0,200,,,,,,,,,,,,,,,,,,
14/01/2024 01:15:00,0,200,,,,,,,,,,,,,,,,,,
14/01/2024 01:00:00,0,200,,,,,,,,,,,,,,,,,,
14/01/2024 00:45:00,0,201,,,,,,,,,,,,,,,,,,
14/01/2024 00:30:00,0,200,,,,,,,,,,,,,,,,,,
14/01/2024 00:15:00,0,201,,,,,,,,,,,,,,,,,,
14/01/2024 00:00:00,0,201,,,,,,,,,,,,,,,,,,
13/01/2024 23:45:00,0,202,,,,,,,,,,,,,,,,,,
13/01/2024 23:30:00,0,202,,,,,,,,,,,,,,,,,,
13/01/2024 23:15:00,0,203,,,,,,,,,,,,,,,,,,
13/01/2024 23:00:00,0,204,,,,,,,,,,,,,,,,,,
13/01/2024 22:45:00,0,204,,,,,,,,,,,,,,,,,,
13/01/2024 22:30:00,0,204,,,,,,,,,,,,,,,,,,
13/01/2024 22:15:00,0,205,,,,,,,,,,,,,,,,,,
13/01/2024 22:00:00,0,205,,,,,,,,,,,,,,,,,,
13/01/2024 21:45:00,0,206,,,,,,,,,,,,,,,,,,
13/01/2024 21:30:00,0,206,,,,,,,,,,,,,,,,,,
13/01/2024 21:15:00,0,207,,,,,,,,,,,,,,,,,,
13/01/2024 21:00:00,0,207,,,,,,,,,,,,,,,,,,
13/01/2024 20:45:00,0,208,,,,,,,,,,,,,,,,,,
13/01/2024 20:30:00,0,208,,,,,,,,,,,,,,,,,,
13/01/2024 20:15:00,0,209,,,,,,,,,,,,,,,,,,
13/01/2024 20:00:00,0,210,,,,,,,,,,,,,,,,,,
13/01/2024 19:45:00,0,210,,,,,,,,,,,,,,,,,,
13/01/2024 19:30:00,0,211,,,,,,,,,,,,,,,,,,
13/01/2024 19:15:00,0,211,,,,,,,,,,,,,,,,,,
13/01/2024 19:00:00,0,211,,,,,,,,,,,,,,,,,,
13/01/2024 18:45:00,0,212,,,,,,,,,,,,,,,,,,
13/01/2024 18:30:00,0,212,,,,,,,,,,,,,,,,,,
13/01/2024 18:15:00,0,212,,,,,,,,,,,,,,,,,,
13/01/2024 18:00:00,0,213,,,,,,,,,,,,,,,,,,
13/01/2024 17:45:00,0,213,,,,,,,,,,,,,,,,,,
13/01/2024 17:30:00,0,214,,,,,,,,,,,,,,,,,,
13/01/2024 17:15:00,0,214,,,,,,,,,,,,,,,,,,
13/01/2024 17:00:00,0,214,,,,,,,,,,,,,,,,,,
13/01/2024 16:45:00,0,214,,,,,,,,,,,,,,,,,,
13/01/2024 16:30:00,0,215,,,,,,,,,,,,,,,,,,
13/01/2024 16:15:00,0,215,,,,,,,,,,,,,,,,,,
13/01/2024 16:00:00,0,215,,,,,,,,,,,,,,,,,,
13/01/2024 15:45:00,0,215,,,,,,,,,,,,,,,,,,
13/01/2024 15:30:00,0,215,,,,,,,,,,,,,,,,,,
13/01/2024 15:15:00,0,215,,,,,,,,,,,,,,,,,,
13/01/2024 15:00:00,0,215,,,,,,,,,,,,,,,,,,
13/01/2024 14:45:00,0,216,,,,,,,,,,,,,,,,,,
13/01/2024 14:30:00,0,215,,,,,,,,,,,,,,,,,,
13/01/2024 14:15:00,0,215,,,,,,,,,,,,,,,,,,
13/01/2024 14:00:00,0,216,,,,,,,,,,,,,,,,,,
13/01/2024 13:45:00,0,216,,,,,,,,,,,,,,,,,,
13/01/2024 13:30:00,0,216,,,,,,,,,,,,,,,,,,
13/01/2024 13:15:00,0,216,,,,,,,,,,,,,,,,,,
13/01/2024 13:00:00,0,216,,,,,,,,,,,,,,,,,,
13/01/2024 12:45:00,0,216,,,,,,,,,,,,,,,,,,
13/01/2024 12:30:00,0,217,,,,,,,,,,,,,,,,,,
13/01/2024 12:15:00,0,217,,,,,,,,,,,,,,,,,,
13/01/2024 12:00:00,0,217,,,,,,,,,,,,,,,,,,
13/01/2024 11:45:00,0,217,,,,,,,,,,,,,,,,,,
13/01/2024 11:30:00,0,217,,,,,,,,,,,,,,,,,,
13/01/2024 11:15:00,0,217,,,,,,,,,,,,,,,,,,
13/01/2024 11:00:00,0,218,,,,,,,,,,,,,,,,,,
13/01/2024 10:45:00,0,218,,,,,,,,,,,,,,,,,,
13/01/2024 10:30:00,0,217,,,,,,,,,,,,,,,,,,
13/01/2024 10:15:00,0,218,,,,,,,,,,,,,,,,,,
13/01/2024 10:00:00,0,217,,,,,,,,,,,,,,,,,,
13/01/2024 09:45:00,0,217,,,,,,,,,,,,,,,,,,
13/01/2024 09:30:00,0,218,,,,,,,,,,,,,,,,,,
13/01/2024 09:15:00,0,218,,,,,,,,,,,,,,,,,,
13/01/2024 09:00:00,0,218,,,,,,,,,,,,,,,,,,
13/01/2024 08:45:00,0,218,,,,,,,,,,,,,,,,,,
13/01/2024 08:30:00,0,218,,,,,,,,,,,,,,,,,,
13/01/2024 08:15:00,0,219,,,,,,,,,,,,,,,,,,
13/01/2024 08:00:00,0,219,,,,,,,,,,,,,,,,,,
13/01/2024 07:45:00,0,220,,,,,,,,,,,,,,,,,,
13/01/2024 07:30:00,0,220,,,,,,,,,,,,,,,,,,
13/01/2024 07:15:00,0,220,,,,,,,,,,,,,,,,,,
13/01/2024 07:00:00,0,220,,,,,,,,,,,,,,,,,,
13/01/2024 06:45:00,0,220,,,,,,,,,,,,,,,,,,
13/01/2024 06:30:00,0,220,,,,,,,,,,,,,,,,,,
13/01/2024 06:15:00,0,220,,,,,,,,,,,,,,,,,,
13/01/2024 06:00:00,0,221,,,,,,,,,,,,,,,,,,
13/01/2024 05:45:00,0,221,,,,,,,,,,,,,,,,,,
13/01/2024 05:30:00,0,221,,,,,,,,,,,,,,,,,,
13/01/2024 05:15:00,0,222,,,,,,,,,,,,,,,,,,
13/01/2024 05:00:00,0,222,,,,,,,,,,,,,,,,,,
13/01/2024 04:45:00,0,222,,,,,,,,,,,,,,,,,,
13/01/2024 04:30:00,0,222,,,,,,,,,,,,,,,,,,
13/01/2024 04:15:00,0,223,,,,,,,,,,,,,,,,,,
13/01/2024 04:00:00,0,223,,,,,,,,,,,,,,,,,,
13/01/2024 03:45:00,0,223,,,,,,,,,,,,,,,,,,
13/01/2024 03:30:00,0,224,,,,,,,,,,,,,,,,,,
13/01/2024 03:15:00,0,224,,,,,,,,,,,,,,,,,,
13/01/2024 03:00:00,0,224,,,,,,,,,,,,,,,,,,
13/01/2024 02:45:00,0,224,,,,,,,,,,,,,,,,,,
13/01/2024 02:30:00,0,225,,,,,,,,,,,,,,,,,,
13/01/2024 02:15:00,0,226,,,,,,,,,,,,,,,,,,
13/01/2024 02:00:00,0,226,,,,,,,,,,,,,,,,,,
13/01/2024 01:45:00,0,226,,,,,,,,,,,,,,,,,,
13/01/2024 01:30:00,0,226,,,,,,,,,,,,,,,,,,
13/01/2024 01:15:00,0,227,,,,,,,,,,,,,,,,,,
13/01/2024 01:00:00,0,227,,,,,,,,,,,,,,,,,,
13/01/2024 00:45:00,0,227,,,,,,,,,,,,,,,,,,
13/01/2024 00:30:00,0,228,,,,,,,,,,,,,,,,,,
13/01/2024 00:15:00,0,228,,,,,,,,,,,,,,,,,,
13/01/2024 00:00:00,0,228,,,,,,,,,,,,,,,,,,
12/1/2024 23:45,0,228,,,,,,,,,,,,,,,,,,
12/1/2024 23:30,0,229,,,,,,,,,,,,,,,,,,
12/1/2024 23:15,0,229,,,,,,,,,,,,,,,,,,
12/1/2024 23:00,0,229,,,,,,,,,,,,,,,,,,
12/1/2024 22:45,0,230,,,,,,,,,,,,,,,,,,
12/1/2024 22:30,0,230,,,,,,,,,,,,,,,,,,
12/1/2024 22:15,0,230,,,,,,,,,,,,,,,,,,
12/1/2024 22:00,0,231,,,,,,,,,,,,,,,,,,
12/1/2024 21:45,0,231,,,,,,,,,,,,,,,,,,
12/1/2024 21:30,0,231,,,,,,,,,,,,,,,,,,
12/1/2024 21:15,0,232,,,,,,,,,,,,,,,,,,
12/1/2024 21:00,0,232,,,,,,,,,,,,,,,,,,
12/1/2024 20:45,0,231,,,,,,,,,,,,,,,,,,
12/1/2024 20:30,0,232,,,,,,,,,,,,,,,,,,
12/1/2024 20:15,0,232,,,,,,,,,,,,,,,,,,
12/1/2024 20:00,0,233,,,,,,,,,,,,,,,,,,
12/1/2024 19:45,0,232,,,,,,,,,,,,,,,,,,
12/1/2024 19:30,0,233,,,,,,,,,,,,,,,,,,
12/1/2024 19:15,0,232,,,,,,,,,,,,,,,,,,
12/1/2024 19:00,0,232,,,,,,,,,,,,,,,,,,
12/1/2024 18:45,0,233,,,,,,,,,,,,,,,,,,
12/1/2024 18:30,0,234,,,,,,,,,,,,,,,,,,
12/1/2024 18:15,0,233,,,,,,,,,,,,,,,,,,
12/1/2024 18:00,0,233,,,,,,,,,,,,,,,,,,
12/1/2024 17:45,0,233,,,,,,,,,,,,,,,,,,
12/1/2024 17:30,0,233,,,,,,,,,,,,,,,,,,
12/1/2024 17:15,0,234,,,,,,,,,,,,,,,,,,
12/1/2024 17:00,0,234,,,,,,,,,,,,,,,,,,
12/1/2024 16:45,0,235,,,,,,,,,,,,,,,,,,
12/1/2024 16:30,0,234,,,,,,,,,,,,,,,,,,
12/1/2024 16:15,0,233,,,,,,,,,,,,,,,,,,
12/1/2024 16:00,0,234,,,,,,,,,,,,,,,,,,
12/1/2024 15:45,0,235,,,,,,,,,,,,,,,,,,
12/1/2024 15:30,0,235,,,,,,,,,,,,,,,,,,
12/1/2024 15:15,0,235,,,,,,,,,,,,,,,,,,
12/1/2024 15:00,0,234,,,,,,,,,,,,,,,,,,
12/1/2024 14:45,0,234,,,,,,,,,,,,,,,,,,
12/1/2024 14:30,0,235,,,,,,,,,,,,,,,,,,
12/1/2024 14:15,0,234,,,,,,,,,,,,,,,,,,
12/1/2024 14:00,0,234,,,,,,,,,,,,,,,,,,
12/1/2024 13:45,0,235,,,,,,,,,,,,,,,,,,
12/1/2024 13:30,0,235,,,,,,,,,,,,,,,,,,
12/1/2024 13:15,0,235,,,,,,,,,,,,,,,,,,
12/1/2024 13:00,0,235,,,,,,,,,,,,,,,,,,
12/1/2024 12:45,0,235,,,,,,,,,,,,,,,,,,
12/1/2024 12:30,0,235,,,,,,,,,,,,,,,,,,
12/1/2024 12:15,0,235,,,,,,,,,,,,,,,,,,
12/1/2024 12:00,0,235,,,,,,,,,,,,,,,,,,
12/1/2024 11:45,0.2,235,,,,,,,,,,,,,,,,,,
12/1/2024 11:30,0,235,,,,,,,,,,,,,,,,,,
12/1/2024 11:15,0,235,,,,,,,,,,,,,,,,,,
12/1/2024 11:00,0,235,,,,,,,,,,,,,,,,,,
12/1/2024 10:45,0,235,,,,,,,,,,,,,,,,,,
12/1/2024 10:30,0,235,,,,,,,,,,,,,,,,,,
12/1/2024 10:15,0,235,,,,,,,,,,,,,,,,,,
12/1/2024 10:00,0,235,,,,,,,,,,,,,,,,,,
12/1/2024 9:45,0,235,,,,,,,,,,,,,,,,,,
12/1/2024 9:30,0,235,,,,,,,,,,,,,,,,,,
12/1/2024 9:15,0,235,,,,,,,,,,,,,,,,,,
12/1/2024 9:00,0,235,,,,,,,,,,,,,,,,,,
12/1/2024 8:45,0,234,,,,,,,,,,,,,,,,,,
12/1/2024 8:30,0,235,,,,,,,,,,,,,,,,,,
12/1/2024 8:15,0,235,,,,,,,,,,,,,,,,,,
12/1/2024 8:00,0,235,,,,,,,,,,,,,,,,,,
12/1/2024 7:45,0,235,,,,,,,,,,,,,,,,,,
12/1/2024 7:30,0,234,,,,,,,,,,,,,,,,,,
12/1/2024 7:15,0,234,,,,,,,,,,,,,,,,,,
12/1/2024 7:00,0,234,,,,,,,,,,,,,,,,,,
12/1/2024 6:45,0,234,,,,,,,,,,,,,,,,,,
12/1/2024 6:30,0,235,,,,,,,,,,,,,,,,,,
12/1/2024 6:15,0,234,,,,,,,,,,,,,,,,,,
12/1/2024 6:00,0,234,,,,,,,,,,,,,,,,,,
12/1/2024 5:45,0,234,,,,,,,,,,,,,,,,,,
12/1/2024 5:30,0,235,,,,,,,,,,,,,,,,,,
12/1/2024 5:15,0,235,,,,,,,,,,,,,,,,,,
12/1/2024 5:00,0,235,,,,,,,,,,,,,,,,,,
12/1/2024 4:45,0,235,,,,,,,,,,,,,,,,,,
12/1/2024 4:30,0,235,,,,,,,,,,,,,,,,,,
12/1/2024 4:15,0,234,,,,,,,,,,,,,,,,,,
12/1/2024 4:00,0,235,,,,,,,,,,,,,,,,,,
12/1/2024 3:45,0,235,,,,,,,,,,,,,,,,,,
12/1/2024 3:30,0,235,,,,,,,,,,,,,,,,,,
12/1/2024 3:15,0,235,,,,,,,,,,,,,,,,,,
12/1/2024 3:00,0,234,,,,,,,,,,,,,,,,,,
12/1/2024 2:45,0,234,,,,,,,,,,,,,,,,,,
12/1/2024 2:30,0,234,,,,,,,,,,,,,,,,,,
12/1/2024 2:15,0,234,,,,,,,,,,,,,,,,,,
12/1/2024 2:00,0,234,,,,,,,,,,,,,,,,,,
12/1/2024 1:45,0,234,,,,,,,,,,,,,,,,,,
12/1/2024 1:30,0,234,,,,,,,,,,,,,,,,,,
12/1/2024 1:15,0,234,,,,,,,,,,,,,,,,,,
12/1/2024 1:00,0,234,,,,,,,,,,,,,,,,,,
12/1/2024 0:45,0,234,,,,,,,,,,,,,,,,,,
12/1/2024 0:30,0,234,,,,,,,,,,,,,,,,,,
12/1/2024 0:15,0,234,,,,,,,,,,,,,,,,,,
12/1/2024 0:00,0,234,,,,,,,,,,,,,,,,,,
11/1/2024 23:45,0,234,,,,,,,,,,,,,,,,,,
11/1/2024 23:30,0,234,,,,,,,,,,,,,,,,,,
11/1/2024 23:15,0,233,,,,,,,,,,,,,,,,,,
11/1/2024 23:00,0,233,,,,,,,,,,,,,,,,,,
11/1/2024 22:45,0,234,,,,,,,,,,,,,,,,,,
11/1/2024 22:30,0,233,,,,,,,,,,,,,,,,,,
11/1/2024 22:15,0,233,,,,,,,,,,,,,,,,,,
11/1/2024 22:00,0,233,,,,,,,,,,,,,,,,,,
11/1/2024 21:45,0,232,,,,,,,,,,,,,,,,,,
11/1/2024 21:30,0,232,,,,,,,,,,,,,,,,,,
11/1/2024 21:15,0,231,,,,,,,,,,,,,,,,,,
11/1/2024 21:00,0,231,,,,,,,,,,,,,,,,,,
11/1/2024 20:45,0,231,,,,,,,,,,,,,,,,,,
11/1/2024 20:30,0,231,,,,,,,,,,,,,,,,,,
11/1/2024 20:15,0,230,,,,,,,,,,,,,,,,,,
11/1/2024 20:00,0,230,,,,,,,,,,,,,,,,,,
11/1/2024 19:45,0,229,,,,,,,,,,,,,,,,,,
11/1/2024 19:30,0,229,,,,,,,,,,,,,,,,,,
11/1/2024 19:15,0,228,,,,,,,,,,,,,,,,,,
11/1/2024 19:00,0,228,,,,,,,,,,,,,,,,,,
11/1/2024 18:45,0,227,,,,,,,,,,,,,,,,,,
11/1/2024 18:30,0,227,,,,,,,,,,,,,,,,,,
11/1/2024 18:15,0,227,,,,,,,,,,,,,,,,,,
11/1/2024 18:00,0,226,,,,,,,,,,,,,,,,,,
11/1/2024 17:45,0,225,,,,,,,,,,,,,,,,,,
11/1/2024 17:30,0,225,,,,,,,,,,,,,,,,,,
11/1/2024 17:15,0,224,,,,,,,,,,,,,,,,,,
11/1/2024 17:00,0,224,,,,,,,,,,,,,,,,,,
11/1/2024 16:45,0,224,,,,,,,,,,,,,,,,,,
11/1/2024 16:30,0,223,,,,,,,,,,,,,,,,,,
11/1/2024 16:15,0,224,,,,,,,,,,,,,,,,,,
11/1/2024 16:00,0,223,,,,,,,,,,,,,,,,,,
11/1/2024 15:45,0,223,,,,,,,,,,,,,,,,,,
11/1/2024 15:30,0,223,,,,,,,,,,,,,,,,,,
11/1/2024 15:15,0,222,,,,,,,,,,,,,,,,,,
11/1/2024 15:00,0,220,,,,,,,,,,,,,,,,,,
11/1/2024 14:45,0,220,,,,,,,,,,,,,,,,,,
11/1/2024 14:30,0,219,,,,,,,,,,,,,,,,,,
11/1/2024 14:15,0,217,,,,,,,,,,,,,,,,,,
11/1/2024 14:00,0,216,,,,,,,,,,,,,,,,,,
11/1/2024 13:45,0,214,,,,,,,,,,,,,,,,,,
11/1/2024 13:30,0,212,,,,,,,,,,,,,,,,,,
11/1/2024 13:15,0,209,,,,,,,,,,,,,,,,,,
11/1/2024 13:00,0,206,,,,,,,,,,,,,,,,,,
11/1/2024 12:45,0,202,,,,,,,,,,,,,,,,,,
11/1/2024 12:30,0,199,,,,,,,,,,,,,,,,,,
11/1/2024 12:15,0.2,196,,,,,,,,,,,,,,,,,,
11/1/2024 12:00,0.6,193,,,,,,,,,,,,,,,,,,
11/1/2024 11:45,4.6,189,,,,,,,,,,,,,,,,,,
11/1/2024 11:30,1,186,,,,,,,,,,,,,,,,,,
11/1/2024 11:15,2.6,183,,,,,,,,,,,,,,,,,,
11/1/2024 11:00,6.4,178,,,,,,,,,,,,,,,,,,
11/1/2024 10:45,6.8,176,,,,,,,,,,,,,,,,,,
11/1/2024 10:30,2.2,176,,,,,,,,,,,,,,,,,,
11/1/2024 10:15,1.2,174,,,,,,,,,,,,,,,,,,
11/1/2024 10:00,0,176,,,,,,,,,,,,,,,,,,
11/1/2024 9:45,0,176,,,,,,,,,,,,,,,,,,
11/1/2024 9:30,0,176,,,,,,,,,,,,,,,,,,
11/1/2024 9:15,0,176,,,,,,,,,,,,,,,,,,
11/1/2024 9:00,0,176,,,,,,,,,,,,,,,,,,
11/1/2024 8:45,0,176,,,,,,,,,,,,,,,,,,
11/1/2024 8:30,0,177,,,,,,,,,,,,,,,,,,
11/1/2024 8:15,0,177,,,,,,,,,,,,,,,,,,
11/1/2024 8:00,0,177,,,,,,,,,,,,,,,,,,
11/1/2024 7:45,0,177,,,,,,,,,,,,,,,,,,
11/1/2024 7:30,0,177,,,,,,,,,,,,,,,,,,
11/1/2024 7:15,0,177,,,,,,,,,,,,,,,,,,
11/1/2024 7:00,0,177,,,,,,,,,,,,,,,,,,
11/1/2024 6:45,0,178,,,,,,,,,,,,,,,,,,
11/1/2024 6:30,0,178,,,,,,,,,,,,,,,,,,
11/1/2024 6:15,0,178,,,,,,,,,,,,,,,,,,
11/1/2024 6:00,0,178,,,,,,,,,,,,,,,,,,
11/1/2024 5:45,0,178,,,,,,,,,,,,,,,,,,
11/1/2024 5:30,0,178,,,,,,,,,,,,,,,,,,
11/1/2024 5:15,0,178,,,,,,,,,,,,,,,,,,
11/1/2024 5:00,0,179,,,,,,,,,,,,,,,,,,
11/1/2024 4:45,0,178,,,,,,,,,,,,,,,,,,
11/1/2024 4:30,0,179,,,,,,,,,,,,,,,,,,
11/1/2024 4:15,0,179,,,,,,,,,,,,,,,,,,
11/1/2024 4:00,0,179,,,,,,,,,,,,,,,,,,
11/1/2024 3:45,0,179,,,,,,,,,,,,,,,,,,
11/1/2024 3:30,0,179,,,,,,,,,,,,,,,,,,
11/1/2024 3:15,0,179,,,,,,,,,,,,,,,,,,
11/1/2024 3:00,0,179,,,,,,,,,,,,,,,,,,
11/1/2024 2:45,0,178,,,,,,,,,,,,,,,,,,
11/1/2024 2:30,0,179,,,,,,,,,,,,,,,,,,
11/1/2024 2:15,0,179,,,,,,,,,,,,,,,,,,
11/1/2024 2:00,0,179,,,,,,,,,,,,,,,,,,
11/1/2024 1:45,0,179,,,,,,,,,,,,,,,,,,
11/1/2024 1:30,0,180,,,,,,,,,,,,,,,,,,
11/1/2024 1:15,0,180,,,,,,,,,,,,,,,,,,
11/1/2024 1:00,0,180,,,,,,,,,,,,,,,,,,
11/1/2024 0:45,0,180,,,,,,,,,,,,,,,,,,
11/1/2024 0:30,0,180,,,,,,,,,,,,,,,,,,
11/1/2024 0:15,0,180,,,,,,,,,,,,,,,,,,
11/1/2024 0:00,0,180,,,,,,,,,,,,,,,,,,
10/1/2024 23:45,0,180,,,,,,,,,,,,,,,,,,
10/1/2024 23:30,0,180,,,,,,,,,,,,,,,,,,
10/1/2024 23:15,0,180,,,,,,,,,,,,,,,,,,
10/1/2024 23:00,0,181,,,,,,,,,,,,,,,,,,
10/1/2024 22:45,0,181,,,,,,,,,,,,,,,,,,
10/1/2024 22:30,0,181,,,,,,,,,,,,,,,,,,
10/1/2024 22:15,0,181,,,,,,,,,,,,,,,,,,
10/1/2024 22:00,0,180,,,,,,,,,,,,,,,,,,
10/1/2024 21:45,0,181,,,,,,,,,,,,,,,,,,
10/1/2024 21:30,0,181,,,,,,,,,,,,,,,,,,
10/1/2024 21:15,0,181,,,,,,,,,,,,,,,,,,
10/1/2024 21:00,0,181,,,,,,,,,,,,,,,,,,
10/1/2024 20:45,0,181,,,,,,,,,,,,,,,,,,
10/1/2024 20:30,0,181,,,,,,,,,,,,,,,,,,
10/1/2024 20:15,0,181,,,,,,,,,,,,,,,,,,
10/1/2024 20:00,0,182,,,,,,,,,,,,,,,,,,
10/1/2024 19:45,0,181,,,,,,,,,,,,,,,,,,
10/1/2024 19:30,0,181,,,,,,,,,,,,,,,,,,
10/1/2024 19:15,0,181,,,,,,,,,,,,,,,,,,
10/1/2024 19:00,0,181,,,,,,,,,,,,,,,,,,
10/1/2024 18:45,0,181,,,,,,,,,,,,,,,,,,
10/1/2024 18:30,0,182,,,,,,,,,,,,,,,,,,
10/1/2024 18:15,0,182,,,,,,,,,,,,,,,,,,
10/1/2024 18:00,0,182,,,,,,,,,,,,,,,,,,
10/1/2024 17:45,0,182,,,,,,,,,,,,,,,,,,
10/1/2024 17:30,0,182,,,,,,,,,,,,,,,,,,
10/1/2024 17:15,0,182,,,,,,,,,,,,,,,,,,
10/1/2024 17:00,0,182,,,,,,,,,,,,,,,,,,
10/1/2024 16:45,0,182,,,,,,,,,,,,,,,,,,
10/1/2024 16:30,0,182,,,,,,,,,,,,,,,,,,
10/1/2024 16:15,0,182,,,,,,,,,,,,,,,,,,
10/1/2024 16:00,0,182,,,,,,,,,,,,,,,,,,
10/1/2024 15:45,0,182,,,,,,,,,,,,,,,,,,
10/1/2024 15:30,0,182,,,,,,,,,,,,,,,,,,
10/1/2024 15:15,0,181,,,,,,,,,,,,,,,,,,
10/1/2024 15:00,0,181,,,,,,,,,,,,,,,,,,
10/1/2024 14:45,0,182,,,,,,,,,,,,,,,,,,
10/1/2024 14:30,0,182,,,,,,,,,,,,,,,,,,
10/1/2024 14:15,0,182,,,,,,,,,,,,,,,,,,
10/1/2024 14:00,0,182,,,,,,,,,,,,,,,,,,
10/1/2024 13:45,0,182,,,,,,,,,,,,,,,,,,
10/1/2024 13:30,0,182,,,,,,,,,,,,,,,,,,
10/1/2024 13:15,0,182,,,,,,,,,,,,,,,,,,
10/1/2024 13:00,0,182,,,,,,,,,,,,,,,,,,
10/1/2024 12:45,0,182,,,,,,,,,,,,,,,,,,
10/1/2024 12:30,0,183,,,,,,,,,,,,,,,,,,
10/1/2024 12:15,0,182,,,,,,,,,,,,,,,,,,
10/1/2024 12:00,0,183,,,,,,,,,,,,,,,,,,
10/1/2024 11:45,0,183,,,,,,,,,,,,,,,,,,
10/1/2024 11:30,0,183,,,,,,,,,,,,,,,,,,
10/1/2024 11:15,0,183,,,,,,,,,,,,,,,,,,
10/1/2024 11:00,0,183,,,,,,,,,,,,,,,,,,
10/1/2024 10:45,0,183,,,,,,,,,,,,,,,,,,
10/1/2024 10:30,0,183,,,,,,,,,,,,,,,,,,
10/1/2024 10:15,0,183,,,,,,,,,,,,,,,,,,
10/1/2024 10:00,0,183,,,,,,,,,,,,,,,,,,
10/1/2024 9:45,0,183,,,,,,,,,,,,,,,,,,
10/1/2024 9:30,0,183,,,,,,,,,,,,,,,,,,
10/1/2024 9:15,0,183,,,,,,,,,,,,,,,,,,
10/1/2024 9:00,0,183,,,,,,,,,,,,,,,,,,
10/1/2024 8:45,0,183,,,,,,,,,,,,,,,,,,
10/1/2024 8:30,0,183,,,,,,,,,,,,,,,,,,
10/1/2024 8:15,0,183,,,,,,,,,,,,,,,,,,
10/1/2024 8:00,0,183,,,,,,,,,,,,,,,,,,
10/1/2024 7:45,0,183,,,,,,,,,,,,,,,,,,
10/1/2024 7:30,0,183,,,,,,,,,,,,,,,,,,
10/1/2024 7:15,0,183,,,,,,,,,,,,,,,,,,
10/1/2024 7:00,0,183,,,,,,,,,,,,,,,,,,
10/1/2024 6:45,0,183,,,,,,,,,,,,,,,,,,
10/1/2024 6:30,0,184,,,,,,,,,,,,,,,,,,
10/1/2024 6:15,0,184,,,,,,,,,,,,,,,,,,
10/1/2024 6:00,0,184,,,,,,,,,,,,,,,,,,
10/1/2024 5:45,0,183,,,,,,,,,,,,,,,,,,
10/1/2024 5:30,0,183,,,,,,,,,,,,,,,,,,
10/1/2024 5:15,0,184,,,,,,,,,,,,,,,,,,
10/1/2024 5:00,0,184,,,,,,,,,,,,,,,,,,
10/1/2024 4:45,0,184,,,,,,,,,,,,,,,,,,
10/1/2024 4:30,0,184,,,,,,,,,,,,,,,,,,
10/1/2024 4:15,0,184,,,,,,,,,,,,,,,,,,
10/1/2024 4:00,0,184,,,,,,,,,,,,,,,,,,
10/1/2024 3:45,0,184,,,,,,,,,,,,,,,,,,
10/1/2024 3:30,0,184,,,,,,,,,,,,,,,,,,
10/1/2024 3:15,0,184,,,,,,,,,,,,,,,,,,
10/1/2024 3:00,0,184,,,,,,,,,,,,,,,,,,
10/1/2024 2:45,0,184,,,,,,,,,,,,,,,,,,
10/1/2024 2:30,0,185,,,,,,,,,,,,,,,,,,
10/1/2024 2:15,0,185,,,,,,,,,,,,,,,,,,
10/1/2024 2:00,0,184,,,,,,,,,,,,,,,,,,
10/1/2024 1:45,0,185,,,,,,,,,,,,,,,,,,
10/1/2024 1:30,0,185,,,,,,,,,,,,,,,,,,
10/1/2024 1:15,0,185,,,,,,,,,,,,,,,,,,
10/1/2024 1:00,0,185,,,,,,,,,,,,,,,,,,
10/1/2024 0:45,0,185,,,,,,,,,,,,,,,,,,
10/1/2024 0:30,0,185,,,,,,,,,,,,,,,,,,
10/1/2024 0:15,0,185,,,,,,,,,,,,,,,,,,
10/1/2024 0:00,0,185,,,,,,,,,,,,,,,,,,
9/1/2024 23:45,0,185,,,,,,,,,,,,,,,,,,
9/1/2024 23:30,0,185,,,,,,,,,,,,,,,,,,
9/1/2024 23:15,0,186,,,,,,,,,,,,,,,,,,
9/1/2024 23:00,0,186,,,,,,,,,,,,,,,,,,
9/1/2024 22:45,0,186,,,,,,,,,,,,,,,,,,
9/1/2024 22:30,0,186,,,,,,,,,,,,,,,,,,
9/1/2024 22:15,0,186,,,,,,,,,,,,,,,,,,
9/1/2024 22:00,0,187,,,,,,,,,,,,,,,,,,
9/1/2024 21:45,0,186,,,,,,,,,,,,,,,,,,
9/1/2024 21:30,0,186,,,,,,,,,,,,,,,,,,
9/1/2024 21:15,0,187,,,,,,,,,,,,,,,,,,
9/1/2024 21:00,0,187,,,,,,,,,,,,,,,,,,
9/1/2024 20:45,0,187,,,,,,,,,,,,,,,,,,
9/1/2024 20:30,0,187,,,,,,,,,,,,,,,,,,
9/1/2024 20:15,0,187,,,,,,,,,,,,,,,,,,
9/1/2024 20:00,0,187,,,,,,,,,,,,,,,,,,
9/1/2024 19:45,0,187,,,,,,,,,,,,,,,,,,
9/1/2024 19:30,0,188,,,,,,,,,,,,,,,,,,
9/1/2024 19:15,0,187,,,,,,,,,,,,,,,,,,
9/1/2024 19:00,0,187,,,,,,,,,,,,,,,,,,
9/1/2024 18:45,0,187,,,,,,,,,,,,,,,,,,
9/1/2024 18:30,1.2,187,,,,,,,,,,,,,,,,,,
9/1/2024 18:15,5.4,187,,,,,,,,,,,,,,,,,,
9/1/2024 18:00,0,188,,,,,,,,,,,,,,,,,,
9/1/2024 17:45,0,188,,,,,,,,,,,,,,,,,,
9/1/2024 17:30,0,188,,,,,,,,,,,,,,,,,,
9/1/2024 17:15,0,188,,,,,,,,,,,,,,,,,,
9/1/2024 17:00,0,188,,,,,,,,,,,,,,,,,,
9/1/2024 16:45,1.2,189,,,,,,,,,,,,,,,,,,
9/1/2024 16:30,0,189,,,,,,,,,,,,,,,,,,
9/1/2024 16:15,0,189,,,,,,,,,,,,,,,,,,
9/1/2024 16:00,0,190,,,,,,,,,,,,,,,,,,
9/1/2024 15:45,0,190,,,,,,,,,,,,,,,,,,
9/1/2024 15:30,0,191,,,,,,,,,,,,,,,,,,
9/1/2024 15:15,0,191,,,,,,,,,,,,,,,,,,
9/1/2024 15:00,0,192,,,,,,,,,,,,,,,,,,
9/1/2024 14:45,0,192,,,,,,,,,,,,,,,,,,
9/1/2024 14:30,0,192,,,,,,,,,,,,,,,,,,
9/1/2024 14:15,0,193,,,,,,,,,,,,,,,,,,
9/1/2024 14:00,0,193,,,,,,,,,,,,,,,,,,
9/1/2024 13:45,0,194,,,,,,,,,,,,,,,,,,
9/1/2024 13:30,0,194,,,,,,,,,,,,,,,,,,
9/1/2024 13:15,0,195,,,,,,,,,,,,,,,,,,
9/1/2024 13:00,0,196,,,,,,,,,,,,,,,,,,
9/1/2024 12:45,0,196,,,,,,,,,,,,,,,,,,
9/1/2024 12:30,0,196,,,,,,,,,,,,,,,,,,
9/1/2024 12:15,0,197,,,,,,,,,,,,,,,,,,
9/1/2024 12:00,0,197,,,,,,,,,,,,,,,,,,
9/1/2024 11:45,0,197,,,,,,,,,,,,,,,,,,
9/1/2024 11:30,0,197,,,,,,,,,,,,,,,,,,
9/1/2024 11:15,0,198,,,,,,,,,,,,,,,,,,
9/1/2024 11:00,0,198,,,,,,,,,,,,,,,,,,
9/1/2024 10:45,0,198,,,,,,,,,,,,,,,,,,
9/1/2024 10:30,0,199,,,,,,,,,,,,,,,,,,
9/1/2024 10:15,0,199,,,,,,,,,,,,,,,,,,
9/1/2024 10:00,0,199,,,,,,,,,,,,,,,,,,
9/1/2024 9:45,0,199,,,,,,,,,,,,,,,,,,
9/1/2024 9:30,0,199,,,,,,,,,,,,,,,,,,
9/1/2024 9:15,0,200,,,,,,,,,,,,,,,,,,
9/1/2024 9:00,0,199,,,,,,,,,,,,,,,,,,
9/1/2024 8:45,0,200,,,,,,,,,,,,,,,,,,
9/1/2024 8:30,0,200,,,,,,,,,,,,,,,,,,
9/1/2024 8:15,0,200,,,,,,,,,,,,,,,,,,
9/1/2024 8:00,0,200,,,,,,,,,,,,,,,,,,
9/1/2024 7:45,0,200,,,,,,,,,,,,,,,,,,
9/1/2024 7:30,0,201,,,,,,,,,,,,,,,,,,
9/1/2024 7:15,0,200,,,,,,,,,,,,,,,,,,
9/1/2024 7:00,0,201,,,,,,,,,,,,,,,,,,
9/1/2024 6:45,0,200,,,,,,,,,,,,,,,,,,
9/1/2024 6:30,0,200,,,,,,,,,,,,,,,,,,
9/1/2024 6:15,0,200,,,,,,,,,,,,,,,,,,
9/1/2024 6:00,0,200,,,,,,,,,,,,,,,,,,
9/1/2024 5:45,0,200,,,,,,,,,,,,,,,,,,
9/1/2024 5:30,0,200,,,,,,,,,,,,,,,,,,
9/1/2024 5:15,0,200,,,,,,,,,,,,,,,,,,
9/1/2024 5:00,0,201,,,,,,,,,,,,,,,,,,
9/1/2024 4:45,0,200,,,,,,,,,,,,,,,,,,
9/1/2024 4:30,0,200,,,,,,,,,,,,,,,,,,
9/1/2024 4:15,0,200,,,,,,,,,,,,,,,,,,
9/1/2024 4:00,0,200,,,,,,,,,,,,,,,,,,
9/1/2024 3:45,0,200,,,,,,,,,,,,,,,,,,
9/1/2024 3:30,0,201,,,,,,,,,,,,,,,,,,
9/1/2024 3:15,0,200,,,,,,,,,,,,,,,,,,
9/1/2024 3:00,0,201,,,,,,,,,,,,,,,,,,
9/1/2024 2:45,0,201,,,,,,,,,,,,,,,,,,
9/1/2024 2:30,0,201,,,,,,,,,,,,,,,,,,
9/1/2024 2:15,0,201,,,,,,,,,,,,,,,,,,
9/1/2024 2:00,0,201,,,,,,,,,,,,,,,,,,
9/1/2024 1:45,0,202,,,,,,,,,,,,,,,,,,
9/1/2024 1:30,0,202,,,,,,,,,,,,,,,,,,
9/1/2024 1:15,0,202,,,,,,,,,,,,,,,,,,
9/1/2024 1:00,0,202,,,,,,,,,,,,,,,,,,
9/1/2024 0:45,0,202,,,,,,,,,,,,,,,,,,
9/1/2024 0:30,0,203,,,,,,,,,,,,,,,,,,
9/1/2024 0:15,0,203,,,,,,,,,,,,,,,,,,
9/1/2024 0:00,0,203,,,,,,,,,,,,,,,,,,
8/1/2024 23:45,0,203,,,,,,,,,,,,,,,,,,
8/1/2024 23:30,0,203,,,,,,,,,,,,,,,,,,
8/1/2024 23:15,0,203,,,,,,,,,,,,,,,,,,
8/1/2024 23:00,0,204,,,,,,,,,,,,,,,,,,
8/1/2024 22:45,0,205,,,,,,,,,,,,,,,,,,
8/1/2024 22:30,0,205,,,,,,,,,,,,,,,,,,
8/1/2024 22:15,0,205,,,,,,,,,,,,,,,,,,
8/1/2024 22:00,0,205,,,,,,,,,,,,,,,,,,
8/1/2024 21:45,0,206,,,,,,,,,,,,,,,,,,
8/1/2024 21:30,0,206,,,,,,,,,,,,,,,,,,
8/1/2024 21:15,0,207,,,,,,,,,,,,,,,,,,
8/1/2024 21:00,0,207,,,,,,,,,,,,,,,,,,
8/1/2024 20:45,0,207,,,,,,,,,,,,,,,,,,
8/1/2024 20:30,0,207,,,,,,,,,,,,,,,,,,
8/1/2024 20:15,0,209,,,,,,,,,,,,,,,,,,
8/1/2024 20:00,0,209,,,,,,,,,,,,,,,,,,
8/1/2024 19:45,0,209,,,,,,,,,,,,,,,,,,
8/1/2024 19:30,0,209,,,,,,,,,,,,,,,,,,
8/1/2024 19:15,0,210,,,,,,,,,,,,,,,,,,
8/1/2024 19:00,0,210,,,,,,,,,,,,,,,,,,
8/1/2024 18:45,0,211,,,,,,,,,,,,,,,,,,
8/1/2024 18:30,0,211,,,,,,,,,,,,,,,,,,
8/1/2024 18:15,0,211,,,,,,,,,,,,,,,,,,
8/1/2024 18:00,0,211,,,,,,,,,,,,,,,,,,
8/1/2024 17:45,0,212,,,,,,,,,,,,,,,,,,
8/1/2024 17:30,0,212,,,,,,,,,,,,,,,,,,
8/1/2024 17:15,0,212,,,,,,,,,,,,,,,,,,
8/1/2024 17:00,0,212,,,,,,,,,,,,,,,,,,
8/1/2024 16:45,0,213,,,,,,,,,,,,,,,,,,
8/1/2024 16:30,0,213,,,,,,,,,,,,,,,,,,
8/1/2024 16:15,0,213,,,,,,,,,,,,,,,,,,
8/1/2024 16:00,0,213,,,,,,,,,,,,,,,,,,
8/1/2024 15:45,0,213,,,,,,,,,,,,,,,,,,
8/1/2024 15:30,0,213,,,,,,,,,,,,,,,,,,
8/1/2024 15:15,0,213,,,,,,,,,,,,,,,,,,
8/1/2024 15:00,0,213,,,,,,,,,,,,,,,,,,
8/1/2024 14:45,0,213,,,,,,,,,,,,,,,,,,
8/1/2024 14:30,0,213,,,,,,,,,,,,,,,,,,
8/1/2024 14:15,0,214,,,,,,,,,,,,,,,,,,
8/1/2024 14:00,0,213,,,,,,,,,,,,,,,,,,
8/1/2024 13:45,0,214,,,,,,,,,,,,,,,,,,
8/1/2024 13:30,0,213,,,,,,,,,,,,,,,,,,
8/1/2024 13:15,0,213,,,,,,,,,,,,,,,,,,
8/1/2024 13:00,0,213,,,,,,,,,,,,,,,,,,
8/1/2024 12:45,0,213,,,,,,,,,,,,,,,,,,
8/1/2024 12:30,0,213,,,,,,,,,,,,,,,,,,
8/1/2024 12:15,0,213,,,,,,,,,,,,,,,,,,
8/1/2024 12:00,0,212,,,,,,,,,,,,,,,,,,
8/1/2024 11:45,0,212,,,,,,,,,,,,,,,,,,
8/1/2024 11:30,0,212,,,,,,,,,,,,,,,,,,
8/1/2024 11:15,0,211,,,,,,,,,,,,,,,,,,
8/1/2024 11:00,0,211,,,,,,,,,,,,,,,,,,
8/1/2024 10:45,0,211,,,,,,,,,,,,,,,,,,
8/1/2024 10:30,0,211,,,,,,,,,,,,,,,,,,
8/1/2024 10:15,0,210,,,,,,,,,,,,,,,,,,
8/1/2024 10:00,0,210,,,,,,,,,,,,,,,,,,
8/1/2024 9:45,0,210,,,,,,,,,,,,,,,,,,
8/1/2024 9:30,0,210,,,,,,,,,,,,,,,,,,
8/1/2024 9:15,0,210,,,,,,,,,,,,,,,,,,
8/1/2024 9:00,0,210,,,,,,,,,,,,,,,,,,
8/1/2024 8:45,0,210,,,,,,,,,,,,,,,,,,
8/1/2024 8:30,0,209,,,,,,,,,,,,,,,,,,
8/1/2024 8:15,0,209,,,,,,,,,,,,,,,,,,
8/1/2024 8:00,0,209,,,,,,,,,,,,,,,,,,
8/1/2024 7:45,0,209,,,,,,,,,,,,,,,,,,
8/1/2024 7:30,0,208,,,,,,,,,,,,,,,,,,
8/1/2024 7:15,0,208,,,,,,,,,,,,,,,,,,
8/1/2024 7:00,0,208,,,,,,,,,,,,,,,,,,
8/1/2024 6:45,0,207,,,,,,,,,,,,,,,,,,
8/1/2024 6:30,0,208,,,,,,,,,,,,,,,,,,
8/1/2024 6:15,0,207,,,,,,,,,,,,,,,,,,
8/1/2024 6:00,0,207,,,,,,,,,,,,,,,,,,
8/1/2024 5:45,0,207,,,,,,,,,,,,,,,,,,
8/1/2024 5:30,0,208,,,,,,,,,,,,,,,,,,
8/1/2024 5:15,0,208,,,,,,,,,,,,,,,,,,
8/1/2024 5:00,0,207,,,,,,,,,,,,,,,,,,
8/1/2024 4:45,0,207,,,,,,,,,,,,,,,,,,
8/1/2024 4:30,0,207,,,,,,,,,,,,,,,,,,
8/1/2024 4:15,0,207,,,,,,,,,,,,,,,,,,
8/1/2024 4:00,0,207,,,,,,,,,,,,,,,,,,
8/1/2024 3:45,0,207,,,,,,,,,,,,,,,,,,
8/1/2024 3:30,0,207,,,,,,,,,,,,,,,,,,
8/1/2024 3:15,0,207,,,,,,,,,,,,,,,,,,
8/1/2024 3:00,0,207,,,,,,,,,,,,,,,,,,
8/1/2024 2:45,0,207,,,,,,,,,,,,,,,,,,
8/1/2024 2:30,0,207,,,,,,,,,,,,,,,,,,
8/1/2024 2:15,0,207,,,,,,,,,,,,,,,,,,
8/1/2024 2:00,0,208,,,,,,,,,,,,,,,,,,
8/1/2024 1:45,0,208,,,,,,,,,,,,,,,,,,
8/1/2024 1:30,0,207,,,,,,,,,,,,,,,,,,
8/1/2024 1:15,0,208,,,,,,,,,,,,,,,,,,
8/1/2024 1:00,0,208,,,,,,,,,,,,,,,,,,
8/1/2024 0:45,0,208,,,,,,,,,,,,,,,,,,
8/1/2024 0:30,0,208,,,,,,,,,,,,,,,,,,
8/1/2024 0:15,0,208,,,,,,,,,,,,,,,,,,
8/1/2024 0:00,0,209,,,,,,,,,,,,,,,,,,
7/1/2024 23:45,0,209,,,,,,,,,,,,,,,,,,
7/1/2024 23:30,0,209,,,,,,,,,,,,,,,,,,
7/1/2024 23:15,0,210,,,,,,,,,,,,,,,,,,
7/1/2024 23:00,0,210,,,,,,,,,,,,,,,,,,
7/1/2024 22:45,0,210,,,,,,,,,,,,,,,,,,
7/1/2024 22:30,0,210,,,,,,,,,,,,,,,,,,
7/1/2024 22:15,0,210,,,,,,,,,,,,,,,,,,
7/1/2024 22:00,0,211,,,,,,,,,,,,,,,,,,
7/1/2024 21:45,0,211,,,,,,,,,,,,,,,,,,
7/1/2024 21:30,0,211,,,,,,,,,,,,,,,,,,
7/1/2024 21:15,0,212,,,,,,,,,,,,,,,,,,
7/1/2024 21:00,0,213,,,,,,,,,,,,,,,,,,
7/1/2024 20:45,0,213,,,,,,,,,,,,,,,,,,
7/1/2024 20:30,0,213,,,,,,,,,,,,,,,,,,
7/1/2024 20:15,0,214,,,,,,,,,,,,,,,,,,
7/1/2024 20:00,0,214,,,,,,,,,,,,,,,,,,
7/1/2024 19:45,0,214,,,,,,,,,,,,,,,,,,
7/1/2024 19:30,0,215,,,,,,,,,,,,,,,,,,
7/1/2024 19:15,0,215,,,,,,,,,,,,,,,,,,
7/1/2024 19:00,0,216,,,,,,,,,,,,,,,,,,
7/1/2024 18:45,0,216,,,,,,,,,,,,,,,,,,
7/1/2024 18:30,0,216,,,,,,,,,,,,,,,,,,
7/1/2024 18:15,0,217,,,,,,,,,,,,,,,,,,
7/1/2024 18:00,0,217,,,,,,,,,,,,,,,,,,
7/1/2024 17:45,0,217,,,,,,,,,,,,,,,,,,
7/1/2024 17:30,0,218,,,,,,,,,,,,,,,,,,
7/1/2024 17:15,0,219,,,,,,,,,,,,,,,,,,
7/1/2024 17:00,0,218,,,,,,,,,,,,,,,,,,
7/1/2024 16:45,0,218,,,,,,,,,,,,,,,,,,
7/1/2024 16:30,0,218,,,,,,,,,,,,,,,,,,
7/1/2024 16:15,0,219,,,,,,,,,,,,,,,,,,
7/1/2024 16:00,0,219,,,,,,,,,,,,,,,,,,
7/1/2024 15:45,0,220,,,,,,,,,,,,,,,,,,
7/1/2024 15:30,0,220,,,,,,,,,,,,,,,,,,
7/1/2024 15:15,0,219,,,,,,,,,,,,,,,,,,
7/1/2024 15:00,0,220,,,,,,,,,,,,,,,,,,
7/1/2024 14:45,0,220,,,,,,,,,,,,,,,,,,
7/1/2024 14:30,0.2,220,,,,,,,,,,,,,,,,,,
7/1/2024 14:15,4.6,220,,,,,,,,,,,,,,,,,,
7/1/2024 14:00,0,220,,,,,,,,,,,,,,,,,,
7/1/2024 13:45,0,220,,,,,,,,,,,,,,,,,,
7/1/2024 13:30,0,220,,,,,,,,,,,,,,,,,,
7/1/2024 13:15,0,220,,,,,,,,,,,,,,,,,,
7/1/2024 13:00,0,220,,,,,,,,,,,,,,,,,,
7/1/2024 12:45,0,220,,,,,,,,,,,,,,,,,,
7/1/2024 12:30,0,220,,,,,,,,,,,,,,,,,,
7/1/2024 12:15,0,221,,,,,,,,,,,,,,,,,,
7/1/2024 12:00,0,220,,,,,,,,,,,,,,,,,,
7/1/2024 11:45,0,220,,,,,,,,,,,,,,,,,,
7/1/2024 11:30,0,220,,,,,,,,,,,,,,,,,,
7/1/2024 11:15,0,221,,,,,,,,,,,,,,,,,,
7/1/2024 11:00,0,221,,,,,,,,,,,,,,,,,,
7/1/2024 10:45,0,220,,,,,,,,,,,,,,,,,,
7/1/2024 10:30,0,221,,,,,,,,,,,,,,,,,,
7/1/2024 10:15,0,220,,,,,,,,,,,,,,,,,,
7/1/2024 10:00,0,221,,,,,,,,,,,,,,,,,,
7/1/2024 9:45,0,220,,,,,,,,,,,,,,,,,,
7/1/2024 9:30,0,221,,,,,,,,,,,,,,,,,,
7/1/2024 9:15,0,221,,,,,,,,,,,,,,,,,,
7/1/2024 9:00,0,221,,,,,,,,,,,,,,,,,,
7/1/2024 8:45,0,220,,,,,,,,,,,,,,,,,,
7/1/2024 8:30,0,220,,,,,,,,,,,,,,,,,,
7/1/2024 8:15,0,220,,,,,,,,,,,,,,,,,,
7/1/2024 8:00,0,220,,,,,,,,,,,,,,,,,,
7/1/2024 7:45,0,221,,,,,,,,,,,,,,,,,,
7/1/2024 7:30,0,221,,,,,,,,,,,,,,,,,,
7/1/2024 7:15,0,220,,,,,,,,,,,,,,,,,,
7/1/2024 7:00,0,220,,,,,,,,,,,,,,,,,,
7/1/2024 6:45,0,220,,,,,,,,,,,,,,,,,,
7/1/2024 6:30,0,220,,,,,,,,,,,,,,,,,,
7/1/2024 6:15,0,220,,,,,,,,,,,,,,,,,,
7/1/2024 6:00,0,220,,,,,,,,,,,,,,,,,,
7/1/2024 5:45,0,220,,,,,,,,,,,,,,,,,,
7/1/2024 5:30,0,220,,,,,,,,,,,,,,,,,,
7/1/2024 5:15,0,220,,,,,,,,,,,,,,,,,,
7/1/2024 5:00,0,220,,,,,,,,,,,,,,,,,,
7/1/2024 4:45,0,220,,,,,,,,,,,,,,,,,,
7/1/2024 4:30,0,220,,,,,,,,,,,,,,,,,,
7/1/2024 4:15,0,220,,,,,,,,,,,,,,,,,,
7/1/2024 4:00,0,220,,,,,,,,,,,,,,,,,,
7/1/2024 3:45,0,220,,,,,,,,,,,,,,,,,,
7/1/2024 3:30,0,220,,,,,,,,,,,,,,,,,,
7/1/2024 3:15,0,220,,,,,,,,,,,,,,,,,,
7/1/2024 3:00,0,220,,,,,,,,,,,,,,,,,,
7/1/2024 2:45,0,220,,,,,,,,,,,,,,,,,,
7/1/2024 2:30,0,220,,,,,,,,,,,,,,,,,,
7/1/2024 2:15,0,220,,,,,,,,,,,,,,,,,,
7/1/2024 2:00,0,220,,,,,,,,,,,,,,,,,,
7/1/2024 1:45,0,220,,,,,,,,,,,,,,,,,,
7/1/2024 1:30,0,221,,,,,,,,,,,,,,,,,,
7/1/2024 1:15,0,221,,,,,,,,,,,,,,,,,,
7/1/2024 1:00,0,221,,,,,,,,,,,,,,,,,,
7/1/2024 0:45,0,221,,,,,,,,,,,,,,,,,,
7/1/2024 0:30,0,221,,,,,,,,,,,,,,,,,,
7/1/2024 0:15,0,221,,,,,,,,,,,,,,,,,,
7/1/2024 0:00,0,221,,,,,,,,,,,,,,,,,,
6/1/2024 23:45,0,222,,,,,,,,,,,,,,,,,,
6/1/2024 23:30,0,222,,,,,,,,,,,,,,,,,,
6/1/2024 23:15,0,222,,,,,,,,,,,,,,,,,,
6/1/2024 23:00,0,223,,,,,,,,,,,,,,,,,,
6/1/2024 22:45,0,223,,,,,,,,,,,,,,,,,,
6/1/2024 22:30,0,223,,,,,,,,,,,,,,,,,,
6/1/2024 22:15,0,223,,,,,,,,,,,,,,,,,,
6/1/2024 22:00,0,224,,,,,,,,,,,,,,,,,,
6/1/2024 21:45,0,224,,,,,,,,,,,,,,,,,,
6/1/2024 21:30,0,225,,,,,,,,,,,,,,,,,,
6/1/2024 21:15,0,225,,,,,,,,,,,,,,,,,,
6/1/2024 21:00,0,225,,,,,,,,,,,,,,,,,,
6/1/2024 20:45,0,226,,,,,,,,,,,,,,,,,,
6/1/2024 20:30,0,226,,,,,,,,,,,,,,,,,,
6/1/2024 20:15,0,226,,,,,,,,,,,,,,,,,,
6/1/2024 20:00,0,227,,,,,,,,,,,,,,,,,,
6/1/2024 19:45,0,227,,,,,,,,,,,,,,,,,,
6/1/2024 19:30,0,228,,,,,,,,,,,,,,,,,,
6/1/2024 19:15,0,228,,,,,,,,,,,,,,,,,,
6/1/2024 19:00,0,228,,,,,,,,,,,,,,,,,,
6/1/2024 18:45,0,228,,,,,,,,,,,,,,,,,,
6/1/2024 18:30,0,229,,,,,,,,,,,,,,,,,,
6/1/2024 18:15,0,229,,,,,,,,,,,,,,,,,,
6/1/2024 18:00,0,229,,,,,,,,,,,,,,,,,,
6/1/2024 17:45,0,230,,,,,,,,,,,,,,,,,,
6/1/2024 17:30,0,230,,,,,,,,,,,,,,,,,,
6/1/2024 17:15,0,231,,,,,,,,,,,,,,,,,,
6/1/2024 17:00,0,231,,,,,,,,,,,,,,,,,,
6/1/2024 16:45,0,231,,,,,,,,,,,,,,,,,,
6/1/2024 16:30,0,231,,,,,,,,,,,,,,,,,,
6/1/2024 16:15,0,231,,,,,,,,,,,,,,,,,,
6/1/2024 16:00,0,232,,,,,,,,,,,,,,,,,,
6/1/2024 15:45,0,232,,,,,,,,,,,,,,,,,,
6/1/2024 15:30,0,233,,,,,,,,,,,,,,,,,,
6/1/2024 15:15,0,233,,,,,,,,,,,,,,,,,,
6/1/2024 15:00,0,232,,,,,,,,,,,,,,,,,,
6/1/2024 14:45,0,233,,,,,,,,,,,,,,,,,,
6/1/2024 14:30,0,233,,,,,,,,,,,,,,,,,,
6/1/2024 14:15,0,233,,,,,,,,,,,,,,,,,,
6/1/2024 14:00,0,233,,,,,,,,,,,,,,,,,,
6/1/2024 13:45,0,234,,,,,,,,,,,,,,,,,,
6/1/2024 13:30,0,233,,,,,,,,,,,,,,,,,,
6/1/2024 13:15,0,234,,,,,,,,,,,,,,,,,,
6/1/2024 13:00,0,234,,,,,,,,,,,,,,,,,,
6/1/2024 12:45,0,235,,,,,,,,,,,,,,,,,,
6/1/2024 12:30,0,234,,,,,,,,,,,,,,,,,,
6/1/2024 12:15,0,235,,,,,,,,,,,,,,,,,,
6/1/2024 12:00,0,235,,,,,,,,,,,,,,,,,,
6/1/2024 11:45,0,235,,,,,,,,,,,,,,,,,,
6/1/2024 11:30,0,235,,,,,,,,,,,,,,,,,,
6/1/2024 11:15,0,235,,,,,,,,,,,,,,,,,,
6/1/2024 11:00,0,235,,,,,,,,,,,,,,,,,,
6/1/2024 10:45,0,235,,,,,,,,,,,,,,,,,,
6/1/2024 10:30,0,235,,,,,,,,,,,,,,,,,,
6/1/2024 10:15,0,236,,,,,,,,,,,,,,,,,,
6/1/2024 10:00,0,235,,,,,,,,,,,,,,,,,,
6/1/2024 9:45,0,235,,,,,,,,,,,,,,,,,,
6/1/2024 9:30,0,235,,,,,,,,,,,,,,,,,,
6/1/2024 9:15,0,235,,,,,,,,,,,,,,,,,,
6/1/2024 9:00,0,235,,,,,,,,,,,,,,,,,,
6/1/2024 8:45,0,235,,,,,,,,,,,,,,,,,,
6/1/2024 8:30,0,235,,,,,,,,,,,,,,,,,,
6/1/2024 8:15,0,235,,,,,,,,,,,,,,,,,,
6/1/2024 8:00,0,235,,,,,,,,,,,,,,,,,,
6/1/2024 7:45,0,235,,,,,,,,,,,,,,,,,,
6/1/2024 7:30,0,235,,,,,,,,,,,,,,,,,,
6/1/2024 7:15,0,235,,,,,,,,,,,,,,,,,,
6/1/2024 7:00,0,235,,,,,,,,,,,,,,,,,,
6/1/2024 6:45,0,235,,,,,,,,,,,,,,,,,,
6/1/2024 6:30,0,235,,,,,,,,,,,,,,,,,,
6/1/2024 6:15,0,235,,,,,,,,,,,,,,,,,,
6/1/2024 6:00,0,235,,,,,,,,,,,,,,,,,,
6/1/2024 5:45,0,235,,,,,,,,,,,,,,,,,,
6/1/2024 5:30,0,235,,,,,,,,,,,,,,,,,,
6/1/2024 5:15,0,235,,,,,,,,,,,,,,,,,,
6/1/2024 5:00,0,234,,,,,,,,,,,,,,,,,,
6/1/2024 4:45,0,235,,,,,,,,,,,,,,,,,,
6/1/2024 4:30,0,235,,,,,,,,,,,,,,,,,,
6/1/2024 4:15,0,235,,,,,,,,,,,,,,,,,,
6/1/2024 4:00,0,235,,,,,,,,,,,,,,,,,,
6/1/2024 3:45,0,235,,,,,,,,,,,,,,,,,,
6/1/2024 3:30,0,235,,,,,,,,,,,,,,,,,,
6/1/2024 3:15,0,235,,,,,,,,,,,,,,,,,,
6/1/2024 3:00,0,235,,,,,,,,,,,,,,,,,,
6/1/2024 2:45,0,235,,,,,,,,,,,,,,,,,,
6/1/2024 2:30,0,235,,,,,,,,,,,,,,,,,,
6/1/2024 2:15,0,235,,,,,,,,,,,,,,,,,,
6/1/2024 2:00,0,235,,,,,,,,,,,,,,,,,,
6/1/2024 1:45,0,236,,,,,,,,,,,,,,,,,,
6/1/2024 1:30,0,236,,,,,,,,,,,,,,,,,,
6/1/2024 1:15,0,236,,,,,,,,,,,,,,,,,,
6/1/2024 1:00,0,236,,,,,,,,,,,,,,,,,,
6/1/2024 0:45,0,236,,,,,,,,,,,,,,,,,,
6/1/2024 0:30,0,236,,,,,,,,,,,,,,,,,,
6/1/2024 0:15,0,236,,,,,,,,,,,,,,,,,,
6/1/2024 0:00,0,236,,,,,,,,,,,,,,,,,,
5/1/2024 23:45,0,237,,,,,,,,,,,,,,,,,,
5/1/2024 23:30,0,237,,,,,,,,,,,,,,,,,,
5/1/2024 23:15,0,237,,,,,,,,,,,,,,,,,,
5/1/2024 23:00,0,238,,,,,,,,,,,,,,,,,,
5/1/2024 22:45,0,237,,,,,,,,,,,,,,,,,,
5/1/2024 22:30,0,238,,,,,,,,,,,,,,,,,,
5/1/2024 22:15,0,238,,,,,,,,,,,,,,,,,,
5/1/2024 22:00,0,239,,,,,,,,,,,,,,,,,,
5/1/2024 21:45,0,239,,,,,,,,,,,,,,,,,,
5/1/2024 21:30,0,240,,,,,,,,,,,,,,,,,,
5/1/2024 21:15,0,240,,,,,,,,,,,,,,,,,,
5/1/2024 21:00,0,240,,,,,,,,,,,,,,,,,,
5/1/2024 20:45,0,241,,,,,,,,,,,,,,,,,,
5/1/2024 20:30,0,242,,,,,,,,,,,,,,,,,,
5/1/2024 20:15,0,242,,,,,,,,,,,,,,,,,,
5/1/2024 20:00,0,243,,,,,,,,,,,,,,,,,,
5/1/2024 19:45,0,243,,,,,,,,,,,,,,,,,,
5/1/2024 19:30,0,243,,,,,,,,,,,,,,,,,,
5/1/2024 19:15,0,243,,,,,,,,,,,,,,,,,,
5/1/2024 19:00,0,243,,,,,,,,,,,,,,,,,,
5/1/2024 18:45,0,244,,,,,,,,,,,,,,,,,,
5/1/2024 18:30,0,243,,,,,,,,,,,,,,,,,,
5/1/2024 18:15,0,245,,,,,,,,,,,,,,,,,,
5/1/2024 18:00,0,245,,,,,,,,,,,,,,,,,,
5/1/2024 17:45,0,245,,,,,,,,,,,,,,,,,,
5/1/2024 17:30,0,245,,,,,,,,,,,,,,,,,,
5/1/2024 17:15,0,246,,,,,,,,,,,,,,,,,,
5/1/2024 17:00,0,246,,,,,,,,,,,,,,,,,,
5/1/2024 16:45,0,247,,,,,,,,,,,,,,,,,,
5/1/2024 16:30,0,248,,,,,,,,,,,,,,,,,,
5/1/2024 16:15,0,248,,,,,,,,,,,,,,,,,,
5/1/2024 16:00,0,248,,,,,,,,,,,,,,,,,,
5/1/2024 15:45,0,248,,,,,,,,,,,,,,,,,,
5/1/2024 15:30,0,248,,,,,,,,,,,,,,,,,,
5/1/2024 15:15,0,249,,,,,,,,,,,,,,,,,,
5/1/2024 15:00,0,248,,,,,,,,,,,,,,,,,,
5/1/2024 14:45,0,249,,,,,,,,,,,,,,,,,,
5/1/2024 14:30,0,250,,,,,,,,,,,,,,,,,,
5/1/2024 14:15,0,250,,,,,,,,,,,,,,,,,,
5/1/2024 14:00,0,250,,,,,,,,,,,,,,,,,,
5/1/2024 13:45,0,250,,,,,,,,,,,,,,,,,,
5/1/2024 13:30,0,251,,,,,,,,,,,,,,,,,,
5/1/2024 13:15,0,251,,,,,,,,,,,,,,,,,,
5/1/2024 13:00,0,250,,,,,,,,,,,,,,,,,,
5/1/2024 12:45,0,251,,,,,,,,,,,,,,,,,,
5/1/2024 12:30,0,251,,,,,,,,,,,,,,,,,,
5/1/2024 12:15,0,251,,,,,,,,,,,,,,,,,,
5/1/2024 12:00,0,251,,,,,,,,,,,,,,,,,,
5/1/2024 11:45,0,251,,,,,,,,,,,,,,,,,,
5/1/2024 11:30,0,251,,,,,,,,,,,,,,,,,,
5/1/2024 11:15,0,251,,,,,,,,,,,,,,,,,,
5/1/2024 11:00,0,251,,,,,,,,,,,,,,,,,,
5/1/2024 10:45,0,251,,,,,,,,,,,,,,,,,,
5/1/2024 10:30,0,251,,,,,,,,,,,,,,,,,,
5/1/2024 10:15,0,252,,,,,,,,,,,,,,,,,,
5/1/2024 10:00,0,252,,,,,,,,,,,,,,,,,,
5/1/2024 9:45,0,251,,,,,,,,,,,,,,,,,,
5/1/2024 9:30,0,252,,,,,,,,,,,,,,,,,,
5/1/2024 9:15,0,252,,,,,,,,,,,,,,,,,,
5/1/2024 9:00,0,251,,,,,,,,,,,,,,,,,,
5/1/2024 8:45,0,253,,,,,,,,,,,,,,,,,,
5/1/2024 8:30,0,252,,,,,,,,,,,,,,,,,,
5/1/2024 8:15,0,252,,,,,,,,,,,,,,,,,,
5/1/2024 8:00,0,253,,,,,,,,,,,,,,,,,,
5/1/2024 7:45,0,252,,,,,,,,,,,,,,,,,,
5/1/2024 7:30,0,253,,,,,,,,,,,,,,,,,,
5/1/2024 7:15,0,253,,,,,,,,,,,,,,,,,,
5/1/2024 7:00,0,252,,,,,,,,,,,,,,,,,,
5/1/2024 6:45,0,253,,,,,,,,,,,,,,,,,,
5/1/2024 6:30,0,253,,,,,,,,,,,,,,,,,,
5/1/2024 6:15,0,253,,,,,,,,,,,,,,,,,,
5/1/2024 6:00,0,253,,,,,,,,,,,,,,,,,,
5/1/2024 5:45,0,253,,,,,,,,,,,,,,,,,,
5/1/2024 5:30,0,252,,,,,,,,,,,,,,,,,,
5/1/2024 5:15,0,253,,,,,,,,,,,,,,,,,,
5/1/2024 5:00,0,253,,,,,,,,,,,,,,,,,,
5/1/2024 4:45,0,253,,,,,,,,,,,,,,,,,,
5/1/2024 4:30,0,253,,,,,,,,,,,,,,,,,,
5/1/2024 4:15,0,253,,,,,,,,,,,,,,,,,,
5/1/2024 4:00,0,253,,,,,,,,,,,,,,,,,,
5/1/2024 3:45,0,253,,,,,,,,,,,,,,,,,,
5/1/2024 3:30,0,253,,,,,,,,,,,,,,,,,,
5/1/2024 3:15,0,253,,,,,,,,,,,,,,,,,,
5/1/2024 3:00,0,253,,,,,,,,,,,,,,,,,,
5/1/2024 2:45,0,253,,,,,,,,,,,,,,,,,,
5/1/2024 2:30,0,253,,,,,,,,,,,,,,,,,,
5/1/2024 2:15,0,254,,,,,,,,,,,,,,,,,,
5/1/2024 2:00,0,253,,,,,,,,,,,,,,,,,,
5/1/2024 1:45,0,253,,,,,,,,,,,,,,,,,,
5/1/2024 1:30,0,253,,,,,,,,,,,,,,,,,,
5/1/2024 1:15,0,254,,,,,,,,,,,,,,,,,,
5/1/2024 1:00,0,254,,,,,,,,,,,,,,,,,,
5/1/2024 0:45,0,254,,,,,,,,,,,,,,,,,,
5/1/2024 0:30,0,254,,,,,,,,,,,,,,,,,,
5/1/2024 0:15,0,254,,,,,,,,,,,,,,,,,,
5/1/2024 0:00,0,255,,,,,,,,,,,,,,,,,,
4/1/2024 23:45,0,254,,,,,,,,,,,,,,,,,,
4/1/2024 23:30,0,255,,,,,,,,,,,,,,,,,,
4/1/2024 23:15,0,255,,,,,,,,,,,,,,,,,,
4/1/2024 23:00,0,255,,,,,,,,,,,,,,,,,,
4/1/2024 22:45,0,255,,,,,,,,,,,,,,,,,,
4/1/2024 22:30,0,255,,,,,,,,,,,,,,,,,,
4/1/2024 22:15,0,255,,,,,,,,,,,,,,,,,,
4/1/2024 22:00,0,255,,,,,,,,,,,,,,,,,,
4/1/2024 21:45,0,255,,,,,,,,,,,,,,,,,,
4/1/2024 21:30,0,255,,,,,,,,,,,,,,,,,,
4/1/2024 21:15,0,256,,,,,,,,,,,,,,,,,,
4/1/2024 21:00,0,256,,,,,,,,,,,,,,,,,,
4/1/2024 20:45,0,256,,,,,,,,,,,,,,,,,,
4/1/2024 20:30,0,257,,,,,,,,,,,,,,,,,,
4/1/2024 20:15,0,257,,,,,,,,,,,,,,,,,,
4/1/2024 20:00,0,257,,,,,,,,,,,,,,,,,,
4/1/2024 19:45,0,257,,,,,,,,,,,,,,,,,,
4/1/2024 19:30,0,257,,,,,,,,,,,,,,,,,,
4/1/2024 19:15,0,257,,,,,,,,,,,,,,,,,,
4/1/2024 19:00,0,257,,,,,,,,,,,,,,,,,,
4/1/2024 18:45,0,258,,,,,,,,,,,,,,,,,,
4/1/2024 18:30,0,258,,,,,,,,,,,,,,,,,,
4/1/2024 18:15,0,257,,,,,,,,,,,,,,,,,,
4/1/2024 18:00,0,258,,,,,,,,,,,,,,,,,,
4/1/2024 17:45,0,258,,,,,,,,,,,,,,,,,,
4/1/2024 17:30,0,259,,,,,,,,,,,,,,,,,,
4/1/2024 17:15,0,258,,,,,,,,,,,,,,,,,,
4/1/2024 17:00,0,258,,,,,,,,,,,,,,,,,,
4/1/2024 16:45,0,258,,,,,,,,,,,,,,,,,,
4/1/2024 16:30,0,259,,,,,,,,,,,,,,,,,,
4/1/2024 16:15,0,259,,,,,,,,,,,,,,,,,,
4/1/2024 16:00,0,259,,,,,,,,,,,,,,,,,,
4/1/2024 15:45,0,259,,,,,,,,,,,,,,,,,,
4/1/2024 15:30,0,259,,,,,,,,,,,,,,,,,,
4/1/2024 15:15,0,260,,,,,,,,,,,,,,,,,,
4/1/2024 15:00,0,260,,,,,,,,,,,,,,,,,,
4/1/2024 14:45,0,259,,,,,,,,,,,,,,,,,,
4/1/2024 14:30,0,260,,,,,,,,,,,,,,,,,,
4/1/2024 14:15,0,259,,,,,,,,,,,,,,,,,,
4/1/2024 14:00,0,260,,,,,,,,,,,,,,,,,,
4/1/2024 13:45,0,260,,,,,,,,,,,,,,,,,,
4/1/2024 13:30,0,260,,,,,,,,,,,,,,,,,,
4/1/2024 13:15,0,260,,,,,,,,,,,,,,,,,,
4/1/2024 13:00,0,260,,,,,,,,,,,,,,,,,,
4/1/2024 12:45,0,260,,,,,,,,,,,,,,,,,,
4/1/2024 12:30,0,259,,,,,,,,,,,,,,,,,,
4/1/2024 12:15,0,259,,,,,,,,,,,,,,,,,,
4/1/2024 12:00,0,260,,,,,,,,,,,,,,,,,,
4/1/2024 11:45,0,260,,,,,,,,,,,,,,,,,,
4/1/2024 11:30,0,259,,,,,,,,,,,,,,,,,,
4/1/2024 11:15,0,260,,,,,,,,,,,,,,,,,,
4/1/2024 11:00,0,259,,,,,,,,,,,,,,,,,,
4/1/2024 10:45,0,259,,,,,,,,,,,,,,,,,,
4/1/2024 10:30,0,259,,,,,,,,,,,,,,,,,,
4/1/2024 10:15,0,259,,,,,,,,,,,,,,,,,,
4/1/2024 10:00,0,258,,,,,,,,,,,,,,,,,,
4/1/2024 9:45,0,258,,,,,,,,,,,,,,,,,,
4/1/2024 9:30,0,258,,,,,,,,,,,,,,,,,,
4/1/2024 9:15,0,258,,,,,,,,,,,,,,,,,,
4/1/2024 9:00,0,258,,,,,,,,,,,,,,,,,,
4/1/2024 8:45,0,257,,,,,,,,,,,,,,,,,,
4/1/2024 8:30,0,258,,,,,,,,,,,,,,,,,,
4/1/2024 8:15,0,257,,,,,,,,,,,,,,,,,,
4/1/2024 8:00,0,257,,,,,,,,,,,,,,,,,,
4/1/2024 7:45,0,257,,,,,,,,,,,,,,,,,,
4/1/2024 7:30,0,257,,,,,,,,,,,,,,,,,,
4/1/2024 7:15,0,257,,,,,,,,,,,,,,,,,,
4/1/2024 7:00,0,256,,,,,,,,,,,,,,,,,,
4/1/2024 6:45,0,256,,,,,,,,,,,,,,,,,,
4/1/2024 6:30,0,256,,,,,,,,,,,,,,,,,,
4/1/2024 6:15,0,256,,,,,,,,,,,,,,,,,,
4/1/2024 6:00,0,256,,,,,,,,,,,,,,,,,,
4/1/2024 5:45,0,255,,,,,,,,,,,,,,,,,,
4/1/2024 5:30,0,255,,,,,,,,,,,,,,,,,,
4/1/2024 5:15,0,255,,,,,,,,,,,,,,,,,,
4/1/2024 5:00,0,255,,,,,,,,,,,,,,,,,,
4/1/2024 4:45,0,255,,,,,,,,,,,,,,,,,,
4/1/2024 4:30,0,255,,,,,,,,,,,,,,,,,,
4/1/2024 4:15,0,255,,,,,,,,,,,,,,,,,,
4/1/2024 4:00,0,255,,,,,,,,,,,,,,,,,,
4/1/2024 3:45,0,255,,,,,,,,,,,,,,,,,,
4/1/2024 3:30,0,254,,,,,,,,,,,,,,,,,,
4/1/2024 3:15,0,254,,,,,,,,,,,,,,,,,,
4/1/2024 3:00,0,255,,,,,,,,,,,,,,,,,,
4/1/2024 2:45,0,255,,,,,,,,,,,,,,,,,,
4/1/2024 2:30,0,254,,,,,,,,,,,,,,,,,,
4/1/2024 2:15,0,254,,,,,,,,,,,,,,,,,,
4/1/2024 2:00,0,254,,,,,,,,,,,,,,,,,,
4/1/2024 1:45,0,254,,,,,,,,,,,,,,,,,,
4/1/2024 1:30,0,254,,,,,,,,,,,,,,,,,,
4/1/2024 1:15,0,254,,,,,,,,,,,,,,,,,,
4/1/2024 1:00,0,254,,,,,,,,,,,,,,,,,,
4/1/2024 0:45,0,254,,,,,,,,,,,,,,,,,,
4/1/2024 0:30,0,254,,,,,,,,,,,,,,,,,,
4/1/2024 0:15,0,254,,,,,,,,,,,,,,,,,,
4/1/2024 0:00,0,254,,,,,,,,,,,,,,,,,,
3/1/2024 23:45,0,254,,,,,,,,,,,,,,,,,,
3/1/2024 23:30,0,254,,,,,,,,,,,,,,,,,,
3/1/2024 23:15,0,254,,,,,,,,,,,,,,,,,,
3/1/2024 23:00,0,254,,,,,,,,,,,,,,,,,,
3/1/2024 22:45,0,253,,,,,,,,,,,,,,,,,,
3/1/2024 22:30,0,254,,,,,,,,,,,,,,,,,,
3/1/2024 22:15,0,254,,,,,,,,,,,,,,,,,,
3/1/2024 22:00,0,254,,,,,,,,,,,,,,,,,,
3/1/2024 21:45,0,253,,,,,,,,,,,,,,,,,,
3/1/2024 21:30,0,254,,,,,,,,,,,,,,,,,,
3/1/2024 21:15,0,253,,,,,,,,,,,,,,,,,,
3/1/2024 21:00,0,253,,,,,,,,,,,,,,,,,,
3/1/2024 20:45,0,253,,,,,,,,,,,,,,,,,,
3/1/2024 20:30,0,253,,,,,,,,,,,,,,,,,,
3/1/2024 20:15,0,253,,,,,,,,,,,,,,,,,,
3/1/2024 20:00,0,253,,,,,,,,,,,,,,,,,,
3/1/2024 19:45,0,253,,,,,,,,,,,,,,,,,,
3/1/2024 19:30,0,252,,,,,,,,,,,,,,,,,,
3/1/2024 19:15,0,253,,,,,,,,,,,,,,,,,,
3/1/2024 19:00,0,252,,,,,,,,,,,,,,,,,,
3/1/2024 18:45,0,252,,,,,,,,,,,,,,,,,,
3/1/2024 18:30,0,251,,,,,,,,,,,,,,,,,,
3/1/2024 18:15,0,251,,,,,,,,,,,,,,,,,,
3/1/2024 18:00,0,251,,,,,,,,,,,,,,,,,,
3/1/2024 17:45,0,250,,,,,,,,,,,,,,,,,,
3/1/2024 17:30,0,249,,,,,,,,,,,,,,,,,,
3/1/2024 17:15,0,249,,,,,,,,,,,,,,,,,,
3/1/2024 17:00,0,247,,,,,,,,,,,,,,,,,,
3/1/2024 16:45,0,247,,,,,,,,,,,,,,,,,,
3/1/2024 16:30,0,246,,,,,,,,,,,,,,,,,,
3/1/2024 16:15,0,247,,,,,,,,,,,,,,,,,,
3/1/2024 16:00,0,246,,,,,,,,,,,,,,,,,,
3/1/2024 15:45,0,246,,,,,,,,,,,,,,,,,,
3/1/2024 15:30,0,245,,,,,,,,,,,,,,,,,,
3/1/2024 15:15,4.8,245,,,,,,,,,,,,,,,,,,
3/1/2024 15:00,2.4,243,,,,,,,,,,,,,,,,,,
3/1/2024 14:45,0,243,,,,,,,,,,,,,,,,,,
3/1/2024 14:30,0,242,,,,,,,,,,,,,,,,,,
3/1/2024 14:15,0,242,,,,,,,,,,,,,,,,,,
3/1/2024 14:00,0,242,,,,,,,,,,,,,,,,,,
3/1/2024 13:45,0,240,,,,,,,,,,,,,,,,,,
3/1/2024 13:30,0,240,,,,,,,,,,,,,,,,,,
3/1/2024 13:15,0,239,,,,,,,,,,,,,,,,,,
3/1/2024 13:00,0,239,,,,,,,,,,,,,,,,,,
3/1/2024 12:45,0,238,,,,,,,,,,,,,,,,,,
3/1/2024 12:30,0,237,,,,,,,,,,,,,,,,,,
3/1/2024 12:15,0,236,,,,,,,,,,,,,,,,,,
3/1/2024 12:00,0,235,,,,,,,,,,,,,,,,,,
3/1/2024 11:45,0,234,,,,,,,,,,,,,,,,,,
3/1/2024 11:30,0,233,,,,,,,,,,,,,,,,,,
3/1/2024 11:15,0,232,,,,,,,,,,,,,,,,,,
3/1/2024 11:00,0,231,,,,,,,,,,,,,,,,,,
3/1/2024 10:45,0,229,,,,,,,,,,,,,,,,,,
3/1/2024 10:30,0,229,,,,,,,,,,,,,,,,,,
3/1/2024 10:15,0,228,,,,,,,,,,,,,,,,,,
3/1/2024 10:00,0,226,,,,,,,,,,,,,,,,,,
3/1/2024 9:45,0,225,,,,,,,,,,,,,,,,,,
3/1/2024 9:30,0,225,,,,,,,,,,,,,,,,,,
3/1/2024 9:15,0,224,,,,,,,,,,,,,,,,,,
3/1/2024 9:00,0,222,,,,,,,,,,,,,,,,,,
3/1/2024 8:45,0,221,,,,,,,,,,,,,,,,,,
3/1/2024 8:30,0,219,,,,,,,,,,,,,,,,,,
3/1/2024 8:15,0,218,,,,,,,,,,,,,,,,,,
3/1/2024 8:00,0,218,,,,,,,,,,,,,,,,,,
3/1/2024 7:45,0,216,,,,,,,,,,,,,,,,,,
3/1/2024 7:30,0,216,,,,,,,,,,,,,,,,,,
3/1/2024 7:15,0,214,,,,,,,,,,,,,,,,,,
3/1/2024 7:00,0,213,,,,,,,,,,,,,,,,,,
3/1/2024 6:45,0,212,,,,,,,,,,,,,,,,,,
3/1/2024 6:30,0,212,,,,,,,,,,,,,,,,,,
3/1/2024 6:15,0,211,,,,,,,,,,,,,,,,,,
3/1/2024 6:00,0,210,,,,,,,,,,,,,,,,,,
3/1/2024 5:45,0,210,,,,,,,,,,,,,,,,,,
3/1/2024 5:30,0,210,,,,,,,,,,,,,,,,,,
3/1/2024 5:15,0,209,,,,,,,,,,,,,,,,,,
3/1/2024 5:00,0.2,209,,,,,,,,,,,,,,,,,,
3/1/2024 4:45,0,208,,,,,,,,,,,,,,,,,,
3/1/2024 4:30,0,208,,,,,,,,,,,,,,,,,,
3/1/2024 4:15,0,208,,,,,,,,,,,,,,,,,,
3/1/2024 4:00,0,208,,,,,,,,,,,,,,,,,,
3/1/2024 3:45,0,208,,,,,,,,,,,,,,,,,,
3/1/2024 3:30,0,208,,,,,,,,,,,,,,,,,,
3/1/2024 3:15,0,207,,,,,,,,,,,,,,,,,,
3/1/2024 3:00,0,208,,,,,,,,,,,,,,,,,,
3/1/2024 2:45,0,208,,,,,,,,,,,,,,,,,,
3/1/2024 2:30,0,208,,,,,,,,,,,,,,,,,,
3/1/2024 2:15,0,208,,,,,,,,,,,,,,,,,,
3/1/2024 2:00,0,208,,,,,,,,,,,,,,,,,,
3/1/2024 1:45,0,208,,,,,,,,,,,,,,,,,,
3/1/2024 1:30,0,208,,,,,,,,,,,,,,,,,,
3/1/2024 1:15,0,208,,,,,,,,,,,,,,,,,,
3/1/2024 1:00,0,208,,,,,,,,,,,,,,,,,,
3/1/2024 0:45,0,208,,,,,,,,,,,,,,,,,,
3/1/2024 0:30,0,209,,,,,,,,,,,,,,,,,,
3/1/2024 0:15,0,208,,,,,,,,,,,,,,,,,,
3/1/2024 0:00,0,209,,,,,,,,,,,,,,,,,,
2/1/2024 23:45,0,209,,,,,,,,,,,,,,,,,,
2/1/2024 23:30,0,209,,,,,,,,,,,,,,,,,,
2/1/2024 23:15,0,210,,,,,,,,,,,,,,,,,,
2/1/2024 23:00,0,209,,,,,,,,,,,,,,,,,,
2/1/2024 22:45,0,210,,,,,,,,,,,,,,,,,,
2/1/2024 22:30,0,210,,,,,,,,,,,,,,,,,,
2/1/2024 22:15,0,210,,,,,,,,,,,,,,,,,,
2/1/2024 22:00,0,210,,,,,,,,,,,,,,,,,,
2/1/2024 21:45,0,211,,,,,,,,,,,,,,,,,,
2/1/2024 21:30,0,211,,,,,,,,,,,,,,,,,,
2/1/2024 21:15,0,211,,,,,,,,,,,,,,,,,,
2/1/2024 21:00,0,211,,,,,,,,,,,,,,,,,,
2/1/2024 20:45,0,212,,,,,,,,,,,,,,,,,,
2/1/2024 20:30,0,212,,,,,,,,,,,,,,,,,,
2/1/2024 20:15,0,212,,,,,,,,,,,,,,,,,,
2/1/2024 20:00,0,212,,,,,,,,,,,,,,,,,,
2/1/2024 19:45,0,213,,,,,,,,,,,,,,,,,,
2/1/2024 19:30,0,213,,,,,,,,,,,,,,,,,,
2/1/2024 19:15,0.2,213,,,,,,,,,,,,,,,,,,
2/1/2024 19:00,0.6,214,,,,,,,,,,,,,,,,,,
2/1/2024 18:45,0.6,214,,,,,,,,,,,,,,,,,,
2/1/2024 18:30,0.8,214,,,,,,,,,,,,,,,,,,
2/1/2024 18:15,0.4,215,,,,,,,,,,,,,,,,,,
2/1/2024 18:00,0.6,215,,,,,,,,,,,,,,,,,,
2/1/2024 17:45,0.4,215,,,,,,,,,,,,,,,,,,
2/1/2024 17:30,0,216,,,,,,,,,,,,,,,,,,
2/1/2024 17:15,0,216,,,,,,,,,,,,,,,,,,
2/1/2024 17:00,0,216,,,,,,,,,,,,,,,,,,
2/1/2024 16:45,0,216,,,,,,,,,,,,,,,,,,
2/1/2024 16:30,0,216,,,,,,,,,,,,,,,,,,
2/1/2024 16:15,0,217,,,,,,,,,,,,,,,,,,
2/1/2024 16:00,0,217,,,,,,,,,,,,,,,,,,
2/1/2024 15:45,0,218,,,,,,,,,,,,,,,,,,
2/1/2024 15:30,0,217,,,,,,,,,,,,,,,,,,
2/1/2024 15:15,0,218,,,,,,,,,,,,,,,,,,
2/1/2024 15:00,0,219,,,,,,,,,,,,,,,,,,
2/1/2024 14:45,0,219,,,,,,,,,,,,,,,,,,
2/1/2024 14:30,0,219,,,,,,,,,,,,,,,,,,
2/1/2024 14:15,0,220,,,,,,,,,,,,,,,,,,
2/1/2024 14:00,0,220,,,,,,,,,,,,,,,,,,
2/1/2024 13:45,0,220,,,,,,,,,,,,,,,,,,
2/1/2024 13:30,0,220,,,,,,,,,,,,,,,,,,
2/1/2024 13:15,0,220,,,,,,,,,,,,,,,,,,
2/1/2024 13:00,0,221,,,,,,,,,,,,,,,,,,
2/1/2024 12:45,0,221,,,,,,,,,,,,,,,,,,
2/1/2024 12:30,0,221,,,,,,,,,,,,,,,,,,
2/1/2024 12:15,0,222,,,,,,,,,,,,,,,,,,
2/1/2024 12:00,0,221,,,,,,,,,,,,,,,,,,
2/1/2024 11:45,0,221,,,,,,,,,,,,,,,,,,
2/1/2024 11:30,0,222,,,,,,,,,,,,,,,,,,
2/1/2024 11:15,0,222,,,,,,,,,,,,,,,,,,
2/1/2024 11:00,0,222,,,,,,,,,,,,,,,,,,
2/1/2024 10:45,0,222,,,,,,,,,,,,,,,,,,
2/1/2024 10:30,0,222,,,,,,,,,,,,,,,,,,
2/1/2024 10:15,0,222,,,,,,,,,,,,,,,,,,
2/1/2024 10:00,0,221,,,,,,,,,,,,,,,,,,
2/1/2024 9:45,0,222,,,,,,,,,,,,,,,,,,
2/1/2024 9:30,0,222,,,,,,,,,,,,,,,,,,
2/1/2024 9:15,0,222,,,,,,,,,,,,,,,,,,
2/1/2024 9:00,0,222,,,,,,,,,,,,,,,,,,
2/1/2024 8:45,0,223,,,,,,,,,,,,,,,,,,
2/1/2024 8:30,0,222,,,,,,,,,,,,,,,,,,
2/1/2024 8:15,0,223,,,,,,,,,,,,,,,,,,
2/1/2024 8:00,0,222,,,,,,,,,,,,,,,,,,
2/1/2024 7:45,0,222,,,,,,,,,,,,,,,,,,
2/1/2024 7:30,0,223,,,,,,,,,,,,,,,,,,
2/1/2024 7:15,0,222,,,,,,,,,,,,,,,,,,
2/1/2024 7:00,0,223,,,,,,,,,,,,,,,,,,
2/1/2024 6:45,0,222,,,,,,,,,,,,,,,,,,
2/1/2024 6:30,0,223,,,,,,,,,,,,,,,,,,
2/1/2024 6:15,0,222,,,,,,,,,,,,,,,,,,
2/1/2024 6:00,0,223,,,,,,,,,,,,,,,,,,
2/1/2024 5:45,0,223,,,,,,,,,,,,,,,,,,
2/1/2024 5:30,0,223,,,,,,,,,,,,,,,,,,
2/1/2024 5:15,0,223,,,,,,,,,,,,,,,,,,
2/1/2024 5:00,0,223,,,,,,,,,,,,,,,,,,
2/1/2024 4:45,0,223,,,,,,,,,,,,,,,,,,
2/1/2024 4:30,0,223,,,,,,,,,,,,,,,,,,
2/1/2024 4:15,0,223,,,,,,,,,,,,,,,,,,
2/1/2024 4:00,0,223,,,,,,,,,,,,,,,,,,
2/1/2024 3:45,0,223,,,,,,,,,,,,,,,,,,
2/1/2024 3:30,0,223,,,,,,,,,,,,,,,,,,
2/1/2024 3:15,0,223,,,,,,,,,,,,,,,,,,
2/1/2024 3:00,0,224,,,,,,,,,,,,,,,,,,
2/1/2024 2:45,0,223,,,,,,,,,,,,,,,,,,
2/1/2024 2:30,0,223,,,,,,,,,,,,,,,,,,
2/1/2024 2:15,0,223,,,,,,,,,,,,,,,,,,
2/1/2024 2:00,0,223,,,,,,,,,,,,,,,,,,
2/1/2024 1:45,0,224,,,,,,,,,,,,,,,,,,
2/1/2024 1:30,0,224,,,,,,,,,,,,,,,,,,
2/1/2024 1:15,0,224,,,,,,,,,,,,,,,,,,
2/1/2024 1:00,0,224,,,,,,,,,,,,,,,,,,
2/1/2024 0:45,0,224,,,,,,,,,,,,,,,,,,
2/1/2024 0:30,0,224,,,,,,,,,,,,,,,,,,
2/1/2024 0:15,0,225,,,,,,,,,,,,,,,,,,
2/1/2024 0:00,0,225,,,,,,,,,,,,,,,,,,
1/1/2024 23:45,0,225,,,,,,,,,,,,,,,,,,
1/1/2024 23:30,0,225,,,,,,,,,,,,,,,,,,
1/1/2024 23:15,0,226,,,,,,,,,,,,,,,,,,
1/1/2024 23:00,0,226,,,,,,,,,,,,,,,,,,
1/1/2024 22:45,0,226,,,,,,,,,,,,,,,,,,
1/1/2024 22:30,0,226,,,,,,,,,,,,,,,,,,
1/1/2024 22:15,0,227,,,,,,,,,,,,,,,,,,
1/1/2024 22:00,0,227,,,,,,,,,,,,,,,,,,
1/1/2024 21:45,0,228,,,,,,,,,,,,,,,,,,
1/1/2024 21:30,0,228,,,,,,,,,,,,,,,,,,
1/1/2024 21:15,0,228,,,,,,,,,,,,,,,,,,
1/1/2024 21:00,0,229,,,,,,,,,,,,,,,,,,
1/1/2024 20:45,0,230,,,,,,,,,,,,,,,,,,
1/1/2024 20:30,0,230,,,,,,,,,,,,,,,,,,
1/1/2024 20:15,0,230,,,,,,,,,,,,,,,,,,
1/1/2024 20:00,0,231,,,,,,,,,,,,,,,,,,
1/1/2024 19:45,0,231,,,,,,,,,,,,,,,,,,
1/1/2024 19:30,0,232,,,,,,,,,,,,,,,,,,
1/1/2024 19:15,0,232,,,,,,,,,,,,,,,,,,
1/1/2024 19:00,0,232,,,,,,,,,,,,,,,,,,
1/1/2024 18:45,0,233,,,,,,,,,,,,,,,,,,
1/1/2024 18:30,0,233,,,,,,,,,,,,,,,,,,
1/1/2024 18:15,0,234,,,,,,,,,,,,,,,,,,
1/1/2024 18:00,0,234,,,,,,,,,,,,,,,,,,
1/1/2024 17:45,0,234,,,,,,,,,,,,,,,,,,
1/1/2024 17:30,0,234,,,,,,,,,,,,,,,,,,
1/1/2024 17:15,0,235,,,,,,,,,,,,,,,,,,
1/1/2024 17:00,0,235,,,,,,,,,,,,,,,,,,
1/1/2024 16:45,0,235,,,,,,,,,,,,,,,,,,
1/1/2024 16:30,0,236,,,,,,,,,,,,,,,,,,
1/1/2024 16:15,0,236,,,,,,,,,,,,,,,,,,
1/1/2024 16:00,0,236,,,,,,,,,,,,,,,,,,
1/1/2024 15:45,0,237,,,,,,,,,,,,,,,,,,
1/1/2024 15:30,0,237,,,,,,,,,,,,,,,,,,
1/1/2024 15:15,0,237,,,,,,,,,,,,,,,,,,
1/1/2024 15:00,0,238,,,,,,,,,,,,,,,,,,
1/1/2024 14:45,0,237,,,,,,,,,,,,,,,,,,
1/1/2024 14:30,0,238,,,,,,,,,,,,,,,,,,
1/1/2024 14:15,0,238,,,,,,,,,,,,,,,,,,
1/1/2024 14:00,0,238,,,,,,,,,,,,,,,,,,
1/1/2024 13:45,0,239,,,,,,,,,,,,,,,,,,
1/1/2024 13:30,0,239,,,,,,,,,,,,,,,,,,
1/1/2024 13:15,0,239,,,,,,,,,,,,,,,,,,
1/1/2024 13:00,0,239,,,,,,,,,,,,,,,,,,
1/1/2024 12:45,0,240,,,,,,,,,,,,,,,,,,
1/1/2024 12:30,0,240,,,,,,,,,,,,,,,,,,
1/1/2024 12:15,0,240,,,,,,,,,,,,,,,,,,
1/1/2024 12:00,0,240,,,,,,,,,,,,,,,,,,
1/1/2024 11:45,0,241,,,,,,,,,,,,,,,,,,
1/1/2024 11:30,0,241,,,,,,,,,,,,,,,,,,
1/1/2024 11:15,0,240,,,,,,,,,,,,,,,,,,
1/1/2024 11:00,0,240,,,,,,,,,,,,,,,,,,
1/1/2024 10:45,0,240,,,,,,,,,,,,,,,,,,
1/1/2024 10:30,0,240,,,,,,,,,,,,,,,,,,
1/1/2024 10:15,0,241,,,,,,,,,,,,,,,,,,
1/1/2024 10:00,0,240,,,,,,,,,,,,,,,,,,
1/1/2024 9:45,0,241,,,,,,,,,,,,,,,,,,
1/1/2024 9:30,0,241,,,,,,,,,,,,,,,,,,
1/1/2024 9:15,0,241,,,,,,,,,,,,,,,,,,
1/1/2024 9:00,0,241,,,,,,,,,,,,,,,,,,
1/1/2024 8:45,0,241,,,,,,,,,,,,,,,,,,
1/1/2024 8:30,0,241,,,,,,,,,,,,,,,,,,
1/1/2024 8:15,0,241,,,,,,,,,,,,,,,,,,
1/1/2024 8:00,0,241,,,,,,,,,,,,,,,,,,
1/1/2024 7:45,0,241,,,,,,,,,,,,,,,,,,
1/1/2024 7:30,0,241,,,,,,,,,,,,,,,,,,
1/1/2024 7:15,0,241,,,,,,,,,,,,,,,,,,
1/1/2024 7:00,0,241,,,,,,,,,,,,,,,,,,
1/1/2024 6:45,0,242,,,,,,,,,,,,,,,,,,
1/1/2024 6:30,0,242,,,,,,,,,,,,,,,,,,
1/1/2024 6:15,0,242,,,,,,,,,,,,,,,,,,
1/1/2024 6:00,0,242,,,,,,,,,,,,,,,,,,
1/1/2024 5:45,0,242,,,,,,,,,,,,,,,,,,
1/1/2024 5:30,0,242,,,,,,,,,,,,,,,,,,
1/1/2024 5:15,0,242,,,,,,,,,,,,,,,,,,
1/1/2024 5:00,0,242,,,,,,,,,,,,,,,,,,
1/1/2024 4:45,0,242,,,,,,,,,,,,,,,,,,
1/1/2024 4:30,0,242,,,,,,,,,,,,,,,,,,
1/1/2024 4:15,0,242,,,,,,,,,,,,,,,,,,
1/1/2024 4:00,0,242,,,,,,,,,,,,,,,,,,
1/1/2024 3:45,0,242,,,,,,,,,,,,,,,,,,
1/1/2024 3:30,0,243,,,,,,,,,,,,,,,,,,
1/1/2024 3:15,0,243,,,,,,,,,,,,,,,,,,
1/1/2024 3:00,0,243,,,,,,,,,,,,,,,,,,
1/1/2024 2:45,0,243,,,,,,,,,,,,,,,,,,
1/1/2024 2:30,0,243,,,,,,,,,,,,,,,,,,
1/1/2024 2:15,0,243,,,,,,,,,,,,,,,,,,
1/1/2024 2:00,0,243,,,,,,,,,,,,,,,,,,
1/1/2024 1:45,0,243,,,,,,,,,,,,,,,,,,
1/1/2024 1:30,0,244,,,,,,,,,,,,,,,,,,
1/1/2024 1:15,0,244,,,,,,,,,,,,,,,,,,
1/1/2024 1:00,0,243,,,,,,,,,,,,,,,,,,
1/1/2024 0:45,0,244,,,,,,,,,,,,,,,,,,
1/1/2024 0:30,0,244,,,,,,,,,,,,,,,,,,
1/1/2024 0:15,0,244,,,,,,,,,,,,,,,,,,
1/1/2024 0:00,0,245,,,,,,,,,,,,,,,,,,
31/12/2023 23:45:00,0,245,,,,,,,,,,,,,,,,,,
31/12/2023 23:30:00,0,245,,,,,,,,,,,,,,,,,,
31/12/2023 23:15:00,0,245,,,,,,,,,,,,,,,,,,
31/12/2023 23:00:00,0,246,,,,,,,,,,,,,,,,,,
31/12/2023 22:45:00,0,246,,,,,,,,,,,,,,,,,,
31/12/2023 22:30:00,0,246,,,,,,,,,,,,,,,,,,
31/12/2023 22:15:00,0,246,,,,,,,,,,,,,,,,,,
31/12/2023 22:00:00,0,247,,,,,,,,,,,,,,,,,,
31/12/2023 21:45:00,0,247,,,,,,,,,,,,,,,,,,
31/12/2023 21:30:00,0,247,,,,,,,,,,,,,,,,,,
31/12/2023 21:15:00,0,248,,,,,,,,,,,,,,,,,,
31/12/2023 21:00:00,0,248,,,,,,,,,,,,,,,,,,
31/12/2023 20:45:00,0,248,,,,,,,,,,,,,,,,,,
31/12/2023 20:30:00,0,249,,,,,,,,,,,,,,,,,,
31/12/2023 20:15:00,0,249,,,,,,,,,,,,,,,,,,
31/12/2023 20:00:00,0,250,,,,,,,,,,,,,,,,,,
31/12/2023 19:45:00,0,250,,,,,,,,,,,,,,,,,,
31/12/2023 19:30:00,0,251,,,,,,,,,,,,,,,,,,
31/12/2023 19:15:00,0,252,,,,,,,,,,,,,,,,,,
31/12/2023 19:00:00,0,251,,,,,,,,,,,,,,,,,,
31/12/2023 18:45:00,0,253,,,,,,,,,,,,,,,,,,
31/12/2023 18:30:00,0,253,,,,,,,,,,,,,,,,,,
31/12/2023 18:15:00,0,253,,,,,,,,,,,,,,,,,,
31/12/2023 18:00:00,0,254,,,,,,,,,,,,,,,,,,
31/12/2023 17:45:00,0,253,,,,,,,,,,,,,,,,,,
31/12/2023 17:30:00,0,255,,,,,,,,,,,,,,,,,,
31/12/2023 17:15:00,0,254,,,,,,,,,,,,,,,,,,
31/12/2023 17:00:00,0,255,,,,,,,,,,,,,,,,,,
31/12/2023 16:45:00,0,255,,,,,,,,,,,,,,,,,,
31/12/2023 16:30:00,0,256,,,,,,,,,,,,,,,,,,
31/12/2023 16:15:00,0,256,,,,,,,,,,,,,,,,,,
31/12/2023 16:00:00,0,257,,,,,,,,,,,,,,,,,,
31/12/2023 15:45:00,0,257,,,,,,,,,,,,,,,,,,
31/12/2023 15:30:00,0,257,,,,,,,,,,,,,,,,,,
31/12/2023 15:15:00,0,258,,,,,,,,,,,,,,,,,,
31/12/2023 15:00:00,0,259,,,,,,,,,,,,,,,,,,
31/12/2023 14:45:00,0,259,,,,,,,,,,,,,,,,,,
31/12/2023 14:30:00,0,260,,,,,,,,,,,,,,,,,,
31/12/2023 14:15:00,0,260,,,,,,,,,,,,,,,,,,
31/12/2023 14:00:00,0,260,,,,,,,,,,,,,,,,,,
31/12/2023 13:45:00,0,260,,,,,,,,,,,,,,,,,,
31/12/2023 13:30:00,0,261,,,,,,,,,,,,,,,,,,
31/12/2023 13:15:00,0,261,,,,,,,,,,,,,,,,,,
31/12/2023 13:00:00,0,261,,,,,,,,,,,,,,,,,,
31/12/2023 12:45:00,0,261,,,,,,,,,,,,,,,,,,
31/12/2023 12:30:00,0,262,,,,,,,,,,,,,,,,,,
31/12/2023 12:15:00,0,263,,,,,,,,,,,,,,,,,,
31/12/2023 12:00:00,0,263,,,,,,,,,,,,,,,,,,
31/12/2023 11:45:00,0,263,,,,,,,,,,,,,,,,,,
31/12/2023 11:30:00,0,263,,,,,,,,,,,,,,,,,,
31/12/2023 11:15:00,0,264,,,,,,,,,,,,,,,,,,
31/12/2023 11:00:00,0,264,,,,,,,,,,,,,,,,,,
31/12/2023 10:45:00,0,264,,,,,,,,,,,,,,,,,,
31/12/2023 10:30:00,0,265,,,,,,,,,,,,,,,,,,
31/12/2023 10:15:00,0,266,,,,,,,,,,,,,,,,,,
31/12/2023 10:00:00,0,266,,,,,,,,,,,,,,,,,,
31/12/2023 09:45:00,0,265,,,,,,,,,,,,,,,,,,
31/12/2023 09:30:00,0,266,,,,,,,,,,,,,,,,,,
31/12/2023 09:15:00,0,266,,,,,,,,,,,,,,,,,,
31/12/2023 09:00:00,0,267,,,,,,,,,,,,,,,,,,
31/12/2023 08:45:00,0,267,,,,,,,,,,,,,,,,,,
31/12/2023 08:30:00,0,268,,,,,,,,,,,,,,,,,,
31/12/2023 08:15:00,0,268,,,,,,,,,,,,,,,,,,
31/12/2023 08:00:00,0,269,,,,,,,,,,,,,,,,,,
31/12/2023 07:45:00,0,269,,,,,,,,,,,,,,,,,,
31/12/2023 07:30:00,0,269,,,,,,,,,,,,,,,,,,
31/12/2023 07:15:00,0,269,,,,,,,,,,,,,,,,,,
31/12/2023 07:00:00,0,269,,,,,,,,,,,,,,,,,,
31/12/2023 06:45:00,0,270,,,,,,,,,,,,,,,,,,
31/12/2023 06:30:00,0,270,,,,,,,,,,,,,,,,,,
31/12/2023 06:15:00,0,270,,,,,,,,,,,,,,,,,,
31/12/2023 06:00:00,0,271,,,,,,,,,,,,,,,,,,
31/12/2023 05:45:00,0,271,,,,,,,,,,,,,,,,,,
31/12/2023 05:30:00,0,271,,,,,,,,,,,,,,,,,,
31/12/2023 05:15:00,0,271,,,,,,,,,,,,,,,,,,
31/12/2023 05:00:00,0,271,,,,,,,,,,,,,,,,,,
31/12/2023 04:45:00,0,272,,,,,,,,,,,,,,,,,,
31/12/2023 04:30:00,0,272,,,,,,,,,,,,,,,,,,
31/12/2023 04:15:00,0,273,,,,,,,,,,,,,,,,,,
31/12/2023 04:00:00,0,273,,,,,,,,,,,,,,,,,,
31/12/2023 03:45:00,0,273,,,,,,,,,,,,,,,,,,
31/12/2023 03:30:00,0,273,,,,,,,,,,,,,,,,,,
31/12/2023 03:15:00,0,273,,,,,,,,,,,,,,,,,,
31/12/2023 03:00:00,0,274,,,,,,,,,,,,,,,,,,
31/12/2023 02:45:00,0,274,,,,,,,,,,,,,,,,,,
31/12/2023 02:30:00,0,274,,,,,,,,,,,,,,,,,,
31/12/2023 02:15:00,0,274,,,,,,,,,,,,,,,,,,
31/12/2023 02:00:00,0,274,,,,,,,,,,,,,,,,,,
31/12/2023 01:45:00,0,274,,,,,,,,,,,,,,,,,,
31/12/2023 01:30:00,0,274,,,,,,,,,,,,,,,,,,
31/12/2023 01:15:00,0,275,,,,,,,,,,,,,,,,,,
31/12/2023 01:00:00,0,275,,,,,,,,,,,,,,,,,,
31/12/2023 00:45:00,0,275,,,,,,,,,,,,,,,,,,
31/12/2023 00:30:00,0,276,,,,,,,,,,,,,,,,,,
31/12/2023 00:15:00,0,276,,,,,,,,,,,,,,,,,,
31/12/2023 00:00:00,0,276,,,,,,,,,,,,,,,,,,
30/12/2023 23:45:00,0,276,,,,,,,,,,,,,,,,,,
30/12/2023 23:30:00,0,276,,,,,,,,,,,,,,,,,,
30/12/2023 23:15:00,0,277,,,,,,,,,,,,,,,,,,
30/12/2023 23:00:00,0,277,,,,,,,,,,,,,,,,,,
30/12/2023 22:45:00,0,277,,,,,,,,,,,,,,,,,,
30/12/2023 22:30:00,0,278,,,,,,,,,,,,,,,,,,
30/12/2023 22:15:00,0,278,,,,,,,,,,,,,,,,,,
30/12/2023 22:00:00,0,278,,,,,,,,,,,,,,,,,,
30/12/2023 21:45:00,0,279,,,,,,,,,,,,,,,,,,
30/12/2023 21:30:00,0,279,,,,,,,,,,,,,,,,,,
30/12/2023 21:15:00,0,280,,,,,,,,,,,,,,,,,,
30/12/2023 21:00:00,0,280,,,,,,,,,,,,,,,,,,
30/12/2023 20:45:00,0,281,,,,,,,,,,,,,,,,,,
30/12/2023 20:30:00,0,281,,,,,,,,,,,,,,,,,,
30/12/2023 20:15:00,0,281,,,,,,,,,,,,,,,,,,
30/12/2023 20:00:00,0,282,,,,,,,,,,,,,,,,,,
30/12/2023 19:45:00,0,282,,,,,,,,,,,,,,,,,,
30/12/2023 19:30:00,0,283,,,,,,,,,,,,,,,,,,
30/12/2023 19:15:00,0,283,,,,,,,,,,,,,,,,,,
30/12/2023 19:00:00,0,284,,,,,,,,,,,,,,,,,,
30/12/2023 18:45:00,0,284,,,,,,,,,,,,,,,,,,
30/12/2023 18:30:00,0,284,,,,,,,,,,,,,,,,,,
30/12/2023 18:15:00,0,284,,,,,,,,,,,,,,,,,,
30/12/2023 18:00:00,0,285,,,,,,,,,,,,,,,,,,
30/12/2023 17:45:00,0,284,,,,,,,,,,,,,,,,,,
30/12/2023 17:30:00,0,285,,,,,,,,,,,,,,,,,,
30/12/2023 17:15:00,0,286,,,,,,,,,,,,,,,,,,
30/12/2023 17:00:00,0,286,,,,,,,,,,,,,,,,,,
30/12/2023 16:45:00,0,286,,,,,,,,,,,,,,,,,,
30/12/2023 16:30:00,0,286,,,,,,,,,,,,,,,,,,
30/12/2023 16:15:00,0,287,,,,,,,,,,,,,,,,,,
30/12/2023 16:00:00,0,287,,,,,,,,,,,,,,,,,,
30/12/2023 15:45:00,0,287,,,,,,,,,,,,,,,,,,
30/12/2023 15:30:00,0,287,,,,,,,,,,,,,,,,,,
30/12/2023 15:15:00,0,288,,,,,,,,,,,,,,,,,,
30/12/2023 15:00:00,0,287,,,,,,,,,,,,,,,,,,
30/12/2023 14:45:00,0,288,,,,,,,,,,,,,,,,,,
30/12/2023 14:30:00,0,288,,,,,,,,,,,,,,,,,,
30/12/2023 14:15:00,0,288,,,,,,,,,,,,,,,,,,
30/12/2023 14:00:00,0,288,,,,,,,,,,,,,,,,,,
30/12/2023 13:45:00,0,288,,,,,,,,,,,,,,,,,,
30/12/2023 13:30:00,0,288,,,,,,,,,,,,,,,,,,
30/12/2023 13:15:00,0,288,,,,,,,,,,,,,,,,,,
30/12/2023 13:00:00,0,289,,,,,,,,,,,,,,,,,,
30/12/2023 12:45:00,0,289,,,,,,,,,,,,,,,,,,
30/12/2023 12:30:00,0,289,,,,,,,,,,,,,,,,,,
30/12/2023 12:15:00,0,289,,,,,,,,,,,,,,,,,,
30/12/2023 12:00:00,0,289,,,,,,,,,,,,,,,,,,
30/12/2023 11:45:00,0,289,,,,,,,,,,,,,,,,,,
30/12/2023 11:30:00,0,289,,,,,,,,,,,,,,,,,,
30/12/2023 11:15:00,0,289,,,,,,,,,,,,,,,,,,
30/12/2023 11:00:00,0,289,,,,,,,,,,,,,,,,,,
30/12/2023 10:45:00,0,288,,,,,,,,,,,,,,,,,,
30/12/2023 10:30:00,0,289,,,,,,,,,,,,,,,,,,
30/12/2023 10:15:00,0,288,,,,,,,,,,,,,,,,,,
30/12/2023 10:00:00,0,289,,,,,,,,,,,,,,,,,,
30/12/2023 09:45:00,0,288,,,,,,,,,,,,,,,,,,
30/12/2023 09:30:00,0,288,,,,,,,,,,,,,,,,,,
30/12/2023 09:15:00,0,288,,,,,,,,,,,,,,,,,,
30/12/2023 09:00:00,0,288,,,,,,,,,,,,,,,,,,
30/12/2023 08:45:00,0,288,,,,,,,,,,,,,,,,,,
30/12/2023 08:30:00,0,287,,,,,,,,,,,,,,,,,,
30/12/2023 08:15:00,0,287,,,,,,,,,,,,,,,,,,
30/12/2023 08:00:00,0,287,,,,,,,,,,,,,,,,,,
30/12/2023 07:45:00,0,287,,,,,,,,,,,,,,,,,,
30/12/2023 07:30:00,0,287,,,,,,,,,,,,,,,,,,
30/12/2023 07:15:00,0,286,,,,,,,,,,,,,,,,,,
30/12/2023 07:00:00,0,286,,,,,,,,,,,,,,,,,,
30/12/2023 06:45:00,0,286,,,,,,,,,,,,,,,,,,
30/12/2023 06:30:00,0,286,,,,,,,,,,,,,,,,,,
30/12/2023 06:15:00,0,286,,,,,,,,,,,,,,,,,,
30/12/2023 06:00:00,0,286,,,,,,,,,,,,,,,,,,
30/12/2023 05:45:00,0,286,,,,,,,,,,,,,,,,,,
30/12/2023 05:30:00,0,286,,,,,,,,,,,,,,,,,,
30/12/2023 05:15:00,0,286,,,,,,,,,,,,,,,,,,
30/12/2023 05:00:00,0,286,,,,,,,,,,,,,,,,,,
30/12/2023 04:45:00,0,286,,,,,,,,,,,,,,,,,,
30/12/2023 04:30:00,0,285,,,,,,,,,,,,,,,,,,
30/12/2023 04:15:00,0,286,,,,,,,,,,,,,,,,,,
30/12/2023 04:00:00,0,285,,,,,,,,,,,,,,,,,,
30/12/2023 03:45:00,0,286,,,,,,,,,,,,,,,,,,
30/12/2023 03:30:00,0,286,,,,,,,,,,,,,,,,,,
30/12/2023 03:15:00,0,286,,,,,,,,,,,,,,,,,,
30/12/2023 03:00:00,0,286,,,,,,,,,,,,,,,,,,
30/12/2023 02:45:00,0,286,,,,,,,,,,,,,,,,,,
30/12/2023 02:30:00,0,286,,,,,,,,,,,,,,,,,,
30/12/2023 02:15:00,0,285,,,,,,,,,,,,,,,,,,
30/12/2023 02:00:00,0,286,,,,,,,,,,,,,,,,,,
30/12/2023 01:45:00,0,285,,,,,,,,,,,,,,,,,,
30/12/2023 01:30:00,0,286,,,,,,,,,,,,,,,,,,
30/12/2023 01:15:00,0,286,,,,,,,,,,,,,,,,,,
30/12/2023 01:00:00,0,285,,,,,,,,,,,,,,,,,,
30/12/2023 00:45:00,0,286,,,,,,,,,,,,,,,,,,
30/12/2023 00:30:00,0,286,,,,,,,,,,,,,,,,,,
30/12/2023 00:15:00,0,286,,,,,,,,,,,,,,,,,,
30/12/2023 00:00:00,0,286,,,,,,,,,,,,,,,,,,
29/12/2023 23:45:00,0,286,,,,,,,,,,,,,,,,,,
29/12/2023 23:30:00,0,286,,,,,,,,,,,,,,,,,,
29/12/2023 23:15:00,0,286,,,,,,,,,,,,,,,,,,
29/12/2023 23:00:00,0,286,,,,,,,,,,,,,,,,,,
29/12/2023 22:45:00,0,287,,,,,,,,,,,,,,,,,,
29/12/2023 22:30:00,0,287,,,,,,,,,,,,,,,,,,
29/12/2023 22:15:00,0,287,,,,,,,,,,,,,,,,,,
29/12/2023 22:00:00,0,287,,,,,,,,,,,,,,,,,,
29/12/2023 21:45:00,0,287,,,,,,,,,,,,,,,,,,
29/12/2023 21:30:00,0,288,,,,,,,,,,,,,,,,,,
29/12/2023 21:15:00,0.2,288,,,,,,,,,,,,,,,,,,
29/12/2023 21:00:00,0,288,,,,,,,,,,,,,,,,,,
29/12/2023 20:45:00,0.2,288,,,,,,,,,,,,,,,,,,
29/12/2023 20:30:00,0.8,289,,,,,,,,,,,,,,,,,,
29/12/2023 20:15:00,0,289,,,,,,,,,,,,,,,,,,
29/12/2023 20:00:00,0,289,,,,,,,,,,,,,,,,,,
29/12/2023 19:45:00,0,289,,,,,,,,,,,,,,,,,,
29/12/2023 19:30:00,0,290,,,,,,,,,,,,,,,,,,
29/12/2023 19:15:00,1,290,,,,,,,,,,,,,,,,,,
29/12/2023 19:00:00,0,290,,,,,,,,,,,,,,,,,,
29/12/2023 18:45:00,0,290,,,,,,,,,,,,,,,,,,
29/12/2023 18:30:00,0,291,,,,,,,,,,,,,,,,,,
29/12/2023 18:15:00,0,291,,,,,,,,,,,,,,,,,,
29/12/2023 18:00:00,0,291,,,,,,,,,,,,,,,,,,
29/12/2023 17:45:00,0,290,,,,,,,,,,,,,,,,,,
29/12/2023 17:30:00,0,291,,,,,,,,,,,,,,,,,,
29/12/2023 17:15:00,0,291,,,,,,,,,,,,,,,,,,
29/12/2023 17:00:00,0,291,,,,,,,,,,,,,,,,,,
29/12/2023 16:45:00,0,291,,,,,,,,,,,,,,,,,,
29/12/2023 16:30:00,0,292,,,,,,,,,,,,,,,,,,
29/12/2023 16:15:00,0,291,,,,,,,,,,,,,,,,,,
29/12/2023 16:00:00,0,291,,,,,,,,,,,,,,,,,,
29/12/2023 15:45:00,0,291,,,,,,,,,,,,,,,,,,
29/12/2023 15:30:00,0,291,,,,,,,,,,,,,,,,,,
29/12/2023 15:15:00,0,291,,,,,,,,,,,,,,,,,,
29/12/2023 15:00:00,0,291,,,,,,,,,,,,,,,,,,
29/12/2023 14:45:00,0,291,,,,,,,,,,,,,,,,,,
29/12/2023 14:30:00,0,291,,,,,,,,,,,,,,,,,,
29/12/2023 14:15:00,0,291,,,,,,,,,,,,,,,,,,
29/12/2023 14:00:00,0,291,,,,,,,,,,,,,,,,,,
29/12/2023 13:45:00,0,290,,,,,,,,,,,,,,,,,,
29/12/2023 13:30:00,0,290,,,,,,,,,,,,,,,,,,
29/12/2023 13:15:00,0,290,,,,,,,,,,,,,,,,,,
29/12/2023 13:00:00,0,290,,,,,,,,,,,,,,,,,,
29/12/2023 12:45:00,0,290,,,,,,,,,,,,,,,,,,
29/12/2023 12:30:00,0,290,,,,,,,,,,,,,,,,,,
29/12/2023 12:15:00,0,290,,,,,,,,,,,,,,,,,,
29/12/2023 12:00:00,0,289,,,,,,,,,,,,,,,,,,
29/12/2023 11:45:00,0,289,,,,,,,,,,,,,,,,,,
29/12/2023 11:30:00,0,288,,,,,,,,,,,,,,,,,,
29/12/2023 11:15:00,0,288,,,,,,,,,,,,,,,,,,
29/12/2023 11:00:00,0,288,,,,,,,,,,,,,,,,,,
29/12/2023 10:45:00,0,288,,,,,,,,,,,,,,,,,,
29/12/2023 10:30:00,0,286,,,,,,,,,,,,,,,,,,
29/12/2023 10:15:00,0,286,,,,,,,,,,,,,,,,,,
29/12/2023 10:00:00,0,285,,,,,,,,,,,,,,,,,,
29/12/2023 09:45:00,0,285,,,,,,,,,,,,,,,,,,
29/12/2023 09:30:00,0,283,,,,,,,,,,,,,,,,,,
29/12/2023 09:15:00,0,282,,,,,,,,,,,,,,,,,,
29/12/2023 09:00:00,0.2,281,,,,,,,,,,,,,,,,,,
29/12/2023 08:45:00,0.2,280,,,,,,,,,,,,,,,,,,
29/12/2023 08:30:00,0.2,279,,,,,,,,,,,,,,,,,,
29/12/2023 08:15:00,0.2,278,,,,,,,,,,,,,,,,,,
29/12/2023 08:00:00,0.6,276,,,,,,,,,,,,,,,,,,
29/12/2023 07:45:00,2.4,275,,,,,,,,,,,,,,,,,,
29/12/2023 07:30:00,5.2,273,,,,,,,,,,,,,,,,,,
29/12/2023 07:15:00,4.6,274,,,,,,,,,,,,,,,,,,
29/12/2023 07:00:00,0,274,,,,,,,,,,,,,,,,,,
29/12/2023 06:45:00,0,274,,,,,,,,,,,,,,,,,,
29/12/2023 06:30:00,0,274,,,,,,,,,,,,,,,,,,
29/12/2023 06:15:00,1.2,274,,,,,,,,,,,,,,,,,,
29/12/2023 06:00:00,0,273,,,,,,,,,,,,,,,,,,
29/12/2023 05:45:00,0,273,,,,,,,,,,,,,,,,,,
29/12/2023 05:30:00,0,274,,,,,,,,,,,,,,,,,,
29/12/2023 05:15:00,0,275,,,,,,,,,,,,,,,,,,
29/12/2023 05:00:00,0,275,,,,,,,,,,,,,,,,,,
29/12/2023 04:45:00,0,275,,,,,,,,,,,,,,,,,,
29/12/2023 04:30:00,0,275,,,,,,,,,,,,,,,,,,
29/12/2023 04:15:00,0,275,,,,,,,,,,,,,,,,,,
29/12/2023 04:00:00,0,276,,,,,,,,,,,,,,,,,,
29/12/2023 03:45:00,0,276,,,,,,,,,,,,,,,,,,
29/12/2023 03:30:00,0,276,,,,,,,,,,,,,,,,,,
29/12/2023 03:15:00,0,276,,,,,,,,,,,,,,,,,,
29/12/2023 03:00:00,0,277,,,,,,,,,,,,,,,,,,
29/12/2023 02:45:00,0,277,,,,,,,,,,,,,,,,,,
29/12/2023 02:30:00,0,277,,,,,,,,,,,,,,,,,,
29/12/2023 02:15:00,0,277,,,,,,,,,,,,,,,,,,
29/12/2023 02:00:00,0,277,,,,,,,,,,,,,,,,,,
29/12/2023 01:45:00,0,278,,,,,,,,,,,,,,,,,,
29/12/2023 01:30:00,0,278,,,,,,,,,,,,,,,,,,
29/12/2023 01:15:00,0,278,,,,,,,,,,,,,,,,,,
29/12/2023 01:00:00,0,279,,,,,,,,,,,,,,,,,,
29/12/2023 00:45:00,0,279,,,,,,,,,,,,,,,,,,
29/12/2023 00:30:00,0,279,,,,,,,,,,,,,,,,,,
29/12/2023 00:15:00,0,280,,,,,,,,,,,,,,,,,,
29/12/2023 00:00:00,0,280,,,,,,,,,,,,,,,,,,
28/12/2023 23:45:00,0,280,,,,,,,,,,,,,,,,,,
28/12/2023 23:30:00,0,281,,,,,,,,,,,,,,,,,,
28/12/2023 23:15:00,0,281,,,,,,,,,,,,,,,,,,
28/12/2023 23:00:00,0,281,,,,,,,,,,,,,,,,,,
28/12/2023 22:45:00,0,282,,,,,,,,,,,,,,,,,,
28/12/2023 22:30:00,0,282,,,,,,,,,,,,,,,,,,
28/12/2023 22:15:00,0,283,,,,,,,,,,,,,,,,,,
28/12/2023 22:00:00,0,283,,,,,,,,,,,,,,,,,,
28/12/2023 21:45:00,0,284,,,,,,,,,,,,,,,,,,
28/12/2023 21:30:00,0,284,,,,,,,,,,,,,,,,,,
28/12/2023 21:15:00,0,285,,,,,,,,,,,,,,,,,,
28/12/2023 21:00:00,0,285,,,,,,,,,,,,,,,,,,
28/12/2023 20:45:00,0,285,,,,,,,,,,,,,,,,,,
28/12/2023 20:30:00,0,286,,,,,,,,,,,,,,,,,,
28/12/2023 20:15:00,0,287,,,,,,,,,,,,,,,,,,
28/12/2023 20:00:00,0,287,,,,,,,,,,,,,,,,,,
28/12/2023 19:45:00,0,288,,,,,,,,,,,,,,,,,,
28/12/2023 19:30:00,0,288,,,,,,,,,,,,,,,,,,
28/12/2023 19:15:00,0,289,,,,,,,,,,,,,,,,,,
28/12/2023 19:00:00,0,289,,,,,,,,,,,,,,,,,,
28/12/2023 18:45:00,0,290,,,,,,,,,,,,,,,,,,
28/12/2023 18:30:00,0,290,,,,,,,,,,,,,,,,,,
28/12/2023 18:15:00,0,291,,,,,,,,,,,,,,,,,,
28/12/2023 18:00:00,0,292,,,,,,,,,,,,,,,,,,
28/12/2023 17:45:00,0,292,,,,,,,,,,,,,,,,,,
28/12/2023 17:30:00,0,292,,,,,,,,,,,,,,,,,,
28/12/2023 17:15:00,0,294,,,,,,,,,,,,,,,,,,
28/12/2023 17:00:00,0,295,,,,,,,,,,,,,,,,,,
28/12/2023 16:45:00,0,294,,,,,,,,,,,,,,,,,,
28/12/2023 16:30:00,0,296,,,,,,,,,,,,,,,,,,
28/12/2023 16:15:00,0,296,,,,,,,,,,,,,,,,,,
28/12/2023 16:00:00,0,296,,,,,,,,,,,,,,,,,,
28/12/2023 15:45:00,0,297,,,,,,,,,,,,,,,,,,
28/12/2023 15:30:00,0,297,,,,,,,,,,,,,,,,,,
28/12/2023 15:15:00,0,298,,,,,,,,,,,,,,,,,,
28/12/2023 15:00:00,0,298,,,,,,,,,,,,,,,,,,
28/12/2023 14:45:00,0,299,,,,,,,,,,,,,,,,,,
28/12/2023 14:30:00,0,299,,,,,,,,,,,,,,,,,,
28/12/2023 14:15:00,0,300,,,,,,,,,,,,,,,,,,
28/12/2023 14:00:00,0,300,,,,,,,,,,,,,,,,,,
28/12/2023 13:45:00,0,301,,,,,,,,,,,,,,,,,,
28/12/2023 13:30:00,0,301,,,,,,,,,,,,,,,,,,
28/12/2023 13:15:00,0,301,,,,,,,,,,,,,,,,,,
28/12/2023 13:00:00,0,302,,,,,,,,,,,,,,,,,,
28/12/2023 12:45:00,0,303,,,,,,,,,,,,,,,,,,
28/12/2023 12:30:00,0,303,,,,,,,,,,,,,,,,,,
28/12/2023 12:15:00,0,303,,,,,,,,,,,,,,,,,,
28/12/2023 12:00:00,0,303,,,,,,,,,,,,,,,,,,
28/12/2023 11:45:00,0,304,,,,,,,,,,,,,,,,,,
28/12/2023 11:30:00,0,305,,,,,,,,,,,,,,,,,,
28/12/2023 11:15:00,0,305,,,,,,,,,,,,,,,,,,
28/12/2023 11:00:00,0,305,,,,,,,,,,,,,,,,,,
28/12/2023 10:45:00,0,305,,,,,,,,,,,,,,,,,,
28/12/2023 10:30:00,0,305,,,,,,,,,,,,,,,,,,
28/12/2023 10:15:00,0,306,,,,,,,,,,,,,,,,,,
28/12/2023 10:00:00,0,307,,,,,,,,,,,,,,,,,,
28/12/2023 09:45:00,0,306,,,,,,,,,,,,,,,,,,
28/12/2023 09:30:00,0,307,,,,,,,,,,,,,,,,,,
28/12/2023 09:15:00,0,308,,,,,,,,,,,,,,,,,,
28/12/2023 09:00:00,0,308,,,,,,,,,,,,,,,,,,
28/12/2023 08:45:00,0,308,,,,,,,,,,,,,,,,,,
28/12/2023 08:30:00,0,308,,,,,,,,,,,,,,,,,,
28/12/2023 08:15:00,0,309,,,,,,,,,,,,,,,,,,
28/12/2023 08:00:00,0,309,,,,,,,,,,,,,,,,,,
28/12/2023 07:45:00,0,309,,,,,,,,,,,,,,,,,,
28/12/2023 07:30:00,0,309,,,,,,,,,,,,,,,,,,
28/12/2023 07:15:00,0,310,,,,,,,,,,,,,,,,,,
28/12/2023 07:00:00,0,310,,,,,,,,,,,,,,,,,,
28/12/2023 06:45:00,0,310,,,,,,,,,,,,,,,,,,
28/12/2023 06:30:00,0,310,,,,,,,,,,,,,,,,,,
28/12/2023 06:15:00,0,311,,,,,,,,,,,,,,,,,,
28/12/2023 06:00:00,0,311,,,,,,,,,,,,,,,,,,
28/12/2023 05:45:00,0,312,,,,,,,,,,,,,,,,,,
28/12/2023 05:30:00,0,312,,,,,,,,,,,,,,,,,,
28/12/2023 05:15:00,0,312,,,,,,,,,,,,,,,,,,
28/12/2023 05:00:00,0,313,,,,,,,,,,,,,,,,,,
28/12/2023 04:45:00,0,313,,,,,,,,,,,,,,,,,,
28/12/2023 04:30:00,0,314,,,,,,,,,,,,,,,,,,
28/12/2023 04:15:00,0,314,,,,,,,,,,,,,,,,,,
28/12/2023 04:00:00,0,314,,,,,,,,,,,,,,,,,,
28/12/2023 03:45:00,0,315,,,,,,,,,,,,,,,,,,
28/12/2023 03:30:00,0,315,,,,,,,,,,,,,,,,,,
28/12/2023 03:15:00,0,315,,,,,,,,,,,,,,,,,,
28/12/2023 03:00:00,0,316,,,,,,,,,,,,,,,,,,
28/12/2023 02:45:00,0,316,,,,,,,,,,,,,,,,,,
28/12/2023 02:30:00,0,317,,,,,,,,,,,,,,,,,,
28/12/2023 02:15:00,0,317,,,,,,,,,,,,,,,,,,
28/12/2023 02:00:00,0,318,,,,,,,,,,,,,,,,,,
28/12/2023 01:45:00,0,318,,,,,,,,,,,,,,,,,,
28/12/2023 01:30:00,0,318,,,,,,,,,,,,,,,,,,
28/12/2023 01:15:00,0,319,,,,,,,,,,,,,,,,,,
28/12/2023 01:00:00,0,319,,,,,,,,,,,,,,,,,,
28/12/2023 00:45:00,0,320,,,,,,,,,,,,,,,,,,
28/12/2023 00:30:00,0,321,,,,,,,,,,,,,,,,,,
28/12/2023 00:15:00,0,321,,,,,,,,,,,,,,,,,,
28/12/2023 00:00:00,0,321,,,,,,,,,,,,,,,,,,
27/12/2023 23:45:00,0,322,,,,,,,,,,,,,,,,,,
27/12/2023 23:30:00,0,322,,,,,,,,,,,,,,,,,,
27/12/2023 23:15:00,0,323,,,,,,,,,,,,,,,,,,
27/12/2023 23:00:00,0,324,,,,,,,,,,,,,,,,,,
27/12/2023 22:45:00,0,324,,,,,,,,,,,,,,,,,,
27/12/2023 22:30:00,0,325,,,,,,,,,,,,,,,,,,
27/12/2023 22:15:00,0,325,,,,,,,,,,,,,,,,,,
27/12/2023 22:00:00,0,326,,,,,,,,,,,,,,,,,,
27/12/2023 21:45:00,0,326,,,,,,,,,,,,,,,,,,
27/12/2023 21:30:00,0,327,,,,,,,,,,,,,,,,,,
27/12/2023 21:15:00,0,327,,,,,,,,,,,,,,,,,,
27/12/2023 21:00:00,0,328,,,,,,,,,,,,,,,,,,
27/12/2023 20:45:00,0,329,,,,,,,,,,,,,,,,,,
27/12/2023 20:30:00,0,329,,,,,,,,,,,,,,,,,,
27/12/2023 20:15:00,0,330,,,,,,,,,,,,,,,,,,
27/12/2023 20:00:00,0,331,,,,,,,,,,,,,,,,,,
27/12/2023 19:45:00,0,332,,,,,,,,,,,,,,,,,,
27/12/2023 19:30:00,0,332,,,,,,,,,,,,,,,,,,
27/12/2023 19:15:00,0,333,,,,,,,,,,,,,,,,,,
27/12/2023 19:00:00,0,333,,,,,,,,,,,,,,,,,,
27/12/2023 18:45:00,0,334,,,,,,,,,,,,,,,,,,
27/12/2023 18:30:00,0,334,,,,,,,,,,,,,,,,,,
27/12/2023 18:15:00,0,335,,,,,,,,,,,,,,,,,,
27/12/2023 18:00:00,0,335,,,,,,,,,,,,,,,,,,
27/12/2023 17:45:00,0,336,,,,,,,,,,,,,,,,,,
27/12/2023 17:30:00,0,337,,,,,,,,,,,,,,,,,,
27/12/2023 17:15:00,0,337,,,,,,,,,,,,,,,,,,
27/12/2023 17:00:00,0,338,,,,,,,,,,,,,,,,,,
27/12/2023 16:45:00,0,339,,,,,,,,,,,,,,,,,,
27/12/2023 16:30:00,0,339,,,,,,,,,,,,,,,,,,
27/12/2023 16:15:00,0,340,,,,,,,,,,,,,,,,,,
27/12/2023 16:00:00,0,341,,,,,,,,,,,,,,,,,,
27/12/2023 15:45:00,0,341,,,,,,,,,,,,,,,,,,
27/12/2023 15:30:00,0,341,,,,,,,,,,,,,,,,,,
27/12/2023 15:15:00,0,342,,,,,,,,,,,,,,,,,,
27/12/2023 15:00:00,0,343,,,,,,,,,,,,,,,,,,
27/12/2023 14:45:00,0,343,,,,,,,,,,,,,,,,,,
27/12/2023 14:30:00,0,344,,,,,,,,,,,,,,,,,,
27/12/2023 14:15:00,0,344,,,,,,,,,,,,,,,,,,
27/12/2023 14:00:00,0,344,,,,,,,,,,,,,,,,,,
27/12/2023 13:45:00,0,344,,,,,,,,,,,,,,,,,,
27/12/2023 13:30:00,0,346,,,,,,,,,,,,,,,,,,
27/12/2023 13:15:00,0,346,,,,,,,,,,,,,,,,,,
27/12/2023 13:00:00,0,346,,,,,,,,,,,,,,,,,,
27/12/2023 12:45:00,0,347,,,,,,,,,,,,,,,,,,
27/12/2023 12:30:00,0,348,,,,,,,,,,,,,,,,,,
27/12/2023 12:15:00,0,348,,,,,,,,,,,,,,,,,,
27/12/2023 12:00:00,0,348,,,,,,,,,,,,,,,,,,
27/12/2023 11:45:00,0,349,,,,,,,,,,,,,,,,,,
27/12/2023 11:30:00,0,349,,,,,,,,,,,,,,,,,,
27/12/2023 11:15:00,0,350,,,,,,,,,,,,,,,,,,
27/12/2023 11:00:00,0,350,,,,,,,,,,,,,,,,,,
27/12/2023 10:45:00,0,350,,,,,,,,,,,,,,,,,,
27/12/2023 10:30:00,0,350,,,,,,,,,,,,,,,,,,
27/12/2023 10:15:00,0,350,,,,,,,,,,,,,,,,,,
27/12/2023 10:00:00,0,351,,,,,,,,,,,,,,,,,,
27/12/2023 09:45:00,0,351,,,,,,,,,,,,,,,,,,
27/12/2023 09:30:00,0,351,,,,,,,,,,,,,,,,,,
27/12/2023 09:15:00,0,350,,,,,,,,,,,,,,,,,,
27/12/2023 09:00:00,0,352,,,,,,,,,,,,,,,,,,
27/12/2023 08:45:00,0,352,,,,,,,,,,,,,,,,,,
27/12/2023 08:30:00,0,352,,,,,,,,,,,,,,,,,,
27/12/2023 08:15:00,0,352,,,,,,,,,,,,,,,,,,
27/12/2023 08:00:00,0,352,,,,,,,,,,,,,,,,,,
27/12/2023 07:45:00,0,352,,,,,,,,,,,,,,,,,,
27/12/2023 07:30:00,0,352,,,,,,,,,,,,,,,,,,
27/12/2023 07:15:00,0,352,,,,,,,,,,,,,,,,,,
27/12/2023 07:00:00,0,353,,,,,,,,,,,,,,,,,,
27/12/2023 06:45:00,0,352,,,,,,,,,,,,,,,,,,
27/12/2023 06:30:00,0,352,,,,,,,,,,,,,,,,,,
27/12/2023 06:15:00,0,352,,,,,,,,,,,,,,,,,,
27/12/2023 06:00:00,0,352,,,,,,,,,,,,,,,,,,
27/12/2023 05:45:00,0,353,,,,,,,,,,,,,,,,,,
27/12/2023 05:30:00,0,353,,,,,,,,,,,,,,,,,,
27/12/2023 05:15:00,0,353,,,,,,,,,,,,,,,,,,
27/12/2023 05:00:00,0,353,,,,,,,,,,,,,,,,,,
27/12/2023 04:45:00,0,353,,,,,,,,,,,,,,,,,,
27/12/2023 04:30:00,0,353,,,,,,,,,,,,,,,,,,
27/12/2023 04:15:00,0,353,,,,,,,,,,,,,,,,,,
27/12/2023 04:00:00,0,353,,,,,,,,,,,,,,,,,,
27/12/2023 03:45:00,0,354,,,,,,,,,,,,,,,,,,
27/12/2023 03:30:00,0,354,,,,,,,,,,,,,,,,,,
27/12/2023 03:15:00,0,354,,,,,,,,,,,,,,,,,,
27/12/2023 03:00:00,0,354,,,,,,,,,,,,,,,,,,
27/12/2023 02:45:00,0,353,,,,,,,,,,,,,,,,,,
27/12/2023 02:30:00,0,353,,,,,,,,,,,,,,,,,,
27/12/2023 02:15:00,0,353,,,,,,,,,,,,,,,,,,
27/12/2023 02:00:00,0,353,,,,,,,,,,,,,,,,,,
27/12/2023 01:45:00,0,353,,,,,,,,,,,,,,,,,,
27/12/2023 01:30:00,0,353,,,,,,,,,,,,,,,,,,
27/12/2023 01:15:00,0,353,,,,,,,,,,,,,,,,,,
27/12/2023 01:00:00,0,353,,,,,,,,,,,,,,,,,,
27/12/2023 00:45:00,0,353,,,,,,,,,,,,,,,,,,
27/12/2023 00:30:00,0,353,,,,,,,,,,,,,,,,,,
27/12/2023 00:15:00,0,353,,,,,,,,,,,,,,,,,,
27/12/2023 00:00:00,0,352,,,,,,,,,,,,,,,,,,
26/12/2023 23:45:00,0,352,,,,,,,,,,,,,,,,,,
26/12/2023 23:30:00,0,352,,,,,,,,,,,,,,,,,,
26/12/2023 23:15:00,0,352,,,,,,,,,,,,,,,,,,
26/12/2023 23:00:00,0,352,,,,,,,,,,,,,,,,,,
26/12/2023 22:45:00,0,351,,,,,,,,,,,,,,,,,,
26/12/2023 22:30:00,0,351,,,,,,,,,,,,,,,,,,
26/12/2023 22:15:00,0,351,,,,,,,,,,,,,,,,,,
26/12/2023 22:00:00,0,351,,,,,,,,,,,,,,,,,,
26/12/2023 21:45:00,0,350,,,,,,,,,,,,,,,,,,
26/12/2023 21:30:00,0,350,,,,,,,,,,,,,,,,,,
26/12/2023 21:15:00,0,350,,,,,,,,,,,,,,,,,,
26/12/2023 21:00:00,0,350,,,,,,,,,,,,,,,,,,
26/12/2023 20:45:00,0,349,,,,,,,,,,,,,,,,,,
26/12/2023 20:30:00,0,349,,,,,,,,,,,,,,,,,,
26/12/2023 20:15:00,0,349,,,,,,,,,,,,,,,,,,
26/12/2023 20:00:00,0,349,,,,,,,,,,,,,,,,,,
26/12/2023 19:45:00,0,348,,,,,,,,,,,,,,,,,,
26/12/2023 19:30:00,0,348,,,,,,,,,,,,,,,,,,
26/12/2023 19:15:00,0,348,,,,,,,,,,,,,,,,,,
26/12/2023 19:00:00,0,347,,,,,,,,,,,,,,,,,,
26/12/2023 18:45:00,0,347,,,,,,,,,,,,,,,,,,
26/12/2023 18:30:00,0,346,,,,,,,,,,,,,,,,,,
26/12/2023 18:15:00,0,346,,,,,,,,,,,,,,,,,,
26/12/2023 18:00:00,0,346,,,,,,,,,,,,,,,,,,
26/12/2023 17:45:00,0,345,,,,,,,,,,,,,,,,,,
26/12/2023 17:30:00,0,346,,,,,,,,,,,,,,,,,,
26/12/2023 17:15:00,0,345,,,,,,,,,,,,,,,,,,
26/12/2023 17:00:00,0,345,,,,,,,,,,,,,,,,,,
26/12/2023 16:45:00,0,344,,,,,,,,,,,,,,,,,,
26/12/2023 16:30:00,0,344,,,,,,,,,,,,,,,,,,
26/12/2023 16:15:00,0,344,,,,,,,,,,,,,,,,,,
26/12/2023 16:00:00,0,344,,,,,,,,,,,,,,,,,,
26/12/2023 15:45:00,0,344,,,,,,,,,,,,,,,,,,
26/12/2023 15:30:00,0,343,,,,,,,,,,,,,,,,,,
26/12/2023 15:15:00,0,344,,,,,,,,,,,,,,,,,,
26/12/2023 15:00:00,0,343,,,,,,,,,,,,,,,,,,
26/12/2023 14:45:00,0,343,,,,,,,,,,,,,,,,,,
26/12/2023 14:30:00,0,343,,,,,,,,,,,,,,,,,,
26/12/2023 14:15:00,0,343,,,,,,,,,,,,,,,,,,
26/12/2023 14:00:00,0,343,,,,,,,,,,,,,,,,,,
26/12/2023 13:45:00,0,342,,,,,,,,,,,,,,,,,,
26/12/2023 13:30:00,0,342,,,,,,,,,,,,,,,,,,
26/12/2023 13:15:00,0,342,,,,,,,,,,,,,,,,,,
26/12/2023 13:00:00,0,342,,,,,,,,,,,,,,,,,,
26/12/2023 12:45:00,0,342,,,,,,,,,,,,,,,,,,
26/12/2023 12:30:00,0,341,,,,,,,,,,,,,,,,,,
26/12/2023 12:15:00,0,341,,,,,,,,,,,,,,,,,,
26/12/2023 12:00:00,0,341,,,,,,,,,,,,,,,,,,
26/12/2023 11:45:00,0,341,,,,,,,,,,,,,,,,,,
26/12/2023 11:30:00,0,340,,,,,,,,,,,,,,,,,,
26/12/2023 11:15:00,0,340,,,,,,,,,,,,,,,,,,
26/12/2023 11:00:00,0,340,,,,,,,,,,,,,,,,,,
26/12/2023 10:45:00,0,340,,,,,,,,,,,,,,,,,,
26/12/2023 10:30:00,0,339,,,,,,,,,,,,,,,,,,
26/12/2023 10:15:00,0,339,,,,,,,,,,,,,,,,,,
26/12/2023 10:00:00,0,339,,,,,,,,,,,,,,,,,,
26/12/2023 09:45:00,0,338,,,,,,,,,,,,,,,,,,
26/12/2023 09:30:00,0,338,,,,,,,,,,,,,,,,,,
26/12/2023 09:15:00,0,338,,,,,,,,,,,,,,,,,,
26/12/2023 09:00:00,0,338,,,,,,,,,,,,,,,,,,
26/12/2023 08:45:00,0,337,,,,,,,,,,,,,,,,,,
26/12/2023 08:30:00,0,337,,,,,,,,,,,,,,,,,,
26/12/2023 08:15:00,0,336,,,,,,,,,,,,,,,,,,
26/12/2023 08:00:00,0,336,,,,,,,,,,,,,,,,,,
26/12/2023 07:45:00,0,335,,,,,,,,,,,,,,,,,,
26/12/2023 07:30:00,0,335,,,,,,,,,,,,,,,,,,
26/12/2023 07:15:00,0,334,,,,,,,,,,,,,,,,,,
26/12/2023 07:00:00,0,334,,,,,,,,,,,,,,,,,,
26/12/2023 06:45:00,0,333,,,,,,,,,,,,,,,,,,
26/12/2023 06:30:00,0,333,,,,,,,,,,,,,,,,,,
26/12/2023 06:15:00,0,332,,,,,,,,,,,,,,,,,,
26/12/2023 06:00:00,0,332,,,,,,,,,,,,,,,,,,
26/12/2023 05:45:00,0,331,,,,,,,,,,,,,,,,,,
26/12/2023 05:30:00,0,331,,,,,,,,,,,,,,,,,,
26/12/2023 05:15:00,0,330,,,,,,,,,,,,,,,,,,
26/12/2023 05:00:00,0,329,,,,,,,,,,,,,,,,,,
26/12/2023 04:45:00,0,328,,,,,,,,,,,,,,,,,,
26/12/2023 04:30:00,0,328,,,,,,,,,,,,,,,,,,
26/12/2023 04:15:00,0,327,,,,,,,,,,,,,,,,,,
26/12/2023 04:00:00,0,326,,,,,,,,,,,,,,,,,,
26/12/2023 03:45:00,0,325,,,,,,,,,,,,,,,,,,
26/12/2023 03:30:00,0,324,,,,,,,,,,,,,,,,,,
26/12/2023 03:15:00,0,323,,,,,,,,,,,,,,,,,,
26/12/2023 03:00:00,0,323,,,,,,,,,,,,,,,,,,
26/12/2023 02:45:00,0,322,,,,,,,,,,,,,,,,,,
26/12/2023 02:30:00,0,321,,,,,,,,,,,,,,,,,,
26/12/2023 02:15:00,0,320,,,,,,,,,,,,,,,,,,
26/12/2023 02:00:00,0,319,,,,,,,,,,,,,,,,,,
26/12/2023 01:45:00,0,318,,,,,,,,,,,,,,,,,,
26/12/2023 01:30:00,0,317,,,,,,,,,,,,,,,,,,
26/12/2023 01:15:00,0,316,,,,,,,,,,,,,,,,,,
26/12/2023 01:00:00,0,315,,,,,,,,,,,,,,,,,,
26/12/2023 00:45:00,0,314,,,,,,,,,,,,,,,,,,
26/12/2023 00:30:00,0,314,,,,,,,,,,,,,,,,,,
26/12/2023 00:15:00,0,313,,,,,,,,,,,,,,,,,,
26/12/2023 00:00:00,0,312,,,,,,,,,,,,,,,,,,
25/12/2023 23:45:00,0,311,,,,,,,,,,,,,,,,,,
25/12/2023 23:30:00,0,310,,,,,,,,,,,,,,,,,,
25/12/2023 23:15:00,0,310,,,,,,,,,,,,,,,,,,
25/12/2023 23:00:00,0,309,,,,,,,,,,,,,,,,,,
25/12/2023 22:45:00,0,308,,,,,,,,,,,,,,,,,,
25/12/2023 22:30:00,0,308,,,,,,,,,,,,,,,,,,
25/12/2023 22:15:00,0,308,,,,,,,,,,,,,,,,,,
25/12/2023 22:00:00,0,307,,,,,,,,,,,,,,,,,,
25/12/2023 21:45:00,0,307,,,,,,,,,,,,,,,,,,
25/12/2023 21:30:00,0,307,,,,,,,,,,,,,,,,,,
25/12/2023 21:15:00,0,307,,,,,,,,,,,,,,,,,,
25/12/2023 21:00:00,0,306,,,,,,,,,,,,,,,,,,
25/12/2023 20:45:00,0,306,,,,,,,,,,,,,,,,,,
25/12/2023 20:30:00,0,306,,,,,,,,,,,,,,,,,,
25/12/2023 20:15:00,0,305,,,,,,,,,,,,,,,,,,
25/12/2023 20:00:00,0,305,,,,,,,,,,,,,,,,,,
25/12/2023 19:45:00,0,304,,,,,,,,,,,,,,,,,,
25/12/2023 19:30:00,0,304,,,,,,,,,,,,,,,,,,
25/12/2023 19:15:00,0,303,,,,,,,,,,,,,,,,,,
25/12/2023 19:00:00,0,303,,,,,,,,,,,,,,,,,,
25/12/2023 18:45:00,0,302,,,,,,,,,,,,,,,,,,
25/12/2023 18:30:00,0,302,,,,,,,,,,,,,,,,,,
25/12/2023 18:15:00,1.6,302,,,,,,,,,,,,,,,,,,
25/12/2023 18:00:00,0,302,,,,,,,,,,,,,,,,,,
25/12/2023 17:45:00,0,301,,,,,,,,,,,,,,,,,,
25/12/2023 17:30:00,0,302,,,,,,,,,,,,,,,,,,
25/12/2023 17:15:00,0.2,302,,,,,,,,,,,,,,,,,,
25/12/2023 17:00:00,0.2,302,,,,,,,,,,,,,,,,,,
25/12/2023 16:45:00,0.2,302,,,,,,,,,,,,,,,,,,
25/12/2023 16:30:00,0.2,302,,,,,,,,,,,,,,,,,,
25/12/2023 16:15:00,0,302,,,,,,,,,,,,,,,,,,
25/12/2023 16:00:00,1.8,302,,,,,,,,,,,,,,,,,,
25/12/2023 15:45:00,2.6,302,,,,,,,,,,,,,,,,,,
25/12/2023 15:30:00,0.2,302,,,,,,,,,,,,,,,,,,
25/12/2023 15:15:00,0,303,,,,,,,,,,,,,,,,,,
25/12/2023 15:00:00,0,303,,,,,,,,,,,,,,,,,,
25/12/2023 14:45:00,0,304,,,,,,,,,,,,,,,,,,
25/12/2023 14:30:00,0,304,,,,,,,,,,,,,,,,,,
25/12/2023 14:15:00,0.2,305,,,,,,,,,,,,,,,,,,
25/12/2023 14:00:00,0,305,,,,,,,,,,,,,,,,,,
25/12/2023 13:45:00,0.8,306,,,,,,,,,,,,,,,,,,
25/12/2023 13:30:00,0.6,306,,,,,,,,,,,,,,,,,,
25/12/2023 13:15:00,0,306,,,,,,,,,,,,,,,,,,
25/12/2023 13:00:00,0,307,,,,,,,,,,,,,,,,,,
25/12/2023 12:45:00,0,307,,,,,,,,,,,,,,,,,,
25/12/2023 12:30:00,0,307,,,,,,,,,,,,,,,,,,
25/12/2023 12:15:00,0,308,,,,,,,,,,,,,,,,,,
25/12/2023 12:00:00,0,308,,,,,,,,,,,,,,,,,,
25/12/2023 11:45:00,0,309,,,,,,,,,,,,,,,,,,
25/12/2023 11:30:00,0,309,,,,,,,,,,,,,,,,,,
25/12/2023 11:15:00,0,309,,,,,,,,,,,,,,,,,,
25/12/2023 11:00:00,0,309,,,,,,,,,,,,,,,,,,
25/12/2023 10:45:00,0,310,,,,,,,,,,,,,,,,,,
25/12/2023 10:30:00,0,310,,,,,,,,,,,,,,,,,,
25/12/2023 10:15:00,0,310,,,,,,,,,,,,,,,,,,
25/12/2023 10:00:00,0,311,,,,,,,,,,,,,,,,,,
25/12/2023 09:45:00,0,311,,,,,,,,,,,,,,,,,,
25/12/2023 09:30:00,0,311,,,,,,,,,,,,,,,,,,
25/12/2023 09:15:00,0,311,,,,,,,,,,,,,,,,,,
25/12/2023 09:00:00,0,312,,,,,,,,,,,,,,,,,,
25/12/2023 08:45:00,0,312,,,,,,,,,,,,,,,,,,
25/12/2023 08:30:00,0,313,,,,,,,,,,,,,,,,,,
25/12/2023 08:15:00,0,313,,,,,,,,,,,,,,,,,,
25/12/2023 08:00:00,0,314,,,,,,,,,,,,,,,,,,
25/12/2023 07:45:00,0,314,,,,,,,,,,,,,,,,,,
25/12/2023 07:30:00,0,314,,,,,,,,,,,,,,,,,,
25/12/2023 07:15:00,0,314,,,,,,,,,,,,,,,,,,
25/12/2023 07:00:00,0,315,,,,,,,,,,,,,,,,,,
25/12/2023 06:45:00,0,315,,,,,,,,,,,,,,,,,,
25/12/2023 06:30:00,0,315,,,,,,,,,,,,,,,,,,
25/12/2023 06:15:00,0,316,,,,,,,,,,,,,,,,,,
25/12/2023 06:00:00,0,316,,,,,,,,,,,,,,,,,,
25/12/2023 05:45:00,0,317,,,,,,,,,,,,,,,,,,
25/12/2023 05:30:00,0,317,,,,,,,,,,,,,,,,,,
25/12/2023 05:15:00,0,317,,,,,,,,,,,,,,,,,,
25/12/2023 05:00:00,0,318,,,,,,,,,,,,,,,,,,
25/12/2023 04:45:00,0,318,,,,,,,,,,,,,,,,,,
25/12/2023 04:30:00,0,319,,,,,,,,,,,,,,,,,,
25/12/2023 04:15:00,0,319,,,,,,,,,,,,,,,,,,
25/12/2023 04:00:00,0,319,,,,,,,,,,,,,,,,,,
25/12/2023 03:45:00,0,320,,,,,,,,,,,,,,,,,,
25/12/2023 03:30:00,0,320,,,,,,,,,,,,,,,,,,
25/12/2023 03:15:00,0,320,,,,,,,,,,,,,,,,,,
25/12/2023 03:00:00,0,320,,,,,,,,,,,,,,,,,,
25/12/2023 02:45:00,0,321,,,,,,,,,,,,,,,,,,
25/12/2023 02:30:00,0,321,,,,,,,,,,,,,,,,,,
25/12/2023 02:15:00,0,322,,,,,,,,,,,,,,,,,,
25/12/2023 02:00:00,0,322,,,,,,,,,,,,,,,,,,
25/12/2023 01:45:00,0,322,,,,,,,,,,,,,,,,,,
25/12/2023 01:30:00,0,323,,,,,,,,,,,,,,,,,,
25/12/2023 01:15:00,0,323,,,,,,,,,,,,,,,,,,
25/12/2023 01:00:00,0,324,,,,,,,,,,,,,,,,,,
25/12/2023 00:45:00,0,324,,,,,,,,,,,,,,,,,,
25/12/2023 00:30:00,0,324,,,,,,,,,,,,,,,,,,
25/12/2023 00:15:00,0,324,,,,,,,,,,,,,,,,,,
25/12/2023 00:00:00,0,325,,,,,,,,,,,,,,,,,,
24/12/2023 23:45:00,0,325,,,,,,,,,,,,,,,,,,
24/12/2023 23:30:00,0,326,,,,,,,,,,,,,,,,,,
24/12/2023 23:15:00,0,326,,,,,,,,,,,,,,,,,,
24/12/2023 23:00:00,0,326,,,,,,,,,,,,,,,,,,
24/12/2023 22:45:00,0,327,,,,,,,,,,,,,,,,,,
24/12/2023 22:30:00,0,327,,,,,,,,,,,,,,,,,,
24/12/2023 22:15:00,0,328,,,,,,,,,,,,,,,,,,
24/12/2023 22:00:00,0,328,,,,,,,,,,,,,,,,,,
24/12/2023 21:45:00,0,329,,,,,,,,,,,,,,,,,,
24/12/2023 21:30:00,0,329,,,,,,,,,,,,,,,,,,
24/12/2023 21:15:00,0,330,,,,,,,,,,,,,,,,,,
24/12/2023 21:00:00,0,330,,,,,,,,,,,,,,,,,,
24/12/2023 20:45:00,0,330,,,,,,,,,,,,,,,,,,
24/12/2023 20:30:00,0,330,,,,,,,,,,,,,,,,,,
24/12/2023 20:15:00,0,331,,,,,,,,,,,,,,,,,,
24/12/2023 20:00:00,0,331,,,,,,,,,,,,,,,,,,
24/12/2023 19:45:00,0,332,,,,,,,,,,,,,,,,,,
24/12/2023 19:30:00,0,333,,,,,,,,,,,,,,,,,,
24/12/2023 19:15:00,0,333,,,,,,,,,,,,,,,,,,
24/12/2023 19:00:00,0,333,,,,,,,,,,,,,,,,,,
24/12/2023 18:45:00,0,334,,,,,,,,,,,,,,,,,,
24/12/2023 18:30:00,0,334,,,,,,,,,,,,,,,,,,
24/12/2023 18:15:00,0,334,,,,,,,,,,,,,,,,,,
24/12/2023 18:00:00,0,335,,,,,,,,,,,,,,,,,,
24/12/2023 17:45:00,0,336,,,,,,,,,,,,,,,,,,
24/12/2023 17:30:00,0,336,,,,,,,,,,,,,,,,,,
24/12/2023 17:15:00,0,337,,,,,,,,,,,,,,,,,,
24/12/2023 17:00:00,0,337,,,,,,,,,,,,,,,,,,
24/12/2023 16:45:00,0,338,,,,,,,,,,,,,,,,,,
24/12/2023 16:30:00,0,339,,,,,,,,,,,,,,,,,,
24/12/2023 16:15:00,0,339,,,,,,,,,,,,,,,,,,
24/12/2023 16:00:00,0,340,,,,,,,,,,,,,,,,,,
24/12/2023 15:45:00,0,341,,,,,,,,,,,,,,,,,,
24/12/2023 15:30:00,0,341,,,,,,,,,,,,,,,,,,
24/12/2023 15:15:00,0,342,,,,,,,,,,,,,,,,,,
24/12/2023 15:00:00,0,342,,,,,,,,,,,,,,,,,,
24/12/2023 14:45:00,0,342,,,,,,,,,,,,,,,,,,
24/12/2023 14:30:00,0,342,,,,,,,,,,,,,,,,,,
24/12/2023 14:15:00,0,343,,,,,,,,,,,,,,,,,,
24/12/2023 14:00:00,0,344,,,,,,,,,,,,,,,,,,
24/12/2023 13:45:00,0,344,,,,,,,,,,,,,,,,,,
24/12/2023 13:30:00,0,345,,,,,,,,,,,,,,,,,,
24/12/2023 13:15:00,0,345,,,,,,,,,,,,,,,,,,
24/12/2023 13:00:00,0,345,,,,,,,,,,,,,,,,,,
24/12/2023 12:45:00,0,346,,,,,,,,,,,,,,,,,,
24/12/2023 12:30:00,0,346,,,,,,,,,,,,,,,,,,
24/12/2023 12:15:00,0,347,,,,,,,,,,,,,,,,,,
24/12/2023 12:00:00,0,347,,,,,,,,,,,,,,,,,,
24/12/2023 11:45:00,0,347,,,,,,,,,,,,,,,,,,
24/12/2023 11:30:00,0,347,,,,,,,,,,,,,,,,,,
24/12/2023 11:15:00,0,348,,,,,,,,,,,,,,,,,,
24/12/2023 11:00:00,0,348,,,,,,,,,,,,,,,,,,
24/12/2023 10:45:00,0,348,,,,,,,,,,,,,,,,,,
24/12/2023 10:30:00,0,348,,,,,,,,,,,,,,,,,,
24/12/2023 10:15:00,0,349,,,,,,,,,,,,,,,,,,
24/12/2023 10:00:00,0,349,,,,,,,,,,,,,,,,,,
24/12/2023 09:45:00,0,349,,,,,,,,,,,,,,,,,,
24/12/2023 09:30:00,0,349,,,,,,,,,,,,,,,,,,
24/12/2023 09:15:00,0,350,,,,,,,,,,,,,,,,,,
24/12/2023 09:00:00,0,350,,,,,,,,,,,,,,,,,,
24/12/2023 08:45:00,0,350,,,,,,,,,,,,,,,,,,
24/12/2023 08:30:00,0,350,,,,,,,,,,,,,,,,,,
24/12/2023 08:15:00,0,350,,,,,,,,,,,,,,,,,,
24/12/2023 08:00:00,0,350,,,,,,,,,,,,,,,,,,
24/12/2023 07:45:00,0,351,,,,,,,,,,,,,,,,,,
24/12/2023 07:30:00,0,350,,,,,,,,,,,,,,,,,,
24/12/2023 07:15:00,0,351,,,,,,,,,,,,,,,,,,
24/12/2023 07:00:00,0,351,,,,,,,,,,,,,,,,,,
24/12/2023 06:45:00,0,351,,,,,,,,,,,,,,,,,,
24/12/2023 06:30:00,0,351,,,,,,,,,,,,,,,,,,
24/12/2023 06:15:00,0,351,,,,,,,,,,,,,,,,,,
24/12/2023 06:00:00,0,351,,,,,,,,,,,,,,,,,,
24/12/2023 05:45:00,0,352,,,,,,,,,,,,,,,,,,
24/12/2023 05:30:00,0,352,,,,,,,,,,,,,,,,,,
24/12/2023 05:15:00,0,352,,,,,,,,,,,,,,,,,,
24/12/2023 05:00:00,0,352,,,,,,,,,,,,,,,,,,
24/12/2023 04:45:00,0,352,,,,,,,,,,,,,,,,,,
24/12/2023 04:30:00,0,352,,,,,,,,,,,,,,,,,,
24/12/2023 04:15:00,0,352,,,,,,,,,,,,,,,,,,
24/12/2023 04:00:00,0,353,,,,,,,,,,,,,,,,,,
24/12/2023 03:45:00,0,352,,,,,,,,,,,,,,,,,,
24/12/2023 03:30:00,0,353,,,,,,,,,,,,,,,,,,
24/12/2023 03:15:00,0,353,,,,,,,,,,,,,,,,,,
24/12/2023 03:00:00,0,352,,,,,,,,,,,,,,,,,,
24/12/2023 02:45:00,0,352,,,,,,,,,,,,,,,,,,
24/12/2023 02:30:00,0,352,,,,,,,,,,,,,,,,,,
24/12/2023 02:15:00,0,352,,,,,,,,,,,,,,,,,,
24/12/2023 02:00:00,0,352,,,,,,,,,,,,,,,,,,
24/12/2023 01:45:00,0,353,,,,,,,,,,,,,,,,,,
24/12/2023 01:30:00,0,352,,,,,,,,,,,,,,,,,,
24/12/2023 01:15:00,0,353,,,,,,,,,,,,,,,,,,
24/12/2023 01:00:00,0,352,,,,,,,,,,,,,,,,,,
24/12/2023 00:45:00,0,352,,,,,,,,,,,,,,,,,,
24/12/2023 00:30:00,0,352,,,,,,,,,,,,,,,,,,
24/12/2023 00:15:00,0,352,,,,,,,,,,,,,,,,,,
24/12/2023 00:00:00,0,352,,,,,,,,,,,,,,,,,,
23/12/2023 23:45:00,0,352,,,,,,,,,,,,,,,,,,
23/12/2023 23:30:00,0,352,,,,,,,,,,,,,,,,,,
23/12/2023 23:15:00,0,352,,,,,,,,,,,,,,,,,,
23/12/2023 23:00:00,0,351,,,,,,,,,,,,,,,,,,
23/12/2023 22:45:00,0,351,,,,,,,,,,,,,,,,,,
23/12/2023 22:30:00,0,351,,,,,,,,,,,,,,,,,,
23/12/2023 22:15:00,0,351,,,,,,,,,,,,,,,,,,
23/12/2023 22:00:00,0,351,,,,,,,,,,,,,,,,,,
23/12/2023 21:45:00,0,351,,,,,,,,,,,,,,,,,,
23/12/2023 21:30:00,0,351,,,,,,,,,,,,,,,,,,
23/12/2023 21:15:00,0,350,,,,,,,,,,,,,,,,,,
23/12/2023 21:00:00,0,350,,,,,,,,,,,,,,,,,,
23/12/2023 20:45:00,0,349,,,,,,,,,,,,,,,,,,
23/12/2023 20:30:00,0,349,,,,,,,,,,,,,,,,,,
23/12/2023 20:15:00,0,349,,,,,,,,,,,,,,,,,,
23/12/2023 20:00:00,0,349,,,,,,,,,,,,,,,,,,
23/12/2023 19:45:00,0,349,,,,,,,,,,,,,,,,,,
23/12/2023 19:30:00,0,349,,,,,,,,,,,,,,,,,,
23/12/2023 19:15:00,0,349,,,,,,,,,,,,,,,,,,
23/12/2023 19:00:00,0,348,,,,,,,,,,,,,,,,,,
23/12/2023 18:45:00,0,348,,,,,,,,,,,,,,,,,,
23/12/2023 18:30:00,0,347,,,,,,,,,,,,,,,,,,
23/12/2023 18:15:00,0,347,,,,,,,,,,,,,,,,,,
23/12/2023 18:00:00,0,347,,,,,,,,,,,,,,,,,,
23/12/2023 17:45:00,0,346,,,,,,,,,,,,,,,,,,
23/12/2023 17:30:00,0,346,,,,,,,,,,,,,,,,,,
23/12/2023 17:15:00,0,346,,,,,,,,,,,,,,,,,,
23/12/2023 17:00:00,0,345,,,,,,,,,,,,,,,,,,
23/12/2023 16:45:00,0,345,,,,,,,,,,,,,,,,,,
23/12/2023 16:30:00,0,345,,,,,,,,,,,,,,,,,,
23/12/2023 16:15:00,0,344,,,,,,,,,,,,,,,,,,
23/12/2023 16:00:00,0,344,,,,,,,,,,,,,,,,,,
23/12/2023 15:45:00,0,344,,,,,,,,,,,,,,,,,,
23/12/2023 15:30:00,0,344,,,,,,,,,,,,,,,,,,
23/12/2023 15:15:00,0,344,,,,,,,,,,,,,,,,,,
23/12/2023 15:00:00,0,343,,,,,,,,,,,,,,,,,,
23/12/2023 14:45:00,0,342,,,,,,,,,,,,,,,,,,
23/12/2023 14:30:00,0,342,,,,,,,,,,,,,,,,,,
23/12/2023 14:15:00,0,342,,,,,,,,,,,,,,,,,,
23/12/2023 14:00:00,0,341,,,,,,,,,,,,,,,,,,
23/12/2023 13:45:00,0,341,,,,,,,,,,,,,,,,,,
23/12/2023 13:30:00,0,340,,,,,,,,,,,,,,,,,,
23/12/2023 13:15:00,0,339,,,,,,,,,,,,,,,,,,
23/12/2023 13:00:00,0,338,,,,,,,,,,,,,,,,,,
23/12/2023 12:45:00,0,337,,,,,,,,,,,,,,,,,,
23/12/2023 12:30:00,0,338,,,,,,,,,,,,,,,,,,
23/12/2023 12:15:00,0,337,,,,,,,,,,,,,,,,,,
23/12/2023 12:00:00,0,336,,,,,,,,,,,,,,,,,,
23/12/2023 11:45:00,0,335,,,,,,,,,,,,,,,,,,
23/12/2023 11:30:00,0.2,334,,,,,,,,,,,,,,,,,,
23/12/2023 11:15:00,0,333,,,,,,,,,,,,,,,,,,
23/12/2023 11:00:00,0,332,,,,,,,,,,,,,,,,,,
23/12/2023 10:45:00,0,331,,,,,,,,,,,,,,,,,,
23/12/2023 10:30:00,0,330,,,,,,,,,,,,,,,,,,
23/12/2023 10:15:00,0,329,,,,,,,,,,,,,,,,,,
23/12/2023 10:00:00,0,328,,,,,,,,,,,,,,,,,,
23/12/2023 09:45:00,0,327,,,,,,,,,,,,,,,,,,
23/12/2023 09:30:00,0,326,,,,,,,,,,,,,,,,,,
23/12/2023 09:15:00,0,325,,,,,,,,,,,,,,,,,,
23/12/2023 09:00:00,0,323,,,,,,,,,,,,,,,,,,
23/12/2023 08:45:00,0,322,,,,,,,,,,,,,,,,,,
23/12/2023 08:30:00,0,321,,,,,,,,,,,,,,,,,,
23/12/2023 08:15:00,0,320,,,,,,,,,,,,,,,,,,
23/12/2023 08:00:00,0,319,,,,,,,,,,,,,,,,,,
23/12/2023 07:45:00,0,317,,,,,,,,,,,,,,,,,,
23/12/2023 07:30:00,0,316,,,,,,,,,,,,,,,,,,
23/12/2023 07:15:00,0,315,,,,,,,,,,,,,,,,,,
23/12/2023 07:00:00,0,314,,,,,,,,,,,,,,,,,,
23/12/2023 06:45:00,0,313,,,,,,,,,,,,,,,,,,
23/12/2023 06:30:00,0,312,,,,,,,,,,,,,,,,,,
23/12/2023 06:15:00,0,311,,,,,,,,,,,,,,,,,,
23/12/2023 06:00:00,0,310,,,,,,,,,,,,,,,,,,
23/12/2023 05:45:00,0,309,,,,,,,,,,,,,,,,,,
23/12/2023 05:30:00,0,308,,,,,,,,,,,,,,,,,,
23/12/2023 05:15:00,0,307,,,,,,,,,,,,,,,,,,
23/12/2023 05:00:00,0,306,,,,,,,,,,,,,,,,,,
23/12/2023 04:45:00,0,305,,,,,,,,,,,,,,,,,,
23/12/2023 04:30:00,0,305,,,,,,,,,,,,,,,,,,
23/12/2023 04:15:00,0,304,,,,,,,,,,,,,,,,,,
23/12/2023 04:00:00,0,303,,,,,,,,,,,,,,,,,,
23/12/2023 03:45:00,0,303,,,,,,,,,,,,,,,,,,
23/12/2023 03:30:00,0,302,,,,,,,,,,,,,,,,,,
23/12/2023 03:15:00,0,302,,,,,,,,,,,,,,,,,,
23/12/2023 03:00:00,0,301,,,,,,,,,,,,,,,,,,
23/12/2023 02:45:00,0,301,,,,,,,,,,,,,,,,,,
23/12/2023 02:30:00,0,301,,,,,,,,,,,,,,,,,,
23/12/2023 02:15:00,0,300,,,,,,,,,,,,,,,,,,
23/12/2023 02:00:00,0,300,,,,,,,,,,,,,,,,,,
23/12/2023 01:45:00,0,300,,,,,,,,,,,,,,,,,,
23/12/2023 01:30:00,0,300,,,,,,,,,,,,,,,,,,
23/12/2023 01:15:00,0,300,,,,,,,,,,,,,,,,,,
23/12/2023 01:00:00,0,300,,,,,,,,,,,,,,,,,,
23/12/2023 00:45:00,0,299,,,,,,,,,,,,,,,,,,
23/12/2023 00:30:00,0,299,,,,,,,,,,,,,,,,,,
23/12/2023 00:15:00,0,299,,,,,,,,,,,,,,,,,,
23/12/2023 00:00:00,0,299,,,,,,,,,,,,,,,,,,
22/12/2023 23:45:00,0,299,,,,,,,,,,,,,,,,,,
22/12/2023 23:30:00,0,299,,,,,,,,,,,,,,,,,,
22/12/2023 23:15:00,0,298,,,,,,,,,,,,,,,,,,
22/12/2023 23:00:00,0,299,,,,,,,,,,,,,,,,,,
22/12/2023 22:45:00,0,300,,,,,,,,,,,,,,,,,,
22/12/2023 22:30:00,0,300,,,,,,,,,,,,,,,,,,
22/12/2023 22:15:00,0,300,,,,,,,,,,,,,,,,,,
22/12/2023 22:00:00,0,300,,,,,,,,,,,,,,,,,,
22/12/2023 21:45:00,0.4,301,,,,,,,,,,,,,,,,,,
22/12/2023 21:30:00,0.8,301,,,,,,,,,,,,,,,,,,
22/12/2023 21:15:00,0.8,301,,,,,,,,,,,,,,,,,,
22/12/2023 21:00:00,1,301,,,,,,,,,,,,,,,,,,
22/12/2023 20:45:00,0,301,,,,,,,,,,,,,,,,,,
22/12/2023 20:30:00,0,302,,,,,,,,,,,,,,,,,,
22/12/2023 20:15:00,0,302,,,,,,,,,,,,,,,,,,
22/12/2023 20:00:00,0,303,,,,,,,,,,,,,,,,,,
22/12/2023 19:45:00,0,303,,,,,,,,,,,,,,,,,,
22/12/2023 19:30:00,0,303,,,,,,,,,,,,,,,,,,
22/12/2023 19:15:00,0,304,,,,,,,,,,,,,,,,,,
22/12/2023 19:00:00,0,304,,,,,,,,,,,,,,,,,,
22/12/2023 18:45:00,0,305,,,,,,,,,,,,,,,,,,
22/12/2023 18:30:00,0,305,,,,,,,,,,,,,,,,,,
22/12/2023 18:15:00,0,306,,,,,,,,,,,,,,,,,,
22/12/2023 18:00:00,0,306,,,,,,,,,,,,,,,,,,
22/12/2023 17:45:00,0,307,,,,,,,,,,,,,,,,,,
22/12/2023 17:30:00,0,307,,,,,,,,,,,,,,,,,,
22/12/2023 17:15:00,0,308,,,,,,,,,,,,,,,,,,
22/12/2023 17:00:00,0,308,,,,,,,,,,,,,,,,,,
22/12/2023 16:45:00,0,309,,,,,,,,,,,,,,,,,,
22/12/2023 16:30:00,0,309,,,,,,,,,,,,,,,,,,
22/12/2023 16:15:00,0,310,,,,,,,,,,,,,,,,,,
22/12/2023 16:00:00,0,310,,,,,,,,,,,,,,,,,,
22/12/2023 15:45:00,0,311,,,,,,,,,,,,,,,,,,
22/12/2023 15:30:00,0,310,,,,,,,,,,,,,,,,,,
22/12/2023 15:15:00,0,311,,,,,,,,,,,,,,,,,,
22/12/2023 15:00:00,0,311,,,,,,,,,,,,,,,,,,
22/12/2023 14:45:00,0,312,,,,,,,,,,,,,,,,,,
22/12/2023 14:30:00,0,312,,,,,,,,,,,,,,,,,,
22/12/2023 14:15:00,0,313,,,,,,,,,,,,,,,,,,
22/12/2023 14:00:00,0,313,,,,,,,,,,,,,,,,,,
22/12/2023 13:45:00,0,314,,,,,,,,,,,,,,,,,,
22/12/2023 13:30:00,0,314,,,,,,,,,,,,,,,,,,
22/12/2023 13:15:00,0,315,,,,,,,,,,,,,,,,,,
22/12/2023 13:00:00,0,315,,,,,,,,,,,,,,,,,,
22/12/2023 12:45:00,0,315,,,,,,,,,,,,,,,,,,
22/12/2023 12:30:00,0,316,,,,,,,,,,,,,,,,,,
22/12/2023 12:15:00,0,316,,,,,,,,,,,,,,,,,,
22/12/2023 12:00:00,0,316,,,,,,,,,,,,,,,,,,
22/12/2023 11:45:00,0,317,,,,,,,,,,,,,,,,,,
22/12/2023 11:30:00,0,317,,,,,,,,,,,,,,,,,,
22/12/2023 11:15:00,0,317,,,,,,,,,,,,,,,,,,
22/12/2023 11:00:00,0,317,,,,,,,,,,,,,,,,,,
22/12/2023 10:45:00,0,318,,,,,,,,,,,,,,,,,,
22/12/2023 10:30:00,0,318,,,,,,,,,,,,,,,,,,
22/12/2023 10:15:00,0,318,,,,,,,,,,,,,,,,,,
22/12/2023 10:00:00,0,318,,,,,,,,,,,,,,,,,,
22/12/2023 09:45:00,0,319,,,,,,,,,,,,,,,,,,
22/12/2023 09:30:00,0,319,,,,,,,,,,,,,,,,,,
22/12/2023 09:15:00,0,319,,,,,,,,,,,,,,,,,,
22/12/2023 09:00:00,0,319,,,,,,,,,,,,,,,,,,
22/12/2023 08:45:00,0,320,,,,,,,,,,,,,,,,,,
22/12/2023 08:30:00,0,320,,,,,,,,,,,,,,,,,,
22/12/2023 08:15:00,0,320,,,,,,,,,,,,,,,,,,
22/12/2023 08:00:00,0,320,,,,,,,,,,,,,,,,,,
22/12/2023 07:45:00,0,321,,,,,,,,,,,,,,,,,,
22/12/2023 07:30:00,0,321,,,,,,,,,,,,,,,,,,
22/12/2023 07:15:00,0,321,,,,,,,,,,,,,,,,,,
22/12/2023 07:00:00,0,322,,,,,,,,,,,,,,,,,,
22/12/2023 06:45:00,0,322,,,,,,,,,,,,,,,,,,
22/12/2023 06:30:00,0,322,,,,,,,,,,,,,,,,,,
22/12/2023 06:15:00,0,322,,,,,,,,,,,,,,,,,,
22/12/2023 06:00:00,0,323,,,,,,,,,,,,,,,,,,
22/12/2023 05:45:00,0,323,,,,,,,,,,,,,,,,,,
22/12/2023 05:30:00,0,323,,,,,,,,,,,,,,,,,,
22/12/2023 05:15:00,0,324,,,,,,,,,,,,,,,,,,
22/12/2023 05:00:00,0,324,,,,,,,,,,,,,,,,,,
22/12/2023 04:45:00,0,324,,,,,,,,,,,,,,,,,,
22/12/2023 04:30:00,0,325,,,,,,,,,,,,,,,,,,
22/12/2023 04:15:00,0,325,,,,,,,,,,,,,,,,,,
22/12/2023 04:00:00,0,325,,,,,,,,,,,,,,,,,,
22/12/2023 03:45:00,0,326,,,,,,,,,,,,,,,,,,
22/12/2023 03:30:00,0,326,,,,,,,,,,,,,,,,,,
22/12/2023 03:15:00,0,327,,,,,,,,,,,,,,,,,,
22/12/2023 03:00:00,0,327,,,,,,,,,,,,,,,,,,
22/12/2023 02:45:00,0,327,,,,,,,,,,,,,,,,,,
22/12/2023 02:30:00,0,328,,,,,,,,,,,,,,,,,,
22/12/2023 02:15:00,0,328,,,,,,,,,,,,,,,,,,
22/12/2023 02:00:00,0,329,,,,,,,,,,,,,,,,,,
22/12/2023 01:45:00,0,329,,,,,,,,,,,,,,,,,,
22/12/2023 01:30:00,0,329,,,,,,,,,,,,,,,,,,
22/12/2023 01:15:00,0,330,,,,,,,,,,,,,,,,,,
22/12/2023 01:00:00,0,330,,,,,,,,,,,,,,,,,,
22/12/2023 00:45:00,0,331,,,,,,,,,,,,,,,,,,
22/12/2023 00:30:00,0,331,,,,,,,,,,,,,,,,,,
22/12/2023 00:15:00,0,331,,,,,,,,,,,,,,,,,,
22/12/2023 00:00:00,0,332,,,,,,,,,,,,,,,,,,
21/12/2023 23:45:00,0,332,,,,,,,,,,,,,,,,,,
21/12/2023 23:30:00,0,333,,,,,,,,,,,,,,,,,,
21/12/2023 23:15:00,0,333,,,,,,,,,,,,,,,,,,
21/12/2023 23:00:00,0,334,,,,,,,,,,,,,,,,,,
21/12/2023 22:45:00,0,334,,,,,,,,,,,,,,,,,,
21/12/2023 22:30:00,0,334,,,,,,,,,,,,,,,,,,
21/12/2023 22:15:00,0,334,,,,,,,,,,,,,,,,,,
21/12/2023 22:00:00,0,335,,,,,,,,,,,,,,,,,,
21/12/2023 21:45:00,0,335,,,,,,,,,,,,,,,,,,
21/12/2023 21:30:00,0,336,,,,,,,,,,,,,,,,,,
21/12/2023 21:15:00,0,336,,,,,,,,,,,,,,,,,,
21/12/2023 21:00:00,0,337,,,,,,,,,,,,,,,,,,
21/12/2023 20:45:00,0,337,,,,,,,,,,,,,,,,,,
21/12/2023 20:30:00,0,338,,,,,,,,,,,,,,,,,,
21/12/2023 20:15:00,0,338,,,,,,,,,,,,,,,,,,
21/12/2023 20:00:00,0,339,,,,,,,,,,,,,,,,,,
21/12/2023 19:45:00,0,339,,,,,,,,,,,,,,,,,,
21/12/2023 19:30:00,0,339,,,,,,,,,,,,,,,,,,
21/12/2023 19:15:00,0,340,,,,,,,,,,,,,,,,,,
21/12/2023 19:00:00,0,340,,,,,,,,,,,,,,,,,,
21/12/2023 18:45:00,0,341,,,,,,,,,,,,,,,,,,
21/12/2023 18:30:00,0,342,,,,,,,,,,,,,,,,,,
21/12/2023 18:15:00,0,342,,,,,,,,,,,,,,,,,,
21/12/2023 18:00:00,0,342,,,,,,,,,,,,,,,,,,
21/12/2023 17:45:00,0,343,,,,,,,,,,,,,,,,,,
21/12/2023 17:30:00,0,343,,,,,,,,,,,,,,,,,,
21/12/2023 17:15:00,0,344,,,,,,,,,,,,,,,,,,
21/12/2023 17:00:00,0,344,,,,,,,,,,,,,,,,,,
21/12/2023 16:45:00,0,345,,,,,,,,,,,,,,,,,,
21/12/2023 16:30:00,0,346,,,,,,,,,,,,,,,,,,
21/12/2023 16:15:00,0,345,,,,,,,,,,,,,,,,,,
21/12/2023 16:00:00,0,346,,,,,,,,,,,,,,,,,,
21/12/2023 15:45:00,0,347,,,,,,,,,,,,,,,,,,
21/12/2023 15:30:00,0,348,,,,,,,,,,,,,,,,,,
21/12/2023 15:15:00,0,349,,,,,,,,,,,,,,,,,,
21/12/2023 15:00:00,0,349,,,,,,,,,,,,,,,,,,
21/12/2023 14:45:00,0,349,,,,,,,,,,,,,,,,,,
21/12/2023 14:30:00,0,350,,,,,,,,,,,,,,,,,,
21/12/2023 14:15:00,0,350,,,,,,,,,,,,,,,,,,
21/12/2023 14:00:00,0,350,,,,,,,,,,,,,,,,,,
21/12/2023 13:45:00,0,351,,,,,,,,,,,,,,,,,,
21/12/2023 13:30:00,0,351,,,,,,,,,,,,,,,,,,
21/12/2023 13:15:00,0,352,,,,,,,,,,,,,,,,,,
21/12/2023 13:00:00,0,353,,,,,,,,,,,,,,,,,,
21/12/2023 12:45:00,0,353,,,,,,,,,,,,,,,,,,
21/12/2023 12:30:00,0,354,,,,,,,,,,,,,,,,,,
21/12/2023 12:15:00,0,354,,,,,,,,,,,,,,,,,,
21/12/2023 12:00:00,0,354,,,,,,,,,,,,,,,,,,
21/12/2023 11:45:00,0,355,,,,,,,,,,,,,,,,,,
21/12/2023 11:30:00,0,355,,,,,,,,,,,,,,,,,,
21/12/2023 11:15:00,0,355,,,,,,,,,,,,,,,,,,
21/12/2023 11:00:00,0,355,,,,,,,,,,,,,,,,,,
21/12/2023 10:45:00,0,355,,,,,,,,,,,,,,,,,,
21/12/2023 10:30:00,0,356,,,,,,,,,,,,,,,,,,
21/12/2023 10:15:00,0,356,,,,,,,,,,,,,,,,,,
21/12/2023 10:00:00,0,356,,,,,,,,,,,,,,,,,,
21/12/2023 09:45:00,0,356,,,,,,,,,,,,,,,,,,
21/12/2023 09:30:00,0,356,,,,,,,,,,,,,,,,,,
21/12/2023 09:15:00,1,357,,,,,,,,,,,,,,,,,,
21/12/2023 09:00:00,0,357,,,,,,,,,,,,,,,,,,
21/12/2023 08:45:00,0,357,,,,,,,,,,,,,,,,,,
21/12/2023 08:30:00,0,357,,,,,,,,,,,,,,,,,,
21/12/2023 08:15:00,0,358,,,,,,,,,,,,,,,,,,
21/12/2023 08:00:00,0,358,,,,,,,,,,,,,,,,,,
21/12/2023 07:45:00,0,358,,,,,,,,,,,,,,,,,,
21/12/2023 07:30:00,0,358,,,,,,,,,,,,,,,,,,
21/12/2023 07:15:00,0,358,,,,,,,,,,,,,,,,,,
21/12/2023 07:00:00,0,358,,,,,,,,,,,,,,,,,,
21/12/2023 06:45:00,0,359,,,,,,,,,,,,,,,,,,
21/12/2023 06:30:00,0,359,,,,,,,,,,,,,,,,,,
21/12/2023 06:15:00,0,359,,,,,,,,,,,,,,,,,,
21/12/2023 06:00:00,0,359,,,,,,,,,,,,,,,,,,
21/12/2023 05:45:00,0,359,,,,,,,,,,,,,,,,,,
21/12/2023 05:30:00,0,359,,,,,,,,,,,,,,,,,,
21/12/2023 05:15:00,0,359,,,,,,,,,,,,,,,,,,
21/12/2023 05:00:00,0,360,,,,,,,,,,,,,,,,,,
21/12/2023 04:45:00,0,360,,,,,,,,,,,,,,,,,,
21/12/2023 04:30:00,0,360,,,,,,,,,,,,,,,,,,
21/12/2023 04:15:00,0,360,,,,,,,,,,,,,,,,,,
21/12/2023 04:00:00,0,360,,,,,,,,,,,,,,,,,,
21/12/2023 03:45:00,0,360,,,,,,,,,,,,,,,,,,
21/12/2023 03:30:00,0,361,,,,,,,,,,,,,,,,,,
21/12/2023 03:15:00,0,361,,,,,,,,,,,,,,,,,,
21/12/2023 03:00:00,0,361,,,,,,,,,,,,,,,,,,
21/12/2023 02:45:00,0,361,,,,,,,,,,,,,,,,,,
21/12/2023 02:30:00,0,361,,,,,,,,,,,,,,,,,,
21/12/2023 02:15:00,0,361,,,,,,,,,,,,,,,,,,
21/12/2023 02:00:00,0,361,,,,,,,,,,,,,,,,,,
21/12/2023 01:45:00,0,362,,,,,,,,,,,,,,,,,,
21/12/2023 01:30:00,0,362,,,,,,,,,,,,,,,,,,
21/12/2023 01:15:00,0,362,,,,,,,,,,,,,,,,,,
21/12/2023 01:00:00,0,362,,,,,,,,,,,,,,,,,,
21/12/2023 00:45:00,0,362,,,,,,,,,,,,,,,,,,
21/12/2023 00:30:00,0,362,,,,,,,,,,,,,,,,,,
21/12/2023 00:15:00,0,362,,,,,,,,,,,,,,,,,,
21/12/2023 00:00:00,0,363,,,,,,,,,,,,,,,,,,
20/12/2023 23:45:00,0,363,,,,,,,,,,,,,,,,,,
20/12/2023 23:30:00,0,363,,,,,,,,,,,,,,,,,,
20/12/2023 23:15:00,0,363,,,,,,,,,,,,,,,,,,
20/12/2023 23:00:00,0,363,,,,,,,,,,,,,,,,,,
20/12/2023 22:45:00,0,363,,,,,,,,,,,,,,,,,,
20/12/2023 22:30:00,0,363,,,,,,,,,,,,,,,,,,
20/12/2023 22:15:00,0,363,,,,,,,,,,,,,,,,,,
20/12/2023 22:00:00,0,363,,,,,,,,,,,,,,,,,,
20/12/2023 21:45:00,0,363,,,,,,,,,,,,,,,,,,
20/12/2023 21:30:00,0,363,,,,,,,,,,,,,,,,,,
20/12/2023 21:15:00,0,363,,,,,,,,,,,,,,,,,,
20/12/2023 21:00:00,0,,,,,,,,,,,,,,,,,,,
20/12/2023 20:45:00,,,,,,,,,,,,,,,,,,,,
20/12/2023 20:30:00,,363,,,,,,,,,,,,,,,,,,
20/12/2023 20:15:00,,363,,,,,,,,,,,,,,,,,,
20/12/2023 20:00:00,0,363,,,,,,,,,,,,,,,,,,
20/12/2023 19:45:00,0,363,,,,,,,,,,,,,,,,,,
20/12/2023 19:30:00,0,363,,,,,,,,,,,,,,,,,,
20/12/2023 19:15:00,0,363,,,,,,,,,,,,,,,,,,
20/12/2023 19:00:00,0,363,,,,,,,,,,,,,,,,,,
20/12/2023 18:45:00,0,363,,,,,,,,,,,,,,,,,,
20/12/2023 18:30:00,0,363,,,,,,,,,,,,,,,,,,
20/12/2023 18:15:00,0,364,,,,,,,,,,,,,,,,,,
20/12/2023 18:00:00,0,363,,,,,,,,,,,,,,,,,,
20/12/2023 17:45:00,0,364,,,,,,,,,,,,,,,,,,
20/12/2023 17:30:00,0,364,,,,,,,,,,,,,,,,,,
20/12/2023 17:15:00,0,364,,,,,,,,,,,,,,,,,,
20/12/2023 17:00:00,0,364,,,,,,,,,,,,,,,,,,
20/12/2023 16:45:00,0,364,,,,,,,,,,,,,,,,,,
20/12/2023 16:30:00,0,364,,,,,,,,,,,,,,,,,,
20/12/2023 16:15:00,0,364,,,,,,,,,,,,,,,,,,
20/12/2023 16:00:00,0,364,,,,,,,,,,,,,,,,,,
20/12/2023 15:45:00,0,364,,,,,,,,,,,,,,,,,,
20/12/2023 15:30:00,0,364,,,,,,,,,,,,,,,,,,
20/12/2023 15:15:00,0,365,,,,,,,,,,,,,,,,,,
20/12/2023 15:00:00,0,365,,,,,,,,,,,,,,,,,,
20/12/2023 14:45:00,0,365,,,,,,,,,,,,,,,,,,
20/12/2023 14:30:00,0,365,,,,,,,,,,,,,,,,,,
20/12/2023 14:15:00,0,365,,,,,,,,,,,,,,,,,,
20/12/2023 14:00:00,0,365,,,,,,,,,,,,,,,,,,
20/12/2023 13:45:00,0,365,,,,,,,,,,,,,,,,,,
20/12/2023 13:30:00,0,365,,,,,,,,,,,,,,,,,,
20/12/2023 13:15:00,0,366,,,,,,,,,,,,,,,,,,
20/12/2023 13:00:00,0,365,,,,,,,,,,,,,,,,,,
20/12/2023 12:45:00,0,366,,,,,,,,,,,,,,,,,,
20/12/2023 12:30:00,0,365,,,,,,,,,,,,,,,,,,
20/12/2023 12:15:00,0,365,,,,,,,,,,,,,,,,,,
20/12/2023 12:00:00,0,366,,,,,,,,,,,,,,,,,,
20/12/2023 11:45:00,0,366,,,,,,,,,,,,,,,,,,
20/12/2023 11:30:00,0,366,,,,,,,,,,,,,,,,,,
20/12/2023 11:15:00,0,366,,,,,,,,,,,,,,,,,,
20/12/2023 11:00:00,0,366,,,,,,,,,,,,,,,,,,
20/12/2023 10:45:00,0,366,,,,,,,,,,,,,,,,,,
20/12/2023 10:30:00,0,366,,,,,,,,,,,,,,,,,,
20/12/2023 10:15:00,0,366,,,,,,,,,,,,,,,,,,
20/12/2023 10:00:00,0,366,,,,,,,,,,,,,,,,,,
20/12/2023 09:45:00,0,366,,,,,,,,,,,,,,,,,,
20/12/2023 09:30:00,0,366,,,,,,,,,,,,,,,,,,
20/12/2023 09:15:00,0,365,,,,,,,,,,,,,,,,,,
20/12/2023 09:00:00,0,366,,,,,,,,,,,,,,,,,,
20/12/2023 08:45:00,0,365,,,,,,,,,,,,,,,,,,
20/12/2023 08:30:00,0,366,,,,,,,,,,,,,,,,,,
20/12/2023 08:15:00,0,366,,,,,,,,,,,,,,,,,,
20/12/2023 08:00:00,0,365,,,,,,,,,,,,,,,,,,
20/12/2023 07:45:00,0,365,,,,,,,,,,,,,,,,,,
20/12/2023 07:30:00,0,366,,,,,,,,,,,,,,,,,,
20/12/2023 07:15:00,0,366,,,,,,,,,,,,,,,,,,
20/12/2023 07:00:00,0,366,,,,,,,,,,,,,,,,,,
20/12/2023 06:45:00,0,366,,,,,,,,,,,,,,,,,,
20/12/2023 06:30:00,0,366,,,,,,,,,,,,,,,,,,
20/12/2023 06:15:00,0,366,,,,,,,,,,,,,,,,,,
20/12/2023 06:00:00,0,366,,,,,,,,,,,,,,,,,,
20/12/2023 05:45:00,0,367,,,,,,,,,,,,,,,,,,
20/12/2023 05:30:00,0,367,,,,,,,,,,,,,,,,,,
20/12/2023 05:15:00,0,367,,,,,,,,,,,,,,,,,,
20/12/2023 05:00:00,0,367,,,,,,,,,,,,,,,,,,
20/12/2023 04:45:00,0,367,,,,,,,,,,,,,,,,,,
20/12/2023 04:30:00,0,368,,,,,,,,,,,,,,,,,,
20/12/2023 04:15:00,0,368,,,,,,,,,,,,,,,,,,
20/12/2023 04:00:00,0,369,,,,,,,,,,,,,,,,,,
20/12/2023 03:45:00,0,369,,,,,,,,,,,,,,,,,,
20/12/2023 03:30:00,0,369,,,,,,,,,,,,,,,,,,
20/12/2023 03:15:00,0,369,,,,,,,,,,,,,,,,,,
20/12/2023 03:00:00,0.2,370,,,,,,,,,,,,,,,,,,
20/12/2023 02:45:00,0,370,,,,,,,,,,,,,,,,,,
20/12/2023 02:30:00,0,370,,,,,,,,,,,,,,,,,,
20/12/2023 02:15:00,0,371,,,,,,,,,,,,,,,,,,
20/12/2023 02:00:00,0,371,,,,,,,,,,,,,,,,,,
20/12/2023 01:45:00,0,372,,,,,,,,,,,,,,,,,,
20/12/2023 01:30:00,0,372,,,,,,,,,,,,,,,,,,
20/12/2023 01:15:00,0,372,,,,,,,,,,,,,,,,,,
20/12/2023 01:00:00,0,373,,,,,,,,,,,,,,,,,,
20/12/2023 00:45:00,0,373,,,,,,,,,,,,,,,,,,
20/12/2023 00:30:00,0,373,,,,,,,,,,,,,,,,,,
20/12/2023 00:15:00,0,374,,,,,,,,,,,,,,,,,,
20/12/2023 00:00:00,0,374,,,,,,,,,,,,,,,,,,
19/12/2023 23:45:00,0,374,,,,,,,,,,,,,,,,,,
19/12/2023 23:30:00,0,375,,,,,,,,,,,,,,,,,,
19/12/2023 23:15:00,0,375,,,,,,,,,,,,,,,,,,
19/12/2023 23:00:00,0,375,,,,,,,,,,,,,,,,,,
19/12/2023 22:45:00,0,375,,,,,,,,,,,,,,,,,,
19/12/2023 22:30:00,0,376,,,,,,,,,,,,,,,,,,
19/12/2023 22:15:00,0,376,,,,,,,,,,,,,,,,,,
19/12/2023 22:00:00,0,377,,,,,,,,,,,,,,,,,,
19/12/2023 21:45:00,0,377,,,,,,,,,,,,,,,,,,
19/12/2023 21:30:00,0,377,,,,,,,,,,,,,,,,,,
19/12/2023 21:15:00,0,378,,,,,,,,,,,,,,,,,,
19/12/2023 20:00:00,0,380,,,,,,,,,,,,,,,,,,
19/12/2023 19:45:00,0,380,,,,,,,,,,,,,,,,,,
19/12/2023 19:30:00,0,381,,,,,,,,,,,,,,,,,,
19/12/2023 19:15:00,0,381,,,,,,,,,,,,,,,,,,
19/12/2023 19:00:00,0,381,,,,,,,,,,,,,,,,,,
19/12/2023 18:45:00,0,382,,,,,,,,,,,,,,,,,,
19/12/2023 18:30:00,0,383,,,,,,,,,,,,,,,,,,
19/12/2023 18:15:00,0,383,,,,,,,,,,,,,,,,,,
19/12/2023 18:00:00,0,384,,,,,,,,,,,,,,,,,,
19/12/2023 17:45:00,0,384,,,,,,,,,,,,,,,,,,
19/12/2023 17:30:00,0,385,,,,,,,,,,,,,,,,,,
19/12/2023 17:15:00,0,385,,,,,,,,,,,,,,,,,,
19/12/2023 17:00:00,0,386,,,,,,,,,,,,,,,,,,
19/12/2023 16:45:00,0,387,,,,,,,,,,,,,,,,,,
19/12/2023 16:30:00,0,387,,,,,,,,,,,,,,,,,,
19/12/2023 16:15:00,0,388,,,,,,,,,,,,,,,,,,
19/12/2023 16:00:00,0,389,,,,,,,,,,,,,,,,,,
19/12/2023 15:45:00,0,389,,,,,,,,,,,,,,,,,,
19/12/2023 15:30:00,0,390,,,,,,,,,,,,,,,,,,
19/12/2023 15:15:00,0,390,,,,,,,,,,,,,,,,,,
19/12/2023 15:00:00,0,391,,,,,,,,,,,,,,,,,,
19/12/2023 14:45:00,0,392,,,,,,,,,,,,,,,,,,
19/12/2023 14:30:00,0,392,,,,,,,,,,,,,,,,,,
19/12/2023 14:15:00,0,393,,,,,,,,,,,,,,,,,,
19/12/2023 14:00:00,0,394,,,,,,,,,,,,,,,,,,
19/12/2023 13:45:00,0,394,,,,,,,,,,,,,,,,,,
19/12/2023 13:30:00,0,394,,,,,,,,,,,,,,,,,,
19/12/2023 13:15:00,0,395,,,,,,,,,,,,,,,,,,
19/12/2023 13:00:00,0,396,,,,,,,,,,,,,,,,,,
19/12/2023 12:45:00,0,396,,,,,,,,,,,,,,,,,,
19/12/2023 12:30:00,0,397,,,,,,,,,,,,,,,,,,
19/12/2023 12:15:00,0,397,,,,,,,,,,,,,,,,,,
19/12/2023 12:00:00,0,398,,,,,,,,,,,,,,,,,,
19/12/2023 11:45:00,0,399,,,,,,,,,,,,,,,,,,
19/12/2023 11:30:00,0,399,,,,,,,,,,,,,,,,,,
19/12/2023 11:15:00,0,399,,,,,,,,,,,,,,,,,,
19/12/2023 11:00:00,0,400,,,,,,,,,,,,,,,,,,
19/12/2023 10:45:00,0,400,,,,,,,,,,,,,,,,,,
19/12/2023 10:30:00,0,401,,,,,,,,,,,,,,,,,,
19/12/2023 10:15:00,0,401,,,,,,,,,,,,,,,,,,
19/12/2023 10:00:00,0,402,,,,,,,,,,,,,,,,,,
19/12/2023 09:45:00,0,402,,,,,,,,,,,,,,,,,,
19/12/2023 09:30:00,0,402,,,,,,,,,,,,,,,,,,
19/12/2023 09:15:00,0,403,,,,,,,,,,,,,,,,,,
19/12/2023 09:00:00,0,403,,,,,,,,,,,,,,,,,,
19/12/2023 08:45:00,0,404,,,,,,,,,,,,,,,,,,
19/12/2023 08:30:00,0,404,,,,,,,,,,,,,,,,,,
19/12/2023 08:15:00,0,405,,,,,,,,,,,,,,,,,,
19/12/2023 08:00:00,0,405,,,,,,,,,,,,,,,,,,
19/12/2023 07:45:00,0,406,,,,,,,,,,,,,,,,,,
19/12/2023 07:30:00,0,406,,,,,,,,,,,,,,,,,,
19/12/2023 07:15:00,0,407,,,,,,,,,,,,,,,,,,
19/12/2023 07:00:00,0,407,,,,,,,,,,,,,,,,,,
19/12/2023 06:45:00,0,408,,,,,,,,,,,,,,,,,,
19/12/2023 06:30:00,0,408,,,,,,,,,,,,,,,,,,
19/12/2023 06:15:00,0,409,,,,,,,,,,,,,,,,,,
19/12/2023 06:00:00,0,409,,,,,,,,,,,,,,,,,,
19/12/2023 05:45:00,0,409,,,,,,,,,,,,,,,,,,
19/12/2023 05:30:00,0,410,,,,,,,,,,,,,,,,,,
19/12/2023 05:15:00,0,410,,,,,,,,,,,,,,,,,,
19/12/2023 05:00:00,0,411,,,,,,,,,,,,,,,,,,
19/12/2023 04:45:00,0,411,,,,,,,,,,,,,,,,,,
19/12/2023 04:30:00,0,412,,,,,,,,,,,,,,,,,,
19/12/2023 04:15:00,0,412,,,,,,,,,,,,,,,,,,
19/12/2023 04:00:00,0,413,,,,,,,,,,,,,,,,,,
19/12/2023 03:45:00,0,413,,,,,,,,,,,,,,,,,,
19/12/2023 03:30:00,0,414,,,,,,,,,,,,,,,,,,
19/12/2023 03:15:00,0,414,,,,,,,,,,,,,,,,,,
19/12/2023 03:00:00,0,415,,,,,,,,,,,,,,,,,,
19/12/2023 02:45:00,0,415,,,,,,,,,,,,,,,,,,
19/12/2023 02:30:00,0,416,,,,,,,,,,,,,,,,,,
19/12/2023 02:15:00,0.2,416,,,,,,,,,,,,,,,,,,
19/12/2023 02:00:00,0,417,,,,,,,,,,,,,,,,,,
19/12/2023 01:45:00,0,417,,,,,,,,,,,,,,,,,,
19/12/2023 01:30:00,0,417,,,,,,,,,,,,,,,,,,
19/12/2023 01:15:00,0,418,,,,,,,,,,,,,,,,,,
19/12/2023 01:00:00,0,418,,,,,,,,,,,,,,,,,,
19/12/2023 00:45:00,0,418,,,,,,,,,,,,,,,,,,
19/12/2023 00:30:00,0,419,,,,,,,,,,,,,,,,,,
19/12/2023 00:15:00,0,419,,,,,,,,,,,,,,,,,,
19/12/2023 00:00:00,0,419,,,,,,,,,,,,,,,,,,
18/12/2023 23:45:00,0.2,420,,,,,,,,,,,,,,,,,,
18/12/2023 23:30:00,0.8,420,,,,,,,,,,,,,,,,,,
18/12/2023 23:15:00,1.4,420,,,,,,,,,,,,,,,,,,
18/12/2023 23:00:00,2,420,,,,,,,,,,,,,,,,,,
18/12/2023 22:45:00,1.2,421,,,,,,,,,,,,,,,,,,
18/12/2023 22:30:00,1.4,421,,,,,,,,,,,,,,,,,,
18/12/2023 22:15:00,0.8,422,,,,,,,,,,,,,,,,,,
18/12/2023 22:00:00,0.6,422,,,,,,,,,,,,,,,,,,
18/12/2023 21:45:00,0.2,423,,,,,,,,,,,,,,,,,,
18/12/2023 21:30:00,0,423,,,,,,,,,,,,,,,,,,
18/12/2023 21:15:00,0.4,424,,,,,,,,,,,,,,,,,,
18/12/2023 21:00:00,0.4,424,,,,,,,,,,,,,,,,,,
18/12/2023 20:45:00,0.2,426,,,,,,,,,,,,,,,,,,
18/12/2023 20:30:00,0,426,,,,,,,,,,,,,,,,,,
18/12/2023 20:15:00,0,427,,,,,,,,,,,,,,,,,,
18/12/2023 20:00:00,0,428,,,,,,,,,,,,,,,,,,
18/12/2023 19:45:00,0,428,,,,,,,,,,,,,,,,,,
18/12/2023 19:30:00,0,429,,,,,,,,,,,,,,,,,,
18/12/2023 19:15:00,0,430,,,,,,,,,,,,,,,,,,
18/12/2023 19:00:00,0,431,,,,,,,,,,,,,,,,,,
18/12/2023 18:45:00,0,431,,,,,,,,,,,,,,,,,,
18/12/2023 18:30:00,0,432,,,,,,,,,,,,,,,,,,
18/12/2023 18:15:00,0,432,,,,,,,,,,,,,,,,,,
18/12/2023 18:00:00,0,433,,,,,,,,,,,,,,,,,,
18/12/2023 17:45:00,0,434,,,,,,,,,,,,,,,,,,
18/12/2023 17:30:00,0,435,,,,,,,,,,,,,,,,,,
18/12/2023 17:15:00,0,435,,,,,,,,,,,,,,,,,,
18/12/2023 17:00:00,0,436,,,,,,,,,,,,,,,,,,
18/12/2023 16:45:00,0,437,,,,,,,,,,,,,,,,,,
18/12/2023 16:30:00,0,438,,,,,,,,,,,,,,,,,,
18/12/2023 16:15:00,0,438,,,,,,,,,,,,,,,,,,
18/12/2023 16:00:00,0,439,,,,,,,,,,,,,,,,,,
18/12/2023 15:45:00,0,440,,,,,,,,,,,,,,,,,,
18/12/2023 15:30:00,0,440,,,,,,,,,,,,,,,,,,
18/12/2023 15:15:00,0,441,,,,,,,,,,,,,,,,,,
18/12/2023 15:00:00,0,442,,,,,,,,,,,,,,,,,,
18/12/2023 14:45:00,0,443,,,,,,,,,,,,,,,,,,
18/12/2023 14:30:00,0,443,,,,,,,,,,,,,,,,,,
18/12/2023 14:15:00,0,444,,,,,,,,,,,,,,,,,,
18/12/2023 14:00:00,0,445,,,,,,,,,,,,,,,,,,
18/12/2023 13:45:00,0,445,,,,,,,,,,,,,,,,,,
18/12/2023 13:30:00,0,446,,,,,,,,,,,,,,,,,,
18/12/2023 13:15:00,0,447,,,,,,,,,,,,,,,,,,
18/12/2023 13:00:00,0,448,,,,,,,,,,,,,,,,,,
18/12/2023 12:45:00,0,449,,,,,,,,,,,,,,,,,,
18/12/2023 12:30:00,0,450,,,,,,,,,,,,,,,,,,
18/12/2023 12:15:00,0,451,,,,,,,,,,,,,,,,,,
18/12/2023 12:00:00,0,451,,,,,,,,,,,,,,,,,,
18/12/2023 11:45:00,0,452,,,,,,,,,,,,,,,,,,
18/12/2023 11:30:00,0,453,,,,,,,,,,,,,,,,,,
18/12/2023 11:15:00,0,454,,,,,,,,,,,,,,,,,,
18/12/2023 11:00:00,0,454,,,,,,,,,,,,,,,,,,
18/12/2023 10:45:00,0,455,,,,,,,,,,,,,,,,,,
18/12/2023 10:30:00,0,456,,,,,,,,,,,,,,,,,,
18/12/2023 10:15:00,0,456,,,,,,,,,,,,,,,,,,
18/12/2023 10:00:00,0,456,,,,,,,,,,,,,,,,,,
18/12/2023 09:45:00,0,457,,,,,,,,,,,,,,,,,,
18/12/2023 09:30:00,0,458,,,,,,,,,,,,,,,,,,
18/12/2023 09:15:00,0,458,,,,,,,,,,,,,,,,,,
18/12/2023 09:00:00,0,459,,,,,,,,,,,,,,,,,,
18/12/2023 08:45:00,0,459,,,,,,,,,,,,,,,,,,
18/12/2023 08:30:00,0,460,,,,,,,,,,,,,,,,,,
18/12/2023 08:15:00,0,461,,,,,,,,,,,,,,,,,,
18/12/2023 08:00:00,0,461,,,,,,,,,,,,,,,,,,
18/12/2023 07:45:00,0,461,,,,,,,,,,,,,,,,,,
18/12/2023 07:30:00,0,462,,,,,,,,,,,,,,,,,,
18/12/2023 07:15:00,0,463,,,,,,,,,,,,,,,,,,
18/12/2023 07:00:00,0,463,,,,,,,,,,,,,,,,,,
18/12/2023 06:45:00,0,464,,,,,,,,,,,,,,,,,,
18/12/2023 06:30:00,0,464,,,,,,,,,,,,,,,,,,
18/12/2023 06:15:00,0,465,,,,,,,,,,,,,,,,,,
18/12/2023 06:00:00,0,465,,,,,,,,,,,,,,,,,,
18/12/2023 05:45:00,0,466,,,,,,,,,,,,,,,,,,
18/12/2023 05:30:00,0,467,,,,,,,,,,,,,,,,,,
18/12/2023 05:15:00,0,467,,,,,,,,,,,,,,,,,,
18/12/2023 05:00:00,0,468,,,,,,,,,,,,,,,,,,
18/12/2023 04:45:00,0,468,,,,,,,,,,,,,,,,,,
18/12/2023 04:30:00,0,469,,,,,,,,,,,,,,,,,,
18/12/2023 04:15:00,0,469,,,,,,,,,,,,,,,,,,
18/12/2023 04:00:00,0,470,,,,,,,,,,,,,,,,,,
18/12/2023 03:45:00,0,470,,,,,,,,,,,,,,,,,,
18/12/2023 03:30:00,0,471,,,,,,,,,,,,,,,,,,
18/12/2023 03:15:00,0,472,,,,,,,,,,,,,,,,,,
18/12/2023 03:00:00,0,472,,,,,,,,,,,,,,,,,,
18/12/2023 02:45:00,0,473,,,,,,,,,,,,,,,,,,
18/12/2023 02:30:00,0,473,,,,,,,,,,,,,,,,,,
18/12/2023 02:15:00,0,474,,,,,,,,,,,,,,,,,,
18/12/2023 02:00:00,0,474,,,,,,,,,,,,,,,,,,
18/12/2023 01:45:00,0,475,,,,,,,,,,,,,,,,,,
18/12/2023 01:30:00,0,475,,,,,,,,,,,,,,,,,,
18/12/2023 01:15:00,0,475,,,,,,,,,,,,,,,,,,
18/12/2023 01:00:00,0,476,,,,,,,,,,,,,,,,,,
18/12/2023 00:45:00,0,477,,,,,,,,,,,,,,,,,,
18/12/2023 00:30:00,0,477,,,,,,,,,,,,,,,,,,
18/12/2023 00:15:00,0,478,,,,,,,,,,,,,,,,,,
18/12/2023 00:00:00,0,478,,,,,,,,,,,,,,,,,,
17/12/2023 23:45:00,0,479,,,,,,,,,,,,,,,,,,
17/12/2023 23:30:00,0,480,,,,,,,,,,,,,,,,,,
17/12/2023 23:15:00,0,480,,,,,,,,,,,,,,,,,,
17/12/2023 23:00:00,0,480,,,,,,,,,,,,,,,,,,
17/12/2023 22:45:00,0,481,,,,,,,,,,,,,,,,,,
17/12/2023 22:30:00,0,481,,,,,,,,,,,,,,,,,,
17/12/2023 22:15:00,0,482,,,,,,,,,,,,,,,,,,
17/12/2023 22:00:00,0,483,,,,,,,,,,,,,,,,,,
17/12/2023 21:45:00,0,483,,,,,,,,,,,,,,,,,,
17/12/2023 21:30:00,0,484,,,,,,,,,,,,,,,,,,
17/12/2023 21:15:00,0,484,,,,,,,,,,,,,,,,,,
17/12/2023 21:00:00,0,485,,,,,,,,,,,,,,,,,,
17/12/2023 20:45:00,0,485,,,,,,,,,,,,,,,,,,
17/12/2023 20:30:00,0,485,,,,,,,,,,,,,,,,,,
17/12/2023 20:15:00,0,485,,,,,,,,,,,,,,,,,,
17/12/2023 20:00:00,0,486,,,,,,,,,,,,,,,,,,
17/12/2023 19:45:00,0,487,,,,,,,,,,,,,,,,,,
17/12/2023 19:30:00,0,487,,,,,,,,,,,,,,,,,,
17/12/2023 19:15:00,0,488,,,,,,,,,,,,,,,,,,
17/12/2023 19:00:00,0,488,,,,,,,,,,,,,,,,,,
17/12/2023 18:45:00,0,488,,,,,,,,,,,,,,,,,,
17/12/2023 18:30:00,0,489,,,,,,,,,,,,,,,,,,
17/12/2023 18:15:00,0,489,,,,,,,,,,,,,,,,,,
17/12/2023 18:00:00,0,490,,,,,,,,,,,,,,,,,,
17/12/2023 17:45:00,0,490,,,,,,,,,,,,,,,,,,
17/12/2023 17:30:00,0,490,,,,,,,,,,,,,,,,,,
17/12/2023 17:15:00,0,491,,,,,,,,,,,,,,,,,,
17/12/2023 17:00:00,0,491,,,,,,,,,,,,,,,,,,
17/12/2023 16:45:00,0,492,,,,,,,,,,,,,,,,,,
17/12/2023 16:30:00,0,492,,,,,,,,,,,,,,,,,,
17/12/2023 16:15:00,0,493,,,,,,,,,,,,,,,,,,
17/12/2023 16:00:00,0,493,,,,,,,,,,,,,,,,,,
17/12/2023 15:45:00,0,494,,,,,,,,,,,,,,,,,,
17/12/2023 15:30:00,0,495,,,,,,,,,,,,,,,,,,
17/12/2023 15:15:00,0,495,,,,,,,,,,,,,,,,,,
17/12/2023 15:00:00,0,495,,,,,,,,,,,,,,,,,,
17/12/2023 14:45:00,0,495,,,,,,,,,,,,,,,,,,
17/12/2023 14:30:00,0,495,,,,,,,,,,,,,,,,,,
17/12/2023 14:15:00,0,496,,,,,,,,,,,,,,,,,,
17/12/2023 14:00:00,0,497,,,,,,,,,,,,,,,,,,
17/12/2023 13:45:00,0,497,,,,,,,,,,,,,,,,,,
17/12/2023 13:30:00,0,497,,,,,,,,,,,,,,,,,,
17/12/2023 13:15:00,0,498,,,,,,,,,,,,,,,,,,
17/12/2023 13:00:00,0,498,,,,,,,,,,,,,,,,,,
17/12/2023 12:45:00,0,499,,,,,,,,,,,,,,,,,,
17/12/2023 12:30:00,0,500,,,,,,,,,,,,,,,,,,
17/12/2023 12:15:00,0,500,,,,,,,,,,,,,,,,,,
17/12/2023 12:00:00,0,500,,,,,,,,,,,,,,,,,,
17/12/2023 11:45:00,0,501,,,,,,,,,,,,,,,,,,
17/12/2023 11:30:00,0,501,,,,,,,,,,,,,,,,,,
17/12/2023 11:15:00,0,502,,,,,,,,,,,,,,,,,,
17/12/2023 11:00:00,0,502,,,,,,,,,,,,,,,,,,
17/12/2023 10:45:00,0,502,,,,,,,,,,,,,,,,,,
17/12/2023 10:30:00,0,502,,,,,,,,,,,,,,,,,,
17/12/2023 10:15:00,0,502,,,,,,,,,,,,,,,,,,
17/12/2023 10:00:00,0,503,,,,,,,,,,,,,,,,,,
17/12/2023 09:45:00,0,503,,,,,,,,,,,,,,,,,,
17/12/2023 09:30:00,0,503,,,,,,,,,,,,,,,,,,
17/12/2023 09:15:00,0,503,,,,,,,,,,,,,,,,,,
17/12/2023 09:00:00,0,504,,,,,,,,,,,,,,,,,,
17/12/2023 08:45:00,0,504,,,,,,,,,,,,,,,,,,
17/12/2023 08:30:00,0,504,,,,,,,,,,,,,,,,,,
17/12/2023 08:15:00,0,504,,,,,,,,,,,,,,,,,,
17/12/2023 08:00:00,0,505,,,,,,,,,,,,,,,,,,
17/12/2023 07:45:00,0,505,,,,,,,,,,,,,,,,,,
17/12/2023 07:30:00,0,505,,,,,,,,,,,,,,,,,,
17/12/2023 07:15:00,0,506,,,,,,,,,,,,,,,,,,
17/12/2023 07:00:00,0,506,,,,,,,,,,,,,,,,,,
17/12/2023 06:45:00,0,506,,,,,,,,,,,,,,,,,,
17/12/2023 06:30:00,0,506,,,,,,,,,,,,,,,,,,
17/12/2023 06:15:00,0,507,,,,,,,,,,,,,,,,,,
17/12/2023 06:00:00,0,507,,,,,,,,,,,,,,,,,,
17/12/2023 05:45:00,0,507,,,,,,,,,,,,,,,,,,
17/12/2023 05:30:00,0,507,,,,,,,,,,,,,,,,,,
17/12/2023 05:15:00,0,508,,,,,,,,,,,,,,,,,,
17/12/2023 05:00:00,0,507,,,,,,,,,,,,,,,,,,
17/12/2023 04:45:00,0,508,,,,,,,,,,,,,,,,,,
17/12/2023 04:30:00,0,508,,,,,,,,,,,,,,,,,,
17/12/2023 04:15:00,0,508,,,,,,,,,,,,,,,,,,
17/12/2023 04:00:00,0,509,,,,,,,,,,,,,,,,,,
17/12/2023 03:45:00,0,508,,,,,,,,,,,,,,,,,,
17/12/2023 03:30:00,0,509,,,,,,,,,,,,,,,,,,
17/12/2023 03:15:00,0,509,,,,,,,,,,,,,,,,,,
17/12/2023 03:00:00,0,509,,,,,,,,,,,,,,,,,,
17/12/2023 02:45:00,0,509,,,,,,,,,,,,,,,,,,
17/12/2023 02:30:00,0,509,,,,,,,,,,,,,,,,,,
17/12/2023 02:15:00,0,510,,,,,,,,,,,,,,,,,,
17/12/2023 02:00:00,0,510,,,,,,,,,,,,,,,,,,
17/12/2023 01:45:00,0,510,,,,,,,,,,,,,,,,,,
17/12/2023 01:30:00,0,510,,,,,,,,,,,,,,,,,,
17/12/2023 01:15:00,0,510,,,,,,,,,,,,,,,,,,
17/12/2023 01:00:00,0,511,,,,,,,,,,,,,,,,,,
17/12/2023 00:45:00,0,510,,,,,,,,,,,,,,,,,,
17/12/2023 00:30:00,0,511,,,,,,,,,,,,,,,,,,
17/12/2023 00:15:00,0,511,,,,,,,,,,,,,,,,,,
17/12/2023 00:00:00,0,510,,,,,,,,,,,,,,,,,,
16/12/2023 23:45:00,0,511,,,,,,,,,,,,,,,,,,
16/12/2023 23:30:00,0,511,,,,,,,,,,,,,,,,,,
16/12/2023 23:15:00,0,511,,,,,,,,,,,,,,,,,,
16/12/2023 23:00:00,0,510,,,,,,,,,,,,,,,,,,
16/12/2023 22:45:00,0,511,,,,,,,,,,,,,,,,,,
16/12/2023 22:30:00,0,511,,,,,,,,,,,,,,,,,,
16/12/2023 22:15:00,0,511,,,,,,,,,,,,,,,,,,
16/12/2023 22:00:00,0,511,,,,,,,,,,,,,,,,,,
16/12/2023 21:45:00,0,511,,,,,,,,,,,,,,,,,,
16/12/2023 21:30:00,0,511,,,,,,,,,,,,,,,,,,
16/12/2023 21:15:00,0,511,,,,,,,,,,,,,,,,,,
16/12/2023 21:00:00,0,511,,,,,,,,,,,,,,,,,,
16/12/2023 20:45:00,0,511,,,,,,,,,,,,,,,,,,
16/12/2023 20:30:00,0,510,,,,,,,,,,,,,,,,,,
16/12/2023 20:15:00,0,511,,,,,,,,,,,,,,,,,,
16/12/2023 20:00:00,0,510,,,,,,,,,,,,,,,,,,
16/12/2023 19:45:00,0,511,,,,,,,,,,,,,,,,,,
16/12/2023 19:30:00,0,511,,,,,,,,,,,,,,,,,,
16/12/2023 19:15:00,0,510,,,,,,,,,,,,,,,,,,
16/12/2023 19:00:00,0,510,,,,,,,,,,,,,,,,,,
16/12/2023 18:45:00,0,510,,,,,,,,,,,,,,,,,,
16/12/2023 18:30:00,0,510,,,,,,,,,,,,,,,,,,
16/12/2023 18:15:00,0,510,,,,,,,,,,,,,,,,,,
16/12/2023 18:00:00,0,511,,,,,,,,,,,,,,,,,,
16/12/2023 17:45:00,0,510,,,,,,,,,,,,,,,,,,
16/12/2023 17:30:00,0,509,,,,,,,,,,,,,,,,,,
16/12/2023 17:15:00,0,509,,,,,,,,,,,,,,,,,,
16/12/2023 17:00:00,0,509,,,,,,,,,,,,,,,,,,
16/12/2023 16:45:00,0,509,,,,,,,,,,,,,,,,,,
16/12/2023 16:30:00,0,509,,,,,,,,,,,,,,,,,,
16/12/2023 16:15:00,0,509,,,,,,,,,,,,,,,,,,
16/12/2023 16:00:00,0,508,,,,,,,,,,,,,,,,,,
16/12/2023 15:45:00,0,508,,,,,,,,,,,,,,,,,,
16/12/2023 15:30:00,0,508,,,,,,,,,,,,,,,,,,
16/12/2023 15:15:00,0,508,,,,,,,,,,,,,,,,,,
16/12/2023 15:00:00,0,507,,,,,,,,,,,,,,,,,,
16/12/2023 14:45:00,0,507,,,,,,,,,,,,,,,,,,
16/12/2023 14:30:00,0,507,,,,,,,,,,,,,,,,,,
16/12/2023 14:15:00,0,506,,,,,,,,,,,,,,,,,,
16/12/2023 14:00:00,0,506,,,,,,,,,,,,,,,,,,
16/12/2023 13:45:00,0,506,,,,,,,,,,,,,,,,,,
16/12/2023 13:30:00,0,506,,,,,,,,,,,,,,,,,,
16/12/2023 13:15:00,0,505,,,,,,,,,,,,,,,,,,
16/12/2023 13:00:00,0,504,,,,,,,,,,,,,,,,,,
16/12/2023 12:45:00,0,504,,,,,,,,,,,,,,,,,,
16/12/2023 12:30:00,0,503,,,,,,,,,,,,,,,,,,
16/12/2023 12:15:00,0,503,,,,,,,,,,,,,,,,,,
16/12/2023 12:00:00,0,503,,,,,,,,,,,,,,,,,,
16/12/2023 11:45:00,0,502,,,,,,,,,,,,,,,,,,
16/12/2023 11:30:00,0,501,,,,,,,,,,,,,,,,,,
16/12/2023 11:15:00,0,501,,,,,,,,,,,,,,,,,,
16/12/2023 11:00:00,0,500,,,,,,,,,,,,,,,,,,
16/12/2023 10:45:00,0,499,,,,,,,,,,,,,,,,,,
16/12/2023 10:30:00,0,498,,,,,,,,,,,,,,,,,,
16/12/2023 10:15:00,0,498,,,,,,,,,,,,,,,,,,
16/12/2023 10:00:00,0,497,,,,,,,,,,,,,,,,,,
16/12/2023 09:45:00,0,496,,,,,,,,,,,,,,,,,,
16/12/2023 09:30:00,0,495,,,,,,,,,,,,,,,,,,
16/12/2023 09:15:00,0,494,,,,,,,,,,,,,,,,,,
16/12/2023 09:00:00,0,493,,,,,,,,,,,,,,,,,,
16/12/2023 08:45:00,0,492,,,,,,,,,,,,,,,,,,
16/12/2023 08:30:00,0,491,,,,,,,,,,,,,,,,,,
16/12/2023 08:15:00,0,489,,,,,,,,,,,,,,,,,,
16/12/2023 08:00:00,0,488,,,,,,,,,,,,,,,,,,
16/12/2023 07:45:00,0,487,,,,,,,,,,,,,,,,,,
16/12/2023 07:30:00,0,485,,,,,,,,,,,,,,,,,,
16/12/2023 07:15:00,0,484,,,,,,,,,,,,,,,,,,
16/12/2023 07:00:00,0,482,,,,,,,,,,,,,,,,,,
16/12/2023 06:45:00,0,480,,,,,,,,,,,,,,,,,,
16/12/2023 06:30:00,0,479,,,,,,,,,,,,,,,,,,
16/12/2023 06:15:00,0,476,,,,,,,,,,,,,,,,,,
16/12/2023 06:00:00,0,474,,,,,,,,,,,,,,,,,,
16/12/2023 05:45:00,0,471,,,,,,,,,,,,,,,,,,
16/12/2023 05:30:00,0,468,,,,,,,,,,,,,,,,,,
16/12/2023 05:15:00,0,465,,,,,,,,,,,,,,,,,,
16/12/2023 05:00:00,0,461,,,,,,,,,,,,,,,,,,
16/12/2023 04:45:00,0,458,,,,,,,,,,,,,,,,,,
16/12/2023 04:30:00,0,454,,,,,,,,,,,,,,,,,,
16/12/2023 04:15:00,0,451,,,,,,,,,,,,,,,,,,
16/12/2023 04:00:00,0,448,,,,,,,,,,,,,,,,,,
16/12/2023 03:45:00,0,444,,,,,,,,,,,,,,,,,,
16/12/2023 03:30:00,0,440,,,,,,,,,,,,,,,,,,
16/12/2023 03:15:00,0,435,,,,,,,,,,,,,,,,,,
16/12/2023 03:00:00,0,432,,,,,,,,,,,,,,,,,,
16/12/2023 02:45:00,0,427,,,,,,,,,,,,,,,,,,
16/12/2023 02:30:00,0,423,,,,,,,,,,,,,,,,,,
16/12/2023 02:15:00,0,418,,,,,,,,,,,,,,,,,,
16/12/2023 02:00:00,0,414,,,,,,,,,,,,,,,,,,
16/12/2023 01:45:00,0,410,,,,,,,,,,,,,,,,,,
16/12/2023 01:30:00,0,406,,,,,,,,,,,,,,,,,,
16/12/2023 01:15:00,0,402,,,,,,,,,,,,,,,,,,
16/12/2023 01:00:00,0,399,,,,,,,,,,,,,,,,,,
16/12/2023 00:45:00,0,395,,,,,,,,,,,,,,,,,,
16/12/2023 00:30:00,0,392,,,,,,,,,,,,,,,,,,
16/12/2023 00:15:00,0.2,388,,,,,,,,,,,,,,,,,,
16/12/2023 00:00:00,0,384,,,,,,,,,,,,,,,,,,
15/12/2023 23:45:00,0,380,,,,,,,,,,,,,,,,,,
15/12/2023 23:30:00,0,378,,,,,,,,,,,,,,,,,,
15/12/2023 23:15:00,0,374,,,,,,,,,,,,,,,,,,
15/12/2023 23:00:00,0,370,,,,,,,,,,,,,,,,,,
15/12/2023 22:45:00,0,366,,,,,,,,,,,,,,,,,,
15/12/2023 22:30:00,0.2,362,,,,,,,,,,,,,,,,,,
15/12/2023 22:15:00,0.4,357,,,,,,,,,,,,,,,,,,
15/12/2023 22:00:00,0.4,352,,,,,,,,,,,,,,,,,,
15/12/2023 21:45:00,1.2,347,,,,,,,,,,,,,,,,,,
15/12/2023 21:30:00,0.8,341,,,,,,,,,,,,,,,,,,
15/12/2023 21:15:00,1,336,,,,,,,,,,,,,,,,,,
15/12/2023 21:00:00,1.8,330,,,,,,,,,,,,,,,,,,
15/12/2023 20:45:00,0.8,325,,,,,,,,,,,,,,,,,,
15/12/2023 20:30:00,1.2,318,,,,,,,,,,,,,,,,,,
15/12/2023 20:15:00,3.6,310,,,,,,,,,,,,,,,,,,
15/12/2023 20:00:00,3.8,303,,,,,,,,,,,,,,,,,,
15/12/2023 19:45:00,7.4,295,,,,,,,,,,,,,,,,,,
15/12/2023 19:30:00,17.4,287,,,,,,,,,,,,,,,,,,
15/12/2023 19:15:00,20,279,,,,,,,,,,,,,,,,,,
15/12/2023 19:00:00,0,278,,,,,,,,,,,,,,,,,,
15/12/2023 18:45:00,0,279,,,,,,,,,,,,,,,,,,
15/12/2023 18:30:00,0,281,,,,,,,,,,,,,,,,,,
15/12/2023 18:15:00,0,281,,,,,,,,,,,,,,,,,,
15/12/2023 18:00:00,0,282,,,,,,,,,,,,,,,,,,
15/12/2023 17:45:00,0,282,,,,,,,,,,,,,,,,,,
15/12/2023 17:30:00,0,283,,,,,,,,,,,,,,,,,,
15/12/2023 17:15:00,0,283,,,,,,,,,,,,,,,,,,
15/12/2023 17:00:00,0,284,,,,,,,,,,,,,,,,,,
15/12/2023 16:45:00,0,284,,,,,,,,,,,,,,,,,,
15/12/2023 16:30:00,0,285,,,,,,,,,,,,,,,,,,
15/12/2023 16:15:00,0,285,,,,,,,,,,,,,,,,,,
15/12/2023 16:00:00,0,286,,,,,,,,,,,,,,,,,,
15/12/2023 15:45:00,0,286,,,,,,,,,,,,,,,,,,
15/12/2023 15:30:00,0,286,,,,,,,,,,,,,,,,,,
15/12/2023 15:15:00,0,287,,,,,,,,,,,,,,,,,,
15/12/2023 15:00:00,0,287,,,,,,,,,,,,,,,,,,
15/12/2023 14:45:00,0,288,,,,,,,,,,,,,,,,,,
15/12/2023 14:30:00,0,288,,,,,,,,,,,,,,,,,,
15/12/2023 14:15:00,0,289,,,,,,,,,,,,,,,,,,
15/12/2023 14:00:00,0,289,,,,,,,,,,,,,,,,,,
15/12/2023 13:45:00,0,289,,,,,,,,,,,,,,,,,,
15/12/2023 13:30:00,0,290,,,,,,,,,,,,,,,,,,
15/12/2023 13:15:00,0,290,,,,,,,,,,,,,,,,,,
15/12/2023 13:00:00,0,291,,,,,,,,,,,,,,,,,,
15/12/2023 12:45:00,0,291,,,,,,,,,,,,,,,,,,
15/12/2023 12:30:00,0,292,,,,,,,,,,,,,,,,,,
15/12/2023 12:15:00,0,292,,,,,,,,,,,,,,,,,,
15/12/2023 12:00:00,0,292,,,,,,,,,,,,,,,,,,
15/12/2023 11:45:00,0,293,,,,,,,,,,,,,,,,,,
15/12/2023 11:30:00,0,293,,,,,,,,,,,,,,,,,,
15/12/2023 11:15:00,0,294,,,,,,,,,,,,,,,,,,
15/12/2023 11:00:00,0,294,,,,,,,,,,,,,,,,,,
15/12/2023 10:45:00,0,294,,,,,,,,,,,,,,,,,,
15/12/2023 10:30:00,0,294,,,,,,,,,,,,,,,,,,
15/12/2023 10:15:00,0,295,,,,,,,,,,,,,,,,,,
15/12/2023 10:00:00,0,295,,,,,,,,,,,,,,,,,,
15/12/2023 09:45:00,0,295,,,,,,,,,,,,,,,,,,
15/12/2023 09:30:00,0,295,,,,,,,,,,,,,,,,,,
15/12/2023 09:15:00,0,296,,,,,,,,,,,,,,,,,,
15/12/2023 09:00:00,0,296,,,,,,,,,,,,,,,,,,
15/12/2023 08:45:00,0,296,,,,,,,,,,,,,,,,,,
15/12/2023 08:30:00,0,297,,,,,,,,,,,,,,,,,,
15/12/2023 08:15:00,0,297,,,,,,,,,,,,,,,,,,
15/12/2023 08:00:00,0,297,,,,,,,,,,,,,,,,,,
15/12/2023 07:45:00,0,298,,,,,,,,,,,,,,,,,,
15/12/2023 07:30:00,0,298,,,,,,,,,,,,,,,,,,
15/12/2023 07:15:00,0,298,,,,,,,,,,,,,,,,,,
15/12/2023 07:00:00,0,299,,,,,,,,,,,,,,,,,,
15/12/2023 06:45:00,0,299,,,,,,,,,,,,,,,,,,
15/12/2023 06:30:00,0,299,,,,,,,,,,,,,,,,,,
15/12/2023 06:15:00,0,299,,,,,,,,,,,,,,,,,,
15/12/2023 06:00:00,0,300,,,,,,,,,,,,,,,,,,
15/12/2023 05:45:00,0,300,,,,,,,,,,,,,,,,,,
15/12/2023 05:30:00,0,300,,,,,,,,,,,,,,,,,,
15/12/2023 05:15:00,0,301,,,,,,,,,,,,,,,,,,
15/12/2023 05:00:00,0,301,,,,,,,,,,,,,,,,,,
15/12/2023 04:45:00,0,301,,,,,,,,,,,,,,,,,,
15/12/2023 04:30:00,0,302,,,,,,,,,,,,,,,,,,
15/12/2023 04:15:00,0,302,,,,,,,,,,,,,,,,,,
15/12/2023 04:00:00,0,303,,,,,,,,,,,,,,,,,,
15/12/2023 03:45:00,0,303,,,,,,,,,,,,,,,,,,
15/12/2023 03:30:00,0,303,,,,,,,,,,,,,,,,,,
15/12/2023 03:15:00,0,304,,,,,,,,,,,,,,,,,,
15/12/2023 03:00:00,0,304,,,,,,,,,,,,,,,,,,
15/12/2023 02:45:00,0,305,,,,,,,,,,,,,,,,,,
15/12/2023 02:30:00,0,306,,,,,,,,,,,,,,,,,,
15/12/2023 02:15:00,0,306,,,,,,,,,,,,,,,,,,
15/12/2023 02:00:00,0,306,,,,,,,,,,,,,,,,,,
15/12/2023 01:45:00,0,307,,,,,,,,,,,,,,,,,,
15/12/2023 01:30:00,0,307,,,,,,,,,,,,,,,,,,
15/12/2023 01:15:00,0,307,,,,,,,,,,,,,,,,,,
15/12/2023 01:00:00,0,308,,,,,,,,,,,,,,,,,,
15/12/2023 00:45:00,0,308,,,,,,,,,,,,,,,,,,
15/12/2023 00:30:00,0,309,,,,,,,,,,,,,,,,,,
15/12/2023 00:15:00,0,309,,,,,,,,,,,,,,,,,,
15/12/2023 00:00:00,0,309,,,,,,,,,,,,,,,,,,
14/12/2023 23:45:00,0,310,,,,,,,,,,,,,,,,,,
14/12/2023 23:30:00,0,311,,,,,,,,,,,,,,,,,,
14/12/2023 23:15:00,0,311,,,,,,,,,,,,,,,,,,
14/12/2023 23:00:00,0.2,311,,,,,,,,,,,,,,,,,,
14/12/2023 22:45:00,0,312,,,,,,,,,,,,,,,,,,
14/12/2023 22:30:00,0,312,,,,,,,,,,,,,,,,,,
14/12/2023 22:15:00,0,313,,,,,,,,,,,,,,,,,,
14/12/2023 22:00:00,0,313,,,,,,,,,,,,,,,,,,
14/12/2023 21:45:00,0,313,,,,,,,,,,,,,,,,,,
14/12/2023 21:30:00,0.2,314,,,,,,,,,,,,,,,,,,
14/12/2023 21:15:00,0,314,,,,,,,,,,,,,,,,,,
14/12/2023 21:00:00,0,315,,,,,,,,,,,,,,,,,,
14/12/2023 20:45:00,0,316,,,,,,,,,,,,,,,,,,
14/12/2023 20:30:00,0,316,,,,,,,,,,,,,,,,,,
14/12/2023 20:15:00,0,317,,,,,,,,,,,,,,,,,,
14/12/2023 20:00:00,0,317,,,,,,,,,,,,,,,,,,
14/12/2023 19:45:00,0,317,,,,,,,,,,,,,,,,,,
14/12/2023 19:30:00,0,318,,,,,,,,,,,,,,,,,,
14/12/2023 19:15:00,0,319,,,,,,,,,,,,,,,,,,
14/12/2023 19:00:00,0,318,,,,,,,,,,,,,,,,,,
14/12/2023 18:45:00,0,319,,,,,,,,,,,,,,,,,,
14/12/2023 18:30:00,0,318,,,,,,,,,,,,,,,,,,
14/12/2023 18:15:00,0,321,,,,,,,,,,,,,,,,,,
14/12/2023 18:00:00,0,321,,,,,,,,,,,,,,,,,,
14/12/2023 17:45:00,0,322,,,,,,,,,,,,,,,,,,
14/12/2023 17:30:00,0,322,,,,,,,,,,,,,,,,,,
14/12/2023 17:15:00,0,323,,,,,,,,,,,,,,,,,,
14/12/2023 17:00:00,0,324,,,,,,,,,,,,,,,,,,
14/12/2023 16:45:00,0,324,,,,,,,,,,,,,,,,,,
14/12/2023 16:30:00,0,324,,,,,,,,,,,,,,,,,,
14/12/2023 16:15:00,0,325,,,,,,,,,,,,,,,,,,
14/12/2023 16:00:00,0,326,,,,,,,,,,,,,,,,,,
14/12/2023 15:45:00,0,326,,,,,,,,,,,,,,,,,,
14/12/2023 15:30:00,0,327,,,,,,,,,,,,,,,,,,
14/12/2023 15:15:00,0,328,,,,,,,,,,,,,,,,,,
14/12/2023 15:00:00,0,328,,,,,,,,,,,,,,,,,,
14/12/2023 14:45:00,0,328,,,,,,,,,,,,,,,,,,
14/12/2023 14:30:00,0,329,,,,,,,,,,,,,,,,,,
14/12/2023 14:15:00,0,330,,,,,,,,,,,,,,,,,,
14/12/2023 14:00:00,0,330,,,,,,,,,,,,,,,,,,
14/12/2023 13:45:00,0,331,,,,,,,,,,,,,,,,,,
14/12/2023 13:30:00,0,331,,,,,,,,,,,,,,,,,,
14/12/2023 13:15:00,0,331,,,,,,,,,,,,,,,,,,
14/12/2023 13:00:00,0,332,,,,,,,,,,,,,,,,,,
14/12/2023 12:45:00,0,333,,,,,,,,,,,,,,,,,,
14/12/2023 12:30:00,0,333,,,,,,,,,,,,,,,,,,
14/12/2023 12:15:00,0,333,,,,,,,,,,,,,,,,,,
14/12/2023 12:00:00,0,334,,,,,,,,,,,,,,,,,,
14/12/2023 11:45:00,0,334,,,,,,,,,,,,,,,,,,
14/12/2023 11:30:00,0,335,,,,,,,,,,,,,,,,,,
14/12/2023 11:15:00,0,335,,,,,,,,,,,,,,,,,,
14/12/2023 11:00:00,0,335,,,,,,,,,,,,,,,,,,
14/12/2023 10:45:00,0,336,,,,,,,,,,,,,,,,,,
14/12/2023 10:30:00,0,336,,,,,,,,,,,,,,,,,,
14/12/2023 10:15:00,0,336,,,,,,,,,,,,,,,,,,
14/12/2023 10:00:00,0,336,,,,,,,,,,,,,,,,,,
14/12/2023 09:45:00,0,337,,,,,,,,,,,,,,,,,,
14/12/2023 09:30:00,0,337,,,,,,,,,,,,,,,,,,
14/12/2023 09:15:00,0,337,,,,,,,,,,,,,,,,,,
14/12/2023 09:00:00,0,337,,,,,,,,,,,,,,,,,,
14/12/2023 08:45:00,0,338,,,,,,,,,,,,,,,,,,
14/12/2023 08:30:00,0,338,,,,,,,,,,,,,,,,,,
14/12/2023 08:15:00,0,338,,,,,,,,,,,,,,,,,,
14/12/2023 08:00:00,0,339,,,,,,,,,,,,,,,,,,
14/12/2023 07:45:00,0,339,,,,,,,,,,,,,,,,,,
14/12/2023 07:30:00,0,340,,,,,,,,,,,,,,,,,,
14/12/2023 07:15:00,0,340,,,,,,,,,,,,,,,,,,
14/12/2023 07:00:00,0,340,,,,,,,,,,,,,,,,,,
14/12/2023 06:45:00,0,341,,,,,,,,,,,,,,,,,,
14/12/2023 06:30:00,0,341,,,,,,,,,,,,,,,,,,
14/12/2023 06:15:00,0,342,,,,,,,,,,,,,,,,,,
14/12/2023 06:00:00,0,342,,,,,,,,,,,,,,,,,,
14/12/2023 05:45:00,0,342,,,,,,,,,,,,,,,,,,
14/12/2023 05:30:00,0,343,,,,,,,,,,,,,,,,,,
14/12/2023 05:15:00,0,343,,,,,,,,,,,,,,,,,,
14/12/2023 05:00:00,0,343,,,,,,,,,,,,,,,,,,
14/12/2023 04:45:00,0,344,,,,,,,,,,,,,,,,,,
14/12/2023 04:30:00,0,344,,,,,,,,,,,,,,,,,,
14/12/2023 04:15:00,0,345,,,,,,,,,,,,,,,,,,
14/12/2023 04:00:00,0,345,,,,,,,,,,,,,,,,,,
14/12/2023 03:45:00,0,346,,,,,,,,,,,,,,,,,,
14/12/2023 03:30:00,0,346,,,,,,,,,,,,,,,,,,
14/12/2023 03:15:00,0,346,,,,,,,,,,,,,,,,,,
14/12/2023 03:00:00,0,347,,,,,,,,,,,,,,,,,,
14/12/2023 02:45:00,0,347,,,,,,,,,,,,,,,,,,
14/12/2023 02:30:00,0,348,,,,,,,,,,,,,,,,,,
14/12/2023 02:15:00,0,348,,,,,,,,,,,,,,,,,,
14/12/2023 02:00:00,0,349,,,,,,,,,,,,,,,,,,
14/12/2023 01:45:00,0,349,,,,,,,,,,,,,,,,,,
14/12/2023 01:30:00,0,349,,,,,,,,,,,,,,,,,,
14/12/2023 01:15:00,0,350,,,,,,,,,,,,,,,,,,
14/12/2023 01:00:00,0,350,,,,,,,,,,,,,,,,,,
14/12/2023 00:45:00,0,351,,,,,,,,,,,,,,,,,,
14/12/2023 00:30:00,0,352,,,,,,,,,,,,,,,,,,
14/12/2023 00:15:00,0,352,,,,,,,,,,,,,,,,,,
14/12/2023 00:00:00,0,352,,,,,,,,,,,,,,,,,,
13/12/2023 23:45:00,0,353,,,,,,,,,,,,,,,,,,
13/12/2023 23:30:00,0,353,,,,,,,,,,,,,,,,,,
13/12/2023 23:15:00,0,354,,,,,,,,,,,,,,,,,,
13/12/2023 23:00:00,0,354,,,,,,,,,,,,,,,,,,
13/12/2023 22:45:00,0,354,,,,,,,,,,,,,,,,,,
13/12/2023 22:30:00,0,355,,,,,,,,,,,,,,,,,,
13/12/2023 22:15:00,0,356,,,,,,,,,,,,,,,,,,
13/12/2023 22:00:00,0,356,,,,,,,,,,,,,,,,,,
13/12/2023 21:45:00,0,357,,,,,,,,,,,,,,,,,,
13/12/2023 21:30:00,0,357,,,,,,,,,,,,,,,,,,
13/12/2023 21:15:00,0,357,,,,,,,,,,,,,,,,,,
13/12/2023 21:00:00,0,358,,,,,,,,,,,,,,,,,,
13/12/2023 20:45:00,0,359,,,,,,,,,,,,,,,,,,
13/12/2023 20:30:00,0,359,,,,,,,,,,,,,,,,,,
13/12/2023 20:15:00,0,359,,,,,,,,,,,,,,,,,,
13/12/2023 20:00:00,0,360,,,,,,,,,,,,,,,,,,
13/12/2023 19:45:00,0,360,,,,,,,,,,,,,,,,,,
13/12/2023 19:30:00,0,361,,,,,,,,,,,,,,,,,,
13/12/2023 19:15:00,0,361,,,,,,,,,,,,,,,,,,
13/12/2023 19:00:00,0,362,,,,,,,,,,,,,,,,,,
13/12/2023 18:45:00,0,363,,,,,,,,,,,,,,,,,,
13/12/2023 18:30:00,0,363,,,,,,,,,,,,,,,,,,
13/12/2023 18:15:00,0,363,,,,,,,,,,,,,,,,,,
13/12/2023 18:00:00,0,364,,,,,,,,,,,,,,,,,,
13/12/2023 17:45:00,0,364,,,,,,,,,,,,,,,,,,
13/12/2023 17:30:00,0,365,,,,,,,,,,,,,,,,,,
13/12/2023 17:15:00,0,366,,,,,,,,,,,,,,,,,,
13/12/2023 17:00:00,0,366,,,,,,,,,,,,,,,,,,
13/12/2023 16:45:00,0,367,,,,,,,,,,,,,,,,,,
13/12/2023 16:30:00,0,367,,,,,,,,,,,,,,,,,,
13/12/2023 16:15:00,0,368,,,,,,,,,,,,,,,,,,
13/12/2023 16:00:00,0,369,,,,,,,,,,,,,,,,,,
13/12/2023 15:45:00,0,369,,,,,,,,,,,,,,,,,,
13/12/2023 15:30:00,0,370,,,,,,,,,,,,,,,,,,
13/12/2023 15:15:00,0,370,,,,,,,,,,,,,,,,,,
13/12/2023 15:00:00,0,371,,,,,,,,,,,,,,,,,,
13/12/2023 14:45:00,0,371,,,,,,,,,,,,,,,,,,
13/12/2023 14:30:00,0,372,,,,,,,,,,,,,,,,,,
13/12/2023 14:15:00,0,372,,,,,,,,,,,,,,,,,,
13/12/2023 14:00:00,0,373,,,,,,,,,,,,,,,,,,
13/12/2023 13:45:00,0,374,,,,,,,,,,,,,,,,,,
13/12/2023 13:30:00,0,374,,,,,,,,,,,,,,,,,,
13/12/2023 13:15:00,0,375,,,,,,,,,,,,,,,,,,
13/12/2023 13:00:00,0,375,,,,,,,,,,,,,,,,,,
13/12/2023 12:45:00,0,376,,,,,,,,,,,,,,,,,,
13/12/2023 12:30:00,0,376,,,,,,,,,,,,,,,,,,
13/12/2023 12:15:00,0,377,,,,,,,,,,,,,,,,,,
13/12/2023 12:00:00,0,377,,,,,,,,,,,,,,,,,,
13/12/2023 11:45:00,0,378,,,,,,,,,,,,,,,,,,
13/12/2023 11:30:00,0,379,,,,,,,,,,,,,,,,,,
13/12/2023 11:15:00,0,379,,,,,,,,,,,,,,,,,,
13/12/2023 11:00:00,0,379,,,,,,,,,,,,,,,,,,
13/12/2023 10:45:00,0,379,,,,,,,,,,,,,,,,,,
13/12/2023 10:30:00,0,380,,,,,,,,,,,,,,,,,,
13/12/2023 10:15:00,0,380,,,,,,,,,,,,,,,,,,
13/12/2023 10:00:00,0,380,,,,,,,,,,,,,,,,,,
13/12/2023 09:45:00,0,381,,,,,,,,,,,,,,,,,,
13/12/2023 09:30:00,0,381,,,,,,,,,,,,,,,,,,
13/12/2023 09:15:00,0,381,,,,,,,,,,,,,,,,,,
13/12/2023 09:00:00,0,382,,,,,,,,,,,,,,,,,,
13/12/2023 08:45:00,0,382,,,,,,,,,,,,,,,,,,
13/12/2023 08:30:00,0,383,,,,,,,,,,,,,,,,,,
13/12/2023 08:15:00,0,383,,,,,,,,,,,,,,,,,,
13/12/2023 08:00:00,0,383,,,,,,,,,,,,,,,,,,
13/12/2023 07:45:00,0,384,,,,,,,,,,,,,,,,,,
13/12/2023 07:30:00,0,384,,,,,,,,,,,,,,,,,,
13/12/2023 07:15:00,0,385,,,,,,,,,,,,,,,,,,
13/12/2023 07:00:00,0,385,,,,,,,,,,,,,,,,,,
13/12/2023 06:45:00,0,385,,,,,,,,,,,,,,,,,,
13/12/2023 06:30:00,0,385,,,,,,,,,,,,,,,,,,
13/12/2023 06:15:00,0,386,,,,,,,,,,,,,,,,,,
13/12/2023 06:00:00,0,386,,,,,,,,,,,,,,,,,,
13/12/2023 05:45:00,0,386,,,,,,,,,,,,,,,,,,
13/12/2023 05:30:00,0,387,,,,,,,,,,,,,,,,,,
13/12/2023 05:15:00,0,387,,,,,,,,,,,,,,,,,,
13/12/2023 05:00:00,0,388,,,,,,,,,,,,,,,,,,
13/12/2023 04:45:00,0,388,,,,,,,,,,,,,,,,,,
13/12/2023 04:30:00,0,388,,,,,,,,,,,,,,,,,,
13/12/2023 04:15:00,0,389,,,,,,,,,,,,,,,,,,
13/12/2023 04:00:00,0,389,,,,,,,,,,,,,,,,,,
13/12/2023 03:45:00,0,390,,,,,,,,,,,,,,,,,,
13/12/2023 03:30:00,0,390,,,,,,,,,,,,,,,,,,
13/12/2023 03:15:00,0,391,,,,,,,,,,,,,,,,,,
13/12/2023 03:00:00,0,391,,,,,,,,,,,,,,,,,,
13/12/2023 02:45:00,0,392,,,,,,,,,,,,,,,,,,
13/12/2023 02:30:00,0,392,,,,,,,,,,,,,,,,,,
13/12/2023 02:15:00,0,392,,,,,,,,,,,,,,,,,,
13/12/2023 02:00:00,0,393,,,,,,,,,,,,,,,,,,
13/12/2023 01:45:00,0,393,,,,,,,,,,,,,,,,,,
13/12/2023 01:30:00,0,393,,,,,,,,,,,,,,,,,,
13/12/2023 01:15:00,0,394,,,,,,,,,,,,,,,,,,
13/12/2023 01:00:00,0,394,,,,,,,,,,,,,,,,,,
13/12/2023 00:45:00,0,395,,,,,,,,,,,,,,,,,,
13/12/2023 00:30:00,0,395,,,,,,,,,,,,,,,,,,
13/12/2023 00:15:00,0,396,,,,,,,,,,,,,,,,,,
13/12/2023 00:00:00,0,396,,,,,,,,,,,,,,,,,,
12/12/2023 23:45,0,396,,,,,,,,,,,,,,,,,,
12/12/2023 23:30,0,397,,,,,,,,,,,,,,,,,,
12/12/2023 23:15,0,397,,,,,,,,,,,,,,,,,,
12/12/2023 23:00,0,397,,,,,,,,,,,,,,,,,,
12/12/2023 22:45,0,398,,,,,,,,,,,,,,,,,,
12/12/2023 22:30,0,398,,,,,,,,,,,,,,,,,,
12/12/2023 22:15,0,398,,,,,,,,,,,,,,,,,,
12/12/2023 22:00,0,399,,,,,,,,,,,,,,,,,,
12/12/2023 21:45,0,399,,,,,,,,,,,,,,,,,,
12/12/2023 21:30,0,399,,,,,,,,,,,,,,,,,,
12/12/2023 21:15,0,400,,,,,,,,,,,,,,,,,,
12/12/2023 21:00,0,400,,,,,,,,,,,,,,,,,,
12/12/2023 20:45,0,400,,,,,,,,,,,,,,,,,,
12/12/2023 20:30,0,401,,,,,,,,,,,,,,,,,,
12/12/2023 20:15,0,401,,,,,,,,,,,,,,,,,,
12/12/2023 20:00,0,401,,,,,,,,,,,,,,,,,,
12/12/2023 19:45,0,402,,,,,,,,,,,,,,,,,,
12/12/2023 19:30,0,402,,,,,,,,,,,,,,,,,,
12/12/2023 19:15,0,403,,,,,,,,,,,,,,,,,,
12/12/2023 19:00,0,403,,,,,,,,,,,,,,,,,,
12/12/2023 18:45,0,403,,,,,,,,,,,,,,,,,,
12/12/2023 18:30,0,403,,,,,,,,,,,,,,,,,,
12/12/2023 18:15,0,404,,,,,,,,,,,,,,,,,,
12/12/2023 18:00,0,404,,,,,,,,,,,,,,,,,,
12/12/2023 17:45,0,404,,,,,,,,,,,,,,,,,,
12/12/2023 17:30,0,405,,,,,,,,,,,,,,,,,,
12/12/2023 17:15,0,405,,,,,,,,,,,,,,,,,,
12/12/2023 17:00,0,406,,,,,,,,,,,,,,,,,,
12/12/2023 16:45,0,406,,,,,,,,,,,,,,,,,,
12/12/2023 16:30,0,407,,,,,,,,,,,,,,,,,,
12/12/2023 16:15,0,407,,,,,,,,,,,,,,,,,,
12/12/2023 16:00,0,407,,,,,,,,,,,,,,,,,,
12/12/2023 15:45,0,408,,,,,,,,,,,,,,,,,,
12/12/2023 15:30,0,408,,,,,,,,,,,,,,,,,,
12/12/2023 15:15,0,409,,,,,,,,,,,,,,,,,,
12/12/2023 15:00,0,409,,,,,,,,,,,,,,,,,,
12/12/2023 14:45,0,409,,,,,,,,,,,,,,,,,,
12/12/2023 14:30,0,410,,,,,,,,,,,,,,,,,,
12/12/2023 14:15,0,411,,,,,,,,,,,,,,,,,,
12/12/2023 14:00,0,411,,,,,,,,,,,,,,,,,,
12/12/2023 13:45,0,411,,,,,,,,,,,,,,,,,,
12/12/2023 13:30,0,412,,,,,,,,,,,,,,,,,,
12/12/2023 13:15,0,412,,,,,,,,,,,,,,,,,,
12/12/2023 13:00,0,413,,,,,,,,,,,,,,,,,,
12/12/2023 12:45,0,413,,,,,,,,,,,,,,,,,,
12/12/2023 12:30,0,414,,,,,,,,,,,,,,,,,,
12/12/2023 12:15,0,414,,,,,,,,,,,,,,,,,,
12/12/2023 12:00,0,414,,,,,,,,,,,,,,,,,,
12/12/2023 11:45,0,415,,,,,,,,,,,,,,,,,,
12/12/2023 11:30,0,415,,,,,,,,,,,,,,,,,,
12/12/2023 11:15,0,415,,,,,,,,,,,,,,,,,,
12/12/2023 11:00,0,415,,,,,,,,,,,,,,,,,,
12/12/2023 10:45,0,416,,,,,,,,,,,,,,,,,,
12/12/2023 10:30,0,416,,,,,,,,,,,,,,,,,,
12/12/2023 10:15,0,416,,,,,,,,,,,,,,,,,,
12/12/2023 10:00,0,416,,,,,,,,,,,,,,,,,,
12/12/2023 9:45,0,416,,,,,,,,,,,,,,,,,,
12/12/2023 9:30,0,416,,,,,,,,,,,,,,,,,,
12/12/2023 9:15,0,417,,,,,,,,,,,,,,,,,,
12/12/2023 9:00,0,417,,,,,,,,,,,,,,,,,,
12/12/2023 8:45,0,416,,,,,,,,,,,,,,,,,,
12/12/2023 8:30,0,417,,,,,,,,,,,,,,,,,,
12/12/2023 8:15,0,417,,,,,,,,,,,,,,,,,,
12/12/2023 8:00,0,417,,,,,,,,,,,,,,,,,,
12/12/2023 7:45,0,417,,,,,,,,,,,,,,,,,,
12/12/2023 7:30,0,417,,,,,,,,,,,,,,,,,,
12/12/2023 7:15,0,418,,,,,,,,,,,,,,,,,,
12/12/2023 7:00,0,417,,,,,,,,,,,,,,,,,,
12/12/2023 6:45,0,418,,,,,,,,,,,,,,,,,,
12/12/2023 6:30,0,417,,,,,,,,,,,,,,,,,,
12/12/2023 6:15,0,418,,,,,,,,,,,,,,,,,,
12/12/2023 6:00,0,418,,,,,,,,,,,,,,,,,,
12/12/2023 5:45,0,418,,,,,,,,,,,,,,,,,,
12/12/2023 5:30,0,418,,,,,,,,,,,,,,,,,,
12/12/2023 5:15,0,418,,,,,,,,,,,,,,,,,,
12/12/2023 5:00,0,418,,,,,,,,,,,,,,,,,,
12/12/2023 4:45,0,418,,,,,,,,,,,,,,,,,,
12/12/2023 4:30,0,418,,,,,,,,,,,,,,,,,,
12/12/2023 4:15,0,418,,,,,,,,,,,,,,,,,,
12/12/2023 4:00,0,418,,,,,,,,,,,,,,,,,,
12/12/2023 3:45,0,418,,,,,,,,,,,,,,,,,,
12/12/2023 3:30,0,418,,,,,,,,,,,,,,,,,,
12/12/2023 3:15,0,419,,,,,,,,,,,,,,,,,,
12/12/2023 3:00,0,419,,,,,,,,,,,,,,,,,,
12/12/2023 2:45,0,419,,,,,,,,,,,,,,,,,,
12/12/2023 2:30,0,419,,,,,,,,,,,,,,,,,,
12/12/2023 2:15,0,419,,,,,,,,,,,,,,,,,,
12/12/2023 2:00,0,419,,,,,,,,,,,,,,,,,,
12/12/2023 1:45,0,419,,,,,,,,,,,,,,,,,,
12/12/2023 1:30,0,419,,,,,,,,,,,,,,,,,,
12/12/2023 1:15,0,419,,,,,,,,,,,,,,,,,,
12/12/2023 1:00,0,419,,,,,,,,,,,,,,,,,,
12/12/2023 0:45,0,419,,,,,,,,,,,,,,,,,,
12/12/2023 0:30,0,419,,,,,,,,,,,,,,,,,,
12/12/2023 0:15,0,419,,,,,,,,,,,,,,,,,,
12/12/2023 0:00,0,419,,,,,,,,,,,,,,,,,,
11/12/2023 23:45,0,419,,,,,,,,,,,,,,,,,,
11/12/2023 23:30,0,419,,,,,,,,,,,,,,,,,,
11/12/2023 23:15,0,420,,,,,,,,,,,,,,,,,,
11/12/2023 23:00,0,419,,,,,,,,,,,,,,,,,,
11/12/2023 22:45,0,420,,,,,,,,,,,,,,,,,,
11/12/2023 22:30,0,420,,,,,,,,,,,,,,,,,,
11/12/2023 22:15,0,420,,,,,,,,,,,,,,,,,,
11/12/2023 22:00,0,420,,,,,,,,,,,,,,,,,,
11/12/2023 21:45,0,420,,,,,,,,,,,,,,,,,,
11/12/2023 21:30,0,419,,,,,,,,,,,,,,,,,,
11/12/2023 21:15,0,420,,,,,,,,,,,,,,,,,,
11/12/2023 21:00,0,420,,,,,,,,,,,,,,,,,,
11/12/2023 20:45,0,420,,,,,,,,,,,,,,,,,,
11/12/2023 20:30,0,420,,,,,,,,,,,,,,,,,,
11/12/2023 20:15,0,420,,,,,,,,,,,,,,,,,,
11/12/2023 20:00,0,420,,,,,,,,,,,,,,,,,,
11/12/2023 19:45,0,420,,,,,,,,,,,,,,,,,,
11/12/2023 19:30,0,420,,,,,,,,,,,,,,,,,,
11/12/2023 19:15,0,420,,,,,,,,,,,,,,,,,,
11/12/2023 19:00,0,419,,,,,,,,,,,,,,,,,,
11/12/2023 18:45,0,420,,,,,,,,,,,,,,,,,,
11/12/2023 18:30,0,420,,,,,,,,,,,,,,,,,,
11/12/2023 18:15,0,419,,,,,,,,,,,,,,,,,,
11/12/2023 18:00,0,419,,,,,,,,,,,,,,,,,,
11/12/2023 17:45,0,419,,,,,,,,,,,,,,,,,,
11/12/2023 17:30,0,419,,,,,,,,,,,,,,,,,,
11/12/2023 17:15,0,419,,,,,,,,,,,,,,,,,,
11/12/2023 17:00,0,420,,,,,,,,,,,,,,,,,,
11/12/2023 16:45,0,420,,,,,,,,,,,,,,,,,,
11/12/2023 16:30,0,420,,,,,,,,,,,,,,,,,,
11/12/2023 16:15,0,420,,,,,,,,,,,,,,,,,,
11/12/2023 16:00,0,420,,,,,,,,,,,,,,,,,,
11/12/2023 15:45,0,420,,,,,,,,,,,,,,,,,,
11/12/2023 15:30,0,420,,,,,,,,,,,,,,,,,,
11/12/2023 15:15,0,420,,,,,,,,,,,,,,,,,,
11/12/2023 15:00,0,420,,,,,,,,,,,,,,,,,,
11/12/2023 14:45,0,421,,,,,,,,,,,,,,,,,,
11/12/2023 14:30,0,420,,,,,,,,,,,,,,,,,,
11/12/2023 14:15,0,420,,,,,,,,,,,,,,,,,,
11/12/2023 14:00,0,421,,,,,,,,,,,,,,,,,,
11/12/2023 13:45,0,421,,,,,,,,,,,,,,,,,,
11/12/2023 13:30,0,422,,,,,,,,,,,,,,,,,,
11/12/2023 13:15,0,421,,,,,,,,,,,,,,,,,,
11/12/2023 13:00,0,422,,,,,,,,,,,,,,,,,,
11/12/2023 12:45,0,422,,,,,,,,,,,,,,,,,,
11/12/2023 12:30,0,422,,,,,,,,,,,,,,,,,,
11/12/2023 12:15,0,422,,,,,,,,,,,,,,,,,,
11/12/2023 12:00,0,422,,,,,,,,,,,,,,,,,,
11/12/2023 11:45,0,422,,,,,,,,,,,,,,,,,,
11/12/2023 11:30,0,422,,,,,,,,,,,,,,,,,,
11/12/2023 11:15,0,423,,,,,,,,,,,,,,,,,,
11/12/2023 11:00,0,423,,,,,,,,,,,,,,,,,,
11/12/2023 10:45,0,422,,,,,,,,,,,,,,,,,,
11/12/2023 10:30,0,422,,,,,,,,,,,,,,,,,,
11/12/2023 10:15,0,422,,,,,,,,,,,,,,,,,,
11/12/2023 10:00,0,422,,,,,,,,,,,,,,,,,,
11/12/2023 9:45,0,422,,,,,,,,,,,,,,,,,,
11/12/2023 9:30,0,422,,,,,,,,,,,,,,,,,,
11/12/2023 9:15,0,422,,,,,,,,,,,,,,,,,,
11/12/2023 9:00,0,422,,,,,,,,,,,,,,,,,,
11/12/2023 8:45,0,422,,,,,,,,,,,,,,,,,,
11/12/2023 8:30,0,422,,,,,,,,,,,,,,,,,,
11/12/2023 8:15,0,422,,,,,,,,,,,,,,,,,,
11/12/2023 8:00,0,422,,,,,,,,,,,,,,,,,,
11/12/2023 7:45,0,422,,,,,,,,,,,,,,,,,,
11/12/2023 7:30,0,422,,,,,,,,,,,,,,,,,,
11/12/2023 7:15,0,421,,,,,,,,,,,,,,,,,,
11/12/2023 7:00,0,421,,,,,,,,,,,,,,,,,,
11/12/2023 6:45,0,421,,,,,,,,,,,,,,,,,,
11/12/2023 6:30,0,421,,,,,,,,,,,,,,,,,,
11/12/2023 6:15,0,421,,,,,,,,,,,,,,,,,,
11/12/2023 6:00,0,421,,,,,,,,,,,,,,,,,,
11/12/2023 5:45,0,421,,,,,,,,,,,,,,,,,,
11/12/2023 5:30,0,421,,,,,,,,,,,,,,,,,,
11/12/2023 5:15,0,421,,,,,,,,,,,,,,,,,,
11/12/2023 5:00,0,420,,,,,,,,,,,,,,,,,,
11/12/2023 4:45,0,420,,,,,,,,,,,,,,,,,,
11/12/2023 4:30,0,420,,,,,,,,,,,,,,,,,,
11/12/2023 4:15,0,420,,,,,,,,,,,,,,,,,,
11/12/2023 4:00,0,419,,,,,,,,,,,,,,,,,,
11/12/2023 3:45,0,419,,,,,,,,,,,,,,,,,,
11/12/2023 3:30,0,419,,,,,,,,,,,,,,,,,,
11/12/2023 3:15,0,419,,,,,,,,,,,,,,,,,,
11/12/2023 3:00,0,419,,,,,,,,,,,,,,,,,,
11/12/2023 2:45,0,419,,,,,,,,,,,,,,,,,,
11/12/2023 2:30,0,419,,,,,,,,,,,,,,,,,,
11/12/2023 2:15,0,419,,,,,,,,,,,,,,,,,,
11/12/2023 2:00,0,419,,,,,,,,,,,,,,,,,,
11/12/2023 1:45,0,419,,,,,,,,,,,,,,,,,,
11/12/2023 1:30,0,418,,,,,,,,,,,,,,,,,,
11/12/2023 1:15,0,419,,,,,,,,,,,,,,,,,,
11/12/2023 1:00,0,419,,,,,,,,,,,,,,,,,,
11/12/2023 0:45,0,419,,,,,,,,,,,,,,,,,,
11/12/2023 0:30,0,419,,,,,,,,,,,,,,,,,,
11/12/2023 0:15,0,419,,,,,,,,,,,,,,,,,,
11/12/2023 0:00,0,419,,,,,,,,,,,,,,,,,,
10/12/2023 23:45,0,419,,,,,,,,,,,,,,,,,,
10/12/2023 23:30,0,420,,,,,,,,,,,,,,,,,,
10/12/2023 23:15,0,419,,,,,,,,,,,,,,,,,,
10/12/2023 23:00,0,420,,,,,,,,,,,,,,,,,,
10/12/2023 22:45,0,420,,,,,,,,,,,,,,,,,,
10/12/2023 22:30,0,420,,,,,,,,,,,,,,,,,,
10/12/2023 22:15,0,420,,,,,,,,,,,,,,,,,,
10/12/2023 22:00,0,421,,,,,,,,,,,,,,,,,,
10/12/2023 21:45,0,421,,,,,,,,,,,,,,,,,,
10/12/2023 21:30,0,421,,,,,,,,,,,,,,,,,,
10/12/2023 21:15,0,422,,,,,,,,,,,,,,,,,,
10/12/2023 21:00,0,422,,,,,,,,,,,,,,,,,,
10/12/2023 20:45,0,422,,,,,,,,,,,,,,,,,,
10/12/2023 20:30,0,422,,,,,,,,,,,,,,,,,,
10/12/2023 20:15,0,422,,,,,,,,,,,,,,,,,,
10/12/2023 20:00,0,422,,,,,,,,,,,,,,,,,,
10/12/2023 19:45,0,423,,,,,,,,,,,,,,,,,,
10/12/2023 19:30,0,423,,,,,,,,,,,,,,,,,,
10/12/2023 19:15,0,424,,,,,,,,,,,,,,,,,,
10/12/2023 19:00,0,423,,,,,,,,,,,,,,,,,,
10/12/2023 18:45,0,424,,,,,,,,,,,,,,,,,,
10/12/2023 18:30,0,424,,,,,,,,,,,,,,,,,,
10/12/2023 18:15,0,425,,,,,,,,,,,,,,,,,,
10/12/2023 18:00,0,425,,,,,,,,,,,,,,,,,,
10/12/2023 17:45,0,425,,,,,,,,,,,,,,,,,,
10/12/2023 17:30,0,425,,,,,,,,,,,,,,,,,,
10/12/2023 17:15,0,425,,,,,,,,,,,,,,,,,,
10/12/2023 17:00,0,426,,,,,,,,,,,,,,,,,,
10/12/2023 16:45,0,425,,,,,,,,,,,,,,,,,,
10/12/2023 16:30,0,425,,,,,,,,,,,,,,,,,,
10/12/2023 16:15,0,426,,,,,,,,,,,,,,,,,,
10/12/2023 16:00,0,426,,,,,,,,,,,,,,,,,,
10/12/2023 15:45,0,426,,,,,,,,,,,,,,,,,,
10/12/2023 15:30,0,426,,,,,,,,,,,,,,,,,,
10/12/2023 15:15,0,426,,,,,,,,,,,,,,,,,,
10/12/2023 15:00,0,426,,,,,,,,,,,,,,,,,,
10/12/2023 14:45,0,426,,,,,,,,,,,,,,,,,,
10/12/2023 14:30,0,426,,,,,,,,,,,,,,,,,,
10/12/2023 14:15,0.2,425,,,,,,,,,,,,,,,,,,
10/12/2023 14:00,0.8,425,,,,,,,,,,,,,,,,,,
10/12/2023 13:45,1.2,425,,,,,,,,,,,,,,,,,,
10/12/2023 13:30,3.4,424,,,,,,,,,,,,,,,,,,
10/12/2023 13:15,1,424,,,,,,,,,,,,,,,,,,
10/12/2023 13:00,7.2,424,,,,,,,,,,,,,,,,,,
10/12/2023 12:45,0.4,424,,,,,,,,,,,,,,,,,,
10/12/2023 12:30,0,424,,,,,,,,,,,,,,,,,,
10/12/2023 12:15,0,424,,,,,,,,,,,,,,,,,,
10/12/2023 12:00,0,424,,,,,,,,,,,,,,,,,,
10/12/2023 11:45,0,424,,,,,,,,,,,,,,,,,,
10/12/2023 11:30,0,424,,,,,,,,,,,,,,,,,,
10/12/2023 11:15,0,425,,,,,,,,,,,,,,,,,,
10/12/2023 11:00,0,425,,,,,,,,,,,,,,,,,,
10/12/2023 10:45,0,425,,,,,,,,,,,,,,,,,,
10/12/2023 10:30,0,425,,,,,,,,,,,,,,,,,,
10/12/2023 10:15,0,425,,,,,,,,,,,,,,,,,,
10/12/2023 10:00,0,425,,,,,,,,,,,,,,,,,,
10/12/2023 9:45,0,426,,,,,,,,,,,,,,,,,,
10/12/2023 9:30,0,426,,,,,,,,,,,,,,,,,,
10/12/2023 9:15,0,426,,,,,,,,,,,,,,,,,,
10/12/2023 9:00,0,426,,,,,,,,,,,,,,,,,,
10/12/2023 8:45,0,427,,,,,,,,,,,,,,,,,,
10/12/2023 8:30,0,426,,,,,,,,,,,,,,,,,,
10/12/2023 8:15,0,427,,,,,,,,,,,,,,,,,,
10/12/2023 8:00,0,427,,,,,,,,,,,,,,,,,,
10/12/2023 7:45,0,427,,,,,,,,,,,,,,,,,,
10/12/2023 7:30,0,427,,,,,,,,,,,,,,,,,,
10/12/2023 7:15,0,427,,,,,,,,,,,,,,,,,,
10/12/2023 7:00,0,427,,,,,,,,,,,,,,,,,,
10/12/2023 6:45,0,428,,,,,,,,,,,,,,,,,,
10/12/2023 6:30,0,428,,,,,,,,,,,,,,,,,,
10/12/2023 6:15,0,428,,,,,,,,,,,,,,,,,,
10/12/2023 6:00,0,428,,,,,,,,,,,,,,,,,,
10/12/2023 5:45,0,428,,,,,,,,,,,,,,,,,,
10/12/2023 5:30,0,429,,,,,,,,,,,,,,,,,,
10/12/2023 5:15,0,429,,,,,,,,,,,,,,,,,,
10/12/2023 5:00,0,428,,,,,,,,,,,,,,,,,,
10/12/2023 4:45,0,429,,,,,,,,,,,,,,,,,,
10/12/2023 4:30,0,429,,,,,,,,,,,,,,,,,,
10/12/2023 4:15,0,429,,,,,,,,,,,,,,,,,,
10/12/2023 4:00,0,429,,,,,,,,,,,,,,,,,,
10/12/2023 3:45,0,430,,,,,,,,,,,,,,,,,,
10/12/2023 3:30,0,430,,,,,,,,,,,,,,,,,,
10/12/2023 3:15,0,430,,,,,,,,,,,,,,,,,,
10/12/2023 3:00,0,431,,,,,,,,,,,,,,,,,,
10/12/2023 2:45,0,430,,,,,,,,,,,,,,,,,,
10/12/2023 2:30,0,431,,,,,,,,,,,,,,,,,,
10/12/2023 2:15,0,431,,,,,,,,,,,,,,,,,,
10/12/2023 2:00,0,431,,,,,,,,,,,,,,,,,,
10/12/2023 1:45,0,431,,,,,,,,,,,,,,,,,,
10/12/2023 1:30,0,431,,,,,,,,,,,,,,,,,,
10/12/2023 1:15,0,431,,,,,,,,,,,,,,,,,,
10/12/2023 1:00,0,432,,,,,,,,,,,,,,,,,,
10/12/2023 0:45,0,432,,,,,,,,,,,,,,,,,,
10/12/2023 0:30,0,432,,,,,,,,,,,,,,,,,,
10/12/2023 0:15,0,433,,,,,,,,,,,,,,,,,,
10/12/2023 0:00,0,433,,,,,,,,,,,,,,,,,,
9/12/2023 23:45,0,433,,,,,,,,,,,,,,,,,,
9/12/2023 23:30,0,433,,,,,,,,,,,,,,,,,,
9/12/2023 23:15,0,434,,,,,,,,,,,,,,,,,,
9/12/2023 23:00,0,434,,,,,,,,,,,,,,,,,,
9/12/2023 22:45,0,434,,,,,,,,,,,,,,,,,,
9/12/2023 22:30,0,434,,,,,,,,,,,,,,,,,,
9/12/2023 22:15,0,434,,,,,,,,,,,,,,,,,,
9/12/2023 22:00,0,434,,,,,,,,,,,,,,,,,,
9/12/2023 21:45,0,434,,,,,,,,,,,,,,,,,,
9/12/2023 21:30,0,435,,,,,,,,,,,,,,,,,,
9/12/2023 21:15,0,435,,,,,,,,,,,,,,,,,,
9/12/2023 21:00,0,435,,,,,,,,,,,,,,,,,,
9/12/2023 20:45,0,435,,,,,,,,,,,,,,,,,,
9/12/2023 20:30,0,436,,,,,,,,,,,,,,,,,,
9/12/2023 20:15,0,436,,,,,,,,,,,,,,,,,,
9/12/2023 20:00,0,436,,,,,,,,,,,,,,,,,,
9/12/2023 19:45,0,436,,,,,,,,,,,,,,,,,,
9/12/2023 19:30,0,436,,,,,,,,,,,,,,,,,,
9/12/2023 19:15,0,437,,,,,,,,,,,,,,,,,,
9/12/2023 19:00,0,437,,,,,,,,,,,,,,,,,,
9/12/2023 18:45,0,437,,,,,,,,,,,,,,,,,,
9/12/2023 18:30,0,437,,,,,,,,,,,,,,,,,,
9/12/2023 18:15,0,438,,,,,,,,,,,,,,,,,,
9/12/2023 18:00,0,438,,,,,,,,,,,,,,,,,,
9/12/2023 17:45,0,438,,,,,,,,,,,,,,,,,,
9/12/2023 17:30,0,438,,,,,,,,,,,,,,,,,,
9/12/2023 17:15,0,438,,,,,,,,,,,,,,,,,,
9/12/2023 17:00,0,438,,,,,,,,,,,,,,,,,,
9/12/2023 16:45,0,438,,,,,,,,,,,,,,,,,,
9/12/2023 16:30,0,439,,,,,,,,,,,,,,,,,,
9/12/2023 16:15,0,439,,,,,,,,,,,,,,,,,,
9/12/2023 16:00,0,440,,,,,,,,,,,,,,,,,,
9/12/2023 15:45,0,440,,,,,,,,,,,,,,,,,,
9/12/2023 15:30,0,440,,,,,,,,,,,,,,,,,,
9/12/2023 15:15,0,440,,,,,,,,,,,,,,,,,,
9/12/2023 15:00,0,441,,,,,,,,,,,,,,,,,,
9/12/2023 14:45,0,440,,,,,,,,,,,,,,,,,,
9/12/2023 14:30,0,441,,,,,,,,,,,,,,,,,,
9/12/2023 14:15,0,442,,,,,,,,,,,,,,,,,,
9/12/2023 14:00,0,441,,,,,,,,,,,,,,,,,,
9/12/2023 13:45,0,442,,,,,,,,,,,,,,,,,,
9/12/2023 13:30,0,442,,,,,,,,,,,,,,,,,,
9/12/2023 13:15,0,442,,,,,,,,,,,,,,,,,,
9/12/2023 13:00,0,442,,,,,,,,,,,,,,,,,,
9/12/2023 12:45,0,443,,,,,,,,,,,,,,,,,,
9/12/2023 12:30,0,443,,,,,,,,,,,,,,,,,,
9/12/2023 12:15,0,443,,,,,,,,,,,,,,,,,,
9/12/2023 12:00,0,443,,,,,,,,,,,,,,,,,,
9/12/2023 11:45,0,444,,,,,,,,,,,,,,,,,,
9/12/2023 11:30,0,444,,,,,,,,,,,,,,,,,,
9/12/2023 11:15,0,444,,,,,,,,,,,,,,,,,,
9/12/2023 11:00,0,444,,,,,,,,,,,,,,,,,,
9/12/2023 10:45,0,444,,,,,,,,,,,,,,,,,,
9/12/2023 10:30,0,444,,,,,,,,,,,,,,,,,,
9/12/2023 10:15,0,444,,,,,,,,,,,,,,,,,,
9/12/2023 10:00,0,444,,,,,,,,,,,,,,,,,,
9/12/2023 9:45,0,444,,,,,,,,,,,,,,,,,,
9/12/2023 9:30,0,445,,,,,,,,,,,,,,,,,,
9/12/2023 9:15,0,445,,,,,,,,,,,,,,,,,,
9/12/2023 9:00,0,445,,,,,,,,,,,,,,,,,,
9/12/2023 8:45,0,445,,,,,,,,,,,,,,,,,,
9/12/2023 8:30,0,445,,,,,,,,,,,,,,,,,,
9/12/2023 8:15,0,445,,,,,,,,,,,,,,,,,,
9/12/2023 8:00,0,445,,,,,,,,,,,,,,,,,,
9/12/2023 7:45,0,445,,,,,,,,,,,,,,,,,,
9/12/2023 7:30,0,445,,,,,,,,,,,,,,,,,,
9/12/2023 7:15,0,445,,,,,,,,,,,,,,,,,,
9/12/2023 7:00,0,446,,,,,,,,,,,,,,,,,,
9/12/2023 6:45,0,446,,,,,,,,,,,,,,,,,,
9/12/2023 6:30,0,445,,,,,,,,,,,,,,,,,,
9/12/2023 6:15,0,445,,,,,,,,,,,,,,,,,,
9/12/2023 6:00,0,446,,,,,,,,,,,,,,,,,,
9/12/2023 5:45,0,446,,,,,,,,,,,,,,,,,,
9/12/2023 5:30,0,446,,,,,,,,,,,,,,,,,,
9/12/2023 5:15,0,446,,,,,,,,,,,,,,,,,,
9/12/2023 5:00,0,447,,,,,,,,,,,,,,,,,,
9/12/2023 4:45,0,446,,,,,,,,,,,,,,,,,,
9/12/2023 4:30,0,446,,,,,,,,,,,,,,,,,,
9/12/2023 4:15,0,446,,,,,,,,,,,,,,,,,,
9/12/2023 4:00,0,446,,,,,,,,,,,,,,,,,,
9/12/2023 3:45,0,446,,,,,,,,,,,,,,,,,,
9/12/2023 3:30,0,446,,,,,,,,,,,,,,,,,,
9/12/2023 3:15,0,447,,,,,,,,,,,,,,,,,,
9/12/2023 3:00,0,447,,,,,,,,,,,,,,,,,,
9/12/2023 2:45,0,447,,,,,,,,,,,,,,,,,,
9/12/2023 2:30,0,447,,,,,,,,,,,,,,,,,,
9/12/2023 2:15,0,447,,,,,,,,,,,,,,,,,,
9/12/2023 2:00,0,447,,,,,,,,,,,,,,,,,,
9/12/2023 1:45,0,447,,,,,,,,,,,,,,,,,,
9/12/2023 1:30,0,447,,,,,,,,,,,,,,,,,,
9/12/2023 1:15,0,447,,,,,,,,,,,,,,,,,,
9/12/2023 1:00,0,448,,,,,,,,,,,,,,,,,,
9/12/2023 0:45,0,447,,,,,,,,,,,,,,,,,,
9/12/2023 0:30,0,447,,,,,,,,,,,,,,,,,,
9/12/2023 0:15,0,448,,,,,,,,,,,,,,,,,,
9/12/2023 0:00,0,448,,,,,,,,,,,,,,,,,,
8/12/2023 23:45,0,448,,,,,,,,,,,,,,,,,,
8/12/2023 23:30,0,448,,,,,,,,,,,,,,,,,,
8/12/2023 23:15,0,448,,,,,,,,,,,,,,,,,,
8/12/2023 23:00,0,448,,,,,,,,,,,,,,,,,,
8/12/2023 22:45,0,448,,,,,,,,,,,,,,,,,,
8/12/2023 22:30,0,448,,,,,,,,,,,,,,,,,,
8/12/2023 22:15,0,448,,,,,,,,,,,,,,,,,,
8/12/2023 22:00,0,448,,,,,,,,,,,,,,,,,,
8/12/2023 21:45,0,449,,,,,,,,,,,,,,,,,,
8/12/2023 21:30,0,449,,,,,,,,,,,,,,,,,,
8/12/2023 21:15,0,449,,,,,,,,,,,,,,,,,,
8/12/2023 21:00,0,449,,,,,,,,,,,,,,,,,,
8/12/2023 20:45,0,449,,,,,,,,,,,,,,,,,,
8/12/2023 20:30,0,449,,,,,,,,,,,,,,,,,,
8/12/2023 20:15,0,449,,,,,,,,,,,,,,,,,,
8/12/2023 20:00,0,449,,,,,,,,,,,,,,,,,,
8/12/2023 19:45,0,449,,,,,,,,,,,,,,,,,,
8/12/2023 19:30,0,449,,,,,,,,,,,,,,,,,,
8/12/2023 19:15,0,449,,,,,,,,,,,,,,,,,,
8/12/2023 19:00,0,450,,,,,,,,,,,,,,,,,,
8/12/2023 18:45,0,450,,,,,,,,,,,,,,,,,,
8/12/2023 18:30,0,450,,,,,,,,,,,,,,,,,,
8/12/2023 18:15,0,450,,,,,,,,,,,,,,,,,,
8/12/2023 18:00,0,450,,,,,,,,,,,,,,,,,,
8/12/2023 17:45,0,450,,,,,,,,,,,,,,,,,,
8/12/2023 17:30,0,450,,,,,,,,,,,,,,,,,,
8/12/2023 17:15,0,450,,,,,,,,,,,,,,,,,,
8/12/2023 17:00,0,450,,,,,,,,,,,,,,,,,,
8/12/2023 16:45,0,450,,,,,,,,,,,,,,,,,,
8/12/2023 16:30,0,451,,,,,,,,,,,,,,,,,,
8/12/2023 16:15,0,450,,,,,,,,,,,,,,,,,,
8/12/2023 16:00,0,450,,,,,,,,,,,,,,,,,,
8/12/2023 15:45,0,450,,,,,,,,,,,,,,,,,,
8/12/2023 15:30,0,451,,,,,,,,,,,,,,,,,,
8/12/2023 15:15,0,451,,,,,,,,,,,,,,,,,,
8/12/2023 15:00,0,451,,,,,,,,,,,,,,,,,,
8/12/2023 14:45,0,451,,,,,,,,,,,,,,,,,,
8/12/2023 14:30,0,452,,,,,,,,,,,,,,,,,,
8/12/2023 14:15,0,452,,,,,,,,,,,,,,,,,,
8/12/2023 14:00,0,452,,,,,,,,,,,,,,,,,,
8/12/2023 13:45,0,452,,,,,,,,,,,,,,,,,,
8/12/2023 13:30,0,452,,,,,,,,,,,,,,,,,,
8/12/2023 13:15,0,452,,,,,,,,,,,,,,,,,,
8/12/2023 13:00,0,453,,,,,,,,,,,,,,,,,,
8/12/2023 12:45,0,453,,,,,,,,,,,,,,,,,,
8/12/2023 12:30,0,453,,,,,,,,,,,,,,,,,,
8/12/2023 12:15,0,453,,,,,,,,,,,,,,,,,,
8/12/2023 12:00,0,453,,,,,,,,,,,,,,,,,,
8/12/2023 11:45,0,453,,,,,,,,,,,,,,,,,,
8/12/2023 11:30,0,453,,,,,,,,,,,,,,,,,,
8/12/2023 11:15,0,454,,,,,,,,,,,,,,,,,,
8/12/2023 11:00,0,454,,,,,,,,,,,,,,,,,,
8/12/2023 10:45,0,454,,,,,,,,,,,,,,,,,,
8/12/2023 10:30,0,454,,,,,,,,,,,,,,,,,,
8/12/2023 10:15,0,454,,,,,,,,,,,,,,,,,,
8/12/2023 10:00,0,454,,,,,,,,,,,,,,,,,,
8/12/2023 9:45,0,454,,,,,,,,,,,,,,,,,,
8/12/2023 9:30,0,454,,,,,,,,,,,,,,,,,,
8/12/2023 9:15,0,454,,,,,,,,,,,,,,,,,,
8/12/2023 9:00,0,454,,,,,,,,,,,,,,,,,,
8/12/2023 8:45,0,454,,,,,,,,,,,,,,,,,,
8/12/2023 8:30,0,454,,,,,,,,,,,,,,,,,,
8/12/2023 8:15,0,455,,,,,,,,,,,,,,,,,,
8/12/2023 8:00,0,455,,,,,,,,,,,,,,,,,,
8/12/2023 7:45,0,455,,,,,,,,,,,,,,,,,,
8/12/2023 7:30,0,455,,,,,,,,,,,,,,,,,,
8/12/2023 7:15,0,455,,,,,,,,,,,,,,,,,,
8/12/2023 7:00,0,455,,,,,,,,,,,,,,,,,,
8/12/2023 6:45,0,454,,,,,,,,,,,,,,,,,,
8/12/2023 6:30,0,455,,,,,,,,,,,,,,,,,,
8/12/2023 6:15,0,455,,,,,,,,,,,,,,,,,,
8/12/2023 6:00,0,455,,,,,,,,,,,,,,,,,,
8/12/2023 5:45,0,455,,,,,,,,,,,,,,,,,,
8/12/2023 5:30,0,455,,,,,,,,,,,,,,,,,,
8/12/2023 5:15,0,455,,,,,,,,,,,,,,,,,,
8/12/2023 5:00,0,455,,,,,,,,,,,,,,,,,,
8/12/2023 4:45,0,456,,,,,,,,,,,,,,,,,,
8/12/2023 4:30,0,456,,,,,,,,,,,,,,,,,,
8/12/2023 4:15,0,456,,,,,,,,,,,,,,,,,,
8/12/2023 4:00,0,456,,,,,,,,,,,,,,,,,,
8/12/2023 3:45,0,456,,,,,,,,,,,,,,,,,,
8/12/2023 3:30,0,456,,,,,,,,,,,,,,,,,,
8/12/2023 3:15,0,456,,,,,,,,,,,,,,,,,,
8/12/2023 3:00,0,456,,,,,,,,,,,,,,,,,,
8/12/2023 2:45,0,456,,,,,,,,,,,,,,,,,,
8/12/2023 2:30,0,456,,,,,,,,,,,,,,,,,,
8/12/2023 2:15,0,457,,,,,,,,,,,,,,,,,,
8/12/2023 2:00,0,457,,,,,,,,,,,,,,,,,,
8/12/2023 1:45,0.2,457,,,,,,,,,,,,,,,,,,
8/12/2023 1:30,0,457,,,,,,,,,,,,,,,,,,
8/12/2023 1:15,0,457,,,,,,,,,,,,,,,,,,
8/12/2023 1:00,0,458,,,,,,,,,,,,,,,,,,
8/12/2023 0:45,0,457,,,,,,,,,,,,,,,,,,
8/12/2023 0:30,0.2,458,,,,,,,,,,,,,,,,,,
8/12/2023 0:15,0,458,,,,,,,,,,,,,,,,,,
8/12/2023 0:00,0,458,,,,,,,,,,,,,,,,,,
7/12/2023 23:45,0,458,,,,,,,,,,,,,,,,,,
7/12/2023 23:30,0,458,,,,,,,,,,,,,,,,,,
7/12/2023 23:15,0,459,,,,,,,,,,,,,,,,,,
7/12/2023 23:00,0,459,,,,,,,,,,,,,,,,,,
7/12/2023 22:45,0,459,,,,,,,,,,,,,,,,,,
7/12/2023 22:30,0,459,,,,,,,,,,,,,,,,,,
7/12/2023 22:15,0,459,,,,,,,,,,,,,,,,,,
7/12/2023 22:00,0,459,,,,,,,,,,,,,,,,,,
7/12/2023 21:45,0,459,,,,,,,,,,,,,,,,,,
7/12/2023 21:30,0,460,,,,,,,,,,,,,,,,,,
7/12/2023 21:15,0,460,,,,,,,,,,,,,,,,,,
7/12/2023 21:00,0,460,,,,,,,,,,,,,,,,,,
7/12/2023 20:45,0,461,,,,,,,,,,,,,,,,,,
7/12/2023 20:30,0,461,,,,,,,,,,,,,,,,,,
7/12/2023 20:15,0,461,,,,,,,,,,,,,,,,,,
7/12/2023 20:00,0,461,,,,,,,,,,,,,,,,,,
7/12/2023 19:45,0,462,,,,,,,,,,,,,,,,,,
7/12/2023 19:30,0,461,,,,,,,,,,,,,,,,,,
7/12/2023 19:15,0,462,,,,,,,,,,,,,,,,,,
7/12/2023 19:00,0,462,,,,,,,,,,,,,,,,,,
7/12/2023 18:45,0,462,,,,,,,,,,,,,,,,,,
7/12/2023 18:30,0,463,,,,,,,,,,,,,,,,,,
7/12/2023 18:15,0,463,,,,,,,,,,,,,,,,,,
7/12/2023 18:00,0,463,,,,,,,,,,,,,,,,,,
7/12/2023 17:45,0,464,,,,,,,,,,,,,,,,,,
7/12/2023 17:30,0,463,,,,,,,,,,,,,,,,,,
7/12/2023 17:15,0,464,,,,,,,,,,,,,,,,,,
7/12/2023 17:00,0,464,,,,,,,,,,,,,,,,,,
7/12/2023 16:45,0,464,,,,,,,,,,,,,,,,,,
7/12/2023 16:30,0,464,,,,,,,,,,,,,,,,,,
7/12/2023 16:15,0,464,,,,,,,,,,,,,,,,,,
7/12/2023 16:00,0,464,,,,,,,,,,,,,,,,,,
7/12/2023 15:45,0,464,,,,,,,,,,,,,,,,,,
7/12/2023 15:30,0,465,,,,,,,,,,,,,,,,,,
7/12/2023 15:15,0,465,,,,,,,,,,,,,,,,,,
7/12/2023 15:00,0,466,,,,,,,,,,,,,,,,,,
7/12/2023 14:45,0,466,,,,,,,,,,,,,,,,,,
7/12/2023 14:30,0,466,,,,,,,,,,,,,,,,,,
7/12/2023 14:15,0,466,,,,,,,,,,,,,,,,,,
7/12/2023 14:00,0,467,,,,,,,,,,,,,,,,,,
7/12/2023 13:45,0,467,,,,,,,,,,,,,,,,,,
7/12/2023 13:30,0,467,,,,,,,,,,,,,,,,,,
7/12/2023 13:15,0,467,,,,,,,,,,,,,,,,,,
7/12/2023 13:00,0,468,,,,,,,,,,,,,,,,,,
7/12/2023 12:45,0,468,,,,,,,,,,,,,,,,,,
7/12/2023 12:30,0,468,,,,,,,,,,,,,,,,,,
7/12/2023 12:15,0,469,,,,,,,,,,,,,,,,,,
7/12/2023 12:00,0,469,,,,,,,,,,,,,,,,,,
7/12/2023 11:45,0,469,,,,,,,,,,,,,,,,,,
7/12/2023 11:30,0,469,,,,,,,,,,,,,,,,,,
7/12/2023 11:15,0,469,,,,,,,,,,,,,,,,,,
7/12/2023 11:00,0,470,,,,,,,,,,,,,,,,,,
7/12/2023 10:45,0,470,,,,,,,,,,,,,,,,,,
7/12/2023 10:30,0,470,,,,,,,,,,,,,,,,,,
7/12/2023 10:15,0,470,,,,,,,,,,,,,,,,,,
7/12/2023 10:00,0,470,,,,,,,,,,,,,,,,,,
7/12/2023 9:45,0,470,,,,,,,,,,,,,,,,,,
7/12/2023 9:30,0,471,,,,,,,,,,,,,,,,,,
7/12/2023 9:15,0,471,,,,,,,,,,,,,,,,,,
7/12/2023 9:00,0,471,,,,,,,,,,,,,,,,,,
7/12/2023 8:45,0,471,,,,,,,,,,,,,,,,,,
7/12/2023 8:30,0,471,,,,,,,,,,,,,,,,,,
7/12/2023 8:15,0,472,,,,,,,,,,,,,,,,,,
7/12/2023 8:00,0,472,,,,,,,,,,,,,,,,,,
7/12/2023 7:45,0,472,,,,,,,,,,,,,,,,,,
7/12/2023 7:30,0,472,,,,,,,,,,,,,,,,,,
7/12/2023 7:15,0,472,,,,,,,,,,,,,,,,,,
7/12/2023 7:00,0,472,,,,,,,,,,,,,,,,,,
7/12/2023 6:45,0,472,,,,,,,,,,,,,,,,,,
7/12/2023 6:30,0.2,473,,,,,,,,,,,,,,,,,,
7/12/2023 6:15,0,473,,,,,,,,,,,,,,,,,,
7/12/2023 6:00,0,473,,,,,,,,,,,,,,,,,,
7/12/2023 5:45,0,473,,,,,,,,,,,,,,,,,,
7/12/2023 5:30,0,473,,,,,,,,,,,,,,,,,,
7/12/2023 5:15,0,473,,,,,,,,,,,,,,,,,,
7/12/2023 5:00,0,474,,,,,,,,,,,,,,,,,,
7/12/2023 4:45,0,474,,,,,,,,,,,,,,,,,,
7/12/2023 4:30,0,474,,,,,,,,,,,,,,,,,,
7/12/2023 4:15,0,474,,,,,,,,,,,,,,,,,,
7/12/2023 4:00,0,474,,,,,,,,,,,,,,,,,,
7/12/2023 3:45,0,474,,,,,,,,,,,,,,,,,,
7/12/2023 3:30,0,474,,,,,,,,,,,,,,,,,,
7/12/2023 3:15,0,475,,,,,,,,,,,,,,,,,,
7/12/2023 3:00,0,475,,,,,,,,,,,,,,,,,,
7/12/2023 2:45,0,475,,,,,,,,,,,,,,,,,,
7/12/2023 2:30,0,475,,,,,,,,,,,,,,,,,,
7/12/2023 2:15,0,475,,,,,,,,,,,,,,,,,,
7/12/2023 2:00,0,475,,,,,,,,,,,,,,,,,,
7/12/2023 1:45,0,476,,,,,,,,,,,,,,,,,,
7/12/2023 1:30,0,476,,,,,,,,,,,,,,,,,,
7/12/2023 1:15,0,476,,,,,,,,,,,,,,,,,,
7/12/2023 1:00,0,476,,,,,,,,,,,,,,,,,,
7/12/2023 0:45,0,476,,,,,,,,,,,,,,,,,,
7/12/2023 0:30,0,477,,,,,,,,,,,,,,,,,,
7/12/2023 0:15,0,477,,,,,,,,,,,,,,,,,,
7/12/2023 0:00,0,477,,,,,,,,,,,,,,,,,,
6/12/2023 23:45,0,477,,,,,,,,,,,,,,,,,,
6/12/2023 23:30,0,477,,,,,,,,,,,,,,,,,,
6/12/2023 23:15,0,478,,,,,,,,,,,,,,,,,,
6/12/2023 23:00,0,478,,,,,,,,,,,,,,,,,,
6/12/2023 22:45,0,478,,,,,,,,,,,,,,,,,,
6/12/2023 22:30,0,478,,,,,,,,,,,,,,,,,,
6/12/2023 22:15,0,479,,,,,,,,,,,,,,,,,,
6/12/2023 22:00,0,479,,,,,,,,,,,,,,,,,,
6/12/2023 21:45,0,479,,,,,,,,,,,,,,,,,,
6/12/2023 21:30,0.2,479,,,,,,,,,,,,,,,,,,
6/12/2023 21:15,0,479,,,,,,,,,,,,,,,,,,
6/12/2023 21:00,0,480,,,,,,,,,,,,,,,,,,
6/12/2023 20:45,0.2,479,,,,,,,,,,,,,,,,,,
6/12/2023 20:30,0,480,,,,,,,,,,,,,,,,,,
6/12/2023 20:15,0,480,,,,,,,,,,,,,,,,,,
6/12/2023 20:00,0.2,480,,,,,,,,,,,,,,,,,,
6/12/2023 19:45,0,480,,,,,,,,,,,,,,,,,,
6/12/2023 19:30,0,480,,,,,,,,,,,,,,,,,,
6/12/2023 19:15,0,480,,,,,,,,,,,,,,,,,,
6/12/2023 19:00,0.4,480,,,,,,,,,,,,,,,,,,
6/12/2023 18:45,0.2,481,,,,,,,,,,,,,,,,,,
6/12/2023 18:30,0.2,480,,,,,,,,,,,,,,,,,,
6/12/2023 18:15,0.4,481,,,,,,,,,,,,,,,,,,
6/12/2023 18:00,0,481,,,,,,,,,,,,,,,,,,
6/12/2023 17:45,0,481,,,,,,,,,,,,,,,,,,
6/12/2023 17:30,0,482,,,,,,,,,,,,,,,,,,
6/12/2023 17:15,0,482,,,,,,,,,,,,,,,,,,
6/12/2023 17:00,0,482,,,,,,,,,,,,,,,,,,
6/12/2023 16:45,0,483,,,,,,,,,,,,,,,,,,
6/12/2023 16:30,0,482,,,,,,,,,,,,,,,,,,
6/12/2023 16:15,0,483,,,,,,,,,,,,,,,,,,
6/12/2023 16:00,0,483,,,,,,,,,,,,,,,,,,
6/12/2023 15:45,0,483,,,,,,,,,,,,,,,,,,
6/12/2023 15:30,0,483,,,,,,,,,,,,,,,,,,
6/12/2023 15:15,0,483,,,,,,,,,,,,,,,,,,
6/12/2023 15:00,0,483,,,,,,,,,,,,,,,,,,
6/12/2023 14:45,0,484,,,,,,,,,,,,,,,,,,
6/12/2023 14:30,0,484,,,,,,,,,,,,,,,,,,
6/12/2023 14:15,0,484,,,,,,,,,,,,,,,,,,
6/12/2023 14:00,0,484,,,,,,,,,,,,,,,,,,
6/12/2023 13:45,0,485,,,,,,,,,,,,,,,,,,
6/12/2023 13:30,0,485,,,,,,,,,,,,,,,,,,
6/12/2023 13:15,0,485,,,,,,,,,,,,,,,,,,
6/12/2023 13:00,0,485,,,,,,,,,,,,,,,,,,
6/12/2023 12:45,0,485,,,,,,,,,,,,,,,,,,
6/12/2023 12:30,0,485,,,,,,,,,,,,,,,,,,
6/12/2023 12:15,0,486,,,,,,,,,,,,,,,,,,
6/12/2023 12:00,0,486,,,,,,,,,,,,,,,,,,
6/12/2023 11:45,0,486,,,,,,,,,,,,,,,,,,
6/12/2023 11:30,0,486,,,,,,,,,,,,,,,,,,
6/12/2023 11:15,0,486,,,,,,,,,,,,,,,,,,
6/12/2023 11:00,0,487,,,,,,,,,,,,,,,,,,
6/12/2023 10:45,0,487,,,,,,,,,,,,,,,,,,
6/12/2023 10:30,0,487,,,,,,,,,,,,,,,,,,
6/12/2023 10:15,0,487,,,,,,,,,,,,,,,,,,
6/12/2023 10:00,0,487,,,,,,,,,,,,,,,,,,
6/12/2023 9:45,0,487,,,,,,,,,,,,,,,,,,
6/12/2023 9:30,0,487,,,,,,,,,,,,,,,,,,
6/12/2023 9:15,0,488,,,,,,,,,,,,,,,,,,
6/12/2023 9:00,0,487,,,,,,,,,,,,,,,,,,
6/12/2023 8:45,0,488,,,,,,,,,,,,,,,,,,
6/12/2023 8:30,0,488,,,,,,,,,,,,,,,,,,
6/12/2023 8:15,0,488,,,,,,,,,,,,,,,,,,
6/12/2023 8:00,0,488,,,,,,,,,,,,,,,,,,
6/12/2023 7:45,0,488,,,,,,,,,,,,,,,,,,
6/12/2023 7:30,0,488,,,,,,,,,,,,,,,,,,
6/12/2023 7:15,0,488,,,,,,,,,,,,,,,,,,
6/12/2023 7:00,0,488,,,,,,,,,,,,,,,,,,
6/12/2023 6:45,0,489,,,,,,,,,,,,,,,,,,
6/12/2023 6:30,0,488,,,,,,,,,,,,,,,,,,
6/12/2023 6:15,0,489,,,,,,,,,,,,,,,,,,
6/12/2023 6:00,0,489,,,,,,,,,,,,,,,,,,
6/12/2023 5:45,0,489,,,,,,,,,,,,,,,,,,
6/12/2023 5:30,0,489,,,,,,,,,,,,,,,,,,
6/12/2023 5:15,0,488,,,,,,,,,,,,,,,,,,
6/12/2023 5:00,0,489,,,,,,,,,,,,,,,,,,
6/12/2023 4:45,0,489,,,,,,,,,,,,,,,,,,
6/12/2023 4:30,0,489,,,,,,,,,,,,,,,,,,
6/12/2023 4:15,0,489,,,,,,,,,,,,,,,,,,
6/12/2023 4:00,0,489,,,,,,,,,,,,,,,,,,
6/12/2023 3:45,0,489,,,,,,,,,,,,,,,,,,
6/12/2023 3:30,0,490,,,,,,,,,,,,,,,,,,
6/12/2023 3:15,0,490,,,,,,,,,,,,,,,,,,
6/12/2023 3:00,0,489,,,,,,,,,,,,,,,,,,
6/12/2023 2:45,0,490,,,,,,,,,,,,,,,,,,
6/12/2023 2:30,0,490,,,,,,,,,,,,,,,,,,
6/12/2023 2:15,0,490,,,,,,,,,,,,,,,,,,
6/12/2023 2:00,0,490,,,,,,,,,,,,,,,,,,
6/12/2023 1:45,0,490,,,,,,,,,,,,,,,,,,
6/12/2023 1:30,0,491,,,,,,,,,,,,,,,,,,
6/12/2023 1:15,0,490,,,,,,,,,,,,,,,,,,
6/12/2023 1:00,0,491,,,,,,,,,,,,,,,,,,
6/12/2023 0:45,0,490,,,,,,,,,,,,,,,,,,
6/12/2023 0:30,0,491,,,,,,,,,,,,,,,,,,
6/12/2023 0:15,0,491,,,,,,,,,,,,,,,,,,
6/12/2023 0:00,0,491,,,,,,,,,,,,,,,,,,
5/12/2023 23:45,0,491,,,,,,,,,,,,,,,,,,
5/12/2023 23:30,0,491,,,,,,,,,,,,,,,,,,
5/12/2023 23:15,0,491,,,,,,,,,,,,,,,,,,
5/12/2023 23:00,0,491,,,,,,,,,,,,,,,,,,
5/12/2023 22:45,0,491,,,,,,,,,,,,,,,,,,
5/12/2023 22:30,0,491,,,,,,,,,,,,,,,,,,
5/12/2023 22:15,0,492,,,,,,,,,,,,,,,,,,
5/12/2023 22:00,0,492,,,,,,,,,,,,,,,,,,
5/12/2023 21:45,0,492,,,,,,,,,,,,,,,,,,
5/12/2023 21:30,0,492,,,,,,,,,,,,,,,,,,
5/12/2023 21:15,0,492,,,,,,,,,,,,,,,,,,
5/12/2023 21:00,0,492,,,,,,,,,,,,,,,,,,
5/12/2023 20:45,0,491,,,,,,,,,,,,,,,,,,
5/12/2023 20:30,0,492,,,,,,,,,,,,,,,,,,
5/12/2023 20:15,0,492,,,,,,,,,,,,,,,,,,
5/12/2023 20:00,0,492,,,,,,,,,,,,,,,,,,
5/12/2023 19:45,0,493,,,,,,,,,,,,,,,,,,
5/12/2023 19:30,0,492,,,,,,,,,,,,,,,,,,
5/12/2023 19:15,0,493,,,,,,,,,,,,,,,,,,
5/12/2023 19:00,0,492,,,,,,,,,,,,,,,,,,
5/12/2023 18:45,0,492,,,,,,,,,,,,,,,,,,
5/12/2023 18:30,0,492,,,,,,,,,,,,,,,,,,
5/12/2023 18:15,0,492,,,,,,,,,,,,,,,,,,
5/12/2023 18:00,0,492,,,,,,,,,,,,,,,,,,
5/12/2023 17:45,0,493,,,,,,,,,,,,,,,,,,
5/12/2023 17:30,0,492,,,,,,,,,,,,,,,,,,
5/12/2023 17:15,0,493,,,,,,,,,,,,,,,,,,
5/12/2023 17:00,0,493,,,,,,,,,,,,,,,,,,
5/12/2023 16:45,0,493,,,,,,,,,,,,,,,,,,
5/12/2023 16:30,0,493,,,,,,,,,,,,,,,,,,
5/12/2023 16:15,0,493,,,,,,,,,,,,,,,,,,
5/12/2023 16:00,0,493,,,,,,,,,,,,,,,,,,
5/12/2023 15:45,0,493,,,,,,,,,,,,,,,,,,
5/12/2023 15:30,0,493,,,,,,,,,,,,,,,,,,
5/12/2023 15:15,0,493,,,,,,,,,,,,,,,,,,
5/12/2023 15:00,0,493,,,,,,,,,,,,,,,,,,
5/12/2023 14:45,0,493,,,,,,,,,,,,,,,,,,
5/12/2023 14:30,0,493,,,,,,,,,,,,,,,,,,
5/12/2023 14:15,0,493,,,,,,,,,,,,,,,,,,
5/12/2023 14:00,0,493,,,,,,,,,,,,,,,,,,
5/12/2023 13:45,0,493,,,,,,,,,,,,,,,,,,
5/12/2023 13:30,0,494,,,,,,,,,,,,,,,,,,
5/12/2023 13:15,0,493,,,,,,,,,,,,,,,,,,
5/12/2023 13:00,0,493,,,,,,,,,,,,,,,,,,
5/12/2023 12:45,0,494,,,,,,,,,,,,,,,,,,
5/12/2023 12:30,0,493,,,,,,,,,,,,,,,,,,
5/12/2023 12:15,0,494,,,,,,,,,,,,,,,,,,
5/12/2023 12:00,0,494,,,,,,,,,,,,,,,,,,
5/12/2023 11:45,0,494,,,,,,,,,,,,,,,,,,
5/12/2023 11:30,0,494,,,,,,,,,,,,,,,,,,
5/12/2023 11:15,0,493,,,,,,,,,,,,,,,,,,
5/12/2023 11:00,0,494,,,,,,,,,,,,,,,,,,
5/12/2023 10:45,0,494,,,,,,,,,,,,,,,,,,
5/12/2023 10:30,0,494,,,,,,,,,,,,,,,,,,
5/12/2023 10:15,0,494,,,,,,,,,,,,,,,,,,
5/12/2023 10:00,0,494,,,,,,,,,,,,,,,,,,
5/12/2023 9:45,0,494,,,,,,,,,,,,,,,,,,
5/12/2023 9:30,0,494,,,,,,,,,,,,,,,,,,
5/12/2023 9:15,0,493,,,,,,,,,,,,,,,,,,
5/12/2023 9:00,0,493,,,,,,,,,,,,,,,,,,
5/12/2023 8:45,0,494,,,,,,,,,,,,,,,,,,
5/12/2023 8:30,0,493,,,,,,,,,,,,,,,,,,
5/12/2023 8:15,0,493,,,,,,,,,,,,,,,,,,
5/12/2023 8:00,0,493,,,,,,,,,,,,,,,,,,
5/12/2023 7:45,0,493,,,,,,,,,,,,,,,,,,
5/12/2023 7:30,0,493,,,,,,,,,,,,,,,,,,
5/12/2023 7:15,0,493,,,,,,,,,,,,,,,,,,
5/12/2023 7:00,0,493,,,,,,,,,,,,,,,,,,
5/12/2023 6:45,0,493,,,,,,,,,,,,,,,,,,
5/12/2023 6:30,0,493,,,,,,,,,,,,,,,,,,
5/12/2023 6:15,0,493,,,,,,,,,,,,,,,,,,
5/12/2023 6:00,0,493,,,,,,,,,,,,,,,,,,
5/12/2023 5:45,0,492,,,,,,,,,,,,,,,,,,
5/12/2023 5:30,0,492,,,,,,,,,,,,,,,,,,
5/12/2023 5:15,0,492,,,,,,,,,,,,,,,,,,
5/12/2023 5:00,0,492,,,,,,,,,,,,,,,,,,
5/12/2023 4:45,0,492,,,,,,,,,,,,,,,,,,
5/12/2023 4:30,0,492,,,,,,,,,,,,,,,,,,
5/12/2023 4:15,0,492,,,,,,,,,,,,,,,,,,
5/12/2023 4:00,0,491,,,,,,,,,,,,,,,,,,
5/12/2023 3:45,0,492,,,,,,,,,,,,,,,,,,
5/12/2023 3:30,0,491,,,,,,,,,,,,,,,,,,
5/12/2023 3:15,0,491,,,,,,,,,,,,,,,,,,
5/12/2023 3:00,0,491,,,,,,,,,,,,,,,,,,
5/12/2023 2:45,0,491,,,,,,,,,,,,,,,,,,
5/12/2023 2:30,0,491,,,,,,,,,,,,,,,,,,
5/12/2023 2:15,0,491,,,,,,,,,,,,,,,,,,
5/12/2023 2:00,0,491,,,,,,,,,,,,,,,,,,
5/12/2023 1:45,0,491,,,,,,,,,,,,,,,,,,
5/12/2023 1:30,0,491,,,,,,,,,,,,,,,,,,
5/12/2023 1:15,0,490,,,,,,,,,,,,,,,,,,
5/12/2023 1:00,0,490,,,,,,,,,,,,,,,,,,
5/12/2023 0:45,0,490,,,,,,,,,,,,,,,,,,
5/12/2023 0:30,0,490,,,,,,,,,,,,,,,,,,
5/12/2023 0:15,0,490,,,,,,,,,,,,,,,,,,
5/12/2023 0:00,0,490,,,,,,,,,,,,,,,,,,
4/12/2023 23:45,0,490,,,,,,,,,,,,,,,,,,
4/12/2023 23:30,0,490,,,,,,,,,,,,,,,,,,
4/12/2023 23:15,0,490,,,,,,,,,,,,,,,,,,
4/12/2023 23:00,0,489,,,,,,,,,,,,,,,,,,
4/12/2023 22:45,0,489,,,,,,,,,,,,,,,,,,
4/12/2023 22:30,0,489,,,,,,,,,,,,,,,,,,
4/12/2023 22:15,0,489,,,,,,,,,,,,,,,,,,
4/12/2023 22:00,0,488,,,,,,,,,,,,,,,,,,
4/12/2023 21:45,0,489,,,,,,,,,,,,,,,,,,
4/12/2023 21:30,0,488,,,,,,,,,,,,,,,,,,
4/12/2023 21:15,0.2,488,,,,,,,,,,,,,,,,,,
4/12/2023 21:00,0,488,,,,,,,,,,,,,,,,,,
4/12/2023 20:45,0,487,,,,,,,,,,,,,,,,,,
4/12/2023 20:30,0,488,,,,,,,,,,,,,,,,,,
4/12/2023 20:15,0,488,,,,,,,,,,,,,,,,,,
4/12/2023 20:00,0,487,,,,,,,,,,,,,,,,,,
4/12/2023 19:45,0,487,,,,,,,,,,,,,,,,,,
4/12/2023 19:30,0,487,,,,,,,,,,,,,,,,,,
4/12/2023 19:15,0,487,,,,,,,,,,,,,,,,,,
4/12/2023 19:00,0,486,,,,,,,,,,,,,,,,,,
4/12/2023 18:45,0,486,,,,,,,,,,,,,,,,,,
4/12/2023 18:30,0,486,,,,,,,,,,,,,,,,,,
4/12/2023 18:15,0,486,,,,,,,,,,,,,,,,,,
